codigo_sisvan_altura_original,municipio_sisvan_altura,uf_sisvan_altura,ano_sisvan_altura,altura_muito_baixa_n,altura_muito_baixa_n_valor_fonte,altura_baixa_n,altura_baixa_n_valor_fonte,altura_adequada_n,altura_adequada_n_valor_fonte,avaliados_altura,avaliados_altura_valor_fonte,altura_muito_baixa_n_percentual_fonte,altura_baixa_n_percentual_fonte,altura_adequada_n_percentual_fonte,sisvan_altura_escala_alterada,sisvan_altura_escalas_compativeis,dai_n,dai_pct,codigo_ibge_6,tem_sisvan_altura,codigo_sisvan_peso_original,municipio_sisvan_peso,uf_sisvan_peso,ano_sisvan_peso,peso_muito_baixo_n,peso_muito_baixo_n_valor_fonte,peso_baixo_n,peso_baixo_n_valor_fonte,peso_adequado_n,peso_adequado_n_valor_fonte,peso_elevado_n,peso_elevado_n_valor_fonte,avaliados_peso,avaliados_peso_valor_fonte,peso_muito_baixo_n_percentual_fonte,peso_baixo_n_percentual_fonte,peso_adequado_n_percentual_fonte,peso_elevado_n_percentual_fonte,sisvan_peso_escala_alterada,sisvan_peso_escalas_compativeis,dpi_n,dpi_pct,tem_sisvan_peso,codigo_ivs_original,municipio_ivs,ivs,ivs_infraestrutura_urbana,ivs_capital_humano,ivs_renda_e_trabalho,idhm,idhm_long,idhm_educ,idhm_renda,idhm_educ_sub_esc,idhm_educ_sub_freq,tem_ivs_idhm,codigo_cadinsan_original,municipio_cadinsan,familias_cadinsan,cadinsan_n_com_PBF,cadinsan_pct_com_PBF_arquivo,cadinsan_n_sem_PBF,cadinsan_pct_sem_PBF_arquivo,tem_cadinsan,codigo_ibge_7,codigo_ibge,municipio,uf,regiao,cadinsan_pct_com_PBF,cadinsan_diferenca_pp_com_PBF,cadinsan_pct_sem_PBF,cadinsan_diferenca_pp_sem_PBF,cadinsan_referencia,cadinsan_pct,cadinsan_pct_arquivo,cadinsan_n,criterio_ivs,criterio_idhm,criterio_cadinsan,criterio_dai,criterio_dpi,dim_social,dim_alimentar,dim_nutricional,social_alta,cadinsan_alto,nutricional_alta,social_status,elegivel_principal,n_dimensoes_desfavoraveis,convergencia_total,classe_convergencia,dai_categoria_oms,dpi_status,motivo_nao_classificacao,cenario_cadinsan,quantil_cadinsan,minimo_avaliados,cenarios_elegiveis,cenarios_selecionado,cenarios_testados,fracao_cenarios_selecionado
120005,ASSIS BRASIL,AC,2025,111,111,200,200,847,847,1158,1.158,9.59%,17.27%,73.14%,True,1,311,26.856649395509496,120005,True,120005,ASSIS BRASIL,AC,2025,13,13,18,18,1076,1076,51,51,1158,1158,1.12%,1.55%,92.92%,4.4%,False,1,31,2.6770293609671847,True,1200054,Assis Brasil (AC),0.5,0.317,0.7,0.484,0.5879999999999999,0.77,0.456,0.578,0.419,0.475,True,1200054,Assis Brasil,1499.0,223.0,14.9,631.0,42.1,True,1200054,1200054,ASSIS BRASIL,AC,Norte,14.876584389593061,-0.02341561040693918,42.09472981987992,-0.005270180120078294,2025-01,14.876584389593061,14.9,223.0,True,True,True,True,True,True,True,True,True,True,True,ambos desfavoráveis,True,3,True,Convergência nas três dimensões,alta,DPI ≥ referência,,com_PBF,0.75,20,72,63,72,0.875
120034,MANOEL URBANO,AC,2025,134,134,118,118,987,987,1239,1.239,10.82%,9.52%,79.66%,True,1,252,20.33898305084746,120034,True,120034,MANOEL URBANO,AC,2025,30,30,74,74,1094,1094,41,41,1239,1239,2.42%,5.97%,88.3%,3.31%,False,1,104,8.393866020984666,True,1200344,Manoel Urbano (AC),0.5889999999999999,0.531,0.775,0.461,0.551,0.767,0.373,0.586,0.313,0.407,True,1200344,Manoel Urbano,3006.0,447.0,14.9,1650.0,54.9,True,1200344,1200344,MANOEL URBANO,AC,Norte,14.870259481037923,-0.02974051896207719,54.890219560878236,-0.009780439121762186,2025-01,14.870259481037923,14.9,447.0,True,True,True,True,True,True,True,True,True,True,True,ambos desfavoráveis,True,3,True,Convergência nas três dimensões,alta,DPI ≥ referência,,com_PBF,0.75,20,72,63,72,0.875
120035,MARECHAL THAUMATURGO,AC,2025,136,136,221,221,1447,1.447,1804,1.804,7.54%,12.25%,80.21%,True,1,357,19.789356984478935,120035,True,120035,MARECHAL THAUMATURGO,AC,2025,7,7,54,54,1667,1667,76,76,1804,1804,0.39%,2.99%,92.41%,4.21%,False,1,61,3.3813747228381374,True,1200351,Marechal Thaumaturgo (AC),0.61,0.465,0.747,0.617,0.501,0.726,0.361,0.479,0.246,0.438,True,1200351,Marechal Thau- maturgo,2410.0,265.0,11.0,1504.0,62.4,True,1200351,1200351,MARECHAL THAUMATURGO,AC,Norte,10.995850622406639,-0.004149377593360981,62.406639004149376,0.00663900414937757,2025-01,10.995850622406639,11.0,265.0,True,True,True,True,True,True,True,True,True,True,True,ambos desfavoráveis,True,3,True,Convergência nas três dimensões,média,DPI ≥ referência,,com_PBF,0.75,20,72,54,72,0.75
120042,RODRIGUES ALVES,AC,2025,68,68,89,89,802,802,959,959,7.09%,9.28%,83.63%,False,1,157,16.371220020855056,120042,True,120042,RODRIGUES ALVES,AC,2025,15,15,39,39,847,847,58,58,959,959,1.56%,4.07%,88.32%,6.05%,False,1,54,5.630865484880084,True,1200427,Rodrigues Alves (AC),0.553,0.468,0.614,0.576,0.567,0.736,0.477,0.518,0.339,0.565,True,1200427,Rodrigues Alves,3013.0,410.0,13.6,2044.0,67.8,True,1200427,1200427,RODRIGUES ALVES,AC,Norte,13.607699966810488,0.007699966810488235,67.83936276136741,0.03936276136741412,2025-01,13.607699966810488,13.6,410.0,True,True,True,True,True,True,True,True,True,True,True,ambos desfavoráveis,True,3,True,Convergência nas três dimensões,média,DPI ≥ referência,,com_PBF,0.75,20,72,63,72,0.875
120043,SANTA ROSA DO PURUS,AC,2025,183,183,160,160,347,347,690,690,26.52%,23.19%,50.29%,False,1,343,49.710144927536234,120043,True,120043,SANTA ROSA DO PURUS,AC,2025,22,22,66,66,588,588,14,14,690,690,3.19%,9.57%,85.22%,2.03%,False,1,88,12.753623188405797,True,1200435,Santa Rosa do Purus (AC),0.564,0.437,0.732,0.524,0.517,0.781,0.34,0.519,0.299,0.363,True,1200435,Santa Rosa do Purus,1012.0,116.0,11.5,217.0,21.4,True,1200435,1200435,SANTA ROSA DO PURUS,AC,Norte,11.462450592885375,-0.037549407114624955,21.442687747035574,0.04268774703557554,2025-01,11.462450592885375,11.5,116.0,True,True,True,True,True,True,True,True,True,True,True,ambos desfavoráveis,True,3,True,Convergência nas três dimensões,muito alta,DPI ≥ referência,,com_PBF,0.75,20,72,27,72,0.375
270050,BARRA DE SANTO ANTONIO,AL,2025,70,70,68,68,898,898,1036,1.036,6.76%,6.56%,86.68%,True,1,138,13.320463320463322,270050,True,270050,BARRA DE SANTO ANTONIO,AL,2025,10,10,44,44,864,864,118,118,1036,1036,0.97%,4.25%,83.4%,11.39%,False,1,54,5.212355212355212,True,2700508,Barra de Santo Antônio (AL),0.551,0.364,0.738,0.55,0.557,0.732,0.428,0.552,0.293,0.518,True,2700508,Barra de Santo Antônio,2891.0,339.0,11.7,496.0,17.2,True,2700508,2700508,BARRA DE SANTO ANTONIO,AL,Nordeste,11.726046350743689,0.026046350743689217,17.156693185748875,-0.04330681425112459,2025-01,11.726046350743689,11.7,339.0,True,True,True,True,True,True,True,True,True,True,True,ambos desfavoráveis,True,3,True,Convergência nas três dimensões,média,DPI ≥ referência,,com_PBF,0.75,20,72,18,72,0.25
270180,CARNEIROS,AL,2025,58,58,83,83,617,617,758,758,7.65%,10.95%,81.4%,False,1,141,18.601583113456467,270180,True,270180,CARNEIROS,AL,2025,8,8,18,18,689,689,43,43,758,758,1.06%,2.37%,90.9%,5.67%,False,1,26,3.430079155672823,True,2701803,Carneiros (AL),0.6039999999999999,0.526,0.601,0.684,0.526,0.709,0.398,0.517,0.247,0.506,True,2701803,Carneiros,2210.0,275.0,12.4,512.0,23.2,True,2701803,2701803,CARNEIROS,AL,Nordeste,12.44343891402715,0.04343891402714917,23.167420814479637,-0.032579185520361875,2025-01,12.44343891402715,12.4,275.0,True,True,True,True,True,True,True,True,True,True,True,ambos desfavoráveis,True,3,True,Convergência nas três dimensões,média,DPI ≥ referência,,com_PBF,0.75,20,72,45,72,0.625
270190,CHA PRETA,AL,2025,18,18,33,33,437,437,488,488,3.69%,6.76%,89.55%,False,1,51,10.450819672131148,270190,True,270190,CHA PRETA,AL,2025,2,2,8,8,428,428,50,50,488,488,0.41%,1.64%,87.7%,10.25%,False,1,10,2.0491803278688523,True,2701902,Chã Preta (AL),0.465,0.373,0.579,0.444,0.5749999999999998,0.737,0.481,0.537,0.294,0.615,True,2701902,Chã Preta,1771.0,238.0,13.4,514.0,29.0,True,2701902,2701902,CHA PRETA,AL,Nordeste,13.438735177865613,0.03873517786561287,29.023150762281198,0.0231507622811975,2025-01,13.438735177865613,13.4,238.0,True,True,True,True,True,True,True,True,True,True,True,ambos desfavoráveis,True,3,True,Convergência nas três dimensões,média,DPI ≥ referência,,com_PBF,0.75,20,72,36,72,0.5
270210,COLONIA LEOPOLDINA,AL,2025,80,80,83,83,858,858,1021,1.021,7.84%,8.13%,84.04%,True,1,163,15.964740450538686,270210,True,270210,COLONIA LEOPOLDINA,AL,2025,15,15,28,28,868,868,110,110,1021,1021,1.47%,2.74%,85.01%,10.77%,False,1,43,4.211557296767874,True,2702108,Colônia Leopoldina (AL),0.548,0.229,0.819,0.597,0.517,0.693,0.363,0.548,0.227,0.459,True,2702108,Colônia Leopol- dina,4133.0,507.0,12.3,675.0,16.3,True,2702108,2702108,COLONIA LEOPOLDINA,AL,Nordeste,12.267118315993224,-0.03288168400677627,16.331962255020567,0.03196225502056649,2025-01,12.267118315993224,12.3,507.0,True,True,True,True,True,True,True,True,True,True,True,ambos desfavoráveis,True,3,True,Convergência nas três dimensões,média,DPI ≥ referência,,com_PBF,0.75,20,72,27,72,0.375
270220,COQUEIRO SECO,AL,2025,29,29,33,33,340,340,402,402,7.21%,8.21%,84.58%,False,1,62,15.422885572139302,270220,True,270220,COQUEIRO SECO,AL,2025,7,7,7,7,355,355,33,33,402,402,1.74%,1.74%,88.31%,8.21%,False,1,14,3.482587064676617,True,2702207,Coqueiro Seco (AL),0.53,0.5,0.579,0.512,0.5859999999999999,0.757,0.457,0.582,0.328,0.54,True,2702207,Coqueiro Seco,857.0,126.0,14.7,205.0,23.9,True,2702207,2702207,COQUEIRO SECO,AL,Nordeste,14.702450408401399,0.0024504084013994287,23.920653442240372,0.020653442240373465,2025-01,14.702450408401399,14.7,126.0,True,True,True,True,True,True,True,True,True,True,True,ambos desfavoráveis,True,3,True,Convergência nas três dimensões,média,DPI ≥ referência,,com_PBF,0.75,20,72,45,72,0.625
270235,CRAIBAS,AL,2025,88,88,148,148,1835,1.835,2071,2.071,4.25%,7.15%,88.6%,True,1,236,11.395461129888943,270235,True,270235,CRAIBAS,AL,2025,7,7,51,51,1839,1839,174,174,2071,2071,0.34%,2.46%,88.8%,8.4%,False,1,58,2.8005794302269438,True,2702355,Craíbas (AL),0.525,0.342,0.643,0.59,0.525,0.687,0.408,0.517,0.221,0.554,True,2702355,Craíbas,4756.0,620.0,13.0,756.0,15.9,True,2702355,2702355,CRAIBAS,AL,Nordeste,13.036164844407065,0.03616484440706458,15.895710681244744,-0.0042893187552568435,2025-01,13.036164844407065,13.0,620.0,True,True,True,True,True,True,True,True,True,True,True,ambos desfavoráveis,True,3,True,Convergência nas três dimensões,média,DPI ≥ referência,,com_PBF,0.75,20,72,18,72,0.25
270250,DOIS RIACHOS,AL,2025,28,28,33,33,721,721,782,782,3.58%,4.22%,92.2%,False,1,61,7.8005115089514065,270250,True,270250,DOIS RIACHOS,AL,2025,2,2,16,16,679,679,85,85,782,782,0.26%,2.05%,86.83%,10.87%,False,1,18,2.3017902813299234,True,2702504,Dois Riachos (AL),0.511,0.35,0.62,0.562,0.532,0.762,0.385,0.513,0.231,0.497,True,2702504,Dois Riachos,2472.0,603.0,24.4,889.0,36.0,True,2702504,2702504,DOIS RIACHOS,AL,Nordeste,24.393203883495147,-0.006796116504851568,35.96278317152103,-0.03721682847896801,2025-01,24.393203883495147,24.4,603.0,True,True,True,True,True,True,True,True,True,True,True,ambos desfavoráveis,True,3,True,Convergência nas três dimensões,baixa,DPI ≥ referência,,com_PBF,0.75,20,72,24,72,0.3333333333333333
270410,LAGOA DA CANOA,AL,2025,87,87,89,89,1242,1.242,1418,1.418,6.14%,6.28%,87.59%,True,1,176,12.411847672778562,270410,True,270410,LAGOA DA CANOA,AL,2025,9,9,32,32,1216,1216,161,161,1418,1418,0.63%,2.26%,85.75%,11.35%,False,1,41,2.8913963328631875,True,2704104,Lagoa da Canoa (AL),0.49,0.318,0.643,0.51,0.552,0.703,0.443,0.541,0.271,0.566,True,2704104,Lagoa da Canoa,3581.0,496.0,13.9,362.0,10.1,True,2704104,2704104,LAGOA DA CANOA,AL,Nordeste,13.850879642557945,-0.049120357442054896,10.108908126221726,0.00890812622172632,2025-01,13.850879642557945,13.9,496.0,True,True,True,True,True,True,True,True,True,True,True,ambos desfavoráveis,True,3,True,Convergência nas três dimensões,média,DPI ≥ referência,,com_PBF,0.75,20,72,27,72,0.375
270420,LIMOEIRO DE ANADIA,AL,2025,67,67,133,133,1753,1.753,1953,1.953,3.43%,6.81%,89.76%,True,1,200,10.240655401945725,270420,True,270420,LIMOEIRO DE ANADIA,AL,2025,10,10,41,41,1717,1717,185,185,1953,1953,0.51%,2.1%,87.92%,9.47%,False,1,51,2.61136712749616,True,2704203,Limoeiro de Anadia (AL),0.524,0.427,0.574,0.572,0.5799999999999998,0.742,0.457,0.575,0.275,0.59,True,2704203,Limoeiro de Anadia,5591.0,1003.0,17.9,1375.0,24.6,True,2704203,2704203,LIMOEIRO DE ANADIA,AL,Nordeste,17.93954569844393,0.03954569844393063,24.593096047218744,-0.006903952781257772,2025-01,17.93954569844393,17.9,1003.0,True,True,True,True,True,True,True,True,True,True,True,ambos desfavoráveis,True,3,True,Convergência nas três dimensões,média,DPI ≥ referência,,com_PBF,0.75,20,72,36,72,0.5
270460,MARAVILHA,AL,2025,34,34,66,66,675,675,775,775,4.39%,8.52%,87.1%,False,1,100,12.903225806451612,270460,True,270460,MARAVILHA,AL,2025,5,5,13,13,698,698,59,59,775,775,0.65%,1.68%,90.06%,7.61%,False,1,18,2.3225806451612905,True,2704609,Maravilha (AL),0.53,0.394,0.591,0.606,0.569,0.742,0.46,0.539,0.292,0.578,True,2704609,Maravilha,2364.0,341.0,14.4,695.0,29.4,True,2704609,2704609,MARAVILHA,AL,Nordeste,14.424703891708967,0.024703891708966808,29.39932318104907,-0.0006768189509287481,2025-01,14.424703891708967,14.4,341.0,True,True,True,True,True,True,True,True,True,True,True,ambos desfavoráveis,True,3,True,Convergência nas três dimensões,média,DPI ≥ referência,,com_PBF,0.75,20,72,54,72,0.75
270530,MINADOR DO NEGRAO,AL,2025,20,20,20,20,313,313,353,353,5.67%,5.67%,88.67%,False,1,40,11.3314447592068,270530,True,270530,MINADOR DO NEGRAO,AL,2025,4,4,9,9,302,302,38,38,353,353,1.13%,2.55%,85.55%,10.76%,False,1,13,3.6827195467422094,True,2705309,Minador do Negrão (AL),0.533,0.443,0.561,0.595,0.563,0.767,0.43,0.541,0.224,0.596,True,2705309,Minador do Negrão,943.0,108.0,11.5,216.0,22.9,True,2705309,2705309,MINADOR DO NEGRAO,AL,Nordeste,11.452810180275716,-0.047189819724284376,22.90562036055143,0.005620360551432668,2025-01,11.452810180275716,11.5,108.0,True,True,True,True,True,True,True,True,True,True,True,ambos desfavoráveis,True,3,True,Convergência nas três dimensões,média,DPI ≥ referência,,com_PBF,0.75,20,72,24,72,0.3333333333333333
270600,OLIVENCA,AL,2025,32,32,75,75,779,779,886,886,3.61%,8.47%,87.92%,False,1,107,12.076749435665914,270600,True,270600,OLIVENCA,AL,2025,6,6,19,19,779,779,82,82,886,886,0.68%,2.14%,87.92%,9.26%,False,1,25,2.8216704288939054,True,2706000,Olivença (AL),0.57,0.355,0.7,0.655,0.4929999999999999,0.677,0.345,0.513,0.175,0.484,True,2706000,Olivença,1712.0,233.0,13.6,178.0,10.4,True,2706000,2706000,OLIVENCA,AL,Nordeste,13.60981308411215,0.00981308411214954,10.397196261682243,-0.002803738317757265,2025-01,13.60981308411215,13.6,233.0,True,True,True,True,True,True,True,True,True,True,True,ambos desfavoráveis,True,3,True,Convergência nas três dimensões,média,DPI ≥ referência,,com_PBF,0.75,20,72,18,72,0.25
270720,POCO DAS TRINCHEIRAS,AL,2025,46,46,66,66,824,824,936,936,4.91%,7.05%,88.03%,False,1,112,11.965811965811966,270720,True,270720,POCO DAS TRINCHEIRAS,AL,2025,9,9,15,15,829,829,83,83,936,936,0.96%,1.6%,88.57%,8.87%,False,1,24,2.564102564102564,True,2707206,Poço das Trincheiras (AL),0.59,0.55,0.549,0.67,0.526,0.719,0.419,0.484,0.235,0.56,True,2707206,Poço das Trin- cheiras,2592.0,299.0,11.5,316.0,12.2,True,2707206,2707206,POCO DAS TRINCHEIRAS,AL,Nordeste,11.535493827160494,0.03549382716049365,12.191358024691358,-0.008641975308641747,2025-01,11.535493827160494,11.5,299.0,True,True,True,True,True,True,True,True,True,True,True,ambos desfavoráveis,True,3,True,Convergência nas três dimensões,média,DPI ≥ referência,,com_PBF,0.75,20,72,12,72,0.16666666666666666
270750,PORTO REAL DO COLEGIO,AL,2025,73,73,100,100,1067,1.067,1240,1.24,5.89%,8.06%,86.05%,True,1,173,13.951612903225808,270750,True,270750,PORTO REAL DO COLEGIO,AL,2025,5,5,42,42,1057,1057,136,136,1240,1240,0.4%,3.39%,85.24%,10.97%,False,1,47,3.790322580645161,True,2707503,Porto Real do Colégio (AL),0.524,0.186,0.701,0.685,0.551,0.758,0.431,0.513,0.289,0.527,True,2707503,Porto Real do Colégio,4598.0,778.0,16.9,1681.0,36.6,True,2707503,2707503,PORTO REAL DO COLEGIO,AL,Nordeste,16.92040017398869,0.02040017398869054,36.55937364071335,-0.04062635928664804,2025-01,16.92040017398869,16.9,778.0,True,True,True,True,True,True,True,True,True,True,True,ambos desfavoráveis,True,3,True,Convergência nas três dimensões,média,DPI ≥ referência,,com_PBF,0.75,20,72,72,72,1.0
270760,QUEBRANGULO,AL,2025,54,54,87,87,663,663,804,804,6.72%,10.82%,82.46%,False,1,141,17.537313432835823,270760,True,270760,QUEBRANGULO,AL,2025,5,5,16,16,725,725,58,58,804,804,0.62%,1.99%,90.17%,7.21%,False,1,21,2.6119402985074625,True,2707602,Quebrangulo (AL),0.455,0.293,0.567,0.504,0.559,0.775,0.421,0.536,0.267,0.529,True,2707602,Quebrangulo,1875.0,213.0,11.4,90.0,4.8,True,2707602,2707602,QUEBRANGULO,AL,Nordeste,11.360000000000001,-0.03999999999999915,4.8,0.0,2025-01,11.360000000000001,11.4,213.0,True,True,True,True,True,True,True,True,True,True,True,ambos desfavoráveis,True,3,True,Convergência nas três dimensões,média,DPI ≥ referência,,com_PBF,0.75,20,72,18,72,0.25
270780,ROTEIRO,AL,2025,25,25,45,45,506,506,576,576,4.34%,7.81%,87.85%,False,1,70,12.152777777777777,270780,True,270780,ROTEIRO,AL,2025,3,3,9,9,491,491,73,73,576,576,0.52%,1.56%,85.24%,12.67%,False,1,12,2.083333333333333,True,2707800,Roteiro (AL),0.633,0.589,0.74,0.57,0.505,0.672,0.365,0.524,0.212,0.478,True,2707800,Roteiro,1703.0,273.0,16.0,351.0,20.6,True,2707800,2707800,ROTEIRO,AL,Nordeste,16.030534351145036,0.030534351145036,20.610687022900763,0.010687022900761178,2025-01,16.030534351145036,16.0,273.0,True,True,True,True,True,True,True,True,True,True,True,ambos desfavoráveis,True,3,True,Convergência nas três dimensões,média,DPI ≥ referência,,com_PBF,0.75,20,72,24,72,0.3333333333333333
270880,SAO SEBASTIAO,AL,2025,70,70,119,119,2169,2.169,2358,2.358,2.97%,5.05%,91.98%,True,1,189,8.015267175572518,270880,True,270880,SAO SEBASTIAO,AL,2025,11,11,34,34,2108,2108,205,205,2358,2358,0.47%,1.44%,89.4%,8.69%,False,1,45,1.9083969465648856,True,2708808,São Sebastião (AL),0.552,0.459,0.645,0.551,0.549,0.714,0.432,0.537,0.252,0.565,True,2708808,São Sebastião,3783.0,688.0,18.2,1244.0,32.9,True,2708808,2708808,SAO SEBASTIAO,AL,Nordeste,18.186624372191382,-0.013375627808617452,32.883954533439066,-0.016045466560932198,2025-01,18.186624372191382,18.2,688.0,True,True,True,True,True,True,True,True,True,True,True,ambos desfavoráveis,True,3,True,Convergência nas três dimensões,baixa,DPI ≥ referência,,com_PBF,0.75,20,72,24,72,0.3333333333333333
270920,TRAIPU,AL,2025,104,104,93,93,1511,1.511,1708,1.708,6.09%,5.44%,88.47%,True,1,197,11.533957845433255,270920,True,270920,TRAIPU,AL,2025,11,11,55,55,1513,1513,129,129,1708,1708,0.64%,3.22%,88.58%,7.55%,False,1,66,3.864168618266979,True,2709202,Traipu (AL),0.6119999999999999,0.587,0.661,0.589,0.532,0.765,0.395,0.499,0.222,0.527,True,2709202,Traipu,5137.0,677.0,13.2,1126.0,21.9,True,2709202,2709202,TRAIPU,AL,Nordeste,13.17889818960483,-0.02110181039516945,21.919408214911424,0.01940821491142586,2025-01,13.17889818960483,13.2,677.0,True,True,True,True,True,True,True,True,True,True,True,ambos desfavoráveis,True,3,True,Convergência nas três dimensões,média,DPI ≥ referência,,com_PBF,0.75,20,72,24,72,0.3333333333333333
130002,ALVARAES,AM,2025,161,161,229,229,1364,1.364,1754,1.754,9.18%,13.06%,77.77%,True,1,390,22.234891676168758,130002,True,130002,ALVARAES,AM,2025,26,26,53,53,1612,1612,63,63,1754,1754,1.48%,3.02%,91.9%,3.59%,False,1,79,4.503990877993159,True,1300029,Alvarães (AM),0.6079999999999999,0.614,0.733,0.476,0.527,0.778,0.377,0.499,0.305,0.419,True,1300029,Alvarães,3476.0,542.0,15.6,2650.0,76.2,True,1300029,1300029,ALVARAES,AM,Norte,15.592635212888379,-0.0073647871116211405,76.23705408515535,0.03705408515534714,2025-01,15.592635212888379,15.6,542.0,True,True,True,True,True,True,True,True,True,True,True,ambos desfavoráveis,True,3,True,Convergência nas três dimensões,alta,DPI ≥ referência,,com_PBF,0.75,20,72,72,72,1.0
130006,AMATURA,AM,2025,141,141,237,237,937,937,1315,1.315,10.72%,18.02%,71.25%,True,1,378,28.74524714828897,130006,True,130006,AMATURA,AM,2025,13,13,47,47,1219,1219,37,37,1316,1316,0.99%,3.57%,92.63%,2.81%,False,1,60,4.5592705167173255,True,1300060,Amaturá (AM),0.662,0.761,0.591,0.633,0.56,0.773,0.455,0.499,0.357,0.514,True,1300060,Amaturá,2836.0,579.0,20.4,2213.0,78.0,True,1300060,1300060,AMATURA,AM,Norte,20.41607898448519,0.016078984485190517,78.03244005641749,0.03244005641748515,2025-01,20.41607898448519,20.4,579.0,True,True,True,True,True,True,True,True,True,True,True,ambos desfavoráveis,True,3,True,Convergência nas três dimensões,alta,DPI ≥ referência,,com_PBF,0.75,20,72,72,72,1.0
130008,ANAMA,AM,2025,45,45,97,97,928,928,1070,1.07,4.21%,9.07%,86.73%,True,1,142,13.271028037383179,130008,True,130008,ANAMA,AM,2025,10,10,38,38,939,939,83,83,1070,1070,0.93%,3.55%,87.76%,7.76%,False,1,48,4.485981308411215,True,1300086,Anamã (AM),0.544,0.481,0.56,0.591,0.5939999999999999,0.741,0.526,0.537,0.465,0.559,True,1300086,Anamã,1978.0,299.0,15.1,1337.0,67.6,True,1300086,1300086,ANAMA,AM,Norte,15.11627906976744,0.016279069767440646,67.59352881698686,-0.006471183013132986,2025-01,15.11627906976744,15.1,299.0,True,True,True,True,True,True,True,True,True,True,True,ambos desfavoráveis,True,3,True,Convergência nas três dimensões,média,DPI ≥ referência,,com_PBF,0.75,20,72,72,72,1.0
130010,ANORI,AM,2025,75,75,107,107,1089,1.089,1271,1.271,5.9%,8.42%,85.68%,True,1,182,14.319433516915813,130010,True,130010,ANORI,AM,2025,5,5,29,29,1138,1138,99,99,1271,1271,0.39%,2.28%,89.54%,7.79%,False,1,34,2.675059008654603,True,1300102,Anori (AM),0.569,0.532,0.628,0.547,0.561,0.757,0.433,0.54,0.365,0.472,True,1300102,Anori,3374.0,699.0,20.7,2426.0,71.9,True,1300102,1300102,ANORI,AM,Norte,20.71724955542383,0.017249555423830998,71.90278601066983,0.0027860106698227582,2025-01,20.71724955542383,20.7,699.0,True,True,True,True,True,True,True,True,True,True,True,ambos desfavoráveis,True,3,True,Convergência nas três dimensões,média,DPI ≥ referência,,com_PBF,0.75,20,72,72,72,1.0
130030,AUTAZES,AM,2025,279,279,427,427,3295,3.295,4001,4.001,6.97%,10.67%,82.35%,True,1,706,17.645588602849287,130030,True,130030,AUTAZES,AM,2025,51,51,177,177,3548,3548,225,225,4001,4001,1.27%,4.42%,88.68%,5.62%,False,1,228,5.69857535616096,True,1300300,Autazes (AM),0.549,0.48,0.6,0.568,0.5769999999999998,0.799,0.446,0.539,0.355,0.5,True,1300300,Autazes,11286.0,3429.0,30.4,7945.0,70.4,True,1300300,1300300,AUTAZES,AM,Norte,30.38277511961722,-0.01722488038277703,70.39695197589934,-0.0030480241006642927,2025-01,30.38277511961722,30.4,3429.0,True,True,True,True,True,True,True,True,True,True,True,ambos desfavoráveis,True,3,True,Convergência nas três dimensões,média,DPI ≥ referência,,com_PBF,0.75,20,72,72,72,1.0
130040,BARCELOS,AM,2025,390,390,177,177,1275,1.275,1842,1.842,21.17%,9.61%,69.22%,True,1,567,30.781758957654727,130040,True,130040,BARCELOS,AM,2025,223,223,120,120,1405,1405,94,94,1842,1842,12.11%,6.51%,76.28%,5.1%,False,1,343,18.621064060803473,True,1300409,Barcelos (AM),0.631,0.446,0.812,0.635,0.5,0.728,0.315,0.545,0.277,0.336,True,1300409,Barcelos,3053.0,541.0,17.7,2230.0,73.0,True,1300409,1300409,BARCELOS,AM,Norte,17.720275139207338,0.02027513920733881,73.04290861447757,0.04290861447756811,2025-01,17.720275139207338,17.7,541.0,True,True,True,True,True,True,True,True,True,True,True,ambos desfavoráveis,True,3,True,Convergência nas três dimensões,muito alta,DPI ≥ referência,,com_PBF,0.75,20,72,72,72,1.0
130060,BENJAMIN CONSTANT,AM,2025,272,272,687,687,3002,3.002,3961,3.961,6.87%,17.34%,75.79%,True,1,959,24.21105781368341,130060,True,130060,BENJAMIN CONSTANT,AM,2025,69,69,179,179,3563,3563,150,150,3961,3961,1.74%,4.52%,89.95%,3.79%,False,1,248,6.2610451906084315,True,1300607,Benjamin Constant (AM),0.682,0.796,0.649,0.6,0.574,0.763,0.471,0.526,0.378,0.526,True,1300607,Benjamin Constant,6411.0,996.0,15.5,4839.0,75.5,True,1300607,1300607,BENJAMIN CONSTANT,AM,Norte,15.535797847449695,0.03579784744969494,75.47964436125409,-0.02035563874591162,2025-01,15.535797847449695,15.5,996.0,True,True,True,True,True,True,True,True,True,True,True,ambos desfavoráveis,True,3,True,Convergência nas três dimensões,alta,DPI ≥ referência,,com_PBF,0.75,20,72,72,72,1.0
130063,BERURI,AM,2025,176,176,303,303,2276,2.276,2755,2.755,6.39%,11%,82.61%,True,1,479,17.38656987295826,130063,True,130063,BERURI,AM,2025,29,29,133,133,2485,2485,108,108,2755,2755,1.05%,4.83%,90.2%,3.92%,False,1,162,5.88021778584392,True,1300631,Beruri (AM),0.696,0.735,0.744,0.61,0.506,0.731,0.346,0.512,0.237,0.418,True,1300631,Beruri,5028.0,1020.0,20.3,3776.0,75.1,True,1300631,1300631,BERURI,AM,Norte,20.286396181384248,-0.013603818615752772,75.0994431185362,-0.0005568814637939568,2025-01,20.286396181384248,20.3,1020.0,True,True,True,True,True,True,True,True,True,True,True,ambos desfavoráveis,True,3,True,Convergência nas três dimensões,média,DPI ≥ referência,,com_PBF,0.75,20,72,72,72,1.0
130080,BORBA,AM,2025,195,195,302,302,2615,2.615,3112,3.112,6.27%,9.7%,84.03%,True,1,497,15.97043701799486,130080,True,130080,BORBA,AM,2025,53,53,140,140,2736,2736,183,183,3112,3112,1.7%,4.5%,87.92%,5.88%,False,1,193,6.201799485861183,True,1300805,Borba (AM),0.626,0.555,0.635,0.688,0.56,0.776,0.425,0.532,0.33,0.483,True,1300805,Borba,4649.0,620.0,13.3,3075.0,66.1,True,1300805,1300805,BORBA,AM,Norte,13.336201333620135,0.036201333620134335,66.14325661432567,0.04325661432567074,2025-01,13.336201333620135,13.3,620.0,True,True,True,True,True,True,True,True,True,True,True,ambos desfavoráveis,True,3,True,Convergência nas três dimensões,média,DPI ≥ referência,,com_PBF,0.75,20,72,63,72,0.875
130090,CANUTAMA,AM,2025,48,48,60,60,727,727,835,835,5.75%,7.19%,87.07%,False,1,108,12.934131736526947,130090,True,130090,CANUTAMA,AM,2025,10,10,28,28,734,734,63,63,835,835,1.2%,3.35%,87.9%,7.54%,False,1,38,4.550898203592815,True,1300904,Canutama (AM),0.62,0.603,0.687,0.569,0.53,0.752,0.379,0.522,0.3,0.426,True,1300904,Canutama,3984.0,857.0,21.5,1301.0,32.7,True,1300904,1300904,CANUTAMA,AM,Norte,21.51104417670683,0.011044176706828779,32.65562248995984,-0.04437751004016377,2025-01,21.51104417670683,21.5,857.0,True,True,True,True,True,True,True,True,True,True,True,ambos desfavoráveis,True,3,True,Convergência nas três dimensões,média,DPI ≥ referência,,com_PBF,0.75,20,72,72,72,1.0
130100,CARAUARI,AM,2025,232,232,315,315,1833,1.833,2380,2.38,9.75%,13.24%,77.02%,True,1,547,22.983193277310924,130100,True,130100,CARAUARI,AM,2025,21,21,121,121,2121,2121,117,117,2380,2380,0.88%,5.08%,89.12%,4.92%,False,1,142,5.966386554621849,True,1301001,Carauari (AM),0.659,0.736,0.715,0.525,0.549,0.745,0.416,0.534,0.339,0.46,True,1301001,Carauari,5128.0,734.0,14.3,2224.0,43.4,True,1301001,1301001,CARAUARI,AM,Norte,14.313572542901717,0.013572542901716389,43.36973478939157,-0.030265210608426685,2025-01,14.313572542901717,14.3,734.0,True,True,True,True,True,True,True,True,True,True,True,ambos desfavoráveis,True,3,True,Convergência nas três dimensões,alta,DPI ≥ referência,,com_PBF,0.75,20,72,63,72,0.875
130115,CAREIRO DA VARZEA,AM,2025,83,83,142,142,1274,1.274,1499,1.499,5.54%,9.47%,84.99%,True,1,225,15.010006671114077,130115,True,130115,CAREIRO DA VARZEA,AM,2025,22,22,57,57,1316,1316,104,104,1499,1499,1.47%,3.8%,87.79%,6.94%,False,1,79,5.270180120080053,True,1301159,Careiro da Várzea (AM),0.6029999999999999,0.71,0.595,0.505,0.568,0.779,0.45,0.523,0.341,0.517,True,1301159,Careiro da Várzea,3490.0,537.0,15.4,2439.0,69.9,True,1301159,1301159,CAREIRO DA VARZEA,AM,Norte,15.386819484240688,-0.013180515759312783,69.88538681948424,-0.014613180515766544,2025-01,15.386819484240688,15.4,537.0,True,True,True,True,True,True,True,True,True,True,True,ambos desfavoráveis,True,3,True,Convergência nas três dimensões,média,DPI ≥ referência,,com_PBF,0.75,20,72,72,72,1.0
130120,COARI,AM,2025,488,488,766,766,5448,5.448,6702,6.702,7.28%,11.43%,81.29%,True,1,1254,18.710832587287378,130120,True,130120,COARI,AM,2025,74,74,200,200,6087,6087,341,341,6702,6702,1.1%,2.98%,90.82%,5.09%,False,1,274,4.08833184124142,True,1301209,Coari (AM),0.564,0.434,0.697,0.562,0.5859999999999999,0.78,0.425,0.606,0.372,0.454,True,1301209,Coari,9817.0,1172.0,11.9,7279.0,74.1,True,1301209,1301209,COARI,AM,Norte,11.938474075583173,0.03847407558317251,74.14688805133952,0.04688805133952201,2025-01,11.938474075583173,11.9,1172.0,True,True,True,True,True,True,True,True,True,True,True,ambos desfavoráveis,True,3,True,Convergência nas três dimensões,média,DPI ≥ referência,,com_PBF,0.75,20,72,63,72,0.875
130150,ENVIRA,AM,2025,121,121,162,162,1122,1.122,1405,1.405,8.61%,11.53%,79.86%,True,1,283,20.1423487544484,130150,True,130150,ENVIRA,AM,2025,13,13,51,51,1261,1261,80,80,1405,1405,0.93%,3.63%,89.75%,5.69%,False,1,64,4.555160142348755,True,1301506,Envira (AM),0.667,0.57,0.801,0.629,0.509,0.727,0.349,0.521,0.267,0.399,True,1301506,Envira,4261.0,738.0,17.3,1135.0,26.6,True,1301506,1301506,ENVIRA,AM,Norte,17.319877962919502,0.019877962919501613,26.636939685519835,0.036939685519833176,2025-01,17.319877962919502,17.3,738.0,True,True,True,True,True,True,True,True,True,True,True,ambos desfavoráveis,True,3,True,Convergência nas três dimensões,alta,DPI ≥ referência,,com_PBF,0.75,20,72,63,72,0.875
130160,FONTE BOA,AM,2025,173,173,304,304,2133,2.133,2610,2.61,6.63%,11.65%,81.72%,True,1,477,18.275862068965516,130160,True,130160,FONTE BOA,AM,2025,16,16,87,87,2424,2424,83,83,2610,2610,0.61%,3.33%,92.87%,3.18%,False,1,103,3.9463601532567045,True,1301605,Fonte Boa (AM),0.7259999999999999,0.767,0.763,0.648,0.53,0.719,0.4,0.518,0.294,0.466,True,1301605,Fonte Boa,5522.0,972.0,17.6,4530.0,82.0,True,1301605,1301605,FONTE BOA,AM,Norte,17.602318000724377,0.002318000724375935,82.035494386092,0.0354943860919974,2025-01,17.602318000724377,17.6,972.0,True,True,True,True,True,True,True,True,True,True,True,ambos desfavoráveis,True,3,True,Convergência nas três dimensões,média,DPI ≥ referência,,com_PBF,0.75,20,72,72,72,1.0
130165,GUAJARA,AM,2025,120,120,119,119,1146,1.146,1385,1.385,8.66%,8.59%,82.74%,True,1,239,17.256317689530686,130165,True,130165,GUAJARA,AM,2025,29,29,64,64,1199,1199,93,93,1385,1385,2.09%,4.62%,86.57%,6.71%,False,1,93,6.714801444043321,True,1301654,Guajará (AM),0.555,0.484,0.679,0.503,0.532,0.762,0.387,0.51,0.281,0.454,True,1301654,Guajará,2947.0,486.0,16.5,689.0,23.4,True,1301654,1301654,GUAJARA,AM,Norte,16.491347132677298,-0.008652867322702207,23.379708177807938,-0.020291822192060494,2025-01,16.491347132677298,16.5,486.0,True,True,True,True,True,True,True,True,True,True,True,ambos desfavoráveis,True,3,True,Convergência nas três dimensões,média,DPI ≥ referência,,com_PBF,0.75,20,72,54,72,0.75
130180,IPIXUNA,AM,2025,109,109,159,159,1639,1.639,1907,1.907,5.72%,8.34%,85.95%,True,1,268,14.0534871525957,130180,True,130180,IPIXUNA,AM,2025,57,57,115,115,1642,1642,93,93,1907,1907,2.99%,6.03%,86.1%,4.88%,False,1,172,9.019402202412167,True,1301803,Ipixuna (AM),0.7059999999999998,0.708,0.768,0.643,0.4809999999999999,0.772,0.302,0.476,0.262,0.324,True,1301803,Ipixuna,4072.0,561.0,13.8,1479.0,36.3,True,1301803,1301803,IPIXUNA,AM,Norte,13.777013752455797,-0.02298624754420331,36.32121807465619,0.021218074656189856,2025-01,13.777013752455797,13.8,561.0,True,True,True,True,True,True,True,True,True,True,True,ambos desfavoráveis,True,3,True,Convergência nas três dimensões,média,DPI ≥ referência,,com_PBF,0.75,20,72,63,72,0.875
130220,JURUA,AM,2025,58,58,105,105,831,831,994,994,5.84%,10.56%,83.6%,False,1,163,16.398390342052313,130220,True,130220,JURUA,AM,2025,12,12,65,65,878,878,39,39,994,994,1.21%,6.54%,88.33%,3.92%,False,1,77,7.746478873239436,True,1302207,Juruá (AM),0.673,0.649,0.741,0.628,0.522,0.704,0.376,0.538,0.261,0.452,True,1302207,Juruá,2791.0,327.0,11.7,1721.0,61.7,True,1302207,1302207,JURUA,AM,Norte,11.716230741669651,0.016230741669652105,61.662486563955575,-0.037513436044427806,2025-01,11.716230741669651,11.7,327.0,True,True,True,True,True,True,True,True,True,True,True,ambos desfavoráveis,True,3,True,Convergência nas três dimensões,média,DPI ≥ referência,,com_PBF,0.75,20,72,54,72,0.75
130230,JUTAI,AM,2025,269,269,307,307,1974,1.974,2550,2.55,10.55%,12.04%,77.41%,True,1,576,22.58823529411765,130230,True,130230,JUTAI,AM,2025,27,27,93,93,2272,2272,159,159,2551,2551,1.06%,3.65%,89.06%,6.23%,False,1,120,4.704037632301058,True,1302306,Jutaí (AM),0.7429999999999999,0.808,0.724,0.696,0.516,0.766,0.34,0.528,0.279,0.375,True,1302306,Jutaí,5309.0,734.0,13.8,4018.0,75.7,True,1302306,1302306,JUTAI,AM,Norte,13.825579205123375,0.02557920512337475,75.68280278771897,-0.017197212281033103,2025-01,13.825579205123375,13.8,734.0,True,True,True,True,True,True,True,True,True,True,True,ambos desfavoráveis,True,3,True,Convergência nas três dimensões,alta,DPI ≥ referência,,com_PBF,0.75,20,72,63,72,0.875
130240,LABREA,AM,2025,212,212,342,342,3075,3.075,3629,3.629,5.84%,9.42%,84.73%,True,1,554,15.265913474786444,130240,True,130240,LABREA,AM,2025,38,38,126,126,3194,3194,271,271,3629,3629,1.05%,3.47%,88.01%,7.47%,False,1,164,4.5191512813447225,True,1302405,Lábrea (AM),0.654,0.552,0.788,0.623,0.531,0.744,0.374,0.538,0.275,0.436,True,1302405,Lábrea,10415.0,2380.0,22.9,4268.0,41.0,True,1302405,1302405,LABREA,AM,Norte,22.8516562650024,-0.04834373499759792,40.97935669707154,-0.020643302928462504,2025-01,22.8516562650024,22.9,2380.0,True,True,True,True,True,True,True,True,True,True,True,ambos desfavoráveis,True,3,True,Convergência nas três dimensões,média,DPI ≥ referência,,com_PBF,0.75,20,72,72,72,1.0
130255,MANAQUIRI,AM,2025,125,125,177,177,1364,1.364,1666,1.666,7.5%,10.62%,81.87%,True,1,302,18.127250900360146,130255,True,130255,MANAQUIRI,AM,2025,11,11,55,55,1483,1483,117,117,1666,1666,0.66%,3.3%,89.02%,7.02%,False,1,66,3.961584633853541,True,1302553,Manaquiri (AM),0.535,0.552,0.504,0.549,0.5959999999999999,0.748,0.51,0.556,0.383,0.588,True,1302553,Manaquiri,3670.0,584.0,15.9,2290.0,62.4,True,1302553,1302553,MANAQUIRI,AM,Norte,15.912806539509535,0.012806539509535142,62.39782016348774,-0.0021798365122620567,2025-01,15.912806539509535,15.9,584.0,True,True,True,True,True,True,True,True,True,True,True,ambos desfavoráveis,True,3,True,Convergência nas três dimensões,média,DPI ≥ referência,,com_PBF,0.75,20,72,72,72,1.0
130280,MARAA,AM,2025,145,145,245,245,1601,1.601,1991,1.991,7.28%,12.31%,80.41%,True,1,390,19.588146659969865,130280,True,130280,MARAA,AM,2025,22,22,69,69,1828,1828,72,72,1991,1991,1.1%,3.47%,91.81%,3.62%,False,1,91,4.570567553992968,True,1302801,Maraã (AM),0.682,0.601,0.722,0.724,0.498,0.763,0.348,0.466,0.299,0.375,True,1302801,Maraã,2878.0,351.0,12.2,1735.0,60.3,True,1302801,1302801,MARAA,AM,Norte,12.195969423210563,-0.004030576789435969,60.28492008339125,-0.015079916608748078,2025-01,12.195969423210563,12.2,351.0,True,True,True,True,True,True,True,True,True,True,True,ambos desfavoráveis,True,3,True,Convergência nas três dimensões,média,DPI ≥ referência,,com_PBF,0.75,20,72,63,72,0.875
130290,MAUES,AM,2025,513,513,788,788,4466,4.466,5767,5.767,8.9%,13.66%,77.44%,True,1,1301,22.559389630657186,130290,True,130290,MAUES,AM,2025,69,69,272,272,5228,5228,198,198,5767,5767,1.2%,4.72%,90.65%,3.43%,False,1,341,5.912953008496618,True,1302900,Maués (AM),0.511,0.447,0.543,0.544,0.5879999999999999,0.8,0.464,0.549,0.381,0.512,True,1302900,Maués,10881.0,1827.0,16.8,6865.0,63.1,True,1302900,1302900,MAUES,AM,Norte,16.790736145574854,-0.009263854425146434,63.09162760775664,-0.008372392243359172,2025-01,16.790736145574854,16.8,1827.0,True,True,True,True,True,True,True,True,True,True,True,ambos desfavoráveis,True,3,True,Convergência nas três dimensões,alta,DPI ≥ referência,,com_PBF,0.75,20,72,72,72,1.0
130300,NHAMUNDA,AM,2025,136,136,172,172,1361,1.361,1669,1.669,8.15%,10.31%,81.55%,True,1,308,18.454164170161775,130300,True,130300,NHAMUNDA,AM,2025,33,33,73,73,1487,1487,76,76,1669,1669,1.98%,4.37%,89.1%,4.55%,False,1,106,6.351108448172559,True,1303007,Nhamundá (AM),0.6149999999999999,0.652,0.531,0.662,0.5859999999999999,0.779,0.503,0.513,0.383,0.576,True,1303007,Nhamundá,4816.0,948.0,19.7,3337.0,69.3,True,1303007,1303007,NHAMUNDA,AM,Norte,19.6843853820598,-0.015614617940197917,69.28986710963456,-0.010132890365440517,2025-01,19.6843853820598,19.7,948.0,True,True,True,True,True,True,True,True,True,True,True,ambos desfavoráveis,True,3,True,Convergência nas três dimensões,média,DPI ≥ referência,,com_PBF,0.75,20,72,72,72,1.0
130310,NOVA OLINDA DO NORTE,AM,2025,148,148,340,340,2354,2.354,2842,2.842,5.21%,11.96%,82.83%,True,1,488,17.17100633356791,130310,True,130310,NOVA OLINDA DO NORTE,AM,2025,38,38,136,136,2548,2548,120,120,2842,2842,1.34%,4.79%,89.66%,4.22%,False,1,174,6.122448979591836,True,1303106,Nova Olinda do Norte (AM),0.543,0.387,0.592,0.649,0.558,0.78,0.412,0.541,0.321,0.466,True,1303106,Nova Olinda do Norte,5983.0,818.0,13.7,3430.0,57.3,True,1303106,1303106,NOVA OLINDA DO NORTE,AM,Norte,13.672070867457798,-0.02792913254220153,57.329099114156776,0.029099114156778683,2025-01,13.672070867457798,13.7,818.0,True,True,True,True,True,True,True,True,True,True,True,ambos desfavoráveis,True,3,True,Convergência nas três dimensões,média,DPI ≥ referência,,com_PBF,0.75,20,72,63,72,0.875
130330,NOVO ARIPUANA,AM,2025,152,152,199,199,1487,1.487,1838,1.838,8.27%,10.83%,80.9%,True,1,351,19.096844396082698,130330,True,130330,NOVO ARIPUANA,AM,2025,29,29,63,63,1661,1661,85,85,1838,1838,1.58%,3.43%,90.37%,4.62%,False,1,92,5.00544069640914,True,1303304,Novo Aripuanã (AM),0.698,0.815,0.657,0.621,0.554,0.759,0.421,0.532,0.34,0.468,True,1303304,Novo Aripuanã,3862.0,478.0,12.4,2648.0,68.6,True,1303304,1303304,NOVO ARIPUANA,AM,Norte,12.377006732263077,-0.022993267736923784,68.56551009839461,-0.03448990160538301,2025-01,12.377006732263077,12.4,478.0,True,True,True,True,True,True,True,True,True,True,True,ambos desfavoráveis,True,3,True,Convergência nas três dimensões,média,DPI ≥ referência,,com_PBF,0.75,20,72,63,72,0.875
130360,SANTA ISABEL DO RIO NEGRO,AM,2025,268,268,165,165,760,760,1193,1.193,22.46%,13.83%,63.7%,True,1,433,36.29505448449287,130360,True,130360,SANTA ISABEL DO RIO NEGRO,AM,2025,81,81,100,100,964,964,48,48,1193,1193,6.79%,8.38%,80.8%,4.02%,False,1,181,15.171835708298406,True,1303601,Santa Isabel do Rio Negro (AM),0.6159999999999999,0.388,0.751,0.71,0.4789999999999999,0.737,0.323,0.461,0.322,0.324,True,1303601,Santa Isabel do Rio Negro,2765.0,493.0,17.8,2025.0,73.2,True,1303601,1303601,SANTA ISABEL DO RIO NEGRO,AM,Norte,17.83001808318264,0.030018083182639543,73.23688969258589,0.0368896925858877,2025-01,17.83001808318264,17.8,493.0,True,True,True,True,True,True,True,True,True,True,True,ambos desfavoráveis,True,3,True,Convergência nas três dimensões,muito alta,DPI ≥ referência,,com_PBF,0.75,20,72,72,72,1.0
130390,SAO PAULO DE OLIVENCA,AM,2025,463,463,819,819,2462,2.462,3744,3.744,12.37%,21.88%,65.76%,True,1,1282,34.241452991452995,130390,True,130390,SAO PAULO DE OLIVENCA,AM,2025,72,72,246,246,3373,3373,53,53,3744,3744,1.92%,6.57%,90.09%,1.42%,False,1,318,8.493589743589745,True,1303908,São Paulo de Olivença (AM),0.693,0.841,0.59,0.648,0.521,0.78,0.386,0.471,0.341,0.411,True,1303908,São Paulo de Olivença,5915.0,1093.0,18.5,4637.0,78.4,True,1303908,1303908,SAO PAULO DE OLIVENCA,AM,Norte,18.478444632290785,-0.02155536770921529,78.39391377852917,-0.006086221470837927,2025-01,18.478444632290785,18.5,1093.0,True,True,True,True,True,True,True,True,True,True,True,ambos desfavoráveis,True,3,True,Convergência nas três dimensões,muito alta,DPI ≥ referência,,com_PBF,0.75,20,72,72,72,1.0
130395,SAO SEBASTIAO DO UATUMA,AM,2025,28,28,81,81,879,879,988,988,2.83%,8.2%,88.97%,False,1,109,11.03238866396761,130395,True,130395,SAO SEBASTIAO DO UATUMA,AM,2025,4,4,16,16,938,938,30,30,988,988,0.4%,1.62%,94.94%,3.04%,False,1,20,2.0242914979757085,True,1303957,São Sebastião do Uatumã (AM),0.572,0.69,0.54,0.485,0.5769999999999998,0.739,0.464,0.561,0.397,0.501,True,1303957,São Sebastião do Uatumã,2426.0,340.0,14.0,1164.0,48.0,True,1303957,1303957,SAO SEBASTIAO DO UATUMA,AM,Norte,14.014839241549875,0.014839241549875481,47.980214344600164,-0.019785655399836344,2025-01,14.014839241549875,14.0,340.0,True,True,True,True,True,True,True,True,True,True,True,ambos desfavoráveis,True,3,True,Convergência nas três dimensões,média,DPI ≥ referência,,com_PBF,0.75,20,72,42,72,0.5833333333333334
130410,TAPAUA,AM,2025,108,108,193,193,1376,1.376,1677,1.677,6.44%,11.51%,82.05%,True,1,301,17.94871794871795,130410,True,130410,TAPAUA,AM,2025,13,13,70,70,1514,1514,80,80,1677,1677,0.78%,4.17%,90.28%,4.77%,False,1,83,4.949314251639833,True,1304104,Tapauá (AM),0.7069999999999999,0.7,0.804,0.617,0.502,0.694,0.355,0.512,0.266,0.41,True,1304104,Tapauá,3265.0,446.0,13.7,2304.0,70.6,True,1304104,1304104,TAPAUA,AM,Norte,13.660030627871365,-0.03996937212863472,70.56661562021439,-0.033384379785601936,2025-01,13.660030627871365,13.7,446.0,True,True,True,True,True,True,True,True,True,True,True,ambos desfavoráveis,True,3,True,Convergência nas três dimensões,média,DPI ≥ referência,,com_PBF,0.75,20,72,63,72,0.875
130423,TONANTINS,AM,2025,190,190,305,305,1648,1.648,2143,2.143,8.87%,14.23%,76.9%,True,1,495,23.098460102659825,130423,True,130423,TONANTINS,AM,2025,18,18,90,90,1972,1972,63,63,2143,2143,0.84%,4.2%,92.02%,2.94%,False,1,108,5.039664022398506,True,1304237,Tonantins (AM),0.644,0.746,0.67,0.515,0.548,0.779,0.416,0.508,0.325,0.471,True,1304237,Tonantins,3713.0,454.0,12.2,2950.0,79.5,True,1304237,1304237,TONANTINS,AM,Norte,12.227309453272287,0.027309453272287953,79.45057904659305,-0.049420953406951185,2025-01,12.227309453272287,12.2,454.0,True,True,True,True,True,True,True,True,True,True,True,ambos desfavoráveis,True,3,True,Convergência nas três dimensões,alta,DPI ≥ referência,,com_PBF,0.75,20,72,63,72,0.875
130440,URUCURITUBA,AM,2025,48,48,128,128,1466,1.466,1642,1.642,2.92%,7.8%,89.28%,True,1,176,10.71863580998782,130440,True,130440,URUCURITUBA,AM,2025,5,5,40,40,1563,1563,34,34,1642,1642,0.3%,2.44%,95.19%,2.07%,False,1,45,2.7405602923264314,True,1304401,Urucurituba (AM),0.5829999999999999,0.624,0.534,0.59,0.5879999999999999,0.776,0.487,0.538,0.389,0.545,True,1304401,Urucurituba,4138.0,917.0,22.2,2789.0,67.4,True,1304401,1304401,URUCURITUBA,AM,Norte,22.160463992266795,-0.039536007733204315,67.39971000483325,-0.00028999516675298764,2025-01,22.160463992266795,22.2,917.0,True,True,True,True,True,True,True,True,True,True,True,ambos desfavoráveis,True,3,True,Convergência nas três dimensões,média,DPI ≥ referência,,com_PBF,0.75,20,72,48,72,0.6666666666666666
160025,ITAUBAL,AP,2025,37,37,73,73,558,558,668,668,5.54%,10.93%,83.53%,False,1,110,16.46706586826347,160025,True,160025,ITAUBAL,AP,2025,6,6,32,32,599,599,31,31,668,668,0.9%,4.79%,89.67%,4.64%,False,1,38,5.688622754491018,True,1600253,Itaubal (AP),0.5909999999999999,0.428,0.628,0.716,0.5759999999999998,0.758,0.477,0.528,0.376,0.537,True,1600253,Itaubal,2263.0,492.0,21.7,1447.0,63.9,True,1600253,1600253,ITAUBAL,AP,Norte,21.741051701281485,0.04105170128148572,63.941670349094125,0.041670349094125925,2025-01,21.741051701281485,21.7,492.0,True,True,True,True,True,True,True,True,True,True,True,ambos desfavoráveis,True,3,True,Convergência nas três dimensões,média,DPI ≥ referência,,com_PBF,0.75,20,72,72,72,1.0
160040,MAZAGAO,AP,2025,211,211,232,232,1708,1.708,2151,2.151,9.81%,10.79%,79.4%,True,1,443,20.595072059507206,160040,True,160040,MAZAGAO,AP,2025,15,15,84,84,1943,1943,109,109,2151,2151,0.7%,3.91%,90.33%,5.07%,False,1,99,4.602510460251046,True,1600402,Mazagão (AP),0.5879999999999999,0.613,0.634,0.516,0.5919999999999999,0.758,0.449,0.609,0.361,0.5,True,1600402,Mazagão,4634.0,992.0,21.4,3003.0,64.8,True,1600402,1600402,MAZAGAO,AP,Norte,21.406991799741046,0.0069917997410477994,64.8036253776435,0.0036253776435017926,2025-01,21.406991799741046,21.4,992.0,True,True,True,True,True,True,True,True,True,True,True,ambos desfavoráveis,True,3,True,Convergência nas três dimensões,alta,DPI ≥ referência,,com_PBF,0.75,20,72,72,72,1.0
160070,TARTARUGALZINHO,AP,2025,71,71,167,167,1047,1.047,1285,1.285,5.53%,13%,81.48%,True,1,238,18.52140077821012,160070,True,160070,TARTARUGALZINHO,AP,2025,5,5,51,51,1167,1167,62,62,1285,1285,0.39%,3.97%,90.82%,4.82%,False,1,56,4.357976653696498,True,1600709,Tartarugalzinho (AP),0.6049999999999999,0.633,0.642,0.54,0.5919999999999999,0.794,0.473,0.553,0.382,0.526,True,1600709,Tartarugalzinho,3333.0,513.0,15.4,1471.0,44.1,True,1600709,1600709,TARTARUGALZINHO,AP,Norte,15.391539153915392,-0.008460846084608065,44.13441344134414,0.034413441344135265,2025-01,15.391539153915392,15.4,513.0,True,True,True,True,True,True,True,True,True,True,True,ambos desfavoráveis,True,3,True,Convergência nas três dimensões,média,DPI ≥ referência,,com_PBF,0.75,20,72,72,72,1.0
290020,ABARE,BA,2025,52,52,64,64,1189,1.189,1305,1.305,3.98%,4.9%,91.11%,True,1,116,8.88888888888889,290020,True,290020,ABARE,BA,2025,10,10,19,19,1153,1153,123,123,1305,1305,0.77%,1.46%,88.35%,9.43%,False,1,29,2.2222222222222223,True,2900207,Abaré (BA),0.51,0.182,0.613,0.736,0.5749999999999998,0.776,0.46,0.533,0.319,0.553,True,2900207,Abaré,3378.0,445.0,13.2,946.0,28.0,True,2900207,2900207,ABARE,BA,Nordeste,13.173475429248077,-0.026524570751922383,28.004736530491414,0.00473653049141376,2025-01,13.173475429248077,13.2,445.0,True,True,True,True,True,True,True,True,True,True,True,ambos desfavoráveis,True,3,True,Convergência nas três dimensões,baixa,DPI ≥ referência,,com_PBF,0.75,20,72,18,72,0.25
290035,ADUSTINA,BA,2025,30,30,41,41,751,751,822,822,3.65%,4.99%,91.36%,False,1,71,8.637469586374696,290035,True,290035,ADUSTINA,BA,2025,6,6,20,20,756,756,40,40,822,822,0.73%,2.43%,91.97%,4.87%,False,1,26,3.1630170316301705,True,2900355,Adustina (BA),0.531,0.355,0.641,0.597,0.546,0.718,0.432,0.526,0.223,0.601,True,2900355,Adustina,3171.0,689.0,21.7,1077.0,34.0,True,2900355,2900355,ADUSTINA,BA,Nordeste,21.7281614632608,0.028161463260801156,33.964049195837276,-0.03595080416272367,2025-01,21.7281614632608,21.7,689.0,True,True,True,True,True,True,True,True,True,True,True,ambos desfavoráveis,True,3,True,Convergência nas três dimensões,baixa,DPI ≥ referência,,com_PBF,0.75,20,72,24,72,0.3333333333333333
290040,AGUA FRIA,BA,2025,22,22,33,33,650,650,705,705,3.12%,4.68%,92.2%,False,1,55,7.801418439716312,290040,True,290040,AGUA FRIA,BA,2025,3,3,25,25,629,629,48,48,705,705,0.43%,3.55%,89.22%,6.81%,False,1,28,3.9716312056737593,True,2900405,Água Fria (BA),0.5759999999999998,0.432,0.606,0.689,0.55,0.747,0.422,0.529,0.279,0.519,True,2900405,Água Fria,4284.0,629.0,14.7,817.0,19.1,True,2900405,2900405,AGUA FRIA,BA,Nordeste,14.682539682539684,-0.017460317460315622,19.07096171802054,-0.029038281979460123,2025-01,14.682539682539684,14.7,629.0,True,True,True,True,True,True,True,True,True,True,True,ambos desfavoráveis,True,3,True,Convergência nas três dimensões,baixa,DPI ≥ referência,,com_PBF,0.75,20,72,9,72,0.125
290090,ALMADINA,BA,2025,6,6,15,15,248,248,269,269,2.23%,5.58%,92.19%,False,1,21,7.806691449814126,290090,True,290090,ALMADINA,BA,2025,2,2,7,7,241,241,19,19,269,269,0.74%,2.6%,89.59%,7.06%,False,1,9,3.3457249070631967,True,2900900,Almadina (BA),0.4919999999999999,0.172,0.644,0.659,0.563,0.751,0.421,0.563,0.245,0.551,True,2900900,Almadina,2000.0,464.0,23.2,28.0,1.4,True,2900900,2900900,ALMADINA,BA,Nordeste,23.200000000000003,3.552713678800501e-15,1.4000000000000001,2.220446049250313e-16,2025-01,23.200000000000003,23.2,464.0,True,True,True,True,True,True,True,True,True,True,True,ambos desfavoráveis,True,3,True,Convergência nas três dimensões,baixa,DPI ≥ referência,,com_PBF,0.75,20,72,12,72,0.16666666666666666
290150,ANGUERA,BA,2025,27,27,28,28,435,435,490,490,5.51%,5.71%,88.78%,False,1,55,11.224489795918368,290150,True,290150,ANGUERA,BA,2025,13,13,16,16,418,418,43,43,490,490,2.65%,3.27%,85.31%,8.78%,False,1,29,5.918367346938775,True,2901502,Anguera (BA),0.453,0.281,0.469,0.608,0.5889999999999999,0.766,0.471,0.565,0.307,0.584,True,2901502,Anguera,1686.0,197.0,11.7,431.0,25.6,True,2901502,2901502,ANGUERA,BA,Nordeste,11.684460260972717,-0.015539739027282451,25.563463819691577,-0.03653618030842409,2025-01,11.684460260972717,11.7,197.0,True,True,True,True,True,True,True,True,True,True,True,ambos desfavoráveis,True,3,True,Convergência nas três dimensões,média,DPI ≥ referência,,com_PBF,0.75,20,72,30,72,0.4166666666666667
290160,ANTAS,BA,2025,23,23,37,37,521,521,581,581,3.96%,6.37%,89.67%,False,1,60,10.327022375215146,290160,True,290160,ANTAS,BA,2025,5,5,10,10,521,521,45,45,581,581,0.86%,1.72%,89.67%,7.75%,False,1,15,2.5817555938037864,True,2901601,Antas (BA),0.4279999999999999,0.129,0.538,0.617,0.5919999999999999,0.739,0.491,0.573,0.33,0.599,True,2901601,Antas,2081.0,230.0,11.1,766.0,36.8,True,2901601,2901601,ANTAS,BA,Nordeste,11.052378664103795,-0.04762133589620454,36.80922633349351,0.009226333493515426,2025-01,11.052378664103795,11.1,230.0,True,True,True,True,True,True,True,True,True,True,True,ambos desfavoráveis,True,3,True,Convergência nas três dimensões,média,DPI ≥ referência,,com_PBF,0.75,20,72,36,72,0.5
290170,ANTONIO CARDOSO,BA,2025,14,14,34,34,663,663,711,711,1.97%,4.78%,93.25%,False,1,48,6.751054852320674,290170,True,290170,ANTONIO CARDOSO,BA,2025,5,5,12,12,622,622,72,72,711,711,0.7%,1.69%,87.48%,10.13%,False,1,17,2.390998593530239,True,2901700,Antônio Cardoso (BA),0.4709999999999999,0.307,0.489,0.616,0.561,0.768,0.422,0.544,0.304,0.498,True,2901700,Antônio Cardoso,2278.0,277.0,12.2,538.0,23.6,True,2901700,2901700,ANTONIO CARDOSO,BA,Nordeste,12.159789288849868,-0.04021071115013086,23.617208077260756,0.01720807726075435,2025-01,12.159789288849868,12.2,277.0,True,True,True,True,True,True,True,True,True,True,True,ambos desfavoráveis,True,3,True,Convergência nas três dimensões,baixa,DPI ≥ referência,,com_PBF,0.75,20,72,15,72,0.20833333333333334
290190,APORA,BA,2025,59,59,41,41,743,743,843,843,7%,4.86%,88.14%,False,1,100,11.862396204033216,290190,True,290190,APORA,BA,2025,8,8,20,20,737,737,78,78,843,843,0.95%,2.37%,87.43%,9.25%,False,1,28,3.3214709371292996,True,2901908,Aporá (BA),0.522,0.368,0.603,0.596,0.548,0.751,0.425,0.516,0.272,0.532,True,2901908,Aporá,2919.0,401.0,13.7,53.0,1.8,True,2901908,2901908,APORA,BA,Nordeste,13.737581363480643,0.037581363480644114,1.8156903048989381,0.01569030489893808,2025-01,13.737581363480643,13.7,401.0,True,True,True,True,True,True,True,True,True,True,True,ambos desfavoráveis,True,3,True,Convergência nas três dimensões,média,DPI ≥ referência,,com_PBF,0.75,20,72,18,72,0.25
290220,ARAMARI,BA,2025,17,17,30,30,421,421,468,468,3.63%,6.41%,89.96%,False,1,47,10.042735042735043,290220,True,290220,ARAMARI,BA,2025,3,3,15,15,415,415,35,35,468,468,0.64%,3.21%,88.68%,7.48%,False,1,18,3.8461538461538463,True,2902203,Aramari (BA),0.539,0.448,0.57,0.598,0.5879999999999999,0.761,0.47,0.568,0.345,0.549,True,2902203,Aramari,2177.0,358.0,16.4,610.0,28.0,True,2902203,2902203,ARAMARI,BA,Nordeste,16.444648598989435,0.044648598989436294,28.020211299954067,0.020211299954066675,2025-01,16.444648598989435,16.4,358.0,True,True,True,True,True,True,True,True,True,True,True,ambos desfavoráveis,True,3,True,Convergência nas três dimensões,média,DPI ≥ referência,,com_PBF,0.75,20,72,42,72,0.5833333333333334
290225,ARATACA,BA,2025,22,22,21,21,361,361,404,404,5.45%,5.2%,89.36%,False,1,43,10.643564356435643,290225,True,290225,ARATACA,BA,2025,0,0,20,20,364,364,19,19,403,403,-,4.96%,90.32%,4.71%,False,1,20,4.962779156327544,True,2902252,Arataca (BA),0.536,0.349,0.698,0.561,0.559,0.758,0.413,0.557,0.264,0.516,True,2902252,Arataca,2045.0,300.0,14.7,104.0,5.1,True,2902252,2902252,ARATACA,BA,Nordeste,14.66992665036675,-0.030073349633250146,5.085574572127139,-0.01442542787286083,2025-01,14.66992665036675,14.7,300.0,True,True,True,True,True,True,True,True,True,True,True,ambos desfavoráveis,True,3,True,Convergência nas três dimensões,média,DPI ≥ referência,,com_PBF,0.75,20,72,18,72,0.25
290230,ARATUIPE,BA,2025,19,19,32,32,446,446,497,497,3.82%,6.44%,89.74%,False,1,51,10.261569416498995,290230,True,290230,ARATUIPE,BA,2025,0,0,15,15,431,431,51,51,497,497,-,3.02%,86.72%,10.26%,False,1,15,3.0181086519114686,True,2902302,Aratuípe (BA),0.466,0.254,0.543,0.602,0.5749999999999998,0.753,0.443,0.57,0.347,0.5,True,2902302,Aratuípe,1921.0,487.0,25.4,652.0,33.9,True,2902302,2902302,ARATUIPE,BA,Nordeste,25.351379489849034,-0.04862051015096469,33.94065590838105,0.04065590838105493,2025-01,25.351379489849034,25.4,487.0,True,True,True,True,True,True,True,True,True,True,True,ambos desfavoráveis,True,3,True,Convergência nas três dimensões,média,DPI ≥ referência,,com_PBF,0.75,20,72,48,72,0.6666666666666666
290240,AURELINO LEAL,BA,2025,33,33,41,41,612,612,686,686,4.81%,5.98%,89.21%,False,1,74,10.787172011661808,290240,True,290240,AURELINO LEAL,BA,2025,0,0,13,13,617,617,56,56,686,686,-,1.9%,89.94%,8.16%,False,1,13,1.8950437317784257,True,2902401,Aurelino Leal (BA),0.4809999999999999,0.294,0.615,0.533,0.568,0.759,0.434,0.555,0.298,0.524,True,2902401,Aurelino Leal,2981.0,512.0,17.2,633.0,21.2,True,2902401,2902401,AURELINO LEAL,BA,Nordeste,17.175444481717545,-0.024555518282454614,21.234485072123448,0.034485072123448646,2025-01,17.175444481717545,17.2,512.0,True,True,True,True,True,True,True,True,True,True,True,ambos desfavoráveis,True,3,True,Convergência nas três dimensões,média,DPI ≥ referência,,com_PBF,0.75,20,72,24,72,0.3333333333333333
290260,BAIXA GRANDE,BA,2025,47,47,34,34,753,753,834,834,5.64%,4.08%,90.29%,False,1,81,9.712230215827338,290260,True,290260,BAIXA GRANDE,BA,2025,11,11,26,26,724,724,73,73,834,834,1.32%,3.12%,86.81%,8.75%,False,1,37,4.436450839328537,True,2902609,Baixa Grande (BA),0.49,0.377,0.551,0.543,0.5849999999999999,0.775,0.471,0.549,0.28,0.61,True,2902609,Baixa Grande,3118.0,366.0,11.7,937.0,30.1,True,2902609,2902609,BAIXA GRANDE,BA,Nordeste,11.738293778062861,0.038293778062861605,30.05131494547787,-0.048685054522131566,2025-01,11.738293778062861,11.7,366.0,True,True,True,True,True,True,True,True,True,True,True,ambos desfavoráveis,True,3,True,Convergência nas três dimensões,baixa,DPI ≥ referência,,com_PBF,0.75,20,72,15,72,0.20833333333333334
290310,BARRA DO ROCHA,BA,2025,15,15,35,35,305,305,355,355,4.23%,9.86%,85.92%,False,1,50,14.084507042253522,290310,True,290310,BARRA DO ROCHA,BA,2025,5,5,3,3,334,334,13,13,355,355,1.41%,0.85%,94.08%,3.66%,False,1,8,2.2535211267605635,True,2903102,Barra do Rocha (BA),0.452,0.187,0.63,0.538,0.5769999999999998,0.705,0.465,0.585,0.322,0.558,True,2903102,Barra do Rocha,2154.0,445.0,20.7,58.0,2.7,True,2903102,2903102,BARRA DO ROCHA,BA,Nordeste,20.659238625812442,-0.04076137418755721,2.692664809656453,-0.007335190343547016,2025-01,20.659238625812442,20.7,445.0,True,True,True,True,True,True,True,True,True,True,True,ambos desfavoráveis,True,3,True,Convergência nas três dimensões,média,DPI ≥ referência,,com_PBF,0.75,20,72,36,72,0.5
290360,BIRITINGA,BA,2025,17,17,57,57,627,627,701,701,2.43%,8.13%,89.44%,False,1,74,10.556348074179743,290360,True,290360,BIRITINGA,BA,2025,6,6,13,13,631,631,51,51,701,701,0.86%,1.85%,90.01%,7.28%,False,1,19,2.710413694721826,True,2903607,Biritinga (BA),0.538,0.304,0.604,0.707,0.538,0.738,0.402,0.525,0.246,0.513,True,2903607,Biritinga,4152.0,502.0,12.1,1056.0,25.4,True,2903607,2903607,BIRITINGA,BA,Nordeste,12.090558766859345,-0.009441233140654148,25.43352601156069,0.033526011560692126,2025-01,12.090558766859345,12.1,502.0,True,True,True,True,True,True,True,True,True,True,True,ambos desfavoráveis,True,3,True,Convergência nas três dimensões,média,DPI ≥ referência,,com_PBF,0.75,20,72,36,72,0.5
290380,BOA VISTA DO TUPIM,BA,2025,39,39,64,64,766,766,869,869,4.49%,7.36%,88.15%,False,1,103,11.852704257767549,290380,True,290380,BOA VISTA DO TUPIM,BA,2025,5,5,25,25,695,695,144,144,869,869,0.58%,2.88%,79.98%,16.57%,False,1,30,3.452243958573072,True,2903805,Boa Vista do Tupim (BA),0.633,0.604,0.598,0.698,0.551,0.729,0.447,0.514,0.251,0.597,True,2903805,Boa Vista do Tupim,3969.0,490.0,12.3,283.0,7.1,True,2903805,2903805,BOA VISTA DO TUPIM,BA,Nordeste,12.345679012345679,0.04567901234567806,7.130259511211892,0.03025951121189241,2025-01,12.345679012345679,12.3,490.0,True,True,True,True,True,True,True,True,True,True,True,ambos desfavoráveis,True,3,True,Convergência nas três dimensões,média,DPI ≥ referência,,com_PBF,0.75,20,72,18,72,0.25
290475,BURITIRAMA,BA,2025,75,75,113,113,1309,1.309,1497,1.497,5.01%,7.55%,87.44%,True,1,188,12.558450233800937,290475,True,290475,BURITIRAMA,BA,2025,11,11,52,52,1345,1345,89,89,1497,1497,0.73%,3.47%,89.85%,5.95%,False,1,63,4.208416833667335,True,2904753,Buritirama (BA),0.4689999999999999,0.224,0.526,0.657,0.565,0.761,0.471,0.504,0.318,0.574,True,2904753,Buritirama,4195.0,477.0,11.4,157.0,3.7,True,2904753,2904753,BURITIRAMA,BA,Nordeste,11.37067938021454,-0.029320619785460522,3.742550655542312,0.042550655542311855,2025-01,11.37067938021454,11.4,477.0,True,True,True,True,True,True,True,True,True,True,True,ambos desfavoráveis,True,3,True,Convergência nas três dimensões,média,DPI ≥ referência,,com_PBF,0.75,20,72,18,72,0.25
290485,CABACEIRAS DO PARAGUACU,BA,2025,51,51,75,75,1016,1.016,1142,1.142,4.47%,6.57%,88.97%,True,1,126,11.033274956217163,290485,True,290485,CABACEIRAS DO PARAGUACU,BA,2025,14,14,21,21,1016,1016,91,91,1142,1142,1.23%,1.84%,88.97%,7.97%,False,1,35,3.064798598949212,True,2904852,Cabaceiras do Paraguaçu (BA),0.518,0.386,0.522,0.646,0.5809999999999998,0.763,0.49,0.525,0.309,0.617,True,2904852,Cabaceiras do Paraguaçu,2736.0,463.0,16.9,314.0,11.5,True,2904852,2904852,CABACEIRAS DO PARAGUACU,BA,Nordeste,16.922514619883042,0.022514619883043707,11.476608187134502,-0.02339181286549774,2025-01,16.922514619883042,16.9,463.0,True,True,True,True,True,True,True,True,True,True,True,ambos desfavoráveis,True,3,True,Convergência nas três dimensões,média,DPI ≥ referência,,com_PBF,0.75,20,72,24,72,0.3333333333333333
290510,CAEM,BA,2025,29,29,32,32,493,493,554,554,5.23%,5.78%,88.99%,False,1,61,11.010830324909747,290510,True,290510,CAEM,BA,2025,6,6,12,12,488,488,48,48,554,554,1.08%,2.17%,88.09%,8.66%,False,1,18,3.2490974729241873,True,2905107,Caém (BA),0.496,0.326,0.564,0.598,0.546,0.701,0.434,0.535,0.274,0.547,True,2905107,Caém,2467.0,311.0,12.6,213.0,8.6,True,2905107,2905107,CAEM,BA,Nordeste,12.606404539927038,0.006404539927038044,8.633968382650993,0.033968382650993334,2025-01,12.606404539927038,12.6,311.0,True,True,True,True,True,True,True,True,True,True,True,ambos desfavoráveis,True,3,True,Convergência nas três dimensões,média,DPI ≥ referência,,com_PBF,0.75,20,72,18,72,0.25
290530,CAFARNAUM,BA,2025,54,54,71,71,995,995,1120,1.12,4.82%,6.34%,88.84%,True,1,125,11.160714285714286,290530,True,290530,CAFARNAUM,BA,2025,4,4,32,32,1033,1033,51,51,1120,1120,0.36%,2.86%,92.23%,4.55%,False,1,36,3.214285714285714,True,2905305,Cafarnaum (BA),0.432,0.214,0.57,0.512,0.5839999999999999,0.734,0.49,0.554,0.304,0.623,True,2905305,Cafarnaum,2690.0,521.0,19.4,397.0,14.8,True,2905305,2905305,CAFARNAUM,BA,Nordeste,19.36802973977695,-0.03197026022304783,14.758364312267657,-0.041635687732343385,2025-01,19.36802973977695,19.4,521.0,True,True,True,True,True,True,True,True,True,True,True,ambos desfavoráveis,True,3,True,Convergência nas três dimensões,média,DPI ≥ referência,,com_PBF,0.75,20,72,24,72,0.3333333333333333
290550,CALDEIRAO GRANDE,BA,2025,61,61,68,68,645,645,774,774,7.88%,8.79%,83.33%,False,1,129,16.666666666666664,290550,True,290550,CALDEIRAO GRANDE,BA,2025,7,7,31,31,674,674,62,62,774,774,0.9%,4.01%,87.08%,8.01%,False,1,38,4.909560723514212,True,2905503,Caldeirão Grande (BA),0.4849999999999999,0.199,0.55,0.707,0.573,0.758,0.473,0.526,0.308,0.586,True,2905503,Caldeirão Grande,2808.0,309.0,11.0,213.0,7.6,True,2905503,2905503,CALDEIRAO GRANDE,BA,Nordeste,11.004273504273504,0.004273504273504258,7.585470085470085,-0.014529914529914478,2025-01,11.004273504273504,11.0,309.0,True,True,True,True,True,True,True,True,True,True,True,ambos desfavoráveis,True,3,True,Convergência nas três dimensões,média,DPI ≥ referência,,com_PBF,0.75,20,72,18,72,0.25
290590,CAMPO ALEGRE DE LOURDES,BA,2025,95,95,116,116,1685,1.685,1896,1.896,5.01%,6.12%,88.87%,True,1,211,11.128691983122362,290590,True,290590,CAMPO ALEGRE DE LOURDES,BA,2025,17,17,58,58,1690,1690,131,131,1896,1896,0.9%,3.06%,89.14%,6.91%,False,1,75,3.9556962025316458,True,2905909,Campo Alegre de Lourdes (BA),0.569,0.483,0.564,0.659,0.557,0.778,0.43,0.516,0.246,0.568,True,2905909,Campo Alegre de Lourdes,4283.0,715.0,16.7,572.0,13.4,True,2905909,2905909,CAMPO ALEGRE DE LOURDES,BA,Nordeste,16.693906140555686,-0.0060938594443129546,13.355124912444548,-0.044875087555452,2025-01,16.693906140555686,16.7,715.0,True,True,True,True,True,True,True,True,True,True,True,ambos desfavoráveis,True,3,True,Convergência nas três dimensões,média,DPI ≥ referência,,com_PBF,0.75,20,72,24,72,0.3333333333333333
290610,CANAPOLIS,BA,2025,28,28,34,34,418,418,480,480,5.83%,7.08%,87.08%,False,1,62,12.916666666666668,290610,True,290610,CANAPOLIS,BA,2025,9,9,16,16,433,433,22,22,480,480,1.88%,3.33%,90.21%,4.58%,False,1,25,5.208333333333334,True,2906105,Canápolis (BA),0.468,0.239,0.589,0.577,0.565,0.732,0.463,0.531,0.281,0.594,True,2906105,Canápolis,1489.0,184.0,12.4,340.0,22.8,True,2906105,2906105,CANAPOLIS,BA,Nordeste,12.357286769644055,-0.04271323035594499,22.834116856950974,0.03411685695097333,2025-01,12.357286769644055,12.4,184.0,True,True,True,True,True,True,True,True,True,True,True,ambos desfavoráveis,True,3,True,Convergência nas três dimensões,média,DPI ≥ referência,,com_PBF,0.75,20,72,36,72,0.5
290620,CANARANA,BA,2025,203,203,161,161,1184,1.184,1548,1.548,13.11%,10.4%,76.49%,True,1,364,23.51421188630491,290620,True,290620,CANARANA,BA,2025,46,46,82,82,1368,1368,52,52,1548,1548,2.97%,5.3%,88.37%,3.36%,False,1,128,8.2687338501292,True,2906204,Canarana (BA),0.4189999999999999,0.204,0.48,0.572,0.5869999999999999,0.734,0.496,0.555,0.308,0.63,True,2906204,Canarana,3266.0,360.0,11.0,829.0,25.4,True,2906204,2906204,CANARANA,BA,Nordeste,11.022657685241887,0.022657685241886938,25.382731169626453,-0.01726883037354554,2025-01,11.022657685241887,11.0,360.0,True,True,True,True,True,True,True,True,True,True,True,ambos desfavoráveis,True,3,True,Convergência nas três dimensões,alta,DPI ≥ referência,,com_PBF,0.75,20,72,45,72,0.625
290630,CANAVIEIRAS,BA,2025,39,39,82,82,1332,1.332,1453,1.453,2.68%,5.64%,91.67%,True,1,121,8.327598072952512,290630,True,290630,CANAVIEIRAS,BA,2025,8,8,46,46,1287,1287,112,112,1453,1453,0.55%,3.17%,88.58%,7.71%,False,1,54,3.716448726772195,True,2906303,Canavieiras (BA),0.465,0.277,0.568,0.551,0.59,0.796,0.434,0.596,0.326,0.501,True,2906303,Canavieiras,6375.0,1163.0,18.2,993.0,15.6,True,2906303,2906303,CANAVIEIRAS,BA,Nordeste,18.24313725490196,0.04313725490196063,15.576470588235294,-0.0235294117647058,2025-01,18.24313725490196,18.2,1163.0,True,True,True,True,True,True,True,True,True,True,True,ambos desfavoráveis,True,3,True,Convergência nas três dimensões,baixa,DPI ≥ referência,,com_PBF,0.75,20,72,12,72,0.16666666666666666
290640,CANDEAL,BA,2025,16,16,17,17,385,385,418,418,3.83%,4.07%,92.11%,False,1,33,7.894736842105263,290640,True,290640,CANDEAL,BA,2025,0,0,8,8,382,382,28,28,418,418,-,1.91%,91.39%,6.7%,False,1,8,1.9138755980861244,True,2906402,Candeal (BA),0.4759999999999999,0.371,0.488,0.569,0.5869999999999999,0.787,0.465,0.554,0.308,0.571,True,2906402,Candeal,2183.0,261.0,12.0,466.0,21.3,True,2906402,2906402,CANDEAL,BA,Nordeste,11.9560238204306,-0.04397617956940003,21.34677049931287,0.046770499312870584,2025-01,11.9560238204306,12.0,261.0,True,True,True,True,True,True,True,True,True,True,True,ambos desfavoráveis,True,3,True,Convergência nas três dimensões,baixa,DPI ≥ referência,,com_PBF,0.75,20,72,12,72,0.16666666666666666
290680,CANSANCAO,BA,2025,78,78,136,136,2044,2.044,2258,2.258,3.45%,6.02%,90.52%,True,1,214,9.477413640389726,290680,True,290680,CANSANCAO,BA,2025,8,8,42,42,2022,2022,186,186,2258,2258,0.35%,1.86%,89.55%,8.24%,False,1,50,2.2143489813994686,True,2906808,Cansanção (BA),0.536,0.397,0.547,0.664,0.557,0.745,0.438,0.53,0.264,0.565,True,2906808,Cansanção,7499.0,846.0,11.3,1032.0,13.8,True,2906808,2906808,CANSANCAO,BA,Nordeste,11.281504200560075,-0.01849579943992552,13.761834911321511,-0.03816508867848967,2025-01,11.281504200560075,11.3,846.0,True,True,True,True,True,True,True,True,True,True,True,ambos desfavoráveis,True,3,True,Convergência nas três dimensões,baixa,DPI ≥ referência,,com_PBF,0.75,20,72,6,72,0.08333333333333333
290682,CANUDOS,BA,2025,36,36,40,40,831,831,907,907,3.97%,4.41%,91.62%,False,1,76,8.379272326350605,290682,True,290682,CANUDOS,BA,2025,8,8,18,18,809,809,72,72,907,907,0.88%,1.98%,89.2%,7.94%,False,1,26,2.8665931642778393,True,2906824,Canudos (BA),0.4919999999999999,0.348,0.549,0.578,0.562,0.707,0.453,0.554,0.267,0.59,True,2906824,Canudos,3222.0,558.0,17.3,959.0,29.8,True,2906824,2906824,CANUDOS,BA,Nordeste,17.318435754189945,0.018435754189944475,29.764121663563003,-0.03587833643699767,2025-01,17.318435754189945,17.3,558.0,True,True,True,True,True,True,True,True,True,True,True,ambos desfavoráveis,True,3,True,Convergência nas três dimensões,baixa,DPI ≥ referência,,com_PBF,0.75,20,72,21,72,0.2916666666666667
290700,CARDEAL DA SILVA,BA,2025,37,37,35,35,534,534,606,606,6.11%,5.78%,88.12%,False,1,72,11.881188118811881,290700,True,290700,CARDEAL DA SILVA,BA,2025,6,6,15,15,525,525,60,60,606,606,0.99%,2.48%,86.63%,9.9%,False,1,21,3.4653465346534658,True,2907004,Cardeal da Silva (BA),0.558,0.452,0.58,0.642,0.552,0.735,0.437,0.523,0.333,0.501,True,2907004,Cardeal da Silva,2078.0,303.0,14.6,144.0,6.9,True,2907004,2907004,CARDEAL DA SILVA,BA,Nordeste,14.581328200192493,-0.018671799807506773,6.9297401347449465,0.02974013474494619,2025-01,14.581328200192493,14.6,303.0,True,True,True,True,True,True,True,True,True,True,True,ambos desfavoráveis,True,3,True,Convergência nas três dimensões,média,DPI ≥ referência,,com_PBF,0.75,20,72,18,72,0.25
290710,CARINHANHA,BA,2025,61,61,113,113,1648,1.648,1822,1.822,3.35%,6.2%,90.45%,True,1,174,9.549945115257959,290710,True,290710,CARINHANHA,BA,2025,12,12,44,44,1616,1616,150,150,1822,1822,0.66%,2.41%,88.69%,8.23%,False,1,56,3.0735455543358947,True,2907103,Carinhanha (BA),0.514,0.398,0.514,0.631,0.5759999999999998,0.763,0.477,0.525,0.356,0.553,True,2907103,Carinhanha,7318.0,934.0,12.8,1365.0,18.7,True,2907103,2907103,CARINHANHA,BA,Nordeste,12.763050013664937,-0.0369499863350633,18.652637332604538,-0.047362667395461244,2025-01,12.763050013664937,12.8,934.0,True,True,True,True,True,True,True,True,True,True,True,ambos desfavoráveis,True,3,True,Convergência nas três dimensões,baixa,DPI ≥ referência,,com_PBF,0.75,20,72,9,72,0.125
290720,CASA NOVA,BA,2025,372,372,397,397,3510,3.51,4279,4.279,8.69%,9.28%,82.03%,True,1,769,17.971488665576068,290720,True,290720,CASA NOVA,BA,2025,185,185,202,202,3614,3614,278,278,4279,4279,4.32%,4.72%,84.46%,6.5%,False,1,387,9.044169198410843,True,2907202,Casa Nova (BA),0.467,0.245,0.594,0.563,0.57,0.736,0.435,0.577,0.294,0.529,True,2907202,Casa Nova,11446.0,1503.0,13.1,3444.0,30.1,True,2907202,2907202,CASA NOVA,BA,Nordeste,13.131224882054868,0.031224882054868175,30.089114100995978,-0.010885899004023258,2025-01,13.131224882054868,13.1,1503.0,True,True,True,True,True,True,True,True,True,True,True,ambos desfavoráveis,True,3,True,Convergência nas três dimensões,média,DPI ≥ referência,,com_PBF,0.75,20,72,54,72,0.75
290890,CORACAO DE MARIA,BA,2025,65,65,89,89,743,743,897,897,7.25%,9.92%,82.83%,False,1,154,17.16833890746934,290890,True,290890,CORACAO DE MARIA,BA,2025,12,12,45,45,738,738,102,102,897,897,1.34%,5.02%,82.27%,11.37%,False,1,57,6.354515050167224,True,2908903,Coração de Maria (BA),0.4769999999999999,0.397,0.459,0.574,0.5919999999999999,0.762,0.489,0.558,0.35,0.578,True,2908903,Coração de Maria,6400.0,1012.0,15.8,1568.0,24.5,True,2908903,2908903,CORACAO DE MARIA,BA,Nordeste,15.812499999999998,0.012499999999997513,24.5,0.0,2025-01,15.812499999999998,15.8,1012.0,True,True,True,True,True,True,True,True,True,True,True,ambos desfavoráveis,True,3,True,Convergência nas três dimensões,média,DPI ≥ referência,,com_PBF,0.75,20,72,54,72,0.75
290920,CORONEL JOAO SA,BA,2025,27,27,52,52,871,871,950,950,2.84%,5.47%,91.68%,False,1,79,8.31578947368421,290920,True,290920,CORONEL JOAO SA,BA,2025,4,4,22,22,838,838,86,86,950,950,0.42%,2.32%,88.21%,9.05%,False,1,26,2.736842105263158,True,2909208,Coronel João Sá (BA),0.4879999999999999,0.276,0.622,0.567,0.535,0.716,0.392,0.545,0.214,0.53,True,2909208,Coronel João Sá,3458.0,444.0,12.8,1048.0,30.3,True,2909208,2909208,CORONEL JOAO SA,BA,Nordeste,12.839791787160207,0.03979178716020648,30.306535569693466,0.0065355696934652485,2025-01,12.839791787160207,12.8,444.0,True,True,True,True,True,True,True,True,True,True,True,ambos desfavoráveis,True,3,True,Convergência nas três dimensões,baixa,DPI ≥ referência,,com_PBF,0.75,20,72,18,72,0.25
290940,COTEGIPE,BA,2025,54,54,51,51,598,598,703,703,7.68%,7.25%,85.06%,False,1,105,14.935988620199147,290940,True,290940,COTEGIPE,BA,2025,7,7,23,23,623,623,50,50,703,703,1%,3.27%,88.62%,7.11%,False,1,30,4.267425320056899,True,2909406,Cotegipe (BA),0.497,0.268,0.587,0.637,0.59,0.746,0.504,0.545,0.324,0.629,True,2909406,Cotegipe,2010.0,223.0,11.1,350.0,17.4,True,2909406,2909406,COTEGIPE,BA,Nordeste,11.09452736318408,-0.00547263681592014,17.412935323383085,0.012935323383086228,2025-01,11.09452736318408,11.1,223.0,True,True,True,True,True,True,True,True,True,True,True,ambos desfavoráveis,True,3,True,Convergência nas três dimensões,média,DPI ≥ referência,,com_PBF,0.75,20,72,18,72,0.25
290990,CURACA,BA,2025,123,123,117,117,1675,1.675,1915,1.915,6.42%,6.11%,87.47%,True,1,240,12.532637075718014,290990,True,290990,CURACA,BA,2025,14,14,39,39,1703,1703,159,159,1915,1915,0.73%,2.04%,88.93%,8.3%,False,1,53,2.7676240208877285,True,2909901,Curaçá (BA),0.461,0.242,0.562,0.58,0.5809999999999998,0.778,0.463,0.544,0.301,0.575,True,2909901,Curaçá,5519.0,803.0,14.5,1237.0,22.4,True,2909901,2909901,CURACA,BA,Nordeste,14.549737271244792,0.049737271244792325,22.413480703025908,0.01348070302590898,2025-01,14.549737271244792,14.5,803.0,True,True,True,True,True,True,True,True,True,True,True,ambos desfavoráveis,True,3,True,Convergência nas três dimensões,média,DPI ≥ referência,,com_PBF,0.75,20,72,36,72,0.5
291040,ENCRUZILHADA,BA,2025,56,56,62,62,837,837,955,955,5.86%,6.49%,87.64%,False,1,118,12.356020942408378,291040,True,291040,ENCRUZILHADA,BA,2025,9,9,26,26,845,845,75,75,955,955,0.94%,2.72%,88.48%,7.85%,False,1,35,3.664921465968586,True,2910404,Encruzilhada (BA),0.523,0.315,0.662,0.593,0.544,0.754,0.4,0.533,0.26,0.496,True,2910404,Encruzilhada,3994.0,455.0,11.4,791.0,19.8,True,2910404,2910404,ENCRUZILHADA,BA,Nordeste,11.392088132198296,-0.007911867801704275,19.804707060590886,0.004707060590884993,2025-01,11.392088132198296,11.4,455.0,True,True,True,True,True,True,True,True,True,True,True,ambos desfavoráveis,True,3,True,Convergência nas três dimensões,média,DPI ≥ referência,,com_PBF,0.75,20,72,12,72,0.16666666666666666
291070,EUCLIDES DA CUNHA,BA,2025,189,189,202,202,2699,2.699,3090,3.09,6.12%,6.54%,87.35%,True,1,391,12.653721682847896,291070,True,291070,EUCLIDES DA CUNHA,BA,2025,63,63,99,99,2627,2627,299,299,3088,3088,2.04%,3.21%,85.07%,9.68%,False,1,162,5.246113989637306,True,2910701,Euclides da Cunha (BA),0.47,0.237,0.521,0.652,0.567,0.749,0.43,0.565,0.277,0.536,True,2910701,Euclides da Cunha,11740.0,1731.0,14.7,2525.0,21.5,True,2910701,2910701,EUCLIDES DA CUNHA,BA,Nordeste,14.744463373083475,0.04446337308347559,21.507666098807494,0.007666098807494137,2025-01,14.744463373083475,14.7,1731.0,True,True,True,True,True,True,True,True,True,True,True,ambos desfavoráveis,True,3,True,Convergência nas três dimensões,média,DPI ≥ referência,,com_PBF,0.75,20,72,36,72,0.5
291085,FILADELFIA,BA,2025,63,63,57,57,888,888,1008,1.008,6.25%,5.65%,88.1%,True,1,120,11.904761904761903,291085,True,291085,FILADELFIA,BA,2025,6,6,21,21,912,912,69,69,1008,1008,0.6%,2.08%,90.48%,6.85%,False,1,27,2.6785714285714284,True,2910859,Filadélfia (BA),0.506,0.308,0.563,0.646,0.565,0.726,0.45,0.553,0.307,0.545,True,2910859,Filadélfia,4686.0,599.0,12.8,1071.0,22.9,True,2910859,2910859,FILADELFIA,BA,Nordeste,12.782757148954332,-0.017242851045669028,22.855313700384123,-0.04468629961587567,2025-01,12.782757148954332,12.8,599.0,True,True,True,True,True,True,True,True,True,True,True,ambos desfavoráveis,True,3,True,Convergência nas três dimensões,média,DPI ≥ referência,,com_PBF,0.75,20,72,24,72,0.3333333333333333
291100,FLORESTA AZUL,BA,2025,25,25,28,28,322,322,375,375,6.67%,7.47%,85.87%,False,1,53,14.133333333333335,291100,True,291100,FLORESTA AZUL,BA,2025,0,0,11,11,342,342,22,22,375,375,-,2.93%,91.2%,5.87%,False,1,11,2.933333333333333,True,2911006,Floresta Azul (BA),0.496,0.163,0.701,0.625,0.557,0.731,0.431,0.548,0.291,0.524,True,2911006,Floresta Azul,2621.0,330.0,12.6,490.0,18.7,True,2911006,2911006,FLORESTA AZUL,BA,Nordeste,12.590614269362838,-0.009385730637161416,18.695154521175127,-0.004845478824872629,2025-01,12.590614269362838,12.6,330.0,True,True,True,True,True,True,True,True,True,True,True,ambos desfavoráveis,True,3,True,Convergência nas três dimensões,média,DPI ≥ referência,,com_PBF,0.75,20,72,27,72,0.375
291150,GONGOGI,BA,2025,19,19,32,32,308,308,359,359,5.29%,8.91%,85.79%,False,1,51,14.206128133704734,291150,True,291150,GONGOGI,BA,2025,5,5,8,8,317,317,29,29,359,359,1.39%,2.23%,88.3%,8.08%,False,1,13,3.6211699164345403,True,2911501,Gongogi (BA),0.4929999999999999,0.269,0.578,0.632,0.5759999999999998,0.773,0.456,0.543,0.304,0.558,True,2911501,Gongogi,2173.0,441.0,20.3,171.0,7.9,True,2911501,2911501,GONGOGI,BA,Nordeste,20.29452369995398,-0.005476300046019844,7.86930510814542,-0.030694891854579964,2025-01,20.29452369995398,20.3,441.0,True,True,True,True,True,True,True,True,True,True,True,ambos desfavoráveis,True,3,True,Convergência nas três dimensões,média,DPI ≥ referência,,com_PBF,0.75,20,72,36,72,0.5
291180,GUARATINGA,BA,2025,29,29,43,43,616,616,688,688,4.22%,6.25%,89.53%,False,1,72,10.465116279069768,291180,True,291180,GUARATINGA,BA,2025,3,3,12,12,628,628,45,45,688,688,0.44%,1.74%,91.28%,6.54%,False,1,15,2.1802325581395348,True,2911808,Guaratinga (BA),0.531,0.282,0.614,0.698,0.558,0.766,0.406,0.559,0.252,0.515,True,2911808,Guaratinga,5719.0,843.0,14.7,712.0,12.4,True,2911808,2911808,GUARATINGA,BA,Nordeste,14.740339220143381,0.04033922014338209,12.449728973596782,0.049728973596781856,2025-01,14.740339220143381,14.7,843.0,True,True,True,True,True,True,True,True,True,True,True,ambos desfavoráveis,True,3,True,Convergência nas três dimensões,média,DPI ≥ referência,,com_PBF,0.75,20,72,18,72,0.25
291190,IACU,BA,2025,32,32,53,53,1108,1.108,1193,1.193,2.68%,4.44%,92.88%,True,1,85,7.124895222129086,291190,True,291190,IACU,BA,2025,4,4,26,26,1069,1069,94,94,1193,1193,0.34%,2.18%,89.61%,7.88%,False,1,30,2.5146689019279127,True,2911907,Iaçu (BA),0.496,0.296,0.577,0.616,0.574,0.697,0.461,0.588,0.288,0.583,True,2911907,Iaçu,4068.0,578.0,14.2,386.0,9.5,True,2911907,2911907,IACU,BA,Nordeste,14.208456243854473,0.0084562438544733,9.488692232055064,-0.011307767944936487,2025-01,14.208456243854473,14.2,578.0,True,True,True,True,True,True,True,True,True,True,True,ambos desfavoráveis,True,3,True,Convergência nas três dimensões,baixa,DPI ≥ referência,,com_PBF,0.75,20,72,9,72,0.125
291260,IBIQUERA,BA,2025,16,16,18,18,197,197,231,231,6.93%,7.79%,85.28%,False,1,34,14.71861471861472,291260,True,291260,IBIQUERA,BA,2025,2,2,6,6,209,209,14,14,231,231,0.87%,2.6%,90.48%,6.06%,False,1,8,3.463203463203463,True,2912608,Ibiquera (BA),0.572,0.481,0.602,0.633,0.511,0.771,0.335,0.517,0.221,0.413,True,2912608,Ibiquera,1249.0,304.0,24.3,399.0,31.9,True,2912608,2912608,IBIQUERA,BA,Nordeste,24.339471577261808,0.039471577261807056,31.945556445156125,0.04555644515612656,2025-01,24.339471577261808,24.3,304.0,True,True,True,True,True,True,True,True,True,True,True,ambos desfavoráveis,True,3,True,Convergência nas três dimensões,média,DPI ≥ referência,,com_PBF,0.75,20,72,72,72,1.0
291400,IPIRA,BA,2025,110,110,176,176,2033,2.033,2319,2.319,4.74%,7.59%,87.67%,True,1,286,12.332902112979733,291400,True,291400,IPIRA,BA,2025,32,32,93,93,1990,1990,204,204,2319,2319,1.38%,4.01%,85.81%,8.8%,False,1,125,5.390254420008624,True,2914000,Ipirá (BA),0.509,0.282,0.621,0.624,0.549,0.748,0.39,0.568,0.261,0.476,True,2914000,Ipirá,10728.0,1248.0,11.6,2769.0,25.8,True,2914000,2914000,IPIRA,BA,Nordeste,11.6331096196868,0.03310961968680104,25.81096196868009,0.01096196868008903,2025-01,11.6331096196868,11.6,1248.0,True,True,True,True,True,True,True,True,True,True,True,ambos desfavoráveis,True,3,True,Convergência nas três dimensões,média,DPI ≥ referência,,com_PBF,0.75,20,72,30,72,0.4166666666666667
291465,ITABELA,BA,2025,291,291,159,159,1613,1.613,2063,2.063,14.11%,7.71%,78.19%,True,1,450,21.812893843916626,291465,True,291465,ITABELA,BA,2025,153,153,95,95,1693,1693,122,122,2063,2063,7.42%,4.6%,82.06%,5.91%,False,1,248,12.021328162869608,True,2914653,Itabela (BA),0.507,0.362,0.6,0.559,0.5989999999999999,0.751,0.465,0.614,0.336,0.547,True,2914653,Itabela,4415.0,539.0,12.2,288.0,6.5,True,2914653,2914653,ITABELA,BA,Nordeste,12.208380520951302,0.008380520951302373,6.52321630804077,0.02321630804077035,2025-01,12.208380520951302,12.2,539.0,True,True,True,True,True,True,True,True,True,True,True,ambos desfavoráveis,True,3,True,Convergência nas três dimensões,alta,DPI ≥ referência,,com_PBF,0.75,20,72,27,72,0.375
291500,ITAETE,BA,2025,35,35,31,31,822,822,888,888,3.94%,3.49%,92.57%,False,1,66,7.4324324324324325,291500,True,291500,ITAETE,BA,2025,4,4,22,22,812,812,50,50,888,888,0.45%,2.48%,91.44%,5.63%,False,1,26,2.9279279279279278,True,2915007,Itaeté (BA),0.6019999999999999,0.576,0.585,0.644,0.572,0.719,0.485,0.536,0.304,0.613,True,2915007,Itaeté,3860.0,783.0,20.3,473.0,12.3,True,2915007,2915007,ITAETE,BA,Nordeste,20.28497409326425,-0.015025906735750993,12.253886010362693,-0.046113989637307284,2025-01,20.28497409326425,20.3,783.0,True,True,True,True,True,True,True,True,True,True,True,ambos desfavoráveis,True,3,True,Convergência nas três dimensões,baixa,DPI ≥ referência,,com_PBF,0.75,20,72,12,72,0.16666666666666666
291510,ITAGI,BA,2025,23,23,36,36,595,595,654,654,3.52%,5.5%,90.98%,False,1,59,9.021406727828746,291510,True,291510,ITAGI,BA,2025,5,5,12,12,585,585,52,52,654,654,0.76%,1.83%,89.45%,7.95%,False,1,17,2.599388379204893,True,2915106,Itagi (BA),0.4759999999999999,0.221,0.607,0.6,0.543,0.694,0.426,0.543,0.269,0.537,True,2915106,Itagi,3582.0,660.0,18.4,211.0,5.9,True,2915106,2915106,ITAGI,BA,Nordeste,18.425460636515915,0.025460636515916235,5.890563930764936,-0.009436069235064792,2025-01,18.425460636515915,18.4,660.0,True,True,True,True,True,True,True,True,True,True,True,ambos desfavoráveis,True,3,True,Convergência nas três dimensões,baixa,DPI ≥ referência,,com_PBF,0.75,20,72,12,72,0.16666666666666666
291550,ITAJUIPE,BA,2025,49,49,90,90,737,737,876,876,5.59%,10.27%,84.13%,False,1,139,15.8675799086758,291550,True,291550,ITAJUIPE,BA,2025,7,7,17,17,794,794,58,58,876,876,0.8%,1.94%,90.64%,6.62%,False,1,24,2.73972602739726,True,2915502,Itajuípe (BA),0.445,0.283,0.585,0.467,0.5989999999999999,0.759,0.466,0.609,0.371,0.522,True,2915502,Itajuípe,4146.0,571.0,13.8,777.0,18.7,True,2915502,2915502,ITAJUIPE,BA,Nordeste,13.772310660877954,-0.02768933912204652,18.74095513748191,0.040955137481912374,2025-01,13.772310660877954,13.8,571.0,True,True,True,True,True,True,True,True,True,True,True,ambos desfavoráveis,True,3,True,Convergência nas três dimensões,média,DPI ≥ referência,,com_PBF,0.75,20,72,27,72,0.375
291590,ITANAGRA,BA,2025,12,12,21,21,454,454,487,487,2.46%,4.31%,93.22%,False,1,33,6.7761806981519515,291590,True,291590,ITANAGRA,BA,2025,2,2,11,11,433,433,41,41,487,487,0.41%,2.26%,88.91%,8.42%,False,1,13,2.6694045174537986,True,2915908,Itanagra (BA),0.516,0.385,0.567,0.595,0.5839999999999999,0.796,0.433,0.577,0.303,0.518,True,2915908,Itanagra,2017.0,248.0,12.3,547.0,27.1,True,2915908,2915908,ITANAGRA,BA,Nordeste,12.295488349033217,-0.00451165096678352,27.119484382746656,0.019484382746654205,2025-01,12.295488349033217,12.3,248.0,True,True,True,True,True,True,True,True,True,True,True,ambos desfavoráveis,True,3,True,Convergência nas três dimensões,baixa,DPI ≥ referência,,com_PBF,0.75,20,72,18,72,0.25
291620,ITAPE,BA,2025,14,14,21,21,374,374,409,409,3.42%,5.13%,91.44%,False,1,35,8.557457212713937,291620,True,291620,ITAPE,BA,2025,3,3,12,12,346,346,48,48,409,409,0.73%,2.93%,84.6%,11.74%,False,1,15,3.6674816625916873,True,2916203,Itapé (BA),0.496,0.259,0.626,0.603,0.5989999999999999,0.761,0.491,0.574,0.355,0.578,True,2916203,Itapé,1827.0,262.0,14.3,263.0,14.4,True,2916203,2916203,ITAPE,BA,Nordeste,14.340448823207444,0.04044882320744314,14.395183360700603,-0.004816639299397352,2025-01,14.340448823207444,14.3,262.0,True,True,True,True,True,True,True,True,True,True,True,ambos desfavoráveis,True,3,True,Convergência nas três dimensões,baixa,DPI ≥ referência,,com_PBF,0.75,20,72,9,72,0.125
291700,ITIUBA,BA,2025,120,120,135,135,1747,1.747,2002,2.002,5.99%,6.74%,87.26%,True,1,255,12.737262737262736,291700,True,291700,ITIUBA,BA,2025,27,27,55,55,1768,1768,152,152,2002,2002,1.35%,2.75%,88.31%,7.59%,False,1,82,4.095904095904096,True,2917003,Itiúba (BA),0.524,0.423,0.542,0.606,0.544,0.775,0.398,0.521,0.256,0.496,True,2917003,Itiúba,6526.0,1026.0,15.7,1459.0,22.4,True,2917003,2917003,ITIUBA,BA,Nordeste,15.721728470732454,0.021728470732455207,22.356726938400246,-0.04327306159975208,2025-01,15.721728470732454,15.7,1026.0,True,True,True,True,True,True,True,True,True,True,True,ambos desfavoráveis,True,3,True,Convergência nas três dimensões,média,DPI ≥ referência,,com_PBF,0.75,20,72,45,72,0.625
291733,IUIU,BA,2025,23,23,29,29,557,557,609,609,3.78%,4.76%,91.46%,False,1,52,8.538587848932677,291733,True,291733,IUIU,BA,2025,5,5,9,9,548,548,47,47,609,609,0.82%,1.48%,89.98%,7.72%,False,1,14,2.2988505747126435,True,2917334,Iuiú (BA),0.509,0.497,0.511,0.519,0.5909999999999999,0.74,0.504,0.553,0.312,0.641,True,2917334,Iuiu,2339.0,263.0,11.2,628.0,26.8,True,2917334,2917334,IUIU,BA,Nordeste,11.244121419410003,0.04412141941000414,26.84908080376229,0.049080803762290515,2025-01,11.244121419410003,11.2,263.0,True,True,True,True,True,True,True,True,True,True,True,ambos desfavoráveis,True,3,True,Convergência nas três dimensões,baixa,DPI ≥ referência,,com_PBF,0.75,20,72,15,72,0.20833333333333334
291780,JAGUARIPE,BA,2025,25,25,44,44,871,871,940,940,2.66%,4.68%,92.66%,False,1,69,7.340425531914893,291780,True,291780,JAGUARIPE,BA,2025,7,7,15,15,836,836,82,82,940,940,0.74%,1.6%,88.94%,8.72%,False,1,22,2.3404255319148937,True,2917805,Jaguaripe (BA),0.533,0.423,0.573,0.603,0.556,0.763,0.407,0.552,0.253,0.516,True,2917805,Jaguaripe,4048.0,718.0,17.7,845.0,20.9,True,2917805,2917805,JAGUARIPE,BA,Nordeste,17.73715415019763,0.037154150197629576,20.874505928853754,-0.02549407114624458,2025-01,17.73715415019763,17.7,718.0,True,True,True,True,True,True,True,True,True,True,True,ambos desfavoráveis,True,3,True,Convergência nas três dimensões,baixa,DPI ≥ referência,,com_PBF,0.75,20,72,12,72,0.16666666666666666
291820,JIQUIRICA,BA,2025,30,30,43,43,636,636,709,709,4.23%,6.06%,89.7%,False,1,73,10.296191819464035,291820,True,291820,JIQUIRICA,BA,2025,1,1,19,19,634,634,55,55,709,709,0.14%,2.68%,89.42%,7.76%,False,1,20,2.8208744710860367,True,2918209,Jiquiriçá (BA),0.403,0.142,0.502,0.564,0.553,0.763,0.397,0.558,0.247,0.504,True,2918209,Jiquiriçá,2159.0,259.0,12.0,555.0,25.7,True,2918209,2918209,JIQUIRICA,BA,Nordeste,11.996294580824456,-0.0037054191755441224,25.70634553033812,0.006345530338119687,2025-01,11.996294580824456,12.0,259.0,True,True,True,True,True,True,True,True,True,True,True,ambos desfavoráveis,True,3,True,Convergência nas três dimensões,média,DPI ≥ referência,,com_PBF,0.75,20,72,36,72,0.5
291845,JUCURUCU,BA,2025,25,25,26,26,486,486,537,537,4.66%,4.84%,90.5%,False,1,51,9.497206703910614,291845,True,291845,JUCURUCU,BA,2025,2,2,15,15,486,486,34,34,537,537,0.37%,2.79%,90.5%,6.33%,False,1,17,3.165735567970205,True,2918456,Jucuruçu (BA),0.5,0.325,0.596,0.579,0.541,0.751,0.415,0.508,0.256,0.529,True,2918456,Jucuruçu,1699.0,221.0,13.0,268.0,15.8,True,2918456,2918456,JUCURUCU,BA,Nordeste,13.007651559741024,0.007651559741024272,15.77398469688052,-0.026015303119480748,2025-01,13.007651559741024,13.0,221.0,True,True,True,True,True,True,True,True,True,True,True,ambos desfavoráveis,True,3,True,Convergência nas três dimensões,baixa,DPI ≥ referência,,com_PBF,0.75,20,72,9,72,0.125
291850,JUSSARA,BA,2025,32,32,59,59,855,855,946,946,3.38%,6.24%,90.38%,False,1,91,9.619450317124736,291850,True,291850,JUSSARA,BA,2025,6,6,22,22,851,851,67,67,946,946,0.63%,2.33%,89.96%,7.08%,False,1,28,2.9598308668076108,True,2918506,Jussara (BA),0.518,0.362,0.654,0.539,0.571,0.72,0.476,0.544,0.296,0.603,True,2918506,Jussara,2952.0,401.0,13.6,845.0,28.6,True,2918506,2918506,JUSSARA,BA,Nordeste,13.584010840108402,-0.015989159891597993,28.624661246612465,0.024661246612463827,2025-01,13.584010840108402,13.6,401.0,True,True,True,True,True,True,True,True,True,True,True,ambos desfavoráveis,True,3,True,Convergência nas três dimensões,baixa,DPI ≥ referência,,com_PBF,0.75,20,72,18,72,0.25
291960,MACAJUBA,BA,2025,41,41,31,31,525,525,597,597,6.87%,5.19%,87.94%,False,1,72,12.060301507537687,291960,True,291960,MACAJUBA,BA,2025,21,21,19,19,519,519,38,38,597,597,3.52%,3.18%,86.93%,6.37%,False,1,40,6.700167504187604,True,2919603,Macajuba (BA),0.534,0.265,0.597,0.739,0.524,0.78,0.358,0.515,0.202,0.477,True,2919603,Macajuba,2195.0,314.0,14.3,651.0,29.7,True,2919603,2919603,MACAJUBA,BA,Nordeste,14.305239179954443,0.005239179954442008,29.658314350797266,-0.04168564920273354,2025-01,14.305239179954443,14.3,314.0,True,True,True,True,True,True,True,True,True,True,True,ambos desfavoráveis,True,3,True,Convergência nas três dimensões,média,DPI ≥ referência,,com_PBF,0.75,20,72,36,72,0.5
292010,MAIRI,BA,2025,89,89,63,63,665,665,817,817,10.89%,7.71%,81.4%,False,1,152,18.6046511627907,292010,True,292010,MAIRI,BA,2025,40,40,25,25,708,708,44,44,817,817,4.9%,3.06%,86.66%,5.39%,False,1,65,7.9559363525091795,True,2920106,Mairi (BA),0.466,0.298,0.545,0.556,0.572,0.744,0.438,0.575,0.273,0.554,True,2920106,Mairi,4400.0,1094.0,24.9,318.0,7.2,True,2920106,2920106,MAIRI,BA,Nordeste,24.863636363636363,-0.036363636363635266,7.227272727272727,0.02727272727272645,2025-01,24.863636363636363,24.9,1094.0,True,True,True,True,True,True,True,True,True,True,True,ambos desfavoráveis,True,3,True,Convergência nas três dimensões,média,DPI ≥ referência,,com_PBF,0.75,20,72,36,72,0.5
292020,MALHADA,BA,2025,38,38,44,44,1011,1.011,1093,1.093,3.48%,4.03%,92.5%,True,1,82,7.502287282708142,292020,True,292020,MALHADA,BA,2025,5,5,33,33,984,984,71,71,1093,1093,0.46%,3.02%,90.03%,6.5%,False,1,38,3.476669716376944,True,2920205,Malhada (BA),0.5,0.374,0.574,0.551,0.562,0.734,0.454,0.532,0.28,0.578,True,2920205,Malhada,3252.0,384.0,11.8,290.0,8.9,True,2920205,2920205,MALHADA,BA,Nordeste,11.808118081180812,0.008118081180811032,8.91758917589176,0.017589175891759012,2025-01,11.808118081180812,11.8,384.0,True,True,True,True,True,True,True,True,True,True,True,ambos desfavoráveis,True,3,True,Convergência nas três dimensões,baixa,DPI ≥ referência,,com_PBF,0.75,20,72,6,72,0.08333333333333333
292070,MARAU,BA,2025,80,80,63,63,1233,1.233,1376,1.376,5.81%,4.58%,89.61%,True,1,143,10.392441860465116,292070,True,292070,MARAU,BA,2025,7,7,34,34,1237,1237,98,98,1376,1376,0.51%,2.47%,89.9%,7.12%,False,1,41,2.979651162790698,True,2920700,Maraú (BA),0.497,0.393,0.574,0.524,0.5929999999999999,0.801,0.404,0.643,0.294,0.473,True,2920700,Maraú,5236.0,644.0,12.3,1758.0,33.6,True,2920700,2920700,MARAU,BA,Nordeste,12.299465240641712,-0.0005347593582882837,33.575248281130634,-0.024751718869367778,2025-01,12.299465240641712,12.3,644.0,True,True,True,True,True,True,True,True,True,True,True,ambos desfavoráveis,True,3,True,Convergência nas três dimensões,média,DPI ≥ referência,,com_PBF,0.75,20,72,42,72,0.5833333333333334
292080,MARCIONILIO SOUZA,BA,2025,30,30,24,24,538,538,592,592,5.07%,4.05%,90.88%,False,1,54,9.121621621621621,292080,True,292080,MARCIONILIO SOUZA,BA,2025,4,4,14,14,528,528,46,46,592,592,0.68%,2.36%,89.19%,7.77%,False,1,18,3.040540540540541,True,2920809,Marcionílio Souza (BA),0.574,0.399,0.621,0.703,0.561,0.737,0.463,0.518,0.281,0.595,True,2920809,Marcionílio Souza,1874.0,206.0,11.0,55.0,2.9,True,2920809,2920809,MARCIONILIO SOUZA,BA,Nordeste,10.992529348986126,-0.007470651013873564,2.934898612593383,0.03489861259338323,2025-01,10.992529348986126,11.0,206.0,True,True,True,True,True,True,True,True,True,True,True,ambos desfavoráveis,True,3,True,Convergência nas três dimensões,baixa,DPI ≥ referência,,com_PBF,0.75,20,72,6,72,0.08333333333333333
292140,MIRANGABA,BA,2025,27,27,34,34,753,753,814,814,3.32%,4.18%,92.51%,False,1,61,7.493857493857494,292140,True,292140,MIRANGABA,BA,2025,5,5,12,12,725,725,72,72,814,814,0.61%,1.47%,89.07%,8.85%,False,1,17,2.0884520884520885,True,2921401,Mirangaba (BA),0.572,0.515,0.582,0.62,0.542,0.685,0.454,0.512,0.257,0.604,True,2921401,Mirangaba,3105.0,589.0,19.0,1040.0,33.5,True,2921401,2921401,MIRANGABA,BA,Nordeste,18.96940418679549,-0.03059581320450988,33.49436392914654,-0.005636070853462627,2025-01,18.96940418679549,19.0,589.0,True,True,True,True,True,True,True,True,True,True,True,ambos desfavoráveis,True,3,True,Convergência nas três dimensões,baixa,DPI ≥ referência,,com_PBF,0.75,20,72,24,72,0.3333333333333333
292150,MONTE SANTO,BA,2025,130,130,152,152,2285,2.285,2567,2.567,5.06%,5.92%,89.01%,True,1,282,10.985586287495131,292150,True,292150,MONTE SANTO,BA,2025,12,12,47,47,2278,2278,231,231,2568,2568,0.47%,1.83%,88.71%,9%,False,1,59,2.297507788161994,True,2921500,Monte Santo (BA),0.546,0.352,0.643,0.644,0.506,0.699,0.359,0.515,0.189,0.494,True,2921500,Monte Santo,12421.0,2298.0,18.5,2592.0,20.9,True,2921500,2921500,MONTE SANTO,BA,Nordeste,18.500925851380725,0.0009258513807246516,20.86788503341116,-0.03211496658883917,2025-01,18.500925851380725,18.5,2298.0,True,True,True,True,True,True,True,True,True,True,True,ambos desfavoráveis,True,3,True,Convergência nas três dimensões,média,DPI ≥ referência,,com_PBF,0.75,20,72,24,72,0.3333333333333333
292205,MULUNGU DO MORRO,BA,2025,28,28,61,61,792,792,881,881,3.18%,6.92%,89.9%,False,1,89,10.102156640181612,292205,True,292205,MULUNGU DO MORRO,BA,2025,1,1,18,18,817,817,45,45,881,881,0.11%,2.04%,92.74%,5.11%,False,1,19,2.1566401816118046,True,2922052,Mulungu do Morro (BA),0.516,0.385,0.552,0.61,0.566,0.753,0.466,0.517,0.263,0.62,True,2922052,Mulungu do Morro,2430.0,457.0,18.8,619.0,25.5,True,2922052,2922052,MULUNGU DO MORRO,BA,Nordeste,18.806584362139915,0.006584362139914646,25.473251028806583,-0.026748971193416793,2025-01,18.806584362139915,18.8,457.0,True,True,True,True,True,True,True,True,True,True,True,ambos desfavoráveis,True,3,True,Convergência nas três dimensões,média,DPI ≥ referência,,com_PBF,0.75,20,72,42,72,0.5833333333333334
292210,MUNDO NOVO,BA,2025,27,27,36,36,697,697,760,760,3.55%,4.74%,91.71%,False,1,63,8.289473684210526,292210,True,292210,MUNDO NOVO,BA,2025,8,8,12,12,674,674,66,66,760,760,1.05%,1.58%,88.68%,8.68%,False,1,20,2.631578947368421,True,2922102,Mundo Novo (BA),0.4909999999999999,0.313,0.553,0.607,0.59,0.791,0.429,0.606,0.266,0.544,True,2922102,Mundo Novo,3635.0,839.0,23.1,353.0,9.7,True,2922102,2922102,MUNDO NOVO,BA,Nordeste,23.081155433287485,-0.018844566712516553,9.711141678129298,0.011141678129298782,2025-01,23.081155433287485,23.1,839.0,True,True,True,True,True,True,True,True,True,True,True,ambos desfavoráveis,True,3,True,Convergência nas três dimensões,baixa,DPI ≥ referência,,com_PBF,0.75,20,72,12,72,0.16666666666666666
292265,NORDESTINA,BA,2025,29,29,47,47,667,667,743,743,3.9%,6.33%,89.77%,False,1,76,10.228802153432031,292265,True,292265,NORDESTINA,BA,2025,2,2,21,21,671,671,49,49,743,743,0.27%,2.83%,90.31%,6.59%,False,1,23,3.095558546433378,True,2922656,Nordestina (BA),0.509,0.262,0.576,0.688,0.56,0.743,0.467,0.507,0.289,0.593,True,2922656,Nordestina,2718.0,341.0,12.5,418.0,15.4,True,2922656,2922656,NORDESTINA,BA,Nordeste,12.54598969830758,0.045989698307579374,15.378955114054452,-0.021044885945547875,2025-01,12.54598969830758,12.5,341.0,True,True,True,True,True,True,True,True,True,True,True,ambos desfavoráveis,True,3,True,Convergência nas três dimensões,média,DPI ≥ referência,,com_PBF,0.75,20,72,18,72,0.25
292280,NOVA ITARANA,BA,2025,17,17,24,24,337,337,378,378,4.5%,6.35%,89.15%,False,1,41,10.846560846560847,292280,True,292280,NOVA ITARANA,BA,2025,5,5,13,13,314,314,46,46,378,378,1.32%,3.44%,83.07%,12.17%,False,1,18,4.761904761904762,True,2922805,Nova Itarana (BA),0.6039999999999999,0.391,0.694,0.726,0.524,0.729,0.389,0.508,0.22,0.518,True,2922805,Nova Itarana,1684.0,238.0,14.1,317.0,18.8,True,2922805,2922805,NOVA ITARANA,BA,Nordeste,14.133016627078385,0.033016627078385596,18.824228028503562,0.024228028503561205,2025-01,14.133016627078385,14.1,238.0,True,True,True,True,True,True,True,True,True,True,True,ambos desfavoráveis,True,3,True,Convergência nas três dimensões,média,DPI ≥ referência,,com_PBF,0.75,20,72,18,72,0.25
292285,NOVA REDENCAO,BA,2025,19,19,18,18,339,339,376,376,5.05%,4.79%,90.16%,False,1,37,9.840425531914894,292285,True,292285,NOVA REDENCAO,BA,2025,6,6,11,11,328,328,31,31,376,376,1.6%,2.93%,87.23%,8.24%,False,1,17,4.521276595744681,True,2922854,Nova Redenção (BA),0.567,0.412,0.628,0.661,0.567,0.723,0.471,0.534,0.281,0.609,True,2922854,Nova Redenção,1450.0,287.0,19.8,262.0,18.1,True,2922854,2922854,NOVA REDENCAO,BA,Nordeste,19.79310344827586,-0.006896551724139499,18.068965517241377,-0.031034482758624193,2025-01,19.79310344827586,19.8,287.0,True,True,True,True,True,True,True,True,True,True,True,ambos desfavoráveis,True,3,True,Convergência nas três dimensões,baixa,DPI ≥ referência,,com_PBF,0.75,20,72,12,72,0.16666666666666666
292290,NOVA SOURE,BA,2025,53,53,89,89,1172,1.172,1314,1.314,4.03%,6.77%,89.19%,True,1,142,10.80669710806697,292290,True,292290,NOVA SOURE,BA,2025,5,5,31,31,1186,1186,92,92,1314,1314,0.38%,2.36%,90.26%,7%,False,1,36,2.73972602739726,True,2922904,Nova Soure (BA),0.513,0.23,0.624,0.684,0.555,0.712,0.439,0.548,0.271,0.558,True,2922904,Nova Soure,4829.0,672.0,13.9,974.0,20.2,True,2922904,2922904,NOVA SOURE,BA,Nordeste,13.915924622074963,0.015924622074962258,20.169807413543175,-0.03019258645682399,2025-01,13.915924622074963,13.9,672.0,True,True,True,True,True,True,True,True,True,True,True,ambos desfavoráveis,True,3,True,Convergência nas três dimensões,média,DPI ≥ referência,,com_PBF,0.75,20,72,18,72,0.25
292305,NOVO TRIUNFO,BA,2025,31,31,37,37,417,417,485,485,6.39%,7.63%,85.98%,False,1,68,14.02061855670103,292305,True,292305,NOVO TRIUNFO,BA,2025,3,3,18,18,432,432,32,32,485,485,0.62%,3.71%,89.07%,6.6%,False,1,21,4.329896907216495,True,2923050,Novo Triunfo (BA),0.528,0.314,0.587,0.684,0.554,0.769,0.43,0.513,0.298,0.517,True,2923050,Novo Triunfo,1085.0,186.0,17.1,199.0,18.3,True,2923050,2923050,NOVO TRIUNFO,BA,Nordeste,17.142857142857142,0.04285714285714093,18.34101382488479,0.04101382488478933,2025-01,17.142857142857142,17.1,186.0,True,True,True,True,True,True,True,True,True,True,True,ambos desfavoráveis,True,3,True,Convergência nas três dimensões,média,DPI ≥ referência,,com_PBF,0.75,20,72,36,72,0.5
292320,OLIVEIRA DOS BREJINHOS,BA,2025,45,45,54,54,1087,1.087,1186,1.186,3.79%,4.55%,91.65%,True,1,99,8.347386172006747,292320,True,292320,OLIVEIRA DOS BREJINHOS,BA,2025,5,5,28,28,1080,1080,73,73,1186,1186,0.42%,2.36%,91.06%,6.16%,False,1,33,2.782462057335582,True,2923209,Oliveira dos Brejinhos (BA),0.523,0.268,0.559,0.742,0.554,0.747,0.427,0.533,0.271,0.536,True,2923209,Oliveira dos Brejinhos,3362.0,401.0,11.9,536.0,15.9,True,2923209,2923209,OLIVEIRA DOS BREJINHOS,BA,Nordeste,11.927424152290303,0.027424152290302928,15.942891136228434,0.04289113622843388,2025-01,11.927424152290303,11.9,401.0,True,True,True,True,True,True,True,True,True,True,True,ambos desfavoráveis,True,3,True,Convergência nas três dimensões,baixa,DPI ≥ referência,,com_PBF,0.75,20,72,9,72,0.125
292370,PARATINGA,BA,2025,83,83,118,118,1803,1.803,2004,2.004,4.14%,5.89%,89.97%,True,1,201,10.029940119760479,292370,True,292370,PARATINGA,BA,2025,16,16,53,53,1809,1809,127,127,2005,2005,0.8%,2.64%,90.22%,6.33%,False,1,69,3.4413965087281797,True,2923704,Paratinga (BA),0.458,0.24,0.479,0.654,0.59,0.774,0.51,0.519,0.335,0.63,True,2923704,Paratinga,5722.0,880.0,15.4,1077.0,18.8,True,2923704,2923704,PARATINGA,BA,Nordeste,15.379238028661307,-0.020761971338693286,18.822090178259348,0.022090178259347226,2025-01,15.379238028661307,15.4,880.0,True,True,True,True,True,True,True,True,True,True,True,ambos desfavoráveis,True,3,True,Convergência nas três dimensões,média,DPI ≥ referência,,com_PBF,0.75,20,72,24,72,0.3333333333333333
292420,PEDRO ALEXANDRE,BA,2025,48,48,57,57,839,839,944,944,5.08%,6.04%,88.88%,False,1,105,11.122881355932202,292420,True,292420,PEDRO ALEXANDRE,BA,2025,2,2,24,24,839,839,79,79,944,944,0.21%,2.54%,88.88%,8.37%,False,1,26,2.754237288135593,True,2924207,Pedro Alexandre (BA),0.5929999999999999,0.574,0.629,0.575,0.513,0.778,0.354,0.489,0.229,0.44,True,2924207,Pedro Alexandre,4677.0,789.0,16.9,1900.0,40.6,True,2924207,2924207,PEDRO ALEXANDRE,BA,Nordeste,16.869788325849903,-0.03021167415009529,40.62433183664743,0.024331836647426996,2025-01,16.869788325849903,16.9,789.0,True,True,True,True,True,True,True,True,True,True,True,ambos desfavoráveis,True,3,True,Convergência nas três dimensões,média,DPI ≥ referência,,com_PBF,0.75,20,72,48,72,0.6666666666666666
292430,PIATA,BA,2025,40,40,66,66,882,882,988,988,4.05%,6.68%,89.27%,False,1,106,10.728744939271255,292430,True,292430,PIATA,BA,2025,8,8,31,31,881,881,68,68,988,988,0.81%,3.14%,89.17%,6.88%,False,1,39,3.9473684210526314,True,2924306,Piatã (BA),0.43,0.142,0.502,0.646,0.571,0.769,0.447,0.543,0.244,0.605,True,2924306,Piatã,3552.0,397.0,11.2,661.0,18.6,True,2924306,2924306,PIATA,BA,Nordeste,11.176801801801801,-0.023198198198198128,18.609234234234233,0.009234234234231309,2025-01,11.176801801801801,11.2,397.0,True,True,True,True,True,True,True,True,True,True,True,ambos desfavoráveis,True,3,True,Convergência nas três dimensões,média,DPI ≥ referência,,com_PBF,0.75,20,72,12,72,0.16666666666666666
292440,PILAO ARCADO,BA,2025,149,149,180,180,1391,1.391,1720,1.72,8.66%,10.47%,80.87%,True,1,329,19.127906976744185,292440,True,292440,PILAO ARCADO,BA,2025,28,28,75,75,1478,1478,138,138,1719,1719,1.63%,4.36%,85.98%,8.03%,False,1,103,5.991855730075625,True,2924405,Pilão Arcado (BA),0.526,0.319,0.629,0.629,0.506,0.737,0.343,0.514,0.204,0.444,True,2924405,Pilão Arcado,5590.0,1091.0,19.5,654.0,11.7,True,2924405,2924405,PILAO ARCADO,BA,Nordeste,19.516994633273704,0.016994633273704096,11.699463327370305,-0.000536672629694479,2025-01,19.516994633273704,19.5,1091.0,True,True,True,True,True,True,True,True,True,True,True,ambos desfavoráveis,True,3,True,Convergência nas três dimensões,média,DPI ≥ referência,,com_PBF,0.75,20,72,36,72,0.5
292460,PINDOBACU,BA,2025,90,90,114,114,971,971,1175,1.175,7.66%,9.7%,82.64%,True,1,204,17.361702127659576,292460,True,292460,PINDOBACU,BA,2025,26,26,38,38,1053,1053,58,58,1175,1175,2.21%,3.23%,89.62%,4.94%,False,1,64,5.446808510638298,True,2924603,Pindobaçu (BA),0.435,0.275,0.479,0.552,0.5769999999999998,0.757,0.482,0.527,0.332,0.58,True,2924603,Pindobaçu,4064.0,527.0,13.0,819.0,20.2,True,2924603,2924603,PINDOBACU,BA,Nordeste,12.967519685039369,-0.03248031496063142,20.15255905511811,-0.047440944881888214,2025-01,12.967519685039369,13.0,527.0,True,True,True,True,True,True,True,True,True,True,True,ambos desfavoráveis,True,3,True,Convergência nas três dimensões,média,DPI ≥ referência,,com_PBF,0.75,20,72,27,72,0.375
292480,PIRITIBA,BA,2025,68,68,44,44,690,690,802,802,8.48%,5.49%,86.03%,False,1,112,13.96508728179551,292480,True,292480,PIRITIBA,BA,2025,9,9,27,27,696,696,70,70,802,802,1.12%,3.37%,86.78%,8.73%,False,1,36,4.488778054862843,True,2924801,Piritiba (BA),0.503,0.307,0.621,0.582,0.5779999999999998,0.76,0.449,0.566,0.288,0.56,True,2924801,Piritiba,3630.0,734.0,20.2,939.0,25.9,True,2924801,2924801,PIRITIBA,BA,Nordeste,20.22038567493113,0.020385674931130637,25.867768595041323,-0.032231404958675824,2025-01,20.22038567493113,20.2,734.0,True,True,True,True,True,True,True,True,True,True,True,ambos desfavoráveis,True,3,True,Convergência nas três dimensões,média,DPI ≥ referência,,com_PBF,0.75,20,72,63,72,0.875
292490,PLANALTINO,BA,2025,8,8,18,18,276,276,302,302,2.65%,5.96%,91.39%,False,1,26,8.609271523178808,292490,True,292490,PLANALTINO,BA,2025,3,3,7,7,275,275,17,17,302,302,0.99%,2.32%,91.06%,5.63%,False,1,10,3.3112582781456954,True,2924900,Planaltino (BA),0.56,0.535,0.584,0.56,0.572,0.708,0.462,0.573,0.25,0.628,True,2924900,Planaltino,1835.0,210.0,11.4,171.0,9.3,True,2924900,2924900,PLANALTINO,BA,Nordeste,11.444141689373296,0.04414168937329599,9.318801089918257,0.018801089918255798,2025-01,11.444141689373296,11.4,210.0,True,True,True,True,True,True,True,True,True,True,True,ambos desfavoráveis,True,3,True,Convergência nas três dimensões,baixa,DPI ≥ referência,,com_PBF,0.75,20,72,6,72,0.08333333333333333
292525,PONTO NOVO,BA,2025,51,51,62,62,1157,1.157,1270,1.27,4.02%,4.88%,91.1%,True,1,113,8.89763779527559,292525,True,292525,PONTO NOVO,BA,2025,7,7,34,34,1124,1124,105,105,1270,1270,0.55%,2.68%,88.5%,8.27%,False,1,41,3.2283464566929134,True,2925253,Ponto Novo (BA),0.468,0.169,0.597,0.638,0.5799999999999998,0.762,0.475,0.539,0.284,0.615,True,2925253,Ponto Novo,3585.0,573.0,16.0,770.0,21.5,True,2925253,2925253,PONTO NOVO,BA,Nordeste,15.983263598326362,-0.016736401673638213,21.478382147838214,-0.021617852161785578,2025-01,15.983263598326362,16.0,573.0,True,True,True,True,True,True,True,True,True,True,True,ambos desfavoráveis,True,3,True,Convergência nas três dimensões,baixa,DPI ≥ referência,,com_PBF,0.75,20,72,15,72,0.20833333333333334
292580,QUEIMADAS,BA,2025,73,73,71,71,1070,1.07,1214,1.214,6.01%,5.85%,88.14%,True,1,144,11.86161449752883,292580,True,292580,QUEIMADAS,BA,2025,24,24,36,36,1061,1061,93,93,1214,1214,1.98%,2.97%,87.4%,7.66%,False,1,60,4.942339373970346,True,2925808,Queimadas (BA),0.52,0.445,0.473,0.641,0.5919999999999999,0.764,0.493,0.55,0.314,0.617,True,2925808,Queimadas,4024.0,600.0,14.9,642.0,16.0,True,2925808,2925808,QUEIMADAS,BA,Nordeste,14.910536779324055,0.01053677932405428,15.954274353876741,-0.04572564612325891,2025-01,14.910536779324055,14.9,600.0,True,True,True,True,True,True,True,True,True,True,True,ambos desfavoráveis,True,3,True,Convergência nas três dimensões,média,DPI ≥ referência,,com_PBF,0.75,20,72,18,72,0.25
292593,QUIXABEIRA,BA,2025,10,10,19,19,319,319,348,348,2.87%,5.46%,91.67%,False,1,29,8.333333333333332,292593,True,292593,QUIXABEIRA,BA,2025,3,3,7,7,315,315,23,23,348,348,0.86%,2.01%,90.52%,6.61%,False,1,10,2.8735632183908044,True,2925931,Quixabeira (BA),0.4249999999999999,0.198,0.528,0.548,0.5779999999999998,0.753,0.469,0.547,0.261,0.629,True,2925931,Quixabeira,1590.0,185.0,11.6,240.0,15.1,True,2925931,2925931,QUIXABEIRA,BA,Nordeste,11.635220125786164,0.0352201257861644,15.09433962264151,-0.00566037735849001,2025-01,11.635220125786164,11.6,185.0,True,True,True,True,True,True,True,True,True,True,True,ambos desfavoráveis,True,3,True,Convergência nas três dimensões,baixa,DPI ≥ referência,,com_PBF,0.75,20,72,6,72,0.08333333333333333
292650,RIBEIRA DO AMPARO,BA,2025,50,50,44,44,732,732,826,826,6.05%,5.33%,88.62%,False,1,94,11.380145278450362,292650,True,292650,RIBEIRA DO AMPARO,BA,2025,8,8,27,27,726,726,65,65,826,826,0.97%,3.27%,87.89%,7.87%,False,1,35,4.23728813559322,True,2926509,Ribeira do Amparo (BA),0.511,0.287,0.591,0.656,0.512,0.694,0.384,0.503,0.218,0.509,True,2926509,Ribeira do Amparo,2358.0,350.0,14.8,444.0,18.8,True,2926509,2926509,RIBEIRA DO AMPARO,BA,Nordeste,14.843087362171332,0.04308736217133102,18.829516539440203,0.02951653944020194,2025-01,14.843087362171332,14.8,350.0,True,True,True,True,True,True,True,True,True,True,True,ambos desfavoráveis,True,3,True,Convergência nas três dimensões,média,DPI ≥ referência,,com_PBF,0.75,20,72,18,72,0.25
292760,SANTA BRIGIDA,BA,2025,39,39,84,84,859,859,982,982,3.97%,8.55%,87.47%,False,1,123,12.525458248472503,292760,True,292760,SANTA BRIGIDA,BA,2025,2,2,17,17,896,896,67,67,982,982,0.2%,1.73%,91.24%,6.82%,False,1,19,1.9348268839103868,True,2927606,Santa Brígida (BA),0.544,0.359,0.591,0.681,0.546,0.71,0.431,0.533,0.256,0.56,True,2927606,Santa Brígida,2688.0,453.0,16.9,353.0,13.1,True,2927606,2927606,SANTA BRIGIDA,BA,Nordeste,16.852678571428573,-0.04732142857142563,13.132440476190476,0.03244047619047663,2025-01,16.852678571428573,16.9,453.0,True,True,True,True,True,True,True,True,True,True,True,ambos desfavoráveis,True,3,True,Convergência nas três dimensões,média,DPI ≥ referência,,com_PBF,0.75,20,72,36,72,0.5
292830,SANTANOPOLIS,BA,2025,22,22,32,32,444,444,498,498,4.42%,6.43%,89.16%,False,1,54,10.843373493975903,292830,True,292830,SANTANOPOLIS,BA,2025,5,5,17,17,446,446,30,30,498,498,1%,3.41%,89.56%,6.02%,False,1,22,4.417670682730924,True,2928307,Santanópolis (BA),0.536,0.459,0.485,0.664,0.5919999999999999,0.746,0.496,0.561,0.331,0.608,True,2928307,Santanópolis,1698.0,272.0,16.0,338.0,19.9,True,2928307,2928307,SANTANOPOLIS,BA,Nordeste,16.0188457008245,0.018845700824499545,19.905771495877502,0.005771495877503696,2025-01,16.0188457008245,16.0,272.0,True,True,True,True,True,True,True,True,True,True,True,ambos desfavoráveis,True,3,True,Convergência nas três dimensões,média,DPI ≥ referência,,com_PBF,0.75,20,72,24,72,0.3333333333333333
292935,SAO JOSE DA VITORIA,BA,2025,9,9,17,17,296,296,322,322,2.8%,5.28%,91.93%,False,1,26,8.074534161490684,292935,True,292935,SAO JOSE DA VITORIA,BA,2025,2,2,8,8,286,286,26,26,322,322,0.62%,2.48%,88.82%,8.07%,False,1,10,3.1055900621118013,True,2929354,São José da Vitória (BA),0.517,0.328,0.654,0.568,0.546,0.686,0.429,0.553,0.286,0.525,True,2929354,São José da Vitória,1159.0,154.0,13.3,93.0,8.0,True,2929354,2929354,SAO JOSE DA VITORIA,BA,Nordeste,13.287316652286455,-0.012683347713545956,8.02415875754961,0.0241587575496105,2025-01,13.287316652286455,13.3,154.0,True,True,True,True,True,True,True,True,True,True,True,ambos desfavoráveis,True,3,True,Convergência nas três dimensões,baixa,DPI ≥ referência,,com_PBF,0.75,20,72,9,72,0.125
292980,SAUDE,BA,2025,19,19,24,24,443,443,486,486,3.91%,4.94%,91.15%,False,1,43,8.847736625514404,292980,True,292980,SAUDE,BA,2025,4,4,11,11,436,436,35,35,486,486,0.82%,2.26%,89.71%,7.2%,False,1,15,3.0864197530864197,True,2929800,Saúde (BA),0.4909999999999999,0.241,0.598,0.634,0.549,0.685,0.442,0.546,0.3,0.536,True,2929800,Saúde,2270.0,454.0,20.0,196.0,8.6,True,2929800,2929800,SAUDE,BA,Nordeste,20.0,0.0,8.634361233480176,0.03436123348017617,2025-01,20.0,20.0,454.0,True,True,True,True,True,True,True,True,True,True,True,ambos desfavoráveis,True,3,True,Convergência nas três dimensões,baixa,DPI ≥ referência,,com_PBF,0.75,20,72,12,72,0.16666666666666666
293020,SENTO SE,BA,2025,133,133,190,190,2004,2.004,2327,2.327,5.72%,8.17%,86.12%,True,1,323,13.880532874946283,293020,True,293020,SENTO SE,BA,2025,24,24,78,78,2092,2092,133,133,2327,2327,1.03%,3.35%,89.9%,5.72%,False,1,102,4.383326171035669,True,2930204,Sento Sé (BA),0.4859999999999999,0.335,0.555,0.567,0.5849999999999999,0.778,0.48,0.535,0.302,0.606,True,2930204,Sento Sé,7943.0,1412.0,17.8,2292.0,28.9,True,2930204,2930204,SENTO SE,BA,Nordeste,17.77665869318897,-0.023341306811030194,28.855596122371903,-0.0444038776280955,2025-01,17.77665869318897,17.8,1412.0,True,True,True,True,True,True,True,True,True,True,True,ambos desfavoráveis,True,3,True,Convergência nas três dimensões,média,DPI ≥ referência,,com_PBF,0.75,20,72,63,72,0.875
293060,SERROLANDIA,BA,2025,24,24,40,40,595,595,659,659,3.64%,6.07%,90.29%,False,1,64,9.711684370257966,293060,True,293060,SERROLANDIA,BA,2025,3,3,23,23,597,597,36,36,659,659,0.46%,3.49%,90.59%,5.46%,False,1,26,3.9453717754172986,True,2930600,Serrolândia (BA),0.406,0.162,0.496,0.559,0.59,0.721,0.508,0.56,0.317,0.644,True,2930600,Serrolândia,1905.0,281.0,14.8,372.0,19.5,True,2930600,2930600,SERROLANDIA,BA,Nordeste,14.750656167979004,-0.04934383202099646,19.52755905511811,0.027559055118111075,2025-01,14.750656167979004,14.8,281.0,True,True,True,True,True,True,True,True,True,True,True,ambos desfavoráveis,True,3,True,Convergência nas três dimensões,baixa,DPI ≥ referência,,com_PBF,0.75,20,72,9,72,0.125
293076,SITIO DO QUINTO,BA,2025,14,14,38,38,559,559,611,611,2.29%,6.22%,91.49%,False,1,52,8.51063829787234,293076,True,293076,SITIO DO QUINTO,BA,2025,6,6,10,10,562,562,33,33,611,611,0.98%,1.64%,91.98%,5.4%,False,1,16,2.618657937806874,True,2930766,Sítio do Quinto (BA),0.516,0.332,0.646,0.569,0.533,0.695,0.395,0.552,0.193,0.565,True,2930766,Sítio do Quinto,1979.0,443.0,22.4,553.0,27.9,True,2930766,2930766,SITIO DO QUINTO,BA,Nordeste,22.385042950985344,-0.014957049014654444,27.943405760485096,0.043405760485097034,2025-01,22.385042950985344,22.4,443.0,True,True,True,True,True,True,True,True,True,True,True,ambos desfavoráveis,True,3,True,Convergência nas três dimensões,baixa,DPI ≥ referência,,com_PBF,0.75,20,72,21,72,0.2916666666666667
293080,SOUTO SOARES,BA,2025,34,34,54,54,935,935,1023,1.023,3.32%,5.28%,91.4%,True,1,88,8.60215053763441,293080,True,293080,SOUTO SOARES,BA,2025,7,7,26,26,941,941,49,49,1023,1023,0.68%,2.54%,91.98%,4.79%,False,1,33,3.225806451612903,True,2930808,Souto Soares (BA),0.4889999999999999,0.303,0.544,0.619,0.5919999999999999,0.734,0.53,0.533,0.324,0.678,True,2930808,Souto Soares,2493.0,324.0,13.0,618.0,24.8,True,2930808,2930808,SOUTO SOARES,BA,Nordeste,12.996389891696749,-0.003610108303250925,24.789410348977135,-0.010589651022865354,2025-01,12.996389891696749,13.0,324.0,True,True,True,True,True,True,True,True,True,True,True,ambos desfavoráveis,True,3,True,Convergência nas três dimensões,baixa,DPI ≥ referência,,com_PBF,0.75,20,72,18,72,0.25
293130,TAPIRAMUTA,BA,2025,22,22,26,26,574,574,622,622,3.54%,4.18%,92.28%,False,1,48,7.717041800643088,293130,True,293130,TAPIRAMUTA,BA,2025,11,11,16,16,543,543,52,52,622,622,1.77%,2.57%,87.3%,8.36%,False,1,27,4.340836012861737,True,2931301,Tapiramutá (BA),0.513,0.374,0.583,0.582,0.5939999999999999,0.752,0.473,0.589,0.302,0.592,True,2931301,Tapiramutá,2837.0,568.0,20.0,261.0,9.2,True,2931301,2931301,TAPIRAMUTA,BA,Nordeste,20.0211491011632,0.0211491011631999,9.199859005992245,-0.0001409940077543581,2025-01,20.0211491011632,20.0,568.0,True,True,True,True,True,True,True,True,True,True,True,ambos desfavoráveis,True,3,True,Convergência nas três dimensões,baixa,DPI ≥ referência,,com_PBF,0.75,20,72,12,72,0.16666666666666666
293140,TEODORO SAMPAIO,BA,2025,13,13,15,15,254,254,282,282,4.61%,5.32%,90.07%,False,1,28,9.929078014184398,293140,True,293140,TEODORO SAMPAIO,BA,2025,3,3,6,6,255,255,18,18,282,282,1.06%,2.13%,90.43%,6.38%,False,1,9,3.1914893617021276,True,2931400,Teodoro Sampaio (BA),0.531,0.29,0.6,0.702,0.5939999999999999,0.774,0.477,0.567,0.344,0.562,True,2931400,Teodoro Sam- paio,1950.0,322.0,16.5,885.0,45.4,True,2931400,2931400,TEODORO SAMPAIO,BA,Nordeste,16.512820512820515,0.012820512820514551,45.38461538461539,-0.015384615384611777,2025-01,16.512820512820515,16.5,322.0,True,True,True,True,True,True,True,True,True,True,True,ambos desfavoráveis,True,3,True,Convergência nas três dimensões,baixa,DPI ≥ referência,,com_PBF,0.75,20,72,24,72,0.3333333333333333
293170,TERRA NOVA,BA,2025,31,31,43,43,460,460,534,534,5.81%,8.05%,86.14%,False,1,74,13.857677902621724,293170,True,293170,TERRA NOVA,BA,2025,6,6,9,9,474,474,45,45,534,534,1.12%,1.69%,88.76%,8.43%,False,1,15,2.8089887640449436,True,2931707,Terra Nova (BA),0.45,0.318,0.499,0.533,0.5779999999999998,0.7,0.474,0.581,0.355,0.547,True,2931707,Terra Nova,3381.0,913.0,27.0,176.0,5.2,True,2931707,2931707,TERRA NOVA,BA,Nordeste,27.003845016267373,0.0038450162673733246,5.20556048506359,0.005560485063590193,2025-01,27.003845016267373,27.0,913.0,True,True,True,True,True,True,True,True,True,True,True,ambos desfavoráveis,True,3,True,Convergência nas três dimensões,média,DPI ≥ referência,,com_PBF,0.75,20,72,36,72,0.5
293210,UBAIRA,BA,2025,38,38,57,57,868,868,963,963,3.95%,5.92%,90.13%,False,1,95,9.865005192107997,293210,True,293210,UBAIRA,BA,2025,4,4,22,22,863,863,74,74,963,963,0.42%,2.28%,89.62%,7.68%,False,1,26,2.699896157840083,True,2932101,Ubaíra (BA),0.46,0.276,0.51,0.594,0.5819999999999999,0.759,0.447,0.581,0.274,0.571,True,2932101,Ubaíra,2751.0,420.0,15.3,584.0,21.2,True,2932101,2932101,UBAIRA,BA,Nordeste,15.267175572519085,-0.032824427480916185,21.22864412940749,0.02864412940748906,2025-01,15.267175572519085,15.3,420.0,True,True,True,True,True,True,True,True,True,True,True,ambos desfavoráveis,True,3,True,Convergência nas três dimensões,baixa,DPI ≥ referência,,com_PBF,0.75,20,72,12,72,0.16666666666666666
293245,UMBURANAS,BA,2025,48,48,74,74,817,817,939,939,5.11%,7.88%,87.01%,False,1,122,12.99254526091587,293245,True,293245,UMBURANAS,BA,2025,6,6,24,24,828,828,81,81,939,939,0.64%,2.56%,88.18%,8.63%,False,1,30,3.1948881789137378,True,2932457,Umburanas (BA),0.556,0.374,0.572,0.721,0.515,0.705,0.413,0.469,0.25,0.531,True,2932457,Umburanas,2660.0,323.0,12.1,634.0,23.8,True,2932457,2932457,UMBURANAS,BA,Nordeste,12.142857142857142,0.042857142857142705,23.834586466165415,0.03458646616541472,2025-01,12.142857142857142,12.1,323.0,True,True,True,True,True,True,True,True,True,True,True,ambos desfavoráveis,True,3,True,Convergência nas três dimensões,média,DPI ≥ referência,,com_PBF,0.75,20,72,45,72,0.625
293280,UTINGA,BA,2025,37,37,26,26,832,832,895,895,4.13%,2.91%,92.96%,False,1,63,7.039106145251396,293280,True,293280,UTINGA,BA,2025,2,2,15,15,798,798,80,80,895,895,0.22%,1.68%,89.16%,8.94%,False,1,17,1.899441340782123,True,2932804,Utinga (BA),0.46,0.353,0.538,0.488,0.59,0.706,0.487,0.597,0.341,0.582,True,2932804,Utinga,3721.0,591.0,15.9,863.0,23.2,True,2932804,2932804,UTINGA,BA,Nordeste,15.882827196990057,-0.017172803009943394,23.19269013705993,-0.007309862940068967,2025-01,15.882827196990057,15.9,591.0,True,True,True,True,True,True,True,True,True,True,True,ambos desfavoráveis,True,3,True,Convergência nas três dimensões,baixa,DPI ≥ referência,,com_PBF,0.75,20,72,18,72,0.25
293305,VARZEA DA ROCA,BA,2025,42,42,46,46,589,589,677,677,6.2%,6.79%,87%,False,1,88,12.998522895125554,293305,True,293305,VARZEA DA ROCA,BA,2025,2,2,15,15,602,602,58,58,677,677,0.3%,2.22%,88.92%,8.57%,False,1,17,2.511078286558346,True,2933059,Várzea da Roça (BA),0.4719999999999999,0.204,0.568,0.644,0.539,0.775,0.374,0.539,0.2,0.511,True,2933059,Várzea da Roça,3052.0,407.0,13.3,644.0,21.1,True,2933059,2933059,VARZEA DA ROCA,BA,Nordeste,13.33551769331586,0.03551769331585852,21.100917431192663,0.0009174311926614109,2025-01,13.33551769331586,13.3,407.0,True,True,True,True,True,True,True,True,True,True,True,ambos desfavoráveis,True,3,True,Convergência nas três dimensões,média,DPI ≥ referência,,com_PBF,0.75,20,72,27,72,0.375
293325,VEREDA,BA,2025,17,17,18,18,289,289,324,324,5.25%,5.56%,89.2%,False,1,35,10.802469135802468,293325,True,293325,VEREDA,BA,2025,1,1,8,8,285,285,30,30,324,324,0.31%,2.47%,87.96%,9.26%,False,1,9,2.7777777777777777,True,2933257,Vereda (BA),0.41,0.173,0.499,0.558,0.5769999999999998,0.777,0.436,0.568,0.236,0.592,True,2933257,Vereda,996.0,123.0,12.3,146.0,14.7,True,2933257,2933257,VEREDA,BA,Nordeste,12.349397590361445,0.04939759036144409,14.65863453815261,-0.04136546184738954,2025-01,12.349397590361445,12.3,123.0,True,True,True,True,True,True,True,True,True,True,True,ambos desfavoráveis,True,3,True,Convergência nas três dimensões,média,DPI ≥ referência,,com_PBF,0.75,20,72,18,72,0.25
293340,WAGNER,BA,2025,17,17,19,19,380,380,416,416,4.09%,4.57%,91.35%,False,1,36,8.653846153846153,293340,True,293340,WAGNER,BA,2025,4,4,8,8,367,367,37,37,416,416,0.96%,1.92%,88.22%,8.89%,False,1,12,2.8846153846153846,True,2933406,Wagner (BA),0.4819999999999999,0.408,0.55,0.488,0.5869999999999999,0.737,0.479,0.573,0.343,0.566,True,2933406,Wagner,1346.0,182.0,13.5,265.0,19.7,True,2933406,2933406,WAGNER,BA,Nordeste,13.521545319465082,0.021545319465081647,19.687964338781576,-0.012035661218423144,2025-01,13.521545319465082,13.5,182.0,True,True,True,True,True,True,True,True,True,True,True,ambos desfavoráveis,True,3,True,Convergência nas três dimensões,baixa,DPI ≥ referência,,com_PBF,0.75,20,72,9,72,0.125
293350,WENCESLAU GUIMARAES,BA,2025,101,101,116,116,1128,1.128,1345,1.345,7.51%,8.62%,83.87%,True,1,217,16.133828996282528,293350,True,293350,WENCESLAU GUIMARAES,BA,2025,25,25,45,45,1189,1189,86,86,1345,1345,1.86%,3.35%,88.4%,6.39%,False,1,70,5.204460966542751,True,2933505,Wenceslau Guimarães (BA),0.513,0.372,0.622,0.546,0.544,0.752,0.383,0.558,0.263,0.463,True,2933505,Wenceslau Guimarães,3223.0,420.0,13.0,649.0,20.1,True,2933505,2933505,WENCESLAU GUIMARAES,BA,Nordeste,13.031337263419173,0.03133726341917331,20.13651877133106,0.036518771331056854,2025-01,13.031337263419173,13.0,420.0,True,True,True,True,True,True,True,True,True,True,True,ambos desfavoráveis,True,3,True,Convergência nas três dimensões,média,DPI ≥ referência,,com_PBF,0.75,20,72,27,72,0.375
230030,ACOPIARA,CE,2025,108,108,152,152,1894,1.894,2154,2.154,5.01%,7.06%,87.93%,True,1,260,12.070566388115136,230030,True,230030,ACOPIARA,CE,2025,16,16,79,79,1882,1882,177,177,2154,2154,0.74%,3.67%,87.37%,8.22%,False,1,95,4.410399257195915,True,2300309,Acopiara (CE),0.4279999999999999,0.186,0.526,0.571,0.5949999999999999,0.724,0.517,0.563,0.302,0.677,True,2300309,Acopiara,7236.0,1126.0,15.6,1866.0,25.8,True,2300309,2300309,ACOPIARA,CE,Nordeste,15.561083471531234,-0.03891652846876603,25.787728026533998,-0.012271973466003061,2025-01,15.561083471531234,15.6,1126.0,True,True,True,True,True,True,True,True,True,True,True,ambos desfavoráveis,True,3,True,Convergência nas três dimensões,média,DPI ≥ referência,,com_PBF,0.75,20,72,42,72,0.5833333333333334
230040,AIUABA,CE,2025,48,48,56,56,671,671,775,775,6.19%,7.23%,86.58%,False,1,104,13.419354838709676,230040,True,230040,AIUABA,CE,2025,5,5,19,19,701,701,50,50,775,775,0.65%,2.45%,90.45%,6.45%,False,1,24,3.096774193548387,True,2300408,Aiuaba (CE),0.461,0.218,0.57,0.595,0.569,0.749,0.474,0.518,0.274,0.624,True,2300408,Aiuaba,2795.0,602.0,21.5,275.0,9.8,True,2300408,2300408,AIUABA,CE,Nordeste,21.53846153846154,0.0384615384615401,9.838998211091235,0.03899821109123458,2025-01,21.53846153846154,21.5,602.0,True,True,True,True,True,True,True,True,True,True,True,ambos desfavoráveis,True,3,True,Convergência nas três dimensões,média,DPI ≥ referência,,com_PBF,0.75,20,72,36,72,0.5
230300,CARIDADE,CE,2025,77,77,77,77,1014,1.014,1168,1.168,6.59%,6.59%,86.82%,True,1,154,13.184931506849315,230300,True,230300,CARIDADE,CE,2025,12,12,35,35,938,938,183,183,1168,1168,1.03%,3%,80.31%,15.67%,False,1,47,4.023972602739726,True,2303006,Caridade (CE),0.542,0.48,0.587,0.559,0.5919999999999999,0.779,0.505,0.528,0.323,0.632,True,2303006,Caridade,3358.0,600.0,17.9,823.0,24.5,True,2303006,2303006,CARIDADE,CE,Nordeste,17.86777843954735,-0.03222156045264768,24.508636092912447,0.008636092912446713,2025-01,17.86777843954735,17.9,600.0,True,True,True,True,True,True,True,True,True,True,True,ambos desfavoráveis,True,3,True,Convergência nas três dimensões,média,DPI ≥ referência,,com_PBF,0.75,20,72,54,72,0.75
230310,CARIRE,CE,2025,56,56,57,57,832,832,945,945,5.93%,6.03%,88.04%,False,1,113,11.957671957671957,230310,True,230310,CARIRE,CE,2025,5,5,27,27,828,828,85,85,945,945,0.53%,2.86%,87.62%,8.99%,False,1,32,3.3862433862433865,True,2303105,Cariré (CE),0.434,0.227,0.553,0.523,0.5959999999999999,0.749,0.526,0.537,0.329,0.665,True,2303105,Cariré,3833.0,515.0,13.4,1102.0,28.8,True,2303105,2303105,CARIRE,CE,Nordeste,13.435950952256718,0.03595095225671763,28.750326115314373,-0.04967388468562817,2025-01,13.435950952256718,13.4,515.0,True,True,True,True,True,True,True,True,True,True,True,ambos desfavoráveis,True,3,True,Convergência nas três dimensões,média,DPI ≥ referência,,com_PBF,0.75,20,72,36,72,0.5
230320,CARIRIACU,CE,2025,43,43,81,81,1672,1.672,1796,1.796,2.39%,4.51%,93.1%,True,1,124,6.904231625835189,230320,True,230320,CARIRIACU,CE,2025,8,8,33,33,1616,1616,139,139,1796,1796,0.45%,1.84%,89.98%,7.74%,False,1,41,2.282850779510022,True,2303204,Caririaçu (CE),0.4839999999999999,0.284,0.584,0.583,0.5779999999999998,0.73,0.483,0.549,0.303,0.609,True,2303204,Caririaçu,5272.0,821.0,15.6,356.0,6.8,True,2303204,2303204,CARIRIACU,CE,Nordeste,15.572837632776935,-0.027162367223064976,6.752655538694992,-0.047344461305008245,2025-01,15.572837632776935,15.6,821.0,True,True,True,True,True,True,True,True,True,True,True,ambos desfavoráveis,True,3,True,Convergência nas três dimensões,baixa,DPI ≥ referência,,com_PBF,0.75,20,72,12,72,0.16666666666666666
230390,CHAVAL,CE,2025,30,30,44,44,736,736,810,810,3.7%,5.43%,90.86%,False,1,74,9.135802469135802,230390,True,230390,CHAVAL,CE,2025,7,7,17,17,717,717,69,69,810,810,0.86%,2.1%,88.52%,8.52%,False,1,24,2.9629629629629632,True,2303907,Chaval (CE),0.505,0.381,0.579,0.556,0.5859999999999999,0.716,0.536,0.524,0.323,0.691,True,2303907,Chaval,2064.0,460.0,22.3,82.0,4.0,True,2303907,2303907,CHAVAL,CE,Nordeste,22.28682170542636,-0.013178294573641836,3.9728682170542635,-0.027131782945736482,2025-01,22.28682170542636,22.3,460.0,True,True,True,True,True,True,True,True,True,True,True,ambos desfavoráveis,True,3,True,Convergência nas três dimensões,baixa,DPI ≥ referência,,com_PBF,0.75,20,72,12,72,0.16666666666666666
230393,CHORO,CE,2025,26,26,54,54,588,588,668,668,3.89%,8.08%,88.02%,False,1,80,11.976047904191617,230393,True,230393,CHORO,CE,2025,2,2,13,13,570,570,83,83,668,668,0.3%,1.95%,85.33%,12.43%,False,1,15,2.245508982035928,True,2303931,Choró (CE),0.5809999999999998,0.579,0.577,0.588,0.5849999999999999,0.778,0.523,0.493,0.321,0.668,True,2303931,Choró,2967.0,474.0,16.0,855.0,28.8,True,2303931,2303931,CHORO,CE,Nordeste,15.975733063700709,-0.02426693629929133,28.816986855409503,0.01698685540950251,2025-01,15.975733063700709,16.0,474.0,True,True,True,True,True,True,True,True,True,True,True,ambos desfavoráveis,True,3,True,Convergência nas três dimensões,média,DPI ≥ referência,,com_PBF,0.75,20,72,42,72,0.5833333333333334
230460,GENERAL SAMPAIO,CE,2025,22,22,25,25,378,378,425,425,5.18%,5.88%,88.94%,False,1,47,11.058823529411764,230460,True,230460,GENERAL SAMPAIO,CE,2025,1,1,9,9,356,356,59,59,425,425,0.24%,2.12%,83.76%,13.88%,False,1,10,2.3529411764705883,True,2304608,General Sampaio (CE),0.453,0.266,0.553,0.541,0.568,0.744,0.449,0.548,0.267,0.582,True,2304608,General Sam- paio,1287.0,264.0,20.5,220.0,17.1,True,2304608,2304608,GENERAL SAMPAIO,CE,Nordeste,20.51282051282051,0.012820512820510999,17.094017094017094,-0.005982905982907738,2025-01,20.51282051282051,20.5,264.0,True,True,True,True,True,True,True,True,True,True,True,ambos desfavoráveis,True,3,True,Convergência nas três dimensões,média,DPI ≥ referência,,com_PBF,0.75,20,72,24,72,0.3333333333333333
230526,IBARETAMA,CE,2025,75,75,73,73,658,658,806,806,9.31%,9.06%,81.64%,False,1,148,18.36228287841191,230526,True,230526,IBARETAMA,CE,2025,13,13,32,32,689,689,72,72,806,806,1.61%,3.97%,85.48%,8.93%,False,1,45,5.583126550868486,True,2305266,Ibaretama (CE),0.523,0.468,0.564,0.538,0.5769999999999998,0.759,0.489,0.517,0.291,0.634,True,2305266,Ibaretama,2800.0,438.0,15.6,676.0,24.1,True,2305266,2305266,IBARETAMA,CE,Nordeste,15.642857142857142,0.042857142857142705,24.142857142857142,0.04285714285714093,2025-01,15.642857142857142,15.6,438.0,True,True,True,True,True,True,True,True,True,True,True,ambos desfavoráveis,True,3,True,Convergência nas três dimensões,média,DPI ≥ referência,,com_PBF,0.75,20,72,54,72,0.75
230660,ITATIRA,CE,2025,36,36,67,67,1141,1.141,1244,1.244,2.89%,5.39%,91.72%,True,1,103,8.279742765273312,230660,True,230660,ITATIRA,CE,2025,4,4,27,27,1067,1067,146,146,1244,1244,0.32%,2.17%,85.77%,11.74%,False,1,31,2.491961414790997,True,2306603,Itatira (CE),0.564,0.489,0.578,0.624,0.562,0.747,0.463,0.514,0.275,0.6,True,2306603,Itatira,3818.0,696.0,18.2,275.0,7.2,True,2306603,2306603,ITATIRA,CE,Nordeste,18.22943949711891,0.029439497118911362,7.202723939235202,0.0027239392352020886,2025-01,18.22943949711891,18.2,696.0,True,True,True,True,True,True,True,True,True,True,True,ambos desfavoráveis,True,3,True,Convergência nas três dimensões,baixa,DPI ≥ referência,,com_PBF,0.75,20,72,12,72,0.16666666666666666
230790,MARTINOPOLE,CE,2025,57,57,55,55,713,713,825,825,6.91%,6.67%,86.42%,False,1,112,13.575757575757578,230790,True,230790,MARTINOPOLE,CE,2025,7,7,14,14,696,696,108,108,825,825,0.85%,1.7%,84.36%,13.09%,False,1,21,2.5454545454545454,True,2307908,Martinópole (CE),0.4259999999999999,0.196,0.569,0.513,0.5989999999999999,0.76,0.522,0.541,0.344,0.643,True,2307908,Martinópole,2212.0,434.0,19.6,326.0,14.7,True,2307908,2307908,MARTINOPOLE,CE,Nordeste,19.62025316455696,0.02025316455695858,14.737793851717903,0.03779385171790395,2025-01,19.62025316455696,19.6,434.0,True,True,True,True,True,True,True,True,True,True,True,ambos desfavoráveis,True,3,True,Convergência nas três dimensões,média,DPI ≥ referência,,com_PBF,0.75,20,72,36,72,0.5
230850,MOMBACA,CE,2025,72,72,99,99,1944,1.944,2115,2.115,3.4%,4.68%,91.91%,True,1,171,8.085106382978724,230850,True,230850,MOMBACA,CE,2025,9,9,42,42,1865,1865,199,199,2115,2115,0.43%,1.99%,88.18%,9.41%,False,1,51,2.4113475177304964,True,2308500,Mombaça (CE),0.503,0.363,0.581,0.565,0.5819999999999999,0.735,0.489,0.549,0.288,0.638,True,2308500,Mombaça,7205.0,803.0,11.1,1406.0,19.5,True,2308500,2308500,MOMBACA,CE,Nordeste,11.145038167938932,0.045038167938932006,19.514226231783482,0.014226231783482035,2025-01,11.145038167938932,11.1,803.0,True,True,True,True,True,True,True,True,True,True,True,ambos desfavoráveis,True,3,True,Convergência nas três dimensões,baixa,DPI ≥ referência,,com_PBF,0.75,20,72,6,72,0.08333333333333333
231040,PARAMOTI,CE,2025,32,32,33,33,556,556,621,621,5.15%,5.31%,89.53%,False,1,65,10.466988727858293,231040,True,231040,PARAMOTI,CE,2025,3,3,11,11,544,544,63,63,621,621,0.48%,1.77%,87.6%,10.14%,False,1,14,2.254428341384863,True,2310407,Paramoti (CE),0.4869999999999999,0.294,0.592,0.575,0.5829999999999999,0.741,0.518,0.515,0.309,0.67,True,2310407,Paramoti,2209.0,480.0,21.7,692.0,31.3,True,2310407,2310407,PARAMOTI,CE,Nordeste,21.72928927116342,0.02928927116342095,31.326392032593937,0.026392032593935966,2025-01,21.72928927116342,21.7,480.0,True,True,True,True,True,True,True,True,True,True,True,ambos desfavoráveis,True,3,True,Convergência nas três dimensões,média,DPI ≥ referência,,com_PBF,0.75,20,72,48,72,0.6666666666666666
231120,POTENGI,CE,2025,22,22,42,42,568,568,632,632,3.48%,6.65%,89.87%,False,1,64,10.126582278481013,231120,True,231120,POTENGI,CE,2025,7,7,12,12,554,554,59,59,632,632,1.11%,1.9%,87.66%,9.34%,False,1,19,3.0063291139240507,True,2311207,Potengi (CE),0.538,0.223,0.608,0.782,0.562,0.759,0.441,0.529,0.301,0.533,True,2311207,Potengi,1788.0,264.0,14.8,428.0,23.9,True,2311207,2311207,POTENGI,CE,Nordeste,14.76510067114094,-0.03489932885906022,23.937360178970916,0.0373601789709177,2025-01,14.76510067114094,14.8,264.0,True,True,True,True,True,True,True,True,True,True,True,ambos desfavoráveis,True,3,True,Convergência nas três dimensões,média,DPI ≥ referência,,com_PBF,0.75,20,72,30,72,0.4166666666666667
231190,SABOEIRO,CE,2025,21,21,53,53,693,693,767,767,2.74%,6.91%,90.35%,False,1,74,9.647979139504564,231190,True,231190,SABOEIRO,CE,2025,2,2,30,30,672,672,63,63,767,767,0.26%,3.91%,87.61%,8.21%,False,1,32,4.172099087353325,True,2311900,Saboeiro (CE),0.436,0.171,0.521,0.617,0.5749999999999998,0.715,0.499,0.533,0.29,0.654,True,2311900,Saboeiro,3098.0,398.0,12.8,687.0,22.2,True,2311900,2311900,SABOEIRO,CE,Nordeste,12.846998063266623,0.04699806326662248,22.175597159457713,-0.024402840542286697,2025-01,12.846998063266623,12.8,398.0,True,True,True,True,True,True,True,True,True,True,True,ambos desfavoráveis,True,3,True,Convergência nas três dimensões,baixa,DPI ≥ referência,,com_PBF,0.75,20,72,12,72,0.16666666666666666
231200,SANTANA DO ACARAU,CE,2025,117,117,130,130,1690,1.69,1937,1.937,6.04%,6.71%,87.25%,True,1,247,12.751677852348994,231200,True,231200,SANTANA DO ACARAU,CE,2025,10,10,38,38,1668,1668,221,221,1937,1937,0.52%,1.96%,86.11%,11.41%,False,1,48,2.47805885389778,True,2312007,Santana do Acaraú (CE),0.505,0.328,0.586,0.601,0.5869999999999999,0.755,0.5,0.536,0.345,0.602,True,2312007,Santana do Acaraú,4944.0,1300.0,26.3,1543.0,31.2,True,2312007,2312007,SANTANA DO ACARAU,CE,Nordeste,26.294498381877023,-0.0055016181229774475,31.209546925566343,0.009546925566343845,2025-01,26.294498381877023,26.3,1300.0,True,True,True,True,True,True,True,True,True,True,True,ambos desfavoráveis,True,3,True,Convergência nas três dimensões,média,DPI ≥ referência,,com_PBF,0.75,20,72,72,72,1.0
231335,TEJUCUOCA,CE,2025,57,57,109,109,1049,1.049,1215,1.215,4.69%,8.97%,86.34%,True,1,166,13.662551440329217,231335,True,231335,TEJUCUOCA,CE,2025,6,6,25,25,1048,1048,136,136,1215,1215,0.49%,2.06%,86.26%,11.19%,False,1,31,2.551440329218107,True,2313351,Tejuçuoca (CE),0.507,0.418,0.564,0.539,0.5839999999999999,0.742,0.52,0.517,0.341,0.642,True,2313351,Tejuçuoca,3297.0,732.0,22.2,487.0,14.8,True,2313351,2313351,TEJUCUOCA,CE,Nordeste,22.202001819836216,0.0020018198362166117,14.771003942978464,-0.02899605702153707,2025-01,22.202001819836216,22.2,732.0,True,True,True,True,True,True,True,True,True,True,True,ambos desfavoráveis,True,3,True,Convergência nas três dimensões,média,DPI ≥ referência,,com_PBF,0.75,20,72,36,72,0.5
231370,UMARI,CE,2025,10,10,13,13,286,286,309,309,3.24%,4.21%,92.56%,False,1,23,7.443365695792881,231370,True,231370,UMARI,CE,2025,6,6,6,6,275,275,22,22,309,309,1.94%,1.94%,89%,7.12%,False,1,12,3.8834951456310676,True,2313708,Umari (CE),0.467,0.333,0.522,0.546,0.5909999999999999,0.778,0.497,0.535,0.335,0.605,True,2313708,Umari,1230.0,211.0,17.2,245.0,19.9,True,2313708,2313708,UMARI,CE,Nordeste,17.154471544715445,-0.04552845528455407,19.91869918699187,0.018699186991870675,2025-01,17.154471544715445,17.2,211.0,True,True,True,True,True,True,True,True,True,True,True,ambos desfavoráveis,True,3,True,Convergência nas três dimensões,baixa,DPI ≥ referência,,com_PBF,0.75,20,72,12,72,0.16666666666666666
231375,UMIRIM,CE,2025,78,78,86,86,874,874,1038,1.038,7.51%,8.29%,84.2%,True,1,164,15.79961464354528,231375,True,231375,UMIRIM,CE,2025,13,13,23,23,889,889,113,113,1038,1038,1.25%,2.22%,85.65%,10.89%,False,1,36,3.4682080924855487,True,2313757,Umirim (CE),0.496,0.318,0.583,0.586,0.5869999999999999,0.751,0.524,0.514,0.368,0.626,True,2313757,Umirim,2989.0,362.0,12.1,436.0,14.6,True,2313757,2313757,UMIRIM,CE,Nordeste,12.11107393777183,0.011073937771829634,14.586818333890934,-0.013181666109066015,2025-01,12.11107393777183,12.1,362.0,True,True,True,True,True,True,True,True,True,True,True,ambos desfavoráveis,True,3,True,Convergência nas três dimensões,média,DPI ≥ referência,,com_PBF,0.75,20,72,27,72,0.375
231410,VICOSA DO CEARA,CE,2025,150,150,258,258,3865,3.865,4273,4.273,3.51%,6.04%,90.45%,True,1,408,9.5483267025509,231410,True,231410,VICOSA DO CEARA,CE,2025,26,26,83,83,3782,3782,384,384,4275,4275,0.61%,1.94%,88.47%,8.98%,False,1,109,2.5497076023391814,True,2314102,Viçosa do Ceará (CE),0.497,0.338,0.563,0.59,0.571,0.753,0.475,0.521,0.29,0.607,True,2314102,Viçosa do Ceará,13422.0,1660.0,12.4,3479.0,25.9,True,2314102,2314102,VICOSA DO CEARA,CE,Nordeste,12.367754433020414,-0.03224556697958647,25.920131127998808,0.020131127998809006,2025-01,12.367754433020414,12.4,1660.0,True,True,True,True,True,True,True,True,True,True,True,ambos desfavoráveis,True,3,True,Convergência nas três dimensões,baixa,DPI ≥ referência,,com_PBF,0.75,20,72,18,72,0.25
210010,AFONSO CUNHA,MA,2025,46,46,68,68,587,587,701,701,6.56%,9.7%,83.74%,False,1,114,16.262482168330955,210010,True,210010,AFONSO CUNHA,MA,2025,4,4,26,26,640,640,31,31,701,701,0.57%,3.71%,91.3%,4.42%,False,1,30,4.279600570613409,True,2100105,Afonso Cunha (MA),0.5989999999999999,0.462,0.673,0.663,0.529,0.725,0.434,0.471,0.26,0.56,True,2100105,Afonso Cunha,1533.0,205.0,13.4,318.0,20.7,True,2100105,2100105,AFONSO CUNHA,MA,Nordeste,13.372472276581865,-0.027527723418135253,20.743639921722114,0.043639921722114394,2025-01,13.372472276581865,13.4,205.0,True,True,True,True,True,True,True,True,True,True,True,ambos desfavoráveis,True,3,True,Convergência nas três dimensões,média,DPI ≥ referência,,com_PBF,0.75,20,72,27,72,0.375
210020,ALCANTARA,MA,2025,48,48,78,78,881,881,1007,1.007,4.77%,7.75%,87.49%,True,1,126,12.512413108242304,210020,True,210020,ALCANTARA,MA,2025,14,14,46,46,875,875,72,72,1007,1007,1.39%,4.57%,86.89%,7.15%,False,1,60,5.958291956305859,True,2100204,Alcântara (MA),0.57,0.491,0.629,0.589,0.573,0.753,0.475,0.525,0.379,0.532,True,2100204,Alcântara,4401.0,862.0,19.6,1368.0,31.1,True,2100204,2100204,ALCANTARA,MA,Nordeste,19.58645762326744,-0.013542376732562644,31.083844580777097,-0.016155419222904754,2025-01,19.58645762326744,19.6,862.0,True,True,True,True,True,True,True,True,True,True,True,ambos desfavoráveis,True,3,True,Convergência nas três dimensões,média,DPI ≥ referência,,com_PBF,0.75,20,72,63,72,0.875
210055,AMAPA DO MARANHAO,MA,2025,27,27,27,27,513,513,567,567,4.76%,4.76%,90.48%,False,1,54,9.523809523809524,210055,True,210055,AMAPA DO MARANHAO,MA,2025,2,2,17,17,513,513,35,35,567,567,0.35%,3%,90.48%,6.17%,False,1,19,3.3509700176366843,True,2100550,Amapá do Maranhão (MA),0.773,0.987,0.716,0.616,0.52,0.688,0.406,0.503,0.27,0.498,True,2100550,Amapá do Maranhão,1470.0,192.0,13.1,324.0,22.0,True,2100550,2100550,AMAPA DO MARANHAO,MA,Nordeste,13.061224489795919,-0.03877551020408099,22.040816326530614,0.04081632653061362,2025-01,13.061224489795919,13.1,192.0,True,True,True,True,True,True,True,True,True,True,True,ambos desfavoráveis,True,3,True,Convergência nas três dimensões,baixa,DPI ≥ referência,,com_PBF,0.75,20,72,12,72,0.16666666666666666
210080,ANAPURUS,MA,2025,92,92,126,126,770,770,988,988,9.31%,12.75%,77.94%,False,1,218,22.06477732793522,210080,True,210080,ANAPURUS,MA,2025,11,11,37,37,893,893,47,47,988,988,1.11%,3.74%,90.38%,4.76%,False,1,48,4.8582995951417,True,2100808,Anapurus (MA),0.6039999999999999,0.625,0.542,0.645,0.5809999999999998,0.764,0.502,0.511,0.381,0.577,True,2100808,Anapurus,2834.0,498.0,17.6,623.0,22.0,True,2100808,2100808,ANAPURUS,MA,Nordeste,17.572335920959777,-0.02766407904022472,21.983062808750883,-0.016937191249116523,2025-01,17.572335920959777,17.6,498.0,True,True,True,True,True,True,True,True,True,True,True,ambos desfavoráveis,True,3,True,Convergência nas três dimensões,alta,DPI ≥ referência,,com_PBF,0.75,20,72,45,72,0.625
210083,APICUM-ACU,MA,2025,37,37,98,98,938,938,1073,1.073,3.45%,9.13%,87.42%,True,1,135,12.581547064305685,210083,True,210083,APICUM-ACU,MA,2025,2,2,31,31,993,993,47,47,1073,1073,0.19%,2.89%,92.54%,4.38%,False,1,33,3.075489282385834,True,2100832,Apicum-Açu (MA),0.652,0.931,0.535,0.491,0.568,0.718,0.483,0.529,0.347,0.569,True,2100832,Apicum-Açu,3462.0,675.0,19.5,929.0,26.8,True,2100832,2100832,APICUM-ACU,MA,Nordeste,19.49740034662045,-0.00259965337955137,26.834199884459846,0.03419988445984501,2025-01,19.49740034662045,19.5,675.0,True,True,True,True,True,True,True,True,True,True,True,ambos desfavoráveis,True,3,True,Convergência nas três dimensões,média,DPI ≥ referência,,com_PBF,0.75,20,72,63,72,0.875
210130,BACURI,MA,2025,50,50,62,62,834,834,946,946,5.29%,6.55%,88.16%,False,1,112,11.839323467230443,210130,True,210130,BACURI,MA,2025,4,4,39,39,860,860,43,43,946,946,0.42%,4.12%,90.91%,4.55%,False,1,43,4.545454545454546,True,2101301,Bacuri (MA),0.7329999999999999,1.0,0.591,0.608,0.5779999999999998,0.737,0.484,0.54,0.323,0.593,True,2101301,Bacuri,2462.0,436.0,17.7,673.0,27.3,True,2101301,2101301,BACURI,MA,Nordeste,17.70917952883834,0.00917952883834161,27.335499593826157,0.03549959382615597,2025-01,17.70917952883834,17.7,436.0,True,True,True,True,True,True,True,True,True,True,True,ambos desfavoráveis,True,3,True,Convergência nas três dimensões,média,DPI ≥ referência,,com_PBF,0.75,20,72,42,72,0.5833333333333334
210180,BENEDITO LEITE,MA,2025,33,33,32,32,273,273,338,338,9.76%,9.47%,80.77%,False,1,65,19.230769230769234,210180,True,210180,BENEDITO LEITE,MA,2025,2,2,10,10,303,303,23,23,338,338,0.59%,2.96%,89.64%,6.8%,False,1,12,3.5502958579881656,True,2101806,Benedito Leite (MA),0.625,0.628,0.581,0.667,0.546,0.719,0.426,0.531,0.267,0.538,True,2101806,Benedito Leite,886.0,114.0,12.9,128.0,14.4,True,2101806,2101806,BENEDITO LEITE,MA,Nordeste,12.866817155756207,-0.03318284424379314,14.446952595936793,0.04695259593679246,2025-01,12.866817155756207,12.9,114.0,True,True,True,True,True,True,True,True,True,True,True,ambos desfavoráveis,True,3,True,Convergência nas três dimensões,média,DPI ≥ referência,,com_PBF,0.75,20,72,27,72,0.375
210215,BREJO DE AREIA,MA,2025,33,33,55,55,632,632,720,720,4.58%,7.64%,87.78%,False,1,88,12.222222222222221,210215,True,210215,BREJO DE AREIA,MA,2025,3,3,13,13,676,676,28,28,720,720,0.42%,1.81%,93.89%,3.89%,False,1,16,2.2222222222222223,True,2102150,Brejo de Areia (MA),0.688,0.708,0.687,0.668,0.519,0.677,0.408,0.507,0.235,0.538,True,2102150,Brejo de Areia,1601.0,267.0,16.7,381.0,23.8,True,2102150,2102150,BREJO DE AREIA,MA,Nordeste,16.677076826983136,-0.02292317301686353,23.797626483447846,-0.002373516552154342,2025-01,16.677076826983136,16.7,267.0,True,True,True,True,True,True,True,True,True,True,True,ambos desfavoráveis,True,3,True,Convergência nas três dimensões,média,DPI ≥ referência,,com_PBF,0.75,20,72,36,72,0.5
210220,BURITI,MA,2025,192,192,228,228,1917,1.917,2337,2.337,8.22%,9.76%,82.03%,True,1,420,17.971758664955072,210220,True,210220,BURITI,MA,2025,32,32,96,96,2114,2114,95,95,2337,2337,1.37%,4.11%,90.46%,4.07%,False,1,128,5.477107402652974,True,2102200,Buriti (MA),0.6069999999999999,0.509,0.59,0.723,0.548,0.714,0.48,0.479,0.298,0.61,True,2102200,Buriti,5199.0,854.0,16.4,1560.0,30.0,True,2102200,2102200,BURITI,MA,Nordeste,16.426235814579726,0.0262358145797279,30.005770340450088,0.00577034045008773,2025-01,16.426235814579726,16.4,854.0,True,True,True,True,True,True,True,True,True,True,True,ambos desfavoráveis,True,3,True,Convergência nas três dimensões,média,DPI ≥ referência,,com_PBF,0.75,20,72,63,72,0.875
210237,CACHOEIRA GRANDE,MA,2025,47,47,56,56,568,568,671,671,7%,8.35%,84.65%,False,1,103,15.350223546944857,210237,True,210237,CACHOEIRA GRANDE,MA,2025,9,9,30,30,576,576,56,56,671,671,1.34%,4.47%,85.84%,8.35%,False,1,39,5.812220566318927,True,2102374,Cachoeira Grande (MA),0.696,0.733,0.692,0.662,0.537,0.773,0.476,0.422,0.306,0.594,True,2102374,Cachoeira Grande,3632.0,662.0,18.2,1135.0,31.3,True,2102374,2102374,CACHOEIRA GRANDE,MA,Nordeste,18.226872246696036,0.02687224669603694,31.25,-0.05000000000000071,2025-01,18.226872246696036,18.2,662.0,True,True,True,True,True,True,True,True,True,True,True,ambos desfavoráveis,True,3,True,Convergência nas três dimensões,média,DPI ≥ referência,,com_PBF,0.75,20,72,72,72,1.0
210250,CAJARI,MA,2025,131,131,128,128,935,935,1194,1.194,10.97%,10.72%,78.31%,True,1,259,21.691792294807367,210250,True,210250,CAJARI,MA,2025,52,52,86,86,992,992,64,64,1194,1194,4.36%,7.2%,83.08%,5.36%,False,1,138,11.557788944723619,True,2102507,Cajari (MA),0.633,0.653,0.66,0.586,0.523,0.747,0.421,0.456,0.285,0.511,True,2102507,Cajari,4227.0,853.0,20.2,1308.0,30.9,True,2102507,2102507,CAJARI,MA,Nordeste,20.17979654601372,-0.020203453986280095,30.94393186657204,0.0439318665720414,2025-01,20.17979654601372,20.2,853.0,True,True,True,True,True,True,True,True,True,True,True,ambos desfavoráveis,True,3,True,Convergência nas três dimensões,alta,DPI ≥ referência,,com_PBF,0.75,20,72,63,72,0.875
210290,CARUTAPERA,MA,2025,132,132,178,178,1539,1.539,1849,1.849,7.14%,9.63%,83.23%,True,1,310,16.7658193618172,210290,True,210290,CARUTAPERA,MA,2025,27,27,84,84,1627,1627,111,111,1849,1849,1.46%,4.54%,87.99%,6%,False,1,111,6.003244997295836,True,2102903,Carutapera (MA),0.627,0.759,0.617,0.506,0.574,0.747,0.476,0.533,0.342,0.561,True,2102903,Carutapera,4409.0,813.0,18.4,577.0,13.1,True,2102903,2102903,CARUTAPERA,MA,Nordeste,18.439555454751645,0.039555454751646124,13.086867770469492,-0.013132229530507189,2025-01,18.439555454751645,18.4,813.0,True,True,True,True,True,True,True,True,True,True,True,ambos desfavoráveis,True,3,True,Convergência nas três dimensões,média,DPI ≥ referência,,com_PBF,0.75,20,72,36,72,0.5
210312,CENTRAL DO MARANHAO,MA,2025,29,29,49,49,370,370,448,448,6.47%,10.94%,82.59%,False,1,78,17.410714285714285,210312,True,210312,CENTRAL DO MARANHAO,MA,2025,8,8,19,19,391,391,30,30,448,448,1.79%,4.24%,87.28%,6.7%,False,1,27,6.026785714285714,True,2103125,Central do Maranhão (MA),0.7269999999999999,1.0,0.555,0.626,0.5849999999999999,0.713,0.557,0.503,0.369,0.685,True,2103125,Central do Maranhão,2293.0,724.0,31.6,457.0,19.9,True,2103125,2103125,CENTRAL DO MARANHAO,MA,Nordeste,31.57435673789795,-0.025643262102050812,19.930222416048846,0.030222416048847123,2025-01,31.57435673789795,31.6,724.0,True,True,True,True,True,True,True,True,True,True,True,ambos desfavoráveis,True,3,True,Convergência nas três dimensões,média,DPI ≥ referência,,com_PBF,0.75,20,72,36,72,0.5
210350,COLINAS,MA,2025,204,204,260,260,1889,1.889,2353,2.353,8.67%,11.05%,80.28%,True,1,464,19.71950701232469,210350,True,210350,COLINAS,MA,2025,35,35,127,127,2112,2112,79,79,2353,2353,1.49%,5.4%,89.76%,3.36%,False,1,162,6.884827879303017,True,2103505,Colinas (MA),0.6029999999999999,0.615,0.651,0.543,0.5959999999999999,0.709,0.524,0.571,0.335,0.655,True,2103505,Colinas,6533.0,819.0,12.5,474.0,7.3,True,2103505,2103505,COLINAS,MA,Nordeste,12.536353895606918,0.036353895606918485,7.255472217970304,-0.04452778202969565,2025-01,12.536353895606918,12.5,819.0,True,True,True,True,True,True,True,True,True,True,True,ambos desfavoráveis,True,3,True,Convergência nas três dimensões,média,DPI ≥ referência,,com_PBF,0.75,20,72,27,72,0.375
210355,CONCEICAO DO LAGO-ACU,MA,2025,81,81,118,118,910,910,1109,1.109,7.3%,10.64%,82.06%,True,1,199,17.944093778178537,210355,True,210355,CONCEICAO DO LAGO-ACU,MA,2025,79,79,91,91,895,895,44,44,1109,1109,7.12%,8.21%,80.7%,3.97%,False,1,170,15.329125338142472,True,2103554,Conceição do Lago-Açu (MA),0.669,0.829,0.655,0.524,0.512,0.738,0.37,0.492,0.225,0.474,True,2103554,Conceição do Lago-Açu,2206.0,245.0,11.1,127.0,5.8,True,2103554,2103554,CONCEICAO DO LAGO-ACU,MA,Nordeste,11.106074342701723,0.006074342701722912,5.757026291931097,-0.042973708068902994,2025-01,11.106074342701723,11.1,245.0,True,True,True,True,True,True,True,True,True,True,True,ambos desfavoráveis,True,3,True,Convergência nas três dimensões,média,DPI ≥ referência,,com_PBF,0.75,20,72,18,72,0.25
210390,DUQUE BACELAR,MA,2025,31,31,58,58,835,835,924,924,3.35%,6.28%,90.37%,False,1,89,9.632034632034632,210390,True,210390,DUQUE BACELAR,MA,2025,5,5,29,29,842,842,48,48,924,924,0.54%,3.14%,91.13%,5.19%,False,1,34,3.67965367965368,True,2103901,Duque Bacelar (MA),0.521,0.376,0.604,0.582,0.533,0.693,0.451,0.485,0.28,0.572,True,2103901,Duque Bacelar,2924.0,403.0,13.8,653.0,22.3,True,2103901,2103901,DUQUE BACELAR,MA,Nordeste,13.78248974008208,-0.017510259917921545,22.332421340629274,0.03242134062927349,2025-01,13.78248974008208,13.8,403.0,True,True,True,True,True,True,True,True,True,True,True,ambos desfavoráveis,True,3,True,Convergência nas três dimensões,baixa,DPI ≥ referência,,com_PBF,0.75,20,72,12,72,0.16666666666666666
210440,GONCALVES DIAS,MA,2025,44,44,84,84,962,962,1090,1.09,4.04%,7.71%,88.26%,True,1,128,11.743119266055047,210440,True,210440,GONCALVES DIAS,MA,2025,7,7,33,33,980,980,70,70,1090,1090,0.64%,3.03%,89.91%,6.42%,False,1,40,3.669724770642202,True,2104404,Gonçalves Dias (MA),0.516,0.42,0.607,0.521,0.568,0.758,0.445,0.542,0.272,0.569,True,2104404,Gonçalves Dias,2724.0,301.0,11.0,741.0,27.2,True,2104404,2104404,GONCALVES DIAS,MA,Nordeste,11.049926578560939,0.04992657856093885,27.20264317180617,0.0026431718061701304,2025-01,11.049926578560939,11.0,301.0,True,True,True,True,True,True,True,True,True,True,True,ambos desfavoráveis,True,3,True,Convergência nas três dimensões,média,DPI ≥ referência,,com_PBF,0.75,20,72,30,72,0.4166666666666667
210462,GOVERNADOR LUIZ ROCHA,MA,2025,43,43,41,41,476,476,560,560,7.68%,7.32%,85%,False,1,84,15.0,210462,True,210462,GOVERNADOR LUIZ ROCHA,MA,2025,3,3,19,19,325,325,213,213,560,560,0.54%,3.39%,58.04%,38.04%,False,1,22,3.9285714285714284,True,2104628,Governador Luiz Rocha (MA),0.6019999999999999,0.666,0.629,0.512,0.544,0.692,0.459,0.508,0.291,0.577,True,2104628,Governador Luiz Rocha,1117.0,133.0,11.9,237.0,21.2,True,2104628,2104628,GOVERNADOR LUIZ ROCHA,MA,Nordeste,11.906893464637422,0.006893464637421687,21.217547000895255,0.01754700089525585,2025-01,11.906893464637422,11.9,133.0,True,True,True,True,True,True,True,True,True,True,True,ambos desfavoráveis,True,3,True,Convergência nas três dimensões,média,DPI ≥ referência,,com_PBF,0.75,20,72,18,72,0.25
210510,ICATU,MA,2025,206,206,176,176,1168,1.168,1550,1.55,13.29%,11.35%,75.35%,True,1,382,24.64516129032258,210510,True,210510,ICATU,MA,2025,20,20,87,87,1379,1379,64,64,1550,1550,1.29%,5.61%,88.97%,4.13%,False,1,107,6.903225806451613,True,2105104,Icatu (MA),0.759,1.0,0.604,0.672,0.546,0.727,0.472,0.475,0.307,0.585,True,2105104,Icatu,4311.0,1001.0,23.2,1607.0,37.3,True,2105104,2105104,ICATU,MA,Nordeste,23.21967061006727,0.019670610067269223,37.27673393644166,-0.0232660635583386,2025-01,23.21967061006727,23.2,1001.0,True,True,True,True,True,True,True,True,True,True,True,ambos desfavoráveis,True,3,True,Convergência nas três dimensões,alta,DPI ≥ referência,,com_PBF,0.75,20,72,72,72,1.0
210592,LAGOA DO MATO,MA,2025,34,34,43,43,615,615,692,692,4.91%,6.21%,88.87%,False,1,77,11.127167630057803,210592,True,210592,LAGOA DO MATO,MA,2025,6,6,21,21,627,627,38,38,692,692,0.87%,3.03%,90.61%,5.49%,False,1,27,3.901734104046243,True,2105922,Lagoa do Mato (MA),0.519,0.472,0.599,0.486,0.566,0.726,0.475,0.525,0.283,0.615,True,2105922,Lagoa do Mato,1859.0,221.0,11.9,472.0,25.4,True,2105922,2105922,LAGOA DO MATO,MA,Nordeste,11.888111888111888,-0.011888111888112007,25.38999462076385,-0.01000537923614786,2025-01,11.888111888111888,11.9,221.0,True,True,True,True,True,True,True,True,True,True,True,ambos desfavoráveis,True,3,True,Convergência nas três dimensões,média,DPI ≥ referência,,com_PBF,0.75,20,72,30,72,0.4166666666666667
210598,LAJEADO NOVO,MA,2025,39,39,30,30,315,315,384,384,10.16%,7.81%,82.03%,False,1,69,17.96875,210598,True,210598,LAJEADO NOVO,MA,2025,7,7,21,21,341,341,15,15,384,384,1.82%,5.47%,88.8%,3.91%,False,1,28,7.291666666666667,True,2105989,Lajeado Novo (MA),0.443,0.315,0.487,0.526,0.5889999999999999,0.738,0.494,0.561,0.327,0.607,True,2105989,Lajeado Novo,1162.0,196.0,16.9,254.0,21.9,True,2105989,2105989,LAJEADO NOVO,MA,Nordeste,16.867469879518072,-0.03253012048192616,21.858864027538726,-0.041135972461272985,2025-01,16.867469879518072,16.9,196.0,True,True,True,True,True,True,True,True,True,True,True,ambos desfavoráveis,True,3,True,Convergência nas três dimensões,média,DPI ≥ referência,,com_PBF,0.75,20,72,45,72,0.625
210640,MATA ROMA,MA,2025,87,87,126,126,987,987,1200,1.2,7.25%,10.5%,82.25%,True,1,213,17.75,210640,True,210640,MATA ROMA,MA,2025,11,11,41,41,1079,1079,69,69,1200,1200,0.92%,3.42%,89.92%,5.75%,False,1,52,4.333333333333334,True,2106409,Mata Roma (MA),0.562,0.54,0.594,0.551,0.57,0.776,0.494,0.483,0.365,0.575,True,2106409,Mata Roma,3096.0,654.0,21.1,801.0,25.9,True,2106409,2106409,MATA ROMA,MA,Nordeste,21.124031007751938,0.024031007751936784,25.872093023255815,-0.027906976744183964,2025-01,21.124031007751938,21.1,654.0,True,True,True,True,True,True,True,True,True,True,True,ambos desfavoráveis,True,3,True,Convergência nas três dimensões,média,DPI ≥ referência,,com_PBF,0.75,20,72,63,72,0.875
210660,MATOES,MA,2025,141,141,241,241,2113,2.113,2495,2.495,5.65%,9.66%,84.69%,True,1,382,15.31062124248497,210660,True,210660,MATOES,MA,2025,23,23,93,93,2268,2268,111,111,2495,2495,0.92%,3.73%,90.9%,4.45%,False,1,116,4.649298597194389,True,2106607,Matões (MA),0.648,0.717,0.651,0.577,0.55,0.739,0.434,0.519,0.249,0.572,True,2106607,Matões,5306.0,876.0,16.5,1210.0,22.8,True,2106607,2106607,MATOES,MA,Nordeste,16.50961176027139,0.009611760271390324,22.804372408594045,0.004372408594043975,2025-01,16.50961176027139,16.5,876.0,True,True,True,True,True,True,True,True,True,True,True,ambos desfavoráveis,True,3,True,Convergência nas três dimensões,média,DPI ≥ referência,,com_PBF,0.75,20,72,45,72,0.625
210663,MATOES DO NORTE,MA,2025,42,42,41,41,431,431,514,514,8.17%,7.98%,83.85%,False,1,83,16.147859922178988,210663,True,210663,MATOES DO NORTE,MA,2025,10,10,28,28,446,446,30,30,514,514,1.95%,5.45%,86.77%,5.84%,False,1,38,7.392996108949417,True,2106631,Matões do Norte (MA),0.5859999999999999,0.395,0.609,0.753,0.533,0.768,0.436,0.452,0.284,0.54,True,2106631,Matões do Norte,1572.0,204.0,13.0,497.0,31.6,True,2106631,2106631,MATOES DO NORTE,MA,Nordeste,12.977099236641221,-0.022900763358778775,31.615776081424933,0.015776081424931476,2025-01,12.977099236641221,13.0,204.0,True,True,True,True,True,True,True,True,True,True,True,ambos desfavoráveis,True,3,True,Convergência nas três dimensões,média,DPI ≥ referência,,com_PBF,0.75,20,72,63,72,0.875
210667,MILAGRES DO MARANHAO,MA,2025,44,44,62,62,393,393,499,499,8.82%,12.42%,78.76%,False,1,106,21.24248496993988,210667,True,210667,MILAGRES DO MARANHAO,MA,2025,6,6,20,20,449,449,24,24,499,499,1.2%,4.01%,89.98%,4.81%,False,1,26,5.210420841683367,True,2106672,Milagres do Maranhão (MA),0.5959999999999999,0.425,0.657,0.706,0.527,0.764,0.413,0.465,0.226,0.559,True,2106672,Milagres do Maranhão,1093.0,154.0,14.1,225.0,20.6,True,2106672,2106672,MILAGRES DO MARANHAO,MA,Nordeste,14.089661482159194,-0.01033851784080575,20.585544373284538,-0.01445562671546341,2025-01,14.089661482159194,14.1,154.0,True,True,True,True,True,True,True,True,True,True,True,ambos desfavoráveis,True,3,True,Convergência nas três dimensões,alta,DPI ≥ referência,,com_PBF,0.75,20,72,27,72,0.375
210670,MIRADOR,MA,2025,132,132,166,166,1030,1.03,1328,1.328,9.94%,12.5%,77.56%,True,1,298,22.439759036144576,210670,True,210670,MIRADOR,MA,2025,31,31,73,73,1161,1161,63,63,1328,1328,2.33%,5.5%,87.42%,4.74%,False,1,104,7.83132530120482,True,2106706,Mirador (MA),0.634,0.644,0.659,0.599,0.545,0.74,0.451,0.485,0.274,0.578,True,2106706,Mirador,3938.0,603.0,15.3,782.0,19.9,True,2106706,2106706,MIRADOR,MA,Nordeste,15.31234128999492,0.01234128999491979,19.857795835449465,-0.04220416455053311,2025-01,15.31234128999492,15.3,603.0,True,True,True,True,True,True,True,True,True,True,True,ambos desfavoráveis,True,3,True,Convergência nas três dimensões,alta,DPI ≥ referência,,com_PBF,0.75,20,72,36,72,0.5
210710,MORROS,MA,2025,96,96,136,136,858,858,1090,1.09,8.81%,12.48%,78.72%,True,1,232,21.28440366972477,210710,True,210710,MORROS,MA,2025,11,11,46,46,971,971,62,62,1090,1090,1.01%,4.22%,89.08%,5.69%,False,1,57,5.229357798165138,True,2107100,Morros (MA),0.64,0.675,0.62,0.626,0.548,0.706,0.48,0.485,0.356,0.557,True,2107100,Morros,3224.0,609.0,18.9,837.0,26.0,True,2107100,2107100,MORROS,MA,Nordeste,18.889578163771713,-0.010421836228285741,25.961538461538463,-0.03846153846153655,2025-01,18.889578163771713,18.9,609.0,True,True,True,True,True,True,True,True,True,True,True,ambos desfavoráveis,True,3,True,Convergência nas três dimensões,alta,DPI ≥ referência,,com_PBF,0.75,20,72,63,72,0.875
210730,NOVA IORQUE,MA,2025,11,11,24,24,176,176,211,211,5.21%,11.37%,83.41%,False,1,35,16.587677725118482,210730,True,210730,NOVA IORQUE,MA,2025,0,0,8,8,199,199,4,4,211,211,-,3.79%,94.31%,1.9%,False,1,8,3.7914691943127963,True,2107308,Nova Iorque (MA),0.449,0.289,0.568,0.491,0.5839999999999999,0.729,0.489,0.558,0.296,0.628,True,2107308,Nova Iorque,1157.0,147.0,12.7,319.0,27.6,True,2107308,2107308,NOVA IORQUE,MA,Nordeste,12.705272255834055,0.005272255834055883,27.571305099394987,-0.02869490060501434,2025-01,12.705272255834055,12.7,147.0,True,True,True,True,True,True,True,True,True,True,True,ambos desfavoráveis,True,3,True,Convergência nas três dimensões,média,DPI ≥ referência,,com_PBF,0.75,20,72,54,72,0.75
210740,OLHO D'AGUA DAS CUNHAS,MA,2025,50,50,102,102,900,900,1052,1.052,4.75%,9.7%,85.55%,True,1,152,14.44866920152091,210740,True,210740,OLHO D'AGUA DAS CUNHAS,MA,2025,73,73,49,49,870,870,60,60,1052,1052,6.94%,4.66%,82.7%,5.7%,False,1,122,11.596958174904943,True,2107407,Olho D'Água das Cunhãs (MA),0.5759999999999998,0.583,0.632,0.512,0.5889999999999999,0.754,0.491,0.551,0.305,0.623,True,2107407,Olho d’Água das Cunhãs,3172.0,383.0,12.1,746.0,23.5,True,2107407,2107407,OLHO D'AGUA DAS CUNHAS,MA,Nordeste,12.07440100882724,-0.02559899117276032,23.51828499369483,0.01828499369483083,2025-01,12.07440100882724,12.1,383.0,True,True,True,True,True,True,True,True,True,True,True,ambos desfavoráveis,True,3,True,Convergência nas três dimensões,média,DPI ≥ referência,,com_PBF,0.75,20,72,45,72,0.625
210745,OLINDA NOVA DO MARANHAO,MA,2025,37,37,66,66,673,673,776,776,4.77%,8.51%,86.73%,False,1,103,13.27319587628866,210745,True,210745,OLINDA NOVA DO MARANHAO,MA,2025,10,10,30,30,685,685,51,51,776,776,1.29%,3.87%,88.27%,6.57%,False,1,40,5.154639175257731,True,2107456,Olinda Nova do Maranhão (MA),0.635,0.716,0.612,0.577,0.5749999999999998,0.724,0.531,0.495,0.368,0.637,True,2107456,Olinda Nova do Maranhão,2511.0,397.0,15.8,499.0,19.9,True,2107456,2107456,OLINDA NOVA DO MARANHAO,MA,Nordeste,15.810434090003984,0.010434090003982988,19.87256073277579,-0.027439267224210084,2025-01,15.810434090003984,15.8,397.0,True,True,True,True,True,True,True,True,True,True,True,ambos desfavoráveis,True,3,True,Convergência nas três dimensões,média,DPI ≥ referência,,com_PBF,0.75,20,72,36,72,0.5
210760,PALMEIRANDIA,MA,2025,70,70,68,68,991,991,1129,1.129,6.2%,6.02%,87.78%,True,1,138,12.223206377325067,210760,True,210760,PALMEIRANDIA,MA,2025,14,14,41,41,867,867,207,207,1129,1129,1.24%,3.63%,76.79%,18.33%,False,1,55,4.871567759078831,True,2107605,Palmeirândia (MA),0.664,0.719,0.628,0.646,0.556,0.715,0.492,0.488,0.312,0.618,True,2107605,Palmeirândia,4889.0,1339.0,27.4,1759.0,36.0,True,2107605,2107605,PALMEIRANDIA,MA,Nordeste,27.3880139087748,-0.011986091225200113,35.97872775618736,-0.021272243812639147,2025-01,27.3880139087748,27.4,1339.0,True,True,True,True,True,True,True,True,True,True,True,ambos desfavoráveis,True,3,True,Convergência nas três dimensões,média,DPI ≥ referência,,com_PBF,0.75,20,72,48,72,0.6666666666666666
210770,PARAIBANO,MA,2025,64,64,75,75,1221,1.221,1360,1.36,4.71%,5.51%,89.78%,True,1,139,10.220588235294118,210770,True,210770,PARAIBANO,MA,2025,12,12,50,50,1222,1222,76,76,1360,1360,0.88%,3.68%,89.85%,5.59%,False,1,62,4.5588235294117645,True,2107704,Paraibano (MA),0.48,0.292,0.578,0.57,0.5799999999999998,0.723,0.473,0.572,0.313,0.581,True,2107704,Paraibano,3847.0,435.0,11.3,373.0,9.7,True,2107704,2107704,PARAIBANO,MA,Nordeste,11.307512347283598,0.00751234728359762,9.695866909279959,-0.004133090720040755,2025-01,11.307512347283598,11.3,435.0,True,True,True,True,True,True,True,True,True,True,True,ambos desfavoráveis,True,3,True,Convergência nas três dimensões,média,DPI ≥ referência,,com_PBF,0.75,20,72,12,72,0.16666666666666666
210790,PASSAGEM FRANCA,MA,2025,53,53,81,81,1036,1.036,1170,1.17,4.53%,6.92%,88.55%,True,1,134,11.452991452991453,210790,True,210790,PASSAGEM FRANCA,MA,2025,11,11,43,43,1067,1067,49,49,1170,1170,0.94%,3.68%,91.2%,4.19%,False,1,54,4.615384615384616,True,2107902,Passagem Franca (MA),0.6109999999999999,0.547,0.692,0.593,0.532,0.717,0.401,0.525,0.228,0.531,True,2107902,Passagem Franca,2306.0,284.0,12.3,455.0,19.7,True,2107902,2107902,PASSAGEM FRANCA,MA,Nordeste,12.315698178664354,0.01569817866435308,19.731136166522116,0.031136166522117037,2025-01,12.315698178664354,12.3,284.0,True,True,True,True,True,True,True,True,True,True,True,ambos desfavoráveis,True,3,True,Convergência nas três dimensões,média,DPI ≥ referência,,com_PBF,0.75,20,72,18,72,0.25
210825,PEDRO DO ROSARIO,MA,2025,117,117,127,127,884,884,1128,1.128,10.37%,11.26%,78.37%,True,1,244,21.631205673758867,210825,True,210825,PEDRO DO ROSARIO,MA,2025,28,28,60,60,980,980,60,60,1128,1128,2.48%,5.32%,86.88%,5.32%,False,1,88,7.801418439716312,True,2108256,Pedro do Rosário (MA),0.74,0.873,0.665,0.681,0.516,0.696,0.415,0.475,0.278,0.507,True,2108256,Pedro do Ro- sário,5594.0,867.0,15.5,2036.0,36.4,True,2108256,2108256,PEDRO DO ROSARIO,MA,Nordeste,15.498748659277798,-0.0012513407222023432,36.3961387200572,-0.003861279942796614,2025-01,15.498748659277798,15.5,867.0,True,True,True,True,True,True,True,True,True,True,True,ambos desfavoráveis,True,3,True,Convergência nas três dimensões,alta,DPI ≥ referência,,com_PBF,0.75,20,72,72,72,1.0
210840,PERI MIRIM,MA,2025,24,24,46,46,547,547,617,617,3.89%,7.46%,88.65%,False,1,70,11.345218800648297,210840,True,210840,PERI MIRIM,MA,2025,5,5,24,24,549,549,39,39,617,617,0.81%,3.89%,88.98%,6.32%,False,1,29,4.700162074554295,True,2108405,Peri Mirim (MA),0.6019999999999999,0.635,0.582,0.59,0.5989999999999999,0.744,0.572,0.506,0.374,0.708,True,2108405,Peri Mirim,3281.0,947.0,28.9,1554.0,47.4,True,2108405,2108405,PERI MIRIM,MA,Nordeste,28.863151478207865,-0.03684852179213394,47.36360865589759,-0.0363913441024053,2025-01,28.863151478207865,28.9,947.0,True,True,True,True,True,True,True,True,True,True,True,ambos desfavoráveis,True,3,True,Convergência nas três dimensões,média,DPI ≥ referência,,com_PBF,0.75,20,72,48,72,0.6666666666666666
210890,POCAO DE PEDRAS,MA,2025,52,52,60,60,842,842,954,954,5.45%,6.29%,88.26%,False,1,112,11.740041928721174,210890,True,210890,POCAO DE PEDRAS,MA,2025,6,6,20,20,851,851,77,77,954,954,0.63%,2.1%,89.2%,8.07%,False,1,26,2.7253668763102725,True,2108900,Poção de Pedras (MA),0.529,0.463,0.573,0.55,0.5759999999999998,0.732,0.481,0.543,0.284,0.626,True,2108900,Poção de Pedras,3578.0,511.0,14.3,1053.0,29.4,True,2108900,2108900,POCAO DE PEDRAS,MA,Nordeste,14.281721632196758,-0.018278367803242546,29.42984907769704,0.02984907769704037,2025-01,14.281721632196758,14.3,511.0,True,True,True,True,True,True,True,True,True,True,True,ambos desfavoráveis,True,3,True,Convergência nas três dimensões,média,DPI ≥ referência,,com_PBF,0.75,20,72,36,72,0.5
210920,PRESIDENTE JUSCELINO,MA,2025,59,59,88,88,783,783,930,930,6.34%,9.46%,84.19%,False,1,147,15.806451612903224,210920,True,210920,PRESIDENTE JUSCELINO,MA,2025,7,7,48,48,834,834,41,41,930,930,0.75%,5.16%,89.68%,4.41%,False,1,55,5.913978494623656,True,2109205,Presidente Juscelino (MA),0.658,0.759,0.628,0.586,0.563,0.743,0.532,0.452,0.387,0.624,True,2109205,Presidente Juscelino,1883.0,338.0,18.0,420.0,22.3,True,2109205,2109205,PRESIDENTE JUSCELINO,MA,Nordeste,17.950079660116835,-0.049920339883165354,22.304832713754646,0.004832713754645113,2025-01,17.950079660116835,18.0,338.0,True,True,True,True,True,True,True,True,True,True,True,ambos desfavoráveis,True,3,True,Convergência nas três dimensões,média,DPI ≥ referência,,com_PBF,0.75,20,72,45,72,0.625
211003,SANTA LUZIA DO PARUA,MA,2025,117,117,139,139,1456,1.456,1712,1.712,6.83%,8.12%,85.05%,True,1,256,14.953271028037381,211003,True,211003,SANTA LUZIA DO PARUA,MA,2025,23,23,65,65,1547,1547,77,77,1712,1712,1.34%,3.8%,90.36%,4.5%,False,1,88,5.14018691588785,True,2110039,Santa Luzia do Paruá (MA),0.514,0.462,0.552,0.529,0.5989999999999999,0.723,0.51,0.583,0.379,0.591,True,2110039,Santa Luzia do Paruá,4359.0,625.0,14.3,108.0,2.5,True,2110039,2110039,SANTA LUZIA DO PARUA,MA,Nordeste,14.338150952053223,0.03815095205322194,2.477632484514797,-0.022367515485202993,2025-01,14.338150952053223,14.3,625.0,True,True,True,True,True,True,True,True,True,True,True,ambos desfavoráveis,True,3,True,Convergência nas três dimensões,média,DPI ≥ referência,,com_PBF,0.75,20,72,27,72,0.375
211010,SANTA QUITERIA DO MARANHAO,MA,2025,109,109,111,111,1446,1.446,1666,1.666,6.54%,6.66%,86.79%,True,1,220,13.205282112845138,211010,True,211010,SANTA QUITERIA DO MARANHAO,MA,2025,13,13,51,51,1477,1477,125,125,1666,1666,0.78%,3.06%,88.66%,7.5%,False,1,64,3.8415366146458583,True,2110104,Santa Quitéria do Maranhão (MA),0.6089999999999999,0.646,0.627,0.554,0.555,0.76,0.458,0.49,0.308,0.559,True,2110104,Santa Quitéria do Maranhão,5237.0,646.0,12.3,1117.0,21.3,True,2110104,2110104,SANTA QUITERIA DO MARANHAO,MA,Nordeste,12.335306473171663,0.035306473171662134,21.32900515562345,0.029005155623448076,2025-01,12.335306473171663,12.3,646.0,True,True,True,True,True,True,True,True,True,True,True,ambos desfavoráveis,True,3,True,Convergência nas três dimensões,média,DPI ≥ referência,,com_PBF,0.75,20,72,27,72,0.375
211060,SAO BERNARDO,MA,2025,71,71,117,117,1500,1.5,1688,1.688,4.21%,6.93%,88.86%,True,1,188,11.137440758293838,211060,True,211060,SAO BERNARDO,MA,2025,38,38,45,45,1481,1481,124,124,1688,1688,2.25%,2.67%,87.74%,7.35%,False,1,83,4.9170616113744074,True,2110609,São Bernardo (MA),0.543,0.445,0.581,0.603,0.572,0.762,0.479,0.514,0.313,0.592,True,2110609,São Bernardo,5125.0,574.0,11.2,1306.0,25.5,True,2110609,2110609,SAO BERNARDO,MA,Nordeste,11.200000000000001,1.7763568394002505e-15,25.482926829268294,-0.017073170731706,2025-01,11.200000000000001,11.2,574.0,True,True,True,True,True,True,True,True,True,True,True,ambos desfavoráveis,True,3,True,Convergência nas três dimensões,média,DPI ≥ referência,,com_PBF,0.75,20,72,30,72,0.4166666666666667
211090,SAO FRANCISCO DO MARANHAO,MA,2025,21,21,44,44,711,711,776,776,2.71%,5.67%,91.62%,False,1,65,8.376288659793813,211090,True,211090,SAO FRANCISCO DO MARANHAO,MA,2025,3,3,22,22,713,713,38,38,776,776,0.39%,2.84%,91.88%,4.9%,False,1,25,3.221649484536082,True,2110906,São Francisco do Maranhão (MA),0.53,0.29,0.643,0.657,0.528,0.733,0.4,0.503,0.221,0.538,True,2110906,São Francisco do Maranhão,2172.0,337.0,15.5,532.0,24.5,True,2110906,2110906,SAO FRANCISCO DO MARANHAO,MA,Nordeste,15.515653775322283,0.01565377532228318,24.49355432780847,-0.006445672191528473,2025-01,15.515653775322283,15.5,337.0,True,True,True,True,True,True,True,True,True,True,True,ambos desfavoráveis,True,3,True,Convergência nas três dimensões,baixa,DPI ≥ referência,,com_PBF,0.75,20,72,18,72,0.25
211107,SAO JOAO DO SOTER,MA,2025,47,47,88,88,1010,1.01,1145,1.145,4.1%,7.69%,88.21%,True,1,135,11.790393013100436,211107,True,211107,SAO JOAO DO SOTER,MA,2025,4,4,41,41,1043,1043,57,57,1145,1145,0.35%,3.58%,91.09%,4.98%,False,1,45,3.9301310043668125,True,2111078,São João do Soter (MA),0.64,0.642,0.664,0.613,0.517,0.711,0.401,0.486,0.22,0.542,True,2111078,São João do Soter,2996.0,394.0,13.2,689.0,23.0,True,2111078,2111078,SAO JOAO DO SOTER,MA,Nordeste,13.150867823765019,-0.04913217623498056,22.99732977303071,-0.0026702269692897573,2025-01,13.150867823765019,13.2,394.0,True,True,True,True,True,True,True,True,True,True,True,ambos desfavoráveis,True,3,True,Convergência nas três dimensões,média,DPI ≥ referência,,com_PBF,0.75,20,72,30,72,0.4166666666666667
211170,SAO VICENTE FERRER,MA,2025,67,67,65,65,872,872,1004,1.004,6.67%,6.47%,86.85%,True,1,132,13.147410358565736,211170,True,211170,SAO VICENTE FERRER,MA,2025,14,14,30,30,910,910,50,50,1004,1004,1.39%,2.99%,90.64%,4.98%,False,1,44,4.382470119521913,True,2111706,São Vicente Ferrer (MA),0.644,0.731,0.586,0.614,0.5919999999999999,0.762,0.541,0.504,0.415,0.618,True,2111706,São Vicente Ferrer,3919.0,643.0,16.4,1389.0,35.4,True,2111706,2111706,SAO VICENTE FERRER,MA,Nordeste,16.407246746619037,0.007246746619038902,35.44271497831079,0.04271497831079074,2025-01,16.407246746619037,16.4,643.0,True,True,True,True,True,True,True,True,True,True,True,ambos desfavoráveis,True,3,True,Convergência nas três dimensões,média,DPI ≥ referência,,com_PBF,0.75,20,72,72,72,1.0
211178,SERRANO DO MARANHAO,MA,2025,39,39,60,60,640,640,739,739,5.28%,8.12%,86.6%,False,1,99,13.396481732070365,211178,True,211178,SERRANO DO MARANHAO,MA,2025,12,12,35,35,666,666,26,26,739,739,1.62%,4.74%,90.12%,3.52%,False,1,47,6.359945872801083,True,2111789,Serrano do Maranhão (MA),0.639,0.569,0.722,0.626,0.519,0.735,0.433,0.44,0.266,0.553,True,2111789,Serrano do Maranhão,2437.0,688.0,28.2,772.0,31.7,True,2111789,2111789,SERRANO DO MARANHAO,MA,Nordeste,28.231432088633568,0.03143208863356861,31.678292983176036,-0.0217070168239637,2025-01,28.231432088633568,28.2,688.0,True,True,True,True,True,True,True,True,True,True,True,ambos desfavoráveis,True,3,True,Convergência nas três dimensões,média,DPI ≥ referência,,com_PBF,0.75,20,72,72,72,1.0
211190,SUCUPIRA DO NORTE,MA,2025,41,41,48,48,565,565,654,654,6.27%,7.34%,86.39%,False,1,89,13.608562691131498,211190,True,211190,SUCUPIRA DO NORTE,MA,2025,2,2,16,16,609,609,27,27,654,654,0.31%,2.45%,93.12%,4.13%,False,1,18,2.7522935779816518,True,2111904,Sucupira do Norte (MA),0.62,0.758,0.566,0.535,0.5789999999999998,0.731,0.505,0.526,0.315,0.639,True,2111904,Sucupira do Norte,2512.0,366.0,14.6,265.0,10.5,True,2111904,2111904,SUCUPIRA DO NORTE,MA,Nordeste,14.570063694267516,-0.02993630573248396,10.549363057324841,0.049363057324841364,2025-01,14.570063694267516,14.6,366.0,True,True,True,True,True,True,True,True,True,True,True,ambos desfavoráveis,True,3,True,Convergência nas três dimensões,média,DPI ≥ referência,,com_PBF,0.75,20,72,27,72,0.375
211240,TURIACU,MA,2025,214,214,264,264,2102,2.102,2580,2.58,8.29%,10.23%,81.47%,True,1,478,18.527131782945734,211240,True,211240,TURIACU,MA,2025,32,32,133,133,2284,2284,131,131,2580,2580,1.24%,5.16%,88.53%,5.08%,False,1,165,6.395348837209303,True,2112407,Turiaçu (MA),0.7029999999999998,0.948,0.604,0.556,0.561,0.776,0.461,0.493,0.325,0.549,True,2112407,Turiaçu,6803.0,804.0,11.8,424.0,6.2,True,2112407,2112407,TURIACU,MA,Nordeste,11.818315449066588,0.018315449066587774,6.232544465676907,0.0325444656769065,2025-01,11.818315449066588,11.8,804.0,True,True,True,True,True,True,True,True,True,True,True,ambos desfavoráveis,True,3,True,Convergência nas três dimensões,média,DPI ≥ referência,,com_PBF,0.75,20,72,18,72,0.25
211245,TURILANDIA,MA,2025,113,113,146,146,1310,1.31,1569,1.569,7.2%,9.31%,83.49%,True,1,259,16.507329509241554,211245,True,211245,TURILANDIA,MA,2025,11,11,72,72,1423,1423,63,63,1569,1569,0.7%,4.59%,90.69%,4.02%,False,1,83,5.289993626513703,True,2112456,Turilândia (MA),0.695,0.842,0.6,0.643,0.536,0.774,0.402,0.495,0.259,0.5,True,2112456,Turilândia,3358.0,462.0,13.8,498.0,14.8,True,2112456,2112456,TURILANDIA,MA,Nordeste,13.75818939845146,-0.04181060154854066,14.830256104824299,0.03025610482429819,2025-01,13.75818939845146,13.8,462.0,True,True,True,True,True,True,True,True,True,True,True,ambos desfavoráveis,True,3,True,Convergência nas três dimensões,média,DPI ≥ referência,,com_PBF,0.75,20,72,27,72,0.375
211250,TUTOIA,MA,2025,289,289,280,280,2894,2.894,3463,3.463,8.35%,8.09%,83.57%,True,1,569,16.430840311868323,211250,True,211250,TUTOIA,MA,2025,63,63,118,118,3001,3001,281,281,3463,3463,1.82%,3.41%,86.66%,8.11%,False,1,181,5.22668206757147,True,2112506,Tutóia (MA),0.622,0.687,0.621,0.557,0.561,0.722,0.451,0.543,0.305,0.549,True,2112506,Tutóia,8972.0,1036.0,11.5,2435.0,27.1,True,2112506,2112506,TUTOIA,MA,Nordeste,11.54703522068658,0.04703522068657939,27.139991083370486,0.039991083370484404,2025-01,11.54703522068658,11.5,1036.0,True,True,True,True,True,True,True,True,True,True,True,ambos desfavoráveis,True,3,True,Convergência nas três dimensões,média,DPI ≥ referência,,com_PBF,0.75,20,72,45,72,0.625
310660,BERTOPOLIS,MG,2025,30,30,18,18,191,191,239,239,12.55%,7.53%,79.92%,False,1,48,20.0836820083682,310660,True,310660,BERTOPOLIS,MG,2025,1,1,4,4,191,191,43,43,239,239,0.42%,1.67%,79.92%,17.99%,False,1,5,2.092050209205021,True,3106606,Bertópolis (MG),0.438,0.134,0.693,0.486,0.5939999999999999,0.799,0.455,0.576,0.284,0.575,True,3106606,Bertópolis,967.0,165.0,17.1,140.0,14.5,True,3106606,3106606,BERTOPOLIS,MG,Sudeste,17.063081695966908,-0.03691830403309382,14.477766287487073,-0.02223371251292683,2025-01,17.063081695966908,17.1,165.0,True,True,True,True,True,True,True,True,True,True,True,ambos desfavoráveis,True,3,True,Convergência nas três dimensões,alta,DPI ≥ referência,,com_PBF,0.75,20,72,36,72,0.5
312087,CURRAL DE DENTRO,MG,2025,16,16,20,20,501,501,537,537,2.98%,3.72%,93.3%,False,1,36,6.70391061452514,312087,True,312087,CURRAL DE DENTRO,MG,2025,4,4,10,10,491,491,32,32,537,537,0.74%,1.86%,91.43%,5.96%,False,1,14,2.60707635009311,True,3120870,Curral de Dentro (MG),0.444,0.274,0.522,0.537,0.5849999999999999,0.759,0.462,0.571,0.277,0.596,True,3120870,Curral de Dentro,1563.0,262.0,16.8,372.0,23.8,True,3120870,3120870,CURRAL DE DENTRO,MG,Sudeste,16.76263595649392,-0.03736404350608069,23.80038387715931,0.0003838771593080992,2025-01,16.76263595649392,16.8,262.0,True,True,True,True,True,True,True,True,True,True,True,ambos desfavoráveis,True,3,True,Convergência nas três dimensões,baixa,DPI ≥ referência,,com_PBF,0.75,20,72,18,72,0.25
312680,FREI GASPAR,MG,2025,22,22,28,28,308,308,358,358,6.15%,7.82%,86.03%,False,1,50,13.966480446927374,312680,True,312680,FREI GASPAR,MG,2025,4,4,13,13,313,313,28,28,358,358,1.12%,3.63%,87.43%,7.82%,False,1,17,4.748603351955307,True,3126802,Frei Gaspar (MG),0.44,0.319,0.495,0.507,0.59,0.799,0.452,0.569,0.279,0.575,True,3126802,Frei Gaspar,971.0,110.0,11.3,243.0,25.0,True,3126802,3126802,FREI GASPAR,MG,Sudeste,11.328527291452112,0.02852729145211086,25.025746652935116,0.025746652935115577,2025-01,11.328527291452112,11.3,110.0,True,True,True,True,True,True,True,True,True,True,True,ambos desfavoráveis,True,3,True,Convergência nas três dimensões,média,DPI ≥ referência,,com_PBF,0.75,20,72,45,72,0.625
312705,FRONTEIRA DOS VALES,MG,2025,10,10,12,12,219,219,241,241,4.15%,4.98%,90.87%,False,1,22,9.12863070539419,312705,True,312705,FRONTEIRA DOS VALES,MG,2025,2,2,5,5,216,216,18,18,241,241,0.83%,2.07%,89.63%,7.47%,False,1,7,2.904564315352697,True,3127057,Fronteira dos Vales (MG),0.537,0.409,0.605,0.597,0.5919999999999999,0.813,0.46,0.556,0.293,0.577,True,3127057,Fronteira dos Vales,1566.0,399.0,25.5,420.0,26.8,True,3127057,3127057,FRONTEIRA DOS VALES,MG,Sudeste,25.478927203065133,-0.021072796934866744,26.81992337164751,0.019923371647507793,2025-01,25.478927203065133,25.5,399.0,True,True,True,True,True,True,True,True,True,True,True,ambos desfavoráveis,True,3,True,Convergência nas três dimensões,baixa,DPI ≥ referência,,com_PBF,0.75,20,72,21,72,0.2916666666666667
313600,JOAIMA,MG,2025,17,17,51,51,758,758,826,826,2.06%,6.17%,91.77%,False,1,68,8.232445520581114,313600,True,313600,JOAIMA,MG,2025,7,7,14,14,765,765,40,40,826,826,0.85%,1.69%,92.62%,4.84%,False,1,21,2.5423728813559325,True,3136009,Joaíma (MG),0.4939999999999999,0.273,0.562,0.646,0.5869999999999999,0.789,0.448,0.572,0.275,0.571,True,3136009,Joaíma,3141.0,518.0,16.5,728.0,23.2,True,3136009,3136009,JOAIMA,MG,Sudeste,16.491563196434257,-0.00843680356574339,23.17733205985355,-0.022667940146448018,2025-01,16.491563196434257,16.5,518.0,True,True,True,True,True,True,True,True,True,True,True,ambos desfavoráveis,True,3,True,Convergência nas três dimensões,baixa,DPI ≥ referência,,com_PBF,0.75,20,72,18,72,0.25
314535,NOVO ORIENTE DE MINAS,MG,2025,19,19,29,29,358,358,406,406,4.68%,7.14%,88.18%,False,1,48,11.822660098522167,314535,True,314535,NOVO ORIENTE DE MINAS,MG,2025,6,6,10,10,358,358,32,32,406,406,1.48%,2.46%,88.18%,7.88%,False,1,16,3.9408866995073892,True,3145356,Novo Oriente de Minas (MG),0.555,0.323,0.622,0.72,0.555,0.754,0.4,0.568,0.251,0.505,True,3145356,Novo Oriente de Minas,1474.0,190.0,12.9,304.0,20.6,True,3145356,3145356,NOVO ORIENTE DE MINAS,MG,Sudeste,12.890094979647218,-0.009905020352782401,20.62415196743555,0.024151967435550148,2025-01,12.890094979647218,12.9,190.0,True,True,True,True,True,True,True,True,True,True,True,ambos desfavoráveis,True,3,True,Convergência nas três dimensões,média,DPI ≥ referência,,com_PBF,0.75,20,72,18,72,0.25
314620,OURO VERDE DE MINAS,MG,2025,19,19,26,26,406,406,451,451,4.21%,5.76%,90.02%,False,1,45,9.977827050997783,314620,True,314620,OURO VERDE DE MINAS,MG,2025,1,1,12,12,393,393,45,45,451,451,0.22%,2.66%,87.14%,9.98%,False,1,13,2.882483370288248,True,3146206,Ouro Verde de Minas (MG),0.4269999999999999,0.112,0.532,0.636,0.5949999999999999,0.789,0.459,0.582,0.29,0.577,True,3146206,Ouro Verde de Minas,1382.0,190.0,13.7,371.0,26.8,True,3146206,3146206,OURO VERDE DE MINAS,MG,Sudeste,13.748191027496382,0.04819102749638304,26.845151953690305,0.045151953690304225,2025-01,13.748191027496382,13.7,190.0,True,True,True,True,True,True,True,True,True,True,True,ambos desfavoráveis,True,3,True,Convergência nas três dimensões,baixa,DPI ≥ referência,,com_PBF,0.75,20,72,18,72,0.25
315765,SANTA HELENA DE MINAS,MG,2025,35,35,50,50,339,339,424,424,8.25%,11.79%,79.95%,False,1,85,20.047169811320757,315765,True,315765,SANTA HELENA DE MINAS,MG,2025,4,4,14,14,383,383,23,23,424,424,0.94%,3.3%,90.33%,5.42%,False,1,18,4.245283018867925,True,3157658,Santa Helena de Minas (MG),0.516,0.322,0.632,0.593,0.567,0.723,0.474,0.531,0.315,0.582,True,3157658,Santa Helena de Minas,1265.0,220.0,17.4,216.0,17.1,True,3157658,3157658,SANTA HELENA DE MINAS,MG,Sudeste,17.391304347826086,-0.00869565217391255,17.07509881422925,-0.02490118577075151,2025-01,17.391304347826086,17.4,220.0,True,True,True,True,True,True,True,True,True,True,True,ambos desfavoráveis,True,3,True,Convergência nas três dimensões,alta,DPI ≥ referência,,com_PBF,0.75,20,72,36,72,0.5
316245,SAO JOAO DAS MISSOES,MG,2025,35,35,75,75,941,941,1051,1.051,3.33%,7.14%,89.53%,True,1,110,10.466222645099906,316245,True,316245,SAO JOAO DAS MISSOES,MG,2025,10,10,23,23,967,967,51,51,1051,1051,0.95%,2.19%,92.01%,4.85%,False,1,33,3.139866793529972,True,3162450,São João das Missões (MG),0.5789999999999998,0.421,0.628,0.689,0.529,0.776,0.381,0.502,0.27,0.452,True,3162450,São João das Missões,1929.0,287.0,14.9,133.0,6.9,True,3162450,3162450,SAO JOAO DAS MISSOES,MG,Sudeste,14.87817522032141,-0.021824779678590644,6.894764126490409,-0.005235873509591649,2025-01,14.87817522032141,14.9,287.0,True,True,True,True,True,True,True,True,True,True,True,ambos desfavoráveis,True,3,True,Convergência nas três dimensões,média,DPI ≥ referência,,com_PBF,0.75,20,72,18,72,0.25
316300,SAO JOSE DA SAFIRA,MG,2025,6,6,18,18,283,283,307,307,1.95%,5.86%,92.18%,False,1,24,7.81758957654723,316300,True,316300,SAO JOSE DA SAFIRA,MG,2025,2,2,4,4,277,277,24,24,307,307,0.65%,1.3%,90.23%,7.82%,False,1,6,1.9543973941368076,True,3163003,São José da Safira (MG),0.51,0.545,0.566,0.418,0.5829999999999999,0.765,0.432,0.6,0.288,0.529,True,3163003,São José da Safira,770.0,112.0,14.5,163.0,21.2,True,3163003,3163003,SAO JOSE DA SAFIRA,MG,Sudeste,14.545454545454545,0.04545454545454497,21.16883116883117,-0.031168831168830735,2025-01,14.545454545454545,14.5,112.0,True,True,True,True,True,True,True,True,True,True,True,ambos desfavoráveis,True,3,True,Convergência nas três dimensões,baixa,DPI ≥ referência,,com_PBF,0.75,20,72,9,72,0.125
500315,CORONEL SAPUCAIA,MS,2025,59,59,81,81,1165,1.165,1305,1.305,4.52%,6.21%,89.27%,True,1,140,10.727969348659004,500315,True,500315,CORONEL SAPUCAIA,MS,2025,13,13,21,21,1207,1207,64,64,1305,1305,1%,1.61%,92.49%,4.9%,False,1,34,2.6053639846743293,True,5003157,Coronel Sapucaia (MS),0.4849999999999999,0.318,0.707,0.43,0.5889999999999999,0.806,0.417,0.607,0.297,0.494,True,5003157,Coronel Sapu- caia,4278.0,740.0,17.3,1003.0,23.4,True,5003157,5003157,CORONEL SAPUCAIA,MS,Centro-Oeste,17.29780271154745,-0.0021972884525496283,23.445535296867696,0.04553529686769764,2025-01,17.29780271154745,17.3,740.0,True,True,True,True,True,True,True,True,True,True,True,ambos desfavoráveis,True,3,True,Convergência nas três dimensões,média,DPI ≥ referência,,com_PBF,0.75,20,72,36,72,0.5
500480,JAPORA,MS,2025,40,40,57,57,500,500,597,597,6.7%,9.55%,83.75%,False,1,97,16.24790619765494,500480,True,500480,JAPORA,MS,2025,8,8,25,25,529,529,35,35,597,597,1.34%,4.19%,88.61%,5.86%,False,1,33,5.527638190954774,True,5004809,Japorã (MS),0.6009999999999999,0.453,0.815,0.536,0.526,0.791,0.337,0.547,0.22,0.417,True,5004809,Japorã,1488.0,224.0,15.1,501.0,33.7,True,5004809,5004809,JAPORA,MS,Centro-Oeste,15.053763440860216,-0.04623655913978375,33.66935483870967,-0.030645161290330236,2025-01,15.053763440860216,15.1,224.0,True,True,True,True,True,True,True,True,True,True,True,ambos desfavoráveis,True,3,True,Convergência nas três dimensões,média,DPI ≥ referência,,com_PBF,0.75,20,72,72,72,1.0
510617,NOVA NAZARE,MT,2025,33,33,63,63,390,390,486,486,6.79%,12.96%,80.25%,False,1,96,19.753086419753085,510617,True,510617,NOVA NAZARE,MT,2025,19,19,18,18,423,423,26,26,486,486,3.91%,3.7%,87.04%,5.35%,False,1,37,7.613168724279835,True,5106174,Nova Nazaré (MT),0.43,0.111,0.674,0.506,0.5949999999999999,0.793,0.427,0.621,0.391,0.447,True,5106174,Nova Nazaré,966.0,118.0,12.2,184.0,19.0,True,5106174,5106174,NOVA NAZARE,MT,Centro-Oeste,12.215320910973086,0.015320910973086299,19.047619047619047,0.04761904761904745,2025-01,12.215320910973086,12.2,118.0,True,True,True,True,True,True,True,True,True,True,True,ambos desfavoráveis,True,3,True,Convergência nas três dimensões,média,DPI ≥ referência,,com_PBF,0.75,20,72,27,72,0.375
150020,ACARA,PA,2025,301,301,439,439,3031,3.031,3771,3.771,7.98%,11.64%,80.38%,True,1,740,19.6234420578096,150020,True,150020,ACARA,PA,2025,43,43,125,125,3368,3368,236,236,3772,3772,1.14%,3.31%,89.29%,6.26%,False,1,168,4.453870625662779,True,1500206,Acará (PA),0.6069999999999999,0.537,0.628,0.655,0.506,0.757,0.332,0.517,0.215,0.413,True,1500206,Acará,9922.0,1240.0,12.5,5974.0,60.2,True,1500206,1500206,ACARA,PA,Norte,12.497480346704295,-0.0025196532957050266,60.20963515420278,0.009635154202776164,2025-01,12.497480346704295,12.5,1240.0,True,True,True,True,True,True,True,True,True,True,True,ambos desfavoráveis,True,3,True,Convergência nas três dimensões,média,DPI ≥ referência,,com_PBF,0.75,20,72,63,72,0.875
150034,AGUA AZUL DO NORTE,PA,2025,38,38,54,54,1056,1.056,1148,1.148,3.31%,4.7%,91.99%,True,1,92,8.013937282229964,150034,True,150034,AGUA AZUL DO NORTE,PA,2025,9,9,28,28,1037,1037,74,74,1148,1148,0.78%,2.44%,90.33%,6.45%,False,1,37,3.2229965156794425,True,1500347,Água Azul do Norte (PA),0.452,0.289,0.516,0.552,0.564,0.797,0.399,0.563,0.25,0.505,True,1500347,Água Azul do Norte,2158.0,293.0,13.6,858.0,39.8,True,1500347,1500347,AGUA AZUL DO NORTE,PA,Norte,13.577386468952735,-0.0226135310472646,39.75903614457831,-0.0409638554216869,2025-01,13.577386468952735,13.6,293.0,True,True,True,True,True,True,True,True,True,True,True,ambos desfavoráveis,True,3,True,Convergência nas três dimensões,baixa,DPI ≥ referência,,com_PBF,0.75,20,72,21,72,0.2916666666666667
150040,ALENQUER,PA,2025,142,142,319,319,3386,3.386,3847,3.847,3.69%,8.29%,88.02%,True,1,461,11.9833636599948,150040,True,150040,ALENQUER,PA,2025,29,29,131,131,3534,3534,154,154,3848,3848,0.75%,3.4%,91.84%,4%,False,1,160,4.158004158004158,True,1500404,Alenquer (PA),0.571,0.555,0.578,0.579,0.564,0.779,0.436,0.529,0.315,0.513,True,1500404,Alenquer,10208.0,1263.0,12.4,5067.0,49.6,True,1500404,1500404,ALENQUER,PA,Norte,12.372648902821316,-0.027351097178684114,49.63753918495298,0.03753918495297626,2025-01,12.372648902821316,12.4,1263.0,True,True,True,True,True,True,True,True,True,True,True,ambos desfavoráveis,True,3,True,Convergência nas três dimensões,média,DPI ≥ referência,,com_PBF,0.75,20,72,42,72,0.5833333333333334
150070,ANAJAS,PA,2025,296,296,381,381,2194,2.194,2871,2.871,10.31%,13.27%,76.42%,True,1,677,23.580633925461512,150070,True,150070,ANAJAS,PA,2025,53,53,110,110,2588,2588,120,120,2871,2871,1.85%,3.83%,90.14%,4.18%,False,1,163,5.677464298153953,True,1500701,Anajás (PA),0.659,0.603,0.726,0.647,0.4839999999999999,0.774,0.29,0.506,0.178,0.37,True,1500701,Anajás,6110.0,775.0,12.7,2959.0,48.4,True,1500701,1500701,ANAJAS,PA,Norte,12.684124386252046,-0.01587561374795321,48.42880523731588,0.02880523731587914,2025-01,12.684124386252046,12.7,775.0,True,True,True,True,True,True,True,True,True,True,True,ambos desfavoráveis,True,3,True,Convergência nas três dimensões,alta,DPI ≥ referência,,com_PBF,0.75,20,72,63,72,0.875
150085,ANAPU,PA,2025,120,120,252,252,2739,2.739,3111,3.111,3.86%,8.1%,88.04%,True,1,372,11.957569913211186,150085,True,150085,ANAPU,PA,2025,26,26,55,55,2877,2877,153,153,3111,3111,0.84%,1.77%,92.48%,4.92%,False,1,81,2.6036644165863065,True,1500859,Anapu (PA),0.626,0.635,0.668,0.575,0.548,0.788,0.371,0.563,0.278,0.429,True,1500859,Anapu,5490.0,1069.0,19.5,2142.0,39.0,True,1500859,1500859,ANAPU,PA,Norte,19.47176684881603,-0.02823315118396863,39.01639344262295,0.01639344262294884,2025-01,19.47176684881603,19.5,1069.0,True,True,True,True,True,True,True,True,True,True,True,ambos desfavoráveis,True,3,True,Convergência nas três dimensões,média,DPI ≥ referência,,com_PBF,0.75,20,72,48,72,0.6666666666666666
150090,AUGUSTO CORREA,PA,2025,177,177,364,364,3185,3.185,3726,3.726,4.75%,9.77%,85.48%,True,1,541,14.51959205582394,150090,True,150090,AUGUSTO CORREA,PA,2025,38,38,123,123,3368,3368,197,197,3726,3726,1.02%,3.3%,90.39%,5.29%,False,1,161,4.320987654320987,True,1500909,Augusto Corrêa (PA),0.661,0.671,0.678,0.635,0.52,0.772,0.38,0.48,0.253,0.465,True,1500909,Augusto Corrêa,7785.0,1853.0,23.8,3930.0,50.5,True,1500909,1500909,AUGUSTO CORREA,PA,Norte,23.80218368657675,0.0021836865767497216,50.481695568400774,-0.018304431599226234,2025-01,23.80218368657675,23.8,1853.0,True,True,True,True,True,True,True,True,True,True,True,ambos desfavoráveis,True,3,True,Convergência nas três dimensões,média,DPI ≥ referência,,com_PBF,0.75,20,72,72,72,1.0
150095,AURORA DO PARA,PA,2025,72,72,152,152,1605,1.605,1829,1.829,3.94%,8.31%,87.75%,True,1,224,12.24712957900492,150095,True,150095,AURORA DO PARA,PA,2025,9,9,36,36,1679,1679,105,105,1829,1829,0.49%,1.97%,91.8%,5.74%,False,1,45,2.460360852925096,True,1500958,Aurora do Pará (PA),0.5839999999999999,0.445,0.7,0.607,0.519,0.773,0.358,0.504,0.271,0.412,True,1500958,Aurora do Pará,4547.0,617.0,13.6,2247.0,49.4,True,1500958,1500958,AURORA DO PARA,PA,Norte,13.569386408621067,-0.03061359137893227,49.4171981526281,0.017198152628104424,2025-01,13.569386408621067,13.6,617.0,True,True,True,True,True,True,True,True,True,True,True,ambos desfavoráveis,True,3,True,Convergência nas três dimensões,média,DPI ≥ referência,,com_PBF,0.75,20,72,42,72,0.5833333333333334
150100,AVEIRO,PA,2025,122,122,133,133,836,836,1091,1.091,11.18%,12.19%,76.63%,True,1,255,23.373052245646196,150100,True,150100,AVEIRO,PA,2025,14,14,38,38,999,999,40,40,1091,1091,1.28%,3.48%,91.57%,3.67%,False,1,52,4.766269477543538,True,1501006,Aveiro (PA),0.769,0.974,0.576,0.758,0.541,0.748,0.45,0.47,0.352,0.509,True,1501006,Aveiro,2836.0,406.0,14.3,1700.0,59.9,True,1501006,1501006,AVEIRO,PA,Norte,14.315937940761636,0.015937940761634906,59.943582510578274,0.043582510578275446,2025-01,14.315937940761636,14.3,406.0,True,True,True,True,True,True,True,True,True,True,True,ambos desfavoráveis,True,3,True,Convergência nas três dimensões,alta,DPI ≥ referência,,com_PBF,0.75,20,72,63,72,0.875
150120,BAIAO,PA,2025,88,88,236,236,2149,2.149,2473,2.473,3.56%,9.54%,86.9%,True,1,324,13.10149615851193,150120,True,150120,BAIAO,PA,2025,8,8,73,73,2269,2269,123,123,2473,2473,0.32%,2.95%,91.75%,4.97%,False,1,81,3.2753740396279825,True,1501204,Baião (PA),0.6059999999999999,0.771,0.531,0.516,0.5779999999999998,0.77,0.467,0.538,0.389,0.511,True,1501204,Baião,5957.0,853.0,14.3,3835.0,64.4,True,1501204,1501204,BAIAO,PA,Norte,14.319288232331711,0.01928823233171073,64.3780426389122,-0.02195736108780011,2025-01,14.319288232331711,14.3,853.0,True,True,True,True,True,True,True,True,True,True,True,ambos desfavoráveis,True,3,True,Convergência nas três dimensões,média,DPI ≥ referência,,com_PBF,0.75,20,72,63,72,0.875
150160,BONITO,PA,2025,35,35,81,81,788,788,904,904,3.87%,8.96%,87.17%,False,1,116,12.831858407079647,150160,True,150160,BONITO,PA,2025,4,4,26,26,824,824,50,50,904,904,0.44%,2.88%,91.15%,5.53%,False,1,30,3.3185840707964607,True,1501600,Bonito (PA),0.555,0.506,0.608,0.55,0.546,0.77,0.398,0.531,0.306,0.454,True,1501600,Bonito,2540.0,574.0,22.6,1533.0,60.4,True,1501600,1501600,BONITO,PA,Norte,22.598425196850393,-0.0015748031496087833,60.35433070866142,-0.045669291338576556,2025-01,22.598425196850393,22.6,574.0,True,True,True,True,True,True,True,True,True,True,True,ambos desfavoráveis,True,3,True,Convergência nas três dimensões,média,DPI ≥ referência,,com_PBF,0.75,20,72,72,72,1.0
150175,BREJO GRANDE DO ARAGUAIA,PA,2025,9,9,39,39,573,573,621,621,1.45%,6.28%,92.27%,False,1,48,7.729468599033816,150175,True,150175,BREJO GRANDE DO ARAGUAIA,PA,2025,2,2,12,12,578,578,29,29,621,621,0.32%,1.93%,93.08%,4.67%,False,1,14,2.254428341384863,True,1501758,Brejo Grande do Araguaia (PA),0.558,0.627,0.594,0.454,0.5909999999999999,0.743,0.473,0.588,0.365,0.538,True,1501758,Brejo Grande do Araguaia,1505.0,239.0,15.9,746.0,49.6,True,1501758,1501758,BREJO GRANDE DO ARAGUAIA,PA,Norte,15.880398671096346,-0.01960132890365429,49.56810631229236,-0.03189368770764389,2025-01,15.880398671096346,15.9,239.0,True,True,True,True,True,True,True,True,True,True,True,ambos desfavoráveis,True,3,True,Convergência nas três dimensões,baixa,DPI ≥ referência,,com_PBF,0.75,20,72,24,72,0.3333333333333333
150178,BREU BRANCO,PA,2025,307,307,334,334,2655,2.655,3296,3.296,9.31%,10.13%,80.55%,True,1,641,19.447815533980584,150178,True,150178,BREU BRANCO,PA,2025,85,85,147,147,2896,2896,168,168,3296,3296,2.58%,4.46%,87.86%,5.1%,False,1,232,7.038834951456311,True,1501782,Breu Branco (PA),0.528,0.428,0.616,0.539,0.568,0.781,0.422,0.555,0.296,0.504,True,1501782,Breu Branco,10713.0,1255.0,11.7,5569.0,52.0,True,1501782,1501782,BREU BRANCO,PA,Norte,11.714739102025575,0.014739102025576045,51.983571361896765,-0.01642863810323547,2025-01,11.714739102025575,11.7,1255.0,True,True,True,True,True,True,True,True,True,True,True,ambos desfavoráveis,True,3,True,Convergência nas três dimensões,média,DPI ≥ referência,,com_PBF,0.75,20,72,54,72,0.75
150190,BUJARU,PA,2025,173,173,204,204,1718,1.718,2095,2.095,8.26%,9.74%,82%,True,1,377,17.99522673031026,150190,True,150190,BUJARU,PA,2025,21,21,56,56,1902,1902,116,116,2095,2095,1%,2.67%,90.79%,5.54%,False,1,77,3.6754176610978515,True,1501907,Bujaru (PA),0.532,0.496,0.512,0.587,0.552,0.779,0.437,0.495,0.36,0.481,True,1501907,Bujaru,4499.0,917.0,20.4,2076.0,46.1,True,1501907,1501907,BUJARU,PA,Norte,20.382307179373193,-0.017692820626805883,46.14358746388086,0.04358746388086132,2025-01,20.382307179373193,20.4,917.0,True,True,True,True,True,True,True,True,True,True,True,ambos desfavoráveis,True,3,True,Convergência nas três dimensões,média,DPI ≥ referência,,com_PBF,0.75,20,72,72,72,1.0
150200,CACHOEIRA DO ARARI,PA,2025,62,62,122,122,1109,1.109,1293,1.293,4.8%,9.44%,85.77%,True,1,184,14.23047177107502,150200,True,150200,CACHOEIRA DO ARARI,PA,2025,16,16,60,60,1140,1140,77,77,1293,1293,1.24%,4.64%,88.17%,5.96%,False,1,76,5.877803557617943,True,1502004,Cachoeira do Arari (PA),0.6059999999999999,0.597,0.589,0.633,0.546,0.778,0.398,0.525,0.285,0.47,True,1502004,Cachoeira do Arari,4084.0,923.0,22.6,2307.0,56.5,True,1502004,1502004,CACHOEIRA DO ARARI,PA,Norte,22.60039177277179,0.0003917727717883679,56.48873653281097,-0.011263467189031928,2025-01,22.60039177277179,22.6,923.0,True,True,True,True,True,True,True,True,True,True,True,ambos desfavoráveis,True,3,True,Convergência nas três dimensões,média,DPI ≥ referência,,com_PBF,0.75,20,72,72,72,1.0
150195,CACHOEIRA DO PIRIA,PA,2025,95,95,99,99,1275,1.275,1469,1.469,6.47%,6.74%,86.79%,True,1,194,13.206262763784887,150195,True,150195,CACHOEIRA DO PIRIA,PA,2025,10,10,62,62,1291,1291,106,106,1469,1469,0.68%,4.22%,87.88%,7.22%,False,1,72,4.901293396868618,True,1501956,Cachoeira do Piriá (PA),0.668,0.697,0.759,0.549,0.4729999999999999,0.779,0.303,0.449,0.185,0.388,True,1501956,Cachoeira do Piriá,4010.0,748.0,18.7,3057.0,76.2,True,1501956,1501956,CACHOEIRA DO PIRIA,PA,Norte,18.653366583541146,-0.046633416458853105,76.23441396508727,0.034413965087267684,2025-01,18.653366583541146,18.7,748.0,True,True,True,True,True,True,True,True,True,True,True,ambos desfavoráveis,True,3,True,Convergência nas três dimensões,média,DPI ≥ referência,,com_PBF,0.75,20,72,72,72,1.0
150210,CAMETA,PA,2025,902,902,1047,1.047,8638,8.638,10587,10.587,8.52%,9.89%,81.59%,True,1,1949,18.409369982053462,150210,True,150210,CAMETA,PA,2025,115,115,251,251,9888,9888,333,333,10587,10587,1.09%,2.37%,93.4%,3.15%,False,1,366,3.457069991499008,True,1502103,Cametá (PA),0.541,0.522,0.487,0.613,0.5769999999999998,0.754,0.474,0.538,0.391,0.522,True,1502103,Cametá,20240.0,4319.0,21.3,12643.0,62.5,True,1502103,1502103,CAMETA,PA,Norte,21.33893280632411,0.03893280632410878,62.46541501976285,-0.034584980237148955,2025-01,21.33893280632411,21.3,4319.0,True,True,True,True,True,True,True,True,True,True,True,ambos desfavoráveis,True,3,True,Convergência nas três dimensões,média,DPI ≥ referência,,com_PBF,0.75,20,72,72,72,1.0
150230,CAPITAO POCO,PA,2025,203,203,320,320,3372,3.372,3895,3.895,5.21%,8.22%,86.57%,True,1,523,13.427471116816431,150230,True,150230,CAPITAO POCO,PA,2025,45,45,121,121,3433,3433,295,295,3894,3894,1.16%,3.11%,88.16%,7.58%,False,1,166,4.26296866974833,True,1502301,Capitão Poço (PA),0.529,0.424,0.584,0.579,0.548,0.747,0.385,0.573,0.275,0.455,True,1502301,Capitão Poço,11007.0,1484.0,13.5,7748.0,70.4,True,1502301,1502301,CAPITAO POCO,PA,Norte,13.482329426728445,-0.017670573271555412,70.39156900154447,-0.00843099845553752,2025-01,13.482329426728445,13.5,1484.0,True,True,True,True,True,True,True,True,True,True,True,ambos desfavoráveis,True,3,True,Convergência nas três dimensões,média,DPI ≥ referência,,com_PBF,0.75,20,72,63,72,0.875
150250,CHAVES,PA,2025,206,206,271,271,1488,1.488,1965,1.965,10.48%,13.79%,75.73%,True,1,477,24.274809160305345,150250,True,150250,CHAVES,PA,2025,28,28,121,121,1736,1736,80,80,1965,1965,1.42%,6.16%,88.35%,4.07%,False,1,149,7.582697201017812,True,1502509,Chaves (PA),0.7169999999999999,0.705,0.759,0.688,0.453,0.769,0.234,0.516,0.12,0.327,True,1502509,Chaves,3224.0,513.0,15.9,2096.0,65.0,True,1502509,1502509,CHAVES,PA,Norte,15.911910669975185,0.011910669975184973,65.01240694789082,0.012406947890823972,2025-01,15.911910669975185,15.9,513.0,True,True,True,True,True,True,True,True,True,True,True,ambos desfavoráveis,True,3,True,Convergência nas três dimensões,alta,DPI ≥ referência,,com_PBF,0.75,20,72,72,72,1.0
150275,CONCORDIA DO PARA,PA,2025,202,202,243,243,1608,1.608,2053,2.053,9.84%,11.84%,78.32%,True,1,445,21.67559668777399,150275,True,150275,CONCORDIA DO PARA,PA,2025,37,37,80,80,1808,1808,128,128,2053,2053,1.8%,3.9%,88.07%,6.23%,False,1,117,5.698977106673161,True,1502756,Concórdia do Pará (PA),0.549,0.663,0.508,0.476,0.566,0.741,0.438,0.56,0.35,0.49,True,1502756,Concórdia do Pará,5540.0,1231.0,22.2,2727.0,49.2,True,1502756,1502756,CONCORDIA DO PARA,PA,Norte,22.220216606498195,0.020216606498195233,49.22382671480145,0.023826714801444382,2025-01,22.220216606498195,22.2,1231.0,True,True,True,True,True,True,True,True,True,True,True,ambos desfavoráveis,True,3,True,Convergência nas três dimensões,alta,DPI ≥ referência,,com_PBF,0.75,20,72,72,72,1.0
150276,CUMARU DO NORTE,PA,2025,30,30,55,55,690,690,775,775,3.87%,7.1%,89.03%,False,1,85,10.967741935483872,150276,True,150276,CUMARU DO NORTE,PA,2025,6,6,30,30,695,695,44,44,775,775,0.77%,3.87%,89.68%,5.68%,False,1,36,4.645161290322581,True,1502764,Cumaru do Norte (PA),0.548,0.454,0.734,0.455,0.55,0.795,0.33,0.635,0.209,0.414,True,1502764,Cumaru do Norte,1615.0,183.0,11.3,848.0,52.5,True,1502764,1502764,CUMARU DO NORTE,PA,Norte,11.3312693498452,0.03126934984519991,52.5077399380805,0.007739938080497666,2025-01,11.3312693498452,11.3,183.0,True,True,True,True,True,True,True,True,True,True,True,ambos desfavoráveis,True,3,True,Convergência nas três dimensões,média,DPI ≥ referência,,com_PBF,0.75,20,72,36,72,0.5
150280,CURRALINHO,PA,2025,320,320,504,504,2011,2.011,2835,2.835,11.29%,17.78%,70.93%,True,1,824,29.065255731922395,150280,True,150280,CURRALINHO,PA,2025,42,42,110,110,2542,2542,141,141,2835,2835,1.48%,3.88%,89.66%,4.97%,False,1,152,5.361552028218695,True,1502806,Curralinho (PA),0.666,0.768,0.664,0.567,0.502,0.769,0.323,0.508,0.229,0.384,True,1502806,Curralinho,5710.0,1048.0,18.4,3349.0,58.7,True,1502806,1502806,CURRALINHO,PA,Norte,18.353765323992995,-0.04623467600700337,58.651488616462345,-0.04851138353765805,2025-01,18.353765323992995,18.4,1048.0,True,True,True,True,True,True,True,True,True,True,True,ambos desfavoráveis,True,3,True,Convergência nas três dimensões,alta,DPI ≥ referência,,com_PBF,0.75,20,72,72,72,1.0
150285,CURUA,PA,2025,32,32,86,86,1027,1.027,1145,1.145,2.79%,7.51%,89.69%,True,1,118,10.305676855895197,150285,True,150285,CURUA,PA,2025,15,15,39,39,1035,1035,56,56,1145,1145,1.31%,3.41%,90.39%,4.89%,False,1,54,4.716157205240175,True,1502855,Curuá (PA),0.661,0.947,0.49,0.545,0.5779999999999998,0.78,0.495,0.501,0.355,0.584,True,1502855,Curuá,2782.0,356.0,12.8,1626.0,58.4,True,1502855,1502855,CURUA,PA,Norte,12.796549245147377,-0.0034507548526239162,58.44716031631919,0.04716031631919293,2025-01,12.796549245147377,12.8,356.0,True,True,True,True,True,True,True,True,True,True,True,ambos desfavoráveis,True,3,True,Convergência nas três dimensões,média,DPI ≥ referência,,com_PBF,0.75,20,72,42,72,0.5833333333333334
150290,CURUCA,PA,2025,319,319,231,231,1857,1.857,2407,2.407,13.25%,9.6%,77.15%,True,1,550,22.850020772746156,150290,True,150290,CURUCA,PA,2025,94,94,117,117,2047,2047,149,149,2407,2407,3.91%,4.86%,85.04%,6.19%,False,1,211,8.766098878271707,True,1502905,Curuçá (PA),0.544,0.515,0.552,0.566,0.5819999999999999,0.758,0.48,0.542,0.39,0.533,True,1502905,Curuçá,7505.0,1496.0,19.9,3511.0,46.8,True,1502905,1502905,CURUCA,PA,Norte,19.93337774816789,0.033377748167890076,46.782145236508995,-0.01785476349100179,2025-01,19.93337774816789,19.9,1496.0,True,True,True,True,True,True,True,True,True,True,True,ambos desfavoráveis,True,3,True,Convergência nas três dimensões,alta,DPI ≥ referência,,com_PBF,0.75,20,72,72,72,1.0
150300,FARO,PA,2025,35,35,75,75,638,638,748,748,4.68%,10.03%,85.29%,False,1,110,14.705882352941178,150300,True,150300,FARO,PA,2025,10,10,27,27,672,672,39,39,748,748,1.34%,3.61%,89.84%,5.21%,False,1,37,4.946524064171124,True,1503002,Faro (PA),0.641,0.854,0.591,0.479,0.563,0.756,0.47,0.501,0.376,0.526,True,1503002,Faro,2574.0,600.0,23.3,879.0,34.1,True,1503002,1503002,FARO,PA,Norte,23.310023310023308,0.01002331002330692,34.149184149184144,0.04918414918414271,2025-01,23.310023310023308,23.3,600.0,True,True,True,True,True,True,True,True,True,True,True,ambos desfavoráveis,True,3,True,Convergência nas três dimensões,média,DPI ≥ referência,,com_PBF,0.75,20,72,72,72,1.0
150310,GURUPA,PA,2025,351,351,403,403,1774,1.774,2528,2.528,13.88%,15.94%,70.17%,True,1,754,29.825949367088604,150310,True,150310,GURUPA,PA,2025,39,39,137,137,2246,2246,106,106,2528,2528,1.54%,5.42%,88.84%,4.19%,False,1,176,6.962025316455696,True,1503101,Gurupá (PA),0.6039999999999999,0.501,0.701,0.611,0.509,0.777,0.333,0.51,0.245,0.388,True,1503101,Gurupá,3797.0,673.0,17.7,1958.0,51.6,True,1503101,1503101,GURUPA,PA,Norte,17.72451935738741,0.024519357387411844,51.56702659994733,-0.03297340005266847,2025-01,17.72451935738741,17.7,673.0,True,True,True,True,True,True,True,True,True,True,True,ambos desfavoráveis,True,3,True,Convergência nas três dimensões,alta,DPI ≥ referência,,com_PBF,0.75,20,72,72,72,1.0
150320,IGARAPE-ACU,PA,2025,110,110,156,156,1953,1.953,2219,2.219,4.96%,7.03%,88.01%,True,1,266,11.987381703470032,150320,True,150320,IGARAPE-ACU,PA,2025,22,22,57,57,1963,1963,177,177,2219,2219,0.99%,2.57%,88.46%,7.98%,False,1,79,3.5601622352410995,True,1503200,Igarapé-Açu (PA),0.555,0.568,0.502,0.596,0.5949999999999999,0.743,0.49,0.579,0.393,0.547,True,1503200,Igarapé-Açu,5047.0,834.0,16.5,2661.0,52.7,True,1503200,1503200,IGARAPE-ACU,PA,Norte,16.524668119675052,0.024668119675052225,52.724390727164646,0.024390727164643522,2025-01,16.524668119675052,16.5,834.0,True,True,True,True,True,True,True,True,True,True,True,ambos desfavoráveis,True,3,True,Convergência nas três dimensões,média,DPI ≥ referência,,com_PBF,0.75,20,72,48,72,0.6666666666666666
150340,INHANGAPI,PA,2025,23,23,58,58,692,692,773,773,2.98%,7.5%,89.52%,False,1,81,10.478654592496765,150340,True,150340,INHANGAPI,PA,2025,3,3,20,20,715,715,34,34,772,772,0.39%,2.59%,92.62%,4.4%,False,1,23,2.9792746113989637,True,1503408,Inhangapi (PA),0.495,0.446,0.537,0.501,0.572,0.748,0.456,0.55,0.374,0.504,True,1503408,Inhangapi,1516.0,187.0,12.3,700.0,46.2,True,1503408,1503408,INHANGAPI,PA,Norte,12.335092348284961,0.03509234828496055,46.17414248021108,-0.02585751978892148,2025-01,12.335092348284961,12.3,187.0,True,True,True,True,True,True,True,True,True,True,True,ambos desfavoráveis,True,3,True,Convergência nas três dimensões,média,DPI ≥ referência,,com_PBF,0.75,20,72,42,72,0.5833333333333334
150345,IPIXUNA DO PARA,PA,2025,145,145,253,253,2511,2.511,2909,2.909,4.98%,8.7%,86.32%,True,1,398,13.681677552423514,150345,True,150345,IPIXUNA DO PARA,PA,2025,29,29,88,88,2609,2609,183,183,2909,2909,1%,3.03%,89.69%,6.29%,False,1,117,4.022000687521484,True,1503457,Ipixuna do Pará (PA),0.5989999999999999,0.465,0.743,0.59,0.4889999999999999,0.757,0.304,0.508,0.198,0.376,True,1503457,Ipixuna do Pará,5688.0,1077.0,18.9,2488.0,43.7,True,1503457,1503457,IPIXUNA DO PARA,PA,Norte,18.934599156118143,0.034599156118144236,43.741209563994374,0.04120956399437148,2025-01,18.934599156118143,18.9,1077.0,True,True,True,True,True,True,True,True,True,True,True,ambos desfavoráveis,True,3,True,Convergência nas três dimensões,média,DPI ≥ referência,,com_PBF,0.75,20,72,72,72,1.0
150350,IRITUIA,PA,2025,69,69,123,123,1958,1.958,2150,2.15,3.21%,5.72%,91.07%,True,1,192,8.930232558139535,150350,True,150350,IRITUIA,PA,2025,15,15,55,55,1961,1961,119,119,2150,2150,0.7%,2.56%,91.21%,5.53%,False,1,70,3.255813953488372,True,1503507,Irituia (PA),0.544,0.486,0.554,0.593,0.559,0.763,0.427,0.536,0.297,0.512,True,1503507,Irituia,5947.0,1324.0,22.3,3523.0,59.2,True,1503507,1503507,IRITUIA,PA,Norte,22.26332604674626,-0.036673953253739455,59.239952917437364,0.03995291743736118,2025-01,22.26332604674626,22.3,1324.0,True,True,True,True,True,True,True,True,True,True,True,ambos desfavoráveis,True,3,True,Convergência nas três dimensões,baixa,DPI ≥ referência,,com_PBF,0.75,20,72,24,72,0.3333333333333333
150370,ITUPIRANGA,PA,2025,273,273,329,329,3094,3.094,3696,3.696,7.39%,8.9%,83.71%,True,1,602,16.28787878787879,150370,True,150370,ITUPIRANGA,PA,2025,37,37,168,168,3318,3318,173,173,3696,3696,1%,4.55%,89.77%,4.68%,False,1,205,5.546536796536797,True,1503705,Itupiranga (PA),0.631,0.571,0.722,0.599,0.528,0.746,0.364,0.543,0.275,0.418,True,1503705,Itupiranga,8175.0,907.0,11.1,4464.0,54.6,True,1503705,1503705,ITUPIRANGA,PA,Norte,11.094801223241591,-0.005198776758408741,54.60550458715596,0.00550458715596136,2025-01,11.094801223241591,11.1,907.0,True,True,True,True,True,True,True,True,True,True,True,ambos desfavoráveis,True,3,True,Convergência nas três dimensões,média,DPI ≥ referência,,com_PBF,0.75,20,72,54,72,0.75
150375,JACAREACANGA,PA,2025,378,378,425,425,1779,1.779,2582,2.582,14.64%,16.46%,68.9%,True,1,803,31.099922540666153,150375,True,150375,JACAREACANGA,PA,2025,161,161,293,293,2002,2002,126,126,2582,2582,6.24%,11.35%,77.54%,4.88%,False,1,454,17.58326878388846,True,1503754,Jacareacanga (PA),0.644,0.735,0.683,0.513,0.505,0.8,0.279,0.577,0.198,0.332,True,1503754,Jacareacanga,2881.0,366.0,12.7,2112.0,73.3,True,1503754,1503754,JACAREACANGA,PA,Norte,12.703922249219021,0.003922249219021623,73.30787920860811,0.007879208608116528,2025-01,12.703922249219021,12.7,366.0,True,True,True,True,True,True,True,True,True,True,True,ambos desfavoráveis,True,3,True,Convergência nas três dimensões,muito alta,DPI ≥ referência,,com_PBF,0.75,20,72,63,72,0.875
150430,MARACANA,PA,2025,115,115,150,150,1365,1.365,1630,1.63,7.06%,9.2%,83.74%,True,1,265,16.257668711656443,150430,True,150430,MARACANA,PA,2025,16,16,65,65,1420,1420,129,129,1630,1630,0.98%,3.99%,87.12%,7.91%,False,1,81,4.969325153374233,True,1504307,Maracanã (PA),0.5969999999999999,0.705,0.524,0.561,0.57,0.764,0.454,0.534,0.331,0.532,True,1504307,Maracanã,6317.0,1076.0,17.0,3940.0,62.4,True,1504307,1504307,MARACANA,PA,Norte,17.033401931296503,0.033401931296502596,62.37137881905967,-0.02862118094032695,2025-01,17.033401931296503,17.0,1076.0,True,True,True,True,True,True,True,True,True,True,True,ambos desfavoráveis,True,3,True,Convergência nas três dimensões,média,DPI ≥ referência,,com_PBF,0.75,20,72,72,72,1.0
150445,MEDICILANDIA,PA,2025,98,98,96,96,1493,1.493,1687,1.687,5.81%,5.69%,88.5%,True,1,194,11.499703615886189,150445,True,150445,MEDICILANDIA,PA,2025,13,13,53,53,1472,1472,149,149,1687,1687,0.77%,3.14%,87.26%,8.83%,False,1,66,3.912270302311796,True,1504455,Medicilândia (PA),0.512,0.491,0.579,0.465,0.5819999999999999,0.8,0.408,0.605,0.266,0.506,True,1504455,Medicilândia,4517.0,1017.0,22.5,2467.0,54.6,True,1504455,1504455,MEDICILANDIA,PA,Norte,22.514943546601724,0.014943546601724478,54.61589550586673,0.015895505866730275,2025-01,22.514943546601724,22.5,1017.0,True,True,True,True,True,True,True,True,True,True,True,ambos desfavoráveis,True,3,True,Convergência nas três dimensões,média,DPI ≥ referência,,com_PBF,0.75,20,72,48,72,0.6666666666666666
150450,MELGACO,PA,2025,198,198,278,278,1791,1.791,2267,2.267,8.73%,12.26%,79%,True,1,476,20.996912218791355,150450,True,150450,MELGACO,PA,2025,29,29,122,122,2042,2042,74,74,2267,2267,1.28%,5.38%,90.07%,3.26%,False,1,151,6.660785178650198,True,1504505,Melgaço (PA),0.699,0.547,0.809,0.74,0.4179999999999999,0.776,0.207,0.454,0.123,0.268,True,1504505,Melgaço,4320.0,786.0,18.2,2614.0,60.5,True,1504505,1504505,MELGACO,PA,Norte,18.194444444444443,-0.005555555555556424,60.50925925925926,0.009259259259259522,2025-01,18.194444444444443,18.2,786.0,True,True,True,True,True,True,True,True,True,True,True,ambos desfavoráveis,True,3,True,Convergência nas três dimensões,alta,DPI ≥ referência,,com_PBF,0.75,20,72,72,72,1.0
150460,MOCAJUBA,PA,2025,132,132,252,252,2310,2.31,2694,2.694,4.9%,9.35%,85.75%,True,1,384,14.253897550111358,150460,True,150460,MOCAJUBA,PA,2025,19,19,87,87,2438,2438,150,150,2694,2694,0.71%,3.23%,90.5%,5.57%,False,1,106,3.9346696362286564,True,1504604,Mocajuba (PA),0.545,0.411,0.513,0.712,0.5749999999999998,0.754,0.467,0.539,0.357,0.534,True,1504604,Mocajuba,8198.0,1929.0,23.5,4918.0,60.0,True,1504604,1504604,MOCAJUBA,PA,Norte,23.530129299829227,0.030129299829226852,59.99024152232252,-0.009758477677479505,2025-01,23.530129299829227,23.5,1929.0,True,True,True,True,True,True,True,True,True,True,True,ambos desfavoráveis,True,3,True,Convergência nas três dimensões,média,DPI ≥ referência,,com_PBF,0.75,20,72,72,72,1.0
150470,MOJU,PA,2025,356,356,353,353,3516,3.516,4225,4.225,8.43%,8.36%,83.22%,True,1,709,16.781065088757398,150470,True,150470,MOJU,PA,2025,39,39,104,104,3525,3525,557,557,4225,4225,0.92%,2.46%,83.43%,13.18%,False,1,143,3.3846153846153846,True,1504703,Moju (PA),0.565,0.533,0.639,0.523,0.547,0.757,0.375,0.578,0.296,0.422,True,1504703,Moju,12777.0,1687.0,13.2,7145.0,55.9,True,1504703,1504703,MOJU,PA,Norte,13.203412381623227,0.0034123816232281,55.92079517883697,0.020795178836969797,2025-01,13.203412381623227,13.2,1687.0,True,True,True,True,True,True,True,True,True,True,True,ambos desfavoráveis,True,3,True,Convergência nas três dimensões,média,DPI ≥ referência,,com_PBF,0.75,20,72,63,72,0.875
150480,MONTE ALEGRE,PA,2025,187,187,335,335,3915,3.915,4437,4.437,4.21%,7.55%,88.24%,True,1,522,11.76470588235294,150480,True,150480,MONTE ALEGRE,PA,2025,31,31,103,103,4086,4086,217,217,4437,4437,0.7%,2.32%,92.09%,4.89%,False,1,134,3.0200585981519046,True,1504802,Monte Alegre (PA),0.572,0.534,0.54,0.641,0.5889999999999999,0.764,0.495,0.541,0.364,0.577,True,1504802,Monte Alegre,11604.0,1996.0,17.2,8534.0,73.5,True,1504802,1504802,MONTE ALEGRE,PA,Norte,17.200965184419164,0.0009651844191651548,73.54360565322303,0.04360565322302534,2025-01,17.200965184419164,17.2,1996.0,True,True,True,True,True,True,True,True,True,True,True,ambos desfavoráveis,True,3,True,Convergência nas três dimensões,média,DPI ≥ referência,,com_PBF,0.75,20,72,48,72,0.6666666666666666
150495,NOVA ESPERANCA DO PIRIA,PA,2025,158,158,173,173,1237,1.237,1568,1.568,10.08%,11.03%,78.89%,True,1,331,21.10969387755102,150495,True,150495,NOVA ESPERANCA DO PIRIA,PA,2025,16,16,43,43,1422,1422,87,87,1568,1568,1.02%,2.74%,90.69%,5.55%,False,1,59,3.7627551020408165,True,1504950,Nova Esperança do Piriá (PA),0.634,0.603,0.736,0.564,0.502,0.757,0.346,0.482,0.228,0.427,True,1504950,Nova Esperança do Piriá,5051.0,1416.0,28.0,2537.0,50.2,True,1504950,1504950,NOVA ESPERANCA DO PIRIA,PA,Norte,28.03405266283904,0.0340526628390414,50.22767768758661,0.02767768758661049,2025-01,28.03405266283904,28.0,1416.0,True,True,True,True,True,True,True,True,True,True,True,ambos desfavoráveis,True,3,True,Convergência nas três dimensões,alta,DPI ≥ referência,,com_PBF,0.75,20,72,72,72,1.0
150497,NOVA IPIXUNA,PA,2025,38,38,62,62,760,760,860,860,4.42%,7.21%,88.37%,False,1,100,11.627906976744185,150497,True,150497,NOVA IPIXUNA,PA,2025,9,9,18,18,775,775,58,58,860,860,1.05%,2.09%,90.12%,6.74%,False,1,27,3.1395348837209305,True,1504976,Nova Ipixuna (PA),0.559,0.466,0.657,0.554,0.5809999999999998,0.766,0.435,0.59,0.289,0.534,True,1504976,Nova Ipixuna,1748.0,235.0,13.4,785.0,44.9,True,1504976,1504976,NOVA IPIXUNA,PA,Norte,13.443935926773456,0.04393592677345559,44.90846681922197,0.008466819221972344,2025-01,13.443935926773456,13.4,235.0,True,True,True,True,True,True,True,True,True,True,True,ambos desfavoráveis,True,3,True,Convergência nas três dimensões,média,DPI ≥ referência,,com_PBF,0.75,20,72,42,72,0.5833333333333334
150506,NOVO REPARTIMENTO,PA,2025,226,226,466,466,3812,3.812,4504,4.504,5.02%,10.35%,84.64%,True,1,692,15.364120781527532,150506,True,150506,NOVO REPARTIMENTO,PA,2025,37,37,142,142,4129,4129,196,196,4504,4504,0.82%,3.15%,91.67%,4.35%,False,1,179,3.9742451154529306,True,1505064,Novo Repartimento (PA),0.542,0.435,0.674,0.518,0.537,0.741,0.376,0.557,0.274,0.441,True,1505064,Novo Reparti- mento,9530.0,1420.0,14.9,5557.0,58.3,True,1505064,1505064,NOVO REPARTIMENTO,PA,Norte,14.900314795383002,0.00031479538300160925,58.310598111227705,0.010598111227707818,2025-01,14.900314795383002,14.9,1420.0,True,True,True,True,True,True,True,True,True,True,True,ambos desfavoráveis,True,3,True,Convergência nas três dimensões,média,DPI ≥ referência,,com_PBF,0.75,20,72,63,72,0.875
150510,OBIDOS,PA,2025,125,125,421,421,3829,3.829,4375,4.375,2.86%,9.62%,87.52%,True,1,546,12.479999999999999,150510,True,150510,OBIDOS,PA,2025,20,20,114,114,4050,4050,191,191,4375,4375,0.46%,2.61%,92.57%,4.37%,False,1,134,3.0628571428571427,True,1505106,Óbidos (PA),0.566,0.613,0.542,0.542,0.5939999999999999,0.756,0.499,0.556,0.355,0.592,True,1505106,Óbidos,9814.0,1913.0,19.5,5256.0,53.6,True,1505106,1505106,OBIDOS,PA,Norte,19.49256164662727,-0.007438353372730688,53.556144283676375,-0.04385571632362684,2025-01,19.49256164662727,19.5,1913.0,True,True,True,True,True,True,True,True,True,True,True,ambos desfavoráveis,True,3,True,Convergência nas três dimensões,média,DPI ≥ referência,,com_PBF,0.75,20,72,72,72,1.0
150520,OEIRAS DO PARA,PA,2025,141,141,290,290,2220,2.22,2651,2.651,5.32%,10.94%,83.74%,True,1,431,16.258015843078084,150520,True,150520,OEIRAS DO PARA,PA,2025,27,27,106,106,2402,2402,116,116,2651,2651,1.02%,4%,90.61%,4.38%,False,1,133,5.016974726518296,True,1505205,Oeiras do Pará (PA),0.637,0.683,0.585,0.642,0.507,0.754,0.344,0.502,0.226,0.425,True,1505205,Oeiras do Pará,8472.0,2173.0,25.6,5175.0,61.1,True,1505205,1505205,OEIRAS DO PARA,PA,Norte,25.649197355996222,0.04919735599622044,61.08356940509915,-0.016430594900853634,2025-01,25.649197355996222,25.6,2173.0,True,True,True,True,True,True,True,True,True,True,True,ambos desfavoráveis,True,3,True,Convergência nas três dimensões,média,DPI ≥ referência,,com_PBF,0.75,20,72,72,72,1.0
150540,OUREM,PA,2025,34,34,58,58,1162,1.162,1254,1.254,2.71%,4.63%,92.66%,True,1,92,7.336523125996811,150540,True,150540,OUREM,PA,2025,14,14,22,22,1117,1117,101,101,1254,1254,1.12%,1.75%,89.07%,8.05%,False,1,36,2.8708133971291865,True,1505403,Ourém (PA),0.54,0.457,0.598,0.564,0.568,0.727,0.438,0.575,0.309,0.522,True,1505403,Ourém,3738.0,728.0,19.5,2007.0,53.7,True,1505403,1505403,OUREM,PA,Norte,19.475655430711612,-0.02434456928838813,53.69181380417335,-0.00818619582665292,2025-01,19.475655430711612,19.5,728.0,True,True,True,True,True,True,True,True,True,True,True,ambos desfavoráveis,True,3,True,Convergência nas três dimensões,baixa,DPI ≥ referência,,com_PBF,0.75,20,72,24,72,0.3333333333333333
150548,PACAJA,PA,2025,106,106,242,242,3585,3.585,3933,3.933,2.7%,6.15%,91.15%,True,1,348,8.848207475209763,150548,True,150548,PACAJA,PA,2025,27,27,108,108,3583,3583,215,215,3933,3933,0.69%,2.75%,91.1%,5.47%,False,1,135,3.4324942791762014,True,1505486,Pacajá (PA),0.633,0.643,0.71,0.547,0.515,0.746,0.338,0.541,0.246,0.396,True,1505486,Pacajá,7961.0,1590.0,20.0,3393.0,42.6,True,1505486,1505486,PACAJA,PA,Norte,19.972365280743627,-0.02763471925637262,42.62027383494536,0.02027383494535684,2025-01,19.972365280743627,20.0,1590.0,True,True,True,True,True,True,True,True,True,True,True,ambos desfavoráveis,True,3,True,Convergência nas três dimensões,baixa,DPI ≥ referência,,com_PBF,0.75,20,72,24,72,0.3333333333333333
150549,PALESTINA DO PARA,PA,2025,29,29,53,53,406,406,488,488,5.94%,10.86%,83.2%,False,1,82,16.80327868852459,150549,True,150549,PALESTINA DO PARA,PA,2025,4,4,17,17,451,451,16,16,488,488,0.82%,3.48%,92.42%,3.28%,False,1,21,4.30327868852459,True,1505494,Palestina do Pará (PA),0.572,0.67,0.54,0.507,0.5889999999999999,0.761,0.467,0.574,0.35,0.539,True,1505494,Palestina do Pará,1010.0,147.0,14.6,467.0,46.2,True,1505494,1505494,PALESTINA DO PARA,PA,Norte,14.554455445544553,-0.04554455445544647,46.23762376237624,0.03762376237623499,2025-01,14.554455445544553,14.6,147.0,True,True,True,True,True,True,True,True,True,True,True,ambos desfavoráveis,True,3,True,Convergência nas três dimensões,média,DPI ≥ referência,,com_PBF,0.75,20,72,63,72,0.875
150555,PAU D'ARCO,PA,2025,31,31,33,33,499,499,563,563,5.51%,5.86%,88.63%,False,1,64,11.367673179396093,150555,True,150555,PAU D'ARCO,PA,2025,4,4,12,12,516,516,31,31,563,563,0.71%,2.13%,91.65%,5.51%,False,1,16,2.841918294849023,True,1505551,Pau D'Arco (PA),0.554,0.553,0.63,0.478,0.574,0.748,0.443,0.571,0.327,0.515,True,1505551,Pau D’Arco,1978.0,334.0,16.9,1056.0,53.4,True,1505551,1505551,PAU D'ARCO,PA,Norte,16.885743174924166,-0.014256825075833035,53.38725985844287,-0.012740141557131324,2025-01,16.885743174924166,16.9,334.0,True,True,True,True,True,True,True,True,True,True,True,ambos desfavoráveis,True,3,True,Convergência nas três dimensões,média,DPI ≥ referência,,com_PBF,0.75,20,72,48,72,0.6666666666666666
150560,PEIXE-BOI,PA,2025,28,28,42,42,363,363,433,433,6.47%,9.7%,83.83%,False,1,70,16.166281755196305,150560,True,150560,PEIXE-BOI,PA,2025,15,15,15,15,378,378,25,25,433,433,3.46%,3.46%,87.3%,5.77%,False,1,30,6.928406466512701,True,1505601,Peixe-Boi (PA),0.5759999999999998,0.584,0.589,0.554,0.5809999999999998,0.754,0.478,0.543,0.34,0.566,True,1505601,Peixe-Boi,1532.0,278.0,18.1,678.0,44.3,True,1505601,1505601,PEIXE-BOI,PA,Norte,18.14621409921671,0.046214099216708604,44.25587467362924,-0.044125326370753726,2025-01,18.14621409921671,18.1,278.0,True,True,True,True,True,True,True,True,True,True,True,ambos desfavoráveis,True,3,True,Convergência nas três dimensões,média,DPI ≥ referência,,com_PBF,0.75,20,72,72,72,1.0
150565,PLACAS,PA,2025,112,112,166,166,1407,1.407,1685,1.685,6.65%,9.85%,83.5%,True,1,278,16.498516320474778,150565,True,150565,PLACAS,PA,2025,16,16,57,57,1517,1517,95,95,1685,1685,0.95%,3.38%,90.03%,5.64%,False,1,73,4.332344213649852,True,1505650,Placas (PA),0.5859999999999999,0.631,0.58,0.547,0.552,0.77,0.404,0.541,0.286,0.481,True,1505650,Placas,4097.0,887.0,21.6,2451.0,59.8,True,1505650,1505650,PLACAS,PA,Norte,21.649987795948256,0.04998779594825464,59.82426165486942,0.024261654869420113,2025-01,21.649987795948256,21.6,887.0,True,True,True,True,True,True,True,True,True,True,True,ambos desfavoráveis,True,3,True,Convergência nas três dimensões,média,DPI ≥ referência,,com_PBF,0.75,20,72,72,72,1.0
150570,PONTA DE PEDRAS,PA,2025,91,91,180,180,1592,1.592,1863,1.863,4.88%,9.66%,85.45%,True,1,271,14.546430488459475,150570,True,150570,PONTA DE PEDRAS,PA,2025,12,12,76,76,1696,1696,79,79,1863,1863,0.64%,4.08%,91.04%,4.24%,False,1,88,4.7235641438539995,True,1505700,Ponta de Pedras (PA),0.6139999999999999,0.647,0.641,0.553,0.562,0.773,0.412,0.558,0.326,0.463,True,1505700,Ponta de Pedras,5674.0,1450.0,25.6,3551.0,62.6,True,1505700,1505700,PONTA DE PEDRAS,PA,Norte,25.555163905534016,-0.044836094465985354,62.583715192104336,-0.016284807895665665,2025-01,25.555163905534016,25.6,1450.0,True,True,True,True,True,True,True,True,True,True,True,ambos desfavoráveis,True,3,True,Convergência nas três dimensões,média,DPI ≥ referência,,com_PBF,0.75,20,72,72,72,1.0
150590,PORTO DE MOZ,PA,2025,278,278,367,367,2307,2.307,2952,2.952,9.42%,12.43%,78.15%,True,1,645,21.84959349593496,150590,True,150590,PORTO DE MOZ,PA,2025,48,48,191,191,2575,2575,138,138,2952,2952,1.63%,6.47%,87.23%,4.67%,False,1,239,8.09620596205962,True,1505908,Porto de Moz (PA),0.698,0.743,0.68,0.67,0.503,0.77,0.322,0.512,0.248,0.367,True,1505908,Porto de Moz,7385.0,993.0,13.4,3600.0,48.7,True,1505908,1505908,PORTO DE MOZ,PA,Norte,13.446174678402167,0.046174678402167046,48.747461069735955,0.04746106973595232,2025-01,13.446174678402167,13.4,993.0,True,True,True,True,True,True,True,True,True,True,True,ambos desfavoráveis,True,3,True,Convergência nas três dimensões,alta,DPI ≥ referência,,com_PBF,0.75,20,72,63,72,0.875
150600,PRAINHA,PA,2025,140,140,251,251,2763,2.763,3154,3.154,4.44%,7.96%,87.6%,True,1,391,12.39695624603678,150600,True,150600,PRAINHA,PA,2025,34,34,99,99,2854,2854,167,167,3154,3154,1.08%,3.14%,90.49%,5.29%,False,1,133,4.216867469879518,True,1506005,Prainha (PA),0.7439999999999999,0.992,0.649,0.591,0.523,0.779,0.359,0.512,0.251,0.43,True,1506005,Prainha,7098.0,1748.0,24.6,3465.0,48.8,True,1506005,1506005,PRAINHA,PA,Norte,24.626655395886164,0.026655395886162836,48.81656804733728,0.016568047337280234,2025-01,24.626655395886164,24.6,1748.0,True,True,True,True,True,True,True,True,True,True,True,ambos desfavoráveis,True,3,True,Convergência nas três dimensões,média,DPI ≥ referência,,com_PBF,0.75,20,72,72,72,1.0
150610,PRIMAVERA,PA,2025,38,38,56,56,711,711,805,805,4.72%,6.96%,88.32%,False,1,94,11.677018633540373,150610,True,150610,PRIMAVERA,PA,2025,3,3,16,16,726,726,60,60,805,805,0.37%,1.99%,90.19%,7.45%,False,1,19,2.360248447204969,True,1506104,Primavera (PA),0.6029999999999999,0.599,0.586,0.624,0.5769999999999998,0.772,0.435,0.571,0.331,0.499,True,1506104,Primavera,2381.0,466.0,19.6,955.0,40.1,True,1506104,1506104,PRIMAVERA,PA,Norte,19.571608567828644,-0.028391432171357422,40.10919781604368,0.009197816043680973,2025-01,19.571608567828644,19.6,466.0,True,True,True,True,True,True,True,True,True,True,True,ambos desfavoráveis,True,3,True,Convergência nas três dimensões,média,DPI ≥ referência,,com_PBF,0.75,20,72,48,72,0.6666666666666666
150611,QUATIPURU,PA,2025,40,40,42,42,605,605,687,687,5.82%,6.11%,88.06%,False,1,82,11.935953420669577,150611,True,150611,QUATIPURU,PA,2025,5,5,17,17,614,614,51,51,687,687,0.73%,2.47%,89.37%,7.42%,False,1,22,3.2023289665211063,True,1506112,Quatipuru (PA),0.683,0.807,0.648,0.593,0.543,0.732,0.397,0.55,0.284,0.47,True,1506112,Quatipuru,2065.0,531.0,25.7,974.0,47.2,True,1506112,1506112,QUATIPURU,PA,Norte,25.71428571428571,0.014285714285712459,47.167070217917676,-0.03292978208232711,2025-01,25.71428571428571,25.7,531.0,True,True,True,True,True,True,True,True,True,True,True,ambos desfavoráveis,True,3,True,Convergência nas três dimensões,média,DPI ≥ referência,,com_PBF,0.75,20,72,48,72,0.6666666666666666
150640,SANTA CRUZ DO ARARI,PA,2025,30,30,53,53,368,368,451,451,6.65%,11.75%,81.6%,False,1,83,18.403547671840354,150640,True,150640,SANTA CRUZ DO ARARI,PA,2025,5,5,16,16,400,400,30,30,451,451,1.11%,3.55%,88.69%,6.65%,False,1,21,4.656319290465632,True,1506401,Santa Cruz do Arari (PA),0.6059999999999999,0.623,0.569,0.625,0.557,0.775,0.461,0.483,0.37,0.514,True,1506401,Santa Cruz do Arari,1329.0,239.0,18.0,443.0,33.3,True,1506401,1506401,SANTA CRUZ DO ARARI,PA,Norte,17.98344620015049,-0.01655379984951111,33.33333333333333,0.03333333333333144,2025-01,17.98344620015049,18.0,239.0,True,True,True,True,True,True,True,True,True,True,True,ambos desfavoráveis,True,3,True,Convergência nas três dimensões,média,DPI ≥ referência,,com_PBF,0.75,20,72,72,72,1.0
150655,SANTA LUZIA DO PARA,PA,2025,75,75,112,112,1267,1.267,1454,1.454,5.16%,7.7%,87.14%,True,1,187,12.861072902338378,150655,True,150655,SANTA LUZIA DO PARA,PA,2025,15,15,39,39,1293,1293,107,107,1454,1454,1.03%,2.68%,88.93%,7.36%,False,1,54,3.7138927097661623,True,1506559,Santa Luzia do Pará (PA),0.569,0.472,0.633,0.601,0.546,0.724,0.424,0.53,0.289,0.514,True,1506559,Santa Luzia do Pará,4188.0,1149.0,27.4,2829.0,67.6,True,1506559,1506559,SANTA LUZIA DO PARA,PA,Norte,27.435530085959886,0.035530085959887714,67.55014326647564,-0.049856733524350716,2025-01,27.435530085959886,27.4,1149.0,True,True,True,True,True,True,True,True,True,True,True,ambos desfavoráveis,True,3,True,Convergência nas três dimensões,média,DPI ≥ referência,,com_PBF,0.75,20,72,72,72,1.0
150715,SAO DOMINGOS DO ARAGUAIA,PA,2025,94,94,137,137,1147,1.147,1378,1.378,6.82%,9.94%,83.24%,True,1,231,16.76342525399129,150715,True,150715,SAO DOMINGOS DO ARAGUAIA,PA,2025,11,11,40,40,1254,1254,73,73,1378,1378,0.8%,2.9%,91%,5.3%,False,1,51,3.7010159651669086,True,1507151,São Domingos do Araguaia (PA),0.513,0.46,0.569,0.509,0.5939999999999999,0.738,0.451,0.629,0.367,0.5,True,1507151,São Domingos do Araguaia,3053.0,504.0,16.5,1402.0,45.9,True,1507151,1507151,SAO DOMINGOS DO ARAGUAIA,PA,Norte,16.508352440222733,0.008352440222733293,45.9220438912545,0.0220438912545049,2025-01,16.508352440222733,16.5,504.0,True,True,True,True,True,True,True,True,True,True,True,ambos desfavoráveis,True,3,True,Convergência nas três dimensões,média,DPI ≥ referência,,com_PBF,0.75,20,72,72,72,1.0
150720,SAO DOMINGOS DO CAPIM,PA,2025,153,153,215,215,2002,2.002,2370,2.37,6.46%,9.07%,84.47%,True,1,368,15.527426160337555,150720,True,150720,SAO DOMINGOS DO CAPIM,PA,2025,20,20,54,54,2160,2160,137,137,2371,2371,0.84%,2.28%,91.1%,5.78%,False,1,74,3.1210459721636443,True,1507201,São Domingos do Capim (PA),0.545,0.484,0.515,0.635,0.532,0.773,0.382,0.509,0.28,0.446,True,1507201,São Domingos do Capim,5568.0,1230.0,22.1,3442.0,61.8,True,1507201,1507201,SAO DOMINGOS DO CAPIM,PA,Norte,22.09051724137931,-0.009482758620691811,61.81752873563219,0.017528735632190262,2025-01,22.09051724137931,22.1,1230.0,True,True,True,True,True,True,True,True,True,True,True,ambos desfavoráveis,True,3,True,Convergência nas três dimensões,média,DPI ≥ referência,,com_PBF,0.75,20,72,72,72,1.0
150730,SAO FELIX DO XINGU,PA,2025,264,264,317,317,3875,3.875,4456,4.456,5.92%,7.11%,86.96%,True,1,581,13.038599640933574,150730,True,150730,SAO FELIX DO XINGU,PA,2025,43,43,125,125,4002,4002,286,286,4456,4456,0.96%,2.81%,89.81%,6.42%,False,1,168,3.7701974865350087,True,1507300,São Félix do Xingu (PA),0.512,0.515,0.575,0.445,0.5939999999999999,0.798,0.411,0.638,0.36,0.439,True,1507300,São Félix do Xingu,8005.0,1198.0,15.0,4196.0,52.4,True,1507300,1507300,SAO FELIX DO XINGU,PA,Norte,14.965646470955651,-0.034353529044349074,52.41723922548407,0.017239225484068754,2025-01,14.965646470955651,15.0,1198.0,True,True,True,True,True,True,True,True,True,True,True,ambos desfavoráveis,True,3,True,Convergência nas três dimensões,média,DPI ≥ referência,,com_PBF,0.75,20,72,63,72,0.875
150746,SAO JOAO DA PONTA,PA,2025,17,17,15,15,316,316,348,348,4.89%,4.31%,90.8%,False,1,32,9.195402298850574,150746,True,150746,SAO JOAO DA PONTA,PA,2025,5,5,16,16,307,307,20,20,348,348,1.44%,4.6%,88.22%,5.75%,False,1,21,6.0344827586206895,True,1507466,São João da Ponta (PA),0.4879999999999999,0.401,0.564,0.498,0.5829999999999999,0.767,0.495,0.522,0.382,0.563,True,1507466,São João da Ponta,1052.0,167.0,15.9,654.0,62.2,True,1507466,1507466,SAO JOAO DA PONTA,PA,Norte,15.874524714828897,-0.02547528517110287,62.16730038022814,-0.03269961977186142,2025-01,15.874524714828897,15.9,167.0,True,True,True,True,True,True,True,True,True,True,True,ambos desfavoráveis,True,3,True,Convergência nas três dimensões,baixa,DPI ≥ referência,,com_PBF,0.75,20,72,24,72,0.3333333333333333
150747,SAO JOAO DE PIRABAS,PA,2025,38,38,99,99,1280,1.28,1417,1.417,2.68%,6.99%,90.33%,True,1,137,9.668313338038109,150747,True,150747,SAO JOAO DE PIRABAS,PA,2025,6,6,28,28,1287,1287,96,96,1417,1417,0.42%,1.98%,90.83%,6.77%,False,1,34,2.399435426958363,True,1507474,São João de Pirabas (PA),0.633,0.638,0.635,0.625,0.539,0.753,0.393,0.529,0.253,0.49,True,1507474,São João de Pirabas,3837.0,635.0,16.5,2056.0,53.6,True,1507474,1507474,SAO JOAO DE PIRABAS,PA,Norte,16.549387542350793,0.04938754235079301,53.58352879854053,-0.016471201459474116,2025-01,16.549387542350793,16.5,635.0,True,True,True,True,True,True,True,True,True,True,True,ambos desfavoráveis,True,3,True,Convergência nas três dimensões,baixa,DPI ≥ referência,,com_PBF,0.75,20,72,24,72,0.3333333333333333
150750,SAO JOAO DO ARAGUAIA,PA,2025,50,50,74,74,821,821,945,945,5.29%,7.83%,86.88%,False,1,124,13.12169312169312,150750,True,150750,SAO JOAO DO ARAGUAIA,PA,2025,20,20,62,62,823,823,40,40,945,945,2.12%,6.56%,87.09%,4.23%,False,1,82,8.677248677248677,True,1507508,São João do Araguaia (PA),0.65,0.719,0.662,0.568,0.55,0.741,0.424,0.53,0.299,0.505,True,1507508,São João do Araguaia,2930.0,418.0,14.3,998.0,34.1,True,1507508,1507508,SAO JOAO DO ARAGUAIA,PA,Norte,14.266211604095563,-0.03378839590443761,34.06143344709898,-0.038566552901023954,2025-01,14.266211604095563,14.3,418.0,True,True,True,True,True,True,True,True,True,True,True,ambos desfavoráveis,True,3,True,Convergência nas três dimensões,média,DPI ≥ referência,,com_PBF,0.75,20,72,63,72,0.875
150770,SAO SEBASTIAO DA BOA VISTA,PA,2025,221,221,363,363,1723,1.723,2307,2.307,9.58%,15.73%,74.69%,True,1,584,25.31426094495015,150770,True,150770,SAO SEBASTIAO DA BOA VISTA,PA,2025,22,22,84,84,2094,2094,107,107,2307,2307,0.95%,3.64%,90.77%,4.64%,False,1,106,4.59471174685739,True,1507706,São Sebastião da Boa Vista (PA),0.542,0.51,0.573,0.543,0.558,0.76,0.439,0.52,0.334,0.503,True,1507706,São Sebastião da Boa Vista,4807.0,990.0,20.6,3413.0,71.0,True,1507706,1507706,SAO SEBASTIAO DA BOA VISTA,PA,Norte,20.59496567505721,-0.005034324942791102,71.00062408986894,0.0006240898689355845,2025-01,20.59496567505721,20.6,990.0,True,True,True,True,True,True,True,True,True,True,True,ambos desfavoráveis,True,3,True,Convergência nas três dimensões,alta,DPI ≥ referência,,com_PBF,0.75,20,72,72,72,1.0
150780,SENADOR JOSE PORFIRIO,PA,2025,165,165,154,154,1268,1.268,1587,1.587,10.4%,9.7%,79.9%,True,1,319,20.10081915563957,150780,True,150780,SENADOR JOSE PORFIRIO,PA,2025,11,11,46,46,1446,1446,84,84,1587,1587,0.69%,2.9%,91.12%,5.29%,False,1,57,3.5916824196597354,True,1507805,Senador José Porfírio (PA),0.629,0.632,0.717,0.539,0.514,0.754,0.338,0.533,0.207,0.431,True,1507805,Senador José Porfírio,3945.0,620.0,15.7,1483.0,37.6,True,1507805,1507805,SENADOR JOSE PORFIRIO,PA,Norte,15.716096324461343,0.016096324461344125,37.59188846641318,-0.008111533586820485,2025-01,15.716096324461343,15.7,620.0,True,True,True,True,True,True,True,True,True,True,True,ambos desfavoráveis,True,3,True,Convergência nas três dimensões,alta,DPI ≥ referência,,com_PBF,0.75,20,72,72,72,1.0
150803,TRACUATEUA,PA,2025,99,99,137,137,1732,1.732,1968,1.968,5.03%,6.96%,88.01%,True,1,236,11.991869918699187,150803,True,150803,TRACUATEUA,PA,2025,17,17,72,72,1759,1759,120,120,1968,1968,0.86%,3.66%,89.38%,6.1%,False,1,89,4.522357723577236,True,1508035,Tracuateua (PA),0.5889999999999999,0.456,0.616,0.694,0.531,0.776,0.376,0.514,0.272,0.442,True,1508035,Tracuateua,6920.0,1909.0,27.6,3914.0,56.6,True,1508035,1508035,TRACUATEUA,PA,Norte,27.58670520231214,-0.01329479768786257,56.5606936416185,-0.03930635838150209,2025-01,27.58670520231214,27.6,1909.0,True,True,True,True,True,True,True,True,True,True,True,ambos desfavoráveis,True,3,True,Convergência nas três dimensões,média,DPI ≥ referência,,com_PBF,0.75,20,72,48,72,0.6666666666666666
150805,TRAIRAO,PA,2025,53,53,90,90,1183,1.183,1326,1.326,4%,6.79%,89.22%,True,1,143,10.784313725490197,150805,True,150805,TRAIRAO,PA,2025,11,11,54,54,1179,1179,82,82,1326,1326,0.83%,4.07%,88.91%,6.18%,False,1,65,4.901960784313726,True,1508050,Trairão (PA),0.639,0.804,0.622,0.49,0.562,0.763,0.392,0.594,0.273,0.47,True,1508050,Trairão,2611.0,317.0,12.1,1304.0,49.9,True,1508050,1508050,TRAIRAO,PA,Norte,12.14094216775182,0.04094216775182069,49.94255074684029,0.042550746840291254,2025-01,12.14094216775182,12.1,317.0,True,True,True,True,True,True,True,True,True,True,True,ambos desfavoráveis,True,3,True,Convergência nas três dimensões,média,DPI ≥ referência,,com_PBF,0.75,20,72,42,72,0.5833333333333334
150830,VISEU,PA,2025,338,338,477,477,3809,3.809,4624,4.624,7.31%,10.32%,82.37%,True,1,815,17.625432525951556,150830,True,150830,VISEU,PA,2025,49,49,164,164,4166,4166,245,245,4624,4624,1.06%,3.55%,90.1%,5.3%,False,1,213,4.6064013840830444,True,1508308,Viseu (PA),0.7409999999999999,0.92,0.672,0.63,0.515,0.776,0.366,0.482,0.248,0.445,True,1508308,Viseu,9907.0,2142.0,21.6,7609.0,76.8,True,1508308,1508308,VISEU,PA,Norte,21.621076006863834,0.02107600686383293,76.8042798021601,0.004279802160098711,2025-01,21.621076006863834,21.6,2142.0,True,True,True,True,True,True,True,True,True,True,True,ambos desfavoráveis,True,3,True,Convergência nas três dimensões,média,DPI ≥ referência,,com_PBF,0.75,20,72,72,72,1.0
150835,VITORIA DO XINGU,PA,2025,55,55,97,97,1183,1.183,1335,1.335,4.12%,7.27%,88.61%,True,1,152,11.385767790262172,150835,True,150835,VITORIA DO XINGU,PA,2025,13,13,43,43,1197,1197,82,82,1335,1335,0.97%,3.22%,89.66%,6.14%,False,1,56,4.194756554307117,True,1508357,Vitória do Xingu (PA),0.7059999999999998,0.96,0.586,0.572,0.5959999999999999,0.792,0.451,0.594,0.307,0.547,True,1508357,Vitória do Xingu,3059.0,469.0,15.3,1297.0,42.4,True,1508357,1508357,VITORIA DO XINGU,PA,Norte,15.331807780320366,0.03180778032036535,42.399476953252694,-0.000523046747304079,2025-01,15.331807780320366,15.3,469.0,True,True,True,True,True,True,True,True,True,True,True,ambos desfavoráveis,True,3,True,Convergência nas três dimensões,média,DPI ≥ referência,,com_PBF,0.75,20,72,48,72,0.6666666666666666
250077,APARECIDA,PB,2025,17,17,30,30,431,431,478,478,3.56%,6.28%,90.17%,False,1,47,9.832635983263598,250077,True,250077,APARECIDA,PB,2025,4,4,14,14,413,413,47,47,478,478,0.84%,2.93%,86.4%,9.83%,False,1,18,3.765690376569038,True,2500775,Aparecida (PB),0.432,0.129,0.612,0.556,0.5779999999999998,0.747,0.456,0.567,0.272,0.59,True,2500775,Aparecida,2120.0,298.0,14.1,426.0,20.1,True,2500775,2500775,APARECIDA,PB,Nordeste,14.056603773584905,-0.04339622641509422,20.09433962264151,-0.005660377358491786,2025-01,14.056603773584905,14.1,298.0,True,True,True,True,True,True,True,True,True,True,True,ambos desfavoráveis,True,3,True,Convergência nas três dimensões,baixa,DPI ≥ referência,,com_PBF,0.75,20,72,9,72,0.125
250080,ARACAGI,PB,2025,50,50,73,73,749,749,872,872,5.73%,8.37%,85.89%,False,1,123,14.105504587155963,250080,True,250080,ARACAGI,PB,2025,7,7,14,14,748,748,103,103,872,872,0.8%,1.61%,85.78%,11.81%,False,1,21,2.408256880733945,True,2500809,Araçagi (PB),0.536,0.384,0.588,0.635,0.549,0.745,0.412,0.54,0.237,0.543,True,2500809,Araçagi,3037.0,573.0,18.9,842.0,27.7,True,2500809,2500809,ARACAGI,PB,Nordeste,18.86730325979585,-0.032696740204148256,27.724728350345735,0.02472835034573606,2025-01,18.86730325979585,18.9,573.0,True,True,True,True,True,True,True,True,True,True,True,ambos desfavoráveis,True,3,True,Convergência nas três dimensões,média,DPI ≥ referência,,com_PBF,0.75,20,72,63,72,0.875
250150,BANANEIRAS,PB,2025,54,54,66,66,949,949,1069,1.069,5.05%,6.17%,88.77%,True,1,120,11.225444340505145,250150,True,250150,BANANEIRAS,PB,2025,7,7,23,23,937,937,102,102,1069,1069,0.65%,2.15%,87.65%,9.54%,False,1,30,2.8063610851262863,True,2501500,Bananeiras (PB),0.52,0.271,0.62,0.669,0.568,0.766,0.43,0.555,0.259,0.554,True,2501500,Bananeiras,4081.0,579.0,14.2,1232.0,30.2,True,2501500,2501500,BANANEIRAS,PB,Nordeste,14.187699093359472,-0.012300906640527742,30.18867924528302,-0.01132075471698002,2025-01,14.187699093359472,14.2,579.0,True,True,True,True,True,True,True,True,True,True,True,ambos desfavoráveis,True,3,True,Convergência nas três dimensões,média,DPI ≥ referência,,com_PBF,0.75,20,72,36,72,0.5
250153,BARAUNA,PB,2025,9,9,17,17,264,264,290,290,3.1%,5.86%,91.03%,False,1,26,8.96551724137931,250153,True,250153,BARAUNA,PB,2025,0,0,6,6,257,257,27,27,290,290,-,2.07%,88.62%,9.31%,False,1,6,2.0689655172413794,True,2501534,Baraúna (PB),0.528,0.313,0.682,0.589,0.558,0.718,0.459,0.526,0.27,0.598,True,2501534,Baraúna,1190.0,212.0,17.8,281.0,23.6,True,2501534,2501534,BARAUNA,PB,Nordeste,17.81512605042017,0.015126050420168013,23.61344537815126,0.013445378151256904,2025-01,17.81512605042017,17.8,212.0,True,True,True,True,True,True,True,True,True,True,True,ambos desfavoráveis,True,3,True,Convergência nas três dimensões,baixa,DPI ≥ referência,,com_PBF,0.75,20,72,18,72,0.25
250160,BARRA DE SANTA ROSA,PB,2025,20,20,45,45,604,604,669,669,2.99%,6.73%,90.28%,False,1,65,9.715994020926756,250160,True,250160,BARRA DE SANTA ROSA,PB,2025,6,6,14,14,600,600,49,49,669,669,0.9%,2.09%,89.69%,7.32%,False,1,20,2.9895366218236172,True,2501609,Barra de Santa Rosa (PB),0.505,0.329,0.602,0.583,0.562,0.753,0.434,0.542,0.258,0.562,True,2501609,Barra de Santa Rosa,3340.0,610.0,18.3,626.0,18.7,True,2501609,2501609,BARRA DE SANTA ROSA,PB,Nordeste,18.263473053892216,-0.0365269461077844,18.742514970059883,0.042514970059883694,2025-01,18.263473053892216,18.3,610.0,True,True,True,True,True,True,True,True,True,True,True,ambos desfavoráveis,True,3,True,Convergência nas três dimensões,baixa,DPI ≥ referência,,com_PBF,0.75,20,72,12,72,0.16666666666666666
250157,BARRA DE SANTANA,PB,2025,19,19,14,14,383,383,416,416,4.57%,3.37%,92.07%,False,1,33,7.9326923076923075,250157,True,250157,BARRA DE SANTANA,PB,2025,4,4,6,6,366,366,40,40,416,416,0.96%,1.44%,87.98%,9.62%,False,1,10,2.403846153846154,True,2501575,Barra de Santana (PB),0.5,0.403,0.504,0.592,0.567,0.747,0.465,0.526,0.254,0.629,True,2501575,Barra de San- tana,1339.0,154.0,11.5,369.0,27.6,True,2501575,2501575,BARRA DE SANTANA,PB,Nordeste,11.501120238984317,0.0011202389843170124,27.557879014189695,-0.04212098581030688,2025-01,11.501120238984317,11.5,154.0,True,True,True,True,True,True,True,True,True,True,True,ambos desfavoráveis,True,3,True,Convergência nas três dimensões,baixa,DPI ≥ referência,,com_PBF,0.75,20,72,15,72,0.20833333333333334
250190,BELEM,PB,2025,37,37,49,49,799,799,885,885,4.18%,5.54%,90.28%,False,1,86,9.717514124293785,250190,True,250190,BELEM,PB,2025,3,3,18,18,781,781,83,83,885,885,0.34%,2.03%,88.25%,9.38%,False,1,21,2.3728813559322033,True,2501906,Belém (PB),0.447,0.186,0.559,0.596,0.5919999999999999,0.759,0.492,0.557,0.293,0.638,True,2501906,Belém,3015.0,345.0,11.4,777.0,25.8,True,2501906,2501906,BELEM,PB,Nordeste,11.442786069651742,0.0427860696517417,25.771144278606968,-0.028855721393032496,2025-01,11.442786069651742,11.4,345.0,True,True,True,True,True,True,True,True,True,True,True,ambos desfavoráveis,True,3,True,Convergência nas três dimensões,baixa,DPI ≥ referência,,com_PBF,0.75,20,72,15,72,0.20833333333333334
250220,BOM JESUS,PB,2025,5,5,7,7,155,155,167,167,2.99%,4.19%,92.81%,False,1,12,7.18562874251497,250220,True,250220,BOM JESUS,PB,2025,2,2,6,6,146,146,13,13,167,167,1.2%,3.59%,87.43%,7.78%,False,1,8,4.790419161676647,True,2502201,Bom Jesus (PB),0.433,0.185,0.509,0.604,0.5969999999999999,0.762,0.477,0.584,0.309,0.592,True,2502201,Bom Jesus,531.0,60.0,11.3,66.0,12.4,True,2502201,2502201,BOM JESUS,PB,Nordeste,11.299435028248588,-0.0005649717514124575,12.429378531073446,0.029378531073446013,2025-01,11.299435028248588,11.3,60.0,True,True,True,True,True,True,True,True,True,True,True,ambos desfavoráveis,True,3,True,Convergência nas três dimensões,baixa,DPI ≥ referência,,com_PBF,0.75,20,72,6,72,0.08333333333333333
250380,CALDAS BRANDAO,PB,2025,13,13,27,27,429,429,469,469,2.77%,5.76%,91.47%,False,1,40,8.528784648187633,250380,True,250380,CALDAS BRANDAO,PB,2025,1,1,8,8,409,409,51,51,469,469,0.21%,1.71%,87.21%,10.87%,False,1,9,1.9189765458422177,True,2503803,Caldas Brandão (PB),0.434,0.195,0.657,0.45,0.568,0.723,0.451,0.562,0.276,0.576,True,2503803,Caldas Brandão,1265.0,209.0,16.5,345.0,27.3,True,2503803,2503803,CALDAS BRANDAO,PB,Nordeste,16.52173913043478,0.021739130434781373,27.27272727272727,-0.02727272727273089,2025-01,16.52173913043478,16.5,209.0,True,True,True,True,True,True,True,True,True,True,True,ambos desfavoráveis,True,3,True,Convergência nas três dimensões,baixa,DPI ≥ referência,,com_PBF,0.75,20,72,21,72,0.2916666666666667
250390,CAMALAU,PB,2025,23,23,15,15,355,355,393,393,5.85%,3.82%,90.33%,False,1,38,9.669211195928753,250390,True,250390,CAMALAU,PB,2025,8,8,8,8,343,343,34,34,393,393,2.04%,2.04%,87.28%,8.65%,False,1,16,4.071246819338422,True,2503902,Camalaú (PB),0.457,0.241,0.542,0.587,0.567,0.77,0.431,0.549,0.243,0.575,True,2503902,Camalaú,1596.0,219.0,13.7,434.0,27.2,True,2503902,2503902,CAMALAU,PB,Nordeste,13.721804511278195,0.02180451127819616,27.192982456140353,-0.00701754385964648,2025-01,13.721804511278195,13.7,219.0,True,True,True,True,True,True,True,True,True,True,True,ambos desfavoráveis,True,3,True,Convergência nas três dimensões,baixa,DPI ≥ referência,,com_PBF,0.75,20,72,18,72,0.25
250403,CAPIM,PB,2025,15,15,37,37,644,644,696,696,2.16%,5.32%,92.53%,False,1,52,7.471264367816093,250403,True,250403,CAPIM,PB,2025,4,4,11,11,608,608,73,73,696,696,0.57%,1.58%,87.36%,10.49%,False,1,15,2.1551724137931036,True,2504033,Capim (PB),0.627,0.483,0.757,0.641,0.533,0.728,0.4,0.52,0.23,0.528,True,2504033,Capim,1599.0,176.0,11.0,34.0,2.1,True,2504033,2504033,CAPIM,PB,Nordeste,11.006879299562227,0.006879299562227104,2.1263289555972484,0.02632895559724835,2025-01,11.006879299562227,11.0,176.0,True,True,True,True,True,True,True,True,True,True,True,ambos desfavoráveis,True,3,True,Convergência nas três dimensões,baixa,DPI ≥ referência,,com_PBF,0.75,20,72,6,72,0.08333333333333333
250415,CASSERENGUE,PB,2025,7,7,36,36,367,367,410,410,1.71%,8.78%,89.51%,False,1,43,10.487804878048781,250415,True,250415,CASSERENGUE,PB,2025,1,1,8,8,373,373,28,28,410,410,0.24%,1.95%,90.98%,6.83%,False,1,9,2.195121951219512,True,2504157,Casserengue (PB),0.514,0.257,0.668,0.616,0.514,0.73,0.379,0.492,0.178,0.552,True,2504157,Casserengue,1589.0,238.0,15.0,277.0,17.4,True,2504157,2504157,CASSERENGUE,PB,Nordeste,14.977973568281937,-0.02202643171806251,17.432347388294524,0.0323473882945251,2025-01,14.977973568281937,15.0,238.0,True,True,True,True,True,True,True,True,True,True,True,ambos desfavoráveis,True,3,True,Convergência nas três dimensões,média,DPI ≥ referência,,com_PBF,0.75,20,72,24,72,0.3333333333333333
250450,CONDADO,PB,2025,13,13,15,15,328,328,356,356,3.65%,4.21%,92.13%,False,1,28,7.865168539325842,250450,True,250450,CONDADO,PB,2025,4,4,9,9,313,313,30,30,356,356,1.12%,2.53%,87.92%,8.43%,False,1,13,3.651685393258427,True,2504504,Condado (PB),0.4119999999999999,0.184,0.545,0.508,0.5939999999999999,0.769,0.476,0.573,0.282,0.619,True,2504504,Condado,865.0,100.0,11.6,66.0,7.6,True,2504504,2504504,CONDADO,PB,Nordeste,11.560693641618498,-0.03930635838150209,7.630057803468208,0.030057803468208633,2025-01,11.560693641618498,11.6,100.0,True,True,True,True,True,True,True,True,True,True,True,ambos desfavoráveis,True,3,True,Convergência nas três dimensões,baixa,DPI ≥ referência,,com_PBF,0.75,20,72,6,72,0.08333333333333333
250470,CONGO,PB,2025,56,56,30,30,224,224,310,310,18.06%,9.68%,72.26%,False,1,86,27.741935483870968,250470,True,250470,CONGO,PB,2025,27,27,17,17,239,239,27,27,310,310,8.71%,5.48%,77.1%,8.71%,False,1,44,14.193548387096774,True,2504702,Congo (PB),0.42,0.197,0.569,0.493,0.5809999999999998,0.731,0.477,0.562,0.302,0.6,True,2504702,Congo,1547.0,198.0,12.8,385.0,24.9,True,2504702,2504702,CONGO,PB,Nordeste,12.79896574014221,-0.0010342598577910422,24.8868778280543,-0.013122171945699534,2025-01,12.79896574014221,12.8,198.0,True,True,True,True,True,True,True,True,True,True,True,ambos desfavoráveis,True,3,True,Convergência nas três dimensões,alta,DPI ≥ referência,,com_PBF,0.75,20,72,54,72,0.75
250510,CUITE,PB,2025,27,27,42,42,779,779,848,848,3.18%,4.95%,91.86%,False,1,69,8.13679245283019,250510,True,250510,CUITE,PB,2025,4,4,12,12,749,749,83,83,848,848,0.47%,1.42%,88.33%,9.79%,False,1,16,1.8867924528301887,True,2505105,Cuité (PB),0.447,0.31,0.507,0.525,0.5909999999999999,0.766,0.47,0.574,0.3,0.589,True,2505105,Cuité,3075.0,367.0,11.9,836.0,27.2,True,2505105,2505105,CUITE,PB,Nordeste,11.934959349593496,0.034959349593496114,27.186991869918696,-0.013008130081303193,2025-01,11.934959349593496,11.9,367.0,True,True,True,True,True,True,True,True,True,True,True,ambos desfavoráveis,True,3,True,Convergência nas três dimensões,baixa,DPI ≥ referência,,com_PBF,0.75,20,72,18,72,0.25
250527,CURRAL DE CIMA,PB,2025,22,22,20,20,320,320,362,362,6.08%,5.52%,88.4%,False,1,42,11.602209944751381,250527,True,250527,CURRAL DE CIMA,PB,2025,4,4,5,5,324,324,29,29,362,362,1.1%,1.38%,89.5%,8.01%,False,1,9,2.4861878453038675,True,2505279,Curral de Cima (PB),0.526,0.358,0.639,0.581,0.529,0.715,0.392,0.528,0.208,0.538,True,2505279,Curral de Cima,1394.0,253.0,18.1,53.0,3.8,True,2505279,2505279,CURRAL DE CIMA,PB,Nordeste,18.149210903873744,0.049210903873742495,3.802008608321377,0.002008608321377281,2025-01,18.149210903873744,18.1,253.0,True,True,True,True,True,True,True,True,True,True,True,ambos desfavoráveis,True,3,True,Convergência nas três dimensões,média,DPI ≥ referência,,com_PBF,0.75,20,72,24,72,0.3333333333333333
250535,DAMIAO,PB,2025,21,21,27,27,268,268,316,316,6.65%,8.54%,84.81%,False,1,48,15.18987341772152,250535,True,250535,DAMIAO,PB,2025,4,4,12,12,280,280,20,20,316,316,1.27%,3.8%,88.61%,6.33%,False,1,16,5.063291139240507,True,2505352,Damião (PB),0.56,0.348,0.642,0.69,0.521,0.72,0.391,0.503,0.188,0.563,True,2505352,Damião,920.0,172.0,18.7,140.0,15.2,True,2505352,2505352,DAMIAO,PB,Nordeste,18.695652173913043,-0.004347826086956275,15.217391304347828,0.01739130434782865,2025-01,18.695652173913043,18.7,172.0,True,True,True,True,True,True,True,True,True,True,True,ambos desfavoráveis,True,3,True,Convergência nas três dimensões,média,DPI ≥ referência,,com_PBF,0.75,20,72,36,72,0.5
250540,DESTERRO,PB,2025,43,43,31,31,457,457,531,531,8.1%,5.84%,86.06%,False,1,74,13.93596986817326,250540,True,250540,DESTERRO,PB,2025,3,3,12,12,464,464,52,52,531,531,0.56%,2.26%,87.38%,9.79%,False,1,15,2.824858757062147,True,2505402,Desterro (PB),0.445,0.278,0.525,0.531,0.5799999999999998,0.724,0.49,0.551,0.308,0.618,True,2505402,Desterro,2208.0,396.0,17.9,753.0,34.1,True,2505402,2505402,DESTERRO,PB,Nordeste,17.934782608695652,0.03478260869565375,34.10326086956522,0.003260869565217206,2025-01,17.934782608695652,17.9,396.0,True,True,True,True,True,True,True,True,True,True,True,ambos desfavoráveis,True,3,True,Convergência nas três dimensões,média,DPI ≥ referência,,com_PBF,0.75,20,72,72,72,1.0
250640,GURINHEM,PB,2025,21,21,46,46,763,763,830,830,2.53%,5.54%,91.93%,False,1,67,8.072289156626505,250640,True,250640,GURINHEM,PB,2025,4,4,14,14,720,720,92,92,830,830,0.48%,1.69%,86.75%,11.08%,False,1,18,2.1686746987951806,True,2506400,Gurinhém (PB),0.549,0.445,0.649,0.552,0.556,0.728,0.435,0.544,0.262,0.561,True,2506400,Gurinhém,3054.0,499.0,16.3,122.0,4.0,True,2506400,2506400,GURINHEM,PB,Nordeste,16.339227242960053,0.03922724296005242,3.994760969220694,-0.0052390307793062085,2025-01,16.339227242960053,16.3,499.0,True,True,True,True,True,True,True,True,True,True,True,ambos desfavoráveis,True,3,True,Convergência nas três dimensões,baixa,DPI ≥ referência,,com_PBF,0.75,20,72,12,72,0.16666666666666666
250670,IMACULADA,PB,2025,16,16,27,27,527,527,570,570,2.81%,4.74%,92.46%,False,1,43,7.5438596491228065,250670,True,250670,IMACULADA,PB,2025,8,8,11,11,504,504,47,47,570,570,1.4%,1.93%,88.42%,8.25%,False,1,19,3.3333333333333335,True,2506707,Imaculada (PB),0.461,0.266,0.61,0.508,0.557,0.715,0.461,0.524,0.294,0.577,True,2506707,Imaculada,2245.0,343.0,15.3,564.0,25.1,True,2506707,2506707,IMACULADA,PB,Nordeste,15.278396436525613,-0.021603563474387855,25.122494432071267,0.02249443207126589,2025-01,15.278396436525613,15.3,343.0,True,True,True,True,True,True,True,True,True,True,True,ambos desfavoráveis,True,3,True,Convergência nas três dimensões,baixa,DPI ≥ referência,,com_PBF,0.75,20,72,21,72,0.2916666666666667
250680,INGA,PB,2025,62,62,74,74,963,963,1099,1.099,5.64%,6.73%,87.63%,True,1,136,12.374886260236579,250680,True,250680,INGA,PB,2025,5,5,29,29,943,943,122,122,1099,1099,0.45%,2.64%,85.81%,11.1%,False,1,34,3.0937215650591448,True,2506806,Ingá (PB),0.52,0.415,0.565,0.58,0.5919999999999999,0.768,0.471,0.573,0.28,0.611,True,2506806,Ingá,4203.0,728.0,17.3,618.0,14.7,True,2506806,2506806,INGA,PB,Nordeste,17.32096121817749,0.020961218177490082,14.703783012134188,0.0037830121341890788,2025-01,17.32096121817749,17.3,728.0,True,True,True,True,True,True,True,True,True,True,True,ambos desfavoráveis,True,3,True,Convergência nas três dimensões,média,DPI ≥ referência,,com_PBF,0.75,20,72,28,72,0.3888888888888889
250720,ITATUBA,PB,2025,22,22,37,37,688,688,747,747,2.95%,4.95%,92.1%,False,1,59,7.898259705488621,250720,True,250720,ITATUBA,PB,2025,2,2,26,26,641,641,78,78,747,747,0.27%,3.48%,85.81%,10.44%,False,1,28,3.748326639892905,True,2507200,Itatuba (PB),0.529,0.368,0.684,0.534,0.562,0.742,0.436,0.549,0.248,0.579,True,2507200,Itatuba,2293.0,424.0,18.5,402.0,17.5,True,2507200,2507200,ITATUBA,PB,Nordeste,18.49105974705626,-0.008940252943741456,17.53161796772787,0.03161796772786829,2025-01,18.49105974705626,18.5,424.0,True,True,True,True,True,True,True,True,True,True,True,ambos desfavoráveis,True,3,True,Convergência nas três dimensões,baixa,DPI ≥ referência,,com_PBF,0.75,20,72,12,72,0.16666666666666666
250760,JUAREZ TAVORA,PB,2025,57,57,52,52,444,444,553,553,10.31%,9.4%,80.29%,False,1,109,19.710669077757686,250760,True,250760,JUAREZ TAVORA,PB,2025,16,16,15,15,480,480,42,42,553,553,2.89%,2.71%,86.8%,7.59%,False,1,31,5.605786618444846,True,2507606,Juarez Távora (PB),0.46,0.228,0.595,0.557,0.5789999999999998,0.768,0.465,0.544,0.273,0.607,True,2507606,Juarez Távora,2560.0,354.0,13.8,737.0,28.8,True,2507606,2507606,JUAREZ TAVORA,PB,Nordeste,13.828125,0.02812499999999929,28.7890625,-0.01093750000000071,2025-01,13.828125,13.8,354.0,True,True,True,True,True,True,True,True,True,True,True,ambos desfavoráveis,True,3,True,Convergência nas três dimensões,média,DPI ≥ referência,,com_PBF,0.75,20,72,54,72,0.75
250790,JURIPIRANGA,PB,2025,12,12,44,44,557,557,613,613,1.96%,7.18%,90.86%,False,1,56,9.135399673735726,250790,True,250790,JURIPIRANGA,PB,2025,7,7,5,5,523,523,78,78,613,613,1.14%,0.82%,85.32%,12.72%,False,1,12,1.957585644371941,True,2507903,Juripiranga (PB),0.538,0.399,0.651,0.563,0.548,0.677,0.448,0.544,0.263,0.585,True,2507903,Juripiranga,2116.0,322.0,15.2,112.0,5.3,True,2507903,2507903,JURIPIRANGA,PB,Nordeste,15.217391304347828,0.01739130434782865,5.293005671077505,-0.0069943289224951855,2025-01,15.217391304347828,15.2,322.0,True,True,True,True,True,True,True,True,True,True,True,ambos desfavoráveis,True,3,True,Convergência nas três dimensões,baixa,DPI ≥ referência,,com_PBF,0.75,20,72,12,72,0.16666666666666666
250870,MAE D'AGUA,PB,2025,3,3,11,11,148,148,162,162,1.85%,6.79%,91.36%,False,1,14,8.641975308641975,250870,True,250870,MAE D'AGUA,PB,2025,1,1,3,3,151,151,7,7,162,162,0.62%,1.85%,93.21%,4.32%,False,1,4,2.4691358024691357,True,2508703,Mãe D'Água (PB),0.445,0.16,0.583,0.593,0.542,0.712,0.429,0.52,0.284,0.528,True,2508703,Mãe d’Água,1017.0,113.0,11.1,183.0,18.0,True,2508703,2508703,MAE D'AGUA,PB,Nordeste,11.11111111111111,0.011111111111111072,17.99410029498525,-0.0058997050147482355,2025-01,11.11111111111111,11.1,113.0,True,True,True,True,True,True,True,True,True,True,True,ambos desfavoráveis,True,3,True,Convergência nas três dimensões,baixa,DPI ≥ referência,,com_PBF,0.75,20,72,6,72,0.08333333333333333
250905,MARCACAO,PB,2025,29,29,60,60,699,699,788,788,3.68%,7.61%,88.71%,False,1,89,11.294416243654823,250905,True,250905,MARCACAO,PB,2025,4,4,16,16,695,695,73,73,788,788,0.51%,2.03%,88.2%,9.26%,False,1,20,2.5380710659898478,True,2509057,Marcação (PB),0.563,0.485,0.657,0.547,0.529,0.691,0.408,0.525,0.255,0.516,True,2509057,Marcação,1943.0,222.0,11.4,905.0,46.6,True,2509057,2509057,MARCACAO,PB,Nordeste,11.425630468347915,0.025630468347914714,46.57745753988677,-0.022542460113228913,2025-01,11.425630468347915,11.4,222.0,True,True,True,True,True,True,True,True,True,True,True,ambos desfavoráveis,True,3,True,Convergência nas três dimensões,média,DPI ≥ referência,,com_PBF,0.75,20,72,36,72,0.5
250910,MARI,PB,2025,41,41,83,83,1108,1.108,1232,1.232,3.33%,6.74%,89.94%,True,1,124,10.064935064935066,250910,True,250910,MARI,PB,2025,7,7,29,29,1102,1102,94,94,1232,1232,0.57%,2.35%,89.45%,7.63%,False,1,36,2.922077922077922,True,2509107,Mari (PB),0.4769999999999999,0.284,0.556,0.592,0.548,0.692,0.429,0.553,0.255,0.557,True,2509107,Mari,3674.0,549.0,14.9,687.0,18.7,True,2509107,2509107,MARI,PB,Nordeste,14.942841589548175,0.04284158954817485,18.69896570495373,-0.0010342950462707279,2025-01,14.942841589548175,14.9,549.0,True,True,True,True,True,True,True,True,True,True,True,ambos desfavoráveis,True,3,True,Convergência nas três dimensões,média,DPI ≥ referência,,com_PBF,0.75,20,72,18,72,0.25
250960,MONTE HOREBE,PB,2025,12,12,25,25,241,241,278,278,4.32%,8.99%,86.69%,False,1,37,13.309352517985612,250960,True,250960,MONTE HOREBE,PB,2025,2,2,14,14,246,246,16,16,278,278,0.72%,5.04%,88.49%,5.76%,False,1,16,5.755395683453238,True,2509602,Monte Horebe (PB),0.4079999999999999,0.229,0.542,0.452,0.5869999999999999,0.755,0.463,0.579,0.271,0.605,True,2509602,Monte Horebe,1076.0,119.0,11.1,95.0,8.8,True,2509602,2509602,MONTE HOREBE,PB,Nordeste,11.059479553903346,-0.04052044609665373,8.828996282527882,0.028996282527881334,2025-01,11.059479553903346,11.1,119.0,True,True,True,True,True,True,True,True,True,True,True,ambos desfavoráveis,True,3,True,Convergência nas três dimensões,média,DPI ≥ referência,,com_PBF,0.75,20,72,18,72,0.25
251040,OLHO D'AGUA,PB,2025,14,14,21,21,323,323,358,358,3.91%,5.87%,90.22%,False,1,35,9.776536312849162,251040,True,251040,OLHO D'AGUA,PB,2025,2,2,7,7,321,321,28,28,358,358,0.56%,1.96%,89.66%,7.82%,False,1,9,2.5139664804469275,True,2510402,Olho D'Água (PB),0.4289999999999999,0.204,0.545,0.537,0.572,0.776,0.452,0.533,0.288,0.567,True,2510402,Olho d’Água,995.0,116.0,11.7,132.0,13.3,True,2510402,2510402,OLHO D'AGUA,PB,Nordeste,11.658291457286433,-0.04170854271356639,13.266331658291458,-0.033668341708542826,2025-01,11.658291457286433,11.7,116.0,True,True,True,True,True,True,True,True,True,True,True,ambos desfavoráveis,True,3,True,Convergência nas três dimensões,baixa,DPI ≥ referência,,com_PBF,0.75,20,72,6,72,0.08333333333333333
251090,PAULISTA,PB,2025,20,20,30,30,549,549,599,599,3.34%,5.01%,91.65%,False,1,50,8.347245409015025,251090,True,251090,PAULISTA,PB,2025,2,2,10,10,537,537,50,50,599,599,0.33%,1.67%,89.65%,8.35%,False,1,12,2.003338898163606,True,2510907,Paulista (PB),0.401,0.176,0.575,0.453,0.5869999999999999,0.747,0.461,0.587,0.26,0.614,True,2510907,Paulista,2150.0,334.0,15.5,667.0,31.0,True,2510907,2510907,PAULISTA,PB,Nordeste,15.534883720930232,0.03488372093023173,31.023255813953487,0.023255813953486637,2025-01,15.534883720930232,15.5,334.0,True,True,True,True,True,True,True,True,True,True,True,ambos desfavoráveis,True,3,True,Convergência nas três dimensões,baixa,DPI ≥ referência,,com_PBF,0.75,20,72,21,72,0.2916666666666667
251160,PILOES,PB,2025,29,29,31,31,406,406,466,466,6.22%,6.65%,87.12%,False,1,60,12.875536480686694,251160,True,251160,PILOES,PB,2025,2,2,9,9,411,411,44,44,466,466,0.43%,1.93%,88.2%,9.44%,False,1,11,2.3605150214592276,True,2511608,Pilões (PB),0.521,0.364,0.599,0.601,0.56,0.767,0.409,0.559,0.271,0.503,True,2511608,Pilões,1896.0,234.0,12.3,41.0,2.2,True,2511608,2511608,PILOES,PB,Nordeste,12.341772151898734,0.04177215189873351,2.1624472573839664,-0.03755274261603381,2025-01,12.341772151898734,12.3,234.0,True,True,True,True,True,True,True,True,True,True,True,ambos desfavoráveis,True,3,True,Convergência nas três dimensões,média,DPI ≥ referência,,com_PBF,0.75,20,72,27,72,0.375
251180,PIRPIRITUBA,PB,2025,27,27,26,26,422,422,475,475,5.68%,5.47%,88.84%,False,1,53,11.157894736842106,251180,True,251180,PIRPIRITUBA,PB,2025,4,4,5,5,433,433,33,33,475,475,0.84%,1.05%,91.16%,6.95%,False,1,9,1.8947368421052633,True,2511806,Pirpirituba (PB),0.446,0.211,0.553,0.575,0.5949999999999999,0.745,0.499,0.566,0.349,0.596,True,2511806,Pirpirituba,1823.0,209.0,11.5,376.0,20.6,True,2511806,2511806,PIRPIRITUBA,PB,Nordeste,11.464618760285244,-0.03538123971475571,20.625342841470104,0.025342841470102684,2025-01,11.464618760285244,11.5,209.0,True,True,True,True,True,True,True,True,True,True,True,ambos desfavoráveis,True,3,True,Convergência nas três dimensões,média,DPI ≥ referência,,com_PBF,0.75,20,72,12,72,0.16666666666666666
251190,PITIMBU,PB,2025,47,47,61,61,806,806,914,914,5.14%,6.67%,88.18%,False,1,108,11.816192560175056,251190,True,251190,PITIMBU,PB,2025,1,1,18,18,753,753,142,142,914,914,0.11%,1.97%,82.39%,15.54%,False,1,19,2.0787746170678334,True,2511905,Pitimbu (PB),0.538,0.402,0.654,0.558,0.57,0.753,0.456,0.538,0.304,0.559,True,2511905,Pitimbu,4466.0,881.0,19.7,1211.0,27.1,True,2511905,2511905,PITIMBU,PB,Nordeste,19.726824899238693,0.02682489923869369,27.11598746081505,0.015987460815047427,2025-01,19.726824899238693,19.7,881.0,True,True,True,True,True,True,True,True,True,True,True,ambos desfavoráveis,True,3,True,Convergência nas três dimensões,média,DPI ≥ referência,,com_PBF,0.75,20,72,42,72,0.5833333333333334
251280,RIACHO DOS CAVALOS,PB,2025,9,9,32,32,399,399,440,440,2.05%,7.27%,90.68%,False,1,41,9.318181818181818,251280,True,251280,RIACHO DOS CAVALOS,PB,2025,4,4,10,10,394,394,32,32,440,440,0.91%,2.27%,89.55%,7.27%,False,1,14,3.1818181818181817,True,2512804,Riacho dos Cavalos (PB),0.446,0.201,0.549,0.588,0.568,0.752,0.447,0.546,0.262,0.583,True,2512804,Riacho dos Cavalos,1974.0,279.0,14.1,734.0,37.2,True,2512804,2512804,RIACHO DOS CAVALOS,PB,Nordeste,14.133738601823708,0.03373860182370869,37.18338399189463,-0.016616008105373226,2025-01,14.133738601823708,14.1,279.0,True,True,True,True,True,True,True,True,True,True,True,ambos desfavoráveis,True,3,True,Convergência nas três dimensões,baixa,DPI ≥ referência,,com_PBF,0.75,20,72,21,72,0.2916666666666667
251290,RIO TINTO,PB,2025,141,141,125,125,1498,1.498,1764,1.764,7.99%,7.09%,84.92%,True,1,266,15.079365079365079,251290,True,251290,RIO TINTO,PB,2025,14,14,59,59,1526,1526,165,165,1764,1764,0.79%,3.34%,86.51%,9.35%,False,1,73,4.138321995464852,True,2512903,Rio Tinto (PB),0.505,0.388,0.549,0.579,0.5849999999999999,0.742,0.48,0.562,0.362,0.552,True,2512903,Rio Tinto,3682.0,414.0,11.2,701.0,19.0,True,2512903,2512903,RIO TINTO,PB,Nordeste,11.243889190657251,0.04388919065725183,19.038565996740903,0.03856599674090333,2025-01,11.243889190657251,11.2,414.0,True,True,True,True,True,True,True,True,True,True,True,ambos desfavoráveis,True,3,True,Convergência nas três dimensões,média,DPI ≥ referência,,com_PBF,0.75,20,72,18,72,0.25
251335,SANTA INES,PB,2025,10,10,19,19,203,203,232,232,4.31%,8.19%,87.5%,False,1,29,12.5,251335,True,251335,SANTA INES,PB,2025,1,1,6,6,209,209,16,16,232,232,0.43%,2.59%,90.09%,6.9%,False,1,7,3.0172413793103448,True,2513356,Santa Inês (PB),0.4779999999999999,0.207,0.592,0.634,0.572,0.706,0.492,0.54,0.316,0.613,True,2513356,Santa Inês,772.0,117.0,15.2,224.0,29.0,True,2513356,2513356,SANTA INES,PB,Nordeste,15.155440414507773,-0.044559585492226716,29.015544041450774,0.015544041450773705,2025-01,15.155440414507773,15.2,117.0,True,True,True,True,True,True,True,True,True,True,True,ambos desfavoráveis,True,3,True,Convergência nas três dimensões,média,DPI ≥ referência,,com_PBF,0.75,20,72,63,72,0.875
251455,SAO JOSE DE PRINCESA,PB,2025,6,6,16,16,195,195,217,217,2.76%,7.37%,89.86%,False,1,22,10.138248847926267,251455,True,251455,SAO JOSE DE PRINCESA,PB,2025,1,1,5,5,201,201,10,10,217,217,0.46%,2.3%,92.63%,4.61%,False,1,6,2.7649769585253456,True,2514552,São José de Princesa (PB),0.4859999999999999,0.38,0.558,0.519,0.565,0.765,0.443,0.533,0.254,0.586,True,2514552,São José de Princesa,517.0,71.0,13.7,102.0,19.7,True,2514552,2514552,SAO JOSE DE PRINCESA,PB,Nordeste,13.733075435203096,0.03307543520309686,19.729206963249517,0.02920696324951777,2025-01,13.733075435203096,13.7,71.0,True,True,True,True,True,True,True,True,True,True,True,ambos desfavoráveis,True,3,True,Convergência nas três dimensões,média,DPI ≥ referência,,com_PBF,0.75,20,72,18,72,0.25
251480,SAO JOSE DOS CORDEIROS,PB,2025,22,22,18,18,154,154,194,194,11.34%,9.28%,79.38%,False,1,40,20.618556701030926,251480,True,251480,SAO JOSE DOS CORDEIROS,PB,2025,7,7,9,9,157,157,21,21,194,194,3.61%,4.64%,80.93%,10.82%,False,1,16,8.24742268041237,True,2514800,São José dos Cordeiros (PB),0.435,0.215,0.455,0.634,0.556,0.778,0.407,0.542,0.202,0.578,True,2514800,São José dos Cordeiros,954.0,175.0,18.3,145.0,15.2,True,2514800,2514800,SAO JOSE DOS CORDEIROS,PB,Nordeste,18.343815513626836,0.04381551362683567,15.199161425576522,-0.0008385744234775672,2025-01,18.343815513626836,18.3,175.0,True,True,True,True,True,True,True,True,True,True,True,ambos desfavoráveis,True,3,True,Convergência nas três dimensões,alta,DPI ≥ referência,,com_PBF,0.75,20,72,36,72,0.5
251500,SAO MIGUEL DE TAIPU,PB,2025,8,8,31,31,506,506,545,545,1.47%,5.69%,92.84%,False,1,39,7.155963302752294,251500,True,251500,SAO MIGUEL DE TAIPU,PB,2025,2,2,9,9,469,469,65,65,545,545,0.37%,1.65%,86.06%,11.93%,False,1,11,2.0183486238532113,True,2515005,São Miguel de Taipu (PB),0.551,0.401,0.675,0.578,0.548,0.721,0.443,0.516,0.249,0.59,True,2515005,São Miguel de Taipu,1657.0,224.0,13.5,542.0,32.7,True,2515005,2515005,SAO MIGUEL DE TAIPU,PB,Nordeste,13.51840675920338,0.018406759203379863,32.70971635485817,0.009716354858170462,2025-01,13.51840675920338,13.5,224.0,True,True,True,True,True,True,True,True,True,True,True,ambos desfavoráveis,True,3,True,Convergência nas três dimensões,baixa,DPI ≥ referência,,com_PBF,0.75,20,72,21,72,0.2916666666666667
251530,SAPE,PB,2025,145,145,178,178,2138,2.138,2461,2.461,5.89%,7.23%,86.88%,True,1,323,13.124746038195855,251530,True,251530,SAPE,PB,2025,20,20,49,49,2117,2117,275,275,2461,2461,0.81%,1.99%,86.02%,11.17%,False,1,69,2.803738317757009,True,2515302,Sapé (PB),0.513,0.308,0.595,0.636,0.569,0.711,0.461,0.563,0.31,0.562,True,2515302,Sapé,10371.0,1327.0,12.8,215.0,2.1,True,2515302,2515302,SAPE,PB,Nordeste,12.795294571401023,-0.004705428598978045,2.0730884196316652,-0.026911580368334853,2025-01,12.795294571401023,12.8,1327.0,True,True,True,True,True,True,True,True,True,True,True,ambos desfavoráveis,True,3,True,Convergência nas três dimensões,média,DPI ≥ referência,,com_PBF,0.75,20,72,27,72,0.375
251580,SERRA REDONDA,PB,2025,13,13,17,17,363,363,393,393,3.31%,4.33%,92.37%,False,1,30,7.633587786259542,251580,True,251580,SERRA REDONDA,PB,2025,4,4,6,6,341,341,42,42,393,393,1.02%,1.53%,86.77%,10.69%,False,1,10,2.5445292620865136,True,2515807,Serra Redonda (PB),0.507,0.332,0.558,0.632,0.57,0.772,0.424,0.565,0.246,0.557,True,2515807,Serra Redonda,1317.0,147.0,11.2,20.0,1.5,True,2515807,2515807,SERRA REDONDA,PB,Nordeste,11.161731207289293,-0.03826879271070638,1.518602885345482,0.018602885345482045,2025-01,11.161731207289293,11.2,147.0,True,True,True,True,True,True,True,True,True,True,True,ambos desfavoráveis,True,3,True,Convergência nas três dimensões,baixa,DPI ≥ referência,,com_PBF,0.75,20,72,6,72,0.08333333333333333
251640,TACIMA,PB,2025,24,24,40,40,480,480,544,544,4.41%,7.35%,88.24%,False,1,64,11.76470588235294,251640,True,251640,TACIMA,PB,2025,1,1,17,17,472,472,54,54,544,544,0.18%,3.13%,86.76%,9.93%,False,1,18,3.308823529411765,True,2516409,Tacima (PB),0.516,0.333,0.565,0.65,0.551,0.726,0.45,0.513,0.264,0.587,True,2516409,Tacima,1728.0,247.0,14.3,102.0,5.9,True,2516409,2516409,TACIMA,PB,Nordeste,14.293981481481483,-0.006018518518517979,5.902777777777778,0.002777777777777324,2025-01,14.293981481481483,14.3,247.0,True,True,True,True,True,True,True,True,True,True,True,ambos desfavoráveis,True,3,True,Convergência nas três dimensões,média,DPI ≥ referência,,com_PBF,0.75,20,72,18,72,0.25
260030,AGRESTINA,PE,2025,36,36,74,74,1068,1.068,1178,1.178,3.06%,6.28%,90.66%,True,1,110,9.337860780984721,260030,True,260030,AGRESTINA,PE,2025,3,3,26,26,1056,1056,93,93,1178,1178,0.25%,2.21%,89.64%,7.89%,False,1,29,2.461799660441426,True,2600302,Agrestina (PE),0.435,0.209,0.576,0.521,0.5919999999999999,0.76,0.47,0.581,0.293,0.595,True,2600302,Agrestina,7205.0,1187.0,16.5,253.0,3.5,True,2600302,2600302,AGRESTINA,PE,Nordeste,16.47467036780014,-0.02532963219985973,3.5114503816793894,0.011450381679389388,2025-01,16.47467036780014,16.5,1187.0,True,True,True,True,True,True,True,True,True,True,True,ambos desfavoráveis,True,3,True,Convergência nas três dimensões,baixa,DPI ≥ referência,,com_PBF,0.75,20,72,12,72,0.16666666666666666
260050,AGUAS BELAS,PE,2025,192,192,254,254,2750,2.75,3196,3.196,6.01%,7.95%,86.05%,True,1,446,13.954943679599499,260050,True,260050,AGUAS BELAS,PE,2025,19,19,79,79,2859,2859,239,239,3196,3196,0.59%,2.47%,89.46%,7.48%,False,1,98,3.066332916145181,True,2600500,Águas Belas (PE),0.5889999999999999,0.438,0.689,0.639,0.526,0.691,0.385,0.546,0.243,0.484,True,2600500,Águas Belas,8749.0,1472.0,16.8,1162.0,13.3,True,2600500,2600500,AGUAS BELAS,PE,Nordeste,16.82477997485427,0.02477997485426897,13.281517887758602,-0.01848211224139895,2025-01,16.82477997485427,16.8,1472.0,True,True,True,True,True,True,True,True,True,True,True,ambos desfavoráveis,True,3,True,Convergência nas três dimensões,média,DPI ≥ referência,,com_PBF,0.75,20,72,36,72,0.5
260060,ALAGOINHA,PE,2025,27,27,54,54,927,927,1008,1.008,2.68%,5.36%,91.96%,True,1,81,8.035714285714286,260060,True,260060,ALAGOINHA,PE,2025,10,10,22,22,878,878,98,98,1008,1008,0.99%,2.18%,87.1%,9.72%,False,1,32,3.1746031746031744,True,2600609,Alagoinha (PE),0.4859999999999999,0.387,0.556,0.514,0.5989999999999999,0.801,0.472,0.569,0.297,0.595,True,2600609,Alagoinha,2717.0,322.0,11.9,873.0,32.1,True,2600609,2600609,ALAGOINHA,PE,Nordeste,11.851306588148693,-0.048693411851306934,32.131026867868975,0.031026867868973795,2025-01,11.851306588148693,11.9,322.0,True,True,True,True,True,True,True,True,True,True,True,ambos desfavoráveis,True,3,True,Convergência nas três dimensões,baixa,DPI ≥ referência,,com_PBF,0.75,20,72,18,72,0.25
260100,ANGELIM,PE,2025,23,23,38,38,593,593,654,654,3.52%,5.81%,90.67%,False,1,61,9.327217125382264,260100,True,260100,ANGELIM,PE,2025,6,6,11,11,590,590,47,47,654,654,0.92%,1.68%,90.21%,7.19%,False,1,17,2.599388379204893,True,2601003,Angelim (PE),0.506,0.352,0.589,0.578,0.572,0.751,0.448,0.555,0.297,0.551,True,2601003,Angelim,2223.0,347.0,15.6,101.0,4.5,True,2601003,2601003,ANGELIM,PE,Nordeste,15.60953666216824,0.009536662168240895,4.543409806567701,0.043409806567701104,2025-01,15.60953666216824,15.6,347.0,True,True,True,True,True,True,True,True,True,True,True,ambos desfavoráveis,True,3,True,Convergência nas três dimensões,baixa,DPI ≥ referência,,com_PBF,0.75,20,72,12,72,0.16666666666666666
260105,ARACOIABA,PE,2025,56,56,71,71,1170,1.17,1297,1.297,4.32%,5.47%,90.21%,True,1,127,9.79182729375482,260105,True,260105,ARACOIABA,PE,2025,12,12,29,29,1102,1102,154,154,1297,1297,0.93%,2.24%,84.97%,11.87%,False,1,41,3.1611410948342327,True,2601052,Araçoiaba (PE),0.655,0.846,0.536,0.583,0.5919999999999999,0.765,0.498,0.544,0.343,0.6,True,2601052,Araçoiaba,3189.0,529.0,16.6,101.0,3.2,True,2601052,2601052,ARACOIABA,PE,Nordeste,16.588272185638132,-0.011727814361869093,3.167137033552838,-0.03286296644716202,2025-01,16.588272185638132,16.6,529.0,True,True,True,True,True,True,True,True,True,True,True,ambos desfavoráveis,True,3,True,Convergência nas três dimensões,baixa,DPI ≥ referência,,com_PBF,0.75,20,72,12,72,0.16666666666666666
260140,BARREIROS,PE,2025,173,173,196,196,1894,1.894,2263,2.263,7.64%,8.66%,83.69%,True,1,369,16.305788775961112,260140,True,260140,BARREIROS,PE,2025,21,21,51,51,1990,1990,201,201,2263,2263,0.93%,2.25%,87.94%,8.88%,False,1,72,3.1816173221387536,True,2601409,Barreiros (PE),0.558,0.416,0.636,0.621,0.5859999999999999,0.73,0.491,0.561,0.398,0.546,True,2601409,Barreiros,9719.0,1546.0,15.9,1804.0,18.6,True,2601409,2601409,BARREIROS,PE,Nordeste,15.906986315464556,0.006986315464555304,18.56158040950715,-0.038419590492850375,2025-01,15.906986315464556,15.9,1546.0,True,True,True,True,True,True,True,True,True,True,True,ambos desfavoráveis,True,3,True,Convergência nas três dimensões,média,DPI ≥ referência,,com_PBF,0.75,20,72,36,72,0.5
260150,BELEM DE MARIA,PE,2025,27,27,25,25,451,451,503,503,5.37%,4.97%,89.66%,False,1,52,10.337972166998012,260150,True,260150,BELEM DE MARIA,PE,2025,1,1,9,9,414,414,79,79,503,503,0.2%,1.79%,82.31%,15.71%,False,1,10,1.9880715705765408,True,2601508,Belém de Maria (PE),0.446,0.228,0.515,0.595,0.5779999999999998,0.749,0.479,0.537,0.294,0.611,True,2601508,Belém de Maria,2319.0,302.0,13.0,423.0,18.2,True,2601508,2601508,BELEM DE MARIA,PE,Nordeste,13.022854678740837,0.022854678740836576,18.240620957309183,0.04062095730918358,2025-01,13.022854678740837,13.0,302.0,True,True,True,True,True,True,True,True,True,True,True,ambos desfavoráveis,True,3,True,Convergência nas três dimensões,média,DPI ≥ referência,,com_PBF,0.75,20,72,18,72,0.25
260230,BONITO,PE,2025,173,173,208,208,2138,2.138,2519,2.519,6.87%,8.26%,84.87%,True,1,381,15.125049622866216,260230,True,260230,BONITO,PE,2025,10,10,67,67,2251,2251,191,191,2519,2519,0.4%,2.66%,89.36%,7.58%,False,1,77,3.056768558951965,True,2602308,Bonito (PE),0.4909999999999999,0.318,0.595,0.559,0.561,0.754,0.42,0.559,0.27,0.523,True,2602308,Bonito,10177.0,1169.0,11.5,2938.0,28.9,True,2602308,2602308,BONITO,PE,Nordeste,11.486685663751597,-0.013314336248402725,28.869018374766632,-0.030981625233366117,2025-01,11.486685663751597,11.5,1169.0,True,True,True,True,True,True,True,True,True,True,True,ambos desfavoráveis,True,3,True,Convergência nas três dimensões,média,DPI ≥ referência,,com_PBF,0.75,20,72,45,72,0.625
260280,BUIQUE,PE,2025,174,174,254,254,3200,3.2,3628,3.628,4.8%,7%,88.2%,True,1,428,11.797133406835721,260280,True,260280,BUIQUE,PE,2025,23,23,83,83,3224,3224,298,298,3628,3628,0.63%,2.29%,88.86%,8.21%,False,1,106,2.9217199558985665,True,2602803,Buíque (PE),0.5849999999999999,0.408,0.678,0.669,0.527,0.746,0.395,0.497,0.224,0.524,True,2602803,Buíque,10410.0,1937.0,18.6,3251.0,31.2,True,2602803,2602803,BUIQUE,PE,Nordeste,18.60710854947166,0.007108549471659842,31.22958693563881,0.029586935638810985,2025-01,18.60710854947166,18.6,1937.0,True,True,True,True,True,True,True,True,True,True,True,ambos desfavoráveis,True,3,True,Convergência nas três dimensões,média,DPI ≥ referência,,com_PBF,0.75,20,72,48,72,0.6666666666666666
260320,CAETES,PE,2025,175,175,211,211,1626,1.626,2012,2.012,8.7%,10.49%,80.82%,True,1,386,19.18489065606362,260320,True,260320,CAETES,PE,2025,29,29,71,71,1794,1794,118,118,2012,2012,1.44%,3.53%,89.17%,5.86%,False,1,100,4.970178926441352,True,2603207,Caetés (PE),0.567,0.365,0.672,0.665,0.522,0.732,0.392,0.497,0.215,0.53,True,2603207,Caetés,4384.0,570.0,13.0,476.0,10.9,True,2603207,2603207,CAETES,PE,Nordeste,13.001824817518248,0.0018248175182478121,10.857664233576642,-0.04233576642335812,2025-01,13.001824817518248,13.0,570.0,True,True,True,True,True,True,True,True,True,True,True,ambos desfavoráveis,True,3,True,Convergência nas três dimensões,média,DPI ≥ referência,,com_PBF,0.75,20,72,27,72,0.375
260350,CAMOCIM DE SAO FELIX,PE,2025,30,30,60,60,763,763,853,853,3.52%,7.03%,89.45%,False,1,90,10.550996483001173,260350,True,260350,CAMOCIM DE SAO FELIX,PE,2025,4,4,14,14,748,748,87,87,853,853,0.47%,1.64%,87.69%,10.2%,False,1,18,2.1101992966002343,True,2603504,Camocim de São Félix (PE),0.4149999999999999,0.121,0.608,0.517,0.5879999999999999,0.738,0.472,0.585,0.287,0.605,True,2603504,Camocim de São Félix,5834.0,1331.0,22.8,102.0,1.7,True,2603504,2603504,CAMOCIM DE SAO FELIX,PE,Nordeste,22.81453548165924,0.0145354816592409,1.748371614672609,0.048371614672608976,2025-01,22.81453548165924,22.8,1331.0,True,True,True,True,True,True,True,True,True,True,True,ambos desfavoráveis,True,3,True,Convergência nas três dimensões,média,DPI ≥ referência,,com_PBF,0.75,20,72,24,72,0.3333333333333333
260370,CANHOTINHO,PE,2025,102,102,121,121,1218,1.218,1441,1.441,7.08%,8.4%,84.52%,True,1,223,15.475364330326164,260370,True,260370,CANHOTINHO,PE,2025,49,49,71,71,1093,1093,228,228,1441,1441,3.4%,4.93%,75.85%,15.82%,False,1,120,8.327550312283137,True,2603702,Canhotinho (PE),0.5759999999999998,0.44,0.71,0.579,0.541,0.725,0.403,0.543,0.245,0.516,True,2603702,Canhotinho,3946.0,550.0,13.9,864.0,21.9,True,2603702,2603702,CANHOTINHO,PE,Nordeste,13.938165230613278,0.038165230613277146,21.895590471363406,-0.004409528636593052,2025-01,13.938165230613278,13.9,550.0,True,True,True,True,True,True,True,True,True,True,True,ambos desfavoráveis,True,3,True,Convergência nas três dimensões,média,DPI ≥ referência,,com_PBF,0.75,20,72,36,72,0.5
260392,CARNAUBEIRA DA PENHA,PE,2025,40,40,77,77,716,716,833,833,4.8%,9.24%,85.95%,False,1,117,14.045618247298918,260392,True,260392,CARNAUBEIRA DA PENHA,PE,2025,13,13,37,37,730,730,53,53,833,833,1.56%,4.44%,87.64%,6.36%,False,1,50,6.002400960384153,True,2603926,Carnaubeira da Penha (PE),0.457,0.238,0.558,0.575,0.573,0.755,0.508,0.491,0.352,0.611,True,2603926,Carnaubeira da Penha,2939.0,493.0,16.8,241.0,8.2,True,2603926,2603926,CARNAUBEIRA DA PENHA,PE,Nordeste,16.774413065668593,-0.025586934331407463,8.200068050357265,6.805035726564768e-05,2025-01,16.774413065668593,16.8,493.0,True,True,True,True,True,True,True,True,True,True,True,ambos desfavoráveis,True,3,True,Convergência nas três dimensões,média,DPI ≥ referência,,com_PBF,0.75,20,72,36,72,0.5
260530,EXU,PE,2025,129,129,163,163,1807,1.807,2099,2.099,6.15%,7.77%,86.09%,True,1,292,13.91138637446403,260530,True,260530,EXU,PE,2025,15,15,57,57,1869,1869,159,159,2100,2100,0.71%,2.71%,89%,7.57%,False,1,72,3.428571428571429,True,2605301,Exu (PE),0.521,0.389,0.565,0.608,0.5759999999999998,0.775,0.454,0.543,0.328,0.535,True,2605301,Exu,7550.0,1232.0,16.3,1509.0,20.0,True,2605301,2605301,EXU,PE,Nordeste,16.317880794701985,0.017880794701984115,19.986754966887418,-0.013245033112582405,2025-01,16.317880794701985,16.3,1232.0,True,True,True,True,True,True,True,True,True,True,True,ambos desfavoráveis,True,3,True,Convergência nas três dimensões,média,DPI ≥ referência,,com_PBF,0.75,20,72,36,72,0.5
260630,GRANITO,PE,2025,15,15,29,29,395,395,439,439,3.42%,6.61%,89.98%,False,1,44,10.022779043280181,260630,True,260630,GRANITO,PE,2025,2,2,9,9,376,376,52,52,439,439,0.46%,2.05%,85.65%,11.85%,False,1,11,2.5056947608200453,True,2606309,Granito (PE),0.4879999999999999,0.49,0.531,0.443,0.5949999999999999,0.773,0.502,0.543,0.35,0.602,True,2606309,Granito,1875.0,249.0,13.3,394.0,21.0,True,2606309,2606309,GRANITO,PE,Nordeste,13.28,-0.02000000000000135,21.013333333333335,0.013333333333335418,2025-01,13.28,13.3,249.0,True,True,True,True,True,True,True,True,True,True,True,ambos desfavoráveis,True,3,True,Convergência nas três dimensões,média,DPI ≥ referência,,com_PBF,0.75,20,72,18,72,0.25
260690,IGUARACY,PE,2025,13,13,31,31,455,455,499,499,2.61%,6.21%,91.18%,False,1,44,8.817635270541082,260690,True,260690,IGUARACY,PE,2025,6,6,16,16,429,429,48,48,499,499,1.2%,3.21%,85.97%,9.62%,False,1,22,4.408817635270541,True,2606903,Iguaraci (PE),0.433,0.239,0.53,0.53,0.5979999999999999,0.77,0.48,0.58,0.31,0.598,True,2606903,Iguaracy,3199.0,423.0,13.2,223.0,7.0,True,2606903,2606903,IGUARACY,PE,Nordeste,13.222882150672085,0.022882150672085544,6.970928415129728,-0.029071584870272282,2025-01,13.222882150672085,13.2,423.0,True,True,True,True,True,True,True,True,True,True,True,ambos desfavoráveis,True,3,True,Convergência nas três dimensões,baixa,DPI ≥ referência,,com_PBF,0.75,20,72,9,72,0.125
260700,INAJA,PE,2025,130,130,216,216,1426,1.426,1772,1.772,7.34%,12.19%,80.47%,True,1,346,19.525959367945823,260700,True,260700,INAJA,PE,2025,22,22,36,36,1586,1586,128,128,1772,1772,1.24%,2.03%,89.5%,7.22%,False,1,58,3.2731376975169297,True,2607000,Inajá (PE),0.656,0.584,0.786,0.597,0.523,0.711,0.4,0.503,0.289,0.471,True,2607000,Inajá,6520.0,1549.0,23.8,887.0,13.6,True,2607000,2607000,INAJA,PE,Nordeste,23.75766871165644,-0.04233128834356137,13.604294478527606,0.004294478527606671,2025-01,23.75766871165644,23.8,1549.0,True,True,True,True,True,True,True,True,True,True,True,ambos desfavoráveis,True,3,True,Convergência nas três dimensões,média,DPI ≥ referência,,com_PBF,0.75,20,72,36,72,0.5
260730,IPUBI,PE,2025,321,321,187,187,2113,2.113,2621,2.621,12.25%,7.13%,80.62%,True,1,508,19.38191529950401,260730,True,260730,IPUBI,PE,2025,95,95,115,115,2210,2210,200,200,2620,2620,3.63%,4.39%,84.35%,7.63%,False,1,210,8.015267175572518,True,2607307,Ipubi (PE),0.542,0.37,0.648,0.609,0.55,0.712,0.433,0.541,0.265,0.553,True,2607307,Ipubi,6004.0,760.0,12.7,1107.0,18.4,True,2607307,2607307,IPUBI,PE,Nordeste,12.658227848101266,-0.04177215189873351,18.437708194536974,0.03770819453697527,2025-01,12.658227848101266,12.7,760.0,True,True,True,True,True,True,True,True,True,True,True,ambos desfavoráveis,True,3,True,Convergência nas três dimensões,média,DPI ≥ referência,,com_PBF,0.75,20,72,27,72,0.375
260740,ITACURUBA,PE,2025,16,16,24,24,282,282,322,322,4.97%,7.45%,87.58%,False,1,40,12.422360248447205,260740,True,260740,ITACURUBA,PE,2025,2,2,9,9,279,279,32,32,322,322,0.62%,2.8%,86.65%,9.94%,False,1,11,3.4161490683229814,True,2607406,Itacuruba (PE),0.4709999999999999,0.279,0.552,0.582,0.5949999999999999,0.712,0.523,0.567,0.414,0.587,True,2607406,Itacuruba,1279.0,282.0,22.0,150.0,11.7,True,2607406,2607406,ITACURUBA,PE,Nordeste,22.048475371383894,0.04847537138389413,11.727912431587177,0.027912431587177267,2025-01,22.048475371383894,22.0,282.0,True,True,True,True,True,True,True,True,True,True,True,ambos desfavoráveis,True,3,True,Convergência nas três dimensões,média,DPI ≥ referência,,com_PBF,0.75,20,72,36,72,0.5
260750,ITAIBA,PE,2025,91,91,149,149,1749,1.749,1989,1.989,4.58%,7.49%,87.93%,True,1,240,12.066365007541478,260750,True,260750,ITAIBA,PE,2025,18,18,36,36,1812,1812,123,123,1989,1989,0.9%,1.81%,91.1%,6.18%,False,1,54,2.7149321266968327,True,2607505,Itaíba (PE),0.516,0.266,0.644,0.637,0.51,0.688,0.364,0.531,0.195,0.497,True,2607505,Itaíba,6235.0,1083.0,17.4,1632.0,26.2,True,2607505,2607505,ITAIBA,PE,Nordeste,17.36968724939856,-0.03031275060143912,26.174819566960707,-0.025180433039292183,2025-01,17.36968724939856,17.4,1083.0,True,True,True,True,True,True,True,True,True,True,True,ambos desfavoráveis,True,3,True,Convergência nas três dimensões,média,DPI ≥ referência,,com_PBF,0.75,20,72,42,72,0.5833333333333334
260765,ITAMBE,PE,2025,75,75,116,116,1717,1.717,1908,1.908,3.93%,6.08%,89.99%,True,1,191,10.0104821802935,260765,True,260765,ITAMBE,PE,2025,11,11,43,43,1660,1660,194,194,1908,1908,0.58%,2.25%,87%,10.17%,False,1,54,2.8301886792452833,True,2607653,Itambé (PE),0.542,0.401,0.621,0.604,0.5749999999999998,0.727,0.463,0.566,0.306,0.569,True,2607653,Itambé,6628.0,750.0,11.3,995.0,15.0,True,2607653,2607653,ITAMBE,PE,Nordeste,11.315630657815328,0.015630657815327353,15.012070006035003,0.012070006035003189,2025-01,11.315630657815328,11.3,750.0,True,True,True,True,True,True,True,True,True,True,True,ambos desfavoráveis,True,3,True,Convergência nas três dimensões,média,DPI ≥ referência,,com_PBF,0.75,20,72,12,72,0.16666666666666666
260820,JOAQUIM NABUCO,PE,2025,58,58,63,63,742,742,863,863,6.72%,7.3%,85.98%,False,1,121,14.020857473928158,260820,True,260820,JOAQUIM NABUCO,PE,2025,12,12,25,25,717,717,109,109,863,863,1.39%,2.9%,83.08%,12.63%,False,1,37,4.287369640787949,True,2608206,Joaquim Nabuco (PE),0.551,0.452,0.649,0.552,0.554,0.676,0.449,0.561,0.282,0.567,True,2608206,Joaquim Na- buco,4741.0,814.0,17.2,213.0,4.5,True,2608206,2608206,JOAQUIM NABUCO,PE,Nordeste,17.16937354988399,-0.030626450116010062,4.492723054207973,-0.007276945792026979,2025-01,17.16937354988399,17.2,814.0,True,True,True,True,True,True,True,True,True,True,True,ambos desfavoráveis,True,3,True,Convergência nas três dimensões,média,DPI ≥ referência,,com_PBF,0.75,20,72,36,72,0.5
260825,JUCATI,PE,2025,46,46,62,62,676,676,784,784,5.87%,7.91%,86.22%,False,1,108,13.77551020408163,260825,True,260825,JUCATI,PE,2025,20,20,20,20,681,681,63,63,784,784,2.55%,2.55%,86.86%,8.04%,False,1,40,5.1020408163265305,True,2608255,Jucati (PE),0.4719999999999999,0.265,0.534,0.617,0.55,0.681,0.451,0.541,0.272,0.581,True,2608255,Jucati,1731.0,231.0,13.3,318.0,18.4,True,2608255,2608255,JUCATI,PE,Nordeste,13.344887348353554,0.044887348353553236,18.370883882149048,-0.029116117850950474,2025-01,13.344887348353554,13.3,231.0,True,True,True,True,True,True,True,True,True,True,True,ambos desfavoráveis,True,3,True,Convergência nas três dimensões,média,DPI ≥ referência,,com_PBF,0.75,20,72,27,72,0.375
260840,JUREMA,PE,2025,35,35,48,48,791,791,874,874,4%,5.49%,90.5%,False,1,83,9.496567505720824,260840,True,260840,JUREMA,PE,2025,7,7,24,24,760,760,83,83,874,874,0.8%,2.75%,86.96%,9.5%,False,1,31,3.5469107551487413,True,2608404,Jurema (PE),0.566,0.399,0.665,0.633,0.509,0.681,0.372,0.522,0.188,0.524,True,2608404,Jurema,3831.0,511.0,13.3,1146.0,29.9,True,2608404,2608404,JUREMA,PE,Nordeste,13.338553902375358,0.03855390237535694,29.913860610806577,0.013860610806577967,2025-01,13.338553902375358,13.3,511.0,True,True,True,True,True,True,True,True,True,True,True,ambos desfavoráveis,True,3,True,Convergência nas três dimensões,baixa,DPI ≥ referência,,com_PBF,0.75,20,72,18,72,0.25
260915,MANARI,PE,2025,54,54,82,82,1148,1.148,1284,1.284,4.21%,6.39%,89.41%,True,1,136,10.59190031152648,260915,True,260915,MANARI,PE,2025,5,5,21,21,1128,1128,130,130,1284,1284,0.39%,1.64%,87.85%,10.12%,False,1,26,2.0249221183800623,True,2609154,Manari (PE),0.6129999999999999,0.492,0.636,0.712,0.4869999999999999,0.682,0.354,0.477,0.194,0.479,True,2609154,Manari,5650.0,1669.0,29.5,2163.0,38.3,True,2609154,2609154,MANARI,PE,Nordeste,29.53982300884956,0.03982300884955947,38.283185840707965,-0.016814159292032116,2025-01,29.53982300884956,29.5,1669.0,True,True,True,True,True,True,True,True,True,True,True,ambos desfavoráveis,True,3,True,Convergência nas três dimensões,média,DPI ≥ referência,,com_PBF,0.75,20,72,48,72,0.6666666666666666
260930,MIRANDIBA,PE,2025,36,36,59,59,961,961,1056,1.056,3.41%,5.59%,91%,True,1,95,8.996212121212121,260930,True,260930,MIRANDIBA,PE,2025,3,3,23,23,971,971,59,59,1056,1056,0.28%,2.18%,91.95%,5.59%,False,1,26,2.462121212121212,True,2609303,Mirandiba (PE),0.508,0.314,0.584,0.625,0.5909999999999999,0.769,0.525,0.512,0.37,0.625,True,2609303,Mirandiba,2903.0,420.0,14.5,656.0,22.6,True,2609303,2609303,MIRANDIBA,PE,Nordeste,14.467791939373061,-0.03220806062693882,22.597313124354116,-0.0026868756458853227,2025-01,14.467791939373061,14.5,420.0,True,True,True,True,True,True,True,True,True,True,True,ambos desfavoráveis,True,3,True,Convergência nas três dimensões,baixa,DPI ≥ referência,,com_PBF,0.75,20,72,12,72,0.16666666666666666
261010,PALMEIRINA,PE,2025,12,12,26,26,377,377,415,415,2.89%,6.27%,90.84%,False,1,38,9.156626506024097,261010,True,261010,PALMEIRINA,PE,2025,4,4,7,7,369,369,35,35,415,415,0.96%,1.69%,88.92%,8.43%,False,1,11,2.6506024096385543,True,2610103,Palmeirina (PE),0.4879999999999999,0.217,0.608,0.639,0.549,0.681,0.438,0.554,0.285,0.543,True,2610103,Palmeirina,1548.0,199.0,12.9,252.0,16.3,True,2610103,2610103,PALMEIRINA,PE,Nordeste,12.855297157622738,-0.044702842377262186,16.27906976744186,-0.02093023255813975,2025-01,12.855297157622738,12.9,199.0,True,True,True,True,True,True,True,True,True,True,True,ambos desfavoráveis,True,3,True,Convergência nas três dimensões,baixa,DPI ≥ referência,,com_PBF,0.75,20,72,9,72,0.125
261020,PANELAS,PE,2025,60,60,113,113,1314,1.314,1487,1.487,4.03%,7.6%,88.37%,True,1,173,11.634162743779422,261020,True,261020,PANELAS,PE,2025,12,12,32,32,1312,1312,131,131,1487,1487,0.81%,2.15%,88.23%,8.81%,False,1,44,2.9589778076664426,True,2610202,Panelas (PE),0.4839999999999999,0.235,0.579,0.637,0.569,0.778,0.433,0.546,0.236,0.586,True,2610202,Panelas,4580.0,807.0,17.6,769.0,16.8,True,2610202,2610202,PANELAS,PE,Nordeste,17.62008733624454,0.020087336244539955,16.790393013100434,-0.009606986899566294,2025-01,17.62008733624454,17.6,807.0,True,True,True,True,True,True,True,True,True,True,True,ambos desfavoráveis,True,3,True,Convergência nas três dimensões,média,DPI ≥ referência,,com_PBF,0.75,20,72,24,72,0.3333333333333333
261080,PEDRA,PE,2025,61,61,90,90,1202,1.202,1353,1.353,4.51%,6.65%,88.84%,True,1,151,11.160384331116038,261080,True,261080,PEDRA,PE,2025,14,14,31,31,1185,1185,123,123,1353,1353,1.03%,2.29%,87.58%,9.09%,False,1,45,3.325942350332594,True,2610806,Pedra (PE),0.572,0.392,0.717,0.606,0.567,0.743,0.445,0.55,0.291,0.551,True,2610806,Pedra,4360.0,905.0,20.8,1781.0,40.8,True,2610806,2610806,PEDRA,PE,Nordeste,20.756880733944953,-0.043119266055047234,40.84862385321101,0.04862385321101215,2025-01,20.756880733944953,20.8,905.0,True,True,True,True,True,True,True,True,True,True,True,ambos desfavoráveis,True,3,True,Convergência nas três dimensões,média,DPI ≥ referência,,com_PBF,0.75,20,72,48,72,0.6666666666666666
261120,POCAO,PE,2025,18,18,43,43,559,559,620,620,2.9%,6.94%,90.16%,False,1,61,9.838709677419356,261120,True,261120,POCAO,PE,2025,4,4,9,9,561,561,46,46,620,620,0.65%,1.45%,90.48%,7.42%,False,1,13,2.0967741935483875,True,2611200,Poção (PE),0.6,0.475,0.699,0.626,0.528,0.677,0.402,0.542,0.243,0.517,True,2611200,Poção,3570.0,772.0,21.6,1093.0,30.6,True,2611200,2611200,POCAO,PE,Nordeste,21.62464985994398,0.024649859943977503,30.61624649859944,0.016246498599439718,2025-01,21.62464985994398,21.6,772.0,True,True,True,True,True,True,True,True,True,True,True,ambos desfavoráveis,True,3,True,Convergência nas três dimensões,baixa,DPI ≥ referência,,com_PBF,0.75,20,72,21,72,0.2916666666666667
261130,POMBOS,PE,2025,55,55,97,97,1188,1.188,1340,1.34,4.1%,7.24%,88.66%,True,1,152,11.343283582089553,261130,True,261130,POMBOS,PE,2025,10,10,24,24,1150,1150,156,156,1340,1340,0.75%,1.79%,85.82%,11.64%,False,1,34,2.5373134328358207,True,2611309,Pombos (PE),0.4069999999999999,0.248,0.473,0.501,0.5979999999999999,0.79,0.463,0.584,0.309,0.566,True,2611309,Pombos,5145.0,705.0,13.7,928.0,18.0,True,2611309,2611309,POMBOS,PE,Nordeste,13.702623906705538,0.0026239067055389143,18.03692905733722,0.036929057337218296,2025-01,13.702623906705538,13.7,705.0,True,True,True,True,True,True,True,True,True,True,True,ambos desfavoráveis,True,3,True,Convergência nas três dimensões,média,DPI ≥ referência,,com_PBF,0.75,20,72,18,72,0.25
261150,QUIPAPA,PE,2025,34,34,59,59,844,844,937,937,3.63%,6.3%,90.07%,False,1,93,9.925293489861259,261150,True,261150,QUIPAPA,PE,2025,6,6,20,20,812,812,99,99,937,937,0.64%,2.13%,86.66%,10.57%,False,1,26,2.774813233724653,True,2611507,Quipapá (PE),0.536,0.381,0.603,0.624,0.552,0.743,0.427,0.53,0.233,0.579,True,2611507,Quipapá,3341.0,446.0,13.3,371.0,11.1,True,2611507,2611507,QUIPAPA,PE,Nordeste,13.349296617779109,0.049296617779107876,11.104459742592038,0.004459742592038296,2025-01,13.349296617779109,13.3,446.0,True,True,True,True,True,True,True,True,True,True,True,ambos desfavoráveis,True,3,True,Convergência nas três dimensões,baixa,DPI ≥ referência,,com_PBF,0.75,20,72,9,72,0.125
261170,RIACHO DAS ALMAS,PE,2025,36,36,51,51,1176,1.176,1263,1.263,2.85%,4.04%,93.11%,True,1,87,6.88836104513064,261170,True,261170,RIACHO DAS ALMAS,PE,2025,6,6,19,19,1127,1127,111,111,1263,1263,0.48%,1.5%,89.23%,8.79%,False,1,25,1.979414093428345,True,2611705,Riacho das Almas (PE),0.4849999999999999,0.327,0.612,0.517,0.57,0.757,0.418,0.586,0.224,0.572,True,2611705,Riacho das Almas,6933.0,891.0,12.9,2365.0,34.1,True,2611705,2611705,RIACHO DAS ALMAS,PE,Nordeste,12.851579402855906,-0.0484205971440943,34.11221693350642,0.012216933506415728,2025-01,12.851579402855906,12.9,891.0,True,True,True,True,True,True,True,True,True,True,True,ambos desfavoráveis,True,3,True,Convergência nas três dimensões,baixa,DPI ≥ referência,,com_PBF,0.75,20,72,21,72,0.2916666666666667
261260,SANTA MARIA DA BOA VISTA,PE,2025,180,180,253,253,2695,2.695,3128,3.128,5.75%,8.09%,86.16%,True,1,433,13.842710997442456,261260,True,261260,SANTA MARIA DA BOA VISTA,PE,2025,24,24,87,87,2806,2806,211,211,3128,3128,0.77%,2.78%,89.71%,6.75%,False,1,111,3.5485933503836318,True,2612604,Santa Maria da Boa Vista (PE),0.4279999999999999,0.226,0.506,0.553,0.59,0.773,0.472,0.564,0.352,0.546,True,2612604,Santa Maria da Boa Vista,10002.0,1955.0,19.5,2503.0,25.0,True,2612604,2612604,SANTA MARIA DA BOA VISTA,PE,Nordeste,19.54609078184363,0.046090781843631135,25.0249950009998,0.024995000999801675,2025-01,19.54609078184363,19.5,1955.0,True,True,True,True,True,True,True,True,True,True,True,ambos desfavoráveis,True,3,True,Convergência nas três dimensões,média,DPI ≥ referência,,com_PBF,0.75,20,72,63,72,0.875
261290,SAO BENEDITO DO SUL,PE,2025,55,55,44,44,429,429,528,528,10.42%,8.33%,81.25%,False,1,99,18.75,261290,True,261290,SAO BENEDITO DO SUL,PE,2025,7,7,19,19,444,444,58,58,528,528,1.33%,3.6%,84.09%,10.98%,False,1,26,4.924242424242424,True,2612901,São Benedito do Sul (PE),0.5749999999999998,0.277,0.76,0.687,0.53,0.736,0.406,0.499,0.253,0.515,True,2612901,São Benedito do Sul,2459.0,302.0,12.3,132.0,5.4,True,2612901,2612901,SAO BENEDITO DO SUL,PE,Nordeste,12.281415209434728,-0.018584790565272513,5.368035786905246,-0.03196421309475461,2025-01,12.281415209434728,12.3,302.0,True,True,True,True,True,True,True,True,True,True,True,ambos desfavoráveis,True,3,True,Convergência nas três dimensões,média,DPI ≥ referência,,com_PBF,0.75,20,72,27,72,0.375
261300,SAO BENTO DO UNA,PE,2025,67,67,165,165,3069,3.069,3301,3.301,2.03%,5%,92.97%,True,1,232,7.028173280823993,261300,True,261300,SAO BENTO DO UNA,PE,2025,18,18,52,52,2956,2956,275,275,3301,3301,0.55%,1.58%,89.55%,8.33%,False,1,70,2.1205695243865494,True,2613008,São Bento do Una (PE),0.4849999999999999,0.286,0.601,0.568,0.5929999999999999,0.789,0.446,0.593,0.291,0.553,True,2613008,São Bento do Una,8862.0,1111.0,12.5,610.0,6.9,True,2613008,2613008,SAO BENTO DO UNA,PE,Nordeste,12.536673437147371,0.036673437147371146,6.883322049198827,-0.016677950801173402,2025-01,12.536673437147371,12.5,1111.0,True,True,True,True,True,True,True,True,True,True,True,ambos desfavoráveis,True,3,True,Convergência nas três dimensões,baixa,DPI ≥ referência,,com_PBF,0.75,20,72,9,72,0.125
261310,SAO CAITANO,PE,2025,94,94,120,120,1850,1.85,2064,2.064,4.55%,5.81%,89.63%,True,1,214,10.368217054263566,261310,True,261310,SAO CAITANO,PE,2025,16,16,39,39,1794,1794,215,215,2064,2064,0.78%,1.89%,86.92%,10.42%,False,1,55,2.6647286821705425,True,2613107,São Caitano (PE),0.446,0.313,0.52,0.505,0.5909999999999999,0.756,0.469,0.583,0.277,0.61,True,2613107,São Caitano,8427.0,1069.0,12.7,1322.0,15.7,True,2613107,2613107,SAO CAITANO,PE,Nordeste,12.685415925002966,-0.014584074997033625,15.687670582651004,-0.01232941734899562,2025-01,12.685415925002966,12.7,1069.0,True,True,True,True,True,True,True,True,True,True,True,ambos desfavoráveis,True,3,True,Convergência nas três dimensões,média,DPI ≥ referência,,com_PBF,0.75,20,72,18,72,0.25
261320,SAO JOAO,PE,2025,62,62,90,90,1365,1.365,1517,1.517,4.09%,5.93%,89.98%,True,1,152,10.01977587343441,261320,True,261320,SAO JOAO,PE,2025,12,12,31,31,1375,1375,99,99,1517,1517,0.79%,2.04%,90.64%,6.53%,False,1,43,2.8345418589321025,True,2613206,São João (PE),0.526,0.368,0.582,0.629,0.57,0.768,0.426,0.565,0.256,0.55,True,2613206,São João,4877.0,1060.0,21.7,1598.0,32.8,True,2613206,2613206,SAO JOAO,PE,Nordeste,21.73467295468526,0.03467295468525933,32.76604469961041,-0.03395530038958583,2025-01,21.73467295468526,21.7,1060.0,True,True,True,True,True,True,True,True,True,True,True,ambos desfavoráveis,True,3,True,Convergência nas três dimensões,média,DPI ≥ referência,,com_PBF,0.75,20,72,48,72,0.6666666666666666
261470,TACAIMBO,PE,2025,38,38,45,45,699,699,782,782,4.86%,5.75%,89.39%,False,1,83,10.61381074168798,261470,True,261470,TACAIMBO,PE,2025,16,16,13,13,666,666,87,87,782,782,2.05%,1.66%,85.17%,11.13%,False,1,29,3.70843989769821,True,2614709,Tacaimbó (PE),0.461,0.247,0.629,0.508,0.554,0.748,0.423,0.536,0.254,0.546,True,2614709,Tacaimbó,3012.0,503.0,16.7,813.0,27.0,True,2614709,2614709,TACAIMBO,PE,Nordeste,16.699867197875164,-0.0001328021248347966,26.99203187250996,-0.00796812749004161,2025-01,16.699867197875164,16.7,503.0,True,True,True,True,True,True,True,True,True,True,True,ambos desfavoráveis,True,3,True,Convergência nas três dimensões,média,DPI ≥ referência,,com_PBF,0.75,20,72,42,72,0.5833333333333334
261480,TACARATU,PE,2025,44,44,94,94,1047,1.047,1185,1.185,3.71%,7.93%,88.35%,True,1,138,11.645569620253164,261480,True,261480,TACARATU,PE,2025,10,10,30,30,1056,1056,89,89,1185,1185,0.84%,2.53%,89.11%,7.51%,False,1,40,3.375527426160337,True,2614808,Tacaratu (PE),0.555,0.467,0.593,0.605,0.573,0.711,0.507,0.521,0.353,0.608,True,2614808,Tacaratu,3411.0,394.0,11.6,752.0,22.0,True,2614808,2614808,TACARATU,PE,Nordeste,11.550864849017884,-0.049135150982115405,22.046320727059513,0.046320727059512734,2025-01,11.550864849017884,11.6,394.0,True,True,True,True,True,True,True,True,True,True,True,ambos desfavoráveis,True,3,True,Convergência nas três dimensões,média,DPI ≥ referência,,com_PBF,0.75,20,72,18,72,0.25
261510,TEREZINHA,PE,2025,12,12,25,25,418,418,455,455,2.64%,5.49%,91.87%,False,1,37,8.131868131868131,261510,True,261510,TEREZINHA,PE,2025,4,4,11,11,406,406,34,34,455,455,0.88%,2.42%,89.23%,7.47%,False,1,15,3.296703296703297,True,2615102,Terezinha (PE),0.4849999999999999,0.249,0.615,0.59,0.545,0.711,0.425,0.536,0.257,0.547,True,2615102,Terezinha,1372.0,162.0,11.8,213.0,15.5,True,2615102,2615102,TEREZINHA,PE,Nordeste,11.807580174927114,0.007580174927113603,15.524781341107872,0.02478134110787167,2025-01,11.807580174927114,11.8,162.0,True,True,True,True,True,True,True,True,True,True,True,ambos desfavoráveis,True,3,True,Convergência nas três dimensões,baixa,DPI ≥ referência,,com_PBF,0.75,20,72,6,72,0.08333333333333333
261560,TRINDADE,PE,2025,164,164,218,218,2013,2.013,2395,2.395,6.85%,9.1%,84.05%,True,1,382,15.949895615866389,261560,True,261560,TRINDADE,PE,2025,32,32,124,124,2105,2105,134,134,2395,2395,1.34%,5.18%,87.89%,5.59%,False,1,156,6.51356993736952,True,2615607,Trindade (PE),0.463,0.305,0.585,0.5,0.5949999999999999,0.768,0.455,0.602,0.297,0.563,True,2615607,Trindade,7613.0,983.0,12.9,743.0,9.8,True,2615607,2615607,TRINDADE,PE,Nordeste,12.91212399842375,0.012123998423749782,9.759621699724157,-0.04037830027584377,2025-01,12.91212399842375,12.9,983.0,True,True,True,True,True,True,True,True,True,True,True,ambos desfavoráveis,True,3,True,Convergência nas três dimensões,média,DPI ≥ referência,,com_PBF,0.75,20,72,27,72,0.375
261580,TUPANATINGA,PE,2025,111,111,117,117,1493,1.493,1721,1.721,6.45%,6.8%,86.75%,True,1,228,13.248111563044743,261580,True,261580,TUPANATINGA,PE,2025,22,22,38,38,1510,1510,151,151,1721,1721,1.28%,2.21%,87.74%,8.77%,False,1,60,3.4863451481696686,True,2615805,Tupanatinga (PE),0.621,0.563,0.659,0.64,0.519,0.747,0.379,0.494,0.207,0.513,True,2615805,Tupanatinga,5531.0,665.0,12.0,437.0,7.9,True,2615805,2615805,TUPANATINGA,PE,Nordeste,12.023142288917013,0.023142288917012976,7.900922075574038,0.000922075574037784,2025-01,12.023142288917013,12.0,665.0,True,True,True,True,True,True,True,True,True,True,True,ambos desfavoráveis,True,3,True,Convergência nas três dimensões,média,DPI ≥ referência,,com_PBF,0.75,20,72,27,72,0.375
261600,VENTUROSA,PE,2025,50,50,80,80,1021,1.021,1151,1.151,4.34%,6.95%,88.71%,True,1,130,11.294526498696786,261600,True,261600,VENTUROSA,PE,2025,8,8,33,33,1021,1021,89,89,1151,1151,0.7%,2.87%,88.71%,7.73%,False,1,41,3.5621198957428324,True,2616001,Venturosa (PE),0.501,0.372,0.586,0.544,0.5919999999999999,0.751,0.484,0.57,0.314,0.6,True,2616001,Venturosa,4674.0,786.0,16.8,1358.0,29.1,True,2616001,2616001,VENTUROSA,PE,Nordeste,16.816431322207958,0.016431322207957066,29.0543431750107,-0.045656824989301015,2025-01,16.816431322207958,16.8,786.0,True,True,True,True,True,True,True,True,True,True,True,ambos desfavoráveis,True,3,True,Convergência nas três dimensões,média,DPI ≥ referência,,com_PBF,0.75,20,72,42,72,0.5833333333333334
261650,XEXEU,PE,2025,73,73,65,65,672,672,810,810,9.01%,8.02%,82.96%,False,1,138,17.037037037037038,261650,True,261650,XEXEU,PE,2025,17,17,26,26,672,672,95,95,810,810,2.1%,3.21%,82.96%,11.73%,False,1,43,5.3086419753086425,True,2616506,Xexéu (PE),0.5909999999999999,0.479,0.658,0.637,0.552,0.703,0.436,0.549,0.311,0.516,True,2616506,Xexéu,3156.0,367.0,11.6,227.0,7.2,True,2616506,2616506,XEXEU,PE,Nordeste,11.628643852978454,0.02864385297845473,7.192648922686945,-0.007351077313055399,2025-01,11.628643852978454,11.6,367.0,True,True,True,True,True,True,True,True,True,True,True,ambos desfavoráveis,True,3,True,Convergência nas três dimensões,média,DPI ≥ referência,,com_PBF,0.75,20,72,18,72,0.25
220010,AGRICOLANDIA,PI,2025,12,12,23,23,309,309,344,344,3.49%,6.69%,89.83%,False,1,35,10.174418604651162,220010,True,220010,AGRICOLANDIA,PI,2025,1,1,6,6,305,305,32,32,344,344,0.29%,1.74%,88.66%,9.3%,False,1,7,2.0348837209302326,True,2200103,Agricolândia (PI),0.536,0.51,0.531,0.568,0.5989999999999999,0.742,0.526,0.55,0.363,0.633,True,2200103,Agricolândia,979.0,158.0,16.1,240.0,24.5,True,2200103,2200103,AGRICOLANDIA,PI,Nordeste,16.138917262512766,0.03891726251276495,24.514811031664966,0.014811031664965668,2025-01,16.138917262512766,16.1,158.0,True,True,True,True,True,True,True,True,True,True,True,ambos desfavoráveis,True,3,True,Convergência nas três dimensões,média,DPI ≥ referência,,com_PBF,0.75,20,72,36,72,0.5
220025,ALAGOINHA DO PIAUI,PI,2025,6,6,20,20,280,280,306,306,1.96%,6.54%,91.5%,False,1,26,8.49673202614379,220025,True,220025,ALAGOINHA DO PIAUI,PI,2025,2,2,10,10,280,280,14,14,306,306,0.65%,3.27%,91.5%,4.58%,False,1,12,3.9215686274509802,True,2200251,Alagoinha do Piauí (PI),0.4279999999999999,0.139,0.646,0.498,0.531,0.716,0.391,0.535,0.214,0.528,True,2200251,Alagoinha do Piauí,1191.0,234.0,19.6,362.0,30.4,True,2200251,2200251,ALAGOINHA DO PIAUI,PI,Nordeste,19.64735516372796,0.047355163727957006,30.394626364399663,-0.005373635600335547,2025-01,19.64735516372796,19.6,234.0,True,True,True,True,True,True,True,True,True,True,True,ambos desfavoráveis,True,3,True,Convergência nas três dimensões,baixa,DPI ≥ referência,,com_PBF,0.75,20,72,21,72,0.2916666666666667
220030,ALTO LONGA,PI,2025,26,26,40,40,586,586,652,652,3.99%,6.13%,89.88%,False,1,66,10.122699386503067,220030,True,220030,ALTO LONGA,PI,2025,7,7,26,26,590,590,29,29,652,652,1.07%,3.99%,90.49%,4.45%,False,1,33,5.061349693251533,True,2200301,Alto Longá (PI),0.4129999999999999,0.211,0.497,0.531,0.5849999999999999,0.751,0.47,0.567,0.274,0.615,True,2200301,Alto Longá,2600.0,374.0,14.4,902.0,34.7,True,2200301,2200301,ALTO LONGA,PI,Nordeste,14.384615384615385,-0.01538461538461533,34.69230769230769,-0.007692307692309441,2025-01,14.384615384615385,14.4,374.0,True,True,True,True,True,True,True,True,True,True,True,ambos desfavoráveis,True,3,True,Convergência nas três dimensões,média,DPI ≥ referência,,com_PBF,0.75,20,72,42,72,0.5833333333333334
220045,ALVORADA DO GURGUEIA,PI,2025,17,17,18,18,345,345,380,380,4.47%,4.74%,90.79%,False,1,35,9.210526315789473,220045,True,220045,ALVORADA DO GURGUEIA,PI,2025,4,4,5,5,357,357,14,14,380,380,1.05%,1.32%,93.95%,3.68%,False,1,9,2.368421052631579,True,2200459,Alvorada do Gurguéia (PI),0.4839999999999999,0.386,0.533,0.533,0.5779999999999998,0.749,0.496,0.52,0.348,0.592,True,2200459,Alvorada do Gurguéia,1348.0,173.0,12.8,133.0,9.9,True,2200459,2200459,ALVORADA DO GURGUEIA,PI,Nordeste,12.833827893175073,0.03382789317507218,9.86646884272997,-0.033531157270029865,2025-01,12.833827893175073,12.8,173.0,True,True,True,True,True,True,True,True,True,True,True,ambos desfavoráveis,True,3,True,Convergência nas três dimensões,baixa,DPI ≥ referência,,com_PBF,0.75,20,72,9,72,0.125
220050,AMARANTE,PI,2025,45,45,69,69,1031,1.031,1145,1.145,3.93%,6.03%,90.04%,True,1,114,9.956331877729257,220050,True,220050,AMARANTE,PI,2025,19,19,48,48,1026,1026,52,52,1145,1145,1.66%,4.19%,89.61%,4.54%,False,1,67,5.851528384279476,True,2200509,Amarante (PI),0.48,0.411,0.541,0.487,0.5979999999999999,0.75,0.497,0.574,0.347,0.595,True,2200509,Amarante,4170.0,759.0,18.2,1249.0,30.0,True,2200509,2200509,AMARANTE,PI,Nordeste,18.201438848920866,0.0014388489208663202,29.952038369304557,-0.04796163069544335,2025-01,18.201438848920866,18.2,759.0,True,True,True,True,True,True,True,True,True,True,True,ambos desfavoráveis,True,3,True,Convergência nas três dimensões,baixa,DPI ≥ referência,,com_PBF,0.75,20,72,21,72,0.2916666666666667
220070,ANISIO DE ABREU,PI,2025,11,11,32,32,515,515,558,558,1.97%,5.73%,92.29%,False,1,43,7.706093189964158,220070,True,220070,ANISIO DE ABREU,PI,2025,1,1,10,10,418,418,129,129,558,558,0.18%,1.79%,74.91%,23.12%,False,1,11,1.971326164874552,True,2200707,Anísio de Abreu (PI),0.451,0.357,0.515,0.482,0.5939999999999999,0.768,0.512,0.534,0.351,0.618,True,2200707,Anísio de Abreu,1810.0,266.0,14.7,507.0,28.0,True,2200707,2200707,ANISIO DE ABREU,PI,Nordeste,14.696132596685082,-0.003867403314917084,28.011049723756905,0.011049723756904939,2025-01,14.696132596685082,14.7,266.0,True,True,True,True,True,True,True,True,True,True,True,ambos desfavoráveis,True,3,True,Convergência nas três dimensões,baixa,DPI ≥ referência,,com_PBF,0.75,20,72,18,72,0.25
220110,AVELINO LOPES,PI,2025,50,50,47,47,626,626,723,723,6.92%,6.5%,86.58%,False,1,97,13.416320885200554,220110,True,220110,AVELINO LOPES,PI,2025,2,2,17,17,616,616,88,88,723,723,0.28%,2.35%,85.2%,12.17%,False,1,19,2.627939142461964,True,2201101,Avelino Lopes (PI),0.548,0.436,0.561,0.646,0.554,0.722,0.442,0.532,0.292,0.544,True,2201101,Avelino Lopes,1791.0,367.0,20.5,108.0,6.0,True,2201101,2201101,AVELINO LOPES,PI,Nordeste,20.491345616973756,-0.00865438302624355,6.030150753768844,0.030150753768843686,2025-01,20.491345616973756,20.5,367.0,True,True,True,True,True,True,True,True,True,True,True,ambos desfavoráveis,True,3,True,Convergência nas três dimensões,média,DPI ≥ referência,,com_PBF,0.75,20,72,36,72,0.5
220117,BARRA D'ALCANTARA,PI,2025,8,8,9,9,202,202,219,219,3.65%,4.11%,92.24%,False,1,17,7.76255707762557,220117,True,220117,BARRA D'ALCANTARA,PI,2025,2,2,4,4,207,207,6,6,219,219,0.91%,1.83%,94.52%,2.74%,False,1,6,2.73972602739726,True,2201176,Barra D'Alcântara (PI),0.4209999999999999,0.156,0.544,0.563,0.5769999999999998,0.777,0.471,0.526,0.253,0.642,True,2201176,Barra D’Alcân- tara,859.0,110.0,12.8,185.0,21.5,True,2201176,2201176,BARRA D'ALCANTARA,PI,Nordeste,12.805587892898721,0.005587892898720526,21.536670547147846,0.03667054714784612,2025-01,12.805587892898721,12.8,110.0,True,True,True,True,True,True,True,True,True,True,True,ambos desfavoráveis,True,3,True,Convergência nas três dimensões,baixa,DPI ≥ referência,,com_PBF,0.75,20,72,12,72,0.16666666666666666
220120,BARRAS,PI,2025,143,143,208,208,2484,2.484,2835,2.835,5.04%,7.34%,87.62%,True,1,351,12.380952380952381,220120,True,220120,BARRAS,PI,2025,22,22,113,113,2538,2538,162,162,2835,2835,0.78%,3.99%,89.52%,5.71%,False,1,135,4.761904761904762,True,2201200,Barras (PI),0.436,0.263,0.568,0.477,0.5949999999999999,0.779,0.485,0.558,0.321,0.596,True,2201200,Barras,10234.0,2662.0,26.0,3837.0,37.5,True,2201200,2201200,BARRAS,PI,Nordeste,26.011334766464728,0.011334766464727863,37.49267148719953,-0.007328512800469866,2025-01,26.011334766464728,26.0,2662.0,True,True,True,True,True,True,True,True,True,True,True,ambos desfavoráveis,True,3,True,Convergência nas três dimensões,média,DPI ≥ referência,,com_PBF,0.75,20,72,72,72,1.0
220130,BARREIRAS DO PIAUI,PI,2025,13,13,23,23,208,208,244,244,5.33%,9.43%,85.25%,False,1,36,14.754098360655737,220130,True,220130,BARREIRAS DO PIAUI,PI,2025,2,2,6,6,229,229,7,7,244,244,0.82%,2.46%,93.85%,2.87%,False,1,8,3.278688524590164,True,2201309,Barreiras do Piauí (PI),0.4769999999999999,0.464,0.462,0.506,0.557,0.73,0.423,0.56,0.362,0.457,True,2201309,Barreiras do Piauí,730.0,135.0,18.5,202.0,27.7,True,2201309,2201309,BARREIRAS DO PIAUI,PI,Nordeste,18.493150684931507,-0.006849315068492956,27.671232876712327,-0.028767123287671836,2025-01,18.493150684931507,18.5,135.0,True,True,True,True,True,True,True,True,True,True,True,ambos desfavoráveis,True,3,True,Convergência nas três dimensões,média,DPI ≥ referência,,com_PBF,0.75,20,72,63,72,0.875
220150,BATALHA,PI,2025,66,66,112,112,1351,1.351,1529,1.529,4.32%,7.33%,88.36%,True,1,178,11.641595814257686,220150,True,220150,BATALHA,PI,2025,7,7,42,42,1387,1387,93,93,1529,1529,0.46%,2.75%,90.71%,6.08%,False,1,49,3.2047089601046435,True,2201507,Batalha (PI),0.519,0.367,0.597,0.592,0.545,0.755,0.398,0.54,0.24,0.513,True,2201507,Batalha,5412.0,785.0,14.5,906.0,16.7,True,2201507,2201507,BATALHA,PI,Nordeste,14.504804138950481,0.004804138950481374,16.74057649667406,0.040576496674059825,2025-01,14.504804138950481,14.5,785.0,True,True,True,True,True,True,True,True,True,True,True,ambos desfavoráveis,True,3,True,Convergência nas três dimensões,média,DPI ≥ referência,,com_PBF,0.75,20,72,18,72,0.25
220160,BENEDITINOS,PI,2025,19,19,35,35,444,444,498,498,3.82%,7.03%,89.16%,False,1,54,10.843373493975903,220160,True,220160,BENEDITINOS,PI,2025,6,6,17,17,448,448,27,27,498,498,1.2%,3.41%,89.96%,5.42%,False,1,23,4.618473895582329,True,2201606,Beneditinos (PI),0.401,0.148,0.515,0.541,0.557,0.78,0.394,0.561,0.226,0.52,True,2201606,Beneditinos,1933.0,314.0,16.2,384.0,19.9,True,2201606,2201606,BENEDITINOS,PI,Nordeste,16.244180031039836,0.044180031039836365,19.865494050698395,-0.03450594930160378,2025-01,16.244180031039836,16.2,314.0,True,True,True,True,True,True,True,True,True,True,True,ambos desfavoráveis,True,3,True,Convergência nas três dimensões,média,DPI ≥ referência,,com_PBF,0.75,20,72,24,72,0.3333333333333333
220177,BOA HORA,PI,2025,13,13,34,34,372,372,419,419,3.1%,8.11%,88.78%,False,1,47,11.217183770883054,220177,True,220177,BOA HORA,PI,2025,2,2,8,8,379,379,30,30,419,419,0.48%,1.91%,90.45%,7.16%,False,1,10,2.386634844868735,True,2201770,Boa Hora (PI),0.543,0.493,0.579,0.557,0.5749999999999998,0.772,0.46,0.534,0.29,0.58,True,2201770,Boa Hora,1890.0,442.0,23.4,638.0,33.8,True,2201770,2201770,BOA HORA,PI,Nordeste,23.386243386243386,-0.013756613756612524,33.75661375661376,-0.04338624338623731,2025-01,23.386243386243386,23.4,442.0,True,True,True,True,True,True,True,True,True,True,True,ambos desfavoráveis,True,3,True,Convergência nas três dimensões,média,DPI ≥ referência,,com_PBF,0.75,20,72,48,72,0.6666666666666666
220192,BONFIM DO PIAUI,PI,2025,19,19,11,11,322,322,352,352,5.4%,3.13%,91.48%,False,1,30,8.522727272727272,220192,True,220192,BONFIM DO PIAUI,PI,2025,0,0,9,9,311,311,32,32,352,352,-,2.56%,88.35%,9.09%,False,1,9,2.556818181818182,True,2201929,Bonfim do Piauí (PI),0.461,0.352,0.562,0.47,0.542,0.707,0.415,0.542,0.243,0.543,True,2201929,Bonfim do Piauí,1408.0,187.0,13.3,339.0,24.1,True,2201929,2201929,BONFIM DO PIAUI,PI,Nordeste,13.28125,-0.01875000000000071,24.076704545454543,-0.023295454545458227,2025-01,13.28125,13.3,187.0,True,True,True,True,True,True,True,True,True,True,True,ambos desfavoráveis,True,3,True,Convergência nas três dimensões,baixa,DPI ≥ referência,,com_PBF,0.75,20,72,15,72,0.20833333333333334
220194,BOQUEIRAO DO PIAUI,PI,2025,16,16,42,42,370,370,428,428,3.74%,9.81%,86.45%,False,1,58,13.551401869158877,220194,True,220194,BOQUEIRAO DO PIAUI,PI,2025,8,8,7,7,398,398,15,15,428,428,1.87%,1.64%,92.99%,3.5%,False,1,15,3.5046728971962615,True,2201945,Boqueirão do Piauí (PI),0.4869999999999999,0.32,0.598,0.542,0.56,0.729,0.434,0.555,0.242,0.581,True,2201945,Boqueirão do Piauí,1276.0,208.0,16.3,168.0,13.2,True,2201945,2201945,BOQUEIRAO DO PIAUI,PI,Nordeste,16.30094043887147,0.0009404388714706613,13.166144200626958,-0.033855799373041506,2025-01,16.30094043887147,16.3,208.0,True,True,True,True,True,True,True,True,True,True,True,ambos desfavoráveis,True,3,True,Convergência nas três dimensões,média,DPI ≥ referência,,com_PBF,0.75,20,72,36,72,0.5
220198,BREJO DO PIAUI,PI,2025,7,7,12,12,232,232,251,251,2.79%,4.78%,92.43%,False,1,19,7.569721115537849,220198,True,220198,BREJO DO PIAUI,PI,2025,0,0,5,5,217,217,29,29,251,251,-,1.99%,86.45%,11.55%,False,1,5,1.9920318725099602,True,2201988,Brejo do Piauí (PI),0.4269999999999999,0.11,0.558,0.613,0.515,0.725,0.354,0.531,0.2,0.47,True,2201988,Brejo do Piauí,1069.0,267.0,25.0,141.0,13.2,True,2201988,2201988,BREJO DO PIAUI,PI,Nordeste,24.976613657623947,-0.023386342376053193,13.189897100093544,-0.010102899906454965,2025-01,24.976613657623947,25.0,267.0,True,True,True,True,True,True,True,True,True,True,True,ambos desfavoráveis,True,3,True,Convergência nas três dimensões,baixa,DPI ≥ referência,,com_PBF,0.75,20,72,12,72,0.16666666666666666
220202,BURITI DOS MONTES,PI,2025,17,17,25,25,355,355,397,397,4.28%,6.3%,89.42%,False,1,42,10.579345088161208,220202,True,220202,BURITI DOS MONTES,PI,2025,2,2,13,13,355,355,27,27,397,397,0.5%,3.27%,89.42%,6.8%,False,1,15,3.7783375314861463,True,2202026,Buriti dos Montes (PI),0.437,0.304,0.486,0.52,0.574,0.78,0.46,0.527,0.269,0.601,True,2202026,Buriti dos Montes,1662.0,300.0,18.1,461.0,27.7,True,2202026,2202026,BURITI DOS MONTES,PI,Nordeste,18.050541516245488,-0.04945848375451334,27.737665463297233,0.03766546329723397,2025-01,18.050541516245488,18.1,300.0,True,True,True,True,True,True,True,True,True,True,True,ambos desfavoráveis,True,3,True,Convergência nas três dimensões,média,DPI ≥ referência,,com_PBF,0.75,20,72,42,72,0.5833333333333334
220205,CABECEIRAS DO PIAUI,PI,2025,15,15,23,23,508,508,546,546,2.75%,4.21%,93.04%,False,1,38,6.95970695970696,220205,True,220205,CABECEIRAS DO PIAUI,PI,2025,1,1,13,13,477,477,55,55,546,546,0.18%,2.38%,87.36%,10.07%,False,1,14,2.564102564102564,True,2202059,Cabeceiras do Piauí (PI),0.446,0.29,0.564,0.483,0.5829999999999999,0.769,0.476,0.54,0.283,0.617,True,2202059,Cabeceiras do Piauí,2121.0,253.0,11.9,155.0,7.3,True,2202059,2202059,CABECEIRAS DO PIAUI,PI,Nordeste,11.92833569071193,0.028335690711928763,7.307873644507308,0.007873644507307986,2025-01,11.92833569071193,11.9,253.0,True,True,True,True,True,True,True,True,True,True,True,ambos desfavoráveis,True,3,True,Convergência nas três dimensões,baixa,DPI ≥ referência,,com_PBF,0.75,20,72,9,72,0.125
220211,CAMPO ALEGRE DO FIDALGO,PI,2025,7,7,20,20,276,276,303,303,2.31%,6.6%,91.09%,False,1,27,8.91089108910891,220211,True,220211,CAMPO ALEGRE DO FIDALGO,PI,2025,7,7,8,8,260,260,28,28,303,303,2.31%,2.64%,85.81%,9.24%,False,1,15,4.9504950495049505,True,2202117,Campo Alegre do Fidalgo (PI),0.552,0.319,0.601,0.735,0.537,0.762,0.385,0.528,0.242,0.485,True,2202117,Campo Alegre do Fidalgo,1211.0,216.0,17.8,320.0,26.4,True,2202117,2202117,CAMPO ALEGRE DO FIDALGO,PI,Nordeste,17.836498761354253,0.03649876135425245,26.424442609413706,0.024442609413707572,2025-01,17.836498761354253,17.8,216.0,True,True,True,True,True,True,True,True,True,True,True,ambos desfavoráveis,True,3,True,Convergência nas três dimensões,baixa,DPI ≥ referência,,com_PBF,0.75,20,72,21,72,0.2916666666666667
220217,CAMPO LARGO DO PIAUI,PI,2025,30,30,39,39,455,455,524,524,5.73%,7.44%,86.83%,False,1,69,13.16793893129771,220217,True,220217,CAMPO LARGO DO PIAUI,PI,2025,1,1,14,14,471,471,38,38,524,524,0.19%,2.67%,89.89%,7.25%,False,1,15,2.8625954198473282,True,2202174,Campo Largo do Piauí (PI),0.547,0.471,0.619,0.55,0.528,0.766,0.401,0.479,0.257,0.501,True,2202174,Campo Largo do Piauí,1828.0,348.0,19.0,546.0,29.9,True,2202174,2202174,CAMPO LARGO DO PIAUI,PI,Nordeste,19.037199124726477,0.03719912472647735,29.86870897155361,-0.031291028446389646,2025-01,19.037199124726477,19.0,348.0,True,True,True,True,True,True,True,True,True,True,True,ambos desfavoráveis,True,3,True,Convergência nas três dimensões,média,DPI ≥ referência,,com_PBF,0.75,20,72,63,72,0.875
220240,CAPITAO DE CAMPOS,PI,2025,30,30,32,32,579,579,641,641,4.68%,4.99%,90.33%,False,1,62,9.67238689547582,220240,True,220240,CAPITAO DE CAMPOS,PI,2025,4,4,16,16,580,580,41,41,641,641,0.62%,2.5%,90.48%,6.4%,False,1,20,3.1201248049921997,True,2202406,Capitão de Campos (PI),0.4859999999999999,0.43,0.523,0.504,0.5829999999999999,0.773,0.465,0.552,0.254,0.629,True,2202406,Capitão de Campos,2684.0,401.0,14.9,372.0,13.9,True,2202406,2202406,CAPITAO DE CAMPOS,PI,Nordeste,14.940387481371086,0.040387481371086054,13.859910581222056,-0.04008941877794392,2025-01,14.940387481371086,14.9,401.0,True,True,True,True,True,True,True,True,True,True,True,ambos desfavoráveis,True,3,True,Convergência nas três dimensões,baixa,DPI ≥ referência,,com_PBF,0.75,20,72,9,72,0.125
220250,CARACOL,PI,2025,29,29,55,55,577,577,661,661,4.39%,8.32%,87.29%,False,1,84,12.708018154311649,220250,True,220250,CARACOL,PI,2025,5,5,10,10,576,576,70,70,661,661,0.76%,1.51%,87.14%,10.59%,False,1,15,2.26928895612708,True,2202505,Caracol (PI),0.556,0.501,0.598,0.568,0.552,0.771,0.409,0.533,0.252,0.522,True,2202505,Caracol,1776.0,385.0,21.7,556.0,31.3,True,2202505,2202505,CARACOL,PI,Nordeste,21.67792792792793,-0.022072072072070625,31.306306306306308,0.006306306306306908,2025-01,21.67792792792793,21.7,385.0,True,True,True,True,True,True,True,True,True,True,True,ambos desfavoráveis,True,3,True,Convergência nas três dimensões,média,DPI ≥ referência,,com_PBF,0.75,20,72,72,72,1.0
220255,CARIDADE DO PIAUI,PI,2025,18,18,17,17,401,401,436,436,4.13%,3.9%,91.97%,False,1,35,8.027522935779817,220255,True,220255,CARIDADE DO PIAUI,PI,2025,2,2,9,9,391,391,34,34,436,436,0.46%,2.06%,89.68%,7.8%,False,1,11,2.522935779816514,True,2202554,Caridade do Piauí (PI),0.546,0.461,0.58,0.596,0.541,0.715,0.426,0.52,0.267,0.539,True,2202554,Caridade do Piauí,1400.0,170.0,12.1,388.0,27.7,True,2202554,2202554,CARIDADE DO PIAUI,PI,Nordeste,12.142857142857142,0.042857142857142705,27.714285714285715,0.014285714285716011,2025-01,12.142857142857142,12.1,170.0,True,True,True,True,True,True,True,True,True,True,True,ambos desfavoráveis,True,3,True,Convergência nas três dimensões,baixa,DPI ≥ referência,,com_PBF,0.75,20,72,18,72,0.25
220260,CASTELO DO PIAUI,PI,2025,17,17,70,70,997,997,1084,1.084,1.57%,6.46%,91.97%,True,1,87,8.025830258302582,220260,True,220260,CASTELO DO PIAUI,PI,2025,5,5,27,27,987,987,65,65,1084,1084,0.46%,2.49%,91.05%,6%,False,1,32,2.952029520295203,True,2202604,Castelo do Piauí (PI),0.4309999999999999,0.24,0.497,0.555,0.5869999999999999,0.754,0.473,0.566,0.296,0.597,True,2202604,Castelo do Piauí,3554.0,521.0,14.7,842.0,23.7,True,2202604,2202604,CASTELO DO PIAUI,PI,Nordeste,14.659538548114801,-0.04046145188519823,23.6916150815982,-0.008384918401798558,2025-01,14.659538548114801,14.7,521.0,True,True,True,True,True,True,True,True,True,True,True,ambos desfavoráveis,True,3,True,Convergência nas três dimensões,baixa,DPI ≥ referência,,com_PBF,0.75,20,72,15,72,0.20833333333333334
220270,COCAL,PI,2025,85,85,135,135,1485,1.485,1705,1.705,4.99%,7.92%,87.1%,True,1,220,12.903225806451612,220270,True,220270,COCAL,PI,2025,5,5,58,58,1521,1521,121,121,1705,1705,0.29%,3.4%,89.21%,7.1%,False,1,63,3.695014662756598,True,2202703,Cocal (PI),0.541,0.377,0.674,0.572,0.497,0.712,0.334,0.516,0.216,0.416,True,2202703,Cocal,4533.0,537.0,11.8,1201.0,26.5,True,2202703,2202703,COCAL,PI,Nordeste,11.846459298477829,0.046459298477827815,26.494595190822857,-0.005404809177143477,2025-01,11.846459298477829,11.8,537.0,True,True,True,True,True,True,True,True,True,True,True,ambos desfavoráveis,True,3,True,Convergência nas três dimensões,média,DPI ≥ referência,,com_PBF,0.75,20,72,45,72,0.625
220271,COCAL DE TELHA,PI,2025,12,12,15,15,250,250,277,277,4.33%,5.42%,90.25%,False,1,27,9.747292418772563,220271,True,220271,COCAL DE TELHA,PI,2025,2,2,7,7,242,242,26,26,277,277,0.72%,2.53%,87.36%,9.39%,False,1,9,3.2490974729241873,True,2202711,Cocal de Telha (PI),0.502,0.326,0.569,0.611,0.555,0.78,0.399,0.55,0.225,0.531,True,2202711,Cocal de Telha,989.0,170.0,17.2,226.0,22.9,True,2202711,2202711,COCAL DE TELHA,PI,Nordeste,17.18907987866532,-0.010920121334677901,22.851365015166834,-0.048634984833164197,2025-01,17.18907987866532,17.2,170.0,True,True,True,True,True,True,True,True,True,True,True,ambos desfavoráveis,True,3,True,Convergência nas três dimensões,baixa,DPI ≥ referência,,com_PBF,0.75,20,72,15,72,0.20833333333333334
220280,CONCEICAO DO CANINDE,PI,2025,9,9,12,12,278,278,299,299,3.01%,4.01%,92.98%,False,1,21,7.023411371237458,220280,True,220280,CONCEICAO DO CANINDE,PI,2025,3,3,10,10,264,264,22,22,299,299,1%,3.34%,88.29%,7.36%,False,1,13,4.3478260869565215,True,2202802,Conceição do Canindé (PI),0.435,0.221,0.53,0.554,0.5889999999999999,0.759,0.482,0.559,0.296,0.616,True,2202802,Conceição do Canindé,1599.0,290.0,18.1,620.0,38.8,True,2202802,2202802,CONCEICAO DO CANINDE,PI,Nordeste,18.13633520950594,0.03633520950593905,38.774233896185116,-0.02576610381488109,2025-01,18.13633520950594,18.1,290.0,True,True,True,True,True,True,True,True,True,True,True,ambos desfavoráveis,True,3,True,Convergência nas três dimensões,baixa,DPI ≥ referência,,com_PBF,0.75,20,72,24,72,0.3333333333333333
220327,CURRAL NOVO DO PIAUI,PI,2025,19,19,24,24,434,434,477,477,3.98%,5.03%,90.99%,False,1,43,9.014675052410901,220327,True,220327,CURRAL NOVO DO PIAUI,PI,2025,0,0,9,9,445,445,23,23,477,477,-,1.89%,93.29%,4.82%,False,1,9,1.8867924528301887,True,2203271,Curral Novo do Piauí (PI),0.49,0.309,0.582,0.579,0.527,0.685,0.422,0.506,0.252,0.546,True,2203271,Curral Novo do Piauí,1427.0,282.0,19.8,377.0,26.4,True,2203271,2203271,CURRAL NOVO DO PIAUI,PI,Nordeste,19.761737911702873,-0.038262088297127406,26.419060967063768,0.01906096706376914,2025-01,19.761737911702873,19.8,282.0,True,True,True,True,True,True,True,True,True,True,True,ambos desfavoráveis,True,3,True,Convergência nas três dimensões,baixa,DPI ≥ referência,,com_PBF,0.75,20,72,21,72,0.2916666666666667
220380,FLORES DO PIAUI,PI,2025,8,8,16,16,197,197,221,221,3.62%,7.24%,89.14%,False,1,24,10.85972850678733,220380,True,220380,FLORES DO PIAUI,PI,2025,1,1,7,7,197,197,16,16,221,221,0.45%,3.17%,89.14%,7.24%,False,1,8,3.619909502262444,True,2203800,Flores do Piauí (PI),0.48,0.115,0.672,0.652,0.547,0.704,0.443,0.525,0.249,0.591,True,2203800,Flores do Piauí,1170.0,184.0,15.7,395.0,33.8,True,2203800,2203800,FLORES DO PIAUI,PI,Nordeste,15.726495726495726,0.0264957264957264,33.76068376068376,-0.039316239316235624,2025-01,15.726495726495726,15.7,184.0,True,True,True,True,True,True,True,True,True,True,True,ambos desfavoráveis,True,3,True,Convergência nas três dimensões,média,DPI ≥ referência,,com_PBF,0.75,20,72,48,72,0.6666666666666666
220400,FRANCINOPOLIS,PI,2025,12,12,23,23,247,247,282,282,4.26%,8.16%,87.59%,False,1,35,12.411347517730496,220400,True,220400,FRANCINOPOLIS,PI,2025,4,4,7,7,258,258,13,13,282,282,1.42%,2.48%,91.49%,4.61%,False,1,11,3.900709219858156,True,2204006,Francinópolis (PI),0.56,0.356,0.638,0.685,0.564,0.722,0.475,0.523,0.3,0.598,True,2204006,Francinópolis,1453.0,261.0,18.0,429.0,29.5,True,2204006,2204006,FRANCINOPOLIS,PI,Nordeste,17.962835512732276,-0.0371644872677237,29.525120440467994,0.025120440467993888,2025-01,17.962835512732276,18.0,261.0,True,True,True,True,True,True,True,True,True,True,True,ambos desfavoráveis,True,3,True,Convergência nas três dimensões,média,DPI ≥ referência,,com_PBF,0.75,20,72,63,72,0.875
220460,HUGO NAPOLEAO,PI,2025,26,26,11,11,102,102,139,139,18.71%,7.91%,73.38%,False,1,37,26.618705035971225,220460,True,220460,HUGO NAPOLEAO,PI,2025,1,1,4,4,129,129,5,5,139,139,0.72%,2.88%,92.81%,3.6%,False,1,5,3.597122302158273,True,2204600,Hugo Napoleão (PI),0.438,0.229,0.496,0.59,0.5989999999999999,0.776,0.524,0.528,0.346,0.645,True,2204600,Hugo Napoleão,745.0,188.0,25.2,244.0,32.8,True,2204600,2204600,HUGO NAPOLEAO,PI,Nordeste,25.23489932885906,0.034899328859061995,32.75167785234899,-0.04832214765100673,2025-01,25.23489932885906,25.2,188.0,True,True,True,True,True,True,True,True,True,True,True,ambos desfavoráveis,True,3,True,Convergência nas três dimensões,alta,DPI ≥ referência,,com_PBF,0.75,20,72,72,72,1.0
220515,JACOBINA DO PIAUI,PI,2025,16,16,19,19,330,330,365,365,4.38%,5.21%,90.41%,False,1,35,9.58904109589041,220515,True,220515,JACOBINA DO PIAUI,PI,2025,4,4,12,12,315,315,34,34,365,365,1.1%,3.29%,86.3%,9.32%,False,1,16,4.383561643835616,True,2205151,Jacobina do Piauí (PI),0.555,0.38,0.582,0.703,0.535,0.724,0.416,0.509,0.238,0.55,True,2205151,Jacobina do Piauí,1465.0,236.0,16.1,548.0,37.4,True,2205151,2205151,JACOBINA DO PIAUI,PI,Nordeste,16.109215017064844,0.009215017064843067,37.406143344709896,0.006143344709897747,2025-01,16.109215017064844,16.1,236.0,True,True,True,True,True,True,True,True,True,True,True,ambos desfavoráveis,True,3,True,Convergência nas três dimensões,baixa,DPI ≥ referência,,com_PBF,0.75,20,72,24,72,0.3333333333333333
220520,JAICOS,PI,2025,87,87,94,94,855,855,1036,1.036,8.4%,9.07%,82.53%,True,1,181,17.471042471042473,220520,True,220520,JAICOS,PI,2025,16,16,45,45,911,911,64,64,1036,1036,1.54%,4.34%,87.93%,6.18%,False,1,61,5.8880308880308885,True,2205201,Jaicós (PI),0.574,0.517,0.63,0.576,0.524,0.709,0.366,0.556,0.253,0.44,True,2205201,Jaicós,3606.0,626.0,17.4,1130.0,31.3,True,2205201,2205201,JAICOS,PI,Nordeste,17.35995562950638,-0.040044370493617976,31.336661120354965,0.03666112035496383,2025-01,17.35995562950638,17.4,626.0,True,True,True,True,True,True,True,True,True,True,True,ambos desfavoráveis,True,3,True,Convergência nas três dimensões,média,DPI ≥ referência,,com_PBF,0.75,20,72,72,72,1.0
220530,JERUMENHA,PI,2025,13,13,14,14,172,172,199,199,6.53%,7.04%,86.43%,False,1,27,13.5678391959799,220530,True,220530,JERUMENHA,PI,2025,3,3,5,5,171,171,20,20,199,199,1.51%,2.51%,85.93%,10.05%,False,1,8,4.0201005025125625,True,2205300,Jerumenha (PI),0.517,0.439,0.519,0.592,0.5909999999999999,0.787,0.461,0.569,0.315,0.558,True,2205300,Jerumenha,851.0,115.0,13.5,263.0,30.9,True,2205300,2205300,JERUMENHA,PI,Nordeste,13.513513513513514,0.013513513513514042,30.904817861339602,0.004817861339603269,2025-01,13.513513513513514,13.5,115.0,True,True,True,True,True,True,True,True,True,True,True,ambos desfavoráveis,True,3,True,Convergência nas três dimensões,média,DPI ≥ referência,,com_PBF,0.75,20,72,54,72,0.75
220545,JOCA MARQUES,PI,2025,21,21,16,16,322,322,359,359,5.85%,4.46%,89.69%,False,1,37,10.30640668523677,220545,True,220545,JOCA MARQUES,PI,2025,3,3,13,13,262,262,81,81,359,359,0.84%,3.62%,72.98%,22.56%,False,1,16,4.456824512534819,True,2205458,Joca Marques (PI),0.55,0.306,0.742,0.603,0.504,0.726,0.353,0.501,0.191,0.48,True,2205458,Joca Marques,1000.0,115.0,11.5,310.0,31.0,True,2205458,2205458,JOCA MARQUES,PI,Nordeste,11.5,0.0,31.0,0.0,2025-01,11.5,11.5,115.0,True,True,True,True,True,True,True,True,True,True,True,ambos desfavoráveis,True,3,True,Convergência nas três dimensões,média,DPI ≥ referência,,com_PBF,0.75,20,72,30,72,0.4166666666666667
220551,JUAZEIRO DO PIAUI,PI,2025,12,12,15,15,237,237,264,264,4.55%,5.68%,89.77%,False,1,27,10.227272727272728,220551,True,220551,JUAZEIRO DO PIAUI,PI,2025,0,0,5,5,243,243,16,16,264,264,-,1.89%,92.05%,6.06%,False,1,5,1.893939393939394,True,2205516,Juazeiro do Piauí (PI),0.503,0.396,0.533,0.58,0.57,0.753,0.47,0.522,0.3,0.588,True,2205516,Juazeiro do Piauí,1146.0,226.0,19.7,352.0,30.7,True,2205516,2205516,JUAZEIRO DO PIAUI,PI,Nordeste,19.720767888307154,0.020767888307155147,30.715532286212916,0.015532286212916802,2025-01,19.720767888307154,19.7,226.0,True,True,True,True,True,True,True,True,True,True,True,ambos desfavoráveis,True,3,True,Convergência nas três dimensões,média,DPI ≥ referência,,com_PBF,0.75,20,72,42,72,0.5833333333333334
220552,JULIO BORGES,PI,2025,14,14,29,29,332,332,375,375,3.73%,7.73%,88.53%,False,1,43,11.466666666666667,220552,True,220552,JULIO BORGES,PI,2025,3,3,15,15,337,337,20,20,375,375,0.8%,4%,89.87%,5.33%,False,1,18,4.8,True,2205524,Júlio Borges (PI),0.4749999999999999,0.386,0.472,0.566,0.5819999999999999,0.777,0.508,0.5,0.362,0.602,True,2205524,Júlio Borges,895.0,167.0,18.7,74.0,8.3,True,2205524,2205524,JULIO BORGES,PI,Nordeste,18.65921787709497,-0.04078212290502847,8.268156424581004,-0.031843575418996295,2025-01,18.65921787709497,18.7,167.0,True,True,True,True,True,True,True,True,True,True,True,ambos desfavoráveis,True,3,True,Convergência nas três dimensões,média,DPI ≥ referência,,com_PBF,0.75,20,72,24,72,0.3333333333333333
220556,LAGOA DO BARRO DO PIAUI,PI,2025,17,17,24,24,314,314,355,355,4.79%,6.76%,88.45%,False,1,41,11.549295774647888,220556,True,220556,LAGOA DO BARRO DO PIAUI,PI,2025,7,7,5,5,310,310,33,33,355,355,1.97%,1.41%,87.32%,9.3%,False,1,12,3.3802816901408446,True,2205565,Lagoa do Barro do Piauí (PI),0.682,0.699,0.701,0.645,0.502,0.744,0.358,0.474,0.226,0.451,True,2205565,Lagoa do Barro do Piauí,977.0,120.0,12.3,65.0,6.7,True,2205565,2205565,LAGOA DO BARRO DO PIAUI,PI,Nordeste,12.282497441146365,-0.01750255885363572,6.653019447287615,-0.04698055271238477,2025-01,12.282497441146365,12.3,120.0,True,True,True,True,True,True,True,True,True,True,True,ambos desfavoráveis,True,3,True,Convergência nas três dimensões,média,DPI ≥ referência,,com_PBF,0.75,20,72,18,72,0.25
220558,LAGOA DO PIAUI,PI,2025,13,13,12,12,225,225,250,250,5.2%,4.8%,90%,False,1,25,10.0,220558,True,220558,LAGOA DO PIAUI,PI,2025,2,2,6,6,230,230,12,12,250,250,0.8%,2.4%,92%,4.8%,False,1,8,3.2,True,2205581,Lagoa do Piauí (PI),0.4239999999999999,0.288,0.48,0.505,0.5829999999999999,0.778,0.464,0.548,0.291,0.586,True,2205581,Lagoa do Piauí,761.0,127.0,16.7,200.0,26.3,True,2205581,2205581,LAGOA DO PIAUI,PI,Nordeste,16.68856767411301,-0.011432325886989503,26.28120893561104,-0.018791064388960166,2025-01,16.68856767411301,16.7,127.0,True,True,True,True,True,True,True,True,True,True,True,ambos desfavoráveis,True,3,True,Convergência nas três dimensões,média,DPI ≥ referência,,com_PBF,0.75,20,72,42,72,0.5833333333333334
220559,LAGOA DO SITIO,PI,2025,11,11,9,9,246,246,266,266,4.14%,3.38%,92.48%,False,1,20,7.518796992481203,220559,True,220559,LAGOA DO SITIO,PI,2025,3,3,7,7,241,241,15,15,266,266,1.13%,2.63%,90.6%,5.64%,False,1,10,3.7593984962406015,True,2205599,Lagoa do Sítio (PI),0.52,0.245,0.699,0.615,0.541,0.745,0.421,0.504,0.227,0.573,True,2205599,Lagoa do Sítio,1499.0,221.0,14.7,387.0,25.8,True,2205599,2205599,LAGOA DO SITIO,PI,Nordeste,14.743162108072047,0.0431621080720479,25.81721147431621,0.017211474316209063,2025-01,14.743162108072047,14.7,221.0,True,True,True,True,True,True,True,True,True,True,True,ambos desfavoráveis,True,3,True,Convergência nas três dimensões,baixa,DPI ≥ referência,,com_PBF,0.75,20,72,18,72,0.25
220560,LANDRI SALES,PI,2025,6,6,24,24,311,311,341,341,1.76%,7.04%,91.2%,False,1,30,8.797653958944283,220560,True,220560,LANDRI SALES,PI,2025,1,1,11,11,298,298,31,31,341,341,0.29%,3.23%,87.39%,9.09%,False,1,12,3.519061583577713,True,2205607,Landri Sales (PI),0.538,0.586,0.525,0.503,0.5839999999999999,0.738,0.48,0.563,0.317,0.59,True,2205607,Landri Sales,1168.0,163.0,14.0,210.0,18.0,True,2205607,2205607,LANDRI SALES,PI,Nordeste,13.955479452054794,-0.04452054794520599,17.97945205479452,-0.020547945205478868,2025-01,13.955479452054794,14.0,163.0,True,True,True,True,True,True,True,True,True,True,True,ambos desfavoráveis,True,3,True,Convergência nas três dimensões,baixa,DPI ≥ referência,,com_PBF,0.75,20,72,9,72,0.125
220580,LUZILANDIA,PI,2025,89,89,98,98,1168,1.168,1355,1.355,6.57%,7.23%,86.2%,True,1,187,13.800738007380073,220580,True,220580,LUZILANDIA,PI,2025,7,7,29,29,1189,1189,131,131,1356,1356,0.52%,2.14%,87.68%,9.66%,False,1,36,2.6548672566371683,True,2205805,Luzilândia (PI),0.49,0.277,0.627,0.566,0.545,0.7,0.42,0.55,0.271,0.523,True,2205805,Luzilândia,5393.0,868.0,16.1,1721.0,31.9,True,2205805,2205805,LUZILANDIA,PI,Nordeste,16.0949378824402,-0.005062117559802459,31.911737437418875,0.01173743741887634,2025-01,16.0949378824402,16.1,868.0,True,True,True,True,True,True,True,True,True,True,True,ambos desfavoráveis,True,3,True,Convergência nas três dimensões,média,DPI ≥ referência,,com_PBF,0.75,20,72,72,72,1.0
220605,MASSAPE DO PIAUI,PI,2025,19,19,21,21,206,206,246,246,7.72%,8.54%,83.74%,False,1,40,16.260162601626014,220605,True,220605,MASSAPE DO PIAUI,PI,2025,2,2,6,6,209,209,29,29,246,246,0.81%,2.44%,84.96%,11.79%,False,1,8,3.2520325203252036,True,2206050,Massapê do Piauí (PI),0.5889999999999999,0.481,0.576,0.71,0.525,0.73,0.386,0.514,0.204,0.531,True,2206050,Massapê do Piauí,1065.0,163.0,15.3,117.0,11.0,True,2206050,2206050,MASSAPE DO PIAUI,PI,Nordeste,15.305164319248826,0.005164319248825322,10.985915492957748,-0.01408450704225217,2025-01,15.305164319248826,15.3,163.0,True,True,True,True,True,True,True,True,True,True,True,ambos desfavoráveis,True,3,True,Convergência nas três dimensões,média,DPI ≥ referência,,com_PBF,0.75,20,72,36,72,0.5
220620,MIGUEL ALVES,PI,2025,163,163,227,227,1843,1.843,2233,2.233,7.3%,10.17%,82.53%,True,1,390,17.465293327362293,220620,True,220620,MIGUEL ALVES,PI,2025,37,37,98,98,1976,1976,122,122,2233,2233,1.66%,4.39%,88.49%,5.46%,False,1,135,6.045678459471563,True,2206209,Miguel Alves (PI),0.6009999999999999,0.583,0.611,0.61,0.539,0.742,0.396,0.533,0.239,0.51,True,2206209,Miguel Alves,6627.0,834.0,12.6,1734.0,26.2,True,2206209,2206209,MIGUEL ALVES,PI,Nordeste,12.584880036215482,-0.01511996378451741,26.16568583069262,-0.03431416930737896,2025-01,12.584880036215482,12.6,834.0,True,True,True,True,True,True,True,True,True,True,True,ambos desfavoráveis,True,3,True,Convergência nas três dimensões,média,DPI ≥ referência,,com_PBF,0.75,20,72,54,72,0.75
220650,MONSENHOR HIPOLITO,PI,2025,29,29,34,34,377,377,440,440,6.59%,7.73%,85.68%,False,1,63,14.318181818181818,220650,True,220650,MONSENHOR HIPOLITO,PI,2025,0,0,13,13,403,403,24,24,440,440,-,2.95%,91.59%,5.45%,False,1,13,2.9545454545454546,True,2206506,Monsenhor Hipólito (PI),0.433,0.168,0.632,0.498,0.561,0.739,0.404,0.591,0.243,0.521,True,2206506,Monsenhor Hipólito,1933.0,333.0,17.2,598.0,30.9,True,2206506,2206506,MONSENHOR HIPOLITO,PI,Nordeste,17.227108122090016,0.02710812209001645,30.936368339368858,0.03636833936885964,2025-01,17.227108122090016,17.2,333.0,True,True,True,True,True,True,True,True,True,True,True,ambos desfavoráveis,True,3,True,Convergência nas três dimensões,média,DPI ≥ referência,,com_PBF,0.75,20,72,63,72,0.875
220660,MONTE ALEGRE DO PIAUI,PI,2025,52,52,59,59,607,607,718,718,7.24%,8.22%,84.54%,False,1,111,15.459610027855152,220660,True,220660,MONTE ALEGRE DO PIAUI,PI,2025,6,6,20,20,648,648,44,44,718,718,0.84%,2.79%,90.25%,6.13%,False,1,26,3.6211699164345403,True,2206605,Monte Alegre do Piauí (PI),0.446,0.198,0.514,0.626,0.5779999999999998,0.768,0.474,0.531,0.333,0.565,True,2206605,Monte Alegre do Piauí,1456.0,206.0,14.1,360.0,24.7,True,2206605,2206605,MONTE ALEGRE DO PIAUI,PI,Nordeste,14.148351648351648,0.04835164835164818,24.725274725274726,0.02527472527472696,2025-01,14.148351648351648,14.1,206.0,True,True,True,True,True,True,True,True,True,True,True,ambos desfavoráveis,True,3,True,Convergência nas três dimensões,média,DPI ≥ referência,,com_PBF,0.75,20,72,45,72,0.625
220665,MORRO CABECA NO TEMPO,PI,2025,53,53,32,32,274,274,359,359,14.76%,8.91%,76.32%,False,1,85,23.676880222841227,220665,True,220665,MORRO CABECA NO TEMPO,PI,2025,5,5,11,11,310,310,33,33,359,359,1.39%,3.06%,86.35%,9.19%,False,1,16,4.456824512534819,True,2206654,Morro Cabeça no Tempo (PI),0.4169999999999999,0.229,0.476,0.545,0.542,0.774,0.435,0.472,0.248,0.577,True,2206654,Morro Cabeça no Tempo,979.0,137.0,14.0,94.0,9.6,True,2206654,2206654,MORRO CABECA NO TEMPO,PI,Nordeste,13.993871297242084,-0.006128702757916216,9.601634320735444,0.001634320735444561,2025-01,13.993871297242084,14.0,137.0,True,True,True,True,True,True,True,True,True,True,True,ambos desfavoráveis,True,3,True,Convergência nas três dimensões,alta,DPI ≥ referência,,com_PBF,0.75,20,72,27,72,0.375
220667,MORRO DO CHAPEU DO PIAUI,PI,2025,17,17,43,43,447,447,507,507,3.35%,8.48%,88.17%,False,1,60,11.834319526627219,220667,True,220667,MORRO DO CHAPEU DO PIAUI,PI,2025,2,2,18,18,471,471,16,16,507,507,0.39%,3.55%,92.9%,3.16%,False,1,20,3.9447731755424065,True,2206670,Morro do Chapéu do Piauí (PI),0.4249999999999999,0.218,0.499,0.558,0.55,0.742,0.418,0.536,0.219,0.577,True,2206670,Morro do Cha- péu do Piauí,992.0,136.0,13.7,192.0,19.4,True,2206670,2206670,MORRO DO CHAPEU DO PIAUI,PI,Nordeste,13.709677419354838,0.00967741935483879,19.35483870967742,-0.04516129032257865,2025-01,13.709677419354838,13.7,136.0,True,True,True,True,True,True,True,True,True,True,True,ambos desfavoráveis,True,3,True,Convergência nas três dimensões,média,DPI ≥ referência,,com_PBF,0.75,20,72,18,72,0.25
220670,NAZARE DO PIAUI,PI,2025,14,14,20,20,362,362,396,396,3.54%,5.05%,91.41%,False,1,34,8.585858585858585,220670,True,220670,NAZARE DO PIAUI,PI,2025,8,8,12,12,347,347,29,29,396,396,2.02%,3.03%,87.63%,7.32%,False,1,20,5.05050505050505,True,2206704,Nazaré do Piauí (PI),0.507,0.472,0.507,0.542,0.5759999999999998,0.707,0.51,0.531,0.303,0.661,True,2206704,Nazaré do Piauí,1509.0,261.0,17.3,326.0,21.6,True,2206704,2206704,NAZARE DO PIAUI,PI,Nordeste,17.296222664015904,-0.003777335984096908,21.603711066931744,0.0037110669317428346,2025-01,17.296222664015904,17.3,261.0,True,True,True,True,True,True,True,True,True,True,True,ambos desfavoráveis,True,3,True,Convergência nas três dimensões,baixa,DPI ≥ referência,,com_PBF,0.75,20,72,15,72,0.20833333333333334
220680,NOSSA SENHORA DOS REMEDIOS,PI,2025,39,39,40,40,520,520,599,599,6.51%,6.68%,86.81%,False,1,79,13.18864774624374,220680,True,220680,NOSSA SENHORA DOS REMEDIOS,PI,2025,13,13,29,29,528,528,29,29,599,599,2.17%,4.84%,88.15%,4.84%,False,1,42,7.0116861435726205,True,2206803,Nossa Senhora dos Remédios (PI),0.531,0.405,0.6,0.588,0.533,0.732,0.411,0.503,0.253,0.524,True,2206803,Nossa Senhora dos Remédios,1874.0,620.0,33.1,882.0,47.1,True,2206803,2206803,NOSSA SENHORA DOS REMEDIOS,PI,Nordeste,33.084311632870865,-0.015688367129136793,47.065101387406614,-0.03489861259338767,2025-01,33.084311632870865,33.1,620.0,True,True,True,True,True,True,True,True,True,True,True,ambos desfavoráveis,True,3,True,Convergência nas três dimensões,média,DPI ≥ referência,,com_PBF,0.75,20,72,72,72,1.0
220690,NOVO ORIENTE DO PIAUI,PI,2025,7,7,18,18,217,217,242,242,2.89%,7.44%,89.67%,False,1,25,10.330578512396695,220690,True,220690,NOVO ORIENTE DO PIAUI,PI,2025,2,2,8,8,220,220,12,12,242,242,0.83%,3.31%,90.91%,4.96%,False,1,10,4.132231404958678,True,2206902,Novo Oriente do Piauí (PI),0.433,0.111,0.506,0.682,0.562,0.775,0.418,0.547,0.229,0.565,True,2206902,Novo Oriente do Piauí,986.0,129.0,13.1,297.0,30.1,True,2206902,2206902,NOVO ORIENTE DO PIAUI,PI,Nordeste,13.08316430020284,-0.016835699797159265,30.121703853955374,0.021703853955372665,2025-01,13.08316430020284,13.1,129.0,True,True,True,True,True,True,True,True,True,True,True,ambos desfavoráveis,True,3,True,Convergência nas três dimensões,média,DPI ≥ referência,,com_PBF,0.75,20,72,36,72,0.5
220735,PAJEU DO PIAUI,PI,2025,4,4,7,7,106,106,117,117,3.42%,5.98%,90.6%,False,1,11,9.401709401709402,220735,True,220735,PAJEU DO PIAUI,PI,2025,2,2,6,6,101,101,8,8,117,117,1.71%,5.13%,86.32%,6.84%,False,1,8,6.837606837606838,True,2207355,Pajeú do Piauí (PI),0.456,0.172,0.513,0.684,0.559,0.732,0.427,0.56,0.228,0.585,True,2207355,Pajeú do Piauí,691.0,150.0,21.7,233.0,33.7,True,2207355,2207355,PAJEU DO PIAUI,PI,Nordeste,21.70767004341534,0.00767004341534161,33.71924746743849,0.019247467438489707,2025-01,21.70767004341534,21.7,150.0,True,True,True,True,True,True,True,True,True,True,True,ambos desfavoráveis,True,3,True,Convergência nas três dimensões,baixa,DPI ≥ referência,,com_PBF,0.75,20,72,24,72,0.3333333333333333
220760,PARNAGUA,PI,2025,61,61,40,40,513,513,614,614,9.93%,6.51%,83.55%,False,1,101,16.449511400651463,220760,True,220760,PARNAGUA,PI,2025,3,3,19,19,552,552,40,40,614,614,0.49%,3.09%,89.9%,6.51%,False,1,22,3.5830618892508146,True,2207603,Parnaguá (PI),0.536,0.501,0.5,0.607,0.5749999999999998,0.777,0.464,0.526,0.329,0.551,True,2207603,Parnaguá,1959.0,369.0,18.8,138.0,7.0,True,2207603,2207603,PARNAGUA,PI,Nordeste,18.83614088820827,0.03614088820826922,7.044410413476264,0.044410413476263955,2025-01,18.83614088820827,18.8,369.0,True,True,True,True,True,True,True,True,True,True,True,ambos desfavoráveis,True,3,True,Convergência nas três dimensões,média,DPI ≥ referência,,com_PBF,0.75,20,72,36,72,0.5
220775,PASSAGEM FRANCA DO PIAUI,PI,2025,19,19,14,14,184,184,217,217,8.76%,6.45%,84.79%,False,1,33,15.207373271889402,220775,True,220775,PASSAGEM FRANCA DO PIAUI,PI,2025,4,4,4,4,195,195,14,14,217,217,1.84%,1.84%,89.86%,6.45%,False,1,8,3.686635944700461,True,2207751,Passagem Franca do Piauí (PI),0.457,0.331,0.543,0.497,0.561,0.758,0.393,0.594,0.241,0.502,True,2207751,Passagem Fran- ca do Piauí,1024.0,157.0,15.3,197.0,19.2,True,2207751,2207751,PASSAGEM FRANCA DO PIAUI,PI,Nordeste,15.33203125,0.03203124999999929,19.23828125,0.03828125000000071,2025-01,15.33203125,15.3,157.0,True,True,True,True,True,True,True,True,True,True,True,ambos desfavoráveis,True,3,True,Convergência nas três dimensões,média,DPI ≥ referência,,com_PBF,0.75,20,72,36,72,0.5
220810,PIMENTEIRAS,PI,2025,29,29,41,41,449,449,519,519,5.59%,7.9%,86.51%,False,1,70,13.48747591522158,220810,True,220810,PIMENTEIRAS,PI,2025,3,3,15,15,473,473,28,28,519,519,0.58%,2.89%,91.14%,5.39%,False,1,18,3.4682080924855487,True,2208106,Pimenteiras (PI),0.447,0.253,0.563,0.526,0.566,0.774,0.423,0.553,0.26,0.539,True,2208106,Pimenteiras,2261.0,300.0,13.3,542.0,24.0,True,2208106,2208106,PIMENTEIRAS,PI,Nordeste,13.268465280849181,-0.03153471915081951,23.971693940734188,-0.028306059265812422,2025-01,13.268465280849181,13.3,300.0,True,True,True,True,True,True,True,True,True,True,True,ambos desfavoráveis,True,3,True,Convergência nas três dimensões,média,DPI ≥ referência,,com_PBF,0.75,20,72,45,72,0.625
220830,PIRACURUCA,PI,2025,51,51,93,93,1495,1.495,1639,1.639,3.11%,5.67%,91.21%,True,1,144,8.785845027455766,220830,True,220830,PIRACURUCA,PI,2025,15,15,50,50,1403,1403,171,171,1639,1639,0.92%,3.05%,85.6%,10.43%,False,1,65,3.9658328248932277,True,2208304,Piracuruca (PI),0.4829999999999999,0.374,0.586,0.489,0.5959999999999999,0.77,0.478,0.575,0.32,0.585,True,2208304,Piracuruca,4266.0,723.0,16.9,686.0,16.1,True,2208304,2208304,PIRACURUCA,PI,Nordeste,16.947960618846693,0.04796061884669456,16.080637599624943,-0.01936240037505854,2025-01,16.947960618846693,16.9,723.0,True,True,True,True,True,True,True,True,True,True,True,ambos desfavoráveis,True,3,True,Convergência nas três dimensões,baixa,DPI ≥ referência,,com_PBF,0.75,20,72,12,72,0.16666666666666666
220850,PORTO,PI,2025,38,38,78,78,879,879,995,995,3.82%,7.84%,88.34%,False,1,116,11.658291457286433,220850,True,220850,PORTO,PI,2025,8,8,35,35,902,902,50,50,995,995,0.8%,3.52%,90.65%,5.03%,False,1,43,4.321608040201005,True,2208502,Porto (PI),0.55,0.484,0.612,0.555,0.549,0.758,0.406,0.537,0.267,0.501,True,2208502,Porto,3050.0,490.0,16.1,974.0,31.9,True,2208502,2208502,PORTO,PI,Nordeste,16.065573770491802,-0.03442622950819896,31.934426229508194,0.034426229508195405,2025-01,16.065573770491802,16.1,490.0,True,True,True,True,True,True,True,True,True,True,True,ambos desfavoráveis,True,3,True,Convergência nas três dimensões,média,DPI ≥ referência,,com_PBF,0.75,20,72,48,72,0.6666666666666666
220855,PORTO ALEGRE DO PIAUI,PI,2025,6,6,11,11,182,182,199,199,3.02%,5.53%,91.46%,False,1,17,8.542713567839195,220855,True,220855,PORTO ALEGRE DO PIAUI,PI,2025,2,2,3,3,188,188,6,6,199,199,1.01%,1.51%,94.47%,3.02%,False,1,5,2.512562814070352,True,2208551,Porto Alegre do Piauí (PI),0.4309999999999999,0.273,0.516,0.505,0.563,0.732,0.452,0.539,0.281,0.573,True,2208551,Porto Alegre do Piauí,800.0,124.0,15.5,245.0,30.6,True,2208551,2208551,PORTO ALEGRE DO PIAUI,PI,Nordeste,15.5,0.0,30.625000000000004,0.02500000000000213,2025-01,15.5,15.5,124.0,True,True,True,True,True,True,True,True,True,True,True,ambos desfavoráveis,True,3,True,Convergência nas três dimensões,baixa,DPI ≥ referência,,com_PBF,0.75,20,72,21,72,0.2916666666666667
220870,REDENCAO DO GURGUEIA,PI,2025,39,39,44,44,526,526,609,609,6.4%,7.22%,86.37%,False,1,83,13.628899835796387,220870,True,220870,REDENCAO DO GURGUEIA,PI,2025,9,9,34,34,532,532,34,34,609,609,1.48%,5.58%,87.36%,5.58%,False,1,43,7.060755336617405,True,2208700,Redenção do Gurguéia (PI),0.565,0.605,0.537,0.554,0.5889999999999999,0.766,0.478,0.557,0.377,0.539,True,2208700,Redenção do Gurguéia,2036.0,300.0,14.7,129.0,6.3,True,2208700,2208700,REDENCAO DO GURGUEIA,PI,Nordeste,14.734774066797643,0.0347740667976435,6.335952848722987,0.035952848722986985,2025-01,14.734774066797643,14.7,300.0,True,True,True,True,True,True,True,True,True,True,True,ambos desfavoráveis,True,3,True,Convergência nas três dimensões,média,DPI ≥ referência,,com_PBF,0.75,20,72,27,72,0.375
220880,REGENERACAO,PI,2025,76,76,84,84,1019,1.019,1179,1.179,6.45%,7.12%,86.43%,True,1,160,13.570822731128073,220880,True,220880,REGENERACAO,PI,2025,11,11,51,51,1017,1017,100,100,1179,1179,0.93%,4.33%,86.26%,8.48%,False,1,62,5.258693808312128,True,2208809,Regeneração (PI),0.532,0.459,0.593,0.543,0.5909999999999999,0.714,0.498,0.582,0.321,0.62,True,2208809,Regeneração,5659.0,1123.0,19.8,1752.0,31.0,True,2208809,2208809,REGENERACAO,PI,Nordeste,19.844495493903516,0.04449549390351493,30.95953348648171,-0.04046651351828956,2025-01,19.844495493903516,19.8,1123.0,True,True,True,True,True,True,True,True,True,True,True,ambos desfavoráveis,True,3,True,Convergência nas três dimensões,média,DPI ≥ referência,,com_PBF,0.75,20,72,63,72,0.875
220900,RIO GRANDE DO PIAUI,PI,2025,15,15,28,28,293,293,336,336,4.46%,8.33%,87.2%,False,1,43,12.797619047619047,220900,True,220900,RIO GRANDE DO PIAUI,PI,2025,3,3,12,12,301,301,20,20,336,336,0.89%,3.57%,89.58%,5.95%,False,1,15,4.464285714285714,True,2209005,Rio Grande do Piauí (PI),0.406,0.179,0.532,0.506,0.572,0.767,0.442,0.552,0.294,0.542,True,2209005,Rio Grande do Piauí,1796.0,313.0,17.4,537.0,29.9,True,2209005,2209005,RIO GRANDE DO PIAUI,PI,Nordeste,17.42761692650334,0.027616926503341688,29.89977728285078,-0.00022271714921728858,2025-01,17.42761692650334,17.4,313.0,True,True,True,True,True,True,True,True,True,True,True,ambos desfavoráveis,True,3,True,Convergência nas três dimensões,média,DPI ≥ referência,,com_PBF,0.75,20,72,63,72,0.875
220915,SANTA CRUZ DOS MILAGRES,PI,2025,2,2,17,17,155,155,174,174,1.15%,9.77%,89.08%,False,1,19,10.919540229885058,220915,True,220915,SANTA CRUZ DOS MILAGRES,PI,2025,2,2,2,2,167,167,3,3,174,174,1.15%,1.15%,95.98%,1.72%,False,1,4,2.2988505747126435,True,2209153,Santa Cruz dos Milagres (PI),0.433,0.209,0.6,0.489,0.5769999999999998,0.719,0.509,0.524,0.322,0.64,True,2209153,Santa Cruz dos Milagres,360.0,53.0,14.7,81.0,22.5,True,2209153,2209153,SANTA CRUZ DOS MILAGRES,PI,Nordeste,14.722222222222223,0.02222222222222392,22.5,0.0,2025-01,14.722222222222223,14.7,53.0,True,True,True,True,True,True,True,True,True,True,True,ambos desfavoráveis,True,3,True,Convergência nas três dimensões,média,DPI ≥ referência,,com_PBF,0.75,20,72,24,72,0.3333333333333333
220930,SANTA LUZ,PI,2025,26,26,31,31,261,261,318,318,8.18%,9.75%,82.08%,False,1,57,17.92452830188679,220930,True,220930,SANTA LUZ,PI,2025,3,3,5,5,303,303,7,7,318,318,0.94%,1.57%,95.28%,2.2%,False,1,8,2.515723270440252,True,2209302,Santa Luz (PI),0.466,0.362,0.494,0.543,0.5879999999999999,0.768,0.49,0.539,0.324,0.602,True,2209302,Santa Luz,1265.0,212.0,16.8,175.0,13.8,True,2209302,2209302,SANTA LUZ,PI,Nordeste,16.75889328063241,-0.04110671936759047,13.83399209486166,0.03399209486165944,2025-01,16.75889328063241,16.8,212.0,True,True,True,True,True,True,True,True,True,True,True,ambos desfavoráveis,True,3,True,Convergência nas três dimensões,média,DPI ≥ referência,,com_PBF,0.75,20,72,36,72,0.5
220965,SAO FRANCISCO DE ASSIS DO PIAUI,PI,2025,13,13,12,12,339,339,364,364,3.57%,3.3%,93.13%,False,1,25,6.868131868131869,220965,True,220965,SAO FRANCISCO DE ASSIS DO PIAUI,PI,2025,3,3,5,5,313,313,43,43,364,364,0.82%,1.37%,85.99%,11.81%,False,1,8,2.197802197802198,True,2209658,São Francisco de Assis do Piauí (PI),0.506,0.223,0.624,0.67,0.4849999999999999,0.734,0.336,0.462,0.158,0.491,True,2209658,São Francisco de Assis do Piauí,1441.0,206.0,14.3,319.0,22.1,True,2209658,2209658,SAO FRANCISCO DE ASSIS DO PIAUI,PI,Nordeste,14.295628036086052,-0.004371963913948562,22.137404580152673,0.03740458015267123,2025-01,14.295628036086052,14.3,206.0,True,True,True,True,True,True,True,True,True,True,True,ambos desfavoráveis,True,3,True,Convergência nas três dimensões,baixa,DPI ≥ referência,,com_PBF,0.75,20,72,12,72,0.16666666666666666
220985,SAO JOAO DA CANABRAVA,PI,2025,5,5,12,12,221,221,238,238,2.1%,5.04%,92.86%,False,1,17,7.142857142857142,220985,True,220985,SAO JOAO DA CANABRAVA,PI,2025,1,1,6,6,216,216,15,15,238,238,0.42%,2.52%,90.76%,6.3%,False,1,7,2.941176470588235,True,2209856,São João da Canabrava (PI),0.401,0.055,0.499,0.649,0.559,0.726,0.446,0.539,0.238,0.61,True,2209856,São João da Canabrava,989.0,180.0,18.2,301.0,30.4,True,2209856,2209856,SAO JOAO DA CANABRAVA,PI,Nordeste,18.200202224469162,0.00020222446916307035,30.434782608695656,0.0347826086956573,2025-01,18.200202224469162,18.2,180.0,True,True,True,True,True,True,True,True,True,True,True,ambos desfavoráveis,True,3,True,Convergência nas três dimensões,baixa,DPI ≥ referência,,com_PBF,0.75,20,72,21,72,0.2916666666666667
220987,SAO JOAO DA FRONTEIRA,PI,2025,24,24,19,19,334,334,377,377,6.37%,5.04%,88.59%,False,1,43,11.405835543766578,220987,True,220987,SAO JOAO DA FRONTEIRA,PI,2025,3,3,5,5,348,348,21,21,377,377,0.8%,1.33%,92.31%,5.57%,False,1,8,2.122015915119363,True,2209872,São João da Fronteira (PI),0.566,0.421,0.681,0.597,0.515,0.753,0.351,0.516,0.206,0.458,True,2209872,São João da Fronteira,881.0,228.0,25.9,299.0,33.9,True,2209872,2209872,SAO JOAO DA FRONTEIRA,PI,Nordeste,25.879682179341657,-0.020317820658341645,33.938706015891036,0.03870601589103728,2025-01,25.879682179341657,25.9,228.0,True,True,True,True,True,True,True,True,True,True,True,ambos desfavoráveis,True,3,True,Convergência nas três dimensões,média,DPI ≥ referência,,com_PBF,0.75,20,72,48,72,0.6666666666666666
220990,SAO JOAO DA SERRA,PI,2025,16,16,18,18,274,274,308,308,5.19%,5.84%,88.96%,False,1,34,11.03896103896104,220990,True,220990,SAO JOAO DA SERRA,PI,2025,2,2,8,8,282,282,16,16,308,308,0.65%,2.6%,91.56%,5.19%,False,1,10,3.2467532467532463,True,2209906,São João da Serra (PI),0.464,0.29,0.512,0.589,0.5819999999999999,0.757,0.478,0.545,0.28,0.625,True,2209906,São João da Serra,996.0,157.0,15.8,304.0,30.5,True,2209906,2209906,SAO JOAO DA SERRA,PI,Nordeste,15.76305220883534,-0.036947791164660515,30.522088353413658,0.022088353413657558,2025-01,15.76305220883534,15.8,157.0,True,True,True,True,True,True,True,True,True,True,True,ambos desfavoráveis,True,3,True,Convergência nas três dimensões,média,DPI ≥ referência,,com_PBF,0.75,20,72,42,72,0.5833333333333334
220997,SAO JOAO DO ARRAIAL,PI,2025,36,36,52,52,529,529,617,617,5.83%,8.43%,85.74%,False,1,88,14.26256077795786,220997,True,220997,SAO JOAO DO ARRAIAL,PI,2025,4,4,22,22,548,548,43,43,617,617,0.65%,3.57%,88.82%,6.97%,False,1,26,4.213938411669368,True,2209971,São João do Arraial (PI),0.524,0.448,0.599,0.526,0.523,0.72,0.401,0.496,0.218,0.543,True,2209971,São João do Arraial,1848.0,394.0,21.3,605.0,32.7,True,2209971,2209971,SAO JOAO DO ARRAIAL,PI,Nordeste,21.32034632034632,0.020346320346320113,32.73809523809524,0.03809523809523796,2025-01,21.32034632034632,21.3,394.0,True,True,True,True,True,True,True,True,True,True,True,ambos desfavoráveis,True,3,True,Convergência nas três dimensões,média,DPI ≥ referência,,com_PBF,0.75,20,72,72,72,1.0
221005,SAO JOSE DO DIVINO,PI,2025,3,3,23,23,322,322,348,348,0.86%,6.61%,92.53%,False,1,26,7.471264367816093,221005,True,221005,SAO JOSE DO DIVINO,PI,2025,2,2,10,10,316,316,20,20,348,348,0.57%,2.87%,90.8%,5.75%,False,1,12,3.4482758620689653,True,2210052,São José do Divino (PI),0.4849999999999999,0.47,0.494,0.492,0.565,0.775,0.44,0.529,0.248,0.586,True,2210052,São José do Divino,958.0,226.0,23.6,281.0,29.3,True,2210052,2210052,SAO JOSE DO DIVINO,PI,Nordeste,23.59081419624217,-0.009185803757830513,29.331941544885176,0.03194154488517498,2025-01,23.59081419624217,23.6,226.0,True,True,True,True,True,True,True,True,True,True,True,ambos desfavoráveis,True,3,True,Convergência nas três dimensões,baixa,DPI ≥ referência,,com_PBF,0.75,20,72,21,72,0.2916666666666667
221030,SAO JULIAO,PI,2025,15,15,12,12,272,272,299,299,5.02%,4.01%,90.97%,False,1,27,9.03010033444816,221030,True,221030,SAO JULIAO,PI,2025,2,2,6,6,272,272,19,19,299,299,0.67%,2.01%,90.97%,6.35%,False,1,8,2.6755852842809364,True,2210300,São Julião (PI),0.4069999999999999,0.154,0.609,0.459,0.5939999999999999,0.775,0.455,0.593,0.279,0.581,True,2210300,São Julião,940.0,113.0,12.0,232.0,24.7,True,2210300,2210300,SAO JULIAO,PI,Nordeste,12.02127659574468,0.02127659574468055,24.680851063829788,-0.019148936170211073,2025-01,12.02127659574468,12.0,113.0,True,True,True,True,True,True,True,True,True,True,True,ambos desfavoráveis,True,3,True,Convergência nas três dimensões,baixa,DPI ≥ referência,,com_PBF,0.75,20,72,15,72,0.20833333333333334
221065,SIGEFREDO PACHECO,PI,2025,18,18,16,16,395,395,429,429,4.2%,3.73%,92.07%,False,1,34,7.925407925407925,221065,True,221065,SIGEFREDO PACHECO,PI,2025,2,2,12,12,386,386,29,29,429,429,0.47%,2.8%,89.98%,6.76%,False,1,14,3.263403263403263,True,2210656,Sigefredo Pacheco (PI),0.4259999999999999,0.18,0.518,0.58,0.5809999999999998,0.764,0.496,0.518,0.301,0.637,True,2210656,Sigefredo Pacheco,2214.0,506.0,22.9,763.0,34.5,True,2210656,2210656,SIGEFREDO PACHECO,PI,Nordeste,22.854561878952122,-0.04543812104787648,34.462511291779585,-0.03748870822041539,2025-01,22.854561878952122,22.9,506.0,True,True,True,True,True,True,True,True,True,True,True,ambos desfavoráveis,True,3,True,Convergência nas três dimensões,baixa,DPI ≥ referência,,com_PBF,0.75,20,72,24,72,0.3333333333333333
221090,SOCORRO DO PIAUI,PI,2025,7,7,11,11,226,226,244,244,2.87%,4.51%,92.62%,False,1,18,7.377049180327869,221090,True,221090,SOCORRO DO PIAUI,PI,2025,3,3,5,5,211,211,25,25,244,244,1.23%,2.05%,86.48%,10.25%,False,1,8,3.278688524590164,True,2210904,Socorro do Piauí (PI),0.437,0.139,0.55,0.621,0.561,0.739,0.465,0.513,0.323,0.558,True,2210904,Socorro do Piauí,994.0,193.0,19.4,266.0,26.8,True,2210904,2210904,SOCORRO DO PIAUI,PI,Nordeste,19.41649899396378,0.016498993963782738,26.76056338028169,-0.03943661971831247,2025-01,19.41649899396378,19.4,193.0,True,True,True,True,True,True,True,True,True,True,True,ambos desfavoráveis,True,3,True,Convergência nas três dimensões,baixa,DPI ≥ referência,,com_PBF,0.75,20,72,21,72,0.2916666666666667
221150,VERA MENDES,PI,2025,7,7,19,19,186,186,212,212,3.3%,8.96%,87.74%,False,1,26,12.264150943396226,221150,True,221150,VERA MENDES,PI,2025,0,0,4,4,199,199,9,9,212,212,-,1.89%,93.87%,4.25%,False,1,4,1.8867924528301887,True,2211506,Vera Mendes (PI),0.522,0.244,0.536,0.785,0.503,0.685,0.375,0.494,0.198,0.516,True,2211506,Vera Mendes,881.0,192.0,21.8,271.0,30.8,True,2211506,2211506,VERA MENDES,PI,Nordeste,21.793416572077184,-0.006583427922816298,30.760499432463114,-0.03950056753688713,2025-01,21.793416572077184,21.8,192.0,True,True,True,True,True,True,True,True,True,True,True,ambos desfavoráveis,True,3,True,Convergência nas três dimensões,média,DPI ≥ referência,,com_PBF,0.75,20,72,42,72,0.5833333333333334
221160,VILA NOVA DO PIAUI,PI,2025,5,5,8,8,133,133,146,146,3.42%,5.48%,91.1%,False,1,13,8.904109589041095,221160,True,221160,VILA NOVA DO PIAUI,PI,2025,1,1,2,2,133,133,10,10,146,146,0.68%,1.37%,91.1%,6.85%,False,1,3,2.054794520547945,True,2211605,Vila Nova do Piauí (PI),0.439,0.175,0.604,0.539,0.565,0.685,0.471,0.559,0.316,0.575,True,2211605,Vila Nova do Piauí,559.0,82.0,14.7,166.0,29.7,True,2211605,2211605,VILA NOVA DO PIAUI,PI,Nordeste,14.669051878354203,-0.03094812164579608,29.695885509838998,-0.004114490161001072,2025-01,14.669051878354203,14.7,82.0,True,True,True,True,True,True,True,True,True,True,True,ambos desfavoráveis,True,3,True,Convergência nas três dimensões,baixa,DPI ≥ referência,,com_PBF,0.75,20,72,18,72,0.25
411325,LARANJAL,PR,2025,20,20,21,21,345,345,386,386,5.18%,5.44%,89.38%,False,1,41,10.621761658031089,411325,True,411325,LARANJAL,PR,2025,3,3,5,5,292,292,86,86,386,386,0.78%,1.3%,75.65%,22.28%,False,1,8,2.072538860103627,True,4113254,Laranjal (PR),0.4069999999999999,0.171,0.491,0.559,0.5849999999999999,0.79,0.436,0.581,0.261,0.564,True,4113254,Laranjal,1009.0,115.0,11.4,254.0,25.2,True,4113254,4113254,LARANJAL,PR,Sul,11.397423191278493,-0.002576808721507007,25.173439048562933,-0.02656095143706594,2025-01,11.397423191278493,11.4,115.0,True,True,True,True,True,True,True,True,True,True,True,ambos desfavoráveis,True,3,True,Convergência nas três dimensões,média,DPI ≥ referência,,com_PBF,0.75,20,72,30,72,0.4166666666666667
240150,BARCELONA,RN,2025,16,16,5,5,186,186,207,207,7.73%,2.42%,89.86%,False,1,21,10.144927536231885,240150,True,240150,BARCELONA,RN,2025,7,7,5,5,176,176,19,19,207,207,3.38%,2.42%,85.02%,9.18%,False,1,12,5.797101449275362,True,2401503,Barcelona (RN),0.465,0.226,0.588,0.58,0.566,0.726,0.442,0.564,0.28,0.555,True,2401503,Barcelona,683.0,84.0,12.3,61.0,8.9,True,2401503,2401503,BARCELONA,RN,Nordeste,12.298682284040996,-0.0013177159590043175,8.931185944363104,0.031185944363103957,2025-01,12.298682284040996,12.3,84.0,True,True,True,True,True,True,True,True,True,True,True,ambos desfavoráveis,True,3,True,Convergência nas três dimensões,média,DPI ≥ referência,,com_PBF,0.75,20,72,18,72,0.25
240185,CAICARA DO NORTE,RN,2025,13,13,22,22,323,323,358,358,3.63%,6.15%,90.22%,False,1,35,9.776536312849162,240185,True,240185,CAICARA DO NORTE,RN,2025,3,3,4,4,319,319,32,32,358,358,0.84%,1.12%,89.11%,8.94%,False,1,7,1.9553072625698324,True,2401859,Caiçara do Norte (RN),0.509,0.483,0.571,0.473,0.574,0.727,0.454,0.572,0.299,0.559,True,2401859,Caiçara do Norte,1012.0,171.0,16.9,47.0,4.6,True,2401859,2401859,CAICARA DO NORTE,RN,Nordeste,16.897233201581027,-0.002766798418971206,4.644268774703558,0.044268774703557945,2025-01,16.897233201581027,16.9,171.0,True,True,True,True,True,True,True,True,True,True,True,ambos desfavoráveis,True,3,True,Convergência nas três dimensões,baixa,DPI ≥ referência,,com_PBF,0.75,20,72,12,72,0.16666666666666666
240375,FERNANDO PEDROZA,RN,2025,2,2,10,10,138,138,150,150,1.33%,6.67%,92%,False,1,12,8.0,240375,True,240375,FERNANDO PEDROZA,RN,2025,0,0,3,3,126,126,21,21,150,150,-,2%,84%,14%,False,1,3,2.0,True,2403756,Fernando Pedroza (RN),0.438,0.242,0.484,0.587,0.5969999999999999,0.727,0.519,0.565,0.393,0.597,True,2403756,Fernando Pedroza,744.0,126.0,16.9,87.0,11.7,True,2403756,2403756,FERNANDO PEDROZA,RN,Nordeste,16.93548387096774,0.03548387096774164,11.693548387096774,-0.006451612903225268,2025-01,16.93548387096774,16.9,126.0,True,True,True,True,True,True,True,True,True,True,True,ambos desfavoráveis,True,3,True,Convergência nas três dimensões,baixa,DPI ≥ referência,,com_PBF,0.75,20,72,12,72,0.16666666666666666
240580,JOAO CAMARA,RN,2025,101,101,124,124,1738,1.738,1963,1.963,5.15%,6.32%,88.54%,True,1,225,11.462047885888946,240580,True,240580,JOAO CAMARA,RN,2025,11,11,43,43,1694,1694,215,215,1963,1963,0.56%,2.19%,86.3%,10.95%,False,1,54,2.750891492613347,True,2405801,João Câmara (RN),0.508,0.402,0.57,0.553,0.5949999999999999,0.724,0.484,0.6,0.334,0.582,True,2405801,João Câmara,4686.0,527.0,11.2,1092.0,23.3,True,2405801,2405801,JOAO CAMARA,RN,Nordeste,11.246265471617583,0.0462654716175841,23.30345710627401,0.003457106274009192,2025-01,11.246265471617583,11.2,527.0,True,True,True,True,True,True,True,True,True,True,True,ambos desfavoráveis,True,3,True,Convergência nas três dimensões,média,DPI ≥ referência,,com_PBF,0.75,20,72,24,72,0.3333333333333333
240630,LAGOA DE PEDRAS,RN,2025,20,20,21,21,435,435,476,476,4.2%,4.41%,91.39%,False,1,41,8.61344537815126,240630,True,240630,LAGOA DE PEDRAS,RN,2025,8,8,5,5,421,421,42,42,476,476,1.68%,1.05%,88.45%,8.82%,False,1,13,2.73109243697479,True,2406304,Lagoa de Pedras (RN),0.46,0.267,0.531,0.582,0.553,0.734,0.436,0.529,0.244,0.583,True,2406304,Lagoa de Pedras,1590.0,247.0,15.5,408.0,25.7,True,2406304,2406304,LAGOA DE PEDRAS,RN,Nordeste,15.534591194968552,0.03459119496855223,25.660377358490567,-0.039622641509431844,2025-01,15.534591194968552,15.5,247.0,True,True,True,True,True,True,True,True,True,True,True,ambos desfavoráveis,True,3,True,Convergência nas três dimensões,baixa,DPI ≥ referência,,com_PBF,0.75,20,72,21,72,0.2916666666666667
240660,LAGOA SALGADA,RN,2025,28,28,29,29,439,439,496,496,5.65%,5.85%,88.51%,False,1,57,11.491935483870968,240660,True,240660,LAGOA SALGADA,RN,2025,2,2,8,8,433,433,53,53,496,496,0.4%,1.61%,87.3%,10.69%,False,1,10,2.0161290322580645,True,2406601,Lagoa Salgada (RN),0.454,0.23,0.575,0.557,0.5819999999999999,0.771,0.464,0.551,0.3,0.577,True,2406601,Lagoa Salgada,2452.0,375.0,15.3,698.0,28.5,True,2406601,2406601,LAGOA SALGADA,RN,Nordeste,15.293637846655791,-0.006362153344209531,28.466557911908648,-0.03344208809135196,2025-01,15.293637846655791,15.3,375.0,True,True,True,True,True,True,True,True,True,True,True,ambos desfavoráveis,True,3,True,Convergência nas três dimensões,média,DPI ≥ referência,,com_PBF,0.75,20,72,42,72,0.5833333333333334
240980,PEDRO VELHO,RN,2025,37,37,70,70,601,601,708,708,5.23%,9.89%,84.89%,False,1,107,15.112994350282486,240980,True,240980,PEDRO VELHO,RN,2025,8,8,12,12,612,612,76,76,708,708,1.13%,1.69%,86.44%,10.73%,False,1,20,2.824858757062147,True,2409803,Pedro Velho (RN),0.512,0.359,0.572,0.605,0.568,0.738,0.442,0.562,0.276,0.559,True,2409803,Pedro Velho,2749.0,383.0,13.9,446.0,16.2,True,2409803,2409803,PEDRO VELHO,RN,Nordeste,13.93233903237541,0.03233903237540936,16.224081484176065,0.02408148417606526,2025-01,13.93233903237541,13.9,383.0,True,True,True,True,True,True,True,True,True,True,True,ambos desfavoráveis,True,3,True,Convergência nas três dimensões,média,DPI ≥ referência,,com_PBF,0.75,20,72,27,72,0.375
241010,POCO BRANCO,RN,2025,28,28,38,38,573,573,639,639,4.38%,5.95%,89.67%,False,1,66,10.328638497652582,241010,True,241010,POCO BRANCO,RN,2025,9,9,13,13,560,560,57,57,639,639,1.41%,2.03%,87.64%,8.92%,False,1,22,3.4428794992175273,True,2410108,Poço Branco (RN),0.4859999999999999,0.311,0.659,0.489,0.5869999999999999,0.766,0.471,0.562,0.321,0.57,True,2410108,Poço Branco,1843.0,216.0,11.7,346.0,18.8,True,2410108,2410108,POCO BRANCO,RN,Nordeste,11.720021703743896,0.02002170374389678,18.773738469886055,-0.026261530113945497,2025-01,11.720021703743896,11.7,216.0,True,True,True,True,True,True,True,True,True,True,True,ambos desfavoráveis,True,3,True,Convergência nas três dimensões,média,DPI ≥ referência,,com_PBF,0.75,20,72,12,72,0.16666666666666666
240895,RIO DO FOGO,RN,2025,44,44,81,81,735,735,860,860,5.12%,9.42%,85.47%,False,1,125,14.534883720930234,240895,True,240895,RIO DO FOGO,RN,2025,3,3,16,16,756,756,85,85,860,860,0.35%,1.86%,87.91%,9.88%,False,1,19,2.2093023255813953,True,2408953,Rio do Fogo (RN),0.406,0.165,0.552,0.501,0.569,0.738,0.457,0.546,0.302,0.562,True,2408953,Rio do Fogo,2023.0,268.0,13.2,396.0,19.6,True,2408953,2408953,RIO DO FOGO,RN,Nordeste,13.247652001977261,0.04765200197726216,19.57488877904103,-0.02511122095897278,2025-01,13.247652001977261,13.2,268.0,True,True,True,True,True,True,True,True,True,True,True,ambos desfavoráveis,True,3,True,Convergência nas três dimensões,média,DPI ≥ referência,,com_PBF,0.75,20,72,27,72,0.375
110033,NOVA MAMORE,RO,2025,51,51,78,78,1357,1.357,1486,1.486,3.43%,5.25%,91.32%,True,1,129,8.681022880215343,110033,True,110033,NOVA MAMORE,RO,2025,7,7,26,26,1364,1364,89,89,1486,1486,0.47%,1.75%,91.79%,5.99%,False,1,33,2.220726783310902,True,1100338,Nova Mamoré (RO),0.4739999999999999,0.438,0.565,0.42,0.5869999999999999,0.769,0.424,0.619,0.294,0.51,True,1100338,Nova Mamoré,2786.0,340.0,12.2,1261.0,45.3,True,1100338,1100338,NOVA MAMORE,RO,Norte,12.203876525484565,0.0038765254845660735,45.262024407753046,-0.03797559224695135,2025-01,12.203876525484565,12.2,340.0,True,True,True,True,True,True,True,True,True,True,True,ambos desfavoráveis,True,3,True,Convergência nas três dimensões,baixa,DPI ≥ referência,,com_PBF,0.75,20,72,21,72,0.2916666666666667
140005,ALTO ALEGRE,RR,2025,60,60,85,85,904,904,1049,1.049,5.72%,8.1%,86.18%,True,1,145,13.822688274547188,140005,True,140005,ALTO ALEGRE,RR,2025,13,13,19,19,979,979,38,38,1049,1049,1.24%,1.81%,93.33%,3.62%,False,1,32,3.0505243088655862,True,1400050,Alto Alegre (RR),0.5869999999999999,0.308,0.784,0.669,0.542,0.813,0.379,0.518,0.311,0.418,True,1400050,Alto Alegre,2309.0,299.0,12.9,1322.0,57.3,True,1400050,1400050,ALTO ALEGRE,RR,Norte,12.949328713728885,0.04932871372888492,57.25422260718926,-0.04577739281073434,2025-01,12.949328713728885,12.9,299.0,True,True,True,True,True,True,True,True,True,True,True,ambos desfavoráveis,True,3,True,Convergência nas três dimensões,média,DPI ≥ referência,,com_PBF,0.75,20,72,63,72,0.875
140002,AMAJARI,RR,2025,32,32,80,80,747,747,859,859,3.73%,9.31%,86.96%,False,1,112,13.038416763678695,140002,True,140002,AMAJARI,RR,2025,4,4,24,24,795,795,36,36,859,859,0.47%,2.79%,92.55%,4.19%,False,1,28,3.259604190919674,True,1400027,Amajari (RR),0.628,0.366,0.815,0.702,0.4839999999999999,0.815,0.319,0.437,0.239,0.368,True,1400027,Amajari,1612.0,258.0,16.0,935.0,58.0,True,1400027,1400027,AMAJARI,RR,Norte,16.00496277915633,0.004962779156329589,58.002481389578165,0.0024813895781647943,2025-01,16.00496277915633,16.0,258.0,True,True,True,True,True,True,True,True,True,True,True,ambos desfavoráveis,True,3,True,Convergência nas três dimensões,média,DPI ≥ referência,,com_PBF,0.75,20,72,72,72,1.0
140040,NORMANDIA,RR,2025,371,371,380,380,1409,1.409,2160,2.16,17.18%,17.59%,65.23%,True,1,751,34.76851851851852,140040,True,140040,NORMANDIA,RR,2025,42,42,94,94,1877,1877,147,147,2160,2160,1.94%,4.35%,86.9%,6.81%,False,1,136,6.296296296296296,True,1400407,Normandia (RR),0.685,0.668,0.668,0.718,0.5939999999999999,0.801,0.502,0.52,0.425,0.545,True,1400407,Normandia,2733.0,411.0,15.0,965.0,35.3,True,1400407,1400407,NORMANDIA,RR,Norte,15.0384193194292,0.03841931942920063,35.30918404683498,0.00918404683498153,2025-01,15.0384193194292,15.0,411.0,True,True,True,True,True,True,True,True,True,True,True,ambos desfavoráveis,True,3,True,Convergência nas três dimensões,muito alta,DPI ≥ referência,,com_PBF,0.75,20,72,72,72,1.0
280070,BREJO GRANDE,SE,2025,17,17,33,33,334,334,384,384,4.43%,8.59%,86.98%,False,1,50,13.020833333333334,280070,True,280070,BREJO GRANDE,SE,2025,0,0,15,15,327,327,42,42,384,384,-,3.91%,85.16%,10.94%,False,1,15,3.90625,True,2800704,Brejo Grande (SE),0.6049999999999999,0.586,0.672,0.557,0.54,0.701,0.435,0.515,0.284,0.539,True,2800704,Brejo Grande,1245.0,148.0,11.9,300.0,24.1,True,2800704,2800704,BREJO GRANDE,SE,Nordeste,11.887550200803213,-0.012449799196787126,24.096385542168676,-0.003614457831325524,2025-01,11.887550200803213,11.9,148.0,True,True,True,True,True,True,True,True,True,True,True,ambos desfavoráveis,True,3,True,Convergência nas três dimensões,média,DPI ≥ referência,,com_PBF,0.75,20,72,36,72,0.5
280140,CARIRA,SE,2025,75,75,60,60,989,989,1124,1.124,6.67%,5.34%,87.99%,True,1,135,12.01067615658363,280140,True,280140,CARIRA,SE,2025,15,15,36,36,962,962,111,111,1124,1124,1.33%,3.2%,85.59%,9.88%,False,1,51,4.537366548042705,True,2801405,Carira (SE),0.453,0.291,0.559,0.509,0.5879999999999999,0.791,0.442,0.581,0.268,0.568,True,2801405,Carira,3419.0,406.0,11.9,1284.0,37.6,True,2801405,2801405,CARIRA,SE,Nordeste,11.874817198011115,-0.025182801988885117,37.55484059666569,-0.0451594033343099,2025-01,11.874817198011115,11.9,406.0,True,True,True,True,True,True,True,True,True,True,True,ambos desfavoráveis,True,3,True,Convergência nas três dimensões,média,DPI ≥ referência,,com_PBF,0.75,20,72,36,72,0.5
280170,CRISTINAPOLIS,SE,2025,76,76,62,62,735,735,873,873,8.71%,7.1%,84.19%,False,1,138,15.807560137457044,280170,True,280170,CRISTINAPOLIS,SE,2025,6,6,24,24,753,753,90,90,873,873,0.69%,2.75%,86.25%,10.31%,False,1,30,3.436426116838488,True,2801702,Cristinápolis (SE),0.552,0.535,0.575,0.545,0.553,0.755,0.414,0.54,0.271,0.512,True,2801702,Cristinápolis,3282.0,401.0,12.2,861.0,26.2,True,2801702,2801702,CRISTINAPOLIS,SE,Nordeste,12.218159658744668,0.018159658744668405,26.23400365630713,0.034003656307131536,2025-01,12.218159658744668,12.2,401.0,True,True,True,True,True,True,True,True,True,True,True,ambos desfavoráveis,True,3,True,Convergência nas três dimensões,média,DPI ≥ referência,,com_PBF,0.75,20,72,54,72,0.75
280220,FEIRA NOVA,SE,2025,19,19,14,14,331,331,364,364,5.22%,3.85%,90.93%,False,1,33,9.065934065934066,280220,True,280220,FEIRA NOVA,SE,2025,1,1,8,8,328,328,27,27,364,364,0.27%,2.2%,90.11%,7.42%,False,1,9,2.4725274725274726,True,2802205,Feira Nova (SE),0.434,0.081,0.593,0.627,0.5839999999999999,0.773,0.473,0.546,0.307,0.587,True,2802205,Feira Nova,1063.0,182.0,17.1,313.0,29.4,True,2802205,2802205,FEIRA NOVA,SE,Nordeste,17.121354656632175,0.021354656632173175,29.44496707431797,0.0449670743179702,2025-01,17.121354656632175,17.1,182.0,True,True,True,True,True,True,True,True,True,True,True,ambos desfavoráveis,True,3,True,Convergência nas três dimensões,baixa,DPI ≥ referência,,com_PBF,0.75,20,72,21,72,0.2916666666666667
280240,GARARU,SE,2025,31,31,39,39,616,616,686,686,4.52%,5.69%,89.8%,False,1,70,10.204081632653061,280240,True,280240,GARARU,SE,2025,3,3,16,16,612,612,55,55,686,686,0.44%,2.33%,89.21%,8.02%,False,1,19,2.7696793002915454,True,2802403,Gararu (SE),0.4689999999999999,0.335,0.589,0.482,0.564,0.783,0.422,0.544,0.263,0.534,True,2802403,Gararu,2629.0,692.0,26.3,912.0,34.7,True,2802403,2802403,GARARU,SE,Nordeste,26.321795359452267,0.021795359452266183,34.68999619627235,-0.01000380372765619,2025-01,26.321795359452267,26.3,692.0,True,True,True,True,True,True,True,True,True,True,True,ambos desfavoráveis,True,3,True,Convergência nas três dimensões,média,DPI ≥ referência,,com_PBF,0.75,20,72,48,72,0.6666666666666666
280260,GRACHO CARDOSO,SE,2025,36,36,20,20,296,296,352,352,10.23%,5.68%,84.09%,False,1,56,15.909090909090908,280260,True,280260,GRACHO CARDOSO,SE,2025,3,3,5,5,294,294,50,50,352,352,0.85%,1.42%,83.52%,14.2%,False,1,8,2.272727272727273,True,2802601,Gracho Cardoso (SE),0.4229999999999999,0.121,0.601,0.546,0.5769999999999998,0.729,0.468,0.562,0.283,0.602,True,2802601,Gracho Cardoso,1989.0,322.0,16.2,357.0,17.9,True,2802601,2802601,GRACHO CARDOSO,SE,Nordeste,16.189039718451482,-0.010960281548516804,17.94871794871795,0.04871794871795032,2025-01,16.189039718451482,16.2,322.0,True,True,True,True,True,True,True,True,True,True,True,ambos desfavoráveis,True,3,True,Convergência nas três dimensões,média,DPI ≥ referência,,com_PBF,0.75,20,72,36,72,0.5
280340,JAPOATA,SE,2025,62,62,60,60,848,848,970,970,6.39%,6.19%,87.42%,False,1,122,12.577319587628866,280340,True,280340,JAPOATA,SE,2025,7,7,11,11,844,844,108,108,970,970,0.72%,1.13%,87.01%,11.13%,False,1,18,1.8556701030927836,True,2803401,Japoatã (SE),0.466,0.298,0.634,0.465,0.56,0.7,0.455,0.551,0.295,0.566,True,2803401,Japoatã,2967.0,377.0,12.7,799.0,26.9,True,2803401,2803401,JAPOATA,SE,Nordeste,12.706437478934951,0.006437478934952168,26.929558476575664,0.029558476575665793,2025-01,12.706437478934951,12.7,377.0,True,True,True,True,True,True,True,True,True,True,True,ambos desfavoráveis,True,3,True,Convergência nas três dimensões,média,DPI ≥ referência,,com_PBF,0.75,20,72,54,72,0.75
280420,MONTE ALEGRE DE SERGIPE,SE,2025,58,58,81,81,852,852,991,991,5.85%,8.17%,85.97%,False,1,139,14.026236125126134,280420,True,280420,MONTE ALEGRE DE SERGIPE,SE,2025,7,7,14,14,861,861,109,109,991,991,0.71%,1.41%,86.88%,11%,False,1,21,2.119071644803229,True,2804201,Monte Alegre de Sergipe (SE),0.4909999999999999,0.281,0.628,0.564,0.553,0.726,0.431,0.539,0.276,0.538,True,2804201,Monte Alegre de Sergipe,3518.0,561.0,15.9,938.0,26.7,True,2804201,2804201,MONTE ALEGRE DE SERGIPE,SE,Nordeste,15.94656054576464,0.04656054576464008,26.662876634451393,-0.03712336554860585,2025-01,15.94656054576464,15.9,561.0,True,True,True,True,True,True,True,True,True,True,True,ambos desfavoráveis,True,3,True,Convergência nas três dimensões,média,DPI ≥ referência,,com_PBF,0.75,20,72,63,72,0.875
280510,PEDRINHAS,SE,2025,35,35,32,32,430,430,497,497,7.04%,6.44%,86.52%,False,1,67,13.480885311871226,280510,True,280510,PEDRINHAS,SE,2025,4,4,9,9,423,423,61,61,497,497,0.8%,1.81%,85.11%,12.27%,False,1,13,2.61569416498994,True,2805109,Pedrinhas (SE),0.544,0.592,0.535,0.505,0.5919999999999999,0.75,0.486,0.568,0.337,0.583,True,2805109,Pedrinhas,2985.0,329.0,11.0,1325.0,44.4,True,2805109,2805109,PEDRINHAS,SE,Nordeste,11.021775544388609,0.021775544388608736,44.388609715242886,-0.011390284757112568,2025-01,11.021775544388609,11.0,329.0,True,True,True,True,True,True,True,True,True,True,True,ambos desfavoráveis,True,3,True,Convergência nas três dimensões,média,DPI ≥ referência,,com_PBF,0.75,20,72,54,72,0.75
280520,PINHAO,SE,2025,18,18,14,14,292,292,324,324,5.56%,4.32%,90.12%,False,1,32,9.876543209876543,280520,True,280520,PINHAO,SE,2025,2,2,8,8,288,288,26,26,324,324,0.62%,2.47%,88.89%,8.02%,False,1,10,3.0864197530864197,True,2805208,Pinhão (SE),0.4189999999999999,0.255,0.553,0.449,0.5829999999999999,0.711,0.48,0.58,0.316,0.592,True,2805208,Pinhão,1246.0,178.0,14.3,396.0,31.8,True,2805208,2805208,PINHAO,SE,Nordeste,14.285714285714285,-0.014285714285716011,31.781701444622794,-0.018298555377207038,2025-01,14.285714285714285,14.3,178.0,True,True,True,True,True,True,True,True,True,True,True,ambos desfavoráveis,True,3,True,Convergência nas três dimensões,baixa,DPI ≥ referência,,com_PBF,0.75,20,72,21,72,0.2916666666666667
280540,POCO REDONDO,SE,2025,122,122,178,178,1773,1.773,2073,2.073,5.89%,8.59%,85.53%,True,1,300,14.47178002894356,280540,True,280540,POCO REDONDO,SE,2025,10,10,47,47,1817,1817,200,200,2074,2074,0.48%,2.27%,87.61%,9.64%,False,1,57,2.74831243972999,True,2805406,Poço Redondo (SE),0.498,0.257,0.647,0.589,0.529,0.76,0.376,0.519,0.222,0.489,True,2805406,Poço Redondo,5913.0,853.0,14.4,1226.0,20.7,True,2805406,2805406,POCO REDONDO,SE,Nordeste,14.425841366480634,0.025841366480634065,20.733975985117535,0.033975985117535856,2025-01,14.425841366480634,14.4,853.0,True,True,True,True,True,True,True,True,True,True,True,ambos desfavoráveis,True,3,True,Convergência nas três dimensões,média,DPI ≥ referência,,com_PBF,0.75,20,72,27,72,0.375
280550,POCO VERDE,SE,2025,26,26,53,53,1015,1.015,1094,1.094,2.38%,4.84%,92.78%,True,1,79,7.221206581352833,280550,True,280550,POCO VERDE,SE,2025,11,11,24,24,991,991,68,68,1094,1094,1.01%,2.19%,90.59%,6.22%,False,1,35,3.19926873857404,True,2805505,Poço Verde (SE),0.443,0.218,0.548,0.562,0.561,0.751,0.417,0.563,0.238,0.552,True,2805505,Poço Verde,3654.0,474.0,13.0,404.0,11.1,True,2805505,2805505,POCO VERDE,SE,Nordeste,12.97208538587849,-0.027914614121510084,11.056376573617953,-0.043623426382046304,2025-01,12.97208538587849,13.0,474.0,True,True,True,True,True,True,True,True,True,True,True,ambos desfavoráveis,True,3,True,Convergência nas três dimensões,baixa,DPI ≥ referência,,com_PBF,0.75,20,72,9,72,0.125
280560,PORTO DA FOLHA,SE,2025,178,178,182,182,1482,1.482,1842,1.842,9.66%,9.88%,80.46%,True,1,360,19.54397394136808,280560,True,280560,PORTO DA FOLHA,SE,2025,47,47,71,71,1576,1576,148,148,1842,1842,2.55%,3.85%,85.56%,8.03%,False,1,118,6.406080347448426,True,2805604,Porto da Folha (SE),0.4739999999999999,0.228,0.612,0.582,0.568,0.739,0.462,0.537,0.316,0.559,True,2805604,Porto da Folha,5739.0,1001.0,17.4,1680.0,29.3,True,2805604,2805604,PORTO DA FOLHA,SE,Nordeste,17.442063077191147,0.042063077191148324,29.273392577104023,-0.02660742289597806,2025-01,17.442063077191147,17.4,1001.0,True,True,True,True,True,True,True,True,True,True,True,ambos desfavoráveis,True,3,True,Convergência nas três dimensões,média,DPI ≥ referência,,com_PBF,0.75,20,72,63,72,0.875
280580,RIACHAO DO DANTAS,SE,2025,43,43,61,61,839,839,943,943,4.56%,6.47%,88.97%,False,1,104,11.028632025450689,280580,True,280580,RIACHAO DO DANTAS,SE,2025,10,10,19,19,759,759,155,155,943,943,1.06%,2.01%,80.49%,16.44%,False,1,29,3.0752916224814424,True,2805802,Riachão do Dantas (SE),0.4919999999999999,0.373,0.595,0.509,0.539,0.781,0.381,0.527,0.219,0.503,True,2805802,Riachão do Dantas,3873.0,478.0,12.3,1302.0,33.6,True,2805802,2805802,RIACHAO DO DANTAS,SE,Nordeste,12.341853860056803,0.04185386005680236,33.61735089078234,0.01735089078233898,2025-01,12.341853860056803,12.3,478.0,True,True,True,True,True,True,True,True,True,True,True,ambos desfavoráveis,True,3,True,Convergência nas três dimensões,média,DPI ≥ referência,,com_PBF,0.75,20,72,42,72,0.5833333333333334
280700,SAO MIGUEL DO ALEIXO,SE,2025,4,4,14,14,171,171,189,189,2.12%,7.41%,90.48%,False,1,18,9.523809523809524,280700,True,280700,SAO MIGUEL DO ALEIXO,SE,2025,0,0,5,5,164,164,20,20,189,189,-,2.65%,86.77%,10.58%,False,1,5,2.6455026455026456,True,2807006,São Miguel do Aleixo (SE),0.4789999999999999,0.365,0.564,0.508,0.567,0.753,0.424,0.571,0.254,0.548,True,2807006,São Miguel do Aleixo,1120.0,209.0,18.7,416.0,37.1,True,2807006,2807006,SAO MIGUEL DO ALEIXO,SE,Nordeste,18.660714285714285,-0.03928571428571459,37.142857142857146,0.04285714285714448,2025-01,18.660714285714285,18.7,209.0,True,True,True,True,True,True,True,True,True,True,True,ambos desfavoráveis,True,3,True,Convergência nas três dimensões,baixa,DPI ≥ referência,,com_PBF,0.75,20,72,24,72,0.3333333333333333
170130,ARAGOMINAS,TO,2025,18,18,23,23,264,264,305,305,5.9%,7.54%,86.56%,False,1,41,13.442622950819672,170130,True,170130,ARAGOMINAS,TO,2025,1,1,14,14,265,265,25,25,305,305,0.33%,4.59%,86.89%,8.2%,False,1,15,4.918032786885246,True,1701309,Aragominas (TO),0.456,0.315,0.456,0.597,0.5929999999999999,0.739,0.461,0.611,0.303,0.568,True,1701309,Aragominas,1157.0,141.0,12.2,299.0,25.8,True,1701309,1701309,ARAGOMINAS,TO,Norte,12.186689714779602,-0.013310285220397233,25.842696629213485,0.04269662921348427,2025-01,12.186689714779602,12.2,141.0,True,True,True,True,True,True,True,True,True,True,True,ambos desfavoráveis,True,3,True,Convergência nas três dimensões,média,DPI ≥ referência,,com_PBF,0.75,20,72,54,72,0.75
170410,CENTENARIO,TO,2025,7,7,2,2,61,61,70,70,10%,2.86%,87.14%,False,1,9,12.857142857142856,170410,True,170410,CENTENARIO,TO,2025,0,0,3,3,66,66,1,1,70,70,-,4.29%,94.29%,1.43%,False,1,3,4.285714285714286,True,1704105,Centenário (TO),0.51,0.307,0.536,0.687,0.569,0.7,0.461,0.571,0.353,0.526,True,1704105,Centenário,388.0,68.0,17.5,110.0,28.4,True,1704105,1704105,CENTENARIO,TO,Norte,17.525773195876287,0.025773195876286792,28.350515463917525,-0.04948453608247405,2025-01,17.525773195876287,17.5,68.0,True,True,True,True,True,True,True,True,True,True,True,ambos desfavoráveis,True,3,True,Convergência nas três dimensões,média,DPI ≥ referência,,com_PBF,0.75,20,48,42,72,0.5833333333333334
170650,DARCINOPOLIS,TO,2025,18,18,33,33,390,390,441,441,4.08%,7.48%,88.44%,False,1,51,11.564625850340136,170650,True,170650,DARCINOPOLIS,TO,2025,5,5,14,14,394,394,28,28,441,441,1.13%,3.17%,89.34%,6.35%,False,1,19,4.308390022675737,True,1706506,Darcinópolis (TO),0.465,0.301,0.649,0.444,0.5809999999999998,0.764,0.429,0.597,0.314,0.502,True,1706506,Darcinópolis,1144.0,165.0,14.4,416.0,36.4,True,1706506,1706506,DARCINOPOLIS,TO,Norte,14.423076923076922,0.02307692307692122,36.36363636363637,-0.03636363636363171,2025-01,14.423076923076922,14.4,165.0,True,True,True,True,True,True,True,True,True,True,True,ambos desfavoráveis,True,3,True,Convergência nas três dimensões,média,DPI ≥ referência,,com_PBF,0.75,20,72,42,72,0.5833333333333334
170740,ESPERANTINA,TO,2025,29,29,47,47,521,521,597,597,4.86%,7.87%,87.27%,False,1,76,12.73031825795645,170740,True,170740,ESPERANTINA,TO,2025,5,5,23,23,536,536,33,33,597,597,0.84%,3.85%,89.78%,5.53%,False,1,28,4.690117252931323,True,1707405,Esperantina (TO),0.6159999999999999,0.588,0.577,0.684,0.57,0.715,0.524,0.495,0.37,0.623,True,1707405,Esperantina,1910.0,289.0,15.1,1061.0,55.5,True,1707405,1707405,ESPERANTINA,TO,Norte,15.130890052356023,0.030890052356022935,55.54973821989528,0.04973821989528204,2025-01,15.130890052356023,15.1,289.0,True,True,True,True,True,True,True,True,True,True,True,ambos desfavoráveis,True,3,True,Convergência nas três dimensões,média,DPI ≥ referência,,com_PBF,0.75,20,72,72,72,1.0
170900,GOIATINS,TO,2025,41,41,66,66,870,870,977,977,4.2%,6.76%,89.05%,False,1,107,10.951893551688844,170900,True,170900,GOIATINS,TO,2025,6,6,22,22,894,894,55,55,977,977,0.61%,2.25%,91.5%,5.63%,False,1,28,2.865916069600819,True,1709005,Goiatins (TO),0.556,0.419,0.632,0.618,0.5759999999999998,0.765,0.462,0.541,0.339,0.54,True,1709005,Goiatins,2129.0,251.0,11.8,1061.0,49.8,True,1709005,1709005,GOIATINS,TO,Norte,11.789572569281352,-0.010427430718648267,49.83560356975106,0.035603569751060604,2025-01,11.789572569281352,11.8,251.0,True,True,True,True,True,True,True,True,True,True,True,ambos desfavoráveis,True,3,True,Convergência nas três dimensões,média,DPI ≥ referência,,com_PBF,0.75,20,72,36,72,0.5
171195,LAGOA DO TOCANTINS,TO,2025,15,15,22,22,294,294,331,331,4.53%,6.65%,88.82%,False,1,37,11.178247734138973,171195,True,171195,LAGOA DO TOCANTINS,TO,2025,4,4,9,9,303,303,15,15,331,331,1.21%,2.72%,91.54%,4.53%,False,1,13,3.927492447129909,True,1711951,Lagoa do Tocantins (TO),0.45,0.195,0.615,0.541,0.5789999999999998,0.758,0.471,0.543,0.338,0.556,True,1711951,Lagoa do Tocantins,670.0,92.0,13.7,249.0,37.2,True,1711951,1711951,LAGOA DO TOCANTINS,TO,Norte,13.73134328358209,0.03134328358209082,37.16417910447761,-0.03582089552239154,2025-01,13.73134328358209,13.7,92.0,True,True,True,True,True,True,True,True,True,True,True,ambos desfavoráveis,True,3,True,Convergência nas três dimensões,média,DPI ≥ referência,,com_PBF,0.75,20,72,42,72,0.5833333333333334
171570,PALMEIRANTE,TO,2025,32,32,53,53,294,294,379,379,8.44%,13.98%,77.57%,False,1,85,22.427440633245382,171570,True,171570,PALMEIRANTE,TO,2025,2,2,13,13,349,349,15,15,379,379,0.53%,3.43%,92.08%,3.96%,False,1,15,3.95778364116095,True,1715705,Palmeirante (TO),0.562,0.513,0.645,0.528,0.571,0.756,0.436,0.564,0.314,0.513,True,1715705,Palmeirante,1087.0,147.0,13.5,414.0,38.1,True,1715705,1715705,PALMEIRANTE,TO,Norte,13.523459061637535,0.023459061637534973,38.086476540938364,-0.013523459061637766,2025-01,13.523459061637535,13.5,147.0,True,True,True,True,True,True,True,True,True,True,True,ambos desfavoráveis,True,3,True,Convergência nas três dimensões,alta,DPI ≥ referência,,com_PBF,0.75,20,72,63,72,0.875
171620,PARANA,TO,2025,32,32,38,38,472,472,542,542,5.9%,7.01%,87.08%,False,1,70,12.915129151291513,171620,True,171620,PARANA,TO,2025,6,6,21,21,475,475,40,40,542,542,1.11%,3.87%,87.64%,7.38%,False,1,27,4.981549815498155,True,1716208,Paranã (TO),0.556,0.383,0.618,0.666,0.5949999999999999,0.777,0.461,0.588,0.297,0.574,True,1716208,Paranã,2062.0,392.0,19.0,754.0,36.6,True,1716208,1716208,PARANA,TO,Norte,19.01066925315228,0.010669253152279623,36.56644034917556,-0.033559650824443565,2025-01,19.01066925315228,19.0,392.0,True,True,True,True,True,True,True,True,True,True,True,ambos desfavoráveis,True,3,True,Convergência nas três dimensões,média,DPI ≥ referência,,com_PBF,0.75,20,72,72,72,1.0
171850,RECURSOLANDIA,TO,2025,18,18,33,33,268,268,319,319,5.64%,10.34%,84.01%,False,1,51,15.987460815047022,171850,True,171850,RECURSOLANDIA,TO,2025,2,2,4,4,301,301,12,12,319,319,0.63%,1.25%,94.36%,3.76%,False,1,6,1.8808777429467085,True,1718501,Recursolândia (TO),0.508,0.154,0.792,0.578,0.5,0.738,0.345,0.49,0.264,0.394,True,1718501,Recursolândia,943.0,233.0,24.7,436.0,46.2,True,1718501,1718501,RECURSOLANDIA,TO,Norte,24.708377518557796,0.008377518557797003,46.23541887592789,0.035418875927888394,2025-01,24.708377518557796,24.7,233.0,True,True,True,True,True,True,True,True,True,True,True,ambos desfavoráveis,True,3,True,Convergência nas três dimensões,média,DPI ≥ referência,,com_PBF,0.75,20,72,72,72,1.0
172015,SAO FELIX DO TOCANTINS,TO,2025,6,6,6,6,102,102,114,114,5.26%,5.26%,89.47%,False,1,12,10.526315789473683,172015,True,172015,SAO FELIX DO TOCANTINS,TO,2025,2,2,3,3,101,101,8,8,114,114,1.75%,2.63%,88.6%,7.02%,False,1,5,4.385964912280701,True,1720150,São Félix do Tocantins (TO),0.41,0.13,0.599,0.502,0.574,0.771,0.446,0.55,0.349,0.505,True,1720150,São Félix do Tocantins,236.0,36.0,15.3,90.0,38.1,True,1720150,1720150,SAO FELIX DO TOCANTINS,TO,Norte,15.254237288135593,-0.04576271186440728,38.13559322033898,0.03559322033898127,2025-01,15.254237288135593,15.3,36.0,True,True,True,True,True,True,True,True,True,True,True,ambos desfavoráveis,True,3,True,Convergência nas três dimensões,média,DPI ≥ referência,,com_PBF,0.75,20,72,48,72,0.6666666666666666
172030,SAO SEBASTIAO DO TOCANTINS,TO,2025,11,11,21,21,275,275,307,307,3.58%,6.84%,89.58%,False,1,32,10.423452768729643,172030,True,172030,SAO SEBASTIAO DO TOCANTINS,TO,2025,2,2,12,12,273,273,20,20,307,307,0.65%,3.91%,88.93%,6.51%,False,1,14,4.5602605863192185,True,1720309,São Sebastião do Tocantins (TO),0.5909999999999999,0.471,0.66,0.643,0.573,0.748,0.487,0.516,0.354,0.572,True,1720309,São Sebastião do Tocantins,855.0,119.0,13.9,383.0,44.8,True,1720309,1720309,SAO SEBASTIAO DO TOCANTINS,TO,Norte,13.91812865497076,0.018128654970759328,44.7953216374269,-0.004678362573095285,2025-01,13.91812865497076,13.9,119.0,True,True,True,True,True,True,True,True,True,True,True,ambos desfavoráveis,True,3,True,Convergência nas três dimensões,média,DPI ≥ referência,,com_PBF,0.75,20,72,42,72,0.5833333333333334
172110,TOCANTINIA,TO,2025,29,29,46,46,643,643,718,718,4.04%,6.41%,89.55%,False,1,75,10.445682451253482,172110,True,172110,TOCANTINIA,TO,2025,5,5,17,17,660,660,36,36,718,718,0.7%,2.37%,91.92%,5.01%,False,1,22,3.064066852367688,True,1721109,Tocantínia (TO),0.4739999999999999,0.241,0.641,0.54,0.5889999999999999,0.782,0.459,0.57,0.383,0.502,True,1721109,Tocantínia,1114.0,174.0,15.6,727.0,65.3,True,1721109,1721109,TOCANTINIA,TO,Norte,15.61938958707361,0.019389587073609604,65.26032315978456,-0.03967684021543505,2025-01,15.61938958707361,15.6,174.0,True,True,True,True,True,True,True,True,True,True,True,ambos desfavoráveis,True,3,True,Convergência nas três dimensões,média,DPI ≥ referência,,com_PBF,0.75,20,72,48,72,0.6666666666666666
