Fase da vida,Faixa etária,Ano,Região,Código UF,UF,Código IBGE,Município,Altura Muito Baixa para a Idade - Quantidade,Altura Muito Baixa para a Idade - %,Altura Baixa para a Idade - Quantidade,Altura Baixa para a Idade - %,Altura Adequada para a Idade - Quantidade,Altura Adequada para a Idade - %,Déficit de estatura - Quantidade,Déficit de estatura - %,Total avaliado - Altura X Idade,Peso Muito Baixo para a Idade - Quantidade,Peso Muito Baixo para a Idade - %,Peso Baixo para a Idade - Quantidade,Peso Baixo para a Idade - %,Peso Adequado ou Eutrófico - Quantidade,Peso Adequado ou Eutrófico - %,Peso Elevado para a Idade - Quantidade,Peso Elevado para a Idade - %,Déficit de peso para idade - Quantidade,Déficit de peso para idade - %,Total avaliado - Peso X Idade
CRIANÇA,0 a < 5 anos,2025,NORTE,11,RO,110001,ALTA FLORESTA D'OESTE,26,2.35%,62,5.6%,1020,92.06%,88,7.94,1108,6,0.54%,23,2.08%,1022,92.24%,57,5.14%,29,2.62,1108
CRIANÇA,0 a < 5 anos,2025,NORTE,11,RO,110002,ARIQUEMES,73,2.74%,133,4.99%,2458,92.27%,206,7.73,2664,14,0.53%,74,2.78%,2393,89.83%,183,6.87%,88,3.3,2664
CRIANÇA,0 a < 5 anos,2025,NORTE,11,RO,110003,CABIXI,9,3.35%,14,5.2%,246,91.45%,23,8.55,269,2,0.74%,3,1.12%,247,91.82%,17,6.32%,5,1.86,269
CRIANÇA,0 a < 5 anos,2025,NORTE,11,RO,110004,CACOAL,116,2.84%,202,4.95%,3763,92.21%,318,7.79,4081,19,0.47%,82,2.01%,3696,90.54%,285,6.98%,101,2.47,4082
CRIANÇA,0 a < 5 anos,2025,NORTE,11,RO,110005,CEREJEIRAS,14,2.2%,31,4.87%,592,92.94%,45,7.06,637,8,1.26%,21,3.3%,568,89.17%,40,6.28%,29,4.55,637
CRIANÇA,0 a < 5 anos,2025,NORTE,11,RO,110006,COLORADO DO OESTE,33,3.61%,49,5.36%,832,91.03%,82,8.97,914,2,0.22%,13,1.42%,846,92.56%,53,5.8%,15,1.64,914
CRIANÇA,0 a < 5 anos,2025,NORTE,11,RO,110007,CORUMBIARA,8,3.51%,15,6.58%,205,89.91%,23,10.09,228,1,0.44%,3,1.32%,202,88.6%,22,9.65%,4,1.75,228
CRIANÇA,0 a < 5 anos,2025,NORTE,11,RO,110008,COSTA MARQUES,58,6.87%,60,7.11%,726,86.02%,118,13.98,844,11,1.3%,29,3.44%,751,88.98%,53,6.28%,40,4.74,844
CRIANÇA,0 a < 5 anos,2025,NORTE,11,RO,110009,ESPIGAO D'OESTE,39,3.36%,87,7.5%,1034,89.14%,126,10.86,1160,6,0.52%,25,2.16%,1064,91.72%,65,5.6%,31,2.67,1160
CRIANÇA,0 a < 5 anos,2025,NORTE,11,RO,110010,GUAJARA-MIRIM,100,5.08%,167,8.48%,1703,86.45%,267,13.55,1970,25,1.27%,70,3.55%,1796,91.17%,79,4.01%,95,4.82,1970
CRIANÇA,0 a < 5 anos,2025,NORTE,11,RO,110011,JARU,78,2.42%,138,4.28%,3006,93.3%,216,6.7,3222,29,0.9%,65,2.02%,2922,90.69%,206,6.39%,94,2.92,3222
CRIANÇA,0 a < 5 anos,2025,NORTE,11,RO,110012,JI-PARANA,98,1.66%,252,4.27%,5554,94.07%,350,5.93,5904,29,0.49%,108,1.83%,5395,91.38%,372,6.3%,137,2.32,5904
CRIANÇA,0 a < 5 anos,2025,NORTE,11,RO,110013,MACHADINHO D'OESTE,66,4.96%,62,4.66%,1202,90.38%,128,9.62,1330,9,0.68%,33,2.48%,1173,88.26%,114,8.58%,42,3.16,1329
CRIANÇA,0 a < 5 anos,2025,NORTE,11,RO,110014,NOVA BRASILANDIA D'OESTE,38,5.67%,40,5.97%,592,88.36%,78,11.64,670,9,1.34%,21,3.13%,593,88.51%,47,7.01%,30,4.48,670
CRIANÇA,0 a < 5 anos,2025,NORTE,11,RO,110015,OURO PRETO DO OESTE,49,2.91%,75,4.46%,1557,92.62%,124,7.38,1681,3,0.18%,35,2.08%,1554,92.44%,89,5.29%,38,2.26,1681
CRIANÇA,0 a < 5 anos,2025,NORTE,11,RO,110018,PIMENTA BUENO,40,2.17%,87,4.72%,1716,93.11%,127,6.89,1843,13,0.71%,37,2.01%,1687,91.54%,106,5.75%,50,2.71,1843
CRIANÇA,0 a < 5 anos,2025,NORTE,11,RO,110020,PORTO VELHO,630,4.38%,1000,6.95%,12758,88.67%,1630,11.33,14388,91,0.63%,350,2.43%,12969,90.14%,978,6.8%,441,3.07,14388
CRIANÇA,0 a < 5 anos,2025,NORTE,11,RO,110025,PRESIDENTE MEDICI,18,1.77%,51,5.02%,947,93.21%,69,6.79,1016,2,0.2%,10,0.98%,924,90.94%,80,7.87%,12,1.18,1016
CRIANÇA,0 a < 5 anos,2025,NORTE,11,RO,110026,RIO CRESPO,8,3%,13,4.87%,246,92.13%,21,7.87,267,0,-,4,1.5%,242,90.64%,21,7.87%,4,1.5,267
CRIANÇA,0 a < 5 anos,2025,NORTE,11,RO,110028,ROLIM DE MOURA,77,2.85%,111,4.11%,2516,93.05%,188,6.95,2704,16,0.59%,69,2.55%,2442,90.31%,177,6.55%,85,3.14,2704
CRIANÇA,0 a < 5 anos,2025,NORTE,11,RO,110029,SANTA LUZIA D'OESTE,19,7.22%,14,5.32%,230,87.45%,33,12.55,263,2,0.76%,8,3.04%,240,91.25%,13,4.94%,10,3.8,263
CRIANÇA,0 a < 5 anos,2025,NORTE,11,RO,110030,VILHENA,102,1.62%,286,4.54%,5911,93.84%,388,6.16,6299,38,0.6%,91,1.44%,5793,91.97%,377,5.99%,129,2.05,6299
CRIANÇA,0 a < 5 anos,2025,NORTE,11,RO,110032,SAO MIGUEL DO GUAPORE,8,1.86%,21,4.9%,400,93.24%,29,6.76,429,5,1.17%,8,1.86%,378,88.11%,38,8.86%,13,3.03,429
CRIANÇA,0 a < 5 anos,2025,NORTE,11,RO,110033,NOVA MAMORE,51,3.43%,78,5.25%,1357,91.32%,129,8.68,1486,7,0.47%,26,1.75%,1364,91.79%,89,5.99%,33,2.22,1486
CRIANÇA,0 a < 5 anos,2025,NORTE,11,RO,110034,ALVORADA D'OESTE,21,5.12%,22,5.37%,367,89.51%,43,10.49,410,6,1.46%,10,2.44%,376,91.71%,18,4.39%,16,3.9,410
CRIANÇA,0 a < 5 anos,2025,NORTE,11,RO,110037,ALTO ALEGRE DOS PARECIS,6,1.66%,9,2.49%,346,95.84%,15,4.16,361,1,0.28%,2,0.55%,332,91.97%,26,7.2%,3,0.83,361
CRIANÇA,0 a < 5 anos,2025,NORTE,11,RO,110040,ALTO PARAISO,13,2.48%,30,5.73%,481,91.79%,43,8.21,524,3,0.57%,8,1.53%,478,91.22%,35,6.68%,11,2.1,524
CRIANÇA,0 a < 5 anos,2025,NORTE,11,RO,110045,BURITIS,29,3.77%,35,4.55%,705,91.68%,64,8.32,769,4,0.52%,17,2.21%,693,90.12%,55,7.15%,21,2.73,769
CRIANÇA,0 a < 5 anos,2025,NORTE,11,RO,110050,NOVO HORIZONTE DO OESTE,9,3.52%,9,3.52%,238,92.97%,18,7.03,256,0,-,4,1.56%,233,91.02%,19,7.42%,4,1.56,256
CRIANÇA,0 a < 5 anos,2025,NORTE,11,RO,110060,CACAULANDIA,3,1.37%,6,2.74%,210,95.89%,9,4.11,219,0,-,2,0.91%,199,90.87%,18,8.22%,2,0.91,219
CRIANÇA,0 a < 5 anos,2025,NORTE,11,RO,110070,CAMPO NOVO DE RONDONIA,1,0.43%,10,4.29%,222,95.28%,11,4.72,233,0,-,0,-,224,96.14%,9,3.86%,0,0.0,233
CRIANÇA,0 a < 5 anos,2025,NORTE,11,RO,110080,CANDEIAS DO JAMARI,61,4.99%,99,8.1%,1062,86.91%,160,13.09,1222,11,0.9%,21,1.72%,1111,90.92%,79,6.46%,32,2.62,1222
CRIANÇA,0 a < 5 anos,2025,NORTE,11,RO,110090,CASTANHEIRAS,1,1.1%,10,10.99%,80,87.91%,11,12.09,91,0,-,0,-,83,91.21%,8,8.79%,0,0.0,91
CRIANÇA,0 a < 5 anos,2025,NORTE,11,RO,110092,CHUPINGUAIA,25,5.76%,27,6.22%,382,88.02%,52,11.98,434,3,0.69%,6,1.38%,388,89.4%,37,8.53%,9,2.07,434
CRIANÇA,0 a < 5 anos,2025,NORTE,11,RO,110094,CUJUBIM,28,3.65%,46,5.99%,694,90.36%,74,9.64,768,1,0.13%,13,1.69%,700,91.15%,54,7.03%,14,1.82,768
CRIANÇA,0 a < 5 anos,2025,NORTE,11,RO,110100,GOVERNADOR JORGE TEIXEIRA,8,2.97%,14,5.2%,247,91.82%,22,8.18,269,2,0.74%,4,1.49%,239,88.85%,24,8.92%,6,2.23,269
CRIANÇA,0 a < 5 anos,2025,NORTE,11,RO,110110,ITAPUA DO OESTE,16,3.86%,36,8.67%,363,87.47%,52,12.53,415,2,0.48%,8,1.93%,377,90.84%,28,6.75%,10,2.41,415
CRIANÇA,0 a < 5 anos,2025,NORTE,11,RO,110120,MINISTRO ANDREAZZA,11,2.72%,11,2.72%,383,94.57%,22,5.43,405,2,0.49%,7,1.73%,372,91.85%,24,5.93%,9,2.22,405
CRIANÇA,0 a < 5 anos,2025,NORTE,11,RO,110130,MIRANTE DA SERRA,10,1.87%,22,4.11%,503,94.02%,32,5.98,535,1,0.19%,7,1.31%,502,93.83%,25,4.67%,8,1.5,535
CRIANÇA,0 a < 5 anos,2025,NORTE,11,RO,110140,MONTE NEGRO,15,2.64%,24,4.23%,529,93.13%,39,6.87,568,7,1.23%,8,1.41%,510,89.79%,43,7.57%,15,2.64,568
CRIANÇA,0 a < 5 anos,2025,NORTE,11,RO,110143,NOVA UNIAO,8,2.26%,15,4.24%,331,93.5%,23,6.5,354,3,0.85%,6,1.69%,332,93.79%,13,3.67%,9,2.54,354
CRIANÇA,0 a < 5 anos,2025,NORTE,11,RO,110145,PARECIS,9,4.43%,13,6.4%,181,89.16%,22,10.84,203,4,1.97%,7,3.45%,177,87.19%,15,7.39%,11,5.42,203
CRIANÇA,0 a < 5 anos,2025,NORTE,11,RO,110146,PIMENTEIRAS DO OESTE,6,6.06%,3,3.03%,90,90.91%,9,9.09,99,1,1.01%,0,-,90,90.91%,8,8.08%,1,1.01,99
CRIANÇA,0 a < 5 anos,2025,NORTE,11,RO,110147,PRIMAVERA DE RONDONIA,4,2.52%,7,4.4%,148,93.08%,11,6.92,159,0,-,6,3.77%,148,93.08%,5,3.14%,6,3.77,159
CRIANÇA,0 a < 5 anos,2025,NORTE,11,RO,110148,SAO FELIPE D'OESTE,5,2.79%,9,5.03%,165,92.18%,14,7.82,179,0,-,4,2.23%,165,92.18%,10,5.59%,4,2.23,179
CRIANÇA,0 a < 5 anos,2025,NORTE,11,RO,110149,SAO FRANCISCO DO GUAPORE,25,4.7%,33,6.2%,474,89.1%,58,10.9,532,7,1.32%,14,2.63%,469,88.16%,42,7.89%,21,3.95,532
CRIANÇA,0 a < 5 anos,2025,NORTE,11,RO,110150,SERINGUEIRAS,12,2.69%,9,2.02%,425,95.29%,21,4.71,446,0,-,5,1.12%,411,92.15%,30,6.73%,5,1.12,446
CRIANÇA,0 a < 5 anos,2025,NORTE,11,RO,110155,TEIXEIROPOLIS,2,1.04%,3,1.55%,188,97.41%,5,2.59,193,0,-,4,2.07%,178,92.23%,11,5.7%,4,2.07,193
CRIANÇA,0 a < 5 anos,2025,NORTE,11,RO,110160,THEOBROMA,13,4.71%,12,4.35%,251,90.94%,25,9.06,276,2,0.72%,12,4.35%,240,86.96%,22,7.97%,14,5.07,276
CRIANÇA,0 a < 5 anos,2025,NORTE,11,RO,110170,URUPA,3,0.48%,20,3.19%,603,96.33%,23,3.67,626,3,0.48%,7,1.12%,580,92.65%,36,5.75%,10,1.6,626
CRIANÇA,0 a < 5 anos,2025,NORTE,11,RO,110175,VALE DO ANARI,13,3.33%,45,11.54%,332,85.13%,58,14.87,390,0,-,9,2.31%,347,88.97%,34,8.72%,9,2.31,390
CRIANÇA,0 a < 5 anos,2025,NORTE,11,RO,110180,VALE DO PARAISO,3,0.94%,32,10%,285,89.06%,35,10.94,320,0,-,8,2.5%,286,89.38%,26,8.13%,8,2.5,320
CRIANÇA,0 a < 5 anos,2025,NORTE,12,AC,120001,ACRELANDIA,135,12.12%,96,8.62%,883,79.26%,231,20.74,1114,8,0.72%,21,1.89%,1031,92.55%,54,4.85%,29,2.6,1114
CRIANÇA,0 a < 5 anos,2025,NORTE,12,AC,120005,ASSIS BRASIL,111,9.59%,200,17.27%,847,73.14%,311,26.86,1158,13,1.12%,18,1.55%,1076,92.92%,51,4.4%,31,2.68,1158
CRIANÇA,0 a < 5 anos,2025,NORTE,12,AC,120010,BRASILEIA,125,5.31%,152,6.45%,2079,88.24%,277,11.76,2356,17,0.72%,41,1.74%,2138,90.75%,160,6.79%,58,2.46,2356
CRIANÇA,0 a < 5 anos,2025,NORTE,12,AC,120013,BUJARI,45,6.03%,67,8.98%,634,84.99%,112,15.01,746,2,0.27%,16,2.14%,679,91.02%,49,6.57%,18,2.41,746
CRIANÇA,0 a < 5 anos,2025,NORTE,12,AC,120017,CAPIXABA,15,2.25%,52,7.8%,600,89.96%,67,10.04,667,1,0.15%,9,1.35%,609,91.3%,48,7.2%,10,1.5,667
CRIANÇA,0 a < 5 anos,2025,NORTE,12,AC,120020,CRUZEIRO DO SUL,284,4.96%,390,6.81%,5057,88.24%,674,11.76,5731,47,0.82%,144,2.51%,5089,88.8%,451,7.87%,191,3.33,5731
CRIANÇA,0 a < 5 anos,2025,NORTE,12,AC,120025,EPITACIOLANDIA,66,5.31%,67,5.39%,1109,89.29%,133,10.71,1242,7,0.56%,20,1.61%,1138,91.63%,77,6.2%,27,2.17,1242
CRIANÇA,0 a < 5 anos,2025,NORTE,12,AC,120030,FEIJO,161,6.07%,235,8.86%,2256,85.07%,396,14.93,2652,33,1.24%,103,3.89%,2356,88.87%,159,6%,136,5.13,2651
CRIANÇA,0 a < 5 anos,2025,NORTE,12,AC,120032,JORDAO,314,24.59%,269,21.06%,694,54.35%,583,45.65,1277,64,5.01%,136,10.65%,1049,82.15%,28,2.19%,200,15.66,1277
CRIANÇA,0 a < 5 anos,2025,NORTE,12,AC,120033,MANCIO LIMA,79,6.75%,95,8.11%,997,85.14%,174,14.86,1171,13,1.11%,36,3.07%,1044,89.15%,78,6.66%,49,4.18,1171
CRIANÇA,0 a < 5 anos,2025,NORTE,12,AC,120034,MANOEL URBANO,134,10.82%,118,9.52%,987,79.66%,252,20.34,1239,30,2.42%,74,5.97%,1094,88.3%,41,3.31%,104,8.39,1239
CRIANÇA,0 a < 5 anos,2025,NORTE,12,AC,120035,MARECHAL THAUMATURGO,136,7.54%,221,12.25%,1447,80.21%,357,19.79,1804,7,0.39%,54,2.99%,1667,92.41%,76,4.21%,61,3.38,1804
CRIANÇA,0 a < 5 anos,2025,NORTE,12,AC,120038,PLACIDO DE CASTRO,39,3.51%,67,6.04%,1004,90.45%,106,9.55,1110,8,0.72%,26,2.34%,996,89.73%,80,7.21%,34,3.06,1110
CRIANÇA,0 a < 5 anos,2025,NORTE,12,AC,120039,PORTO WALTER,59,5.12%,146,12.66%,948,82.22%,205,17.78,1153,7,0.61%,48,4.16%,1061,92.02%,37,3.21%,55,4.77,1153
CRIANÇA,0 a < 5 anos,2025,NORTE,12,AC,120040,RIO BRANCO,438,4.05%,694,6.42%,9671,89.52%,1132,10.48,10803,48,0.44%,196,1.81%,9802,90.73%,757,7.01%,244,2.26,10803
CRIANÇA,0 a < 5 anos,2025,NORTE,12,AC,120042,RODRIGUES ALVES,68,7.09%,89,9.28%,802,83.63%,157,16.37,959,15,1.56%,39,4.07%,847,88.32%,58,6.05%,54,5.63,959
CRIANÇA,0 a < 5 anos,2025,NORTE,12,AC,120043,SANTA ROSA DO PURUS,183,26.52%,160,23.19%,347,50.29%,343,49.71,690,22,3.19%,66,9.57%,588,85.22%,14,2.03%,88,12.75,690
CRIANÇA,0 a < 5 anos,2025,NORTE,12,AC,120045,SENADOR GUIOMARD,73,5.75%,86,6.77%,1111,87.48%,159,12.52,1270,37,2.91%,53,4.17%,1078,84.88%,102,8.03%,90,7.09,1270
CRIANÇA,0 a < 5 anos,2025,NORTE,12,AC,120050,SENA MADUREIRA,86,2.92%,165,5.6%,2697,91.49%,251,8.51,2948,15,0.51%,72,2.44%,2675,90.77%,185,6.28%,87,2.95,2947
CRIANÇA,0 a < 5 anos,2025,NORTE,12,AC,120060,TARAUACA,381,10.46%,456,12.52%,2806,77.02%,837,22.98,3643,47,1.29%,149,4.09%,3235,88.82%,211,5.79%,196,5.38,3642
CRIANÇA,0 a < 5 anos,2025,NORTE,12,AC,120070,XAPURI,78,5.73%,119,8.74%,1164,85.53%,197,14.47,1361,14,1.03%,23,1.69%,1215,89.27%,109,8.01%,37,2.72,1361
CRIANÇA,0 a < 5 anos,2025,NORTE,12,AC,120080,PORTO ACRE,41,3.34%,74,6.03%,1113,90.64%,115,9.36,1228,4,0.33%,13,1.06%,1111,90.47%,100,8.14%,17,1.38,1228
CRIANÇA,0 a < 5 anos,2025,NORTE,13,AM,130002,ALVARAES,161,9.18%,229,13.06%,1364,77.77%,390,22.23,1754,26,1.48%,53,3.02%,1612,91.9%,63,3.59%,79,4.5,1754
CRIANÇA,0 a < 5 anos,2025,NORTE,13,AM,130006,AMATURA,141,10.72%,237,18.02%,937,71.25%,378,28.75,1315,13,0.99%,47,3.57%,1219,92.63%,37,2.81%,60,4.56,1316
CRIANÇA,0 a < 5 anos,2025,NORTE,13,AM,130008,ANAMA,45,4.21%,97,9.07%,928,86.73%,142,13.27,1070,10,0.93%,38,3.55%,939,87.76%,83,7.76%,48,4.49,1070
CRIANÇA,0 a < 5 anos,2025,NORTE,13,AM,130010,ANORI,75,5.9%,107,8.42%,1089,85.68%,182,14.32,1271,5,0.39%,29,2.28%,1138,89.54%,99,7.79%,34,2.68,1271
CRIANÇA,0 a < 5 anos,2025,NORTE,13,AM,130014,APUI,81,6.1%,97,7.31%,1149,86.59%,178,13.41,1327,13,0.98%,44,3.32%,1196,90.13%,74,5.58%,57,4.3,1327
CRIANÇA,0 a < 5 anos,2025,NORTE,13,AM,130020,ATALAIA DO NORTE,131,10.56%,157,12.65%,953,76.79%,288,23.21,1241,22,1.77%,64,5.16%,1099,88.56%,56,4.51%,86,6.93,1241
CRIANÇA,0 a < 5 anos,2025,NORTE,13,AM,130030,AUTAZES,279,6.97%,427,10.67%,3295,82.35%,706,17.65,4001,51,1.27%,177,4.42%,3548,88.68%,225,5.62%,228,5.7,4001
CRIANÇA,0 a < 5 anos,2025,NORTE,13,AM,130040,BARCELOS,390,21.17%,177,9.61%,1275,69.22%,567,30.78,1842,223,12.11%,120,6.51%,1405,76.28%,94,5.1%,343,18.62,1842
CRIANÇA,0 a < 5 anos,2025,NORTE,13,AM,130050,BARREIRINHA,275,9.19%,471,15.75%,2245,75.06%,746,24.94,2991,58,1.94%,207,6.92%,2629,87.9%,97,3.24%,265,8.86,2991
CRIANÇA,0 a < 5 anos,2025,NORTE,13,AM,130060,BENJAMIN CONSTANT,272,6.87%,687,17.34%,3002,75.79%,959,24.21,3961,69,1.74%,179,4.52%,3563,89.95%,150,3.79%,248,6.26,3961
CRIANÇA,0 a < 5 anos,2025,NORTE,13,AM,130063,BERURI,176,6.39%,303,11%,2276,82.61%,479,17.39,2755,29,1.05%,133,4.83%,2485,90.2%,108,3.92%,162,5.88,2755
CRIANÇA,0 a < 5 anos,2025,NORTE,13,AM,130068,BOA VISTA DO RAMOS,75,4.62%,164,10.1%,1385,85.28%,239,14.72,1624,14,0.86%,62,3.82%,1467,90.33%,81,4.99%,76,4.68,1624
CRIANÇA,0 a < 5 anos,2025,NORTE,13,AM,130070,BOCA DO ACRE,96,4.58%,174,8.31%,1825,87.11%,270,12.89,2095,21,1%,67,3.2%,1864,88.97%,143,6.83%,88,4.2,2095
CRIANÇA,0 a < 5 anos,2025,NORTE,13,AM,130080,BORBA,195,6.27%,302,9.7%,2615,84.03%,497,15.97,3112,53,1.7%,140,4.5%,2736,87.92%,183,5.88%,193,6.2,3112
CRIANÇA,0 a < 5 anos,2025,NORTE,13,AM,130083,CAAPIRANGA,62,6.76%,88,9.6%,767,83.64%,150,16.36,917,8,0.87%,31,3.38%,836,91.17%,42,4.58%,39,4.25,917
CRIANÇA,0 a < 5 anos,2025,NORTE,13,AM,130090,CANUTAMA,48,5.75%,60,7.19%,727,87.07%,108,12.93,835,10,1.2%,28,3.35%,734,87.9%,63,7.54%,38,4.55,835
CRIANÇA,0 a < 5 anos,2025,NORTE,13,AM,130100,CARAUARI,232,9.75%,315,13.24%,1833,77.02%,547,22.98,2380,21,0.88%,121,5.08%,2121,89.12%,117,4.92%,142,5.97,2380
CRIANÇA,0 a < 5 anos,2025,NORTE,13,AM,130110,CAREIRO,136,4.63%,260,8.86%,2540,86.51%,396,13.49,2936,24,0.82%,62,2.11%,2677,91.18%,173,5.89%,86,2.93,2936
CRIANÇA,0 a < 5 anos,2025,NORTE,13,AM,130115,CAREIRO DA VARZEA,83,5.54%,142,9.47%,1274,84.99%,225,15.01,1499,22,1.47%,57,3.8%,1316,87.79%,104,6.94%,79,5.27,1499
CRIANÇA,0 a < 5 anos,2025,NORTE,13,AM,130120,COARI,488,7.28%,766,11.43%,5448,81.29%,1254,18.71,6702,74,1.1%,200,2.98%,6087,90.82%,341,5.09%,274,4.09,6702
CRIANÇA,0 a < 5 anos,2025,NORTE,13,AM,130130,CODAJAS,97,5.25%,182,9.85%,1568,84.89%,279,15.11,1847,15,0.81%,60,3.25%,1679,90.9%,93,5.04%,75,4.06,1847
CRIANÇA,0 a < 5 anos,2025,NORTE,13,AM,130140,EIRUNEPE,263,9.35%,302,10.74%,2248,79.91%,565,20.09,2813,34,1.21%,144,5.12%,2485,88.34%,150,5.33%,178,6.33,2813
CRIANÇA,0 a < 5 anos,2025,NORTE,13,AM,130150,ENVIRA,121,8.61%,162,11.53%,1122,79.86%,283,20.14,1405,13,0.93%,51,3.63%,1261,89.75%,80,5.69%,64,4.56,1405
CRIANÇA,0 a < 5 anos,2025,NORTE,13,AM,130160,FONTE BOA,173,6.63%,304,11.65%,2133,81.72%,477,18.28,2610,16,0.61%,87,3.33%,2424,92.87%,83,3.18%,103,3.95,2610
CRIANÇA,0 a < 5 anos,2025,NORTE,13,AM,130165,GUAJARA,120,8.66%,119,8.59%,1146,82.74%,239,17.26,1385,29,2.09%,64,4.62%,1199,86.57%,93,6.71%,93,6.71,1385
CRIANÇA,0 a < 5 anos,2025,NORTE,13,AM,130170,HUMAITA,162,3.76%,318,7.39%,3825,88.85%,480,11.15,4305,29,0.67%,144,3.34%,3882,90.17%,250,5.81%,173,4.02,4305
CRIANÇA,0 a < 5 anos,2025,NORTE,13,AM,130180,IPIXUNA,109,5.72%,159,8.34%,1639,85.95%,268,14.05,1907,57,2.99%,115,6.03%,1642,86.1%,93,4.88%,172,9.02,1907
CRIANÇA,0 a < 5 anos,2025,NORTE,13,AM,130185,IRANDUBA,213,3.88%,444,8.08%,4837,88.04%,657,11.96,5494,39,0.71%,133,2.42%,4970,90.46%,352,6.41%,172,3.13,5494
CRIANÇA,0 a < 5 anos,2025,NORTE,13,AM,130190,ITACOATIARA,555,6.32%,796,9.07%,7426,84.61%,1351,15.39,8777,66,0.75%,258,2.94%,7848,89.43%,604,6.88%,324,3.69,8776
CRIANÇA,0 a < 5 anos,2025,NORTE,13,AM,130195,ITAMARATI,122,12.01%,162,15.94%,732,72.05%,284,27.95,1016,37,3.64%,122,12.01%,837,82.38%,20,1.97%,159,15.65,1016
CRIANÇA,0 a < 5 anos,2025,NORTE,13,AM,130200,ITAPIRANGA,34,3.05%,92,8.25%,989,88.7%,126,11.3,1115,10,0.9%,35,3.14%,1024,91.84%,46,4.13%,45,4.04,1115
CRIANÇA,0 a < 5 anos,2025,NORTE,13,AM,130210,JAPURA,57,6.28%,86,9.48%,764,84.23%,143,15.77,907,21,2.32%,41,4.52%,797,87.87%,48,5.29%,62,6.84,907
CRIANÇA,0 a < 5 anos,2025,NORTE,13,AM,130220,JURUA,58,5.84%,105,10.56%,831,83.6%,163,16.4,994,12,1.21%,65,6.54%,878,88.33%,39,3.92%,77,7.75,994
CRIANÇA,0 a < 5 anos,2025,NORTE,13,AM,130230,JUTAI,269,10.55%,307,12.04%,1974,77.41%,576,22.59,2550,27,1.06%,93,3.65%,2272,89.06%,159,6.23%,120,4.7,2551
CRIANÇA,0 a < 5 anos,2025,NORTE,13,AM,130240,LABREA,212,5.84%,342,9.42%,3075,84.73%,554,15.27,3629,38,1.05%,126,3.47%,3194,88.01%,271,7.47%,164,4.52,3629
CRIANÇA,0 a < 5 anos,2025,NORTE,13,AM,130250,MANACAPURU,449,5.62%,774,9.69%,6767,84.69%,1223,15.31,7990,100,1.25%,272,3.4%,7084,88.66%,534,6.68%,372,4.66,7990
CRIANÇA,0 a < 5 anos,2025,NORTE,13,AM,130255,MANAQUIRI,125,7.5%,177,10.62%,1364,81.87%,302,18.13,1666,11,0.66%,55,3.3%,1483,89.02%,117,7.02%,66,3.96,1666
CRIANÇA,0 a < 5 anos,2025,NORTE,13,AM,130260,MANAUS,4051,3.98%,7785,7.64%,90008,88.38%,11836,11.62,101844,933,0.92%,2400,2.36%,91932,90.27%,6576,6.46%,3333,3.27,101841
CRIANÇA,0 a < 5 anos,2025,NORTE,13,AM,130270,MANICORE,289,6.27%,455,9.87%,3865,83.86%,744,16.14,4609,38,0.82%,155,3.36%,4195,91.02%,221,4.79%,193,4.19,4609
CRIANÇA,0 a < 5 anos,2025,NORTE,13,AM,130280,MARAA,145,7.28%,245,12.31%,1601,80.41%,390,19.59,1991,22,1.1%,69,3.47%,1828,91.81%,72,3.62%,91,4.57,1991
CRIANÇA,0 a < 5 anos,2025,NORTE,13,AM,130290,MAUES,513,8.9%,788,13.66%,4466,77.44%,1301,22.56,5767,69,1.2%,272,4.72%,5228,90.65%,198,3.43%,341,5.91,5767
CRIANÇA,0 a < 5 anos,2025,NORTE,13,AM,130300,NHAMUNDA,136,8.15%,172,10.31%,1361,81.55%,308,18.45,1669,33,1.98%,73,4.37%,1487,89.1%,76,4.55%,106,6.35,1669
CRIANÇA,0 a < 5 anos,2025,NORTE,13,AM,130310,NOVA OLINDA DO NORTE,148,5.21%,340,11.96%,2354,82.83%,488,17.17,2842,38,1.34%,136,4.79%,2548,89.66%,120,4.22%,174,6.12,2842
CRIANÇA,0 a < 5 anos,2025,NORTE,13,AM,130320,NOVO AIRAO,73,5.16%,132,9.34%,1209,85.5%,205,14.5,1414,15,1.06%,38,2.69%,1283,90.74%,78,5.52%,53,3.75,1414
CRIANÇA,0 a < 5 anos,2025,NORTE,13,AM,130330,NOVO ARIPUANA,152,8.27%,199,10.83%,1487,80.9%,351,19.1,1838,29,1.58%,63,3.43%,1661,90.37%,85,4.62%,92,5.01,1838
CRIANÇA,0 a < 5 anos,2025,NORTE,13,AM,130340,PARINTINS,599,6.88%,575,6.61%,7529,86.51%,1174,13.49,8703,61,0.7%,160,1.84%,8201,94.23%,281,3.23%,221,2.54,8703
CRIANÇA,0 a < 5 anos,2025,NORTE,13,AM,130350,PAUINI,155,10.99%,190,13.47%,1066,75.55%,345,24.45,1411,38,2.69%,72,5.1%,1218,86.32%,83,5.88%,110,7.8,1411
CRIANÇA,0 a < 5 anos,2025,NORTE,13,AM,130353,PRESIDENTE FIGUEIREDO,97,3.77%,194,7.55%,2280,88.68%,291,11.32,2571,35,1.36%,75,2.92%,2310,89.85%,151,5.87%,110,4.28,2571
CRIANÇA,0 a < 5 anos,2025,NORTE,13,AM,130356,RIO PRETO DA EVA,67,3.02%,158,7.13%,1991,89.85%,225,10.15,2216,14,0.63%,49,2.21%,2027,91.47%,126,5.69%,63,2.84,2216
CRIANÇA,0 a < 5 anos,2025,NORTE,13,AM,130360,SANTA ISABEL DO RIO NEGRO,268,22.46%,165,13.83%,760,63.7%,433,36.3,1193,81,6.79%,100,8.38%,964,80.8%,48,4.02%,181,15.17,1193
CRIANÇA,0 a < 5 anos,2025,NORTE,13,AM,130370,SANTO ANTONIO DO ICA,316,8.33%,529,13.94%,2950,77.73%,845,22.27,3795,50,1.32%,192,5.06%,3422,90.17%,131,3.45%,242,6.38,3795
CRIANÇA,0 a < 5 anos,2025,NORTE,13,AM,130380,SAO GABRIEL DA CACHOEIRA,1624,28.38%,1394,24.36%,2704,47.26%,3018,52.74,5722,79,1.38%,185,3.23%,5328,93.11%,130,2.27%,264,4.61,5722
CRIANÇA,0 a < 5 anos,2025,NORTE,13,AM,130390,SAO PAULO DE OLIVENCA,463,12.37%,819,21.88%,2462,65.76%,1282,34.24,3744,72,1.92%,246,6.57%,3373,90.09%,53,1.42%,318,8.49,3744
CRIANÇA,0 a < 5 anos,2025,NORTE,13,AM,130395,SAO SEBASTIAO DO UATUMA,28,2.83%,81,8.2%,879,88.97%,109,11.03,988,4,0.4%,16,1.62%,938,94.94%,30,3.04%,20,2.02,988
CRIANÇA,0 a < 5 anos,2025,NORTE,13,AM,130400,SILVES,86,8.54%,120,11.92%,801,79.54%,206,20.46,1007,13,1.29%,40,3.97%,914,90.76%,40,3.97%,53,5.26,1007
CRIANÇA,0 a < 5 anos,2025,NORTE,13,AM,130406,TABATINGA,499,8.47%,1121,19.03%,4272,72.51%,1620,27.49,5892,34,0.58%,200,3.39%,5473,92.89%,185,3.14%,234,3.97,5892
CRIANÇA,0 a < 5 anos,2025,NORTE,13,AM,130410,TAPAUA,108,6.44%,193,11.51%,1376,82.05%,301,17.95,1677,13,0.78%,70,4.17%,1514,90.28%,80,4.77%,83,4.95,1677
CRIANÇA,0 a < 5 anos,2025,NORTE,13,AM,130420,TEFE,501,5.9%,932,10.98%,7055,83.12%,1433,16.88,8488,78,0.92%,294,3.46%,7740,91.19%,376,4.43%,372,4.38,8488
CRIANÇA,0 a < 5 anos,2025,NORTE,13,AM,130423,TONANTINS,190,8.87%,305,14.23%,1648,76.9%,495,23.1,2143,18,0.84%,90,4.2%,1972,92.02%,63,2.94%,108,5.04,2143
CRIANÇA,0 a < 5 anos,2025,NORTE,13,AM,130426,UARINI,171,10.09%,237,13.99%,1286,75.91%,408,24.09,1694,20,1.18%,71,4.19%,1543,91.09%,60,3.54%,91,5.37,1694
CRIANÇA,0 a < 5 anos,2025,NORTE,13,AM,130430,URUCARA,66,4.84%,123,9.02%,1174,86.13%,189,13.87,1363,10,0.73%,63,4.62%,1239,90.9%,51,3.74%,73,5.36,1363
CRIANÇA,0 a < 5 anos,2025,NORTE,13,AM,130440,URUCURITUBA,48,2.92%,128,7.8%,1466,89.28%,176,10.72,1642,5,0.3%,40,2.44%,1563,95.19%,34,2.07%,45,2.74,1642
CRIANÇA,0 a < 5 anos,2025,NORTE,14,RR,140002,AMAJARI,32,3.73%,80,9.31%,747,86.96%,112,13.04,859,4,0.47%,24,2.79%,795,92.55%,36,4.19%,28,3.26,859
CRIANÇA,0 a < 5 anos,2025,NORTE,14,RR,140005,ALTO ALEGRE,60,5.72%,85,8.1%,904,86.18%,145,13.82,1049,13,1.24%,19,1.81%,979,93.33%,38,3.62%,32,3.05,1049
CRIANÇA,0 a < 5 anos,2025,NORTE,14,RR,140010,BOA VISTA,550,3.03%,1332,7.33%,16294,89.65%,1882,10.35,18176,133,0.73%,445,2.45%,16621,91.45%,976,5.37%,578,3.18,18175
CRIANÇA,0 a < 5 anos,2025,NORTE,14,RR,140015,BONFIM,138,8%,182,10.54%,1406,81.46%,320,18.54,1726,24,1.39%,64,3.71%,1570,90.96%,68,3.94%,88,5.1,1726
CRIANÇA,0 a < 5 anos,2025,NORTE,14,RR,140017,CANTA,82,5.02%,148,9.06%,1404,85.92%,230,14.08,1634,21,1.29%,41,2.51%,1496,91.55%,76,4.65%,62,3.79,1634
CRIANÇA,0 a < 5 anos,2025,NORTE,14,RR,140020,CARACARAI,73,4.72%,117,7.56%,1357,87.72%,190,12.28,1547,12,0.78%,42,2.71%,1418,91.66%,75,4.85%,54,3.49,1547
CRIANÇA,0 a < 5 anos,2025,NORTE,14,RR,140023,CAROEBE,22,1.84%,34,2.84%,1142,95.33%,56,4.67,1198,5,0.42%,13,1.09%,1121,93.57%,59,4.92%,18,1.5,1198
CRIANÇA,0 a < 5 anos,2025,NORTE,14,RR,140028,IRACEMA,19,4.33%,28,6.38%,392,89.29%,47,10.71,439,1,0.23%,6,1.37%,419,95.44%,13,2.96%,7,1.59,439
CRIANÇA,0 a < 5 anos,2025,NORTE,14,RR,140030,MUCAJAI,56,3.83%,145,9.92%,1261,86.25%,201,13.75,1462,7,0.48%,33,2.26%,1330,90.97%,92,6.29%,40,2.74,1462
CRIANÇA,0 a < 5 anos,2025,NORTE,14,RR,140040,NORMANDIA,371,17.18%,380,17.59%,1409,65.23%,751,34.77,2160,42,1.94%,94,4.35%,1877,86.9%,147,6.81%,136,6.3,2160
CRIANÇA,0 a < 5 anos,2025,NORTE,14,RR,140045,PACARAIMA,111,3.82%,200,6.88%,2594,89.29%,311,10.71,2905,39,1.34%,45,1.55%,2748,94.6%,73,2.51%,84,2.89,2905
CRIANÇA,0 a < 5 anos,2025,NORTE,14,RR,140047,RORAINOPOLIS,115,5.11%,162,7.2%,1973,87.69%,277,12.31,2250,10,0.44%,67,2.98%,2056,91.38%,117,5.2%,77,3.42,2250
CRIANÇA,0 a < 5 anos,2025,NORTE,14,RR,140050,SAO JOAO DA BALIZA,15,2.01%,41,5.48%,692,92.51%,56,7.49,748,2,0.27%,12,1.6%,699,93.45%,35,4.68%,14,1.87,748
CRIANÇA,0 a < 5 anos,2025,NORTE,14,RR,140060,SAO LUIZ DO ANAUA,18,3.57%,42,8.33%,444,88.1%,60,11.9,504,3,0.6%,11,2.18%,455,90.28%,35,6.94%,14,2.78,504
CRIANÇA,0 a < 5 anos,2025,NORTE,14,RR,140070,UIRAMUTA,217,9.04%,455,18.96%,1728,72%,672,28.0,2400,22,0.92%,102,4.25%,2235,93.09%,42,1.75%,124,5.16,2401
CRIANÇA,0 a < 5 anos,2025,NORTE,15,PA,150010,ABAETETUBA,814,7.63%,1162,10.9%,8687,81.47%,1976,18.53,10663,86,0.81%,316,2.96%,9633,90.34%,628,5.89%,402,3.77,10663
CRIANÇA,0 a < 5 anos,2025,NORTE,15,PA,150013,ABEL FIGUEIREDO,14,2.49%,49,8.72%,499,88.79%,63,11.21,562,4,0.71%,7,1.25%,517,91.99%,34,6.05%,11,1.96,562
CRIANÇA,0 a < 5 anos,2025,NORTE,15,PA,150020,ACARA,301,7.98%,439,11.64%,3031,80.38%,740,19.62,3771,43,1.14%,125,3.31%,3368,89.29%,236,6.26%,168,4.45,3772
CRIANÇA,0 a < 5 anos,2025,NORTE,15,PA,150030,AFUA,341,8.28%,631,15.32%,3148,76.41%,972,23.59,4120,55,1.33%,195,4.73%,3732,90.58%,138,3.35%,250,6.07,4120
CRIANÇA,0 a < 5 anos,2025,NORTE,15,PA,150034,AGUA AZUL DO NORTE,38,3.31%,54,4.7%,1056,91.99%,92,8.01,1148,9,0.78%,28,2.44%,1037,90.33%,74,6.45%,37,3.22,1148
CRIANÇA,0 a < 5 anos,2025,NORTE,15,PA,150040,ALENQUER,142,3.69%,319,8.29%,3386,88.02%,461,11.98,3847,29,0.75%,131,3.4%,3534,91.84%,154,4%,160,4.16,3848
CRIANÇA,0 a < 5 anos,2025,NORTE,15,PA,150050,ALMEIRIM,155,5.82%,279,10.47%,2230,83.71%,434,16.29,2664,38,1.43%,99,3.72%,2388,89.64%,139,5.22%,137,5.14,2664
CRIANÇA,0 a < 5 anos,2025,NORTE,15,PA,150060,ALTAMIRA,284,4.32%,461,7.01%,5828,88.67%,745,11.33,6573,47,0.72%,164,2.5%,5974,90.89%,388,5.9%,211,3.21,6573
CRIANÇA,0 a < 5 anos,2025,NORTE,15,PA,150070,ANAJAS,296,10.31%,381,13.27%,2194,76.42%,677,23.58,2871,53,1.85%,110,3.83%,2588,90.14%,120,4.18%,163,5.68,2871
CRIANÇA,0 a < 5 anos,2025,NORTE,15,PA,150080,ANANINDEUA,1055,5.9%,1119,6.25%,15721,87.85%,2174,12.15,17895,166,0.93%,282,1.58%,16340,91.31%,1107,6.19%,448,2.5,17895
CRIANÇA,0 a < 5 anos,2025,NORTE,15,PA,150085,ANAPU,120,3.86%,252,8.1%,2739,88.04%,372,11.96,3111,26,0.84%,55,1.77%,2877,92.48%,153,4.92%,81,2.6,3111
CRIANÇA,0 a < 5 anos,2025,NORTE,15,PA,150090,AUGUSTO CORREA,177,4.75%,364,9.77%,3185,85.48%,541,14.52,3726,38,1.02%,123,3.3%,3368,90.39%,197,5.29%,161,4.32,3726
CRIANÇA,0 a < 5 anos,2025,NORTE,15,PA,150095,AURORA DO PARA,72,3.94%,152,8.31%,1605,87.75%,224,12.25,1829,9,0.49%,36,1.97%,1679,91.8%,105,5.74%,45,2.46,1829
CRIANÇA,0 a < 5 anos,2025,NORTE,15,PA,150100,AVEIRO,122,11.18%,133,12.19%,836,76.63%,255,23.37,1091,14,1.28%,38,3.48%,999,91.57%,40,3.67%,52,4.77,1091
CRIANÇA,0 a < 5 anos,2025,NORTE,15,PA,150110,BAGRE,233,9.89%,352,14.94%,1771,75.17%,585,24.83,2356,65,2.76%,141,5.98%,2074,88.03%,76,3.23%,206,8.74,2356
CRIANÇA,0 a < 5 anos,2025,NORTE,15,PA,150120,BAIAO,88,3.56%,236,9.54%,2149,86.9%,324,13.1,2473,8,0.32%,73,2.95%,2269,91.75%,123,4.97%,81,3.28,2473
CRIANÇA,0 a < 5 anos,2025,NORTE,15,PA,150125,BANNACH,5,2.25%,15,6.76%,202,90.99%,20,9.01,222,0,-,1,0.45%,210,94.59%,11,4.95%,1,0.45,222
CRIANÇA,0 a < 5 anos,2025,NORTE,15,PA,150130,BARCARENA,305,3.35%,633,6.95%,8173,89.7%,938,10.3,9111,65,0.71%,215,2.36%,8215,90.17%,616,6.76%,280,3.07,9111
CRIANÇA,0 a < 5 anos,2025,NORTE,15,PA,150140,BELEM,925,3.61%,1729,6.74%,22994,89.65%,2654,10.35,25648,189,0.74%,544,2.12%,23086,90%,1831,7.14%,733,2.86,25650
CRIANÇA,0 a < 5 anos,2025,NORTE,15,PA,150145,BELTERRA,89,6.13%,106,7.3%,1258,86.58%,195,13.42,1453,7,0.48%,34,2.34%,1314,90.43%,98,6.74%,41,2.82,1453
CRIANÇA,0 a < 5 anos,2025,NORTE,15,PA,150150,BENEVIDES,133,3.48%,241,6.31%,3448,90.21%,374,9.79,3822,28,0.73%,85,2.22%,3425,89.61%,284,7.43%,113,2.96,3822
CRIANÇA,0 a < 5 anos,2025,NORTE,15,PA,150157,BOM JESUS DO TOCANTINS,46,4.07%,88,7.78%,997,88.15%,134,11.85,1131,7,0.62%,28,2.48%,1028,90.89%,68,6.01%,35,3.09,1131
CRIANÇA,0 a < 5 anos,2025,NORTE,15,PA,150160,BONITO,35,3.87%,81,8.96%,788,87.17%,116,12.83,904,4,0.44%,26,2.88%,824,91.15%,50,5.53%,30,3.32,904
CRIANÇA,0 a < 5 anos,2025,NORTE,15,PA,150170,BRAGANCA,360,4.07%,719,8.13%,7768,87.8%,1079,12.2,8847,72,0.81%,255,2.88%,7970,90.09%,550,6.22%,327,3.7,8847
CRIANÇA,0 a < 5 anos,2025,NORTE,15,PA,150172,BRASIL NOVO,39,3.12%,68,5.44%,1144,91.45%,107,8.55,1251,11,0.88%,35,2.8%,1121,89.61%,84,6.71%,46,3.68,1251
CRIANÇA,0 a < 5 anos,2025,NORTE,15,PA,150175,BREJO GRANDE DO ARAGUAIA,9,1.45%,39,6.28%,573,92.27%,48,7.73,621,2,0.32%,12,1.93%,578,93.08%,29,4.67%,14,2.25,621
CRIANÇA,0 a < 5 anos,2025,NORTE,15,PA,150178,BREU BRANCO,307,9.31%,334,10.13%,2655,80.55%,641,19.45,3296,85,2.58%,147,4.46%,2896,87.86%,168,5.1%,232,7.04,3296
CRIANÇA,0 a < 5 anos,2025,NORTE,15,PA,150180,BREVES,1118,11.27%,1592,16.05%,7211,72.68%,2710,27.32,9921,211,2.13%,599,6.04%,8690,87.6%,420,4.23%,810,8.17,9920
CRIANÇA,0 a < 5 anos,2025,NORTE,15,PA,150190,BUJARU,173,8.26%,204,9.74%,1718,82%,377,18.0,2095,21,1%,56,2.67%,1902,90.79%,116,5.54%,77,3.68,2095
CRIANÇA,0 a < 5 anos,2025,NORTE,15,PA,150195,CACHOEIRA DO PIRIA,95,6.47%,99,6.74%,1275,86.79%,194,13.21,1469,10,0.68%,62,4.22%,1291,87.88%,106,7.22%,72,4.9,1469
CRIANÇA,0 a < 5 anos,2025,NORTE,15,PA,150200,CACHOEIRA DO ARARI,62,4.8%,122,9.44%,1109,85.77%,184,14.23,1293,16,1.24%,60,4.64%,1140,88.17%,77,5.96%,76,5.88,1293
CRIANÇA,0 a < 5 anos,2025,NORTE,15,PA,150210,CAMETA,902,8.52%,1047,9.89%,8638,81.59%,1949,18.41,10587,115,1.09%,251,2.37%,9888,93.4%,333,3.15%,366,3.46,10587
CRIANÇA,0 a < 5 anos,2025,NORTE,15,PA,150215,CANAA DOS CARAJAS,157,2.1%,400,5.35%,6921,92.55%,557,7.45,7478,21,0.28%,152,2.03%,6895,92.2%,410,5.48%,173,2.31,7478
CRIANÇA,0 a < 5 anos,2025,NORTE,15,PA,150220,CAPANEMA,144,3.89%,207,5.59%,3354,90.53%,351,9.47,3705,25,0.67%,88,2.38%,3329,89.85%,263,7.1%,113,3.05,3705
CRIANÇA,0 a < 5 anos,2025,NORTE,15,PA,150230,CAPITAO POCO,203,5.21%,320,8.22%,3372,86.57%,523,13.43,3895,45,1.16%,121,3.11%,3433,88.16%,295,7.58%,166,4.26,3894
CRIANÇA,0 a < 5 anos,2025,NORTE,15,PA,150240,CASTANHAL,391,3.75%,810,7.76%,9237,88.49%,1201,11.51,10438,100,0.96%,327,3.13%,9232,88.45%,779,7.46%,427,4.09,10438
CRIANÇA,0 a < 5 anos,2025,NORTE,15,PA,150250,CHAVES,206,10.48%,271,13.79%,1488,75.73%,477,24.27,1965,28,1.42%,121,6.16%,1736,88.35%,80,4.07%,149,7.58,1965
CRIANÇA,0 a < 5 anos,2025,NORTE,15,PA,150260,COLARES,25,3.54%,57,8.07%,624,88.39%,82,11.61,706,6,0.85%,38,5.38%,615,87.11%,47,6.66%,44,6.23,706
CRIANÇA,0 a < 5 anos,2025,NORTE,15,PA,150270,CONCEICAO DO ARAGUAIA,211,7.77%,283,10.43%,2220,81.8%,494,18.2,2714,46,1.69%,159,5.86%,2391,88.1%,118,4.35%,205,7.55,2714
CRIANÇA,0 a < 5 anos,2025,NORTE,15,PA,150275,CONCORDIA DO PARA,202,9.84%,243,11.84%,1608,78.32%,445,21.68,2053,37,1.8%,80,3.9%,1808,88.07%,128,6.23%,117,5.7,2053
CRIANÇA,0 a < 5 anos,2025,NORTE,15,PA,150276,CUMARU DO NORTE,30,3.87%,55,7.1%,690,89.03%,85,10.97,775,6,0.77%,30,3.87%,695,89.68%,44,5.68%,36,4.65,775
CRIANÇA,0 a < 5 anos,2025,NORTE,15,PA,150277,CURIONOPOLIS,107,6.85%,86,5.51%,1369,87.64%,193,12.36,1562,24,1.54%,63,4.03%,1302,83.35%,173,11.08%,87,5.57,1562
CRIANÇA,0 a < 5 anos,2025,NORTE,15,PA,150280,CURRALINHO,320,11.29%,504,17.78%,2011,70.93%,824,29.07,2835,42,1.48%,110,3.88%,2542,89.66%,141,4.97%,152,5.36,2835
CRIANÇA,0 a < 5 anos,2025,NORTE,15,PA,150285,CURUA,32,2.79%,86,7.51%,1027,89.69%,118,10.31,1145,15,1.31%,39,3.41%,1035,90.39%,56,4.89%,54,4.72,1145
CRIANÇA,0 a < 5 anos,2025,NORTE,15,PA,150290,CURUCA,319,13.25%,231,9.6%,1857,77.15%,550,22.85,2407,94,3.91%,117,4.86%,2047,85.04%,149,6.19%,211,8.77,2407
CRIANÇA,0 a < 5 anos,2025,NORTE,15,PA,150293,DOM ELISEU,89,4.26%,124,5.94%,1874,89.79%,213,10.21,2087,19,0.91%,45,2.16%,1888,90.46%,135,6.47%,64,3.07,2087
CRIANÇA,0 a < 5 anos,2025,NORTE,15,PA,150295,ELDORADO DOS CARAJAS,94,4.56%,172,8.35%,1795,87.09%,266,12.91,2061,14,0.68%,69,3.35%,1859,90.2%,119,5.77%,83,4.03,2061
CRIANÇA,0 a < 5 anos,2025,NORTE,15,PA,150300,FARO,35,4.68%,75,10.03%,638,85.29%,110,14.71,748,10,1.34%,27,3.61%,672,89.84%,39,5.21%,37,4.95,748
CRIANÇA,0 a < 5 anos,2025,NORTE,15,PA,150304,FLORESTA DO ARAGUAIA,40,2.57%,80,5.15%,1434,92.28%,120,7.72,1554,10,0.64%,40,2.57%,1439,92.6%,65,4.18%,50,3.22,1554
CRIANÇA,0 a < 5 anos,2025,NORTE,15,PA,150307,GARRAFAO DO NORTE,104,5.59%,139,7.47%,1619,86.95%,243,13.05,1862,14,0.75%,45,2.42%,1665,89.42%,138,7.41%,59,3.17,1862
CRIANÇA,0 a < 5 anos,2025,NORTE,15,PA,150309,GOIANESIA DO PARA,60,3.8%,100,6.33%,1420,89.87%,160,10.13,1580,10,0.63%,39,2.47%,1431,90.51%,101,6.39%,49,3.1,1581
CRIANÇA,0 a < 5 anos,2025,NORTE,15,PA,150310,GURUPA,351,13.88%,403,15.94%,1774,70.17%,754,29.83,2528,39,1.54%,137,5.42%,2246,88.84%,106,4.19%,176,6.96,2528
CRIANÇA,0 a < 5 anos,2025,NORTE,15,PA,150320,IGARAPE-ACU,110,4.96%,156,7.03%,1953,88.01%,266,11.99,2219,22,0.99%,57,2.57%,1963,88.46%,177,7.98%,79,3.56,2219
CRIANÇA,0 a < 5 anos,2025,NORTE,15,PA,150330,IGARAPE-MIRI,284,6.67%,430,10.1%,3544,83.23%,714,16.77,4258,49,1.15%,178,4.18%,3782,88.82%,249,5.85%,227,5.33,4258
CRIANÇA,0 a < 5 anos,2025,NORTE,15,PA,150340,INHANGAPI,23,2.98%,58,7.5%,692,89.52%,81,10.48,773,3,0.39%,20,2.59%,715,92.62%,34,4.4%,23,2.98,772
CRIANÇA,0 a < 5 anos,2025,NORTE,15,PA,150345,IPIXUNA DO PARA,145,4.98%,253,8.7%,2511,86.32%,398,13.68,2909,29,1%,88,3.03%,2609,89.69%,183,6.29%,117,4.02,2909
CRIANÇA,0 a < 5 anos,2025,NORTE,15,PA,150350,IRITUIA,69,3.21%,123,5.72%,1958,91.07%,192,8.93,2150,15,0.7%,55,2.56%,1961,91.21%,119,5.53%,70,3.26,2150
CRIANÇA,0 a < 5 anos,2025,NORTE,15,PA,150360,ITAITUBA,1049,15.28%,825,12.01%,4993,72.71%,1874,27.29,6867,302,4.4%,414,6.03%,5846,85.14%,304,4.43%,716,10.43,6866
CRIANÇA,0 a < 5 anos,2025,NORTE,15,PA,150370,ITUPIRANGA,273,7.39%,329,8.9%,3094,83.71%,602,16.29,3696,37,1%,168,4.55%,3318,89.77%,173,4.68%,205,5.55,3696
CRIANÇA,0 a < 5 anos,2025,NORTE,15,PA,150375,JACAREACANGA,378,14.64%,425,16.46%,1779,68.9%,803,31.1,2582,161,6.24%,293,11.35%,2002,77.54%,126,4.88%,454,17.58,2582
CRIANÇA,0 a < 5 anos,2025,NORTE,15,PA,150380,JACUNDA,95,4.29%,168,7.58%,1954,88.14%,263,11.86,2217,19,0.86%,83,3.74%,2022,91.2%,93,4.19%,102,4.6,2217
CRIANÇA,0 a < 5 anos,2025,NORTE,15,PA,150390,JURUTI,170,4.06%,369,8.81%,3648,87.13%,539,12.87,4187,65,1.55%,155,3.7%,3783,90.35%,184,4.39%,220,5.25,4187
CRIANÇA,0 a < 5 anos,2025,NORTE,15,PA,150400,LIMOEIRO DO AJURU,205,8.64%,319,13.44%,1849,77.92%,524,22.08,2373,33,1.39%,107,4.51%,2132,89.84%,101,4.26%,140,5.9,2373
CRIANÇA,0 a < 5 anos,2025,NORTE,15,PA,150405,MAE DO RIO,62,2.65%,106,4.53%,2172,92.82%,168,7.18,2340,15,0.64%,40,1.71%,2120,90.6%,165,7.05%,55,2.35,2340
CRIANÇA,0 a < 5 anos,2025,NORTE,15,PA,150410,MAGALHAES BARATA,19,4.2%,35,7.74%,398,88.05%,54,11.95,452,6,1.33%,7,1.55%,413,91.37%,26,5.75%,13,2.88,452
CRIANÇA,0 a < 5 anos,2025,NORTE,15,PA,150420,MARABA,481,3.57%,909,6.74%,12087,89.69%,1390,10.31,13477,115,0.85%,336,2.49%,12307,91.31%,720,5.34%,451,3.35,13478
CRIANÇA,0 a < 5 anos,2025,NORTE,15,PA,150430,MARACANA,115,7.06%,150,9.2%,1365,83.74%,265,16.26,1630,16,0.98%,65,3.99%,1420,87.12%,129,7.91%,81,4.97,1630
CRIANÇA,0 a < 5 anos,2025,NORTE,15,PA,150440,MARAPANIM,94,7.59%,127,10.25%,1018,82.16%,221,17.84,1239,19,1.53%,55,4.44%,1089,87.89%,76,6.13%,74,5.97,1239
CRIANÇA,0 a < 5 anos,2025,NORTE,15,PA,150442,MARITUBA,218,3.54%,344,5.58%,5601,90.88%,562,9.12,6163,62,1.01%,150,2.43%,5507,89.36%,444,7.2%,212,3.44,6163
CRIANÇA,0 a < 5 anos,2025,NORTE,15,PA,150445,MEDICILANDIA,98,5.81%,96,5.69%,1493,88.5%,194,11.5,1687,13,0.77%,53,3.14%,1472,87.26%,149,8.83%,66,3.91,1687
CRIANÇA,0 a < 5 anos,2025,NORTE,15,PA,150450,MELGACO,198,8.73%,278,12.26%,1791,79%,476,21.0,2267,29,1.28%,122,5.38%,2042,90.07%,74,3.26%,151,6.66,2267
CRIANÇA,0 a < 5 anos,2025,NORTE,15,PA,150460,MOCAJUBA,132,4.9%,252,9.35%,2310,85.75%,384,14.25,2694,19,0.71%,87,3.23%,2438,90.5%,150,5.57%,106,3.93,2694
CRIANÇA,0 a < 5 anos,2025,NORTE,15,PA,150470,MOJU,356,8.43%,353,8.36%,3516,83.22%,709,16.78,4225,39,0.92%,104,2.46%,3525,83.43%,557,13.18%,143,3.38,4225
CRIANÇA,0 a < 5 anos,2025,NORTE,15,PA,150475,MOJUI DOS CAMPOS,65,3.67%,126,7.11%,1580,89.22%,191,10.78,1771,19,1.07%,38,2.15%,1559,88.03%,155,8.75%,57,3.22,1771
CRIANÇA,0 a < 5 anos,2025,NORTE,15,PA,150480,MONTE ALEGRE,187,4.21%,335,7.55%,3915,88.24%,522,11.76,4437,31,0.7%,103,2.32%,4086,92.09%,217,4.89%,134,3.02,4437
CRIANÇA,0 a < 5 anos,2025,NORTE,15,PA,150490,MUANA,227,7.52%,374,12.39%,2418,80.09%,601,19.91,3019,39,1.29%,124,4.11%,2735,90.59%,121,4.01%,163,5.4,3019
CRIANÇA,0 a < 5 anos,2025,NORTE,15,PA,150495,NOVA ESPERANCA DO PIRIA,158,10.08%,173,11.03%,1237,78.89%,331,21.11,1568,16,1.02%,43,2.74%,1422,90.69%,87,5.55%,59,3.76,1568
CRIANÇA,0 a < 5 anos,2025,NORTE,15,PA,150497,NOVA IPIXUNA,38,4.42%,62,7.21%,760,88.37%,100,11.63,860,9,1.05%,18,2.09%,775,90.12%,58,6.74%,27,3.14,860
CRIANÇA,0 a < 5 anos,2025,NORTE,15,PA,150500,NOVA TIMBOTEUA,17,2.25%,41,5.42%,698,92.33%,58,7.67,756,0,-,13,1.72%,680,89.95%,63,8.33%,13,1.72,756
CRIANÇA,0 a < 5 anos,2025,NORTE,15,PA,150503,NOVO PROGRESSO,93,3.32%,176,6.27%,2536,90.41%,269,9.59,2805,26,0.93%,72,2.57%,2551,90.94%,156,5.56%,98,3.49,2805
CRIANÇA,0 a < 5 anos,2025,NORTE,15,PA,150506,NOVO REPARTIMENTO,226,5.02%,466,10.35%,3812,84.64%,692,15.36,4504,37,0.82%,142,3.15%,4129,91.67%,196,4.35%,179,3.97,4504
CRIANÇA,0 a < 5 anos,2025,NORTE,15,PA,150510,OBIDOS,125,2.86%,421,9.62%,3829,87.52%,546,12.48,4375,20,0.46%,114,2.61%,4050,92.57%,191,4.37%,134,3.06,4375
CRIANÇA,0 a < 5 anos,2025,NORTE,15,PA,150520,OEIRAS DO PARA,141,5.32%,290,10.94%,2220,83.74%,431,16.26,2651,27,1.02%,106,4%,2402,90.61%,116,4.38%,133,5.02,2651
CRIANÇA,0 a < 5 anos,2025,NORTE,15,PA,150530,ORIXIMINA,228,4.5%,475,9.37%,4368,86.14%,703,13.86,5071,54,1.06%,215,4.24%,4528,89.27%,275,5.42%,269,5.3,5072
CRIANÇA,0 a < 5 anos,2025,NORTE,15,PA,150540,OUREM,34,2.71%,58,4.63%,1162,92.66%,92,7.34,1254,14,1.12%,22,1.75%,1117,89.07%,101,8.05%,36,2.87,1254
CRIANÇA,0 a < 5 anos,2025,NORTE,15,PA,150543,OURILANDIA DO NORTE,70,3.62%,154,7.96%,1710,88.42%,224,11.58,1934,13,0.67%,79,4.08%,1755,90.74%,87,4.5%,92,4.76,1934
CRIANÇA,0 a < 5 anos,2025,NORTE,15,PA,150548,PACAJA,106,2.7%,242,6.15%,3585,91.15%,348,8.85,3933,27,0.69%,108,2.75%,3583,91.1%,215,5.47%,135,3.43,3933
CRIANÇA,0 a < 5 anos,2025,NORTE,15,PA,150549,PALESTINA DO PARA,29,5.94%,53,10.86%,406,83.2%,82,16.8,488,4,0.82%,17,3.48%,451,92.42%,16,3.28%,21,4.3,488
CRIANÇA,0 a < 5 anos,2025,NORTE,15,PA,150550,PARAGOMINAS,184,2.61%,361,5.13%,6498,92.26%,545,7.74,7043,47,0.67%,124,1.76%,6488,92.12%,384,5.45%,171,2.43,7043
CRIANÇA,0 a < 5 anos,2025,NORTE,15,PA,150553,PARAUAPEBAS,326,2.43%,758,5.65%,12341,91.93%,1084,8.07,13425,75,0.56%,299,2.23%,12380,92.2%,673,5.01%,374,2.79,13427
CRIANÇA,0 a < 5 anos,2025,NORTE,15,PA,150555,PAU D'ARCO,31,5.51%,33,5.86%,499,88.63%,64,11.37,563,4,0.71%,12,2.13%,516,91.65%,31,5.51%,16,2.84,563
CRIANÇA,0 a < 5 anos,2025,NORTE,15,PA,150560,PEIXE-BOI,28,6.47%,42,9.7%,363,83.83%,70,16.17,433,15,3.46%,15,3.46%,378,87.3%,25,5.77%,30,6.93,433
CRIANÇA,0 a < 5 anos,2025,NORTE,15,PA,150563,PICARRA,39,4.06%,72,7.49%,850,88.45%,111,11.55,961,9,0.94%,36,3.75%,854,88.87%,62,6.45%,45,4.68,961
CRIANÇA,0 a < 5 anos,2025,NORTE,15,PA,150565,PLACAS,112,6.65%,166,9.85%,1407,83.5%,278,16.5,1685,16,0.95%,57,3.38%,1517,90.03%,95,5.64%,73,4.33,1685
CRIANÇA,0 a < 5 anos,2025,NORTE,15,PA,150570,PONTA DE PEDRAS,91,4.88%,180,9.66%,1592,85.45%,271,14.55,1863,12,0.64%,76,4.08%,1696,91.04%,79,4.24%,88,4.72,1863
CRIANÇA,0 a < 5 anos,2025,NORTE,15,PA,150580,PORTEL,444,7.34%,779,12.88%,4826,79.78%,1223,20.22,6049,64,1.06%,268,4.43%,5484,90.66%,233,3.85%,332,5.49,6049
CRIANÇA,0 a < 5 anos,2025,NORTE,15,PA,150590,PORTO DE MOZ,278,9.42%,367,12.43%,2307,78.15%,645,21.85,2952,48,1.63%,191,6.47%,2575,87.23%,138,4.67%,239,8.1,2952
CRIANÇA,0 a < 5 anos,2025,NORTE,15,PA,150600,PRAINHA,140,4.44%,251,7.96%,2763,87.6%,391,12.4,3154,34,1.08%,99,3.14%,2854,90.49%,167,5.29%,133,4.22,3154
CRIANÇA,0 a < 5 anos,2025,NORTE,15,PA,150610,PRIMAVERA,38,4.72%,56,6.96%,711,88.32%,94,11.68,805,3,0.37%,16,1.99%,726,90.19%,60,7.45%,19,2.36,805
CRIANÇA,0 a < 5 anos,2025,NORTE,15,PA,150611,QUATIPURU,40,5.82%,42,6.11%,605,88.06%,82,11.94,687,5,0.73%,17,2.47%,614,89.37%,51,7.42%,22,3.2,687
CRIANÇA,0 a < 5 anos,2025,NORTE,15,PA,150613,REDENCAO,336,5.57%,512,8.49%,5184,85.94%,848,14.06,6032,41,0.68%,143,2.37%,5549,91.99%,299,4.96%,184,3.05,6032
CRIANÇA,0 a < 5 anos,2025,NORTE,15,PA,150616,RIO MARIA,48,5.55%,60,6.94%,757,87.51%,108,12.49,865,4,0.46%,29,3.35%,781,90.29%,51,5.9%,33,3.82,865
CRIANÇA,0 a < 5 anos,2025,NORTE,15,PA,150618,RONDON DO PARA,78,3.27%,152,6.37%,2158,90.37%,230,9.63,2388,24,1.01%,75,3.14%,2171,90.91%,118,4.94%,99,4.15,2388
CRIANÇA,0 a < 5 anos,2025,NORTE,15,PA,150619,RUROPOLIS,70,3.66%,132,6.91%,1709,89.43%,202,10.57,1911,10,0.52%,49,2.56%,1734,90.74%,118,6.17%,59,3.09,1911
CRIANÇA,0 a < 5 anos,2025,NORTE,15,PA,150620,SALINOPOLIS,77,2.63%,184,6.29%,2665,91.08%,261,8.92,2926,13,0.44%,62,2.12%,2588,88.45%,263,8.99%,75,2.56,2926
CRIANÇA,0 a < 5 anos,2025,NORTE,15,PA,150630,SALVATERRA,82,5.42%,121,8%,1309,86.57%,203,13.43,1512,8,0.53%,48,3.17%,1356,89.68%,100,6.61%,56,3.7,1512
CRIANÇA,0 a < 5 anos,2025,NORTE,15,PA,150635,SANTA BARBARA DO PARA,53,4.69%,85,7.52%,992,87.79%,138,12.21,1130,9,0.8%,38,3.36%,999,88.41%,84,7.43%,47,4.16,1130
CRIANÇA,0 a < 5 anos,2025,NORTE,15,PA,150640,SANTA CRUZ DO ARARI,30,6.65%,53,11.75%,368,81.6%,83,18.4,451,5,1.11%,16,3.55%,400,88.69%,30,6.65%,21,4.66,451
CRIANÇA,0 a < 5 anos,2025,NORTE,15,PA,150650,SANTA IZABEL DO PARA,188,5.53%,238,7%,2974,87.47%,426,12.53,3400,27,0.79%,67,1.97%,2989,87.91%,317,9.32%,94,2.76,3400
CRIANÇA,0 a < 5 anos,2025,NORTE,15,PA,150655,SANTA LUZIA DO PARA,75,5.16%,112,7.7%,1267,87.14%,187,12.86,1454,15,1.03%,39,2.68%,1293,88.93%,107,7.36%,54,3.71,1454
CRIANÇA,0 a < 5 anos,2025,NORTE,15,PA,150658,SANTA MARIA DAS BARREIRAS,27,2.99%,53,5.88%,822,91.13%,80,8.87,902,5,0.55%,24,2.66%,820,90.91%,53,5.88%,29,3.22,902
CRIANÇA,0 a < 5 anos,2025,NORTE,15,PA,150660,SANTA MARIA DO PARA,60,3.61%,97,5.84%,1503,90.54%,157,9.46,1660,10,0.6%,30,1.81%,1477,88.98%,143,8.61%,40,2.41,1660
CRIANÇA,0 a < 5 anos,2025,NORTE,15,PA,150670,SANTANA DO ARAGUAIA,221,9.02%,219,8.94%,2009,82.03%,440,17.97,2449,56,2.29%,126,5.14%,2134,87.14%,133,5.43%,182,7.43,2449
CRIANÇA,0 a < 5 anos,2025,NORTE,15,PA,150680,SANTAREM,1418,6.83%,2306,11.1%,17048,82.07%,3724,17.93,20772,335,1.61%,1301,6.26%,18192,87.58%,945,4.55%,1636,7.88,20773
CRIANÇA,0 a < 5 anos,2025,NORTE,15,PA,150690,SANTAREM NOVO,12,2.43%,16,3.24%,466,94.33%,28,5.67,494,2,0.4%,8,1.62%,442,89.47%,42,8.5%,10,2.02,494
CRIANÇA,0 a < 5 anos,2025,NORTE,15,PA,150700,SANTO ANTONIO DO TAUA,123,6.15%,178,8.9%,1699,84.95%,301,15.05,2000,23,1.15%,50,2.5%,1829,91.45%,98,4.9%,73,3.65,2000
CRIANÇA,0 a < 5 anos,2025,NORTE,15,PA,150710,SAO CAETANO DE ODIVELAS,41,3.92%,68,6.49%,938,89.59%,109,10.41,1047,12,1.15%,29,2.77%,945,90.26%,61,5.83%,41,3.92,1047
CRIANÇA,0 a < 5 anos,2025,NORTE,15,PA,150715,SAO DOMINGOS DO ARAGUAIA,94,6.82%,137,9.94%,1147,83.24%,231,16.76,1378,11,0.8%,40,2.9%,1254,91%,73,5.3%,51,3.7,1378
CRIANÇA,0 a < 5 anos,2025,NORTE,15,PA,150720,SAO DOMINGOS DO CAPIM,153,6.46%,215,9.07%,2002,84.47%,368,15.53,2370,20,0.84%,54,2.28%,2160,91.1%,137,5.78%,74,3.12,2371
CRIANÇA,0 a < 5 anos,2025,NORTE,15,PA,150730,SAO FELIX DO XINGU,264,5.92%,317,7.11%,3875,86.96%,581,13.04,4456,43,0.96%,125,2.81%,4002,89.81%,286,6.42%,168,3.77,4456
CRIANÇA,0 a < 5 anos,2025,NORTE,15,PA,150740,SAO FRANCISCO DO PARA,44,4.66%,50,5.3%,850,90.04%,94,9.96,944,9,0.95%,19,2.01%,831,88.03%,85,9%,28,2.97,944
CRIANÇA,0 a < 5 anos,2025,NORTE,15,PA,150745,SAO GERALDO DO ARAGUAIA,59,3.64%,97,5.99%,1464,90.37%,156,9.63,1620,12,0.74%,35,2.16%,1493,92.16%,80,4.94%,47,2.9,1620
CRIANÇA,0 a < 5 anos,2025,NORTE,15,PA,150746,SAO JOAO DA PONTA,17,4.89%,15,4.31%,316,90.8%,32,9.2,348,5,1.44%,16,4.6%,307,88.22%,20,5.75%,21,6.03,348
CRIANÇA,0 a < 5 anos,2025,NORTE,15,PA,150747,SAO JOAO DE PIRABAS,38,2.68%,99,6.99%,1280,90.33%,137,9.67,1417,6,0.42%,28,1.98%,1287,90.83%,96,6.77%,34,2.4,1417
CRIANÇA,0 a < 5 anos,2025,NORTE,15,PA,150750,SAO JOAO DO ARAGUAIA,50,5.29%,74,7.83%,821,86.88%,124,13.12,945,20,2.12%,62,6.56%,823,87.09%,40,4.23%,82,8.68,945
CRIANÇA,0 a < 5 anos,2025,NORTE,15,PA,150760,SAO MIGUEL DO GUAMA,217,5.67%,358,9.35%,3252,84.98%,575,15.02,3827,31,0.81%,106,2.77%,3504,91.56%,186,4.86%,137,3.58,3827
CRIANÇA,0 a < 5 anos,2025,NORTE,15,PA,150770,SAO SEBASTIAO DA BOA VISTA,221,9.58%,363,15.73%,1723,74.69%,584,25.31,2307,22,0.95%,84,3.64%,2094,90.77%,107,4.64%,106,4.59,2307
CRIANÇA,0 a < 5 anos,2025,NORTE,15,PA,150775,SAPUCAIA,35,9.86%,50,14.08%,270,76.06%,85,23.94,355,4,1.13%,13,3.66%,327,92.11%,11,3.1%,17,4.79,355
CRIANÇA,0 a < 5 anos,2025,NORTE,15,PA,150780,SENADOR JOSE PORFIRIO,165,10.4%,154,9.7%,1268,79.9%,319,20.1,1587,11,0.69%,46,2.9%,1446,91.12%,84,5.29%,57,3.59,1587
CRIANÇA,0 a < 5 anos,2025,NORTE,15,PA,150790,SOURE,98,6.49%,136,9%,1277,84.51%,234,15.49,1511,23,1.52%,51,3.38%,1321,87.43%,116,7.68%,74,4.9,1511
CRIANÇA,0 a < 5 anos,2025,NORTE,15,PA,150795,TAILANDIA,212,3.46%,366,5.97%,5550,90.57%,578,9.43,6128,35,0.57%,125,2.04%,5644,92.1%,324,5.29%,160,2.61,6128
CRIANÇA,0 a < 5 anos,2025,NORTE,15,PA,150796,TERRA ALTA,42,6.12%,57,8.31%,587,85.57%,99,14.43,686,6,0.87%,18,2.62%,623,90.82%,39,5.69%,24,3.5,686
CRIANÇA,0 a < 5 anos,2025,NORTE,15,PA,150797,TERRA SANTA,37,2.54%,88,6.04%,1333,91.43%,125,8.57,1458,9,0.62%,40,2.75%,1336,91.7%,72,4.94%,49,3.36,1457
CRIANÇA,0 a < 5 anos,2025,NORTE,15,PA,150800,TOME-ACU,356,6.31%,522,9.25%,4768,84.45%,878,15.55,5646,39,0.69%,133,2.36%,5191,91.94%,283,5.01%,172,3.05,5646
CRIANÇA,0 a < 5 anos,2025,NORTE,15,PA,150803,TRACUATEUA,99,5.03%,137,6.96%,1732,88.01%,236,11.99,1968,17,0.86%,72,3.66%,1759,89.38%,120,6.1%,89,4.52,1968
CRIANÇA,0 a < 5 anos,2025,NORTE,15,PA,150805,TRAIRAO,53,4%,90,6.79%,1183,89.22%,143,10.78,1326,11,0.83%,54,4.07%,1179,88.91%,82,6.18%,65,4.9,1326
CRIANÇA,0 a < 5 anos,2025,NORTE,15,PA,150808,TUCUMA,66,2.67%,144,5.82%,2266,91.52%,210,8.48,2476,20,0.81%,57,2.3%,2281,92.12%,118,4.77%,77,3.11,2476
CRIANÇA,0 a < 5 anos,2025,NORTE,15,PA,150810,TUCURUI,141,2.87%,307,6.24%,4469,90.89%,448,9.11,4917,22,0.45%,119,2.42%,4499,91.46%,279,5.67%,141,2.87,4919
CRIANÇA,0 a < 5 anos,2025,NORTE,15,PA,150812,ULIANOPOLIS,92,4.83%,147,7.72%,1665,87.45%,239,12.55,1904,13,0.68%,51,2.68%,1720,90.34%,120,6.3%,64,3.36,1904
CRIANÇA,0 a < 5 anos,2025,NORTE,15,PA,150815,URUARA,149,5.01%,211,7.1%,2612,87.89%,360,12.11,2972,39,1.31%,91,3.06%,2594,87.28%,248,8.34%,130,4.37,2972
CRIANÇA,0 a < 5 anos,2025,NORTE,15,PA,150820,VIGIA,231,9.21%,266,10.61%,2010,80.18%,497,19.82,2507,60,2.39%,131,5.23%,2105,83.96%,211,8.42%,191,7.62,2507
CRIANÇA,0 a < 5 anos,2025,NORTE,15,PA,150830,VISEU,338,7.31%,477,10.32%,3809,82.37%,815,17.63,4624,49,1.06%,164,3.55%,4166,90.1%,245,5.3%,213,4.61,4624
CRIANÇA,0 a < 5 anos,2025,NORTE,15,PA,150835,VITORIA DO XINGU,55,4.12%,97,7.27%,1183,88.61%,152,11.39,1335,13,0.97%,43,3.22%,1197,89.66%,82,6.14%,56,4.19,1335
CRIANÇA,0 a < 5 anos,2025,NORTE,15,PA,150840,XINGUARA,161,5.35%,206,6.84%,2645,87.82%,367,12.18,3012,17,0.56%,98,3.25%,2761,91.67%,136,4.52%,115,3.82,3012
CRIANÇA,0 a < 5 anos,2025,NORTE,16,AP,160005,SERRA DO NAVIO,17,5.25%,20,6.17%,287,88.58%,37,11.42,324,2,0.62%,13,4.01%,286,88.27%,23,7.1%,15,4.63,324
CRIANÇA,0 a < 5 anos,2025,NORTE,16,AP,160010,AMAPA,26,3.93%,46,6.96%,589,89.11%,72,10.89,661,13,1.97%,21,3.18%,592,89.56%,35,5.3%,34,5.14,661
CRIANÇA,0 a < 5 anos,2025,NORTE,16,AP,160015,PEDRA BRANCA DO AMAPARI,36,4.25%,60,7.08%,751,88.67%,96,11.33,847,11,1.3%,24,2.83%,766,90.44%,46,5.43%,35,4.13,847
CRIANÇA,0 a < 5 anos,2025,NORTE,16,AP,160020,CALCOENE,44,5.05%,77,8.84%,750,86.11%,121,13.89,871,9,1.03%,31,3.56%,787,90.36%,44,5.05%,40,4.59,871
CRIANÇA,0 a < 5 anos,2025,NORTE,16,AP,160021,CUTIAS,50,10.48%,55,11.53%,372,77.99%,105,22.01,477,9,1.89%,16,3.35%,426,89.31%,26,5.45%,25,5.24,477
CRIANÇA,0 a < 5 anos,2025,NORTE,16,AP,160023,FERREIRA GOMES,24,5.27%,40,8.79%,391,85.93%,64,14.07,455,5,1.1%,21,4.62%,408,89.67%,21,4.62%,26,5.71,455
CRIANÇA,0 a < 5 anos,2025,NORTE,16,AP,160025,ITAUBAL,37,5.54%,73,10.93%,558,83.53%,110,16.47,668,6,0.9%,32,4.79%,599,89.67%,31,4.64%,38,5.69,668
CRIANÇA,0 a < 5 anos,2025,NORTE,16,AP,160027,LARANJAL DO JARI,123,5.24%,212,9.03%,2012,85.73%,335,14.27,2347,19,0.81%,61,2.6%,2119,90.29%,148,6.31%,80,3.41,2347
CRIANÇA,0 a < 5 anos,2025,NORTE,16,AP,160030,MACAPA,1350,6.14%,2075,9.44%,18549,84.41%,3425,15.59,21974,209,0.95%,634,2.89%,19843,90.3%,1288,5.86%,843,3.84,21974
CRIANÇA,0 a < 5 anos,2025,NORTE,16,AP,160040,MAZAGAO,211,9.81%,232,10.79%,1708,79.4%,443,20.6,2151,15,0.7%,84,3.91%,1943,90.33%,109,5.07%,99,4.6,2151
CRIANÇA,0 a < 5 anos,2025,NORTE,16,AP,160050,OIAPOQUE,73,4.29%,138,8.12%,1489,87.59%,211,12.41,1700,15,0.88%,45,2.65%,1525,89.71%,115,6.76%,60,3.53,1700
CRIANÇA,0 a < 5 anos,2025,NORTE,16,AP,160053,PORTO GRANDE,73,6.92%,77,7.3%,905,85.78%,150,14.22,1055,8,0.76%,33,3.13%,952,90.24%,62,5.88%,41,3.89,1055
CRIANÇA,0 a < 5 anos,2025,NORTE,16,AP,160055,PRACUUBA,22,5.51%,34,8.52%,343,85.96%,56,14.04,399,3,0.75%,10,2.51%,368,92.23%,18,4.51%,13,3.26,399
CRIANÇA,0 a < 5 anos,2025,NORTE,16,AP,160060,SANTANA,374,5.99%,691,11.07%,5175,82.93%,1065,17.07,6240,66,1.06%,213,3.41%,5632,90.26%,329,5.27%,279,4.47,6240
CRIANÇA,0 a < 5 anos,2025,NORTE,16,AP,160070,TARTARUGALZINHO,71,5.53%,167,13%,1047,81.48%,238,18.52,1285,5,0.39%,51,3.97%,1167,90.82%,62,4.82%,56,4.36,1285
CRIANÇA,0 a < 5 anos,2025,NORTE,16,AP,160080,VITORIA DO JARI,65,6.55%,95,9.57%,833,83.89%,160,16.11,993,11,1.11%,30,3.02%,885,89.12%,67,6.75%,41,4.13,993
CRIANÇA,0 a < 5 anos,2025,NORTE,17,TO,170025,ABREULANDIA,7,5.79%,10,8.26%,104,85.95%,17,14.05,121,1,0.83%,6,4.96%,106,87.6%,8,6.61%,7,5.79,121
CRIANÇA,0 a < 5 anos,2025,NORTE,17,TO,170030,AGUIARNOPOLIS,8,7.08%,10,8.85%,95,84.07%,18,15.93,113,0,-,5,4.42%,105,92.92%,3,2.65%,5,4.42,113
CRIANÇA,0 a < 5 anos,2025,NORTE,17,TO,170035,ALIANCA DO TOCANTINS,17,5%,23,6.76%,300,88.24%,40,11.76,340,1,0.29%,2,0.59%,324,95.29%,13,3.82%,3,0.88,340
CRIANÇA,0 a < 5 anos,2025,NORTE,17,TO,170040,ALMAS,15,3.1%,50,10.33%,419,86.57%,65,13.43,484,1,0.21%,8,1.65%,457,94.42%,18,3.72%,9,1.86,484
CRIANÇA,0 a < 5 anos,2025,NORTE,17,TO,170070,ALVORADA,43,7.98%,29,5.38%,467,86.64%,72,13.36,539,8,1.48%,18,3.34%,465,86.27%,48,8.91%,26,4.82,539
CRIANÇA,0 a < 5 anos,2025,NORTE,17,TO,170100,ANANAS,26,3.74%,57,8.19%,613,88.07%,83,11.93,696,8,1.15%,21,3.02%,631,90.66%,36,5.17%,29,4.17,696
CRIANÇA,0 a < 5 anos,2025,NORTE,17,TO,170105,ANGICO,4,2.65%,8,5.3%,139,92.05%,12,7.95,151,0,-,5,3.31%,141,93.38%,5,3.31%,5,3.31,151
CRIANÇA,0 a < 5 anos,2025,NORTE,17,TO,170110,APARECIDA DO RIO NEGRO,22,6.11%,28,7.78%,310,86.11%,50,13.89,360,2,0.56%,4,1.11%,338,93.89%,16,4.44%,6,1.67,360
CRIANÇA,0 a < 5 anos,2025,NORTE,17,TO,170130,ARAGOMINAS,18,5.9%,23,7.54%,264,86.56%,41,13.44,305,1,0.33%,14,4.59%,265,86.89%,25,8.2%,15,4.92,305
CRIANÇA,0 a < 5 anos,2025,NORTE,17,TO,170190,ARAGUACEMA,33,8.71%,27,7.12%,319,84.17%,60,15.83,379,1,0.26%,7,1.85%,353,93.14%,18,4.75%,8,2.11,379
CRIANÇA,0 a < 5 anos,2025,NORTE,17,TO,170200,ARAGUACU,21,4.3%,25,5.12%,442,90.57%,46,9.43,488,1,0.2%,13,2.66%,453,92.83%,21,4.3%,14,2.87,488
CRIANÇA,0 a < 5 anos,2025,NORTE,17,TO,170210,ARAGUAINA,1143,10.45%,1008,9.22%,8787,80.33%,2151,19.67,10938,296,2.71%,526,4.81%,9572,87.51%,544,4.97%,822,7.52,10938
CRIANÇA,0 a < 5 anos,2025,NORTE,17,TO,170215,ARAGUANA,11,4.45%,29,11.74%,207,83.81%,40,16.19,247,1,0.4%,5,2.02%,234,94.74%,7,2.83%,6,2.43,247
CRIANÇA,0 a < 5 anos,2025,NORTE,17,TO,170220,ARAGUATINS,91,4.4%,172,8.32%,1804,87.28%,263,12.72,2067,21,1.02%,65,3.14%,1894,91.63%,87,4.21%,86,4.16,2067
CRIANÇA,0 a < 5 anos,2025,NORTE,17,TO,170230,ARAPOEMA,17,5.26%,28,8.67%,278,86.07%,45,13.93,323,2,0.62%,7,2.17%,291,90.09%,23,7.12%,9,2.79,323
CRIANÇA,0 a < 5 anos,2025,NORTE,17,TO,170240,ARRAIAS,35,6.18%,58,10.25%,473,83.57%,93,16.43,566,4,0.71%,12,2.12%,524,92.58%,26,4.59%,16,2.83,566
CRIANÇA,0 a < 5 anos,2025,NORTE,17,TO,170255,AUGUSTINOPOLIS,39,3.47%,92,8.19%,992,88.33%,131,11.67,1123,4,0.36%,29,2.58%,1034,92.07%,56,4.99%,33,2.94,1123
CRIANÇA,0 a < 5 anos,2025,NORTE,17,TO,170270,AURORA DO TOCANTINS,11,7.19%,13,8.5%,129,84.31%,24,15.69,153,3,1.96%,2,1.31%,141,92.16%,7,4.58%,5,3.27,153
CRIANÇA,0 a < 5 anos,2025,NORTE,17,TO,170290,AXIXA DO TOCANTINS,47,6.08%,54,6.99%,672,86.93%,101,13.07,773,11,1.42%,18,2.33%,673,87.06%,71,9.18%,29,3.75,773
CRIANÇA,0 a < 5 anos,2025,NORTE,17,TO,170300,BABACULANDIA,27,6.84%,61,15.44%,307,77.72%,88,22.28,395,8,2.03%,8,2.03%,362,91.65%,17,4.3%,16,4.05,395
CRIANÇA,0 a < 5 anos,2025,NORTE,17,TO,170305,BANDEIRANTES DO TOCANTINS,4,1.5%,15,5.64%,247,92.86%,19,7.14,266,0,-,6,2.26%,248,93.23%,12,4.51%,6,2.26,266
CRIANÇA,0 a < 5 anos,2025,NORTE,17,TO,170307,BARRA DO OURO,14,3.74%,32,8.56%,328,87.7%,46,12.3,374,2,0.53%,15,4.01%,346,92.51%,11,2.94%,17,4.55,374
CRIANÇA,0 a < 5 anos,2025,NORTE,17,TO,170310,BARROLANDIA,15,4.34%,25,7.23%,306,88.44%,40,11.56,346,2,0.58%,5,1.45%,327,94.51%,12,3.47%,7,2.02,346
CRIANÇA,0 a < 5 anos,2025,NORTE,17,TO,170320,BERNARDO SAYAO,5,4.55%,15,13.64%,90,81.82%,20,18.18,110,2,1.82%,6,5.45%,94,85.45%,8,7.27%,8,7.27,110
CRIANÇA,0 a < 5 anos,2025,NORTE,17,TO,170330,BOM JESUS DO TOCANTINS,29,8.43%,40,11.63%,275,79.94%,69,20.06,344,0,-,13,3.78%,313,90.99%,18,5.23%,13,3.78,344
CRIANÇA,0 a < 5 anos,2025,NORTE,17,TO,170360,BRASILANDIA DO TOCANTINS,13,8.84%,10,6.8%,124,84.35%,23,15.65,147,2,1.36%,2,1.36%,130,88.44%,13,8.84%,4,2.72,147
CRIANÇA,0 a < 5 anos,2025,NORTE,17,TO,170370,BREJINHO DE NAZARE,16,5.65%,36,12.72%,231,81.63%,52,18.37,283,4,1.41%,3,1.06%,260,91.87%,16,5.65%,7,2.47,283
CRIANÇA,0 a < 5 anos,2025,NORTE,17,TO,170380,BURITI DO TOCANTINS,38,5.46%,78,11.21%,580,83.33%,116,16.67,696,4,0.57%,15,2.16%,640,91.95%,37,5.32%,19,2.73,696
CRIANÇA,0 a < 5 anos,2025,NORTE,17,TO,170382,CACHOEIRINHA,1,0.63%,6,3.77%,152,95.6%,7,4.4,159,0,-,2,1.26%,148,93.08%,9,5.66%,2,1.26,159
CRIANÇA,0 a < 5 anos,2025,NORTE,17,TO,170384,CAMPOS LINDOS,18,2.24%,57,7.09%,729,90.67%,75,9.33,804,3,0.37%,15,1.87%,764,95.02%,22,2.74%,18,2.24,804
CRIANÇA,0 a < 5 anos,2025,NORTE,17,TO,170386,CARIRI DO TOCANTINS,9,3.88%,17,7.33%,206,88.79%,26,11.21,232,2,0.86%,3,1.29%,204,87.93%,23,9.91%,5,2.16,232
CRIANÇA,0 a < 5 anos,2025,NORTE,17,TO,170388,CARMOLANDIA,6,2.79%,14,6.51%,195,90.7%,20,9.3,215,2,0.93%,3,1.4%,193,89.77%,17,7.91%,5,2.33,215
CRIANÇA,0 a < 5 anos,2025,NORTE,17,TO,170389,CARRASCO BONITO,8,2.97%,26,9.67%,235,87.36%,34,12.64,269,0,-,7,2.6%,242,89.96%,20,7.43%,7,2.6,269
CRIANÇA,0 a < 5 anos,2025,NORTE,17,TO,170390,CASEARA,16,4.86%,29,8.81%,284,86.32%,45,13.68,329,2,0.61%,4,1.22%,310,94.22%,13,3.95%,6,1.82,329
CRIANÇA,0 a < 5 anos,2025,NORTE,17,TO,170410,CENTENARIO,7,10%,2,2.86%,61,87.14%,9,12.86,70,0,-,3,4.29%,66,94.29%,1,1.43%,3,4.29,70
CRIANÇA,0 a < 5 anos,2025,NORTE,17,TO,170460,CHAPADA DE AREIA,5,3.79%,10,7.58%,117,88.64%,15,11.36,132,3,2.27%,3,2.27%,120,90.91%,6,4.55%,6,4.55,132
CRIANÇA,0 a < 5 anos,2025,NORTE,17,TO,170510,CHAPADA DA NATIVIDADE,5,2.1%,16,6.72%,217,91.18%,21,8.82,238,0,-,0,-,229,96.22%,9,3.78%,0,0.0,238
CRIANÇA,0 a < 5 anos,2025,NORTE,17,TO,170550,COLINAS DO TOCANTINS,112,5.42%,156,7.55%,1799,87.03%,268,12.97,2067,11,0.53%,50,2.42%,1904,92.11%,102,4.93%,61,2.95,2067
CRIANÇA,0 a < 5 anos,2025,NORTE,17,TO,170555,COMBINADO,18,5.86%,37,12.05%,252,82.08%,55,17.92,307,3,0.98%,8,2.61%,285,92.83%,11,3.58%,11,3.58,307
CRIANÇA,0 a < 5 anos,2025,NORTE,17,TO,170560,CONCEICAO DO TOCANTINS,9,3.24%,23,8.27%,246,88.49%,32,11.51,278,2,0.72%,4,1.44%,260,93.53%,12,4.32%,6,2.16,278
CRIANÇA,0 a < 5 anos,2025,NORTE,17,TO,170600,COUTO MAGALHAES,12,3.65%,25,7.6%,292,88.75%,37,11.25,329,2,0.61%,12,3.65%,265,80.55%,50,15.2%,14,4.26,329
CRIANÇA,0 a < 5 anos,2025,NORTE,17,TO,170610,CRISTALANDIA,11,3.93%,24,8.57%,245,87.5%,35,12.5,280,5,1.79%,12,4.29%,244,87.14%,19,6.79%,17,6.07,280
CRIANÇA,0 a < 5 anos,2025,NORTE,17,TO,170625,CRIXAS DO TOCANTINS,6,7.89%,10,13.16%,60,78.95%,16,21.05,76,0,-,0,-,74,97.37%,2,2.63%,0,0.0,76
CRIANÇA,0 a < 5 anos,2025,NORTE,17,TO,170650,DARCINOPOLIS,18,4.08%,33,7.48%,390,88.44%,51,11.56,441,5,1.13%,14,3.17%,394,89.34%,28,6.35%,19,4.31,441
CRIANÇA,0 a < 5 anos,2025,NORTE,17,TO,170700,DIANOPOLIS,40,4.07%,70,7.12%,873,88.81%,110,11.19,983,8,0.81%,39,3.97%,888,90.34%,48,4.88%,47,4.78,983
CRIANÇA,0 a < 5 anos,2025,NORTE,17,TO,170710,DIVINOPOLIS DO TOCANTINS,15,3.78%,47,11.84%,335,84.38%,62,15.62,397,1,0.25%,7,1.76%,370,93.2%,19,4.79%,8,2.02,397
CRIANÇA,0 a < 5 anos,2025,NORTE,17,TO,170720,DOIS IRMAOS DO TOCANTINS,6,1.64%,18,4.92%,342,93.44%,24,6.56,366,0,-,6,1.64%,336,91.8%,24,6.56%,6,1.64,366
CRIANÇA,0 a < 5 anos,2025,NORTE,17,TO,170730,DUERE,13,4.68%,16,5.76%,249,89.57%,29,10.43,278,3,1.08%,5,1.8%,253,91.01%,17,6.12%,8,2.88,278
CRIANÇA,0 a < 5 anos,2025,NORTE,17,TO,170740,ESPERANTINA,29,4.86%,47,7.87%,521,87.27%,76,12.73,597,5,0.84%,23,3.85%,536,89.78%,33,5.53%,28,4.69,597
CRIANÇA,0 a < 5 anos,2025,NORTE,17,TO,170755,FATIMA,5,2.45%,16,7.84%,183,89.71%,21,10.29,204,2,0.98%,3,1.47%,184,90.2%,15,7.35%,5,2.45,204
CRIANÇA,0 a < 5 anos,2025,NORTE,17,TO,170765,FIGUEIROPOLIS,8,2.66%,7,2.33%,286,95.02%,15,4.98,301,4,1.33%,1,0.33%,272,90.37%,24,7.97%,5,1.66,301
CRIANÇA,0 a < 5 anos,2025,NORTE,17,TO,170770,FILADELFIA,27,4.88%,59,10.67%,467,84.45%,86,15.55,553,2,0.36%,10,1.81%,520,94.03%,21,3.8%,12,2.17,553
CRIANÇA,0 a < 5 anos,2025,NORTE,17,TO,170820,FORMOSO DO ARAGUAIA,48,5.1%,72,7.64%,822,87.26%,120,12.74,942,6,0.64%,15,1.59%,858,91.08%,63,6.69%,21,2.23,942
CRIANÇA,0 a < 5 anos,2025,NORTE,17,TO,170825,TABOCAO,4,3.54%,4,3.54%,105,92.92%,8,7.08,113,1,0.88%,2,1.77%,103,91.15%,7,6.19%,3,2.65,113
CRIANÇA,0 a < 5 anos,2025,NORTE,17,TO,170830,GOIANORTE,18,5.81%,29,9.35%,263,84.84%,47,15.16,310,1,0.32%,4,1.29%,284,91.61%,21,6.77%,5,1.61,310
CRIANÇA,0 a < 5 anos,2025,NORTE,17,TO,170900,GOIATINS,41,4.2%,66,6.76%,870,89.05%,107,10.95,977,6,0.61%,22,2.25%,894,91.5%,55,5.63%,28,2.87,977
CRIANÇA,0 a < 5 anos,2025,NORTE,17,TO,170930,GUARAI,22,2.32%,88,9.28%,838,88.4%,110,11.6,948,5,0.53%,24,2.53%,871,91.88%,48,5.06%,29,3.06,948
CRIANÇA,0 a < 5 anos,2025,NORTE,17,TO,170950,GURUPI,121,3.09%,441,11.26%,3354,85.65%,562,14.35,3916,77,1.97%,240,6.13%,3443,87.92%,156,3.98%,317,8.09,3916
CRIANÇA,0 a < 5 anos,2025,NORTE,17,TO,170980,IPUEIRAS,5,4.9%,5,4.9%,92,90.2%,10,9.8,102,2,1.96%,4,3.92%,91,89.22%,5,4.9%,6,5.88,102
CRIANÇA,0 a < 5 anos,2025,NORTE,17,TO,171050,ITACAJA,20,4.17%,41,8.54%,419,87.29%,61,12.71,480,4,0.83%,6,1.25%,447,93.13%,23,4.79%,10,2.08,480
CRIANÇA,0 a < 5 anos,2025,NORTE,17,TO,171070,ITAGUATINS,22,6.38%,30,8.7%,293,84.93%,52,15.07,345,1,0.29%,14,4.06%,318,92.17%,12,3.48%,15,4.35,345
CRIANÇA,0 a < 5 anos,2025,NORTE,17,TO,171090,ITAPIRATINS,11,4.06%,19,7.01%,241,88.93%,30,11.07,271,2,0.74%,9,3.32%,253,93.36%,7,2.58%,11,4.06,271
CRIANÇA,0 a < 5 anos,2025,NORTE,17,TO,171110,ITAPORA DO TOCANTINS,7,3.91%,12,6.7%,160,89.39%,19,10.61,179,0,-,3,1.68%,161,89.94%,15,8.38%,3,1.68,179
CRIANÇA,0 a < 5 anos,2025,NORTE,17,TO,171150,JAU DO TOCANTINS,7,3.43%,11,5.39%,186,91.18%,18,8.82,204,1,0.49%,4,1.96%,179,87.75%,20,9.8%,5,2.45,204
CRIANÇA,0 a < 5 anos,2025,NORTE,17,TO,171180,JUARINA,2,1.06%,10,5.29%,177,93.65%,12,6.35,189,0,-,5,2.65%,173,91.53%,11,5.82%,5,2.65,189
CRIANÇA,0 a < 5 anos,2025,NORTE,17,TO,171190,LAGOA DA CONFUSAO,47,4.83%,122,12.53%,805,82.65%,169,17.35,974,11,1.13%,21,2.16%,891,91.48%,51,5.24%,32,3.29,974
CRIANÇA,0 a < 5 anos,2025,NORTE,17,TO,171195,LAGOA DO TOCANTINS,15,4.53%,22,6.65%,294,88.82%,37,11.18,331,4,1.21%,9,2.72%,303,91.54%,15,4.53%,13,3.93,331
CRIANÇA,0 a < 5 anos,2025,NORTE,17,TO,171200,LAJEADO,9,5.7%,15,9.49%,134,84.81%,24,15.19,158,1,0.63%,7,4.43%,144,91.14%,6,3.8%,8,5.06,158
CRIANÇA,0 a < 5 anos,2025,NORTE,17,TO,171215,LAVANDEIRA,0,-,9,7.26%,115,92.74%,9,7.26,124,0,-,1,0.81%,118,95.16%,5,4.03%,1,0.81,124
CRIANÇA,0 a < 5 anos,2025,NORTE,17,TO,171240,LIZARDA,18,7.63%,25,10.59%,193,81.78%,43,18.22,236,3,1.27%,11,4.66%,209,88.56%,13,5.51%,14,5.93,236
CRIANÇA,0 a < 5 anos,2025,NORTE,17,TO,171245,LUZINOPOLIS,6,4.65%,10,7.75%,113,87.6%,16,12.4,129,1,0.78%,0,-,125,96.9%,3,2.33%,1,0.78,129
CRIANÇA,0 a < 5 anos,2025,NORTE,17,TO,171250,MARIANOPOLIS DO TOCANTINS,3,1.02%,25,8.47%,267,90.51%,28,9.49,295,4,1.36%,8,2.71%,256,86.78%,27,9.15%,12,4.07,295
CRIANÇA,0 a < 5 anos,2025,NORTE,17,TO,171270,MATEIROS,9,5.06%,20,11.24%,149,83.71%,29,16.29,178,1,0.56%,5,2.81%,167,93.82%,5,2.81%,6,3.37,178
CRIANÇA,0 a < 5 anos,2025,NORTE,17,TO,171280,MAURILANDIA DO TOCANTINS,10,3.6%,18,6.47%,250,89.93%,28,10.07,278,3,1.08%,5,1.8%,250,89.93%,20,7.19%,8,2.88,278
CRIANÇA,0 a < 5 anos,2025,NORTE,17,TO,171320,MIRACEMA DO TOCANTINS,53,5.72%,66,7.13%,807,87.15%,119,12.85,926,4,0.43%,33,3.56%,849,91.68%,40,4.32%,37,4.0,926
CRIANÇA,0 a < 5 anos,2025,NORTE,17,TO,171330,MIRANORTE,48,6.21%,59,7.63%,666,86.16%,107,13.84,773,13,1.68%,25,3.23%,680,87.97%,55,7.12%,38,4.92,773
CRIANÇA,0 a < 5 anos,2025,NORTE,17,TO,171360,MONTE DO CARMO,14,3.49%,38,9.48%,349,87.03%,52,12.97,401,2,0.5%,11,2.74%,381,94.78%,8,1.99%,13,3.23,402
CRIANÇA,0 a < 5 anos,2025,NORTE,17,TO,171370,MONTE SANTO DO TOCANTINS,3,3.66%,5,6.1%,74,90.24%,8,9.76,82,0,-,3,3.66%,76,92.68%,3,3.66%,3,3.66,82
CRIANÇA,0 a < 5 anos,2025,NORTE,17,TO,171380,PALMEIRAS DO TOCANTINS,13,4.18%,37,11.9%,261,83.92%,50,16.08,311,4,1.29%,8,2.57%,287,92.28%,12,3.86%,12,3.86,311
CRIANÇA,0 a < 5 anos,2025,NORTE,17,TO,171395,MURICILANDIA,19,6.96%,28,10.26%,226,82.78%,47,17.22,273,1,0.37%,4,1.47%,249,91.21%,19,6.96%,5,1.83,273
CRIANÇA,0 a < 5 anos,2025,NORTE,17,TO,171420,NATIVIDADE,20,3.77%,31,5.85%,479,90.38%,51,9.62,530,4,0.75%,8,1.51%,495,93.4%,23,4.34%,12,2.26,530
CRIANÇA,0 a < 5 anos,2025,NORTE,17,TO,171430,NAZARE,20,8.23%,35,14.4%,188,77.37%,55,22.63,243,0,-,5,2.06%,224,92.18%,14,5.76%,5,2.06,243
CRIANÇA,0 a < 5 anos,2025,NORTE,17,TO,171488,NOVA OLINDA,39,4.67%,64,7.66%,733,87.68%,103,12.32,836,5,0.6%,14,1.67%,769,91.99%,48,5.74%,19,2.27,836
CRIANÇA,0 a < 5 anos,2025,NORTE,17,TO,171500,NOVA ROSALANDIA,21,8.2%,22,8.59%,213,83.2%,43,16.8,256,1,0.39%,10,3.91%,228,89.06%,17,6.64%,11,4.3,256
CRIANÇA,0 a < 5 anos,2025,NORTE,17,TO,171510,NOVO ACORDO,11,3.12%,17,4.82%,325,92.07%,28,7.93,353,4,1.13%,7,1.98%,328,92.92%,14,3.97%,11,3.12,353
CRIANÇA,0 a < 5 anos,2025,NORTE,17,TO,171515,NOVO ALEGRE,2,2.15%,7,7.53%,84,90.32%,9,9.68,93,0,-,2,2.15%,85,91.4%,6,6.45%,2,2.15,93
CRIANÇA,0 a < 5 anos,2025,NORTE,17,TO,171525,NOVO JARDIM,4,3.03%,15,11.36%,113,85.61%,19,14.39,132,1,0.76%,3,2.27%,121,91.67%,7,5.3%,4,3.03,132
CRIANÇA,0 a < 5 anos,2025,NORTE,17,TO,171550,OLIVEIRA DE FATIMA,7,7.78%,9,10%,74,82.22%,16,17.78,90,0,-,3,3.33%,81,90%,6,6.67%,3,3.33,90
CRIANÇA,0 a < 5 anos,2025,NORTE,17,TO,171570,PALMEIRANTE,32,8.44%,53,13.98%,294,77.57%,85,22.43,379,2,0.53%,13,3.43%,349,92.08%,15,3.96%,15,3.96,379
CRIANÇA,0 a < 5 anos,2025,NORTE,17,TO,171575,PALMEIROPOLIS,7,1.46%,23,4.8%,449,93.74%,30,6.26,479,3,0.63%,6,1.25%,437,91.23%,33,6.89%,9,1.88,479
CRIANÇA,0 a < 5 anos,2025,NORTE,17,TO,171610,PARAISO DO TOCANTINS,55,2.45%,115,5.12%,2074,92.42%,170,7.58,2244,13,0.58%,37,1.65%,2028,90.37%,166,7.4%,50,2.23,2244
CRIANÇA,0 a < 5 anos,2025,NORTE,17,TO,171620,PARANA,32,5.9%,38,7.01%,472,87.08%,70,12.92,542,6,1.11%,21,3.87%,475,87.64%,40,7.38%,27,4.98,542
CRIANÇA,0 a < 5 anos,2025,NORTE,17,TO,171630,PAU D'ARCO,14,6.48%,8,3.7%,194,89.81%,22,10.19,216,2,0.93%,10,4.63%,192,88.89%,12,5.56%,12,5.56,216
CRIANÇA,0 a < 5 anos,2025,NORTE,17,TO,171650,PEDRO AFONSO,39,4.18%,68,7.29%,826,88.53%,107,11.47,933,4,0.43%,22,2.36%,858,91.96%,49,5.25%,26,2.79,933
CRIANÇA,0 a < 5 anos,2025,NORTE,17,TO,171660,PEIXE,14,2.99%,48,10.26%,406,86.75%,62,13.25,468,3,0.64%,12,2.56%,418,89.32%,35,7.48%,15,3.21,468
CRIANÇA,0 a < 5 anos,2025,NORTE,17,TO,171665,PEQUIZEIRO,7,2.99%,15,6.41%,212,90.6%,22,9.4,234,5,2.14%,4,1.71%,209,89.32%,16,6.84%,9,3.85,234
CRIANÇA,0 a < 5 anos,2025,NORTE,17,TO,171670,COLMEIA,7,1.79%,27,6.91%,357,91.3%,34,8.7,391,0,-,6,1.53%,363,92.84%,22,5.63%,6,1.53,391
CRIANÇA,0 a < 5 anos,2025,NORTE,17,TO,171700,PINDORAMA DO TOCANTINS,22,8.53%,14,5.43%,222,86.05%,36,13.95,258,0,-,11,4.26%,235,91.09%,12,4.65%,11,4.26,258
CRIANÇA,0 a < 5 anos,2025,NORTE,17,TO,171720,PIRAQUE,9,5.2%,18,10.4%,146,84.39%,27,15.61,173,2,1.16%,4,2.31%,158,91.33%,9,5.2%,6,3.47,173
CRIANÇA,0 a < 5 anos,2025,NORTE,17,TO,171750,PIUM,13,2.67%,33,6.79%,440,90.53%,46,9.47,486,4,0.82%,7,1.44%,451,92.8%,24,4.94%,11,2.26,486
CRIANÇA,0 a < 5 anos,2025,NORTE,17,TO,171780,PONTE ALTA DO BOM JESUS,3,1.65%,8,4.4%,171,93.96%,11,6.04,182,1,0.55%,5,2.75%,171,93.96%,5,2.75%,6,3.3,182
CRIANÇA,0 a < 5 anos,2025,NORTE,17,TO,171790,PONTE ALTA DO TOCANTINS,17,4.06%,21,5.01%,381,90.93%,38,9.07,419,1,0.24%,9,2.15%,393,93.79%,16,3.82%,10,2.39,419
CRIANÇA,0 a < 5 anos,2025,NORTE,17,TO,171800,PORTO ALEGRE DO TOCANTINS,6,2.71%,15,6.79%,200,90.5%,21,9.5,221,0,-,8,3.62%,203,91.86%,10,4.52%,8,3.62,221
CRIANÇA,0 a < 5 anos,2025,NORTE,17,TO,171820,PORTO NACIONAL,109,3.11%,235,6.7%,3165,90.2%,344,9.8,3509,27,0.77%,87,2.48%,3231,92.08%,164,4.67%,114,3.25,3509
CRIANÇA,0 a < 5 anos,2025,NORTE,17,TO,171830,PRAIA NORTE,17,4.79%,24,6.76%,314,88.45%,41,11.55,355,4,1.13%,10,2.82%,328,92.39%,13,3.66%,14,3.94,355
CRIANÇA,0 a < 5 anos,2025,NORTE,17,TO,171840,PRESIDENTE KENNEDY,7,3.43%,16,7.84%,181,88.73%,23,11.27,204,0,-,6,2.94%,184,90.2%,14,6.86%,6,2.94,204
CRIANÇA,0 a < 5 anos,2025,NORTE,17,TO,171845,PUGMIL,5,2.81%,17,9.55%,156,87.64%,22,12.36,178,1,0.56%,3,1.69%,157,88.2%,17,9.55%,4,2.25,178
CRIANÇA,0 a < 5 anos,2025,NORTE,17,TO,171850,RECURSOLANDIA,18,5.64%,33,10.34%,268,84.01%,51,15.99,319,2,0.63%,4,1.25%,301,94.36%,12,3.76%,6,1.88,319
CRIANÇA,0 a < 5 anos,2025,NORTE,17,TO,171855,RIACHINHO,10,3.17%,18,5.71%,287,91.11%,28,8.89,315,2,0.63%,11,3.49%,285,90.48%,17,5.4%,13,4.13,315
CRIANÇA,0 a < 5 anos,2025,NORTE,17,TO,171865,RIO DA CONCEICAO,10,6.17%,17,10.49%,135,83.33%,27,16.67,162,1,0.62%,6,3.7%,151,93.21%,4,2.47%,7,4.32,162
CRIANÇA,0 a < 5 anos,2025,NORTE,17,TO,171870,RIO DOS BOIS,7,3.74%,12,6.42%,168,89.84%,19,10.16,187,0,-,3,1.6%,176,94.12%,8,4.28%,3,1.6,187
CRIANÇA,0 a < 5 anos,2025,NORTE,17,TO,171875,RIO SONO,26,7.18%,37,10.22%,299,82.6%,63,17.4,362,3,0.83%,21,5.8%,325,89.78%,13,3.59%,24,6.63,362
CRIANÇA,0 a < 5 anos,2025,NORTE,17,TO,171880,SAMPAIO,10,2.39%,28,6.68%,381,90.93%,38,9.07,419,4,0.95%,12,2.86%,378,90.21%,25,5.97%,16,3.82,419
CRIANÇA,0 a < 5 anos,2025,NORTE,17,TO,171884,SANDOLANDIA,10,3.88%,7,2.71%,241,93.41%,17,6.59,258,1,0.39%,2,0.78%,242,93.8%,13,5.04%,3,1.16,258
CRIANÇA,0 a < 5 anos,2025,NORTE,17,TO,171886,SANTA FE DO ARAGUAIA,10,1.99%,21,4.18%,471,93.82%,31,6.18,502,0,-,9,1.79%,468,93.23%,25,4.98%,9,1.79,502
CRIANÇA,0 a < 5 anos,2025,NORTE,17,TO,171888,SANTA MARIA DO TOCANTINS,12,6.67%,20,11.11%,148,82.22%,32,17.78,180,0,-,6,3.33%,169,93.89%,5,2.78%,6,3.33,180
CRIANÇA,0 a < 5 anos,2025,NORTE,17,TO,171889,SANTA RITA DO TOCANTINS,1,0.6%,6,3.61%,159,95.78%,7,4.22,166,1,0.6%,0,-,154,92.77%,11,6.63%,1,0.6,166
CRIANÇA,0 a < 5 anos,2025,NORTE,17,TO,171890,SANTA ROSA DO TOCANTINS,11,3.94%,17,6.09%,251,89.96%,28,10.04,279,0,-,9,3.23%,250,89.61%,20,7.17%,9,3.23,279
CRIANÇA,0 a < 5 anos,2025,NORTE,17,TO,171900,SANTA TEREZA DO TOCANTINS,9,3.11%,18,6.23%,262,90.66%,27,9.34,289,1,0.35%,8,2.77%,265,91.7%,15,5.19%,9,3.11,289
CRIANÇA,0 a < 5 anos,2025,NORTE,17,TO,172000,SANTA TEREZINHA DO TOCANTINS,7,4.55%,11,7.14%,136,88.31%,18,11.69,154,1,0.65%,4,2.6%,142,92.21%,7,4.55%,5,3.25,154
CRIANÇA,0 a < 5 anos,2025,NORTE,17,TO,172010,SAO BENTO DO TOCANTINS,28,5.42%,51,9.86%,438,84.72%,79,15.28,517,2,0.39%,10,1.93%,473,91.49%,32,6.19%,12,2.32,517
CRIANÇA,0 a < 5 anos,2025,NORTE,17,TO,172015,SAO FELIX DO TOCANTINS,6,5.26%,6,5.26%,102,89.47%,12,10.53,114,2,1.75%,3,2.63%,101,88.6%,8,7.02%,5,4.39,114
CRIANÇA,0 a < 5 anos,2025,NORTE,17,TO,172020,SAO MIGUEL DO TOCANTINS,51,4.65%,97,8.85%,948,86.5%,148,13.5,1096,7,0.64%,35,3.19%,1018,92.88%,36,3.28%,42,3.83,1096
CRIANÇA,0 a < 5 anos,2025,NORTE,17,TO,172025,SAO SALVADOR DO TOCANTINS,18,8.14%,26,11.76%,177,80.09%,44,19.91,221,2,0.9%,5,2.26%,201,90.95%,13,5.88%,7,3.17,221
CRIANÇA,0 a < 5 anos,2025,NORTE,17,TO,172030,SAO SEBASTIAO DO TOCANTINS,11,3.58%,21,6.84%,275,89.58%,32,10.42,307,2,0.65%,12,3.91%,273,88.93%,20,6.51%,14,4.56,307
CRIANÇA,0 a < 5 anos,2025,NORTE,17,TO,172049,SAO VALERIO,14,5.91%,7,2.95%,216,91.14%,21,8.86,237,2,0.84%,9,3.8%,212,89.45%,14,5.91%,11,4.64,237
CRIANÇA,0 a < 5 anos,2025,NORTE,17,TO,172065,SILVANOPOLIS,24,5.27%,36,7.91%,395,86.81%,60,13.19,455,2,0.44%,7,1.54%,423,92.97%,23,5.05%,9,1.98,455
CRIANÇA,0 a < 5 anos,2025,NORTE,17,TO,172080,SITIO NOVO DO TOCANTINS,32,4.42%,57,7.87%,635,87.71%,89,12.29,724,5,0.69%,14,1.93%,669,92.4%,36,4.97%,19,2.62,724
CRIANÇA,0 a < 5 anos,2025,NORTE,17,TO,172085,SUCUPIRA,6,4.48%,5,3.73%,123,91.79%,11,8.21,134,5,3.73%,1,0.75%,115,85.82%,13,9.7%,6,4.48,134
CRIANÇA,0 a < 5 anos,2025,NORTE,17,TO,172090,TAGUATINGA,48,5.35%,59,6.58%,790,88.07%,107,11.93,897,6,0.67%,22,2.45%,815,90.86%,54,6.02%,28,3.12,897
CRIANÇA,0 a < 5 anos,2025,NORTE,17,TO,172093,TAIPAS DO TOCANTINS,1,0.82%,6,4.92%,115,94.26%,7,5.74,122,0,-,2,1.64%,112,91.8%,8,6.56%,2,1.64,122
CRIANÇA,0 a < 5 anos,2025,NORTE,17,TO,172097,TALISMA,4,2.34%,14,8.19%,153,89.47%,18,10.53,171,0,-,4,2.34%,155,90.64%,12,7.02%,4,2.34,171
CRIANÇA,0 a < 5 anos,2025,NORTE,17,TO,172100,PALMAS,564,4.42%,972,7.62%,11216,87.95%,1536,12.05,12752,79,0.62%,318,2.49%,11604,91%,751,5.89%,397,3.11,12752
CRIANÇA,0 a < 5 anos,2025,NORTE,17,TO,172110,TOCANTINIA,29,4.04%,46,6.41%,643,89.55%,75,10.45,718,5,0.7%,17,2.37%,660,91.92%,36,5.01%,22,3.06,718
CRIANÇA,0 a < 5 anos,2025,NORTE,17,TO,172120,TOCANTINOPOLIS,73,5.23%,88,6.31%,1234,88.46%,161,11.54,1395,18,1.29%,45,3.22%,1276,91.4%,57,4.08%,63,4.51,1396
CRIANÇA,0 a < 5 anos,2025,NORTE,17,TO,172125,TUPIRAMA,7,4.76%,10,6.8%,130,88.44%,17,11.56,147,1,0.68%,6,4.08%,132,89.8%,8,5.44%,7,4.76,147
CRIANÇA,0 a < 5 anos,2025,NORTE,17,TO,172130,TUPIRATINS,2,2.15%,4,4.3%,87,93.55%,6,6.45,93,1,1.08%,3,3.23%,86,92.47%,3,3.23%,4,4.3,93
CRIANÇA,0 a < 5 anos,2025,NORTE,17,TO,172208,WANDERLANDIA,34,6.09%,38,6.81%,486,87.1%,72,12.9,558,4,0.72%,11,1.97%,505,90.5%,38,6.81%,15,2.69,558
CRIANÇA,0 a < 5 anos,2025,NORTE,17,TO,172210,XAMBIOA,35,5.83%,42,7%,523,87.17%,77,12.83,600,2,0.33%,20,3.33%,552,92%,26,4.33%,22,3.67,600
CRIANÇA,0 a < 5 anos,2025,NORDESTE,21,MA,210005,ACAILANDIA,169,3.52%,308,6.42%,4323,90.06%,477,9.94,4800,32,0.67%,139,2.9%,4357,90.77%,272,5.67%,171,3.56,4800
CRIANÇA,0 a < 5 anos,2025,NORDESTE,21,MA,210010,AFONSO CUNHA,46,6.56%,68,9.7%,587,83.74%,114,16.26,701,4,0.57%,26,3.71%,640,91.3%,31,4.42%,30,4.28,701
CRIANÇA,0 a < 5 anos,2025,NORDESTE,21,MA,210015,AGUA DOCE DO MARANHAO,65,6.83%,110,11.57%,776,81.6%,175,18.4,951,6,0.63%,24,2.52%,834,87.7%,87,9.15%,30,3.15,951
CRIANÇA,0 a < 5 anos,2025,NORDESTE,21,MA,210020,ALCANTARA,48,4.77%,78,7.75%,881,87.49%,126,12.51,1007,14,1.39%,46,4.57%,875,86.89%,72,7.15%,60,5.96,1007
CRIANÇA,0 a < 5 anos,2025,NORDESTE,21,MA,210030,ALDEIAS ALTAS,86,5.52%,159,10.21%,1313,84.27%,245,15.73,1558,24,1.54%,84,5.39%,1402,89.99%,48,3.08%,108,6.93,1558
CRIANÇA,0 a < 5 anos,2025,NORDESTE,21,MA,210040,ALTAMIRA DO MARANHAO,22,5.8%,23,6.07%,334,88.13%,45,11.87,379,4,1.06%,13,3.43%,327,86.28%,35,9.23%,17,4.49,379
CRIANÇA,0 a < 5 anos,2025,NORDESTE,21,MA,210043,ALTO ALEGRE DO MARANHAO,80,5.94%,118,8.77%,1148,85.29%,198,14.71,1346,18,1.34%,64,4.75%,1188,88.26%,76,5.65%,82,6.09,1346
CRIANÇA,0 a < 5 anos,2025,NORDESTE,21,MA,210047,ALTO ALEGRE DO PINDARE,123,5.88%,165,7.89%,1803,86.23%,288,13.77,2091,13,0.62%,68,3.25%,1912,91.44%,98,4.69%,81,3.87,2091
CRIANÇA,0 a < 5 anos,2025,NORDESTE,21,MA,210050,ALTO PARNAIBA,50,6.74%,58,7.82%,634,85.44%,108,14.56,742,6,0.81%,20,2.7%,657,88.54%,59,7.95%,26,3.5,742
CRIANÇA,0 a < 5 anos,2025,NORDESTE,21,MA,210055,AMAPA DO MARANHAO,27,4.76%,27,4.76%,513,90.48%,54,9.52,567,2,0.35%,17,3%,513,90.48%,35,6.17%,19,3.35,567
CRIANÇA,0 a < 5 anos,2025,NORDESTE,21,MA,210060,AMARANTE DO MARANHAO,204,6.73%,328,10.83%,2498,82.44%,532,17.56,3030,49,1.62%,150,4.95%,2634,86.93%,197,6.5%,199,6.57,3030
CRIANÇA,0 a < 5 anos,2025,NORDESTE,21,MA,210070,ANAJATUBA,54,4.09%,74,5.61%,1192,90.3%,128,9.7,1320,12,0.91%,42,3.18%,1176,89.09%,90,6.82%,54,4.09,1320
CRIANÇA,0 a < 5 anos,2025,NORDESTE,21,MA,210080,ANAPURUS,92,9.31%,126,12.75%,770,77.94%,218,22.06,988,11,1.11%,37,3.74%,893,90.38%,47,4.76%,48,4.86,988
CRIANÇA,0 a < 5 anos,2025,NORDESTE,21,MA,210083,APICUM-ACU,37,3.45%,98,9.13%,938,87.42%,135,12.58,1073,2,0.19%,31,2.89%,993,92.54%,47,4.38%,33,3.08,1073
CRIANÇA,0 a < 5 anos,2025,NORDESTE,21,MA,210087,ARAGUANA,30,5.06%,44,7.42%,519,87.52%,74,12.48,593,8,1.35%,16,2.7%,527,88.87%,42,7.08%,24,4.05,593
CRIANÇA,0 a < 5 anos,2025,NORDESTE,21,MA,210090,ARAIOSES,156,6.49%,161,6.7%,2085,86.8%,317,13.2,2402,29,1.21%,71,2.96%,2086,86.84%,216,8.99%,100,4.16,2402
CRIANÇA,0 a < 5 anos,2025,NORDESTE,21,MA,210095,ARAME,81,3.8%,181,8.5%,1867,87.69%,262,12.31,2129,14,0.66%,67,3.15%,1966,92.34%,82,3.85%,81,3.8,2129
CRIANÇA,0 a < 5 anos,2025,NORDESTE,21,MA,210100,ARARI,79,5.34%,120,8.11%,1281,86.55%,199,13.45,1480,22,1.49%,54,3.65%,1305,88.18%,99,6.69%,76,5.14,1480
CRIANÇA,0 a < 5 anos,2025,NORDESTE,21,MA,210110,AXIXA,55,7.65%,78,10.85%,586,81.5%,133,18.5,719,9,1.25%,25,3.48%,634,88.18%,51,7.09%,34,4.73,719
CRIANÇA,0 a < 5 anos,2025,NORDESTE,21,MA,210120,BACABAL,259,4.06%,373,5.85%,5747,90.09%,632,9.91,6379,33,0.52%,136,2.13%,5818,91.21%,392,6.15%,169,2.65,6379
CRIANÇA,0 a < 5 anos,2025,NORDESTE,21,MA,210125,BACABEIRA,73,7.22%,85,8.41%,853,84.37%,158,15.63,1011,8,0.79%,37,3.66%,914,90.41%,52,5.14%,45,4.45,1011
CRIANÇA,0 a < 5 anos,2025,NORDESTE,21,MA,210130,BACURI,50,5.29%,62,6.55%,834,88.16%,112,11.84,946,4,0.42%,39,4.12%,860,90.91%,43,4.55%,43,4.55,946
CRIANÇA,0 a < 5 anos,2025,NORDESTE,21,MA,210135,BACURITUBA,27,8.79%,21,6.84%,259,84.36%,48,15.64,307,7,2.28%,16,5.21%,266,86.64%,18,5.86%,23,7.49,307
CRIANÇA,0 a < 5 anos,2025,NORDESTE,21,MA,210140,BALSAS,124,2.78%,283,6.33%,4061,90.89%,407,9.11,4468,41,0.92%,132,2.95%,4081,91.34%,214,4.79%,173,3.87,4468
CRIANÇA,0 a < 5 anos,2025,NORDESTE,21,MA,210150,BARAO DE GRAJAU,50,4.44%,85,7.56%,990,88%,135,12.0,1125,10,0.89%,38,3.38%,1004,89.24%,73,6.49%,48,4.27,1125
CRIANÇA,0 a < 5 anos,2025,NORDESTE,21,MA,210160,BARRA DO CORDA,401,10.04%,449,11.24%,3144,78.72%,850,21.28,3994,70,1.75%,189,4.73%,3455,86.5%,280,7.01%,259,6.48,3994
CRIANÇA,0 a < 5 anos,2025,NORDESTE,21,MA,210170,BARREIRINHAS,340,6.67%,496,9.73%,4260,83.59%,836,16.41,5096,38,0.75%,155,3.04%,4572,89.72%,331,6.5%,193,3.79,5096
CRIANÇA,0 a < 5 anos,2025,NORDESTE,21,MA,210173,BELAGUA,67,8.41%,127,15.93%,603,75.66%,194,24.34,797,12,1.51%,49,6.15%,711,89.21%,25,3.14%,61,7.65,797
CRIANÇA,0 a < 5 anos,2025,NORDESTE,21,MA,210177,BELA VISTA DO MARANHAO,72,7.07%,91,8.94%,855,83.99%,163,16.01,1018,16,1.57%,44,4.32%,894,87.82%,64,6.29%,60,5.89,1018
CRIANÇA,0 a < 5 anos,2025,NORDESTE,21,MA,210180,BENEDITO LEITE,33,9.76%,32,9.47%,273,80.77%,65,19.23,338,2,0.59%,10,2.96%,303,89.64%,23,6.8%,12,3.55,338
CRIANÇA,0 a < 5 anos,2025,NORDESTE,21,MA,210190,BEQUIMAO,87,9.92%,96,10.95%,694,79.13%,183,20.87,877,16,1.82%,36,4.1%,757,86.32%,68,7.75%,52,5.93,877
CRIANÇA,0 a < 5 anos,2025,NORDESTE,21,MA,210193,BERNARDO DO MEARIM,19,6.4%,25,8.42%,253,85.19%,44,14.81,297,3,1.01%,8,2.69%,267,89.9%,19,6.4%,11,3.7,297
CRIANÇA,0 a < 5 anos,2025,NORDESTE,21,MA,210197,BOA VISTA DO GURUPI,35,5.79%,59,9.77%,510,84.44%,94,15.56,604,9,1.49%,27,4.47%,530,87.75%,38,6.29%,36,5.96,604
CRIANÇA,0 a < 5 anos,2025,NORDESTE,21,MA,210200,BOM JARDIM,196,9.15%,270,12.61%,1675,78.23%,466,21.77,2141,34,1.59%,118,5.51%,1888,88.18%,101,4.72%,152,7.1,2141
CRIANÇA,0 a < 5 anos,2025,NORDESTE,21,MA,210203,BOM JESUS DAS SELVAS,154,7.95%,193,9.97%,1589,82.08%,347,17.92,1936,35,1.81%,67,3.46%,1735,89.66%,98,5.06%,102,5.27,1935
CRIANÇA,0 a < 5 anos,2025,NORDESTE,21,MA,210207,BOM LUGAR,49,8.49%,47,8.15%,481,83.36%,96,16.64,577,5,0.87%,21,3.64%,499,86.48%,52,9.01%,26,4.51,577
CRIANÇA,0 a < 5 anos,2025,NORDESTE,21,MA,210210,BREJO,147,6.65%,177,8.01%,1885,85.33%,324,14.67,2209,36,1.63%,69,3.12%,1950,88.28%,154,6.97%,105,4.75,2209
CRIANÇA,0 a < 5 anos,2025,NORDESTE,21,MA,210215,BREJO DE AREIA,33,4.58%,55,7.64%,632,87.78%,88,12.22,720,3,0.42%,13,1.81%,676,93.89%,28,3.89%,16,2.22,720
CRIANÇA,0 a < 5 anos,2025,NORDESTE,21,MA,210220,BURITI,192,8.22%,228,9.76%,1917,82.03%,420,17.97,2337,32,1.37%,96,4.11%,2114,90.46%,95,4.07%,128,5.48,2337
CRIANÇA,0 a < 5 anos,2025,NORDESTE,21,MA,210230,BURITI BRAVO,97,6.25%,129,8.31%,1327,85.45%,226,14.55,1553,5,0.32%,41,2.64%,1417,91.24%,90,5.8%,46,2.96,1553
CRIANÇA,0 a < 5 anos,2025,NORDESTE,21,MA,210232,BURITICUPU,244,7%,284,8.14%,2959,84.86%,528,15.14,3487,27,0.77%,78,2.24%,3171,90.91%,212,6.08%,105,3.01,3488
CRIANÇA,0 a < 5 anos,2025,NORDESTE,21,MA,210235,BURITIRANA,101,11.49%,69,7.85%,709,80.66%,170,19.34,879,14,1.59%,30,3.41%,781,88.85%,54,6.14%,44,5.01,879
CRIANÇA,0 a < 5 anos,2025,NORDESTE,21,MA,210237,CACHOEIRA GRANDE,47,7%,56,8.35%,568,84.65%,103,15.35,671,9,1.34%,30,4.47%,576,85.84%,56,8.35%,39,5.81,671
CRIANÇA,0 a < 5 anos,2025,NORDESTE,21,MA,210240,CAJAPIO,22,3.72%,44,7.43%,526,88.85%,66,11.15,592,6,1.01%,29,4.9%,511,86.32%,46,7.77%,35,5.91,592
CRIANÇA,0 a < 5 anos,2025,NORDESTE,21,MA,210250,CAJARI,131,10.97%,128,10.72%,935,78.31%,259,21.69,1194,52,4.36%,86,7.2%,992,83.08%,64,5.36%,138,11.56,1194
CRIANÇA,0 a < 5 anos,2025,NORDESTE,21,MA,210255,CAMPESTRE DO MARANHAO,50,6.84%,65,8.89%,616,84.27%,115,15.73,731,9,1.23%,29,3.97%,659,90.15%,34,4.65%,38,5.2,731
CRIANÇA,0 a < 5 anos,2025,NORDESTE,21,MA,210260,CANDIDO MENDES,121,8.99%,160,11.89%,1065,79.12%,281,20.88,1346,15,1.11%,75,5.57%,1194,88.71%,62,4.61%,90,6.69,1346
CRIANÇA,0 a < 5 anos,2025,NORDESTE,21,MA,210270,CANTANHEDE,64,5.8%,86,7.79%,954,86.41%,150,13.59,1104,13,1.18%,48,4.35%,971,87.95%,72,6.52%,61,5.53,1104
CRIANÇA,0 a < 5 anos,2025,NORDESTE,21,MA,210275,CAPINZAL DO NORTE,25,3.84%,49,7.53%,577,88.63%,74,11.37,651,5,0.77%,12,1.84%,585,89.86%,49,7.53%,17,2.61,651
CRIANÇA,0 a < 5 anos,2025,NORDESTE,21,MA,210280,CAROLINA,91,8.57%,107,10.08%,864,81.36%,198,18.64,1062,20,1.88%,52,4.9%,913,85.97%,77,7.25%,72,6.78,1062
CRIANÇA,0 a < 5 anos,2025,NORDESTE,21,MA,210290,CARUTAPERA,132,7.14%,178,9.63%,1539,83.23%,310,16.77,1849,27,1.46%,84,4.54%,1627,87.99%,111,6%,111,6.0,1849
CRIANÇA,0 a < 5 anos,2025,NORDESTE,21,MA,210300,CAXIAS,358,4.91%,597,8.19%,6337,86.9%,955,13.1,7292,74,1.01%,273,3.74%,6563,90%,382,5.24%,347,4.76,7292
CRIANÇA,0 a < 5 anos,2025,NORDESTE,21,MA,210310,CEDRAL,11,2.86%,36,9.35%,338,87.79%,47,12.21,385,5,1.3%,14,3.64%,334,86.75%,32,8.31%,19,4.94,385
CRIANÇA,0 a < 5 anos,2025,NORDESTE,21,MA,210312,CENTRAL DO MARANHAO,29,6.47%,49,10.94%,370,82.59%,78,17.41,448,8,1.79%,19,4.24%,391,87.28%,30,6.7%,27,6.03,448
CRIANÇA,0 a < 5 anos,2025,NORDESTE,21,MA,210315,CENTRO DO GUILHERME,106,11.69%,110,12.13%,691,76.19%,216,23.81,907,18,1.98%,46,5.07%,787,86.77%,56,6.17%,64,7.06,907
CRIANÇA,0 a < 5 anos,2025,NORDESTE,21,MA,210317,CENTRO NOVO DO MARANHAO,213,15.63%,128,9.39%,1022,74.98%,341,25.02,1363,135,9.9%,79,5.8%,1076,78.94%,73,5.36%,214,15.7,1363
CRIANÇA,0 a < 5 anos,2025,NORDESTE,21,MA,210320,CHAPADINHA,272,5.25%,500,9.66%,4405,85.09%,772,14.91,5177,44,0.85%,209,4.04%,4603,88.88%,323,6.24%,253,4.89,5179
CRIANÇA,0 a < 5 anos,2025,NORDESTE,21,MA,210325,CIDELANDIA,72,7.01%,64,6.23%,891,86.76%,136,13.24,1027,11,1.07%,31,3.02%,935,91.04%,50,4.87%,42,4.09,1027
CRIANÇA,0 a < 5 anos,2025,NORDESTE,21,MA,210330,CODO,43,0.65%,239,3.59%,6381,95.77%,282,4.23,6663,379,5.69%,1659,24.9%,4510,67.69%,115,1.73%,2038,30.59,6663
CRIANÇA,0 a < 5 anos,2025,NORDESTE,21,MA,210340,COELHO NETO,102,3.47%,203,6.9%,2637,89.63%,305,10.37,2942,25,0.85%,78,2.65%,2737,93.03%,102,3.47%,103,3.5,2942
CRIANÇA,0 a < 5 anos,2025,NORDESTE,21,MA,210350,COLINAS,204,8.67%,260,11.05%,1889,80.28%,464,19.72,2353,35,1.49%,127,5.4%,2112,89.76%,79,3.36%,162,6.88,2353
CRIANÇA,0 a < 5 anos,2025,NORDESTE,21,MA,210355,CONCEICAO DO LAGO-ACU,81,7.3%,118,10.64%,910,82.06%,199,17.94,1109,79,7.12%,91,8.21%,895,80.7%,44,3.97%,170,15.33,1109
CRIANÇA,0 a < 5 anos,2025,NORDESTE,21,MA,210360,COROATA,215,6.16%,332,9.52%,2942,84.32%,547,15.68,3489,53,1.52%,126,3.61%,3117,89.34%,193,5.53%,179,5.13,3489
CRIANÇA,0 a < 5 anos,2025,NORDESTE,21,MA,210370,CURURUPU,72,3.58%,150,7.46%,1789,88.96%,222,11.04,2011,11,0.55%,70,3.48%,1829,90.9%,102,5.07%,81,4.03,2012
CRIANÇA,0 a < 5 anos,2025,NORDESTE,21,MA,210375,DAVINOPOLIS,66,7.3%,44,4.87%,794,87.83%,110,12.17,904,11,1.22%,24,2.65%,822,90.93%,47,5.2%,35,3.87,904
CRIANÇA,0 a < 5 anos,2025,NORDESTE,21,MA,210380,DOM PEDRO,134,11.93%,94,8.37%,895,79.7%,228,20.3,1123,35,3.12%,46,4.1%,953,84.86%,89,7.93%,81,7.21,1123
CRIANÇA,0 a < 5 anos,2025,NORDESTE,21,MA,210390,DUQUE BACELAR,31,3.35%,58,6.28%,835,90.37%,89,9.63,924,5,0.54%,29,3.14%,842,91.13%,48,5.19%,34,3.68,924
CRIANÇA,0 a < 5 anos,2025,NORDESTE,21,MA,210400,ESPERANTINOPOLIS,48,4.04%,74,6.22%,1067,89.74%,122,10.26,1189,8,0.67%,28,2.35%,1070,89.99%,83,6.98%,36,3.03,1189
CRIANÇA,0 a < 5 anos,2025,NORDESTE,21,MA,210405,ESTREITO,108,6.68%,121,7.48%,1388,85.84%,229,14.16,1617,33,2.04%,68,4.21%,1400,86.58%,116,7.17%,101,6.25,1617
CRIANÇA,0 a < 5 anos,2025,NORDESTE,21,MA,210407,FEIRA NOVA DO MARANHAO,18,4.57%,22,5.58%,354,89.85%,40,10.15,394,4,1.02%,17,4.31%,343,87.06%,30,7.61%,21,5.33,394
CRIANÇA,0 a < 5 anos,2025,NORDESTE,21,MA,210408,FERNANDO FALCAO,104,11.7%,134,15.07%,651,73.23%,238,26.77,889,8,0.9%,54,6.07%,801,90.1%,26,2.92%,62,6.97,889
CRIANÇA,0 a < 5 anos,2025,NORDESTE,21,MA,210409,FORMOSA DA SERRA NEGRA,79,8.26%,104,10.88%,773,80.86%,183,19.14,956,10,1.05%,36,3.77%,859,89.85%,51,5.33%,46,4.81,956
CRIANÇA,0 a < 5 anos,2025,NORDESTE,21,MA,210410,FORTALEZA DOS NOGUEIRAS,54,6.35%,79,9.28%,718,84.37%,133,15.63,851,7,0.82%,19,2.23%,757,88.95%,68,7.99%,26,3.06,851
CRIANÇA,0 a < 5 anos,2025,NORDESTE,21,MA,210420,FORTUNA,38,3.58%,79,7.45%,943,88.96%,117,11.04,1060,9,0.85%,39,3.68%,966,91.13%,46,4.34%,48,4.53,1060
CRIANÇA,0 a < 5 anos,2025,NORDESTE,21,MA,210430,GODOFREDO VIANA,36,5.79%,46,7.4%,540,86.82%,82,13.18,622,15,2.41%,24,3.86%,551,88.59%,32,5.14%,39,6.27,622
CRIANÇA,0 a < 5 anos,2025,NORDESTE,21,MA,210440,GONCALVES DIAS,44,4.04%,84,7.71%,962,88.26%,128,11.74,1090,7,0.64%,33,3.03%,980,89.91%,70,6.42%,40,3.67,1090
CRIANÇA,0 a < 5 anos,2025,NORDESTE,21,MA,210450,GOVERNADOR ARCHER,26,4.81%,37,6.85%,477,88.33%,63,11.67,540,5,0.93%,14,2.59%,492,91.11%,29,5.37%,19,3.52,540
CRIANÇA,0 a < 5 anos,2025,NORDESTE,21,MA,210455,GOVERNADOR EDISON LOBAO,90,6.2%,144,9.92%,1218,83.88%,234,16.12,1452,18,1.24%,29,2%,1321,90.98%,84,5.79%,47,3.24,1452
CRIANÇA,0 a < 5 anos,2025,NORDESTE,21,MA,210460,GOVERNADOR EUGENIO BARROS,59,5.6%,107,10.16%,887,84.24%,166,15.76,1053,5,0.47%,37,3.51%,952,90.41%,59,5.6%,42,3.99,1053
CRIANÇA,0 a < 5 anos,2025,NORDESTE,21,MA,210462,GOVERNADOR LUIZ ROCHA,43,7.68%,41,7.32%,476,85%,84,15.0,560,3,0.54%,19,3.39%,325,58.04%,213,38.04%,22,3.93,560
CRIANÇA,0 a < 5 anos,2025,NORDESTE,21,MA,210465,GOVERNADOR NEWTON BELLO,58,8.9%,70,10.74%,524,80.37%,128,19.63,652,9,1.38%,26,3.99%,565,86.66%,52,7.98%,35,5.37,652
CRIANÇA,0 a < 5 anos,2025,NORDESTE,21,MA,210467,GOVERNADOR NUNES FREIRE,75,4.73%,112,7.06%,1400,88.22%,187,11.78,1587,13,0.82%,57,3.59%,1436,90.49%,81,5.1%,70,4.41,1587
CRIANÇA,0 a < 5 anos,2025,NORDESTE,21,MA,210470,GRACA ARANHA,33,10.12%,21,6.44%,272,83.44%,54,16.56,326,3,0.92%,7,2.15%,293,89.88%,23,7.06%,10,3.07,326
CRIANÇA,0 a < 5 anos,2025,NORDESTE,21,MA,210480,GRAJAU,503,10.81%,554,11.9%,3597,77.29%,1057,22.71,4654,73,1.57%,201,4.32%,4128,88.7%,252,5.41%,274,5.89,4654
CRIANÇA,0 a < 5 anos,2025,NORDESTE,21,MA,210490,GUIMARAES,12,2.45%,34,6.95%,443,90.59%,46,9.41,489,2,0.41%,25,5.11%,431,88.14%,31,6.34%,27,5.52,489
CRIANÇA,0 a < 5 anos,2025,NORDESTE,21,MA,210500,HUMBERTO DE CAMPOS,242,11.31%,196,9.16%,1701,79.52%,438,20.48,2139,146,6.83%,109,5.1%,1747,81.67%,137,6.4%,255,11.92,2139
CRIANÇA,0 a < 5 anos,2025,NORDESTE,21,MA,210510,ICATU,206,13.29%,176,11.35%,1168,75.35%,382,24.65,1550,20,1.29%,87,5.61%,1379,88.97%,64,4.13%,107,6.9,1550
CRIANÇA,0 a < 5 anos,2025,NORDESTE,21,MA,210515,IGARAPE DO MEIO,96,8.81%,78,7.16%,916,84.04%,174,15.96,1090,9,0.83%,46,4.22%,978,89.72%,57,5.23%,55,5.05,1090
CRIANÇA,0 a < 5 anos,2025,NORDESTE,21,MA,210520,IGARAPE GRANDE,22,3.13%,35,4.99%,645,91.88%,57,8.12,702,2,0.28%,20,2.85%,637,90.74%,43,6.13%,22,3.13,702
CRIANÇA,0 a < 5 anos,2025,NORDESTE,21,MA,210530,IMPERATRIZ,503,4.06%,897,7.23%,10999,88.71%,1400,11.29,12399,128,1.03%,350,2.82%,11244,90.68%,677,5.46%,478,3.86,12399
CRIANÇA,0 a < 5 anos,2025,NORDESTE,21,MA,210535,ITAIPAVA DO GRAJAU,97,8.74%,152,13.69%,861,77.57%,249,22.43,1110,9,0.81%,35,3.15%,1015,91.44%,51,4.59%,44,3.96,1110
CRIANÇA,0 a < 5 anos,2025,NORDESTE,21,MA,210540,ITAPECURU MIRIM,249,6.21%,319,7.96%,3441,85.83%,568,14.17,4009,44,1.1%,129,3.22%,3592,89.6%,244,6.09%,173,4.32,4009
CRIANÇA,0 a < 5 anos,2025,NORDESTE,21,MA,210542,ITINGA DO MARANHAO,78,5.23%,112,7.51%,1301,87.26%,190,12.74,1491,9,0.6%,32,2.15%,1349,90.48%,101,6.77%,41,2.75,1491
CRIANÇA,0 a < 5 anos,2025,NORDESTE,21,MA,210545,JATOBA,58,9.83%,57,9.66%,475,80.51%,115,19.49,590,4,0.68%,25,4.24%,525,88.98%,36,6.1%,29,4.92,590
CRIANÇA,0 a < 5 anos,2025,NORDESTE,21,MA,210547,JENIPAPO DOS VIEIRAS,99,11.62%,111,13.03%,642,75.35%,210,24.65,852,12,1.41%,40,4.69%,741,86.97%,59,6.92%,52,6.1,852
CRIANÇA,0 a < 5 anos,2025,NORDESTE,21,MA,210550,JOAO LISBOA,183,12.53%,126,8.62%,1152,78.85%,309,21.15,1461,16,1.1%,59,4.04%,1316,90.08%,70,4.79%,75,5.13,1461
CRIANÇA,0 a < 5 anos,2025,NORDESTE,21,MA,210560,JOSELANDIA,59,6.21%,80,8.42%,811,85.37%,139,14.63,950,10,1.05%,36,3.79%,854,89.89%,50,5.26%,46,4.84,950
CRIANÇA,0 a < 5 anos,2025,NORDESTE,21,MA,210565,JUNCO DO MARANHAO,29,8.68%,33,9.88%,272,81.44%,62,18.56,334,3,0.9%,2,0.6%,314,94.01%,15,4.49%,5,1.5,334
CRIANÇA,0 a < 5 anos,2025,NORDESTE,21,MA,210570,LAGO DA PEDRA,151,4.79%,221,7.02%,2778,88.19%,372,11.81,3150,42,1.33%,79,2.51%,2762,87.68%,267,8.48%,121,3.84,3150
CRIANÇA,0 a < 5 anos,2025,NORDESTE,21,MA,210580,LAGO DO JUNCO,25,5.84%,28,6.54%,375,87.62%,53,12.38,428,2,0.47%,8,1.87%,388,90.65%,30,7.01%,10,2.34,428
CRIANÇA,0 a < 5 anos,2025,NORDESTE,21,MA,210590,LAGO VERDE,102,10.65%,78,8.14%,778,81.21%,180,18.79,958,15,1.56%,47,4.9%,836,87.17%,61,6.36%,62,6.47,959
CRIANÇA,0 a < 5 anos,2025,NORDESTE,21,MA,210592,LAGOA DO MATO,34,4.91%,43,6.21%,615,88.87%,77,11.13,692,6,0.87%,21,3.03%,627,90.61%,38,5.49%,27,3.9,692
CRIANÇA,0 a < 5 anos,2025,NORDESTE,21,MA,210594,LAGO DOS RODRIGUES,20,3.64%,40,7.29%,489,89.07%,60,10.93,549,8,1.46%,18,3.28%,483,87.98%,40,7.29%,26,4.74,549
CRIANÇA,0 a < 5 anos,2025,NORDESTE,21,MA,210596,LAGOA GRANDE DO MARANHAO,45,4.31%,71,6.79%,929,88.9%,116,11.1,1045,5,0.48%,27,2.58%,950,90.91%,63,6.03%,32,3.06,1045
CRIANÇA,0 a < 5 anos,2025,NORDESTE,21,MA,210598,LAJEADO NOVO,39,10.16%,30,7.81%,315,82.03%,69,17.97,384,7,1.82%,21,5.47%,341,88.8%,15,3.91%,28,7.29,384
CRIANÇA,0 a < 5 anos,2025,NORDESTE,21,MA,210600,LIMA CAMPOS,20,2.67%,61,8.14%,668,89.19%,81,10.81,749,6,0.8%,25,3.34%,664,88.65%,54,7.21%,31,4.14,749
CRIANÇA,0 a < 5 anos,2025,NORDESTE,21,MA,210610,LORETO,62,8.77%,56,7.92%,589,83.31%,118,16.69,707,8,1.13%,15,2.12%,641,90.66%,43,6.08%,23,3.25,707
CRIANÇA,0 a < 5 anos,2025,NORDESTE,21,MA,210620,LUIS DOMINGUES,37,6.68%,49,8.84%,468,84.48%,86,15.52,554,6,1.08%,22,3.97%,494,89.17%,32,5.78%,28,5.05,554
CRIANÇA,0 a < 5 anos,2025,NORDESTE,21,MA,210630,MAGALHAES DE ALMEIDA,41,4.35%,79,8.39%,822,87.26%,120,12.74,942,5,0.53%,24,2.55%,836,88.75%,77,8.17%,29,3.08,942
CRIANÇA,0 a < 5 anos,2025,NORDESTE,21,MA,210632,MARACACUME,66,5.65%,123,10.53%,979,83.82%,189,16.18,1168,14,1.2%,35,3%,1037,88.78%,82,7.02%,49,4.2,1168
CRIANÇA,0 a < 5 anos,2025,NORDESTE,21,MA,210635,MARAJA DO SENA,81,15.2%,52,9.76%,400,75.05%,133,24.95,533,15,2.81%,31,5.82%,461,86.49%,26,4.88%,46,8.63,533
CRIANÇA,0 a < 5 anos,2025,NORDESTE,21,MA,210637,MARANHAOZINHO,158,18.12%,150,17.2%,564,64.68%,308,35.32,872,24,2.75%,71,8.14%,739,84.75%,38,4.36%,95,10.89,872
CRIANÇA,0 a < 5 anos,2025,NORDESTE,21,MA,210640,MATA ROMA,87,7.25%,126,10.5%,987,82.25%,213,17.75,1200,11,0.92%,41,3.42%,1079,89.92%,69,5.75%,52,4.33,1200
CRIANÇA,0 a < 5 anos,2025,NORDESTE,21,MA,210650,MATINHA,80,6.43%,100,8.04%,1064,85.53%,180,14.47,1244,20,1.61%,71,5.71%,1089,87.54%,64,5.14%,91,7.32,1244
CRIANÇA,0 a < 5 anos,2025,NORDESTE,21,MA,210660,MATOES,141,5.65%,241,9.66%,2113,84.69%,382,15.31,2495,23,0.92%,93,3.73%,2268,90.9%,111,4.45%,116,4.65,2495
CRIANÇA,0 a < 5 anos,2025,NORDESTE,21,MA,210663,MATOES DO NORTE,42,8.17%,41,7.98%,431,83.85%,83,16.15,514,10,1.95%,28,5.45%,446,86.77%,30,5.84%,38,7.39,514
CRIANÇA,0 a < 5 anos,2025,NORDESTE,21,MA,210667,MILAGRES DO MARANHAO,44,8.82%,62,12.42%,393,78.76%,106,21.24,499,6,1.2%,20,4.01%,449,89.98%,24,4.81%,26,5.21,499
CRIANÇA,0 a < 5 anos,2025,NORDESTE,21,MA,210670,MIRADOR,132,9.94%,166,12.5%,1030,77.56%,298,22.44,1328,31,2.33%,73,5.5%,1161,87.42%,63,4.74%,104,7.83,1328
CRIANÇA,0 a < 5 anos,2025,NORDESTE,21,MA,210675,MIRANDA DO NORTE,48,3.96%,79,6.52%,1084,89.51%,127,10.49,1211,9,0.74%,32,2.64%,1084,89.51%,86,7.1%,41,3.39,1211
CRIANÇA,0 a < 5 anos,2025,NORDESTE,21,MA,210680,MIRINZAL,37,4.38%,49,5.81%,758,89.81%,86,10.19,844,2,0.24%,24,2.84%,768,91%,50,5.92%,26,3.08,844
CRIANÇA,0 a < 5 anos,2025,NORDESTE,21,MA,210690,MONCAO,201,11.14%,171,9.47%,1433,79.39%,372,20.61,1805,82,4.54%,109,6.04%,1500,83.1%,114,6.32%,191,10.58,1805
CRIANÇA,0 a < 5 anos,2025,NORDESTE,21,MA,210700,MONTES ALTOS,22,3.68%,55,9.2%,521,87.12%,77,12.88,598,6,1%,17,2.84%,540,90.3%,35,5.85%,23,3.85,598
CRIANÇA,0 a < 5 anos,2025,NORDESTE,21,MA,210710,MORROS,96,8.81%,136,12.48%,858,78.72%,232,21.28,1090,11,1.01%,46,4.22%,971,89.08%,62,5.69%,57,5.23,1090
CRIANÇA,0 a < 5 anos,2025,NORDESTE,21,MA,210720,NINA RODRIGUES,60,6.65%,94,10.42%,748,82.93%,154,17.07,902,10,1.11%,38,4.21%,811,89.91%,43,4.77%,48,5.32,902
CRIANÇA,0 a < 5 anos,2025,NORDESTE,21,MA,210725,NOVA COLINAS,8,2.11%,22,5.8%,349,92.08%,30,7.92,379,2,0.53%,5,1.32%,355,93.67%,17,4.49%,7,1.85,379
CRIANÇA,0 a < 5 anos,2025,NORDESTE,21,MA,210730,NOVA IORQUE,11,5.21%,24,11.37%,176,83.41%,35,16.59,211,0,-,8,3.79%,199,94.31%,4,1.9%,8,3.79,211
CRIANÇA,0 a < 5 anos,2025,NORDESTE,21,MA,210735,NOVA OLINDA DO MARANHAO,103,9.2%,126,11.25%,891,79.55%,229,20.45,1120,27,2.41%,50,4.46%,972,86.79%,71,6.34%,77,6.88,1120
CRIANÇA,0 a < 5 anos,2025,NORDESTE,21,MA,210740,OLHO D'AGUA DAS CUNHAS,50,4.75%,102,9.7%,900,85.55%,152,14.45,1052,73,6.94%,49,4.66%,870,82.7%,60,5.7%,122,11.6,1052
CRIANÇA,0 a < 5 anos,2025,NORDESTE,21,MA,210745,OLINDA NOVA DO MARANHAO,37,4.77%,66,8.51%,673,86.73%,103,13.27,776,10,1.29%,30,3.87%,685,88.27%,51,6.57%,40,5.15,776
CRIANÇA,0 a < 5 anos,2025,NORDESTE,21,MA,210750,PACO DO LUMIAR,247,4.28%,423,7.32%,5107,88.4%,670,11.6,5777,54,0.93%,116,2.01%,5179,89.65%,428,7.41%,170,2.94,5777
CRIANÇA,0 a < 5 anos,2025,NORDESTE,21,MA,210760,PALMEIRANDIA,70,6.2%,68,6.02%,991,87.78%,138,12.22,1129,14,1.24%,41,3.63%,867,76.79%,207,18.33%,55,4.87,1129
CRIANÇA,0 a < 5 anos,2025,NORDESTE,21,MA,210770,PARAIBANO,64,4.71%,75,5.51%,1221,89.78%,139,10.22,1360,12,0.88%,50,3.68%,1222,89.85%,76,5.59%,62,4.56,1360
CRIANÇA,0 a < 5 anos,2025,NORDESTE,21,MA,210780,PARNARAMA,121,6.8%,158,8.88%,1501,84.33%,279,15.67,1780,19,1.07%,79,4.44%,1603,90.06%,79,4.44%,98,5.51,1780
CRIANÇA,0 a < 5 anos,2025,NORDESTE,21,MA,210790,PASSAGEM FRANCA,53,4.53%,81,6.92%,1036,88.55%,134,11.45,1170,11,0.94%,43,3.68%,1067,91.2%,49,4.19%,54,4.62,1170
CRIANÇA,0 a < 5 anos,2025,NORDESTE,21,MA,210800,PASTOS BONS,91,8.8%,84,8.12%,859,83.08%,175,16.92,1034,14,1.35%,49,4.74%,903,87.33%,68,6.58%,63,6.09,1034
CRIANÇA,0 a < 5 anos,2025,NORDESTE,21,MA,210805,PAULINO NEVES,74,5.67%,133,10.18%,1099,84.15%,207,15.85,1306,13,1%,33,2.53%,1173,89.82%,87,6.66%,46,3.52,1306
CRIANÇA,0 a < 5 anos,2025,NORDESTE,21,MA,210810,PAULO RAMOS,103,8.08%,139,10.9%,1033,81.02%,242,18.98,1275,16,1.25%,60,4.71%,1100,86.27%,99,7.76%,76,5.96,1275
CRIANÇA,0 a < 5 anos,2025,NORDESTE,21,MA,210820,PEDREIRAS,99,6.15%,131,8.14%,1379,85.71%,230,14.29,1609,17,1.06%,46,2.86%,1432,89%,114,7.09%,63,3.92,1609
CRIANÇA,0 a < 5 anos,2025,NORDESTE,21,MA,210825,PEDRO DO ROSARIO,117,10.37%,127,11.26%,884,78.37%,244,21.63,1128,28,2.48%,60,5.32%,980,86.88%,60,5.32%,88,7.8,1128
CRIANÇA,0 a < 5 anos,2025,NORDESTE,21,MA,210830,PENALVA,353,14.31%,319,12.94%,1794,72.75%,672,27.25,2466,103,4.18%,198,8.03%,2068,83.86%,97,3.93%,301,12.21,2466
CRIANÇA,0 a < 5 anos,2025,NORDESTE,21,MA,210840,PERI MIRIM,24,3.89%,46,7.46%,547,88.65%,70,11.35,617,5,0.81%,24,3.89%,549,88.98%,39,6.32%,29,4.7,617
CRIANÇA,0 a < 5 anos,2025,NORDESTE,21,MA,210845,PERITORO,43,3.1%,98,7.06%,1247,89.84%,141,10.16,1388,83,5.98%,220,15.85%,1019,73.41%,66,4.76%,303,21.83,1388
CRIANÇA,0 a < 5 anos,2025,NORDESTE,21,MA,210850,PINDARE-MIRIM,135,8.12%,142,8.54%,1385,83.33%,277,16.67,1662,51,3.07%,54,3.25%,1469,88.39%,88,5.29%,105,6.32,1662
CRIANÇA,0 a < 5 anos,2025,NORDESTE,21,MA,210860,PINHEIRO,235,6.32%,334,8.98%,3151,84.7%,569,15.3,3720,38,1.02%,131,3.52%,3308,88.92%,243,6.53%,169,4.54,3720
CRIANÇA,0 a < 5 anos,2025,NORDESTE,21,MA,210870,PIO XII,95,6.83%,131,9.42%,1164,83.74%,226,16.26,1390,9,0.65%,44,3.17%,1250,89.93%,87,6.26%,53,3.81,1390
CRIANÇA,0 a < 5 anos,2025,NORDESTE,21,MA,210880,PIRAPEMAS,39,4.39%,64,7.2%,786,88.41%,103,11.59,889,6,0.67%,37,4.16%,807,90.78%,39,4.39%,43,4.84,889
CRIANÇA,0 a < 5 anos,2025,NORDESTE,21,MA,210890,POCAO DE PEDRAS,52,5.45%,60,6.29%,842,88.26%,112,11.74,954,6,0.63%,20,2.1%,851,89.2%,77,8.07%,26,2.73,954
CRIANÇA,0 a < 5 anos,2025,NORDESTE,21,MA,210900,PORTO FRANCO,31,2.82%,72,6.55%,997,90.64%,103,9.36,1100,6,0.55%,20,1.82%,1017,92.45%,57,5.18%,26,2.36,1100
CRIANÇA,0 a < 5 anos,2025,NORDESTE,21,MA,210905,PORTO RICO DO MARANHAO,10,3.04%,25,7.6%,294,89.36%,35,10.64,329,1,0.3%,18,5.47%,279,84.8%,31,9.42%,19,5.78,329
CRIANÇA,0 a < 5 anos,2025,NORDESTE,21,MA,210910,PRESIDENTE DUTRA,103,6.17%,151,9.05%,1415,84.78%,254,15.22,1669,11,0.66%,43,2.58%,1523,91.25%,92,5.51%,54,3.24,1669
CRIANÇA,0 a < 5 anos,2025,NORDESTE,21,MA,210920,PRESIDENTE JUSCELINO,59,6.34%,88,9.46%,783,84.19%,147,15.81,930,7,0.75%,48,5.16%,834,89.68%,41,4.41%,55,5.91,930
CRIANÇA,0 a < 5 anos,2025,NORDESTE,21,MA,210923,PRESIDENTE MEDICI,7,1.73%,17,4.2%,381,94.07%,24,5.93,405,2,0.49%,16,3.95%,364,89.88%,23,5.68%,18,4.44,405
CRIANÇA,0 a < 5 anos,2025,NORDESTE,21,MA,210927,PRESIDENTE SARNEY,89,6.07%,123,8.39%,1254,85.54%,212,14.46,1466,14,0.95%,47,3.21%,1316,89.77%,89,6.07%,61,4.16,1466
CRIANÇA,0 a < 5 anos,2025,NORDESTE,21,MA,210930,PRESIDENTE VARGAS,74,9.1%,107,13.16%,632,77.74%,181,22.26,813,10,1.23%,33,4.05%,739,90.79%,32,3.93%,43,5.28,814
CRIANÇA,0 a < 5 anos,2025,NORDESTE,21,MA,210940,PRIMEIRA CRUZ,77,10.16%,77,10.16%,604,79.68%,154,20.32,758,13,1.72%,39,5.15%,671,88.52%,35,4.62%,52,6.86,758
CRIANÇA,0 a < 5 anos,2025,NORDESTE,21,MA,210945,RAPOSA,115,6.05%,139,7.31%,1647,86.64%,254,13.36,1901,19,1%,42,2.21%,1684,88.63%,155,8.16%,61,3.21,1900
CRIANÇA,0 a < 5 anos,2025,NORDESTE,21,MA,210950,RIACHAO,87,7.77%,93,8.3%,940,83.93%,180,16.07,1120,14,1.25%,33,2.95%,1011,90.27%,62,5.54%,47,4.2,1120
CRIANÇA,0 a < 5 anos,2025,NORDESTE,21,MA,210955,RIBAMAR FIQUENE,19,4.57%,22,5.29%,375,90.14%,41,9.86,416,5,1.2%,5,1.2%,387,93.03%,19,4.57%,10,2.4,416
CRIANÇA,0 a < 5 anos,2025,NORDESTE,21,MA,210960,ROSARIO,202,8.73%,226,9.77%,1885,81.5%,428,18.5,2313,32,1.38%,88,3.8%,2006,86.73%,187,8.08%,120,5.19,2313
CRIANÇA,0 a < 5 anos,2025,NORDESTE,21,MA,210970,SAMBAIBA,27,6.19%,33,7.57%,376,86.24%,60,13.76,436,3,0.69%,19,4.36%,392,89.91%,22,5.05%,22,5.05,436
CRIANÇA,0 a < 5 anos,2025,NORDESTE,21,MA,210975,SANTA FILOMENA DO MARANHAO,51,11.92%,47,10.98%,330,77.1%,98,22.9,428,11,2.57%,21,4.91%,373,87.15%,23,5.37%,32,7.48,428
CRIANÇA,0 a < 5 anos,2025,NORDESTE,21,MA,210980,SANTA HELENA,474,22.84%,164,7.9%,1437,69.25%,638,30.75,2075,56,2.7%,93,4.48%,1658,79.9%,268,12.92%,149,7.18,2075
CRIANÇA,0 a < 5 anos,2025,NORDESTE,21,MA,210990,SANTA INES,325,7.64%,365,8.58%,3566,83.79%,690,16.21,4256,46,1.08%,135,3.17%,3787,88.96%,289,6.79%,181,4.25,4257
CRIANÇA,0 a < 5 anos,2025,NORDESTE,21,MA,211000,SANTA LUZIA,348,8.78%,377,9.52%,3237,81.7%,725,18.3,3962,43,1.09%,166,4.19%,3493,88.16%,260,6.56%,209,5.28,3962
CRIANÇA,0 a < 5 anos,2025,NORDESTE,21,MA,211003,SANTA LUZIA DO PARUA,117,6.83%,139,8.12%,1456,85.05%,256,14.95,1712,23,1.34%,65,3.8%,1547,90.36%,77,4.5%,88,5.14,1712
CRIANÇA,0 a < 5 anos,2025,NORDESTE,21,MA,211010,SANTA QUITERIA DO MARANHAO,109,6.54%,111,6.66%,1446,86.79%,220,13.21,1666,13,0.78%,51,3.06%,1477,88.66%,125,7.5%,64,3.84,1666
CRIANÇA,0 a < 5 anos,2025,NORDESTE,21,MA,211020,SANTA RITA,213,8.78%,249,10.26%,1965,80.96%,462,19.04,2427,38,1.57%,113,4.66%,2151,88.63%,125,5.15%,151,6.22,2427
CRIANÇA,0 a < 5 anos,2025,NORDESTE,21,MA,211023,SANTANA DO MARANHAO,16,2.68%,32,5.35%,550,91.97%,48,8.03,598,4,0.67%,11,1.84%,528,88.29%,55,9.2%,15,2.51,598
CRIANÇA,0 a < 5 anos,2025,NORDESTE,21,MA,211027,SANTO AMARO DO MARANHAO,88,8.83%,118,11.84%,791,79.34%,206,20.66,997,8,0.8%,54,5.42%,876,87.86%,59,5.92%,62,6.22,997
CRIANÇA,0 a < 5 anos,2025,NORDESTE,21,MA,211030,SANTO ANTONIO DOS LOPES,96,9.25%,85,8.19%,857,82.56%,181,17.44,1038,20,1.93%,34,3.28%,903,86.99%,81,7.8%,54,5.2,1038
CRIANÇA,0 a < 5 anos,2025,NORDESTE,21,MA,211040,SAO BENEDITO DO RIO PRETO,143,10.78%,147,11.09%,1036,78.13%,290,21.87,1326,21,1.58%,74,5.58%,1136,85.67%,95,7.16%,95,7.16,1326
CRIANÇA,0 a < 5 anos,2025,NORDESTE,21,MA,211050,SAO BENTO,132,7.61%,147,8.47%,1456,83.92%,279,16.08,1735,29,1.67%,73,4.21%,1517,87.44%,116,6.69%,102,5.88,1735
CRIANÇA,0 a < 5 anos,2025,NORDESTE,21,MA,211060,SAO BERNARDO,71,4.21%,117,6.93%,1500,88.86%,188,11.14,1688,38,2.25%,45,2.67%,1481,87.74%,124,7.35%,83,4.92,1688
CRIANÇA,0 a < 5 anos,2025,NORDESTE,21,MA,211065,SAO DOMINGOS DO AZEITAO,54,8.21%,83,12.61%,521,79.18%,137,20.82,658,9,1.37%,37,5.62%,579,87.99%,33,5.02%,46,6.99,658
CRIANÇA,0 a < 5 anos,2025,NORDESTE,21,MA,211070,SAO DOMINGOS DO MARANHAO,487,19.67%,273,11.03%,1716,69.31%,760,30.69,2476,25,1.01%,67,2.71%,2262,91.36%,122,4.93%,92,3.72,2476
CRIANÇA,0 a < 5 anos,2025,NORDESTE,21,MA,211080,SAO FELIX DE BALSAS,15,6%,16,6.4%,219,87.6%,31,12.4,250,4,1.6%,11,4.4%,217,86.8%,18,7.2%,15,6.0,250
CRIANÇA,0 a < 5 anos,2025,NORDESTE,21,MA,211085,SAO FRANCISCO DO BREJAO,35,5.44%,49,7.62%,559,86.94%,84,13.06,643,3,0.47%,14,2.18%,589,91.6%,37,5.75%,17,2.64,643
CRIANÇA,0 a < 5 anos,2025,NORDESTE,21,MA,211090,SAO FRANCISCO DO MARANHAO,21,2.71%,44,5.67%,711,91.62%,65,8.38,776,3,0.39%,22,2.84%,713,91.88%,38,4.9%,25,3.22,776
CRIANÇA,0 a < 5 anos,2025,NORDESTE,21,MA,211100,SAO JOAO BATISTA,64,5.35%,114,9.52%,1019,85.13%,178,14.87,1197,12,1%,35,2.92%,1085,90.64%,65,5.43%,47,3.93,1197
CRIANÇA,0 a < 5 anos,2025,NORDESTE,21,MA,211102,SAO JOAO DO CARU,62,8.38%,86,11.62%,592,80%,148,20.0,740,7,0.95%,32,4.32%,650,87.84%,51,6.89%,39,5.27,740
CRIANÇA,0 a < 5 anos,2025,NORDESTE,21,MA,211105,SAO JOAO DO PARAISO,53,8.76%,55,9.09%,497,82.15%,108,17.85,605,7,1.16%,30,4.96%,547,90.41%,21,3.47%,37,6.12,605
CRIANÇA,0 a < 5 anos,2025,NORDESTE,21,MA,211107,SAO JOAO DO SOTER,47,4.1%,88,7.69%,1010,88.21%,135,11.79,1145,4,0.35%,41,3.58%,1043,91.09%,57,4.98%,45,3.93,1145
CRIANÇA,0 a < 5 anos,2025,NORDESTE,21,MA,211110,SAO JOAO DOS PATOS,61,4.38%,98,7.04%,1233,88.58%,159,11.42,1392,15,1.08%,54,3.88%,1248,89.66%,75,5.39%,69,4.96,1392
CRIANÇA,0 a < 5 anos,2025,NORDESTE,21,MA,211120,SAO JOSE DE RIBAMAR,302,3.51%,550,6.39%,7750,90.1%,852,9.9,8602,68,0.79%,194,2.26%,7705,89.57%,635,7.38%,262,3.05,8602
CRIANÇA,0 a < 5 anos,2025,NORDESTE,21,MA,211125,SAO JOSE DOS BASILIOS,41,8.93%,46,10.02%,372,81.05%,87,18.95,459,7,1.53%,21,4.58%,406,88.45%,25,5.45%,28,6.1,459
CRIANÇA,0 a < 5 anos,2025,NORDESTE,21,MA,211130,SAO LUIS,1305,3.97%,2142,6.51%,29439,89.52%,3447,10.48,32886,301,0.92%,730,2.22%,29487,89.66%,2368,7.2%,1031,3.14,32886
CRIANÇA,0 a < 5 anos,2025,NORDESTE,21,MA,211140,SAO LUIS GONZAGA DO MARANHAO,137,12.39%,108,9.76%,861,77.85%,245,22.15,1106,23,2.08%,45,4.07%,946,85.53%,92,8.32%,68,6.15,1106
CRIANÇA,0 a < 5 anos,2025,NORDESTE,21,MA,211150,SAO MATEUS DO MARANHAO,141,5.84%,177,7.33%,2096,86.83%,318,13.17,2414,20,0.83%,72,2.98%,2177,90.18%,145,6.01%,92,3.81,2414
CRIANÇA,0 a < 5 anos,2025,NORDESTE,21,MA,211153,SAO PEDRO DA AGUA BRANCA,38,7.32%,51,9.83%,430,82.85%,89,17.15,519,4,0.77%,17,3.28%,461,88.82%,37,7.13%,21,4.05,519
CRIANÇA,0 a < 5 anos,2025,NORDESTE,21,MA,211157,SAO PEDRO DOS CRENTES,14,3.57%,20,5.1%,358,91.33%,34,8.67,392,2,0.51%,8,2.04%,352,89.8%,30,7.65%,10,2.55,392
CRIANÇA,0 a < 5 anos,2025,NORDESTE,21,MA,211160,SAO RAIMUNDO DAS MANGABEIRAS,59,4.66%,112,8.85%,1094,86.48%,171,13.52,1265,11,0.87%,40,3.16%,1156,91.38%,58,4.58%,51,4.03,1265
CRIANÇA,0 a < 5 anos,2025,NORDESTE,21,MA,211163,SAO RAIMUNDO DO DOCA BEZERRA,20,4.26%,23,4.9%,426,90.83%,43,9.17,469,1,0.21%,10,2.13%,433,92.32%,25,5.33%,11,2.35,469
CRIANÇA,0 a < 5 anos,2025,NORDESTE,21,MA,211167,SAO ROBERTO,28,6.81%,25,6.08%,358,87.1%,53,12.9,411,2,0.49%,7,1.7%,369,89.78%,33,8.03%,9,2.19,411
CRIANÇA,0 a < 5 anos,2025,NORDESTE,21,MA,211170,SAO VICENTE FERRER,67,6.67%,65,6.47%,872,86.85%,132,13.15,1004,14,1.39%,30,2.99%,910,90.64%,50,4.98%,44,4.38,1004
CRIANÇA,0 a < 5 anos,2025,NORDESTE,21,MA,211172,SATUBINHA,36,5.31%,54,7.96%,588,86.73%,90,13.27,678,4,0.59%,22,3.24%,606,89.38%,46,6.78%,26,3.83,678
CRIANÇA,0 a < 5 anos,2025,NORDESTE,21,MA,211174,SENADOR ALEXANDRE COSTA,55,6.26%,85,9.68%,738,84.05%,140,15.95,878,8,0.91%,37,4.21%,798,90.89%,35,3.99%,45,5.13,878
CRIANÇA,0 a < 5 anos,2025,NORDESTE,21,MA,211176,SENADOR LA ROCQUE,73,6.72%,77,7.08%,937,86.2%,150,13.8,1087,20,1.84%,34,3.13%,970,89.24%,63,5.8%,54,4.97,1087
CRIANÇA,0 a < 5 anos,2025,NORDESTE,21,MA,211178,SERRANO DO MARANHAO,39,5.28%,60,8.12%,640,86.6%,99,13.4,739,12,1.62%,35,4.74%,666,90.12%,26,3.52%,47,6.36,739
CRIANÇA,0 a < 5 anos,2025,NORDESTE,21,MA,211180,SITIO NOVO,70,5.13%,120,8.79%,1175,86.08%,190,13.92,1365,5,0.37%,44,3.22%,1258,92.16%,58,4.25%,49,3.59,1365
CRIANÇA,0 a < 5 anos,2025,NORDESTE,21,MA,211190,SUCUPIRA DO NORTE,41,6.27%,48,7.34%,565,86.39%,89,13.61,654,2,0.31%,16,2.45%,609,93.12%,27,4.13%,18,2.75,654
CRIANÇA,0 a < 5 anos,2025,NORDESTE,21,MA,211195,SUCUPIRA DO RIACHAO,17,5.41%,37,11.78%,260,82.8%,54,17.2,314,3,0.96%,9,2.87%,293,93.31%,9,2.87%,12,3.82,314
CRIANÇA,0 a < 5 anos,2025,NORDESTE,21,MA,211200,TASSO FRAGOSO,18,2.3%,45,5.75%,720,91.95%,63,8.05,783,5,0.64%,20,2.55%,723,92.34%,35,4.47%,25,3.19,783
CRIANÇA,0 a < 5 anos,2025,NORDESTE,21,MA,211210,TIMBIRAS,141,8.83%,177,11.09%,1278,80.08%,318,19.92,1596,25,1.57%,64,4.01%,1437,90.04%,70,4.39%,89,5.58,1596
CRIANÇA,0 a < 5 anos,2025,NORDESTE,21,MA,211220,TIMON,725,7.69%,819,8.69%,7886,83.63%,1544,16.37,9430,306,3.24%,355,3.76%,7863,83.35%,910,9.65%,661,7.01,9434
CRIANÇA,0 a < 5 anos,2025,NORDESTE,21,MA,211223,TRIZIDELA DO VALE,52,3.62%,72,5.01%,1314,91.38%,124,8.62,1438,11,0.76%,41,2.85%,1306,90.82%,80,5.56%,52,3.62,1438
CRIANÇA,0 a < 5 anos,2025,NORDESTE,21,MA,211227,TUFILANDIA,32,6.85%,43,9.21%,392,83.94%,75,16.06,467,4,0.86%,22,4.71%,417,89.29%,24,5.14%,26,5.57,467
CRIANÇA,0 a < 5 anos,2025,NORDESTE,21,MA,211230,TUNTUM,113,5.75%,138,7.02%,1714,87.23%,251,12.77,1965,17,0.87%,52,2.65%,1760,89.57%,136,6.92%,69,3.51,1965
CRIANÇA,0 a < 5 anos,2025,NORDESTE,21,MA,211240,TURIACU,214,8.29%,264,10.23%,2102,81.47%,478,18.53,2580,32,1.24%,133,5.16%,2284,88.53%,131,5.08%,165,6.4,2580
CRIANÇA,0 a < 5 anos,2025,NORDESTE,21,MA,211245,TURILANDIA,113,7.2%,146,9.31%,1310,83.49%,259,16.51,1569,11,0.7%,72,4.59%,1423,90.69%,63,4.02%,83,5.29,1569
CRIANÇA,0 a < 5 anos,2025,NORDESTE,21,MA,211250,TUTOIA,289,8.35%,280,8.09%,2894,83.57%,569,16.43,3463,63,1.82%,118,3.41%,3001,86.66%,281,8.11%,181,5.23,3463
CRIANÇA,0 a < 5 anos,2025,NORDESTE,21,MA,211260,URBANO SANTOS,169,8.95%,219,11.59%,1501,79.46%,388,20.54,1889,28,1.48%,123,6.51%,1643,86.98%,95,5.03%,151,7.99,1889
CRIANÇA,0 a < 5 anos,2025,NORDESTE,21,MA,211270,VARGEM GRANDE,326,12.83%,325,12.79%,1890,74.38%,651,25.62,2541,62,2.44%,146,5.74%,2217,87.21%,117,4.6%,208,8.18,2542
CRIANÇA,0 a < 5 anos,2025,NORDESTE,21,MA,211280,VIANA,211,7.01%,249,8.28%,2549,84.71%,460,15.29,3009,35,1.16%,131,4.35%,2695,89.56%,148,4.92%,166,5.52,3009
CRIANÇA,0 a < 5 anos,2025,NORDESTE,21,MA,211285,VILA NOVA DOS MARTIRIOS,22,2.59%,59,6.95%,768,90.46%,81,9.54,849,5,0.59%,24,2.83%,786,92.58%,34,4%,29,3.42,849
CRIANÇA,0 a < 5 anos,2025,NORDESTE,21,MA,211290,VITORIA DO MEARIM,58,3.45%,121,7.19%,1503,89.36%,179,10.64,1682,22,1.31%,60,3.57%,1490,88.59%,110,6.54%,82,4.88,1682
CRIANÇA,0 a < 5 anos,2025,NORDESTE,21,MA,211300,VITORINO FREIRE,114,6.99%,124,7.61%,1392,85.4%,238,14.6,1630,18,1.1%,50,3.07%,1443,88.53%,119,7.3%,68,4.17,1630
CRIANÇA,0 a < 5 anos,2025,NORDESTE,21,MA,211400,ZE DOCA,161,6.55%,212,8.62%,2085,84.83%,373,15.17,2458,16,0.65%,103,4.19%,2201,89.54%,138,5.61%,119,4.84,2458
CRIANÇA,0 a < 5 anos,2025,NORDESTE,22,PI,220005,ACAUA,4,0.9%,26,5.86%,414,93.24%,30,6.76,444,0,-,4,0.9%,407,91.67%,33,7.43%,4,0.9,444
CRIANÇA,0 a < 5 anos,2025,NORDESTE,22,PI,220010,AGRICOLANDIA,12,3.49%,23,6.69%,309,89.83%,35,10.17,344,1,0.29%,6,1.74%,305,88.66%,32,9.3%,7,2.03,344
CRIANÇA,0 a < 5 anos,2025,NORDESTE,22,PI,220020,AGUA BRANCA,55,5.44%,78,7.72%,878,86.84%,133,13.16,1011,7,0.69%,31,3.07%,904,89.42%,69,6.82%,38,3.76,1011
CRIANÇA,0 a < 5 anos,2025,NORDESTE,22,PI,220025,ALAGOINHA DO PIAUI,6,1.96%,20,6.54%,280,91.5%,26,8.5,306,2,0.65%,10,3.27%,280,91.5%,14,4.58%,12,3.92,306
CRIANÇA,0 a < 5 anos,2025,NORDESTE,22,PI,220027,ALEGRETE DO PIAUI,1,0.39%,16,6.27%,238,93.33%,17,6.67,255,1,0.39%,3,1.18%,233,91.37%,18,7.06%,4,1.57,255
CRIANÇA,0 a < 5 anos,2025,NORDESTE,22,PI,220030,ALTO LONGA,26,3.99%,40,6.13%,586,89.88%,66,10.12,652,7,1.07%,26,3.99%,590,90.49%,29,4.45%,33,5.06,652
CRIANÇA,0 a < 5 anos,2025,NORDESTE,22,PI,220040,ALTOS,129,4.66%,214,7.74%,2423,87.6%,343,12.4,2766,18,0.65%,74,2.68%,2503,90.49%,171,6.18%,92,3.33,2766
CRIANÇA,0 a < 5 anos,2025,NORDESTE,22,PI,220045,ALVORADA DO GURGUEIA,17,4.47%,18,4.74%,345,90.79%,35,9.21,380,4,1.05%,5,1.32%,357,93.95%,14,3.68%,9,2.37,380
CRIANÇA,0 a < 5 anos,2025,NORDESTE,22,PI,220050,AMARANTE,45,3.93%,69,6.03%,1031,90.04%,114,9.96,1145,19,1.66%,48,4.19%,1026,89.61%,52,4.54%,67,5.85,1145
CRIANÇA,0 a < 5 anos,2025,NORDESTE,22,PI,220060,ANGICAL DO PIAUI,11,3.06%,14,3.9%,334,93.04%,25,6.96,359,3,0.84%,7,1.95%,330,91.92%,19,5.29%,10,2.79,359
CRIANÇA,0 a < 5 anos,2025,NORDESTE,22,PI,220070,ANISIO DE ABREU,11,1.97%,32,5.73%,515,92.29%,43,7.71,558,1,0.18%,10,1.79%,418,74.91%,129,23.12%,11,1.97,558
CRIANÇA,0 a < 5 anos,2025,NORDESTE,22,PI,220080,ANTONIO ALMEIDA,9,3.16%,19,6.67%,257,90.18%,28,9.82,285,1,0.35%,10,3.51%,253,88.77%,21,7.37%,11,3.86,285
CRIANÇA,0 a < 5 anos,2025,NORDESTE,22,PI,220090,AROAZES,4,1.61%,11,4.42%,234,93.98%,15,6.02,249,1,0.4%,11,4.42%,235,94.38%,2,0.8%,12,4.82,249
CRIANÇA,0 a < 5 anos,2025,NORDESTE,22,PI,220095,AROEIRAS DO ITAIM,6,4.11%,15,10.27%,125,85.62%,21,14.38,146,1,0.68%,5,3.42%,134,91.78%,6,4.11%,6,4.11,146
CRIANÇA,0 a < 5 anos,2025,NORDESTE,22,PI,220100,ARRAIAL,16,5.02%,24,7.52%,279,87.46%,40,12.54,319,6,1.88%,13,4.08%,291,91.22%,9,2.82%,19,5.96,319
CRIANÇA,0 a < 5 anos,2025,NORDESTE,22,PI,220105,ASSUNCAO DO PIAUI,67,15.19%,51,11.56%,323,73.24%,118,26.76,441,7,1.59%,16,3.63%,398,90.25%,20,4.54%,23,5.22,441
CRIANÇA,0 a < 5 anos,2025,NORDESTE,22,PI,220110,AVELINO LOPES,50,6.92%,47,6.5%,626,86.58%,97,13.42,723,2,0.28%,17,2.35%,616,85.2%,88,12.17%,19,2.63,723
CRIANÇA,0 a < 5 anos,2025,NORDESTE,22,PI,220115,BAIXA GRANDE DO RIBEIRO,115,8.42%,103,7.55%,1147,84.03%,218,15.97,1365,21,1.54%,43,3.15%,1123,82.27%,178,13.04%,64,4.69,1365
CRIANÇA,0 a < 5 anos,2025,NORDESTE,22,PI,220117,BARRA D'ALCANTARA,8,3.65%,9,4.11%,202,92.24%,17,7.76,219,2,0.91%,4,1.83%,207,94.52%,6,2.74%,6,2.74,219
CRIANÇA,0 a < 5 anos,2025,NORDESTE,22,PI,220120,BARRAS,143,5.04%,208,7.34%,2484,87.62%,351,12.38,2835,22,0.78%,113,3.99%,2538,89.52%,162,5.71%,135,4.76,2835
CRIANÇA,0 a < 5 anos,2025,NORDESTE,22,PI,220130,BARREIRAS DO PIAUI,13,5.33%,23,9.43%,208,85.25%,36,14.75,244,2,0.82%,6,2.46%,229,93.85%,7,2.87%,8,3.28,244
CRIANÇA,0 a < 5 anos,2025,NORDESTE,22,PI,220140,BARRO DURO,16,4.58%,28,8.02%,305,87.39%,44,12.61,349,5,1.43%,7,2.01%,312,89.4%,25,7.16%,12,3.44,349
CRIANÇA,0 a < 5 anos,2025,NORDESTE,22,PI,220150,BATALHA,66,4.32%,112,7.33%,1351,88.36%,178,11.64,1529,7,0.46%,42,2.75%,1387,90.71%,93,6.08%,49,3.2,1529
CRIANÇA,0 a < 5 anos,2025,NORDESTE,22,PI,220155,BELA VISTA DO PIAUI,2,0.67%,14,4.67%,284,94.67%,16,5.33,300,0,-,3,1%,277,92.33%,20,6.67%,3,1.0,300
CRIANÇA,0 a < 5 anos,2025,NORDESTE,22,PI,220157,BELEM DO PIAUI,9,5.2%,14,8.09%,150,86.71%,23,13.29,173,0,-,2,1.16%,156,90.17%,15,8.67%,2,1.16,173
CRIANÇA,0 a < 5 anos,2025,NORDESTE,22,PI,220160,BENEDITINOS,19,3.82%,35,7.03%,444,89.16%,54,10.84,498,6,1.2%,17,3.41%,448,89.96%,27,5.42%,23,4.62,498
CRIANÇA,0 a < 5 anos,2025,NORDESTE,22,PI,220170,BERTOLINIA,20,5.29%,24,6.35%,334,88.36%,44,11.64,378,8,2.12%,13,3.44%,334,88.36%,23,6.08%,21,5.56,378
CRIANÇA,0 a < 5 anos,2025,NORDESTE,22,PI,220173,BETANIA DO PIAUI,16,3.17%,32,6.35%,456,90.48%,48,9.52,504,2,0.4%,6,1.19%,447,88.69%,49,9.72%,8,1.59,504
CRIANÇA,0 a < 5 anos,2025,NORDESTE,22,PI,220177,BOA HORA,13,3.1%,34,8.11%,372,88.78%,47,11.22,419,2,0.48%,8,1.91%,379,90.45%,30,7.16%,10,2.39,419
CRIANÇA,0 a < 5 anos,2025,NORDESTE,22,PI,220180,BOCAINA,16,7.55%,6,2.83%,190,89.62%,22,10.38,212,4,1.89%,7,3.3%,187,88.21%,14,6.6%,11,5.19,212
CRIANÇA,0 a < 5 anos,2025,NORDESTE,22,PI,220190,BOM JESUS,33,1.58%,86,4.11%,1973,94.31%,119,5.69,2092,12,0.57%,43,2.06%,1938,92.64%,99,4.73%,55,2.63,2092
CRIANÇA,0 a < 5 anos,2025,NORDESTE,22,PI,220191,BOM PRINCIPIO DO PIAUI,17,4.02%,24,5.67%,382,90.31%,41,9.69,423,0,-,8,1.89%,364,86.05%,51,12.06%,8,1.89,423
CRIANÇA,0 a < 5 anos,2025,NORDESTE,22,PI,220192,BONFIM DO PIAUI,19,5.4%,11,3.13%,322,91.48%,30,8.52,352,0,-,9,2.56%,311,88.35%,32,9.09%,9,2.56,352
CRIANÇA,0 a < 5 anos,2025,NORDESTE,22,PI,220194,BOQUEIRAO DO PIAUI,16,3.74%,42,9.81%,370,86.45%,58,13.55,428,8,1.87%,7,1.64%,398,92.99%,15,3.5%,15,3.5,428
CRIANÇA,0 a < 5 anos,2025,NORDESTE,22,PI,220196,BRASILEIRA,20,4.22%,34,7.17%,420,88.61%,54,11.39,474,4,0.84%,15,3.16%,426,89.87%,29,6.12%,19,4.01,474
CRIANÇA,0 a < 5 anos,2025,NORDESTE,22,PI,220198,BREJO DO PIAUI,7,2.79%,12,4.78%,232,92.43%,19,7.57,251,0,-,5,1.99%,217,86.45%,29,11.55%,5,1.99,251
CRIANÇA,0 a < 5 anos,2025,NORDESTE,22,PI,220200,BURITI DOS LOPES,50,4.73%,61,5.77%,946,89.5%,111,10.5,1057,11,1.04%,28,2.65%,926,87.52%,93,8.79%,39,3.69,1058
CRIANÇA,0 a < 5 anos,2025,NORDESTE,22,PI,220202,BURITI DOS MONTES,17,4.28%,25,6.3%,355,89.42%,42,10.58,397,2,0.5%,13,3.27%,355,89.42%,27,6.8%,15,3.78,397
CRIANÇA,0 a < 5 anos,2025,NORDESTE,22,PI,220205,CABECEIRAS DO PIAUI,15,2.75%,23,4.21%,508,93.04%,38,6.96,546,1,0.18%,13,2.38%,477,87.36%,55,10.07%,14,2.56,546
CRIANÇA,0 a < 5 anos,2025,NORDESTE,22,PI,220207,CAJAZEIRAS DO PIAUI,9,5.06%,12,6.74%,157,88.2%,21,11.8,178,1,0.56%,2,1.12%,166,93.26%,9,5.06%,3,1.69,178
CRIANÇA,0 a < 5 anos,2025,NORDESTE,22,PI,220208,CAJUEIRO DA PRAIA,17,3.85%,25,5.66%,400,90.5%,42,9.5,442,2,0.45%,15,3.39%,390,88.24%,35,7.92%,17,3.85,442
CRIANÇA,0 a < 5 anos,2025,NORDESTE,22,PI,220209,CALDEIRAO GRANDE DO PIAUI,16,4.49%,16,4.49%,324,91.01%,32,8.99,356,0,-,6,1.69%,323,90.73%,27,7.58%,6,1.69,356
CRIANÇA,0 a < 5 anos,2025,NORDESTE,22,PI,220210,CAMPINAS DO PIAUI,14,4.9%,18,6.29%,254,88.81%,32,11.19,286,1,0.35%,13,4.55%,252,88.11%,20,6.99%,14,4.9,286
CRIANÇA,0 a < 5 anos,2025,NORDESTE,22,PI,220211,CAMPO ALEGRE DO FIDALGO,7,2.31%,20,6.6%,276,91.09%,27,8.91,303,7,2.31%,8,2.64%,260,85.81%,28,9.24%,15,4.95,303
CRIANÇA,0 a < 5 anos,2025,NORDESTE,22,PI,220213,CAMPO GRANDE DO PIAUI,15,5.23%,15,5.23%,257,89.55%,30,10.45,287,0,-,4,1.39%,264,91.99%,19,6.62%,4,1.39,287
CRIANÇA,0 a < 5 anos,2025,NORDESTE,22,PI,220217,CAMPO LARGO DO PIAUI,30,5.73%,39,7.44%,455,86.83%,69,13.17,524,1,0.19%,14,2.67%,471,89.89%,38,7.25%,15,2.86,524
CRIANÇA,0 a < 5 anos,2025,NORDESTE,22,PI,220220,CAMPO MAIOR,77,3.71%,121,5.83%,1876,90.45%,198,9.55,2074,8,0.39%,30,1.45%,1891,91.18%,145,6.99%,38,1.83,2074
CRIANÇA,0 a < 5 anos,2025,NORDESTE,22,PI,220225,CANAVIEIRA,5,2.72%,6,3.26%,173,94.02%,11,5.98,184,1,0.54%,8,4.35%,168,91.3%,7,3.8%,9,4.89,184
CRIANÇA,0 a < 5 anos,2025,NORDESTE,22,PI,220230,CANTO DO BURITI,65,5.59%,96,8.26%,1001,86.14%,161,13.86,1162,4,0.34%,25,2.15%,1025,88.21%,108,9.29%,29,2.5,1162
CRIANÇA,0 a < 5 anos,2025,NORDESTE,22,PI,220240,CAPITAO DE CAMPOS,30,4.68%,32,4.99%,579,90.33%,62,9.67,641,4,0.62%,16,2.5%,580,90.48%,41,6.4%,20,3.12,641
CRIANÇA,0 a < 5 anos,2025,NORDESTE,22,PI,220245,CAPITAO GERVASIO OLIVEIRA,10,3.83%,10,3.83%,241,92.34%,20,7.66,261,1,0.38%,3,1.15%,223,85.44%,34,13.03%,4,1.53,261
CRIANÇA,0 a < 5 anos,2025,NORDESTE,22,PI,220250,CARACOL,29,4.39%,55,8.32%,577,87.29%,84,12.71,661,5,0.76%,10,1.51%,576,87.14%,70,10.59%,15,2.27,661
CRIANÇA,0 a < 5 anos,2025,NORDESTE,22,PI,220253,CARAUBAS DO PIAUI,36,9.42%,37,9.69%,309,80.89%,73,19.11,382,5,1.31%,12,3.14%,345,90.31%,20,5.24%,17,4.45,382
CRIANÇA,0 a < 5 anos,2025,NORDESTE,22,PI,220255,CARIDADE DO PIAUI,18,4.13%,17,3.9%,401,91.97%,35,8.03,436,2,0.46%,9,2.06%,391,89.68%,34,7.8%,11,2.52,436
CRIANÇA,0 a < 5 anos,2025,NORDESTE,22,PI,220260,CASTELO DO PIAUI,17,1.57%,70,6.46%,997,91.97%,87,8.03,1084,5,0.46%,27,2.49%,987,91.05%,65,6%,32,2.95,1084
CRIANÇA,0 a < 5 anos,2025,NORDESTE,22,PI,220265,CAXINGO,20,4.73%,30,7.09%,373,88.18%,50,11.82,423,5,1.18%,11,2.6%,383,90.54%,24,5.67%,16,3.78,423
CRIANÇA,0 a < 5 anos,2025,NORDESTE,22,PI,220270,COCAL,85,4.99%,135,7.92%,1485,87.1%,220,12.9,1705,5,0.29%,58,3.4%,1521,89.21%,121,7.1%,63,3.7,1705
CRIANÇA,0 a < 5 anos,2025,NORDESTE,22,PI,220271,COCAL DE TELHA,12,4.33%,15,5.42%,250,90.25%,27,9.75,277,2,0.72%,7,2.53%,242,87.36%,26,9.39%,9,3.25,277
CRIANÇA,0 a < 5 anos,2025,NORDESTE,22,PI,220272,COCAL DOS ALVES,20,4.48%,26,5.83%,400,89.69%,46,10.31,446,4,0.9%,9,2.02%,386,86.55%,47,10.54%,13,2.91,446
CRIANÇA,0 a < 5 anos,2025,NORDESTE,22,PI,220273,COIVARAS,7,2.97%,8,3.39%,221,93.64%,15,6.36,236,0,-,5,2.12%,218,92.37%,13,5.51%,5,2.12,236
CRIANÇA,0 a < 5 anos,2025,NORDESTE,22,PI,220275,COLONIA DO GURGUEIA,12,2.73%,26,5.92%,401,91.34%,38,8.66,439,1,0.23%,14,3.19%,398,90.66%,26,5.92%,15,3.42,439
CRIANÇA,0 a < 5 anos,2025,NORDESTE,22,PI,220277,COLONIA DO PIAUI,11,2.95%,9,2.41%,353,94.64%,20,5.36,373,3,0.8%,8,2.14%,330,88.47%,32,8.58%,11,2.95,373
CRIANÇA,0 a < 5 anos,2025,NORDESTE,22,PI,220280,CONCEICAO DO CANINDE,9,3.01%,12,4.01%,278,92.98%,21,7.02,299,3,1%,10,3.34%,264,88.29%,22,7.36%,13,4.35,299
CRIANÇA,0 a < 5 anos,2025,NORDESTE,22,PI,220285,CORONEL JOSE DIAS,13,5.6%,16,6.9%,203,87.5%,29,12.5,232,0,-,8,3.45%,205,88.36%,19,8.19%,8,3.45,232
CRIANÇA,0 a < 5 anos,2025,NORDESTE,22,PI,220290,CORRENTE,61,4.8%,87,6.84%,1124,88.36%,148,11.64,1272,13,1.02%,37,2.91%,1154,90.72%,68,5.35%,50,3.93,1272
CRIANÇA,0 a < 5 anos,2025,NORDESTE,22,PI,220300,CRISTALANDIA DO PIAUI,18,4.9%,25,6.81%,324,88.28%,43,11.72,367,2,0.54%,11,2.99%,339,92.12%,16,4.35%,13,3.53,368
CRIANÇA,0 a < 5 anos,2025,NORDESTE,22,PI,220310,CRISTINO CASTRO,7,1.03%,26,3.83%,645,95.13%,33,4.87,678,4,0.59%,14,2.06%,625,92.18%,35,5.16%,18,2.65,678
CRIANÇA,0 a < 5 anos,2025,NORDESTE,22,PI,220320,CURIMATA,24,3.08%,41,5.26%,714,91.66%,65,8.34,779,4,0.51%,12,1.54%,720,92.43%,43,5.52%,16,2.05,779
CRIANÇA,0 a < 5 anos,2025,NORDESTE,22,PI,220323,CURRAIS,27,6.68%,28,6.93%,349,86.39%,55,13.61,404,3,0.74%,18,4.46%,355,87.87%,28,6.93%,21,5.2,404
CRIANÇA,0 a < 5 anos,2025,NORDESTE,22,PI,220325,CURRALINHOS,12,3.82%,26,8.28%,276,87.9%,38,12.1,314,10,3.18%,6,1.91%,280,89.17%,18,5.73%,16,5.1,314
CRIANÇA,0 a < 5 anos,2025,NORDESTE,22,PI,220327,CURRAL NOVO DO PIAUI,19,3.98%,24,5.03%,434,90.99%,43,9.01,477,0,-,9,1.89%,445,93.29%,23,4.82%,9,1.89,477
CRIANÇA,0 a < 5 anos,2025,NORDESTE,22,PI,220330,DEMERVAL LOBAO,47,3.94%,52,4.36%,1094,91.7%,99,8.3,1193,11,0.92%,23,1.93%,1081,90.61%,78,6.54%,34,2.85,1193
CRIANÇA,0 a < 5 anos,2025,NORDESTE,22,PI,220335,DIRCEU ARCOVERDE,37,8.03%,34,7.38%,390,84.6%,71,15.4,461,7,1.52%,16,3.47%,380,82.43%,58,12.58%,23,4.99,461
CRIANÇA,0 a < 5 anos,2025,NORDESTE,22,PI,220340,DOM EXPEDITO LOPES,6,1.51%,16,4.02%,376,94.47%,22,5.53,398,0,-,3,0.75%,356,89.45%,39,9.8%,3,0.75,398
CRIANÇA,0 a < 5 anos,2025,NORDESTE,22,PI,220342,DOMINGOS MOURAO,15,6.49%,14,6.06%,202,87.45%,29,12.55,231,0,-,7,3.03%,212,91.77%,12,5.19%,7,3.03,231
CRIANÇA,0 a < 5 anos,2025,NORDESTE,22,PI,220345,DOM INOCENCIO,14,2.89%,21,4.34%,449,92.77%,35,7.23,484,2,0.41%,6,1.24%,421,86.98%,55,11.36%,8,1.65,484
CRIANÇA,0 a < 5 anos,2025,NORDESTE,22,PI,220350,ELESBAO VELOSO,19,3.11%,38,6.22%,554,90.67%,57,9.33,611,3,0.49%,17,2.78%,551,90.18%,40,6.55%,20,3.27,611
CRIANÇA,0 a < 5 anos,2025,NORDESTE,22,PI,220360,ELISEU MARTINS,6,2.69%,17,7.62%,200,89.69%,23,10.31,223,1,0.45%,2,0.9%,214,95.96%,6,2.69%,3,1.35,223
CRIANÇA,0 a < 5 anos,2025,NORDESTE,22,PI,220370,ESPERANTINA,142,5.03%,189,6.69%,2494,88.28%,331,11.72,2825,18,0.64%,76,2.69%,2555,90.44%,176,6.23%,94,3.33,2825
CRIANÇA,0 a < 5 anos,2025,NORDESTE,22,PI,220375,FARTURA DO PIAUI,16,4.56%,19,5.41%,316,90.03%,35,9.97,351,1,0.28%,8,2.28%,315,89.74%,27,7.69%,9,2.56,351
CRIANÇA,0 a < 5 anos,2025,NORDESTE,22,PI,220380,FLORES DO PIAUI,8,3.62%,16,7.24%,197,89.14%,24,10.86,221,1,0.45%,7,3.17%,197,89.14%,16,7.24%,8,3.62,221
CRIANÇA,0 a < 5 anos,2025,NORDESTE,22,PI,220385,FLORESTA DO PIAUI,2,1.72%,6,5.17%,108,93.1%,8,6.9,116,1,0.86%,1,0.86%,105,90.52%,9,7.76%,2,1.72,116
CRIANÇA,0 a < 5 anos,2025,NORDESTE,22,PI,220390,FLORIANO,95,3.03%,158,5.04%,2882,91.93%,253,8.07,3135,20,0.64%,87,2.78%,2869,91.52%,159,5.07%,107,3.41,3135
CRIANÇA,0 a < 5 anos,2025,NORDESTE,22,PI,220400,FRANCINOPOLIS,12,4.26%,23,8.16%,247,87.59%,35,12.41,282,4,1.42%,7,2.48%,258,91.49%,13,4.61%,11,3.9,282
CRIANÇA,0 a < 5 anos,2025,NORDESTE,22,PI,220410,FRANCISCO AYRES,8,3.23%,12,4.84%,228,91.94%,20,8.06,248,2,0.81%,3,1.21%,229,92.34%,14,5.65%,5,2.02,248
CRIANÇA,0 a < 5 anos,2025,NORDESTE,22,PI,220415,FRANCISCO MACEDO,7,4.02%,12,6.9%,155,89.08%,19,10.92,174,1,0.57%,2,1.15%,150,86.21%,21,12.07%,3,1.72,174
CRIANÇA,0 a < 5 anos,2025,NORDESTE,22,PI,220420,FRANCISCO SANTOS,16,4.35%,22,5.98%,330,89.67%,38,10.33,368,2,0.54%,9,2.45%,346,94.02%,11,2.99%,11,2.99,368
CRIANÇA,0 a < 5 anos,2025,NORDESTE,22,PI,220430,FRONTEIRAS,39,8.97%,37,8.51%,359,82.53%,76,17.47,435,2,0.46%,6,1.38%,398,91.49%,29,6.67%,8,1.84,435
CRIANÇA,0 a < 5 anos,2025,NORDESTE,22,PI,220435,GEMINIANO,17,5.03%,23,6.8%,298,88.17%,40,11.83,338,5,1.48%,7,2.07%,308,91.12%,18,5.33%,12,3.55,338
CRIANÇA,0 a < 5 anos,2025,NORDESTE,22,PI,220440,GILBUES,35,4.89%,43,6.01%,638,89.11%,78,10.89,716,4,0.56%,14,1.96%,664,92.74%,34,4.75%,18,2.51,716
CRIANÇA,0 a < 5 anos,2025,NORDESTE,22,PI,220450,GUADALUPE,24,3.49%,34,4.95%,629,91.56%,58,8.44,687,4,0.58%,20,2.92%,622,90.67%,40,5.83%,24,3.5,686
CRIANÇA,0 a < 5 anos,2025,NORDESTE,22,PI,220455,GUARIBAS,26,6.88%,27,7.14%,325,85.98%,53,14.02,378,5,1.32%,13,3.44%,338,89.42%,22,5.82%,18,4.76,378
CRIANÇA,0 a < 5 anos,2025,NORDESTE,22,PI,220460,HUGO NAPOLEAO,26,18.71%,11,7.91%,102,73.38%,37,26.62,139,1,0.72%,4,2.88%,129,92.81%,5,3.6%,5,3.6,139
CRIANÇA,0 a < 5 anos,2025,NORDESTE,22,PI,220465,ILHA GRANDE,12,2%,22,3.66%,567,94.34%,34,5.66,601,4,0.67%,10,1.66%,543,90.35%,44,7.32%,14,2.33,601
CRIANÇA,0 a < 5 anos,2025,NORDESTE,22,PI,220470,INHUMA,19,2.6%,25,3.42%,686,93.97%,44,6.03,730,2,0.27%,15,2.05%,651,89.18%,62,8.49%,17,2.33,730
CRIANÇA,0 a < 5 anos,2025,NORDESTE,22,PI,220480,IPIRANGA DO PIAUI,14,3.23%,20,4.62%,399,92.15%,34,7.85,433,5,1.15%,8,1.85%,383,88.45%,37,8.55%,13,3.0,433
CRIANÇA,0 a < 5 anos,2025,NORDESTE,22,PI,220490,ISAIAS COELHO,13,2.5%,21,4.03%,487,93.47%,34,6.53,521,7,1.34%,12,2.3%,471,90.4%,31,5.95%,19,3.65,521
CRIANÇA,0 a < 5 anos,2025,NORDESTE,22,PI,220500,ITAINOPOLIS,34,6.77%,33,6.57%,435,86.65%,67,13.35,502,8,1.59%,6,1.2%,449,89.44%,39,7.77%,14,2.79,502
CRIANÇA,0 a < 5 anos,2025,NORDESTE,22,PI,220510,ITAUEIRA,12,2.47%,18,3.71%,455,93.81%,30,6.19,485,0,-,7,1.44%,440,90.72%,38,7.84%,7,1.44,485
CRIANÇA,0 a < 5 anos,2025,NORDESTE,22,PI,220515,JACOBINA DO PIAUI,16,4.38%,19,5.21%,330,90.41%,35,9.59,365,4,1.1%,12,3.29%,315,86.3%,34,9.32%,16,4.38,365
CRIANÇA,0 a < 5 anos,2025,NORDESTE,22,PI,220520,JAICOS,87,8.4%,94,9.07%,855,82.53%,181,17.47,1036,16,1.54%,45,4.34%,911,87.93%,64,6.18%,61,5.89,1036
CRIANÇA,0 a < 5 anos,2025,NORDESTE,22,PI,220525,JARDIM DO MULATO,10,3.98%,14,5.58%,227,90.44%,24,9.56,251,1,0.4%,5,1.99%,232,92.43%,13,5.18%,6,2.39,251
CRIANÇA,0 a < 5 anos,2025,NORDESTE,22,PI,220527,JATOBA DO PIAUI,7,3.59%,3,1.54%,185,94.87%,10,5.13,195,2,1.03%,3,1.54%,178,91.28%,12,6.15%,5,2.56,195
CRIANÇA,0 a < 5 anos,2025,NORDESTE,22,PI,220530,JERUMENHA,13,6.53%,14,7.04%,172,86.43%,27,13.57,199,3,1.51%,5,2.51%,171,85.93%,20,10.05%,8,4.02,199
CRIANÇA,0 a < 5 anos,2025,NORDESTE,22,PI,220535,JOAO COSTA,6,3.41%,11,6.25%,159,90.34%,17,9.66,176,0,-,3,1.7%,163,92.61%,10,5.68%,3,1.7,176
CRIANÇA,0 a < 5 anos,2025,NORDESTE,22,PI,220540,JOAQUIM PIRES,35,4.27%,62,7.57%,722,88.16%,97,11.84,819,4,0.49%,23,2.81%,737,89.99%,55,6.72%,27,3.3,819
CRIANÇA,0 a < 5 anos,2025,NORDESTE,22,PI,220545,JOCA MARQUES,21,5.85%,16,4.46%,322,89.69%,37,10.31,359,3,0.84%,13,3.62%,262,72.98%,81,22.56%,16,4.46,359
CRIANÇA,0 a < 5 anos,2025,NORDESTE,22,PI,220550,JOSE DE FREITAS,61,2.56%,151,6.34%,2169,91.1%,212,8.9,2381,15,0.63%,47,1.97%,2157,90.59%,162,6.8%,62,2.6,2381
CRIANÇA,0 a < 5 anos,2025,NORDESTE,22,PI,220551,JUAZEIRO DO PIAUI,12,4.55%,15,5.68%,237,89.77%,27,10.23,264,0,-,5,1.89%,243,92.05%,16,6.06%,5,1.89,264
CRIANÇA,0 a < 5 anos,2025,NORDESTE,22,PI,220552,JULIO BORGES,14,3.73%,29,7.73%,332,88.53%,43,11.47,375,3,0.8%,15,4%,337,89.87%,20,5.33%,18,4.8,375
CRIANÇA,0 a < 5 anos,2025,NORDESTE,22,PI,220553,JUREMA,7,1.86%,14,3.72%,355,94.41%,21,5.59,376,2,0.53%,6,1.6%,328,87.23%,40,10.64%,8,2.13,376
CRIANÇA,0 a < 5 anos,2025,NORDESTE,22,PI,220554,LAGOINHA DO PIAUI,6,3.85%,16,10.26%,134,85.9%,22,14.1,156,0,-,5,3.21%,144,92.31%,7,4.49%,5,3.21,156
CRIANÇA,0 a < 5 anos,2025,NORDESTE,22,PI,220555,LAGOA ALEGRE,17,3.18%,33,6.17%,485,90.65%,50,9.35,535,2,0.37%,19,3.55%,472,88.22%,42,7.85%,21,3.93,535
CRIANÇA,0 a < 5 anos,2025,NORDESTE,22,PI,220556,LAGOA DO BARRO DO PIAUI,17,4.79%,24,6.76%,314,88.45%,41,11.55,355,7,1.97%,5,1.41%,310,87.32%,33,9.3%,12,3.38,355
CRIANÇA,0 a < 5 anos,2025,NORDESTE,22,PI,220557,LAGOA DE SAO FRANCISCO,11,2.93%,16,4.26%,349,92.82%,27,7.18,376,1,0.27%,14,3.72%,326,86.7%,35,9.31%,15,3.99,376
CRIANÇA,0 a < 5 anos,2025,NORDESTE,22,PI,220558,LAGOA DO PIAUI,13,5.2%,12,4.8%,225,90%,25,10.0,250,2,0.8%,6,2.4%,230,92%,12,4.8%,8,3.2,250
CRIANÇA,0 a < 5 anos,2025,NORDESTE,22,PI,220559,LAGOA DO SITIO,11,4.14%,9,3.38%,246,92.48%,20,7.52,266,3,1.13%,7,2.63%,241,90.6%,15,5.64%,10,3.76,266
CRIANÇA,0 a < 5 anos,2025,NORDESTE,22,PI,220560,LANDRI SALES,6,1.76%,24,7.04%,311,91.2%,30,8.8,341,1,0.29%,11,3.23%,298,87.39%,31,9.09%,12,3.52,341
CRIANÇA,0 a < 5 anos,2025,NORDESTE,22,PI,220570,LUIS CORREIA,72,4.49%,89,5.55%,1443,89.96%,161,10.04,1604,13,0.81%,41,2.56%,1358,84.66%,192,11.97%,54,3.37,1604
CRIANÇA,0 a < 5 anos,2025,NORDESTE,22,PI,220580,LUZILANDIA,89,6.57%,98,7.23%,1168,86.2%,187,13.8,1355,7,0.52%,29,2.14%,1189,87.68%,131,9.66%,36,2.65,1356
CRIANÇA,0 a < 5 anos,2025,NORDESTE,22,PI,220585,MADEIRO,35,6.24%,47,8.38%,479,85.38%,82,14.62,561,6,1.07%,18,3.21%,504,89.84%,33,5.88%,24,4.28,561
CRIANÇA,0 a < 5 anos,2025,NORDESTE,22,PI,220590,MANOEL EMIDIO,9,2.89%,20,6.43%,282,90.68%,29,9.32,311,1,0.32%,4,1.29%,293,94.21%,13,4.18%,5,1.61,311
CRIANÇA,0 a < 5 anos,2025,NORDESTE,22,PI,220595,MARCOLANDIA,31,4.08%,38,5.01%,690,90.91%,69,9.09,759,4,0.53%,9,1.19%,697,91.83%,49,6.46%,13,1.71,759
CRIANÇA,0 a < 5 anos,2025,NORDESTE,22,PI,220600,MARCOS PARENTE,3,1.18%,8,3.14%,244,95.69%,11,4.31,255,4,1.57%,7,2.75%,233,91.37%,11,4.31%,11,4.31,255
CRIANÇA,0 a < 5 anos,2025,NORDESTE,22,PI,220605,MASSAPE DO PIAUI,19,7.72%,21,8.54%,206,83.74%,40,16.26,246,2,0.81%,6,2.44%,209,84.96%,29,11.79%,8,3.25,246
CRIANÇA,0 a < 5 anos,2025,NORDESTE,22,PI,220610,MATIAS OLIMPIO,14,1.73%,31,3.83%,765,94.44%,45,5.56,810,7,0.86%,11,1.36%,726,89.63%,66,8.15%,18,2.22,810
CRIANÇA,0 a < 5 anos,2025,NORDESTE,22,PI,220620,MIGUEL ALVES,163,7.3%,227,10.17%,1843,82.53%,390,17.47,2233,37,1.66%,98,4.39%,1976,88.49%,122,5.46%,135,6.05,2233
CRIANÇA,0 a < 5 anos,2025,NORDESTE,22,PI,220630,MIGUEL LEAO,2,2.5%,5,6.25%,73,91.25%,7,8.75,80,0,-,0,-,73,91.25%,7,8.75%,0,0.0,80
CRIANÇA,0 a < 5 anos,2025,NORDESTE,22,PI,220635,MILTON BRANDAO,6,1.67%,14,3.89%,340,94.44%,20,5.56,360,0,-,7,1.94%,329,91.39%,24,6.67%,7,1.94,360
CRIANÇA,0 a < 5 anos,2025,NORDESTE,22,PI,220640,MONSENHOR GIL,37,6.83%,34,6.27%,471,86.9%,71,13.1,542,7,1.29%,17,3.14%,475,87.64%,43,7.93%,24,4.43,542
CRIANÇA,0 a < 5 anos,2025,NORDESTE,22,PI,220650,MONSENHOR HIPOLITO,29,6.59%,34,7.73%,377,85.68%,63,14.32,440,0,-,13,2.95%,403,91.59%,24,5.45%,13,2.95,440
CRIANÇA,0 a < 5 anos,2025,NORDESTE,22,PI,220660,MONTE ALEGRE DO PIAUI,52,7.24%,59,8.22%,607,84.54%,111,15.46,718,6,0.84%,20,2.79%,648,90.25%,44,6.13%,26,3.62,718
CRIANÇA,0 a < 5 anos,2025,NORDESTE,22,PI,220665,MORRO CABECA NO TEMPO,53,14.76%,32,8.91%,274,76.32%,85,23.68,359,5,1.39%,11,3.06%,310,86.35%,33,9.19%,16,4.46,359
CRIANÇA,0 a < 5 anos,2025,NORDESTE,22,PI,220667,MORRO DO CHAPEU DO PIAUI,17,3.35%,43,8.48%,447,88.17%,60,11.83,507,2,0.39%,18,3.55%,471,92.9%,16,3.16%,20,3.94,507
CRIANÇA,0 a < 5 anos,2025,NORDESTE,22,PI,220669,MURICI DOS PORTELAS,24,5.13%,27,5.77%,417,89.1%,51,10.9,468,6,1.28%,19,4.06%,399,85.26%,44,9.4%,25,5.34,468
CRIANÇA,0 a < 5 anos,2025,NORDESTE,22,PI,220670,NAZARE DO PIAUI,14,3.54%,20,5.05%,362,91.41%,34,8.59,396,8,2.02%,12,3.03%,347,87.63%,29,7.32%,20,5.05,396
CRIANÇA,0 a < 5 anos,2025,NORDESTE,22,PI,220672,NAZARIA,21,2.86%,63,8.59%,649,88.54%,84,11.46,733,6,0.82%,18,2.46%,673,91.81%,36,4.91%,24,3.27,733
CRIANÇA,0 a < 5 anos,2025,NORDESTE,22,PI,220675,NOSSA SENHORA DE NAZARE,9,3.47%,19,7.34%,231,89.19%,28,10.81,259,3,1.16%,12,4.63%,227,87.64%,17,6.56%,15,5.79,259
CRIANÇA,0 a < 5 anos,2025,NORDESTE,22,PI,220680,NOSSA SENHORA DOS REMEDIOS,39,6.51%,40,6.68%,520,86.81%,79,13.19,599,13,2.17%,29,4.84%,528,88.15%,29,4.84%,42,7.01,599
CRIANÇA,0 a < 5 anos,2025,NORDESTE,22,PI,220690,NOVO ORIENTE DO PIAUI,7,2.89%,18,7.44%,217,89.67%,25,10.33,242,2,0.83%,8,3.31%,220,90.91%,12,4.96%,10,4.13,242
CRIANÇA,0 a < 5 anos,2025,NORDESTE,22,PI,220695,NOVO SANTO ANTONIO,9,5.88%,9,5.88%,135,88.24%,18,11.76,153,4,2.61%,3,1.96%,131,85.62%,15,9.8%,7,4.58,153
CRIANÇA,0 a < 5 anos,2025,NORDESTE,22,PI,220700,OEIRAS,54,2.76%,97,4.95%,1808,92.29%,151,7.71,1959,8,0.41%,45,2.3%,1780,90.86%,126,6.43%,53,2.71,1959
CRIANÇA,0 a < 5 anos,2025,NORDESTE,22,PI,220710,OLHO D'AGUA DO PIAUI,11,9.32%,9,7.63%,98,83.05%,20,16.95,118,2,1.69%,11,9.32%,97,82.2%,8,6.78%,13,11.02,118
CRIANÇA,0 a < 5 anos,2025,NORDESTE,22,PI,220720,PADRE MARCOS,16,4.88%,23,7.01%,289,88.11%,39,11.89,328,2,0.61%,1,0.3%,292,89.02%,33,10.06%,3,0.91,328
CRIANÇA,0 a < 5 anos,2025,NORDESTE,22,PI,220730,PAES LANDIM,3,1.26%,14,5.86%,222,92.89%,17,7.11,239,0,-,2,0.84%,211,88.28%,26,10.88%,2,0.84,239
CRIANÇA,0 a < 5 anos,2025,NORDESTE,22,PI,220735,PAJEU DO PIAUI,4,3.42%,7,5.98%,106,90.6%,11,9.4,117,2,1.71%,6,5.13%,101,86.32%,8,6.84%,8,6.84,117
CRIANÇA,0 a < 5 anos,2025,NORDESTE,22,PI,220740,PALMEIRA DO PIAUI,8,2.65%,21,6.95%,273,90.4%,29,9.6,302,1,0.33%,12,3.97%,276,91.39%,13,4.3%,13,4.3,302
CRIANÇA,0 a < 5 anos,2025,NORDESTE,22,PI,220750,PALMEIRAIS,35,4.12%,62,7.3%,752,88.57%,97,11.43,849,9,1.06%,36,4.24%,754,88.81%,50,5.89%,45,5.3,849
CRIANÇA,0 a < 5 anos,2025,NORDESTE,22,PI,220755,PAQUETA,7,3.66%,3,1.57%,181,94.76%,10,5.24,191,1,0.52%,2,1.05%,172,90.05%,16,8.38%,3,1.57,191
CRIANÇA,0 a < 5 anos,2025,NORDESTE,22,PI,220760,PARNAGUA,61,9.93%,40,6.51%,513,83.55%,101,16.45,614,3,0.49%,19,3.09%,552,89.9%,40,6.51%,22,3.58,614
CRIANÇA,0 a < 5 anos,2025,NORDESTE,22,PI,220770,PARNAIBA,265,4.58%,415,7.17%,5106,88.25%,680,11.75,5786,47,0.81%,140,2.42%,5101,88.16%,498,8.61%,187,3.23,5786
CRIANÇA,0 a < 5 anos,2025,NORDESTE,22,PI,220775,PASSAGEM FRANCA DO PIAUI,19,8.76%,14,6.45%,184,84.79%,33,15.21,217,4,1.84%,4,1.84%,195,89.86%,14,6.45%,8,3.69,217
CRIANÇA,0 a < 5 anos,2025,NORDESTE,22,PI,220777,PATOS DO PIAUI,2,0.84%,9,3.8%,226,95.36%,11,4.64,237,1,0.42%,3,1.27%,218,91.98%,15,6.33%,4,1.69,237
CRIANÇA,0 a < 5 anos,2025,NORDESTE,22,PI,220779,PAU D'ARCO DO PIAUI,20,9.09%,27,12.27%,173,78.64%,47,21.36,220,2,0.91%,7,3.18%,197,89.55%,14,6.36%,9,4.09,220
CRIANÇA,0 a < 5 anos,2025,NORDESTE,22,PI,220780,PAULISTANA,142,10.34%,133,9.69%,1098,79.97%,275,20.03,1373,14,1.02%,42,3.06%,1210,88.13%,107,7.79%,56,4.08,1373
CRIANÇA,0 a < 5 anos,2025,NORDESTE,22,PI,220785,PAVUSSU,17,7.05%,13,5.39%,211,87.55%,30,12.45,241,0,-,4,1.66%,223,92.53%,14,5.81%,4,1.66,241
CRIANÇA,0 a < 5 anos,2025,NORDESTE,22,PI,220790,PEDRO II,82,3.61%,128,5.63%,2064,90.77%,210,9.23,2274,6,0.26%,53,2.33%,2016,88.65%,199,8.75%,59,2.59,2274
CRIANÇA,0 a < 5 anos,2025,NORDESTE,22,PI,220793,PEDRO LAURENTINO,10,6.8%,7,4.76%,130,88.44%,17,11.56,147,1,0.68%,4,2.72%,123,83.67%,19,12.93%,5,3.4,147
CRIANÇA,0 a < 5 anos,2025,NORDESTE,22,PI,220795,NOVA SANTA RITA,12,4.26%,16,5.67%,254,90.07%,28,9.93,282,2,0.71%,3,1.06%,254,90.07%,23,8.16%,5,1.77,282
CRIANÇA,0 a < 5 anos,2025,NORDESTE,22,PI,220800,PICOS,84,2.57%,165,5.05%,3018,92.38%,249,7.62,3267,21,0.64%,56,1.71%,2949,90.27%,241,7.38%,77,2.36,3267
CRIANÇA,0 a < 5 anos,2025,NORDESTE,22,PI,220810,PIMENTEIRAS,29,5.59%,41,7.9%,449,86.51%,70,13.49,519,3,0.58%,15,2.89%,473,91.14%,28,5.39%,18,3.47,519
CRIANÇA,0 a < 5 anos,2025,NORDESTE,22,PI,220820,PIO IX,43,4.05%,45,4.24%,974,91.71%,88,8.29,1062,6,0.56%,25,2.35%,957,90.11%,74,6.97%,31,2.92,1062
CRIANÇA,0 a < 5 anos,2025,NORDESTE,22,PI,220830,PIRACURUCA,51,3.11%,93,5.67%,1495,91.21%,144,8.79,1639,15,0.92%,50,3.05%,1403,85.6%,171,10.43%,65,3.97,1639
CRIANÇA,0 a < 5 anos,2025,NORDESTE,22,PI,220840,PIRIPIRI,165,5.06%,213,6.54%,2880,88.4%,378,11.6,3258,15,0.46%,62,1.9%,2670,81.95%,511,15.68%,77,2.36,3258
CRIANÇA,0 a < 5 anos,2025,NORDESTE,22,PI,220850,PORTO,38,3.82%,78,7.84%,879,88.34%,116,11.66,995,8,0.8%,35,3.52%,902,90.65%,50,5.03%,43,4.32,995
CRIANÇA,0 a < 5 anos,2025,NORDESTE,22,PI,220855,PORTO ALEGRE DO PIAUI,6,3.02%,11,5.53%,182,91.46%,17,8.54,199,2,1.01%,3,1.51%,188,94.47%,6,3.02%,5,2.51,199
CRIANÇA,0 a < 5 anos,2025,NORDESTE,22,PI,220860,PRATA DO PIAUI,3,1.48%,6,2.96%,194,95.57%,9,4.43,203,0,-,8,3.94%,186,91.63%,9,4.43%,8,3.94,203
CRIANÇA,0 a < 5 anos,2025,NORDESTE,22,PI,220865,QUEIMADA NOVA,25,5.05%,34,6.87%,436,88.08%,59,11.92,495,2,0.4%,12,2.42%,436,88.08%,45,9.09%,14,2.83,495
CRIANÇA,0 a < 5 anos,2025,NORDESTE,22,PI,220870,REDENCAO DO GURGUEIA,39,6.4%,44,7.22%,526,86.37%,83,13.63,609,9,1.48%,34,5.58%,532,87.36%,34,5.58%,43,7.06,609
CRIANÇA,0 a < 5 anos,2025,NORDESTE,22,PI,220880,REGENERACAO,76,6.45%,84,7.12%,1019,86.43%,160,13.57,1179,11,0.93%,51,4.33%,1017,86.26%,100,8.48%,62,5.26,1179
CRIANÇA,0 a < 5 anos,2025,NORDESTE,22,PI,220885,RIACHO FRIO,13,4.17%,26,8.33%,273,87.5%,39,12.5,312,4,1.28%,14,4.49%,288,92.31%,6,1.92%,18,5.77,312
CRIANÇA,0 a < 5 anos,2025,NORDESTE,22,PI,220887,RIBEIRA DO PIAUI,12,5.24%,12,5.24%,205,89.52%,24,10.48,229,3,1.31%,3,1.31%,211,92.14%,12,5.24%,6,2.62,229
CRIANÇA,0 a < 5 anos,2025,NORDESTE,22,PI,220890,RIBEIRO GONCALVES,16,4.42%,23,6.35%,323,89.23%,39,10.77,362,3,0.83%,16,4.42%,320,88.4%,23,6.35%,19,5.25,362
CRIANÇA,0 a < 5 anos,2025,NORDESTE,22,PI,220900,RIO GRANDE DO PIAUI,15,4.46%,28,8.33%,293,87.2%,43,12.8,336,3,0.89%,12,3.57%,301,89.58%,20,5.95%,15,4.46,336
CRIANÇA,0 a < 5 anos,2025,NORDESTE,22,PI,220910,SANTA CRUZ DO PIAUI,14,4.86%,13,4.51%,261,90.63%,27,9.38,288,1,0.35%,3,1.04%,254,88.19%,30,10.42%,4,1.39,288
CRIANÇA,0 a < 5 anos,2025,NORDESTE,22,PI,220915,SANTA CRUZ DOS MILAGRES,2,1.15%,17,9.77%,155,89.08%,19,10.92,174,2,1.15%,2,1.15%,167,95.98%,3,1.72%,4,2.3,174
CRIANÇA,0 a < 5 anos,2025,NORDESTE,22,PI,220920,SANTA FILOMENA,23,5.45%,33,7.82%,366,86.73%,56,13.27,422,3,0.71%,10,2.37%,379,89.81%,30,7.11%,13,3.08,422
CRIANÇA,0 a < 5 anos,2025,NORDESTE,22,PI,220930,SANTA LUZ,26,8.18%,31,9.75%,261,82.08%,57,17.92,318,3,0.94%,5,1.57%,303,95.28%,7,2.2%,8,2.52,318
CRIANÇA,0 a < 5 anos,2025,NORDESTE,22,PI,220935,SANTANA DO PIAUI,10,4.57%,4,1.83%,205,93.61%,14,6.39,219,3,1.37%,4,1.83%,198,90.41%,14,6.39%,7,3.2,219
CRIANÇA,0 a < 5 anos,2025,NORDESTE,22,PI,220937,SANTA ROSA DO PIAUI,5,2.07%,14,5.79%,223,92.15%,19,7.85,242,3,1.24%,1,0.41%,231,95.45%,7,2.89%,4,1.65,242
CRIANÇA,0 a < 5 anos,2025,NORDESTE,22,PI,220940,SANTO ANTONIO DE LISBOA,11,3.45%,10,3.13%,298,93.42%,21,6.58,319,4,1.25%,4,1.25%,287,89.97%,24,7.52%,8,2.51,319
CRIANÇA,0 a < 5 anos,2025,NORDESTE,22,PI,220945,SANTO ANTONIO DOS MILAGRES,3,2.33%,3,2.33%,123,95.35%,6,4.65,129,1,0.78%,2,1.55%,115,89.15%,11,8.53%,3,2.33,129
CRIANÇA,0 a < 5 anos,2025,NORDESTE,22,PI,220950,SANTO INACIO DO PIAUI,1,0.47%,5,2.37%,205,97.16%,6,2.84,211,1,0.47%,0,-,191,90.52%,19,9%,1,0.47,211
CRIANÇA,0 a < 5 anos,2025,NORDESTE,22,PI,220955,SAO BRAZ DO PIAUI,14,4.76%,17,5.78%,263,89.46%,31,10.54,294,0,-,4,1.36%,254,86.39%,36,12.24%,4,1.36,294
CRIANÇA,0 a < 5 anos,2025,NORDESTE,22,PI,220960,SAO FELIX DO PIAUI,2,1.47%,5,3.68%,129,94.85%,7,5.15,136,2,1.47%,3,2.21%,127,93.38%,4,2.94%,5,3.68,136
CRIANÇA,0 a < 5 anos,2025,NORDESTE,22,PI,220965,SAO FRANCISCO DE ASSIS DO PIAUI,13,3.57%,12,3.3%,339,93.13%,25,6.87,364,3,0.82%,5,1.37%,313,85.99%,43,11.81%,8,2.2,364
CRIANÇA,0 a < 5 anos,2025,NORDESTE,22,PI,220970,SAO FRANCISCO DO PIAUI,14,5.24%,16,5.99%,237,88.76%,30,11.24,267,1,0.37%,9,3.37%,241,90.26%,16,5.99%,10,3.75,267
CRIANÇA,0 a < 5 anos,2025,NORDESTE,22,PI,220975,SAO GONCALO DO GURGUEIA,17,6.8%,21,8.4%,212,84.8%,38,15.2,250,3,1.2%,7,2.8%,233,93.2%,7,2.8%,10,4.0,250
CRIANÇA,0 a < 5 anos,2025,NORDESTE,22,PI,220980,SAO GONCALO DO PIAUI,15,6.1%,18,7.32%,213,86.59%,33,13.41,246,0,-,8,3.25%,223,90.65%,15,6.1%,8,3.25,246
CRIANÇA,0 a < 5 anos,2025,NORDESTE,22,PI,220985,SAO JOAO DA CANABRAVA,5,2.1%,12,5.04%,221,92.86%,17,7.14,238,1,0.42%,6,2.52%,216,90.76%,15,6.3%,7,2.94,238
CRIANÇA,0 a < 5 anos,2025,NORDESTE,22,PI,220987,SAO JOAO DA FRONTEIRA,24,6.37%,19,5.04%,334,88.59%,43,11.41,377,3,0.8%,5,1.33%,348,92.31%,21,5.57%,8,2.12,377
CRIANÇA,0 a < 5 anos,2025,NORDESTE,22,PI,220990,SAO JOAO DA SERRA,16,5.19%,18,5.84%,274,88.96%,34,11.04,308,2,0.65%,8,2.6%,282,91.56%,16,5.19%,10,3.25,308
CRIANÇA,0 a < 5 anos,2025,NORDESTE,22,PI,220995,SAO JOAO DA VARJOTA,11,4.37%,13,5.16%,228,90.48%,24,9.52,252,3,1.19%,3,1.19%,215,85.32%,31,12.3%,6,2.38,252
CRIANÇA,0 a < 5 anos,2025,NORDESTE,22,PI,220997,SAO JOAO DO ARRAIAL,36,5.83%,52,8.43%,529,85.74%,88,14.26,617,4,0.65%,22,3.57%,548,88.82%,43,6.97%,26,4.21,617
CRIANÇA,0 a < 5 anos,2025,NORDESTE,22,PI,221000,SAO JOAO DO PIAUI,66,5.29%,73,5.85%,1108,88.85%,139,11.15,1247,11,0.88%,32,2.57%,1097,87.97%,107,8.58%,43,3.45,1247
CRIANÇA,0 a < 5 anos,2025,NORDESTE,22,PI,221005,SAO JOSE DO DIVINO,3,0.86%,23,6.61%,322,92.53%,26,7.47,348,2,0.57%,10,2.87%,316,90.8%,20,5.75%,12,3.45,348
CRIANÇA,0 a < 5 anos,2025,NORDESTE,22,PI,221010,SAO JOSE DO PEIXE,8,4.91%,9,5.52%,146,89.57%,17,10.43,163,0,-,1,0.61%,157,96.32%,5,3.07%,1,0.61,163
CRIANÇA,0 a < 5 anos,2025,NORDESTE,22,PI,221020,SAO JOSE DO PIAUI,13,3.49%,21,5.65%,338,90.86%,34,9.14,372,1,0.27%,7,1.88%,335,90.05%,29,7.8%,8,2.15,372
CRIANÇA,0 a < 5 anos,2025,NORDESTE,22,PI,221030,SAO JULIAO,15,5.02%,12,4.01%,272,90.97%,27,9.03,299,2,0.67%,6,2.01%,272,90.97%,19,6.35%,8,2.68,299
CRIANÇA,0 a < 5 anos,2025,NORDESTE,22,PI,221035,SAO LOURENCO DO PIAUI,8,4.57%,7,4%,160,91.43%,15,8.57,175,0,-,2,1.14%,153,87.43%,20,11.43%,2,1.14,175
CRIANÇA,0 a < 5 anos,2025,NORDESTE,22,PI,221037,SAO LUIS DO PIAUI,12,12.63%,7,7.37%,76,80%,19,20.0,95,1,1.05%,5,5.26%,84,88.42%,5,5.26%,6,6.32,95
CRIANÇA,0 a < 5 anos,2025,NORDESTE,22,PI,221038,SAO MIGUEL DA BAIXA GRANDE,23,20.91%,7,6.36%,80,72.73%,30,27.27,110,1,0.91%,2,1.82%,83,75.45%,24,21.82%,3,2.73,110
CRIANÇA,0 a < 5 anos,2025,NORDESTE,22,PI,221039,SAO MIGUEL DO FIDALGO,3,1.81%,8,4.82%,155,93.37%,11,6.63,166,2,1.2%,8,4.82%,152,91.57%,4,2.41%,10,6.02,166
CRIANÇA,0 a < 5 anos,2025,NORDESTE,22,PI,221040,SAO MIGUEL DO TAPUIO,12,1.37%,30,3.42%,836,95.22%,42,4.78,878,4,0.46%,17,1.94%,804,91.57%,53,6.04%,21,2.39,878
CRIANÇA,0 a < 5 anos,2025,NORDESTE,22,PI,221050,SAO PEDRO DO PIAUI,19,1.99%,53,5.56%,881,92.44%,72,7.56,953,14,1.47%,29,3.04%,876,91.92%,34,3.57%,43,4.51,953
CRIANÇA,0 a < 5 anos,2025,NORDESTE,22,PI,221060,SAO RAIMUNDO NONATO,82,3.84%,125,5.85%,1931,90.32%,207,9.68,2138,21,0.98%,46,2.15%,1906,89.15%,165,7.72%,67,3.13,2138
CRIANÇA,0 a < 5 anos,2025,NORDESTE,22,PI,221062,SEBASTIAO BARROS,10,5.62%,18,10.11%,150,84.27%,28,15.73,178,2,1.12%,10,5.62%,160,89.89%,6,3.37%,12,6.74,178
CRIANÇA,0 a < 5 anos,2025,NORDESTE,22,PI,221063,SEBASTIAO LEAL,14,3.84%,28,7.67%,323,88.49%,42,11.51,365,5,1.37%,7,1.92%,327,89.59%,26,7.12%,12,3.29,365
CRIANÇA,0 a < 5 anos,2025,NORDESTE,22,PI,221065,SIGEFREDO PACHECO,18,4.2%,16,3.73%,395,92.07%,34,7.93,429,2,0.47%,12,2.8%,386,89.98%,29,6.76%,14,3.26,429
CRIANÇA,0 a < 5 anos,2025,NORDESTE,22,PI,221070,SIMOES,7,0.79%,27,3.03%,857,96.18%,34,3.82,891,7,0.79%,15,1.68%,803,90.12%,66,7.41%,22,2.47,891
CRIANÇA,0 a < 5 anos,2025,NORDESTE,22,PI,221080,SIMPLICIO MENDES,108,13.38%,66,8.18%,633,78.44%,174,21.56,807,1,0.12%,23,2.85%,729,90.33%,54,6.69%,24,2.97,807
CRIANÇA,0 a < 5 anos,2025,NORDESTE,22,PI,221090,SOCORRO DO PIAUI,7,2.87%,11,4.51%,226,92.62%,18,7.38,244,3,1.23%,5,2.05%,211,86.48%,25,10.25%,8,3.28,244
CRIANÇA,0 a < 5 anos,2025,NORDESTE,22,PI,221093,SUSSUAPARA,25,6.98%,25,6.98%,308,86.03%,50,13.97,358,7,1.96%,10,2.79%,316,88.27%,25,6.98%,17,4.75,358
CRIANÇA,0 a < 5 anos,2025,NORDESTE,22,PI,221095,TAMBORIL DO PIAUI,11,6.75%,13,7.98%,139,85.28%,24,14.72,163,1,0.61%,4,2.45%,148,90.8%,10,6.13%,5,3.07,163
CRIANÇA,0 a < 5 anos,2025,NORDESTE,22,PI,221097,TANQUE DO PIAUI,12,7.95%,14,9.27%,125,82.78%,26,17.22,151,1,0.66%,5,3.31%,139,92.05%,6,3.97%,6,3.97,151
CRIANÇA,0 a < 5 anos,2025,NORDESTE,22,PI,221100,TERESINA,641,2.3%,1415,5.07%,25837,92.63%,2056,7.37,27893,165,0.59%,658,2.36%,25429,91.17%,1641,5.88%,823,2.95,27893
CRIANÇA,0 a < 5 anos,2025,NORDESTE,22,PI,221110,UNIAO,94,3.1%,202,6.66%,2735,90.23%,296,9.77,3031,23,0.76%,85,2.8%,2755,90.89%,168,5.54%,108,3.56,3031
CRIANÇA,0 a < 5 anos,2025,NORDESTE,22,PI,221120,URUCUI,113,6.01%,130,6.91%,1638,87.08%,243,12.92,1881,15,0.8%,50,2.66%,1686,89.63%,130,6.91%,65,3.46,1881
CRIANÇA,0 a < 5 anos,2025,NORDESTE,22,PI,221130,VALENCA DO PIAUI,25,2.85%,46,5.25%,806,91.9%,71,8.1,877,4,0.46%,30,3.42%,793,90.42%,50,5.7%,34,3.88,877
CRIANÇA,0 a < 5 anos,2025,NORDESTE,22,PI,221135,VARZEA BRANCA,26,7.22%,31,8.61%,303,84.17%,57,15.83,360,3,0.83%,9,2.5%,323,89.72%,25,6.94%,12,3.33,360
CRIANÇA,0 a < 5 anos,2025,NORDESTE,22,PI,221140,VARZEA GRANDE,12,4.71%,10,3.92%,233,91.37%,22,8.63,255,3,1.18%,8,3.14%,227,89.02%,17,6.67%,11,4.31,255
CRIANÇA,0 a < 5 anos,2025,NORDESTE,22,PI,221150,VERA MENDES,7,3.3%,19,8.96%,186,87.74%,26,12.26,212,0,-,4,1.89%,199,93.87%,9,4.25%,4,1.89,212
CRIANÇA,0 a < 5 anos,2025,NORDESTE,22,PI,221160,VILA NOVA DO PIAUI,5,3.42%,8,5.48%,133,91.1%,13,8.9,146,1,0.68%,2,1.37%,133,91.1%,10,6.85%,3,2.05,146
CRIANÇA,0 a < 5 anos,2025,NORDESTE,22,PI,221170,WALL FERRAZ,10,5.71%,7,4%,158,90.29%,17,9.71,175,2,1.14%,2,1.14%,155,88.57%,16,9.14%,4,2.29,175
CRIANÇA,0 a < 5 anos,2025,NORDESTE,23,CE,230010,ABAIARA,12,2.06%,42,7.22%,528,90.72%,54,9.28,582,2,0.34%,11,1.89%,515,88.49%,54,9.28%,13,2.23,582
CRIANÇA,0 a < 5 anos,2025,NORDESTE,23,CE,230015,ACARAPE,49,5.47%,59,6.58%,788,87.95%,108,12.05,896,9,1%,18,2.01%,758,84.6%,111,12.39%,27,3.01,896
CRIANÇA,0 a < 5 anos,2025,NORDESTE,23,CE,230020,ACARAU,145,3.11%,239,5.13%,4272,91.75%,384,8.25,4656,22,0.47%,70,1.5%,4013,86.17%,552,11.85%,92,1.98,4657
CRIANÇA,0 a < 5 anos,2025,NORDESTE,23,CE,230030,ACOPIARA,108,5.01%,152,7.06%,1894,87.93%,260,12.07,2154,16,0.74%,79,3.67%,1882,87.37%,177,8.22%,95,4.41,2154
CRIANÇA,0 a < 5 anos,2025,NORDESTE,23,CE,230040,AIUABA,48,6.19%,56,7.23%,671,86.58%,104,13.42,775,5,0.65%,19,2.45%,701,90.45%,50,6.45%,24,3.1,775
CRIANÇA,0 a < 5 anos,2025,NORDESTE,23,CE,230050,ALCANTARAS,15,2.2%,28,4.11%,638,93.69%,43,6.31,681,2,0.29%,15,2.2%,603,88.55%,61,8.96%,17,2.5,681
CRIANÇA,0 a < 5 anos,2025,NORDESTE,23,CE,230060,ALTANEIRA,20,4.44%,25,5.56%,405,90%,45,10.0,450,4,0.89%,5,1.11%,398,88.44%,43,9.56%,9,2.0,450
CRIANÇA,0 a < 5 anos,2025,NORDESTE,23,CE,230070,ALTO SANTO,43,5.74%,58,7.74%,648,86.52%,101,13.48,749,4,0.53%,10,1.34%,664,88.65%,71,9.48%,14,1.87,749
CRIANÇA,0 a < 5 anos,2025,NORDESTE,23,CE,230075,AMONTADA,102,3.08%,167,5.05%,3041,91.87%,269,8.13,3310,16,0.48%,44,1.33%,2918,88.16%,332,10.03%,60,1.81,3310
CRIANÇA,0 a < 5 anos,2025,NORDESTE,23,CE,230080,ANTONINA DO NORTE,11,2.52%,18,4.12%,408,93.36%,29,6.64,437,4,0.92%,7,1.6%,384,87.87%,42,9.61%,11,2.52,437
CRIANÇA,0 a < 5 anos,2025,NORDESTE,23,CE,230090,APUIARES,32,4.37%,49,6.69%,651,88.93%,81,11.07,732,3,0.41%,17,2.32%,623,85.11%,89,12.16%,20,2.73,732
CRIANÇA,0 a < 5 anos,2025,NORDESTE,23,CE,230100,AQUIRAZ,211,4.3%,318,6.48%,4381,89.23%,529,10.77,4910,33,0.67%,84,1.71%,4118,83.87%,675,13.75%,117,2.38,4910
CRIANÇA,0 a < 5 anos,2025,NORDESTE,23,CE,230110,ARACATI,173,5.65%,195,6.37%,2692,87.97%,368,12.03,3060,30,0.98%,69,2.25%,2610,85.29%,351,11.47%,99,3.24,3060
CRIANÇA,0 a < 5 anos,2025,NORDESTE,23,CE,230120,ARACOIABA,67,4.81%,79,5.67%,1247,89.52%,146,10.48,1393,13,0.93%,27,1.94%,1176,84.42%,177,12.71%,40,2.87,1393
CRIANÇA,0 a < 5 anos,2025,NORDESTE,23,CE,230125,ARARENDA,38,5.46%,29,4.17%,629,90.37%,67,9.63,696,8,1.15%,14,2.01%,582,83.62%,92,13.22%,22,3.16,696
CRIANÇA,0 a < 5 anos,2025,NORDESTE,23,CE,230130,ARARIPE,79,5.6%,97,6.88%,1234,87.52%,176,12.48,1410,16,1.13%,32,2.27%,1250,88.65%,112,7.94%,48,3.4,1410
CRIANÇA,0 a < 5 anos,2025,NORDESTE,23,CE,230140,ARATUBA,19,3.11%,52,8.51%,540,88.38%,71,11.62,611,0,-,9,1.47%,534,87.4%,68,11.13%,9,1.47,611
CRIANÇA,0 a < 5 anos,2025,NORDESTE,23,CE,230150,ARNEIROZ,4,1.15%,16,4.61%,327,94.24%,20,5.76,347,0,-,2,0.58%,320,92.22%,25,7.2%,2,0.58,347
CRIANÇA,0 a < 5 anos,2025,NORDESTE,23,CE,230160,ASSARE,71,5.2%,68,4.98%,1227,89.82%,139,10.18,1366,14,1.02%,27,1.98%,1204,88.14%,121,8.86%,41,3.0,1366
CRIANÇA,0 a < 5 anos,2025,NORDESTE,23,CE,230170,AURORA,84,8.31%,114,11.28%,813,80.42%,198,19.58,1011,3,0.3%,29,2.87%,913,90.31%,66,6.53%,32,3.17,1011
CRIANÇA,0 a < 5 anos,2025,NORDESTE,23,CE,230180,BAIXIO,40,14.76%,23,8.49%,208,76.75%,63,23.25,271,6,2.21%,12,4.43%,214,78.97%,39,14.39%,18,6.64,271
CRIANÇA,0 a < 5 anos,2025,NORDESTE,23,CE,230185,BANABUIU,85,8.2%,72,6.95%,879,84.85%,157,15.15,1036,9,0.87%,20,1.93%,902,87.07%,105,10.14%,29,2.8,1036
CRIANÇA,0 a < 5 anos,2025,NORDESTE,23,CE,230190,BARBALHA,165,4.45%,229,6.17%,3315,89.38%,394,10.62,3709,42,1.13%,86,2.32%,3298,88.92%,283,7.63%,128,3.45,3709
CRIANÇA,0 a < 5 anos,2025,NORDESTE,23,CE,230195,BARREIRA,75,5.8%,84,6.5%,1134,87.7%,159,12.3,1293,11,0.85%,22,1.7%,1088,84.15%,172,13.3%,33,2.55,1293
CRIANÇA,0 a < 5 anos,2025,NORDESTE,23,CE,230200,BARRO,27,3.11%,58,6.69%,782,90.2%,85,9.8,867,5,0.58%,18,2.08%,770,88.81%,74,8.54%,23,2.65,867
CRIANÇA,0 a < 5 anos,2025,NORDESTE,23,CE,230205,BARROQUINHA,35,3.11%,72,6.4%,1018,90.49%,107,9.51,1125,5,0.44%,14,1.24%,1001,88.98%,105,9.33%,19,1.69,1125
CRIANÇA,0 a < 5 anos,2025,NORDESTE,23,CE,230210,BATURITE,167,9.47%,137,7.77%,1459,82.76%,304,17.24,1763,33,1.87%,49,2.78%,1466,83.15%,215,12.2%,82,4.65,1763
CRIANÇA,0 a < 5 anos,2025,NORDESTE,23,CE,230220,BEBERIBE,103,3.77%,122,4.46%,2509,91.77%,225,8.23,2734,11,0.4%,32,1.17%,2349,85.89%,343,12.54%,43,1.57,2735
CRIANÇA,0 a < 5 anos,2025,NORDESTE,23,CE,230230,BELA CRUZ,48,2.43%,71,3.59%,1858,93.98%,119,6.02,1977,9,0.46%,25,1.26%,1727,87.35%,216,10.93%,34,1.72,1977
CRIANÇA,0 a < 5 anos,2025,NORDESTE,23,CE,230240,BOA VIAGEM,143,5.32%,156,5.8%,2391,88.88%,299,11.12,2690,37,1.38%,44,1.64%,2327,86.51%,282,10.48%,81,3.01,2690
CRIANÇA,0 a < 5 anos,2025,NORDESTE,23,CE,230250,BREJO SANTO,116,3.64%,183,5.73%,2892,90.63%,299,9.37,3191,31,0.97%,75,2.35%,2833,88.78%,252,7.9%,106,3.32,3191
CRIANÇA,0 a < 5 anos,2025,NORDESTE,23,CE,230260,CAMOCIM,159,4.36%,253,6.94%,3234,88.7%,412,11.3,3646,25,0.69%,62,1.7%,3248,89.08%,311,8.53%,87,2.39,3646
CRIANÇA,0 a < 5 anos,2025,NORDESTE,23,CE,230270,CAMPOS SALES,48,3.65%,93,7.07%,1174,89.28%,141,10.72,1315,14,1.06%,22,1.67%,1178,89.58%,101,7.68%,36,2.74,1315
CRIANÇA,0 a < 5 anos,2025,NORDESTE,23,CE,230280,CANINDE,251,6.2%,274,6.77%,3521,87.02%,525,12.98,4046,29,0.72%,90,2.22%,3564,88.09%,363,8.97%,119,2.94,4046
CRIANÇA,0 a < 5 anos,2025,NORDESTE,23,CE,230290,CAPISTRANO,52,6.1%,66,7.75%,734,86.15%,118,13.85,852,9,1.06%,19,2.23%,701,82.28%,123,14.44%,28,3.29,852
CRIANÇA,0 a < 5 anos,2025,NORDESTE,23,CE,230300,CARIDADE,77,6.59%,77,6.59%,1014,86.82%,154,13.18,1168,12,1.03%,35,3%,938,80.31%,183,15.67%,47,4.02,1168
CRIANÇA,0 a < 5 anos,2025,NORDESTE,23,CE,230310,CARIRE,56,5.93%,57,6.03%,832,88.04%,113,11.96,945,5,0.53%,27,2.86%,828,87.62%,85,8.99%,32,3.39,945
CRIANÇA,0 a < 5 anos,2025,NORDESTE,23,CE,230320,CARIRIACU,43,2.39%,81,4.51%,1672,93.1%,124,6.9,1796,8,0.45%,33,1.84%,1616,89.98%,139,7.74%,41,2.28,1796
CRIANÇA,0 a < 5 anos,2025,NORDESTE,23,CE,230330,CARIUS,29,3.56%,47,5.77%,739,90.67%,76,9.33,815,4,0.49%,6,0.74%,732,89.82%,73,8.96%,10,1.23,815
CRIANÇA,0 a < 5 anos,2025,NORDESTE,23,CE,230340,CARNAUBAL,32,2.86%,53,4.74%,1033,92.4%,85,7.6,1118,5,0.45%,22,1.97%,999,89.36%,92,8.23%,27,2.42,1118
CRIANÇA,0 a < 5 anos,2025,NORDESTE,23,CE,230350,CASCAVEL,138,3.71%,218,5.86%,3363,90.43%,356,9.57,3719,9,0.24%,42,1.13%,3164,85.1%,503,13.53%,51,1.37,3718
CRIANÇA,0 a < 5 anos,2025,NORDESTE,23,CE,230360,CATARINA,38,5.56%,46,6.73%,600,87.72%,84,12.28,684,2,0.29%,8,1.17%,574,83.92%,100,14.62%,10,1.46,684
CRIANÇA,0 a < 5 anos,2025,NORDESTE,23,CE,230365,CATUNDA,24,4.45%,46,8.53%,469,87.01%,70,12.99,539,5,0.93%,3,0.56%,447,82.93%,84,15.58%,8,1.48,539
CRIANÇA,0 a < 5 anos,2025,NORDESTE,23,CE,230370,CAUCAIA,578,4.04%,840,5.87%,12895,90.09%,1418,9.91,14313,56,0.39%,219,1.53%,12316,86.05%,1721,12.02%,275,1.92,14312
CRIANÇA,0 a < 5 anos,2025,NORDESTE,23,CE,230380,CEDRO,13,1.35%,44,4.57%,905,94.07%,57,5.93,962,8,0.83%,33,3.43%,833,86.59%,88,9.15%,41,4.26,962
CRIANÇA,0 a < 5 anos,2025,NORDESTE,23,CE,230390,CHAVAL,30,3.7%,44,5.43%,736,90.86%,74,9.14,810,7,0.86%,17,2.1%,717,88.52%,69,8.52%,24,2.96,810
CRIANÇA,0 a < 5 anos,2025,NORDESTE,23,CE,230393,CHORO,26,3.89%,54,8.08%,588,88.02%,80,11.98,668,2,0.3%,13,1.95%,570,85.33%,83,12.43%,15,2.25,668
CRIANÇA,0 a < 5 anos,2025,NORDESTE,23,CE,230395,CHOROZINHO,88,7.67%,91,7.93%,968,84.39%,179,15.61,1147,16,1.39%,48,4.18%,929,80.99%,154,13.43%,64,5.58,1147
CRIANÇA,0 a < 5 anos,2025,NORDESTE,23,CE,230400,COREAU,77,5.39%,100,7%,1252,87.61%,177,12.39,1429,21,1.47%,30,2.1%,1242,86.91%,136,9.52%,51,3.57,1429
CRIANÇA,0 a < 5 anos,2025,NORDESTE,23,CE,230410,CRATEUS,389,12.21%,218,6.84%,2578,80.94%,607,19.06,3185,38,1.19%,85,2.67%,2705,84.96%,356,11.18%,123,3.86,3184
CRIANÇA,0 a < 5 anos,2025,NORDESTE,23,CE,230420,CRATO,236,3.79%,398,6.39%,5599,89.83%,634,10.17,6233,58,0.93%,137,2.2%,5493,88.13%,545,8.74%,195,3.13,6233
CRIANÇA,0 a < 5 anos,2025,NORDESTE,23,CE,230423,CROATA,25,2.29%,36,3.3%,1031,94.41%,61,5.59,1092,6,0.55%,12,1.1%,955,87.45%,119,10.9%,18,1.65,1092
CRIANÇA,0 a < 5 anos,2025,NORDESTE,23,CE,230425,CRUZ,42,1.63%,92,3.58%,2439,94.79%,134,5.21,2573,12,0.47%,25,0.97%,2302,89.47%,234,9.09%,37,1.44,2573
CRIANÇA,0 a < 5 anos,2025,NORDESTE,23,CE,230426,DEPUTADO IRAPUAN PINHEIRO,8,1.81%,19,4.31%,414,93.88%,27,6.12,441,0,-,7,1.59%,387,87.76%,47,10.66%,7,1.59,441
CRIANÇA,0 a < 5 anos,2025,NORDESTE,23,CE,230427,ERERE,14,4.78%,16,5.46%,263,89.76%,30,10.24,293,2,0.68%,6,2.05%,255,87.03%,30,10.24%,8,2.73,293
CRIANÇA,0 a < 5 anos,2025,NORDESTE,23,CE,230428,EUSEBIO,179,4.89%,271,7.4%,3210,87.7%,450,12.3,3660,29,0.79%,64,1.75%,3185,87.02%,382,10.44%,93,2.54,3660
CRIANÇA,0 a < 5 anos,2025,NORDESTE,23,CE,230430,FARIAS BRITO,29,2.89%,48,4.79%,925,92.32%,77,7.68,1002,1,0.1%,25,2.5%,902,90.02%,74,7.39%,26,2.59,1002
CRIANÇA,0 a < 5 anos,2025,NORDESTE,23,CE,230435,FORQUILHA,80,6.63%,95,7.87%,1032,85.5%,175,14.5,1207,20,1.66%,29,2.4%,1009,83.6%,149,12.34%,49,4.06,1207
CRIANÇA,0 a < 5 anos,2025,NORDESTE,23,CE,230440,FORTALEZA,2904,3.55%,5076,6.2%,73904,90.25%,7980,9.75,81884,444,0.54%,1254,1.53%,71586,87.42%,8601,10.5%,1698,2.07,81885
CRIANÇA,0 a < 5 anos,2025,NORDESTE,23,CE,230445,FORTIM,56,5.21%,73,6.79%,946,88%,129,12.0,1075,6,0.56%,22,2.05%,905,84.19%,142,13.21%,28,2.6,1075
CRIANÇA,0 a < 5 anos,2025,NORDESTE,23,CE,230450,FRECHEIRINHA,56,5.59%,78,7.79%,867,86.61%,134,13.39,1001,11,1.1%,17,1.7%,860,85.91%,113,11.29%,28,2.8,1001
CRIANÇA,0 a < 5 anos,2025,NORDESTE,23,CE,230460,GENERAL SAMPAIO,22,5.18%,25,5.88%,378,88.94%,47,11.06,425,1,0.24%,9,2.12%,356,83.76%,59,13.88%,10,2.35,425
CRIANÇA,0 a < 5 anos,2025,NORDESTE,23,CE,230465,GRACA,31,4.01%,31,4.01%,712,91.99%,62,8.01,774,11,1.42%,16,2.07%,664,85.79%,83,10.72%,27,3.49,774
CRIANÇA,0 a < 5 anos,2025,NORDESTE,23,CE,230470,GRANJA,158,4.51%,251,7.17%,3093,88.32%,409,11.68,3502,29,0.83%,57,1.63%,3156,90.12%,260,7.42%,86,2.46,3502
CRIANÇA,0 a < 5 anos,2025,NORDESTE,23,CE,230480,GRANJEIRO,20,7.19%,21,7.55%,237,85.25%,41,14.75,278,0,-,6,2.16%,239,85.97%,33,11.87%,6,2.16,278
CRIANÇA,0 a < 5 anos,2025,NORDESTE,23,CE,230490,GROAIRAS,13,2.74%,31,6.53%,431,90.74%,44,9.26,475,0,-,8,1.68%,422,88.84%,45,9.47%,8,1.68,475
CRIANÇA,0 a < 5 anos,2025,NORDESTE,23,CE,230495,GUAIUBA,48,4.05%,66,5.57%,1070,90.37%,114,9.63,1184,7,0.59%,19,1.6%,989,83.53%,169,14.27%,26,2.2,1184
CRIANÇA,0 a < 5 anos,2025,NORDESTE,23,CE,230500,GUARACIABA DO NORTE,142,5.08%,242,8.65%,2414,86.28%,384,13.72,2798,24,0.86%,52,1.86%,2459,87.85%,264,9.43%,76,2.72,2799
CRIANÇA,0 a < 5 anos,2025,NORDESTE,23,CE,230510,GUARAMIRANGA,6,1.72%,20,5.75%,322,92.53%,26,7.47,348,3,0.86%,6,1.72%,308,88.51%,31,8.91%,9,2.59,348
CRIANÇA,0 a < 5 anos,2025,NORDESTE,23,CE,230520,HIDROLANDIA,43,4.48%,59,6.15%,857,89.36%,102,10.64,959,5,0.52%,16,1.67%,868,90.51%,70,7.3%,21,2.19,959
CRIANÇA,0 a < 5 anos,2025,NORDESTE,23,CE,230523,HORIZONTE,145,3.32%,238,5.45%,3981,91.22%,383,8.78,4364,18,0.41%,52,1.19%,3782,86.66%,512,11.73%,70,1.6,4364
CRIANÇA,0 a < 5 anos,2025,NORDESTE,23,CE,230526,IBARETAMA,75,9.31%,73,9.06%,658,81.64%,148,18.36,806,13,1.61%,32,3.97%,689,85.48%,72,8.93%,45,5.58,806
CRIANÇA,0 a < 5 anos,2025,NORDESTE,23,CE,230530,IBIAPINA,74,4.38%,75,4.44%,1542,91.19%,149,8.81,1691,19,1.12%,29,1.71%,1502,88.82%,141,8.34%,48,2.84,1691
CRIANÇA,0 a < 5 anos,2025,NORDESTE,23,CE,230533,IBICUITINGA,41,6.55%,51,8.15%,534,85.3%,92,14.7,626,6,0.96%,9,1.44%,543,86.74%,68,10.86%,15,2.4,626
CRIANÇA,0 a < 5 anos,2025,NORDESTE,23,CE,230535,ICAPUI,33,3.38%,69,7.06%,875,89.56%,102,10.44,977,2,0.2%,15,1.54%,813,83.21%,147,15.05%,17,1.74,977
CRIANÇA,0 a < 5 anos,2025,NORDESTE,23,CE,230540,ICO,150,4.6%,198,6.07%,2914,89.33%,348,10.67,3262,28,0.86%,134,4.11%,2853,87.46%,247,7.57%,162,4.97,3262
CRIANÇA,0 a < 5 anos,2025,NORDESTE,23,CE,230550,IGUATU,217,4.72%,302,6.57%,4081,88.72%,519,11.28,4600,27,0.59%,90,1.96%,3902,84.83%,581,12.63%,117,2.54,4600
CRIANÇA,0 a < 5 anos,2025,NORDESTE,23,CE,230560,INDEPENDENCIA,48,3.76%,75,5.88%,1152,90.35%,123,9.65,1275,3,0.24%,18,1.41%,1127,88.39%,127,9.96%,21,1.65,1275
CRIANÇA,0 a < 5 anos,2025,NORDESTE,23,CE,230565,IPAPORANGA,17,2.53%,37,5.51%,618,91.96%,54,8.04,672,1,0.15%,10,1.49%,585,87.05%,76,11.31%,11,1.64,672
CRIANÇA,0 a < 5 anos,2025,NORDESTE,23,CE,230570,IPAUMIRIM,28,4.53%,67,10.84%,523,84.63%,95,15.37,618,9,1.46%,18,2.91%,546,88.35%,45,7.28%,27,4.37,618
CRIANÇA,0 a < 5 anos,2025,NORDESTE,23,CE,230580,IPU,187,7.19%,281,10.81%,2132,82%,468,18.0,2600,13,0.5%,44,1.69%,2308,88.77%,235,9.04%,57,2.19,2600
CRIANÇA,0 a < 5 anos,2025,NORDESTE,23,CE,230590,IPUEIRAS,90,4.14%,137,6.3%,1947,89.56%,227,10.44,2174,9,0.41%,33,1.52%,1863,85.69%,269,12.37%,42,1.93,2174
CRIANÇA,0 a < 5 anos,2025,NORDESTE,23,CE,230600,IRACEMA,20,3.13%,33,5.17%,585,91.69%,53,8.31,638,1,0.16%,11,1.72%,553,86.68%,73,11.44%,12,1.88,638
CRIANÇA,0 a < 5 anos,2025,NORDESTE,23,CE,230610,IRAUCUBA,90,4.79%,120,6.39%,1667,88.81%,210,11.19,1877,13,0.69%,27,1.44%,1648,87.8%,189,10.07%,40,2.13,1877
CRIANÇA,0 a < 5 anos,2025,NORDESTE,23,CE,230620,ITAICABA,7,1.84%,14,3.67%,360,94.49%,21,5.51,381,1,0.26%,9,2.36%,324,85.04%,47,12.34%,10,2.62,381
CRIANÇA,0 a < 5 anos,2025,NORDESTE,23,CE,230625,ITAITINGA,183,5.88%,217,6.98%,2711,87.14%,400,12.86,3111,16,0.51%,46,1.48%,2664,85.63%,385,12.38%,62,1.99,3111
CRIANÇA,0 a < 5 anos,2025,NORDESTE,23,CE,230630,ITAPAJE,143,5.43%,133,5.05%,2359,89.53%,276,10.47,2635,15,0.57%,44,1.67%,2269,86.11%,307,11.65%,59,2.24,2635
CRIANÇA,0 a < 5 anos,2025,NORDESTE,23,CE,230640,ITAPIPOCA,216,2.43%,405,4.57%,8250,93%,621,7.0,8871,43,0.48%,139,1.57%,7802,87.95%,887,10%,182,2.05,8871
CRIANÇA,0 a < 5 anos,2025,NORDESTE,23,CE,230650,ITAPIUNA,47,5.26%,78,8.73%,768,86%,125,14.0,893,14,1.57%,16,1.79%,769,86.11%,94,10.53%,30,3.36,893
CRIANÇA,0 a < 5 anos,2025,NORDESTE,23,CE,230655,ITAREMA,78,2.96%,88,3.34%,2470,93.7%,166,6.3,2636,20,0.76%,36,1.37%,1786,67.75%,794,30.12%,56,2.12,2636
CRIANÇA,0 a < 5 anos,2025,NORDESTE,23,CE,230660,ITATIRA,36,2.89%,67,5.39%,1141,91.72%,103,8.28,1244,4,0.32%,27,2.17%,1067,85.77%,146,11.74%,31,2.49,1244
CRIANÇA,0 a < 5 anos,2025,NORDESTE,23,CE,230670,JAGUARETAMA,96,9.86%,68,6.98%,810,83.16%,164,16.84,974,5,0.51%,25,2.57%,807,82.85%,137,14.07%,30,3.08,974
CRIANÇA,0 a < 5 anos,2025,NORDESTE,23,CE,230680,JAGUARIBARA,26,4.86%,44,8.22%,465,86.92%,70,13.08,535,0,-,9,1.68%,470,87.85%,56,10.47%,9,1.68,535
CRIANÇA,0 a < 5 anos,2025,NORDESTE,23,CE,230690,JAGUARIBE,83,4.84%,102,5.95%,1529,89.21%,185,10.79,1714,9,0.53%,26,1.52%,1555,90.72%,124,7.23%,35,2.04,1714
CRIANÇA,0 a < 5 anos,2025,NORDESTE,23,CE,230700,JAGUARUANA,41,2.42%,82,4.84%,1570,92.73%,123,7.27,1693,10,0.59%,27,1.59%,1446,85.41%,210,12.4%,37,2.19,1693
CRIANÇA,0 a < 5 anos,2025,NORDESTE,23,CE,230710,JARDIM,114,7.14%,144,9.02%,1339,83.84%,258,16.16,1597,30,1.88%,41,2.57%,1376,86.16%,150,9.39%,71,4.45,1597
CRIANÇA,0 a < 5 anos,2025,NORDESTE,23,CE,230720,JATI,28,6.64%,35,8.29%,359,85.07%,63,14.93,422,2,0.47%,12,2.84%,376,89.1%,32,7.58%,14,3.32,422
CRIANÇA,0 a < 5 anos,2025,NORDESTE,23,CE,230725,JIJOCA DE JERICOACOARA,139,6.82%,229,11.24%,1670,81.94%,368,18.06,2038,4,0.2%,27,1.32%,1661,81.5%,346,16.98%,31,1.52,2038
CRIANÇA,0 a < 5 anos,2025,NORDESTE,23,CE,230730,JUAZEIRO DO NORTE,581,5.05%,842,7.32%,10084,87.63%,1423,12.37,11507,90,0.78%,282,2.45%,10225,88.86%,910,7.91%,372,3.23,11507
CRIANÇA,0 a < 5 anos,2025,NORDESTE,23,CE,230740,JUCAS,73,5.13%,92,6.47%,1257,88.4%,165,11.6,1422,7,0.49%,18,1.27%,1257,88.4%,140,9.85%,25,1.76,1422
CRIANÇA,0 a < 5 anos,2025,NORDESTE,23,CE,230750,LAVRAS DA MANGABEIRA,80,5.42%,103,6.98%,1293,87.6%,183,12.4,1476,21,1.42%,31,2.1%,1238,83.88%,186,12.6%,52,3.52,1476
CRIANÇA,0 a < 5 anos,2025,NORDESTE,23,CE,230760,LIMOEIRO DO NORTE,83,3.3%,124,4.92%,2311,91.78%,207,8.22,2518,17,0.68%,43,1.71%,2181,86.62%,277,11%,60,2.38,2518
CRIANÇA,0 a < 5 anos,2025,NORDESTE,23,CE,230763,MADALENA,60,6.77%,86,9.71%,740,83.52%,146,16.48,886,7,0.79%,19,2.14%,735,82.96%,125,14.11%,26,2.93,886
CRIANÇA,0 a < 5 anos,2025,NORDESTE,23,CE,230765,MARACANAU,534,5.83%,602,6.58%,8019,87.59%,1136,12.41,9155,55,0.6%,121,1.32%,7881,86.08%,1098,11.99%,176,1.92,9155
CRIANÇA,0 a < 5 anos,2025,NORDESTE,23,CE,230770,MARANGUAPE,146,3.14%,271,5.82%,4237,91.04%,417,8.96,4654,19,0.41%,56,1.2%,3915,84.12%,664,14.27%,75,1.61,4654
CRIANÇA,0 a < 5 anos,2025,NORDESTE,23,CE,230780,MARCO,119,4.65%,158,6.17%,2282,89.18%,277,10.82,2559,18,0.7%,45,1.76%,2287,89.37%,209,8.17%,63,2.46,2559
CRIANÇA,0 a < 5 anos,2025,NORDESTE,23,CE,230790,MARTINOPOLE,57,6.91%,55,6.67%,713,86.42%,112,13.58,825,7,0.85%,14,1.7%,696,84.36%,108,13.09%,21,2.55,825
CRIANÇA,0 a < 5 anos,2025,NORDESTE,23,CE,230800,MASSAPE,143,6.3%,160,7.05%,1968,86.66%,303,13.34,2271,13,0.57%,55,2.42%,1969,86.7%,234,10.3%,68,2.99,2271
CRIANÇA,0 a < 5 anos,2025,NORDESTE,23,CE,230810,MAURITI,224,8.2%,234,8.56%,2275,83.24%,458,16.76,2733,44,1.61%,79,2.89%,2340,85.62%,270,9.88%,123,4.5,2733
CRIANÇA,0 a < 5 anos,2025,NORDESTE,23,CE,230820,MERUOCA,24,2.84%,58,6.87%,762,90.28%,82,9.72,844,4,0.47%,10,1.18%,756,89.57%,74,8.77%,14,1.66,844
CRIANÇA,0 a < 5 anos,2025,NORDESTE,23,CE,230830,MILAGRES,149,9.2%,111,6.85%,1360,83.95%,260,16.05,1620,24,1.48%,57,3.52%,1404,86.67%,135,8.33%,81,5.0,1620
CRIANÇA,0 a < 5 anos,2025,NORDESTE,23,CE,230835,MILHA,36,4.49%,57,7.12%,708,88.39%,93,11.61,801,7,0.87%,13,1.62%,689,86.02%,92,11.49%,20,2.5,801
CRIANÇA,0 a < 5 anos,2025,NORDESTE,23,CE,230837,MIRAIMA,28,3.1%,46,5.1%,828,91.8%,74,8.2,902,1,0.11%,15,1.66%,787,87.25%,99,10.98%,16,1.77,902
CRIANÇA,0 a < 5 anos,2025,NORDESTE,23,CE,230840,MISSAO VELHA,107,4.86%,137,6.22%,1958,88.92%,244,11.08,2202,11,0.5%,52,2.36%,1943,88.24%,196,8.9%,63,2.86,2202
CRIANÇA,0 a < 5 anos,2025,NORDESTE,23,CE,230850,MOMBACA,72,3.4%,99,4.68%,1944,91.91%,171,8.09,2115,9,0.43%,42,1.99%,1865,88.18%,199,9.41%,51,2.41,2115
CRIANÇA,0 a < 5 anos,2025,NORDESTE,23,CE,230860,MONSENHOR TABOSA,24,2.66%,41,4.55%,836,92.79%,65,7.21,901,2,0.22%,20,2.22%,786,87.24%,93,10.32%,22,2.44,901
CRIANÇA,0 a < 5 anos,2025,NORDESTE,23,CE,230870,MORADA NOVA,76,3.22%,128,5.42%,2159,91.37%,204,8.63,2363,13,0.55%,32,1.35%,2051,86.8%,267,11.3%,45,1.9,2363
CRIANÇA,0 a < 5 anos,2025,NORDESTE,23,CE,230880,MORAUJO,34,7.33%,33,7.11%,397,85.56%,67,14.44,464,4,0.86%,13,2.8%,404,87.07%,43,9.27%,17,3.66,464
CRIANÇA,0 a < 5 anos,2025,NORDESTE,23,CE,230890,MORRINHOS,64,4.01%,108,6.77%,1424,89.22%,172,10.78,1596,7,0.44%,29,1.82%,1382,86.59%,178,11.15%,36,2.26,1596
CRIANÇA,0 a < 5 anos,2025,NORDESTE,23,CE,230900,MUCAMBO,43,5.44%,52,6.57%,696,87.99%,95,12.01,791,7,0.88%,21,2.65%,693,87.61%,70,8.85%,28,3.54,791
CRIANÇA,0 a < 5 anos,2025,NORDESTE,23,CE,230910,MULUNGU,27,4.15%,34,5.23%,589,90.62%,61,9.38,650,7,1.08%,9,1.38%,567,87.23%,67,10.31%,16,2.46,650
CRIANÇA,0 a < 5 anos,2025,NORDESTE,23,CE,230920,NOVA OLINDA,43,4.08%,65,6.17%,946,89.75%,108,10.25,1054,14,1.33%,24,2.28%,949,90.04%,67,6.36%,38,3.61,1054
CRIANÇA,0 a < 5 anos,2025,NORDESTE,23,CE,230930,NOVA RUSSAS,54,3.17%,80,4.7%,1567,92.12%,134,7.88,1701,8,0.47%,29,1.7%,1466,86.18%,198,11.64%,37,2.18,1701
CRIANÇA,0 a < 5 anos,2025,NORDESTE,23,CE,230940,NOVO ORIENTE,47,2.97%,77,4.87%,1458,92.16%,124,7.84,1582,6,0.38%,23,1.45%,1432,90.52%,121,7.65%,29,1.83,1582
CRIANÇA,0 a < 5 anos,2025,NORDESTE,23,CE,230945,OCARA,45,4.54%,64,6.46%,882,89%,109,11.0,991,7,0.71%,20,2.02%,859,86.68%,105,10.6%,27,2.72,991
CRIANÇA,0 a < 5 anos,2025,NORDESTE,23,CE,230950,OROS,41,4.19%,47,4.8%,891,91.01%,88,8.99,979,5,0.51%,25,2.55%,864,88.25%,85,8.68%,30,3.06,979
CRIANÇA,0 a < 5 anos,2025,NORDESTE,23,CE,230960,PACAJUS,139,4.69%,164,5.53%,2661,89.78%,303,10.22,2964,11,0.37%,45,1.52%,2537,85.59%,371,12.52%,56,1.89,2964
CRIANÇA,0 a < 5 anos,2025,NORDESTE,23,CE,230970,PACATUBA,150,4.5%,176,5.28%,3006,90.22%,326,9.78,3332,16,0.48%,51,1.53%,2811,84.36%,454,13.63%,67,2.01,3332
CRIANÇA,0 a < 5 anos,2025,NORDESTE,23,CE,230980,PACOTI,21,3.01%,48,6.88%,629,90.11%,69,9.89,698,1,0.14%,9,1.29%,607,86.96%,81,11.6%,10,1.43,698
CRIANÇA,0 a < 5 anos,2025,NORDESTE,23,CE,230990,PACUJA,22,6.63%,18,5.42%,292,87.95%,40,12.05,332,5,1.51%,10,3.01%,291,87.65%,26,7.83%,15,4.52,332
CRIANÇA,0 a < 5 anos,2025,NORDESTE,23,CE,231000,PALHANO,21,4.27%,27,5.49%,444,90.24%,48,9.76,492,1,0.2%,4,0.81%,426,86.59%,61,12.4%,5,1.02,492
CRIANÇA,0 a < 5 anos,2025,NORDESTE,23,CE,231010,PALMACIA,17,4.08%,25,6%,375,89.93%,42,10.07,417,2,0.48%,3,0.72%,324,77.7%,88,21.1%,5,1.2,417
CRIANÇA,0 a < 5 anos,2025,NORDESTE,23,CE,231020,PARACURU,75,3.46%,123,5.68%,1969,90.86%,198,9.14,2167,9,0.42%,38,1.75%,1846,85.19%,274,12.64%,47,2.17,2167
CRIANÇA,0 a < 5 anos,2025,NORDESTE,23,CE,231025,PARAIPABA,91,5.12%,136,7.65%,1551,87.23%,227,12.77,1778,13,0.73%,33,1.86%,1505,84.65%,227,12.77%,46,2.59,1778
CRIANÇA,0 a < 5 anos,2025,NORDESTE,23,CE,231030,PARAMBU,122,7.58%,107,6.65%,1381,85.78%,229,14.22,1610,11,0.68%,49,3.04%,1414,87.83%,136,8.45%,60,3.73,1610
CRIANÇA,0 a < 5 anos,2025,NORDESTE,23,CE,231040,PARAMOTI,32,5.15%,33,5.31%,556,89.53%,65,10.47,621,3,0.48%,11,1.77%,544,87.6%,63,10.14%,14,2.25,621
CRIANÇA,0 a < 5 anos,2025,NORDESTE,23,CE,231050,PEDRA BRANCA,97,4.66%,158,7.59%,1827,87.75%,255,12.25,2082,7,0.34%,42,2.02%,1850,88.86%,183,8.79%,49,2.35,2082
CRIANÇA,0 a < 5 anos,2025,NORDESTE,23,CE,231060,PENAFORTE,103,14.65%,68,9.67%,532,75.68%,171,24.32,703,46,6.54%,49,6.97%,532,75.68%,76,10.81%,95,13.51,703
CRIANÇA,0 a < 5 anos,2025,NORDESTE,23,CE,231070,PENTECOSTE,95,4.93%,103,5.35%,1729,89.72%,198,10.28,1927,10,0.52%,34,1.76%,1666,86.46%,217,11.26%,44,2.28,1927
CRIANÇA,0 a < 5 anos,2025,NORDESTE,23,CE,231080,PEREIRO,30,3.37%,48,5.39%,813,91.25%,78,8.75,891,4,0.45%,11,1.23%,787,88.33%,89,9.99%,15,1.68,891
CRIANÇA,0 a < 5 anos,2025,NORDESTE,23,CE,231085,PINDORETAMA,61,4.64%,94,7.15%,1160,88.21%,155,11.79,1315,11,0.84%,26,1.98%,1108,84.26%,170,12.93%,37,2.81,1315
CRIANÇA,0 a < 5 anos,2025,NORDESTE,23,CE,231090,PIQUET CARNEIRO,9,1.18%,43,5.64%,710,93.18%,52,6.82,762,2,0.26%,14,1.84%,668,87.66%,78,10.24%,16,2.1,762
CRIANÇA,0 a < 5 anos,2025,NORDESTE,23,CE,231095,PIRES FERREIRA,9,1.69%,29,5.44%,495,92.87%,38,7.13,533,7,1.31%,12,2.25%,453,84.99%,61,11.44%,19,3.56,533
CRIANÇA,0 a < 5 anos,2025,NORDESTE,23,CE,231100,PORANGA,29,4.39%,49,7.42%,582,88.18%,78,11.82,660,6,0.91%,20,3.03%,566,85.76%,68,10.3%,26,3.94,660
CRIANÇA,0 a < 5 anos,2025,NORDESTE,23,CE,231110,PORTEIRAS,75,5.72%,80,6.1%,1157,88.19%,155,11.81,1312,10,0.76%,35,2.67%,1169,89.1%,98,7.47%,45,3.43,1312
CRIANÇA,0 a < 5 anos,2025,NORDESTE,23,CE,231120,POTENGI,22,3.48%,42,6.65%,568,89.87%,64,10.13,632,7,1.11%,12,1.9%,554,87.66%,59,9.34%,19,3.01,632
CRIANÇA,0 a < 5 anos,2025,NORDESTE,23,CE,231123,POTIRETAMA,16,4.24%,14,3.71%,347,92.04%,30,7.96,377,3,0.8%,6,1.59%,303,80.37%,65,17.24%,9,2.39,377
CRIANÇA,0 a < 5 anos,2025,NORDESTE,23,CE,231126,QUITERIANOPOLIS,40,3.54%,79,6.98%,1012,89.48%,119,10.52,1131,8,0.71%,20,1.77%,1014,89.66%,89,7.87%,28,2.48,1131
CRIANÇA,0 a < 5 anos,2025,NORDESTE,23,CE,231130,QUIXADA,268,5.63%,295,6.2%,4193,88.16%,563,11.84,4756,50,1.05%,108,2.27%,4198,88.27%,400,8.41%,158,3.32,4756
CRIANÇA,0 a < 5 anos,2025,NORDESTE,23,CE,231135,QUIXELO,45,5.04%,66,7.39%,782,87.57%,111,12.43,893,3,0.34%,11,1.23%,785,87.91%,94,10.53%,14,1.57,893
CRIANÇA,0 a < 5 anos,2025,NORDESTE,23,CE,231140,QUIXERAMOBIM,292,6.6%,304,6.87%,3830,86.53%,596,13.47,4426,36,0.81%,86,1.94%,3778,85.36%,526,11.88%,122,2.76,4426
CRIANÇA,0 a < 5 anos,2025,NORDESTE,23,CE,231150,QUIXERE,18,1.49%,64,5.31%,1123,93.2%,82,6.8,1205,3,0.25%,15,1.24%,1084,89.96%,103,8.55%,18,1.49,1205
CRIANÇA,0 a < 5 anos,2025,NORDESTE,23,CE,231160,REDENCAO,82,5.06%,98,6.04%,1442,88.9%,180,11.1,1622,6,0.37%,30,1.85%,1413,87.11%,173,10.67%,36,2.22,1622
CRIANÇA,0 a < 5 anos,2025,NORDESTE,23,CE,231170,RERIUTABA,36,3.01%,77,6.44%,1082,90.54%,113,9.46,1195,10,0.84%,25,2.09%,1058,88.54%,102,8.54%,35,2.93,1195
CRIANÇA,0 a < 5 anos,2025,NORDESTE,23,CE,231180,RUSSAS,177,5.72%,218,7.05%,2699,87.23%,395,12.77,3094,21,0.68%,43,1.39%,2696,87.14%,334,10.8%,64,2.07,3094
CRIANÇA,0 a < 5 anos,2025,NORDESTE,23,CE,231190,SABOEIRO,21,2.74%,53,6.91%,693,90.35%,74,9.65,767,2,0.26%,30,3.91%,672,87.61%,63,8.21%,32,4.17,767
CRIANÇA,0 a < 5 anos,2025,NORDESTE,23,CE,231195,SALITRE,110,7.23%,110,7.23%,1301,85.54%,220,14.46,1521,9,0.59%,41,2.7%,1366,89.81%,105,6.9%,50,3.29,1521
CRIANÇA,0 a < 5 anos,2025,NORDESTE,23,CE,231200,SANTANA DO ACARAU,117,6.04%,130,6.71%,1690,87.25%,247,12.75,1937,10,0.52%,38,1.96%,1668,86.11%,221,11.41%,48,2.48,1937
CRIANÇA,0 a < 5 anos,2025,NORDESTE,23,CE,231210,SANTANA DO CARIRI,35,3.22%,67,6.16%,986,90.63%,102,9.38,1088,6,0.55%,23,2.11%,982,90.26%,77,7.08%,29,2.67,1088
CRIANÇA,0 a < 5 anos,2025,NORDESTE,23,CE,231220,SANTA QUITERIA,168,8.12%,154,7.45%,1746,84.43%,322,15.57,2068,13,0.63%,40,1.93%,1544,74.66%,471,22.78%,53,2.56,2068
CRIANÇA,0 a < 5 anos,2025,NORDESTE,23,CE,231230,SAO BENEDITO,155,4.73%,206,6.29%,2914,88.98%,361,11.02,3275,17,0.52%,56,1.71%,2907,88.76%,295,9.01%,73,2.23,3275
CRIANÇA,0 a < 5 anos,2025,NORDESTE,23,CE,231240,SAO GONCALO DO AMARANTE,129,3.68%,266,7.59%,3109,88.73%,395,11.27,3504,22,0.63%,86,2.45%,2954,84.3%,442,12.61%,108,3.08,3504
CRIANÇA,0 a < 5 anos,2025,NORDESTE,23,CE,231250,SAO JOAO DO JAGUARIBE,7,3.02%,12,5.17%,213,91.81%,19,8.19,232,0,-,2,0.86%,194,83.62%,36,15.52%,2,0.86,232
CRIANÇA,0 a < 5 anos,2025,NORDESTE,23,CE,231260,SAO LUIS DO CURU,24,4.61%,25,4.8%,472,90.6%,49,9.4,521,2,0.38%,6,1.15%,449,86.18%,64,12.28%,8,1.54,521
CRIANÇA,0 a < 5 anos,2025,NORDESTE,23,CE,231270,SENADOR POMPEU,34,3.18%,65,6.07%,971,90.75%,99,9.25,1070,4,0.37%,18,1.68%,923,86.26%,125,11.68%,22,2.06,1070
CRIANÇA,0 a < 5 anos,2025,NORDESTE,23,CE,231280,SENADOR SA,24,4.8%,54,10.8%,422,84.4%,78,15.6,500,4,0.8%,13,2.6%,428,85.6%,55,11%,17,3.4,500
CRIANÇA,0 a < 5 anos,2025,NORDESTE,23,CE,231290,SOBRAL,397,3.38%,641,5.46%,10695,91.15%,1038,8.85,11733,49,0.42%,168,1.43%,10406,88.69%,1110,9.46%,217,1.85,11733
CRIANÇA,0 a < 5 anos,2025,NORDESTE,23,CE,231300,SOLONOPOLE,37,5.23%,49,6.92%,622,87.85%,86,12.15,708,2,0.28%,9,1.27%,606,85.59%,91,12.85%,11,1.55,708
CRIANÇA,0 a < 5 anos,2025,NORDESTE,23,CE,231310,TABULEIRO DO NORTE,45,3.35%,84,6.26%,1213,90.39%,129,9.61,1342,6,0.45%,24,1.79%,1160,86.44%,152,11.33%,30,2.24,1342
CRIANÇA,0 a < 5 anos,2025,NORDESTE,23,CE,231320,TAMBORIL,92,6.45%,97,6.8%,1237,86.75%,189,13.25,1426,14,0.98%,38,2.66%,1232,86.4%,142,9.96%,52,3.65,1426
CRIANÇA,0 a < 5 anos,2025,NORDESTE,23,CE,231325,TARRAFAS,20,5.1%,27,6.89%,345,88.01%,47,11.99,392,3,0.77%,6,1.53%,346,88.27%,37,9.44%,9,2.3,392
CRIANÇA,0 a < 5 anos,2025,NORDESTE,23,CE,231330,TAUA,141,5.21%,197,7.27%,2370,87.52%,338,12.48,2708,17,0.63%,43,1.59%,2401,88.66%,247,9.12%,60,2.22,2708
CRIANÇA,0 a < 5 anos,2025,NORDESTE,23,CE,231335,TEJUCUOCA,57,4.69%,109,8.97%,1049,86.34%,166,13.66,1215,6,0.49%,25,2.06%,1048,86.26%,136,11.19%,31,2.55,1215
CRIANÇA,0 a < 5 anos,2025,NORDESTE,23,CE,231340,TIANGUA,190,3.65%,291,5.58%,4730,90.77%,481,9.23,5211,26,0.5%,78,1.5%,4606,88.41%,500,9.6%,104,2.0,5210
CRIANÇA,0 a < 5 anos,2025,NORDESTE,23,CE,231350,TRAIRI,155,3.67%,248,5.86%,3826,90.47%,403,9.53,4229,13,0.31%,57,1.35%,3682,87.07%,477,11.28%,70,1.66,4229
CRIANÇA,0 a < 5 anos,2025,NORDESTE,23,CE,231355,TURURU,45,3.73%,84,6.97%,1077,89.3%,129,10.7,1206,8,0.66%,23,1.91%,1035,85.82%,140,11.61%,31,2.57,1206
CRIANÇA,0 a < 5 anos,2025,NORDESTE,23,CE,231360,UBAJARA,120,5.27%,142,6.24%,2013,88.48%,262,11.52,2275,11,0.48%,33,1.45%,1993,87.6%,238,10.46%,44,1.93,2275
CRIANÇA,0 a < 5 anos,2025,NORDESTE,23,CE,231370,UMARI,10,3.24%,13,4.21%,286,92.56%,23,7.44,309,6,1.94%,6,1.94%,275,89%,22,7.12%,12,3.88,309
CRIANÇA,0 a < 5 anos,2025,NORDESTE,23,CE,231375,UMIRIM,78,7.51%,86,8.29%,874,84.2%,164,15.8,1038,13,1.25%,23,2.22%,889,85.65%,113,10.89%,36,3.47,1038
CRIANÇA,0 a < 5 anos,2025,NORDESTE,23,CE,231380,URUBURETAMA,68,4.58%,82,5.52%,1335,89.9%,150,10.1,1485,13,0.88%,26,1.75%,1297,87.34%,149,10.03%,39,2.63,1485
CRIANÇA,0 a < 5 anos,2025,NORDESTE,23,CE,231390,URUOCA,40,5.38%,46,6.19%,657,88.43%,86,11.57,743,2,0.27%,11,1.48%,630,84.79%,100,13.46%,13,1.75,743
CRIANÇA,0 a < 5 anos,2025,NORDESTE,23,CE,231395,VARJOTA,38,3.33%,73,6.4%,1029,90.26%,111,9.74,1140,2,0.18%,25,2.19%,997,87.46%,116,10.18%,27,2.37,1140
CRIANÇA,0 a < 5 anos,2025,NORDESTE,23,CE,231400,VARZEA ALEGRE,88,4.62%,132,6.93%,1685,88.45%,220,11.55,1905,11,0.58%,27,1.42%,1719,90.24%,148,7.77%,38,1.99,1905
CRIANÇA,0 a < 5 anos,2025,NORDESTE,23,CE,231410,VICOSA DO CEARA,150,3.51%,258,6.04%,3865,90.45%,408,9.55,4273,26,0.61%,83,1.94%,3782,88.47%,384,8.98%,109,2.55,4275
CRIANÇA,0 a < 5 anos,2025,NORDESTE,24,RN,240010,ACARI,17,3.41%,22,4.41%,460,92.18%,39,7.82,499,2,0.4%,11,2.2%,447,89.58%,39,7.82%,13,2.61,499
CRIANÇA,0 a < 5 anos,2025,NORDESTE,24,RN,240020,ASSU,115,4.56%,147,5.83%,2261,89.62%,262,10.38,2523,17,0.67%,37,1.47%,2187,86.68%,282,11.18%,54,2.14,2523
CRIANÇA,0 a < 5 anos,2025,NORDESTE,24,RN,240030,AFONSO BEZERRA,25,5.27%,41,8.65%,408,86.08%,66,13.92,474,3,0.63%,10,2.11%,403,85.02%,58,12.24%,13,2.74,474
CRIANÇA,0 a < 5 anos,2025,NORDESTE,24,RN,240040,AGUA NOVA,10,6.8%,8,5.44%,129,87.76%,18,12.24,147,0,-,2,1.36%,135,91.84%,10,6.8%,2,1.36,147
CRIANÇA,0 a < 5 anos,2025,NORDESTE,24,RN,240050,ALEXANDRIA,38,8.39%,38,8.39%,377,83.22%,76,16.78,453,12,2.65%,11,2.43%,390,86.09%,40,8.83%,23,5.08,453
CRIANÇA,0 a < 5 anos,2025,NORDESTE,24,RN,240060,ALMINO AFONSO,9,4.23%,12,5.63%,192,90.14%,21,9.86,213,1,0.47%,7,3.29%,186,87.32%,19,8.92%,8,3.76,213
CRIANÇA,0 a < 5 anos,2025,NORDESTE,24,RN,240070,ALTO DO RODRIGUES,45,6.2%,41,5.65%,640,88.15%,86,11.85,726,2,0.28%,13,1.79%,631,86.91%,80,11.02%,15,2.07,726
CRIANÇA,0 a < 5 anos,2025,NORDESTE,24,RN,240080,ANGICOS,52,9.56%,54,9.93%,438,80.51%,106,19.49,544,7,1.29%,17,3.13%,468,86.03%,52,9.56%,24,4.41,544
CRIANÇA,0 a < 5 anos,2025,NORDESTE,24,RN,240090,ANTONIO MARTINS,11,4.7%,12,5.13%,211,90.17%,23,9.83,234,0,-,3,1.28%,201,85.9%,30,12.82%,3,1.28,234
CRIANÇA,0 a < 5 anos,2025,NORDESTE,24,RN,240100,APODI,83,5.88%,136,9.64%,1192,84.48%,219,15.52,1411,6,0.43%,37,2.62%,1216,86.18%,152,10.77%,43,3.05,1411
CRIANÇA,0 a < 5 anos,2025,NORDESTE,24,RN,240110,AREIA BRANCA,49,6.44%,74,9.72%,638,83.84%,123,16.16,761,3,0.39%,19,2.49%,656,86.09%,84,11.02%,22,2.89,762
CRIANÇA,0 a < 5 anos,2025,NORDESTE,24,RN,240120,AREZ,50,6.49%,50,6.49%,670,87.01%,100,12.99,770,4,0.52%,21,2.73%,673,87.4%,72,9.35%,25,3.25,770
CRIANÇA,0 a < 5 anos,2025,NORDESTE,24,RN,240130,CAMPO GRANDE,23,5.82%,24,6.08%,348,88.1%,47,11.9,395,6,1.52%,10,2.53%,333,84.3%,46,11.65%,16,4.05,395
CRIANÇA,0 a < 5 anos,2025,NORDESTE,24,RN,240140,BAIA FORMOSA,18,4.3%,48,11.46%,353,84.25%,66,15.75,419,2,0.48%,17,4.06%,360,85.92%,40,9.55%,19,4.53,419
CRIANÇA,0 a < 5 anos,2025,NORDESTE,24,RN,240145,BARAUNA,107,7.22%,112,7.56%,1263,85.22%,219,14.78,1482,10,0.67%,35,2.36%,1301,87.79%,136,9.18%,45,3.04,1482
CRIANÇA,0 a < 5 anos,2025,NORDESTE,24,RN,240150,BARCELONA,16,7.73%,5,2.42%,186,89.86%,21,10.14,207,7,3.38%,5,2.42%,176,85.02%,19,9.18%,12,5.8,207
CRIANÇA,0 a < 5 anos,2025,NORDESTE,24,RN,240160,BENTO FERNANDES,10,4.17%,15,6.25%,215,89.58%,25,10.42,240,1,0.42%,4,1.67%,212,88.33%,23,9.58%,5,2.08,240
CRIANÇA,0 a < 5 anos,2025,NORDESTE,24,RN,240165,BODO,3,1.8%,9,5.39%,155,92.81%,12,7.19,167,1,0.6%,0,-,135,80.84%,31,18.56%,1,0.6,167
CRIANÇA,0 a < 5 anos,2025,NORDESTE,24,RN,240170,BOM JESUS,20,3.9%,18,3.51%,475,92.59%,38,7.41,513,4,0.78%,15,2.92%,448,87.33%,46,8.97%,19,3.7,513
CRIANÇA,0 a < 5 anos,2025,NORDESTE,24,RN,240180,BREJINHO,18,2.39%,43,5.72%,691,91.89%,61,8.11,752,2,0.27%,17,2.26%,666,88.56%,67,8.91%,19,2.53,752
CRIANÇA,0 a < 5 anos,2025,NORDESTE,24,RN,240185,CAICARA DO NORTE,13,3.63%,22,6.15%,323,90.22%,35,9.78,358,3,0.84%,4,1.12%,319,89.11%,32,8.94%,7,1.96,358
CRIANÇA,0 a < 5 anos,2025,NORDESTE,24,RN,240190,CAICARA DO RIO DO VENTO,22,9.78%,14,6.22%,189,84%,36,16.0,225,0,-,3,1.33%,151,67.11%,71,31.56%,3,1.33,225
CRIANÇA,0 a < 5 anos,2025,NORDESTE,24,RN,240200,CAICO,67,2.93%,124,5.43%,2093,91.64%,191,8.36,2284,19,0.83%,38,1.66%,2036,89.14%,191,8.36%,57,2.5,2284
CRIANÇA,0 a < 5 anos,2025,NORDESTE,24,RN,240210,CAMPO REDONDO,12,2.47%,19,3.91%,455,93.62%,31,6.38,486,2,0.41%,9,1.85%,429,88.27%,46,9.47%,11,2.26,486
CRIANÇA,0 a < 5 anos,2025,NORDESTE,24,RN,240220,CANGUARETAMA,81,4.49%,134,7.43%,1588,88.08%,215,11.92,1803,13,0.72%,25,1.39%,1554,86.19%,211,11.7%,38,2.11,1803
CRIANÇA,0 a < 5 anos,2025,NORDESTE,24,RN,240230,CARAUBAS,27,3.23%,55,6.57%,755,90.2%,82,9.8,837,2,0.24%,15,1.79%,768,91.76%,52,6.21%,17,2.03,837
CRIANÇA,0 a < 5 anos,2025,NORDESTE,24,RN,240240,CARNAUBA DOS DANTAS,10,2.54%,16,4.07%,367,93.38%,26,6.62,393,1,0.25%,4,1.02%,360,91.6%,28,7.12%,5,1.27,393
CRIANÇA,0 a < 5 anos,2025,NORDESTE,24,RN,240250,CARNAUBAIS,20,4.68%,23,5.39%,384,89.93%,43,10.07,427,3,0.7%,7,1.64%,350,81.97%,67,15.69%,10,2.34,427
CRIANÇA,0 a < 5 anos,2025,NORDESTE,24,RN,240260,CEARA-MIRIM,214,6.79%,225,7.14%,2712,86.07%,439,13.93,3151,45,1.43%,87,2.76%,2709,85.97%,310,9.84%,132,4.19,3151
CRIANÇA,0 a < 5 anos,2025,NORDESTE,24,RN,240270,CERRO CORA,27,4.87%,26,4.69%,501,90.43%,53,9.57,554,8,1.44%,15,2.71%,484,87.36%,47,8.48%,23,4.15,554
CRIANÇA,0 a < 5 anos,2025,NORDESTE,24,RN,240280,CORONEL EZEQUIEL,4,1.4%,18,6.29%,264,92.31%,22,7.69,286,1,0.35%,3,1.05%,245,85.66%,37,12.94%,4,1.4,286
CRIANÇA,0 a < 5 anos,2025,NORDESTE,24,RN,240290,CORONEL JOAO PESSOA,8,3.52%,14,6.17%,205,90.31%,22,9.69,227,0,-,7,3.08%,198,87.22%,22,9.69%,7,3.08,227
CRIANÇA,0 a < 5 anos,2025,NORDESTE,24,RN,240300,CRUZETA,9,2.88%,16,5.13%,287,91.99%,25,8.01,312,2,0.64%,2,0.64%,270,86.54%,38,12.18%,4,1.28,312
CRIANÇA,0 a < 5 anos,2025,NORDESTE,24,RN,240310,CURRAIS NOVOS,61,3.94%,85,5.49%,1401,90.56%,146,9.44,1547,14,0.9%,32,2.07%,1367,88.36%,134,8.66%,46,2.97,1547
CRIANÇA,0 a < 5 anos,2025,NORDESTE,24,RN,240320,DOUTOR SEVERIANO,9,2.7%,14,4.2%,310,93.09%,23,6.91,333,0,-,5,1.5%,299,89.79%,29,8.71%,5,1.5,333
CRIANÇA,0 a < 5 anos,2025,NORDESTE,24,RN,240325,PARNAMIRIM,155,2.91%,296,5.55%,4881,91.54%,451,8.46,5332,36,0.68%,91,1.71%,4755,89.18%,450,8.44%,127,2.38,5332
CRIANÇA,0 a < 5 anos,2025,NORDESTE,24,RN,240330,ENCANTO,27,9.03%,16,5.35%,256,85.62%,43,14.38,299,8,2.68%,5,1.67%,252,84.28%,34,11.37%,13,4.35,299
CRIANÇA,0 a < 5 anos,2025,NORDESTE,24,RN,240340,EQUADOR,10,3.03%,11,3.33%,309,93.64%,21,6.36,330,0,-,0,-,294,89.09%,36,10.91%,0,0.0,330
CRIANÇA,0 a < 5 anos,2025,NORDESTE,24,RN,240350,ESPIRITO SANTO,20,3.8%,56,10.65%,450,85.55%,76,14.45,526,3,0.57%,14,2.66%,445,84.6%,64,12.17%,17,3.23,526
CRIANÇA,0 a < 5 anos,2025,NORDESTE,24,RN,240360,EXTREMOZ,149,5.98%,199,7.99%,2143,86.03%,348,13.97,2491,16,0.64%,53,2.13%,2188,87.84%,234,9.39%,69,2.77,2491
CRIANÇA,0 a < 5 anos,2025,NORDESTE,24,RN,240370,FELIPE GUERRA,4,1.47%,19,6.96%,250,91.58%,23,8.42,273,0,-,4,1.47%,248,90.84%,21,7.69%,4,1.47,273
CRIANÇA,0 a < 5 anos,2025,NORDESTE,24,RN,240375,FERNANDO PEDROZA,2,1.33%,10,6.67%,138,92%,12,8.0,150,0,-,3,2%,126,84%,21,14%,3,2.0,150
CRIANÇA,0 a < 5 anos,2025,NORDESTE,24,RN,240380,FLORANIA,12,2.96%,19,4.69%,374,92.35%,31,7.65,405,0,-,4,0.99%,363,89.63%,38,9.38%,4,0.99,405
CRIANÇA,0 a < 5 anos,2025,NORDESTE,24,RN,240390,FRANCISCO DANTAS,10,6.54%,18,11.76%,125,81.7%,28,18.3,153,0,-,3,1.96%,133,86.93%,17,11.11%,3,1.96,153
CRIANÇA,0 a < 5 anos,2025,NORDESTE,24,RN,240400,FRUTUOSO GOMES,53,25.73%,6,2.91%,147,71.36%,59,28.64,206,0,-,0,-,201,97.57%,5,2.43%,0,0.0,206
CRIANÇA,0 a < 5 anos,2025,NORDESTE,24,RN,240410,GALINHOS,3,1.83%,7,4.27%,154,93.9%,10,6.1,164,0,-,5,3.05%,144,87.8%,15,9.15%,5,3.05,164
CRIANÇA,0 a < 5 anos,2025,NORDESTE,24,RN,240420,GOIANINHA,102,5.35%,135,7.09%,1668,87.56%,237,12.44,1905,29,1.52%,46,2.41%,1648,86.51%,182,9.55%,75,3.94,1905
CRIANÇA,0 a < 5 anos,2025,NORDESTE,24,RN,240430,GOVERNADOR DIX-SEPT ROSADO,30,7.83%,41,10.7%,312,81.46%,71,18.54,383,3,0.78%,10,2.61%,336,87.73%,34,8.88%,13,3.39,383
CRIANÇA,0 a < 5 anos,2025,NORDESTE,24,RN,240440,GROSSOS,19,4.77%,24,6.03%,355,89.2%,43,10.8,398,0,-,5,1.26%,354,88.94%,39,9.8%,5,1.26,398
CRIANÇA,0 a < 5 anos,2025,NORDESTE,24,RN,240450,GUAMARE,23,2.22%,65,6.26%,950,91.52%,88,8.48,1038,2,0.19%,11,1.06%,951,91.62%,74,7.13%,13,1.25,1038
CRIANÇA,0 a < 5 anos,2025,NORDESTE,24,RN,240460,IELMO MARINHO,34,4.47%,52,6.84%,674,88.68%,86,11.32,760,3,0.39%,13,1.71%,655,86.18%,89,11.71%,16,2.11,760
CRIANÇA,0 a < 5 anos,2025,NORDESTE,24,RN,240470,IPANGUACU,38,6.8%,54,9.66%,467,83.54%,92,16.46,559,6,1.07%,9,1.61%,469,83.9%,75,13.42%,15,2.68,559
CRIANÇA,0 a < 5 anos,2025,NORDESTE,24,RN,240480,IPUEIRA,2,2.06%,7,7.22%,88,90.72%,9,9.28,97,0,-,0,-,87,89.69%,10,10.31%,0,0.0,97
CRIANÇA,0 a < 5 anos,2025,NORDESTE,24,RN,240485,ITAJA,15,5.36%,17,6.07%,248,88.57%,32,11.43,280,2,0.71%,2,0.71%,245,87.5%,31,11.07%,4,1.43,280
CRIANÇA,0 a < 5 anos,2025,NORDESTE,24,RN,240490,ITAU,13,4.68%,17,6.12%,248,89.21%,30,10.79,278,1,0.36%,7,2.52%,252,90.65%,18,6.47%,8,2.88,278
CRIANÇA,0 a < 5 anos,2025,NORDESTE,24,RN,240500,JACANA,6,1.35%,21,4.74%,416,93.91%,27,6.09,443,4,0.9%,6,1.35%,405,91.42%,28,6.32%,10,2.26,443
CRIANÇA,0 a < 5 anos,2025,NORDESTE,24,RN,240510,JANDAIRA,28,6.29%,29,6.52%,388,87.19%,57,12.81,445,3,0.67%,10,2.25%,384,86.29%,48,10.79%,13,2.92,445
CRIANÇA,0 a < 5 anos,2025,NORDESTE,24,RN,240520,JANDUIS,10,3.75%,14,5.24%,243,91.01%,24,8.99,267,1,0.37%,8,3%,224,83.9%,34,12.73%,9,3.37,267
CRIANÇA,0 a < 5 anos,2025,NORDESTE,24,RN,240530,JANUARIO CICCO,29,5.41%,26,4.85%,481,89.74%,55,10.26,536,3,0.56%,8,1.49%,464,86.57%,61,11.38%,11,2.05,536
CRIANÇA,0 a < 5 anos,2025,NORDESTE,24,RN,240540,JAPI,7,1.88%,17,4.56%,349,93.57%,24,6.43,373,4,1.07%,7,1.88%,325,87.13%,37,9.92%,11,2.95,373
CRIANÇA,0 a < 5 anos,2025,NORDESTE,24,RN,240550,JARDIM DE ANGICOS,6,4.14%,5,3.45%,134,92.41%,11,7.59,145,2,1.38%,1,0.69%,124,85.52%,18,12.41%,3,2.07,145
CRIANÇA,0 a < 5 anos,2025,NORDESTE,24,RN,240560,JARDIM DE PIRANHAS,15,2.04%,30,4.08%,690,93.88%,45,6.12,735,4,0.54%,13,1.77%,652,88.71%,66,8.98%,17,2.31,735
CRIANÇA,0 a < 5 anos,2025,NORDESTE,24,RN,240570,JARDIM DO SERIDO,11,2.66%,20,4.84%,382,92.49%,31,7.51,413,2,0.48%,5,1.21%,381,92.25%,25,6.05%,7,1.69,413
CRIANÇA,0 a < 5 anos,2025,NORDESTE,24,RN,240580,JOAO CAMARA,101,5.15%,124,6.32%,1738,88.54%,225,11.46,1963,11,0.56%,43,2.19%,1694,86.3%,215,10.95%,54,2.75,1963
CRIANÇA,0 a < 5 anos,2025,NORDESTE,24,RN,240590,JOAO DIAS,1,1.14%,3,3.41%,84,95.45%,4,4.55,88,0,-,2,2.27%,72,81.82%,14,15.91%,2,2.27,88
CRIANÇA,0 a < 5 anos,2025,NORDESTE,24,RN,240600,JOSE DA PENHA,10,3.41%,10,3.41%,273,93.17%,20,6.83,293,0,-,6,2.05%,264,90.1%,23,7.85%,6,2.05,293
CRIANÇA,0 a < 5 anos,2025,NORDESTE,24,RN,240610,JUCURUTU,21,2.61%,32,3.97%,753,93.42%,53,6.58,806,3,0.37%,23,2.85%,710,88.09%,70,8.68%,26,3.23,806
CRIANÇA,0 a < 5 anos,2025,NORDESTE,24,RN,240615,JUNDIA,7,3.04%,22,9.57%,201,87.39%,29,12.61,230,1,0.43%,11,4.78%,197,85.65%,21,9.13%,12,5.22,230
CRIANÇA,0 a < 5 anos,2025,NORDESTE,24,RN,240620,LAGOA D'ANTA,14,3.7%,25,6.61%,339,89.68%,39,10.32,378,3,0.79%,8,2.12%,330,87.3%,37,9.79%,11,2.91,378
CRIANÇA,0 a < 5 anos,2025,NORDESTE,24,RN,240630,LAGOA DE PEDRAS,20,4.2%,21,4.41%,435,91.39%,41,8.61,476,8,1.68%,5,1.05%,421,88.45%,42,8.82%,13,2.73,476
CRIANÇA,0 a < 5 anos,2025,NORDESTE,24,RN,240640,LAGOA DE VELHOS,14,7.65%,12,6.56%,157,85.79%,26,14.21,183,2,1.09%,3,1.64%,158,86.34%,20,10.93%,5,2.73,183
CRIANÇA,0 a < 5 anos,2025,NORDESTE,24,RN,240650,LAGOA NOVA,36,4.38%,58,7.06%,727,88.55%,94,11.45,821,1,0.12%,12,1.46%,729,88.79%,79,9.62%,13,1.58,821
CRIANÇA,0 a < 5 anos,2025,NORDESTE,24,RN,240660,LAGOA SALGADA,28,5.65%,29,5.85%,439,88.51%,57,11.49,496,2,0.4%,8,1.61%,433,87.3%,53,10.69%,10,2.02,496
CRIANÇA,0 a < 5 anos,2025,NORDESTE,24,RN,240670,LAJES,27,6.94%,26,6.68%,336,86.38%,53,13.62,389,4,1.03%,6,1.54%,337,86.63%,42,10.8%,10,2.57,389
CRIANÇA,0 a < 5 anos,2025,NORDESTE,24,RN,240680,LAJES PINTADAS,3,1.16%,18,6.98%,237,91.86%,21,8.14,258,1,0.39%,3,1.16%,233,90.31%,21,8.14%,4,1.55,258
CRIANÇA,0 a < 5 anos,2025,NORDESTE,24,RN,240690,LUCRECIA,2,1.11%,8,4.44%,170,94.44%,10,5.56,180,0,-,1,0.56%,169,93.89%,10,5.56%,1,0.56,180
CRIANÇA,0 a < 5 anos,2025,NORDESTE,24,RN,240700,LUIS GOMES,5,1.32%,25,6.61%,348,92.06%,30,7.94,378,0,-,3,0.79%,330,87.3%,45,11.9%,3,0.79,378
CRIANÇA,0 a < 5 anos,2025,NORDESTE,24,RN,240710,MACAIBA,118,4.02%,192,6.54%,2624,89.43%,310,10.57,2934,21,0.72%,64,2.18%,2582,88%,267,9.1%,85,2.9,2934
CRIANÇA,0 a < 5 anos,2025,NORDESTE,24,RN,240720,MACAU,43,4.23%,79,7.78%,894,87.99%,122,12.01,1016,2,0.2%,20,1.97%,901,88.68%,93,9.15%,22,2.17,1016
CRIANÇA,0 a < 5 anos,2025,NORDESTE,24,RN,240725,MAJOR SALES,9,4.5%,13,6.5%,178,89%,22,11.0,200,1,0.5%,0,-,187,93.5%,12,6%,1,0.5,200
CRIANÇA,0 a < 5 anos,2025,NORDESTE,24,RN,240730,MARCELINO VIEIRA,21,6.58%,11,3.45%,287,89.97%,32,10.03,319,2,0.63%,5,1.57%,272,85.27%,40,12.54%,7,2.19,319
CRIANÇA,0 a < 5 anos,2025,NORDESTE,24,RN,240740,MARTINS,6,1.59%,13,3.44%,359,94.97%,19,5.03,378,5,1.32%,5,1.32%,337,89.15%,31,8.2%,10,2.65,378
CRIANÇA,0 a < 5 anos,2025,NORDESTE,24,RN,240750,MAXARANGUAPE,30,5.03%,43,7.21%,523,87.75%,73,12.25,596,5,0.84%,18,3.02%,517,86.74%,56,9.4%,23,3.86,596
CRIANÇA,0 a < 5 anos,2025,NORDESTE,24,RN,240760,MESSIAS TARGINO,3,1.94%,10,6.45%,142,91.61%,13,8.39,155,0,-,2,1.29%,139,89.68%,14,9.03%,2,1.29,155
CRIANÇA,0 a < 5 anos,2025,NORDESTE,24,RN,240770,MONTANHAS,22,3.12%,52,7.38%,631,89.5%,74,10.5,705,2,0.28%,21,2.98%,607,86.1%,75,10.64%,23,3.26,705
CRIANÇA,0 a < 5 anos,2025,NORDESTE,24,RN,240780,MONTE ALEGRE,60,5.16%,84,7.23%,1018,87.61%,144,12.39,1162,5,0.43%,25,2.15%,1030,88.64%,102,8.78%,30,2.58,1162
CRIANÇA,0 a < 5 anos,2025,NORDESTE,24,RN,240790,MONTE DAS GAMELEIRAS,3,1.83%,9,5.49%,152,92.68%,12,7.32,164,0,-,2,1.22%,139,84.76%,23,14.02%,2,1.22,164
CRIANÇA,0 a < 5 anos,2025,NORDESTE,24,RN,240800,MOSSORO,315,3.97%,535,6.74%,7093,89.3%,850,10.7,7943,49,0.62%,177,2.23%,7116,89.58%,602,7.58%,226,2.84,7944
CRIANÇA,0 a < 5 anos,2025,NORDESTE,24,RN,240810,NATAL,542,3.08%,985,5.6%,16059,91.32%,1527,8.68,17586,84,0.48%,302,1.72%,15732,89.45%,1469,8.35%,386,2.19,17587
CRIANÇA,0 a < 5 anos,2025,NORDESTE,24,RN,240820,NISIA FLORESTA,51,2.93%,99,5.69%,1590,91.38%,150,8.62,1740,5,0.29%,36,2.07%,1564,89.89%,135,7.76%,41,2.36,1740
CRIANÇA,0 a < 5 anos,2025,NORDESTE,24,RN,240830,NOVA CRUZ,71,4.49%,118,7.47%,1391,88.04%,189,11.96,1580,24,1.52%,37,2.34%,1330,84.18%,189,11.96%,61,3.86,1580
CRIANÇA,0 a < 5 anos,2025,NORDESTE,24,RN,240840,OLHO-D'AGUA DO BORGES,10,6.85%,8,5.48%,128,87.67%,18,12.33,146,1,0.68%,2,1.37%,125,85.62%,18,12.33%,3,2.05,146
CRIANÇA,0 a < 5 anos,2025,NORDESTE,24,RN,240850,OURO BRANCO,5,2.37%,9,4.27%,197,93.36%,14,6.64,211,2,0.95%,2,0.95%,192,91%,15,7.11%,4,1.9,211
CRIANÇA,0 a < 5 anos,2025,NORDESTE,24,RN,240860,PARANA,14,8.38%,9,5.39%,144,86.23%,23,13.77,167,2,1.2%,7,4.19%,139,83.23%,19,11.38%,9,5.39,167
CRIANÇA,0 a < 5 anos,2025,NORDESTE,24,RN,240870,PARAU,2,1.19%,7,4.17%,159,94.64%,9,5.36,168,0,-,2,1.19%,147,87.5%,19,11.31%,2,1.19,168
CRIANÇA,0 a < 5 anos,2025,NORDESTE,24,RN,240880,PARAZINHO,26,6.72%,29,7.49%,332,85.79%,55,14.21,387,8,2.07%,10,2.58%,349,90.18%,20,5.17%,18,4.65,387
CRIANÇA,0 a < 5 anos,2025,NORDESTE,24,RN,240890,PARELHAS,38,3.84%,42,4.24%,910,91.92%,80,8.08,990,4,0.4%,22,2.22%,877,88.59%,87,8.79%,26,2.63,990
CRIANÇA,0 a < 5 anos,2025,NORDESTE,24,RN,240895,RIO DO FOGO,44,5.12%,81,9.42%,735,85.47%,125,14.53,860,3,0.35%,16,1.86%,756,87.91%,85,9.88%,19,2.21,860
CRIANÇA,0 a < 5 anos,2025,NORDESTE,24,RN,240910,PASSA E FICA,26,3.69%,39,5.54%,639,90.77%,65,9.23,704,2,0.28%,14,1.99%,622,88.35%,66,9.38%,16,2.27,704
CRIANÇA,0 a < 5 anos,2025,NORDESTE,24,RN,240920,PASSAGEM,11,6.25%,13,7.39%,152,86.36%,24,13.64,176,0,-,2,1.14%,159,90.34%,15,8.52%,2,1.14,176
CRIANÇA,0 a < 5 anos,2025,NORDESTE,24,RN,240930,PATU,27,5.87%,35,7.61%,398,86.52%,62,13.48,460,4,0.87%,9,1.96%,401,87.17%,46,10%,13,2.83,460
CRIANÇA,0 a < 5 anos,2025,NORDESTE,24,RN,240933,SANTA MARIA,14,4.58%,28,9.15%,264,86.27%,42,13.73,306,1,0.33%,4,1.31%,264,86.27%,37,12.09%,5,1.63,306
CRIANÇA,0 a < 5 anos,2025,NORDESTE,24,RN,240940,PAU DOS FERROS,36,3.31%,62,5.7%,989,90.98%,98,9.02,1087,3,0.28%,11,1.01%,971,89.33%,102,9.38%,14,1.29,1087
CRIANÇA,0 a < 5 anos,2025,NORDESTE,24,RN,240950,PEDRA GRANDE,27,10.98%,31,12.6%,188,76.42%,58,23.58,246,5,2.03%,8,3.25%,204,82.93%,29,11.79%,13,5.28,246
CRIANÇA,0 a < 5 anos,2025,NORDESTE,24,RN,240960,PEDRA PRETA,4,3.39%,7,5.93%,107,90.68%,11,9.32,118,2,1.69%,1,0.85%,97,82.2%,18,15.25%,3,2.54,118
CRIANÇA,0 a < 5 anos,2025,NORDESTE,24,RN,240970,PEDRO AVELINO,4,1.27%,20,6.35%,291,92.38%,24,7.62,315,3,0.95%,5,1.59%,265,84.13%,42,13.33%,8,2.54,315
CRIANÇA,0 a < 5 anos,2025,NORDESTE,24,RN,240980,PEDRO VELHO,37,5.23%,70,9.89%,601,84.89%,107,15.11,708,8,1.13%,12,1.69%,612,86.44%,76,10.73%,20,2.82,708
CRIANÇA,0 a < 5 anos,2025,NORDESTE,24,RN,240990,PENDENCIAS,17,3.39%,14,2.79%,471,93.82%,31,6.18,502,1,0.2%,3,0.6%,425,84.66%,73,14.54%,4,0.8,502
CRIANÇA,0 a < 5 anos,2025,NORDESTE,24,RN,241000,PILOES,4,2.7%,7,4.73%,137,92.57%,11,7.43,148,0,-,3,2.03%,137,92.57%,8,5.41%,3,2.03,148
CRIANÇA,0 a < 5 anos,2025,NORDESTE,24,RN,241010,POCO BRANCO,28,4.38%,38,5.95%,573,89.67%,66,10.33,639,9,1.41%,13,2.03%,560,87.64%,57,8.92%,22,3.44,639
CRIANÇA,0 a < 5 anos,2025,NORDESTE,24,RN,241020,PORTALEGRE,10,2.81%,16,4.49%,330,92.7%,26,7.3,356,0,-,5,1.4%,306,85.96%,45,12.64%,5,1.4,356
CRIANÇA,0 a < 5 anos,2025,NORDESTE,24,RN,241025,PORTO DO MANGUE,15,4.85%,23,7.44%,271,87.7%,38,12.3,309,0,-,8,2.59%,254,82.2%,47,15.21%,8,2.59,309
CRIANÇA,0 a < 5 anos,2025,NORDESTE,24,RN,241030,SERRA CAIADA,21,3.34%,33,5.25%,575,91.41%,54,8.59,629,6,0.95%,11,1.75%,547,86.96%,65,10.33%,17,2.7,629
CRIANÇA,0 a < 5 anos,2025,NORDESTE,24,RN,241040,PUREZA,22,4.27%,41,7.96%,452,87.77%,63,12.23,515,4,0.78%,5,0.97%,460,89.32%,46,8.93%,9,1.75,515
CRIANÇA,0 a < 5 anos,2025,NORDESTE,24,RN,241050,RAFAEL FERNANDES,12,4.63%,13,5.02%,234,90.35%,25,9.65,259,1,0.39%,10,3.86%,223,86.1%,25,9.65%,11,4.25,259
CRIANÇA,0 a < 5 anos,2025,NORDESTE,24,RN,241060,RAFAEL GODEIRO,1,0.83%,10,8.26%,110,90.91%,11,9.09,121,0,-,3,2.48%,107,88.43%,11,9.09%,3,2.48,121
CRIANÇA,0 a < 5 anos,2025,NORDESTE,24,RN,241070,RIACHO DA CRUZ,3,2.42%,4,3.23%,117,94.35%,7,5.65,124,0,-,2,1.61%,113,91.13%,9,7.26%,2,1.61,124
CRIANÇA,0 a < 5 anos,2025,NORDESTE,24,RN,241080,RIACHO DE SANTANA,7,3.54%,16,8.08%,175,88.38%,23,11.62,198,0,-,5,2.53%,180,90.91%,13,6.57%,5,2.53,198
CRIANÇA,0 a < 5 anos,2025,NORDESTE,24,RN,241090,RIACHUELO,7,1.74%,16,3.98%,379,94.28%,23,5.72,402,1,0.25%,7,1.74%,355,88.31%,39,9.7%,8,1.99,402
CRIANÇA,0 a < 5 anos,2025,NORDESTE,24,RN,241100,RODOLFO FERNANDES,5,2.06%,14,5.76%,224,92.18%,19,7.82,243,0,-,5,2.06%,217,89.3%,21,8.64%,5,2.06,243
CRIANÇA,0 a < 5 anos,2025,NORDESTE,24,RN,241105,TIBAU,8,2.92%,19,6.93%,247,90.15%,27,9.85,274,2,0.73%,4,1.46%,239,87.23%,29,10.58%,6,2.19,274
CRIANÇA,0 a < 5 anos,2025,NORDESTE,24,RN,241110,RUY BARBOSA,2,1.5%,2,1.5%,129,96.99%,4,3.01,133,0,-,3,2.26%,117,87.97%,13,9.77%,3,2.26,133
CRIANÇA,0 a < 5 anos,2025,NORDESTE,24,RN,241120,SANTA CRUZ,40,2.41%,96,5.78%,1526,91.82%,136,8.18,1662,13,0.78%,32,1.93%,1468,88.33%,149,8.97%,45,2.71,1662
CRIANÇA,0 a < 5 anos,2025,NORDESTE,24,RN,241140,SANTANA DO MATOS,13,2.78%,20,4.28%,434,92.93%,33,7.07,467,4,0.86%,7,1.5%,404,86.51%,52,11.13%,11,2.36,467
CRIANÇA,0 a < 5 anos,2025,NORDESTE,24,RN,241142,SANTANA DO SERIDO,0,-,5,4.1%,117,95.9%,5,4.1,122,0,-,3,2.46%,107,87.7%,12,9.84%,3,2.46,122
CRIANÇA,0 a < 5 anos,2025,NORDESTE,24,RN,241150,SANTO ANTONIO,39,3.57%,80,7.33%,972,89.09%,119,10.91,1091,2,0.18%,18,1.65%,955,87.53%,116,10.63%,20,1.83,1091
CRIANÇA,0 a < 5 anos,2025,NORDESTE,24,RN,241160,SAO BENTO DO NORTE,9,4.02%,20,8.93%,195,87.05%,29,12.95,224,2,0.89%,6,2.68%,189,84.38%,27,12.05%,8,3.57,224
CRIANÇA,0 a < 5 anos,2025,NORDESTE,24,RN,241170,SAO BENTO DO TRAIRI,3,1.2%,8,3.21%,238,95.58%,11,4.42,249,1,0.4%,4,1.61%,209,83.94%,35,14.06%,5,2.01,249
CRIANÇA,0 a < 5 anos,2025,NORDESTE,24,RN,241180,SAO FERNANDO,4,2.63%,9,5.92%,139,91.45%,13,8.55,152,1,0.66%,1,0.66%,132,86.84%,18,11.84%,2,1.32,152
CRIANÇA,0 a < 5 anos,2025,NORDESTE,24,RN,241190,SAO FRANCISCO DO OESTE,2,1.02%,3,1.52%,192,97.46%,5,2.54,197,0,-,2,1.02%,169,85.79%,26,13.2%,2,1.02,197
CRIANÇA,0 a < 5 anos,2025,NORDESTE,24,RN,241200,SAO GONCALO DO AMARANTE,246,4.85%,350,6.9%,4476,88.25%,596,11.75,5072,19,0.37%,68,1.34%,4486,88.45%,499,9.84%,87,1.72,5072
CRIANÇA,0 a < 5 anos,2025,NORDESTE,24,RN,241210,SAO JOAO DO SABUGI,9,3.56%,13,5.14%,231,91.3%,22,8.7,253,1,0.4%,5,1.98%,223,88.14%,24,9.49%,6,2.37,253
CRIANÇA,0 a < 5 anos,2025,NORDESTE,24,RN,241220,SAO JOSE DE MIPIBU,211,7.58%,175,6.28%,2399,86.14%,386,13.86,2785,9,0.32%,37,1.33%,1540,55.3%,1199,43.05%,46,1.65,2785
CRIANÇA,0 a < 5 anos,2025,NORDESTE,24,RN,241230,SAO JOSE DO CAMPESTRE,22,4.14%,24,4.51%,486,91.35%,46,8.65,532,1,0.19%,7,1.31%,465,87.24%,60,11.26%,8,1.5,533
CRIANÇA,0 a < 5 anos,2025,NORDESTE,24,RN,241240,SAO JOSE DO SERIDO,20,11.43%,21,12%,134,76.57%,41,23.43,175,0,-,6,3.43%,153,87.43%,16,9.14%,6,3.43,175
CRIANÇA,0 a < 5 anos,2025,NORDESTE,24,RN,241250,SAO MIGUEL,77,7.16%,88,8.18%,911,84.67%,165,15.33,1076,9,0.84%,23,2.14%,961,89.31%,83,7.71%,32,2.97,1076
CRIANÇA,0 a < 5 anos,2025,NORDESTE,24,RN,241255,SAO MIGUEL DO GOSTOSO,23,3.37%,56,8.21%,603,88.42%,79,11.58,682,3,0.44%,22,3.23%,607,89%,50,7.33%,25,3.67,682
CRIANÇA,0 a < 5 anos,2025,NORDESTE,24,RN,241260,SAO PAULO DO POTENGI,33,3.82%,45,5.2%,787,90.98%,78,9.02,865,2,0.23%,7,0.81%,669,77.34%,187,21.62%,9,1.04,865
CRIANÇA,0 a < 5 anos,2025,NORDESTE,24,RN,241270,SAO PEDRO,25,14.04%,16,8.99%,137,76.97%,41,23.03,178,1,0.56%,1,0.56%,144,80.9%,32,17.98%,2,1.12,178
CRIANÇA,0 a < 5 anos,2025,NORDESTE,24,RN,241280,SAO RAFAEL,9,2.66%,14,4.14%,315,93.2%,23,6.8,338,2,0.59%,3,0.89%,286,84.62%,47,13.91%,5,1.48,338
CRIANÇA,0 a < 5 anos,2025,NORDESTE,24,RN,241290,SAO TOME,22,4.6%,32,6.69%,424,88.7%,54,11.3,478,2,0.42%,11,2.3%,427,89.33%,38,7.95%,13,2.72,478
CRIANÇA,0 a < 5 anos,2025,NORDESTE,24,RN,241300,SAO VICENTE,13,4.56%,20,7.02%,252,88.42%,33,11.58,285,4,1.4%,12,4.21%,250,87.72%,19,6.67%,16,5.61,285
CRIANÇA,0 a < 5 anos,2025,NORDESTE,24,RN,241310,SENADOR ELOI DE SOUZA,16,4.69%,17,4.99%,308,90.32%,33,9.68,341,0,-,4,1.17%,278,81.52%,59,17.3%,4,1.17,341
CRIANÇA,0 a < 5 anos,2025,NORDESTE,24,RN,241320,SENADOR GEORGINO AVELINO,9,3.9%,11,4.76%,211,91.34%,20,8.66,231,1,0.43%,3,1.3%,208,90.04%,19,8.23%,4,1.73,231
CRIANÇA,0 a < 5 anos,2025,NORDESTE,24,RN,241330,SERRA DE SAO BENTO,14,4.22%,26,7.83%,292,87.95%,40,12.05,332,3,0.9%,11,3.31%,288,86.75%,30,9.04%,14,4.22,332
CRIANÇA,0 a < 5 anos,2025,NORDESTE,24,RN,241335,SERRA DO MEL,48,5.45%,68,7.72%,765,86.83%,116,13.17,881,6,0.68%,19,2.16%,768,87.17%,88,9.99%,25,2.84,881
CRIANÇA,0 a < 5 anos,2025,NORDESTE,24,RN,241340,SERRA NEGRA DO NORTE,7,2.7%,13,5.02%,239,92.28%,20,7.72,259,2,0.77%,7,2.7%,225,86.87%,25,9.65%,9,3.47,259
CRIANÇA,0 a < 5 anos,2025,NORDESTE,24,RN,241350,SERRINHA,9,2.86%,20,6.35%,286,90.79%,29,9.21,315,1,0.32%,9,2.86%,270,85.71%,35,11.11%,10,3.17,315
CRIANÇA,0 a < 5 anos,2025,NORDESTE,24,RN,241355,SERRINHA DOS PINTOS,8,4%,9,4.5%,183,91.5%,17,8.5,200,1,0.5%,4,2%,181,90.5%,14,7%,5,2.5,200
CRIANÇA,0 a < 5 anos,2025,NORDESTE,24,RN,241360,SEVERIANO MELO,5,1.86%,10,3.72%,254,94.42%,15,5.58,269,3,1.12%,6,2.23%,231,85.87%,29,10.78%,9,3.35,269
CRIANÇA,0 a < 5 anos,2025,NORDESTE,24,RN,241370,SITIO NOVO,5,2.06%,20,8.23%,218,89.71%,25,10.29,243,0,-,4,1.65%,216,88.89%,23,9.47%,4,1.65,243
CRIANÇA,0 a < 5 anos,2025,NORDESTE,24,RN,241380,TABOLEIRO GRANDE,4,3.96%,13,12.87%,84,83.17%,17,16.83,101,2,1.98%,1,0.99%,89,88.12%,9,8.91%,3,2.97,101
CRIANÇA,0 a < 5 anos,2025,NORDESTE,24,RN,241390,TAIPU,48,7.61%,41,6.5%,542,85.9%,89,14.1,631,7,1.11%,5,0.79%,531,84.15%,88,13.95%,12,1.9,631
CRIANÇA,0 a < 5 anos,2025,NORDESTE,24,RN,241400,TANGARA,44,5.97%,51,6.92%,642,87.11%,95,12.89,737,3,0.41%,13,1.76%,638,86.57%,83,11.26%,16,2.17,737
CRIANÇA,0 a < 5 anos,2025,NORDESTE,24,RN,241410,TENENTE ANANIAS,15,3.15%,20,4.2%,441,92.65%,35,7.35,476,1,0.21%,10,2.1%,426,89.5%,39,8.19%,11,2.31,476
CRIANÇA,0 a < 5 anos,2025,NORDESTE,24,RN,241415,TENENTE LAURENTINO CRUZ,15,3.92%,14,3.66%,354,92.43%,29,7.57,383,1,0.26%,6,1.57%,339,88.51%,37,9.66%,7,1.83,383
CRIANÇA,0 a < 5 anos,2025,NORDESTE,24,RN,241420,TIBAU DO SUL,67,6.81%,76,7.72%,841,85.47%,143,14.53,984,6,0.61%,29,2.95%,888,90.24%,61,6.2%,35,3.56,984
CRIANÇA,0 a < 5 anos,2025,NORDESTE,24,RN,241430,TIMBAUBA DOS BATISTAS,3,4.35%,4,5.8%,62,89.86%,7,10.14,69,1,1.45%,2,2.9%,63,91.3%,3,4.35%,3,4.35,69
CRIANÇA,0 a < 5 anos,2025,NORDESTE,24,RN,241440,TOUROS,92,4.19%,131,5.97%,1971,89.84%,223,10.16,2194,12,0.55%,31,1.41%,1940,88.42%,211,9.62%,43,1.96,2194
CRIANÇA,0 a < 5 anos,2025,NORDESTE,24,RN,241445,TRIUNFO POTIGUAR,3,1.18%,11,4.33%,240,94.49%,14,5.51,254,0,-,3,1.18%,218,85.83%,33,12.99%,3,1.18,254
CRIANÇA,0 a < 5 anos,2025,NORDESTE,24,RN,241450,UMARIZAL,21,6.25%,26,7.74%,289,86.01%,47,13.99,336,6,1.79%,5,1.49%,287,85.42%,38,11.31%,11,3.27,336
CRIANÇA,0 a < 5 anos,2025,NORDESTE,24,RN,241460,UPANEMA,19,4.13%,26,5.65%,415,90.22%,45,9.78,460,2,0.43%,13,2.83%,403,87.61%,42,9.13%,15,3.26,460
CRIANÇA,0 a < 5 anos,2025,NORDESTE,24,RN,241470,VARZEA,19,7.39%,17,6.61%,221,85.99%,36,14.01,257,7,2.72%,5,1.95%,231,89.88%,14,5.45%,12,4.67,257
CRIANÇA,0 a < 5 anos,2025,NORDESTE,24,RN,241475,VENHA-VER,20,11.49%,19,10.92%,135,77.59%,39,22.41,174,5,2.87%,8,4.6%,145,83.33%,16,9.2%,13,7.47,174
CRIANÇA,0 a < 5 anos,2025,NORDESTE,24,RN,241480,VERA CRUZ,26,3.9%,34,5.11%,606,90.99%,60,9.01,666,1,0.15%,8,1.2%,596,89.49%,61,9.16%,9,1.35,666
CRIANÇA,0 a < 5 anos,2025,NORDESTE,24,RN,241490,VICOSA,9,9.47%,10,10.53%,76,80%,19,20.0,95,2,2.11%,7,7.37%,78,82.11%,8,8.42%,9,9.47,95
CRIANÇA,0 a < 5 anos,2025,NORDESTE,24,RN,241500,VILA FLOR,5,2.19%,12,5.26%,211,92.54%,17,7.46,228,0,-,3,1.32%,202,88.6%,23,10.09%,3,1.32,228
CRIANÇA,0 a < 5 anos,2025,NORDESTE,25,PB,250010,AGUA BRANCA,7,1.11%,15,2.37%,610,96.52%,22,3.48,632,4,0.63%,11,1.74%,563,89.08%,54,8.54%,15,2.37,632
CRIANÇA,0 a < 5 anos,2025,NORDESTE,25,PB,250020,AGUIAR,13,5%,10,3.85%,237,91.15%,23,8.85,260,0,-,10,3.85%,215,82.69%,35,13.46%,10,3.85,260
CRIANÇA,0 a < 5 anos,2025,NORDESTE,25,PB,250030,ALAGOA GRANDE,82,4.79%,115,6.72%,1515,88.49%,197,11.51,1712,13,0.76%,36,2.1%,1492,87.15%,171,9.99%,49,2.86,1712
CRIANÇA,0 a < 5 anos,2025,NORDESTE,25,PB,250040,ALAGOA NOVA,50,4.03%,83,6.68%,1109,89.29%,133,10.71,1242,7,0.56%,23,1.85%,1119,90.1%,93,7.49%,30,2.42,1242
CRIANÇA,0 a < 5 anos,2025,NORDESTE,25,PB,250050,ALAGOINHA,56,5.79%,86,8.88%,826,85.33%,142,14.67,968,10,1.03%,34,3.51%,839,86.67%,85,8.78%,44,4.55,968
CRIANÇA,0 a < 5 anos,2025,NORDESTE,25,PB,250053,ALCANTIL,26,7.01%,17,4.58%,328,88.41%,43,11.59,371,10,2.7%,8,2.16%,298,80.32%,55,14.82%,18,4.85,371
CRIANÇA,0 a < 5 anos,2025,NORDESTE,25,PB,250057,ALGODAO DE JANDAIRA,5,2.37%,10,4.74%,196,92.89%,15,7.11,211,2,0.95%,2,0.95%,190,90.05%,17,8.06%,4,1.9,211
CRIANÇA,0 a < 5 anos,2025,NORDESTE,25,PB,250060,ALHANDRA,101,7.4%,91,6.67%,1173,85.93%,192,14.07,1365,9,0.66%,30,2.2%,1178,86.3%,148,10.84%,39,2.86,1365
CRIANÇA,0 a < 5 anos,2025,NORDESTE,25,PB,250070,SAO JOAO DO RIO DO PEIXE,20,2.47%,40,4.94%,750,92.59%,60,7.41,810,1,0.12%,11,1.36%,734,90.62%,64,7.9%,12,1.48,810
CRIANÇA,0 a < 5 anos,2025,NORDESTE,25,PB,250073,AMPARO,8,6.84%,8,6.84%,101,86.32%,16,13.68,117,5,4.27%,2,1.71%,98,83.76%,12,10.26%,7,5.98,117
CRIANÇA,0 a < 5 anos,2025,NORDESTE,25,PB,250077,APARECIDA,17,3.56%,30,6.28%,431,90.17%,47,9.83,478,4,0.84%,14,2.93%,413,86.4%,47,9.83%,18,3.77,478
CRIANÇA,0 a < 5 anos,2025,NORDESTE,25,PB,250080,ARACAGI,50,5.73%,73,8.37%,749,85.89%,123,14.11,872,7,0.8%,14,1.61%,748,85.78%,103,11.81%,21,2.41,872
CRIANÇA,0 a < 5 anos,2025,NORDESTE,25,PB,250090,ARARA,27,5.4%,46,9.2%,427,85.4%,73,14.6,500,2,0.4%,12,2.4%,441,88.2%,45,9%,14,2.8,500
CRIANÇA,0 a < 5 anos,2025,NORDESTE,25,PB,250100,ARARUNA,42,4.02%,50,4.78%,953,91.2%,92,8.8,1045,2,0.19%,17,1.63%,941,90.05%,85,8.13%,19,1.82,1045
CRIANÇA,0 a < 5 anos,2025,NORDESTE,25,PB,250110,AREIA,45,4.82%,59,6.32%,830,88.87%,104,11.13,934,6,0.64%,20,2.14%,852,91.22%,56,6%,26,2.78,934
CRIANÇA,0 a < 5 anos,2025,NORDESTE,25,PB,250115,AREIA DE BARAUNAS,1,0.8%,4,3.2%,120,96%,5,4.0,125,0,-,0,-,110,88%,15,12%,0,0.0,125
CRIANÇA,0 a < 5 anos,2025,NORDESTE,25,PB,250120,AREIAL,27,5.59%,24,4.97%,432,89.44%,51,10.56,483,4,0.83%,9,1.86%,421,87.16%,49,10.14%,13,2.69,483
CRIANÇA,0 a < 5 anos,2025,NORDESTE,25,PB,250130,AROEIRAS,39,3.24%,71,5.9%,1093,90.86%,110,9.14,1203,7,0.58%,18,1.5%,1049,87.2%,129,10.72%,25,2.08,1203
CRIANÇA,0 a < 5 anos,2025,NORDESTE,25,PB,250135,ASSUNCAO,5,1.79%,14,5.02%,260,93.19%,19,6.81,279,1,0.36%,1,0.36%,256,91.76%,21,7.53%,2,0.72,279
CRIANÇA,0 a < 5 anos,2025,NORDESTE,25,PB,250140,BAIA DA TRAICAO,20,2.79%,47,6.56%,650,90.66%,67,9.34,717,1,0.14%,3,0.42%,653,91.07%,60,8.37%,4,0.56,717
CRIANÇA,0 a < 5 anos,2025,NORDESTE,25,PB,250150,BANANEIRAS,54,5.05%,66,6.17%,949,88.77%,120,11.23,1069,7,0.65%,23,2.15%,937,87.65%,102,9.54%,30,2.81,1069
CRIANÇA,0 a < 5 anos,2025,NORDESTE,25,PB,250153,BARAUNA,9,3.1%,17,5.86%,264,91.03%,26,8.97,290,0,-,6,2.07%,257,88.62%,27,9.31%,6,2.07,290
CRIANÇA,0 a < 5 anos,2025,NORDESTE,25,PB,250157,BARRA DE SANTANA,19,4.57%,14,3.37%,383,92.07%,33,7.93,416,4,0.96%,6,1.44%,366,87.98%,40,9.62%,10,2.4,416
CRIANÇA,0 a < 5 anos,2025,NORDESTE,25,PB,250160,BARRA DE SANTA ROSA,20,2.99%,45,6.73%,604,90.28%,65,9.72,669,6,0.9%,14,2.09%,600,89.69%,49,7.32%,20,2.99,669
CRIANÇA,0 a < 5 anos,2025,NORDESTE,25,PB,250170,BARRA DE SAO MIGUEL,15,3.67%,20,4.89%,374,91.44%,35,8.56,409,1,0.24%,4,0.98%,371,90.71%,33,8.07%,5,1.22,409
CRIANÇA,0 a < 5 anos,2025,NORDESTE,25,PB,250180,BAYEUX,244,7.6%,221,6.88%,2746,85.52%,465,14.48,3211,30,0.93%,100,3.11%,2625,81.75%,456,14.2%,130,4.05,3211
CRIANÇA,0 a < 5 anos,2025,NORDESTE,25,PB,250190,BELEM,37,4.18%,49,5.54%,799,90.28%,86,9.72,885,3,0.34%,18,2.03%,781,88.25%,83,9.38%,21,2.37,885
CRIANÇA,0 a < 5 anos,2025,NORDESTE,25,PB,250200,BELEM DO BREJO DO CRUZ,25,8.01%,25,8.01%,262,83.97%,50,16.03,312,5,1.6%,4,1.28%,270,86.54%,33,10.58%,9,2.88,312
CRIANÇA,0 a < 5 anos,2025,NORDESTE,25,PB,250205,BERNARDINO BATISTA,10,3.89%,11,4.28%,236,91.83%,21,8.17,257,3,1.17%,6,2.33%,239,93%,9,3.5%,9,3.5,257
CRIANÇA,0 a < 5 anos,2025,NORDESTE,25,PB,250210,BOA VENTURA,8,2.57%,19,6.11%,284,91.32%,27,8.68,311,4,1.29%,8,2.57%,277,89.07%,22,7.07%,12,3.86,311
CRIANÇA,0 a < 5 anos,2025,NORDESTE,25,PB,250215,BOA VISTA,8,2.56%,15,4.81%,289,92.63%,23,7.37,312,2,0.64%,7,2.24%,276,88.46%,27,8.65%,9,2.88,312
CRIANÇA,0 a < 5 anos,2025,NORDESTE,25,PB,250220,BOM JESUS,5,2.99%,7,4.19%,155,92.81%,12,7.19,167,2,1.2%,6,3.59%,146,87.43%,13,7.78%,8,4.79,167
CRIANÇA,0 a < 5 anos,2025,NORDESTE,25,PB,250230,BOM SUCESSO,5,3.25%,6,3.9%,143,92.86%,11,7.14,154,1,0.65%,1,0.65%,132,85.71%,20,12.99%,2,1.3,154
CRIANÇA,0 a < 5 anos,2025,NORDESTE,25,PB,250240,BONITO DE SANTA FE,37,6.04%,60,9.79%,516,84.18%,97,15.82,613,10,1.63%,20,3.26%,545,88.91%,38,6.2%,30,4.89,613
CRIANÇA,0 a < 5 anos,2025,NORDESTE,25,PB,250250,BOQUEIRAO,58,5.78%,55,5.48%,890,88.73%,113,11.27,1003,4,0.4%,16,1.6%,864,86.14%,119,11.86%,20,1.99,1003
CRIANÇA,0 a < 5 anos,2025,NORDESTE,25,PB,250260,IGARACY,9,2.91%,6,1.94%,294,95.15%,15,4.85,309,2,0.65%,5,1.62%,194,62.78%,108,34.95%,7,2.27,309
CRIANÇA,0 a < 5 anos,2025,NORDESTE,25,PB,250270,BORBOREMA,22,7.41%,14,4.71%,261,87.88%,36,12.12,297,4,1.35%,9,3.03%,263,88.55%,21,7.07%,13,4.38,297
CRIANÇA,0 a < 5 anos,2025,NORDESTE,25,PB,250280,BREJO DO CRUZ,22,2.58%,32,3.76%,798,93.66%,54,6.34,852,2,0.23%,14,1.64%,761,89.32%,75,8.8%,16,1.88,852
CRIANÇA,0 a < 5 anos,2025,NORDESTE,25,PB,250290,BREJO DOS SANTOS,3,0.94%,11,3.45%,305,95.61%,14,4.39,319,0,-,4,1.25%,290,90.91%,25,7.84%,4,1.25,319
CRIANÇA,0 a < 5 anos,2025,NORDESTE,25,PB,250300,CAAPORA,47,3.94%,68,5.7%,1078,90.36%,115,9.64,1193,12,1.01%,23,1.93%,998,83.65%,160,13.41%,35,2.93,1193
CRIANÇA,0 a < 5 anos,2025,NORDESTE,25,PB,250310,CABACEIRAS,11,4.4%,16,6.4%,223,89.2%,27,10.8,250,3,1.2%,4,1.6%,218,87.2%,25,10%,7,2.8,250
CRIANÇA,0 a < 5 anos,2025,NORDESTE,25,PB,250320,CABEDELO,74,2.6%,167,5.87%,2606,91.53%,241,8.47,2847,14,0.49%,58,2.04%,2552,89.64%,223,7.83%,72,2.53,2847
CRIANÇA,0 a < 5 anos,2025,NORDESTE,25,PB,250330,CACHOEIRA DOS INDIOS,13,2.83%,21,4.58%,425,92.59%,34,7.41,459,2,0.44%,12,2.61%,414,90.2%,31,6.75%,14,3.05,459
CRIANÇA,0 a < 5 anos,2025,NORDESTE,25,PB,250340,CACIMBA DE AREIA,3,1.34%,8,3.57%,213,95.09%,11,4.91,224,1,0.45%,8,3.57%,193,86.16%,22,9.82%,9,4.02,224
CRIANÇA,0 a < 5 anos,2025,NORDESTE,25,PB,250350,CACIMBA DE DENTRO,21,2.25%,62,6.63%,852,91.12%,83,8.88,935,3,0.32%,22,2.35%,839,89.73%,71,7.59%,25,2.67,935
CRIANÇA,0 a < 5 anos,2025,NORDESTE,25,PB,250355,CACIMBAS,19,3.6%,49,9.28%,460,87.12%,68,12.88,528,5,0.95%,16,3.03%,487,92.23%,20,3.79%,21,3.98,528
CRIANÇA,0 a < 5 anos,2025,NORDESTE,25,PB,250360,CAICARA,27,9.15%,16,5.42%,252,85.42%,43,14.58,295,1,0.34%,9,3.05%,237,80.34%,48,16.27%,10,3.39,295
CRIANÇA,0 a < 5 anos,2025,NORDESTE,25,PB,250370,CAJAZEIRAS,75,2.74%,173,6.31%,2492,90.95%,248,9.05,2740,16,0.58%,69,2.52%,2496,91.09%,159,5.8%,85,3.1,2740
CRIANÇA,0 a < 5 anos,2025,NORDESTE,25,PB,250375,CAJAZEIRINHAS,11,5.61%,5,2.55%,180,91.84%,16,8.16,196,0,-,2,1.02%,166,84.69%,28,14.29%,2,1.02,196
CRIANÇA,0 a < 5 anos,2025,NORDESTE,25,PB,250380,CALDAS BRANDAO,13,2.77%,27,5.76%,429,91.47%,40,8.53,469,1,0.21%,8,1.71%,409,87.21%,51,10.87%,9,1.92,469
CRIANÇA,0 a < 5 anos,2025,NORDESTE,25,PB,250390,CAMALAU,23,5.85%,15,3.82%,355,90.33%,38,9.67,393,8,2.04%,8,2.04%,343,87.28%,34,8.65%,16,4.07,393
CRIANÇA,0 a < 5 anos,2025,NORDESTE,25,PB,250400,CAMPINA GRANDE,436,2.82%,1014,6.55%,14025,90.63%,1450,9.37,15475,65,0.42%,272,1.76%,13980,90.34%,1158,7.48%,337,2.18,15475
CRIANÇA,0 a < 5 anos,2025,NORDESTE,25,PB,250403,CAPIM,15,2.16%,37,5.32%,644,92.53%,52,7.47,696,4,0.57%,11,1.58%,608,87.36%,73,10.49%,15,2.16,696
CRIANÇA,0 a < 5 anos,2025,NORDESTE,25,PB,250407,CARAUBAS,28,11.52%,19,7.82%,196,80.66%,47,19.34,243,6,2.47%,9,3.7%,204,83.95%,24,9.88%,15,6.17,243
CRIANÇA,0 a < 5 anos,2025,NORDESTE,25,PB,250410,CARRAPATEIRA,5,3.07%,13,7.98%,145,88.96%,18,11.04,163,1,0.61%,8,4.91%,147,90.18%,7,4.29%,9,5.52,163
CRIANÇA,0 a < 5 anos,2025,NORDESTE,25,PB,250415,CASSERENGUE,7,1.71%,36,8.78%,367,89.51%,43,10.49,410,1,0.24%,8,1.95%,373,90.98%,28,6.83%,9,2.2,410
CRIANÇA,0 a < 5 anos,2025,NORDESTE,25,PB,250420,CATINGUEIRA,23,9.47%,13,5.35%,207,85.19%,36,14.81,243,0,-,2,0.82%,211,86.83%,30,12.35%,2,0.82,243
CRIANÇA,0 a < 5 anos,2025,NORDESTE,25,PB,250430,CATOLE DO ROCHA,27,1.75%,78,5.06%,1437,93.19%,105,6.81,1542,8,0.52%,19,1.23%,1374,89.11%,141,9.14%,27,1.75,1542
CRIANÇA,0 a < 5 anos,2025,NORDESTE,25,PB,250435,CATURITE,13,3.44%,23,6.08%,342,90.48%,36,9.52,378,1,0.26%,3,0.79%,331,87.57%,43,11.38%,4,1.06,378
CRIANÇA,0 a < 5 anos,2025,NORDESTE,25,PB,250440,CONCEICAO,43,4.98%,64,7.42%,756,87.6%,107,12.4,863,11,1.27%,24,2.78%,761,88.18%,67,7.76%,35,4.06,863
CRIANÇA,0 a < 5 anos,2025,NORDESTE,25,PB,250450,CONDADO,13,3.65%,15,4.21%,328,92.13%,28,7.87,356,4,1.12%,9,2.53%,313,87.92%,30,8.43%,13,3.65,356
CRIANÇA,0 a < 5 anos,2025,NORDESTE,25,PB,250460,CONDE,73,4.19%,126,7.23%,1544,88.58%,199,11.42,1743,9,0.52%,38,2.18%,1488,85.37%,208,11.93%,47,2.7,1743
CRIANÇA,0 a < 5 anos,2025,NORDESTE,25,PB,250470,CONGO,56,18.06%,30,9.68%,224,72.26%,86,27.74,310,27,8.71%,17,5.48%,239,77.1%,27,8.71%,44,14.19,310
CRIANÇA,0 a < 5 anos,2025,NORDESTE,25,PB,250480,COREMAS,30,3.51%,49,5.73%,776,90.76%,79,9.24,855,11,1.29%,24,2.81%,766,89.59%,54,6.32%,35,4.09,855
CRIANÇA,0 a < 5 anos,2025,NORDESTE,25,PB,250485,COXIXOLA,19,22.35%,10,11.76%,56,65.88%,29,34.12,85,7,8.24%,8,9.41%,70,82.35%,0,-,15,17.65,85
CRIANÇA,0 a < 5 anos,2025,NORDESTE,25,PB,250490,CRUZ DO ESPIRITO SANTO,62,5.41%,67,5.84%,1018,88.75%,129,11.25,1147,3,0.26%,18,1.57%,976,85.09%,150,13.08%,21,1.83,1147
CRIANÇA,0 a < 5 anos,2025,NORDESTE,25,PB,250500,CUBATI,9,1.94%,19,4.09%,437,93.98%,28,6.02,465,3,0.65%,6,1.29%,400,86.02%,56,12.04%,9,1.94,465
CRIANÇA,0 a < 5 anos,2025,NORDESTE,25,PB,250510,CUITE,27,3.18%,42,4.95%,779,91.86%,69,8.14,848,4,0.47%,12,1.42%,749,88.33%,83,9.79%,16,1.89,848
CRIANÇA,0 a < 5 anos,2025,NORDESTE,25,PB,250520,CUITEGI,21,5%,38,9.05%,361,85.95%,59,14.05,420,4,0.95%,5,1.19%,377,89.76%,34,8.1%,9,2.14,420
CRIANÇA,0 a < 5 anos,2025,NORDESTE,25,PB,250523,CUITE DE MAMANGUAPE,19,5.16%,19,5.16%,330,89.67%,38,10.33,368,7,1.9%,5,1.36%,321,87.23%,35,9.51%,12,3.26,368
CRIANÇA,0 a < 5 anos,2025,NORDESTE,25,PB,250527,CURRAL DE CIMA,22,6.08%,20,5.52%,320,88.4%,42,11.6,362,4,1.1%,5,1.38%,324,89.5%,29,8.01%,9,2.49,362
CRIANÇA,0 a < 5 anos,2025,NORDESTE,25,PB,250530,CURRAL VELHO,8,6.45%,4,3.23%,112,90.32%,12,9.68,124,0,-,2,1.61%,110,88.71%,12,9.68%,2,1.61,124
CRIANÇA,0 a < 5 anos,2025,NORDESTE,25,PB,250535,DAMIAO,21,6.65%,27,8.54%,268,84.81%,48,15.19,316,4,1.27%,12,3.8%,280,88.61%,20,6.33%,16,5.06,316
CRIANÇA,0 a < 5 anos,2025,NORDESTE,25,PB,250540,DESTERRO,43,8.1%,31,5.84%,457,86.06%,74,13.94,531,3,0.56%,12,2.26%,464,87.38%,52,9.79%,15,2.82,531
CRIANÇA,0 a < 5 anos,2025,NORDESTE,25,PB,250550,VISTA SERRANA,1,0.6%,10,6.02%,155,93.37%,11,6.63,166,1,0.6%,3,1.81%,149,89.76%,13,7.83%,4,2.41,166
CRIANÇA,0 a < 5 anos,2025,NORDESTE,25,PB,250560,DIAMANTE,30,7.54%,18,4.52%,350,87.94%,48,12.06,398,3,0.75%,18,4.52%,354,88.94%,23,5.78%,21,5.28,398
CRIANÇA,0 a < 5 anos,2025,NORDESTE,25,PB,250570,DONA INES,15,2.18%,62,9.02%,610,88.79%,77,11.21,687,3,0.44%,9,1.31%,634,92.29%,41,5.97%,12,1.75,687
CRIANÇA,0 a < 5 anos,2025,NORDESTE,25,PB,250580,DUAS ESTRADAS,2,0.9%,18,8.07%,203,91.03%,20,8.97,223,1,0.45%,4,1.79%,199,89.24%,19,8.52%,5,2.24,223
CRIANÇA,0 a < 5 anos,2025,NORDESTE,25,PB,250590,EMAS,12,6.32%,14,7.37%,164,86.32%,26,13.68,190,0,-,7,3.68%,169,88.95%,14,7.37%,7,3.68,190
CRIANÇA,0 a < 5 anos,2025,NORDESTE,25,PB,250600,ESPERANCA,64,3.53%,117,6.45%,1633,90.02%,181,9.98,1814,5,0.28%,21,1.16%,1593,87.82%,195,10.75%,26,1.43,1814
CRIANÇA,0 a < 5 anos,2025,NORDESTE,25,PB,250610,FAGUNDES,16,2.27%,34,4.83%,654,92.9%,50,7.1,704,7,0.99%,15,2.13%,620,88.07%,62,8.81%,22,3.12,704
CRIANÇA,0 a < 5 anos,2025,NORDESTE,25,PB,250620,FREI MARTINHO,4,3.88%,3,2.91%,96,93.2%,7,6.8,103,2,1.94%,5,4.85%,91,88.35%,5,4.85%,7,6.8,103
CRIANÇA,0 a < 5 anos,2025,NORDESTE,25,PB,250625,GADO BRAVO,9,1.75%,30,5.85%,474,92.4%,39,7.6,513,3,0.58%,12,2.34%,451,87.91%,47,9.16%,15,2.92,513
CRIANÇA,0 a < 5 anos,2025,NORDESTE,25,PB,250630,GUARABIRA,74,3.31%,114,5.1%,2049,91.6%,188,8.4,2237,11,0.49%,36,1.61%,1994,89.14%,196,8.76%,47,2.1,2237
CRIANÇA,0 a < 5 anos,2025,NORDESTE,25,PB,250640,GURINHEM,21,2.53%,46,5.54%,763,91.93%,67,8.07,830,4,0.48%,14,1.69%,720,86.75%,92,11.08%,18,2.17,830
CRIANÇA,0 a < 5 anos,2025,NORDESTE,25,PB,250650,GURJAO,1,0.54%,9,4.89%,174,94.57%,10,5.43,184,1,0.54%,0,-,162,88.04%,21,11.41%,1,0.54,184
CRIANÇA,0 a < 5 anos,2025,NORDESTE,25,PB,250660,IBIARA,10,3.18%,16,5.1%,288,91.72%,26,8.28,314,2,0.64%,7,2.23%,284,90.45%,21,6.69%,9,2.87,314
CRIANÇA,0 a < 5 anos,2025,NORDESTE,25,PB,250670,IMACULADA,16,2.81%,27,4.74%,527,92.46%,43,7.54,570,8,1.4%,11,1.93%,504,88.42%,47,8.25%,19,3.33,570
CRIANÇA,0 a < 5 anos,2025,NORDESTE,25,PB,250680,INGA,62,5.64%,74,6.73%,963,87.63%,136,12.37,1099,5,0.45%,29,2.64%,943,85.81%,122,11.1%,34,3.09,1099
CRIANÇA,0 a < 5 anos,2025,NORDESTE,25,PB,250690,ITABAIANA,75,6.44%,73,6.27%,1017,87.3%,148,12.7,1165,18,1.54%,35,3%,950,81.48%,163,13.98%,53,4.55,1166
CRIANÇA,0 a < 5 anos,2025,NORDESTE,25,PB,250700,ITAPORANGA,31,2.65%,64,5.47%,1075,91.88%,95,8.12,1170,10,0.85%,25,2.14%,1067,91.2%,68,5.81%,35,2.99,1170
CRIANÇA,0 a < 5 anos,2025,NORDESTE,25,PB,250710,ITAPOROROCA,62,5.16%,89,7.4%,1051,87.44%,151,12.56,1202,9,0.75%,28,2.33%,1021,84.94%,144,11.98%,37,3.08,1202
CRIANÇA,0 a < 5 anos,2025,NORDESTE,25,PB,250720,ITATUBA,22,2.95%,37,4.95%,688,92.1%,59,7.9,747,2,0.27%,26,3.48%,641,85.81%,78,10.44%,28,3.75,747
CRIANÇA,0 a < 5 anos,2025,NORDESTE,25,PB,250730,JACARAU,26,3.47%,45,6%,679,90.53%,71,9.47,750,2,0.27%,11,1.47%,666,88.8%,71,9.47%,13,1.73,750
CRIANÇA,0 a < 5 anos,2025,NORDESTE,25,PB,250740,JERICO,11,3.23%,9,2.64%,321,94.13%,20,5.87,341,0,-,6,1.76%,311,91.2%,24,7.04%,6,1.76,341
CRIANÇA,0 a < 5 anos,2025,NORDESTE,25,PB,250750,JOAO PESSOA,1156,6.02%,1411,7.35%,16620,86.62%,2567,13.38,19187,188,0.98%,540,2.81%,16643,86.74%,1816,9.46%,728,3.79,19187
CRIANÇA,0 a < 5 anos,2025,NORDESTE,25,PB,250760,JUAREZ TAVORA,57,10.31%,52,9.4%,444,80.29%,109,19.71,553,16,2.89%,15,2.71%,480,86.8%,42,7.59%,31,5.61,553
CRIANÇA,0 a < 5 anos,2025,NORDESTE,25,PB,250770,JUAZEIRINHO,64,5.19%,109,8.85%,1059,85.96%,173,14.04,1232,9,0.73%,36,2.92%,1100,89.29%,87,7.06%,45,3.65,1232
CRIANÇA,0 a < 5 anos,2025,NORDESTE,25,PB,250780,JUNCO DO SERIDO,8,1.87%,15,3.51%,404,94.61%,23,5.39,427,4,0.94%,6,1.41%,369,86.42%,48,11.24%,10,2.34,427
CRIANÇA,0 a < 5 anos,2025,NORDESTE,25,PB,250790,JURIPIRANGA,12,1.96%,44,7.18%,557,90.86%,56,9.14,613,7,1.14%,5,0.82%,523,85.32%,78,12.72%,12,1.96,613
CRIANÇA,0 a < 5 anos,2025,NORDESTE,25,PB,250800,JURU,7,1.43%,25,5.1%,458,93.47%,32,6.53,490,5,1.02%,11,2.24%,439,89.59%,35,7.14%,16,3.27,490
CRIANÇA,0 a < 5 anos,2025,NORDESTE,25,PB,250810,LAGOA,5,2.26%,13,5.88%,203,91.86%,18,8.14,221,0,-,4,1.81%,188,85.07%,29,13.12%,4,1.81,221
CRIANÇA,0 a < 5 anos,2025,NORDESTE,25,PB,250820,LAGOA DE DENTRO,12,2.78%,34,7.87%,386,89.35%,46,10.65,432,3,0.69%,11,2.55%,357,82.64%,61,14.12%,14,3.24,432
CRIANÇA,0 a < 5 anos,2025,NORDESTE,25,PB,250830,LAGOA SECA,44,3.11%,113,7.99%,1258,88.9%,157,11.1,1415,9,0.64%,32,2.26%,1259,88.98%,115,8.13%,41,2.9,1415
CRIANÇA,0 a < 5 anos,2025,NORDESTE,25,PB,250840,LASTRO,4,1.98%,3,1.49%,195,96.53%,7,3.47,202,1,0.5%,5,2.48%,177,87.62%,19,9.41%,6,2.97,202
CRIANÇA,0 a < 5 anos,2025,NORDESTE,25,PB,250850,LIVRAMENTO,12,2.69%,26,5.83%,408,91.48%,38,8.52,446,1,0.22%,6,1.35%,409,91.7%,30,6.73%,7,1.57,446
CRIANÇA,0 a < 5 anos,2025,NORDESTE,25,PB,250855,LOGRADOURO,5,2.6%,10,5.21%,177,92.19%,15,7.81,192,0,-,4,2.08%,164,85.42%,24,12.5%,4,2.08,192
CRIANÇA,0 a < 5 anos,2025,NORDESTE,25,PB,250860,LUCENA,62,6.82%,57,6.27%,790,86.91%,119,13.09,909,13,1.43%,26,2.86%,805,88.46%,66,7.25%,39,4.29,910
CRIANÇA,0 a < 5 anos,2025,NORDESTE,25,PB,250870,MAE D'AGUA,3,1.85%,11,6.79%,148,91.36%,14,8.64,162,1,0.62%,3,1.85%,151,93.21%,7,4.32%,4,2.47,162
CRIANÇA,0 a < 5 anos,2025,NORDESTE,25,PB,250880,MALTA,16,4.32%,24,6.49%,330,89.19%,40,10.81,370,1,0.27%,7,1.89%,331,89.22%,32,8.63%,8,2.16,371
CRIANÇA,0 a < 5 anos,2025,NORDESTE,25,PB,250890,MAMANGUAPE,133,4.86%,180,6.58%,2424,88.56%,313,11.44,2737,22,0.8%,48,1.75%,2346,85.71%,321,11.73%,70,2.56,2737
CRIANÇA,0 a < 5 anos,2025,NORDESTE,25,PB,250900,MANAIRA,9,1.5%,26,4.34%,564,94.16%,35,5.84,599,0,-,10,1.67%,551,91.99%,38,6.34%,10,1.67,599
CRIANÇA,0 a < 5 anos,2025,NORDESTE,25,PB,250905,MARCACAO,29,3.68%,60,7.61%,699,88.71%,89,11.29,788,4,0.51%,16,2.03%,695,88.2%,73,9.26%,20,2.54,788
CRIANÇA,0 a < 5 anos,2025,NORDESTE,25,PB,250910,MARI,41,3.33%,83,6.74%,1108,89.94%,124,10.06,1232,7,0.57%,29,2.35%,1102,89.45%,94,7.63%,36,2.92,1232
CRIANÇA,0 a < 5 anos,2025,NORDESTE,25,PB,250915,MARIZOPOLIS,7,1.8%,18,4.63%,364,93.57%,25,6.43,389,0,-,8,2.06%,350,89.97%,31,7.97%,8,2.06,389
CRIANÇA,0 a < 5 anos,2025,NORDESTE,25,PB,250920,MASSARANDUBA,16,1.99%,29,3.61%,758,94.4%,45,5.6,803,1,0.12%,13,1.62%,690,85.93%,99,12.33%,14,1.74,803
CRIANÇA,0 a < 5 anos,2025,NORDESTE,25,PB,250930,MATARACA,147,19.32%,60,7.88%,554,72.8%,207,27.2,761,53,6.96%,32,4.2%,611,80.29%,65,8.54%,85,11.17,761
CRIANÇA,0 a < 5 anos,2025,NORDESTE,25,PB,250933,MATINHAS,17,6.16%,19,6.88%,240,86.96%,36,13.04,276,1,0.36%,9,3.26%,233,84.42%,33,11.96%,10,3.62,276
CRIANÇA,0 a < 5 anos,2025,NORDESTE,25,PB,250937,MATO GROSSO,0,-,7,4.93%,135,95.07%,7,4.93,142,0,-,0,-,128,90.14%,14,9.86%,0,0.0,142
CRIANÇA,0 a < 5 anos,2025,NORDESTE,25,PB,250939,MATUREIA,16,3.25%,25,5.08%,451,91.67%,41,8.33,492,1,0.2%,9,1.83%,451,91.67%,31,6.3%,10,2.03,492
CRIANÇA,0 a < 5 anos,2025,NORDESTE,25,PB,250940,MOGEIRO,26,2.81%,63,6.82%,835,90.37%,89,9.63,924,3,0.32%,12,1.3%,800,86.58%,109,11.8%,15,1.62,924
CRIANÇA,0 a < 5 anos,2025,NORDESTE,25,PB,250950,MONTADAS,9,2.49%,24,6.65%,328,90.86%,33,9.14,361,0,-,3,0.83%,321,88.92%,37,10.25%,3,0.83,361
CRIANÇA,0 a < 5 anos,2025,NORDESTE,25,PB,250960,MONTE HOREBE,12,4.32%,25,8.99%,241,86.69%,37,13.31,278,2,0.72%,14,5.04%,246,88.49%,16,5.76%,16,5.76,278
CRIANÇA,0 a < 5 anos,2025,NORDESTE,25,PB,250970,MONTEIRO,119,6.16%,123,6.36%,1691,87.48%,242,12.52,1933,21,1.09%,53,2.74%,1695,87.69%,164,8.48%,74,3.83,1933
CRIANÇA,0 a < 5 anos,2025,NORDESTE,25,PB,250980,MULUNGU,24,4.54%,40,7.56%,465,87.9%,64,12.1,529,1,0.19%,7,1.32%,463,87.52%,58,10.96%,8,1.51,529
CRIANÇA,0 a < 5 anos,2025,NORDESTE,25,PB,250990,NATUBA,9,1.96%,20,4.35%,431,93.7%,29,6.3,460,5,1.09%,11,2.39%,396,86.09%,48,10.43%,16,3.48,460
CRIANÇA,0 a < 5 anos,2025,NORDESTE,25,PB,251000,NAZAREZINHO,22,6.41%,22,6.41%,299,87.17%,44,12.83,343,5,1.46%,5,1.46%,277,80.76%,56,16.33%,10,2.92,343
CRIANÇA,0 a < 5 anos,2025,NORDESTE,25,PB,251010,NOVA FLORESTA,20,4.12%,27,5.57%,438,90.31%,47,9.69,485,7,1.44%,6,1.24%,425,87.63%,47,9.69%,13,2.68,485
CRIANÇA,0 a < 5 anos,2025,NORDESTE,25,PB,251020,NOVA OLINDA,12,3.08%,21,5.38%,357,91.54%,33,8.46,390,3,0.77%,4,1.03%,335,85.9%,48,12.31%,7,1.79,390
CRIANÇA,0 a < 5 anos,2025,NORDESTE,25,PB,251030,NOVA PALMEIRA,2,1.07%,13,6.95%,172,91.98%,15,8.02,187,0,-,4,2.14%,167,89.3%,16,8.56%,4,2.14,187
CRIANÇA,0 a < 5 anos,2025,NORDESTE,25,PB,251040,OLHO D'AGUA,14,3.91%,21,5.87%,323,90.22%,35,9.78,358,2,0.56%,7,1.96%,321,89.66%,28,7.82%,9,2.51,358
CRIANÇA,0 a < 5 anos,2025,NORDESTE,25,PB,251050,OLIVEDOS,13,7.1%,9,4.92%,161,87.98%,22,12.02,183,2,1.09%,6,3.28%,158,86.34%,17,9.29%,8,4.37,183
CRIANÇA,0 a < 5 anos,2025,NORDESTE,25,PB,251060,OURO VELHO,5,2.79%,4,2.23%,170,94.97%,9,5.03,179,0,-,1,0.56%,158,88.27%,20,11.17%,1,0.56,179
CRIANÇA,0 a < 5 anos,2025,NORDESTE,25,PB,251065,PARARI,6,7.06%,14,16.47%,65,76.47%,20,23.53,85,2,2.35%,4,4.71%,75,88.24%,4,4.71%,6,7.06,85
CRIANÇA,0 a < 5 anos,2025,NORDESTE,25,PB,251070,PASSAGEM,6,4.38%,7,5.11%,124,90.51%,13,9.49,137,2,1.46%,4,2.92%,124,90.51%,7,5.11%,6,4.38,137
CRIANÇA,0 a < 5 anos,2025,NORDESTE,25,PB,251080,PATOS,135,2.65%,270,5.3%,4686,92.04%,405,7.96,5091,29,0.57%,110,2.16%,4579,89.94%,373,7.33%,139,2.73,5091
CRIANÇA,0 a < 5 anos,2025,NORDESTE,25,PB,251090,PAULISTA,20,3.34%,30,5.01%,549,91.65%,50,8.35,599,2,0.33%,10,1.67%,537,89.65%,50,8.35%,12,2.0,599
CRIANÇA,0 a < 5 anos,2025,NORDESTE,25,PB,251100,PEDRA BRANCA,21,11.41%,12,6.52%,151,82.07%,33,17.93,184,7,3.8%,11,5.98%,150,81.52%,16,8.7%,18,9.78,184
CRIANÇA,0 a < 5 anos,2025,NORDESTE,25,PB,251110,PEDRA LAVRADA,1,0.29%,7,2.06%,331,97.64%,8,2.36,339,2,0.59%,3,0.88%,303,89.38%,31,9.14%,5,1.47,339
CRIANÇA,0 a < 5 anos,2025,NORDESTE,25,PB,251120,PEDRAS DE FOGO,39,2.51%,88,5.67%,1426,91.82%,127,8.18,1553,10,0.64%,26,1.67%,1346,86.67%,171,11.01%,36,2.32,1553
CRIANÇA,0 a < 5 anos,2025,NORDESTE,25,PB,251130,PIANCO,16,2.25%,51,7.16%,645,90.59%,67,9.41,712,8,1.12%,11,1.54%,645,90.59%,48,6.74%,19,2.67,712
CRIANÇA,0 a < 5 anos,2025,NORDESTE,25,PB,251140,PICUI,13,1.12%,54,4.64%,1098,94.25%,67,5.75,1165,2,0.17%,17,1.46%,1057,90.73%,89,7.64%,19,1.63,1165
CRIANÇA,0 a < 5 anos,2025,NORDESTE,25,PB,251150,PILAR,37,4.43%,51,6.11%,747,89.46%,88,10.54,835,6,0.72%,26,3.11%,711,85.15%,92,11.02%,32,3.83,835
CRIANÇA,0 a < 5 anos,2025,NORDESTE,25,PB,251160,PILOES,29,6.22%,31,6.65%,406,87.12%,60,12.88,466,2,0.43%,9,1.93%,411,88.2%,44,9.44%,11,2.36,466
CRIANÇA,0 a < 5 anos,2025,NORDESTE,25,PB,251170,PILOEZINHOS,13,3.34%,36,9.25%,340,87.4%,49,12.6,389,1,0.26%,6,1.54%,341,87.66%,41,10.54%,7,1.8,389
CRIANÇA,0 a < 5 anos,2025,NORDESTE,25,PB,251180,PIRPIRITUBA,27,5.68%,26,5.47%,422,88.84%,53,11.16,475,4,0.84%,5,1.05%,433,91.16%,33,6.95%,9,1.89,475
CRIANÇA,0 a < 5 anos,2025,NORDESTE,25,PB,251190,PITIMBU,47,5.14%,61,6.67%,806,88.18%,108,11.82,914,1,0.11%,18,1.97%,753,82.39%,142,15.54%,19,2.08,914
CRIANÇA,0 a < 5 anos,2025,NORDESTE,25,PB,251200,POCINHOS,54,4.83%,85,7.6%,979,87.57%,139,12.43,1118,8,0.72%,25,2.24%,978,87.48%,107,9.57%,33,2.95,1118
CRIANÇA,0 a < 5 anos,2025,NORDESTE,25,PB,251203,POCO DANTAS,7,3.08%,9,3.96%,211,92.95%,16,7.05,227,2,0.88%,4,1.76%,197,86.78%,24,10.57%,6,2.64,227
CRIANÇA,0 a < 5 anos,2025,NORDESTE,25,PB,251207,POCO DE JOSE DE MOURA,13,6.53%,8,4.02%,178,89.45%,21,10.55,199,0,-,4,2.01%,178,89.45%,17,8.54%,4,2.01,199
CRIANÇA,0 a < 5 anos,2025,NORDESTE,25,PB,251210,POMBAL,42,2.98%,68,4.82%,1301,92.2%,110,7.8,1411,6,0.43%,34,2.41%,1266,89.72%,105,7.44%,40,2.83,1411
CRIANÇA,0 a < 5 anos,2025,NORDESTE,25,PB,251220,PRATA,38,16.52%,17,7.39%,175,76.09%,55,23.91,230,11,4.78%,10,4.35%,187,81.3%,22,9.57%,21,9.13,230
CRIANÇA,0 a < 5 anos,2025,NORDESTE,25,PB,251230,PRINCESA ISABEL,36,3.39%,63,5.93%,964,90.69%,99,9.31,1063,5,0.47%,16,1.51%,957,90.03%,85,8%,21,1.98,1063
CRIANÇA,0 a < 5 anos,2025,NORDESTE,25,PB,251240,PUXINANA,29,3.09%,55,5.86%,854,91.04%,84,8.96,938,4,0.43%,17,1.81%,836,89.13%,81,8.64%,21,2.24,938
CRIANÇA,0 a < 5 anos,2025,NORDESTE,25,PB,251250,QUEIMADAS,584,19.62%,288,9.67%,2105,70.71%,872,29.29,2977,256,8.6%,179,6.01%,2348,78.87%,194,6.52%,435,14.61,2977
CRIANÇA,0 a < 5 anos,2025,NORDESTE,25,PB,251260,QUIXABA,3,3.06%,3,3.06%,92,93.88%,6,6.12,98,2,2.04%,0,-,91,92.86%,5,5.1%,2,2.04,98
CRIANÇA,0 a < 5 anos,2025,NORDESTE,25,PB,251270,REMIGIO,60,6.82%,86,9.77%,734,83.41%,146,16.59,880,6,0.68%,23,2.61%,790,89.77%,61,6.93%,29,3.3,880
CRIANÇA,0 a < 5 anos,2025,NORDESTE,25,PB,251272,PEDRO REGIS,11,3.48%,26,8.23%,279,88.29%,37,11.71,316,1,0.32%,8,2.53%,276,87.34%,31,9.81%,9,2.85,316
CRIANÇA,0 a < 5 anos,2025,NORDESTE,25,PB,251274,RIACHAO,4,2.12%,11,5.82%,174,92.06%,15,7.94,189,1,0.53%,2,1.06%,173,91.53%,13,6.88%,3,1.59,189
CRIANÇA,0 a < 5 anos,2025,NORDESTE,25,PB,251275,RIACHAO DO BACAMARTE,12,3.9%,13,4.22%,283,91.88%,25,8.12,308,0,-,1,0.32%,279,90.58%,28,9.09%,1,0.32,308
CRIANÇA,0 a < 5 anos,2025,NORDESTE,25,PB,251276,RIACHAO DO POCO,21,6.62%,16,5.05%,280,88.33%,37,11.67,317,3,0.95%,3,0.95%,279,88.01%,32,10.09%,6,1.89,317
CRIANÇA,0 a < 5 anos,2025,NORDESTE,25,PB,251278,RIACHO DE SANTO ANTONIO,39,25.66%,14,9.21%,99,65.13%,53,34.87,152,5,3.29%,3,1.97%,125,82.24%,19,12.5%,8,5.26,152
CRIANÇA,0 a < 5 anos,2025,NORDESTE,25,PB,251280,RIACHO DOS CAVALOS,9,2.05%,32,7.27%,399,90.68%,41,9.32,440,4,0.91%,10,2.27%,394,89.55%,32,7.27%,14,3.18,440
CRIANÇA,0 a < 5 anos,2025,NORDESTE,25,PB,251290,RIO TINTO,141,7.99%,125,7.09%,1498,84.92%,266,15.08,1764,14,0.79%,59,3.34%,1526,86.51%,165,9.35%,73,4.14,1764
CRIANÇA,0 a < 5 anos,2025,NORDESTE,25,PB,251300,SALGADINHO,1,0.56%,9,5%,170,94.44%,10,5.56,180,0,-,7,3.89%,153,85%,20,11.11%,7,3.89,180
CRIANÇA,0 a < 5 anos,2025,NORDESTE,25,PB,251310,SALGADO DE SAO FELIX,29,4.19%,58,8.38%,605,87.43%,87,12.57,692,6,0.87%,13,1.88%,599,86.56%,74,10.69%,19,2.75,692
CRIANÇA,0 a < 5 anos,2025,NORDESTE,25,PB,251315,SANTA CECILIA,14,2.96%,36,7.61%,423,89.43%,50,10.57,473,6,1.27%,4,0.85%,424,89.64%,39,8.25%,10,2.11,473
CRIANÇA,0 a < 5 anos,2025,NORDESTE,25,PB,251320,SANTA CRUZ,4,1.4%,9,3.16%,272,95.44%,13,4.56,285,2,0.7%,6,2.11%,258,90.53%,19,6.67%,8,2.81,285
CRIANÇA,0 a < 5 anos,2025,NORDESTE,25,PB,251330,SANTA HELENA,9,3.21%,15,5.36%,256,91.43%,24,8.57,280,1,0.36%,6,2.14%,248,88.57%,25,8.93%,7,2.5,280
CRIANÇA,0 a < 5 anos,2025,NORDESTE,25,PB,251335,SANTA INES,10,4.31%,19,8.19%,203,87.5%,29,12.5,232,1,0.43%,6,2.59%,209,90.09%,16,6.9%,7,3.02,232
CRIANÇA,0 a < 5 anos,2025,NORDESTE,25,PB,251340,SANTA LUZIA,10,1.15%,34,3.9%,827,94.95%,44,5.05,871,3,0.34%,15,1.72%,769,88.29%,84,9.64%,18,2.07,871
CRIANÇA,0 a < 5 anos,2025,NORDESTE,25,PB,251350,SANTANA DE MANGUEIRA,15,4.9%,17,5.56%,274,89.54%,32,10.46,306,3,0.98%,7,2.29%,276,90.2%,20,6.54%,10,3.27,306
CRIANÇA,0 a < 5 anos,2025,NORDESTE,25,PB,251360,SANTANA DOS GARROTES,10,3.28%,15,4.92%,280,91.8%,25,8.2,305,0,-,6,1.97%,273,89.51%,26,8.52%,6,1.97,305
CRIANÇA,0 a < 5 anos,2025,NORDESTE,25,PB,251365,JOCA CLAUDINO,5,4.46%,8,7.14%,99,88.39%,13,11.61,112,3,2.68%,2,1.79%,100,89.29%,7,6.25%,5,4.46,112
CRIANÇA,0 a < 5 anos,2025,NORDESTE,25,PB,251370,SANTA RITA,325,5.96%,413,7.57%,4718,86.47%,738,13.53,5456,44,0.81%,171,3.13%,4671,85.61%,570,10.45%,215,3.94,5456
CRIANÇA,0 a < 5 anos,2025,NORDESTE,25,PB,251380,SANTA TERESINHA,3,1.42%,8,3.77%,201,94.81%,11,5.19,212,1,0.47%,2,0.94%,191,90.09%,18,8.49%,3,1.42,212
CRIANÇA,0 a < 5 anos,2025,NORDESTE,25,PB,251385,SANTO ANDRE,5,3.82%,5,3.82%,121,92.37%,10,7.63,131,1,0.76%,2,1.53%,108,82.44%,20,15.27%,3,2.29,131
CRIANÇA,0 a < 5 anos,2025,NORDESTE,25,PB,251390,SAO BENTO,38,2.66%,82,5.73%,1310,91.61%,120,8.39,1430,10,0.7%,15,1.05%,1299,90.84%,106,7.41%,25,1.75,1430
CRIANÇA,0 a < 5 anos,2025,NORDESTE,25,PB,251392,SAO BENTINHO,2,0.81%,13,5.26%,232,93.93%,15,6.07,247,2,0.81%,5,2.02%,218,88.26%,22,8.91%,7,2.83,247
CRIANÇA,0 a < 5 anos,2025,NORDESTE,25,PB,251394,SAO DOMINGOS DO CARIRI,2,1.41%,6,4.23%,134,94.37%,8,5.63,142,2,1.41%,0,-,136,95.77%,4,2.82%,2,1.41,142
CRIANÇA,0 a < 5 anos,2025,NORDESTE,25,PB,251396,SAO DOMINGOS,3,2.22%,4,2.96%,128,94.81%,7,5.19,135,1,0.74%,1,0.74%,127,94.07%,6,4.44%,2,1.48,135
CRIANÇA,0 a < 5 anos,2025,NORDESTE,25,PB,251398,SAO FRANCISCO,7,3.74%,7,3.74%,173,92.51%,14,7.49,187,2,1.07%,5,2.67%,155,82.89%,25,13.37%,7,3.74,187
CRIANÇA,0 a < 5 anos,2025,NORDESTE,25,PB,251400,SAO JOAO DO CARIRI,11,4.82%,17,7.46%,200,87.72%,28,12.28,228,1,0.44%,6,2.63%,196,85.96%,25,10.96%,7,3.07,228
CRIANÇA,0 a < 5 anos,2025,NORDESTE,25,PB,251410,SAO JOAO DO TIGRE,33,15.14%,13,5.96%,172,78.9%,46,21.1,218,11,5.05%,13,5.96%,181,83.03%,13,5.96%,24,11.01,218
CRIANÇA,0 a < 5 anos,2025,NORDESTE,25,PB,251420,SAO JOSE DA LAGOA TAPADA,17,4.44%,26,6.79%,340,88.77%,43,11.23,383,3,0.78%,8,2.09%,345,90.08%,27,7.05%,11,2.87,383
CRIANÇA,0 a < 5 anos,2025,NORDESTE,25,PB,251430,SAO JOSE DE CAIANA,20,5.46%,26,7.1%,320,87.43%,46,12.57,366,1,0.27%,9,2.46%,331,90.44%,25,6.83%,10,2.73,366
CRIANÇA,0 a < 5 anos,2025,NORDESTE,25,PB,251440,SAO JOSE DE ESPINHARAS,12,5.06%,15,6.33%,210,88.61%,27,11.39,237,0,-,6,2.53%,210,88.61%,21,8.86%,6,2.53,237
CRIANÇA,0 a < 5 anos,2025,NORDESTE,25,PB,251445,SAO JOSE DOS RAMOS,19,4.82%,25,6.35%,350,88.83%,44,11.17,394,2,0.51%,8,2.03%,329,83.5%,55,13.96%,10,2.54,394
CRIANÇA,0 a < 5 anos,2025,NORDESTE,25,PB,251450,SAO JOSE DE PIRANHAS,39,4.38%,66,7.41%,786,88.22%,105,11.78,891,4,0.45%,28,3.14%,807,90.57%,52,5.84%,32,3.59,891
CRIANÇA,0 a < 5 anos,2025,NORDESTE,25,PB,251455,SAO JOSE DE PRINCESA,6,2.76%,16,7.37%,195,89.86%,22,10.14,217,1,0.46%,5,2.3%,201,92.63%,10,4.61%,6,2.76,217
CRIANÇA,0 a < 5 anos,2025,NORDESTE,25,PB,251460,SAO JOSE DO BONFIM,2,0.93%,4,1.85%,210,97.22%,6,2.78,216,2,0.93%,2,0.93%,191,88.43%,21,9.72%,4,1.85,216
CRIANÇA,0 a < 5 anos,2025,NORDESTE,25,PB,251465,SAO JOSE DO BREJO DO CRUZ,1,1.09%,5,5.43%,86,93.48%,6,6.52,92,0,-,2,2.17%,79,85.87%,11,11.96%,2,2.17,92
CRIANÇA,0 a < 5 anos,2025,NORDESTE,25,PB,251470,SAO JOSE DO SABUGI,12,5.31%,9,3.98%,205,90.71%,21,9.29,226,1,0.44%,0,-,195,86.28%,30,13.27%,1,0.44,226
CRIANÇA,0 a < 5 anos,2025,NORDESTE,25,PB,251480,SAO JOSE DOS CORDEIROS,22,11.34%,18,9.28%,154,79.38%,40,20.62,194,7,3.61%,9,4.64%,157,80.93%,21,10.82%,16,8.25,194
CRIANÇA,0 a < 5 anos,2025,NORDESTE,25,PB,251490,SAO MAMEDE,8,2.06%,20,5.14%,361,92.8%,28,7.2,389,3,0.77%,9,2.31%,340,87.4%,37,9.51%,12,3.08,389
CRIANÇA,0 a < 5 anos,2025,NORDESTE,25,PB,251500,SAO MIGUEL DE TAIPU,8,1.47%,31,5.69%,506,92.84%,39,7.16,545,2,0.37%,9,1.65%,469,86.06%,65,11.93%,11,2.02,545
CRIANÇA,0 a < 5 anos,2025,NORDESTE,25,PB,251510,SAO SEBASTIAO DE LAGOA DE ROCA,17,3.31%,25,4.86%,472,91.83%,42,8.17,514,1,0.19%,10,1.95%,453,88.13%,50,9.73%,11,2.14,514
CRIANÇA,0 a < 5 anos,2025,NORDESTE,25,PB,251520,SAO SEBASTIAO DO UMBUZEIRO,9,4.29%,17,8.1%,184,87.62%,26,12.38,210,3,1.43%,6,2.86%,184,87.62%,17,8.1%,9,4.29,210
CRIANÇA,0 a < 5 anos,2025,NORDESTE,25,PB,251530,SAPE,145,5.89%,178,7.23%,2138,86.88%,323,13.12,2461,20,0.81%,49,1.99%,2117,86.02%,275,11.17%,69,2.8,2461
CRIANÇA,0 a < 5 anos,2025,NORDESTE,25,PB,251540,SAO VICENTE DO SERIDO,28,3.9%,44,6.13%,646,89.97%,72,10.03,718,1,0.14%,13,1.81%,632,88.02%,72,10.03%,14,1.95,718
CRIANÇA,0 a < 5 anos,2025,NORDESTE,25,PB,251550,SERRA BRANCA,21,3.83%,31,5.65%,497,90.53%,52,9.47,549,6,1.09%,7,1.28%,484,88.16%,52,9.47%,13,2.37,549
CRIANÇA,0 a < 5 anos,2025,NORDESTE,25,PB,251560,SERRA DA RAIZ,4,2.58%,11,7.1%,140,90.32%,15,9.68,155,1,0.65%,5,3.23%,135,87.1%,14,9.03%,6,3.87,155
CRIANÇA,0 a < 5 anos,2025,NORDESTE,25,PB,251570,SERRA GRANDE,11,6.18%,7,3.93%,160,89.89%,18,10.11,178,1,0.56%,2,1.12%,160,89.89%,15,8.43%,3,1.69,178
CRIANÇA,0 a < 5 anos,2025,NORDESTE,25,PB,251580,SERRA REDONDA,13,3.31%,17,4.33%,363,92.37%,30,7.63,393,4,1.02%,6,1.53%,341,86.77%,42,10.69%,10,2.54,393
CRIANÇA,0 a < 5 anos,2025,NORDESTE,25,PB,251590,SERRARIA,34,9.97%,27,7.92%,280,82.11%,61,17.89,341,4,1.17%,11,3.23%,304,89.15%,22,6.45%,15,4.4,341
CRIANÇA,0 a < 5 anos,2025,NORDESTE,25,PB,251593,SERTAOZINHO,4,1.37%,23,7.85%,266,90.78%,27,9.22,293,2,0.68%,4,1.37%,267,91.13%,20,6.83%,6,2.05,293
CRIANÇA,0 a < 5 anos,2025,NORDESTE,25,PB,251597,SOBRADO,21,3.59%,32,5.47%,532,90.94%,53,9.06,585,0,-,5,0.85%,521,89.06%,59,10.09%,5,0.85,585
CRIANÇA,0 a < 5 anos,2025,NORDESTE,25,PB,251600,SOLANEA,45,3.03%,90,6.05%,1352,90.92%,135,9.08,1487,11,0.74%,33,2.22%,1279,86.01%,164,11.03%,44,2.96,1487
CRIANÇA,0 a < 5 anos,2025,NORDESTE,25,PB,251610,SOLEDADE,24,3%,34,4.25%,742,92.75%,58,7.25,800,1,0.13%,11,1.38%,722,90.25%,66,8.25%,12,1.5,800
CRIANÇA,0 a < 5 anos,2025,NORDESTE,25,PB,251615,SOSSEGO,8,2.93%,10,3.66%,255,93.41%,18,6.59,273,1,0.37%,1,0.37%,251,91.94%,20,7.33%,2,0.73,273
CRIANÇA,0 a < 5 anos,2025,NORDESTE,25,PB,251620,SOUSA,160,4.5%,185,5.21%,3209,90.29%,345,9.71,3554,26,0.73%,99,2.79%,3133,88.15%,296,8.33%,125,3.52,3554
CRIANÇA,0 a < 5 anos,2025,NORDESTE,25,PB,251630,SUME,80,9.23%,50,5.77%,737,85.01%,130,14.99,867,30,3.46%,34,3.92%,746,86.04%,57,6.57%,64,7.38,867
CRIANÇA,0 a < 5 anos,2025,NORDESTE,25,PB,251640,TACIMA,24,4.41%,40,7.35%,480,88.24%,64,11.76,544,1,0.18%,17,3.13%,472,86.76%,54,9.93%,18,3.31,544
CRIANÇA,0 a < 5 anos,2025,NORDESTE,25,PB,251650,TAPEROA,35,4.16%,55,6.53%,752,89.31%,90,10.69,842,11,1.31%,17,2.02%,724,85.99%,90,10.69%,28,3.33,842
CRIANÇA,0 a < 5 anos,2025,NORDESTE,25,PB,251660,TAVARES,15,1.86%,29,3.6%,762,94.54%,44,5.46,806,4,0.5%,13,1.61%,729,90.45%,60,7.44%,17,2.11,806
CRIANÇA,0 a < 5 anos,2025,NORDESTE,25,PB,251670,TEIXEIRA,25,2.34%,68,6.36%,976,91.3%,93,8.7,1069,14,1.31%,28,2.62%,938,87.75%,89,8.33%,42,3.93,1069
CRIANÇA,0 a < 5 anos,2025,NORDESTE,25,PB,251675,TENORIO,3,1.31%,8,3.49%,218,95.2%,11,4.8,229,0,-,2,0.87%,195,85.15%,32,13.97%,2,0.87,229
CRIANÇA,0 a < 5 anos,2025,NORDESTE,25,PB,251680,TRIUNFO,13,3.61%,27,7.5%,320,88.89%,40,11.11,360,2,0.56%,10,2.78%,320,88.89%,28,7.78%,12,3.33,360
CRIANÇA,0 a < 5 anos,2025,NORDESTE,25,PB,251690,UIRAUNA,30,3.87%,57,7.35%,688,88.77%,87,11.23,775,6,0.77%,25,3.23%,674,86.97%,70,9.03%,31,4.0,775
CRIANÇA,0 a < 5 anos,2025,NORDESTE,25,PB,251700,UMBUZEIRO,26,5.02%,38,7.34%,454,87.64%,64,12.36,518,4,0.77%,10,1.93%,449,86.68%,55,10.62%,14,2.7,518
CRIANÇA,0 a < 5 anos,2025,NORDESTE,25,PB,251710,VARZEA,0,-,6,4.65%,123,95.35%,6,4.65,129,0,-,2,1.55%,115,89.15%,12,9.3%,2,1.55,129
CRIANÇA,0 a < 5 anos,2025,NORDESTE,25,PB,251720,VIEIROPOLIS,11,4.78%,8,3.48%,211,91.74%,19,8.26,230,5,2.17%,2,0.87%,203,88.26%,20,8.7%,7,3.04,230
CRIANÇA,0 a < 5 anos,2025,NORDESTE,25,PB,251740,ZABELE,5,4.81%,7,6.73%,92,88.46%,12,11.54,104,2,1.92%,3,2.88%,91,87.5%,8,7.69%,5,4.81,104
CRIANÇA,0 a < 5 anos,2025,NORDESTE,26,PE,260005,ABREU E LIMA,158,4.98%,197,6.21%,2817,88.81%,355,11.19,3172,21,0.66%,58,1.83%,2704,85.25%,389,12.26%,79,2.49,3172
CRIANÇA,0 a < 5 anos,2025,NORDESTE,26,PE,260010,AFOGADOS DA INGAZEIRA,233,9.61%,156,6.43%,2036,83.96%,389,16.04,2425,92,3.79%,94,3.88%,2064,85.11%,175,7.22%,186,7.67,2425
CRIANÇA,0 a < 5 anos,2025,NORDESTE,26,PE,260020,AFRANIO,41,3.84%,49,4.59%,977,91.57%,90,8.43,1067,5,0.47%,26,2.44%,931,87.25%,105,9.84%,31,2.91,1067
CRIANÇA,0 a < 5 anos,2025,NORDESTE,26,PE,260030,AGRESTINA,36,3.06%,74,6.28%,1068,90.66%,110,9.34,1178,3,0.25%,26,2.21%,1056,89.64%,93,7.89%,29,2.46,1178
CRIANÇA,0 a < 5 anos,2025,NORDESTE,26,PE,260040,AGUA PRETA,152,10.18%,87,5.83%,1254,83.99%,239,16.01,1493,32,2.14%,31,2.08%,1185,79.37%,245,16.41%,63,4.22,1493
CRIANÇA,0 a < 5 anos,2025,NORDESTE,26,PE,260050,AGUAS BELAS,192,6.01%,254,7.95%,2750,86.05%,446,13.95,3196,19,0.59%,79,2.47%,2859,89.46%,239,7.48%,98,3.07,3196
CRIANÇA,0 a < 5 anos,2025,NORDESTE,26,PE,260060,ALAGOINHA,27,2.68%,54,5.36%,927,91.96%,81,8.04,1008,10,0.99%,22,2.18%,878,87.1%,98,9.72%,32,3.17,1008
CRIANÇA,0 a < 5 anos,2025,NORDESTE,26,PE,260070,ALIANCA,55,2.35%,96,4.1%,2188,93.54%,151,6.46,2339,17,0.73%,36,1.54%,2069,88.46%,217,9.28%,53,2.27,2339
CRIANÇA,0 a < 5 anos,2025,NORDESTE,26,PE,260080,ALTINHO,18,1.77%,30,2.96%,967,95.27%,48,4.73,1015,2,0.2%,7,0.69%,940,92.61%,66,6.5%,9,0.89,1015
CRIANÇA,0 a < 5 anos,2025,NORDESTE,26,PE,260090,AMARAJI,50,4.46%,73,6.51%,999,89.04%,123,10.96,1122,23,2.05%,30,2.67%,954,85.03%,115,10.25%,53,4.72,1122
CRIANÇA,0 a < 5 anos,2025,NORDESTE,26,PE,260100,ANGELIM,23,3.52%,38,5.81%,593,90.67%,61,9.33,654,6,0.92%,11,1.68%,590,90.21%,47,7.19%,17,2.6,654
CRIANÇA,0 a < 5 anos,2025,NORDESTE,26,PE,260105,ARACOIABA,56,4.32%,71,5.47%,1170,90.21%,127,9.79,1297,12,0.93%,29,2.24%,1102,84.97%,154,11.87%,41,3.16,1297
CRIANÇA,0 a < 5 anos,2025,NORDESTE,26,PE,260110,ARARIPINA,213,3.72%,377,6.58%,5139,89.7%,590,10.3,5729,50,0.87%,147,2.57%,5172,90.28%,360,6.28%,197,3.44,5729
CRIANÇA,0 a < 5 anos,2025,NORDESTE,26,PE,260120,ARCOVERDE,145,3.89%,231,6.19%,3356,89.92%,376,10.08,3732,17,0.46%,88,2.36%,3313,88.77%,314,8.41%,105,2.81,3732
CRIANÇA,0 a < 5 anos,2025,NORDESTE,26,PE,260130,BARRA DE GUABIRABA,47,6.39%,64,8.7%,625,84.92%,111,15.08,736,3,0.41%,23,3.13%,634,86.14%,76,10.33%,26,3.53,736
CRIANÇA,0 a < 5 anos,2025,NORDESTE,26,PE,260140,BARREIROS,173,7.64%,196,8.66%,1894,83.69%,369,16.31,2263,21,0.93%,51,2.25%,1990,87.94%,201,8.88%,72,3.18,2263
CRIANÇA,0 a < 5 anos,2025,NORDESTE,26,PE,260150,BELEM DE MARIA,27,5.37%,25,4.97%,451,89.66%,52,10.34,503,1,0.2%,9,1.79%,414,82.31%,79,15.71%,10,1.99,503
CRIANÇA,0 a < 5 anos,2025,NORDESTE,26,PE,260160,BELEM DO SAO FRANCISCO,50,4.39%,77,6.77%,1011,88.84%,127,11.16,1138,10,0.88%,28,2.46%,1008,88.58%,92,8.08%,38,3.34,1138
CRIANÇA,0 a < 5 anos,2025,NORDESTE,26,PE,260170,BELO JARDIM,80,1.86%,230,5.33%,4002,92.81%,310,7.19,4312,9,0.21%,71,1.65%,3905,90.56%,327,7.58%,80,1.86,4312
CRIANÇA,0 a < 5 anos,2025,NORDESTE,26,PE,260180,BETANIA,32,4.83%,37,5.59%,593,89.58%,69,10.42,662,5,0.76%,10,1.51%,555,83.84%,92,13.9%,15,2.27,662
CRIANÇA,0 a < 5 anos,2025,NORDESTE,26,PE,260190,BEZERROS,129,4.52%,208,7.29%,2518,88.2%,337,11.8,2855,25,0.88%,67,2.35%,2477,86.76%,286,10.02%,92,3.22,2855
CRIANÇA,0 a < 5 anos,2025,NORDESTE,26,PE,260200,BODOCO,97,4.31%,133,5.91%,2019,89.77%,230,10.23,2249,12,0.53%,51,2.27%,2023,89.91%,164,7.29%,63,2.8,2250
CRIANÇA,0 a < 5 anos,2025,NORDESTE,26,PE,260210,BOM CONSELHO,153,5.73%,206,7.71%,2312,86.56%,359,13.44,2671,24,0.9%,71,2.66%,2381,89.14%,195,7.3%,95,3.56,2671
CRIANÇA,0 a < 5 anos,2025,NORDESTE,26,PE,260220,BOM JARDIM,59,3.18%,116,6.26%,1678,90.56%,175,9.44,1853,11,0.59%,40,2.16%,1576,85.05%,226,12.2%,51,2.75,1853
CRIANÇA,0 a < 5 anos,2025,NORDESTE,26,PE,260230,BONITO,173,6.87%,208,8.26%,2138,84.87%,381,15.13,2519,10,0.4%,67,2.66%,2251,89.36%,191,7.58%,77,3.06,2519
CRIANÇA,0 a < 5 anos,2025,NORDESTE,26,PE,260240,BREJAO,55,6.51%,58,6.86%,732,86.63%,113,13.37,845,6,0.71%,20,2.37%,744,88.05%,75,8.88%,26,3.08,845
CRIANÇA,0 a < 5 anos,2025,NORDESTE,26,PE,260250,BREJINHO,13,2.82%,22,4.77%,426,92.41%,35,7.59,461,3,0.65%,6,1.3%,410,88.94%,42,9.11%,9,1.95,461
CRIANÇA,0 a < 5 anos,2025,NORDESTE,26,PE,260260,BREJO DA MADRE DE DEUS,120,4.47%,138,5.14%,2428,90.39%,258,9.61,2686,15,0.56%,51,1.9%,2354,87.64%,266,9.9%,66,2.46,2686
CRIANÇA,0 a < 5 anos,2025,NORDESTE,26,PE,260270,BUENOS AIRES,21,2.93%,24,3.35%,672,93.72%,45,6.28,717,2,0.28%,12,1.67%,658,91.77%,45,6.28%,14,1.95,717
CRIANÇA,0 a < 5 anos,2025,NORDESTE,26,PE,260280,BUIQUE,174,4.8%,254,7%,3200,88.2%,428,11.8,3628,23,0.63%,83,2.29%,3224,88.86%,298,8.21%,106,2.92,3628
CRIANÇA,0 a < 5 anos,2025,NORDESTE,26,PE,260290,CABO DE SANTO AGOSTINHO,1185,17.12%,665,9.61%,5071,73.27%,1850,26.73,6921,435,6.28%,383,5.53%,5557,80.26%,549,7.93%,818,11.81,6924
CRIANÇA,0 a < 5 anos,2025,NORDESTE,26,PE,260300,CABROBO,73,4.22%,95,5.49%,1563,90.29%,168,9.71,1731,14,0.81%,38,2.2%,1421,82.09%,258,14.9%,52,3.0,1731
CRIANÇA,0 a < 5 anos,2025,NORDESTE,26,PE,260310,CACHOEIRINHA,45,3.47%,81,6.25%,1171,90.29%,126,9.71,1297,9,0.69%,21,1.62%,1139,87.82%,128,9.87%,30,2.31,1297
CRIANÇA,0 a < 5 anos,2025,NORDESTE,26,PE,260320,CAETES,175,8.7%,211,10.49%,1626,80.82%,386,19.18,2012,29,1.44%,71,3.53%,1794,89.17%,118,5.86%,100,4.97,2012
CRIANÇA,0 a < 5 anos,2025,NORDESTE,26,PE,260330,CALCADO,26,4.86%,44,8.22%,465,86.92%,70,13.08,535,7,1.31%,10,1.87%,485,90.65%,33,6.17%,17,3.18,535
CRIANÇA,0 a < 5 anos,2025,NORDESTE,26,PE,260340,CALUMBI,16,4.19%,28,7.33%,338,88.48%,44,11.52,382,3,0.79%,10,2.62%,327,85.6%,42,10.99%,13,3.4,382
CRIANÇA,0 a < 5 anos,2025,NORDESTE,26,PE,260345,CAMARAGIBE,207,3.96%,342,6.54%,4683,89.51%,549,10.49,5232,25,0.48%,97,1.85%,4558,87.12%,552,10.55%,122,2.33,5232
CRIANÇA,0 a < 5 anos,2025,NORDESTE,26,PE,260350,CAMOCIM DE SAO FELIX,30,3.52%,60,7.03%,763,89.45%,90,10.55,853,4,0.47%,14,1.64%,748,87.69%,87,10.2%,18,2.11,853
CRIANÇA,0 a < 5 anos,2025,NORDESTE,26,PE,260360,CAMUTANGA,14,2.97%,35,7.43%,422,89.6%,49,10.4,471,2,0.42%,4,0.85%,416,88.32%,49,10.4%,6,1.27,471
CRIANÇA,0 a < 5 anos,2025,NORDESTE,26,PE,260370,CANHOTINHO,102,7.08%,121,8.4%,1218,84.52%,223,15.48,1441,49,3.4%,71,4.93%,1093,75.85%,228,15.82%,120,8.33,1441
CRIANÇA,0 a < 5 anos,2025,NORDESTE,26,PE,260380,CAPOEIRAS,57,4.5%,74,5.85%,1135,89.65%,131,10.35,1266,5,0.39%,27,2.13%,1145,90.44%,89,7.03%,32,2.53,1266
CRIANÇA,0 a < 5 anos,2025,NORDESTE,26,PE,260390,CARNAIBA,56,4.9%,52,4.55%,1035,90.55%,108,9.45,1143,15,1.31%,18,1.57%,1000,87.49%,110,9.62%,33,2.89,1143
CRIANÇA,0 a < 5 anos,2025,NORDESTE,26,PE,260392,CARNAUBEIRA DA PENHA,40,4.8%,77,9.24%,716,85.95%,117,14.05,833,13,1.56%,37,4.44%,730,87.64%,53,6.36%,50,6.0,833
CRIANÇA,0 a < 5 anos,2025,NORDESTE,26,PE,260400,CARPINA,134,4.15%,160,4.96%,2933,90.89%,294,9.11,3227,26,0.81%,58,1.8%,2773,85.93%,370,11.47%,84,2.6,3227
CRIANÇA,0 a < 5 anos,2025,NORDESTE,26,PE,260410,CARUARU,1011,5.91%,1567,9.17%,14516,84.92%,2578,15.08,17094,129,0.75%,439,2.57%,15225,89.07%,1301,7.61%,568,3.32,17094
CRIANÇA,0 a < 5 anos,2025,NORDESTE,26,PE,260415,CASINHAS,31,3.51%,45,5.09%,808,91.4%,76,8.6,884,4,0.45%,18,2.04%,765,86.54%,97,10.97%,22,2.49,884
CRIANÇA,0 a < 5 anos,2025,NORDESTE,26,PE,260420,CATENDE,123,5.86%,96,4.58%,1879,89.56%,219,10.44,2098,15,0.71%,52,2.48%,1584,75.5%,447,21.31%,67,3.19,2098
CRIANÇA,0 a < 5 anos,2025,NORDESTE,26,PE,260430,CEDRO,16,2.58%,40,6.44%,565,90.98%,56,9.02,621,1,0.16%,12,1.93%,570,91.79%,38,6.12%,13,2.09,621
CRIANÇA,0 a < 5 anos,2025,NORDESTE,26,PE,260440,CHA DE ALEGRIA,32,4.92%,62,9.52%,557,85.56%,94,14.44,651,0,-,11,1.69%,565,86.79%,75,11.52%,11,1.69,651
CRIANÇA,0 a < 5 anos,2025,NORDESTE,26,PE,260450,CHA GRANDE,55,5.05%,80,7.35%,954,87.6%,135,12.4,1089,5,0.46%,27,2.48%,957,87.88%,100,9.18%,32,2.94,1089
CRIANÇA,0 a < 5 anos,2025,NORDESTE,26,PE,260460,CONDADO,53,4.18%,78,6.15%,1137,89.67%,131,10.33,1268,13,1.03%,29,2.29%,1092,86.12%,134,10.57%,42,3.31,1268
CRIANÇA,0 a < 5 anos,2025,NORDESTE,26,PE,260470,CORRENTES,76,7.94%,82,8.57%,799,83.49%,158,16.51,957,16,1.67%,31,3.24%,797,83.28%,113,11.81%,47,4.91,957
CRIANÇA,0 a < 5 anos,2025,NORDESTE,26,PE,260480,CORTES,48,10.46%,41,8.93%,370,80.61%,89,19.39,459,2,0.44%,11,2.4%,391,85.37%,54,11.79%,13,2.84,458
CRIANÇA,0 a < 5 anos,2025,NORDESTE,26,PE,260490,CUMARU,36,4.8%,38,5.07%,676,90.13%,74,9.87,750,7,0.93%,12,1.6%,651,86.8%,80,10.67%,19,2.53,750
CRIANÇA,0 a < 5 anos,2025,NORDESTE,26,PE,260500,CUPIRA,36,2.4%,79,5.26%,1387,92.34%,115,7.66,1502,10,0.67%,20,1.33%,1329,88.48%,143,9.52%,30,2.0,1502
CRIANÇA,0 a < 5 anos,2025,NORDESTE,26,PE,260510,CUSTODIA,95,4.64%,101,4.93%,1852,90.43%,196,9.57,2048,21,1.03%,46,2.25%,1776,86.72%,205,10.01%,67,3.27,2048
CRIANÇA,0 a < 5 anos,2025,NORDESTE,26,PE,260515,DORMENTES,29,2.85%,41,4.04%,946,93.11%,70,6.89,1016,5,0.49%,20,1.97%,916,90.16%,75,7.38%,25,2.46,1016
CRIANÇA,0 a < 5 anos,2025,NORDESTE,26,PE,260520,ESCADA,460,16.09%,263,9.2%,2136,74.71%,723,25.29,2859,165,5.77%,167,5.84%,2223,77.73%,305,10.66%,332,11.61,2860
CRIANÇA,0 a < 5 anos,2025,NORDESTE,26,PE,260530,EXU,129,6.15%,163,7.77%,1807,86.09%,292,13.91,2099,15,0.71%,57,2.71%,1869,89%,159,7.57%,72,3.43,2100
CRIANÇA,0 a < 5 anos,2025,NORDESTE,26,PE,260540,FEIRA NOVA,32,2.38%,52,3.87%,1260,93.75%,84,6.25,1344,10,0.74%,22,1.64%,1046,77.83%,266,19.79%,32,2.38,1344
CRIANÇA,0 a < 5 anos,2025,NORDESTE,26,PE,260545,FERNANDO DE NORONHA,0,-,2,1.12%,177,98.88%,2,1.12,179,0,-,2,1.12%,162,90.5%,15,8.38%,2,1.12,179
CRIANÇA,0 a < 5 anos,2025,NORDESTE,26,PE,260550,FERREIROS,16,2.5%,29,4.54%,594,92.96%,45,7.04,639,9,1.41%,10,1.56%,561,87.79%,59,9.23%,19,2.97,639
CRIANÇA,0 a < 5 anos,2025,NORDESTE,26,PE,260560,FLORES,35,3.07%,53,4.65%,1053,92.29%,88,7.71,1141,5,0.44%,19,1.67%,992,86.94%,125,10.96%,24,2.1,1141
CRIANÇA,0 a < 5 anos,2025,NORDESTE,26,PE,260570,FLORESTA,61,3.21%,89,4.69%,1749,92.1%,150,7.9,1899,12,0.63%,40,2.11%,1701,89.53%,147,7.74%,52,2.74,1900
CRIANÇA,0 a < 5 anos,2025,NORDESTE,26,PE,260580,FREI MIGUELINHO,18,2.69%,21,3.13%,631,94.18%,39,5.82,670,5,0.75%,9,1.34%,545,81.34%,111,16.57%,14,2.09,670
CRIANÇA,0 a < 5 anos,2025,NORDESTE,26,PE,260590,GAMELEIRA,75,5.93%,101,7.98%,1089,86.09%,176,13.91,1265,16,1.26%,33,2.61%,1077,85.14%,139,10.99%,49,3.87,1265
CRIANÇA,0 a < 5 anos,2025,NORDESTE,26,PE,260600,GARANHUNS,429,6.02%,606,8.51%,6087,85.47%,1035,14.53,7122,61,0.86%,166,2.33%,6350,89.16%,545,7.65%,227,3.19,7122
CRIANÇA,0 a < 5 anos,2025,NORDESTE,26,PE,260610,GLORIA DO GOITA,51,3.2%,79,4.96%,1462,91.83%,130,8.17,1592,7,0.44%,17,1.07%,1422,89.32%,146,9.17%,24,1.51,1592
CRIANÇA,0 a < 5 anos,2025,NORDESTE,26,PE,260620,GOIANA,165,4.03%,236,5.76%,3694,90.21%,401,9.79,4095,15,0.37%,63,1.54%,3585,87.55%,432,10.55%,78,1.9,4095
CRIANÇA,0 a < 5 anos,2025,NORDESTE,26,PE,260630,GRANITO,15,3.42%,29,6.61%,395,89.98%,44,10.02,439,2,0.46%,9,2.05%,376,85.65%,52,11.85%,11,2.51,439
CRIANÇA,0 a < 5 anos,2025,NORDESTE,26,PE,260640,GRAVATA,182,5.01%,311,8.56%,3139,86.43%,493,13.57,3632,22,0.61%,55,1.51%,3249,89.45%,306,8.43%,77,2.12,3632
CRIANÇA,0 a < 5 anos,2025,NORDESTE,26,PE,260650,IATI,49,3.81%,81,6.3%,1156,89.89%,130,10.11,1286,6,0.47%,32,2.49%,1162,90.36%,86,6.69%,38,2.95,1286
CRIANÇA,0 a < 5 anos,2025,NORDESTE,26,PE,260660,IBIMIRIM,55,3.72%,107,7.24%,1315,89.03%,162,10.97,1477,6,0.41%,33,2.23%,1330,90.05%,108,7.31%,39,2.64,1477
CRIANÇA,0 a < 5 anos,2025,NORDESTE,26,PE,260670,IBIRAJUBA,19,4.21%,25,5.54%,407,90.24%,44,9.76,451,6,1.33%,9,2%,398,88.25%,38,8.43%,15,3.33,451
CRIANÇA,0 a < 5 anos,2025,NORDESTE,26,PE,260680,IGARASSU,230,5.69%,273,6.76%,3538,87.55%,503,12.45,4041,27,0.67%,79,1.95%,3429,84.86%,506,12.52%,106,2.62,4041
CRIANÇA,0 a < 5 anos,2025,NORDESTE,26,PE,260690,IGUARACY,13,2.61%,31,6.21%,455,91.18%,44,8.82,499,6,1.2%,16,3.21%,429,85.97%,48,9.62%,22,4.41,499
CRIANÇA,0 a < 5 anos,2025,NORDESTE,26,PE,260700,INAJA,130,7.34%,216,12.19%,1426,80.47%,346,19.53,1772,22,1.24%,36,2.03%,1586,89.5%,128,7.22%,58,3.27,1772
CRIANÇA,0 a < 5 anos,2025,NORDESTE,26,PE,260710,INGAZEIRA,8,2.52%,12,3.77%,298,93.71%,20,6.29,318,2,0.63%,6,1.89%,266,83.65%,44,13.84%,8,2.52,318
CRIANÇA,0 a < 5 anos,2025,NORDESTE,26,PE,260720,IPOJUCA,1057,19.81%,439,8.23%,3841,71.97%,1496,28.03,5337,502,9.41%,293,5.49%,4017,75.27%,525,9.84%,795,14.9,5337
CRIANÇA,0 a < 5 anos,2025,NORDESTE,26,PE,260730,IPUBI,321,12.25%,187,7.13%,2113,80.62%,508,19.38,2621,95,3.63%,115,4.39%,2210,84.35%,200,7.63%,210,8.02,2620
CRIANÇA,0 a < 5 anos,2025,NORDESTE,26,PE,260740,ITACURUBA,16,4.97%,24,7.45%,282,87.58%,40,12.42,322,2,0.62%,9,2.8%,279,86.65%,32,9.94%,11,3.42,322
CRIANÇA,0 a < 5 anos,2025,NORDESTE,26,PE,260750,ITAIBA,91,4.58%,149,7.49%,1749,87.93%,240,12.07,1989,18,0.9%,36,1.81%,1812,91.1%,123,6.18%,54,2.71,1989
CRIANÇA,0 a < 5 anos,2025,NORDESTE,26,PE,260760,ILHA DE ITAMARACA,47,5.35%,70,7.96%,762,86.69%,117,13.31,879,4,0.46%,17,1.93%,761,86.58%,97,11.04%,21,2.39,879
CRIANÇA,0 a < 5 anos,2025,NORDESTE,26,PE,260765,ITAMBE,75,3.93%,116,6.08%,1717,89.99%,191,10.01,1908,11,0.58%,43,2.25%,1660,87%,194,10.17%,54,2.83,1908
CRIANÇA,0 a < 5 anos,2025,NORDESTE,26,PE,260770,ITAPETIM,20,2.72%,28,3.81%,686,93.46%,48,6.54,734,4,0.54%,16,2.18%,648,88.28%,66,8.99%,20,2.72,734
CRIANÇA,0 a < 5 anos,2025,NORDESTE,26,PE,260775,ITAPISSUMA,48,3.83%,107,8.55%,1097,87.62%,155,12.38,1252,6,0.48%,31,2.48%,1107,88.42%,108,8.63%,37,2.96,1252
CRIANÇA,0 a < 5 anos,2025,NORDESTE,26,PE,260780,ITAQUITINGA,16,2.08%,39,5.06%,716,92.87%,55,7.13,771,3,0.39%,3,0.39%,686,88.98%,79,10.25%,6,0.78,771
CRIANÇA,0 a < 5 anos,2025,NORDESTE,26,PE,260790,JABOATAO DOS GUARARAPES,1014,6.22%,1202,7.38%,14078,86.4%,2216,13.6,16294,227,1.39%,427,2.62%,14018,86.01%,1626,9.98%,654,4.01,16298
CRIANÇA,0 a < 5 anos,2025,NORDESTE,26,PE,260795,JAQUEIRA,9,1.43%,38,6.02%,584,92.55%,47,7.45,631,4,0.63%,6,0.95%,560,88.75%,61,9.67%,10,1.58,631
CRIANÇA,0 a < 5 anos,2025,NORDESTE,26,PE,260800,JATAUBA,26,2.79%,53,5.68%,854,91.53%,79,8.47,933,4,0.43%,26,2.79%,824,88.32%,79,8.47%,30,3.22,933
CRIANÇA,0 a < 5 anos,2025,NORDESTE,26,PE,260805,JATOBA,21,2.87%,33,4.51%,678,92.62%,54,7.38,732,7,0.96%,18,2.46%,644,87.98%,63,8.61%,25,3.42,732
CRIANÇA,0 a < 5 anos,2025,NORDESTE,26,PE,260810,JOAO ALFREDO,48,3.63%,91,6.88%,1183,89.49%,139,10.51,1322,10,0.76%,29,2.19%,1146,86.69%,137,10.36%,39,2.95,1322
CRIANÇA,0 a < 5 anos,2025,NORDESTE,26,PE,260820,JOAQUIM NABUCO,58,6.72%,63,7.3%,742,85.98%,121,14.02,863,12,1.39%,25,2.9%,717,83.08%,109,12.63%,37,4.29,863
CRIANÇA,0 a < 5 anos,2025,NORDESTE,26,PE,260825,JUCATI,46,5.87%,62,7.91%,676,86.22%,108,13.78,784,20,2.55%,20,2.55%,681,86.86%,63,8.04%,40,5.1,784
CRIANÇA,0 a < 5 anos,2025,NORDESTE,26,PE,260830,JUPI,46,4.34%,81,7.63%,934,88.03%,127,11.97,1061,9,0.85%,21,1.98%,958,90.29%,73,6.88%,30,2.83,1061
CRIANÇA,0 a < 5 anos,2025,NORDESTE,26,PE,260840,JUREMA,35,4%,48,5.49%,791,90.5%,83,9.5,874,7,0.8%,24,2.75%,760,86.96%,83,9.5%,31,3.55,874
CRIANÇA,0 a < 5 anos,2025,NORDESTE,26,PE,260845,LAGOA DO CARRO,35,3.48%,49,4.87%,923,91.66%,84,8.34,1007,6,0.6%,26,2.58%,865,85.81%,111,11.01%,32,3.17,1008
CRIANÇA,0 a < 5 anos,2025,NORDESTE,26,PE,260850,LAGOA DE ITAENGA,77,7.59%,72,7.09%,866,85.32%,149,14.68,1015,7,0.69%,19,1.87%,870,85.71%,119,11.72%,26,2.56,1015
CRIANÇA,0 a < 5 anos,2025,NORDESTE,26,PE,260860,LAGOA DO OURO,13,1.8%,35,4.85%,674,93.35%,48,6.65,722,3,0.42%,13,1.8%,645,89.34%,61,8.45%,16,2.22,722
CRIANÇA,0 a < 5 anos,2025,NORDESTE,26,PE,260870,LAGOA DOS GATOS,15,2.26%,42,6.32%,608,91.43%,57,8.57,665,0,-,9,1.35%,594,89.32%,62,9.32%,9,1.35,665
CRIANÇA,0 a < 5 anos,2025,NORDESTE,26,PE,260875,LAGOA GRANDE,135,9.51%,122,8.59%,1163,81.9%,257,18.1,1420,18,1.27%,39,2.75%,1238,87.18%,125,8.8%,57,4.01,1420
CRIANÇA,0 a < 5 anos,2025,NORDESTE,26,PE,260880,LAJEDO,86,3.11%,154,5.57%,2525,91.32%,240,8.68,2765,29,1.05%,49,1.77%,2501,90.45%,186,6.73%,78,2.82,2765
CRIANÇA,0 a < 5 anos,2025,NORDESTE,26,PE,260890,LIMOEIRO,75,3.18%,140,5.93%,2146,90.89%,215,9.11,2361,12,0.51%,36,1.52%,2050,86.83%,263,11.14%,48,2.03,2361
CRIANÇA,0 a < 5 anos,2025,NORDESTE,26,PE,260900,MACAPARANA,42,2.95%,74,5.2%,1308,91.85%,116,8.15,1424,6,0.42%,26,1.83%,1258,88.34%,134,9.41%,32,2.25,1424
CRIANÇA,0 a < 5 anos,2025,NORDESTE,26,PE,260910,MACHADOS,18,2.17%,47,5.68%,763,92.15%,65,7.85,828,5,0.6%,19,2.29%,721,87.08%,83,10.02%,24,2.9,828
CRIANÇA,0 a < 5 anos,2025,NORDESTE,26,PE,260915,MANARI,54,4.21%,82,6.39%,1148,89.41%,136,10.59,1284,5,0.39%,21,1.64%,1128,87.85%,130,10.12%,26,2.02,1284
CRIANÇA,0 a < 5 anos,2025,NORDESTE,26,PE,260920,MARAIAL,19,3.54%,40,7.46%,477,88.99%,59,11.01,536,3,0.56%,10,1.87%,456,85.07%,67,12.5%,13,2.43,536
CRIANÇA,0 a < 5 anos,2025,NORDESTE,26,PE,260930,MIRANDIBA,36,3.41%,59,5.59%,961,91%,95,9.0,1056,3,0.28%,23,2.18%,971,91.95%,59,5.59%,26,2.46,1056
CRIANÇA,0 a < 5 anos,2025,NORDESTE,26,PE,260940,MORENO,153,6.22%,185,7.52%,2123,86.27%,338,13.73,2461,41,1.67%,58,2.36%,2099,85.29%,263,10.69%,99,4.02,2461
CRIANÇA,0 a < 5 anos,2025,NORDESTE,26,PE,260950,NAZARE DA MATA,36,2.68%,51,3.79%,1258,93.53%,87,6.47,1345,7,0.52%,15,1.12%,1153,85.72%,170,12.64%,22,1.64,1345
CRIANÇA,0 a < 5 anos,2025,NORDESTE,26,PE,260960,OLINDA,1356,12.26%,804,7.27%,8902,80.47%,2160,19.53,11062,674,6.09%,381,3.44%,9097,82.23%,911,8.23%,1055,9.54,11063
CRIANÇA,0 a < 5 anos,2025,NORDESTE,26,PE,260970,OROBO,46,4.39%,77,7.35%,925,88.26%,123,11.74,1048,3,0.29%,10,0.95%,904,86.26%,131,12.5%,13,1.24,1048
CRIANÇA,0 a < 5 anos,2025,NORDESTE,26,PE,260980,OROCO,35,3.2%,63,5.76%,996,91.04%,98,8.96,1094,10,0.91%,21,1.92%,974,89.03%,89,8.14%,31,2.83,1094
CRIANÇA,0 a < 5 anos,2025,NORDESTE,26,PE,260990,OURICURI,110,3.06%,200,5.57%,3282,91.37%,310,8.63,3592,17,0.47%,71,1.98%,3196,88.98%,308,8.57%,88,2.45,3592
CRIANÇA,0 a < 5 anos,2025,NORDESTE,26,PE,261000,PALMARES,88,3.1%,133,4.68%,2619,92.22%,221,7.78,2840,22,0.77%,56,1.97%,2488,87.61%,274,9.65%,78,2.75,2840
CRIANÇA,0 a < 5 anos,2025,NORDESTE,26,PE,261010,PALMEIRINA,12,2.89%,26,6.27%,377,90.84%,38,9.16,415,4,0.96%,7,1.69%,369,88.92%,35,8.43%,11,2.65,415
CRIANÇA,0 a < 5 anos,2025,NORDESTE,26,PE,261020,PANELAS,60,4.03%,113,7.6%,1314,88.37%,173,11.63,1487,12,0.81%,32,2.15%,1312,88.23%,131,8.81%,44,2.96,1487
CRIANÇA,0 a < 5 anos,2025,NORDESTE,26,PE,261030,PARANATAMA,58,6.9%,77,9.16%,706,83.95%,135,16.05,841,7,0.83%,36,4.28%,742,88.23%,56,6.66%,43,5.11,841
CRIANÇA,0 a < 5 anos,2025,NORDESTE,26,PE,261040,PARNAMIRIM,38,3.31%,66,5.75%,1043,90.93%,104,9.07,1147,13,1.13%,22,1.92%,1016,88.58%,96,8.37%,35,3.05,1147
CRIANÇA,0 a < 5 anos,2025,NORDESTE,26,PE,261050,PASSIRA,70,4.5%,74,4.76%,1410,90.73%,144,9.27,1554,8,0.51%,24,1.54%,1308,84.17%,214,13.77%,32,2.06,1554
CRIANÇA,0 a < 5 anos,2025,NORDESTE,26,PE,261060,PAUDALHO,131,4.24%,182,5.89%,2775,89.86%,313,10.14,3088,21,0.68%,73,2.36%,2633,85.27%,361,11.69%,94,3.04,3088
CRIANÇA,0 a < 5 anos,2025,NORDESTE,26,PE,261070,PAULISTA,293,3.1%,476,5.03%,8694,91.87%,769,8.13,9463,61,0.64%,155,1.64%,7000,73.97%,2247,23.75%,216,2.28,9463
CRIANÇA,0 a < 5 anos,2025,NORDESTE,26,PE,261080,PEDRA,61,4.51%,90,6.65%,1202,88.84%,151,11.16,1353,14,1.03%,31,2.29%,1185,87.58%,123,9.09%,45,3.33,1353
CRIANÇA,0 a < 5 anos,2025,NORDESTE,26,PE,261090,PESQUEIRA,158,6.22%,160,6.3%,2221,87.48%,318,12.52,2539,25,0.98%,55,2.17%,2191,86.29%,268,10.56%,80,3.15,2539
CRIANÇA,0 a < 5 anos,2025,NORDESTE,26,PE,261100,PETROLANDIA,98,4.69%,186,8.9%,1805,86.4%,284,13.6,2089,10,0.48%,40,1.91%,1894,90.67%,145,6.94%,50,2.39,2089
CRIANÇA,0 a < 5 anos,2025,NORDESTE,26,PE,261110,PETROLINA,776,4.01%,1312,6.78%,17275,89.22%,2088,10.78,19363,176,0.91%,456,2.35%,17330,89.5%,1402,7.24%,632,3.26,19364
CRIANÇA,0 a < 5 anos,2025,NORDESTE,26,PE,261120,POCAO,18,2.9%,43,6.94%,559,90.16%,61,9.84,620,4,0.65%,9,1.45%,561,90.48%,46,7.42%,13,2.1,620
CRIANÇA,0 a < 5 anos,2025,NORDESTE,26,PE,261130,POMBOS,55,4.1%,97,7.24%,1188,88.66%,152,11.34,1340,10,0.75%,24,1.79%,1150,85.82%,156,11.64%,34,2.54,1340
CRIANÇA,0 a < 5 anos,2025,NORDESTE,26,PE,261140,PRIMAVERA,13,2.08%,26,4.17%,585,93.75%,39,6.25,624,0,-,12,1.92%,543,87.02%,69,11.06%,12,1.92,624
CRIANÇA,0 a < 5 anos,2025,NORDESTE,26,PE,261150,QUIPAPA,34,3.63%,59,6.3%,844,90.07%,93,9.93,937,6,0.64%,20,2.13%,812,86.66%,99,10.57%,26,2.77,937
CRIANÇA,0 a < 5 anos,2025,NORDESTE,26,PE,261153,QUIXABA,13,3.21%,14,3.46%,378,93.33%,27,6.67,405,2,0.49%,13,3.21%,355,87.65%,35,8.64%,15,3.7,405
CRIANÇA,0 a < 5 anos,2025,NORDESTE,26,PE,261160,RECIFE,1313,3.64%,2481,6.88%,32251,89.47%,3794,10.53,36045,267,0.74%,792,2.2%,31880,88.44%,3106,8.62%,1059,2.94,36045
CRIANÇA,0 a < 5 anos,2025,NORDESTE,26,PE,261170,RIACHO DAS ALMAS,36,2.85%,51,4.04%,1176,93.11%,87,6.89,1263,6,0.48%,19,1.5%,1127,89.23%,111,8.79%,25,1.98,1263
CRIANÇA,0 a < 5 anos,2025,NORDESTE,26,PE,261180,RIBEIRAO,194,13.02%,156,10.47%,1140,76.51%,350,23.49,1490,55,3.69%,71,4.77%,1205,80.87%,159,10.67%,126,8.46,1490
CRIANÇA,0 a < 5 anos,2025,NORDESTE,26,PE,261190,RIO FORMOSO,132,10.54%,107,8.55%,1013,80.91%,239,19.09,1252,12,0.96%,35,2.8%,1050,83.87%,155,12.38%,47,3.75,1252
CRIANÇA,0 a < 5 anos,2025,NORDESTE,26,PE,261200,SAIRE,19,4.32%,18,4.09%,403,91.59%,37,8.41,440,0,-,4,0.91%,369,83.86%,67,15.23%,4,0.91,440
CRIANÇA,0 a < 5 anos,2025,NORDESTE,26,PE,261210,SALGADINHO,11,3.82%,21,7.29%,256,88.89%,32,11.11,288,1,0.35%,7,2.43%,234,81.25%,46,15.97%,8,2.78,288
CRIANÇA,0 a < 5 anos,2025,NORDESTE,26,PE,261220,SALGUEIRO,130,3.6%,257,7.12%,3224,89.28%,387,10.72,3611,26,0.72%,119,3.3%,3164,87.62%,302,8.36%,145,4.02,3611
CRIANÇA,0 a < 5 anos,2025,NORDESTE,26,PE,261230,SALOA,31,3.17%,50,5.11%,898,91.73%,81,8.27,979,2,0.2%,24,2.45%,854,87.23%,99,10.11%,26,2.66,979
CRIANÇA,0 a < 5 anos,2025,NORDESTE,26,PE,261240,SANHARO,45,3.81%,51,4.32%,1084,91.86%,96,8.14,1180,5,0.42%,13,1.1%,1054,89.32%,108,9.15%,18,1.53,1180
CRIANÇA,0 a < 5 anos,2025,NORDESTE,26,PE,261245,SANTA CRUZ,58,6.55%,57,6.43%,771,87.02%,115,12.98,886,13,1.47%,30,3.39%,783,88.37%,60,6.77%,43,4.85,886
CRIANÇA,0 a < 5 anos,2025,NORDESTE,26,PE,261247,SANTA CRUZ DA BAIXA VERDE,34,4.26%,39,4.89%,725,90.85%,73,9.15,798,5,0.63%,16,2.01%,716,89.72%,61,7.64%,21,2.63,798
CRIANÇA,0 a < 5 anos,2025,NORDESTE,26,PE,261250,SANTA CRUZ DO CAPIBARIBE,141,2.88%,278,5.68%,4474,91.44%,419,8.56,4893,24,0.49%,94,1.92%,4417,90.27%,358,7.32%,118,2.41,4893
CRIANÇA,0 a < 5 anos,2025,NORDESTE,26,PE,261255,SANTA FILOMENA,22,3.3%,27,4.05%,618,92.65%,49,7.35,667,4,0.6%,6,0.9%,606,90.72%,52,7.78%,10,1.5,668
CRIANÇA,0 a < 5 anos,2025,NORDESTE,26,PE,261260,SANTA MARIA DA BOA VISTA,180,5.75%,253,8.09%,2695,86.16%,433,13.84,3128,24,0.77%,87,2.78%,2806,89.71%,211,6.75%,111,3.55,3128
CRIANÇA,0 a < 5 anos,2025,NORDESTE,26,PE,261270,SANTA MARIA DO CAMBUCA,36,4.31%,62,7.42%,738,88.28%,98,11.72,836,3,0.36%,15,1.79%,747,89.35%,71,8.49%,18,2.15,836
CRIANÇA,0 a < 5 anos,2025,NORDESTE,26,PE,261280,SANTA TEREZINHA,10,1.5%,20,3%,636,95.5%,30,4.5,666,2,0.3%,9,1.35%,597,89.64%,58,8.71%,11,1.65,666
CRIANÇA,0 a < 5 anos,2025,NORDESTE,26,PE,261290,SAO BENEDITO DO SUL,55,10.42%,44,8.33%,429,81.25%,99,18.75,528,7,1.33%,19,3.6%,444,84.09%,58,10.98%,26,4.92,528
CRIANÇA,0 a < 5 anos,2025,NORDESTE,26,PE,261300,SAO BENTO DO UNA,67,2.03%,165,5%,3069,92.97%,232,7.03,3301,18,0.55%,52,1.58%,2956,89.55%,275,8.33%,70,2.12,3301
CRIANÇA,0 a < 5 anos,2025,NORDESTE,26,PE,261310,SAO CAITANO,94,4.55%,120,5.81%,1850,89.63%,214,10.37,2064,16,0.78%,39,1.89%,1794,86.92%,215,10.42%,55,2.66,2064
CRIANÇA,0 a < 5 anos,2025,NORDESTE,26,PE,261320,SAO JOAO,62,4.09%,90,5.93%,1365,89.98%,152,10.02,1517,12,0.79%,31,2.04%,1375,90.64%,99,6.53%,43,2.83,1517
CRIANÇA,0 a < 5 anos,2025,NORDESTE,26,PE,261330,SAO JOAQUIM DO MONTE,63,4.92%,90,7.03%,1127,88.05%,153,11.95,1280,8,0.63%,31,2.42%,1110,86.72%,131,10.23%,39,3.05,1280
CRIANÇA,0 a < 5 anos,2025,NORDESTE,26,PE,261340,SAO JOSE DA COROA GRANDE,112,8.97%,117,9.37%,1020,81.67%,229,18.33,1249,13,1.04%,46,3.68%,1086,86.95%,104,8.33%,59,4.72,1249
CRIANÇA,0 a < 5 anos,2025,NORDESTE,26,PE,261350,SAO JOSE DO BELMONTE,73,3.49%,123,5.88%,1897,90.64%,196,9.36,2093,7,0.33%,44,2.1%,1871,89.39%,171,8.17%,51,2.44,2093
CRIANÇA,0 a < 5 anos,2025,NORDESTE,26,PE,261360,SAO JOSE DO EGITO,83,4.41%,83,4.41%,1716,91.18%,166,8.82,1882,18,0.96%,38,2.02%,1649,87.62%,177,9.4%,56,2.98,1882
CRIANÇA,0 a < 5 anos,2025,NORDESTE,26,PE,261370,SAO LOURENCO DA MATA,315,5.8%,342,6.29%,4777,87.91%,657,12.09,5434,163,3%,182,3.35%,4556,83.84%,533,9.81%,345,6.35,5434
CRIANÇA,0 a < 5 anos,2025,NORDESTE,26,PE,261380,SAO VICENTE FERRER,27,2.45%,48,4.36%,1025,93.18%,75,6.82,1100,4,0.36%,18,1.64%,958,87.09%,120,10.91%,22,2.0,1100
CRIANÇA,0 a < 5 anos,2025,NORDESTE,26,PE,261390,SERRA TALHADA,216,6.19%,236,6.77%,3036,87.04%,452,12.96,3488,28,0.8%,83,2.38%,3016,86.47%,361,10.35%,111,3.18,3488
CRIANÇA,0 a < 5 anos,2025,NORDESTE,26,PE,261400,SERRITA,51,4.52%,89,7.88%,989,87.6%,140,12.4,1129,14,1.24%,25,2.21%,987,87.42%,103,9.12%,39,3.45,1129
CRIANÇA,0 a < 5 anos,2025,NORDESTE,26,PE,261410,SERTANIA,67,3.55%,105,5.56%,1715,90.89%,172,9.11,1887,12,0.64%,41,2.17%,1657,87.86%,176,9.33%,53,2.81,1886
CRIANÇA,0 a < 5 anos,2025,NORDESTE,26,PE,261420,SIRINHAEM,143,6.8%,146,6.94%,1815,86.26%,289,13.74,2104,16,0.76%,41,1.95%,1801,85.6%,246,11.69%,57,2.71,2104
CRIANÇA,0 a < 5 anos,2025,NORDESTE,26,PE,261430,MOREILANDIA,48,5.96%,50,6.21%,707,87.83%,98,12.17,805,6,0.75%,27,3.35%,720,89.44%,52,6.46%,33,4.1,805
CRIANÇA,0 a < 5 anos,2025,NORDESTE,26,PE,261440,SOLIDAO,10,2.86%,20,5.71%,320,91.43%,30,8.57,350,3,0.86%,6,1.71%,316,90.29%,25,7.14%,9,2.57,350
CRIANÇA,0 a < 5 anos,2025,NORDESTE,26,PE,261450,SURUBIM,144,4.78%,217,7.2%,2651,88.01%,361,11.99,3012,24,0.8%,55,1.83%,2630,87.32%,303,10.06%,79,2.62,3012
CRIANÇA,0 a < 5 anos,2025,NORDESTE,26,PE,261460,TABIRA,64,3.69%,89,5.13%,1583,91.19%,153,8.81,1736,19,1.09%,38,2.19%,1536,88.48%,143,8.24%,57,3.28,1736
CRIANÇA,0 a < 5 anos,2025,NORDESTE,26,PE,261470,TACAIMBO,38,4.86%,45,5.75%,699,89.39%,83,10.61,782,16,2.05%,13,1.66%,666,85.17%,87,11.13%,29,3.71,782
CRIANÇA,0 a < 5 anos,2025,NORDESTE,26,PE,261480,TACARATU,44,3.71%,94,7.93%,1047,88.35%,138,11.65,1185,10,0.84%,30,2.53%,1056,89.11%,89,7.51%,40,3.38,1185
CRIANÇA,0 a < 5 anos,2025,NORDESTE,26,PE,261485,TAMANDARE,86,6.16%,119,8.52%,1192,85.33%,205,14.67,1397,42,3.01%,51,3.65%,1143,81.82%,161,11.52%,93,6.66,1397
CRIANÇA,0 a < 5 anos,2025,NORDESTE,26,PE,261500,TAQUARITINGA DO NORTE,62,4.27%,100,6.88%,1291,88.85%,162,11.15,1453,7,0.48%,22,1.51%,1289,88.71%,135,9.29%,29,2.0,1453
CRIANÇA,0 a < 5 anos,2025,NORDESTE,26,PE,261510,TEREZINHA,12,2.64%,25,5.49%,418,91.87%,37,8.13,455,4,0.88%,11,2.42%,406,89.23%,34,7.47%,15,3.3,455
CRIANÇA,0 a < 5 anos,2025,NORDESTE,26,PE,261520,TERRA NOVA,16,3.12%,24,4.68%,473,92.2%,40,7.8,513,4,0.78%,11,2.14%,454,88.5%,44,8.58%,15,2.92,513
CRIANÇA,0 a < 5 anos,2025,NORDESTE,26,PE,261530,TIMBAUBA,68,3.2%,125,5.88%,1933,90.92%,193,9.08,2126,7,0.33%,30,1.41%,1889,88.85%,200,9.41%,37,1.74,2126
CRIANÇA,0 a < 5 anos,2025,NORDESTE,26,PE,261540,TORITAMA,124,5.84%,142,6.69%,1856,87.46%,266,12.54,2122,15,0.71%,69,3.25%,1833,86.38%,205,9.66%,84,3.96,2122
CRIANÇA,0 a < 5 anos,2025,NORDESTE,26,PE,261550,TRACUNHAEM,31,5.34%,44,7.57%,506,87.09%,75,12.91,581,5,0.86%,18,3.1%,459,79%,99,17.04%,23,3.96,581
CRIANÇA,0 a < 5 anos,2025,NORDESTE,26,PE,261560,TRINDADE,164,6.85%,218,9.1%,2013,84.05%,382,15.95,2395,32,1.34%,124,5.18%,2105,87.89%,134,5.59%,156,6.51,2395
CRIANÇA,0 a < 5 anos,2025,NORDESTE,26,PE,261570,TRIUNFO,41,5.36%,55,7.19%,669,87.45%,96,12.55,765,7,0.92%,16,2.09%,681,89.02%,61,7.97%,23,3.01,765
CRIANÇA,0 a < 5 anos,2025,NORDESTE,26,PE,261580,TUPANATINGA,111,6.45%,117,6.8%,1493,86.75%,228,13.25,1721,22,1.28%,38,2.21%,1510,87.74%,151,8.77%,60,3.49,1721
CRIANÇA,0 a < 5 anos,2025,NORDESTE,26,PE,261590,TUPARETAMA,38,9.87%,26,6.75%,321,83.38%,64,16.62,385,11,2.86%,13,3.38%,320,83.12%,41,10.65%,24,6.23,385
CRIANÇA,0 a < 5 anos,2025,NORDESTE,26,PE,261600,VENTUROSA,50,4.34%,80,6.95%,1021,88.71%,130,11.29,1151,8,0.7%,33,2.87%,1021,88.71%,89,7.73%,41,3.56,1151
CRIANÇA,0 a < 5 anos,2025,NORDESTE,26,PE,261610,VERDEJANTE,26,5.65%,35,7.61%,399,86.74%,61,13.26,460,3,0.65%,10,2.17%,418,90.87%,29,6.3%,13,2.83,460
CRIANÇA,0 a < 5 anos,2025,NORDESTE,26,PE,261618,VERTENTE DO LERIO,25,5.04%,15,3.02%,456,91.94%,40,8.06,496,6,1.21%,9,1.81%,423,85.28%,58,11.69%,15,3.02,496
CRIANÇA,0 a < 5 anos,2025,NORDESTE,26,PE,261620,VERTENTES,48,3.87%,81,6.53%,1112,89.61%,129,10.39,1241,5,0.4%,25,2.01%,1056,85.09%,155,12.49%,30,2.42,1241
CRIANÇA,0 a < 5 anos,2025,NORDESTE,26,PE,261630,VICENCIA,39,3.24%,65,5.39%,1101,91.37%,104,8.63,1205,6,0.5%,21,1.74%,1069,88.71%,109,9.05%,27,2.24,1205
CRIANÇA,0 a < 5 anos,2025,NORDESTE,26,PE,261640,VITORIA DE SANTO ANTAO,174,2.77%,383,6.1%,5721,91.13%,557,8.87,6278,22,0.35%,68,1.08%,5706,90.89%,482,7.68%,90,1.43,6278
CRIANÇA,0 a < 5 anos,2025,NORDESTE,26,PE,261650,XEXEU,73,9.01%,65,8.02%,672,82.96%,138,17.04,810,17,2.1%,26,3.21%,672,82.96%,95,11.73%,43,5.31,810
CRIANÇA,0 a < 5 anos,2025,NORDESTE,27,AL,270010,AGUA BRANCA,247,18.28%,171,12.66%,933,69.06%,418,30.94,1351,66,4.89%,73,5.4%,1140,84.38%,72,5.33%,139,10.29,1351
CRIANÇA,0 a < 5 anos,2025,NORDESTE,27,AL,270020,ANADIA,52,5.09%,74,7.25%,895,87.66%,126,12.34,1021,10,0.98%,17,1.67%,891,87.27%,103,10.09%,27,2.64,1021
CRIANÇA,0 a < 5 anos,2025,NORDESTE,27,AL,270030,ARAPIRACA,297,2.41%,694,5.63%,11345,91.97%,991,8.03,12336,61,0.49%,217,1.76%,11039,89.49%,1019,8.26%,278,2.25,12336
CRIANÇA,0 a < 5 anos,2025,NORDESTE,27,AL,270040,ATALAIA,171,7.18%,201,8.44%,2009,84.38%,372,15.62,2381,23,0.97%,59,2.48%,2057,86.39%,242,10.16%,82,3.44,2381
CRIANÇA,0 a < 5 anos,2025,NORDESTE,27,AL,270050,BARRA DE SANTO ANTONIO,70,6.76%,68,6.56%,898,86.68%,138,13.32,1036,10,0.97%,44,4.25%,864,83.4%,118,11.39%,54,5.21,1036
CRIANÇA,0 a < 5 anos,2025,NORDESTE,27,AL,270060,BARRA DE SAO MIGUEL,22,3.39%,34,5.24%,593,91.37%,56,8.63,649,0,-,11,1.69%,583,89.83%,55,8.47%,11,1.69,649
CRIANÇA,0 a < 5 anos,2025,NORDESTE,27,AL,270070,BATALHA,42,3.34%,83,6.61%,1131,90.05%,125,9.95,1256,7,0.56%,30,2.39%,1131,90.05%,88,7.01%,37,2.95,1256
CRIANÇA,0 a < 5 anos,2025,NORDESTE,27,AL,270080,BELEM,17,4.86%,28,8%,305,87.14%,45,12.86,350,2,0.57%,8,2.29%,310,88.57%,30,8.57%,10,2.86,350
CRIANÇA,0 a < 5 anos,2025,NORDESTE,27,AL,270090,BELO MONTE,11,1.75%,34,5.41%,583,92.83%,45,7.17,628,5,0.8%,11,1.75%,560,89.17%,52,8.28%,16,2.55,628
CRIANÇA,0 a < 5 anos,2025,NORDESTE,27,AL,270100,BOCA DA MATA,75,5.69%,102,7.74%,1140,86.56%,177,13.44,1317,8,0.61%,23,1.75%,1166,88.53%,120,9.11%,31,2.35,1317
CRIANÇA,0 a < 5 anos,2025,NORDESTE,27,AL,270110,BRANQUINHA,21,2.53%,51,6.15%,757,91.31%,72,8.69,829,7,0.84%,22,2.65%,748,90.23%,52,6.27%,29,3.5,829
CRIANÇA,0 a < 5 anos,2025,NORDESTE,27,AL,270120,CACIMBINHAS,49,8.21%,56,9.38%,492,82.41%,105,17.59,597,2,0.34%,18,3.02%,529,88.61%,48,8.04%,20,3.35,597
CRIANÇA,0 a < 5 anos,2025,NORDESTE,27,AL,270130,CAJUEIRO,86,7.03%,113,9.23%,1025,83.74%,199,16.26,1224,13,1.06%,36,2.94%,1050,85.78%,125,10.21%,49,4.0,1224
CRIANÇA,0 a < 5 anos,2025,NORDESTE,27,AL,270135,CAMPESTRE,23,4.95%,22,4.73%,420,90.32%,45,9.68,465,4,0.86%,7,1.51%,395,84.95%,59,12.69%,11,2.37,465
CRIANÇA,0 a < 5 anos,2025,NORDESTE,27,AL,270140,CAMPO ALEGRE,117,5.05%,202,8.71%,2000,86.24%,319,13.76,2319,19,0.82%,49,2.11%,2088,90.04%,163,7.03%,68,2.93,2319
CRIANÇA,0 a < 5 anos,2025,NORDESTE,27,AL,270150,CAMPO GRANDE,19,2.87%,43,6.5%,600,90.63%,62,9.37,662,4,0.6%,10,1.51%,570,86.1%,78,11.78%,14,2.11,662
CRIANÇA,0 a < 5 anos,2025,NORDESTE,27,AL,270160,CANAPI,77,5.91%,81,6.22%,1145,87.87%,158,12.13,1303,11,0.84%,29,2.23%,1189,91.25%,74,5.68%,40,3.07,1303
CRIANÇA,0 a < 5 anos,2025,NORDESTE,27,AL,270170,CAPELA,40,4.35%,51,5.54%,829,90.11%,91,9.89,920,8,0.87%,22,2.39%,815,88.59%,75,8.15%,30,3.26,920
CRIANÇA,0 a < 5 anos,2025,NORDESTE,27,AL,270180,CARNEIROS,58,7.65%,83,10.95%,617,81.4%,141,18.6,758,8,1.06%,18,2.37%,689,90.9%,43,5.67%,26,3.43,758
CRIANÇA,0 a < 5 anos,2025,NORDESTE,27,AL,270190,CHA PRETA,18,3.69%,33,6.76%,437,89.55%,51,10.45,488,2,0.41%,8,1.64%,428,87.7%,50,10.25%,10,2.05,488
CRIANÇA,0 a < 5 anos,2025,NORDESTE,27,AL,270200,COITE DO NOIA,23,3.17%,27,3.72%,676,93.11%,50,6.89,726,2,0.28%,9,1.24%,645,88.84%,70,9.64%,11,1.52,726
CRIANÇA,0 a < 5 anos,2025,NORDESTE,27,AL,270210,COLONIA LEOPOLDINA,80,7.84%,83,8.13%,858,84.04%,163,15.96,1021,15,1.47%,28,2.74%,868,85.01%,110,10.77%,43,4.21,1021
CRIANÇA,0 a < 5 anos,2025,NORDESTE,27,AL,270220,COQUEIRO SECO,29,7.21%,33,8.21%,340,84.58%,62,15.42,402,7,1.74%,7,1.74%,355,88.31%,33,8.21%,14,3.48,402
CRIANÇA,0 a < 5 anos,2025,NORDESTE,27,AL,270230,CORURIPE,142,3.67%,306,7.91%,3421,88.42%,448,11.58,3869,26,0.67%,92,2.38%,3472,89.74%,279,7.21%,118,3.05,3869
CRIANÇA,0 a < 5 anos,2025,NORDESTE,27,AL,270235,CRAIBAS,88,4.25%,148,7.15%,1835,88.6%,236,11.4,2071,7,0.34%,51,2.46%,1839,88.8%,174,8.4%,58,2.8,2071
CRIANÇA,0 a < 5 anos,2025,NORDESTE,27,AL,270240,DELMIRO GOUVEIA,155,5.48%,225,7.95%,2449,86.57%,380,13.43,2829,31,1.1%,89,3.15%,2510,88.72%,199,7.03%,120,4.24,2829
CRIANÇA,0 a < 5 anos,2025,NORDESTE,27,AL,270250,DOIS RIACHOS,28,3.58%,33,4.22%,721,92.2%,61,7.8,782,2,0.26%,16,2.05%,679,86.83%,85,10.87%,18,2.3,782
CRIANÇA,0 a < 5 anos,2025,NORDESTE,27,AL,270255,ESTRELA DE ALAGOAS,31,2.95%,52,4.94%,969,92.11%,83,7.89,1052,6,0.57%,23,2.19%,944,89.73%,79,7.51%,29,2.76,1052
CRIANÇA,0 a < 5 anos,2025,NORDESTE,27,AL,270260,FEIRA GRANDE,69,4.5%,113,7.37%,1351,88.13%,182,11.87,1533,12,0.78%,29,1.89%,1329,86.64%,164,10.69%,41,2.67,1534
CRIANÇA,0 a < 5 anos,2025,NORDESTE,27,AL,270270,FELIZ DESERTO,4,1.29%,18,5.81%,288,92.9%,22,7.1,310,0,-,9,2.9%,270,87.1%,31,10%,9,2.9,310
CRIANÇA,0 a < 5 anos,2025,NORDESTE,27,AL,270280,FLEXEIRAS,132,16.18%,73,8.95%,611,74.88%,205,25.12,816,53,6.5%,35,4.29%,663,81.25%,65,7.97%,88,10.78,816
CRIANÇA,0 a < 5 anos,2025,NORDESTE,27,AL,270290,GIRAU DO PONCIANO,125,4.99%,190,7.59%,2189,87.42%,315,12.58,2504,14,0.56%,70,2.8%,2203,87.98%,217,8.67%,84,3.35,2504
CRIANÇA,0 a < 5 anos,2025,NORDESTE,27,AL,270300,IBATEGUARA,58,5.7%,71,6.97%,889,87.33%,129,12.67,1018,8,0.79%,27,2.65%,901,88.51%,82,8.06%,35,3.44,1018
CRIANÇA,0 a < 5 anos,2025,NORDESTE,27,AL,270310,IGACI,76,5.05%,101,6.71%,1328,88.24%,177,11.76,1505,5,0.33%,39,2.59%,1352,89.83%,109,7.24%,44,2.92,1505
CRIANÇA,0 a < 5 anos,2025,NORDESTE,27,AL,270320,IGREJA NOVA,64,4.41%,105,7.24%,1282,88.35%,169,11.65,1451,10,0.69%,33,2.27%,1275,87.87%,133,9.17%,43,2.96,1451
CRIANÇA,0 a < 5 anos,2025,NORDESTE,27,AL,270330,INHAPI,37,2.72%,84,6.17%,1240,91.11%,121,8.89,1361,6,0.44%,31,2.28%,1233,90.6%,91,6.69%,37,2.72,1361
CRIANÇA,0 a < 5 anos,2025,NORDESTE,27,AL,270340,JACARE DOS HOMENS,38,8.15%,36,7.73%,392,84.12%,74,15.88,466,8,1.72%,16,3.43%,389,83.48%,53,11.37%,24,5.15,466
CRIANÇA,0 a < 5 anos,2025,NORDESTE,27,AL,270350,JACUIPE,16,5.63%,15,5.28%,253,89.08%,31,10.92,284,2,0.7%,4,1.41%,241,84.86%,37,13.03%,6,2.11,284
CRIANÇA,0 a < 5 anos,2025,NORDESTE,27,AL,270360,JAPARATINGA,49,6.96%,62,8.81%,593,84.23%,111,15.77,704,4,0.57%,25,3.55%,608,86.36%,67,9.52%,29,4.12,704
CRIANÇA,0 a < 5 anos,2025,NORDESTE,27,AL,270370,JARAMATAIA,23,4.89%,44,9.36%,403,85.74%,67,14.26,470,2,0.43%,11,2.34%,434,92.34%,23,4.89%,13,2.77,470
CRIANÇA,0 a < 5 anos,2025,NORDESTE,27,AL,270375,JEQUIA DA PRAIA,39,4.97%,51,6.5%,695,88.54%,90,11.46,785,4,0.51%,10,1.27%,687,87.52%,84,10.7%,14,1.78,785
CRIANÇA,0 a < 5 anos,2025,NORDESTE,27,AL,270380,JOAQUIM GOMES,77,5.62%,84,6.14%,1208,88.24%,161,11.76,1369,10,0.73%,18,1.31%,1220,89.12%,121,8.84%,28,2.05,1369
CRIANÇA,0 a < 5 anos,2025,NORDESTE,27,AL,270390,JUNDIA,14,5.86%,10,4.18%,215,89.96%,24,10.04,239,1,0.42%,5,2.09%,207,86.61%,26,10.88%,6,2.51,239
CRIANÇA,0 a < 5 anos,2025,NORDESTE,27,AL,270400,JUNQUEIRO,63,4.01%,105,6.68%,1403,89.31%,168,10.69,1571,4,0.25%,37,2.36%,1401,89.18%,129,8.21%,41,2.61,1571
CRIANÇA,0 a < 5 anos,2025,NORDESTE,27,AL,270410,LAGOA DA CANOA,87,6.14%,89,6.28%,1242,87.59%,176,12.41,1418,9,0.63%,32,2.26%,1216,85.75%,161,11.35%,41,2.89,1418
CRIANÇA,0 a < 5 anos,2025,NORDESTE,27,AL,270420,LIMOEIRO DE ANADIA,67,3.43%,133,6.81%,1753,89.76%,200,10.24,1953,10,0.51%,41,2.1%,1717,87.92%,185,9.47%,51,2.61,1953
CRIANÇA,0 a < 5 anos,2025,NORDESTE,27,AL,270430,MACEIO,815,2.69%,1873,6.18%,27643,91.14%,2688,8.86,30331,158,0.52%,556,1.83%,27189,89.64%,2428,8.01%,714,2.35,30331
CRIANÇA,0 a < 5 anos,2025,NORDESTE,27,AL,270440,MAJOR ISIDORO,55,5.14%,45,4.2%,971,90.66%,100,9.34,1071,3,0.28%,10,0.93%,721,67.32%,337,31.47%,13,1.21,1071
CRIANÇA,0 a < 5 anos,2025,NORDESTE,27,AL,270450,MARAGOGI,137,5.19%,171,6.48%,2331,88.33%,308,11.67,2639,23,0.87%,54,2.05%,2327,88.18%,235,8.9%,77,2.92,2639
CRIANÇA,0 a < 5 anos,2025,NORDESTE,27,AL,270460,MARAVILHA,34,4.39%,66,8.52%,675,87.1%,100,12.9,775,5,0.65%,13,1.68%,698,90.06%,59,7.61%,18,2.32,775
CRIANÇA,0 a < 5 anos,2025,NORDESTE,27,AL,270470,MARECHAL DEODORO,136,3.67%,248,6.69%,3321,89.64%,384,10.36,3705,26,0.7%,89,2.4%,3267,88.18%,323,8.72%,115,3.1,3705
CRIANÇA,0 a < 5 anos,2025,NORDESTE,27,AL,270480,MARIBONDO,34,4.89%,43,6.18%,619,88.94%,77,11.06,696,7,1.01%,16,2.3%,609,87.5%,64,9.2%,23,3.3,696
CRIANÇA,0 a < 5 anos,2025,NORDESTE,27,AL,270490,MAR VERMELHO,6,2.9%,12,5.8%,189,91.3%,18,8.7,207,2,0.97%,1,0.48%,191,92.27%,13,6.28%,3,1.45,207
CRIANÇA,0 a < 5 anos,2025,NORDESTE,27,AL,270500,MATA GRANDE,64,4.3%,104,6.99%,1320,88.71%,168,11.29,1488,11,0.74%,25,1.68%,1301,87.43%,151,10.15%,36,2.42,1488
CRIANÇA,0 a < 5 anos,2025,NORDESTE,27,AL,270510,MATRIZ DE CAMARAGIBE,59,3.89%,112,7.39%,1345,88.72%,171,11.28,1516,11,0.73%,27,1.78%,1333,87.93%,145,9.56%,38,2.51,1516
CRIANÇA,0 a < 5 anos,2025,NORDESTE,27,AL,270520,MESSIAS,68,7.42%,41,4.48%,807,88.1%,109,11.9,916,21,2.29%,35,3.82%,767,83.73%,93,10.15%,56,6.11,916
CRIANÇA,0 a < 5 anos,2025,NORDESTE,27,AL,270530,MINADOR DO NEGRAO,20,5.67%,20,5.67%,313,88.67%,40,11.33,353,4,1.13%,9,2.55%,302,85.55%,38,10.76%,13,3.68,353
CRIANÇA,0 a < 5 anos,2025,NORDESTE,27,AL,270540,MONTEIROPOLIS,41,6.53%,38,6.05%,549,87.42%,79,12.58,628,1,0.16%,11,1.75%,571,90.92%,45,7.17%,12,1.91,628
CRIANÇA,0 a < 5 anos,2025,NORDESTE,27,AL,270550,MURICI,95,4.86%,163,8.33%,1698,86.81%,258,13.19,1956,13,0.66%,46,2.35%,1736,88.75%,161,8.23%,59,3.02,1956
CRIANÇA,0 a < 5 anos,2025,NORDESTE,27,AL,270560,NOVO LINO,31,4.75%,40,6.13%,581,89.11%,71,10.89,652,5,0.77%,10,1.53%,582,89.26%,55,8.44%,15,2.3,652
CRIANÇA,0 a < 5 anos,2025,NORDESTE,27,AL,270570,OLHO D'AGUA DAS FLORES,58,3.56%,118,7.24%,1454,89.2%,176,10.8,1630,15,0.92%,47,2.88%,1432,87.85%,136,8.34%,62,3.8,1630
CRIANÇA,0 a < 5 anos,2025,NORDESTE,27,AL,270580,OLHO D'AGUA DO CASADO,25,3.36%,35,4.7%,685,91.95%,60,8.05,745,3,0.4%,15,2.01%,666,89.4%,61,8.19%,18,2.42,745
CRIANÇA,0 a < 5 anos,2025,NORDESTE,27,AL,270590,OLHO D'AGUA GRANDE,16,6.45%,19,7.66%,213,85.89%,35,14.11,248,1,0.4%,7,2.83%,215,87.04%,24,9.72%,8,3.24,247
CRIANÇA,0 a < 5 anos,2025,NORDESTE,27,AL,270600,OLIVENCA,32,3.61%,75,8.47%,779,87.92%,107,12.08,886,6,0.68%,19,2.14%,779,87.92%,82,9.26%,25,2.82,886
CRIANÇA,0 a < 5 anos,2025,NORDESTE,27,AL,270610,OURO BRANCO,29,3.1%,52,5.56%,855,91.35%,81,8.65,936,7,0.75%,18,1.92%,842,89.96%,69,7.37%,25,2.67,936
CRIANÇA,0 a < 5 anos,2025,NORDESTE,27,AL,270620,PALESTINA,12,3.21%,28,7.49%,334,89.3%,40,10.7,374,1,0.27%,5,1.34%,337,90.11%,31,8.29%,6,1.6,374
CRIANÇA,0 a < 5 anos,2025,NORDESTE,27,AL,270630,PALMEIRA DOS INDIOS,140,4.23%,197,5.95%,2976,89.83%,337,10.17,3313,19,0.57%,67,2.02%,2917,88.05%,310,9.36%,86,2.6,3313
CRIANÇA,0 a < 5 anos,2025,NORDESTE,27,AL,270640,PAO DE ACUCAR,91,5.75%,135,8.53%,1357,85.72%,226,14.28,1583,16,1.01%,54,3.41%,1410,89.07%,103,6.51%,70,4.42,1583
CRIANÇA,0 a < 5 anos,2025,NORDESTE,27,AL,270642,PARICONHA,47,5.68%,82,9.9%,699,84.42%,129,15.58,828,3,0.36%,23,2.77%,755,91.07%,48,5.79%,26,3.14,829
CRIANÇA,0 a < 5 anos,2025,NORDESTE,27,AL,270644,PARIPUEIRA,48,5.21%,95,10.31%,778,84.47%,143,15.53,921,8,0.87%,28,3.04%,799,86.75%,86,9.34%,36,3.91,921
CRIANÇA,0 a < 5 anos,2025,NORDESTE,27,AL,270650,PASSO DE CAMARAGIBE,72,6.94%,102,9.84%,863,83.22%,174,16.78,1037,11,1.06%,30,2.89%,884,85.25%,112,10.8%,41,3.95,1037
CRIANÇA,0 a < 5 anos,2025,NORDESTE,27,AL,270660,PAULO JACINTO,14,3.33%,39,9.26%,368,87.41%,53,12.59,421,1,0.24%,10,2.38%,374,88.84%,36,8.55%,11,2.61,421
CRIANÇA,0 a < 5 anos,2025,NORDESTE,27,AL,270670,PENEDO,127,3.39%,267,7.13%,3349,89.47%,394,10.53,3743,17,0.45%,62,1.66%,3339,89.21%,325,8.68%,79,2.11,3743
CRIANÇA,0 a < 5 anos,2025,NORDESTE,27,AL,270680,PIACABUCU,34,3.02%,75,6.66%,1017,90.32%,109,9.68,1126,7,0.62%,32,2.84%,983,87.3%,104,9.24%,39,3.46,1126
CRIANÇA,0 a < 5 anos,2025,NORDESTE,27,AL,270690,PILAR,107,4.18%,163,6.36%,2291,89.46%,270,10.54,2561,17,0.66%,46,1.8%,2260,88.25%,238,9.29%,63,2.46,2561
CRIANÇA,0 a < 5 anos,2025,NORDESTE,27,AL,270700,PINDOBA,2,1.83%,7,6.42%,100,91.74%,9,8.26,109,1,0.92%,3,2.75%,99,90.83%,6,5.5%,4,3.67,109
CRIANÇA,0 a < 5 anos,2025,NORDESTE,27,AL,270710,PIRANHAS,92,4.89%,143,7.59%,1648,87.52%,235,12.48,1883,6,0.32%,46,2.44%,1670,88.69%,161,8.55%,52,2.76,1883
CRIANÇA,0 a < 5 anos,2025,NORDESTE,27,AL,270720,POCO DAS TRINCHEIRAS,46,4.91%,66,7.05%,824,88.03%,112,11.97,936,9,0.96%,15,1.6%,829,88.57%,83,8.87%,24,2.56,936
CRIANÇA,0 a < 5 anos,2025,NORDESTE,27,AL,270730,PORTO CALVO,144,8.74%,121,7.35%,1382,83.91%,265,16.09,1647,26,1.58%,46,2.79%,1411,85.67%,164,9.96%,72,4.37,1647
CRIANÇA,0 a < 5 anos,2025,NORDESTE,27,AL,270740,PORTO DE PEDRAS,31,4.42%,48,6.84%,623,88.75%,79,11.25,702,2,0.28%,11,1.57%,627,89.32%,62,8.83%,13,1.85,702
CRIANÇA,0 a < 5 anos,2025,NORDESTE,27,AL,270750,PORTO REAL DO COLEGIO,73,5.89%,100,8.06%,1067,86.05%,173,13.95,1240,5,0.4%,42,3.39%,1057,85.24%,136,10.97%,47,3.79,1240
CRIANÇA,0 a < 5 anos,2025,NORDESTE,27,AL,270760,QUEBRANGULO,54,6.72%,87,10.82%,663,82.46%,141,17.54,804,5,0.62%,16,1.99%,725,90.17%,58,7.21%,21,2.61,804
CRIANÇA,0 a < 5 anos,2025,NORDESTE,27,AL,270770,RIO LARGO,175,3.41%,314,6.12%,4643,90.47%,489,9.53,5132,18,0.35%,89,1.73%,4575,89.15%,450,8.77%,107,2.08,5132
CRIANÇA,0 a < 5 anos,2025,NORDESTE,27,AL,270780,ROTEIRO,25,4.34%,45,7.81%,506,87.85%,70,12.15,576,3,0.52%,9,1.56%,491,85.24%,73,12.67%,12,2.08,576
CRIANÇA,0 a < 5 anos,2025,NORDESTE,27,AL,270790,SANTA LUZIA DO NORTE,18,2.87%,51,8.13%,558,89%,69,11.0,627,4,0.64%,6,0.96%,560,89.31%,57,9.09%,10,1.59,627
CRIANÇA,0 a < 5 anos,2025,NORDESTE,27,AL,270800,SANTANA DO IPANEMA,216,6.32%,319,9.33%,2884,84.35%,535,15.65,3419,25,0.73%,128,3.74%,3024,88.45%,242,7.08%,153,4.47,3419
CRIANÇA,0 a < 5 anos,2025,NORDESTE,27,AL,270810,SANTANA DO MUNDAU,33,4.11%,43,5.36%,726,90.52%,76,9.48,802,6,0.75%,20,2.49%,687,85.66%,89,11.1%,26,3.24,802
CRIANÇA,0 a < 5 anos,2025,NORDESTE,27,AL,270820,SAO BRAS,19,4.9%,28,7.22%,341,87.89%,47,12.11,388,1,0.26%,5,1.29%,334,86.08%,48,12.37%,6,1.55,388
CRIANÇA,0 a < 5 anos,2025,NORDESTE,27,AL,270830,SAO JOSE DA LAJE,93,6.44%,123,8.51%,1229,85.05%,216,14.95,1445,10,0.69%,32,2.21%,1272,88.03%,131,9.07%,42,2.91,1445
CRIANÇA,0 a < 5 anos,2025,NORDESTE,27,AL,270840,SAO JOSE DA TAPERA,133,4.53%,200,6.82%,2600,88.65%,333,11.35,2933,19,0.65%,53,1.81%,2611,89.02%,250,8.52%,72,2.45,2933
CRIANÇA,0 a < 5 anos,2025,NORDESTE,27,AL,270850,SAO LUIS DO QUITUNDE,95,5.63%,163,9.66%,1429,84.71%,258,15.29,1687,23,1.36%,51,3.02%,1471,87.2%,142,8.42%,74,4.39,1687
CRIANÇA,0 a < 5 anos,2025,NORDESTE,27,AL,270860,SAO MIGUEL DOS CAMPOS,252,10.34%,227,9.31%,1959,80.35%,479,19.65,2438,8,0.33%,49,2.01%,2096,85.97%,285,11.69%,57,2.34,2438
CRIANÇA,0 a < 5 anos,2025,NORDESTE,27,AL,270870,SAO MIGUEL DOS MILAGRES,35,6.89%,38,7.48%,435,85.63%,73,14.37,508,2,0.39%,10,1.97%,448,88.19%,48,9.45%,12,2.36,508
CRIANÇA,0 a < 5 anos,2025,NORDESTE,27,AL,270880,SAO SEBASTIAO,70,2.97%,119,5.05%,2169,91.98%,189,8.02,2358,11,0.47%,34,1.44%,2108,89.4%,205,8.69%,45,1.91,2358
CRIANÇA,0 a < 5 anos,2025,NORDESTE,27,AL,270890,SATUBA,37,4.02%,67,7.27%,817,88.71%,104,11.29,921,5,0.54%,21,2.28%,828,89.9%,67,7.27%,26,2.82,921
CRIANÇA,0 a < 5 anos,2025,NORDESTE,27,AL,270895,SENADOR RUI PALMEIRA,45,4.34%,57,5.49%,936,90.17%,102,9.83,1038,6,0.58%,27,2.6%,932,89.79%,73,7.03%,33,3.18,1038
CRIANÇA,0 a < 5 anos,2025,NORDESTE,27,AL,270900,TANQUE D'ARCA,22,6.01%,33,9.02%,311,84.97%,55,15.03,366,2,0.55%,5,1.37%,324,88.52%,35,9.56%,7,1.91,366
CRIANÇA,0 a < 5 anos,2025,NORDESTE,27,AL,270910,TAQUARANA,47,3.58%,93,7.09%,1172,89.33%,140,10.67,1312,10,0.76%,32,2.44%,1145,87.27%,125,9.53%,42,3.2,1312
CRIANÇA,0 a < 5 anos,2025,NORDESTE,27,AL,270915,TEOTONIO VILELA,60,2.15%,131,4.7%,2598,93.15%,191,6.85,2789,15,0.54%,45,1.61%,2510,90%,219,7.85%,60,2.15,2789
CRIANÇA,0 a < 5 anos,2025,NORDESTE,27,AL,270920,TRAIPU,104,6.09%,93,5.44%,1511,88.47%,197,11.53,1708,11,0.64%,55,3.22%,1513,88.58%,129,7.55%,66,3.86,1708
CRIANÇA,0 a < 5 anos,2025,NORDESTE,27,AL,270930,UNIAO DOS PALMARES,128,3.51%,223,6.11%,3297,90.38%,351,9.62,3648,13,0.36%,64,1.75%,3272,89.69%,299,8.2%,77,2.11,3648
CRIANÇA,0 a < 5 anos,2025,NORDESTE,27,AL,270940,VICOSA,85,6.25%,106,7.79%,1169,85.96%,191,14.04,1360,9,0.66%,41,3.01%,1201,88.31%,109,8.01%,50,3.68,1360
CRIANÇA,0 a < 5 anos,2025,NORDESTE,28,SE,280010,AMPARO DE SAO FRANCISCO,7,6.03%,5,4.31%,104,89.66%,12,10.34,116,0,-,4,3.45%,91,78.45%,21,18.1%,4,3.45,116
CRIANÇA,0 a < 5 anos,2025,NORDESTE,28,SE,280020,AQUIDABA,46,4.74%,60,6.19%,864,89.07%,106,10.93,970,8,0.82%,12,1.24%,835,86.08%,115,11.86%,20,2.06,970
CRIANÇA,0 a < 5 anos,2025,NORDESTE,28,SE,280030,ARACAJU,928,5.1%,1334,7.33%,15926,87.56%,2262,12.44,18188,279,1.53%,426,2.34%,16118,88.62%,1365,7.5%,705,3.88,18188
CRIANÇA,0 a < 5 anos,2025,NORDESTE,28,SE,280040,ARAUA,37,5.36%,33,4.78%,620,89.86%,70,10.14,690,5,0.72%,10,1.45%,603,87.39%,72,10.43%,15,2.17,690
CRIANÇA,0 a < 5 anos,2025,NORDESTE,28,SE,280050,AREIA BRANCA,67,7.96%,72,8.55%,703,83.49%,139,16.51,842,9,1.07%,18,2.14%,725,86.1%,90,10.69%,27,3.21,842
CRIANÇA,0 a < 5 anos,2025,NORDESTE,28,SE,280060,BARRA DOS COQUEIROS,73,4.24%,116,6.74%,1533,89.02%,189,10.98,1722,21,1.22%,39,2.26%,1499,87.05%,163,9.47%,60,3.48,1722
CRIANÇA,0 a < 5 anos,2025,NORDESTE,28,SE,280067,BOQUIM,50,4.78%,56,5.35%,940,89.87%,106,10.13,1046,10,0.96%,15,1.43%,913,87.28%,108,10.33%,25,2.39,1046
CRIANÇA,0 a < 5 anos,2025,NORDESTE,28,SE,280070,BREJO GRANDE,17,4.43%,33,8.59%,334,86.98%,50,13.02,384,0,-,15,3.91%,327,85.16%,42,10.94%,15,3.91,384
CRIANÇA,0 a < 5 anos,2025,NORDESTE,28,SE,280100,CAMPO DO BRITO,36,3.55%,48,4.73%,931,91.72%,84,8.28,1015,4,0.39%,22,2.17%,921,90.74%,68,6.7%,26,2.56,1015
CRIANÇA,0 a < 5 anos,2025,NORDESTE,28,SE,280110,CANHOBA,15,5.49%,23,8.42%,235,86.08%,38,13.92,273,0,-,4,1.47%,244,89.38%,25,9.16%,4,1.47,273
CRIANÇA,0 a < 5 anos,2025,NORDESTE,28,SE,280120,CANINDE DE SAO FRANCISCO,97,4.1%,174,7.35%,2097,88.56%,271,11.44,2368,17,0.72%,54,2.28%,2088,88.18%,209,8.83%,71,3.0,2368
CRIANÇA,0 a < 5 anos,2025,NORDESTE,28,SE,280130,CAPELA,140,7.1%,145,7.35%,1688,85.55%,285,14.45,1973,17,0.86%,44,2.23%,1734,87.89%,178,9.02%,61,3.09,1973
CRIANÇA,0 a < 5 anos,2025,NORDESTE,28,SE,280140,CARIRA,75,6.67%,60,5.34%,989,87.99%,135,12.01,1124,15,1.33%,36,3.2%,962,85.59%,111,9.88%,51,4.54,1124
CRIANÇA,0 a < 5 anos,2025,NORDESTE,28,SE,280150,CARMOPOLIS,33,4.2%,59,7.52%,693,88.28%,92,11.72,785,5,0.64%,17,2.17%,676,86.11%,87,11.08%,22,2.8,785
CRIANÇA,0 a < 5 anos,2025,NORDESTE,28,SE,280160,CEDRO DE SAO JOAO,11,4.07%,6,2.22%,253,93.7%,17,6.3,270,2,0.74%,4,1.48%,226,83.7%,38,14.07%,6,2.22,270
CRIANÇA,0 a < 5 anos,2025,NORDESTE,28,SE,280170,CRISTINAPOLIS,76,8.71%,62,7.1%,735,84.19%,138,15.81,873,6,0.69%,24,2.75%,753,86.25%,90,10.31%,30,3.44,873
CRIANÇA,0 a < 5 anos,2025,NORDESTE,28,SE,280190,CUMBE,9,4.48%,10,4.98%,182,90.55%,19,9.45,201,1,0.5%,2,1%,183,91.04%,15,7.46%,3,1.49,201
CRIANÇA,0 a < 5 anos,2025,NORDESTE,28,SE,280200,DIVINA PASTORA,11,3.7%,18,6.06%,268,90.24%,29,9.76,297,1,0.34%,5,1.68%,268,90.24%,23,7.74%,6,2.02,297
CRIANÇA,0 a < 5 anos,2025,NORDESTE,28,SE,280210,ESTANCIA,383,13.4%,142,4.97%,2333,81.63%,525,18.37,2858,19,0.66%,66,2.31%,2477,86.67%,296,10.36%,85,2.97,2858
CRIANÇA,0 a < 5 anos,2025,NORDESTE,28,SE,280220,FEIRA NOVA,19,5.22%,14,3.85%,331,90.93%,33,9.07,364,1,0.27%,8,2.2%,328,90.11%,27,7.42%,9,2.47,364
CRIANÇA,0 a < 5 anos,2025,NORDESTE,28,SE,280230,FREI PAULO,23,2.77%,38,4.57%,770,92.66%,61,7.34,831,4,0.48%,9,1.08%,720,86.64%,98,11.79%,13,1.56,831
CRIANÇA,0 a < 5 anos,2025,NORDESTE,28,SE,280240,GARARU,31,4.52%,39,5.69%,616,89.8%,70,10.2,686,3,0.44%,16,2.33%,612,89.21%,55,8.02%,19,2.77,686
CRIANÇA,0 a < 5 anos,2025,NORDESTE,28,SE,280250,GENERAL MAYNARD,12,6.94%,12,6.94%,149,86.13%,24,13.87,173,6,3.47%,4,2.31%,144,83.24%,19,10.98%,10,5.78,173
CRIANÇA,0 a < 5 anos,2025,NORDESTE,28,SE,280260,GRACHO CARDOSO,36,10.23%,20,5.68%,296,84.09%,56,15.91,352,3,0.85%,5,1.42%,294,83.52%,50,14.2%,8,2.27,352
CRIANÇA,0 a < 5 anos,2025,NORDESTE,28,SE,280270,ILHA DAS FLORES,78,12.79%,61,10%,471,77.21%,139,22.79,610,7,1.15%,16,2.62%,527,86.39%,60,9.84%,23,3.77,610
CRIANÇA,0 a < 5 anos,2025,NORDESTE,28,SE,280280,INDIAROBA,41,3.89%,68,6.45%,945,89.66%,109,10.34,1054,5,0.47%,26,2.47%,938,88.99%,85,8.06%,31,2.94,1054
CRIANÇA,0 a < 5 anos,2025,NORDESTE,28,SE,280290,ITABAIANA,213,5.61%,271,7.14%,3311,87.25%,484,12.75,3795,26,0.69%,66,1.74%,3373,88.88%,330,8.7%,92,2.42,3795
CRIANÇA,0 a < 5 anos,2025,NORDESTE,28,SE,280300,ITABAIANINHA,84,3.7%,189,8.32%,1998,87.98%,273,12.02,2271,12,0.53%,53,2.33%,1992,87.71%,214,9.42%,65,2.86,2271
CRIANÇA,0 a < 5 anos,2025,NORDESTE,28,SE,280310,ITABI,10,4.02%,16,6.43%,223,89.56%,26,10.44,249,1,0.4%,1,0.4%,227,91.16%,20,8.03%,2,0.8,249
CRIANÇA,0 a < 5 anos,2025,NORDESTE,28,SE,280320,ITAPORANGA D'AJUDA,133,6.37%,137,6.56%,1819,87.08%,270,12.92,2089,11,0.53%,38,1.82%,1852,88.65%,188,9%,49,2.35,2089
CRIANÇA,0 a < 5 anos,2025,NORDESTE,28,SE,280330,JAPARATUBA,51,6.31%,41,5.07%,716,88.61%,92,11.39,808,10,1.24%,15,1.86%,698,86.39%,85,10.52%,25,3.09,808
CRIANÇA,0 a < 5 anos,2025,NORDESTE,28,SE,280340,JAPOATA,62,6.39%,60,6.19%,848,87.42%,122,12.58,970,7,0.72%,11,1.13%,844,87.01%,108,11.13%,18,1.86,970
CRIANÇA,0 a < 5 anos,2025,NORDESTE,28,SE,280350,LAGARTO,267,5.52%,302,6.24%,4268,88.24%,569,11.76,4837,42,0.87%,114,2.36%,4252,87.92%,428,8.85%,156,3.23,4836
CRIANÇA,0 a < 5 anos,2025,NORDESTE,28,SE,280360,LARANJEIRAS,78,5.31%,90,6.13%,1300,88.56%,168,11.44,1468,16,1.09%,28,1.91%,1242,84.6%,182,12.4%,44,3.0,1468
CRIANÇA,0 a < 5 anos,2025,NORDESTE,28,SE,280370,MACAMBIRA,16,4.05%,30,7.59%,349,88.35%,46,11.65,395,2,0.51%,8,2.03%,354,89.62%,31,7.85%,10,2.53,395
CRIANÇA,0 a < 5 anos,2025,NORDESTE,28,SE,280380,MALHADA DOS BOIS,5,1.83%,9,3.3%,259,94.87%,14,5.13,273,2,0.73%,3,1.1%,240,87.91%,28,10.26%,5,1.83,273
CRIANÇA,0 a < 5 anos,2025,NORDESTE,28,SE,280390,MALHADOR,38,4.97%,56,7.33%,670,87.7%,94,12.3,764,2,0.26%,10,1.31%,683,89.4%,69,9.03%,12,1.57,764
CRIANÇA,0 a < 5 anos,2025,NORDESTE,28,SE,280400,MARUIM,65,7.31%,73,8.21%,751,84.48%,138,15.52,889,6,0.67%,14,1.57%,782,87.96%,87,9.79%,20,2.25,889
CRIANÇA,0 a < 5 anos,2025,NORDESTE,28,SE,280410,MOITA BONITA,41,6.53%,44,7.01%,543,86.46%,85,13.54,628,4,0.64%,9,1.43%,562,89.49%,53,8.44%,13,2.07,628
CRIANÇA,0 a < 5 anos,2025,NORDESTE,28,SE,280420,MONTE ALEGRE DE SERGIPE,58,5.85%,81,8.17%,852,85.97%,139,14.03,991,7,0.71%,14,1.41%,861,86.88%,109,11%,21,2.12,991
CRIANÇA,0 a < 5 anos,2025,NORDESTE,28,SE,280430,MURIBECA,25,6.61%,19,5.03%,334,88.36%,44,11.64,378,4,1.06%,6,1.59%,317,83.86%,51,13.49%,10,2.65,378
CRIANÇA,0 a < 5 anos,2025,NORDESTE,28,SE,280440,NEOPOLIS,64,8.43%,85,11.2%,610,80.37%,149,19.63,759,8,1.05%,15,1.98%,665,87.62%,71,9.35%,23,3.03,759
CRIANÇA,0 a < 5 anos,2025,NORDESTE,28,SE,280445,NOSSA SENHORA APARECIDA,28,5.68%,26,5.27%,439,89.05%,54,10.95,493,7,1.42%,16,3.25%,421,85.4%,49,9.94%,23,4.67,493
CRIANÇA,0 a < 5 anos,2025,NORDESTE,28,SE,280450,NOSSA SENHORA DA GLORIA,85,3.21%,185,6.98%,2379,89.81%,270,10.19,2649,15,0.57%,43,1.62%,2379,89.81%,212,8%,58,2.19,2649
CRIANÇA,0 a < 5 anos,2025,NORDESTE,28,SE,280460,NOSSA SENHORA DAS DORES,36,3.27%,73,6.63%,992,90.1%,109,9.9,1101,5,0.45%,13,1.18%,975,88.56%,108,9.81%,18,1.63,1101
CRIANÇA,0 a < 5 anos,2025,NORDESTE,28,SE,280470,NOSSA SENHORA DE LOURDES,15,3.42%,26,5.92%,398,90.66%,41,9.34,439,3,0.68%,5,1.14%,382,87.02%,49,11.16%,8,1.82,439
CRIANÇA,0 a < 5 anos,2025,NORDESTE,28,SE,280480,NOSSA SENHORA DO SOCORRO,723,7.54%,768,8.01%,8096,84.45%,1491,15.55,9587,67,0.7%,162,1.69%,8248,86.03%,1110,11.58%,229,2.39,9587
CRIANÇA,0 a < 5 anos,2025,NORDESTE,28,SE,280490,PACATUBA,74,7.98%,79,8.52%,774,83.5%,153,16.5,927,5,0.54%,23,2.48%,801,86.41%,98,10.57%,28,3.02,927
CRIANÇA,0 a < 5 anos,2025,NORDESTE,28,SE,280500,PEDRA MOLE,3,1.43%,4,1.9%,203,96.67%,7,3.33,210,0,-,4,1.9%,187,89.05%,19,9.05%,4,1.9,210
CRIANÇA,0 a < 5 anos,2025,NORDESTE,28,SE,280510,PEDRINHAS,35,7.04%,32,6.44%,430,86.52%,67,13.48,497,4,0.8%,9,1.81%,423,85.11%,61,12.27%,13,2.62,497
CRIANÇA,0 a < 5 anos,2025,NORDESTE,28,SE,280520,PINHAO,18,5.56%,14,4.32%,292,90.12%,32,9.88,324,2,0.62%,8,2.47%,288,88.89%,26,8.02%,10,3.09,324
CRIANÇA,0 a < 5 anos,2025,NORDESTE,28,SE,280530,PIRAMBU,31,6.86%,37,8.19%,384,84.96%,68,15.04,452,4,0.88%,17,3.76%,390,86.28%,41,9.07%,21,4.65,452
CRIANÇA,0 a < 5 anos,2025,NORDESTE,28,SE,280540,POCO REDONDO,122,5.89%,178,8.59%,1773,85.53%,300,14.47,2073,10,0.48%,47,2.27%,1817,87.61%,200,9.64%,57,2.75,2074
CRIANÇA,0 a < 5 anos,2025,NORDESTE,28,SE,280550,POCO VERDE,26,2.38%,53,4.84%,1015,92.78%,79,7.22,1094,11,1.01%,24,2.19%,991,90.59%,68,6.22%,35,3.2,1094
CRIANÇA,0 a < 5 anos,2025,NORDESTE,28,SE,280560,PORTO DA FOLHA,178,9.66%,182,9.88%,1482,80.46%,360,19.54,1842,47,2.55%,71,3.85%,1576,85.56%,148,8.03%,118,6.41,1842
CRIANÇA,0 a < 5 anos,2025,NORDESTE,28,SE,280570,PROPRIA,103,6.98%,139,9.42%,1234,83.6%,242,16.4,1476,16,1.08%,55,3.73%,1294,87.67%,111,7.52%,71,4.81,1476
CRIANÇA,0 a < 5 anos,2025,NORDESTE,28,SE,280580,RIACHAO DO DANTAS,43,4.56%,61,6.47%,839,88.97%,104,11.03,943,10,1.06%,19,2.01%,759,80.49%,155,16.44%,29,3.08,943
CRIANÇA,0 a < 5 anos,2025,NORDESTE,28,SE,280590,RIACHUELO,40,8.15%,47,9.57%,404,82.28%,87,17.72,491,5,1.02%,20,4.07%,425,86.56%,41,8.35%,25,5.09,491
CRIANÇA,0 a < 5 anos,2025,NORDESTE,28,SE,280600,RIBEIROPOLIS,33,4.06%,48,5.91%,731,90.02%,81,9.98,812,5,0.62%,9,1.11%,725,89.29%,73,8.99%,14,1.72,812
CRIANÇA,0 a < 5 anos,2025,NORDESTE,28,SE,280610,ROSARIO DO CATETE,43,7.15%,42,6.99%,516,85.86%,85,14.14,601,3,0.5%,13,2.16%,514,85.52%,71,11.81%,16,2.66,601
CRIANÇA,0 a < 5 anos,2025,NORDESTE,28,SE,280620,SALGADO,34,4.16%,57,6.97%,727,88.88%,91,11.12,818,4,0.49%,19,2.32%,706,86.31%,89,10.88%,23,2.81,818
CRIANÇA,0 a < 5 anos,2025,NORDESTE,28,SE,280630,SANTA LUZIA DO ITANHY,30,3.44%,38,4.35%,805,92.21%,68,7.79,873,3,0.34%,13,1.49%,778,89.12%,79,9.05%,16,1.83,873
CRIANÇA,0 a < 5 anos,2025,NORDESTE,28,SE,280640,SANTANA DO SAO FRANCISCO,26,4.65%,54,9.66%,479,85.69%,80,14.31,559,1,0.18%,11,1.97%,512,91.59%,35,6.26%,12,2.15,559
CRIANÇA,0 a < 5 anos,2025,NORDESTE,28,SE,280650,SANTA ROSA DE LIMA,10,4.83%,7,3.38%,190,91.79%,17,8.21,207,0,-,3,1.45%,186,89.86%,18,8.7%,3,1.45,207
CRIANÇA,0 a < 5 anos,2025,NORDESTE,28,SE,280660,SANTO AMARO DAS BROTAS,44,5.91%,45,6.04%,656,88.05%,89,11.95,745,11,1.48%,28,3.76%,613,82.28%,93,12.48%,39,5.23,745
CRIANÇA,0 a < 5 anos,2025,NORDESTE,28,SE,280670,SAO CRISTOVAO,168,4.08%,252,6.13%,3693,89.79%,420,10.21,4113,31,0.75%,96,2.33%,3685,89.59%,301,7.32%,127,3.09,4113
CRIANÇA,0 a < 5 anos,2025,NORDESTE,28,SE,280680,SAO DOMINGOS,33,5.42%,68,11.17%,508,83.42%,101,16.58,609,0,-,11,1.81%,565,92.78%,33,5.42%,11,1.81,609
CRIANÇA,0 a < 5 anos,2025,NORDESTE,28,SE,280690,SAO FRANCISCO,5,2.59%,4,2.07%,184,95.34%,9,4.66,193,1,0.52%,3,1.55%,172,89.12%,17,8.81%,4,2.07,193
CRIANÇA,0 a < 5 anos,2025,NORDESTE,28,SE,280700,SAO MIGUEL DO ALEIXO,4,2.12%,14,7.41%,171,90.48%,18,9.52,189,0,-,5,2.65%,164,86.77%,20,10.58%,5,2.65,189
CRIANÇA,0 a < 5 anos,2025,NORDESTE,28,SE,280710,SIMAO DIAS,78,2.99%,152,5.83%,2375,91.17%,230,8.83,2605,10,0.38%,39,1.5%,2371,91.02%,185,7.1%,49,1.88,2605
CRIANÇA,0 a < 5 anos,2025,NORDESTE,28,SE,280720,SIRIRI,31,7.52%,35,8.5%,346,83.98%,66,16.02,412,7,1.7%,12,2.91%,358,86.89%,35,8.5%,19,4.61,412
CRIANÇA,0 a < 5 anos,2025,NORDESTE,28,SE,280730,TELHA,10,5.56%,10,5.56%,160,88.89%,20,11.11,180,3,1.67%,1,0.56%,156,86.67%,20,11.11%,4,2.22,180
CRIANÇA,0 a < 5 anos,2025,NORDESTE,28,SE,280740,TOBIAS BARRETO,100,3.79%,189,7.15%,2353,89.06%,289,10.94,2642,16,0.61%,50,1.89%,2393,90.58%,183,6.93%,66,2.5,2642
CRIANÇA,0 a < 5 anos,2025,NORDESTE,28,SE,280750,TOMAR DO GERU,41,5.44%,50,6.63%,663,87.93%,91,12.07,754,5,0.66%,19,2.52%,687,91.11%,43,5.7%,24,3.18,754
CRIANÇA,0 a < 5 anos,2025,NORDESTE,28,SE,280760,UMBAUBA,144,8.73%,224,13.58%,1282,77.7%,368,22.3,1650,3,0.18%,31,1.88%,1451,87.94%,165,10%,34,2.06,1650
CRIANÇA,0 a < 5 anos,2025,NORDESTE,29,BA,290010,ABAIRA,12,4.18%,13,4.53%,262,91.29%,25,8.71,287,1,0.35%,6,2.09%,257,89.55%,23,8.01%,7,2.44,287
CRIANÇA,0 a < 5 anos,2025,NORDESTE,29,BA,290020,ABARE,52,3.98%,64,4.9%,1189,91.11%,116,8.89,1305,10,0.77%,19,1.46%,1153,88.35%,123,9.43%,29,2.22,1305
CRIANÇA,0 a < 5 anos,2025,NORDESTE,29,BA,290030,ACAJUTIBA,32,4.05%,56,7.08%,703,88.87%,88,11.13,791,2,0.25%,13,1.64%,691,87.36%,85,10.75%,15,1.9,791
CRIANÇA,0 a < 5 anos,2025,NORDESTE,29,BA,290035,ADUSTINA,30,3.65%,41,4.99%,751,91.36%,71,8.64,822,6,0.73%,20,2.43%,756,91.97%,40,4.87%,26,3.16,822
CRIANÇA,0 a < 5 anos,2025,NORDESTE,29,BA,290040,AGUA FRIA,22,3.12%,33,4.68%,650,92.2%,55,7.8,705,3,0.43%,25,3.55%,629,89.22%,48,6.81%,28,3.97,705
CRIANÇA,0 a < 5 anos,2025,NORDESTE,29,BA,290050,ERICO CARDOSO,40,7.03%,31,5.45%,498,87.52%,71,12.48,569,5,0.88%,12,2.11%,495,86.99%,57,10.02%,17,2.99,569
CRIANÇA,0 a < 5 anos,2025,NORDESTE,29,BA,290060,AIQUARA,7,3.63%,6,3.11%,180,93.26%,13,6.74,193,0,-,1,0.52%,177,91.71%,15,7.77%,1,0.52,193
CRIANÇA,0 a < 5 anos,2025,NORDESTE,29,BA,290070,ALAGOINHAS,257,4.28%,381,6.35%,5361,89.36%,638,10.64,5999,46,0.77%,149,2.48%,5287,88.13%,517,8.62%,195,3.25,5999
CRIANÇA,0 a < 5 anos,2025,NORDESTE,29,BA,290080,ALCOBACA,90,6.66%,88,6.51%,1174,86.83%,178,13.17,1352,19,1.41%,36,2.66%,1192,88.17%,105,7.77%,55,4.07,1352
CRIANÇA,0 a < 5 anos,2025,NORDESTE,29,BA,290090,ALMADINA,6,2.23%,15,5.58%,248,92.19%,21,7.81,269,2,0.74%,7,2.6%,241,89.59%,19,7.06%,9,3.35,269
CRIANÇA,0 a < 5 anos,2025,NORDESTE,29,BA,290100,AMARGOSA,43,2.57%,98,5.86%,1532,91.57%,141,8.43,1673,8,0.48%,31,1.85%,1487,88.88%,147,8.79%,39,2.33,1673
CRIANÇA,0 a < 5 anos,2025,NORDESTE,29,BA,290110,AMELIA RODRIGUES,35,4.4%,50,6.29%,710,89.31%,85,10.69,795,10,1.26%,13,1.64%,690,86.79%,82,10.31%,23,2.89,795
CRIANÇA,0 a < 5 anos,2025,NORDESTE,29,BA,290115,AMERICA DOURADA,36,3.62%,70,7.04%,888,89.34%,106,10.66,994,5,0.5%,27,2.72%,901,90.64%,61,6.14%,32,3.22,994
CRIANÇA,0 a < 5 anos,2025,NORDESTE,29,BA,290120,ANAGE,49,5.3%,50,5.41%,826,89.3%,99,10.7,925,9,0.97%,25,2.7%,809,87.46%,82,8.86%,34,3.68,925
CRIANÇA,0 a < 5 anos,2025,NORDESTE,29,BA,290130,ANDARAI,31,5.32%,45,7.72%,507,86.96%,76,13.04,583,7,1.2%,14,2.4%,510,87.48%,52,8.92%,21,3.6,583
CRIANÇA,0 a < 5 anos,2025,NORDESTE,29,BA,290135,ANDORINHA,25,4.14%,39,6.46%,540,89.4%,64,10.6,604,4,0.66%,16,2.65%,532,88.08%,52,8.61%,20,3.31,604
CRIANÇA,0 a < 5 anos,2025,NORDESTE,29,BA,290140,ANGICAL,29,3.41%,55,6.46%,767,90.13%,84,9.87,851,5,0.59%,15,1.76%,769,90.36%,62,7.29%,20,2.35,851
CRIANÇA,0 a < 5 anos,2025,NORDESTE,29,BA,290150,ANGUERA,27,5.51%,28,5.71%,435,88.78%,55,11.22,490,13,2.65%,16,3.27%,418,85.31%,43,8.78%,29,5.92,490
CRIANÇA,0 a < 5 anos,2025,NORDESTE,29,BA,290160,ANTAS,23,3.96%,37,6.37%,521,89.67%,60,10.33,581,5,0.86%,10,1.72%,521,89.67%,45,7.75%,15,2.58,581
CRIANÇA,0 a < 5 anos,2025,NORDESTE,29,BA,290170,ANTONIO CARDOSO,14,1.97%,34,4.78%,663,93.25%,48,6.75,711,5,0.7%,12,1.69%,622,87.48%,72,10.13%,17,2.39,711
CRIANÇA,0 a < 5 anos,2025,NORDESTE,29,BA,290180,ANTONIO GONCALVES,48,8.65%,53,9.55%,454,81.8%,101,18.2,555,6,1.08%,21,3.78%,490,88.29%,38,6.85%,27,4.86,555
CRIANÇA,0 a < 5 anos,2025,NORDESTE,29,BA,290190,APORA,59,7%,41,4.86%,743,88.14%,100,11.86,843,8,0.95%,20,2.37%,737,87.43%,78,9.25%,28,3.32,843
CRIANÇA,0 a < 5 anos,2025,NORDESTE,29,BA,290195,APUAREMA,5,1.21%,15,3.64%,392,95.15%,20,4.85,412,2,0.49%,6,1.46%,364,88.35%,40,9.71%,8,1.94,412
CRIANÇA,0 a < 5 anos,2025,NORDESTE,29,BA,290200,ARACATU,18,2.29%,37,4.71%,730,92.99%,55,7.01,785,1,0.13%,9,1.15%,722,91.97%,53,6.75%,10,1.27,785
CRIANÇA,0 a < 5 anos,2025,NORDESTE,29,BA,290205,ARACAS,29,4.6%,37,5.86%,565,89.54%,66,10.46,631,3,0.48%,13,2.06%,440,69.73%,175,27.73%,16,2.54,631
CRIANÇA,0 a < 5 anos,2025,NORDESTE,29,BA,290210,ARACI,185,7.09%,224,8.59%,2199,84.32%,409,15.68,2608,30,1.15%,83,3.18%,2329,89.3%,166,6.37%,113,4.33,2608
CRIANÇA,0 a < 5 anos,2025,NORDESTE,29,BA,290220,ARAMARI,17,3.63%,30,6.41%,421,89.96%,47,10.04,468,3,0.64%,15,3.21%,415,88.68%,35,7.48%,18,3.85,468
CRIANÇA,0 a < 5 anos,2025,NORDESTE,29,BA,290225,ARATACA,22,5.45%,21,5.2%,361,89.36%,43,10.64,404,0,-,20,4.96%,364,90.32%,19,4.71%,20,4.96,403
CRIANÇA,0 a < 5 anos,2025,NORDESTE,29,BA,290230,ARATUIPE,19,3.82%,32,6.44%,446,89.74%,51,10.26,497,0,-,15,3.02%,431,86.72%,51,10.26%,15,3.02,497
CRIANÇA,0 a < 5 anos,2025,NORDESTE,29,BA,290240,AURELINO LEAL,33,4.81%,41,5.98%,612,89.21%,74,10.79,686,0,-,13,1.9%,617,89.94%,56,8.16%,13,1.9,686
CRIANÇA,0 a < 5 anos,2025,NORDESTE,29,BA,290250,BAIANOPOLIS,36,4.83%,58,7.77%,652,87.4%,94,12.6,746,4,0.54%,24,3.22%,679,91.02%,39,5.23%,28,3.75,746
CRIANÇA,0 a < 5 anos,2025,NORDESTE,29,BA,290260,BAIXA GRANDE,47,5.64%,34,4.08%,753,90.29%,81,9.71,834,11,1.32%,26,3.12%,724,86.81%,73,8.75%,37,4.44,834
CRIANÇA,0 a < 5 anos,2025,NORDESTE,29,BA,290265,BANZAE,7,1.24%,28,4.95%,531,93.82%,35,6.18,566,0,-,7,1.24%,534,94.35%,25,4.42%,7,1.24,566
CRIANÇA,0 a < 5 anos,2025,NORDESTE,29,BA,290270,BARRA,201,5.71%,257,7.3%,3064,87%,458,13.0,3522,38,1.08%,131,3.72%,3195,90.72%,158,4.49%,169,4.8,3522
CRIANÇA,0 a < 5 anos,2025,NORDESTE,29,BA,290280,BARRA DA ESTIVA,39,2.39%,81,4.96%,1512,92.65%,120,7.35,1632,9,0.55%,33,2.02%,1508,92.4%,82,5.02%,42,2.57,1632
CRIANÇA,0 a < 5 anos,2025,NORDESTE,29,BA,290290,BARRA DO CHOCA,123,6.71%,121,6.6%,1588,86.68%,244,13.32,1832,19,1.04%,53,2.89%,1636,89.3%,124,6.77%,72,3.93,1832
CRIANÇA,0 a < 5 anos,2025,NORDESTE,29,BA,290300,BARRA DO MENDES,107,14.36%,54,7.25%,584,78.39%,161,21.61,745,36,4.83%,26,3.49%,652,87.52%,31,4.16%,62,8.32,745
CRIANÇA,0 a < 5 anos,2025,NORDESTE,29,BA,290310,BARRA DO ROCHA,15,4.23%,35,9.86%,305,85.92%,50,14.08,355,5,1.41%,3,0.85%,334,94.08%,13,3.66%,8,2.25,355
CRIANÇA,0 a < 5 anos,2025,NORDESTE,29,BA,290320,BARREIRAS,331,4.18%,512,6.47%,7074,89.35%,843,10.65,7917,52,0.66%,216,2.73%,7132,90.08%,517,6.53%,268,3.39,7917
CRIANÇA,0 a < 5 anos,2025,NORDESTE,29,BA,290323,BARRO ALTO,26,4%,24,3.69%,600,92.31%,50,7.69,650,2,0.31%,18,2.77%,593,91.23%,37,5.69%,20,3.08,650
CRIANÇA,0 a < 5 anos,2025,NORDESTE,29,BA,290327,BARROCAS,25,2.45%,78,7.65%,916,89.89%,103,10.11,1019,9,0.88%,21,2.06%,926,90.87%,63,6.18%,30,2.94,1019
CRIANÇA,0 a < 5 anos,2025,NORDESTE,29,BA,290330,BARRO PRETO,9,3.1%,19,6.55%,262,90.34%,28,9.66,290,0,-,3,1.03%,257,88.62%,30,10.34%,3,1.03,290
CRIANÇA,0 a < 5 anos,2025,NORDESTE,29,BA,290340,BELMONTE,188,16.94%,108,9.73%,814,73.33%,296,26.67,1110,81,7.3%,54,4.86%,896,80.72%,79,7.12%,135,12.16,1110
CRIANÇA,0 a < 5 anos,2025,NORDESTE,29,BA,290350,BELO CAMPO,26,2.19%,35,2.95%,1127,94.87%,61,5.13,1188,1,0.08%,19,1.6%,1085,91.33%,83,6.99%,20,1.68,1188
CRIANÇA,0 a < 5 anos,2025,NORDESTE,29,BA,290360,BIRITINGA,17,2.43%,57,8.13%,627,89.44%,74,10.56,701,6,0.86%,13,1.85%,631,90.01%,51,7.28%,19,2.71,701
CRIANÇA,0 a < 5 anos,2025,NORDESTE,29,BA,290370,BOA NOVA,30,4.42%,38,5.6%,611,89.99%,68,10.01,679,3,0.44%,15,2.21%,614,90.43%,47,6.92%,18,2.65,679
CRIANÇA,0 a < 5 anos,2025,NORDESTE,29,BA,290380,BOA VISTA DO TUPIM,39,4.49%,64,7.36%,766,88.15%,103,11.85,869,5,0.58%,25,2.88%,695,79.98%,144,16.57%,30,3.45,869
CRIANÇA,0 a < 5 anos,2025,NORDESTE,29,BA,290390,BOM JESUS DA LAPA,159,4.09%,267,6.86%,3464,89.05%,426,10.95,3890,57,1.47%,148,3.8%,3426,88.07%,259,6.66%,205,5.27,3890
CRIANÇA,0 a < 5 anos,2025,NORDESTE,29,BA,290395,BOM JESUS DA SERRA,18,3.64%,33,6.68%,443,89.68%,51,10.32,494,4,0.81%,17,3.44%,439,88.87%,34,6.88%,21,4.25,494
CRIANÇA,0 a < 5 anos,2025,NORDESTE,29,BA,290400,BONINAL,15,2%,25,3.34%,709,94.66%,40,5.34,749,9,1.2%,18,2.4%,671,89.59%,51,6.81%,27,3.6,749
CRIANÇA,0 a < 5 anos,2025,NORDESTE,29,BA,290405,BONITO,29,3.85%,54,7.16%,671,88.99%,83,11.01,754,3,0.4%,15,1.99%,690,91.51%,46,6.1%,18,2.39,754
CRIANÇA,0 a < 5 anos,2025,NORDESTE,29,BA,290410,BOQUIRA,33,3.32%,49,4.93%,911,91.74%,82,8.26,993,14,1.41%,41,4.13%,877,88.32%,61,6.14%,55,5.54,993
CRIANÇA,0 a < 5 anos,2025,NORDESTE,29,BA,290420,BOTUPORA,28,4.96%,25,4.43%,511,90.6%,53,9.4,564,4,0.71%,12,2.13%,519,92.02%,29,5.14%,16,2.84,564
CRIANÇA,0 a < 5 anos,2025,NORDESTE,29,BA,290430,BREJOES,12,1.87%,17,2.65%,612,95.48%,29,4.52,641,1,0.16%,12,1.87%,597,93.14%,31,4.84%,13,2.03,641
CRIANÇA,0 a < 5 anos,2025,NORDESTE,29,BA,290440,BREJOLANDIA,9,2.12%,21,4.94%,395,92.94%,30,7.06,425,1,0.24%,13,3.06%,383,90.12%,28,6.59%,14,3.29,425
CRIANÇA,0 a < 5 anos,2025,NORDESTE,29,BA,290450,BROTAS DE MACAUBAS,26,3.99%,34,5.22%,591,90.78%,60,9.22,651,2,0.31%,17,2.61%,598,91.86%,34,5.22%,19,2.92,651
CRIANÇA,0 a < 5 anos,2025,NORDESTE,29,BA,290460,BRUMADO,56,2.27%,97,3.94%,2309,93.79%,153,6.21,2462,19,0.77%,62,2.52%,2222,90.25%,159,6.46%,81,3.29,2462
CRIANÇA,0 a < 5 anos,2025,NORDESTE,29,BA,290470,BUERAREMA,43,5.67%,45,5.93%,671,88.41%,88,11.59,759,7,0.92%,15,1.98%,672,88.54%,65,8.56%,22,2.9,759
CRIANÇA,0 a < 5 anos,2025,NORDESTE,29,BA,290475,BURITIRAMA,75,5.01%,113,7.55%,1309,87.44%,188,12.56,1497,11,0.73%,52,3.47%,1345,89.85%,89,5.95%,63,4.21,1497
CRIANÇA,0 a < 5 anos,2025,NORDESTE,29,BA,290480,CAATIBA,4,1.54%,11,4.25%,244,94.21%,15,5.79,259,0,-,4,1.54%,240,92.66%,15,5.79%,4,1.54,259
CRIANÇA,0 a < 5 anos,2025,NORDESTE,29,BA,290485,CABACEIRAS DO PARAGUACU,51,4.47%,75,6.57%,1016,88.97%,126,11.03,1142,14,1.23%,21,1.84%,1016,88.97%,91,7.97%,35,3.06,1142
CRIANÇA,0 a < 5 anos,2025,NORDESTE,29,BA,290490,CACHOEIRA,70,6.28%,50,4.48%,995,89.24%,120,10.76,1115,17,1.52%,26,2.33%,934,83.77%,138,12.38%,43,3.86,1115
CRIANÇA,0 a < 5 anos,2025,NORDESTE,29,BA,290500,CACULE,13,1.2%,38,3.52%,1028,95.27%,51,4.73,1079,4,0.37%,15,1.39%,1006,93.23%,54,5%,19,1.76,1079
CRIANÇA,0 a < 5 anos,2025,NORDESTE,29,BA,290510,CAEM,29,5.23%,32,5.78%,493,88.99%,61,11.01,554,6,1.08%,12,2.17%,488,88.09%,48,8.66%,18,3.25,554
CRIANÇA,0 a < 5 anos,2025,NORDESTE,29,BA,290515,CAETANOS,19,2.97%,38,5.94%,583,91.09%,57,8.91,640,4,0.63%,13,2.03%,576,90%,47,7.34%,17,2.66,640
CRIANÇA,0 a < 5 anos,2025,NORDESTE,29,BA,290520,CAETITE,80,3.59%,127,5.69%,2024,90.72%,207,9.28,2231,24,1.08%,80,3.59%,2035,91.21%,92,4.12%,104,4.66,2231
CRIANÇA,0 a < 5 anos,2025,NORDESTE,29,BA,290530,CAFARNAUM,54,4.82%,71,6.34%,995,88.84%,125,11.16,1120,4,0.36%,32,2.86%,1033,92.23%,51,4.55%,36,3.21,1120
CRIANÇA,0 a < 5 anos,2025,NORDESTE,29,BA,290540,CAIRU,55,5.86%,55,5.86%,829,88.29%,110,11.71,939,3,0.32%,24,2.56%,826,87.97%,86,9.16%,27,2.88,939
CRIANÇA,0 a < 5 anos,2025,NORDESTE,29,BA,290550,CALDEIRAO GRANDE,61,7.88%,68,8.79%,645,83.33%,129,16.67,774,7,0.9%,31,4.01%,674,87.08%,62,8.01%,38,4.91,774
CRIANÇA,0 a < 5 anos,2025,NORDESTE,29,BA,290560,CAMACAN,32,3.47%,50,5.42%,840,91.11%,82,8.89,922,9,0.98%,12,1.3%,829,89.91%,72,7.81%,21,2.28,922
CRIANÇA,0 a < 5 anos,2025,NORDESTE,29,BA,290570,CAMACARI,334,3.06%,528,4.84%,10052,92.1%,862,7.9,10914,65,0.6%,217,1.99%,9564,87.62%,1069,9.79%,282,2.58,10915
CRIANÇA,0 a < 5 anos,2025,NORDESTE,29,BA,290580,CAMAMU,87,4.67%,101,5.42%,1676,89.91%,188,10.09,1864,11,0.59%,44,2.36%,1670,89.59%,139,7.46%,55,2.95,1864
CRIANÇA,0 a < 5 anos,2025,NORDESTE,29,BA,290590,CAMPO ALEGRE DE LOURDES,95,5.01%,116,6.12%,1685,88.87%,211,11.13,1896,17,0.9%,58,3.06%,1690,89.14%,131,6.91%,75,3.96,1896
CRIANÇA,0 a < 5 anos,2025,NORDESTE,29,BA,290600,CAMPO FORMOSO,222,5.44%,303,7.43%,3555,87.13%,525,12.87,4080,48,1.18%,152,3.72%,3644,89.29%,237,5.81%,200,4.9,4081
CRIANÇA,0 a < 5 anos,2025,NORDESTE,29,BA,290610,CANAPOLIS,28,5.83%,34,7.08%,418,87.08%,62,12.92,480,9,1.88%,16,3.33%,433,90.21%,22,4.58%,25,5.21,480
CRIANÇA,0 a < 5 anos,2025,NORDESTE,29,BA,290620,CANARANA,203,13.11%,161,10.4%,1184,76.49%,364,23.51,1548,46,2.97%,82,5.3%,1368,88.37%,52,3.36%,128,8.27,1548
CRIANÇA,0 a < 5 anos,2025,NORDESTE,29,BA,290630,CANAVIEIRAS,39,2.68%,82,5.64%,1332,91.67%,121,8.33,1453,8,0.55%,46,3.17%,1287,88.58%,112,7.71%,54,3.72,1453
CRIANÇA,0 a < 5 anos,2025,NORDESTE,29,BA,290640,CANDEAL,16,3.83%,17,4.07%,385,92.11%,33,7.89,418,0,-,8,1.91%,382,91.39%,28,6.7%,8,1.91,418
CRIANÇA,0 a < 5 anos,2025,NORDESTE,29,BA,290650,CANDEIAS,129,3.78%,184,5.39%,3101,90.83%,313,9.17,3414,26,0.76%,56,1.64%,3106,90.98%,226,6.62%,82,2.4,3414
CRIANÇA,0 a < 5 anos,2025,NORDESTE,29,BA,290660,CANDIBA,15,2.7%,30,5.41%,510,91.89%,45,8.11,555,1,0.18%,23,4.14%,494,89.01%,37,6.67%,24,4.32,555
CRIANÇA,0 a < 5 anos,2025,NORDESTE,29,BA,290670,CANDIDO SALES,48,3.4%,67,4.74%,1298,91.86%,115,8.14,1413,12,0.85%,30,2.12%,1277,90.38%,94,6.65%,42,2.97,1413
CRIANÇA,0 a < 5 anos,2025,NORDESTE,29,BA,290680,CANSANCAO,78,3.45%,136,6.02%,2044,90.52%,214,9.48,2258,8,0.35%,42,1.86%,2022,89.55%,186,8.24%,50,2.21,2258
CRIANÇA,0 a < 5 anos,2025,NORDESTE,29,BA,290682,CANUDOS,36,3.97%,40,4.41%,831,91.62%,76,8.38,907,8,0.88%,18,1.98%,809,89.2%,72,7.94%,26,2.87,907
CRIANÇA,0 a < 5 anos,2025,NORDESTE,29,BA,290685,CAPELA DO ALTO ALEGRE,9,2.05%,26,5.94%,403,92.01%,35,7.99,438,1,0.23%,5,1.14%,399,91.1%,33,7.53%,6,1.37,438
CRIANÇA,0 a < 5 anos,2025,NORDESTE,29,BA,290687,CAPIM GROSSO,83,5.2%,137,8.58%,1376,86.22%,220,13.78,1596,17,1.07%,48,3.01%,1439,90.16%,92,5.76%,65,4.07,1596
CRIANÇA,0 a < 5 anos,2025,NORDESTE,29,BA,290689,CARAIBAS,15,3.47%,24,5.56%,393,90.97%,39,9.03,432,2,0.46%,13,3.01%,390,90.28%,27,6.25%,15,3.47,432
CRIANÇA,0 a < 5 anos,2025,NORDESTE,29,BA,290690,CARAVELAS,149,13.95%,76,7.12%,843,78.93%,225,21.07,1068,71,6.65%,76,7.12%,858,80.34%,63,5.9%,147,13.76,1068
CRIANÇA,0 a < 5 anos,2025,NORDESTE,29,BA,290700,CARDEAL DA SILVA,37,6.11%,35,5.78%,534,88.12%,72,11.88,606,6,0.99%,15,2.48%,525,86.63%,60,9.9%,21,3.47,606
CRIANÇA,0 a < 5 anos,2025,NORDESTE,29,BA,290710,CARINHANHA,61,3.35%,113,6.2%,1648,90.45%,174,9.55,1822,12,0.66%,44,2.41%,1616,88.69%,150,8.23%,56,3.07,1822
CRIANÇA,0 a < 5 anos,2025,NORDESTE,29,BA,290720,CASA NOVA,372,8.69%,397,9.28%,3510,82.03%,769,17.97,4279,185,4.32%,202,4.72%,3614,84.46%,278,6.5%,387,9.04,4279
CRIANÇA,0 a < 5 anos,2025,NORDESTE,29,BA,290730,CASTRO ALVES,27,2.12%,58,4.56%,1188,93.32%,85,6.68,1273,8,0.63%,20,1.57%,1117,87.75%,128,10.05%,28,2.2,1273
CRIANÇA,0 a < 5 anos,2025,NORDESTE,29,BA,290740,CATOLANDIA,6,2.96%,8,3.94%,189,93.1%,14,6.9,203,1,0.49%,2,0.99%,184,90.64%,16,7.88%,3,1.48,203
CRIANÇA,0 a < 5 anos,2025,NORDESTE,29,BA,290750,CATU,63,4.22%,100,6.7%,1329,89.08%,163,10.92,1492,6,0.4%,38,2.55%,1286,86.19%,162,10.86%,44,2.95,1492
CRIANÇA,0 a < 5 anos,2025,NORDESTE,29,BA,290755,CATURAMA,4,1.17%,14,4.11%,323,94.72%,18,5.28,341,2,0.59%,6,1.76%,314,92.08%,19,5.57%,8,2.35,341
CRIANÇA,0 a < 5 anos,2025,NORDESTE,29,BA,290760,CENTRAL,103,12.44%,51,6.16%,674,81.4%,154,18.6,828,40,4.83%,43,5.19%,688,83.09%,57,6.88%,83,10.02,828
CRIANÇA,0 a < 5 anos,2025,NORDESTE,29,BA,290770,CHORROCHO,28,4.05%,52,7.51%,612,88.44%,80,11.56,692,5,0.72%,15,2.17%,616,89.02%,56,8.09%,20,2.89,692
CRIANÇA,0 a < 5 anos,2025,NORDESTE,29,BA,290780,CICERO DANTAS,33,2.61%,67,5.3%,1163,92.08%,100,7.92,1263,4,0.32%,25,1.98%,1139,90.18%,95,7.52%,29,2.3,1263
CRIANÇA,0 a < 5 anos,2025,NORDESTE,29,BA,290790,CIPO,39,3.87%,62,6.14%,908,89.99%,101,10.01,1009,9,0.89%,41,4.06%,866,85.83%,93,9.22%,50,4.96,1009
CRIANÇA,0 a < 5 anos,2025,NORDESTE,29,BA,290800,COARACI,37,6.02%,37,6.02%,541,87.97%,74,12.03,615,18,2.93%,20,3.25%,532,86.5%,45,7.32%,38,6.18,615
CRIANÇA,0 a < 5 anos,2025,NORDESTE,29,BA,290810,COCOS,38,3.6%,53,5.02%,965,91.38%,91,8.62,1056,10,0.95%,21,1.99%,963,91.19%,62,5.87%,31,2.94,1056
CRIANÇA,0 a < 5 anos,2025,NORDESTE,29,BA,290820,CONCEICAO DA FEIRA,65,6.79%,76,7.94%,816,85.27%,141,14.73,957,10,1.04%,31,3.24%,815,85.16%,101,10.55%,41,4.28,957
CRIANÇA,0 a < 5 anos,2025,NORDESTE,29,BA,290830,CONCEICAO DO ALMEIDA,12,1.75%,39,5.69%,634,92.55%,51,7.45,685,2,0.29%,12,1.75%,611,89.2%,60,8.76%,14,2.04,685
CRIANÇA,0 a < 5 anos,2025,NORDESTE,29,BA,290840,CONCEICAO DO COITE,113,3.2%,190,5.38%,3230,91.42%,303,8.58,3533,20,0.57%,64,1.81%,3136,88.76%,313,8.86%,84,2.38,3533
CRIANÇA,0 a < 5 anos,2025,NORDESTE,29,BA,290850,CONCEICAO DO JACUIPE,57,3.43%,83,4.99%,1522,91.58%,140,8.42,1662,14,0.84%,40,2.41%,1443,86.82%,165,9.93%,54,3.25,1662
CRIANÇA,0 a < 5 anos,2025,NORDESTE,29,BA,290860,CONDE,70,4.7%,98,6.58%,1322,88.72%,168,11.28,1490,7,0.47%,43,2.89%,1296,86.98%,144,9.66%,50,3.36,1490
CRIANÇA,0 a < 5 anos,2025,NORDESTE,29,BA,290870,CONDEUBA,19,2.25%,28,3.31%,799,94.44%,47,5.56,846,7,0.83%,11,1.3%,786,92.91%,42,4.96%,18,2.13,846
CRIANÇA,0 a < 5 anos,2025,NORDESTE,29,BA,290880,CONTENDAS DO SINCORA,5,2.18%,8,3.49%,216,94.32%,13,5.68,229,2,0.87%,7,3.06%,209,91.27%,11,4.8%,9,3.93,229
CRIANÇA,0 a < 5 anos,2025,NORDESTE,29,BA,290890,CORACAO DE MARIA,65,7.25%,89,9.92%,743,82.83%,154,17.17,897,12,1.34%,45,5.02%,738,82.27%,102,11.37%,57,6.35,897
CRIANÇA,0 a < 5 anos,2025,NORDESTE,29,BA,290900,CORDEIROS,9,2.06%,15,3.43%,413,94.51%,24,5.49,437,1,0.23%,7,1.6%,406,92.91%,23,5.26%,8,1.83,437
CRIANÇA,0 a < 5 anos,2025,NORDESTE,29,BA,290910,CORIBE,13,1.74%,35,4.7%,697,93.56%,48,6.44,745,1,0.13%,13,1.74%,691,92.75%,40,5.37%,14,1.88,745
CRIANÇA,0 a < 5 anos,2025,NORDESTE,29,BA,290920,CORONEL JOAO SA,27,2.84%,52,5.47%,871,91.68%,79,8.32,950,4,0.42%,22,2.32%,838,88.21%,86,9.05%,26,2.74,950
CRIANÇA,0 a < 5 anos,2025,NORDESTE,29,BA,290930,CORRENTINA,112,5.78%,120,6.2%,1705,88.02%,232,11.98,1937,30,1.55%,91,4.7%,1681,86.78%,135,6.97%,121,6.25,1937
CRIANÇA,0 a < 5 anos,2025,NORDESTE,29,BA,290940,COTEGIPE,54,7.68%,51,7.25%,598,85.06%,105,14.94,703,7,1%,23,3.27%,623,88.62%,50,7.11%,30,4.27,703
CRIANÇA,0 a < 5 anos,2025,NORDESTE,29,BA,290950,CRAVOLANDIA,4,1.68%,17,7.14%,217,91.18%,21,8.82,238,2,0.84%,1,0.42%,207,86.97%,28,11.76%,3,1.26,238
CRIANÇA,0 a < 5 anos,2025,NORDESTE,29,BA,290960,CRISOPOLIS,43,3.9%,80,7.26%,979,88.84%,123,11.16,1102,11,1%,19,1.72%,981,89.02%,91,8.26%,30,2.72,1102
CRIANÇA,0 a < 5 anos,2025,NORDESTE,29,BA,290970,CRISTOPOLIS,33,4.8%,58,8.44%,596,86.75%,91,13.25,687,5,0.73%,13,1.89%,631,91.85%,38,5.53%,18,2.62,687
CRIANÇA,0 a < 5 anos,2025,NORDESTE,29,BA,290980,CRUZ DAS ALMAS,113,4.63%,181,7.42%,2146,87.95%,294,12.05,2440,15,0.61%,64,2.62%,2145,87.91%,216,8.85%,79,3.24,2440
CRIANÇA,0 a < 5 anos,2025,NORDESTE,29,BA,290990,CURACA,123,6.42%,117,6.11%,1675,87.47%,240,12.53,1915,14,0.73%,39,2.04%,1703,88.93%,159,8.3%,53,2.77,1915
CRIANÇA,0 a < 5 anos,2025,NORDESTE,29,BA,291000,DARIO MEIRA,26,4.4%,32,5.41%,533,90.19%,58,9.81,591,10,1.69%,20,3.38%,523,88.49%,38,6.43%,30,5.08,591
CRIANÇA,0 a < 5 anos,2025,NORDESTE,29,BA,291005,DIAS D'AVILA,118,3.82%,164,5.31%,2807,90.87%,282,9.13,3089,15,0.49%,67,2.17%,2717,87.93%,291,9.42%,82,2.65,3090
CRIANÇA,0 a < 5 anos,2025,NORDESTE,29,BA,291010,DOM BASILIO,11,1.71%,22,3.43%,609,94.86%,33,5.14,642,1,0.16%,12,1.87%,590,91.9%,39,6.07%,13,2.02,642
CRIANÇA,0 a < 5 anos,2025,NORDESTE,29,BA,291020,DOM MACEDO COSTA,1,0.54%,3,1.63%,180,97.83%,4,2.17,184,1,0.54%,2,1.09%,165,89.67%,16,8.7%,3,1.63,184
CRIANÇA,0 a < 5 anos,2025,NORDESTE,29,BA,291030,ELISIO MEDRADO,8,2.61%,9,2.94%,289,94.44%,17,5.56,306,2,0.65%,13,4.25%,256,83.66%,35,11.44%,15,4.9,306
CRIANÇA,0 a < 5 anos,2025,NORDESTE,29,BA,291040,ENCRUZILHADA,56,5.86%,62,6.49%,837,87.64%,118,12.36,955,9,0.94%,26,2.72%,845,88.48%,75,7.85%,35,3.66,955
CRIANÇA,0 a < 5 anos,2025,NORDESTE,29,BA,291050,ENTRE RIOS,107,4.95%,135,6.24%,1920,88.81%,242,11.19,2162,15,0.69%,61,2.82%,1879,86.91%,207,9.57%,76,3.52,2162
CRIANÇA,0 a < 5 anos,2025,NORDESTE,29,BA,291060,ESPLANADA,90,5.43%,114,6.88%,1454,87.7%,204,12.3,1658,8,0.48%,28,1.69%,1468,88.54%,154,9.29%,36,2.17,1658
CRIANÇA,0 a < 5 anos,2025,NORDESTE,29,BA,291070,EUCLIDES DA CUNHA,189,6.12%,202,6.54%,2699,87.35%,391,12.65,3090,63,2.04%,99,3.21%,2627,85.07%,299,9.68%,162,5.25,3088
CRIANÇA,0 a < 5 anos,2025,NORDESTE,29,BA,291072,EUNAPOLIS,116,2.5%,185,3.98%,4342,93.52%,301,6.48,4643,36,0.78%,93,2%,4113,88.57%,402,8.66%,129,2.78,4644
CRIANÇA,0 a < 5 anos,2025,NORDESTE,29,BA,291075,FATIMA,19,2.04%,41,4.39%,873,93.57%,60,6.43,933,0,-,22,2.36%,865,92.71%,46,4.93%,22,2.36,933
CRIANÇA,0 a < 5 anos,2025,NORDESTE,29,BA,291077,FEIRA DA MATA,9,2.95%,11,3.61%,285,93.44%,20,6.56,305,3,0.98%,7,2.3%,274,89.84%,21,6.89%,10,3.28,305
CRIANÇA,0 a < 5 anos,2025,NORDESTE,29,BA,291080,FEIRA DE SANTANA,1635,7.89%,1721,8.3%,17370,83.81%,3356,16.19,20726,212,1.02%,502,2.42%,17897,86.35%,2115,10.2%,714,3.44,20726
CRIANÇA,0 a < 5 anos,2025,NORDESTE,29,BA,291085,FILADELFIA,63,6.25%,57,5.65%,888,88.1%,120,11.9,1008,6,0.6%,21,2.08%,912,90.48%,69,6.85%,27,2.68,1008
CRIANÇA,0 a < 5 anos,2025,NORDESTE,29,BA,291090,FIRMINO ALVES,11,4.33%,12,4.72%,231,90.94%,23,9.06,254,1,0.39%,4,1.57%,217,85.43%,32,12.6%,5,1.97,254
CRIANÇA,0 a < 5 anos,2025,NORDESTE,29,BA,291100,FLORESTA AZUL,25,6.67%,28,7.47%,322,85.87%,53,14.13,375,0,-,11,2.93%,342,91.2%,22,5.87%,11,2.93,375
CRIANÇA,0 a < 5 anos,2025,NORDESTE,29,BA,291110,FORMOSA DO RIO PRETO,54,3.63%,92,6.18%,1343,90.19%,146,9.81,1489,10,0.67%,43,2.89%,1341,90.06%,95,6.38%,53,3.56,1489
CRIANÇA,0 a < 5 anos,2025,NORDESTE,29,BA,291120,GANDU,44,3.13%,63,4.48%,1300,92.4%,107,7.6,1407,9,0.64%,31,2.2%,1254,89.13%,113,8.03%,40,2.84,1407
CRIANÇA,0 a < 5 anos,2025,NORDESTE,29,BA,291125,GAVIAO,17,7.52%,22,9.73%,187,82.74%,39,17.26,226,0,-,4,1.77%,201,88.94%,21,9.29%,4,1.77,226
CRIANÇA,0 a < 5 anos,2025,NORDESTE,29,BA,291130,GENTIO DO OURO,27,5.28%,26,5.09%,458,89.63%,53,10.37,511,4,0.78%,12,2.35%,473,92.56%,22,4.31%,16,3.13,511
CRIANÇA,0 a < 5 anos,2025,NORDESTE,29,BA,291140,GLORIA,23,2.7%,46,5.41%,782,91.89%,69,8.11,851,38,4.47%,20,2.35%,726,85.31%,67,7.87%,58,6.82,851
CRIANÇA,0 a < 5 anos,2025,NORDESTE,29,BA,291150,GONGOGI,19,5.29%,32,8.91%,308,85.79%,51,14.21,359,5,1.39%,8,2.23%,317,88.3%,29,8.08%,13,3.62,359
CRIANÇA,0 a < 5 anos,2025,NORDESTE,29,BA,291160,GOVERNADOR MANGABEIRA,39,3.94%,59,5.95%,893,90.11%,98,9.89,991,3,0.3%,25,2.52%,868,87.59%,95,9.59%,28,2.83,991
CRIANÇA,0 a < 5 anos,2025,NORDESTE,29,BA,291165,GUAJERU,6,1.74%,22,6.38%,317,91.88%,28,8.12,345,0,-,5,1.45%,328,95.07%,12,3.48%,5,1.45,345
CRIANÇA,0 a < 5 anos,2025,NORDESTE,29,BA,291170,GUANAMBI,55,1.41%,153,3.92%,3693,94.67%,208,5.33,3901,20,0.51%,102,2.61%,3550,91%,229,5.87%,122,3.13,3901
CRIANÇA,0 a < 5 anos,2025,NORDESTE,29,BA,291180,GUARATINGA,29,4.22%,43,6.25%,616,89.53%,72,10.47,688,3,0.44%,12,1.74%,628,91.28%,45,6.54%,15,2.18,688
CRIANÇA,0 a < 5 anos,2025,NORDESTE,29,BA,291185,HELIOPOLIS,22,3.72%,48,8.11%,522,88.18%,70,11.82,592,1,0.17%,15,2.53%,530,89.53%,46,7.77%,16,2.7,592
CRIANÇA,0 a < 5 anos,2025,NORDESTE,29,BA,291190,IACU,32,2.68%,53,4.44%,1108,92.88%,85,7.12,1193,4,0.34%,26,2.18%,1069,89.61%,94,7.88%,30,2.51,1193
CRIANÇA,0 a < 5 anos,2025,NORDESTE,29,BA,291200,IBIASSUCE,6,1.28%,14,2.99%,448,95.73%,20,4.27,468,3,0.64%,9,1.92%,428,91.45%,28,5.98%,12,2.56,468
CRIANÇA,0 a < 5 anos,2025,NORDESTE,29,BA,291210,IBICARAI,42,4.57%,68,7.39%,810,88.04%,110,11.96,920,4,0.43%,21,2.28%,811,88.15%,84,9.13%,25,2.72,920
CRIANÇA,0 a < 5 anos,2025,NORDESTE,29,BA,291220,IBICOARA,72,5.33%,81,6%,1198,88.68%,153,11.32,1351,6,0.44%,39,2.89%,1199,88.75%,107,7.92%,45,3.33,1351
CRIANÇA,0 a < 5 anos,2025,NORDESTE,29,BA,291230,IBICUI,10,1.55%,18,2.8%,616,95.65%,28,4.35,644,1,0.16%,3,0.47%,584,90.68%,56,8.7%,4,0.62,644
CRIANÇA,0 a < 5 anos,2025,NORDESTE,29,BA,291240,IBIPEBA,11,1.26%,32,3.67%,830,95.07%,43,4.93,873,4,0.46%,16,1.83%,793,90.84%,60,6.87%,20,2.29,873
CRIANÇA,0 a < 5 anos,2025,NORDESTE,29,BA,291250,IBIPITANGA,14,2.08%,23,3.41%,637,94.51%,37,5.49,674,2,0.3%,11,1.63%,622,92.28%,39,5.79%,13,1.93,674
CRIANÇA,0 a < 5 anos,2025,NORDESTE,29,BA,291260,IBIQUERA,16,6.93%,18,7.79%,197,85.28%,34,14.72,231,2,0.87%,6,2.6%,209,90.48%,14,6.06%,8,3.46,231
CRIANÇA,0 a < 5 anos,2025,NORDESTE,29,BA,291270,IBIRAPITANGA,49,4.83%,55,5.42%,910,89.74%,104,10.26,1014,10,0.99%,20,1.97%,893,88.07%,91,8.97%,30,2.96,1014
CRIANÇA,0 a < 5 anos,2025,NORDESTE,29,BA,291280,IBIRAPUA,26,4.88%,37,6.94%,470,88.18%,63,11.82,533,4,0.75%,13,2.44%,470,88.18%,46,8.63%,17,3.19,533
CRIANÇA,0 a < 5 anos,2025,NORDESTE,29,BA,291290,IBIRATAIA,25,2.71%,52,5.65%,844,91.64%,77,8.36,921,2,0.22%,19,2.06%,811,88.06%,89,9.66%,21,2.28,921
CRIANÇA,0 a < 5 anos,2025,NORDESTE,29,BA,291300,IBITIARA,17,2.89%,36,6.12%,535,90.99%,53,9.01,588,3,0.51%,10,1.7%,530,90.14%,45,7.65%,13,2.21,588
CRIANÇA,0 a < 5 anos,2025,NORDESTE,29,BA,291310,IBITITA,64,6.35%,60,5.95%,884,87.7%,124,12.3,1008,12,1.19%,19,1.88%,908,90.08%,69,6.85%,31,3.08,1008
CRIANÇA,0 a < 5 anos,2025,NORDESTE,29,BA,291320,IBOTIRAMA,49,3.21%,79,5.18%,1397,91.61%,128,8.39,1525,11,0.72%,35,2.3%,1386,90.89%,93,6.1%,46,3.02,1525
CRIANÇA,0 a < 5 anos,2025,NORDESTE,29,BA,291330,ICHU,6,1.6%,17,4.52%,353,93.88%,23,6.12,376,3,0.8%,10,2.67%,334,89.07%,28,7.47%,13,3.47,375
CRIANÇA,0 a < 5 anos,2025,NORDESTE,29,BA,291340,IGAPORA,14,1.87%,22,2.93%,714,95.2%,36,4.8,750,5,0.67%,10,1.33%,692,92.27%,43,5.73%,15,2.0,750
CRIANÇA,0 a < 5 anos,2025,NORDESTE,29,BA,291345,IGRAPIUNA,32,4.9%,36,5.51%,585,89.59%,68,10.41,653,7,1.07%,17,2.6%,589,90.2%,40,6.13%,24,3.68,653
CRIANÇA,0 a < 5 anos,2025,NORDESTE,29,BA,291350,IGUAI,33,3.46%,41,4.3%,879,92.24%,74,7.76,953,8,0.84%,20,2.1%,848,88.98%,77,8.08%,28,2.94,953
CRIANÇA,0 a < 5 anos,2025,NORDESTE,29,BA,291360,ILHEUS,245,4.46%,345,6.28%,4901,89.26%,590,10.74,5491,70,1.27%,122,2.22%,4892,89.09%,407,7.41%,192,3.5,5491
CRIANÇA,0 a < 5 anos,2025,NORDESTE,29,BA,291370,INHAMBUPE,120,6.9%,135,7.76%,1485,85.34%,255,14.66,1740,10,0.57%,39,2.24%,1525,87.64%,166,9.54%,49,2.82,1740
CRIANÇA,0 a < 5 anos,2025,NORDESTE,29,BA,291380,IPECAETA,47,5.33%,54,6.13%,780,88.54%,101,11.46,881,7,0.79%,16,1.82%,768,87.17%,90,10.22%,23,2.61,881
CRIANÇA,0 a < 5 anos,2025,NORDESTE,29,BA,291390,IPIAU,88,5.12%,101,5.88%,1529,89%,189,11.0,1718,16,0.93%,37,2.15%,1482,86.26%,183,10.65%,53,3.08,1718
CRIANÇA,0 a < 5 anos,2025,NORDESTE,29,BA,291400,IPIRA,110,4.74%,176,7.59%,2033,87.67%,286,12.33,2319,32,1.38%,93,4.01%,1990,85.81%,204,8.8%,125,5.39,2319
CRIANÇA,0 a < 5 anos,2025,NORDESTE,29,BA,291410,IPUPIARA,14,2.55%,17,3.1%,518,94.35%,31,5.65,549,4,0.73%,10,1.82%,498,90.71%,37,6.74%,14,2.55,549
CRIANÇA,0 a < 5 anos,2025,NORDESTE,29,BA,291420,IRAJUBA,7,2.21%,12,3.79%,298,94.01%,19,5.99,317,3,0.95%,7,2.21%,286,90.22%,21,6.62%,10,3.15,317
CRIANÇA,0 a < 5 anos,2025,NORDESTE,29,BA,291430,IRAMAIA,16,3.53%,23,5.08%,414,91.39%,39,8.61,453,3,0.66%,11,2.43%,395,87.2%,44,9.71%,14,3.09,453
CRIANÇA,0 a < 5 anos,2025,NORDESTE,29,BA,291440,IRAQUARA,55,3.41%,86,5.33%,1473,91.26%,141,8.74,1614,21,1.3%,41,2.54%,1468,90.95%,84,5.2%,62,3.84,1614
CRIANÇA,0 a < 5 anos,2025,NORDESTE,29,BA,291450,IRARA,68,4.77%,89,6.24%,1270,89%,157,11.0,1427,8,0.56%,24,1.68%,1280,89.7%,115,8.06%,32,2.24,1427
CRIANÇA,0 a < 5 anos,2025,NORDESTE,29,BA,291460,IRECE,126,3.65%,240,6.96%,3082,89.39%,366,10.61,3448,20,0.58%,84,2.44%,3116,90.37%,228,6.61%,104,3.02,3448
CRIANÇA,0 a < 5 anos,2025,NORDESTE,29,BA,291465,ITABELA,291,14.11%,159,7.71%,1613,78.19%,450,21.81,2063,153,7.42%,95,4.6%,1693,82.06%,122,5.91%,248,12.02,2063
CRIANÇA,0 a < 5 anos,2025,NORDESTE,29,BA,291470,ITABERABA,239,7.75%,234,7.59%,2610,84.66%,473,15.34,3083,99,3.21%,93,3.02%,2686,87.12%,205,6.65%,192,6.23,3083
CRIANÇA,0 a < 5 anos,2025,NORDESTE,29,BA,291480,ITABUNA,204,4%,293,5.75%,4603,90.25%,497,9.75,5100,60,1.18%,119,2.33%,4396,86.2%,525,10.29%,179,3.51,5100
CRIANÇA,0 a < 5 anos,2025,NORDESTE,29,BA,291490,ITACARE,60,3.66%,111,6.77%,1468,89.57%,171,10.43,1639,8,0.49%,35,2.14%,1475,89.99%,121,7.38%,43,2.62,1639
CRIANÇA,0 a < 5 anos,2025,NORDESTE,29,BA,291500,ITAETE,35,3.94%,31,3.49%,822,92.57%,66,7.43,888,4,0.45%,22,2.48%,812,91.44%,50,5.63%,26,2.93,888
CRIANÇA,0 a < 5 anos,2025,NORDESTE,29,BA,291510,ITAGI,23,3.52%,36,5.5%,595,90.98%,59,9.02,654,5,0.76%,12,1.83%,585,89.45%,52,7.95%,17,2.6,654
CRIANÇA,0 a < 5 anos,2025,NORDESTE,29,BA,291520,ITAGIBA,35,4.87%,33,4.59%,651,90.54%,68,9.46,719,2,0.28%,20,2.78%,625,86.93%,72,10.01%,22,3.06,719
CRIANÇA,0 a < 5 anos,2025,NORDESTE,29,BA,291530,ITAGIMIRIM,17,5.57%,10,3.28%,278,91.15%,27,8.85,305,2,0.66%,3,0.98%,275,90.16%,25,8.2%,5,1.64,305
CRIANÇA,0 a < 5 anos,2025,NORDESTE,29,BA,291535,ITAGUACU DA BAHIA,35,3.88%,61,6.76%,806,89.36%,96,10.64,902,7,0.78%,25,2.77%,811,89.91%,59,6.54%,32,3.55,902
CRIANÇA,0 a < 5 anos,2025,NORDESTE,29,BA,291540,ITAJU DO COLONIA,9,3.38%,19,7.14%,238,89.47%,28,10.53,266,0,-,4,1.5%,232,87.22%,30,11.28%,4,1.5,266
CRIANÇA,0 a < 5 anos,2025,NORDESTE,29,BA,291550,ITAJUIPE,49,5.59%,90,10.27%,737,84.13%,139,15.87,876,7,0.8%,17,1.94%,794,90.64%,58,6.62%,24,2.74,876
CRIANÇA,0 a < 5 anos,2025,NORDESTE,29,BA,291560,ITAMARAJU,173,6.25%,191,6.9%,2404,86.85%,364,13.15,2768,55,1.99%,75,2.71%,2448,88.44%,190,6.86%,130,4.7,2768
CRIANÇA,0 a < 5 anos,2025,NORDESTE,29,BA,291570,ITAMARI,6,2%,8,2.67%,286,95.33%,14,4.67,300,1,0.33%,3,1%,265,88.33%,31,10.33%,4,1.33,300
CRIANÇA,0 a < 5 anos,2025,NORDESTE,29,BA,291580,ITAMBE,51,4.5%,42,3.71%,1040,91.79%,93,8.21,1133,8,0.71%,20,1.77%,991,87.47%,114,10.06%,28,2.47,1133
CRIANÇA,0 a < 5 anos,2025,NORDESTE,29,BA,291590,ITANAGRA,12,2.46%,21,4.31%,454,93.22%,33,6.78,487,2,0.41%,11,2.26%,433,88.91%,41,8.42%,13,2.67,487
CRIANÇA,0 a < 5 anos,2025,NORDESTE,29,BA,291600,ITANHEM,13,2.24%,18,3.1%,549,94.66%,31,5.34,580,3,0.52%,7,1.21%,514,88.62%,56,9.66%,10,1.72,580
CRIANÇA,0 a < 5 anos,2025,NORDESTE,29,BA,291610,ITAPARICA,42,4.48%,67,7.15%,828,88.37%,109,11.63,937,14,1.49%,21,2.24%,797,85.06%,105,11.21%,35,3.74,937
CRIANÇA,0 a < 5 anos,2025,NORDESTE,29,BA,291620,ITAPE,14,3.42%,21,5.13%,374,91.44%,35,8.56,409,3,0.73%,12,2.93%,346,84.6%,48,11.74%,15,3.67,409
CRIANÇA,0 a < 5 anos,2025,NORDESTE,29,BA,291630,ITAPEBI,11,2.32%,22,4.64%,441,93.04%,33,6.96,474,2,0.42%,8,1.69%,424,89.45%,40,8.44%,10,2.11,474
CRIANÇA,0 a < 5 anos,2025,NORDESTE,29,BA,291640,ITAPETINGA,80,2.87%,135,4.84%,2576,92.3%,215,7.7,2791,15,0.54%,49,1.76%,2472,88.57%,255,9.14%,64,2.29,2791
CRIANÇA,0 a < 5 anos,2025,NORDESTE,29,BA,291650,ITAPICURU,57,3.09%,121,6.55%,1668,90.36%,178,9.64,1846,13,0.7%,41,2.22%,1620,87.76%,172,9.32%,54,2.93,1846
CRIANÇA,0 a < 5 anos,2025,NORDESTE,29,BA,291660,ITAPITANGA,16,6.48%,20,8.1%,211,85.43%,36,14.57,247,1,0.4%,16,6.48%,212,85.83%,18,7.29%,17,6.88,247
CRIANÇA,0 a < 5 anos,2025,NORDESTE,29,BA,291670,ITAQUARA,3,0.88%,8,2.35%,330,96.77%,11,3.23,341,0,-,6,1.76%,309,90.62%,26,7.62%,6,1.76,341
CRIANÇA,0 a < 5 anos,2025,NORDESTE,29,BA,291680,ITARANTIM,12,1.69%,23,3.24%,674,95.06%,35,4.94,709,4,0.56%,14,1.97%,619,87.31%,72,10.16%,18,2.54,709
CRIANÇA,0 a < 5 anos,2025,NORDESTE,29,BA,291685,ITATIM,41,3.73%,55,5%,1004,91.27%,96,8.73,1100,19,1.73%,17,1.55%,943,85.73%,121,11%,36,3.27,1100
CRIANÇA,0 a < 5 anos,2025,NORDESTE,29,BA,291690,ITIRUCU,8,1.48%,25,4.61%,509,93.91%,33,6.09,542,2,0.37%,10,1.85%,491,90.59%,39,7.2%,12,2.21,542
CRIANÇA,0 a < 5 anos,2025,NORDESTE,29,BA,291700,ITIUBA,120,5.99%,135,6.74%,1747,87.26%,255,12.74,2002,27,1.35%,55,2.75%,1768,88.31%,152,7.59%,82,4.1,2002
CRIANÇA,0 a < 5 anos,2025,NORDESTE,29,BA,291710,ITORORO,24,3.03%,49,6.19%,718,90.77%,73,9.23,791,3,0.38%,12,1.52%,692,87.48%,84,10.62%,15,1.9,791
CRIANÇA,0 a < 5 anos,2025,NORDESTE,29,BA,291720,ITUACU,24,2.33%,40,3.89%,964,93.77%,64,6.23,1028,15,1.46%,20,1.95%,939,91.34%,54,5.25%,35,3.4,1028
CRIANÇA,0 a < 5 anos,2025,NORDESTE,29,BA,291730,ITUBERA,69,5.7%,74,6.11%,1068,88.19%,143,11.81,1211,4,0.33%,39,3.22%,1068,88.19%,100,8.26%,43,3.55,1211
CRIANÇA,0 a < 5 anos,2025,NORDESTE,29,BA,291733,IUIU,23,3.78%,29,4.76%,557,91.46%,52,8.54,609,5,0.82%,9,1.48%,548,89.98%,47,7.72%,14,2.3,609
CRIANÇA,0 a < 5 anos,2025,NORDESTE,29,BA,291735,JABORANDI,11,1.68%,33,5.05%,610,93.27%,44,6.73,654,2,0.31%,15,2.29%,579,88.53%,58,8.87%,17,2.6,654
CRIANÇA,0 a < 5 anos,2025,NORDESTE,29,BA,291740,JACARACI,20,3.24%,23,3.72%,575,93.04%,43,6.96,618,6,0.97%,14,2.27%,569,92.07%,29,4.69%,20,3.24,618
CRIANÇA,0 a < 5 anos,2025,NORDESTE,29,BA,291750,JACOBINA,218,5.42%,250,6.21%,3555,88.37%,468,11.63,4023,43,1.07%,120,2.98%,3576,88.89%,284,7.06%,163,4.05,4023
CRIANÇA,0 a < 5 anos,2025,NORDESTE,29,BA,291760,JAGUAQUARA,69,3.42%,101,5.01%,1845,91.56%,170,8.44,2015,18,0.89%,50,2.48%,1801,89.38%,146,7.25%,68,3.37,2015
CRIANÇA,0 a < 5 anos,2025,NORDESTE,29,BA,291770,JAGUARARI,100,7.17%,115,8.25%,1179,84.58%,215,15.42,1394,13,0.93%,53,3.8%,1228,88.09%,100,7.17%,66,4.73,1394
CRIANÇA,0 a < 5 anos,2025,NORDESTE,29,BA,291780,JAGUARIPE,25,2.66%,44,4.68%,871,92.66%,69,7.34,940,7,0.74%,15,1.6%,836,88.94%,82,8.72%,22,2.34,940
CRIANÇA,0 a < 5 anos,2025,NORDESTE,29,BA,291790,JANDAIRA,63,9.74%,40,6.18%,544,84.08%,103,15.92,647,14,2.16%,20,3.09%,558,86.24%,55,8.5%,34,5.26,647
CRIANÇA,0 a < 5 anos,2025,NORDESTE,29,BA,291800,JEQUIE,192,3.09%,280,4.5%,5750,92.41%,472,7.59,6222,34,0.55%,135,2.17%,5492,88.27%,561,9.02%,169,2.72,6222
CRIANÇA,0 a < 5 anos,2025,NORDESTE,29,BA,291810,JEREMOABO,71,3.54%,143,7.13%,1792,89.33%,214,10.67,2006,5,0.25%,44,2.19%,1807,90.08%,150,7.48%,49,2.44,2006
CRIANÇA,0 a < 5 anos,2025,NORDESTE,29,BA,291820,JIQUIRICA,30,4.23%,43,6.06%,636,89.7%,73,10.3,709,1,0.14%,19,2.68%,634,89.42%,55,7.76%,20,2.82,709
CRIANÇA,0 a < 5 anos,2025,NORDESTE,29,BA,291830,JITAUNA,26,3.14%,44,5.31%,759,91.56%,70,8.44,829,6,0.72%,11,1.33%,753,90.83%,59,7.12%,17,2.05,829
CRIANÇA,0 a < 5 anos,2025,NORDESTE,29,BA,291835,JOAO DOURADO,104,7.07%,115,7.82%,1251,85.1%,219,14.9,1470,15,1.02%,43,2.93%,1342,91.29%,70,4.76%,58,3.95,1470
CRIANÇA,0 a < 5 anos,2025,NORDESTE,29,BA,291840,JUAZEIRO,648,4.95%,910,6.96%,11522,88.09%,1558,11.91,13080,130,0.99%,352,2.69%,11684,89.33%,914,6.99%,482,3.69,13080
CRIANÇA,0 a < 5 anos,2025,NORDESTE,29,BA,291845,JUCURUCU,25,4.66%,26,4.84%,486,90.5%,51,9.5,537,2,0.37%,15,2.79%,486,90.5%,34,6.33%,17,3.17,537
CRIANÇA,0 a < 5 anos,2025,NORDESTE,29,BA,291850,JUSSARA,32,3.38%,59,6.24%,855,90.38%,91,9.62,946,6,0.63%,22,2.33%,851,89.96%,67,7.08%,28,2.96,946
CRIANÇA,0 a < 5 anos,2025,NORDESTE,29,BA,291855,JUSSARI,9,3.95%,16,7.02%,203,89.04%,25,10.96,228,1,0.44%,2,0.88%,204,89.47%,21,9.21%,3,1.32,228
CRIANÇA,0 a < 5 anos,2025,NORDESTE,29,BA,291860,JUSSIAPE,5,1.85%,4,1.48%,261,96.67%,9,3.33,270,1,0.37%,3,1.11%,242,89.63%,24,8.89%,4,1.48,270
CRIANÇA,0 a < 5 anos,2025,NORDESTE,29,BA,291870,LAFAIETE COUTINHO,4,2.07%,4,2.07%,185,95.85%,8,4.15,193,1,0.52%,6,3.11%,174,90.16%,12,6.22%,7,3.63,193
CRIANÇA,0 a < 5 anos,2025,NORDESTE,29,BA,291875,LAGOA REAL,14,2.1%,26,3.9%,627,94%,40,6.0,667,4,0.6%,8,1.2%,613,91.9%,42,6.3%,12,1.8,667
CRIANÇA,0 a < 5 anos,2025,NORDESTE,29,BA,291880,LAJE,56,4.89%,58,5.06%,1032,90.05%,114,9.95,1146,11,0.96%,27,2.35%,1013,88.32%,96,8.37%,38,3.31,1147
CRIANÇA,0 a < 5 anos,2025,NORDESTE,29,BA,291890,LAJEDAO,29,12.34%,21,8.94%,185,78.72%,50,21.28,235,8,3.4%,7,2.98%,198,84.26%,22,9.36%,15,6.38,235
CRIANÇA,0 a < 5 anos,2025,NORDESTE,29,BA,291900,LAJEDINHO,15,7.04%,16,7.51%,182,85.45%,31,14.55,213,3,1.41%,3,1.41%,191,89.67%,16,7.51%,6,2.82,213
CRIANÇA,0 a < 5 anos,2025,NORDESTE,29,BA,291905,LAJEDO DO TABOCAL,6,1.91%,17,5.41%,291,92.68%,23,7.32,314,0,-,6,1.91%,284,90.45%,24,7.64%,6,1.91,314
CRIANÇA,0 a < 5 anos,2025,NORDESTE,29,BA,291910,LAMARAO,20,3.92%,33,6.47%,457,89.61%,53,10.39,510,5,0.98%,14,2.75%,434,85.1%,57,11.18%,19,3.73,510
CRIANÇA,0 a < 5 anos,2025,NORDESTE,29,BA,291915,LAPAO,89,5.08%,100,5.71%,1563,89.21%,189,10.79,1752,11,0.63%,41,2.34%,1602,91.44%,98,5.59%,52,2.97,1752
CRIANÇA,0 a < 5 anos,2025,NORDESTE,29,BA,291920,LAURO DE FREITAS,260,4.36%,295,4.95%,5402,90.68%,555,9.32,5957,61,1.02%,112,1.88%,5202,87.3%,584,9.8%,173,2.9,5959
CRIANÇA,0 a < 5 anos,2025,NORDESTE,29,BA,291930,LENCOIS,16,4.2%,26,6.82%,339,88.98%,42,11.02,381,4,1.05%,9,2.36%,343,90.03%,25,6.56%,13,3.41,381
CRIANÇA,0 a < 5 anos,2025,NORDESTE,29,BA,291940,LICINIO DE ALMEIDA,9,1.48%,28,4.61%,571,93.91%,37,6.09,608,1,0.16%,8,1.32%,579,95.23%,20,3.29%,9,1.48,608
CRIANÇA,0 a < 5 anos,2025,NORDESTE,29,BA,291950,LIVRAMENTO DE NOSSA SENHORA,36,1.83%,69,3.51%,1860,94.66%,105,5.34,1965,11,0.56%,44,2.24%,1780,90.59%,130,6.62%,55,2.8,1965
CRIANÇA,0 a < 5 anos,2025,NORDESTE,29,BA,291955,LUIS EDUARDO MAGALHAES,226,3.15%,371,5.17%,6582,91.68%,597,8.32,7179,39,0.54%,166,2.31%,6523,90.86%,451,6.28%,205,2.86,7179
CRIANÇA,0 a < 5 anos,2025,NORDESTE,29,BA,291960,MACAJUBA,41,6.87%,31,5.19%,525,87.94%,72,12.06,597,21,3.52%,19,3.18%,519,86.93%,38,6.37%,40,6.7,597
CRIANÇA,0 a < 5 anos,2025,NORDESTE,29,BA,291970,MACARANI,9,1.36%,19,2.87%,633,95.76%,28,4.24,661,2,0.3%,11,1.66%,597,90.32%,51,7.72%,13,1.97,661
CRIANÇA,0 a < 5 anos,2025,NORDESTE,29,BA,291980,MACAUBAS,37,1.73%,82,3.84%,2016,94.43%,119,5.57,2135,14,0.66%,55,2.58%,1963,91.94%,103,4.82%,69,3.23,2135
CRIANÇA,0 a < 5 anos,2025,NORDESTE,29,BA,291990,MACURURE,25,5.09%,30,6.11%,436,88.8%,55,11.2,491,3,0.61%,17,3.46%,426,86.76%,45,9.16%,20,4.07,491
CRIANÇA,0 a < 5 anos,2025,NORDESTE,29,BA,291992,MADRE DE DEUS,22,4.44%,36,7.27%,437,88.28%,58,11.72,495,2,0.4%,7,1.41%,381,76.97%,105,21.21%,9,1.82,495
CRIANÇA,0 a < 5 anos,2025,NORDESTE,29,BA,291995,MAETINGA,7,1.85%,10,2.65%,361,95.5%,17,4.5,378,2,0.53%,3,0.79%,352,93.12%,21,5.56%,5,1.32,378
CRIANÇA,0 a < 5 anos,2025,NORDESTE,29,BA,292000,MAIQUINIQUE,13,3.22%,14,3.47%,377,93.32%,27,6.68,404,1,0.25%,7,1.73%,357,88.37%,39,9.65%,8,1.98,404
CRIANÇA,0 a < 5 anos,2025,NORDESTE,29,BA,292010,MAIRI,89,10.89%,63,7.71%,665,81.4%,152,18.6,817,40,4.9%,25,3.06%,708,86.66%,44,5.39%,65,7.96,817
CRIANÇA,0 a < 5 anos,2025,NORDESTE,29,BA,292020,MALHADA,38,3.48%,44,4.03%,1011,92.5%,82,7.5,1093,5,0.46%,33,3.02%,984,90.03%,71,6.5%,38,3.48,1093
CRIANÇA,0 a < 5 anos,2025,NORDESTE,29,BA,292030,MALHADA DE PEDRAS,7,1.67%,23,5.5%,388,92.82%,30,7.18,418,1,0.24%,6,1.44%,400,95.69%,11,2.63%,7,1.67,418
CRIANÇA,0 a < 5 anos,2025,NORDESTE,29,BA,292040,MANOEL VITORINO,43,5.9%,44,6.04%,642,88.07%,87,11.93,729,0,-,20,2.74%,612,83.95%,97,13.31%,20,2.74,729
CRIANÇA,0 a < 5 anos,2025,NORDESTE,29,BA,292045,MANSIDAO,44,6.65%,67,10.12%,551,83.23%,111,16.77,662,13,1.96%,26,3.93%,584,88.22%,39,5.89%,39,5.89,662
CRIANÇA,0 a < 5 anos,2025,NORDESTE,29,BA,292050,MARACAS,43,3.7%,66,5.68%,1053,90.62%,109,9.38,1162,8,0.69%,27,2.32%,1037,89.24%,90,7.75%,35,3.01,1162
CRIANÇA,0 a < 5 anos,2025,NORDESTE,29,BA,292060,MARAGOGIPE,113,6.28%,120,6.67%,1566,87.05%,233,12.95,1799,15,0.83%,35,1.95%,1550,86.16%,199,11.06%,50,2.78,1799
CRIANÇA,0 a < 5 anos,2025,NORDESTE,29,BA,292070,MARAU,80,5.81%,63,4.58%,1233,89.61%,143,10.39,1376,7,0.51%,34,2.47%,1237,89.9%,98,7.12%,41,2.98,1376
CRIANÇA,0 a < 5 anos,2025,NORDESTE,29,BA,292080,MARCIONILIO SOUZA,30,5.07%,24,4.05%,538,90.88%,54,9.12,592,4,0.68%,14,2.36%,528,89.19%,46,7.77%,18,3.04,592
CRIANÇA,0 a < 5 anos,2025,NORDESTE,29,BA,292090,MASCOTE,17,3.96%,23,5.36%,389,90.68%,40,9.32,429,4,0.93%,5,1.17%,393,91.61%,27,6.29%,9,2.1,429
CRIANÇA,0 a < 5 anos,2025,NORDESTE,29,BA,292100,MATA DE SAO JOAO,114,3.96%,189,6.57%,2574,89.47%,303,10.53,2877,11,0.38%,42,1.46%,2558,88.91%,266,9.25%,53,1.84,2877
CRIANÇA,0 a < 5 anos,2025,NORDESTE,29,BA,292105,MATINA,9,1.69%,23,4.33%,499,93.97%,32,6.03,531,1,0.19%,10,1.88%,491,92.47%,29,5.46%,11,2.07,531
CRIANÇA,0 a < 5 anos,2025,NORDESTE,29,BA,292110,MEDEIROS NETO,48,4.39%,69,6.31%,976,89.3%,117,10.7,1093,7,0.64%,34,3.11%,967,88.47%,85,7.78%,41,3.75,1093
CRIANÇA,0 a < 5 anos,2025,NORDESTE,29,BA,292120,MIGUEL CALMON,68,5.56%,57,4.66%,1098,89.78%,125,10.22,1223,19,1.55%,27,2.21%,1097,89.7%,80,6.54%,46,3.76,1223
CRIANÇA,0 a < 5 anos,2025,NORDESTE,29,BA,292130,MILAGRES,19,3.57%,26,4.89%,487,91.54%,45,8.46,532,1,0.19%,8,1.5%,482,90.6%,41,7.71%,9,1.69,532
CRIANÇA,0 a < 5 anos,2025,NORDESTE,29,BA,292140,MIRANGABA,27,3.32%,34,4.18%,753,92.51%,61,7.49,814,5,0.61%,12,1.47%,725,89.07%,72,8.85%,17,2.09,814
CRIANÇA,0 a < 5 anos,2025,NORDESTE,29,BA,292145,MIRANTE,6,1.17%,26,5.08%,480,93.75%,32,6.25,512,0,-,11,2.15%,461,90.04%,40,7.81%,11,2.15,512
CRIANÇA,0 a < 5 anos,2025,NORDESTE,29,BA,292150,MONTE SANTO,130,5.06%,152,5.92%,2285,89.01%,282,10.99,2567,12,0.47%,47,1.83%,2278,88.71%,231,9%,59,2.3,2568
CRIANÇA,0 a < 5 anos,2025,NORDESTE,29,BA,292160,MORPARA,19,3.93%,40,8.28%,424,87.78%,59,12.22,483,2,0.41%,9,1.86%,452,93.58%,20,4.14%,11,2.28,483
CRIANÇA,0 a < 5 anos,2025,NORDESTE,29,BA,292170,MORRO DO CHAPEU,49,3.02%,72,4.44%,1501,92.54%,121,7.46,1622,17,1.05%,27,1.66%,1484,91.49%,94,5.8%,44,2.71,1622
CRIANÇA,0 a < 5 anos,2025,NORDESTE,29,BA,292180,MORTUGABA,12,2.21%,24,4.41%,508,93.38%,36,6.62,544,4,0.74%,16,2.94%,499,91.73%,25,4.6%,20,3.68,544
CRIANÇA,0 a < 5 anos,2025,NORDESTE,29,BA,292190,MUCUGE,25,3.51%,45,6.32%,642,90.17%,70,9.83,712,6,0.84%,13,1.83%,651,91.43%,42,5.9%,19,2.67,712
CRIANÇA,0 a < 5 anos,2025,NORDESTE,29,BA,292200,MUCURI,59,3%,95,4.84%,1810,92.16%,154,7.84,1964,13,0.66%,43,2.19%,1766,89.92%,142,7.23%,56,2.85,1964
CRIANÇA,0 a < 5 anos,2025,NORDESTE,29,BA,292205,MULUNGU DO MORRO,28,3.18%,61,6.92%,792,89.9%,89,10.1,881,1,0.11%,18,2.04%,817,92.74%,45,5.11%,19,2.16,881
CRIANÇA,0 a < 5 anos,2025,NORDESTE,29,BA,292210,MUNDO NOVO,27,3.55%,36,4.74%,697,91.71%,63,8.29,760,8,1.05%,12,1.58%,674,88.68%,66,8.68%,20,2.63,760
CRIANÇA,0 a < 5 anos,2025,NORDESTE,29,BA,292220,MUNIZ FERREIRA,8,2.68%,15,5.03%,275,92.28%,23,7.72,298,1,0.34%,4,1.34%,262,87.92%,31,10.4%,5,1.68,298
CRIANÇA,0 a < 5 anos,2025,NORDESTE,29,BA,292225,MUQUEM DE SAO FRANCISCO,57,9.3%,50,8.16%,506,82.54%,107,17.46,613,10,1.63%,14,2.28%,553,90.21%,36,5.87%,24,3.92,613
CRIANÇA,0 a < 5 anos,2025,NORDESTE,29,BA,292230,MURITIBA,58,3.6%,93,5.78%,1458,90.62%,151,9.38,1609,6,0.37%,33,2.05%,1442,89.62%,128,7.96%,39,2.42,1609
CRIANÇA,0 a < 5 anos,2025,NORDESTE,29,BA,292240,MUTUIPE,23,2.42%,46,4.84%,882,92.74%,69,7.26,951,7,0.74%,25,2.63%,847,89.06%,72,7.57%,32,3.36,951
CRIANÇA,0 a < 5 anos,2025,NORDESTE,29,BA,292250,NAZARE,46,4.28%,54,5.02%,976,90.71%,100,9.29,1076,8,0.74%,22,2.04%,936,86.99%,110,10.22%,30,2.79,1076
CRIANÇA,0 a < 5 anos,2025,NORDESTE,29,BA,292260,NILO PECANHA,43,5.75%,43,5.75%,662,88.5%,86,11.5,748,8,1.07%,19,2.54%,664,88.77%,57,7.62%,27,3.61,748
CRIANÇA,0 a < 5 anos,2025,NORDESTE,29,BA,292265,NORDESTINA,29,3.9%,47,6.33%,667,89.77%,76,10.23,743,2,0.27%,21,2.83%,671,90.31%,49,6.59%,23,3.1,743
CRIANÇA,0 a < 5 anos,2025,NORDESTE,29,BA,292270,NOVA CANAA,18,2.85%,34,5.39%,579,91.76%,52,8.24,631,3,0.48%,7,1.11%,582,92.23%,39,6.18%,10,1.58,631
CRIANÇA,0 a < 5 anos,2025,NORDESTE,29,BA,292273,NOVA FATIMA,13,3.42%,16,4.21%,351,92.37%,29,7.63,380,5,1.32%,7,1.84%,339,89.21%,29,7.63%,12,3.16,380
CRIANÇA,0 a < 5 anos,2025,NORDESTE,29,BA,292275,NOVA IBIA,11,3.11%,16,4.52%,327,92.37%,27,7.63,354,1,0.28%,5,1.41%,312,88.14%,36,10.17%,6,1.69,354
CRIANÇA,0 a < 5 anos,2025,NORDESTE,29,BA,292280,NOVA ITARANA,17,4.5%,24,6.35%,337,89.15%,41,10.85,378,5,1.32%,13,3.44%,314,83.07%,46,12.17%,18,4.76,378
CRIANÇA,0 a < 5 anos,2025,NORDESTE,29,BA,292285,NOVA REDENCAO,19,5.05%,18,4.79%,339,90.16%,37,9.84,376,6,1.6%,11,2.93%,328,87.23%,31,8.24%,17,4.52,376
CRIANÇA,0 a < 5 anos,2025,NORDESTE,29,BA,292290,NOVA SOURE,53,4.03%,89,6.77%,1172,89.19%,142,10.81,1314,5,0.38%,31,2.36%,1186,90.26%,92,7%,36,2.74,1314
CRIANÇA,0 a < 5 anos,2025,NORDESTE,29,BA,292300,NOVA VICOSA,84,3.97%,99,4.68%,1933,91.35%,183,8.65,2116,23,1.09%,56,2.65%,1838,86.86%,199,9.4%,79,3.73,2116
CRIANÇA,0 a < 5 anos,2025,NORDESTE,29,BA,292303,NOVO HORIZONTE,17,2.46%,28,4.05%,647,93.5%,45,6.5,692,5,0.72%,14,2.02%,627,90.61%,46,6.65%,19,2.75,692
CRIANÇA,0 a < 5 anos,2025,NORDESTE,29,BA,292305,NOVO TRIUNFO,31,6.39%,37,7.63%,417,85.98%,68,14.02,485,3,0.62%,18,3.71%,432,89.07%,32,6.6%,21,4.33,485
CRIANÇA,0 a < 5 anos,2025,NORDESTE,29,BA,292310,OLINDINA,74,6.92%,102,9.54%,893,83.54%,176,16.46,1069,10,0.94%,34,3.18%,948,88.68%,77,7.2%,44,4.12,1069
CRIANÇA,0 a < 5 anos,2025,NORDESTE,29,BA,292320,OLIVEIRA DOS BREJINHOS,45,3.79%,54,4.55%,1087,91.65%,99,8.35,1186,5,0.42%,28,2.36%,1080,91.06%,73,6.16%,33,2.78,1186
CRIANÇA,0 a < 5 anos,2025,NORDESTE,29,BA,292330,OURICANGAS,15,3.71%,40,9.9%,349,86.39%,55,13.61,404,3,0.74%,9,2.23%,360,89.11%,32,7.92%,12,2.97,404
CRIANÇA,0 a < 5 anos,2025,NORDESTE,29,BA,292335,OUROLANDIA,47,4.01%,69,5.89%,1056,90.1%,116,9.9,1172,9,0.77%,31,2.65%,1029,87.8%,103,8.79%,40,3.41,1172
CRIANÇA,0 a < 5 anos,2025,NORDESTE,29,BA,292340,PALMAS DE MONTE ALTO,24,2.4%,44,4.41%,930,93.19%,68,6.81,998,6,0.6%,22,2.2%,911,91.28%,59,5.91%,28,2.81,998
CRIANÇA,0 a < 5 anos,2025,NORDESTE,29,BA,292350,PALMEIRAS,22,4.08%,33,6.12%,484,89.8%,55,10.2,539,4,0.74%,12,2.23%,485,89.98%,38,7.05%,16,2.97,539
CRIANÇA,0 a < 5 anos,2025,NORDESTE,29,BA,292360,PARAMIRIM,15,1.78%,22,2.61%,807,95.62%,37,4.38,844,5,0.59%,21,2.49%,758,89.81%,60,7.11%,26,3.08,844
CRIANÇA,0 a < 5 anos,2025,NORDESTE,29,BA,292370,PARATINGA,83,4.14%,118,5.89%,1803,89.97%,201,10.03,2004,16,0.8%,53,2.64%,1809,90.22%,127,6.33%,69,3.44,2005
CRIANÇA,0 a < 5 anos,2025,NORDESTE,29,BA,292380,PARIPIRANGA,36,2.74%,41,3.12%,1238,94.14%,77,5.86,1315,3,0.23%,15,1.14%,1209,91.94%,88,6.69%,18,1.37,1315
CRIANÇA,0 a < 5 anos,2025,NORDESTE,29,BA,292390,PAU BRASIL,16,2.31%,32,4.61%,646,93.08%,48,6.92,694,4,0.58%,11,1.59%,606,87.32%,73,10.52%,15,2.16,694
CRIANÇA,0 a < 5 anos,2025,NORDESTE,29,BA,292400,PAULO AFONSO,154,2.98%,307,5.94%,4709,91.08%,461,8.92,5170,39,0.75%,95,1.84%,4599,88.96%,437,8.45%,134,2.59,5170
CRIANÇA,0 a < 5 anos,2025,NORDESTE,29,BA,292405,PE DE SERRA,13,1.57%,19,2.29%,796,96.14%,32,3.86,828,3,0.36%,13,1.57%,757,91.43%,55,6.64%,16,1.93,828
CRIANÇA,0 a < 5 anos,2025,NORDESTE,29,BA,292410,PEDRAO,21,5.98%,23,6.55%,307,87.46%,44,12.54,351,5,1.42%,13,3.7%,293,83.48%,40,11.4%,18,5.13,351
CRIANÇA,0 a < 5 anos,2025,NORDESTE,29,BA,292420,PEDRO ALEXANDRE,48,5.08%,57,6.04%,839,88.88%,105,11.12,944,2,0.21%,24,2.54%,839,88.88%,79,8.37%,26,2.75,944
CRIANÇA,0 a < 5 anos,2025,NORDESTE,29,BA,292430,PIATA,40,4.05%,66,6.68%,882,89.27%,106,10.73,988,8,0.81%,31,3.14%,881,89.17%,68,6.88%,39,3.95,988
CRIANÇA,0 a < 5 anos,2025,NORDESTE,29,BA,292440,PILAO ARCADO,149,8.66%,180,10.47%,1391,80.87%,329,19.13,1720,28,1.63%,75,4.36%,1478,85.98%,138,8.03%,103,5.99,1719
CRIANÇA,0 a < 5 anos,2025,NORDESTE,29,BA,292450,PINDAI,32,4.26%,34,4.53%,685,91.21%,66,8.79,751,8,1.07%,18,2.4%,662,88.15%,63,8.39%,26,3.46,751
CRIANÇA,0 a < 5 anos,2025,NORDESTE,29,BA,292460,PINDOBACU,90,7.66%,114,9.7%,971,82.64%,204,17.36,1175,26,2.21%,38,3.23%,1053,89.62%,58,4.94%,64,5.45,1175
CRIANÇA,0 a < 5 anos,2025,NORDESTE,29,BA,292465,PINTADAS,6,1.17%,16,3.13%,490,95.7%,22,4.3,512,0,-,11,2.15%,462,90.23%,39,7.62%,11,2.15,512
CRIANÇA,0 a < 5 anos,2025,NORDESTE,29,BA,292467,PIRAI DO NORTE,28,5.98%,20,4.27%,420,89.74%,48,10.26,468,8,1.71%,9,1.92%,404,86.32%,47,10.04%,17,3.63,468
CRIANÇA,0 a < 5 anos,2025,NORDESTE,29,BA,292470,PIRIPA,6,1.39%,18,4.18%,407,94.43%,24,5.57,431,1,0.23%,10,2.32%,400,92.81%,20,4.64%,11,2.55,431
CRIANÇA,0 a < 5 anos,2025,NORDESTE,29,BA,292480,PIRITIBA,68,8.48%,44,5.49%,690,86.03%,112,13.97,802,9,1.12%,27,3.37%,696,86.78%,70,8.73%,36,4.49,802
CRIANÇA,0 a < 5 anos,2025,NORDESTE,29,BA,292490,PLANALTINO,8,2.65%,18,5.96%,276,91.39%,26,8.61,302,3,0.99%,7,2.32%,275,91.06%,17,5.63%,10,3.31,302
CRIANÇA,0 a < 5 anos,2025,NORDESTE,29,BA,292500,PLANALTO,27,2.14%,60,4.75%,1175,93.11%,87,6.89,1262,7,0.55%,24,1.9%,1138,90.17%,93,7.37%,31,2.46,1262
CRIANÇA,0 a < 5 anos,2025,NORDESTE,29,BA,292510,POCOES,92,4.2%,158,7.21%,1940,88.58%,250,11.42,2190,15,0.68%,49,2.24%,1952,89.13%,174,7.95%,64,2.92,2190
CRIANÇA,0 a < 5 anos,2025,NORDESTE,29,BA,292520,POJUCA,46,4.6%,72,7.21%,881,88.19%,118,11.81,999,6,0.6%,15,1.5%,894,89.49%,84,8.41%,21,2.1,999
CRIANÇA,0 a < 5 anos,2025,NORDESTE,29,BA,292525,PONTO NOVO,51,4.02%,62,4.88%,1157,91.1%,113,8.9,1270,7,0.55%,34,2.68%,1124,88.5%,105,8.27%,41,3.23,1270
CRIANÇA,0 a < 5 anos,2025,NORDESTE,29,BA,292530,PORTO SEGURO,275,4.43%,421,6.78%,5513,88.79%,696,11.21,6209,48,0.77%,132,2.13%,5489,88.4%,540,8.7%,180,2.9,6209
CRIANÇA,0 a < 5 anos,2025,NORDESTE,29,BA,292540,POTIRAGUA,21,4.21%,34,6.81%,444,88.98%,55,11.02,499,53,10.62%,31,6.21%,379,75.95%,36,7.21%,84,16.83,499
CRIANÇA,0 a < 5 anos,2025,NORDESTE,29,BA,292550,PRADO,275,12.63%,167,7.67%,1736,79.71%,442,20.29,2178,152,6.98%,94,4.32%,1824,83.75%,108,4.96%,246,11.29,2178
CRIANÇA,0 a < 5 anos,2025,NORDESTE,29,BA,292560,PRESIDENTE DUTRA,20,2.92%,23,3.35%,643,93.73%,43,6.27,686,8,1.17%,14,2.04%,613,89.36%,51,7.43%,22,3.21,686
CRIANÇA,0 a < 5 anos,2025,NORDESTE,29,BA,292570,PRESIDENTE JANIO QUADROS,17,2.44%,25,3.59%,655,93.97%,42,6.03,697,2,0.29%,12,1.72%,649,93.11%,34,4.88%,14,2.01,697
CRIANÇA,0 a < 5 anos,2025,NORDESTE,29,BA,292575,PRESIDENTE TANCREDO NEVES,64,3.73%,98,5.72%,1552,90.55%,162,9.45,1714,5,0.29%,40,2.33%,1534,89.5%,135,7.88%,45,2.63,1714
CRIANÇA,0 a < 5 anos,2025,NORDESTE,29,BA,292580,QUEIMADAS,73,6.01%,71,5.85%,1070,88.14%,144,11.86,1214,24,1.98%,36,2.97%,1061,87.4%,93,7.66%,60,4.94,1214
CRIANÇA,0 a < 5 anos,2025,NORDESTE,29,BA,292590,QUIJINGUE,55,4.04%,90,6.61%,1217,89.35%,145,10.65,1362,7,0.51%,36,2.64%,1198,87.96%,121,8.88%,43,3.16,1362
CRIANÇA,0 a < 5 anos,2025,NORDESTE,29,BA,292593,QUIXABEIRA,10,2.87%,19,5.46%,319,91.67%,29,8.33,348,3,0.86%,7,2.01%,315,90.52%,23,6.61%,10,2.87,348
CRIANÇA,0 a < 5 anos,2025,NORDESTE,29,BA,292595,RAFAEL JAMBEIRO,58,5.45%,48,4.51%,959,90.05%,106,9.95,1065,4,0.38%,20,1.88%,935,87.79%,106,9.95%,24,2.25,1065
CRIANÇA,0 a < 5 anos,2025,NORDESTE,29,BA,292600,REMANSO,80,3.25%,139,5.65%,2243,91.1%,219,8.9,2462,18,0.73%,61,2.48%,2198,89.28%,185,7.51%,79,3.21,2462
CRIANÇA,0 a < 5 anos,2025,NORDESTE,29,BA,292610,RETIROLANDIA,31,3.88%,37,4.63%,732,91.5%,68,8.5,800,4,0.5%,14,1.75%,724,90.5%,58,7.25%,18,2.25,800
CRIANÇA,0 a < 5 anos,2025,NORDESTE,29,BA,292620,RIACHAO DAS NEVES,123,9.95%,129,10.44%,984,79.61%,252,20.39,1236,13,1.05%,39,3.16%,1087,87.94%,97,7.85%,52,4.21,1236
CRIANÇA,0 a < 5 anos,2025,NORDESTE,29,BA,292630,RIACHAO DO JACUIPE,58,4.43%,55,4.2%,1197,91.37%,113,8.63,1310,9,0.69%,23,1.76%,1149,87.71%,129,9.85%,32,2.44,1310
CRIANÇA,0 a < 5 anos,2025,NORDESTE,29,BA,292640,RIACHO DE SANTANA,48,3.32%,80,5.53%,1319,91.15%,128,8.85,1447,9,0.62%,38,2.63%,1314,90.81%,86,5.94%,47,3.25,1447
CRIANÇA,0 a < 5 anos,2025,NORDESTE,29,BA,292650,RIBEIRA DO AMPARO,50,6.05%,44,5.33%,732,88.62%,94,11.38,826,8,0.97%,27,3.27%,726,87.89%,65,7.87%,35,4.24,826
CRIANÇA,0 a < 5 anos,2025,NORDESTE,29,BA,292660,RIBEIRA DO POMBAL,98,3.42%,167,5.83%,2601,90.75%,265,9.25,2866,21,0.73%,49,1.71%,2587,90.27%,209,7.29%,70,2.44,2866
CRIANÇA,0 a < 5 anos,2025,NORDESTE,29,BA,292665,RIBEIRAO DO LARGO,22,5.35%,37,9%,352,85.64%,59,14.36,411,3,0.73%,7,1.7%,368,89.54%,33,8.03%,10,2.43,411
CRIANÇA,0 a < 5 anos,2025,NORDESTE,29,BA,292670,RIO DE CONTAS,20,3.66%,23,4.21%,503,92.12%,43,7.88,546,4,0.73%,13,2.38%,492,90.11%,37,6.78%,17,3.11,546
CRIANÇA,0 a < 5 anos,2025,NORDESTE,29,BA,292680,RIO DO ANTONIO,22,4%,37,6.73%,491,89.27%,59,10.73,550,6,1.09%,13,2.36%,504,91.64%,27,4.91%,19,3.45,550
CRIANÇA,0 a < 5 anos,2025,NORDESTE,29,BA,292690,RIO DO PIRES,12,2.93%,27,6.6%,370,90.46%,39,9.54,409,4,0.98%,8,1.96%,356,87.04%,41,10.02%,12,2.93,409
CRIANÇA,0 a < 5 anos,2025,NORDESTE,29,BA,292700,RIO REAL,56,3.22%,93,5.34%,1591,91.44%,149,8.56,1740,16,0.92%,39,2.24%,1523,87.53%,162,9.31%,55,3.16,1740
CRIANÇA,0 a < 5 anos,2025,NORDESTE,29,BA,292710,RODELAS,47,6.84%,50,7.28%,590,85.88%,97,14.12,687,4,0.58%,22,3.2%,621,90.39%,40,5.82%,26,3.78,687
CRIANÇA,0 a < 5 anos,2025,NORDESTE,29,BA,292720,RUY BARBOSA,43,2.82%,64,4.19%,1420,92.99%,107,7.01,1527,7,0.46%,35,2.29%,1391,91.09%,94,6.16%,42,2.75,1527
CRIANÇA,0 a < 5 anos,2025,NORDESTE,29,BA,292730,SALINAS DA MARGARIDA,150,17.63%,75,8.81%,626,73.56%,225,26.44,851,9,1.06%,34,4%,700,82.26%,108,12.69%,43,5.05,851
CRIANÇA,0 a < 5 anos,2025,NORDESTE,29,BA,292740,SALVADOR,2474,3.81%,3771,5.81%,58633,90.37%,6245,9.63,64878,395,0.61%,1193,1.84%,57536,88.68%,5757,8.87%,1588,2.45,64881
CRIANÇA,0 a < 5 anos,2025,NORDESTE,29,BA,292750,SANTA BARBARA,51,5.51%,69,7.45%,806,87.04%,120,12.96,926,5,0.54%,37,4%,815,88.01%,69,7.45%,42,4.54,926
CRIANÇA,0 a < 5 anos,2025,NORDESTE,29,BA,292760,SANTA BRIGIDA,39,3.97%,84,8.55%,859,87.47%,123,12.53,982,2,0.2%,17,1.73%,896,91.24%,67,6.82%,19,1.93,982
CRIANÇA,0 a < 5 anos,2025,NORDESTE,29,BA,292770,SANTA CRUZ CABRALIA,186,11.6%,116,7.23%,1302,81.17%,302,18.83,1604,89,5.55%,64,3.99%,1335,83.23%,116,7.23%,153,9.54,1604
CRIANÇA,0 a < 5 anos,2025,NORDESTE,29,BA,292780,SANTA CRUZ DA VITORIA,9,3.81%,7,2.97%,220,93.22%,16,6.78,236,1,0.42%,2,0.85%,220,93.22%,13,5.51%,3,1.27,236
CRIANÇA,0 a < 5 anos,2025,NORDESTE,29,BA,292790,SANTA INES,14,2.88%,16,3.29%,456,93.83%,30,6.17,486,1,0.21%,17,3.5%,427,87.86%,41,8.44%,18,3.7,486
CRIANÇA,0 a < 5 anos,2025,NORDESTE,29,BA,292800,SANTALUZ,89,4.49%,137,6.92%,1755,88.59%,226,11.41,1981,12,0.61%,42,2.12%,1793,90.51%,134,6.76%,54,2.73,1981
CRIANÇA,0 a < 5 anos,2025,NORDESTE,29,BA,292805,SANTA LUZIA,12,1.79%,31,4.63%,627,93.58%,43,6.42,670,6,0.9%,11,1.64%,593,88.51%,60,8.96%,17,2.54,670
CRIANÇA,0 a < 5 anos,2025,NORDESTE,29,BA,292810,SANTA MARIA DA VITORIA,100,5.15%,133,6.85%,1710,88.01%,233,11.99,1943,19,0.98%,47,2.42%,1726,88.83%,151,7.77%,66,3.4,1943
CRIANÇA,0 a < 5 anos,2025,NORDESTE,29,BA,292820,SANTANA,65,4.99%,66,5.07%,1172,89.95%,131,10.05,1303,10,0.77%,30,2.3%,1173,90.02%,90,6.91%,40,3.07,1303
CRIANÇA,0 a < 5 anos,2025,NORDESTE,29,BA,292830,SANTANOPOLIS,22,4.42%,32,6.43%,444,89.16%,54,10.84,498,5,1%,17,3.41%,446,89.56%,30,6.02%,22,4.42,498
CRIANÇA,0 a < 5 anos,2025,NORDESTE,29,BA,292840,SANTA RITA DE CASSIA,64,4%,97,6.07%,1438,89.93%,161,10.07,1599,6,0.38%,40,2.5%,1478,92.43%,75,4.69%,46,2.88,1599
CRIANÇA,0 a < 5 anos,2025,NORDESTE,29,BA,292850,SANTA TEREZINHA,9,1.67%,15,2.78%,516,95.56%,24,4.44,540,3,0.56%,9,1.67%,478,88.52%,50,9.26%,12,2.22,540
CRIANÇA,0 a < 5 anos,2025,NORDESTE,29,BA,292860,SANTO AMARO,185,7.57%,189,7.74%,2069,84.69%,374,15.31,2443,19,0.78%,60,2.46%,1863,76.26%,501,20.51%,79,3.23,2443
CRIANÇA,0 a < 5 anos,2025,NORDESTE,29,BA,292870,SANTO ANTONIO DE JESUS,133,3.16%,230,5.46%,3852,91.39%,363,8.61,4215,29,0.69%,88,2.09%,3733,88.56%,365,8.66%,117,2.78,4215
CRIANÇA,0 a < 5 anos,2025,NORDESTE,29,BA,292880,SANTO ESTEVAO,125,4.86%,152,5.91%,2294,89.23%,277,10.77,2571,22,0.86%,64,2.49%,2291,89.11%,194,7.55%,86,3.35,2571
CRIANÇA,0 a < 5 anos,2025,NORDESTE,29,BA,292890,SAO DESIDERIO,104,5.19%,151,7.53%,1749,87.28%,255,12.72,2004,27,1.35%,61,3.04%,1798,89.72%,118,5.89%,88,4.39,2004
CRIANÇA,0 a < 5 anos,2025,NORDESTE,29,BA,292895,SAO DOMINGOS,10,2.48%,19,4.7%,375,92.82%,29,7.18,404,2,0.5%,6,1.49%,372,92.08%,24,5.94%,8,1.98,404
CRIANÇA,0 a < 5 anos,2025,NORDESTE,29,BA,292900,SAO FELIX,39,7.88%,16,3.23%,440,88.89%,55,11.11,495,7,1.41%,8,1.62%,434,87.68%,46,9.29%,15,3.03,495
CRIANÇA,0 a < 5 anos,2025,NORDESTE,29,BA,292905,SAO FELIX DO CORIBE,28,3.51%,31,3.89%,738,92.6%,59,7.4,797,14,1.76%,22,2.76%,714,89.59%,47,5.9%,36,4.52,797
CRIANÇA,0 a < 5 anos,2025,NORDESTE,29,BA,292910,SAO FELIPE,31,3.26%,46,4.83%,875,91.91%,77,8.09,952,9,0.95%,14,1.47%,848,89.08%,81,8.51%,23,2.42,952
CRIANÇA,0 a < 5 anos,2025,NORDESTE,29,BA,292920,SAO FRANCISCO DO CONDE,82,6.05%,86,6.35%,1187,87.6%,168,12.4,1355,7,0.52%,24,1.77%,1179,87.01%,145,10.7%,31,2.29,1355
CRIANÇA,0 a < 5 anos,2025,NORDESTE,29,BA,292925,SAO GABRIEL,38,3.57%,64,6.02%,962,90.41%,102,9.59,1064,8,0.75%,45,4.23%,938,88.16%,73,6.86%,53,4.98,1064
CRIANÇA,0 a < 5 anos,2025,NORDESTE,29,BA,292930,SAO GONCALO DOS CAMPOS,51,4.09%,63,5.05%,1134,90.87%,114,9.13,1248,12,0.96%,28,2.24%,1083,86.78%,125,10.02%,40,3.21,1248
CRIANÇA,0 a < 5 anos,2025,NORDESTE,29,BA,292935,SAO JOSE DA VITORIA,9,2.8%,17,5.28%,296,91.93%,26,8.07,322,2,0.62%,8,2.48%,286,88.82%,26,8.07%,10,3.11,322
CRIANÇA,0 a < 5 anos,2025,NORDESTE,29,BA,292937,SAO JOSE DO JACUIPE,9,1.67%,24,4.44%,507,93.89%,33,6.11,540,1,0.19%,11,2.04%,494,91.48%,34,6.3%,12,2.22,540
CRIANÇA,0 a < 5 anos,2025,NORDESTE,29,BA,292940,SAO MIGUEL DAS MATAS,15,2.76%,33,6.07%,496,91.18%,48,8.82,544,1,0.18%,8,1.47%,486,89.34%,49,9.01%,9,1.65,544
CRIANÇA,0 a < 5 anos,2025,NORDESTE,29,BA,292950,SAO SEBASTIAO DO PASSE,59,3.93%,77,5.12%,1367,90.95%,136,9.05,1503,10,0.67%,27,1.8%,1328,88.36%,138,9.18%,37,2.46,1503
CRIANÇA,0 a < 5 anos,2025,NORDESTE,29,BA,292960,SAPEACU,35,3.88%,55,6.1%,812,90.02%,90,9.98,902,5,0.55%,15,1.66%,802,88.91%,80,8.87%,20,2.22,902
CRIANÇA,0 a < 5 anos,2025,NORDESTE,29,BA,292970,SATIRO DIAS,80,9.17%,77,8.83%,715,82%,157,18.0,872,12,1.38%,20,2.29%,754,86.47%,86,9.86%,32,3.67,872
CRIANÇA,0 a < 5 anos,2025,NORDESTE,29,BA,292975,SAUBARA,199,33.17%,43,7.17%,358,59.67%,242,40.33,600,147,24.54%,28,4.67%,381,63.61%,43,7.18%,175,29.22,599
CRIANÇA,0 a < 5 anos,2025,NORDESTE,29,BA,292980,SAUDE,19,3.91%,24,4.94%,443,91.15%,43,8.85,486,4,0.82%,11,2.26%,436,89.71%,35,7.2%,15,3.09,486
CRIANÇA,0 a < 5 anos,2025,NORDESTE,29,BA,292990,SEABRA,99,4.48%,131,5.93%,1979,89.59%,230,10.41,2209,32,1.45%,74,3.35%,2014,91.17%,89,4.03%,106,4.8,2209
CRIANÇA,0 a < 5 anos,2025,NORDESTE,29,BA,293000,SEBASTIAO LARANJEIRAS,7,1.46%,25,5.22%,447,93.32%,32,6.68,479,5,1.04%,5,1.04%,435,90.81%,34,7.1%,10,2.09,479
CRIANÇA,0 a < 5 anos,2025,NORDESTE,29,BA,293010,SENHOR DO BONFIM,139,4.24%,171,5.22%,2966,90.54%,310,9.46,3276,22,0.67%,68,2.08%,2912,88.92%,273,8.34%,90,2.75,3275
CRIANÇA,0 a < 5 anos,2025,NORDESTE,29,BA,293015,SERRA DO RAMALHO,55,2.28%,85,3.52%,2272,94.2%,140,5.8,2412,6,0.25%,53,2.2%,2227,92.33%,126,5.22%,59,2.45,2412
CRIANÇA,0 a < 5 anos,2025,NORDESTE,29,BA,293020,SENTO SE,133,5.72%,190,8.17%,2004,86.12%,323,13.88,2327,24,1.03%,78,3.35%,2092,89.9%,133,5.72%,102,4.38,2327
CRIANÇA,0 a < 5 anos,2025,NORDESTE,29,BA,293030,SERRA DOURADA,26,2.91%,33,3.7%,833,93.39%,59,6.61,892,6,0.67%,14,1.57%,820,91.93%,52,5.83%,20,2.24,892
CRIANÇA,0 a < 5 anos,2025,NORDESTE,29,BA,293040,SERRA PRETA,23,3.7%,21,3.38%,577,92.91%,44,7.09,621,0,-,18,2.9%,555,89.37%,48,7.73%,18,2.9,621
CRIANÇA,0 a < 5 anos,2025,NORDESTE,29,BA,293050,SERRINHA,191,5.12%,185,4.96%,3353,89.92%,376,10.08,3729,26,0.7%,96,2.57%,3327,89.17%,282,7.56%,122,3.27,3731
CRIANÇA,0 a < 5 anos,2025,NORDESTE,29,BA,293060,SERROLANDIA,24,3.64%,40,6.07%,595,90.29%,64,9.71,659,3,0.46%,23,3.49%,597,90.59%,36,5.46%,26,3.95,659
CRIANÇA,0 a < 5 anos,2025,NORDESTE,29,BA,293070,SIMOES FILHO,280,7.07%,263,6.64%,3418,86.29%,543,13.71,3961,44,1.11%,96,2.42%,3374,85.14%,449,11.33%,140,3.53,3963
CRIANÇA,0 a < 5 anos,2025,NORDESTE,29,BA,293075,SITIO DO MATO,61,6.26%,66,6.77%,848,86.97%,127,13.03,975,8,0.82%,37,3.79%,844,86.56%,86,8.82%,45,4.62,975
CRIANÇA,0 a < 5 anos,2025,NORDESTE,29,BA,293076,SITIO DO QUINTO,14,2.29%,38,6.22%,559,91.49%,52,8.51,611,6,0.98%,10,1.64%,562,91.98%,33,5.4%,16,2.62,611
CRIANÇA,0 a < 5 anos,2025,NORDESTE,29,BA,293077,SOBRADINHO,104,7.03%,134,9.05%,1242,83.92%,238,16.08,1480,14,0.95%,55,3.72%,1273,86.01%,138,9.32%,69,4.66,1480
CRIANÇA,0 a < 5 anos,2025,NORDESTE,29,BA,293080,SOUTO SOARES,34,3.32%,54,5.28%,935,91.4%,88,8.6,1023,7,0.68%,26,2.54%,941,91.98%,49,4.79%,33,3.23,1023
CRIANÇA,0 a < 5 anos,2025,NORDESTE,29,BA,293090,TABOCAS DO BREJO VELHO,22,3.13%,31,4.41%,650,92.46%,53,7.54,703,5,0.71%,23,3.27%,634,90.18%,41,5.83%,28,3.98,703
CRIANÇA,0 a < 5 anos,2025,NORDESTE,29,BA,293100,TANHACU,24,2.23%,28,2.6%,1023,95.16%,52,4.84,1075,5,0.47%,18,1.67%,934,86.88%,118,10.98%,23,2.14,1075
CRIANÇA,0 a < 5 anos,2025,NORDESTE,29,BA,293105,TANQUE NOVO,24,2.25%,49,4.6%,993,93.15%,73,6.85,1066,11,1.03%,41,3.85%,955,89.59%,59,5.53%,52,4.88,1066
CRIANÇA,0 a < 5 anos,2025,NORDESTE,29,BA,293110,TANQUINHO,7,2.37%,9,3.05%,279,94.58%,16,5.42,295,0,-,2,0.68%,262,88.81%,31,10.51%,2,0.68,295
CRIANÇA,0 a < 5 anos,2025,NORDESTE,29,BA,293120,TAPEROA,42,4.6%,63,6.89%,809,88.51%,105,11.49,914,11,1.2%,30,3.28%,815,89.17%,58,6.35%,41,4.49,914
CRIANÇA,0 a < 5 anos,2025,NORDESTE,29,BA,293130,TAPIRAMUTA,22,3.54%,26,4.18%,574,92.28%,48,7.72,622,11,1.77%,16,2.57%,543,87.3%,52,8.36%,27,4.34,622
CRIANÇA,0 a < 5 anos,2025,NORDESTE,29,BA,293135,TEIXEIRA DE FREITAS,958,16.23%,356,6.03%,4587,77.73%,1314,22.27,5901,577,9.78%,265,4.49%,4650,78.8%,409,6.93%,842,14.27,5901
CRIANÇA,0 a < 5 anos,2025,NORDESTE,29,BA,293140,TEODORO SAMPAIO,13,4.61%,15,5.32%,254,90.07%,28,9.93,282,3,1.06%,6,2.13%,255,90.43%,18,6.38%,9,3.19,282
CRIANÇA,0 a < 5 anos,2025,NORDESTE,29,BA,293150,TEOFILANDIA,64,6.24%,86,8.39%,875,85.37%,150,14.63,1025,14,1.36%,43,4.19%,905,88.12%,65,6.33%,57,5.55,1027
CRIANÇA,0 a < 5 anos,2025,NORDESTE,29,BA,293160,TEOLANDIA,20,2.97%,29,4.31%,624,92.72%,49,7.28,673,4,0.59%,11,1.63%,599,89%,59,8.77%,15,2.23,673
CRIANÇA,0 a < 5 anos,2025,NORDESTE,29,BA,293170,TERRA NOVA,31,5.81%,43,8.05%,460,86.14%,74,13.86,534,6,1.12%,9,1.69%,474,88.76%,45,8.43%,15,2.81,534
CRIANÇA,0 a < 5 anos,2025,NORDESTE,29,BA,293180,TREMEDAL,26,3.44%,32,4.24%,697,92.32%,58,7.68,755,5,0.66%,19,2.52%,681,90.2%,50,6.62%,24,3.18,755
CRIANÇA,0 a < 5 anos,2025,NORDESTE,29,BA,293190,TUCANO,107,3.84%,147,5.28%,2532,90.88%,254,9.12,2786,14,0.5%,56,2.01%,2550,91.53%,166,5.96%,70,2.51,2786
CRIANÇA,0 a < 5 anos,2025,NORDESTE,29,BA,293200,UAUA,67,4.65%,72,4.99%,1303,90.36%,139,9.64,1442,3,0.21%,30,2.08%,1296,89.88%,113,7.84%,33,2.29,1442
CRIANÇA,0 a < 5 anos,2025,NORDESTE,29,BA,293210,UBAIRA,38,3.95%,57,5.92%,868,90.13%,95,9.87,963,4,0.42%,22,2.28%,863,89.62%,74,7.68%,26,2.7,963
CRIANÇA,0 a < 5 anos,2025,NORDESTE,29,BA,293220,UBAITABA,34,3.72%,57,6.24%,822,90.03%,91,9.97,913,8,0.88%,20,2.19%,805,88.17%,80,8.76%,28,3.07,913
CRIANÇA,0 a < 5 anos,2025,NORDESTE,29,BA,293230,UBATA,24,4.01%,50,8.36%,524,87.63%,74,12.37,598,7,1.17%,24,4.01%,513,85.79%,54,9.03%,31,5.18,598
CRIANÇA,0 a < 5 anos,2025,NORDESTE,29,BA,293240,UIBAI,19,2.95%,26,4.04%,598,93%,45,7.0,643,3,0.47%,24,3.73%,575,89.42%,41,6.38%,27,4.2,643
CRIANÇA,0 a < 5 anos,2025,NORDESTE,29,BA,293245,UMBURANAS,48,5.11%,74,7.88%,817,87.01%,122,12.99,939,6,0.64%,24,2.56%,828,88.18%,81,8.63%,30,3.19,939
CRIANÇA,0 a < 5 anos,2025,NORDESTE,29,BA,293250,UNA,17,1.62%,48,4.57%,985,93.81%,65,6.19,1050,3,0.29%,20,1.9%,948,90.29%,79,7.52%,23,2.19,1050
CRIANÇA,0 a < 5 anos,2025,NORDESTE,29,BA,293260,URANDI,23,3.27%,32,4.55%,649,92.19%,55,7.81,704,10,1.42%,12,1.7%,624,88.64%,58,8.24%,22,3.12,704
CRIANÇA,0 a < 5 anos,2025,NORDESTE,29,BA,293270,URUCUCA,133,10.48%,95,7.49%,1041,82.03%,228,17.97,1269,19,1.5%,76,5.99%,1087,85.66%,87,6.86%,95,7.49,1269
CRIANÇA,0 a < 5 anos,2025,NORDESTE,29,BA,293280,UTINGA,37,4.13%,26,2.91%,832,92.96%,63,7.04,895,2,0.22%,15,1.68%,798,89.16%,80,8.94%,17,1.9,895
CRIANÇA,0 a < 5 anos,2025,NORDESTE,29,BA,293290,VALENCA,166,4.96%,240,7.17%,2942,87.87%,406,12.13,3348,27,0.81%,86,2.57%,2962,88.47%,273,8.15%,113,3.38,3348
CRIANÇA,0 a < 5 anos,2025,NORDESTE,29,BA,293300,VALENTE,31,2.76%,68,6.05%,1025,91.19%,99,8.81,1124,12,1.07%,34,3.02%,1010,89.86%,68,6.05%,46,4.09,1124
CRIANÇA,0 a < 5 anos,2025,NORDESTE,29,BA,293305,VARZEA DA ROCA,42,6.2%,46,6.79%,589,87%,88,13.0,677,2,0.3%,15,2.22%,602,88.92%,58,8.57%,17,2.51,677
CRIANÇA,0 a < 5 anos,2025,NORDESTE,29,BA,293310,VARZEA DO POCO,15,5.14%,25,8.56%,252,86.3%,40,13.7,292,5,1.71%,6,2.05%,258,88.36%,23,7.88%,11,3.77,292
CRIANÇA,0 a < 5 anos,2025,NORDESTE,29,BA,293315,VARZEA NOVA,43,5.3%,62,7.64%,707,87.07%,105,12.93,812,10,1.23%,29,3.57%,738,90.89%,35,4.31%,39,4.8,812
CRIANÇA,0 a < 5 anos,2025,NORDESTE,29,BA,293317,VARZEDO,20,5.57%,19,5.29%,320,89.14%,39,10.86,359,0,-,5,1.39%,318,88.58%,36,10.03%,5,1.39,359
CRIANÇA,0 a < 5 anos,2025,NORDESTE,29,BA,293320,VERA CRUZ,78,4.41%,89,5.04%,1600,90.55%,167,9.45,1767,15,0.85%,43,2.43%,1538,87.04%,171,9.68%,58,3.28,1767
CRIANÇA,0 a < 5 anos,2025,NORDESTE,29,BA,293325,VEREDA,17,5.25%,18,5.56%,289,89.2%,35,10.8,324,1,0.31%,8,2.47%,285,87.96%,30,9.26%,9,2.78,324
CRIANÇA,0 a < 5 anos,2025,NORDESTE,29,BA,293330,VITORIA DA CONQUISTA,305,2.25%,580,4.28%,12658,93.47%,885,6.53,13543,81,0.6%,288,2.13%,12238,90.36%,936,6.91%,369,2.72,13543
CRIANÇA,0 a < 5 anos,2025,NORDESTE,29,BA,293340,WAGNER,17,4.09%,19,4.57%,380,91.35%,36,8.65,416,4,0.96%,8,1.92%,367,88.22%,37,8.89%,12,2.88,416
CRIANÇA,0 a < 5 anos,2025,NORDESTE,29,BA,293345,WANDERLEY,26,3.84%,37,5.47%,614,90.69%,63,9.31,677,3,0.44%,16,2.36%,619,91.43%,39,5.76%,19,2.81,677
CRIANÇA,0 a < 5 anos,2025,NORDESTE,29,BA,293350,WENCESLAU GUIMARAES,101,7.51%,116,8.62%,1128,83.87%,217,16.13,1345,25,1.86%,45,3.35%,1189,88.4%,86,6.39%,70,5.2,1345
CRIANÇA,0 a < 5 anos,2025,NORDESTE,29,BA,293360,XIQUE-XIQUE,170,6.15%,230,8.32%,2365,85.53%,400,14.47,2765,40,1.45%,120,4.34%,2455,88.79%,150,5.42%,160,5.79,2765
CRIANÇA,0 a < 5 anos,2025,SUDESTE,31,MG,310010,ABADIA DOS DOURADOS,3,1.24%,14,5.79%,225,92.98%,17,7.02,242,1,0.41%,2,0.83%,223,92.15%,16,6.61%,3,1.24,242
CRIANÇA,0 a < 5 anos,2025,SUDESTE,31,MG,310020,ABAETE,32,3.87%,27,3.26%,768,92.87%,59,7.13,827,7,0.85%,18,2.18%,748,90.45%,54,6.53%,25,3.02,827
CRIANÇA,0 a < 5 anos,2025,SUDESTE,31,MG,310030,ABRE CAMPO,34,6.25%,30,5.51%,480,88.24%,64,11.76,544,7,1.29%,13,2.39%,477,87.68%,47,8.64%,20,3.68,544
CRIANÇA,0 a < 5 anos,2025,SUDESTE,31,MG,310040,ACAIACA,3,2.14%,8,5.71%,129,92.14%,11,7.86,140,1,0.71%,2,1.43%,120,85.71%,17,12.14%,3,2.14,140
CRIANÇA,0 a < 5 anos,2025,SUDESTE,31,MG,310050,ACUCENA,6,1.5%,21,5.26%,372,93.23%,27,6.77,399,1,0.25%,5,1.25%,362,90.73%,31,7.77%,6,1.5,399
CRIANÇA,0 a < 5 anos,2025,SUDESTE,31,MG,310060,AGUA BOA,41,6.5%,36,5.71%,554,87.8%,77,12.2,631,6,0.95%,15,2.38%,551,87.32%,59,9.35%,21,3.33,631
CRIANÇA,0 a < 5 anos,2025,SUDESTE,31,MG,310070,AGUA COMPRIDA,1,0.74%,5,3.7%,129,95.56%,6,4.44,135,0,-,2,1.48%,122,90.37%,11,8.15%,2,1.48,135
CRIANÇA,0 a < 5 anos,2025,SUDESTE,31,MG,310080,AGUANIL,4,1.61%,14,5.62%,231,92.77%,18,7.23,249,1,0.4%,12,4.82%,221,88.76%,15,6.02%,13,5.22,249
CRIANÇA,0 a < 5 anos,2025,SUDESTE,31,MG,310090,AGUAS FORMOSAS,83,8.28%,84,8.37%,836,83.35%,167,16.65,1003,13,1.3%,37,3.69%,869,86.64%,84,8.37%,50,4.99,1003
CRIANÇA,0 a < 5 anos,2025,SUDESTE,31,MG,310100,AGUAS VERMELHAS,16,1.89%,47,5.56%,783,92.55%,63,7.45,846,6,0.71%,20,2.36%,769,90.9%,51,6.03%,26,3.07,846
CRIANÇA,0 a < 5 anos,2025,SUDESTE,31,MG,310110,AIMORES,39,3.97%,61,6.21%,882,89.82%,100,10.18,982,7,0.71%,17,1.73%,885,90.12%,73,7.43%,24,2.44,982
CRIANÇA,0 a < 5 anos,2025,SUDESTE,31,MG,310120,AIURUOCA,3,1.6%,12,6.42%,172,91.98%,15,8.02,187,0,-,1,0.53%,175,93.58%,11,5.88%,1,0.53,187
CRIANÇA,0 a < 5 anos,2025,SUDESTE,31,MG,310130,ALAGOA,0,-,10,6.85%,136,93.15%,10,6.85,146,0,-,2,1.37%,134,91.78%,10,6.85%,2,1.37,146
CRIANÇA,0 a < 5 anos,2025,SUDESTE,31,MG,310140,ALBERTINA,11,6.04%,7,3.85%,164,90.11%,18,9.89,182,0,-,1,0.55%,166,91.21%,15,8.24%,1,0.55,182
CRIANÇA,0 a < 5 anos,2025,SUDESTE,31,MG,310150,ALEM PARAIBA,57,5%,70,6.15%,1012,88.85%,127,11.15,1139,11,0.97%,31,2.72%,997,87.53%,100,8.78%,42,3.69,1139
CRIANÇA,0 a < 5 anos,2025,SUDESTE,31,MG,310160,ALFENAS,106,5.37%,134,6.79%,1733,87.84%,240,12.16,1973,29,1.47%,48,2.43%,1788,90.62%,108,5.47%,77,3.9,1973
CRIANÇA,0 a < 5 anos,2025,SUDESTE,31,MG,310163,ALFREDO VASCONCELOS,9,2.62%,21,6.1%,314,91.28%,30,8.72,344,4,1.16%,6,1.74%,304,88.37%,30,8.72%,10,2.91,344
CRIANÇA,0 a < 5 anos,2025,SUDESTE,31,MG,310170,ALMENARA,73,4.14%,159,9.02%,1531,86.84%,232,13.16,1763,10,0.57%,38,2.16%,1610,91.32%,105,5.96%,48,2.72,1763
CRIANÇA,0 a < 5 anos,2025,SUDESTE,31,MG,310180,ALPERCATA,15,4.16%,18,4.99%,328,90.86%,33,9.14,361,3,0.83%,14,3.88%,308,85.32%,36,9.97%,17,4.71,361
CRIANÇA,0 a < 5 anos,2025,SUDESTE,31,MG,310190,ALPINOPOLIS,32,5.7%,51,9.09%,478,85.2%,83,14.8,561,2,0.36%,20,3.56%,495,88.08%,45,8.01%,22,3.91,562
CRIANÇA,0 a < 5 anos,2025,SUDESTE,31,MG,310200,ALTEROSA,15,1.87%,28,3.48%,761,94.65%,43,5.35,804,6,0.75%,9,1.12%,732,91.04%,57,7.09%,15,1.87,804
CRIANÇA,0 a < 5 anos,2025,SUDESTE,31,MG,310205,ALTO CAPARAO,13,4.02%,21,6.5%,289,89.47%,34,10.53,323,2,0.62%,8,2.48%,291,90.09%,22,6.81%,10,3.1,323
CRIANÇA,0 a < 5 anos,2025,SUDESTE,31,MG,310210,ALTO RIO DOCE,17,3.97%,27,6.31%,384,89.72%,44,10.28,428,3,0.7%,8,1.87%,391,91.36%,26,6.07%,11,2.57,428
CRIANÇA,0 a < 5 anos,2025,SUDESTE,31,MG,310220,ALVARENGA,2,1.01%,7,3.54%,189,95.45%,9,4.55,198,0,-,2,1.01%,185,93.43%,11,5.56%,2,1.01,198
CRIANÇA,0 a < 5 anos,2025,SUDESTE,31,MG,310230,ALVINOPOLIS,37,7.86%,27,5.73%,407,86.41%,64,13.59,471,7,1.49%,10,2.12%,418,88.75%,36,7.64%,17,3.61,471
CRIANÇA,0 a < 5 anos,2025,SUDESTE,31,MG,310240,ALVORADA DE MINAS,8,2.35%,28,8.24%,304,89.41%,36,10.59,340,4,1.18%,5,1.47%,288,84.96%,42,12.39%,9,2.65,339
CRIANÇA,0 a < 5 anos,2025,SUDESTE,31,MG,310250,AMPARO DO SERRA,9,3.81%,12,5.08%,215,91.1%,21,8.9,236,0,-,3,1.27%,201,85.17%,32,13.56%,3,1.27,236
CRIANÇA,0 a < 5 anos,2025,SUDESTE,31,MG,310260,ANDRADAS,42,2.76%,121,7.96%,1357,89.28%,163,10.72,1520,10,0.66%,31,2.04%,1365,89.8%,114,7.5%,41,2.7,1520
CRIANÇA,0 a < 5 anos,2025,SUDESTE,31,MG,310270,CACHOEIRA DE PAJEU,15,3.89%,21,5.44%,350,90.67%,36,9.33,386,5,1.3%,7,1.81%,351,90.93%,23,5.96%,12,3.11,386
CRIANÇA,0 a < 5 anos,2025,SUDESTE,31,MG,310280,ANDRELANDIA,12,2.58%,26,5.58%,428,91.85%,38,8.15,466,3,0.64%,6,1.29%,411,88.2%,46,9.87%,9,1.93,466
CRIANÇA,0 a < 5 anos,2025,SUDESTE,31,MG,310285,ANGELANDIA,20,3.63%,46,8.35%,485,88.02%,66,11.98,551,4,0.73%,15,2.72%,512,92.92%,20,3.63%,19,3.45,551
CRIANÇA,0 a < 5 anos,2025,SUDESTE,31,MG,310290,ANTONIO CARLOS,15,2.8%,15,2.8%,506,94.4%,30,5.6,536,3,0.56%,11,2.05%,490,91.42%,32,5.97%,14,2.61,536
CRIANÇA,0 a < 5 anos,2025,SUDESTE,31,MG,310300,ANTONIO DIAS,9,1.9%,28,5.91%,437,92.19%,37,7.81,474,3,0.63%,10,2.11%,429,90.51%,32,6.75%,13,2.74,474
CRIANÇA,0 a < 5 anos,2025,SUDESTE,31,MG,310310,ANTONIO PRADO DE MINAS,0,-,3,5.88%,48,94.12%,3,5.88,51,0,-,1,1.96%,41,80.39%,9,17.65%,1,1.96,51
CRIANÇA,0 a < 5 anos,2025,SUDESTE,31,MG,310320,ARACAI,5,13.51%,2,5.41%,30,81.08%,7,18.92,37,0,-,0,-,32,86.49%,5,13.51%,0,0.0,37
CRIANÇA,0 a < 5 anos,2025,SUDESTE,31,MG,310330,ARACITABA,1,1.01%,6,6.06%,92,92.93%,7,7.07,99,2,2.02%,3,3.03%,86,86.87%,8,8.08%,5,5.05,99
CRIANÇA,0 a < 5 anos,2025,SUDESTE,31,MG,310340,ARACUAI,35,2.13%,84,5.1%,1528,92.77%,119,7.23,1647,12,0.73%,31,1.88%,1510,91.68%,94,5.71%,43,2.61,1647
CRIANÇA,0 a < 5 anos,2025,SUDESTE,31,MG,310350,ARAGUARI,161,3.82%,263,6.23%,3795,89.95%,424,10.05,4219,42,1%,101,2.39%,3861,91.51%,215,5.1%,143,3.39,4219
CRIANÇA,0 a < 5 anos,2025,SUDESTE,31,MG,310360,ARANTINA,2,1.39%,11,7.64%,131,90.97%,13,9.03,144,0,-,5,3.47%,130,90.28%,9,6.25%,5,3.47,144
CRIANÇA,0 a < 5 anos,2025,SUDESTE,31,MG,310370,ARAPONGA,10,2.21%,17,3.75%,426,94.04%,27,5.96,453,1,0.22%,9,1.99%,433,95.58%,10,2.21%,10,2.21,453
CRIANÇA,0 a < 5 anos,2025,SUDESTE,31,MG,310375,ARAPORA,24,5.08%,28,5.93%,420,88.98%,52,11.02,472,2,0.42%,12,2.54%,419,88.77%,39,8.26%,14,2.97,472
CRIANÇA,0 a < 5 anos,2025,SUDESTE,31,MG,310380,ARAPUA,3,4.35%,6,8.7%,60,86.96%,9,13.04,69,0,-,1,1.45%,66,95.65%,2,2.9%,1,1.45,69
CRIANÇA,0 a < 5 anos,2025,SUDESTE,31,MG,310390,ARAUJOS,13,4.18%,21,6.75%,277,89.07%,34,10.93,311,2,0.64%,4,1.29%,283,91%,22,7.07%,6,1.93,311
CRIANÇA,0 a < 5 anos,2025,SUDESTE,31,MG,310400,ARAXA,76,3.22%,166,7.03%,2120,89.75%,242,10.25,2362,15,0.64%,43,1.82%,2150,91.02%,154,6.52%,58,2.46,2362
CRIANÇA,0 a < 5 anos,2025,SUDESTE,31,MG,310410,ARCEBURGO,7,2.4%,10,3.42%,275,94.18%,17,5.82,292,1,0.34%,5,1.71%,264,90.41%,22,7.53%,6,2.05,292
CRIANÇA,0 a < 5 anos,2025,SUDESTE,31,MG,310420,ARCOS,33,3.85%,70,8.16%,755,88%,103,12.0,858,9,1.05%,21,2.45%,765,89.16%,63,7.34%,30,3.5,858
CRIANÇA,0 a < 5 anos,2025,SUDESTE,31,MG,310430,AREADO,14,2.34%,24,4.01%,561,93.66%,38,6.34,599,5,0.83%,9,1.5%,526,87.81%,59,9.85%,14,2.34,599
CRIANÇA,0 a < 5 anos,2025,SUDESTE,31,MG,310440,ARGIRITA,5,4.1%,6,4.92%,111,90.98%,11,9.02,122,0,-,1,0.82%,113,92.62%,8,6.56%,1,0.82,122
CRIANÇA,0 a < 5 anos,2025,SUDESTE,31,MG,310445,ARICANDUVA,10,4.12%,13,5.35%,220,90.53%,23,9.47,243,3,1.23%,0,-,229,93.85%,12,4.92%,3,1.23,244
CRIANÇA,0 a < 5 anos,2025,SUDESTE,31,MG,310450,ARINOS,48,4.36%,75,6.81%,979,88.84%,123,11.16,1102,9,0.82%,39,3.54%,1004,91.11%,50,4.54%,48,4.36,1102
CRIANÇA,0 a < 5 anos,2025,SUDESTE,31,MG,310460,ASTOLFO DUTRA,10,1.83%,29,5.31%,507,92.86%,39,7.14,546,2,0.37%,6,1.1%,487,89.19%,51,9.34%,8,1.47,546
CRIANÇA,0 a < 5 anos,2025,SUDESTE,31,MG,310470,ATALEIA,10,1.7%,35,5.96%,542,92.33%,45,7.67,587,0,-,11,1.87%,530,90.29%,46,7.84%,11,1.87,587
CRIANÇA,0 a < 5 anos,2025,SUDESTE,31,MG,310480,AUGUSTO DE LIMA,9,4.09%,12,5.45%,199,90.45%,21,9.55,220,3,1.36%,9,4.09%,193,87.73%,15,6.82%,12,5.45,220
CRIANÇA,0 a < 5 anos,2025,SUDESTE,31,MG,310490,BAEPENDI,16,2.47%,43,6.64%,589,90.9%,59,9.1,648,6,0.93%,20,3.09%,590,91.05%,32,4.94%,26,4.01,648
CRIANÇA,0 a < 5 anos,2025,SUDESTE,31,MG,310500,BALDIM,26,8.2%,23,7.26%,268,84.54%,49,15.46,317,4,1.26%,13,4.1%,278,87.7%,22,6.94%,17,5.36,317
CRIANÇA,0 a < 5 anos,2025,SUDESTE,31,MG,310510,BAMBUI,25,4.61%,28,5.17%,489,90.22%,53,9.78,542,6,1.11%,6,1.11%,481,88.75%,49,9.04%,12,2.21,542
CRIANÇA,0 a < 5 anos,2025,SUDESTE,31,MG,310520,BANDEIRA,3,1.53%,10,5.1%,183,93.37%,13,6.63,196,2,1.02%,2,1.02%,185,94.39%,7,3.57%,4,2.04,196
CRIANÇA,0 a < 5 anos,2025,SUDESTE,31,MG,310530,BANDEIRA DO SUL,4,1.41%,8,2.82%,272,95.77%,12,4.23,284,1,0.35%,2,0.7%,254,89.44%,27,9.51%,3,1.06,284
CRIANÇA,0 a < 5 anos,2025,SUDESTE,31,MG,310540,BARAO DE COCAIS,38,3.35%,53,4.68%,1042,91.97%,91,8.03,1133,11,0.97%,23,2.03%,1016,89.67%,83,7.33%,34,3.0,1133
CRIANÇA,0 a < 5 anos,2025,SUDESTE,31,MG,310550,BARAO DE MONTE ALTO,4,1.64%,12,4.92%,228,93.44%,16,6.56,244,2,0.82%,4,1.64%,210,86.07%,28,11.48%,6,2.46,244
CRIANÇA,0 a < 5 anos,2025,SUDESTE,31,MG,310560,BARBACENA,96,4.15%,128,5.54%,2087,90.31%,224,9.69,2311,19,0.82%,57,2.47%,2084,90.18%,151,6.53%,76,3.29,2311
CRIANÇA,0 a < 5 anos,2025,SUDESTE,31,MG,310570,BARRA LONGA,7,3.55%,7,3.55%,183,92.89%,14,7.11,197,1,0.51%,3,1.52%,171,86.8%,22,11.17%,4,2.03,197
CRIANÇA,0 a < 5 anos,2025,SUDESTE,31,MG,310590,BARROSO,52,7.04%,58,7.85%,629,85.12%,110,14.88,739,4,0.54%,21,2.84%,663,89.72%,51,6.9%,25,3.38,739
CRIANÇA,0 a < 5 anos,2025,SUDESTE,31,MG,310600,BELA VISTA DE MINAS,30,7.87%,28,7.35%,323,84.78%,58,15.22,381,7,1.84%,6,1.57%,334,87.66%,34,8.92%,13,3.41,381
CRIANÇA,0 a < 5 anos,2025,SUDESTE,31,MG,310610,BELMIRO BRAGA,3,2.48%,2,1.65%,116,95.87%,5,4.13,121,1,0.83%,2,1.65%,104,85.95%,14,11.57%,3,2.48,121
CRIANÇA,0 a < 5 anos,2025,SUDESTE,31,MG,310620,BELO HORIZONTE,2566,7.53%,2994,8.78%,28521,83.69%,5560,16.31,34081,490,1.44%,1060,3.11%,29665,87.05%,2864,8.4%,1550,4.55,34079
CRIANÇA,0 a < 5 anos,2025,SUDESTE,31,MG,310630,BELO ORIENTE,47,3.35%,71,5.06%,1286,91.6%,118,8.4,1404,8,0.57%,29,2.07%,1251,89.1%,116,8.26%,37,2.64,1404
CRIANÇA,0 a < 5 anos,2025,SUDESTE,31,MG,310640,BELO VALE,10,3.07%,15,4.6%,301,92.33%,25,7.67,326,3,0.92%,4,1.23%,293,89.88%,26,7.98%,7,2.15,326
CRIANÇA,0 a < 5 anos,2025,SUDESTE,31,MG,310650,BERILO,6,1.69%,19,5.37%,329,92.94%,25,7.06,354,3,0.85%,2,0.56%,315,88.98%,34,9.6%,5,1.41,354
CRIANÇA,0 a < 5 anos,2025,SUDESTE,31,MG,310660,BERTOPOLIS,30,12.55%,18,7.53%,191,79.92%,48,20.08,239,1,0.42%,4,1.67%,191,79.92%,43,17.99%,5,2.09,239
CRIANÇA,0 a < 5 anos,2025,SUDESTE,31,MG,310665,BERIZAL,8,3.09%,9,3.47%,242,93.44%,17,6.56,259,1,0.39%,3,1.16%,229,88.42%,26,10.04%,4,1.54,259
CRIANÇA,0 a < 5 anos,2025,SUDESTE,31,MG,310670,BETIM,282,2.9%,522,5.37%,8919,91.73%,804,8.27,9723,69,0.71%,280,2.88%,8734,89.83%,640,6.58%,349,3.59,9723
CRIANÇA,0 a < 5 anos,2025,SUDESTE,31,MG,310680,BIAS FORTES,2,1.61%,8,6.45%,114,91.94%,10,8.06,124,0,-,2,1.61%,118,95.16%,4,3.23%,2,1.61,124
CRIANÇA,0 a < 5 anos,2025,SUDESTE,31,MG,310690,BICAS,17,6.3%,27,10%,226,83.7%,44,16.3,270,5,1.85%,9,3.33%,235,87.04%,21,7.78%,14,5.19,270
CRIANÇA,0 a < 5 anos,2025,SUDESTE,31,MG,310700,BIQUINHAS,22,19.47%,12,10.62%,79,69.91%,34,30.09,113,0,-,3,2.65%,101,89.38%,9,7.96%,3,2.65,113
CRIANÇA,0 a < 5 anos,2025,SUDESTE,31,MG,310710,BOA ESPERANCA,48,3.68%,86,6.59%,1171,89.73%,134,10.27,1305,8,0.61%,35,2.68%,1176,90.11%,86,6.59%,43,3.3,1305
CRIANÇA,0 a < 5 anos,2025,SUDESTE,31,MG,310720,BOCAINA DE MINAS,13,11.11%,12,10.26%,92,78.63%,25,21.37,117,2,1.71%,0,-,106,90.6%,9,7.69%,2,1.71,117
CRIANÇA,0 a < 5 anos,2025,SUDESTE,31,MG,310730,BOCAIUVA,100,4.6%,127,5.85%,1945,89.55%,227,10.45,2172,14,0.64%,58,2.67%,1910,87.94%,190,8.75%,72,3.31,2172
CRIANÇA,0 a < 5 anos,2025,SUDESTE,31,MG,310740,BOM DESPACHO,81,3.31%,157,6.41%,2210,90.28%,238,9.72,2448,19,0.78%,47,1.92%,2223,90.81%,159,6.5%,66,2.7,2448
CRIANÇA,0 a < 5 anos,2025,SUDESTE,31,MG,310750,BOM JARDIM DE MINAS,12,4.24%,16,5.65%,255,90.11%,28,9.89,283,2,0.71%,6,2.12%,249,87.99%,26,9.19%,8,2.83,283
CRIANÇA,0 a < 5 anos,2025,SUDESTE,31,MG,310760,BOM JESUS DA PENHA,3,1.25%,13,5.42%,224,93.33%,16,6.67,240,2,0.83%,5,2.08%,219,91.25%,14,5.83%,7,2.92,240
CRIANÇA,0 a < 5 anos,2025,SUDESTE,31,MG,310770,BOM JESUS DO AMPARO,17,6.88%,23,9.31%,207,83.81%,40,16.19,247,1,0.4%,10,4.05%,219,88.66%,17,6.88%,11,4.45,247
CRIANÇA,0 a < 5 anos,2025,SUDESTE,31,MG,310780,BOM JESUS DO GALHO,19,2.52%,33,4.38%,701,93.09%,52,6.91,753,3,0.4%,16,2.12%,661,87.78%,73,9.69%,19,2.52,753
CRIANÇA,0 a < 5 anos,2025,SUDESTE,31,MG,310790,BOM REPOUSO,48,8.5%,42,7.43%,475,84.07%,90,15.93,565,5,0.88%,7,1.24%,509,90.09%,44,7.79%,12,2.12,565
CRIANÇA,0 a < 5 anos,2025,SUDESTE,31,MG,310800,BOM SUCESSO,7,1.04%,23,3.4%,646,95.56%,30,4.44,676,2,0.3%,17,2.51%,611,90.38%,46,6.8%,19,2.81,676
CRIANÇA,0 a < 5 anos,2025,SUDESTE,31,MG,310810,BONFIM,13,7.51%,13,7.51%,147,84.97%,26,15.03,173,2,1.16%,4,2.31%,149,86.13%,18,10.4%,6,3.47,173
CRIANÇA,0 a < 5 anos,2025,SUDESTE,31,MG,310820,BONFINOPOLIS DE MINAS,18,7.32%,25,10.16%,203,82.52%,43,17.48,246,1,0.41%,11,4.47%,208,84.55%,26,10.57%,12,4.88,246
CRIANÇA,0 a < 5 anos,2025,SUDESTE,31,MG,310825,BONITO DE MINAS,38,5.16%,40,5.43%,658,89.4%,78,10.6,736,2,0.27%,17,2.31%,682,92.66%,35,4.76%,19,2.58,736
CRIANÇA,0 a < 5 anos,2025,SUDESTE,31,MG,310830,BORDA DA MATA,7,1.01%,26,3.74%,662,95.25%,33,4.75,695,5,0.72%,11,1.58%,614,88.35%,65,9.35%,16,2.3,695
CRIANÇA,0 a < 5 anos,2025,SUDESTE,31,MG,310840,BOTELHOS,14,2.35%,22,3.69%,561,93.97%,36,6.03,597,6,1.01%,7,1.17%,540,90.45%,44,7.37%,13,2.18,597
CRIANÇA,0 a < 5 anos,2025,SUDESTE,31,MG,310850,BOTUMIRIM,12,4.6%,7,2.68%,242,92.72%,19,7.28,261,1,0.38%,4,1.53%,233,89.27%,23,8.81%,5,1.92,261
CRIANÇA,0 a < 5 anos,2025,SUDESTE,31,MG,310855,BRASILANDIA DE MINAS,41,4.26%,43,4.47%,879,91.28%,84,8.72,963,2,0.21%,18,1.87%,842,87.44%,101,10.49%,20,2.08,963
CRIANÇA,0 a < 5 anos,2025,SUDESTE,31,MG,310860,BRASILIA DE MINAS,86,5.42%,108,6.81%,1393,87.78%,194,12.22,1587,24,1.51%,56,3.53%,1408,88.72%,99,6.24%,80,5.04,1587
CRIANÇA,0 a < 5 anos,2025,SUDESTE,31,MG,310870,BRAS PIRES,6,3.02%,5,2.51%,188,94.47%,11,5.53,199,1,0.5%,3,1.51%,184,92.46%,11,5.53%,4,2.01,199
CRIANÇA,0 a < 5 anos,2025,SUDESTE,31,MG,310880,BRAUNAS,4,2.07%,10,5.18%,179,92.75%,14,7.25,193,1,0.52%,3,1.55%,172,89.12%,17,8.81%,4,2.07,193
CRIANÇA,0 a < 5 anos,2025,SUDESTE,31,MG,310890,BRAZOPOLIS,12,1.99%,24,3.97%,568,94.04%,36,5.96,604,4,0.66%,9,1.49%,566,93.55%,26,4.3%,13,2.15,605
CRIANÇA,0 a < 5 anos,2025,SUDESTE,31,MG,310900,BRUMADINHO,94,6.33%,114,7.67%,1278,86%,208,14.0,1486,13,0.87%,37,2.49%,1345,90.51%,91,6.12%,50,3.36,1486
CRIANÇA,0 a < 5 anos,2025,SUDESTE,31,MG,310910,BUENO BRANDAO,3,0.66%,25,5.52%,425,93.82%,28,6.18,453,2,0.44%,4,0.88%,410,90.51%,37,8.17%,6,1.32,453
CRIANÇA,0 a < 5 anos,2025,SUDESTE,31,MG,310920,BUENOPOLIS,21,4.72%,35,7.87%,389,87.42%,56,12.58,445,4,0.9%,10,2.25%,402,90.34%,29,6.52%,14,3.15,445
CRIANÇA,0 a < 5 anos,2025,SUDESTE,31,MG,310925,BUGRE,12,6%,14,7%,174,87%,26,13.0,200,1,0.5%,8,4%,170,85%,21,10.5%,9,4.5,200
CRIANÇA,0 a < 5 anos,2025,SUDESTE,31,MG,310930,BURITIS,29,2.49%,65,5.58%,1070,91.92%,94,8.08,1164,9,0.77%,35,3.01%,1049,90.12%,71,6.1%,44,3.78,1164
CRIANÇA,0 a < 5 anos,2025,SUDESTE,31,MG,310940,BURITIZEIRO,139,8.8%,131,8.3%,1309,82.9%,270,17.1,1579,25,1.58%,59,3.74%,1357,85.94%,138,8.74%,84,5.32,1579
CRIANÇA,0 a < 5 anos,2025,SUDESTE,31,MG,310945,CABECEIRA GRANDE,16,4.03%,31,7.81%,350,88.16%,47,11.84,397,3,0.76%,8,2.02%,359,90.43%,27,6.8%,11,2.77,397
CRIANÇA,0 a < 5 anos,2025,SUDESTE,31,MG,310950,CABO VERDE,9,2.14%,21,5%,390,92.86%,30,7.14,420,6,1.43%,12,2.86%,379,90.24%,23,5.48%,18,4.29,420
CRIANÇA,0 a < 5 anos,2025,SUDESTE,31,MG,310960,CACHOEIRA DA PRATA,5,3.91%,4,3.13%,119,92.97%,9,7.03,128,0,-,5,3.91%,107,83.59%,16,12.5%,5,3.91,128
CRIANÇA,0 a < 5 anos,2025,SUDESTE,31,MG,310970,CACHOEIRA DE MINAS,14,2.5%,29,5.17%,518,92.34%,43,7.66,561,0,-,9,1.6%,507,90.37%,45,8.02%,9,1.6,561
CRIANÇA,0 a < 5 anos,2025,SUDESTE,31,MG,310980,CACHOEIRA DOURADA,2,2.02%,3,3.03%,94,94.95%,5,5.05,99,2,2.02%,1,1.01%,84,84.85%,12,12.12%,3,3.03,99
CRIANÇA,0 a < 5 anos,2025,SUDESTE,31,MG,310990,CAETANOPOLIS,10,3.89%,14,5.45%,233,90.66%,24,9.34,257,1,0.39%,10,3.89%,225,87.55%,21,8.17%,11,4.28,257
CRIANÇA,0 a < 5 anos,2025,SUDESTE,31,MG,311000,CAETE,50,4.82%,66,6.36%,921,88.81%,116,11.19,1037,16,1.54%,24,2.31%,935,90.16%,62,5.98%,40,3.86,1037
CRIANÇA,0 a < 5 anos,2025,SUDESTE,31,MG,311010,CAIANA,22,8.59%,14,5.47%,220,85.94%,36,14.06,256,2,0.78%,11,4.3%,218,85.16%,25,9.77%,13,5.08,256
CRIANÇA,0 a < 5 anos,2025,SUDESTE,31,MG,311020,CAJURI,4,1.69%,12,5.06%,221,93.25%,16,6.75,237,2,0.84%,2,0.84%,218,91.98%,15,6.33%,4,1.69,237
CRIANÇA,0 a < 5 anos,2025,SUDESTE,31,MG,311030,CALDAS,13,2.14%,23,3.78%,572,94.08%,36,5.92,608,3,0.49%,18,2.96%,553,90.95%,34,5.59%,21,3.45,608
CRIANÇA,0 a < 5 anos,2025,SUDESTE,31,MG,311040,CAMACHO,6,3.95%,8,5.26%,138,90.79%,14,9.21,152,0,-,4,2.63%,142,93.42%,6,3.95%,4,2.63,152
CRIANÇA,0 a < 5 anos,2025,SUDESTE,31,MG,311050,CAMANDUCAIA,27,2.01%,64,4.77%,1252,93.22%,91,6.78,1343,12,0.89%,34,2.53%,1234,91.88%,63,4.69%,46,3.43,1343
CRIANÇA,0 a < 5 anos,2025,SUDESTE,31,MG,311060,CAMBUI,25,3.12%,54,6.74%,722,90.14%,79,9.86,801,6,0.75%,23,2.87%,715,89.26%,57,7.12%,29,3.62,801
CRIANÇA,0 a < 5 anos,2025,SUDESTE,31,MG,311070,CAMBUQUIRA,23,3.98%,28,4.84%,527,91.18%,51,8.82,578,7,1.21%,8,1.38%,433,74.91%,130,22.49%,15,2.6,578
CRIANÇA,0 a < 5 anos,2025,SUDESTE,31,MG,311080,CAMPANARIO,2,1.09%,4,2.19%,177,96.72%,6,3.28,183,1,0.55%,2,1.09%,157,85.79%,23,12.57%,3,1.64,183
CRIANÇA,0 a < 5 anos,2025,SUDESTE,31,MG,311090,CAMPANHA,24,3.7%,35,5.39%,590,90.91%,59,9.09,649,1,0.15%,7,1.08%,583,89.83%,58,8.94%,8,1.23,649
CRIANÇA,0 a < 5 anos,2025,SUDESTE,31,MG,311100,CAMPESTRE,36,7.27%,38,7.68%,421,85.05%,74,14.95,495,2,0.4%,12,2.42%,443,89.49%,38,7.68%,14,2.83,495
CRIANÇA,0 a < 5 anos,2025,SUDESTE,31,MG,311110,CAMPINA VERDE,28,7.87%,28,7.87%,300,84.27%,56,15.73,356,5,1.4%,16,4.49%,313,87.92%,22,6.18%,21,5.9,356
CRIANÇA,0 a < 5 anos,2025,SUDESTE,31,MG,311115,CAMPO AZUL,5,2.7%,9,4.86%,171,92.43%,14,7.57,185,3,1.62%,2,1.08%,175,94.59%,5,2.7%,5,2.7,185
CRIANÇA,0 a < 5 anos,2025,SUDESTE,31,MG,311120,CAMPO BELO,101,5.15%,106,5.41%,1754,89.44%,207,10.56,1961,21,1.07%,43,2.19%,1759,89.7%,138,7.04%,64,3.26,1961
CRIANÇA,0 a < 5 anos,2025,SUDESTE,31,MG,311130,CAMPO DO MEIO,36,5.33%,30,4.44%,610,90.24%,66,9.76,676,2,0.3%,16,2.37%,590,87.28%,68,10.06%,18,2.66,676
CRIANÇA,0 a < 5 anos,2025,SUDESTE,31,MG,311140,CAMPO FLORIDO,7,2.45%,10,3.5%,269,94.06%,17,5.94,286,0,-,5,1.75%,258,90.21%,23,8.04%,5,1.75,286
CRIANÇA,0 a < 5 anos,2025,SUDESTE,31,MG,311150,CAMPOS ALTOS,13,2.2%,29,4.9%,550,92.91%,42,7.09,592,0,-,5,0.84%,547,92.4%,40,6.76%,5,0.84,592
CRIANÇA,0 a < 5 anos,2025,SUDESTE,31,MG,311160,CAMPOS GERAIS,42,4.1%,50,4.88%,932,91.02%,92,8.98,1024,3,0.29%,22,2.15%,910,88.87%,89,8.69%,25,2.44,1024
CRIANÇA,0 a < 5 anos,2025,SUDESTE,31,MG,311170,CANAA,0,-,9,4.15%,208,95.85%,9,4.15,217,0,-,4,1.84%,206,94.93%,7,3.23%,4,1.84,217
CRIANÇA,0 a < 5 anos,2025,SUDESTE,31,MG,311180,CANAPOLIS,4,1.08%,10,2.7%,357,96.23%,14,3.77,371,1,0.27%,6,1.62%,344,92.72%,20,5.39%,7,1.89,371
CRIANÇA,0 a < 5 anos,2025,SUDESTE,31,MG,311190,CANA VERDE,5,3.65%,3,2.19%,129,94.16%,8,5.84,137,2,1.46%,1,0.73%,107,78.1%,27,19.71%,3,2.19,137
CRIANÇA,0 a < 5 anos,2025,SUDESTE,31,MG,311200,CANDEIAS,20,3.8%,41,7.79%,465,88.4%,61,11.6,526,6,1.14%,12,2.28%,460,87.45%,48,9.13%,18,3.42,526
CRIANÇA,0 a < 5 anos,2025,SUDESTE,31,MG,311205,CANTAGALO,10,5.1%,13,6.63%,173,88.27%,23,11.73,196,1,0.51%,4,2.04%,167,85.2%,24,12.24%,5,2.55,196
CRIANÇA,0 a < 5 anos,2025,SUDESTE,31,MG,311210,CAPARAO,16,3.85%,31,7.45%,369,88.7%,47,11.3,416,2,0.48%,7,1.68%,371,89.18%,36,8.65%,9,2.16,416
CRIANÇA,0 a < 5 anos,2025,SUDESTE,31,MG,311220,CAPELA NOVA,10,5.46%,8,4.37%,165,90.16%,18,9.84,183,0,-,5,2.73%,156,85.25%,22,12.02%,5,2.73,183
CRIANÇA,0 a < 5 anos,2025,SUDESTE,31,MG,311230,CAPELINHA,71,2.96%,150,6.26%,2176,90.78%,221,9.22,2397,21,0.88%,47,1.96%,2217,92.49%,112,4.67%,68,2.84,2397
CRIANÇA,0 a < 5 anos,2025,SUDESTE,31,MG,311240,CAPETINGA,9,2.37%,8,2.11%,362,95.51%,17,4.49,379,5,1.32%,1,0.26%,334,88.13%,39,10.29%,6,1.58,379
CRIANÇA,0 a < 5 anos,2025,SUDESTE,31,MG,311250,CAPIM BRANCO,19,4.49%,23,5.44%,381,90.07%,42,9.93,423,4,0.95%,7,1.65%,374,88.42%,38,8.98%,11,2.6,423
CRIANÇA,0 a < 5 anos,2025,SUDESTE,31,MG,311260,CAPINOPOLIS,13,3.27%,26,6.53%,359,90.2%,39,9.8,398,0,-,8,2.01%,359,90.2%,31,7.79%,8,2.01,398
CRIANÇA,0 a < 5 anos,2025,SUDESTE,31,MG,311265,CAPITAO ANDRADE,2,0.99%,6,2.96%,195,96.06%,8,3.94,203,0,-,1,0.49%,188,92.61%,14,6.9%,1,0.49,203
CRIANÇA,0 a < 5 anos,2025,SUDESTE,31,MG,311270,CAPITAO ENEAS,20,2.16%,53,5.71%,855,92.13%,73,7.87,928,9,0.97%,17,1.83%,835,89.98%,67,7.22%,26,2.8,928
CRIANÇA,0 a < 5 anos,2025,SUDESTE,31,MG,311280,CAPITOLIO,17,3.67%,23,4.97%,423,91.36%,40,8.64,463,2,0.43%,7,1.51%,422,91.14%,32,6.91%,9,1.94,463
CRIANÇA,0 a < 5 anos,2025,SUDESTE,31,MG,311290,CAPUTIRA,38,6.39%,33,5.55%,524,88.07%,71,11.93,595,8,1.34%,12,2.02%,518,87.06%,57,9.58%,20,3.36,595
CRIANÇA,0 a < 5 anos,2025,SUDESTE,31,MG,311300,CARAI,32,3.62%,49,5.54%,803,90.84%,81,9.16,884,7,0.79%,32,3.62%,790,89.37%,55,6.22%,39,4.41,884
CRIANÇA,0 a < 5 anos,2025,SUDESTE,31,MG,311310,CARANAIBA,4,3.01%,5,3.76%,124,93.23%,9,6.77,133,1,0.75%,4,3.01%,121,90.98%,7,5.26%,5,3.76,133
CRIANÇA,0 a < 5 anos,2025,SUDESTE,31,MG,311320,CARANDAI,24,2.28%,61,5.8%,966,91.91%,85,8.09,1051,7,0.67%,20,1.9%,975,92.77%,49,4.66%,27,2.57,1051
CRIANÇA,0 a < 5 anos,2025,SUDESTE,31,MG,311330,CARANGOLA,74,5.83%,75,5.91%,1120,88.26%,149,11.74,1269,16,1.26%,39,3.07%,1130,89.05%,84,6.62%,55,4.33,1269
CRIANÇA,0 a < 5 anos,2025,SUDESTE,31,MG,311340,CARATINGA,110,3.86%,176,6.17%,2567,89.98%,286,10.02,2853,13,0.46%,34,1.19%,2608,91.41%,198,6.94%,47,1.65,2853
CRIANÇA,0 a < 5 anos,2025,SUDESTE,31,MG,311350,CARBONITA,4,0.84%,17,3.55%,458,95.62%,21,4.38,479,0,-,6,1.25%,445,92.9%,28,5.85%,6,1.25,479
CRIANÇA,0 a < 5 anos,2025,SUDESTE,31,MG,311360,CAREACU,5,1.61%,12,3.86%,294,94.53%,17,5.47,311,0,-,1,0.32%,283,91%,27,8.68%,1,0.32,311
CRIANÇA,0 a < 5 anos,2025,SUDESTE,31,MG,311370,CARLOS CHAGAS,20,2.4%,48,5.76%,765,91.84%,68,8.16,833,5,0.6%,17,2.04%,755,90.64%,56,6.72%,22,2.64,833
CRIANÇA,0 a < 5 anos,2025,SUDESTE,31,MG,311380,CARMESIA,11,9.17%,6,5%,103,85.83%,17,14.17,120,2,1.67%,2,1.67%,104,86.67%,12,10%,4,3.33,120
CRIANÇA,0 a < 5 anos,2025,SUDESTE,31,MG,311390,CARMO DA CACHOEIRA,10,1.6%,26,4.16%,589,94.24%,36,5.76,625,6,0.96%,17,2.72%,545,87.2%,57,9.12%,23,3.68,625
CRIANÇA,0 a < 5 anos,2025,SUDESTE,31,MG,311400,CARMO DA MATA,6,1.59%,24,6.35%,348,92.06%,30,7.94,378,1,0.26%,6,1.59%,341,90.21%,30,7.94%,7,1.85,378
CRIANÇA,0 a < 5 anos,2025,SUDESTE,31,MG,311410,CARMO DE MINAS,17,2.68%,18,2.83%,600,94.49%,35,5.51,635,1,0.16%,7,1.1%,581,91.5%,46,7.24%,8,1.26,635
CRIANÇA,0 a < 5 anos,2025,SUDESTE,31,MG,311420,CARMO DO CAJURU,50,4.67%,71,6.64%,949,88.69%,121,11.31,1070,8,0.75%,20,1.87%,985,92.06%,57,5.33%,28,2.62,1070
CRIANÇA,0 a < 5 anos,2025,SUDESTE,31,MG,311430,CARMO DO PARANAIBA,62,8.22%,57,7.56%,635,84.22%,119,15.78,754,13,1.72%,18,2.39%,653,86.6%,70,9.28%,31,4.11,754
CRIANÇA,0 a < 5 anos,2025,SUDESTE,31,MG,311440,CARMO DO RIO CLARO,14,1.72%,35,4.29%,766,93.99%,49,6.01,815,2,0.25%,11,1.35%,745,91.41%,57,6.99%,13,1.6,815
CRIANÇA,0 a < 5 anos,2025,SUDESTE,31,MG,311450,CARMOPOLIS DE MINAS,36,4.15%,31,3.58%,800,92.27%,67,7.73,867,9,1.04%,12,1.38%,792,91.35%,54,6.23%,21,2.42,867
CRIANÇA,0 a < 5 anos,2025,SUDESTE,31,MG,311455,CARNEIRINHO,9,2.51%,13,3.62%,337,93.87%,22,6.13,359,3,0.84%,6,1.67%,320,89.14%,30,8.36%,9,2.51,359
CRIANÇA,0 a < 5 anos,2025,SUDESTE,31,MG,311460,CARRANCAS,1,0.7%,9,6.29%,133,93.01%,10,6.99,143,0,-,5,3.5%,128,89.51%,10,6.99%,5,3.5,143
CRIANÇA,0 a < 5 anos,2025,SUDESTE,31,MG,311470,CARVALHOPOLIS,3,3.19%,3,3.19%,88,93.62%,6,6.38,94,1,1.06%,2,2.13%,86,91.49%,5,5.32%,3,3.19,94
CRIANÇA,0 a < 5 anos,2025,SUDESTE,31,MG,311480,CARVALHOS,5,2.56%,8,4.1%,182,93.33%,13,6.67,195,1,0.51%,2,1.03%,174,89.23%,18,9.23%,3,1.54,195
CRIANÇA,0 a < 5 anos,2025,SUDESTE,31,MG,311490,CASA GRANDE,4,4.49%,5,5.62%,80,89.89%,9,10.11,89,0,-,2,2.25%,85,95.51%,2,2.25%,2,2.25,89
CRIANÇA,0 a < 5 anos,2025,SUDESTE,31,MG,311500,CASCALHO RICO,8,7.48%,9,8.41%,90,84.11%,17,15.89,107,1,0.93%,2,1.87%,93,86.92%,11,10.28%,3,2.8,107
CRIANÇA,0 a < 5 anos,2025,SUDESTE,31,MG,311510,CASSIA,20,2.8%,39,5.45%,656,91.75%,59,8.25,715,6,0.84%,12,1.68%,647,90.49%,50,6.99%,18,2.52,715
CRIANÇA,0 a < 5 anos,2025,SUDESTE,31,MG,311520,CONCEICAO DA BARRA DE MINAS,4,2.7%,8,5.41%,136,91.89%,12,8.11,148,0,-,2,1.35%,129,87.16%,17,11.49%,2,1.35,148
CRIANÇA,0 a < 5 anos,2025,SUDESTE,31,MG,311530,CATAGUASES,101,7.52%,113,8.41%,1129,84.07%,214,15.93,1343,10,0.74%,30,2.23%,1159,86.3%,144,10.72%,40,2.98,1343
CRIANÇA,0 a < 5 anos,2025,SUDESTE,31,MG,311535,CATAS ALTAS,4,1.59%,14,5.58%,233,92.83%,18,7.17,251,0,-,3,1.2%,237,94.42%,11,4.38%,3,1.2,251
CRIANÇA,0 a < 5 anos,2025,SUDESTE,31,MG,311540,CATAS ALTAS DA NORUEGA,6,3.41%,6,3.41%,164,93.18%,12,6.82,176,4,2.27%,10,5.68%,153,86.93%,9,5.11%,14,7.95,176
CRIANÇA,0 a < 5 anos,2025,SUDESTE,31,MG,311545,CATUJI,13,2.8%,26,5.59%,426,91.61%,39,8.39,465,3,0.65%,7,1.51%,428,92.04%,27,5.81%,10,2.15,465
CRIANÇA,0 a < 5 anos,2025,SUDESTE,31,MG,311547,CATUTI,3,1.16%,14,5.41%,242,93.44%,17,6.56,259,1,0.39%,2,0.77%,240,92.66%,16,6.18%,3,1.16,259
CRIANÇA,0 a < 5 anos,2025,SUDESTE,31,MG,311550,CAXAMBU,15,2.5%,27,4.49%,559,93.01%,42,6.99,601,4,0.67%,11,1.83%,558,92.85%,28,4.66%,15,2.5,601
CRIANÇA,0 a < 5 anos,2025,SUDESTE,31,MG,311560,CEDRO DO ABAETE,1,1.79%,5,8.93%,50,89.29%,6,10.71,56,0,-,2,3.57%,49,87.5%,5,8.93%,2,3.57,56
CRIANÇA,0 a < 5 anos,2025,SUDESTE,31,MG,311570,CENTRAL DE MINAS,11,4.35%,9,3.56%,233,92.09%,20,7.91,253,5,1.98%,6,2.37%,224,88.54%,18,7.11%,11,4.35,253
CRIANÇA,0 a < 5 anos,2025,SUDESTE,31,MG,311580,CENTRALINA,16,4.17%,13,3.39%,355,92.45%,29,7.55,384,3,0.78%,12,3.13%,347,90.36%,22,5.73%,15,3.91,384
CRIANÇA,0 a < 5 anos,2025,SUDESTE,31,MG,311590,CHACARA,6,3.45%,6,3.45%,162,93.1%,12,6.9,174,1,0.57%,4,2.3%,149,85.63%,20,11.49%,5,2.87,174
CRIANÇA,0 a < 5 anos,2025,SUDESTE,31,MG,311600,CHALE,3,0.71%,22,5.23%,396,94.06%,25,5.94,421,1,0.24%,7,1.66%,388,92.16%,25,5.94%,8,1.9,421
CRIANÇA,0 a < 5 anos,2025,SUDESTE,31,MG,311610,CHAPADA DO NORTE,9,1.69%,21,3.95%,502,94.36%,30,5.64,532,0,-,18,3.38%,481,90.41%,33,6.2%,18,3.38,532
CRIANÇA,0 a < 5 anos,2025,SUDESTE,31,MG,311615,CHAPADA GAUCHA,48,4.58%,70,6.67%,931,88.75%,118,11.25,1049,7,0.67%,36,3.43%,968,92.28%,38,3.62%,43,4.1,1049
CRIANÇA,0 a < 5 anos,2025,SUDESTE,31,MG,311620,CHIADOR,2,2.02%,9,9.09%,88,88.89%,11,11.11,99,2,2.02%,4,4.04%,84,84.85%,9,9.09%,6,6.06,99
CRIANÇA,0 a < 5 anos,2025,SUDESTE,31,MG,311630,CIPOTANEA,9,3.96%,11,4.85%,207,91.19%,20,8.81,227,2,0.88%,4,1.76%,205,90.31%,16,7.05%,6,2.64,227
CRIANÇA,0 a < 5 anos,2025,SUDESTE,31,MG,311640,CLARAVAL,14,7.18%,25,12.82%,156,80%,39,20.0,195,3,1.54%,10,5.13%,168,86.15%,14,7.18%,13,6.67,195
CRIANÇA,0 a < 5 anos,2025,SUDESTE,31,MG,311650,CLARO DOS POCOES,7,2.19%,18,5.63%,295,92.19%,25,7.81,320,2,0.63%,8,2.5%,292,91.25%,18,5.63%,10,3.12,320
CRIANÇA,0 a < 5 anos,2025,SUDESTE,31,MG,311660,CLAUDIO,47,3.5%,86,6.41%,1208,90.08%,133,9.92,1341,24,1.79%,26,1.94%,1206,89.93%,85,6.34%,50,3.73,1341
CRIANÇA,0 a < 5 anos,2025,SUDESTE,31,MG,311670,COIMBRA,17,6.8%,15,6%,218,87.2%,32,12.8,250,1,0.4%,5,2%,226,90.4%,18,7.2%,6,2.4,250
CRIANÇA,0 a < 5 anos,2025,SUDESTE,31,MG,311680,COLUNA,6,1.32%,24,5.26%,426,93.42%,30,6.58,456,1,0.22%,11,2.41%,414,90.79%,30,6.58%,12,2.63,456
CRIANÇA,0 a < 5 anos,2025,SUDESTE,31,MG,311690,COMENDADOR GOMES,3,1.94%,5,3.23%,147,94.84%,8,5.16,155,1,0.65%,0,-,136,87.74%,18,11.61%,1,0.65,155
CRIANÇA,0 a < 5 anos,2025,SUDESTE,31,MG,311700,COMERCINHO,7,2.3%,17,5.59%,280,92.11%,24,7.89,304,0,-,11,3.62%,275,90.46%,18,5.92%,11,3.62,304
CRIANÇA,0 a < 5 anos,2025,SUDESTE,31,MG,311710,CONCEICAO DA APARECIDA,16,3.31%,26,5.37%,442,91.32%,42,8.68,484,11,2.27%,8,1.65%,428,88.43%,37,7.64%,19,3.93,484
CRIANÇA,0 a < 5 anos,2025,SUDESTE,31,MG,311720,CONCEICAO DAS PEDRAS,3,2.16%,4,2.88%,132,94.96%,7,5.04,139,0,-,2,1.44%,129,92.81%,8,5.76%,2,1.44,139
CRIANÇA,0 a < 5 anos,2025,SUDESTE,31,MG,311730,CONCEICAO DAS ALAGOAS,66,5.1%,82,6.34%,1146,88.56%,148,11.44,1294,17,1.31%,29,2.24%,1135,87.71%,113,8.73%,46,3.55,1294
CRIANÇA,0 a < 5 anos,2025,SUDESTE,31,MG,311740,CONCEICAO DE IPANEMA,7,2.81%,9,3.61%,233,93.57%,16,6.43,249,0,-,5,2.01%,215,86.35%,29,11.65%,5,2.01,249
CRIANÇA,0 a < 5 anos,2025,SUDESTE,31,MG,311750,CONCEICAO DO MATO DENTRO,47,3.25%,101,6.98%,1298,89.76%,148,10.24,1446,4,0.28%,33,2.28%,1295,89.56%,114,7.88%,37,2.56,1446
CRIANÇA,0 a < 5 anos,2025,SUDESTE,31,MG,311760,CONCEICAO DO PARA,4,1.53%,19,7.25%,239,91.22%,23,8.78,262,0,-,4,1.53%,238,90.84%,20,7.63%,4,1.53,262
CRIANÇA,0 a < 5 anos,2025,SUDESTE,31,MG,311770,CONCEICAO DO RIO VERDE,18,2.98%,25,4.13%,562,92.89%,43,7.11,605,2,0.33%,18,2.98%,527,87.11%,58,9.59%,20,3.31,605
CRIANÇA,0 a < 5 anos,2025,SUDESTE,31,MG,311780,CONCEICAO DOS OUROS,13,2.62%,27,5.44%,456,91.94%,40,8.06,496,5,1.01%,4,0.81%,450,90.73%,37,7.46%,9,1.81,496
CRIANÇA,0 a < 5 anos,2025,SUDESTE,31,MG,311783,CONEGO MARINHO,22,6.29%,33,9.43%,295,84.29%,55,15.71,350,2,0.57%,7,2%,325,92.86%,16,4.57%,9,2.57,350
CRIANÇA,0 a < 5 anos,2025,SUDESTE,31,MG,311787,CONFINS,10,4.07%,13,5.28%,223,90.65%,23,9.35,246,1,0.41%,7,2.85%,226,91.87%,12,4.88%,8,3.25,246
CRIANÇA,0 a < 5 anos,2025,SUDESTE,31,MG,311790,CONGONHAL,4,0.71%,23,4.09%,536,95.2%,27,4.8,563,0,-,11,1.95%,517,91.83%,35,6.22%,11,1.95,563
CRIANÇA,0 a < 5 anos,2025,SUDESTE,31,MG,311800,CONGONHAS,56,2.5%,139,6.2%,2046,91.3%,195,8.7,2241,12,0.54%,42,1.87%,2058,91.83%,129,5.76%,54,2.41,2241
CRIANÇA,0 a < 5 anos,2025,SUDESTE,31,MG,311810,CONGONHAS DO NORTE,3,1.16%,11,4.26%,244,94.57%,14,5.43,258,0,-,1,0.39%,241,93.41%,16,6.2%,1,0.39,258
CRIANÇA,0 a < 5 anos,2025,SUDESTE,31,MG,311820,CONQUISTA,9,3.07%,9,3.07%,275,93.86%,18,6.14,293,5,1.71%,1,0.34%,256,87.37%,31,10.58%,6,2.05,293
CRIANÇA,0 a < 5 anos,2025,SUDESTE,31,MG,311830,CONSELHEIRO LAFAIETE,59,2.64%,124,5.54%,2056,91.83%,183,8.17,2239,19,0.85%,35,1.56%,2059,91.96%,126,5.63%,54,2.41,2239
CRIANÇA,0 a < 5 anos,2025,SUDESTE,31,MG,311840,CONSELHEIRO PENA,18,1.7%,44,4.17%,994,94.13%,62,5.87,1056,4,0.38%,16,1.52%,945,89.49%,91,8.62%,20,1.89,1056
CRIANÇA,0 a < 5 anos,2025,SUDESTE,31,MG,311850,CONSOLACAO,0,-,2,6.9%,27,93.1%,2,6.9,29,0,-,0,-,27,93.1%,2,6.9%,0,0.0,29
CRIANÇA,0 a < 5 anos,2025,SUDESTE,31,MG,311860,CONTAGEM,494,3.37%,872,5.95%,13291,90.68%,1366,9.32,14657,142,0.97%,380,2.59%,13223,90.22%,912,6.22%,522,3.56,14657
CRIANÇA,0 a < 5 anos,2025,SUDESTE,31,MG,311870,COQUEIRAL,15,3.38%,22,4.95%,407,91.67%,37,8.33,444,1,0.23%,7,1.58%,395,88.96%,41,9.23%,8,1.8,444
CRIANÇA,0 a < 5 anos,2025,SUDESTE,31,MG,311880,CORACAO DE JESUS,50,4.05%,62,5.02%,1122,90.92%,112,9.08,1234,9,0.73%,18,1.46%,1117,90.52%,90,7.29%,27,2.19,1234
CRIANÇA,0 a < 5 anos,2025,SUDESTE,31,MG,311890,CORDISBURGO,26,9.09%,23,8.04%,237,82.87%,49,17.13,286,4,1.4%,9,3.15%,246,86.01%,27,9.44%,13,4.55,286
CRIANÇA,0 a < 5 anos,2025,SUDESTE,31,MG,311900,CORDISLANDIA,2,0.97%,15,7.28%,189,91.75%,17,8.25,206,0,-,3,1.46%,178,86.41%,25,12.14%,3,1.46,206
CRIANÇA,0 a < 5 anos,2025,SUDESTE,31,MG,311910,CORINTO,39,4.29%,68,7.47%,803,88.24%,107,11.76,910,8,0.88%,29,3.19%,786,86.37%,87,9.56%,37,4.07,910
CRIANÇA,0 a < 5 anos,2025,SUDESTE,31,MG,311920,COROACI,12,2.77%,18,4.16%,403,93.07%,30,6.93,433,2,0.46%,2,0.46%,385,88.91%,44,10.16%,4,0.92,433
CRIANÇA,0 a < 5 anos,2025,SUDESTE,31,MG,311930,COROMANDEL,29,2.73%,64,6.02%,971,91.26%,93,8.74,1064,5,0.47%,23,2.16%,970,91.17%,66,6.2%,28,2.63,1064
CRIANÇA,0 a < 5 anos,2025,SUDESTE,31,MG,311940,CORONEL FABRICIANO,133,3.46%,226,5.87%,3490,90.67%,359,9.33,3849,28,0.73%,67,1.74%,3439,89.35%,315,8.18%,95,2.47,3849
CRIANÇA,0 a < 5 anos,2025,SUDESTE,31,MG,311950,CORONEL MURTA,15,3.55%,24,5.67%,384,90.78%,39,9.22,423,6,1.42%,4,0.95%,388,91.73%,25,5.91%,10,2.36,423
CRIANÇA,0 a < 5 anos,2025,SUDESTE,31,MG,311960,CORONEL PACHECO,0,-,2,1.75%,112,98.25%,2,1.75,114,0,-,1,0.88%,105,92.11%,8,7.02%,1,0.88,114
CRIANÇA,0 a < 5 anos,2025,SUDESTE,31,MG,311970,CORONEL XAVIER CHAVES,1,0.57%,12,6.9%,161,92.53%,13,7.47,174,0,-,6,3.45%,155,89.08%,13,7.47%,6,3.45,174
CRIANÇA,0 a < 5 anos,2025,SUDESTE,31,MG,311980,CORREGO DANTA,3,2.03%,8,5.41%,137,92.57%,11,7.43,148,0,-,1,0.68%,135,91.22%,12,8.11%,1,0.68,148
CRIANÇA,0 a < 5 anos,2025,SUDESTE,31,MG,311990,CORREGO DO BOM JESUS,3,1.65%,6,3.3%,173,95.05%,9,4.95,182,0,-,3,1.65%,171,93.96%,8,4.4%,3,1.65,182
CRIANÇA,0 a < 5 anos,2025,SUDESTE,31,MG,311995,CORREGO FUNDO,18,5.54%,24,7.38%,283,87.08%,42,12.92,325,3,0.92%,4,1.23%,293,90.15%,25,7.69%,7,2.15,325
CRIANÇA,0 a < 5 anos,2025,SUDESTE,31,MG,312000,CORREGO NOVO,2,1.5%,6,4.51%,125,93.98%,8,6.02,133,1,0.75%,2,1.5%,119,89.47%,11,8.27%,3,2.26,133
CRIANÇA,0 a < 5 anos,2025,SUDESTE,31,MG,312010,COUTO DE MAGALHAES DE MINAS,7,3.07%,13,5.7%,208,91.23%,20,8.77,228,3,1.32%,2,0.88%,208,91.23%,15,6.58%,5,2.19,228
CRIANÇA,0 a < 5 anos,2025,SUDESTE,31,MG,312015,CRISOLITA,10,2.75%,13,3.58%,340,93.66%,23,6.34,363,1,0.28%,12,3.31%,334,92.01%,16,4.41%,13,3.58,363
CRIANÇA,0 a < 5 anos,2025,SUDESTE,31,MG,312020,CRISTAIS,33,5.3%,65,10.43%,525,84.27%,98,15.73,623,3,0.48%,13,2.09%,568,91.17%,39,6.26%,16,2.57,623
CRIANÇA,0 a < 5 anos,2025,SUDESTE,31,MG,312030,CRISTALIA,25,5.83%,32,7.46%,372,86.71%,57,13.29,429,3,0.7%,9,2.1%,372,86.71%,45,10.49%,12,2.8,429
CRIANÇA,0 a < 5 anos,2025,SUDESTE,31,MG,312040,CRISTIANO OTONI,3,1.32%,6,2.64%,218,96.04%,9,3.96,227,1,0.44%,0,-,210,92.51%,16,7.05%,1,0.44,227
CRIANÇA,0 a < 5 anos,2025,SUDESTE,31,MG,312050,CRISTINA,20,5.54%,22,6.09%,319,88.37%,42,11.63,361,2,0.55%,6,1.66%,330,91.41%,23,6.37%,8,2.22,361
CRIANÇA,0 a < 5 anos,2025,SUDESTE,31,MG,312060,CRUCILANDIA,18,7.44%,23,9.5%,201,83.06%,41,16.94,242,1,0.41%,6,2.48%,223,92.15%,12,4.96%,7,2.89,242
CRIANÇA,0 a < 5 anos,2025,SUDESTE,31,MG,312070,CRUZEIRO DA FORTALEZA,15,4.95%,29,9.57%,259,85.48%,44,14.52,303,3,0.99%,4,1.32%,280,92.41%,16,5.28%,7,2.31,303
CRIANÇA,0 a < 5 anos,2025,SUDESTE,31,MG,312080,CRUZILIA,8,1.1%,23,3.17%,695,95.73%,31,4.27,726,2,0.28%,14,1.93%,672,92.56%,38,5.23%,16,2.2,726
CRIANÇA,0 a < 5 anos,2025,SUDESTE,31,MG,312083,CUPARAQUE,5,1.99%,7,2.79%,239,95.22%,12,4.78,251,0,-,6,2.39%,224,89.24%,21,8.37%,6,2.39,251
CRIANÇA,0 a < 5 anos,2025,SUDESTE,31,MG,312087,CURRAL DE DENTRO,16,2.98%,20,3.72%,501,93.3%,36,6.7,537,4,0.74%,10,1.86%,491,91.43%,32,5.96%,14,2.61,537
CRIANÇA,0 a < 5 anos,2025,SUDESTE,31,MG,312090,CURVELO,91,3.01%,172,5.69%,2762,91.31%,263,8.69,3025,29,0.96%,63,2.08%,2711,89.62%,222,7.34%,92,3.04,3025
CRIANÇA,0 a < 5 anos,2025,SUDESTE,31,MG,312100,DATAS,4,1.2%,12,3.6%,317,95.2%,16,4.8,333,3,0.9%,5,1.5%,305,91.59%,20,6.01%,8,2.4,333
CRIANÇA,0 a < 5 anos,2025,SUDESTE,31,MG,312110,DELFIM MOREIRA,13,4.26%,16,5.25%,276,90.49%,29,9.51,305,5,1.64%,8,2.62%,277,90.82%,15,4.92%,13,4.26,305
CRIANÇA,0 a < 5 anos,2025,SUDESTE,31,MG,312120,DELFINOPOLIS,12,2.78%,15,3.48%,404,93.74%,27,6.26,431,1,0.23%,4,0.93%,379,87.94%,47,10.9%,5,1.16,431
CRIANÇA,0 a < 5 anos,2025,SUDESTE,31,MG,312125,DELTA,26,4.77%,49,8.99%,470,86.24%,75,13.76,545,6,1.1%,12,2.2%,495,90.83%,32,5.87%,18,3.3,545
CRIANÇA,0 a < 5 anos,2025,SUDESTE,31,MG,312130,DESCOBERTO,1,0.42%,14,5.93%,221,93.64%,15,6.36,236,1,0.42%,6,2.54%,207,87.71%,22,9.32%,7,2.97,236
CRIANÇA,0 a < 5 anos,2025,SUDESTE,31,MG,312140,DESTERRO DE ENTRE RIOS,15,3.59%,34,8.13%,369,88.28%,49,11.72,418,3,0.72%,9,2.15%,382,91.39%,24,5.74%,12,2.87,418
CRIANÇA,0 a < 5 anos,2025,SUDESTE,31,MG,312150,DESTERRO DO MELO,3,1.92%,4,2.56%,149,95.51%,7,4.49,156,0,-,5,3.21%,139,89.1%,12,7.69%,5,3.21,156
CRIANÇA,0 a < 5 anos,2025,SUDESTE,31,MG,312160,DIAMANTINA,63,3.34%,81,4.29%,1742,92.36%,144,7.64,1886,13,0.69%,46,2.44%,1705,90.4%,122,6.47%,59,3.13,1886
CRIANÇA,0 a < 5 anos,2025,SUDESTE,31,MG,312170,DIOGO DE VASCONCELOS,5,3.03%,5,3.03%,155,93.94%,10,6.06,165,0,-,2,1.21%,144,87.27%,19,11.52%,2,1.21,165
CRIANÇA,0 a < 5 anos,2025,SUDESTE,31,MG,312180,DIONISIO,13,4.89%,19,7.14%,234,87.97%,32,12.03,266,1,0.38%,3,1.13%,242,90.98%,20,7.52%,4,1.5,266
CRIANÇA,0 a < 5 anos,2025,SUDESTE,31,MG,312190,DIVINESIA,6,1.94%,9,2.9%,295,95.16%,15,4.84,310,2,0.65%,3,0.97%,280,90.32%,25,8.06%,5,1.61,310
CRIANÇA,0 a < 5 anos,2025,SUDESTE,31,MG,312200,DIVINO,67,5.67%,88,7.45%,1027,86.89%,155,13.11,1182,9,0.76%,20,1.69%,1051,88.92%,102,8.63%,29,2.45,1182
CRIANÇA,0 a < 5 anos,2025,SUDESTE,31,MG,312210,DIVINO DAS LARANJEIRAS,2,1.06%,8,4.23%,179,94.71%,10,5.29,189,2,1.06%,4,2.12%,165,87.3%,18,9.52%,6,3.17,189
CRIANÇA,0 a < 5 anos,2025,SUDESTE,31,MG,312220,DIVINOLANDIA DE MINAS,15,3.49%,21,4.88%,394,91.63%,36,8.37,430,7,1.63%,9,2.09%,374,86.98%,40,9.3%,16,3.72,430
CRIANÇA,0 a < 5 anos,2025,SUDESTE,31,MG,312230,DIVINOPOLIS,216,3.27%,391,5.93%,5989,90.8%,607,9.2,6596,45,0.68%,146,2.21%,6060,91.87%,345,5.23%,191,2.9,6596
CRIANÇA,0 a < 5 anos,2025,SUDESTE,31,MG,312235,DIVISA ALEGRE,12,2.85%,21,4.99%,388,92.16%,33,7.84,421,3,0.71%,10,2.38%,379,90.02%,29,6.89%,13,3.09,421
CRIANÇA,0 a < 5 anos,2025,SUDESTE,31,MG,312240,DIVISA NOVA,8,5.1%,9,5.73%,140,89.17%,17,10.83,157,0,-,3,1.91%,139,88.54%,15,9.55%,3,1.91,157
CRIANÇA,0 a < 5 anos,2025,SUDESTE,31,MG,312245,DIVISOPOLIS,27,6.49%,21,5.05%,368,88.46%,48,11.54,416,3,0.72%,7,1.68%,375,90.14%,31,7.45%,10,2.4,416
CRIANÇA,0 a < 5 anos,2025,SUDESTE,31,MG,312247,DOM BOSCO,19,7.98%,12,5.04%,207,86.97%,31,13.03,238,3,1.26%,3,1.26%,219,92.02%,13,5.46%,6,2.52,238
CRIANÇA,0 a < 5 anos,2025,SUDESTE,31,MG,312250,DOM CAVATI,10,4.74%,9,4.27%,192,91%,19,9.0,211,1,0.47%,5,2.37%,178,84.36%,27,12.8%,6,2.84,211
CRIANÇA,0 a < 5 anos,2025,SUDESTE,31,MG,312260,DOM JOAQUIM,48,20.87%,14,6.09%,168,73.04%,62,26.96,230,32,13.91%,11,4.78%,174,75.65%,13,5.65%,43,18.7,230
CRIANÇA,0 a < 5 anos,2025,SUDESTE,31,MG,312270,DOM SILVERIO,9,4.41%,14,6.86%,181,88.73%,23,11.27,204,1,0.49%,5,2.45%,185,90.69%,13,6.37%,6,2.94,204
CRIANÇA,0 a < 5 anos,2025,SUDESTE,31,MG,312280,DOM VICOSO,1,0.63%,5,3.16%,152,96.2%,6,3.8,158,0,-,3,1.9%,150,94.94%,5,3.16%,3,1.9,158
CRIANÇA,0 a < 5 anos,2025,SUDESTE,31,MG,312290,DONA EUSEBIA,3,1.27%,6,2.54%,227,96.19%,9,3.81,236,0,-,2,0.85%,219,92.8%,15,6.36%,2,0.85,236
CRIANÇA,0 a < 5 anos,2025,SUDESTE,31,MG,312300,DORES DE CAMPOS,18,7.17%,20,7.97%,213,84.86%,38,15.14,251,3,1.2%,9,3.59%,217,86.45%,22,8.76%,12,4.78,251
CRIANÇA,0 a < 5 anos,2025,SUDESTE,31,MG,312310,DORES DE GUANHAES,16,6.45%,11,4.44%,221,89.11%,27,10.89,248,2,0.81%,6,2.42%,222,89.52%,18,7.26%,8,3.23,248
CRIANÇA,0 a < 5 anos,2025,SUDESTE,31,MG,312320,DORES DO INDAIA,3,0.86%,16,4.57%,331,94.57%,19,5.43,350,1,0.29%,5,1.43%,330,94.29%,14,4%,6,1.71,350
CRIANÇA,0 a < 5 anos,2025,SUDESTE,31,MG,312330,DORES DO TURVO,3,1.28%,17,7.26%,214,91.45%,20,8.55,234,0,-,4,1.71%,218,93.16%,12,5.13%,4,1.71,234
CRIANÇA,0 a < 5 anos,2025,SUDESTE,31,MG,312340,DORESOPOLIS,2,2.44%,6,7.32%,74,90.24%,8,9.76,82,0,-,1,1.22%,80,97.56%,1,1.22%,1,1.22,82
CRIANÇA,0 a < 5 anos,2025,SUDESTE,31,MG,312350,DOURADOQUARA,3,3.13%,3,3.13%,90,93.75%,6,6.25,96,2,2.08%,0,-,86,89.58%,8,8.33%,2,2.08,96
CRIANÇA,0 a < 5 anos,2025,SUDESTE,31,MG,312352,DURANDE,20,3.6%,29,5.23%,506,91.17%,49,8.83,555,4,0.72%,11,1.98%,482,86.85%,58,10.45%,15,2.7,555
CRIANÇA,0 a < 5 anos,2025,SUDESTE,31,MG,312360,ELOI MENDES,15,1.68%,42,4.7%,837,93.62%,57,6.38,894,7,0.78%,10,1.12%,808,90.38%,69,7.72%,17,1.9,894
CRIANÇA,0 a < 5 anos,2025,SUDESTE,31,MG,312370,ENGENHEIRO CALDAS,14,2.58%,31,5.71%,498,91.71%,45,8.29,543,2,0.37%,10,1.84%,489,90.06%,42,7.73%,12,2.21,543
CRIANÇA,0 a < 5 anos,2025,SUDESTE,31,MG,312380,ENGENHEIRO NAVARRO,28,7.37%,30,7.89%,322,84.74%,58,15.26,380,2,0.53%,15,3.95%,334,87.89%,29,7.63%,17,4.47,380
CRIANÇA,0 a < 5 anos,2025,SUDESTE,31,MG,312385,ENTRE FOLHAS,8,2.16%,18,4.86%,344,92.97%,26,7.03,370,1,0.27%,8,2.16%,334,90.27%,27,7.3%,9,2.43,370
CRIANÇA,0 a < 5 anos,2025,SUDESTE,31,MG,312390,ENTRE RIOS DE MINAS,44,5.95%,46,6.22%,649,87.82%,90,12.18,739,9,1.22%,20,2.71%,650,87.96%,60,8.12%,29,3.92,739
CRIANÇA,0 a < 5 anos,2025,SUDESTE,31,MG,312400,ERVALIA,23,2.31%,47,4.72%,925,92.96%,70,7.04,995,6,0.6%,13,1.31%,916,92.06%,60,6.03%,19,1.91,995
CRIANÇA,0 a < 5 anos,2025,SUDESTE,31,MG,312410,ESMERALDAS,91,5.09%,124,6.94%,1573,87.98%,215,12.02,1788,28,1.57%,55,3.08%,1592,89.04%,113,6.32%,83,4.64,1788
CRIANÇA,0 a < 5 anos,2025,SUDESTE,31,MG,312420,ESPERA FELIZ,45,4.08%,56,5.07%,1003,90.85%,101,9.15,1104,5,0.45%,24,2.17%,992,89.86%,83,7.52%,29,2.63,1104
CRIANÇA,0 a < 5 anos,2025,SUDESTE,31,MG,312430,ESPINOSA,36,2.11%,53,3.1%,1620,94.79%,89,5.21,1709,13,0.76%,38,2.22%,1552,90.81%,106,6.2%,51,2.98,1709
CRIANÇA,0 a < 5 anos,2025,SUDESTE,31,MG,312440,ESPIRITO SANTO DO DOURADO,41,6.91%,36,6.07%,516,87.02%,77,12.98,593,8,1.35%,18,3.04%,500,84.32%,67,11.3%,26,4.38,593
CRIANÇA,0 a < 5 anos,2025,SUDESTE,31,MG,312450,ESTIVA,8,2.02%,14,3.54%,374,94.44%,22,5.56,396,1,0.25%,7,1.77%,362,91.41%,26,6.57%,8,2.02,396
CRIANÇA,0 a < 5 anos,2025,SUDESTE,31,MG,312460,ESTRELA DALVA,4,4.35%,2,2.17%,86,93.48%,6,6.52,92,2,2.17%,2,2.17%,77,83.7%,11,11.96%,4,4.35,92
CRIANÇA,0 a < 5 anos,2025,SUDESTE,31,MG,312470,ESTRELA DO INDAIA,0,-,2,3.03%,64,96.97%,2,3.03,66,0,-,0,-,62,93.94%,4,6.06%,0,0.0,66
CRIANÇA,0 a < 5 anos,2025,SUDESTE,31,MG,312480,ESTRELA DO SUL,5,1.42%,18,5.13%,328,93.45%,23,6.55,351,0,-,8,2.28%,312,88.89%,31,8.83%,8,2.28,351
CRIANÇA,0 a < 5 anos,2025,SUDESTE,31,MG,312490,EUGENOPOLIS,24,6.23%,23,5.97%,338,87.79%,47,12.21,385,4,1.04%,14,3.64%,320,83.12%,47,12.21%,18,4.68,385
CRIANÇA,0 a < 5 anos,2025,SUDESTE,31,MG,312500,EWBANK DA CAMARA,14,5.62%,17,6.83%,218,87.55%,31,12.45,249,0,-,7,2.81%,221,88.76%,21,8.43%,7,2.81,249
CRIANÇA,0 a < 5 anos,2025,SUDESTE,31,MG,312510,EXTREMA,71,2.75%,141,5.46%,2370,91.79%,212,8.21,2582,12,0.46%,42,1.63%,2379,92.14%,149,5.77%,54,2.09,2582
CRIANÇA,0 a < 5 anos,2025,SUDESTE,31,MG,312520,FAMA,0,-,5,5.62%,84,94.38%,5,5.62,89,0,-,1,1.12%,80,89.89%,8,8.99%,1,1.12,89
CRIANÇA,0 a < 5 anos,2025,SUDESTE,31,MG,312530,FARIA LEMOS,7,5.22%,8,5.97%,119,88.81%,15,11.19,134,2,1.49%,4,2.99%,118,88.06%,10,7.46%,6,4.48,134
CRIANÇA,0 a < 5 anos,2025,SUDESTE,31,MG,312540,FELICIO DOS SANTOS,7,2.19%,22,6.88%,291,90.94%,29,9.06,320,0,-,6,1.88%,302,94.38%,12,3.75%,6,1.88,320
CRIANÇA,0 a < 5 anos,2025,SUDESTE,31,MG,312550,SAO GONCALO DO RIO PRETO,5,4.17%,7,5.83%,108,90%,12,10.0,120,0,-,4,3.33%,104,86.67%,12,10%,4,3.33,120
CRIANÇA,0 a < 5 anos,2025,SUDESTE,31,MG,312560,FELISBURGO,14,3.62%,16,4.13%,357,92.25%,30,7.75,387,4,1.03%,4,1.03%,355,91.73%,24,6.2%,8,2.07,387
CRIANÇA,0 a < 5 anos,2025,SUDESTE,31,MG,312570,FELIXLANDIA,42,5.9%,58,8.15%,612,85.96%,100,14.04,712,7,0.98%,20,2.81%,614,86.24%,71,9.97%,27,3.79,712
CRIANÇA,0 a < 5 anos,2025,SUDESTE,31,MG,312580,FERNANDES TOURINHO,4,2.5%,5,3.13%,151,94.38%,9,5.62,160,0,-,2,1.25%,147,91.88%,11,6.88%,2,1.25,160
CRIANÇA,0 a < 5 anos,2025,SUDESTE,31,MG,312590,FERROS,2,0.51%,17,4.36%,371,95.13%,19,4.87,390,1,0.26%,8,2.05%,353,90.51%,28,7.18%,9,2.31,390
CRIANÇA,0 a < 5 anos,2025,SUDESTE,31,MG,312595,FERVEDOURO,40,5.53%,49,6.78%,634,87.69%,89,12.31,723,10,1.38%,20,2.77%,639,88.38%,54,7.47%,30,4.15,723
CRIANÇA,0 a < 5 anos,2025,SUDESTE,31,MG,312600,FLORESTAL,3,1.28%,11,4.7%,220,94.02%,14,5.98,234,2,0.85%,6,2.56%,211,90.17%,15,6.41%,8,3.42,234
CRIANÇA,0 a < 5 anos,2025,SUDESTE,31,MG,312610,FORMIGA,26,1.69%,66,4.29%,1445,94.01%,92,5.99,1537,8,0.52%,30,1.95%,1401,91.15%,98,6.38%,38,2.47,1537
CRIANÇA,0 a < 5 anos,2025,SUDESTE,31,MG,312620,FORMOSO,13,2.24%,23,3.97%,544,93.79%,36,6.21,580,4,0.69%,16,2.76%,527,90.86%,33,5.69%,20,3.45,580
CRIANÇA,0 a < 5 anos,2025,SUDESTE,31,MG,312630,FORTALEZA DE MINAS,0,-,3,2.27%,129,97.73%,3,2.27,132,0,-,2,1.52%,117,88.64%,13,9.85%,2,1.52,132
CRIANÇA,0 a < 5 anos,2025,SUDESTE,31,MG,312640,FORTUNA DE MINAS,1,0.6%,7,4.22%,158,95.18%,8,4.82,166,0,-,2,1.2%,152,91.57%,12,7.23%,2,1.2,166
CRIANÇA,0 a < 5 anos,2025,SUDESTE,31,MG,312650,FRANCISCO BADARO,9,2.86%,11,3.49%,295,93.65%,20,6.35,315,2,0.63%,5,1.59%,283,89.84%,25,7.94%,7,2.22,315
CRIANÇA,0 a < 5 anos,2025,SUDESTE,31,MG,312660,FRANCISCO DUMONT,6,2.03%,11,3.73%,278,94.24%,17,5.76,295,4,1.36%,2,0.68%,266,90.17%,23,7.8%,6,2.03,295
CRIANÇA,0 a < 5 anos,2025,SUDESTE,31,MG,312670,FRANCISCO SA,40,4.09%,47,4.81%,891,91.1%,87,8.9,978,11,1.12%,23,2.35%,888,90.8%,56,5.73%,34,3.48,978
CRIANÇA,0 a < 5 anos,2025,SUDESTE,31,MG,312675,FRANCISCOPOLIS,7,3.06%,9,3.93%,213,93.01%,16,6.99,229,1,0.44%,7,3.06%,204,89.08%,17,7.42%,8,3.49,229
CRIANÇA,0 a < 5 anos,2025,SUDESTE,31,MG,312680,FREI GASPAR,22,6.15%,28,7.82%,308,86.03%,50,13.97,358,4,1.12%,13,3.63%,313,87.43%,28,7.82%,17,4.75,358
CRIANÇA,0 a < 5 anos,2025,SUDESTE,31,MG,312690,FREI INOCENCIO,19,3.95%,34,7.07%,428,88.98%,53,11.02,481,3,0.62%,7,1.46%,435,90.44%,36,7.48%,10,2.08,481
CRIANÇA,0 a < 5 anos,2025,SUDESTE,31,MG,312695,FREI LAGONEGRO,6,2.56%,11,4.7%,217,92.74%,17,7.26,234,0,-,4,1.71%,220,94.02%,10,4.27%,4,1.71,234
CRIANÇA,0 a < 5 anos,2025,SUDESTE,31,MG,312700,FRONTEIRA,13,2.02%,27,4.21%,602,93.77%,40,6.23,642,1,0.16%,9,1.4%,563,87.69%,69,10.75%,10,1.56,642
CRIANÇA,0 a < 5 anos,2025,SUDESTE,31,MG,312705,FRONTEIRA DOS VALES,10,4.15%,12,4.98%,219,90.87%,22,9.13,241,2,0.83%,5,2.07%,216,89.63%,18,7.47%,7,2.9,241
CRIANÇA,0 a < 5 anos,2025,SUDESTE,31,MG,312707,FRUTA DE LEITE,12,4.55%,14,5.3%,238,90.15%,26,9.85,264,1,0.38%,3,1.14%,244,92.42%,16,6.06%,4,1.52,264
CRIANÇA,0 a < 5 anos,2025,SUDESTE,31,MG,312710,FRUTAL,46,2.05%,80,3.57%,2118,94.39%,126,5.61,2244,16,0.71%,51,2.27%,2051,91.4%,126,5.61%,67,2.99,2244
CRIANÇA,0 a < 5 anos,2025,SUDESTE,31,MG,312720,FUNILANDIA,4,1.56%,15,5.84%,238,92.61%,19,7.39,257,2,0.78%,3,1.17%,221,85.99%,31,12.06%,5,1.95,257
CRIANÇA,0 a < 5 anos,2025,SUDESTE,31,MG,312730,GALILEIA,8,2.78%,13,4.51%,267,92.71%,21,7.29,288,0,-,8,2.78%,258,89.58%,22,7.64%,8,2.78,288
CRIANÇA,0 a < 5 anos,2025,SUDESTE,31,MG,312733,GAMELEIRAS,13,3.77%,15,4.35%,317,91.88%,28,8.12,345,3,0.87%,5,1.45%,312,90.43%,25,7.25%,8,2.32,345
CRIANÇA,0 a < 5 anos,2025,SUDESTE,31,MG,312735,GLAUCILANDIA,5,3.45%,13,8.97%,127,87.59%,18,12.41,145,1,0.69%,6,4.14%,109,75.17%,29,20%,7,4.83,145
CRIANÇA,0 a < 5 anos,2025,SUDESTE,31,MG,312737,GOIABEIRA,2,1.02%,3,1.52%,192,97.46%,5,2.54,197,0,-,3,1.52%,176,89.34%,18,9.14%,3,1.52,197
CRIANÇA,0 a < 5 anos,2025,SUDESTE,31,MG,312738,GOIANA,6,4.88%,5,4.07%,112,91.06%,11,8.94,123,0,-,2,1.63%,113,91.87%,8,6.5%,2,1.63,123
CRIANÇA,0 a < 5 anos,2025,SUDESTE,31,MG,312740,GONCALVES,1,0.52%,9,4.71%,181,94.76%,10,5.24,191,0,-,4,2.09%,177,92.67%,10,5.24%,4,2.09,191
CRIANÇA,0 a < 5 anos,2025,SUDESTE,31,MG,312750,GONZAGA,3,1.01%,11,3.69%,284,95.3%,14,4.7,298,1,0.34%,3,1.01%,270,90.6%,24,8.05%,4,1.34,298
CRIANÇA,0 a < 5 anos,2025,SUDESTE,31,MG,312760,GOUVEIA,18,3.19%,29,5.14%,517,91.67%,47,8.33,564,2,0.35%,16,2.84%,515,91.31%,31,5.5%,18,3.19,564
CRIANÇA,0 a < 5 anos,2025,SUDESTE,31,MG,312770,GOVERNADOR VALADARES,234,3.38%,423,6.1%,6274,90.52%,657,9.48,6931,71,1.02%,170,2.44%,6262,89.86%,466,6.69%,241,3.46,6969
CRIANÇA,0 a < 5 anos,2025,SUDESTE,31,MG,312780,GRAO MOGOL,18,2.47%,26,3.57%,684,93.96%,44,6.04,728,7,0.96%,16,2.2%,673,92.45%,32,4.4%,23,3.16,728
CRIANÇA,0 a < 5 anos,2025,SUDESTE,31,MG,312790,GRUPIARA,0,-,1,1.72%,57,98.28%,1,1.72,58,0,-,1,1.72%,50,86.21%,7,12.07%,1,1.72,58
CRIANÇA,0 a < 5 anos,2025,SUDESTE,31,MG,312800,GUANHAES,56,3.59%,91,5.84%,1411,90.56%,147,9.44,1558,9,0.58%,34,2.18%,1398,89.73%,117,7.51%,43,2.76,1558
CRIANÇA,0 a < 5 anos,2025,SUDESTE,31,MG,312810,GUAPE,14,2.12%,27,4.08%,620,93.8%,41,6.2,661,3,0.45%,10,1.51%,606,91.68%,42,6.35%,13,1.97,661
CRIANÇA,0 a < 5 anos,2025,SUDESTE,31,MG,312820,GUARACIABA,13,4.05%,11,3.43%,297,92.52%,24,7.48,321,3,0.93%,5,1.56%,287,89.41%,26,8.1%,8,2.49,321
CRIANÇA,0 a < 5 anos,2025,SUDESTE,31,MG,312825,GUARACIAMA,10,4.12%,11,4.53%,222,91.36%,21,8.64,243,0,-,5,2.06%,216,88.89%,22,9.05%,5,2.06,243
CRIANÇA,0 a < 5 anos,2025,SUDESTE,31,MG,312830,GUARANESIA,36,4.34%,61,7.35%,733,88.31%,97,11.69,830,11,1.33%,37,4.46%,724,87.23%,58,6.99%,48,5.78,830
CRIANÇA,0 a < 5 anos,2025,SUDESTE,31,MG,312840,GUARANI,6,2.17%,12,4.35%,258,93.48%,18,6.52,276,0,-,6,2.17%,242,87.68%,28,10.14%,6,2.17,276
CRIANÇA,0 a < 5 anos,2025,SUDESTE,31,MG,312850,GUARARA,5,2.63%,5,2.63%,180,94.74%,10,5.26,190,1,0.53%,2,1.05%,167,87.89%,20,10.53%,3,1.58,190
CRIANÇA,0 a < 5 anos,2025,SUDESTE,31,MG,312860,GUARDA-MOR,9,2.39%,18,4.79%,349,92.82%,27,7.18,376,4,1.06%,7,1.86%,334,88.83%,31,8.24%,11,2.93,376
CRIANÇA,0 a < 5 anos,2025,SUDESTE,31,MG,312870,GUAXUPE,29,5%,35,6.03%,516,88.97%,64,11.03,580,9,1.55%,19,3.28%,515,88.79%,37,6.38%,28,4.83,580
CRIANÇA,0 a < 5 anos,2025,SUDESTE,31,MG,312880,GUIDOVAL,57,11.78%,61,12.6%,366,75.62%,118,24.38,484,6,1.24%,16,3.31%,423,87.4%,39,8.06%,22,4.55,484
CRIANÇA,0 a < 5 anos,2025,SUDESTE,31,MG,312890,GUIMARANIA,11,2.13%,26,5.03%,480,92.84%,37,7.16,517,5,0.97%,4,0.77%,468,90.52%,40,7.74%,9,1.74,517
CRIANÇA,0 a < 5 anos,2025,SUDESTE,31,MG,312900,GUIRICEMA,10,2.79%,27,7.54%,321,89.66%,37,10.34,358,1,0.28%,10,2.79%,321,89.66%,26,7.26%,11,3.07,358
CRIANÇA,0 a < 5 anos,2025,SUDESTE,31,MG,312910,GURINHATA,9,4.66%,4,2.07%,180,93.26%,13,6.74,193,1,0.52%,2,1.04%,175,90.67%,15,7.77%,3,1.55,193
CRIANÇA,0 a < 5 anos,2025,SUDESTE,31,MG,312920,HELIODORA,4,1.49%,12,4.48%,252,94.03%,16,5.97,268,0,-,6,2.24%,232,86.57%,30,11.19%,6,2.24,268
CRIANÇA,0 a < 5 anos,2025,SUDESTE,31,MG,312930,IAPU,20,3.12%,29,4.52%,592,92.36%,49,7.64,641,3,0.47%,9,1.4%,593,92.51%,36,5.62%,12,1.87,641
CRIANÇA,0 a < 5 anos,2025,SUDESTE,31,MG,312940,IBERTIOGA,8,3.59%,15,6.73%,200,89.69%,23,10.31,223,0,-,7,3.14%,205,91.93%,11,4.93%,7,3.14,223
CRIANÇA,0 a < 5 anos,2025,SUDESTE,31,MG,312950,IBIA,24,2.22%,55,5.09%,1001,92.69%,79,7.31,1080,4,0.37%,17,1.57%,983,91.02%,76,7.04%,21,1.94,1080
CRIANÇA,0 a < 5 anos,2025,SUDESTE,31,MG,312960,IBIAI,16,4.03%,15,3.78%,366,92.19%,31,7.81,397,3,0.76%,8,2.02%,350,88.16%,36,9.07%,11,2.77,397
CRIANÇA,0 a < 5 anos,2025,SUDESTE,31,MG,312965,IBIRACATU,35,11.25%,37,11.9%,239,76.85%,72,23.15,311,1,0.32%,18,5.79%,275,88.42%,17,5.47%,19,6.11,311
CRIANÇA,0 a < 5 anos,2025,SUDESTE,31,MG,312970,IBIRACI,20,2.87%,31,4.45%,645,92.67%,51,7.33,696,3,0.43%,13,1.87%,633,90.95%,47,6.75%,16,2.3,696
CRIANÇA,0 a < 5 anos,2025,SUDESTE,31,MG,312980,IBIRITE,237,3.81%,365,5.86%,5622,90.33%,602,9.67,6224,58,0.93%,173,2.78%,5572,89.52%,421,6.76%,231,3.71,6224
CRIANÇA,0 a < 5 anos,2025,SUDESTE,31,MG,312990,IBITIURA DE MINAS,10,7.52%,8,6.02%,115,86.47%,18,13.53,133,3,2.26%,0,-,120,90.23%,10,7.52%,3,2.26,133
CRIANÇA,0 a < 5 anos,2025,SUDESTE,31,MG,313000,IBITURUNA,5,4.13%,6,4.96%,110,90.91%,11,9.09,121,2,1.65%,1,0.83%,110,90.91%,8,6.61%,3,2.48,121
CRIANÇA,0 a < 5 anos,2025,SUDESTE,31,MG,313005,ICARAI DE MINAS,15,2.79%,26,4.84%,496,92.36%,41,7.64,537,3,0.56%,11,2.05%,482,89.76%,41,7.64%,14,2.61,537
CRIANÇA,0 a < 5 anos,2025,SUDESTE,31,MG,313010,IGARAPE,116,6.54%,157,8.86%,1500,84.6%,273,15.4,1773,34,1.92%,49,2.76%,1581,89.17%,109,6.15%,83,4.68,1773
CRIANÇA,0 a < 5 anos,2025,SUDESTE,31,MG,313020,IGARATINGA,18,2.92%,47,7.62%,552,89.47%,65,10.53,617,5,0.81%,16,2.59%,551,89.3%,45,7.29%,21,3.4,617
CRIANÇA,0 a < 5 anos,2025,SUDESTE,31,MG,313030,IGUATAMA,7,2.71%,13,5.04%,238,92.25%,20,7.75,258,0,-,3,1.16%,227,87.98%,28,10.85%,3,1.16,258
CRIANÇA,0 a < 5 anos,2025,SUDESTE,31,MG,313040,IJACI,11,3%,15,4.09%,341,92.92%,26,7.08,367,3,0.82%,4,1.09%,333,90.74%,27,7.36%,7,1.91,367
CRIANÇA,0 a < 5 anos,2025,SUDESTE,31,MG,313050,ILICINEA,23,3.67%,34,5.43%,569,90.89%,57,9.11,626,4,0.64%,15,2.4%,563,89.94%,44,7.03%,19,3.04,626
CRIANÇA,0 a < 5 anos,2025,SUDESTE,31,MG,313055,IMBE DE MINAS,18,3.96%,25,5.49%,412,90.55%,43,9.45,455,2,0.44%,8,1.76%,409,89.89%,36,7.91%,10,2.2,455
CRIANÇA,0 a < 5 anos,2025,SUDESTE,31,MG,313060,INCONFIDENTES,8,2.38%,15,4.46%,313,93.15%,23,6.85,336,1,0.3%,8,2.38%,301,89.58%,26,7.74%,9,2.68,336
CRIANÇA,0 a < 5 anos,2025,SUDESTE,31,MG,313065,INDAIABIRA,9,2.43%,17,4.58%,345,92.99%,26,7.01,371,1,0.27%,12,3.23%,337,90.84%,21,5.66%,13,3.5,371
CRIANÇA,0 a < 5 anos,2025,SUDESTE,31,MG,313070,INDIANOPOLIS,11,4.55%,17,7.02%,214,88.43%,28,11.57,242,0,-,3,1.24%,225,92.98%,14,5.79%,3,1.24,242
CRIANÇA,0 a < 5 anos,2025,SUDESTE,31,MG,313080,INGAI,4,2.48%,4,2.48%,153,95.03%,8,4.97,161,3,1.86%,6,3.73%,140,86.96%,12,7.45%,9,5.59,161
CRIANÇA,0 a < 5 anos,2025,SUDESTE,31,MG,313090,INHAPIM,69,6.08%,65,5.73%,1000,88.18%,134,11.82,1134,14,1.23%,20,1.76%,983,86.68%,117,10.32%,34,3.0,1134
CRIANÇA,0 a < 5 anos,2025,SUDESTE,31,MG,313100,INHAUMA,7,2.24%,11,3.51%,295,94.25%,18,5.75,313,0,-,6,1.92%,281,89.78%,26,8.31%,6,1.92,313
CRIANÇA,0 a < 5 anos,2025,SUDESTE,31,MG,313110,INIMUTABA,15,4.02%,21,5.63%,337,90.35%,36,9.65,373,2,0.54%,14,3.75%,319,85.52%,38,10.19%,16,4.29,373
CRIANÇA,0 a < 5 anos,2025,SUDESTE,31,MG,313115,IPABA,64,7.14%,79,8.82%,753,84.04%,143,15.96,896,5,0.56%,16,1.79%,808,90.18%,67,7.48%,21,2.34,896
CRIANÇA,0 a < 5 anos,2025,SUDESTE,31,MG,313120,IPANEMA,34,4.01%,57,6.73%,756,89.26%,91,10.74,847,12,1.42%,26,3.07%,744,87.84%,65,7.67%,38,4.49,847
CRIANÇA,0 a < 5 anos,2025,SUDESTE,31,MG,313130,IPATINGA,669,8.81%,540,7.11%,6388,84.09%,1209,15.91,7597,301,3.96%,241,3.17%,6535,85.99%,523,6.88%,542,7.13,7600
CRIANÇA,0 a < 5 anos,2025,SUDESTE,31,MG,313140,IPIACU,3,1.66%,3,1.66%,175,96.69%,6,3.31,181,1,0.55%,1,0.55%,156,86.19%,23,12.71%,2,1.1,181
CRIANÇA,0 a < 5 anos,2025,SUDESTE,31,MG,313150,IPUIUNA,25,5.57%,34,7.57%,390,86.86%,59,13.14,449,5,1.11%,7,1.56%,406,90.42%,31,6.9%,12,2.67,449
CRIANÇA,0 a < 5 anos,2025,SUDESTE,31,MG,313160,IRAI DE MINAS,19,4.12%,23,4.99%,419,90.89%,42,9.11,461,1,0.22%,11,2.39%,429,93.06%,20,4.34%,12,2.6,461
CRIANÇA,0 a < 5 anos,2025,SUDESTE,31,MG,313170,ITABIRA,80,2.45%,181,5.53%,3010,92.02%,261,7.98,3271,27,0.83%,79,2.42%,2976,90.98%,189,5.78%,106,3.24,3271
CRIANÇA,0 a < 5 anos,2025,SUDESTE,31,MG,313180,ITABIRINHA,45,8.01%,48,8.54%,469,83.45%,93,16.55,562,10,1.78%,12,2.14%,497,88.43%,43,7.65%,22,3.91,562
CRIANÇA,0 a < 5 anos,2025,SUDESTE,31,MG,313190,ITABIRITO,136,5.38%,188,7.43%,2206,87.19%,324,12.81,2530,23,0.91%,68,2.69%,2245,88.74%,194,7.67%,91,3.6,2530
CRIANÇA,0 a < 5 anos,2025,SUDESTE,31,MG,313200,ITACAMBIRA,9,5.42%,13,7.83%,144,86.75%,22,13.25,166,3,1.81%,4,2.41%,150,90.36%,9,5.42%,7,4.22,166
CRIANÇA,0 a < 5 anos,2025,SUDESTE,31,MG,313210,ITACARAMBI,50,5.02%,73,7.32%,874,87.66%,123,12.34,997,7,0.7%,34,3.41%,912,91.47%,44,4.41%,41,4.11,997
CRIANÇA,0 a < 5 anos,2025,SUDESTE,31,MG,313220,ITAGUARA,14,3.08%,18,3.96%,423,92.97%,32,7.03,455,1,0.22%,7,1.54%,402,88.35%,45,9.89%,8,1.76,455
CRIANÇA,0 a < 5 anos,2025,SUDESTE,31,MG,313230,ITAIPE,38,5.21%,39,5.35%,652,89.44%,77,10.56,729,8,1.1%,11,1.51%,669,91.77%,41,5.62%,19,2.61,729
CRIANÇA,0 a < 5 anos,2025,SUDESTE,31,MG,313240,ITAJUBA,121,3.35%,214,5.92%,3281,90.74%,335,9.26,3616,32,0.88%,64,1.77%,3308,91.48%,212,5.86%,96,2.65,3616
CRIANÇA,0 a < 5 anos,2025,SUDESTE,31,MG,313250,ITAMARANDIBA,57,2.8%,94,4.61%,1888,92.59%,151,7.41,2039,19,0.93%,46,2.26%,1859,91.17%,115,5.64%,65,3.19,2039
CRIANÇA,0 a < 5 anos,2025,SUDESTE,31,MG,313260,ITAMARATI DE MINAS,5,3.27%,12,7.84%,136,88.89%,17,11.11,153,1,0.65%,1,0.65%,142,92.81%,9,5.88%,2,1.31,153
CRIANÇA,0 a < 5 anos,2025,SUDESTE,31,MG,313270,ITAMBACURI,78,6.15%,95,7.49%,1095,86.36%,173,13.64,1268,15,1.18%,34,2.68%,1128,88.96%,91,7.18%,49,3.86,1268
CRIANÇA,0 a < 5 anos,2025,SUDESTE,31,MG,313280,ITAMBE DO MATO DENTRO,1,1.1%,3,3.3%,87,95.6%,4,4.4,91,1,1.1%,3,3.3%,84,92.31%,3,3.3%,4,4.4,91
CRIANÇA,0 a < 5 anos,2025,SUDESTE,31,MG,313290,ITAMOGI,8,1.85%,23,5.31%,402,92.84%,31,7.16,433,3,0.69%,5,1.15%,388,89.61%,37,8.55%,8,1.85,433
CRIANÇA,0 a < 5 anos,2025,SUDESTE,31,MG,313300,ITAMONTE,36,5.32%,39,5.76%,602,88.92%,75,11.08,677,4,0.59%,21,3.1%,597,88.18%,55,8.12%,25,3.69,677
CRIANÇA,0 a < 5 anos,2025,SUDESTE,31,MG,313310,ITANHANDU,9,1.73%,15,2.89%,495,95.38%,24,4.62,519,5,0.96%,12,2.31%,473,91.14%,29,5.59%,17,3.28,519
CRIANÇA,0 a < 5 anos,2025,SUDESTE,31,MG,313320,ITANHOMI,23,3.7%,38,6.11%,561,90.19%,61,9.81,622,4,0.64%,16,2.57%,564,90.68%,38,6.11%,20,3.22,622
CRIANÇA,0 a < 5 anos,2025,SUDESTE,31,MG,313330,ITAOBIM,31,3.08%,37,3.67%,940,93.25%,68,6.75,1008,8,0.79%,21,2.08%,911,90.38%,68,6.75%,29,2.88,1008
CRIANÇA,0 a < 5 anos,2025,SUDESTE,31,MG,313340,ITAPAGIPE,23,4.27%,22,4.08%,494,91.65%,45,8.35,539,3,0.56%,3,0.56%,483,89.61%,50,9.28%,6,1.11,539
CRIANÇA,0 a < 5 anos,2025,SUDESTE,31,MG,313350,ITAPECERICA,17,3.05%,32,5.73%,509,91.22%,49,8.78,558,1,0.18%,11,1.97%,506,90.68%,40,7.17%,12,2.15,558
CRIANÇA,0 a < 5 anos,2025,SUDESTE,31,MG,313360,ITAPEVA,16,3.06%,22,4.21%,485,92.73%,38,7.27,523,2,0.38%,8,1.53%,483,92.35%,30,5.74%,10,1.91,523
CRIANÇA,0 a < 5 anos,2025,SUDESTE,31,MG,313370,ITATIAIUCU,12,2.12%,27,4.78%,526,93.1%,39,6.9,565,4,0.71%,15,2.65%,510,90.27%,36,6.37%,19,3.36,565
CRIANÇA,0 a < 5 anos,2025,SUDESTE,31,MG,313375,ITAU DE MINAS,25,6.17%,35,8.64%,345,85.19%,60,14.81,405,1,0.25%,7,1.73%,372,91.85%,25,6.17%,8,1.98,405
CRIANÇA,0 a < 5 anos,2025,SUDESTE,31,MG,313380,ITAUNA,98,4.28%,116,5.06%,2078,90.66%,214,9.34,2292,22,0.96%,44,1.92%,2062,89.97%,164,7.16%,66,2.88,2292
CRIANÇA,0 a < 5 anos,2025,SUDESTE,31,MG,313390,ITAVERAVA,2,0.75%,15,5.62%,250,93.63%,17,6.37,267,0,-,2,0.75%,250,93.63%,15,5.62%,2,0.75,267
CRIANÇA,0 a < 5 anos,2025,SUDESTE,31,MG,313400,ITINGA,25,3.13%,34,4.26%,740,92.62%,59,7.38,799,7,0.88%,25,3.13%,722,90.36%,45,5.63%,32,4.01,799
CRIANÇA,0 a < 5 anos,2025,SUDESTE,31,MG,313410,ITUETA,8,2.25%,11,3.09%,337,94.66%,19,5.34,356,1,0.28%,3,0.84%,319,89.61%,33,9.27%,4,1.12,356
CRIANÇA,0 a < 5 anos,2025,SUDESTE,31,MG,313420,ITUIUTABA,67,2.4%,117,4.19%,2609,93.41%,184,6.59,2793,17,0.61%,57,2.04%,2532,90.66%,187,6.7%,74,2.65,2793
CRIANÇA,0 a < 5 anos,2025,SUDESTE,31,MG,313430,ITUMIRIM,2,0.83%,19,7.92%,219,91.25%,21,8.75,240,0,-,6,2.5%,215,89.58%,19,7.92%,6,2.5,240
CRIANÇA,0 a < 5 anos,2025,SUDESTE,31,MG,313440,ITURAMA,49,3.19%,95,6.19%,1390,90.61%,144,9.39,1534,11,0.72%,28,1.83%,1389,90.55%,106,6.91%,39,2.54,1534
CRIANÇA,0 a < 5 anos,2025,SUDESTE,31,MG,313450,ITUTINGA,3,1.51%,9,4.52%,187,93.97%,12,6.03,199,3,1.51%,2,1.01%,182,91.46%,12,6.03%,5,2.51,199
CRIANÇA,0 a < 5 anos,2025,SUDESTE,31,MG,313460,JABOTICATUBAS,31,3.97%,45,5.77%,704,90.26%,76,9.74,780,6,0.77%,27,3.46%,695,89.1%,52,6.67%,33,4.23,780
CRIANÇA,0 a < 5 anos,2025,SUDESTE,31,MG,313470,JACINTO,13,3.16%,18,4.37%,381,92.48%,31,7.52,412,2,0.49%,7,1.7%,361,87.62%,42,10.19%,9,2.18,412
CRIANÇA,0 a < 5 anos,2025,SUDESTE,31,MG,313480,JACUI,3,1.06%,11,3.9%,268,95.04%,14,4.96,282,1,0.35%,4,1.42%,248,87.94%,29,10.28%,5,1.77,282
CRIANÇA,0 a < 5 anos,2025,SUDESTE,31,MG,313490,JACUTINGA,26,2.57%,51,5.04%,935,92.39%,77,7.61,1012,6,0.59%,19,1.88%,917,90.61%,70,6.92%,25,2.47,1012
CRIANÇA,0 a < 5 anos,2025,SUDESTE,31,MG,313500,JAGUARACU,1,0.97%,3,2.91%,99,96.12%,4,3.88,103,0,-,0,-,96,93.2%,7,6.8%,0,0.0,103
CRIANÇA,0 a < 5 anos,2025,SUDESTE,31,MG,313505,JAIBA,83,2.87%,141,4.88%,2665,92.25%,224,7.75,2889,20,0.69%,72,2.49%,2617,90.58%,180,6.23%,92,3.18,2889
CRIANÇA,0 a < 5 anos,2025,SUDESTE,31,MG,313507,JAMPRUCA,7,3.14%,4,1.79%,212,95.07%,11,4.93,223,2,0.9%,2,0.9%,197,88.34%,22,9.87%,4,1.79,223
CRIANÇA,0 a < 5 anos,2025,SUDESTE,31,MG,313510,JANAUBA,151,3.98%,211,5.56%,3431,90.46%,362,9.54,3793,27,0.71%,69,1.82%,3412,89.96%,285,7.51%,96,2.53,3793
CRIANÇA,0 a < 5 anos,2025,SUDESTE,31,MG,313520,JANUARIA,213,6.44%,256,7.75%,2836,85.81%,469,14.19,3305,45,1.36%,133,4.02%,2918,88.29%,209,6.32%,178,5.39,3305
CRIANÇA,0 a < 5 anos,2025,SUDESTE,31,MG,313530,JAPARAIBA,4,1.66%,8,3.32%,229,95.02%,12,4.98,241,0,-,4,1.66%,223,92.53%,14,5.81%,4,1.66,241
CRIANÇA,0 a < 5 anos,2025,SUDESTE,31,MG,313535,JAPONVAR,6,1.31%,10,2.18%,442,96.51%,16,3.49,458,2,0.44%,6,1.31%,416,90.83%,34,7.42%,8,1.75,458
CRIANÇA,0 a < 5 anos,2025,SUDESTE,31,MG,313540,JECEABA,7,2.81%,15,6.02%,227,91.16%,22,8.84,249,1,0.4%,3,1.2%,232,93.17%,13,5.22%,4,1.61,249
CRIANÇA,0 a < 5 anos,2025,SUDESTE,31,MG,313545,JENIPAPO DE MINAS,5,1.46%,8,2.33%,330,96.21%,13,3.79,343,4,1.17%,4,1.17%,320,93.29%,15,4.37%,8,2.33,343
CRIANÇA,0 a < 5 anos,2025,SUDESTE,31,MG,313550,JEQUERI,39,6.41%,34,5.59%,535,87.99%,73,12.01,608,1,0.16%,22,3.62%,530,87.17%,55,9.05%,23,3.78,608
CRIANÇA,0 a < 5 anos,2025,SUDESTE,31,MG,313560,JEQUITAI,16,5.46%,13,4.44%,264,90.1%,29,9.9,293,4,1.37%,4,1.37%,262,89.42%,23,7.85%,8,2.73,293
CRIANÇA,0 a < 5 anos,2025,SUDESTE,31,MG,313570,JEQUITIBA,6,1.97%,5,1.64%,293,96.38%,11,3.62,304,1,0.33%,3,0.99%,272,89.47%,28,9.21%,4,1.32,304
CRIANÇA,0 a < 5 anos,2025,SUDESTE,31,MG,313580,JEQUITINHONHA,26,2.22%,52,4.45%,1091,93.33%,78,6.67,1169,5,0.43%,32,2.74%,1064,91.02%,68,5.82%,37,3.17,1169
CRIANÇA,0 a < 5 anos,2025,SUDESTE,31,MG,313590,JESUANIA,5,1.95%,10,3.91%,241,94.14%,15,5.86,256,2,0.78%,5,1.95%,222,86.72%,27,10.55%,7,2.73,256
CRIANÇA,0 a < 5 anos,2025,SUDESTE,31,MG,313600,JOAIMA,17,2.06%,51,6.17%,758,91.77%,68,8.23,826,7,0.85%,14,1.69%,765,92.62%,40,4.84%,21,2.54,826
CRIANÇA,0 a < 5 anos,2025,SUDESTE,31,MG,313610,JOANESIA,9,5.39%,14,8.38%,144,86.23%,23,13.77,167,1,0.6%,2,1.2%,148,88.62%,16,9.58%,3,1.8,167
CRIANÇA,0 a < 5 anos,2025,SUDESTE,31,MG,313620,JOAO MONLEVADE,77,4.16%,115,6.21%,1659,89.63%,192,10.37,1851,21,1.13%,48,2.59%,1675,90.49%,107,5.78%,69,3.73,1851
CRIANÇA,0 a < 5 anos,2025,SUDESTE,31,MG,313630,JOAO PINHEIRO,91,4.59%,121,6.1%,1772,89.31%,212,10.69,1984,15,0.76%,43,2.17%,1775,89.47%,151,7.61%,58,2.92,1984
CRIANÇA,0 a < 5 anos,2025,SUDESTE,31,MG,313640,JOAQUIM FELICIO,10,4.72%,18,8.49%,184,86.79%,28,13.21,212,2,0.94%,5,2.36%,183,86.32%,22,10.38%,7,3.3,212
CRIANÇA,0 a < 5 anos,2025,SUDESTE,31,MG,313650,JORDANIA,12,2.48%,32,6.63%,439,90.89%,44,9.11,483,6,1.24%,9,1.86%,447,92.55%,21,4.35%,15,3.11,483
CRIANÇA,0 a < 5 anos,2025,SUDESTE,31,MG,313652,JOSE GONCALVES DE MINAS,1,0.58%,3,1.75%,167,97.66%,4,2.34,171,0,-,3,1.75%,158,92.4%,10,5.85%,3,1.75,171
CRIANÇA,0 a < 5 anos,2025,SUDESTE,31,MG,313655,JOSE RAYDAN,4,2.05%,9,4.62%,182,93.33%,13,6.67,195,0,-,3,1.54%,171,87.69%,21,10.77%,3,1.54,195
CRIANÇA,0 a < 5 anos,2025,SUDESTE,31,MG,313657,JOSENOPOLIS,8,5.52%,10,6.9%,127,87.59%,18,12.41,145,1,0.69%,6,4.14%,126,86.9%,12,8.28%,7,4.83,145
CRIANÇA,0 a < 5 anos,2025,SUDESTE,31,MG,313660,NOVA UNIAO,11,3.26%,16,4.75%,310,91.99%,27,8.01,337,1,0.3%,4,1.19%,319,94.66%,13,3.86%,5,1.48,337
CRIANÇA,0 a < 5 anos,2025,SUDESTE,31,MG,313665,JUATUBA,75,5.68%,87,6.59%,1159,87.74%,162,12.26,1321,11,0.83%,23,1.74%,1194,90.39%,93,7.04%,34,2.57,1321
CRIANÇA,0 a < 5 anos,2025,SUDESTE,31,MG,313670,JUIZ DE FORA,274,2.9%,510,5.39%,8677,91.71%,784,8.29,9461,65,0.69%,174,1.84%,8558,90.46%,664,7.02%,239,2.53,9461
CRIANÇA,0 a < 5 anos,2025,SUDESTE,31,MG,313680,JURAMENTO,17,8.63%,14,7.11%,166,84.26%,31,15.74,197,0,-,4,2.03%,174,88.32%,19,9.64%,4,2.03,197
CRIANÇA,0 a < 5 anos,2025,SUDESTE,31,MG,313690,JURUAIA,16,4.51%,25,7.04%,314,88.45%,41,11.55,355,1,0.28%,6,1.69%,323,90.99%,25,7.04%,7,1.97,355
CRIANÇA,0 a < 5 anos,2025,SUDESTE,31,MG,313695,JUVENILIA,19,5.34%,13,3.65%,324,91.01%,32,8.99,356,5,1.4%,8,2.25%,327,91.85%,16,4.49%,13,3.65,356
CRIANÇA,0 a < 5 anos,2025,SUDESTE,31,MG,313700,LADAINHA,37,4.84%,77,10.08%,650,85.08%,114,14.92,764,9,1.18%,13,1.7%,697,91.23%,45,5.89%,22,2.88,764
CRIANÇA,0 a < 5 anos,2025,SUDESTE,31,MG,313710,LAGAMAR,11,4.87%,3,1.33%,212,93.81%,14,6.19,226,1,0.44%,8,3.54%,202,89.38%,15,6.64%,9,3.98,226
CRIANÇA,0 a < 5 anos,2025,SUDESTE,31,MG,313720,LAGOA DA PRATA,39,2.8%,66,4.73%,1290,92.47%,105,7.53,1395,7,0.5%,32,2.29%,1267,90.76%,90,6.45%,39,2.79,1396
CRIANÇA,0 a < 5 anos,2025,SUDESTE,31,MG,313730,LAGOA DOS PATOS,19,9.5%,10,5%,171,85.5%,29,14.5,200,2,1%,11,5.5%,160,80%,27,13.5%,13,6.5,200
CRIANÇA,0 a < 5 anos,2025,SUDESTE,31,MG,313740,LAGOA DOURADA,18,3.56%,27,5.34%,461,91.11%,45,8.89,506,1,0.2%,15,2.96%,462,91.3%,28,5.53%,16,3.16,506
CRIANÇA,0 a < 5 anos,2025,SUDESTE,31,MG,313750,LAGOA FORMOSA,36,4.2%,59,6.88%,763,88.93%,95,11.07,858,7,0.82%,28,3.26%,773,90.09%,50,5.83%,35,4.08,858
CRIANÇA,0 a < 5 anos,2025,SUDESTE,31,MG,313753,LAGOA GRANDE,10,2.83%,26,7.37%,317,89.8%,36,10.2,353,4,1.13%,4,1.13%,322,91.22%,23,6.52%,8,2.27,353
CRIANÇA,0 a < 5 anos,2025,SUDESTE,31,MG,313760,LAGOA SANTA,99,3.9%,165,6.51%,2272,89.59%,264,10.41,2536,19,0.75%,56,2.21%,2309,91.05%,152,5.99%,75,2.96,2536
CRIANÇA,0 a < 5 anos,2025,SUDESTE,31,MG,313770,LAJINHA,62,6.18%,73,7.28%,868,86.54%,135,13.46,1003,14,1.4%,20,1.99%,865,86.24%,104,10.37%,34,3.39,1003
CRIANÇA,0 a < 5 anos,2025,SUDESTE,31,MG,313780,LAMBARI,42,5.8%,50,6.91%,632,87.29%,92,12.71,724,11,1.52%,12,1.66%,632,87.29%,69,9.53%,23,3.18,724
CRIANÇA,0 a < 5 anos,2025,SUDESTE,31,MG,313790,LAMIM,14,10%,12,8.57%,114,81.43%,26,18.57,140,5,3.57%,4,2.86%,126,90%,5,3.57%,9,6.43,140
CRIANÇA,0 a < 5 anos,2025,SUDESTE,31,MG,313800,LARANJAL,7,4.9%,3,2.1%,133,93.01%,10,6.99,143,1,0.7%,2,1.4%,123,86.01%,17,11.89%,3,2.1,143
CRIANÇA,0 a < 5 anos,2025,SUDESTE,31,MG,313810,LASSANCE,13,3.13%,20,4.82%,382,92.05%,33,7.95,415,5,1.2%,9,2.17%,365,87.95%,36,8.67%,14,3.37,415
CRIANÇA,0 a < 5 anos,2025,SUDESTE,31,MG,313820,LAVRAS,84,3.6%,137,5.87%,2112,90.53%,221,9.47,2333,43,1.84%,53,2.27%,2057,88.17%,180,7.72%,96,4.11,2333
CRIANÇA,0 a < 5 anos,2025,SUDESTE,31,MG,313830,LEANDRO FERREIRA,0,-,4,1.97%,199,98.03%,4,1.97,203,0,-,2,0.99%,193,95.07%,8,3.94%,2,0.99,203
CRIANÇA,0 a < 5 anos,2025,SUDESTE,31,MG,313835,LEME DO PRADO,5,2.18%,9,3.93%,215,93.89%,14,6.11,229,3,1.31%,2,0.87%,202,88.21%,22,9.61%,5,2.18,229
CRIANÇA,0 a < 5 anos,2025,SUDESTE,31,MG,313840,LEOPOLDINA,47,3.47%,77,5.69%,1230,90.84%,124,9.16,1354,12,0.89%,36,2.66%,1212,89.51%,94,6.94%,48,3.55,1354
CRIANÇA,0 a < 5 anos,2025,SUDESTE,31,MG,313850,LIBERDADE,10,6.25%,7,4.38%,143,89.38%,17,10.62,160,3,1.88%,8,5%,134,83.75%,15,9.38%,11,6.88,160
CRIANÇA,0 a < 5 anos,2025,SUDESTE,31,MG,313860,LIMA DUARTE,11,2.68%,33,8.03%,367,89.29%,44,10.71,411,10,2.43%,8,1.95%,353,85.89%,40,9.73%,18,4.38,411
CRIANÇA,0 a < 5 anos,2025,SUDESTE,31,MG,313862,LIMEIRA DO OESTE,7,1.77%,12,3.03%,377,95.2%,19,4.8,396,1,0.25%,3,0.76%,352,88.89%,40,10.1%,4,1.01,396
CRIANÇA,0 a < 5 anos,2025,SUDESTE,31,MG,313865,LONTRA,14,2.47%,25,4.42%,527,93.11%,39,6.89,566,5,0.88%,7,1.24%,525,92.76%,29,5.12%,12,2.12,566
CRIANÇA,0 a < 5 anos,2025,SUDESTE,31,MG,313867,LUISBURGO,11,1.99%,20,3.62%,521,94.38%,31,5.62,552,3,0.54%,4,0.72%,509,92.21%,36,6.52%,7,1.27,552
CRIANÇA,0 a < 5 anos,2025,SUDESTE,31,MG,313868,LUISLANDIA,13,3.28%,26,6.57%,357,90.15%,39,9.85,396,4,1.01%,6,1.52%,345,87.12%,41,10.35%,10,2.53,396
CRIANÇA,0 a < 5 anos,2025,SUDESTE,31,MG,313870,LUMINARIAS,9,3.64%,21,8.5%,217,87.85%,30,12.15,247,3,1.21%,2,0.81%,220,89.07%,22,8.91%,5,2.02,247
CRIANÇA,0 a < 5 anos,2025,SUDESTE,31,MG,313880,LUZ,8,1.07%,33,4.41%,707,94.52%,41,5.48,748,1,0.13%,12,1.6%,678,90.64%,57,7.62%,13,1.74,748
CRIANÇA,0 a < 5 anos,2025,SUDESTE,31,MG,313890,MACHACALIS,30,7.65%,28,7.14%,334,85.2%,58,14.8,392,5,1.28%,8,2.04%,335,85.46%,44,11.22%,13,3.32,392
CRIANÇA,0 a < 5 anos,2025,SUDESTE,31,MG,313900,MACHADO,101,5.47%,133,7.21%,1611,87.32%,234,12.68,1845,17,0.92%,50,2.71%,1664,90.19%,114,6.18%,67,3.63,1845
CRIANÇA,0 a < 5 anos,2025,SUDESTE,31,MG,313910,MADRE DE DEUS DE MINAS,8,6.4%,6,4.8%,111,88.8%,14,11.2,125,4,3.2%,9,7.2%,105,84%,7,5.6%,13,10.4,125
CRIANÇA,0 a < 5 anos,2025,SUDESTE,31,MG,313920,MALACACHETA,22,3.01%,49,6.71%,659,90.27%,71,9.73,730,7,0.96%,23,3.15%,654,89.59%,46,6.3%,30,4.11,730
CRIANÇA,0 a < 5 anos,2025,SUDESTE,31,MG,313925,MAMONAS,2,0.84%,10,4.18%,227,94.98%,12,5.02,239,0,-,2,0.84%,216,90.38%,21,8.79%,2,0.84,239
CRIANÇA,0 a < 5 anos,2025,SUDESTE,31,MG,313930,MANGA,58,4.21%,82,5.95%,1239,89.85%,140,10.15,1379,22,1.6%,39,2.83%,1244,90.21%,74,5.37%,61,4.42,1379
CRIANÇA,0 a < 5 anos,2025,SUDESTE,31,MG,313940,MANHUACU,164,4.7%,249,7.13%,3078,88.17%,413,11.83,3491,31,0.89%,75,2.15%,3106,88.97%,279,7.99%,106,3.04,3491
CRIANÇA,0 a < 5 anos,2025,SUDESTE,31,MG,313950,MANHUMIRIM,35,4.48%,36,4.6%,711,90.92%,71,9.08,782,4,0.51%,17,2.17%,681,87.08%,80,10.23%,21,2.69,782
CRIANÇA,0 a < 5 anos,2025,SUDESTE,31,MG,313960,MANTENA,29,2.8%,69,6.67%,936,90.52%,98,9.48,1034,2,0.19%,14,1.35%,944,91.3%,74,7.16%,16,1.55,1034
CRIANÇA,0 a < 5 anos,2025,SUDESTE,31,MG,313970,MARAVILHAS,16,4.24%,16,4.24%,345,91.51%,32,8.49,377,7,1.86%,8,2.12%,337,89.39%,25,6.63%,15,3.98,377
CRIANÇA,0 a < 5 anos,2025,SUDESTE,31,MG,313980,MAR DE ESPANHA,27,4.86%,28,5.05%,500,90.09%,55,9.91,555,8,1.44%,21,3.78%,471,84.86%,55,9.91%,29,5.23,555
CRIANÇA,0 a < 5 anos,2025,SUDESTE,31,MG,313990,MARIA DA FE,18,2.45%,33,4.5%,683,93.05%,51,6.95,734,3,0.41%,8,1.09%,672,91.55%,51,6.95%,11,1.5,734
CRIANÇA,0 a < 5 anos,2025,SUDESTE,31,MG,314000,MARIANA,48,2.11%,116,5.1%,2110,92.79%,164,7.21,2274,22,0.97%,49,2.15%,2068,90.9%,136,5.98%,71,3.12,2275
CRIANÇA,0 a < 5 anos,2025,SUDESTE,31,MG,314010,MARILAC,11,3.44%,7,2.19%,302,94.38%,18,5.62,320,3,0.94%,10,3.13%,268,83.75%,39,12.19%,13,4.06,320
CRIANÇA,0 a < 5 anos,2025,SUDESTE,31,MG,314015,MARIO CAMPOS,21,4.85%,22,5.08%,390,90.07%,43,9.93,433,5,1.15%,14,3.23%,387,89.38%,27,6.24%,19,4.39,433
CRIANÇA,0 a < 5 anos,2025,SUDESTE,31,MG,314020,MARIPA DE MINAS,0,-,8,4.73%,161,95.27%,8,4.73,169,1,0.59%,3,1.78%,153,90.53%,12,7.1%,4,2.37,169
CRIANÇA,0 a < 5 anos,2025,SUDESTE,31,MG,314030,MARLIERIA,6,3.11%,9,4.66%,178,92.23%,15,7.77,193,0,-,3,1.55%,170,88.08%,20,10.36%,3,1.55,193
CRIANÇA,0 a < 5 anos,2025,SUDESTE,31,MG,314040,MARMELOPOLIS,1,0.9%,4,3.6%,106,95.5%,5,4.5,111,0,-,3,2.7%,102,91.89%,6,5.41%,3,2.7,111
CRIANÇA,0 a < 5 anos,2025,SUDESTE,31,MG,314050,MARTINHO CAMPOS,14,2.63%,28,5.26%,490,92.11%,42,7.89,532,3,0.56%,14,2.63%,473,88.91%,42,7.89%,17,3.2,532
CRIANÇA,0 a < 5 anos,2025,SUDESTE,31,MG,314053,MARTINS SOARES,48,10.23%,37,7.89%,384,81.88%,85,18.12,469,8,1.71%,18,3.84%,408,86.99%,35,7.46%,26,5.54,469
CRIANÇA,0 a < 5 anos,2025,SUDESTE,31,MG,314055,MATA VERDE,13,2.86%,18,3.96%,424,93.19%,31,6.81,455,5,1.1%,7,1.54%,413,90.77%,30,6.59%,12,2.64,455
CRIANÇA,0 a < 5 anos,2025,SUDESTE,31,MG,314060,MATERLANDIA,6,2.87%,10,4.78%,193,92.34%,16,7.66,209,2,0.96%,3,1.44%,184,88.04%,20,9.57%,5,2.39,209
CRIANÇA,0 a < 5 anos,2025,SUDESTE,31,MG,314070,MATEUS LEME,45,3.18%,92,6.5%,1278,90.32%,137,9.68,1415,8,0.57%,31,2.19%,1263,89.32%,112,7.92%,39,2.76,1414
CRIANÇA,0 a < 5 anos,2025,SUDESTE,31,MG,314080,MATIAS BARBOSA,8,1.54%,30,5.79%,480,92.66%,38,7.34,518,2,0.39%,9,1.74%,468,90.35%,39,7.53%,11,2.12,518
CRIANÇA,0 a < 5 anos,2025,SUDESTE,31,MG,314085,MATIAS CARDOSO,36,6.26%,36,6.26%,503,87.48%,72,12.52,575,9,1.57%,20,3.48%,502,87.3%,44,7.65%,29,5.04,575
CRIANÇA,0 a < 5 anos,2025,SUDESTE,31,MG,314090,MATIPO,45,3.92%,57,4.97%,1046,91.11%,102,8.89,1148,6,0.52%,17,1.48%,990,86.24%,135,11.76%,23,2.0,1148
CRIANÇA,0 a < 5 anos,2025,SUDESTE,31,MG,314100,MATO VERDE,36,4.99%,51,7.07%,634,87.93%,87,12.07,721,10,1.39%,25,3.47%,609,84.47%,77,10.68%,35,4.85,721
CRIANÇA,0 a < 5 anos,2025,SUDESTE,31,MG,314110,MATOZINHOS,28,3.06%,53,5.8%,833,91.14%,81,8.86,914,6,0.66%,26,2.84%,812,88.84%,70,7.66%,32,3.5,914
CRIANÇA,0 a < 5 anos,2025,SUDESTE,31,MG,314120,MATUTINA,3,1.55%,8,4.12%,183,94.33%,11,5.67,194,0,-,7,3.61%,180,92.78%,7,3.61%,7,3.61,194
CRIANÇA,0 a < 5 anos,2025,SUDESTE,31,MG,314130,MEDEIROS,1,0.59%,9,5.33%,159,94.08%,10,5.92,169,1,0.59%,0,-,146,86.39%,22,13.02%,1,0.59,169
CRIANÇA,0 a < 5 anos,2025,SUDESTE,31,MG,314140,MEDINA,37,3.7%,50,5%,913,91.3%,87,8.7,1000,5,0.5%,13,1.3%,921,92.1%,61,6.1%,18,1.8,1000
CRIANÇA,0 a < 5 anos,2025,SUDESTE,31,MG,314150,MENDES PIMENTEL,5,3.45%,7,4.83%,133,91.72%,12,8.28,145,0,-,1,0.69%,134,92.41%,10,6.9%,1,0.69,145
CRIANÇA,0 a < 5 anos,2025,SUDESTE,31,MG,314160,MERCES,14,4.47%,15,4.79%,284,90.73%,29,9.27,313,2,0.64%,9,2.88%,286,91.37%,16,5.11%,11,3.51,313
CRIANÇA,0 a < 5 anos,2025,SUDESTE,31,MG,314170,MESQUITA,5,2.62%,6,3.14%,180,94.24%,11,5.76,191,1,0.52%,1,0.52%,168,87.96%,21,10.99%,2,1.05,191
CRIANÇA,0 a < 5 anos,2025,SUDESTE,31,MG,314180,MINAS NOVAS,30,2.3%,49,3.76%,1224,93.94%,79,6.06,1303,6,0.46%,24,1.84%,1216,93.32%,57,4.37%,30,2.3,1303
CRIANÇA,0 a < 5 anos,2025,SUDESTE,31,MG,314190,MINDURI,0,-,8,4.91%,155,95.09%,8,4.91,163,1,0.61%,0,-,155,95.09%,7,4.29%,1,0.61,163
CRIANÇA,0 a < 5 anos,2025,SUDESTE,31,MG,314200,MIRABELA,24,4.05%,46,7.77%,522,88.18%,70,11.82,592,6,1.01%,14,2.36%,523,88.34%,49,8.28%,20,3.38,592
CRIANÇA,0 a < 5 anos,2025,SUDESTE,31,MG,314210,MIRADOURO,7,1.84%,16,4.2%,358,93.96%,23,6.04,381,1,0.26%,3,0.79%,337,88.45%,40,10.5%,4,1.05,381
CRIANÇA,0 a < 5 anos,2025,SUDESTE,31,MG,314220,MIRAI,11,2.08%,25,4.72%,494,93.21%,36,6.79,530,4,0.75%,7,1.32%,467,88.11%,52,9.81%,11,2.08,530
CRIANÇA,0 a < 5 anos,2025,SUDESTE,31,MG,314225,MIRAVANIA,6,2.9%,13,6.28%,188,90.82%,19,9.18,207,0,-,5,2.42%,189,91.3%,13,6.28%,5,2.42,207
CRIANÇA,0 a < 5 anos,2025,SUDESTE,31,MG,314230,MOEDA,2,0.83%,17,7.02%,223,92.15%,19,7.85,242,2,0.83%,4,1.65%,226,93.39%,10,4.13%,6,2.48,242
CRIANÇA,0 a < 5 anos,2025,SUDESTE,31,MG,314240,MOEMA,13,3.32%,16,4.08%,363,92.6%,29,7.4,392,4,1.02%,5,1.28%,357,91.07%,26,6.63%,9,2.3,392
CRIANÇA,0 a < 5 anos,2025,SUDESTE,31,MG,314250,MONJOLOS,4,4.55%,2,2.27%,82,93.18%,6,6.82,88,0,-,2,2.27%,81,92.05%,5,5.68%,2,2.27,88
CRIANÇA,0 a < 5 anos,2025,SUDESTE,31,MG,314260,MONSENHOR PAULO,13,4.06%,23,7.19%,284,88.75%,36,11.25,320,7,2.19%,4,1.25%,285,89.06%,24,7.5%,11,3.44,320
CRIANÇA,0 a < 5 anos,2025,SUDESTE,31,MG,314270,MONTALVANIA,20,2.27%,35,3.97%,826,93.76%,55,6.24,881,8,0.91%,15,1.7%,814,92.4%,44,4.99%,23,2.61,881
CRIANÇA,0 a < 5 anos,2025,SUDESTE,31,MG,314280,MONTE ALEGRE DE MINAS,17,3.59%,32,6.77%,424,89.64%,49,10.36,473,6,1.27%,11,2.33%,427,90.27%,29,6.13%,17,3.59,473
CRIANÇA,0 a < 5 anos,2025,SUDESTE,31,MG,314290,MONTE AZUL,57,5.63%,58,5.73%,898,88.65%,115,11.35,1013,10,0.99%,13,1.28%,921,90.92%,69,6.81%,23,2.27,1013
CRIANÇA,0 a < 5 anos,2025,SUDESTE,31,MG,314300,MONTE BELO,11,2.32%,14,2.95%,449,94.73%,25,5.27,474,3,0.63%,12,2.53%,422,89.03%,37,7.81%,15,3.16,474
CRIANÇA,0 a < 5 anos,2025,SUDESTE,31,MG,314310,MONTE CARMELO,61,3.28%,102,5.48%,1699,91.25%,163,8.75,1862,11,0.59%,31,1.66%,1690,90.76%,130,6.98%,42,2.26,1862
CRIANÇA,0 a < 5 anos,2025,SUDESTE,31,MG,314315,MONTE FORMOSO,11,4.06%,21,7.75%,239,88.19%,32,11.81,271,1,0.37%,5,1.85%,249,91.88%,16,5.9%,6,2.21,271
CRIANÇA,0 a < 5 anos,2025,SUDESTE,31,MG,314320,MONTE SANTO DE MINAS,12,1.17%,35,3.41%,979,95.42%,47,4.58,1026,3,0.29%,17,1.66%,933,90.94%,73,7.12%,20,1.95,1026
CRIANÇA,0 a < 5 anos,2025,SUDESTE,31,MG,314330,MONTES CLAROS,581,3.76%,754,4.89%,14100,91.35%,1335,8.65,15435,134,0.87%,409,2.65%,13742,89.03%,1150,7.45%,543,3.52,15435
CRIANÇA,0 a < 5 anos,2025,SUDESTE,31,MG,314340,MONTE SIAO,46,5.52%,64,7.68%,723,86.79%,110,13.21,833,12,1.44%,25,3%,738,88.6%,58,6.96%,37,4.44,833
CRIANÇA,0 a < 5 anos,2025,SUDESTE,31,MG,314345,MONTEZUMA,11,2.72%,21,5.19%,373,92.1%,32,7.9,405,3,0.74%,9,2.22%,366,90.37%,27,6.67%,12,2.96,405
CRIANÇA,0 a < 5 anos,2025,SUDESTE,31,MG,314350,MORADA NOVA DE MINAS,14,2.63%,22,4.13%,497,93.25%,36,6.75,533,5,0.94%,8,1.5%,467,87.62%,53,9.94%,13,2.44,533
CRIANÇA,0 a < 5 anos,2025,SUDESTE,31,MG,314360,MORRO DA GARCA,2,2.6%,8,10.39%,67,87.01%,10,12.99,77,3,3.9%,3,3.9%,67,87.01%,4,5.19%,6,7.79,77
CRIANÇA,0 a < 5 anos,2025,SUDESTE,31,MG,314370,MORRO DO PILAR,12,7.41%,9,5.56%,141,87.04%,21,12.96,162,2,1.23%,2,1.23%,141,87.04%,17,10.49%,4,2.47,162
CRIANÇA,0 a < 5 anos,2025,SUDESTE,31,MG,314380,MUNHOZ,12,3.07%,30,7.67%,349,89.26%,42,10.74,391,5,1.28%,5,1.28%,367,93.86%,14,3.58%,10,2.56,391
CRIANÇA,0 a < 5 anos,2025,SUDESTE,31,MG,314390,MURIAE,279,5.89%,357,7.53%,4104,86.58%,636,13.42,4740,62,1.31%,132,2.78%,4204,88.69%,342,7.22%,194,4.09,4740
CRIANÇA,0 a < 5 anos,2025,SUDESTE,31,MG,314400,MUTUM,40,2.94%,80,5.88%,1240,91.18%,120,8.82,1360,11,0.81%,23,1.69%,1228,90.29%,98,7.21%,34,2.5,1360
CRIANÇA,0 a < 5 anos,2025,SUDESTE,31,MG,314410,MUZAMBINHO,21,3.73%,32,5.68%,510,90.59%,53,9.41,563,5,0.89%,16,2.84%,505,89.7%,37,6.57%,21,3.73,563
CRIANÇA,0 a < 5 anos,2025,SUDESTE,31,MG,314420,NACIP RAYDAN,3,2.54%,6,5.08%,109,92.37%,9,7.63,118,0,-,0,-,109,92.37%,9,7.63%,0,0.0,118
CRIANÇA,0 a < 5 anos,2025,SUDESTE,31,MG,314430,NANUQUE,57,3.75%,99,6.52%,1362,89.72%,156,10.28,1518,14,0.92%,30,1.98%,1331,87.68%,143,9.42%,44,2.9,1518
CRIANÇA,0 a < 5 anos,2025,SUDESTE,31,MG,314435,NAQUE,14,2.94%,20,4.2%,442,92.86%,34,7.14,476,3,0.63%,5,1.05%,417,87.61%,51,10.71%,8,1.68,476
CRIANÇA,0 a < 5 anos,2025,SUDESTE,31,MG,314437,NATALANDIA,2,0.65%,6,1.95%,299,97.39%,8,2.61,307,0,-,3,0.98%,287,93.49%,17,5.54%,3,0.98,307
CRIANÇA,0 a < 5 anos,2025,SUDESTE,31,MG,314440,NATERCIA,2,0.99%,5,2.48%,195,96.53%,7,3.47,202,0,-,2,0.99%,182,90.1%,18,8.91%,2,0.99,202
CRIANÇA,0 a < 5 anos,2025,SUDESTE,31,MG,314450,NAZARENO,10,3.32%,17,5.65%,274,91.03%,27,8.97,301,0,-,6,1.99%,270,89.7%,25,8.31%,6,1.99,301
CRIANÇA,0 a < 5 anos,2025,SUDESTE,31,MG,314460,NEPOMUCENO,29,2.64%,57,5.18%,1014,92.18%,86,7.82,1100,7,0.64%,14,1.27%,995,90.45%,84,7.64%,21,1.91,1100
CRIANÇA,0 a < 5 anos,2025,SUDESTE,31,MG,314465,NINHEIRA,13,2.14%,18,2.97%,576,94.89%,31,5.11,607,0,-,9,1.48%,557,91.76%,41,6.75%,9,1.48,607
CRIANÇA,0 a < 5 anos,2025,SUDESTE,31,MG,314467,NOVA BELEM,11,5.21%,19,9%,181,85.78%,30,14.22,211,5,2.37%,7,3.32%,188,89.1%,11,5.21%,12,5.69,211
CRIANÇA,0 a < 5 anos,2025,SUDESTE,31,MG,314470,NOVA ERA,13,2.03%,28,4.38%,598,93.58%,41,6.42,639,4,0.63%,12,1.88%,576,90.14%,47,7.36%,16,2.5,639
CRIANÇA,0 a < 5 anos,2025,SUDESTE,31,MG,314480,NOVA LIMA,74,2.22%,195,5.86%,3060,91.92%,269,8.08,3329,17,0.51%,78,2.34%,3078,92.46%,156,4.69%,95,2.85,3329
CRIANÇA,0 a < 5 anos,2025,SUDESTE,31,MG,314490,NOVA MODICA,2,0.99%,6,2.96%,195,96.06%,8,3.94,203,0,-,0,-,184,90.64%,19,9.36%,0,0.0,203
CRIANÇA,0 a < 5 anos,2025,SUDESTE,31,MG,314500,NOVA PONTE,36,6.05%,51,8.57%,508,85.38%,87,14.62,595,11,1.85%,25,4.2%,496,83.36%,63,10.59%,36,6.05,595
CRIANÇA,0 a < 5 anos,2025,SUDESTE,31,MG,314505,NOVA PORTEIRINHA,11,2.54%,19,4.39%,403,93.07%,30,6.93,433,2,0.46%,4,0.92%,406,93.76%,21,4.85%,6,1.39,433
CRIANÇA,0 a < 5 anos,2025,SUDESTE,31,MG,314510,NOVA RESENDE,19,2.12%,48,5.36%,829,92.52%,67,7.48,896,4,0.45%,18,2.01%,816,91.07%,58,6.47%,22,2.46,896
CRIANÇA,0 a < 5 anos,2025,SUDESTE,31,MG,314520,NOVA SERRANA,221,3.61%,351,5.73%,5551,90.66%,572,9.34,6123,42,0.69%,146,2.38%,5606,91.56%,329,5.37%,188,3.07,6123
CRIANÇA,0 a < 5 anos,2025,SUDESTE,31,MG,314530,NOVO CRUZEIRO,38,2.98%,79,6.2%,1157,90.82%,117,9.18,1274,7,0.55%,29,2.28%,1170,91.84%,68,5.34%,36,2.83,1274
CRIANÇA,0 a < 5 anos,2025,SUDESTE,31,MG,314535,NOVO ORIENTE DE MINAS,19,4.68%,29,7.14%,358,88.18%,48,11.82,406,6,1.48%,10,2.46%,358,88.18%,32,7.88%,16,3.94,406
CRIANÇA,0 a < 5 anos,2025,SUDESTE,31,MG,314537,NOVORIZONTE,11,3.17%,18,5.19%,318,91.64%,29,8.36,347,3,0.86%,8,2.31%,324,93.37%,12,3.46%,11,3.17,347
CRIANÇA,0 a < 5 anos,2025,SUDESTE,31,MG,314540,OLARIA,4,8.89%,3,6.67%,38,84.44%,7,15.56,45,0,-,1,2.22%,39,86.67%,5,11.11%,1,2.22,45
CRIANÇA,0 a < 5 anos,2025,SUDESTE,31,MG,314545,OLHOS-D'AGUA,1,0.43%,11,4.78%,218,94.78%,12,5.22,230,0,-,5,2.17%,203,88.26%,22,9.57%,5,2.17,230
CRIANÇA,0 a < 5 anos,2025,SUDESTE,31,MG,314550,OLIMPIO NORONHA,2,1.32%,6,3.95%,144,94.74%,8,5.26,152,1,0.66%,7,4.61%,134,88.16%,10,6.58%,8,5.26,152
CRIANÇA,0 a < 5 anos,2025,SUDESTE,31,MG,314560,OLIVEIRA,56,3.89%,103,7.16%,1280,88.95%,159,11.05,1439,13,0.9%,36,2.5%,1311,91.1%,79,5.49%,49,3.41,1439
CRIANÇA,0 a < 5 anos,2025,SUDESTE,31,MG,314570,OLIVEIRA FORTES,1,1.2%,1,1.2%,81,97.59%,2,2.41,83,0,-,0,-,75,90.36%,8,9.64%,0,0.0,83
CRIANÇA,0 a < 5 anos,2025,SUDESTE,31,MG,314580,ONCA DE PITANGUI,5,3.42%,10,6.85%,131,89.73%,15,10.27,146,2,1.37%,1,0.68%,132,90.41%,11,7.53%,3,2.05,146
CRIANÇA,0 a < 5 anos,2025,SUDESTE,31,MG,314585,ORATORIOS,11,5.47%,23,11.44%,167,83.08%,34,16.92,201,2,1%,7,3.48%,177,88.06%,15,7.46%,9,4.48,201
CRIANÇA,0 a < 5 anos,2025,SUDESTE,31,MG,314587,ORIZANIA,25,4.21%,31,5.22%,538,90.57%,56,9.43,594,5,0.84%,10,1.68%,539,90.74%,40,6.73%,15,2.53,594
CRIANÇA,0 a < 5 anos,2025,SUDESTE,31,MG,314590,OURO BRANCO,41,2.65%,73,4.72%,1433,92.63%,114,7.37,1547,13,0.84%,44,2.84%,1400,90.5%,90,5.82%,57,3.68,1547
CRIANÇA,0 a < 5 anos,2025,SUDESTE,31,MG,314600,OURO FINO,21,2.1%,26,2.6%,954,95.3%,47,4.7,1001,4,0.4%,26,2.6%,898,89.71%,73,7.29%,30,3.0,1001
CRIANÇA,0 a < 5 anos,2025,SUDESTE,31,MG,314610,OURO PRETO,66,2.66%,153,6.18%,2258,91.16%,219,8.84,2477,20,0.81%,56,2.26%,2246,90.64%,156,6.3%,76,3.07,2478
CRIANÇA,0 a < 5 anos,2025,SUDESTE,31,MG,314620,OURO VERDE DE MINAS,19,4.21%,26,5.76%,406,90.02%,45,9.98,451,1,0.22%,12,2.66%,393,87.14%,45,9.98%,13,2.88,451
CRIANÇA,0 a < 5 anos,2025,SUDESTE,31,MG,314625,PADRE CARVALHO,8,4%,7,3.5%,185,92.5%,15,7.5,200,0,-,3,1.5%,178,89%,19,9.5%,3,1.5,200
CRIANÇA,0 a < 5 anos,2025,SUDESTE,31,MG,314630,PADRE PARAISO,27,2.6%,47,4.53%,963,92.86%,74,7.14,1037,5,0.48%,27,2.6%,932,89.87%,73,7.04%,32,3.09,1037
CRIANÇA,0 a < 5 anos,2025,SUDESTE,31,MG,314640,PAINEIRAS,2,1.74%,3,2.61%,110,95.65%,5,4.35,115,1,0.87%,2,1.74%,101,87.83%,11,9.57%,3,2.61,115
CRIANÇA,0 a < 5 anos,2025,SUDESTE,31,MG,314650,PAINS,6,1.97%,18,5.9%,281,92.13%,24,7.87,305,2,0.66%,2,0.66%,278,91.15%,23,7.54%,4,1.31,305
CRIANÇA,0 a < 5 anos,2025,SUDESTE,31,MG,314655,PAI PEDRO,6,1.98%,9,2.97%,288,95.05%,15,4.95,303,2,0.66%,3,0.99%,277,91.42%,21,6.93%,5,1.65,303
CRIANÇA,0 a < 5 anos,2025,SUDESTE,31,MG,314660,PAIVA,6,6.12%,9,9.18%,83,84.69%,15,15.31,98,0,-,2,2.04%,90,91.84%,6,6.12%,2,2.04,98
CRIANÇA,0 a < 5 anos,2025,SUDESTE,31,MG,314670,PALMA,18,8.11%,12,5.41%,192,86.49%,30,13.51,222,1,0.45%,1,0.45%,176,79.28%,44,19.82%,2,0.9,222
CRIANÇA,0 a < 5 anos,2025,SUDESTE,31,MG,314675,PALMOPOLIS,17,4.94%,22,6.4%,305,88.66%,39,11.34,344,6,1.74%,9,2.62%,308,89.53%,21,6.1%,15,4.36,344
CRIANÇA,0 a < 5 anos,2025,SUDESTE,31,MG,314690,PAPAGAIOS,15,2.11%,26,3.65%,671,94.24%,41,5.76,712,4,0.56%,10,1.4%,643,90.31%,55,7.72%,14,1.97,712
CRIANÇA,0 a < 5 anos,2025,SUDESTE,31,MG,314700,PARACATU,125,4.38%,134,4.7%,2595,90.93%,259,9.07,2854,18,0.63%,60,2.1%,2432,85.21%,344,12.05%,78,2.73,2854
CRIANÇA,0 a < 5 anos,2025,SUDESTE,31,MG,314710,PARA DE MINAS,76,1.8%,200,4.75%,3937,93.45%,276,6.55,4213,18,0.43%,99,2.35%,3852,91.43%,244,5.79%,117,2.78,4213
CRIANÇA,0 a < 5 anos,2025,SUDESTE,31,MG,314720,PARAGUACU,16,1.68%,43,4.51%,894,93.81%,59,6.19,953,3,0.31%,24,2.52%,861,90.35%,65,6.82%,27,2.83,953
CRIANÇA,0 a < 5 anos,2025,SUDESTE,31,MG,314730,PARAISOPOLIS,29,3.35%,47,5.43%,790,91.22%,76,8.78,866,8,0.92%,14,1.62%,781,90.18%,63,7.27%,22,2.54,866
CRIANÇA,0 a < 5 anos,2025,SUDESTE,31,MG,314740,PARAOPEBA,32,3.07%,69,6.62%,941,90.31%,101,9.69,1042,8,0.77%,25,2.4%,931,89.35%,78,7.49%,33,3.17,1042
CRIANÇA,0 a < 5 anos,2025,SUDESTE,31,MG,314750,PASSABEM,2,2.53%,7,8.86%,70,88.61%,9,11.39,79,0,-,5,6.33%,70,88.61%,4,5.06%,5,6.33,79
CRIANÇA,0 a < 5 anos,2025,SUDESTE,31,MG,314760,PASSA QUATRO,9,2.19%,20,4.87%,382,92.94%,29,7.06,411,3,0.73%,5,1.22%,362,88.08%,41,9.98%,8,1.95,411
CRIANÇA,0 a < 5 anos,2025,SUDESTE,31,MG,314770,PASSA TEMPO,9,4.92%,25,13.66%,149,81.42%,34,18.58,183,2,1.09%,5,2.73%,159,86.89%,17,9.29%,7,3.83,183
CRIANÇA,0 a < 5 anos,2025,SUDESTE,31,MG,314780,PASSA VINTE,8,8%,3,3%,89,89%,11,11.0,100,2,2%,2,2%,87,87%,9,9%,4,4.0,100
CRIANÇA,0 a < 5 anos,2025,SUDESTE,31,MG,314790,PASSOS,227,7.79%,229,7.86%,2459,84.36%,456,15.64,2915,69,2.37%,92,3.16%,2572,88.23%,182,6.24%,161,5.52,2915
CRIANÇA,0 a < 5 anos,2025,SUDESTE,31,MG,314795,PATIS,17,6.44%,20,7.58%,227,85.98%,37,14.02,264,2,0.76%,5,1.89%,228,86.36%,29,10.98%,7,2.65,264
CRIANÇA,0 a < 5 anos,2025,SUDESTE,31,MG,314800,PATOS DE MINAS,220,4.54%,401,8.27%,4230,87.2%,621,12.8,4851,55,1.13%,166,3.42%,4352,89.71%,278,5.73%,221,4.56,4851
CRIANÇA,0 a < 5 anos,2025,SUDESTE,31,MG,314810,PATROCINIO,198,6.14%,247,7.66%,2779,86.2%,445,13.8,3224,48,1.49%,101,3.13%,2816,87.34%,259,8.03%,149,4.62,3224
CRIANÇA,0 a < 5 anos,2025,SUDESTE,31,MG,314820,PATROCINIO DO MURIAE,11,3.62%,14,4.61%,279,91.78%,25,8.22,304,3,0.99%,5,1.64%,269,88.49%,27,8.88%,8,2.63,304
CRIANÇA,0 a < 5 anos,2025,SUDESTE,31,MG,314830,PAULA CANDIDO,11,3%,24,6.54%,332,90.46%,35,9.54,367,3,0.82%,5,1.36%,328,89.37%,31,8.45%,8,2.18,367
CRIANÇA,0 a < 5 anos,2025,SUDESTE,31,MG,314840,PAULISTAS,4,1.69%,10,4.22%,223,94.09%,14,5.91,237,1,0.42%,2,0.84%,221,93.25%,13,5.49%,3,1.27,237
CRIANÇA,0 a < 5 anos,2025,SUDESTE,31,MG,314850,PAVAO,12,3.33%,13,3.61%,335,93.06%,25,6.94,360,1,0.28%,6,1.67%,326,90.56%,27,7.5%,7,1.94,360
CRIANÇA,0 a < 5 anos,2025,SUDESTE,31,MG,314860,PECANHA,84,11.52%,60,8.23%,585,80.25%,144,19.75,729,12,1.64%,22,3.01%,600,82.19%,96,13.15%,34,4.66,730
CRIANÇA,0 a < 5 anos,2025,SUDESTE,31,MG,314870,PEDRA AZUL,47,4.72%,85,8.53%,864,86.75%,132,13.25,996,6,0.6%,27,2.71%,883,88.65%,80,8.03%,33,3.31,996
CRIANÇA,0 a < 5 anos,2025,SUDESTE,31,MG,314875,PEDRA BONITA,35,6.32%,34,6.14%,485,87.55%,69,12.45,554,8,1.44%,18,3.25%,502,90.61%,26,4.69%,26,4.69,554
CRIANÇA,0 a < 5 anos,2025,SUDESTE,31,MG,314880,PEDRA DO ANTA,2,2.56%,2,2.56%,74,94.87%,4,5.13,78,0,-,0,-,75,96.15%,3,3.85%,0,0.0,78
CRIANÇA,0 a < 5 anos,2025,SUDESTE,31,MG,314890,PEDRA DO INDAIA,12,7.06%,15,8.82%,143,84.12%,27,15.88,170,0,-,4,2.35%,155,91.18%,11,6.47%,4,2.35,170
CRIANÇA,0 a < 5 anos,2025,SUDESTE,31,MG,314900,PEDRA DOURADA,7,4.9%,9,6.29%,127,88.81%,16,11.19,143,3,2.1%,3,2.1%,123,86.01%,14,9.79%,6,4.2,143
CRIANÇA,0 a < 5 anos,2025,SUDESTE,31,MG,314910,PEDRALVA,9,1.92%,18,3.85%,441,94.23%,27,5.77,468,4,0.85%,9,1.92%,428,91.45%,27,5.77%,13,2.78,468
CRIANÇA,0 a < 5 anos,2025,SUDESTE,31,MG,314915,PEDRAS DE MARIA DA CRUZ,32,7.27%,36,8.18%,372,84.55%,68,15.45,440,7,1.59%,16,3.64%,395,89.77%,22,5%,23,5.23,440
CRIANÇA,0 a < 5 anos,2025,SUDESTE,31,MG,314920,PEDRINOPOLIS,0,-,6,3.7%,156,96.3%,6,3.7,162,0,-,1,0.62%,155,95.68%,6,3.7%,1,0.62,162
CRIANÇA,0 a < 5 anos,2025,SUDESTE,31,MG,314930,PEDRO LEOPOLDO,38,3.82%,72,7.24%,884,88.93%,110,11.07,994,5,0.5%,19,1.91%,897,90.24%,73,7.34%,24,2.41,994
CRIANÇA,0 a < 5 anos,2025,SUDESTE,31,MG,314940,PEDRO TEIXEIRA,8,8%,5,5%,87,87%,13,13.0,100,2,2%,3,3%,87,87%,8,8%,5,5.0,100
CRIANÇA,0 a < 5 anos,2025,SUDESTE,31,MG,314950,PEQUERI,4,2.25%,1,0.56%,173,97.19%,5,2.81,178,1,0.56%,4,2.25%,151,84.83%,22,12.36%,5,2.81,178
CRIANÇA,0 a < 5 anos,2025,SUDESTE,31,MG,314960,PEQUI,8,4.21%,6,3.16%,176,92.63%,14,7.37,190,1,0.53%,3,1.58%,175,92.11%,11,5.79%,4,2.11,190
CRIANÇA,0 a < 5 anos,2025,SUDESTE,31,MG,314970,PERDIGAO,30,3.92%,38,4.96%,698,91.12%,68,8.88,766,4,0.52%,4,0.52%,704,91.91%,54,7.05%,8,1.04,766
CRIANÇA,0 a < 5 anos,2025,SUDESTE,31,MG,314980,PERDIZES,23,1.97%,59,5.05%,1086,92.98%,82,7.02,1168,6,0.51%,15,1.28%,1090,93.32%,57,4.88%,21,1.8,1168
CRIANÇA,0 a < 5 anos,2025,SUDESTE,31,MG,314990,PERDOES,86,17.59%,38,7.77%,365,74.64%,124,25.36,489,69,14.11%,14,2.86%,371,75.87%,35,7.16%,83,16.97,489
CRIANÇA,0 a < 5 anos,2025,SUDESTE,31,MG,314995,PERIQUITO,30,7.63%,20,5.09%,343,87.28%,50,12.72,393,0,-,12,3.05%,340,86.51%,41,10.43%,12,3.05,393
CRIANÇA,0 a < 5 anos,2025,SUDESTE,31,MG,315000,PESCADOR,2,1.01%,10,5.05%,186,93.94%,12,6.06,198,2,1.01%,2,1.01%,170,85.86%,24,12.12%,4,2.02,198
CRIANÇA,0 a < 5 anos,2025,SUDESTE,31,MG,315010,PIAU,6,4.88%,3,2.44%,114,92.68%,9,7.32,123,1,0.81%,2,1.63%,102,82.93%,18,14.63%,3,2.44,123
CRIANÇA,0 a < 5 anos,2025,SUDESTE,31,MG,315015,PIEDADE DE CARATINGA,16,2.45%,30,4.59%,607,92.96%,46,7.04,653,4,0.61%,9,1.38%,599,91.59%,42,6.42%,13,1.99,654
CRIANÇA,0 a < 5 anos,2025,SUDESTE,31,MG,315020,PIEDADE DE PONTE NOVA,5,3.13%,11,6.88%,144,90%,16,10.0,160,1,0.63%,7,4.38%,144,90%,8,5%,8,5.0,160
CRIANÇA,0 a < 5 anos,2025,SUDESTE,31,MG,315030,PIEDADE DO RIO GRANDE,5,2.05%,11,4.51%,228,93.44%,16,6.56,244,1,0.41%,4,1.64%,232,95.08%,7,2.87%,5,2.05,244
CRIANÇA,0 a < 5 anos,2025,SUDESTE,31,MG,315040,PIEDADE DOS GERAIS,20,10.75%,12,6.45%,154,82.8%,32,17.2,186,5,2.69%,12,6.45%,137,73.66%,32,17.2%,17,9.14,186
CRIANÇA,0 a < 5 anos,2025,SUDESTE,31,MG,315050,PIMENTA,10,2.72%,25,6.81%,332,90.46%,35,9.54,367,5,1.36%,5,1.36%,334,91.01%,23,6.27%,10,2.72,367
CRIANÇA,0 a < 5 anos,2025,SUDESTE,31,MG,315053,PINGO-D'AGUA,8,3.03%,8,3.03%,248,93.94%,16,6.06,264,1,0.38%,3,1.14%,235,89.02%,25,9.47%,4,1.52,264
CRIANÇA,0 a < 5 anos,2025,SUDESTE,31,MG,315057,PINTOPOLIS,38,7.55%,38,7.55%,427,84.89%,76,15.11,503,3,0.6%,12,2.39%,450,89.46%,38,7.55%,15,2.98,503
CRIANÇA,0 a < 5 anos,2025,SUDESTE,31,MG,315060,PIRACEMA,16,10.74%,18,12.08%,115,77.18%,34,22.82,149,1,0.67%,7,4.7%,118,79.19%,23,15.44%,8,5.37,149
CRIANÇA,0 a < 5 anos,2025,SUDESTE,31,MG,315070,PIRAJUBA,8,2.07%,17,4.39%,362,93.54%,25,6.46,387,2,0.52%,5,1.29%,333,86.05%,47,12.14%,7,1.81,387
CRIANÇA,0 a < 5 anos,2025,SUDESTE,31,MG,315080,PIRANGA,16,2.21%,42,5.79%,667,92%,58,8.0,725,5,0.69%,20,2.76%,675,93.1%,25,3.45%,25,3.45,725
CRIANÇA,0 a < 5 anos,2025,SUDESTE,31,MG,315090,PIRANGUCU,9,3.49%,17,6.59%,232,89.92%,26,10.08,258,1,0.39%,7,2.71%,238,92.25%,12,4.65%,8,3.1,258
CRIANÇA,0 a < 5 anos,2025,SUDESTE,31,MG,315100,PIRANGUINHO,22,5.43%,23,5.68%,360,88.89%,45,11.11,405,2,0.49%,6,1.48%,368,90.86%,29,7.16%,8,1.98,405
CRIANÇA,0 a < 5 anos,2025,SUDESTE,31,MG,315110,PIRAPETINGA,42,9.74%,34,7.89%,355,82.37%,76,17.63,431,5,1.16%,6,1.39%,358,83.06%,62,14.39%,11,2.55,431
CRIANÇA,0 a < 5 anos,2025,SUDESTE,31,MG,315120,PIRAPORA,114,4.28%,174,6.53%,2377,89.19%,288,10.81,2665,27,1.01%,70,2.63%,2386,89.53%,182,6.83%,97,3.64,2665
CRIANÇA,0 a < 5 anos,2025,SUDESTE,31,MG,315130,PIRAUBA,11,3.68%,25,8.36%,263,87.96%,36,12.04,299,1,0.33%,6,2.01%,265,88.63%,27,9.03%,7,2.34,299
CRIANÇA,0 a < 5 anos,2025,SUDESTE,31,MG,315140,PITANGUI,43,4.24%,70,6.9%,902,88.87%,113,11.13,1015,10,0.99%,20,1.97%,918,90.44%,67,6.6%,30,2.96,1015
CRIANÇA,0 a < 5 anos,2025,SUDESTE,31,MG,315150,PIUMHI,89,5.3%,80,4.76%,1511,89.94%,169,10.06,1680,24,1.43%,42,2.5%,1498,89.17%,116,6.9%,66,3.93,1680
CRIANÇA,0 a < 5 anos,2025,SUDESTE,31,MG,315160,PLANURA,8,1.74%,24,5.21%,429,93.06%,32,6.94,461,3,0.65%,8,1.74%,413,89.59%,37,8.03%,11,2.39,461
CRIANÇA,0 a < 5 anos,2025,SUDESTE,31,MG,315170,POCO FUNDO,21,2.88%,29,3.97%,680,93.15%,50,6.85,730,7,0.96%,14,1.92%,648,88.77%,61,8.36%,21,2.88,730
CRIANÇA,0 a < 5 anos,2025,SUDESTE,31,MG,315180,POCOS DE CALDAS,86,2.12%,206,5.07%,3770,92.81%,292,7.19,4062,19,0.47%,92,2.26%,3720,91.58%,231,5.69%,111,2.73,4062
CRIANÇA,0 a < 5 anos,2025,SUDESTE,31,MG,315190,POCRANE,29,6.5%,22,4.93%,395,88.57%,51,11.43,446,4,0.9%,9,2.02%,387,86.77%,46,10.31%,13,2.91,446
CRIANÇA,0 a < 5 anos,2025,SUDESTE,31,MG,315200,POMPEU,27,2.57%,46,4.38%,977,93.05%,73,6.95,1050,8,0.76%,23,2.19%,944,89.9%,75,7.14%,31,2.95,1050
CRIANÇA,0 a < 5 anos,2025,SUDESTE,31,MG,315210,PONTE NOVA,72,5.48%,75,5.7%,1168,88.82%,147,11.18,1315,12,0.91%,34,2.59%,1136,86.39%,133,10.11%,46,3.5,1315
CRIANÇA,0 a < 5 anos,2025,SUDESTE,31,MG,315213,PONTO CHIQUE,10,4.08%,16,6.53%,219,89.39%,26,10.61,245,3,1.22%,6,2.45%,216,88.16%,20,8.16%,9,3.67,245
CRIANÇA,0 a < 5 anos,2025,SUDESTE,31,MG,315217,PONTO DOS VOLANTES,23,4.48%,17,3.31%,473,92.2%,40,7.8,513,11,2.14%,12,2.34%,456,88.89%,34,6.63%,23,4.48,513
CRIANÇA,0 a < 5 anos,2025,SUDESTE,31,MG,315220,PORTEIRINHA,33,1.68%,58,2.95%,1878,95.38%,91,4.62,1969,15,0.76%,28,1.42%,1776,90.2%,150,7.62%,43,2.18,1969
CRIANÇA,0 a < 5 anos,2025,SUDESTE,31,MG,315230,PORTO FIRME,8,1.68%,24,5.03%,445,93.29%,32,6.71,477,1,0.21%,5,1.05%,439,92.03%,32,6.71%,6,1.26,477
CRIANÇA,0 a < 5 anos,2025,SUDESTE,31,MG,315240,POTE,12,1.72%,30,4.31%,654,93.97%,42,6.03,696,3,0.43%,8,1.15%,638,91.67%,47,6.75%,11,1.58,696
CRIANÇA,0 a < 5 anos,2025,SUDESTE,31,MG,315250,POUSO ALEGRE,175,4.1%,266,6.23%,3830,89.67%,441,10.33,4271,40,0.94%,84,1.97%,3829,89.65%,318,7.45%,124,2.9,4271
CRIANÇA,0 a < 5 anos,2025,SUDESTE,31,MG,315260,POUSO ALTO,4,1.65%,5,2.07%,233,96.28%,9,3.72,242,2,0.83%,2,0.83%,215,88.84%,23,9.5%,4,1.65,242
CRIANÇA,0 a < 5 anos,2025,SUDESTE,31,MG,315270,PRADOS,16,4.75%,32,9.5%,289,85.76%,48,14.24,337,1,0.3%,12,3.56%,301,89.32%,23,6.82%,13,3.86,337
CRIANÇA,0 a < 5 anos,2025,SUDESTE,31,MG,315280,PRATA,55,4.11%,115,8.6%,1167,87.28%,170,12.72,1337,15,1.12%,25,1.87%,1217,91.02%,80,5.98%,40,2.99,1337
CRIANÇA,0 a < 5 anos,2025,SUDESTE,31,MG,315290,PRATAPOLIS,4,1.02%,21,5.36%,367,93.62%,25,6.38,392,2,0.51%,9,2.3%,359,91.58%,22,5.61%,11,2.81,392
CRIANÇA,0 a < 5 anos,2025,SUDESTE,31,MG,315300,PRATINHA,8,4.12%,9,4.64%,177,91.24%,17,8.76,194,3,1.55%,7,3.61%,167,86.08%,17,8.76%,10,5.15,194
CRIANÇA,0 a < 5 anos,2025,SUDESTE,31,MG,315310,PRESIDENTE BERNARDES,7,3.43%,15,7.35%,182,89.22%,22,10.78,204,0,-,3,1.47%,181,88.73%,20,9.8%,3,1.47,204
CRIANÇA,0 a < 5 anos,2025,SUDESTE,31,MG,315320,PRESIDENTE JUSCELINO,1,0.69%,10,6.94%,133,92.36%,11,7.64,144,0,-,1,0.69%,138,95.83%,5,3.47%,1,0.69,144
CRIANÇA,0 a < 5 anos,2025,SUDESTE,31,MG,315330,PRESIDENTE KUBITSCHEK,5,2.81%,6,3.37%,167,93.82%,11,6.18,178,0,-,5,2.81%,163,91.57%,10,5.62%,5,2.81,178
CRIANÇA,0 a < 5 anos,2025,SUDESTE,31,MG,315340,PRESIDENTE OLEGARIO,41,5.97%,36,5.24%,610,88.79%,77,11.21,687,4,0.58%,21,3.06%,613,89.23%,49,7.13%,25,3.64,687
CRIANÇA,0 a < 5 anos,2025,SUDESTE,31,MG,315350,ALTO JEQUITIBA,7,1.42%,19,3.85%,467,94.73%,26,5.27,493,1,0.2%,12,2.43%,449,91.08%,31,6.29%,13,2.64,493
CRIANÇA,0 a < 5 anos,2025,SUDESTE,31,MG,315360,PRUDENTE DE MORAIS,6,1.21%,15,3.02%,476,95.77%,21,4.23,497,1,0.2%,7,1.41%,456,91.75%,33,6.64%,8,1.61,497
CRIANÇA,0 a < 5 anos,2025,SUDESTE,31,MG,315370,QUARTEL GERAL,7,4.58%,5,3.27%,141,92.16%,12,7.84,153,4,2.61%,4,2.61%,136,88.89%,9,5.88%,8,5.23,153
CRIANÇA,0 a < 5 anos,2025,SUDESTE,31,MG,315380,QUELUZITO,1,0.9%,1,0.9%,109,98.2%,2,1.8,111,0,-,4,3.6%,102,91.89%,5,4.5%,4,3.6,111
CRIANÇA,0 a < 5 anos,2025,SUDESTE,31,MG,315390,RAPOSOS,17,15.18%,5,4.46%,90,80.36%,22,19.64,112,1,0.89%,0,-,94,83.93%,17,15.18%,1,0.89,112
CRIANÇA,0 a < 5 anos,2025,SUDESTE,31,MG,315400,RAUL SOARES,33,3.97%,42,5.05%,757,90.99%,75,9.01,832,10,1.2%,12,1.44%,739,88.72%,72,8.64%,22,2.64,833
CRIANÇA,0 a < 5 anos,2025,SUDESTE,31,MG,315410,RECREIO,1,0.38%,11,4.23%,248,95.38%,12,4.62,260,0,-,5,1.92%,234,90%,21,8.08%,5,1.92,260
CRIANÇA,0 a < 5 anos,2025,SUDESTE,31,MG,315415,REDUTO,12,2.76%,27,6.21%,396,91.03%,39,8.97,435,1,0.23%,8,1.84%,397,91.26%,29,6.67%,9,2.07,435
CRIANÇA,0 a < 5 anos,2025,SUDESTE,31,MG,315420,RESENDE COSTA,9,2%,21,4.67%,420,93.33%,30,6.67,450,7,1.56%,8,1.78%,413,91.78%,22,4.89%,15,3.33,450
CRIANÇA,0 a < 5 anos,2025,SUDESTE,31,MG,315430,RESPLENDOR,29,4.43%,32,4.89%,593,90.67%,61,9.33,654,2,0.31%,8,1.22%,583,89.01%,62,9.47%,10,1.53,655
CRIANÇA,0 a < 5 anos,2025,SUDESTE,31,MG,315440,RESSAQUINHA,10,4.57%,18,8.22%,191,87.21%,28,12.79,219,0,-,7,3.2%,197,89.95%,15,6.85%,7,3.2,219
CRIANÇA,0 a < 5 anos,2025,SUDESTE,31,MG,315445,RIACHINHO,13,2.82%,39,8.46%,409,88.72%,52,11.28,461,0,-,9,1.95%,428,92.84%,24,5.21%,9,1.95,461
CRIANÇA,0 a < 5 anos,2025,SUDESTE,31,MG,315450,RIACHO DOS MACHADOS,15,2.9%,30,5.79%,473,91.31%,45,8.69,518,4,0.77%,9,1.74%,464,89.58%,41,7.92%,13,2.51,518
CRIANÇA,0 a < 5 anos,2025,SUDESTE,31,MG,315460,RIBEIRAO DAS NEVES,365,3.54%,582,5.64%,9376,90.83%,947,9.17,10323,96,0.93%,180,1.74%,9352,90.59%,695,6.73%,276,2.67,10323
CRIANÇA,0 a < 5 anos,2025,SUDESTE,31,MG,315470,RIBEIRAO VERMELHO,6,3.82%,7,4.46%,144,91.72%,13,8.28,157,5,3.18%,3,1.91%,133,84.71%,16,10.19%,8,5.1,157
CRIANÇA,0 a < 5 anos,2025,SUDESTE,31,MG,315480,RIO ACIMA,9,3.53%,11,4.31%,235,92.16%,20,7.84,255,5,1.96%,8,3.14%,223,87.45%,19,7.45%,13,5.1,255
CRIANÇA,0 a < 5 anos,2025,SUDESTE,31,MG,315490,RIO CASCA,20,4.3%,39,8.39%,406,87.31%,59,12.69,465,3,0.65%,18,3.87%,396,85.16%,48,10.32%,21,4.52,465
CRIANÇA,0 a < 5 anos,2025,SUDESTE,31,MG,315500,RIO DOCE,1,0.63%,9,5.66%,149,93.71%,10,6.29,159,0,-,2,1.26%,149,93.71%,8,5.03%,2,1.26,159
CRIANÇA,0 a < 5 anos,2025,SUDESTE,31,MG,315510,RIO DO PRADO,6,2.49%,8,3.32%,227,94.19%,14,5.81,241,0,-,1,0.41%,213,88.38%,27,11.2%,1,0.41,241
CRIANÇA,0 a < 5 anos,2025,SUDESTE,31,MG,315520,RIO ESPERA,7,3.29%,14,6.57%,192,90.14%,21,9.86,213,1,0.47%,9,4.23%,190,89.2%,13,6.1%,10,4.69,213
CRIANÇA,0 a < 5 anos,2025,SUDESTE,31,MG,315530,RIO MANSO,9,4.13%,10,4.59%,199,91.28%,19,8.72,218,3,1.38%,3,1.38%,201,92.2%,11,5.05%,6,2.75,218
CRIANÇA,0 a < 5 anos,2025,SUDESTE,31,MG,315540,RIO NOVO,5,2.07%,11,4.55%,226,93.39%,16,6.61,242,2,0.83%,6,2.48%,224,92.56%,10,4.13%,8,3.31,242
CRIANÇA,0 a < 5 anos,2025,SUDESTE,31,MG,315550,RIO PARANAIBA,32,4%,69,8.63%,699,87.38%,101,12.62,800,8,1%,17,2.13%,733,91.63%,42,5.25%,25,3.12,800
CRIANÇA,0 a < 5 anos,2025,SUDESTE,31,MG,315560,RIO PARDO DE MINAS,71,3.83%,97,5.23%,1687,90.94%,168,9.06,1855,12,0.65%,48,2.59%,1721,92.78%,74,3.99%,60,3.23,1855
CRIANÇA,0 a < 5 anos,2025,SUDESTE,31,MG,315570,RIO PIRACICABA,13,2.24%,26,4.48%,542,93.29%,39,6.71,581,3,0.52%,9,1.55%,528,90.88%,41,7.06%,12,2.07,581
CRIANÇA,0 a < 5 anos,2025,SUDESTE,31,MG,315580,RIO POMBA,24,4.71%,53,10.39%,433,84.9%,77,15.1,510,3,0.59%,18,3.53%,437,85.69%,52,10.2%,21,4.12,510
CRIANÇA,0 a < 5 anos,2025,SUDESTE,31,MG,315590,RIO PRETO,11,5.21%,18,8.53%,182,86.26%,29,13.74,211,0,-,2,0.95%,194,91.94%,15,7.11%,2,0.95,211
CRIANÇA,0 a < 5 anos,2025,SUDESTE,31,MG,315600,RIO VERMELHO,19,3.71%,52,10.16%,441,86.13%,71,13.87,512,2,0.39%,13,2.54%,474,92.58%,23,4.49%,15,2.93,512
CRIANÇA,0 a < 5 anos,2025,SUDESTE,31,MG,315610,RITAPOLIS,5,4.1%,7,5.74%,110,90.16%,12,9.84,122,1,0.82%,2,1.64%,105,86.07%,14,11.48%,3,2.46,122
CRIANÇA,0 a < 5 anos,2025,SUDESTE,31,MG,315620,ROCHEDO DE MINAS,1,0.72%,8,5.76%,130,93.53%,9,6.47,139,1,0.72%,2,1.44%,124,89.21%,12,8.63%,3,2.16,139
CRIANÇA,0 a < 5 anos,2025,SUDESTE,31,MG,315630,RODEIRO,18,3.57%,24,4.76%,462,91.67%,42,8.33,504,3,0.6%,7,1.39%,438,86.9%,56,11.11%,10,1.98,504
CRIANÇA,0 a < 5 anos,2025,SUDESTE,31,MG,315640,ROMARIA,2,1.08%,7,3.76%,177,95.16%,9,4.84,186,1,0.54%,1,0.54%,166,89.25%,18,9.68%,2,1.08,186
CRIANÇA,0 a < 5 anos,2025,SUDESTE,31,MG,315645,ROSARIO DA LIMEIRA,2,1.23%,6,3.68%,155,95.09%,8,4.91,163,1,0.61%,4,2.45%,151,92.64%,7,4.29%,5,3.07,163
CRIANÇA,0 a < 5 anos,2025,SUDESTE,31,MG,315650,RUBELITA,14,5.6%,16,6.4%,220,88%,30,12.0,250,6,2.4%,7,2.8%,220,88%,17,6.8%,13,5.2,250
CRIANÇA,0 a < 5 anos,2025,SUDESTE,31,MG,315660,RUBIM,10,3.13%,29,9.09%,280,87.77%,39,12.23,319,4,1.25%,7,2.19%,287,89.97%,21,6.58%,11,3.45,319
CRIANÇA,0 a < 5 anos,2025,SUDESTE,31,MG,315670,SABARA,144,3.64%,278,7.03%,3533,89.33%,422,10.67,3955,45,1.14%,98,2.48%,3601,91%,213,5.38%,143,3.61,3957
CRIANÇA,0 a < 5 anos,2025,SUDESTE,31,MG,315680,SABINOPOLIS,19,2.6%,23,3.15%,688,94.25%,42,5.75,730,4,0.55%,20,2.74%,651,89.18%,55,7.53%,24,3.29,730
CRIANÇA,0 a < 5 anos,2025,SUDESTE,31,MG,315690,SACRAMENTO,14,0.98%,75,5.27%,1335,93.75%,89,6.25,1424,3,0.21%,24,1.69%,1309,91.92%,88,6.18%,27,1.9,1424
CRIANÇA,0 a < 5 anos,2025,SUDESTE,31,MG,315700,SALINAS,61,3.78%,80,4.96%,1473,91.26%,141,8.74,1614,13,0.81%,31,1.92%,1446,89.59%,124,7.68%,44,2.73,1614
CRIANÇA,0 a < 5 anos,2025,SUDESTE,31,MG,315710,SALTO DA DIVISA,13,6.05%,17,7.91%,185,86.05%,30,13.95,215,2,0.93%,3,1.4%,187,86.98%,23,10.7%,5,2.33,215
CRIANÇA,0 a < 5 anos,2025,SUDESTE,31,MG,315720,SANTA BARBARA,43,3.42%,94,7.47%,1122,89.12%,137,10.88,1259,10,0.79%,31,2.46%,1130,89.75%,88,6.99%,41,3.26,1259
CRIANÇA,0 a < 5 anos,2025,SUDESTE,31,MG,315725,SANTA BARBARA DO LESTE,12,2.28%,18,3.42%,497,94.31%,30,5.69,527,2,0.38%,6,1.14%,487,92.41%,32,6.07%,8,1.52,527
CRIANÇA,0 a < 5 anos,2025,SUDESTE,31,MG,315727,SANTA BARBARA DO MONTE VERDE,4,2.78%,6,4.17%,134,93.06%,10,6.94,144,1,0.69%,3,2.08%,131,90.97%,9,6.25%,4,2.78,144
CRIANÇA,0 a < 5 anos,2025,SUDESTE,31,MG,315730,SANTA BARBARA DO TUGURIO,4,1.78%,3,1.33%,218,96.89%,7,3.11,225,1,0.44%,2,0.89%,202,89.78%,20,8.89%,3,1.33,225
CRIANÇA,0 a < 5 anos,2025,SUDESTE,31,MG,315733,SANTA CRUZ DE MINAS,9,3.41%,15,5.68%,240,90.91%,24,9.09,264,2,0.76%,5,1.89%,244,92.42%,13,4.92%,7,2.65,264
CRIANÇA,0 a < 5 anos,2025,SUDESTE,31,MG,315737,SANTA CRUZ DE SALINAS,13,5.99%,15,6.91%,189,87.1%,28,12.9,217,2,0.92%,8,3.69%,195,89.86%,12,5.53%,10,4.61,217
CRIANÇA,0 a < 5 anos,2025,SUDESTE,31,MG,315740,SANTA CRUZ DO ESCALVADO,3,1.78%,7,4.14%,159,94.08%,10,5.92,169,0,-,5,2.96%,142,84.02%,22,13.02%,5,2.96,169
CRIANÇA,0 a < 5 anos,2025,SUDESTE,31,MG,315750,SANTA EFIGENIA DE MINAS,3,1.15%,8,3.07%,250,95.79%,11,4.21,261,1,0.38%,6,2.3%,237,90.8%,17,6.51%,7,2.68,261
CRIANÇA,0 a < 5 anos,2025,SUDESTE,31,MG,315760,SANTA FE DE MINAS,27,14.29%,15,7.94%,147,77.78%,42,22.22,189,4,2.12%,9,4.76%,168,88.89%,8,4.23%,13,6.88,189
CRIANÇA,0 a < 5 anos,2025,SUDESTE,31,MG,315765,SANTA HELENA DE MINAS,35,8.25%,50,11.79%,339,79.95%,85,20.05,424,4,0.94%,14,3.3%,383,90.33%,23,5.42%,18,4.25,424
CRIANÇA,0 a < 5 anos,2025,SUDESTE,31,MG,315770,SANTA JULIANA,10,0.96%,28,2.68%,1006,96.36%,38,3.64,1044,0,-,10,0.96%,964,92.34%,70,6.7%,10,0.96,1044
CRIANÇA,0 a < 5 anos,2025,SUDESTE,31,MG,315780,SANTA LUZIA,929,10.28%,701,7.76%,7405,81.96%,1630,18.04,9035,339,3.75%,310,3.43%,7641,84.56%,746,8.26%,649,7.18,9036
CRIANÇA,0 a < 5 anos,2025,SUDESTE,31,MG,315790,SANTA MARGARIDA,114,9.29%,105,8.56%,1008,82.15%,219,17.85,1227,13,1.06%,41,3.34%,1101,89.73%,72,5.87%,54,4.4,1227
CRIANÇA,0 a < 5 anos,2025,SUDESTE,31,MG,315800,SANTA MARIA DE ITABIRA,13,2.49%,31,5.93%,479,91.59%,44,8.41,523,3,0.57%,15,2.87%,464,88.72%,41,7.84%,18,3.44,523
CRIANÇA,0 a < 5 anos,2025,SUDESTE,31,MG,315810,SANTA MARIA DO SALTO,5,2.45%,11,5.39%,188,92.16%,16,7.84,204,0,-,4,1.96%,183,89.71%,17,8.33%,4,1.96,204
CRIANÇA,0 a < 5 anos,2025,SUDESTE,31,MG,315820,SANTA MARIA DO SUACUI,20,3.38%,36,6.08%,536,90.54%,56,9.46,592,2,0.34%,7,1.18%,538,90.88%,45,7.6%,9,1.52,592
CRIANÇA,0 a < 5 anos,2025,SUDESTE,31,MG,315830,SANTANA DA VARGEM,8,2.7%,23,7.77%,265,89.53%,31,10.47,296,8,2.7%,11,3.72%,264,89.19%,13,4.39%,19,6.42,296
CRIANÇA,0 a < 5 anos,2025,SUDESTE,31,MG,315840,SANTANA DE CATAGUASES,2,1.48%,4,2.96%,129,95.56%,6,4.44,135,0,-,3,2.22%,125,92.59%,7,5.19%,3,2.22,135
CRIANÇA,0 a < 5 anos,2025,SUDESTE,31,MG,315850,SANTANA DE PIRAPAMA,10,3.88%,16,6.2%,232,89.92%,26,10.08,258,3,1.16%,6,2.33%,223,86.43%,26,10.08%,9,3.49,258
CRIANÇA,0 a < 5 anos,2025,SUDESTE,31,MG,315860,SANTANA DO DESERTO,3,3.37%,1,1.12%,85,95.51%,4,4.49,89,0,-,2,2.25%,74,83.15%,13,14.61%,2,2.25,89
CRIANÇA,0 a < 5 anos,2025,SUDESTE,31,MG,315870,SANTANA DO GARAMBEU,0,-,6,6.59%,85,93.41%,6,6.59,91,0,-,1,1.1%,78,85.71%,12,13.19%,1,1.1,91
CRIANÇA,0 a < 5 anos,2025,SUDESTE,31,MG,315880,SANTANA DO JACARE,2,1.27%,4,2.55%,151,96.18%,6,3.82,157,0,-,2,1.27%,141,89.81%,14,8.92%,2,1.27,157
CRIANÇA,0 a < 5 anos,2025,SUDESTE,31,MG,315890,SANTANA DO MANHUACU,24,4.62%,31,5.96%,465,89.42%,55,10.58,520,3,0.58%,9,1.73%,456,87.69%,52,10%,12,2.31,520
CRIANÇA,0 a < 5 anos,2025,SUDESTE,31,MG,315895,SANTANA DO PARAISO,59,2.43%,86,3.54%,2283,94.03%,145,5.97,2428,13,0.54%,39,1.61%,2196,90.44%,180,7.41%,52,2.14,2428
CRIANÇA,0 a < 5 anos,2025,SUDESTE,31,MG,315900,SANTANA DO RIACHO,5,1.55%,16,4.95%,302,93.5%,21,6.5,323,3,0.93%,5,1.55%,302,93.5%,13,4.02%,8,2.48,323
CRIANÇA,0 a < 5 anos,2025,SUDESTE,31,MG,315910,SANTANA DOS MONTES,7,4.7%,3,2.01%,139,93.29%,10,6.71,149,0,-,3,2.01%,129,86.58%,17,11.41%,3,2.01,149
CRIANÇA,0 a < 5 anos,2025,SUDESTE,31,MG,315920,SANTA RITA DE CALDAS,3,1.05%,15,5.26%,267,93.68%,18,6.32,285,1,0.35%,5,1.75%,256,89.82%,23,8.07%,6,2.11,285
CRIANÇA,0 a < 5 anos,2025,SUDESTE,31,MG,315930,SANTA RITA DE JACUTINGA,2,1.03%,3,1.55%,189,97.42%,5,2.58,194,0,-,3,1.55%,177,91.24%,14,7.22%,3,1.55,194
CRIANÇA,0 a < 5 anos,2025,SUDESTE,31,MG,315935,SANTA RITA DE MINAS,7,1.76%,19,4.79%,371,93.45%,26,6.55,397,1,0.25%,7,1.76%,360,90.68%,29,7.3%,8,2.02,397
CRIANÇA,0 a < 5 anos,2025,SUDESTE,31,MG,315940,SANTA RITA DE IBITIPOCA,1,0.57%,8,4.55%,167,94.89%,9,5.11,176,0,-,6,3.41%,160,90.91%,10,5.68%,6,3.41,176
CRIANÇA,0 a < 5 anos,2025,SUDESTE,31,MG,315950,SANTA RITA DO ITUETO,11,2.51%,28,6.39%,399,91.1%,39,8.9,438,3,0.68%,4,0.91%,403,92.01%,28,6.39%,7,1.6,438
CRIANÇA,0 a < 5 anos,2025,SUDESTE,31,MG,315960,SANTA RITA DO SAPUCAI,33,2.85%,54,4.67%,1070,92.48%,87,7.52,1157,6,0.52%,25,2.16%,1024,88.5%,102,8.82%,31,2.68,1157
CRIANÇA,0 a < 5 anos,2025,SUDESTE,31,MG,315970,SANTA ROSA DA SERRA,21,8.9%,22,9.32%,193,81.78%,43,18.22,236,1,0.42%,8,3.39%,212,89.83%,15,6.36%,9,3.81,236
CRIANÇA,0 a < 5 anos,2025,SUDESTE,31,MG,315980,SANTA VITORIA,15,1.93%,33,4.24%,730,93.83%,48,6.17,778,6,0.77%,19,2.44%,696,89.46%,57,7.33%,25,3.21,778
CRIANÇA,0 a < 5 anos,2025,SUDESTE,31,MG,315990,SANTO ANTONIO DO AMPARO,57,7.16%,70,8.79%,669,84.05%,127,15.95,796,22,2.76%,25,3.14%,687,86.31%,62,7.79%,47,5.9,796
CRIANÇA,0 a < 5 anos,2025,SUDESTE,31,MG,316000,SANTO ANTONIO DO AVENTUREIRO,4,2.74%,9,6.16%,133,91.1%,13,8.9,146,0,-,3,2.05%,133,91.1%,10,6.85%,3,2.05,146
CRIANÇA,0 a < 5 anos,2025,SUDESTE,31,MG,316010,SANTO ANTONIO DO GRAMA,10,4.42%,8,3.54%,208,92.04%,18,7.96,226,1,0.44%,6,2.65%,199,88.05%,20,8.85%,7,3.1,226
CRIANÇA,0 a < 5 anos,2025,SUDESTE,31,MG,316020,SANTO ANTONIO DO ITAMBE,5,3.16%,8,5.06%,145,91.77%,13,8.23,158,1,0.63%,3,1.9%,138,87.34%,16,10.13%,4,2.53,158
CRIANÇA,0 a < 5 anos,2025,SUDESTE,31,MG,316030,SANTO ANTONIO DO JACINTO,38,7.68%,27,5.45%,430,86.87%,65,13.13,495,5,1.01%,12,2.42%,446,90.1%,32,6.46%,17,3.43,495
CRIANÇA,0 a < 5 anos,2025,SUDESTE,31,MG,316040,SANTO ANTONIO DO MONTE,24,2.37%,62,6.13%,925,91.49%,86,8.51,1011,10,0.99%,23,2.27%,917,90.7%,61,6.03%,33,3.26,1011
CRIANÇA,0 a < 5 anos,2025,SUDESTE,31,MG,316045,SANTO ANTONIO DO RETIRO,21,4.82%,15,3.44%,400,91.74%,36,8.26,436,2,0.46%,7,1.61%,399,91.51%,28,6.42%,9,2.06,436
CRIANÇA,0 a < 5 anos,2025,SUDESTE,31,MG,316050,SANTO ANTONIO DO RIO ABAIXO,10,12.35%,11,13.58%,60,74.07%,21,25.93,81,0,-,3,3.7%,74,91.36%,4,4.94%,3,3.7,81
CRIANÇA,0 a < 5 anos,2025,SUDESTE,31,MG,316060,SANTO HIPOLITO,2,1.36%,7,4.76%,138,93.88%,9,6.12,147,0,-,3,2.04%,130,88.44%,14,9.52%,3,2.04,147
CRIANÇA,0 a < 5 anos,2025,SUDESTE,31,MG,316070,SANTOS DUMONT,50,5.39%,70,7.55%,807,87.06%,120,12.94,927,9,0.97%,18,1.94%,834,89.97%,66,7.12%,27,2.91,927
CRIANÇA,0 a < 5 anos,2025,SUDESTE,31,MG,316080,SAO BENTO ABADE,13,4.04%,25,7.76%,284,88.2%,38,11.8,322,0,-,8,2.48%,294,91.3%,20,6.21%,8,2.48,322
CRIANÇA,0 a < 5 anos,2025,SUDESTE,31,MG,316090,SAO BRAS DO SUACUI,10,6.37%,19,12.1%,128,81.53%,29,18.47,157,0,-,3,1.91%,142,90.45%,12,7.64%,3,1.91,157
CRIANÇA,0 a < 5 anos,2025,SUDESTE,31,MG,316095,SAO DOMINGOS DAS DORES,5,1.25%,14,3.49%,382,95.26%,19,4.74,401,0,-,5,1.25%,374,93.27%,22,5.49%,5,1.25,401
CRIANÇA,0 a < 5 anos,2025,SUDESTE,31,MG,316100,SAO DOMINGOS DO PRATA,23,3.91%,32,5.44%,533,90.65%,55,9.35,588,4,0.68%,14,2.38%,525,89.29%,45,7.65%,18,3.06,588
CRIANÇA,0 a < 5 anos,2025,SUDESTE,31,MG,316105,SAO FELIX DE MINAS,6,3.13%,7,3.65%,179,93.23%,13,6.77,192,1,0.52%,3,1.56%,169,88.02%,19,9.9%,4,2.08,192
CRIANÇA,0 a < 5 anos,2025,SUDESTE,31,MG,316110,SAO FRANCISCO,59,1.94%,125,4.1%,2863,93.96%,184,6.04,3047,15,0.49%,71,2.33%,2814,92.35%,147,4.82%,86,2.82,3047
CRIANÇA,0 a < 5 anos,2025,SUDESTE,31,MG,316120,SAO FRANCISCO DE PAULA,5,1.95%,8,3.11%,244,94.94%,13,5.06,257,2,0.78%,1,0.39%,232,90.27%,22,8.56%,3,1.17,257
CRIANÇA,0 a < 5 anos,2025,SUDESTE,31,MG,316130,SAO FRANCISCO DE SALES,3,1.13%,13,4.89%,250,93.98%,16,6.02,266,1,0.38%,5,1.88%,246,92.48%,14,5.26%,6,2.26,266
CRIANÇA,0 a < 5 anos,2025,SUDESTE,31,MG,316140,SAO FRANCISCO DO GLORIA,7,2.82%,9,3.63%,232,93.55%,16,6.45,248,2,0.81%,4,1.61%,219,88.31%,23,9.27%,6,2.42,248
CRIANÇA,0 a < 5 anos,2025,SUDESTE,31,MG,316150,SAO GERALDO,38,7.63%,43,8.63%,417,83.73%,81,16.27,498,21,4.22%,22,4.42%,418,83.94%,37,7.43%,43,8.63,498
CRIANÇA,0 a < 5 anos,2025,SUDESTE,31,MG,316160,SAO GERALDO DA PIEDADE,8,4.79%,12,7.19%,147,88.02%,20,11.98,167,0,-,1,0.6%,152,91.02%,14,8.38%,1,0.6,167
CRIANÇA,0 a < 5 anos,2025,SUDESTE,31,MG,316165,SAO GERALDO DO BAIXIO,17,7.59%,10,4.46%,197,87.95%,27,12.05,224,0,-,1,0.45%,200,89.29%,23,10.27%,1,0.45,224
CRIANÇA,0 a < 5 anos,2025,SUDESTE,31,MG,316170,SAO GONCALO DO ABAETE,12,3.87%,14,4.52%,284,91.61%,26,8.39,310,1,0.32%,1,0.32%,279,90%,29,9.35%,2,0.65,310
CRIANÇA,0 a < 5 anos,2025,SUDESTE,31,MG,316180,SAO GONCALO DO PARA,25,5.56%,27,6%,398,88.44%,52,11.56,450,2,0.44%,8,1.78%,403,89.56%,37,8.22%,10,2.22,450
CRIANÇA,0 a < 5 anos,2025,SUDESTE,31,MG,316190,SAO GONCALO DO RIO ABAIXO,14,2.14%,38,5.8%,603,92.06%,52,7.94,655,2,0.31%,16,2.44%,598,91.3%,39,5.95%,18,2.75,655
CRIANÇA,0 a < 5 anos,2025,SUDESTE,31,MG,316200,SAO GONCALO DO SAPUCAI,36,3.1%,57,4.91%,1068,91.99%,93,8.01,1161,12,1.03%,20,1.72%,1052,90.61%,77,6.63%,32,2.76,1161
CRIANÇA,0 a < 5 anos,2025,SUDESTE,31,MG,316210,SAO GOTARDO,60,4.23%,117,8.25%,1242,87.53%,177,12.47,1419,14,0.99%,26,1.83%,1288,90.77%,91,6.41%,40,2.82,1419
CRIANÇA,0 a < 5 anos,2025,SUDESTE,31,MG,316220,SAO JOAO BATISTA DO GLORIA,5,2.2%,8,3.52%,214,94.27%,13,5.73,227,2,0.88%,5,2.2%,211,92.95%,9,3.96%,7,3.08,227
CRIANÇA,0 a < 5 anos,2025,SUDESTE,31,MG,316225,SAO JOAO DA LAGOA,24,8.63%,27,9.71%,227,81.65%,51,18.35,278,4,1.44%,12,4.32%,237,85.25%,25,8.99%,16,5.76,278
CRIANÇA,0 a < 5 anos,2025,SUDESTE,31,MG,316230,SAO JOAO DA MATA,5,2.87%,8,4.6%,161,92.53%,13,7.47,174,3,1.72%,3,1.72%,164,94.25%,4,2.3%,6,3.45,174
CRIANÇA,0 a < 5 anos,2025,SUDESTE,31,MG,316240,SAO JOAO DA PONTE,55,4.33%,81,6.38%,1133,89.28%,136,10.72,1269,6,0.47%,27,2.13%,1131,89.13%,105,8.27%,33,2.6,1269
CRIANÇA,0 a < 5 anos,2025,SUDESTE,31,MG,316245,SAO JOAO DAS MISSOES,35,3.33%,75,7.14%,941,89.53%,110,10.47,1051,10,0.95%,23,2.19%,967,92.01%,51,4.85%,33,3.14,1051
CRIANÇA,0 a < 5 anos,2025,SUDESTE,31,MG,316250,SAO JOAO DEL REI,72,4.12%,122,6.98%,1554,88.9%,194,11.1,1748,15,0.86%,51,2.92%,1579,90.33%,103,5.89%,66,3.78,1748
CRIANÇA,0 a < 5 anos,2025,SUDESTE,31,MG,316255,SAO JOAO DO MANHUACU,44,7.17%,47,7.65%,523,85.18%,91,14.82,614,5,0.81%,13,2.12%,492,80.13%,104,16.94%,18,2.93,614
CRIANÇA,0 a < 5 anos,2025,SUDESTE,31,MG,316257,SAO JOAO DO MANTENINHA,3,1.05%,14,4.88%,270,94.08%,17,5.92,287,0,-,4,1.39%,269,93.73%,14,4.88%,4,1.39,287
CRIANÇA,0 a < 5 anos,2025,SUDESTE,31,MG,316260,SAO JOAO DO ORIENTE,4,1.03%,18,4.65%,365,94.32%,22,5.68,387,0,-,6,1.55%,355,91.73%,26,6.72%,6,1.55,387
CRIANÇA,0 a < 5 anos,2025,SUDESTE,31,MG,316265,SAO JOAO DO PACUI,6,3.21%,13,6.95%,168,89.84%,19,10.16,187,0,-,4,2.14%,172,91.98%,11,5.88%,4,2.14,187
CRIANÇA,0 a < 5 anos,2025,SUDESTE,31,MG,316270,SAO JOAO DO PARAISO,33,2.83%,48,4.12%,1085,93.05%,81,6.95,1166,13,1.11%,34,2.92%,1072,91.94%,47,4.03%,47,4.03,1166
CRIANÇA,0 a < 5 anos,2025,SUDESTE,31,MG,316280,SAO JOAO EVANGELISTA,25,3.11%,44,5.47%,736,91.43%,69,8.57,805,6,0.75%,10,1.24%,720,89.44%,69,8.57%,16,1.99,805
CRIANÇA,0 a < 5 anos,2025,SUDESTE,31,MG,316290,SAO JOAO NEPOMUCENO,28,3.02%,49,5.29%,850,91.69%,77,8.31,927,7,0.76%,11,1.19%,809,87.27%,100,10.79%,18,1.94,927
CRIANÇA,0 a < 5 anos,2025,SUDESTE,31,MG,316292,SAO JOAQUIM DE BICAS,81,4.9%,102,6.17%,1470,88.93%,183,11.07,1653,19,1.15%,43,2.6%,1492,90.26%,99,5.99%,62,3.75,1653
CRIANÇA,0 a < 5 anos,2025,SUDESTE,31,MG,316294,SAO JOSE DA BARRA,4,1.03%,18,4.64%,366,94.33%,22,5.67,388,0,-,8,2.06%,351,90.46%,29,7.47%,8,2.06,388
CRIANÇA,0 a < 5 anos,2025,SUDESTE,31,MG,316295,SAO JOSE DA LAPA,44,3.62%,52,4.28%,1119,92.1%,96,7.9,1215,9,0.74%,18,1.48%,1109,91.28%,79,6.5%,27,2.22,1215
CRIANÇA,0 a < 5 anos,2025,SUDESTE,31,MG,316300,SAO JOSE DA SAFIRA,6,1.95%,18,5.86%,283,92.18%,24,7.82,307,2,0.65%,4,1.3%,277,90.23%,24,7.82%,6,1.95,307
CRIANÇA,0 a < 5 anos,2025,SUDESTE,31,MG,316310,SAO JOSE DA VARGINHA,7,3.24%,11,5.09%,198,91.67%,18,8.33,216,1,0.46%,2,0.93%,197,91.2%,16,7.41%,3,1.39,216
CRIANÇA,0 a < 5 anos,2025,SUDESTE,31,MG,316320,SAO JOSE DO ALEGRE,5,2.21%,9,3.98%,212,93.81%,14,6.19,226,0,-,2,0.88%,211,93.36%,13,5.75%,2,0.88,226
CRIANÇA,0 a < 5 anos,2025,SUDESTE,31,MG,316330,SAO JOSE DO DIVINO,9,4.97%,6,3.31%,166,91.71%,15,8.29,181,2,1.1%,1,0.55%,165,91.16%,13,7.18%,3,1.66,181
CRIANÇA,0 a < 5 anos,2025,SUDESTE,31,MG,316340,SAO JOSE DO GOIABAL,6,2.62%,13,5.68%,210,91.7%,19,8.3,229,1,0.44%,2,0.87%,204,89.08%,22,9.61%,3,1.31,229
CRIANÇA,0 a < 5 anos,2025,SUDESTE,31,MG,316350,SAO JOSE DO JACURI,15,5.17%,24,8.28%,251,86.55%,39,13.45,290,1,0.34%,1,0.34%,266,91.72%,22,7.59%,2,0.69,290
CRIANÇA,0 a < 5 anos,2025,SUDESTE,31,MG,316360,SAO JOSE DO MANTIMENTO,1,0.93%,2,1.87%,104,97.2%,3,2.8,107,1,0.93%,0,-,96,89.72%,10,9.35%,1,0.93,107
CRIANÇA,0 a < 5 anos,2025,SUDESTE,31,MG,316370,SAO LOURENCO,38,3.08%,90,7.3%,1105,89.62%,128,10.38,1233,16,1.3%,27,2.19%,1121,90.92%,69,5.6%,43,3.49,1233
CRIANÇA,0 a < 5 anos,2025,SUDESTE,31,MG,316380,SAO MIGUEL DO ANTA,4,1.63%,19,7.76%,222,90.61%,23,9.39,245,1,0.41%,5,2.04%,220,89.8%,19,7.76%,6,2.45,245
CRIANÇA,0 a < 5 anos,2025,SUDESTE,31,MG,316390,SAO PEDRO DA UNIAO,4,1.59%,6,2.38%,242,96.03%,10,3.97,252,1,0.4%,2,0.79%,232,92.06%,17,6.75%,3,1.19,252
CRIANÇA,0 a < 5 anos,2025,SUDESTE,31,MG,316400,SAO PEDRO DOS FERROS,24,10.62%,16,7.08%,186,82.3%,40,17.7,226,3,1.33%,9,3.98%,185,81.86%,29,12.83%,12,5.31,226
CRIANÇA,0 a < 5 anos,2025,SUDESTE,31,MG,316410,SAO PEDRO DO SUACUI,2,1.85%,4,3.7%,102,94.44%,6,5.56,108,0,-,2,1.85%,97,89.81%,9,8.33%,2,1.85,108
CRIANÇA,0 a < 5 anos,2025,SUDESTE,31,MG,316420,SAO ROMAO,14,2.99%,22,4.7%,432,92.31%,36,7.69,468,1,0.21%,9,1.92%,436,93.16%,22,4.7%,10,2.14,468
CRIANÇA,0 a < 5 anos,2025,SUDESTE,31,MG,316430,SAO ROQUE DE MINAS,14,4.64%,18,5.96%,270,89.4%,32,10.6,302,6,1.99%,5,1.66%,271,89.74%,20,6.62%,11,3.64,302
CRIANÇA,0 a < 5 anos,2025,SUDESTE,31,MG,316440,SAO SEBASTIAO DA BELA VISTA,17,3.93%,11,2.54%,405,93.53%,28,6.47,433,4,0.92%,2,0.46%,392,90.53%,35,8.08%,6,1.39,433
CRIANÇA,0 a < 5 anos,2025,SUDESTE,31,MG,316443,SAO SEBASTIAO DA VARGEM ALEGRE,1,0.69%,3,2.07%,141,97.24%,4,2.76,145,0,-,2,1.38%,131,90.34%,12,8.28%,2,1.38,145
CRIANÇA,0 a < 5 anos,2025,SUDESTE,31,MG,316447,SAO SEBASTIAO DO ANTA,9,1.85%,14,2.87%,464,95.28%,23,4.72,487,2,0.41%,3,0.62%,450,92.4%,32,6.57%,5,1.03,487
CRIANÇA,0 a < 5 anos,2025,SUDESTE,31,MG,316450,SAO SEBASTIAO DO MARANHAO,35,8.71%,32,7.96%,335,83.33%,67,16.67,402,10,2.49%,14,3.48%,330,82.09%,48,11.94%,24,5.97,402
CRIANÇA,0 a < 5 anos,2025,SUDESTE,31,MG,316460,SAO SEBASTIAO DO OESTE,9,1.44%,21,3.37%,593,95.18%,30,4.82,623,2,0.32%,11,1.77%,569,91.33%,41,6.58%,13,2.09,623
CRIANÇA,0 a < 5 anos,2025,SUDESTE,31,MG,316470,SAO SEBASTIAO DO PARAISO,97,3.27%,191,6.45%,2675,90.28%,288,9.72,2963,24,0.81%,44,1.48%,2691,90.82%,204,6.88%,68,2.29,2963
CRIANÇA,0 a < 5 anos,2025,SUDESTE,31,MG,316480,SAO SEBASTIAO DO RIO PRETO,5,6.94%,2,2.78%,65,90.28%,7,9.72,72,0,-,2,2.78%,64,88.89%,6,8.33%,2,2.78,72
CRIANÇA,0 a < 5 anos,2025,SUDESTE,31,MG,316490,SAO SEBASTIAO DO RIO VERDE,3,2.48%,7,5.79%,111,91.74%,10,8.26,121,1,0.83%,1,0.83%,111,91.74%,8,6.61%,2,1.65,121
CRIANÇA,0 a < 5 anos,2025,SUDESTE,31,MG,316500,SAO TIAGO,6,1.26%,19,4%,450,94.74%,25,5.26,475,1,0.21%,9,1.89%,435,91.58%,30,6.32%,10,2.11,475
CRIANÇA,0 a < 5 anos,2025,SUDESTE,31,MG,316510,SAO TOMAS DE AQUINO,4,1.28%,13,4.17%,295,94.55%,17,5.45,312,1,0.32%,5,1.6%,281,90.06%,25,8.01%,6,1.92,312
CRIANÇA,0 a < 5 anos,2025,SUDESTE,31,MG,316520,SAO THOME DAS LETRAS,5,1.77%,19,6.74%,258,91.49%,24,8.51,282,1,0.35%,8,2.84%,261,92.55%,12,4.26%,9,3.19,282
CRIANÇA,0 a < 5 anos,2025,SUDESTE,31,MG,316530,SAO VICENTE DE MINAS,4,1.19%,16,4.76%,316,94.05%,20,5.95,336,2,0.6%,8,2.38%,301,89.58%,25,7.44%,10,2.98,336
CRIANÇA,0 a < 5 anos,2025,SUDESTE,31,MG,316540,SAPUCAI-MIRIM,10,3.22%,24,7.72%,277,89.07%,34,10.93,311,2,0.64%,11,3.54%,277,89.07%,21,6.75%,13,4.18,311
CRIANÇA,0 a < 5 anos,2025,SUDESTE,31,MG,316550,SARDOA,8,2.52%,8,2.52%,301,94.95%,16,5.05,317,1,0.32%,0,-,266,83.91%,50,15.77%,1,0.32,317
CRIANÇA,0 a < 5 anos,2025,SUDESTE,31,MG,316553,SARZEDO,60,4.78%,81,6.45%,1114,88.76%,141,11.24,1255,11,0.88%,38,3.03%,1087,86.61%,119,9.48%,49,3.9,1255
CRIANÇA,0 a < 5 anos,2025,SUDESTE,31,MG,316555,SETUBINHA,30,4.26%,67,9.5%,608,86.24%,97,13.76,705,3,0.43%,16,2.27%,653,92.62%,33,4.68%,19,2.7,705
CRIANÇA,0 a < 5 anos,2025,SUDESTE,31,MG,316556,SEM-PEIXE,2,1.92%,6,5.77%,96,92.31%,8,7.69,104,0,-,1,0.96%,90,86.54%,13,12.5%,1,0.96,104
CRIANÇA,0 a < 5 anos,2025,SUDESTE,31,MG,316557,SENADOR AMARAL,30,3.73%,57,7.08%,718,89.19%,87,10.81,805,3,0.37%,21,2.61%,736,91.43%,45,5.59%,24,2.98,805
CRIANÇA,0 a < 5 anos,2025,SUDESTE,31,MG,316560,SENADOR CORTES,0,-,5,3.88%,124,96.12%,5,3.88,129,1,0.78%,0,-,114,88.37%,14,10.85%,1,0.78,129
CRIANÇA,0 a < 5 anos,2025,SUDESTE,31,MG,316570,SENADOR FIRMINO,9,2.6%,10,2.89%,327,94.51%,19,5.49,346,4,1.16%,5,1.45%,315,91.04%,22,6.36%,9,2.6,346
CRIANÇA,0 a < 5 anos,2025,SUDESTE,31,MG,316580,SENADOR JOSE BENTO,1,3.03%,2,6.06%,30,90.91%,3,9.09,33,0,-,2,6.06%,27,81.82%,4,12.12%,2,6.06,33
CRIANÇA,0 a < 5 anos,2025,SUDESTE,31,MG,316590,SENADOR MODESTINO GONCALVES,27,16.88%,12,7.5%,121,75.63%,39,24.38,160,24,15%,3,1.88%,125,78.13%,8,5%,27,16.88,160
CRIANÇA,0 a < 5 anos,2025,SUDESTE,31,MG,316600,SENHORA DE OLIVEIRA,4,1.54%,13,5%,243,93.46%,17,6.54,260,2,0.77%,1,0.38%,242,93.08%,15,5.77%,3,1.15,260
CRIANÇA,0 a < 5 anos,2025,SUDESTE,31,MG,316610,SENHORA DO PORTO,9,7.63%,8,6.78%,101,85.59%,17,14.41,118,1,0.85%,1,0.85%,105,88.98%,11,9.32%,2,1.69,118
CRIANÇA,0 a < 5 anos,2025,SUDESTE,31,MG,316620,SENHORA DOS REMEDIOS,18,4.51%,12,3.01%,369,92.48%,30,7.52,399,6,1.5%,6,1.5%,364,91.23%,23,5.76%,12,3.01,399
CRIANÇA,0 a < 5 anos,2025,SUDESTE,31,MG,316630,SERICITA,55,10.76%,44,8.61%,412,80.63%,99,19.37,511,5,0.98%,13,2.54%,432,84.54%,61,11.94%,18,3.52,511
CRIANÇA,0 a < 5 anos,2025,SUDESTE,31,MG,316640,SERITINGA,8,9.41%,5,5.88%,72,84.71%,13,15.29,85,2,2.35%,0,-,77,90.59%,6,7.06%,2,2.35,85
CRIANÇA,0 a < 5 anos,2025,SUDESTE,31,MG,316650,SERRA AZUL DE MINAS,11,5.37%,14,6.83%,180,87.8%,25,12.2,205,3,1.46%,7,3.41%,185,90.24%,10,4.88%,10,4.88,205
CRIANÇA,0 a < 5 anos,2025,SUDESTE,31,MG,316660,SERRA DA SAUDADE,0,-,0,-,27,100%,0,0.0,27,0,-,1,3.7%,22,81.48%,4,14.81%,1,3.7,27
CRIANÇA,0 a < 5 anos,2025,SUDESTE,31,MG,316670,SERRA DOS AIMORES,18,4.04%,24,5.38%,404,90.58%,42,9.42,446,5,1.12%,13,2.91%,404,90.58%,24,5.38%,18,4.04,446
CRIANÇA,0 a < 5 anos,2025,SUDESTE,31,MG,316680,SERRA DO SALITRE,31,4.11%,57,7.55%,667,88.34%,88,11.66,755,5,0.66%,16,2.12%,677,89.67%,57,7.55%,21,2.78,755
CRIANÇA,0 a < 5 anos,2025,SUDESTE,31,MG,316690,SERRANIA,28,6.78%,28,6.78%,357,86.44%,56,13.56,413,3,0.73%,14,3.39%,371,89.83%,25,6.05%,17,4.12,413
CRIANÇA,0 a < 5 anos,2025,SUDESTE,31,MG,316695,SERRANOPOLIS DE MINAS,8,3.69%,11,5.07%,198,91.24%,19,8.76,217,3,1.38%,1,0.46%,203,93.55%,10,4.61%,4,1.84,217
CRIANÇA,0 a < 5 anos,2025,SUDESTE,31,MG,316700,SERRANOS,4,3.1%,1,0.78%,124,96.12%,5,3.88,129,2,1.55%,2,1.55%,120,93.02%,5,3.88%,4,3.1,129
CRIANÇA,0 a < 5 anos,2025,SUDESTE,31,MG,316710,SERRO,36,3.81%,60,6.34%,850,89.85%,96,10.15,946,11,1.16%,25,2.64%,848,89.64%,62,6.55%,36,3.81,946
CRIANÇA,0 a < 5 anos,2025,SUDESTE,31,MG,316720,SETE LAGOAS,192,4.5%,319,7.48%,3755,88.02%,511,11.98,4266,45,1.05%,97,2.27%,3769,88.33%,356,8.34%,142,3.33,4267
CRIANÇA,0 a < 5 anos,2025,SUDESTE,31,MG,316730,SILVEIRANIA,9,6.16%,15,10.27%,122,83.56%,24,16.44,146,4,2.74%,5,3.42%,123,84.25%,14,9.59%,9,6.16,146
CRIANÇA,0 a < 5 anos,2025,SUDESTE,31,MG,316740,SILVIANOPOLIS,23,9.24%,12,4.82%,214,85.94%,35,14.06,249,2,0.8%,7,2.81%,220,88.35%,20,8.03%,9,3.61,249
CRIANÇA,0 a < 5 anos,2025,SUDESTE,31,MG,316750,SIMAO PEREIRA,3,3%,2,2%,95,95%,5,5.0,100,2,2%,2,2%,81,81%,15,15%,4,4.0,100
CRIANÇA,0 a < 5 anos,2025,SUDESTE,31,MG,316760,SIMONESIA,74,5.37%,83,6.02%,1222,88.61%,157,11.39,1379,11,0.8%,20,1.45%,1262,91.52%,86,6.24%,31,2.25,1379
CRIANÇA,0 a < 5 anos,2025,SUDESTE,31,MG,316770,SOBRALIA,9,3.33%,18,6.67%,243,90%,27,10.0,270,0,-,5,1.85%,237,87.78%,28,10.37%,5,1.85,270
CRIANÇA,0 a < 5 anos,2025,SUDESTE,31,MG,316780,SOLEDADE DE MINAS,3,1.9%,11,6.96%,144,91.14%,14,8.86,158,2,1.27%,3,1.9%,136,86.08%,17,10.76%,5,3.16,158
CRIANÇA,0 a < 5 anos,2025,SUDESTE,31,MG,316790,TABULEIRO,5,3.31%,7,4.64%,139,92.05%,12,7.95,151,0,-,3,1.99%,142,94.04%,6,3.97%,3,1.99,151
CRIANÇA,0 a < 5 anos,2025,SUDESTE,31,MG,316800,TAIOBEIRAS,24,1.18%,59,2.89%,1956,95.93%,83,4.07,2039,4,0.2%,25,1.23%,1906,93.48%,104,5.1%,29,1.42,2039
CRIANÇA,0 a < 5 anos,2025,SUDESTE,31,MG,316805,TAPARUBA,6,2.44%,4,1.63%,236,95.93%,10,4.07,246,0,-,9,3.66%,218,88.62%,19,7.72%,9,3.66,246
CRIANÇA,0 a < 5 anos,2025,SUDESTE,31,MG,316810,TAPIRA,7,3.11%,19,8.44%,199,88.44%,26,11.56,225,3,1.33%,6,2.67%,206,91.56%,10,4.44%,9,4.0,225
CRIANÇA,0 a < 5 anos,2025,SUDESTE,31,MG,316820,TAPIRAI,3,4.69%,4,6.25%,57,89.06%,7,10.94,64,2,3.13%,0,-,56,87.5%,6,9.38%,2,3.12,64
CRIANÇA,0 a < 5 anos,2025,SUDESTE,31,MG,316830,TAQUARACU DE MINAS,6,3.51%,8,4.68%,157,91.81%,14,8.19,171,0,-,5,2.92%,154,90.06%,12,7.02%,5,2.92,171
CRIANÇA,0 a < 5 anos,2025,SUDESTE,31,MG,316840,TARUMIRIM,19,3.05%,35,5.62%,569,91.33%,54,8.67,623,2,0.32%,7,1.12%,536,86.04%,78,12.52%,9,1.44,623
CRIANÇA,0 a < 5 anos,2025,SUDESTE,31,MG,316850,TEIXEIRAS,7,1.49%,21,4.46%,443,94.06%,28,5.94,471,1,0.21%,10,2.12%,434,92.14%,26,5.52%,11,2.34,471
CRIANÇA,0 a < 5 anos,2025,SUDESTE,31,MG,316860,TEOFILO OTONI,198,4.31%,241,5.25%,4151,90.44%,439,9.56,4590,45,0.98%,117,2.55%,4056,88.37%,372,8.1%,162,3.53,4590
CRIANÇA,0 a < 5 anos,2025,SUDESTE,31,MG,316870,TIMOTEO,128,6.06%,154,7.29%,1830,86.65%,282,13.35,2112,21,0.99%,45,2.13%,1881,89.06%,165,7.81%,66,3.12,2112
CRIANÇA,0 a < 5 anos,2025,SUDESTE,31,MG,316880,TIRADENTES,3,0.86%,13,3.71%,334,95.43%,16,4.57,350,0,-,8,2.29%,326,93.14%,16,4.57%,8,2.29,350
CRIANÇA,0 a < 5 anos,2025,SUDESTE,31,MG,316890,TIROS,6,2.03%,28,9.49%,261,88.47%,34,11.53,295,1,0.34%,5,1.69%,273,92.54%,16,5.42%,6,2.03,295
CRIANÇA,0 a < 5 anos,2025,SUDESTE,31,MG,316900,TOCANTINS,26,4.02%,32,4.95%,589,91.04%,58,8.96,647,10,1.55%,14,2.16%,573,88.56%,50,7.73%,24,3.71,647
CRIANÇA,0 a < 5 anos,2025,SUDESTE,31,MG,316905,TOCOS DO MOJI,3,1.7%,6,3.41%,167,94.89%,9,5.11,176,1,0.57%,4,2.27%,159,90.34%,12,6.82%,5,2.84,176
CRIANÇA,0 a < 5 anos,2025,SUDESTE,31,MG,316910,TOLEDO,20,3.77%,19,3.58%,491,92.64%,39,7.36,530,1,0.19%,8,1.51%,491,92.64%,30,5.66%,9,1.7,530
CRIANÇA,0 a < 5 anos,2025,SUDESTE,31,MG,316920,TOMBOS,25,6.38%,28,7.14%,339,86.48%,53,13.52,392,7,1.79%,17,4.34%,337,85.97%,31,7.91%,24,6.12,392
CRIANÇA,0 a < 5 anos,2025,SUDESTE,31,MG,316930,TRES CORACOES,104,3.99%,157,6.02%,2345,89.98%,261,10.02,2606,35,1.34%,70,2.69%,2331,89.45%,170,6.52%,105,4.03,2606
CRIANÇA,0 a < 5 anos,2025,SUDESTE,31,MG,316935,TRES MARIAS,82,5.33%,123,7.99%,1334,86.68%,205,13.32,1539,7,0.45%,43,2.79%,1361,88.43%,128,8.32%,50,3.25,1539
CRIANÇA,0 a < 5 anos,2025,SUDESTE,31,MG,316940,TRES PONTAS,73,3.73%,127,6.5%,1755,89.77%,200,10.23,1955,11,0.56%,32,1.64%,1766,90.33%,146,7.47%,43,2.2,1955
CRIANÇA,0 a < 5 anos,2025,SUDESTE,31,MG,316950,TUMIRITINGA,12,4.04%,15,5.05%,270,90.91%,27,9.09,297,3,1.01%,6,2.03%,268,90.54%,19,6.42%,9,3.04,296
CRIANÇA,0 a < 5 anos,2025,SUDESTE,31,MG,316960,TUPACIGUARA,25,3.74%,41,6.13%,603,90.13%,66,9.87,669,4,0.6%,16,2.39%,613,91.63%,36,5.38%,20,2.99,669
CRIANÇA,0 a < 5 anos,2025,SUDESTE,31,MG,316970,TURMALINA,21,1.73%,32,2.64%,1158,95.62%,53,4.38,1211,11,0.91%,26,2.15%,1108,91.49%,66,5.45%,37,3.06,1211
CRIANÇA,0 a < 5 anos,2025,SUDESTE,31,MG,316980,TURVOLANDIA,9,2.43%,13,3.5%,349,94.07%,22,5.93,371,1,0.27%,5,1.35%,332,89.49%,33,8.89%,6,1.62,371
CRIANÇA,0 a < 5 anos,2025,SUDESTE,31,MG,316990,UBA,60,1.79%,182,5.44%,3102,92.76%,242,7.24,3344,11,0.33%,56,1.67%,2979,89.08%,298,8.91%,67,2.0,3344
CRIANÇA,0 a < 5 anos,2025,SUDESTE,31,MG,317000,UBAI,22,3.35%,33,5.03%,601,91.62%,55,8.38,656,6,0.91%,14,2.13%,592,90.24%,44,6.71%,20,3.05,656
CRIANÇA,0 a < 5 anos,2025,SUDESTE,31,MG,317005,UBAPORANGA,34,4.52%,46,6.12%,672,89.36%,80,10.64,752,4,0.53%,16,2.13%,682,90.69%,50,6.65%,20,2.66,752
CRIANÇA,0 a < 5 anos,2025,SUDESTE,31,MG,317010,UBERABA,163,1.88%,393,4.53%,8112,93.59%,556,6.41,8668,36,0.42%,175,2.02%,7899,91.13%,558,6.44%,211,2.43,8668
CRIANÇA,0 a < 5 anos,2025,SUDESTE,31,MG,317020,UBERLANDIA,443,1.94%,952,4.17%,21462,93.9%,1395,6.1,22857,547,2.39%,493,2.16%,20648,90.34%,1169,5.11%,1040,4.55,22857
CRIANÇA,0 a < 5 anos,2025,SUDESTE,31,MG,317030,UMBURATIBA,1,0.85%,4,3.42%,112,95.73%,5,4.27,117,1,0.85%,1,0.85%,105,89.74%,10,8.55%,2,1.71,117
CRIANÇA,0 a < 5 anos,2025,SUDESTE,31,MG,317040,UNAI,68,2.71%,132,5.26%,2309,92.03%,200,7.97,2509,23,0.92%,65,2.59%,2221,88.52%,200,7.97%,88,3.51,2509
CRIANÇA,0 a < 5 anos,2025,SUDESTE,31,MG,317043,UNIAO DE MINAS,3,1.78%,8,4.73%,158,93.49%,11,6.51,169,2,1.18%,5,2.96%,145,85.8%,17,10.06%,7,4.14,169
CRIANÇA,0 a < 5 anos,2025,SUDESTE,31,MG,317047,URUANA DE MINAS,5,3.36%,9,6.04%,135,90.6%,14,9.4,149,1,0.67%,2,1.34%,128,85.91%,18,12.08%,3,2.01,149
CRIANÇA,0 a < 5 anos,2025,SUDESTE,31,MG,317050,URUCANIA,19,3.8%,26,5.2%,455,91%,45,9.0,500,1,0.2%,3,0.6%,462,92.4%,34,6.8%,4,0.8,500
CRIANÇA,0 a < 5 anos,2025,SUDESTE,31,MG,317052,URUCUIA,39,6.34%,46,7.48%,530,86.18%,85,13.82,615,4,0.65%,18,2.93%,557,90.57%,36,5.85%,22,3.58,615
CRIANÇA,0 a < 5 anos,2025,SUDESTE,31,MG,317057,VARGEM ALEGRE,10,3.52%,23,8.1%,251,88.38%,33,11.62,284,5,1.76%,12,4.23%,247,86.97%,20,7.04%,17,5.99,284
CRIANÇA,0 a < 5 anos,2025,SUDESTE,31,MG,317060,VARGEM BONITA,7,6.25%,3,2.68%,102,91.07%,10,8.93,112,1,0.89%,3,2.68%,98,87.5%,10,8.93%,4,3.57,112
CRIANÇA,0 a < 5 anos,2025,SUDESTE,31,MG,317065,VARGEM GRANDE DO RIO PARDO,12,3.92%,20,6.54%,274,89.54%,32,10.46,306,6,1.96%,7,2.29%,280,91.5%,13,4.25%,13,4.25,306
CRIANÇA,0 a < 5 anos,2025,SUDESTE,31,MG,317070,VARGINHA,110,2.29%,267,5.55%,4433,92.16%,377,7.84,4810,27,0.56%,99,2.06%,4440,92.31%,244,5.07%,126,2.62,4810
CRIANÇA,0 a < 5 anos,2025,SUDESTE,31,MG,317075,VARJAO DE MINAS,13,3.49%,13,3.49%,346,93.01%,26,6.99,372,0,-,7,1.88%,333,89.52%,32,8.6%,7,1.88,372
CRIANÇA,0 a < 5 anos,2025,SUDESTE,31,MG,317080,VARZEA DA PALMA,47,3.18%,84,5.68%,1347,91.14%,131,8.86,1478,19,1.29%,30,2.03%,1295,87.62%,134,9.07%,49,3.32,1478
CRIANÇA,0 a < 5 anos,2025,SUDESTE,31,MG,317090,VARZELANDIA,61,4.55%,95,7.09%,1184,88.36%,156,11.64,1340,7,0.52%,41,3.06%,1252,93.43%,40,2.99%,48,3.58,1340
CRIANÇA,0 a < 5 anos,2025,SUDESTE,31,MG,317100,VAZANTE,52,6.31%,40,4.85%,732,88.83%,92,11.17,824,10,1.21%,16,1.94%,709,86.04%,89,10.8%,26,3.16,824
CRIANÇA,0 a < 5 anos,2025,SUDESTE,31,MG,317103,VERDELANDIA,16,2.6%,30,4.88%,569,92.52%,46,7.48,615,1,0.16%,3,0.49%,575,93.5%,36,5.85%,4,0.65,615
CRIANÇA,0 a < 5 anos,2025,SUDESTE,31,MG,317107,VEREDINHA,7,2.88%,14,5.76%,222,91.36%,21,8.64,243,2,0.82%,3,1.23%,226,93%,12,4.94%,5,2.06,243
CRIANÇA,0 a < 5 anos,2025,SUDESTE,31,MG,317110,VERISSIMO,7,5.74%,12,9.84%,103,84.43%,19,15.57,122,0,-,0,-,112,91.8%,10,8.2%,0,0.0,122
CRIANÇA,0 a < 5 anos,2025,SUDESTE,31,MG,317115,VERMELHO NOVO,8,3.9%,9,4.39%,188,91.71%,17,8.29,205,0,-,5,2.44%,180,87.8%,20,9.76%,5,2.44,205
CRIANÇA,0 a < 5 anos,2025,SUDESTE,31,MG,317120,VESPASIANO,115,4.08%,186,6.61%,2515,89.31%,301,10.69,2816,36,1.28%,63,2.24%,2546,90.41%,171,6.07%,99,3.52,2816
CRIANÇA,0 a < 5 anos,2025,SUDESTE,31,MG,317130,VICOSA,130,6.1%,117,5.49%,1884,88.41%,247,11.59,2131,14,0.66%,53,2.49%,1955,91.74%,109,5.11%,67,3.14,2131
CRIANÇA,0 a < 5 anos,2025,SUDESTE,31,MG,317140,VIEIRAS,15,7.01%,11,5.14%,188,87.85%,26,12.15,214,2,0.93%,4,1.87%,194,90.65%,14,6.54%,6,2.8,214
CRIANÇA,0 a < 5 anos,2025,SUDESTE,31,MG,317150,MATHIAS LOBATO,6,2.65%,12,5.31%,208,92.04%,18,7.96,226,0,-,2,0.88%,203,89.82%,21,9.29%,2,0.88,226
CRIANÇA,0 a < 5 anos,2025,SUDESTE,31,MG,317160,VIRGEM DA LAPA,6,1.19%,30,5.95%,468,92.86%,36,7.14,504,2,0.4%,7,1.39%,450,89.29%,45,8.93%,9,1.79,504
CRIANÇA,0 a < 5 anos,2025,SUDESTE,31,MG,317170,VIRGINIA,12,3.13%,18,4.7%,353,92.17%,30,7.83,383,4,1.04%,10,2.61%,345,90.08%,24,6.27%,14,3.66,383
CRIANÇA,0 a < 5 anos,2025,SUDESTE,31,MG,317180,VIRGINOPOLIS,5,1.02%,16,3.26%,470,95.72%,21,4.28,491,1,0.2%,1,0.2%,463,94.3%,26,5.3%,2,0.41,491
CRIANÇA,0 a < 5 anos,2025,SUDESTE,31,MG,317190,VIRGOLANDIA,4,1.75%,15,6.58%,209,91.67%,19,8.33,228,1,0.44%,3,1.32%,200,87.72%,24,10.53%,4,1.75,228
CRIANÇA,0 a < 5 anos,2025,SUDESTE,31,MG,317200,VISCONDE DO RIO BRANCO,65,4.51%,134,9.29%,1243,86.2%,199,13.8,1442,27,1.87%,48,3.33%,1279,88.7%,88,6.1%,75,5.2,1442
CRIANÇA,0 a < 5 anos,2025,SUDESTE,31,MG,317210,VOLTA GRANDE,5,2.37%,9,4.27%,197,93.36%,14,6.64,211,1,0.47%,2,0.95%,182,86.26%,26,12.32%,3,1.42,211
CRIANÇA,0 a < 5 anos,2025,SUDESTE,31,MG,317220,WENCESLAU BRAZ,1,0.87%,6,5.22%,108,93.91%,7,6.09,115,0,-,2,1.74%,106,92.17%,7,6.09%,2,1.74,115
CRIANÇA,0 a < 5 anos,2025,SUDESTE,32,ES,320010,AFONSO CLAUDIO,47,4.85%,50,5.15%,873,90%,97,10.0,970,11,1.13%,25,2.58%,852,87.84%,82,8.45%,36,3.71,970
CRIANÇA,0 a < 5 anos,2025,SUDESTE,32,ES,320013,AGUIA BRANCA,24,5.7%,37,8.79%,360,85.51%,61,14.49,421,3,0.71%,11,2.61%,371,88.12%,36,8.55%,14,3.33,421
CRIANÇA,0 a < 5 anos,2025,SUDESTE,32,ES,320016,AGUA DOCE DO NORTE,23,3.73%,28,4.54%,566,91.73%,51,8.27,617,9,1.46%,12,1.94%,533,86.39%,63,10.21%,21,3.4,617
CRIANÇA,0 a < 5 anos,2025,SUDESTE,32,ES,320020,ALEGRE,56,4.46%,70,5.57%,1131,89.98%,126,10.02,1257,6,0.48%,27,2.15%,1116,88.78%,108,8.59%,33,2.63,1257
CRIANÇA,0 a < 5 anos,2025,SUDESTE,32,ES,320030,ALFREDO CHAVES,10,1.34%,29,3.9%,705,94.76%,39,5.24,744,1,0.13%,14,1.88%,676,90.86%,53,7.12%,15,2.02,744
CRIANÇA,0 a < 5 anos,2025,SUDESTE,32,ES,320035,ALTO RIO NOVO,10,4.2%,19,7.98%,209,87.82%,29,12.18,238,0,-,5,2.1%,204,85.71%,29,12.18%,5,2.1,238
CRIANÇA,0 a < 5 anos,2025,SUDESTE,32,ES,320040,ANCHIETA,28,2.91%,41,4.26%,893,92.83%,69,7.17,962,3,0.31%,15,1.56%,866,90.02%,78,8.11%,18,1.87,962
CRIANÇA,0 a < 5 anos,2025,SUDESTE,32,ES,320050,APIACA,23,8.46%,27,9.93%,222,81.62%,50,18.38,272,4,1.47%,8,2.94%,222,81.62%,38,13.97%,12,4.41,272
CRIANÇA,0 a < 5 anos,2025,SUDESTE,32,ES,320060,ARACRUZ,110,2.25%,224,4.58%,4554,93.17%,334,6.83,4888,32,0.65%,63,1.29%,4415,90.34%,377,7.71%,95,1.94,4887
CRIANÇA,0 a < 5 anos,2025,SUDESTE,32,ES,320070,ATILIO VIVACQUA,9,1.58%,33,5.79%,528,92.63%,42,7.37,570,6,1.05%,10,1.75%,487,85.44%,67,11.75%,16,2.81,570
CRIANÇA,0 a < 5 anos,2025,SUDESTE,32,ES,320080,BAIXO GUANDU,43,4.57%,73,7.76%,825,87.67%,116,12.33,941,12,1.28%,20,2.13%,845,89.8%,64,6.8%,32,3.4,941
CRIANÇA,0 a < 5 anos,2025,SUDESTE,32,ES,320090,BARRA DE SAO FRANCISCO,63,5.35%,64,5.43%,1051,89.22%,127,10.78,1178,5,0.42%,19,1.61%,1059,89.9%,95,8.06%,24,2.04,1178
CRIANÇA,0 a < 5 anos,2025,SUDESTE,32,ES,320100,BOA ESPERANCA,15,1.69%,30,3.38%,842,94.93%,45,5.07,887,4,0.45%,10,1.13%,814,91.77%,59,6.65%,14,1.58,887
CRIANÇA,0 a < 5 anos,2025,SUDESTE,32,ES,320110,BOM JESUS DO NORTE,21,6.65%,27,8.54%,268,84.81%,48,15.19,316,4,1.27%,7,2.22%,282,89.24%,23,7.28%,11,3.48,316
CRIANÇA,0 a < 5 anos,2025,SUDESTE,32,ES,320115,BREJETUBA,5,0.92%,19,3.49%,520,95.59%,24,4.41,544,1,0.18%,11,2.02%,495,90.99%,37,6.8%,12,2.21,544
CRIANÇA,0 a < 5 anos,2025,SUDESTE,32,ES,320120,CACHOEIRO DE ITAPEMIRIM,240,3.7%,315,4.86%,5927,91.44%,555,8.56,6482,45,0.69%,119,1.84%,5767,88.97%,551,8.5%,164,2.53,6482
CRIANÇA,0 a < 5 anos,2025,SUDESTE,32,ES,320130,CARIACICA,335,2.07%,842,5.2%,15017,92.73%,1177,7.27,16194,107,0.66%,282,1.74%,14567,89.95%,1238,7.64%,389,2.4,16194
CRIANÇA,0 a < 5 anos,2025,SUDESTE,32,ES,320140,CASTELO,12,1.67%,26,3.61%,682,94.72%,38,5.28,720,3,0.42%,8,1.11%,654,90.83%,55,7.64%,11,1.53,720
CRIANÇA,0 a < 5 anos,2025,SUDESTE,32,ES,320150,COLATINA,109,3.01%,192,5.31%,3315,91.68%,301,8.32,3616,14,0.39%,64,1.77%,3249,89.85%,289,7.99%,78,2.16,3616
CRIANÇA,0 a < 5 anos,2025,SUDESTE,32,ES,320160,CONCEICAO DA BARRA,36,2.49%,73,5.06%,1334,92.45%,109,7.55,1443,10,0.69%,20,1.39%,1296,89.81%,117,8.11%,30,2.08,1443
CRIANÇA,0 a < 5 anos,2025,SUDESTE,32,ES,320170,CONCEICAO DO CASTELO,22,3.75%,31,5.29%,533,90.96%,53,9.04,586,2,0.34%,5,0.85%,544,92.83%,35,5.97%,7,1.19,586
CRIANÇA,0 a < 5 anos,2025,SUDESTE,32,ES,320180,DIVINO DE SAO LOURENCO,3,2.27%,5,3.79%,124,93.94%,8,6.06,132,0,-,2,1.52%,114,86.36%,16,12.12%,2,1.52,132
CRIANÇA,0 a < 5 anos,2025,SUDESTE,32,ES,320190,DOMINGOS MARTINS,23,1.21%,71,3.73%,1808,95.06%,94,4.94,1902,8,0.42%,25,1.31%,1755,92.27%,114,5.99%,33,1.74,1902
CRIANÇA,0 a < 5 anos,2025,SUDESTE,32,ES,320200,DORES DO RIO PRETO,7,2.49%,19,6.76%,255,90.75%,26,9.25,281,1,0.36%,4,1.42%,253,90.04%,23,8.19%,5,1.78,281
CRIANÇA,0 a < 5 anos,2025,SUDESTE,32,ES,320210,ECOPORANGA,55,10.07%,33,6.04%,458,83.88%,88,16.12,546,16,2.93%,21,3.85%,465,85.16%,44,8.06%,37,6.78,546
CRIANÇA,0 a < 5 anos,2025,SUDESTE,32,ES,320220,FUNDAO,11,1.19%,38,4.1%,877,94.71%,49,5.29,926,3,0.32%,22,2.38%,820,88.55%,81,8.75%,25,2.7,926
CRIANÇA,0 a < 5 anos,2025,SUDESTE,32,ES,320225,GOVERNADOR LINDENBERG,12,1.73%,22,3.17%,661,95.11%,34,4.89,695,2,0.29%,9,1.29%,634,91.22%,50,7.19%,11,1.58,695
CRIANÇA,0 a < 5 anos,2025,SUDESTE,32,ES,320230,GUACUI,75,8.07%,109,11.73%,745,80.19%,184,19.81,929,5,0.54%,13,1.4%,847,91.17%,64,6.89%,18,1.94,929
CRIANÇA,0 a < 5 anos,2025,SUDESTE,32,ES,320240,GUARAPARI,70,3.5%,115,5.76%,1813,90.74%,185,9.26,1998,26,1.3%,43,2.15%,1769,88.54%,160,8.01%,69,3.45,1998
CRIANÇA,0 a < 5 anos,2025,SUDESTE,32,ES,320245,IBATIBA,10,1.34%,38,5.09%,699,93.57%,48,6.43,747,6,0.8%,8,1.07%,683,91.43%,50,6.69%,14,1.87,747
CRIANÇA,0 a < 5 anos,2025,SUDESTE,32,ES,320250,IBIRACU,31,7.83%,38,9.6%,327,82.58%,69,17.42,396,3,0.76%,10,2.53%,339,85.61%,44,11.11%,13,3.28,396
CRIANÇA,0 a < 5 anos,2025,SUDESTE,32,ES,320255,IBITIRAMA,30,5.15%,27,4.63%,526,90.22%,57,9.78,583,6,1.03%,12,2.06%,526,90.22%,39,6.69%,18,3.09,583
CRIANÇA,0 a < 5 anos,2025,SUDESTE,32,ES,320260,ICONHA,8,3.56%,16,7.11%,201,89.33%,24,10.67,225,2,0.89%,1,0.44%,198,88%,24,10.67%,3,1.33,225
CRIANÇA,0 a < 5 anos,2025,SUDESTE,32,ES,320265,IRUPI,16,2.79%,18,3.14%,540,94.08%,34,5.92,574,8,1.39%,12,2.09%,488,85.02%,66,11.5%,20,3.48,574
CRIANÇA,0 a < 5 anos,2025,SUDESTE,32,ES,320270,ITAGUACU,23,4.49%,29,5.66%,460,89.84%,52,10.16,512,6,1.17%,20,3.91%,452,88.28%,34,6.64%,26,5.08,512
CRIANÇA,0 a < 5 anos,2025,SUDESTE,32,ES,320280,ITAPEMIRIM,37,2.46%,65,4.31%,1405,93.23%,102,6.77,1507,5,0.33%,16,1.06%,1313,87.13%,173,11.48%,21,1.39,1507
CRIANÇA,0 a < 5 anos,2025,SUDESTE,32,ES,320290,ITARANA,4,1.48%,17,6.27%,250,92.25%,21,7.75,271,4,1.48%,5,1.85%,248,91.51%,14,5.17%,9,3.32,271
CRIANÇA,0 a < 5 anos,2025,SUDESTE,32,ES,320300,IUNA,34,3.76%,67,7.41%,803,88.83%,101,11.17,904,3,0.33%,20,2.21%,819,90.6%,62,6.86%,23,2.54,904
CRIANÇA,0 a < 5 anos,2025,SUDESTE,32,ES,320305,JAGUARE,26,2.12%,66,5.38%,1135,92.5%,92,7.5,1227,6,0.49%,19,1.55%,1109,90.38%,93,7.58%,25,2.04,1227
CRIANÇA,0 a < 5 anos,2025,SUDESTE,32,ES,320310,JERONIMO MONTEIRO,16,2.83%,22,3.89%,528,93.29%,38,6.71,566,1,0.18%,9,1.59%,501,88.52%,55,9.72%,10,1.77,566
CRIANÇA,0 a < 5 anos,2025,SUDESTE,32,ES,320313,JOAO NEIVA,16,4.57%,11,3.14%,323,92.29%,27,7.71,350,4,1.14%,12,3.43%,309,88.29%,25,7.14%,16,4.57,350
CRIANÇA,0 a < 5 anos,2025,SUDESTE,32,ES,320316,LARANJA DA TERRA,15,3.95%,13,3.42%,352,92.63%,28,7.37,380,1,0.26%,8,2.11%,326,85.79%,45,11.84%,9,2.37,380
CRIANÇA,0 a < 5 anos,2025,SUDESTE,32,ES,320320,LINHARES,204,4.81%,274,6.46%,3762,88.73%,478,11.27,4240,37,0.87%,101,2.38%,3768,88.87%,334,7.88%,138,3.25,4240
CRIANÇA,0 a < 5 anos,2025,SUDESTE,32,ES,320330,MANTENOPOLIS,10,1.76%,14,2.47%,543,95.77%,24,4.23,567,2,0.35%,7,1.23%,508,89.59%,50,8.82%,9,1.59,567
CRIANÇA,0 a < 5 anos,2025,SUDESTE,32,ES,320332,MARATAIZES,73,3.15%,111,4.79%,2132,92.06%,184,7.94,2316,11,0.47%,28,1.21%,2038,88%,239,10.32%,39,1.68,2316
CRIANÇA,0 a < 5 anos,2025,SUDESTE,32,ES,320334,MARECHAL FLORIANO,7,0.75%,50,5.39%,871,93.86%,57,6.14,928,3,0.32%,12,1.29%,858,92.46%,55,5.93%,15,1.62,928
CRIANÇA,0 a < 5 anos,2025,SUDESTE,32,ES,320335,MARILANDIA,7,1.13%,28,4.53%,583,94.34%,35,5.66,618,1,0.16%,11,1.78%,576,93.2%,30,4.85%,12,1.94,618
CRIANÇA,0 a < 5 anos,2025,SUDESTE,32,ES,320340,MIMOSO DO SUL,37,5.77%,47,7.33%,557,86.9%,84,13.1,641,3,0.47%,16,2.5%,541,84.4%,81,12.64%,19,2.96,641
CRIANÇA,0 a < 5 anos,2025,SUDESTE,32,ES,320350,MONTANHA,32,3.3%,52,5.36%,886,91.34%,84,8.66,970,6,0.62%,12,1.24%,880,90.72%,72,7.42%,18,1.86,970
CRIANÇA,0 a < 5 anos,2025,SUDESTE,32,ES,320360,MUCURICI,9,2.69%,15,4.49%,310,92.81%,24,7.19,334,0,-,10,2.99%,293,87.72%,31,9.28%,10,2.99,334
CRIANÇA,0 a < 5 anos,2025,SUDESTE,32,ES,320370,MUNIZ FREIRE,46,6.24%,54,7.33%,637,86.43%,100,13.57,737,8,1.09%,15,2.04%,673,91.32%,41,5.56%,23,3.12,737
CRIANÇA,0 a < 5 anos,2025,SUDESTE,32,ES,320380,MUQUI,10,1.55%,22,3.42%,612,95.03%,32,4.97,644,1,0.16%,6,0.93%,569,88.35%,68,10.56%,7,1.09,644
CRIANÇA,0 a < 5 anos,2025,SUDESTE,32,ES,320390,NOVA VENECIA,42,2.84%,61,4.12%,1376,93.04%,103,6.96,1479,10,0.68%,21,1.42%,1307,88.37%,141,9.53%,31,2.1,1479
CRIANÇA,0 a < 5 anos,2025,SUDESTE,32,ES,320400,PANCAS,30,2.89%,46,4.44%,961,92.67%,76,7.33,1037,8,0.77%,18,1.74%,916,88.33%,95,9.16%,26,2.51,1037
CRIANÇA,0 a < 5 anos,2025,SUDESTE,32,ES,320405,PEDRO CANARIO,71,7.24%,88,8.98%,821,83.78%,159,16.22,980,8,0.82%,22,2.24%,878,89.59%,72,7.35%,30,3.06,980
CRIANÇA,0 a < 5 anos,2025,SUDESTE,32,ES,320410,PINHEIROS,53,6.49%,51,6.24%,713,87.27%,104,12.73,817,9,1.1%,20,2.45%,739,90.45%,49,6%,29,3.55,817
CRIANÇA,0 a < 5 anos,2025,SUDESTE,32,ES,320420,PIUMA,45,7.33%,43,7%,526,85.67%,88,14.33,614,2,0.33%,10,1.63%,509,82.9%,93,15.15%,12,1.95,614
CRIANÇA,0 a < 5 anos,2025,SUDESTE,32,ES,320425,PONTO BELO,10,2.7%,11,2.96%,350,94.34%,21,5.66,371,1,0.27%,5,1.35%,330,88.95%,35,9.43%,6,1.62,371
CRIANÇA,0 a < 5 anos,2025,SUDESTE,32,ES,320430,PRESIDENTE KENNEDY,25,3.14%,41,5.16%,729,91.7%,66,8.3,795,3,0.38%,10,1.26%,696,87.55%,86,10.82%,13,1.64,795
CRIANÇA,0 a < 5 anos,2025,SUDESTE,32,ES,320435,RIO BANANAL,25,1.61%,53,3.4%,1479,94.99%,78,5.01,1557,6,0.39%,26,1.67%,1414,90.82%,111,7.13%,32,2.06,1557
CRIANÇA,0 a < 5 anos,2025,SUDESTE,32,ES,320440,RIO NOVO DO SUL,6,1.22%,15,3.06%,469,95.71%,21,4.29,490,1,0.2%,6,1.22%,436,88.98%,47,9.59%,7,1.43,490
CRIANÇA,0 a < 5 anos,2025,SUDESTE,32,ES,320450,SANTA LEOPOLDINA,13,4.21%,12,3.88%,284,91.91%,25,8.09,309,3,0.97%,8,2.59%,272,88.03%,26,8.41%,11,3.56,309
CRIANÇA,0 a < 5 anos,2025,SUDESTE,32,ES,320455,SANTA MARIA DE JETIBA,30,2.13%,54,3.83%,1326,94.04%,84,5.96,1410,10,0.71%,21,1.49%,1315,93.26%,64,4.54%,31,2.2,1410
CRIANÇA,0 a < 5 anos,2025,SUDESTE,32,ES,320460,SANTA TERESA,19,4.39%,21,4.85%,393,90.76%,40,9.24,433,1,0.23%,3,0.69%,388,89.61%,41,9.47%,4,0.92,433
CRIANÇA,0 a < 5 anos,2025,SUDESTE,32,ES,320465,SAO DOMINGOS DO NORTE,0,-,14,5.81%,227,94.19%,14,5.81,241,0,-,4,1.66%,223,92.53%,14,5.81%,4,1.66,241
CRIANÇA,0 a < 5 anos,2025,SUDESTE,32,ES,320470,SAO GABRIEL DA PALHA,45,5.84%,36,4.68%,689,89.48%,81,10.52,770,5,0.65%,19,2.47%,685,88.96%,61,7.92%,24,3.12,770
CRIANÇA,0 a < 5 anos,2025,SUDESTE,32,ES,320480,SAO JOSE DO CALCADO,29,13.06%,18,8.11%,175,78.83%,47,21.17,222,0,-,9,4.05%,183,82.43%,30,13.51%,9,4.05,222
CRIANÇA,0 a < 5 anos,2025,SUDESTE,32,ES,320490,SAO MATEUS,168,3.32%,333,6.59%,4555,90.09%,501,9.91,5056,41,0.81%,100,1.98%,4535,89.7%,380,7.52%,141,2.79,5056
CRIANÇA,0 a < 5 anos,2025,SUDESTE,32,ES,320495,SAO ROQUE DO CANAA,12,3.17%,20,5.29%,346,91.53%,32,8.47,378,0,-,7,1.85%,327,86.51%,44,11.64%,7,1.85,378
CRIANÇA,0 a < 5 anos,2025,SUDESTE,32,ES,320500,SERRA,318,1.38%,910,3.95%,21821,94.67%,1228,5.33,23049,103,0.45%,347,1.51%,20803,90.25%,1798,7.8%,450,1.95,23051
CRIANÇA,0 a < 5 anos,2025,SUDESTE,32,ES,320501,SOORETAMA,41,4.29%,47,4.92%,867,90.79%,88,9.21,955,5,0.52%,15,1.57%,872,91.31%,63,6.6%,20,2.09,955
CRIANÇA,0 a < 5 anos,2025,SUDESTE,32,ES,320503,VARGEM ALTA,34,5.02%,31,4.58%,612,90.4%,65,9.6,677,4,0.59%,12,1.77%,599,88.48%,62,9.16%,16,2.36,677
CRIANÇA,0 a < 5 anos,2025,SUDESTE,32,ES,320506,VENDA NOVA DO IMIGRANTE,13,1.68%,44,5.68%,718,92.65%,57,7.35,775,4,0.52%,12,1.55%,709,91.48%,50,6.45%,16,2.06,775
CRIANÇA,0 a < 5 anos,2025,SUDESTE,32,ES,320510,VIANA,88,5.35%,110,6.69%,1447,87.96%,198,12.04,1645,14,0.85%,45,2.74%,1422,86.44%,164,9.97%,59,3.59,1645
CRIANÇA,0 a < 5 anos,2025,SUDESTE,32,ES,320515,VILA PAVAO,13,2.79%,23,4.94%,430,92.27%,36,7.73,466,0,-,17,3.65%,407,87.34%,42,9.01%,17,3.65,466
CRIANÇA,0 a < 5 anos,2025,SUDESTE,32,ES,320517,VILA VALERIO,14,3.26%,29,6.74%,387,90%,43,10.0,430,1,0.23%,4,0.93%,391,90.93%,34,7.91%,5,1.16,430
CRIANÇA,0 a < 5 anos,2025,SUDESTE,32,ES,320520,VILA VELHA,310,2.37%,638,4.88%,12139,92.76%,948,7.24,13087,101,0.77%,217,1.66%,11782,90.02%,988,7.55%,318,2.43,13088
CRIANÇA,0 a < 5 anos,2025,SUDESTE,32,ES,320530,VITORIA,1718,13.67%,1338,10.65%,9511,75.68%,3056,24.32,12567,379,3.02%,450,3.58%,11038,87.81%,703,5.59%,829,6.6,12570
CRIANÇA,0 a < 5 anos,2025,SUDESTE,33,RJ,330010,ANGRA DOS REIS,209,3.69%,360,6.35%,5098,89.96%,569,10.04,5667,37,0.65%,102,1.8%,5052,89.15%,476,8.4%,139,2.45,5667
CRIANÇA,0 a < 5 anos,2025,SUDESTE,33,RJ,330015,APERIBE,18,7.83%,18,7.83%,194,84.35%,36,15.65,230,0,-,4,1.74%,201,87.39%,25,10.87%,4,1.74,230
CRIANÇA,0 a < 5 anos,2025,SUDESTE,33,RJ,330020,ARARUAMA,135,3.18%,261,6.15%,3850,90.67%,396,9.33,4246,34,0.8%,76,1.79%,3797,89.43%,339,7.98%,110,2.59,4246
CRIANÇA,0 a < 5 anos,2025,SUDESTE,33,RJ,330022,AREAL,8,2.45%,22,6.73%,297,90.83%,30,9.17,327,2,0.61%,7,2.14%,298,91.13%,20,6.12%,9,2.75,327
CRIANÇA,0 a < 5 anos,2025,SUDESTE,33,RJ,330023,ARMACAO DOS BUZIOS,43,2.72%,87,5.51%,1450,91.77%,130,8.23,1580,8,0.51%,28,1.77%,1436,90.89%,108,6.84%,36,2.28,1580
CRIANÇA,0 a < 5 anos,2025,SUDESTE,33,RJ,330025,ARRAIAL DO CABO,36,3.68%,71,7.26%,871,89.06%,107,10.94,978,11,1.12%,19,1.94%,873,89.26%,75,7.67%,30,3.07,978
CRIANÇA,0 a < 5 anos,2025,SUDESTE,33,RJ,330030,BARRA DO PIRAI,110,5.29%,151,7.27%,1817,87.44%,261,12.56,2078,22,1.06%,49,2.36%,1860,89.51%,147,7.07%,71,3.42,2078
CRIANÇA,0 a < 5 anos,2025,SUDESTE,33,RJ,330040,BARRA MANSA,526,8.42%,500,8.01%,5220,83.57%,1026,16.43,6246,126,2.02%,236,3.78%,5408,86.58%,476,7.62%,362,5.8,6246
CRIANÇA,0 a < 5 anos,2025,SUDESTE,33,RJ,330045,BELFORD ROXO,1653,10.59%,1302,8.34%,12656,81.07%,2955,18.93,15611,474,3.04%,781,5%,12841,82.24%,1518,9.72%,1255,8.04,15614
CRIANÇA,0 a < 5 anos,2025,SUDESTE,33,RJ,330050,BOM JARDIM,50,6.12%,75,9.18%,692,84.7%,125,15.3,817,8,0.98%,28,3.43%,732,89.6%,49,6%,36,4.41,817
CRIANÇA,0 a < 5 anos,2025,SUDESTE,33,RJ,330060,BOM JESUS DO ITABAPOANA,64,6.04%,77,7.26%,919,86.7%,141,13.3,1060,15,1.42%,38,3.58%,917,86.51%,90,8.49%,53,5.0,1060
CRIANÇA,0 a < 5 anos,2025,SUDESTE,33,RJ,330070,CABO FRIO,241,3.61%,426,6.38%,6011,90.01%,667,9.99,6678,75,1.12%,115,1.72%,6023,90.19%,465,6.96%,190,2.85,6678
CRIANÇA,0 a < 5 anos,2025,SUDESTE,33,RJ,330080,CACHOEIRAS DE MACACU,51,2.49%,90,4.39%,1909,93.12%,141,6.88,2050,19,0.93%,56,2.73%,1820,88.74%,156,7.61%,75,3.66,2051
CRIANÇA,0 a < 5 anos,2025,SUDESTE,33,RJ,330090,CAMBUCI,13,4.64%,14,5%,253,90.36%,27,9.64,280,0,-,2,0.71%,251,89.64%,27,9.64%,2,0.71,280
CRIANÇA,0 a < 5 anos,2025,SUDESTE,33,RJ,330093,CARAPEBUS,22,3.77%,32,5.49%,529,90.74%,54,9.26,583,6,1.03%,8,1.37%,499,85.59%,70,12.01%,14,2.4,583
CRIANÇA,0 a < 5 anos,2025,SUDESTE,33,RJ,330095,COMENDADOR LEVY GASPARIAN,30,11.07%,27,9.96%,214,78.97%,57,21.03,271,2,0.74%,10,3.69%,232,85.61%,27,9.96%,12,4.43,271
CRIANÇA,0 a < 5 anos,2025,SUDESTE,33,RJ,330100,CAMPOS DOS GOYTACAZES,441,3.58%,956,7.76%,10921,88.66%,1397,11.34,12318,78,0.63%,287,2.33%,10932,88.75%,1021,8.29%,365,2.96,12318
CRIANÇA,0 a < 5 anos,2025,SUDESTE,33,RJ,330110,CANTAGALO,46,6.01%,53,6.92%,667,87.08%,99,12.92,766,8,1.04%,25,3.26%,670,87.47%,63,8.22%,33,4.31,766
CRIANÇA,0 a < 5 anos,2025,SUDESTE,33,RJ,330115,CARDOSO MOREIRA,11,1.59%,31,4.49%,648,93.91%,42,6.09,690,5,0.72%,9,1.3%,617,89.42%,59,8.55%,14,2.03,690
CRIANÇA,0 a < 5 anos,2025,SUDESTE,33,RJ,330120,CARMO,8,1.61%,25,5.04%,463,93.35%,33,6.65,496,3,0.6%,13,2.62%,453,91.33%,27,5.44%,16,3.23,496
CRIANÇA,0 a < 5 anos,2025,SUDESTE,33,RJ,330130,CASIMIRO DE ABREU,26,4.08%,42,6.58%,570,89.34%,68,10.66,638,5,0.78%,8,1.25%,563,88.24%,62,9.72%,13,2.04,638
CRIANÇA,0 a < 5 anos,2025,SUDESTE,33,RJ,330140,CONCEICAO DE MACABU,23,4.21%,31,5.68%,492,90.11%,54,9.89,546,2,0.37%,18,3.3%,487,89.19%,39,7.14%,20,3.66,546
CRIANÇA,0 a < 5 anos,2025,SUDESTE,33,RJ,330150,CORDEIRO,22,4.02%,39,7.13%,486,88.85%,61,11.15,547,3,0.55%,4,0.73%,499,91.22%,41,7.5%,7,1.28,547
CRIANÇA,0 a < 5 anos,2025,SUDESTE,33,RJ,330160,DUAS BARRAS,7,1.86%,16,4.24%,354,93.9%,23,6.1,377,1,0.27%,6,1.59%,342,90.72%,28,7.43%,7,1.86,377
CRIANÇA,0 a < 5 anos,2025,SUDESTE,33,RJ,330170,DUQUE DE CAXIAS,885,4.84%,1432,7.84%,15957,87.32%,2317,12.68,18274,150,0.82%,366,2%,16372,89.57%,1390,7.6%,516,2.82,18278
CRIANÇA,0 a < 5 anos,2025,SUDESTE,33,RJ,330180,ENGENHEIRO PAULO DE FRONTIN,45,10.07%,34,7.61%,368,82.33%,79,17.67,447,21,4.7%,15,3.36%,381,85.23%,30,6.71%,36,8.05,447
CRIANÇA,0 a < 5 anos,2025,SUDESTE,33,RJ,330185,GUAPIMIRIM,91,5.59%,114,7%,1423,87.41%,205,12.59,1628,19,1.17%,45,2.76%,1459,89.62%,105,6.45%,64,3.93,1628
CRIANÇA,0 a < 5 anos,2025,SUDESTE,33,RJ,330187,IGUABA GRANDE,85,6.71%,101,7.98%,1080,85.31%,186,14.69,1266,12,0.95%,34,2.69%,1148,90.68%,72,5.69%,46,3.63,1266
CRIANÇA,0 a < 5 anos,2025,SUDESTE,33,RJ,330190,ITABORAI,389,4.63%,650,7.74%,7354,87.62%,1039,12.38,8393,77,0.92%,188,2.24%,7491,89.25%,637,7.59%,265,3.16,8393
CRIANÇA,0 a < 5 anos,2025,SUDESTE,33,RJ,330200,ITAGUAI,181,3.12%,417,7.18%,5209,89.7%,598,10.3,5807,40,0.69%,94,1.62%,5265,90.67%,408,7.03%,134,2.31,5807
CRIANÇA,0 a < 5 anos,2025,SUDESTE,33,RJ,330205,ITALVA,29,12.18%,30,12.61%,179,75.21%,59,24.79,238,3,1.26%,8,3.36%,215,90.34%,12,5.04%,11,4.62,238
CRIANÇA,0 a < 5 anos,2025,SUDESTE,33,RJ,330210,ITAOCARA,10,1.65%,19,3.14%,576,95.21%,29,4.79,605,4,0.66%,9,1.49%,530,87.6%,62,10.25%,13,2.15,605
CRIANÇA,0 a < 5 anos,2025,SUDESTE,33,RJ,330220,ITAPERUNA,320,8.31%,258,6.7%,3271,84.98%,578,15.02,3849,67,1.74%,113,2.94%,3140,81.58%,529,13.74%,180,4.68,3849
CRIANÇA,0 a < 5 anos,2025,SUDESTE,33,RJ,330225,ITATIAIA,56,6.97%,100,12.45%,647,80.57%,156,19.43,803,9,1.12%,36,4.48%,705,87.69%,54,6.72%,45,5.6,804
CRIANÇA,0 a < 5 anos,2025,SUDESTE,33,RJ,330227,JAPERI,153,3.96%,312,8.08%,3395,87.95%,465,12.05,3860,33,0.85%,79,2.05%,3416,88.5%,332,8.6%,112,2.9,3860
CRIANÇA,0 a < 5 anos,2025,SUDESTE,33,RJ,330230,LAJE DO MURIAE,18,11.61%,17,10.97%,120,77.42%,35,22.58,155,2,1.29%,3,1.94%,136,87.74%,14,9.03%,5,3.23,155
CRIANÇA,0 a < 5 anos,2025,SUDESTE,33,RJ,330240,MACAE,205,3.19%,357,5.56%,5856,91.24%,562,8.76,6418,50,0.78%,116,1.81%,5780,90.05%,473,7.37%,166,2.59,6419
CRIANÇA,0 a < 5 anos,2025,SUDESTE,33,RJ,330245,MACUCO,27,9.09%,22,7.41%,248,83.5%,49,16.5,297,6,2.02%,7,2.36%,253,85.19%,31,10.44%,13,4.38,297
CRIANÇA,0 a < 5 anos,2025,SUDESTE,33,RJ,330250,MAGE,595,6.23%,761,7.97%,8191,85.8%,1356,14.2,9547,148,1.55%,262,2.74%,8274,86.66%,864,9.05%,410,4.29,9548
CRIANÇA,0 a < 5 anos,2025,SUDESTE,33,RJ,330260,MANGARATIBA,82,5.67%,96,6.63%,1269,87.7%,178,12.3,1447,14,0.97%,25,1.73%,1257,86.87%,151,10.44%,39,2.7,1447
CRIANÇA,0 a < 5 anos,2025,SUDESTE,33,RJ,330270,MARICA,844,10.96%,571,7.42%,6283,81.62%,1415,18.38,7698,267,3.47%,246,3.2%,6666,86.59%,519,6.74%,513,6.66,7698
CRIANÇA,0 a < 5 anos,2025,SUDESTE,33,RJ,330280,MENDES,18,3.06%,39,6.62%,532,90.32%,57,9.68,589,6,1.02%,15,2.55%,530,89.98%,38,6.45%,21,3.57,589
CRIANÇA,0 a < 5 anos,2025,SUDESTE,33,RJ,330285,MESQUITA,250,4.1%,459,7.53%,5390,88.38%,709,11.62,6099,31,0.51%,129,2.12%,5507,90.29%,432,7.08%,160,2.62,6099
CRIANÇA,0 a < 5 anos,2025,SUDESTE,33,RJ,330290,MIGUEL PEREIRA,30,2.6%,72,6.24%,1052,91.16%,102,8.84,1154,5,0.43%,15,1.3%,1059,91.77%,75,6.5%,20,1.73,1154
CRIANÇA,0 a < 5 anos,2025,SUDESTE,33,RJ,330300,MIRACEMA,48,6.33%,47,6.2%,663,87.47%,95,12.53,758,4,0.53%,15,1.98%,660,87.07%,79,10.42%,19,2.51,758
CRIANÇA,0 a < 5 anos,2025,SUDESTE,33,RJ,330310,NATIVIDADE,30,5.76%,39,7.49%,452,86.76%,69,13.24,521,4,0.77%,5,0.96%,474,90.98%,38,7.29%,9,1.73,521
CRIANÇA,0 a < 5 anos,2025,SUDESTE,33,RJ,330320,NILOPOLIS,230,8.73%,260,9.87%,2145,81.4%,490,18.6,2635,36,1.37%,79,3%,2337,88.69%,183,6.94%,115,4.36,2635
CRIANÇA,0 a < 5 anos,2025,SUDESTE,33,RJ,330330,NITEROI,329,2.85%,659,5.71%,10549,91.44%,988,8.56,11537,68,0.59%,198,1.72%,10431,90.41%,840,7.28%,266,2.31,11537
CRIANÇA,0 a < 5 anos,2025,SUDESTE,33,RJ,330340,NOVA FRIBURGO,84,2.63%,203,6.35%,2911,91.03%,287,8.97,3198,13,0.41%,74,2.31%,2934,91.74%,177,5.53%,87,2.72,3198
CRIANÇA,0 a < 5 anos,2025,SUDESTE,33,RJ,330350,NOVA IGUACU,1603,6.64%,1982,8.21%,20560,85.15%,3585,14.85,24145,364,1.51%,706,2.92%,21226,87.91%,1848,7.65%,1070,4.43,24144
CRIANÇA,0 a < 5 anos,2025,SUDESTE,33,RJ,330360,PARACAMBI,30,1.9%,69,4.37%,1479,93.73%,99,6.27,1578,9,0.57%,22,1.39%,1426,90.37%,121,7.67%,31,1.96,1578
CRIANÇA,0 a < 5 anos,2025,SUDESTE,33,RJ,330370,PARAIBA DO SUL,62,4.36%,105,7.38%,1256,88.26%,167,11.74,1423,12,0.84%,36,2.53%,1252,87.98%,123,8.64%,48,3.37,1423
CRIANÇA,0 a < 5 anos,2025,SUDESTE,33,RJ,330380,PARATY,52,3.44%,106,7.01%,1354,89.55%,158,10.45,1512,8,0.53%,41,2.71%,1342,88.76%,121,8%,49,3.24,1512
CRIANÇA,0 a < 5 anos,2025,SUDESTE,33,RJ,330385,PATY DO ALFERES,58,4.5%,80,6.21%,1150,89.29%,138,10.71,1288,16,1.24%,36,2.8%,1154,89.6%,82,6.37%,52,4.04,1288
CRIANÇA,0 a < 5 anos,2025,SUDESTE,33,RJ,330390,PETROPOLIS,162,2.05%,399,5.04%,7354,92.91%,561,7.09,7915,38,0.48%,188,2.38%,7309,92.34%,380,4.8%,226,2.86,7915
CRIANÇA,0 a < 5 anos,2025,SUDESTE,33,RJ,330395,PINHEIRAL,32,3.08%,54,5.19%,954,91.73%,86,8.27,1040,1,0.1%,20,1.92%,948,91.15%,71,6.83%,21,2.02,1040
CRIANÇA,0 a < 5 anos,2025,SUDESTE,33,RJ,330400,PIRAI,31,2.6%,70,5.87%,1092,91.53%,101,8.47,1193,9,0.75%,22,1.84%,1082,90.7%,80,6.71%,31,2.6,1193
CRIANÇA,0 a < 5 anos,2025,SUDESTE,33,RJ,330410,PORCIUNCULA,34,5.34%,46,7.22%,557,87.44%,80,12.56,637,6,0.94%,10,1.57%,581,91.21%,40,6.28%,16,2.51,637
CRIANÇA,0 a < 5 anos,2025,SUDESTE,33,RJ,330411,PORTO REAL,10,1.81%,13,2.35%,530,95.84%,23,4.16,553,29,5.24%,11,1.99%,462,83.54%,51,9.22%,40,7.23,553
CRIANÇA,0 a < 5 anos,2025,SUDESTE,33,RJ,330412,QUATIS,12,3.05%,33,8.4%,348,88.55%,45,11.45,393,1,0.25%,7,1.78%,348,88.55%,37,9.41%,8,2.04,393
CRIANÇA,0 a < 5 anos,2025,SUDESTE,33,RJ,330414,QUEIMADOS,248,5.77%,312,7.26%,3735,86.96%,560,13.04,4295,39,0.91%,83,1.93%,3863,89.92%,311,7.24%,122,2.84,4296
CRIANÇA,0 a < 5 anos,2025,SUDESTE,33,RJ,330415,QUISSAMA,38,3.04%,64,5.11%,1150,91.85%,102,8.15,1252,14,1.12%,26,2.08%,1104,88.18%,108,8.63%,40,3.19,1252
CRIANÇA,0 a < 5 anos,2025,SUDESTE,33,RJ,330420,RESENDE,145,3.49%,232,5.58%,3782,90.94%,377,9.06,4159,37,0.89%,96,2.31%,3713,89.28%,313,7.53%,133,3.2,4159
CRIANÇA,0 a < 5 anos,2025,SUDESTE,33,RJ,330430,RIO BONITO,135,8.29%,113,6.94%,1380,84.77%,248,15.23,1628,41,2.52%,55,3.38%,1432,87.96%,100,6.14%,96,5.9,1628
CRIANÇA,0 a < 5 anos,2025,SUDESTE,33,RJ,330440,RIO CLARO,20,2.29%,42,4.81%,811,92.9%,62,7.1,873,7,0.8%,23,2.63%,772,88.43%,71,8.13%,30,3.44,873
CRIANÇA,0 a < 5 anos,2025,SUDESTE,33,RJ,330450,RIO DAS FLORES,15,4.81%,13,4.17%,284,91.03%,28,8.97,312,6,1.92%,4,1.28%,262,83.97%,40,12.82%,10,3.21,312
CRIANÇA,0 a < 5 anos,2025,SUDESTE,33,RJ,330452,RIO DAS OSTRAS,101,2.91%,242,6.98%,3124,90.11%,343,9.89,3467,26,0.75%,65,1.87%,3111,89.73%,265,7.64%,91,2.62,3467
CRIANÇA,0 a < 5 anos,2025,SUDESTE,33,RJ,330455,RIO DE JANEIRO,27324,12.7%,21820,10.14%,165986,77.16%,49144,22.84,215130,7115,3.31%,9100,4.23%,186262,86.58%,12655,5.88%,16215,7.54,215132
CRIANÇA,0 a < 5 anos,2025,SUDESTE,33,RJ,330460,SANTA MARIA MADALENA,14,4.98%,22,7.83%,245,87.19%,36,12.81,281,4,1.42%,6,2.14%,250,88.97%,21,7.47%,10,3.56,281
CRIANÇA,0 a < 5 anos,2025,SUDESTE,33,RJ,330470,SANTO ANTONIO DE PADUA,47,3.03%,76,4.91%,1426,92.06%,123,7.94,1549,18,1.16%,18,1.16%,1365,88.12%,148,9.55%,36,2.32,1549
CRIANÇA,0 a < 5 anos,2025,SUDESTE,33,RJ,330475,SAO FRANCISCO DE ITABAPOANA,159,6.49%,190,7.76%,2101,85.76%,349,14.24,2450,18,0.73%,48,1.96%,2125,86.73%,259,10.57%,66,2.69,2450
CRIANÇA,0 a < 5 anos,2025,SUDESTE,33,RJ,330480,SAO FIDELIS,41,3.93%,75,7.19%,927,88.88%,116,11.12,1043,10,0.96%,16,1.53%,944,90.51%,73,7%,26,2.49,1043
CRIANÇA,0 a < 5 anos,2025,SUDESTE,33,RJ,330490,SAO GONCALO,918,6.78%,1132,8.36%,11485,84.85%,2050,15.15,13535,256,1.89%,361,2.67%,11607,85.76%,1311,9.69%,617,4.56,13535
CRIANÇA,0 a < 5 anos,2025,SUDESTE,33,RJ,330500,SAO JOAO DA BARRA,66,3.29%,117,5.82%,1826,90.89%,183,9.11,2009,10,0.5%,37,1.84%,1808,90%,154,7.67%,47,2.34,2009
CRIANÇA,0 a < 5 anos,2025,SUDESTE,33,RJ,330510,SAO JOAO DE MERITI,917,9.25%,810,8.17%,8183,82.57%,1727,17.43,9910,167,1.68%,283,2.85%,8534,86.09%,929,9.37%,450,4.54,9913
CRIANÇA,0 a < 5 anos,2025,SUDESTE,33,RJ,330513,SAO JOSE DE UBA,17,6.16%,21,7.61%,238,86.23%,38,13.77,276,1,0.36%,4,1.44%,244,87.77%,29,10.43%,5,1.8,278
CRIANÇA,0 a < 5 anos,2025,SUDESTE,33,RJ,330515,SAO JOSE DO VALE DO RIO PRETO,18,2.51%,39,5.44%,660,92.05%,57,7.95,717,2,0.28%,16,2.23%,660,92.05%,39,5.44%,18,2.51,717
CRIANÇA,0 a < 5 anos,2025,SUDESTE,33,RJ,330520,SAO PEDRO DA ALDEIA,101,3.1%,128,3.93%,3030,92.97%,229,7.03,3259,26,0.8%,42,1.29%,2709,83.12%,482,14.79%,68,2.09,3259
CRIANÇA,0 a < 5 anos,2025,SUDESTE,33,RJ,330530,SAO SEBASTIAO DO ALTO,13,3.74%,21,6.03%,314,90.23%,34,9.77,348,12,3.45%,8,2.3%,278,79.89%,50,14.37%,20,5.75,348
CRIANÇA,0 a < 5 anos,2025,SUDESTE,33,RJ,330540,SAPUCAIA,20,3.42%,36,6.15%,529,90.43%,56,9.57,585,4,0.68%,11,1.88%,521,89.06%,49,8.38%,15,2.56,585
CRIANÇA,0 a < 5 anos,2025,SUDESTE,33,RJ,330550,SAQUAREMA,100,4.25%,193,8.2%,2061,87.55%,293,12.45,2354,22,0.93%,49,2.08%,2121,90.1%,162,6.88%,71,3.02,2354
CRIANÇA,0 a < 5 anos,2025,SUDESTE,33,RJ,330555,SEROPEDICA,285,8.42%,269,7.95%,2829,83.62%,554,16.38,3383,100,2.96%,66,1.95%,2876,85.01%,341,10.08%,166,4.91,3383
CRIANÇA,0 a < 5 anos,2025,SUDESTE,33,RJ,330560,SILVA JARDIM,31,4.12%,44,5.85%,677,90.03%,75,9.97,752,7,0.93%,11,1.46%,614,81.65%,120,15.96%,18,2.39,752
CRIANÇA,0 a < 5 anos,2025,SUDESTE,33,RJ,330570,SUMIDOURO,27,4.44%,52,8.55%,529,87.01%,79,12.99,608,5,0.82%,13,2.14%,545,89.64%,45,7.4%,18,2.96,608
CRIANÇA,0 a < 5 anos,2025,SUDESTE,33,RJ,330575,TANGUA,53,3.56%,92,6.18%,1344,90.26%,145,9.74,1489,12,0.81%,29,1.95%,1348,90.53%,100,6.72%,41,2.75,1489
CRIANÇA,0 a < 5 anos,2025,SUDESTE,33,RJ,330580,TERESOPOLIS,443,9.48%,422,9.03%,3806,81.48%,865,18.52,4671,96,2.06%,144,3.08%,4139,88.65%,290,6.21%,240,5.14,4669
CRIANÇA,0 a < 5 anos,2025,SUDESTE,33,RJ,330590,TRAJANO DE MORAES,15,5.68%,19,7.2%,230,87.12%,34,12.88,264,4,1.52%,8,3.03%,230,87.12%,22,8.33%,12,4.55,264
CRIANÇA,0 a < 5 anos,2025,SUDESTE,33,RJ,330600,TRES RIOS,215,7.15%,229,7.61%,2564,85.24%,444,14.76,3008,33,1.1%,107,3.56%,2507,83.34%,361,12%,140,4.65,3008
CRIANÇA,0 a < 5 anos,2025,SUDESTE,33,RJ,330610,VALENCA,108,4.95%,167,7.66%,1906,87.39%,275,12.61,2181,32,1.47%,45,2.06%,1956,89.68%,148,6.79%,77,3.53,2181
CRIANÇA,0 a < 5 anos,2025,SUDESTE,33,RJ,330615,VARRE-SAI,20,3.53%,34,6.01%,512,90.46%,54,9.54,566,4,0.71%,11,1.94%,517,91.34%,34,6.01%,15,2.65,566
CRIANÇA,0 a < 5 anos,2025,SUDESTE,33,RJ,330620,VASSOURAS,49,2.95%,101,6.08%,1511,90.97%,150,9.03,1661,16,0.96%,46,2.77%,1488,89.58%,111,6.68%,62,3.73,1661
CRIANÇA,0 a < 5 anos,2025,SUDESTE,33,RJ,330630,VOLTA REDONDA,315,4.57%,441,6.4%,6131,89.02%,756,10.98,6887,76,1.1%,170,2.47%,6183,89.79%,457,6.64%,246,3.57,6886
CRIANÇA,0 a < 5 anos,2025,SUDESTE,35,SP,350010,ADAMANTINA,26,3.12%,42,5.04%,765,91.84%,68,8.16,833,6,0.72%,19,2.28%,761,91.36%,47,5.64%,25,3.0,833
CRIANÇA,0 a < 5 anos,2025,SUDESTE,35,SP,350020,ADOLFO,12,5.74%,13,6.22%,184,88.04%,25,11.96,209,5,2.39%,2,0.96%,184,88.04%,18,8.61%,7,3.35,209
CRIANÇA,0 a < 5 anos,2025,SUDESTE,35,SP,350030,AGUAI,16,2.65%,32,5.31%,555,92.04%,48,7.96,603,2,0.33%,12,1.99%,543,90.05%,46,7.63%,14,2.32,603
CRIANÇA,0 a < 5 anos,2025,SUDESTE,35,SP,350040,AGUAS DA PRATA,3,1.49%,6,2.99%,192,95.52%,9,4.48,201,0,-,2,1%,187,93.03%,12,5.97%,2,1.0,201
CRIANÇA,0 a < 5 anos,2025,SUDESTE,35,SP,350050,AGUAS DE LINDOIA,7,1.03%,30,4.4%,645,94.57%,37,5.43,682,3,0.44%,14,2.05%,612,89.74%,53,7.77%,17,2.49,682
CRIANÇA,0 a < 5 anos,2025,SUDESTE,35,SP,350055,AGUAS DE SANTA BARBARA,8,2.61%,19,6.19%,280,91.21%,27,8.79,307,1,0.33%,3,0.98%,282,91.86%,21,6.84%,4,1.3,307
CRIANÇA,0 a < 5 anos,2025,SUDESTE,35,SP,350060,AGUAS DE SAO PEDRO,1,0.81%,6,4.84%,117,94.35%,7,5.65,124,0,-,0,-,116,93.55%,8,6.45%,0,0.0,124
CRIANÇA,0 a < 5 anos,2025,SUDESTE,35,SP,350070,AGUDOS,17,0.99%,77,4.48%,1625,94.53%,94,5.47,1719,10,0.58%,21,1.22%,1586,92.21%,103,5.99%,31,1.8,1720
CRIANÇA,0 a < 5 anos,2025,SUDESTE,35,SP,350075,ALAMBARI,6,2.78%,5,2.31%,205,94.91%,11,5.09,216,2,0.93%,2,0.93%,194,89.81%,18,8.33%,4,1.85,216
CRIANÇA,0 a < 5 anos,2025,SUDESTE,35,SP,350080,ALFREDO MARCONDES,4,1.67%,9,3.75%,227,94.58%,13,5.42,240,0,-,5,2.08%,218,90.83%,17,7.08%,5,2.08,240
CRIANÇA,0 a < 5 anos,2025,SUDESTE,35,SP,350090,ALTAIR,4,3.15%,6,4.72%,117,92.13%,10,7.87,127,1,0.79%,3,2.36%,114,89.76%,9,7.09%,4,3.15,127
CRIANÇA,0 a < 5 anos,2025,SUDESTE,35,SP,350100,ALTINOPOLIS,14,2.2%,21,3.31%,600,94.49%,35,5.51,635,1,0.16%,15,2.36%,556,87.56%,63,9.92%,16,2.52,635
CRIANÇA,0 a < 5 anos,2025,SUDESTE,35,SP,350110,ALTO ALEGRE,2,1.42%,2,1.42%,137,97.16%,4,2.84,141,0,-,1,0.71%,124,87.94%,16,11.35%,1,0.71,141
CRIANÇA,0 a < 5 anos,2025,SUDESTE,35,SP,350115,ALUMINIO,9,2.14%,16,3.81%,395,94.05%,25,5.95,420,7,1.67%,4,0.95%,378,90%,31,7.38%,11,2.62,420
CRIANÇA,0 a < 5 anos,2025,SUDESTE,35,SP,350120,ALVARES FLORENCE,4,2.3%,8,4.6%,162,93.1%,12,6.9,174,1,0.57%,2,1.15%,156,89.66%,15,8.62%,3,1.72,174
CRIANÇA,0 a < 5 anos,2025,SUDESTE,35,SP,350130,ALVARES MACHADO,15,1.26%,52,4.36%,1125,94.38%,67,5.62,1192,7,0.59%,8,0.67%,1071,89.85%,106,8.89%,15,1.26,1192
CRIANÇA,0 a < 5 anos,2025,SUDESTE,35,SP,350140,ALVARO DE CARVALHO,9,5.17%,11,6.32%,154,88.51%,20,11.49,174,0,-,0,-,159,91.38%,15,8.62%,0,0.0,174
CRIANÇA,0 a < 5 anos,2025,SUDESTE,35,SP,350150,ALVINLANDIA,4,3.67%,6,5.5%,99,90.83%,10,9.17,109,2,1.83%,0,-,99,90.83%,8,7.34%,2,1.83,109
CRIANÇA,0 a < 5 anos,2025,SUDESTE,35,SP,350160,AMERICANA,68,1.46%,161,3.45%,4437,95.09%,229,4.91,4666,17,0.36%,81,1.74%,4255,91.19%,313,6.71%,98,2.1,4666
CRIANÇA,0 a < 5 anos,2025,SUDESTE,35,SP,350170,AMERICO BRASILIENSE,17,1.38%,39,3.16%,1178,95.46%,56,4.54,1234,1,0.08%,22,1.78%,1137,92.14%,74,6%,23,1.86,1234
CRIANÇA,0 a < 5 anos,2025,SUDESTE,35,SP,350180,AMERICO DE CAMPOS,10,4.48%,22,9.87%,191,85.65%,32,14.35,223,4,1.79%,4,1.79%,202,90.58%,13,5.83%,8,3.59,223
CRIANÇA,0 a < 5 anos,2025,SUDESTE,35,SP,350190,AMPARO,37,2.62%,60,4.25%,1316,93.14%,97,6.86,1413,6,0.42%,34,2.41%,1294,91.58%,79,5.59%,40,2.83,1413
CRIANÇA,0 a < 5 anos,2025,SUDESTE,35,SP,350200,ANALANDIA,11,4.78%,8,3.48%,211,91.74%,19,8.26,230,2,0.87%,2,0.87%,210,91.3%,16,6.96%,4,1.74,230
CRIANÇA,0 a < 5 anos,2025,SUDESTE,35,SP,350210,ANDRADINA,50,2.84%,108,6.14%,1600,91.01%,158,8.99,1758,18,1.02%,22,1.25%,1564,88.96%,154,8.76%,40,2.28,1758
CRIANÇA,0 a < 5 anos,2025,SUDESTE,35,SP,350220,ANGATUBA,30,2.32%,65,5.03%,1196,92.64%,95,7.36,1291,13,1.01%,13,1.01%,1119,86.68%,146,11.31%,26,2.01,1291
CRIANÇA,0 a < 5 anos,2025,SUDESTE,35,SP,350230,ANHEMBI,14,4.78%,22,7.51%,257,87.71%,36,12.29,293,0,-,7,2.39%,264,90.1%,22,7.51%,7,2.39,293
CRIANÇA,0 a < 5 anos,2025,SUDESTE,35,SP,350240,ANHUMAS,3,1.31%,14,6.11%,212,92.58%,17,7.42,229,1,0.44%,4,1.75%,204,89.08%,20,8.73%,5,2.18,229
CRIANÇA,0 a < 5 anos,2025,SUDESTE,35,SP,350250,APARECIDA,36,5.35%,41,6.09%,596,88.56%,77,11.44,673,5,0.74%,21,3.12%,590,87.67%,57,8.47%,26,3.86,673
CRIANÇA,0 a < 5 anos,2025,SUDESTE,35,SP,350260,APARECIDA D'OESTE,2,1.03%,5,2.56%,188,96.41%,7,3.59,195,3,1.54%,5,2.56%,178,91.28%,9,4.62%,8,4.1,195
CRIANÇA,0 a < 5 anos,2025,SUDESTE,35,SP,350270,APIAI,17,1.22%,63,4.53%,1312,94.25%,80,5.75,1392,4,0.29%,15,1.08%,1251,89.87%,122,8.76%,19,1.36,1392
CRIANÇA,0 a < 5 anos,2025,SUDESTE,35,SP,350275,ARACARIGUAMA,16,1.27%,72,5.71%,1172,93.02%,88,6.98,1260,2,0.16%,18,1.43%,1173,93.1%,67,5.32%,20,1.59,1260
CRIANÇA,0 a < 5 anos,2025,SUDESTE,35,SP,350280,ARACATUBA,258,4.83%,298,5.57%,4791,89.6%,556,10.4,5347,69,1.29%,101,1.89%,4792,89.62%,385,7.2%,170,3.18,5347
CRIANÇA,0 a < 5 anos,2025,SUDESTE,35,SP,350290,ARACOIABA DA SERRA,16,1.24%,37,2.86%,1241,95.9%,53,4.1,1294,3,0.23%,18,1.39%,1194,92.27%,79,6.11%,21,1.62,1294
CRIANÇA,0 a < 5 anos,2025,SUDESTE,35,SP,350300,ARAMINA,6,2.27%,7,2.65%,251,95.08%,13,4.92,264,1,0.38%,4,1.52%,237,89.77%,22,8.33%,5,1.89,264
CRIANÇA,0 a < 5 anos,2025,SUDESTE,35,SP,350310,ARANDU,8,2.22%,16,4.44%,336,93.33%,24,6.67,360,0,-,1,0.28%,315,87.5%,44,12.22%,1,0.28,360
CRIANÇA,0 a < 5 anos,2025,SUDESTE,35,SP,350315,ARAPEI,3,2.01%,6,4.03%,140,93.96%,9,6.04,149,0,-,3,2.01%,139,93.29%,7,4.7%,3,2.01,149
CRIANÇA,0 a < 5 anos,2025,SUDESTE,35,SP,350320,ARARAQUARA,169,3.05%,330,5.96%,5042,90.99%,499,9.01,5541,52,0.94%,132,2.38%,5036,90.89%,321,5.79%,184,3.32,5541
CRIANÇA,0 a < 5 anos,2025,SUDESTE,35,SP,350330,ARARAS,45,1.61%,128,4.57%,2629,93.83%,173,6.17,2802,19,0.68%,73,2.61%,2512,89.65%,198,7.07%,92,3.28,2802
CRIANÇA,0 a < 5 anos,2025,SUDESTE,35,SP,350335,ARCO-IRIS,2,2.3%,4,4.6%,81,93.1%,6,6.9,87,0,-,2,2.3%,75,86.21%,10,11.49%,2,2.3,87
CRIANÇA,0 a < 5 anos,2025,SUDESTE,35,SP,350340,AREALVA,22,6.51%,14,4.14%,302,89.35%,36,10.65,338,9,2.66%,6,1.78%,288,85.21%,35,10.36%,15,4.44,338
CRIANÇA,0 a < 5 anos,2025,SUDESTE,35,SP,350350,AREIAS,6,2.23%,18,6.69%,245,91.08%,24,8.92,269,1,0.37%,5,1.86%,244,90.71%,19,7.06%,6,2.23,269
CRIANÇA,0 a < 5 anos,2025,SUDESTE,35,SP,350360,AREIOPOLIS,7,2.2%,34,10.69%,277,87.11%,41,12.89,318,2,0.63%,4,1.26%,286,89.94%,26,8.18%,6,1.89,318
CRIANÇA,0 a < 5 anos,2025,SUDESTE,35,SP,350370,ARIRANHA,2,0.99%,10,4.95%,190,94.06%,12,5.94,202,3,1.49%,3,1.49%,178,88.12%,18,8.91%,6,2.97,202
CRIANÇA,0 a < 5 anos,2025,SUDESTE,35,SP,350380,ARTUR NOGUEIRA,12,2.08%,21,3.64%,544,94.28%,33,5.72,577,1,0.17%,5,0.87%,522,90.47%,49,8.49%,6,1.04,577
CRIANÇA,0 a < 5 anos,2025,SUDESTE,35,SP,350390,ARUJA,51,1.49%,166,4.87%,3195,93.64%,217,6.36,3412,16,0.47%,44,1.29%,3117,91.35%,235,6.89%,60,1.76,3412
CRIANÇA,0 a < 5 anos,2025,SUDESTE,35,SP,350395,ASPASIA,2,2.17%,3,3.26%,87,94.57%,5,5.43,92,0,-,3,3.26%,77,83.7%,12,13.04%,3,3.26,92
CRIANÇA,0 a < 5 anos,2025,SUDESTE,35,SP,350400,ASSIS,63,2.65%,108,4.55%,2203,92.8%,171,7.2,2374,20,0.84%,45,1.9%,2145,90.35%,164,6.91%,65,2.74,2374
CRIANÇA,0 a < 5 anos,2025,SUDESTE,35,SP,350410,ATIBAIA,76,1.58%,202,4.2%,4533,94.22%,278,5.78,4811,24,0.5%,82,1.7%,4406,91.58%,299,6.21%,106,2.2,4811
CRIANÇA,0 a < 5 anos,2025,SUDESTE,35,SP,350420,AURIFLAMA,22,4.78%,22,4.78%,416,90.43%,44,9.57,460,4,0.87%,9,1.96%,401,87.17%,46,10%,13,2.83,460
CRIANÇA,0 a < 5 anos,2025,SUDESTE,35,SP,350430,AVAI,6,1.97%,25,8.22%,273,89.8%,31,10.2,304,2,0.66%,5,1.64%,274,90.13%,23,7.57%,7,2.3,304
CRIANÇA,0 a < 5 anos,2025,SUDESTE,35,SP,350440,AVANHANDAVA,11,2.31%,39,8.19%,426,89.5%,50,10.5,476,3,0.63%,5,1.05%,423,88.87%,45,9.45%,8,1.68,476
CRIANÇA,0 a < 5 anos,2025,SUDESTE,35,SP,350450,AVARE,40,1.36%,117,3.98%,2782,94.66%,157,5.34,2939,13,0.44%,62,2.11%,2655,90.34%,209,7.11%,75,2.55,2939
CRIANÇA,0 a < 5 anos,2025,SUDESTE,35,SP,350460,BADY BASSITT,20,1.42%,54,3.83%,1337,94.76%,74,5.24,1411,5,0.35%,21,1.49%,1294,91.71%,91,6.45%,26,1.84,1411
CRIANÇA,0 a < 5 anos,2025,SUDESTE,35,SP,350470,BALBINOS,0,-,3,3.45%,84,96.55%,3,3.45,87,0,-,1,1.15%,75,86.21%,11,12.64%,1,1.15,87
CRIANÇA,0 a < 5 anos,2025,SUDESTE,35,SP,350480,BALSAMO,9,3.13%,22,7.64%,257,89.24%,31,10.76,288,1,0.35%,1,0.35%,258,89.58%,28,9.72%,2,0.69,288
CRIANÇA,0 a < 5 anos,2025,SUDESTE,35,SP,350490,BANANAL,12,2.96%,19,4.69%,374,92.35%,31,7.65,405,3,0.74%,9,2.22%,355,87.65%,38,9.38%,12,2.96,405
CRIANÇA,0 a < 5 anos,2025,SUDESTE,35,SP,350500,BARAO DE ANTONINA,5,2.35%,20,9.39%,188,88.26%,25,11.74,213,0,-,7,3.29%,190,89.2%,16,7.51%,7,3.29,213
CRIANÇA,0 a < 5 anos,2025,SUDESTE,35,SP,350510,BARBOSA,26,6.75%,30,7.79%,329,85.45%,56,14.55,385,4,1.04%,6,1.56%,340,88.31%,35,9.09%,10,2.6,385
CRIANÇA,0 a < 5 anos,2025,SUDESTE,35,SP,350520,BARIRI,52,6.18%,64,7.61%,725,86.21%,116,13.79,841,5,0.59%,22,2.6%,751,88.88%,67,7.93%,27,3.2,845
CRIANÇA,0 a < 5 anos,2025,SUDESTE,35,SP,350530,BARRA BONITA,10,0.9%,23,2.08%,1075,97.02%,33,2.98,1108,5,0.45%,13,1.17%,1013,91.43%,77,6.95%,18,1.62,1108
CRIANÇA,0 a < 5 anos,2025,SUDESTE,35,SP,350535,BARRA DO CHAPEU,3,0.86%,8,2.29%,339,96.86%,11,3.14,350,1,0.29%,3,0.86%,314,89.71%,32,9.14%,4,1.14,350
CRIANÇA,0 a < 5 anos,2025,SUDESTE,35,SP,350540,BARRA DO TURVO,5,1.34%,14,3.76%,353,94.89%,19,5.11,372,4,1.08%,3,0.81%,327,87.9%,38,10.22%,7,1.88,372
CRIANÇA,0 a < 5 anos,2025,SUDESTE,35,SP,350550,BARRETOS,165,3.58%,265,5.75%,4176,90.66%,430,9.34,4606,59,1.28%,80,1.74%,4137,89.82%,330,7.16%,139,3.02,4606
CRIANÇA,0 a < 5 anos,2025,SUDESTE,35,SP,350560,BARRINHA,7,1.52%,17,3.7%,436,94.78%,24,5.22,460,2,0.43%,7,1.52%,416,90.43%,35,7.61%,9,1.96,460
CRIANÇA,0 a < 5 anos,2025,SUDESTE,35,SP,350570,BARUERI,1205,6.52%,1220,6.6%,16052,86.88%,2425,13.12,18477,334,1.81%,432,2.34%,16657,90.15%,1054,5.7%,766,4.15,18477
CRIANÇA,0 a < 5 anos,2025,SUDESTE,35,SP,350580,BASTOS,50,4.91%,45,4.42%,923,90.67%,95,9.33,1018,15,1.47%,27,2.65%,918,90.18%,58,5.7%,42,4.13,1018
CRIANÇA,0 a < 5 anos,2025,SUDESTE,35,SP,350590,BATATAIS,60,7.48%,81,10.1%,661,82.42%,141,17.58,802,7,0.87%,28,3.49%,708,88.28%,59,7.36%,35,4.36,802
CRIANÇA,0 a < 5 anos,2025,SUDESTE,35,SP,350600,BAURU,201,1.96%,489,4.77%,9561,93.27%,690,6.73,10251,66,0.64%,225,2.19%,9370,91.41%,590,5.76%,291,2.84,10251
CRIANÇA,0 a < 5 anos,2025,SUDESTE,35,SP,350610,BEBEDOURO,79,3.34%,156,6.6%,2127,90.05%,235,9.95,2362,21,0.89%,45,1.91%,2103,89.03%,193,8.17%,66,2.79,2362
CRIANÇA,0 a < 5 anos,2025,SUDESTE,35,SP,350620,BENTO DE ABREU,9,6.72%,15,11.19%,110,82.09%,24,17.91,134,3,2.24%,3,2.24%,120,89.55%,8,5.97%,6,4.48,134
CRIANÇA,0 a < 5 anos,2025,SUDESTE,35,SP,350630,BERNARDINO DE CAMPOS,4,0.83%,23,4.78%,454,94.39%,27,5.61,481,4,0.83%,8,1.66%,433,90.02%,36,7.48%,12,2.49,481
CRIANÇA,0 a < 5 anos,2025,SUDESTE,35,SP,350635,BERTIOGA,54,2.37%,116,5.08%,2113,92.55%,170,7.45,2283,15,0.66%,20,0.88%,2073,90.8%,175,7.67%,35,1.53,2283
CRIANÇA,0 a < 5 anos,2025,SUDESTE,35,SP,350640,BILAC,8,2.97%,15,5.58%,246,91.45%,23,8.55,269,1,0.37%,2,0.74%,250,92.94%,16,5.95%,3,1.12,269
CRIANÇA,0 a < 5 anos,2025,SUDESTE,35,SP,350650,BIRIGUI,116,3.65%,199,6.26%,2865,90.09%,315,9.91,3180,30,0.94%,57,1.79%,2895,91.04%,198,6.23%,87,2.74,3180
CRIANÇA,0 a < 5 anos,2025,SUDESTE,35,SP,350660,BIRITIBA MIRIM,46,3.49%,104,7.88%,1169,88.63%,150,11.37,1319,4,0.3%,17,1.29%,1173,88.93%,125,9.48%,21,1.59,1319
CRIANÇA,0 a < 5 anos,2025,SUDESTE,35,SP,350670,BOA ESPERANCA DO SUL,10,1.92%,24,4.62%,486,93.46%,34,6.54,520,2,0.38%,9,1.73%,477,91.55%,33,6.33%,11,2.11,521
CRIANÇA,0 a < 5 anos,2025,SUDESTE,35,SP,350680,BOCAINA,4,0.89%,12,2.66%,435,96.45%,16,3.55,451,2,0.44%,5,1.11%,407,90.24%,37,8.2%,7,1.55,451
CRIANÇA,0 a < 5 anos,2025,SUDESTE,35,SP,350690,BOFETE,5,0.95%,19,3.59%,505,95.46%,24,4.54,529,3,0.57%,3,0.57%,462,87.33%,61,11.53%,6,1.13,529
CRIANÇA,0 a < 5 anos,2025,SUDESTE,35,SP,350700,BOITUVA,52,1.98%,154,5.86%,2424,92.17%,206,7.83,2630,10,0.38%,40,1.52%,2398,91.18%,182,6.92%,50,1.9,2630
CRIANÇA,0 a < 5 anos,2025,SUDESTE,35,SP,350710,BOM JESUS DOS PERDOES,44,4.25%,81,7.83%,910,87.92%,125,12.08,1035,5,0.48%,19,1.84%,953,92.08%,58,5.6%,24,2.32,1035
CRIANÇA,0 a < 5 anos,2025,SUDESTE,35,SP,350715,BOM SUCESSO DE ITARARE,13,4.73%,16,5.82%,246,89.45%,29,10.55,275,1,0.36%,8,2.91%,243,88.36%,23,8.36%,9,3.27,275
CRIANÇA,0 a < 5 anos,2025,SUDESTE,35,SP,350720,BORA,0,-,3,5.66%,50,94.34%,3,5.66,53,0,-,0,-,42,79.25%,11,20.75%,0,0.0,53
CRIANÇA,0 a < 5 anos,2025,SUDESTE,35,SP,350730,BORACEIA,3,1.54%,18,9.23%,174,89.23%,21,10.77,195,0,-,4,2.05%,171,87.69%,20,10.26%,4,2.05,195
CRIANÇA,0 a < 5 anos,2025,SUDESTE,35,SP,350740,BORBOREMA,9,1.68%,14,2.61%,513,95.71%,23,4.29,536,0,-,9,1.68%,475,88.62%,52,9.7%,9,1.68,536
CRIANÇA,0 a < 5 anos,2025,SUDESTE,35,SP,350745,BOREBI,6,2.83%,6,2.83%,200,94.34%,12,5.66,212,1,0.47%,4,1.89%,194,91.51%,13,6.13%,5,2.36,212
CRIANÇA,0 a < 5 anos,2025,SUDESTE,35,SP,350750,BOTUCATU,157,2.76%,310,5.44%,5230,91.8%,467,8.2,5697,49,0.86%,120,2.11%,5176,90.85%,352,6.18%,169,2.97,5697
CRIANÇA,0 a < 5 anos,2025,SUDESTE,35,SP,350760,BRAGANCA PAULISTA,123,3.15%,232,5.94%,3548,90.9%,355,9.1,3903,23,0.59%,48,1.23%,3484,89.29%,347,8.89%,71,1.82,3902
CRIANÇA,0 a < 5 anos,2025,SUDESTE,35,SP,350770,BRAUNA,6,3.61%,5,3.01%,155,93.37%,11,6.63,166,2,1.2%,1,0.6%,149,89.76%,14,8.43%,3,1.81,166
CRIANÇA,0 a < 5 anos,2025,SUDESTE,35,SP,350775,BREJO ALEGRE,7,4.76%,5,3.4%,135,91.84%,12,8.16,147,0,-,0,-,125,85.03%,22,14.97%,0,0.0,147
CRIANÇA,0 a < 5 anos,2025,SUDESTE,35,SP,350780,BRODOWSKI,18,1.82%,30,3.04%,940,95.14%,48,4.86,988,3,0.3%,18,1.82%,896,90.69%,71,7.19%,21,2.13,988
CRIANÇA,0 a < 5 anos,2025,SUDESTE,35,SP,350790,BROTAS,22,3.85%,26,4.55%,524,91.61%,48,8.39,572,10,1.75%,12,2.1%,512,89.51%,38,6.64%,22,3.85,572
CRIANÇA,0 a < 5 anos,2025,SUDESTE,35,SP,350800,BURI,27,2.04%,56,4.24%,1238,93.72%,83,6.28,1321,5,0.38%,29,2.2%,1189,90.08%,97,7.35%,34,2.58,1320
CRIANÇA,0 a < 5 anos,2025,SUDESTE,35,SP,350810,BURITAMA,29,4.78%,28,4.61%,550,90.61%,57,9.39,607,3,0.49%,13,2.14%,535,88.14%,56,9.23%,16,2.64,607
CRIANÇA,0 a < 5 anos,2025,SUDESTE,35,SP,350820,BURITIZAL,1,1.05%,1,1.05%,93,97.89%,2,2.11,95,1,1.05%,2,2.11%,87,91.58%,5,5.26%,3,3.16,95
CRIANÇA,0 a < 5 anos,2025,SUDESTE,35,SP,350830,CABRALIA PAULISTA,0,-,6,2.6%,225,97.4%,6,2.6,231,0,-,4,1.73%,212,91.77%,15,6.49%,4,1.73,231
CRIANÇA,0 a < 5 anos,2025,SUDESTE,35,SP,350840,CABREUVA,74,4.13%,144,8.04%,1573,87.83%,218,12.17,1791,10,0.56%,32,1.79%,1626,90.79%,123,6.87%,42,2.35,1791
CRIANÇA,0 a < 5 anos,2025,SUDESTE,35,SP,350850,CACAPAVA,50,1.8%,161,5.78%,2573,92.42%,211,7.58,2784,23,0.83%,48,1.72%,2529,90.84%,184,6.61%,71,2.55,2784
CRIANÇA,0 a < 5 anos,2025,SUDESTE,35,SP,350860,CACHOEIRA PAULISTA,28,4.31%,33,5.08%,588,90.6%,61,9.4,649,8,1.23%,18,2.77%,565,87.06%,58,8.94%,26,4.01,649
CRIANÇA,0 a < 5 anos,2025,SUDESTE,35,SP,350870,CACONDE,12,1.8%,28,4.2%,627,94%,40,6.0,667,5,0.75%,7,1.05%,600,89.96%,55,8.25%,12,1.8,667
CRIANÇA,0 a < 5 anos,2025,SUDESTE,35,SP,350880,CAFELANDIA,5,0.78%,11,1.72%,623,97.5%,16,2.5,639,3,0.47%,4,0.63%,582,91.08%,50,7.82%,7,1.1,639
CRIANÇA,0 a < 5 anos,2025,SUDESTE,35,SP,350890,CAIABU,4,2.12%,5,2.65%,180,95.24%,9,4.76,189,1,0.53%,0,-,168,88.89%,20,10.58%,1,0.53,189
CRIANÇA,0 a < 5 anos,2025,SUDESTE,35,SP,350900,CAIEIRAS,49,1.54%,145,4.56%,2985,93.9%,194,6.1,3179,13,0.41%,52,1.64%,2893,91%,221,6.95%,65,2.04,3179
CRIANÇA,0 a < 5 anos,2025,SUDESTE,35,SP,350910,CAIUA,4,2.67%,4,2.67%,142,94.67%,8,5.33,150,2,1.33%,1,0.67%,135,90%,12,8%,3,2.0,150
CRIANÇA,0 a < 5 anos,2025,SUDESTE,35,SP,350920,CAJAMAR,98,2.17%,225,4.99%,4185,92.83%,323,7.17,4508,21,0.47%,76,1.69%,4104,91.04%,307,6.81%,97,2.15,4508
CRIANÇA,0 a < 5 anos,2025,SUDESTE,35,SP,350925,CAJATI,14,0.86%,54,3.3%,1566,95.84%,68,4.16,1634,2,0.12%,25,1.53%,1468,89.84%,139,8.51%,27,1.65,1634
CRIANÇA,0 a < 5 anos,2025,SUDESTE,35,SP,350930,CAJOBI,6,1.5%,15,3.74%,380,94.76%,21,5.24,401,0,-,5,1.25%,352,87.78%,44,10.97%,5,1.25,401
CRIANÇA,0 a < 5 anos,2025,SUDESTE,35,SP,350940,CAJURU,18,2.02%,53,5.94%,822,92.05%,71,7.95,893,4,0.45%,13,1.46%,797,89.25%,79,8.85%,17,1.9,893
CRIANÇA,0 a < 5 anos,2025,SUDESTE,35,SP,350945,CAMPINA DO MONTE ALEGRE,6,1.92%,10,3.21%,296,94.87%,16,5.13,312,0,-,5,1.6%,268,85.9%,39,12.5%,5,1.6,312
CRIANÇA,0 a < 5 anos,2025,SUDESTE,35,SP,350950,CAMPINAS,535,1.86%,1256,4.38%,26897,93.76%,1791,6.24,28688,209,0.73%,575,2%,26189,91.29%,1715,5.98%,784,2.73,28688
CRIANÇA,0 a < 5 anos,2025,SUDESTE,35,SP,350960,CAMPO LIMPO PAULISTA,61,3.73%,107,6.55%,1466,89.72%,168,10.28,1634,8,0.49%,29,1.77%,1489,91.13%,108,6.61%,37,2.26,1634
CRIANÇA,0 a < 5 anos,2025,SUDESTE,35,SP,350970,CAMPOS DO JORDAO,79,4.86%,149,9.17%,1397,85.97%,228,14.03,1625,16,0.98%,68,4.18%,1462,89.97%,79,4.86%,84,5.17,1625
CRIANÇA,0 a < 5 anos,2025,SUDESTE,35,SP,350980,CAMPOS NOVOS PAULISTA,6,2.24%,20,7.46%,242,90.3%,26,9.7,268,0,-,6,2.24%,237,88.43%,25,9.33%,6,2.24,268
CRIANÇA,0 a < 5 anos,2025,SUDESTE,35,SP,350990,CANANEIA,8,2.25%,26,7.3%,322,90.45%,34,9.55,356,3,0.84%,2,0.56%,326,91.57%,25,7.02%,5,1.4,356
CRIANÇA,0 a < 5 anos,2025,SUDESTE,35,SP,350995,CANAS,1,0.67%,12,8%,137,91.33%,13,8.67,150,0,-,6,4%,133,88.67%,11,7.33%,6,4.0,150
CRIANÇA,0 a < 5 anos,2025,SUDESTE,35,SP,351000,CANDIDO MOTA,17,1.81%,32,3.4%,891,94.79%,49,5.21,940,12,1.28%,18,1.91%,845,89.89%,65,6.91%,30,3.19,940
CRIANÇA,0 a < 5 anos,2025,SUDESTE,35,SP,351010,CANDIDO RODRIGUES,4,3.36%,3,2.52%,112,94.12%,7,5.88,119,0,-,1,0.84%,110,92.44%,8,6.72%,1,0.84,119
CRIANÇA,0 a < 5 anos,2025,SUDESTE,35,SP,351015,CANITAR,19,5.51%,27,7.83%,299,86.67%,46,13.33,345,1,0.29%,5,1.45%,321,93.04%,18,5.22%,6,1.74,345
CRIANÇA,0 a < 5 anos,2025,SUDESTE,35,SP,351020,CAPAO BONITO,72,3.18%,175,7.73%,2017,89.09%,247,10.91,2264,10,0.44%,39,1.72%,2019,89.18%,196,8.66%,49,2.16,2264
CRIANÇA,0 a < 5 anos,2025,SUDESTE,35,SP,351030,CAPELA DO ALTO,11,0.93%,49,4.14%,1125,94.94%,60,5.06,1185,5,0.42%,14,1.18%,1064,89.79%,102,8.61%,19,1.6,1185
CRIANÇA,0 a < 5 anos,2025,SUDESTE,35,SP,351040,CAPIVARI,27,1.64%,62,3.76%,1561,94.61%,89,5.39,1650,8,0.48%,18,1.09%,1508,91.39%,116,7.03%,26,1.58,1650
CRIANÇA,0 a < 5 anos,2025,SUDESTE,35,SP,351050,CARAGUATATUBA,262,4.29%,417,6.83%,5423,88.87%,679,11.13,6102,61,1%,132,2.16%,5460,89.48%,449,7.36%,193,3.16,6102
CRIANÇA,0 a < 5 anos,2025,SUDESTE,35,SP,351060,CARAPICUIBA,301,2.51%,768,6.41%,10904,91.07%,1069,8.93,11973,48,0.4%,210,1.75%,10924,91.23%,792,6.61%,258,2.15,11974
CRIANÇA,0 a < 5 anos,2025,SUDESTE,35,SP,351070,CARDOSO,7,1.88%,8,2.15%,357,95.97%,15,4.03,372,1,0.27%,2,0.54%,331,88.98%,38,10.22%,3,0.81,372
CRIANÇA,0 a < 5 anos,2025,SUDESTE,35,SP,351080,CASA BRANCA,16,1.49%,52,4.84%,1007,93.67%,68,6.33,1075,3,0.28%,11,1.02%,980,91.16%,81,7.53%,14,1.3,1075
CRIANÇA,0 a < 5 anos,2025,SUDESTE,35,SP,351090,CASSIA DOS COQUEIROS,3,3.75%,2,2.5%,75,93.75%,5,6.25,80,1,1.25%,2,2.5%,71,88.75%,6,7.5%,3,3.75,80
CRIANÇA,0 a < 5 anos,2025,SUDESTE,35,SP,351100,CASTILHO,14,1.73%,46,5.69%,748,92.57%,60,7.43,808,10,1.24%,17,2.1%,716,88.61%,65,8.04%,27,3.34,808
CRIANÇA,0 a < 5 anos,2025,SUDESTE,35,SP,351110,CATANDUVA,194,6.09%,208,6.53%,2782,87.37%,402,12.63,3184,49,1.54%,90,2.83%,2763,86.78%,282,8.86%,139,4.37,3184
CRIANÇA,0 a < 5 anos,2025,SUDESTE,35,SP,351120,CATIGUA,2,1.09%,3,1.64%,178,97.27%,5,2.73,183,0,-,1,0.55%,170,92.9%,12,6.56%,1,0.55,183
CRIANÇA,0 a < 5 anos,2025,SUDESTE,35,SP,351130,CEDRAL,5,1.07%,14,3%,447,95.92%,19,4.08,466,2,0.43%,7,1.5%,427,91.63%,30,6.44%,9,1.93,466
CRIANÇA,0 a < 5 anos,2025,SUDESTE,35,SP,351140,CERQUEIRA CESAR,14,2.12%,29,4.39%,617,93.48%,43,6.52,660,5,0.76%,8,1.21%,609,92.27%,38,5.76%,13,1.97,660
CRIANÇA,0 a < 5 anos,2025,SUDESTE,35,SP,351150,CERQUILHO,59,5.01%,76,6.46%,1042,88.53%,135,11.47,1177,7,0.59%,21,1.78%,1072,91.08%,77,6.54%,28,2.38,1177
CRIANÇA,0 a < 5 anos,2025,SUDESTE,35,SP,351160,CESARIO LANGE,28,2.9%,62,6.43%,874,90.66%,90,9.34,964,5,0.52%,12,1.24%,873,90.56%,74,7.68%,17,1.76,964
CRIANÇA,0 a < 5 anos,2025,SUDESTE,35,SP,351170,CHARQUEADA,32,6.26%,29,5.68%,450,88.06%,61,11.94,511,5,0.98%,15,2.94%,455,89.04%,36,7.05%,20,3.91,511
CRIANÇA,0 a < 5 anos,2025,SUDESTE,35,SP,351190,CLEMENTINA,2,0.51%,12,3.06%,378,96.43%,14,3.57,392,0,-,4,1.02%,355,90.56%,33,8.42%,4,1.02,392
CRIANÇA,0 a < 5 anos,2025,SUDESTE,35,SP,351200,COLINA,13,2.22%,43,7.34%,530,90.44%,56,9.56,586,4,0.68%,15,2.56%,514,87.71%,53,9.04%,19,3.24,586
CRIANÇA,0 a < 5 anos,2025,SUDESTE,35,SP,351210,COLOMBIA,8,3.96%,14,6.93%,180,89.11%,22,10.89,202,2,0.99%,5,2.48%,180,89.11%,15,7.43%,7,3.47,202
CRIANÇA,0 a < 5 anos,2025,SUDESTE,35,SP,351220,CONCHAL,22,1.68%,52,3.97%,1237,94.36%,74,5.64,1311,10,0.76%,23,1.75%,1173,89.47%,105,8.01%,33,2.52,1311
CRIANÇA,0 a < 5 anos,2025,SUDESTE,35,SP,351230,CONCHAS,16,2.92%,23,4.2%,509,92.88%,39,7.12,548,10,1.82%,34,6.2%,465,84.85%,39,7.12%,44,8.03,548
CRIANÇA,0 a < 5 anos,2025,SUDESTE,35,SP,351240,CORDEIROPOLIS,21,2.09%,44,4.38%,939,93.53%,65,6.47,1004,1,0.1%,12,1.2%,925,92.13%,66,6.57%,13,1.29,1004
CRIANÇA,0 a < 5 anos,2025,SUDESTE,35,SP,351250,COROADOS,0,-,8,7.08%,105,92.92%,8,7.08,113,0,-,0,-,102,90.27%,11,9.73%,0,0.0,113
CRIANÇA,0 a < 5 anos,2025,SUDESTE,35,SP,351260,CORONEL MACEDO,1,0.53%,8,4.23%,180,95.24%,9,4.76,189,0,-,3,1.59%,172,91.01%,14,7.41%,3,1.59,189
CRIANÇA,0 a < 5 anos,2025,SUDESTE,35,SP,351270,CORUMBATAI,1,1.04%,3,3.13%,92,95.83%,4,4.17,96,0,-,3,3.13%,83,86.46%,10,10.42%,3,3.12,96
CRIANÇA,0 a < 5 anos,2025,SUDESTE,35,SP,351280,COSMOPOLIS,42,2.16%,99,5.1%,1799,92.73%,141,7.27,1940,10,0.52%,39,2.01%,1761,90.77%,130,6.7%,49,2.53,1940
CRIANÇA,0 a < 5 anos,2025,SUDESTE,35,SP,351290,COSMORAMA,14,3.76%,21,5.65%,337,90.59%,35,9.41,372,1,0.27%,7,1.88%,329,88.44%,35,9.41%,8,2.15,372
CRIANÇA,0 a < 5 anos,2025,SUDESTE,35,SP,351300,COTIA,269,3.89%,466,6.74%,6181,89.37%,735,10.63,6916,67,0.97%,160,2.31%,6234,90.14%,455,6.58%,227,3.28,6916
CRIANÇA,0 a < 5 anos,2025,SUDESTE,35,SP,351310,CRAVINHOS,26,2.66%,40,4.09%,912,93.25%,66,6.75,978,8,0.82%,17,1.74%,866,88.55%,87,8.9%,25,2.56,978
CRIANÇA,0 a < 5 anos,2025,SUDESTE,35,SP,351320,CRISTAIS PAULISTA,10,2.39%,19,4.53%,390,93.08%,29,6.92,419,1,0.24%,9,2.15%,372,88.78%,37,8.83%,10,2.39,419
CRIANÇA,0 a < 5 anos,2025,SUDESTE,35,SP,351330,CRUZALIA,1,1%,6,6%,93,93%,7,7.0,100,1,1%,0,-,85,85%,14,14%,1,1.0,100
CRIANÇA,0 a < 5 anos,2025,SUDESTE,35,SP,351340,CRUZEIRO,53,2.22%,126,5.28%,2207,92.5%,179,7.5,2386,11,0.46%,40,1.68%,2181,91.41%,154,6.45%,51,2.14,2386
CRIANÇA,0 a < 5 anos,2025,SUDESTE,35,SP,351350,CUBATAO,115,2.81%,270,6.6%,3703,90.58%,385,9.42,4088,34,0.83%,80,1.96%,3665,89.63%,310,7.58%,114,2.79,4089
CRIANÇA,0 a < 5 anos,2025,SUDESTE,35,SP,351360,CUNHA,19,1.83%,56,5.4%,962,92.77%,75,7.23,1037,2,0.19%,9,0.87%,941,90.74%,85,8.2%,11,1.06,1037
CRIANÇA,0 a < 5 anos,2025,SUDESTE,35,SP,351370,DESCALVADO,32,2.84%,57,5.05%,1039,92.11%,89,7.89,1128,9,0.8%,22,1.95%,1010,89.54%,87,7.71%,31,2.75,1128
CRIANÇA,0 a < 5 anos,2025,SUDESTE,35,SP,351380,DIADEMA,299,2.42%,606,4.91%,11429,92.66%,905,7.34,12334,76,0.62%,225,1.82%,11079,89.82%,954,7.73%,301,2.44,12334
CRIANÇA,0 a < 5 anos,2025,SUDESTE,35,SP,351385,DIRCE REIS,1,1.35%,3,4.05%,70,94.59%,4,5.41,74,0,-,0,-,66,89.19%,8,10.81%,0,0.0,74
CRIANÇA,0 a < 5 anos,2025,SUDESTE,35,SP,351390,DIVINOLANDIA,12,2.65%,13,2.88%,427,94.47%,25,5.53,452,5,1.11%,5,1.11%,418,92.48%,24,5.31%,10,2.21,452
CRIANÇA,0 a < 5 anos,2025,SUDESTE,35,SP,351400,DOBRADA,19,5.16%,30,8.15%,319,86.68%,49,13.32,368,4,1.09%,7,1.9%,316,85.87%,41,11.14%,11,2.99,368
CRIANÇA,0 a < 5 anos,2025,SUDESTE,35,SP,351410,DOIS CORREGOS,27,2.34%,67,5.8%,1062,91.87%,94,8.13,1156,5,0.43%,21,1.82%,1050,90.83%,80,6.92%,26,2.25,1156
CRIANÇA,0 a < 5 anos,2025,SUDESTE,35,SP,351420,DOLCINOPOLIS,3,2.19%,10,7.3%,124,90.51%,13,9.49,137,1,0.73%,4,2.92%,123,89.78%,9,6.57%,5,3.65,137
CRIANÇA,0 a < 5 anos,2025,SUDESTE,35,SP,351430,DOURADO,1,1.04%,8,8.33%,87,90.63%,9,9.38,96,1,1.04%,2,2.08%,82,85.42%,11,11.46%,3,3.12,96
CRIANÇA,0 a < 5 anos,2025,SUDESTE,35,SP,351440,DRACENA,19,1.35%,59,4.18%,1333,94.47%,78,5.53,1411,4,0.28%,26,1.84%,1290,91.42%,91,6.45%,30,2.13,1411
CRIANÇA,0 a < 5 anos,2025,SUDESTE,35,SP,351450,DUARTINA,10,2.06%,13,2.67%,463,95.27%,23,4.73,486,3,0.62%,8,1.65%,416,85.6%,59,12.14%,11,2.26,486
CRIANÇA,0 a < 5 anos,2025,SUDESTE,35,SP,351460,DUMONT,0,-,12,5.08%,224,94.92%,12,5.08,236,0,-,1,0.42%,218,92.37%,17,7.2%,1,0.42,236
CRIANÇA,0 a < 5 anos,2025,SUDESTE,35,SP,351470,ECHAPORA,2,0.56%,16,4.51%,337,94.93%,18,5.07,355,0,-,6,1.69%,314,88.45%,35,9.86%,6,1.69,355
CRIANÇA,0 a < 5 anos,2025,SUDESTE,35,SP,351480,ELDORADO,11,1.48%,34,4.56%,700,93.96%,45,6.04,745,3,0.4%,12,1.61%,676,90.74%,54,7.25%,15,2.01,745
CRIANÇA,0 a < 5 anos,2025,SUDESTE,35,SP,351490,ELIAS FAUSTO,17,2.61%,31,4.76%,603,92.63%,48,7.37,651,2,0.31%,11,1.69%,592,90.94%,46,7.07%,13,2.0,651
CRIANÇA,0 a < 5 anos,2025,SUDESTE,35,SP,351492,ELISIARIO,2,1.39%,9,6.25%,133,92.36%,11,7.64,144,1,0.69%,0,-,135,93.75%,8,5.56%,1,0.69,144
CRIANÇA,0 a < 5 anos,2025,SUDESTE,35,SP,351495,EMBAUBA,0,-,1,4.17%,23,95.83%,1,4.17,24,0,-,0,-,21,87.5%,3,12.5%,0,0.0,24
CRIANÇA,0 a < 5 anos,2025,SUDESTE,35,SP,351500,EMBU DAS ARTES,710,5.54%,818,6.38%,11285,88.07%,1528,11.93,12813,334,2.61%,353,2.75%,10989,85.76%,1138,8.88%,687,5.36,12814
CRIANÇA,0 a < 5 anos,2025,SUDESTE,35,SP,351510,EMBU-GUACU,92,4.36%,155,7.35%,1861,88.28%,247,11.72,2108,21,1%,34,1.61%,1871,88.76%,182,8.63%,55,2.61,2108
CRIANÇA,0 a < 5 anos,2025,SUDESTE,35,SP,351512,EMILIANOPOLIS,4,2.76%,1,0.69%,140,96.55%,5,3.45,145,0,-,1,0.69%,129,88.97%,15,10.34%,1,0.69,145
CRIANÇA,0 a < 5 anos,2025,SUDESTE,35,SP,351515,ENGENHEIRO COELHO,10,1.12%,57,6.37%,828,92.51%,67,7.49,895,8,0.89%,10,1.12%,806,90.06%,71,7.93%,18,2.01,895
CRIANÇA,0 a < 5 anos,2025,SUDESTE,35,SP,351518,ESPIRITO SANTO DO PINHAL,36,3.17%,88,7.76%,1010,89.07%,124,10.93,1134,9,0.79%,23,2.03%,1004,88.54%,98,8.64%,32,2.82,1134
CRIANÇA,0 a < 5 anos,2025,SUDESTE,35,SP,351519,ESPIRITO SANTO DO TURVO,9,3.05%,25,8.47%,261,88.47%,34,11.53,295,0,-,3,1.02%,269,91.19%,23,7.8%,3,1.02,295
CRIANÇA,0 a < 5 anos,2025,SUDESTE,35,SP,351520,ESTRELA D'OESTE,7,1.96%,13,3.64%,337,94.4%,20,5.6,357,2,0.56%,3,0.84%,323,90.48%,29,8.12%,5,1.4,357
CRIANÇA,0 a < 5 anos,2025,SUDESTE,35,SP,351530,ESTRELA DO NORTE,1,0.92%,3,2.75%,105,96.33%,4,3.67,109,1,0.92%,1,0.92%,97,88.99%,10,9.17%,2,1.83,109
CRIANÇA,0 a < 5 anos,2025,SUDESTE,35,SP,351535,EUCLIDES DA CUNHA PAULISTA,5,1.45%,11,3.19%,329,95.36%,16,4.64,345,1,0.29%,5,1.45%,305,88.41%,34,9.86%,6,1.74,345
CRIANÇA,0 a < 5 anos,2025,SUDESTE,35,SP,351540,FARTURA,23,2.88%,23,2.88%,753,94.24%,46,5.76,799,4,0.5%,17,2.13%,708,88.61%,70,8.76%,21,2.63,799
CRIANÇA,0 a < 5 anos,2025,SUDESTE,35,SP,351550,FERNANDOPOLIS,29,1.27%,101,4.41%,2159,94.32%,130,5.68,2289,18,0.79%,42,1.83%,2065,90.21%,164,7.16%,60,2.62,2289
CRIANÇA,0 a < 5 anos,2025,SUDESTE,35,SP,351560,FERNANDO PRESTES,9,3.88%,11,4.74%,212,91.38%,20,8.62,232,2,0.86%,2,0.86%,200,86.21%,28,12.07%,4,1.72,232
CRIANÇA,0 a < 5 anos,2025,SUDESTE,35,SP,351565,FERNAO,1,1.08%,8,8.6%,84,90.32%,9,9.68,93,1,1.08%,2,2.15%,81,87.1%,9,9.68%,3,3.23,93
CRIANÇA,0 a < 5 anos,2025,SUDESTE,35,SP,351570,FERRAZ DE VASCONCELOS,189,2.62%,529,7.33%,6494,90.04%,718,9.96,7212,56,0.78%,99,1.37%,6546,90.75%,512,7.1%,155,2.15,7213
CRIANÇA,0 a < 5 anos,2025,SUDESTE,35,SP,351580,FLORA RICA,5,7.25%,4,5.8%,60,86.96%,9,13.04,69,0,-,0,-,66,95.65%,3,4.35%,0,0.0,69
CRIANÇA,0 a < 5 anos,2025,SUDESTE,35,SP,351590,FLOREAL,4,3.48%,6,5.22%,105,91.3%,10,8.7,115,2,1.74%,3,2.61%,102,88.7%,8,6.96%,5,4.35,115
CRIANÇA,0 a < 5 anos,2025,SUDESTE,35,SP,351600,FLORIDA PAULISTA,6,1.51%,16,4.03%,375,94.46%,22,5.54,397,2,0.5%,4,1.01%,350,88.16%,41,10.33%,6,1.51,397
CRIANÇA,0 a < 5 anos,2025,SUDESTE,35,SP,351610,FLORINEA,2,2.04%,9,9.18%,87,88.78%,11,11.22,98,0,-,0,-,88,89.8%,10,10.2%,0,0.0,98
CRIANÇA,0 a < 5 anos,2025,SUDESTE,35,SP,351620,FRANCA,173,1.83%,451,4.77%,8827,93.4%,624,6.6,9451,78,0.83%,182,1.93%,8705,92.11%,486,5.14%,260,2.75,9451
CRIANÇA,0 a < 5 anos,2025,SUDESTE,35,SP,351630,FRANCISCO MORATO,318,3.97%,488,6.1%,7196,89.93%,806,10.07,8002,66,0.82%,157,1.96%,7060,88.23%,719,8.99%,223,2.79,8002
CRIANÇA,0 a < 5 anos,2025,SUDESTE,35,SP,351640,FRANCO DA ROCHA,288,4.43%,420,6.47%,5788,89.1%,708,10.9,6496,54,0.83%,114,1.75%,5816,89.53%,512,7.88%,168,2.59,6496
CRIANÇA,0 a < 5 anos,2025,SUDESTE,35,SP,351650,GABRIEL MONTEIRO,0,-,3,2.8%,104,97.2%,3,2.8,107,0,-,0,-,95,88.79%,12,11.21%,0,0.0,107
CRIANÇA,0 a < 5 anos,2025,SUDESTE,35,SP,351660,GALIA,5,2.39%,6,2.87%,198,94.74%,11,5.26,209,0,-,3,1.44%,184,88.04%,22,10.53%,3,1.44,209
CRIANÇA,0 a < 5 anos,2025,SUDESTE,35,SP,351670,GARCA,43,2.45%,56,3.19%,1659,94.37%,99,5.63,1758,8,0.46%,25,1.42%,1594,90.67%,131,7.45%,33,1.88,1758
CRIANÇA,0 a < 5 anos,2025,SUDESTE,35,SP,351680,GASTAO VIDIGAL,0,-,2,1.31%,151,98.69%,2,1.31,153,0,-,1,0.65%,142,92.81%,10,6.54%,1,0.65,153
CRIANÇA,0 a < 5 anos,2025,SUDESTE,35,SP,351685,GAVIAO PEIXOTO,2,0.68%,1,0.34%,289,98.97%,3,1.03,292,2,0.68%,3,1.03%,271,92.81%,16,5.48%,5,1.71,292
CRIANÇA,0 a < 5 anos,2025,SUDESTE,35,SP,351690,GENERAL SALGADO,3,0.82%,15,4.1%,348,95.08%,18,4.92,366,2,0.55%,4,1.09%,334,91.26%,26,7.1%,6,1.64,366
CRIANÇA,0 a < 5 anos,2025,SUDESTE,35,SP,351700,GETULINA,6,2.03%,15,5.08%,274,92.88%,21,7.12,295,2,0.68%,7,2.37%,263,89.15%,23,7.8%,9,3.05,295
CRIANÇA,0 a < 5 anos,2025,SUDESTE,35,SP,351710,GLICERIO,8,4.42%,11,6.08%,162,89.5%,19,10.5,181,0,-,5,2.76%,166,91.71%,10,5.52%,5,2.76,181
CRIANÇA,0 a < 5 anos,2025,SUDESTE,35,SP,351720,GUAICARA,22,3.94%,30,5.37%,507,90.7%,52,9.3,559,5,0.89%,6,1.07%,490,87.66%,58,10.38%,11,1.97,559
CRIANÇA,0 a < 5 anos,2025,SUDESTE,35,SP,351730,GUAIMBE,0,-,11,5.67%,183,94.33%,11,5.67,194,0,-,4,2.06%,168,86.6%,22,11.34%,4,2.06,194
CRIANÇA,0 a < 5 anos,2025,SUDESTE,35,SP,351740,GUAIRA,32,2.3%,75,5.4%,1282,92.3%,107,7.7,1389,5,0.36%,30,2.16%,1254,90.28%,100,7.2%,35,2.52,1389
CRIANÇA,0 a < 5 anos,2025,SUDESTE,35,SP,351750,GUAPIACU,17,1.83%,64,6.87%,850,91.3%,81,8.7,931,9,0.97%,19,2.04%,836,89.8%,67,7.2%,28,3.01,931
CRIANÇA,0 a < 5 anos,2025,SUDESTE,35,SP,351760,GUAPIARA,17,2.4%,42,5.93%,649,91.67%,59,8.33,708,5,0.71%,8,1.13%,619,87.43%,76,10.73%,13,1.84,708
CRIANÇA,0 a < 5 anos,2025,SUDESTE,35,SP,351770,GUARA,22,2.83%,29,3.73%,727,93.44%,51,6.56,778,4,0.51%,5,0.64%,710,91.26%,59,7.58%,9,1.16,778
CRIANÇA,0 a < 5 anos,2025,SUDESTE,35,SP,351780,GUARACAI,5,1.92%,12,4.62%,243,93.46%,17,6.54,260,1,0.38%,5,1.92%,239,91.92%,15,5.77%,6,2.31,260
CRIANÇA,0 a < 5 anos,2025,SUDESTE,35,SP,351790,GUARACI,15,3.7%,29,7.16%,361,89.14%,44,10.86,405,5,1.23%,3,0.74%,355,87.65%,42,10.37%,8,1.98,405
CRIANÇA,0 a < 5 anos,2025,SUDESTE,35,SP,351800,GUARANI D'OESTE,5,5.1%,2,2.04%,91,92.86%,7,7.14,98,2,2.04%,2,2.04%,90,91.84%,4,4.08%,4,4.08,98
CRIANÇA,0 a < 5 anos,2025,SUDESTE,35,SP,351810,GUARANTA,6,2.13%,22,7.8%,254,90.07%,28,9.93,282,2,0.71%,6,2.13%,257,91.13%,17,6.03%,8,2.84,282
CRIANÇA,0 a < 5 anos,2025,SUDESTE,35,SP,351820,GUARARAPES,9,1.04%,29,3.36%,826,95.6%,38,4.4,864,2,0.23%,15,1.74%,789,91.32%,58,6.71%,17,1.97,864
CRIANÇA,0 a < 5 anos,2025,SUDESTE,35,SP,351830,GUARAREMA,11,0.87%,30,2.38%,1217,96.74%,41,3.26,1258,3,0.24%,14,1.11%,1160,92.21%,81,6.44%,17,1.35,1258
CRIANÇA,0 a < 5 anos,2025,SUDESTE,35,SP,351840,GUARATINGUETA,60,1.92%,172,5.51%,2891,92.57%,232,7.43,3123,15,0.48%,62,1.99%,2829,90.59%,217,6.95%,77,2.47,3123
CRIANÇA,0 a < 5 anos,2025,SUDESTE,35,SP,351850,GUAREI,9,1.53%,25,4.25%,554,94.22%,34,5.78,588,3,0.51%,7,1.19%,531,90.31%,47,7.99%,10,1.7,588
CRIANÇA,0 a < 5 anos,2025,SUDESTE,35,SP,351860,GUARIBA,50,7.41%,41,6.07%,584,86.52%,91,13.48,675,19,2.81%,22,3.26%,574,85.04%,60,8.89%,41,6.07,675
CRIANÇA,0 a < 5 anos,2025,SUDESTE,35,SP,351870,GUARUJA,237,2.87%,539,6.53%,7473,90.59%,776,9.41,8249,160,1.94%,148,1.79%,7355,89.16%,586,7.1%,308,3.73,8249
CRIANÇA,0 a < 5 anos,2025,SUDESTE,35,SP,351880,GUARULHOS,1901,4.79%,2496,6.29%,35308,88.93%,4397,11.07,39705,364,0.92%,800,2.01%,35575,89.6%,2964,7.47%,1164,2.93,39703
CRIANÇA,0 a < 5 anos,2025,SUDESTE,35,SP,351885,GUATAPARA,0,-,9,2.99%,292,97.01%,9,2.99,301,0,-,3,1%,276,91.69%,22,7.31%,3,1.0,301
CRIANÇA,0 a < 5 anos,2025,SUDESTE,35,SP,351890,GUZOLANDIA,7,3.03%,8,3.46%,216,93.51%,15,6.49,231,3,1.3%,4,1.73%,200,86.58%,24,10.39%,7,3.03,231
CRIANÇA,0 a < 5 anos,2025,SUDESTE,35,SP,351900,HERCULANDIA,5,7.04%,5,7.04%,61,85.92%,10,14.08,71,3,4.23%,2,2.82%,61,85.92%,5,7.04%,5,7.04,71
CRIANÇA,0 a < 5 anos,2025,SUDESTE,35,SP,351905,HOLAMBRA,3,1.32%,11,4.82%,214,93.86%,14,6.14,228,3,1.32%,5,2.19%,185,81.14%,35,15.35%,8,3.51,228
CRIANÇA,0 a < 5 anos,2025,SUDESTE,35,SP,351907,HORTOLANDIA,153,4.42%,161,4.65%,3147,90.93%,314,9.07,3461,75,2.17%,63,1.82%,3035,87.67%,289,8.35%,138,3.99,3462
CRIANÇA,0 a < 5 anos,2025,SUDESTE,35,SP,351910,IACANGA,9,1.95%,20,4.33%,433,93.72%,29,6.28,462,2,0.43%,8,1.73%,418,90.48%,34,7.36%,10,2.16,462
CRIANÇA,0 a < 5 anos,2025,SUDESTE,35,SP,351920,IACRI,2,1.63%,5,4.07%,116,94.31%,7,5.69,123,0,-,1,0.81%,114,92.68%,8,6.5%,1,0.81,123
CRIANÇA,0 a < 5 anos,2025,SUDESTE,35,SP,351925,IARAS,10,2.93%,34,9.97%,297,87.1%,44,12.9,341,3,0.88%,5,1.47%,311,91.2%,22,6.45%,8,2.35,341
CRIANÇA,0 a < 5 anos,2025,SUDESTE,35,SP,351930,IBATE,23,1.88%,56,4.57%,1147,93.56%,79,6.44,1226,7,0.57%,26,2.12%,1102,89.89%,91,7.42%,33,2.69,1226
CRIANÇA,0 a < 5 anos,2025,SUDESTE,35,SP,351940,IBIRA,9,1.71%,7,1.33%,510,96.96%,16,3.04,526,4,0.76%,3,0.57%,467,88.78%,52,9.89%,7,1.33,526
CRIANÇA,0 a < 5 anos,2025,SUDESTE,35,SP,351950,IBIRAREMA,9,3.18%,18,6.36%,256,90.46%,27,9.54,283,1,0.35%,4,1.41%,243,85.87%,35,12.37%,5,1.77,283
CRIANÇA,0 a < 5 anos,2025,SUDESTE,35,SP,351960,IBITINGA,25,1.8%,62,4.46%,1303,93.74%,87,6.26,1390,11,0.79%,18,1.29%,1252,90.07%,109,7.84%,29,2.09,1390
CRIANÇA,0 a < 5 anos,2025,SUDESTE,35,SP,351970,IBIUNA,112,3.94%,188,6.62%,2541,89.44%,300,10.56,2841,44,1.55%,49,1.73%,2558,90.07%,189,6.65%,93,3.27,2840
CRIANÇA,0 a < 5 anos,2025,SUDESTE,35,SP,351980,ICEM,3,1.05%,9,3.15%,274,95.8%,12,4.2,286,2,0.7%,4,1.4%,259,90.56%,21,7.34%,6,2.1,286
CRIANÇA,0 a < 5 anos,2025,SUDESTE,35,SP,351990,IEPE,6,2.17%,11,3.97%,260,93.86%,17,6.14,277,2,0.72%,5,1.81%,251,90.61%,19,6.86%,7,2.53,277
CRIANÇA,0 a < 5 anos,2025,SUDESTE,35,SP,352000,IGARACU DO TIETE,16,2.29%,40,5.72%,643,91.99%,56,8.01,699,5,0.72%,16,2.29%,617,88.27%,61,8.73%,21,3.0,699
CRIANÇA,0 a < 5 anos,2025,SUDESTE,35,SP,352010,IGARAPAVA,34,4.16%,69,8.45%,714,87.39%,103,12.61,817,6,0.73%,21,2.57%,721,88.25%,69,8.45%,27,3.3,817
CRIANÇA,0 a < 5 anos,2025,SUDESTE,35,SP,352020,IGARATA,14,2.49%,18,3.2%,530,94.31%,32,5.69,562,1,0.18%,9,1.6%,507,90.21%,45,8.01%,10,1.78,562
CRIANÇA,0 a < 5 anos,2025,SUDESTE,35,SP,352030,IGUAPE,18,1.44%,57,4.57%,1172,93.99%,75,6.01,1247,2,0.16%,15,1.2%,1126,90.3%,104,8.34%,17,1.36,1247
CRIANÇA,0 a < 5 anos,2025,SUDESTE,35,SP,352040,ILHABELA,24,1.17%,103,5.01%,1930,93.83%,127,6.17,2057,4,0.19%,31,1.51%,1892,91.98%,130,6.32%,35,1.7,2057
CRIANÇA,0 a < 5 anos,2025,SUDESTE,35,SP,352042,ILHA COMPRIDA,5,0.71%,20,2.83%,681,96.46%,25,3.54,706,4,0.57%,8,1.13%,653,92.49%,41,5.81%,12,1.7,706
CRIANÇA,0 a < 5 anos,2025,SUDESTE,35,SP,352044,ILHA SOLTEIRA,11,1.43%,24,3.12%,734,95.45%,35,4.55,769,4,0.52%,6,0.78%,699,90.9%,60,7.8%,10,1.3,769
CRIANÇA,0 a < 5 anos,2025,SUDESTE,35,SP,352050,INDAIATUBA,100,1.57%,296,4.66%,5954,93.76%,396,6.24,6350,21,0.33%,130,2.05%,5824,91.72%,375,5.91%,151,2.38,6350
CRIANÇA,0 a < 5 anos,2025,SUDESTE,35,SP,352060,INDIANA,4,1.58%,4,1.58%,245,96.84%,8,3.16,253,1,0.4%,2,0.79%,229,90.51%,21,8.3%,3,1.19,253
CRIANÇA,0 a < 5 anos,2025,SUDESTE,35,SP,352070,INDIAPORA,4,1.97%,14,6.9%,185,91.13%,18,8.87,203,1,0.49%,6,2.96%,181,89.16%,15,7.39%,7,3.45,203
CRIANÇA,0 a < 5 anos,2025,SUDESTE,35,SP,352080,INUBIA PAULISTA,2,1.23%,9,5.52%,152,93.25%,11,6.75,163,0,-,6,3.68%,140,85.89%,17,10.43%,6,3.68,163
CRIANÇA,0 a < 5 anos,2025,SUDESTE,35,SP,352090,IPAUSSU,20,3.74%,39,7.29%,476,88.97%,59,11.03,535,4,0.75%,9,1.68%,483,90.28%,39,7.29%,13,2.43,535
CRIANÇA,0 a < 5 anos,2025,SUDESTE,35,SP,352100,IPERO,22,1.31%,78,4.64%,1581,94.05%,100,5.95,1681,7,0.42%,22,1.31%,1548,92.09%,104,6.19%,29,1.73,1681
CRIANÇA,0 a < 5 anos,2025,SUDESTE,35,SP,352110,IPEUNA,9,2.52%,25,7%,323,90.48%,34,9.52,357,1,0.28%,11,3.08%,324,90.76%,21,5.88%,12,3.36,357
CRIANÇA,0 a < 5 anos,2025,SUDESTE,35,SP,352115,IPIGUA,2,0.81%,5,2.02%,241,97.18%,7,2.82,248,0,-,2,0.81%,228,91.94%,18,7.26%,2,0.81,248
CRIANÇA,0 a < 5 anos,2025,SUDESTE,35,SP,352120,IPORANGA,4,1.72%,6,2.59%,222,95.69%,10,4.31,232,2,0.86%,2,0.86%,202,87.07%,26,11.21%,4,1.72,232
CRIANÇA,0 a < 5 anos,2025,SUDESTE,35,SP,352130,IPUA,11,1.7%,36,5.57%,599,92.72%,47,7.28,646,3,0.46%,9,1.39%,577,89.32%,57,8.82%,12,1.86,646
CRIANÇA,0 a < 5 anos,2025,SUDESTE,35,SP,352140,IRACEMAPOLIS,18,2.76%,34,5.21%,600,92.02%,52,7.98,652,3,0.46%,5,0.77%,594,91.1%,50,7.67%,8,1.23,652
CRIANÇA,0 a < 5 anos,2025,SUDESTE,35,SP,352150,IRAPUA,1,0.23%,11,2.54%,421,97.23%,12,2.77,433,0,-,7,1.62%,389,89.84%,37,8.55%,7,1.62,433
CRIANÇA,0 a < 5 anos,2025,SUDESTE,35,SP,352160,IRAPURU,5,2.53%,6,3.03%,187,94.44%,11,5.56,198,0,-,4,2.02%,165,83.33%,29,14.65%,4,2.02,198
CRIANÇA,0 a < 5 anos,2025,SUDESTE,35,SP,352170,ITABERA,23,2.38%,45,4.66%,897,92.95%,68,7.05,965,3,0.31%,18,1.87%,758,78.55%,186,19.27%,21,2.18,965
CRIANÇA,0 a < 5 anos,2025,SUDESTE,35,SP,352180,ITAI,16,1.41%,37,3.26%,1082,95.33%,53,4.67,1135,9,0.79%,21,1.85%,1036,91.28%,69,6.08%,30,2.64,1135
CRIANÇA,0 a < 5 anos,2025,SUDESTE,35,SP,352190,ITAJOBI,20,4.38%,31,6.78%,406,88.84%,51,11.16,457,1,0.22%,4,0.88%,418,91.47%,34,7.44%,5,1.09,457
CRIANÇA,0 a < 5 anos,2025,SUDESTE,35,SP,352200,ITAJU,7,3.4%,10,4.85%,189,91.75%,17,8.25,206,1,0.49%,1,0.49%,184,89.32%,20,9.71%,2,0.97,206
CRIANÇA,0 a < 5 anos,2025,SUDESTE,35,SP,352210,ITANHAEM,76,2.3%,167,5.05%,3064,92.65%,243,7.35,3307,30,0.91%,60,1.81%,2963,89.6%,254,7.68%,90,2.72,3307
CRIANÇA,0 a < 5 anos,2025,SUDESTE,35,SP,352215,ITAOCA,3,1.67%,3,1.67%,174,96.67%,6,3.33,180,0,-,2,1.11%,166,92.22%,12,6.67%,2,1.11,180
CRIANÇA,0 a < 5 anos,2025,SUDESTE,35,SP,352220,ITAPECERICA DA SERRA,246,4.38%,359,6.39%,5011,89.23%,605,10.77,5616,70,1.25%,135,2.4%,4987,88.78%,425,7.57%,205,3.65,5617
CRIANÇA,0 a < 5 anos,2025,SUDESTE,35,SP,352230,ITAPETININGA,168,2.28%,437,5.94%,6756,91.78%,605,8.22,7361,36,0.49%,141,1.92%,6731,91.44%,453,6.15%,177,2.4,7361
CRIANÇA,0 a < 5 anos,2025,SUDESTE,35,SP,352240,ITAPEVA,92,2.01%,251,5.48%,4234,92.51%,343,7.49,4577,14,0.31%,68,1.49%,4162,90.93%,333,7.28%,82,1.79,4577
CRIANÇA,0 a < 5 anos,2025,SUDESTE,35,SP,352250,ITAPEVI,201,2.47%,364,4.47%,7577,93.06%,565,6.94,8142,45,0.55%,162,1.99%,7423,91.16%,513,6.3%,207,2.54,8143
CRIANÇA,0 a < 5 anos,2025,SUDESTE,35,SP,352260,ITAPIRA,45,3.1%,81,5.59%,1324,91.31%,126,8.69,1450,9,0.62%,22,1.52%,1314,90.62%,105,7.24%,31,2.14,1450
CRIANÇA,0 a < 5 anos,2025,SUDESTE,35,SP,352265,ITAPIRAPUA PAULISTA,11,3.36%,14,4.28%,302,92.35%,25,7.65,327,1,0.31%,4,1.22%,288,88.07%,34,10.4%,5,1.53,327
CRIANÇA,0 a < 5 anos,2025,SUDESTE,35,SP,352270,ITAPOLIS,24,1.78%,67,4.98%,1254,93.23%,91,6.77,1345,6,0.45%,16,1.19%,1228,91.3%,95,7.06%,22,1.64,1345
CRIANÇA,0 a < 5 anos,2025,SUDESTE,35,SP,352280,ITAPORANGA,9,1.47%,24,3.93%,578,94.6%,33,5.4,611,3,0.49%,11,1.8%,542,88.71%,55,9%,14,2.29,611
CRIANÇA,0 a < 5 anos,2025,SUDESTE,35,SP,352290,ITAPUI,16,1.81%,38,4.3%,829,93.88%,54,6.12,883,1,0.11%,9,1.02%,787,89.13%,86,9.74%,10,1.13,883
CRIANÇA,0 a < 5 anos,2025,SUDESTE,35,SP,352300,ITAPURA,1,0.57%,13,7.43%,161,92%,14,8.0,175,0,-,2,1.14%,154,88%,19,10.86%,2,1.14,175
CRIANÇA,0 a < 5 anos,2025,SUDESTE,35,SP,352310,ITAQUAQUECETUBA,391,4.26%,639,6.96%,8152,88.78%,1030,11.22,9182,56,0.61%,135,1.47%,8281,90.21%,708,7.71%,191,2.08,9180
CRIANÇA,0 a < 5 anos,2025,SUDESTE,35,SP,352320,ITARARE,45,2.18%,127,6.17%,1888,91.65%,172,8.35,2060,7,0.34%,38,1.84%,1872,90.87%,143,6.94%,45,2.18,2060
CRIANÇA,0 a < 5 anos,2025,SUDESTE,35,SP,352330,ITARIRI,25,3.9%,43,6.71%,573,89.39%,68,10.61,641,7,1.09%,24,3.74%,550,85.8%,60,9.36%,31,4.84,641
CRIANÇA,0 a < 5 anos,2025,SUDESTE,35,SP,352340,ITATIBA,102,2.9%,167,4.75%,3250,92.36%,269,7.64,3519,30,0.85%,58,1.65%,3228,91.73%,203,5.77%,88,2.5,3519
CRIANÇA,0 a < 5 anos,2025,SUDESTE,35,SP,352350,ITATINGA,16,2.23%,40,5.56%,663,92.21%,56,7.79,719,3,0.42%,11,1.53%,636,88.46%,69,9.6%,14,1.95,719
CRIANÇA,0 a < 5 anos,2025,SUDESTE,35,SP,352360,ITIRAPINA,11,1.86%,22,3.72%,558,94.42%,33,5.58,591,3,0.51%,9,1.52%,527,89.17%,52,8.8%,12,2.03,591
CRIANÇA,0 a < 5 anos,2025,SUDESTE,35,SP,352370,ITIRAPUA,3,0.94%,17,5.35%,298,93.71%,20,6.29,318,3,0.94%,3,0.94%,294,92.45%,18,5.66%,6,1.89,318
CRIANÇA,0 a < 5 anos,2025,SUDESTE,35,SP,352380,ITOBI,11,3.33%,16,4.85%,303,91.82%,27,8.18,330,2,0.61%,3,0.91%,291,88.18%,34,10.3%,5,1.52,330
CRIANÇA,0 a < 5 anos,2025,SUDESTE,35,SP,352390,ITU,202,3%,386,5.74%,6135,91.25%,588,8.75,6723,72,1.07%,145,2.16%,6092,90.61%,414,6.16%,217,3.23,6723
CRIANÇA,0 a < 5 anos,2025,SUDESTE,35,SP,352400,ITUPEVA,11,1.98%,33,5.95%,511,92.07%,44,7.93,555,1,0.18%,4,0.72%,509,91.71%,41,7.39%,5,0.9,555
CRIANÇA,0 a < 5 anos,2025,SUDESTE,35,SP,352410,ITUVERAVA,28,2.38%,42,3.57%,1106,94.05%,70,5.95,1176,5,0.43%,16,1.36%,1051,89.37%,104,8.84%,21,1.79,1176
CRIANÇA,0 a < 5 anos,2025,SUDESTE,35,SP,352420,JABORANDI,6,2.46%,13,5.33%,225,92.21%,19,7.79,244,2,0.82%,2,0.82%,212,86.89%,28,11.48%,4,1.64,244
CRIANÇA,0 a < 5 anos,2025,SUDESTE,35,SP,352430,JABOTICABAL,42,3.08%,79,5.8%,1241,91.12%,121,8.88,1362,20,1.47%,26,1.91%,1215,89.21%,101,7.42%,46,3.38,1362
CRIANÇA,0 a < 5 anos,2025,SUDESTE,35,SP,352440,JACAREI,145,2.44%,280,4.72%,5507,92.84%,425,7.16,5932,59,0.99%,119,2.01%,5344,90.09%,410,6.91%,178,3.0,5932
CRIANÇA,0 a < 5 anos,2025,SUDESTE,35,SP,352450,JACI,4,1.11%,21,5.85%,334,93.04%,25,6.96,359,3,0.84%,2,0.56%,321,89.42%,33,9.19%,5,1.39,359
CRIANÇA,0 a < 5 anos,2025,SUDESTE,35,SP,352460,JACUPIRANGA,27,3.18%,41,4.83%,781,91.99%,68,8.01,849,6,0.71%,12,1.41%,768,90.46%,63,7.42%,18,2.12,849
CRIANÇA,0 a < 5 anos,2025,SUDESTE,35,SP,352470,JAGUARIUNA,22,1.01%,76,3.5%,2071,95.48%,98,4.52,2169,8,0.37%,31,1.43%,1989,91.7%,141,6.5%,39,1.8,2169
CRIANÇA,0 a < 5 anos,2025,SUDESTE,35,SP,352480,JALES,20,1.51%,66,4.97%,1242,93.52%,86,6.48,1328,18,1.36%,22,1.66%,1204,90.66%,84,6.33%,40,3.01,1328
CRIANÇA,0 a < 5 anos,2025,SUDESTE,35,SP,352490,JAMBEIRO,8,3.25%,13,5.28%,225,91.46%,21,8.54,246,1,0.41%,7,2.85%,224,91.06%,14,5.69%,8,3.25,246
CRIANÇA,0 a < 5 anos,2025,SUDESTE,35,SP,352500,JANDIRA,95,3.27%,184,6.34%,2625,90.39%,279,9.61,2904,19,0.65%,66,2.27%,2590,89.19%,229,7.89%,85,2.93,2904
CRIANÇA,0 a < 5 anos,2025,SUDESTE,35,SP,352510,JARDINOPOLIS,29,1.77%,57,3.47%,1557,94.77%,86,5.23,1643,14,0.85%,14,0.85%,1473,89.65%,142,8.64%,28,1.7,1643
CRIANÇA,0 a < 5 anos,2025,SUDESTE,35,SP,352520,JARINU,24,2.19%,47,4.28%,1027,93.53%,71,6.47,1098,18,1.64%,14,1.28%,1002,91.26%,64,5.83%,32,2.91,1098
CRIANÇA,0 a < 5 anos,2025,SUDESTE,35,SP,352530,JAU,111,4.25%,146,5.59%,2356,90.16%,257,9.84,2613,26,1%,61,2.33%,2338,89.48%,188,7.19%,87,3.33,2613
CRIANÇA,0 a < 5 anos,2025,SUDESTE,35,SP,352540,JERIQUARA,3,1.61%,9,4.84%,174,93.55%,12,6.45,186,1,0.54%,2,1.08%,167,89.78%,16,8.6%,3,1.61,186
CRIANÇA,0 a < 5 anos,2025,SUDESTE,35,SP,352550,JOANOPOLIS,9,1.72%,16,3.05%,499,95.23%,25,4.77,524,2,0.38%,7,1.34%,475,90.65%,40,7.63%,9,1.72,524
CRIANÇA,0 a < 5 anos,2025,SUDESTE,35,SP,352560,JOAO RAMALHO,7,3.74%,6,3.21%,174,93.05%,13,6.95,187,2,1.07%,3,1.6%,162,86.63%,20,10.7%,5,2.67,187
CRIANÇA,0 a < 5 anos,2025,SUDESTE,35,SP,352570,JOSE BONIFACIO,24,1.49%,54,3.36%,1528,95.14%,78,4.86,1606,8,0.5%,23,1.43%,1457,90.72%,118,7.35%,31,1.93,1606
CRIANÇA,0 a < 5 anos,2025,SUDESTE,35,SP,352580,JULIO MESQUITA,10,3.61%,22,7.94%,245,88.45%,32,11.55,277,2,0.72%,4,1.44%,248,89.53%,23,8.3%,6,2.17,277
CRIANÇA,0 a < 5 anos,2025,SUDESTE,35,SP,352585,JUMIRIM,2,1.02%,7,3.55%,188,95.43%,9,4.57,197,2,1.02%,2,1.02%,179,90.86%,14,7.11%,4,2.03,197
CRIANÇA,0 a < 5 anos,2025,SUDESTE,35,SP,352590,JUNDIAI,411,3.64%,564,5%,10302,91.35%,975,8.65,11277,134,1.19%,271,2.4%,10198,90.43%,674,5.98%,405,3.59,11277
CRIANÇA,0 a < 5 anos,2025,SUDESTE,35,SP,352600,JUNQUEIROPOLIS,14,1.54%,30,3.29%,867,95.17%,44,4.83,911,5,0.55%,13,1.43%,827,90.78%,66,7.24%,18,1.98,911
CRIANÇA,0 a < 5 anos,2025,SUDESTE,35,SP,352610,JUQUIA,12,1.45%,44,5.3%,774,93.25%,56,6.75,830,5,0.6%,14,1.69%,749,90.24%,62,7.47%,19,2.29,830
CRIANÇA,0 a < 5 anos,2025,SUDESTE,35,SP,352620,JUQUITIBA,48,3.99%,73,6.06%,1083,89.95%,121,10.05,1204,15,1.25%,30,2.49%,1065,88.46%,94,7.81%,45,3.74,1204
CRIANÇA,0 a < 5 anos,2025,SUDESTE,35,SP,352630,LAGOINHA,6,2.62%,6,2.62%,217,94.76%,12,5.24,229,0,-,3,1.31%,214,93.45%,12,5.24%,3,1.31,229
CRIANÇA,0 a < 5 anos,2025,SUDESTE,35,SP,352640,LARANJAL PAULISTA,35,3.3%,53,4.99%,974,91.71%,88,8.29,1062,5,0.47%,13,1.22%,942,88.7%,102,9.6%,18,1.69,1062
CRIANÇA,0 a < 5 anos,2025,SUDESTE,35,SP,352650,LAVINIA,5,2.78%,14,7.78%,161,89.44%,19,10.56,180,1,0.56%,1,0.56%,165,91.67%,13,7.22%,2,1.11,180
CRIANÇA,0 a < 5 anos,2025,SUDESTE,35,SP,352660,LAVRINHAS,10,3.19%,11,3.51%,292,93.29%,21,6.71,313,0,-,7,2.24%,293,93.61%,13,4.15%,7,2.24,313
CRIANÇA,0 a < 5 anos,2025,SUDESTE,35,SP,352670,LEME,81,2.66%,152,4.99%,2816,92.36%,233,7.64,3049,28,0.92%,77,2.53%,2735,89.7%,209,6.85%,105,3.44,3049
CRIANÇA,0 a < 5 anos,2025,SUDESTE,35,SP,352680,LENCOIS PAULISTA,33,1.2%,138,5.03%,2574,93.77%,171,6.23,2745,7,0.26%,39,1.42%,2449,89.22%,250,9.11%,46,1.68,2745
CRIANÇA,0 a < 5 anos,2025,SUDESTE,35,SP,352690,LIMEIRA,159,2.42%,306,4.65%,6110,92.93%,465,7.07,6575,48,0.73%,101,1.54%,5961,90.66%,465,7.07%,149,2.27,6575
CRIANÇA,0 a < 5 anos,2025,SUDESTE,35,SP,352700,LINDOIA,1,1.33%,2,2.67%,72,96%,3,4.0,75,0,-,0,-,70,93.33%,5,6.67%,0,0.0,75
CRIANÇA,0 a < 5 anos,2025,SUDESTE,35,SP,352710,LINS,34,1.33%,89,3.49%,2429,95.18%,123,4.82,2552,14,0.55%,46,1.8%,2295,89.93%,197,7.72%,60,2.35,2552
CRIANÇA,0 a < 5 anos,2025,SUDESTE,35,SP,352720,LORENA,47,1.58%,111,3.74%,2810,94.68%,158,5.32,2968,18,0.61%,48,1.62%,2710,91.31%,192,6.47%,66,2.22,2968
CRIANÇA,0 a < 5 anos,2025,SUDESTE,35,SP,352725,LOURDES,6,6.67%,8,8.89%,76,84.44%,14,15.56,90,0,-,1,1.11%,84,93.33%,5,5.56%,1,1.11,90
CRIANÇA,0 a < 5 anos,2025,SUDESTE,35,SP,352730,LOUVEIRA,24,1.05%,104,4.54%,2162,94.41%,128,5.59,2290,6,0.26%,37,1.62%,2132,93.14%,114,4.98%,43,1.88,2289
CRIANÇA,0 a < 5 anos,2025,SUDESTE,35,SP,352740,LUCELIA,6,1.44%,18,4.32%,393,94.24%,24,5.76,417,11,2.64%,18,4.32%,368,88.25%,20,4.8%,29,6.95,417
CRIANÇA,0 a < 5 anos,2025,SUDESTE,35,SP,352750,LUCIANOPOLIS,2,1.63%,0,-,121,98.37%,2,1.63,123,0,-,0,-,114,92.68%,9,7.32%,0,0.0,123
CRIANÇA,0 a < 5 anos,2025,SUDESTE,35,SP,352760,LUIS ANTONIO,5,0.77%,23,3.54%,622,95.69%,28,4.31,650,4,0.62%,7,1.08%,595,91.54%,44,6.77%,11,1.69,650
CRIANÇA,0 a < 5 anos,2025,SUDESTE,35,SP,352770,LUIZIANIA,5,1.68%,22,7.38%,271,90.94%,27,9.06,298,1,0.34%,5,1.68%,273,91.61%,19,6.38%,6,2.01,298
CRIANÇA,0 a < 5 anos,2025,SUDESTE,35,SP,352780,LUPERCIO,1,0.7%,12,8.45%,129,90.85%,13,9.15,142,1,0.7%,2,1.41%,130,91.55%,9,6.34%,3,2.11,142
CRIANÇA,0 a < 5 anos,2025,SUDESTE,35,SP,352790,LUTECIA,5,3.94%,8,6.3%,114,89.76%,13,10.24,127,1,0.79%,1,0.79%,117,92.13%,8,6.3%,2,1.57,127
CRIANÇA,0 a < 5 anos,2025,SUDESTE,35,SP,352800,MACATUBA,18,3.37%,24,4.49%,492,92.13%,42,7.87,534,4,0.75%,13,2.43%,476,89.14%,41,7.68%,17,3.18,534
CRIANÇA,0 a < 5 anos,2025,SUDESTE,35,SP,352810,MACAUBAL,6,2.39%,13,5.18%,232,92.43%,19,7.57,251,4,1.59%,1,0.4%,227,90.44%,19,7.57%,5,1.99,251
CRIANÇA,0 a < 5 anos,2025,SUDESTE,35,SP,352820,MACEDONIA,4,2.16%,5,2.7%,176,95.14%,9,4.86,185,2,1.08%,3,1.62%,163,88.11%,17,9.19%,5,2.7,185
CRIANÇA,0 a < 5 anos,2025,SUDESTE,35,SP,352830,MAGDA,3,2.1%,5,3.5%,135,94.41%,8,5.59,143,0,-,1,0.7%,135,94.41%,7,4.9%,1,0.7,143
CRIANÇA,0 a < 5 anos,2025,SUDESTE,35,SP,352840,MAIRINQUE,44,2.3%,117,6.12%,1752,91.58%,161,8.42,1913,11,0.58%,38,1.99%,1731,90.49%,133,6.95%,49,2.56,1913
CRIANÇA,0 a < 5 anos,2025,SUDESTE,35,SP,352850,MAIRIPORA,127,3.9%,195,5.99%,2932,90.1%,322,9.9,3254,34,1.04%,65,2%,2915,89.55%,241,7.4%,99,3.04,3255
CRIANÇA,0 a < 5 anos,2025,SUDESTE,35,SP,352860,MANDURI,6,1.32%,30,6.61%,418,92.07%,36,7.93,454,2,0.44%,4,0.88%,401,88.33%,47,10.35%,6,1.32,454
CRIANÇA,0 a < 5 anos,2025,SUDESTE,35,SP,352870,MARABA PAULISTA,8,5.1%,1,0.64%,148,94.27%,9,5.73,157,4,2.55%,1,0.64%,142,90.45%,10,6.37%,5,3.18,157
CRIANÇA,0 a < 5 anos,2025,SUDESTE,35,SP,352880,MARACAI,4,0.79%,16,3.14%,489,96.07%,20,3.93,509,3,0.59%,7,1.38%,466,91.55%,33,6.48%,10,1.96,509
CRIANÇA,0 a < 5 anos,2025,SUDESTE,35,SP,352885,MARAPOAMA,3,2.65%,5,4.42%,105,92.92%,8,7.08,113,0,-,1,0.88%,101,89.38%,11,9.73%,1,0.88,113
CRIANÇA,0 a < 5 anos,2025,SUDESTE,35,SP,352890,MARIAPOLIS,2,1.4%,7,4.9%,134,93.71%,9,6.29,143,0,-,2,1.4%,128,89.51%,13,9.09%,2,1.4,143
CRIANÇA,0 a < 5 anos,2025,SUDESTE,35,SP,352900,MARILIA,108,1.75%,264,4.29%,5785,93.96%,372,6.04,6157,32,0.52%,131,2.13%,5601,90.97%,393,6.38%,163,2.65,6157
CRIANÇA,0 a < 5 anos,2025,SUDESTE,35,SP,352910,MARINOPOLIS,2,2.02%,7,7.07%,90,90.91%,9,9.09,99,0,-,2,2.02%,87,87.88%,10,10.1%,2,2.02,99
CRIANÇA,0 a < 5 anos,2025,SUDESTE,35,SP,352920,MARTINOPOLIS,11,1.04%,32,3.03%,1013,95.93%,43,4.07,1056,5,0.47%,10,0.95%,967,91.57%,74,7.01%,15,1.42,1056
CRIANÇA,0 a < 5 anos,2025,SUDESTE,35,SP,352930,MATAO,44,2.15%,107,5.22%,1897,92.63%,151,7.37,2048,10,0.49%,41,2%,1844,90.04%,153,7.47%,51,2.49,2048
CRIANÇA,0 a < 5 anos,2025,SUDESTE,35,SP,352940,MAUA,344,6.5%,346,6.54%,4602,86.96%,690,13.04,5292,70,1.32%,134,2.53%,4608,87.07%,480,9.07%,204,3.85,5292
CRIANÇA,0 a < 5 anos,2025,SUDESTE,35,SP,352950,MENDONCA,9,3.59%,16,6.37%,226,90.04%,25,9.96,251,3,1.2%,4,1.59%,226,90.04%,18,7.17%,7,2.79,251
CRIANÇA,0 a < 5 anos,2025,SUDESTE,35,SP,352960,MERIDIANO,1,0.56%,14,7.82%,164,91.62%,15,8.38,179,3,1.68%,7,3.91%,150,83.8%,19,10.61%,10,5.59,179
CRIANÇA,0 a < 5 anos,2025,SUDESTE,35,SP,352965,MESOPOLIS,1,0.78%,8,6.25%,119,92.97%,9,7.03,128,0,-,1,0.78%,115,89.84%,12,9.38%,1,0.78,128
CRIANÇA,0 a < 5 anos,2025,SUDESTE,35,SP,352970,MIGUELOPOLIS,23,4.52%,35,6.88%,451,88.61%,58,11.39,509,6,1.18%,14,2.75%,437,85.85%,52,10.22%,20,3.93,509
CRIANÇA,0 a < 5 anos,2025,SUDESTE,35,SP,352980,MINEIROS DO TIETE,24,5.83%,19,4.61%,369,89.56%,43,10.44,412,4,0.97%,7,1.7%,377,91.5%,24,5.83%,11,2.67,412
CRIANÇA,0 a < 5 anos,2025,SUDESTE,35,SP,352990,MIRACATU,21,2.03%,59,5.72%,952,92.25%,80,7.75,1032,3,0.29%,16,1.55%,940,91.09%,73,7.07%,19,1.84,1032
CRIANÇA,0 a < 5 anos,2025,SUDESTE,35,SP,353000,MIRA ESTRELA,2,1.29%,6,3.87%,147,94.84%,8,5.16,155,0,-,0,-,140,90.32%,15,9.68%,0,0.0,155
CRIANÇA,0 a < 5 anos,2025,SUDESTE,35,SP,353010,MIRANDOPOLIS,8,1.57%,23,4.53%,477,93.9%,31,6.1,508,2,0.39%,7,1.38%,457,89.96%,42,8.27%,9,1.77,508
CRIANÇA,0 a < 5 anos,2025,SUDESTE,35,SP,353020,MIRANTE DO PARANAPANEMA,6,1%,32,5.32%,563,93.68%,38,6.32,601,1,0.17%,8,1.33%,548,91.18%,44,7.32%,9,1.5,601
CRIANÇA,0 a < 5 anos,2025,SUDESTE,35,SP,353030,MIRASSOL,63,3.66%,99,5.76%,1557,90.58%,162,9.42,1719,12,0.7%,32,1.86%,1553,90.34%,122,7.1%,44,2.56,1719
CRIANÇA,0 a < 5 anos,2025,SUDESTE,35,SP,353040,MIRASSOLANDIA,2,1.1%,6,3.3%,174,95.6%,8,4.4,182,0,-,2,1.1%,160,87.91%,20,10.99%,2,1.1,182
CRIANÇA,0 a < 5 anos,2025,SUDESTE,35,SP,353050,MOCOCA,46,2.58%,73,4.1%,1663,93.32%,119,6.68,1782,17,0.95%,31,1.74%,1598,89.67%,136,7.63%,48,2.69,1782
CRIANÇA,0 a < 5 anos,2025,SUDESTE,35,SP,353060,MOGI DAS CRUZES,210,1.87%,592,5.28%,10405,92.84%,802,7.16,11207,64,0.57%,215,1.92%,10262,91.57%,666,5.94%,279,2.49,11207
CRIANÇA,0 a < 5 anos,2025,SUDESTE,35,SP,353070,MOGI GUACU,105,2.24%,203,4.33%,4380,93.43%,308,6.57,4688,20,0.43%,73,1.56%,4267,91.02%,328,7%,93,1.98,4688
CRIANÇA,0 a < 5 anos,2025,SUDESTE,35,SP,353080,MOGI MIRIM,44,1.73%,103,4.05%,2397,94.22%,147,5.78,2544,18,0.71%,50,1.97%,2303,90.53%,173,6.8%,68,2.67,2544
CRIANÇA,0 a < 5 anos,2025,SUDESTE,35,SP,353090,MOMBUCA,9,5.33%,7,4.14%,153,90.53%,16,9.47,169,1,0.59%,7,4.14%,146,86.39%,15,8.88%,8,4.73,169
CRIANÇA,0 a < 5 anos,2025,SUDESTE,35,SP,353100,MONCOES,2,2.56%,3,3.85%,73,93.59%,5,6.41,78,0,-,0,-,66,84.62%,12,15.38%,0,0.0,78
CRIANÇA,0 a < 5 anos,2025,SUDESTE,35,SP,353110,MONGAGUA,25,3.67%,45,6.61%,611,89.72%,70,10.28,681,7,1.03%,11,1.61%,610,89.44%,54,7.92%,18,2.64,682
CRIANÇA,0 a < 5 anos,2025,SUDESTE,35,SP,353120,MONTE ALEGRE DO SUL,5,3.25%,2,1.3%,147,95.45%,7,4.55,154,2,1.3%,2,1.3%,141,91.56%,9,5.84%,4,2.6,154
CRIANÇA,0 a < 5 anos,2025,SUDESTE,35,SP,353130,MONTE ALTO,24,1.57%,52,3.4%,1454,95.03%,76,4.97,1530,6,0.39%,21,1.37%,1374,89.8%,129,8.43%,27,1.76,1530
CRIANÇA,0 a < 5 anos,2025,SUDESTE,35,SP,353140,MONTE APRAZIVEL,17,2.52%,25,3.7%,633,93.78%,42,6.22,675,3,0.44%,10,1.48%,608,90.07%,54,8%,13,1.93,675
CRIANÇA,0 a < 5 anos,2025,SUDESTE,35,SP,353150,MONTE AZUL PAULISTA,20,3.21%,23,3.69%,581,93.11%,43,6.89,624,4,0.64%,15,2.4%,551,88.3%,54,8.65%,19,3.04,624
CRIANÇA,0 a < 5 anos,2025,SUDESTE,35,SP,353160,MONTE CASTELO,3,1.5%,10,5%,187,93.5%,13,6.5,200,1,0.5%,3,1.5%,171,85.5%,25,12.5%,4,2.0,200
CRIANÇA,0 a < 5 anos,2025,SUDESTE,35,SP,353170,MONTEIRO LOBATO,7,3.21%,18,8.26%,193,88.53%,25,11.47,218,1,0.46%,4,1.83%,202,92.66%,11,5.05%,5,2.29,218
CRIANÇA,0 a < 5 anos,2025,SUDESTE,35,SP,353180,MONTE MOR,50,2.27%,91,4.13%,2060,93.59%,141,6.41,2201,11,0.5%,31,1.41%,2005,91.09%,154,7%,42,1.91,2201
CRIANÇA,0 a < 5 anos,2025,SUDESTE,35,SP,353190,MORRO AGUDO,21,1.84%,54,4.74%,1064,93.42%,75,6.58,1139,8,0.7%,13,1.14%,995,87.36%,123,10.8%,21,1.84,1139
CRIANÇA,0 a < 5 anos,2025,SUDESTE,35,SP,353200,MORUNGABA,17,2.65%,38,5.93%,586,91.42%,55,8.58,641,6,0.94%,13,2.03%,572,89.24%,50,7.8%,19,2.96,641
CRIANÇA,0 a < 5 anos,2025,SUDESTE,35,SP,353205,MOTUCA,0,-,3,3.9%,74,96.1%,3,3.9,77,1,1.3%,2,2.6%,66,85.71%,8,10.39%,3,3.9,77
CRIANÇA,0 a < 5 anos,2025,SUDESTE,35,SP,353210,MURUTINGA DO SUL,5,3.29%,5,3.29%,142,93.42%,10,6.58,152,1,0.66%,0,-,142,93.42%,9,5.92%,1,0.66,152
CRIANÇA,0 a < 5 anos,2025,SUDESTE,35,SP,353215,NANTES,1,0.81%,1,0.81%,122,98.39%,2,1.61,124,0,-,1,0.81%,110,88.71%,13,10.48%,1,0.81,124
CRIANÇA,0 a < 5 anos,2025,SUDESTE,35,SP,353220,NARANDIBA,6,2%,9,3%,285,95%,15,5.0,300,2,0.67%,5,1.67%,274,91.33%,19,6.33%,7,2.33,300
CRIANÇA,0 a < 5 anos,2025,SUDESTE,35,SP,353230,NATIVIDADE DA SERRA,5,2.33%,13,6.05%,197,91.63%,18,8.37,215,0,-,4,1.86%,192,89.3%,19,8.84%,4,1.86,215
CRIANÇA,0 a < 5 anos,2025,SUDESTE,35,SP,353240,NAZARE PAULISTA,23,3.26%,30,4.26%,652,92.48%,53,7.52,705,5,0.71%,11,1.56%,646,91.63%,43,6.1%,16,2.27,705
CRIANÇA,0 a < 5 anos,2025,SUDESTE,35,SP,353250,NEVES PAULISTA,3,2.56%,4,3.42%,110,94.02%,7,5.98,117,1,0.85%,4,3.42%,98,83.76%,14,11.97%,5,4.27,117
CRIANÇA,0 a < 5 anos,2025,SUDESTE,35,SP,353260,NHANDEARA,3,1.02%,5,1.7%,286,97.28%,8,2.72,294,1,0.34%,6,2.04%,264,89.8%,23,7.82%,7,2.38,294
CRIANÇA,0 a < 5 anos,2025,SUDESTE,35,SP,353270,NIPOA,6,2.06%,17,5.84%,268,92.1%,23,7.9,291,1,0.34%,4,1.37%,265,91.07%,21,7.22%,5,1.72,291
CRIANÇA,0 a < 5 anos,2025,SUDESTE,35,SP,353280,NOVA ALIANCA,4,1.17%,20,5.85%,318,92.98%,24,7.02,342,1,0.29%,2,0.58%,309,90.35%,30,8.77%,3,0.88,342
CRIANÇA,0 a < 5 anos,2025,SUDESTE,35,SP,353282,NOVA CAMPINA,6,1.07%,14,2.49%,543,96.45%,20,3.55,563,2,0.36%,7,1.24%,492,87.39%,62,11.01%,9,1.6,563
CRIANÇA,0 a < 5 anos,2025,SUDESTE,35,SP,353284,NOVA CANAA PAULISTA,3,3.7%,0,-,78,96.3%,3,3.7,81,0,-,1,1.23%,74,91.36%,6,7.41%,1,1.23,81
CRIANÇA,0 a < 5 anos,2025,SUDESTE,35,SP,353286,NOVA CASTILHO,0,-,2,3.33%,58,96.67%,2,3.33,60,0,-,0,-,54,90%,6,10%,0,0.0,60
CRIANÇA,0 a < 5 anos,2025,SUDESTE,35,SP,353290,NOVA EUROPA,8,1.78%,21,4.67%,421,93.56%,29,6.44,450,2,0.44%,10,2.22%,406,90.22%,32,7.11%,12,2.67,450
CRIANÇA,0 a < 5 anos,2025,SUDESTE,35,SP,353300,NOVA GRANADA,8,1.42%,30,5.33%,525,93.25%,38,6.75,563,4,0.71%,11,1.95%,500,88.81%,48,8.53%,15,2.66,563
CRIANÇA,0 a < 5 anos,2025,SUDESTE,35,SP,353310,NOVA GUATAPORANGA,1,1.06%,5,5.32%,88,93.62%,6,6.38,94,0,-,0,-,80,85.11%,14,14.89%,0,0.0,94
CRIANÇA,0 a < 5 anos,2025,SUDESTE,35,SP,353320,NOVA INDEPENDENCIA,4,1.45%,9,3.27%,262,95.27%,13,4.73,275,3,1.09%,1,0.36%,244,88.73%,27,9.82%,4,1.45,275
CRIANÇA,0 a < 5 anos,2025,SUDESTE,35,SP,353325,NOVAIS,18,9.47%,8,4.21%,164,86.32%,26,13.68,190,4,2.11%,2,1.05%,168,88.42%,16,8.42%,6,3.16,190
CRIANÇA,0 a < 5 anos,2025,SUDESTE,35,SP,353330,NOVA LUZITANIA,2,2.25%,2,2.25%,85,95.51%,4,4.49,89,1,1.12%,3,3.37%,75,84.27%,10,11.24%,4,4.49,89
CRIANÇA,0 a < 5 anos,2025,SUDESTE,35,SP,353340,NOVA ODESSA,30,2.81%,68,6.37%,969,90.82%,98,9.18,1067,3,0.28%,17,1.59%,971,91%,76,7.12%,20,1.87,1067
CRIANÇA,0 a < 5 anos,2025,SUDESTE,35,SP,353350,NOVO HORIZONTE,22,2.49%,40,4.54%,820,92.97%,62,7.03,882,6,0.68%,15,1.7%,794,90.02%,67,7.6%,21,2.38,882
CRIANÇA,0 a < 5 anos,2025,SUDESTE,35,SP,353360,NUPORANGA,6,1.67%,17,4.74%,336,93.59%,23,6.41,359,0,-,2,0.56%,325,90.53%,32,8.91%,2,0.56,359
CRIANÇA,0 a < 5 anos,2025,SUDESTE,35,SP,353370,OCAUCU,1,0.52%,8,4.17%,183,95.31%,9,4.69,192,1,0.52%,3,1.56%,171,89.06%,17,8.85%,4,2.08,192
CRIANÇA,0 a < 5 anos,2025,SUDESTE,35,SP,353380,OLEO,3,2.21%,5,3.68%,128,94.12%,8,5.88,136,0,-,1,0.74%,123,90.44%,12,8.82%,1,0.74,136
CRIANÇA,0 a < 5 anos,2025,SUDESTE,35,SP,353390,OLIMPIA,43,2.84%,52,3.43%,1420,93.73%,95,6.27,1515,8,0.53%,19,1.25%,1362,89.9%,126,8.32%,27,1.78,1515
CRIANÇA,0 a < 5 anos,2025,SUDESTE,35,SP,353400,ONDA VERDE,2,0.93%,4,1.86%,209,97.21%,6,2.79,215,3,1.4%,3,1.4%,193,89.77%,16,7.44%,6,2.79,215
CRIANÇA,0 a < 5 anos,2025,SUDESTE,35,SP,353410,ORIENTE,6,2.74%,9,4.11%,204,93.15%,15,6.85,219,2,0.91%,2,0.91%,191,87.21%,24,10.96%,4,1.83,219
CRIANÇA,0 a < 5 anos,2025,SUDESTE,35,SP,353420,ORINDIUVA,5,1.51%,17,5.14%,309,93.35%,22,6.65,331,0,-,4,1.21%,293,88.52%,34,10.27%,4,1.21,331
CRIANÇA,0 a < 5 anos,2025,SUDESTE,35,SP,353430,ORLANDIA,9,1.03%,24,2.75%,840,96.22%,33,3.78,873,3,0.34%,9,1.03%,790,90.49%,71,8.13%,12,1.37,873
CRIANÇA,0 a < 5 anos,2025,SUDESTE,35,SP,353440,OSASCO,942,4.5%,1394,6.66%,18601,88.84%,2336,11.16,20937,257,1.23%,459,2.19%,18880,90.18%,1341,6.4%,716,3.42,20937
CRIANÇA,0 a < 5 anos,2025,SUDESTE,35,SP,353450,OSCAR BRESSANE,0,-,3,3.19%,91,96.81%,3,3.19,94,0,-,0,-,87,92.55%,7,7.45%,0,0.0,94
CRIANÇA,0 a < 5 anos,2025,SUDESTE,35,SP,353460,OSVALDO CRUZ,10,2.79%,18,5.01%,331,92.2%,28,7.8,359,3,0.84%,4,1.11%,317,88.3%,35,9.75%,7,1.95,359
CRIANÇA,0 a < 5 anos,2025,SUDESTE,35,SP,353470,OURINHOS,95,2.45%,198,5.11%,3581,92.44%,293,7.56,3874,21,0.54%,68,1.76%,3484,89.93%,301,7.77%,89,2.3,3874
CRIANÇA,0 a < 5 anos,2025,SUDESTE,35,SP,353475,OUROESTE,2,0.49%,8,1.97%,397,97.54%,10,2.46,407,0,-,8,1.97%,365,89.68%,34,8.35%,8,1.97,407
CRIANÇA,0 a < 5 anos,2025,SUDESTE,35,SP,353480,OURO VERDE,15,3.53%,20,4.71%,390,91.76%,35,8.24,425,2,0.47%,7,1.65%,385,90.59%,31,7.29%,9,2.12,425
CRIANÇA,0 a < 5 anos,2025,SUDESTE,35,SP,353490,PACAEMBU,8,2.68%,16,5.37%,274,91.95%,24,8.05,298,0,-,2,0.67%,266,89.26%,30,10.07%,2,0.67,298
CRIANÇA,0 a < 5 anos,2025,SUDESTE,35,SP,353500,PALESTINA,12,2.35%,31,6.08%,467,91.57%,43,8.43,510,1,0.2%,7,1.37%,464,90.98%,38,7.45%,8,1.57,510
CRIANÇA,0 a < 5 anos,2025,SUDESTE,35,SP,353510,PALMARES PAULISTA,9,3%,15,5%,276,92%,24,8.0,300,3,1%,8,2.67%,265,88.33%,24,8%,11,3.67,300
CRIANÇA,0 a < 5 anos,2025,SUDESTE,35,SP,353520,PALMEIRA D'OESTE,6,1.73%,15,4.34%,325,93.93%,21,6.07,346,0,-,3,0.87%,318,91.91%,25,7.23%,3,0.87,346
CRIANÇA,0 a < 5 anos,2025,SUDESTE,35,SP,353530,PALMITAL,18,2.3%,41,5.23%,725,92.47%,59,7.53,784,5,0.64%,17,2.17%,703,89.67%,59,7.53%,22,2.81,784
CRIANÇA,0 a < 5 anos,2025,SUDESTE,35,SP,353540,PANORAMA,13,1.96%,29,4.37%,621,93.67%,42,6.33,663,1,0.15%,8,1.21%,606,91.4%,48,7.24%,9,1.36,663
CRIANÇA,0 a < 5 anos,2025,SUDESTE,35,SP,353550,PARAGUACU PAULISTA,82,4.9%,74,4.42%,1519,90.69%,156,9.31,1675,38,2.27%,49,2.93%,1460,87.16%,128,7.64%,87,5.19,1675
CRIANÇA,0 a < 5 anos,2025,SUDESTE,35,SP,353560,PARAIBUNA,23,2.67%,52,6.04%,786,91.29%,75,8.71,861,2,0.23%,10,1.16%,791,91.87%,58,6.74%,12,1.39,861
CRIANÇA,0 a < 5 anos,2025,SUDESTE,35,SP,353570,PARAISO,7,3.11%,10,4.44%,208,92.44%,17,7.56,225,1,0.44%,3,1.33%,201,89.33%,20,8.89%,4,1.78,225
CRIANÇA,0 a < 5 anos,2025,SUDESTE,35,SP,353580,PARANAPANEMA,24,2.47%,30,3.09%,917,94.44%,54,5.56,971,3,0.31%,22,2.27%,854,87.95%,92,9.47%,25,2.57,971
CRIANÇA,0 a < 5 anos,2025,SUDESTE,35,SP,353590,PARANAPUA,14,5.96%,12,5.11%,209,88.94%,26,11.06,235,1,0.43%,7,2.98%,211,89.79%,16,6.81%,8,3.4,235
CRIANÇA,0 a < 5 anos,2025,SUDESTE,35,SP,353600,PARAPUA,7,2.24%,15,4.79%,291,92.97%,22,7.03,313,2,0.64%,8,2.56%,280,89.46%,23,7.35%,10,3.19,313
CRIANÇA,0 a < 5 anos,2025,SUDESTE,35,SP,353610,PARDINHO,7,1.86%,24,6.38%,345,91.76%,31,8.24,376,1,0.27%,10,2.66%,338,89.89%,27,7.18%,11,2.93,376
CRIANÇA,0 a < 5 anos,2025,SUDESTE,35,SP,353620,PARIQUERA-ACU,20,1.99%,50,4.98%,935,93.03%,70,6.97,1005,3,0.3%,14,1.39%,903,89.85%,85,8.46%,17,1.69,1005
CRIANÇA,0 a < 5 anos,2025,SUDESTE,35,SP,353625,PARISI,6,3.55%,9,5.33%,154,91.12%,15,8.88,169,2,1.18%,2,1.18%,145,85.8%,20,11.83%,4,2.37,169
CRIANÇA,0 a < 5 anos,2025,SUDESTE,35,SP,353630,PATROCINIO PAULISTA,40,6.54%,44,7.19%,528,86.27%,84,13.73,612,4,0.65%,18,2.94%,536,87.58%,54,8.82%,22,3.59,612
CRIANÇA,0 a < 5 anos,2025,SUDESTE,35,SP,353640,PAULICEIA,15,2.85%,29,5.51%,482,91.63%,44,8.37,526,7,1.33%,12,2.28%,466,88.59%,41,7.79%,19,3.61,526
CRIANÇA,0 a < 5 anos,2025,SUDESTE,35,SP,353650,PAULINIA,46,2.86%,71,4.41%,1494,92.74%,117,7.26,1611,5,0.31%,42,2.61%,1464,90.82%,101,6.27%,47,2.92,1612
CRIANÇA,0 a < 5 anos,2025,SUDESTE,35,SP,353657,PAULISTANIA,3,2.04%,7,4.76%,137,93.2%,10,6.8,147,1,0.68%,0,-,132,89.8%,14,9.52%,1,0.68,147
CRIANÇA,0 a < 5 anos,2025,SUDESTE,35,SP,353660,PAULO DE FARIA,12,3.88%,18,5.83%,279,90.29%,30,9.71,309,2,0.65%,8,2.59%,266,86.08%,33,10.68%,10,3.24,309
CRIANÇA,0 a < 5 anos,2025,SUDESTE,35,SP,353670,PEDERNEIRAS,18,1.3%,63,4.54%,1308,94.17%,81,5.83,1389,9,0.65%,20,1.44%,1249,89.92%,111,7.99%,29,2.09,1389
CRIANÇA,0 a < 5 anos,2025,SUDESTE,35,SP,353680,PEDRA BELA,2,1.27%,6,3.8%,150,94.94%,8,5.06,158,0,-,2,1.27%,147,93.04%,9,5.7%,2,1.27,158
CRIANÇA,0 a < 5 anos,2025,SUDESTE,35,SP,353690,PEDRANOPOLIS,8,7.14%,3,2.68%,101,90.18%,11,9.82,112,1,0.89%,3,2.68%,101,90.18%,7,6.25%,4,3.57,112
CRIANÇA,0 a < 5 anos,2025,SUDESTE,35,SP,353700,PEDREGULHO,11,1.43%,37,4.82%,719,93.74%,48,6.26,767,5,0.65%,12,1.56%,696,90.74%,54,7.04%,17,2.22,767
CRIANÇA,0 a < 5 anos,2025,SUDESTE,35,SP,353710,PEDREIRA,44,2.92%,87,5.78%,1375,91.3%,131,8.7,1506,7,0.46%,24,1.59%,1365,90.58%,111,7.37%,31,2.06,1507
CRIANÇA,0 a < 5 anos,2025,SUDESTE,35,SP,353715,PEDRINHAS PAULISTA,2,1.9%,8,7.62%,95,90.48%,10,9.52,105,0,-,3,2.86%,92,87.62%,10,9.52%,3,2.86,105
CRIANÇA,0 a < 5 anos,2025,SUDESTE,35,SP,353720,PEDRO DE TOLEDO,20,4.59%,47,10.78%,369,84.63%,67,15.37,436,0,-,12,2.75%,384,88.07%,40,9.17%,12,2.75,436
CRIANÇA,0 a < 5 anos,2025,SUDESTE,35,SP,353730,PENAPOLIS,55,2.34%,146,6.22%,2147,91.44%,201,8.56,2348,13,0.55%,50,2.13%,2123,90.42%,162,6.9%,63,2.68,2348
CRIANÇA,0 a < 5 anos,2025,SUDESTE,35,SP,353740,PEREIRA BARRETO,16,3.81%,20,4.76%,384,91.43%,36,8.57,420,2,0.48%,4,0.95%,382,90.95%,32,7.62%,6,1.43,420
CRIANÇA,0 a < 5 anos,2025,SUDESTE,35,SP,353750,PEREIRAS,5,1.26%,13,3.27%,379,95.47%,18,4.53,397,1,0.25%,4,1.01%,358,90.18%,34,8.56%,5,1.26,397
CRIANÇA,0 a < 5 anos,2025,SUDESTE,35,SP,353760,PERUIBE,46,1.75%,157,5.96%,2433,92.3%,203,7.7,2636,19,0.72%,46,1.75%,2390,90.67%,181,6.87%,65,2.47,2636
CRIANÇA,0 a < 5 anos,2025,SUDESTE,35,SP,353770,PIACATU,7,3.29%,9,4.23%,197,92.49%,16,7.51,213,0,-,3,1.41%,198,92.96%,12,5.63%,3,1.41,213
CRIANÇA,0 a < 5 anos,2025,SUDESTE,35,SP,353780,PIEDADE,33,1.27%,114,4.4%,2443,94.32%,147,5.68,2590,8,0.31%,34,1.31%,2355,90.93%,193,7.45%,42,1.62,2590
CRIANÇA,0 a < 5 anos,2025,SUDESTE,35,SP,353790,PILAR DO SUL,27,2.19%,71,5.75%,1137,92.06%,98,7.94,1235,13,1.05%,25,2.02%,1128,91.34%,69,5.59%,38,3.08,1235
CRIANÇA,0 a < 5 anos,2025,SUDESTE,35,SP,353800,PINDAMONHANGABA,123,1.9%,311,4.81%,6036,93.29%,434,6.71,6470,42,0.65%,101,1.56%,5900,91.19%,427,6.6%,143,2.21,6470
CRIANÇA,0 a < 5 anos,2025,SUDESTE,35,SP,353810,PINDORAMA,8,1.88%,19,4.47%,398,93.65%,27,6.35,425,3,0.71%,9,2.12%,386,90.82%,27,6.35%,12,2.82,425
CRIANÇA,0 a < 5 anos,2025,SUDESTE,35,SP,353820,PINHALZINHO,13,1.86%,29,4.15%,657,93.99%,42,6.01,699,6,0.86%,13,1.86%,639,91.42%,41,5.87%,19,2.72,699
CRIANÇA,0 a < 5 anos,2025,SUDESTE,35,SP,353830,PIQUEROBI,4,2.27%,7,3.98%,165,93.75%,11,6.25,176,0,-,3,1.7%,162,92.05%,11,6.25%,3,1.7,176
CRIANÇA,0 a < 5 anos,2025,SUDESTE,35,SP,353850,PIQUETE,8,2.4%,11,3.29%,315,94.31%,19,5.69,334,2,0.6%,10,2.99%,292,87.43%,30,8.98%,12,3.59,334
CRIANÇA,0 a < 5 anos,2025,SUDESTE,35,SP,353860,PIRACAIA,26,2.02%,46,3.57%,1216,94.41%,72,5.59,1288,10,0.78%,13,1.01%,1192,92.55%,73,5.67%,23,1.79,1288
CRIANÇA,0 a < 5 anos,2025,SUDESTE,35,SP,353870,PIRACICABA,242,1.78%,573,4.23%,12745,93.99%,815,6.01,13560,143,1.05%,228,1.68%,12347,91.05%,842,6.21%,371,2.74,13560
CRIANÇA,0 a < 5 anos,2025,SUDESTE,35,SP,353880,PIRAJU,52,4.17%,82,6.58%,1112,89.25%,134,10.75,1246,10,0.8%,35,2.81%,1097,88.04%,104,8.35%,45,3.61,1246
CRIANÇA,0 a < 5 anos,2025,SUDESTE,35,SP,353890,PIRAJUI,24,3.63%,38,5.74%,600,90.63%,62,9.37,662,9,1.36%,11,1.66%,570,86.1%,72,10.88%,20,3.02,662
CRIANÇA,0 a < 5 anos,2025,SUDESTE,35,SP,353900,PIRANGI,10,3.06%,17,5.2%,300,91.74%,27,8.26,327,1,0.31%,10,3.06%,288,88.07%,28,8.56%,11,3.36,327
CRIANÇA,0 a < 5 anos,2025,SUDESTE,35,SP,353910,PIRAPORA DO BOM JESUS,31,4.19%,58,7.84%,651,87.97%,89,12.03,740,4,0.54%,11,1.49%,662,89.46%,63,8.51%,15,2.03,740
CRIANÇA,0 a < 5 anos,2025,SUDESTE,35,SP,353920,PIRAPOZINHO,13,1.51%,48,5.57%,800,92.92%,61,7.08,861,4,0.46%,15,1.74%,779,90.48%,63,7.32%,19,2.21,861
CRIANÇA,0 a < 5 anos,2025,SUDESTE,35,SP,353930,PIRASSUNUNGA,54,3.3%,107,6.54%,1475,90.16%,161,9.84,1636,13,0.79%,43,2.63%,1456,89%,124,7.58%,56,3.42,1636
CRIANÇA,0 a < 5 anos,2025,SUDESTE,35,SP,353940,PIRATININGA,12,1.95%,21,3.42%,581,94.63%,33,5.37,614,2,0.33%,6,0.98%,567,92.35%,39,6.35%,8,1.3,614
CRIANÇA,0 a < 5 anos,2025,SUDESTE,35,SP,353950,PITANGUEIRAS,30,2.25%,55,4.13%,1248,93.62%,85,6.38,1333,11,0.83%,24,1.8%,1183,88.75%,115,8.63%,35,2.63,1333
CRIANÇA,0 a < 5 anos,2025,SUDESTE,35,SP,353960,PLANALTO,1,0.48%,5,2.39%,203,97.13%,6,2.87,209,0,-,2,0.96%,189,90.43%,18,8.61%,2,0.96,209
CRIANÇA,0 a < 5 anos,2025,SUDESTE,35,SP,353970,PLATINA,5,2.63%,12,6.32%,173,91.05%,17,8.95,190,2,1.05%,1,0.53%,171,90%,16,8.42%,3,1.58,190
CRIANÇA,0 a < 5 anos,2025,SUDESTE,35,SP,353980,POA,129,3.51%,273,7.42%,3275,89.07%,402,10.93,3677,13,0.35%,60,1.63%,3333,90.64%,271,7.37%,73,1.99,3677
CRIANÇA,0 a < 5 anos,2025,SUDESTE,35,SP,353990,POLONI,8,3.7%,7,3.24%,201,93.06%,15,6.94,216,3,1.39%,1,0.46%,187,86.57%,25,11.57%,4,1.85,216
CRIANÇA,0 a < 5 anos,2025,SUDESTE,35,SP,354000,POMPEIA,12,2.61%,42,9.13%,406,88.26%,54,11.74,460,1,0.22%,12,2.61%,421,91.52%,26,5.65%,13,2.83,460
CRIANÇA,0 a < 5 anos,2025,SUDESTE,35,SP,354010,PONGAI,0,-,5,4.1%,117,95.9%,5,4.1,122,0,-,3,2.46%,104,85.25%,15,12.3%,3,2.46,122
CRIANÇA,0 a < 5 anos,2025,SUDESTE,35,SP,354020,PONTAL,31,2.42%,61,4.76%,1189,92.82%,92,7.18,1281,10,0.78%,12,0.94%,1167,91.1%,92,7.18%,22,1.72,1281
CRIANÇA,0 a < 5 anos,2025,SUDESTE,35,SP,354025,PONTALINDA,7,2.87%,5,2.05%,232,95.08%,12,4.92,244,1,0.41%,6,2.46%,217,88.93%,20,8.2%,7,2.87,244
CRIANÇA,0 a < 5 anos,2025,SUDESTE,35,SP,354030,PONTES GESTAL,2,1.65%,0,-,119,98.35%,2,1.65,121,2,1.65%,0,-,107,88.43%,12,9.92%,2,1.65,121
CRIANÇA,0 a < 5 anos,2025,SUDESTE,35,SP,354040,POPULINA,2,1.33%,9,6%,139,92.67%,11,7.33,150,0,-,4,2.67%,128,85.33%,18,12%,4,2.67,150
CRIANÇA,0 a < 5 anos,2025,SUDESTE,35,SP,354050,PORANGABA,7,2.72%,23,8.95%,227,88.33%,30,11.67,257,1,0.39%,4,1.56%,236,91.83%,16,6.23%,5,1.95,257
CRIANÇA,0 a < 5 anos,2025,SUDESTE,35,SP,354060,PORTO FELIZ,108,5.27%,82,4%,1861,90.74%,190,9.26,2051,45,2.19%,35,1.71%,1803,87.91%,168,8.19%,80,3.9,2051
CRIANÇA,0 a < 5 anos,2025,SUDESTE,35,SP,354070,PORTO FERREIRA,38,2.39%,95,5.98%,1455,91.62%,133,8.38,1588,6,0.38%,32,2.02%,1453,91.5%,97,6.11%,38,2.39,1588
CRIANÇA,0 a < 5 anos,2025,SUDESTE,35,SP,354075,POTIM,31,3.98%,50,6.42%,698,89.6%,81,10.4,779,4,0.51%,21,2.7%,693,88.96%,61,7.83%,25,3.21,779
CRIANÇA,0 a < 5 anos,2025,SUDESTE,35,SP,354080,POTIRENDABA,8,1.11%,24,3.34%,686,95.54%,32,4.46,718,6,0.84%,19,2.65%,629,87.6%,64,8.91%,25,3.48,718
CRIANÇA,0 a < 5 anos,2025,SUDESTE,35,SP,354085,PRACINHA,2,2.11%,3,3.16%,90,94.74%,5,5.26,95,0,-,0,-,85,89.47%,10,10.53%,0,0.0,95
CRIANÇA,0 a < 5 anos,2025,SUDESTE,35,SP,354090,PRADOPOLIS,9,1.51%,22,3.7%,564,94.79%,31,5.21,595,2,0.34%,9,1.51%,531,89.24%,53,8.91%,11,1.85,595
CRIANÇA,0 a < 5 anos,2025,SUDESTE,35,SP,354100,PRAIA GRANDE,298,2.32%,653,5.08%,11891,92.59%,951,7.41,12842,84,0.65%,272,2.12%,11641,90.62%,849,6.61%,356,2.77,12846
CRIANÇA,0 a < 5 anos,2025,SUDESTE,35,SP,354105,PRATANIA,5,1.31%,30,7.85%,347,90.84%,35,9.16,382,1,0.26%,8,2.09%,339,88.74%,34,8.9%,9,2.36,382
CRIANÇA,0 a < 5 anos,2025,SUDESTE,35,SP,354110,PRESIDENTE ALVES,2,1.33%,4,2.67%,144,96%,6,4.0,150,0,-,1,0.67%,125,83.33%,24,16%,1,0.67,150
CRIANÇA,0 a < 5 anos,2025,SUDESTE,35,SP,354120,PRESIDENTE BERNARDES,3,0.86%,11,3.17%,333,95.97%,14,4.03,347,1,0.29%,4,1.15%,311,89.63%,31,8.93%,5,1.44,347
CRIANÇA,0 a < 5 anos,2025,SUDESTE,35,SP,354130,PRESIDENTE EPITACIO,17,1.64%,34,3.28%,987,95.09%,51,4.91,1038,5,0.48%,28,2.7%,938,90.37%,67,6.45%,33,3.18,1038
CRIANÇA,0 a < 5 anos,2025,SUDESTE,35,SP,354140,PRESIDENTE PRUDENTE,78,2.07%,228,6.06%,3458,91.87%,306,8.13,3764,20,0.53%,50,1.33%,3456,91.79%,239,6.35%,70,1.86,3765
CRIANÇA,0 a < 5 anos,2025,SUDESTE,35,SP,354150,PRESIDENTE VENCESLAU,27,3.47%,39,5.02%,711,91.51%,66,8.49,777,4,0.51%,18,2.32%,679,87.39%,76,9.78%,22,2.83,777
CRIANÇA,0 a < 5 anos,2025,SUDESTE,35,SP,354160,PROMISSAO,33,2.2%,51,3.4%,1414,94.39%,84,5.61,1498,7,0.47%,19,1.27%,1335,89.12%,137,9.15%,26,1.74,1498
CRIANÇA,0 a < 5 anos,2025,SUDESTE,35,SP,354165,QUADRA,13,7.18%,11,6.08%,157,86.74%,24,13.26,181,1,0.55%,0,-,156,86.19%,24,13.26%,1,0.55,181
CRIANÇA,0 a < 5 anos,2025,SUDESTE,35,SP,354170,QUATA,5,1.17%,22,5.13%,402,93.71%,27,6.29,429,0,-,10,2.33%,383,89.28%,36,8.39%,10,2.33,429
CRIANÇA,0 a < 5 anos,2025,SUDESTE,35,SP,354180,QUEIROZ,11,4.66%,30,12.71%,195,82.63%,41,17.37,236,0,-,1,0.42%,205,86.86%,30,12.71%,1,0.42,236
CRIANÇA,0 a < 5 anos,2025,SUDESTE,35,SP,354190,QUELUZ,18,4.79%,29,7.71%,329,87.5%,47,12.5,376,5,1.33%,12,3.19%,341,90.69%,18,4.79%,17,4.52,376
CRIANÇA,0 a < 5 anos,2025,SUDESTE,35,SP,354200,QUINTANA,14,4.02%,16,4.6%,318,91.38%,30,8.62,348,3,0.86%,2,0.57%,313,89.94%,30,8.62%,5,1.44,348
CRIANÇA,0 a < 5 anos,2025,SUDESTE,35,SP,354210,RAFARD,6,1.72%,17,4.87%,326,93.41%,23,6.59,349,2,0.57%,5,1.43%,305,87.39%,37,10.6%,7,2.01,349
CRIANÇA,0 a < 5 anos,2025,SUDESTE,35,SP,354220,RANCHARIA,29,2.46%,53,4.5%,1097,93.04%,82,6.96,1179,5,0.42%,17,1.44%,1062,90.08%,95,8.06%,22,1.87,1179
CRIANÇA,0 a < 5 anos,2025,SUDESTE,35,SP,354230,REDENCAO DA SERRA,2,0.88%,8,3.52%,217,95.59%,10,4.41,227,1,0.44%,9,3.96%,206,90.75%,11,4.85%,10,4.41,227
CRIANÇA,0 a < 5 anos,2025,SUDESTE,35,SP,354240,REGENTE FEIJO,14,1.52%,28,3.04%,879,95.44%,42,4.56,921,4,0.43%,16,1.74%,845,91.75%,56,6.08%,20,2.17,921
CRIANÇA,0 a < 5 anos,2025,SUDESTE,35,SP,354250,REGINOPOLIS,4,1.48%,12,4.44%,254,94.07%,16,5.93,270,1,0.37%,5,1.85%,244,90.37%,20,7.41%,6,2.22,270
CRIANÇA,0 a < 5 anos,2025,SUDESTE,35,SP,354260,REGISTRO,39,1.45%,128,4.76%,2521,93.79%,167,6.21,2688,9,0.33%,42,1.56%,2463,91.63%,174,6.47%,51,1.9,2688
CRIANÇA,0 a < 5 anos,2025,SUDESTE,35,SP,354270,RESTINGA,5,1.11%,16,3.54%,431,95.35%,21,4.65,452,4,0.88%,5,1.11%,410,90.71%,33,7.3%,9,1.99,452
CRIANÇA,0 a < 5 anos,2025,SUDESTE,35,SP,354280,RIBEIRA,7,3.35%,14,6.7%,188,89.95%,21,10.05,209,0,-,0,-,196,93.78%,13,6.22%,0,0.0,209
CRIANÇA,0 a < 5 anos,2025,SUDESTE,35,SP,354290,RIBEIRAO BONITO,11,5.58%,13,6.6%,173,87.82%,24,12.18,197,2,1.02%,4,2.03%,179,90.86%,12,6.09%,6,3.05,197
CRIANÇA,0 a < 5 anos,2025,SUDESTE,35,SP,354300,RIBEIRAO BRANCO,51,3.75%,80,5.89%,1228,90.36%,131,9.64,1359,5,0.37%,23,1.69%,1225,90.14%,106,7.8%,28,2.06,1359
CRIANÇA,0 a < 5 anos,2025,SUDESTE,35,SP,354310,RIBEIRAO CORRENTE,1,0.64%,5,3.21%,150,96.15%,6,3.85,156,0,-,1,0.64%,140,89.74%,15,9.62%,1,0.64,156
CRIANÇA,0 a < 5 anos,2025,SUDESTE,35,SP,354320,RIBEIRAO DO SUL,3,1.92%,11,7.05%,142,91.03%,14,8.97,156,0,-,6,3.85%,141,90.38%,9,5.77%,6,3.85,156
CRIANÇA,0 a < 5 anos,2025,SUDESTE,35,SP,354323,RIBEIRAO DOS INDIOS,3,3.57%,3,3.57%,78,92.86%,6,7.14,84,0,-,2,2.38%,71,84.52%,11,13.1%,2,2.38,84
CRIANÇA,0 a < 5 anos,2025,SUDESTE,35,SP,354325,RIBEIRAO GRANDE,61,17.58%,32,9.22%,254,73.2%,93,26.8,347,47,13.54%,6,1.73%,270,77.81%,24,6.92%,53,15.27,347
CRIANÇA,0 a < 5 anos,2025,SUDESTE,35,SP,354330,RIBEIRAO PIRES,105,4.16%,147,5.82%,2273,90.02%,252,9.98,2525,14,0.55%,39,1.54%,2228,88.24%,244,9.66%,53,2.1,2525
CRIANÇA,0 a < 5 anos,2025,SUDESTE,35,SP,354340,RIBEIRAO PRETO,310,1.57%,830,4.21%,18589,94.22%,1140,5.78,19729,122,0.62%,337,1.71%,17968,91.07%,1302,6.6%,459,2.33,19729
CRIANÇA,0 a < 5 anos,2025,SUDESTE,35,SP,354350,RIVERSUL,4,1.18%,15,4.42%,320,94.4%,19,5.6,339,0,-,4,1.18%,316,93.22%,19,5.6%,4,1.18,339
CRIANÇA,0 a < 5 anos,2025,SUDESTE,35,SP,354360,RIFAINA,2,3.13%,1,1.56%,61,95.31%,3,4.69,64,1,1.56%,1,1.56%,58,90.63%,4,6.25%,2,3.12,64
CRIANÇA,0 a < 5 anos,2025,SUDESTE,35,SP,354370,RINCAO,5,1.53%,14,4.28%,308,94.19%,19,5.81,327,1,0.31%,9,2.75%,288,88.07%,29,8.87%,10,3.06,327
CRIANÇA,0 a < 5 anos,2025,SUDESTE,35,SP,354380,RINOPOLIS,1,1.75%,2,3.51%,54,94.74%,3,5.26,57,0,-,1,1.75%,51,89.47%,5,8.77%,1,1.75,57
CRIANÇA,0 a < 5 anos,2025,SUDESTE,35,SP,354390,RIO CLARO,98,2.24%,195,4.45%,4089,93.31%,293,6.69,4382,34,0.78%,73,1.67%,3958,90.32%,317,7.23%,107,2.44,4382
CRIANÇA,0 a < 5 anos,2025,SUDESTE,35,SP,354400,RIO DAS PEDRAS,17,2.01%,32,3.79%,796,94.2%,49,5.8,845,3,0.36%,10,1.18%,766,90.65%,66,7.81%,13,1.54,845
CRIANÇA,0 a < 5 anos,2025,SUDESTE,35,SP,354410,RIO GRANDE DA SERRA,40,4.07%,62,6.31%,881,89.62%,102,10.38,983,7,0.71%,19,1.93%,875,89.01%,82,8.34%,26,2.64,983
CRIANÇA,0 a < 5 anos,2025,SUDESTE,35,SP,354420,RIOLANDIA,8,1.78%,22,4.89%,420,93.33%,30,6.67,450,1,0.22%,3,0.67%,401,89.11%,45,10%,4,0.89,450
CRIANÇA,0 a < 5 anos,2025,SUDESTE,35,SP,354425,ROSANA,8,1.06%,17,2.25%,731,96.69%,25,3.31,756,1,0.13%,3,0.4%,705,93.25%,47,6.22%,4,0.53,756
CRIANÇA,0 a < 5 anos,2025,SUDESTE,35,SP,354430,ROSEIRA,8,2.91%,17,6.18%,250,90.91%,25,9.09,275,2,0.73%,4,1.45%,250,90.91%,19,6.91%,6,2.18,275
CRIANÇA,0 a < 5 anos,2025,SUDESTE,35,SP,354440,RUBIACEA,1,0.81%,2,1.63%,120,97.56%,3,2.44,123,0,-,2,1.63%,101,82.11%,20,16.26%,2,1.63,123
CRIANÇA,0 a < 5 anos,2025,SUDESTE,35,SP,354450,RUBINEIA,2,1.14%,10,5.71%,163,93.14%,12,6.86,175,1,0.57%,0,-,164,93.71%,10,5.71%,1,0.57,175
CRIANÇA,0 a < 5 anos,2025,SUDESTE,35,SP,354460,SABINO,4,7.41%,6,11.11%,44,81.48%,10,18.52,54,0,-,1,1.85%,46,85.19%,7,12.96%,1,1.85,54
CRIANÇA,0 a < 5 anos,2025,SUDESTE,35,SP,354470,SAGRES,2,1.6%,8,6.4%,115,92%,10,8.0,125,0,-,3,2.4%,106,84.8%,16,12.8%,3,2.4,125
CRIANÇA,0 a < 5 anos,2025,SUDESTE,35,SP,354480,SALES,6,3.21%,14,7.49%,167,89.3%,20,10.7,187,1,0.53%,3,1.6%,170,90.91%,13,6.95%,4,2.14,187
CRIANÇA,0 a < 5 anos,2025,SUDESTE,35,SP,354490,SALES OLIVEIRA,13,2.84%,23,5.02%,422,92.14%,36,7.86,458,3,0.66%,2,0.44%,411,89.74%,42,9.17%,5,1.09,458
CRIANÇA,0 a < 5 anos,2025,SUDESTE,35,SP,354500,SALESOPOLIS,12,2.99%,28,6.98%,361,90.02%,40,9.98,401,4,1%,11,2.74%,358,89.28%,28,6.98%,15,3.74,401
CRIANÇA,0 a < 5 anos,2025,SUDESTE,35,SP,354510,SALMOURAO,1,0.67%,2,1.33%,147,98%,3,2.0,150,0,-,1,0.67%,140,93.33%,9,6%,1,0.67,150
CRIANÇA,0 a < 5 anos,2025,SUDESTE,35,SP,354515,SALTINHO,16,4.3%,11,2.96%,345,92.74%,27,7.26,372,2,0.54%,8,2.15%,334,89.78%,28,7.53%,10,2.69,372
CRIANÇA,0 a < 5 anos,2025,SUDESTE,35,SP,354520,SALTO,49,1.61%,115,3.78%,2881,94.61%,164,5.39,3045,16,0.53%,51,1.67%,2781,91.33%,197,6.47%,67,2.2,3045
CRIANÇA,0 a < 5 anos,2025,SUDESTE,35,SP,354530,SALTO DE PIRAPORA,28,1.82%,72,4.69%,1436,93.49%,100,6.51,1536,11,0.72%,33,2.15%,1363,88.74%,129,8.4%,44,2.86,1536
CRIANÇA,0 a < 5 anos,2025,SUDESTE,35,SP,354540,SALTO GRANDE,15,4.12%,15,4.12%,334,91.76%,30,8.24,364,6,1.65%,9,2.47%,318,87.36%,31,8.52%,15,4.12,364
CRIANÇA,0 a < 5 anos,2025,SUDESTE,35,SP,354550,SANDOVALINA,2,1.11%,6,3.33%,172,95.56%,8,4.44,180,1,0.56%,5,2.78%,160,88.89%,14,7.78%,6,3.33,180
CRIANÇA,0 a < 5 anos,2025,SUDESTE,35,SP,354560,SANTA ADELIA,11,2.54%,21,4.85%,401,92.61%,32,7.39,433,3,0.69%,7,1.62%,382,88.22%,41,9.47%,10,2.31,433
CRIANÇA,0 a < 5 anos,2025,SUDESTE,35,SP,354570,SANTA ALBERTINA,0,-,13,5.16%,239,94.84%,13,5.16,252,3,1.19%,2,0.79%,228,90.48%,19,7.54%,5,1.98,252
CRIANÇA,0 a < 5 anos,2025,SUDESTE,35,SP,354580,SANTA BARBARA D'OESTE,67,1.24%,214,3.96%,5127,94.8%,281,5.2,5408,21,0.39%,55,1.02%,4921,90.99%,411,7.6%,76,1.41,5408
CRIANÇA,0 a < 5 anos,2025,SUDESTE,35,SP,354600,SANTA BRANCA,9,1.84%,27,5.51%,454,92.65%,36,7.35,490,3,0.61%,11,2.24%,456,93.06%,20,4.08%,14,2.86,490
CRIANÇA,0 a < 5 anos,2025,SUDESTE,35,SP,354610,SANTA CLARA D'OESTE,3,2.19%,6,4.38%,128,93.43%,9,6.57,137,0,-,5,3.65%,124,90.51%,8,5.84%,5,3.65,137
CRIANÇA,0 a < 5 anos,2025,SUDESTE,35,SP,354620,SANTA CRUZ DA CONCEICAO,5,2.91%,5,2.91%,162,94.19%,10,5.81,172,1,0.58%,3,1.74%,153,88.95%,15,8.72%,4,2.33,172
CRIANÇA,0 a < 5 anos,2025,SUDESTE,35,SP,354625,SANTA CRUZ DA ESPERANCA,1,0.93%,4,3.74%,102,95.33%,5,4.67,107,0,-,4,3.74%,93,86.92%,10,9.35%,4,3.74,107
CRIANÇA,0 a < 5 anos,2025,SUDESTE,35,SP,354630,SANTA CRUZ DAS PALMEIRAS,10,0.9%,35,3.14%,1069,95.96%,45,4.04,1114,6,0.54%,12,1.08%,984,88.33%,112,10.05%,18,1.62,1114
CRIANÇA,0 a < 5 anos,2025,SUDESTE,35,SP,354640,SANTA CRUZ DO RIO PARDO,56,2.85%,118,6%,1792,91.15%,174,8.85,1966,25,1.27%,38,1.93%,1748,88.96%,154,7.84%,63,3.21,1965
CRIANÇA,0 a < 5 anos,2025,SUDESTE,35,SP,354650,SANTA ERNESTINA,1,0.48%,9,4.31%,199,95.22%,10,4.78,209,0,-,1,0.48%,194,92.82%,14,6.7%,1,0.48,209
CRIANÇA,0 a < 5 anos,2025,SUDESTE,35,SP,354660,SANTA FE DO SUL,23,4.58%,25,4.98%,454,90.44%,48,9.56,502,3,0.6%,12,2.39%,454,90.44%,33,6.57%,15,2.99,502
CRIANÇA,0 a < 5 anos,2025,SUDESTE,35,SP,354670,SANTA GERTRUDES,9,1.04%,45,5.2%,812,93.76%,54,6.24,866,5,0.58%,10,1.15%,784,90.53%,67,7.74%,15,1.73,866
CRIANÇA,0 a < 5 anos,2025,SUDESTE,35,SP,354680,SANTA ISABEL,24,1.37%,94,5.36%,1635,93.27%,118,6.73,1753,4,0.23%,20,1.14%,1594,90.93%,135,7.7%,24,1.37,1753
CRIANÇA,0 a < 5 anos,2025,SUDESTE,35,SP,354690,SANTA LUCIA,7,2.25%,20,6.43%,284,91.32%,27,8.68,311,1,0.32%,4,1.29%,279,89.71%,27,8.68%,5,1.61,311
CRIANÇA,0 a < 5 anos,2025,SUDESTE,35,SP,354700,SANTA MARIA DA SERRA,7,2.59%,16,5.93%,247,91.48%,23,8.52,270,2,0.74%,6,2.22%,243,90%,19,7.04%,8,2.96,270
CRIANÇA,0 a < 5 anos,2025,SUDESTE,35,SP,354710,SANTA MERCEDES,4,2.02%,11,5.56%,183,92.42%,15,7.58,198,1,0.51%,5,2.53%,179,90.4%,13,6.57%,6,3.03,198
CRIANÇA,0 a < 5 anos,2025,SUDESTE,35,SP,354720,SANTANA DA PONTE PENSA,0,-,5,7.14%,65,92.86%,5,7.14,70,0,-,1,1.43%,59,84.29%,10,14.29%,1,1.43,70
CRIANÇA,0 a < 5 anos,2025,SUDESTE,35,SP,354730,SANTANA DE PARNAIBA,78,1.08%,184,2.54%,6979,96.38%,262,3.62,7241,30,0.41%,84,1.16%,6652,91.85%,476,6.57%,114,1.57,7242
CRIANÇA,0 a < 5 anos,2025,SUDESTE,35,SP,354740,SANTA RITA D'OESTE,1,0.85%,3,2.54%,114,96.61%,4,3.39,118,0,-,1,0.85%,109,92.37%,8,6.78%,1,0.85,118
CRIANÇA,0 a < 5 anos,2025,SUDESTE,35,SP,354750,SANTA RITA DO PASSA QUATRO,14,1.96%,26,3.64%,674,94.4%,40,5.6,714,1,0.14%,6,0.84%,657,92.02%,50,7%,7,0.98,714
CRIANÇA,0 a < 5 anos,2025,SUDESTE,35,SP,354760,SANTA ROSA DE VITERBO,18,2.24%,40,4.98%,746,92.79%,58,7.21,804,5,0.62%,11,1.37%,723,89.93%,65,8.08%,16,1.99,804
CRIANÇA,0 a < 5 anos,2025,SUDESTE,35,SP,354765,SANTA SALETE,2,2.08%,5,5.21%,89,92.71%,7,7.29,96,0,-,0,-,84,87.5%,12,12.5%,0,0.0,96
CRIANÇA,0 a < 5 anos,2025,SUDESTE,35,SP,354770,SANTO ANASTACIO,20,3.29%,29,4.77%,559,91.94%,49,8.06,608,5,0.82%,20,3.29%,535,87.99%,48,7.89%,25,4.11,608
CRIANÇA,0 a < 5 anos,2025,SUDESTE,35,SP,354780,SANTO ANDRE,285,4.48%,470,7.39%,5609,88.14%,755,11.86,6364,71,1.12%,124,1.95%,5721,89.9%,448,7.04%,195,3.06,6364
CRIANÇA,0 a < 5 anos,2025,SUDESTE,35,SP,354790,SANTO ANTONIO DA ALEGRIA,6,1.67%,11,3.06%,343,95.28%,17,4.72,360,1,0.28%,6,1.67%,321,89.17%,32,8.89%,7,1.94,360
CRIANÇA,0 a < 5 anos,2025,SUDESTE,35,SP,354800,SANTO ANTONIO DE POSSE,24,2.17%,42,3.8%,1039,94.03%,66,5.97,1105,6,0.54%,11,1%,1009,91.31%,79,7.15%,17,1.54,1105
CRIANÇA,0 a < 5 anos,2025,SUDESTE,35,SP,354805,SANTO ANTONIO DO ARACANGUA,12,3.83%,15,4.79%,286,91.37%,27,8.63,313,2,0.64%,4,1.28%,280,89.46%,27,8.63%,6,1.92,313
CRIANÇA,0 a < 5 anos,2025,SUDESTE,35,SP,354810,SANTO ANTONIO DO JARDIM,3,2.1%,8,5.59%,132,92.31%,11,7.69,143,0,-,1,0.7%,134,93.71%,8,5.59%,1,0.7,143
CRIANÇA,0 a < 5 anos,2025,SUDESTE,35,SP,354820,SANTO ANTONIO DO PINHAL,3,0.85%,19,5.37%,332,93.79%,22,6.21,354,3,0.85%,7,1.98%,323,91.24%,21,5.93%,10,2.82,354
CRIANÇA,0 a < 5 anos,2025,SUDESTE,35,SP,354830,SANTO EXPEDITO,3,2%,12,8%,135,90%,15,10.0,150,0,-,4,2.67%,136,90.67%,10,6.67%,4,2.67,150
CRIANÇA,0 a < 5 anos,2025,SUDESTE,35,SP,354840,SANTOPOLIS DO AGUAPEI,19,8.52%,15,6.73%,189,84.75%,34,15.25,223,2,0.9%,3,1.35%,191,85.65%,27,12.11%,5,2.24,223
CRIANÇA,0 a < 5 anos,2025,SUDESTE,35,SP,354850,SANTOS,193,2.4%,449,5.58%,7404,92.02%,642,7.98,8046,56,0.7%,148,1.84%,7387,91.8%,456,5.67%,204,2.54,8047
CRIANÇA,0 a < 5 anos,2025,SUDESTE,35,SP,354860,SAO BENTO DO SAPUCAI,10,2.54%,17,4.33%,366,93.13%,27,6.87,393,3,0.76%,7,1.78%,363,92.37%,20,5.09%,10,2.54,393
CRIANÇA,0 a < 5 anos,2025,SUDESTE,35,SP,354870,SAO BERNARDO DO CAMPO,774,4.03%,1215,6.33%,17211,89.64%,1989,10.36,19200,186,0.97%,513,2.67%,17081,88.96%,1420,7.4%,699,3.64,19200
CRIANÇA,0 a < 5 anos,2025,SUDESTE,35,SP,354880,SAO CAETANO DO SUL,62,1.91%,173,5.32%,3015,92.77%,235,7.23,3250,18,0.55%,67,2.06%,2976,91.57%,189,5.82%,85,2.62,3250
CRIANÇA,0 a < 5 anos,2025,SUDESTE,35,SP,354890,SAO CARLOS,132,2.65%,261,5.24%,4584,92.1%,393,7.9,4977,29,0.58%,107,2.15%,4568,91.78%,273,5.49%,136,2.73,4977
CRIANÇA,0 a < 5 anos,2025,SUDESTE,35,SP,354900,SAO FRANCISCO,0,-,5,4.07%,118,95.93%,5,4.07,123,1,0.81%,1,0.81%,112,91.06%,9,7.32%,2,1.63,123
CRIANÇA,0 a < 5 anos,2025,SUDESTE,35,SP,354910,SAO JOAO DA BOA VISTA,44,1.72%,96,3.74%,2425,94.54%,140,5.46,2565,24,0.94%,44,1.72%,2298,89.59%,199,7.76%,68,2.65,2565
CRIANÇA,0 a < 5 anos,2025,SUDESTE,35,SP,354920,SAO JOAO DAS DUAS PONTES,4,3.51%,4,3.51%,106,92.98%,8,7.02,114,0,-,4,3.51%,100,87.72%,10,8.77%,4,3.51,114
CRIANÇA,0 a < 5 anos,2025,SUDESTE,35,SP,354925,SAO JOAO DE IRACEMA,0,-,3,3.45%,84,96.55%,3,3.45,87,0,-,2,2.3%,78,89.66%,7,8.05%,2,2.3,87
CRIANÇA,0 a < 5 anos,2025,SUDESTE,35,SP,354930,SAO JOAO DO PAU D'ALHO,4,4.71%,4,4.71%,77,90.59%,8,9.41,85,0,-,0,-,80,94.12%,5,5.88%,0,0.0,85
CRIANÇA,0 a < 5 anos,2025,SUDESTE,35,SP,354940,SAO JOAQUIM DA BARRA,28,2.05%,64,4.7%,1271,93.25%,92,6.75,1363,6,0.44%,17,1.25%,1220,89.51%,120,8.8%,23,1.69,1363
CRIANÇA,0 a < 5 anos,2025,SUDESTE,35,SP,354950,SAO JOSE DA BELA VISTA,13,3.88%,15,4.48%,307,91.64%,28,8.36,335,2,0.6%,4,1.19%,309,92.24%,20,5.97%,6,1.79,335
CRIANÇA,0 a < 5 anos,2025,SUDESTE,35,SP,354960,SAO JOSE DO BARREIRO,4,2.92%,10,7.3%,123,89.78%,14,10.22,137,0,-,2,1.46%,127,92.7%,8,5.84%,2,1.46,137
CRIANÇA,0 a < 5 anos,2025,SUDESTE,35,SP,354970,SAO JOSE DO RIO PARDO,24,1.43%,58,3.45%,1598,95.12%,82,4.88,1680,7,0.42%,30,1.79%,1539,91.61%,104,6.19%,37,2.2,1680
CRIANÇA,0 a < 5 anos,2025,SUDESTE,35,SP,354980,SAO JOSE DO RIO PRETO,338,2.51%,651,4.83%,12481,92.66%,989,7.34,13470,146,1.08%,269,2%,12236,90.84%,819,6.08%,415,3.08,13470
CRIANÇA,0 a < 5 anos,2025,SUDESTE,35,SP,354990,SAO JOSE DOS CAMPOS,733,3.32%,1116,5.06%,20228,91.62%,1849,8.38,22077,472,2.14%,532,2.41%,19866,89.99%,1207,5.47%,1004,4.55,22077
CRIANÇA,0 a < 5 anos,2025,SUDESTE,35,SP,354995,SAO LOURENCO DA SERRA,13,2.16%,23,3.82%,566,94.02%,36,5.98,602,4,0.66%,9,1.5%,549,91.2%,40,6.64%,13,2.16,602
CRIANÇA,0 a < 5 anos,2025,SUDESTE,35,SP,355000,SAO LUIS DO PARAITINGA,6,1.6%,6,1.6%,362,96.79%,12,3.21,374,5,1.34%,4,1.07%,337,90.11%,28,7.49%,9,2.41,374
CRIANÇA,0 a < 5 anos,2025,SUDESTE,35,SP,355010,SAO MANUEL,28,1.85%,63,4.17%,1421,93.98%,91,6.02,1512,8,0.53%,31,2.05%,1366,90.34%,107,7.08%,39,2.58,1512
CRIANÇA,0 a < 5 anos,2025,SUDESTE,35,SP,355020,SAO MIGUEL ARCANJO,22,2.05%,49,4.57%,1002,93.38%,71,6.62,1073,5,0.47%,30,2.8%,965,89.93%,73,6.8%,35,3.26,1073
CRIANÇA,0 a < 5 anos,2025,SUDESTE,35,SP,355030,SAO PAULO,6605,2.57%,12961,5.04%,237452,92.39%,19566,7.61,257018,1848,0.72%,4636,1.8%,233327,90.84%,17042,6.63%,6484,2.52,256853
CRIANÇA,0 a < 5 anos,2025,SUDESTE,35,SP,355040,SAO PEDRO,48,4.05%,86,7.26%,1051,88.69%,134,11.31,1185,7,0.59%,18,1.52%,1051,88.69%,109,9.2%,25,2.11,1185
CRIANÇA,0 a < 5 anos,2025,SUDESTE,35,SP,355050,SAO PEDRO DO TURVO,13,3.2%,25,6.16%,368,90.64%,38,9.36,406,2,0.49%,3,0.74%,357,87.93%,44,10.84%,5,1.23,406
CRIANÇA,0 a < 5 anos,2025,SUDESTE,35,SP,355060,SAO ROQUE,48,1.74%,128,4.64%,2583,93.62%,176,6.38,2759,14,0.51%,49,1.78%,2534,91.81%,163,5.91%,63,2.28,2760
CRIANÇA,0 a < 5 anos,2025,SUDESTE,35,SP,355070,SAO SEBASTIAO,87,2.6%,239,7.15%,3016,90.25%,326,9.75,3342,15,0.45%,57,1.71%,3073,91.95%,197,5.89%,72,2.15,3342
CRIANÇA,0 a < 5 anos,2025,SUDESTE,35,SP,355080,SAO SEBASTIAO DA GRAMA,5,1.67%,10,3.34%,284,94.98%,15,5.02,299,0,-,2,0.67%,274,91.64%,23,7.69%,2,0.67,299
CRIANÇA,0 a < 5 anos,2025,SUDESTE,35,SP,355090,SAO SIMAO,18,4.16%,30,6.93%,385,88.91%,48,11.09,433,3,0.69%,16,3.7%,391,90.3%,23,5.31%,19,4.39,433
CRIANÇA,0 a < 5 anos,2025,SUDESTE,35,SP,355100,SAO VICENTE,285,3.6%,515,6.51%,7113,89.89%,800,10.11,7913,70,0.88%,183,2.31%,7120,89.98%,540,6.82%,253,3.2,7913
CRIANÇA,0 a < 5 anos,2025,SUDESTE,35,SP,355110,SARAPUI,8,1.51%,17,3.2%,506,95.29%,25,4.71,531,2,0.38%,6,1.13%,477,89.83%,46,8.66%,8,1.51,531
CRIANÇA,0 a < 5 anos,2025,SUDESTE,35,SP,355120,SARUTAIA,4,1.81%,16,7.24%,201,90.95%,20,9.05,221,3,1.36%,4,1.81%,205,92.76%,9,4.07%,7,3.17,221
CRIANÇA,0 a < 5 anos,2025,SUDESTE,35,SP,355130,SEBASTIANOPOLIS DO SUL,6,3.21%,11,5.88%,170,90.91%,17,9.09,187,1,0.53%,4,2.14%,167,89.3%,15,8.02%,5,2.67,187
CRIANÇA,0 a < 5 anos,2025,SUDESTE,35,SP,355140,SERRA AZUL,6,2.27%,21,7.95%,237,89.77%,27,10.23,264,1,0.38%,5,1.89%,240,90.91%,18,6.82%,6,2.27,264
CRIANÇA,0 a < 5 anos,2025,SUDESTE,35,SP,355150,SERRANA,33,2.02%,94,5.75%,1509,92.24%,127,7.76,1636,9,0.55%,52,3.18%,1475,90.16%,100,6.11%,61,3.73,1636
CRIANÇA,0 a < 5 anos,2025,SUDESTE,35,SP,355160,SERRA NEGRA,20,1.82%,80,7.29%,998,90.89%,100,9.11,1098,8,0.73%,24,2.19%,1022,93.08%,44,4.01%,32,2.91,1098
CRIANÇA,0 a < 5 anos,2025,SUDESTE,35,SP,355170,SERTAOZINHO,35,1.09%,112,3.5%,3055,95.41%,147,4.59,3202,11,0.34%,49,1.53%,2893,90.35%,249,7.78%,60,1.87,3202
CRIANÇA,0 a < 5 anos,2025,SUDESTE,35,SP,355180,SETE BARRAS,17,2.11%,44,5.45%,746,92.44%,61,7.56,807,1,0.12%,15,1.86%,727,90.09%,64,7.93%,16,1.98,807
CRIANÇA,0 a < 5 anos,2025,SUDESTE,35,SP,355190,SEVERINIA,27,4.18%,34,5.26%,585,90.56%,61,9.44,646,7,1.08%,15,2.32%,557,86.22%,67,10.37%,22,3.41,646
CRIANÇA,0 a < 5 anos,2025,SUDESTE,35,SP,355200,SILVEIRAS,4,1.05%,26,6.84%,350,92.11%,30,7.89,380,1,0.26%,9,2.37%,337,88.68%,33,8.68%,10,2.63,380
CRIANÇA,0 a < 5 anos,2025,SUDESTE,35,SP,355210,SOCORRO,11,0.79%,45,3.22%,1343,96%,56,4.0,1399,3,0.21%,22,1.57%,1305,93.28%,69,4.93%,25,1.79,1399
CRIANÇA,0 a < 5 anos,2025,SUDESTE,35,SP,355220,SOROCABA,249,1.77%,603,4.28%,13240,93.95%,852,6.05,14092,104,0.74%,281,1.99%,12923,91.7%,784,5.56%,385,2.73,14092
CRIANÇA,0 a < 5 anos,2025,SUDESTE,35,SP,355230,SUD MENNUCCI,4,1.46%,8,2.92%,262,95.62%,12,4.38,274,3,1.09%,3,1.09%,240,87.59%,28,10.22%,6,2.19,274
CRIANÇA,0 a < 5 anos,2025,SUDESTE,35,SP,355240,SUMARE,140,1.98%,539,7.62%,6398,90.41%,679,9.59,7077,39,0.55%,87,1.23%,6688,94.49%,264,3.73%,126,1.78,7078
CRIANÇA,0 a < 5 anos,2025,SUDESTE,35,SP,355250,SUZANO,399,4.23%,595,6.31%,8437,89.46%,994,10.54,9431,59,0.63%,202,2.14%,8508,90.22%,661,7.01%,261,2.77,9430
CRIANÇA,0 a < 5 anos,2025,SUDESTE,35,SP,355255,SUZANAPOLIS,2,1.39%,9,6.25%,133,92.36%,11,7.64,144,1,0.69%,2,1.39%,127,88.19%,14,9.72%,3,2.08,144
CRIANÇA,0 a < 5 anos,2025,SUDESTE,35,SP,355260,TABAPUA,1,1.01%,5,5.05%,93,93.94%,6,6.06,99,1,1.01%,1,1.01%,88,88.89%,9,9.09%,2,2.02,99
CRIANÇA,0 a < 5 anos,2025,SUDESTE,35,SP,355270,TABATINGA,23,5.25%,22,5.02%,393,89.73%,45,10.27,438,4,0.91%,6,1.37%,361,82.42%,67,15.3%,10,2.28,438
CRIANÇA,0 a < 5 anos,2025,SUDESTE,35,SP,355280,TABOAO DA SERRA,391,4.2%,748,8.03%,8171,87.77%,1139,12.23,9310,60,0.64%,364,3.91%,8276,88.89%,610,6.55%,424,4.55,9310
CRIANÇA,0 a < 5 anos,2025,SUDESTE,35,SP,355290,TACIBA,3,0.83%,14,3.89%,343,95.28%,17,4.72,360,0,-,2,0.56%,328,91.11%,30,8.33%,2,0.56,360
CRIANÇA,0 a < 5 anos,2025,SUDESTE,35,SP,355300,TAGUAI,9,1.1%,33,4.05%,773,94.85%,42,5.15,815,3,0.37%,11,1.35%,759,93.13%,42,5.15%,14,1.72,815
CRIANÇA,0 a < 5 anos,2025,SUDESTE,35,SP,355310,TAIACU,3,2.8%,5,4.67%,99,92.52%,8,7.48,107,0,-,4,3.74%,93,86.92%,10,9.35%,4,3.74,107
CRIANÇA,0 a < 5 anos,2025,SUDESTE,35,SP,355320,TAIUVA,5,2.03%,10,4.07%,231,93.9%,15,6.1,246,1,0.41%,3,1.22%,225,91.46%,17,6.91%,4,1.63,246
CRIANÇA,0 a < 5 anos,2025,SUDESTE,35,SP,355330,TAMBAU,25,3.73%,38,5.66%,608,90.61%,63,9.39,671,10,1.49%,12,1.79%,590,87.93%,59,8.79%,22,3.28,671
CRIANÇA,0 a < 5 anos,2025,SUDESTE,35,SP,355340,TANABI,27,2.59%,60,5.75%,957,91.67%,87,8.33,1044,9,0.86%,15,1.44%,944,90.42%,76,7.28%,24,2.3,1044
CRIANÇA,0 a < 5 anos,2025,SUDESTE,35,SP,355350,TAPIRAI,6,1.37%,24,5.47%,409,93.17%,30,6.83,439,2,0.46%,9,2.05%,389,88.61%,39,8.88%,11,2.51,439
CRIANÇA,0 a < 5 anos,2025,SUDESTE,35,SP,355360,TAPIRATIBA,3,0.74%,16,3.93%,388,95.33%,19,4.67,407,2,0.49%,5,1.23%,371,91.15%,29,7.13%,7,1.72,407
CRIANÇA,0 a < 5 anos,2025,SUDESTE,35,SP,355365,TAQUARAL,1,1.06%,5,5.32%,88,93.62%,6,6.38,94,0,-,2,2.13%,81,86.17%,11,11.7%,2,2.13,94
CRIANÇA,0 a < 5 anos,2025,SUDESTE,35,SP,355370,TAQUARITINGA,48,4.18%,84,7.32%,1015,88.49%,132,11.51,1147,6,0.52%,17,1.48%,1021,89.01%,103,8.98%,23,2.01,1147
CRIANÇA,0 a < 5 anos,2025,SUDESTE,35,SP,355380,TAQUARITUBA,26,2.39%,59,5.41%,1005,92.2%,85,7.8,1090,9,0.83%,29,2.66%,977,89.63%,75,6.88%,38,3.49,1090
CRIANÇA,0 a < 5 anos,2025,SUDESTE,35,SP,355385,TAQUARIVAI,10,2.37%,16,3.79%,396,93.84%,26,6.16,422,3,0.71%,7,1.66%,367,86.97%,45,10.66%,10,2.37,422
CRIANÇA,0 a < 5 anos,2025,SUDESTE,35,SP,355390,TARABAI,6,2.55%,13,5.53%,216,91.91%,19,8.09,235,0,-,4,1.7%,210,89.36%,21,8.94%,4,1.7,235
CRIANÇA,0 a < 5 anos,2025,SUDESTE,35,SP,355395,TARUMA,9,1.86%,30,6.2%,445,91.94%,39,8.06,484,1,0.21%,10,2.07%,444,91.74%,29,5.99%,11,2.27,484
CRIANÇA,0 a < 5 anos,2025,SUDESTE,35,SP,355400,TATUI,139,3.64%,202,5.29%,3474,91.06%,341,8.94,3815,39,1.02%,75,1.97%,3417,89.57%,284,7.44%,114,2.99,3815
CRIANÇA,0 a < 5 anos,2025,SUDESTE,35,SP,355410,TAUBATE,217,2.01%,578,5.35%,10006,92.64%,795,7.36,10801,67,0.62%,208,1.93%,9960,92.21%,566,5.24%,275,2.55,10801
CRIANÇA,0 a < 5 anos,2025,SUDESTE,35,SP,355420,TEJUPA,3,1.17%,14,5.47%,239,93.36%,17,6.64,256,2,0.78%,4,1.56%,234,91.41%,16,6.25%,6,2.34,256
CRIANÇA,0 a < 5 anos,2025,SUDESTE,35,SP,355430,TEODORO SAMPAIO,16,1.53%,43,4.1%,989,94.37%,59,5.63,1048,13,1.24%,35,3.34%,933,89.03%,67,6.39%,48,4.58,1048
CRIANÇA,0 a < 5 anos,2025,SUDESTE,35,SP,355440,TERRA ROXA,7,3.7%,16,8.47%,166,87.83%,23,12.17,189,2,1.06%,4,2.12%,163,86.24%,20,10.58%,6,3.17,189
CRIANÇA,0 a < 5 anos,2025,SUDESTE,35,SP,355450,TIETE,17,1.41%,33,2.73%,1158,95.86%,50,4.14,1208,3,0.25%,20,1.66%,957,79.22%,228,18.87%,23,1.9,1208
CRIANÇA,0 a < 5 anos,2025,SUDESTE,35,SP,355460,TIMBURI,2,1.41%,8,5.63%,132,92.96%,10,7.04,142,1,0.7%,1,0.7%,123,86.62%,17,11.97%,2,1.41,142
CRIANÇA,0 a < 5 anos,2025,SUDESTE,35,SP,355465,TORRE DE PEDRA,2,1.31%,8,5.23%,143,93.46%,10,6.54,153,1,0.65%,3,1.96%,133,86.93%,16,10.46%,4,2.61,153
CRIANÇA,0 a < 5 anos,2025,SUDESTE,35,SP,355470,TORRINHA,5,1.61%,11,3.54%,295,94.86%,16,5.14,311,0,-,2,0.64%,286,91.96%,23,7.4%,2,0.64,311
CRIANÇA,0 a < 5 anos,2025,SUDESTE,35,SP,355475,TRABIJU,2,3.03%,3,4.55%,61,92.42%,5,7.58,66,0,-,0,-,58,87.88%,8,12.12%,0,0.0,66
CRIANÇA,0 a < 5 anos,2025,SUDESTE,35,SP,355480,TREMEMBE,33,6.89%,42,8.77%,404,84.34%,75,15.66,479,4,0.84%,13,2.71%,419,87.47%,43,8.98%,17,3.55,479
CRIANÇA,0 a < 5 anos,2025,SUDESTE,35,SP,355490,TRES FRONTEIRAS,13,4.87%,16,5.99%,238,89.14%,29,10.86,267,5,1.87%,4,1.5%,232,86.89%,26,9.74%,9,3.37,267
CRIANÇA,0 a < 5 anos,2025,SUDESTE,35,SP,355495,TUIUTI,3,1.17%,6,2.33%,248,96.5%,9,3.5,257,1,0.39%,3,1.17%,223,86.77%,30,11.67%,4,1.56,257
CRIANÇA,0 a < 5 anos,2025,SUDESTE,35,SP,355500,TUPA,28,1.73%,64,3.95%,1528,94.32%,92,5.68,1620,9,0.56%,20,1.23%,1483,91.54%,108,6.67%,29,1.79,1620
CRIANÇA,0 a < 5 anos,2025,SUDESTE,35,SP,355510,TUPI PAULISTA,5,1.34%,15,4.02%,353,94.64%,20,5.36,373,0,-,3,0.8%,339,90.88%,31,8.31%,3,0.8,373
CRIANÇA,0 a < 5 anos,2025,SUDESTE,35,SP,355520,TURIUBA,1,1.12%,4,4.49%,84,94.38%,5,5.62,89,0,-,0,-,83,93.26%,6,6.74%,0,0.0,89
CRIANÇA,0 a < 5 anos,2025,SUDESTE,35,SP,355530,TURMALINA,2,2.74%,1,1.37%,70,95.89%,3,4.11,73,0,-,2,2.74%,64,87.67%,7,9.59%,2,2.74,73
CRIANÇA,0 a < 5 anos,2025,SUDESTE,35,SP,355535,UBARANA,3,0.97%,8,2.58%,299,96.45%,11,3.55,310,1,0.32%,5,1.61%,280,90.32%,24,7.74%,6,1.94,310
CRIANÇA,0 a < 5 anos,2025,SUDESTE,35,SP,355540,UBATUBA,176,3.98%,272,6.16%,3970,89.86%,448,10.14,4418,34,0.77%,107,2.42%,3995,90.43%,282,6.38%,141,3.19,4418
CRIANÇA,0 a < 5 anos,2025,SUDESTE,35,SP,355550,UBIRAJARA,5,2.17%,10,4.35%,215,93.48%,15,6.52,230,1,0.43%,7,3.04%,198,86.09%,24,10.43%,8,3.48,230
CRIANÇA,0 a < 5 anos,2025,SUDESTE,35,SP,355560,UCHOA,11,2.84%,25,6.46%,351,90.7%,36,9.3,387,5,1.29%,12,3.1%,331,85.53%,39,10.08%,17,4.39,387
CRIANÇA,0 a < 5 anos,2025,SUDESTE,35,SP,355570,UNIAO PAULISTA,1,0.88%,4,3.54%,108,95.58%,5,4.42,113,0,-,0,-,103,91.15%,10,8.85%,0,0.0,113
CRIANÇA,0 a < 5 anos,2025,SUDESTE,35,SP,355580,URANIA,18,4.79%,25,6.65%,333,88.56%,43,11.44,376,5,1.33%,8,2.13%,348,92.55%,15,3.99%,13,3.46,376
CRIANÇA,0 a < 5 anos,2025,SUDESTE,35,SP,355590,URU,2,2.56%,2,2.56%,74,94.87%,4,5.13,78,0,-,0,-,72,92.31%,6,7.69%,0,0.0,78
CRIANÇA,0 a < 5 anos,2025,SUDESTE,35,SP,355600,URUPES,13,2.21%,27,4.59%,548,93.2%,40,6.8,588,5,0.85%,9,1.53%,527,89.63%,47,7.99%,14,2.38,588
CRIANÇA,0 a < 5 anos,2025,SUDESTE,35,SP,355610,VALENTIM GENTIL,16,2.87%,30,5.39%,511,91.74%,46,8.26,557,2,0.36%,11,1.97%,502,90.13%,42,7.54%,13,2.33,557
CRIANÇA,0 a < 5 anos,2025,SUDESTE,35,SP,355620,VALINHOS,31,4.48%,44,6.36%,617,89.16%,75,10.84,692,10,1.45%,22,3.18%,626,90.46%,34,4.91%,32,4.62,692
CRIANÇA,0 a < 5 anos,2025,SUDESTE,35,SP,355630,VALPARAISO,22,2.87%,46,6.01%,698,91.12%,68,8.88,766,6,0.78%,10,1.31%,685,89.43%,65,8.49%,16,2.09,766
CRIANÇA,0 a < 5 anos,2025,SUDESTE,35,SP,355635,VARGEM,25,4.3%,30,5.16%,526,90.53%,55,9.47,581,2,0.34%,11,1.89%,530,91.22%,38,6.54%,13,2.24,581
CRIANÇA,0 a < 5 anos,2025,SUDESTE,35,SP,355640,VARGEM GRANDE DO SUL,26,2.29%,58,5.11%,1051,92.6%,84,7.4,1135,4,0.35%,15,1.32%,1027,90.48%,89,7.84%,19,1.67,1135
CRIANÇA,0 a < 5 anos,2025,SUDESTE,35,SP,355645,VARGEM GRANDE PAULISTA,34,1.48%,95,4.14%,2166,94.38%,129,5.62,2295,6,0.26%,40,1.74%,2096,91.33%,153,6.67%,46,2.0,2295
CRIANÇA,0 a < 5 anos,2025,SUDESTE,35,SP,355650,VARZEA PAULISTA,66,3.44%,115,5.99%,1738,90.57%,181,9.43,1919,10,0.52%,40,2.08%,1740,90.67%,129,6.72%,50,2.61,1919
CRIANÇA,0 a < 5 anos,2025,SUDESTE,35,SP,355660,VERA CRUZ,31,12.25%,9,3.56%,213,84.19%,40,15.81,253,7,2.77%,23,9.09%,213,84.19%,10,3.95%,30,11.86,253
CRIANÇA,0 a < 5 anos,2025,SUDESTE,35,SP,355670,VINHEDO,35,1.6%,57,2.6%,2101,95.8%,92,4.2,2193,8,0.36%,40,1.82%,2011,91.7%,134,6.11%,48,2.19,2193
CRIANÇA,0 a < 5 anos,2025,SUDESTE,35,SP,355680,VIRADOURO,11,2.55%,21,4.86%,400,92.59%,32,7.41,432,1,0.23%,9,2.08%,381,88.19%,41,9.49%,10,2.31,432
CRIANÇA,0 a < 5 anos,2025,SUDESTE,35,SP,355690,VISTA ALEGRE DO ALTO,15,3.79%,12,3.03%,369,93.18%,27,6.82,396,4,1.01%,7,1.77%,342,86.36%,43,10.86%,11,2.78,396
CRIANÇA,0 a < 5 anos,2025,SUDESTE,35,SP,355695,VITORIA BRASIL,0,-,1,0.91%,109,99.09%,1,0.91,110,0,-,2,1.82%,97,88.18%,11,10%,2,1.82,110
CRIANÇA,0 a < 5 anos,2025,SUDESTE,35,SP,355700,VOTORANTIM,66,1.86%,151,4.26%,3327,93.88%,217,6.12,3544,25,0.71%,92,2.6%,3213,90.66%,214,6.04%,117,3.3,3544
CRIANÇA,0 a < 5 anos,2025,SUDESTE,35,SP,355710,VOTUPORANGA,75,2.43%,169,5.48%,2842,92.09%,244,7.91,3086,16,0.52%,51,1.65%,2816,91.25%,203,6.58%,67,2.17,3086
CRIANÇA,0 a < 5 anos,2025,SUDESTE,35,SP,355715,ZACARIAS,2,1.52%,4,3.03%,126,95.45%,6,4.55,132,0,-,1,0.76%,117,88.64%,14,10.61%,1,0.76,132
CRIANÇA,0 a < 5 anos,2025,SUDESTE,35,SP,355720,CHAVANTES,16,3.01%,21,3.95%,494,93.03%,37,6.97,531,6,1.13%,10,1.88%,461,86.82%,54,10.17%,16,3.01,531
CRIANÇA,0 a < 5 anos,2025,SUDESTE,35,SP,355730,ESTIVA GERBI,14,6.54%,16,7.48%,184,85.98%,30,14.02,214,3,1.4%,3,1.4%,188,87.85%,20,9.35%,6,2.8,214
CRIANÇA,0 a < 5 anos,2025,SUL,41,PR,410010,ABATIA,4,1.91%,5,2.39%,200,95.69%,9,4.31,209,1,0.48%,5,2.39%,183,87.56%,20,9.57%,6,2.87,209
CRIANÇA,0 a < 5 anos,2025,SUL,41,PR,410020,ADRIANOPOLIS,19,5.72%,23,6.93%,290,87.35%,42,12.65,332,5,1.51%,5,1.51%,292,87.95%,30,9.04%,10,3.01,332
CRIANÇA,0 a < 5 anos,2025,SUL,41,PR,410030,AGUDOS DO SUL,28,4.63%,41,6.78%,536,88.6%,69,11.4,605,5,0.83%,6,0.99%,544,89.92%,50,8.26%,11,1.82,605
CRIANÇA,0 a < 5 anos,2025,SUL,41,PR,410040,ALMIRANTE TAMANDARE,134,2.92%,288,6.28%,4167,90.8%,422,9.2,4589,34,0.74%,86,1.87%,4154,90.52%,315,6.86%,120,2.61,4589
CRIANÇA,0 a < 5 anos,2025,SUL,41,PR,410045,ALTAMIRA DO PARANA,5,2.6%,6,3.13%,181,94.27%,11,5.73,192,0,-,0,-,184,95.83%,8,4.17%,0,0.0,192
CRIANÇA,0 a < 5 anos,2025,SUL,41,PR,410050,ALTONIA,24,3.85%,35,5.61%,565,90.54%,59,9.46,624,5,0.8%,12,1.92%,562,90.06%,45,7.21%,17,2.72,624
CRIANÇA,0 a < 5 anos,2025,SUL,41,PR,410060,ALTO PARANA,12,1.89%,22,3.46%,602,94.65%,34,5.35,636,3,0.47%,9,1.42%,574,90.25%,50,7.86%,12,1.89,636
CRIANÇA,0 a < 5 anos,2025,SUL,41,PR,410070,ALTO PIQUIRI,10,1.99%,17,3.38%,476,94.63%,27,5.37,503,5,0.99%,4,0.8%,446,88.67%,48,9.54%,9,1.79,503
CRIANÇA,0 a < 5 anos,2025,SUL,41,PR,410080,ALVORADA DO SUL,7,1.99%,11,3.13%,334,94.89%,18,5.11,352,3,0.85%,3,0.85%,317,90.06%,29,8.24%,6,1.7,352
CRIANÇA,0 a < 5 anos,2025,SUL,41,PR,410090,AMAPORA,5,1.92%,14,5.38%,241,92.69%,19,7.31,260,0,-,3,1.15%,246,94.62%,11,4.23%,3,1.15,260
CRIANÇA,0 a < 5 anos,2025,SUL,41,PR,410100,AMPERE,24,2.34%,34,3.32%,967,94.34%,58,5.66,1025,0,-,16,1.56%,925,90.24%,84,8.2%,16,1.56,1025
CRIANÇA,0 a < 5 anos,2025,SUL,41,PR,410105,ANAHY,2,1.08%,8,4.3%,176,94.62%,10,5.38,186,0,-,1,0.54%,167,89.78%,18,9.68%,1,0.54,186
CRIANÇA,0 a < 5 anos,2025,SUL,41,PR,410110,ANDIRA,19,2.13%,31,3.48%,840,94.38%,50,5.62,890,6,0.67%,13,1.46%,792,88.99%,79,8.88%,19,2.13,890
CRIANÇA,0 a < 5 anos,2025,SUL,41,PR,410115,ANGULO,3,1.86%,9,5.59%,149,92.55%,12,7.45,161,2,1.24%,1,0.62%,144,89.44%,14,8.7%,3,1.86,161
CRIANÇA,0 a < 5 anos,2025,SUL,41,PR,410120,ANTONINA,30,3.96%,56,7.4%,671,88.64%,86,11.36,757,4,0.53%,13,1.72%,680,89.83%,60,7.93%,17,2.25,757
CRIANÇA,0 a < 5 anos,2025,SUL,41,PR,410130,ANTONIO OLINTO,4,1.1%,10,2.76%,348,96.13%,14,3.87,362,1,0.28%,2,0.55%,321,88.67%,38,10.5%,3,0.83,362
CRIANÇA,0 a < 5 anos,2025,SUL,41,PR,410140,APUCARANA,322,6.74%,392,8.21%,4060,85.04%,714,14.96,4774,76,1.59%,143,2.99%,4354,91.18%,202,4.23%,219,4.59,4775
CRIANÇA,0 a < 5 anos,2025,SUL,41,PR,410150,ARAPONGAS,120,4.58%,165,6.3%,2334,89.12%,285,10.88,2619,22,0.84%,73,2.79%,2355,89.92%,169,6.45%,95,3.63,2619
CRIANÇA,0 a < 5 anos,2025,SUL,41,PR,410160,ARAPOTI,45,3.72%,68,5.62%,1098,90.67%,113,9.33,1211,10,0.83%,29,2.39%,1080,89.18%,92,7.6%,39,3.22,1211
CRIANÇA,0 a < 5 anos,2025,SUL,41,PR,410165,ARAPUA,5,3.94%,7,5.51%,115,90.55%,12,9.45,127,0,-,2,1.57%,110,86.61%,15,11.81%,2,1.57,127
CRIANÇA,0 a < 5 anos,2025,SUL,41,PR,410170,ARARUNA,16,2.8%,22,3.85%,534,93.36%,38,6.64,572,4,0.7%,12,2.1%,500,87.41%,56,9.79%,16,2.8,572
CRIANÇA,0 a < 5 anos,2025,SUL,41,PR,410180,ARAUCARIA,176,2.39%,407,5.52%,6786,92.09%,583,7.91,7369,52,0.71%,137,1.86%,6750,91.59%,431,5.85%,189,2.56,7370
CRIANÇA,0 a < 5 anos,2025,SUL,41,PR,410185,ARIRANHA DO IVAI,8,8.79%,6,6.59%,77,84.62%,14,15.38,91,3,3.3%,1,1.1%,78,85.71%,9,9.89%,4,4.4,91
CRIANÇA,0 a < 5 anos,2025,SUL,41,PR,410190,ASSAI,8,1.49%,23,4.29%,505,94.22%,31,5.78,536,2,0.37%,13,2.43%,474,88.43%,47,8.77%,15,2.8,536
CRIANÇA,0 a < 5 anos,2025,SUL,41,PR,410200,ASSIS CHATEAUBRIAND,27,1.64%,54,3.27%,1570,95.09%,81,4.91,1651,6,0.36%,20,1.21%,1500,90.85%,125,7.57%,26,1.57,1651
CRIANÇA,0 a < 5 anos,2025,SUL,41,PR,410210,ASTORGA,16,1.81%,33,3.73%,835,94.46%,49,5.54,884,4,0.45%,9,1.02%,791,89.48%,80,9.05%,13,1.47,884
CRIANÇA,0 a < 5 anos,2025,SUL,41,PR,410220,ATALAIA,4,2.82%,8,5.63%,130,91.55%,12,8.45,142,1,0.7%,3,2.11%,124,87.32%,14,9.86%,4,2.82,142
CRIANÇA,0 a < 5 anos,2025,SUL,41,PR,410230,BALSA NOVA,8,1.01%,33,4.15%,755,94.85%,41,5.15,796,3,0.38%,14,1.76%,728,91.46%,51,6.41%,17,2.14,796
CRIANÇA,0 a < 5 anos,2025,SUL,41,PR,410240,BANDEIRANTES,25,2.01%,59,4.75%,1158,93.24%,84,6.76,1242,5,0.4%,15,1.21%,1144,92.11%,78,6.28%,20,1.61,1242
CRIANÇA,0 a < 5 anos,2025,SUL,41,PR,410250,BARBOSA FERRAZ,8,1.86%,12,2.79%,410,95.35%,20,4.65,430,0,-,5,1.16%,376,87.44%,49,11.4%,5,1.16,430
CRIANÇA,0 a < 5 anos,2025,SUL,41,PR,410260,BARRACAO,30,5.67%,41,7.75%,458,86.58%,71,13.42,529,1,0.19%,14,2.65%,468,88.47%,46,8.7%,15,2.84,529
CRIANÇA,0 a < 5 anos,2025,SUL,41,PR,410270,BARRA DO JACARE,3,2.36%,4,3.15%,120,94.49%,7,5.51,127,0,-,2,1.57%,113,88.98%,12,9.45%,2,1.57,127
CRIANÇA,0 a < 5 anos,2025,SUL,41,PR,410275,BELA VISTA DA CAROBA,5,2.94%,5,2.94%,160,94.12%,10,5.88,170,0,-,2,1.18%,153,90%,15,8.82%,2,1.18,170
CRIANÇA,0 a < 5 anos,2025,SUL,41,PR,410280,BELA VISTA DO PARAISO,18,4.57%,19,4.82%,357,90.61%,37,9.39,394,1,0.25%,5,1.27%,347,88.07%,41,10.41%,6,1.52,394
CRIANÇA,0 a < 5 anos,2025,SUL,41,PR,410290,BITURUNA,36,3%,61,5.08%,1103,91.92%,97,8.08,1200,5,0.42%,23,1.92%,1109,92.42%,63,5.25%,28,2.33,1200
CRIANÇA,0 a < 5 anos,2025,SUL,41,PR,410300,BOA ESPERANCA,13,7.18%,9,4.97%,159,87.85%,22,12.15,181,1,0.55%,5,2.76%,157,86.74%,18,9.94%,6,3.31,181
CRIANÇA,0 a < 5 anos,2025,SUL,41,PR,410302,BOA ESPERANCA DO IGUACU,9,7.69%,7,5.98%,101,86.32%,16,13.68,117,1,0.85%,0,-,105,89.74%,11,9.4%,1,0.85,117
CRIANÇA,0 a < 5 anos,2025,SUL,41,PR,410304,BOA VENTURA DE SAO ROQUE,9,3.57%,14,5.56%,229,90.87%,23,9.13,252,2,0.79%,4,1.59%,226,89.68%,20,7.94%,6,2.38,252
CRIANÇA,0 a < 5 anos,2025,SUL,41,PR,410305,BOA VISTA DA APARECIDA,26,5.12%,29,5.71%,453,89.17%,55,10.83,508,5,0.98%,6,1.18%,459,90.35%,38,7.48%,11,2.17,508
CRIANÇA,0 a < 5 anos,2025,SUL,41,PR,410310,BOCAIUVA DO SUL,16,2.87%,33,5.91%,509,91.22%,49,8.78,558,2,0.36%,3,0.54%,516,92.47%,37,6.63%,5,0.9,558
CRIANÇA,0 a < 5 anos,2025,SUL,41,PR,410315,BOM JESUS DO SUL,18,7.26%,17,6.85%,213,85.89%,35,14.11,248,1,0.4%,5,2.02%,236,95.16%,6,2.42%,6,2.42,248
CRIANÇA,0 a < 5 anos,2025,SUL,41,PR,410320,BOM SUCESSO,9,2.83%,12,3.77%,297,93.4%,21,6.6,318,1,0.31%,3,0.94%,279,87.74%,35,11.01%,4,1.26,318
CRIANÇA,0 a < 5 anos,2025,SUL,41,PR,410322,BOM SUCESSO DO SUL,10,5%,8,4%,182,91%,18,9.0,200,4,2%,5,2.5%,178,89%,13,6.5%,9,4.5,200
CRIANÇA,0 a < 5 anos,2025,SUL,41,PR,410330,BORRAZOPOLIS,11,5.47%,8,3.98%,182,90.55%,19,9.45,201,4,1.99%,3,1.49%,169,84.08%,25,12.44%,7,3.48,201
CRIANÇA,0 a < 5 anos,2025,SUL,41,PR,410335,BRAGANEY,2,0.81%,16,6.48%,229,92.71%,18,7.29,247,1,0.4%,5,2.02%,221,89.47%,20,8.1%,6,2.43,247
CRIANÇA,0 a < 5 anos,2025,SUL,41,PR,410337,BRASILANDIA DO SUL,2,0.88%,3,1.32%,222,97.8%,5,2.2,227,0,-,2,0.88%,210,92.51%,15,6.61%,2,0.88,227
CRIANÇA,0 a < 5 anos,2025,SUL,41,PR,410340,CAFEARA,0,-,2,1.23%,161,98.77%,2,1.23,163,0,-,1,0.61%,154,94.48%,8,4.91%,1,0.61,163
CRIANÇA,0 a < 5 anos,2025,SUL,41,PR,410345,CAFELANDIA,51,5.08%,69,6.88%,883,88.04%,120,11.96,1003,3,0.3%,19,1.89%,919,91.63%,62,6.18%,22,2.19,1003
CRIANÇA,0 a < 5 anos,2025,SUL,41,PR,410347,CAFEZAL DO SUL,5,1.83%,8,2.93%,260,95.24%,13,4.76,273,2,0.73%,0,-,234,85.71%,37,13.55%,2,0.73,273
CRIANÇA,0 a < 5 anos,2025,SUL,41,PR,410350,CALIFORNIA,12,4.01%,9,3.01%,278,92.98%,21,7.02,299,2,0.67%,3,1%,276,92.31%,18,6.02%,5,1.67,299
CRIANÇA,0 a < 5 anos,2025,SUL,41,PR,410360,CAMBARA,25,5.27%,42,8.86%,407,85.86%,67,14.14,474,3,0.63%,6,1.27%,415,87.55%,50,10.55%,9,1.9,474
CRIANÇA,0 a < 5 anos,2025,SUL,41,PR,410370,CAMBE,79,1.94%,199,4.89%,3790,93.17%,278,6.83,4068,23,0.57%,65,1.6%,3670,90.22%,310,7.62%,88,2.16,4068
CRIANÇA,0 a < 5 anos,2025,SUL,41,PR,410380,CAMBIRA,12,2.12%,31,5.48%,523,92.4%,43,7.6,566,2,0.35%,10,1.77%,510,90.11%,44,7.77%,12,2.12,566
CRIANÇA,0 a < 5 anos,2025,SUL,41,PR,410390,CAMPINA DA LAGOA,43,4.24%,57,5.62%,914,90.14%,100,9.86,1014,6,0.59%,9,0.89%,913,90.04%,86,8.48%,15,1.48,1014
CRIANÇA,0 a < 5 anos,2025,SUL,41,PR,410395,CAMPINA DO SIMAO,3,1.5%,3,1.5%,194,97%,6,3.0,200,0,-,2,1%,193,96.5%,5,2.5%,2,1.0,200
CRIANÇA,0 a < 5 anos,2025,SUL,41,PR,410400,CAMPINA GRANDE DO SUL,54,2.49%,112,5.16%,2006,92.36%,166,7.64,2172,13,0.6%,38,1.75%,1967,90.56%,154,7.09%,51,2.35,2172
CRIANÇA,0 a < 5 anos,2025,SUL,41,PR,410405,CAMPO BONITO,11,8.09%,19,13.97%,106,77.94%,30,22.06,136,0,-,3,2.21%,125,91.91%,8,5.88%,3,2.21,136
CRIANÇA,0 a < 5 anos,2025,SUL,41,PR,410410,CAMPO DO TENENTE,9,1.49%,21,3.48%,573,95.02%,30,4.98,603,1,0.17%,8,1.33%,550,91.21%,44,7.3%,9,1.49,603
CRIANÇA,0 a < 5 anos,2025,SUL,41,PR,410420,CAMPO LARGO,104,2.28%,229,5.03%,4219,92.68%,333,7.32,4552,46,1.01%,76,1.67%,4179,91.81%,251,5.51%,122,2.68,4552
CRIANÇA,0 a < 5 anos,2025,SUL,41,PR,410425,CAMPO MAGRO,72,4.73%,115,7.56%,1334,87.71%,187,12.29,1521,24,1.58%,45,2.96%,1344,88.36%,108,7.1%,69,4.54,1521
CRIANÇA,0 a < 5 anos,2025,SUL,41,PR,410430,CAMPO MOURAO,102,3.28%,155,4.98%,2856,91.74%,257,8.26,3113,22,0.71%,59,1.9%,2810,90.27%,222,7.13%,81,2.6,3113
CRIANÇA,0 a < 5 anos,2025,SUL,41,PR,410440,CANDIDO DE ABREU,29,3.42%,27,3.18%,793,93.4%,56,6.6,849,8,0.94%,22,2.59%,751,88.46%,68,8.01%,30,3.53,849
CRIANÇA,0 a < 5 anos,2025,SUL,41,PR,410442,CANDOI,38,4.06%,47,5.02%,851,90.92%,85,9.08,936,7,0.75%,18,1.92%,840,89.74%,71,7.59%,25,2.67,936
CRIANÇA,0 a < 5 anos,2025,SUL,41,PR,410445,CANTAGALO,36,8.76%,49,11.92%,326,79.32%,85,20.68,411,2,0.49%,9,2.19%,360,87.59%,40,9.73%,11,2.68,411
CRIANÇA,0 a < 5 anos,2025,SUL,41,PR,410450,CAPANEMA,18,2.02%,25,2.8%,849,95.18%,43,4.82,892,5,0.56%,7,0.78%,820,91.93%,60,6.73%,12,1.35,892
CRIANÇA,0 a < 5 anos,2025,SUL,41,PR,410460,CAPITAO LEONIDAS MARQUES,17,2.61%,31,4.76%,603,92.63%,48,7.37,651,2,0.31%,12,1.84%,578,88.79%,59,9.06%,14,2.15,651
CRIANÇA,0 a < 5 anos,2025,SUL,41,PR,410465,CARAMBEI,32,2.64%,85,7.02%,1094,90.34%,117,9.66,1211,5,0.41%,22,1.82%,1112,91.82%,72,5.95%,27,2.23,1211
CRIANÇA,0 a < 5 anos,2025,SUL,41,PR,410470,CARLOPOLIS,16,2.13%,39,5.2%,695,92.67%,55,7.33,750,1,0.13%,15,2%,673,89.73%,61,8.13%,16,2.13,750
CRIANÇA,0 a < 5 anos,2025,SUL,41,PR,410480,CASCAVEL,248,1.85%,567,4.22%,12618,93.93%,815,6.07,13433,61,0.45%,223,1.66%,12199,90.81%,950,7.07%,284,2.11,13433
CRIANÇA,0 a < 5 anos,2025,SUL,41,PR,410490,CASTRO,108,2.96%,235,6.43%,3311,90.61%,343,9.39,3654,27,0.74%,93,2.55%,3322,90.91%,212,5.8%,120,3.28,3654
CRIANÇA,0 a < 5 anos,2025,SUL,41,PR,410500,CATANDUVAS,52,9.65%,40,7.42%,447,82.93%,92,17.07,539,8,1.48%,15,2.78%,491,91.09%,25,4.64%,23,4.27,539
CRIANÇA,0 a < 5 anos,2025,SUL,41,PR,410510,CENTENARIO DO SUL,9,2.22%,21,5.17%,376,92.61%,30,7.39,406,4,0.99%,6,1.48%,360,88.67%,36,8.87%,10,2.46,406
CRIANÇA,0 a < 5 anos,2025,SUL,41,PR,410520,CERRO AZUL,17,1.85%,56,6.11%,844,92.04%,73,7.96,917,1,0.11%,17,1.85%,818,89.2%,81,8.83%,18,1.96,917
CRIANÇA,0 a < 5 anos,2025,SUL,41,PR,410530,CEU AZUL,10,3.01%,10,3.01%,312,93.98%,20,6.02,332,5,1.51%,6,1.81%,306,92.17%,15,4.52%,11,3.31,332
CRIANÇA,0 a < 5 anos,2025,SUL,41,PR,410540,CHOPINZINHO,28,2.08%,86,6.4%,1230,91.52%,114,8.48,1344,8,0.6%,16,1.19%,1232,91.67%,88,6.55%,24,1.79,1344
CRIANÇA,0 a < 5 anos,2025,SUL,41,PR,410550,CIANORTE,55,1.69%,122,3.75%,3077,94.56%,177,5.44,3254,17,0.52%,51,1.57%,2956,90.84%,230,7.07%,68,2.09,3254
CRIANÇA,0 a < 5 anos,2025,SUL,41,PR,410560,CIDADE GAUCHA,18,5.25%,17,4.96%,308,89.8%,35,10.2,343,1,0.29%,3,0.87%,306,89.21%,33,9.62%,4,1.17,343
CRIANÇA,0 a < 5 anos,2025,SUL,41,PR,410570,CLEVELANDIA,29,3.14%,54,5.84%,841,91.02%,83,8.98,924,6,0.65%,15,1.62%,838,90.69%,65,7.03%,21,2.27,924
CRIANÇA,0 a < 5 anos,2025,SUL,41,PR,410580,COLOMBO,342,3.82%,548,6.12%,8062,90.06%,890,9.94,8952,105,1.17%,230,2.57%,8131,90.83%,486,5.43%,335,3.74,8952
CRIANÇA,0 a < 5 anos,2025,SUL,41,PR,410590,COLORADO,40,4.42%,67,7.4%,799,88.19%,107,11.81,906,5,0.55%,11,1.21%,814,89.85%,76,8.39%,16,1.77,906
CRIANÇA,0 a < 5 anos,2025,SUL,41,PR,410600,CONGONHINHAS,5,1.97%,5,1.97%,244,96.06%,10,3.94,254,0,-,3,1.18%,219,86.22%,32,12.6%,3,1.18,254
CRIANÇA,0 a < 5 anos,2025,SUL,41,PR,410610,CONSELHEIRO MAIRINCK,2,1.01%,2,1.01%,195,97.99%,4,2.01,199,1,0.5%,2,1.01%,183,91.96%,13,6.53%,3,1.51,199
CRIANÇA,0 a < 5 anos,2025,SUL,41,PR,410620,CONTENDA,14,1.68%,44,5.29%,773,93.02%,58,6.98,831,2,0.24%,12,1.44%,749,90.13%,68,8.18%,14,1.68,831
CRIANÇA,0 a < 5 anos,2025,SUL,41,PR,410630,CORBELIA,60,5.61%,59,5.51%,951,88.88%,119,11.12,1070,8,0.75%,21,1.96%,962,89.91%,79,7.38%,29,2.71,1070
CRIANÇA,0 a < 5 anos,2025,SUL,41,PR,410640,CORNELIO PROCOPIO,38,3.53%,55,5.12%,982,91.35%,93,8.65,1075,12,1.12%,17,1.58%,946,88%,100,9.3%,29,2.7,1075
CRIANÇA,0 a < 5 anos,2025,SUL,41,PR,410645,CORONEL DOMINGOS SOARES,12,2.59%,34,7.33%,418,90.09%,46,9.91,464,5,1.08%,7,1.51%,423,91.16%,29,6.25%,12,2.59,464
CRIANÇA,0 a < 5 anos,2025,SUL,41,PR,410650,CORONEL VIVIDA,37,3.72%,56,5.63%,901,90.64%,93,9.36,994,5,0.5%,18,1.81%,887,89.24%,84,8.45%,23,2.31,994
CRIANÇA,0 a < 5 anos,2025,SUL,41,PR,410655,CORUMBATAI DO SUL,6,4.08%,3,2.04%,138,93.88%,9,6.12,147,0,-,2,1.36%,128,87.07%,17,11.56%,2,1.36,147
CRIANÇA,0 a < 5 anos,2025,SUL,41,PR,410657,CRUZEIRO DO IGUACU,4,2.27%,8,4.55%,164,93.18%,12,6.82,176,0,-,3,1.7%,164,93.18%,9,5.11%,3,1.7,176
CRIANÇA,0 a < 5 anos,2025,SUL,41,PR,410660,CRUZEIRO DO OESTE,35,3.89%,59,6.56%,805,89.54%,94,10.46,899,5,0.56%,24,2.67%,812,90.32%,58,6.45%,29,3.23,899
CRIANÇA,0 a < 5 anos,2025,SUL,41,PR,410670,CRUZEIRO DO SUL,6,3.45%,3,1.72%,165,94.83%,9,5.17,174,1,0.57%,1,0.57%,159,91.38%,13,7.47%,2,1.15,174
CRIANÇA,0 a < 5 anos,2025,SUL,41,PR,410680,CRUZ MACHADO,11,1.25%,31,3.51%,840,95.24%,42,4.76,882,3,0.34%,16,1.81%,807,91.5%,56,6.35%,19,2.15,882
CRIANÇA,0 a < 5 anos,2025,SUL,41,PR,410685,CRUZMALTINA,6,3.66%,5,3.05%,153,93.29%,11,6.71,164,0,-,2,1.22%,153,93.29%,9,5.49%,2,1.22,164
CRIANÇA,0 a < 5 anos,2025,SUL,41,PR,410690,CURITIBA,1691,11.51%,1003,6.83%,12001,81.67%,2694,18.33,14695,260,1.77%,300,2.04%,13290,90.44%,845,5.75%,560,3.81,14695
CRIANÇA,0 a < 5 anos,2025,SUL,41,PR,410700,CURIUVA,19,3.5%,35,6.45%,489,90.06%,54,9.94,543,6,1.1%,15,2.76%,489,90.06%,33,6.08%,21,3.87,543
CRIANÇA,0 a < 5 anos,2025,SUL,41,PR,410710,DIAMANTE DO NORTE,5,3.91%,11,8.59%,112,87.5%,16,12.5,128,2,1.56%,2,1.56%,110,85.94%,14,10.94%,4,3.12,128
CRIANÇA,0 a < 5 anos,2025,SUL,41,PR,410712,DIAMANTE DO SUL,6,3.05%,5,2.54%,186,94.42%,11,5.58,197,0,-,3,1.52%,185,93.91%,9,4.57%,3,1.52,197
CRIANÇA,0 a < 5 anos,2025,SUL,41,PR,410715,DIAMANTE D'OESTE,9,5.42%,11,6.63%,146,87.95%,20,12.05,166,3,1.81%,5,3.01%,137,82.53%,21,12.65%,8,4.82,166
CRIANÇA,0 a < 5 anos,2025,SUL,41,PR,410720,DOIS VIZINHOS,112,5.64%,89,4.48%,1786,89.88%,201,10.12,1987,52,2.62%,61,3.07%,1764,88.78%,110,5.54%,113,5.69,1987
CRIANÇA,0 a < 5 anos,2025,SUL,41,PR,410725,DOURADINA,12,2.65%,13,2.87%,428,94.48%,25,5.52,453,2,0.44%,4,0.88%,415,91.61%,32,7.06%,6,1.32,453
CRIANÇA,0 a < 5 anos,2025,SUL,41,PR,410730,DOUTOR CAMARGO,4,1.69%,6,2.54%,226,95.76%,10,4.24,236,1,0.42%,3,1.27%,206,87.29%,26,11.02%,4,1.69,236
CRIANÇA,0 a < 5 anos,2025,SUL,41,PR,410740,ENEAS MARQUES,4,1.96%,6,2.94%,194,95.1%,10,4.9,204,1,0.49%,4,1.96%,180,88.24%,19,9.31%,5,2.45,204
CRIANÇA,0 a < 5 anos,2025,SUL,41,PR,410750,ENGENHEIRO BELTRAO,9,3.63%,12,4.84%,227,91.53%,21,8.47,248,0,-,6,2.42%,214,86.29%,28,11.29%,6,2.42,248
CRIANÇA,0 a < 5 anos,2025,SUL,41,PR,410752,ESPERANCA NOVA,3,3.09%,0,-,94,96.91%,3,3.09,97,0,-,1,1.03%,85,87.63%,11,11.34%,1,1.03,97
CRIANÇA,0 a < 5 anos,2025,SUL,41,PR,410753,ENTRE RIOS DO OESTE,25,8.71%,28,9.76%,234,81.53%,53,18.47,287,5,1.74%,8,2.79%,255,88.85%,19,6.62%,13,4.53,287
CRIANÇA,0 a < 5 anos,2025,SUL,41,PR,410754,ESPIGAO ALTO DO IGUACU,19,5.92%,26,8.1%,276,85.98%,45,14.02,321,0,-,8,2.49%,294,91.59%,19,5.92%,8,2.49,321
CRIANÇA,0 a < 5 anos,2025,SUL,41,PR,410755,FAROL,3,2.36%,10,7.87%,114,89.76%,13,10.24,127,2,1.57%,2,1.57%,105,82.68%,18,14.17%,4,3.15,127
CRIANÇA,0 a < 5 anos,2025,SUL,41,PR,410760,FAXINAL,24,3.19%,42,5.58%,687,91.24%,66,8.76,753,7,0.93%,14,1.86%,672,89.24%,60,7.97%,21,2.79,753
CRIANÇA,0 a < 5 anos,2025,SUL,41,PR,410765,FAZENDA RIO GRANDE,274,8.9%,267,8.67%,2538,82.43%,541,17.57,3079,63,2.05%,91,2.96%,2689,87.33%,236,7.66%,154,5.0,3079
CRIANÇA,0 a < 5 anos,2025,SUL,41,PR,410770,FENIX,4,2.44%,11,6.71%,149,90.85%,15,9.15,164,0,-,4,2.44%,143,87.2%,17,10.37%,4,2.44,164
CRIANÇA,0 a < 5 anos,2025,SUL,41,PR,410773,FERNANDES PINHEIRO,16,4.04%,18,4.55%,362,91.41%,34,8.59,396,1,0.25%,9,2.27%,354,89.39%,32,8.08%,10,2.53,396
CRIANÇA,0 a < 5 anos,2025,SUL,41,PR,410775,FIGUEIRA,15,4.08%,21,5.71%,332,90.22%,36,9.78,368,1,0.27%,7,1.9%,328,89.13%,32,8.7%,8,2.17,368
CRIANÇA,0 a < 5 anos,2025,SUL,41,PR,410780,FLORAI,2,1%,11,5.5%,187,93.5%,13,6.5,200,1,0.5%,3,1.5%,180,90%,16,8%,4,2.0,200
CRIANÇA,0 a < 5 anos,2025,SUL,41,PR,410785,FLOR DA SERRA DO SUL,3,1.06%,11,3.9%,268,95.04%,14,4.96,282,0,-,0,-,271,96.1%,11,3.9%,0,0.0,282
CRIANÇA,0 a < 5 anos,2025,SUL,41,PR,410790,FLORESTA,0,-,0,-,76,100%,0,0.0,76,0,-,1,1.32%,72,94.74%,3,3.95%,1,1.32,76
CRIANÇA,0 a < 5 anos,2025,SUL,41,PR,410800,FLORESTOPOLIS,7,1.11%,19,3.02%,604,95.87%,26,4.13,630,3,0.48%,8,1.27%,551,87.46%,68,10.79%,11,1.75,630
CRIANÇA,0 a < 5 anos,2025,SUL,41,PR,410810,FLORIDA,0,-,4,5.06%,75,94.94%,4,5.06,79,0,-,0,-,72,91.14%,7,8.86%,0,0.0,79
CRIANÇA,0 a < 5 anos,2025,SUL,41,PR,410820,FORMOSA DO OESTE,26,25.24%,11,10.68%,66,64.08%,37,35.92,103,9,8.74%,9,8.74%,80,77.67%,5,4.85%,18,17.48,103
CRIANÇA,0 a < 5 anos,2025,SUL,41,PR,410830,FOZ DO IGUACU,236,2.64%,426,4.76%,8293,92.61%,662,7.39,8955,62,0.69%,171,1.91%,8166,91.19%,556,6.21%,233,2.6,8955
CRIANÇA,0 a < 5 anos,2025,SUL,41,PR,410832,FRANCISCO ALVES,9,1.5%,21,3.49%,571,95.01%,30,4.99,601,1,0.17%,4,0.67%,548,91.18%,48,7.99%,5,0.83,601
CRIANÇA,0 a < 5 anos,2025,SUL,41,PR,410840,FRANCISCO BELTRAO,131,3.19%,269,6.55%,3704,90.25%,400,9.75,4104,26,0.63%,88,2.14%,3772,91.91%,218,5.31%,114,2.78,4104
CRIANÇA,0 a < 5 anos,2025,SUL,41,PR,410845,FOZ DO JORDAO,22,6.04%,30,8.24%,312,85.71%,52,14.29,364,3,0.82%,4,1.1%,327,89.84%,30,8.24%,7,1.92,364
CRIANÇA,0 a < 5 anos,2025,SUL,41,PR,410850,GENERAL CARNEIRO,12,1.69%,29,4.07%,671,94.24%,41,5.76,712,2,0.28%,15,2.11%,640,89.89%,55,7.72%,17,2.39,712
CRIANÇA,0 a < 5 anos,2025,SUL,41,PR,410855,GODOY MOREIRA,4,3.1%,5,3.88%,120,93.02%,9,6.98,129,1,0.78%,1,0.78%,119,92.25%,8,6.2%,2,1.55,129
CRIANÇA,0 a < 5 anos,2025,SUL,41,PR,410860,GOIOERE,22,1.71%,61,4.75%,1200,93.53%,83,6.47,1283,6,0.47%,20,1.56%,1159,90.34%,98,7.64%,26,2.03,1283
CRIANÇA,0 a < 5 anos,2025,SUL,41,PR,410865,GOIOXIM,17,3.8%,26,5.82%,404,90.38%,43,9.62,447,1,0.22%,6,1.34%,407,91.05%,33,7.38%,7,1.57,447
CRIANÇA,0 a < 5 anos,2025,SUL,41,PR,410870,GRANDES RIOS,6,2.11%,12,4.21%,267,93.68%,18,6.32,285,0,-,6,2.11%,257,90.18%,22,7.72%,6,2.11,285
CRIANÇA,0 a < 5 anos,2025,SUL,41,PR,410880,GUAIRA,49,3.23%,93,6.13%,1374,90.63%,142,9.37,1516,5,0.33%,25,1.65%,1358,89.58%,128,8.44%,30,1.98,1516
CRIANÇA,0 a < 5 anos,2025,SUL,41,PR,410890,GUAIRACA,18,4.47%,17,4.22%,368,91.32%,35,8.68,403,2,0.5%,11,2.73%,352,87.34%,38,9.43%,13,3.23,403
CRIANÇA,0 a < 5 anos,2025,SUL,41,PR,410895,GUAMIRANGA,9,2.22%,18,4.43%,379,93.35%,27,6.65,406,3,0.74%,4,0.99%,376,92.61%,23,5.67%,7,1.72,406
CRIANÇA,0 a < 5 anos,2025,SUL,41,PR,410900,GUAPIRAMA,6,2.18%,9,3.27%,260,94.55%,15,5.45,275,2,0.73%,3,1.09%,240,87.27%,30,10.91%,5,1.82,275
CRIANÇA,0 a < 5 anos,2025,SUL,41,PR,410910,GUAPOREMA,2,1.9%,6,5.71%,97,92.38%,8,7.62,105,0,-,1,0.95%,100,95.24%,4,3.81%,1,0.95,105
CRIANÇA,0 a < 5 anos,2025,SUL,41,PR,410920,GUARACI,1,0.61%,6,3.68%,156,95.71%,7,4.29,163,0,-,3,1.84%,139,85.28%,21,12.88%,3,1.84,163
CRIANÇA,0 a < 5 anos,2025,SUL,41,PR,410930,GUARANIACU,25,3.73%,52,7.76%,593,88.51%,77,11.49,670,6,0.9%,13,1.94%,602,89.85%,49,7.31%,19,2.84,670
CRIANÇA,0 a < 5 anos,2025,SUL,41,PR,410940,GUARAPUAVA,216,2.78%,404,5.2%,7142,92.01%,620,7.99,7762,50,0.64%,159,2.05%,7058,90.93%,495,6.38%,209,2.69,7762
CRIANÇA,0 a < 5 anos,2025,SUL,41,PR,410950,GUARAQUECABA,13,2.95%,27,6.12%,401,90.93%,40,9.07,441,2,0.45%,7,1.59%,387,87.76%,45,10.2%,9,2.04,441
CRIANÇA,0 a < 5 anos,2025,SUL,41,PR,410960,GUARATUBA,53,2.95%,112,6.24%,1631,90.81%,165,9.19,1796,8,0.45%,30,1.67%,1628,90.65%,130,7.24%,38,2.12,1796
CRIANÇA,0 a < 5 anos,2025,SUL,41,PR,410965,HONORIO SERPA,9,3.36%,12,4.48%,247,92.16%,21,7.84,268,0,-,7,2.61%,251,93.66%,10,3.73%,7,2.61,268
CRIANÇA,0 a < 5 anos,2025,SUL,41,PR,410970,IBAITI,22,1.53%,61,4.24%,1355,94.23%,83,5.77,1438,4,0.28%,19,1.32%,1313,91.31%,102,7.09%,23,1.6,1438
CRIANÇA,0 a < 5 anos,2025,SUL,41,PR,410975,IBEMA,23,7.14%,24,7.45%,275,85.4%,47,14.6,322,0,-,2,0.62%,288,89.44%,32,9.94%,2,0.62,322
CRIANÇA,0 a < 5 anos,2025,SUL,41,PR,410980,IBIPORA,80,3.62%,116,5.25%,2013,91.13%,196,8.87,2209,17,0.77%,48,2.17%,1980,89.63%,164,7.42%,65,2.94,2209
CRIANÇA,0 a < 5 anos,2025,SUL,41,PR,410990,ICARAIMA,11,2.64%,20,4.8%,386,92.57%,31,7.43,417,0,-,11,2.64%,371,88.97%,35,8.39%,11,2.64,417
CRIANÇA,0 a < 5 anos,2025,SUL,41,PR,411000,IGUARACU,4,2.15%,5,2.69%,177,95.16%,9,4.84,186,1,0.54%,0,-,166,89.25%,19,10.22%,1,0.54,186
CRIANÇA,0 a < 5 anos,2025,SUL,41,PR,411005,IGUATU,8,7.77%,8,7.77%,87,84.47%,16,15.53,103,0,-,2,1.94%,94,91.26%,7,6.8%,2,1.94,103
CRIANÇA,0 a < 5 anos,2025,SUL,41,PR,411007,IMBAU,21,4.44%,22,4.65%,430,90.91%,43,9.09,473,8,1.69%,9,1.9%,427,90.27%,29,6.13%,17,3.59,473
CRIANÇA,0 a < 5 anos,2025,SUL,41,PR,411010,IMBITUVA,54,2.99%,90,4.98%,1662,92.03%,144,7.97,1806,12,0.66%,39,2.16%,1613,89.31%,142,7.86%,51,2.82,1806
CRIANÇA,0 a < 5 anos,2025,SUL,41,PR,411020,INACIO MARTINS,12,1.72%,31,4.45%,653,93.82%,43,6.18,696,3,0.43%,10,1.44%,641,92.1%,42,6.03%,13,1.87,696
CRIANÇA,0 a < 5 anos,2025,SUL,41,PR,411030,INAJA,1,0.93%,4,3.74%,102,95.33%,5,4.67,107,0,-,2,1.87%,98,91.59%,7,6.54%,2,1.87,107
CRIANÇA,0 a < 5 anos,2025,SUL,41,PR,411040,INDIANOPOLIS,5,2.17%,6,2.61%,219,95.22%,11,4.78,230,0,-,0,-,201,87.39%,29,12.61%,0,0.0,230
CRIANÇA,0 a < 5 anos,2025,SUL,41,PR,411050,IPIRANGA,6,1.72%,12,3.45%,330,94.83%,18,5.17,348,3,0.86%,8,2.3%,302,86.78%,35,10.06%,11,3.16,348
CRIANÇA,0 a < 5 anos,2025,SUL,41,PR,411060,IPORA,16,2.6%,25,4.07%,574,93.33%,41,6.67,615,1,0.16%,8,1.3%,550,89.43%,56,9.11%,9,1.46,615
CRIANÇA,0 a < 5 anos,2025,SUL,41,PR,411065,IRACEMA DO OESTE,1,0.89%,2,1.79%,109,97.32%,3,2.68,112,0,-,1,0.89%,95,84.82%,16,14.29%,1,0.89,112
CRIANÇA,0 a < 5 anos,2025,SUL,41,PR,411070,IRATI,34,1.44%,104,4.42%,2217,94.14%,138,5.86,2355,9,0.38%,32,1.36%,2140,90.87%,174,7.39%,41,1.74,2355
CRIANÇA,0 a < 5 anos,2025,SUL,41,PR,411080,IRETAMA,10,1.95%,17,3.31%,487,94.75%,27,5.25,514,2,0.39%,7,1.36%,465,90.47%,40,7.78%,9,1.75,514
CRIANÇA,0 a < 5 anos,2025,SUL,41,PR,411090,ITAGUAJE,11,4.51%,20,8.2%,213,87.3%,31,12.7,244,1,0.41%,2,0.82%,217,88.93%,24,9.84%,3,1.23,244
CRIANÇA,0 a < 5 anos,2025,SUL,41,PR,411095,ITAIPULANDIA,13,1.64%,37,4.65%,745,93.71%,50,6.29,795,2,0.25%,12,1.51%,730,91.82%,51,6.42%,14,1.76,795
CRIANÇA,0 a < 5 anos,2025,SUL,41,PR,411100,ITAMBARACA,5,2.35%,7,3.29%,201,94.37%,12,5.63,213,1,0.47%,4,1.88%,171,80.28%,37,17.37%,5,2.35,213
CRIANÇA,0 a < 5 anos,2025,SUL,41,PR,411110,ITAMBE,7,3.02%,5,2.16%,220,94.83%,12,5.17,232,1,0.43%,0,-,210,90.52%,21,9.05%,1,0.43,232
CRIANÇA,0 a < 5 anos,2025,SUL,41,PR,411120,ITAPEJARA D'OESTE,22,3.01%,51,6.97%,659,90.03%,73,9.97,732,6,0.82%,6,0.82%,663,90.57%,57,7.79%,12,1.64,732
CRIANÇA,0 a < 5 anos,2025,SUL,41,PR,411125,ITAPERUCU,56,3.19%,95,5.4%,1607,91.41%,151,8.59,1758,10,0.57%,34,1.93%,1561,88.79%,153,8.7%,44,2.5,1758
CRIANÇA,0 a < 5 anos,2025,SUL,41,PR,411130,ITAUNA DO SUL,6,3.61%,6,3.61%,154,92.77%,12,7.23,166,1,0.6%,4,2.41%,147,88.55%,14,8.43%,5,3.01,166
CRIANÇA,0 a < 5 anos,2025,SUL,41,PR,411140,IVAI,14,1.57%,21,2.35%,857,96.08%,35,3.92,892,6,0.67%,10,1.12%,801,89.8%,75,8.41%,16,1.79,892
CRIANÇA,0 a < 5 anos,2025,SUL,41,PR,411150,IVAIPORA,35,3.47%,46,4.56%,928,91.97%,81,8.03,1009,9,0.89%,27,2.68%,902,89.4%,71,7.04%,36,3.57,1009
CRIANÇA,0 a < 5 anos,2025,SUL,41,PR,411155,IVATE,6,2.4%,10,4%,234,93.6%,16,6.4,250,1,0.4%,5,2%,207,82.8%,37,14.8%,6,2.4,250
CRIANÇA,0 a < 5 anos,2025,SUL,41,PR,411160,IVATUBA,1,1.06%,9,9.57%,84,89.36%,10,10.64,94,0,-,1,1.06%,82,87.23%,11,11.7%,1,1.06,94
CRIANÇA,0 a < 5 anos,2025,SUL,41,PR,411170,JABOTI,8,3.59%,10,4.48%,205,91.93%,18,8.07,223,0,-,3,1.35%,202,90.58%,18,8.07%,3,1.35,223
CRIANÇA,0 a < 5 anos,2025,SUL,41,PR,411180,JACAREZINHO,67,2.97%,109,4.83%,2081,92.2%,176,7.8,2257,7,0.31%,40,1.77%,2038,90.3%,172,7.62%,47,2.08,2257
CRIANÇA,0 a < 5 anos,2025,SUL,41,PR,411190,JAGUAPITA,38,12.42%,40,13.07%,228,74.51%,78,25.49,306,0,-,1,0.33%,81,26.47%,224,73.2%,1,0.33,306
CRIANÇA,0 a < 5 anos,2025,SUL,41,PR,411200,JAGUARIAIVA,109,5.84%,172,9.22%,1584,84.93%,281,15.07,1865,13,0.7%,36,1.93%,1695,90.88%,121,6.49%,49,2.63,1865
CRIANÇA,0 a < 5 anos,2025,SUL,41,PR,411210,JANDAIA DO SUL,24,2.96%,39,4.81%,748,92.23%,63,7.77,811,4,0.49%,11,1.36%,755,93.09%,41,5.06%,15,1.85,811
CRIANÇA,0 a < 5 anos,2025,SUL,41,PR,411220,JANIOPOLIS,6,2.12%,16,5.65%,261,92.23%,22,7.77,283,1,0.35%,5,1.77%,245,86.57%,32,11.31%,6,2.12,283
CRIANÇA,0 a < 5 anos,2025,SUL,41,PR,411230,JAPIRA,8,2.39%,19,5.67%,308,91.94%,27,8.06,335,1,0.3%,5,1.49%,303,90.45%,26,7.76%,6,1.79,335
CRIANÇA,0 a < 5 anos,2025,SUL,41,PR,411240,JAPURA,5,1.64%,9,2.95%,291,95.41%,14,4.59,305,3,0.98%,2,0.66%,260,85.25%,40,13.11%,5,1.64,305
CRIANÇA,0 a < 5 anos,2025,SUL,41,PR,411250,JARDIM ALEGRE,13,3.3%,25,6.35%,356,90.36%,38,9.64,394,3,0.76%,3,0.76%,357,90.61%,31,7.87%,6,1.52,394
CRIANÇA,0 a < 5 anos,2025,SUL,41,PR,411260,JARDIM OLINDA,1,1.28%,4,5.13%,73,93.59%,5,6.41,78,1,1.28%,1,1.28%,73,93.59%,3,3.85%,2,2.56,78
CRIANÇA,0 a < 5 anos,2025,SUL,41,PR,411270,JATAIZINHO,20,3.64%,55,10%,475,86.36%,75,13.64,550,2,0.36%,10,1.82%,486,88.52%,51,9.29%,12,2.19,549
CRIANÇA,0 a < 5 anos,2025,SUL,41,PR,411275,JESUITAS,21,5.01%,13,3.1%,385,91.89%,34,8.11,419,5,1.19%,7,1.67%,370,88.31%,37,8.83%,12,2.86,419
CRIANÇA,0 a < 5 anos,2025,SUL,41,PR,411280,JOAQUIM TAVORA,7,1.06%,24,3.64%,629,95.3%,31,4.7,660,4,0.61%,13,1.97%,581,88.03%,62,9.39%,17,2.58,660
CRIANÇA,0 a < 5 anos,2025,SUL,41,PR,411290,JUNDIAI DO SUL,2,1.14%,12,6.82%,162,92.05%,14,7.95,176,0,-,1,0.57%,162,92.05%,13,7.39%,1,0.57,176
CRIANÇA,0 a < 5 anos,2025,SUL,41,PR,411295,JURANDA,23,5.1%,39,8.65%,389,86.25%,62,13.75,451,1,0.22%,6,1.33%,402,89.14%,42,9.31%,7,1.55,451
CRIANÇA,0 a < 5 anos,2025,SUL,41,PR,411300,JUSSARA,8,2.56%,12,3.83%,293,93.61%,20,6.39,313,0,-,4,1.28%,280,89.46%,29,9.27%,4,1.28,313
CRIANÇA,0 a < 5 anos,2025,SUL,41,PR,411310,KALORE,2,0.9%,7,3.14%,214,95.96%,9,4.04,223,0,-,4,1.79%,204,91.48%,15,6.73%,4,1.79,223
CRIANÇA,0 a < 5 anos,2025,SUL,41,PR,411320,LAPA,34,2.02%,71,4.22%,1576,93.75%,105,6.25,1681,11,0.65%,19,1.13%,1536,91.37%,115,6.84%,30,1.78,1681
CRIANÇA,0 a < 5 anos,2025,SUL,41,PR,411325,LARANJAL,20,5.18%,21,5.44%,345,89.38%,41,10.62,386,3,0.78%,5,1.3%,292,75.65%,86,22.28%,8,2.07,386
CRIANÇA,0 a < 5 anos,2025,SUL,41,PR,411330,LARANJEIRAS DO SUL,42,1.92%,118,5.38%,2032,92.7%,160,7.3,2192,7,0.32%,35,1.6%,2011,91.74%,139,6.34%,42,1.92,2192
CRIANÇA,0 a < 5 anos,2025,SUL,41,PR,411340,LEOPOLIS,4,2.2%,7,3.85%,171,93.96%,11,6.04,182,2,1.1%,2,1.1%,162,89.01%,16,8.79%,4,2.2,182
CRIANÇA,0 a < 5 anos,2025,SUL,41,PR,411342,LIDIANOPOLIS,5,2.48%,6,2.97%,191,94.55%,11,5.45,202,1,0.5%,2,0.99%,183,90.59%,16,7.92%,3,1.49,202
CRIANÇA,0 a < 5 anos,2025,SUL,41,PR,411345,LINDOESTE,9,2.97%,21,6.93%,273,90.1%,30,9.9,303,5,1.65%,2,0.66%,278,91.75%,18,5.94%,7,2.31,303
CRIANÇA,0 a < 5 anos,2025,SUL,41,PR,411350,LOANDA,13,1.27%,45,4.39%,966,94.34%,58,5.66,1024,6,0.59%,11,1.07%,933,91.11%,74,7.23%,17,1.66,1024
CRIANÇA,0 a < 5 anos,2025,SUL,41,PR,411360,LOBATO,3,1.59%,15,7.94%,171,90.48%,18,9.52,189,1,0.53%,0,-,161,85.19%,27,14.29%,1,0.53,189
CRIANÇA,0 a < 5 anos,2025,SUL,41,PR,411370,LONDRINA,557,3.43%,812,5%,14863,91.57%,1369,8.43,16232,185,1.14%,331,2.04%,14603,89.96%,1113,6.86%,516,3.18,16232
CRIANÇA,0 a < 5 anos,2025,SUL,41,PR,411373,LUIZIANA,14,3.4%,23,5.58%,375,91.02%,37,8.98,412,3,0.73%,5,1.21%,371,90.05%,33,8.01%,8,1.94,412
CRIANÇA,0 a < 5 anos,2025,SUL,41,PR,411375,LUNARDELLI,1,0.43%,13,5.63%,217,93.94%,14,6.06,231,1,0.43%,3,1.3%,211,91.34%,16,6.93%,4,1.73,231
CRIANÇA,0 a < 5 anos,2025,SUL,41,PR,411380,LUPIONOPOLIS,3,1.21%,11,4.45%,233,94.33%,14,5.67,247,1,0.4%,7,2.83%,226,91.5%,13,5.26%,8,3.24,247
CRIANÇA,0 a < 5 anos,2025,SUL,41,PR,411390,MALLET,9,1.45%,28,4.5%,585,94.05%,37,5.95,622,7,1.13%,10,1.61%,564,90.68%,41,6.59%,17,2.73,622
CRIANÇA,0 a < 5 anos,2025,SUL,41,PR,411400,MAMBORE,9,1.63%,24,4.35%,519,94.02%,33,5.98,552,5,0.91%,8,1.45%,497,90.04%,42,7.61%,13,2.36,552
CRIANÇA,0 a < 5 anos,2025,SUL,41,PR,411410,MANDAGUACU,73,6.84%,70,6.56%,924,86.6%,143,13.4,1067,7,0.66%,16,1.5%,968,90.72%,76,7.12%,23,2.16,1067
CRIANÇA,0 a < 5 anos,2025,SUL,41,PR,411420,MANDAGUARI,27,2.57%,48,4.57%,976,92.86%,75,7.14,1051,5,0.48%,9,0.86%,965,91.82%,72,6.85%,14,1.33,1051
CRIANÇA,0 a < 5 anos,2025,SUL,41,PR,411430,MANDIRITUBA,45,8.98%,36,7.19%,420,83.83%,81,16.17,501,26,5.19%,16,3.19%,443,88.42%,16,3.19%,42,8.38,501
CRIANÇA,0 a < 5 anos,2025,SUL,41,PR,411435,MANFRINOPOLIS,3,2.61%,1,0.87%,111,96.52%,4,3.48,115,0,-,1,0.87%,102,88.7%,12,10.43%,1,0.87,115
CRIANÇA,0 a < 5 anos,2025,SUL,41,PR,411440,MANGUEIRINHA,32,3.19%,80,7.98%,890,88.82%,112,11.18,1002,6,0.6%,17,1.7%,916,91.42%,63,6.29%,23,2.3,1002
CRIANÇA,0 a < 5 anos,2025,SUL,41,PR,411450,MANOEL RIBAS,19,2.81%,50,7.39%,608,89.81%,69,10.19,677,3,0.44%,11,1.62%,605,89.36%,58,8.57%,14,2.07,677
CRIANÇA,0 a < 5 anos,2025,SUL,41,PR,411460,MARECHAL CANDIDO RONDON,34,1.6%,117,5.52%,1970,92.88%,151,7.12,2121,10,0.47%,21,0.99%,1945,91.7%,145,6.84%,31,1.46,2121
CRIANÇA,0 a < 5 anos,2025,SUL,41,PR,411470,MARIA HELENA,2,1.04%,4,2.08%,186,96.88%,6,3.12,192,2,1.04%,3,1.56%,163,84.9%,24,12.5%,5,2.6,192
CRIANÇA,0 a < 5 anos,2025,SUL,41,PR,411480,MARIALVA,44,2.64%,81,4.87%,1539,92.49%,125,7.51,1664,17,1.02%,29,1.74%,1494,89.78%,124,7.45%,46,2.76,1664
CRIANÇA,0 a < 5 anos,2025,SUL,41,PR,411490,MARILANDIA DO SUL,6,2.17%,22,7.97%,248,89.86%,28,10.14,276,0,-,4,1.45%,251,90.94%,21,7.61%,4,1.45,276
CRIANÇA,0 a < 5 anos,2025,SUL,41,PR,411500,MARILENA,5,1.28%,10,2.56%,375,96.15%,15,3.85,390,3,0.77%,6,1.54%,350,89.74%,31,7.95%,9,2.31,390
CRIANÇA,0 a < 5 anos,2025,SUL,41,PR,411510,MARILUZ,15,2.82%,24,4.52%,492,92.66%,39,7.34,531,4,0.75%,7,1.32%,483,90.96%,37,6.97%,11,2.07,531
CRIANÇA,0 a < 5 anos,2025,SUL,41,PR,411520,MARINGA,266,2.42%,510,4.64%,10216,92.94%,776,7.06,10992,62,0.56%,198,1.8%,10001,90.98%,731,6.65%,260,2.37,10992
CRIANÇA,0 a < 5 anos,2025,SUL,41,PR,411530,MARIOPOLIS,3,1.52%,15,7.58%,180,90.91%,18,9.09,198,2,1.01%,3,1.52%,174,87.88%,19,9.6%,5,2.53,198
CRIANÇA,0 a < 5 anos,2025,SUL,41,PR,411535,MARIPA,1,0.52%,8,4.19%,182,95.29%,9,4.71,191,0,-,7,3.66%,174,91.1%,10,5.24%,7,3.66,191
CRIANÇA,0 a < 5 anos,2025,SUL,41,PR,411540,MARMELEIRO,57,6.9%,66,7.99%,703,85.11%,123,14.89,826,3,0.36%,11,1.33%,750,90.8%,62,7.51%,14,1.69,826
CRIANÇA,0 a < 5 anos,2025,SUL,41,PR,411545,MARQUINHO,17,5.43%,16,5.11%,280,89.46%,33,10.54,313,2,0.64%,9,2.88%,282,90.1%,20,6.39%,11,3.51,313
CRIANÇA,0 a < 5 anos,2025,SUL,41,PR,411550,MARUMBI,18,7.06%,21,8.24%,216,84.71%,39,15.29,255,1,0.39%,10,3.92%,228,89.41%,16,6.27%,11,4.31,255
CRIANÇA,0 a < 5 anos,2025,SUL,41,PR,411560,MATELANDIA,11,1.04%,29,2.74%,1017,96.22%,40,3.78,1057,3,0.28%,11,1.04%,981,92.81%,62,5.87%,14,1.32,1057
CRIANÇA,0 a < 5 anos,2025,SUL,41,PR,411570,MATINHOS,47,3.72%,65,5.15%,1150,91.13%,112,8.87,1262,10,0.79%,16,1.27%,1121,88.83%,115,9.11%,26,2.06,1262
CRIANÇA,0 a < 5 anos,2025,SUL,41,PR,411573,MATO RICO,11,4.6%,15,6.28%,213,89.12%,26,10.88,239,0,-,3,1.26%,200,83.68%,36,15.06%,3,1.26,239
CRIANÇA,0 a < 5 anos,2025,SUL,41,PR,411575,MAUA DA SERRA,58,9.81%,47,7.95%,486,82.23%,105,17.77,591,3,0.51%,13,2.2%,541,91.54%,34,5.75%,16,2.71,591
CRIANÇA,0 a < 5 anos,2025,SUL,41,PR,411580,MEDIANEIRA,51,1.65%,115,3.72%,2929,94.64%,166,5.36,3095,11,0.36%,34,1.1%,2826,91.31%,224,7.24%,45,1.45,3095
CRIANÇA,0 a < 5 anos,2025,SUL,41,PR,411585,MERCEDES,28,8.54%,22,6.71%,278,84.76%,50,15.24,328,3,0.91%,9,2.74%,300,91.46%,16,4.88%,12,3.66,328
CRIANÇA,0 a < 5 anos,2025,SUL,41,PR,411590,MIRADOR,7,4.64%,3,1.99%,141,93.38%,10,6.62,151,1,0.66%,1,0.66%,139,92.05%,10,6.62%,2,1.32,151
CRIANÇA,0 a < 5 anos,2025,SUL,41,PR,411600,MIRASELVA,27,40.91%,3,4.55%,36,54.55%,30,45.45,66,1,1.52%,1,1.52%,54,81.82%,10,15.15%,2,3.03,66
CRIANÇA,0 a < 5 anos,2025,SUL,41,PR,411605,MISSAL,10,1.56%,10,1.56%,622,96.88%,20,3.12,642,5,0.78%,5,0.78%,591,91.91%,42,6.53%,10,1.56,643
CRIANÇA,0 a < 5 anos,2025,SUL,41,PR,411610,MOREIRA SALES,9,1.78%,17,3.37%,479,94.85%,26,5.15,505,0,-,3,0.59%,446,88.32%,56,11.09%,3,0.59,505
CRIANÇA,0 a < 5 anos,2025,SUL,41,PR,411620,MORRETES,20,2.48%,38,4.72%,747,92.8%,58,7.2,805,2,0.25%,16,1.99%,735,91.3%,52,6.46%,18,2.24,805
CRIANÇA,0 a < 5 anos,2025,SUL,41,PR,411630,MUNHOZ DE MELO,2,1.1%,6,3.3%,174,95.6%,8,4.4,182,0,-,2,1.1%,167,91.76%,13,7.14%,2,1.1,182
CRIANÇA,0 a < 5 anos,2025,SUL,41,PR,411640,NOSSA SENHORA DAS GRACAS,3,1.6%,9,4.79%,176,93.62%,12,6.38,188,0,-,2,1.06%,162,86.17%,24,12.77%,2,1.06,188
CRIANÇA,0 a < 5 anos,2025,SUL,41,PR,411650,NOVA ALIANCA DO IVAI,9,9.28%,6,6.19%,82,84.54%,15,15.46,97,0,-,2,2.06%,90,92.78%,5,5.15%,2,2.06,97
CRIANÇA,0 a < 5 anos,2025,SUL,41,PR,411660,NOVA AMERICA DA COLINA,14,8.59%,17,10.43%,132,80.98%,31,19.02,163,2,1.23%,2,1.23%,145,88.96%,14,8.59%,4,2.45,163
CRIANÇA,0 a < 5 anos,2025,SUL,41,PR,411670,NOVA AURORA,10,1.82%,21,3.83%,517,94.34%,31,5.66,548,3,0.55%,4,0.73%,500,91.24%,41,7.48%,7,1.28,548
CRIANÇA,0 a < 5 anos,2025,SUL,41,PR,411680,NOVA CANTU,6,1.61%,8,2.15%,358,96.24%,14,3.76,372,1,0.27%,4,1.08%,326,87.63%,41,11.02%,5,1.34,372
CRIANÇA,0 a < 5 anos,2025,SUL,41,PR,411690,NOVA ESPERANCA,37,3.71%,73,7.33%,886,88.96%,110,11.04,996,10,1%,32,3.21%,900,90.36%,54,5.42%,42,4.22,996
CRIANÇA,0 a < 5 anos,2025,SUL,41,PR,411695,NOVA ESPERANCA DO SUDOESTE,47,13.02%,24,6.65%,290,80.33%,71,19.67,361,1,0.28%,6,1.66%,330,91.41%,24,6.65%,7,1.94,361
CRIANÇA,0 a < 5 anos,2025,SUL,41,PR,411700,NOVA FATIMA,3,1.16%,4,1.55%,251,97.29%,7,2.71,258,1,0.39%,0,-,224,86.82%,33,12.79%,1,0.39,258
CRIANÇA,0 a < 5 anos,2025,SUL,41,PR,411705,NOVA LARANJEIRAS,93,10.56%,112,12.71%,676,76.73%,205,23.27,881,10,1.14%,16,1.82%,796,90.35%,59,6.7%,26,2.95,881
CRIANÇA,0 a < 5 anos,2025,SUL,41,PR,411710,NOVA LONDRINA,15,2.91%,19,3.68%,482,93.41%,34,6.59,516,5,0.97%,15,2.91%,457,88.57%,39,7.56%,20,3.88,516
CRIANÇA,0 a < 5 anos,2025,SUL,41,PR,411720,NOVA OLIMPIA,4,1.57%,4,1.57%,246,96.85%,8,3.15,254,4,1.57%,3,1.18%,221,87.01%,26,10.24%,7,2.76,254
CRIANÇA,0 a < 5 anos,2025,SUL,41,PR,411721,NOVA SANTA BARBARA,3,1.07%,10,3.57%,267,95.36%,13,4.64,280,2,0.71%,2,0.71%,268,95.71%,8,2.86%,4,1.43,280
CRIANÇA,0 a < 5 anos,2025,SUL,41,PR,411722,NOVA SANTA ROSA,11,3.15%,15,4.3%,323,92.55%,26,7.45,349,4,1.15%,4,1.15%,319,91.4%,22,6.3%,8,2.29,349
CRIANÇA,0 a < 5 anos,2025,SUL,41,PR,411725,NOVA PRATA DO IGUACU,9,2.01%,18,4.03%,420,93.96%,27,6.04,447,3,0.67%,5,1.12%,388,86.8%,51,11.41%,8,1.79,447
CRIANÇA,0 a < 5 anos,2025,SUL,41,PR,411727,NOVA TEBAS,39,8.65%,33,7.32%,379,84.04%,72,15.96,451,4,0.89%,6,1.33%,411,91.13%,30,6.65%,10,2.22,451
CRIANÇA,0 a < 5 anos,2025,SUL,41,PR,411729,NOVO ITACOLOMI,5,3.18%,7,4.46%,145,92.36%,12,7.64,157,0,-,2,1.27%,142,90.45%,13,8.28%,2,1.27,157
CRIANÇA,0 a < 5 anos,2025,SUL,41,PR,411730,ORTIGUEIRA,33,2.69%,64,5.22%,1130,92.09%,97,7.91,1227,5,0.41%,16,1.31%,1082,88.33%,122,9.96%,21,1.71,1225
CRIANÇA,0 a < 5 anos,2025,SUL,41,PR,411740,OURIZONA,2,2.53%,4,5.06%,73,92.41%,6,7.59,79,2,2.53%,0,-,71,89.87%,6,7.59%,2,2.53,79
CRIANÇA,0 a < 5 anos,2025,SUL,41,PR,411745,OURO VERDE DO OESTE,6,1.92%,19,6.09%,287,91.99%,25,8.01,312,0,-,7,2.24%,279,89.42%,26,8.33%,7,2.24,312
CRIANÇA,0 a < 5 anos,2025,SUL,41,PR,411750,PAICANDU,52,2.65%,97,4.94%,1813,92.41%,149,7.59,1962,7,0.36%,44,2.24%,1766,90.01%,145,7.39%,51,2.6,1962
CRIANÇA,0 a < 5 anos,2025,SUL,41,PR,411760,PALMAS,93,5.86%,100,6.31%,1393,87.83%,193,12.17,1586,26,1.64%,58,3.66%,1391,87.7%,111,7%,84,5.3,1586
CRIANÇA,0 a < 5 anos,2025,SUL,41,PR,411770,PALMEIRA,19,2.26%,37,4.41%,783,93.33%,56,6.67,839,5,0.6%,16,1.91%,745,88.8%,73,8.7%,21,2.5,839
CRIANÇA,0 a < 5 anos,2025,SUL,41,PR,411780,PALMITAL,25,3.45%,43,5.93%,657,90.62%,68,9.38,725,2,0.28%,11,1.52%,654,90.21%,58,8%,13,1.79,725
CRIANÇA,0 a < 5 anos,2025,SUL,41,PR,411790,PALOTINA,46,2.53%,87,4.79%,1682,92.67%,133,7.33,1815,9,0.5%,24,1.32%,1644,90.58%,138,7.6%,33,1.82,1815
CRIANÇA,0 a < 5 anos,2025,SUL,41,PR,411800,PARAISO DO NORTE,36,4.51%,61,7.64%,701,87.84%,97,12.16,798,11,1.38%,10,1.25%,722,90.48%,55,6.89%,21,2.63,798
CRIANÇA,0 a < 5 anos,2025,SUL,41,PR,411810,PARANACITY,5,1.05%,16,3.38%,453,95.57%,21,4.43,474,2,0.42%,5,1.05%,422,89.03%,45,9.49%,7,1.48,474
CRIANÇA,0 a < 5 anos,2025,SUL,41,PR,411820,PARANAGUA,87,1.84%,218,4.62%,4416,93.54%,305,6.46,4721,31,0.66%,77,1.63%,4209,89.15%,404,8.56%,108,2.29,4721
CRIANÇA,0 a < 5 anos,2025,SUL,41,PR,411830,PARANAPOEMA,5,3.76%,12,9.02%,116,87.22%,17,12.78,133,1,0.75%,2,1.5%,123,92.48%,7,5.26%,3,2.26,133
CRIANÇA,0 a < 5 anos,2025,SUL,41,PR,411840,PARANAVAI,72,2.03%,181,5.1%,3293,92.87%,253,7.13,3546,24,0.68%,53,1.49%,3184,89.79%,285,8.04%,77,2.17,3546
CRIANÇA,0 a < 5 anos,2025,SUL,41,PR,411845,PATO BRAGADO,3,0.8%,10,2.67%,361,96.52%,13,3.48,374,1,0.27%,8,2.14%,341,91.18%,24,6.42%,9,2.41,374
CRIANÇA,0 a < 5 anos,2025,SUL,41,PR,411850,PATO BRANCO,53,1.59%,134,4.03%,3142,94.38%,187,5.62,3329,19,0.57%,44,1.32%,3030,91.02%,236,7.09%,63,1.89,3329
CRIANÇA,0 a < 5 anos,2025,SUL,41,PR,411860,PAULA FREITAS,3,0.99%,6,1.99%,293,97.02%,9,2.98,302,1,0.33%,2,0.66%,274,90.73%,25,8.28%,3,0.99,302
CRIANÇA,0 a < 5 anos,2025,SUL,41,PR,411870,PAULO FRONTIN,16,4.4%,27,7.42%,321,88.19%,43,11.81,364,2,0.55%,7,1.92%,326,89.56%,29,7.97%,9,2.47,364
CRIANÇA,0 a < 5 anos,2025,SUL,41,PR,411880,PEABIRU,9,1.94%,28,6.05%,426,92.01%,37,7.99,463,5,1.08%,12,2.59%,415,89.63%,31,6.7%,17,3.67,463
CRIANÇA,0 a < 5 anos,2025,SUL,41,PR,411885,PEROBAL,4,0.85%,21,4.49%,443,94.66%,25,5.34,468,2,0.43%,4,0.85%,430,91.88%,32,6.84%,6,1.28,468
CRIANÇA,0 a < 5 anos,2025,SUL,41,PR,411890,PEROLA,6,1.27%,15,3.16%,453,95.57%,21,4.43,474,1,0.21%,2,0.42%,437,92.19%,34,7.17%,3,0.63,474
CRIANÇA,0 a < 5 anos,2025,SUL,41,PR,411900,PEROLA D'OESTE,5,1.81%,15,5.42%,257,92.78%,20,7.22,277,2,0.72%,8,2.89%,247,89.17%,20,7.22%,10,3.61,277
CRIANÇA,0 a < 5 anos,2025,SUL,41,PR,411910,PIEN,14,1.42%,33,3.35%,938,95.23%,47,4.77,985,7,0.71%,11,1.12%,906,91.98%,61,6.19%,18,1.83,985
CRIANÇA,0 a < 5 anos,2025,SUL,41,PR,411915,PINHAIS,111,1.76%,320,5.07%,5886,93.18%,431,6.82,6317,32,0.51%,91,1.44%,5860,92.77%,334,5.29%,123,1.95,6317
CRIANÇA,0 a < 5 anos,2025,SUL,41,PR,411920,PINHALAO,3,0.78%,17,4.4%,366,94.82%,20,5.18,386,0,-,4,1.04%,350,90.67%,32,8.29%,4,1.04,386
CRIANÇA,0 a < 5 anos,2025,SUL,41,PR,411925,PINHAL DE SAO BENTO,2,1.25%,5,3.13%,153,95.63%,7,4.38,160,0,-,0,-,150,93.75%,10,6.25%,0,0.0,160
CRIANÇA,0 a < 5 anos,2025,SUL,41,PR,411930,PINHAO,73,5.23%,84,6.02%,1238,88.75%,157,11.25,1395,10,0.72%,23,1.65%,1255,89.96%,107,7.67%,33,2.37,1395
CRIANÇA,0 a < 5 anos,2025,SUL,41,PR,411940,PIRAI DO SUL,22,2.01%,50,4.57%,1023,93.42%,72,6.58,1095,9,0.82%,19,1.74%,995,90.87%,72,6.58%,28,2.56,1095
CRIANÇA,0 a < 5 anos,2025,SUL,41,PR,411950,PIRAQUARA,100,2%,263,5.25%,4644,92.75%,363,7.25,5007,29,0.58%,105,2.1%,4565,91.17%,308,6.15%,134,2.68,5007
CRIANÇA,0 a < 5 anos,2025,SUL,41,PR,411960,PITANGA,30,1.84%,67,4.1%,1536,94.06%,97,5.94,1633,9,0.55%,14,0.86%,1489,91.18%,121,7.41%,23,1.41,1633
CRIANÇA,0 a < 5 anos,2025,SUL,41,PR,411965,PITANGUEIRAS,5,7.25%,7,10.14%,57,82.61%,12,17.39,69,0,-,2,2.9%,57,82.61%,10,14.49%,2,2.9,69
CRIANÇA,0 a < 5 anos,2025,SUL,41,PR,411970,PLANALTINA DO PARANA,12,4.9%,15,6.12%,218,88.98%,27,11.02,245,2,0.82%,5,2.04%,219,89.39%,19,7.76%,7,2.86,245
CRIANÇA,0 a < 5 anos,2025,SUL,41,PR,411980,PLANALTO,13,1.93%,20,2.97%,641,95.1%,33,4.9,674,5,0.74%,7,1.04%,610,90.5%,52,7.72%,12,1.78,674
CRIANÇA,0 a < 5 anos,2025,SUL,41,PR,411990,PONTA GROSSA,665,4.54%,860,5.88%,13110,89.58%,1525,10.42,14635,131,0.9%,301,2.06%,13094,89.47%,1109,7.58%,432,2.95,14635
CRIANÇA,0 a < 5 anos,2025,SUL,41,PR,411995,PONTAL DO PARANA,50,6.36%,47,5.98%,689,87.66%,97,12.34,786,12,1.53%,9,1.15%,702,89.31%,63,8.02%,21,2.67,786
CRIANÇA,0 a < 5 anos,2025,SUL,41,PR,412000,PORECATU,10,2.26%,8,1.81%,425,95.94%,18,4.06,443,1,0.23%,2,0.45%,412,93%,28,6.32%,3,0.68,443
CRIANÇA,0 a < 5 anos,2025,SUL,41,PR,412010,PORTO AMAZONAS,3,1.49%,12,5.97%,186,92.54%,15,7.46,201,2,1%,2,1%,180,89.55%,17,8.46%,4,1.99,201
CRIANÇA,0 a < 5 anos,2025,SUL,41,PR,412015,PORTO BARREIRO,1,0.56%,8,4.47%,170,94.97%,9,5.03,179,0,-,4,2.23%,156,87.15%,19,10.61%,4,2.23,179
CRIANÇA,0 a < 5 anos,2025,SUL,41,PR,412020,PORTO RICO,6,2.88%,8,3.85%,194,93.27%,14,6.73,208,0,-,2,0.96%,191,91.83%,15,7.21%,2,0.96,208
CRIANÇA,0 a < 5 anos,2025,SUL,41,PR,412030,PORTO VITORIA,12,4.86%,19,7.69%,216,87.45%,31,12.55,247,2,0.81%,3,1.21%,231,93.52%,11,4.45%,5,2.02,247
CRIANÇA,0 a < 5 anos,2025,SUL,41,PR,412033,PRADO FERREIRA,3,2.68%,2,1.79%,107,95.54%,5,4.46,112,0,-,2,1.79%,94,83.93%,16,14.29%,2,1.79,112
CRIANÇA,0 a < 5 anos,2025,SUL,41,PR,412035,PRANCHITA,13,4.44%,21,7.17%,259,88.4%,34,11.6,293,2,0.68%,6,2.05%,266,90.78%,19,6.48%,8,2.73,293
CRIANÇA,0 a < 5 anos,2025,SUL,41,PR,412040,PRESIDENTE CASTELO BRANCO,3,2.54%,8,6.78%,107,90.68%,11,9.32,118,1,0.85%,1,0.85%,109,92.37%,7,5.93%,2,1.69,118
CRIANÇA,0 a < 5 anos,2025,SUL,41,PR,412050,PRIMEIRO DE MAIO,20,10.64%,14,7.45%,154,81.91%,34,18.09,188,7,3.72%,2,1.06%,160,85.11%,19,10.11%,9,4.79,188
CRIANÇA,0 a < 5 anos,2025,SUL,41,PR,412060,PRUDENTOPOLIS,27,1.2%,73,3.24%,2156,95.57%,100,4.43,2256,8,0.35%,28,1.24%,2063,91.45%,157,6.96%,36,1.6,2256
CRIANÇA,0 a < 5 anos,2025,SUL,41,PR,412065,QUARTO CENTENARIO,8,3.79%,9,4.27%,194,91.94%,17,8.06,211,1,0.47%,6,2.84%,187,88.63%,17,8.06%,7,3.32,211
CRIANÇA,0 a < 5 anos,2025,SUL,41,PR,412070,QUATIGUA,8,2.23%,21,5.85%,330,91.92%,29,8.08,359,2,0.56%,4,1.11%,318,88.58%,35,9.75%,6,1.67,359
CRIANÇA,0 a < 5 anos,2025,SUL,41,PR,412080,QUATRO BARRAS,17,1.6%,41,3.87%,1002,94.53%,58,5.47,1060,4,0.38%,12,1.13%,975,91.98%,69,6.51%,16,1.51,1060
CRIANÇA,0 a < 5 anos,2025,SUL,41,PR,412085,QUATRO PONTES,4,1.53%,5,1.91%,253,96.56%,9,3.44,262,2,0.76%,0,-,242,92.37%,18,6.87%,2,0.76,262
CRIANÇA,0 a < 5 anos,2025,SUL,41,PR,412090,QUEDAS DO IGUACU,26,1.52%,52,3.04%,1635,95.45%,78,4.55,1713,4,0.23%,18,1.05%,1565,91.36%,126,7.36%,22,1.28,1713
CRIANÇA,0 a < 5 anos,2025,SUL,41,PR,412100,QUERENCIA DO NORTE,34,7.59%,46,10.27%,368,82.14%,80,17.86,448,7,1.56%,15,3.35%,393,87.72%,33,7.37%,22,4.91,448
CRIANÇA,0 a < 5 anos,2025,SUL,41,PR,412110,QUINTA DO SOL,1,0.42%,16,6.75%,220,92.83%,17,7.17,237,1,0.42%,3,1.27%,212,89.45%,21,8.86%,4,1.69,237
CRIANÇA,0 a < 5 anos,2025,SUL,41,PR,412120,QUITANDINHA,10,1%,30,3.01%,958,95.99%,40,4.01,998,5,0.5%,12,1.2%,899,90.08%,82,8.22%,17,1.7,998
CRIANÇA,0 a < 5 anos,2025,SUL,41,PR,412125,RAMILANDIA,2,1.27%,8,5.1%,147,93.63%,10,6.37,157,0,-,0,-,144,91.72%,13,8.28%,0,0.0,157
CRIANÇA,0 a < 5 anos,2025,SUL,41,PR,412130,RANCHO ALEGRE,1,0.72%,1,0.72%,137,98.56%,2,1.44,139,0,-,1,0.72%,128,92.09%,10,7.19%,1,0.72,139
CRIANÇA,0 a < 5 anos,2025,SUL,41,PR,412135,RANCHO ALEGRE D'OESTE,2,1.46%,7,5.11%,128,93.43%,9,6.57,137,0,-,1,0.73%,126,91.97%,10,7.3%,1,0.73,137
CRIANÇA,0 a < 5 anos,2025,SUL,41,PR,412140,REALEZA,15,1.57%,40,4.18%,902,94.25%,55,5.75,957,4,0.42%,8,0.84%,868,90.7%,77,8.05%,12,1.25,957
CRIANÇA,0 a < 5 anos,2025,SUL,41,PR,412150,REBOUCAS,10,1.14%,29,3.31%,838,95.55%,39,4.45,877,2,0.23%,16,1.82%,799,91.11%,60,6.84%,18,2.05,877
CRIANÇA,0 a < 5 anos,2025,SUL,41,PR,412160,RENASCENCA,41,11.29%,30,8.26%,292,80.44%,71,19.56,363,1,0.28%,8,2.2%,332,91.46%,22,6.06%,9,2.48,363
CRIANÇA,0 a < 5 anos,2025,SUL,41,PR,412170,RESERVA,32,2.72%,44,3.74%,1100,93.54%,76,6.46,1176,4,0.34%,17,1.45%,1037,88.18%,118,10.03%,21,1.79,1176
CRIANÇA,0 a < 5 anos,2025,SUL,41,PR,412175,RESERVA DO IGUACU,15,4.24%,38,10.73%,301,85.03%,53,14.97,354,5,1.41%,8,2.26%,316,89.27%,25,7.06%,13,3.67,354
CRIANÇA,0 a < 5 anos,2025,SUL,41,PR,412180,RIBEIRAO CLARO,14,2.77%,17,3.36%,475,93.87%,31,6.13,506,3,0.59%,4,0.79%,436,86.17%,63,12.45%,7,1.38,506
CRIANÇA,0 a < 5 anos,2025,SUL,41,PR,412190,RIBEIRAO DO PINHAL,6,1.08%,26,4.7%,521,94.21%,32,5.79,553,4,0.72%,9,1.63%,487,88.07%,53,9.58%,13,2.35,553
CRIANÇA,0 a < 5 anos,2025,SUL,41,PR,412200,RIO AZUL,16,1.99%,33,4.09%,757,93.92%,49,6.08,806,4,0.5%,11,1.36%,711,88.21%,80,9.93%,15,1.86,806
CRIANÇA,0 a < 5 anos,2025,SUL,41,PR,412210,RIO BOM,4,2.41%,7,4.22%,155,93.37%,11,6.63,166,2,1.2%,1,0.6%,150,89.82%,14,8.38%,3,1.8,167
CRIANÇA,0 a < 5 anos,2025,SUL,41,PR,412215,RIO BONITO DO IGUACU,114,12.3%,56,6.04%,757,81.66%,170,18.34,927,8,0.86%,21,2.27%,812,87.59%,86,9.28%,29,3.13,927
CRIANÇA,0 a < 5 anos,2025,SUL,41,PR,412217,RIO BRANCO DO IVAI,1,0.48%,8,3.86%,198,95.65%,9,4.35,207,0,-,4,1.93%,185,89.37%,18,8.7%,4,1.93,207
CRIANÇA,0 a < 5 anos,2025,SUL,41,PR,412220,RIO BRANCO DO SUL,52,2.79%,115,6.17%,1698,91.05%,167,8.95,1865,8,0.43%,32,1.72%,1689,90.56%,136,7.29%,40,2.14,1865
CRIANÇA,0 a < 5 anos,2025,SUL,41,PR,412230,RIO NEGRO,38,2.62%,78,5.38%,1334,92%,116,8.0,1450,6,0.41%,20,1.38%,1322,91.17%,102,7.03%,26,1.79,1450
CRIANÇA,0 a < 5 anos,2025,SUL,41,PR,412240,ROLANDIA,134,4.2%,171,5.36%,2883,90.43%,305,9.57,3188,35,1.1%,67,2.1%,2861,89.74%,225,7.06%,102,3.2,3188
CRIANÇA,0 a < 5 anos,2025,SUL,41,PR,412250,RONCADOR,32,5.73%,51,9.14%,475,85.13%,83,14.87,558,3,0.54%,12,2.15%,506,90.68%,37,6.63%,15,2.69,558
CRIANÇA,0 a < 5 anos,2025,SUL,41,PR,412260,RONDON,6,1.43%,21,5%,393,93.57%,27,6.43,420,3,0.71%,6,1.43%,382,90.95%,29,6.9%,9,2.14,420
CRIANÇA,0 a < 5 anos,2025,SUL,41,PR,412265,ROSARIO DO IVAI,2,0.71%,10,3.57%,268,95.71%,12,4.29,280,2,0.71%,1,0.36%,246,87.86%,31,11.07%,3,1.07,280
CRIANÇA,0 a < 5 anos,2025,SUL,41,PR,412270,SABAUDIA,17,3.48%,25,5.11%,447,91.41%,42,8.59,489,2,0.41%,6,1.23%,440,89.98%,41,8.38%,8,1.64,489
CRIANÇA,0 a < 5 anos,2025,SUL,41,PR,412280,SALGADO FILHO,2,3.39%,5,8.47%,52,88.14%,7,11.86,59,0,-,0,-,54,91.53%,5,8.47%,0,0.0,59
CRIANÇA,0 a < 5 anos,2025,SUL,41,PR,412290,SALTO DO ITARARE,14,8.24%,18,10.59%,138,81.18%,32,18.82,170,1,0.59%,3,1.76%,151,88.82%,15,8.82%,4,2.35,170
CRIANÇA,0 a < 5 anos,2025,SUL,41,PR,412300,SALTO DO LONTRA,30,4.35%,39,5.65%,621,90%,69,10.0,690,4,0.58%,11,1.59%,631,91.45%,44,6.38%,15,2.17,690
CRIANÇA,0 a < 5 anos,2025,SUL,41,PR,412310,SANTA AMELIA,4,3.57%,8,7.14%,100,89.29%,12,10.71,112,1,0.89%,1,0.89%,101,90.18%,9,8.04%,2,1.79,112
CRIANÇA,0 a < 5 anos,2025,SUL,41,PR,412320,SANTA CECILIA DO PAVAO,2,1.83%,3,2.75%,104,95.41%,5,4.59,109,1,0.92%,0,-,99,90.83%,9,8.26%,1,0.92,109
CRIANÇA,0 a < 5 anos,2025,SUL,41,PR,412330,SANTA CRUZ DE MONTE CASTELO,13,3.44%,12,3.17%,353,93.39%,25,6.61,378,3,0.79%,8,2.12%,332,87.83%,35,9.26%,11,2.91,378
CRIANÇA,0 a < 5 anos,2025,SUL,41,PR,412340,SANTA FE,8,1.72%,14,3.02%,442,95.26%,22,4.74,464,2,0.43%,5,1.08%,414,89.22%,43,9.27%,7,1.51,464
CRIANÇA,0 a < 5 anos,2025,SUL,41,PR,412350,SANTA HELENA,58,3.87%,79,5.27%,1361,90.85%,137,9.15,1498,15,1%,19,1.27%,1369,91.39%,95,6.34%,34,2.27,1498
CRIANÇA,0 a < 5 anos,2025,SUL,41,PR,412360,SANTA INES,2,4.08%,3,6.12%,44,89.8%,5,10.2,49,0,-,2,4.08%,39,79.59%,8,16.33%,2,4.08,49
CRIANÇA,0 a < 5 anos,2025,SUL,41,PR,412370,SANTA ISABEL DO IVAI,12,2.93%,20,4.89%,377,92.18%,32,7.82,409,0,-,11,2.69%,357,87.29%,41,10.02%,11,2.69,409
CRIANÇA,0 a < 5 anos,2025,SUL,41,PR,412380,SANTA IZABEL DO OESTE,20,3.1%,25,3.87%,601,93.03%,45,6.97,646,5,0.77%,7,1.08%,585,90.56%,49,7.59%,12,1.86,646
CRIANÇA,0 a < 5 anos,2025,SUL,41,PR,412382,SANTA LUCIA,4,1.82%,11,5%,205,93.18%,15,6.82,220,0,-,4,1.82%,200,90.91%,16,7.27%,4,1.82,220
CRIANÇA,0 a < 5 anos,2025,SUL,41,PR,412385,SANTA MARIA DO OESTE,21,3.13%,27,4.03%,622,92.84%,48,7.16,670,5,0.75%,5,0.75%,594,88.66%,66,9.85%,10,1.49,670
CRIANÇA,0 a < 5 anos,2025,SUL,41,PR,412390,SANTA MARIANA,12,4.05%,16,5.41%,268,90.54%,28,9.46,296,4,1.35%,4,1.35%,258,87.16%,30,10.14%,8,2.7,296
CRIANÇA,0 a < 5 anos,2025,SUL,41,PR,412395,SANTA MONICA,3,1.62%,10,5.41%,172,92.97%,13,7.03,185,1,0.54%,4,2.16%,158,85.41%,22,11.89%,5,2.7,185
CRIANÇA,0 a < 5 anos,2025,SUL,41,PR,412400,SANTANA DO ITARARE,2,0.73%,13,4.74%,259,94.53%,15,5.47,274,0,-,4,1.46%,239,87.23%,31,11.31%,4,1.46,274
CRIANÇA,0 a < 5 anos,2025,SUL,41,PR,412402,SANTA TEREZA DO OESTE,13,1.53%,30,3.53%,806,94.94%,43,5.06,849,5,0.59%,10,1.18%,775,91.28%,59,6.95%,15,1.77,849
CRIANÇA,0 a < 5 anos,2025,SUL,41,PR,412405,SANTA TEREZINHA DE ITAIPU,57,4.21%,76,5.61%,1222,90.18%,133,9.82,1355,15,1.11%,29,2.14%,1218,89.89%,93,6.86%,44,3.25,1355
CRIANÇA,0 a < 5 anos,2025,SUL,41,PR,412410,SANTO ANTONIO DA PLATINA,69,3.69%,76,4.06%,1726,92.25%,145,7.75,1871,7,0.37%,31,1.66%,1642,87.76%,191,10.21%,38,2.03,1871
CRIANÇA,0 a < 5 anos,2025,SUL,41,PR,412420,SANTO ANTONIO DO CAIUA,6,5.83%,2,1.94%,95,92.23%,8,7.77,103,0,-,0,-,92,89.32%,11,10.68%,0,0.0,103
CRIANÇA,0 a < 5 anos,2025,SUL,41,PR,412430,SANTO ANTONIO DO PARAISO,4,3.54%,6,5.31%,103,91.15%,10,8.85,113,1,0.88%,2,1.77%,104,92.04%,6,5.31%,3,2.65,113
CRIANÇA,0 a < 5 anos,2025,SUL,41,PR,412440,SANTO ANTONIO DO SUDOESTE,64,9.14%,77,11%,559,79.86%,141,20.14,700,2,0.29%,11,1.57%,639,91.29%,48,6.86%,13,1.86,700
CRIANÇA,0 a < 5 anos,2025,SUL,41,PR,412450,SANTO INACIO,5,1.29%,7,1.81%,375,96.9%,12,3.1,387,2,0.52%,1,0.26%,350,90.44%,34,8.79%,3,0.78,387
CRIANÇA,0 a < 5 anos,2025,SUL,41,PR,412460,SAO CARLOS DO IVAI,15,5.75%,9,3.45%,237,90.8%,24,9.2,261,2,0.77%,5,1.92%,235,90.04%,19,7.28%,7,2.68,261
CRIANÇA,0 a < 5 anos,2025,SUL,41,PR,412470,SAO JERONIMO DA SERRA,24,4.53%,43,8.11%,463,87.36%,67,12.64,530,3,0.57%,9,1.7%,471,88.87%,47,8.87%,12,2.26,530
CRIANÇA,0 a < 5 anos,2025,SUL,41,PR,412480,SAO JOAO,15,2.21%,30,4.41%,635,93.38%,45,6.62,680,1,0.15%,6,0.88%,632,92.94%,41,6.03%,7,1.03,680
CRIANÇA,0 a < 5 anos,2025,SUL,41,PR,412490,SAO JOAO DO CAIUA,6,1.9%,8,2.54%,301,95.56%,14,4.44,315,0,-,5,1.59%,285,90.48%,25,7.94%,5,1.59,315
CRIANÇA,0 a < 5 anos,2025,SUL,41,PR,412500,SAO JOAO DO IVAI,20,4.74%,41,9.72%,361,85.55%,61,14.45,422,2,0.47%,15,3.55%,376,89.1%,29,6.87%,17,4.03,422
CRIANÇA,0 a < 5 anos,2025,SUL,41,PR,412510,SAO JOAO DO TRIUNFO,6,0.9%,12,1.8%,647,97.29%,18,2.71,665,2,0.3%,5,0.75%,580,87.22%,78,11.73%,7,1.05,665
CRIANÇA,0 a < 5 anos,2025,SUL,41,PR,412520,SAO JORGE D'OESTE,28,5.75%,32,6.57%,427,87.68%,60,12.32,487,4,0.82%,7,1.44%,446,91.58%,30,6.16%,11,2.26,487
CRIANÇA,0 a < 5 anos,2025,SUL,41,PR,412530,SAO JORGE DO IVAI,16,12.6%,4,3.15%,107,84.25%,20,15.75,127,2,1.57%,6,4.72%,113,88.98%,6,4.72%,8,6.3,127
CRIANÇA,0 a < 5 anos,2025,SUL,41,PR,412535,SAO JORGE DO PATROCINIO,3,0.97%,5,1.61%,302,97.42%,8,2.58,310,0,-,5,1.61%,281,90.65%,24,7.74%,5,1.61,310
CRIANÇA,0 a < 5 anos,2025,SUL,41,PR,412540,SAO JOSE DA BOA VISTA,3,1.24%,12,4.98%,226,93.78%,15,6.22,241,1,0.41%,1,0.41%,219,90.87%,20,8.3%,2,0.83,241
CRIANÇA,0 a < 5 anos,2025,SUL,41,PR,412545,SAO JOSE DAS PALMEIRAS,2,1.92%,0,-,102,98.08%,2,1.92,104,2,1.92%,2,1.92%,88,84.62%,12,11.54%,4,3.85,104
CRIANÇA,0 a < 5 anos,2025,SUL,41,PR,412550,SAO JOSE DOS PINHAIS,524,4.22%,694,5.59%,11204,90.19%,1218,9.81,12422,190,1.53%,263,2.12%,11214,90.28%,755,6.08%,453,3.65,12422
CRIANÇA,0 a < 5 anos,2025,SUL,41,PR,412555,SAO MANOEL DO PARANA,2,2.13%,3,3.19%,89,94.68%,5,5.32,94,0,-,1,1.06%,88,93.62%,5,5.32%,1,1.06,94
CRIANÇA,0 a < 5 anos,2025,SUL,41,PR,412560,SAO MATEUS DO SUL,42,1.79%,125,5.33%,2179,92.88%,167,7.12,2346,11,0.47%,33,1.41%,2137,91.09%,165,7.03%,44,1.88,2346
CRIANÇA,0 a < 5 anos,2025,SUL,41,PR,412570,SAO MIGUEL DO IGUACU,42,3.42%,63,5.13%,1123,91.45%,105,8.55,1228,9,0.73%,18,1.47%,1114,90.72%,87,7.08%,27,2.2,1228
CRIANÇA,0 a < 5 anos,2025,SUL,41,PR,412575,SAO PEDRO DO IGUACU,4,1.59%,9,3.59%,238,94.82%,13,5.18,251,1,0.4%,4,1.59%,224,89.24%,22,8.76%,5,1.99,251
CRIANÇA,0 a < 5 anos,2025,SUL,41,PR,412580,SAO PEDRO DO IVAI,13,2.94%,14,3.17%,415,93.89%,27,6.11,442,2,0.45%,2,0.45%,381,86.2%,57,12.9%,4,0.9,442
CRIANÇA,0 a < 5 anos,2025,SUL,41,PR,412590,SAO PEDRO DO PARANA,2,1.57%,4,3.15%,121,95.28%,6,4.72,127,0,-,3,2.36%,116,91.34%,8,6.3%,3,2.36,127
CRIANÇA,0 a < 5 anos,2025,SUL,41,PR,412600,SAO SEBASTIAO DA AMOREIRA,8,2.07%,10,2.58%,369,95.35%,18,4.65,387,4,1.03%,3,0.78%,333,86.05%,47,12.14%,7,1.81,387
CRIANÇA,0 a < 5 anos,2025,SUL,41,PR,412610,SAO TOME,2,1.82%,1,0.91%,107,97.27%,3,2.73,110,0,-,2,1.82%,104,94.55%,4,3.64%,2,1.82,110
CRIANÇA,0 a < 5 anos,2025,SUL,41,PR,412620,SAPOPEMA,5,1.07%,13,2.78%,449,96.15%,18,3.85,467,1,0.21%,3,0.64%,422,90.36%,41,8.78%,4,0.86,467
CRIANÇA,0 a < 5 anos,2025,SUL,41,PR,412625,SARANDI,42,2.57%,97,5.93%,1496,91.5%,139,8.5,1635,12,0.73%,24,1.47%,1494,91.38%,105,6.42%,36,2.2,1635
CRIANÇA,0 a < 5 anos,2025,SUL,41,PR,412627,SAUDADE DO IGUACU,2,0.62%,21,6.46%,302,92.92%,23,7.08,325,1,0.31%,2,0.62%,300,92.31%,22,6.77%,3,0.92,325
CRIANÇA,0 a < 5 anos,2025,SUL,41,PR,412630,SENGES,24,2.11%,47,4.13%,1066,93.76%,71,6.24,1137,1,0.09%,14,1.23%,1021,89.8%,101,8.88%,15,1.32,1137
CRIANÇA,0 a < 5 anos,2025,SUL,41,PR,412635,SERRANOPOLIS DO IGUACU,3,0.92%,10,3.06%,314,96.02%,13,3.98,327,0,-,4,1.22%,291,88.99%,32,9.79%,4,1.22,327
CRIANÇA,0 a < 5 anos,2025,SUL,41,PR,412640,SERTANEJA,9,3.38%,10,3.76%,247,92.86%,19,7.14,266,1,0.38%,4,1.5%,225,84.59%,36,13.53%,5,1.88,266
CRIANÇA,0 a < 5 anos,2025,SUL,41,PR,412650,SERTANOPOLIS,21,4.76%,18,4.08%,402,91.16%,39,8.84,441,3,0.68%,8,1.81%,383,86.85%,47,10.66%,11,2.49,441
CRIANÇA,0 a < 5 anos,2025,SUL,41,PR,412660,SIQUEIRA CAMPOS,30,3.12%,47,4.89%,885,92%,77,8.0,962,9,0.94%,25,2.6%,871,90.54%,57,5.93%,34,3.53,962
CRIANÇA,0 a < 5 anos,2025,SUL,41,PR,412665,SULINA,9,4.64%,12,6.19%,173,89.18%,21,10.82,194,0,-,5,2.58%,178,91.75%,11,5.67%,5,2.58,194
CRIANÇA,0 a < 5 anos,2025,SUL,41,PR,412667,TAMARANA,19,3.11%,15,2.46%,576,94.43%,34,5.57,610,3,0.49%,12,1.97%,561,91.97%,34,5.57%,15,2.46,610
CRIANÇA,0 a < 5 anos,2025,SUL,41,PR,412670,TAMBOARA,10,3.52%,9,3.17%,265,93.31%,19,6.69,284,1,0.35%,5,1.76%,259,91.2%,19,6.69%,6,2.11,284
CRIANÇA,0 a < 5 anos,2025,SUL,41,PR,412680,TAPEJARA,14,3.18%,19,4.32%,407,92.5%,33,7.5,440,4,0.91%,2,0.45%,398,90.45%,36,8.18%,6,1.36,440
CRIANÇA,0 a < 5 anos,2025,SUL,41,PR,412690,TAPIRA,6,2.38%,9,3.57%,237,94.05%,15,5.95,252,0,-,2,0.79%,230,91.27%,20,7.94%,2,0.79,252
CRIANÇA,0 a < 5 anos,2025,SUL,41,PR,412700,TEIXEIRA SOARES,13,2.71%,25,5.21%,442,92.08%,38,7.92,480,1,0.21%,8,1.67%,433,90.21%,38,7.92%,9,1.88,480
CRIANÇA,0 a < 5 anos,2025,SUL,41,PR,412710,TELEMACO BORBA,82,3.11%,146,5.53%,2411,91.36%,228,8.64,2639,12,0.45%,48,1.82%,2398,90.87%,181,6.86%,60,2.27,2639
CRIANÇA,0 a < 5 anos,2025,SUL,41,PR,412720,TERRA BOA,20,2.05%,38,3.89%,918,94.06%,58,5.94,976,7,0.72%,10,1.02%,908,93.03%,51,5.23%,17,1.74,976
CRIANÇA,0 a < 5 anos,2025,SUL,41,PR,412730,TERRA RICA,23,3.37%,26,3.81%,634,92.83%,49,7.17,683,3,0.44%,4,0.59%,630,92.24%,46,6.73%,7,1.02,683
CRIANÇA,0 a < 5 anos,2025,SUL,41,PR,412740,TERRA ROXA,22,2.28%,54,5.61%,887,92.11%,76,7.89,963,4,0.42%,18,1.87%,874,90.76%,67,6.96%,22,2.28,963
CRIANÇA,0 a < 5 anos,2025,SUL,41,PR,412750,TIBAGI,24,2.16%,51,4.59%,1036,93.25%,75,6.75,1111,6,0.54%,21,1.89%,1029,92.62%,55,4.95%,27,2.43,1111
CRIANÇA,0 a < 5 anos,2025,SUL,41,PR,412760,TIJUCAS DO SUL,20,1.88%,61,5.73%,984,92.39%,81,7.61,1065,3,0.28%,22,2.07%,983,92.3%,57,5.35%,25,2.35,1065
CRIANÇA,0 a < 5 anos,2025,SUL,41,PR,412770,TOLEDO,102,1.58%,237,3.68%,6098,94.73%,339,5.27,6437,36,0.56%,93,1.44%,5943,92.33%,365,5.67%,129,2.0,6437
CRIANÇA,0 a < 5 anos,2025,SUL,41,PR,412780,TOMAZINA,2,0.47%,15,3.49%,413,96.05%,17,3.95,430,0,-,4,0.93%,393,91.4%,33,7.67%,4,0.93,430
CRIANÇA,0 a < 5 anos,2025,SUL,41,PR,412785,TRES BARRAS DO PARANA,19,3.02%,43,6.84%,567,90.14%,62,9.86,629,3,0.48%,12,1.91%,572,90.94%,42,6.68%,15,2.38,629
CRIANÇA,0 a < 5 anos,2025,SUL,41,PR,412788,TUNAS DO PARANA,16,4.82%,13,3.92%,303,91.27%,29,8.73,332,5,1.51%,8,2.41%,292,87.95%,27,8.13%,13,3.92,332
CRIANÇA,0 a < 5 anos,2025,SUL,41,PR,412790,TUNEIRAS DO OESTE,7,2.52%,14,5.04%,257,92.45%,21,7.55,278,2,0.72%,10,3.6%,245,88.13%,21,7.55%,12,4.32,278
CRIANÇA,0 a < 5 anos,2025,SUL,41,PR,412795,TUPASSI,8,3.85%,13,6.25%,187,89.9%,21,10.1,208,3,1.44%,2,0.96%,186,89.42%,17,8.17%,5,2.4,208
CRIANÇA,0 a < 5 anos,2025,SUL,41,PR,412796,TURVO,53,6.69%,46,5.81%,693,87.5%,99,12.5,792,7,0.88%,13,1.64%,705,89.02%,67,8.46%,20,2.53,792
CRIANÇA,0 a < 5 anos,2025,SUL,41,PR,412800,UBIRATA,46,4.16%,72,6.5%,989,89.34%,118,10.66,1107,6,0.54%,19,1.72%,1002,90.51%,80,7.23%,25,2.26,1107
CRIANÇA,0 a < 5 anos,2025,SUL,41,PR,412810,UMUARAMA,274,5.56%,240,4.87%,4413,89.57%,514,10.43,4927,55,1.12%,62,1.26%,4404,89.39%,406,8.24%,117,2.37,4927
CRIANÇA,0 a < 5 anos,2025,SUL,41,PR,412820,UNIAO DA VITORIA,56,2.69%,109,5.24%,1917,92.07%,165,7.93,2082,15,0.72%,30,1.44%,1886,90.59%,151,7.25%,45,2.16,2082
CRIANÇA,0 a < 5 anos,2025,SUL,41,PR,412830,UNIFLOR,2,1.83%,4,3.67%,103,94.5%,6,5.5,109,0,-,1,0.92%,96,88.07%,12,11.01%,1,0.92,109
CRIANÇA,0 a < 5 anos,2025,SUL,41,PR,412840,URAI,8,2.84%,18,6.38%,256,90.78%,26,9.22,282,3,1.06%,7,2.48%,242,85.82%,30,10.64%,10,3.55,282
CRIANÇA,0 a < 5 anos,2025,SUL,41,PR,412850,WENCESLAU BRAZ,15,1.65%,47,5.17%,847,93.18%,62,6.82,909,4,0.44%,12,1.32%,806,88.67%,87,9.57%,16,1.76,909
CRIANÇA,0 a < 5 anos,2025,SUL,41,PR,412853,VENTANIA,8,1.79%,13,2.91%,426,95.3%,21,4.7,447,1,0.22%,4,0.89%,403,90.16%,39,8.72%,5,1.12,447
CRIANÇA,0 a < 5 anos,2025,SUL,41,PR,412855,VERA CRUZ DO OESTE,9,2.61%,8,2.32%,328,95.07%,17,4.93,345,2,0.58%,2,0.58%,309,89.57%,32,9.28%,4,1.16,345
CRIANÇA,0 a < 5 anos,2025,SUL,41,PR,412860,VERE,21,5.51%,22,5.77%,338,88.71%,43,11.29,381,2,0.52%,10,2.62%,337,88.45%,32,8.4%,12,3.15,381
CRIANÇA,0 a < 5 anos,2025,SUL,41,PR,412862,ALTO PARAISO,5,2.45%,17,8.33%,182,89.22%,22,10.78,204,1,0.49%,4,1.96%,180,88.24%,19,9.31%,5,2.45,204
CRIANÇA,0 a < 5 anos,2025,SUL,41,PR,412863,DOUTOR ULYSSES,8,3.14%,10,3.92%,237,92.94%,18,7.06,255,1,0.39%,2,0.78%,232,90.98%,20,7.84%,3,1.18,255
CRIANÇA,0 a < 5 anos,2025,SUL,41,PR,412865,VIRMOND,8,3.36%,16,6.72%,214,89.92%,24,10.08,238,5,2.1%,0,-,208,87.39%,25,10.5%,5,2.1,238
CRIANÇA,0 a < 5 anos,2025,SUL,41,PR,412870,VITORINO,50,7.97%,50,7.97%,527,84.05%,100,15.95,627,3,0.48%,13,2.07%,562,89.63%,49,7.81%,16,2.55,627
CRIANÇA,0 a < 5 anos,2025,SUL,41,PR,412880,XAMBRE,11,3.08%,11,3.08%,335,93.84%,22,6.16,357,6,1.68%,4,1.12%,320,89.64%,27,7.56%,10,2.8,357
CRIANÇA,0 a < 5 anos,2025,SUL,42,SC,420005,ABDON BATISTA,2,1.54%,5,3.85%,123,94.62%,7,5.38,130,1,0.77%,2,1.54%,121,93.08%,6,4.62%,3,2.31,130
CRIANÇA,0 a < 5 anos,2025,SUL,42,SC,420010,ABELARDO LUZ,46,4.57%,66,6.55%,895,88.88%,112,11.12,1007,5,0.5%,11,1.09%,911,90.47%,80,7.94%,16,1.59,1007
CRIANÇA,0 a < 5 anos,2025,SUL,42,SC,420020,AGROLANDIA,14,2.55%,36,6.55%,500,90.91%,50,9.09,550,5,0.91%,14,2.55%,490,89.09%,41,7.45%,19,3.45,550
CRIANÇA,0 a < 5 anos,2025,SUL,42,SC,420030,AGRONOMICA,18,5.36%,17,5.06%,301,89.58%,35,10.42,336,2,0.6%,6,1.79%,305,90.77%,23,6.85%,8,2.38,336
CRIANÇA,0 a < 5 anos,2025,SUL,42,SC,420040,AGUA DOCE,6,1.78%,13,3.85%,319,94.38%,19,5.62,338,2,0.59%,7,2.07%,303,89.64%,26,7.69%,9,2.66,338
CRIANÇA,0 a < 5 anos,2025,SUL,42,SC,420050,AGUAS DE CHAPECO,3,0.95%,6,1.9%,307,97.15%,9,2.85,316,3,0.95%,4,1.27%,280,88.61%,29,9.18%,7,2.22,316
CRIANÇA,0 a < 5 anos,2025,SUL,42,SC,420055,AGUAS FRIAS,0,-,13,7.26%,166,92.74%,13,7.26,179,1,0.56%,0,-,163,91.06%,15,8.38%,1,0.56,179
CRIANÇA,0 a < 5 anos,2025,SUL,42,SC,420060,AGUAS MORNAS,2,0.54%,13,3.5%,356,95.96%,15,4.04,371,0,-,5,1.35%,345,92.99%,21,5.66%,5,1.35,371
CRIANÇA,0 a < 5 anos,2025,SUL,42,SC,420070,ALFREDO WAGNER,9,3.13%,9,3.13%,270,93.75%,18,6.25,288,3,1.04%,3,1.04%,255,88.54%,27,9.38%,6,2.08,288
CRIANÇA,0 a < 5 anos,2025,SUL,42,SC,420075,ALTO BELA VISTA,1,5.26%,2,10.53%,16,84.21%,3,15.79,19,0,-,0,-,19,100%,0,-,0,0.0,19
CRIANÇA,0 a < 5 anos,2025,SUL,42,SC,420080,ANCHIETA,4,2.11%,6,3.16%,180,94.74%,10,5.26,190,0,-,5,2.63%,172,90.53%,13,6.84%,5,2.63,190
CRIANÇA,0 a < 5 anos,2025,SUL,42,SC,420090,ANGELINA,4,4.49%,10,11.24%,75,84.27%,14,15.73,89,1,1.12%,2,2.25%,76,85.39%,10,11.24%,3,3.37,89
CRIANÇA,0 a < 5 anos,2025,SUL,42,SC,420100,ANITA GARIBALDI,11,2.39%,23,5%,426,92.61%,34,7.39,460,1,0.22%,7,1.52%,430,93.48%,22,4.78%,8,1.74,460
CRIANÇA,0 a < 5 anos,2025,SUL,42,SC,420110,ANITAPOLIS,3,1.37%,10,4.57%,206,94.06%,13,5.94,219,1,0.46%,2,0.91%,196,89.5%,20,9.13%,3,1.37,219
CRIANÇA,0 a < 5 anos,2025,SUL,42,SC,420120,ANTONIO CARLOS,135,28.3%,38,7.97%,304,63.73%,173,36.27,477,1,0.21%,5,1.05%,430,90.15%,41,8.6%,6,1.26,477
CRIANÇA,0 a < 5 anos,2025,SUL,42,SC,420125,APIUNA,23,5%,30,6.52%,407,88.48%,53,11.52,460,3,0.65%,6,1.3%,425,92.39%,26,5.65%,9,1.96,460
CRIANÇA,0 a < 5 anos,2025,SUL,42,SC,420127,ARABUTA,0,-,1,2.78%,35,97.22%,1,2.78,36,0,-,1,2.78%,34,94.44%,1,2.78%,1,2.78,36
CRIANÇA,0 a < 5 anos,2025,SUL,42,SC,420130,ARAQUARI,100,3.86%,167,6.44%,2326,89.7%,267,10.3,2593,30,1.16%,52,2.01%,2347,90.51%,164,6.32%,82,3.16,2593
CRIANÇA,0 a < 5 anos,2025,SUL,42,SC,420140,ARARANGUA,60,2.34%,103,4.02%,2402,93.65%,163,6.35,2565,22,0.86%,52,2.03%,2285,89.08%,206,8.03%,74,2.88,2565
CRIANÇA,0 a < 5 anos,2025,SUL,42,SC,420150,ARMAZEM,36,8.45%,30,7.04%,360,84.51%,66,15.49,426,1,0.23%,9,2.11%,371,87.09%,45,10.56%,10,2.35,426
CRIANÇA,0 a < 5 anos,2025,SUL,42,SC,420160,ARROIO TRINTA,7,4.27%,8,4.88%,149,90.85%,15,9.15,164,1,0.61%,4,2.44%,150,91.46%,9,5.49%,5,3.05,164
CRIANÇA,0 a < 5 anos,2025,SUL,42,SC,420165,ARVOREDO,1,0.74%,4,2.96%,130,96.3%,5,3.7,135,1,0.74%,2,1.48%,123,91.11%,9,6.67%,3,2.22,135
CRIANÇA,0 a < 5 anos,2025,SUL,42,SC,420170,ASCURRA,40,8.28%,55,11.39%,388,80.33%,95,19.67,483,3,0.62%,9,1.86%,438,90.68%,33,6.83%,12,2.48,483
CRIANÇA,0 a < 5 anos,2025,SUL,42,SC,420180,ATALANTA,5,2.56%,7,3.59%,183,93.85%,12,6.15,195,1,0.51%,2,1.03%,174,89.23%,18,9.23%,3,1.54,195
CRIANÇA,0 a < 5 anos,2025,SUL,42,SC,420190,AURORA,9,2.12%,22,5.19%,393,92.69%,31,7.31,424,1,0.24%,6,1.42%,389,91.75%,28,6.6%,7,1.65,424
CRIANÇA,0 a < 5 anos,2025,SUL,42,SC,420195,BALNEARIO ARROIO DO SILVA,66,6.95%,85,8.95%,799,84.11%,151,15.89,950,6,0.63%,23,2.42%,833,87.68%,88,9.26%,29,3.05,950
CRIANÇA,0 a < 5 anos,2025,SUL,42,SC,420200,BALNEARIO CAMBORIU,76,1.69%,176,3.91%,4251,94.4%,252,5.6,4503,25,0.56%,65,1.44%,4056,90.07%,357,7.93%,90,2.0,4503
CRIANÇA,0 a < 5 anos,2025,SUL,42,SC,420205,BALNEARIO BARRA DO SUL,39,7.8%,31,6.2%,430,86%,70,14.0,500,5,1%,9,1.8%,445,89%,41,8.2%,14,2.8,500
CRIANÇA,0 a < 5 anos,2025,SUL,42,SC,420207,BALNEARIO GAIVOTA,72,11.67%,43,6.97%,502,81.36%,115,18.64,617,19,3.08%,17,2.76%,547,88.65%,34,5.51%,36,5.83,617
CRIANÇA,0 a < 5 anos,2025,SUL,42,SC,420208,BANDEIRANTE,3,1.56%,6,3.13%,183,95.31%,9,4.69,192,1,0.52%,1,0.52%,172,89.58%,18,9.38%,2,1.04,192
CRIANÇA,0 a < 5 anos,2025,SUL,42,SC,420209,BARRA BONITA,3,6.82%,2,4.55%,39,88.64%,5,11.36,44,0,-,1,2.27%,40,90.91%,3,6.82%,1,2.27,44
CRIANÇA,0 a < 5 anos,2025,SUL,42,SC,420210,BARRA VELHA,71,2.97%,145,6.06%,2175,90.97%,216,9.03,2391,18,0.75%,34,1.42%,2152,90%,187,7.82%,52,2.17,2391
CRIANÇA,0 a < 5 anos,2025,SUL,42,SC,420213,BELA VISTA DO TOLDO,10,3.36%,21,7.05%,267,89.6%,31,10.4,298,0,-,5,1.68%,261,87.58%,32,10.74%,5,1.68,298
CRIANÇA,0 a < 5 anos,2025,SUL,42,SC,420215,BELMONTE,4,2.56%,11,7.05%,141,90.38%,15,9.62,156,0,-,2,1.28%,138,88.46%,16,10.26%,2,1.28,156
CRIANÇA,0 a < 5 anos,2025,SUL,42,SC,420220,BENEDITO NOVO,10,2.02%,34,6.85%,452,91.13%,44,8.87,496,6,1.21%,16,3.23%,448,90.32%,26,5.24%,22,4.44,496
CRIANÇA,0 a < 5 anos,2025,SUL,42,SC,420230,BIGUACU,85,2.36%,210,5.83%,3305,91.81%,295,8.19,3600,13,0.36%,63,1.75%,3311,91.97%,213,5.92%,76,2.11,3600
CRIANÇA,0 a < 5 anos,2025,SUL,42,SC,420240,BLUMENAU,1140,7.92%,995,6.91%,12256,85.16%,2135,14.84,14391,202,1.4%,284,1.97%,13154,91.4%,751,5.22%,486,3.38,14391
CRIANÇA,0 a < 5 anos,2025,SUL,42,SC,420243,BOCAINA DO SUL,12,7.74%,19,12.26%,124,80%,31,20.0,155,3,1.94%,6,3.87%,127,81.94%,19,12.26%,9,5.81,155
CRIANÇA,0 a < 5 anos,2025,SUL,42,SC,420245,BOMBINHAS,80,5.55%,104,7.21%,1258,87.24%,184,12.76,1442,25,1.73%,29,2.01%,1318,91.4%,70,4.85%,54,3.74,1442
CRIANÇA,0 a < 5 anos,2025,SUL,42,SC,420250,BOM JARDIM DA SERRA,8,3.9%,18,8.78%,179,87.32%,26,12.68,205,3,1.46%,4,1.95%,184,89.76%,14,6.83%,7,3.41,205
CRIANÇA,0 a < 5 anos,2025,SUL,42,SC,420253,BOM JESUS,12,6.98%,18,10.47%,142,82.56%,30,17.44,172,3,1.74%,4,2.33%,157,91.28%,8,4.65%,7,4.07,172
CRIANÇA,0 a < 5 anos,2025,SUL,42,SC,420257,BOM JESUS DO OESTE,3,2.86%,10,9.52%,92,87.62%,13,12.38,105,0,-,1,0.95%,95,90.48%,9,8.57%,1,0.95,105
CRIANÇA,0 a < 5 anos,2025,SUL,42,SC,420260,BOM RETIRO,15,3.02%,29,5.85%,452,91.13%,44,8.87,496,2,0.4%,5,1.01%,462,93.15%,27,5.44%,7,1.41,496
CRIANÇA,0 a < 5 anos,2025,SUL,42,SC,420270,BOTUVERA,4,1.41%,17,5.99%,263,92.61%,21,7.39,284,1,0.35%,2,0.7%,271,95.42%,10,3.52%,3,1.06,284
CRIANÇA,0 a < 5 anos,2025,SUL,42,SC,420280,BRACO DO NORTE,91,3.77%,129,5.34%,2195,90.89%,220,9.11,2415,10,0.41%,30,1.24%,2187,90.56%,188,7.78%,40,1.66,2415
CRIANÇA,0 a < 5 anos,2025,SUL,42,SC,420285,BRACO DO TROMBUDO,0,-,8,3.69%,209,96.31%,8,3.69,217,0,-,0,-,196,90.32%,21,9.68%,0,0.0,217
CRIANÇA,0 a < 5 anos,2025,SUL,42,SC,420287,BRUNOPOLIS,6,3.59%,10,5.99%,151,90.42%,16,9.58,167,1,0.6%,3,1.8%,155,92.81%,8,4.79%,4,2.4,167
CRIANÇA,0 a < 5 anos,2025,SUL,42,SC,420290,BRUSQUE,82,2.9%,146,5.16%,2600,91.94%,228,8.06,2828,20,0.71%,38,1.34%,2564,90.66%,206,7.28%,58,2.05,2828
CRIANÇA,0 a < 5 anos,2025,SUL,42,SC,420300,CACADOR,117,3.39%,185,5.37%,3145,91.24%,302,8.76,3447,32,0.93%,68,1.97%,3190,92.54%,157,4.55%,100,2.9,3447
CRIANÇA,0 a < 5 anos,2025,SUL,42,SC,420310,CAIBI,16,4.4%,18,4.95%,330,90.66%,34,9.34,364,4,1.1%,10,2.75%,314,86.26%,36,9.89%,14,3.85,364
CRIANÇA,0 a < 5 anos,2025,SUL,42,SC,420315,CALMON,3,1.11%,18,6.67%,249,92.22%,21,7.78,270,3,1.11%,9,3.33%,242,89.63%,16,5.93%,12,4.44,270
CRIANÇA,0 a < 5 anos,2025,SUL,42,SC,420320,CAMBORIU,214,4.21%,315,6.19%,4560,89.61%,529,10.39,5089,63,1.24%,85,1.67%,4588,90.16%,353,6.94%,148,2.91,5089
CRIANÇA,0 a < 5 anos,2025,SUL,42,SC,420325,CAPAO ALTO,5,3.94%,11,8.66%,111,87.4%,16,12.6,127,1,0.79%,4,3.15%,116,91.34%,6,4.72%,5,3.94,127
CRIANÇA,0 a < 5 anos,2025,SUL,42,SC,420330,CAMPO ALEGRE,4,0.6%,13,1.95%,651,97.46%,17,2.54,668,1,0.15%,5,0.75%,612,91.62%,50,7.49%,6,0.9,668
CRIANÇA,0 a < 5 anos,2025,SUL,42,SC,420340,CAMPO BELO DO SUL,13,3.94%,12,3.64%,305,92.42%,25,7.58,330,7,2.12%,5,1.52%,298,90.3%,20,6.06%,12,3.64,330
CRIANÇA,0 a < 5 anos,2025,SUL,42,SC,420350,CAMPO ERE,5,0.86%,35,6%,543,93.14%,40,6.86,583,1,0.17%,6,1.03%,551,94.51%,25,4.29%,7,1.2,583
CRIANÇA,0 a < 5 anos,2025,SUL,42,SC,420360,CAMPOS NOVOS,16,1.84%,43,4.95%,809,93.2%,59,6.8,868,6,0.69%,19,2.19%,795,91.59%,48,5.53%,25,2.88,868
CRIANÇA,0 a < 5 anos,2025,SUL,42,SC,420370,CANELINHA,33,4.17%,54,6.82%,705,89.02%,87,10.98,792,4,0.51%,12,1.52%,735,92.8%,41,5.18%,16,2.02,792
CRIANÇA,0 a < 5 anos,2025,SUL,42,SC,420380,CANOINHAS,54,2.68%,77,3.82%,1883,93.5%,131,6.5,2014,14,0.7%,31,1.54%,1822,90.47%,147,7.3%,45,2.23,2014
CRIANÇA,0 a < 5 anos,2025,SUL,42,SC,420390,CAPINZAL,29,3.71%,47,6.01%,706,90.28%,76,9.72,782,4,0.51%,15,1.92%,717,91.69%,46,5.88%,19,2.43,782
CRIANÇA,0 a < 5 anos,2025,SUL,42,SC,420395,CAPIVARI DE BAIXO,55,5.26%,65,6.21%,926,88.53%,120,11.47,1046,19,1.82%,25,2.39%,923,88.24%,79,7.55%,44,4.21,1046
CRIANÇA,0 a < 5 anos,2025,SUL,42,SC,420400,CATANDUVAS,19,4.57%,19,4.57%,378,90.87%,38,9.13,416,4,0.96%,12,2.88%,357,85.82%,43,10.34%,16,3.85,416
CRIANÇA,0 a < 5 anos,2025,SUL,42,SC,420410,CAXAMBU DO SUL,11,4.21%,7,2.68%,243,93.1%,18,6.9,261,3,1.15%,7,2.68%,227,86.97%,24,9.2%,10,3.83,261
CRIANÇA,0 a < 5 anos,2025,SUL,42,SC,420415,CELSO RAMOS,7,3.74%,8,4.28%,172,91.98%,15,8.02,187,0,-,5,2.67%,168,89.84%,14,7.49%,5,2.67,187
CRIANÇA,0 a < 5 anos,2025,SUL,42,SC,420417,CERRO NEGRO,8,3.88%,17,8.25%,181,87.86%,25,12.14,206,2,0.97%,4,1.94%,195,94.66%,5,2.43%,6,2.91,206
CRIANÇA,0 a < 5 anos,2025,SUL,42,SC,420419,CHAPADAO DO LAGEADO,5,3.01%,4,2.41%,157,94.58%,9,5.42,166,1,0.6%,2,1.2%,149,89.76%,14,8.43%,3,1.81,166
CRIANÇA,0 a < 5 anos,2025,SUL,42,SC,420420,CHAPECO,232,2.27%,437,4.28%,9532,93.44%,669,6.56,10201,53,0.52%,162,1.59%,9299,91.16%,687,6.73%,215,2.11,10201
CRIANÇA,0 a < 5 anos,2025,SUL,42,SC,420425,COCAL DO SUL,77,10.97%,64,9.12%,561,79.91%,141,20.09,702,25,3.56%,35,4.99%,587,83.62%,55,7.83%,60,8.55,702
CRIANÇA,0 a < 5 anos,2025,SUL,42,SC,420430,CONCORDIA,80,2.71%,170,5.76%,2701,91.53%,250,8.47,2951,17,0.58%,39,1.32%,2701,91.53%,194,6.57%,56,1.9,2951
CRIANÇA,0 a < 5 anos,2025,SUL,42,SC,420435,CORDILHEIRA ALTA,4,1.35%,16,5.39%,277,93.27%,20,6.73,297,3,1.01%,4,1.35%,268,90.24%,22,7.41%,7,2.36,297
CRIANÇA,0 a < 5 anos,2025,SUL,42,SC,420440,CORONEL FREITAS,8,3.81%,12,5.71%,190,90.48%,20,9.52,210,4,1.9%,2,0.95%,191,90.95%,13,6.19%,6,2.86,210
CRIANÇA,0 a < 5 anos,2025,SUL,42,SC,420445,CORONEL MARTINS,13,23.21%,6,10.71%,37,66.07%,19,33.93,56,2,3.57%,1,1.79%,49,87.5%,4,7.14%,3,5.36,56
CRIANÇA,0 a < 5 anos,2025,SUL,42,SC,420450,CORUPA,11,1.65%,30,4.5%,625,93.84%,41,6.16,666,3,0.45%,8,1.2%,611,91.74%,44,6.61%,11,1.65,666
CRIANÇA,0 a < 5 anos,2025,SUL,42,SC,420455,CORREIA PINTO,31,3.97%,48,6.15%,701,89.87%,79,10.13,780,6,0.77%,16,2.05%,705,90.38%,53,6.79%,22,2.82,780
CRIANÇA,0 a < 5 anos,2025,SUL,42,SC,420460,CRICIUMA,541,6.56%,557,6.75%,7149,86.69%,1098,13.31,8247,242,2.93%,234,2.84%,7260,88.02%,512,6.21%,476,5.77,8248
CRIANÇA,0 a < 5 anos,2025,SUL,42,SC,420470,CUNHA PORA,27,4.6%,40,6.81%,520,88.59%,67,11.41,587,4,0.68%,10,1.7%,528,89.95%,45,7.67%,14,2.39,587
CRIANÇA,0 a < 5 anos,2025,SUL,42,SC,420475,CUNHATAI,0,-,1,1.19%,83,98.81%,1,1.19,84,0,-,2,2.38%,80,95.24%,2,2.38%,2,2.38,84
CRIANÇA,0 a < 5 anos,2025,SUL,42,SC,420480,CURITIBANOS,105,5.4%,152,7.82%,1686,86.77%,257,13.23,1943,27,1.39%,55,2.83%,1767,90.94%,94,4.84%,82,4.22,1943
CRIANÇA,0 a < 5 anos,2025,SUL,42,SC,420490,DESCANSO,12,2.82%,14,3.29%,399,93.88%,26,6.12,425,1,0.24%,5,1.18%,397,93.41%,22,5.18%,6,1.41,425
CRIANÇA,0 a < 5 anos,2025,SUL,42,SC,420500,DIONISIO CERQUEIRA,14,1.93%,29,3.99%,683,94.08%,43,5.92,726,2,0.28%,9,1.24%,677,93.25%,38,5.23%,11,1.52,726
CRIANÇA,0 a < 5 anos,2025,SUL,42,SC,420510,DONA EMMA,22,7.53%,20,6.85%,250,85.62%,42,14.38,292,3,1.03%,5,1.71%,271,92.81%,13,4.45%,8,2.74,292
CRIANÇA,0 a < 5 anos,2025,SUL,42,SC,420515,DOUTOR PEDRINHO,3,1.61%,14,7.53%,169,90.86%,17,9.14,186,1,0.54%,5,2.69%,170,91.4%,10,5.38%,6,3.23,186
CRIANÇA,0 a < 5 anos,2025,SUL,42,SC,420517,ENTRE RIOS,11,4.38%,23,9.16%,217,86.45%,34,13.55,251,0,-,3,1.2%,235,93.63%,13,5.18%,3,1.2,251
CRIANÇA,0 a < 5 anos,2025,SUL,42,SC,420519,ERMO,17,10.06%,10,5.92%,142,84.02%,27,15.98,169,7,4.14%,8,4.73%,143,84.62%,11,6.51%,15,8.88,169
CRIANÇA,0 a < 5 anos,2025,SUL,42,SC,420520,ERVAL VELHO,17,6.42%,15,5.66%,233,87.92%,32,12.08,265,0,-,7,2.64%,245,92.45%,13,4.91%,7,2.64,265
CRIANÇA,0 a < 5 anos,2025,SUL,42,SC,420530,FAXINAL DOS GUEDES,34,4.81%,47,6.65%,626,88.54%,81,11.46,707,4,0.57%,22,3.11%,641,90.66%,40,5.66%,26,3.68,707
CRIANÇA,0 a < 5 anos,2025,SUL,42,SC,420535,FLOR DO SERTAO,3,2.52%,3,2.52%,113,94.96%,6,5.04,119,1,0.84%,2,1.68%,112,94.12%,4,3.36%,3,2.52,119
CRIANÇA,0 a < 5 anos,2025,SUL,42,SC,420540,FLORIANOPOLIS,352,3.26%,560,5.18%,9895,91.56%,912,8.44,10807,62,0.57%,187,1.73%,9904,91.64%,654,6.05%,249,2.3,10807
CRIANÇA,0 a < 5 anos,2025,SUL,42,SC,420543,FORMOSA DO SUL,7,4.22%,7,4.22%,152,91.57%,14,8.43,166,1,0.6%,3,1.81%,153,92.17%,9,5.42%,4,2.41,166
CRIANÇA,0 a < 5 anos,2025,SUL,42,SC,420545,FORQUILHINHA,234,10.15%,163,7.07%,1909,82.78%,397,17.22,2306,82,3.56%,73,3.17%,1980,85.86%,171,7.42%,155,6.72,2306
CRIANÇA,0 a < 5 anos,2025,SUL,42,SC,420550,FRAIBURGO,62,3.29%,119,6.31%,1704,90.4%,181,9.6,1885,18,0.95%,44,2.33%,1719,91.19%,104,5.52%,62,3.29,1885
CRIANÇA,0 a < 5 anos,2025,SUL,42,SC,420555,FREI ROGERIO,3,2.63%,8,7.02%,103,90.35%,11,9.65,114,2,1.75%,5,4.39%,106,92.98%,1,0.88%,7,6.14,114
CRIANÇA,0 a < 5 anos,2025,SUL,42,SC,420560,GALVAO,4,3.01%,5,3.76%,124,93.23%,9,6.77,133,1,0.75%,1,0.75%,122,91.73%,9,6.77%,2,1.5,133
CRIANÇA,0 a < 5 anos,2025,SUL,42,SC,420570,GAROPABA,31,2.36%,63,4.8%,1218,92.84%,94,7.16,1312,9,0.69%,30,2.29%,1207,92%,66,5.03%,39,2.97,1312
CRIANÇA,0 a < 5 anos,2025,SUL,42,SC,420580,GARUVA,23,2.51%,40,4.37%,852,93.11%,63,6.89,915,6,0.66%,21,2.3%,801,87.54%,87,9.51%,27,2.95,915
CRIANÇA,0 a < 5 anos,2025,SUL,42,SC,420590,GASPAR,63,2.11%,161,5.39%,2762,92.5%,224,7.5,2986,16,0.54%,49,1.64%,2751,92.13%,170,5.69%,65,2.18,2986
CRIANÇA,0 a < 5 anos,2025,SUL,42,SC,420600,GOVERNADOR CELSO RAMOS,98,12.33%,68,8.55%,629,79.12%,166,20.88,795,7,0.88%,9,1.13%,724,91.07%,55,6.92%,16,2.01,795
CRIANÇA,0 a < 5 anos,2025,SUL,42,SC,420610,GRAO-PARA,12,2.89%,16,3.86%,387,93.25%,28,6.75,415,0,-,4,0.96%,382,92.05%,29,6.99%,4,0.96,415
CRIANÇA,0 a < 5 anos,2025,SUL,42,SC,420620,GRAVATAL,11,2.41%,20,4.39%,425,93.2%,31,6.8,456,1,0.22%,15,3.29%,407,89.25%,33,7.24%,16,3.51,456
CRIANÇA,0 a < 5 anos,2025,SUL,42,SC,420630,GUABIRUBA,14,2.05%,41,6%,628,91.95%,55,8.05,683,2,0.29%,8,1.17%,630,92.24%,43,6.3%,10,1.46,683
CRIANÇA,0 a < 5 anos,2025,SUL,42,SC,420640,GUARACIABA,11,2.43%,13,2.88%,428,94.69%,24,5.31,452,1,0.22%,9,1.99%,411,90.93%,31,6.86%,10,2.21,452
CRIANÇA,0 a < 5 anos,2025,SUL,42,SC,420650,GUARAMIRIM,54,2.19%,124,5.03%,2286,92.78%,178,7.22,2464,13,0.53%,31,1.26%,2255,91.52%,165,6.7%,44,1.79,2464
CRIANÇA,0 a < 5 anos,2025,SUL,42,SC,420660,GUARUJA DO SUL,10,4.59%,6,2.75%,202,92.66%,16,7.34,218,2,0.92%,3,1.38%,205,94.04%,8,3.67%,5,2.29,218
CRIANÇA,0 a < 5 anos,2025,SUL,42,SC,420665,GUATAMBU,16,2.86%,31,5.54%,513,91.61%,47,8.39,560,2,0.36%,12,2.14%,517,92.32%,29,5.18%,14,2.5,560
CRIANÇA,0 a < 5 anos,2025,SUL,42,SC,420670,HERVAL D'OESTE,28,2.62%,61,5.7%,981,91.68%,89,8.32,1070,9,0.84%,17,1.59%,966,90.28%,78,7.29%,26,2.43,1070
CRIANÇA,0 a < 5 anos,2025,SUL,42,SC,420675,IBIAM,8,7.41%,13,12.04%,87,80.56%,21,19.44,108,0,-,3,2.78%,96,88.89%,9,8.33%,3,2.78,108
CRIANÇA,0 a < 5 anos,2025,SUL,42,SC,420680,IBICARE,15,7.85%,10,5.24%,166,86.91%,25,13.09,191,1,0.52%,3,1.57%,177,92.67%,10,5.24%,4,2.09,191
CRIANÇA,0 a < 5 anos,2025,SUL,42,SC,420690,IBIRAMA,24,2.91%,33,4%,769,93.1%,57,6.9,826,8,0.97%,13,1.57%,749,90.68%,56,6.78%,21,2.54,826
CRIANÇA,0 a < 5 anos,2025,SUL,42,SC,420700,ICARA,327,11.09%,237,8.04%,2384,80.87%,564,19.13,2948,136,4.61%,95,3.22%,2556,86.7%,161,5.46%,231,7.84,2948
CRIANÇA,0 a < 5 anos,2025,SUL,42,SC,420710,ILHOTA,55,7.68%,56,7.82%,605,84.5%,111,15.5,716,6,0.84%,8,1.12%,658,91.9%,44,6.15%,14,1.96,716
CRIANÇA,0 a < 5 anos,2025,SUL,42,SC,420720,IMARUI,45,12%,41,10.93%,289,77.07%,86,22.93,375,21,5.6%,14,3.73%,320,85.33%,20,5.33%,35,9.33,375
CRIANÇA,0 a < 5 anos,2025,SUL,42,SC,420730,IMBITUBA,48,4%,97,8.08%,1056,87.93%,145,12.07,1201,6,0.5%,35,2.91%,1090,90.76%,70,5.83%,41,3.41,1201
CRIANÇA,0 a < 5 anos,2025,SUL,42,SC,420740,IMBUIA,9,2.82%,16,5.02%,294,92.16%,25,7.84,319,1,0.31%,5,1.57%,291,91.22%,22,6.9%,6,1.88,319
CRIANÇA,0 a < 5 anos,2025,SUL,42,SC,420750,INDAIAL,78,2.14%,200,5.5%,3361,92.36%,278,7.64,3639,14,0.38%,60,1.65%,3338,91.73%,227,6.24%,74,2.03,3639
CRIANÇA,0 a < 5 anos,2025,SUL,42,SC,420757,IOMERE,4,2.48%,14,8.7%,143,88.82%,18,11.18,161,1,0.62%,3,1.86%,151,93.79%,6,3.73%,4,2.48,161
CRIANÇA,0 a < 5 anos,2025,SUL,42,SC,420760,IPIRA,2,1.54%,8,6.15%,120,92.31%,10,7.69,130,0,-,0,-,122,93.85%,8,6.15%,0,0.0,130
CRIANÇA,0 a < 5 anos,2025,SUL,42,SC,420765,IPORA DO OESTE,0,-,10,3.23%,300,96.77%,10,3.23,310,1,0.32%,6,1.94%,280,90.32%,23,7.42%,7,2.26,310
CRIANÇA,0 a < 5 anos,2025,SUL,42,SC,420768,IPUACU,35,9.8%,57,15.97%,265,74.23%,92,25.77,357,6,1.68%,13,3.64%,325,91.04%,13,3.64%,19,5.32,357
CRIANÇA,0 a < 5 anos,2025,SUL,42,SC,420770,IPUMIRIM,0,-,18,6.55%,257,93.45%,18,6.55,275,0,-,2,0.73%,252,91.64%,21,7.64%,2,0.73,275
CRIANÇA,0 a < 5 anos,2025,SUL,42,SC,420775,IRACEMINHA,1,0.47%,8,3.79%,202,95.73%,9,4.27,211,1,0.47%,2,0.95%,198,93.84%,10,4.74%,3,1.42,211
CRIANÇA,0 a < 5 anos,2025,SUL,42,SC,420780,IRANI,6,3.59%,12,7.19%,149,89.22%,18,10.78,167,0,-,3,1.8%,146,87.43%,18,10.78%,3,1.8,167
CRIANÇA,0 a < 5 anos,2025,SUL,42,SC,420785,IRATI,1,0.82%,2,1.64%,119,97.54%,3,2.46,122,0,-,2,1.64%,113,92.62%,7,5.74%,2,1.64,122
CRIANÇA,0 a < 5 anos,2025,SUL,42,SC,420790,IRINEOPOLIS,16,2.46%,31,4.77%,603,92.77%,47,7.23,650,6,0.92%,9,1.38%,581,89.38%,54,8.31%,15,2.31,650
CRIANÇA,0 a < 5 anos,2025,SUL,42,SC,420800,ITA,10,2.37%,24,5.69%,388,91.94%,34,8.06,422,6,1.42%,3,0.71%,384,91%,29,6.87%,9,2.13,422
CRIANÇA,0 a < 5 anos,2025,SUL,42,SC,420810,ITAIOPOLIS,24,2.07%,31,2.67%,1107,95.27%,55,4.73,1162,4,0.34%,14,1.2%,1058,91.05%,86,7.4%,18,1.55,1162
CRIANÇA,0 a < 5 anos,2025,SUL,42,SC,420820,ITAJAI,100,2.67%,160,4.26%,3492,93.07%,260,6.93,3752,25,0.67%,68,1.81%,3377,89.98%,283,7.54%,93,2.48,3753
CRIANÇA,0 a < 5 anos,2025,SUL,42,SC,420830,ITAPEMA,86,2.38%,206,5.71%,3317,91.91%,292,8.09,3609,11,0.3%,57,1.58%,3244,89.89%,297,8.23%,68,1.88,3609
CRIANÇA,0 a < 5 anos,2025,SUL,42,SC,420840,ITAPIRANGA,114,13.21%,44,5.1%,705,81.69%,158,18.31,863,5,0.58%,7,0.81%,786,91.08%,65,7.53%,12,1.39,863
CRIANÇA,0 a < 5 anos,2025,SUL,42,SC,420845,ITAPOA,42,3.14%,62,4.63%,1234,92.23%,104,7.77,1338,15,1.12%,30,2.24%,1163,86.92%,130,9.72%,45,3.36,1338
CRIANÇA,0 a < 5 anos,2025,SUL,42,SC,420850,ITUPORANGA,24,2.72%,48,5.44%,810,91.84%,72,8.16,882,6,0.68%,7,0.79%,791,89.68%,78,8.84%,13,1.47,882
CRIANÇA,0 a < 5 anos,2025,SUL,42,SC,420860,JABORA,25,8.77%,22,7.72%,238,83.51%,47,16.49,285,6,2.11%,10,3.51%,256,89.82%,13,4.56%,16,5.61,285
CRIANÇA,0 a < 5 anos,2025,SUL,42,SC,420870,JACINTO MACHADO,8,1.83%,18,4.13%,410,94.04%,26,5.96,436,1,0.23%,5,1.15%,397,91.06%,33,7.57%,6,1.38,436
CRIANÇA,0 a < 5 anos,2025,SUL,42,SC,420880,JAGUARUNA,133,12.43%,79,7.38%,858,80.19%,212,19.81,1070,41,3.83%,49,4.58%,888,82.99%,92,8.6%,90,8.41,1070
CRIANÇA,0 a < 5 anos,2025,SUL,42,SC,420890,JARAGUA DO SUL,136,1.97%,291,4.22%,6465,93.8%,427,6.2,6892,54,0.78%,91,1.32%,6299,91.4%,448,6.5%,145,2.1,6892
CRIANÇA,0 a < 5 anos,2025,SUL,42,SC,420895,JARDINOPOLIS,3,4.17%,2,2.78%,67,93.06%,5,6.94,72,0,-,1,1.39%,66,91.67%,5,6.94%,1,1.39,72
CRIANÇA,0 a < 5 anos,2025,SUL,42,SC,420900,JOACABA,86,8.41%,93,9.1%,843,82.49%,179,17.51,1022,8,0.78%,27,2.64%,927,90.7%,60,5.87%,35,3.42,1022
CRIANÇA,0 a < 5 anos,2025,SUL,42,SC,420910,JOINVILLE,440,2.12%,1047,5.04%,19277,92.84%,1487,7.16,20764,106,0.51%,398,1.92%,19022,91.61%,1238,5.96%,504,2.43,20764
CRIANÇA,0 a < 5 anos,2025,SUL,42,SC,420915,JOSE BOITEUX,13,3.71%,19,5.43%,318,90.86%,32,9.14,350,6,1.71%,7,2%,321,91.71%,16,4.57%,13,3.71,350
CRIANÇA,0 a < 5 anos,2025,SUL,42,SC,420917,JUPIA,27,23.28%,10,8.62%,79,68.1%,37,31.9,116,3,2.59%,2,1.72%,100,86.21%,11,9.48%,5,4.31,116
CRIANÇA,0 a < 5 anos,2025,SUL,42,SC,420920,LACERDOPOLIS,1,0.89%,6,5.36%,105,93.75%,7,6.25,112,0,-,3,2.68%,96,85.71%,13,11.61%,3,2.68,112
CRIANÇA,0 a < 5 anos,2025,SUL,42,SC,420930,LAGES,138,5.48%,164,6.52%,2214,88%,302,12.0,2516,32,1.27%,64,2.54%,2208,87.76%,212,8.43%,96,3.82,2516
CRIANÇA,0 a < 5 anos,2025,SUL,42,SC,420940,LAGUNA,39,3.88%,63,6.26%,904,89.86%,102,10.14,1006,2,0.2%,14,1.39%,899,89.36%,91,9.05%,16,1.59,1006
CRIANÇA,0 a < 5 anos,2025,SUL,42,SC,420945,LAJEADO GRANDE,21,18.42%,9,7.89%,84,73.68%,30,26.32,114,0,-,5,4.39%,97,85.09%,12,10.53%,5,4.39,114
CRIANÇA,0 a < 5 anos,2025,SUL,42,SC,420950,LAURENTINO,5,1.74%,19,6.62%,263,91.64%,24,8.36,287,1,0.35%,3,1.05%,265,92.33%,18,6.27%,4,1.39,287
CRIANÇA,0 a < 5 anos,2025,SUL,42,SC,420960,LAURO MULLER,74,10.45%,62,8.76%,572,80.79%,136,19.21,708,37,5.23%,25,3.53%,601,84.89%,45,6.36%,62,8.76,708
CRIANÇA,0 a < 5 anos,2025,SUL,42,SC,420970,LEBON REGIS,13,2.04%,36,5.65%,588,92.31%,49,7.69,637,3,0.47%,15,2.35%,581,91.21%,38,5.97%,18,2.83,637
CRIANÇA,0 a < 5 anos,2025,SUL,42,SC,420980,LEOBERTO LEAL,4,2.21%,8,4.42%,169,93.37%,12,6.63,181,0,-,7,3.87%,163,90.06%,11,6.08%,7,3.87,181
CRIANÇA,0 a < 5 anos,2025,SUL,42,SC,420985,LINDOIA DO SUL,3,1.48%,2,0.99%,198,97.54%,5,2.46,203,0,-,5,2.46%,179,88.18%,19,9.36%,5,2.46,203
CRIANÇA,0 a < 5 anos,2025,SUL,42,SC,420990,LONTRAS,15,2.56%,37,6.31%,534,91.13%,52,8.87,586,2,0.34%,9,1.54%,553,94.37%,22,3.75%,11,1.88,586
CRIANÇA,0 a < 5 anos,2025,SUL,42,SC,421000,LUIZ ALVES,123,13.76%,75,8.39%,696,77.85%,198,22.15,894,55,6.15%,35,3.91%,765,85.57%,39,4.36%,90,10.07,894
CRIANÇA,0 a < 5 anos,2025,SUL,42,SC,421003,LUZERNA,7,2.22%,11,3.49%,297,94.29%,18,5.71,315,2,0.63%,6,1.9%,295,93.65%,12,3.81%,8,2.54,315
CRIANÇA,0 a < 5 anos,2025,SUL,42,SC,421005,MACIEIRA,3,2.7%,4,3.6%,104,93.69%,7,6.31,111,0,-,1,0.9%,100,90.09%,10,9.01%,1,0.9,111
CRIANÇA,0 a < 5 anos,2025,SUL,42,SC,421010,MAFRA,106,4.53%,166,7.1%,2067,88.37%,272,11.63,2339,29,1.24%,65,2.78%,2114,90.38%,131,5.6%,94,4.02,2339
CRIANÇA,0 a < 5 anos,2025,SUL,42,SC,421020,MAJOR GERCINO,7,4.61%,16,10.53%,129,84.87%,23,15.13,152,2,1.32%,1,0.66%,140,92.11%,9,5.92%,3,1.97,152
CRIANÇA,0 a < 5 anos,2025,SUL,42,SC,421030,MAJOR VIEIRA,7,1.58%,15,3.39%,420,95.02%,22,4.98,442,2,0.45%,5,1.13%,408,92.31%,27,6.11%,7,1.58,442
CRIANÇA,0 a < 5 anos,2025,SUL,42,SC,421040,MARACAJA,21,7.37%,10,3.51%,254,89.12%,31,10.88,285,4,1.4%,2,0.7%,257,90.18%,22,7.72%,6,2.11,285
CRIANÇA,0 a < 5 anos,2025,SUL,42,SC,421050,MARAVILHA,33,2.29%,60,4.17%,1347,93.54%,93,6.46,1440,2,0.14%,9,0.63%,1337,92.85%,92,6.39%,11,0.76,1440
CRIANÇA,0 a < 5 anos,2025,SUL,42,SC,421055,MAREMA,5,4.63%,3,2.78%,100,92.59%,8,7.41,108,3,2.78%,2,1.85%,87,80.56%,16,14.81%,5,4.63,108
CRIANÇA,0 a < 5 anos,2025,SUL,42,SC,421060,MASSARANDUBA,22,2.93%,31,4.13%,698,92.94%,53,7.06,751,2,0.27%,9,1.2%,677,90.15%,63,8.39%,11,1.46,751
CRIANÇA,0 a < 5 anos,2025,SUL,42,SC,421070,MATOS COSTA,10,5.62%,16,8.99%,152,85.39%,26,14.61,178,2,1.12%,8,4.49%,161,90.45%,7,3.93%,10,5.62,178
CRIANÇA,0 a < 5 anos,2025,SUL,42,SC,421080,MELEIRO,3,1.52%,9,4.55%,186,93.94%,12,6.06,198,1,0.51%,3,1.52%,180,90.91%,14,7.07%,4,2.02,198
CRIANÇA,0 a < 5 anos,2025,SUL,42,SC,421085,MIRIM DOCE,2,1.39%,6,4.17%,136,94.44%,8,5.56,144,0,-,4,2.78%,126,87.5%,14,9.72%,4,2.78,144
CRIANÇA,0 a < 5 anos,2025,SUL,42,SC,421090,MODELO,6,2.46%,15,6.15%,223,91.39%,21,8.61,244,2,0.82%,1,0.41%,226,92.62%,15,6.15%,3,1.23,244
CRIANÇA,0 a < 5 anos,2025,SUL,42,SC,421100,MONDAI,4,0.87%,8,1.73%,450,97.4%,12,2.6,462,2,0.43%,3,0.65%,425,91.99%,32,6.93%,5,1.08,462
CRIANÇA,0 a < 5 anos,2025,SUL,42,SC,421105,MONTE CARLO,19,3.49%,43,7.89%,483,88.62%,62,11.38,545,2,0.37%,16,2.94%,494,90.64%,33,6.06%,18,3.3,545
CRIANÇA,0 a < 5 anos,2025,SUL,42,SC,421110,MONTE CASTELO,18,4.51%,22,5.51%,359,89.97%,40,10.03,399,3,0.75%,6,1.5%,349,87.47%,41,10.28%,9,2.26,399
CRIANÇA,0 a < 5 anos,2025,SUL,42,SC,421120,MORRO DA FUMACA,83,8.65%,87,9.07%,789,82.27%,170,17.73,959,32,3.34%,23,2.4%,847,88.32%,57,5.94%,55,5.74,959
CRIANÇA,0 a < 5 anos,2025,SUL,42,SC,421125,MORRO GRANDE,3,2.59%,8,6.9%,105,90.52%,11,9.48,116,1,0.86%,5,4.31%,100,86.21%,10,8.62%,6,5.17,116
CRIANÇA,0 a < 5 anos,2025,SUL,42,SC,421130,NAVEGANTES,210,3.77%,332,5.96%,5029,90.27%,542,9.73,5571,47,0.84%,94,1.69%,5040,90.47%,390,7%,141,2.53,5571
CRIANÇA,0 a < 5 anos,2025,SUL,42,SC,421140,NOVA ERECHIM,21,5.66%,15,4.04%,335,90.3%,36,9.7,371,2,0.54%,3,0.81%,341,91.91%,25,6.74%,5,1.35,371
CRIANÇA,0 a < 5 anos,2025,SUL,42,SC,421145,NOVA ITABERABA,10,3.92%,26,10.2%,219,85.88%,36,14.12,255,2,0.78%,4,1.57%,234,91.76%,15,5.88%,6,2.35,255
CRIANÇA,0 a < 5 anos,2025,SUL,42,SC,421150,NOVA TRENTO,11,1.9%,21,3.63%,546,94.46%,32,5.54,578,4,0.69%,10,1.73%,524,90.66%,40,6.92%,14,2.42,578
CRIANÇA,0 a < 5 anos,2025,SUL,42,SC,421160,NOVA VENEZA,76,10.22%,66,8.87%,602,80.91%,142,19.09,744,31,4.17%,35,4.7%,627,84.27%,51,6.85%,66,8.87,744
CRIANÇA,0 a < 5 anos,2025,SUL,42,SC,421165,NOVO HORIZONTE,4,3.51%,4,3.51%,106,92.98%,8,7.02,114,1,0.88%,2,1.75%,108,94.74%,3,2.63%,3,2.63,114
CRIANÇA,0 a < 5 anos,2025,SUL,42,SC,421170,ORLEANS,15,2.08%,28,3.88%,679,94.04%,43,5.96,722,4,0.55%,11,1.52%,651,90.17%,56,7.76%,15,2.08,722
CRIANÇA,0 a < 5 anos,2025,SUL,42,SC,421175,OTACILIO COSTA,11,1.54%,44,6.17%,658,92.29%,55,7.71,713,0,-,13,1.82%,656,92.01%,44,6.17%,13,1.82,713
CRIANÇA,0 a < 5 anos,2025,SUL,42,SC,421180,OURO,10,2.95%,26,7.67%,303,89.38%,36,10.62,339,3,0.88%,6,1.77%,306,90.27%,24,7.08%,9,2.65,339
CRIANÇA,0 a < 5 anos,2025,SUL,42,SC,421185,OURO VERDE,6,3.95%,9,5.92%,137,90.13%,15,9.87,152,0,-,2,1.32%,131,86.18%,19,12.5%,2,1.32,152
CRIANÇA,0 a < 5 anos,2025,SUL,42,SC,421187,PAIAL,9,13.24%,5,7.35%,54,79.41%,14,20.59,68,0,-,0,-,63,92.65%,5,7.35%,0,0.0,68
CRIANÇA,0 a < 5 anos,2025,SUL,42,SC,421189,PAINEL,1,0.71%,9,6.43%,130,92.86%,10,7.14,140,1,0.71%,5,3.57%,126,90%,8,5.71%,6,4.29,140
CRIANÇA,0 a < 5 anos,2025,SUL,42,SC,421190,PALHOCA,114,2.9%,204,5.18%,3618,91.92%,318,8.08,3936,40,1.02%,88,2.24%,3525,89.56%,283,7.19%,128,3.25,3936
CRIANÇA,0 a < 5 anos,2025,SUL,42,SC,421200,PALMA SOLA,6,1.36%,16,3.64%,418,95%,22,5.0,440,3,0.68%,7,1.59%,406,92.27%,24,5.45%,10,2.27,440
CRIANÇA,0 a < 5 anos,2025,SUL,42,SC,421205,PALMEIRA,4,2.22%,6,3.33%,170,94.44%,10,5.56,180,0,-,5,2.78%,162,90%,13,7.22%,5,2.78,180
CRIANÇA,0 a < 5 anos,2025,SUL,42,SC,421210,PALMITOS,7,1.5%,19,4.07%,441,94.43%,26,5.57,467,2,0.43%,5,1.07%,425,91.01%,35,7.49%,7,1.5,467
CRIANÇA,0 a < 5 anos,2025,SUL,42,SC,421220,PAPANDUVA,16,1.73%,33,3.57%,876,94.7%,49,5.3,925,4,0.43%,13,1.41%,831,89.84%,77,8.32%,17,1.84,925
CRIANÇA,0 a < 5 anos,2025,SUL,42,SC,421223,PARAISO,3,1.82%,11,6.67%,151,91.52%,14,8.48,165,1,0.61%,4,2.42%,151,91.52%,9,5.45%,5,3.03,165
CRIANÇA,0 a < 5 anos,2025,SUL,42,SC,421225,PASSO DE TORRES,49,17.82%,23,8.36%,203,73.82%,72,26.18,275,0,-,4,1.45%,231,84%,40,14.55%,4,1.45,275
CRIANÇA,0 a < 5 anos,2025,SUL,42,SC,421227,PASSOS MAIA,10,3.65%,20,7.3%,244,89.05%,30,10.95,274,0,-,7,2.55%,250,91.24%,17,6.2%,7,2.55,274
CRIANÇA,0 a < 5 anos,2025,SUL,42,SC,421230,PAULO LOPES,43,7.75%,58,10.45%,454,81.8%,101,18.2,555,2,0.36%,8,1.44%,517,93.15%,28,5.05%,10,1.8,555
CRIANÇA,0 a < 5 anos,2025,SUL,42,SC,421240,PEDRAS GRANDES,4,1.93%,9,4.35%,194,93.72%,13,6.28,207,0,-,2,0.97%,188,90.82%,17,8.21%,2,0.97,207
CRIANÇA,0 a < 5 anos,2025,SUL,42,SC,421250,PENHA,190,9.5%,164,8.2%,1646,82.3%,354,17.7,2000,53,2.65%,64,3.2%,1782,89.1%,101,5.05%,117,5.85,2000
CRIANÇA,0 a < 5 anos,2025,SUL,42,SC,421260,PERITIBA,1,0.51%,6,3.06%,189,96.43%,7,3.57,196,0,-,4,2.04%,181,92.35%,11,5.61%,4,2.04,196
CRIANÇA,0 a < 5 anos,2025,SUL,42,SC,421265,PESCARIA BRAVA,21,5.05%,33,7.93%,362,87.02%,54,12.98,416,0,-,11,2.64%,375,90.14%,30,7.21%,11,2.64,416
CRIANÇA,0 a < 5 anos,2025,SUL,42,SC,421270,PETROLANDIA,10,2.64%,13,3.43%,356,93.93%,23,6.07,379,0,-,5,1.32%,345,91.03%,29,7.65%,5,1.32,379
CRIANÇA,0 a < 5 anos,2025,SUL,42,SC,421280,BALNEARIO PICARRAS,187,8.46%,223,10.09%,1801,81.46%,410,18.54,2211,75,3.39%,88,3.98%,1956,88.47%,92,4.16%,163,7.37,2211
CRIANÇA,0 a < 5 anos,2025,SUL,42,SC,421290,PINHALZINHO,14,1.12%,34,2.72%,1200,96.15%,48,3.85,1248,2,0.16%,11,0.88%,1174,94.07%,61,4.89%,13,1.04,1248
CRIANÇA,0 a < 5 anos,2025,SUL,42,SC,421300,PINHEIRO PRETO,27,11.3%,32,13.39%,180,75.31%,59,24.69,239,6,2.51%,2,0.84%,223,93.31%,8,3.35%,8,3.35,239
CRIANÇA,0 a < 5 anos,2025,SUL,42,SC,421310,PIRATUBA,1,3.85%,0,-,25,96.15%,1,3.85,26,0,-,0,-,24,92.31%,2,7.69%,0,0.0,26
CRIANÇA,0 a < 5 anos,2025,SUL,42,SC,421315,PLANALTO ALEGRE,4,3.33%,4,3.33%,112,93.33%,8,6.67,120,0,-,1,0.83%,111,92.5%,8,6.67%,1,0.83,120
CRIANÇA,0 a < 5 anos,2025,SUL,42,SC,421320,POMERODE,15,1.23%,47,3.86%,1157,94.91%,62,5.09,1219,5,0.41%,14,1.15%,1120,91.88%,80,6.56%,19,1.56,1219
CRIANÇA,0 a < 5 anos,2025,SUL,42,SC,421330,PONTE ALTA,11,3.99%,8,2.9%,257,93.12%,19,6.88,276,2,0.72%,5,1.81%,246,89.13%,23,8.33%,7,2.54,276
CRIANÇA,0 a < 5 anos,2025,SUL,42,SC,421335,PONTE ALTA DO NORTE,5,2.14%,13,5.56%,216,92.31%,18,7.69,234,0,-,6,2.56%,218,93.16%,10,4.27%,6,2.56,234
CRIANÇA,0 a < 5 anos,2025,SUL,42,SC,421340,PONTE SERRADA,82,12.46%,76,11.55%,500,75.99%,158,24.01,658,7,1.06%,25,3.8%,584,88.75%,42,6.38%,32,4.86,658
CRIANÇA,0 a < 5 anos,2025,SUL,42,SC,421350,PORTO BELO,79,4.77%,125,7.55%,1451,87.67%,204,12.33,1655,26,1.57%,46,2.78%,1480,89.43%,103,6.22%,72,4.35,1655
CRIANÇA,0 a < 5 anos,2025,SUL,42,SC,421360,PORTO UNIAO,36,2.67%,88,6.53%,1224,90.8%,124,9.2,1348,9,0.67%,28,2.08%,1235,91.62%,76,5.64%,37,2.74,1348
CRIANÇA,0 a < 5 anos,2025,SUL,42,SC,421370,POUSO REDONDO,25,3.13%,41,5.14%,732,91.73%,66,8.27,798,5,0.63%,15,1.88%,711,89.1%,67,8.4%,20,2.51,798
CRIANÇA,0 a < 5 anos,2025,SUL,42,SC,421380,PRAIA GRANDE,13,7.14%,18,9.89%,151,82.97%,31,17.03,182,2,1.1%,4,2.2%,151,82.97%,25,13.74%,6,3.3,182
CRIANÇA,0 a < 5 anos,2025,SUL,42,SC,421390,PRESIDENTE CASTELLO BRANCO,3,3.13%,6,6.25%,87,90.63%,9,9.38,96,1,1.04%,3,3.13%,83,86.46%,9,9.38%,4,4.17,96
CRIANÇA,0 a < 5 anos,2025,SUL,42,SC,421400,PRESIDENTE GETULIO,14,1.49%,38,4.03%,890,94.48%,52,5.52,942,3,0.32%,13,1.38%,870,92.36%,56,5.94%,16,1.7,942
CRIANÇA,0 a < 5 anos,2025,SUL,42,SC,421410,PRESIDENTE NEREU,0,-,3,2.38%,123,97.62%,3,2.38,126,0,-,0,-,116,92.06%,10,7.94%,0,0.0,126
CRIANÇA,0 a < 5 anos,2025,SUL,42,SC,421415,PRINCESA,1,0.66%,11,7.28%,139,92.05%,12,7.95,151,0,-,4,2.65%,134,88.74%,13,8.61%,4,2.65,151
CRIANÇA,0 a < 5 anos,2025,SUL,42,SC,421420,QUILOMBO,16,3.49%,33,7.21%,409,89.3%,49,10.7,458,2,0.44%,14,3.06%,410,89.52%,32,6.99%,16,3.49,458
CRIANÇA,0 a < 5 anos,2025,SUL,42,SC,421430,RANCHO QUEIMADO,2,1.57%,4,3.15%,121,95.28%,6,4.72,127,1,0.79%,4,3.15%,115,90.55%,7,5.51%,5,3.94,127
CRIANÇA,0 a < 5 anos,2025,SUL,42,SC,421440,RIO DAS ANTAS,5,4.42%,3,2.65%,105,92.92%,8,7.08,113,0,-,6,5.31%,100,88.5%,7,6.19%,6,5.31,113
CRIANÇA,0 a < 5 anos,2025,SUL,42,SC,421450,RIO DO CAMPO,11,3.04%,21,5.8%,330,91.16%,32,8.84,362,0,-,2,0.55%,328,90.61%,32,8.84%,2,0.55,362
CRIANÇA,0 a < 5 anos,2025,SUL,42,SC,421460,RIO DO OESTE,10,2.54%,23,5.84%,361,91.62%,33,8.38,394,6,1.52%,10,2.54%,359,91.12%,19,4.82%,16,4.06,394
CRIANÇA,0 a < 5 anos,2025,SUL,42,SC,421470,RIO DOS CEDROS,10,2.33%,19,4.43%,400,93.24%,29,6.76,429,0,-,8,1.86%,393,91.61%,28,6.53%,8,1.86,429
CRIANÇA,0 a < 5 anos,2025,SUL,42,SC,421480,RIO DO SUL,44,2.08%,110,5.2%,1962,92.72%,154,7.28,2116,14,0.66%,32,1.51%,1951,92.2%,119,5.62%,46,2.17,2116
CRIANÇA,0 a < 5 anos,2025,SUL,42,SC,421490,RIO FORTUNA,7,2.47%,13,4.59%,263,92.93%,20,7.07,283,0,-,5,1.77%,261,92.23%,17,6.01%,5,1.77,283
CRIANÇA,0 a < 5 anos,2025,SUL,42,SC,421500,RIO NEGRINHO,39,1.97%,80,4.05%,1857,93.98%,119,6.02,1976,19,0.96%,34,1.72%,1820,92.11%,103,5.21%,53,2.68,1976
CRIANÇA,0 a < 5 anos,2025,SUL,42,SC,421505,RIO RUFINO,3,4.62%,5,7.69%,57,87.69%,8,12.31,65,0,-,2,3.08%,61,93.85%,2,3.08%,2,3.08,65
CRIANÇA,0 a < 5 anos,2025,SUL,42,SC,421507,RIQUEZA,5,1.81%,6,2.17%,265,96.01%,11,3.99,276,1,0.36%,6,2.17%,253,91.67%,16,5.8%,7,2.54,276
CRIANÇA,0 a < 5 anos,2025,SUL,42,SC,421510,RODEIO,9,1.5%,14,2.33%,577,96.17%,23,3.83,600,3,0.5%,3,0.5%,563,93.83%,31,5.17%,6,1.0,600
CRIANÇA,0 a < 5 anos,2025,SUL,42,SC,421520,ROMELANDIA,24,11.21%,21,9.81%,169,78.97%,45,21.03,214,1,0.47%,8,3.74%,188,87.85%,17,7.94%,9,4.21,214
CRIANÇA,0 a < 5 anos,2025,SUL,42,SC,421530,SALETE,8,1.98%,12,2.96%,385,95.06%,20,4.94,405,2,0.49%,8,1.98%,364,89.88%,31,7.65%,10,2.47,405
CRIANÇA,0 a < 5 anos,2025,SUL,42,SC,421535,SALTINHO,2,0.83%,14,5.79%,226,93.39%,16,6.61,242,2,0.83%,3,1.24%,227,93.8%,10,4.13%,5,2.07,242
CRIANÇA,0 a < 5 anos,2025,SUL,42,SC,421540,SALTO VELOSO,3,1.19%,11,4.35%,239,94.47%,14,5.53,253,1,0.4%,2,0.79%,232,91.7%,18,7.11%,3,1.19,253
CRIANÇA,0 a < 5 anos,2025,SUL,42,SC,421545,SANGAO,116,13.23%,100,11.4%,661,75.37%,216,24.63,877,43,4.9%,38,4.33%,747,85.18%,49,5.59%,81,9.24,877
CRIANÇA,0 a < 5 anos,2025,SUL,42,SC,421550,SANTA CECILIA,27,5.93%,41,9.01%,387,85.05%,68,14.95,455,3,0.66%,13,2.86%,413,90.77%,26,5.71%,16,3.52,455
CRIANÇA,0 a < 5 anos,2025,SUL,42,SC,421555,SANTA HELENA,3,2.54%,6,5.08%,109,92.37%,9,7.63,118,0,-,2,1.69%,106,89.83%,10,8.47%,2,1.69,118
CRIANÇA,0 a < 5 anos,2025,SUL,42,SC,421560,SANTA ROSA DE LIMA,0,-,6,4.23%,136,95.77%,6,4.23,142,0,-,2,1.41%,129,90.85%,11,7.75%,2,1.41,142
CRIANÇA,0 a < 5 anos,2025,SUL,42,SC,421565,SANTA ROSA DO SUL,44,6.8%,41,6.34%,562,86.86%,85,13.14,647,9,1.39%,16,2.47%,578,89.34%,44,6.8%,25,3.86,647
CRIANÇA,0 a < 5 anos,2025,SUL,42,SC,421567,SANTA TEREZINHA,7,3%,10,4.29%,216,92.7%,17,7.3,233,2,0.86%,5,2.15%,205,87.98%,21,9.01%,7,3.0,233
CRIANÇA,0 a < 5 anos,2025,SUL,42,SC,421568,SANTA TEREZINHA DO PROGRESSO,0,-,6,4.05%,142,95.95%,6,4.05,148,0,-,0,-,143,96.62%,5,3.38%,0,0.0,148
CRIANÇA,0 a < 5 anos,2025,SUL,42,SC,421569,SANTIAGO DO SUL,2,2.86%,0,-,68,97.14%,2,2.86,70,0,-,0,-,65,92.86%,5,7.14%,0,0.0,70
CRIANÇA,0 a < 5 anos,2025,SUL,42,SC,421570,SANTO AMARO DA IMPERATRIZ,29,2.21%,47,3.58%,1238,94.22%,76,5.78,1314,6,0.46%,15,1.14%,1188,90.41%,105,7.99%,21,1.6,1314
CRIANÇA,0 a < 5 anos,2025,SUL,42,SC,421575,SAO BERNARDINO,1,0.56%,13,7.22%,166,92.22%,14,7.78,180,0,-,5,2.78%,165,91.67%,10,5.56%,5,2.78,180
CRIANÇA,0 a < 5 anos,2025,SUL,42,SC,421580,SAO BENTO DO SUL,109,3.14%,206,5.93%,3157,90.93%,315,9.07,3472,33,0.95%,60,1.73%,3203,92.25%,176,5.07%,93,2.68,3472
CRIANÇA,0 a < 5 anos,2025,SUL,42,SC,421590,SAO BONIFACIO,24,13.71%,15,8.57%,136,77.71%,39,22.29,175,9,5.14%,8,4.57%,144,82.29%,14,8%,17,9.71,175
CRIANÇA,0 a < 5 anos,2025,SUL,42,SC,421600,SAO CARLOS,6,1.23%,33,6.75%,450,92.02%,39,7.98,489,3,0.61%,6,1.23%,441,90.18%,39,7.98%,9,1.84,489
CRIANÇA,0 a < 5 anos,2025,SUL,42,SC,421605,SAO CRISTOVAO DO SUL,12,3.63%,35,10.57%,284,85.8%,47,14.2,331,0,-,11,3.32%,304,91.84%,16,4.83%,11,3.32,331
CRIANÇA,0 a < 5 anos,2025,SUL,42,SC,421610,SAO DOMINGOS,12,4.62%,14,5.38%,234,90%,26,10.0,260,2,0.77%,4,1.54%,236,90.77%,18,6.92%,6,2.31,260
CRIANÇA,0 a < 5 anos,2025,SUL,42,SC,421620,SAO FRANCISCO DO SUL,43,2.56%,74,4.41%,1560,93.02%,117,6.98,1677,12,0.72%,23,1.37%,1511,90.1%,131,7.81%,35,2.09,1677
CRIANÇA,0 a < 5 anos,2025,SUL,42,SC,421625,SAO JOAO DO OESTE,3,1.17%,0,-,253,98.83%,3,1.17,256,0,-,1,0.39%,234,91.41%,21,8.2%,1,0.39,256
CRIANÇA,0 a < 5 anos,2025,SUL,42,SC,421630,SAO JOAO BATISTA,50,3.2%,79,5.06%,1432,91.74%,129,8.26,1561,12,0.77%,23,1.47%,1429,91.54%,97,6.21%,35,2.24,1561
CRIANÇA,0 a < 5 anos,2025,SUL,42,SC,421635,SAO JOAO DO ITAPERIU,12,2.88%,15,3.61%,389,93.51%,27,6.49,416,2,0.48%,2,0.48%,383,92.07%,29,6.97%,4,0.96,416
CRIANÇA,0 a < 5 anos,2025,SUL,42,SC,421640,SAO JOAO DO SUL,8,1.98%,11,2.72%,385,95.3%,19,4.7,404,7,1.73%,4,0.99%,363,89.85%,30,7.43%,11,2.72,404
CRIANÇA,0 a < 5 anos,2025,SUL,42,SC,421650,SAO JOAQUIM,27,3.34%,39,4.83%,742,91.83%,66,8.17,808,5,0.62%,11,1.36%,728,90.1%,64,7.92%,16,1.98,808
CRIANÇA,0 a < 5 anos,2025,SUL,42,SC,421660,SAO JOSE,295,2.8%,498,4.72%,9752,92.48%,793,7.52,10545,56,0.53%,154,1.46%,9663,91.64%,672,6.37%,210,1.99,10545
CRIANÇA,0 a < 5 anos,2025,SUL,42,SC,421670,SAO JOSE DO CEDRO,11,1.83%,27,4.5%,562,93.67%,38,6.33,600,3,0.5%,6,1%,545,90.83%,46,7.67%,9,1.5,600
CRIANÇA,0 a < 5 anos,2025,SUL,42,SC,421680,SAO JOSE DO CERRITO,39,10.05%,33,8.51%,316,81.44%,72,18.56,388,0,-,6,1.55%,281,72.42%,101,26.03%,6,1.55,388
CRIANÇA,0 a < 5 anos,2025,SUL,42,SC,421690,SAO LOURENCO DO OESTE,44,4.92%,52,5.81%,799,89.27%,96,10.73,895,3,0.34%,12,1.34%,819,91.51%,61,6.82%,15,1.68,895
CRIANÇA,0 a < 5 anos,2025,SUL,42,SC,421700,SAO LUDGERO,78,7.49%,83,7.97%,880,84.53%,161,15.47,1041,23,2.21%,9,0.86%,945,90.78%,64,6.15%,32,3.07,1041
CRIANÇA,0 a < 5 anos,2025,SUL,42,SC,421710,SAO MARTINHO,3,1.37%,3,1.37%,213,97.26%,6,2.74,219,0,-,1,0.46%,204,93.15%,14,6.39%,1,0.46,219
CRIANÇA,0 a < 5 anos,2025,SUL,42,SC,421715,SAO MIGUEL DA BOA VISTA,0,-,4,3.25%,119,96.75%,4,3.25,123,0,-,0,-,113,91.87%,10,8.13%,0,0.0,123
CRIANÇA,0 a < 5 anos,2025,SUL,42,SC,421720,SAO MIGUEL DO OESTE,79,4.3%,133,7.23%,1627,88.47%,212,11.53,1839,32,1.74%,55,2.99%,1641,89.23%,111,6.04%,87,4.73,1839
CRIANÇA,0 a < 5 anos,2025,SUL,42,SC,421725,SAO PEDRO DE ALCANTARA,16,9.09%,9,5.11%,151,85.8%,25,14.2,176,0,-,0,-,170,96.59%,6,3.41%,0,0.0,176
CRIANÇA,0 a < 5 anos,2025,SUL,42,SC,421730,SAUDADES,4,0.65%,26,4.19%,590,95.16%,30,4.84,620,0,-,5,0.81%,572,92.26%,43,6.94%,5,0.81,620
CRIANÇA,0 a < 5 anos,2025,SUL,42,SC,421740,SCHROEDER,17,1.96%,36,4.15%,815,93.89%,53,6.11,868,7,0.81%,12,1.38%,779,89.75%,70,8.06%,19,2.19,868
CRIANÇA,0 a < 5 anos,2025,SUL,42,SC,421750,SEARA,7,0.8%,16,1.84%,848,97.36%,23,2.64,871,6,0.69%,6,0.69%,799,91.73%,60,6.89%,12,1.38,871
CRIANÇA,0 a < 5 anos,2025,SUL,42,SC,421755,SERRA ALTA,1,0.44%,6,2.67%,218,96.89%,7,3.11,225,0,-,1,0.44%,208,92.44%,16,7.11%,1,0.44,225
CRIANÇA,0 a < 5 anos,2025,SUL,42,SC,421760,SIDEROPOLIS,10,1.75%,20,3.5%,541,94.75%,30,5.25,571,1,0.18%,10,1.75%,511,89.49%,49,8.58%,11,1.93,571
CRIANÇA,0 a < 5 anos,2025,SUL,42,SC,421770,SOMBRIO,221,14.44%,151,9.87%,1158,75.69%,372,24.31,1530,91,5.95%,80,5.23%,1262,82.48%,97,6.34%,171,11.18,1530
CRIANÇA,0 a < 5 anos,2025,SUL,42,SC,421775,SUL BRASIL,1,0.61%,9,5.45%,155,93.94%,10,6.06,165,0,-,6,3.64%,147,89.09%,12,7.27%,6,3.64,165
CRIANÇA,0 a < 5 anos,2025,SUL,42,SC,421780,TAIO,15,2.11%,36,5.06%,661,92.84%,51,7.16,712,3,0.42%,13,1.83%,649,91.15%,47,6.6%,16,2.25,712
CRIANÇA,0 a < 5 anos,2025,SUL,42,SC,421790,TANGARA,5,1.37%,9,2.47%,350,96.15%,14,3.85,364,2,0.55%,9,2.47%,330,90.66%,23,6.32%,11,3.02,364
CRIANÇA,0 a < 5 anos,2025,SUL,42,SC,421795,TIGRINHOS,1,0.76%,7,5.3%,124,93.94%,8,6.06,132,0,-,4,3.03%,114,86.36%,14,10.61%,4,3.03,132
CRIANÇA,0 a < 5 anos,2025,SUL,42,SC,421800,TIJUCAS,150,6.45%,179,7.69%,1998,85.86%,329,14.14,2327,30,1.29%,69,2.96%,2082,89.43%,147,6.31%,99,4.25,2328
CRIANÇA,0 a < 5 anos,2025,SUL,42,SC,421810,TIMBE DO SUL,6,9.84%,6,9.84%,49,80.33%,12,19.67,61,1,1.64%,1,1.64%,48,78.69%,11,18.03%,2,3.28,61
CRIANÇA,0 a < 5 anos,2025,SUL,42,SC,421820,TIMBO,27,1.65%,83,5.07%,1526,93.28%,110,6.72,1636,11,0.67%,32,1.96%,1488,90.95%,105,6.42%,43,2.63,1636
CRIANÇA,0 a < 5 anos,2025,SUL,42,SC,421825,TIMBO GRANDE,26,5.44%,43,9%,409,85.56%,69,14.44,478,2,0.42%,11,2.3%,430,89.96%,35,7.32%,13,2.72,478
CRIANÇA,0 a < 5 anos,2025,SUL,42,SC,421830,TRES BARRAS,44,4.49%,80,8.17%,855,87.33%,124,12.67,979,7,0.72%,20,2.04%,911,93.05%,41,4.19%,27,2.76,979
CRIANÇA,0 a < 5 anos,2025,SUL,42,SC,421835,TREVISO,9,4.52%,14,7.04%,176,88.44%,23,11.56,199,4,2.01%,5,2.51%,177,88.94%,13,6.53%,9,4.52,199
CRIANÇA,0 a < 5 anos,2025,SUL,42,SC,421840,TREZE DE MAIO,77,16.81%,36,7.86%,345,75.33%,113,24.67,458,39,8.52%,20,4.37%,370,80.79%,29,6.33%,59,12.88,458
CRIANÇA,0 a < 5 anos,2025,SUL,42,SC,421850,TREZE TILIAS,6,1.79%,10,2.98%,320,95.24%,16,4.76,336,1,0.3%,1,0.3%,296,88.1%,38,11.31%,2,0.6,336
CRIANÇA,0 a < 5 anos,2025,SUL,42,SC,421860,TROMBUDO CENTRAL,3,0.76%,17,4.33%,373,94.91%,20,5.09,393,0,-,8,2.04%,358,91.09%,27,6.87%,8,2.04,393
CRIANÇA,0 a < 5 anos,2025,SUL,42,SC,421870,TUBARAO,81,2.68%,170,5.63%,2766,91.68%,251,8.32,3017,16,0.53%,45,1.49%,2758,91.42%,198,6.56%,61,2.02,3017
CRIANÇA,0 a < 5 anos,2025,SUL,42,SC,421875,TUNAPOLIS,6,1.98%,5,1.65%,292,96.37%,11,3.63,303,1,0.33%,2,0.66%,272,89.77%,28,9.24%,3,0.99,303
CRIANÇA,0 a < 5 anos,2025,SUL,42,SC,421880,TURVO,7,2.47%,16,5.65%,260,91.87%,23,8.13,283,0,-,8,2.83%,233,82.33%,42,14.84%,8,2.83,283
CRIANÇA,0 a < 5 anos,2025,SUL,42,SC,421885,UNIAO DO OESTE,0,-,6,4.55%,126,95.45%,6,4.55,132,0,-,1,0.76%,118,89.39%,13,9.85%,1,0.76,132
CRIANÇA,0 a < 5 anos,2025,SUL,42,SC,421890,URUBICI,20,3.14%,30,4.71%,587,92.15%,50,7.85,637,1,0.16%,14,2.2%,577,90.58%,45,7.06%,15,2.35,637
CRIANÇA,0 a < 5 anos,2025,SUL,42,SC,421895,URUPEMA,6,5.45%,8,7.27%,96,87.27%,14,12.73,110,3,2.73%,3,2.73%,90,81.82%,14,12.73%,6,5.45,110
CRIANÇA,0 a < 5 anos,2025,SUL,42,SC,421900,URUSSANGA,85,9.51%,59,6.6%,750,83.89%,144,16.11,894,22,2.46%,29,3.24%,791,88.48%,52,5.82%,51,5.7,894
CRIANÇA,0 a < 5 anos,2025,SUL,42,SC,421910,VARGEAO,32,12.4%,37,14.34%,189,73.26%,69,26.74,258,1,0.39%,6,2.33%,236,91.47%,15,5.81%,7,2.71,258
CRIANÇA,0 a < 5 anos,2025,SUL,42,SC,421915,VARGEM,8,4.97%,7,4.35%,146,90.68%,15,9.32,161,0,-,6,3.73%,144,89.44%,11,6.83%,6,3.73,161
CRIANÇA,0 a < 5 anos,2025,SUL,42,SC,421917,VARGEM BONITA,10,4.83%,9,4.35%,188,90.82%,19,9.18,207,0,-,4,1.93%,185,89.37%,18,8.7%,4,1.93,207
CRIANÇA,0 a < 5 anos,2025,SUL,42,SC,421920,VIDAL RAMOS,9,7.56%,12,10.08%,98,82.35%,21,17.65,119,1,0.84%,1,0.84%,113,94.96%,4,3.36%,2,1.68,119
CRIANÇA,0 a < 5 anos,2025,SUL,42,SC,421930,VIDEIRA,77,5.37%,134,9.34%,1223,85.29%,211,14.71,1434,6,0.42%,26,1.81%,1342,93.58%,60,4.18%,32,2.23,1434
CRIANÇA,0 a < 5 anos,2025,SUL,42,SC,421935,VITOR MEIRELES,9,2.81%,8,2.5%,303,94.69%,17,5.31,320,2,0.63%,0,-,295,92.19%,23,7.19%,2,0.62,320
CRIANÇA,0 a < 5 anos,2025,SUL,42,SC,421940,WITMARSUM,15,6.36%,12,5.08%,209,88.56%,27,11.44,236,0,-,5,2.12%,208,88.14%,23,9.75%,5,2.12,236
CRIANÇA,0 a < 5 anos,2025,SUL,42,SC,421950,XANXERE,37,2.82%,72,5.48%,1204,91.7%,109,8.3,1313,5,0.38%,20,1.52%,1206,91.85%,82,6.25%,25,1.9,1313
CRIANÇA,0 a < 5 anos,2025,SUL,42,SC,421960,XAVANTINA,3,1.86%,5,3.11%,153,95.03%,8,4.97,161,3,1.86%,2,1.24%,143,88.82%,13,8.07%,5,3.11,161
CRIANÇA,0 a < 5 anos,2025,SUL,42,SC,421970,XAXIM,30,1.8%,88,5.28%,1548,92.92%,118,7.08,1666,9,0.54%,29,1.74%,1537,92.26%,91,5.46%,38,2.28,1666
CRIANÇA,0 a < 5 anos,2025,SUL,42,SC,421985,ZORTEA,2,0.75%,15,5.64%,249,93.61%,17,6.39,266,1,0.38%,3,1.13%,249,93.61%,13,4.89%,4,1.5,266
CRIANÇA,0 a < 5 anos,2025,SUL,42,SC,422000,BALNEARIO RINCAO,67,7.56%,65,7.34%,754,85.1%,132,14.9,886,5,0.56%,18,2.03%,784,88.49%,79,8.92%,23,2.6,886
CRIANÇA,0 a < 5 anos,2025,SUL,43,RS,430003,ACEGUA,2,1.01%,12,6.06%,184,92.93%,14,7.07,198,0,-,2,1.01%,176,88.89%,20,10.1%,2,1.01,198
CRIANÇA,0 a < 5 anos,2025,SUL,43,RS,430005,AGUA SANTA,5,3.45%,10,6.9%,130,89.66%,15,10.34,145,1,0.69%,2,1.38%,138,95.17%,4,2.76%,3,2.07,145
CRIANÇA,0 a < 5 anos,2025,SUL,43,RS,430010,AGUDO,19,5.28%,24,6.67%,317,88.06%,43,11.94,360,2,0.56%,7,1.94%,313,86.94%,38,10.56%,9,2.5,360
CRIANÇA,0 a < 5 anos,2025,SUL,43,RS,430020,AJURICABA,5,2.46%,13,6.4%,185,91.13%,18,8.87,203,3,1.48%,3,1.48%,185,91.13%,12,5.91%,6,2.96,203
CRIANÇA,0 a < 5 anos,2025,SUL,43,RS,430030,ALECRIM,8,3.74%,10,4.67%,196,91.59%,18,8.41,214,1,0.47%,2,0.93%,187,87.38%,24,11.21%,3,1.4,214
CRIANÇA,0 a < 5 anos,2025,SUL,43,RS,430040,ALEGRETE,41,1.99%,83,4.02%,1940,93.99%,124,6.01,2064,4,0.19%,29,1.41%,1840,89.15%,191,9.25%,33,1.6,2064
CRIANÇA,0 a < 5 anos,2025,SUL,43,RS,430045,ALEGRIA,2,1.8%,2,1.8%,107,96.4%,4,3.6,111,1,0.9%,1,0.9%,91,81.98%,18,16.22%,2,1.8,111
CRIANÇA,0 a < 5 anos,2025,SUL,43,RS,430047,ALMIRANTE TAMANDARE DO SUL,2,1.67%,5,4.17%,113,94.17%,7,5.83,120,1,0.83%,1,0.83%,110,91.67%,8,6.67%,2,1.67,120
CRIANÇA,0 a < 5 anos,2025,SUL,43,RS,430050,ALPESTRE,7,2.85%,12,4.88%,227,92.28%,19,7.72,246,1,0.41%,6,2.44%,224,91.06%,15,6.1%,7,2.85,246
CRIANÇA,0 a < 5 anos,2025,SUL,43,RS,430055,ALTO ALEGRE,1,2.13%,2,4.26%,44,93.62%,3,6.38,47,0,-,0,-,45,95.74%,2,4.26%,0,0.0,47
CRIANÇA,0 a < 5 anos,2025,SUL,43,RS,430057,ALTO FELIZ,10,11.36%,3,3.41%,75,85.23%,13,14.77,88,3,3.41%,0,-,80,90.91%,5,5.68%,3,3.41,88
CRIANÇA,0 a < 5 anos,2025,SUL,43,RS,430060,ALVORADA,138,2.29%,333,5.53%,5550,92.18%,471,7.82,6021,23,0.38%,106,1.76%,5409,89.84%,483,8.02%,129,2.14,6021
CRIANÇA,0 a < 5 anos,2025,SUL,43,RS,430063,AMARAL FERRADOR,3,1.74%,10,5.81%,159,92.44%,13,7.56,172,0,-,3,1.74%,153,88.95%,16,9.3%,3,1.74,172
CRIANÇA,0 a < 5 anos,2025,SUL,43,RS,430064,AMETISTA DO SUL,7,2%,25,7.14%,318,90.86%,32,9.14,350,0,-,2,0.57%,310,88.57%,38,10.86%,2,0.57,350
CRIANÇA,0 a < 5 anos,2025,SUL,43,RS,430066,ANDRE DA ROCHA,0,-,1,2%,49,98%,1,2.0,50,0,-,0,-,46,92%,4,8%,0,0.0,50
CRIANÇA,0 a < 5 anos,2025,SUL,43,RS,430070,ANTA GORDA,8,5.44%,4,2.72%,135,91.84%,12,8.16,147,0,-,1,0.68%,137,93.2%,9,6.12%,1,0.68,147
CRIANÇA,0 a < 5 anos,2025,SUL,43,RS,430080,ANTONIO PRADO,5,2.22%,17,7.56%,203,90.22%,22,9.78,225,0,-,5,2.22%,207,92%,13,5.78%,5,2.22,225
CRIANÇA,0 a < 5 anos,2025,SUL,43,RS,430085,ARAMBARE,6,3.53%,8,4.71%,156,91.76%,14,8.24,170,0,-,1,0.59%,147,86.47%,22,12.94%,1,0.59,170
CRIANÇA,0 a < 5 anos,2025,SUL,43,RS,430087,ARARICA,11,1.95%,24,4.26%,528,93.78%,35,6.22,563,0,-,7,1.24%,496,88.1%,60,10.66%,7,1.24,563
CRIANÇA,0 a < 5 anos,2025,SUL,43,RS,430090,ARATIBA,0,-,2,4.35%,44,95.65%,2,4.35,46,1,2.17%,0,-,39,84.78%,6,13.04%,1,2.17,46
CRIANÇA,0 a < 5 anos,2025,SUL,43,RS,430100,ARROIO DO MEIO,8,0.84%,25,2.62%,922,96.54%,33,3.46,955,2,0.21%,4,0.42%,877,91.83%,72,7.54%,6,0.63,955
CRIANÇA,0 a < 5 anos,2025,SUL,43,RS,430105,ARROIO DO SAL,16,3.27%,22,4.5%,451,92.23%,38,7.77,489,6,1.23%,3,0.61%,446,91.21%,34,6.95%,9,1.84,489
CRIANÇA,0 a < 5 anos,2025,SUL,43,RS,430107,ARROIO DO PADRE,0,-,0,-,99,100%,0,0.0,99,0,-,0,-,86,86.87%,13,13.13%,0,0.0,99
CRIANÇA,0 a < 5 anos,2025,SUL,43,RS,430110,ARROIO DOS RATOS,7,1.51%,19,4.09%,439,94.41%,26,5.59,465,1,0.22%,8,1.72%,419,90.11%,37,7.96%,9,1.94,465
CRIANÇA,0 a < 5 anos,2025,SUL,43,RS,430120,ARROIO DO TIGRE,3,1%,15,5%,282,94%,18,6.0,300,1,0.33%,7,2.33%,258,86%,34,11.33%,8,2.67,300
CRIANÇA,0 a < 5 anos,2025,SUL,43,RS,430130,ARROIO GRANDE,44,5.78%,44,5.78%,673,88.44%,88,11.56,761,6,0.79%,9,1.18%,648,85.15%,98,12.88%,15,1.97,761
CRIANÇA,0 a < 5 anos,2025,SUL,43,RS,430140,ARVOREZINHA,25,5.22%,27,5.64%,427,89.14%,52,10.86,479,2,0.42%,13,2.71%,426,88.94%,38,7.93%,15,3.13,479
CRIANÇA,0 a < 5 anos,2025,SUL,43,RS,430150,AUGUSTO PESTANA,68,24.55%,24,8.66%,185,66.79%,92,33.21,277,40,14.44%,20,7.22%,206,74.37%,11,3.97%,60,21.66,277
CRIANÇA,0 a < 5 anos,2025,SUL,43,RS,430155,AUREA,3,2.07%,2,1.38%,140,96.55%,5,3.45,145,0,-,1,0.69%,128,88.28%,16,11.03%,1,0.69,145
CRIANÇA,0 a < 5 anos,2025,SUL,43,RS,430160,BAGE,113,3.77%,185,6.16%,2703,90.07%,298,9.93,3001,22,0.73%,40,1.33%,2643,88.13%,294,9.8%,62,2.07,2999
CRIANÇA,0 a < 5 anos,2025,SUL,43,RS,430163,BALNEARIO PINHAL,20,7.87%,22,8.66%,212,83.46%,42,16.54,254,1,0.39%,0,-,222,87.4%,31,12.2%,1,0.39,254
CRIANÇA,0 a < 5 anos,2025,SUL,43,RS,430165,BARAO,4,7.84%,1,1.96%,46,90.2%,5,9.8,51,0,-,0,-,46,90.2%,5,9.8%,0,0.0,51
CRIANÇA,0 a < 5 anos,2025,SUL,43,RS,430170,BARAO DE COTEGIPE,7,2.27%,8,2.59%,294,95.15%,15,4.85,309,1,0.32%,4,1.29%,282,91.26%,22,7.12%,5,1.62,309
CRIANÇA,0 a < 5 anos,2025,SUL,43,RS,430175,BARAO DO TRIUNFO,3,1.39%,9,4.17%,204,94.44%,12,5.56,216,0,-,3,1.39%,202,93.52%,11,5.09%,3,1.39,216
CRIANÇA,0 a < 5 anos,2025,SUL,43,RS,430180,BARRACAO,7,3.63%,16,8.29%,170,88.08%,23,11.92,193,1,0.52%,4,2.07%,174,90.16%,14,7.25%,5,2.59,193
CRIANÇA,0 a < 5 anos,2025,SUL,43,RS,430185,BARRA DO GUARITA,5,2.39%,3,1.44%,201,96.17%,8,3.83,209,2,0.96%,4,1.91%,184,88.04%,19,9.09%,6,2.87,209
CRIANÇA,0 a < 5 anos,2025,SUL,43,RS,430187,BARRA DO QUARAI,6,2.94%,7,3.43%,191,93.63%,13,6.37,204,1,0.49%,4,1.96%,183,89.71%,16,7.84%,5,2.45,204
CRIANÇA,0 a < 5 anos,2025,SUL,43,RS,430190,BARRA DO RIBEIRO,11,3.25%,20,5.92%,307,90.83%,31,9.17,338,1,0.3%,8,2.37%,295,87.28%,34,10.06%,9,2.66,338
CRIANÇA,0 a < 5 anos,2025,SUL,43,RS,430192,BARRA DO RIO AZUL,0,-,0,-,25,100%,0,0.0,25,0,-,1,4%,23,92%,1,4%,1,4.0,25
CRIANÇA,0 a < 5 anos,2025,SUL,43,RS,430195,BARRA FUNDA,0,-,2,1.75%,112,98.25%,2,1.75,114,0,-,0,-,103,90.35%,11,9.65%,0,0.0,114
CRIANÇA,0 a < 5 anos,2025,SUL,43,RS,430200,BARROS CASSAL,27,6.89%,22,5.61%,343,87.5%,49,12.5,392,3,0.77%,10,2.55%,341,86.99%,38,9.69%,13,3.32,392
CRIANÇA,0 a < 5 anos,2025,SUL,43,RS,430205,BENJAMIN CONSTANT DO SUL,5,2.86%,19,10.86%,151,86.29%,24,13.71,175,0,-,3,1.71%,161,92%,11,6.29%,3,1.71,175
CRIANÇA,0 a < 5 anos,2025,SUL,43,RS,430210,BENTO GONCALVES,87,2.59%,218,6.48%,3058,90.93%,305,9.07,3363,10,0.3%,47,1.4%,3086,91.76%,220,6.54%,57,1.69,3363
CRIANÇA,0 a < 5 anos,2025,SUL,43,RS,430215,BOA VISTA DAS MISSOES,3,2.07%,12,8.28%,130,89.66%,15,10.34,145,0,-,2,1.38%,133,91.72%,10,6.9%,2,1.38,145
CRIANÇA,0 a < 5 anos,2025,SUL,43,RS,430220,BOA VISTA DO BURICA,7,1.81%,18,4.65%,362,93.54%,25,6.46,387,3,0.78%,2,0.52%,352,90.96%,30,7.75%,5,1.29,387
CRIANÇA,0 a < 5 anos,2025,SUL,43,RS,430222,BOA VISTA DO CADEADO,2,1.9%,3,2.86%,100,95.24%,5,4.76,105,0,-,5,4.76%,91,86.67%,9,8.57%,5,4.76,105
CRIANÇA,0 a < 5 anos,2025,SUL,43,RS,430223,BOA VISTA DO INCRA,1,1.12%,4,4.49%,84,94.38%,5,5.62,89,0,-,0,-,83,93.26%,6,6.74%,0,0.0,89
CRIANÇA,0 a < 5 anos,2025,SUL,43,RS,430225,BOA VISTA DO SUL,0,-,1,1.32%,75,98.68%,1,1.32,76,0,-,0,-,68,89.47%,8,10.53%,0,0.0,76
CRIANÇA,0 a < 5 anos,2025,SUL,43,RS,430230,BOM JESUS,27,3.22%,53,6.32%,758,90.45%,80,9.55,838,9,1.07%,24,2.86%,764,91.17%,41,4.89%,33,3.94,838
CRIANÇA,0 a < 5 anos,2025,SUL,43,RS,430235,BOM PRINCIPIO,12,1.68%,35,4.9%,667,93.42%,47,6.58,714,3,0.42%,15,2.1%,623,87.25%,73,10.22%,18,2.52,714
CRIANÇA,0 a < 5 anos,2025,SUL,43,RS,430237,BOM PROGRESSO,5,6.25%,8,10%,67,83.75%,13,16.25,80,1,1.25%,4,5%,71,88.75%,4,5%,5,6.25,80
CRIANÇA,0 a < 5 anos,2025,SUL,43,RS,430240,BOM RETIRO DO SUL,3,0.45%,22,3.28%,646,96.27%,25,3.73,671,0,-,8,1.19%,595,88.67%,68,10.13%,8,1.19,671
CRIANÇA,0 a < 5 anos,2025,SUL,43,RS,430245,BOQUEIRAO DO LEAO,4,2.22%,11,6.11%,165,91.67%,15,8.33,180,1,0.56%,2,1.11%,154,85.56%,23,12.78%,3,1.67,180
CRIANÇA,0 a < 5 anos,2025,SUL,43,RS,430250,BOSSOROCA,5,1.68%,13,4.38%,279,93.94%,18,6.06,297,1,0.34%,4,1.35%,268,90.24%,24,8.08%,5,1.68,297
CRIANÇA,0 a < 5 anos,2025,SUL,43,RS,430258,BOZANO,0,-,3,4.69%,61,95.31%,3,4.69,64,1,1.56%,0,-,54,84.38%,9,14.06%,1,1.56,64
CRIANÇA,0 a < 5 anos,2025,SUL,43,RS,430260,BRAGA,5,3.45%,3,2.07%,137,94.48%,8,5.52,145,0,-,0,-,136,93.79%,9,6.21%,0,0.0,145
CRIANÇA,0 a < 5 anos,2025,SUL,43,RS,430265,BROCHIER,0,-,4,1.84%,213,98.16%,4,1.84,217,1,0.46%,0,-,198,91.24%,18,8.29%,1,0.46,217
CRIANÇA,0 a < 5 anos,2025,SUL,43,RS,430270,BUTIA,54,9.71%,54,9.71%,448,80.58%,108,19.42,556,6,1.08%,8,1.44%,480,86.33%,62,11.15%,14,2.52,556
CRIANÇA,0 a < 5 anos,2025,SUL,43,RS,430280,CACAPAVA DO SUL,144,14.02%,65,6.33%,818,79.65%,209,20.35,1027,34,3.31%,31,3.02%,863,84.03%,99,9.64%,65,6.33,1027
CRIANÇA,0 a < 5 anos,2025,SUL,43,RS,430290,CACEQUI,92,23.47%,34,8.67%,266,67.86%,126,32.14,392,14,3.57%,11,2.81%,341,86.99%,26,6.63%,25,6.38,392
CRIANÇA,0 a < 5 anos,2025,SUL,43,RS,430300,CACHOEIRA DO SUL,165,8.84%,146,7.82%,1556,83.34%,311,16.66,1867,36,1.93%,42,2.25%,1652,88.48%,137,7.34%,78,4.18,1867
CRIANÇA,0 a < 5 anos,2025,SUL,43,RS,430310,CACHOEIRINHA,135,4.4%,172,5.6%,2762,90%,307,10.0,3069,23,0.75%,69,2.25%,2732,89.02%,245,7.98%,92,3.0,3069
CRIANÇA,0 a < 5 anos,2025,SUL,43,RS,430320,CACIQUE DOBLE,9,3.7%,17,7%,217,89.3%,26,10.7,243,3,1.23%,7,2.88%,223,91.77%,10,4.12%,10,4.12,243
CRIANÇA,0 a < 5 anos,2025,SUL,43,RS,430330,CAIBATE,3,1.56%,7,3.65%,182,94.79%,10,5.21,192,0,-,2,1.04%,172,89.58%,18,9.38%,2,1.04,192
CRIANÇA,0 a < 5 anos,2025,SUL,43,RS,430340,CAICARA,6,2.53%,11,4.64%,220,92.83%,17,7.17,237,2,0.84%,4,1.69%,211,89.03%,20,8.44%,6,2.53,237
CRIANÇA,0 a < 5 anos,2025,SUL,43,RS,430350,CAMAQUA,289,15.35%,152,8.07%,1442,76.58%,441,23.42,1883,49,2.6%,56,2.97%,1594,84.65%,184,9.77%,105,5.58,1883
CRIANÇA,0 a < 5 anos,2025,SUL,43,RS,430355,CAMARGO,7,6.6%,10,9.43%,89,83.96%,17,16.04,106,1,0.94%,0,-,100,94.34%,5,4.72%,1,0.94,106
CRIANÇA,0 a < 5 anos,2025,SUL,43,RS,430360,CAMBARA DO SUL,26,11.56%,22,9.78%,177,78.67%,48,21.33,225,4,1.78%,8,3.56%,190,84.44%,23,10.22%,12,5.33,225
CRIANÇA,0 a < 5 anos,2025,SUL,43,RS,430367,CAMPESTRE DA SERRA,4,2.88%,6,4.32%,129,92.81%,10,7.19,139,0,-,3,2.16%,127,91.37%,9,6.47%,3,2.16,139
CRIANÇA,0 a < 5 anos,2025,SUL,43,RS,430370,CAMPINA DAS MISSOES,3,2.27%,2,1.52%,127,96.21%,5,3.79,132,0,-,0,-,112,84.85%,20,15.15%,0,0.0,132
CRIANÇA,0 a < 5 anos,2025,SUL,43,RS,430380,CAMPINAS DO SUL,2,1.22%,7,4.27%,155,94.51%,9,5.49,164,0,-,1,0.61%,145,88.41%,18,10.98%,1,0.61,164
CRIANÇA,0 a < 5 anos,2025,SUL,43,RS,430390,CAMPO BOM,17,2.13%,28,3.5%,754,94.37%,45,5.63,799,6,0.75%,7,0.88%,735,91.99%,51,6.38%,13,1.63,799
CRIANÇA,0 a < 5 anos,2025,SUL,43,RS,430400,CAMPO NOVO,11,3.85%,16,5.59%,259,90.56%,27,9.44,286,2,0.7%,9,3.15%,257,89.86%,18,6.29%,11,3.85,286
CRIANÇA,0 a < 5 anos,2025,SUL,43,RS,430410,CAMPOS BORGES,9,9.47%,9,9.47%,77,81.05%,18,18.95,95,0,-,1,1.05%,83,87.37%,11,11.58%,1,1.05,95
CRIANÇA,0 a < 5 anos,2025,SUL,43,RS,430420,CANDELARIA,22,1.89%,64,5.5%,1077,92.61%,86,7.39,1163,4,0.34%,26,2.24%,1047,90.03%,86,7.39%,30,2.58,1163
CRIANÇA,0 a < 5 anos,2025,SUL,43,RS,430430,CANDIDO GODOI,1,0.58%,4,2.34%,166,97.08%,5,2.92,171,1,0.58%,3,1.75%,158,92.4%,9,5.26%,4,2.34,171
CRIANÇA,0 a < 5 anos,2025,SUL,43,RS,430435,CANDIOTA,4,1.15%,19,5.46%,325,93.39%,23,6.61,348,1,0.29%,2,0.57%,317,91.09%,28,8.05%,3,0.86,348
CRIANÇA,0 a < 5 anos,2025,SUL,43,RS,430440,CANELA,75,3.55%,155,7.34%,1882,89.11%,230,10.89,2112,22,1.04%,37,1.75%,1917,90.77%,136,6.44%,59,2.79,2112
CRIANÇA,0 a < 5 anos,2025,SUL,43,RS,430450,CANGUCU,42,2.39%,73,4.16%,1639,93.44%,115,6.56,1754,11,0.63%,31,1.77%,1552,88.48%,160,9.12%,42,2.39,1754
CRIANÇA,0 a < 5 anos,2025,SUL,43,RS,430460,CANOAS,240,2.43%,526,5.33%,9105,92.24%,766,7.76,9871,54,0.55%,156,1.58%,8859,89.75%,802,8.12%,210,2.13,9871
CRIANÇA,0 a < 5 anos,2025,SUL,43,RS,430461,CANUDOS DO VALE,1,1.92%,4,7.69%,47,90.38%,5,9.62,52,0,-,0,-,49,94.23%,3,5.77%,0,0.0,52
CRIANÇA,0 a < 5 anos,2025,SUL,43,RS,430462,CAPAO BONITO DO SUL,7,6.86%,6,5.88%,89,87.25%,13,12.75,102,0,-,1,0.98%,92,90.2%,9,8.82%,1,0.98,102
CRIANÇA,0 a < 5 anos,2025,SUL,43,RS,430463,CAPAO DA CANOA,120,8.08%,99,6.66%,1267,85.26%,219,14.74,1486,27,1.82%,32,2.15%,1265,85.13%,162,10.9%,59,3.97,1486
CRIANÇA,0 a < 5 anos,2025,SUL,43,RS,430465,CAPAO DO CIPO,5,3.27%,7,4.58%,141,92.16%,12,7.84,153,1,0.65%,5,3.27%,137,89.54%,10,6.54%,6,3.92,153
CRIANÇA,0 a < 5 anos,2025,SUL,43,RS,430466,CAPAO DO LEAO,23,2.14%,55,5.13%,995,92.73%,78,7.27,1073,1,0.09%,15,1.4%,962,89.66%,95,8.85%,16,1.49,1073
CRIANÇA,0 a < 5 anos,2025,SUL,43,RS,430467,CAPIVARI DO SUL,3,1.92%,7,4.49%,146,93.59%,10,6.41,156,0,-,3,1.92%,135,86.54%,18,11.54%,3,1.92,156
CRIANÇA,0 a < 5 anos,2025,SUL,43,RS,430468,CAPELA DE SANTANA,19,5.28%,29,8.06%,312,86.67%,48,13.33,360,0,-,2,0.56%,331,91.94%,27,7.5%,2,0.56,360
CRIANÇA,0 a < 5 anos,2025,SUL,43,RS,430469,CAPITAO,1,0.74%,4,2.94%,131,96.32%,5,3.68,136,0,-,0,-,125,91.91%,11,8.09%,0,0.0,136
CRIANÇA,0 a < 5 anos,2025,SUL,43,RS,430470,CARAZINHO,467,22.15%,192,9.11%,1449,68.74%,659,31.26,2108,52,2.47%,74,3.51%,1845,87.52%,137,6.5%,126,5.98,2108
CRIANÇA,0 a < 5 anos,2025,SUL,43,RS,430471,CARAA,3,1.09%,9,3.28%,262,95.62%,12,4.38,274,1,0.36%,4,1.46%,245,89.42%,24,8.76%,5,1.82,274
CRIANÇA,0 a < 5 anos,2025,SUL,43,RS,430480,CARLOS BARBOSA,0,-,4,4.3%,89,95.7%,4,4.3,93,0,-,0,-,83,89.25%,10,10.75%,0,0.0,93
CRIANÇA,0 a < 5 anos,2025,SUL,43,RS,430485,CARLOS GOMES,2,3.7%,2,3.7%,50,92.59%,4,7.41,54,0,-,2,3.7%,48,88.89%,4,7.41%,2,3.7,54
CRIANÇA,0 a < 5 anos,2025,SUL,43,RS,430490,CASCA,13,3.59%,16,4.42%,333,91.99%,29,8.01,362,5,1.38%,5,1.38%,325,89.78%,27,7.46%,10,2.76,362
CRIANÇA,0 a < 5 anos,2025,SUL,43,RS,430495,CASEIROS,1,0.67%,12,8.05%,136,91.28%,13,8.72,149,0,-,3,2.01%,135,90.6%,11,7.38%,3,2.01,149
CRIANÇA,0 a < 5 anos,2025,SUL,43,RS,430500,CATUIPE,24,7.95%,18,5.96%,260,86.09%,42,13.91,302,3,0.99%,6,1.99%,277,91.72%,16,5.3%,9,2.98,302
CRIANÇA,0 a < 5 anos,2025,SUL,43,RS,430510,CAXIAS DO SUL,300,3.76%,564,7.08%,7106,89.16%,864,10.84,7970,67,0.84%,195,2.45%,7235,90.78%,473,5.93%,262,3.29,7970
CRIANÇA,0 a < 5 anos,2025,SUL,43,RS,430511,CENTENARIO,2,2.02%,7,7.07%,90,90.91%,9,9.09,99,0,-,3,3.03%,84,84.85%,12,12.12%,3,3.03,99
CRIANÇA,0 a < 5 anos,2025,SUL,43,RS,430512,CERRITO,11,6.11%,14,7.78%,155,86.11%,25,13.89,180,0,-,0,-,168,93.33%,12,6.67%,0,0.0,180
CRIANÇA,0 a < 5 anos,2025,SUL,43,RS,430513,CERRO BRANCO,5,4.35%,15,13.04%,95,82.61%,20,17.39,115,2,1.74%,4,3.48%,102,88.7%,7,6.09%,6,5.22,115
CRIANÇA,0 a < 5 anos,2025,SUL,43,RS,430515,CERRO GRANDE,0,-,7,5.43%,122,94.57%,7,5.43,129,0,-,1,0.78%,114,88.37%,14,10.85%,1,0.78,129
CRIANÇA,0 a < 5 anos,2025,SUL,43,RS,430517,CERRO GRANDE DO SUL,5,1.28%,12,3.08%,373,95.64%,17,4.36,390,1,0.26%,3,0.77%,341,87.44%,45,11.54%,4,1.03,390
CRIANÇA,0 a < 5 anos,2025,SUL,43,RS,430520,CERRO LARGO,31,9.69%,18,5.63%,271,84.69%,49,15.31,320,5,1.56%,3,0.94%,289,90.31%,23,7.19%,8,2.5,320
CRIANÇA,0 a < 5 anos,2025,SUL,43,RS,430530,CHAPADA,15,4.48%,17,5.07%,303,90.45%,32,9.55,335,4,1.19%,10,2.99%,300,89.55%,21,6.27%,14,4.18,335
CRIANÇA,0 a < 5 anos,2025,SUL,43,RS,430535,CHARQUEADAS,25,2.89%,57,6.59%,783,90.52%,82,9.48,865,7,0.81%,16,1.85%,758,87.63%,84,9.71%,23,2.66,865
CRIANÇA,0 a < 5 anos,2025,SUL,43,RS,430537,CHARRUA,13,8.78%,20,13.51%,115,77.7%,33,22.3,148,1,0.68%,2,1.35%,140,94.59%,5,3.38%,3,2.03,148
CRIANÇA,0 a < 5 anos,2025,SUL,43,RS,430540,CHIAPETTA,6,3.82%,8,5.1%,143,91.08%,14,8.92,157,1,0.64%,1,0.64%,141,89.81%,14,8.92%,2,1.27,157
CRIANÇA,0 a < 5 anos,2025,SUL,43,RS,430543,CHUI,4,2.17%,6,3.26%,174,94.57%,10,5.43,184,0,-,1,0.54%,161,87.5%,22,11.96%,1,0.54,184
CRIANÇA,0 a < 5 anos,2025,SUL,43,RS,430544,CHUVISCA,2,0.98%,3,1.47%,199,97.55%,5,2.45,204,1,0.49%,1,0.49%,188,92.16%,14,6.86%,2,0.98,204
CRIANÇA,0 a < 5 anos,2025,SUL,43,RS,430545,CIDREIRA,12,4.56%,26,9.89%,225,85.55%,38,14.45,263,5,1.9%,6,2.28%,217,82.51%,35,13.31%,11,4.18,263
CRIANÇA,0 a < 5 anos,2025,SUL,43,RS,430550,CIRIACO,4,3.17%,9,7.14%,113,89.68%,13,10.32,126,0,-,4,3.17%,114,90.48%,8,6.35%,4,3.17,126
CRIANÇA,0 a < 5 anos,2025,SUL,43,RS,430558,COLINAS,1,1.01%,3,3.03%,95,95.96%,4,4.04,99,1,1.01%,0,-,89,89.9%,9,9.09%,1,1.01,99
CRIANÇA,0 a < 5 anos,2025,SUL,43,RS,430560,COLORADO,14,9.72%,8,5.56%,122,84.72%,22,15.28,144,2,1.39%,3,2.08%,130,90.28%,9,6.25%,5,3.47,144
CRIANÇA,0 a < 5 anos,2025,SUL,43,RS,430570,CONDOR,2,0.83%,5,2.08%,233,97.08%,7,2.92,240,2,0.83%,2,0.83%,214,89.17%,22,9.17%,4,1.67,240
CRIANÇA,0 a < 5 anos,2025,SUL,43,RS,430580,CONSTANTINA,31,7.93%,37,9.46%,323,82.61%,68,17.39,391,2,0.51%,5,1.28%,350,89.51%,34,8.7%,7,1.79,391
CRIANÇA,0 a < 5 anos,2025,SUL,43,RS,430583,COQUEIRO BAIXO,2,4.65%,3,6.98%,38,88.37%,5,11.63,43,0,-,0,-,39,90.7%,4,9.3%,0,0.0,43
CRIANÇA,0 a < 5 anos,2025,SUL,43,RS,430585,COQUEIROS DO SUL,2,2.2%,7,7.69%,82,90.11%,9,9.89,91,0,-,2,2.2%,81,89.01%,8,8.79%,2,2.2,91
CRIANÇA,0 a < 5 anos,2025,SUL,43,RS,430587,CORONEL BARROS,1,1.23%,3,3.7%,77,95.06%,4,4.94,81,0,-,3,3.7%,66,81.48%,12,14.81%,3,3.7,81
CRIANÇA,0 a < 5 anos,2025,SUL,43,RS,430590,CORONEL BICACO,9,3.18%,16,5.65%,258,91.17%,25,8.83,283,1,0.35%,5,1.77%,263,92.93%,14,4.95%,6,2.12,283
CRIANÇA,0 a < 5 anos,2025,SUL,43,RS,430593,CORONEL PILAR,1,2.17%,1,2.17%,44,95.65%,2,4.35,46,0,-,0,-,45,97.83%,1,2.17%,0,0.0,46
CRIANÇA,0 a < 5 anos,2025,SUL,43,RS,430595,COTIPORA,1,0.8%,5,4%,119,95.2%,6,4.8,125,1,0.8%,1,0.8%,118,94.4%,5,4%,2,1.6,125
CRIANÇA,0 a < 5 anos,2025,SUL,43,RS,430597,COXILHA,4,2.92%,6,4.38%,127,92.7%,10,7.3,137,2,1.46%,2,1.46%,123,89.78%,10,7.3%,4,2.92,137
CRIANÇA,0 a < 5 anos,2025,SUL,43,RS,430600,CRISSIUMAL,10,2.82%,23,6.5%,321,90.68%,33,9.32,354,3,0.85%,11,3.11%,320,90.4%,20,5.65%,14,3.95,354
CRIANÇA,0 a < 5 anos,2025,SUL,43,RS,430605,CRISTAL,10,3.65%,16,5.84%,248,90.51%,26,9.49,274,0,-,8,2.92%,243,88.69%,23,8.39%,8,2.92,274
CRIANÇA,0 a < 5 anos,2025,SUL,43,RS,430607,CRISTAL DO SUL,3,1.94%,6,3.87%,146,94.19%,9,5.81,155,3,1.94%,6,3.87%,129,83.23%,17,10.97%,9,5.81,155
CRIANÇA,0 a < 5 anos,2025,SUL,43,RS,430610,CRUZ ALTA,386,16.08%,160,6.67%,1854,77.25%,546,22.75,2400,57,2.38%,62,2.58%,2063,85.96%,218,9.08%,119,4.96,2400
CRIANÇA,0 a < 5 anos,2025,SUL,43,RS,430613,CRUZALTENSE,3,4.41%,2,2.94%,63,92.65%,5,7.35,68,0,-,0,-,60,88.24%,8,11.76%,0,0.0,68
CRIANÇA,0 a < 5 anos,2025,SUL,43,RS,430620,CRUZEIRO DO SUL,3,0.93%,7,2.16%,314,96.91%,10,3.09,324,2,0.62%,2,0.62%,287,88.58%,33,10.19%,4,1.23,324
CRIANÇA,0 a < 5 anos,2025,SUL,43,RS,430630,DAVID CANABARRO,1,0.62%,3,1.85%,158,97.53%,4,2.47,162,1,0.62%,2,1.23%,146,90.12%,13,8.02%,3,1.85,162
CRIANÇA,0 a < 5 anos,2025,SUL,43,RS,430632,DERRUBADAS,0,-,6,3.7%,156,96.3%,6,3.7,162,0,-,1,0.62%,148,91.36%,13,8.02%,1,0.62,162
CRIANÇA,0 a < 5 anos,2025,SUL,43,RS,430635,DEZESSEIS DE NOVEMBRO,8,8.51%,6,6.38%,80,85.11%,14,14.89,94,0,-,2,2.13%,87,92.55%,5,5.32%,2,2.13,94
CRIANÇA,0 a < 5 anos,2025,SUL,43,RS,430637,DILERMANDO DE AGUIAR,4,4.17%,4,4.17%,88,91.67%,8,8.33,96,2,2.08%,1,1.04%,81,84.38%,12,12.5%,3,3.12,96
CRIANÇA,0 a < 5 anos,2025,SUL,43,RS,430640,DOIS IRMAOS,27,2.53%,48,4.49%,994,92.98%,75,7.02,1069,3,0.28%,15,1.4%,978,91.49%,73,6.83%,18,1.68,1069
CRIANÇA,0 a < 5 anos,2025,SUL,43,RS,430642,DOIS IRMAOS DAS MISSOES,2,1.77%,9,7.96%,102,90.27%,11,9.73,113,0,-,3,2.65%,99,87.61%,11,9.73%,3,2.65,113
CRIANÇA,0 a < 5 anos,2025,SUL,43,RS,430645,DOIS LAJEADOS,0,-,6,4.76%,120,95.24%,6,4.76,126,0,-,1,0.79%,114,90.48%,11,8.73%,1,0.79,126
CRIANÇA,0 a < 5 anos,2025,SUL,43,RS,430650,DOM FELICIANO,31,9.69%,23,7.19%,266,83.13%,54,16.88,320,13,4.06%,11,3.44%,268,83.75%,28,8.75%,24,7.5,320
CRIANÇA,0 a < 5 anos,2025,SUL,43,RS,430655,DOM PEDRO DE ALCANTARA,2,1.49%,1,0.75%,131,97.76%,3,2.24,134,0,-,1,0.75%,126,94.03%,7,5.22%,1,0.75,134
CRIANÇA,0 a < 5 anos,2025,SUL,43,RS,430660,DOM PEDRITO,21,1.88%,57,5.09%,1041,93.03%,78,6.97,1119,2,0.18%,14,1.25%,988,88.29%,115,10.28%,16,1.43,1119
CRIANÇA,0 a < 5 anos,2025,SUL,43,RS,430670,DONA FRANCISCA,4,3.13%,9,7.03%,115,89.84%,13,10.16,128,1,0.78%,3,2.34%,115,89.84%,9,7.03%,4,3.12,128
CRIANÇA,0 a < 5 anos,2025,SUL,43,RS,430673,DOUTOR MAURICIO CARDOSO,15,10.56%,13,9.15%,114,80.28%,28,19.72,142,2,1.41%,2,1.41%,127,89.44%,11,7.75%,4,2.82,142
CRIANÇA,0 a < 5 anos,2025,SUL,43,RS,430675,DOUTOR RICARDO,4,5.48%,2,2.74%,67,91.78%,6,8.22,73,0,-,2,2.74%,66,90.41%,5,6.85%,2,2.74,73
CRIANÇA,0 a < 5 anos,2025,SUL,43,RS,430676,ELDORADO DO SUL,79,6.49%,93,7.64%,1046,85.88%,172,14.12,1218,12,0.98%,27,2.21%,1082,88.76%,98,8.04%,39,3.2,1219
CRIANÇA,0 a < 5 anos,2025,SUL,43,RS,430680,ENCANTADO,7,0.98%,29,4.06%,679,94.97%,36,5.03,715,2,0.28%,7,0.98%,630,88.11%,76,10.63%,9,1.26,715
CRIANÇA,0 a < 5 anos,2025,SUL,43,RS,430690,ENCRUZILHADA DO SUL,37,5.41%,45,6.58%,602,88.01%,82,11.99,684,6,0.88%,13,1.9%,582,85.09%,83,12.13%,19,2.78,684
CRIANÇA,0 a < 5 anos,2025,SUL,43,RS,430692,ENGENHO VELHO,10,10%,8,8%,82,82%,18,18.0,100,0,-,3,3%,86,86%,11,11%,3,3.0,100
CRIANÇA,0 a < 5 anos,2025,SUL,43,RS,430693,ENTRE-IJUIS,10,7.87%,6,4.72%,111,87.4%,16,12.6,127,0,-,3,2.36%,110,86.61%,14,11.02%,3,2.36,127
CRIANÇA,0 a < 5 anos,2025,SUL,43,RS,430695,ENTRE RIOS DO SUL,7,6.42%,11,10.09%,91,83.49%,18,16.51,109,0,-,4,3.67%,99,90.83%,6,5.5%,4,3.67,109
CRIANÇA,0 a < 5 anos,2025,SUL,43,RS,430697,EREBANGO,5,3.52%,11,7.75%,126,88.73%,16,11.27,142,0,-,1,0.7%,126,88.73%,15,10.56%,1,0.7,142
CRIANÇA,0 a < 5 anos,2025,SUL,43,RS,430700,ERECHIM,9,1.47%,45,7.34%,559,91.19%,54,8.81,613,3,0.49%,12,1.96%,550,89.72%,48,7.83%,15,2.45,613
CRIANÇA,0 a < 5 anos,2025,SUL,43,RS,430705,ERNESTINA,3,2.61%,6,5.22%,106,92.17%,9,7.83,115,0,-,3,2.61%,100,86.96%,12,10.43%,3,2.61,115
CRIANÇA,0 a < 5 anos,2025,SUL,43,RS,430710,HERVAL,10,4.48%,8,3.59%,205,91.93%,18,8.07,223,3,1.35%,4,1.79%,186,83.41%,30,13.45%,7,3.14,223
CRIANÇA,0 a < 5 anos,2025,SUL,43,RS,430720,ERVAL GRANDE,4,1.63%,11,4.49%,230,93.88%,15,6.12,245,0,-,6,2.45%,220,89.8%,19,7.76%,6,2.45,245
CRIANÇA,0 a < 5 anos,2025,SUL,43,RS,430730,ERVAL SECO,4,1.13%,11,3.11%,339,95.76%,15,4.24,354,3,0.85%,5,1.41%,320,90.4%,26,7.34%,8,2.26,354
CRIANÇA,0 a < 5 anos,2025,SUL,43,RS,430740,ESMERALDA,2,1.1%,3,1.66%,176,97.24%,5,2.76,181,0,-,3,1.66%,162,89.5%,16,8.84%,3,1.66,181
CRIANÇA,0 a < 5 anos,2025,SUL,43,RS,430745,ESPERANCA DO SUL,11,10.89%,10,9.9%,80,79.21%,21,20.79,101,3,2.97%,1,0.99%,84,83.17%,13,12.87%,4,3.96,101
CRIANÇA,0 a < 5 anos,2025,SUL,43,RS,430750,ESPUMOSO,35,5.2%,35,5.2%,603,89.6%,70,10.4,673,2,0.3%,18,2.67%,615,91.38%,38,5.65%,20,2.97,673
CRIANÇA,0 a < 5 anos,2025,SUL,43,RS,430755,ESTACAO,2,1.18%,5,2.96%,162,95.86%,7,4.14,169,0,-,0,-,146,86.39%,23,13.61%,0,0.0,169
CRIANÇA,0 a < 5 anos,2025,SUL,43,RS,430760,ESTANCIA VELHA,26,1.62%,78,4.85%,1503,93.53%,104,6.47,1607,6,0.37%,21,1.31%,1482,92.22%,98,6.1%,27,1.68,1607
CRIANÇA,0 a < 5 anos,2025,SUL,43,RS,430770,ESTEIO,28,3.07%,39,4.28%,845,92.65%,67,7.35,912,7,0.77%,10,1.1%,812,89.04%,83,9.1%,17,1.86,912
CRIANÇA,0 a < 5 anos,2025,SUL,43,RS,430780,ESTRELA,23,2.12%,63,5.81%,998,92.07%,86,7.93,1084,4,0.37%,14,1.29%,984,90.77%,82,7.56%,18,1.66,1084
CRIANÇA,0 a < 5 anos,2025,SUL,43,RS,430781,ESTRELA VELHA,3,2.4%,16,12.8%,106,84.8%,19,15.2,125,2,1.6%,4,3.2%,114,91.2%,5,4%,6,4.8,125
CRIANÇA,0 a < 5 anos,2025,SUL,43,RS,430783,EUGENIO DE CASTRO,2,1.61%,8,6.45%,114,91.94%,10,8.06,124,0,-,2,1.61%,111,89.52%,11,8.87%,2,1.61,124
CRIANÇA,0 a < 5 anos,2025,SUL,43,RS,430786,FAGUNDES VARELA,1,1.06%,2,2.13%,91,96.81%,3,3.19,94,0,-,0,-,86,91.49%,8,8.51%,0,0.0,94
CRIANÇA,0 a < 5 anos,2025,SUL,43,RS,430790,FARROUPILHA,40,2.05%,112,5.74%,1798,92.21%,152,7.79,1950,11,0.56%,26,1.33%,1805,92.56%,108,5.54%,37,1.9,1950
CRIANÇA,0 a < 5 anos,2025,SUL,43,RS,430800,FAXINAL DO SOTURNO,28,9.59%,9,3.08%,255,87.33%,37,12.67,292,9,3.08%,11,3.77%,247,84.59%,25,8.56%,20,6.85,292
CRIANÇA,0 a < 5 anos,2025,SUL,43,RS,430805,FAXINALZINHO,7,6.73%,9,8.65%,88,84.62%,16,15.38,104,1,0.96%,1,0.96%,90,86.54%,12,11.54%,2,1.92,104
CRIANÇA,0 a < 5 anos,2025,SUL,43,RS,430807,FAZENDA VILANOVA,3,1.31%,14,6.11%,212,92.58%,17,7.42,229,1,0.44%,7,3.06%,205,89.52%,16,6.99%,8,3.49,229
CRIANÇA,0 a < 5 anos,2025,SUL,43,RS,430810,FELIZ,1,0.54%,3,1.61%,182,97.85%,4,2.15,186,0,-,0,-,172,92.47%,14,7.53%,0,0.0,186
CRIANÇA,0 a < 5 anos,2025,SUL,43,RS,430820,FLORES DA CUNHA,13,1.2%,52,4.78%,1022,94.02%,65,5.98,1087,9,0.83%,23,2.12%,983,90.43%,72,6.62%,32,2.94,1087
CRIANÇA,0 a < 5 anos,2025,SUL,43,RS,430825,FLORIANO PEIXOTO,0,-,1,2.27%,43,97.73%,1,2.27,44,0,-,1,2.27%,39,88.64%,4,9.09%,1,2.27,44
CRIANÇA,0 a < 5 anos,2025,SUL,43,RS,430830,FONTOURA XAVIER,18,3.71%,25,5.15%,442,91.13%,43,8.87,485,3,0.62%,6,1.24%,443,91.34%,33,6.8%,9,1.86,485
CRIANÇA,0 a < 5 anos,2025,SUL,43,RS,430840,FORMIGUEIRO,8,3.03%,7,2.65%,249,94.32%,15,5.68,264,3,1.14%,8,3.03%,228,86.36%,25,9.47%,11,4.17,264
CRIANÇA,0 a < 5 anos,2025,SUL,43,RS,430843,FORQUETINHA,0,-,0,-,68,100%,0,0.0,68,0,-,0,-,62,91.18%,6,8.82%,0,0.0,68
CRIANÇA,0 a < 5 anos,2025,SUL,43,RS,430845,FORTALEZA DOS VALOS,8,4%,18,9%,174,87%,26,13.0,200,0,-,4,2%,174,87%,22,11%,4,2.0,200
CRIANÇA,0 a < 5 anos,2025,SUL,43,RS,430850,FREDERICO WESTPHALEN,39,3.18%,68,5.54%,1121,91.29%,107,8.71,1228,9,0.73%,13,1.06%,1111,90.47%,95,7.74%,22,1.79,1228
CRIANÇA,0 a < 5 anos,2025,SUL,43,RS,430860,GARIBALDI,11,1.44%,18,2.36%,733,96.19%,29,3.81,762,1,0.13%,10,1.31%,695,91.21%,56,7.35%,11,1.44,762
CRIANÇA,0 a < 5 anos,2025,SUL,43,RS,430865,GARRUCHOS,8,7.92%,4,3.96%,89,88.12%,12,11.88,101,3,2.97%,0,-,87,86.14%,11,10.89%,3,2.97,101
CRIANÇA,0 a < 5 anos,2025,SUL,43,RS,430870,GAURAMA,4,2.47%,5,3.09%,153,94.44%,9,5.56,162,2,1.23%,2,1.23%,139,85.8%,19,11.73%,4,2.47,162
CRIANÇA,0 a < 5 anos,2025,SUL,43,RS,430880,GENERAL CAMARA,17,8.25%,10,4.85%,179,86.89%,27,13.11,206,8,3.88%,6,2.91%,179,86.89%,13,6.31%,14,6.8,206
CRIANÇA,0 a < 5 anos,2025,SUL,43,RS,430885,GENTIL,2,2.3%,1,1.15%,84,96.55%,3,3.45,87,1,1.15%,0,-,75,86.21%,11,12.64%,1,1.15,87
CRIANÇA,0 a < 5 anos,2025,SUL,43,RS,430890,GETULIO VARGAS,34,5.86%,36,6.21%,510,87.93%,70,12.07,580,8,1.38%,13,2.24%,514,88.62%,45,7.76%,21,3.62,580
CRIANÇA,0 a < 5 anos,2025,SUL,43,RS,430900,GIRUA,40,7.48%,38,7.1%,457,85.42%,78,14.58,535,5,0.93%,14,2.62%,466,87.1%,50,9.35%,19,3.55,535
CRIANÇA,0 a < 5 anos,2025,SUL,43,RS,430905,GLORINHA,12,8.33%,13,9.03%,119,82.64%,25,17.36,144,1,0.69%,2,1.39%,132,91.67%,9,6.25%,3,2.08,144
CRIANÇA,0 a < 5 anos,2025,SUL,43,RS,430910,GRAMADO,41,3.08%,71,5.33%,1219,91.59%,112,8.41,1331,6,0.45%,13,0.98%,1226,92.11%,86,6.46%,19,1.43,1331
CRIANÇA,0 a < 5 anos,2025,SUL,43,RS,430912,GRAMADO DOS LOUREIROS,7,3.93%,14,7.87%,157,88.2%,21,11.8,178,1,0.56%,3,1.69%,163,91.57%,11,6.18%,4,2.25,178
CRIANÇA,0 a < 5 anos,2025,SUL,43,RS,430915,GRAMADO XAVIER,5,2.98%,2,1.19%,161,95.83%,7,4.17,168,0,-,2,1.19%,146,86.9%,20,11.9%,2,1.19,168
CRIANÇA,0 a < 5 anos,2025,SUL,43,RS,430920,GRAVATAI,117,1.3%,373,4.14%,8524,94.56%,490,5.44,9014,34,0.38%,148,1.64%,8118,90.06%,714,7.92%,182,2.02,9014
CRIANÇA,0 a < 5 anos,2025,SUL,43,RS,430925,GUABIJU,0,-,2,4.65%,41,95.35%,2,4.65,43,0,-,0,-,43,100%,0,-,0,0.0,43
CRIANÇA,0 a < 5 anos,2025,SUL,43,RS,430930,GUAIBA,63,1.88%,157,4.68%,3136,93.44%,220,6.56,3356,15,0.45%,48,1.43%,3000,89.39%,293,8.73%,63,1.88,3356
CRIANÇA,0 a < 5 anos,2025,SUL,43,RS,430940,GUAPORE,80,8.59%,59,6.34%,792,85.07%,139,14.93,931,38,4.08%,25,2.69%,818,87.86%,50,5.37%,63,6.77,931
CRIANÇA,0 a < 5 anos,2025,SUL,43,RS,430950,GUARANI DAS MISSOES,25,12.63%,14,7.07%,159,80.3%,39,19.7,198,12,6.06%,9,4.55%,162,81.82%,15,7.58%,21,10.61,198
CRIANÇA,0 a < 5 anos,2025,SUL,43,RS,430955,HARMONIA,7,2.61%,7,2.61%,254,94.78%,14,5.22,268,0,-,1,0.37%,240,89.55%,27,10.07%,1,0.37,268
CRIANÇA,0 a < 5 anos,2025,SUL,43,RS,430957,HERVEIRAS,3,2.44%,5,4.07%,115,93.5%,8,6.5,123,0,-,2,1.63%,104,84.55%,17,13.82%,2,1.63,123
CRIANÇA,0 a < 5 anos,2025,SUL,43,RS,430960,HORIZONTINA,11,2.36%,22,4.71%,434,92.93%,33,7.07,467,3,0.64%,3,0.64%,418,89.51%,43,9.21%,6,1.28,467
CRIANÇA,0 a < 5 anos,2025,SUL,43,RS,430965,HULHA NEGRA,10,3.31%,14,4.64%,278,92.05%,24,7.95,302,5,1.66%,6,1.99%,244,80.79%,47,15.56%,11,3.64,302
CRIANÇA,0 a < 5 anos,2025,SUL,43,RS,430970,HUMAITA,1,1.89%,1,1.89%,51,96.23%,2,3.77,53,1,1.89%,1,1.89%,46,86.79%,5,9.43%,2,3.77,53
CRIANÇA,0 a < 5 anos,2025,SUL,43,RS,430975,IBARAMA,4,4.88%,3,3.66%,75,91.46%,7,8.54,82,1,1.22%,3,3.66%,76,92.68%,2,2.44%,4,4.88,82
CRIANÇA,0 a < 5 anos,2025,SUL,43,RS,430980,IBIACA,4,2.13%,5,2.66%,179,95.21%,9,4.79,188,3,1.6%,2,1.06%,167,88.83%,16,8.51%,5,2.66,188
CRIANÇA,0 a < 5 anos,2025,SUL,43,RS,430990,IBIRAIARAS,37,14.07%,26,9.89%,200,76.05%,63,23.95,263,12,4.56%,18,6.84%,223,84.79%,10,3.8%,30,11.41,263
CRIANÇA,0 a < 5 anos,2025,SUL,43,RS,430995,IBIRAPUITA,9,5.2%,19,10.98%,145,83.82%,28,16.18,173,3,1.73%,3,1.73%,156,90.17%,11,6.36%,6,3.47,173
CRIANÇA,0 a < 5 anos,2025,SUL,43,RS,431000,IBIRUBA,12,1.49%,28,3.48%,764,95.02%,40,4.98,804,1,0.12%,13,1.62%,716,89.05%,74,9.2%,14,1.74,804
CRIANÇA,0 a < 5 anos,2025,SUL,43,RS,431010,IGREJINHA,34,2.87%,80,6.75%,1071,90.38%,114,9.62,1185,6,0.51%,11,0.93%,1072,90.46%,96,8.1%,17,1.43,1185
CRIANÇA,0 a < 5 anos,2025,SUL,43,RS,431020,IJUI,49,2.25%,125,5.73%,2006,92.02%,174,7.98,2180,12,0.55%,56,2.57%,1962,90%,150,6.88%,68,3.12,2180
CRIANÇA,0 a < 5 anos,2025,SUL,43,RS,431030,ILOPOLIS,3,2.5%,1,0.83%,116,96.67%,4,3.33,120,0,-,0,-,108,90%,12,10%,0,0.0,120
CRIANÇA,0 a < 5 anos,2025,SUL,43,RS,431033,IMBE,31,4.08%,46,6.05%,683,89.87%,77,10.13,760,3,0.39%,12,1.58%,692,91.05%,53,6.97%,15,1.97,760
CRIANÇA,0 a < 5 anos,2025,SUL,43,RS,431036,IMIGRANTE,3,4.23%,1,1.41%,67,94.37%,4,5.63,71,0,-,1,1.41%,63,88.73%,7,9.86%,1,1.41,71
CRIANÇA,0 a < 5 anos,2025,SUL,43,RS,431040,INDEPENDENCIA,9,3.63%,14,5.65%,225,90.73%,23,9.27,248,2,0.81%,4,1.61%,225,90.73%,17,6.85%,6,2.42,248
CRIANÇA,0 a < 5 anos,2025,SUL,43,RS,431041,INHACORA,4,3.96%,4,3.96%,93,92.08%,8,7.92,101,0,-,2,1.98%,86,85.15%,13,12.87%,2,1.98,101
CRIANÇA,0 a < 5 anos,2025,SUL,43,RS,431043,IPE,4,1.57%,6,2.36%,244,96.06%,10,3.94,254,1,0.39%,5,1.97%,234,92.13%,14,5.51%,6,2.36,254
CRIANÇA,0 a < 5 anos,2025,SUL,43,RS,431046,IPIRANGA DO SUL,2,20%,0,-,8,80%,2,20.0,10,0,-,0,-,9,90%,1,10%,0,0.0,10
CRIANÇA,0 a < 5 anos,2025,SUL,43,RS,431050,IRAI,19,4.94%,23,5.97%,343,89.09%,42,10.91,385,4,1.03%,7,1.81%,342,88.37%,34,8.79%,11,2.84,387
CRIANÇA,0 a < 5 anos,2025,SUL,43,RS,431053,ITAARA,4,1.66%,13,5.39%,224,92.95%,17,7.05,241,2,0.83%,1,0.41%,214,88.8%,24,9.96%,3,1.24,241
CRIANÇA,0 a < 5 anos,2025,SUL,43,RS,431055,ITACURUBI,8,9.2%,5,5.75%,74,85.06%,13,14.94,87,0,-,3,3.45%,74,85.06%,10,11.49%,3,3.45,87
CRIANÇA,0 a < 5 anos,2025,SUL,43,RS,431057,ITAPUCA,2,3.33%,2,3.33%,56,93.33%,4,6.67,60,1,1.67%,2,3.33%,54,90%,3,5%,3,5.0,60
CRIANÇA,0 a < 5 anos,2025,SUL,43,RS,431060,ITAQUI,23,1.84%,43,3.44%,1184,94.72%,66,5.28,1250,8,0.64%,12,0.96%,1095,87.6%,135,10.8%,20,1.6,1250
CRIANÇA,0 a < 5 anos,2025,SUL,43,RS,431065,ITATI,14,10.94%,12,9.38%,102,79.69%,26,20.31,128,0,-,0,-,109,85.16%,19,14.84%,0,0.0,128
CRIANÇA,0 a < 5 anos,2025,SUL,43,RS,431070,ITATIBA DO SUL,0,-,5,5.56%,85,94.44%,5,5.56,90,0,-,0,-,86,95.56%,4,4.44%,0,0.0,90
CRIANÇA,0 a < 5 anos,2025,SUL,43,RS,431075,IVORA,1,2.5%,8,20%,31,77.5%,9,22.5,40,0,-,0,-,35,87.5%,5,12.5%,0,0.0,40
CRIANÇA,0 a < 5 anos,2025,SUL,43,RS,431080,IVOTI,3,0.37%,24,2.97%,780,96.65%,27,3.35,807,1,0.12%,5,0.62%,740,91.7%,61,7.56%,6,0.74,807
CRIANÇA,0 a < 5 anos,2025,SUL,43,RS,431085,JABOTICABA,5,5.75%,0,-,82,94.25%,5,5.75,87,0,-,3,3.45%,75,86.21%,9,10.34%,3,3.45,87
CRIANÇA,0 a < 5 anos,2025,SUL,43,RS,431087,JACUIZINHO,4,4.71%,10,11.76%,71,83.53%,14,16.47,85,0,-,0,-,74,87.06%,11,12.94%,0,0.0,85
CRIANÇA,0 a < 5 anos,2025,SUL,43,RS,431090,JACUTINGA,5,4.27%,2,1.71%,110,94.02%,7,5.98,117,1,0.85%,5,4.27%,100,85.47%,11,9.4%,6,5.13,117
CRIANÇA,0 a < 5 anos,2025,SUL,43,RS,431100,JAGUARAO,25,3.02%,43,5.2%,759,91.78%,68,8.22,827,2,0.24%,13,1.57%,722,87.3%,90,10.88%,15,1.81,827
CRIANÇA,0 a < 5 anos,2025,SUL,43,RS,431110,JAGUARI,7,2.53%,10,3.61%,260,93.86%,17,6.14,277,1,0.36%,5,1.81%,252,90.97%,19,6.86%,6,2.17,277
CRIANÇA,0 a < 5 anos,2025,SUL,43,RS,431112,JAQUIRANA,9,5.36%,18,10.71%,141,83.93%,27,16.07,168,0,-,2,1.19%,157,93.45%,9,5.36%,2,1.19,168
CRIANÇA,0 a < 5 anos,2025,SUL,43,RS,431113,JARI,1,0.84%,7,5.88%,111,93.28%,8,6.72,119,0,-,4,3.36%,100,84.03%,15,12.61%,4,3.36,119
CRIANÇA,0 a < 5 anos,2025,SUL,43,RS,431115,JOIA,6,2.3%,17,6.51%,238,91.19%,23,8.81,261,1,0.38%,6,2.3%,230,88.12%,24,9.2%,7,2.68,261
CRIANÇA,0 a < 5 anos,2025,SUL,43,RS,431120,JULIO DE CASTILHOS,176,24.79%,81,11.41%,453,63.8%,257,36.2,710,18,2.54%,25,3.52%,599,84.37%,68,9.58%,43,6.06,710
CRIANÇA,0 a < 5 anos,2025,SUL,43,RS,431123,LAGOA BONITA DO SUL,2,2.99%,5,7.46%,60,89.55%,7,10.45,67,2,2.99%,0,-,61,91.04%,4,5.97%,2,2.99,67
CRIANÇA,0 a < 5 anos,2025,SUL,43,RS,431125,LAGOAO,7,2.61%,19,7.09%,242,90.3%,26,9.7,268,2,0.75%,2,0.75%,234,87.31%,30,11.19%,4,1.49,268
CRIANÇA,0 a < 5 anos,2025,SUL,43,RS,431127,LAGOA DOS TRES CANTOS,3,4.23%,7,9.86%,61,85.92%,10,14.08,71,2,2.82%,0,-,61,85.92%,8,11.27%,2,2.82,71
CRIANÇA,0 a < 5 anos,2025,SUL,43,RS,431130,LAGOA VERMELHA,49,4.9%,67,6.69%,885,88.41%,116,11.59,1001,6,0.6%,21,2.1%,893,89.21%,81,8.09%,27,2.7,1001
CRIANÇA,0 a < 5 anos,2025,SUL,43,RS,431140,LAJEADO,79,2.12%,168,4.5%,3487,93.39%,247,6.61,3734,17,0.46%,42,1.12%,3414,91.43%,261,6.99%,59,1.58,3734
CRIANÇA,0 a < 5 anos,2025,SUL,43,RS,431142,LAJEADO DO BUGRE,14,9.09%,13,8.44%,127,82.47%,27,17.53,154,2,1.3%,5,3.25%,129,83.77%,18,11.69%,7,4.55,154
CRIANÇA,0 a < 5 anos,2025,SUL,43,RS,431150,LAVRAS DO SUL,13,4.48%,23,7.93%,254,87.59%,36,12.41,290,2,0.69%,6,2.07%,248,85.52%,34,11.72%,8,2.76,290
CRIANÇA,0 a < 5 anos,2025,SUL,43,RS,431160,LIBERATO SALZANO,13,7.69%,8,4.73%,148,87.57%,21,12.43,169,2,1.18%,4,2.37%,149,88.17%,14,8.28%,6,3.55,169
CRIANÇA,0 a < 5 anos,2025,SUL,43,RS,431162,LINDOLFO COLLOR,3,0.78%,12,3.1%,372,96.12%,15,3.88,387,1,0.26%,3,0.78%,354,91.47%,29,7.49%,4,1.03,387
CRIANÇA,0 a < 5 anos,2025,SUL,43,RS,431164,LINHA NOVA,0,-,4,5%,76,95%,4,5.0,80,0,-,1,1.25%,69,86.25%,10,12.5%,1,1.25,80
CRIANÇA,0 a < 5 anos,2025,SUL,43,RS,431170,MACHADINHO,69,23%,44,14.67%,187,62.33%,113,37.67,300,24,8%,24,8%,246,82%,6,2%,48,16.0,300
CRIANÇA,0 a < 5 anos,2025,SUL,43,RS,431171,MACAMBARA,6,2.26%,9,3.38%,251,94.36%,15,5.64,266,1,0.38%,4,1.5%,225,84.59%,36,13.53%,5,1.88,266
CRIANÇA,0 a < 5 anos,2025,SUL,43,RS,431173,MAMPITUBA,3,1.69%,11,6.18%,164,92.13%,14,7.87,178,1,0.56%,5,2.81%,163,91.57%,9,5.06%,6,3.37,178
CRIANÇA,0 a < 5 anos,2025,SUL,43,RS,431175,MANOEL VIANA,38,11.05%,18,5.23%,288,83.72%,56,16.28,344,1,0.29%,10,2.91%,307,89.24%,26,7.56%,11,3.2,344
CRIANÇA,0 a < 5 anos,2025,SUL,43,RS,431177,MAQUINE,8,3.92%,13,6.37%,183,89.71%,21,10.29,204,1,0.49%,2,0.98%,187,91.67%,14,6.86%,3,1.47,204
CRIANÇA,0 a < 5 anos,2025,SUL,43,RS,431179,MARATA,2,1.54%,3,2.31%,125,96.15%,5,3.85,130,0,-,2,1.54%,117,90%,11,8.46%,2,1.54,130
CRIANÇA,0 a < 5 anos,2025,SUL,43,RS,431180,MARAU,12,2.17%,24,4.33%,518,93.5%,36,6.5,554,4,0.72%,14,2.53%,495,89.35%,41,7.4%,18,3.25,554
CRIANÇA,0 a < 5 anos,2025,SUL,43,RS,431190,MARCELINO RAMOS,1,0.72%,4,2.88%,134,96.4%,5,3.6,139,0,-,2,1.44%,123,88.49%,14,10.07%,2,1.44,139
CRIANÇA,0 a < 5 anos,2025,SUL,43,RS,431198,MARIANA PIMENTEL,1,0.7%,8,5.59%,134,93.71%,9,6.29,143,0,-,2,1.4%,125,87.41%,16,11.19%,2,1.4,143
CRIANÇA,0 a < 5 anos,2025,SUL,43,RS,431200,MARIANO MORO,2,3.51%,1,1.75%,54,94.74%,3,5.26,57,0,-,0,-,53,92.98%,4,7.02%,0,0.0,57
CRIANÇA,0 a < 5 anos,2025,SUL,43,RS,431205,MARQUES DE SOUZA,1,1.82%,3,5.45%,51,92.73%,4,7.27,55,0,-,0,-,48,87.27%,7,12.73%,0,0.0,55
CRIANÇA,0 a < 5 anos,2025,SUL,43,RS,431210,MATA,3,1.88%,1,0.63%,156,97.5%,4,2.5,160,0,-,3,1.88%,142,88.75%,15,9.38%,3,1.88,160
CRIANÇA,0 a < 5 anos,2025,SUL,43,RS,431213,MATO CASTELHANO,12,9.68%,8,6.45%,104,83.87%,20,16.13,124,2,1.61%,3,2.42%,107,86.29%,12,9.68%,5,4.03,124
CRIANÇA,0 a < 5 anos,2025,SUL,43,RS,431215,MATO LEITAO,3,1.2%,11,4.38%,237,94.42%,14,5.58,251,1,0.4%,5,1.99%,233,92.83%,12,4.78%,6,2.39,251
CRIANÇA,0 a < 5 anos,2025,SUL,43,RS,431217,MATO QUEIMADO,0,-,1,1.16%,85,98.84%,1,1.16,86,0,-,1,1.16%,77,89.53%,8,9.3%,1,1.16,86
CRIANÇA,0 a < 5 anos,2025,SUL,43,RS,431220,MAXIMILIANO DE ALMEIDA,4,2.23%,7,3.91%,168,93.85%,11,6.15,179,1,0.56%,2,1.12%,160,89.39%,16,8.94%,3,1.68,179
CRIANÇA,0 a < 5 anos,2025,SUL,43,RS,431225,MINAS DO LEAO,16,3.74%,30,7.01%,382,89.25%,46,10.75,428,4,0.93%,6,1.4%,361,84.35%,57,13.32%,10,2.34,428
CRIANÇA,0 a < 5 anos,2025,SUL,43,RS,431230,MIRAGUAI,5,2.02%,13,5.26%,229,92.71%,18,7.29,247,2,0.81%,7,2.83%,216,87.45%,22,8.91%,9,3.64,247
CRIANÇA,0 a < 5 anos,2025,SUL,43,RS,431235,MONTAURI,0,-,0,-,81,100%,0,0.0,81,0,-,0,-,75,92.59%,6,7.41%,0,0.0,81
CRIANÇA,0 a < 5 anos,2025,SUL,43,RS,431237,MONTE ALEGRE DOS CAMPOS,3,1.49%,4,1.99%,194,96.52%,7,3.48,201,0,-,2,1%,180,89.55%,19,9.45%,2,1.0,201
CRIANÇA,0 a < 5 anos,2025,SUL,43,RS,431238,MONTE BELO DO SUL,0,-,0,-,98,100%,0,0.0,98,0,-,0,-,92,93.88%,6,6.12%,0,0.0,98
CRIANÇA,0 a < 5 anos,2025,SUL,43,RS,431240,MONTENEGRO,52,1.97%,154,5.82%,2440,92.21%,206,7.79,2646,10,0.38%,37,1.4%,2395,90.51%,204,7.71%,47,1.78,2646
CRIANÇA,0 a < 5 anos,2025,SUL,43,RS,431242,MORMACO,10,7.63%,11,8.4%,110,83.97%,21,16.03,131,1,0.76%,2,1.53%,117,89.31%,11,8.4%,3,2.29,131
CRIANÇA,0 a < 5 anos,2025,SUL,43,RS,431244,MORRINHOS DO SUL,3,2.86%,2,1.9%,100,95.24%,5,4.76,105,0,-,1,0.95%,93,88.57%,11,10.48%,1,0.95,105
CRIANÇA,0 a < 5 anos,2025,SUL,43,RS,431245,MORRO REDONDO,6,3%,11,5.5%,183,91.5%,17,8.5,200,2,1%,4,2%,176,88%,18,9%,6,3.0,200
CRIANÇA,0 a < 5 anos,2025,SUL,43,RS,431247,MORRO REUTER,14,8.59%,6,3.68%,143,87.73%,20,12.27,163,6,3.68%,2,1.23%,147,90.18%,8,4.91%,8,4.91,163
CRIANÇA,0 a < 5 anos,2025,SUL,43,RS,431250,MOSTARDAS,39,10.1%,28,7.25%,319,82.64%,67,17.36,386,3,0.78%,11,2.85%,318,82.38%,54,13.99%,14,3.63,386
CRIANÇA,0 a < 5 anos,2025,SUL,43,RS,431260,MUCUM,6,3.45%,10,5.75%,158,90.8%,16,9.2,174,1,0.57%,5,2.87%,157,90.23%,11,6.32%,6,3.45,174
CRIANÇA,0 a < 5 anos,2025,SUL,43,RS,431261,MUITOS CAPOES,3,2.88%,3,2.88%,98,94.23%,6,5.77,104,1,0.96%,0,-,93,89.42%,10,9.62%,1,0.96,104
CRIANÇA,0 a < 5 anos,2025,SUL,43,RS,431262,MULITERNO,7,6.25%,10,8.93%,95,84.82%,17,15.18,112,0,-,1,0.89%,100,89.29%,11,9.82%,1,0.89,112
CRIANÇA,0 a < 5 anos,2025,SUL,43,RS,431265,NAO-ME-TOQUE,9,1.54%,13,2.22%,564,96.25%,22,3.75,586,2,0.34%,8,1.37%,518,88.4%,58,9.9%,10,1.71,586
CRIANÇA,0 a < 5 anos,2025,SUL,43,RS,431267,NICOLAU VERGUEIRO,0,-,8,14.29%,48,85.71%,8,14.29,56,0,-,1,1.79%,51,91.07%,4,7.14%,1,1.79,56
CRIANÇA,0 a < 5 anos,2025,SUL,43,RS,431270,NONOAI,12,3.11%,30,7.77%,344,89.12%,42,10.88,386,1,0.26%,4,1.04%,353,91.45%,28,7.25%,5,1.3,386
CRIANÇA,0 a < 5 anos,2025,SUL,43,RS,431275,NOVA ALVORADA,4,2.38%,3,1.79%,161,95.83%,7,4.17,168,0,-,1,0.6%,150,89.29%,17,10.12%,1,0.6,168
CRIANÇA,0 a < 5 anos,2025,SUL,43,RS,431280,NOVA ARACA,4,1.18%,8,2.37%,326,96.45%,12,3.55,338,1,0.3%,6,1.78%,314,92.9%,17,5.03%,7,2.07,338
CRIANÇA,0 a < 5 anos,2025,SUL,43,RS,431290,NOVA BASSANO,9,2.11%,15,3.51%,403,94.38%,24,5.62,427,3,0.7%,1,0.23%,393,92.04%,30,7.03%,4,0.94,427
CRIANÇA,0 a < 5 anos,2025,SUL,43,RS,431295,NOVA BOA VISTA,4,3.31%,6,4.96%,111,91.74%,10,8.26,121,0,-,0,-,112,92.56%,9,7.44%,0,0.0,121
CRIANÇA,0 a < 5 anos,2025,SUL,43,RS,431300,NOVA BRESCIA,0,-,1,5%,19,95%,1,5.0,20,0,-,1,5%,16,80%,3,15%,1,5.0,20
CRIANÇA,0 a < 5 anos,2025,SUL,43,RS,431301,NOVA CANDELARIA,4,2.65%,1,0.66%,146,96.69%,5,3.31,151,0,-,2,1.32%,134,88.74%,15,9.93%,2,1.32,151
CRIANÇA,0 a < 5 anos,2025,SUL,43,RS,431303,NOVA ESPERANCA DO SUL,6,9.09%,3,4.55%,57,86.36%,9,13.64,66,0,-,1,1.52%,58,87.88%,7,10.61%,1,1.52,66
CRIANÇA,0 a < 5 anos,2025,SUL,43,RS,431306,NOVA HARTZ,14,2.08%,41,6.08%,619,91.84%,55,8.16,674,8,1.19%,24,3.56%,590,87.54%,52,7.72%,32,4.75,674
CRIANÇA,0 a < 5 anos,2025,SUL,43,RS,431308,NOVA PADUA,4,4.65%,2,2.33%,80,93.02%,6,6.98,86,1,1.16%,1,1.16%,74,86.05%,10,11.63%,2,2.33,86
CRIANÇA,0 a < 5 anos,2025,SUL,43,RS,431310,NOVA PALMA,3,2.22%,2,1.48%,130,96.3%,5,3.7,135,2,1.48%,1,0.74%,125,92.59%,7,5.19%,3,2.22,135
CRIANÇA,0 a < 5 anos,2025,SUL,43,RS,431320,NOVA PETROPOLIS,146,12.94%,109,9.66%,873,77.39%,255,22.61,1128,41,3.63%,46,4.08%,995,88.21%,46,4.08%,87,7.71,1128
CRIANÇA,0 a < 5 anos,2025,SUL,43,RS,431330,NOVA PRATA,12,1.09%,49,4.47%,1035,94.43%,61,5.57,1096,3,0.27%,12,1.09%,1015,92.61%,66,6.02%,15,1.37,1096
CRIANÇA,0 a < 5 anos,2025,SUL,43,RS,431333,NOVA RAMADA,4,6.56%,5,8.2%,52,85.25%,9,14.75,61,0,-,0,-,59,96.72%,2,3.28%,0,0.0,61
CRIANÇA,0 a < 5 anos,2025,SUL,43,RS,431335,NOVA ROMA DO SUL,1,0.82%,2,1.64%,119,97.54%,3,2.46,122,0,-,0,-,112,91.8%,10,8.2%,0,0.0,122
CRIANÇA,0 a < 5 anos,2025,SUL,43,RS,431337,NOVA SANTA RITA,52,3.99%,99,7.6%,1152,88.41%,151,11.59,1303,12,0.92%,11,0.84%,1158,88.87%,122,9.36%,23,1.77,1303
CRIANÇA,0 a < 5 anos,2025,SUL,43,RS,431339,NOVO CABRAIS,3,2.61%,2,1.74%,110,95.65%,5,4.35,115,0,-,0,-,108,93.91%,7,6.09%,0,0.0,115
CRIANÇA,0 a < 5 anos,2025,SUL,43,RS,431340,NOVO HAMBURGO,68,1.48%,230,5.01%,4296,93.51%,298,6.49,4594,9,0.2%,71,1.55%,4198,91.38%,316,6.88%,80,1.74,4594
CRIANÇA,0 a < 5 anos,2025,SUL,43,RS,431342,NOVO MACHADO,0,-,8,9.52%,76,90.48%,8,9.52,84,0,-,1,1.19%,80,95.24%,3,3.57%,1,1.19,84
CRIANÇA,0 a < 5 anos,2025,SUL,43,RS,431344,NOVO TIRADENTES,1,0.92%,4,3.67%,104,95.41%,5,4.59,109,2,1.83%,2,1.83%,98,89.91%,7,6.42%,4,3.67,109
CRIANÇA,0 a < 5 anos,2025,SUL,43,RS,431346,NOVO XINGU,3,3.7%,3,3.7%,75,92.59%,6,7.41,81,1,1.23%,1,1.23%,71,87.65%,8,9.88%,2,2.47,81
CRIANÇA,0 a < 5 anos,2025,SUL,43,RS,431349,NOVO BARREIRO,9,4.43%,14,6.9%,180,88.67%,23,11.33,203,0,-,1,0.49%,175,86.21%,27,13.3%,1,0.49,203
CRIANÇA,0 a < 5 anos,2025,SUL,43,RS,431350,OSORIO,24,1.23%,89,4.55%,1845,94.23%,113,5.77,1958,10,0.51%,25,1.28%,1760,89.89%,163,8.32%,35,1.79,1958
CRIANÇA,0 a < 5 anos,2025,SUL,43,RS,431360,PAIM FILHO,4,5%,3,3.75%,73,91.25%,7,8.75,80,0,-,0,-,75,93.75%,5,6.25%,0,0.0,80
CRIANÇA,0 a < 5 anos,2025,SUL,43,RS,431365,PALMARES DO SUL,19,4.59%,31,7.49%,364,87.92%,50,12.08,414,5,1.21%,5,1.21%,375,90.58%,29,7%,10,2.42,414
CRIANÇA,0 a < 5 anos,2025,SUL,43,RS,431370,PALMEIRA DAS MISSOES,32,2.37%,69,5.12%,1247,92.51%,101,7.49,1348,14,1.04%,34,2.52%,1201,89.09%,99,7.34%,48,3.56,1348
CRIANÇA,0 a < 5 anos,2025,SUL,43,RS,431380,PALMITINHO,6,1.47%,11,2.7%,390,95.82%,17,4.18,407,2,0.49%,2,0.49%,368,90.42%,35,8.6%,4,0.98,407
CRIANÇA,0 a < 5 anos,2025,SUL,43,RS,431390,PANAMBI,75,5.65%,70,5.28%,1182,89.07%,145,10.93,1327,19,1.43%,30,2.26%,1188,89.53%,90,6.78%,49,3.69,1327
CRIANÇA,0 a < 5 anos,2025,SUL,43,RS,431395,PANTANO GRANDE,18,4.24%,45,10.59%,362,85.18%,63,14.82,425,0,-,8,1.88%,373,87.76%,44,10.35%,8,1.88,425
CRIANÇA,0 a < 5 anos,2025,SUL,43,RS,431400,PARAI,2,0.68%,3,1.01%,291,98.31%,5,1.69,296,0,-,2,0.68%,277,93.58%,17,5.74%,2,0.68,296
CRIANÇA,0 a < 5 anos,2025,SUL,43,RS,431402,PARAISO DO SUL,4,1.69%,13,5.51%,219,92.8%,17,7.2,236,2,0.85%,0,-,209,88.56%,25,10.59%,2,0.85,236
CRIANÇA,0 a < 5 anos,2025,SUL,43,RS,431403,PARECI NOVO,6,2.44%,20,8.13%,220,89.43%,26,10.57,246,0,-,1,0.41%,231,93.9%,14,5.69%,1,0.41,246
CRIANÇA,0 a < 5 anos,2025,SUL,43,RS,431405,PAROBE,88,4.41%,134,6.71%,1774,88.88%,222,11.12,1996,15,0.75%,25,1.25%,1821,91.23%,135,6.76%,40,2.0,1996
CRIANÇA,0 a < 5 anos,2025,SUL,43,RS,431406,PASSA SETE,5,2.62%,6,3.14%,180,94.24%,11,5.76,191,2,1.05%,1,0.52%,178,93.19%,10,5.24%,3,1.57,191
CRIANÇA,0 a < 5 anos,2025,SUL,43,RS,431407,PASSO DO SOBRADO,9,3.18%,6,2.12%,268,94.7%,15,5.3,283,1,0.35%,6,2.12%,255,90.11%,21,7.42%,7,2.47,283
CRIANÇA,0 a < 5 anos,2025,SUL,43,RS,431410,PASSO FUNDO,173,2.71%,356,5.58%,5847,91.7%,529,8.3,6376,27,0.42%,125,1.96%,5804,91.03%,420,6.59%,152,2.38,6376
CRIANÇA,0 a < 5 anos,2025,SUL,43,RS,431413,PAULO BENTO,3,6.38%,2,4.26%,42,89.36%,5,10.64,47,0,-,2,4.26%,40,85.11%,5,10.64%,2,4.26,47
CRIANÇA,0 a < 5 anos,2025,SUL,43,RS,431415,PAVERAMA,9,2.33%,18,4.65%,360,93.02%,27,6.98,387,2,0.52%,5,1.29%,346,89.41%,34,8.79%,7,1.81,387
CRIANÇA,0 a < 5 anos,2025,SUL,43,RS,431417,PEDRAS ALTAS,6,5.94%,14,13.86%,81,80.2%,20,19.8,101,4,3.96%,1,0.99%,88,87.13%,8,7.92%,5,4.95,101
CRIANÇA,0 a < 5 anos,2025,SUL,43,RS,431420,PEDRO OSORIO,20,5.59%,20,5.59%,318,88.83%,40,11.17,358,3,0.84%,7,1.96%,310,86.59%,38,10.61%,10,2.79,358
CRIANÇA,0 a < 5 anos,2025,SUL,43,RS,431430,PEJUCARA,27,13.3%,18,8.87%,158,77.83%,45,22.17,203,2,0.99%,3,1.48%,181,89.16%,17,8.37%,5,2.46,203
CRIANÇA,0 a < 5 anos,2025,SUL,43,RS,431440,PELOTAS,212,3.08%,429,6.24%,6237,90.68%,641,9.32,6878,47,0.68%,134,1.95%,6127,89.08%,570,8.29%,181,2.63,6878
CRIANÇA,0 a < 5 anos,2025,SUL,43,RS,431442,PICADA CAFE,3,1.19%,10,3.95%,240,94.86%,13,5.14,253,1,0.4%,2,0.79%,226,89.33%,24,9.49%,3,1.19,253
CRIANÇA,0 a < 5 anos,2025,SUL,43,RS,431445,PINHAL,5,2.86%,6,3.43%,164,93.71%,11,6.29,175,1,0.57%,6,3.43%,148,84.57%,20,11.43%,7,4.0,175
CRIANÇA,0 a < 5 anos,2025,SUL,43,RS,431446,PINHAL DA SERRA,21,31.82%,6,9.09%,39,59.09%,27,40.91,66,3,4.55%,1,1.52%,42,63.64%,20,30.3%,4,6.06,66
CRIANÇA,0 a < 5 anos,2025,SUL,43,RS,431447,PINHAL GRANDE,7,6.42%,10,9.17%,92,84.4%,17,15.6,109,1,0.92%,5,4.59%,92,84.4%,11,10.09%,6,5.5,109
CRIANÇA,0 a < 5 anos,2025,SUL,43,RS,431449,PINHEIRINHO DO VALE,6,2.7%,15,6.76%,201,90.54%,21,9.46,222,1,0.45%,2,0.9%,202,90.99%,17,7.66%,3,1.35,222
CRIANÇA,0 a < 5 anos,2025,SUL,43,RS,431450,PINHEIRO MACHADO,76,18.23%,34,8.15%,307,73.62%,110,26.38,417,35,8.39%,11,2.64%,338,81.06%,33,7.91%,46,11.03,417
CRIANÇA,0 a < 5 anos,2025,SUL,43,RS,431454,PINTO BANDEIRA,0,-,0,-,113,100%,0,0.0,113,0,-,0,-,107,94.69%,6,5.31%,0,0.0,113
CRIANÇA,0 a < 5 anos,2025,SUL,43,RS,431455,PIRAPO,17,27.42%,5,8.06%,40,64.52%,22,35.48,62,1,1.61%,0,-,54,87.1%,7,11.29%,1,1.61,62
CRIANÇA,0 a < 5 anos,2025,SUL,43,RS,431460,PIRATINI,12,2.82%,21,4.93%,393,92.25%,33,7.75,426,0,-,9,2.11%,375,88.03%,42,9.86%,9,2.11,426
CRIANÇA,0 a < 5 anos,2025,SUL,43,RS,431470,PLANALTO,63,15.07%,23,5.5%,332,79.43%,86,20.57,418,2,0.48%,6,1.44%,363,86.84%,47,11.24%,8,1.91,418
CRIANÇA,0 a < 5 anos,2025,SUL,43,RS,431475,POCO DAS ANTAS,2,2.08%,1,1.04%,93,96.88%,3,3.12,96,0,-,3,3.13%,86,89.58%,7,7.29%,3,3.12,96
CRIANÇA,0 a < 5 anos,2025,SUL,43,RS,431477,PONTAO,9,4.86%,21,11.35%,155,83.78%,30,16.22,185,0,-,4,2.16%,169,91.35%,12,6.49%,4,2.16,185
CRIANÇA,0 a < 5 anos,2025,SUL,43,RS,431478,PONTE PRETA,5,9.8%,4,7.84%,42,82.35%,9,17.65,51,0,-,4,7.84%,44,86.27%,3,5.88%,4,7.84,51
CRIANÇA,0 a < 5 anos,2025,SUL,43,RS,431480,PORTAO,37,2.54%,73,5.02%,1344,92.43%,110,7.57,1454,4,0.28%,17,1.17%,1326,91.2%,107,7.36%,21,1.44,1454
CRIANÇA,0 a < 5 anos,2025,SUL,43,RS,431490,PORTO ALEGRE,1185,3.02%,2384,6.08%,35657,90.9%,3569,9.1,39226,228,0.58%,674,1.72%,35455,90.39%,2869,7.31%,902,2.3,39226
CRIANÇA,0 a < 5 anos,2025,SUL,43,RS,431500,PORTO LUCENA,6,3.85%,10,6.41%,140,89.74%,16,10.26,156,1,0.64%,1,0.64%,141,90.38%,13,8.33%,2,1.28,156
CRIANÇA,0 a < 5 anos,2025,SUL,43,RS,431505,PORTO MAUA,2,4.08%,3,6.12%,44,89.8%,5,10.2,49,1,2.04%,0,-,39,79.59%,9,18.37%,1,2.04,49
CRIANÇA,0 a < 5 anos,2025,SUL,43,RS,431507,PORTO VERA CRUZ,0,-,0,-,43,100%,0,0.0,43,0,-,0,-,38,88.37%,5,11.63%,0,0.0,43
CRIANÇA,0 a < 5 anos,2025,SUL,43,RS,431510,PORTO XAVIER,10,4.02%,14,5.62%,225,90.36%,24,9.64,249,0,-,4,1.61%,215,86.35%,30,12.05%,4,1.61,249
CRIANÇA,0 a < 5 anos,2025,SUL,43,RS,431513,POUSO NOVO,4,4.71%,6,7.06%,75,88.24%,10,11.76,85,0,-,1,1.18%,76,89.41%,8,9.41%,1,1.18,85
CRIANÇA,0 a < 5 anos,2025,SUL,43,RS,431514,PRESIDENTE LUCENA,0,-,2,1.06%,186,98.94%,2,1.06,188,1,0.53%,0,-,174,92.55%,13,6.91%,1,0.53,188
CRIANÇA,0 a < 5 anos,2025,SUL,43,RS,431515,PROGRESSO,1,0.43%,15,6.52%,214,93.04%,16,6.96,230,1,0.43%,1,0.43%,217,94.35%,11,4.78%,2,0.87,230
CRIANÇA,0 a < 5 anos,2025,SUL,43,RS,431517,PROTASIO ALVES,0,-,0,-,57,100%,0,0.0,57,0,-,0,-,55,96.49%,2,3.51%,0,0.0,57
CRIANÇA,0 a < 5 anos,2025,SUL,43,RS,431520,PUTINGA,2,2.06%,4,4.12%,91,93.81%,6,6.19,97,0,-,2,2.06%,84,86.6%,11,11.34%,2,2.06,97
CRIANÇA,0 a < 5 anos,2025,SUL,43,RS,431530,QUARAI,19,3.17%,35,5.84%,545,90.98%,54,9.02,599,2,0.33%,10,1.67%,518,86.48%,69,11.52%,12,2.0,599
CRIANÇA,0 a < 5 anos,2025,SUL,43,RS,431531,QUATRO IRMAOS,19,21.35%,6,6.74%,64,71.91%,25,28.09,89,4,4.49%,2,2.25%,71,79.78%,12,13.48%,6,6.74,89
CRIANÇA,0 a < 5 anos,2025,SUL,43,RS,431532,QUEVEDOS,7,7%,7,7%,86,86%,14,14.0,100,1,1%,4,4%,89,89%,6,6%,5,5.0,100
CRIANÇA,0 a < 5 anos,2025,SUL,43,RS,431535,QUINZE DE NOVEMBRO,1,0.45%,8,3.64%,211,95.91%,9,4.09,220,1,0.45%,3,1.36%,193,87.73%,23,10.45%,4,1.82,220
CRIANÇA,0 a < 5 anos,2025,SUL,43,RS,431540,REDENTORA,21,5.75%,27,7.4%,317,86.85%,48,13.15,365,2,0.55%,8,2.19%,329,90.14%,26,7.12%,10,2.74,365
CRIANÇA,0 a < 5 anos,2025,SUL,43,RS,431545,RELVADO,1,1.75%,3,5.26%,53,92.98%,4,7.02,57,0,-,1,1.75%,49,85.96%,7,12.28%,1,1.75,57
CRIANÇA,0 a < 5 anos,2025,SUL,43,RS,431550,RESTINGA SECA,6,0.9%,30,4.5%,631,94.6%,36,5.4,667,1,0.15%,6,0.9%,607,91%,53,7.95%,7,1.05,667
CRIANÇA,0 a < 5 anos,2025,SUL,43,RS,431555,RIO DOS INDIOS,5,4.39%,5,4.39%,104,91.23%,10,8.77,114,0,-,1,0.88%,100,87.72%,13,11.4%,1,0.88,114
CRIANÇA,0 a < 5 anos,2025,SUL,43,RS,431560,RIO GRANDE,116,3.64%,203,6.36%,2872,90%,319,10.0,3191,26,0.81%,46,1.44%,2786,87.31%,333,10.44%,72,2.26,3191
CRIANÇA,0 a < 5 anos,2025,SUL,43,RS,431570,RIO PARDO,38,2.29%,75,4.53%,1544,93.18%,113,6.82,1657,9,0.54%,27,1.63%,1464,88.35%,157,9.47%,36,2.17,1657
CRIANÇA,0 a < 5 anos,2025,SUL,43,RS,431575,RIOZINHO,1,0.96%,5,4.81%,98,94.23%,6,5.77,104,1,0.96%,2,1.92%,96,92.31%,5,4.81%,3,2.88,104
CRIANÇA,0 a < 5 anos,2025,SUL,43,RS,431580,ROCA SALES,6,1.35%,17,3.83%,421,94.82%,23,5.18,444,1,0.23%,3,0.68%,396,89.19%,44,9.91%,4,0.9,444
CRIANÇA,0 a < 5 anos,2025,SUL,43,RS,431590,RODEIO BONITO,10,3.85%,12,4.62%,238,91.54%,22,8.46,260,2,0.77%,2,0.77%,240,92.31%,16,6.15%,4,1.54,260
CRIANÇA,0 a < 5 anos,2025,SUL,43,RS,431595,ROLADOR,3,4.48%,6,8.96%,58,86.57%,9,13.43,67,0,-,1,1.49%,53,79.1%,13,19.4%,1,1.49,67
CRIANÇA,0 a < 5 anos,2025,SUL,43,RS,431600,ROLANTE,15,3.87%,40,10.31%,333,85.82%,55,14.18,388,0,-,2,0.52%,352,90.72%,34,8.76%,2,0.52,388
CRIANÇA,0 a < 5 anos,2025,SUL,43,RS,431610,RONDA ALTA,2,0.44%,27,5.92%,427,93.64%,29,6.36,456,1,0.22%,3,0.66%,418,91.67%,34,7.46%,4,0.88,456
CRIANÇA,0 a < 5 anos,2025,SUL,43,RS,431620,RONDINHA,11,5.5%,8,4%,181,90.5%,19,9.5,200,1,0.5%,5,2.5%,172,86%,22,11%,6,3.0,200
CRIANÇA,0 a < 5 anos,2025,SUL,43,RS,431630,ROQUE GONZALES,9,5.23%,10,5.81%,153,88.95%,19,11.05,172,0,-,1,0.58%,151,87.79%,20,11.63%,1,0.58,172
CRIANÇA,0 a < 5 anos,2025,SUL,43,RS,431640,ROSARIO DO SUL,113,9.27%,73,5.99%,1033,84.74%,186,15.26,1219,35,2.87%,36,2.95%,1029,84.41%,119,9.76%,71,5.82,1219
CRIANÇA,0 a < 5 anos,2025,SUL,43,RS,431642,SAGRADA FAMILIA,9,7.26%,9,7.26%,106,85.48%,18,14.52,124,2,1.61%,7,5.65%,107,86.29%,8,6.45%,9,7.26,124
CRIANÇA,0 a < 5 anos,2025,SUL,43,RS,431643,SALDANHA MARINHO,3,2.83%,8,7.55%,95,89.62%,11,10.38,106,3,2.83%,3,2.83%,92,86.79%,8,7.55%,6,5.66,106
CRIANÇA,0 a < 5 anos,2025,SUL,43,RS,431645,SALTO DO JACUI,14,2.83%,38,7.68%,443,89.49%,52,10.51,495,1,0.2%,8,1.62%,432,87.27%,54,10.91%,9,1.82,495
CRIANÇA,0 a < 5 anos,2025,SUL,43,RS,431647,SALVADOR DAS MISSOES,3,1.97%,9,5.92%,140,92.11%,12,7.89,152,1,0.66%,0,-,138,90.79%,13,8.55%,1,0.66,152
CRIANÇA,0 a < 5 anos,2025,SUL,43,RS,431650,SALVADOR DO SUL,5,1.36%,16,4.34%,348,94.31%,21,5.69,369,0,-,6,1.63%,335,90.79%,28,7.59%,6,1.63,369
CRIANÇA,0 a < 5 anos,2025,SUL,43,RS,431660,SANANDUVA,11,2.2%,19,3.8%,470,94%,30,6.0,500,2,0.4%,7,1.4%,452,90.4%,39,7.8%,9,1.8,500
CRIANÇA,0 a < 5 anos,2025,SUL,43,RS,431670,SANTA BARBARA DO SUL,4,1.24%,14,4.33%,305,94.43%,18,5.57,323,0,-,3,0.93%,292,90.4%,28,8.67%,3,0.93,323
CRIANÇA,0 a < 5 anos,2025,SUL,43,RS,431673,SANTA CECILIA DO SUL,2,4.26%,0,-,45,95.74%,2,4.26,47,0,-,0,-,43,91.49%,4,8.51%,0,0.0,47
CRIANÇA,0 a < 5 anos,2025,SUL,43,RS,431675,SANTA CLARA DO SUL,15,5.36%,20,7.14%,245,87.5%,35,12.5,280,1,0.36%,2,0.71%,255,91.07%,22,7.86%,3,1.07,280
CRIANÇA,0 a < 5 anos,2025,SUL,43,RS,431680,SANTA CRUZ DO SUL,105,3.31%,172,5.42%,2899,91.28%,277,8.72,3176,20,0.63%,34,1.07%,2846,89.61%,276,8.69%,54,1.7,3176
CRIANÇA,0 a < 5 anos,2025,SUL,43,RS,431690,SANTA MARIA,138,2.94%,299,6.37%,4259,90.69%,437,9.31,4696,32,0.68%,92,1.96%,4160,88.59%,412,8.77%,124,2.64,4696
CRIANÇA,0 a < 5 anos,2025,SUL,43,RS,431695,SANTA MARIA DO HERVAL,3,8.11%,2,5.41%,32,86.49%,5,13.51,37,0,-,1,2.7%,31,83.78%,5,13.51%,1,2.7,37
CRIANÇA,0 a < 5 anos,2025,SUL,43,RS,431697,SANTA MARGARIDA DO SUL,8,8.33%,8,8.33%,80,83.33%,16,16.67,96,0,-,3,3.13%,89,92.71%,4,4.17%,3,3.12,96
CRIANÇA,0 a < 5 anos,2025,SUL,43,RS,431700,SANTANA DA BOA VISTA,37,18.78%,37,18.78%,123,62.44%,74,37.56,197,8,4.06%,8,4.06%,166,84.26%,15,7.61%,16,8.12,197
CRIANÇA,0 a < 5 anos,2025,SUL,43,RS,431710,SANT'ANA DO LIVRAMENTO,67,2.65%,146,5.78%,2313,91.57%,213,8.43,2526,9,0.36%,26,1.03%,2261,89.51%,230,9.11%,35,1.39,2526
CRIANÇA,0 a < 5 anos,2025,SUL,43,RS,431720,SANTA ROSA,92,3.29%,154,5.51%,2547,91.19%,246,8.81,2793,20,0.72%,55,1.97%,2540,90.94%,178,6.37%,75,2.69,2793
CRIANÇA,0 a < 5 anos,2025,SUL,43,RS,431725,SANTA TEREZA,0,-,0,-,6,100%,0,0.0,6,0,-,0,-,6,100%,0,-,0,0.0,6
CRIANÇA,0 a < 5 anos,2025,SUL,43,RS,431730,SANTA VITORIA DO PALMAR,84,7.07%,79,6.65%,1025,86.28%,163,13.72,1188,26,2.19%,22,1.85%,998,84.01%,142,11.95%,48,4.04,1188
CRIANÇA,0 a < 5 anos,2025,SUL,43,RS,431740,SANTIAGO,18,2.07%,49,5.65%,801,92.28%,67,7.72,868,2,0.23%,17,1.96%,766,88.25%,83,9.56%,19,2.19,868
CRIANÇA,0 a < 5 anos,2025,SUL,43,RS,431750,SANTO ANGELO,208,9.03%,171,7.42%,1925,83.55%,379,16.45,2304,21,0.91%,60,2.6%,2022,87.76%,201,8.72%,81,3.52,2304
CRIANÇA,0 a < 5 anos,2025,SUL,43,RS,431755,SANTO ANTONIO DO PALMA,1,1.18%,1,1.18%,83,97.65%,2,2.35,85,0,-,0,-,76,89.41%,9,10.59%,0,0.0,85
CRIANÇA,0 a < 5 anos,2025,SUL,43,RS,431760,SANTO ANTONIO DA PATRULHA,12,0.72%,50,3.01%,1601,96.27%,62,3.73,1663,5,0.3%,23,1.38%,1536,92.36%,99,5.95%,28,1.68,1663
CRIANÇA,0 a < 5 anos,2025,SUL,43,RS,431770,SANTO ANTONIO DAS MISSOES,59,15.13%,27,6.92%,304,77.95%,86,22.05,390,9,2.31%,14,3.59%,314,80.51%,53,13.59%,23,5.9,390
CRIANÇA,0 a < 5 anos,2025,SUL,43,RS,431775,SANTO ANTONIO DO PLANALTO,2,2.7%,3,4.05%,69,93.24%,5,6.76,74,1,1.35%,0,-,66,89.19%,7,9.46%,1,1.35,74
CRIANÇA,0 a < 5 anos,2025,SUL,43,RS,431780,SANTO AUGUSTO,18,3.1%,19,3.28%,543,93.62%,37,6.38,580,1,0.17%,8,1.38%,522,90%,49,8.45%,9,1.55,580
CRIANÇA,0 a < 5 anos,2025,SUL,43,RS,431790,SANTO CRISTO,6,1.65%,12,3.31%,345,95.04%,18,4.96,363,2,0.55%,4,1.1%,333,91.74%,24,6.61%,6,1.65,363
CRIANÇA,0 a < 5 anos,2025,SUL,43,RS,431795,SANTO EXPEDITO DO SUL,9,8.57%,4,3.81%,92,87.62%,13,12.38,105,1,0.95%,3,2.86%,91,86.67%,10,9.52%,4,3.81,105
CRIANÇA,0 a < 5 anos,2025,SUL,43,RS,431800,SAO BORJA,56,4.25%,70,5.31%,1193,90.45%,126,9.55,1319,12,0.91%,20,1.52%,1140,86.43%,147,11.14%,32,2.43,1319
CRIANÇA,0 a < 5 anos,2025,SUL,43,RS,431805,SAO DOMINGOS DO SUL,1,0.85%,5,4.24%,112,94.92%,6,5.08,118,0,-,1,0.85%,115,97.46%,2,1.69%,1,0.85,118
CRIANÇA,0 a < 5 anos,2025,SUL,43,RS,431810,SAO FRANCISCO DE ASSIS,15,4.23%,26,7.32%,314,88.45%,41,11.55,355,4,1.13%,9,2.54%,303,85.35%,39,10.99%,13,3.66,355
CRIANÇA,0 a < 5 anos,2025,SUL,43,RS,431820,SAO FRANCISCO DE PAULA,17,4.79%,14,3.94%,324,91.27%,31,8.73,355,4,1.13%,7,1.97%,305,85.92%,39,10.99%,11,3.1,355
CRIANÇA,0 a < 5 anos,2025,SUL,43,RS,431830,SAO GABRIEL,407,16.44%,235,9.49%,1834,74.07%,642,25.93,2476,152,6.14%,116,4.68%,2002,80.86%,206,8.32%,268,10.82,2476
CRIANÇA,0 a < 5 anos,2025,SUL,43,RS,431840,SAO JERONIMO,16,2.24%,42,5.87%,657,91.89%,58,8.11,715,2,0.28%,12,1.68%,645,90.21%,56,7.83%,14,1.96,715
CRIANÇA,0 a < 5 anos,2025,SUL,43,RS,431842,SAO JOAO DA URTIGA,2,1.4%,10,6.99%,131,91.61%,12,8.39,143,0,-,2,1.4%,137,95.8%,4,2.8%,2,1.4,143
CRIANÇA,0 a < 5 anos,2025,SUL,43,RS,431843,SAO JOAO DO POLESINE,2,1.75%,3,2.63%,109,95.61%,5,4.39,114,0,-,1,0.88%,98,85.96%,15,13.16%,1,0.88,114
CRIANÇA,0 a < 5 anos,2025,SUL,43,RS,431844,SAO JORGE,0,-,5,6.58%,71,93.42%,5,6.58,76,0,-,0,-,72,94.74%,4,5.26%,0,0.0,76
CRIANÇA,0 a < 5 anos,2025,SUL,43,RS,431845,SAO JOSE DAS MISSOES,1,1.19%,2,2.38%,81,96.43%,3,3.57,84,0,-,0,-,82,97.62%,2,2.38%,0,0.0,84
CRIANÇA,0 a < 5 anos,2025,SUL,43,RS,431846,SAO JOSE DO HERVAL,0,-,3,2.7%,108,97.3%,3,2.7,111,1,0.9%,0,-,103,92.79%,7,6.31%,1,0.9,111
CRIANÇA,0 a < 5 anos,2025,SUL,43,RS,431848,SAO JOSE DO HORTENCIO,0,-,2,1.11%,178,98.89%,2,1.11,180,0,-,0,-,160,88.89%,20,11.11%,0,0.0,180
CRIANÇA,0 a < 5 anos,2025,SUL,43,RS,431849,SAO JOSE DO INHACORA,0,-,3,2.59%,113,97.41%,3,2.59,116,0,-,0,-,107,92.24%,9,7.76%,0,0.0,116
CRIANÇA,0 a < 5 anos,2025,SUL,43,RS,431850,SAO JOSE DO NORTE,35,4.88%,41,5.72%,641,89.4%,76,10.6,717,6,0.84%,11,1.53%,621,86.61%,79,11.02%,17,2.37,717
CRIANÇA,0 a < 5 anos,2025,SUL,43,RS,431860,SAO JOSE DO OURO,4,3.13%,10,7.81%,114,89.06%,14,10.94,128,2,1.56%,0,-,119,92.97%,7,5.47%,2,1.56,128
CRIANÇA,0 a < 5 anos,2025,SUL,43,RS,431861,SAO JOSE DO SUL,2,1.23%,3,1.84%,158,96.93%,5,3.07,163,0,-,3,1.84%,147,90.18%,13,7.98%,3,1.84,163
CRIANÇA,0 a < 5 anos,2025,SUL,43,RS,431862,SAO JOSE DOS AUSENTES,15,5.24%,15,5.24%,256,89.51%,30,10.49,286,1,0.35%,4,1.4%,267,93.36%,14,4.9%,5,1.75,286
CRIANÇA,0 a < 5 anos,2025,SUL,43,RS,431870,SAO LEOPOLDO,97,3.11%,246,7.9%,2771,88.99%,343,11.01,3114,8,0.26%,42,1.35%,2796,89.79%,268,8.61%,50,1.61,3114
CRIANÇA,0 a < 5 anos,2025,SUL,43,RS,431880,SAO LOURENCO DO SUL,54,5.09%,60,5.66%,946,89.25%,114,10.75,1060,15,1.42%,25,2.36%,882,83.21%,138,13.02%,40,3.77,1060
CRIANÇA,0 a < 5 anos,2025,SUL,43,RS,431890,SAO LUIZ GONZAGA,80,5.94%,96,7.13%,1171,86.93%,176,13.07,1347,5,0.37%,20,1.48%,1216,90.27%,106,7.87%,25,1.86,1347
CRIANÇA,0 a < 5 anos,2025,SUL,43,RS,431900,SAO MARCOS,25,5.2%,26,5.41%,430,89.4%,51,10.6,481,3,0.62%,6,1.25%,437,90.85%,35,7.28%,9,1.87,481
CRIANÇA,0 a < 5 anos,2025,SUL,43,RS,431910,SAO MARTINHO,13,5.96%,8,3.67%,197,90.37%,21,9.63,218,4,1.83%,4,1.83%,196,89.91%,14,6.42%,8,3.67,218
CRIANÇA,0 a < 5 anos,2025,SUL,43,RS,431912,SAO MARTINHO DA SERRA,4,2.55%,14,8.92%,139,88.54%,18,11.46,157,0,-,5,3.18%,136,86.62%,16,10.19%,5,3.18,157
CRIANÇA,0 a < 5 anos,2025,SUL,43,RS,431915,SAO MIGUEL DAS MISSOES,4,1.32%,10,3.31%,288,95.36%,14,4.64,302,0,-,2,0.66%,274,90.73%,26,8.61%,2,0.66,302
CRIANÇA,0 a < 5 anos,2025,SUL,43,RS,431920,SAO NICOLAU,1,0.58%,2,1.17%,168,98.25%,3,1.75,171,0,-,1,0.58%,158,92.4%,12,7.02%,1,0.58,171
CRIANÇA,0 a < 5 anos,2025,SUL,43,RS,431930,SAO PAULO DAS MISSOES,2,1.22%,4,2.44%,158,96.34%,6,3.66,164,1,0.61%,2,1.22%,139,84.76%,22,13.41%,3,1.83,164
CRIANÇA,0 a < 5 anos,2025,SUL,43,RS,431935,SAO PEDRO DA SERRA,3,1.51%,10,5.03%,186,93.47%,13,6.53,199,0,-,5,2.51%,173,86.93%,21,10.55%,5,2.51,199
CRIANÇA,0 a < 5 anos,2025,SUL,43,RS,431936,SAO PEDRO DAS MISSOES,5,5.21%,11,11.46%,80,83.33%,16,16.67,96,0,-,1,1.04%,86,89.58%,9,9.38%,1,1.04,96
CRIANÇA,0 a < 5 anos,2025,SUL,43,RS,431937,SAO PEDRO DO BUTIA,3,2.01%,4,2.68%,142,95.3%,7,4.7,149,1,0.67%,1,0.67%,138,92.62%,9,6.04%,2,1.34,149
CRIANÇA,0 a < 5 anos,2025,SUL,43,RS,431940,SAO PEDRO DO SUL,58,10.18%,33,5.79%,479,84.04%,91,15.96,570,14,2.46%,32,5.61%,469,82.28%,55,9.65%,46,8.07,570
CRIANÇA,0 a < 5 anos,2025,SUL,43,RS,431950,SAO SEBASTIAO DO CAI,51,10.81%,41,8.69%,380,80.51%,92,19.49,472,10,2.12%,18,3.81%,408,86.44%,36,7.63%,28,5.93,472
CRIANÇA,0 a < 5 anos,2025,SUL,43,RS,431960,SAO SEPE,71,7.9%,66,7.34%,762,84.76%,137,15.24,899,24,2.67%,21,2.34%,765,85.09%,89,9.9%,45,5.01,899
CRIANÇA,0 a < 5 anos,2025,SUL,43,RS,431970,SAO VALENTIM,3,2.03%,6,4.05%,139,93.92%,9,6.08,148,2,1.35%,2,1.35%,134,90.54%,10,6.76%,4,2.7,148
CRIANÇA,0 a < 5 anos,2025,SUL,43,RS,431971,SAO VALENTIM DO SUL,1,1.19%,1,1.19%,82,97.62%,2,2.38,84,1,1.19%,0,-,79,94.05%,4,4.76%,1,1.19,84
CRIANÇA,0 a < 5 anos,2025,SUL,43,RS,431973,SAO VALERIO DO SUL,8,4.94%,33,20.37%,121,74.69%,41,25.31,162,0,-,0,-,146,90.12%,16,9.88%,0,0.0,162
CRIANÇA,0 a < 5 anos,2025,SUL,43,RS,431975,SAO VENDELINO,2,2.99%,2,2.99%,63,94.03%,4,5.97,67,0,-,0,-,58,86.57%,9,13.43%,0,0.0,67
CRIANÇA,0 a < 5 anos,2025,SUL,43,RS,431980,SAO VICENTE DO SUL,47,14.6%,28,8.7%,247,76.71%,75,23.29,322,3,0.93%,8,2.48%,269,83.54%,42,13.04%,11,3.42,322
CRIANÇA,0 a < 5 anos,2025,SUL,43,RS,431990,SAPIRANGA,224,6.95%,179,5.55%,2822,87.5%,403,12.5,3225,12,0.37%,38,1.18%,2961,91.81%,214,6.64%,50,1.55,3225
CRIANÇA,0 a < 5 anos,2025,SUL,43,RS,432000,SAPUCAIA DO SUL,66,2.57%,158,6.16%,2343,91.27%,224,8.73,2567,18,0.7%,36,1.4%,2280,88.82%,233,9.08%,54,2.1,2567
CRIANÇA,0 a < 5 anos,2025,SUL,43,RS,432010,SARANDI,15,3.08%,26,5.34%,446,91.58%,41,8.42,487,3,0.62%,3,0.62%,441,90.55%,40,8.21%,6,1.23,487
CRIANÇA,0 a < 5 anos,2025,SUL,43,RS,432020,SEBERI,121,21.68%,44,7.89%,393,70.43%,165,29.57,558,8,1.43%,8,1.43%,504,90.32%,38,6.81%,16,2.87,558
CRIANÇA,0 a < 5 anos,2025,SUL,43,RS,432023,SEDE NOVA,5,4.76%,7,6.67%,93,88.57%,12,11.43,105,0,-,1,0.95%,96,91.43%,8,7.62%,1,0.95,105
CRIANÇA,0 a < 5 anos,2025,SUL,43,RS,432026,SEGREDO,5,1.75%,8,2.8%,273,95.45%,13,4.55,286,1,0.35%,4,1.4%,254,88.81%,27,9.44%,5,1.75,286
CRIANÇA,0 a < 5 anos,2025,SUL,43,RS,432030,SELBACH,4,2.38%,13,7.74%,151,89.88%,17,10.12,168,3,1.79%,3,1.79%,155,92.26%,7,4.17%,6,3.57,168
CRIANÇA,0 a < 5 anos,2025,SUL,43,RS,432032,SENADOR SALGADO FILHO,2,1.65%,4,3.31%,115,95.04%,6,4.96,121,1,0.83%,2,1.65%,106,87.6%,12,9.92%,3,2.48,121
CRIANÇA,0 a < 5 anos,2025,SUL,43,RS,432035,SENTINELA DO SUL,20,8.37%,28,11.72%,191,79.92%,48,20.08,239,0,-,2,0.84%,206,86.19%,31,12.97%,2,0.84,239
CRIANÇA,0 a < 5 anos,2025,SUL,43,RS,432040,SERAFINA CORREA,14,1.69%,38,4.6%,774,93.7%,52,6.3,826,2,0.24%,12,1.45%,751,90.92%,61,7.38%,14,1.69,826
CRIANÇA,0 a < 5 anos,2025,SUL,43,RS,432045,SERIO,0,-,2,2.6%,75,97.4%,2,2.6,77,0,-,1,1.3%,73,94.81%,3,3.9%,1,1.3,77
CRIANÇA,0 a < 5 anos,2025,SUL,43,RS,432050,SERTAO,9,4.13%,14,6.42%,195,89.45%,23,10.55,218,1,0.46%,9,4.13%,192,88.07%,16,7.34%,10,4.59,218
CRIANÇA,0 a < 5 anos,2025,SUL,43,RS,432055,SERTAO SANTANA,1,0.69%,4,2.78%,139,96.53%,5,3.47,144,0,-,1,0.69%,130,90.28%,13,9.03%,1,0.69,144
CRIANÇA,0 a < 5 anos,2025,SUL,43,RS,432057,SETE DE SETEMBRO,1,1.28%,3,3.85%,74,94.87%,4,5.13,78,1,1.28%,0,-,69,88.46%,8,10.26%,1,1.28,78
CRIANÇA,0 a < 5 anos,2025,SUL,43,RS,432060,SEVERIANO DE ALMEIDA,5,3.65%,6,4.38%,126,91.97%,11,8.03,137,2,1.46%,2,1.46%,126,91.97%,7,5.11%,4,2.92,137
CRIANÇA,0 a < 5 anos,2025,SUL,43,RS,432065,SILVEIRA MARTINS,0,-,2,3.39%,57,96.61%,2,3.39,59,0,-,0,-,50,84.75%,9,15.25%,0,0.0,59
CRIANÇA,0 a < 5 anos,2025,SUL,43,RS,432067,SINIMBU,7,2.67%,12,4.58%,243,92.75%,19,7.25,262,1,0.38%,5,1.91%,236,90.08%,20,7.63%,6,2.29,262
CRIANÇA,0 a < 5 anos,2025,SUL,43,RS,432070,SOBRADINHO,17,2.84%,35,5.85%,546,91.3%,52,8.7,598,0,-,6,1%,546,91.3%,46,7.69%,6,1.0,598
CRIANÇA,0 a < 5 anos,2025,SUL,43,RS,432080,SOLEDADE,60,3.73%,74,4.6%,1476,91.68%,134,8.32,1610,7,0.43%,25,1.55%,1459,90.62%,119,7.39%,32,1.99,1610
CRIANÇA,0 a < 5 anos,2025,SUL,43,RS,432085,TABAI,9,3.27%,21,7.64%,245,89.09%,30,10.91,275,2,0.73%,9,3.27%,249,90.55%,15,5.45%,11,4.0,275
CRIANÇA,0 a < 5 anos,2025,SUL,43,RS,432090,TAPEJARA,8,1.93%,16,3.86%,391,94.22%,24,5.78,415,4,0.96%,6,1.45%,368,88.67%,37,8.92%,10,2.41,415
CRIANÇA,0 a < 5 anos,2025,SUL,43,RS,432100,TAPERA,71,17.79%,43,10.78%,285,71.43%,114,28.57,399,20,5.01%,19,4.76%,335,83.96%,25,6.27%,39,9.77,399
CRIANÇA,0 a < 5 anos,2025,SUL,43,RS,432110,TAPES,26,7.78%,27,8.08%,281,84.13%,53,15.87,334,12,3.59%,7,2.1%,281,84.13%,34,10.18%,19,5.69,334
CRIANÇA,0 a < 5 anos,2025,SUL,43,RS,432120,TAQUARA,34,4.22%,51,6.34%,720,89.44%,85,10.56,805,5,0.62%,11,1.37%,719,89.32%,70,8.7%,16,1.99,805
CRIANÇA,0 a < 5 anos,2025,SUL,43,RS,432130,TAQUARI,20,2.66%,41,5.44%,692,91.9%,61,8.1,753,6,0.8%,6,0.8%,664,88.18%,77,10.23%,12,1.59,753
CRIANÇA,0 a < 5 anos,2025,SUL,43,RS,432132,TAQUARUCU DO SUL,3,2.61%,3,2.61%,109,94.78%,6,5.22,115,0,-,2,1.74%,98,85.22%,15,13.04%,2,1.74,115
CRIANÇA,0 a < 5 anos,2025,SUL,43,RS,432135,TAVARES,7,2.71%,12,4.65%,239,92.64%,19,7.36,258,2,0.78%,5,1.94%,221,85.66%,30,11.63%,7,2.71,258
CRIANÇA,0 a < 5 anos,2025,SUL,43,RS,432140,TENENTE PORTELA,22,2.97%,35,4.73%,683,92.3%,57,7.7,740,3,0.41%,4,0.54%,667,90.14%,66,8.92%,7,0.95,740
CRIANÇA,0 a < 5 anos,2025,SUL,43,RS,432143,TERRA DE AREIA,21,5.61%,36,9.63%,317,84.76%,57,15.24,374,2,0.53%,7,1.87%,332,88.77%,33,8.82%,9,2.41,374
CRIANÇA,0 a < 5 anos,2025,SUL,43,RS,432145,TEUTONIA,13,0.84%,58,3.73%,1485,95.44%,71,4.56,1556,6,0.39%,12,0.77%,1405,90.3%,133,8.55%,18,1.16,1556
CRIANÇA,0 a < 5 anos,2025,SUL,43,RS,432146,TIO HUGO,5,3.05%,11,6.71%,148,90.24%,16,9.76,164,1,0.61%,0,-,149,90.85%,14,8.54%,1,0.61,164
CRIANÇA,0 a < 5 anos,2025,SUL,43,RS,432147,TIRADENTES DO SUL,1,0.7%,1,0.7%,141,98.6%,2,1.4,143,0,-,3,2.1%,129,90.21%,11,7.69%,3,2.1,143
CRIANÇA,0 a < 5 anos,2025,SUL,43,RS,432149,TOROPI,12,12.9%,11,11.83%,70,75.27%,23,24.73,93,1,1.08%,5,5.38%,78,83.87%,9,9.68%,6,6.45,93
CRIANÇA,0 a < 5 anos,2025,SUL,43,RS,432150,TORRES,42,2.65%,71,4.47%,1474,92.88%,113,7.12,1587,5,0.32%,22,1.39%,1424,89.73%,136,8.57%,27,1.7,1587
CRIANÇA,0 a < 5 anos,2025,SUL,43,RS,432160,TRAMANDAI,38,4.12%,72,7.81%,812,88.07%,110,11.93,922,4,0.43%,10,1.08%,832,90.24%,76,8.24%,14,1.52,922
CRIANÇA,0 a < 5 anos,2025,SUL,43,RS,432162,TRAVESSEIRO,1,1.15%,6,6.9%,80,91.95%,7,8.05,87,1,1.15%,0,-,81,93.1%,5,5.75%,1,1.15,87
CRIANÇA,0 a < 5 anos,2025,SUL,43,RS,432163,TRES ARROIOS,0,-,1,2.08%,47,97.92%,1,2.08,48,0,-,0,-,44,91.67%,4,8.33%,0,0.0,48
CRIANÇA,0 a < 5 anos,2025,SUL,43,RS,432166,TRES CACHOEIRAS,3,0.67%,24,5.36%,421,93.97%,27,6.03,448,1,0.22%,5,1.12%,410,91.52%,32,7.14%,6,1.34,448
CRIANÇA,0 a < 5 anos,2025,SUL,43,RS,432170,TRES COROAS,6,1.09%,21,3.83%,522,95.08%,27,4.92,549,1,0.18%,8,1.46%,502,91.44%,38,6.92%,9,1.64,549
CRIANÇA,0 a < 5 anos,2025,SUL,43,RS,432180,TRES DE MAIO,26,4.45%,28,4.79%,530,90.75%,54,9.25,584,5,0.86%,16,2.74%,515,88.18%,48,8.22%,21,3.6,584
CRIANÇA,0 a < 5 anos,2025,SUL,43,RS,432183,TRES FORQUILHAS,2,1.16%,8,4.65%,162,94.19%,10,5.81,172,0,-,2,1.16%,152,88.37%,18,10.47%,2,1.16,172
CRIANÇA,0 a < 5 anos,2025,SUL,43,RS,432185,TRES PALMEIRAS,10,4.37%,24,10.48%,195,85.15%,34,14.85,229,2,0.87%,5,2.18%,203,88.65%,19,8.3%,7,3.06,229
CRIANÇA,0 a < 5 anos,2025,SUL,43,RS,432190,TRES PASSOS,27,3.06%,39,4.42%,816,92.52%,66,7.48,882,8,0.91%,20,2.27%,784,88.89%,70,7.94%,28,3.17,882
CRIANÇA,0 a < 5 anos,2025,SUL,43,RS,432195,TRINDADE DO SUL,8,1.83%,26,5.96%,402,92.2%,34,7.8,436,2,0.46%,4,0.92%,392,89.91%,38,8.72%,6,1.38,436
CRIANÇA,0 a < 5 anos,2025,SUL,43,RS,432200,TRIUNFO,78,9.54%,74,9.05%,666,81.42%,152,18.58,818,17,2.08%,26,3.18%,708,86.55%,67,8.19%,43,5.26,818
CRIANÇA,0 a < 5 anos,2025,SUL,43,RS,432210,TUCUNDUVA,1,0.58%,10,5.81%,161,93.6%,11,6.4,172,0,-,3,1.74%,148,86.05%,21,12.21%,3,1.74,172
CRIANÇA,0 a < 5 anos,2025,SUL,43,RS,432215,TUNAS,1,0.66%,9,5.92%,142,93.42%,10,6.58,152,2,1.32%,6,3.95%,135,88.82%,9,5.92%,8,5.26,152
CRIANÇA,0 a < 5 anos,2025,SUL,43,RS,432218,TUPANCI DO SUL,0,-,1,1.89%,52,98.11%,1,1.89,53,0,-,0,-,48,90.57%,5,9.43%,0,0.0,53
CRIANÇA,0 a < 5 anos,2025,SUL,43,RS,432220,TUPANCIRETA,42,7.2%,43,7.38%,498,85.42%,85,14.58,583,14,2.4%,16,2.74%,497,85.25%,56,9.61%,30,5.15,583
CRIANÇA,0 a < 5 anos,2025,SUL,43,RS,432225,TUPANDI,2,0.89%,4,1.79%,218,97.32%,6,2.68,224,0,-,1,0.45%,198,88.39%,25,11.16%,1,0.45,224
CRIANÇA,0 a < 5 anos,2025,SUL,43,RS,432230,TUPARENDI,4,2.09%,7,3.66%,180,94.24%,11,5.76,191,2,1.05%,2,1.05%,174,91.1%,13,6.81%,4,2.09,191
CRIANÇA,0 a < 5 anos,2025,SUL,43,RS,432232,TURUCU,1,1.1%,6,6.59%,84,92.31%,7,7.69,91,0,-,1,1.1%,78,85.71%,12,13.19%,1,1.1,91
CRIANÇA,0 a < 5 anos,2025,SUL,43,RS,432234,UBIRETAMA,1,2.44%,2,4.88%,38,92.68%,3,7.32,41,0,-,0,-,38,92.68%,3,7.32%,0,0.0,41
CRIANÇA,0 a < 5 anos,2025,SUL,43,RS,432235,UNIAO DA SERRA,0,-,0,-,15,100%,0,0.0,15,0,-,0,-,11,73.33%,4,26.67%,0,0.0,15
CRIANÇA,0 a < 5 anos,2025,SUL,43,RS,432237,UNISTALDA,1,1.92%,5,9.62%,46,88.46%,6,11.54,52,0,-,1,1.92%,49,94.23%,2,3.85%,1,1.92,52
CRIANÇA,0 a < 5 anos,2025,SUL,43,RS,432240,URUGUAIANA,206,5.16%,246,6.16%,3542,88.68%,452,11.32,3994,40,1%,81,2.03%,3582,89.68%,291,7.29%,121,3.03,3994
CRIANÇA,0 a < 5 anos,2025,SUL,43,RS,432250,VACARIA,133,4.54%,179,6.11%,2616,89.34%,312,10.66,2928,49,1.67%,57,1.95%,2611,89.17%,211,7.21%,106,3.62,2928
CRIANÇA,0 a < 5 anos,2025,SUL,43,RS,432252,VALE VERDE,3,1.94%,7,4.52%,145,93.55%,10,6.45,155,1,0.65%,0,-,137,88.39%,17,10.97%,1,0.65,155
CRIANÇA,0 a < 5 anos,2025,SUL,43,RS,432253,VALE DO SOL,3,0.88%,15,4.39%,324,94.74%,18,5.26,342,1,0.29%,4,1.17%,299,87.43%,38,11.11%,5,1.46,342
CRIANÇA,0 a < 5 anos,2025,SUL,43,RS,432254,VALE REAL,2,0.87%,7,3.03%,222,96.1%,9,3.9,231,3,1.3%,4,1.73%,206,89.18%,18,7.79%,7,3.03,231
CRIANÇA,0 a < 5 anos,2025,SUL,43,RS,432255,VANINI,5,6.49%,1,1.3%,71,92.21%,6,7.79,77,2,2.6%,0,-,73,94.81%,2,2.6%,2,2.6,77
CRIANÇA,0 a < 5 anos,2025,SUL,43,RS,432260,VENANCIO AIRES,21,1.16%,63,3.49%,1719,95.34%,84,4.66,1803,6,0.33%,23,1.28%,1622,89.96%,152,8.43%,29,1.61,1803
CRIANÇA,0 a < 5 anos,2025,SUL,43,RS,432270,VERA CRUZ,19,1.58%,36,2.99%,1150,95.44%,55,4.56,1205,8,0.66%,13,1.08%,1067,88.55%,117,9.71%,21,1.74,1205
CRIANÇA,0 a < 5 anos,2025,SUL,43,RS,432280,VERANOPOLIS,24,3.4%,30,4.26%,651,92.34%,54,7.66,705,4,0.57%,12,1.7%,638,90.5%,51,7.23%,16,2.27,705
CRIANÇA,0 a < 5 anos,2025,SUL,43,RS,432285,VESPASIANO CORREA,3,4.11%,5,6.85%,65,89.04%,8,10.96,73,1,1.37%,0,-,68,93.15%,4,5.48%,1,1.37,73
CRIANÇA,0 a < 5 anos,2025,SUL,43,RS,432290,VIADUTOS,3,2.73%,8,7.27%,99,90%,11,10.0,110,1,0.91%,2,1.82%,98,89.09%,9,8.18%,3,2.73,110
CRIANÇA,0 a < 5 anos,2025,SUL,43,RS,432300,VIAMAO,427,4.87%,658,7.51%,7681,87.62%,1085,12.38,8766,69,0.79%,155,1.77%,7836,89.39%,706,8.05%,224,2.56,8766
CRIANÇA,0 a < 5 anos,2025,SUL,43,RS,432310,VICENTE DUTRA,27,11.39%,20,8.44%,190,80.17%,47,19.83,237,3,1.27%,8,3.38%,208,87.76%,18,7.59%,11,4.64,237
CRIANÇA,0 a < 5 anos,2025,SUL,43,RS,432320,VICTOR GRAEFF,1,0.81%,3,2.42%,120,96.77%,4,3.23,124,0,-,1,0.81%,113,91.13%,10,8.06%,1,0.81,124
CRIANÇA,0 a < 5 anos,2025,SUL,43,RS,432330,VILA FLORES,2,1.14%,9,5.14%,164,93.71%,11,6.29,175,0,-,3,1.71%,165,94.29%,7,4%,3,1.71,175
CRIANÇA,0 a < 5 anos,2025,SUL,43,RS,432335,VILA LANGARO,1,1.89%,0,-,52,98.11%,1,1.89,53,0,-,1,1.89%,49,92.45%,3,5.66%,1,1.89,53
CRIANÇA,0 a < 5 anos,2025,SUL,43,RS,432340,VILA MARIA,9,5.06%,3,1.69%,166,93.26%,12,6.74,178,2,1.12%,1,0.56%,151,84.83%,24,13.48%,3,1.69,178
CRIANÇA,0 a < 5 anos,2025,SUL,43,RS,432345,VILA NOVA DO SUL,7,3.32%,5,2.37%,199,94.31%,12,5.69,211,3,1.42%,3,1.42%,180,85.31%,25,11.85%,6,2.84,211
CRIANÇA,0 a < 5 anos,2025,SUL,43,RS,432350,VISTA ALEGRE,4,2.99%,13,9.7%,117,87.31%,17,12.69,134,0,-,0,-,122,91.04%,12,8.96%,0,0.0,134
CRIANÇA,0 a < 5 anos,2025,SUL,43,RS,432360,VISTA ALEGRE DO PRATA,0,-,2,4.17%,46,95.83%,2,4.17,48,0,-,1,2.08%,46,95.83%,1,2.08%,1,2.08,48
CRIANÇA,0 a < 5 anos,2025,SUL,43,RS,432370,VISTA GAUCHA,1,2.17%,0,-,45,97.83%,1,2.17,46,0,-,1,2.17%,41,89.13%,4,8.7%,1,2.17,46
CRIANÇA,0 a < 5 anos,2025,SUL,43,RS,432375,VITORIA DAS MISSOES,1,1.27%,6,7.59%,72,91.14%,7,8.86,79,0,-,1,1.27%,73,92.41%,5,6.33%,1,1.27,79
CRIANÇA,0 a < 5 anos,2025,SUL,43,RS,432377,WESTFALIA,0,-,3,2.24%,131,97.76%,3,2.24,134,0,-,1,0.75%,121,90.3%,12,8.96%,1,0.75,134
CRIANÇA,0 a < 5 anos,2025,SUL,43,RS,432380,XANGRI-LA,10,4.42%,25,11.06%,191,84.51%,35,15.49,226,0,-,6,2.65%,207,91.59%,13,5.75%,6,2.65,226
CRIANÇA,0 a < 5 anos,2025,CENTRO-OESTE,50,MS,500020,AGUA CLARA,23,1.9%,56,4.62%,1133,93.48%,79,6.52,1212,7,0.58%,13,1.07%,1126,92.9%,66,5.45%,20,1.65,1212
CRIANÇA,0 a < 5 anos,2025,CENTRO-OESTE,50,MS,500025,ALCINOPOLIS,5,2.04%,6,2.45%,234,95.51%,11,4.49,245,2,0.82%,5,2.04%,217,88.57%,21,8.57%,7,2.86,245
CRIANÇA,0 a < 5 anos,2025,CENTRO-OESTE,50,MS,500060,AMAMBAI,85,3.9%,191,8.77%,1901,87.32%,276,12.68,2177,15,0.69%,37,1.7%,2026,93.06%,99,4.55%,52,2.39,2177
CRIANÇA,0 a < 5 anos,2025,CENTRO-OESTE,50,MS,500070,ANASTACIO,64,3.88%,86,5.21%,1501,90.91%,150,9.09,1651,7,0.42%,28,1.7%,1494,90.49%,122,7.39%,35,2.12,1651
CRIANÇA,0 a < 5 anos,2025,CENTRO-OESTE,50,MS,500080,ANAURILANDIA,7,3.47%,7,3.47%,188,93.07%,14,6.93,202,2,0.99%,4,1.98%,187,92.57%,9,4.46%,6,2.97,202
CRIANÇA,0 a < 5 anos,2025,CENTRO-OESTE,50,MS,500085,ANGELICA,27,3.9%,48,6.94%,617,89.16%,75,10.84,692,5,0.72%,20,2.89%,625,90.32%,42,6.07%,25,3.61,692
CRIANÇA,0 a < 5 anos,2025,CENTRO-OESTE,50,MS,500090,ANTONIO JOAO,22,4.06%,44,8.12%,476,87.82%,66,12.18,542,2,0.37%,9,1.66%,506,93.36%,25,4.61%,11,2.03,542
CRIANÇA,0 a < 5 anos,2025,CENTRO-OESTE,50,MS,500100,APARECIDA DO TABOADO,31,2.16%,88,6.14%,1314,91.7%,119,8.3,1433,6,0.42%,15,1.05%,1306,91.14%,106,7.4%,21,1.47,1433
CRIANÇA,0 a < 5 anos,2025,CENTRO-OESTE,50,MS,500110,AQUIDAUANA,172,5.57%,263,8.51%,2655,85.92%,435,14.08,3090,24,0.78%,65,2.1%,2817,91.14%,185,5.99%,89,2.88,3091
CRIANÇA,0 a < 5 anos,2025,CENTRO-OESTE,50,MS,500124,ARAL MOREIRA,43,5.86%,60,8.17%,631,85.97%,103,14.03,734,7,0.95%,20,2.72%,662,90.19%,45,6.13%,27,3.68,734
CRIANÇA,0 a < 5 anos,2025,CENTRO-OESTE,50,MS,500150,BANDEIRANTES,9,2.19%,21,5.11%,381,92.7%,30,7.3,411,3,0.73%,6,1.46%,373,90.75%,29,7.06%,9,2.19,411
CRIANÇA,0 a < 5 anos,2025,CENTRO-OESTE,50,MS,500190,BATAGUASSU,28,2.1%,71,5.33%,1234,92.57%,99,7.43,1333,11,0.83%,24,1.8%,1196,89.72%,102,7.65%,35,2.63,1333
CRIANÇA,0 a < 5 anos,2025,CENTRO-OESTE,50,MS,500200,BATAYPORA,6,1%,31,5.15%,565,93.85%,37,6.15,602,1,0.17%,7,1.16%,561,93.19%,33,5.48%,8,1.33,602
CRIANÇA,0 a < 5 anos,2025,CENTRO-OESTE,50,MS,500210,BELA VISTA,53,4.93%,69,6.42%,953,88.65%,122,11.35,1075,3,0.28%,20,1.86%,986,91.72%,66,6.14%,23,2.14,1075
CRIANÇA,0 a < 5 anos,2025,CENTRO-OESTE,50,MS,500215,BODOQUENA,27,7.48%,35,9.7%,299,82.83%,62,17.17,361,2,0.55%,3,0.83%,324,89.75%,32,8.86%,5,1.39,361
CRIANÇA,0 a < 5 anos,2025,CENTRO-OESTE,50,MS,500220,BONITO,42,3.49%,67,5.56%,1096,90.95%,109,9.05,1205,1,0.08%,22,1.83%,1077,89.38%,105,8.71%,23,1.91,1205
CRIANÇA,0 a < 5 anos,2025,CENTRO-OESTE,50,MS,500230,BRASILANDIA,10,1.51%,32,4.84%,619,93.65%,42,6.35,661,3,0.45%,5,0.76%,531,80.33%,122,18.46%,8,1.21,661
CRIANÇA,0 a < 5 anos,2025,CENTRO-OESTE,50,MS,500240,CAARAPO,57,3.75%,105,6.91%,1357,89.34%,162,10.66,1519,15,0.99%,35,2.3%,1399,92.1%,70,4.61%,50,3.29,1519
CRIANÇA,0 a < 5 anos,2025,CENTRO-OESTE,50,MS,500260,CAMAPUA,25,3.12%,50,6.23%,727,90.65%,75,9.35,802,1,0.12%,20,2.49%,732,91.27%,49,6.11%,21,2.62,802
CRIANÇA,0 a < 5 anos,2025,CENTRO-OESTE,50,MS,500270,CAMPO GRANDE,1105,3.86%,1809,6.31%,25743,89.83%,2914,10.17,28657,208,0.73%,528,1.84%,26232,91.54%,1689,5.89%,736,2.57,28657
CRIANÇA,0 a < 5 anos,2025,CENTRO-OESTE,50,MS,500280,CARACOL,9,2.47%,28,7.67%,328,89.86%,37,10.14,365,3,0.82%,4,1.1%,336,92.05%,22,6.03%,7,1.92,365
CRIANÇA,0 a < 5 anos,2025,CENTRO-OESTE,50,MS,500290,CASSILANDIA,137,10.76%,127,9.98%,1009,79.26%,264,20.74,1273,47,3.69%,68,5.34%,1112,87.35%,46,3.61%,115,9.03,1273
CRIANÇA,0 a < 5 anos,2025,CENTRO-OESTE,50,MS,500295,CHAPADAO DO SUL,31,1.57%,102,5.17%,1839,93.26%,133,6.74,1972,10,0.51%,28,1.42%,1825,92.55%,109,5.53%,38,1.93,1972
CRIANÇA,0 a < 5 anos,2025,CENTRO-OESTE,50,MS,500310,CORGUINHO,5,3.14%,16,10.06%,138,86.79%,21,13.21,159,2,1.26%,2,1.26%,142,89.31%,13,8.18%,4,2.52,159
CRIANÇA,0 a < 5 anos,2025,CENTRO-OESTE,50,MS,500315,CORONEL SAPUCAIA,59,4.52%,81,6.21%,1165,89.27%,140,10.73,1305,13,1%,21,1.61%,1207,92.49%,64,4.9%,34,2.61,1305
CRIANÇA,0 a < 5 anos,2025,CENTRO-OESTE,50,MS,500320,CORUMBA,171,3.88%,306,6.95%,3925,89.16%,477,10.84,4402,20,0.45%,87,1.98%,4034,91.64%,261,5.93%,107,2.43,4402
CRIANÇA,0 a < 5 anos,2025,CENTRO-OESTE,50,MS,500325,COSTA RICA,76,4.71%,115,7.12%,1424,88.17%,191,11.83,1615,13,0.8%,38,2.35%,1459,90.34%,105,6.5%,51,3.16,1615
CRIANÇA,0 a < 5 anos,2025,CENTRO-OESTE,50,MS,500330,COXIM,29,2.11%,78,5.67%,1268,92.22%,107,7.78,1375,5,0.36%,25,1.82%,1262,91.78%,83,6.04%,30,2.18,1375
CRIANÇA,0 a < 5 anos,2025,CENTRO-OESTE,50,MS,500345,DEODAPOLIS,9,1.16%,32,4.13%,734,94.71%,41,5.29,775,0,-,4,0.52%,706,91.1%,65,8.39%,4,0.52,775
CRIANÇA,0 a < 5 anos,2025,CENTRO-OESTE,50,MS,500348,DOIS IRMAOS DO BURITI,15,3.36%,22,4.92%,410,91.72%,37,8.28,447,0,-,7,1.57%,412,92.17%,28,6.26%,7,1.57,447
CRIANÇA,0 a < 5 anos,2025,CENTRO-OESTE,50,MS,500350,DOURADINA,16,5.76%,19,6.83%,243,87.41%,35,12.59,278,2,0.72%,6,2.16%,257,92.45%,13,4.68%,8,2.88,278
CRIANÇA,0 a < 5 anos,2025,CENTRO-OESTE,50,MS,500370,DOURADOS,262,2.58%,595,5.86%,9297,91.56%,857,8.44,10154,66,0.65%,195,1.92%,9363,92.21%,530,5.22%,261,2.57,10154
CRIANÇA,0 a < 5 anos,2025,CENTRO-OESTE,50,MS,500375,ELDORADO,48,8.97%,39,7.29%,448,83.74%,87,16.26,535,3,0.56%,9,1.68%,493,92.15%,30,5.61%,12,2.24,535
CRIANÇA,0 a < 5 anos,2025,CENTRO-OESTE,50,MS,500380,FATIMA DO SUL,12,1.31%,48,5.26%,853,93.43%,60,6.57,913,3,0.33%,22,2.41%,822,90.03%,66,7.23%,25,2.74,913
CRIANÇA,0 a < 5 anos,2025,CENTRO-OESTE,50,MS,500390,FIGUEIRAO,2,1.11%,11,6.11%,167,92.78%,13,7.22,180,0,-,1,0.56%,161,89.44%,18,10%,1,0.56,180
CRIANÇA,0 a < 5 anos,2025,CENTRO-OESTE,50,MS,500400,GLORIA DE DOURADOS,9,1.86%,21,4.33%,455,93.81%,30,6.19,485,3,0.62%,9,1.86%,440,90.72%,33,6.8%,12,2.47,485
CRIANÇA,0 a < 5 anos,2025,CENTRO-OESTE,50,MS,500410,GUIA LOPES DA LAGUNA,12,2.32%,26,5.02%,480,92.66%,38,7.34,518,3,0.58%,11,2.12%,479,92.47%,25,4.83%,14,2.7,518
CRIANÇA,0 a < 5 anos,2025,CENTRO-OESTE,50,MS,500430,IGUATEMI,28,3.54%,40,5.06%,723,91.4%,68,8.6,791,5,0.63%,18,2.28%,706,89.25%,62,7.84%,23,2.91,791
CRIANÇA,0 a < 5 anos,2025,CENTRO-OESTE,50,MS,500440,INOCENCIA,18,2.96%,27,4.44%,563,92.6%,45,7.4,608,1,0.16%,10,1.64%,546,89.8%,51,8.39%,11,1.81,608
CRIANÇA,0 a < 5 anos,2025,CENTRO-OESTE,50,MS,500450,ITAPORA,59,7.2%,58,7.07%,703,85.73%,117,14.27,820,5,0.61%,17,2.07%,740,90.24%,58,7.07%,22,2.68,820
CRIANÇA,0 a < 5 anos,2025,CENTRO-OESTE,50,MS,500460,ITAQUIRAI,53,5.32%,72,7.23%,871,87.45%,125,12.55,996,9,0.9%,23,2.31%,866,86.95%,98,9.84%,32,3.21,996
CRIANÇA,0 a < 5 anos,2025,CENTRO-OESTE,50,MS,500470,IVINHEMA,66,5.41%,98,8.04%,1055,86.55%,164,13.45,1219,9,0.74%,24,1.97%,1076,88.27%,110,9.02%,33,2.71,1219
CRIANÇA,0 a < 5 anos,2025,CENTRO-OESTE,50,MS,500480,JAPORA,40,6.7%,57,9.55%,500,83.75%,97,16.25,597,8,1.34%,25,4.19%,529,88.61%,35,5.86%,33,5.53,597
CRIANÇA,0 a < 5 anos,2025,CENTRO-OESTE,50,MS,500490,JARAGUARI,4,2.84%,5,3.55%,132,93.62%,9,6.38,141,1,0.71%,0,-,133,94.33%,7,4.96%,1,0.71,141
CRIANÇA,0 a < 5 anos,2025,CENTRO-OESTE,50,MS,500500,JARDIM,45,3.25%,79,5.71%,1260,91.04%,124,8.96,1384,5,0.36%,14,1.01%,1282,92.63%,83,6%,19,1.37,1384
CRIANÇA,0 a < 5 anos,2025,CENTRO-OESTE,50,MS,500510,JATEI,5,2.43%,9,4.37%,192,93.2%,14,6.8,206,0,-,2,0.97%,194,94.17%,10,4.85%,2,0.97,206
CRIANÇA,0 a < 5 anos,2025,CENTRO-OESTE,50,MS,500515,JUTI,20,4.56%,24,5.47%,395,89.98%,44,10.02,439,4,0.91%,9,2.05%,398,90.66%,28,6.38%,13,2.96,439
CRIANÇA,0 a < 5 anos,2025,CENTRO-OESTE,50,MS,500520,LADARIO,40,3.57%,81,7.23%,1000,89.21%,121,10.79,1121,5,0.45%,40,3.57%,1036,92.42%,40,3.57%,45,4.01,1121
CRIANÇA,0 a < 5 anos,2025,CENTRO-OESTE,50,MS,500525,LAGUNA CARAPA,16,3.08%,40,7.71%,463,89.21%,56,10.79,519,2,0.39%,8,1.54%,487,93.83%,22,4.24%,10,1.93,519
CRIANÇA,0 a < 5 anos,2025,CENTRO-OESTE,50,MS,500540,MARACAJU,140,4.84%,280,9.67%,2475,85.49%,420,14.51,2895,15,0.52%,78,2.69%,2631,90.88%,171,5.91%,93,3.21,2895
CRIANÇA,0 a < 5 anos,2025,CENTRO-OESTE,50,MS,500560,MIRANDA,90,4.75%,111,5.85%,1695,89.4%,201,10.6,1896,9,0.47%,28,1.48%,1738,91.67%,121,6.38%,37,1.95,1896
CRIANÇA,0 a < 5 anos,2025,CENTRO-OESTE,50,MS,500568,MUNDO NOVO,33,3.82%,53,6.13%,779,90.06%,86,9.94,865,10,1.16%,15,1.73%,764,88.32%,76,8.79%,25,2.89,865
CRIANÇA,0 a < 5 anos,2025,CENTRO-OESTE,50,MS,500570,NAVIRAI,58,2.92%,147,7.39%,1783,89.69%,205,10.31,1988,5,0.25%,31,1.56%,1821,91.6%,131,6.59%,36,1.81,1988
CRIANÇA,0 a < 5 anos,2025,CENTRO-OESTE,50,MS,500580,NIOAQUE,53,6.76%,49,6.25%,682,86.99%,102,13.01,784,6,0.77%,18,2.3%,714,91.07%,46,5.87%,24,3.06,784
CRIANÇA,0 a < 5 anos,2025,CENTRO-OESTE,50,MS,500600,NOVA ALVORADA DO SUL,50,5.59%,62,6.93%,783,87.49%,112,12.51,895,8,0.89%,24,2.68%,800,89.39%,63,7.04%,32,3.58,895
CRIANÇA,0 a < 5 anos,2025,CENTRO-OESTE,50,MS,500620,NOVA ANDRADINA,77,3.78%,125,6.13%,1836,90.09%,202,9.91,2038,25,1.23%,36,1.77%,1852,90.87%,125,6.13%,61,2.99,2038
CRIANÇA,0 a < 5 anos,2025,CENTRO-OESTE,50,MS,500625,NOVO HORIZONTE DO SUL,18,6.27%,21,7.32%,248,86.41%,39,13.59,287,1,0.35%,9,3.14%,262,91.29%,15,5.23%,10,3.48,287
CRIANÇA,0 a < 5 anos,2025,CENTRO-OESTE,50,MS,500627,PARAISO DAS AGUAS,7,1.87%,10,2.67%,358,95.47%,17,4.53,375,3,0.8%,9,2.4%,343,91.47%,20,5.33%,12,3.2,375
CRIANÇA,0 a < 5 anos,2025,CENTRO-OESTE,50,MS,500630,PARANAIBA,43,4.28%,80,7.96%,882,87.76%,123,12.24,1005,8,0.8%,18,1.79%,912,90.75%,67,6.67%,26,2.59,1005
CRIANÇA,0 a < 5 anos,2025,CENTRO-OESTE,50,MS,500635,PARANHOS,64,4.27%,163,10.88%,1271,84.85%,227,15.15,1498,5,0.33%,26,1.74%,1387,92.59%,80,5.34%,31,2.07,1498
CRIANÇA,0 a < 5 anos,2025,CENTRO-OESTE,50,MS,500640,PEDRO GOMES,17,4.47%,24,6.32%,339,89.21%,41,10.79,380,0,-,6,1.58%,343,90.26%,31,8.16%,6,1.58,380
CRIANÇA,0 a < 5 anos,2025,CENTRO-OESTE,50,MS,500660,PONTA PORA,257,4.48%,327,5.7%,5154,89.82%,584,10.18,5738,57,0.99%,103,1.8%,5127,89.38%,449,7.83%,160,2.79,5736
CRIANÇA,0 a < 5 anos,2025,CENTRO-OESTE,50,MS,500690,PORTO MURTINHO,36,3.87%,62,6.66%,833,89.47%,98,10.53,931,6,0.64%,10,1.07%,861,92.48%,54,5.8%,16,1.72,931
CRIANÇA,0 a < 5 anos,2025,CENTRO-OESTE,50,MS,500710,RIBAS DO RIO PARDO,27,1.57%,57,3.32%,1631,95.1%,84,4.9,1715,12,0.7%,21,1.22%,1586,92.48%,96,5.6%,33,1.92,1715
CRIANÇA,0 a < 5 anos,2025,CENTRO-OESTE,50,MS,500720,RIO BRILHANTE,68,4.07%,90,5.39%,1511,90.53%,158,9.47,1669,5,0.3%,26,1.56%,1492,89.39%,146,8.75%,31,1.86,1669
CRIANÇA,0 a < 5 anos,2025,CENTRO-OESTE,50,MS,500730,RIO NEGRO,16,6.04%,12,4.53%,237,89.43%,28,10.57,265,1,0.38%,3,1.13%,248,93.58%,13,4.91%,4,1.51,265
CRIANÇA,0 a < 5 anos,2025,CENTRO-OESTE,50,MS,500740,RIO VERDE DE MATO GROSSO,18,1.7%,60,5.67%,981,92.63%,78,7.37,1059,7,0.66%,15,1.42%,986,93.11%,51,4.82%,22,2.08,1059
CRIANÇA,0 a < 5 anos,2025,CENTRO-OESTE,50,MS,500750,ROCHEDO,8,3.33%,30,12.5%,202,84.17%,38,15.83,240,0,-,3,1.25%,221,92.08%,16,6.67%,3,1.25,240
CRIANÇA,0 a < 5 anos,2025,CENTRO-OESTE,50,MS,500755,SANTA RITA DO PARDO,14,3.37%,32,7.69%,370,88.94%,46,11.06,416,2,0.48%,6,1.44%,363,87.26%,45,10.82%,8,1.92,416
CRIANÇA,0 a < 5 anos,2025,CENTRO-OESTE,50,MS,500769,SAO GABRIEL DO OESTE,35,2.16%,102,6.29%,1485,91.55%,137,8.45,1622,4,0.25%,24,1.48%,1491,91.92%,103,6.35%,28,1.73,1622
CRIANÇA,0 a < 5 anos,2025,CENTRO-OESTE,50,MS,500770,SETE QUEDAS,31,4.86%,36,5.64%,571,89.5%,67,10.5,638,3,0.47%,14,2.19%,584,91.54%,37,5.8%,17,2.66,638
CRIANÇA,0 a < 5 anos,2025,CENTRO-OESTE,50,MS,500780,SELVIRIA,39,9.35%,28,6.71%,350,83.93%,67,16.07,417,13,3.12%,10,2.4%,367,88.01%,27,6.47%,23,5.52,417
CRIANÇA,0 a < 5 anos,2025,CENTRO-OESTE,50,MS,500790,SIDROLANDIA,63,2.89%,136,6.24%,1980,90.87%,199,9.13,2179,15,0.69%,35,1.61%,1958,89.86%,171,7.85%,50,2.29,2179
CRIANÇA,0 a < 5 anos,2025,CENTRO-OESTE,50,MS,500793,SONORA,13,1.8%,42,5.83%,666,92.37%,55,7.63,721,3,0.42%,15,2.08%,633,87.79%,70,9.71%,18,2.5,721
CRIANÇA,0 a < 5 anos,2025,CENTRO-OESTE,50,MS,500795,TACURU,51,7.19%,75,10.58%,583,82.23%,126,17.77,709,4,0.56%,15,2.12%,657,92.67%,33,4.65%,19,2.68,709
CRIANÇA,0 a < 5 anos,2025,CENTRO-OESTE,50,MS,500797,TAQUARUSSU,4,2.13%,15,7.98%,169,89.89%,19,10.11,188,1,0.53%,3,1.6%,171,90.96%,13,6.91%,4,2.13,188
CRIANÇA,0 a < 5 anos,2025,CENTRO-OESTE,50,MS,500800,TERENOS,26,4.91%,26,4.91%,478,90.19%,52,9.81,530,7,1.32%,19,3.58%,458,86.42%,46,8.68%,26,4.91,530
CRIANÇA,0 a < 5 anos,2025,CENTRO-OESTE,50,MS,500830,TRES LAGOAS,138,2.32%,289,4.85%,5528,92.83%,427,7.17,5955,39,0.65%,111,1.86%,5424,91.08%,381,6.4%,150,2.52,5955
CRIANÇA,0 a < 5 anos,2025,CENTRO-OESTE,50,MS,500840,VICENTINA,11,8.46%,11,8.46%,108,83.08%,22,16.92,130,2,1.54%,3,2.31%,118,90.77%,7,5.38%,5,3.85,130
CRIANÇA,0 a < 5 anos,2025,CENTRO-OESTE,51,MT,510010,ACORIZAL,9,3.73%,13,5.39%,219,90.87%,22,9.13,241,1,0.41%,5,2.07%,221,91.7%,14,5.81%,6,2.49,241
CRIANÇA,0 a < 5 anos,2025,CENTRO-OESTE,51,MT,510020,AGUA BOA,57,2.96%,126,6.55%,1740,90.48%,183,9.52,1923,7,0.36%,37,1.92%,1777,92.41%,102,5.3%,44,2.29,1923
CRIANÇA,0 a < 5 anos,2025,CENTRO-OESTE,51,MT,510025,ALTA FLORESTA,97,3.63%,164,6.14%,2410,90.23%,261,9.77,2671,9,0.34%,34,1.27%,2422,90.68%,206,7.71%,43,1.61,2671
CRIANÇA,0 a < 5 anos,2025,CENTRO-OESTE,51,MT,510030,ALTO ARAGUAIA,41,6.08%,54,8.01%,579,85.91%,95,14.09,674,13,1.93%,17,2.52%,601,89.17%,43,6.38%,30,4.45,674
CRIANÇA,0 a < 5 anos,2025,CENTRO-OESTE,51,MT,510035,ALTO BOA VISTA,17,3.3%,19,3.69%,479,93.01%,36,6.99,515,3,0.58%,11,2.14%,479,93.01%,22,4.27%,14,2.72,515
CRIANÇA,0 a < 5 anos,2025,CENTRO-OESTE,51,MT,510040,ALTO GARCAS,99,13.73%,66,9.15%,556,77.12%,165,22.88,721,40,5.55%,42,5.83%,583,80.86%,56,7.77%,82,11.37,721
CRIANÇA,0 a < 5 anos,2025,CENTRO-OESTE,51,MT,510050,ALTO PARAGUAI,16,3.05%,36,6.87%,472,90.08%,52,9.92,524,3,0.57%,8,1.53%,473,90.27%,40,7.63%,11,2.1,524
CRIANÇA,0 a < 5 anos,2025,CENTRO-OESTE,51,MT,510060,ALTO TAQUARI,11,1.79%,36,5.87%,566,92.33%,47,7.67,613,1,0.16%,7,1.14%,563,91.84%,42,6.85%,8,1.31,613
CRIANÇA,0 a < 5 anos,2025,CENTRO-OESTE,51,MT,510080,APIACAS,27,5.68%,28,5.89%,420,88.42%,55,11.58,475,1,0.21%,7,1.47%,436,91.79%,31,6.53%,8,1.68,475
CRIANÇA,0 a < 5 anos,2025,CENTRO-OESTE,51,MT,510100,ARAGUAIANA,7,3.18%,10,4.55%,203,92.27%,17,7.73,220,0,-,8,3.64%,188,85.45%,24,10.91%,8,3.64,220
CRIANÇA,0 a < 5 anos,2025,CENTRO-OESTE,51,MT,510120,ARAGUAINHA,2,2.63%,4,5.26%,70,92.11%,6,7.89,76,0,-,1,1.32%,66,86.84%,9,11.84%,1,1.32,76
CRIANÇA,0 a < 5 anos,2025,CENTRO-OESTE,51,MT,510125,ARAPUTANGA,16,2.21%,27,3.72%,682,94.07%,43,5.93,725,3,0.41%,7,0.97%,664,91.59%,51,7.03%,10,1.38,725
CRIANÇA,0 a < 5 anos,2025,CENTRO-OESTE,51,MT,510130,ARENAPOLIS,31,4.49%,35,5.07%,625,90.45%,66,9.55,691,1,0.14%,13,1.88%,629,91.03%,48,6.95%,14,2.03,691
CRIANÇA,0 a < 5 anos,2025,CENTRO-OESTE,51,MT,510140,ARIPUANA,49,2.95%,93,5.6%,1518,91.45%,142,8.55,1660,7,0.42%,28,1.69%,1543,92.95%,82,4.94%,35,2.11,1660
CRIANÇA,0 a < 5 anos,2025,CENTRO-OESTE,51,MT,510160,BARAO DE MELGACO,7,2.17%,19,5.9%,296,91.93%,26,8.07,322,0,-,6,1.86%,294,91.3%,22,6.83%,6,1.86,322
CRIANÇA,0 a < 5 anos,2025,CENTRO-OESTE,51,MT,510170,BARRA DO BUGRES,26,1.87%,80,5.74%,1287,92.39%,106,7.61,1393,8,0.57%,24,1.72%,1262,90.6%,99,7.11%,32,2.3,1393
CRIANÇA,0 a < 5 anos,2025,CENTRO-OESTE,51,MT,510180,BARRA DO GARCAS,130,4.14%,249,7.92%,2763,87.94%,379,12.06,3142,24,0.76%,61,1.94%,2881,91.69%,176,5.6%,85,2.71,3142
CRIANÇA,0 a < 5 anos,2025,CENTRO-OESTE,51,MT,510183,BOA ESPERANCA DO NORTE,0,-,0,-,0,-,0,0.0,0,0,-,0,-,0,-,0,-,0,0.0,0
CRIANÇA,0 a < 5 anos,2025,CENTRO-OESTE,51,MT,510185,BOM JESUS DO ARAGUAIA,61,12.68%,38,7.9%,382,79.42%,99,20.58,481,29,6.03%,17,3.53%,413,85.86%,22,4.57%,46,9.56,481
CRIANÇA,0 a < 5 anos,2025,CENTRO-OESTE,51,MT,510190,BRASNORTE,57,4.57%,84,6.74%,1106,88.69%,141,11.31,1247,14,1.12%,47,3.77%,1126,90.3%,60,4.81%,61,4.89,1247
CRIANÇA,0 a < 5 anos,2025,CENTRO-OESTE,51,MT,510250,CACERES,111,2.87%,216,5.59%,3534,91.53%,327,8.47,3861,19,0.49%,71,1.84%,3544,91.79%,227,5.88%,90,2.33,3861
CRIANÇA,0 a < 5 anos,2025,CENTRO-OESTE,51,MT,510260,CAMPINAPOLIS,182,12.6%,178,12.32%,1085,75.09%,360,24.91,1445,107,7.41%,57,3.95%,1226,84.9%,54,3.74%,164,11.36,1444
CRIANÇA,0 a < 5 anos,2025,CENTRO-OESTE,51,MT,510263,CAMPO NOVO DO PARECIS,144,4.19%,221,6.42%,3075,89.39%,365,10.61,3440,23,0.67%,84,2.44%,3131,91.02%,202,5.87%,107,3.11,3440
CRIANÇA,0 a < 5 anos,2025,CENTRO-OESTE,51,MT,510267,CAMPO VERDE,36,1.57%,100,4.37%,2152,94.06%,136,5.94,2288,10,0.44%,45,1.97%,2089,91.3%,144,6.29%,55,2.4,2288
CRIANÇA,0 a < 5 anos,2025,CENTRO-OESTE,51,MT,510268,CAMPOS DE JULIO,9,2.17%,20,4.82%,386,93.01%,29,6.99,415,5,1.2%,4,0.96%,381,91.81%,25,6.02%,9,2.17,415
CRIANÇA,0 a < 5 anos,2025,CENTRO-OESTE,51,MT,510269,CANABRAVA DO NORTE,4,1.75%,15,6.55%,210,91.7%,19,8.3,229,0,-,1,0.44%,216,94.32%,12,5.24%,1,0.44,229
CRIANÇA,0 a < 5 anos,2025,CENTRO-OESTE,51,MT,510270,CANARANA,40,2.69%,71,4.77%,1376,92.54%,111,7.46,1487,9,0.61%,25,1.68%,1351,90.85%,102,6.86%,34,2.29,1487
CRIANÇA,0 a < 5 anos,2025,CENTRO-OESTE,51,MT,510279,CARLINDA,6,2.91%,13,6.31%,187,90.78%,19,9.22,206,3,1.46%,5,2.43%,187,90.78%,11,5.34%,8,3.88,206
CRIANÇA,0 a < 5 anos,2025,CENTRO-OESTE,51,MT,510285,CASTANHEIRA,25,5.15%,33,6.8%,427,88.04%,58,11.96,485,1,0.21%,11,2.27%,428,88.25%,45,9.28%,12,2.47,485
CRIANÇA,0 a < 5 anos,2025,CENTRO-OESTE,51,MT,510300,CHAPADA DOS GUIMARAES,42,3.89%,87,8.06%,950,88.04%,129,11.96,1079,14,1.3%,26,2.41%,994,92.12%,45,4.17%,40,3.71,1079
CRIANÇA,0 a < 5 anos,2025,CENTRO-OESTE,51,MT,510305,CLAUDIA,23,5.01%,37,8.06%,399,86.93%,60,13.07,459,2,0.44%,6,1.31%,418,91.07%,33,7.19%,8,1.74,459
CRIANÇA,0 a < 5 anos,2025,CENTRO-OESTE,51,MT,510310,COCALINHO,15,3.96%,25,6.6%,339,89.45%,40,10.55,379,3,0.79%,3,0.79%,357,94.2%,16,4.22%,6,1.58,379
CRIANÇA,0 a < 5 anos,2025,CENTRO-OESTE,51,MT,510320,COLIDER,22,3.64%,40,6.62%,542,89.74%,62,10.26,604,1,0.17%,17,2.81%,534,88.41%,52,8.61%,18,2.98,604
CRIANÇA,0 a < 5 anos,2025,CENTRO-OESTE,51,MT,510325,COLNIZA,24,1.84%,54,4.14%,1226,94.02%,78,5.98,1304,5,0.38%,13,1%,1202,92.18%,84,6.44%,18,1.38,1304
CRIANÇA,0 a < 5 anos,2025,CENTRO-OESTE,51,MT,510330,COMODORO,30,2.58%,60,5.16%,1073,92.26%,90,7.74,1163,10,0.86%,23,1.98%,1079,92.78%,51,4.39%,33,2.84,1163
CRIANÇA,0 a < 5 anos,2025,CENTRO-OESTE,51,MT,510335,CONFRESA,437,14.21%,264,8.59%,2374,77.2%,701,22.8,3075,191,6.21%,152,4.94%,2600,84.55%,132,4.29%,343,11.15,3075
CRIANÇA,0 a < 5 anos,2025,CENTRO-OESTE,51,MT,510336,CONQUISTA D'OESTE,3,1.06%,13,4.61%,266,94.33%,16,5.67,282,0,-,5,1.77%,260,92.2%,17,6.03%,5,1.77,282
CRIANÇA,0 a < 5 anos,2025,CENTRO-OESTE,51,MT,510337,COTRIGUACU,38,5.58%,28,4.11%,615,90.31%,66,9.69,681,11,1.62%,14,2.06%,610,89.57%,46,6.75%,25,3.67,681
CRIANÇA,0 a < 5 anos,2025,CENTRO-OESTE,51,MT,510340,CUIABA,561,2.51%,1189,5.31%,20629,92.18%,1750,7.82,22379,151,0.67%,428,1.91%,20520,91.69%,1280,5.72%,579,2.59,22379
CRIANÇA,0 a < 5 anos,2025,CENTRO-OESTE,51,MT,510343,CURVELANDIA,6,3.92%,4,2.61%,143,93.46%,10,6.54,153,1,0.65%,1,0.65%,140,91.5%,11,7.19%,2,1.31,153
CRIANÇA,0 a < 5 anos,2025,CENTRO-OESTE,51,MT,510345,DENISE,11,5%,19,8.64%,190,86.36%,30,13.64,220,1,0.45%,8,3.64%,192,87.27%,19,8.64%,9,4.09,220
CRIANÇA,0 a < 5 anos,2025,CENTRO-OESTE,51,MT,510350,DIAMANTINO,21,2.46%,49,5.74%,783,91.79%,70,8.21,853,10,1.17%,18,2.11%,761,89.21%,64,7.5%,28,3.28,853
CRIANÇA,0 a < 5 anos,2025,CENTRO-OESTE,51,MT,510360,DOM AQUINO,11,2.59%,18,4.25%,395,93.16%,29,6.84,424,2,0.47%,5,1.18%,395,93.16%,22,5.19%,7,1.65,424
CRIANÇA,0 a < 5 anos,2025,CENTRO-OESTE,51,MT,510370,FELIZ NATAL,57,9.53%,76,12.71%,465,77.76%,133,22.24,598,10,1.67%,27,4.52%,525,87.79%,36,6.02%,37,6.19,598
CRIANÇA,0 a < 5 anos,2025,CENTRO-OESTE,51,MT,510380,FIGUEIROPOLIS D'OESTE,6,4.92%,5,4.1%,111,90.98%,11,9.02,122,1,0.82%,6,4.92%,111,90.98%,4,3.28%,7,5.74,122
CRIANÇA,0 a < 5 anos,2025,CENTRO-OESTE,51,MT,510385,GAUCHA DO NORTE,39,4.64%,72,8.57%,729,86.79%,111,13.21,840,6,0.71%,12,1.43%,774,92.14%,48,5.71%,18,2.14,840
CRIANÇA,0 a < 5 anos,2025,CENTRO-OESTE,51,MT,510390,GENERAL CARNEIRO,19,5.43%,34,9.71%,297,84.86%,53,15.14,350,3,0.86%,9,2.57%,322,92%,16,4.57%,12,3.43,350
CRIANÇA,0 a < 5 anos,2025,CENTRO-OESTE,51,MT,510395,GLORIA D'OESTE,7,4.29%,11,6.75%,145,88.96%,18,11.04,163,0,-,1,0.61%,153,93.87%,9,5.52%,1,0.61,163
CRIANÇA,0 a < 5 anos,2025,CENTRO-OESTE,51,MT,510410,GUARANTA DO NORTE,27,1.73%,50,3.21%,1481,95.06%,77,4.94,1558,11,0.71%,28,1.8%,1426,91.53%,93,5.97%,39,2.5,1558
CRIANÇA,0 a < 5 anos,2025,CENTRO-OESTE,51,MT,510420,GUIRATINGA,8,2.44%,16,4.88%,304,92.68%,24,7.32,328,4,1.22%,8,2.44%,299,91.16%,17,5.18%,12,3.66,328
CRIANÇA,0 a < 5 anos,2025,CENTRO-OESTE,51,MT,510450,INDIAVAI,1,1.05%,4,4.21%,90,94.74%,5,5.26,95,0,-,0,-,83,87.37%,12,12.63%,0,0.0,95
CRIANÇA,0 a < 5 anos,2025,CENTRO-OESTE,51,MT,510452,IPIRANGA DO NORTE,40,6.72%,35,5.88%,520,87.39%,75,12.61,595,4,0.67%,5,0.84%,550,92.44%,36,6.05%,9,1.51,595
CRIANÇA,0 a < 5 anos,2025,CENTRO-OESTE,51,MT,510454,ITANHANGA,6,1.44%,23,5.53%,387,93.03%,29,6.97,416,5,1.2%,5,1.2%,393,94.47%,13,3.13%,10,2.4,416
CRIANÇA,0 a < 5 anos,2025,CENTRO-OESTE,51,MT,510455,ITAUBA,16,4.07%,19,4.83%,358,91.09%,35,8.91,393,0,-,10,2.54%,355,90.33%,28,7.12%,10,2.54,393
CRIANÇA,0 a < 5 anos,2025,CENTRO-OESTE,51,MT,510460,ITIQUIRA,32,6.74%,34,7.16%,409,86.11%,66,13.89,475,3,0.63%,13,2.74%,423,89.05%,36,7.58%,16,3.37,475
CRIANÇA,0 a < 5 anos,2025,CENTRO-OESTE,51,MT,510480,JACIARA,60,4.39%,76,5.56%,1231,90.05%,136,9.95,1367,10,0.73%,26,1.9%,1221,89.32%,110,8.05%,36,2.63,1367
CRIANÇA,0 a < 5 anos,2025,CENTRO-OESTE,51,MT,510490,JANGADA,29,7.25%,31,7.75%,340,85%,60,15.0,400,6,1.5%,14,3.5%,339,84.75%,41,10.25%,20,5.0,400
CRIANÇA,0 a < 5 anos,2025,CENTRO-OESTE,51,MT,510500,JAURU,9,6%,14,9.33%,127,84.67%,23,15.33,150,1,0.67%,4,2.67%,137,91.33%,8,5.33%,5,3.33,150
CRIANÇA,0 a < 5 anos,2025,CENTRO-OESTE,51,MT,510510,JUARA,65,3.05%,116,5.44%,1953,91.52%,181,8.48,2134,11,0.52%,40,1.87%,1980,92.78%,103,4.83%,51,2.39,2134
CRIANÇA,0 a < 5 anos,2025,CENTRO-OESTE,51,MT,510515,JUINA,50,3.67%,92,6.76%,1219,89.57%,142,10.43,1361,8,0.59%,29,2.13%,1223,89.86%,101,7.42%,37,2.72,1361
CRIANÇA,0 a < 5 anos,2025,CENTRO-OESTE,51,MT,510517,JURUENA,33,9.38%,22,6.25%,297,84.38%,55,15.62,352,16,4.55%,8,2.27%,292,82.95%,36,10.23%,24,6.82,352
CRIANÇA,0 a < 5 anos,2025,CENTRO-OESTE,51,MT,510520,JUSCIMEIRA,8,1.74%,20,4.35%,432,93.91%,28,6.09,460,3,0.65%,9,1.95%,401,86.98%,48,10.41%,12,2.6,461
CRIANÇA,0 a < 5 anos,2025,CENTRO-OESTE,51,MT,510523,LAMBARI D'OESTE,10,3.95%,11,4.35%,232,91.7%,21,8.3,253,1,0.4%,6,2.37%,233,92.09%,13,5.14%,7,2.77,253
CRIANÇA,0 a < 5 anos,2025,CENTRO-OESTE,51,MT,510525,LUCAS DO RIO VERDE,342,14.44%,211,8.91%,1815,76.65%,553,23.35,2368,109,4.6%,109,4.6%,2045,86.36%,105,4.43%,218,9.21,2368
CRIANÇA,0 a < 5 anos,2025,CENTRO-OESTE,51,MT,510530,LUCIARA,12,6.06%,12,6.06%,174,87.88%,24,12.12,198,2,1.01%,2,1.01%,185,93.43%,9,4.55%,4,2.02,198
CRIANÇA,0 a < 5 anos,2025,CENTRO-OESTE,51,MT,510550,VILA BELA DA SANTISSIMA TRINDADE,72,7.24%,66,6.64%,856,86.12%,138,13.88,994,31,3.12%,34,3.42%,875,88.03%,54,5.43%,65,6.54,994
CRIANÇA,0 a < 5 anos,2025,CENTRO-OESTE,51,MT,510558,MARCELANDIA,47,5.95%,69,8.73%,674,85.32%,116,14.68,790,7,0.89%,20,2.53%,721,91.27%,42,5.32%,27,3.42,790
CRIANÇA,0 a < 5 anos,2025,CENTRO-OESTE,51,MT,510560,MATUPA,60,4.47%,51,3.8%,1232,91.73%,111,8.27,1343,13,0.97%,22,1.64%,1230,91.59%,78,5.81%,35,2.61,1343
CRIANÇA,0 a < 5 anos,2025,CENTRO-OESTE,51,MT,510562,MIRASSOL D'OESTE,62,4.57%,112,8.26%,1182,87.17%,174,12.83,1356,11,0.81%,29,2.14%,1247,91.96%,69,5.09%,40,2.95,1356
CRIANÇA,0 a < 5 anos,2025,CENTRO-OESTE,51,MT,510590,NOBRES,32,4.46%,54,7.53%,631,88.01%,86,11.99,717,3,0.42%,12,1.67%,662,92.33%,40,5.58%,15,2.09,717
CRIANÇA,0 a < 5 anos,2025,CENTRO-OESTE,51,MT,510600,NORTELANDIA,18,6.45%,23,8.24%,238,85.3%,41,14.7,279,6,2.15%,10,3.58%,246,88.17%,17,6.09%,16,5.73,279
CRIANÇA,0 a < 5 anos,2025,CENTRO-OESTE,51,MT,510610,NOSSA SENHORA DO LIVRAMENTO,91,13.44%,73,10.78%,513,75.78%,164,24.22,677,3,0.44%,11,1.62%,624,92.17%,39,5.76%,14,2.07,677
CRIANÇA,0 a < 5 anos,2025,CENTRO-OESTE,51,MT,510615,NOVA BANDEIRANTES,17,1.89%,39,4.33%,845,93.78%,56,6.22,901,4,0.44%,13,1.44%,824,91.45%,60,6.66%,17,1.89,901
CRIANÇA,0 a < 5 anos,2025,CENTRO-OESTE,51,MT,510617,NOVA NAZARE,33,6.79%,63,12.96%,390,80.25%,96,19.75,486,19,3.91%,18,3.7%,423,87.04%,26,5.35%,37,7.61,486
CRIANÇA,0 a < 5 anos,2025,CENTRO-OESTE,51,MT,510618,NOVA LACERDA,13,2.49%,31,5.94%,478,91.57%,44,8.43,522,1,0.19%,8,1.53%,475,91%,38,7.28%,9,1.72,522
CRIANÇA,0 a < 5 anos,2025,CENTRO-OESTE,51,MT,510619,NOVA SANTA HELENA,50,12.69%,38,9.64%,306,77.66%,88,22.34,394,4,1.02%,19,4.82%,360,91.37%,11,2.79%,23,5.84,394
CRIANÇA,0 a < 5 anos,2025,CENTRO-OESTE,51,MT,510620,NOVA BRASILANDIA,9,3.6%,7,2.8%,234,93.6%,16,6.4,250,0,-,8,3.2%,229,91.6%,13,5.2%,8,3.2,250
CRIANÇA,0 a < 5 anos,2025,CENTRO-OESTE,51,MT,510621,NOVA CANAA DO NORTE,10,2.01%,48,9.66%,439,88.33%,58,11.67,497,1,0.2%,16,3.22%,438,88.13%,42,8.45%,17,3.42,497
CRIANÇA,0 a < 5 anos,2025,CENTRO-OESTE,51,MT,510622,NOVA MUTUM,43,2.14%,113,5.61%,1858,92.25%,156,7.75,2014,12,0.6%,35,1.74%,1868,92.75%,99,4.92%,47,2.33,2014
CRIANÇA,0 a < 5 anos,2025,CENTRO-OESTE,51,MT,510623,NOVA OLIMPIA,10,1.78%,44,7.83%,508,90.39%,54,9.61,562,1,0.18%,7,1.25%,501,89.15%,53,9.43%,8,1.42,562
CRIANÇA,0 a < 5 anos,2025,CENTRO-OESTE,51,MT,510624,NOVA UBIRATA,10,4.12%,15,6.17%,218,89.71%,25,10.29,243,1,0.41%,2,0.82%,228,93.83%,12,4.94%,3,1.23,243
CRIANÇA,0 a < 5 anos,2025,CENTRO-OESTE,51,MT,510625,NOVA XAVANTINA,33,3%,51,4.64%,1015,92.36%,84,7.64,1099,6,0.55%,22,2%,1004,91.36%,67,6.1%,28,2.55,1099
CRIANÇA,0 a < 5 anos,2025,CENTRO-OESTE,51,MT,510626,NOVO MUNDO,17,2.82%,35,5.81%,550,91.36%,52,8.64,602,4,0.66%,14,2.33%,545,90.53%,39,6.48%,18,2.99,602
CRIANÇA,0 a < 5 anos,2025,CENTRO-OESTE,51,MT,510627,NOVO HORIZONTE DO NORTE,1,0.64%,2,1.28%,153,98.08%,3,1.92,156,0,-,2,1.28%,141,90.38%,13,8.33%,2,1.28,156
CRIANÇA,0 a < 5 anos,2025,CENTRO-OESTE,51,MT,510628,NOVO SAO JOAQUIM,21,4.38%,28,5.85%,430,89.77%,49,10.23,479,1,0.21%,11,2.3%,440,91.86%,27,5.64%,12,2.51,479
CRIANÇA,0 a < 5 anos,2025,CENTRO-OESTE,51,MT,510629,PARANAITA,34,6.07%,50,8.93%,476,85%,84,15.0,560,13,2.32%,12,2.14%,502,89.64%,33,5.89%,25,4.46,560
CRIANÇA,0 a < 5 anos,2025,CENTRO-OESTE,51,MT,510630,PARANATINGA,53,4.97%,83,7.78%,931,87.25%,136,12.75,1067,5,0.47%,24,2.25%,973,91.19%,65,6.09%,29,2.72,1067
CRIANÇA,0 a < 5 anos,2025,CENTRO-OESTE,51,MT,510631,NOVO SANTO ANTONIO,3,2.19%,5,3.65%,129,94.16%,8,5.84,137,0,-,5,3.65%,125,91.24%,7,5.11%,5,3.65,137
CRIANÇA,0 a < 5 anos,2025,CENTRO-OESTE,51,MT,510637,PEDRA PRETA,24,4.29%,54,9.66%,481,86.05%,78,13.95,559,2,0.36%,12,2.15%,523,93.56%,22,3.94%,14,2.5,559
CRIANÇA,0 a < 5 anos,2025,CENTRO-OESTE,51,MT,510642,PEIXOTO DE AZEVEDO,86,3.91%,130,5.9%,1986,90.19%,216,9.81,2202,12,0.54%,52,2.36%,1977,89.78%,161,7.31%,64,2.91,2202
CRIANÇA,0 a < 5 anos,2025,CENTRO-OESTE,51,MT,510645,PLANALTO DA SERRA,3,0.97%,12,3.88%,294,95.15%,15,4.85,309,1,0.32%,5,1.62%,278,89.97%,25,8.09%,6,1.94,309
CRIANÇA,0 a < 5 anos,2025,CENTRO-OESTE,51,MT,510650,POCONE,133,6.53%,152,7.46%,1752,86.01%,285,13.99,2037,20,0.98%,50,2.45%,1854,91.02%,113,5.55%,70,3.44,2037
CRIANÇA,0 a < 5 anos,2025,CENTRO-OESTE,51,MT,510665,PONTAL DO ARAGUAIA,29,8.87%,18,5.5%,280,85.63%,47,14.37,327,2,0.61%,8,2.45%,293,89.6%,24,7.34%,10,3.06,327
CRIANÇA,0 a < 5 anos,2025,CENTRO-OESTE,51,MT,510670,PONTE BRANCA,3,2.83%,5,4.72%,98,92.45%,8,7.55,106,1,0.94%,0,-,98,92.45%,7,6.6%,1,0.94,106
CRIANÇA,0 a < 5 anos,2025,CENTRO-OESTE,51,MT,510675,PONTES E LACERDA,24,1.99%,63,5.23%,1118,92.78%,87,7.22,1205,5,0.42%,29,2.41%,1085,90.12%,85,7.06%,34,2.82,1204
CRIANÇA,0 a < 5 anos,2025,CENTRO-OESTE,51,MT,510677,PORTO ALEGRE DO NORTE,59,6.65%,81,9.13%,747,84.22%,140,15.78,887,85,9.58%,31,3.49%,741,83.54%,30,3.38%,116,13.08,887
CRIANÇA,0 a < 5 anos,2025,CENTRO-OESTE,51,MT,510680,PORTO DOS GAUCHOS,6,1.22%,18,3.67%,467,95.11%,24,4.89,491,2,0.41%,8,1.63%,442,90.02%,39,7.94%,10,2.04,491
CRIANÇA,0 a < 5 anos,2025,CENTRO-OESTE,51,MT,510682,PORTO ESPERIDIAO,18,2.37%,50,6.57%,693,91.06%,68,8.94,761,3,0.39%,6,0.79%,699,91.85%,53,6.96%,9,1.18,761
CRIANÇA,0 a < 5 anos,2025,CENTRO-OESTE,51,MT,510685,PORTO ESTRELA,5,5.15%,4,4.12%,88,90.72%,9,9.28,97,0,-,2,2.06%,91,93.81%,4,4.12%,2,2.06,97
CRIANÇA,0 a < 5 anos,2025,CENTRO-OESTE,51,MT,510700,POXOREO,29,4.24%,41,5.99%,614,89.77%,70,10.23,684,8,1.17%,18,2.63%,608,88.89%,50,7.31%,26,3.8,684
CRIANÇA,0 a < 5 anos,2025,CENTRO-OESTE,51,MT,510704,PRIMAVERA DO LESTE,91,2.02%,207,4.59%,4212,93.39%,298,6.61,4510,18,0.4%,77,1.71%,4183,92.75%,232,5.14%,95,2.11,4510
CRIANÇA,0 a < 5 anos,2025,CENTRO-OESTE,51,MT,510706,QUERENCIA,66,2.2%,169,5.64%,2759,92.15%,235,7.85,2994,15,0.5%,68,2.27%,2740,91.52%,171,5.71%,83,2.77,2994
CRIANÇA,0 a < 5 anos,2025,CENTRO-OESTE,51,MT,510710,SAO JOSE DOS QUATRO MARCOS,24,3.15%,52,6.83%,685,90.01%,76,9.99,761,6,0.79%,8,1.05%,709,93.17%,38,4.99%,14,1.84,761
CRIANÇA,0 a < 5 anos,2025,CENTRO-OESTE,51,MT,510715,RESERVA DO CABACAL,6,4.58%,4,3.05%,121,92.37%,10,7.63,131,2,1.53%,1,0.76%,122,93.13%,6,4.58%,3,2.29,131
CRIANÇA,0 a < 5 anos,2025,CENTRO-OESTE,51,MT,510718,RIBEIRAO CASCALHEIRA,25,3.91%,48,7.5%,567,88.59%,73,11.41,640,7,1.09%,17,2.66%,585,91.41%,31,4.84%,24,3.75,640
CRIANÇA,0 a < 5 anos,2025,CENTRO-OESTE,51,MT,510719,RIBEIRAOZINHO,5,3.07%,15,9.2%,143,87.73%,20,12.27,163,1,0.61%,5,3.07%,143,87.73%,14,8.59%,6,3.68,163
CRIANÇA,0 a < 5 anos,2025,CENTRO-OESTE,51,MT,510720,RIO BRANCO,6,3.3%,12,6.59%,164,90.11%,18,9.89,182,1,0.55%,7,3.85%,162,89.01%,12,6.59%,8,4.4,182
CRIANÇA,0 a < 5 anos,2025,CENTRO-OESTE,51,MT,510724,SANTA CARMEM,5,1.54%,16,4.94%,303,93.52%,21,6.48,324,1,0.31%,6,1.85%,298,91.98%,19,5.86%,7,2.16,324
CRIANÇA,0 a < 5 anos,2025,CENTRO-OESTE,51,MT,510726,SANTO AFONSO,7,4.22%,4,2.41%,155,93.37%,11,6.63,166,0,-,2,1.2%,153,92.17%,11,6.63%,2,1.2,166
CRIANÇA,0 a < 5 anos,2025,CENTRO-OESTE,51,MT,510729,SAO JOSE DO POVO,1,0.86%,9,7.76%,106,91.38%,10,8.62,116,0,-,2,1.72%,102,87.93%,12,10.34%,2,1.72,116
CRIANÇA,0 a < 5 anos,2025,CENTRO-OESTE,51,MT,510730,SAO JOSE DO RIO CLARO,144,13.85%,95,9.13%,801,77.02%,239,22.98,1040,77,7.4%,46,4.42%,865,83.17%,52,5%,123,11.83,1040
CRIANÇA,0 a < 5 anos,2025,CENTRO-OESTE,51,MT,510735,SAO JOSE DO XINGU,24,4.1%,30,5.13%,531,90.77%,54,9.23,585,7,1.2%,14,2.39%,532,90.94%,32,5.47%,21,3.59,585
CRIANÇA,0 a < 5 anos,2025,CENTRO-OESTE,51,MT,510740,SAO PEDRO DA CIPA,24,12%,11,5.5%,165,82.5%,35,17.5,200,4,2%,7,3.5%,170,85%,19,9.5%,11,5.5,200
CRIANÇA,0 a < 5 anos,2025,CENTRO-OESTE,51,MT,510757,RONDOLANDIA,11,7.48%,15,10.2%,121,82.31%,26,17.69,147,1,0.68%,8,5.44%,134,91.16%,4,2.72%,9,6.12,147
CRIANÇA,0 a < 5 anos,2025,CENTRO-OESTE,51,MT,510760,RONDONOPOLIS,342,3.74%,575,6.28%,8238,89.98%,917,10.02,9155,81,0.88%,200,2.18%,8264,90.27%,610,6.66%,281,3.07,9155
CRIANÇA,0 a < 5 anos,2025,CENTRO-OESTE,51,MT,510770,ROSARIO OESTE,29,5.56%,28,5.36%,465,89.08%,57,10.92,522,3,0.57%,18,3.45%,464,88.89%,37,7.09%,21,4.02,522
CRIANÇA,0 a < 5 anos,2025,CENTRO-OESTE,51,MT,510774,SANTA CRUZ DO XINGU,3,1.43%,1,0.48%,206,98.1%,4,1.9,210,3,1.43%,3,1.43%,193,91.9%,11,5.24%,6,2.86,210
CRIANÇA,0 a < 5 anos,2025,CENTRO-OESTE,51,MT,510775,SALTO DO CEU,23,9.43%,17,6.97%,204,83.61%,40,16.39,244,8,3.28%,7,2.87%,197,80.74%,32,13.11%,15,6.15,244
CRIANÇA,0 a < 5 anos,2025,CENTRO-OESTE,51,MT,510776,SANTA RITA DO TRIVELATO,14,6.09%,28,12.17%,188,81.74%,42,18.26,230,1,0.43%,5,2.17%,215,93.48%,9,3.91%,6,2.61,230
CRIANÇA,0 a < 5 anos,2025,CENTRO-OESTE,51,MT,510777,SANTA TEREZINHA,34,7.62%,26,5.83%,386,86.55%,60,13.45,446,2,0.45%,11,2.47%,413,92.6%,20,4.48%,13,2.91,446
CRIANÇA,0 a < 5 anos,2025,CENTRO-OESTE,51,MT,510779,SANTO ANTONIO DO LESTE,6,2%,17,5.67%,277,92.33%,23,7.67,300,3,1%,4,1.33%,286,95.33%,7,2.33%,7,2.33,300
CRIANÇA,0 a < 5 anos,2025,CENTRO-OESTE,51,MT,510780,SANTO ANTONIO DO LEVERGER,39,3.54%,61,5.54%,1002,90.93%,100,9.07,1102,6,0.54%,24,2.18%,964,87.48%,108,9.8%,30,2.72,1102
CRIANÇA,0 a < 5 anos,2025,CENTRO-OESTE,51,MT,510785,SAO FELIX DO ARAGUAIA,10,1.4%,48,6.74%,654,91.85%,58,8.15,712,1,0.14%,20,2.81%,644,90.45%,47,6.6%,21,2.95,712
CRIANÇA,0 a < 5 anos,2025,CENTRO-OESTE,51,MT,510787,SAPEZAL,73,4.72%,112,7.25%,1360,88.03%,185,11.97,1545,7,0.45%,18,1.17%,1451,93.92%,69,4.47%,25,1.62,1545
CRIANÇA,0 a < 5 anos,2025,CENTRO-OESTE,51,MT,510788,SERRA NOVA DOURADA,9,6.87%,14,10.69%,108,82.44%,23,17.56,131,1,0.76%,5,3.82%,113,86.26%,12,9.16%,6,4.58,131
CRIANÇA,0 a < 5 anos,2025,CENTRO-OESTE,51,MT,510790,SINOP,213,1.85%,529,4.58%,10796,93.57%,742,6.43,11538,45,0.39%,172,1.49%,10642,92.23%,679,5.88%,217,1.88,11538
CRIANÇA,0 a < 5 anos,2025,CENTRO-OESTE,51,MT,510792,SORRISO,276,7.12%,408,10.52%,3194,82.36%,684,17.64,3878,31,0.8%,101,2.6%,3565,91.93%,181,4.67%,132,3.4,3878
CRIANÇA,0 a < 5 anos,2025,CENTRO-OESTE,51,MT,510794,TABAPORA,30,5.28%,35,6.16%,503,88.56%,65,11.44,568,2,0.35%,16,2.82%,516,90.85%,34,5.99%,18,3.17,568
CRIANÇA,0 a < 5 anos,2025,CENTRO-OESTE,51,MT,510795,TANGARA DA SERRA,111,2.68%,209,5.04%,3824,92.28%,320,7.72,4144,17,0.41%,68,1.64%,3787,91.39%,272,6.56%,85,2.05,4144
CRIANÇA,0 a < 5 anos,2025,CENTRO-OESTE,51,MT,510800,TAPURAH,28,3.99%,31,4.42%,643,91.6%,59,8.4,702,3,0.43%,18,2.56%,637,90.74%,44,6.27%,21,2.99,702
CRIANÇA,0 a < 5 anos,2025,CENTRO-OESTE,51,MT,510805,TERRA NOVA DO NORTE,18,3.62%,30,6.04%,449,90.34%,48,9.66,497,4,0.8%,14,2.82%,449,90.34%,30,6.04%,18,3.62,497
CRIANÇA,0 a < 5 anos,2025,CENTRO-OESTE,51,MT,510810,TESOURO,10,6.29%,10,6.29%,139,87.42%,20,12.58,159,1,0.63%,4,2.52%,136,85.53%,18,11.32%,5,3.14,159
CRIANÇA,0 a < 5 anos,2025,CENTRO-OESTE,51,MT,510820,TORIXOREU,9,6%,10,6.67%,131,87.33%,19,12.67,150,2,1.33%,2,1.33%,134,89.33%,12,8%,4,2.67,150
CRIANÇA,0 a < 5 anos,2025,CENTRO-OESTE,51,MT,510830,UNIAO DO SUL,18,4.71%,32,8.38%,332,86.91%,50,13.09,382,2,0.52%,4,1.05%,345,90.31%,31,8.12%,6,1.57,382
CRIANÇA,0 a < 5 anos,2025,CENTRO-OESTE,51,MT,510835,VALE DE SAO DOMINGOS,8,4.44%,7,3.89%,165,91.67%,15,8.33,180,2,1.11%,8,4.44%,136,75.56%,34,18.89%,10,5.56,180
CRIANÇA,0 a < 5 anos,2025,CENTRO-OESTE,51,MT,510840,VARZEA GRANDE,480,3.8%,847,6.7%,11319,89.51%,1327,10.49,12646,106,0.84%,280,2.21%,11456,90.59%,804,6.36%,386,3.05,12646
CRIANÇA,0 a < 5 anos,2025,CENTRO-OESTE,51,MT,510850,VERA,11,2.43%,28,6.18%,414,91.39%,39,8.61,453,1,0.22%,8,1.77%,417,92.05%,27,5.96%,9,1.99,453
CRIANÇA,0 a < 5 anos,2025,CENTRO-OESTE,51,MT,510860,VILA RICA,24,1.79%,53,3.96%,1262,94.25%,77,5.75,1339,11,0.82%,20,1.49%,1234,92.16%,74,5.53%,31,2.32,1339
CRIANÇA,0 a < 5 anos,2025,CENTRO-OESTE,51,MT,510880,NOVA GUARITA,20,5.54%,21,5.82%,320,88.64%,41,11.36,361,2,0.55%,11,3.05%,318,88.09%,30,8.31%,13,3.6,361
CRIANÇA,0 a < 5 anos,2025,CENTRO-OESTE,51,MT,510885,NOVA MARILANDIA,1,0.4%,6,2.43%,240,97.17%,7,2.83,247,0,-,1,0.4%,226,91.5%,20,8.1%,1,0.4,247
CRIANÇA,0 a < 5 anos,2025,CENTRO-OESTE,51,MT,510890,NOVA MARINGA,57,13.04%,32,7.32%,348,79.63%,89,20.37,437,13,2.97%,17,3.89%,377,86.27%,30,6.86%,30,6.86,437
CRIANÇA,0 a < 5 anos,2025,CENTRO-OESTE,51,MT,510895,NOVA MONTE VERDE,11,2.78%,15,3.79%,370,93.43%,26,6.57,396,2,0.51%,7,1.77%,323,81.57%,64,16.16%,9,2.27,396
CRIANÇA,0 a < 5 anos,2025,CENTRO-OESTE,52,GO,520005,ABADIA DE GOIAS,101,8.64%,136,11.63%,932,79.73%,237,20.27,1169,31,2.65%,48,4.11%,1040,88.96%,50,4.28%,79,6.76,1169
CRIANÇA,0 a < 5 anos,2025,CENTRO-OESTE,52,GO,520010,ABADIANIA,28,4.27%,43,6.55%,585,89.18%,71,10.82,656,8,1.22%,16,2.44%,595,90.7%,37,5.64%,24,3.66,656
CRIANÇA,0 a < 5 anos,2025,CENTRO-OESTE,52,GO,520013,ACREUNA,22,5.56%,36,9.09%,338,85.35%,58,14.65,396,5,1.26%,4,1.01%,358,90.4%,29,7.32%,9,2.27,396
CRIANÇA,0 a < 5 anos,2025,CENTRO-OESTE,52,GO,520015,ADELANDIA,2,2.33%,3,3.49%,81,94.19%,5,5.81,86,1,1.16%,2,2.33%,78,90.7%,5,5.81%,3,3.49,86
CRIANÇA,0 a < 5 anos,2025,CENTRO-OESTE,52,GO,520017,AGUA FRIA DE GOIAS,17,5.99%,28,9.86%,239,84.15%,45,15.85,284,3,1.06%,11,3.87%,253,89.08%,17,5.99%,14,4.93,284
CRIANÇA,0 a < 5 anos,2025,CENTRO-OESTE,52,GO,520020,AGUA LIMPA,6,5.66%,10,9.43%,90,84.91%,16,15.09,106,0,-,2,1.89%,99,93.4%,5,4.72%,2,1.89,106
CRIANÇA,0 a < 5 anos,2025,CENTRO-OESTE,52,GO,520025,AGUAS LINDAS DE GOIAS,387,3.39%,824,7.22%,10202,89.39%,1211,10.61,11413,87,0.76%,279,2.44%,10454,91.6%,593,5.2%,366,3.21,11413
CRIANÇA,0 a < 5 anos,2025,CENTRO-OESTE,52,GO,520030,ALEXANIA,32,2.26%,68,4.8%,1317,92.94%,100,7.06,1417,11,0.78%,36,2.54%,1293,91.25%,77,5.43%,47,3.32,1417
CRIANÇA,0 a < 5 anos,2025,CENTRO-OESTE,52,GO,520050,ALOANDIA,1,1.72%,10,17.24%,47,81.03%,11,18.97,58,0,-,1,1.72%,54,93.1%,3,5.17%,1,1.72,58
CRIANÇA,0 a < 5 anos,2025,CENTRO-OESTE,52,GO,520055,ALTO HORIZONTE,10,3.31%,17,5.63%,275,91.06%,27,8.94,302,1,0.33%,6,1.99%,278,92.05%,17,5.63%,7,2.32,302
CRIANÇA,0 a < 5 anos,2025,CENTRO-OESTE,52,GO,520060,ALTO PARAISO DE GOIAS,15,2.63%,45,7.88%,511,89.49%,60,10.51,571,5,0.88%,16,2.8%,523,91.59%,27,4.73%,21,3.68,571
CRIANÇA,0 a < 5 anos,2025,CENTRO-OESTE,52,GO,520080,ALVORADA DO NORTE,18,3.77%,23,4.81%,437,91.42%,41,8.58,478,4,0.84%,13,2.72%,436,91.21%,25,5.23%,17,3.56,478
CRIANÇA,0 a < 5 anos,2025,CENTRO-OESTE,52,GO,520082,AMARALINA,10,5.46%,4,2.19%,169,92.35%,14,7.65,183,0,-,2,1.09%,172,93.99%,9,4.92%,2,1.09,183
CRIANÇA,0 a < 5 anos,2025,CENTRO-OESTE,52,GO,520085,AMERICANO DO BRASIL,7,2.59%,19,7.04%,244,90.37%,26,9.63,270,4,1.48%,5,1.85%,251,92.96%,10,3.7%,9,3.33,270
CRIANÇA,0 a < 5 anos,2025,CENTRO-OESTE,52,GO,520090,AMORINOPOLIS,7,4.76%,10,6.8%,130,88.44%,17,11.56,147,1,0.68%,3,2.04%,134,91.16%,9,6.12%,4,2.72,147
CRIANÇA,0 a < 5 anos,2025,CENTRO-OESTE,52,GO,520110,ANAPOLIS,699,5.92%,803,6.81%,10296,87.27%,1502,12.73,11798,162,1.37%,291,2.47%,10632,90.12%,713,6.04%,453,3.84,11798
CRIANÇA,0 a < 5 anos,2025,CENTRO-OESTE,52,GO,520120,ANHANGUERA,2,4.76%,1,2.38%,39,92.86%,3,7.14,42,1,2.38%,0,-,39,92.86%,2,4.76%,1,2.38,42
CRIANÇA,0 a < 5 anos,2025,CENTRO-OESTE,52,GO,520130,ANICUNS,17,2.02%,37,4.4%,786,93.57%,54,6.43,840,9,1.07%,10,1.19%,779,92.74%,42,5%,19,2.26,840
CRIANÇA,0 a < 5 anos,2025,CENTRO-OESTE,52,GO,520140,APARECIDA DE GOIANIA,2355,14.13%,1183,7.1%,13125,78.77%,3538,21.23,16663,71,0.43%,1074,6.45%,14674,88.06%,844,5.07%,1145,6.87,16663
CRIANÇA,0 a < 5 anos,2025,CENTRO-OESTE,52,GO,520145,APARECIDA DO RIO DOCE,7,6.6%,8,7.55%,91,85.85%,15,14.15,106,2,1.89%,4,3.77%,84,79.25%,16,15.09%,6,5.66,106
CRIANÇA,0 a < 5 anos,2025,CENTRO-OESTE,52,GO,520150,APORE,12,4.15%,17,5.88%,260,89.97%,29,10.03,289,3,1.04%,5,1.73%,256,88.58%,25,8.65%,8,2.77,289
CRIANÇA,0 a < 5 anos,2025,CENTRO-OESTE,52,GO,520160,ARACU,8,5.33%,14,9.33%,128,85.33%,22,14.67,150,0,-,3,2%,133,88.67%,14,9.33%,3,2.0,150
CRIANÇA,0 a < 5 anos,2025,CENTRO-OESTE,52,GO,520170,ARAGARCAS,151,25.68%,29,4.93%,408,69.39%,180,30.61,588,2,0.34%,12,2.04%,520,88.44%,54,9.18%,14,2.38,588
CRIANÇA,0 a < 5 anos,2025,CENTRO-OESTE,52,GO,520180,ARAGOIANIA,26,3.77%,38,5.51%,626,90.72%,64,9.28,690,6,0.87%,13,1.88%,617,89.42%,54,7.83%,19,2.75,690
CRIANÇA,0 a < 5 anos,2025,CENTRO-OESTE,52,GO,520215,ARAGUAPAZ,11,5.16%,16,7.51%,186,87.32%,27,12.68,213,2,0.94%,5,2.35%,186,87.32%,20,9.39%,7,3.29,213
CRIANÇA,0 a < 5 anos,2025,CENTRO-OESTE,52,GO,520235,ARENOPOLIS,6,3.73%,3,1.86%,152,94.41%,9,5.59,161,1,0.62%,4,2.48%,139,86.34%,17,10.56%,5,3.11,161
CRIANÇA,0 a < 5 anos,2025,CENTRO-OESTE,52,GO,520250,ARUANA,15,3.52%,33,7.75%,378,88.73%,48,11.27,426,3,0.7%,8,1.88%,395,92.72%,20,4.69%,11,2.58,426
CRIANÇA,0 a < 5 anos,2025,CENTRO-OESTE,52,GO,520260,AURILANDIA,3,3.57%,8,9.52%,73,86.9%,11,13.1,84,0,-,1,1.19%,74,88.1%,9,10.71%,1,1.19,84
CRIANÇA,0 a < 5 anos,2025,CENTRO-OESTE,52,GO,520280,AVELINOPOLIS,1,0.71%,8,5.71%,131,93.57%,9,6.43,140,0,-,0,-,130,92.86%,10,7.14%,0,0.0,140
CRIANÇA,0 a < 5 anos,2025,CENTRO-OESTE,52,GO,520310,BALIZA,5,3.18%,7,4.46%,145,92.36%,12,7.64,157,2,1.27%,3,1.91%,144,91.72%,8,5.1%,5,3.18,157
CRIANÇA,0 a < 5 anos,2025,CENTRO-OESTE,52,GO,520320,BARRO ALTO,18,4.14%,21,4.83%,396,91.03%,39,8.97,435,1,0.23%,10,2.3%,401,92.18%,23,5.29%,11,2.53,435
CRIANÇA,0 a < 5 anos,2025,CENTRO-OESTE,52,GO,520330,BELA VISTA DE GOIAS,53,6.36%,47,5.64%,733,88%,100,12.0,833,3,0.36%,16,1.92%,752,90.28%,62,7.44%,19,2.28,833
CRIANÇA,0 a < 5 anos,2025,CENTRO-OESTE,52,GO,520340,BOM JARDIM DE GOIAS,16,4.76%,12,3.57%,308,91.67%,28,8.33,336,0,-,10,2.98%,292,86.9%,34,10.12%,10,2.98,336
CRIANÇA,0 a < 5 anos,2025,CENTRO-OESTE,52,GO,520350,BOM JESUS DE GOIAS,106,14.06%,62,8.22%,586,77.72%,168,22.28,754,29,3.85%,46,6.1%,639,84.75%,40,5.31%,75,9.95,754
CRIANÇA,0 a < 5 anos,2025,CENTRO-OESTE,52,GO,520355,BONFINOPOLIS,10,2.18%,28,6.11%,420,91.7%,38,8.3,458,1,0.22%,12,2.62%,420,91.7%,25,5.46%,13,2.84,458
CRIANÇA,0 a < 5 anos,2025,CENTRO-OESTE,52,GO,520357,BONOPOLIS,11,5.09%,22,10.19%,183,84.72%,33,15.28,216,1,0.46%,2,0.93%,204,94.44%,9,4.17%,3,1.39,216
CRIANÇA,0 a < 5 anos,2025,CENTRO-OESTE,52,GO,520360,BRAZABRANTES,3,1.45%,6,2.9%,198,95.65%,9,4.35,207,1,0.48%,2,0.97%,190,91.79%,14,6.76%,3,1.45,207
CRIANÇA,0 a < 5 anos,2025,CENTRO-OESTE,52,GO,520380,BRITANIA,2,0.62%,12,3.73%,308,95.65%,14,4.35,322,2,0.62%,2,0.62%,295,91.61%,23,7.14%,4,1.24,322
CRIANÇA,0 a < 5 anos,2025,CENTRO-OESTE,52,GO,520390,BURITI ALEGRE,7,1.87%,21,5.6%,347,92.53%,28,7.47,375,0,-,8,2.13%,345,92%,22,5.87%,8,2.13,375
CRIANÇA,0 a < 5 anos,2025,CENTRO-OESTE,52,GO,520393,BURITI DE GOIAS,3,2.48%,4,3.31%,114,94.21%,7,5.79,121,0,-,1,0.83%,112,92.56%,8,6.61%,1,0.83,121
CRIANÇA,0 a < 5 anos,2025,CENTRO-OESTE,52,GO,520396,BURITINOPOLIS,6,3.11%,10,5.18%,177,91.71%,16,8.29,193,0,-,6,3.11%,177,91.71%,10,5.18%,6,3.11,193
CRIANÇA,0 a < 5 anos,2025,CENTRO-OESTE,52,GO,520400,CABECEIRAS,13,3.04%,27,6.32%,387,90.63%,40,9.37,427,4,0.94%,5,1.17%,393,92.04%,25,5.85%,9,2.11,427
CRIANÇA,0 a < 5 anos,2025,CENTRO-OESTE,52,GO,520410,CACHOEIRA ALTA,13,2.67%,18,3.7%,456,93.63%,31,6.37,487,7,1.44%,7,1.44%,447,91.79%,26,5.34%,14,2.87,487
CRIANÇA,0 a < 5 anos,2025,CENTRO-OESTE,52,GO,520420,CACHOEIRA DE GOIAS,4,4.65%,6,6.98%,76,88.37%,10,11.63,86,1,1.16%,2,2.33%,78,90.7%,5,5.81%,3,3.49,86
CRIANÇA,0 a < 5 anos,2025,CENTRO-OESTE,52,GO,520425,CACHOEIRA DOURADA,11,3.63%,17,5.61%,275,90.76%,28,9.24,303,2,0.66%,7,2.31%,266,87.79%,28,9.24%,9,2.97,303
CRIANÇA,0 a < 5 anos,2025,CENTRO-OESTE,52,GO,520430,CACU,22,3.86%,35,6.14%,513,90%,57,10.0,570,1,0.18%,13,2.28%,515,90.35%,41,7.19%,14,2.46,570
CRIANÇA,0 a < 5 anos,2025,CENTRO-OESTE,52,GO,520440,CAIAPONIA,9,2.69%,20,5.99%,305,91.32%,29,8.68,334,0,-,6,1.8%,308,92.22%,20,5.99%,6,1.8,334
CRIANÇA,0 a < 5 anos,2025,CENTRO-OESTE,52,GO,520450,CALDAS NOVAS,129,3.25%,244,6.15%,3596,90.6%,373,9.4,3969,20,0.5%,102,2.57%,3643,91.79%,204,5.14%,122,3.07,3969
CRIANÇA,0 a < 5 anos,2025,CENTRO-OESTE,52,GO,520455,CALDAZINHA,21,13.29%,19,12.03%,118,74.68%,40,25.32,158,0,-,4,2.53%,145,91.77%,9,5.7%,4,2.53,158
CRIANÇA,0 a < 5 anos,2025,CENTRO-OESTE,52,GO,520460,CAMPESTRE DE GOIAS,6,4.17%,7,4.86%,131,90.97%,13,9.03,144,1,0.69%,2,1.39%,136,94.44%,5,3.47%,3,2.08,144
CRIANÇA,0 a < 5 anos,2025,CENTRO-OESTE,52,GO,520465,CAMPINACU,5,1.93%,8,3.09%,246,94.98%,13,5.02,259,1,0.39%,3,1.16%,237,91.51%,18,6.95%,4,1.54,259
CRIANÇA,0 a < 5 anos,2025,CENTRO-OESTE,52,GO,520470,CAMPINORTE,17,2.6%,48,7.33%,590,90.08%,65,9.92,655,3,0.46%,6,0.92%,603,92.06%,43,6.56%,9,1.37,655
CRIANÇA,0 a < 5 anos,2025,CENTRO-OESTE,52,GO,520480,CAMPO ALEGRE DE GOIAS,12,3.81%,25,7.94%,278,88.25%,37,11.75,315,4,1.27%,4,1.27%,289,91.75%,18,5.71%,8,2.54,315
CRIANÇA,0 a < 5 anos,2025,CENTRO-OESTE,52,GO,520485,CAMPO LIMPO DE GOIAS,36,6.2%,69,11.88%,476,81.93%,105,18.07,581,3,0.52%,14,2.41%,530,91.22%,34,5.85%,17,2.93,581
CRIANÇA,0 a < 5 anos,2025,CENTRO-OESTE,52,GO,520490,CAMPOS BELOS,65,6.31%,61,5.92%,904,87.77%,126,12.23,1030,8,0.78%,29,2.82%,950,92.23%,43,4.17%,37,3.59,1030
CRIANÇA,0 a < 5 anos,2025,CENTRO-OESTE,52,GO,520495,CAMPOS VERDES,10,5.32%,8,4.26%,170,90.43%,18,9.57,188,0,-,6,3.19%,166,88.3%,16,8.51%,6,3.19,188
CRIANÇA,0 a < 5 anos,2025,CENTRO-OESTE,52,GO,520500,CARMO DO RIO VERDE,28,7.87%,18,5.06%,310,87.08%,46,12.92,356,2,0.56%,9,2.53%,314,88.2%,31,8.71%,11,3.09,356
CRIANÇA,0 a < 5 anos,2025,CENTRO-OESTE,52,GO,520505,CASTELANDIA,1,0.57%,6,3.45%,167,95.98%,7,4.02,174,0,-,2,1.15%,157,90.23%,15,8.62%,2,1.15,174
CRIANÇA,0 a < 5 anos,2025,CENTRO-OESTE,52,GO,520510,CATALAO,68,2.09%,134,4.12%,3049,93.79%,202,6.21,3251,19,0.58%,58,1.78%,2975,91.51%,199,6.12%,77,2.37,3251
CRIANÇA,0 a < 5 anos,2025,CENTRO-OESTE,52,GO,520520,CATURAI,15,5.88%,19,7.45%,221,86.67%,34,13.33,255,3,1.18%,4,1.57%,237,92.94%,11,4.31%,7,2.75,255
CRIANÇA,0 a < 5 anos,2025,CENTRO-OESTE,52,GO,520530,CAVALCANTE,29,4.11%,29,4.11%,647,91.77%,58,8.23,705,4,0.57%,17,2.41%,653,92.62%,31,4.4%,21,2.98,705
CRIANÇA,0 a < 5 anos,2025,CENTRO-OESTE,52,GO,520540,CERES,18,3.47%,25,4.83%,475,91.7%,43,8.3,518,4,0.77%,10,1.93%,462,89.19%,42,8.11%,14,2.7,518
CRIANÇA,0 a < 5 anos,2025,CENTRO-OESTE,52,GO,520545,CEZARINA,22,5.37%,19,4.63%,369,90%,41,10.0,410,2,0.49%,10,2.44%,372,90.73%,26,6.34%,12,2.93,410
CRIANÇA,0 a < 5 anos,2025,CENTRO-OESTE,52,GO,520547,CHAPADAO DO CEU,7,1.82%,14,3.64%,364,94.55%,21,5.45,385,1,0.26%,13,3.38%,348,90.39%,23,5.97%,14,3.64,385
CRIANÇA,0 a < 5 anos,2025,CENTRO-OESTE,52,GO,520549,CIDADE OCIDENTAL,80,2.86%,152,5.42%,2570,91.72%,232,8.28,2802,30,1.07%,68,2.43%,2552,91.05%,153,5.46%,98,3.5,2803
CRIANÇA,0 a < 5 anos,2025,CENTRO-OESTE,52,GO,520551,COCALZINHO DE GOIAS,51,4.73%,69,6.39%,959,88.88%,120,11.12,1079,5,0.46%,22,2.04%,1003,92.96%,49,4.54%,27,2.5,1079
CRIANÇA,0 a < 5 anos,2025,CENTRO-OESTE,52,GO,520552,COLINAS DO SUL,6,2.25%,14,5.24%,247,92.51%,20,7.49,267,1,0.37%,3,1.12%,212,79.4%,51,19.1%,4,1.5,267
CRIANÇA,0 a < 5 anos,2025,CENTRO-OESTE,52,GO,520570,CORREGO DO OURO,2,1.77%,8,7.08%,103,91.15%,10,8.85,113,0,-,1,0.88%,101,89.38%,11,9.73%,1,0.88,113
CRIANÇA,0 a < 5 anos,2025,CENTRO-OESTE,52,GO,520580,CORUMBA DE GOIAS,15,3.68%,24,5.88%,369,90.44%,39,9.56,408,1,0.25%,5,1.23%,371,90.93%,31,7.6%,6,1.47,408
CRIANÇA,0 a < 5 anos,2025,CENTRO-OESTE,52,GO,520590,CORUMBAIBA,7,1.74%,22,5.47%,373,92.79%,29,7.21,402,1,0.25%,11,2.74%,361,89.8%,29,7.21%,12,2.99,402
CRIANÇA,0 a < 5 anos,2025,CENTRO-OESTE,52,GO,520620,CRISTALINA,176,5.22%,265,7.87%,2928,86.91%,441,13.09,3369,27,0.8%,96,2.85%,3068,91.09%,177,5.26%,123,3.65,3368
CRIANÇA,0 a < 5 anos,2025,CENTRO-OESTE,52,GO,520630,CRISTIANOPOLIS,5,2.65%,6,3.17%,178,94.18%,11,5.82,189,0,-,4,2.12%,168,88.89%,17,8.99%,4,2.12,189
CRIANÇA,0 a < 5 anos,2025,CENTRO-OESTE,52,GO,520640,CRIXAS,60,10.47%,51,8.9%,462,80.63%,111,19.37,573,5,0.87%,12,2.09%,522,91.1%,34,5.93%,17,2.97,573
CRIANÇA,0 a < 5 anos,2025,CENTRO-OESTE,52,GO,520650,CROMINIA,7,5.07%,9,6.52%,122,88.41%,16,11.59,138,3,2.17%,6,4.35%,112,81.16%,17,12.32%,9,6.52,138
CRIANÇA,0 a < 5 anos,2025,CENTRO-OESTE,52,GO,520660,CUMARI,1,0.96%,7,6.73%,96,92.31%,8,7.69,104,1,0.96%,0,-,95,91.35%,8,7.69%,1,0.96,104
CRIANÇA,0 a < 5 anos,2025,CENTRO-OESTE,52,GO,520670,DAMIANOPOLIS,10,3.88%,11,4.26%,237,91.86%,21,8.14,258,2,0.78%,2,0.78%,235,91.09%,19,7.36%,4,1.55,258
CRIANÇA,0 a < 5 anos,2025,CENTRO-OESTE,52,GO,520680,DAMOLANDIA,1,0.69%,5,3.47%,138,95.83%,6,4.17,144,0,-,3,2.08%,129,89.58%,12,8.33%,3,2.08,144
CRIANÇA,0 a < 5 anos,2025,CENTRO-OESTE,52,GO,520690,DAVINOPOLIS,5,5.1%,7,7.14%,86,87.76%,12,12.24,98,0,-,4,4.08%,90,91.84%,4,4.08%,4,4.08,98
CRIANÇA,0 a < 5 anos,2025,CENTRO-OESTE,52,GO,520710,DIORAMA,1,1.35%,5,6.76%,68,91.89%,6,8.11,74,0,-,0,-,68,91.89%,6,8.11%,0,0.0,74
CRIANÇA,0 a < 5 anos,2025,CENTRO-OESTE,52,GO,520725,DOVERLANDIA,11,3.41%,14,4.33%,298,92.26%,25,7.74,323,0,-,6,1.86%,294,91.02%,23,7.12%,6,1.86,323
CRIANÇA,0 a < 5 anos,2025,CENTRO-OESTE,52,GO,520735,EDEALINA,4,1.65%,7,2.88%,232,95.47%,11,4.53,243,0,-,5,2.06%,212,87.24%,26,10.7%,5,2.06,243
CRIANÇA,0 a < 5 anos,2025,CENTRO-OESTE,52,GO,520740,EDEIA,9,1.65%,24,4.4%,512,93.94%,33,6.06,545,1,0.18%,10,1.83%,490,89.91%,44,8.07%,11,2.02,545
CRIANÇA,0 a < 5 anos,2025,CENTRO-OESTE,52,GO,520750,ESTRELA DO NORTE,5,5.62%,5,5.62%,79,88.76%,10,11.24,89,0,-,4,4.49%,80,89.89%,5,5.62%,4,4.49,89
CRIANÇA,0 a < 5 anos,2025,CENTRO-OESTE,52,GO,520753,FAINA,17,9.66%,17,9.66%,142,80.68%,34,19.32,176,1,0.57%,6,3.41%,144,81.82%,25,14.2%,7,3.98,176
CRIANÇA,0 a < 5 anos,2025,CENTRO-OESTE,52,GO,520760,FAZENDA NOVA,11,4.85%,18,7.93%,198,87.22%,29,12.78,227,3,1.32%,6,2.64%,199,87.67%,19,8.37%,9,3.96,227
CRIANÇA,0 a < 5 anos,2025,CENTRO-OESTE,52,GO,520780,FIRMINOPOLIS,14,2.81%,30,6.02%,454,91.16%,44,8.84,498,7,1.41%,15,3.01%,440,88.35%,36,7.23%,22,4.42,498
CRIANÇA,0 a < 5 anos,2025,CENTRO-OESTE,52,GO,520790,FLORES DE GOIAS,24,3.32%,32,4.43%,666,92.24%,56,7.76,722,4,0.55%,22,3.05%,671,92.94%,25,3.46%,26,3.6,722
CRIANÇA,0 a < 5 anos,2025,CENTRO-OESTE,52,GO,520800,FORMOSA,124,4.19%,167,5.65%,2665,90.16%,291,9.84,2956,51,1.73%,97,3.28%,2653,89.75%,155,5.24%,148,5.01,2956
CRIANÇA,0 a < 5 anos,2025,CENTRO-OESTE,52,GO,520810,FORMOSO,1,0.42%,9,3.8%,227,95.78%,10,4.22,237,1,0.42%,6,2.53%,208,87.76%,22,9.28%,7,2.95,237
CRIANÇA,0 a < 5 anos,2025,CENTRO-OESTE,52,GO,520815,GAMELEIRA DE GOIAS,9,4.25%,11,5.19%,192,90.57%,20,9.43,212,1,0.47%,2,0.94%,200,94.34%,9,4.25%,3,1.42,212
CRIANÇA,0 a < 5 anos,2025,CENTRO-OESTE,52,GO,520830,DIVINOPOLIS DE GOIAS,24,8.6%,10,3.58%,245,87.81%,34,12.19,279,2,0.72%,8,2.87%,250,89.61%,19,6.81%,10,3.58,279
CRIANÇA,0 a < 5 anos,2025,CENTRO-OESTE,52,GO,520840,GOIANAPOLIS,58,8.23%,68,9.65%,579,82.13%,126,17.87,705,8,1.13%,19,2.7%,622,88.23%,56,7.94%,27,3.83,705
CRIANÇA,0 a < 5 anos,2025,CENTRO-OESTE,52,GO,520850,GOIANDIRA,4,2.37%,5,2.96%,160,94.67%,9,5.33,169,1,0.59%,1,0.59%,149,88.17%,18,10.65%,2,1.18,169
CRIANÇA,0 a < 5 anos,2025,CENTRO-OESTE,52,GO,520860,GOIANESIA,94,5.24%,109,6.08%,1591,88.68%,203,11.32,1794,17,0.95%,57,3.18%,1616,90.08%,104,5.8%,74,4.12,1794
CRIANÇA,0 a < 5 anos,2025,CENTRO-OESTE,52,GO,520870,GOIANIA,877,2.83%,1727,5.57%,28393,91.6%,2604,8.4,30997,272,0.88%,704,2.27%,28423,91.7%,1598,5.16%,976,3.15,30997
CRIANÇA,0 a < 5 anos,2025,CENTRO-OESTE,52,GO,520880,GOIANIRA,143,3.39%,259,6.14%,3817,90.47%,402,9.53,4219,20,0.47%,101,2.39%,3850,91.25%,248,5.88%,121,2.87,4219
CRIANÇA,0 a < 5 anos,2025,CENTRO-OESTE,52,GO,520890,GOIAS,32,3.88%,60,7.27%,733,88.85%,92,11.15,825,11,1.33%,22,2.67%,739,89.58%,53,6.42%,33,4.0,825
CRIANÇA,0 a < 5 anos,2025,CENTRO-OESTE,52,GO,520910,GOIATUBA,41,3.49%,55,4.68%,1079,91.83%,96,8.17,1175,6,0.51%,19,1.62%,1078,91.74%,72,6.13%,25,2.13,1175
CRIANÇA,0 a < 5 anos,2025,CENTRO-OESTE,52,GO,520915,GOUVELANDIA,5,2.31%,10,4.63%,201,93.06%,15,6.94,216,2,0.93%,1,0.46%,194,89.81%,19,8.8%,3,1.39,216
CRIANÇA,0 a < 5 anos,2025,CENTRO-OESTE,52,GO,520920,GUAPO,73,6.86%,92,8.65%,899,84.49%,165,15.51,1064,10,0.94%,31,2.91%,928,87.22%,95,8.93%,41,3.85,1064
CRIANÇA,0 a < 5 anos,2025,CENTRO-OESTE,52,GO,520929,GUARAITA,2,2.08%,4,4.17%,90,93.75%,6,6.25,96,1,1.04%,1,1.04%,90,93.75%,4,4.17%,2,2.08,96
CRIANÇA,0 a < 5 anos,2025,CENTRO-OESTE,52,GO,520940,GUARANI DE GOIAS,13,5.8%,13,5.8%,198,88.39%,26,11.61,224,2,0.89%,7,3.13%,205,91.52%,10,4.46%,9,4.02,224
CRIANÇA,0 a < 5 anos,2025,CENTRO-OESTE,52,GO,520945,GUARINOS,0,-,1,1.45%,68,98.55%,1,1.45,69,0,-,0,-,65,94.2%,4,5.8%,0,0.0,69
CRIANÇA,0 a < 5 anos,2025,CENTRO-OESTE,52,GO,520960,HEITORAI,22,11.64%,15,7.94%,152,80.42%,37,19.58,189,4,2.12%,6,3.17%,154,81.48%,25,13.23%,10,5.29,189
CRIANÇA,0 a < 5 anos,2025,CENTRO-OESTE,52,GO,520970,HIDROLANDIA,27,2.15%,47,3.75%,1180,94.1%,74,5.9,1254,7,0.56%,35,2.79%,1147,91.47%,65,5.18%,42,3.35,1254
CRIANÇA,0 a < 5 anos,2025,CENTRO-OESTE,52,GO,520980,HIDROLINA,1,1.25%,4,5%,75,93.75%,5,6.25,80,1,1.25%,2,2.5%,72,90%,5,6.25%,3,3.75,80
CRIANÇA,0 a < 5 anos,2025,CENTRO-OESTE,52,GO,520990,IACIARA,33,4.82%,56,8.18%,596,87.01%,89,12.99,685,6,0.88%,18,2.63%,628,91.68%,33,4.82%,24,3.5,685
CRIANÇA,0 a < 5 anos,2025,CENTRO-OESTE,52,GO,520993,INACIOLANDIA,4,1.1%,15,4.11%,346,94.79%,19,5.21,365,3,0.82%,10,2.74%,318,87.12%,34,9.32%,13,3.56,365
CRIANÇA,0 a < 5 anos,2025,CENTRO-OESTE,52,GO,520995,INDIARA,15,2.38%,37,5.87%,578,91.75%,52,8.25,630,1,0.16%,15,2.38%,567,90%,47,7.46%,16,2.54,630
CRIANÇA,0 a < 5 anos,2025,CENTRO-OESTE,52,GO,521000,INHUMAS,107,4.72%,129,5.69%,2032,89.59%,236,10.41,2268,23,1.01%,61,2.69%,2049,90.34%,135,5.95%,84,3.7,2268
CRIANÇA,0 a < 5 anos,2025,CENTRO-OESTE,52,GO,521010,IPAMERI,32,3.33%,53,5.52%,875,91.15%,85,8.85,960,6,0.63%,21,2.19%,863,89.9%,70,7.29%,27,2.81,960
CRIANÇA,0 a < 5 anos,2025,CENTRO-OESTE,52,GO,521015,IPIRANGA DE GOIAS,9,5.88%,14,9.15%,130,84.97%,23,15.03,153,0,-,3,1.96%,138,90.2%,12,7.84%,3,1.96,153
CRIANÇA,0 a < 5 anos,2025,CENTRO-OESTE,52,GO,521020,IPORA,26,3.43%,44,5.81%,687,90.75%,70,9.25,757,3,0.4%,13,1.72%,665,87.85%,76,10.04%,16,2.11,757
CRIANÇA,0 a < 5 anos,2025,CENTRO-OESTE,52,GO,521030,ISRAELANDIA,3,3.53%,8,9.41%,74,87.06%,11,12.94,85,0,-,3,3.53%,77,90.59%,5,5.88%,3,3.53,85
CRIANÇA,0 a < 5 anos,2025,CENTRO-OESTE,52,GO,521040,ITABERAI,148,7.09%,191,9.15%,1748,83.76%,339,16.24,2087,31,1.49%,77,3.69%,1844,88.36%,135,6.47%,108,5.17,2087
CRIANÇA,0 a < 5 anos,2025,CENTRO-OESTE,52,GO,521056,ITAGUARI,1,0.65%,5,3.25%,148,96.1%,6,3.9,154,0,-,1,0.65%,141,91.56%,12,7.79%,1,0.65,154
CRIANÇA,0 a < 5 anos,2025,CENTRO-OESTE,52,GO,521060,ITAGUARU,2,1.32%,7,4.64%,142,94.04%,9,5.96,151,0,-,2,1.32%,137,90.73%,12,7.95%,2,1.32,151
CRIANÇA,0 a < 5 anos,2025,CENTRO-OESTE,52,GO,521080,ITAJA,5,2.34%,11,5.14%,198,92.52%,16,7.48,214,0,-,3,1.4%,197,92.06%,14,6.54%,3,1.4,214
CRIANÇA,0 a < 5 anos,2025,CENTRO-OESTE,52,GO,521090,ITAPACI,29,3.01%,34,3.52%,902,93.47%,63,6.53,965,4,0.41%,11,1.14%,879,91.09%,71,7.36%,15,1.55,965
CRIANÇA,0 a < 5 anos,2025,CENTRO-OESTE,52,GO,521100,ITAPIRAPUA,11,4.76%,18,7.79%,202,87.45%,29,12.55,231,2,0.87%,5,2.16%,211,91.34%,13,5.63%,7,3.03,231
CRIANÇA,0 a < 5 anos,2025,CENTRO-OESTE,52,GO,521120,ITAPURANGA,17,2.71%,39,6.21%,572,91.08%,56,8.92,628,1,0.16%,16,2.55%,577,91.88%,34,5.41%,17,2.71,628
CRIANÇA,0 a < 5 anos,2025,CENTRO-OESTE,52,GO,521130,ITARUMA,5,1.69%,13,4.41%,277,93.9%,18,6.1,295,0,-,4,1.36%,277,93.9%,14,4.75%,4,1.36,295
CRIANÇA,0 a < 5 anos,2025,CENTRO-OESTE,52,GO,521140,ITAUCU,6,1.74%,22,6.38%,317,91.88%,28,8.12,345,2,0.58%,7,2.03%,314,91.01%,22,6.38%,9,2.61,345
CRIANÇA,0 a < 5 anos,2025,CENTRO-OESTE,52,GO,521150,ITUMBIARA,105,4.95%,191,9%,1827,86.06%,296,13.94,2123,21,0.99%,54,2.54%,1922,90.53%,126,5.93%,75,3.53,2123
CRIANÇA,0 a < 5 anos,2025,CENTRO-OESTE,52,GO,521160,IVOLANDIA,3,1.97%,12,7.89%,137,90.13%,15,9.87,152,0,-,1,0.66%,139,91.45%,12,7.89%,1,0.66,152
CRIANÇA,0 a < 5 anos,2025,CENTRO-OESTE,52,GO,521170,JANDAIA,5,2.1%,18,7.56%,215,90.34%,23,9.66,238,2,0.84%,5,2.1%,217,91.18%,14,5.88%,7,2.94,238
CRIANÇA,0 a < 5 anos,2025,CENTRO-OESTE,52,GO,521180,JARAGUA,26,1.7%,136,8.89%,1367,89.4%,162,10.6,1529,3,0.2%,29,1.9%,1432,93.66%,65,4.25%,32,2.09,1529
CRIANÇA,0 a < 5 anos,2025,CENTRO-OESTE,52,GO,521190,JATAI,94,2.25%,279,6.68%,3802,91.07%,373,8.93,4175,25,0.6%,71,1.7%,3852,92.26%,227,5.44%,96,2.3,4175
CRIANÇA,0 a < 5 anos,2025,CENTRO-OESTE,52,GO,521200,JAUPACI,2,1.55%,2,1.55%,125,96.9%,4,3.1,129,0,-,1,0.78%,119,92.25%,9,6.98%,1,0.78,129
CRIANÇA,0 a < 5 anos,2025,CENTRO-OESTE,52,GO,521205,JESUPOLIS,9,12.68%,6,8.45%,56,78.87%,15,21.13,71,0,-,2,2.82%,64,90.14%,5,7.04%,2,2.82,71
CRIANÇA,0 a < 5 anos,2025,CENTRO-OESTE,52,GO,521210,JOVIANIA,5,1.92%,9,3.45%,247,94.64%,14,5.36,261,0,-,7,2.68%,225,86.21%,29,11.11%,7,2.68,261
CRIANÇA,0 a < 5 anos,2025,CENTRO-OESTE,52,GO,521220,JUSSARA,54,6.44%,48,5.72%,737,87.84%,102,12.16,839,8,0.95%,17,2.03%,760,90.58%,54,6.44%,25,2.98,839
CRIANÇA,0 a < 5 anos,2025,CENTRO-OESTE,52,GO,521225,LAGOA SANTA,2,3.33%,5,8.33%,53,88.33%,7,11.67,60,1,1.67%,1,1.67%,50,83.33%,8,13.33%,2,3.33,60
CRIANÇA,0 a < 5 anos,2025,CENTRO-OESTE,52,GO,521230,LEOPOLDO DE BULHOES,11,3.46%,27,8.49%,280,88.05%,38,11.95,318,4,1.26%,4,1.26%,285,89.62%,25,7.86%,8,2.52,318
CRIANÇA,0 a < 5 anos,2025,CENTRO-OESTE,52,GO,521250,LUZIANIA,479,4.94%,717,7.4%,8499,87.66%,1196,12.34,9695,77,0.79%,248,2.56%,8866,91.44%,505,5.21%,325,3.35,9696
CRIANÇA,0 a < 5 anos,2025,CENTRO-OESTE,52,GO,521260,MAIRIPOTABA,2,2.17%,6,6.52%,84,91.3%,8,8.7,92,0,-,2,2.17%,79,85.87%,11,11.96%,2,2.17,92
CRIANÇA,0 a < 5 anos,2025,CENTRO-OESTE,52,GO,521270,MAMBAI,19,3.54%,36,6.7%,482,89.76%,55,10.24,537,5,0.93%,14,2.61%,471,87.71%,47,8.75%,19,3.54,537
CRIANÇA,0 a < 5 anos,2025,CENTRO-OESTE,52,GO,521280,MARA ROSA,15,4.07%,19,5.15%,335,90.79%,34,9.21,369,0,-,6,1.63%,330,89.43%,33,8.94%,6,1.63,369
CRIANÇA,0 a < 5 anos,2025,CENTRO-OESTE,52,GO,521290,MARZAGAO,4,2.52%,7,4.4%,148,93.08%,11,6.92,159,1,0.63%,4,2.52%,146,91.82%,8,5.03%,5,3.14,159
CRIANÇA,0 a < 5 anos,2025,CENTRO-OESTE,52,GO,521295,MATRINCHA,4,1.83%,4,1.83%,210,96.33%,8,3.67,218,0,-,5,2.29%,203,93.12%,10,4.59%,5,2.29,218
CRIANÇA,0 a < 5 anos,2025,CENTRO-OESTE,52,GO,521300,MAURILANDIA,31,8.99%,33,9.57%,281,81.45%,64,18.55,345,5,1.45%,10,2.9%,307,88.99%,23,6.67%,15,4.35,345
CRIANÇA,0 a < 5 anos,2025,CENTRO-OESTE,52,GO,521305,MIMOSO DE GOIAS,5,3.47%,4,2.78%,135,93.75%,9,6.25,144,0,-,3,2.08%,135,93.75%,6,4.17%,3,2.08,144
CRIANÇA,0 a < 5 anos,2025,CENTRO-OESTE,52,GO,521308,MINACU,34,5.7%,35,5.86%,528,88.44%,69,11.56,597,12,2.01%,11,1.84%,526,88.11%,48,8.04%,23,3.85,597
CRIANÇA,0 a < 5 anos,2025,CENTRO-OESTE,52,GO,521310,MINEIROS,100,3.21%,172,5.52%,2842,91.27%,272,8.73,3114,21,0.67%,76,2.44%,2851,91.55%,166,5.33%,97,3.11,3114
CRIANÇA,0 a < 5 anos,2025,CENTRO-OESTE,52,GO,521340,MOIPORA,2,5.26%,3,7.89%,33,86.84%,5,13.16,38,2,5.26%,3,7.89%,32,84.21%,1,2.63%,5,13.16,38
CRIANÇA,0 a < 5 anos,2025,CENTRO-OESTE,52,GO,521350,MONTE ALEGRE DE GOIAS,26,6.03%,25,5.8%,380,88.17%,51,11.83,431,7,1.62%,17,3.94%,390,90.49%,17,3.94%,24,5.57,431
CRIANÇA,0 a < 5 anos,2025,CENTRO-OESTE,52,GO,521370,MONTES CLAROS DE GOIAS,20,6.29%,23,7.23%,275,86.48%,43,13.52,318,0,-,3,0.94%,290,91.19%,25,7.86%,3,0.94,318
CRIANÇA,0 a < 5 anos,2025,CENTRO-OESTE,52,GO,521375,MONTIVIDIU,19,5.08%,21,5.61%,334,89.3%,40,10.7,374,5,1.34%,9,2.41%,337,90.11%,23,6.15%,14,3.74,374
CRIANÇA,0 a < 5 anos,2025,CENTRO-OESTE,52,GO,521377,MONTIVIDIU DO NORTE,5,2.31%,10,4.63%,201,93.06%,15,6.94,216,0,-,11,5.09%,189,87.5%,16,7.41%,11,5.09,216
CRIANÇA,0 a < 5 anos,2025,CENTRO-OESTE,52,GO,521380,MORRINHOS,60,5.05%,112,9.42%,1017,85.53%,172,14.47,1189,5,0.42%,14,1.18%,1110,93.36%,60,5.05%,19,1.6,1189
CRIANÇA,0 a < 5 anos,2025,CENTRO-OESTE,52,GO,521385,MORRO AGUDO DE GOIAS,20,13.42%,11,7.38%,118,79.19%,31,20.81,149,0,-,6,4.03%,125,83.89%,18,12.08%,6,4.03,149
CRIANÇA,0 a < 5 anos,2025,CENTRO-OESTE,52,GO,521390,MOSSAMEDES,4,2.34%,6,3.51%,161,94.15%,10,5.85,171,1,0.58%,1,0.58%,153,89.47%,16,9.36%,2,1.17,171
CRIANÇA,0 a < 5 anos,2025,CENTRO-OESTE,52,GO,521400,MOZARLANDIA,24,4.19%,38,6.63%,511,89.18%,62,10.82,573,3,0.52%,11,1.92%,522,91.1%,37,6.46%,14,2.44,573
CRIANÇA,0 a < 5 anos,2025,CENTRO-OESTE,52,GO,521405,MUNDO NOVO,6,1.88%,15,4.7%,298,93.42%,21,6.58,319,6,1.88%,6,1.88%,284,89.03%,23,7.21%,12,3.76,319
CRIANÇA,0 a < 5 anos,2025,CENTRO-OESTE,52,GO,521410,MUTUNOPOLIS,16,8.33%,25,13.02%,151,78.65%,41,21.35,192,1,0.52%,4,2.08%,182,94.79%,5,2.6%,5,2.6,192
CRIANÇA,0 a < 5 anos,2025,CENTRO-OESTE,52,GO,521440,NAZARIO,11,3.82%,26,9.03%,251,87.15%,37,12.85,288,0,-,7,2.43%,255,88.54%,26,9.03%,7,2.43,288
CRIANÇA,0 a < 5 anos,2025,CENTRO-OESTE,52,GO,521450,NEROPOLIS,109,6.93%,132,8.4%,1331,84.67%,241,15.33,1572,19,1.21%,31,1.97%,1391,88.49%,131,8.33%,50,3.18,1572
CRIANÇA,0 a < 5 anos,2025,CENTRO-OESTE,52,GO,521460,NIQUELANDIA,54,4.49%,65,5.4%,1085,90.12%,119,9.88,1204,22,1.83%,41,3.41%,1054,87.54%,87,7.23%,63,5.23,1204
CRIANÇA,0 a < 5 anos,2025,CENTRO-OESTE,52,GO,521470,NOVA AMERICA,7,9.21%,10,13.16%,59,77.63%,17,22.37,76,1,1.32%,1,1.32%,69,90.79%,5,6.58%,2,2.63,76
CRIANÇA,0 a < 5 anos,2025,CENTRO-OESTE,52,GO,521480,NOVA AURORA,0,-,5,6.94%,67,93.06%,5,6.94,72,1,1.39%,0,-,65,90.28%,6,8.33%,1,1.39,72
CRIANÇA,0 a < 5 anos,2025,CENTRO-OESTE,52,GO,521483,NOVA CRIXAS,14,2.43%,26,4.51%,537,93.07%,40,6.93,577,2,0.35%,10,1.73%,526,91.16%,39,6.76%,12,2.08,577
CRIANÇA,0 a < 5 anos,2025,CENTRO-OESTE,52,GO,521486,NOVA GLORIA,11,4.49%,17,6.94%,217,88.57%,28,11.43,245,2,0.82%,4,1.63%,224,91.43%,15,6.12%,6,2.45,245
CRIANÇA,0 a < 5 anos,2025,CENTRO-OESTE,52,GO,521487,NOVA IGUACU DE GOIAS,2,0.99%,12,5.91%,189,93.1%,14,6.9,203,1,0.49%,1,0.49%,193,95.07%,8,3.94%,2,0.99,203
CRIANÇA,0 a < 5 anos,2025,CENTRO-OESTE,52,GO,521490,NOVA ROMA,4,1.91%,6,2.87%,199,95.22%,10,4.78,209,0,-,3,1.44%,194,92.82%,12,5.74%,3,1.44,209
CRIANÇA,0 a < 5 anos,2025,CENTRO-OESTE,52,GO,521500,NOVA VENEZA,18,4.24%,30,7.06%,377,88.71%,48,11.29,425,5,1.18%,12,2.82%,382,89.88%,26,6.12%,17,4.0,425
CRIANÇA,0 a < 5 anos,2025,CENTRO-OESTE,52,GO,521520,NOVO BRASIL,2,1.57%,7,5.51%,118,92.91%,9,7.09,127,0,-,0,-,118,92.91%,9,7.09%,0,0.0,127
CRIANÇA,0 a < 5 anos,2025,CENTRO-OESTE,52,GO,521523,NOVO GAMA,272,4.33%,531,8.45%,5483,87.23%,803,12.77,6286,56,0.89%,245,3.9%,5739,91.3%,246,3.91%,301,4.79,6286
CRIANÇA,0 a < 5 anos,2025,CENTRO-OESTE,52,GO,521525,NOVO PLANALTO,5,4.67%,6,5.61%,96,89.72%,11,10.28,107,0,-,4,3.74%,91,85.05%,12,11.21%,4,3.74,107
CRIANÇA,0 a < 5 anos,2025,CENTRO-OESTE,52,GO,521530,ORIZONA,23,3.67%,29,4.63%,575,91.71%,52,8.29,627,7,1.12%,8,1.28%,395,63%,217,34.61%,15,2.39,627
CRIANÇA,0 a < 5 anos,2025,CENTRO-OESTE,52,GO,521540,OURO VERDE DE GOIAS,2,1.05%,12,6.28%,177,92.67%,14,7.33,191,1,0.52%,3,1.57%,174,91.1%,13,6.81%,4,2.09,191
CRIANÇA,0 a < 5 anos,2025,CENTRO-OESTE,52,GO,521550,OUVIDOR,4,3.05%,3,2.29%,124,94.66%,7,5.34,131,0,-,1,0.76%,113,86.26%,17,12.98%,1,0.76,131
CRIANÇA,0 a < 5 anos,2025,CENTRO-OESTE,52,GO,521560,PADRE BERNARDO,47,2.86%,104,6.32%,1495,90.83%,151,9.17,1646,23,1.4%,55,3.34%,1497,90.95%,71,4.31%,78,4.74,1646
CRIANÇA,0 a < 5 anos,2025,CENTRO-OESTE,52,GO,521565,PALESTINA DE GOIAS,1,0.7%,6,4.23%,135,95.07%,7,4.93,142,1,0.7%,6,4.23%,124,87.32%,11,7.75%,7,4.93,142
CRIANÇA,0 a < 5 anos,2025,CENTRO-OESTE,52,GO,521570,PALMEIRAS DE GOIAS,30,3.66%,42,5.13%,747,91.21%,72,8.79,819,1,0.12%,18,2.2%,741,90.48%,59,7.2%,19,2.32,819
CRIANÇA,0 a < 5 anos,2025,CENTRO-OESTE,52,GO,521580,PALMELO,3,2.68%,8,7.14%,101,90.18%,11,9.82,112,1,0.89%,2,1.79%,104,92.86%,5,4.46%,3,2.68,112
CRIANÇA,0 a < 5 anos,2025,CENTRO-OESTE,52,GO,521590,PALMINOPOLIS,16,8.74%,13,7.1%,154,84.15%,29,15.85,183,4,2.19%,1,0.55%,157,85.79%,21,11.48%,5,2.73,183
CRIANÇA,0 a < 5 anos,2025,CENTRO-OESTE,52,GO,521600,PANAMA,5,4.42%,6,5.31%,102,90.27%,11,9.73,113,1,0.88%,1,0.88%,106,93.81%,5,4.42%,2,1.77,113
CRIANÇA,0 a < 5 anos,2025,CENTRO-OESTE,52,GO,521630,PARANAIGUARA,8,2.74%,10,3.42%,274,93.84%,18,6.16,292,2,0.68%,9,3.08%,257,88.01%,24,8.22%,11,3.77,292
CRIANÇA,0 a < 5 anos,2025,CENTRO-OESTE,52,GO,521640,PARAUNA,15,3%,26,5.2%,459,91.8%,41,8.2,500,1,0.2%,7,1.4%,447,89.4%,45,9%,8,1.6,500
CRIANÇA,0 a < 5 anos,2025,CENTRO-OESTE,52,GO,521645,PEROLANDIA,3,3.45%,8,9.2%,76,87.36%,11,12.64,87,1,1.15%,2,2.3%,79,90.8%,5,5.75%,3,3.45,87
CRIANÇA,0 a < 5 anos,2025,CENTRO-OESTE,52,GO,521680,PETROLINA DE GOIAS,38,14.13%,22,8.18%,209,77.7%,60,22.3,269,7,2.6%,5,1.86%,240,89.22%,17,6.32%,12,4.46,269
CRIANÇA,0 a < 5 anos,2025,CENTRO-OESTE,52,GO,521690,PILAR DE GOIAS,6,4.65%,7,5.43%,116,89.92%,13,10.08,129,0,-,0,-,115,89.15%,14,10.85%,0,0.0,129
CRIANÇA,0 a < 5 anos,2025,CENTRO-OESTE,52,GO,521710,PIRACANJUBA,23,4.09%,36,6.41%,503,89.5%,59,10.5,562,5,0.89%,8,1.42%,503,89.5%,46,8.19%,13,2.31,562
CRIANÇA,0 a < 5 anos,2025,CENTRO-OESTE,52,GO,521720,PIRANHAS,17,4.1%,18,4.34%,380,91.57%,35,8.43,415,2,0.48%,6,1.45%,379,91.33%,28,6.75%,8,1.93,415
CRIANÇA,0 a < 5 anos,2025,CENTRO-OESTE,52,GO,521730,PIRENOPOLIS,24,2.62%,62,6.76%,831,90.62%,86,9.38,917,8,0.87%,19,2.07%,836,91.17%,54,5.89%,27,2.94,917
CRIANÇA,0 a < 5 anos,2025,CENTRO-OESTE,52,GO,521740,PIRES DO RIO,43,4.3%,54,5.39%,904,90.31%,97,9.69,1001,12,1.2%,19,1.9%,903,90.21%,67,6.69%,31,3.1,1001
CRIANÇA,0 a < 5 anos,2025,CENTRO-OESTE,52,GO,521760,PLANALTINA,232,5.14%,306,6.78%,3973,88.07%,538,11.93,4511,37,0.82%,133,2.95%,4052,89.82%,289,6.41%,170,3.77,4511
CRIANÇA,0 a < 5 anos,2025,CENTRO-OESTE,52,GO,521770,PONTALINA,15,2.93%,47,9.18%,450,87.89%,62,12.11,512,3,0.59%,10,1.95%,467,91.21%,32,6.25%,13,2.54,512
CRIANÇA,0 a < 5 anos,2025,CENTRO-OESTE,52,GO,521800,PORANGATU,44,3.07%,90,6.28%,1298,90.64%,134,9.36,1432,13,0.91%,40,2.79%,1299,90.71%,80,5.59%,53,3.7,1432
CRIANÇA,0 a < 5 anos,2025,CENTRO-OESTE,52,GO,521805,PORTEIRAO,3,1.94%,11,7.1%,141,90.97%,14,9.03,155,0,-,1,0.65%,137,88.39%,17,10.97%,1,0.65,155
CRIANÇA,0 a < 5 anos,2025,CENTRO-OESTE,52,GO,521810,PORTELANDIA,4,2.29%,15,8.57%,156,89.14%,19,10.86,175,0,-,2,1.14%,142,81.14%,31,17.71%,2,1.14,175
CRIANÇA,0 a < 5 anos,2025,CENTRO-OESTE,52,GO,521830,POSSE,85,5.7%,80,5.37%,1325,88.93%,165,11.07,1490,15,1.01%,49,3.29%,1304,87.52%,122,8.19%,64,4.3,1490
CRIANÇA,0 a < 5 anos,2025,CENTRO-OESTE,52,GO,521839,PROFESSOR JAMIL,6,2.8%,8,3.74%,200,93.46%,14,6.54,214,1,0.47%,4,1.87%,192,89.72%,17,7.94%,5,2.34,214
CRIANÇA,0 a < 5 anos,2025,CENTRO-OESTE,52,GO,521850,QUIRINOPOLIS,63,5.15%,96,7.85%,1064,87%,159,13.0,1223,8,0.65%,21,1.72%,1125,91.99%,69,5.64%,29,2.37,1223
CRIANÇA,0 a < 5 anos,2025,CENTRO-OESTE,52,GO,521860,RIALMA,21,5.11%,19,4.62%,371,90.27%,40,9.73,411,6,1.46%,5,1.22%,363,88.32%,37,9%,11,2.68,411
CRIANÇA,0 a < 5 anos,2025,CENTRO-OESTE,52,GO,521870,RIANAPOLIS,13,6.77%,9,4.69%,170,88.54%,22,11.46,192,3,1.56%,13,6.77%,161,83.85%,15,7.81%,16,8.33,192
CRIANÇA,0 a < 5 anos,2025,CENTRO-OESTE,52,GO,521878,RIO QUENTE,8,3.57%,16,7.14%,200,89.29%,24,10.71,224,0,-,5,2.23%,210,93.75%,9,4.02%,5,2.23,224
CRIANÇA,0 a < 5 anos,2025,CENTRO-OESTE,52,GO,521880,RIO VERDE,471,5.12%,799,8.69%,7924,86.19%,1270,13.81,9194,51,0.55%,225,2.45%,8457,91.98%,461,5.01%,276,3.0,9194
CRIANÇA,0 a < 5 anos,2025,CENTRO-OESTE,52,GO,521890,RUBIATABA,23,5%,40,8.7%,397,86.3%,63,13.7,460,3,0.65%,10,2.17%,410,89.13%,37,8.04%,13,2.83,460
CRIANÇA,0 a < 5 anos,2025,CENTRO-OESTE,52,GO,521900,SANCLERLANDIA,16,4.72%,21,6.19%,302,89.09%,37,10.91,339,6,1.77%,4,1.18%,316,93.22%,13,3.83%,10,2.95,339
CRIANÇA,0 a < 5 anos,2025,CENTRO-OESTE,52,GO,521910,SANTA BARBARA DE GOIAS,5,2.34%,15,7.01%,194,90.65%,20,9.35,214,0,-,5,2.34%,192,89.72%,17,7.94%,5,2.34,214
CRIANÇA,0 a < 5 anos,2025,CENTRO-OESTE,52,GO,521920,SANTA CRUZ DE GOIAS,0,-,5,5.32%,89,94.68%,5,5.32,94,0,-,1,1.06%,83,88.3%,10,10.64%,1,1.06,94
CRIANÇA,0 a < 5 anos,2025,CENTRO-OESTE,52,GO,521925,SANTA FE DE GOIAS,11,7.86%,8,5.71%,121,86.43%,19,13.57,140,1,0.71%,1,0.71%,123,87.86%,15,10.71%,2,1.43,140
CRIANÇA,0 a < 5 anos,2025,CENTRO-OESTE,52,GO,521930,SANTA HELENA DE GOIAS,61,4.4%,64,4.61%,1262,90.99%,125,9.01,1387,15,1.08%,18,1.3%,1015,73.18%,339,24.44%,33,2.38,1387
CRIANÇA,0 a < 5 anos,2025,CENTRO-OESTE,52,GO,521935,SANTA ISABEL,7,2.94%,8,3.36%,223,93.7%,15,6.3,238,2,0.84%,2,0.84%,221,92.86%,13,5.46%,4,1.68,238
CRIANÇA,0 a < 5 anos,2025,CENTRO-OESTE,52,GO,521940,SANTA RITA DO ARAGUAIA,3,0.92%,15,4.6%,308,94.48%,18,5.52,326,2,0.61%,11,3.37%,293,89.88%,20,6.13%,13,3.99,326
CRIANÇA,0 a < 5 anos,2025,CENTRO-OESTE,52,GO,521945,SANTA RITA DO NOVO DESTINO,11,14.47%,5,6.58%,60,78.95%,16,21.05,76,3,3.95%,3,3.95%,61,80.26%,9,11.84%,6,7.89,76
CRIANÇA,0 a < 5 anos,2025,CENTRO-OESTE,52,GO,521950,SANTA ROSA DE GOIAS,1,0.97%,1,0.97%,101,98.06%,2,1.94,103,0,-,1,0.97%,98,95.15%,4,3.88%,1,0.97,103
CRIANÇA,0 a < 5 anos,2025,CENTRO-OESTE,52,GO,521960,SANTA TEREZA DE GOIAS,3,1.88%,8,5%,149,93.13%,11,6.88,160,0,-,1,0.63%,147,91.88%,12,7.5%,1,0.62,160
CRIANÇA,0 a < 5 anos,2025,CENTRO-OESTE,52,GO,521970,SANTA TEREZINHA DE GOIAS,33,8.75%,28,7.43%,316,83.82%,61,16.18,377,13,3.45%,15,3.98%,320,84.88%,29,7.69%,28,7.43,377
CRIANÇA,0 a < 5 anos,2025,CENTRO-OESTE,52,GO,521971,SANTO ANTONIO DA BARRA,1,1.02%,3,3.06%,94,95.92%,4,4.08,98,1,1.02%,1,1.02%,86,87.76%,10,10.2%,2,2.04,98
CRIANÇA,0 a < 5 anos,2025,CENTRO-OESTE,52,GO,521973,SANTO ANTONIO DE GOIAS,13,4.1%,22,6.94%,282,88.96%,35,11.04,317,1,0.32%,8,2.52%,284,89.59%,24,7.57%,9,2.84,317
CRIANÇA,0 a < 5 anos,2025,CENTRO-OESTE,52,GO,521975,SANTO ANTONIO DO DESCOBERTO,121,3.78%,206,6.43%,2875,89.79%,327,10.21,3202,31,0.97%,101,3.15%,2905,90.72%,165,5.15%,132,4.12,3202
CRIANÇA,0 a < 5 anos,2025,CENTRO-OESTE,52,GO,521980,SAO DOMINGOS,33,7.52%,24,5.47%,382,87.02%,57,12.98,439,5,1.14%,9,2.05%,396,90.21%,29,6.61%,14,3.19,439
CRIANÇA,0 a < 5 anos,2025,CENTRO-OESTE,52,GO,521990,SAO FRANCISCO DE GOIAS,16,5.16%,26,8.39%,268,86.45%,42,13.55,310,1,0.32%,8,2.58%,264,85.16%,37,11.94%,9,2.9,310
CRIANÇA,0 a < 5 anos,2025,CENTRO-OESTE,52,GO,522000,SAO JOAO D'ALIANCA,26,3.61%,45,6.25%,649,90.14%,71,9.86,720,4,0.56%,12,1.67%,677,94.03%,27,3.75%,16,2.22,720
CRIANÇA,0 a < 5 anos,2025,CENTRO-OESTE,52,GO,522005,SAO JOAO DA PARAUNA,1,1.16%,3,3.49%,82,95.35%,4,4.65,86,1,1.16%,2,2.33%,76,88.37%,7,8.14%,3,3.49,86
CRIANÇA,0 a < 5 anos,2025,CENTRO-OESTE,52,GO,522010,SAO LUIS DE MONTES BELOS,70,5.35%,87,6.65%,1152,88.01%,157,11.99,1309,8,0.61%,39,2.98%,1162,88.77%,100,7.64%,47,3.59,1309
CRIANÇA,0 a < 5 anos,2025,CENTRO-OESTE,52,GO,522015,SAO LUIZ DO NORTE,14,5.53%,9,3.56%,230,90.91%,23,9.09,253,2,0.79%,10,3.95%,224,88.54%,17,6.72%,12,4.74,253
CRIANÇA,0 a < 5 anos,2025,CENTRO-OESTE,52,GO,522020,SAO MIGUEL DO ARAGUAIA,52,6.09%,46,5.39%,756,88.52%,98,11.48,854,7,0.82%,17,1.99%,764,89.46%,66,7.73%,24,2.81,854
CRIANÇA,0 a < 5 anos,2025,CENTRO-OESTE,52,GO,522026,SAO MIGUEL DO PASSA QUATRO,2,1.07%,16,8.56%,169,90.37%,18,9.63,187,4,2.14%,4,2.14%,167,89.3%,12,6.42%,8,4.28,187
CRIANÇA,0 a < 5 anos,2025,CENTRO-OESTE,52,GO,522028,SAO PATRICIO,3,2.78%,5,4.63%,100,92.59%,8,7.41,108,0,-,2,1.85%,102,94.44%,4,3.7%,2,1.85,108
CRIANÇA,0 a < 5 anos,2025,CENTRO-OESTE,52,GO,522040,SAO SIMAO,17,4.25%,22,5.5%,361,90.25%,39,9.75,400,2,0.5%,11,2.75%,363,90.75%,24,6%,13,3.25,400
CRIANÇA,0 a < 5 anos,2025,CENTRO-OESTE,52,GO,522045,SENADOR CANEDO,199,3.42%,382,6.56%,5241,90.02%,581,9.98,5822,30,0.52%,118,2.03%,5267,90.48%,406,6.97%,148,2.54,5821
CRIANÇA,0 a < 5 anos,2025,CENTRO-OESTE,52,GO,522050,SERRANOPOLIS,9,2.4%,24,6.4%,342,91.2%,33,8.8,375,2,0.53%,6,1.6%,337,89.87%,30,8%,8,2.13,375
CRIANÇA,0 a < 5 anos,2025,CENTRO-OESTE,52,GO,522060,SILVANIA,38,4.08%,48,5.16%,845,90.76%,86,9.24,931,6,0.64%,10,1.07%,858,92.16%,57,6.12%,16,1.72,931
CRIANÇA,0 a < 5 anos,2025,CENTRO-OESTE,52,GO,522068,SIMOLANDIA,11,4.26%,6,2.33%,241,93.41%,17,6.59,258,2,0.78%,7,2.71%,223,86.43%,26,10.08%,9,3.49,258
CRIANÇA,0 a < 5 anos,2025,CENTRO-OESTE,52,GO,522070,SITIO D'ABADIA,16,7.11%,7,3.11%,202,89.78%,23,10.22,225,2,0.89%,3,1.33%,214,95.11%,6,2.67%,5,2.22,225
CRIANÇA,0 a < 5 anos,2025,CENTRO-OESTE,52,GO,522100,TAQUARAL DE GOIAS,2,1.44%,1,0.72%,136,97.84%,3,2.16,139,1,0.72%,0,-,125,89.93%,13,9.35%,1,0.72,139
CRIANÇA,0 a < 5 anos,2025,CENTRO-OESTE,52,GO,522108,TERESINA DE GOIAS,16,6.13%,9,3.45%,236,90.42%,25,9.58,261,1,0.38%,8,3.07%,233,89.27%,19,7.28%,9,3.45,261
CRIANÇA,0 a < 5 anos,2025,CENTRO-OESTE,52,GO,522119,TEREZOPOLIS DE GOIAS,7,1.97%,16,4.51%,332,93.52%,23,6.48,355,3,0.85%,6,1.69%,321,90.42%,25,7.04%,9,2.54,355
CRIANÇA,0 a < 5 anos,2025,CENTRO-OESTE,52,GO,522130,TRES RANCHOS,1,0.78%,4,3.1%,124,96.12%,5,3.88,129,0,-,2,1.55%,120,93.02%,7,5.43%,2,1.55,129
CRIANÇA,0 a < 5 anos,2025,CENTRO-OESTE,52,GO,522140,TRINDADE,205,4.17%,387,7.88%,4319,87.95%,592,12.05,4911,51,1.04%,142,2.89%,4416,89.92%,302,6.15%,193,3.93,4911
CRIANÇA,0 a < 5 anos,2025,CENTRO-OESTE,52,GO,522145,TROMBAS,8,5.8%,12,8.7%,118,85.51%,20,14.49,138,1,0.72%,2,1.45%,122,88.41%,13,9.42%,3,2.17,138
CRIANÇA,0 a < 5 anos,2025,CENTRO-OESTE,52,GO,522150,TURVANIA,11,7.69%,9,6.29%,123,86.01%,20,13.99,143,4,2.8%,5,3.5%,127,88.81%,7,4.9%,9,6.29,143
CRIANÇA,0 a < 5 anos,2025,CENTRO-OESTE,52,GO,522155,TURVELANDIA,8,3.92%,8,3.92%,188,92.16%,16,7.84,204,3,1.47%,3,1.47%,178,87.25%,20,9.8%,6,2.94,204
CRIANÇA,0 a < 5 anos,2025,CENTRO-OESTE,52,GO,522157,UIRAPURU,5,3.16%,6,3.8%,147,93.04%,11,6.96,158,0,-,3,1.9%,143,90.51%,12,7.59%,3,1.9,158
CRIANÇA,0 a < 5 anos,2025,CENTRO-OESTE,52,GO,522160,URUACU,37,2.89%,59,4.61%,1184,92.5%,96,7.5,1280,11,0.86%,30,2.34%,1153,90.08%,86,6.72%,41,3.2,1280
CRIANÇA,0 a < 5 anos,2025,CENTRO-OESTE,52,GO,522170,URUANA,21,3.82%,27,4.91%,502,91.27%,48,8.73,550,4,0.73%,10,1.82%,509,92.55%,27,4.91%,14,2.55,550
CRIANÇA,0 a < 5 anos,2025,CENTRO-OESTE,52,GO,522180,URUTAI,8,4.97%,3,1.86%,150,93.17%,11,6.83,161,0,-,5,3.11%,143,88.82%,13,8.07%,5,3.11,161
CRIANÇA,0 a < 5 anos,2025,CENTRO-OESTE,52,GO,522185,VALPARAISO DE GOIAS,973,11.3%,1439,16.71%,6199,71.99%,2412,28.01,8611,355,4.12%,583,6.77%,7219,83.83%,454,5.27%,938,10.89,8611
CRIANÇA,0 a < 5 anos,2025,CENTRO-OESTE,52,GO,522190,VARJAO,1,0.78%,6,4.65%,122,94.57%,7,5.43,129,0,-,2,1.55%,109,84.5%,18,13.95%,2,1.55,129
CRIANÇA,0 a < 5 anos,2025,CENTRO-OESTE,52,GO,522200,VIANOPOLIS,34,4.46%,38,4.98%,691,90.56%,72,9.44,763,6,0.79%,12,1.57%,699,91.61%,46,6.03%,18,2.36,763
CRIANÇA,0 a < 5 anos,2025,CENTRO-OESTE,52,GO,522205,VICENTINOPOLIS,21,4.05%,24,4.62%,474,91.33%,45,8.67,519,2,0.39%,8,1.54%,460,88.63%,49,9.44%,10,1.93,519
CRIANÇA,0 a < 5 anos,2025,CENTRO-OESTE,52,GO,522220,VILA BOA,18,6.34%,19,6.69%,247,86.97%,37,13.03,284,3,1.06%,13,4.58%,249,87.68%,19,6.69%,16,5.63,284
CRIANÇA,0 a < 5 anos,2025,CENTRO-OESTE,52,GO,522230,VILA PROPICIO,13,4.1%,18,5.68%,286,90.22%,31,9.78,317,1,0.32%,7,2.21%,290,91.48%,19,5.99%,8,2.52,317
CRIANÇA,0 a < 5 anos,2025,CENTRO-OESTE,53,DF,530010,BRASILIA,2990,3.35%,5468,6.13%,80746,90.52%,8458,9.48,89204,729,0.82%,2451,2.75%,82237,92.19%,3786,4.24%,3180,3.56,89203
