Região,Código UF,UF,Código IBGE,Município,Altura Muito Baixa para a Idade - Quantidade,Altura Muito Baixa para a Idade - %,Altura Baixa para a Idade - Quantidade,Altura Baixa para a Idade - %,Altura Adequada para a Idade - Quantidade,Altura Adequada para a Idade - %,Total
NORTE,11,RO,110001,ALTA FLORESTA D'OESTE,26,2.35%,62,5.6%,1.02,92.06%,1.108
NORTE,11,RO,110002,ARIQUEMES,73,2.74%,133,4.99%,2.458,92.27%,2.664
NORTE,11,RO,110003,CABIXI,9,3.35%,14,5.2%,246,91.45%,269
NORTE,11,RO,110004,CACOAL,116,2.84%,202,4.95%,3.763,92.21%,4.081
NORTE,11,RO,110005,CEREJEIRAS,14,2.2%,31,4.87%,592,92.94%,637
NORTE,11,RO,110006,COLORADO DO OESTE,33,3.61%,49,5.36%,832,91.03%,914
NORTE,11,RO,110007,CORUMBIARA,8,3.51%,15,6.58%,205,89.91%,228
NORTE,11,RO,110008,COSTA MARQUES,58,6.87%,60,7.11%,726,86.02%,844
NORTE,11,RO,110009,ESPIGAO D'OESTE,39,3.36%,87,7.5%,1.034,89.14%,1.16
NORTE,11,RO,110010,GUAJARA-MIRIM,100,5.08%,167,8.48%,1.703,86.45%,1.97
NORTE,11,RO,110011,JARU,78,2.42%,138,4.28%,3.006,93.3%,3.222
NORTE,11,RO,110012,JI-PARANA,98,1.66%,252,4.27%,5.554,94.07%,5.904
NORTE,11,RO,110013,MACHADINHO D'OESTE,66,4.96%,62,4.66%,1.202,90.38%,1.33
NORTE,11,RO,110014,NOVA BRASILANDIA D'OESTE,38,5.67%,40,5.97%,592,88.36%,670
NORTE,11,RO,110015,OURO PRETO DO OESTE,49,2.91%,75,4.46%,1.557,92.62%,1.681
NORTE,11,RO,110018,PIMENTA BUENO,40,2.17%,87,4.72%,1.716,93.11%,1.843
NORTE,11,RO,110020,PORTO VELHO,630,4.38%,1,6.95%,12.758,88.67%,14.388
NORTE,11,RO,110025,PRESIDENTE MEDICI,18,1.77%,51,5.02%,947,93.21%,1.016
NORTE,11,RO,110026,RIO CRESPO,8,3%,13,4.87%,246,92.13%,267
NORTE,11,RO,110028,ROLIM DE MOURA,77,2.85%,111,4.11%,2.516,93.05%,2.704
NORTE,11,RO,110029,SANTA LUZIA D'OESTE,19,7.22%,14,5.32%,230,87.45%,263
NORTE,11,RO,110030,VILHENA,102,1.62%,286,4.54%,5.911,93.84%,6.299
NORTE,11,RO,110032,SAO MIGUEL DO GUAPORE,8,1.86%,21,4.9%,400,93.24%,429
NORTE,11,RO,110033,NOVA MAMORE,51,3.43%,78,5.25%,1.357,91.32%,1.486
NORTE,11,RO,110034,ALVORADA D'OESTE,21,5.12%,22,5.37%,367,89.51%,410
NORTE,11,RO,110037,ALTO ALEGRE DOS PARECIS,6,1.66%,9,2.49%,346,95.84%,361
NORTE,11,RO,110040,ALTO PARAISO,13,2.48%,30,5.73%,481,91.79%,524
NORTE,11,RO,110045,BURITIS,29,3.77%,35,4.55%,705,91.68%,769
NORTE,11,RO,110050,NOVO HORIZONTE DO OESTE,9,3.52%,9,3.52%,238,92.97%,256
NORTE,11,RO,110060,CACAULANDIA,3,1.37%,6,2.74%,210,95.89%,219
NORTE,11,RO,110070,CAMPO NOVO DE RONDONIA,1,0.43%,10,4.29%,222,95.28%,233
NORTE,11,RO,110080,CANDEIAS DO JAMARI,61,4.99%,99,8.1%,1.062,86.91%,1.222
NORTE,11,RO,110090,CASTANHEIRAS,1,1.1%,10,10.99%,80,87.91%,91
NORTE,11,RO,110092,CHUPINGUAIA,25,5.76%,27,6.22%,382,88.02%,434
NORTE,11,RO,110094,CUJUBIM,28,3.65%,46,5.99%,694,90.36%,768
NORTE,11,RO,110100,GOVERNADOR JORGE TEIXEIRA,8,2.97%,14,5.2%,247,91.82%,269
NORTE,11,RO,110110,ITAPUA DO OESTE,16,3.86%,36,8.67%,363,87.47%,415
NORTE,11,RO,110120,MINISTRO ANDREAZZA,11,2.72%,11,2.72%,383,94.57%,405
NORTE,11,RO,110130,MIRANTE DA SERRA,10,1.87%,22,4.11%,503,94.02%,535
NORTE,11,RO,110140,MONTE NEGRO,15,2.64%,24,4.23%,529,93.13%,568
NORTE,11,RO,110143,NOVA UNIAO,8,2.26%,15,4.24%,331,93.5%,354
NORTE,11,RO,110145,PARECIS,9,4.43%,13,6.4%,181,89.16%,203
NORTE,11,RO,110146,PIMENTEIRAS DO OESTE,6,6.06%,3,3.03%,90,90.91%,99
NORTE,11,RO,110147,PRIMAVERA DE RONDONIA,4,2.52%,7,4.4%,148,93.08%,159
NORTE,11,RO,110148,SAO FELIPE D'OESTE,5,2.79%,9,5.03%,165,92.18%,179
NORTE,11,RO,110149,SAO FRANCISCO DO GUAPORE,25,4.7%,33,6.2%,474,89.1%,532
NORTE,11,RO,110150,SERINGUEIRAS,12,2.69%,9,2.02%,425,95.29%,446
NORTE,11,RO,110155,TEIXEIROPOLIS,2,1.04%,3,1.55%,188,97.41%,193
NORTE,11,RO,110160,THEOBROMA,13,4.71%,12,4.35%,251,90.94%,276
NORTE,11,RO,110170,URUPA,3,0.48%,20,3.19%,603,96.33%,626
NORTE,11,RO,110175,VALE DO ANARI,13,3.33%,45,11.54%,332,85.13%,390
NORTE,11,RO,110180,VALE DO PARAISO,3,0.94%,32,10%,285,89.06%,320
NORTE,12,AC,120001,ACRELANDIA,135,12.12%,96,8.62%,883,79.26%,1.114
NORTE,12,AC,120005,ASSIS BRASIL,111,9.59%,200,17.27%,847,73.14%,1.158
NORTE,12,AC,120010,BRASILEIA,125,5.31%,152,6.45%,2.079,88.24%,2.356
NORTE,12,AC,120013,BUJARI,45,6.03%,67,8.98%,634,84.99%,746
NORTE,12,AC,120017,CAPIXABA,15,2.25%,52,7.8%,600,89.96%,667
NORTE,12,AC,120020,CRUZEIRO DO SUL,284,4.96%,390,6.81%,5.057,88.24%,5.731
NORTE,12,AC,120025,EPITACIOLANDIA,66,5.31%,67,5.39%,1.109,89.29%,1.242
NORTE,12,AC,120030,FEIJO,161,6.07%,235,8.86%,2.256,85.07%,2.652
NORTE,12,AC,120032,JORDAO,314,24.59%,269,21.06%,694,54.35%,1.277
NORTE,12,AC,120033,MANCIO LIMA,79,6.75%,95,8.11%,997,85.14%,1.171
NORTE,12,AC,120034,MANOEL URBANO,134,10.82%,118,9.52%,987,79.66%,1.239
NORTE,12,AC,120035,MARECHAL THAUMATURGO,136,7.54%,221,12.25%,1.447,80.21%,1.804
NORTE,12,AC,120038,PLACIDO DE CASTRO,39,3.51%,67,6.04%,1.004,90.45%,1.11
NORTE,12,AC,120039,PORTO WALTER,59,5.12%,146,12.66%,948,82.22%,1.153
NORTE,12,AC,120040,RIO BRANCO,438,4.05%,694,6.42%,9.671,89.52%,10.803
NORTE,12,AC,120042,RODRIGUES ALVES,68,7.09%,89,9.28%,802,83.63%,959
NORTE,12,AC,120043,SANTA ROSA DO PURUS,183,26.52%,160,23.19%,347,50.29%,690
NORTE,12,AC,120045,SENADOR GUIOMARD,73,5.75%,86,6.77%,1.111,87.48%,1.27
NORTE,12,AC,120050,SENA MADUREIRA,86,2.92%,165,5.6%,2.697,91.49%,2.948
NORTE,12,AC,120060,TARAUACA,381,10.46%,456,12.52%,2.806,77.02%,3.643
NORTE,12,AC,120070,XAPURI,78,5.73%,119,8.74%,1.164,85.53%,1.361
NORTE,12,AC,120080,PORTO ACRE,41,3.34%,74,6.03%,1.113,90.64%,1.228
NORTE,13,AM,130002,ALVARAES,161,9.18%,229,13.06%,1.364,77.77%,1.754
NORTE,13,AM,130006,AMATURA,141,10.72%,237,18.02%,937,71.25%,1.315
NORTE,13,AM,130008,ANAMA,45,4.21%,97,9.07%,928,86.73%,1.07
NORTE,13,AM,130010,ANORI,75,5.9%,107,8.42%,1.089,85.68%,1.271
NORTE,13,AM,130014,APUI,81,6.1%,97,7.31%,1.149,86.59%,1.327
NORTE,13,AM,130020,ATALAIA DO NORTE,131,10.56%,157,12.65%,953,76.79%,1.241
NORTE,13,AM,130030,AUTAZES,279,6.97%,427,10.67%,3.295,82.35%,4.001
NORTE,13,AM,130040,BARCELOS,390,21.17%,177,9.61%,1.275,69.22%,1.842
NORTE,13,AM,130050,BARREIRINHA,275,9.19%,471,15.75%,2.245,75.06%,2.991
NORTE,13,AM,130060,BENJAMIN CONSTANT,272,6.87%,687,17.34%,3.002,75.79%,3.961
NORTE,13,AM,130063,BERURI,176,6.39%,303,11%,2.276,82.61%,2.755
NORTE,13,AM,130068,BOA VISTA DO RAMOS,75,4.62%,164,10.1%,1.385,85.28%,1.624
NORTE,13,AM,130070,BOCA DO ACRE,96,4.58%,174,8.31%,1.825,87.11%,2.095
NORTE,13,AM,130080,BORBA,195,6.27%,302,9.7%,2.615,84.03%,3.112
NORTE,13,AM,130083,CAAPIRANGA,62,6.76%,88,9.6%,767,83.64%,917
NORTE,13,AM,130090,CANUTAMA,48,5.75%,60,7.19%,727,87.07%,835
NORTE,13,AM,130100,CARAUARI,232,9.75%,315,13.24%,1.833,77.02%,2.38
NORTE,13,AM,130110,CAREIRO,136,4.63%,260,8.86%,2.54,86.51%,2.936
NORTE,13,AM,130115,CAREIRO DA VARZEA,83,5.54%,142,9.47%,1.274,84.99%,1.499
NORTE,13,AM,130120,COARI,488,7.28%,766,11.43%,5.448,81.29%,6.702
NORTE,13,AM,130130,CODAJAS,97,5.25%,182,9.85%,1.568,84.89%,1.847
NORTE,13,AM,130140,EIRUNEPE,263,9.35%,302,10.74%,2.248,79.91%,2.813
NORTE,13,AM,130150,ENVIRA,121,8.61%,162,11.53%,1.122,79.86%,1.405
NORTE,13,AM,130160,FONTE BOA,173,6.63%,304,11.65%,2.133,81.72%,2.61
NORTE,13,AM,130165,GUAJARA,120,8.66%,119,8.59%,1.146,82.74%,1.385
NORTE,13,AM,130170,HUMAITA,162,3.76%,318,7.39%,3.825,88.85%,4.305
NORTE,13,AM,130180,IPIXUNA,109,5.72%,159,8.34%,1.639,85.95%,1.907
NORTE,13,AM,130185,IRANDUBA,213,3.88%,444,8.08%,4.837,88.04%,5.494
NORTE,13,AM,130190,ITACOATIARA,555,6.32%,796,9.07%,7.426,84.61%,8.777
NORTE,13,AM,130195,ITAMARATI,122,12.01%,162,15.94%,732,72.05%,1.016
NORTE,13,AM,130200,ITAPIRANGA,34,3.05%,92,8.25%,989,88.7%,1.115
NORTE,13,AM,130210,JAPURA,57,6.28%,86,9.48%,764,84.23%,907
NORTE,13,AM,130220,JURUA,58,5.84%,105,10.56%,831,83.6%,994
NORTE,13,AM,130230,JUTAI,269,10.55%,307,12.04%,1.974,77.41%,2.55
NORTE,13,AM,130240,LABREA,212,5.84%,342,9.42%,3.075,84.73%,3.629
NORTE,13,AM,130250,MANACAPURU,449,5.62%,774,9.69%,6.767,84.69%,7.99
NORTE,13,AM,130255,MANAQUIRI,125,7.5%,177,10.62%,1.364,81.87%,1.666
NORTE,13,AM,130260,MANAUS,4.051,3.98%,7.785,7.64%,90.008,88.38%,101.844
NORTE,13,AM,130270,MANICORE,289,6.27%,455,9.87%,3.865,83.86%,4.609
NORTE,13,AM,130280,MARAA,145,7.28%,245,12.31%,1.601,80.41%,1.991
NORTE,13,AM,130290,MAUES,513,8.9%,788,13.66%,4.466,77.44%,5.767
NORTE,13,AM,130300,NHAMUNDA,136,8.15%,172,10.31%,1.361,81.55%,1.669
NORTE,13,AM,130310,NOVA OLINDA DO NORTE,148,5.21%,340,11.96%,2.354,82.83%,2.842
NORTE,13,AM,130320,NOVO AIRAO,73,5.16%,132,9.34%,1.209,85.5%,1.414
NORTE,13,AM,130330,NOVO ARIPUANA,152,8.27%,199,10.83%,1.487,80.9%,1.838
NORTE,13,AM,130340,PARINTINS,599,6.88%,575,6.61%,7.529,86.51%,8.703
NORTE,13,AM,130350,PAUINI,155,10.99%,190,13.47%,1.066,75.55%,1.411
NORTE,13,AM,130353,PRESIDENTE FIGUEIREDO,97,3.77%,194,7.55%,2.28,88.68%,2.571
NORTE,13,AM,130356,RIO PRETO DA EVA,67,3.02%,158,7.13%,1.991,89.85%,2.216
NORTE,13,AM,130360,SANTA ISABEL DO RIO NEGRO,268,22.46%,165,13.83%,760,63.7%,1.193
NORTE,13,AM,130370,SANTO ANTONIO DO ICA,316,8.33%,529,13.94%,2.95,77.73%,3.795
NORTE,13,AM,130380,SAO GABRIEL DA CACHOEIRA,1.624,28.38%,1.394,24.36%,2.704,47.26%,5.722
NORTE,13,AM,130390,SAO PAULO DE OLIVENCA,463,12.37%,819,21.88%,2.462,65.76%,3.744
NORTE,13,AM,130395,SAO SEBASTIAO DO UATUMA,28,2.83%,81,8.2%,879,88.97%,988
NORTE,13,AM,130400,SILVES,86,8.54%,120,11.92%,801,79.54%,1.007
NORTE,13,AM,130406,TABATINGA,499,8.47%,1.121,19.03%,4.272,72.51%,5.892
NORTE,13,AM,130410,TAPAUA,108,6.44%,193,11.51%,1.376,82.05%,1.677
NORTE,13,AM,130420,TEFE,501,5.9%,932,10.98%,7.055,83.12%,8.488
NORTE,13,AM,130423,TONANTINS,190,8.87%,305,14.23%,1.648,76.9%,2.143
NORTE,13,AM,130426,UARINI,171,10.09%,237,13.99%,1.286,75.91%,1.694
NORTE,13,AM,130430,URUCARA,66,4.84%,123,9.02%,1.174,86.13%,1.363
NORTE,13,AM,130440,URUCURITUBA,48,2.92%,128,7.8%,1.466,89.28%,1.642
NORTE,14,RR,140002,AMAJARI,32,3.73%,80,9.31%,747,86.96%,859
NORTE,14,RR,140005,ALTO ALEGRE,60,5.72%,85,8.1%,904,86.18%,1.049
NORTE,14,RR,140010,BOA VISTA,550,3.03%,1.332,7.33%,16.294,89.65%,18.176
NORTE,14,RR,140015,BONFIM,138,8%,182,10.54%,1.406,81.46%,1.726
NORTE,14,RR,140017,CANTA,82,5.02%,148,9.06%,1.404,85.92%,1.634
NORTE,14,RR,140020,CARACARAI,73,4.72%,117,7.56%,1.357,87.72%,1.547
NORTE,14,RR,140023,CAROEBE,22,1.84%,34,2.84%,1.142,95.33%,1.198
NORTE,14,RR,140028,IRACEMA,19,4.33%,28,6.38%,392,89.29%,439
NORTE,14,RR,140030,MUCAJAI,56,3.83%,145,9.92%,1.261,86.25%,1.462
NORTE,14,RR,140040,NORMANDIA,371,17.18%,380,17.59%,1.409,65.23%,2.16
NORTE,14,RR,140045,PACARAIMA,111,3.82%,200,6.88%,2.594,89.29%,2.905
NORTE,14,RR,140047,RORAINOPOLIS,115,5.11%,162,7.2%,1.973,87.69%,2.25
NORTE,14,RR,140050,SAO JOAO DA BALIZA,15,2.01%,41,5.48%,692,92.51%,748
NORTE,14,RR,140060,SAO LUIZ DO ANAUA,18,3.57%,42,8.33%,444,88.1%,504
NORTE,14,RR,140070,UIRAMUTA,217,9.04%,455,18.96%,1.728,72%,2.4
NORTE,15,PA,150010,ABAETETUBA,814,7.63%,1.162,10.9%,8.687,81.47%,10.663
NORTE,15,PA,150013,ABEL FIGUEIREDO,14,2.49%,49,8.72%,499,88.79%,562
NORTE,15,PA,150020,ACARA,301,7.98%,439,11.64%,3.031,80.38%,3.771
NORTE,15,PA,150030,AFUA,341,8.28%,631,15.32%,3.148,76.41%,4.12
NORTE,15,PA,150034,AGUA AZUL DO NORTE,38,3.31%,54,4.7%,1.056,91.99%,1.148
NORTE,15,PA,150040,ALENQUER,142,3.69%,319,8.29%,3.386,88.02%,3.847
NORTE,15,PA,150050,ALMEIRIM,155,5.82%,279,10.47%,2.23,83.71%,2.664
NORTE,15,PA,150060,ALTAMIRA,284,4.32%,461,7.01%,5.828,88.67%,6.573
NORTE,15,PA,150070,ANAJAS,296,10.31%,381,13.27%,2.194,76.42%,2.871
NORTE,15,PA,150080,ANANINDEUA,1.055,5.9%,1.119,6.25%,15.721,87.85%,17.895
NORTE,15,PA,150085,ANAPU,120,3.86%,252,8.1%,2.739,88.04%,3.111
NORTE,15,PA,150090,AUGUSTO CORREA,177,4.75%,364,9.77%,3.185,85.48%,3.726
NORTE,15,PA,150095,AURORA DO PARA,72,3.94%,152,8.31%,1.605,87.75%,1.829
NORTE,15,PA,150100,AVEIRO,122,11.18%,133,12.19%,836,76.63%,1.091
NORTE,15,PA,150110,BAGRE,233,9.89%,352,14.94%,1.771,75.17%,2.356
NORTE,15,PA,150120,BAIAO,88,3.56%,236,9.54%,2.149,86.9%,2.473
NORTE,15,PA,150125,BANNACH,5,2.25%,15,6.76%,202,90.99%,222
NORTE,15,PA,150130,BARCARENA,305,3.35%,633,6.95%,8.173,89.7%,9.111
NORTE,15,PA,150140,BELEM,925,3.61%,1.729,6.74%,22.994,89.65%,25.648
NORTE,15,PA,150145,BELTERRA,89,6.13%,106,7.3%,1.258,86.58%,1.453
NORTE,15,PA,150150,BENEVIDES,133,3.48%,241,6.31%,3.448,90.21%,3.822
NORTE,15,PA,150157,BOM JESUS DO TOCANTINS,46,4.07%,88,7.78%,997,88.15%,1.131
NORTE,15,PA,150160,BONITO,35,3.87%,81,8.96%,788,87.17%,904
NORTE,15,PA,150170,BRAGANCA,360,4.07%,719,8.13%,7.768,87.8%,8.847
NORTE,15,PA,150172,BRASIL NOVO,39,3.12%,68,5.44%,1.144,91.45%,1.251
NORTE,15,PA,150175,BREJO GRANDE DO ARAGUAIA,9,1.45%,39,6.28%,573,92.27%,621
NORTE,15,PA,150178,BREU BRANCO,307,9.31%,334,10.13%,2.655,80.55%,3.296
NORTE,15,PA,150180,BREVES,1.118,11.27%,1.592,16.05%,7.211,72.68%,9.921
NORTE,15,PA,150190,BUJARU,173,8.26%,204,9.74%,1.718,82%,2.095
NORTE,15,PA,150195,CACHOEIRA DO PIRIA,95,6.47%,99,6.74%,1.275,86.79%,1.469
NORTE,15,PA,150200,CACHOEIRA DO ARARI,62,4.8%,122,9.44%,1.109,85.77%,1.293
NORTE,15,PA,150210,CAMETA,902,8.52%,1.047,9.89%,8.638,81.59%,10.587
NORTE,15,PA,150215,CANAA DOS CARAJAS,157,2.1%,400,5.35%,6.921,92.55%,7.478
NORTE,15,PA,150220,CAPANEMA,144,3.89%,207,5.59%,3.354,90.53%,3.705
NORTE,15,PA,150230,CAPITAO POCO,203,5.21%,320,8.22%,3.372,86.57%,3.895
NORTE,15,PA,150240,CASTANHAL,391,3.75%,810,7.76%,9.237,88.49%,10.438
NORTE,15,PA,150250,CHAVES,206,10.48%,271,13.79%,1.488,75.73%,1.965
NORTE,15,PA,150260,COLARES,25,3.54%,57,8.07%,624,88.39%,706
NORTE,15,PA,150270,CONCEICAO DO ARAGUAIA,211,7.77%,283,10.43%,2.22,81.8%,2.714
NORTE,15,PA,150275,CONCORDIA DO PARA,202,9.84%,243,11.84%,1.608,78.32%,2.053
NORTE,15,PA,150276,CUMARU DO NORTE,30,3.87%,55,7.1%,690,89.03%,775
NORTE,15,PA,150277,CURIONOPOLIS,107,6.85%,86,5.51%,1.369,87.64%,1.562
NORTE,15,PA,150280,CURRALINHO,320,11.29%,504,17.78%,2.011,70.93%,2.835
NORTE,15,PA,150285,CURUA,32,2.79%,86,7.51%,1.027,89.69%,1.145
NORTE,15,PA,150290,CURUCA,319,13.25%,231,9.6%,1.857,77.15%,2.407
NORTE,15,PA,150293,DOM ELISEU,89,4.26%,124,5.94%,1.874,89.79%,2.087
NORTE,15,PA,150295,ELDORADO DOS CARAJAS,94,4.56%,172,8.35%,1.795,87.09%,2.061
NORTE,15,PA,150300,FARO,35,4.68%,75,10.03%,638,85.29%,748
NORTE,15,PA,150304,FLORESTA DO ARAGUAIA,40,2.57%,80,5.15%,1.434,92.28%,1.554
NORTE,15,PA,150307,GARRAFAO DO NORTE,104,5.59%,139,7.47%,1.619,86.95%,1.862
NORTE,15,PA,150309,GOIANESIA DO PARA,60,3.8%,100,6.33%,1.42,89.87%,1.58
NORTE,15,PA,150310,GURUPA,351,13.88%,403,15.94%,1.774,70.17%,2.528
NORTE,15,PA,150320,IGARAPE-ACU,110,4.96%,156,7.03%,1.953,88.01%,2.219
NORTE,15,PA,150330,IGARAPE-MIRI,284,6.67%,430,10.1%,3.544,83.23%,4.258
NORTE,15,PA,150340,INHANGAPI,23,2.98%,58,7.5%,692,89.52%,773
NORTE,15,PA,150345,IPIXUNA DO PARA,145,4.98%,253,8.7%,2.511,86.32%,2.909
NORTE,15,PA,150350,IRITUIA,69,3.21%,123,5.72%,1.958,91.07%,2.15
NORTE,15,PA,150360,ITAITUBA,1.049,15.28%,825,12.01%,4.993,72.71%,6.867
NORTE,15,PA,150370,ITUPIRANGA,273,7.39%,329,8.9%,3.094,83.71%,3.696
NORTE,15,PA,150375,JACAREACANGA,378,14.64%,425,16.46%,1.779,68.9%,2.582
NORTE,15,PA,150380,JACUNDA,95,4.29%,168,7.58%,1.954,88.14%,2.217
NORTE,15,PA,150390,JURUTI,170,4.06%,369,8.81%,3.648,87.13%,4.187
NORTE,15,PA,150400,LIMOEIRO DO AJURU,205,8.64%,319,13.44%,1.849,77.92%,2.373
NORTE,15,PA,150405,MAE DO RIO,62,2.65%,106,4.53%,2.172,92.82%,2.34
NORTE,15,PA,150410,MAGALHAES BARATA,19,4.2%,35,7.74%,398,88.05%,452
NORTE,15,PA,150420,MARABA,481,3.57%,909,6.74%,12.087,89.69%,13.477
NORTE,15,PA,150430,MARACANA,115,7.06%,150,9.2%,1.365,83.74%,1.63
NORTE,15,PA,150440,MARAPANIM,94,7.59%,127,10.25%,1.018,82.16%,1.239
NORTE,15,PA,150442,MARITUBA,218,3.54%,344,5.58%,5.601,90.88%,6.163
NORTE,15,PA,150445,MEDICILANDIA,98,5.81%,96,5.69%,1.493,88.5%,1.687
NORTE,15,PA,150450,MELGACO,198,8.73%,278,12.26%,1.791,79%,2.267
NORTE,15,PA,150460,MOCAJUBA,132,4.9%,252,9.35%,2.31,85.75%,2.694
NORTE,15,PA,150470,MOJU,356,8.43%,353,8.36%,3.516,83.22%,4.225
NORTE,15,PA,150475,MOJUI DOS CAMPOS,65,3.67%,126,7.11%,1.58,89.22%,1.771
NORTE,15,PA,150480,MONTE ALEGRE,187,4.21%,335,7.55%,3.915,88.24%,4.437
NORTE,15,PA,150490,MUANA,227,7.52%,374,12.39%,2.418,80.09%,3.019
NORTE,15,PA,150495,NOVA ESPERANCA DO PIRIA,158,10.08%,173,11.03%,1.237,78.89%,1.568
NORTE,15,PA,150497,NOVA IPIXUNA,38,4.42%,62,7.21%,760,88.37%,860
NORTE,15,PA,150500,NOVA TIMBOTEUA,17,2.25%,41,5.42%,698,92.33%,756
NORTE,15,PA,150503,NOVO PROGRESSO,93,3.32%,176,6.27%,2.536,90.41%,2.805
NORTE,15,PA,150506,NOVO REPARTIMENTO,226,5.02%,466,10.35%,3.812,84.64%,4.504
NORTE,15,PA,150510,OBIDOS,125,2.86%,421,9.62%,3.829,87.52%,4.375
NORTE,15,PA,150520,OEIRAS DO PARA,141,5.32%,290,10.94%,2.22,83.74%,2.651
NORTE,15,PA,150530,ORIXIMINA,228,4.5%,475,9.37%,4.368,86.14%,5.071
NORTE,15,PA,150540,OUREM,34,2.71%,58,4.63%,1.162,92.66%,1.254
NORTE,15,PA,150543,OURILANDIA DO NORTE,70,3.62%,154,7.96%,1.71,88.42%,1.934
NORTE,15,PA,150548,PACAJA,106,2.7%,242,6.15%,3.585,91.15%,3.933
NORTE,15,PA,150549,PALESTINA DO PARA,29,5.94%,53,10.86%,406,83.2%,488
NORTE,15,PA,150550,PARAGOMINAS,184,2.61%,361,5.13%,6.498,92.26%,7.043
NORTE,15,PA,150553,PARAUAPEBAS,326,2.43%,758,5.65%,12.341,91.93%,13.425
NORTE,15,PA,150555,PAU D'ARCO,31,5.51%,33,5.86%,499,88.63%,563
NORTE,15,PA,150560,PEIXE-BOI,28,6.47%,42,9.7%,363,83.83%,433
NORTE,15,PA,150563,PICARRA,39,4.06%,72,7.49%,850,88.45%,961
NORTE,15,PA,150565,PLACAS,112,6.65%,166,9.85%,1.407,83.5%,1.685
NORTE,15,PA,150570,PONTA DE PEDRAS,91,4.88%,180,9.66%,1.592,85.45%,1.863
NORTE,15,PA,150580,PORTEL,444,7.34%,779,12.88%,4.826,79.78%,6.049
NORTE,15,PA,150590,PORTO DE MOZ,278,9.42%,367,12.43%,2.307,78.15%,2.952
NORTE,15,PA,150600,PRAINHA,140,4.44%,251,7.96%,2.763,87.6%,3.154
NORTE,15,PA,150610,PRIMAVERA,38,4.72%,56,6.96%,711,88.32%,805
NORTE,15,PA,150611,QUATIPURU,40,5.82%,42,6.11%,605,88.06%,687
NORTE,15,PA,150613,REDENCAO,336,5.57%,512,8.49%,5.184,85.94%,6.032
NORTE,15,PA,150616,RIO MARIA,48,5.55%,60,6.94%,757,87.51%,865
NORTE,15,PA,150618,RONDON DO PARA,78,3.27%,152,6.37%,2.158,90.37%,2.388
NORTE,15,PA,150619,RUROPOLIS,70,3.66%,132,6.91%,1.709,89.43%,1.911
NORTE,15,PA,150620,SALINOPOLIS,77,2.63%,184,6.29%,2.665,91.08%,2.926
NORTE,15,PA,150630,SALVATERRA,82,5.42%,121,8%,1.309,86.57%,1.512
NORTE,15,PA,150635,SANTA BARBARA DO PARA,53,4.69%,85,7.52%,992,87.79%,1.13
NORTE,15,PA,150640,SANTA CRUZ DO ARARI,30,6.65%,53,11.75%,368,81.6%,451
NORTE,15,PA,150650,SANTA IZABEL DO PARA,188,5.53%,238,7%,2.974,87.47%,3.4
NORTE,15,PA,150655,SANTA LUZIA DO PARA,75,5.16%,112,7.7%,1.267,87.14%,1.454
NORTE,15,PA,150658,SANTA MARIA DAS BARREIRAS,27,2.99%,53,5.88%,822,91.13%,902
NORTE,15,PA,150660,SANTA MARIA DO PARA,60,3.61%,97,5.84%,1.503,90.54%,1.66
NORTE,15,PA,150670,SANTANA DO ARAGUAIA,221,9.02%,219,8.94%,2.009,82.03%,2.449
NORTE,15,PA,150680,SANTAREM,1.418,6.83%,2.306,11.1%,17.048,82.07%,20.772
NORTE,15,PA,150690,SANTAREM NOVO,12,2.43%,16,3.24%,466,94.33%,494
NORTE,15,PA,150700,SANTO ANTONIO DO TAUA,123,6.15%,178,8.9%,1.699,84.95%,2
NORTE,15,PA,150710,SAO CAETANO DE ODIVELAS,41,3.92%,68,6.49%,938,89.59%,1.047
NORTE,15,PA,150715,SAO DOMINGOS DO ARAGUAIA,94,6.82%,137,9.94%,1.147,83.24%,1.378
NORTE,15,PA,150720,SAO DOMINGOS DO CAPIM,153,6.46%,215,9.07%,2.002,84.47%,2.37
NORTE,15,PA,150730,SAO FELIX DO XINGU,264,5.92%,317,7.11%,3.875,86.96%,4.456
NORTE,15,PA,150740,SAO FRANCISCO DO PARA,44,4.66%,50,5.3%,850,90.04%,944
NORTE,15,PA,150745,SAO GERALDO DO ARAGUAIA,59,3.64%,97,5.99%,1.464,90.37%,1.62
NORTE,15,PA,150746,SAO JOAO DA PONTA,17,4.89%,15,4.31%,316,90.8%,348
NORTE,15,PA,150747,SAO JOAO DE PIRABAS,38,2.68%,99,6.99%,1.28,90.33%,1.417
NORTE,15,PA,150750,SAO JOAO DO ARAGUAIA,50,5.29%,74,7.83%,821,86.88%,945
NORTE,15,PA,150760,SAO MIGUEL DO GUAMA,217,5.67%,358,9.35%,3.252,84.98%,3.827
NORTE,15,PA,150770,SAO SEBASTIAO DA BOA VISTA,221,9.58%,363,15.73%,1.723,74.69%,2.307
NORTE,15,PA,150775,SAPUCAIA,35,9.86%,50,14.08%,270,76.06%,355
NORTE,15,PA,150780,SENADOR JOSE PORFIRIO,165,10.4%,154,9.7%,1.268,79.9%,1.587
NORTE,15,PA,150790,SOURE,98,6.49%,136,9%,1.277,84.51%,1.511
NORTE,15,PA,150795,TAILANDIA,212,3.46%,366,5.97%,5.55,90.57%,6.128
NORTE,15,PA,150796,TERRA ALTA,42,6.12%,57,8.31%,587,85.57%,686
NORTE,15,PA,150797,TERRA SANTA,37,2.54%,88,6.04%,1.333,91.43%,1.458
NORTE,15,PA,150800,TOME-ACU,356,6.31%,522,9.25%,4.768,84.45%,5.646
NORTE,15,PA,150803,TRACUATEUA,99,5.03%,137,6.96%,1.732,88.01%,1.968
NORTE,15,PA,150805,TRAIRAO,53,4%,90,6.79%,1.183,89.22%,1.326
NORTE,15,PA,150808,TUCUMA,66,2.67%,144,5.82%,2.266,91.52%,2.476
NORTE,15,PA,150810,TUCURUI,141,2.87%,307,6.24%,4.469,90.89%,4.917
NORTE,15,PA,150812,ULIANOPOLIS,92,4.83%,147,7.72%,1.665,87.45%,1.904
NORTE,15,PA,150815,URUARA,149,5.01%,211,7.1%,2.612,87.89%,2.972
NORTE,15,PA,150820,VIGIA,231,9.21%,266,10.61%,2.01,80.18%,2.507
NORTE,15,PA,150830,VISEU,338,7.31%,477,10.32%,3.809,82.37%,4.624
NORTE,15,PA,150835,VITORIA DO XINGU,55,4.12%,97,7.27%,1.183,88.61%,1.335
NORTE,15,PA,150840,XINGUARA,161,5.35%,206,6.84%,2.645,87.82%,3.012
NORTE,16,AP,160005,SERRA DO NAVIO,17,5.25%,20,6.17%,287,88.58%,324
NORTE,16,AP,160010,AMAPA,26,3.93%,46,6.96%,589,89.11%,661
NORTE,16,AP,160015,PEDRA BRANCA DO AMAPARI,36,4.25%,60,7.08%,751,88.67%,847
NORTE,16,AP,160020,CALCOENE,44,5.05%,77,8.84%,750,86.11%,871
NORTE,16,AP,160021,CUTIAS,50,10.48%,55,11.53%,372,77.99%,477
NORTE,16,AP,160023,FERREIRA GOMES,24,5.27%,40,8.79%,391,85.93%,455
NORTE,16,AP,160025,ITAUBAL,37,5.54%,73,10.93%,558,83.53%,668
NORTE,16,AP,160027,LARANJAL DO JARI,123,5.24%,212,9.03%,2.012,85.73%,2.347
NORTE,16,AP,160030,MACAPA,1.35,6.14%,2.075,9.44%,18.549,84.41%,21.974
NORTE,16,AP,160040,MAZAGAO,211,9.81%,232,10.79%,1.708,79.4%,2.151
NORTE,16,AP,160050,OIAPOQUE,73,4.29%,138,8.12%,1.489,87.59%,1.7
NORTE,16,AP,160053,PORTO GRANDE,73,6.92%,77,7.3%,905,85.78%,1.055
NORTE,16,AP,160055,PRACUUBA,22,5.51%,34,8.52%,343,85.96%,399
NORTE,16,AP,160060,SANTANA,374,5.99%,691,11.07%,5.175,82.93%,6.24
NORTE,16,AP,160070,TARTARUGALZINHO,71,5.53%,167,13%,1.047,81.48%,1.285
NORTE,16,AP,160080,VITORIA DO JARI,65,6.55%,95,9.57%,833,83.89%,993
NORTE,17,TO,170025,ABREULANDIA,7,5.79%,10,8.26%,104,85.95%,121
NORTE,17,TO,170030,AGUIARNOPOLIS,8,7.08%,10,8.85%,95,84.07%,113
NORTE,17,TO,170035,ALIANCA DO TOCANTINS,17,5%,23,6.76%,300,88.24%,340
NORTE,17,TO,170040,ALMAS,15,3.1%,50,10.33%,419,86.57%,484
NORTE,17,TO,170070,ALVORADA,43,7.98%,29,5.38%,467,86.64%,539
NORTE,17,TO,170100,ANANAS,26,3.74%,57,8.19%,613,88.07%,696
NORTE,17,TO,170105,ANGICO,4,2.65%,8,5.3%,139,92.05%,151
NORTE,17,TO,170110,APARECIDA DO RIO NEGRO,22,6.11%,28,7.78%,310,86.11%,360
NORTE,17,TO,170130,ARAGOMINAS,18,5.9%,23,7.54%,264,86.56%,305
NORTE,17,TO,170190,ARAGUACEMA,33,8.71%,27,7.12%,319,84.17%,379
NORTE,17,TO,170200,ARAGUACU,21,4.3%,25,5.12%,442,90.57%,488
NORTE,17,TO,170210,ARAGUAINA,1.143,10.45%,1.008,9.22%,8.787,80.33%,10.938
NORTE,17,TO,170215,ARAGUANA,11,4.45%,29,11.74%,207,83.81%,247
NORTE,17,TO,170220,ARAGUATINS,91,4.4%,172,8.32%,1.804,87.28%,2.067
NORTE,17,TO,170230,ARAPOEMA,17,5.26%,28,8.67%,278,86.07%,323
NORTE,17,TO,170240,ARRAIAS,35,6.18%,58,10.25%,473,83.57%,566
NORTE,17,TO,170255,AUGUSTINOPOLIS,39,3.47%,92,8.19%,992,88.33%,1.123
NORTE,17,TO,170270,AURORA DO TOCANTINS,11,7.19%,13,8.5%,129,84.31%,153
NORTE,17,TO,170290,AXIXA DO TOCANTINS,47,6.08%,54,6.99%,672,86.93%,773
NORTE,17,TO,170300,BABACULANDIA,27,6.84%,61,15.44%,307,77.72%,395
NORTE,17,TO,170305,BANDEIRANTES DO TOCANTINS,4,1.5%,15,5.64%,247,92.86%,266
NORTE,17,TO,170307,BARRA DO OURO,14,3.74%,32,8.56%,328,87.7%,374
NORTE,17,TO,170310,BARROLANDIA,15,4.34%,25,7.23%,306,88.44%,346
NORTE,17,TO,170320,BERNARDO SAYAO,5,4.55%,15,13.64%,90,81.82%,110
NORTE,17,TO,170330,BOM JESUS DO TOCANTINS,29,8.43%,40,11.63%,275,79.94%,344
NORTE,17,TO,170360,BRASILANDIA DO TOCANTINS,13,8.84%,10,6.8%,124,84.35%,147
NORTE,17,TO,170370,BREJINHO DE NAZARE,16,5.65%,36,12.72%,231,81.63%,283
NORTE,17,TO,170380,BURITI DO TOCANTINS,38,5.46%,78,11.21%,580,83.33%,696
NORTE,17,TO,170382,CACHOEIRINHA,1,0.63%,6,3.77%,152,95.6%,159
NORTE,17,TO,170384,CAMPOS LINDOS,18,2.24%,57,7.09%,729,90.67%,804
NORTE,17,TO,170386,CARIRI DO TOCANTINS,9,3.88%,17,7.33%,206,88.79%,232
NORTE,17,TO,170388,CARMOLANDIA,6,2.79%,14,6.51%,195,90.7%,215
NORTE,17,TO,170389,CARRASCO BONITO,8,2.97%,26,9.67%,235,87.36%,269
NORTE,17,TO,170390,CASEARA,16,4.86%,29,8.81%,284,86.32%,329
NORTE,17,TO,170410,CENTENARIO,7,10%,2,2.86%,61,87.14%,70
NORTE,17,TO,170460,CHAPADA DE AREIA,5,3.79%,10,7.58%,117,88.64%,132
NORTE,17,TO,170510,CHAPADA DA NATIVIDADE,5,2.1%,16,6.72%,217,91.18%,238
NORTE,17,TO,170550,COLINAS DO TOCANTINS,112,5.42%,156,7.55%,1.799,87.03%,2.067
NORTE,17,TO,170555,COMBINADO,18,5.86%,37,12.05%,252,82.08%,307
NORTE,17,TO,170560,CONCEICAO DO TOCANTINS,9,3.24%,23,8.27%,246,88.49%,278
NORTE,17,TO,170600,COUTO MAGALHAES,12,3.65%,25,7.6%,292,88.75%,329
NORTE,17,TO,170610,CRISTALANDIA,11,3.93%,24,8.57%,245,87.5%,280
NORTE,17,TO,170625,CRIXAS DO TOCANTINS,6,7.89%,10,13.16%,60,78.95%,76
NORTE,17,TO,170650,DARCINOPOLIS,18,4.08%,33,7.48%,390,88.44%,441
NORTE,17,TO,170700,DIANOPOLIS,40,4.07%,70,7.12%,873,88.81%,983
NORTE,17,TO,170710,DIVINOPOLIS DO TOCANTINS,15,3.78%,47,11.84%,335,84.38%,397
NORTE,17,TO,170720,DOIS IRMAOS DO TOCANTINS,6,1.64%,18,4.92%,342,93.44%,366
NORTE,17,TO,170730,DUERE,13,4.68%,16,5.76%,249,89.57%,278
NORTE,17,TO,170740,ESPERANTINA,29,4.86%,47,7.87%,521,87.27%,597
NORTE,17,TO,170755,FATIMA,5,2.45%,16,7.84%,183,89.71%,204
NORTE,17,TO,170765,FIGUEIROPOLIS,8,2.66%,7,2.33%,286,95.02%,301
NORTE,17,TO,170770,FILADELFIA,27,4.88%,59,10.67%,467,84.45%,553
NORTE,17,TO,170820,FORMOSO DO ARAGUAIA,48,5.1%,72,7.64%,822,87.26%,942
NORTE,17,TO,170825,TABOCAO,4,3.54%,4,3.54%,105,92.92%,113
NORTE,17,TO,170830,GOIANORTE,18,5.81%,29,9.35%,263,84.84%,310
NORTE,17,TO,170900,GOIATINS,41,4.2%,66,6.76%,870,89.05%,977
NORTE,17,TO,170930,GUARAI,22,2.32%,88,9.28%,838,88.4%,948
NORTE,17,TO,170950,GURUPI,121,3.09%,441,11.26%,3.354,85.65%,3.916
NORTE,17,TO,170980,IPUEIRAS,5,4.9%,5,4.9%,92,90.2%,102
NORTE,17,TO,171050,ITACAJA,20,4.17%,41,8.54%,419,87.29%,480
NORTE,17,TO,171070,ITAGUATINS,22,6.38%,30,8.7%,293,84.93%,345
NORTE,17,TO,171090,ITAPIRATINS,11,4.06%,19,7.01%,241,88.93%,271
NORTE,17,TO,171110,ITAPORA DO TOCANTINS,7,3.91%,12,6.7%,160,89.39%,179
NORTE,17,TO,171150,JAU DO TOCANTINS,7,3.43%,11,5.39%,186,91.18%,204
NORTE,17,TO,171180,JUARINA,2,1.06%,10,5.29%,177,93.65%,189
NORTE,17,TO,171190,LAGOA DA CONFUSAO,47,4.83%,122,12.53%,805,82.65%,974
NORTE,17,TO,171195,LAGOA DO TOCANTINS,15,4.53%,22,6.65%,294,88.82%,331
NORTE,17,TO,171200,LAJEADO,9,5.7%,15,9.49%,134,84.81%,158
NORTE,17,TO,171215,LAVANDEIRA,0,-,9,7.26%,115,92.74%,124
NORTE,17,TO,171240,LIZARDA,18,7.63%,25,10.59%,193,81.78%,236
NORTE,17,TO,171245,LUZINOPOLIS,6,4.65%,10,7.75%,113,87.6%,129
NORTE,17,TO,171250,MARIANOPOLIS DO TOCANTINS,3,1.02%,25,8.47%,267,90.51%,295
NORTE,17,TO,171270,MATEIROS,9,5.06%,20,11.24%,149,83.71%,178
NORTE,17,TO,171280,MAURILANDIA DO TOCANTINS,10,3.6%,18,6.47%,250,89.93%,278
NORTE,17,TO,171320,MIRACEMA DO TOCANTINS,53,5.72%,66,7.13%,807,87.15%,926
NORTE,17,TO,171330,MIRANORTE,48,6.21%,59,7.63%,666,86.16%,773
NORTE,17,TO,171360,MONTE DO CARMO,14,3.49%,38,9.48%,349,87.03%,401
NORTE,17,TO,171370,MONTE SANTO DO TOCANTINS,3,3.66%,5,6.1%,74,90.24%,82
NORTE,17,TO,171380,PALMEIRAS DO TOCANTINS,13,4.18%,37,11.9%,261,83.92%,311
NORTE,17,TO,171395,MURICILANDIA,19,6.96%,28,10.26%,226,82.78%,273
NORTE,17,TO,171420,NATIVIDADE,20,3.77%,31,5.85%,479,90.38%,530
NORTE,17,TO,171430,NAZARE,20,8.23%,35,14.4%,188,77.37%,243
NORTE,17,TO,171488,NOVA OLINDA,39,4.67%,64,7.66%,733,87.68%,836
NORTE,17,TO,171500,NOVA ROSALANDIA,21,8.2%,22,8.59%,213,83.2%,256
NORTE,17,TO,171510,NOVO ACORDO,11,3.12%,17,4.82%,325,92.07%,353
NORTE,17,TO,171515,NOVO ALEGRE,2,2.15%,7,7.53%,84,90.32%,93
NORTE,17,TO,171525,NOVO JARDIM,4,3.03%,15,11.36%,113,85.61%,132
NORTE,17,TO,171550,OLIVEIRA DE FATIMA,7,7.78%,9,10%,74,82.22%,90
NORTE,17,TO,171570,PALMEIRANTE,32,8.44%,53,13.98%,294,77.57%,379
NORTE,17,TO,171575,PALMEIROPOLIS,7,1.46%,23,4.8%,449,93.74%,479
NORTE,17,TO,171610,PARAISO DO TOCANTINS,55,2.45%,115,5.12%,2.074,92.42%,2.244
NORTE,17,TO,171620,PARANA,32,5.9%,38,7.01%,472,87.08%,542
NORTE,17,TO,171630,PAU D'ARCO,14,6.48%,8,3.7%,194,89.81%,216
NORTE,17,TO,171650,PEDRO AFONSO,39,4.18%,68,7.29%,826,88.53%,933
NORTE,17,TO,171660,PEIXE,14,2.99%,48,10.26%,406,86.75%,468
NORTE,17,TO,171665,PEQUIZEIRO,7,2.99%,15,6.41%,212,90.6%,234
NORTE,17,TO,171670,COLMEIA,7,1.79%,27,6.91%,357,91.3%,391
NORTE,17,TO,171700,PINDORAMA DO TOCANTINS,22,8.53%,14,5.43%,222,86.05%,258
NORTE,17,TO,171720,PIRAQUE,9,5.2%,18,10.4%,146,84.39%,173
NORTE,17,TO,171750,PIUM,13,2.67%,33,6.79%,440,90.53%,486
NORTE,17,TO,171780,PONTE ALTA DO BOM JESUS,3,1.65%,8,4.4%,171,93.96%,182
NORTE,17,TO,171790,PONTE ALTA DO TOCANTINS,17,4.06%,21,5.01%,381,90.93%,419
NORTE,17,TO,171800,PORTO ALEGRE DO TOCANTINS,6,2.71%,15,6.79%,200,90.5%,221
NORTE,17,TO,171820,PORTO NACIONAL,109,3.11%,235,6.7%,3.165,90.2%,3.509
NORTE,17,TO,171830,PRAIA NORTE,17,4.79%,24,6.76%,314,88.45%,355
NORTE,17,TO,171840,PRESIDENTE KENNEDY,7,3.43%,16,7.84%,181,88.73%,204
NORTE,17,TO,171845,PUGMIL,5,2.81%,17,9.55%,156,87.64%,178
NORTE,17,TO,171850,RECURSOLANDIA,18,5.64%,33,10.34%,268,84.01%,319
NORTE,17,TO,171855,RIACHINHO,10,3.17%,18,5.71%,287,91.11%,315
NORTE,17,TO,171865,RIO DA CONCEICAO,10,6.17%,17,10.49%,135,83.33%,162
NORTE,17,TO,171870,RIO DOS BOIS,7,3.74%,12,6.42%,168,89.84%,187
NORTE,17,TO,171875,RIO SONO,26,7.18%,37,10.22%,299,82.6%,362
NORTE,17,TO,171880,SAMPAIO,10,2.39%,28,6.68%,381,90.93%,419
NORTE,17,TO,171884,SANDOLANDIA,10,3.88%,7,2.71%,241,93.41%,258
NORTE,17,TO,171886,SANTA FE DO ARAGUAIA,10,1.99%,21,4.18%,471,93.82%,502
NORTE,17,TO,171888,SANTA MARIA DO TOCANTINS,12,6.67%,20,11.11%,148,82.22%,180
NORTE,17,TO,171889,SANTA RITA DO TOCANTINS,1,0.6%,6,3.61%,159,95.78%,166
NORTE,17,TO,171890,SANTA ROSA DO TOCANTINS,11,3.94%,17,6.09%,251,89.96%,279
NORTE,17,TO,171900,SANTA TEREZA DO TOCANTINS,9,3.11%,18,6.23%,262,90.66%,289
NORTE,17,TO,172000,SANTA TEREZINHA DO TOCANTINS,7,4.55%,11,7.14%,136,88.31%,154
NORTE,17,TO,172010,SAO BENTO DO TOCANTINS,28,5.42%,51,9.86%,438,84.72%,517
NORTE,17,TO,172015,SAO FELIX DO TOCANTINS,6,5.26%,6,5.26%,102,89.47%,114
NORTE,17,TO,172020,SAO MIGUEL DO TOCANTINS,51,4.65%,97,8.85%,948,86.5%,1.096
NORTE,17,TO,172025,SAO SALVADOR DO TOCANTINS,18,8.14%,26,11.76%,177,80.09%,221
NORTE,17,TO,172030,SAO SEBASTIAO DO TOCANTINS,11,3.58%,21,6.84%,275,89.58%,307
NORTE,17,TO,172049,SAO VALERIO,14,5.91%,7,2.95%,216,91.14%,237
NORTE,17,TO,172065,SILVANOPOLIS,24,5.27%,36,7.91%,395,86.81%,455
NORTE,17,TO,172080,SITIO NOVO DO TOCANTINS,32,4.42%,57,7.87%,635,87.71%,724
NORTE,17,TO,172085,SUCUPIRA,6,4.48%,5,3.73%,123,91.79%,134
NORTE,17,TO,172090,TAGUATINGA,48,5.35%,59,6.58%,790,88.07%,897
NORTE,17,TO,172093,TAIPAS DO TOCANTINS,1,0.82%,6,4.92%,115,94.26%,122
NORTE,17,TO,172097,TALISMA,4,2.34%,14,8.19%,153,89.47%,171
NORTE,17,TO,172100,PALMAS,564,4.42%,972,7.62%,11.216,87.95%,12.752
NORTE,17,TO,172110,TOCANTINIA,29,4.04%,46,6.41%,643,89.55%,718
NORTE,17,TO,172120,TOCANTINOPOLIS,73,5.23%,88,6.31%,1.234,88.46%,1.395
NORTE,17,TO,172125,TUPIRAMA,7,4.76%,10,6.8%,130,88.44%,147
NORTE,17,TO,172130,TUPIRATINS,2,2.15%,4,4.3%,87,93.55%,93
NORTE,17,TO,172208,WANDERLANDIA,34,6.09%,38,6.81%,486,87.1%,558
NORTE,17,TO,172210,XAMBIOA,35,5.83%,42,7%,523,87.17%,600
NORDESTE,21,MA,210005,ACAILANDIA,169,3.52%,308,6.42%,4.323,90.06%,4.8
NORDESTE,21,MA,210010,AFONSO CUNHA,46,6.56%,68,9.7%,587,83.74%,701
NORDESTE,21,MA,210015,AGUA DOCE DO MARANHAO,65,6.83%,110,11.57%,776,81.6%,951
NORDESTE,21,MA,210020,ALCANTARA,48,4.77%,78,7.75%,881,87.49%,1.007
NORDESTE,21,MA,210030,ALDEIAS ALTAS,86,5.52%,159,10.21%,1.313,84.27%,1.558
NORDESTE,21,MA,210040,ALTAMIRA DO MARANHAO,22,5.8%,23,6.07%,334,88.13%,379
NORDESTE,21,MA,210043,ALTO ALEGRE DO MARANHAO,80,5.94%,118,8.77%,1.148,85.29%,1.346
NORDESTE,21,MA,210047,ALTO ALEGRE DO PINDARE,123,5.88%,165,7.89%,1.803,86.23%,2.091
NORDESTE,21,MA,210050,ALTO PARNAIBA,50,6.74%,58,7.82%,634,85.44%,742
NORDESTE,21,MA,210055,AMAPA DO MARANHAO,27,4.76%,27,4.76%,513,90.48%,567
NORDESTE,21,MA,210060,AMARANTE DO MARANHAO,204,6.73%,328,10.83%,2.498,82.44%,3.03
NORDESTE,21,MA,210070,ANAJATUBA,54,4.09%,74,5.61%,1.192,90.3%,1.32
NORDESTE,21,MA,210080,ANAPURUS,92,9.31%,126,12.75%,770,77.94%,988
NORDESTE,21,MA,210083,APICUM-ACU,37,3.45%,98,9.13%,938,87.42%,1.073
NORDESTE,21,MA,210087,ARAGUANA,30,5.06%,44,7.42%,519,87.52%,593
NORDESTE,21,MA,210090,ARAIOSES,156,6.49%,161,6.7%,2.085,86.8%,2.402
NORDESTE,21,MA,210095,ARAME,81,3.8%,181,8.5%,1.867,87.69%,2.129
NORDESTE,21,MA,210100,ARARI,79,5.34%,120,8.11%,1.281,86.55%,1.48
NORDESTE,21,MA,210110,AXIXA,55,7.65%,78,10.85%,586,81.5%,719
NORDESTE,21,MA,210120,BACABAL,259,4.06%,373,5.85%,5.747,90.09%,6.379
NORDESTE,21,MA,210125,BACABEIRA,73,7.22%,85,8.41%,853,84.37%,1.011
NORDESTE,21,MA,210130,BACURI,50,5.29%,62,6.55%,834,88.16%,946
NORDESTE,21,MA,210135,BACURITUBA,27,8.79%,21,6.84%,259,84.36%,307
NORDESTE,21,MA,210140,BALSAS,124,2.78%,283,6.33%,4.061,90.89%,4.468
NORDESTE,21,MA,210150,BARAO DE GRAJAU,50,4.44%,85,7.56%,990,88%,1.125
NORDESTE,21,MA,210160,BARRA DO CORDA,401,10.04%,449,11.24%,3.144,78.72%,3.994
NORDESTE,21,MA,210170,BARREIRINHAS,340,6.67%,496,9.73%,4.26,83.59%,5.096
NORDESTE,21,MA,210173,BELAGUA,67,8.41%,127,15.93%,603,75.66%,797
NORDESTE,21,MA,210177,BELA VISTA DO MARANHAO,72,7.07%,91,8.94%,855,83.99%,1.018
NORDESTE,21,MA,210180,BENEDITO LEITE,33,9.76%,32,9.47%,273,80.77%,338
NORDESTE,21,MA,210190,BEQUIMAO,87,9.92%,96,10.95%,694,79.13%,877
NORDESTE,21,MA,210193,BERNARDO DO MEARIM,19,6.4%,25,8.42%,253,85.19%,297
NORDESTE,21,MA,210197,BOA VISTA DO GURUPI,35,5.79%,59,9.77%,510,84.44%,604
NORDESTE,21,MA,210200,BOM JARDIM,196,9.15%,270,12.61%,1.675,78.23%,2.141
NORDESTE,21,MA,210203,BOM JESUS DAS SELVAS,154,7.95%,193,9.97%,1.589,82.08%,1.936
NORDESTE,21,MA,210207,BOM LUGAR,49,8.49%,47,8.15%,481,83.36%,577
NORDESTE,21,MA,210210,BREJO,147,6.65%,177,8.01%,1.885,85.33%,2.209
NORDESTE,21,MA,210215,BREJO DE AREIA,33,4.58%,55,7.64%,632,87.78%,720
NORDESTE,21,MA,210220,BURITI,192,8.22%,228,9.76%,1.917,82.03%,2.337
NORDESTE,21,MA,210230,BURITI BRAVO,97,6.25%,129,8.31%,1.327,85.45%,1.553
NORDESTE,21,MA,210232,BURITICUPU,244,7%,284,8.14%,2.959,84.86%,3.487
NORDESTE,21,MA,210235,BURITIRANA,101,11.49%,69,7.85%,709,80.66%,879
NORDESTE,21,MA,210237,CACHOEIRA GRANDE,47,7%,56,8.35%,568,84.65%,671
NORDESTE,21,MA,210240,CAJAPIO,22,3.72%,44,7.43%,526,88.85%,592
NORDESTE,21,MA,210250,CAJARI,131,10.97%,128,10.72%,935,78.31%,1.194
NORDESTE,21,MA,210255,CAMPESTRE DO MARANHAO,50,6.84%,65,8.89%,616,84.27%,731
NORDESTE,21,MA,210260,CANDIDO MENDES,121,8.99%,160,11.89%,1.065,79.12%,1.346
NORDESTE,21,MA,210270,CANTANHEDE,64,5.8%,86,7.79%,954,86.41%,1.104
NORDESTE,21,MA,210275,CAPINZAL DO NORTE,25,3.84%,49,7.53%,577,88.63%,651
NORDESTE,21,MA,210280,CAROLINA,91,8.57%,107,10.08%,864,81.36%,1.062
NORDESTE,21,MA,210290,CARUTAPERA,132,7.14%,178,9.63%,1.539,83.23%,1.849
NORDESTE,21,MA,210300,CAXIAS,358,4.91%,597,8.19%,6.337,86.9%,7.292
NORDESTE,21,MA,210310,CEDRAL,11,2.86%,36,9.35%,338,87.79%,385
NORDESTE,21,MA,210312,CENTRAL DO MARANHAO,29,6.47%,49,10.94%,370,82.59%,448
NORDESTE,21,MA,210315,CENTRO DO GUILHERME,106,11.69%,110,12.13%,691,76.19%,907
NORDESTE,21,MA,210317,CENTRO NOVO DO MARANHAO,213,15.63%,128,9.39%,1.022,74.98%,1.363
NORDESTE,21,MA,210320,CHAPADINHA,272,5.25%,500,9.66%,4.405,85.09%,5.177
NORDESTE,21,MA,210325,CIDELANDIA,72,7.01%,64,6.23%,891,86.76%,1.027
NORDESTE,21,MA,210330,CODO,43,0.65%,239,3.59%,6.381,95.77%,6.663
NORDESTE,21,MA,210340,COELHO NETO,102,3.47%,203,6.9%,2.637,89.63%,2.942
NORDESTE,21,MA,210350,COLINAS,204,8.67%,260,11.05%,1.889,80.28%,2.353
NORDESTE,21,MA,210355,CONCEICAO DO LAGO-ACU,81,7.3%,118,10.64%,910,82.06%,1.109
NORDESTE,21,MA,210360,COROATA,215,6.16%,332,9.52%,2.942,84.32%,3.489
NORDESTE,21,MA,210370,CURURUPU,72,3.58%,150,7.46%,1.789,88.96%,2.011
NORDESTE,21,MA,210375,DAVINOPOLIS,66,7.3%,44,4.87%,794,87.83%,904
NORDESTE,21,MA,210380,DOM PEDRO,134,11.93%,94,8.37%,895,79.7%,1.123
NORDESTE,21,MA,210390,DUQUE BACELAR,31,3.35%,58,6.28%,835,90.37%,924
NORDESTE,21,MA,210400,ESPERANTINOPOLIS,48,4.04%,74,6.22%,1.067,89.74%,1.189
NORDESTE,21,MA,210405,ESTREITO,108,6.68%,121,7.48%,1.388,85.84%,1.617
NORDESTE,21,MA,210407,FEIRA NOVA DO MARANHAO,18,4.57%,22,5.58%,354,89.85%,394
NORDESTE,21,MA,210408,FERNANDO FALCAO,104,11.7%,134,15.07%,651,73.23%,889
NORDESTE,21,MA,210409,FORMOSA DA SERRA NEGRA,79,8.26%,104,10.88%,773,80.86%,956
NORDESTE,21,MA,210410,FORTALEZA DOS NOGUEIRAS,54,6.35%,79,9.28%,718,84.37%,851
NORDESTE,21,MA,210420,FORTUNA,38,3.58%,79,7.45%,943,88.96%,1.06
NORDESTE,21,MA,210430,GODOFREDO VIANA,36,5.79%,46,7.4%,540,86.82%,622
NORDESTE,21,MA,210440,GONCALVES DIAS,44,4.04%,84,7.71%,962,88.26%,1.09
NORDESTE,21,MA,210450,GOVERNADOR ARCHER,26,4.81%,37,6.85%,477,88.33%,540
NORDESTE,21,MA,210455,GOVERNADOR EDISON LOBAO,90,6.2%,144,9.92%,1.218,83.88%,1.452
NORDESTE,21,MA,210460,GOVERNADOR EUGENIO BARROS,59,5.6%,107,10.16%,887,84.24%,1.053
NORDESTE,21,MA,210462,GOVERNADOR LUIZ ROCHA,43,7.68%,41,7.32%,476,85%,560
NORDESTE,21,MA,210465,GOVERNADOR NEWTON BELLO,58,8.9%,70,10.74%,524,80.37%,652
NORDESTE,21,MA,210467,GOVERNADOR NUNES FREIRE,75,4.73%,112,7.06%,1.4,88.22%,1.587
NORDESTE,21,MA,210470,GRACA ARANHA,33,10.12%,21,6.44%,272,83.44%,326
NORDESTE,21,MA,210480,GRAJAU,503,10.81%,554,11.9%,3.597,77.29%,4.654
NORDESTE,21,MA,210490,GUIMARAES,12,2.45%,34,6.95%,443,90.59%,489
NORDESTE,21,MA,210500,HUMBERTO DE CAMPOS,242,11.31%,196,9.16%,1.701,79.52%,2.139
NORDESTE,21,MA,210510,ICATU,206,13.29%,176,11.35%,1.168,75.35%,1.55
NORDESTE,21,MA,210515,IGARAPE DO MEIO,96,8.81%,78,7.16%,916,84.04%,1.09
NORDESTE,21,MA,210520,IGARAPE GRANDE,22,3.13%,35,4.99%,645,91.88%,702
NORDESTE,21,MA,210530,IMPERATRIZ,503,4.06%,897,7.23%,10.999,88.71%,12.399
NORDESTE,21,MA,210535,ITAIPAVA DO GRAJAU,97,8.74%,152,13.69%,861,77.57%,1.11
NORDESTE,21,MA,210540,ITAPECURU MIRIM,249,6.21%,319,7.96%,3.441,85.83%,4.009
NORDESTE,21,MA,210542,ITINGA DO MARANHAO,78,5.23%,112,7.51%,1.301,87.26%,1.491
NORDESTE,21,MA,210545,JATOBA,58,9.83%,57,9.66%,475,80.51%,590
NORDESTE,21,MA,210547,JENIPAPO DOS VIEIRAS,99,11.62%,111,13.03%,642,75.35%,852
NORDESTE,21,MA,210550,JOAO LISBOA,183,12.53%,126,8.62%,1.152,78.85%,1.461
NORDESTE,21,MA,210560,JOSELANDIA,59,6.21%,80,8.42%,811,85.37%,950
NORDESTE,21,MA,210565,JUNCO DO MARANHAO,29,8.68%,33,9.88%,272,81.44%,334
NORDESTE,21,MA,210570,LAGO DA PEDRA,151,4.79%,221,7.02%,2.778,88.19%,3.15
NORDESTE,21,MA,210580,LAGO DO JUNCO,25,5.84%,28,6.54%,375,87.62%,428
NORDESTE,21,MA,210590,LAGO VERDE,102,10.65%,78,8.14%,778,81.21%,958
NORDESTE,21,MA,210592,LAGOA DO MATO,34,4.91%,43,6.21%,615,88.87%,692
NORDESTE,21,MA,210594,LAGO DOS RODRIGUES,20,3.64%,40,7.29%,489,89.07%,549
NORDESTE,21,MA,210596,LAGOA GRANDE DO MARANHAO,45,4.31%,71,6.79%,929,88.9%,1.045
NORDESTE,21,MA,210598,LAJEADO NOVO,39,10.16%,30,7.81%,315,82.03%,384
NORDESTE,21,MA,210600,LIMA CAMPOS,20,2.67%,61,8.14%,668,89.19%,749
NORDESTE,21,MA,210610,LORETO,62,8.77%,56,7.92%,589,83.31%,707
NORDESTE,21,MA,210620,LUIS DOMINGUES,37,6.68%,49,8.84%,468,84.48%,554
NORDESTE,21,MA,210630,MAGALHAES DE ALMEIDA,41,4.35%,79,8.39%,822,87.26%,942
NORDESTE,21,MA,210632,MARACACUME,66,5.65%,123,10.53%,979,83.82%,1.168
NORDESTE,21,MA,210635,MARAJA DO SENA,81,15.2%,52,9.76%,400,75.05%,533
NORDESTE,21,MA,210637,MARANHAOZINHO,158,18.12%,150,17.2%,564,64.68%,872
NORDESTE,21,MA,210640,MATA ROMA,87,7.25%,126,10.5%,987,82.25%,1.2
NORDESTE,21,MA,210650,MATINHA,80,6.43%,100,8.04%,1.064,85.53%,1.244
NORDESTE,21,MA,210660,MATOES,141,5.65%,241,9.66%,2.113,84.69%,2.495
NORDESTE,21,MA,210663,MATOES DO NORTE,42,8.17%,41,7.98%,431,83.85%,514
NORDESTE,21,MA,210667,MILAGRES DO MARANHAO,44,8.82%,62,12.42%,393,78.76%,499
NORDESTE,21,MA,210670,MIRADOR,132,9.94%,166,12.5%,1.03,77.56%,1.328
NORDESTE,21,MA,210675,MIRANDA DO NORTE,48,3.96%,79,6.52%,1.084,89.51%,1.211
NORDESTE,21,MA,210680,MIRINZAL,37,4.38%,49,5.81%,758,89.81%,844
NORDESTE,21,MA,210690,MONCAO,201,11.14%,171,9.47%,1.433,79.39%,1.805
NORDESTE,21,MA,210700,MONTES ALTOS,22,3.68%,55,9.2%,521,87.12%,598
NORDESTE,21,MA,210710,MORROS,96,8.81%,136,12.48%,858,78.72%,1.09
NORDESTE,21,MA,210720,NINA RODRIGUES,60,6.65%,94,10.42%,748,82.93%,902
NORDESTE,21,MA,210725,NOVA COLINAS,8,2.11%,22,5.8%,349,92.08%,379
NORDESTE,21,MA,210730,NOVA IORQUE,11,5.21%,24,11.37%,176,83.41%,211
NORDESTE,21,MA,210735,NOVA OLINDA DO MARANHAO,103,9.2%,126,11.25%,891,79.55%,1.12
NORDESTE,21,MA,210740,OLHO D'AGUA DAS CUNHAS,50,4.75%,102,9.7%,900,85.55%,1.052
NORDESTE,21,MA,210745,OLINDA NOVA DO MARANHAO,37,4.77%,66,8.51%,673,86.73%,776
NORDESTE,21,MA,210750,PACO DO LUMIAR,247,4.28%,423,7.32%,5.107,88.4%,5.777
NORDESTE,21,MA,210760,PALMEIRANDIA,70,6.2%,68,6.02%,991,87.78%,1.129
NORDESTE,21,MA,210770,PARAIBANO,64,4.71%,75,5.51%,1.221,89.78%,1.36
NORDESTE,21,MA,210780,PARNARAMA,121,6.8%,158,8.88%,1.501,84.33%,1.78
NORDESTE,21,MA,210790,PASSAGEM FRANCA,53,4.53%,81,6.92%,1.036,88.55%,1.17
NORDESTE,21,MA,210800,PASTOS BONS,91,8.8%,84,8.12%,859,83.08%,1.034
NORDESTE,21,MA,210805,PAULINO NEVES,74,5.67%,133,10.18%,1.099,84.15%,1.306
NORDESTE,21,MA,210810,PAULO RAMOS,103,8.08%,139,10.9%,1.033,81.02%,1.275
NORDESTE,21,MA,210820,PEDREIRAS,99,6.15%,131,8.14%,1.379,85.71%,1.609
NORDESTE,21,MA,210825,PEDRO DO ROSARIO,117,10.37%,127,11.26%,884,78.37%,1.128
NORDESTE,21,MA,210830,PENALVA,353,14.31%,319,12.94%,1.794,72.75%,2.466
NORDESTE,21,MA,210840,PERI MIRIM,24,3.89%,46,7.46%,547,88.65%,617
NORDESTE,21,MA,210845,PERITORO,43,3.1%,98,7.06%,1.247,89.84%,1.388
NORDESTE,21,MA,210850,PINDARE-MIRIM,135,8.12%,142,8.54%,1.385,83.33%,1.662
NORDESTE,21,MA,210860,PINHEIRO,235,6.32%,334,8.98%,3.151,84.7%,3.72
NORDESTE,21,MA,210870,PIO XII,95,6.83%,131,9.42%,1.164,83.74%,1.39
NORDESTE,21,MA,210880,PIRAPEMAS,39,4.39%,64,7.2%,786,88.41%,889
NORDESTE,21,MA,210890,POCAO DE PEDRAS,52,5.45%,60,6.29%,842,88.26%,954
NORDESTE,21,MA,210900,PORTO FRANCO,31,2.82%,72,6.55%,997,90.64%,1.1
NORDESTE,21,MA,210905,PORTO RICO DO MARANHAO,10,3.04%,25,7.6%,294,89.36%,329
NORDESTE,21,MA,210910,PRESIDENTE DUTRA,103,6.17%,151,9.05%,1.415,84.78%,1.669
NORDESTE,21,MA,210920,PRESIDENTE JUSCELINO,59,6.34%,88,9.46%,783,84.19%,930
NORDESTE,21,MA,210923,PRESIDENTE MEDICI,7,1.73%,17,4.2%,381,94.07%,405
NORDESTE,21,MA,210927,PRESIDENTE SARNEY,89,6.07%,123,8.39%,1.254,85.54%,1.466
NORDESTE,21,MA,210930,PRESIDENTE VARGAS,74,9.1%,107,13.16%,632,77.74%,813
NORDESTE,21,MA,210940,PRIMEIRA CRUZ,77,10.16%,77,10.16%,604,79.68%,758
NORDESTE,21,MA,210945,RAPOSA,115,6.05%,139,7.31%,1.647,86.64%,1.901
NORDESTE,21,MA,210950,RIACHAO,87,7.77%,93,8.3%,940,83.93%,1.12
NORDESTE,21,MA,210955,RIBAMAR FIQUENE,19,4.57%,22,5.29%,375,90.14%,416
NORDESTE,21,MA,210960,ROSARIO,202,8.73%,226,9.77%,1.885,81.5%,2.313
NORDESTE,21,MA,210970,SAMBAIBA,27,6.19%,33,7.57%,376,86.24%,436
NORDESTE,21,MA,210975,SANTA FILOMENA DO MARANHAO,51,11.92%,47,10.98%,330,77.1%,428
NORDESTE,21,MA,210980,SANTA HELENA,474,22.84%,164,7.9%,1.437,69.25%,2.075
NORDESTE,21,MA,210990,SANTA INES,325,7.64%,365,8.58%,3.566,83.79%,4.256
NORDESTE,21,MA,211000,SANTA LUZIA,348,8.78%,377,9.52%,3.237,81.7%,3.962
NORDESTE,21,MA,211003,SANTA LUZIA DO PARUA,117,6.83%,139,8.12%,1.456,85.05%,1.712
NORDESTE,21,MA,211010,SANTA QUITERIA DO MARANHAO,109,6.54%,111,6.66%,1.446,86.79%,1.666
NORDESTE,21,MA,211020,SANTA RITA,213,8.78%,249,10.26%,1.965,80.96%,2.427
NORDESTE,21,MA,211023,SANTANA DO MARANHAO,16,2.68%,32,5.35%,550,91.97%,598
NORDESTE,21,MA,211027,SANTO AMARO DO MARANHAO,88,8.83%,118,11.84%,791,79.34%,997
NORDESTE,21,MA,211030,SANTO ANTONIO DOS LOPES,96,9.25%,85,8.19%,857,82.56%,1.038
NORDESTE,21,MA,211040,SAO BENEDITO DO RIO PRETO,143,10.78%,147,11.09%,1.036,78.13%,1.326
NORDESTE,21,MA,211050,SAO BENTO,132,7.61%,147,8.47%,1.456,83.92%,1.735
NORDESTE,21,MA,211060,SAO BERNARDO,71,4.21%,117,6.93%,1.5,88.86%,1.688
NORDESTE,21,MA,211065,SAO DOMINGOS DO AZEITAO,54,8.21%,83,12.61%,521,79.18%,658
NORDESTE,21,MA,211070,SAO DOMINGOS DO MARANHAO,487,19.67%,273,11.03%,1.716,69.31%,2.476
NORDESTE,21,MA,211080,SAO FELIX DE BALSAS,15,6%,16,6.4%,219,87.6%,250
NORDESTE,21,MA,211085,SAO FRANCISCO DO BREJAO,35,5.44%,49,7.62%,559,86.94%,643
NORDESTE,21,MA,211090,SAO FRANCISCO DO MARANHAO,21,2.71%,44,5.67%,711,91.62%,776
NORDESTE,21,MA,211100,SAO JOAO BATISTA,64,5.35%,114,9.52%,1.019,85.13%,1.197
NORDESTE,21,MA,211102,SAO JOAO DO CARU,62,8.38%,86,11.62%,592,80%,740
NORDESTE,21,MA,211105,SAO JOAO DO PARAISO,53,8.76%,55,9.09%,497,82.15%,605
NORDESTE,21,MA,211107,SAO JOAO DO SOTER,47,4.1%,88,7.69%,1.01,88.21%,1.145
NORDESTE,21,MA,211110,SAO JOAO DOS PATOS,61,4.38%,98,7.04%,1.233,88.58%,1.392
NORDESTE,21,MA,211120,SAO JOSE DE RIBAMAR,302,3.51%,550,6.39%,7.75,90.1%,8.602
NORDESTE,21,MA,211125,SAO JOSE DOS BASILIOS,41,8.93%,46,10.02%,372,81.05%,459
NORDESTE,21,MA,211130,SAO LUIS,1.305,3.97%,2.142,6.51%,29.439,89.52%,32.886
NORDESTE,21,MA,211140,SAO LUIS GONZAGA DO MARANHAO,137,12.39%,108,9.76%,861,77.85%,1.106
NORDESTE,21,MA,211150,SAO MATEUS DO MARANHAO,141,5.84%,177,7.33%,2.096,86.83%,2.414
NORDESTE,21,MA,211153,SAO PEDRO DA AGUA BRANCA,38,7.32%,51,9.83%,430,82.85%,519
NORDESTE,21,MA,211157,SAO PEDRO DOS CRENTES,14,3.57%,20,5.1%,358,91.33%,392
NORDESTE,21,MA,211160,SAO RAIMUNDO DAS MANGABEIRAS,59,4.66%,112,8.85%,1.094,86.48%,1.265
NORDESTE,21,MA,211163,SAO RAIMUNDO DO DOCA BEZERRA,20,4.26%,23,4.9%,426,90.83%,469
NORDESTE,21,MA,211167,SAO ROBERTO,28,6.81%,25,6.08%,358,87.1%,411
NORDESTE,21,MA,211170,SAO VICENTE FERRER,67,6.67%,65,6.47%,872,86.85%,1.004
NORDESTE,21,MA,211172,SATUBINHA,36,5.31%,54,7.96%,588,86.73%,678
NORDESTE,21,MA,211174,SENADOR ALEXANDRE COSTA,55,6.26%,85,9.68%,738,84.05%,878
NORDESTE,21,MA,211176,SENADOR LA ROCQUE,73,6.72%,77,7.08%,937,86.2%,1.087
NORDESTE,21,MA,211178,SERRANO DO MARANHAO,39,5.28%,60,8.12%,640,86.6%,739
NORDESTE,21,MA,211180,SITIO NOVO,70,5.13%,120,8.79%,1.175,86.08%,1.365
NORDESTE,21,MA,211190,SUCUPIRA DO NORTE,41,6.27%,48,7.34%,565,86.39%,654
NORDESTE,21,MA,211195,SUCUPIRA DO RIACHAO,17,5.41%,37,11.78%,260,82.8%,314
NORDESTE,21,MA,211200,TASSO FRAGOSO,18,2.3%,45,5.75%,720,91.95%,783
NORDESTE,21,MA,211210,TIMBIRAS,141,8.83%,177,11.09%,1.278,80.08%,1.596
NORDESTE,21,MA,211220,TIMON,725,7.69%,819,8.69%,7.886,83.63%,9.43
NORDESTE,21,MA,211223,TRIZIDELA DO VALE,52,3.62%,72,5.01%,1.314,91.38%,1.438
NORDESTE,21,MA,211227,TUFILANDIA,32,6.85%,43,9.21%,392,83.94%,467
NORDESTE,21,MA,211230,TUNTUM,113,5.75%,138,7.02%,1.714,87.23%,1.965
NORDESTE,21,MA,211240,TURIACU,214,8.29%,264,10.23%,2.102,81.47%,2.58
NORDESTE,21,MA,211245,TURILANDIA,113,7.2%,146,9.31%,1.31,83.49%,1.569
NORDESTE,21,MA,211250,TUTOIA,289,8.35%,280,8.09%,2.894,83.57%,3.463
NORDESTE,21,MA,211260,URBANO SANTOS,169,8.95%,219,11.59%,1.501,79.46%,1.889
NORDESTE,21,MA,211270,VARGEM GRANDE,326,12.83%,325,12.79%,1.89,74.38%,2.541
NORDESTE,21,MA,211280,VIANA,211,7.01%,249,8.28%,2.549,84.71%,3.009
NORDESTE,21,MA,211285,VILA NOVA DOS MARTIRIOS,22,2.59%,59,6.95%,768,90.46%,849
NORDESTE,21,MA,211290,VITORIA DO MEARIM,58,3.45%,121,7.19%,1.503,89.36%,1.682
NORDESTE,21,MA,211300,VITORINO FREIRE,114,6.99%,124,7.61%,1.392,85.4%,1.63
NORDESTE,21,MA,211400,ZE DOCA,161,6.55%,212,8.62%,2.085,84.83%,2.458
NORDESTE,22,PI,220005,ACAUA,4,0.9%,26,5.86%,414,93.24%,444
NORDESTE,22,PI,220010,AGRICOLANDIA,12,3.49%,23,6.69%,309,89.83%,344
NORDESTE,22,PI,220020,AGUA BRANCA,55,5.44%,78,7.72%,878,86.84%,1.011
NORDESTE,22,PI,220025,ALAGOINHA DO PIAUI,6,1.96%,20,6.54%,280,91.5%,306
NORDESTE,22,PI,220027,ALEGRETE DO PIAUI,1,0.39%,16,6.27%,238,93.33%,255
NORDESTE,22,PI,220030,ALTO LONGA,26,3.99%,40,6.13%,586,89.88%,652
NORDESTE,22,PI,220040,ALTOS,129,4.66%,214,7.74%,2.423,87.6%,2.766
NORDESTE,22,PI,220045,ALVORADA DO GURGUEIA,17,4.47%,18,4.74%,345,90.79%,380
NORDESTE,22,PI,220050,AMARANTE,45,3.93%,69,6.03%,1.031,90.04%,1.145
NORDESTE,22,PI,220060,ANGICAL DO PIAUI,11,3.06%,14,3.9%,334,93.04%,359
NORDESTE,22,PI,220070,ANISIO DE ABREU,11,1.97%,32,5.73%,515,92.29%,558
NORDESTE,22,PI,220080,ANTONIO ALMEIDA,9,3.16%,19,6.67%,257,90.18%,285
NORDESTE,22,PI,220090,AROAZES,4,1.61%,11,4.42%,234,93.98%,249
NORDESTE,22,PI,220095,AROEIRAS DO ITAIM,6,4.11%,15,10.27%,125,85.62%,146
NORDESTE,22,PI,220100,ARRAIAL,16,5.02%,24,7.52%,279,87.46%,319
NORDESTE,22,PI,220105,ASSUNCAO DO PIAUI,67,15.19%,51,11.56%,323,73.24%,441
NORDESTE,22,PI,220110,AVELINO LOPES,50,6.92%,47,6.5%,626,86.58%,723
NORDESTE,22,PI,220115,BAIXA GRANDE DO RIBEIRO,115,8.42%,103,7.55%,1.147,84.03%,1.365
NORDESTE,22,PI,220117,BARRA D'ALCANTARA,8,3.65%,9,4.11%,202,92.24%,219
NORDESTE,22,PI,220120,BARRAS,143,5.04%,208,7.34%,2.484,87.62%,2.835
NORDESTE,22,PI,220130,BARREIRAS DO PIAUI,13,5.33%,23,9.43%,208,85.25%,244
NORDESTE,22,PI,220140,BARRO DURO,16,4.58%,28,8.02%,305,87.39%,349
NORDESTE,22,PI,220150,BATALHA,66,4.32%,112,7.33%,1.351,88.36%,1.529
NORDESTE,22,PI,220155,BELA VISTA DO PIAUI,2,0.67%,14,4.67%,284,94.67%,300
NORDESTE,22,PI,220157,BELEM DO PIAUI,9,5.2%,14,8.09%,150,86.71%,173
NORDESTE,22,PI,220160,BENEDITINOS,19,3.82%,35,7.03%,444,89.16%,498
NORDESTE,22,PI,220170,BERTOLINIA,20,5.29%,24,6.35%,334,88.36%,378
NORDESTE,22,PI,220173,BETANIA DO PIAUI,16,3.17%,32,6.35%,456,90.48%,504
NORDESTE,22,PI,220177,BOA HORA,13,3.1%,34,8.11%,372,88.78%,419
NORDESTE,22,PI,220180,BOCAINA,16,7.55%,6,2.83%,190,89.62%,212
NORDESTE,22,PI,220190,BOM JESUS,33,1.58%,86,4.11%,1.973,94.31%,2.092
NORDESTE,22,PI,220191,BOM PRINCIPIO DO PIAUI,17,4.02%,24,5.67%,382,90.31%,423
NORDESTE,22,PI,220192,BONFIM DO PIAUI,19,5.4%,11,3.13%,322,91.48%,352
NORDESTE,22,PI,220194,BOQUEIRAO DO PIAUI,16,3.74%,42,9.81%,370,86.45%,428
NORDESTE,22,PI,220196,BRASILEIRA,20,4.22%,34,7.17%,420,88.61%,474
NORDESTE,22,PI,220198,BREJO DO PIAUI,7,2.79%,12,4.78%,232,92.43%,251
NORDESTE,22,PI,220200,BURITI DOS LOPES,50,4.73%,61,5.77%,946,89.5%,1.057
NORDESTE,22,PI,220202,BURITI DOS MONTES,17,4.28%,25,6.3%,355,89.42%,397
NORDESTE,22,PI,220205,CABECEIRAS DO PIAUI,15,2.75%,23,4.21%,508,93.04%,546
NORDESTE,22,PI,220207,CAJAZEIRAS DO PIAUI,9,5.06%,12,6.74%,157,88.2%,178
NORDESTE,22,PI,220208,CAJUEIRO DA PRAIA,17,3.85%,25,5.66%,400,90.5%,442
NORDESTE,22,PI,220209,CALDEIRAO GRANDE DO PIAUI,16,4.49%,16,4.49%,324,91.01%,356
NORDESTE,22,PI,220210,CAMPINAS DO PIAUI,14,4.9%,18,6.29%,254,88.81%,286
NORDESTE,22,PI,220211,CAMPO ALEGRE DO FIDALGO,7,2.31%,20,6.6%,276,91.09%,303
NORDESTE,22,PI,220213,CAMPO GRANDE DO PIAUI,15,5.23%,15,5.23%,257,89.55%,287
NORDESTE,22,PI,220217,CAMPO LARGO DO PIAUI,30,5.73%,39,7.44%,455,86.83%,524
NORDESTE,22,PI,220220,CAMPO MAIOR,77,3.71%,121,5.83%,1.876,90.45%,2.074
NORDESTE,22,PI,220225,CANAVIEIRA,5,2.72%,6,3.26%,173,94.02%,184
NORDESTE,22,PI,220230,CANTO DO BURITI,65,5.59%,96,8.26%,1.001,86.14%,1.162
NORDESTE,22,PI,220240,CAPITAO DE CAMPOS,30,4.68%,32,4.99%,579,90.33%,641
NORDESTE,22,PI,220245,CAPITAO GERVASIO OLIVEIRA,10,3.83%,10,3.83%,241,92.34%,261
NORDESTE,22,PI,220250,CARACOL,29,4.39%,55,8.32%,577,87.29%,661
NORDESTE,22,PI,220253,CARAUBAS DO PIAUI,36,9.42%,37,9.69%,309,80.89%,382
NORDESTE,22,PI,220255,CARIDADE DO PIAUI,18,4.13%,17,3.9%,401,91.97%,436
NORDESTE,22,PI,220260,CASTELO DO PIAUI,17,1.57%,70,6.46%,997,91.97%,1.084
NORDESTE,22,PI,220265,CAXINGO,20,4.73%,30,7.09%,373,88.18%,423
NORDESTE,22,PI,220270,COCAL,85,4.99%,135,7.92%,1.485,87.1%,1.705
NORDESTE,22,PI,220271,COCAL DE TELHA,12,4.33%,15,5.42%,250,90.25%,277
NORDESTE,22,PI,220272,COCAL DOS ALVES,20,4.48%,26,5.83%,400,89.69%,446
NORDESTE,22,PI,220273,COIVARAS,7,2.97%,8,3.39%,221,93.64%,236
NORDESTE,22,PI,220275,COLONIA DO GURGUEIA,12,2.73%,26,5.92%,401,91.34%,439
NORDESTE,22,PI,220277,COLONIA DO PIAUI,11,2.95%,9,2.41%,353,94.64%,373
NORDESTE,22,PI,220280,CONCEICAO DO CANINDE,9,3.01%,12,4.01%,278,92.98%,299
NORDESTE,22,PI,220285,CORONEL JOSE DIAS,13,5.6%,16,6.9%,203,87.5%,232
NORDESTE,22,PI,220290,CORRENTE,61,4.8%,87,6.84%,1.124,88.36%,1.272
NORDESTE,22,PI,220300,CRISTALANDIA DO PIAUI,18,4.9%,25,6.81%,324,88.28%,367
NORDESTE,22,PI,220310,CRISTINO CASTRO,7,1.03%,26,3.83%,645,95.13%,678
NORDESTE,22,PI,220320,CURIMATA,24,3.08%,41,5.26%,714,91.66%,779
NORDESTE,22,PI,220323,CURRAIS,27,6.68%,28,6.93%,349,86.39%,404
NORDESTE,22,PI,220325,CURRALINHOS,12,3.82%,26,8.28%,276,87.9%,314
NORDESTE,22,PI,220327,CURRAL NOVO DO PIAUI,19,3.98%,24,5.03%,434,90.99%,477
NORDESTE,22,PI,220330,DEMERVAL LOBAO,47,3.94%,52,4.36%,1.094,91.7%,1.193
NORDESTE,22,PI,220335,DIRCEU ARCOVERDE,37,8.03%,34,7.38%,390,84.6%,461
NORDESTE,22,PI,220340,DOM EXPEDITO LOPES,6,1.51%,16,4.02%,376,94.47%,398
NORDESTE,22,PI,220342,DOMINGOS MOURAO,15,6.49%,14,6.06%,202,87.45%,231
NORDESTE,22,PI,220345,DOM INOCENCIO,14,2.89%,21,4.34%,449,92.77%,484
NORDESTE,22,PI,220350,ELESBAO VELOSO,19,3.11%,38,6.22%,554,90.67%,611
NORDESTE,22,PI,220360,ELISEU MARTINS,6,2.69%,17,7.62%,200,89.69%,223
NORDESTE,22,PI,220370,ESPERANTINA,142,5.03%,189,6.69%,2.494,88.28%,2.825
NORDESTE,22,PI,220375,FARTURA DO PIAUI,16,4.56%,19,5.41%,316,90.03%,351
NORDESTE,22,PI,220380,FLORES DO PIAUI,8,3.62%,16,7.24%,197,89.14%,221
NORDESTE,22,PI,220385,FLORESTA DO PIAUI,2,1.72%,6,5.17%,108,93.1%,116
NORDESTE,22,PI,220390,FLORIANO,95,3.03%,158,5.04%,2.882,91.93%,3.135
NORDESTE,22,PI,220400,FRANCINOPOLIS,12,4.26%,23,8.16%,247,87.59%,282
NORDESTE,22,PI,220410,FRANCISCO AYRES,8,3.23%,12,4.84%,228,91.94%,248
NORDESTE,22,PI,220415,FRANCISCO MACEDO,7,4.02%,12,6.9%,155,89.08%,174
NORDESTE,22,PI,220420,FRANCISCO SANTOS,16,4.35%,22,5.98%,330,89.67%,368
NORDESTE,22,PI,220430,FRONTEIRAS,39,8.97%,37,8.51%,359,82.53%,435
NORDESTE,22,PI,220435,GEMINIANO,17,5.03%,23,6.8%,298,88.17%,338
NORDESTE,22,PI,220440,GILBUES,35,4.89%,43,6.01%,638,89.11%,716
NORDESTE,22,PI,220450,GUADALUPE,24,3.49%,34,4.95%,629,91.56%,687
NORDESTE,22,PI,220455,GUARIBAS,26,6.88%,27,7.14%,325,85.98%,378
NORDESTE,22,PI,220460,HUGO NAPOLEAO,26,18.71%,11,7.91%,102,73.38%,139
NORDESTE,22,PI,220465,ILHA GRANDE,12,2%,22,3.66%,567,94.34%,601
NORDESTE,22,PI,220470,INHUMA,19,2.6%,25,3.42%,686,93.97%,730
NORDESTE,22,PI,220480,IPIRANGA DO PIAUI,14,3.23%,20,4.62%,399,92.15%,433
NORDESTE,22,PI,220490,ISAIAS COELHO,13,2.5%,21,4.03%,487,93.47%,521
NORDESTE,22,PI,220500,ITAINOPOLIS,34,6.77%,33,6.57%,435,86.65%,502
NORDESTE,22,PI,220510,ITAUEIRA,12,2.47%,18,3.71%,455,93.81%,485
NORDESTE,22,PI,220515,JACOBINA DO PIAUI,16,4.38%,19,5.21%,330,90.41%,365
NORDESTE,22,PI,220520,JAICOS,87,8.4%,94,9.07%,855,82.53%,1.036
NORDESTE,22,PI,220525,JARDIM DO MULATO,10,3.98%,14,5.58%,227,90.44%,251
NORDESTE,22,PI,220527,JATOBA DO PIAUI,7,3.59%,3,1.54%,185,94.87%,195
NORDESTE,22,PI,220530,JERUMENHA,13,6.53%,14,7.04%,172,86.43%,199
NORDESTE,22,PI,220535,JOAO COSTA,6,3.41%,11,6.25%,159,90.34%,176
NORDESTE,22,PI,220540,JOAQUIM PIRES,35,4.27%,62,7.57%,722,88.16%,819
NORDESTE,22,PI,220545,JOCA MARQUES,21,5.85%,16,4.46%,322,89.69%,359
NORDESTE,22,PI,220550,JOSE DE FREITAS,61,2.56%,151,6.34%,2.169,91.1%,2.381
NORDESTE,22,PI,220551,JUAZEIRO DO PIAUI,12,4.55%,15,5.68%,237,89.77%,264
NORDESTE,22,PI,220552,JULIO BORGES,14,3.73%,29,7.73%,332,88.53%,375
NORDESTE,22,PI,220553,JUREMA,7,1.86%,14,3.72%,355,94.41%,376
NORDESTE,22,PI,220554,LAGOINHA DO PIAUI,6,3.85%,16,10.26%,134,85.9%,156
NORDESTE,22,PI,220555,LAGOA ALEGRE,17,3.18%,33,6.17%,485,90.65%,535
NORDESTE,22,PI,220556,LAGOA DO BARRO DO PIAUI,17,4.79%,24,6.76%,314,88.45%,355
NORDESTE,22,PI,220557,LAGOA DE SAO FRANCISCO,11,2.93%,16,4.26%,349,92.82%,376
NORDESTE,22,PI,220558,LAGOA DO PIAUI,13,5.2%,12,4.8%,225,90%,250
NORDESTE,22,PI,220559,LAGOA DO SITIO,11,4.14%,9,3.38%,246,92.48%,266
NORDESTE,22,PI,220560,LANDRI SALES,6,1.76%,24,7.04%,311,91.2%,341
NORDESTE,22,PI,220570,LUIS CORREIA,72,4.49%,89,5.55%,1.443,89.96%,1.604
NORDESTE,22,PI,220580,LUZILANDIA,89,6.57%,98,7.23%,1.168,86.2%,1.355
NORDESTE,22,PI,220585,MADEIRO,35,6.24%,47,8.38%,479,85.38%,561
NORDESTE,22,PI,220590,MANOEL EMIDIO,9,2.89%,20,6.43%,282,90.68%,311
NORDESTE,22,PI,220595,MARCOLANDIA,31,4.08%,38,5.01%,690,90.91%,759
NORDESTE,22,PI,220600,MARCOS PARENTE,3,1.18%,8,3.14%,244,95.69%,255
NORDESTE,22,PI,220605,MASSAPE DO PIAUI,19,7.72%,21,8.54%,206,83.74%,246
NORDESTE,22,PI,220610,MATIAS OLIMPIO,14,1.73%,31,3.83%,765,94.44%,810
NORDESTE,22,PI,220620,MIGUEL ALVES,163,7.3%,227,10.17%,1.843,82.53%,2.233
NORDESTE,22,PI,220630,MIGUEL LEAO,2,2.5%,5,6.25%,73,91.25%,80
NORDESTE,22,PI,220635,MILTON BRANDAO,6,1.67%,14,3.89%,340,94.44%,360
NORDESTE,22,PI,220640,MONSENHOR GIL,37,6.83%,34,6.27%,471,86.9%,542
NORDESTE,22,PI,220650,MONSENHOR HIPOLITO,29,6.59%,34,7.73%,377,85.68%,440
NORDESTE,22,PI,220660,MONTE ALEGRE DO PIAUI,52,7.24%,59,8.22%,607,84.54%,718
NORDESTE,22,PI,220665,MORRO CABECA NO TEMPO,53,14.76%,32,8.91%,274,76.32%,359
NORDESTE,22,PI,220667,MORRO DO CHAPEU DO PIAUI,17,3.35%,43,8.48%,447,88.17%,507
NORDESTE,22,PI,220669,MURICI DOS PORTELAS,24,5.13%,27,5.77%,417,89.1%,468
NORDESTE,22,PI,220670,NAZARE DO PIAUI,14,3.54%,20,5.05%,362,91.41%,396
NORDESTE,22,PI,220672,NAZARIA,21,2.86%,63,8.59%,649,88.54%,733
NORDESTE,22,PI,220675,NOSSA SENHORA DE NAZARE,9,3.47%,19,7.34%,231,89.19%,259
NORDESTE,22,PI,220680,NOSSA SENHORA DOS REMEDIOS,39,6.51%,40,6.68%,520,86.81%,599
NORDESTE,22,PI,220690,NOVO ORIENTE DO PIAUI,7,2.89%,18,7.44%,217,89.67%,242
NORDESTE,22,PI,220695,NOVO SANTO ANTONIO,9,5.88%,9,5.88%,135,88.24%,153
NORDESTE,22,PI,220700,OEIRAS,54,2.76%,97,4.95%,1.808,92.29%,1.959
NORDESTE,22,PI,220710,OLHO D'AGUA DO PIAUI,11,9.32%,9,7.63%,98,83.05%,118
NORDESTE,22,PI,220720,PADRE MARCOS,16,4.88%,23,7.01%,289,88.11%,328
NORDESTE,22,PI,220730,PAES LANDIM,3,1.26%,14,5.86%,222,92.89%,239
NORDESTE,22,PI,220735,PAJEU DO PIAUI,4,3.42%,7,5.98%,106,90.6%,117
NORDESTE,22,PI,220740,PALMEIRA DO PIAUI,8,2.65%,21,6.95%,273,90.4%,302
NORDESTE,22,PI,220750,PALMEIRAIS,35,4.12%,62,7.3%,752,88.57%,849
NORDESTE,22,PI,220755,PAQUETA,7,3.66%,3,1.57%,181,94.76%,191
NORDESTE,22,PI,220760,PARNAGUA,61,9.93%,40,6.51%,513,83.55%,614
NORDESTE,22,PI,220770,PARNAIBA,265,4.58%,415,7.17%,5.106,88.25%,5.786
NORDESTE,22,PI,220775,PASSAGEM FRANCA DO PIAUI,19,8.76%,14,6.45%,184,84.79%,217
NORDESTE,22,PI,220777,PATOS DO PIAUI,2,0.84%,9,3.8%,226,95.36%,237
NORDESTE,22,PI,220779,PAU D'ARCO DO PIAUI,20,9.09%,27,12.27%,173,78.64%,220
NORDESTE,22,PI,220780,PAULISTANA,142,10.34%,133,9.69%,1.098,79.97%,1.373
NORDESTE,22,PI,220785,PAVUSSU,17,7.05%,13,5.39%,211,87.55%,241
NORDESTE,22,PI,220790,PEDRO II,82,3.61%,128,5.63%,2.064,90.77%,2.274
NORDESTE,22,PI,220793,PEDRO LAURENTINO,10,6.8%,7,4.76%,130,88.44%,147
NORDESTE,22,PI,220795,NOVA SANTA RITA,12,4.26%,16,5.67%,254,90.07%,282
NORDESTE,22,PI,220800,PICOS,84,2.57%,165,5.05%,3.018,92.38%,3.267
NORDESTE,22,PI,220810,PIMENTEIRAS,29,5.59%,41,7.9%,449,86.51%,519
NORDESTE,22,PI,220820,PIO IX,43,4.05%,45,4.24%,974,91.71%,1.062
NORDESTE,22,PI,220830,PIRACURUCA,51,3.11%,93,5.67%,1.495,91.21%,1.639
NORDESTE,22,PI,220840,PIRIPIRI,165,5.06%,213,6.54%,2.88,88.4%,3.258
NORDESTE,22,PI,220850,PORTO,38,3.82%,78,7.84%,879,88.34%,995
NORDESTE,22,PI,220855,PORTO ALEGRE DO PIAUI,6,3.02%,11,5.53%,182,91.46%,199
NORDESTE,22,PI,220860,PRATA DO PIAUI,3,1.48%,6,2.96%,194,95.57%,203
NORDESTE,22,PI,220865,QUEIMADA NOVA,25,5.05%,34,6.87%,436,88.08%,495
NORDESTE,22,PI,220870,REDENCAO DO GURGUEIA,39,6.4%,44,7.22%,526,86.37%,609
NORDESTE,22,PI,220880,REGENERACAO,76,6.45%,84,7.12%,1.019,86.43%,1.179
NORDESTE,22,PI,220885,RIACHO FRIO,13,4.17%,26,8.33%,273,87.5%,312
NORDESTE,22,PI,220887,RIBEIRA DO PIAUI,12,5.24%,12,5.24%,205,89.52%,229
NORDESTE,22,PI,220890,RIBEIRO GONCALVES,16,4.42%,23,6.35%,323,89.23%,362
NORDESTE,22,PI,220900,RIO GRANDE DO PIAUI,15,4.46%,28,8.33%,293,87.2%,336
NORDESTE,22,PI,220910,SANTA CRUZ DO PIAUI,14,4.86%,13,4.51%,261,90.63%,288
NORDESTE,22,PI,220915,SANTA CRUZ DOS MILAGRES,2,1.15%,17,9.77%,155,89.08%,174
NORDESTE,22,PI,220920,SANTA FILOMENA,23,5.45%,33,7.82%,366,86.73%,422
NORDESTE,22,PI,220930,SANTA LUZ,26,8.18%,31,9.75%,261,82.08%,318
NORDESTE,22,PI,220935,SANTANA DO PIAUI,10,4.57%,4,1.83%,205,93.61%,219
NORDESTE,22,PI,220937,SANTA ROSA DO PIAUI,5,2.07%,14,5.79%,223,92.15%,242
NORDESTE,22,PI,220940,SANTO ANTONIO DE LISBOA,11,3.45%,10,3.13%,298,93.42%,319
NORDESTE,22,PI,220945,SANTO ANTONIO DOS MILAGRES,3,2.33%,3,2.33%,123,95.35%,129
NORDESTE,22,PI,220950,SANTO INACIO DO PIAUI,1,0.47%,5,2.37%,205,97.16%,211
NORDESTE,22,PI,220955,SAO BRAZ DO PIAUI,14,4.76%,17,5.78%,263,89.46%,294
NORDESTE,22,PI,220960,SAO FELIX DO PIAUI,2,1.47%,5,3.68%,129,94.85%,136
NORDESTE,22,PI,220965,SAO FRANCISCO DE ASSIS DO PIAUI,13,3.57%,12,3.3%,339,93.13%,364
NORDESTE,22,PI,220970,SAO FRANCISCO DO PIAUI,14,5.24%,16,5.99%,237,88.76%,267
NORDESTE,22,PI,220975,SAO GONCALO DO GURGUEIA,17,6.8%,21,8.4%,212,84.8%,250
NORDESTE,22,PI,220980,SAO GONCALO DO PIAUI,15,6.1%,18,7.32%,213,86.59%,246
NORDESTE,22,PI,220985,SAO JOAO DA CANABRAVA,5,2.1%,12,5.04%,221,92.86%,238
NORDESTE,22,PI,220987,SAO JOAO DA FRONTEIRA,24,6.37%,19,5.04%,334,88.59%,377
NORDESTE,22,PI,220990,SAO JOAO DA SERRA,16,5.19%,18,5.84%,274,88.96%,308
NORDESTE,22,PI,220995,SAO JOAO DA VARJOTA,11,4.37%,13,5.16%,228,90.48%,252
NORDESTE,22,PI,220997,SAO JOAO DO ARRAIAL,36,5.83%,52,8.43%,529,85.74%,617
NORDESTE,22,PI,221000,SAO JOAO DO PIAUI,66,5.29%,73,5.85%,1.108,88.85%,1.247
NORDESTE,22,PI,221005,SAO JOSE DO DIVINO,3,0.86%,23,6.61%,322,92.53%,348
NORDESTE,22,PI,221010,SAO JOSE DO PEIXE,8,4.91%,9,5.52%,146,89.57%,163
NORDESTE,22,PI,221020,SAO JOSE DO PIAUI,13,3.49%,21,5.65%,338,90.86%,372
NORDESTE,22,PI,221030,SAO JULIAO,15,5.02%,12,4.01%,272,90.97%,299
NORDESTE,22,PI,221035,SAO LOURENCO DO PIAUI,8,4.57%,7,4%,160,91.43%,175
NORDESTE,22,PI,221037,SAO LUIS DO PIAUI,12,12.63%,7,7.37%,76,80%,95
NORDESTE,22,PI,221038,SAO MIGUEL DA BAIXA GRANDE,23,20.91%,7,6.36%,80,72.73%,110
NORDESTE,22,PI,221039,SAO MIGUEL DO FIDALGO,3,1.81%,8,4.82%,155,93.37%,166
NORDESTE,22,PI,221040,SAO MIGUEL DO TAPUIO,12,1.37%,30,3.42%,836,95.22%,878
NORDESTE,22,PI,221050,SAO PEDRO DO PIAUI,19,1.99%,53,5.56%,881,92.44%,953
NORDESTE,22,PI,221060,SAO RAIMUNDO NONATO,82,3.84%,125,5.85%,1.931,90.32%,2.138
NORDESTE,22,PI,221062,SEBASTIAO BARROS,10,5.62%,18,10.11%,150,84.27%,178
NORDESTE,22,PI,221063,SEBASTIAO LEAL,14,3.84%,28,7.67%,323,88.49%,365
NORDESTE,22,PI,221065,SIGEFREDO PACHECO,18,4.2%,16,3.73%,395,92.07%,429
NORDESTE,22,PI,221070,SIMOES,7,0.79%,27,3.03%,857,96.18%,891
NORDESTE,22,PI,221080,SIMPLICIO MENDES,108,13.38%,66,8.18%,633,78.44%,807
NORDESTE,22,PI,221090,SOCORRO DO PIAUI,7,2.87%,11,4.51%,226,92.62%,244
NORDESTE,22,PI,221093,SUSSUAPARA,25,6.98%,25,6.98%,308,86.03%,358
NORDESTE,22,PI,221095,TAMBORIL DO PIAUI,11,6.75%,13,7.98%,139,85.28%,163
NORDESTE,22,PI,221097,TANQUE DO PIAUI,12,7.95%,14,9.27%,125,82.78%,151
NORDESTE,22,PI,221100,TERESINA,641,2.3%,1.415,5.07%,25.837,92.63%,27.893
NORDESTE,22,PI,221110,UNIAO,94,3.1%,202,6.66%,2.735,90.23%,3.031
NORDESTE,22,PI,221120,URUCUI,113,6.01%,130,6.91%,1.638,87.08%,1.881
NORDESTE,22,PI,221130,VALENCA DO PIAUI,25,2.85%,46,5.25%,806,91.9%,877
NORDESTE,22,PI,221135,VARZEA BRANCA,26,7.22%,31,8.61%,303,84.17%,360
NORDESTE,22,PI,221140,VARZEA GRANDE,12,4.71%,10,3.92%,233,91.37%,255
NORDESTE,22,PI,221150,VERA MENDES,7,3.3%,19,8.96%,186,87.74%,212
NORDESTE,22,PI,221160,VILA NOVA DO PIAUI,5,3.42%,8,5.48%,133,91.1%,146
NORDESTE,22,PI,221170,WALL FERRAZ,10,5.71%,7,4%,158,90.29%,175
NORDESTE,23,CE,230010,ABAIARA,12,2.06%,42,7.22%,528,90.72%,582
NORDESTE,23,CE,230015,ACARAPE,49,5.47%,59,6.58%,788,87.95%,896
NORDESTE,23,CE,230020,ACARAU,145,3.11%,239,5.13%,4.272,91.75%,4.656
NORDESTE,23,CE,230030,ACOPIARA,108,5.01%,152,7.06%,1.894,87.93%,2.154
NORDESTE,23,CE,230040,AIUABA,48,6.19%,56,7.23%,671,86.58%,775
NORDESTE,23,CE,230050,ALCANTARAS,15,2.2%,28,4.11%,638,93.69%,681
NORDESTE,23,CE,230060,ALTANEIRA,20,4.44%,25,5.56%,405,90%,450
NORDESTE,23,CE,230070,ALTO SANTO,43,5.74%,58,7.74%,648,86.52%,749
NORDESTE,23,CE,230075,AMONTADA,102,3.08%,167,5.05%,3.041,91.87%,3.31
NORDESTE,23,CE,230080,ANTONINA DO NORTE,11,2.52%,18,4.12%,408,93.36%,437
NORDESTE,23,CE,230090,APUIARES,32,4.37%,49,6.69%,651,88.93%,732
NORDESTE,23,CE,230100,AQUIRAZ,211,4.3%,318,6.48%,4.381,89.23%,4.91
NORDESTE,23,CE,230110,ARACATI,173,5.65%,195,6.37%,2.692,87.97%,3.06
NORDESTE,23,CE,230120,ARACOIABA,67,4.81%,79,5.67%,1.247,89.52%,1.393
NORDESTE,23,CE,230125,ARARENDA,38,5.46%,29,4.17%,629,90.37%,696
NORDESTE,23,CE,230130,ARARIPE,79,5.6%,97,6.88%,1.234,87.52%,1.41
NORDESTE,23,CE,230140,ARATUBA,19,3.11%,52,8.51%,540,88.38%,611
NORDESTE,23,CE,230150,ARNEIROZ,4,1.15%,16,4.61%,327,94.24%,347
NORDESTE,23,CE,230160,ASSARE,71,5.2%,68,4.98%,1.227,89.82%,1.366
NORDESTE,23,CE,230170,AURORA,84,8.31%,114,11.28%,813,80.42%,1.011
NORDESTE,23,CE,230180,BAIXIO,40,14.76%,23,8.49%,208,76.75%,271
NORDESTE,23,CE,230185,BANABUIU,85,8.2%,72,6.95%,879,84.85%,1.036
NORDESTE,23,CE,230190,BARBALHA,165,4.45%,229,6.17%,3.315,89.38%,3.709
NORDESTE,23,CE,230195,BARREIRA,75,5.8%,84,6.5%,1.134,87.7%,1.293
NORDESTE,23,CE,230200,BARRO,27,3.11%,58,6.69%,782,90.2%,867
NORDESTE,23,CE,230205,BARROQUINHA,35,3.11%,72,6.4%,1.018,90.49%,1.125
NORDESTE,23,CE,230210,BATURITE,167,9.47%,137,7.77%,1.459,82.76%,1.763
NORDESTE,23,CE,230220,BEBERIBE,103,3.77%,122,4.46%,2.509,91.77%,2.734
NORDESTE,23,CE,230230,BELA CRUZ,48,2.43%,71,3.59%,1.858,93.98%,1.977
NORDESTE,23,CE,230240,BOA VIAGEM,143,5.32%,156,5.8%,2.391,88.88%,2.69
NORDESTE,23,CE,230250,BREJO SANTO,116,3.64%,183,5.73%,2.892,90.63%,3.191
NORDESTE,23,CE,230260,CAMOCIM,159,4.36%,253,6.94%,3.234,88.7%,3.646
NORDESTE,23,CE,230270,CAMPOS SALES,48,3.65%,93,7.07%,1.174,89.28%,1.315
NORDESTE,23,CE,230280,CANINDE,251,6.2%,274,6.77%,3.521,87.02%,4.046
NORDESTE,23,CE,230290,CAPISTRANO,52,6.1%,66,7.75%,734,86.15%,852
NORDESTE,23,CE,230300,CARIDADE,77,6.59%,77,6.59%,1.014,86.82%,1.168
NORDESTE,23,CE,230310,CARIRE,56,5.93%,57,6.03%,832,88.04%,945
NORDESTE,23,CE,230320,CARIRIACU,43,2.39%,81,4.51%,1.672,93.1%,1.796
NORDESTE,23,CE,230330,CARIUS,29,3.56%,47,5.77%,739,90.67%,815
NORDESTE,23,CE,230340,CARNAUBAL,32,2.86%,53,4.74%,1.033,92.4%,1.118
NORDESTE,23,CE,230350,CASCAVEL,138,3.71%,218,5.86%,3.363,90.43%,3.719
NORDESTE,23,CE,230360,CATARINA,38,5.56%,46,6.73%,600,87.72%,684
NORDESTE,23,CE,230365,CATUNDA,24,4.45%,46,8.53%,469,87.01%,539
NORDESTE,23,CE,230370,CAUCAIA,578,4.04%,840,5.87%,12.895,90.09%,14.313
NORDESTE,23,CE,230380,CEDRO,13,1.35%,44,4.57%,905,94.07%,962
NORDESTE,23,CE,230390,CHAVAL,30,3.7%,44,5.43%,736,90.86%,810
NORDESTE,23,CE,230393,CHORO,26,3.89%,54,8.08%,588,88.02%,668
NORDESTE,23,CE,230395,CHOROZINHO,88,7.67%,91,7.93%,968,84.39%,1.147
NORDESTE,23,CE,230400,COREAU,77,5.39%,100,7%,1.252,87.61%,1.429
NORDESTE,23,CE,230410,CRATEUS,389,12.21%,218,6.84%,2.578,80.94%,3.185
NORDESTE,23,CE,230420,CRATO,236,3.79%,398,6.39%,5.599,89.83%,6.233
NORDESTE,23,CE,230423,CROATA,25,2.29%,36,3.3%,1.031,94.41%,1.092
NORDESTE,23,CE,230425,CRUZ,42,1.63%,92,3.58%,2.439,94.79%,2.573
NORDESTE,23,CE,230426,DEPUTADO IRAPUAN PINHEIRO,8,1.81%,19,4.31%,414,93.88%,441
NORDESTE,23,CE,230427,ERERE,14,4.78%,16,5.46%,263,89.76%,293
NORDESTE,23,CE,230428,EUSEBIO,179,4.89%,271,7.4%,3.21,87.7%,3.66
NORDESTE,23,CE,230430,FARIAS BRITO,29,2.89%,48,4.79%,925,92.32%,1.002
NORDESTE,23,CE,230435,FORQUILHA,80,6.63%,95,7.87%,1.032,85.5%,1.207
NORDESTE,23,CE,230440,FORTALEZA,2.904,3.55%,5.076,6.2%,73.904,90.25%,81.884
NORDESTE,23,CE,230445,FORTIM,56,5.21%,73,6.79%,946,88%,1.075
NORDESTE,23,CE,230450,FRECHEIRINHA,56,5.59%,78,7.79%,867,86.61%,1.001
NORDESTE,23,CE,230460,GENERAL SAMPAIO,22,5.18%,25,5.88%,378,88.94%,425
NORDESTE,23,CE,230465,GRACA,31,4.01%,31,4.01%,712,91.99%,774
NORDESTE,23,CE,230470,GRANJA,158,4.51%,251,7.17%,3.093,88.32%,3.502
NORDESTE,23,CE,230480,GRANJEIRO,20,7.19%,21,7.55%,237,85.25%,278
NORDESTE,23,CE,230490,GROAIRAS,13,2.74%,31,6.53%,431,90.74%,475
NORDESTE,23,CE,230495,GUAIUBA,48,4.05%,66,5.57%,1.07,90.37%,1.184
NORDESTE,23,CE,230500,GUARACIABA DO NORTE,142,5.08%,242,8.65%,2.414,86.28%,2.798
NORDESTE,23,CE,230510,GUARAMIRANGA,6,1.72%,20,5.75%,322,92.53%,348
NORDESTE,23,CE,230520,HIDROLANDIA,43,4.48%,59,6.15%,857,89.36%,959
NORDESTE,23,CE,230523,HORIZONTE,145,3.32%,238,5.45%,3.981,91.22%,4.364
NORDESTE,23,CE,230526,IBARETAMA,75,9.31%,73,9.06%,658,81.64%,806
NORDESTE,23,CE,230530,IBIAPINA,74,4.38%,75,4.44%,1.542,91.19%,1.691
NORDESTE,23,CE,230533,IBICUITINGA,41,6.55%,51,8.15%,534,85.3%,626
NORDESTE,23,CE,230535,ICAPUI,33,3.38%,69,7.06%,875,89.56%,977
NORDESTE,23,CE,230540,ICO,150,4.6%,198,6.07%,2.914,89.33%,3.262
NORDESTE,23,CE,230550,IGUATU,217,4.72%,302,6.57%,4.081,88.72%,4.6
NORDESTE,23,CE,230560,INDEPENDENCIA,48,3.76%,75,5.88%,1.152,90.35%,1.275
NORDESTE,23,CE,230565,IPAPORANGA,17,2.53%,37,5.51%,618,91.96%,672
NORDESTE,23,CE,230570,IPAUMIRIM,28,4.53%,67,10.84%,523,84.63%,618
NORDESTE,23,CE,230580,IPU,187,7.19%,281,10.81%,2.132,82%,2.6
NORDESTE,23,CE,230590,IPUEIRAS,90,4.14%,137,6.3%,1.947,89.56%,2.174
NORDESTE,23,CE,230600,IRACEMA,20,3.13%,33,5.17%,585,91.69%,638
NORDESTE,23,CE,230610,IRAUCUBA,90,4.79%,120,6.39%,1.667,88.81%,1.877
NORDESTE,23,CE,230620,ITAICABA,7,1.84%,14,3.67%,360,94.49%,381
NORDESTE,23,CE,230625,ITAITINGA,183,5.88%,217,6.98%,2.711,87.14%,3.111
NORDESTE,23,CE,230630,ITAPAJE,143,5.43%,133,5.05%,2.359,89.53%,2.635
NORDESTE,23,CE,230640,ITAPIPOCA,216,2.43%,405,4.57%,8.25,93%,8.871
NORDESTE,23,CE,230650,ITAPIUNA,47,5.26%,78,8.73%,768,86%,893
NORDESTE,23,CE,230655,ITAREMA,78,2.96%,88,3.34%,2.47,93.7%,2.636
NORDESTE,23,CE,230660,ITATIRA,36,2.89%,67,5.39%,1.141,91.72%,1.244
NORDESTE,23,CE,230670,JAGUARETAMA,96,9.86%,68,6.98%,810,83.16%,974
NORDESTE,23,CE,230680,JAGUARIBARA,26,4.86%,44,8.22%,465,86.92%,535
NORDESTE,23,CE,230690,JAGUARIBE,83,4.84%,102,5.95%,1.529,89.21%,1.714
NORDESTE,23,CE,230700,JAGUARUANA,41,2.42%,82,4.84%,1.57,92.73%,1.693
NORDESTE,23,CE,230710,JARDIM,114,7.14%,144,9.02%,1.339,83.84%,1.597
NORDESTE,23,CE,230720,JATI,28,6.64%,35,8.29%,359,85.07%,422
NORDESTE,23,CE,230725,JIJOCA DE JERICOACOARA,139,6.82%,229,11.24%,1.67,81.94%,2.038
NORDESTE,23,CE,230730,JUAZEIRO DO NORTE,581,5.05%,842,7.32%,10.084,87.63%,11.507
NORDESTE,23,CE,230740,JUCAS,73,5.13%,92,6.47%,1.257,88.4%,1.422
NORDESTE,23,CE,230750,LAVRAS DA MANGABEIRA,80,5.42%,103,6.98%,1.293,87.6%,1.476
NORDESTE,23,CE,230760,LIMOEIRO DO NORTE,83,3.3%,124,4.92%,2.311,91.78%,2.518
NORDESTE,23,CE,230763,MADALENA,60,6.77%,86,9.71%,740,83.52%,886
NORDESTE,23,CE,230765,MARACANAU,534,5.83%,602,6.58%,8.019,87.59%,9.155
NORDESTE,23,CE,230770,MARANGUAPE,146,3.14%,271,5.82%,4.237,91.04%,4.654
NORDESTE,23,CE,230780,MARCO,119,4.65%,158,6.17%,2.282,89.18%,2.559
NORDESTE,23,CE,230790,MARTINOPOLE,57,6.91%,55,6.67%,713,86.42%,825
NORDESTE,23,CE,230800,MASSAPE,143,6.3%,160,7.05%,1.968,86.66%,2.271
NORDESTE,23,CE,230810,MAURITI,224,8.2%,234,8.56%,2.275,83.24%,2.733
NORDESTE,23,CE,230820,MERUOCA,24,2.84%,58,6.87%,762,90.28%,844
NORDESTE,23,CE,230830,MILAGRES,149,9.2%,111,6.85%,1.36,83.95%,1.62
NORDESTE,23,CE,230835,MILHA,36,4.49%,57,7.12%,708,88.39%,801
NORDESTE,23,CE,230837,MIRAIMA,28,3.1%,46,5.1%,828,91.8%,902
NORDESTE,23,CE,230840,MISSAO VELHA,107,4.86%,137,6.22%,1.958,88.92%,2.202
NORDESTE,23,CE,230850,MOMBACA,72,3.4%,99,4.68%,1.944,91.91%,2.115
NORDESTE,23,CE,230860,MONSENHOR TABOSA,24,2.66%,41,4.55%,836,92.79%,901
NORDESTE,23,CE,230870,MORADA NOVA,76,3.22%,128,5.42%,2.159,91.37%,2.363
NORDESTE,23,CE,230880,MORAUJO,34,7.33%,33,7.11%,397,85.56%,464
NORDESTE,23,CE,230890,MORRINHOS,64,4.01%,108,6.77%,1.424,89.22%,1.596
NORDESTE,23,CE,230900,MUCAMBO,43,5.44%,52,6.57%,696,87.99%,791
NORDESTE,23,CE,230910,MULUNGU,27,4.15%,34,5.23%,589,90.62%,650
NORDESTE,23,CE,230920,NOVA OLINDA,43,4.08%,65,6.17%,946,89.75%,1.054
NORDESTE,23,CE,230930,NOVA RUSSAS,54,3.17%,80,4.7%,1.567,92.12%,1.701
NORDESTE,23,CE,230940,NOVO ORIENTE,47,2.97%,77,4.87%,1.458,92.16%,1.582
NORDESTE,23,CE,230945,OCARA,45,4.54%,64,6.46%,882,89%,991
NORDESTE,23,CE,230950,OROS,41,4.19%,47,4.8%,891,91.01%,979
NORDESTE,23,CE,230960,PACAJUS,139,4.69%,164,5.53%,2.661,89.78%,2.964
NORDESTE,23,CE,230970,PACATUBA,150,4.5%,176,5.28%,3.006,90.22%,3.332
NORDESTE,23,CE,230980,PACOTI,21,3.01%,48,6.88%,629,90.11%,698
NORDESTE,23,CE,230990,PACUJA,22,6.63%,18,5.42%,292,87.95%,332
NORDESTE,23,CE,231000,PALHANO,21,4.27%,27,5.49%,444,90.24%,492
NORDESTE,23,CE,231010,PALMACIA,17,4.08%,25,6%,375,89.93%,417
NORDESTE,23,CE,231020,PARACURU,75,3.46%,123,5.68%,1.969,90.86%,2.167
NORDESTE,23,CE,231025,PARAIPABA,91,5.12%,136,7.65%,1.551,87.23%,1.778
NORDESTE,23,CE,231030,PARAMBU,122,7.58%,107,6.65%,1.381,85.78%,1.61
NORDESTE,23,CE,231040,PARAMOTI,32,5.15%,33,5.31%,556,89.53%,621
NORDESTE,23,CE,231050,PEDRA BRANCA,97,4.66%,158,7.59%,1.827,87.75%,2.082
NORDESTE,23,CE,231060,PENAFORTE,103,14.65%,68,9.67%,532,75.68%,703
NORDESTE,23,CE,231070,PENTECOSTE,95,4.93%,103,5.35%,1.729,89.72%,1.927
NORDESTE,23,CE,231080,PEREIRO,30,3.37%,48,5.39%,813,91.25%,891
NORDESTE,23,CE,231085,PINDORETAMA,61,4.64%,94,7.15%,1.16,88.21%,1.315
NORDESTE,23,CE,231090,PIQUET CARNEIRO,9,1.18%,43,5.64%,710,93.18%,762
NORDESTE,23,CE,231095,PIRES FERREIRA,9,1.69%,29,5.44%,495,92.87%,533
NORDESTE,23,CE,231100,PORANGA,29,4.39%,49,7.42%,582,88.18%,660
NORDESTE,23,CE,231110,PORTEIRAS,75,5.72%,80,6.1%,1.157,88.19%,1.312
NORDESTE,23,CE,231120,POTENGI,22,3.48%,42,6.65%,568,89.87%,632
NORDESTE,23,CE,231123,POTIRETAMA,16,4.24%,14,3.71%,347,92.04%,377
NORDESTE,23,CE,231126,QUITERIANOPOLIS,40,3.54%,79,6.98%,1.012,89.48%,1.131
NORDESTE,23,CE,231130,QUIXADA,268,5.63%,295,6.2%,4.193,88.16%,4.756
NORDESTE,23,CE,231135,QUIXELO,45,5.04%,66,7.39%,782,87.57%,893
NORDESTE,23,CE,231140,QUIXERAMOBIM,292,6.6%,304,6.87%,3.83,86.53%,4.426
NORDESTE,23,CE,231150,QUIXERE,18,1.49%,64,5.31%,1.123,93.2%,1.205
NORDESTE,23,CE,231160,REDENCAO,82,5.06%,98,6.04%,1.442,88.9%,1.622
NORDESTE,23,CE,231170,RERIUTABA,36,3.01%,77,6.44%,1.082,90.54%,1.195
NORDESTE,23,CE,231180,RUSSAS,177,5.72%,218,7.05%,2.699,87.23%,3.094
NORDESTE,23,CE,231190,SABOEIRO,21,2.74%,53,6.91%,693,90.35%,767
NORDESTE,23,CE,231195,SALITRE,110,7.23%,110,7.23%,1.301,85.54%,1.521
NORDESTE,23,CE,231200,SANTANA DO ACARAU,117,6.04%,130,6.71%,1.69,87.25%,1.937
NORDESTE,23,CE,231210,SANTANA DO CARIRI,35,3.22%,67,6.16%,986,90.63%,1.088
NORDESTE,23,CE,231220,SANTA QUITERIA,168,8.12%,154,7.45%,1.746,84.43%,2.068
NORDESTE,23,CE,231230,SAO BENEDITO,155,4.73%,206,6.29%,2.914,88.98%,3.275
NORDESTE,23,CE,231240,SAO GONCALO DO AMARANTE,129,3.68%,266,7.59%,3.109,88.73%,3.504
NORDESTE,23,CE,231250,SAO JOAO DO JAGUARIBE,7,3.02%,12,5.17%,213,91.81%,232
NORDESTE,23,CE,231260,SAO LUIS DO CURU,24,4.61%,25,4.8%,472,90.6%,521
NORDESTE,23,CE,231270,SENADOR POMPEU,34,3.18%,65,6.07%,971,90.75%,1.07
NORDESTE,23,CE,231280,SENADOR SA,24,4.8%,54,10.8%,422,84.4%,500
NORDESTE,23,CE,231290,SOBRAL,397,3.38%,641,5.46%,10.695,91.15%,11.733
NORDESTE,23,CE,231300,SOLONOPOLE,37,5.23%,49,6.92%,622,87.85%,708
NORDESTE,23,CE,231310,TABULEIRO DO NORTE,45,3.35%,84,6.26%,1.213,90.39%,1.342
NORDESTE,23,CE,231320,TAMBORIL,92,6.45%,97,6.8%,1.237,86.75%,1.426
NORDESTE,23,CE,231325,TARRAFAS,20,5.1%,27,6.89%,345,88.01%,392
NORDESTE,23,CE,231330,TAUA,141,5.21%,197,7.27%,2.37,87.52%,2.708
NORDESTE,23,CE,231335,TEJUCUOCA,57,4.69%,109,8.97%,1.049,86.34%,1.215
NORDESTE,23,CE,231340,TIANGUA,190,3.65%,291,5.58%,4.73,90.77%,5.211
NORDESTE,23,CE,231350,TRAIRI,155,3.67%,248,5.86%,3.826,90.47%,4.229
NORDESTE,23,CE,231355,TURURU,45,3.73%,84,6.97%,1.077,89.3%,1.206
NORDESTE,23,CE,231360,UBAJARA,120,5.27%,142,6.24%,2.013,88.48%,2.275
NORDESTE,23,CE,231370,UMARI,10,3.24%,13,4.21%,286,92.56%,309
NORDESTE,23,CE,231375,UMIRIM,78,7.51%,86,8.29%,874,84.2%,1.038
NORDESTE,23,CE,231380,URUBURETAMA,68,4.58%,82,5.52%,1.335,89.9%,1.485
NORDESTE,23,CE,231390,URUOCA,40,5.38%,46,6.19%,657,88.43%,743
NORDESTE,23,CE,231395,VARJOTA,38,3.33%,73,6.4%,1.029,90.26%,1.14
NORDESTE,23,CE,231400,VARZEA ALEGRE,88,4.62%,132,6.93%,1.685,88.45%,1.905
NORDESTE,23,CE,231410,VICOSA DO CEARA,150,3.51%,258,6.04%,3.865,90.45%,4.273
NORDESTE,24,RN,240010,ACARI,17,3.41%,22,4.41%,460,92.18%,499
NORDESTE,24,RN,240020,ASSU,115,4.56%,147,5.83%,2.261,89.62%,2.523
NORDESTE,24,RN,240030,AFONSO BEZERRA,25,5.27%,41,8.65%,408,86.08%,474
NORDESTE,24,RN,240040,AGUA NOVA,10,6.8%,8,5.44%,129,87.76%,147
NORDESTE,24,RN,240050,ALEXANDRIA,38,8.39%,38,8.39%,377,83.22%,453
NORDESTE,24,RN,240060,ALMINO AFONSO,9,4.23%,12,5.63%,192,90.14%,213
NORDESTE,24,RN,240070,ALTO DO RODRIGUES,45,6.2%,41,5.65%,640,88.15%,726
NORDESTE,24,RN,240080,ANGICOS,52,9.56%,54,9.93%,438,80.51%,544
NORDESTE,24,RN,240090,ANTONIO MARTINS,11,4.7%,12,5.13%,211,90.17%,234
NORDESTE,24,RN,240100,APODI,83,5.88%,136,9.64%,1.192,84.48%,1.411
NORDESTE,24,RN,240110,AREIA BRANCA,49,6.44%,74,9.72%,638,83.84%,761
NORDESTE,24,RN,240120,AREZ,50,6.49%,50,6.49%,670,87.01%,770
NORDESTE,24,RN,240130,CAMPO GRANDE,23,5.82%,24,6.08%,348,88.1%,395
NORDESTE,24,RN,240140,BAIA FORMOSA,18,4.3%,48,11.46%,353,84.25%,419
NORDESTE,24,RN,240145,BARAUNA,107,7.22%,112,7.56%,1.263,85.22%,1.482
NORDESTE,24,RN,240150,BARCELONA,16,7.73%,5,2.42%,186,89.86%,207
NORDESTE,24,RN,240160,BENTO FERNANDES,10,4.17%,15,6.25%,215,89.58%,240
NORDESTE,24,RN,240165,BODO,3,1.8%,9,5.39%,155,92.81%,167
NORDESTE,24,RN,240170,BOM JESUS,20,3.9%,18,3.51%,475,92.59%,513
NORDESTE,24,RN,240180,BREJINHO,18,2.39%,43,5.72%,691,91.89%,752
NORDESTE,24,RN,240185,CAICARA DO NORTE,13,3.63%,22,6.15%,323,90.22%,358
NORDESTE,24,RN,240190,CAICARA DO RIO DO VENTO,22,9.78%,14,6.22%,189,84%,225
NORDESTE,24,RN,240200,CAICO,67,2.93%,124,5.43%,2.093,91.64%,2.284
NORDESTE,24,RN,240210,CAMPO REDONDO,12,2.47%,19,3.91%,455,93.62%,486
NORDESTE,24,RN,240220,CANGUARETAMA,81,4.49%,134,7.43%,1.588,88.08%,1.803
NORDESTE,24,RN,240230,CARAUBAS,27,3.23%,55,6.57%,755,90.2%,837
NORDESTE,24,RN,240240,CARNAUBA DOS DANTAS,10,2.54%,16,4.07%,367,93.38%,393
NORDESTE,24,RN,240250,CARNAUBAIS,20,4.68%,23,5.39%,384,89.93%,427
NORDESTE,24,RN,240260,CEARA-MIRIM,214,6.79%,225,7.14%,2.712,86.07%,3.151
NORDESTE,24,RN,240270,CERRO CORA,27,4.87%,26,4.69%,501,90.43%,554
NORDESTE,24,RN,240280,CORONEL EZEQUIEL,4,1.4%,18,6.29%,264,92.31%,286
NORDESTE,24,RN,240290,CORONEL JOAO PESSOA,8,3.52%,14,6.17%,205,90.31%,227
NORDESTE,24,RN,240300,CRUZETA,9,2.88%,16,5.13%,287,91.99%,312
NORDESTE,24,RN,240310,CURRAIS NOVOS,61,3.94%,85,5.49%,1.401,90.56%,1.547
NORDESTE,24,RN,240320,DOUTOR SEVERIANO,9,2.7%,14,4.2%,310,93.09%,333
NORDESTE,24,RN,240325,PARNAMIRIM,155,2.91%,296,5.55%,4.881,91.54%,5.332
NORDESTE,24,RN,240330,ENCANTO,27,9.03%,16,5.35%,256,85.62%,299
NORDESTE,24,RN,240340,EQUADOR,10,3.03%,11,3.33%,309,93.64%,330
NORDESTE,24,RN,240350,ESPIRITO SANTO,20,3.8%,56,10.65%,450,85.55%,526
NORDESTE,24,RN,240360,EXTREMOZ,149,5.98%,199,7.99%,2.143,86.03%,2.491
NORDESTE,24,RN,240370,FELIPE GUERRA,4,1.47%,19,6.96%,250,91.58%,273
NORDESTE,24,RN,240375,FERNANDO PEDROZA,2,1.33%,10,6.67%,138,92%,150
NORDESTE,24,RN,240380,FLORANIA,12,2.96%,19,4.69%,374,92.35%,405
NORDESTE,24,RN,240390,FRANCISCO DANTAS,10,6.54%,18,11.76%,125,81.7%,153
NORDESTE,24,RN,240400,FRUTUOSO GOMES,53,25.73%,6,2.91%,147,71.36%,206
NORDESTE,24,RN,240410,GALINHOS,3,1.83%,7,4.27%,154,93.9%,164
NORDESTE,24,RN,240420,GOIANINHA,102,5.35%,135,7.09%,1.668,87.56%,1.905
NORDESTE,24,RN,240430,GOVERNADOR DIX-SEPT ROSADO,30,7.83%,41,10.7%,312,81.46%,383
NORDESTE,24,RN,240440,GROSSOS,19,4.77%,24,6.03%,355,89.2%,398
NORDESTE,24,RN,240450,GUAMARE,23,2.22%,65,6.26%,950,91.52%,1.038
NORDESTE,24,RN,240460,IELMO MARINHO,34,4.47%,52,6.84%,674,88.68%,760
NORDESTE,24,RN,240470,IPANGUACU,38,6.8%,54,9.66%,467,83.54%,559
NORDESTE,24,RN,240480,IPUEIRA,2,2.06%,7,7.22%,88,90.72%,97
NORDESTE,24,RN,240485,ITAJA,15,5.36%,17,6.07%,248,88.57%,280
NORDESTE,24,RN,240490,ITAU,13,4.68%,17,6.12%,248,89.21%,278
NORDESTE,24,RN,240500,JACANA,6,1.35%,21,4.74%,416,93.91%,443
NORDESTE,24,RN,240510,JANDAIRA,28,6.29%,29,6.52%,388,87.19%,445
NORDESTE,24,RN,240520,JANDUIS,10,3.75%,14,5.24%,243,91.01%,267
NORDESTE,24,RN,240530,JANUARIO CICCO,29,5.41%,26,4.85%,481,89.74%,536
NORDESTE,24,RN,240540,JAPI,7,1.88%,17,4.56%,349,93.57%,373
NORDESTE,24,RN,240550,JARDIM DE ANGICOS,6,4.14%,5,3.45%,134,92.41%,145
NORDESTE,24,RN,240560,JARDIM DE PIRANHAS,15,2.04%,30,4.08%,690,93.88%,735
NORDESTE,24,RN,240570,JARDIM DO SERIDO,11,2.66%,20,4.84%,382,92.49%,413
NORDESTE,24,RN,240580,JOAO CAMARA,101,5.15%,124,6.32%,1.738,88.54%,1.963
NORDESTE,24,RN,240590,JOAO DIAS,1,1.14%,3,3.41%,84,95.45%,88
NORDESTE,24,RN,240600,JOSE DA PENHA,10,3.41%,10,3.41%,273,93.17%,293
NORDESTE,24,RN,240610,JUCURUTU,21,2.61%,32,3.97%,753,93.42%,806
NORDESTE,24,RN,240615,JUNDIA,7,3.04%,22,9.57%,201,87.39%,230
NORDESTE,24,RN,240620,LAGOA D'ANTA,14,3.7%,25,6.61%,339,89.68%,378
NORDESTE,24,RN,240630,LAGOA DE PEDRAS,20,4.2%,21,4.41%,435,91.39%,476
NORDESTE,24,RN,240640,LAGOA DE VELHOS,14,7.65%,12,6.56%,157,85.79%,183
NORDESTE,24,RN,240650,LAGOA NOVA,36,4.38%,58,7.06%,727,88.55%,821
NORDESTE,24,RN,240660,LAGOA SALGADA,28,5.65%,29,5.85%,439,88.51%,496
NORDESTE,24,RN,240670,LAJES,27,6.94%,26,6.68%,336,86.38%,389
NORDESTE,24,RN,240680,LAJES PINTADAS,3,1.16%,18,6.98%,237,91.86%,258
NORDESTE,24,RN,240690,LUCRECIA,2,1.11%,8,4.44%,170,94.44%,180
NORDESTE,24,RN,240700,LUIS GOMES,5,1.32%,25,6.61%,348,92.06%,378
NORDESTE,24,RN,240710,MACAIBA,118,4.02%,192,6.54%,2.624,89.43%,2.934
NORDESTE,24,RN,240720,MACAU,43,4.23%,79,7.78%,894,87.99%,1.016
NORDESTE,24,RN,240725,MAJOR SALES,9,4.5%,13,6.5%,178,89%,200
NORDESTE,24,RN,240730,MARCELINO VIEIRA,21,6.58%,11,3.45%,287,89.97%,319
NORDESTE,24,RN,240740,MARTINS,6,1.59%,13,3.44%,359,94.97%,378
NORDESTE,24,RN,240750,MAXARANGUAPE,30,5.03%,43,7.21%,523,87.75%,596
NORDESTE,24,RN,240760,MESSIAS TARGINO,3,1.94%,10,6.45%,142,91.61%,155
NORDESTE,24,RN,240770,MONTANHAS,22,3.12%,52,7.38%,631,89.5%,705
NORDESTE,24,RN,240780,MONTE ALEGRE,60,5.16%,84,7.23%,1.018,87.61%,1.162
NORDESTE,24,RN,240790,MONTE DAS GAMELEIRAS,3,1.83%,9,5.49%,152,92.68%,164
NORDESTE,24,RN,240800,MOSSORO,315,3.97%,535,6.74%,7.093,89.3%,7.943
NORDESTE,24,RN,240810,NATAL,542,3.08%,985,5.6%,16.059,91.32%,17.586
NORDESTE,24,RN,240820,NISIA FLORESTA,51,2.93%,99,5.69%,1.59,91.38%,1.74
NORDESTE,24,RN,240830,NOVA CRUZ,71,4.49%,118,7.47%,1.391,88.04%,1.58
NORDESTE,24,RN,240840,OLHO-D'AGUA DO BORGES,10,6.85%,8,5.48%,128,87.67%,146
NORDESTE,24,RN,240850,OURO BRANCO,5,2.37%,9,4.27%,197,93.36%,211
NORDESTE,24,RN,240860,PARANA,14,8.38%,9,5.39%,144,86.23%,167
NORDESTE,24,RN,240870,PARAU,2,1.19%,7,4.17%,159,94.64%,168
NORDESTE,24,RN,240880,PARAZINHO,26,6.72%,29,7.49%,332,85.79%,387
NORDESTE,24,RN,240890,PARELHAS,38,3.84%,42,4.24%,910,91.92%,990
NORDESTE,24,RN,240895,RIO DO FOGO,44,5.12%,81,9.42%,735,85.47%,860
NORDESTE,24,RN,240910,PASSA E FICA,26,3.69%,39,5.54%,639,90.77%,704
NORDESTE,24,RN,240920,PASSAGEM,11,6.25%,13,7.39%,152,86.36%,176
NORDESTE,24,RN,240930,PATU,27,5.87%,35,7.61%,398,86.52%,460
NORDESTE,24,RN,240933,SANTA MARIA,14,4.58%,28,9.15%,264,86.27%,306
NORDESTE,24,RN,240940,PAU DOS FERROS,36,3.31%,62,5.7%,989,90.98%,1.087
NORDESTE,24,RN,240950,PEDRA GRANDE,27,10.98%,31,12.6%,188,76.42%,246
NORDESTE,24,RN,240960,PEDRA PRETA,4,3.39%,7,5.93%,107,90.68%,118
NORDESTE,24,RN,240970,PEDRO AVELINO,4,1.27%,20,6.35%,291,92.38%,315
NORDESTE,24,RN,240980,PEDRO VELHO,37,5.23%,70,9.89%,601,84.89%,708
NORDESTE,24,RN,240990,PENDENCIAS,17,3.39%,14,2.79%,471,93.82%,502
NORDESTE,24,RN,241000,PILOES,4,2.7%,7,4.73%,137,92.57%,148
NORDESTE,24,RN,241010,POCO BRANCO,28,4.38%,38,5.95%,573,89.67%,639
NORDESTE,24,RN,241020,PORTALEGRE,10,2.81%,16,4.49%,330,92.7%,356
NORDESTE,24,RN,241025,PORTO DO MANGUE,15,4.85%,23,7.44%,271,87.7%,309
NORDESTE,24,RN,241030,SERRA CAIADA,21,3.34%,33,5.25%,575,91.41%,629
NORDESTE,24,RN,241040,PUREZA,22,4.27%,41,7.96%,452,87.77%,515
NORDESTE,24,RN,241050,RAFAEL FERNANDES,12,4.63%,13,5.02%,234,90.35%,259
NORDESTE,24,RN,241060,RAFAEL GODEIRO,1,0.83%,10,8.26%,110,90.91%,121
NORDESTE,24,RN,241070,RIACHO DA CRUZ,3,2.42%,4,3.23%,117,94.35%,124
NORDESTE,24,RN,241080,RIACHO DE SANTANA,7,3.54%,16,8.08%,175,88.38%,198
NORDESTE,24,RN,241090,RIACHUELO,7,1.74%,16,3.98%,379,94.28%,402
NORDESTE,24,RN,241100,RODOLFO FERNANDES,5,2.06%,14,5.76%,224,92.18%,243
NORDESTE,24,RN,241105,TIBAU,8,2.92%,19,6.93%,247,90.15%,274
NORDESTE,24,RN,241110,RUY BARBOSA,2,1.5%,2,1.5%,129,96.99%,133
NORDESTE,24,RN,241120,SANTA CRUZ,40,2.41%,96,5.78%,1.526,91.82%,1.662
NORDESTE,24,RN,241140,SANTANA DO MATOS,13,2.78%,20,4.28%,434,92.93%,467
NORDESTE,24,RN,241142,SANTANA DO SERIDO,0,-,5,4.1%,117,95.9%,122
NORDESTE,24,RN,241150,SANTO ANTONIO,39,3.57%,80,7.33%,972,89.09%,1.091
NORDESTE,24,RN,241160,SAO BENTO DO NORTE,9,4.02%,20,8.93%,195,87.05%,224
NORDESTE,24,RN,241170,SAO BENTO DO TRAIRI,3,1.2%,8,3.21%,238,95.58%,249
NORDESTE,24,RN,241180,SAO FERNANDO,4,2.63%,9,5.92%,139,91.45%,152
NORDESTE,24,RN,241190,SAO FRANCISCO DO OESTE,2,1.02%,3,1.52%,192,97.46%,197
NORDESTE,24,RN,241200,SAO GONCALO DO AMARANTE,246,4.85%,350,6.9%,4.476,88.25%,5.072
NORDESTE,24,RN,241210,SAO JOAO DO SABUGI,9,3.56%,13,5.14%,231,91.3%,253
NORDESTE,24,RN,241220,SAO JOSE DE MIPIBU,211,7.58%,175,6.28%,2.399,86.14%,2.785
NORDESTE,24,RN,241230,SAO JOSE DO CAMPESTRE,22,4.14%,24,4.51%,486,91.35%,532
NORDESTE,24,RN,241240,SAO JOSE DO SERIDO,20,11.43%,21,12%,134,76.57%,175
NORDESTE,24,RN,241250,SAO MIGUEL,77,7.16%,88,8.18%,911,84.67%,1.076
NORDESTE,24,RN,241255,SAO MIGUEL DO GOSTOSO,23,3.37%,56,8.21%,603,88.42%,682
NORDESTE,24,RN,241260,SAO PAULO DO POTENGI,33,3.82%,45,5.2%,787,90.98%,865
NORDESTE,24,RN,241270,SAO PEDRO,25,14.04%,16,8.99%,137,76.97%,178
NORDESTE,24,RN,241280,SAO RAFAEL,9,2.66%,14,4.14%,315,93.2%,338
NORDESTE,24,RN,241290,SAO TOME,22,4.6%,32,6.69%,424,88.7%,478
NORDESTE,24,RN,241300,SAO VICENTE,13,4.56%,20,7.02%,252,88.42%,285
NORDESTE,24,RN,241310,SENADOR ELOI DE SOUZA,16,4.69%,17,4.99%,308,90.32%,341
NORDESTE,24,RN,241320,SENADOR GEORGINO AVELINO,9,3.9%,11,4.76%,211,91.34%,231
NORDESTE,24,RN,241330,SERRA DE SAO BENTO,14,4.22%,26,7.83%,292,87.95%,332
NORDESTE,24,RN,241335,SERRA DO MEL,48,5.45%,68,7.72%,765,86.83%,881
NORDESTE,24,RN,241340,SERRA NEGRA DO NORTE,7,2.7%,13,5.02%,239,92.28%,259
NORDESTE,24,RN,241350,SERRINHA,9,2.86%,20,6.35%,286,90.79%,315
NORDESTE,24,RN,241355,SERRINHA DOS PINTOS,8,4%,9,4.5%,183,91.5%,200
NORDESTE,24,RN,241360,SEVERIANO MELO,5,1.86%,10,3.72%,254,94.42%,269
NORDESTE,24,RN,241370,SITIO NOVO,5,2.06%,20,8.23%,218,89.71%,243
NORDESTE,24,RN,241380,TABOLEIRO GRANDE,4,3.96%,13,12.87%,84,83.17%,101
NORDESTE,24,RN,241390,TAIPU,48,7.61%,41,6.5%,542,85.9%,631
NORDESTE,24,RN,241400,TANGARA,44,5.97%,51,6.92%,642,87.11%,737
NORDESTE,24,RN,241410,TENENTE ANANIAS,15,3.15%,20,4.2%,441,92.65%,476
NORDESTE,24,RN,241415,TENENTE LAURENTINO CRUZ,15,3.92%,14,3.66%,354,92.43%,383
NORDESTE,24,RN,241420,TIBAU DO SUL,67,6.81%,76,7.72%,841,85.47%,984
NORDESTE,24,RN,241430,TIMBAUBA DOS BATISTAS,3,4.35%,4,5.8%,62,89.86%,69
NORDESTE,24,RN,241440,TOUROS,92,4.19%,131,5.97%,1.971,89.84%,2.194
NORDESTE,24,RN,241445,TRIUNFO POTIGUAR,3,1.18%,11,4.33%,240,94.49%,254
NORDESTE,24,RN,241450,UMARIZAL,21,6.25%,26,7.74%,289,86.01%,336
NORDESTE,24,RN,241460,UPANEMA,19,4.13%,26,5.65%,415,90.22%,460
NORDESTE,24,RN,241470,VARZEA,19,7.39%,17,6.61%,221,85.99%,257
NORDESTE,24,RN,241475,VENHA-VER,20,11.49%,19,10.92%,135,77.59%,174
NORDESTE,24,RN,241480,VERA CRUZ,26,3.9%,34,5.11%,606,90.99%,666
NORDESTE,24,RN,241490,VICOSA,9,9.47%,10,10.53%,76,80%,95
NORDESTE,24,RN,241500,VILA FLOR,5,2.19%,12,5.26%,211,92.54%,228
NORDESTE,25,PB,250010,AGUA BRANCA,7,1.11%,15,2.37%,610,96.52%,632
NORDESTE,25,PB,250020,AGUIAR,13,5%,10,3.85%,237,91.15%,260
NORDESTE,25,PB,250030,ALAGOA GRANDE,82,4.79%,115,6.72%,1.515,88.49%,1.712
NORDESTE,25,PB,250040,ALAGOA NOVA,50,4.03%,83,6.68%,1.109,89.29%,1.242
NORDESTE,25,PB,250050,ALAGOINHA,56,5.79%,86,8.88%,826,85.33%,968
NORDESTE,25,PB,250053,ALCANTIL,26,7.01%,17,4.58%,328,88.41%,371
NORDESTE,25,PB,250057,ALGODAO DE JANDAIRA,5,2.37%,10,4.74%,196,92.89%,211
NORDESTE,25,PB,250060,ALHANDRA,101,7.4%,91,6.67%,1.173,85.93%,1.365
NORDESTE,25,PB,250070,SAO JOAO DO RIO DO PEIXE,20,2.47%,40,4.94%,750,92.59%,810
NORDESTE,25,PB,250073,AMPARO,8,6.84%,8,6.84%,101,86.32%,117
NORDESTE,25,PB,250077,APARECIDA,17,3.56%,30,6.28%,431,90.17%,478
NORDESTE,25,PB,250080,ARACAGI,50,5.73%,73,8.37%,749,85.89%,872
NORDESTE,25,PB,250090,ARARA,27,5.4%,46,9.2%,427,85.4%,500
NORDESTE,25,PB,250100,ARARUNA,42,4.02%,50,4.78%,953,91.2%,1.045
NORDESTE,25,PB,250110,AREIA,45,4.82%,59,6.32%,830,88.87%,934
NORDESTE,25,PB,250115,AREIA DE BARAUNAS,1,0.8%,4,3.2%,120,96%,125
NORDESTE,25,PB,250120,AREIAL,27,5.59%,24,4.97%,432,89.44%,483
NORDESTE,25,PB,250130,AROEIRAS,39,3.24%,71,5.9%,1.093,90.86%,1.203
NORDESTE,25,PB,250135,ASSUNCAO,5,1.79%,14,5.02%,260,93.19%,279
NORDESTE,25,PB,250140,BAIA DA TRAICAO,20,2.79%,47,6.56%,650,90.66%,717
NORDESTE,25,PB,250150,BANANEIRAS,54,5.05%,66,6.17%,949,88.77%,1.069
NORDESTE,25,PB,250153,BARAUNA,9,3.1%,17,5.86%,264,91.03%,290
NORDESTE,25,PB,250157,BARRA DE SANTANA,19,4.57%,14,3.37%,383,92.07%,416
NORDESTE,25,PB,250160,BARRA DE SANTA ROSA,20,2.99%,45,6.73%,604,90.28%,669
NORDESTE,25,PB,250170,BARRA DE SAO MIGUEL,15,3.67%,20,4.89%,374,91.44%,409
NORDESTE,25,PB,250180,BAYEUX,244,7.6%,221,6.88%,2.746,85.52%,3.211
NORDESTE,25,PB,250190,BELEM,37,4.18%,49,5.54%,799,90.28%,885
NORDESTE,25,PB,250200,BELEM DO BREJO DO CRUZ,25,8.01%,25,8.01%,262,83.97%,312
NORDESTE,25,PB,250205,BERNARDINO BATISTA,10,3.89%,11,4.28%,236,91.83%,257
NORDESTE,25,PB,250210,BOA VENTURA,8,2.57%,19,6.11%,284,91.32%,311
NORDESTE,25,PB,250215,BOA VISTA,8,2.56%,15,4.81%,289,92.63%,312
NORDESTE,25,PB,250220,BOM JESUS,5,2.99%,7,4.19%,155,92.81%,167
NORDESTE,25,PB,250230,BOM SUCESSO,5,3.25%,6,3.9%,143,92.86%,154
NORDESTE,25,PB,250240,BONITO DE SANTA FE,37,6.04%,60,9.79%,516,84.18%,613
NORDESTE,25,PB,250250,BOQUEIRAO,58,5.78%,55,5.48%,890,88.73%,1.003
NORDESTE,25,PB,250260,IGARACY,9,2.91%,6,1.94%,294,95.15%,309
NORDESTE,25,PB,250270,BORBOREMA,22,7.41%,14,4.71%,261,87.88%,297
NORDESTE,25,PB,250280,BREJO DO CRUZ,22,2.58%,32,3.76%,798,93.66%,852
NORDESTE,25,PB,250290,BREJO DOS SANTOS,3,0.94%,11,3.45%,305,95.61%,319
NORDESTE,25,PB,250300,CAAPORA,47,3.94%,68,5.7%,1.078,90.36%,1.193
NORDESTE,25,PB,250310,CABACEIRAS,11,4.4%,16,6.4%,223,89.2%,250
NORDESTE,25,PB,250320,CABEDELO,74,2.6%,167,5.87%,2.606,91.53%,2.847
NORDESTE,25,PB,250330,CACHOEIRA DOS INDIOS,13,2.83%,21,4.58%,425,92.59%,459
NORDESTE,25,PB,250340,CACIMBA DE AREIA,3,1.34%,8,3.57%,213,95.09%,224
NORDESTE,25,PB,250350,CACIMBA DE DENTRO,21,2.25%,62,6.63%,852,91.12%,935
NORDESTE,25,PB,250355,CACIMBAS,19,3.6%,49,9.28%,460,87.12%,528
NORDESTE,25,PB,250360,CAICARA,27,9.15%,16,5.42%,252,85.42%,295
NORDESTE,25,PB,250370,CAJAZEIRAS,75,2.74%,173,6.31%,2.492,90.95%,2.74
NORDESTE,25,PB,250375,CAJAZEIRINHAS,11,5.61%,5,2.55%,180,91.84%,196
NORDESTE,25,PB,250380,CALDAS BRANDAO,13,2.77%,27,5.76%,429,91.47%,469
NORDESTE,25,PB,250390,CAMALAU,23,5.85%,15,3.82%,355,90.33%,393
NORDESTE,25,PB,250400,CAMPINA GRANDE,436,2.82%,1.014,6.55%,14.025,90.63%,15.475
NORDESTE,25,PB,250403,CAPIM,15,2.16%,37,5.32%,644,92.53%,696
NORDESTE,25,PB,250407,CARAUBAS,28,11.52%,19,7.82%,196,80.66%,243
NORDESTE,25,PB,250410,CARRAPATEIRA,5,3.07%,13,7.98%,145,88.96%,163
NORDESTE,25,PB,250415,CASSERENGUE,7,1.71%,36,8.78%,367,89.51%,410
NORDESTE,25,PB,250420,CATINGUEIRA,23,9.47%,13,5.35%,207,85.19%,243
NORDESTE,25,PB,250430,CATOLE DO ROCHA,27,1.75%,78,5.06%,1.437,93.19%,1.542
NORDESTE,25,PB,250435,CATURITE,13,3.44%,23,6.08%,342,90.48%,378
NORDESTE,25,PB,250440,CONCEICAO,43,4.98%,64,7.42%,756,87.6%,863
NORDESTE,25,PB,250450,CONDADO,13,3.65%,15,4.21%,328,92.13%,356
NORDESTE,25,PB,250460,CONDE,73,4.19%,126,7.23%,1.544,88.58%,1.743
NORDESTE,25,PB,250470,CONGO,56,18.06%,30,9.68%,224,72.26%,310
NORDESTE,25,PB,250480,COREMAS,30,3.51%,49,5.73%,776,90.76%,855
NORDESTE,25,PB,250485,COXIXOLA,19,22.35%,10,11.76%,56,65.88%,85
NORDESTE,25,PB,250490,CRUZ DO ESPIRITO SANTO,62,5.41%,67,5.84%,1.018,88.75%,1.147
NORDESTE,25,PB,250500,CUBATI,9,1.94%,19,4.09%,437,93.98%,465
NORDESTE,25,PB,250510,CUITE,27,3.18%,42,4.95%,779,91.86%,848
NORDESTE,25,PB,250520,CUITEGI,21,5%,38,9.05%,361,85.95%,420
NORDESTE,25,PB,250523,CUITE DE MAMANGUAPE,19,5.16%,19,5.16%,330,89.67%,368
NORDESTE,25,PB,250527,CURRAL DE CIMA,22,6.08%,20,5.52%,320,88.4%,362
NORDESTE,25,PB,250530,CURRAL VELHO,8,6.45%,4,3.23%,112,90.32%,124
NORDESTE,25,PB,250535,DAMIAO,21,6.65%,27,8.54%,268,84.81%,316
NORDESTE,25,PB,250540,DESTERRO,43,8.1%,31,5.84%,457,86.06%,531
NORDESTE,25,PB,250550,VISTA SERRANA,1,0.6%,10,6.02%,155,93.37%,166
NORDESTE,25,PB,250560,DIAMANTE,30,7.54%,18,4.52%,350,87.94%,398
NORDESTE,25,PB,250570,DONA INES,15,2.18%,62,9.02%,610,88.79%,687
NORDESTE,25,PB,250580,DUAS ESTRADAS,2,0.9%,18,8.07%,203,91.03%,223
NORDESTE,25,PB,250590,EMAS,12,6.32%,14,7.37%,164,86.32%,190
NORDESTE,25,PB,250600,ESPERANCA,64,3.53%,117,6.45%,1.633,90.02%,1.814
NORDESTE,25,PB,250610,FAGUNDES,16,2.27%,34,4.83%,654,92.9%,704
NORDESTE,25,PB,250620,FREI MARTINHO,4,3.88%,3,2.91%,96,93.2%,103
NORDESTE,25,PB,250625,GADO BRAVO,9,1.75%,30,5.85%,474,92.4%,513
NORDESTE,25,PB,250630,GUARABIRA,74,3.31%,114,5.1%,2.049,91.6%,2.237
NORDESTE,25,PB,250640,GURINHEM,21,2.53%,46,5.54%,763,91.93%,830
NORDESTE,25,PB,250650,GURJAO,1,0.54%,9,4.89%,174,94.57%,184
NORDESTE,25,PB,250660,IBIARA,10,3.18%,16,5.1%,288,91.72%,314
NORDESTE,25,PB,250670,IMACULADA,16,2.81%,27,4.74%,527,92.46%,570
NORDESTE,25,PB,250680,INGA,62,5.64%,74,6.73%,963,87.63%,1.099
NORDESTE,25,PB,250690,ITABAIANA,75,6.44%,73,6.27%,1.017,87.3%,1.165
NORDESTE,25,PB,250700,ITAPORANGA,31,2.65%,64,5.47%,1.075,91.88%,1.17
NORDESTE,25,PB,250710,ITAPOROROCA,62,5.16%,89,7.4%,1.051,87.44%,1.202
NORDESTE,25,PB,250720,ITATUBA,22,2.95%,37,4.95%,688,92.1%,747
NORDESTE,25,PB,250730,JACARAU,26,3.47%,45,6%,679,90.53%,750
NORDESTE,25,PB,250740,JERICO,11,3.23%,9,2.64%,321,94.13%,341
NORDESTE,25,PB,250750,JOAO PESSOA,1.156,6.02%,1.411,7.35%,16.62,86.62%,19.187
NORDESTE,25,PB,250760,JUAREZ TAVORA,57,10.31%,52,9.4%,444,80.29%,553
NORDESTE,25,PB,250770,JUAZEIRINHO,64,5.19%,109,8.85%,1.059,85.96%,1.232
NORDESTE,25,PB,250780,JUNCO DO SERIDO,8,1.87%,15,3.51%,404,94.61%,427
NORDESTE,25,PB,250790,JURIPIRANGA,12,1.96%,44,7.18%,557,90.86%,613
NORDESTE,25,PB,250800,JURU,7,1.43%,25,5.1%,458,93.47%,490
NORDESTE,25,PB,250810,LAGOA,5,2.26%,13,5.88%,203,91.86%,221
NORDESTE,25,PB,250820,LAGOA DE DENTRO,12,2.78%,34,7.87%,386,89.35%,432
NORDESTE,25,PB,250830,LAGOA SECA,44,3.11%,113,7.99%,1.258,88.9%,1.415
NORDESTE,25,PB,250840,LASTRO,4,1.98%,3,1.49%,195,96.53%,202
NORDESTE,25,PB,250850,LIVRAMENTO,12,2.69%,26,5.83%,408,91.48%,446
NORDESTE,25,PB,250855,LOGRADOURO,5,2.6%,10,5.21%,177,92.19%,192
NORDESTE,25,PB,250860,LUCENA,62,6.82%,57,6.27%,790,86.91%,909
NORDESTE,25,PB,250870,MAE D'AGUA,3,1.85%,11,6.79%,148,91.36%,162
NORDESTE,25,PB,250880,MALTA,16,4.32%,24,6.49%,330,89.19%,370
NORDESTE,25,PB,250890,MAMANGUAPE,133,4.86%,180,6.58%,2.424,88.56%,2.737
NORDESTE,25,PB,250900,MANAIRA,9,1.5%,26,4.34%,564,94.16%,599
NORDESTE,25,PB,250905,MARCACAO,29,3.68%,60,7.61%,699,88.71%,788
NORDESTE,25,PB,250910,MARI,41,3.33%,83,6.74%,1.108,89.94%,1.232
NORDESTE,25,PB,250915,MARIZOPOLIS,7,1.8%,18,4.63%,364,93.57%,389
NORDESTE,25,PB,250920,MASSARANDUBA,16,1.99%,29,3.61%,758,94.4%,803
NORDESTE,25,PB,250930,MATARACA,147,19.32%,60,7.88%,554,72.8%,761
NORDESTE,25,PB,250933,MATINHAS,17,6.16%,19,6.88%,240,86.96%,276
NORDESTE,25,PB,250937,MATO GROSSO,0,-,7,4.93%,135,95.07%,142
NORDESTE,25,PB,250939,MATUREIA,16,3.25%,25,5.08%,451,91.67%,492
NORDESTE,25,PB,250940,MOGEIRO,26,2.81%,63,6.82%,835,90.37%,924
NORDESTE,25,PB,250950,MONTADAS,9,2.49%,24,6.65%,328,90.86%,361
NORDESTE,25,PB,250960,MONTE HOREBE,12,4.32%,25,8.99%,241,86.69%,278
NORDESTE,25,PB,250970,MONTEIRO,119,6.16%,123,6.36%,1.691,87.48%,1.933
NORDESTE,25,PB,250980,MULUNGU,24,4.54%,40,7.56%,465,87.9%,529
NORDESTE,25,PB,250990,NATUBA,9,1.96%,20,4.35%,431,93.7%,460
NORDESTE,25,PB,251000,NAZAREZINHO,22,6.41%,22,6.41%,299,87.17%,343
NORDESTE,25,PB,251010,NOVA FLORESTA,20,4.12%,27,5.57%,438,90.31%,485
NORDESTE,25,PB,251020,NOVA OLINDA,12,3.08%,21,5.38%,357,91.54%,390
NORDESTE,25,PB,251030,NOVA PALMEIRA,2,1.07%,13,6.95%,172,91.98%,187
NORDESTE,25,PB,251040,OLHO D'AGUA,14,3.91%,21,5.87%,323,90.22%,358
NORDESTE,25,PB,251050,OLIVEDOS,13,7.1%,9,4.92%,161,87.98%,183
NORDESTE,25,PB,251060,OURO VELHO,5,2.79%,4,2.23%,170,94.97%,179
NORDESTE,25,PB,251065,PARARI,6,7.06%,14,16.47%,65,76.47%,85
NORDESTE,25,PB,251070,PASSAGEM,6,4.38%,7,5.11%,124,90.51%,137
NORDESTE,25,PB,251080,PATOS,135,2.65%,270,5.3%,4.686,92.04%,5.091
NORDESTE,25,PB,251090,PAULISTA,20,3.34%,30,5.01%,549,91.65%,599
NORDESTE,25,PB,251100,PEDRA BRANCA,21,11.41%,12,6.52%,151,82.07%,184
NORDESTE,25,PB,251110,PEDRA LAVRADA,1,0.29%,7,2.06%,331,97.64%,339
NORDESTE,25,PB,251120,PEDRAS DE FOGO,39,2.51%,88,5.67%,1.426,91.82%,1.553
NORDESTE,25,PB,251130,PIANCO,16,2.25%,51,7.16%,645,90.59%,712
NORDESTE,25,PB,251140,PICUI,13,1.12%,54,4.64%,1.098,94.25%,1.165
NORDESTE,25,PB,251150,PILAR,37,4.43%,51,6.11%,747,89.46%,835
NORDESTE,25,PB,251160,PILOES,29,6.22%,31,6.65%,406,87.12%,466
NORDESTE,25,PB,251170,PILOEZINHOS,13,3.34%,36,9.25%,340,87.4%,389
NORDESTE,25,PB,251180,PIRPIRITUBA,27,5.68%,26,5.47%,422,88.84%,475
NORDESTE,25,PB,251190,PITIMBU,47,5.14%,61,6.67%,806,88.18%,914
NORDESTE,25,PB,251200,POCINHOS,54,4.83%,85,7.6%,979,87.57%,1.118
NORDESTE,25,PB,251203,POCO DANTAS,7,3.08%,9,3.96%,211,92.95%,227
NORDESTE,25,PB,251207,POCO DE JOSE DE MOURA,13,6.53%,8,4.02%,178,89.45%,199
NORDESTE,25,PB,251210,POMBAL,42,2.98%,68,4.82%,1.301,92.2%,1.411
NORDESTE,25,PB,251220,PRATA,38,16.52%,17,7.39%,175,76.09%,230
NORDESTE,25,PB,251230,PRINCESA ISABEL,36,3.39%,63,5.93%,964,90.69%,1.063
NORDESTE,25,PB,251240,PUXINANA,29,3.09%,55,5.86%,854,91.04%,938
NORDESTE,25,PB,251250,QUEIMADAS,584,19.62%,288,9.67%,2.105,70.71%,2.977
NORDESTE,25,PB,251260,QUIXABA,3,3.06%,3,3.06%,92,93.88%,98
NORDESTE,25,PB,251270,REMIGIO,60,6.82%,86,9.77%,734,83.41%,880
NORDESTE,25,PB,251272,PEDRO REGIS,11,3.48%,26,8.23%,279,88.29%,316
NORDESTE,25,PB,251274,RIACHAO,4,2.12%,11,5.82%,174,92.06%,189
NORDESTE,25,PB,251275,RIACHAO DO BACAMARTE,12,3.9%,13,4.22%,283,91.88%,308
NORDESTE,25,PB,251276,RIACHAO DO POCO,21,6.62%,16,5.05%,280,88.33%,317
NORDESTE,25,PB,251278,RIACHO DE SANTO ANTONIO,39,25.66%,14,9.21%,99,65.13%,152
NORDESTE,25,PB,251280,RIACHO DOS CAVALOS,9,2.05%,32,7.27%,399,90.68%,440
NORDESTE,25,PB,251290,RIO TINTO,141,7.99%,125,7.09%,1.498,84.92%,1.764
NORDESTE,25,PB,251300,SALGADINHO,1,0.56%,9,5%,170,94.44%,180
NORDESTE,25,PB,251310,SALGADO DE SAO FELIX,29,4.19%,58,8.38%,605,87.43%,692
NORDESTE,25,PB,251315,SANTA CECILIA,14,2.96%,36,7.61%,423,89.43%,473
NORDESTE,25,PB,251320,SANTA CRUZ,4,1.4%,9,3.16%,272,95.44%,285
NORDESTE,25,PB,251330,SANTA HELENA,9,3.21%,15,5.36%,256,91.43%,280
NORDESTE,25,PB,251335,SANTA INES,10,4.31%,19,8.19%,203,87.5%,232
NORDESTE,25,PB,251340,SANTA LUZIA,10,1.15%,34,3.9%,827,94.95%,871
NORDESTE,25,PB,251350,SANTANA DE MANGUEIRA,15,4.9%,17,5.56%,274,89.54%,306
NORDESTE,25,PB,251360,SANTANA DOS GARROTES,10,3.28%,15,4.92%,280,91.8%,305
NORDESTE,25,PB,251365,JOCA CLAUDINO,5,4.46%,8,7.14%,99,88.39%,112
NORDESTE,25,PB,251370,SANTA RITA,325,5.96%,413,7.57%,4.718,86.47%,5.456
NORDESTE,25,PB,251380,SANTA TERESINHA,3,1.42%,8,3.77%,201,94.81%,212
NORDESTE,25,PB,251385,SANTO ANDRE,5,3.82%,5,3.82%,121,92.37%,131
NORDESTE,25,PB,251390,SAO BENTO,38,2.66%,82,5.73%,1.31,91.61%,1.43
NORDESTE,25,PB,251392,SAO BENTINHO,2,0.81%,13,5.26%,232,93.93%,247
NORDESTE,25,PB,251394,SAO DOMINGOS DO CARIRI,2,1.41%,6,4.23%,134,94.37%,142
NORDESTE,25,PB,251396,SAO DOMINGOS,3,2.22%,4,2.96%,128,94.81%,135
NORDESTE,25,PB,251398,SAO FRANCISCO,7,3.74%,7,3.74%,173,92.51%,187
NORDESTE,25,PB,251400,SAO JOAO DO CARIRI,11,4.82%,17,7.46%,200,87.72%,228
NORDESTE,25,PB,251410,SAO JOAO DO TIGRE,33,15.14%,13,5.96%,172,78.9%,218
NORDESTE,25,PB,251420,SAO JOSE DA LAGOA TAPADA,17,4.44%,26,6.79%,340,88.77%,383
NORDESTE,25,PB,251430,SAO JOSE DE CAIANA,20,5.46%,26,7.1%,320,87.43%,366
NORDESTE,25,PB,251440,SAO JOSE DE ESPINHARAS,12,5.06%,15,6.33%,210,88.61%,237
NORDESTE,25,PB,251445,SAO JOSE DOS RAMOS,19,4.82%,25,6.35%,350,88.83%,394
NORDESTE,25,PB,251450,SAO JOSE DE PIRANHAS,39,4.38%,66,7.41%,786,88.22%,891
NORDESTE,25,PB,251455,SAO JOSE DE PRINCESA,6,2.76%,16,7.37%,195,89.86%,217
NORDESTE,25,PB,251460,SAO JOSE DO BONFIM,2,0.93%,4,1.85%,210,97.22%,216
NORDESTE,25,PB,251465,SAO JOSE DO BREJO DO CRUZ,1,1.09%,5,5.43%,86,93.48%,92
NORDESTE,25,PB,251470,SAO JOSE DO SABUGI,12,5.31%,9,3.98%,205,90.71%,226
NORDESTE,25,PB,251480,SAO JOSE DOS CORDEIROS,22,11.34%,18,9.28%,154,79.38%,194
NORDESTE,25,PB,251490,SAO MAMEDE,8,2.06%,20,5.14%,361,92.8%,389
NORDESTE,25,PB,251500,SAO MIGUEL DE TAIPU,8,1.47%,31,5.69%,506,92.84%,545
NORDESTE,25,PB,251510,SAO SEBASTIAO DE LAGOA DE ROCA,17,3.31%,25,4.86%,472,91.83%,514
NORDESTE,25,PB,251520,SAO SEBASTIAO DO UMBUZEIRO,9,4.29%,17,8.1%,184,87.62%,210
NORDESTE,25,PB,251530,SAPE,145,5.89%,178,7.23%,2.138,86.88%,2.461
NORDESTE,25,PB,251540,SAO VICENTE DO SERIDO,28,3.9%,44,6.13%,646,89.97%,718
NORDESTE,25,PB,251550,SERRA BRANCA,21,3.83%,31,5.65%,497,90.53%,549
NORDESTE,25,PB,251560,SERRA DA RAIZ,4,2.58%,11,7.1%,140,90.32%,155
NORDESTE,25,PB,251570,SERRA GRANDE,11,6.18%,7,3.93%,160,89.89%,178
NORDESTE,25,PB,251580,SERRA REDONDA,13,3.31%,17,4.33%,363,92.37%,393
NORDESTE,25,PB,251590,SERRARIA,34,9.97%,27,7.92%,280,82.11%,341
NORDESTE,25,PB,251593,SERTAOZINHO,4,1.37%,23,7.85%,266,90.78%,293
NORDESTE,25,PB,251597,SOBRADO,21,3.59%,32,5.47%,532,90.94%,585
NORDESTE,25,PB,251600,SOLANEA,45,3.03%,90,6.05%,1.352,90.92%,1.487
NORDESTE,25,PB,251610,SOLEDADE,24,3%,34,4.25%,742,92.75%,800
NORDESTE,25,PB,251615,SOSSEGO,8,2.93%,10,3.66%,255,93.41%,273
NORDESTE,25,PB,251620,SOUSA,160,4.5%,185,5.21%,3.209,90.29%,3.554
NORDESTE,25,PB,251630,SUME,80,9.23%,50,5.77%,737,85.01%,867
NORDESTE,25,PB,251640,TACIMA,24,4.41%,40,7.35%,480,88.24%,544
NORDESTE,25,PB,251650,TAPEROA,35,4.16%,55,6.53%,752,89.31%,842
NORDESTE,25,PB,251660,TAVARES,15,1.86%,29,3.6%,762,94.54%,806
NORDESTE,25,PB,251670,TEIXEIRA,25,2.34%,68,6.36%,976,91.3%,1.069
NORDESTE,25,PB,251675,TENORIO,3,1.31%,8,3.49%,218,95.2%,229
NORDESTE,25,PB,251680,TRIUNFO,13,3.61%,27,7.5%,320,88.89%,360
NORDESTE,25,PB,251690,UIRAUNA,30,3.87%,57,7.35%,688,88.77%,775
NORDESTE,25,PB,251700,UMBUZEIRO,26,5.02%,38,7.34%,454,87.64%,518
NORDESTE,25,PB,251710,VARZEA,0,-,6,4.65%,123,95.35%,129
NORDESTE,25,PB,251720,VIEIROPOLIS,11,4.78%,8,3.48%,211,91.74%,230
NORDESTE,25,PB,251740,ZABELE,5,4.81%,7,6.73%,92,88.46%,104
NORDESTE,26,PE,260005,ABREU E LIMA,158,4.98%,197,6.21%,2.817,88.81%,3.172
NORDESTE,26,PE,260010,AFOGADOS DA INGAZEIRA,233,9.61%,156,6.43%,2.036,83.96%,2.425
NORDESTE,26,PE,260020,AFRANIO,41,3.84%,49,4.59%,977,91.57%,1.067
NORDESTE,26,PE,260030,AGRESTINA,36,3.06%,74,6.28%,1.068,90.66%,1.178
NORDESTE,26,PE,260040,AGUA PRETA,152,10.18%,87,5.83%,1.254,83.99%,1.493
NORDESTE,26,PE,260050,AGUAS BELAS,192,6.01%,254,7.95%,2.75,86.05%,3.196
NORDESTE,26,PE,260060,ALAGOINHA,27,2.68%,54,5.36%,927,91.96%,1.008
NORDESTE,26,PE,260070,ALIANCA,55,2.35%,96,4.1%,2.188,93.54%,2.339
NORDESTE,26,PE,260080,ALTINHO,18,1.77%,30,2.96%,967,95.27%,1.015
NORDESTE,26,PE,260090,AMARAJI,50,4.46%,73,6.51%,999,89.04%,1.122
NORDESTE,26,PE,260100,ANGELIM,23,3.52%,38,5.81%,593,90.67%,654
NORDESTE,26,PE,260105,ARACOIABA,56,4.32%,71,5.47%,1.17,90.21%,1.297
NORDESTE,26,PE,260110,ARARIPINA,213,3.72%,377,6.58%,5.139,89.7%,5.729
NORDESTE,26,PE,260120,ARCOVERDE,145,3.89%,231,6.19%,3.356,89.92%,3.732
NORDESTE,26,PE,260130,BARRA DE GUABIRABA,47,6.39%,64,8.7%,625,84.92%,736
NORDESTE,26,PE,260140,BARREIROS,173,7.64%,196,8.66%,1.894,83.69%,2.263
NORDESTE,26,PE,260150,BELEM DE MARIA,27,5.37%,25,4.97%,451,89.66%,503
NORDESTE,26,PE,260160,BELEM DO SAO FRANCISCO,50,4.39%,77,6.77%,1.011,88.84%,1.138
NORDESTE,26,PE,260170,BELO JARDIM,80,1.86%,230,5.33%,4.002,92.81%,4.312
NORDESTE,26,PE,260180,BETANIA,32,4.83%,37,5.59%,593,89.58%,662
NORDESTE,26,PE,260190,BEZERROS,129,4.52%,208,7.29%,2.518,88.2%,2.855
NORDESTE,26,PE,260200,BODOCO,97,4.31%,133,5.91%,2.019,89.77%,2.249
NORDESTE,26,PE,260210,BOM CONSELHO,153,5.73%,206,7.71%,2.312,86.56%,2.671
NORDESTE,26,PE,260220,BOM JARDIM,59,3.18%,116,6.26%,1.678,90.56%,1.853
NORDESTE,26,PE,260230,BONITO,173,6.87%,208,8.26%,2.138,84.87%,2.519
NORDESTE,26,PE,260240,BREJAO,55,6.51%,58,6.86%,732,86.63%,845
NORDESTE,26,PE,260250,BREJINHO,13,2.82%,22,4.77%,426,92.41%,461
NORDESTE,26,PE,260260,BREJO DA MADRE DE DEUS,120,4.47%,138,5.14%,2.428,90.39%,2.686
NORDESTE,26,PE,260270,BUENOS AIRES,21,2.93%,24,3.35%,672,93.72%,717
NORDESTE,26,PE,260280,BUIQUE,174,4.8%,254,7%,3.2,88.2%,3.628
NORDESTE,26,PE,260290,CABO DE SANTO AGOSTINHO,1.185,17.12%,665,9.61%,5.071,73.27%,6.921
NORDESTE,26,PE,260300,CABROBO,73,4.22%,95,5.49%,1.563,90.29%,1.731
NORDESTE,26,PE,260310,CACHOEIRINHA,45,3.47%,81,6.25%,1.171,90.29%,1.297
NORDESTE,26,PE,260320,CAETES,175,8.7%,211,10.49%,1.626,80.82%,2.012
NORDESTE,26,PE,260330,CALCADO,26,4.86%,44,8.22%,465,86.92%,535
NORDESTE,26,PE,260340,CALUMBI,16,4.19%,28,7.33%,338,88.48%,382
NORDESTE,26,PE,260345,CAMARAGIBE,207,3.96%,342,6.54%,4.683,89.51%,5.232
NORDESTE,26,PE,260350,CAMOCIM DE SAO FELIX,30,3.52%,60,7.03%,763,89.45%,853
NORDESTE,26,PE,260360,CAMUTANGA,14,2.97%,35,7.43%,422,89.6%,471
NORDESTE,26,PE,260370,CANHOTINHO,102,7.08%,121,8.4%,1.218,84.52%,1.441
NORDESTE,26,PE,260380,CAPOEIRAS,57,4.5%,74,5.85%,1.135,89.65%,1.266
NORDESTE,26,PE,260390,CARNAIBA,56,4.9%,52,4.55%,1.035,90.55%,1.143
NORDESTE,26,PE,260392,CARNAUBEIRA DA PENHA,40,4.8%,77,9.24%,716,85.95%,833
NORDESTE,26,PE,260400,CARPINA,134,4.15%,160,4.96%,2.933,90.89%,3.227
NORDESTE,26,PE,260410,CARUARU,1.011,5.91%,1.567,9.17%,14.516,84.92%,17.094
NORDESTE,26,PE,260415,CASINHAS,31,3.51%,45,5.09%,808,91.4%,884
NORDESTE,26,PE,260420,CATENDE,123,5.86%,96,4.58%,1.879,89.56%,2.098
NORDESTE,26,PE,260430,CEDRO,16,2.58%,40,6.44%,565,90.98%,621
NORDESTE,26,PE,260440,CHA DE ALEGRIA,32,4.92%,62,9.52%,557,85.56%,651
NORDESTE,26,PE,260450,CHA GRANDE,55,5.05%,80,7.35%,954,87.6%,1.089
NORDESTE,26,PE,260460,CONDADO,53,4.18%,78,6.15%,1.137,89.67%,1.268
NORDESTE,26,PE,260470,CORRENTES,76,7.94%,82,8.57%,799,83.49%,957
NORDESTE,26,PE,260480,CORTES,48,10.46%,41,8.93%,370,80.61%,459
NORDESTE,26,PE,260490,CUMARU,36,4.8%,38,5.07%,676,90.13%,750
NORDESTE,26,PE,260500,CUPIRA,36,2.4%,79,5.26%,1.387,92.34%,1.502
NORDESTE,26,PE,260510,CUSTODIA,95,4.64%,101,4.93%,1.852,90.43%,2.048
NORDESTE,26,PE,260515,DORMENTES,29,2.85%,41,4.04%,946,93.11%,1.016
NORDESTE,26,PE,260520,ESCADA,460,16.09%,263,9.2%,2.136,74.71%,2.859
NORDESTE,26,PE,260530,EXU,129,6.15%,163,7.77%,1.807,86.09%,2.099
NORDESTE,26,PE,260540,FEIRA NOVA,32,2.38%,52,3.87%,1.26,93.75%,1.344
NORDESTE,26,PE,260545,FERNANDO DE NORONHA,0,-,2,1.12%,177,98.88%,179
NORDESTE,26,PE,260550,FERREIROS,16,2.5%,29,4.54%,594,92.96%,639
NORDESTE,26,PE,260560,FLORES,35,3.07%,53,4.65%,1.053,92.29%,1.141
NORDESTE,26,PE,260570,FLORESTA,61,3.21%,89,4.69%,1.749,92.1%,1.899
NORDESTE,26,PE,260580,FREI MIGUELINHO,18,2.69%,21,3.13%,631,94.18%,670
NORDESTE,26,PE,260590,GAMELEIRA,75,5.93%,101,7.98%,1.089,86.09%,1.265
NORDESTE,26,PE,260600,GARANHUNS,429,6.02%,606,8.51%,6.087,85.47%,7.122
NORDESTE,26,PE,260610,GLORIA DO GOITA,51,3.2%,79,4.96%,1.462,91.83%,1.592
NORDESTE,26,PE,260620,GOIANA,165,4.03%,236,5.76%,3.694,90.21%,4.095
NORDESTE,26,PE,260630,GRANITO,15,3.42%,29,6.61%,395,89.98%,439
NORDESTE,26,PE,260640,GRAVATA,182,5.01%,311,8.56%,3.139,86.43%,3.632
NORDESTE,26,PE,260650,IATI,49,3.81%,81,6.3%,1.156,89.89%,1.286
NORDESTE,26,PE,260660,IBIMIRIM,55,3.72%,107,7.24%,1.315,89.03%,1.477
NORDESTE,26,PE,260670,IBIRAJUBA,19,4.21%,25,5.54%,407,90.24%,451
NORDESTE,26,PE,260680,IGARASSU,230,5.69%,273,6.76%,3.538,87.55%,4.041
NORDESTE,26,PE,260690,IGUARACY,13,2.61%,31,6.21%,455,91.18%,499
NORDESTE,26,PE,260700,INAJA,130,7.34%,216,12.19%,1.426,80.47%,1.772
NORDESTE,26,PE,260710,INGAZEIRA,8,2.52%,12,3.77%,298,93.71%,318
NORDESTE,26,PE,260720,IPOJUCA,1.057,19.81%,439,8.23%,3.841,71.97%,5.337
NORDESTE,26,PE,260730,IPUBI,321,12.25%,187,7.13%,2.113,80.62%,2.621
NORDESTE,26,PE,260740,ITACURUBA,16,4.97%,24,7.45%,282,87.58%,322
NORDESTE,26,PE,260750,ITAIBA,91,4.58%,149,7.49%,1.749,87.93%,1.989
NORDESTE,26,PE,260760,ILHA DE ITAMARACA,47,5.35%,70,7.96%,762,86.69%,879
NORDESTE,26,PE,260765,ITAMBE,75,3.93%,116,6.08%,1.717,89.99%,1.908
NORDESTE,26,PE,260770,ITAPETIM,20,2.72%,28,3.81%,686,93.46%,734
NORDESTE,26,PE,260775,ITAPISSUMA,48,3.83%,107,8.55%,1.097,87.62%,1.252
NORDESTE,26,PE,260780,ITAQUITINGA,16,2.08%,39,5.06%,716,92.87%,771
NORDESTE,26,PE,260790,JABOATAO DOS GUARARAPES,1.014,6.22%,1.202,7.38%,14.078,86.4%,16.294
NORDESTE,26,PE,260795,JAQUEIRA,9,1.43%,38,6.02%,584,92.55%,631
NORDESTE,26,PE,260800,JATAUBA,26,2.79%,53,5.68%,854,91.53%,933
NORDESTE,26,PE,260805,JATOBA,21,2.87%,33,4.51%,678,92.62%,732
NORDESTE,26,PE,260810,JOAO ALFREDO,48,3.63%,91,6.88%,1.183,89.49%,1.322
NORDESTE,26,PE,260820,JOAQUIM NABUCO,58,6.72%,63,7.3%,742,85.98%,863
NORDESTE,26,PE,260825,JUCATI,46,5.87%,62,7.91%,676,86.22%,784
NORDESTE,26,PE,260830,JUPI,46,4.34%,81,7.63%,934,88.03%,1.061
NORDESTE,26,PE,260840,JUREMA,35,4%,48,5.49%,791,90.5%,874
NORDESTE,26,PE,260845,LAGOA DO CARRO,35,3.48%,49,4.87%,923,91.66%,1.007
NORDESTE,26,PE,260850,LAGOA DE ITAENGA,77,7.59%,72,7.09%,866,85.32%,1.015
NORDESTE,26,PE,260860,LAGOA DO OURO,13,1.8%,35,4.85%,674,93.35%,722
NORDESTE,26,PE,260870,LAGOA DOS GATOS,15,2.26%,42,6.32%,608,91.43%,665
NORDESTE,26,PE,260875,LAGOA GRANDE,135,9.51%,122,8.59%,1.163,81.9%,1.42
NORDESTE,26,PE,260880,LAJEDO,86,3.11%,154,5.57%,2.525,91.32%,2.765
NORDESTE,26,PE,260890,LIMOEIRO,75,3.18%,140,5.93%,2.146,90.89%,2.361
NORDESTE,26,PE,260900,MACAPARANA,42,2.95%,74,5.2%,1.308,91.85%,1.424
NORDESTE,26,PE,260910,MACHADOS,18,2.17%,47,5.68%,763,92.15%,828
NORDESTE,26,PE,260915,MANARI,54,4.21%,82,6.39%,1.148,89.41%,1.284
NORDESTE,26,PE,260920,MARAIAL,19,3.54%,40,7.46%,477,88.99%,536
NORDESTE,26,PE,260930,MIRANDIBA,36,3.41%,59,5.59%,961,91%,1.056
NORDESTE,26,PE,260940,MORENO,153,6.22%,185,7.52%,2.123,86.27%,2.461
NORDESTE,26,PE,260950,NAZARE DA MATA,36,2.68%,51,3.79%,1.258,93.53%,1.345
NORDESTE,26,PE,260960,OLINDA,1.356,12.26%,804,7.27%,8.902,80.47%,11.062
NORDESTE,26,PE,260970,OROBO,46,4.39%,77,7.35%,925,88.26%,1.048
NORDESTE,26,PE,260980,OROCO,35,3.2%,63,5.76%,996,91.04%,1.094
NORDESTE,26,PE,260990,OURICURI,110,3.06%,200,5.57%,3.282,91.37%,3.592
NORDESTE,26,PE,261000,PALMARES,88,3.1%,133,4.68%,2.619,92.22%,2.84
NORDESTE,26,PE,261010,PALMEIRINA,12,2.89%,26,6.27%,377,90.84%,415
NORDESTE,26,PE,261020,PANELAS,60,4.03%,113,7.6%,1.314,88.37%,1.487
NORDESTE,26,PE,261030,PARANATAMA,58,6.9%,77,9.16%,706,83.95%,841
NORDESTE,26,PE,261040,PARNAMIRIM,38,3.31%,66,5.75%,1.043,90.93%,1.147
NORDESTE,26,PE,261050,PASSIRA,70,4.5%,74,4.76%,1.41,90.73%,1.554
NORDESTE,26,PE,261060,PAUDALHO,131,4.24%,182,5.89%,2.775,89.86%,3.088
NORDESTE,26,PE,261070,PAULISTA,293,3.1%,476,5.03%,8.694,91.87%,9.463
NORDESTE,26,PE,261080,PEDRA,61,4.51%,90,6.65%,1.202,88.84%,1.353
NORDESTE,26,PE,261090,PESQUEIRA,158,6.22%,160,6.3%,2.221,87.48%,2.539
NORDESTE,26,PE,261100,PETROLANDIA,98,4.69%,186,8.9%,1.805,86.4%,2.089
NORDESTE,26,PE,261110,PETROLINA,776,4.01%,1.312,6.78%,17.275,89.22%,19.363
NORDESTE,26,PE,261120,POCAO,18,2.9%,43,6.94%,559,90.16%,620
NORDESTE,26,PE,261130,POMBOS,55,4.1%,97,7.24%,1.188,88.66%,1.34
NORDESTE,26,PE,261140,PRIMAVERA,13,2.08%,26,4.17%,585,93.75%,624
NORDESTE,26,PE,261150,QUIPAPA,34,3.63%,59,6.3%,844,90.07%,937
NORDESTE,26,PE,261153,QUIXABA,13,3.21%,14,3.46%,378,93.33%,405
NORDESTE,26,PE,261160,RECIFE,1.313,3.64%,2.481,6.88%,32.251,89.47%,36.045
NORDESTE,26,PE,261170,RIACHO DAS ALMAS,36,2.85%,51,4.04%,1.176,93.11%,1.263
NORDESTE,26,PE,261180,RIBEIRAO,194,13.02%,156,10.47%,1.14,76.51%,1.49
NORDESTE,26,PE,261190,RIO FORMOSO,132,10.54%,107,8.55%,1.013,80.91%,1.252
NORDESTE,26,PE,261200,SAIRE,19,4.32%,18,4.09%,403,91.59%,440
NORDESTE,26,PE,261210,SALGADINHO,11,3.82%,21,7.29%,256,88.89%,288
NORDESTE,26,PE,261220,SALGUEIRO,130,3.6%,257,7.12%,3.224,89.28%,3.611
NORDESTE,26,PE,261230,SALOA,31,3.17%,50,5.11%,898,91.73%,979
NORDESTE,26,PE,261240,SANHARO,45,3.81%,51,4.32%,1.084,91.86%,1.18
NORDESTE,26,PE,261245,SANTA CRUZ,58,6.55%,57,6.43%,771,87.02%,886
NORDESTE,26,PE,261247,SANTA CRUZ DA BAIXA VERDE,34,4.26%,39,4.89%,725,90.85%,798
NORDESTE,26,PE,261250,SANTA CRUZ DO CAPIBARIBE,141,2.88%,278,5.68%,4.474,91.44%,4.893
NORDESTE,26,PE,261255,SANTA FILOMENA,22,3.3%,27,4.05%,618,92.65%,667
NORDESTE,26,PE,261260,SANTA MARIA DA BOA VISTA,180,5.75%,253,8.09%,2.695,86.16%,3.128
NORDESTE,26,PE,261270,SANTA MARIA DO CAMBUCA,36,4.31%,62,7.42%,738,88.28%,836
NORDESTE,26,PE,261280,SANTA TEREZINHA,10,1.5%,20,3%,636,95.5%,666
NORDESTE,26,PE,261290,SAO BENEDITO DO SUL,55,10.42%,44,8.33%,429,81.25%,528
NORDESTE,26,PE,261300,SAO BENTO DO UNA,67,2.03%,165,5%,3.069,92.97%,3.301
NORDESTE,26,PE,261310,SAO CAITANO,94,4.55%,120,5.81%,1.85,89.63%,2.064
NORDESTE,26,PE,261320,SAO JOAO,62,4.09%,90,5.93%,1.365,89.98%,1.517
NORDESTE,26,PE,261330,SAO JOAQUIM DO MONTE,63,4.92%,90,7.03%,1.127,88.05%,1.28
NORDESTE,26,PE,261340,SAO JOSE DA COROA GRANDE,112,8.97%,117,9.37%,1.02,81.67%,1.249
NORDESTE,26,PE,261350,SAO JOSE DO BELMONTE,73,3.49%,123,5.88%,1.897,90.64%,2.093
NORDESTE,26,PE,261360,SAO JOSE DO EGITO,83,4.41%,83,4.41%,1.716,91.18%,1.882
NORDESTE,26,PE,261370,SAO LOURENCO DA MATA,315,5.8%,342,6.29%,4.777,87.91%,5.434
NORDESTE,26,PE,261380,SAO VICENTE FERRER,27,2.45%,48,4.36%,1.025,93.18%,1.1
NORDESTE,26,PE,261390,SERRA TALHADA,216,6.19%,236,6.77%,3.036,87.04%,3.488
NORDESTE,26,PE,261400,SERRITA,51,4.52%,89,7.88%,989,87.6%,1.129
NORDESTE,26,PE,261410,SERTANIA,67,3.55%,105,5.56%,1.715,90.89%,1.887
NORDESTE,26,PE,261420,SIRINHAEM,143,6.8%,146,6.94%,1.815,86.26%,2.104
NORDESTE,26,PE,261430,MOREILANDIA,48,5.96%,50,6.21%,707,87.83%,805
NORDESTE,26,PE,261440,SOLIDAO,10,2.86%,20,5.71%,320,91.43%,350
NORDESTE,26,PE,261450,SURUBIM,144,4.78%,217,7.2%,2.651,88.01%,3.012
NORDESTE,26,PE,261460,TABIRA,64,3.69%,89,5.13%,1.583,91.19%,1.736
NORDESTE,26,PE,261470,TACAIMBO,38,4.86%,45,5.75%,699,89.39%,782
NORDESTE,26,PE,261480,TACARATU,44,3.71%,94,7.93%,1.047,88.35%,1.185
NORDESTE,26,PE,261485,TAMANDARE,86,6.16%,119,8.52%,1.192,85.33%,1.397
NORDESTE,26,PE,261500,TAQUARITINGA DO NORTE,62,4.27%,100,6.88%,1.291,88.85%,1.453
NORDESTE,26,PE,261510,TEREZINHA,12,2.64%,25,5.49%,418,91.87%,455
NORDESTE,26,PE,261520,TERRA NOVA,16,3.12%,24,4.68%,473,92.2%,513
NORDESTE,26,PE,261530,TIMBAUBA,68,3.2%,125,5.88%,1.933,90.92%,2.126
NORDESTE,26,PE,261540,TORITAMA,124,5.84%,142,6.69%,1.856,87.46%,2.122
NORDESTE,26,PE,261550,TRACUNHAEM,31,5.34%,44,7.57%,506,87.09%,581
NORDESTE,26,PE,261560,TRINDADE,164,6.85%,218,9.1%,2.013,84.05%,2.395
NORDESTE,26,PE,261570,TRIUNFO,41,5.36%,55,7.19%,669,87.45%,765
NORDESTE,26,PE,261580,TUPANATINGA,111,6.45%,117,6.8%,1.493,86.75%,1.721
NORDESTE,26,PE,261590,TUPARETAMA,38,9.87%,26,6.75%,321,83.38%,385
NORDESTE,26,PE,261600,VENTUROSA,50,4.34%,80,6.95%,1.021,88.71%,1.151
NORDESTE,26,PE,261610,VERDEJANTE,26,5.65%,35,7.61%,399,86.74%,460
NORDESTE,26,PE,261618,VERTENTE DO LERIO,25,5.04%,15,3.02%,456,91.94%,496
NORDESTE,26,PE,261620,VERTENTES,48,3.87%,81,6.53%,1.112,89.61%,1.241
NORDESTE,26,PE,261630,VICENCIA,39,3.24%,65,5.39%,1.101,91.37%,1.205
NORDESTE,26,PE,261640,VITORIA DE SANTO ANTAO,174,2.77%,383,6.1%,5.721,91.13%,6.278
NORDESTE,26,PE,261650,XEXEU,73,9.01%,65,8.02%,672,82.96%,810
NORDESTE,27,AL,270010,AGUA BRANCA,247,18.28%,171,12.66%,933,69.06%,1.351
NORDESTE,27,AL,270020,ANADIA,52,5.09%,74,7.25%,895,87.66%,1.021
NORDESTE,27,AL,270030,ARAPIRACA,297,2.41%,694,5.63%,11.345,91.97%,12.336
NORDESTE,27,AL,270040,ATALAIA,171,7.18%,201,8.44%,2.009,84.38%,2.381
NORDESTE,27,AL,270050,BARRA DE SANTO ANTONIO,70,6.76%,68,6.56%,898,86.68%,1.036
NORDESTE,27,AL,270060,BARRA DE SAO MIGUEL,22,3.39%,34,5.24%,593,91.37%,649
NORDESTE,27,AL,270070,BATALHA,42,3.34%,83,6.61%,1.131,90.05%,1.256
NORDESTE,27,AL,270080,BELEM,17,4.86%,28,8%,305,87.14%,350
NORDESTE,27,AL,270090,BELO MONTE,11,1.75%,34,5.41%,583,92.83%,628
NORDESTE,27,AL,270100,BOCA DA MATA,75,5.69%,102,7.74%,1.14,86.56%,1.317
NORDESTE,27,AL,270110,BRANQUINHA,21,2.53%,51,6.15%,757,91.31%,829
NORDESTE,27,AL,270120,CACIMBINHAS,49,8.21%,56,9.38%,492,82.41%,597
NORDESTE,27,AL,270130,CAJUEIRO,86,7.03%,113,9.23%,1.025,83.74%,1.224
NORDESTE,27,AL,270135,CAMPESTRE,23,4.95%,22,4.73%,420,90.32%,465
NORDESTE,27,AL,270140,CAMPO ALEGRE,117,5.05%,202,8.71%,2,86.24%,2.319
NORDESTE,27,AL,270150,CAMPO GRANDE,19,2.87%,43,6.5%,600,90.63%,662
NORDESTE,27,AL,270160,CANAPI,77,5.91%,81,6.22%,1.145,87.87%,1.303
NORDESTE,27,AL,270170,CAPELA,40,4.35%,51,5.54%,829,90.11%,920
NORDESTE,27,AL,270180,CARNEIROS,58,7.65%,83,10.95%,617,81.4%,758
NORDESTE,27,AL,270190,CHA PRETA,18,3.69%,33,6.76%,437,89.55%,488
NORDESTE,27,AL,270200,COITE DO NOIA,23,3.17%,27,3.72%,676,93.11%,726
NORDESTE,27,AL,270210,COLONIA LEOPOLDINA,80,7.84%,83,8.13%,858,84.04%,1.021
NORDESTE,27,AL,270220,COQUEIRO SECO,29,7.21%,33,8.21%,340,84.58%,402
NORDESTE,27,AL,270230,CORURIPE,142,3.67%,306,7.91%,3.421,88.42%,3.869
NORDESTE,27,AL,270235,CRAIBAS,88,4.25%,148,7.15%,1.835,88.6%,2.071
NORDESTE,27,AL,270240,DELMIRO GOUVEIA,155,5.48%,225,7.95%,2.449,86.57%,2.829
NORDESTE,27,AL,270250,DOIS RIACHOS,28,3.58%,33,4.22%,721,92.2%,782
NORDESTE,27,AL,270255,ESTRELA DE ALAGOAS,31,2.95%,52,4.94%,969,92.11%,1.052
NORDESTE,27,AL,270260,FEIRA GRANDE,69,4.5%,113,7.37%,1.351,88.13%,1.533
NORDESTE,27,AL,270270,FELIZ DESERTO,4,1.29%,18,5.81%,288,92.9%,310
NORDESTE,27,AL,270280,FLEXEIRAS,132,16.18%,73,8.95%,611,74.88%,816
NORDESTE,27,AL,270290,GIRAU DO PONCIANO,125,4.99%,190,7.59%,2.189,87.42%,2.504
NORDESTE,27,AL,270300,IBATEGUARA,58,5.7%,71,6.97%,889,87.33%,1.018
NORDESTE,27,AL,270310,IGACI,76,5.05%,101,6.71%,1.328,88.24%,1.505
NORDESTE,27,AL,270320,IGREJA NOVA,64,4.41%,105,7.24%,1.282,88.35%,1.451
NORDESTE,27,AL,270330,INHAPI,37,2.72%,84,6.17%,1.24,91.11%,1.361
NORDESTE,27,AL,270340,JACARE DOS HOMENS,38,8.15%,36,7.73%,392,84.12%,466
NORDESTE,27,AL,270350,JACUIPE,16,5.63%,15,5.28%,253,89.08%,284
NORDESTE,27,AL,270360,JAPARATINGA,49,6.96%,62,8.81%,593,84.23%,704
NORDESTE,27,AL,270370,JARAMATAIA,23,4.89%,44,9.36%,403,85.74%,470
NORDESTE,27,AL,270375,JEQUIA DA PRAIA,39,4.97%,51,6.5%,695,88.54%,785
NORDESTE,27,AL,270380,JOAQUIM GOMES,77,5.62%,84,6.14%,1.208,88.24%,1.369
NORDESTE,27,AL,270390,JUNDIA,14,5.86%,10,4.18%,215,89.96%,239
NORDESTE,27,AL,270400,JUNQUEIRO,63,4.01%,105,6.68%,1.403,89.31%,1.571
NORDESTE,27,AL,270410,LAGOA DA CANOA,87,6.14%,89,6.28%,1.242,87.59%,1.418
NORDESTE,27,AL,270420,LIMOEIRO DE ANADIA,67,3.43%,133,6.81%,1.753,89.76%,1.953
NORDESTE,27,AL,270430,MACEIO,815,2.69%,1.873,6.18%,27.643,91.14%,30.331
NORDESTE,27,AL,270440,MAJOR ISIDORO,55,5.14%,45,4.2%,971,90.66%,1.071
NORDESTE,27,AL,270450,MARAGOGI,137,5.19%,171,6.48%,2.331,88.33%,2.639
NORDESTE,27,AL,270460,MARAVILHA,34,4.39%,66,8.52%,675,87.1%,775
NORDESTE,27,AL,270470,MARECHAL DEODORO,136,3.67%,248,6.69%,3.321,89.64%,3.705
NORDESTE,27,AL,270480,MARIBONDO,34,4.89%,43,6.18%,619,88.94%,696
NORDESTE,27,AL,270490,MAR VERMELHO,6,2.9%,12,5.8%,189,91.3%,207
NORDESTE,27,AL,270500,MATA GRANDE,64,4.3%,104,6.99%,1.32,88.71%,1.488
NORDESTE,27,AL,270510,MATRIZ DE CAMARAGIBE,59,3.89%,112,7.39%,1.345,88.72%,1.516
NORDESTE,27,AL,270520,MESSIAS,68,7.42%,41,4.48%,807,88.1%,916
NORDESTE,27,AL,270530,MINADOR DO NEGRAO,20,5.67%,20,5.67%,313,88.67%,353
NORDESTE,27,AL,270540,MONTEIROPOLIS,41,6.53%,38,6.05%,549,87.42%,628
NORDESTE,27,AL,270550,MURICI,95,4.86%,163,8.33%,1.698,86.81%,1.956
NORDESTE,27,AL,270560,NOVO LINO,31,4.75%,40,6.13%,581,89.11%,652
NORDESTE,27,AL,270570,OLHO D'AGUA DAS FLORES,58,3.56%,118,7.24%,1.454,89.2%,1.63
NORDESTE,27,AL,270580,OLHO D'AGUA DO CASADO,25,3.36%,35,4.7%,685,91.95%,745
NORDESTE,27,AL,270590,OLHO D'AGUA GRANDE,16,6.45%,19,7.66%,213,85.89%,248
NORDESTE,27,AL,270600,OLIVENCA,32,3.61%,75,8.47%,779,87.92%,886
NORDESTE,27,AL,270610,OURO BRANCO,29,3.1%,52,5.56%,855,91.35%,936
NORDESTE,27,AL,270620,PALESTINA,12,3.21%,28,7.49%,334,89.3%,374
NORDESTE,27,AL,270630,PALMEIRA DOS INDIOS,140,4.23%,197,5.95%,2.976,89.83%,3.313
NORDESTE,27,AL,270640,PAO DE ACUCAR,91,5.75%,135,8.53%,1.357,85.72%,1.583
NORDESTE,27,AL,270642,PARICONHA,47,5.68%,82,9.9%,699,84.42%,828
NORDESTE,27,AL,270644,PARIPUEIRA,48,5.21%,95,10.31%,778,84.47%,921
NORDESTE,27,AL,270650,PASSO DE CAMARAGIBE,72,6.94%,102,9.84%,863,83.22%,1.037
NORDESTE,27,AL,270660,PAULO JACINTO,14,3.33%,39,9.26%,368,87.41%,421
NORDESTE,27,AL,270670,PENEDO,127,3.39%,267,7.13%,3.349,89.47%,3.743
NORDESTE,27,AL,270680,PIACABUCU,34,3.02%,75,6.66%,1.017,90.32%,1.126
NORDESTE,27,AL,270690,PILAR,107,4.18%,163,6.36%,2.291,89.46%,2.561
NORDESTE,27,AL,270700,PINDOBA,2,1.83%,7,6.42%,100,91.74%,109
NORDESTE,27,AL,270710,PIRANHAS,92,4.89%,143,7.59%,1.648,87.52%,1.883
NORDESTE,27,AL,270720,POCO DAS TRINCHEIRAS,46,4.91%,66,7.05%,824,88.03%,936
NORDESTE,27,AL,270730,PORTO CALVO,144,8.74%,121,7.35%,1.382,83.91%,1.647
NORDESTE,27,AL,270740,PORTO DE PEDRAS,31,4.42%,48,6.84%,623,88.75%,702
NORDESTE,27,AL,270750,PORTO REAL DO COLEGIO,73,5.89%,100,8.06%,1.067,86.05%,1.24
NORDESTE,27,AL,270760,QUEBRANGULO,54,6.72%,87,10.82%,663,82.46%,804
NORDESTE,27,AL,270770,RIO LARGO,175,3.41%,314,6.12%,4.643,90.47%,5.132
NORDESTE,27,AL,270780,ROTEIRO,25,4.34%,45,7.81%,506,87.85%,576
NORDESTE,27,AL,270790,SANTA LUZIA DO NORTE,18,2.87%,51,8.13%,558,89%,627
NORDESTE,27,AL,270800,SANTANA DO IPANEMA,216,6.32%,319,9.33%,2.884,84.35%,3.419
NORDESTE,27,AL,270810,SANTANA DO MUNDAU,33,4.11%,43,5.36%,726,90.52%,802
NORDESTE,27,AL,270820,SAO BRAS,19,4.9%,28,7.22%,341,87.89%,388
NORDESTE,27,AL,270830,SAO JOSE DA LAJE,93,6.44%,123,8.51%,1.229,85.05%,1.445
NORDESTE,27,AL,270840,SAO JOSE DA TAPERA,133,4.53%,200,6.82%,2.6,88.65%,2.933
NORDESTE,27,AL,270850,SAO LUIS DO QUITUNDE,95,5.63%,163,9.66%,1.429,84.71%,1.687
NORDESTE,27,AL,270860,SAO MIGUEL DOS CAMPOS,252,10.34%,227,9.31%,1.959,80.35%,2.438
NORDESTE,27,AL,270870,SAO MIGUEL DOS MILAGRES,35,6.89%,38,7.48%,435,85.63%,508
NORDESTE,27,AL,270880,SAO SEBASTIAO,70,2.97%,119,5.05%,2.169,91.98%,2.358
NORDESTE,27,AL,270890,SATUBA,37,4.02%,67,7.27%,817,88.71%,921
NORDESTE,27,AL,270895,SENADOR RUI PALMEIRA,45,4.34%,57,5.49%,936,90.17%,1.038
NORDESTE,27,AL,270900,TANQUE D'ARCA,22,6.01%,33,9.02%,311,84.97%,366
NORDESTE,27,AL,270910,TAQUARANA,47,3.58%,93,7.09%,1.172,89.33%,1.312
NORDESTE,27,AL,270915,TEOTONIO VILELA,60,2.15%,131,4.7%,2.598,93.15%,2.789
NORDESTE,27,AL,270920,TRAIPU,104,6.09%,93,5.44%,1.511,88.47%,1.708
NORDESTE,27,AL,270930,UNIAO DOS PALMARES,128,3.51%,223,6.11%,3.297,90.38%,3.648
NORDESTE,27,AL,270940,VICOSA,85,6.25%,106,7.79%,1.169,85.96%,1.36
NORDESTE,28,SE,280010,AMPARO DE SAO FRANCISCO,7,6.03%,5,4.31%,104,89.66%,116
NORDESTE,28,SE,280020,AQUIDABA,46,4.74%,60,6.19%,864,89.07%,970
NORDESTE,28,SE,280030,ARACAJU,928,5.1%,1.334,7.33%,15.926,87.56%,18.188
NORDESTE,28,SE,280040,ARAUA,37,5.36%,33,4.78%,620,89.86%,690
NORDESTE,28,SE,280050,AREIA BRANCA,67,7.96%,72,8.55%,703,83.49%,842
NORDESTE,28,SE,280060,BARRA DOS COQUEIROS,73,4.24%,116,6.74%,1.533,89.02%,1.722
NORDESTE,28,SE,280067,BOQUIM,50,4.78%,56,5.35%,940,89.87%,1.046
NORDESTE,28,SE,280070,BREJO GRANDE,17,4.43%,33,8.59%,334,86.98%,384
NORDESTE,28,SE,280100,CAMPO DO BRITO,36,3.55%,48,4.73%,931,91.72%,1.015
NORDESTE,28,SE,280110,CANHOBA,15,5.49%,23,8.42%,235,86.08%,273
NORDESTE,28,SE,280120,CANINDE DE SAO FRANCISCO,97,4.1%,174,7.35%,2.097,88.56%,2.368
NORDESTE,28,SE,280130,CAPELA,140,7.1%,145,7.35%,1.688,85.55%,1.973
NORDESTE,28,SE,280140,CARIRA,75,6.67%,60,5.34%,989,87.99%,1.124
NORDESTE,28,SE,280150,CARMOPOLIS,33,4.2%,59,7.52%,693,88.28%,785
NORDESTE,28,SE,280160,CEDRO DE SAO JOAO,11,4.07%,6,2.22%,253,93.7%,270
NORDESTE,28,SE,280170,CRISTINAPOLIS,76,8.71%,62,7.1%,735,84.19%,873
NORDESTE,28,SE,280190,CUMBE,9,4.48%,10,4.98%,182,90.55%,201
NORDESTE,28,SE,280200,DIVINA PASTORA,11,3.7%,18,6.06%,268,90.24%,297
NORDESTE,28,SE,280210,ESTANCIA,383,13.4%,142,4.97%,2.333,81.63%,2.858
NORDESTE,28,SE,280220,FEIRA NOVA,19,5.22%,14,3.85%,331,90.93%,364
NORDESTE,28,SE,280230,FREI PAULO,23,2.77%,38,4.57%,770,92.66%,831
NORDESTE,28,SE,280240,GARARU,31,4.52%,39,5.69%,616,89.8%,686
NORDESTE,28,SE,280250,GENERAL MAYNARD,12,6.94%,12,6.94%,149,86.13%,173
NORDESTE,28,SE,280260,GRACHO CARDOSO,36,10.23%,20,5.68%,296,84.09%,352
NORDESTE,28,SE,280270,ILHA DAS FLORES,78,12.79%,61,10%,471,77.21%,610
NORDESTE,28,SE,280280,INDIAROBA,41,3.89%,68,6.45%,945,89.66%,1.054
NORDESTE,28,SE,280290,ITABAIANA,213,5.61%,271,7.14%,3.311,87.25%,3.795
NORDESTE,28,SE,280300,ITABAIANINHA,84,3.7%,189,8.32%,1.998,87.98%,2.271
NORDESTE,28,SE,280310,ITABI,10,4.02%,16,6.43%,223,89.56%,249
NORDESTE,28,SE,280320,ITAPORANGA D'AJUDA,133,6.37%,137,6.56%,1.819,87.08%,2.089
NORDESTE,28,SE,280330,JAPARATUBA,51,6.31%,41,5.07%,716,88.61%,808
NORDESTE,28,SE,280340,JAPOATA,62,6.39%,60,6.19%,848,87.42%,970
NORDESTE,28,SE,280350,LAGARTO,267,5.52%,302,6.24%,4.268,88.24%,4.837
NORDESTE,28,SE,280360,LARANJEIRAS,78,5.31%,90,6.13%,1.3,88.56%,1.468
NORDESTE,28,SE,280370,MACAMBIRA,16,4.05%,30,7.59%,349,88.35%,395
NORDESTE,28,SE,280380,MALHADA DOS BOIS,5,1.83%,9,3.3%,259,94.87%,273
NORDESTE,28,SE,280390,MALHADOR,38,4.97%,56,7.33%,670,87.7%,764
NORDESTE,28,SE,280400,MARUIM,65,7.31%,73,8.21%,751,84.48%,889
NORDESTE,28,SE,280410,MOITA BONITA,41,6.53%,44,7.01%,543,86.46%,628
NORDESTE,28,SE,280420,MONTE ALEGRE DE SERGIPE,58,5.85%,81,8.17%,852,85.97%,991
NORDESTE,28,SE,280430,MURIBECA,25,6.61%,19,5.03%,334,88.36%,378
NORDESTE,28,SE,280440,NEOPOLIS,64,8.43%,85,11.2%,610,80.37%,759
NORDESTE,28,SE,280445,NOSSA SENHORA APARECIDA,28,5.68%,26,5.27%,439,89.05%,493
NORDESTE,28,SE,280450,NOSSA SENHORA DA GLORIA,85,3.21%,185,6.98%,2.379,89.81%,2.649
NORDESTE,28,SE,280460,NOSSA SENHORA DAS DORES,36,3.27%,73,6.63%,992,90.1%,1.101
NORDESTE,28,SE,280470,NOSSA SENHORA DE LOURDES,15,3.42%,26,5.92%,398,90.66%,439
NORDESTE,28,SE,280480,NOSSA SENHORA DO SOCORRO,723,7.54%,768,8.01%,8.096,84.45%,9.587
NORDESTE,28,SE,280490,PACATUBA,74,7.98%,79,8.52%,774,83.5%,927
NORDESTE,28,SE,280500,PEDRA MOLE,3,1.43%,4,1.9%,203,96.67%,210
NORDESTE,28,SE,280510,PEDRINHAS,35,7.04%,32,6.44%,430,86.52%,497
NORDESTE,28,SE,280520,PINHAO,18,5.56%,14,4.32%,292,90.12%,324
NORDESTE,28,SE,280530,PIRAMBU,31,6.86%,37,8.19%,384,84.96%,452
NORDESTE,28,SE,280540,POCO REDONDO,122,5.89%,178,8.59%,1.773,85.53%,2.073
NORDESTE,28,SE,280550,POCO VERDE,26,2.38%,53,4.84%,1.015,92.78%,1.094
NORDESTE,28,SE,280560,PORTO DA FOLHA,178,9.66%,182,9.88%,1.482,80.46%,1.842
NORDESTE,28,SE,280570,PROPRIA,103,6.98%,139,9.42%,1.234,83.6%,1.476
NORDESTE,28,SE,280580,RIACHAO DO DANTAS,43,4.56%,61,6.47%,839,88.97%,943
NORDESTE,28,SE,280590,RIACHUELO,40,8.15%,47,9.57%,404,82.28%,491
NORDESTE,28,SE,280600,RIBEIROPOLIS,33,4.06%,48,5.91%,731,90.02%,812
NORDESTE,28,SE,280610,ROSARIO DO CATETE,43,7.15%,42,6.99%,516,85.86%,601
NORDESTE,28,SE,280620,SALGADO,34,4.16%,57,6.97%,727,88.88%,818
NORDESTE,28,SE,280630,SANTA LUZIA DO ITANHY,30,3.44%,38,4.35%,805,92.21%,873
NORDESTE,28,SE,280640,SANTANA DO SAO FRANCISCO,26,4.65%,54,9.66%,479,85.69%,559
NORDESTE,28,SE,280650,SANTA ROSA DE LIMA,10,4.83%,7,3.38%,190,91.79%,207
NORDESTE,28,SE,280660,SANTO AMARO DAS BROTAS,44,5.91%,45,6.04%,656,88.05%,745
NORDESTE,28,SE,280670,SAO CRISTOVAO,168,4.08%,252,6.13%,3.693,89.79%,4.113
NORDESTE,28,SE,280680,SAO DOMINGOS,33,5.42%,68,11.17%,508,83.42%,609
NORDESTE,28,SE,280690,SAO FRANCISCO,5,2.59%,4,2.07%,184,95.34%,193
NORDESTE,28,SE,280700,SAO MIGUEL DO ALEIXO,4,2.12%,14,7.41%,171,90.48%,189
NORDESTE,28,SE,280710,SIMAO DIAS,78,2.99%,152,5.83%,2.375,91.17%,2.605
NORDESTE,28,SE,280720,SIRIRI,31,7.52%,35,8.5%,346,83.98%,412
NORDESTE,28,SE,280730,TELHA,10,5.56%,10,5.56%,160,88.89%,180
NORDESTE,28,SE,280740,TOBIAS BARRETO,100,3.79%,189,7.15%,2.353,89.06%,2.642
NORDESTE,28,SE,280750,TOMAR DO GERU,41,5.44%,50,6.63%,663,87.93%,754
NORDESTE,28,SE,280760,UMBAUBA,144,8.73%,224,13.58%,1.282,77.7%,1.65
NORDESTE,29,BA,290010,ABAIRA,12,4.18%,13,4.53%,262,91.29%,287
NORDESTE,29,BA,290020,ABARE,52,3.98%,64,4.9%,1.189,91.11%,1.305
NORDESTE,29,BA,290030,ACAJUTIBA,32,4.05%,56,7.08%,703,88.87%,791
NORDESTE,29,BA,290035,ADUSTINA,30,3.65%,41,4.99%,751,91.36%,822
NORDESTE,29,BA,290040,AGUA FRIA,22,3.12%,33,4.68%,650,92.2%,705
NORDESTE,29,BA,290050,ERICO CARDOSO,40,7.03%,31,5.45%,498,87.52%,569
NORDESTE,29,BA,290060,AIQUARA,7,3.63%,6,3.11%,180,93.26%,193
NORDESTE,29,BA,290070,ALAGOINHAS,257,4.28%,381,6.35%,5.361,89.36%,5.999
NORDESTE,29,BA,290080,ALCOBACA,90,6.66%,88,6.51%,1.174,86.83%,1.352
NORDESTE,29,BA,290090,ALMADINA,6,2.23%,15,5.58%,248,92.19%,269
NORDESTE,29,BA,290100,AMARGOSA,43,2.57%,98,5.86%,1.532,91.57%,1.673
NORDESTE,29,BA,290110,AMELIA RODRIGUES,35,4.4%,50,6.29%,710,89.31%,795
NORDESTE,29,BA,290115,AMERICA DOURADA,36,3.62%,70,7.04%,888,89.34%,994
NORDESTE,29,BA,290120,ANAGE,49,5.3%,50,5.41%,826,89.3%,925
NORDESTE,29,BA,290130,ANDARAI,31,5.32%,45,7.72%,507,86.96%,583
NORDESTE,29,BA,290135,ANDORINHA,25,4.14%,39,6.46%,540,89.4%,604
NORDESTE,29,BA,290140,ANGICAL,29,3.41%,55,6.46%,767,90.13%,851
NORDESTE,29,BA,290150,ANGUERA,27,5.51%,28,5.71%,435,88.78%,490
NORDESTE,29,BA,290160,ANTAS,23,3.96%,37,6.37%,521,89.67%,581
NORDESTE,29,BA,290170,ANTONIO CARDOSO,14,1.97%,34,4.78%,663,93.25%,711
NORDESTE,29,BA,290180,ANTONIO GONCALVES,48,8.65%,53,9.55%,454,81.8%,555
NORDESTE,29,BA,290190,APORA,59,7%,41,4.86%,743,88.14%,843
NORDESTE,29,BA,290195,APUAREMA,5,1.21%,15,3.64%,392,95.15%,412
NORDESTE,29,BA,290200,ARACATU,18,2.29%,37,4.71%,730,92.99%,785
NORDESTE,29,BA,290205,ARACAS,29,4.6%,37,5.86%,565,89.54%,631
NORDESTE,29,BA,290210,ARACI,185,7.09%,224,8.59%,2.199,84.32%,2.608
NORDESTE,29,BA,290220,ARAMARI,17,3.63%,30,6.41%,421,89.96%,468
NORDESTE,29,BA,290225,ARATACA,22,5.45%,21,5.2%,361,89.36%,404
NORDESTE,29,BA,290230,ARATUIPE,19,3.82%,32,6.44%,446,89.74%,497
NORDESTE,29,BA,290240,AURELINO LEAL,33,4.81%,41,5.98%,612,89.21%,686
NORDESTE,29,BA,290250,BAIANOPOLIS,36,4.83%,58,7.77%,652,87.4%,746
NORDESTE,29,BA,290260,BAIXA GRANDE,47,5.64%,34,4.08%,753,90.29%,834
NORDESTE,29,BA,290265,BANZAE,7,1.24%,28,4.95%,531,93.82%,566
NORDESTE,29,BA,290270,BARRA,201,5.71%,257,7.3%,3.064,87%,3.522
NORDESTE,29,BA,290280,BARRA DA ESTIVA,39,2.39%,81,4.96%,1.512,92.65%,1.632
NORDESTE,29,BA,290290,BARRA DO CHOCA,123,6.71%,121,6.6%,1.588,86.68%,1.832
NORDESTE,29,BA,290300,BARRA DO MENDES,107,14.36%,54,7.25%,584,78.39%,745
NORDESTE,29,BA,290310,BARRA DO ROCHA,15,4.23%,35,9.86%,305,85.92%,355
NORDESTE,29,BA,290320,BARREIRAS,331,4.18%,512,6.47%,7.074,89.35%,7.917
NORDESTE,29,BA,290323,BARRO ALTO,26,4%,24,3.69%,600,92.31%,650
NORDESTE,29,BA,290327,BARROCAS,25,2.45%,78,7.65%,916,89.89%,1.019
NORDESTE,29,BA,290330,BARRO PRETO,9,3.1%,19,6.55%,262,90.34%,290
NORDESTE,29,BA,290340,BELMONTE,188,16.94%,108,9.73%,814,73.33%,1.11
NORDESTE,29,BA,290350,BELO CAMPO,26,2.19%,35,2.95%,1.127,94.87%,1.188
NORDESTE,29,BA,290360,BIRITINGA,17,2.43%,57,8.13%,627,89.44%,701
NORDESTE,29,BA,290370,BOA NOVA,30,4.42%,38,5.6%,611,89.99%,679
NORDESTE,29,BA,290380,BOA VISTA DO TUPIM,39,4.49%,64,7.36%,766,88.15%,869
NORDESTE,29,BA,290390,BOM JESUS DA LAPA,159,4.09%,267,6.86%,3.464,89.05%,3.89
NORDESTE,29,BA,290395,BOM JESUS DA SERRA,18,3.64%,33,6.68%,443,89.68%,494
NORDESTE,29,BA,290400,BONINAL,15,2%,25,3.34%,709,94.66%,749
NORDESTE,29,BA,290405,BONITO,29,3.85%,54,7.16%,671,88.99%,754
NORDESTE,29,BA,290410,BOQUIRA,33,3.32%,49,4.93%,911,91.74%,993
NORDESTE,29,BA,290420,BOTUPORA,28,4.96%,25,4.43%,511,90.6%,564
NORDESTE,29,BA,290430,BREJOES,12,1.87%,17,2.65%,612,95.48%,641
NORDESTE,29,BA,290440,BREJOLANDIA,9,2.12%,21,4.94%,395,92.94%,425
NORDESTE,29,BA,290450,BROTAS DE MACAUBAS,26,3.99%,34,5.22%,591,90.78%,651
NORDESTE,29,BA,290460,BRUMADO,56,2.27%,97,3.94%,2.309,93.79%,2.462
NORDESTE,29,BA,290470,BUERAREMA,43,5.67%,45,5.93%,671,88.41%,759
NORDESTE,29,BA,290475,BURITIRAMA,75,5.01%,113,7.55%,1.309,87.44%,1.497
NORDESTE,29,BA,290480,CAATIBA,4,1.54%,11,4.25%,244,94.21%,259
NORDESTE,29,BA,290485,CABACEIRAS DO PARAGUACU,51,4.47%,75,6.57%,1.016,88.97%,1.142
NORDESTE,29,BA,290490,CACHOEIRA,70,6.28%,50,4.48%,995,89.24%,1.115
NORDESTE,29,BA,290500,CACULE,13,1.2%,38,3.52%,1.028,95.27%,1.079
NORDESTE,29,BA,290510,CAEM,29,5.23%,32,5.78%,493,88.99%,554
NORDESTE,29,BA,290515,CAETANOS,19,2.97%,38,5.94%,583,91.09%,640
NORDESTE,29,BA,290520,CAETITE,80,3.59%,127,5.69%,2.024,90.72%,2.231
NORDESTE,29,BA,290530,CAFARNAUM,54,4.82%,71,6.34%,995,88.84%,1.12
NORDESTE,29,BA,290540,CAIRU,55,5.86%,55,5.86%,829,88.29%,939
NORDESTE,29,BA,290550,CALDEIRAO GRANDE,61,7.88%,68,8.79%,645,83.33%,774
NORDESTE,29,BA,290560,CAMACAN,32,3.47%,50,5.42%,840,91.11%,922
NORDESTE,29,BA,290570,CAMACARI,334,3.06%,528,4.84%,10.052,92.1%,10.914
NORDESTE,29,BA,290580,CAMAMU,87,4.67%,101,5.42%,1.676,89.91%,1.864
NORDESTE,29,BA,290590,CAMPO ALEGRE DE LOURDES,95,5.01%,116,6.12%,1.685,88.87%,1.896
NORDESTE,29,BA,290600,CAMPO FORMOSO,222,5.44%,303,7.43%,3.555,87.13%,4.08
NORDESTE,29,BA,290610,CANAPOLIS,28,5.83%,34,7.08%,418,87.08%,480
NORDESTE,29,BA,290620,CANARANA,203,13.11%,161,10.4%,1.184,76.49%,1.548
NORDESTE,29,BA,290630,CANAVIEIRAS,39,2.68%,82,5.64%,1.332,91.67%,1.453
NORDESTE,29,BA,290640,CANDEAL,16,3.83%,17,4.07%,385,92.11%,418
NORDESTE,29,BA,290650,CANDEIAS,129,3.78%,184,5.39%,3.101,90.83%,3.414
NORDESTE,29,BA,290660,CANDIBA,15,2.7%,30,5.41%,510,91.89%,555
NORDESTE,29,BA,290670,CANDIDO SALES,48,3.4%,67,4.74%,1.298,91.86%,1.413
NORDESTE,29,BA,290680,CANSANCAO,78,3.45%,136,6.02%,2.044,90.52%,2.258
NORDESTE,29,BA,290682,CANUDOS,36,3.97%,40,4.41%,831,91.62%,907
NORDESTE,29,BA,290685,CAPELA DO ALTO ALEGRE,9,2.05%,26,5.94%,403,92.01%,438
NORDESTE,29,BA,290687,CAPIM GROSSO,83,5.2%,137,8.58%,1.376,86.22%,1.596
NORDESTE,29,BA,290689,CARAIBAS,15,3.47%,24,5.56%,393,90.97%,432
NORDESTE,29,BA,290690,CARAVELAS,149,13.95%,76,7.12%,843,78.93%,1.068
NORDESTE,29,BA,290700,CARDEAL DA SILVA,37,6.11%,35,5.78%,534,88.12%,606
NORDESTE,29,BA,290710,CARINHANHA,61,3.35%,113,6.2%,1.648,90.45%,1.822
NORDESTE,29,BA,290720,CASA NOVA,372,8.69%,397,9.28%,3.51,82.03%,4.279
NORDESTE,29,BA,290730,CASTRO ALVES,27,2.12%,58,4.56%,1.188,93.32%,1.273
NORDESTE,29,BA,290740,CATOLANDIA,6,2.96%,8,3.94%,189,93.1%,203
NORDESTE,29,BA,290750,CATU,63,4.22%,100,6.7%,1.329,89.08%,1.492
NORDESTE,29,BA,290755,CATURAMA,4,1.17%,14,4.11%,323,94.72%,341
NORDESTE,29,BA,290760,CENTRAL,103,12.44%,51,6.16%,674,81.4%,828
NORDESTE,29,BA,290770,CHORROCHO,28,4.05%,52,7.51%,612,88.44%,692
NORDESTE,29,BA,290780,CICERO DANTAS,33,2.61%,67,5.3%,1.163,92.08%,1.263
NORDESTE,29,BA,290790,CIPO,39,3.87%,62,6.14%,908,89.99%,1.009
NORDESTE,29,BA,290800,COARACI,37,6.02%,37,6.02%,541,87.97%,615
NORDESTE,29,BA,290810,COCOS,38,3.6%,53,5.02%,965,91.38%,1.056
NORDESTE,29,BA,290820,CONCEICAO DA FEIRA,65,6.79%,76,7.94%,816,85.27%,957
NORDESTE,29,BA,290830,CONCEICAO DO ALMEIDA,12,1.75%,39,5.69%,634,92.55%,685
NORDESTE,29,BA,290840,CONCEICAO DO COITE,113,3.2%,190,5.38%,3.23,91.42%,3.533
NORDESTE,29,BA,290850,CONCEICAO DO JACUIPE,57,3.43%,83,4.99%,1.522,91.58%,1.662
NORDESTE,29,BA,290860,CONDE,70,4.7%,98,6.58%,1.322,88.72%,1.49
NORDESTE,29,BA,290870,CONDEUBA,19,2.25%,28,3.31%,799,94.44%,846
NORDESTE,29,BA,290880,CONTENDAS DO SINCORA,5,2.18%,8,3.49%,216,94.32%,229
NORDESTE,29,BA,290890,CORACAO DE MARIA,65,7.25%,89,9.92%,743,82.83%,897
NORDESTE,29,BA,290900,CORDEIROS,9,2.06%,15,3.43%,413,94.51%,437
NORDESTE,29,BA,290910,CORIBE,13,1.74%,35,4.7%,697,93.56%,745
NORDESTE,29,BA,290920,CORONEL JOAO SA,27,2.84%,52,5.47%,871,91.68%,950
NORDESTE,29,BA,290930,CORRENTINA,112,5.78%,120,6.2%,1.705,88.02%,1.937
NORDESTE,29,BA,290940,COTEGIPE,54,7.68%,51,7.25%,598,85.06%,703
NORDESTE,29,BA,290950,CRAVOLANDIA,4,1.68%,17,7.14%,217,91.18%,238
NORDESTE,29,BA,290960,CRISOPOLIS,43,3.9%,80,7.26%,979,88.84%,1.102
NORDESTE,29,BA,290970,CRISTOPOLIS,33,4.8%,58,8.44%,596,86.75%,687
NORDESTE,29,BA,290980,CRUZ DAS ALMAS,113,4.63%,181,7.42%,2.146,87.95%,2.44
NORDESTE,29,BA,290990,CURACA,123,6.42%,117,6.11%,1.675,87.47%,1.915
NORDESTE,29,BA,291000,DARIO MEIRA,26,4.4%,32,5.41%,533,90.19%,591
NORDESTE,29,BA,291005,DIAS D'AVILA,118,3.82%,164,5.31%,2.807,90.87%,3.089
NORDESTE,29,BA,291010,DOM BASILIO,11,1.71%,22,3.43%,609,94.86%,642
NORDESTE,29,BA,291020,DOM MACEDO COSTA,1,0.54%,3,1.63%,180,97.83%,184
NORDESTE,29,BA,291030,ELISIO MEDRADO,8,2.61%,9,2.94%,289,94.44%,306
NORDESTE,29,BA,291040,ENCRUZILHADA,56,5.86%,62,6.49%,837,87.64%,955
NORDESTE,29,BA,291050,ENTRE RIOS,107,4.95%,135,6.24%,1.92,88.81%,2.162
NORDESTE,29,BA,291060,ESPLANADA,90,5.43%,114,6.88%,1.454,87.7%,1.658
NORDESTE,29,BA,291070,EUCLIDES DA CUNHA,189,6.12%,202,6.54%,2.699,87.35%,3.09
NORDESTE,29,BA,291072,EUNAPOLIS,116,2.5%,185,3.98%,4.342,93.52%,4.643
NORDESTE,29,BA,291075,FATIMA,19,2.04%,41,4.39%,873,93.57%,933
NORDESTE,29,BA,291077,FEIRA DA MATA,9,2.95%,11,3.61%,285,93.44%,305
NORDESTE,29,BA,291080,FEIRA DE SANTANA,1.635,7.89%,1.721,8.3%,17.37,83.81%,20.726
NORDESTE,29,BA,291085,FILADELFIA,63,6.25%,57,5.65%,888,88.1%,1.008
NORDESTE,29,BA,291090,FIRMINO ALVES,11,4.33%,12,4.72%,231,90.94%,254
NORDESTE,29,BA,291100,FLORESTA AZUL,25,6.67%,28,7.47%,322,85.87%,375
NORDESTE,29,BA,291110,FORMOSA DO RIO PRETO,54,3.63%,92,6.18%,1.343,90.19%,1.489
NORDESTE,29,BA,291120,GANDU,44,3.13%,63,4.48%,1.3,92.4%,1.407
NORDESTE,29,BA,291125,GAVIAO,17,7.52%,22,9.73%,187,82.74%,226
NORDESTE,29,BA,291130,GENTIO DO OURO,27,5.28%,26,5.09%,458,89.63%,511
NORDESTE,29,BA,291140,GLORIA,23,2.7%,46,5.41%,782,91.89%,851
NORDESTE,29,BA,291150,GONGOGI,19,5.29%,32,8.91%,308,85.79%,359
NORDESTE,29,BA,291160,GOVERNADOR MANGABEIRA,39,3.94%,59,5.95%,893,90.11%,991
NORDESTE,29,BA,291165,GUAJERU,6,1.74%,22,6.38%,317,91.88%,345
NORDESTE,29,BA,291170,GUANAMBI,55,1.41%,153,3.92%,3.693,94.67%,3.901
NORDESTE,29,BA,291180,GUARATINGA,29,4.22%,43,6.25%,616,89.53%,688
NORDESTE,29,BA,291185,HELIOPOLIS,22,3.72%,48,8.11%,522,88.18%,592
NORDESTE,29,BA,291190,IACU,32,2.68%,53,4.44%,1.108,92.88%,1.193
NORDESTE,29,BA,291200,IBIASSUCE,6,1.28%,14,2.99%,448,95.73%,468
NORDESTE,29,BA,291210,IBICARAI,42,4.57%,68,7.39%,810,88.04%,920
NORDESTE,29,BA,291220,IBICOARA,72,5.33%,81,6%,1.198,88.68%,1.351
NORDESTE,29,BA,291230,IBICUI,10,1.55%,18,2.8%,616,95.65%,644
NORDESTE,29,BA,291240,IBIPEBA,11,1.26%,32,3.67%,830,95.07%,873
NORDESTE,29,BA,291250,IBIPITANGA,14,2.08%,23,3.41%,637,94.51%,674
NORDESTE,29,BA,291260,IBIQUERA,16,6.93%,18,7.79%,197,85.28%,231
NORDESTE,29,BA,291270,IBIRAPITANGA,49,4.83%,55,5.42%,910,89.74%,1.014
NORDESTE,29,BA,291280,IBIRAPUA,26,4.88%,37,6.94%,470,88.18%,533
NORDESTE,29,BA,291290,IBIRATAIA,25,2.71%,52,5.65%,844,91.64%,921
NORDESTE,29,BA,291300,IBITIARA,17,2.89%,36,6.12%,535,90.99%,588
NORDESTE,29,BA,291310,IBITITA,64,6.35%,60,5.95%,884,87.7%,1.008
NORDESTE,29,BA,291320,IBOTIRAMA,49,3.21%,79,5.18%,1.397,91.61%,1.525
NORDESTE,29,BA,291330,ICHU,6,1.6%,17,4.52%,353,93.88%,376
NORDESTE,29,BA,291340,IGAPORA,14,1.87%,22,2.93%,714,95.2%,750
NORDESTE,29,BA,291345,IGRAPIUNA,32,4.9%,36,5.51%,585,89.59%,653
NORDESTE,29,BA,291350,IGUAI,33,3.46%,41,4.3%,879,92.24%,953
NORDESTE,29,BA,291360,ILHEUS,245,4.46%,345,6.28%,4.901,89.26%,5.491
NORDESTE,29,BA,291370,INHAMBUPE,120,6.9%,135,7.76%,1.485,85.34%,1.74
NORDESTE,29,BA,291380,IPECAETA,47,5.33%,54,6.13%,780,88.54%,881
NORDESTE,29,BA,291390,IPIAU,88,5.12%,101,5.88%,1.529,89%,1.718
NORDESTE,29,BA,291400,IPIRA,110,4.74%,176,7.59%,2.033,87.67%,2.319
NORDESTE,29,BA,291410,IPUPIARA,14,2.55%,17,3.1%,518,94.35%,549
NORDESTE,29,BA,291420,IRAJUBA,7,2.21%,12,3.79%,298,94.01%,317
NORDESTE,29,BA,291430,IRAMAIA,16,3.53%,23,5.08%,414,91.39%,453
NORDESTE,29,BA,291440,IRAQUARA,55,3.41%,86,5.33%,1.473,91.26%,1.614
NORDESTE,29,BA,291450,IRARA,68,4.77%,89,6.24%,1.27,89%,1.427
NORDESTE,29,BA,291460,IRECE,126,3.65%,240,6.96%,3.082,89.39%,3.448
NORDESTE,29,BA,291465,ITABELA,291,14.11%,159,7.71%,1.613,78.19%,2.063
NORDESTE,29,BA,291470,ITABERABA,239,7.75%,234,7.59%,2.61,84.66%,3.083
NORDESTE,29,BA,291480,ITABUNA,204,4%,293,5.75%,4.603,90.25%,5.1
NORDESTE,29,BA,291490,ITACARE,60,3.66%,111,6.77%,1.468,89.57%,1.639
NORDESTE,29,BA,291500,ITAETE,35,3.94%,31,3.49%,822,92.57%,888
NORDESTE,29,BA,291510,ITAGI,23,3.52%,36,5.5%,595,90.98%,654
NORDESTE,29,BA,291520,ITAGIBA,35,4.87%,33,4.59%,651,90.54%,719
NORDESTE,29,BA,291530,ITAGIMIRIM,17,5.57%,10,3.28%,278,91.15%,305
NORDESTE,29,BA,291535,ITAGUACU DA BAHIA,35,3.88%,61,6.76%,806,89.36%,902
NORDESTE,29,BA,291540,ITAJU DO COLONIA,9,3.38%,19,7.14%,238,89.47%,266
NORDESTE,29,BA,291550,ITAJUIPE,49,5.59%,90,10.27%,737,84.13%,876
NORDESTE,29,BA,291560,ITAMARAJU,173,6.25%,191,6.9%,2.404,86.85%,2.768
NORDESTE,29,BA,291570,ITAMARI,6,2%,8,2.67%,286,95.33%,300
NORDESTE,29,BA,291580,ITAMBE,51,4.5%,42,3.71%,1.04,91.79%,1.133
NORDESTE,29,BA,291590,ITANAGRA,12,2.46%,21,4.31%,454,93.22%,487
NORDESTE,29,BA,291600,ITANHEM,13,2.24%,18,3.1%,549,94.66%,580
NORDESTE,29,BA,291610,ITAPARICA,42,4.48%,67,7.15%,828,88.37%,937
NORDESTE,29,BA,291620,ITAPE,14,3.42%,21,5.13%,374,91.44%,409
NORDESTE,29,BA,291630,ITAPEBI,11,2.32%,22,4.64%,441,93.04%,474
NORDESTE,29,BA,291640,ITAPETINGA,80,2.87%,135,4.84%,2.576,92.3%,2.791
NORDESTE,29,BA,291650,ITAPICURU,57,3.09%,121,6.55%,1.668,90.36%,1.846
NORDESTE,29,BA,291660,ITAPITANGA,16,6.48%,20,8.1%,211,85.43%,247
NORDESTE,29,BA,291670,ITAQUARA,3,0.88%,8,2.35%,330,96.77%,341
NORDESTE,29,BA,291680,ITARANTIM,12,1.69%,23,3.24%,674,95.06%,709
NORDESTE,29,BA,291685,ITATIM,41,3.73%,55,5%,1.004,91.27%,1.1
NORDESTE,29,BA,291690,ITIRUCU,8,1.48%,25,4.61%,509,93.91%,542
NORDESTE,29,BA,291700,ITIUBA,120,5.99%,135,6.74%,1.747,87.26%,2.002
NORDESTE,29,BA,291710,ITORORO,24,3.03%,49,6.19%,718,90.77%,791
NORDESTE,29,BA,291720,ITUACU,24,2.33%,40,3.89%,964,93.77%,1.028
NORDESTE,29,BA,291730,ITUBERA,69,5.7%,74,6.11%,1.068,88.19%,1.211
NORDESTE,29,BA,291733,IUIU,23,3.78%,29,4.76%,557,91.46%,609
NORDESTE,29,BA,291735,JABORANDI,11,1.68%,33,5.05%,610,93.27%,654
NORDESTE,29,BA,291740,JACARACI,20,3.24%,23,3.72%,575,93.04%,618
NORDESTE,29,BA,291750,JACOBINA,218,5.42%,250,6.21%,3.555,88.37%,4.023
NORDESTE,29,BA,291760,JAGUAQUARA,69,3.42%,101,5.01%,1.845,91.56%,2.015
NORDESTE,29,BA,291770,JAGUARARI,100,7.17%,115,8.25%,1.179,84.58%,1.394
NORDESTE,29,BA,291780,JAGUARIPE,25,2.66%,44,4.68%,871,92.66%,940
NORDESTE,29,BA,291790,JANDAIRA,63,9.74%,40,6.18%,544,84.08%,647
NORDESTE,29,BA,291800,JEQUIE,192,3.09%,280,4.5%,5.75,92.41%,6.222
NORDESTE,29,BA,291810,JEREMOABO,71,3.54%,143,7.13%,1.792,89.33%,2.006
NORDESTE,29,BA,291820,JIQUIRICA,30,4.23%,43,6.06%,636,89.7%,709
NORDESTE,29,BA,291830,JITAUNA,26,3.14%,44,5.31%,759,91.56%,829
NORDESTE,29,BA,291835,JOAO DOURADO,104,7.07%,115,7.82%,1.251,85.1%,1.47
NORDESTE,29,BA,291840,JUAZEIRO,648,4.95%,910,6.96%,11.522,88.09%,13.08
NORDESTE,29,BA,291845,JUCURUCU,25,4.66%,26,4.84%,486,90.5%,537
NORDESTE,29,BA,291850,JUSSARA,32,3.38%,59,6.24%,855,90.38%,946
NORDESTE,29,BA,291855,JUSSARI,9,3.95%,16,7.02%,203,89.04%,228
NORDESTE,29,BA,291860,JUSSIAPE,5,1.85%,4,1.48%,261,96.67%,270
NORDESTE,29,BA,291870,LAFAIETE COUTINHO,4,2.07%,4,2.07%,185,95.85%,193
NORDESTE,29,BA,291875,LAGOA REAL,14,2.1%,26,3.9%,627,94%,667
NORDESTE,29,BA,291880,LAJE,56,4.89%,58,5.06%,1.032,90.05%,1.146
NORDESTE,29,BA,291890,LAJEDAO,29,12.34%,21,8.94%,185,78.72%,235
NORDESTE,29,BA,291900,LAJEDINHO,15,7.04%,16,7.51%,182,85.45%,213
NORDESTE,29,BA,291905,LAJEDO DO TABOCAL,6,1.91%,17,5.41%,291,92.68%,314
NORDESTE,29,BA,291910,LAMARAO,20,3.92%,33,6.47%,457,89.61%,510
NORDESTE,29,BA,291915,LAPAO,89,5.08%,100,5.71%,1.563,89.21%,1.752
NORDESTE,29,BA,291920,LAURO DE FREITAS,260,4.36%,295,4.95%,5.402,90.68%,5.957
NORDESTE,29,BA,291930,LENCOIS,16,4.2%,26,6.82%,339,88.98%,381
NORDESTE,29,BA,291940,LICINIO DE ALMEIDA,9,1.48%,28,4.61%,571,93.91%,608
NORDESTE,29,BA,291950,LIVRAMENTO DE NOSSA SENHORA,36,1.83%,69,3.51%,1.86,94.66%,1.965
NORDESTE,29,BA,291955,LUIS EDUARDO MAGALHAES,226,3.15%,371,5.17%,6.582,91.68%,7.179
NORDESTE,29,BA,291960,MACAJUBA,41,6.87%,31,5.19%,525,87.94%,597
NORDESTE,29,BA,291970,MACARANI,9,1.36%,19,2.87%,633,95.76%,661
NORDESTE,29,BA,291980,MACAUBAS,37,1.73%,82,3.84%,2.016,94.43%,2.135
NORDESTE,29,BA,291990,MACURURE,25,5.09%,30,6.11%,436,88.8%,491
NORDESTE,29,BA,291992,MADRE DE DEUS,22,4.44%,36,7.27%,437,88.28%,495
NORDESTE,29,BA,291995,MAETINGA,7,1.85%,10,2.65%,361,95.5%,378
NORDESTE,29,BA,292000,MAIQUINIQUE,13,3.22%,14,3.47%,377,93.32%,404
NORDESTE,29,BA,292010,MAIRI,89,10.89%,63,7.71%,665,81.4%,817
NORDESTE,29,BA,292020,MALHADA,38,3.48%,44,4.03%,1.011,92.5%,1.093
NORDESTE,29,BA,292030,MALHADA DE PEDRAS,7,1.67%,23,5.5%,388,92.82%,418
NORDESTE,29,BA,292040,MANOEL VITORINO,43,5.9%,44,6.04%,642,88.07%,729
NORDESTE,29,BA,292045,MANSIDAO,44,6.65%,67,10.12%,551,83.23%,662
NORDESTE,29,BA,292050,MARACAS,43,3.7%,66,5.68%,1.053,90.62%,1.162
NORDESTE,29,BA,292060,MARAGOGIPE,113,6.28%,120,6.67%,1.566,87.05%,1.799
NORDESTE,29,BA,292070,MARAU,80,5.81%,63,4.58%,1.233,89.61%,1.376
NORDESTE,29,BA,292080,MARCIONILIO SOUZA,30,5.07%,24,4.05%,538,90.88%,592
NORDESTE,29,BA,292090,MASCOTE,17,3.96%,23,5.36%,389,90.68%,429
NORDESTE,29,BA,292100,MATA DE SAO JOAO,114,3.96%,189,6.57%,2.574,89.47%,2.877
NORDESTE,29,BA,292105,MATINA,9,1.69%,23,4.33%,499,93.97%,531
NORDESTE,29,BA,292110,MEDEIROS NETO,48,4.39%,69,6.31%,976,89.3%,1.093
NORDESTE,29,BA,292120,MIGUEL CALMON,68,5.56%,57,4.66%,1.098,89.78%,1.223
NORDESTE,29,BA,292130,MILAGRES,19,3.57%,26,4.89%,487,91.54%,532
NORDESTE,29,BA,292140,MIRANGABA,27,3.32%,34,4.18%,753,92.51%,814
NORDESTE,29,BA,292145,MIRANTE,6,1.17%,26,5.08%,480,93.75%,512
NORDESTE,29,BA,292150,MONTE SANTO,130,5.06%,152,5.92%,2.285,89.01%,2.567
NORDESTE,29,BA,292160,MORPARA,19,3.93%,40,8.28%,424,87.78%,483
NORDESTE,29,BA,292170,MORRO DO CHAPEU,49,3.02%,72,4.44%,1.501,92.54%,1.622
NORDESTE,29,BA,292180,MORTUGABA,12,2.21%,24,4.41%,508,93.38%,544
NORDESTE,29,BA,292190,MUCUGE,25,3.51%,45,6.32%,642,90.17%,712
NORDESTE,29,BA,292200,MUCURI,59,3%,95,4.84%,1.81,92.16%,1.964
NORDESTE,29,BA,292205,MULUNGU DO MORRO,28,3.18%,61,6.92%,792,89.9%,881
NORDESTE,29,BA,292210,MUNDO NOVO,27,3.55%,36,4.74%,697,91.71%,760
NORDESTE,29,BA,292220,MUNIZ FERREIRA,8,2.68%,15,5.03%,275,92.28%,298
NORDESTE,29,BA,292225,MUQUEM DE SAO FRANCISCO,57,9.3%,50,8.16%,506,82.54%,613
NORDESTE,29,BA,292230,MURITIBA,58,3.6%,93,5.78%,1.458,90.62%,1.609
NORDESTE,29,BA,292240,MUTUIPE,23,2.42%,46,4.84%,882,92.74%,951
NORDESTE,29,BA,292250,NAZARE,46,4.28%,54,5.02%,976,90.71%,1.076
NORDESTE,29,BA,292260,NILO PECANHA,43,5.75%,43,5.75%,662,88.5%,748
NORDESTE,29,BA,292265,NORDESTINA,29,3.9%,47,6.33%,667,89.77%,743
NORDESTE,29,BA,292270,NOVA CANAA,18,2.85%,34,5.39%,579,91.76%,631
NORDESTE,29,BA,292273,NOVA FATIMA,13,3.42%,16,4.21%,351,92.37%,380
NORDESTE,29,BA,292275,NOVA IBIA,11,3.11%,16,4.52%,327,92.37%,354
NORDESTE,29,BA,292280,NOVA ITARANA,17,4.5%,24,6.35%,337,89.15%,378
NORDESTE,29,BA,292285,NOVA REDENCAO,19,5.05%,18,4.79%,339,90.16%,376
NORDESTE,29,BA,292290,NOVA SOURE,53,4.03%,89,6.77%,1.172,89.19%,1.314
NORDESTE,29,BA,292300,NOVA VICOSA,84,3.97%,99,4.68%,1.933,91.35%,2.116
NORDESTE,29,BA,292303,NOVO HORIZONTE,17,2.46%,28,4.05%,647,93.5%,692
NORDESTE,29,BA,292305,NOVO TRIUNFO,31,6.39%,37,7.63%,417,85.98%,485
NORDESTE,29,BA,292310,OLINDINA,74,6.92%,102,9.54%,893,83.54%,1.069
NORDESTE,29,BA,292320,OLIVEIRA DOS BREJINHOS,45,3.79%,54,4.55%,1.087,91.65%,1.186
NORDESTE,29,BA,292330,OURICANGAS,15,3.71%,40,9.9%,349,86.39%,404
NORDESTE,29,BA,292335,OUROLANDIA,47,4.01%,69,5.89%,1.056,90.1%,1.172
NORDESTE,29,BA,292340,PALMAS DE MONTE ALTO,24,2.4%,44,4.41%,930,93.19%,998
NORDESTE,29,BA,292350,PALMEIRAS,22,4.08%,33,6.12%,484,89.8%,539
NORDESTE,29,BA,292360,PARAMIRIM,15,1.78%,22,2.61%,807,95.62%,844
NORDESTE,29,BA,292370,PARATINGA,83,4.14%,118,5.89%,1.803,89.97%,2.004
NORDESTE,29,BA,292380,PARIPIRANGA,36,2.74%,41,3.12%,1.238,94.14%,1.315
NORDESTE,29,BA,292390,PAU BRASIL,16,2.31%,32,4.61%,646,93.08%,694
NORDESTE,29,BA,292400,PAULO AFONSO,154,2.98%,307,5.94%,4.709,91.08%,5.17
NORDESTE,29,BA,292405,PE DE SERRA,13,1.57%,19,2.29%,796,96.14%,828
NORDESTE,29,BA,292410,PEDRAO,21,5.98%,23,6.55%,307,87.46%,351
NORDESTE,29,BA,292420,PEDRO ALEXANDRE,48,5.08%,57,6.04%,839,88.88%,944
NORDESTE,29,BA,292430,PIATA,40,4.05%,66,6.68%,882,89.27%,988
NORDESTE,29,BA,292440,PILAO ARCADO,149,8.66%,180,10.47%,1.391,80.87%,1.72
NORDESTE,29,BA,292450,PINDAI,32,4.26%,34,4.53%,685,91.21%,751
NORDESTE,29,BA,292460,PINDOBACU,90,7.66%,114,9.7%,971,82.64%,1.175
NORDESTE,29,BA,292465,PINTADAS,6,1.17%,16,3.13%,490,95.7%,512
NORDESTE,29,BA,292467,PIRAI DO NORTE,28,5.98%,20,4.27%,420,89.74%,468
NORDESTE,29,BA,292470,PIRIPA,6,1.39%,18,4.18%,407,94.43%,431
NORDESTE,29,BA,292480,PIRITIBA,68,8.48%,44,5.49%,690,86.03%,802
NORDESTE,29,BA,292490,PLANALTINO,8,2.65%,18,5.96%,276,91.39%,302
NORDESTE,29,BA,292500,PLANALTO,27,2.14%,60,4.75%,1.175,93.11%,1.262
NORDESTE,29,BA,292510,POCOES,92,4.2%,158,7.21%,1.94,88.58%,2.19
NORDESTE,29,BA,292520,POJUCA,46,4.6%,72,7.21%,881,88.19%,999
NORDESTE,29,BA,292525,PONTO NOVO,51,4.02%,62,4.88%,1.157,91.1%,1.27
NORDESTE,29,BA,292530,PORTO SEGURO,275,4.43%,421,6.78%,5.513,88.79%,6.209
NORDESTE,29,BA,292540,POTIRAGUA,21,4.21%,34,6.81%,444,88.98%,499
NORDESTE,29,BA,292550,PRADO,275,12.63%,167,7.67%,1.736,79.71%,2.178
NORDESTE,29,BA,292560,PRESIDENTE DUTRA,20,2.92%,23,3.35%,643,93.73%,686
NORDESTE,29,BA,292570,PRESIDENTE JANIO QUADROS,17,2.44%,25,3.59%,655,93.97%,697
NORDESTE,29,BA,292575,PRESIDENTE TANCREDO NEVES,64,3.73%,98,5.72%,1.552,90.55%,1.714
NORDESTE,29,BA,292580,QUEIMADAS,73,6.01%,71,5.85%,1.07,88.14%,1.214
NORDESTE,29,BA,292590,QUIJINGUE,55,4.04%,90,6.61%,1.217,89.35%,1.362
NORDESTE,29,BA,292593,QUIXABEIRA,10,2.87%,19,5.46%,319,91.67%,348
NORDESTE,29,BA,292595,RAFAEL JAMBEIRO,58,5.45%,48,4.51%,959,90.05%,1.065
NORDESTE,29,BA,292600,REMANSO,80,3.25%,139,5.65%,2.243,91.1%,2.462
NORDESTE,29,BA,292610,RETIROLANDIA,31,3.88%,37,4.63%,732,91.5%,800
NORDESTE,29,BA,292620,RIACHAO DAS NEVES,123,9.95%,129,10.44%,984,79.61%,1.236
NORDESTE,29,BA,292630,RIACHAO DO JACUIPE,58,4.43%,55,4.2%,1.197,91.37%,1.31
NORDESTE,29,BA,292640,RIACHO DE SANTANA,48,3.32%,80,5.53%,1.319,91.15%,1.447
NORDESTE,29,BA,292650,RIBEIRA DO AMPARO,50,6.05%,44,5.33%,732,88.62%,826
NORDESTE,29,BA,292660,RIBEIRA DO POMBAL,98,3.42%,167,5.83%,2.601,90.75%,2.866
NORDESTE,29,BA,292665,RIBEIRAO DO LARGO,22,5.35%,37,9%,352,85.64%,411
NORDESTE,29,BA,292670,RIO DE CONTAS,20,3.66%,23,4.21%,503,92.12%,546
NORDESTE,29,BA,292680,RIO DO ANTONIO,22,4%,37,6.73%,491,89.27%,550
NORDESTE,29,BA,292690,RIO DO PIRES,12,2.93%,27,6.6%,370,90.46%,409
NORDESTE,29,BA,292700,RIO REAL,56,3.22%,93,5.34%,1.591,91.44%,1.74
NORDESTE,29,BA,292710,RODELAS,47,6.84%,50,7.28%,590,85.88%,687
NORDESTE,29,BA,292720,RUY BARBOSA,43,2.82%,64,4.19%,1.42,92.99%,1.527
NORDESTE,29,BA,292730,SALINAS DA MARGARIDA,150,17.63%,75,8.81%,626,73.56%,851
NORDESTE,29,BA,292740,SALVADOR,2.474,3.81%,3.771,5.81%,58.633,90.37%,64.878
NORDESTE,29,BA,292750,SANTA BARBARA,51,5.51%,69,7.45%,806,87.04%,926
NORDESTE,29,BA,292760,SANTA BRIGIDA,39,3.97%,84,8.55%,859,87.47%,982
NORDESTE,29,BA,292770,SANTA CRUZ CABRALIA,186,11.6%,116,7.23%,1.302,81.17%,1.604
NORDESTE,29,BA,292780,SANTA CRUZ DA VITORIA,9,3.81%,7,2.97%,220,93.22%,236
NORDESTE,29,BA,292790,SANTA INES,14,2.88%,16,3.29%,456,93.83%,486
NORDESTE,29,BA,292800,SANTALUZ,89,4.49%,137,6.92%,1.755,88.59%,1.981
NORDESTE,29,BA,292805,SANTA LUZIA,12,1.79%,31,4.63%,627,93.58%,670
NORDESTE,29,BA,292810,SANTA MARIA DA VITORIA,100,5.15%,133,6.85%,1.71,88.01%,1.943
NORDESTE,29,BA,292820,SANTANA,65,4.99%,66,5.07%,1.172,89.95%,1.303
NORDESTE,29,BA,292830,SANTANOPOLIS,22,4.42%,32,6.43%,444,89.16%,498
NORDESTE,29,BA,292840,SANTA RITA DE CASSIA,64,4%,97,6.07%,1.438,89.93%,1.599
NORDESTE,29,BA,292850,SANTA TEREZINHA,9,1.67%,15,2.78%,516,95.56%,540
NORDESTE,29,BA,292860,SANTO AMARO,185,7.57%,189,7.74%,2.069,84.69%,2.443
NORDESTE,29,BA,292870,SANTO ANTONIO DE JESUS,133,3.16%,230,5.46%,3.852,91.39%,4.215
NORDESTE,29,BA,292880,SANTO ESTEVAO,125,4.86%,152,5.91%,2.294,89.23%,2.571
NORDESTE,29,BA,292890,SAO DESIDERIO,104,5.19%,151,7.53%,1.749,87.28%,2.004
NORDESTE,29,BA,292895,SAO DOMINGOS,10,2.48%,19,4.7%,375,92.82%,404
NORDESTE,29,BA,292900,SAO FELIX,39,7.88%,16,3.23%,440,88.89%,495
NORDESTE,29,BA,292905,SAO FELIX DO CORIBE,28,3.51%,31,3.89%,738,92.6%,797
NORDESTE,29,BA,292910,SAO FELIPE,31,3.26%,46,4.83%,875,91.91%,952
NORDESTE,29,BA,292920,SAO FRANCISCO DO CONDE,82,6.05%,86,6.35%,1.187,87.6%,1.355
NORDESTE,29,BA,292925,SAO GABRIEL,38,3.57%,64,6.02%,962,90.41%,1.064
NORDESTE,29,BA,292930,SAO GONCALO DOS CAMPOS,51,4.09%,63,5.05%,1.134,90.87%,1.248
NORDESTE,29,BA,292935,SAO JOSE DA VITORIA,9,2.8%,17,5.28%,296,91.93%,322
NORDESTE,29,BA,292937,SAO JOSE DO JACUIPE,9,1.67%,24,4.44%,507,93.89%,540
NORDESTE,29,BA,292940,SAO MIGUEL DAS MATAS,15,2.76%,33,6.07%,496,91.18%,544
NORDESTE,29,BA,292950,SAO SEBASTIAO DO PASSE,59,3.93%,77,5.12%,1.367,90.95%,1.503
NORDESTE,29,BA,292960,SAPEACU,35,3.88%,55,6.1%,812,90.02%,902
NORDESTE,29,BA,292970,SATIRO DIAS,80,9.17%,77,8.83%,715,82%,872
NORDESTE,29,BA,292975,SAUBARA,199,33.17%,43,7.17%,358,59.67%,600
NORDESTE,29,BA,292980,SAUDE,19,3.91%,24,4.94%,443,91.15%,486
NORDESTE,29,BA,292990,SEABRA,99,4.48%,131,5.93%,1.979,89.59%,2.209
NORDESTE,29,BA,293000,SEBASTIAO LARANJEIRAS,7,1.46%,25,5.22%,447,93.32%,479
NORDESTE,29,BA,293010,SENHOR DO BONFIM,139,4.24%,171,5.22%,2.966,90.54%,3.276
NORDESTE,29,BA,293015,SERRA DO RAMALHO,55,2.28%,85,3.52%,2.272,94.2%,2.412
NORDESTE,29,BA,293020,SENTO SE,133,5.72%,190,8.17%,2.004,86.12%,2.327
NORDESTE,29,BA,293030,SERRA DOURADA,26,2.91%,33,3.7%,833,93.39%,892
NORDESTE,29,BA,293040,SERRA PRETA,23,3.7%,21,3.38%,577,92.91%,621
NORDESTE,29,BA,293050,SERRINHA,191,5.12%,185,4.96%,3.353,89.92%,3.729
NORDESTE,29,BA,293060,SERROLANDIA,24,3.64%,40,6.07%,595,90.29%,659
NORDESTE,29,BA,293070,SIMOES FILHO,280,7.07%,263,6.64%,3.418,86.29%,3.961
NORDESTE,29,BA,293075,SITIO DO MATO,61,6.26%,66,6.77%,848,86.97%,975
NORDESTE,29,BA,293076,SITIO DO QUINTO,14,2.29%,38,6.22%,559,91.49%,611
NORDESTE,29,BA,293077,SOBRADINHO,104,7.03%,134,9.05%,1.242,83.92%,1.48
NORDESTE,29,BA,293080,SOUTO SOARES,34,3.32%,54,5.28%,935,91.4%,1.023
NORDESTE,29,BA,293090,TABOCAS DO BREJO VELHO,22,3.13%,31,4.41%,650,92.46%,703
NORDESTE,29,BA,293100,TANHACU,24,2.23%,28,2.6%,1.023,95.16%,1.075
NORDESTE,29,BA,293105,TANQUE NOVO,24,2.25%,49,4.6%,993,93.15%,1.066
NORDESTE,29,BA,293110,TANQUINHO,7,2.37%,9,3.05%,279,94.58%,295
NORDESTE,29,BA,293120,TAPEROA,42,4.6%,63,6.89%,809,88.51%,914
NORDESTE,29,BA,293130,TAPIRAMUTA,22,3.54%,26,4.18%,574,92.28%,622
NORDESTE,29,BA,293135,TEIXEIRA DE FREITAS,958,16.23%,356,6.03%,4.587,77.73%,5.901
NORDESTE,29,BA,293140,TEODORO SAMPAIO,13,4.61%,15,5.32%,254,90.07%,282
NORDESTE,29,BA,293150,TEOFILANDIA,64,6.24%,86,8.39%,875,85.37%,1.025
NORDESTE,29,BA,293160,TEOLANDIA,20,2.97%,29,4.31%,624,92.72%,673
NORDESTE,29,BA,293170,TERRA NOVA,31,5.81%,43,8.05%,460,86.14%,534
NORDESTE,29,BA,293180,TREMEDAL,26,3.44%,32,4.24%,697,92.32%,755
NORDESTE,29,BA,293190,TUCANO,107,3.84%,147,5.28%,2.532,90.88%,2.786
NORDESTE,29,BA,293200,UAUA,67,4.65%,72,4.99%,1.303,90.36%,1.442
NORDESTE,29,BA,293210,UBAIRA,38,3.95%,57,5.92%,868,90.13%,963
NORDESTE,29,BA,293220,UBAITABA,34,3.72%,57,6.24%,822,90.03%,913
NORDESTE,29,BA,293230,UBATA,24,4.01%,50,8.36%,524,87.63%,598
NORDESTE,29,BA,293240,UIBAI,19,2.95%,26,4.04%,598,93%,643
NORDESTE,29,BA,293245,UMBURANAS,48,5.11%,74,7.88%,817,87.01%,939
NORDESTE,29,BA,293250,UNA,17,1.62%,48,4.57%,985,93.81%,1.05
NORDESTE,29,BA,293260,URANDI,23,3.27%,32,4.55%,649,92.19%,704
NORDESTE,29,BA,293270,URUCUCA,133,10.48%,95,7.49%,1.041,82.03%,1.269
NORDESTE,29,BA,293280,UTINGA,37,4.13%,26,2.91%,832,92.96%,895
NORDESTE,29,BA,293290,VALENCA,166,4.96%,240,7.17%,2.942,87.87%,3.348
NORDESTE,29,BA,293300,VALENTE,31,2.76%,68,6.05%,1.025,91.19%,1.124
NORDESTE,29,BA,293305,VARZEA DA ROCA,42,6.2%,46,6.79%,589,87%,677
NORDESTE,29,BA,293310,VARZEA DO POCO,15,5.14%,25,8.56%,252,86.3%,292
NORDESTE,29,BA,293315,VARZEA NOVA,43,5.3%,62,7.64%,707,87.07%,812
NORDESTE,29,BA,293317,VARZEDO,20,5.57%,19,5.29%,320,89.14%,359
NORDESTE,29,BA,293320,VERA CRUZ,78,4.41%,89,5.04%,1.6,90.55%,1.767
NORDESTE,29,BA,293325,VEREDA,17,5.25%,18,5.56%,289,89.2%,324
NORDESTE,29,BA,293330,VITORIA DA CONQUISTA,305,2.25%,580,4.28%,12.658,93.47%,13.543
NORDESTE,29,BA,293340,WAGNER,17,4.09%,19,4.57%,380,91.35%,416
NORDESTE,29,BA,293345,WANDERLEY,26,3.84%,37,5.47%,614,90.69%,677
NORDESTE,29,BA,293350,WENCESLAU GUIMARAES,101,7.51%,116,8.62%,1.128,83.87%,1.345
NORDESTE,29,BA,293360,XIQUE-XIQUE,170,6.15%,230,8.32%,2.365,85.53%,2.765
SUDESTE,31,MG,310010,ABADIA DOS DOURADOS,3,1.24%,14,5.79%,225,92.98%,242
SUDESTE,31,MG,310020,ABAETE,32,3.87%,27,3.26%,768,92.87%,827
SUDESTE,31,MG,310030,ABRE CAMPO,34,6.25%,30,5.51%,480,88.24%,544
SUDESTE,31,MG,310040,ACAIACA,3,2.14%,8,5.71%,129,92.14%,140
SUDESTE,31,MG,310050,ACUCENA,6,1.5%,21,5.26%,372,93.23%,399
SUDESTE,31,MG,310060,AGUA BOA,41,6.5%,36,5.71%,554,87.8%,631
SUDESTE,31,MG,310070,AGUA COMPRIDA,1,0.74%,5,3.7%,129,95.56%,135
SUDESTE,31,MG,310080,AGUANIL,4,1.61%,14,5.62%,231,92.77%,249
SUDESTE,31,MG,310090,AGUAS FORMOSAS,83,8.28%,84,8.37%,836,83.35%,1.003
SUDESTE,31,MG,310100,AGUAS VERMELHAS,16,1.89%,47,5.56%,783,92.55%,846
SUDESTE,31,MG,310110,AIMORES,39,3.97%,61,6.21%,882,89.82%,982
SUDESTE,31,MG,310120,AIURUOCA,3,1.6%,12,6.42%,172,91.98%,187
SUDESTE,31,MG,310130,ALAGOA,0,-,10,6.85%,136,93.15%,146
SUDESTE,31,MG,310140,ALBERTINA,11,6.04%,7,3.85%,164,90.11%,182
SUDESTE,31,MG,310150,ALEM PARAIBA,57,5%,70,6.15%,1.012,88.85%,1.139
SUDESTE,31,MG,310160,ALFENAS,106,5.37%,134,6.79%,1.733,87.84%,1.973
SUDESTE,31,MG,310163,ALFREDO VASCONCELOS,9,2.62%,21,6.1%,314,91.28%,344
SUDESTE,31,MG,310170,ALMENARA,73,4.14%,159,9.02%,1.531,86.84%,1.763
SUDESTE,31,MG,310180,ALPERCATA,15,4.16%,18,4.99%,328,90.86%,361
SUDESTE,31,MG,310190,ALPINOPOLIS,32,5.7%,51,9.09%,478,85.2%,561
SUDESTE,31,MG,310200,ALTEROSA,15,1.87%,28,3.48%,761,94.65%,804
SUDESTE,31,MG,310205,ALTO CAPARAO,13,4.02%,21,6.5%,289,89.47%,323
SUDESTE,31,MG,310210,ALTO RIO DOCE,17,3.97%,27,6.31%,384,89.72%,428
SUDESTE,31,MG,310220,ALVARENGA,2,1.01%,7,3.54%,189,95.45%,198
SUDESTE,31,MG,310230,ALVINOPOLIS,37,7.86%,27,5.73%,407,86.41%,471
SUDESTE,31,MG,310240,ALVORADA DE MINAS,8,2.35%,28,8.24%,304,89.41%,340
SUDESTE,31,MG,310250,AMPARO DO SERRA,9,3.81%,12,5.08%,215,91.1%,236
SUDESTE,31,MG,310260,ANDRADAS,42,2.76%,121,7.96%,1.357,89.28%,1.52
SUDESTE,31,MG,310270,CACHOEIRA DE PAJEU,15,3.89%,21,5.44%,350,90.67%,386
SUDESTE,31,MG,310280,ANDRELANDIA,12,2.58%,26,5.58%,428,91.85%,466
SUDESTE,31,MG,310285,ANGELANDIA,20,3.63%,46,8.35%,485,88.02%,551
SUDESTE,31,MG,310290,ANTONIO CARLOS,15,2.8%,15,2.8%,506,94.4%,536
SUDESTE,31,MG,310300,ANTONIO DIAS,9,1.9%,28,5.91%,437,92.19%,474
SUDESTE,31,MG,310310,ANTONIO PRADO DE MINAS,0,-,3,5.88%,48,94.12%,51
SUDESTE,31,MG,310320,ARACAI,5,13.51%,2,5.41%,30,81.08%,37
SUDESTE,31,MG,310330,ARACITABA,1,1.01%,6,6.06%,92,92.93%,99
SUDESTE,31,MG,310340,ARACUAI,35,2.13%,84,5.1%,1.528,92.77%,1.647
SUDESTE,31,MG,310350,ARAGUARI,161,3.82%,263,6.23%,3.795,89.95%,4.219
SUDESTE,31,MG,310360,ARANTINA,2,1.39%,11,7.64%,131,90.97%,144
SUDESTE,31,MG,310370,ARAPONGA,10,2.21%,17,3.75%,426,94.04%,453
SUDESTE,31,MG,310375,ARAPORA,24,5.08%,28,5.93%,420,88.98%,472
SUDESTE,31,MG,310380,ARAPUA,3,4.35%,6,8.7%,60,86.96%,69
SUDESTE,31,MG,310390,ARAUJOS,13,4.18%,21,6.75%,277,89.07%,311
SUDESTE,31,MG,310400,ARAXA,76,3.22%,166,7.03%,2.12,89.75%,2.362
SUDESTE,31,MG,310410,ARCEBURGO,7,2.4%,10,3.42%,275,94.18%,292
SUDESTE,31,MG,310420,ARCOS,33,3.85%,70,8.16%,755,88%,858
SUDESTE,31,MG,310430,AREADO,14,2.34%,24,4.01%,561,93.66%,599
SUDESTE,31,MG,310440,ARGIRITA,5,4.1%,6,4.92%,111,90.98%,122
SUDESTE,31,MG,310445,ARICANDUVA,10,4.12%,13,5.35%,220,90.53%,243
SUDESTE,31,MG,310450,ARINOS,48,4.36%,75,6.81%,979,88.84%,1.102
SUDESTE,31,MG,310460,ASTOLFO DUTRA,10,1.83%,29,5.31%,507,92.86%,546
SUDESTE,31,MG,310470,ATALEIA,10,1.7%,35,5.96%,542,92.33%,587
SUDESTE,31,MG,310480,AUGUSTO DE LIMA,9,4.09%,12,5.45%,199,90.45%,220
SUDESTE,31,MG,310490,BAEPENDI,16,2.47%,43,6.64%,589,90.9%,648
SUDESTE,31,MG,310500,BALDIM,26,8.2%,23,7.26%,268,84.54%,317
SUDESTE,31,MG,310510,BAMBUI,25,4.61%,28,5.17%,489,90.22%,542
SUDESTE,31,MG,310520,BANDEIRA,3,1.53%,10,5.1%,183,93.37%,196
SUDESTE,31,MG,310530,BANDEIRA DO SUL,4,1.41%,8,2.82%,272,95.77%,284
SUDESTE,31,MG,310540,BARAO DE COCAIS,38,3.35%,53,4.68%,1.042,91.97%,1.133
SUDESTE,31,MG,310550,BARAO DE MONTE ALTO,4,1.64%,12,4.92%,228,93.44%,244
SUDESTE,31,MG,310560,BARBACENA,96,4.15%,128,5.54%,2.087,90.31%,2.311
SUDESTE,31,MG,310570,BARRA LONGA,7,3.55%,7,3.55%,183,92.89%,197
SUDESTE,31,MG,310590,BARROSO,52,7.04%,58,7.85%,629,85.12%,739
SUDESTE,31,MG,310600,BELA VISTA DE MINAS,30,7.87%,28,7.35%,323,84.78%,381
SUDESTE,31,MG,310610,BELMIRO BRAGA,3,2.48%,2,1.65%,116,95.87%,121
SUDESTE,31,MG,310620,BELO HORIZONTE,2.566,7.53%,2.994,8.78%,28.521,83.69%,34.081
SUDESTE,31,MG,310630,BELO ORIENTE,47,3.35%,71,5.06%,1.286,91.6%,1.404
SUDESTE,31,MG,310640,BELO VALE,10,3.07%,15,4.6%,301,92.33%,326
SUDESTE,31,MG,310650,BERILO,6,1.69%,19,5.37%,329,92.94%,354
SUDESTE,31,MG,310660,BERTOPOLIS,30,12.55%,18,7.53%,191,79.92%,239
SUDESTE,31,MG,310665,BERIZAL,8,3.09%,9,3.47%,242,93.44%,259
SUDESTE,31,MG,310670,BETIM,282,2.9%,522,5.37%,8.919,91.73%,9.723
SUDESTE,31,MG,310680,BIAS FORTES,2,1.61%,8,6.45%,114,91.94%,124
SUDESTE,31,MG,310690,BICAS,17,6.3%,27,10%,226,83.7%,270
SUDESTE,31,MG,310700,BIQUINHAS,22,19.47%,12,10.62%,79,69.91%,113
SUDESTE,31,MG,310710,BOA ESPERANCA,48,3.68%,86,6.59%,1.171,89.73%,1.305
SUDESTE,31,MG,310720,BOCAINA DE MINAS,13,11.11%,12,10.26%,92,78.63%,117
SUDESTE,31,MG,310730,BOCAIUVA,100,4.6%,127,5.85%,1.945,89.55%,2.172
SUDESTE,31,MG,310740,BOM DESPACHO,81,3.31%,157,6.41%,2.21,90.28%,2.448
SUDESTE,31,MG,310750,BOM JARDIM DE MINAS,12,4.24%,16,5.65%,255,90.11%,283
SUDESTE,31,MG,310760,BOM JESUS DA PENHA,3,1.25%,13,5.42%,224,93.33%,240
SUDESTE,31,MG,310770,BOM JESUS DO AMPARO,17,6.88%,23,9.31%,207,83.81%,247
SUDESTE,31,MG,310780,BOM JESUS DO GALHO,19,2.52%,33,4.38%,701,93.09%,753
SUDESTE,31,MG,310790,BOM REPOUSO,48,8.5%,42,7.43%,475,84.07%,565
SUDESTE,31,MG,310800,BOM SUCESSO,7,1.04%,23,3.4%,646,95.56%,676
SUDESTE,31,MG,310810,BONFIM,13,7.51%,13,7.51%,147,84.97%,173
SUDESTE,31,MG,310820,BONFINOPOLIS DE MINAS,18,7.32%,25,10.16%,203,82.52%,246
SUDESTE,31,MG,310825,BONITO DE MINAS,38,5.16%,40,5.43%,658,89.4%,736
SUDESTE,31,MG,310830,BORDA DA MATA,7,1.01%,26,3.74%,662,95.25%,695
SUDESTE,31,MG,310840,BOTELHOS,14,2.35%,22,3.69%,561,93.97%,597
SUDESTE,31,MG,310850,BOTUMIRIM,12,4.6%,7,2.68%,242,92.72%,261
SUDESTE,31,MG,310855,BRASILANDIA DE MINAS,41,4.26%,43,4.47%,879,91.28%,963
SUDESTE,31,MG,310860,BRASILIA DE MINAS,86,5.42%,108,6.81%,1.393,87.78%,1.587
SUDESTE,31,MG,310870,BRAS PIRES,6,3.02%,5,2.51%,188,94.47%,199
SUDESTE,31,MG,310880,BRAUNAS,4,2.07%,10,5.18%,179,92.75%,193
SUDESTE,31,MG,310890,BRAZOPOLIS,12,1.99%,24,3.97%,568,94.04%,604
SUDESTE,31,MG,310900,BRUMADINHO,94,6.33%,114,7.67%,1.278,86%,1.486
SUDESTE,31,MG,310910,BUENO BRANDAO,3,0.66%,25,5.52%,425,93.82%,453
SUDESTE,31,MG,310920,BUENOPOLIS,21,4.72%,35,7.87%,389,87.42%,445
SUDESTE,31,MG,310925,BUGRE,12,6%,14,7%,174,87%,200
SUDESTE,31,MG,310930,BURITIS,29,2.49%,65,5.58%,1.07,91.92%,1.164
SUDESTE,31,MG,310940,BURITIZEIRO,139,8.8%,131,8.3%,1.309,82.9%,1.579
SUDESTE,31,MG,310945,CABECEIRA GRANDE,16,4.03%,31,7.81%,350,88.16%,397
SUDESTE,31,MG,310950,CABO VERDE,9,2.14%,21,5%,390,92.86%,420
SUDESTE,31,MG,310960,CACHOEIRA DA PRATA,5,3.91%,4,3.13%,119,92.97%,128
SUDESTE,31,MG,310970,CACHOEIRA DE MINAS,14,2.5%,29,5.17%,518,92.34%,561
SUDESTE,31,MG,310980,CACHOEIRA DOURADA,2,2.02%,3,3.03%,94,94.95%,99
SUDESTE,31,MG,310990,CAETANOPOLIS,10,3.89%,14,5.45%,233,90.66%,257
SUDESTE,31,MG,311000,CAETE,50,4.82%,66,6.36%,921,88.81%,1.037
SUDESTE,31,MG,311010,CAIANA,22,8.59%,14,5.47%,220,85.94%,256
SUDESTE,31,MG,311020,CAJURI,4,1.69%,12,5.06%,221,93.25%,237
SUDESTE,31,MG,311030,CALDAS,13,2.14%,23,3.78%,572,94.08%,608
SUDESTE,31,MG,311040,CAMACHO,6,3.95%,8,5.26%,138,90.79%,152
SUDESTE,31,MG,311050,CAMANDUCAIA,27,2.01%,64,4.77%,1.252,93.22%,1.343
SUDESTE,31,MG,311060,CAMBUI,25,3.12%,54,6.74%,722,90.14%,801
SUDESTE,31,MG,311070,CAMBUQUIRA,23,3.98%,28,4.84%,527,91.18%,578
SUDESTE,31,MG,311080,CAMPANARIO,2,1.09%,4,2.19%,177,96.72%,183
SUDESTE,31,MG,311090,CAMPANHA,24,3.7%,35,5.39%,590,90.91%,649
SUDESTE,31,MG,311100,CAMPESTRE,36,7.27%,38,7.68%,421,85.05%,495
SUDESTE,31,MG,311110,CAMPINA VERDE,28,7.87%,28,7.87%,300,84.27%,356
SUDESTE,31,MG,311115,CAMPO AZUL,5,2.7%,9,4.86%,171,92.43%,185
SUDESTE,31,MG,311120,CAMPO BELO,101,5.15%,106,5.41%,1.754,89.44%,1.961
SUDESTE,31,MG,311130,CAMPO DO MEIO,36,5.33%,30,4.44%,610,90.24%,676
SUDESTE,31,MG,311140,CAMPO FLORIDO,7,2.45%,10,3.5%,269,94.06%,286
SUDESTE,31,MG,311150,CAMPOS ALTOS,13,2.2%,29,4.9%,550,92.91%,592
SUDESTE,31,MG,311160,CAMPOS GERAIS,42,4.1%,50,4.88%,932,91.02%,1.024
SUDESTE,31,MG,311170,CANAA,0,-,9,4.15%,208,95.85%,217
SUDESTE,31,MG,311180,CANAPOLIS,4,1.08%,10,2.7%,357,96.23%,371
SUDESTE,31,MG,311190,CANA VERDE,5,3.65%,3,2.19%,129,94.16%,137
SUDESTE,31,MG,311200,CANDEIAS,20,3.8%,41,7.79%,465,88.4%,526
SUDESTE,31,MG,311205,CANTAGALO,10,5.1%,13,6.63%,173,88.27%,196
SUDESTE,31,MG,311210,CAPARAO,16,3.85%,31,7.45%,369,88.7%,416
SUDESTE,31,MG,311220,CAPELA NOVA,10,5.46%,8,4.37%,165,90.16%,183
SUDESTE,31,MG,311230,CAPELINHA,71,2.96%,150,6.26%,2.176,90.78%,2.397
SUDESTE,31,MG,311240,CAPETINGA,9,2.37%,8,2.11%,362,95.51%,379
SUDESTE,31,MG,311250,CAPIM BRANCO,19,4.49%,23,5.44%,381,90.07%,423
SUDESTE,31,MG,311260,CAPINOPOLIS,13,3.27%,26,6.53%,359,90.2%,398
SUDESTE,31,MG,311265,CAPITAO ANDRADE,2,0.99%,6,2.96%,195,96.06%,203
SUDESTE,31,MG,311270,CAPITAO ENEAS,20,2.16%,53,5.71%,855,92.13%,928
SUDESTE,31,MG,311280,CAPITOLIO,17,3.67%,23,4.97%,423,91.36%,463
SUDESTE,31,MG,311290,CAPUTIRA,38,6.39%,33,5.55%,524,88.07%,595
SUDESTE,31,MG,311300,CARAI,32,3.62%,49,5.54%,803,90.84%,884
SUDESTE,31,MG,311310,CARANAIBA,4,3.01%,5,3.76%,124,93.23%,133
SUDESTE,31,MG,311320,CARANDAI,24,2.28%,61,5.8%,966,91.91%,1.051
SUDESTE,31,MG,311330,CARANGOLA,74,5.83%,75,5.91%,1.12,88.26%,1.269
SUDESTE,31,MG,311340,CARATINGA,110,3.86%,176,6.17%,2.567,89.98%,2.853
SUDESTE,31,MG,311350,CARBONITA,4,0.84%,17,3.55%,458,95.62%,479
SUDESTE,31,MG,311360,CAREACU,5,1.61%,12,3.86%,294,94.53%,311
SUDESTE,31,MG,311370,CARLOS CHAGAS,20,2.4%,48,5.76%,765,91.84%,833
SUDESTE,31,MG,311380,CARMESIA,11,9.17%,6,5%,103,85.83%,120
SUDESTE,31,MG,311390,CARMO DA CACHOEIRA,10,1.6%,26,4.16%,589,94.24%,625
SUDESTE,31,MG,311400,CARMO DA MATA,6,1.59%,24,6.35%,348,92.06%,378
SUDESTE,31,MG,311410,CARMO DE MINAS,17,2.68%,18,2.83%,600,94.49%,635
SUDESTE,31,MG,311420,CARMO DO CAJURU,50,4.67%,71,6.64%,949,88.69%,1.07
SUDESTE,31,MG,311430,CARMO DO PARANAIBA,62,8.22%,57,7.56%,635,84.22%,754
SUDESTE,31,MG,311440,CARMO DO RIO CLARO,14,1.72%,35,4.29%,766,93.99%,815
SUDESTE,31,MG,311450,CARMOPOLIS DE MINAS,36,4.15%,31,3.58%,800,92.27%,867
SUDESTE,31,MG,311455,CARNEIRINHO,9,2.51%,13,3.62%,337,93.87%,359
SUDESTE,31,MG,311460,CARRANCAS,1,0.7%,9,6.29%,133,93.01%,143
SUDESTE,31,MG,311470,CARVALHOPOLIS,3,3.19%,3,3.19%,88,93.62%,94
SUDESTE,31,MG,311480,CARVALHOS,5,2.56%,8,4.1%,182,93.33%,195
SUDESTE,31,MG,311490,CASA GRANDE,4,4.49%,5,5.62%,80,89.89%,89
SUDESTE,31,MG,311500,CASCALHO RICO,8,7.48%,9,8.41%,90,84.11%,107
SUDESTE,31,MG,311510,CASSIA,20,2.8%,39,5.45%,656,91.75%,715
SUDESTE,31,MG,311520,CONCEICAO DA BARRA DE MINAS,4,2.7%,8,5.41%,136,91.89%,148
SUDESTE,31,MG,311530,CATAGUASES,101,7.52%,113,8.41%,1.129,84.07%,1.343
SUDESTE,31,MG,311535,CATAS ALTAS,4,1.59%,14,5.58%,233,92.83%,251
SUDESTE,31,MG,311540,CATAS ALTAS DA NORUEGA,6,3.41%,6,3.41%,164,93.18%,176
SUDESTE,31,MG,311545,CATUJI,13,2.8%,26,5.59%,426,91.61%,465
SUDESTE,31,MG,311547,CATUTI,3,1.16%,14,5.41%,242,93.44%,259
SUDESTE,31,MG,311550,CAXAMBU,15,2.5%,27,4.49%,559,93.01%,601
SUDESTE,31,MG,311560,CEDRO DO ABAETE,1,1.79%,5,8.93%,50,89.29%,56
SUDESTE,31,MG,311570,CENTRAL DE MINAS,11,4.35%,9,3.56%,233,92.09%,253
SUDESTE,31,MG,311580,CENTRALINA,16,4.17%,13,3.39%,355,92.45%,384
SUDESTE,31,MG,311590,CHACARA,6,3.45%,6,3.45%,162,93.1%,174
SUDESTE,31,MG,311600,CHALE,3,0.71%,22,5.23%,396,94.06%,421
SUDESTE,31,MG,311610,CHAPADA DO NORTE,9,1.69%,21,3.95%,502,94.36%,532
SUDESTE,31,MG,311615,CHAPADA GAUCHA,48,4.58%,70,6.67%,931,88.75%,1.049
SUDESTE,31,MG,311620,CHIADOR,2,2.02%,9,9.09%,88,88.89%,99
SUDESTE,31,MG,311630,CIPOTANEA,9,3.96%,11,4.85%,207,91.19%,227
SUDESTE,31,MG,311640,CLARAVAL,14,7.18%,25,12.82%,156,80%,195
SUDESTE,31,MG,311650,CLARO DOS POCOES,7,2.19%,18,5.63%,295,92.19%,320
SUDESTE,31,MG,311660,CLAUDIO,47,3.5%,86,6.41%,1.208,90.08%,1.341
SUDESTE,31,MG,311670,COIMBRA,17,6.8%,15,6%,218,87.2%,250
SUDESTE,31,MG,311680,COLUNA,6,1.32%,24,5.26%,426,93.42%,456
SUDESTE,31,MG,311690,COMENDADOR GOMES,3,1.94%,5,3.23%,147,94.84%,155
SUDESTE,31,MG,311700,COMERCINHO,7,2.3%,17,5.59%,280,92.11%,304
SUDESTE,31,MG,311710,CONCEICAO DA APARECIDA,16,3.31%,26,5.37%,442,91.32%,484
SUDESTE,31,MG,311720,CONCEICAO DAS PEDRAS,3,2.16%,4,2.88%,132,94.96%,139
SUDESTE,31,MG,311730,CONCEICAO DAS ALAGOAS,66,5.1%,82,6.34%,1.146,88.56%,1.294
SUDESTE,31,MG,311740,CONCEICAO DE IPANEMA,7,2.81%,9,3.61%,233,93.57%,249
SUDESTE,31,MG,311750,CONCEICAO DO MATO DENTRO,47,3.25%,101,6.98%,1.298,89.76%,1.446
SUDESTE,31,MG,311760,CONCEICAO DO PARA,4,1.53%,19,7.25%,239,91.22%,262
SUDESTE,31,MG,311770,CONCEICAO DO RIO VERDE,18,2.98%,25,4.13%,562,92.89%,605
SUDESTE,31,MG,311780,CONCEICAO DOS OUROS,13,2.62%,27,5.44%,456,91.94%,496
SUDESTE,31,MG,311783,CONEGO MARINHO,22,6.29%,33,9.43%,295,84.29%,350
SUDESTE,31,MG,311787,CONFINS,10,4.07%,13,5.28%,223,90.65%,246
SUDESTE,31,MG,311790,CONGONHAL,4,0.71%,23,4.09%,536,95.2%,563
SUDESTE,31,MG,311800,CONGONHAS,56,2.5%,139,6.2%,2.046,91.3%,2.241
SUDESTE,31,MG,311810,CONGONHAS DO NORTE,3,1.16%,11,4.26%,244,94.57%,258
SUDESTE,31,MG,311820,CONQUISTA,9,3.07%,9,3.07%,275,93.86%,293
SUDESTE,31,MG,311830,CONSELHEIRO LAFAIETE,59,2.64%,124,5.54%,2.056,91.83%,2.239
SUDESTE,31,MG,311840,CONSELHEIRO PENA,18,1.7%,44,4.17%,994,94.13%,1.056
SUDESTE,31,MG,311850,CONSOLACAO,0,-,2,6.9%,27,93.1%,29
SUDESTE,31,MG,311860,CONTAGEM,494,3.37%,872,5.95%,13.291,90.68%,14.657
SUDESTE,31,MG,311870,COQUEIRAL,15,3.38%,22,4.95%,407,91.67%,444
SUDESTE,31,MG,311880,CORACAO DE JESUS,50,4.05%,62,5.02%,1.122,90.92%,1.234
SUDESTE,31,MG,311890,CORDISBURGO,26,9.09%,23,8.04%,237,82.87%,286
SUDESTE,31,MG,311900,CORDISLANDIA,2,0.97%,15,7.28%,189,91.75%,206
SUDESTE,31,MG,311910,CORINTO,39,4.29%,68,7.47%,803,88.24%,910
SUDESTE,31,MG,311920,COROACI,12,2.77%,18,4.16%,403,93.07%,433
SUDESTE,31,MG,311930,COROMANDEL,29,2.73%,64,6.02%,971,91.26%,1.064
SUDESTE,31,MG,311940,CORONEL FABRICIANO,133,3.46%,226,5.87%,3.49,90.67%,3.849
SUDESTE,31,MG,311950,CORONEL MURTA,15,3.55%,24,5.67%,384,90.78%,423
SUDESTE,31,MG,311960,CORONEL PACHECO,0,-,2,1.75%,112,98.25%,114
SUDESTE,31,MG,311970,CORONEL XAVIER CHAVES,1,0.57%,12,6.9%,161,92.53%,174
SUDESTE,31,MG,311980,CORREGO DANTA,3,2.03%,8,5.41%,137,92.57%,148
SUDESTE,31,MG,311990,CORREGO DO BOM JESUS,3,1.65%,6,3.3%,173,95.05%,182
SUDESTE,31,MG,311995,CORREGO FUNDO,18,5.54%,24,7.38%,283,87.08%,325
SUDESTE,31,MG,312000,CORREGO NOVO,2,1.5%,6,4.51%,125,93.98%,133
SUDESTE,31,MG,312010,COUTO DE MAGALHAES DE MINAS,7,3.07%,13,5.7%,208,91.23%,228
SUDESTE,31,MG,312015,CRISOLITA,10,2.75%,13,3.58%,340,93.66%,363
SUDESTE,31,MG,312020,CRISTAIS,33,5.3%,65,10.43%,525,84.27%,623
SUDESTE,31,MG,312030,CRISTALIA,25,5.83%,32,7.46%,372,86.71%,429
SUDESTE,31,MG,312040,CRISTIANO OTONI,3,1.32%,6,2.64%,218,96.04%,227
SUDESTE,31,MG,312050,CRISTINA,20,5.54%,22,6.09%,319,88.37%,361
SUDESTE,31,MG,312060,CRUCILANDIA,18,7.44%,23,9.5%,201,83.06%,242
SUDESTE,31,MG,312070,CRUZEIRO DA FORTALEZA,15,4.95%,29,9.57%,259,85.48%,303
SUDESTE,31,MG,312080,CRUZILIA,8,1.1%,23,3.17%,695,95.73%,726
SUDESTE,31,MG,312083,CUPARAQUE,5,1.99%,7,2.79%,239,95.22%,251
SUDESTE,31,MG,312087,CURRAL DE DENTRO,16,2.98%,20,3.72%,501,93.3%,537
SUDESTE,31,MG,312090,CURVELO,91,3.01%,172,5.69%,2.762,91.31%,3.025
SUDESTE,31,MG,312100,DATAS,4,1.2%,12,3.6%,317,95.2%,333
SUDESTE,31,MG,312110,DELFIM MOREIRA,13,4.26%,16,5.25%,276,90.49%,305
SUDESTE,31,MG,312120,DELFINOPOLIS,12,2.78%,15,3.48%,404,93.74%,431
SUDESTE,31,MG,312125,DELTA,26,4.77%,49,8.99%,470,86.24%,545
SUDESTE,31,MG,312130,DESCOBERTO,1,0.42%,14,5.93%,221,93.64%,236
SUDESTE,31,MG,312140,DESTERRO DE ENTRE RIOS,15,3.59%,34,8.13%,369,88.28%,418
SUDESTE,31,MG,312150,DESTERRO DO MELO,3,1.92%,4,2.56%,149,95.51%,156
SUDESTE,31,MG,312160,DIAMANTINA,63,3.34%,81,4.29%,1.742,92.36%,1.886
SUDESTE,31,MG,312170,DIOGO DE VASCONCELOS,5,3.03%,5,3.03%,155,93.94%,165
SUDESTE,31,MG,312180,DIONISIO,13,4.89%,19,7.14%,234,87.97%,266
SUDESTE,31,MG,312190,DIVINESIA,6,1.94%,9,2.9%,295,95.16%,310
SUDESTE,31,MG,312200,DIVINO,67,5.67%,88,7.45%,1.027,86.89%,1.182
SUDESTE,31,MG,312210,DIVINO DAS LARANJEIRAS,2,1.06%,8,4.23%,179,94.71%,189
SUDESTE,31,MG,312220,DIVINOLANDIA DE MINAS,15,3.49%,21,4.88%,394,91.63%,430
SUDESTE,31,MG,312230,DIVINOPOLIS,216,3.27%,391,5.93%,5.989,90.8%,6.596
SUDESTE,31,MG,312235,DIVISA ALEGRE,12,2.85%,21,4.99%,388,92.16%,421
SUDESTE,31,MG,312240,DIVISA NOVA,8,5.1%,9,5.73%,140,89.17%,157
SUDESTE,31,MG,312245,DIVISOPOLIS,27,6.49%,21,5.05%,368,88.46%,416
SUDESTE,31,MG,312247,DOM BOSCO,19,7.98%,12,5.04%,207,86.97%,238
SUDESTE,31,MG,312250,DOM CAVATI,10,4.74%,9,4.27%,192,91%,211
SUDESTE,31,MG,312260,DOM JOAQUIM,48,20.87%,14,6.09%,168,73.04%,230
SUDESTE,31,MG,312270,DOM SILVERIO,9,4.41%,14,6.86%,181,88.73%,204
SUDESTE,31,MG,312280,DOM VICOSO,1,0.63%,5,3.16%,152,96.2%,158
SUDESTE,31,MG,312290,DONA EUSEBIA,3,1.27%,6,2.54%,227,96.19%,236
SUDESTE,31,MG,312300,DORES DE CAMPOS,18,7.17%,20,7.97%,213,84.86%,251
SUDESTE,31,MG,312310,DORES DE GUANHAES,16,6.45%,11,4.44%,221,89.11%,248
SUDESTE,31,MG,312320,DORES DO INDAIA,3,0.86%,16,4.57%,331,94.57%,350
SUDESTE,31,MG,312330,DORES DO TURVO,3,1.28%,17,7.26%,214,91.45%,234
SUDESTE,31,MG,312340,DORESOPOLIS,2,2.44%,6,7.32%,74,90.24%,82
SUDESTE,31,MG,312350,DOURADOQUARA,3,3.13%,3,3.13%,90,93.75%,96
SUDESTE,31,MG,312352,DURANDE,20,3.6%,29,5.23%,506,91.17%,555
SUDESTE,31,MG,312360,ELOI MENDES,15,1.68%,42,4.7%,837,93.62%,894
SUDESTE,31,MG,312370,ENGENHEIRO CALDAS,14,2.58%,31,5.71%,498,91.71%,543
SUDESTE,31,MG,312380,ENGENHEIRO NAVARRO,28,7.37%,30,7.89%,322,84.74%,380
SUDESTE,31,MG,312385,ENTRE FOLHAS,8,2.16%,18,4.86%,344,92.97%,370
SUDESTE,31,MG,312390,ENTRE RIOS DE MINAS,44,5.95%,46,6.22%,649,87.82%,739
SUDESTE,31,MG,312400,ERVALIA,23,2.31%,47,4.72%,925,92.96%,995
SUDESTE,31,MG,312410,ESMERALDAS,91,5.09%,124,6.94%,1.573,87.98%,1.788
SUDESTE,31,MG,312420,ESPERA FELIZ,45,4.08%,56,5.07%,1.003,90.85%,1.104
SUDESTE,31,MG,312430,ESPINOSA,36,2.11%,53,3.1%,1.62,94.79%,1.709
SUDESTE,31,MG,312440,ESPIRITO SANTO DO DOURADO,41,6.91%,36,6.07%,516,87.02%,593
SUDESTE,31,MG,312450,ESTIVA,8,2.02%,14,3.54%,374,94.44%,396
SUDESTE,31,MG,312460,ESTRELA DALVA,4,4.35%,2,2.17%,86,93.48%,92
SUDESTE,31,MG,312470,ESTRELA DO INDAIA,0,-,2,3.03%,64,96.97%,66
SUDESTE,31,MG,312480,ESTRELA DO SUL,5,1.42%,18,5.13%,328,93.45%,351
SUDESTE,31,MG,312490,EUGENOPOLIS,24,6.23%,23,5.97%,338,87.79%,385
SUDESTE,31,MG,312500,EWBANK DA CAMARA,14,5.62%,17,6.83%,218,87.55%,249
SUDESTE,31,MG,312510,EXTREMA,71,2.75%,141,5.46%,2.37,91.79%,2.582
SUDESTE,31,MG,312520,FAMA,0,-,5,5.62%,84,94.38%,89
SUDESTE,31,MG,312530,FARIA LEMOS,7,5.22%,8,5.97%,119,88.81%,134
SUDESTE,31,MG,312540,FELICIO DOS SANTOS,7,2.19%,22,6.88%,291,90.94%,320
SUDESTE,31,MG,312550,SAO GONCALO DO RIO PRETO,5,4.17%,7,5.83%,108,90%,120
SUDESTE,31,MG,312560,FELISBURGO,14,3.62%,16,4.13%,357,92.25%,387
SUDESTE,31,MG,312570,FELIXLANDIA,42,5.9%,58,8.15%,612,85.96%,712
SUDESTE,31,MG,312580,FERNANDES TOURINHO,4,2.5%,5,3.13%,151,94.38%,160
SUDESTE,31,MG,312590,FERROS,2,0.51%,17,4.36%,371,95.13%,390
SUDESTE,31,MG,312595,FERVEDOURO,40,5.53%,49,6.78%,634,87.69%,723
SUDESTE,31,MG,312600,FLORESTAL,3,1.28%,11,4.7%,220,94.02%,234
SUDESTE,31,MG,312610,FORMIGA,26,1.69%,66,4.29%,1.445,94.01%,1.537
SUDESTE,31,MG,312620,FORMOSO,13,2.24%,23,3.97%,544,93.79%,580
SUDESTE,31,MG,312630,FORTALEZA DE MINAS,0,-,3,2.27%,129,97.73%,132
SUDESTE,31,MG,312640,FORTUNA DE MINAS,1,0.6%,7,4.22%,158,95.18%,166
SUDESTE,31,MG,312650,FRANCISCO BADARO,9,2.86%,11,3.49%,295,93.65%,315
SUDESTE,31,MG,312660,FRANCISCO DUMONT,6,2.03%,11,3.73%,278,94.24%,295
SUDESTE,31,MG,312670,FRANCISCO SA,40,4.09%,47,4.81%,891,91.1%,978
SUDESTE,31,MG,312675,FRANCISCOPOLIS,7,3.06%,9,3.93%,213,93.01%,229
SUDESTE,31,MG,312680,FREI GASPAR,22,6.15%,28,7.82%,308,86.03%,358
SUDESTE,31,MG,312690,FREI INOCENCIO,19,3.95%,34,7.07%,428,88.98%,481
SUDESTE,31,MG,312695,FREI LAGONEGRO,6,2.56%,11,4.7%,217,92.74%,234
SUDESTE,31,MG,312700,FRONTEIRA,13,2.02%,27,4.21%,602,93.77%,642
SUDESTE,31,MG,312705,FRONTEIRA DOS VALES,10,4.15%,12,4.98%,219,90.87%,241
SUDESTE,31,MG,312707,FRUTA DE LEITE,12,4.55%,14,5.3%,238,90.15%,264
SUDESTE,31,MG,312710,FRUTAL,46,2.05%,80,3.57%,2.118,94.39%,2.244
SUDESTE,31,MG,312720,FUNILANDIA,4,1.56%,15,5.84%,238,92.61%,257
SUDESTE,31,MG,312730,GALILEIA,8,2.78%,13,4.51%,267,92.71%,288
SUDESTE,31,MG,312733,GAMELEIRAS,13,3.77%,15,4.35%,317,91.88%,345
SUDESTE,31,MG,312735,GLAUCILANDIA,5,3.45%,13,8.97%,127,87.59%,145
SUDESTE,31,MG,312737,GOIABEIRA,2,1.02%,3,1.52%,192,97.46%,197
SUDESTE,31,MG,312738,GOIANA,6,4.88%,5,4.07%,112,91.06%,123
SUDESTE,31,MG,312740,GONCALVES,1,0.52%,9,4.71%,181,94.76%,191
SUDESTE,31,MG,312750,GONZAGA,3,1.01%,11,3.69%,284,95.3%,298
SUDESTE,31,MG,312760,GOUVEIA,18,3.19%,29,5.14%,517,91.67%,564
SUDESTE,31,MG,312770,GOVERNADOR VALADARES,234,3.38%,423,6.1%,6.274,90.52%,6.931
SUDESTE,31,MG,312780,GRAO MOGOL,18,2.47%,26,3.57%,684,93.96%,728
SUDESTE,31,MG,312790,GRUPIARA,0,-,1,1.72%,57,98.28%,58
SUDESTE,31,MG,312800,GUANHAES,56,3.59%,91,5.84%,1.411,90.56%,1.558
SUDESTE,31,MG,312810,GUAPE,14,2.12%,27,4.08%,620,93.8%,661
SUDESTE,31,MG,312820,GUARACIABA,13,4.05%,11,3.43%,297,92.52%,321
SUDESTE,31,MG,312825,GUARACIAMA,10,4.12%,11,4.53%,222,91.36%,243
SUDESTE,31,MG,312830,GUARANESIA,36,4.34%,61,7.35%,733,88.31%,830
SUDESTE,31,MG,312840,GUARANI,6,2.17%,12,4.35%,258,93.48%,276
SUDESTE,31,MG,312850,GUARARA,5,2.63%,5,2.63%,180,94.74%,190
SUDESTE,31,MG,312860,GUARDA-MOR,9,2.39%,18,4.79%,349,92.82%,376
SUDESTE,31,MG,312870,GUAXUPE,29,5%,35,6.03%,516,88.97%,580
SUDESTE,31,MG,312880,GUIDOVAL,57,11.78%,61,12.6%,366,75.62%,484
SUDESTE,31,MG,312890,GUIMARANIA,11,2.13%,26,5.03%,480,92.84%,517
SUDESTE,31,MG,312900,GUIRICEMA,10,2.79%,27,7.54%,321,89.66%,358
SUDESTE,31,MG,312910,GURINHATA,9,4.66%,4,2.07%,180,93.26%,193
SUDESTE,31,MG,312920,HELIODORA,4,1.49%,12,4.48%,252,94.03%,268
SUDESTE,31,MG,312930,IAPU,20,3.12%,29,4.52%,592,92.36%,641
SUDESTE,31,MG,312940,IBERTIOGA,8,3.59%,15,6.73%,200,89.69%,223
SUDESTE,31,MG,312950,IBIA,24,2.22%,55,5.09%,1.001,92.69%,1.08
SUDESTE,31,MG,312960,IBIAI,16,4.03%,15,3.78%,366,92.19%,397
SUDESTE,31,MG,312965,IBIRACATU,35,11.25%,37,11.9%,239,76.85%,311
SUDESTE,31,MG,312970,IBIRACI,20,2.87%,31,4.45%,645,92.67%,696
SUDESTE,31,MG,312980,IBIRITE,237,3.81%,365,5.86%,5.622,90.33%,6.224
SUDESTE,31,MG,312990,IBITIURA DE MINAS,10,7.52%,8,6.02%,115,86.47%,133
SUDESTE,31,MG,313000,IBITURUNA,5,4.13%,6,4.96%,110,90.91%,121
SUDESTE,31,MG,313005,ICARAI DE MINAS,15,2.79%,26,4.84%,496,92.36%,537
SUDESTE,31,MG,313010,IGARAPE,116,6.54%,157,8.86%,1.5,84.6%,1.773
SUDESTE,31,MG,313020,IGARATINGA,18,2.92%,47,7.62%,552,89.47%,617
SUDESTE,31,MG,313030,IGUATAMA,7,2.71%,13,5.04%,238,92.25%,258
SUDESTE,31,MG,313040,IJACI,11,3%,15,4.09%,341,92.92%,367
SUDESTE,31,MG,313050,ILICINEA,23,3.67%,34,5.43%,569,90.89%,626
SUDESTE,31,MG,313055,IMBE DE MINAS,18,3.96%,25,5.49%,412,90.55%,455
SUDESTE,31,MG,313060,INCONFIDENTES,8,2.38%,15,4.46%,313,93.15%,336
SUDESTE,31,MG,313065,INDAIABIRA,9,2.43%,17,4.58%,345,92.99%,371
SUDESTE,31,MG,313070,INDIANOPOLIS,11,4.55%,17,7.02%,214,88.43%,242
SUDESTE,31,MG,313080,INGAI,4,2.48%,4,2.48%,153,95.03%,161
SUDESTE,31,MG,313090,INHAPIM,69,6.08%,65,5.73%,1,88.18%,1.134
SUDESTE,31,MG,313100,INHAUMA,7,2.24%,11,3.51%,295,94.25%,313
SUDESTE,31,MG,313110,INIMUTABA,15,4.02%,21,5.63%,337,90.35%,373
SUDESTE,31,MG,313115,IPABA,64,7.14%,79,8.82%,753,84.04%,896
SUDESTE,31,MG,313120,IPANEMA,34,4.01%,57,6.73%,756,89.26%,847
SUDESTE,31,MG,313130,IPATINGA,669,8.81%,540,7.11%,6.388,84.09%,7.597
SUDESTE,31,MG,313140,IPIACU,3,1.66%,3,1.66%,175,96.69%,181
SUDESTE,31,MG,313150,IPUIUNA,25,5.57%,34,7.57%,390,86.86%,449
SUDESTE,31,MG,313160,IRAI DE MINAS,19,4.12%,23,4.99%,419,90.89%,461
SUDESTE,31,MG,313170,ITABIRA,80,2.45%,181,5.53%,3.01,92.02%,3.271
SUDESTE,31,MG,313180,ITABIRINHA,45,8.01%,48,8.54%,469,83.45%,562
SUDESTE,31,MG,313190,ITABIRITO,136,5.38%,188,7.43%,2.206,87.19%,2.53
SUDESTE,31,MG,313200,ITACAMBIRA,9,5.42%,13,7.83%,144,86.75%,166
SUDESTE,31,MG,313210,ITACARAMBI,50,5.02%,73,7.32%,874,87.66%,997
SUDESTE,31,MG,313220,ITAGUARA,14,3.08%,18,3.96%,423,92.97%,455
SUDESTE,31,MG,313230,ITAIPE,38,5.21%,39,5.35%,652,89.44%,729
SUDESTE,31,MG,313240,ITAJUBA,121,3.35%,214,5.92%,3.281,90.74%,3.616
SUDESTE,31,MG,313250,ITAMARANDIBA,57,2.8%,94,4.61%,1.888,92.59%,2.039
SUDESTE,31,MG,313260,ITAMARATI DE MINAS,5,3.27%,12,7.84%,136,88.89%,153
SUDESTE,31,MG,313270,ITAMBACURI,78,6.15%,95,7.49%,1.095,86.36%,1.268
SUDESTE,31,MG,313280,ITAMBE DO MATO DENTRO,1,1.1%,3,3.3%,87,95.6%,91
SUDESTE,31,MG,313290,ITAMOGI,8,1.85%,23,5.31%,402,92.84%,433
SUDESTE,31,MG,313300,ITAMONTE,36,5.32%,39,5.76%,602,88.92%,677
SUDESTE,31,MG,313310,ITANHANDU,9,1.73%,15,2.89%,495,95.38%,519
SUDESTE,31,MG,313320,ITANHOMI,23,3.7%,38,6.11%,561,90.19%,622
SUDESTE,31,MG,313330,ITAOBIM,31,3.08%,37,3.67%,940,93.25%,1.008
SUDESTE,31,MG,313340,ITAPAGIPE,23,4.27%,22,4.08%,494,91.65%,539
SUDESTE,31,MG,313350,ITAPECERICA,17,3.05%,32,5.73%,509,91.22%,558
SUDESTE,31,MG,313360,ITAPEVA,16,3.06%,22,4.21%,485,92.73%,523
SUDESTE,31,MG,313370,ITATIAIUCU,12,2.12%,27,4.78%,526,93.1%,565
SUDESTE,31,MG,313375,ITAU DE MINAS,25,6.17%,35,8.64%,345,85.19%,405
SUDESTE,31,MG,313380,ITAUNA,98,4.28%,116,5.06%,2.078,90.66%,2.292
SUDESTE,31,MG,313390,ITAVERAVA,2,0.75%,15,5.62%,250,93.63%,267
SUDESTE,31,MG,313400,ITINGA,25,3.13%,34,4.26%,740,92.62%,799
SUDESTE,31,MG,313410,ITUETA,8,2.25%,11,3.09%,337,94.66%,356
SUDESTE,31,MG,313420,ITUIUTABA,67,2.4%,117,4.19%,2.609,93.41%,2.793
SUDESTE,31,MG,313430,ITUMIRIM,2,0.83%,19,7.92%,219,91.25%,240
SUDESTE,31,MG,313440,ITURAMA,49,3.19%,95,6.19%,1.39,90.61%,1.534
SUDESTE,31,MG,313450,ITUTINGA,3,1.51%,9,4.52%,187,93.97%,199
SUDESTE,31,MG,313460,JABOTICATUBAS,31,3.97%,45,5.77%,704,90.26%,780
SUDESTE,31,MG,313470,JACINTO,13,3.16%,18,4.37%,381,92.48%,412
SUDESTE,31,MG,313480,JACUI,3,1.06%,11,3.9%,268,95.04%,282
SUDESTE,31,MG,313490,JACUTINGA,26,2.57%,51,5.04%,935,92.39%,1.012
SUDESTE,31,MG,313500,JAGUARACU,1,0.97%,3,2.91%,99,96.12%,103
SUDESTE,31,MG,313505,JAIBA,83,2.87%,141,4.88%,2.665,92.25%,2.889
SUDESTE,31,MG,313507,JAMPRUCA,7,3.14%,4,1.79%,212,95.07%,223
SUDESTE,31,MG,313510,JANAUBA,151,3.98%,211,5.56%,3.431,90.46%,3.793
SUDESTE,31,MG,313520,JANUARIA,213,6.44%,256,7.75%,2.836,85.81%,3.305
SUDESTE,31,MG,313530,JAPARAIBA,4,1.66%,8,3.32%,229,95.02%,241
SUDESTE,31,MG,313535,JAPONVAR,6,1.31%,10,2.18%,442,96.51%,458
SUDESTE,31,MG,313540,JECEABA,7,2.81%,15,6.02%,227,91.16%,249
SUDESTE,31,MG,313545,JENIPAPO DE MINAS,5,1.46%,8,2.33%,330,96.21%,343
SUDESTE,31,MG,313550,JEQUERI,39,6.41%,34,5.59%,535,87.99%,608
SUDESTE,31,MG,313560,JEQUITAI,16,5.46%,13,4.44%,264,90.1%,293
SUDESTE,31,MG,313570,JEQUITIBA,6,1.97%,5,1.64%,293,96.38%,304
SUDESTE,31,MG,313580,JEQUITINHONHA,26,2.22%,52,4.45%,1.091,93.33%,1.169
SUDESTE,31,MG,313590,JESUANIA,5,1.95%,10,3.91%,241,94.14%,256
SUDESTE,31,MG,313600,JOAIMA,17,2.06%,51,6.17%,758,91.77%,826
SUDESTE,31,MG,313610,JOANESIA,9,5.39%,14,8.38%,144,86.23%,167
SUDESTE,31,MG,313620,JOAO MONLEVADE,77,4.16%,115,6.21%,1.659,89.63%,1.851
SUDESTE,31,MG,313630,JOAO PINHEIRO,91,4.59%,121,6.1%,1.772,89.31%,1.984
SUDESTE,31,MG,313640,JOAQUIM FELICIO,10,4.72%,18,8.49%,184,86.79%,212
SUDESTE,31,MG,313650,JORDANIA,12,2.48%,32,6.63%,439,90.89%,483
SUDESTE,31,MG,313652,JOSE GONCALVES DE MINAS,1,0.58%,3,1.75%,167,97.66%,171
SUDESTE,31,MG,313655,JOSE RAYDAN,4,2.05%,9,4.62%,182,93.33%,195
SUDESTE,31,MG,313657,JOSENOPOLIS,8,5.52%,10,6.9%,127,87.59%,145
SUDESTE,31,MG,313660,NOVA UNIAO,11,3.26%,16,4.75%,310,91.99%,337
SUDESTE,31,MG,313665,JUATUBA,75,5.68%,87,6.59%,1.159,87.74%,1.321
SUDESTE,31,MG,313670,JUIZ DE FORA,274,2.9%,510,5.39%,8.677,91.71%,9.461
SUDESTE,31,MG,313680,JURAMENTO,17,8.63%,14,7.11%,166,84.26%,197
SUDESTE,31,MG,313690,JURUAIA,16,4.51%,25,7.04%,314,88.45%,355
SUDESTE,31,MG,313695,JUVENILIA,19,5.34%,13,3.65%,324,91.01%,356
SUDESTE,31,MG,313700,LADAINHA,37,4.84%,77,10.08%,650,85.08%,764
SUDESTE,31,MG,313710,LAGAMAR,11,4.87%,3,1.33%,212,93.81%,226
SUDESTE,31,MG,313720,LAGOA DA PRATA,39,2.8%,66,4.73%,1.29,92.47%,1.395
SUDESTE,31,MG,313730,LAGOA DOS PATOS,19,9.5%,10,5%,171,85.5%,200
SUDESTE,31,MG,313740,LAGOA DOURADA,18,3.56%,27,5.34%,461,91.11%,506
SUDESTE,31,MG,313750,LAGOA FORMOSA,36,4.2%,59,6.88%,763,88.93%,858
SUDESTE,31,MG,313753,LAGOA GRANDE,10,2.83%,26,7.37%,317,89.8%,353
SUDESTE,31,MG,313760,LAGOA SANTA,99,3.9%,165,6.51%,2.272,89.59%,2.536
SUDESTE,31,MG,313770,LAJINHA,62,6.18%,73,7.28%,868,86.54%,1.003
SUDESTE,31,MG,313780,LAMBARI,42,5.8%,50,6.91%,632,87.29%,724
SUDESTE,31,MG,313790,LAMIM,14,10%,12,8.57%,114,81.43%,140
SUDESTE,31,MG,313800,LARANJAL,7,4.9%,3,2.1%,133,93.01%,143
SUDESTE,31,MG,313810,LASSANCE,13,3.13%,20,4.82%,382,92.05%,415
SUDESTE,31,MG,313820,LAVRAS,84,3.6%,137,5.87%,2.112,90.53%,2.333
SUDESTE,31,MG,313830,LEANDRO FERREIRA,0,-,4,1.97%,199,98.03%,203
SUDESTE,31,MG,313835,LEME DO PRADO,5,2.18%,9,3.93%,215,93.89%,229
SUDESTE,31,MG,313840,LEOPOLDINA,47,3.47%,77,5.69%,1.23,90.84%,1.354
SUDESTE,31,MG,313850,LIBERDADE,10,6.25%,7,4.38%,143,89.38%,160
SUDESTE,31,MG,313860,LIMA DUARTE,11,2.68%,33,8.03%,367,89.29%,411
SUDESTE,31,MG,313862,LIMEIRA DO OESTE,7,1.77%,12,3.03%,377,95.2%,396
SUDESTE,31,MG,313865,LONTRA,14,2.47%,25,4.42%,527,93.11%,566
SUDESTE,31,MG,313867,LUISBURGO,11,1.99%,20,3.62%,521,94.38%,552
SUDESTE,31,MG,313868,LUISLANDIA,13,3.28%,26,6.57%,357,90.15%,396
SUDESTE,31,MG,313870,LUMINARIAS,9,3.64%,21,8.5%,217,87.85%,247
SUDESTE,31,MG,313880,LUZ,8,1.07%,33,4.41%,707,94.52%,748
SUDESTE,31,MG,313890,MACHACALIS,30,7.65%,28,7.14%,334,85.2%,392
SUDESTE,31,MG,313900,MACHADO,101,5.47%,133,7.21%,1.611,87.32%,1.845
SUDESTE,31,MG,313910,MADRE DE DEUS DE MINAS,8,6.4%,6,4.8%,111,88.8%,125
SUDESTE,31,MG,313920,MALACACHETA,22,3.01%,49,6.71%,659,90.27%,730
SUDESTE,31,MG,313925,MAMONAS,2,0.84%,10,4.18%,227,94.98%,239
SUDESTE,31,MG,313930,MANGA,58,4.21%,82,5.95%,1.239,89.85%,1.379
SUDESTE,31,MG,313940,MANHUACU,164,4.7%,249,7.13%,3.078,88.17%,3.491
SUDESTE,31,MG,313950,MANHUMIRIM,35,4.48%,36,4.6%,711,90.92%,782
SUDESTE,31,MG,313960,MANTENA,29,2.8%,69,6.67%,936,90.52%,1.034
SUDESTE,31,MG,313970,MARAVILHAS,16,4.24%,16,4.24%,345,91.51%,377
SUDESTE,31,MG,313980,MAR DE ESPANHA,27,4.86%,28,5.05%,500,90.09%,555
SUDESTE,31,MG,313990,MARIA DA FE,18,2.45%,33,4.5%,683,93.05%,734
SUDESTE,31,MG,314000,MARIANA,48,2.11%,116,5.1%,2.11,92.79%,2.274
SUDESTE,31,MG,314010,MARILAC,11,3.44%,7,2.19%,302,94.38%,320
SUDESTE,31,MG,314015,MARIO CAMPOS,21,4.85%,22,5.08%,390,90.07%,433
SUDESTE,31,MG,314020,MARIPA DE MINAS,0,-,8,4.73%,161,95.27%,169
SUDESTE,31,MG,314030,MARLIERIA,6,3.11%,9,4.66%,178,92.23%,193
SUDESTE,31,MG,314040,MARMELOPOLIS,1,0.9%,4,3.6%,106,95.5%,111
SUDESTE,31,MG,314050,MARTINHO CAMPOS,14,2.63%,28,5.26%,490,92.11%,532
SUDESTE,31,MG,314053,MARTINS SOARES,48,10.23%,37,7.89%,384,81.88%,469
SUDESTE,31,MG,314055,MATA VERDE,13,2.86%,18,3.96%,424,93.19%,455
SUDESTE,31,MG,314060,MATERLANDIA,6,2.87%,10,4.78%,193,92.34%,209
SUDESTE,31,MG,314070,MATEUS LEME,45,3.18%,92,6.5%,1.278,90.32%,1.415
SUDESTE,31,MG,314080,MATIAS BARBOSA,8,1.54%,30,5.79%,480,92.66%,518
SUDESTE,31,MG,314085,MATIAS CARDOSO,36,6.26%,36,6.26%,503,87.48%,575
SUDESTE,31,MG,314090,MATIPO,45,3.92%,57,4.97%,1.046,91.11%,1.148
SUDESTE,31,MG,314100,MATO VERDE,36,4.99%,51,7.07%,634,87.93%,721
SUDESTE,31,MG,314110,MATOZINHOS,28,3.06%,53,5.8%,833,91.14%,914
SUDESTE,31,MG,314120,MATUTINA,3,1.55%,8,4.12%,183,94.33%,194
SUDESTE,31,MG,314130,MEDEIROS,1,0.59%,9,5.33%,159,94.08%,169
SUDESTE,31,MG,314140,MEDINA,37,3.7%,50,5%,913,91.3%,1
SUDESTE,31,MG,314150,MENDES PIMENTEL,5,3.45%,7,4.83%,133,91.72%,145
SUDESTE,31,MG,314160,MERCES,14,4.47%,15,4.79%,284,90.73%,313
SUDESTE,31,MG,314170,MESQUITA,5,2.62%,6,3.14%,180,94.24%,191
SUDESTE,31,MG,314180,MINAS NOVAS,30,2.3%,49,3.76%,1.224,93.94%,1.303
SUDESTE,31,MG,314190,MINDURI,0,-,8,4.91%,155,95.09%,163
SUDESTE,31,MG,314200,MIRABELA,24,4.05%,46,7.77%,522,88.18%,592
SUDESTE,31,MG,314210,MIRADOURO,7,1.84%,16,4.2%,358,93.96%,381
SUDESTE,31,MG,314220,MIRAI,11,2.08%,25,4.72%,494,93.21%,530
SUDESTE,31,MG,314225,MIRAVANIA,6,2.9%,13,6.28%,188,90.82%,207
SUDESTE,31,MG,314230,MOEDA,2,0.83%,17,7.02%,223,92.15%,242
SUDESTE,31,MG,314240,MOEMA,13,3.32%,16,4.08%,363,92.6%,392
SUDESTE,31,MG,314250,MONJOLOS,4,4.55%,2,2.27%,82,93.18%,88
SUDESTE,31,MG,314260,MONSENHOR PAULO,13,4.06%,23,7.19%,284,88.75%,320
SUDESTE,31,MG,314270,MONTALVANIA,20,2.27%,35,3.97%,826,93.76%,881
SUDESTE,31,MG,314280,MONTE ALEGRE DE MINAS,17,3.59%,32,6.77%,424,89.64%,473
SUDESTE,31,MG,314290,MONTE AZUL,57,5.63%,58,5.73%,898,88.65%,1.013
SUDESTE,31,MG,314300,MONTE BELO,11,2.32%,14,2.95%,449,94.73%,474
SUDESTE,31,MG,314310,MONTE CARMELO,61,3.28%,102,5.48%,1.699,91.25%,1.862
SUDESTE,31,MG,314315,MONTE FORMOSO,11,4.06%,21,7.75%,239,88.19%,271
SUDESTE,31,MG,314320,MONTE SANTO DE MINAS,12,1.17%,35,3.41%,979,95.42%,1.026
SUDESTE,31,MG,314330,MONTES CLAROS,581,3.76%,754,4.89%,14.1,91.35%,15.435
SUDESTE,31,MG,314340,MONTE SIAO,46,5.52%,64,7.68%,723,86.79%,833
SUDESTE,31,MG,314345,MONTEZUMA,11,2.72%,21,5.19%,373,92.1%,405
SUDESTE,31,MG,314350,MORADA NOVA DE MINAS,14,2.63%,22,4.13%,497,93.25%,533
SUDESTE,31,MG,314360,MORRO DA GARCA,2,2.6%,8,10.39%,67,87.01%,77
SUDESTE,31,MG,314370,MORRO DO PILAR,12,7.41%,9,5.56%,141,87.04%,162
SUDESTE,31,MG,314380,MUNHOZ,12,3.07%,30,7.67%,349,89.26%,391
SUDESTE,31,MG,314390,MURIAE,279,5.89%,357,7.53%,4.104,86.58%,4.74
SUDESTE,31,MG,314400,MUTUM,40,2.94%,80,5.88%,1.24,91.18%,1.36
SUDESTE,31,MG,314410,MUZAMBINHO,21,3.73%,32,5.68%,510,90.59%,563
SUDESTE,31,MG,314420,NACIP RAYDAN,3,2.54%,6,5.08%,109,92.37%,118
SUDESTE,31,MG,314430,NANUQUE,57,3.75%,99,6.52%,1.362,89.72%,1.518
SUDESTE,31,MG,314435,NAQUE,14,2.94%,20,4.2%,442,92.86%,476
SUDESTE,31,MG,314437,NATALANDIA,2,0.65%,6,1.95%,299,97.39%,307
SUDESTE,31,MG,314440,NATERCIA,2,0.99%,5,2.48%,195,96.53%,202
SUDESTE,31,MG,314450,NAZARENO,10,3.32%,17,5.65%,274,91.03%,301
SUDESTE,31,MG,314460,NEPOMUCENO,29,2.64%,57,5.18%,1.014,92.18%,1.1
SUDESTE,31,MG,314465,NINHEIRA,13,2.14%,18,2.97%,576,94.89%,607
SUDESTE,31,MG,314467,NOVA BELEM,11,5.21%,19,9%,181,85.78%,211
SUDESTE,31,MG,314470,NOVA ERA,13,2.03%,28,4.38%,598,93.58%,639
SUDESTE,31,MG,314480,NOVA LIMA,74,2.22%,195,5.86%,3.06,91.92%,3.329
SUDESTE,31,MG,314490,NOVA MODICA,2,0.99%,6,2.96%,195,96.06%,203
SUDESTE,31,MG,314500,NOVA PONTE,36,6.05%,51,8.57%,508,85.38%,595
SUDESTE,31,MG,314505,NOVA PORTEIRINHA,11,2.54%,19,4.39%,403,93.07%,433
SUDESTE,31,MG,314510,NOVA RESENDE,19,2.12%,48,5.36%,829,92.52%,896
SUDESTE,31,MG,314520,NOVA SERRANA,221,3.61%,351,5.73%,5.551,90.66%,6.123
SUDESTE,31,MG,314530,NOVO CRUZEIRO,38,2.98%,79,6.2%,1.157,90.82%,1.274
SUDESTE,31,MG,314535,NOVO ORIENTE DE MINAS,19,4.68%,29,7.14%,358,88.18%,406
SUDESTE,31,MG,314537,NOVORIZONTE,11,3.17%,18,5.19%,318,91.64%,347
SUDESTE,31,MG,314540,OLARIA,4,8.89%,3,6.67%,38,84.44%,45
SUDESTE,31,MG,314545,OLHOS-D'AGUA,1,0.43%,11,4.78%,218,94.78%,230
SUDESTE,31,MG,314550,OLIMPIO NORONHA,2,1.32%,6,3.95%,144,94.74%,152
SUDESTE,31,MG,314560,OLIVEIRA,56,3.89%,103,7.16%,1.28,88.95%,1.439
SUDESTE,31,MG,314570,OLIVEIRA FORTES,1,1.2%,1,1.2%,81,97.59%,83
SUDESTE,31,MG,314580,ONCA DE PITANGUI,5,3.42%,10,6.85%,131,89.73%,146
SUDESTE,31,MG,314585,ORATORIOS,11,5.47%,23,11.44%,167,83.08%,201
SUDESTE,31,MG,314587,ORIZANIA,25,4.21%,31,5.22%,538,90.57%,594
SUDESTE,31,MG,314590,OURO BRANCO,41,2.65%,73,4.72%,1.433,92.63%,1.547
SUDESTE,31,MG,314600,OURO FINO,21,2.1%,26,2.6%,954,95.3%,1.001
SUDESTE,31,MG,314610,OURO PRETO,66,2.66%,153,6.18%,2.258,91.16%,2.477
SUDESTE,31,MG,314620,OURO VERDE DE MINAS,19,4.21%,26,5.76%,406,90.02%,451
SUDESTE,31,MG,314625,PADRE CARVALHO,8,4%,7,3.5%,185,92.5%,200
SUDESTE,31,MG,314630,PADRE PARAISO,27,2.6%,47,4.53%,963,92.86%,1.037
SUDESTE,31,MG,314640,PAINEIRAS,2,1.74%,3,2.61%,110,95.65%,115
SUDESTE,31,MG,314650,PAINS,6,1.97%,18,5.9%,281,92.13%,305
SUDESTE,31,MG,314655,PAI PEDRO,6,1.98%,9,2.97%,288,95.05%,303
SUDESTE,31,MG,314660,PAIVA,6,6.12%,9,9.18%,83,84.69%,98
SUDESTE,31,MG,314670,PALMA,18,8.11%,12,5.41%,192,86.49%,222
SUDESTE,31,MG,314675,PALMOPOLIS,17,4.94%,22,6.4%,305,88.66%,344
SUDESTE,31,MG,314690,PAPAGAIOS,15,2.11%,26,3.65%,671,94.24%,712
SUDESTE,31,MG,314700,PARACATU,125,4.38%,134,4.7%,2.595,90.93%,2.854
SUDESTE,31,MG,314710,PARA DE MINAS,76,1.8%,200,4.75%,3.937,93.45%,4.213
SUDESTE,31,MG,314720,PARAGUACU,16,1.68%,43,4.51%,894,93.81%,953
SUDESTE,31,MG,314730,PARAISOPOLIS,29,3.35%,47,5.43%,790,91.22%,866
SUDESTE,31,MG,314740,PARAOPEBA,32,3.07%,69,6.62%,941,90.31%,1.042
SUDESTE,31,MG,314750,PASSABEM,2,2.53%,7,8.86%,70,88.61%,79
SUDESTE,31,MG,314760,PASSA QUATRO,9,2.19%,20,4.87%,382,92.94%,411
SUDESTE,31,MG,314770,PASSA TEMPO,9,4.92%,25,13.66%,149,81.42%,183
SUDESTE,31,MG,314780,PASSA VINTE,8,8%,3,3%,89,89%,100
SUDESTE,31,MG,314790,PASSOS,227,7.79%,229,7.86%,2.459,84.36%,2.915
SUDESTE,31,MG,314795,PATIS,17,6.44%,20,7.58%,227,85.98%,264
SUDESTE,31,MG,314800,PATOS DE MINAS,220,4.54%,401,8.27%,4.23,87.2%,4.851
SUDESTE,31,MG,314810,PATROCINIO,198,6.14%,247,7.66%,2.779,86.2%,3.224
SUDESTE,31,MG,314820,PATROCINIO DO MURIAE,11,3.62%,14,4.61%,279,91.78%,304
SUDESTE,31,MG,314830,PAULA CANDIDO,11,3%,24,6.54%,332,90.46%,367
SUDESTE,31,MG,314840,PAULISTAS,4,1.69%,10,4.22%,223,94.09%,237
SUDESTE,31,MG,314850,PAVAO,12,3.33%,13,3.61%,335,93.06%,360
SUDESTE,31,MG,314860,PECANHA,84,11.52%,60,8.23%,585,80.25%,729
SUDESTE,31,MG,314870,PEDRA AZUL,47,4.72%,85,8.53%,864,86.75%,996
SUDESTE,31,MG,314875,PEDRA BONITA,35,6.32%,34,6.14%,485,87.55%,554
SUDESTE,31,MG,314880,PEDRA DO ANTA,2,2.56%,2,2.56%,74,94.87%,78
SUDESTE,31,MG,314890,PEDRA DO INDAIA,12,7.06%,15,8.82%,143,84.12%,170
SUDESTE,31,MG,314900,PEDRA DOURADA,7,4.9%,9,6.29%,127,88.81%,143
SUDESTE,31,MG,314910,PEDRALVA,9,1.92%,18,3.85%,441,94.23%,468
SUDESTE,31,MG,314915,PEDRAS DE MARIA DA CRUZ,32,7.27%,36,8.18%,372,84.55%,440
SUDESTE,31,MG,314920,PEDRINOPOLIS,0,-,6,3.7%,156,96.3%,162
SUDESTE,31,MG,314930,PEDRO LEOPOLDO,38,3.82%,72,7.24%,884,88.93%,994
SUDESTE,31,MG,314940,PEDRO TEIXEIRA,8,8%,5,5%,87,87%,100
SUDESTE,31,MG,314950,PEQUERI,4,2.25%,1,0.56%,173,97.19%,178
SUDESTE,31,MG,314960,PEQUI,8,4.21%,6,3.16%,176,92.63%,190
SUDESTE,31,MG,314970,PERDIGAO,30,3.92%,38,4.96%,698,91.12%,766
SUDESTE,31,MG,314980,PERDIZES,23,1.97%,59,5.05%,1.086,92.98%,1.168
SUDESTE,31,MG,314990,PERDOES,86,17.59%,38,7.77%,365,74.64%,489
SUDESTE,31,MG,314995,PERIQUITO,30,7.63%,20,5.09%,343,87.28%,393
SUDESTE,31,MG,315000,PESCADOR,2,1.01%,10,5.05%,186,93.94%,198
SUDESTE,31,MG,315010,PIAU,6,4.88%,3,2.44%,114,92.68%,123
SUDESTE,31,MG,315015,PIEDADE DE CARATINGA,16,2.45%,30,4.59%,607,92.96%,653
SUDESTE,31,MG,315020,PIEDADE DE PONTE NOVA,5,3.13%,11,6.88%,144,90%,160
SUDESTE,31,MG,315030,PIEDADE DO RIO GRANDE,5,2.05%,11,4.51%,228,93.44%,244
SUDESTE,31,MG,315040,PIEDADE DOS GERAIS,20,10.75%,12,6.45%,154,82.8%,186
SUDESTE,31,MG,315050,PIMENTA,10,2.72%,25,6.81%,332,90.46%,367
SUDESTE,31,MG,315053,PINGO-D'AGUA,8,3.03%,8,3.03%,248,93.94%,264
SUDESTE,31,MG,315057,PINTOPOLIS,38,7.55%,38,7.55%,427,84.89%,503
SUDESTE,31,MG,315060,PIRACEMA,16,10.74%,18,12.08%,115,77.18%,149
SUDESTE,31,MG,315070,PIRAJUBA,8,2.07%,17,4.39%,362,93.54%,387
SUDESTE,31,MG,315080,PIRANGA,16,2.21%,42,5.79%,667,92%,725
SUDESTE,31,MG,315090,PIRANGUCU,9,3.49%,17,6.59%,232,89.92%,258
SUDESTE,31,MG,315100,PIRANGUINHO,22,5.43%,23,5.68%,360,88.89%,405
SUDESTE,31,MG,315110,PIRAPETINGA,42,9.74%,34,7.89%,355,82.37%,431
SUDESTE,31,MG,315120,PIRAPORA,114,4.28%,174,6.53%,2.377,89.19%,2.665
SUDESTE,31,MG,315130,PIRAUBA,11,3.68%,25,8.36%,263,87.96%,299
SUDESTE,31,MG,315140,PITANGUI,43,4.24%,70,6.9%,902,88.87%,1.015
SUDESTE,31,MG,315150,PIUMHI,89,5.3%,80,4.76%,1.511,89.94%,1.68
SUDESTE,31,MG,315160,PLANURA,8,1.74%,24,5.21%,429,93.06%,461
SUDESTE,31,MG,315170,POCO FUNDO,21,2.88%,29,3.97%,680,93.15%,730
SUDESTE,31,MG,315180,POCOS DE CALDAS,86,2.12%,206,5.07%,3.77,92.81%,4.062
SUDESTE,31,MG,315190,POCRANE,29,6.5%,22,4.93%,395,88.57%,446
SUDESTE,31,MG,315200,POMPEU,27,2.57%,46,4.38%,977,93.05%,1.05
SUDESTE,31,MG,315210,PONTE NOVA,72,5.48%,75,5.7%,1.168,88.82%,1.315
SUDESTE,31,MG,315213,PONTO CHIQUE,10,4.08%,16,6.53%,219,89.39%,245
SUDESTE,31,MG,315217,PONTO DOS VOLANTES,23,4.48%,17,3.31%,473,92.2%,513
SUDESTE,31,MG,315220,PORTEIRINHA,33,1.68%,58,2.95%,1.878,95.38%,1.969
SUDESTE,31,MG,315230,PORTO FIRME,8,1.68%,24,5.03%,445,93.29%,477
SUDESTE,31,MG,315240,POTE,12,1.72%,30,4.31%,654,93.97%,696
SUDESTE,31,MG,315250,POUSO ALEGRE,175,4.1%,266,6.23%,3.83,89.67%,4.271
SUDESTE,31,MG,315260,POUSO ALTO,4,1.65%,5,2.07%,233,96.28%,242
SUDESTE,31,MG,315270,PRADOS,16,4.75%,32,9.5%,289,85.76%,337
SUDESTE,31,MG,315280,PRATA,55,4.11%,115,8.6%,1.167,87.28%,1.337
SUDESTE,31,MG,315290,PRATAPOLIS,4,1.02%,21,5.36%,367,93.62%,392
SUDESTE,31,MG,315300,PRATINHA,8,4.12%,9,4.64%,177,91.24%,194
SUDESTE,31,MG,315310,PRESIDENTE BERNARDES,7,3.43%,15,7.35%,182,89.22%,204
SUDESTE,31,MG,315320,PRESIDENTE JUSCELINO,1,0.69%,10,6.94%,133,92.36%,144
SUDESTE,31,MG,315330,PRESIDENTE KUBITSCHEK,5,2.81%,6,3.37%,167,93.82%,178
SUDESTE,31,MG,315340,PRESIDENTE OLEGARIO,41,5.97%,36,5.24%,610,88.79%,687
SUDESTE,31,MG,315350,ALTO JEQUITIBA,7,1.42%,19,3.85%,467,94.73%,493
SUDESTE,31,MG,315360,PRUDENTE DE MORAIS,6,1.21%,15,3.02%,476,95.77%,497
SUDESTE,31,MG,315370,QUARTEL GERAL,7,4.58%,5,3.27%,141,92.16%,153
SUDESTE,31,MG,315380,QUELUZITO,1,0.9%,1,0.9%,109,98.2%,111
SUDESTE,31,MG,315390,RAPOSOS,17,15.18%,5,4.46%,90,80.36%,112
SUDESTE,31,MG,315400,RAUL SOARES,33,3.97%,42,5.05%,757,90.99%,832
SUDESTE,31,MG,315410,RECREIO,1,0.38%,11,4.23%,248,95.38%,260
SUDESTE,31,MG,315415,REDUTO,12,2.76%,27,6.21%,396,91.03%,435
SUDESTE,31,MG,315420,RESENDE COSTA,9,2%,21,4.67%,420,93.33%,450
SUDESTE,31,MG,315430,RESPLENDOR,29,4.43%,32,4.89%,593,90.67%,654
SUDESTE,31,MG,315440,RESSAQUINHA,10,4.57%,18,8.22%,191,87.21%,219
SUDESTE,31,MG,315445,RIACHINHO,13,2.82%,39,8.46%,409,88.72%,461
SUDESTE,31,MG,315450,RIACHO DOS MACHADOS,15,2.9%,30,5.79%,473,91.31%,518
SUDESTE,31,MG,315460,RIBEIRAO DAS NEVES,365,3.54%,582,5.64%,9.376,90.83%,10.323
SUDESTE,31,MG,315470,RIBEIRAO VERMELHO,6,3.82%,7,4.46%,144,91.72%,157
SUDESTE,31,MG,315480,RIO ACIMA,9,3.53%,11,4.31%,235,92.16%,255
SUDESTE,31,MG,315490,RIO CASCA,20,4.3%,39,8.39%,406,87.31%,465
SUDESTE,31,MG,315500,RIO DOCE,1,0.63%,9,5.66%,149,93.71%,159
SUDESTE,31,MG,315510,RIO DO PRADO,6,2.49%,8,3.32%,227,94.19%,241
SUDESTE,31,MG,315520,RIO ESPERA,7,3.29%,14,6.57%,192,90.14%,213
SUDESTE,31,MG,315530,RIO MANSO,9,4.13%,10,4.59%,199,91.28%,218
SUDESTE,31,MG,315540,RIO NOVO,5,2.07%,11,4.55%,226,93.39%,242
SUDESTE,31,MG,315550,RIO PARANAIBA,32,4%,69,8.63%,699,87.38%,800
SUDESTE,31,MG,315560,RIO PARDO DE MINAS,71,3.83%,97,5.23%,1.687,90.94%,1.855
SUDESTE,31,MG,315570,RIO PIRACICABA,13,2.24%,26,4.48%,542,93.29%,581
SUDESTE,31,MG,315580,RIO POMBA,24,4.71%,53,10.39%,433,84.9%,510
SUDESTE,31,MG,315590,RIO PRETO,11,5.21%,18,8.53%,182,86.26%,211
SUDESTE,31,MG,315600,RIO VERMELHO,19,3.71%,52,10.16%,441,86.13%,512
SUDESTE,31,MG,315610,RITAPOLIS,5,4.1%,7,5.74%,110,90.16%,122
SUDESTE,31,MG,315620,ROCHEDO DE MINAS,1,0.72%,8,5.76%,130,93.53%,139
SUDESTE,31,MG,315630,RODEIRO,18,3.57%,24,4.76%,462,91.67%,504
SUDESTE,31,MG,315640,ROMARIA,2,1.08%,7,3.76%,177,95.16%,186
SUDESTE,31,MG,315645,ROSARIO DA LIMEIRA,2,1.23%,6,3.68%,155,95.09%,163
SUDESTE,31,MG,315650,RUBELITA,14,5.6%,16,6.4%,220,88%,250
SUDESTE,31,MG,315660,RUBIM,10,3.13%,29,9.09%,280,87.77%,319
SUDESTE,31,MG,315670,SABARA,144,3.64%,278,7.03%,3.533,89.33%,3.955
SUDESTE,31,MG,315680,SABINOPOLIS,19,2.6%,23,3.15%,688,94.25%,730
SUDESTE,31,MG,315690,SACRAMENTO,14,0.98%,75,5.27%,1.335,93.75%,1.424
SUDESTE,31,MG,315700,SALINAS,61,3.78%,80,4.96%,1.473,91.26%,1.614
SUDESTE,31,MG,315710,SALTO DA DIVISA,13,6.05%,17,7.91%,185,86.05%,215
SUDESTE,31,MG,315720,SANTA BARBARA,43,3.42%,94,7.47%,1.122,89.12%,1.259
SUDESTE,31,MG,315725,SANTA BARBARA DO LESTE,12,2.28%,18,3.42%,497,94.31%,527
SUDESTE,31,MG,315727,SANTA BARBARA DO MONTE VERDE,4,2.78%,6,4.17%,134,93.06%,144
SUDESTE,31,MG,315730,SANTA BARBARA DO TUGURIO,4,1.78%,3,1.33%,218,96.89%,225
SUDESTE,31,MG,315733,SANTA CRUZ DE MINAS,9,3.41%,15,5.68%,240,90.91%,264
SUDESTE,31,MG,315737,SANTA CRUZ DE SALINAS,13,5.99%,15,6.91%,189,87.1%,217
SUDESTE,31,MG,315740,SANTA CRUZ DO ESCALVADO,3,1.78%,7,4.14%,159,94.08%,169
SUDESTE,31,MG,315750,SANTA EFIGENIA DE MINAS,3,1.15%,8,3.07%,250,95.79%,261
SUDESTE,31,MG,315760,SANTA FE DE MINAS,27,14.29%,15,7.94%,147,77.78%,189
SUDESTE,31,MG,315765,SANTA HELENA DE MINAS,35,8.25%,50,11.79%,339,79.95%,424
SUDESTE,31,MG,315770,SANTA JULIANA,10,0.96%,28,2.68%,1.006,96.36%,1.044
SUDESTE,31,MG,315780,SANTA LUZIA,929,10.28%,701,7.76%,7.405,81.96%,9.035
SUDESTE,31,MG,315790,SANTA MARGARIDA,114,9.29%,105,8.56%,1.008,82.15%,1.227
SUDESTE,31,MG,315800,SANTA MARIA DE ITABIRA,13,2.49%,31,5.93%,479,91.59%,523
SUDESTE,31,MG,315810,SANTA MARIA DO SALTO,5,2.45%,11,5.39%,188,92.16%,204
SUDESTE,31,MG,315820,SANTA MARIA DO SUACUI,20,3.38%,36,6.08%,536,90.54%,592
SUDESTE,31,MG,315830,SANTANA DA VARGEM,8,2.7%,23,7.77%,265,89.53%,296
SUDESTE,31,MG,315840,SANTANA DE CATAGUASES,2,1.48%,4,2.96%,129,95.56%,135
SUDESTE,31,MG,315850,SANTANA DE PIRAPAMA,10,3.88%,16,6.2%,232,89.92%,258
SUDESTE,31,MG,315860,SANTANA DO DESERTO,3,3.37%,1,1.12%,85,95.51%,89
SUDESTE,31,MG,315870,SANTANA DO GARAMBEU,0,-,6,6.59%,85,93.41%,91
SUDESTE,31,MG,315880,SANTANA DO JACARE,2,1.27%,4,2.55%,151,96.18%,157
SUDESTE,31,MG,315890,SANTANA DO MANHUACU,24,4.62%,31,5.96%,465,89.42%,520
SUDESTE,31,MG,315895,SANTANA DO PARAISO,59,2.43%,86,3.54%,2.283,94.03%,2.428
SUDESTE,31,MG,315900,SANTANA DO RIACHO,5,1.55%,16,4.95%,302,93.5%,323
SUDESTE,31,MG,315910,SANTANA DOS MONTES,7,4.7%,3,2.01%,139,93.29%,149
SUDESTE,31,MG,315920,SANTA RITA DE CALDAS,3,1.05%,15,5.26%,267,93.68%,285
SUDESTE,31,MG,315930,SANTA RITA DE JACUTINGA,2,1.03%,3,1.55%,189,97.42%,194
SUDESTE,31,MG,315935,SANTA RITA DE MINAS,7,1.76%,19,4.79%,371,93.45%,397
SUDESTE,31,MG,315940,SANTA RITA DE IBITIPOCA,1,0.57%,8,4.55%,167,94.89%,176
SUDESTE,31,MG,315950,SANTA RITA DO ITUETO,11,2.51%,28,6.39%,399,91.1%,438
SUDESTE,31,MG,315960,SANTA RITA DO SAPUCAI,33,2.85%,54,4.67%,1.07,92.48%,1.157
SUDESTE,31,MG,315970,SANTA ROSA DA SERRA,21,8.9%,22,9.32%,193,81.78%,236
SUDESTE,31,MG,315980,SANTA VITORIA,15,1.93%,33,4.24%,730,93.83%,778
SUDESTE,31,MG,315990,SANTO ANTONIO DO AMPARO,57,7.16%,70,8.79%,669,84.05%,796
SUDESTE,31,MG,316000,SANTO ANTONIO DO AVENTUREIRO,4,2.74%,9,6.16%,133,91.1%,146
SUDESTE,31,MG,316010,SANTO ANTONIO DO GRAMA,10,4.42%,8,3.54%,208,92.04%,226
SUDESTE,31,MG,316020,SANTO ANTONIO DO ITAMBE,5,3.16%,8,5.06%,145,91.77%,158
SUDESTE,31,MG,316030,SANTO ANTONIO DO JACINTO,38,7.68%,27,5.45%,430,86.87%,495
SUDESTE,31,MG,316040,SANTO ANTONIO DO MONTE,24,2.37%,62,6.13%,925,91.49%,1.011
SUDESTE,31,MG,316045,SANTO ANTONIO DO RETIRO,21,4.82%,15,3.44%,400,91.74%,436
SUDESTE,31,MG,316050,SANTO ANTONIO DO RIO ABAIXO,10,12.35%,11,13.58%,60,74.07%,81
SUDESTE,31,MG,316060,SANTO HIPOLITO,2,1.36%,7,4.76%,138,93.88%,147
SUDESTE,31,MG,316070,SANTOS DUMONT,50,5.39%,70,7.55%,807,87.06%,927
SUDESTE,31,MG,316080,SAO BENTO ABADE,13,4.04%,25,7.76%,284,88.2%,322
SUDESTE,31,MG,316090,SAO BRAS DO SUACUI,10,6.37%,19,12.1%,128,81.53%,157
SUDESTE,31,MG,316095,SAO DOMINGOS DAS DORES,5,1.25%,14,3.49%,382,95.26%,401
SUDESTE,31,MG,316100,SAO DOMINGOS DO PRATA,23,3.91%,32,5.44%,533,90.65%,588
SUDESTE,31,MG,316105,SAO FELIX DE MINAS,6,3.13%,7,3.65%,179,93.23%,192
SUDESTE,31,MG,316110,SAO FRANCISCO,59,1.94%,125,4.1%,2.863,93.96%,3.047
SUDESTE,31,MG,316120,SAO FRANCISCO DE PAULA,5,1.95%,8,3.11%,244,94.94%,257
SUDESTE,31,MG,316130,SAO FRANCISCO DE SALES,3,1.13%,13,4.89%,250,93.98%,266
SUDESTE,31,MG,316140,SAO FRANCISCO DO GLORIA,7,2.82%,9,3.63%,232,93.55%,248
SUDESTE,31,MG,316150,SAO GERALDO,38,7.63%,43,8.63%,417,83.73%,498
SUDESTE,31,MG,316160,SAO GERALDO DA PIEDADE,8,4.79%,12,7.19%,147,88.02%,167
SUDESTE,31,MG,316165,SAO GERALDO DO BAIXIO,17,7.59%,10,4.46%,197,87.95%,224
SUDESTE,31,MG,316170,SAO GONCALO DO ABAETE,12,3.87%,14,4.52%,284,91.61%,310
SUDESTE,31,MG,316180,SAO GONCALO DO PARA,25,5.56%,27,6%,398,88.44%,450
SUDESTE,31,MG,316190,SAO GONCALO DO RIO ABAIXO,14,2.14%,38,5.8%,603,92.06%,655
SUDESTE,31,MG,316200,SAO GONCALO DO SAPUCAI,36,3.1%,57,4.91%,1.068,91.99%,1.161
SUDESTE,31,MG,316210,SAO GOTARDO,60,4.23%,117,8.25%,1.242,87.53%,1.419
SUDESTE,31,MG,316220,SAO JOAO BATISTA DO GLORIA,5,2.2%,8,3.52%,214,94.27%,227
SUDESTE,31,MG,316225,SAO JOAO DA LAGOA,24,8.63%,27,9.71%,227,81.65%,278
SUDESTE,31,MG,316230,SAO JOAO DA MATA,5,2.87%,8,4.6%,161,92.53%,174
SUDESTE,31,MG,316240,SAO JOAO DA PONTE,55,4.33%,81,6.38%,1.133,89.28%,1.269
SUDESTE,31,MG,316245,SAO JOAO DAS MISSOES,35,3.33%,75,7.14%,941,89.53%,1.051
SUDESTE,31,MG,316250,SAO JOAO DEL REI,72,4.12%,122,6.98%,1.554,88.9%,1.748
SUDESTE,31,MG,316255,SAO JOAO DO MANHUACU,44,7.17%,47,7.65%,523,85.18%,614
SUDESTE,31,MG,316257,SAO JOAO DO MANTENINHA,3,1.05%,14,4.88%,270,94.08%,287
SUDESTE,31,MG,316260,SAO JOAO DO ORIENTE,4,1.03%,18,4.65%,365,94.32%,387
SUDESTE,31,MG,316265,SAO JOAO DO PACUI,6,3.21%,13,6.95%,168,89.84%,187
SUDESTE,31,MG,316270,SAO JOAO DO PARAISO,33,2.83%,48,4.12%,1.085,93.05%,1.166
SUDESTE,31,MG,316280,SAO JOAO EVANGELISTA,25,3.11%,44,5.47%,736,91.43%,805
SUDESTE,31,MG,316290,SAO JOAO NEPOMUCENO,28,3.02%,49,5.29%,850,91.69%,927
SUDESTE,31,MG,316292,SAO JOAQUIM DE BICAS,81,4.9%,102,6.17%,1.47,88.93%,1.653
SUDESTE,31,MG,316294,SAO JOSE DA BARRA,4,1.03%,18,4.64%,366,94.33%,388
SUDESTE,31,MG,316295,SAO JOSE DA LAPA,44,3.62%,52,4.28%,1.119,92.1%,1.215
SUDESTE,31,MG,316300,SAO JOSE DA SAFIRA,6,1.95%,18,5.86%,283,92.18%,307
SUDESTE,31,MG,316310,SAO JOSE DA VARGINHA,7,3.24%,11,5.09%,198,91.67%,216
SUDESTE,31,MG,316320,SAO JOSE DO ALEGRE,5,2.21%,9,3.98%,212,93.81%,226
SUDESTE,31,MG,316330,SAO JOSE DO DIVINO,9,4.97%,6,3.31%,166,91.71%,181
SUDESTE,31,MG,316340,SAO JOSE DO GOIABAL,6,2.62%,13,5.68%,210,91.7%,229
SUDESTE,31,MG,316350,SAO JOSE DO JACURI,15,5.17%,24,8.28%,251,86.55%,290
SUDESTE,31,MG,316360,SAO JOSE DO MANTIMENTO,1,0.93%,2,1.87%,104,97.2%,107
SUDESTE,31,MG,316370,SAO LOURENCO,38,3.08%,90,7.3%,1.105,89.62%,1.233
SUDESTE,31,MG,316380,SAO MIGUEL DO ANTA,4,1.63%,19,7.76%,222,90.61%,245
SUDESTE,31,MG,316390,SAO PEDRO DA UNIAO,4,1.59%,6,2.38%,242,96.03%,252
SUDESTE,31,MG,316400,SAO PEDRO DOS FERROS,24,10.62%,16,7.08%,186,82.3%,226
SUDESTE,31,MG,316410,SAO PEDRO DO SUACUI,2,1.85%,4,3.7%,102,94.44%,108
SUDESTE,31,MG,316420,SAO ROMAO,14,2.99%,22,4.7%,432,92.31%,468
SUDESTE,31,MG,316430,SAO ROQUE DE MINAS,14,4.64%,18,5.96%,270,89.4%,302
SUDESTE,31,MG,316440,SAO SEBASTIAO DA BELA VISTA,17,3.93%,11,2.54%,405,93.53%,433
SUDESTE,31,MG,316443,SAO SEBASTIAO DA VARGEM ALEGRE,1,0.69%,3,2.07%,141,97.24%,145
SUDESTE,31,MG,316447,SAO SEBASTIAO DO ANTA,9,1.85%,14,2.87%,464,95.28%,487
SUDESTE,31,MG,316450,SAO SEBASTIAO DO MARANHAO,35,8.71%,32,7.96%,335,83.33%,402
SUDESTE,31,MG,316460,SAO SEBASTIAO DO OESTE,9,1.44%,21,3.37%,593,95.18%,623
SUDESTE,31,MG,316470,SAO SEBASTIAO DO PARAISO,97,3.27%,191,6.45%,2.675,90.28%,2.963
SUDESTE,31,MG,316480,SAO SEBASTIAO DO RIO PRETO,5,6.94%,2,2.78%,65,90.28%,72
SUDESTE,31,MG,316490,SAO SEBASTIAO DO RIO VERDE,3,2.48%,7,5.79%,111,91.74%,121
SUDESTE,31,MG,316500,SAO TIAGO,6,1.26%,19,4%,450,94.74%,475
SUDESTE,31,MG,316510,SAO TOMAS DE AQUINO,4,1.28%,13,4.17%,295,94.55%,312
SUDESTE,31,MG,316520,SAO THOME DAS LETRAS,5,1.77%,19,6.74%,258,91.49%,282
SUDESTE,31,MG,316530,SAO VICENTE DE MINAS,4,1.19%,16,4.76%,316,94.05%,336
SUDESTE,31,MG,316540,SAPUCAI-MIRIM,10,3.22%,24,7.72%,277,89.07%,311
SUDESTE,31,MG,316550,SARDOA,8,2.52%,8,2.52%,301,94.95%,317
SUDESTE,31,MG,316553,SARZEDO,60,4.78%,81,6.45%,1.114,88.76%,1.255
SUDESTE,31,MG,316555,SETUBINHA,30,4.26%,67,9.5%,608,86.24%,705
SUDESTE,31,MG,316556,SEM-PEIXE,2,1.92%,6,5.77%,96,92.31%,104
SUDESTE,31,MG,316557,SENADOR AMARAL,30,3.73%,57,7.08%,718,89.19%,805
SUDESTE,31,MG,316560,SENADOR CORTES,0,-,5,3.88%,124,96.12%,129
SUDESTE,31,MG,316570,SENADOR FIRMINO,9,2.6%,10,2.89%,327,94.51%,346
SUDESTE,31,MG,316580,SENADOR JOSE BENTO,1,3.03%,2,6.06%,30,90.91%,33
SUDESTE,31,MG,316590,SENADOR MODESTINO GONCALVES,27,16.88%,12,7.5%,121,75.63%,160
SUDESTE,31,MG,316600,SENHORA DE OLIVEIRA,4,1.54%,13,5%,243,93.46%,260
SUDESTE,31,MG,316610,SENHORA DO PORTO,9,7.63%,8,6.78%,101,85.59%,118
SUDESTE,31,MG,316620,SENHORA DOS REMEDIOS,18,4.51%,12,3.01%,369,92.48%,399
SUDESTE,31,MG,316630,SERICITA,55,10.76%,44,8.61%,412,80.63%,511
SUDESTE,31,MG,316640,SERITINGA,8,9.41%,5,5.88%,72,84.71%,85
SUDESTE,31,MG,316650,SERRA AZUL DE MINAS,11,5.37%,14,6.83%,180,87.8%,205
SUDESTE,31,MG,316660,SERRA DA SAUDADE,0,-,0,-,27,100%,27
SUDESTE,31,MG,316670,SERRA DOS AIMORES,18,4.04%,24,5.38%,404,90.58%,446
SUDESTE,31,MG,316680,SERRA DO SALITRE,31,4.11%,57,7.55%,667,88.34%,755
SUDESTE,31,MG,316690,SERRANIA,28,6.78%,28,6.78%,357,86.44%,413
SUDESTE,31,MG,316695,SERRANOPOLIS DE MINAS,8,3.69%,11,5.07%,198,91.24%,217
SUDESTE,31,MG,316700,SERRANOS,4,3.1%,1,0.78%,124,96.12%,129
SUDESTE,31,MG,316710,SERRO,36,3.81%,60,6.34%,850,89.85%,946
SUDESTE,31,MG,316720,SETE LAGOAS,192,4.5%,319,7.48%,3.755,88.02%,4.266
SUDESTE,31,MG,316730,SILVEIRANIA,9,6.16%,15,10.27%,122,83.56%,146
SUDESTE,31,MG,316740,SILVIANOPOLIS,23,9.24%,12,4.82%,214,85.94%,249
SUDESTE,31,MG,316750,SIMAO PEREIRA,3,3%,2,2%,95,95%,100
SUDESTE,31,MG,316760,SIMONESIA,74,5.37%,83,6.02%,1.222,88.61%,1.379
SUDESTE,31,MG,316770,SOBRALIA,9,3.33%,18,6.67%,243,90%,270
SUDESTE,31,MG,316780,SOLEDADE DE MINAS,3,1.9%,11,6.96%,144,91.14%,158
SUDESTE,31,MG,316790,TABULEIRO,5,3.31%,7,4.64%,139,92.05%,151
SUDESTE,31,MG,316800,TAIOBEIRAS,24,1.18%,59,2.89%,1.956,95.93%,2.039
SUDESTE,31,MG,316805,TAPARUBA,6,2.44%,4,1.63%,236,95.93%,246
SUDESTE,31,MG,316810,TAPIRA,7,3.11%,19,8.44%,199,88.44%,225
SUDESTE,31,MG,316820,TAPIRAI,3,4.69%,4,6.25%,57,89.06%,64
SUDESTE,31,MG,316830,TAQUARACU DE MINAS,6,3.51%,8,4.68%,157,91.81%,171
SUDESTE,31,MG,316840,TARUMIRIM,19,3.05%,35,5.62%,569,91.33%,623
SUDESTE,31,MG,316850,TEIXEIRAS,7,1.49%,21,4.46%,443,94.06%,471
SUDESTE,31,MG,316860,TEOFILO OTONI,198,4.31%,241,5.25%,4.151,90.44%,4.59
SUDESTE,31,MG,316870,TIMOTEO,128,6.06%,154,7.29%,1.83,86.65%,2.112
SUDESTE,31,MG,316880,TIRADENTES,3,0.86%,13,3.71%,334,95.43%,350
SUDESTE,31,MG,316890,TIROS,6,2.03%,28,9.49%,261,88.47%,295
SUDESTE,31,MG,316900,TOCANTINS,26,4.02%,32,4.95%,589,91.04%,647
SUDESTE,31,MG,316905,TOCOS DO MOJI,3,1.7%,6,3.41%,167,94.89%,176
SUDESTE,31,MG,316910,TOLEDO,20,3.77%,19,3.58%,491,92.64%,530
SUDESTE,31,MG,316920,TOMBOS,25,6.38%,28,7.14%,339,86.48%,392
SUDESTE,31,MG,316930,TRES CORACOES,104,3.99%,157,6.02%,2.345,89.98%,2.606
SUDESTE,31,MG,316935,TRES MARIAS,82,5.33%,123,7.99%,1.334,86.68%,1.539
SUDESTE,31,MG,316940,TRES PONTAS,73,3.73%,127,6.5%,1.755,89.77%,1.955
SUDESTE,31,MG,316950,TUMIRITINGA,12,4.04%,15,5.05%,270,90.91%,297
SUDESTE,31,MG,316960,TUPACIGUARA,25,3.74%,41,6.13%,603,90.13%,669
SUDESTE,31,MG,316970,TURMALINA,21,1.73%,32,2.64%,1.158,95.62%,1.211
SUDESTE,31,MG,316980,TURVOLANDIA,9,2.43%,13,3.5%,349,94.07%,371
SUDESTE,31,MG,316990,UBA,60,1.79%,182,5.44%,3.102,92.76%,3.344
SUDESTE,31,MG,317000,UBAI,22,3.35%,33,5.03%,601,91.62%,656
SUDESTE,31,MG,317005,UBAPORANGA,34,4.52%,46,6.12%,672,89.36%,752
SUDESTE,31,MG,317010,UBERABA,163,1.88%,393,4.53%,8.112,93.59%,8.668
SUDESTE,31,MG,317020,UBERLANDIA,443,1.94%,952,4.17%,21.462,93.9%,22.857
SUDESTE,31,MG,317030,UMBURATIBA,1,0.85%,4,3.42%,112,95.73%,117
SUDESTE,31,MG,317040,UNAI,68,2.71%,132,5.26%,2.309,92.03%,2.509
SUDESTE,31,MG,317043,UNIAO DE MINAS,3,1.78%,8,4.73%,158,93.49%,169
SUDESTE,31,MG,317047,URUANA DE MINAS,5,3.36%,9,6.04%,135,90.6%,149
SUDESTE,31,MG,317050,URUCANIA,19,3.8%,26,5.2%,455,91%,500
SUDESTE,31,MG,317052,URUCUIA,39,6.34%,46,7.48%,530,86.18%,615
SUDESTE,31,MG,317057,VARGEM ALEGRE,10,3.52%,23,8.1%,251,88.38%,284
SUDESTE,31,MG,317060,VARGEM BONITA,7,6.25%,3,2.68%,102,91.07%,112
SUDESTE,31,MG,317065,VARGEM GRANDE DO RIO PARDO,12,3.92%,20,6.54%,274,89.54%,306
SUDESTE,31,MG,317070,VARGINHA,110,2.29%,267,5.55%,4.433,92.16%,4.81
SUDESTE,31,MG,317075,VARJAO DE MINAS,13,3.49%,13,3.49%,346,93.01%,372
SUDESTE,31,MG,317080,VARZEA DA PALMA,47,3.18%,84,5.68%,1.347,91.14%,1.478
SUDESTE,31,MG,317090,VARZELANDIA,61,4.55%,95,7.09%,1.184,88.36%,1.34
SUDESTE,31,MG,317100,VAZANTE,52,6.31%,40,4.85%,732,88.83%,824
SUDESTE,31,MG,317103,VERDELANDIA,16,2.6%,30,4.88%,569,92.52%,615
SUDESTE,31,MG,317107,VEREDINHA,7,2.88%,14,5.76%,222,91.36%,243
SUDESTE,31,MG,317110,VERISSIMO,7,5.74%,12,9.84%,103,84.43%,122
SUDESTE,31,MG,317115,VERMELHO NOVO,8,3.9%,9,4.39%,188,91.71%,205
SUDESTE,31,MG,317120,VESPASIANO,115,4.08%,186,6.61%,2.515,89.31%,2.816
SUDESTE,31,MG,317130,VICOSA,130,6.1%,117,5.49%,1.884,88.41%,2.131
SUDESTE,31,MG,317140,VIEIRAS,15,7.01%,11,5.14%,188,87.85%,214
SUDESTE,31,MG,317150,MATHIAS LOBATO,6,2.65%,12,5.31%,208,92.04%,226
SUDESTE,31,MG,317160,VIRGEM DA LAPA,6,1.19%,30,5.95%,468,92.86%,504
SUDESTE,31,MG,317170,VIRGINIA,12,3.13%,18,4.7%,353,92.17%,383
SUDESTE,31,MG,317180,VIRGINOPOLIS,5,1.02%,16,3.26%,470,95.72%,491
SUDESTE,31,MG,317190,VIRGOLANDIA,4,1.75%,15,6.58%,209,91.67%,228
SUDESTE,31,MG,317200,VISCONDE DO RIO BRANCO,65,4.51%,134,9.29%,1.243,86.2%,1.442
SUDESTE,31,MG,317210,VOLTA GRANDE,5,2.37%,9,4.27%,197,93.36%,211
SUDESTE,31,MG,317220,WENCESLAU BRAZ,1,0.87%,6,5.22%,108,93.91%,115
SUDESTE,32,ES,320010,AFONSO CLAUDIO,47,4.85%,50,5.15%,873,90%,970
SUDESTE,32,ES,320013,AGUIA BRANCA,24,5.7%,37,8.79%,360,85.51%,421
SUDESTE,32,ES,320016,AGUA DOCE DO NORTE,23,3.73%,28,4.54%,566,91.73%,617
SUDESTE,32,ES,320020,ALEGRE,56,4.46%,70,5.57%,1.131,89.98%,1.257
SUDESTE,32,ES,320030,ALFREDO CHAVES,10,1.34%,29,3.9%,705,94.76%,744
SUDESTE,32,ES,320035,ALTO RIO NOVO,10,4.2%,19,7.98%,209,87.82%,238
SUDESTE,32,ES,320040,ANCHIETA,28,2.91%,41,4.26%,893,92.83%,962
SUDESTE,32,ES,320050,APIACA,23,8.46%,27,9.93%,222,81.62%,272
SUDESTE,32,ES,320060,ARACRUZ,110,2.25%,224,4.58%,4.554,93.17%,4.888
SUDESTE,32,ES,320070,ATILIO VIVACQUA,9,1.58%,33,5.79%,528,92.63%,570
SUDESTE,32,ES,320080,BAIXO GUANDU,43,4.57%,73,7.76%,825,87.67%,941
SUDESTE,32,ES,320090,BARRA DE SAO FRANCISCO,63,5.35%,64,5.43%,1.051,89.22%,1.178
SUDESTE,32,ES,320100,BOA ESPERANCA,15,1.69%,30,3.38%,842,94.93%,887
SUDESTE,32,ES,320110,BOM JESUS DO NORTE,21,6.65%,27,8.54%,268,84.81%,316
SUDESTE,32,ES,320115,BREJETUBA,5,0.92%,19,3.49%,520,95.59%,544
SUDESTE,32,ES,320120,CACHOEIRO DE ITAPEMIRIM,240,3.7%,315,4.86%,5.927,91.44%,6.482
SUDESTE,32,ES,320130,CARIACICA,335,2.07%,842,5.2%,15.017,92.73%,16.194
SUDESTE,32,ES,320140,CASTELO,12,1.67%,26,3.61%,682,94.72%,720
SUDESTE,32,ES,320150,COLATINA,109,3.01%,192,5.31%,3.315,91.68%,3.616
SUDESTE,32,ES,320160,CONCEICAO DA BARRA,36,2.49%,73,5.06%,1.334,92.45%,1.443
SUDESTE,32,ES,320170,CONCEICAO DO CASTELO,22,3.75%,31,5.29%,533,90.96%,586
SUDESTE,32,ES,320180,DIVINO DE SAO LOURENCO,3,2.27%,5,3.79%,124,93.94%,132
SUDESTE,32,ES,320190,DOMINGOS MARTINS,23,1.21%,71,3.73%,1.808,95.06%,1.902
SUDESTE,32,ES,320200,DORES DO RIO PRETO,7,2.49%,19,6.76%,255,90.75%,281
SUDESTE,32,ES,320210,ECOPORANGA,55,10.07%,33,6.04%,458,83.88%,546
SUDESTE,32,ES,320220,FUNDAO,11,1.19%,38,4.1%,877,94.71%,926
SUDESTE,32,ES,320225,GOVERNADOR LINDENBERG,12,1.73%,22,3.17%,661,95.11%,695
SUDESTE,32,ES,320230,GUACUI,75,8.07%,109,11.73%,745,80.19%,929
SUDESTE,32,ES,320240,GUARAPARI,70,3.5%,115,5.76%,1.813,90.74%,1.998
SUDESTE,32,ES,320245,IBATIBA,10,1.34%,38,5.09%,699,93.57%,747
SUDESTE,32,ES,320250,IBIRACU,31,7.83%,38,9.6%,327,82.58%,396
SUDESTE,32,ES,320255,IBITIRAMA,30,5.15%,27,4.63%,526,90.22%,583
SUDESTE,32,ES,320260,ICONHA,8,3.56%,16,7.11%,201,89.33%,225
SUDESTE,32,ES,320265,IRUPI,16,2.79%,18,3.14%,540,94.08%,574
SUDESTE,32,ES,320270,ITAGUACU,23,4.49%,29,5.66%,460,89.84%,512
SUDESTE,32,ES,320280,ITAPEMIRIM,37,2.46%,65,4.31%,1.405,93.23%,1.507
SUDESTE,32,ES,320290,ITARANA,4,1.48%,17,6.27%,250,92.25%,271
SUDESTE,32,ES,320300,IUNA,34,3.76%,67,7.41%,803,88.83%,904
SUDESTE,32,ES,320305,JAGUARE,26,2.12%,66,5.38%,1.135,92.5%,1.227
SUDESTE,32,ES,320310,JERONIMO MONTEIRO,16,2.83%,22,3.89%,528,93.29%,566
SUDESTE,32,ES,320313,JOAO NEIVA,16,4.57%,11,3.14%,323,92.29%,350
SUDESTE,32,ES,320316,LARANJA DA TERRA,15,3.95%,13,3.42%,352,92.63%,380
SUDESTE,32,ES,320320,LINHARES,204,4.81%,274,6.46%,3.762,88.73%,4.24
SUDESTE,32,ES,320330,MANTENOPOLIS,10,1.76%,14,2.47%,543,95.77%,567
SUDESTE,32,ES,320332,MARATAIZES,73,3.15%,111,4.79%,2.132,92.06%,2.316
SUDESTE,32,ES,320334,MARECHAL FLORIANO,7,0.75%,50,5.39%,871,93.86%,928
SUDESTE,32,ES,320335,MARILANDIA,7,1.13%,28,4.53%,583,94.34%,618
SUDESTE,32,ES,320340,MIMOSO DO SUL,37,5.77%,47,7.33%,557,86.9%,641
SUDESTE,32,ES,320350,MONTANHA,32,3.3%,52,5.36%,886,91.34%,970
SUDESTE,32,ES,320360,MUCURICI,9,2.69%,15,4.49%,310,92.81%,334
SUDESTE,32,ES,320370,MUNIZ FREIRE,46,6.24%,54,7.33%,637,86.43%,737
SUDESTE,32,ES,320380,MUQUI,10,1.55%,22,3.42%,612,95.03%,644
SUDESTE,32,ES,320390,NOVA VENECIA,42,2.84%,61,4.12%,1.376,93.04%,1.479
SUDESTE,32,ES,320400,PANCAS,30,2.89%,46,4.44%,961,92.67%,1.037
SUDESTE,32,ES,320405,PEDRO CANARIO,71,7.24%,88,8.98%,821,83.78%,980
SUDESTE,32,ES,320410,PINHEIROS,53,6.49%,51,6.24%,713,87.27%,817
SUDESTE,32,ES,320420,PIUMA,45,7.33%,43,7%,526,85.67%,614
SUDESTE,32,ES,320425,PONTO BELO,10,2.7%,11,2.96%,350,94.34%,371
SUDESTE,32,ES,320430,PRESIDENTE KENNEDY,25,3.14%,41,5.16%,729,91.7%,795
SUDESTE,32,ES,320435,RIO BANANAL,25,1.61%,53,3.4%,1.479,94.99%,1.557
SUDESTE,32,ES,320440,RIO NOVO DO SUL,6,1.22%,15,3.06%,469,95.71%,490
SUDESTE,32,ES,320450,SANTA LEOPOLDINA,13,4.21%,12,3.88%,284,91.91%,309
SUDESTE,32,ES,320455,SANTA MARIA DE JETIBA,30,2.13%,54,3.83%,1.326,94.04%,1.41
SUDESTE,32,ES,320460,SANTA TERESA,19,4.39%,21,4.85%,393,90.76%,433
SUDESTE,32,ES,320465,SAO DOMINGOS DO NORTE,0,-,14,5.81%,227,94.19%,241
SUDESTE,32,ES,320470,SAO GABRIEL DA PALHA,45,5.84%,36,4.68%,689,89.48%,770
SUDESTE,32,ES,320480,SAO JOSE DO CALCADO,29,13.06%,18,8.11%,175,78.83%,222
SUDESTE,32,ES,320490,SAO MATEUS,168,3.32%,333,6.59%,4.555,90.09%,5.056
SUDESTE,32,ES,320495,SAO ROQUE DO CANAA,12,3.17%,20,5.29%,346,91.53%,378
SUDESTE,32,ES,320500,SERRA,318,1.38%,910,3.95%,21.821,94.67%,23.049
SUDESTE,32,ES,320501,SOORETAMA,41,4.29%,47,4.92%,867,90.79%,955
SUDESTE,32,ES,320503,VARGEM ALTA,34,5.02%,31,4.58%,612,90.4%,677
SUDESTE,32,ES,320506,VENDA NOVA DO IMIGRANTE,13,1.68%,44,5.68%,718,92.65%,775
SUDESTE,32,ES,320510,VIANA,88,5.35%,110,6.69%,1.447,87.96%,1.645
SUDESTE,32,ES,320515,VILA PAVAO,13,2.79%,23,4.94%,430,92.27%,466
SUDESTE,32,ES,320517,VILA VALERIO,14,3.26%,29,6.74%,387,90%,430
SUDESTE,32,ES,320520,VILA VELHA,310,2.37%,638,4.88%,12.139,92.76%,13.087
SUDESTE,32,ES,320530,VITORIA,1.718,13.67%,1.338,10.65%,9.511,75.68%,12.567
SUDESTE,33,RJ,330010,ANGRA DOS REIS,209,3.69%,360,6.35%,5.098,89.96%,5.667
SUDESTE,33,RJ,330015,APERIBE,18,7.83%,18,7.83%,194,84.35%,230
SUDESTE,33,RJ,330020,ARARUAMA,135,3.18%,261,6.15%,3.85,90.67%,4.246
SUDESTE,33,RJ,330022,AREAL,8,2.45%,22,6.73%,297,90.83%,327
SUDESTE,33,RJ,330023,ARMACAO DOS BUZIOS,43,2.72%,87,5.51%,1.45,91.77%,1.58
SUDESTE,33,RJ,330025,ARRAIAL DO CABO,36,3.68%,71,7.26%,871,89.06%,978
SUDESTE,33,RJ,330030,BARRA DO PIRAI,110,5.29%,151,7.27%,1.817,87.44%,2.078
SUDESTE,33,RJ,330040,BARRA MANSA,526,8.42%,500,8.01%,5.22,83.57%,6.246
SUDESTE,33,RJ,330045,BELFORD ROXO,1.653,10.59%,1.302,8.34%,12.656,81.07%,15.611
SUDESTE,33,RJ,330050,BOM JARDIM,50,6.12%,75,9.18%,692,84.7%,817
SUDESTE,33,RJ,330060,BOM JESUS DO ITABAPOANA,64,6.04%,77,7.26%,919,86.7%,1.06
SUDESTE,33,RJ,330070,CABO FRIO,241,3.61%,426,6.38%,6.011,90.01%,6.678
SUDESTE,33,RJ,330080,CACHOEIRAS DE MACACU,51,2.49%,90,4.39%,1.909,93.12%,2.05
SUDESTE,33,RJ,330090,CAMBUCI,13,4.64%,14,5%,253,90.36%,280
SUDESTE,33,RJ,330093,CARAPEBUS,22,3.77%,32,5.49%,529,90.74%,583
SUDESTE,33,RJ,330095,COMENDADOR LEVY GASPARIAN,30,11.07%,27,9.96%,214,78.97%,271
SUDESTE,33,RJ,330100,CAMPOS DOS GOYTACAZES,441,3.58%,956,7.76%,10.921,88.66%,12.318
SUDESTE,33,RJ,330110,CANTAGALO,46,6.01%,53,6.92%,667,87.08%,766
SUDESTE,33,RJ,330115,CARDOSO MOREIRA,11,1.59%,31,4.49%,648,93.91%,690
SUDESTE,33,RJ,330120,CARMO,8,1.61%,25,5.04%,463,93.35%,496
SUDESTE,33,RJ,330130,CASIMIRO DE ABREU,26,4.08%,42,6.58%,570,89.34%,638
SUDESTE,33,RJ,330140,CONCEICAO DE MACABU,23,4.21%,31,5.68%,492,90.11%,546
SUDESTE,33,RJ,330150,CORDEIRO,22,4.02%,39,7.13%,486,88.85%,547
SUDESTE,33,RJ,330160,DUAS BARRAS,7,1.86%,16,4.24%,354,93.9%,377
SUDESTE,33,RJ,330170,DUQUE DE CAXIAS,885,4.84%,1.432,7.84%,15.957,87.32%,18.274
SUDESTE,33,RJ,330180,ENGENHEIRO PAULO DE FRONTIN,45,10.07%,34,7.61%,368,82.33%,447
SUDESTE,33,RJ,330185,GUAPIMIRIM,91,5.59%,114,7%,1.423,87.41%,1.628
SUDESTE,33,RJ,330187,IGUABA GRANDE,85,6.71%,101,7.98%,1.08,85.31%,1.266
SUDESTE,33,RJ,330190,ITABORAI,389,4.63%,650,7.74%,7.354,87.62%,8.393
SUDESTE,33,RJ,330200,ITAGUAI,181,3.12%,417,7.18%,5.209,89.7%,5.807
SUDESTE,33,RJ,330205,ITALVA,29,12.18%,30,12.61%,179,75.21%,238
SUDESTE,33,RJ,330210,ITAOCARA,10,1.65%,19,3.14%,576,95.21%,605
SUDESTE,33,RJ,330220,ITAPERUNA,320,8.31%,258,6.7%,3.271,84.98%,3.849
SUDESTE,33,RJ,330225,ITATIAIA,56,6.97%,100,12.45%,647,80.57%,803
SUDESTE,33,RJ,330227,JAPERI,153,3.96%,312,8.08%,3.395,87.95%,3.86
SUDESTE,33,RJ,330230,LAJE DO MURIAE,18,11.61%,17,10.97%,120,77.42%,155
SUDESTE,33,RJ,330240,MACAE,205,3.19%,357,5.56%,5.856,91.24%,6.418
SUDESTE,33,RJ,330245,MACUCO,27,9.09%,22,7.41%,248,83.5%,297
SUDESTE,33,RJ,330250,MAGE,595,6.23%,761,7.97%,8.191,85.8%,9.547
SUDESTE,33,RJ,330260,MANGARATIBA,82,5.67%,96,6.63%,1.269,87.7%,1.447
SUDESTE,33,RJ,330270,MARICA,844,10.96%,571,7.42%,6.283,81.62%,7.698
SUDESTE,33,RJ,330280,MENDES,18,3.06%,39,6.62%,532,90.32%,589
SUDESTE,33,RJ,330285,MESQUITA,250,4.1%,459,7.53%,5.39,88.38%,6.099
SUDESTE,33,RJ,330290,MIGUEL PEREIRA,30,2.6%,72,6.24%,1.052,91.16%,1.154
SUDESTE,33,RJ,330300,MIRACEMA,48,6.33%,47,6.2%,663,87.47%,758
SUDESTE,33,RJ,330310,NATIVIDADE,30,5.76%,39,7.49%,452,86.76%,521
SUDESTE,33,RJ,330320,NILOPOLIS,230,8.73%,260,9.87%,2.145,81.4%,2.635
SUDESTE,33,RJ,330330,NITEROI,329,2.85%,659,5.71%,10.549,91.44%,11.537
SUDESTE,33,RJ,330340,NOVA FRIBURGO,84,2.63%,203,6.35%,2.911,91.03%,3.198
SUDESTE,33,RJ,330350,NOVA IGUACU,1.603,6.64%,1.982,8.21%,20.56,85.15%,24.145
SUDESTE,33,RJ,330360,PARACAMBI,30,1.9%,69,4.37%,1.479,93.73%,1.578
SUDESTE,33,RJ,330370,PARAIBA DO SUL,62,4.36%,105,7.38%,1.256,88.26%,1.423
SUDESTE,33,RJ,330380,PARATY,52,3.44%,106,7.01%,1.354,89.55%,1.512
SUDESTE,33,RJ,330385,PATY DO ALFERES,58,4.5%,80,6.21%,1.15,89.29%,1.288
SUDESTE,33,RJ,330390,PETROPOLIS,162,2.05%,399,5.04%,7.354,92.91%,7.915
SUDESTE,33,RJ,330395,PINHEIRAL,32,3.08%,54,5.19%,954,91.73%,1.04
SUDESTE,33,RJ,330400,PIRAI,31,2.6%,70,5.87%,1.092,91.53%,1.193
SUDESTE,33,RJ,330410,PORCIUNCULA,34,5.34%,46,7.22%,557,87.44%,637
SUDESTE,33,RJ,330411,PORTO REAL,10,1.81%,13,2.35%,530,95.84%,553
SUDESTE,33,RJ,330412,QUATIS,12,3.05%,33,8.4%,348,88.55%,393
SUDESTE,33,RJ,330414,QUEIMADOS,248,5.77%,312,7.26%,3.735,86.96%,4.295
SUDESTE,33,RJ,330415,QUISSAMA,38,3.04%,64,5.11%,1.15,91.85%,1.252
SUDESTE,33,RJ,330420,RESENDE,145,3.49%,232,5.58%,3.782,90.94%,4.159
SUDESTE,33,RJ,330430,RIO BONITO,135,8.29%,113,6.94%,1.38,84.77%,1.628
SUDESTE,33,RJ,330440,RIO CLARO,20,2.29%,42,4.81%,811,92.9%,873
SUDESTE,33,RJ,330450,RIO DAS FLORES,15,4.81%,13,4.17%,284,91.03%,312
SUDESTE,33,RJ,330452,RIO DAS OSTRAS,101,2.91%,242,6.98%,3.124,90.11%,3.467
SUDESTE,33,RJ,330455,RIO DE JANEIRO,27.324,12.7%,21.82,10.14%,165.986,77.16%,215.13
SUDESTE,33,RJ,330460,SANTA MARIA MADALENA,14,4.98%,22,7.83%,245,87.19%,281
SUDESTE,33,RJ,330470,SANTO ANTONIO DE PADUA,47,3.03%,76,4.91%,1.426,92.06%,1.549
SUDESTE,33,RJ,330475,SAO FRANCISCO DE ITABAPOANA,159,6.49%,190,7.76%,2.101,85.76%,2.45
SUDESTE,33,RJ,330480,SAO FIDELIS,41,3.93%,75,7.19%,927,88.88%,1.043
SUDESTE,33,RJ,330490,SAO GONCALO,918,6.78%,1.132,8.36%,11.485,84.85%,13.535
SUDESTE,33,RJ,330500,SAO JOAO DA BARRA,66,3.29%,117,5.82%,1.826,90.89%,2.009
SUDESTE,33,RJ,330510,SAO JOAO DE MERITI,917,9.25%,810,8.17%,8.183,82.57%,9.91
SUDESTE,33,RJ,330513,SAO JOSE DE UBA,17,6.16%,21,7.61%,238,86.23%,276
SUDESTE,33,RJ,330515,SAO JOSE DO VALE DO RIO PRETO,18,2.51%,39,5.44%,660,92.05%,717
SUDESTE,33,RJ,330520,SAO PEDRO DA ALDEIA,101,3.1%,128,3.93%,3.03,92.97%,3.259
SUDESTE,33,RJ,330530,SAO SEBASTIAO DO ALTO,13,3.74%,21,6.03%,314,90.23%,348
SUDESTE,33,RJ,330540,SAPUCAIA,20,3.42%,36,6.15%,529,90.43%,585
SUDESTE,33,RJ,330550,SAQUAREMA,100,4.25%,193,8.2%,2.061,87.55%,2.354
SUDESTE,33,RJ,330555,SEROPEDICA,285,8.42%,269,7.95%,2.829,83.62%,3.383
SUDESTE,33,RJ,330560,SILVA JARDIM,31,4.12%,44,5.85%,677,90.03%,752
SUDESTE,33,RJ,330570,SUMIDOURO,27,4.44%,52,8.55%,529,87.01%,608
SUDESTE,33,RJ,330575,TANGUA,53,3.56%,92,6.18%,1.344,90.26%,1.489
SUDESTE,33,RJ,330580,TERESOPOLIS,443,9.48%,422,9.03%,3.806,81.48%,4.671
SUDESTE,33,RJ,330590,TRAJANO DE MORAES,15,5.68%,19,7.2%,230,87.12%,264
SUDESTE,33,RJ,330600,TRES RIOS,215,7.15%,229,7.61%,2.564,85.24%,3.008
SUDESTE,33,RJ,330610,VALENCA,108,4.95%,167,7.66%,1.906,87.39%,2.181
SUDESTE,33,RJ,330615,VARRE-SAI,20,3.53%,34,6.01%,512,90.46%,566
SUDESTE,33,RJ,330620,VASSOURAS,49,2.95%,101,6.08%,1.511,90.97%,1.661
SUDESTE,33,RJ,330630,VOLTA REDONDA,315,4.57%,441,6.4%,6.131,89.02%,6.887
SUDESTE,35,SP,350010,ADAMANTINA,26,3.12%,42,5.04%,765,91.84%,833
SUDESTE,35,SP,350020,ADOLFO,12,5.74%,13,6.22%,184,88.04%,209
SUDESTE,35,SP,350030,AGUAI,16,2.65%,32,5.31%,555,92.04%,603
SUDESTE,35,SP,350040,AGUAS DA PRATA,3,1.49%,6,2.99%,192,95.52%,201
SUDESTE,35,SP,350050,AGUAS DE LINDOIA,7,1.03%,30,4.4%,645,94.57%,682
SUDESTE,35,SP,350055,AGUAS DE SANTA BARBARA,8,2.61%,19,6.19%,280,91.21%,307
SUDESTE,35,SP,350060,AGUAS DE SAO PEDRO,1,0.81%,6,4.84%,117,94.35%,124
SUDESTE,35,SP,350070,AGUDOS,17,0.99%,77,4.48%,1.625,94.53%,1.719
SUDESTE,35,SP,350075,ALAMBARI,6,2.78%,5,2.31%,205,94.91%,216
SUDESTE,35,SP,350080,ALFREDO MARCONDES,4,1.67%,9,3.75%,227,94.58%,240
SUDESTE,35,SP,350090,ALTAIR,4,3.15%,6,4.72%,117,92.13%,127
SUDESTE,35,SP,350100,ALTINOPOLIS,14,2.2%,21,3.31%,600,94.49%,635
SUDESTE,35,SP,350110,ALTO ALEGRE,2,1.42%,2,1.42%,137,97.16%,141
SUDESTE,35,SP,350115,ALUMINIO,9,2.14%,16,3.81%,395,94.05%,420
SUDESTE,35,SP,350120,ALVARES FLORENCE,4,2.3%,8,4.6%,162,93.1%,174
SUDESTE,35,SP,350130,ALVARES MACHADO,15,1.26%,52,4.36%,1.125,94.38%,1.192
SUDESTE,35,SP,350140,ALVARO DE CARVALHO,9,5.17%,11,6.32%,154,88.51%,174
SUDESTE,35,SP,350150,ALVINLANDIA,4,3.67%,6,5.5%,99,90.83%,109
SUDESTE,35,SP,350160,AMERICANA,68,1.46%,161,3.45%,4.437,95.09%,4.666
SUDESTE,35,SP,350170,AMERICO BRASILIENSE,17,1.38%,39,3.16%,1.178,95.46%,1.234
SUDESTE,35,SP,350180,AMERICO DE CAMPOS,10,4.48%,22,9.87%,191,85.65%,223
SUDESTE,35,SP,350190,AMPARO,37,2.62%,60,4.25%,1.316,93.14%,1.413
SUDESTE,35,SP,350200,ANALANDIA,11,4.78%,8,3.48%,211,91.74%,230
SUDESTE,35,SP,350210,ANDRADINA,50,2.84%,108,6.14%,1.6,91.01%,1.758
SUDESTE,35,SP,350220,ANGATUBA,30,2.32%,65,5.03%,1.196,92.64%,1.291
SUDESTE,35,SP,350230,ANHEMBI,14,4.78%,22,7.51%,257,87.71%,293
SUDESTE,35,SP,350240,ANHUMAS,3,1.31%,14,6.11%,212,92.58%,229
SUDESTE,35,SP,350250,APARECIDA,36,5.35%,41,6.09%,596,88.56%,673
SUDESTE,35,SP,350260,APARECIDA D'OESTE,2,1.03%,5,2.56%,188,96.41%,195
SUDESTE,35,SP,350270,APIAI,17,1.22%,63,4.53%,1.312,94.25%,1.392
SUDESTE,35,SP,350275,ARACARIGUAMA,16,1.27%,72,5.71%,1.172,93.02%,1.26
SUDESTE,35,SP,350280,ARACATUBA,258,4.83%,298,5.57%,4.791,89.6%,5.347
SUDESTE,35,SP,350290,ARACOIABA DA SERRA,16,1.24%,37,2.86%,1.241,95.9%,1.294
SUDESTE,35,SP,350300,ARAMINA,6,2.27%,7,2.65%,251,95.08%,264
SUDESTE,35,SP,350310,ARANDU,8,2.22%,16,4.44%,336,93.33%,360
SUDESTE,35,SP,350315,ARAPEI,3,2.01%,6,4.03%,140,93.96%,149
SUDESTE,35,SP,350320,ARARAQUARA,169,3.05%,330,5.96%,5.042,90.99%,5.541
SUDESTE,35,SP,350330,ARARAS,45,1.61%,128,4.57%,2.629,93.83%,2.802
SUDESTE,35,SP,350335,ARCO-IRIS,2,2.3%,4,4.6%,81,93.1%,87
SUDESTE,35,SP,350340,AREALVA,22,6.51%,14,4.14%,302,89.35%,338
SUDESTE,35,SP,350350,AREIAS,6,2.23%,18,6.69%,245,91.08%,269
SUDESTE,35,SP,350360,AREIOPOLIS,7,2.2%,34,10.69%,277,87.11%,318
SUDESTE,35,SP,350370,ARIRANHA,2,0.99%,10,4.95%,190,94.06%,202
SUDESTE,35,SP,350380,ARTUR NOGUEIRA,12,2.08%,21,3.64%,544,94.28%,577
SUDESTE,35,SP,350390,ARUJA,51,1.49%,166,4.87%,3.195,93.64%,3.412
SUDESTE,35,SP,350395,ASPASIA,2,2.17%,3,3.26%,87,94.57%,92
SUDESTE,35,SP,350400,ASSIS,63,2.65%,108,4.55%,2.203,92.8%,2.374
SUDESTE,35,SP,350410,ATIBAIA,76,1.58%,202,4.2%,4.533,94.22%,4.811
SUDESTE,35,SP,350420,AURIFLAMA,22,4.78%,22,4.78%,416,90.43%,460
SUDESTE,35,SP,350430,AVAI,6,1.97%,25,8.22%,273,89.8%,304
SUDESTE,35,SP,350440,AVANHANDAVA,11,2.31%,39,8.19%,426,89.5%,476
SUDESTE,35,SP,350450,AVARE,40,1.36%,117,3.98%,2.782,94.66%,2.939
SUDESTE,35,SP,350460,BADY BASSITT,20,1.42%,54,3.83%,1.337,94.76%,1.411
SUDESTE,35,SP,350470,BALBINOS,0,-,3,3.45%,84,96.55%,87
SUDESTE,35,SP,350480,BALSAMO,9,3.13%,22,7.64%,257,89.24%,288
SUDESTE,35,SP,350490,BANANAL,12,2.96%,19,4.69%,374,92.35%,405
SUDESTE,35,SP,350500,BARAO DE ANTONINA,5,2.35%,20,9.39%,188,88.26%,213
SUDESTE,35,SP,350510,BARBOSA,26,6.75%,30,7.79%,329,85.45%,385
SUDESTE,35,SP,350520,BARIRI,52,6.18%,64,7.61%,725,86.21%,841
SUDESTE,35,SP,350530,BARRA BONITA,10,0.9%,23,2.08%,1.075,97.02%,1.108
SUDESTE,35,SP,350535,BARRA DO CHAPEU,3,0.86%,8,2.29%,339,96.86%,350
SUDESTE,35,SP,350540,BARRA DO TURVO,5,1.34%,14,3.76%,353,94.89%,372
SUDESTE,35,SP,350550,BARRETOS,165,3.58%,265,5.75%,4.176,90.66%,4.606
SUDESTE,35,SP,350560,BARRINHA,7,1.52%,17,3.7%,436,94.78%,460
SUDESTE,35,SP,350570,BARUERI,1.205,6.52%,1.22,6.6%,16.052,86.88%,18.477
SUDESTE,35,SP,350580,BASTOS,50,4.91%,45,4.42%,923,90.67%,1.018
SUDESTE,35,SP,350590,BATATAIS,60,7.48%,81,10.1%,661,82.42%,802
SUDESTE,35,SP,350600,BAURU,201,1.96%,489,4.77%,9.561,93.27%,10.251
SUDESTE,35,SP,350610,BEBEDOURO,79,3.34%,156,6.6%,2.127,90.05%,2.362
SUDESTE,35,SP,350620,BENTO DE ABREU,9,6.72%,15,11.19%,110,82.09%,134
SUDESTE,35,SP,350630,BERNARDINO DE CAMPOS,4,0.83%,23,4.78%,454,94.39%,481
SUDESTE,35,SP,350635,BERTIOGA,54,2.37%,116,5.08%,2.113,92.55%,2.283
SUDESTE,35,SP,350640,BILAC,8,2.97%,15,5.58%,246,91.45%,269
SUDESTE,35,SP,350650,BIRIGUI,116,3.65%,199,6.26%,2.865,90.09%,3.18
SUDESTE,35,SP,350660,BIRITIBA MIRIM,46,3.49%,104,7.88%,1.169,88.63%,1.319
SUDESTE,35,SP,350670,BOA ESPERANCA DO SUL,10,1.92%,24,4.62%,486,93.46%,520
SUDESTE,35,SP,350680,BOCAINA,4,0.89%,12,2.66%,435,96.45%,451
SUDESTE,35,SP,350690,BOFETE,5,0.95%,19,3.59%,505,95.46%,529
SUDESTE,35,SP,350700,BOITUVA,52,1.98%,154,5.86%,2.424,92.17%,2.63
SUDESTE,35,SP,350710,BOM JESUS DOS PERDOES,44,4.25%,81,7.83%,910,87.92%,1.035
SUDESTE,35,SP,350715,BOM SUCESSO DE ITARARE,13,4.73%,16,5.82%,246,89.45%,275
SUDESTE,35,SP,350720,BORA,0,-,3,5.66%,50,94.34%,53
SUDESTE,35,SP,350730,BORACEIA,3,1.54%,18,9.23%,174,89.23%,195
SUDESTE,35,SP,350740,BORBOREMA,9,1.68%,14,2.61%,513,95.71%,536
SUDESTE,35,SP,350745,BOREBI,6,2.83%,6,2.83%,200,94.34%,212
SUDESTE,35,SP,350750,BOTUCATU,157,2.76%,310,5.44%,5.23,91.8%,5.697
SUDESTE,35,SP,350760,BRAGANCA PAULISTA,123,3.15%,232,5.94%,3.548,90.9%,3.903
SUDESTE,35,SP,350770,BRAUNA,6,3.61%,5,3.01%,155,93.37%,166
SUDESTE,35,SP,350775,BREJO ALEGRE,7,4.76%,5,3.4%,135,91.84%,147
SUDESTE,35,SP,350780,BRODOWSKI,18,1.82%,30,3.04%,940,95.14%,988
SUDESTE,35,SP,350790,BROTAS,22,3.85%,26,4.55%,524,91.61%,572
SUDESTE,35,SP,350800,BURI,27,2.04%,56,4.24%,1.238,93.72%,1.321
SUDESTE,35,SP,350810,BURITAMA,29,4.78%,28,4.61%,550,90.61%,607
SUDESTE,35,SP,350820,BURITIZAL,1,1.05%,1,1.05%,93,97.89%,95
SUDESTE,35,SP,350830,CABRALIA PAULISTA,0,-,6,2.6%,225,97.4%,231
SUDESTE,35,SP,350840,CABREUVA,74,4.13%,144,8.04%,1.573,87.83%,1.791
SUDESTE,35,SP,350850,CACAPAVA,50,1.8%,161,5.78%,2.573,92.42%,2.784
SUDESTE,35,SP,350860,CACHOEIRA PAULISTA,28,4.31%,33,5.08%,588,90.6%,649
SUDESTE,35,SP,350870,CACONDE,12,1.8%,28,4.2%,627,94%,667
SUDESTE,35,SP,350880,CAFELANDIA,5,0.78%,11,1.72%,623,97.5%,639
SUDESTE,35,SP,350890,CAIABU,4,2.12%,5,2.65%,180,95.24%,189
SUDESTE,35,SP,350900,CAIEIRAS,49,1.54%,145,4.56%,2.985,93.9%,3.179
SUDESTE,35,SP,350910,CAIUA,4,2.67%,4,2.67%,142,94.67%,150
SUDESTE,35,SP,350920,CAJAMAR,98,2.17%,225,4.99%,4.185,92.83%,4.508
SUDESTE,35,SP,350925,CAJATI,14,0.86%,54,3.3%,1.566,95.84%,1.634
SUDESTE,35,SP,350930,CAJOBI,6,1.5%,15,3.74%,380,94.76%,401
SUDESTE,35,SP,350940,CAJURU,18,2.02%,53,5.94%,822,92.05%,893
SUDESTE,35,SP,350945,CAMPINA DO MONTE ALEGRE,6,1.92%,10,3.21%,296,94.87%,312
SUDESTE,35,SP,350950,CAMPINAS,535,1.86%,1.256,4.38%,26.897,93.76%,28.688
SUDESTE,35,SP,350960,CAMPO LIMPO PAULISTA,61,3.73%,107,6.55%,1.466,89.72%,1.634
SUDESTE,35,SP,350970,CAMPOS DO JORDAO,79,4.86%,149,9.17%,1.397,85.97%,1.625
SUDESTE,35,SP,350980,CAMPOS NOVOS PAULISTA,6,2.24%,20,7.46%,242,90.3%,268
SUDESTE,35,SP,350990,CANANEIA,8,2.25%,26,7.3%,322,90.45%,356
SUDESTE,35,SP,350995,CANAS,1,0.67%,12,8%,137,91.33%,150
SUDESTE,35,SP,351000,CANDIDO MOTA,17,1.81%,32,3.4%,891,94.79%,940
SUDESTE,35,SP,351010,CANDIDO RODRIGUES,4,3.36%,3,2.52%,112,94.12%,119
SUDESTE,35,SP,351015,CANITAR,19,5.51%,27,7.83%,299,86.67%,345
SUDESTE,35,SP,351020,CAPAO BONITO,72,3.18%,175,7.73%,2.017,89.09%,2.264
SUDESTE,35,SP,351030,CAPELA DO ALTO,11,0.93%,49,4.14%,1.125,94.94%,1.185
SUDESTE,35,SP,351040,CAPIVARI,27,1.64%,62,3.76%,1.561,94.61%,1.65
SUDESTE,35,SP,351050,CARAGUATATUBA,262,4.29%,417,6.83%,5.423,88.87%,6.102
SUDESTE,35,SP,351060,CARAPICUIBA,301,2.51%,768,6.41%,10.904,91.07%,11.973
SUDESTE,35,SP,351070,CARDOSO,7,1.88%,8,2.15%,357,95.97%,372
SUDESTE,35,SP,351080,CASA BRANCA,16,1.49%,52,4.84%,1.007,93.67%,1.075
SUDESTE,35,SP,351090,CASSIA DOS COQUEIROS,3,3.75%,2,2.5%,75,93.75%,80
SUDESTE,35,SP,351100,CASTILHO,14,1.73%,46,5.69%,748,92.57%,808
SUDESTE,35,SP,351110,CATANDUVA,194,6.09%,208,6.53%,2.782,87.37%,3.184
SUDESTE,35,SP,351120,CATIGUA,2,1.09%,3,1.64%,178,97.27%,183
SUDESTE,35,SP,351130,CEDRAL,5,1.07%,14,3%,447,95.92%,466
SUDESTE,35,SP,351140,CERQUEIRA CESAR,14,2.12%,29,4.39%,617,93.48%,660
SUDESTE,35,SP,351150,CERQUILHO,59,5.01%,76,6.46%,1.042,88.53%,1.177
SUDESTE,35,SP,351160,CESARIO LANGE,28,2.9%,62,6.43%,874,90.66%,964
SUDESTE,35,SP,351170,CHARQUEADA,32,6.26%,29,5.68%,450,88.06%,511
SUDESTE,35,SP,351190,CLEMENTINA,2,0.51%,12,3.06%,378,96.43%,392
SUDESTE,35,SP,351200,COLINA,13,2.22%,43,7.34%,530,90.44%,586
SUDESTE,35,SP,351210,COLOMBIA,8,3.96%,14,6.93%,180,89.11%,202
SUDESTE,35,SP,351220,CONCHAL,22,1.68%,52,3.97%,1.237,94.36%,1.311
SUDESTE,35,SP,351230,CONCHAS,16,2.92%,23,4.2%,509,92.88%,548
SUDESTE,35,SP,351240,CORDEIROPOLIS,21,2.09%,44,4.38%,939,93.53%,1.004
SUDESTE,35,SP,351250,COROADOS,0,-,8,7.08%,105,92.92%,113
SUDESTE,35,SP,351260,CORONEL MACEDO,1,0.53%,8,4.23%,180,95.24%,189
SUDESTE,35,SP,351270,CORUMBATAI,1,1.04%,3,3.13%,92,95.83%,96
SUDESTE,35,SP,351280,COSMOPOLIS,42,2.16%,99,5.1%,1.799,92.73%,1.94
SUDESTE,35,SP,351290,COSMORAMA,14,3.76%,21,5.65%,337,90.59%,372
SUDESTE,35,SP,351300,COTIA,269,3.89%,466,6.74%,6.181,89.37%,6.916
SUDESTE,35,SP,351310,CRAVINHOS,26,2.66%,40,4.09%,912,93.25%,978
SUDESTE,35,SP,351320,CRISTAIS PAULISTA,10,2.39%,19,4.53%,390,93.08%,419
SUDESTE,35,SP,351330,CRUZALIA,1,1%,6,6%,93,93%,100
SUDESTE,35,SP,351340,CRUZEIRO,53,2.22%,126,5.28%,2.207,92.5%,2.386
SUDESTE,35,SP,351350,CUBATAO,115,2.81%,270,6.6%,3.703,90.58%,4.088
SUDESTE,35,SP,351360,CUNHA,19,1.83%,56,5.4%,962,92.77%,1.037
SUDESTE,35,SP,351370,DESCALVADO,32,2.84%,57,5.05%,1.039,92.11%,1.128
SUDESTE,35,SP,351380,DIADEMA,299,2.42%,606,4.91%,11.429,92.66%,12.334
SUDESTE,35,SP,351385,DIRCE REIS,1,1.35%,3,4.05%,70,94.59%,74
SUDESTE,35,SP,351390,DIVINOLANDIA,12,2.65%,13,2.88%,427,94.47%,452
SUDESTE,35,SP,351400,DOBRADA,19,5.16%,30,8.15%,319,86.68%,368
SUDESTE,35,SP,351410,DOIS CORREGOS,27,2.34%,67,5.8%,1.062,91.87%,1.156
SUDESTE,35,SP,351420,DOLCINOPOLIS,3,2.19%,10,7.3%,124,90.51%,137
SUDESTE,35,SP,351430,DOURADO,1,1.04%,8,8.33%,87,90.63%,96
SUDESTE,35,SP,351440,DRACENA,19,1.35%,59,4.18%,1.333,94.47%,1.411
SUDESTE,35,SP,351450,DUARTINA,10,2.06%,13,2.67%,463,95.27%,486
SUDESTE,35,SP,351460,DUMONT,0,-,12,5.08%,224,94.92%,236
SUDESTE,35,SP,351470,ECHAPORA,2,0.56%,16,4.51%,337,94.93%,355
SUDESTE,35,SP,351480,ELDORADO,11,1.48%,34,4.56%,700,93.96%,745
SUDESTE,35,SP,351490,ELIAS FAUSTO,17,2.61%,31,4.76%,603,92.63%,651
SUDESTE,35,SP,351492,ELISIARIO,2,1.39%,9,6.25%,133,92.36%,144
SUDESTE,35,SP,351495,EMBAUBA,0,-,1,4.17%,23,95.83%,24
SUDESTE,35,SP,351500,EMBU DAS ARTES,710,5.54%,818,6.38%,11.285,88.07%,12.813
SUDESTE,35,SP,351510,EMBU-GUACU,92,4.36%,155,7.35%,1.861,88.28%,2.108
SUDESTE,35,SP,351512,EMILIANOPOLIS,4,2.76%,1,0.69%,140,96.55%,145
SUDESTE,35,SP,351515,ENGENHEIRO COELHO,10,1.12%,57,6.37%,828,92.51%,895
SUDESTE,35,SP,351518,ESPIRITO SANTO DO PINHAL,36,3.17%,88,7.76%,1.01,89.07%,1.134
SUDESTE,35,SP,351519,ESPIRITO SANTO DO TURVO,9,3.05%,25,8.47%,261,88.47%,295
SUDESTE,35,SP,351520,ESTRELA D'OESTE,7,1.96%,13,3.64%,337,94.4%,357
SUDESTE,35,SP,351530,ESTRELA DO NORTE,1,0.92%,3,2.75%,105,96.33%,109
SUDESTE,35,SP,351535,EUCLIDES DA CUNHA PAULISTA,5,1.45%,11,3.19%,329,95.36%,345
SUDESTE,35,SP,351540,FARTURA,23,2.88%,23,2.88%,753,94.24%,799
SUDESTE,35,SP,351550,FERNANDOPOLIS,29,1.27%,101,4.41%,2.159,94.32%,2.289
SUDESTE,35,SP,351560,FERNANDO PRESTES,9,3.88%,11,4.74%,212,91.38%,232
SUDESTE,35,SP,351565,FERNAO,1,1.08%,8,8.6%,84,90.32%,93
SUDESTE,35,SP,351570,FERRAZ DE VASCONCELOS,189,2.62%,529,7.33%,6.494,90.04%,7.212
SUDESTE,35,SP,351580,FLORA RICA,5,7.25%,4,5.8%,60,86.96%,69
SUDESTE,35,SP,351590,FLOREAL,4,3.48%,6,5.22%,105,91.3%,115
SUDESTE,35,SP,351600,FLORIDA PAULISTA,6,1.51%,16,4.03%,375,94.46%,397
SUDESTE,35,SP,351610,FLORINEA,2,2.04%,9,9.18%,87,88.78%,98
SUDESTE,35,SP,351620,FRANCA,173,1.83%,451,4.77%,8.827,93.4%,9.451
SUDESTE,35,SP,351630,FRANCISCO MORATO,318,3.97%,488,6.1%,7.196,89.93%,8.002
SUDESTE,35,SP,351640,FRANCO DA ROCHA,288,4.43%,420,6.47%,5.788,89.1%,6.496
SUDESTE,35,SP,351650,GABRIEL MONTEIRO,0,-,3,2.8%,104,97.2%,107
SUDESTE,35,SP,351660,GALIA,5,2.39%,6,2.87%,198,94.74%,209
SUDESTE,35,SP,351670,GARCA,43,2.45%,56,3.19%,1.659,94.37%,1.758
SUDESTE,35,SP,351680,GASTAO VIDIGAL,0,-,2,1.31%,151,98.69%,153
SUDESTE,35,SP,351685,GAVIAO PEIXOTO,2,0.68%,1,0.34%,289,98.97%,292
SUDESTE,35,SP,351690,GENERAL SALGADO,3,0.82%,15,4.1%,348,95.08%,366
SUDESTE,35,SP,351700,GETULINA,6,2.03%,15,5.08%,274,92.88%,295
SUDESTE,35,SP,351710,GLICERIO,8,4.42%,11,6.08%,162,89.5%,181
SUDESTE,35,SP,351720,GUAICARA,22,3.94%,30,5.37%,507,90.7%,559
SUDESTE,35,SP,351730,GUAIMBE,0,-,11,5.67%,183,94.33%,194
SUDESTE,35,SP,351740,GUAIRA,32,2.3%,75,5.4%,1.282,92.3%,1.389
SUDESTE,35,SP,351750,GUAPIACU,17,1.83%,64,6.87%,850,91.3%,931
SUDESTE,35,SP,351760,GUAPIARA,17,2.4%,42,5.93%,649,91.67%,708
SUDESTE,35,SP,351770,GUARA,22,2.83%,29,3.73%,727,93.44%,778
SUDESTE,35,SP,351780,GUARACAI,5,1.92%,12,4.62%,243,93.46%,260
SUDESTE,35,SP,351790,GUARACI,15,3.7%,29,7.16%,361,89.14%,405
SUDESTE,35,SP,351800,GUARANI D'OESTE,5,5.1%,2,2.04%,91,92.86%,98
SUDESTE,35,SP,351810,GUARANTA,6,2.13%,22,7.8%,254,90.07%,282
SUDESTE,35,SP,351820,GUARARAPES,9,1.04%,29,3.36%,826,95.6%,864
SUDESTE,35,SP,351830,GUARAREMA,11,0.87%,30,2.38%,1.217,96.74%,1.258
SUDESTE,35,SP,351840,GUARATINGUETA,60,1.92%,172,5.51%,2.891,92.57%,3.123
SUDESTE,35,SP,351850,GUAREI,9,1.53%,25,4.25%,554,94.22%,588
SUDESTE,35,SP,351860,GUARIBA,50,7.41%,41,6.07%,584,86.52%,675
SUDESTE,35,SP,351870,GUARUJA,237,2.87%,539,6.53%,7.473,90.59%,8.249
SUDESTE,35,SP,351880,GUARULHOS,1.901,4.79%,2.496,6.29%,35.308,88.93%,39.705
SUDESTE,35,SP,351885,GUATAPARA,0,-,9,2.99%,292,97.01%,301
SUDESTE,35,SP,351890,GUZOLANDIA,7,3.03%,8,3.46%,216,93.51%,231
SUDESTE,35,SP,351900,HERCULANDIA,5,7.04%,5,7.04%,61,85.92%,71
SUDESTE,35,SP,351905,HOLAMBRA,3,1.32%,11,4.82%,214,93.86%,228
SUDESTE,35,SP,351907,HORTOLANDIA,153,4.42%,161,4.65%,3.147,90.93%,3.461
SUDESTE,35,SP,351910,IACANGA,9,1.95%,20,4.33%,433,93.72%,462
SUDESTE,35,SP,351920,IACRI,2,1.63%,5,4.07%,116,94.31%,123
SUDESTE,35,SP,351925,IARAS,10,2.93%,34,9.97%,297,87.1%,341
SUDESTE,35,SP,351930,IBATE,23,1.88%,56,4.57%,1.147,93.56%,1.226
SUDESTE,35,SP,351940,IBIRA,9,1.71%,7,1.33%,510,96.96%,526
SUDESTE,35,SP,351950,IBIRAREMA,9,3.18%,18,6.36%,256,90.46%,283
SUDESTE,35,SP,351960,IBITINGA,25,1.8%,62,4.46%,1.303,93.74%,1.39
SUDESTE,35,SP,351970,IBIUNA,112,3.94%,188,6.62%,2.541,89.44%,2.841
SUDESTE,35,SP,351980,ICEM,3,1.05%,9,3.15%,274,95.8%,286
SUDESTE,35,SP,351990,IEPE,6,2.17%,11,3.97%,260,93.86%,277
SUDESTE,35,SP,352000,IGARACU DO TIETE,16,2.29%,40,5.72%,643,91.99%,699
SUDESTE,35,SP,352010,IGARAPAVA,34,4.16%,69,8.45%,714,87.39%,817
SUDESTE,35,SP,352020,IGARATA,14,2.49%,18,3.2%,530,94.31%,562
SUDESTE,35,SP,352030,IGUAPE,18,1.44%,57,4.57%,1.172,93.99%,1.247
SUDESTE,35,SP,352040,ILHABELA,24,1.17%,103,5.01%,1.93,93.83%,2.057
SUDESTE,35,SP,352042,ILHA COMPRIDA,5,0.71%,20,2.83%,681,96.46%,706
SUDESTE,35,SP,352044,ILHA SOLTEIRA,11,1.43%,24,3.12%,734,95.45%,769
SUDESTE,35,SP,352050,INDAIATUBA,100,1.57%,296,4.66%,5.954,93.76%,6.35
SUDESTE,35,SP,352060,INDIANA,4,1.58%,4,1.58%,245,96.84%,253
SUDESTE,35,SP,352070,INDIAPORA,4,1.97%,14,6.9%,185,91.13%,203
SUDESTE,35,SP,352080,INUBIA PAULISTA,2,1.23%,9,5.52%,152,93.25%,163
SUDESTE,35,SP,352090,IPAUSSU,20,3.74%,39,7.29%,476,88.97%,535
SUDESTE,35,SP,352100,IPERO,22,1.31%,78,4.64%,1.581,94.05%,1.681
SUDESTE,35,SP,352110,IPEUNA,9,2.52%,25,7%,323,90.48%,357
SUDESTE,35,SP,352115,IPIGUA,2,0.81%,5,2.02%,241,97.18%,248
SUDESTE,35,SP,352120,IPORANGA,4,1.72%,6,2.59%,222,95.69%,232
SUDESTE,35,SP,352130,IPUA,11,1.7%,36,5.57%,599,92.72%,646
SUDESTE,35,SP,352140,IRACEMAPOLIS,18,2.76%,34,5.21%,600,92.02%,652
SUDESTE,35,SP,352150,IRAPUA,1,0.23%,11,2.54%,421,97.23%,433
SUDESTE,35,SP,352160,IRAPURU,5,2.53%,6,3.03%,187,94.44%,198
SUDESTE,35,SP,352170,ITABERA,23,2.38%,45,4.66%,897,92.95%,965
SUDESTE,35,SP,352180,ITAI,16,1.41%,37,3.26%,1.082,95.33%,1.135
SUDESTE,35,SP,352190,ITAJOBI,20,4.38%,31,6.78%,406,88.84%,457
SUDESTE,35,SP,352200,ITAJU,7,3.4%,10,4.85%,189,91.75%,206
SUDESTE,35,SP,352210,ITANHAEM,76,2.3%,167,5.05%,3.064,92.65%,3.307
SUDESTE,35,SP,352215,ITAOCA,3,1.67%,3,1.67%,174,96.67%,180
SUDESTE,35,SP,352220,ITAPECERICA DA SERRA,246,4.38%,359,6.39%,5.011,89.23%,5.616
SUDESTE,35,SP,352230,ITAPETININGA,168,2.28%,437,5.94%,6.756,91.78%,7.361
SUDESTE,35,SP,352240,ITAPEVA,92,2.01%,251,5.48%,4.234,92.51%,4.577
SUDESTE,35,SP,352250,ITAPEVI,201,2.47%,364,4.47%,7.577,93.06%,8.142
SUDESTE,35,SP,352260,ITAPIRA,45,3.1%,81,5.59%,1.324,91.31%,1.45
SUDESTE,35,SP,352265,ITAPIRAPUA PAULISTA,11,3.36%,14,4.28%,302,92.35%,327
SUDESTE,35,SP,352270,ITAPOLIS,24,1.78%,67,4.98%,1.254,93.23%,1.345
SUDESTE,35,SP,352280,ITAPORANGA,9,1.47%,24,3.93%,578,94.6%,611
SUDESTE,35,SP,352290,ITAPUI,16,1.81%,38,4.3%,829,93.88%,883
SUDESTE,35,SP,352300,ITAPURA,1,0.57%,13,7.43%,161,92%,175
SUDESTE,35,SP,352310,ITAQUAQUECETUBA,391,4.26%,639,6.96%,8.152,88.78%,9.182
SUDESTE,35,SP,352320,ITARARE,45,2.18%,127,6.17%,1.888,91.65%,2.06
SUDESTE,35,SP,352330,ITARIRI,25,3.9%,43,6.71%,573,89.39%,641
SUDESTE,35,SP,352340,ITATIBA,102,2.9%,167,4.75%,3.25,92.36%,3.519
SUDESTE,35,SP,352350,ITATINGA,16,2.23%,40,5.56%,663,92.21%,719
SUDESTE,35,SP,352360,ITIRAPINA,11,1.86%,22,3.72%,558,94.42%,591
SUDESTE,35,SP,352370,ITIRAPUA,3,0.94%,17,5.35%,298,93.71%,318
SUDESTE,35,SP,352380,ITOBI,11,3.33%,16,4.85%,303,91.82%,330
SUDESTE,35,SP,352390,ITU,202,3%,386,5.74%,6.135,91.25%,6.723
SUDESTE,35,SP,352400,ITUPEVA,11,1.98%,33,5.95%,511,92.07%,555
SUDESTE,35,SP,352410,ITUVERAVA,28,2.38%,42,3.57%,1.106,94.05%,1.176
SUDESTE,35,SP,352420,JABORANDI,6,2.46%,13,5.33%,225,92.21%,244
SUDESTE,35,SP,352430,JABOTICABAL,42,3.08%,79,5.8%,1.241,91.12%,1.362
SUDESTE,35,SP,352440,JACAREI,145,2.44%,280,4.72%,5.507,92.84%,5.932
SUDESTE,35,SP,352450,JACI,4,1.11%,21,5.85%,334,93.04%,359
SUDESTE,35,SP,352460,JACUPIRANGA,27,3.18%,41,4.83%,781,91.99%,849
SUDESTE,35,SP,352470,JAGUARIUNA,22,1.01%,76,3.5%,2.071,95.48%,2.169
SUDESTE,35,SP,352480,JALES,20,1.51%,66,4.97%,1.242,93.52%,1.328
SUDESTE,35,SP,352490,JAMBEIRO,8,3.25%,13,5.28%,225,91.46%,246
SUDESTE,35,SP,352500,JANDIRA,95,3.27%,184,6.34%,2.625,90.39%,2.904
SUDESTE,35,SP,352510,JARDINOPOLIS,29,1.77%,57,3.47%,1.557,94.77%,1.643
SUDESTE,35,SP,352520,JARINU,24,2.19%,47,4.28%,1.027,93.53%,1.098
SUDESTE,35,SP,352530,JAU,111,4.25%,146,5.59%,2.356,90.16%,2.613
SUDESTE,35,SP,352540,JERIQUARA,3,1.61%,9,4.84%,174,93.55%,186
SUDESTE,35,SP,352550,JOANOPOLIS,9,1.72%,16,3.05%,499,95.23%,524
SUDESTE,35,SP,352560,JOAO RAMALHO,7,3.74%,6,3.21%,174,93.05%,187
SUDESTE,35,SP,352570,JOSE BONIFACIO,24,1.49%,54,3.36%,1.528,95.14%,1.606
SUDESTE,35,SP,352580,JULIO MESQUITA,10,3.61%,22,7.94%,245,88.45%,277
SUDESTE,35,SP,352585,JUMIRIM,2,1.02%,7,3.55%,188,95.43%,197
SUDESTE,35,SP,352590,JUNDIAI,411,3.64%,564,5%,10.302,91.35%,11.277
SUDESTE,35,SP,352600,JUNQUEIROPOLIS,14,1.54%,30,3.29%,867,95.17%,911
SUDESTE,35,SP,352610,JUQUIA,12,1.45%,44,5.3%,774,93.25%,830
SUDESTE,35,SP,352620,JUQUITIBA,48,3.99%,73,6.06%,1.083,89.95%,1.204
SUDESTE,35,SP,352630,LAGOINHA,6,2.62%,6,2.62%,217,94.76%,229
SUDESTE,35,SP,352640,LARANJAL PAULISTA,35,3.3%,53,4.99%,974,91.71%,1.062
SUDESTE,35,SP,352650,LAVINIA,5,2.78%,14,7.78%,161,89.44%,180
SUDESTE,35,SP,352660,LAVRINHAS,10,3.19%,11,3.51%,292,93.29%,313
SUDESTE,35,SP,352670,LEME,81,2.66%,152,4.99%,2.816,92.36%,3.049
SUDESTE,35,SP,352680,LENCOIS PAULISTA,33,1.2%,138,5.03%,2.574,93.77%,2.745
SUDESTE,35,SP,352690,LIMEIRA,159,2.42%,306,4.65%,6.11,92.93%,6.575
SUDESTE,35,SP,352700,LINDOIA,1,1.33%,2,2.67%,72,96%,75
SUDESTE,35,SP,352710,LINS,34,1.33%,89,3.49%,2.429,95.18%,2.552
SUDESTE,35,SP,352720,LORENA,47,1.58%,111,3.74%,2.81,94.68%,2.968
SUDESTE,35,SP,352725,LOURDES,6,6.67%,8,8.89%,76,84.44%,90
SUDESTE,35,SP,352730,LOUVEIRA,24,1.05%,104,4.54%,2.162,94.41%,2.29
SUDESTE,35,SP,352740,LUCELIA,6,1.44%,18,4.32%,393,94.24%,417
SUDESTE,35,SP,352750,LUCIANOPOLIS,2,1.63%,0,-,121,98.37%,123
SUDESTE,35,SP,352760,LUIS ANTONIO,5,0.77%,23,3.54%,622,95.69%,650
SUDESTE,35,SP,352770,LUIZIANIA,5,1.68%,22,7.38%,271,90.94%,298
SUDESTE,35,SP,352780,LUPERCIO,1,0.7%,12,8.45%,129,90.85%,142
SUDESTE,35,SP,352790,LUTECIA,5,3.94%,8,6.3%,114,89.76%,127
SUDESTE,35,SP,352800,MACATUBA,18,3.37%,24,4.49%,492,92.13%,534
SUDESTE,35,SP,352810,MACAUBAL,6,2.39%,13,5.18%,232,92.43%,251
SUDESTE,35,SP,352820,MACEDONIA,4,2.16%,5,2.7%,176,95.14%,185
SUDESTE,35,SP,352830,MAGDA,3,2.1%,5,3.5%,135,94.41%,143
SUDESTE,35,SP,352840,MAIRINQUE,44,2.3%,117,6.12%,1.752,91.58%,1.913
SUDESTE,35,SP,352850,MAIRIPORA,127,3.9%,195,5.99%,2.932,90.1%,3.254
SUDESTE,35,SP,352860,MANDURI,6,1.32%,30,6.61%,418,92.07%,454
SUDESTE,35,SP,352870,MARABA PAULISTA,8,5.1%,1,0.64%,148,94.27%,157
SUDESTE,35,SP,352880,MARACAI,4,0.79%,16,3.14%,489,96.07%,509
SUDESTE,35,SP,352885,MARAPOAMA,3,2.65%,5,4.42%,105,92.92%,113
SUDESTE,35,SP,352890,MARIAPOLIS,2,1.4%,7,4.9%,134,93.71%,143
SUDESTE,35,SP,352900,MARILIA,108,1.75%,264,4.29%,5.785,93.96%,6.157
SUDESTE,35,SP,352910,MARINOPOLIS,2,2.02%,7,7.07%,90,90.91%,99
SUDESTE,35,SP,352920,MARTINOPOLIS,11,1.04%,32,3.03%,1.013,95.93%,1.056
SUDESTE,35,SP,352930,MATAO,44,2.15%,107,5.22%,1.897,92.63%,2.048
SUDESTE,35,SP,352940,MAUA,344,6.5%,346,6.54%,4.602,86.96%,5.292
SUDESTE,35,SP,352950,MENDONCA,9,3.59%,16,6.37%,226,90.04%,251
SUDESTE,35,SP,352960,MERIDIANO,1,0.56%,14,7.82%,164,91.62%,179
SUDESTE,35,SP,352965,MESOPOLIS,1,0.78%,8,6.25%,119,92.97%,128
SUDESTE,35,SP,352970,MIGUELOPOLIS,23,4.52%,35,6.88%,451,88.61%,509
SUDESTE,35,SP,352980,MINEIROS DO TIETE,24,5.83%,19,4.61%,369,89.56%,412
SUDESTE,35,SP,352990,MIRACATU,21,2.03%,59,5.72%,952,92.25%,1.032
SUDESTE,35,SP,353000,MIRA ESTRELA,2,1.29%,6,3.87%,147,94.84%,155
SUDESTE,35,SP,353010,MIRANDOPOLIS,8,1.57%,23,4.53%,477,93.9%,508
SUDESTE,35,SP,353020,MIRANTE DO PARANAPANEMA,6,1%,32,5.32%,563,93.68%,601
SUDESTE,35,SP,353030,MIRASSOL,63,3.66%,99,5.76%,1.557,90.58%,1.719
SUDESTE,35,SP,353040,MIRASSOLANDIA,2,1.1%,6,3.3%,174,95.6%,182
SUDESTE,35,SP,353050,MOCOCA,46,2.58%,73,4.1%,1.663,93.32%,1.782
SUDESTE,35,SP,353060,MOGI DAS CRUZES,210,1.87%,592,5.28%,10.405,92.84%,11.207
SUDESTE,35,SP,353070,MOGI GUACU,105,2.24%,203,4.33%,4.38,93.43%,4.688
SUDESTE,35,SP,353080,MOGI MIRIM,44,1.73%,103,4.05%,2.397,94.22%,2.544
SUDESTE,35,SP,353090,MOMBUCA,9,5.33%,7,4.14%,153,90.53%,169
SUDESTE,35,SP,353100,MONCOES,2,2.56%,3,3.85%,73,93.59%,78
SUDESTE,35,SP,353110,MONGAGUA,25,3.67%,45,6.61%,611,89.72%,681
SUDESTE,35,SP,353120,MONTE ALEGRE DO SUL,5,3.25%,2,1.3%,147,95.45%,154
SUDESTE,35,SP,353130,MONTE ALTO,24,1.57%,52,3.4%,1.454,95.03%,1.53
SUDESTE,35,SP,353140,MONTE APRAZIVEL,17,2.52%,25,3.7%,633,93.78%,675
SUDESTE,35,SP,353150,MONTE AZUL PAULISTA,20,3.21%,23,3.69%,581,93.11%,624
SUDESTE,35,SP,353160,MONTE CASTELO,3,1.5%,10,5%,187,93.5%,200
SUDESTE,35,SP,353170,MONTEIRO LOBATO,7,3.21%,18,8.26%,193,88.53%,218
SUDESTE,35,SP,353180,MONTE MOR,50,2.27%,91,4.13%,2.06,93.59%,2.201
SUDESTE,35,SP,353190,MORRO AGUDO,21,1.84%,54,4.74%,1.064,93.42%,1.139
SUDESTE,35,SP,353200,MORUNGABA,17,2.65%,38,5.93%,586,91.42%,641
SUDESTE,35,SP,353205,MOTUCA,0,-,3,3.9%,74,96.1%,77
SUDESTE,35,SP,353210,MURUTINGA DO SUL,5,3.29%,5,3.29%,142,93.42%,152
SUDESTE,35,SP,353215,NANTES,1,0.81%,1,0.81%,122,98.39%,124
SUDESTE,35,SP,353220,NARANDIBA,6,2%,9,3%,285,95%,300
SUDESTE,35,SP,353230,NATIVIDADE DA SERRA,5,2.33%,13,6.05%,197,91.63%,215
SUDESTE,35,SP,353240,NAZARE PAULISTA,23,3.26%,30,4.26%,652,92.48%,705
SUDESTE,35,SP,353250,NEVES PAULISTA,3,2.56%,4,3.42%,110,94.02%,117
SUDESTE,35,SP,353260,NHANDEARA,3,1.02%,5,1.7%,286,97.28%,294
SUDESTE,35,SP,353270,NIPOA,6,2.06%,17,5.84%,268,92.1%,291
SUDESTE,35,SP,353280,NOVA ALIANCA,4,1.17%,20,5.85%,318,92.98%,342
SUDESTE,35,SP,353282,NOVA CAMPINA,6,1.07%,14,2.49%,543,96.45%,563
SUDESTE,35,SP,353284,NOVA CANAA PAULISTA,3,3.7%,0,-,78,96.3%,81
SUDESTE,35,SP,353286,NOVA CASTILHO,0,-,2,3.33%,58,96.67%,60
SUDESTE,35,SP,353290,NOVA EUROPA,8,1.78%,21,4.67%,421,93.56%,450
SUDESTE,35,SP,353300,NOVA GRANADA,8,1.42%,30,5.33%,525,93.25%,563
SUDESTE,35,SP,353310,NOVA GUATAPORANGA,1,1.06%,5,5.32%,88,93.62%,94
SUDESTE,35,SP,353320,NOVA INDEPENDENCIA,4,1.45%,9,3.27%,262,95.27%,275
SUDESTE,35,SP,353325,NOVAIS,18,9.47%,8,4.21%,164,86.32%,190
SUDESTE,35,SP,353330,NOVA LUZITANIA,2,2.25%,2,2.25%,85,95.51%,89
SUDESTE,35,SP,353340,NOVA ODESSA,30,2.81%,68,6.37%,969,90.82%,1.067
SUDESTE,35,SP,353350,NOVO HORIZONTE,22,2.49%,40,4.54%,820,92.97%,882
SUDESTE,35,SP,353360,NUPORANGA,6,1.67%,17,4.74%,336,93.59%,359
SUDESTE,35,SP,353370,OCAUCU,1,0.52%,8,4.17%,183,95.31%,192
SUDESTE,35,SP,353380,OLEO,3,2.21%,5,3.68%,128,94.12%,136
SUDESTE,35,SP,353390,OLIMPIA,43,2.84%,52,3.43%,1.42,93.73%,1.515
SUDESTE,35,SP,353400,ONDA VERDE,2,0.93%,4,1.86%,209,97.21%,215
SUDESTE,35,SP,353410,ORIENTE,6,2.74%,9,4.11%,204,93.15%,219
SUDESTE,35,SP,353420,ORINDIUVA,5,1.51%,17,5.14%,309,93.35%,331
SUDESTE,35,SP,353430,ORLANDIA,9,1.03%,24,2.75%,840,96.22%,873
SUDESTE,35,SP,353440,OSASCO,942,4.5%,1.394,6.66%,18.601,88.84%,20.937
SUDESTE,35,SP,353450,OSCAR BRESSANE,0,-,3,3.19%,91,96.81%,94
SUDESTE,35,SP,353460,OSVALDO CRUZ,10,2.79%,18,5.01%,331,92.2%,359
SUDESTE,35,SP,353470,OURINHOS,95,2.45%,198,5.11%,3.581,92.44%,3.874
SUDESTE,35,SP,353475,OUROESTE,2,0.49%,8,1.97%,397,97.54%,407
SUDESTE,35,SP,353480,OURO VERDE,15,3.53%,20,4.71%,390,91.76%,425
SUDESTE,35,SP,353490,PACAEMBU,8,2.68%,16,5.37%,274,91.95%,298
SUDESTE,35,SP,353500,PALESTINA,12,2.35%,31,6.08%,467,91.57%,510
SUDESTE,35,SP,353510,PALMARES PAULISTA,9,3%,15,5%,276,92%,300
SUDESTE,35,SP,353520,PALMEIRA D'OESTE,6,1.73%,15,4.34%,325,93.93%,346
SUDESTE,35,SP,353530,PALMITAL,18,2.3%,41,5.23%,725,92.47%,784
SUDESTE,35,SP,353540,PANORAMA,13,1.96%,29,4.37%,621,93.67%,663
SUDESTE,35,SP,353550,PARAGUACU PAULISTA,82,4.9%,74,4.42%,1.519,90.69%,1.675
SUDESTE,35,SP,353560,PARAIBUNA,23,2.67%,52,6.04%,786,91.29%,861
SUDESTE,35,SP,353570,PARAISO,7,3.11%,10,4.44%,208,92.44%,225
SUDESTE,35,SP,353580,PARANAPANEMA,24,2.47%,30,3.09%,917,94.44%,971
SUDESTE,35,SP,353590,PARANAPUA,14,5.96%,12,5.11%,209,88.94%,235
SUDESTE,35,SP,353600,PARAPUA,7,2.24%,15,4.79%,291,92.97%,313
SUDESTE,35,SP,353610,PARDINHO,7,1.86%,24,6.38%,345,91.76%,376
SUDESTE,35,SP,353620,PARIQUERA-ACU,20,1.99%,50,4.98%,935,93.03%,1.005
SUDESTE,35,SP,353625,PARISI,6,3.55%,9,5.33%,154,91.12%,169
SUDESTE,35,SP,353630,PATROCINIO PAULISTA,40,6.54%,44,7.19%,528,86.27%,612
SUDESTE,35,SP,353640,PAULICEIA,15,2.85%,29,5.51%,482,91.63%,526
SUDESTE,35,SP,353650,PAULINIA,46,2.86%,71,4.41%,1.494,92.74%,1.611
SUDESTE,35,SP,353657,PAULISTANIA,3,2.04%,7,4.76%,137,93.2%,147
SUDESTE,35,SP,353660,PAULO DE FARIA,12,3.88%,18,5.83%,279,90.29%,309
SUDESTE,35,SP,353670,PEDERNEIRAS,18,1.3%,63,4.54%,1.308,94.17%,1.389
SUDESTE,35,SP,353680,PEDRA BELA,2,1.27%,6,3.8%,150,94.94%,158
SUDESTE,35,SP,353690,PEDRANOPOLIS,8,7.14%,3,2.68%,101,90.18%,112
SUDESTE,35,SP,353700,PEDREGULHO,11,1.43%,37,4.82%,719,93.74%,767
SUDESTE,35,SP,353710,PEDREIRA,44,2.92%,87,5.78%,1.375,91.3%,1.506
SUDESTE,35,SP,353715,PEDRINHAS PAULISTA,2,1.9%,8,7.62%,95,90.48%,105
SUDESTE,35,SP,353720,PEDRO DE TOLEDO,20,4.59%,47,10.78%,369,84.63%,436
SUDESTE,35,SP,353730,PENAPOLIS,55,2.34%,146,6.22%,2.147,91.44%,2.348
SUDESTE,35,SP,353740,PEREIRA BARRETO,16,3.81%,20,4.76%,384,91.43%,420
SUDESTE,35,SP,353750,PEREIRAS,5,1.26%,13,3.27%,379,95.47%,397
SUDESTE,35,SP,353760,PERUIBE,46,1.75%,157,5.96%,2.433,92.3%,2.636
SUDESTE,35,SP,353770,PIACATU,7,3.29%,9,4.23%,197,92.49%,213
SUDESTE,35,SP,353780,PIEDADE,33,1.27%,114,4.4%,2.443,94.32%,2.59
SUDESTE,35,SP,353790,PILAR DO SUL,27,2.19%,71,5.75%,1.137,92.06%,1.235
SUDESTE,35,SP,353800,PINDAMONHANGABA,123,1.9%,311,4.81%,6.036,93.29%,6.47
SUDESTE,35,SP,353810,PINDORAMA,8,1.88%,19,4.47%,398,93.65%,425
SUDESTE,35,SP,353820,PINHALZINHO,13,1.86%,29,4.15%,657,93.99%,699
SUDESTE,35,SP,353830,PIQUEROBI,4,2.27%,7,3.98%,165,93.75%,176
SUDESTE,35,SP,353850,PIQUETE,8,2.4%,11,3.29%,315,94.31%,334
SUDESTE,35,SP,353860,PIRACAIA,26,2.02%,46,3.57%,1.216,94.41%,1.288
SUDESTE,35,SP,353870,PIRACICABA,242,1.78%,573,4.23%,12.745,93.99%,13.56
SUDESTE,35,SP,353880,PIRAJU,52,4.17%,82,6.58%,1.112,89.25%,1.246
SUDESTE,35,SP,353890,PIRAJUI,24,3.63%,38,5.74%,600,90.63%,662
SUDESTE,35,SP,353900,PIRANGI,10,3.06%,17,5.2%,300,91.74%,327
SUDESTE,35,SP,353910,PIRAPORA DO BOM JESUS,31,4.19%,58,7.84%,651,87.97%,740
SUDESTE,35,SP,353920,PIRAPOZINHO,13,1.51%,48,5.57%,800,92.92%,861
SUDESTE,35,SP,353930,PIRASSUNUNGA,54,3.3%,107,6.54%,1.475,90.16%,1.636
SUDESTE,35,SP,353940,PIRATININGA,12,1.95%,21,3.42%,581,94.63%,614
SUDESTE,35,SP,353950,PITANGUEIRAS,30,2.25%,55,4.13%,1.248,93.62%,1.333
SUDESTE,35,SP,353960,PLANALTO,1,0.48%,5,2.39%,203,97.13%,209
SUDESTE,35,SP,353970,PLATINA,5,2.63%,12,6.32%,173,91.05%,190
SUDESTE,35,SP,353980,POA,129,3.51%,273,7.42%,3.275,89.07%,3.677
SUDESTE,35,SP,353990,POLONI,8,3.7%,7,3.24%,201,93.06%,216
SUDESTE,35,SP,354000,POMPEIA,12,2.61%,42,9.13%,406,88.26%,460
SUDESTE,35,SP,354010,PONGAI,0,-,5,4.1%,117,95.9%,122
SUDESTE,35,SP,354020,PONTAL,31,2.42%,61,4.76%,1.189,92.82%,1.281
SUDESTE,35,SP,354025,PONTALINDA,7,2.87%,5,2.05%,232,95.08%,244
SUDESTE,35,SP,354030,PONTES GESTAL,2,1.65%,0,-,119,98.35%,121
SUDESTE,35,SP,354040,POPULINA,2,1.33%,9,6%,139,92.67%,150
SUDESTE,35,SP,354050,PORANGABA,7,2.72%,23,8.95%,227,88.33%,257
SUDESTE,35,SP,354060,PORTO FELIZ,108,5.27%,82,4%,1.861,90.74%,2.051
SUDESTE,35,SP,354070,PORTO FERREIRA,38,2.39%,95,5.98%,1.455,91.62%,1.588
SUDESTE,35,SP,354075,POTIM,31,3.98%,50,6.42%,698,89.6%,779
SUDESTE,35,SP,354080,POTIRENDABA,8,1.11%,24,3.34%,686,95.54%,718
SUDESTE,35,SP,354085,PRACINHA,2,2.11%,3,3.16%,90,94.74%,95
SUDESTE,35,SP,354090,PRADOPOLIS,9,1.51%,22,3.7%,564,94.79%,595
SUDESTE,35,SP,354100,PRAIA GRANDE,298,2.32%,653,5.08%,11.891,92.59%,12.842
SUDESTE,35,SP,354105,PRATANIA,5,1.31%,30,7.85%,347,90.84%,382
SUDESTE,35,SP,354110,PRESIDENTE ALVES,2,1.33%,4,2.67%,144,96%,150
SUDESTE,35,SP,354120,PRESIDENTE BERNARDES,3,0.86%,11,3.17%,333,95.97%,347
SUDESTE,35,SP,354130,PRESIDENTE EPITACIO,17,1.64%,34,3.28%,987,95.09%,1.038
SUDESTE,35,SP,354140,PRESIDENTE PRUDENTE,78,2.07%,228,6.06%,3.458,91.87%,3.764
SUDESTE,35,SP,354150,PRESIDENTE VENCESLAU,27,3.47%,39,5.02%,711,91.51%,777
SUDESTE,35,SP,354160,PROMISSAO,33,2.2%,51,3.4%,1.414,94.39%,1.498
SUDESTE,35,SP,354165,QUADRA,13,7.18%,11,6.08%,157,86.74%,181
SUDESTE,35,SP,354170,QUATA,5,1.17%,22,5.13%,402,93.71%,429
SUDESTE,35,SP,354180,QUEIROZ,11,4.66%,30,12.71%,195,82.63%,236
SUDESTE,35,SP,354190,QUELUZ,18,4.79%,29,7.71%,329,87.5%,376
SUDESTE,35,SP,354200,QUINTANA,14,4.02%,16,4.6%,318,91.38%,348
SUDESTE,35,SP,354210,RAFARD,6,1.72%,17,4.87%,326,93.41%,349
SUDESTE,35,SP,354220,RANCHARIA,29,2.46%,53,4.5%,1.097,93.04%,1.179
SUDESTE,35,SP,354230,REDENCAO DA SERRA,2,0.88%,8,3.52%,217,95.59%,227
SUDESTE,35,SP,354240,REGENTE FEIJO,14,1.52%,28,3.04%,879,95.44%,921
SUDESTE,35,SP,354250,REGINOPOLIS,4,1.48%,12,4.44%,254,94.07%,270
SUDESTE,35,SP,354260,REGISTRO,39,1.45%,128,4.76%,2.521,93.79%,2.688
SUDESTE,35,SP,354270,RESTINGA,5,1.11%,16,3.54%,431,95.35%,452
SUDESTE,35,SP,354280,RIBEIRA,7,3.35%,14,6.7%,188,89.95%,209
SUDESTE,35,SP,354290,RIBEIRAO BONITO,11,5.58%,13,6.6%,173,87.82%,197
SUDESTE,35,SP,354300,RIBEIRAO BRANCO,51,3.75%,80,5.89%,1.228,90.36%,1.359
SUDESTE,35,SP,354310,RIBEIRAO CORRENTE,1,0.64%,5,3.21%,150,96.15%,156
SUDESTE,35,SP,354320,RIBEIRAO DO SUL,3,1.92%,11,7.05%,142,91.03%,156
SUDESTE,35,SP,354323,RIBEIRAO DOS INDIOS,3,3.57%,3,3.57%,78,92.86%,84
SUDESTE,35,SP,354325,RIBEIRAO GRANDE,61,17.58%,32,9.22%,254,73.2%,347
SUDESTE,35,SP,354330,RIBEIRAO PIRES,105,4.16%,147,5.82%,2.273,90.02%,2.525
SUDESTE,35,SP,354340,RIBEIRAO PRETO,310,1.57%,830,4.21%,18.589,94.22%,19.729
SUDESTE,35,SP,354350,RIVERSUL,4,1.18%,15,4.42%,320,94.4%,339
SUDESTE,35,SP,354360,RIFAINA,2,3.13%,1,1.56%,61,95.31%,64
SUDESTE,35,SP,354370,RINCAO,5,1.53%,14,4.28%,308,94.19%,327
SUDESTE,35,SP,354380,RINOPOLIS,1,1.75%,2,3.51%,54,94.74%,57
SUDESTE,35,SP,354390,RIO CLARO,98,2.24%,195,4.45%,4.089,93.31%,4.382
SUDESTE,35,SP,354400,RIO DAS PEDRAS,17,2.01%,32,3.79%,796,94.2%,845
SUDESTE,35,SP,354410,RIO GRANDE DA SERRA,40,4.07%,62,6.31%,881,89.62%,983
SUDESTE,35,SP,354420,RIOLANDIA,8,1.78%,22,4.89%,420,93.33%,450
SUDESTE,35,SP,354425,ROSANA,8,1.06%,17,2.25%,731,96.69%,756
SUDESTE,35,SP,354430,ROSEIRA,8,2.91%,17,6.18%,250,90.91%,275
SUDESTE,35,SP,354440,RUBIACEA,1,0.81%,2,1.63%,120,97.56%,123
SUDESTE,35,SP,354450,RUBINEIA,2,1.14%,10,5.71%,163,93.14%,175
SUDESTE,35,SP,354460,SABINO,4,7.41%,6,11.11%,44,81.48%,54
SUDESTE,35,SP,354470,SAGRES,2,1.6%,8,6.4%,115,92%,125
SUDESTE,35,SP,354480,SALES,6,3.21%,14,7.49%,167,89.3%,187
SUDESTE,35,SP,354490,SALES OLIVEIRA,13,2.84%,23,5.02%,422,92.14%,458
SUDESTE,35,SP,354500,SALESOPOLIS,12,2.99%,28,6.98%,361,90.02%,401
SUDESTE,35,SP,354510,SALMOURAO,1,0.67%,2,1.33%,147,98%,150
SUDESTE,35,SP,354515,SALTINHO,16,4.3%,11,2.96%,345,92.74%,372
SUDESTE,35,SP,354520,SALTO,49,1.61%,115,3.78%,2.881,94.61%,3.045
SUDESTE,35,SP,354530,SALTO DE PIRAPORA,28,1.82%,72,4.69%,1.436,93.49%,1.536
SUDESTE,35,SP,354540,SALTO GRANDE,15,4.12%,15,4.12%,334,91.76%,364
SUDESTE,35,SP,354550,SANDOVALINA,2,1.11%,6,3.33%,172,95.56%,180
SUDESTE,35,SP,354560,SANTA ADELIA,11,2.54%,21,4.85%,401,92.61%,433
SUDESTE,35,SP,354570,SANTA ALBERTINA,0,-,13,5.16%,239,94.84%,252
SUDESTE,35,SP,354580,SANTA BARBARA D'OESTE,67,1.24%,214,3.96%,5.127,94.8%,5.408
SUDESTE,35,SP,354600,SANTA BRANCA,9,1.84%,27,5.51%,454,92.65%,490
SUDESTE,35,SP,354610,SANTA CLARA D'OESTE,3,2.19%,6,4.38%,128,93.43%,137
SUDESTE,35,SP,354620,SANTA CRUZ DA CONCEICAO,5,2.91%,5,2.91%,162,94.19%,172
SUDESTE,35,SP,354625,SANTA CRUZ DA ESPERANCA,1,0.93%,4,3.74%,102,95.33%,107
SUDESTE,35,SP,354630,SANTA CRUZ DAS PALMEIRAS,10,0.9%,35,3.14%,1.069,95.96%,1.114
SUDESTE,35,SP,354640,SANTA CRUZ DO RIO PARDO,56,2.85%,118,6%,1.792,91.15%,1.966
SUDESTE,35,SP,354650,SANTA ERNESTINA,1,0.48%,9,4.31%,199,95.22%,209
SUDESTE,35,SP,354660,SANTA FE DO SUL,23,4.58%,25,4.98%,454,90.44%,502
SUDESTE,35,SP,354670,SANTA GERTRUDES,9,1.04%,45,5.2%,812,93.76%,866
SUDESTE,35,SP,354680,SANTA ISABEL,24,1.37%,94,5.36%,1.635,93.27%,1.753
SUDESTE,35,SP,354690,SANTA LUCIA,7,2.25%,20,6.43%,284,91.32%,311
SUDESTE,35,SP,354700,SANTA MARIA DA SERRA,7,2.59%,16,5.93%,247,91.48%,270
SUDESTE,35,SP,354710,SANTA MERCEDES,4,2.02%,11,5.56%,183,92.42%,198
SUDESTE,35,SP,354720,SANTANA DA PONTE PENSA,0,-,5,7.14%,65,92.86%,70
SUDESTE,35,SP,354730,SANTANA DE PARNAIBA,78,1.08%,184,2.54%,6.979,96.38%,7.241
SUDESTE,35,SP,354740,SANTA RITA D'OESTE,1,0.85%,3,2.54%,114,96.61%,118
SUDESTE,35,SP,354750,SANTA RITA DO PASSA QUATRO,14,1.96%,26,3.64%,674,94.4%,714
SUDESTE,35,SP,354760,SANTA ROSA DE VITERBO,18,2.24%,40,4.98%,746,92.79%,804
SUDESTE,35,SP,354765,SANTA SALETE,2,2.08%,5,5.21%,89,92.71%,96
SUDESTE,35,SP,354770,SANTO ANASTACIO,20,3.29%,29,4.77%,559,91.94%,608
SUDESTE,35,SP,354780,SANTO ANDRE,285,4.48%,470,7.39%,5.609,88.14%,6.364
SUDESTE,35,SP,354790,SANTO ANTONIO DA ALEGRIA,6,1.67%,11,3.06%,343,95.28%,360
SUDESTE,35,SP,354800,SANTO ANTONIO DE POSSE,24,2.17%,42,3.8%,1.039,94.03%,1.105
SUDESTE,35,SP,354805,SANTO ANTONIO DO ARACANGUA,12,3.83%,15,4.79%,286,91.37%,313
SUDESTE,35,SP,354810,SANTO ANTONIO DO JARDIM,3,2.1%,8,5.59%,132,92.31%,143
SUDESTE,35,SP,354820,SANTO ANTONIO DO PINHAL,3,0.85%,19,5.37%,332,93.79%,354
SUDESTE,35,SP,354830,SANTO EXPEDITO,3,2%,12,8%,135,90%,150
SUDESTE,35,SP,354840,SANTOPOLIS DO AGUAPEI,19,8.52%,15,6.73%,189,84.75%,223
SUDESTE,35,SP,354850,SANTOS,193,2.4%,449,5.58%,7.404,92.02%,8.046
SUDESTE,35,SP,354860,SAO BENTO DO SAPUCAI,10,2.54%,17,4.33%,366,93.13%,393
SUDESTE,35,SP,354870,SAO BERNARDO DO CAMPO,774,4.03%,1.215,6.33%,17.211,89.64%,19.2
SUDESTE,35,SP,354880,SAO CAETANO DO SUL,62,1.91%,173,5.32%,3.015,92.77%,3.25
SUDESTE,35,SP,354890,SAO CARLOS,132,2.65%,261,5.24%,4.584,92.1%,4.977
SUDESTE,35,SP,354900,SAO FRANCISCO,0,-,5,4.07%,118,95.93%,123
SUDESTE,35,SP,354910,SAO JOAO DA BOA VISTA,44,1.72%,96,3.74%,2.425,94.54%,2.565
SUDESTE,35,SP,354920,SAO JOAO DAS DUAS PONTES,4,3.51%,4,3.51%,106,92.98%,114
SUDESTE,35,SP,354925,SAO JOAO DE IRACEMA,0,-,3,3.45%,84,96.55%,87
SUDESTE,35,SP,354930,SAO JOAO DO PAU D'ALHO,4,4.71%,4,4.71%,77,90.59%,85
SUDESTE,35,SP,354940,SAO JOAQUIM DA BARRA,28,2.05%,64,4.7%,1.271,93.25%,1.363
SUDESTE,35,SP,354950,SAO JOSE DA BELA VISTA,13,3.88%,15,4.48%,307,91.64%,335
SUDESTE,35,SP,354960,SAO JOSE DO BARREIRO,4,2.92%,10,7.3%,123,89.78%,137
SUDESTE,35,SP,354970,SAO JOSE DO RIO PARDO,24,1.43%,58,3.45%,1.598,95.12%,1.68
SUDESTE,35,SP,354980,SAO JOSE DO RIO PRETO,338,2.51%,651,4.83%,12.481,92.66%,13.47
SUDESTE,35,SP,354990,SAO JOSE DOS CAMPOS,733,3.32%,1.116,5.06%,20.228,91.62%,22.077
SUDESTE,35,SP,354995,SAO LOURENCO DA SERRA,13,2.16%,23,3.82%,566,94.02%,602
SUDESTE,35,SP,355000,SAO LUIS DO PARAITINGA,6,1.6%,6,1.6%,362,96.79%,374
SUDESTE,35,SP,355010,SAO MANUEL,28,1.85%,63,4.17%,1.421,93.98%,1.512
SUDESTE,35,SP,355020,SAO MIGUEL ARCANJO,22,2.05%,49,4.57%,1.002,93.38%,1.073
SUDESTE,35,SP,355030,SAO PAULO,6.605,2.57%,12.961,5.04%,237.452,92.39%,257.018
SUDESTE,35,SP,355040,SAO PEDRO,48,4.05%,86,7.26%,1.051,88.69%,1.185
SUDESTE,35,SP,355050,SAO PEDRO DO TURVO,13,3.2%,25,6.16%,368,90.64%,406
SUDESTE,35,SP,355060,SAO ROQUE,48,1.74%,128,4.64%,2.583,93.62%,2.759
SUDESTE,35,SP,355070,SAO SEBASTIAO,87,2.6%,239,7.15%,3.016,90.25%,3.342
SUDESTE,35,SP,355080,SAO SEBASTIAO DA GRAMA,5,1.67%,10,3.34%,284,94.98%,299
SUDESTE,35,SP,355090,SAO SIMAO,18,4.16%,30,6.93%,385,88.91%,433
SUDESTE,35,SP,355100,SAO VICENTE,285,3.6%,515,6.51%,7.113,89.89%,7.913
SUDESTE,35,SP,355110,SARAPUI,8,1.51%,17,3.2%,506,95.29%,531
SUDESTE,35,SP,355120,SARUTAIA,4,1.81%,16,7.24%,201,90.95%,221
SUDESTE,35,SP,355130,SEBASTIANOPOLIS DO SUL,6,3.21%,11,5.88%,170,90.91%,187
SUDESTE,35,SP,355140,SERRA AZUL,6,2.27%,21,7.95%,237,89.77%,264
SUDESTE,35,SP,355150,SERRANA,33,2.02%,94,5.75%,1.509,92.24%,1.636
SUDESTE,35,SP,355160,SERRA NEGRA,20,1.82%,80,7.29%,998,90.89%,1.098
SUDESTE,35,SP,355170,SERTAOZINHO,35,1.09%,112,3.5%,3.055,95.41%,3.202
SUDESTE,35,SP,355180,SETE BARRAS,17,2.11%,44,5.45%,746,92.44%,807
SUDESTE,35,SP,355190,SEVERINIA,27,4.18%,34,5.26%,585,90.56%,646
SUDESTE,35,SP,355200,SILVEIRAS,4,1.05%,26,6.84%,350,92.11%,380
SUDESTE,35,SP,355210,SOCORRO,11,0.79%,45,3.22%,1.343,96%,1.399
SUDESTE,35,SP,355220,SOROCABA,249,1.77%,603,4.28%,13.24,93.95%,14.092
SUDESTE,35,SP,355230,SUD MENNUCCI,4,1.46%,8,2.92%,262,95.62%,274
SUDESTE,35,SP,355240,SUMARE,140,1.98%,539,7.62%,6.398,90.41%,7.077
SUDESTE,35,SP,355250,SUZANO,399,4.23%,595,6.31%,8.437,89.46%,9.431
SUDESTE,35,SP,355255,SUZANAPOLIS,2,1.39%,9,6.25%,133,92.36%,144
SUDESTE,35,SP,355260,TABAPUA,1,1.01%,5,5.05%,93,93.94%,99
SUDESTE,35,SP,355270,TABATINGA,23,5.25%,22,5.02%,393,89.73%,438
SUDESTE,35,SP,355280,TABOAO DA SERRA,391,4.2%,748,8.03%,8.171,87.77%,9.31
SUDESTE,35,SP,355290,TACIBA,3,0.83%,14,3.89%,343,95.28%,360
SUDESTE,35,SP,355300,TAGUAI,9,1.1%,33,4.05%,773,94.85%,815
SUDESTE,35,SP,355310,TAIACU,3,2.8%,5,4.67%,99,92.52%,107
SUDESTE,35,SP,355320,TAIUVA,5,2.03%,10,4.07%,231,93.9%,246
SUDESTE,35,SP,355330,TAMBAU,25,3.73%,38,5.66%,608,90.61%,671
SUDESTE,35,SP,355340,TANABI,27,2.59%,60,5.75%,957,91.67%,1.044
SUDESTE,35,SP,355350,TAPIRAI,6,1.37%,24,5.47%,409,93.17%,439
SUDESTE,35,SP,355360,TAPIRATIBA,3,0.74%,16,3.93%,388,95.33%,407
SUDESTE,35,SP,355365,TAQUARAL,1,1.06%,5,5.32%,88,93.62%,94
SUDESTE,35,SP,355370,TAQUARITINGA,48,4.18%,84,7.32%,1.015,88.49%,1.147
SUDESTE,35,SP,355380,TAQUARITUBA,26,2.39%,59,5.41%,1.005,92.2%,1.09
SUDESTE,35,SP,355385,TAQUARIVAI,10,2.37%,16,3.79%,396,93.84%,422
SUDESTE,35,SP,355390,TARABAI,6,2.55%,13,5.53%,216,91.91%,235
SUDESTE,35,SP,355395,TARUMA,9,1.86%,30,6.2%,445,91.94%,484
SUDESTE,35,SP,355400,TATUI,139,3.64%,202,5.29%,3.474,91.06%,3.815
SUDESTE,35,SP,355410,TAUBATE,217,2.01%,578,5.35%,10.006,92.64%,10.801
SUDESTE,35,SP,355420,TEJUPA,3,1.17%,14,5.47%,239,93.36%,256
SUDESTE,35,SP,355430,TEODORO SAMPAIO,16,1.53%,43,4.1%,989,94.37%,1.048
SUDESTE,35,SP,355440,TERRA ROXA,7,3.7%,16,8.47%,166,87.83%,189
SUDESTE,35,SP,355450,TIETE,17,1.41%,33,2.73%,1.158,95.86%,1.208
SUDESTE,35,SP,355460,TIMBURI,2,1.41%,8,5.63%,132,92.96%,142
SUDESTE,35,SP,355465,TORRE DE PEDRA,2,1.31%,8,5.23%,143,93.46%,153
SUDESTE,35,SP,355470,TORRINHA,5,1.61%,11,3.54%,295,94.86%,311
SUDESTE,35,SP,355475,TRABIJU,2,3.03%,3,4.55%,61,92.42%,66
SUDESTE,35,SP,355480,TREMEMBE,33,6.89%,42,8.77%,404,84.34%,479
SUDESTE,35,SP,355490,TRES FRONTEIRAS,13,4.87%,16,5.99%,238,89.14%,267
SUDESTE,35,SP,355495,TUIUTI,3,1.17%,6,2.33%,248,96.5%,257
SUDESTE,35,SP,355500,TUPA,28,1.73%,64,3.95%,1.528,94.32%,1.62
SUDESTE,35,SP,355510,TUPI PAULISTA,5,1.34%,15,4.02%,353,94.64%,373
SUDESTE,35,SP,355520,TURIUBA,1,1.12%,4,4.49%,84,94.38%,89
SUDESTE,35,SP,355530,TURMALINA,2,2.74%,1,1.37%,70,95.89%,73
SUDESTE,35,SP,355535,UBARANA,3,0.97%,8,2.58%,299,96.45%,310
SUDESTE,35,SP,355540,UBATUBA,176,3.98%,272,6.16%,3.97,89.86%,4.418
SUDESTE,35,SP,355550,UBIRAJARA,5,2.17%,10,4.35%,215,93.48%,230
SUDESTE,35,SP,355560,UCHOA,11,2.84%,25,6.46%,351,90.7%,387
SUDESTE,35,SP,355570,UNIAO PAULISTA,1,0.88%,4,3.54%,108,95.58%,113
SUDESTE,35,SP,355580,URANIA,18,4.79%,25,6.65%,333,88.56%,376
SUDESTE,35,SP,355590,URU,2,2.56%,2,2.56%,74,94.87%,78
SUDESTE,35,SP,355600,URUPES,13,2.21%,27,4.59%,548,93.2%,588
SUDESTE,35,SP,355610,VALENTIM GENTIL,16,2.87%,30,5.39%,511,91.74%,557
SUDESTE,35,SP,355620,VALINHOS,31,4.48%,44,6.36%,617,89.16%,692
SUDESTE,35,SP,355630,VALPARAISO,22,2.87%,46,6.01%,698,91.12%,766
SUDESTE,35,SP,355635,VARGEM,25,4.3%,30,5.16%,526,90.53%,581
SUDESTE,35,SP,355640,VARGEM GRANDE DO SUL,26,2.29%,58,5.11%,1.051,92.6%,1.135
SUDESTE,35,SP,355645,VARGEM GRANDE PAULISTA,34,1.48%,95,4.14%,2.166,94.38%,2.295
SUDESTE,35,SP,355650,VARZEA PAULISTA,66,3.44%,115,5.99%,1.738,90.57%,1.919
SUDESTE,35,SP,355660,VERA CRUZ,31,12.25%,9,3.56%,213,84.19%,253
SUDESTE,35,SP,355670,VINHEDO,35,1.6%,57,2.6%,2.101,95.8%,2.193
SUDESTE,35,SP,355680,VIRADOURO,11,2.55%,21,4.86%,400,92.59%,432
SUDESTE,35,SP,355690,VISTA ALEGRE DO ALTO,15,3.79%,12,3.03%,369,93.18%,396
SUDESTE,35,SP,355695,VITORIA BRASIL,0,-,1,0.91%,109,99.09%,110
SUDESTE,35,SP,355700,VOTORANTIM,66,1.86%,151,4.26%,3.327,93.88%,3.544
SUDESTE,35,SP,355710,VOTUPORANGA,75,2.43%,169,5.48%,2.842,92.09%,3.086
SUDESTE,35,SP,355715,ZACARIAS,2,1.52%,4,3.03%,126,95.45%,132
SUDESTE,35,SP,355720,CHAVANTES,16,3.01%,21,3.95%,494,93.03%,531
SUDESTE,35,SP,355730,ESTIVA GERBI,14,6.54%,16,7.48%,184,85.98%,214
SUL,41,PR,410010,ABATIA,4,1.91%,5,2.39%,200,95.69%,209
SUL,41,PR,410020,ADRIANOPOLIS,19,5.72%,23,6.93%,290,87.35%,332
SUL,41,PR,410030,AGUDOS DO SUL,28,4.63%,41,6.78%,536,88.6%,605
SUL,41,PR,410040,ALMIRANTE TAMANDARE,134,2.92%,288,6.28%,4.167,90.8%,4.589
SUL,41,PR,410045,ALTAMIRA DO PARANA,5,2.6%,6,3.13%,181,94.27%,192
SUL,41,PR,410050,ALTONIA,24,3.85%,35,5.61%,565,90.54%,624
SUL,41,PR,410060,ALTO PARANA,12,1.89%,22,3.46%,602,94.65%,636
SUL,41,PR,410070,ALTO PIQUIRI,10,1.99%,17,3.38%,476,94.63%,503
SUL,41,PR,410080,ALVORADA DO SUL,7,1.99%,11,3.13%,334,94.89%,352
SUL,41,PR,410090,AMAPORA,5,1.92%,14,5.38%,241,92.69%,260
SUL,41,PR,410100,AMPERE,24,2.34%,34,3.32%,967,94.34%,1.025
SUL,41,PR,410105,ANAHY,2,1.08%,8,4.3%,176,94.62%,186
SUL,41,PR,410110,ANDIRA,19,2.13%,31,3.48%,840,94.38%,890
SUL,41,PR,410115,ANGULO,3,1.86%,9,5.59%,149,92.55%,161
SUL,41,PR,410120,ANTONINA,30,3.96%,56,7.4%,671,88.64%,757
SUL,41,PR,410130,ANTONIO OLINTO,4,1.1%,10,2.76%,348,96.13%,362
SUL,41,PR,410140,APUCARANA,322,6.74%,392,8.21%,4.06,85.04%,4.774
SUL,41,PR,410150,ARAPONGAS,120,4.58%,165,6.3%,2.334,89.12%,2.619
SUL,41,PR,410160,ARAPOTI,45,3.72%,68,5.62%,1.098,90.67%,1.211
SUL,41,PR,410165,ARAPUA,5,3.94%,7,5.51%,115,90.55%,127
SUL,41,PR,410170,ARARUNA,16,2.8%,22,3.85%,534,93.36%,572
SUL,41,PR,410180,ARAUCARIA,176,2.39%,407,5.52%,6.786,92.09%,7.369
SUL,41,PR,410185,ARIRANHA DO IVAI,8,8.79%,6,6.59%,77,84.62%,91
SUL,41,PR,410190,ASSAI,8,1.49%,23,4.29%,505,94.22%,536
SUL,41,PR,410200,ASSIS CHATEAUBRIAND,27,1.64%,54,3.27%,1.57,95.09%,1.651
SUL,41,PR,410210,ASTORGA,16,1.81%,33,3.73%,835,94.46%,884
SUL,41,PR,410220,ATALAIA,4,2.82%,8,5.63%,130,91.55%,142
SUL,41,PR,410230,BALSA NOVA,8,1.01%,33,4.15%,755,94.85%,796
SUL,41,PR,410240,BANDEIRANTES,25,2.01%,59,4.75%,1.158,93.24%,1.242
SUL,41,PR,410250,BARBOSA FERRAZ,8,1.86%,12,2.79%,410,95.35%,430
SUL,41,PR,410260,BARRACAO,30,5.67%,41,7.75%,458,86.58%,529
SUL,41,PR,410270,BARRA DO JACARE,3,2.36%,4,3.15%,120,94.49%,127
SUL,41,PR,410275,BELA VISTA DA CAROBA,5,2.94%,5,2.94%,160,94.12%,170
SUL,41,PR,410280,BELA VISTA DO PARAISO,18,4.57%,19,4.82%,357,90.61%,394
SUL,41,PR,410290,BITURUNA,36,3%,61,5.08%,1.103,91.92%,1.2
SUL,41,PR,410300,BOA ESPERANCA,13,7.18%,9,4.97%,159,87.85%,181
SUL,41,PR,410302,BOA ESPERANCA DO IGUACU,9,7.69%,7,5.98%,101,86.32%,117
SUL,41,PR,410304,BOA VENTURA DE SAO ROQUE,9,3.57%,14,5.56%,229,90.87%,252
SUL,41,PR,410305,BOA VISTA DA APARECIDA,26,5.12%,29,5.71%,453,89.17%,508
SUL,41,PR,410310,BOCAIUVA DO SUL,16,2.87%,33,5.91%,509,91.22%,558
SUL,41,PR,410315,BOM JESUS DO SUL,18,7.26%,17,6.85%,213,85.89%,248
SUL,41,PR,410320,BOM SUCESSO,9,2.83%,12,3.77%,297,93.4%,318
SUL,41,PR,410322,BOM SUCESSO DO SUL,10,5%,8,4%,182,91%,200
SUL,41,PR,410330,BORRAZOPOLIS,11,5.47%,8,3.98%,182,90.55%,201
SUL,41,PR,410335,BRAGANEY,2,0.81%,16,6.48%,229,92.71%,247
SUL,41,PR,410337,BRASILANDIA DO SUL,2,0.88%,3,1.32%,222,97.8%,227
SUL,41,PR,410340,CAFEARA,0,-,2,1.23%,161,98.77%,163
SUL,41,PR,410345,CAFELANDIA,51,5.08%,69,6.88%,883,88.04%,1.003
SUL,41,PR,410347,CAFEZAL DO SUL,5,1.83%,8,2.93%,260,95.24%,273
SUL,41,PR,410350,CALIFORNIA,12,4.01%,9,3.01%,278,92.98%,299
SUL,41,PR,410360,CAMBARA,25,5.27%,42,8.86%,407,85.86%,474
SUL,41,PR,410370,CAMBE,79,1.94%,199,4.89%,3.79,93.17%,4.068
SUL,41,PR,410380,CAMBIRA,12,2.12%,31,5.48%,523,92.4%,566
SUL,41,PR,410390,CAMPINA DA LAGOA,43,4.24%,57,5.62%,914,90.14%,1.014
SUL,41,PR,410395,CAMPINA DO SIMAO,3,1.5%,3,1.5%,194,97%,200
SUL,41,PR,410400,CAMPINA GRANDE DO SUL,54,2.49%,112,5.16%,2.006,92.36%,2.172
SUL,41,PR,410405,CAMPO BONITO,11,8.09%,19,13.97%,106,77.94%,136
SUL,41,PR,410410,CAMPO DO TENENTE,9,1.49%,21,3.48%,573,95.02%,603
SUL,41,PR,410420,CAMPO LARGO,104,2.28%,229,5.03%,4.219,92.68%,4.552
SUL,41,PR,410425,CAMPO MAGRO,72,4.73%,115,7.56%,1.334,87.71%,1.521
SUL,41,PR,410430,CAMPO MOURAO,102,3.28%,155,4.98%,2.856,91.74%,3.113
SUL,41,PR,410440,CANDIDO DE ABREU,29,3.42%,27,3.18%,793,93.4%,849
SUL,41,PR,410442,CANDOI,38,4.06%,47,5.02%,851,90.92%,936
SUL,41,PR,410445,CANTAGALO,36,8.76%,49,11.92%,326,79.32%,411
SUL,41,PR,410450,CAPANEMA,18,2.02%,25,2.8%,849,95.18%,892
SUL,41,PR,410460,CAPITAO LEONIDAS MARQUES,17,2.61%,31,4.76%,603,92.63%,651
SUL,41,PR,410465,CARAMBEI,32,2.64%,85,7.02%,1.094,90.34%,1.211
SUL,41,PR,410470,CARLOPOLIS,16,2.13%,39,5.2%,695,92.67%,750
SUL,41,PR,410480,CASCAVEL,248,1.85%,567,4.22%,12.618,93.93%,13.433
SUL,41,PR,410490,CASTRO,108,2.96%,235,6.43%,3.311,90.61%,3.654
SUL,41,PR,410500,CATANDUVAS,52,9.65%,40,7.42%,447,82.93%,539
SUL,41,PR,410510,CENTENARIO DO SUL,9,2.22%,21,5.17%,376,92.61%,406
SUL,41,PR,410520,CERRO AZUL,17,1.85%,56,6.11%,844,92.04%,917
SUL,41,PR,410530,CEU AZUL,10,3.01%,10,3.01%,312,93.98%,332
SUL,41,PR,410540,CHOPINZINHO,28,2.08%,86,6.4%,1.23,91.52%,1.344
SUL,41,PR,410550,CIANORTE,55,1.69%,122,3.75%,3.077,94.56%,3.254
SUL,41,PR,410560,CIDADE GAUCHA,18,5.25%,17,4.96%,308,89.8%,343
SUL,41,PR,410570,CLEVELANDIA,29,3.14%,54,5.84%,841,91.02%,924
SUL,41,PR,410580,COLOMBO,342,3.82%,548,6.12%,8.062,90.06%,8.952
SUL,41,PR,410590,COLORADO,40,4.42%,67,7.4%,799,88.19%,906
SUL,41,PR,410600,CONGONHINHAS,5,1.97%,5,1.97%,244,96.06%,254
SUL,41,PR,410610,CONSELHEIRO MAIRINCK,2,1.01%,2,1.01%,195,97.99%,199
SUL,41,PR,410620,CONTENDA,14,1.68%,44,5.29%,773,93.02%,831
SUL,41,PR,410630,CORBELIA,60,5.61%,59,5.51%,951,88.88%,1.07
SUL,41,PR,410640,CORNELIO PROCOPIO,38,3.53%,55,5.12%,982,91.35%,1.075
SUL,41,PR,410645,CORONEL DOMINGOS SOARES,12,2.59%,34,7.33%,418,90.09%,464
SUL,41,PR,410650,CORONEL VIVIDA,37,3.72%,56,5.63%,901,90.64%,994
SUL,41,PR,410655,CORUMBATAI DO SUL,6,4.08%,3,2.04%,138,93.88%,147
SUL,41,PR,410657,CRUZEIRO DO IGUACU,4,2.27%,8,4.55%,164,93.18%,176
SUL,41,PR,410660,CRUZEIRO DO OESTE,35,3.89%,59,6.56%,805,89.54%,899
SUL,41,PR,410670,CRUZEIRO DO SUL,6,3.45%,3,1.72%,165,94.83%,174
SUL,41,PR,410680,CRUZ MACHADO,11,1.25%,31,3.51%,840,95.24%,882
SUL,41,PR,410685,CRUZMALTINA,6,3.66%,5,3.05%,153,93.29%,164
SUL,41,PR,410690,CURITIBA,1.691,11.51%,1.003,6.83%,12.001,81.67%,14.695
SUL,41,PR,410700,CURIUVA,19,3.5%,35,6.45%,489,90.06%,543
SUL,41,PR,410710,DIAMANTE DO NORTE,5,3.91%,11,8.59%,112,87.5%,128
SUL,41,PR,410712,DIAMANTE DO SUL,6,3.05%,5,2.54%,186,94.42%,197
SUL,41,PR,410715,DIAMANTE D'OESTE,9,5.42%,11,6.63%,146,87.95%,166
SUL,41,PR,410720,DOIS VIZINHOS,112,5.64%,89,4.48%,1.786,89.88%,1.987
SUL,41,PR,410725,DOURADINA,12,2.65%,13,2.87%,428,94.48%,453
SUL,41,PR,410730,DOUTOR CAMARGO,4,1.69%,6,2.54%,226,95.76%,236
SUL,41,PR,410740,ENEAS MARQUES,4,1.96%,6,2.94%,194,95.1%,204
SUL,41,PR,410750,ENGENHEIRO BELTRAO,9,3.63%,12,4.84%,227,91.53%,248
SUL,41,PR,410752,ESPERANCA NOVA,3,3.09%,0,-,94,96.91%,97
SUL,41,PR,410753,ENTRE RIOS DO OESTE,25,8.71%,28,9.76%,234,81.53%,287
SUL,41,PR,410754,ESPIGAO ALTO DO IGUACU,19,5.92%,26,8.1%,276,85.98%,321
SUL,41,PR,410755,FAROL,3,2.36%,10,7.87%,114,89.76%,127
SUL,41,PR,410760,FAXINAL,24,3.19%,42,5.58%,687,91.24%,753
SUL,41,PR,410765,FAZENDA RIO GRANDE,274,8.9%,267,8.67%,2.538,82.43%,3.079
SUL,41,PR,410770,FENIX,4,2.44%,11,6.71%,149,90.85%,164
SUL,41,PR,410773,FERNANDES PINHEIRO,16,4.04%,18,4.55%,362,91.41%,396
SUL,41,PR,410775,FIGUEIRA,15,4.08%,21,5.71%,332,90.22%,368
SUL,41,PR,410780,FLORAI,2,1%,11,5.5%,187,93.5%,200
SUL,41,PR,410785,FLOR DA SERRA DO SUL,3,1.06%,11,3.9%,268,95.04%,282
SUL,41,PR,410790,FLORESTA,0,-,0,-,76,100%,76
SUL,41,PR,410800,FLORESTOPOLIS,7,1.11%,19,3.02%,604,95.87%,630
SUL,41,PR,410810,FLORIDA,0,-,4,5.06%,75,94.94%,79
SUL,41,PR,410820,FORMOSA DO OESTE,26,25.24%,11,10.68%,66,64.08%,103
SUL,41,PR,410830,FOZ DO IGUACU,236,2.64%,426,4.76%,8.293,92.61%,8.955
SUL,41,PR,410832,FRANCISCO ALVES,9,1.5%,21,3.49%,571,95.01%,601
SUL,41,PR,410840,FRANCISCO BELTRAO,131,3.19%,269,6.55%,3.704,90.25%,4.104
SUL,41,PR,410845,FOZ DO JORDAO,22,6.04%,30,8.24%,312,85.71%,364
SUL,41,PR,410850,GENERAL CARNEIRO,12,1.69%,29,4.07%,671,94.24%,712
SUL,41,PR,410855,GODOY MOREIRA,4,3.1%,5,3.88%,120,93.02%,129
SUL,41,PR,410860,GOIOERE,22,1.71%,61,4.75%,1.2,93.53%,1.283
SUL,41,PR,410865,GOIOXIM,17,3.8%,26,5.82%,404,90.38%,447
SUL,41,PR,410870,GRANDES RIOS,6,2.11%,12,4.21%,267,93.68%,285
SUL,41,PR,410880,GUAIRA,49,3.23%,93,6.13%,1.374,90.63%,1.516
SUL,41,PR,410890,GUAIRACA,18,4.47%,17,4.22%,368,91.32%,403
SUL,41,PR,410895,GUAMIRANGA,9,2.22%,18,4.43%,379,93.35%,406
SUL,41,PR,410900,GUAPIRAMA,6,2.18%,9,3.27%,260,94.55%,275
SUL,41,PR,410910,GUAPOREMA,2,1.9%,6,5.71%,97,92.38%,105
SUL,41,PR,410920,GUARACI,1,0.61%,6,3.68%,156,95.71%,163
SUL,41,PR,410930,GUARANIACU,25,3.73%,52,7.76%,593,88.51%,670
SUL,41,PR,410940,GUARAPUAVA,216,2.78%,404,5.2%,7.142,92.01%,7.762
SUL,41,PR,410950,GUARAQUECABA,13,2.95%,27,6.12%,401,90.93%,441
SUL,41,PR,410960,GUARATUBA,53,2.95%,112,6.24%,1.631,90.81%,1.796
SUL,41,PR,410965,HONORIO SERPA,9,3.36%,12,4.48%,247,92.16%,268
SUL,41,PR,410970,IBAITI,22,1.53%,61,4.24%,1.355,94.23%,1.438
SUL,41,PR,410975,IBEMA,23,7.14%,24,7.45%,275,85.4%,322
SUL,41,PR,410980,IBIPORA,80,3.62%,116,5.25%,2.013,91.13%,2.209
SUL,41,PR,410990,ICARAIMA,11,2.64%,20,4.8%,386,92.57%,417
SUL,41,PR,411000,IGUARACU,4,2.15%,5,2.69%,177,95.16%,186
SUL,41,PR,411005,IGUATU,8,7.77%,8,7.77%,87,84.47%,103
SUL,41,PR,411007,IMBAU,21,4.44%,22,4.65%,430,90.91%,473
SUL,41,PR,411010,IMBITUVA,54,2.99%,90,4.98%,1.662,92.03%,1.806
SUL,41,PR,411020,INACIO MARTINS,12,1.72%,31,4.45%,653,93.82%,696
SUL,41,PR,411030,INAJA,1,0.93%,4,3.74%,102,95.33%,107
SUL,41,PR,411040,INDIANOPOLIS,5,2.17%,6,2.61%,219,95.22%,230
SUL,41,PR,411050,IPIRANGA,6,1.72%,12,3.45%,330,94.83%,348
SUL,41,PR,411060,IPORA,16,2.6%,25,4.07%,574,93.33%,615
SUL,41,PR,411065,IRACEMA DO OESTE,1,0.89%,2,1.79%,109,97.32%,112
SUL,41,PR,411070,IRATI,34,1.44%,104,4.42%,2.217,94.14%,2.355
SUL,41,PR,411080,IRETAMA,10,1.95%,17,3.31%,487,94.75%,514
SUL,41,PR,411090,ITAGUAJE,11,4.51%,20,8.2%,213,87.3%,244
SUL,41,PR,411095,ITAIPULANDIA,13,1.64%,37,4.65%,745,93.71%,795
SUL,41,PR,411100,ITAMBARACA,5,2.35%,7,3.29%,201,94.37%,213
SUL,41,PR,411110,ITAMBE,7,3.02%,5,2.16%,220,94.83%,232
SUL,41,PR,411120,ITAPEJARA D'OESTE,22,3.01%,51,6.97%,659,90.03%,732
SUL,41,PR,411125,ITAPERUCU,56,3.19%,95,5.4%,1.607,91.41%,1.758
SUL,41,PR,411130,ITAUNA DO SUL,6,3.61%,6,3.61%,154,92.77%,166
SUL,41,PR,411140,IVAI,14,1.57%,21,2.35%,857,96.08%,892
SUL,41,PR,411150,IVAIPORA,35,3.47%,46,4.56%,928,91.97%,1.009
SUL,41,PR,411155,IVATE,6,2.4%,10,4%,234,93.6%,250
SUL,41,PR,411160,IVATUBA,1,1.06%,9,9.57%,84,89.36%,94
SUL,41,PR,411170,JABOTI,8,3.59%,10,4.48%,205,91.93%,223
SUL,41,PR,411180,JACAREZINHO,67,2.97%,109,4.83%,2.081,92.2%,2.257
SUL,41,PR,411190,JAGUAPITA,38,12.42%,40,13.07%,228,74.51%,306
SUL,41,PR,411200,JAGUARIAIVA,109,5.84%,172,9.22%,1.584,84.93%,1.865
SUL,41,PR,411210,JANDAIA DO SUL,24,2.96%,39,4.81%,748,92.23%,811
SUL,41,PR,411220,JANIOPOLIS,6,2.12%,16,5.65%,261,92.23%,283
SUL,41,PR,411230,JAPIRA,8,2.39%,19,5.67%,308,91.94%,335
SUL,41,PR,411240,JAPURA,5,1.64%,9,2.95%,291,95.41%,305
SUL,41,PR,411250,JARDIM ALEGRE,13,3.3%,25,6.35%,356,90.36%,394
SUL,41,PR,411260,JARDIM OLINDA,1,1.28%,4,5.13%,73,93.59%,78
SUL,41,PR,411270,JATAIZINHO,20,3.64%,55,10%,475,86.36%,550
SUL,41,PR,411275,JESUITAS,21,5.01%,13,3.1%,385,91.89%,419
SUL,41,PR,411280,JOAQUIM TAVORA,7,1.06%,24,3.64%,629,95.3%,660
SUL,41,PR,411290,JUNDIAI DO SUL,2,1.14%,12,6.82%,162,92.05%,176
SUL,41,PR,411295,JURANDA,23,5.1%,39,8.65%,389,86.25%,451
SUL,41,PR,411300,JUSSARA,8,2.56%,12,3.83%,293,93.61%,313
SUL,41,PR,411310,KALORE,2,0.9%,7,3.14%,214,95.96%,223
SUL,41,PR,411320,LAPA,34,2.02%,71,4.22%,1.576,93.75%,1.681
SUL,41,PR,411325,LARANJAL,20,5.18%,21,5.44%,345,89.38%,386
SUL,41,PR,411330,LARANJEIRAS DO SUL,42,1.92%,118,5.38%,2.032,92.7%,2.192
SUL,41,PR,411340,LEOPOLIS,4,2.2%,7,3.85%,171,93.96%,182
SUL,41,PR,411342,LIDIANOPOLIS,5,2.48%,6,2.97%,191,94.55%,202
SUL,41,PR,411345,LINDOESTE,9,2.97%,21,6.93%,273,90.1%,303
SUL,41,PR,411350,LOANDA,13,1.27%,45,4.39%,966,94.34%,1.024
SUL,41,PR,411360,LOBATO,3,1.59%,15,7.94%,171,90.48%,189
SUL,41,PR,411370,LONDRINA,557,3.43%,812,5%,14.863,91.57%,16.232
SUL,41,PR,411373,LUIZIANA,14,3.4%,23,5.58%,375,91.02%,412
SUL,41,PR,411375,LUNARDELLI,1,0.43%,13,5.63%,217,93.94%,231
SUL,41,PR,411380,LUPIONOPOLIS,3,1.21%,11,4.45%,233,94.33%,247
SUL,41,PR,411390,MALLET,9,1.45%,28,4.5%,585,94.05%,622
SUL,41,PR,411400,MAMBORE,9,1.63%,24,4.35%,519,94.02%,552
SUL,41,PR,411410,MANDAGUACU,73,6.84%,70,6.56%,924,86.6%,1.067
SUL,41,PR,411420,MANDAGUARI,27,2.57%,48,4.57%,976,92.86%,1.051
SUL,41,PR,411430,MANDIRITUBA,45,8.98%,36,7.19%,420,83.83%,501
SUL,41,PR,411435,MANFRINOPOLIS,3,2.61%,1,0.87%,111,96.52%,115
SUL,41,PR,411440,MANGUEIRINHA,32,3.19%,80,7.98%,890,88.82%,1.002
SUL,41,PR,411450,MANOEL RIBAS,19,2.81%,50,7.39%,608,89.81%,677
SUL,41,PR,411460,MARECHAL CANDIDO RONDON,34,1.6%,117,5.52%,1.97,92.88%,2.121
SUL,41,PR,411470,MARIA HELENA,2,1.04%,4,2.08%,186,96.88%,192
SUL,41,PR,411480,MARIALVA,44,2.64%,81,4.87%,1.539,92.49%,1.664
SUL,41,PR,411490,MARILANDIA DO SUL,6,2.17%,22,7.97%,248,89.86%,276
SUL,41,PR,411500,MARILENA,5,1.28%,10,2.56%,375,96.15%,390
SUL,41,PR,411510,MARILUZ,15,2.82%,24,4.52%,492,92.66%,531
SUL,41,PR,411520,MARINGA,266,2.42%,510,4.64%,10.216,92.94%,10.992
SUL,41,PR,411530,MARIOPOLIS,3,1.52%,15,7.58%,180,90.91%,198
SUL,41,PR,411535,MARIPA,1,0.52%,8,4.19%,182,95.29%,191
SUL,41,PR,411540,MARMELEIRO,57,6.9%,66,7.99%,703,85.11%,826
SUL,41,PR,411545,MARQUINHO,17,5.43%,16,5.11%,280,89.46%,313
SUL,41,PR,411550,MARUMBI,18,7.06%,21,8.24%,216,84.71%,255
SUL,41,PR,411560,MATELANDIA,11,1.04%,29,2.74%,1.017,96.22%,1.057
SUL,41,PR,411570,MATINHOS,47,3.72%,65,5.15%,1.15,91.13%,1.262
SUL,41,PR,411573,MATO RICO,11,4.6%,15,6.28%,213,89.12%,239
SUL,41,PR,411575,MAUA DA SERRA,58,9.81%,47,7.95%,486,82.23%,591
SUL,41,PR,411580,MEDIANEIRA,51,1.65%,115,3.72%,2.929,94.64%,3.095
SUL,41,PR,411585,MERCEDES,28,8.54%,22,6.71%,278,84.76%,328
SUL,41,PR,411590,MIRADOR,7,4.64%,3,1.99%,141,93.38%,151
SUL,41,PR,411600,MIRASELVA,27,40.91%,3,4.55%,36,54.55%,66
SUL,41,PR,411605,MISSAL,10,1.56%,10,1.56%,622,96.88%,642
SUL,41,PR,411610,MOREIRA SALES,9,1.78%,17,3.37%,479,94.85%,505
SUL,41,PR,411620,MORRETES,20,2.48%,38,4.72%,747,92.8%,805
SUL,41,PR,411630,MUNHOZ DE MELO,2,1.1%,6,3.3%,174,95.6%,182
SUL,41,PR,411640,NOSSA SENHORA DAS GRACAS,3,1.6%,9,4.79%,176,93.62%,188
SUL,41,PR,411650,NOVA ALIANCA DO IVAI,9,9.28%,6,6.19%,82,84.54%,97
SUL,41,PR,411660,NOVA AMERICA DA COLINA,14,8.59%,17,10.43%,132,80.98%,163
SUL,41,PR,411670,NOVA AURORA,10,1.82%,21,3.83%,517,94.34%,548
SUL,41,PR,411680,NOVA CANTU,6,1.61%,8,2.15%,358,96.24%,372
SUL,41,PR,411690,NOVA ESPERANCA,37,3.71%,73,7.33%,886,88.96%,996
SUL,41,PR,411695,NOVA ESPERANCA DO SUDOESTE,47,13.02%,24,6.65%,290,80.33%,361
SUL,41,PR,411700,NOVA FATIMA,3,1.16%,4,1.55%,251,97.29%,258
SUL,41,PR,411705,NOVA LARANJEIRAS,93,10.56%,112,12.71%,676,76.73%,881
SUL,41,PR,411710,NOVA LONDRINA,15,2.91%,19,3.68%,482,93.41%,516
SUL,41,PR,411720,NOVA OLIMPIA,4,1.57%,4,1.57%,246,96.85%,254
SUL,41,PR,411721,NOVA SANTA BARBARA,3,1.07%,10,3.57%,267,95.36%,280
SUL,41,PR,411722,NOVA SANTA ROSA,11,3.15%,15,4.3%,323,92.55%,349
SUL,41,PR,411725,NOVA PRATA DO IGUACU,9,2.01%,18,4.03%,420,93.96%,447
SUL,41,PR,411727,NOVA TEBAS,39,8.65%,33,7.32%,379,84.04%,451
SUL,41,PR,411729,NOVO ITACOLOMI,5,3.18%,7,4.46%,145,92.36%,157
SUL,41,PR,411730,ORTIGUEIRA,33,2.69%,64,5.22%,1.13,92.09%,1.227
SUL,41,PR,411740,OURIZONA,2,2.53%,4,5.06%,73,92.41%,79
SUL,41,PR,411745,OURO VERDE DO OESTE,6,1.92%,19,6.09%,287,91.99%,312
SUL,41,PR,411750,PAICANDU,52,2.65%,97,4.94%,1.813,92.41%,1.962
SUL,41,PR,411760,PALMAS,93,5.86%,100,6.31%,1.393,87.83%,1.586
SUL,41,PR,411770,PALMEIRA,19,2.26%,37,4.41%,783,93.33%,839
SUL,41,PR,411780,PALMITAL,25,3.45%,43,5.93%,657,90.62%,725
SUL,41,PR,411790,PALOTINA,46,2.53%,87,4.79%,1.682,92.67%,1.815
SUL,41,PR,411800,PARAISO DO NORTE,36,4.51%,61,7.64%,701,87.84%,798
SUL,41,PR,411810,PARANACITY,5,1.05%,16,3.38%,453,95.57%,474
SUL,41,PR,411820,PARANAGUA,87,1.84%,218,4.62%,4.416,93.54%,4.721
SUL,41,PR,411830,PARANAPOEMA,5,3.76%,12,9.02%,116,87.22%,133
SUL,41,PR,411840,PARANAVAI,72,2.03%,181,5.1%,3.293,92.87%,3.546
SUL,41,PR,411845,PATO BRAGADO,3,0.8%,10,2.67%,361,96.52%,374
SUL,41,PR,411850,PATO BRANCO,53,1.59%,134,4.03%,3.142,94.38%,3.329
SUL,41,PR,411860,PAULA FREITAS,3,0.99%,6,1.99%,293,97.02%,302
SUL,41,PR,411870,PAULO FRONTIN,16,4.4%,27,7.42%,321,88.19%,364
SUL,41,PR,411880,PEABIRU,9,1.94%,28,6.05%,426,92.01%,463
SUL,41,PR,411885,PEROBAL,4,0.85%,21,4.49%,443,94.66%,468
SUL,41,PR,411890,PEROLA,6,1.27%,15,3.16%,453,95.57%,474
SUL,41,PR,411900,PEROLA D'OESTE,5,1.81%,15,5.42%,257,92.78%,277
SUL,41,PR,411910,PIEN,14,1.42%,33,3.35%,938,95.23%,985
SUL,41,PR,411915,PINHAIS,111,1.76%,320,5.07%,5.886,93.18%,6.317
SUL,41,PR,411920,PINHALAO,3,0.78%,17,4.4%,366,94.82%,386
SUL,41,PR,411925,PINHAL DE SAO BENTO,2,1.25%,5,3.13%,153,95.63%,160
SUL,41,PR,411930,PINHAO,73,5.23%,84,6.02%,1.238,88.75%,1.395
SUL,41,PR,411940,PIRAI DO SUL,22,2.01%,50,4.57%,1.023,93.42%,1.095
SUL,41,PR,411950,PIRAQUARA,100,2%,263,5.25%,4.644,92.75%,5.007
SUL,41,PR,411960,PITANGA,30,1.84%,67,4.1%,1.536,94.06%,1.633
SUL,41,PR,411965,PITANGUEIRAS,5,7.25%,7,10.14%,57,82.61%,69
SUL,41,PR,411970,PLANALTINA DO PARANA,12,4.9%,15,6.12%,218,88.98%,245
SUL,41,PR,411980,PLANALTO,13,1.93%,20,2.97%,641,95.1%,674
SUL,41,PR,411990,PONTA GROSSA,665,4.54%,860,5.88%,13.11,89.58%,14.635
SUL,41,PR,411995,PONTAL DO PARANA,50,6.36%,47,5.98%,689,87.66%,786
SUL,41,PR,412000,PORECATU,10,2.26%,8,1.81%,425,95.94%,443
SUL,41,PR,412010,PORTO AMAZONAS,3,1.49%,12,5.97%,186,92.54%,201
SUL,41,PR,412015,PORTO BARREIRO,1,0.56%,8,4.47%,170,94.97%,179
SUL,41,PR,412020,PORTO RICO,6,2.88%,8,3.85%,194,93.27%,208
SUL,41,PR,412030,PORTO VITORIA,12,4.86%,19,7.69%,216,87.45%,247
SUL,41,PR,412033,PRADO FERREIRA,3,2.68%,2,1.79%,107,95.54%,112
SUL,41,PR,412035,PRANCHITA,13,4.44%,21,7.17%,259,88.4%,293
SUL,41,PR,412040,PRESIDENTE CASTELO BRANCO,3,2.54%,8,6.78%,107,90.68%,118
SUL,41,PR,412050,PRIMEIRO DE MAIO,20,10.64%,14,7.45%,154,81.91%,188
SUL,41,PR,412060,PRUDENTOPOLIS,27,1.2%,73,3.24%,2.156,95.57%,2.256
SUL,41,PR,412065,QUARTO CENTENARIO,8,3.79%,9,4.27%,194,91.94%,211
SUL,41,PR,412070,QUATIGUA,8,2.23%,21,5.85%,330,91.92%,359
SUL,41,PR,412080,QUATRO BARRAS,17,1.6%,41,3.87%,1.002,94.53%,1.06
SUL,41,PR,412085,QUATRO PONTES,4,1.53%,5,1.91%,253,96.56%,262
SUL,41,PR,412090,QUEDAS DO IGUACU,26,1.52%,52,3.04%,1.635,95.45%,1.713
SUL,41,PR,412100,QUERENCIA DO NORTE,34,7.59%,46,10.27%,368,82.14%,448
SUL,41,PR,412110,QUINTA DO SOL,1,0.42%,16,6.75%,220,92.83%,237
SUL,41,PR,412120,QUITANDINHA,10,1%,30,3.01%,958,95.99%,998
SUL,41,PR,412125,RAMILANDIA,2,1.27%,8,5.1%,147,93.63%,157
SUL,41,PR,412130,RANCHO ALEGRE,1,0.72%,1,0.72%,137,98.56%,139
SUL,41,PR,412135,RANCHO ALEGRE D'OESTE,2,1.46%,7,5.11%,128,93.43%,137
SUL,41,PR,412140,REALEZA,15,1.57%,40,4.18%,902,94.25%,957
SUL,41,PR,412150,REBOUCAS,10,1.14%,29,3.31%,838,95.55%,877
SUL,41,PR,412160,RENASCENCA,41,11.29%,30,8.26%,292,80.44%,363
SUL,41,PR,412170,RESERVA,32,2.72%,44,3.74%,1.1,93.54%,1.176
SUL,41,PR,412175,RESERVA DO IGUACU,15,4.24%,38,10.73%,301,85.03%,354
SUL,41,PR,412180,RIBEIRAO CLARO,14,2.77%,17,3.36%,475,93.87%,506
SUL,41,PR,412190,RIBEIRAO DO PINHAL,6,1.08%,26,4.7%,521,94.21%,553
SUL,41,PR,412200,RIO AZUL,16,1.99%,33,4.09%,757,93.92%,806
SUL,41,PR,412210,RIO BOM,4,2.41%,7,4.22%,155,93.37%,166
SUL,41,PR,412215,RIO BONITO DO IGUACU,114,12.3%,56,6.04%,757,81.66%,927
SUL,41,PR,412217,RIO BRANCO DO IVAI,1,0.48%,8,3.86%,198,95.65%,207
SUL,41,PR,412220,RIO BRANCO DO SUL,52,2.79%,115,6.17%,1.698,91.05%,1.865
SUL,41,PR,412230,RIO NEGRO,38,2.62%,78,5.38%,1.334,92%,1.45
SUL,41,PR,412240,ROLANDIA,134,4.2%,171,5.36%,2.883,90.43%,3.188
SUL,41,PR,412250,RONCADOR,32,5.73%,51,9.14%,475,85.13%,558
SUL,41,PR,412260,RONDON,6,1.43%,21,5%,393,93.57%,420
SUL,41,PR,412265,ROSARIO DO IVAI,2,0.71%,10,3.57%,268,95.71%,280
SUL,41,PR,412270,SABAUDIA,17,3.48%,25,5.11%,447,91.41%,489
SUL,41,PR,412280,SALGADO FILHO,2,3.39%,5,8.47%,52,88.14%,59
SUL,41,PR,412290,SALTO DO ITARARE,14,8.24%,18,10.59%,138,81.18%,170
SUL,41,PR,412300,SALTO DO LONTRA,30,4.35%,39,5.65%,621,90%,690
SUL,41,PR,412310,SANTA AMELIA,4,3.57%,8,7.14%,100,89.29%,112
SUL,41,PR,412320,SANTA CECILIA DO PAVAO,2,1.83%,3,2.75%,104,95.41%,109
SUL,41,PR,412330,SANTA CRUZ DE MONTE CASTELO,13,3.44%,12,3.17%,353,93.39%,378
SUL,41,PR,412340,SANTA FE,8,1.72%,14,3.02%,442,95.26%,464
SUL,41,PR,412350,SANTA HELENA,58,3.87%,79,5.27%,1.361,90.85%,1.498
SUL,41,PR,412360,SANTA INES,2,4.08%,3,6.12%,44,89.8%,49
SUL,41,PR,412370,SANTA ISABEL DO IVAI,12,2.93%,20,4.89%,377,92.18%,409
SUL,41,PR,412380,SANTA IZABEL DO OESTE,20,3.1%,25,3.87%,601,93.03%,646
SUL,41,PR,412382,SANTA LUCIA,4,1.82%,11,5%,205,93.18%,220
SUL,41,PR,412385,SANTA MARIA DO OESTE,21,3.13%,27,4.03%,622,92.84%,670
SUL,41,PR,412390,SANTA MARIANA,12,4.05%,16,5.41%,268,90.54%,296
SUL,41,PR,412395,SANTA MONICA,3,1.62%,10,5.41%,172,92.97%,185
SUL,41,PR,412400,SANTANA DO ITARARE,2,0.73%,13,4.74%,259,94.53%,274
SUL,41,PR,412402,SANTA TEREZA DO OESTE,13,1.53%,30,3.53%,806,94.94%,849
SUL,41,PR,412405,SANTA TEREZINHA DE ITAIPU,57,4.21%,76,5.61%,1.222,90.18%,1.355
SUL,41,PR,412410,SANTO ANTONIO DA PLATINA,69,3.69%,76,4.06%,1.726,92.25%,1.871
SUL,41,PR,412420,SANTO ANTONIO DO CAIUA,6,5.83%,2,1.94%,95,92.23%,103
SUL,41,PR,412430,SANTO ANTONIO DO PARAISO,4,3.54%,6,5.31%,103,91.15%,113
SUL,41,PR,412440,SANTO ANTONIO DO SUDOESTE,64,9.14%,77,11%,559,79.86%,700
SUL,41,PR,412450,SANTO INACIO,5,1.29%,7,1.81%,375,96.9%,387
SUL,41,PR,412460,SAO CARLOS DO IVAI,15,5.75%,9,3.45%,237,90.8%,261
SUL,41,PR,412470,SAO JERONIMO DA SERRA,24,4.53%,43,8.11%,463,87.36%,530
SUL,41,PR,412480,SAO JOAO,15,2.21%,30,4.41%,635,93.38%,680
SUL,41,PR,412490,SAO JOAO DO CAIUA,6,1.9%,8,2.54%,301,95.56%,315
SUL,41,PR,412500,SAO JOAO DO IVAI,20,4.74%,41,9.72%,361,85.55%,422
SUL,41,PR,412510,SAO JOAO DO TRIUNFO,6,0.9%,12,1.8%,647,97.29%,665
SUL,41,PR,412520,SAO JORGE D'OESTE,28,5.75%,32,6.57%,427,87.68%,487
SUL,41,PR,412530,SAO JORGE DO IVAI,16,12.6%,4,3.15%,107,84.25%,127
SUL,41,PR,412535,SAO JORGE DO PATROCINIO,3,0.97%,5,1.61%,302,97.42%,310
SUL,41,PR,412540,SAO JOSE DA BOA VISTA,3,1.24%,12,4.98%,226,93.78%,241
SUL,41,PR,412545,SAO JOSE DAS PALMEIRAS,2,1.92%,0,-,102,98.08%,104
SUL,41,PR,412550,SAO JOSE DOS PINHAIS,524,4.22%,694,5.59%,11.204,90.19%,12.422
SUL,41,PR,412555,SAO MANOEL DO PARANA,2,2.13%,3,3.19%,89,94.68%,94
SUL,41,PR,412560,SAO MATEUS DO SUL,42,1.79%,125,5.33%,2.179,92.88%,2.346
SUL,41,PR,412570,SAO MIGUEL DO IGUACU,42,3.42%,63,5.13%,1.123,91.45%,1.228
SUL,41,PR,412575,SAO PEDRO DO IGUACU,4,1.59%,9,3.59%,238,94.82%,251
SUL,41,PR,412580,SAO PEDRO DO IVAI,13,2.94%,14,3.17%,415,93.89%,442
SUL,41,PR,412590,SAO PEDRO DO PARANA,2,1.57%,4,3.15%,121,95.28%,127
SUL,41,PR,412600,SAO SEBASTIAO DA AMOREIRA,8,2.07%,10,2.58%,369,95.35%,387
SUL,41,PR,412610,SAO TOME,2,1.82%,1,0.91%,107,97.27%,110
SUL,41,PR,412620,SAPOPEMA,5,1.07%,13,2.78%,449,96.15%,467
SUL,41,PR,412625,SARANDI,42,2.57%,97,5.93%,1.496,91.5%,1.635
SUL,41,PR,412627,SAUDADE DO IGUACU,2,0.62%,21,6.46%,302,92.92%,325
SUL,41,PR,412630,SENGES,24,2.11%,47,4.13%,1.066,93.76%,1.137
SUL,41,PR,412635,SERRANOPOLIS DO IGUACU,3,0.92%,10,3.06%,314,96.02%,327
SUL,41,PR,412640,SERTANEJA,9,3.38%,10,3.76%,247,92.86%,266
SUL,41,PR,412650,SERTANOPOLIS,21,4.76%,18,4.08%,402,91.16%,441
SUL,41,PR,412660,SIQUEIRA CAMPOS,30,3.12%,47,4.89%,885,92%,962
SUL,41,PR,412665,SULINA,9,4.64%,12,6.19%,173,89.18%,194
SUL,41,PR,412667,TAMARANA,19,3.11%,15,2.46%,576,94.43%,610
SUL,41,PR,412670,TAMBOARA,10,3.52%,9,3.17%,265,93.31%,284
SUL,41,PR,412680,TAPEJARA,14,3.18%,19,4.32%,407,92.5%,440
SUL,41,PR,412690,TAPIRA,6,2.38%,9,3.57%,237,94.05%,252
SUL,41,PR,412700,TEIXEIRA SOARES,13,2.71%,25,5.21%,442,92.08%,480
SUL,41,PR,412710,TELEMACO BORBA,82,3.11%,146,5.53%,2.411,91.36%,2.639
SUL,41,PR,412720,TERRA BOA,20,2.05%,38,3.89%,918,94.06%,976
SUL,41,PR,412730,TERRA RICA,23,3.37%,26,3.81%,634,92.83%,683
SUL,41,PR,412740,TERRA ROXA,22,2.28%,54,5.61%,887,92.11%,963
SUL,41,PR,412750,TIBAGI,24,2.16%,51,4.59%,1.036,93.25%,1.111
SUL,41,PR,412760,TIJUCAS DO SUL,20,1.88%,61,5.73%,984,92.39%,1.065
SUL,41,PR,412770,TOLEDO,102,1.58%,237,3.68%,6.098,94.73%,6.437
SUL,41,PR,412780,TOMAZINA,2,0.47%,15,3.49%,413,96.05%,430
SUL,41,PR,412785,TRES BARRAS DO PARANA,19,3.02%,43,6.84%,567,90.14%,629
SUL,41,PR,412788,TUNAS DO PARANA,16,4.82%,13,3.92%,303,91.27%,332
SUL,41,PR,412790,TUNEIRAS DO OESTE,7,2.52%,14,5.04%,257,92.45%,278
SUL,41,PR,412795,TUPASSI,8,3.85%,13,6.25%,187,89.9%,208
SUL,41,PR,412796,TURVO,53,6.69%,46,5.81%,693,87.5%,792
SUL,41,PR,412800,UBIRATA,46,4.16%,72,6.5%,989,89.34%,1.107
SUL,41,PR,412810,UMUARAMA,274,5.56%,240,4.87%,4.413,89.57%,4.927
SUL,41,PR,412820,UNIAO DA VITORIA,56,2.69%,109,5.24%,1.917,92.07%,2.082
SUL,41,PR,412830,UNIFLOR,2,1.83%,4,3.67%,103,94.5%,109
SUL,41,PR,412840,URAI,8,2.84%,18,6.38%,256,90.78%,282
SUL,41,PR,412850,WENCESLAU BRAZ,15,1.65%,47,5.17%,847,93.18%,909
SUL,41,PR,412853,VENTANIA,8,1.79%,13,2.91%,426,95.3%,447
SUL,41,PR,412855,VERA CRUZ DO OESTE,9,2.61%,8,2.32%,328,95.07%,345
SUL,41,PR,412860,VERE,21,5.51%,22,5.77%,338,88.71%,381
SUL,41,PR,412862,ALTO PARAISO,5,2.45%,17,8.33%,182,89.22%,204
SUL,41,PR,412863,DOUTOR ULYSSES,8,3.14%,10,3.92%,237,92.94%,255
SUL,41,PR,412865,VIRMOND,8,3.36%,16,6.72%,214,89.92%,238
SUL,41,PR,412870,VITORINO,50,7.97%,50,7.97%,527,84.05%,627
SUL,41,PR,412880,XAMBRE,11,3.08%,11,3.08%,335,93.84%,357
SUL,42,SC,420005,ABDON BATISTA,2,1.54%,5,3.85%,123,94.62%,130
SUL,42,SC,420010,ABELARDO LUZ,46,4.57%,66,6.55%,895,88.88%,1.007
SUL,42,SC,420020,AGROLANDIA,14,2.55%,36,6.55%,500,90.91%,550
SUL,42,SC,420030,AGRONOMICA,18,5.36%,17,5.06%,301,89.58%,336
SUL,42,SC,420040,AGUA DOCE,6,1.78%,13,3.85%,319,94.38%,338
SUL,42,SC,420050,AGUAS DE CHAPECO,3,0.95%,6,1.9%,307,97.15%,316
SUL,42,SC,420055,AGUAS FRIAS,0,-,13,7.26%,166,92.74%,179
SUL,42,SC,420060,AGUAS MORNAS,2,0.54%,13,3.5%,356,95.96%,371
SUL,42,SC,420070,ALFREDO WAGNER,9,3.13%,9,3.13%,270,93.75%,288
SUL,42,SC,420075,ALTO BELA VISTA,1,5.26%,2,10.53%,16,84.21%,19
SUL,42,SC,420080,ANCHIETA,4,2.11%,6,3.16%,180,94.74%,190
SUL,42,SC,420090,ANGELINA,4,4.49%,10,11.24%,75,84.27%,89
SUL,42,SC,420100,ANITA GARIBALDI,11,2.39%,23,5%,426,92.61%,460
SUL,42,SC,420110,ANITAPOLIS,3,1.37%,10,4.57%,206,94.06%,219
SUL,42,SC,420120,ANTONIO CARLOS,135,28.3%,38,7.97%,304,63.73%,477
SUL,42,SC,420125,APIUNA,23,5%,30,6.52%,407,88.48%,460
SUL,42,SC,420127,ARABUTA,0,-,1,2.78%,35,97.22%,36
SUL,42,SC,420130,ARAQUARI,100,3.86%,167,6.44%,2.326,89.7%,2.593
SUL,42,SC,420140,ARARANGUA,60,2.34%,103,4.02%,2.402,93.65%,2.565
SUL,42,SC,420150,ARMAZEM,36,8.45%,30,7.04%,360,84.51%,426
SUL,42,SC,420160,ARROIO TRINTA,7,4.27%,8,4.88%,149,90.85%,164
SUL,42,SC,420165,ARVOREDO,1,0.74%,4,2.96%,130,96.3%,135
SUL,42,SC,420170,ASCURRA,40,8.28%,55,11.39%,388,80.33%,483
SUL,42,SC,420180,ATALANTA,5,2.56%,7,3.59%,183,93.85%,195
SUL,42,SC,420190,AURORA,9,2.12%,22,5.19%,393,92.69%,424
SUL,42,SC,420195,BALNEARIO ARROIO DO SILVA,66,6.95%,85,8.95%,799,84.11%,950
SUL,42,SC,420200,BALNEARIO CAMBORIU,76,1.69%,176,3.91%,4.251,94.4%,4.503
SUL,42,SC,420205,BALNEARIO BARRA DO SUL,39,7.8%,31,6.2%,430,86%,500
SUL,42,SC,420207,BALNEARIO GAIVOTA,72,11.67%,43,6.97%,502,81.36%,617
SUL,42,SC,420208,BANDEIRANTE,3,1.56%,6,3.13%,183,95.31%,192
SUL,42,SC,420209,BARRA BONITA,3,6.82%,2,4.55%,39,88.64%,44
SUL,42,SC,420210,BARRA VELHA,71,2.97%,145,6.06%,2.175,90.97%,2.391
SUL,42,SC,420213,BELA VISTA DO TOLDO,10,3.36%,21,7.05%,267,89.6%,298
SUL,42,SC,420215,BELMONTE,4,2.56%,11,7.05%,141,90.38%,156
SUL,42,SC,420220,BENEDITO NOVO,10,2.02%,34,6.85%,452,91.13%,496
SUL,42,SC,420230,BIGUACU,85,2.36%,210,5.83%,3.305,91.81%,3.6
SUL,42,SC,420240,BLUMENAU,1.14,7.92%,995,6.91%,12.256,85.16%,14.391
SUL,42,SC,420243,BOCAINA DO SUL,12,7.74%,19,12.26%,124,80%,155
SUL,42,SC,420245,BOMBINHAS,80,5.55%,104,7.21%,1.258,87.24%,1.442
SUL,42,SC,420250,BOM JARDIM DA SERRA,8,3.9%,18,8.78%,179,87.32%,205
SUL,42,SC,420253,BOM JESUS,12,6.98%,18,10.47%,142,82.56%,172
SUL,42,SC,420257,BOM JESUS DO OESTE,3,2.86%,10,9.52%,92,87.62%,105
SUL,42,SC,420260,BOM RETIRO,15,3.02%,29,5.85%,452,91.13%,496
SUL,42,SC,420270,BOTUVERA,4,1.41%,17,5.99%,263,92.61%,284
SUL,42,SC,420280,BRACO DO NORTE,91,3.77%,129,5.34%,2.195,90.89%,2.415
SUL,42,SC,420285,BRACO DO TROMBUDO,0,-,8,3.69%,209,96.31%,217
SUL,42,SC,420287,BRUNOPOLIS,6,3.59%,10,5.99%,151,90.42%,167
SUL,42,SC,420290,BRUSQUE,82,2.9%,146,5.16%,2.6,91.94%,2.828
SUL,42,SC,420300,CACADOR,117,3.39%,185,5.37%,3.145,91.24%,3.447
SUL,42,SC,420310,CAIBI,16,4.4%,18,4.95%,330,90.66%,364
SUL,42,SC,420315,CALMON,3,1.11%,18,6.67%,249,92.22%,270
SUL,42,SC,420320,CAMBORIU,214,4.21%,315,6.19%,4.56,89.61%,5.089
SUL,42,SC,420325,CAPAO ALTO,5,3.94%,11,8.66%,111,87.4%,127
SUL,42,SC,420330,CAMPO ALEGRE,4,0.6%,13,1.95%,651,97.46%,668
SUL,42,SC,420340,CAMPO BELO DO SUL,13,3.94%,12,3.64%,305,92.42%,330
SUL,42,SC,420350,CAMPO ERE,5,0.86%,35,6%,543,93.14%,583
SUL,42,SC,420360,CAMPOS NOVOS,16,1.84%,43,4.95%,809,93.2%,868
SUL,42,SC,420370,CANELINHA,33,4.17%,54,6.82%,705,89.02%,792
SUL,42,SC,420380,CANOINHAS,54,2.68%,77,3.82%,1.883,93.5%,2.014
SUL,42,SC,420390,CAPINZAL,29,3.71%,47,6.01%,706,90.28%,782
SUL,42,SC,420395,CAPIVARI DE BAIXO,55,5.26%,65,6.21%,926,88.53%,1.046
SUL,42,SC,420400,CATANDUVAS,19,4.57%,19,4.57%,378,90.87%,416
SUL,42,SC,420410,CAXAMBU DO SUL,11,4.21%,7,2.68%,243,93.1%,261
SUL,42,SC,420415,CELSO RAMOS,7,3.74%,8,4.28%,172,91.98%,187
SUL,42,SC,420417,CERRO NEGRO,8,3.88%,17,8.25%,181,87.86%,206
SUL,42,SC,420419,CHAPADAO DO LAGEADO,5,3.01%,4,2.41%,157,94.58%,166
SUL,42,SC,420420,CHAPECO,232,2.27%,437,4.28%,9.532,93.44%,10.201
SUL,42,SC,420425,COCAL DO SUL,77,10.97%,64,9.12%,561,79.91%,702
SUL,42,SC,420430,CONCORDIA,80,2.71%,170,5.76%,2.701,91.53%,2.951
SUL,42,SC,420435,CORDILHEIRA ALTA,4,1.35%,16,5.39%,277,93.27%,297
SUL,42,SC,420440,CORONEL FREITAS,8,3.81%,12,5.71%,190,90.48%,210
SUL,42,SC,420445,CORONEL MARTINS,13,23.21%,6,10.71%,37,66.07%,56
SUL,42,SC,420450,CORUPA,11,1.65%,30,4.5%,625,93.84%,666
SUL,42,SC,420455,CORREIA PINTO,31,3.97%,48,6.15%,701,89.87%,780
SUL,42,SC,420460,CRICIUMA,541,6.56%,557,6.75%,7.149,86.69%,8.247
SUL,42,SC,420470,CUNHA PORA,27,4.6%,40,6.81%,520,88.59%,587
SUL,42,SC,420475,CUNHATAI,0,-,1,1.19%,83,98.81%,84
SUL,42,SC,420480,CURITIBANOS,105,5.4%,152,7.82%,1.686,86.77%,1.943
SUL,42,SC,420490,DESCANSO,12,2.82%,14,3.29%,399,93.88%,425
SUL,42,SC,420500,DIONISIO CERQUEIRA,14,1.93%,29,3.99%,683,94.08%,726
SUL,42,SC,420510,DONA EMMA,22,7.53%,20,6.85%,250,85.62%,292
SUL,42,SC,420515,DOUTOR PEDRINHO,3,1.61%,14,7.53%,169,90.86%,186
SUL,42,SC,420517,ENTRE RIOS,11,4.38%,23,9.16%,217,86.45%,251
SUL,42,SC,420519,ERMO,17,10.06%,10,5.92%,142,84.02%,169
SUL,42,SC,420520,ERVAL VELHO,17,6.42%,15,5.66%,233,87.92%,265
SUL,42,SC,420530,FAXINAL DOS GUEDES,34,4.81%,47,6.65%,626,88.54%,707
SUL,42,SC,420535,FLOR DO SERTAO,3,2.52%,3,2.52%,113,94.96%,119
SUL,42,SC,420540,FLORIANOPOLIS,352,3.26%,560,5.18%,9.895,91.56%,10.807
SUL,42,SC,420543,FORMOSA DO SUL,7,4.22%,7,4.22%,152,91.57%,166
SUL,42,SC,420545,FORQUILHINHA,234,10.15%,163,7.07%,1.909,82.78%,2.306
SUL,42,SC,420550,FRAIBURGO,62,3.29%,119,6.31%,1.704,90.4%,1.885
SUL,42,SC,420555,FREI ROGERIO,3,2.63%,8,7.02%,103,90.35%,114
SUL,42,SC,420560,GALVAO,4,3.01%,5,3.76%,124,93.23%,133
SUL,42,SC,420570,GAROPABA,31,2.36%,63,4.8%,1.218,92.84%,1.312
SUL,42,SC,420580,GARUVA,23,2.51%,40,4.37%,852,93.11%,915
SUL,42,SC,420590,GASPAR,63,2.11%,161,5.39%,2.762,92.5%,2.986
SUL,42,SC,420600,GOVERNADOR CELSO RAMOS,98,12.33%,68,8.55%,629,79.12%,795
SUL,42,SC,420610,GRAO-PARA,12,2.89%,16,3.86%,387,93.25%,415
SUL,42,SC,420620,GRAVATAL,11,2.41%,20,4.39%,425,93.2%,456
SUL,42,SC,420630,GUABIRUBA,14,2.05%,41,6%,628,91.95%,683
SUL,42,SC,420640,GUARACIABA,11,2.43%,13,2.88%,428,94.69%,452
SUL,42,SC,420650,GUARAMIRIM,54,2.19%,124,5.03%,2.286,92.78%,2.464
SUL,42,SC,420660,GUARUJA DO SUL,10,4.59%,6,2.75%,202,92.66%,218
SUL,42,SC,420665,GUATAMBU,16,2.86%,31,5.54%,513,91.61%,560
SUL,42,SC,420670,HERVAL D'OESTE,28,2.62%,61,5.7%,981,91.68%,1.07
SUL,42,SC,420675,IBIAM,8,7.41%,13,12.04%,87,80.56%,108
SUL,42,SC,420680,IBICARE,15,7.85%,10,5.24%,166,86.91%,191
SUL,42,SC,420690,IBIRAMA,24,2.91%,33,4%,769,93.1%,826
SUL,42,SC,420700,ICARA,327,11.09%,237,8.04%,2.384,80.87%,2.948
SUL,42,SC,420710,ILHOTA,55,7.68%,56,7.82%,605,84.5%,716
SUL,42,SC,420720,IMARUI,45,12%,41,10.93%,289,77.07%,375
SUL,42,SC,420730,IMBITUBA,48,4%,97,8.08%,1.056,87.93%,1.201
SUL,42,SC,420740,IMBUIA,9,2.82%,16,5.02%,294,92.16%,319
SUL,42,SC,420750,INDAIAL,78,2.14%,200,5.5%,3.361,92.36%,3.639
SUL,42,SC,420757,IOMERE,4,2.48%,14,8.7%,143,88.82%,161
SUL,42,SC,420760,IPIRA,2,1.54%,8,6.15%,120,92.31%,130
SUL,42,SC,420765,IPORA DO OESTE,0,-,10,3.23%,300,96.77%,310
SUL,42,SC,420768,IPUACU,35,9.8%,57,15.97%,265,74.23%,357
SUL,42,SC,420770,IPUMIRIM,0,-,18,6.55%,257,93.45%,275
SUL,42,SC,420775,IRACEMINHA,1,0.47%,8,3.79%,202,95.73%,211
SUL,42,SC,420780,IRANI,6,3.59%,12,7.19%,149,89.22%,167
SUL,42,SC,420785,IRATI,1,0.82%,2,1.64%,119,97.54%,122
SUL,42,SC,420790,IRINEOPOLIS,16,2.46%,31,4.77%,603,92.77%,650
SUL,42,SC,420800,ITA,10,2.37%,24,5.69%,388,91.94%,422
SUL,42,SC,420810,ITAIOPOLIS,24,2.07%,31,2.67%,1.107,95.27%,1.162
SUL,42,SC,420820,ITAJAI,100,2.67%,160,4.26%,3.492,93.07%,3.752
SUL,42,SC,420830,ITAPEMA,86,2.38%,206,5.71%,3.317,91.91%,3.609
SUL,42,SC,420840,ITAPIRANGA,114,13.21%,44,5.1%,705,81.69%,863
SUL,42,SC,420845,ITAPOA,42,3.14%,62,4.63%,1.234,92.23%,1.338
SUL,42,SC,420850,ITUPORANGA,24,2.72%,48,5.44%,810,91.84%,882
SUL,42,SC,420860,JABORA,25,8.77%,22,7.72%,238,83.51%,285
SUL,42,SC,420870,JACINTO MACHADO,8,1.83%,18,4.13%,410,94.04%,436
SUL,42,SC,420880,JAGUARUNA,133,12.43%,79,7.38%,858,80.19%,1.07
SUL,42,SC,420890,JARAGUA DO SUL,136,1.97%,291,4.22%,6.465,93.8%,6.892
SUL,42,SC,420895,JARDINOPOLIS,3,4.17%,2,2.78%,67,93.06%,72
SUL,42,SC,420900,JOACABA,86,8.41%,93,9.1%,843,82.49%,1.022
SUL,42,SC,420910,JOINVILLE,440,2.12%,1.047,5.04%,19.277,92.84%,20.764
SUL,42,SC,420915,JOSE BOITEUX,13,3.71%,19,5.43%,318,90.86%,350
SUL,42,SC,420917,JUPIA,27,23.28%,10,8.62%,79,68.1%,116
SUL,42,SC,420920,LACERDOPOLIS,1,0.89%,6,5.36%,105,93.75%,112
SUL,42,SC,420930,LAGES,138,5.48%,164,6.52%,2.214,88%,2.516
SUL,42,SC,420940,LAGUNA,39,3.88%,63,6.26%,904,89.86%,1.006
SUL,42,SC,420945,LAJEADO GRANDE,21,18.42%,9,7.89%,84,73.68%,114
SUL,42,SC,420950,LAURENTINO,5,1.74%,19,6.62%,263,91.64%,287
SUL,42,SC,420960,LAURO MULLER,74,10.45%,62,8.76%,572,80.79%,708
SUL,42,SC,420970,LEBON REGIS,13,2.04%,36,5.65%,588,92.31%,637
SUL,42,SC,420980,LEOBERTO LEAL,4,2.21%,8,4.42%,169,93.37%,181
SUL,42,SC,420985,LINDOIA DO SUL,3,1.48%,2,0.99%,198,97.54%,203
SUL,42,SC,420990,LONTRAS,15,2.56%,37,6.31%,534,91.13%,586
SUL,42,SC,421000,LUIZ ALVES,123,13.76%,75,8.39%,696,77.85%,894
SUL,42,SC,421003,LUZERNA,7,2.22%,11,3.49%,297,94.29%,315
SUL,42,SC,421005,MACIEIRA,3,2.7%,4,3.6%,104,93.69%,111
SUL,42,SC,421010,MAFRA,106,4.53%,166,7.1%,2.067,88.37%,2.339
SUL,42,SC,421020,MAJOR GERCINO,7,4.61%,16,10.53%,129,84.87%,152
SUL,42,SC,421030,MAJOR VIEIRA,7,1.58%,15,3.39%,420,95.02%,442
SUL,42,SC,421040,MARACAJA,21,7.37%,10,3.51%,254,89.12%,285
SUL,42,SC,421050,MARAVILHA,33,2.29%,60,4.17%,1.347,93.54%,1.44
SUL,42,SC,421055,MAREMA,5,4.63%,3,2.78%,100,92.59%,108
SUL,42,SC,421060,MASSARANDUBA,22,2.93%,31,4.13%,698,92.94%,751
SUL,42,SC,421070,MATOS COSTA,10,5.62%,16,8.99%,152,85.39%,178
SUL,42,SC,421080,MELEIRO,3,1.52%,9,4.55%,186,93.94%,198
SUL,42,SC,421085,MIRIM DOCE,2,1.39%,6,4.17%,136,94.44%,144
SUL,42,SC,421090,MODELO,6,2.46%,15,6.15%,223,91.39%,244
SUL,42,SC,421100,MONDAI,4,0.87%,8,1.73%,450,97.4%,462
SUL,42,SC,421105,MONTE CARLO,19,3.49%,43,7.89%,483,88.62%,545
SUL,42,SC,421110,MONTE CASTELO,18,4.51%,22,5.51%,359,89.97%,399
SUL,42,SC,421120,MORRO DA FUMACA,83,8.65%,87,9.07%,789,82.27%,959
SUL,42,SC,421125,MORRO GRANDE,3,2.59%,8,6.9%,105,90.52%,116
SUL,42,SC,421130,NAVEGANTES,210,3.77%,332,5.96%,5.029,90.27%,5.571
SUL,42,SC,421140,NOVA ERECHIM,21,5.66%,15,4.04%,335,90.3%,371
SUL,42,SC,421145,NOVA ITABERABA,10,3.92%,26,10.2%,219,85.88%,255
SUL,42,SC,421150,NOVA TRENTO,11,1.9%,21,3.63%,546,94.46%,578
SUL,42,SC,421160,NOVA VENEZA,76,10.22%,66,8.87%,602,80.91%,744
SUL,42,SC,421165,NOVO HORIZONTE,4,3.51%,4,3.51%,106,92.98%,114
SUL,42,SC,421170,ORLEANS,15,2.08%,28,3.88%,679,94.04%,722
SUL,42,SC,421175,OTACILIO COSTA,11,1.54%,44,6.17%,658,92.29%,713
SUL,42,SC,421180,OURO,10,2.95%,26,7.67%,303,89.38%,339
SUL,42,SC,421185,OURO VERDE,6,3.95%,9,5.92%,137,90.13%,152
SUL,42,SC,421187,PAIAL,9,13.24%,5,7.35%,54,79.41%,68
SUL,42,SC,421189,PAINEL,1,0.71%,9,6.43%,130,92.86%,140
SUL,42,SC,421190,PALHOCA,114,2.9%,204,5.18%,3.618,91.92%,3.936
SUL,42,SC,421200,PALMA SOLA,6,1.36%,16,3.64%,418,95%,440
SUL,42,SC,421205,PALMEIRA,4,2.22%,6,3.33%,170,94.44%,180
SUL,42,SC,421210,PALMITOS,7,1.5%,19,4.07%,441,94.43%,467
SUL,42,SC,421220,PAPANDUVA,16,1.73%,33,3.57%,876,94.7%,925
SUL,42,SC,421223,PARAISO,3,1.82%,11,6.67%,151,91.52%,165
SUL,42,SC,421225,PASSO DE TORRES,49,17.82%,23,8.36%,203,73.82%,275
SUL,42,SC,421227,PASSOS MAIA,10,3.65%,20,7.3%,244,89.05%,274
SUL,42,SC,421230,PAULO LOPES,43,7.75%,58,10.45%,454,81.8%,555
SUL,42,SC,421240,PEDRAS GRANDES,4,1.93%,9,4.35%,194,93.72%,207
SUL,42,SC,421250,PENHA,190,9.5%,164,8.2%,1.646,82.3%,2
SUL,42,SC,421260,PERITIBA,1,0.51%,6,3.06%,189,96.43%,196
SUL,42,SC,421265,PESCARIA BRAVA,21,5.05%,33,7.93%,362,87.02%,416
SUL,42,SC,421270,PETROLANDIA,10,2.64%,13,3.43%,356,93.93%,379
SUL,42,SC,421280,BALNEARIO PICARRAS,187,8.46%,223,10.09%,1.801,81.46%,2.211
SUL,42,SC,421290,PINHALZINHO,14,1.12%,34,2.72%,1.2,96.15%,1.248
SUL,42,SC,421300,PINHEIRO PRETO,27,11.3%,32,13.39%,180,75.31%,239
SUL,42,SC,421310,PIRATUBA,1,3.85%,0,-,25,96.15%,26
SUL,42,SC,421315,PLANALTO ALEGRE,4,3.33%,4,3.33%,112,93.33%,120
SUL,42,SC,421320,POMERODE,15,1.23%,47,3.86%,1.157,94.91%,1.219
SUL,42,SC,421330,PONTE ALTA,11,3.99%,8,2.9%,257,93.12%,276
SUL,42,SC,421335,PONTE ALTA DO NORTE,5,2.14%,13,5.56%,216,92.31%,234
SUL,42,SC,421340,PONTE SERRADA,82,12.46%,76,11.55%,500,75.99%,658
SUL,42,SC,421350,PORTO BELO,79,4.77%,125,7.55%,1.451,87.67%,1.655
SUL,42,SC,421360,PORTO UNIAO,36,2.67%,88,6.53%,1.224,90.8%,1.348
SUL,42,SC,421370,POUSO REDONDO,25,3.13%,41,5.14%,732,91.73%,798
SUL,42,SC,421380,PRAIA GRANDE,13,7.14%,18,9.89%,151,82.97%,182
SUL,42,SC,421390,PRESIDENTE CASTELLO BRANCO,3,3.13%,6,6.25%,87,90.63%,96
SUL,42,SC,421400,PRESIDENTE GETULIO,14,1.49%,38,4.03%,890,94.48%,942
SUL,42,SC,421410,PRESIDENTE NEREU,0,-,3,2.38%,123,97.62%,126
SUL,42,SC,421415,PRINCESA,1,0.66%,11,7.28%,139,92.05%,151
SUL,42,SC,421420,QUILOMBO,16,3.49%,33,7.21%,409,89.3%,458
SUL,42,SC,421430,RANCHO QUEIMADO,2,1.57%,4,3.15%,121,95.28%,127
SUL,42,SC,421440,RIO DAS ANTAS,5,4.42%,3,2.65%,105,92.92%,113
SUL,42,SC,421450,RIO DO CAMPO,11,3.04%,21,5.8%,330,91.16%,362
SUL,42,SC,421460,RIO DO OESTE,10,2.54%,23,5.84%,361,91.62%,394
SUL,42,SC,421470,RIO DOS CEDROS,10,2.33%,19,4.43%,400,93.24%,429
SUL,42,SC,421480,RIO DO SUL,44,2.08%,110,5.2%,1.962,92.72%,2.116
SUL,42,SC,421490,RIO FORTUNA,7,2.47%,13,4.59%,263,92.93%,283
SUL,42,SC,421500,RIO NEGRINHO,39,1.97%,80,4.05%,1.857,93.98%,1.976
SUL,42,SC,421505,RIO RUFINO,3,4.62%,5,7.69%,57,87.69%,65
SUL,42,SC,421507,RIQUEZA,5,1.81%,6,2.17%,265,96.01%,276
SUL,42,SC,421510,RODEIO,9,1.5%,14,2.33%,577,96.17%,600
SUL,42,SC,421520,ROMELANDIA,24,11.21%,21,9.81%,169,78.97%,214
SUL,42,SC,421530,SALETE,8,1.98%,12,2.96%,385,95.06%,405
SUL,42,SC,421535,SALTINHO,2,0.83%,14,5.79%,226,93.39%,242
SUL,42,SC,421540,SALTO VELOSO,3,1.19%,11,4.35%,239,94.47%,253
SUL,42,SC,421545,SANGAO,116,13.23%,100,11.4%,661,75.37%,877
SUL,42,SC,421550,SANTA CECILIA,27,5.93%,41,9.01%,387,85.05%,455
SUL,42,SC,421555,SANTA HELENA,3,2.54%,6,5.08%,109,92.37%,118
SUL,42,SC,421560,SANTA ROSA DE LIMA,0,-,6,4.23%,136,95.77%,142
SUL,42,SC,421565,SANTA ROSA DO SUL,44,6.8%,41,6.34%,562,86.86%,647
SUL,42,SC,421567,SANTA TEREZINHA,7,3%,10,4.29%,216,92.7%,233
SUL,42,SC,421568,SANTA TEREZINHA DO PROGRESSO,0,-,6,4.05%,142,95.95%,148
SUL,42,SC,421569,SANTIAGO DO SUL,2,2.86%,0,-,68,97.14%,70
SUL,42,SC,421570,SANTO AMARO DA IMPERATRIZ,29,2.21%,47,3.58%,1.238,94.22%,1.314
SUL,42,SC,421575,SAO BERNARDINO,1,0.56%,13,7.22%,166,92.22%,180
SUL,42,SC,421580,SAO BENTO DO SUL,109,3.14%,206,5.93%,3.157,90.93%,3.472
SUL,42,SC,421590,SAO BONIFACIO,24,13.71%,15,8.57%,136,77.71%,175
SUL,42,SC,421600,SAO CARLOS,6,1.23%,33,6.75%,450,92.02%,489
SUL,42,SC,421605,SAO CRISTOVAO DO SUL,12,3.63%,35,10.57%,284,85.8%,331
SUL,42,SC,421610,SAO DOMINGOS,12,4.62%,14,5.38%,234,90%,260
SUL,42,SC,421620,SAO FRANCISCO DO SUL,43,2.56%,74,4.41%,1.56,93.02%,1.677
SUL,42,SC,421625,SAO JOAO DO OESTE,3,1.17%,0,-,253,98.83%,256
SUL,42,SC,421630,SAO JOAO BATISTA,50,3.2%,79,5.06%,1.432,91.74%,1.561
SUL,42,SC,421635,SAO JOAO DO ITAPERIU,12,2.88%,15,3.61%,389,93.51%,416
SUL,42,SC,421640,SAO JOAO DO SUL,8,1.98%,11,2.72%,385,95.3%,404
SUL,42,SC,421650,SAO JOAQUIM,27,3.34%,39,4.83%,742,91.83%,808
SUL,42,SC,421660,SAO JOSE,295,2.8%,498,4.72%,9.752,92.48%,10.545
SUL,42,SC,421670,SAO JOSE DO CEDRO,11,1.83%,27,4.5%,562,93.67%,600
SUL,42,SC,421680,SAO JOSE DO CERRITO,39,10.05%,33,8.51%,316,81.44%,388
SUL,42,SC,421690,SAO LOURENCO DO OESTE,44,4.92%,52,5.81%,799,89.27%,895
SUL,42,SC,421700,SAO LUDGERO,78,7.49%,83,7.97%,880,84.53%,1.041
SUL,42,SC,421710,SAO MARTINHO,3,1.37%,3,1.37%,213,97.26%,219
SUL,42,SC,421715,SAO MIGUEL DA BOA VISTA,0,-,4,3.25%,119,96.75%,123
SUL,42,SC,421720,SAO MIGUEL DO OESTE,79,4.3%,133,7.23%,1.627,88.47%,1.839
SUL,42,SC,421725,SAO PEDRO DE ALCANTARA,16,9.09%,9,5.11%,151,85.8%,176
SUL,42,SC,421730,SAUDADES,4,0.65%,26,4.19%,590,95.16%,620
SUL,42,SC,421740,SCHROEDER,17,1.96%,36,4.15%,815,93.89%,868
SUL,42,SC,421750,SEARA,7,0.8%,16,1.84%,848,97.36%,871
SUL,42,SC,421755,SERRA ALTA,1,0.44%,6,2.67%,218,96.89%,225
SUL,42,SC,421760,SIDEROPOLIS,10,1.75%,20,3.5%,541,94.75%,571
SUL,42,SC,421770,SOMBRIO,221,14.44%,151,9.87%,1.158,75.69%,1.53
SUL,42,SC,421775,SUL BRASIL,1,0.61%,9,5.45%,155,93.94%,165
SUL,42,SC,421780,TAIO,15,2.11%,36,5.06%,661,92.84%,712
SUL,42,SC,421790,TANGARA,5,1.37%,9,2.47%,350,96.15%,364
SUL,42,SC,421795,TIGRINHOS,1,0.76%,7,5.3%,124,93.94%,132
SUL,42,SC,421800,TIJUCAS,150,6.45%,179,7.69%,1.998,85.86%,2.327
SUL,42,SC,421810,TIMBE DO SUL,6,9.84%,6,9.84%,49,80.33%,61
SUL,42,SC,421820,TIMBO,27,1.65%,83,5.07%,1.526,93.28%,1.636
SUL,42,SC,421825,TIMBO GRANDE,26,5.44%,43,9%,409,85.56%,478
SUL,42,SC,421830,TRES BARRAS,44,4.49%,80,8.17%,855,87.33%,979
SUL,42,SC,421835,TREVISO,9,4.52%,14,7.04%,176,88.44%,199
SUL,42,SC,421840,TREZE DE MAIO,77,16.81%,36,7.86%,345,75.33%,458
SUL,42,SC,421850,TREZE TILIAS,6,1.79%,10,2.98%,320,95.24%,336
SUL,42,SC,421860,TROMBUDO CENTRAL,3,0.76%,17,4.33%,373,94.91%,393
SUL,42,SC,421870,TUBARAO,81,2.68%,170,5.63%,2.766,91.68%,3.017
SUL,42,SC,421875,TUNAPOLIS,6,1.98%,5,1.65%,292,96.37%,303
SUL,42,SC,421880,TURVO,7,2.47%,16,5.65%,260,91.87%,283
SUL,42,SC,421885,UNIAO DO OESTE,0,-,6,4.55%,126,95.45%,132
SUL,42,SC,421890,URUBICI,20,3.14%,30,4.71%,587,92.15%,637
SUL,42,SC,421895,URUPEMA,6,5.45%,8,7.27%,96,87.27%,110
SUL,42,SC,421900,URUSSANGA,85,9.51%,59,6.6%,750,83.89%,894
SUL,42,SC,421910,VARGEAO,32,12.4%,37,14.34%,189,73.26%,258
SUL,42,SC,421915,VARGEM,8,4.97%,7,4.35%,146,90.68%,161
SUL,42,SC,421917,VARGEM BONITA,10,4.83%,9,4.35%,188,90.82%,207
SUL,42,SC,421920,VIDAL RAMOS,9,7.56%,12,10.08%,98,82.35%,119
SUL,42,SC,421930,VIDEIRA,77,5.37%,134,9.34%,1.223,85.29%,1.434
SUL,42,SC,421935,VITOR MEIRELES,9,2.81%,8,2.5%,303,94.69%,320
SUL,42,SC,421940,WITMARSUM,15,6.36%,12,5.08%,209,88.56%,236
SUL,42,SC,421950,XANXERE,37,2.82%,72,5.48%,1.204,91.7%,1.313
SUL,42,SC,421960,XAVANTINA,3,1.86%,5,3.11%,153,95.03%,161
SUL,42,SC,421970,XAXIM,30,1.8%,88,5.28%,1.548,92.92%,1.666
SUL,42,SC,421985,ZORTEA,2,0.75%,15,5.64%,249,93.61%,266
SUL,42,SC,422000,BALNEARIO RINCAO,67,7.56%,65,7.34%,754,85.1%,886
SUL,43,RS,430003,ACEGUA,2,1.01%,12,6.06%,184,92.93%,198
SUL,43,RS,430005,AGUA SANTA,5,3.45%,10,6.9%,130,89.66%,145
SUL,43,RS,430010,AGUDO,19,5.28%,24,6.67%,317,88.06%,360
SUL,43,RS,430020,AJURICABA,5,2.46%,13,6.4%,185,91.13%,203
SUL,43,RS,430030,ALECRIM,8,3.74%,10,4.67%,196,91.59%,214
SUL,43,RS,430040,ALEGRETE,41,1.99%,83,4.02%,1.94,93.99%,2.064
SUL,43,RS,430045,ALEGRIA,2,1.8%,2,1.8%,107,96.4%,111
SUL,43,RS,430047,ALMIRANTE TAMANDARE DO SUL,2,1.67%,5,4.17%,113,94.17%,120
SUL,43,RS,430050,ALPESTRE,7,2.85%,12,4.88%,227,92.28%,246
SUL,43,RS,430055,ALTO ALEGRE,1,2.13%,2,4.26%,44,93.62%,47
SUL,43,RS,430057,ALTO FELIZ,10,11.36%,3,3.41%,75,85.23%,88
SUL,43,RS,430060,ALVORADA,138,2.29%,333,5.53%,5.55,92.18%,6.021
SUL,43,RS,430063,AMARAL FERRADOR,3,1.74%,10,5.81%,159,92.44%,172
SUL,43,RS,430064,AMETISTA DO SUL,7,2%,25,7.14%,318,90.86%,350
SUL,43,RS,430066,ANDRE DA ROCHA,0,-,1,2%,49,98%,50
SUL,43,RS,430070,ANTA GORDA,8,5.44%,4,2.72%,135,91.84%,147
SUL,43,RS,430080,ANTONIO PRADO,5,2.22%,17,7.56%,203,90.22%,225
SUL,43,RS,430085,ARAMBARE,6,3.53%,8,4.71%,156,91.76%,170
SUL,43,RS,430087,ARARICA,11,1.95%,24,4.26%,528,93.78%,563
SUL,43,RS,430090,ARATIBA,0,-,2,4.35%,44,95.65%,46
SUL,43,RS,430100,ARROIO DO MEIO,8,0.84%,25,2.62%,922,96.54%,955
SUL,43,RS,430105,ARROIO DO SAL,16,3.27%,22,4.5%,451,92.23%,489
SUL,43,RS,430107,ARROIO DO PADRE,0,-,0,-,99,100%,99
SUL,43,RS,430110,ARROIO DOS RATOS,7,1.51%,19,4.09%,439,94.41%,465
SUL,43,RS,430120,ARROIO DO TIGRE,3,1%,15,5%,282,94%,300
SUL,43,RS,430130,ARROIO GRANDE,44,5.78%,44,5.78%,673,88.44%,761
SUL,43,RS,430140,ARVOREZINHA,25,5.22%,27,5.64%,427,89.14%,479
SUL,43,RS,430150,AUGUSTO PESTANA,68,24.55%,24,8.66%,185,66.79%,277
SUL,43,RS,430155,AUREA,3,2.07%,2,1.38%,140,96.55%,145
SUL,43,RS,430160,BAGE,113,3.77%,185,6.16%,2.703,90.07%,3.001
SUL,43,RS,430163,BALNEARIO PINHAL,20,7.87%,22,8.66%,212,83.46%,254
SUL,43,RS,430165,BARAO,4,7.84%,1,1.96%,46,90.2%,51
SUL,43,RS,430170,BARAO DE COTEGIPE,7,2.27%,8,2.59%,294,95.15%,309
SUL,43,RS,430175,BARAO DO TRIUNFO,3,1.39%,9,4.17%,204,94.44%,216
SUL,43,RS,430180,BARRACAO,7,3.63%,16,8.29%,170,88.08%,193
SUL,43,RS,430185,BARRA DO GUARITA,5,2.39%,3,1.44%,201,96.17%,209
SUL,43,RS,430187,BARRA DO QUARAI,6,2.94%,7,3.43%,191,93.63%,204
SUL,43,RS,430190,BARRA DO RIBEIRO,11,3.25%,20,5.92%,307,90.83%,338
SUL,43,RS,430192,BARRA DO RIO AZUL,0,-,0,-,25,100%,25
SUL,43,RS,430195,BARRA FUNDA,0,-,2,1.75%,112,98.25%,114
SUL,43,RS,430200,BARROS CASSAL,27,6.89%,22,5.61%,343,87.5%,392
SUL,43,RS,430205,BENJAMIN CONSTANT DO SUL,5,2.86%,19,10.86%,151,86.29%,175
SUL,43,RS,430210,BENTO GONCALVES,87,2.59%,218,6.48%,3.058,90.93%,3.363
SUL,43,RS,430215,BOA VISTA DAS MISSOES,3,2.07%,12,8.28%,130,89.66%,145
SUL,43,RS,430220,BOA VISTA DO BURICA,7,1.81%,18,4.65%,362,93.54%,387
SUL,43,RS,430222,BOA VISTA DO CADEADO,2,1.9%,3,2.86%,100,95.24%,105
SUL,43,RS,430223,BOA VISTA DO INCRA,1,1.12%,4,4.49%,84,94.38%,89
SUL,43,RS,430225,BOA VISTA DO SUL,0,-,1,1.32%,75,98.68%,76
SUL,43,RS,430230,BOM JESUS,27,3.22%,53,6.32%,758,90.45%,838
SUL,43,RS,430235,BOM PRINCIPIO,12,1.68%,35,4.9%,667,93.42%,714
SUL,43,RS,430237,BOM PROGRESSO,5,6.25%,8,10%,67,83.75%,80
SUL,43,RS,430240,BOM RETIRO DO SUL,3,0.45%,22,3.28%,646,96.27%,671
SUL,43,RS,430245,BOQUEIRAO DO LEAO,4,2.22%,11,6.11%,165,91.67%,180
SUL,43,RS,430250,BOSSOROCA,5,1.68%,13,4.38%,279,93.94%,297
SUL,43,RS,430258,BOZANO,0,-,3,4.69%,61,95.31%,64
SUL,43,RS,430260,BRAGA,5,3.45%,3,2.07%,137,94.48%,145
SUL,43,RS,430265,BROCHIER,0,-,4,1.84%,213,98.16%,217
SUL,43,RS,430270,BUTIA,54,9.71%,54,9.71%,448,80.58%,556
SUL,43,RS,430280,CACAPAVA DO SUL,144,14.02%,65,6.33%,818,79.65%,1.027
SUL,43,RS,430290,CACEQUI,92,23.47%,34,8.67%,266,67.86%,392
SUL,43,RS,430300,CACHOEIRA DO SUL,165,8.84%,146,7.82%,1.556,83.34%,1.867
SUL,43,RS,430310,CACHOEIRINHA,135,4.4%,172,5.6%,2.762,90%,3.069
SUL,43,RS,430320,CACIQUE DOBLE,9,3.7%,17,7%,217,89.3%,243
SUL,43,RS,430330,CAIBATE,3,1.56%,7,3.65%,182,94.79%,192
SUL,43,RS,430340,CAICARA,6,2.53%,11,4.64%,220,92.83%,237
SUL,43,RS,430350,CAMAQUA,289,15.35%,152,8.07%,1.442,76.58%,1.883
SUL,43,RS,430355,CAMARGO,7,6.6%,10,9.43%,89,83.96%,106
SUL,43,RS,430360,CAMBARA DO SUL,26,11.56%,22,9.78%,177,78.67%,225
SUL,43,RS,430367,CAMPESTRE DA SERRA,4,2.88%,6,4.32%,129,92.81%,139
SUL,43,RS,430370,CAMPINA DAS MISSOES,3,2.27%,2,1.52%,127,96.21%,132
SUL,43,RS,430380,CAMPINAS DO SUL,2,1.22%,7,4.27%,155,94.51%,164
SUL,43,RS,430390,CAMPO BOM,17,2.13%,28,3.5%,754,94.37%,799
SUL,43,RS,430400,CAMPO NOVO,11,3.85%,16,5.59%,259,90.56%,286
SUL,43,RS,430410,CAMPOS BORGES,9,9.47%,9,9.47%,77,81.05%,95
SUL,43,RS,430420,CANDELARIA,22,1.89%,64,5.5%,1.077,92.61%,1.163
SUL,43,RS,430430,CANDIDO GODOI,1,0.58%,4,2.34%,166,97.08%,171
SUL,43,RS,430435,CANDIOTA,4,1.15%,19,5.46%,325,93.39%,348
SUL,43,RS,430440,CANELA,75,3.55%,155,7.34%,1.882,89.11%,2.112
SUL,43,RS,430450,CANGUCU,42,2.39%,73,4.16%,1.639,93.44%,1.754
SUL,43,RS,430460,CANOAS,240,2.43%,526,5.33%,9.105,92.24%,9.871
SUL,43,RS,430461,CANUDOS DO VALE,1,1.92%,4,7.69%,47,90.38%,52
SUL,43,RS,430462,CAPAO BONITO DO SUL,7,6.86%,6,5.88%,89,87.25%,102
SUL,43,RS,430463,CAPAO DA CANOA,120,8.08%,99,6.66%,1.267,85.26%,1.486
SUL,43,RS,430465,CAPAO DO CIPO,5,3.27%,7,4.58%,141,92.16%,153
SUL,43,RS,430466,CAPAO DO LEAO,23,2.14%,55,5.13%,995,92.73%,1.073
SUL,43,RS,430467,CAPIVARI DO SUL,3,1.92%,7,4.49%,146,93.59%,156
SUL,43,RS,430468,CAPELA DE SANTANA,19,5.28%,29,8.06%,312,86.67%,360
SUL,43,RS,430469,CAPITAO,1,0.74%,4,2.94%,131,96.32%,136
SUL,43,RS,430470,CARAZINHO,467,22.15%,192,9.11%,1.449,68.74%,2.108
SUL,43,RS,430471,CARAA,3,1.09%,9,3.28%,262,95.62%,274
SUL,43,RS,430480,CARLOS BARBOSA,0,-,4,4.3%,89,95.7%,93
SUL,43,RS,430485,CARLOS GOMES,2,3.7%,2,3.7%,50,92.59%,54
SUL,43,RS,430490,CASCA,13,3.59%,16,4.42%,333,91.99%,362
SUL,43,RS,430495,CASEIROS,1,0.67%,12,8.05%,136,91.28%,149
SUL,43,RS,430500,CATUIPE,24,7.95%,18,5.96%,260,86.09%,302
SUL,43,RS,430510,CAXIAS DO SUL,300,3.76%,564,7.08%,7.106,89.16%,7.97
SUL,43,RS,430511,CENTENARIO,2,2.02%,7,7.07%,90,90.91%,99
SUL,43,RS,430512,CERRITO,11,6.11%,14,7.78%,155,86.11%,180
SUL,43,RS,430513,CERRO BRANCO,5,4.35%,15,13.04%,95,82.61%,115
SUL,43,RS,430515,CERRO GRANDE,0,-,7,5.43%,122,94.57%,129
SUL,43,RS,430517,CERRO GRANDE DO SUL,5,1.28%,12,3.08%,373,95.64%,390
SUL,43,RS,430520,CERRO LARGO,31,9.69%,18,5.63%,271,84.69%,320
SUL,43,RS,430530,CHAPADA,15,4.48%,17,5.07%,303,90.45%,335
SUL,43,RS,430535,CHARQUEADAS,25,2.89%,57,6.59%,783,90.52%,865
SUL,43,RS,430537,CHARRUA,13,8.78%,20,13.51%,115,77.7%,148
SUL,43,RS,430540,CHIAPETTA,6,3.82%,8,5.1%,143,91.08%,157
SUL,43,RS,430543,CHUI,4,2.17%,6,3.26%,174,94.57%,184
SUL,43,RS,430544,CHUVISCA,2,0.98%,3,1.47%,199,97.55%,204
SUL,43,RS,430545,CIDREIRA,12,4.56%,26,9.89%,225,85.55%,263
SUL,43,RS,430550,CIRIACO,4,3.17%,9,7.14%,113,89.68%,126
SUL,43,RS,430558,COLINAS,1,1.01%,3,3.03%,95,95.96%,99
SUL,43,RS,430560,COLORADO,14,9.72%,8,5.56%,122,84.72%,144
SUL,43,RS,430570,CONDOR,2,0.83%,5,2.08%,233,97.08%,240
SUL,43,RS,430580,CONSTANTINA,31,7.93%,37,9.46%,323,82.61%,391
SUL,43,RS,430583,COQUEIRO BAIXO,2,4.65%,3,6.98%,38,88.37%,43
SUL,43,RS,430585,COQUEIROS DO SUL,2,2.2%,7,7.69%,82,90.11%,91
SUL,43,RS,430587,CORONEL BARROS,1,1.23%,3,3.7%,77,95.06%,81
SUL,43,RS,430590,CORONEL BICACO,9,3.18%,16,5.65%,258,91.17%,283
SUL,43,RS,430593,CORONEL PILAR,1,2.17%,1,2.17%,44,95.65%,46
SUL,43,RS,430595,COTIPORA,1,0.8%,5,4%,119,95.2%,125
SUL,43,RS,430597,COXILHA,4,2.92%,6,4.38%,127,92.7%,137
SUL,43,RS,430600,CRISSIUMAL,10,2.82%,23,6.5%,321,90.68%,354
SUL,43,RS,430605,CRISTAL,10,3.65%,16,5.84%,248,90.51%,274
SUL,43,RS,430607,CRISTAL DO SUL,3,1.94%,6,3.87%,146,94.19%,155
SUL,43,RS,430610,CRUZ ALTA,386,16.08%,160,6.67%,1.854,77.25%,2.4
SUL,43,RS,430613,CRUZALTENSE,3,4.41%,2,2.94%,63,92.65%,68
SUL,43,RS,430620,CRUZEIRO DO SUL,3,0.93%,7,2.16%,314,96.91%,324
SUL,43,RS,430630,DAVID CANABARRO,1,0.62%,3,1.85%,158,97.53%,162
SUL,43,RS,430632,DERRUBADAS,0,-,6,3.7%,156,96.3%,162
SUL,43,RS,430635,DEZESSEIS DE NOVEMBRO,8,8.51%,6,6.38%,80,85.11%,94
SUL,43,RS,430637,DILERMANDO DE AGUIAR,4,4.17%,4,4.17%,88,91.67%,96
SUL,43,RS,430640,DOIS IRMAOS,27,2.53%,48,4.49%,994,92.98%,1.069
SUL,43,RS,430642,DOIS IRMAOS DAS MISSOES,2,1.77%,9,7.96%,102,90.27%,113
SUL,43,RS,430645,DOIS LAJEADOS,0,-,6,4.76%,120,95.24%,126
SUL,43,RS,430650,DOM FELICIANO,31,9.69%,23,7.19%,266,83.13%,320
SUL,43,RS,430655,DOM PEDRO DE ALCANTARA,2,1.49%,1,0.75%,131,97.76%,134
SUL,43,RS,430660,DOM PEDRITO,21,1.88%,57,5.09%,1.041,93.03%,1.119
SUL,43,RS,430670,DONA FRANCISCA,4,3.13%,9,7.03%,115,89.84%,128
SUL,43,RS,430673,DOUTOR MAURICIO CARDOSO,15,10.56%,13,9.15%,114,80.28%,142
SUL,43,RS,430675,DOUTOR RICARDO,4,5.48%,2,2.74%,67,91.78%,73
SUL,43,RS,430676,ELDORADO DO SUL,79,6.49%,93,7.64%,1.046,85.88%,1.218
SUL,43,RS,430680,ENCANTADO,7,0.98%,29,4.06%,679,94.97%,715
SUL,43,RS,430690,ENCRUZILHADA DO SUL,37,5.41%,45,6.58%,602,88.01%,684
SUL,43,RS,430692,ENGENHO VELHO,10,10%,8,8%,82,82%,100
SUL,43,RS,430693,ENTRE-IJUIS,10,7.87%,6,4.72%,111,87.4%,127
SUL,43,RS,430695,ENTRE RIOS DO SUL,7,6.42%,11,10.09%,91,83.49%,109
SUL,43,RS,430697,EREBANGO,5,3.52%,11,7.75%,126,88.73%,142
SUL,43,RS,430700,ERECHIM,9,1.47%,45,7.34%,559,91.19%,613
SUL,43,RS,430705,ERNESTINA,3,2.61%,6,5.22%,106,92.17%,115
SUL,43,RS,430710,HERVAL,10,4.48%,8,3.59%,205,91.93%,223
SUL,43,RS,430720,ERVAL GRANDE,4,1.63%,11,4.49%,230,93.88%,245
SUL,43,RS,430730,ERVAL SECO,4,1.13%,11,3.11%,339,95.76%,354
SUL,43,RS,430740,ESMERALDA,2,1.1%,3,1.66%,176,97.24%,181
SUL,43,RS,430745,ESPERANCA DO SUL,11,10.89%,10,9.9%,80,79.21%,101
SUL,43,RS,430750,ESPUMOSO,35,5.2%,35,5.2%,603,89.6%,673
SUL,43,RS,430755,ESTACAO,2,1.18%,5,2.96%,162,95.86%,169
SUL,43,RS,430760,ESTANCIA VELHA,26,1.62%,78,4.85%,1.503,93.53%,1.607
SUL,43,RS,430770,ESTEIO,28,3.07%,39,4.28%,845,92.65%,912
SUL,43,RS,430780,ESTRELA,23,2.12%,63,5.81%,998,92.07%,1.084
SUL,43,RS,430781,ESTRELA VELHA,3,2.4%,16,12.8%,106,84.8%,125
SUL,43,RS,430783,EUGENIO DE CASTRO,2,1.61%,8,6.45%,114,91.94%,124
SUL,43,RS,430786,FAGUNDES VARELA,1,1.06%,2,2.13%,91,96.81%,94
SUL,43,RS,430790,FARROUPILHA,40,2.05%,112,5.74%,1.798,92.21%,1.95
SUL,43,RS,430800,FAXINAL DO SOTURNO,28,9.59%,9,3.08%,255,87.33%,292
SUL,43,RS,430805,FAXINALZINHO,7,6.73%,9,8.65%,88,84.62%,104
SUL,43,RS,430807,FAZENDA VILANOVA,3,1.31%,14,6.11%,212,92.58%,229
SUL,43,RS,430810,FELIZ,1,0.54%,3,1.61%,182,97.85%,186
SUL,43,RS,430820,FLORES DA CUNHA,13,1.2%,52,4.78%,1.022,94.02%,1.087
SUL,43,RS,430825,FLORIANO PEIXOTO,0,-,1,2.27%,43,97.73%,44
SUL,43,RS,430830,FONTOURA XAVIER,18,3.71%,25,5.15%,442,91.13%,485
SUL,43,RS,430840,FORMIGUEIRO,8,3.03%,7,2.65%,249,94.32%,264
SUL,43,RS,430843,FORQUETINHA,0,-,0,-,68,100%,68
SUL,43,RS,430845,FORTALEZA DOS VALOS,8,4%,18,9%,174,87%,200
SUL,43,RS,430850,FREDERICO WESTPHALEN,39,3.18%,68,5.54%,1.121,91.29%,1.228
SUL,43,RS,430860,GARIBALDI,11,1.44%,18,2.36%,733,96.19%,762
SUL,43,RS,430865,GARRUCHOS,8,7.92%,4,3.96%,89,88.12%,101
SUL,43,RS,430870,GAURAMA,4,2.47%,5,3.09%,153,94.44%,162
SUL,43,RS,430880,GENERAL CAMARA,17,8.25%,10,4.85%,179,86.89%,206
SUL,43,RS,430885,GENTIL,2,2.3%,1,1.15%,84,96.55%,87
SUL,43,RS,430890,GETULIO VARGAS,34,5.86%,36,6.21%,510,87.93%,580
SUL,43,RS,430900,GIRUA,40,7.48%,38,7.1%,457,85.42%,535
SUL,43,RS,430905,GLORINHA,12,8.33%,13,9.03%,119,82.64%,144
SUL,43,RS,430910,GRAMADO,41,3.08%,71,5.33%,1.219,91.59%,1.331
SUL,43,RS,430912,GRAMADO DOS LOUREIROS,7,3.93%,14,7.87%,157,88.2%,178
SUL,43,RS,430915,GRAMADO XAVIER,5,2.98%,2,1.19%,161,95.83%,168
SUL,43,RS,430920,GRAVATAI,117,1.3%,373,4.14%,8.524,94.56%,9.014
SUL,43,RS,430925,GUABIJU,0,-,2,4.65%,41,95.35%,43
SUL,43,RS,430930,GUAIBA,63,1.88%,157,4.68%,3.136,93.44%,3.356
SUL,43,RS,430940,GUAPORE,80,8.59%,59,6.34%,792,85.07%,931
SUL,43,RS,430950,GUARANI DAS MISSOES,25,12.63%,14,7.07%,159,80.3%,198
SUL,43,RS,430955,HARMONIA,7,2.61%,7,2.61%,254,94.78%,268
SUL,43,RS,430957,HERVEIRAS,3,2.44%,5,4.07%,115,93.5%,123
SUL,43,RS,430960,HORIZONTINA,11,2.36%,22,4.71%,434,92.93%,467
SUL,43,RS,430965,HULHA NEGRA,10,3.31%,14,4.64%,278,92.05%,302
SUL,43,RS,430970,HUMAITA,1,1.89%,1,1.89%,51,96.23%,53
SUL,43,RS,430975,IBARAMA,4,4.88%,3,3.66%,75,91.46%,82
SUL,43,RS,430980,IBIACA,4,2.13%,5,2.66%,179,95.21%,188
SUL,43,RS,430990,IBIRAIARAS,37,14.07%,26,9.89%,200,76.05%,263
SUL,43,RS,430995,IBIRAPUITA,9,5.2%,19,10.98%,145,83.82%,173
SUL,43,RS,431000,IBIRUBA,12,1.49%,28,3.48%,764,95.02%,804
SUL,43,RS,431010,IGREJINHA,34,2.87%,80,6.75%,1.071,90.38%,1.185
SUL,43,RS,431020,IJUI,49,2.25%,125,5.73%,2.006,92.02%,2.18
SUL,43,RS,431030,ILOPOLIS,3,2.5%,1,0.83%,116,96.67%,120
SUL,43,RS,431033,IMBE,31,4.08%,46,6.05%,683,89.87%,760
SUL,43,RS,431036,IMIGRANTE,3,4.23%,1,1.41%,67,94.37%,71
SUL,43,RS,431040,INDEPENDENCIA,9,3.63%,14,5.65%,225,90.73%,248
SUL,43,RS,431041,INHACORA,4,3.96%,4,3.96%,93,92.08%,101
SUL,43,RS,431043,IPE,4,1.57%,6,2.36%,244,96.06%,254
SUL,43,RS,431046,IPIRANGA DO SUL,2,20%,0,-,8,80%,10
SUL,43,RS,431050,IRAI,19,4.94%,23,5.97%,343,89.09%,385
SUL,43,RS,431053,ITAARA,4,1.66%,13,5.39%,224,92.95%,241
SUL,43,RS,431055,ITACURUBI,8,9.2%,5,5.75%,74,85.06%,87
SUL,43,RS,431057,ITAPUCA,2,3.33%,2,3.33%,56,93.33%,60
SUL,43,RS,431060,ITAQUI,23,1.84%,43,3.44%,1.184,94.72%,1.25
SUL,43,RS,431065,ITATI,14,10.94%,12,9.38%,102,79.69%,128
SUL,43,RS,431070,ITATIBA DO SUL,0,-,5,5.56%,85,94.44%,90
SUL,43,RS,431075,IVORA,1,2.5%,8,20%,31,77.5%,40
SUL,43,RS,431080,IVOTI,3,0.37%,24,2.97%,780,96.65%,807
SUL,43,RS,431085,JABOTICABA,5,5.75%,0,-,82,94.25%,87
SUL,43,RS,431087,JACUIZINHO,4,4.71%,10,11.76%,71,83.53%,85
SUL,43,RS,431090,JACUTINGA,5,4.27%,2,1.71%,110,94.02%,117
SUL,43,RS,431100,JAGUARAO,25,3.02%,43,5.2%,759,91.78%,827
SUL,43,RS,431110,JAGUARI,7,2.53%,10,3.61%,260,93.86%,277
SUL,43,RS,431112,JAQUIRANA,9,5.36%,18,10.71%,141,83.93%,168
SUL,43,RS,431113,JARI,1,0.84%,7,5.88%,111,93.28%,119
SUL,43,RS,431115,JOIA,6,2.3%,17,6.51%,238,91.19%,261
SUL,43,RS,431120,JULIO DE CASTILHOS,176,24.79%,81,11.41%,453,63.8%,710
SUL,43,RS,431123,LAGOA BONITA DO SUL,2,2.99%,5,7.46%,60,89.55%,67
SUL,43,RS,431125,LAGOAO,7,2.61%,19,7.09%,242,90.3%,268
SUL,43,RS,431127,LAGOA DOS TRES CANTOS,3,4.23%,7,9.86%,61,85.92%,71
SUL,43,RS,431130,LAGOA VERMELHA,49,4.9%,67,6.69%,885,88.41%,1.001
SUL,43,RS,431140,LAJEADO,79,2.12%,168,4.5%,3.487,93.39%,3.734
SUL,43,RS,431142,LAJEADO DO BUGRE,14,9.09%,13,8.44%,127,82.47%,154
SUL,43,RS,431150,LAVRAS DO SUL,13,4.48%,23,7.93%,254,87.59%,290
SUL,43,RS,431160,LIBERATO SALZANO,13,7.69%,8,4.73%,148,87.57%,169
SUL,43,RS,431162,LINDOLFO COLLOR,3,0.78%,12,3.1%,372,96.12%,387
SUL,43,RS,431164,LINHA NOVA,0,-,4,5%,76,95%,80
SUL,43,RS,431170,MACHADINHO,69,23%,44,14.67%,187,62.33%,300
SUL,43,RS,431171,MACAMBARA,6,2.26%,9,3.38%,251,94.36%,266
SUL,43,RS,431173,MAMPITUBA,3,1.69%,11,6.18%,164,92.13%,178
SUL,43,RS,431175,MANOEL VIANA,38,11.05%,18,5.23%,288,83.72%,344
SUL,43,RS,431177,MAQUINE,8,3.92%,13,6.37%,183,89.71%,204
SUL,43,RS,431179,MARATA,2,1.54%,3,2.31%,125,96.15%,130
SUL,43,RS,431180,MARAU,12,2.17%,24,4.33%,518,93.5%,554
SUL,43,RS,431190,MARCELINO RAMOS,1,0.72%,4,2.88%,134,96.4%,139
SUL,43,RS,431198,MARIANA PIMENTEL,1,0.7%,8,5.59%,134,93.71%,143
SUL,43,RS,431200,MARIANO MORO,2,3.51%,1,1.75%,54,94.74%,57
SUL,43,RS,431205,MARQUES DE SOUZA,1,1.82%,3,5.45%,51,92.73%,55
SUL,43,RS,431210,MATA,3,1.88%,1,0.63%,156,97.5%,160
SUL,43,RS,431213,MATO CASTELHANO,12,9.68%,8,6.45%,104,83.87%,124
SUL,43,RS,431215,MATO LEITAO,3,1.2%,11,4.38%,237,94.42%,251
SUL,43,RS,431217,MATO QUEIMADO,0,-,1,1.16%,85,98.84%,86
SUL,43,RS,431220,MAXIMILIANO DE ALMEIDA,4,2.23%,7,3.91%,168,93.85%,179
SUL,43,RS,431225,MINAS DO LEAO,16,3.74%,30,7.01%,382,89.25%,428
SUL,43,RS,431230,MIRAGUAI,5,2.02%,13,5.26%,229,92.71%,247
SUL,43,RS,431235,MONTAURI,0,-,0,-,81,100%,81
SUL,43,RS,431237,MONTE ALEGRE DOS CAMPOS,3,1.49%,4,1.99%,194,96.52%,201
SUL,43,RS,431238,MONTE BELO DO SUL,0,-,0,-,98,100%,98
SUL,43,RS,431240,MONTENEGRO,52,1.97%,154,5.82%,2.44,92.21%,2.646
SUL,43,RS,431242,MORMACO,10,7.63%,11,8.4%,110,83.97%,131
SUL,43,RS,431244,MORRINHOS DO SUL,3,2.86%,2,1.9%,100,95.24%,105
SUL,43,RS,431245,MORRO REDONDO,6,3%,11,5.5%,183,91.5%,200
SUL,43,RS,431247,MORRO REUTER,14,8.59%,6,3.68%,143,87.73%,163
SUL,43,RS,431250,MOSTARDAS,39,10.1%,28,7.25%,319,82.64%,386
SUL,43,RS,431260,MUCUM,6,3.45%,10,5.75%,158,90.8%,174
SUL,43,RS,431261,MUITOS CAPOES,3,2.88%,3,2.88%,98,94.23%,104
SUL,43,RS,431262,MULITERNO,7,6.25%,10,8.93%,95,84.82%,112
SUL,43,RS,431265,NAO-ME-TOQUE,9,1.54%,13,2.22%,564,96.25%,586
SUL,43,RS,431267,NICOLAU VERGUEIRO,0,-,8,14.29%,48,85.71%,56
SUL,43,RS,431270,NONOAI,12,3.11%,30,7.77%,344,89.12%,386
SUL,43,RS,431275,NOVA ALVORADA,4,2.38%,3,1.79%,161,95.83%,168
SUL,43,RS,431280,NOVA ARACA,4,1.18%,8,2.37%,326,96.45%,338
SUL,43,RS,431290,NOVA BASSANO,9,2.11%,15,3.51%,403,94.38%,427
SUL,43,RS,431295,NOVA BOA VISTA,4,3.31%,6,4.96%,111,91.74%,121
SUL,43,RS,431300,NOVA BRESCIA,0,-,1,5%,19,95%,20
SUL,43,RS,431301,NOVA CANDELARIA,4,2.65%,1,0.66%,146,96.69%,151
SUL,43,RS,431303,NOVA ESPERANCA DO SUL,6,9.09%,3,4.55%,57,86.36%,66
SUL,43,RS,431306,NOVA HARTZ,14,2.08%,41,6.08%,619,91.84%,674
SUL,43,RS,431308,NOVA PADUA,4,4.65%,2,2.33%,80,93.02%,86
SUL,43,RS,431310,NOVA PALMA,3,2.22%,2,1.48%,130,96.3%,135
SUL,43,RS,431320,NOVA PETROPOLIS,146,12.94%,109,9.66%,873,77.39%,1.128
SUL,43,RS,431330,NOVA PRATA,12,1.09%,49,4.47%,1.035,94.43%,1.096
SUL,43,RS,431333,NOVA RAMADA,4,6.56%,5,8.2%,52,85.25%,61
SUL,43,RS,431335,NOVA ROMA DO SUL,1,0.82%,2,1.64%,119,97.54%,122
SUL,43,RS,431337,NOVA SANTA RITA,52,3.99%,99,7.6%,1.152,88.41%,1.303
SUL,43,RS,431339,NOVO CABRAIS,3,2.61%,2,1.74%,110,95.65%,115
SUL,43,RS,431340,NOVO HAMBURGO,68,1.48%,230,5.01%,4.296,93.51%,4.594
SUL,43,RS,431342,NOVO MACHADO,0,-,8,9.52%,76,90.48%,84
SUL,43,RS,431344,NOVO TIRADENTES,1,0.92%,4,3.67%,104,95.41%,109
SUL,43,RS,431346,NOVO XINGU,3,3.7%,3,3.7%,75,92.59%,81
SUL,43,RS,431349,NOVO BARREIRO,9,4.43%,14,6.9%,180,88.67%,203
SUL,43,RS,431350,OSORIO,24,1.23%,89,4.55%,1.845,94.23%,1.958
SUL,43,RS,431360,PAIM FILHO,4,5%,3,3.75%,73,91.25%,80
SUL,43,RS,431365,PALMARES DO SUL,19,4.59%,31,7.49%,364,87.92%,414
SUL,43,RS,431370,PALMEIRA DAS MISSOES,32,2.37%,69,5.12%,1.247,92.51%,1.348
SUL,43,RS,431380,PALMITINHO,6,1.47%,11,2.7%,390,95.82%,407
SUL,43,RS,431390,PANAMBI,75,5.65%,70,5.28%,1.182,89.07%,1.327
SUL,43,RS,431395,PANTANO GRANDE,18,4.24%,45,10.59%,362,85.18%,425
SUL,43,RS,431400,PARAI,2,0.68%,3,1.01%,291,98.31%,296
SUL,43,RS,431402,PARAISO DO SUL,4,1.69%,13,5.51%,219,92.8%,236
SUL,43,RS,431403,PARECI NOVO,6,2.44%,20,8.13%,220,89.43%,246
SUL,43,RS,431405,PAROBE,88,4.41%,134,6.71%,1.774,88.88%,1.996
SUL,43,RS,431406,PASSA SETE,5,2.62%,6,3.14%,180,94.24%,191
SUL,43,RS,431407,PASSO DO SOBRADO,9,3.18%,6,2.12%,268,94.7%,283
SUL,43,RS,431410,PASSO FUNDO,173,2.71%,356,5.58%,5.847,91.7%,6.376
SUL,43,RS,431413,PAULO BENTO,3,6.38%,2,4.26%,42,89.36%,47
SUL,43,RS,431415,PAVERAMA,9,2.33%,18,4.65%,360,93.02%,387
SUL,43,RS,431417,PEDRAS ALTAS,6,5.94%,14,13.86%,81,80.2%,101
SUL,43,RS,431420,PEDRO OSORIO,20,5.59%,20,5.59%,318,88.83%,358
SUL,43,RS,431430,PEJUCARA,27,13.3%,18,8.87%,158,77.83%,203
SUL,43,RS,431440,PELOTAS,212,3.08%,429,6.24%,6.237,90.68%,6.878
SUL,43,RS,431442,PICADA CAFE,3,1.19%,10,3.95%,240,94.86%,253
SUL,43,RS,431445,PINHAL,5,2.86%,6,3.43%,164,93.71%,175
SUL,43,RS,431446,PINHAL DA SERRA,21,31.82%,6,9.09%,39,59.09%,66
SUL,43,RS,431447,PINHAL GRANDE,7,6.42%,10,9.17%,92,84.4%,109
SUL,43,RS,431449,PINHEIRINHO DO VALE,6,2.7%,15,6.76%,201,90.54%,222
SUL,43,RS,431450,PINHEIRO MACHADO,76,18.23%,34,8.15%,307,73.62%,417
SUL,43,RS,431454,PINTO BANDEIRA,0,-,0,-,113,100%,113
SUL,43,RS,431455,PIRAPO,17,27.42%,5,8.06%,40,64.52%,62
SUL,43,RS,431460,PIRATINI,12,2.82%,21,4.93%,393,92.25%,426
SUL,43,RS,431470,PLANALTO,63,15.07%,23,5.5%,332,79.43%,418
SUL,43,RS,431475,POCO DAS ANTAS,2,2.08%,1,1.04%,93,96.88%,96
SUL,43,RS,431477,PONTAO,9,4.86%,21,11.35%,155,83.78%,185
SUL,43,RS,431478,PONTE PRETA,5,9.8%,4,7.84%,42,82.35%,51
SUL,43,RS,431480,PORTAO,37,2.54%,73,5.02%,1.344,92.43%,1.454
SUL,43,RS,431490,PORTO ALEGRE,1.185,3.02%,2.384,6.08%,35.657,90.9%,39.226
SUL,43,RS,431500,PORTO LUCENA,6,3.85%,10,6.41%,140,89.74%,156
SUL,43,RS,431505,PORTO MAUA,2,4.08%,3,6.12%,44,89.8%,49
SUL,43,RS,431507,PORTO VERA CRUZ,0,-,0,-,43,100%,43
SUL,43,RS,431510,PORTO XAVIER,10,4.02%,14,5.62%,225,90.36%,249
SUL,43,RS,431513,POUSO NOVO,4,4.71%,6,7.06%,75,88.24%,85
SUL,43,RS,431514,PRESIDENTE LUCENA,0,-,2,1.06%,186,98.94%,188
SUL,43,RS,431515,PROGRESSO,1,0.43%,15,6.52%,214,93.04%,230
SUL,43,RS,431517,PROTASIO ALVES,0,-,0,-,57,100%,57
SUL,43,RS,431520,PUTINGA,2,2.06%,4,4.12%,91,93.81%,97
SUL,43,RS,431530,QUARAI,19,3.17%,35,5.84%,545,90.98%,599
SUL,43,RS,431531,QUATRO IRMAOS,19,21.35%,6,6.74%,64,71.91%,89
SUL,43,RS,431532,QUEVEDOS,7,7%,7,7%,86,86%,100
SUL,43,RS,431535,QUINZE DE NOVEMBRO,1,0.45%,8,3.64%,211,95.91%,220
SUL,43,RS,431540,REDENTORA,21,5.75%,27,7.4%,317,86.85%,365
SUL,43,RS,431545,RELVADO,1,1.75%,3,5.26%,53,92.98%,57
SUL,43,RS,431550,RESTINGA SECA,6,0.9%,30,4.5%,631,94.6%,667
SUL,43,RS,431555,RIO DOS INDIOS,5,4.39%,5,4.39%,104,91.23%,114
SUL,43,RS,431560,RIO GRANDE,116,3.64%,203,6.36%,2.872,90%,3.191
SUL,43,RS,431570,RIO PARDO,38,2.29%,75,4.53%,1.544,93.18%,1.657
SUL,43,RS,431575,RIOZINHO,1,0.96%,5,4.81%,98,94.23%,104
SUL,43,RS,431580,ROCA SALES,6,1.35%,17,3.83%,421,94.82%,444
SUL,43,RS,431590,RODEIO BONITO,10,3.85%,12,4.62%,238,91.54%,260
SUL,43,RS,431595,ROLADOR,3,4.48%,6,8.96%,58,86.57%,67
SUL,43,RS,431600,ROLANTE,15,3.87%,40,10.31%,333,85.82%,388
SUL,43,RS,431610,RONDA ALTA,2,0.44%,27,5.92%,427,93.64%,456
SUL,43,RS,431620,RONDINHA,11,5.5%,8,4%,181,90.5%,200
SUL,43,RS,431630,ROQUE GONZALES,9,5.23%,10,5.81%,153,88.95%,172
SUL,43,RS,431640,ROSARIO DO SUL,113,9.27%,73,5.99%,1.033,84.74%,1.219
SUL,43,RS,431642,SAGRADA FAMILIA,9,7.26%,9,7.26%,106,85.48%,124
SUL,43,RS,431643,SALDANHA MARINHO,3,2.83%,8,7.55%,95,89.62%,106
SUL,43,RS,431645,SALTO DO JACUI,14,2.83%,38,7.68%,443,89.49%,495
SUL,43,RS,431647,SALVADOR DAS MISSOES,3,1.97%,9,5.92%,140,92.11%,152
SUL,43,RS,431650,SALVADOR DO SUL,5,1.36%,16,4.34%,348,94.31%,369
SUL,43,RS,431660,SANANDUVA,11,2.2%,19,3.8%,470,94%,500
SUL,43,RS,431670,SANTA BARBARA DO SUL,4,1.24%,14,4.33%,305,94.43%,323
SUL,43,RS,431673,SANTA CECILIA DO SUL,2,4.26%,0,-,45,95.74%,47
SUL,43,RS,431675,SANTA CLARA DO SUL,15,5.36%,20,7.14%,245,87.5%,280
SUL,43,RS,431680,SANTA CRUZ DO SUL,105,3.31%,172,5.42%,2.899,91.28%,3.176
SUL,43,RS,431690,SANTA MARIA,138,2.94%,299,6.37%,4.259,90.69%,4.696
SUL,43,RS,431695,SANTA MARIA DO HERVAL,3,8.11%,2,5.41%,32,86.49%,37
SUL,43,RS,431697,SANTA MARGARIDA DO SUL,8,8.33%,8,8.33%,80,83.33%,96
SUL,43,RS,431700,SANTANA DA BOA VISTA,37,18.78%,37,18.78%,123,62.44%,197
SUL,43,RS,431710,SANT'ANA DO LIVRAMENTO,67,2.65%,146,5.78%,2.313,91.57%,2.526
SUL,43,RS,431720,SANTA ROSA,92,3.29%,154,5.51%,2.547,91.19%,2.793
SUL,43,RS,431725,SANTA TEREZA,0,-,0,-,6,100%,6
SUL,43,RS,431730,SANTA VITORIA DO PALMAR,84,7.07%,79,6.65%,1.025,86.28%,1.188
SUL,43,RS,431740,SANTIAGO,18,2.07%,49,5.65%,801,92.28%,868
SUL,43,RS,431750,SANTO ANGELO,208,9.03%,171,7.42%,1.925,83.55%,2.304
SUL,43,RS,431755,SANTO ANTONIO DO PALMA,1,1.18%,1,1.18%,83,97.65%,85
SUL,43,RS,431760,SANTO ANTONIO DA PATRULHA,12,0.72%,50,3.01%,1.601,96.27%,1.663
SUL,43,RS,431770,SANTO ANTONIO DAS MISSOES,59,15.13%,27,6.92%,304,77.95%,390
SUL,43,RS,431775,SANTO ANTONIO DO PLANALTO,2,2.7%,3,4.05%,69,93.24%,74
SUL,43,RS,431780,SANTO AUGUSTO,18,3.1%,19,3.28%,543,93.62%,580
SUL,43,RS,431790,SANTO CRISTO,6,1.65%,12,3.31%,345,95.04%,363
SUL,43,RS,431795,SANTO EXPEDITO DO SUL,9,8.57%,4,3.81%,92,87.62%,105
SUL,43,RS,431800,SAO BORJA,56,4.25%,70,5.31%,1.193,90.45%,1.319
SUL,43,RS,431805,SAO DOMINGOS DO SUL,1,0.85%,5,4.24%,112,94.92%,118
SUL,43,RS,431810,SAO FRANCISCO DE ASSIS,15,4.23%,26,7.32%,314,88.45%,355
SUL,43,RS,431820,SAO FRANCISCO DE PAULA,17,4.79%,14,3.94%,324,91.27%,355
SUL,43,RS,431830,SAO GABRIEL,407,16.44%,235,9.49%,1.834,74.07%,2.476
SUL,43,RS,431840,SAO JERONIMO,16,2.24%,42,5.87%,657,91.89%,715
SUL,43,RS,431842,SAO JOAO DA URTIGA,2,1.4%,10,6.99%,131,91.61%,143
SUL,43,RS,431843,SAO JOAO DO POLESINE,2,1.75%,3,2.63%,109,95.61%,114
SUL,43,RS,431844,SAO JORGE,0,-,5,6.58%,71,93.42%,76
SUL,43,RS,431845,SAO JOSE DAS MISSOES,1,1.19%,2,2.38%,81,96.43%,84
SUL,43,RS,431846,SAO JOSE DO HERVAL,0,-,3,2.7%,108,97.3%,111
SUL,43,RS,431848,SAO JOSE DO HORTENCIO,0,-,2,1.11%,178,98.89%,180
SUL,43,RS,431849,SAO JOSE DO INHACORA,0,-,3,2.59%,113,97.41%,116
SUL,43,RS,431850,SAO JOSE DO NORTE,35,4.88%,41,5.72%,641,89.4%,717
SUL,43,RS,431860,SAO JOSE DO OURO,4,3.13%,10,7.81%,114,89.06%,128
SUL,43,RS,431861,SAO JOSE DO SUL,2,1.23%,3,1.84%,158,96.93%,163
SUL,43,RS,431862,SAO JOSE DOS AUSENTES,15,5.24%,15,5.24%,256,89.51%,286
SUL,43,RS,431870,SAO LEOPOLDO,97,3.11%,246,7.9%,2.771,88.99%,3.114
SUL,43,RS,431880,SAO LOURENCO DO SUL,54,5.09%,60,5.66%,946,89.25%,1.06
SUL,43,RS,431890,SAO LUIZ GONZAGA,80,5.94%,96,7.13%,1.171,86.93%,1.347
SUL,43,RS,431900,SAO MARCOS,25,5.2%,26,5.41%,430,89.4%,481
SUL,43,RS,431910,SAO MARTINHO,13,5.96%,8,3.67%,197,90.37%,218
SUL,43,RS,431912,SAO MARTINHO DA SERRA,4,2.55%,14,8.92%,139,88.54%,157
SUL,43,RS,431915,SAO MIGUEL DAS MISSOES,4,1.32%,10,3.31%,288,95.36%,302
SUL,43,RS,431920,SAO NICOLAU,1,0.58%,2,1.17%,168,98.25%,171
SUL,43,RS,431930,SAO PAULO DAS MISSOES,2,1.22%,4,2.44%,158,96.34%,164
SUL,43,RS,431935,SAO PEDRO DA SERRA,3,1.51%,10,5.03%,186,93.47%,199
SUL,43,RS,431936,SAO PEDRO DAS MISSOES,5,5.21%,11,11.46%,80,83.33%,96
SUL,43,RS,431937,SAO PEDRO DO BUTIA,3,2.01%,4,2.68%,142,95.3%,149
SUL,43,RS,431940,SAO PEDRO DO SUL,58,10.18%,33,5.79%,479,84.04%,570
SUL,43,RS,431950,SAO SEBASTIAO DO CAI,51,10.81%,41,8.69%,380,80.51%,472
SUL,43,RS,431960,SAO SEPE,71,7.9%,66,7.34%,762,84.76%,899
SUL,43,RS,431970,SAO VALENTIM,3,2.03%,6,4.05%,139,93.92%,148
SUL,43,RS,431971,SAO VALENTIM DO SUL,1,1.19%,1,1.19%,82,97.62%,84
SUL,43,RS,431973,SAO VALERIO DO SUL,8,4.94%,33,20.37%,121,74.69%,162
SUL,43,RS,431975,SAO VENDELINO,2,2.99%,2,2.99%,63,94.03%,67
SUL,43,RS,431980,SAO VICENTE DO SUL,47,14.6%,28,8.7%,247,76.71%,322
SUL,43,RS,431990,SAPIRANGA,224,6.95%,179,5.55%,2.822,87.5%,3.225
SUL,43,RS,432000,SAPUCAIA DO SUL,66,2.57%,158,6.16%,2.343,91.27%,2.567
SUL,43,RS,432010,SARANDI,15,3.08%,26,5.34%,446,91.58%,487
SUL,43,RS,432020,SEBERI,121,21.68%,44,7.89%,393,70.43%,558
SUL,43,RS,432023,SEDE NOVA,5,4.76%,7,6.67%,93,88.57%,105
SUL,43,RS,432026,SEGREDO,5,1.75%,8,2.8%,273,95.45%,286
SUL,43,RS,432030,SELBACH,4,2.38%,13,7.74%,151,89.88%,168
SUL,43,RS,432032,SENADOR SALGADO FILHO,2,1.65%,4,3.31%,115,95.04%,121
SUL,43,RS,432035,SENTINELA DO SUL,20,8.37%,28,11.72%,191,79.92%,239
SUL,43,RS,432040,SERAFINA CORREA,14,1.69%,38,4.6%,774,93.7%,826
SUL,43,RS,432045,SERIO,0,-,2,2.6%,75,97.4%,77
SUL,43,RS,432050,SERTAO,9,4.13%,14,6.42%,195,89.45%,218
SUL,43,RS,432055,SERTAO SANTANA,1,0.69%,4,2.78%,139,96.53%,144
SUL,43,RS,432057,SETE DE SETEMBRO,1,1.28%,3,3.85%,74,94.87%,78
SUL,43,RS,432060,SEVERIANO DE ALMEIDA,5,3.65%,6,4.38%,126,91.97%,137
SUL,43,RS,432065,SILVEIRA MARTINS,0,-,2,3.39%,57,96.61%,59
SUL,43,RS,432067,SINIMBU,7,2.67%,12,4.58%,243,92.75%,262
SUL,43,RS,432070,SOBRADINHO,17,2.84%,35,5.85%,546,91.3%,598
SUL,43,RS,432080,SOLEDADE,60,3.73%,74,4.6%,1.476,91.68%,1.61
SUL,43,RS,432085,TABAI,9,3.27%,21,7.64%,245,89.09%,275
SUL,43,RS,432090,TAPEJARA,8,1.93%,16,3.86%,391,94.22%,415
SUL,43,RS,432100,TAPERA,71,17.79%,43,10.78%,285,71.43%,399
SUL,43,RS,432110,TAPES,26,7.78%,27,8.08%,281,84.13%,334
SUL,43,RS,432120,TAQUARA,34,4.22%,51,6.34%,720,89.44%,805
SUL,43,RS,432130,TAQUARI,20,2.66%,41,5.44%,692,91.9%,753
SUL,43,RS,432132,TAQUARUCU DO SUL,3,2.61%,3,2.61%,109,94.78%,115
SUL,43,RS,432135,TAVARES,7,2.71%,12,4.65%,239,92.64%,258
SUL,43,RS,432140,TENENTE PORTELA,22,2.97%,35,4.73%,683,92.3%,740
SUL,43,RS,432143,TERRA DE AREIA,21,5.61%,36,9.63%,317,84.76%,374
SUL,43,RS,432145,TEUTONIA,13,0.84%,58,3.73%,1.485,95.44%,1.556
SUL,43,RS,432146,TIO HUGO,5,3.05%,11,6.71%,148,90.24%,164
SUL,43,RS,432147,TIRADENTES DO SUL,1,0.7%,1,0.7%,141,98.6%,143
SUL,43,RS,432149,TOROPI,12,12.9%,11,11.83%,70,75.27%,93
SUL,43,RS,432150,TORRES,42,2.65%,71,4.47%,1.474,92.88%,1.587
SUL,43,RS,432160,TRAMANDAI,38,4.12%,72,7.81%,812,88.07%,922
SUL,43,RS,432162,TRAVESSEIRO,1,1.15%,6,6.9%,80,91.95%,87
SUL,43,RS,432163,TRES ARROIOS,0,-,1,2.08%,47,97.92%,48
SUL,43,RS,432166,TRES CACHOEIRAS,3,0.67%,24,5.36%,421,93.97%,448
SUL,43,RS,432170,TRES COROAS,6,1.09%,21,3.83%,522,95.08%,549
SUL,43,RS,432180,TRES DE MAIO,26,4.45%,28,4.79%,530,90.75%,584
SUL,43,RS,432183,TRES FORQUILHAS,2,1.16%,8,4.65%,162,94.19%,172
SUL,43,RS,432185,TRES PALMEIRAS,10,4.37%,24,10.48%,195,85.15%,229
SUL,43,RS,432190,TRES PASSOS,27,3.06%,39,4.42%,816,92.52%,882
SUL,43,RS,432195,TRINDADE DO SUL,8,1.83%,26,5.96%,402,92.2%,436
SUL,43,RS,432200,TRIUNFO,78,9.54%,74,9.05%,666,81.42%,818
SUL,43,RS,432210,TUCUNDUVA,1,0.58%,10,5.81%,161,93.6%,172
SUL,43,RS,432215,TUNAS,1,0.66%,9,5.92%,142,93.42%,152
SUL,43,RS,432218,TUPANCI DO SUL,0,-,1,1.89%,52,98.11%,53
SUL,43,RS,432220,TUPANCIRETA,42,7.2%,43,7.38%,498,85.42%,583
SUL,43,RS,432225,TUPANDI,2,0.89%,4,1.79%,218,97.32%,224
SUL,43,RS,432230,TUPARENDI,4,2.09%,7,3.66%,180,94.24%,191
SUL,43,RS,432232,TURUCU,1,1.1%,6,6.59%,84,92.31%,91
SUL,43,RS,432234,UBIRETAMA,1,2.44%,2,4.88%,38,92.68%,41
SUL,43,RS,432235,UNIAO DA SERRA,0,-,0,-,15,100%,15
SUL,43,RS,432237,UNISTALDA,1,1.92%,5,9.62%,46,88.46%,52
SUL,43,RS,432240,URUGUAIANA,206,5.16%,246,6.16%,3.542,88.68%,3.994
SUL,43,RS,432250,VACARIA,133,4.54%,179,6.11%,2.616,89.34%,2.928
SUL,43,RS,432252,VALE VERDE,3,1.94%,7,4.52%,145,93.55%,155
SUL,43,RS,432253,VALE DO SOL,3,0.88%,15,4.39%,324,94.74%,342
SUL,43,RS,432254,VALE REAL,2,0.87%,7,3.03%,222,96.1%,231
SUL,43,RS,432255,VANINI,5,6.49%,1,1.3%,71,92.21%,77
SUL,43,RS,432260,VENANCIO AIRES,21,1.16%,63,3.49%,1.719,95.34%,1.803
SUL,43,RS,432270,VERA CRUZ,19,1.58%,36,2.99%,1.15,95.44%,1.205
SUL,43,RS,432280,VERANOPOLIS,24,3.4%,30,4.26%,651,92.34%,705
SUL,43,RS,432285,VESPASIANO CORREA,3,4.11%,5,6.85%,65,89.04%,73
SUL,43,RS,432290,VIADUTOS,3,2.73%,8,7.27%,99,90%,110
SUL,43,RS,432300,VIAMAO,427,4.87%,658,7.51%,7.681,87.62%,8.766
SUL,43,RS,432310,VICENTE DUTRA,27,11.39%,20,8.44%,190,80.17%,237
SUL,43,RS,432320,VICTOR GRAEFF,1,0.81%,3,2.42%,120,96.77%,124
SUL,43,RS,432330,VILA FLORES,2,1.14%,9,5.14%,164,93.71%,175
SUL,43,RS,432335,VILA LANGARO,1,1.89%,0,-,52,98.11%,53
SUL,43,RS,432340,VILA MARIA,9,5.06%,3,1.69%,166,93.26%,178
SUL,43,RS,432345,VILA NOVA DO SUL,7,3.32%,5,2.37%,199,94.31%,211
SUL,43,RS,432350,VISTA ALEGRE,4,2.99%,13,9.7%,117,87.31%,134
SUL,43,RS,432360,VISTA ALEGRE DO PRATA,0,-,2,4.17%,46,95.83%,48
SUL,43,RS,432370,VISTA GAUCHA,1,2.17%,0,-,45,97.83%,46
SUL,43,RS,432375,VITORIA DAS MISSOES,1,1.27%,6,7.59%,72,91.14%,79
SUL,43,RS,432377,WESTFALIA,0,-,3,2.24%,131,97.76%,134
SUL,43,RS,432380,XANGRI-LA,10,4.42%,25,11.06%,191,84.51%,226
CENTRO-OESTE,50,MS,500020,AGUA CLARA,23,1.9%,56,4.62%,1.133,93.48%,1.212
CENTRO-OESTE,50,MS,500025,ALCINOPOLIS,5,2.04%,6,2.45%,234,95.51%,245
CENTRO-OESTE,50,MS,500060,AMAMBAI,85,3.9%,191,8.77%,1.901,87.32%,2.177
CENTRO-OESTE,50,MS,500070,ANASTACIO,64,3.88%,86,5.21%,1.501,90.91%,1.651
CENTRO-OESTE,50,MS,500080,ANAURILANDIA,7,3.47%,7,3.47%,188,93.07%,202
CENTRO-OESTE,50,MS,500085,ANGELICA,27,3.9%,48,6.94%,617,89.16%,692
CENTRO-OESTE,50,MS,500090,ANTONIO JOAO,22,4.06%,44,8.12%,476,87.82%,542
CENTRO-OESTE,50,MS,500100,APARECIDA DO TABOADO,31,2.16%,88,6.14%,1.314,91.7%,1.433
CENTRO-OESTE,50,MS,500110,AQUIDAUANA,172,5.57%,263,8.51%,2.655,85.92%,3.09
CENTRO-OESTE,50,MS,500124,ARAL MOREIRA,43,5.86%,60,8.17%,631,85.97%,734
CENTRO-OESTE,50,MS,500150,BANDEIRANTES,9,2.19%,21,5.11%,381,92.7%,411
CENTRO-OESTE,50,MS,500190,BATAGUASSU,28,2.1%,71,5.33%,1.234,92.57%,1.333
CENTRO-OESTE,50,MS,500200,BATAYPORA,6,1%,31,5.15%,565,93.85%,602
CENTRO-OESTE,50,MS,500210,BELA VISTA,53,4.93%,69,6.42%,953,88.65%,1.075
CENTRO-OESTE,50,MS,500215,BODOQUENA,27,7.48%,35,9.7%,299,82.83%,361
CENTRO-OESTE,50,MS,500220,BONITO,42,3.49%,67,5.56%,1.096,90.95%,1.205
CENTRO-OESTE,50,MS,500230,BRASILANDIA,10,1.51%,32,4.84%,619,93.65%,661
CENTRO-OESTE,50,MS,500240,CAARAPO,57,3.75%,105,6.91%,1.357,89.34%,1.519
CENTRO-OESTE,50,MS,500260,CAMAPUA,25,3.12%,50,6.23%,727,90.65%,802
CENTRO-OESTE,50,MS,500270,CAMPO GRANDE,1.105,3.86%,1.809,6.31%,25.743,89.83%,28.657
CENTRO-OESTE,50,MS,500280,CARACOL,9,2.47%,28,7.67%,328,89.86%,365
CENTRO-OESTE,50,MS,500290,CASSILANDIA,137,10.76%,127,9.98%,1.009,79.26%,1.273
CENTRO-OESTE,50,MS,500295,CHAPADAO DO SUL,31,1.57%,102,5.17%,1.839,93.26%,1.972
CENTRO-OESTE,50,MS,500310,CORGUINHO,5,3.14%,16,10.06%,138,86.79%,159
CENTRO-OESTE,50,MS,500315,CORONEL SAPUCAIA,59,4.52%,81,6.21%,1.165,89.27%,1.305
CENTRO-OESTE,50,MS,500320,CORUMBA,171,3.88%,306,6.95%,3.925,89.16%,4.402
CENTRO-OESTE,50,MS,500325,COSTA RICA,76,4.71%,115,7.12%,1.424,88.17%,1.615
CENTRO-OESTE,50,MS,500330,COXIM,29,2.11%,78,5.67%,1.268,92.22%,1.375
CENTRO-OESTE,50,MS,500345,DEODAPOLIS,9,1.16%,32,4.13%,734,94.71%,775
CENTRO-OESTE,50,MS,500348,DOIS IRMAOS DO BURITI,15,3.36%,22,4.92%,410,91.72%,447
CENTRO-OESTE,50,MS,500350,DOURADINA,16,5.76%,19,6.83%,243,87.41%,278
CENTRO-OESTE,50,MS,500370,DOURADOS,262,2.58%,595,5.86%,9.297,91.56%,10.154
CENTRO-OESTE,50,MS,500375,ELDORADO,48,8.97%,39,7.29%,448,83.74%,535
CENTRO-OESTE,50,MS,500380,FATIMA DO SUL,12,1.31%,48,5.26%,853,93.43%,913
CENTRO-OESTE,50,MS,500390,FIGUEIRAO,2,1.11%,11,6.11%,167,92.78%,180
CENTRO-OESTE,50,MS,500400,GLORIA DE DOURADOS,9,1.86%,21,4.33%,455,93.81%,485
CENTRO-OESTE,50,MS,500410,GUIA LOPES DA LAGUNA,12,2.32%,26,5.02%,480,92.66%,518
CENTRO-OESTE,50,MS,500430,IGUATEMI,28,3.54%,40,5.06%,723,91.4%,791
CENTRO-OESTE,50,MS,500440,INOCENCIA,18,2.96%,27,4.44%,563,92.6%,608
CENTRO-OESTE,50,MS,500450,ITAPORA,59,7.2%,58,7.07%,703,85.73%,820
CENTRO-OESTE,50,MS,500460,ITAQUIRAI,53,5.32%,72,7.23%,871,87.45%,996
CENTRO-OESTE,50,MS,500470,IVINHEMA,66,5.41%,98,8.04%,1.055,86.55%,1.219
CENTRO-OESTE,50,MS,500480,JAPORA,40,6.7%,57,9.55%,500,83.75%,597
CENTRO-OESTE,50,MS,500490,JARAGUARI,4,2.84%,5,3.55%,132,93.62%,141
CENTRO-OESTE,50,MS,500500,JARDIM,45,3.25%,79,5.71%,1.26,91.04%,1.384
CENTRO-OESTE,50,MS,500510,JATEI,5,2.43%,9,4.37%,192,93.2%,206
CENTRO-OESTE,50,MS,500515,JUTI,20,4.56%,24,5.47%,395,89.98%,439
CENTRO-OESTE,50,MS,500520,LADARIO,40,3.57%,81,7.23%,1,89.21%,1.121
CENTRO-OESTE,50,MS,500525,LAGUNA CARAPA,16,3.08%,40,7.71%,463,89.21%,519
CENTRO-OESTE,50,MS,500540,MARACAJU,140,4.84%,280,9.67%,2.475,85.49%,2.895
CENTRO-OESTE,50,MS,500560,MIRANDA,90,4.75%,111,5.85%,1.695,89.4%,1.896
CENTRO-OESTE,50,MS,500568,MUNDO NOVO,33,3.82%,53,6.13%,779,90.06%,865
CENTRO-OESTE,50,MS,500570,NAVIRAI,58,2.92%,147,7.39%,1.783,89.69%,1.988
CENTRO-OESTE,50,MS,500580,NIOAQUE,53,6.76%,49,6.25%,682,86.99%,784
CENTRO-OESTE,50,MS,500600,NOVA ALVORADA DO SUL,50,5.59%,62,6.93%,783,87.49%,895
CENTRO-OESTE,50,MS,500620,NOVA ANDRADINA,77,3.78%,125,6.13%,1.836,90.09%,2.038
CENTRO-OESTE,50,MS,500625,NOVO HORIZONTE DO SUL,18,6.27%,21,7.32%,248,86.41%,287
CENTRO-OESTE,50,MS,500627,PARAISO DAS AGUAS,7,1.87%,10,2.67%,358,95.47%,375
CENTRO-OESTE,50,MS,500630,PARANAIBA,43,4.28%,80,7.96%,882,87.76%,1.005
CENTRO-OESTE,50,MS,500635,PARANHOS,64,4.27%,163,10.88%,1.271,84.85%,1.498
CENTRO-OESTE,50,MS,500640,PEDRO GOMES,17,4.47%,24,6.32%,339,89.21%,380
CENTRO-OESTE,50,MS,500660,PONTA PORA,257,4.48%,327,5.7%,5.154,89.82%,5.738
CENTRO-OESTE,50,MS,500690,PORTO MURTINHO,36,3.87%,62,6.66%,833,89.47%,931
CENTRO-OESTE,50,MS,500710,RIBAS DO RIO PARDO,27,1.57%,57,3.32%,1.631,95.1%,1.715
CENTRO-OESTE,50,MS,500720,RIO BRILHANTE,68,4.07%,90,5.39%,1.511,90.53%,1.669
CENTRO-OESTE,50,MS,500730,RIO NEGRO,16,6.04%,12,4.53%,237,89.43%,265
CENTRO-OESTE,50,MS,500740,RIO VERDE DE MATO GROSSO,18,1.7%,60,5.67%,981,92.63%,1.059
CENTRO-OESTE,50,MS,500750,ROCHEDO,8,3.33%,30,12.5%,202,84.17%,240
CENTRO-OESTE,50,MS,500755,SANTA RITA DO PARDO,14,3.37%,32,7.69%,370,88.94%,416
CENTRO-OESTE,50,MS,500769,SAO GABRIEL DO OESTE,35,2.16%,102,6.29%,1.485,91.55%,1.622
CENTRO-OESTE,50,MS,500770,SETE QUEDAS,31,4.86%,36,5.64%,571,89.5%,638
CENTRO-OESTE,50,MS,500780,SELVIRIA,39,9.35%,28,6.71%,350,83.93%,417
CENTRO-OESTE,50,MS,500790,SIDROLANDIA,63,2.89%,136,6.24%,1.98,90.87%,2.179
CENTRO-OESTE,50,MS,500793,SONORA,13,1.8%,42,5.83%,666,92.37%,721
CENTRO-OESTE,50,MS,500795,TACURU,51,7.19%,75,10.58%,583,82.23%,709
CENTRO-OESTE,50,MS,500797,TAQUARUSSU,4,2.13%,15,7.98%,169,89.89%,188
CENTRO-OESTE,50,MS,500800,TERENOS,26,4.91%,26,4.91%,478,90.19%,530
CENTRO-OESTE,50,MS,500830,TRES LAGOAS,138,2.32%,289,4.85%,5.528,92.83%,5.955
CENTRO-OESTE,50,MS,500840,VICENTINA,11,8.46%,11,8.46%,108,83.08%,130
CENTRO-OESTE,51,MT,510010,ACORIZAL,9,3.73%,13,5.39%,219,90.87%,241
CENTRO-OESTE,51,MT,510020,AGUA BOA,57,2.96%,126,6.55%,1.74,90.48%,1.923
CENTRO-OESTE,51,MT,510025,ALTA FLORESTA,97,3.63%,164,6.14%,2.41,90.23%,2.671
CENTRO-OESTE,51,MT,510030,ALTO ARAGUAIA,41,6.08%,54,8.01%,579,85.91%,674
CENTRO-OESTE,51,MT,510035,ALTO BOA VISTA,17,3.3%,19,3.69%,479,93.01%,515
CENTRO-OESTE,51,MT,510040,ALTO GARCAS,99,13.73%,66,9.15%,556,77.12%,721
CENTRO-OESTE,51,MT,510050,ALTO PARAGUAI,16,3.05%,36,6.87%,472,90.08%,524
CENTRO-OESTE,51,MT,510060,ALTO TAQUARI,11,1.79%,36,5.87%,566,92.33%,613
CENTRO-OESTE,51,MT,510080,APIACAS,27,5.68%,28,5.89%,420,88.42%,475
CENTRO-OESTE,51,MT,510100,ARAGUAIANA,7,3.18%,10,4.55%,203,92.27%,220
CENTRO-OESTE,51,MT,510120,ARAGUAINHA,2,2.63%,4,5.26%,70,92.11%,76
CENTRO-OESTE,51,MT,510125,ARAPUTANGA,16,2.21%,27,3.72%,682,94.07%,725
CENTRO-OESTE,51,MT,510130,ARENAPOLIS,31,4.49%,35,5.07%,625,90.45%,691
CENTRO-OESTE,51,MT,510140,ARIPUANA,49,2.95%,93,5.6%,1.518,91.45%,1.66
CENTRO-OESTE,51,MT,510160,BARAO DE MELGACO,7,2.17%,19,5.9%,296,91.93%,322
CENTRO-OESTE,51,MT,510170,BARRA DO BUGRES,26,1.87%,80,5.74%,1.287,92.39%,1.393
CENTRO-OESTE,51,MT,510180,BARRA DO GARCAS,130,4.14%,249,7.92%,2.763,87.94%,3.142
CENTRO-OESTE,51,MT,510183,BOA ESPERANCA DO NORTE,0,-,0,-,0,-,0
CENTRO-OESTE,51,MT,510185,BOM JESUS DO ARAGUAIA,61,12.68%,38,7.9%,382,79.42%,481
CENTRO-OESTE,51,MT,510190,BRASNORTE,57,4.57%,84,6.74%,1.106,88.69%,1.247
CENTRO-OESTE,51,MT,510250,CACERES,111,2.87%,216,5.59%,3.534,91.53%,3.861
CENTRO-OESTE,51,MT,510260,CAMPINAPOLIS,182,12.6%,178,12.32%,1.085,75.09%,1.445
CENTRO-OESTE,51,MT,510263,CAMPO NOVO DO PARECIS,144,4.19%,221,6.42%,3.075,89.39%,3.44
CENTRO-OESTE,51,MT,510267,CAMPO VERDE,36,1.57%,100,4.37%,2.152,94.06%,2.288
CENTRO-OESTE,51,MT,510268,CAMPOS DE JULIO,9,2.17%,20,4.82%,386,93.01%,415
CENTRO-OESTE,51,MT,510269,CANABRAVA DO NORTE,4,1.75%,15,6.55%,210,91.7%,229
CENTRO-OESTE,51,MT,510270,CANARANA,40,2.69%,71,4.77%,1.376,92.54%,1.487
CENTRO-OESTE,51,MT,510279,CARLINDA,6,2.91%,13,6.31%,187,90.78%,206
CENTRO-OESTE,51,MT,510285,CASTANHEIRA,25,5.15%,33,6.8%,427,88.04%,485
CENTRO-OESTE,51,MT,510300,CHAPADA DOS GUIMARAES,42,3.89%,87,8.06%,950,88.04%,1.079
CENTRO-OESTE,51,MT,510305,CLAUDIA,23,5.01%,37,8.06%,399,86.93%,459
CENTRO-OESTE,51,MT,510310,COCALINHO,15,3.96%,25,6.6%,339,89.45%,379
CENTRO-OESTE,51,MT,510320,COLIDER,22,3.64%,40,6.62%,542,89.74%,604
CENTRO-OESTE,51,MT,510325,COLNIZA,24,1.84%,54,4.14%,1.226,94.02%,1.304
CENTRO-OESTE,51,MT,510330,COMODORO,30,2.58%,60,5.16%,1.073,92.26%,1.163
CENTRO-OESTE,51,MT,510335,CONFRESA,437,14.21%,264,8.59%,2.374,77.2%,3.075
CENTRO-OESTE,51,MT,510336,CONQUISTA D'OESTE,3,1.06%,13,4.61%,266,94.33%,282
CENTRO-OESTE,51,MT,510337,COTRIGUACU,38,5.58%,28,4.11%,615,90.31%,681
CENTRO-OESTE,51,MT,510340,CUIABA,561,2.51%,1.189,5.31%,20.629,92.18%,22.379
CENTRO-OESTE,51,MT,510343,CURVELANDIA,6,3.92%,4,2.61%,143,93.46%,153
CENTRO-OESTE,51,MT,510345,DENISE,11,5%,19,8.64%,190,86.36%,220
CENTRO-OESTE,51,MT,510350,DIAMANTINO,21,2.46%,49,5.74%,783,91.79%,853
CENTRO-OESTE,51,MT,510360,DOM AQUINO,11,2.59%,18,4.25%,395,93.16%,424
CENTRO-OESTE,51,MT,510370,FELIZ NATAL,57,9.53%,76,12.71%,465,77.76%,598
CENTRO-OESTE,51,MT,510380,FIGUEIROPOLIS D'OESTE,6,4.92%,5,4.1%,111,90.98%,122
CENTRO-OESTE,51,MT,510385,GAUCHA DO NORTE,39,4.64%,72,8.57%,729,86.79%,840
CENTRO-OESTE,51,MT,510390,GENERAL CARNEIRO,19,5.43%,34,9.71%,297,84.86%,350
CENTRO-OESTE,51,MT,510395,GLORIA D'OESTE,7,4.29%,11,6.75%,145,88.96%,163
CENTRO-OESTE,51,MT,510410,GUARANTA DO NORTE,27,1.73%,50,3.21%,1.481,95.06%,1.558
CENTRO-OESTE,51,MT,510420,GUIRATINGA,8,2.44%,16,4.88%,304,92.68%,328
CENTRO-OESTE,51,MT,510450,INDIAVAI,1,1.05%,4,4.21%,90,94.74%,95
CENTRO-OESTE,51,MT,510452,IPIRANGA DO NORTE,40,6.72%,35,5.88%,520,87.39%,595
CENTRO-OESTE,51,MT,510454,ITANHANGA,6,1.44%,23,5.53%,387,93.03%,416
CENTRO-OESTE,51,MT,510455,ITAUBA,16,4.07%,19,4.83%,358,91.09%,393
CENTRO-OESTE,51,MT,510460,ITIQUIRA,32,6.74%,34,7.16%,409,86.11%,475
CENTRO-OESTE,51,MT,510480,JACIARA,60,4.39%,76,5.56%,1.231,90.05%,1.367
CENTRO-OESTE,51,MT,510490,JANGADA,29,7.25%,31,7.75%,340,85%,400
CENTRO-OESTE,51,MT,510500,JAURU,9,6%,14,9.33%,127,84.67%,150
CENTRO-OESTE,51,MT,510510,JUARA,65,3.05%,116,5.44%,1.953,91.52%,2.134
CENTRO-OESTE,51,MT,510515,JUINA,50,3.67%,92,6.76%,1.219,89.57%,1.361
CENTRO-OESTE,51,MT,510517,JURUENA,33,9.38%,22,6.25%,297,84.38%,352
CENTRO-OESTE,51,MT,510520,JUSCIMEIRA,8,1.74%,20,4.35%,432,93.91%,460
CENTRO-OESTE,51,MT,510523,LAMBARI D'OESTE,10,3.95%,11,4.35%,232,91.7%,253
CENTRO-OESTE,51,MT,510525,LUCAS DO RIO VERDE,342,14.44%,211,8.91%,1.815,76.65%,2.368
CENTRO-OESTE,51,MT,510530,LUCIARA,12,6.06%,12,6.06%,174,87.88%,198
CENTRO-OESTE,51,MT,510550,VILA BELA DA SANTISSIMA TRINDADE,72,7.24%,66,6.64%,856,86.12%,994
CENTRO-OESTE,51,MT,510558,MARCELANDIA,47,5.95%,69,8.73%,674,85.32%,790
CENTRO-OESTE,51,MT,510560,MATUPA,60,4.47%,51,3.8%,1.232,91.73%,1.343
CENTRO-OESTE,51,MT,510562,MIRASSOL D'OESTE,62,4.57%,112,8.26%,1.182,87.17%,1.356
CENTRO-OESTE,51,MT,510590,NOBRES,32,4.46%,54,7.53%,631,88.01%,717
CENTRO-OESTE,51,MT,510600,NORTELANDIA,18,6.45%,23,8.24%,238,85.3%,279
CENTRO-OESTE,51,MT,510610,NOSSA SENHORA DO LIVRAMENTO,91,13.44%,73,10.78%,513,75.78%,677
CENTRO-OESTE,51,MT,510615,NOVA BANDEIRANTES,17,1.89%,39,4.33%,845,93.78%,901
CENTRO-OESTE,51,MT,510617,NOVA NAZARE,33,6.79%,63,12.96%,390,80.25%,486
CENTRO-OESTE,51,MT,510618,NOVA LACERDA,13,2.49%,31,5.94%,478,91.57%,522
CENTRO-OESTE,51,MT,510619,NOVA SANTA HELENA,50,12.69%,38,9.64%,306,77.66%,394
CENTRO-OESTE,51,MT,510620,NOVA BRASILANDIA,9,3.6%,7,2.8%,234,93.6%,250
CENTRO-OESTE,51,MT,510621,NOVA CANAA DO NORTE,10,2.01%,48,9.66%,439,88.33%,497
CENTRO-OESTE,51,MT,510622,NOVA MUTUM,43,2.14%,113,5.61%,1.858,92.25%,2.014
CENTRO-OESTE,51,MT,510623,NOVA OLIMPIA,10,1.78%,44,7.83%,508,90.39%,562
CENTRO-OESTE,51,MT,510624,NOVA UBIRATA,10,4.12%,15,6.17%,218,89.71%,243
CENTRO-OESTE,51,MT,510625,NOVA XAVANTINA,33,3%,51,4.64%,1.015,92.36%,1.099
CENTRO-OESTE,51,MT,510626,NOVO MUNDO,17,2.82%,35,5.81%,550,91.36%,602
CENTRO-OESTE,51,MT,510627,NOVO HORIZONTE DO NORTE,1,0.64%,2,1.28%,153,98.08%,156
CENTRO-OESTE,51,MT,510628,NOVO SAO JOAQUIM,21,4.38%,28,5.85%,430,89.77%,479
CENTRO-OESTE,51,MT,510629,PARANAITA,34,6.07%,50,8.93%,476,85%,560
CENTRO-OESTE,51,MT,510630,PARANATINGA,53,4.97%,83,7.78%,931,87.25%,1.067
CENTRO-OESTE,51,MT,510631,NOVO SANTO ANTONIO,3,2.19%,5,3.65%,129,94.16%,137
CENTRO-OESTE,51,MT,510637,PEDRA PRETA,24,4.29%,54,9.66%,481,86.05%,559
CENTRO-OESTE,51,MT,510642,PEIXOTO DE AZEVEDO,86,3.91%,130,5.9%,1.986,90.19%,2.202
CENTRO-OESTE,51,MT,510645,PLANALTO DA SERRA,3,0.97%,12,3.88%,294,95.15%,309
CENTRO-OESTE,51,MT,510650,POCONE,133,6.53%,152,7.46%,1.752,86.01%,2.037
CENTRO-OESTE,51,MT,510665,PONTAL DO ARAGUAIA,29,8.87%,18,5.5%,280,85.63%,327
CENTRO-OESTE,51,MT,510670,PONTE BRANCA,3,2.83%,5,4.72%,98,92.45%,106
CENTRO-OESTE,51,MT,510675,PONTES E LACERDA,24,1.99%,63,5.23%,1.118,92.78%,1.205
CENTRO-OESTE,51,MT,510677,PORTO ALEGRE DO NORTE,59,6.65%,81,9.13%,747,84.22%,887
CENTRO-OESTE,51,MT,510680,PORTO DOS GAUCHOS,6,1.22%,18,3.67%,467,95.11%,491
CENTRO-OESTE,51,MT,510682,PORTO ESPERIDIAO,18,2.37%,50,6.57%,693,91.06%,761
CENTRO-OESTE,51,MT,510685,PORTO ESTRELA,5,5.15%,4,4.12%,88,90.72%,97
CENTRO-OESTE,51,MT,510700,POXOREO,29,4.24%,41,5.99%,614,89.77%,684
CENTRO-OESTE,51,MT,510704,PRIMAVERA DO LESTE,91,2.02%,207,4.59%,4.212,93.39%,4.51
CENTRO-OESTE,51,MT,510706,QUERENCIA,66,2.2%,169,5.64%,2.759,92.15%,2.994
CENTRO-OESTE,51,MT,510710,SAO JOSE DOS QUATRO MARCOS,24,3.15%,52,6.83%,685,90.01%,761
CENTRO-OESTE,51,MT,510715,RESERVA DO CABACAL,6,4.58%,4,3.05%,121,92.37%,131
CENTRO-OESTE,51,MT,510718,RIBEIRAO CASCALHEIRA,25,3.91%,48,7.5%,567,88.59%,640
CENTRO-OESTE,51,MT,510719,RIBEIRAOZINHO,5,3.07%,15,9.2%,143,87.73%,163
CENTRO-OESTE,51,MT,510720,RIO BRANCO,6,3.3%,12,6.59%,164,90.11%,182
CENTRO-OESTE,51,MT,510724,SANTA CARMEM,5,1.54%,16,4.94%,303,93.52%,324
CENTRO-OESTE,51,MT,510726,SANTO AFONSO,7,4.22%,4,2.41%,155,93.37%,166
CENTRO-OESTE,51,MT,510729,SAO JOSE DO POVO,1,0.86%,9,7.76%,106,91.38%,116
CENTRO-OESTE,51,MT,510730,SAO JOSE DO RIO CLARO,144,13.85%,95,9.13%,801,77.02%,1.04
CENTRO-OESTE,51,MT,510735,SAO JOSE DO XINGU,24,4.1%,30,5.13%,531,90.77%,585
CENTRO-OESTE,51,MT,510740,SAO PEDRO DA CIPA,24,12%,11,5.5%,165,82.5%,200
CENTRO-OESTE,51,MT,510757,RONDOLANDIA,11,7.48%,15,10.2%,121,82.31%,147
CENTRO-OESTE,51,MT,510760,RONDONOPOLIS,342,3.74%,575,6.28%,8.238,89.98%,9.155
CENTRO-OESTE,51,MT,510770,ROSARIO OESTE,29,5.56%,28,5.36%,465,89.08%,522
CENTRO-OESTE,51,MT,510774,SANTA CRUZ DO XINGU,3,1.43%,1,0.48%,206,98.1%,210
CENTRO-OESTE,51,MT,510775,SALTO DO CEU,23,9.43%,17,6.97%,204,83.61%,244
CENTRO-OESTE,51,MT,510776,SANTA RITA DO TRIVELATO,14,6.09%,28,12.17%,188,81.74%,230
CENTRO-OESTE,51,MT,510777,SANTA TEREZINHA,34,7.62%,26,5.83%,386,86.55%,446
CENTRO-OESTE,51,MT,510779,SANTO ANTONIO DO LESTE,6,2%,17,5.67%,277,92.33%,300
CENTRO-OESTE,51,MT,510780,SANTO ANTONIO DO LEVERGER,39,3.54%,61,5.54%,1.002,90.93%,1.102
CENTRO-OESTE,51,MT,510785,SAO FELIX DO ARAGUAIA,10,1.4%,48,6.74%,654,91.85%,712
CENTRO-OESTE,51,MT,510787,SAPEZAL,73,4.72%,112,7.25%,1.36,88.03%,1.545
CENTRO-OESTE,51,MT,510788,SERRA NOVA DOURADA,9,6.87%,14,10.69%,108,82.44%,131
CENTRO-OESTE,51,MT,510790,SINOP,213,1.85%,529,4.58%,10.796,93.57%,11.538
CENTRO-OESTE,51,MT,510792,SORRISO,276,7.12%,408,10.52%,3.194,82.36%,3.878
CENTRO-OESTE,51,MT,510794,TABAPORA,30,5.28%,35,6.16%,503,88.56%,568
CENTRO-OESTE,51,MT,510795,TANGARA DA SERRA,111,2.68%,209,5.04%,3.824,92.28%,4.144
CENTRO-OESTE,51,MT,510800,TAPURAH,28,3.99%,31,4.42%,643,91.6%,702
CENTRO-OESTE,51,MT,510805,TERRA NOVA DO NORTE,18,3.62%,30,6.04%,449,90.34%,497
CENTRO-OESTE,51,MT,510810,TESOURO,10,6.29%,10,6.29%,139,87.42%,159
CENTRO-OESTE,51,MT,510820,TORIXOREU,9,6%,10,6.67%,131,87.33%,150
CENTRO-OESTE,51,MT,510830,UNIAO DO SUL,18,4.71%,32,8.38%,332,86.91%,382
CENTRO-OESTE,51,MT,510835,VALE DE SAO DOMINGOS,8,4.44%,7,3.89%,165,91.67%,180
CENTRO-OESTE,51,MT,510840,VARZEA GRANDE,480,3.8%,847,6.7%,11.319,89.51%,12.646
CENTRO-OESTE,51,MT,510850,VERA,11,2.43%,28,6.18%,414,91.39%,453
CENTRO-OESTE,51,MT,510860,VILA RICA,24,1.79%,53,3.96%,1.262,94.25%,1.339
CENTRO-OESTE,51,MT,510880,NOVA GUARITA,20,5.54%,21,5.82%,320,88.64%,361
CENTRO-OESTE,51,MT,510885,NOVA MARILANDIA,1,0.4%,6,2.43%,240,97.17%,247
CENTRO-OESTE,51,MT,510890,NOVA MARINGA,57,13.04%,32,7.32%,348,79.63%,437
CENTRO-OESTE,51,MT,510895,NOVA MONTE VERDE,11,2.78%,15,3.79%,370,93.43%,396
CENTRO-OESTE,52,GO,520005,ABADIA DE GOIAS,101,8.64%,136,11.63%,932,79.73%,1.169
CENTRO-OESTE,52,GO,520010,ABADIANIA,28,4.27%,43,6.55%,585,89.18%,656
CENTRO-OESTE,52,GO,520013,ACREUNA,22,5.56%,36,9.09%,338,85.35%,396
CENTRO-OESTE,52,GO,520015,ADELANDIA,2,2.33%,3,3.49%,81,94.19%,86
CENTRO-OESTE,52,GO,520017,AGUA FRIA DE GOIAS,17,5.99%,28,9.86%,239,84.15%,284
CENTRO-OESTE,52,GO,520020,AGUA LIMPA,6,5.66%,10,9.43%,90,84.91%,106
CENTRO-OESTE,52,GO,520025,AGUAS LINDAS DE GOIAS,387,3.39%,824,7.22%,10.202,89.39%,11.413
CENTRO-OESTE,52,GO,520030,ALEXANIA,32,2.26%,68,4.8%,1.317,92.94%,1.417
CENTRO-OESTE,52,GO,520050,ALOANDIA,1,1.72%,10,17.24%,47,81.03%,58
CENTRO-OESTE,52,GO,520055,ALTO HORIZONTE,10,3.31%,17,5.63%,275,91.06%,302
CENTRO-OESTE,52,GO,520060,ALTO PARAISO DE GOIAS,15,2.63%,45,7.88%,511,89.49%,571
CENTRO-OESTE,52,GO,520080,ALVORADA DO NORTE,18,3.77%,23,4.81%,437,91.42%,478
CENTRO-OESTE,52,GO,520082,AMARALINA,10,5.46%,4,2.19%,169,92.35%,183
CENTRO-OESTE,52,GO,520085,AMERICANO DO BRASIL,7,2.59%,19,7.04%,244,90.37%,270
CENTRO-OESTE,52,GO,520090,AMORINOPOLIS,7,4.76%,10,6.8%,130,88.44%,147
CENTRO-OESTE,52,GO,520110,ANAPOLIS,699,5.92%,803,6.81%,10.296,87.27%,11.798
CENTRO-OESTE,52,GO,520120,ANHANGUERA,2,4.76%,1,2.38%,39,92.86%,42
CENTRO-OESTE,52,GO,520130,ANICUNS,17,2.02%,37,4.4%,786,93.57%,840
CENTRO-OESTE,52,GO,520140,APARECIDA DE GOIANIA,2.355,14.13%,1.183,7.1%,13.125,78.77%,16.663
CENTRO-OESTE,52,GO,520145,APARECIDA DO RIO DOCE,7,6.6%,8,7.55%,91,85.85%,106
CENTRO-OESTE,52,GO,520150,APORE,12,4.15%,17,5.88%,260,89.97%,289
CENTRO-OESTE,52,GO,520160,ARACU,8,5.33%,14,9.33%,128,85.33%,150
CENTRO-OESTE,52,GO,520170,ARAGARCAS,151,25.68%,29,4.93%,408,69.39%,588
CENTRO-OESTE,52,GO,520180,ARAGOIANIA,26,3.77%,38,5.51%,626,90.72%,690
CENTRO-OESTE,52,GO,520215,ARAGUAPAZ,11,5.16%,16,7.51%,186,87.32%,213
CENTRO-OESTE,52,GO,520235,ARENOPOLIS,6,3.73%,3,1.86%,152,94.41%,161
CENTRO-OESTE,52,GO,520250,ARUANA,15,3.52%,33,7.75%,378,88.73%,426
CENTRO-OESTE,52,GO,520260,AURILANDIA,3,3.57%,8,9.52%,73,86.9%,84
CENTRO-OESTE,52,GO,520280,AVELINOPOLIS,1,0.71%,8,5.71%,131,93.57%,140
CENTRO-OESTE,52,GO,520310,BALIZA,5,3.18%,7,4.46%,145,92.36%,157
CENTRO-OESTE,52,GO,520320,BARRO ALTO,18,4.14%,21,4.83%,396,91.03%,435
CENTRO-OESTE,52,GO,520330,BELA VISTA DE GOIAS,53,6.36%,47,5.64%,733,88%,833
CENTRO-OESTE,52,GO,520340,BOM JARDIM DE GOIAS,16,4.76%,12,3.57%,308,91.67%,336
CENTRO-OESTE,52,GO,520350,BOM JESUS DE GOIAS,106,14.06%,62,8.22%,586,77.72%,754
CENTRO-OESTE,52,GO,520355,BONFINOPOLIS,10,2.18%,28,6.11%,420,91.7%,458
CENTRO-OESTE,52,GO,520357,BONOPOLIS,11,5.09%,22,10.19%,183,84.72%,216
CENTRO-OESTE,52,GO,520360,BRAZABRANTES,3,1.45%,6,2.9%,198,95.65%,207
CENTRO-OESTE,52,GO,520380,BRITANIA,2,0.62%,12,3.73%,308,95.65%,322
CENTRO-OESTE,52,GO,520390,BURITI ALEGRE,7,1.87%,21,5.6%,347,92.53%,375
CENTRO-OESTE,52,GO,520393,BURITI DE GOIAS,3,2.48%,4,3.31%,114,94.21%,121
CENTRO-OESTE,52,GO,520396,BURITINOPOLIS,6,3.11%,10,5.18%,177,91.71%,193
CENTRO-OESTE,52,GO,520400,CABECEIRAS,13,3.04%,27,6.32%,387,90.63%,427
CENTRO-OESTE,52,GO,520410,CACHOEIRA ALTA,13,2.67%,18,3.7%,456,93.63%,487
CENTRO-OESTE,52,GO,520420,CACHOEIRA DE GOIAS,4,4.65%,6,6.98%,76,88.37%,86
CENTRO-OESTE,52,GO,520425,CACHOEIRA DOURADA,11,3.63%,17,5.61%,275,90.76%,303
CENTRO-OESTE,52,GO,520430,CACU,22,3.86%,35,6.14%,513,90%,570
CENTRO-OESTE,52,GO,520440,CAIAPONIA,9,2.69%,20,5.99%,305,91.32%,334
CENTRO-OESTE,52,GO,520450,CALDAS NOVAS,129,3.25%,244,6.15%,3.596,90.6%,3.969
CENTRO-OESTE,52,GO,520455,CALDAZINHA,21,13.29%,19,12.03%,118,74.68%,158
CENTRO-OESTE,52,GO,520460,CAMPESTRE DE GOIAS,6,4.17%,7,4.86%,131,90.97%,144
CENTRO-OESTE,52,GO,520465,CAMPINACU,5,1.93%,8,3.09%,246,94.98%,259
CENTRO-OESTE,52,GO,520470,CAMPINORTE,17,2.6%,48,7.33%,590,90.08%,655
CENTRO-OESTE,52,GO,520480,CAMPO ALEGRE DE GOIAS,12,3.81%,25,7.94%,278,88.25%,315
CENTRO-OESTE,52,GO,520485,CAMPO LIMPO DE GOIAS,36,6.2%,69,11.88%,476,81.93%,581
CENTRO-OESTE,52,GO,520490,CAMPOS BELOS,65,6.31%,61,5.92%,904,87.77%,1.03
CENTRO-OESTE,52,GO,520495,CAMPOS VERDES,10,5.32%,8,4.26%,170,90.43%,188
CENTRO-OESTE,52,GO,520500,CARMO DO RIO VERDE,28,7.87%,18,5.06%,310,87.08%,356
CENTRO-OESTE,52,GO,520505,CASTELANDIA,1,0.57%,6,3.45%,167,95.98%,174
CENTRO-OESTE,52,GO,520510,CATALAO,68,2.09%,134,4.12%,3.049,93.79%,3.251
CENTRO-OESTE,52,GO,520520,CATURAI,15,5.88%,19,7.45%,221,86.67%,255
CENTRO-OESTE,52,GO,520530,CAVALCANTE,29,4.11%,29,4.11%,647,91.77%,705
CENTRO-OESTE,52,GO,520540,CERES,18,3.47%,25,4.83%,475,91.7%,518
CENTRO-OESTE,52,GO,520545,CEZARINA,22,5.37%,19,4.63%,369,90%,410
CENTRO-OESTE,52,GO,520547,CHAPADAO DO CEU,7,1.82%,14,3.64%,364,94.55%,385
CENTRO-OESTE,52,GO,520549,CIDADE OCIDENTAL,80,2.86%,152,5.42%,2.57,91.72%,2.802
CENTRO-OESTE,52,GO,520551,COCALZINHO DE GOIAS,51,4.73%,69,6.39%,959,88.88%,1.079
CENTRO-OESTE,52,GO,520552,COLINAS DO SUL,6,2.25%,14,5.24%,247,92.51%,267
CENTRO-OESTE,52,GO,520570,CORREGO DO OURO,2,1.77%,8,7.08%,103,91.15%,113
CENTRO-OESTE,52,GO,520580,CORUMBA DE GOIAS,15,3.68%,24,5.88%,369,90.44%,408
CENTRO-OESTE,52,GO,520590,CORUMBAIBA,7,1.74%,22,5.47%,373,92.79%,402
CENTRO-OESTE,52,GO,520620,CRISTALINA,176,5.22%,265,7.87%,2.928,86.91%,3.369
CENTRO-OESTE,52,GO,520630,CRISTIANOPOLIS,5,2.65%,6,3.17%,178,94.18%,189
CENTRO-OESTE,52,GO,520640,CRIXAS,60,10.47%,51,8.9%,462,80.63%,573
CENTRO-OESTE,52,GO,520650,CROMINIA,7,5.07%,9,6.52%,122,88.41%,138
CENTRO-OESTE,52,GO,520660,CUMARI,1,0.96%,7,6.73%,96,92.31%,104
CENTRO-OESTE,52,GO,520670,DAMIANOPOLIS,10,3.88%,11,4.26%,237,91.86%,258
CENTRO-OESTE,52,GO,520680,DAMOLANDIA,1,0.69%,5,3.47%,138,95.83%,144
CENTRO-OESTE,52,GO,520690,DAVINOPOLIS,5,5.1%,7,7.14%,86,87.76%,98
CENTRO-OESTE,52,GO,520710,DIORAMA,1,1.35%,5,6.76%,68,91.89%,74
CENTRO-OESTE,52,GO,520725,DOVERLANDIA,11,3.41%,14,4.33%,298,92.26%,323
CENTRO-OESTE,52,GO,520735,EDEALINA,4,1.65%,7,2.88%,232,95.47%,243
CENTRO-OESTE,52,GO,520740,EDEIA,9,1.65%,24,4.4%,512,93.94%,545
CENTRO-OESTE,52,GO,520750,ESTRELA DO NORTE,5,5.62%,5,5.62%,79,88.76%,89
CENTRO-OESTE,52,GO,520753,FAINA,17,9.66%,17,9.66%,142,80.68%,176
CENTRO-OESTE,52,GO,520760,FAZENDA NOVA,11,4.85%,18,7.93%,198,87.22%,227
CENTRO-OESTE,52,GO,520780,FIRMINOPOLIS,14,2.81%,30,6.02%,454,91.16%,498
CENTRO-OESTE,52,GO,520790,FLORES DE GOIAS,24,3.32%,32,4.43%,666,92.24%,722
CENTRO-OESTE,52,GO,520800,FORMOSA,124,4.19%,167,5.65%,2.665,90.16%,2.956
CENTRO-OESTE,52,GO,520810,FORMOSO,1,0.42%,9,3.8%,227,95.78%,237
CENTRO-OESTE,52,GO,520815,GAMELEIRA DE GOIAS,9,4.25%,11,5.19%,192,90.57%,212
CENTRO-OESTE,52,GO,520830,DIVINOPOLIS DE GOIAS,24,8.6%,10,3.58%,245,87.81%,279
CENTRO-OESTE,52,GO,520840,GOIANAPOLIS,58,8.23%,68,9.65%,579,82.13%,705
CENTRO-OESTE,52,GO,520850,GOIANDIRA,4,2.37%,5,2.96%,160,94.67%,169
CENTRO-OESTE,52,GO,520860,GOIANESIA,94,5.24%,109,6.08%,1.591,88.68%,1.794
CENTRO-OESTE,52,GO,520870,GOIANIA,877,2.83%,1.727,5.57%,28.393,91.6%,30.997
CENTRO-OESTE,52,GO,520880,GOIANIRA,143,3.39%,259,6.14%,3.817,90.47%,4.219
CENTRO-OESTE,52,GO,520890,GOIAS,32,3.88%,60,7.27%,733,88.85%,825
CENTRO-OESTE,52,GO,520910,GOIATUBA,41,3.49%,55,4.68%,1.079,91.83%,1.175
CENTRO-OESTE,52,GO,520915,GOUVELANDIA,5,2.31%,10,4.63%,201,93.06%,216
CENTRO-OESTE,52,GO,520920,GUAPO,73,6.86%,92,8.65%,899,84.49%,1.064
CENTRO-OESTE,52,GO,520929,GUARAITA,2,2.08%,4,4.17%,90,93.75%,96
CENTRO-OESTE,52,GO,520940,GUARANI DE GOIAS,13,5.8%,13,5.8%,198,88.39%,224
CENTRO-OESTE,52,GO,520945,GUARINOS,0,-,1,1.45%,68,98.55%,69
CENTRO-OESTE,52,GO,520960,HEITORAI,22,11.64%,15,7.94%,152,80.42%,189
CENTRO-OESTE,52,GO,520970,HIDROLANDIA,27,2.15%,47,3.75%,1.18,94.1%,1.254
CENTRO-OESTE,52,GO,520980,HIDROLINA,1,1.25%,4,5%,75,93.75%,80
CENTRO-OESTE,52,GO,520990,IACIARA,33,4.82%,56,8.18%,596,87.01%,685
CENTRO-OESTE,52,GO,520993,INACIOLANDIA,4,1.1%,15,4.11%,346,94.79%,365
CENTRO-OESTE,52,GO,520995,INDIARA,15,2.38%,37,5.87%,578,91.75%,630
CENTRO-OESTE,52,GO,521000,INHUMAS,107,4.72%,129,5.69%,2.032,89.59%,2.268
CENTRO-OESTE,52,GO,521010,IPAMERI,32,3.33%,53,5.52%,875,91.15%,960
CENTRO-OESTE,52,GO,521015,IPIRANGA DE GOIAS,9,5.88%,14,9.15%,130,84.97%,153
CENTRO-OESTE,52,GO,521020,IPORA,26,3.43%,44,5.81%,687,90.75%,757
CENTRO-OESTE,52,GO,521030,ISRAELANDIA,3,3.53%,8,9.41%,74,87.06%,85
CENTRO-OESTE,52,GO,521040,ITABERAI,148,7.09%,191,9.15%,1.748,83.76%,2.087
CENTRO-OESTE,52,GO,521056,ITAGUARI,1,0.65%,5,3.25%,148,96.1%,154
CENTRO-OESTE,52,GO,521060,ITAGUARU,2,1.32%,7,4.64%,142,94.04%,151
CENTRO-OESTE,52,GO,521080,ITAJA,5,2.34%,11,5.14%,198,92.52%,214
CENTRO-OESTE,52,GO,521090,ITAPACI,29,3.01%,34,3.52%,902,93.47%,965
CENTRO-OESTE,52,GO,521100,ITAPIRAPUA,11,4.76%,18,7.79%,202,87.45%,231
CENTRO-OESTE,52,GO,521120,ITAPURANGA,17,2.71%,39,6.21%,572,91.08%,628
CENTRO-OESTE,52,GO,521130,ITARUMA,5,1.69%,13,4.41%,277,93.9%,295
CENTRO-OESTE,52,GO,521140,ITAUCU,6,1.74%,22,6.38%,317,91.88%,345
CENTRO-OESTE,52,GO,521150,ITUMBIARA,105,4.95%,191,9%,1.827,86.06%,2.123
CENTRO-OESTE,52,GO,521160,IVOLANDIA,3,1.97%,12,7.89%,137,90.13%,152
CENTRO-OESTE,52,GO,521170,JANDAIA,5,2.1%,18,7.56%,215,90.34%,238
CENTRO-OESTE,52,GO,521180,JARAGUA,26,1.7%,136,8.89%,1.367,89.4%,1.529
CENTRO-OESTE,52,GO,521190,JATAI,94,2.25%,279,6.68%,3.802,91.07%,4.175
CENTRO-OESTE,52,GO,521200,JAUPACI,2,1.55%,2,1.55%,125,96.9%,129
CENTRO-OESTE,52,GO,521205,JESUPOLIS,9,12.68%,6,8.45%,56,78.87%,71
CENTRO-OESTE,52,GO,521210,JOVIANIA,5,1.92%,9,3.45%,247,94.64%,261
CENTRO-OESTE,52,GO,521220,JUSSARA,54,6.44%,48,5.72%,737,87.84%,839
CENTRO-OESTE,52,GO,521225,LAGOA SANTA,2,3.33%,5,8.33%,53,88.33%,60
CENTRO-OESTE,52,GO,521230,LEOPOLDO DE BULHOES,11,3.46%,27,8.49%,280,88.05%,318
CENTRO-OESTE,52,GO,521250,LUZIANIA,479,4.94%,717,7.4%,8.499,87.66%,9.695
CENTRO-OESTE,52,GO,521260,MAIRIPOTABA,2,2.17%,6,6.52%,84,91.3%,92
CENTRO-OESTE,52,GO,521270,MAMBAI,19,3.54%,36,6.7%,482,89.76%,537
CENTRO-OESTE,52,GO,521280,MARA ROSA,15,4.07%,19,5.15%,335,90.79%,369
CENTRO-OESTE,52,GO,521290,MARZAGAO,4,2.52%,7,4.4%,148,93.08%,159
CENTRO-OESTE,52,GO,521295,MATRINCHA,4,1.83%,4,1.83%,210,96.33%,218
CENTRO-OESTE,52,GO,521300,MAURILANDIA,31,8.99%,33,9.57%,281,81.45%,345
CENTRO-OESTE,52,GO,521305,MIMOSO DE GOIAS,5,3.47%,4,2.78%,135,93.75%,144
CENTRO-OESTE,52,GO,521308,MINACU,34,5.7%,35,5.86%,528,88.44%,597
CENTRO-OESTE,52,GO,521310,MINEIROS,100,3.21%,172,5.52%,2.842,91.27%,3.114
CENTRO-OESTE,52,GO,521340,MOIPORA,2,5.26%,3,7.89%,33,86.84%,38
CENTRO-OESTE,52,GO,521350,MONTE ALEGRE DE GOIAS,26,6.03%,25,5.8%,380,88.17%,431
CENTRO-OESTE,52,GO,521370,MONTES CLAROS DE GOIAS,20,6.29%,23,7.23%,275,86.48%,318
CENTRO-OESTE,52,GO,521375,MONTIVIDIU,19,5.08%,21,5.61%,334,89.3%,374
CENTRO-OESTE,52,GO,521377,MONTIVIDIU DO NORTE,5,2.31%,10,4.63%,201,93.06%,216
CENTRO-OESTE,52,GO,521380,MORRINHOS,60,5.05%,112,9.42%,1.017,85.53%,1.189
CENTRO-OESTE,52,GO,521385,MORRO AGUDO DE GOIAS,20,13.42%,11,7.38%,118,79.19%,149
CENTRO-OESTE,52,GO,521390,MOSSAMEDES,4,2.34%,6,3.51%,161,94.15%,171
CENTRO-OESTE,52,GO,521400,MOZARLANDIA,24,4.19%,38,6.63%,511,89.18%,573
CENTRO-OESTE,52,GO,521405,MUNDO NOVO,6,1.88%,15,4.7%,298,93.42%,319
CENTRO-OESTE,52,GO,521410,MUTUNOPOLIS,16,8.33%,25,13.02%,151,78.65%,192
CENTRO-OESTE,52,GO,521440,NAZARIO,11,3.82%,26,9.03%,251,87.15%,288
CENTRO-OESTE,52,GO,521450,NEROPOLIS,109,6.93%,132,8.4%,1.331,84.67%,1.572
CENTRO-OESTE,52,GO,521460,NIQUELANDIA,54,4.49%,65,5.4%,1.085,90.12%,1.204
CENTRO-OESTE,52,GO,521470,NOVA AMERICA,7,9.21%,10,13.16%,59,77.63%,76
CENTRO-OESTE,52,GO,521480,NOVA AURORA,0,-,5,6.94%,67,93.06%,72
CENTRO-OESTE,52,GO,521483,NOVA CRIXAS,14,2.43%,26,4.51%,537,93.07%,577
CENTRO-OESTE,52,GO,521486,NOVA GLORIA,11,4.49%,17,6.94%,217,88.57%,245
CENTRO-OESTE,52,GO,521487,NOVA IGUACU DE GOIAS,2,0.99%,12,5.91%,189,93.1%,203
CENTRO-OESTE,52,GO,521490,NOVA ROMA,4,1.91%,6,2.87%,199,95.22%,209
CENTRO-OESTE,52,GO,521500,NOVA VENEZA,18,4.24%,30,7.06%,377,88.71%,425
CENTRO-OESTE,52,GO,521520,NOVO BRASIL,2,1.57%,7,5.51%,118,92.91%,127
CENTRO-OESTE,52,GO,521523,NOVO GAMA,272,4.33%,531,8.45%,5.483,87.23%,6.286
CENTRO-OESTE,52,GO,521525,NOVO PLANALTO,5,4.67%,6,5.61%,96,89.72%,107
CENTRO-OESTE,52,GO,521530,ORIZONA,23,3.67%,29,4.63%,575,91.71%,627
CENTRO-OESTE,52,GO,521540,OURO VERDE DE GOIAS,2,1.05%,12,6.28%,177,92.67%,191
CENTRO-OESTE,52,GO,521550,OUVIDOR,4,3.05%,3,2.29%,124,94.66%,131
CENTRO-OESTE,52,GO,521560,PADRE BERNARDO,47,2.86%,104,6.32%,1.495,90.83%,1.646
CENTRO-OESTE,52,GO,521565,PALESTINA DE GOIAS,1,0.7%,6,4.23%,135,95.07%,142
CENTRO-OESTE,52,GO,521570,PALMEIRAS DE GOIAS,30,3.66%,42,5.13%,747,91.21%,819
CENTRO-OESTE,52,GO,521580,PALMELO,3,2.68%,8,7.14%,101,90.18%,112
CENTRO-OESTE,52,GO,521590,PALMINOPOLIS,16,8.74%,13,7.1%,154,84.15%,183
CENTRO-OESTE,52,GO,521600,PANAMA,5,4.42%,6,5.31%,102,90.27%,113
CENTRO-OESTE,52,GO,521630,PARANAIGUARA,8,2.74%,10,3.42%,274,93.84%,292
CENTRO-OESTE,52,GO,521640,PARAUNA,15,3%,26,5.2%,459,91.8%,500
CENTRO-OESTE,52,GO,521645,PEROLANDIA,3,3.45%,8,9.2%,76,87.36%,87
CENTRO-OESTE,52,GO,521680,PETROLINA DE GOIAS,38,14.13%,22,8.18%,209,77.7%,269
CENTRO-OESTE,52,GO,521690,PILAR DE GOIAS,6,4.65%,7,5.43%,116,89.92%,129
CENTRO-OESTE,52,GO,521710,PIRACANJUBA,23,4.09%,36,6.41%,503,89.5%,562
CENTRO-OESTE,52,GO,521720,PIRANHAS,17,4.1%,18,4.34%,380,91.57%,415
CENTRO-OESTE,52,GO,521730,PIRENOPOLIS,24,2.62%,62,6.76%,831,90.62%,917
CENTRO-OESTE,52,GO,521740,PIRES DO RIO,43,4.3%,54,5.39%,904,90.31%,1.001
CENTRO-OESTE,52,GO,521760,PLANALTINA,232,5.14%,306,6.78%,3.973,88.07%,4.511
CENTRO-OESTE,52,GO,521770,PONTALINA,15,2.93%,47,9.18%,450,87.89%,512
CENTRO-OESTE,52,GO,521800,PORANGATU,44,3.07%,90,6.28%,1.298,90.64%,1.432
CENTRO-OESTE,52,GO,521805,PORTEIRAO,3,1.94%,11,7.1%,141,90.97%,155
CENTRO-OESTE,52,GO,521810,PORTELANDIA,4,2.29%,15,8.57%,156,89.14%,175
CENTRO-OESTE,52,GO,521830,POSSE,85,5.7%,80,5.37%,1.325,88.93%,1.49
CENTRO-OESTE,52,GO,521839,PROFESSOR JAMIL,6,2.8%,8,3.74%,200,93.46%,214
CENTRO-OESTE,52,GO,521850,QUIRINOPOLIS,63,5.15%,96,7.85%,1.064,87%,1.223
CENTRO-OESTE,52,GO,521860,RIALMA,21,5.11%,19,4.62%,371,90.27%,411
CENTRO-OESTE,52,GO,521870,RIANAPOLIS,13,6.77%,9,4.69%,170,88.54%,192
CENTRO-OESTE,52,GO,521878,RIO QUENTE,8,3.57%,16,7.14%,200,89.29%,224
CENTRO-OESTE,52,GO,521880,RIO VERDE,471,5.12%,799,8.69%,7.924,86.19%,9.194
CENTRO-OESTE,52,GO,521890,RUBIATABA,23,5%,40,8.7%,397,86.3%,460
CENTRO-OESTE,52,GO,521900,SANCLERLANDIA,16,4.72%,21,6.19%,302,89.09%,339
CENTRO-OESTE,52,GO,521910,SANTA BARBARA DE GOIAS,5,2.34%,15,7.01%,194,90.65%,214
CENTRO-OESTE,52,GO,521920,SANTA CRUZ DE GOIAS,0,-,5,5.32%,89,94.68%,94
CENTRO-OESTE,52,GO,521925,SANTA FE DE GOIAS,11,7.86%,8,5.71%,121,86.43%,140
CENTRO-OESTE,52,GO,521930,SANTA HELENA DE GOIAS,61,4.4%,64,4.61%,1.262,90.99%,1.387
CENTRO-OESTE,52,GO,521935,SANTA ISABEL,7,2.94%,8,3.36%,223,93.7%,238
CENTRO-OESTE,52,GO,521940,SANTA RITA DO ARAGUAIA,3,0.92%,15,4.6%,308,94.48%,326
CENTRO-OESTE,52,GO,521945,SANTA RITA DO NOVO DESTINO,11,14.47%,5,6.58%,60,78.95%,76
CENTRO-OESTE,52,GO,521950,SANTA ROSA DE GOIAS,1,0.97%,1,0.97%,101,98.06%,103
CENTRO-OESTE,52,GO,521960,SANTA TEREZA DE GOIAS,3,1.88%,8,5%,149,93.13%,160
CENTRO-OESTE,52,GO,521970,SANTA TEREZINHA DE GOIAS,33,8.75%,28,7.43%,316,83.82%,377
CENTRO-OESTE,52,GO,521971,SANTO ANTONIO DA BARRA,1,1.02%,3,3.06%,94,95.92%,98
CENTRO-OESTE,52,GO,521973,SANTO ANTONIO DE GOIAS,13,4.1%,22,6.94%,282,88.96%,317
CENTRO-OESTE,52,GO,521975,SANTO ANTONIO DO DESCOBERTO,121,3.78%,206,6.43%,2.875,89.79%,3.202
CENTRO-OESTE,52,GO,521980,SAO DOMINGOS,33,7.52%,24,5.47%,382,87.02%,439
CENTRO-OESTE,52,GO,521990,SAO FRANCISCO DE GOIAS,16,5.16%,26,8.39%,268,86.45%,310
CENTRO-OESTE,52,GO,522000,SAO JOAO D'ALIANCA,26,3.61%,45,6.25%,649,90.14%,720
CENTRO-OESTE,52,GO,522005,SAO JOAO DA PARAUNA,1,1.16%,3,3.49%,82,95.35%,86
CENTRO-OESTE,52,GO,522010,SAO LUIS DE MONTES BELOS,70,5.35%,87,6.65%,1.152,88.01%,1.309
CENTRO-OESTE,52,GO,522015,SAO LUIZ DO NORTE,14,5.53%,9,3.56%,230,90.91%,253
CENTRO-OESTE,52,GO,522020,SAO MIGUEL DO ARAGUAIA,52,6.09%,46,5.39%,756,88.52%,854
CENTRO-OESTE,52,GO,522026,SAO MIGUEL DO PASSA QUATRO,2,1.07%,16,8.56%,169,90.37%,187
CENTRO-OESTE,52,GO,522028,SAO PATRICIO,3,2.78%,5,4.63%,100,92.59%,108
CENTRO-OESTE,52,GO,522040,SAO SIMAO,17,4.25%,22,5.5%,361,90.25%,400
CENTRO-OESTE,52,GO,522045,SENADOR CANEDO,199,3.42%,382,6.56%,5.241,90.02%,5.822
CENTRO-OESTE,52,GO,522050,SERRANOPOLIS,9,2.4%,24,6.4%,342,91.2%,375
CENTRO-OESTE,52,GO,522060,SILVANIA,38,4.08%,48,5.16%,845,90.76%,931
CENTRO-OESTE,52,GO,522068,SIMOLANDIA,11,4.26%,6,2.33%,241,93.41%,258
CENTRO-OESTE,52,GO,522070,SITIO D'ABADIA,16,7.11%,7,3.11%,202,89.78%,225
CENTRO-OESTE,52,GO,522100,TAQUARAL DE GOIAS,2,1.44%,1,0.72%,136,97.84%,139
CENTRO-OESTE,52,GO,522108,TERESINA DE GOIAS,16,6.13%,9,3.45%,236,90.42%,261
CENTRO-OESTE,52,GO,522119,TEREZOPOLIS DE GOIAS,7,1.97%,16,4.51%,332,93.52%,355
CENTRO-OESTE,52,GO,522130,TRES RANCHOS,1,0.78%,4,3.1%,124,96.12%,129
CENTRO-OESTE,52,GO,522140,TRINDADE,205,4.17%,387,7.88%,4.319,87.95%,4.911
CENTRO-OESTE,52,GO,522145,TROMBAS,8,5.8%,12,8.7%,118,85.51%,138
CENTRO-OESTE,52,GO,522150,TURVANIA,11,7.69%,9,6.29%,123,86.01%,143
CENTRO-OESTE,52,GO,522155,TURVELANDIA,8,3.92%,8,3.92%,188,92.16%,204
CENTRO-OESTE,52,GO,522157,UIRAPURU,5,3.16%,6,3.8%,147,93.04%,158
CENTRO-OESTE,52,GO,522160,URUACU,37,2.89%,59,4.61%,1.184,92.5%,1.28
CENTRO-OESTE,52,GO,522170,URUANA,21,3.82%,27,4.91%,502,91.27%,550
CENTRO-OESTE,52,GO,522180,URUTAI,8,4.97%,3,1.86%,150,93.17%,161
CENTRO-OESTE,52,GO,522185,VALPARAISO DE GOIAS,973,11.3%,1.439,16.71%,6.199,71.99%,8.611
CENTRO-OESTE,52,GO,522190,VARJAO,1,0.78%,6,4.65%,122,94.57%,129
CENTRO-OESTE,52,GO,522200,VIANOPOLIS,34,4.46%,38,4.98%,691,90.56%,763
CENTRO-OESTE,52,GO,522205,VICENTINOPOLIS,21,4.05%,24,4.62%,474,91.33%,519
CENTRO-OESTE,52,GO,522220,VILA BOA,18,6.34%,19,6.69%,247,86.97%,284
CENTRO-OESTE,52,GO,522230,VILA PROPICIO,13,4.1%,18,5.68%,286,90.22%,317
CENTRO-OESTE,53,DF,530010,BRASILIA,2.99,3.35%,5.468,6.13%,80.746,90.52%,89.204
