codigo_ibge_6,municipio,uf,cadinsan_pct,cadinsan_pct_arquivo,criterio_cadinsan_percentual_csv,criterio_cadinsan_razao_exata,mudou_criterio_cadinsan,selecionado_percentual_csv,selecionado_sem_arredondamento,mudou_selecao
110001,ALTA FLORESTA D'OESTE,RO,7.478340173278614,7.5,False,False,False,False,False,False
110002,ARIQUEMES,RO,12.909523001188253,12.9,True,True,False,False,False,False
110003,CABIXI,RO,6.822262118491921,6.8,False,False,False,False,False,False
110004,CACOAL,RO,8.787068546426834,8.8,False,False,False,False,False,False
110005,CEREJEIRAS,RO,5.36144578313253,5.4,False,False,False,False,False,False
110006,COLORADO DO OESTE,RO,5.555555555555555,5.6,False,False,False,False,False,False
110007,CORUMBIARA,RO,8.076009501187649,8.1,False,False,False,False,False,False
110008,COSTA MARQUES,RO,7.831821929101402,7.8,False,False,False,False,False,False
110009,ESPIGAO D'OESTE,RO,7.426736250501806,7.4,False,False,False,False,False,False
110010,GUAJARA-MIRIM,RO,9.30232558139535,9.3,False,False,False,False,False,False
110011,JARU,RO,11.138657694350982,11.1,True,True,False,False,False,False
110012,JI-PARANA,RO,11.088960877149265,11.1,True,True,False,False,False,False
110013,MACHADINHO D'OESTE,RO,6.482791136256482,6.5,False,False,False,False,False,False
110014,NOVA BRASILANDIA D'OESTE,RO,7.524932003626474,7.5,False,False,False,False,False,False
110015,OURO PRETO DO OESTE,RO,9.488393058372774,9.5,False,False,False,False,False,False
110018,PIMENTA BUENO,RO,9.595588235294118,9.6,False,False,False,False,False,False
110020,PORTO VELHO,RO,15.271878724797286,15.3,True,True,False,False,False,False
110025,PRESIDENTE MEDICI,RO,11.707841031149302,11.7,True,True,False,False,False,False
110026,RIO CRESPO,RO,6.950672645739911,7.0,False,False,False,False,False,False
110028,ROLIM DE MOURA,RO,9.234567901234568,9.2,False,False,False,False,False,False
110029,SANTA LUZIA D'OESTE,RO,6.58682634730539,6.6,False,False,False,False,False,False
110030,VILHENA,RO,6.808145240431795,6.8,False,False,False,False,False,False
110032,SAO MIGUEL DO GUAPORE,RO,6.621773288439956,6.6,False,False,False,False,False,False
110033,NOVA MAMORE,RO,12.203876525484565,12.2,True,True,False,True,True,False
110034,ALVORADA D'OESTE,RO,9.182590233545646,9.2,False,False,False,False,False,False
110037,ALTO ALEGRE DOS PARECIS,RO,6.093189964157706,6.1,False,False,False,False,False,False
110040,ALTO PARAISO,RO,6.844741235392321,6.8,False,False,False,False,False,False
110045,BURITIS,RO,9.014758675708018,9.0,False,False,False,False,False,False
110050,NOVO HORIZONTE DO OESTE,RO,7.6109936575052854,7.6,False,False,False,False,False,False
110060,CACAULANDIA,RO,5.648854961832061,5.6,False,False,False,False,False,False
110070,CAMPO NOVO DE RONDONIA,RO,11.183496199782844,11.2,True,True,False,False,False,False
110080,CANDEIAS DO JAMARI,RO,9.646767196860152,9.6,False,False,False,False,False,False
110090,CASTANHEIRAS,RO,9.562841530054644,9.6,False,False,False,False,False,False
110092,CHUPINGUAIA,RO,7.339449541284404,7.3,False,False,False,False,False,False
110094,CUJUBIM,RO,8.68824531516184,8.7,False,False,False,False,False,False
110100,GOVERNADOR JORGE TEIXEIRA,RO,10.007251631617114,10.0,False,False,False,False,False,False
110110,ITAPUA DO OESTE,RO,8.39753466872111,8.4,False,False,False,False,False,False
110120,MINISTRO ANDREAZZA,RO,7.052896725440807,7.1,False,False,False,False,False,False
110130,MIRANTE DA SERRA,RO,10.340136054421768,10.3,False,False,False,False,False,False
110140,MONTE NEGRO,RO,8.089500860585199,8.1,False,False,False,False,False,False
110143,NOVA UNIAO,RO,10.669975186104217,10.7,False,False,False,False,False,False
110145,PARECIS,RO,4.952076677316294,5.0,False,False,False,False,False,False
110146,PIMENTEIRAS DO OESTE,RO,5.773672055427252,5.8,False,False,False,False,False,False
110147,PRIMAVERA DE RONDONIA,RO,6.097560975609756,6.1,False,False,False,False,False,False
110148,SAO FELIPE D'OESTE,RO,3.2348804500703237,3.2,False,False,False,False,False,False
110149,SAO FRANCISCO DO GUAPORE,RO,8.976660682226212,9.0,False,False,False,False,False,False
110150,SERINGUEIRAS,RO,8.598130841121495,8.6,False,False,False,False,False,False
110155,TEIXEIROPOLIS,RO,8.492201039861353,8.5,False,False,False,False,False,False
110160,THEOBROMA,RO,8.285385500575373,8.3,False,False,False,False,False,False
110170,URUPA,RO,10.316265060240964,10.3,False,False,False,False,False,False
110175,VALE DO ANARI,RO,7.59493670886076,7.6,False,False,False,False,False,False
110180,VALE DO PARAISO,RO,7.636363636363637,7.6,False,False,False,False,False,False
120001,ACRELANDIA,AC,10.234741784037558,10.2,False,False,False,False,False,False
120005,ASSIS BRASIL,AC,14.876584389593061,14.9,True,True,False,True,True,False
120010,BRASILEIA,AC,21.278696618118982,21.3,True,True,False,False,False,False
120013,BUJARI,AC,8.408273381294965,8.4,False,False,False,False,False,False
120017,CAPIXABA,AC,12.671594508975712,12.7,True,True,False,False,False,False
120020,CRUZEIRO DO SUL,AC,11.179046517392383,11.2,True,True,False,False,False,False
120025,EPITACIOLANDIA,AC,14.221824686940964,14.2,True,True,False,False,False,False
120030,FEIJO,AC,6.721027921917471,6.7,False,False,False,False,False,False
120032,JORDAO,AC,10.21671826625387,10.2,False,False,False,False,False,False
120033,MANCIO LIMA,AC,19.813519813519815,19.8,True,True,False,False,False,False
120034,MANOEL URBANO,AC,14.870259481037923,14.9,True,True,False,True,True,False
120035,MARECHAL THAUMATURGO,AC,10.995850622406639,11.0,True,True,False,True,True,False
120038,PLACIDO DE CASTRO,AC,10.213289581624283,10.2,False,False,False,False,False,False
120039,PORTO WALTER,AC,10.207423580786026,10.2,False,False,False,False,False,False
120040,RIO BRANCO,AC,12.207555533664975,12.2,True,True,False,False,False,False
120042,RODRIGUES ALVES,AC,13.607699966810488,13.6,True,True,False,True,True,False
120043,SANTA ROSA DO PURUS,AC,11.462450592885375,11.5,True,True,False,True,True,False
120045,SENADOR GUIOMARD,AC,11.440426793123889,11.4,True,True,False,False,False,False
120050,SENA MADUREIRA,AC,15.307095192700531,15.3,True,True,False,False,False,False
120060,TARAUACA,AC,9.378680800942284,9.4,False,False,False,False,False,False
120070,XAPURI,AC,9.962009286618827,10.0,False,False,False,False,False,False
120080,PORTO ACRE,AC,18.922528940338378,18.9,True,True,False,False,False,False
130002,ALVARAES,AM,15.592635212888379,15.6,True,True,False,True,True,False
130006,AMATURA,AM,20.41607898448519,20.4,True,True,False,True,True,False
130008,ANAMA,AM,15.11627906976744,15.1,True,True,False,True,True,False
130010,ANORI,AM,20.71724955542383,20.7,True,True,False,True,True,False
130014,APUI,AM,8.779761904761903,8.8,False,False,False,False,False,False
130020,ATALAIA DO NORTE,AM,9.061186361513311,9.1,False,False,False,False,False,False
130030,AUTAZES,AM,30.38277511961722,30.4,True,True,False,True,True,False
130040,BARCELOS,AM,17.720275139207338,17.7,True,True,False,True,True,False
130050,BARREIRINHA,AM,8.826583592938734,8.8,False,False,False,False,False,False
130060,BENJAMIN CONSTANT,AM,15.535797847449695,15.5,True,True,False,True,True,False
130063,BERURI,AM,20.286396181384248,20.3,True,True,False,True,True,False
130068,BOA VISTA DO RAMOS,AM,10.80669710806697,10.8,False,False,False,False,False,False
130070,BOCA DO ACRE,AM,8.573730862207897,8.6,False,False,False,False,False,False
130080,BORBA,AM,13.336201333620135,13.3,True,True,False,True,True,False
130083,CAAPIRANGA,AM,10.152284263959391,10.2,False,False,False,False,False,False
130090,CANUTAMA,AM,21.51104417670683,21.5,True,True,False,True,True,False
130100,CARAUARI,AM,14.313572542901717,14.3,True,True,False,True,True,False
130110,CAREIRO,AM,7.702672355715248,7.7,False,False,False,False,False,False
130115,CAREIRO DA VARZEA,AM,15.386819484240688,15.4,True,True,False,True,True,False
130120,COARI,AM,11.938474075583173,11.9,True,True,False,True,True,False
130130,CODAJAS,AM,8.591644204851752,8.6,False,False,False,False,False,False
130140,EIRUNEPE,AM,9.004806333050608,9.0,False,False,False,False,False,False
130150,ENVIRA,AM,17.319877962919502,17.3,True,True,False,True,True,False
130160,FONTE BOA,AM,17.602318000724377,17.6,True,True,False,True,True,False
130165,GUAJARA,AM,16.491347132677298,16.5,True,True,False,True,True,False
130170,HUMAITA,AM,13.311180609851448,13.3,True,True,False,False,False,False
130180,IPIXUNA,AM,13.777013752455797,13.8,True,True,False,True,True,False
130185,IRANDUBA,AM,13.274961163677446,13.3,True,True,False,False,False,False
130190,ITACOATIARA,AM,5.393415830025683,5.4,False,False,False,False,False,False
130195,ITAMARATI,AM,8.499025341130604,8.5,False,False,False,False,False,False
130200,ITAPIRANGA,AM,4.888888888888889,4.9,False,False,False,False,False,False
130210,JAPURA,AM,10.183875530410184,10.2,False,False,False,False,False,False
130220,JURUA,AM,11.716230741669651,11.7,True,True,False,True,True,False
130230,JUTAI,AM,13.825579205123375,13.8,True,True,False,True,True,False
130240,LABREA,AM,22.8516562650024,22.9,True,True,False,True,True,False
130250,MANACAPURU,AM,9.112636352494178,9.1,False,False,False,False,False,False
130255,MANAQUIRI,AM,15.912806539509535,15.9,True,True,False,True,True,False
130260,MANAUS,AM,20.07145908578974,20.1,True,True,False,False,False,False
130270,MANICORE,AM,5.246995994659546,5.2,False,False,False,False,False,False
130280,MARAA,AM,12.195969423210563,12.2,True,True,False,True,True,False
130290,MAUES,AM,16.790736145574854,16.8,True,True,False,True,True,False
130300,NHAMUNDA,AM,19.6843853820598,19.7,True,True,False,True,True,False
130310,NOVA OLINDA DO NORTE,AM,13.672070867457798,13.7,True,True,False,True,True,False
130320,NOVO AIRAO,AM,8.2622361921868,8.3,False,False,False,False,False,False
130330,NOVO ARIPUANA,AM,12.377006732263077,12.4,True,True,False,True,True,False
130340,PARINTINS,AM,7.736643759698516,7.7,False,False,False,False,False,False
130350,PAUINI,AM,6.615340747077274,6.6,False,False,False,False,False,False
130353,PRESIDENTE FIGUEIREDO,AM,8.048151332760103,8.0,False,False,False,False,False,False
130356,RIO PRETO DA EVA,AM,9.219088937093275,9.2,False,False,False,False,False,False
130360,SANTA ISABEL DO RIO NEGRO,AM,17.83001808318264,17.8,True,True,False,True,True,False
130370,SANTO ANTONIO DO ICA,AM,9.385749385749385,9.4,False,False,False,False,False,False
130380,SAO GABRIEL DA CACHOEIRA,AM,10.941329104800346,10.9,False,False,False,False,False,False
130390,SAO PAULO DE OLIVENCA,AM,18.478444632290785,18.5,True,True,False,True,True,False
130395,SAO SEBASTIAO DO UATUMA,AM,14.014839241549875,14.0,True,True,False,True,True,False
130400,SILVES,AM,16.989436619718308,17.0,True,True,False,False,False,False
130406,TABATINGA,AM,7.805888178626091,7.8,False,False,False,False,False,False
130410,TAPAUA,AM,13.660030627871365,13.7,True,True,False,True,True,False
130420,TEFE,AM,10.02892140183736,10.0,False,False,False,False,False,False
130423,TONANTINS,AM,12.227309453272287,12.2,True,True,False,True,True,False
130426,UARINI,AM,10.738255033557047,10.7,False,False,False,False,False,False
130430,URUCARA,AM,19.36435124508519,19.4,True,True,False,False,False,False
130440,URUCURITUBA,AM,22.160463992266795,22.2,True,True,False,True,True,False
140002,AMAJARI,RR,16.00496277915633,16.0,True,True,False,True,True,False
140005,ALTO ALEGRE,RR,12.949328713728885,12.9,True,True,False,True,True,False
140010,BOA VISTA,RR,13.675783855903937,13.7,True,True,False,False,False,False
140015,BONFIM,RR,27.106227106227106,27.1,True,True,False,False,False,False
140017,CANTA,RR,31.746593523270217,31.7,True,True,False,False,False,False
140020,CARACARAI,RR,14.049955396966993,14.0,True,True,False,False,False,False
140023,CAROEBE,RR,15.817936007210456,15.8,True,True,False,False,False,False
140028,IRACEMA,RR,15.466666666666667,15.5,True,True,False,False,False,False
140030,MUCAJAI,RR,29.320388349514566,29.3,True,True,False,False,False,False
140040,NORMANDIA,RR,15.0384193194292,15.0,True,True,False,True,True,False
140045,PACARAIMA,RR,25.177045177045176,25.2,True,True,False,False,False,False
140047,RORAINOPOLIS,RR,17.46434231378764,17.5,True,True,False,False,False,False
140050,SAO JOAO DA BALIZA,RR,11.076443057722308,11.1,True,True,False,False,False,False
140060,SAO LUIZ DO ANAUA,RR,26.90655209452202,26.9,True,True,False,False,False,False
140070,UIRAMUTA,RR,6.7462376751427096,6.7,False,False,False,False,False,False
150010,ABAETETUBA,PA,27.3847248270064,27.4,True,True,False,False,False,False
150013,ABEL FIGUEIREDO,PA,17.468354430379744,17.5,True,True,False,False,False,False
150020,ACARA,PA,12.497480346704295,12.5,True,True,False,True,True,False
150030,AFUA,PA,10.140360928100831,10.1,False,False,False,False,False,False
150034,AGUA AZUL DO NORTE,PA,13.577386468952735,13.6,True,True,False,True,True,False
150040,ALENQUER,PA,12.372648902821316,12.4,True,True,False,True,True,False
150050,ALMEIRIM,PA,20.124291719978064,20.1,True,True,False,False,False,False
150060,ALTAMIRA,PA,17.84934497816594,17.8,True,True,False,False,False,False
150070,ANAJAS,PA,12.684124386252046,12.7,True,True,False,True,True,False
150080,ANANINDEUA,PA,9.362139917695474,9.4,False,False,False,False,False,False
150085,ANAPU,PA,19.47176684881603,19.5,True,True,False,True,True,False
150090,AUGUSTO CORREA,PA,23.80218368657675,23.8,True,True,False,True,True,False
150095,AURORA DO PARA,PA,13.569386408621067,13.6,True,True,False,True,True,False
150100,AVEIRO,PA,14.315937940761636,14.3,True,True,False,True,True,False
150110,BAGRE,PA,9.240622140896615,9.2,False,False,False,False,False,False
150120,BAIAO,PA,14.319288232331711,14.3,True,True,False,True,True,False
150125,BANNACH,PA,20.973782771535582,21.0,True,True,False,False,False,False
150130,BARCARENA,PA,9.229061133856083,9.2,False,False,False,False,False,False
150140,BELEM,PA,25.766178626185702,25.8,True,True,False,False,False,False
150145,BELTERRA,PA,9.716335180958593,9.7,False,False,False,False,False,False
150150,BENEVIDES,PA,16.523521374194807,16.5,True,True,False,False,False,False
150157,BOM JESUS DO TOCANTINS,PA,9.261576971214017,9.3,False,False,False,False,False,False
150160,BONITO,PA,22.598425196850393,22.6,True,True,False,True,True,False
150170,BRAGANCA,PA,11.95295542880218,12.0,True,True,False,False,False,False
150172,BRASIL NOVO,PA,16.8,16.8,True,True,False,False,False,False
150175,BREJO GRANDE DO ARAGUAIA,PA,15.880398671096346,15.9,True,True,False,True,True,False
150178,BREU BRANCO,PA,11.714739102025575,11.7,True,True,False,True,True,False
150180,BREVES,PA,9.3398185594054,9.3,False,False,False,False,False,False
150190,BUJARU,PA,20.382307179373193,20.4,True,True,False,True,True,False
150195,CACHOEIRA DO PIRIA,PA,18.653366583541146,18.7,True,True,False,True,True,False
150200,CACHOEIRA DO ARARI,PA,22.60039177277179,22.6,True,True,False,True,True,False
150210,CAMETA,PA,21.33893280632411,21.3,True,True,False,True,True,False
150215,CANAA DOS CARAJAS,PA,13.357854131156365,13.4,True,True,False,False,False,False
150220,CAPANEMA,PA,13.683331593779355,13.7,True,True,False,False,False,False
150230,CAPITAO POCO,PA,13.482329426728445,13.5,True,True,False,True,True,False
150240,CASTANHAL,PA,7.808177067322472,7.8,False,False,False,False,False,False
150250,CHAVES,PA,15.911910669975185,15.9,True,True,False,True,True,False
150260,COLARES,PA,22.287581699346408,22.3,True,True,False,False,False,False
150270,CONCEICAO DO ARAGUAIA,PA,9.914320685434516,9.9,False,False,False,False,False,False
150275,CONCORDIA DO PARA,PA,22.220216606498195,22.2,True,True,False,True,True,False
150276,CUMARU DO NORTE,PA,11.3312693498452,11.3,True,True,False,True,True,False
150277,CURIONOPOLIS,PA,4.097877358490567,4.1,False,False,False,False,False,False
150280,CURRALINHO,PA,18.353765323992995,18.4,True,True,False,True,True,False
150285,CURUA,PA,12.796549245147377,12.8,True,True,False,True,True,False
150290,CURUCA,PA,19.93337774816789,19.9,True,True,False,True,True,False
150293,DOM ELISEU,PA,11.733708062532935,11.7,True,True,False,False,False,False
150295,ELDORADO DOS CARAJAS,PA,7.244897959183673,7.2,False,False,False,False,False,False
150300,FARO,PA,23.310023310023308,23.3,True,True,False,True,True,False
150304,FLORESTA DO ARAGUAIA,PA,10.250569476082005,10.3,False,False,False,False,False,False
150307,GARRAFAO DO NORTE,PA,9.169467114738358,9.2,False,False,False,False,False,False
150309,GOIANESIA DO PARA,PA,10.856001996506116,10.9,False,False,False,False,False,False
150310,GURUPA,PA,17.72451935738741,17.7,True,True,False,True,True,False
150320,IGARAPE-ACU,PA,16.524668119675052,16.5,True,True,False,True,True,False
150330,IGARAPE-MIRI,PA,8.37943868826074,8.4,False,False,False,False,False,False
150340,INHANGAPI,PA,12.335092348284961,12.3,True,True,False,True,True,False
150345,IPIXUNA DO PARA,PA,18.934599156118143,18.9,True,True,False,True,True,False
150350,IRITUIA,PA,22.26332604674626,22.3,True,True,False,True,True,False
150360,ITAITUBA,PA,16.664739215913034,16.7,True,True,False,False,False,False
150370,ITUPIRANGA,PA,11.094801223241591,11.1,True,True,False,True,True,False
150375,JACAREACANGA,PA,12.703922249219021,12.7,True,True,False,True,True,False
150380,JACUNDA,PA,17.39408473221423,17.4,True,True,False,False,False,False
150390,JURUTI,PA,4.866702451243514,4.9,False,False,False,False,False,False
150400,LIMOEIRO DO AJURU,PA,6.152268649064342,6.2,False,False,False,False,False,False
150405,MAE DO RIO,PA,10.169967692091586,10.2,False,False,False,False,False,False
150410,MAGALHAES BARATA,PA,9.86703988803359,9.9,False,False,False,False,False,False
150420,MARABA,PA,10.118942575795009,10.1,False,False,False,False,False,False
150430,MARACANA,PA,17.033401931296503,17.0,True,True,False,True,True,False
150440,MARAPANIM,PA,16.97238849198687,17.0,True,True,False,False,False,False
150442,MARITUBA,PA,22.930279959235058,22.9,True,True,False,False,False,False
150445,MEDICILANDIA,PA,22.514943546601724,22.5,True,True,False,True,True,False
150450,MELGACO,PA,18.194444444444443,18.2,True,True,False,True,True,False
150460,MOCAJUBA,PA,23.530129299829227,23.5,True,True,False,True,True,False
150470,MOJU,PA,13.203412381623227,13.2,True,True,False,True,True,False
150475,MOJUI DOS CAMPOS,PA,15.142946905435123,15.1,True,True,False,,,False
150480,MONTE ALEGRE,PA,17.200965184419164,17.2,True,True,False,True,True,False
150490,MUANA,PA,9.25247343349212,9.3,False,False,False,False,False,False
150495,NOVA ESPERANCA DO PIRIA,PA,28.03405266283904,28.0,True,True,False,True,True,False
150497,NOVA IPIXUNA,PA,13.443935926773456,13.4,True,True,False,True,True,False
150500,NOVA TIMBOTEUA,PA,22.90836653386454,22.9,True,True,False,False,False,False
150503,NOVO PROGRESSO,PA,11.161567877629063,11.2,True,True,False,False,False,False
150506,NOVO REPARTIMENTO,PA,14.900314795383002,14.9,True,True,False,True,True,False
150510,OBIDOS,PA,19.49256164662727,19.5,True,True,False,True,True,False
150520,OEIRAS DO PARA,PA,25.649197355996222,25.6,True,True,False,True,True,False
150530,ORIXIMINA,PA,10.617920618841515,10.6,False,False,False,False,False,False
150540,OUREM,PA,19.475655430711612,19.5,True,True,False,True,True,False
150543,OURILANDIA DO NORTE,PA,12.24013081055828,12.2,True,True,False,False,False,False
150548,PACAJA,PA,19.972365280743627,20.0,True,True,False,True,True,False
150549,PALESTINA DO PARA,PA,14.554455445544553,14.6,True,True,False,True,True,False
150550,PARAGOMINAS,PA,8.45767237317418,8.5,False,False,False,False,False,False
150553,PARAUAPEBAS,PA,8.605483758295494,8.6,False,False,False,False,False,False
150555,PAU D'ARCO,PA,16.885743174924166,16.9,True,True,False,True,True,False
150560,PEIXE-BOI,PA,18.14621409921671,18.1,True,True,False,True,True,False
150563,PICARRA,PA,9.233261339092873,9.2,False,False,False,False,False,False
150565,PLACAS,PA,21.649987795948256,21.6,True,True,False,True,True,False
150570,PONTA DE PEDRAS,PA,25.555163905534016,25.6,True,True,False,True,True,False
150580,PORTEL,PA,5.659972076039094,5.7,False,False,False,False,False,False
150590,PORTO DE MOZ,PA,13.446174678402167,13.4,True,True,False,True,True,False
150600,PRAINHA,PA,24.626655395886164,24.6,True,True,False,True,True,False
150610,PRIMAVERA,PA,19.571608567828644,19.6,True,True,False,True,True,False
150611,QUATIPURU,PA,25.71428571428571,25.7,True,True,False,True,True,False
150613,REDENCAO,PA,7.841504045692527,7.8,False,False,False,False,False,False
150616,RIO MARIA,PA,10.143042912873861,10.1,False,False,False,False,False,False
150618,RONDON DO PARA,PA,14.066878385951803,14.1,True,True,False,False,False,False
150619,RUROPOLIS,PA,9.057301293900185,9.1,False,False,False,False,False,False
150620,SALINOPOLIS,PA,7.941287165976665,7.9,False,False,False,False,False,False
150630,SALVATERRA,PA,26.61290322580645,26.6,True,True,False,False,False,False
150635,SANTA BARBARA DO PARA,PA,17.324762779308234,17.3,True,True,False,False,False,False
150640,SANTA CRUZ DO ARARI,PA,17.98344620015049,18.0,True,True,False,True,True,False
150650,SANTA IZABEL DO PARA,PA,11.440787768852035,11.4,True,True,False,False,False,False
150655,SANTA LUZIA DO PARA,PA,27.435530085959886,27.4,True,True,False,True,True,False
150658,SANTA MARIA DAS BARREIRAS,PA,7.917789757412399,7.9,False,False,False,False,False,False
150660,SANTA MARIA DO PARA,PA,9.928443649373882,9.9,False,False,False,False,False,False
150670,SANTANA DO ARAGUAIA,PA,10.2312818502548,10.2,False,False,False,False,False,False
150680,SANTAREM,PA,15.3523878916341,15.4,True,True,False,False,False,False
150690,SANTAREM NOVO,PA,26.138379657007686,26.1,True,True,False,False,False,False
150700,SANTO ANTONIO DO TAUA,PA,12.100116028509863,12.1,True,True,False,False,False,False
150710,SAO CAETANO DE ODIVELAS,PA,9.357798165137615,9.4,False,False,False,False,False,False
150715,SAO DOMINGOS DO ARAGUAIA,PA,16.508352440222733,16.5,True,True,False,True,True,False
150720,SAO DOMINGOS DO CAPIM,PA,22.09051724137931,22.1,True,True,False,True,True,False
150730,SAO FELIX DO XINGU,PA,14.965646470955651,15.0,True,True,False,True,True,False
150740,SAO FRANCISCO DO PARA,PA,11.667810569663692,11.7,True,True,False,False,False,False
150745,SAO GERALDO DO ARAGUAIA,PA,10.61965811965812,10.6,False,False,False,False,False,False
150746,SAO JOAO DA PONTA,PA,15.874524714828897,15.9,True,True,False,True,True,False
150747,SAO JOAO DE PIRABAS,PA,16.549387542350793,16.5,True,True,False,True,True,False
150750,SAO JOAO DO ARAGUAIA,PA,14.266211604095563,14.3,True,True,False,True,True,False
150760,SAO MIGUEL DO GUAMA,PA,10.524403536393363,10.5,False,False,False,False,False,False
150770,SAO SEBASTIAO DA BOA VISTA,PA,20.59496567505721,20.6,True,True,False,True,True,False
150775,SAPUCAIA,PA,14.176663031624864,14.2,True,True,False,False,False,False
150780,SENADOR JOSE PORFIRIO,PA,15.716096324461343,15.7,True,True,False,True,True,False
150790,SOURE,PA,10.355625139789757,10.4,False,False,False,False,False,False
150795,TAILANDIA,PA,9.509029345372461,9.5,False,False,False,False,False,False
150796,TERRA ALTA,PA,17.56257693885925,17.6,True,True,False,False,False,False
150797,TERRA SANTA,PA,16.430235020114335,16.4,True,True,False,False,False,False
150800,TOME-ACU,PA,8.450443786982248,8.5,False,False,False,False,False,False
150803,TRACUATEUA,PA,27.58670520231214,27.6,True,True,False,True,True,False
150805,TRAIRAO,PA,12.14094216775182,12.1,True,True,False,True,True,False
150808,TUCUMA,PA,9.114927344782034,9.1,False,False,False,False,False,False
150810,TUCURUI,PA,7.441749881122206,7.4,False,False,False,False,False,False
150812,ULIANOPOLIS,PA,20.29190207156309,20.3,True,True,False,False,False,False
150815,URUARA,PA,9.414225941422593,9.4,False,False,False,False,False,False
150820,VIGIA,PA,16.303665859998205,16.3,True,True,False,False,False,False
150830,VISEU,PA,21.621076006863834,21.6,True,True,False,True,True,False
150835,VITORIA DO XINGU,PA,15.331807780320366,15.3,True,True,False,True,True,False
150840,XINGUARA,PA,12.89338165172611,12.9,True,True,False,False,False,False
160005,SERRA DO NAVIO,AP,21.662245800176834,21.7,True,True,False,False,False,False
160010,AMAPA,AP,19.388418998048145,19.4,True,True,False,False,False,False
160015,PEDRA BRANCA DO AMAPARI,AP,18.503570319776465,18.5,True,True,False,False,False,False
160020,CALCOENE,AP,15.37037037037037,15.4,True,True,False,False,False,False
160021,CUTIAS,AP,9.627611262488648,9.6,False,False,False,False,False,False
160023,FERREIRA GOMES,AP,8.867775138558986,8.9,False,False,False,False,False,False
160025,ITAUBAL,AP,21.741051701281485,21.7,True,True,False,True,True,False
160027,LARANJAL DO JARI,AP,18.025751072961373,18.0,True,True,False,False,False,False
160030,MACAPA,AP,15.302601671218092,15.3,True,True,False,False,False,False
160040,MAZAGAO,AP,21.406991799741046,21.4,True,True,False,True,True,False
160050,OIAPOQUE,AP,32.98479087452472,33.0,True,True,False,False,False,False
160053,PORTO GRANDE,AP,17.76765375854214,17.8,True,True,False,False,False,False
160055,PRACUUBA,AP,25.48076923076923,25.5,True,True,False,False,False,False
160060,SANTANA,AP,14.398018009433514,14.4,True,True,False,False,False,False
160070,TARTARUGALZINHO,AP,15.391539153915392,15.4,True,True,False,True,True,False
160080,VITORIA DO JARI,AP,17.488212601800257,17.5,True,True,False,False,False,False
170025,ABREULANDIA,TO,6.805293005671078,6.8,False,False,False,False,False,False
170030,AGUIARNOPOLIS,TO,11.885245901639344,11.9,True,True,False,False,False,False
170035,ALIANCA DO TOCANTINS,TO,15.011547344110854,15.0,True,True,False,False,False,False
170040,ALMAS,TO,10.173697270471465,10.2,False,False,False,False,False,False
170070,ALVORADA,TO,9.859154929577464,9.9,False,False,False,False,False,False
170100,ANANAS,TO,6.885919835560124,6.9,False,False,False,False,False,False
170105,ANGICO,TO,6.407322654462242,6.4,False,False,False,False,False,False
170110,APARECIDA DO RIO NEGRO,TO,11.677852348993287,11.7,True,True,False,False,False,False
170130,ARAGOMINAS,TO,12.186689714779602,12.2,True,True,False,True,True,False
170190,ARAGUACEMA,TO,11.510031678986273,11.5,True,True,False,False,False,False
170200,ARAGUACU,TO,6.931702344546381,6.9,False,False,False,False,False,False
170210,ARAGUAINA,TO,8.660409556313994,8.7,False,False,False,False,False,False
170215,ARAGUANA,TO,10.706401766004415,10.7,False,False,False,False,False,False
170220,ARAGUATINS,TO,8.969210174029453,9.0,False,False,False,False,False,False
170230,ARAPOEMA,TO,13.089509143407122,13.1,True,True,False,False,False,False
170240,ARRAIAS,TO,17.194570135746606,17.2,True,True,False,False,False,False
170255,AUGUSTINOPOLIS,TO,7.142857142857142,7.1,False,False,False,False,False,False
170270,AURORA DO TOCANTINS,TO,21.705426356589147,21.7,True,True,False,False,False,False
170290,AXIXA DO TOCANTINS,TO,10.996189439303212,11.0,True,True,False,False,False,False
170300,BABACULANDIA,TO,20.327102803738317,20.3,True,True,False,False,False,False
170305,BANDEIRANTES DO TOCANTINS,TO,11.891891891891893,11.9,True,True,False,False,False,False
170307,BARRA DO OURO,TO,12.111468381564846,12.1,True,True,False,False,False,False
170310,BARROLANDIA,TO,13.43915343915344,13.4,True,True,False,False,False,False
170320,BERNARDO SAYAO,TO,8.61111111111111,8.6,False,False,False,False,False,False
170330,BOM JESUS DO TOCANTINS,TO,18.89168765743073,18.9,True,True,False,False,False,False
170360,BRASILANDIA DO TOCANTINS,TO,7.7994428969359335,7.8,False,False,False,False,False,False
170370,BREJINHO DE NAZARE,TO,22.195985832349468,22.2,True,True,False,False,False,False
170380,BURITI DO TOCANTINS,TO,11.414634146341465,11.4,True,True,False,False,False,False
170382,CACHOEIRINHA,TO,12.189054726368159,12.2,True,True,False,False,False,False
170384,CAMPOS LINDOS,TO,7.317073170731707,7.3,False,False,False,False,False,False
170386,CARIRI DO TOCANTINS,TO,7.716535433070866,7.7,False,False,False,False,False,False
170388,CARMOLANDIA,TO,14.054054054054054,14.1,True,True,False,False,False,False
170389,CARRASCO BONITO,TO,10.78838174273859,10.8,False,False,False,False,False,False
170390,CASEARA,TO,13.790255986787777,13.8,True,True,False,False,False,False
170410,CENTENARIO,TO,17.525773195876287,17.5,True,True,False,True,True,False
170460,CHAPADA DE AREIA,TO,13.60759493670886,13.6,True,True,False,False,False,False
170510,CHAPADA DA NATIVIDADE,TO,15.11627906976744,15.1,True,True,False,False,False,False
170550,COLINAS DO TOCANTINS,TO,6.8746598947941235,6.9,False,False,False,False,False,False
170555,COMBINADO,TO,11.39240506329114,11.4,True,True,False,False,False,False
170560,CONCEICAO DO TOCANTINS,TO,10.849056603773585,10.8,False,False,False,False,False,False
170600,COUTO MAGALHAES,TO,14.395886889460154,14.4,True,True,False,False,False,False
170610,CRISTALANDIA,TO,14.26131511528608,14.3,True,True,False,False,False,False
170625,CRIXAS DO TOCANTINS,TO,13.897280966767372,13.9,True,True,False,False,False,False
170650,DARCINOPOLIS,TO,14.423076923076922,14.4,True,True,False,True,True,False
170700,DIANOPOLIS,TO,10.669693530079455,10.7,False,False,False,False,False,False
170710,DIVINOPOLIS DO TOCANTINS,TO,14.853358561967834,14.9,True,True,False,False,False,False
170720,DOIS IRMAOS DO TOCANTINS,TO,9.647779479326186,9.6,False,False,False,False,False,False
170730,DUERE,TO,11.242603550295858,11.2,True,True,False,False,False,False
170740,ESPERANTINA,TO,15.130890052356023,15.1,True,True,False,True,True,False
170755,FATIMA,TO,13.559322033898304,13.6,True,True,False,False,False,False
170765,FIGUEIROPOLIS,TO,11.649016641452345,11.6,True,True,False,False,False,False
170770,FILADELFIA,TO,7.8125,7.8,False,False,False,False,False,False
170820,FORMOSO DO ARAGUAIA,TO,9.50439146800502,9.5,False,False,False,False,False,False
170825,TABOCAO,TO,11.278195488721805,11.3,True,True,False,False,False,False
170830,GOIANORTE,TO,4.809843400447427,4.8,False,False,False,False,False,False
170900,GOIATINS,TO,11.789572569281352,11.8,True,True,False,True,True,False
170930,GUARAI,TO,13.77167157343801,13.8,True,True,False,False,False,False
170950,GURUPI,TO,6.601544036552702,6.6,False,False,False,False,False,False
170980,IPUEIRAS,TO,9.956709956709958,10.0,False,False,False,False,False,False
171050,ITACAJA,TO,10.260115606936417,10.3,False,False,False,False,False,False
171070,ITAGUATINS,TO,11.156685808039377,11.2,True,True,False,False,False,False
171090,ITAPIRATINS,TO,9.37019969278034,9.4,False,False,False,False,False,False
171110,ITAPORA DO TOCANTINS,TO,12.594458438287154,12.6,True,True,False,False,False,False
171150,JAU DO TOCANTINS,TO,9.166666666666666,9.2,False,False,False,False,False,False
171180,JUARINA,TO,8.447488584474886,8.4,False,False,False,False,False,False
171190,LAGOA DA CONFUSAO,TO,16.642857142857142,16.6,True,True,False,False,False,False
171195,LAGOA DO TOCANTINS,TO,13.73134328358209,13.7,True,True,False,True,True,False
171200,LAJEADO,TO,8.04289544235925,8.0,False,False,False,False,False,False
171215,LAVANDEIRA,TO,14.34108527131783,14.3,True,True,False,False,False,False
171240,LIZARDA,TO,10.896309314586995,10.9,False,False,False,False,False,False
171245,LUZINOPOLIS,TO,9.89010989010989,9.9,False,False,False,False,False,False
171250,MARIANOPOLIS DO TOCANTINS,TO,6.721311475409836,6.7,False,False,False,False,False,False
171270,MATEIROS,TO,9.25925925925926,9.3,False,False,False,False,False,False
171280,MAURILANDIA DO TOCANTINS,TO,7.806691449814126,7.8,False,False,False,False,False,False
171320,MIRACEMA DO TOCANTINS,TO,11.558669001751314,11.6,True,True,False,False,False,False
171330,MIRANORTE,TO,6.598984771573605,6.6,False,False,False,False,False,False
171360,MONTE DO CARMO,TO,11.479591836734695,11.5,True,True,False,False,False,False
171370,MONTE SANTO DO TOCANTINS,TO,10.762331838565023,10.8,False,False,False,False,False,False
171380,PALMEIRAS DO TOCANTINS,TO,10.511882998171847,10.5,False,False,False,False,False,False
171395,MURICILANDIA,TO,8.934169278996865,8.9,False,False,False,False,False,False
171420,NATIVIDADE,TO,12.370466321243523,12.4,True,True,False,False,False,False
171430,NAZARE,TO,14.803625377643503,14.8,True,True,False,False,False,False
171488,NOVA OLINDA,TO,10.960390667390124,11.0,True,False,True,False,False,False
171500,NOVA ROSALANDIA,TO,12.359550561797752,12.4,True,True,False,False,False,False
171510,NOVO ACORDO,TO,14.065510597302506,14.1,True,True,False,False,False,False
171515,NOVO ALEGRE,TO,19.018404907975462,19.0,True,True,False,False,False,False
171525,NOVO JARDIM,TO,9.386973180076629,9.4,False,False,False,False,False,False
171550,OLIVEIRA DE FATIMA,TO,11.560693641618498,11.6,True,True,False,False,False,False
171570,PALMEIRANTE,TO,13.523459061637535,13.5,True,True,False,True,True,False
171575,PALMEIROPOLIS,TO,8.085501858736059,8.1,False,False,False,False,False,False
171610,PARAISO DO TOCANTINS,TO,7.552581261950286,7.6,False,False,False,False,False,False
171620,PARANA,TO,19.01066925315228,19.0,True,True,False,True,True,False
171630,PAU D'ARCO,TO,11.44578313253012,11.4,True,True,False,False,False,False
171650,PEDRO AFONSO,TO,11.885467314964885,11.9,True,True,False,False,False,False
171660,PEIXE,TO,15.666178623718888,15.7,True,True,False,False,False,False
171665,PEQUIZEIRO,TO,10.931174089068826,10.9,False,False,False,False,False,False
171670,COLMEIA,TO,13.13065976714101,13.1,True,True,False,False,False,False
171700,PINDORAMA DO TOCANTINS,TO,14.863102998696217,14.9,True,True,False,False,False,False
171720,PIRAQUE,TO,8.8659793814433,8.9,False,False,False,False,False,False
171750,PIUM,TO,8.494623655913978,8.5,False,False,False,False,False,False
171780,PONTE ALTA DO BOM JESUS,TO,12.458471760797343,12.5,True,True,False,False,False,False
171790,PONTE ALTA DO TOCANTINS,TO,14.285714285714285,14.3,True,True,False,False,False,False
171800,PORTO ALEGRE DO TOCANTINS,TO,13.555555555555557,13.6,True,True,False,False,False,False
171820,PORTO NACIONAL,TO,9.490221224751522,9.5,False,False,False,False,False,False
171830,PRAIA NORTE,TO,7.652533609100311,7.7,False,False,False,False,False,False
171840,PRESIDENTE KENNEDY,TO,9.30232558139535,9.3,False,False,False,False,False,False
171845,PUGMIL,TO,12.912087912087914,12.9,True,True,False,False,False,False
171850,RECURSOLANDIA,TO,24.708377518557796,24.7,True,True,False,True,True,False
171855,RIACHINHO,TO,5.994152046783626,6.0,False,False,False,False,False,False
171865,RIO DA CONCEICAO,TO,14.501510574018129,14.5,True,True,False,False,False,False
171870,RIO DOS BOIS,TO,10.093896713615024,10.1,False,False,False,False,False,False
171875,RIO SONO,TO,22.256568778979908,22.3,True,True,False,False,False,False
171880,SAMPAIO,TO,13.508064516129032,13.5,True,True,False,False,False,False
171884,SANDOLANDIA,TO,15.708812260536398,15.7,True,True,False,False,False,False
171886,SANTA FE DO ARAGUAIA,TO,10.396039603960396,10.4,False,False,False,False,False,False
171888,SANTA MARIA DO TOCANTINS,TO,11.819887429643527,11.8,True,True,False,False,False,False
171889,SANTA RITA DO TOCANTINS,TO,9.191176470588236,9.2,False,False,False,False,False,False
171890,SANTA ROSA DO TOCANTINS,TO,18.0327868852459,18.0,True,True,False,False,False,False
171900,SANTA TEREZA DO TOCANTINS,TO,11.842105263157894,11.8,True,True,False,False,False,False
172000,SANTA TEREZINHA DO TOCANTINS,TO,6.997084548104956,7.0,False,False,False,False,False,False
172010,SAO BENTO DO TOCANTINS,TO,14.868309260832625,14.9,True,True,False,False,False,False
172015,SAO FELIX DO TOCANTINS,TO,15.254237288135593,15.3,True,True,False,True,True,False
172020,SAO MIGUEL DO TOCANTINS,TO,7.295285359801489,7.3,False,False,False,False,False,False
172025,SAO SALVADOR DO TOCANTINS,TO,13.174946004319654,13.2,True,True,False,False,False,False
172030,SAO SEBASTIAO DO TOCANTINS,TO,13.91812865497076,13.9,True,True,False,True,True,False
172049,SAO VALERIO,TO,12.837837837837837,12.8,True,True,False,False,False,False
172065,SILVANOPOLIS,TO,10.41095890410959,10.4,False,False,False,False,False,False
172080,SITIO NOVO DO TOCANTINS,TO,5.649103747963063,5.6,False,False,False,False,False,False
172085,SUCUPIRA,TO,11.618257261410788,11.6,True,True,False,False,False,False
172090,TAGUATINGA,TO,23.659552316501824,23.7,True,True,False,False,False,False
172093,TAIPAS DO TOCANTINS,TO,16.793893129770993,16.8,True,True,False,False,False,False
172097,TALISMA,TO,11.515151515151516,11.5,True,True,False,False,False,False
172100,PALMAS,TO,18.951676872798807,19.0,True,True,False,False,False,False
172110,TOCANTINIA,TO,15.61938958707361,15.6,True,True,False,True,True,False
172120,TOCANTINOPOLIS,TO,10.09865005192108,10.1,False,False,False,False,False,False
172125,TUPIRAMA,TO,16.607773851590103,16.6,True,True,False,False,False,False
172130,TUPIRATINS,TO,11.03448275862069,11.0,True,True,False,False,False,False
172208,WANDERLANDIA,TO,9.383100051840332,9.4,False,False,False,False,False,False
172210,XAMBIOA,TO,8.6073500967118,8.6,False,False,False,False,False,False
210005,ACAILANDIA,MA,5.153035979359582,5.2,False,False,False,False,False,False
210010,AFONSO CUNHA,MA,13.372472276581865,13.4,True,True,False,True,True,False
210015,AGUA DOCE DO MARANHAO,MA,7.584392810170977,7.6,False,False,False,False,False,False
210020,ALCANTARA,MA,19.58645762326744,19.6,True,True,False,True,True,False
210030,ALDEIAS ALTAS,MA,5.769899200556135,5.8,False,False,False,False,False,False
210040,ALTAMIRA DO MARANHAO,MA,7.954545454545454,8.0,False,False,False,False,False,False
210043,ALTO ALEGRE DO MARANHAO,MA,6.578947368421052,6.6,False,False,False,False,False,False
210047,ALTO ALEGRE DO PINDARE,MA,6.38433709299851,6.4,False,False,False,False,False,False
210050,ALTO PARNAIBA,MA,7.849604221635883,7.8,False,False,False,False,False,False
210055,AMAPA DO MARANHAO,MA,13.061224489795919,13.1,True,True,False,True,True,False
210060,AMARANTE DO MARANHAO,MA,2.725588780100556,2.7,False,False,False,False,False,False
210070,ANAJATUBA,MA,10.676929149398067,10.7,False,False,False,False,False,False
210080,ANAPURUS,MA,17.572335920959777,17.6,True,True,False,True,True,False
210083,APICUM-ACU,MA,19.49740034662045,19.5,True,True,False,True,True,False
210087,ARAGUANA,MA,4.568527918781726,4.6,False,False,False,False,False,False
210090,ARAIOSES,MA,3.3353547604608855,3.3,False,False,False,False,False,False
210095,ARAME,MA,2.2895125553914326,2.3,False,False,False,False,False,False
210100,ARARI,MA,4.864028299801017,4.9,False,False,False,False,False,False
210110,AXIXA,MA,4.079650315687227,4.1,False,False,False,False,False,False
210120,BACABAL,MA,10.721521837010355,10.7,False,False,False,False,False,False
210125,BACABEIRA,MA,3.1969749054657957,3.2,False,False,False,False,False,False
210130,BACURI,MA,17.70917952883834,17.7,True,True,False,True,True,False
210135,BACURITUBA,MA,9.523809523809524,9.5,False,False,False,False,False,False
210140,BALSAS,MA,5.474258347745111,5.5,False,False,False,False,False,False
210150,BARAO DE GRAJAU,MA,7.502131287297528,7.5,False,False,False,False,False,False
210160,BARRA DO CORDA,MA,5.45909588612545,5.5,False,False,False,False,False,False
210170,BARREIRINHAS,MA,4.3704936217415415,4.4,False,False,False,False,False,False
210173,BELAGUA,MA,9.824957651044608,9.8,False,False,False,False,False,False
210177,BELA VISTA DO MARANHAO,MA,4.968226458694396,5.0,False,False,False,False,False,False
210180,BENEDITO LEITE,MA,12.866817155756207,12.9,True,True,False,True,True,False
210190,BEQUIMAO,MA,14.066102997694083,14.1,True,True,False,False,False,False
210193,BERNARDO DO MEARIM,MA,3.5897435897435894,3.6,False,False,False,False,False,False
210197,BOA VISTA DO GURUPI,MA,8.774978279756732,8.8,False,False,False,False,False,False
210200,BOM JARDIM,MA,5.7016621081422265,5.7,False,False,False,False,False,False
210203,BOM JESUS DAS SELVAS,MA,2.1757148777455453,2.2,False,False,False,False,False,False
210207,BOM LUGAR,MA,8.585055643879173,8.6,False,False,False,False,False,False
210210,BREJO,MA,9.179978700745474,9.2,False,False,False,False,False,False
210215,BREJO DE AREIA,MA,16.677076826983136,16.7,True,True,False,True,True,False
210220,BURITI,MA,16.426235814579726,16.4,True,True,False,True,True,False
210230,BURITI BRAVO,MA,5.37109375,5.4,False,False,False,False,False,False
210232,BURITICUPU,MA,4.823015089550134,4.8,False,False,False,False,False,False
210235,BURITIRANA,MA,7.9233783195472345,7.9,False,False,False,False,False,False
210237,CACHOEIRA GRANDE,MA,18.226872246696036,18.2,True,True,False,True,True,False
210240,CAJAPIO,MA,4.704301075268817,4.7,False,False,False,False,False,False
210250,CAJARI,MA,20.17979654601372,20.2,True,True,False,True,True,False
210255,CAMPESTRE DO MARANHAO,MA,5.26027397260274,5.3,False,False,False,False,False,False
210260,CANDIDO MENDES,MA,6.3976083707025415,6.4,False,False,False,False,False,False
210270,CANTANHEDE,MA,8.948399738732855,8.9,False,False,False,False,False,False
210275,CAPINZAL DO NORTE,MA,9.493333333333332,9.5,False,False,False,False,False,False
210280,CAROLINA,MA,9.866723989681857,9.9,False,False,False,False,False,False
210290,CARUTAPERA,MA,18.439555454751645,18.4,True,True,False,True,True,False
210300,CAXIAS,MA,9.096634245329229,9.1,False,False,False,False,False,False
210310,CEDRAL,MA,24.1875,24.2,True,True,False,False,False,False
210312,CENTRAL DO MARANHAO,MA,31.57435673789795,31.6,True,True,False,True,True,False
210315,CENTRO DO GUILHERME,MA,9.340659340659341,9.3,False,False,False,False,False,False
210317,CENTRO NOVO DO MARANHAO,MA,9.568403908794789,9.6,False,False,False,False,False,False
210320,CHAPADINHA,MA,14.679456046624576,14.7,True,True,False,False,False,False
210325,CIDELANDIA,MA,4.024002823861631,4.0,False,False,False,False,False,False
210330,CODO,MA,6.362684657438641,6.4,False,False,False,False,False,False
210340,COELHO NETO,MA,8.421741977734118,8.4,False,False,False,False,False,False
210350,COLINAS,MA,12.536353895606918,12.5,True,True,False,True,True,False
210355,CONCEICAO DO LAGO-ACU,MA,11.106074342701723,11.1,True,True,False,True,True,False
210360,COROATA,MA,4.045612295488349,4.0,False,False,False,False,False,False
210370,CURURUPU,MA,15.006934812760056,15.0,True,True,False,False,False,False
210375,DAVINOPOLIS,MA,4.323995127892814,4.3,False,False,False,False,False,False
210380,DOM PEDRO,MA,4.760413404321954,4.8,False,False,False,False,False,False
210390,DUQUE BACELAR,MA,13.78248974008208,13.8,True,True,False,True,True,False
210400,ESPERANTINOPOLIS,MA,6.965542793627269,7.0,False,False,False,False,False,False
210405,ESTREITO,MA,5.974695407685098,6.0,False,False,False,False,False,False
210407,FEIRA NOVA DO MARANHAO,MA,3.723404255319149,3.7,False,False,False,False,False,False
210408,FERNANDO FALCAO,MA,7.863849765258216,7.9,False,False,False,False,False,False
210409,FORMOSA DA SERRA NEGRA,MA,8.415207176420333,8.4,False,False,False,False,False,False
210410,FORTALEZA DOS NOGUEIRAS,MA,8.876811594202898,8.9,False,False,False,False,False,False
210420,FORTUNA,MA,3.2742681047765796,3.3,False,False,False,False,False,False
210430,GODOFREDO VIANA,MA,4.789135096497498,4.8,False,False,False,False,False,False
210440,GONCALVES DIAS,MA,11.049926578560939,11.0,True,True,False,True,True,False
210450,GOVERNADOR ARCHER,MA,3.982300884955752,4.0,False,False,False,False,False,False
210455,GOVERNADOR EDISON LOBAO,MA,3.985932004689332,4.0,False,False,False,False,False,False
210460,GOVERNADOR EUGENIO BARROS,MA,9.244444444444444,9.2,False,False,False,False,False,False
210462,GOVERNADOR LUIZ ROCHA,MA,11.906893464637422,11.9,True,True,False,True,True,False
210465,GOVERNADOR NEWTON BELLO,MA,5.986218776916451,6.0,False,False,False,False,False,False
210467,GOVERNADOR NUNES FREIRE,MA,4.398991314093584,4.4,False,False,False,False,False,False
210470,GRACA ARANHA,MA,2.767857142857143,2.8,False,False,False,False,False,False
210480,GRAJAU,MA,3.183916138621607,3.2,False,False,False,False,False,False
210490,GUIMARAES,MA,14.040465971796442,14.0,True,True,False,False,False,False
210500,HUMBERTO DE CAMPOS,MA,6.024329021046534,6.0,False,False,False,False,False,False
210510,ICATU,MA,23.21967061006727,23.2,True,True,False,True,True,False
210515,IGARAPE DO MEIO,MA,4.962995211144971,5.0,False,False,False,False,False,False
210520,IGARAPE GRANDE,MA,8.47547974413646,8.5,False,False,False,False,False,False
210530,IMPERATRIZ,MA,7.199676837983966,7.2,False,False,False,False,False,False
210535,ITAIPAVA DO GRAJAU,MA,10.741885625965997,10.7,False,False,False,False,False,False
210540,ITAPECURU MIRIM,MA,3.746992093502922,3.7,False,False,False,False,False,False
210542,ITINGA DO MARANHAO,MA,11.37577002053388,11.4,True,True,False,False,False,False
210545,JATOBA,MA,5.248425472358292,5.2,False,False,False,False,False,False
210547,JENIPAPO DOS VIEIRAS,MA,3.4782608695652173,3.5,False,False,False,False,False,False
210550,JOAO LISBOA,MA,4.8932143822654774,4.9,False,False,False,False,False,False
210560,JOSELANDIA,MA,7.78786430960344,7.8,False,False,False,False,False,False
210565,JUNCO DO MARANHAO,MA,6.129597197898424,6.1,False,False,False,False,False,False
210570,LAGO DA PEDRA,MA,2.6098447307565245,2.6,False,False,False,False,False,False
210580,LAGO DO JUNCO,MA,4.483430799220272,4.5,False,False,False,False,False,False
210590,LAGO VERDE,MA,6.012439530062197,6.0,False,False,False,False,False,False
210592,LAGOA DO MATO,MA,11.888111888111888,11.9,True,True,False,True,True,False
210594,LAGO DOS RODRIGUES,MA,5.403158769742311,5.4,False,False,False,False,False,False
210596,LAGOA GRANDE DO MARANHAO,MA,1.5761821366024518,1.6,False,False,False,False,False,False
210598,LAJEADO NOVO,MA,16.867469879518072,16.9,True,True,False,True,True,False
210600,LIMA CAMPOS,MA,2.8708133971291865,2.9,False,False,False,False,False,False
210610,LORETO,MA,6.054386865059005,6.1,False,False,False,False,False,False
210620,LUIS DOMINGUES,MA,9.276729559748427,9.3,False,False,False,False,False,False
210630,MAGALHAES DE ALMEIDA,MA,4.102776626605885,4.1,False,False,False,False,False,False
210632,MARACACUME,MA,9.561870929544108,9.6,False,False,False,False,False,False
210635,MARAJA DO SENA,MA,3.37909186906019,3.4,False,False,False,False,False,False
210637,MARANHAOZINHO,MA,10.488431876606684,10.5,False,False,False,False,False,False
210640,MATA ROMA,MA,21.124031007751938,21.1,True,True,False,True,True,False
210650,MATINHA,MA,16.17244525547445,16.2,True,True,False,False,False,False
210660,MATOES,MA,16.50961176027139,16.5,True,True,False,True,True,False
210663,MATOES DO NORTE,MA,12.977099236641221,13.0,True,True,False,True,True,False
210667,MILAGRES DO MARANHAO,MA,14.089661482159194,14.1,True,True,False,True,True,False
210670,MIRADOR,MA,15.31234128999492,15.3,True,True,False,True,True,False
210675,MIRANDA DO NORTE,MA,8.150997836018274,8.2,False,False,False,False,False,False
210680,MIRINZAL,MA,20.307595731324547,20.3,True,True,False,False,False,False
210690,MONCAO,MA,2.175264139216905,2.2,False,False,False,False,False,False
210700,MONTES ALTOS,MA,7.954545454545454,8.0,False,False,False,False,False,False
210710,MORROS,MA,18.889578163771713,18.9,True,True,False,True,True,False
210720,NINA RODRIGUES,MA,10.526315789473683,10.5,False,False,False,False,False,False
210725,NOVA COLINAS,MA,7.142857142857142,7.1,False,False,False,False,False,False
210730,NOVA IORQUE,MA,12.705272255834055,12.7,True,True,False,True,True,False
210735,NOVA OLINDA DO MARANHAO,MA,4.685039370078741,4.7,False,False,False,False,False,False
210740,OLHO D'AGUA DAS CUNHAS,MA,12.07440100882724,12.1,True,True,False,True,True,False
210745,OLINDA NOVA DO MARANHAO,MA,15.810434090003984,15.8,True,True,False,True,True,False
210750,PACO DO LUMIAR,MA,4.665682062298604,4.7,False,False,False,False,False,False
210760,PALMEIRANDIA,MA,27.3880139087748,27.4,True,True,False,True,True,False
210770,PARAIBANO,MA,11.307512347283598,11.3,True,True,False,True,True,False
210780,PARNARAMA,MA,5.4937722419928825,5.5,False,False,False,False,False,False
210790,PASSAGEM FRANCA,MA,12.315698178664354,12.3,True,True,False,True,True,False
210800,PASTOS BONS,MA,19.047619047619047,19.0,True,True,False,False,False,False
210805,PAULINO NEVES,MA,5.546161650321271,5.5,False,False,False,False,False,False
210810,PAULO RAMOS,MA,3.869132290184922,3.9,False,False,False,False,False,False
210820,PEDREIRAS,MA,2.534066459478843,2.5,False,False,False,False,False,False
210825,PEDRO DO ROSARIO,MA,15.498748659277798,15.5,True,True,False,True,True,False
210830,PENALVA,MA,9.019899572252186,9.0,False,False,False,False,False,False
210840,PERI MIRIM,MA,28.863151478207865,28.9,True,True,False,True,True,False
210845,PERITORO,MA,9.214692843571882,9.2,False,False,False,False,False,False
210850,PINDARE-MIRIM,MA,5.885144755576649,5.9,False,False,False,False,False,False
210860,PINHEIRO,MA,6.232808202050513,6.2,False,False,False,False,False,False
210870,PIO XII,MA,9.862385321100918,9.9,False,False,False,False,False,False
210880,PIRAPEMAS,MA,4.2387543252595155,4.2,False,False,False,False,False,False
210890,POCAO DE PEDRAS,MA,14.281721632196758,14.3,True,True,False,True,True,False
210900,PORTO FRANCO,MA,6.962602614776528,7.0,False,False,False,False,False,False
210905,PORTO RICO DO MARANHAO,MA,10.257633587786259,10.3,False,False,False,False,False,False
210910,PRESIDENTE DUTRA,MA,3.533787972721637,3.5,False,False,False,False,False,False
210920,PRESIDENTE JUSCELINO,MA,17.950079660116835,18.0,True,True,False,True,True,False
210923,PRESIDENTE MEDICI,MA,7.129963898916968,7.1,False,False,False,False,False,False
210927,PRESIDENTE SARNEY,MA,5.415918611609814,5.4,False,False,False,False,False,False
210930,PRESIDENTE VARGAS,MA,8.34662413609782,8.3,False,False,False,False,False,False
210940,PRIMEIRA CRUZ,MA,6.595538312318137,6.6,False,False,False,False,False,False
210945,RAPOSA,MA,9.880715705765407,9.9,False,False,False,False,False,False
210950,RIACHAO,MA,4.767524191645032,4.8,False,False,False,False,False,False
210955,RIBAMAR FIQUENE,MA,6.756756756756757,6.8,False,False,False,False,False,False
210960,ROSARIO,MA,7.121057985757884,7.1,False,False,False,False,False,False
210970,SAMBAIBA,MA,10.738255033557047,10.7,False,False,False,False,False,False
210975,SANTA FILOMENA DO MARANHAO,MA,5.136268343815513,5.1,False,False,False,False,False,False
210980,SANTA HELENA,MA,9.970212020325915,10.0,False,False,False,False,False,False
210990,SANTA INES,MA,6.5772614674980785,6.6,False,False,False,False,False,False
211000,SANTA LUZIA,MA,2.1037181996086103,2.1,False,False,False,False,False,False
211003,SANTA LUZIA DO PARUA,MA,14.338150952053223,14.3,True,True,False,True,True,False
211010,SANTA QUITERIA DO MARANHAO,MA,12.335306473171663,12.3,True,True,False,True,True,False
211020,SANTA RITA,MA,11.209256033839264,11.2,True,True,False,False,False,False
211023,SANTANA DO MARANHAO,MA,4.265402843601896,4.3,False,False,False,False,False,False
211027,SANTO AMARO DO MARANHAO,MA,8.802502234137624,8.8,False,False,False,False,False,False
211030,SANTO ANTONIO DOS LOPES,MA,5.143540669856459,5.1,False,False,False,False,False,False
211040,SAO BENEDITO DO RIO PRETO,MA,10.464376590330788,10.5,False,False,False,False,False,False
211050,SAO BENTO,MA,18.36664958141124,18.4,True,True,False,False,False,False
211060,SAO BERNARDO,MA,11.200000000000001,11.2,True,True,False,True,True,False
211065,SAO DOMINGOS DO AZEITAO,MA,9.373433583959901,9.4,False,False,False,False,False,False
211070,SAO DOMINGOS DO MARANHAO,MA,5.644859813084111,5.6,False,False,False,False,False,False
211080,SAO FELIX DE BALSAS,MA,9.504550050556118,9.5,False,False,False,False,False,False
211085,SAO FRANCISCO DO BREJAO,MA,4.241781548250265,4.2,False,False,False,False,False,False
211090,SAO FRANCISCO DO MARANHAO,MA,15.515653775322283,15.5,True,True,False,True,True,False
211100,SAO JOAO BATISTA,MA,7.985596271976276,8.0,False,False,False,False,False,False
211102,SAO JOAO DO CARU,MA,5.9625212947189095,6.0,False,False,False,False,False,False
211105,SAO JOAO DO PARAISO,MA,2.4103831891223733,2.4,False,False,False,False,False,False
211107,SAO JOAO DO SOTER,MA,13.150867823765019,13.2,True,True,False,True,True,False
211110,SAO JOAO DOS PATOS,MA,6.3765941485371345,6.4,False,False,False,False,False,False
211120,SAO JOSE DE RIBAMAR,MA,7.87162773854789,7.9,False,False,False,False,False,False
211125,SAO JOSE DOS BASILIOS,MA,8.056872037914692,8.1,False,False,False,False,False,False
211130,SAO LUIS,MA,11.107621693441237,11.1,True,True,False,False,False,False
211140,SAO LUIS GONZAGA DO MARANHAO,MA,4.761904761904762,4.8,False,False,False,False,False,False
211150,SAO MATEUS DO MARANHAO,MA,6.78028220634048,6.8,False,False,False,False,False,False
211153,SAO PEDRO DA AGUA BRANCA,MA,3.4380776340110906,3.4,False,False,False,False,False,False
211157,SAO PEDRO DOS CRENTES,MA,3.5479632063074904,3.5,False,False,False,False,False,False
211160,SAO RAIMUNDO DAS MANGABEIRAS,MA,14.227365554799182,14.2,True,True,False,False,False,False
211163,SAO RAIMUNDO DO DOCA BEZERRA,MA,6.039076376554174,6.0,False,False,False,False,False,False
211167,SAO ROBERTO,MA,10.520094562647754,10.5,False,False,False,False,False,False
211170,SAO VICENTE FERRER,MA,16.407246746619037,16.4,True,True,False,True,True,False
211172,SATUBINHA,MA,8.435960591133004,8.4,False,False,False,False,False,False
211174,SENADOR ALEXANDRE COSTA,MA,10.0,10.0,False,False,False,False,False,False
211176,SENADOR LA ROCQUE,MA,8.566221142162819,8.6,False,False,False,False,False,False
211178,SERRANO DO MARANHAO,MA,28.231432088633568,28.2,True,True,False,True,True,False
211180,SITIO NOVO,MA,6.501403180542563,6.5,False,False,False,False,False,False
211190,SUCUPIRA DO NORTE,MA,14.570063694267516,14.6,True,True,False,True,True,False
211195,SUCUPIRA DO RIACHAO,MA,8.456486042692939,8.5,False,False,False,False,False,False
211200,TASSO FRAGOSO,MA,3.71900826446281,3.7,False,False,False,False,False,False
211210,TIMBIRAS,MA,5.523903889026505,5.5,False,False,False,False,False,False
211220,TIMON,MA,12.09330349457738,12.1,True,True,False,False,False,False
211223,TRIZIDELA DO VALE,MA,4.244031830238726,4.2,False,False,False,False,False,False
211227,TUFILANDIA,MA,6.744868035190615,6.7,False,False,False,False,False,False
211230,TUNTUM,MA,10.64882697947214,10.6,False,False,False,False,False,False
211240,TURIACU,MA,11.818315449066588,11.8,True,True,False,True,True,False
211245,TURILANDIA,MA,13.75818939845146,13.8,True,True,False,True,True,False
211250,TUTOIA,MA,11.54703522068658,11.5,True,True,False,True,True,False
211260,URBANO SANTOS,MA,7.118087242197481,7.1,False,False,False,False,False,False
211270,VARGEM GRANDE,MA,3.313905079100749,3.3,False,False,False,False,False,False
211280,VIANA,MA,12.470023980815348,12.5,True,True,False,False,False,False
211285,VILA NOVA DOS MARTIRIOS,MA,10.415335463258787,10.4,False,False,False,False,False,False
211290,VITORIA DO MEARIM,MA,6.960845245494096,7.0,False,False,False,False,False,False
211300,VITORINO FREIRE,MA,10.298548342919748,10.3,False,False,False,False,False,False
211400,ZE DOCA,MA,4.273504273504273,4.3,False,False,False,False,False,False
220005,ACAUA,PI,5.979543666404406,6.0,False,False,False,False,False,False
220010,AGRICOLANDIA,PI,16.138917262512766,16.1,True,True,False,True,True,False
220020,AGUA BRANCA,PI,12.573018080667595,12.6,True,True,False,False,False,False
220025,ALAGOINHA DO PIAUI,PI,19.64735516372796,19.6,True,True,False,True,True,False
220027,ALEGRETE DO PIAUI,PI,15.515515515515515,15.5,True,True,False,False,False,False
220030,ALTO LONGA,PI,14.384615384615385,14.4,True,True,False,True,True,False
220040,ALTOS,PI,9.117792015771316,9.1,False,False,False,False,False,False
220045,ALVORADA DO GURGUEIA,PI,12.833827893175073,12.8,True,True,False,True,True,False
220050,AMARANTE,PI,18.201438848920866,18.2,True,True,False,True,True,False
220060,ANGICAL DO PIAUI,PI,10.27359017308766,10.3,False,False,False,False,False,False
220070,ANISIO DE ABREU,PI,14.696132596685082,14.7,True,True,False,True,True,False
220080,ANTONIO ALMEIDA,PI,20.5761316872428,20.6,True,True,False,False,False,False
220090,AROAZES,PI,17.209302325581397,17.2,True,True,False,False,False,False
220095,AROEIRAS DO ITAIM,PI,5.319148936170213,5.3,False,False,False,False,False,False
220100,ARRAIAL,PI,9.090909090909092,9.1,False,False,False,False,False,False
220105,ASSUNCAO DO PIAUI,PI,5.735294117647059,5.7,False,False,False,False,False,False
220110,AVELINO LOPES,PI,20.491345616973756,20.5,True,True,False,True,True,False
220115,BAIXA GRANDE DO RIBEIRO,PI,8.923884514435695,8.9,False,False,False,False,False,False
220117,BARRA D'ALCANTARA,PI,12.805587892898721,12.8,True,True,False,True,True,False
220120,BARRAS,PI,26.011334766464728,26.0,True,True,False,True,True,False
220130,BARREIRAS DO PIAUI,PI,18.493150684931507,18.5,True,True,False,True,True,False
220140,BARRO DURO,PI,8.150470219435736,8.2,False,False,False,False,False,False
220150,BATALHA,PI,14.504804138950481,14.5,True,True,False,True,True,False
220155,BELA VISTA DO PIAUI,PI,4.156479217603912,4.2,False,False,False,False,False,False
220157,BELEM DO PIAUI,PI,18.086500655307994,18.1,True,True,False,False,False,False
220160,BENEDITINOS,PI,16.244180031039836,16.2,True,True,False,True,True,False
220170,BERTOLINIA,PI,17.213930348258707,17.2,True,True,False,False,False,False
220173,BETANIA DO PIAUI,PI,5.161290322580645,5.2,False,False,False,False,False,False
220177,BOA HORA,PI,23.386243386243386,23.4,True,True,False,True,True,False
220180,BOCAINA,PI,26.885644768856448,26.9,True,True,False,False,False,False
220190,BOM JESUS,PI,11.5003808073115,11.5,True,True,False,False,False,False
220191,BOM PRINCIPIO DO PIAUI,PI,6.3457330415754925,6.3,False,False,False,False,False,False
220192,BONFIM DO PIAUI,PI,13.28125,13.3,True,True,False,True,True,False
220194,BOQUEIRAO DO PIAUI,PI,16.30094043887147,16.3,True,True,False,True,True,False
220196,BRASILEIRA,PI,21.631205673758867,21.6,True,True,False,False,False,False
220198,BREJO DO PIAUI,PI,24.976613657623947,25.0,True,True,False,True,True,False
220200,BURITI DOS LOPES,PI,6.709608158883522,6.7,False,False,False,False,False,False
220202,BURITI DOS MONTES,PI,18.050541516245488,18.1,True,True,False,True,True,False
220205,CABECEIRAS DO PIAUI,PI,11.92833569071193,11.9,True,True,False,True,True,False
220207,CAJAZEIRAS DO PIAUI,PI,9.740259740259742,9.7,False,False,False,False,False,False
220208,CAJUEIRO DA PRAIA,PI,6.419753086419753,6.4,False,False,False,False,False,False
220209,CALDEIRAO GRANDE DO PIAUI,PI,9.600614439324117,9.6,False,False,False,False,False,False
220210,CAMPINAS DO PIAUI,PI,23.01980198019802,23.0,True,True,False,False,False,False
220211,CAMPO ALEGRE DO FIDALGO,PI,17.836498761354253,17.8,True,True,False,True,True,False
220213,CAMPO GRANDE DO PIAUI,PI,23.6731843575419,23.7,True,True,False,False,False,False
220217,CAMPO LARGO DO PIAUI,PI,19.037199124726477,19.0,True,True,False,True,True,False
220220,CAMPO MAIOR,PI,17.164667393675025,17.2,True,True,False,False,False,False
220225,CANAVIEIRA,PI,19.311377245508982,19.3,True,True,False,False,False,False
220230,CANTO DO BURITI,PI,7.858048162230672,7.9,False,False,False,False,False,False
220240,CAPITAO DE CAMPOS,PI,14.940387481371086,14.9,True,True,False,True,True,False
220245,CAPITAO GERVASIO OLIVEIRA,PI,25.36319612590799,25.4,True,True,False,False,False,False
220250,CARACOL,PI,21.67792792792793,21.7,True,True,False,True,True,False
220253,CARAUBAS DO PIAUI,PI,10.657370517928287,10.7,False,False,False,False,False,False
220255,CARIDADE DO PIAUI,PI,12.142857142857142,12.1,True,True,False,True,True,False
220260,CASTELO DO PIAUI,PI,14.659538548114801,14.7,True,True,False,True,True,False
220265,CAXINGO,PI,10.773480662983426,10.8,False,False,False,False,False,False
220270,COCAL,PI,11.846459298477829,11.8,True,True,False,True,True,False
220271,COCAL DE TELHA,PI,17.18907987866532,17.2,True,True,False,True,True,False
220272,COCAL DOS ALVES,PI,9.690721649484537,9.7,False,False,False,False,False,False
220273,COIVARAS,PI,16.496163682864452,16.5,True,True,False,False,False,False
220275,COLONIA DO GURGUEIA,PI,23.36790726052471,23.4,True,True,False,False,False,False
220277,COLONIA DO PIAUI,PI,21.908349026993097,21.9,True,True,False,False,False,False
220280,CONCEICAO DO CANINDE,PI,18.13633520950594,18.1,True,True,False,True,True,False
220285,CORONEL JOSE DIAS,PI,7.532956685499058,7.5,False,False,False,False,False,False
220290,CORRENTE,PI,6.162734713529129,6.2,False,False,False,False,False,False
220300,CRISTALANDIA DO PIAUI,PI,7.351638618246235,7.4,False,False,False,False,False,False
220310,CRISTINO CASTRO,PI,13.083296990841692,13.1,True,True,False,False,False,False
220320,CURIMATA,PI,20.089955022488756,20.1,True,True,False,False,False,False
220323,CURRAIS,PI,5.856643356643357,5.9,False,False,False,False,False,False
220325,CURRALINHOS,PI,8.804204993429698,8.8,False,False,False,False,False,False
220327,CURRAL NOVO DO PIAUI,PI,19.761737911702873,19.8,True,True,False,True,True,False
220330,DEMERVAL LOBAO,PI,11.324541284403669,11.3,True,True,False,False,False,False
220335,DIRCEU ARCOVERDE,PI,7.8699743370402055,7.9,False,False,False,False,False,False
220340,DOM EXPEDITO LOPES,PI,3.540462427745665,3.5,False,False,False,False,False,False
220342,DOMINGOS MOURAO,PI,7.677165354330709,7.7,False,False,False,False,False,False
220345,DOM INOCENCIO,PI,5.395842547545334,5.4,False,False,False,False,False,False
220350,ELESBAO VELOSO,PI,7.086614173228346,7.1,False,False,False,False,False,False
220360,ELISEU MARTINS,PI,25.456292026897216,25.5,True,True,False,False,False,False
220370,ESPERANTINA,PI,8.542713567839195,8.5,False,False,False,False,False,False
220375,FARTURA DO PIAUI,PI,5.148833467417538,5.1,False,False,False,False,False,False
220380,FLORES DO PIAUI,PI,15.726495726495726,15.7,True,True,False,True,True,False
220385,FLORESTA DO PIAUI,PI,12.36111111111111,12.4,True,True,False,False,False,False
220390,FLORIANO,PI,12.756234495364929,12.8,True,True,False,False,False,False
220400,FRANCINOPOLIS,PI,17.962835512732276,18.0,True,True,False,True,True,False
220410,FRANCISCO AYRES,PI,14.138438880706921,14.1,True,True,False,False,False,False
220415,FRANCISCO MACEDO,PI,12.259970457902511,12.3,True,True,False,False,False,False
220420,FRANCISCO SANTOS,PI,3.6469730123997084,3.6,False,False,False,False,False,False
220430,FRONTEIRAS,PI,15.269086357947433,15.3,True,True,False,False,False,False
220435,GEMINIANO,PI,6.41399416909621,6.4,False,False,False,False,False,False
220440,GILBUES,PI,8.747152619589977,8.7,False,False,False,False,False,False
220450,GUADALUPE,PI,15.11216056670602,15.1,True,True,False,False,False,False
220455,GUARIBAS,PI,7.298136645962733,7.3,False,False,False,False,False,False
220460,HUGO NAPOLEAO,PI,25.23489932885906,25.2,True,True,False,True,True,False
220465,ILHA GRANDE,PI,6.574185765983112,6.6,False,False,False,False,False,False
220470,INHUMA,PI,7.4029126213592225,7.4,False,False,False,False,False,False
220480,IPIRANGA DO PIAUI,PI,5.908584169453734,5.9,False,False,False,False,False,False
220490,ISAIAS COELHO,PI,13.671641791044776,13.7,True,True,False,False,False,False
220500,ITAINOPOLIS,PI,8.741112505227939,8.7,False,False,False,False,False,False
220510,ITAUEIRA,PI,10.7095046854083,10.7,False,False,False,False,False,False
220515,JACOBINA DO PIAUI,PI,16.109215017064844,16.1,True,True,False,True,True,False
220520,JAICOS,PI,17.35995562950638,17.4,True,True,False,True,True,False
220525,JARDIM DO MULATO,PI,3.3165829145728645,3.3,False,False,False,False,False,False
220527,JATOBA DO PIAUI,PI,18.01566579634465,18.0,True,True,False,False,False,False
220530,JERUMENHA,PI,13.513513513513514,13.5,True,True,False,True,True,False
220535,JOAO COSTA,PI,8.171206225680933,8.2,False,False,False,False,False,False
220540,JOAQUIM PIRES,PI,8.962264150943396,9.0,False,False,False,False,False,False
220545,JOCA MARQUES,PI,11.5,11.5,True,True,False,True,True,False
220550,JOSE DE FREITAS,PI,9.69747899159664,9.7,False,False,False,False,False,False
220551,JUAZEIRO DO PIAUI,PI,19.720767888307154,19.7,True,True,False,True,True,False
220552,JULIO BORGES,PI,18.65921787709497,18.7,True,True,False,True,True,False
220553,JUREMA,PI,19.53867028493894,19.5,True,True,False,False,False,False
220554,LAGOINHA DO PIAUI,PI,9.433962264150944,9.4,False,False,False,False,False,False
220555,LAGOA ALEGRE,PI,10.099928622412563,10.1,False,False,False,False,False,False
220556,LAGOA DO BARRO DO PIAUI,PI,12.282497441146365,12.3,True,True,False,True,True,False
220557,LAGOA DE SAO FRANCISCO,PI,10.238907849829351,10.2,False,False,False,False,False,False
220558,LAGOA DO PIAUI,PI,16.68856767411301,16.7,True,True,False,True,True,False
220559,LAGOA DO SITIO,PI,14.743162108072047,14.7,True,True,False,True,True,False
220560,LANDRI SALES,PI,13.955479452054794,14.0,True,True,False,True,True,False
220570,LUIS CORREIA,PI,3.270488649480569,3.3,False,False,False,False,False,False
220580,LUZILANDIA,PI,16.0949378824402,16.1,True,True,False,True,True,False
220585,MADEIRO,PI,8.865047995482778,8.9,False,False,False,False,False,False
220590,MANOEL EMIDIO,PI,16.044776119402986,16.0,True,True,False,False,False,False
220595,MARCOLANDIA,PI,20.34825870646766,20.3,True,True,False,False,False,False
220600,MARCOS PARENTE,PI,7.8508341511285575,7.9,False,False,False,False,False,False
220605,MASSAPE DO PIAUI,PI,15.305164319248826,15.3,True,True,False,True,True,False
220610,MATIAS OLIMPIO,PI,9.094809094809095,9.1,False,False,False,False,False,False
220620,MIGUEL ALVES,PI,12.584880036215482,12.6,True,True,False,True,True,False
220630,MIGUEL LEAO,PI,10.380622837370241,10.4,False,False,False,False,False,False
220635,MILTON BRANDAO,PI,5.475504322766571,5.5,False,False,False,False,False,False
220640,MONSENHOR GIL,PI,15.947611710323576,15.9,True,True,False,False,False,False
220650,MONSENHOR HIPOLITO,PI,17.227108122090016,17.2,True,True,False,True,True,False
220660,MONTE ALEGRE DO PIAUI,PI,14.148351648351648,14.1,True,True,False,True,True,False
220665,MORRO CABECA NO TEMPO,PI,13.993871297242084,14.0,True,True,False,True,True,False
220667,MORRO DO CHAPEU DO PIAUI,PI,13.709677419354838,13.7,True,True,False,True,True,False
220669,MURICI DOS PORTELAS,PI,4.016477857878476,4.0,False,False,False,False,False,False
220670,NAZARE DO PIAUI,PI,17.296222664015904,17.3,True,True,False,True,True,False
220672,NAZARIA,PI,10.655737704918032,10.7,False,False,False,False,False,False
220675,NOSSA SENHORA DE NAZARE,PI,7.274320771253287,7.3,False,False,False,False,False,False
220680,NOSSA SENHORA DOS REMEDIOS,PI,33.084311632870865,33.1,True,True,False,True,True,False
220690,NOVO ORIENTE DO PIAUI,PI,13.08316430020284,13.1,True,True,False,True,True,False
220695,NOVO SANTO ANTONIO,PI,20.029455081001473,20.0,True,True,False,False,False,False
220700,OEIRAS,PI,17.580361074416555,17.6,True,True,False,False,False,False
220710,OLHO D'AGUA DO PIAUI,PI,9.33734939759036,9.3,False,False,False,False,False,False
220720,PADRE MARCOS,PI,13.845050215208035,13.8,True,True,False,False,False,False
220730,PAES LANDIM,PI,24.33920704845815,24.3,True,True,False,False,False,False
220735,PAJEU DO PIAUI,PI,21.70767004341534,21.7,True,True,False,True,True,False
220740,PALMEIRA DO PIAUI,PI,5.963302752293578,6.0,False,False,False,False,False,False
220750,PALMEIRAIS,PI,8.599605522682447,8.6,False,False,False,False,False,False
220755,PAQUETA,PI,15.148514851485148,15.1,True,True,False,False,False,False
220760,PARNAGUA,PI,18.83614088820827,18.8,True,True,False,True,True,False
220770,PARNAIBA,PI,6.065778991692273,6.1,False,False,False,False,False,False
220775,PASSAGEM FRANCA DO PIAUI,PI,15.33203125,15.3,True,True,False,True,True,False
220777,PATOS DO PIAUI,PI,7.593856655290103,7.6,False,False,False,False,False,False
220779,PAU D'ARCO DO PIAUI,PI,6.199021207177815,6.2,False,False,False,False,False,False
220780,PAULISTANA,PI,9.749103942652331,9.7,False,False,False,False,False,False
220785,PAVUSSU,PI,32.494279176201374,32.5,True,True,False,False,False,False
220790,PEDRO II,PI,9.556025369978858,9.6,False,False,False,False,False,False
220793,PEDRO LAURENTINO,PI,13.012729844413013,13.0,True,True,False,False,False,False
220795,NOVA SANTA RITA,PI,8.587786259541986,8.6,False,False,False,False,False,False
220800,PICOS,PI,7.080620012840503,7.1,False,False,False,False,False,False
220810,PIMENTEIRAS,PI,13.268465280849181,13.3,True,True,False,True,True,False
220820,PIO IX,PI,9.1324200913242,9.1,False,False,False,False,False,False
220830,PIRACURUCA,PI,16.947960618846693,16.9,True,True,False,True,True,False
220840,PIRIPIRI,PI,11.502154730145701,11.5,True,True,False,False,False,False
220850,PORTO,PI,16.065573770491802,16.1,True,True,False,True,True,False
220855,PORTO ALEGRE DO PIAUI,PI,15.5,15.5,True,True,False,True,True,False
220860,PRATA DO PIAUI,PI,25.288831835686775,25.3,True,True,False,False,False,False
220865,QUEIMADA NOVA,PI,7.317073170731707,7.3,False,False,False,False,False,False
220870,REDENCAO DO GURGUEIA,PI,14.734774066797643,14.7,True,True,False,True,True,False
220880,REGENERACAO,PI,19.844495493903516,19.8,True,True,False,True,True,False
220885,RIACHO FRIO,PI,9.595959595959595,9.6,False,False,False,False,False,False
220887,RIBEIRA DO PIAUI,PI,8.466603951081844,8.5,False,False,False,False,False,False
220890,RIBEIRO GONCALVES,PI,8.269720101781171,8.3,False,False,False,False,False,False
220900,RIO GRANDE DO PIAUI,PI,17.42761692650334,17.4,True,True,False,True,True,False
220910,SANTA CRUZ DO PIAUI,PI,6.556245686680469,6.6,False,False,False,False,False,False
220915,SANTA CRUZ DOS MILAGRES,PI,14.722222222222223,14.7,True,True,False,True,True,False
220920,SANTA FILOMENA,PI,7.91007493755204,7.9,False,False,False,False,False,False
220930,SANTA LUZ,PI,16.75889328063241,16.8,True,True,False,True,True,False
220935,SANTANA DO PIAUI,PI,9.539473684210527,9.5,False,False,False,False,False,False
220937,SANTA ROSA DO PIAUI,PI,15.859030837004406,15.9,True,True,False,False,False,False
220940,SANTO ANTONIO DE LISBOA,PI,18.515497553017944,18.5,True,True,False,False,False,False
220945,SANTO ANTONIO DOS MILAGRES,PI,7.317073170731707,7.3,False,False,False,False,False,False
220950,SANTO INACIO DO PIAUI,PI,21.066907775768534,21.1,True,True,False,False,False,False
220955,SAO BRAZ DO PIAUI,PI,4.4298605414273995,4.4,False,False,False,False,False,False
220960,SAO FELIX DO PIAUI,PI,7.517084282460136,7.5,False,False,False,False,False,False
220965,SAO FRANCISCO DE ASSIS DO PIAUI,PI,14.295628036086052,14.3,True,True,False,True,True,False
220970,SAO FRANCISCO DO PIAUI,PI,9.472880061115355,9.5,False,False,False,False,False,False
220975,SAO GONCALO DO GURGUEIA,PI,4.29042904290429,4.3,False,False,False,False,False,False
220980,SAO GONCALO DO PIAUI,PI,15.785054575986566,15.8,True,True,False,False,False,False
220985,SAO JOAO DA CANABRAVA,PI,18.200202224469162,18.2,True,True,False,True,True,False
220987,SAO JOAO DA FRONTEIRA,PI,25.879682179341657,25.9,True,True,False,True,True,False
220990,SAO JOAO DA SERRA,PI,15.76305220883534,15.8,True,True,False,True,True,False
220995,SAO JOAO DA VARJOTA,PI,6.502463054187192,6.5,False,False,False,False,False,False
220997,SAO JOAO DO ARRAIAL,PI,21.32034632034632,21.3,True,True,False,True,True,False
221000,SAO JOAO DO PIAUI,PI,9.915100060642814,9.9,False,False,False,False,False,False
221005,SAO JOSE DO DIVINO,PI,23.59081419624217,23.6,True,True,False,True,True,False
221010,SAO JOSE DO PEIXE,PI,15.256588072122051,15.3,True,True,False,False,False,False
221020,SAO JOSE DO PIAUI,PI,7.03125,7.0,False,False,False,False,False,False
221030,SAO JULIAO,PI,12.02127659574468,12.0,True,True,False,True,True,False
221035,SAO LOURENCO DO PIAUI,PI,10.239651416122005,10.2,False,False,False,False,False,False
221037,SAO LUIS DO PIAUI,PI,11.0,11.0,True,True,False,False,False,False
221038,SAO MIGUEL DA BAIXA GRANDE,PI,5.167173252279635,5.2,False,False,False,False,False,False
221039,SAO MIGUEL DO FIDALGO,PI,17.068645640074212,17.1,True,True,False,False,False,False
221040,SAO MIGUEL DO TAPUIO,PI,8.249924173491053,8.2,False,False,False,False,False,False
221050,SAO PEDRO DO PIAUI,PI,7.995365005793744,8.0,False,False,False,False,False,False
221060,SAO RAIMUNDO NONATO,PI,9.9488609948861,9.9,False,False,False,False,False,False
221062,SEBASTIAO BARROS,PI,9.808612440191387,9.8,False,False,False,False,False,False
221063,SEBASTIAO LEAL,PI,5.209513023782559,5.2,False,False,False,False,False,False
221065,SIGEFREDO PACHECO,PI,22.854561878952122,22.9,True,True,False,True,True,False
221070,SIMOES,PI,6.530291109362707,6.5,False,False,False,False,False,False
221080,SIMPLICIO MENDES,PI,15.762170790103752,15.8,True,True,False,False,False,False
221090,SOCORRO DO PIAUI,PI,19.41649899396378,19.4,True,True,False,True,True,False
221093,SUSSUAPARA,PI,5.593803786574871,5.6,False,False,False,False,False,False
221095,TAMBORIL DO PIAUI,PI,3.9726027397260277,4.0,False,False,False,False,False,False
221097,TANQUE DO PIAUI,PI,9.622641509433963,9.6,False,False,False,False,False,False
221100,TERESINA,PI,13.003298838628044,13.0,True,True,False,False,False,False
221110,UNIAO,PI,9.129115106233948,9.1,False,False,False,False,False,False
221120,URUCUI,PI,13.708260105448156,13.7,True,True,False,False,False,False
221130,VALENCA DO PIAUI,PI,4.896848787123101,4.9,False,False,False,False,False,False
221135,VARZEA BRANCA,PI,6.2714776632302405,6.3,False,False,False,False,False,False
221140,VARZEA GRANDE,PI,15.981380915438322,16.0,True,True,False,False,False,False
221150,VERA MENDES,PI,21.793416572077184,21.8,True,True,False,True,True,False
221160,VILA NOVA DO PIAUI,PI,14.669051878354203,14.7,True,True,False,True,True,False
221170,WALL FERRAZ,PI,18.67321867321867,18.7,True,True,False,False,False,False
230010,ABAIARA,CE,13.350125944584383,13.4,True,True,False,False,False,False
230015,ACARAPE,CE,15.60798548094374,15.6,True,True,False,False,False,False
230020,ACARAU,CE,9.56052428681573,9.6,False,False,False,False,False,False
230030,ACOPIARA,CE,15.561083471531234,15.6,True,True,False,True,True,False
230040,AIUABA,CE,21.53846153846154,21.5,True,True,False,True,True,False
230050,ALCANTARAS,CE,4.232804232804233,4.2,False,False,False,False,False,False
230060,ALTANEIRA,CE,15.532811559301626,15.5,True,True,False,False,False,False
230070,ALTO SANTO,CE,5.56343019135365,5.6,False,False,False,False,False,False
230075,AMONTADA,CE,4.920780012187691,4.9,False,False,False,False,False,False
230080,ANTONINA DO NORTE,CE,22.19604147031103,22.2,True,True,False,False,False,False
230090,APUIARES,CE,24.37967703820402,24.4,True,True,False,False,False,False
230100,AQUIRAZ,CE,8.111680158599041,8.1,False,False,False,False,False,False
230110,ARACATI,CE,4.768964665184087,4.8,False,False,False,False,False,False
230120,ARACOIABA,CE,6.145468689225982,6.1,False,False,False,False,False,False
230125,ARARENDA,CE,4.190919674039581,4.2,False,False,False,False,False,False
230130,ARARIPE,CE,4.686764013188884,4.7,False,False,False,False,False,False
230140,ARATUBA,CE,13.69747899159664,13.7,True,True,False,False,False,False
230150,ARNEIROZ,CE,5.798816568047338,5.8,False,False,False,False,False,False
230160,ASSARE,CE,14.091882885027374,14.1,True,True,False,False,False,False
230170,AURORA,CE,8.974048023284016,9.0,False,False,False,False,False,False
230180,BAIXIO,CE,24.282982791587,24.3,True,True,False,False,False,False
230185,BANABUIU,CE,8.564890487087283,8.6,False,False,False,False,False,False
230190,BARBALHA,CE,3.6397831618541874,3.6,False,False,False,False,False,False
230195,BARREIRA,CE,4.752941176470588,4.8,False,False,False,False,False,False
230200,BARRO,CE,13.975240715268225,14.0,True,True,False,False,False,False
230205,BARROQUINHA,CE,11.321403991741224,11.3,True,True,False,False,False,False
230210,BATURITE,CE,12.393598910452843,12.4,True,True,False,False,False,False
230220,BEBERIBE,CE,8.979726751873072,9.0,False,False,False,False,False,False
230230,BELA CRUZ,CE,10.58642653195695,10.6,False,False,False,False,False,False
230240,BOA VIAGEM,CE,10.442844943271929,10.4,False,False,False,False,False,False
230250,BREJO SANTO,CE,4.033771106941838,4.0,False,False,False,False,False,False
230260,CAMOCIM,CE,9.09853249475891,9.1,False,False,False,False,False,False
230270,CAMPOS SALES,CE,4.157201272149023,4.2,False,False,False,False,False,False
230280,CANINDE,CE,9.47553284904606,9.5,False,False,False,False,False,False
230290,CAPISTRANO,CE,18.527459263729632,18.5,True,True,False,False,False,False
230300,CARIDADE,CE,17.86777843954735,17.9,True,True,False,True,True,False
230310,CARIRE,CE,13.435950952256718,13.4,True,True,False,True,True,False
230320,CARIRIACU,CE,15.572837632776935,15.6,True,True,False,True,True,False
230330,CARIUS,CE,12.707838479809977,12.7,True,True,False,False,False,False
230340,CARNAUBAL,CE,5.498139727159983,5.5,False,False,False,False,False,False
230350,CASCAVEL,CE,7.439347990902198,7.4,False,False,False,False,False,False
230360,CATARINA,CE,9.14577530176416,9.1,False,False,False,False,False,False
230365,CATUNDA,CE,19.46241911398706,19.5,True,True,False,False,False,False
230370,CAUCAIA,CE,14.377334426528195,14.4,True,True,False,False,False,False
230380,CEDRO,CE,15.202952029520295,15.2,True,True,False,False,False,False
230390,CHAVAL,CE,22.28682170542636,22.3,True,True,False,True,True,False
230393,CHORO,CE,15.975733063700709,16.0,True,True,False,True,True,False
230395,CHOROZINHO,CE,7.960506016661524,8.0,False,False,False,False,False,False
230400,COREAU,CE,9.39580764488286,9.4,False,False,False,False,False,False
230410,CRATEUS,CE,4.7872896414759065,4.8,False,False,False,False,False,False
230420,CRATO,CE,10.57433132904831,10.6,False,False,False,False,False,False
230423,CROATA,CE,10.529845741113347,10.5,False,False,False,False,False,False
230425,CRUZ,CE,10.036014405762304,10.0,False,False,False,False,False,False
230426,DEPUTADO IRAPUAN PINHEIRO,CE,17.943107221006567,17.9,True,True,False,False,False,False
230427,ERERE,CE,5.99273607748184,6.0,False,False,False,False,False,False
230428,EUSEBIO,CE,8.994405393774208,9.0,False,False,False,False,False,False
230430,FARIAS BRITO,CE,11.551459293394778,11.6,True,True,False,False,False,False
230435,FORQUILHA,CE,6.196213425129088,6.2,False,False,False,False,False,False
230440,FORTALEZA,CE,15.096281250210183,15.1,True,True,False,False,False,False
230445,FORTIM,CE,5.654761904761905,5.7,False,False,False,False,False,False
230450,FRECHEIRINHA,CE,8.93832943013271,8.9,False,False,False,False,False,False
230460,GENERAL SAMPAIO,CE,20.51282051282051,20.5,True,True,False,True,True,False
230465,GRACA,CE,5.597147950089126,5.6,False,False,False,False,False,False
230470,GRANJA,CE,3.3577320785407228,3.4,False,False,False,False,False,False
230480,GRANJEIRO,CE,10.49317943336831,10.5,False,False,False,False,False,False
230490,GROAIRAS,CE,10.99312929419113,11.0,True,True,False,False,False,False
230495,GUAIUBA,CE,5.502800097394692,5.5,False,False,False,False,False,False
230500,GUARACIABA DO NORTE,CE,4.581795817958179,4.6,False,False,False,False,False,False
230510,GUARAMIRANGA,CE,6.714140386571719,6.7,False,False,False,False,False,False
230520,HIDROLANDIA,CE,10.871867278503352,10.9,False,False,False,False,False,False
230523,HORIZONTE,CE,7.5871195412439345,7.6,False,False,False,False,False,False
230526,IBARETAMA,CE,15.642857142857142,15.6,True,True,False,True,True,False
230530,IBIAPINA,CE,3.9700166574125486,4.0,False,False,False,False,False,False
230533,IBICUITINGA,CE,13.33080136726168,13.3,True,True,False,False,False,False
230535,ICAPUI,CE,9.92301112061591,9.9,False,False,False,False,False,False
230540,ICO,CE,18.34781652183478,18.3,True,True,False,False,False,False
230550,IGUATU,CE,7.675748402287253,7.7,False,False,False,False,False,False
230560,INDEPENDENCIA,CE,9.193438140806562,9.2,False,False,False,False,False,False
230565,IPAPORANGA,CE,14.82811698306824,14.8,True,True,False,False,False,False
230570,IPAUMIRIM,CE,17.317976141505554,17.3,True,True,False,False,False,False
230580,IPU,CE,10.406775311176697,10.4,False,False,False,False,False,False
230590,IPUEIRAS,CE,7.164179104477612,7.2,False,False,False,False,False,False
230600,IRACEMA,CE,5.64042303172738,5.6,False,False,False,False,False,False
230610,IRAUCUBA,CE,12.928311057108141,12.9,True,True,False,False,False,False
230620,ITAICABA,CE,10.305958132045088,10.3,False,False,False,False,False,False
230625,ITAITINGA,CE,10.970519175580487,11.0,True,True,False,False,False,False
230630,ITAPAJE,CE,6.911161128028597,6.9,False,False,False,False,False,False
230640,ITAPIPOCA,CE,5.72117763483424,5.7,False,False,False,False,False,False
230650,ITAPIUNA,CE,10.99601593625498,11.0,True,True,False,False,False,False
230655,ITAREMA,CE,8.072841984513909,8.1,False,False,False,False,False,False
230660,ITATIRA,CE,18.22943949711891,18.2,True,True,False,True,True,False
230670,JAGUARETAMA,CE,9.226126320327657,9.2,False,False,False,False,False,False
230680,JAGUARIBARA,CE,6.594724220623502,6.6,False,False,False,False,False,False
230690,JAGUARIBE,CE,5.661389857794473,5.7,False,False,False,False,False,False
230700,JAGUARUANA,CE,8.905440414507773,8.9,False,False,False,False,False,False
230710,JARDIM,CE,4.74290780141844,4.7,False,False,False,False,False,False
230720,JATI,CE,4.044750430292599,4.0,False,False,False,False,False,False
230725,JIJOCA DE JERICOACOARA,CE,3.608247422680412,3.6,False,False,False,False,False,False
230730,JUAZEIRO DO NORTE,CE,6.342636902144391,6.3,False,False,False,False,False,False
230740,JUCAS,CE,14.395441030723488,14.4,True,True,False,False,False,False
230750,LAVRAS DA MANGABEIRA,CE,14.447027565592826,14.4,True,True,False,False,False,False
230760,LIMOEIRO DO NORTE,CE,9.663398362478521,9.7,False,False,False,False,False,False
230763,MADALENA,CE,21.92094086899706,21.9,True,True,False,False,False,False
230765,MARACANAU,CE,13.496335689733446,13.5,True,True,False,False,False,False
230770,MARANGUAPE,CE,11.030840516167604,11.0,True,True,False,False,False,False
230780,MARCO,CE,3.633885986827164,3.6,False,False,False,False,False,False
230790,MARTINOPOLE,CE,19.62025316455696,19.6,True,True,False,True,True,False
230800,MASSAPE,CE,5.658660844250364,5.7,False,False,False,False,False,False
230810,MAURITI,CE,4.1238605122268845,4.1,False,False,False,False,False,False
230820,MERUOCA,CE,4.6764289088332545,4.7,False,False,False,False,False,False
230830,MILAGRES,CE,15.336741498110692,15.3,True,True,False,False,False,False
230835,MILHA,CE,8.508914100486225,8.5,False,False,False,False,False,False
230837,MIRAIMA,CE,7.535563244905806,7.5,False,False,False,False,False,False
230840,MISSAO VELHA,CE,4.506996420436056,4.5,False,False,False,False,False,False
230850,MOMBACA,CE,11.145038167938932,11.1,True,True,False,True,True,False
230860,MONSENHOR TABOSA,CE,24.908345913306018,24.9,True,True,False,False,False,False
230870,MORADA NOVA,CE,11.058511645521682,11.1,True,True,False,False,False,False
230880,MORAUJO,CE,18.75,18.8,True,True,False,False,False,False
230890,MORRINHOS,CE,3.6614853195164074,3.7,False,False,False,False,False,False
230900,MUCAMBO,CE,2.737994945240101,2.7,False,False,False,False,False,False
230910,MULUNGU,CE,18.23929961089494,18.2,True,True,False,False,False,False
230920,NOVA OLINDA,CE,15.426662617673854,15.4,True,True,False,False,False,False
230930,NOVA RUSSAS,CE,3.5923925804179384,3.6,False,False,False,False,False,False
230940,NOVO ORIENTE,CE,11.45516717325228,11.5,True,True,False,False,False,False
230945,OCARA,CE,9.018567639257293,9.0,False,False,False,False,False,False
230950,OROS,CE,15.113871635610765,15.1,True,True,False,False,False,False
230960,PACAJUS,CE,8.024542829643888,8.0,False,False,False,False,False,False
230970,PACATUBA,CE,7.112449382203303,7.1,False,False,False,False,False,False
230980,PACOTI,CE,8.944723618090453,8.9,False,False,False,False,False,False
230990,PACUJA,CE,7.680608365019011,7.7,False,False,False,False,False,False
231000,PALHANO,CE,9.983268265476855,10.0,False,False,False,False,False,False
231010,PALMACIA,CE,9.602501116569897,9.6,False,False,False,False,False,False
231020,PARACURU,CE,5.239732955694922,5.2,False,False,False,False,False,False
231025,PARAIPABA,CE,8.506061791161518,8.5,False,False,False,False,False,False
231030,PARAMBU,CE,3.8331454340473505,3.8,False,False,False,False,False,False
231040,PARAMOTI,CE,21.72928927116342,21.7,True,True,False,True,True,False
231050,PEDRA BRANCA,CE,7.895595432300164,7.9,False,False,False,False,False,False
231060,PENAFORTE,CE,15.938018815716656,15.9,True,True,False,False,False,False
231070,PENTECOSTE,CE,9.253666954270923,9.3,False,False,False,False,False,False
231080,PEREIRO,CE,10.347752332485156,10.3,False,False,False,False,False,False
231085,PINDORETAMA,CE,7.109665427509294,7.1,False,False,False,False,False,False
231090,PIQUET CARNEIRO,CE,9.162598573037927,9.2,False,False,False,False,False,False
231095,PIRES FERREIRA,CE,6.574621959237343,6.6,False,False,False,False,False,False
231100,PORANGA,CE,4.141566265060241,4.1,False,False,False,False,False,False
231110,PORTEIRAS,CE,3.7334263782274943,3.7,False,False,False,False,False,False
231120,POTENGI,CE,14.76510067114094,14.8,True,True,False,True,True,False
231123,POTIRETAMA,CE,6.82261208576998,6.8,False,False,False,False,False,False
231126,QUITERIANOPOLIS,CE,5.243328100470958,5.2,False,False,False,False,False,False
231130,QUIXADA,CE,9.57282552753474,9.6,False,False,False,False,False,False
231135,QUIXELO,CE,6.3765941485371345,6.4,False,False,False,False,False,False
231140,QUIXERAMOBIM,CE,7.084989299908286,7.1,False,False,False,False,False,False
231150,QUIXERE,CE,5.736677115987461,5.7,False,False,False,False,False,False
231160,REDENCAO,CE,9.039370078740157,9.0,False,False,False,False,False,False
231170,RERIUTABA,CE,8.85657633840053,8.9,False,False,False,False,False,False
231180,RUSSAS,CE,9.341738141986152,9.3,False,False,False,False,False,False
231190,SABOEIRO,CE,12.846998063266623,12.8,True,True,False,True,True,False
231195,SALITRE,CE,4.821252869793375,4.8,False,False,False,False,False,False
231200,SANTANA DO ACARAU,CE,26.294498381877023,26.3,True,True,False,True,True,False
231210,SANTANA DO CARIRI,CE,14.795058955642897,14.8,True,True,False,False,False,False
231220,SANTA QUITERIA,CE,14.15873015873016,14.2,True,True,False,False,False,False
231230,SAO BENEDITO,CE,5.281182408074982,5.3,False,False,False,False,False,False
231240,SAO GONCALO DO AMARANTE,CE,4.471147128685203,4.5,False,False,False,False,False,False
231250,SAO JOAO DO JAGUARIBE,CE,8.40197693574959,8.4,False,False,False,False,False,False
231260,SAO LUIS DO CURU,CE,5.774896876841485,5.8,False,False,False,False,False,False
231270,SENADOR POMPEU,CE,15.388683236382866,15.4,True,True,False,False,False,False
231280,SENADOR SA,CE,12.703862660944207,12.7,True,True,False,False,False,False
231290,SOBRAL,CE,6.167763157894736,6.2,False,False,False,False,False,False
231300,SOLONOPOLE,CE,10.76417419884963,10.8,False,False,False,False,False,False
231310,TABULEIRO DO NORTE,CE,14.56746463547334,14.6,True,True,False,False,False,False
231320,TAMBORIL,CE,6.386363636363636,6.4,False,False,False,False,False,False
231325,TARRAFAS,CE,5.052372150338879,5.1,False,False,False,False,False,False
231330,TAUA,CE,6.032841504045693,6.0,False,False,False,False,False,False
231335,TEJUCUOCA,CE,22.202001819836216,22.2,True,True,False,True,True,False
231340,TIANGUA,CE,5.879824636809078,5.9,False,False,False,False,False,False
231350,TRAIRI,CE,11.558466576767481,11.6,True,True,False,False,False,False
231355,TURURU,CE,11.738718838750394,11.7,True,True,False,False,False,False
231360,UBAJARA,CE,6.755452615325226,6.8,False,False,False,False,False,False
231370,UMARI,CE,17.154471544715445,17.2,True,True,False,True,True,False
231375,UMIRIM,CE,12.11107393777183,12.1,True,True,False,True,True,False
231380,URUBURETAMA,CE,5.40650406504065,5.4,False,False,False,False,False,False
231390,URUOCA,CE,11.55396327810121,11.6,True,True,False,False,False,False
231395,VARJOTA,CE,10.014513788098693,10.0,False,False,False,False,False,False
231400,VARZEA ALEGRE,CE,5.4747871643745905,5.5,False,False,False,False,False,False
231410,VICOSA DO CEARA,CE,12.367754433020414,12.4,True,True,False,True,True,False
240010,ACARI,RN,7.806955287437899,7.8,False,False,False,False,False,False
240020,ASSU,RN,9.395312192239512,9.4,False,False,False,False,False,False
240030,AFONSO BEZERRA,RN,8.161708619374524,8.2,False,False,False,False,False,False
240040,AGUA NOVA,RN,8.123249299719888,8.1,False,False,False,False,False,False
240050,ALEXANDRIA,RN,15.398420674802585,15.4,True,True,False,False,False,False
240060,ALMINO AFONSO,RN,13.996889580093313,14.0,True,True,False,False,False,False
240070,ALTO DO RODRIGUES,RN,8.49110728628801,8.5,False,False,False,False,False,False
240080,ANGICOS,RN,10.887096774193548,10.9,False,False,False,False,False,False
240090,ANTONIO MARTINS,RN,20.325732899022803,20.3,True,True,False,False,False,False
240100,APODI,RN,10.967548076923077,11.0,True,False,True,False,False,False
240110,AREIA BRANCA,RN,5.750350631136045,5.8,False,False,False,False,False,False
240120,AREZ,RN,10.834553440702782,10.8,False,False,False,False,False,False
240130,CAMPO GRANDE,RN,10.595761695321873,10.6,False,False,False,False,False,False
240140,BAIA FORMOSA,RN,7.043478260869565,7.0,False,False,False,False,False,False
240145,BARAUNA,RN,8.943419184749542,8.9,False,False,False,False,False,False
240150,BARCELONA,RN,12.298682284040996,12.3,True,True,False,True,True,False
240160,BENTO FERNANDES,RN,5.442176870748299,5.4,False,False,False,False,False,False
240165,BODO,RN,7.621951219512195,7.6,False,False,False,False,False,False
240170,BOM JESUS,RN,8.769633507853403,8.8,False,False,False,False,False,False
240180,BREJINHO,RN,7.72976262933658,7.7,False,False,False,False,False,False
240185,CAICARA DO NORTE,RN,16.897233201581027,16.9,True,True,False,True,True,False
240190,CAICARA DO RIO DO VENTO,RN,12.141280353200882,12.1,True,True,False,False,False,False
240200,CAICO,RN,8.176769467092047,8.2,False,False,False,False,False,False
240210,CAMPO REDONDO,RN,12.816326530612246,12.8,True,True,False,False,False,False
240220,CANGUARETAMA,RN,10.523854069223573,10.5,False,False,False,False,False,False
240230,CARAUBAS,RN,5.785548984314734,5.8,False,False,False,False,False,False
240240,CARNAUBA DOS DANTAS,RN,4.541154210028382,4.5,False,False,False,False,False,False
240250,CARNAUBAIS,RN,8.730614589316485,8.7,False,False,False,False,False,False
240260,CEARA-MIRIM,RN,5.133839392728726,5.1,False,False,False,False,False,False
240270,CERRO CORA,RN,7.526286662977311,7.5,False,False,False,False,False,False
240280,CORONEL EZEQUIEL,RN,8.587786259541986,8.6,False,False,False,False,False,False
240290,CORONEL JOAO PESSOA,RN,8.294062205466542,8.3,False,False,False,False,False,False
240300,CRUZETA,RN,9.75456261799874,9.8,False,False,False,False,False,False
240310,CURRAIS NOVOS,RN,5.435992578849722,5.4,False,False,False,False,False,False
240320,DOUTOR SEVERIANO,RN,7.878787878787878,7.9,False,False,False,False,False,False
240325,PARNAMIRIM,RN,12.074207905521526,12.1,True,True,False,False,False,False
240330,ENCANTO,RN,9.92767915844839,9.9,False,False,False,False,False,False
240340,EQUADOR,RN,11.934766493699037,11.9,True,True,False,False,False,False
240350,ESPIRITO SANTO,RN,8.974358974358974,9.0,False,False,False,False,False,False
240360,EXTREMOZ,RN,9.708859177808323,9.7,False,False,False,False,False,False
240370,FELIPE GUERRA,RN,9.871244635193133,9.9,False,False,False,False,False,False
240375,FERNANDO PEDROZA,RN,16.93548387096774,16.9,True,True,False,True,True,False
240380,FLORANIA,RN,8.60479409956976,8.6,False,False,False,False,False,False
240390,FRANCISCO DANTAS,RN,4.619565217391304,4.6,False,False,False,False,False,False
240400,FRUTUOSO GOMES,RN,5.793450881612091,5.8,False,False,False,False,False,False
240410,GALINHOS,RN,8.64864864864865,8.6,False,False,False,False,False,False
240420,GOIANINHA,RN,4.386232104782212,4.4,False,False,False,False,False,False
240430,GOVERNADOR DIX-SEPT ROSADO,RN,10.393131495707184,10.4,False,False,False,False,False,False
240440,GROSSOS,RN,11.159978009895546,11.2,True,True,False,False,False,False
240450,GUAMARE,RN,8.158263305322128,8.2,False,False,False,False,False,False
240460,IELMO MARINHO,RN,6.263269639065817,6.3,False,False,False,False,False,False
240470,IPANGUACU,RN,4.081632653061225,4.1,False,False,False,False,False,False
240480,IPUEIRA,RN,3.2697547683923704,3.3,False,False,False,False,False,False
240485,ITAJA,RN,6.928104575163399,6.9,False,False,False,False,False,False
240490,ITAU,RN,7.539410555174777,7.5,False,False,False,False,False,False
240500,JACANA,RN,15.246376811594203,15.2,True,True,False,False,False,False
240510,JANDAIRA,RN,10.202360876897133,10.2,False,False,False,False,False,False
240520,JANDUIS,RN,7.6109936575052854,7.6,False,False,False,False,False,False
240530,JANUARIO CICCO,RN,10.109519797809604,10.1,False,False,False,False,False,False
240540,JAPI,RN,13.311688311688311,13.3,True,True,False,False,False,False
240550,JARDIM DE ANGICOS,RN,4.119850187265917,4.1,False,False,False,False,False,False
240560,JARDIM DE PIRANHAS,RN,5.218012866333095,5.2,False,False,False,False,False,False
240570,JARDIM DO SERIDO,RN,8.432976714915041,8.4,False,False,False,False,False,False
240580,JOAO CAMARA,RN,11.246265471617583,11.2,True,True,False,True,True,False
240590,JOAO DIAS,RN,21.34646962233169,21.3,True,True,False,False,False,False
240600,JOSE DA PENHA,RN,7.283321194464676,7.3,False,False,False,False,False,False
240610,JUCURUTU,RN,7.100591715976331,7.1,False,False,False,False,False,False
240615,JUNDIA,RN,11.251758087201125,11.3,True,True,False,False,False,False
240620,LAGOA D'ANTA,RN,12.037659717552119,12.0,True,True,False,False,False,False
240630,LAGOA DE PEDRAS,RN,15.534591194968552,15.5,True,True,False,True,True,False
240640,LAGOA DE VELHOS,RN,9.95260663507109,10.0,False,False,False,False,False,False
240650,LAGOA NOVA,RN,3.084223013048636,3.1,False,False,False,False,False,False
240660,LAGOA SALGADA,RN,15.293637846655791,15.3,True,True,False,True,True,False
240670,LAJES,RN,7.787732598208132,7.8,False,False,False,False,False,False
240680,LAJES PINTADAS,RN,4.7518479408658925,4.8,False,False,False,False,False,False
240690,LUCRECIA,RN,9.606147934678194,9.6,False,False,False,False,False,False
240700,LUIS GOMES,RN,7.088255733148019,7.1,False,False,False,False,False,False
240710,MACAIBA,RN,9.67959983777207,9.7,False,False,False,False,False,False
240720,MACAU,RN,6.164611796067978,6.2,False,False,False,False,False,False
240725,MAJOR SALES,RN,11.030176899063475,11.0,True,True,False,False,False,False
240730,MARCELINO VIEIRA,RN,4.796511627906977,4.8,False,False,False,False,False,False
240740,MARTINS,RN,5.323741007194244,5.3,False,False,False,False,False,False
240750,MAXARANGUAPE,RN,10.888077858880779,10.9,False,False,False,False,False,False
240760,MESSIAS TARGINO,RN,8.116385911179174,8.1,False,False,False,False,False,False
240770,MONTANHAS,RN,10.347376201034738,10.3,False,False,False,False,False,False
240780,MONTE ALEGRE,RN,7.584662748390708,7.6,False,False,False,False,False,False
240790,MONTE DAS GAMELEIRAS,RN,6.50994575045208,6.5,False,False,False,False,False,False
240800,MOSSORO,RN,11.648090355179077,11.6,True,True,False,False,False,False
240810,NATAL,RN,14.444402175980523,14.4,True,True,False,False,False,False
240820,NISIA FLORESTA,RN,4.693218514531754,4.7,False,False,False,False,False,False
240830,NOVA CRUZ,RN,10.854408749145591,10.9,False,False,False,False,False,False
240840,OLHO-D'AGUA DO BORGES,RN,8.341323106423777,8.3,False,False,False,False,False,False
240850,OURO BRANCO,RN,4.0797824116047146,4.1,False,False,False,False,False,False
240860,PARANA,RN,4.127198917456021,4.1,False,False,False,False,False,False
240870,PARAU,RN,7.662337662337662,7.7,False,False,False,False,False,False
240880,PARAZINHO,RN,7.12719298245614,7.1,False,False,False,False,False,False
240890,PARELHAS,RN,8.052980132450331,8.1,False,False,False,False,False,False
240895,RIO DO FOGO,RN,13.247652001977261,13.2,True,True,False,True,True,False
240910,PASSA E FICA,RN,14.752013565069944,14.8,True,True,False,False,False,False
240920,PASSAGEM,RN,10.891089108910892,10.9,False,False,False,False,False,False
240930,PATU,RN,11.213626685592619,11.2,True,True,False,False,False,False
240933,SANTA MARIA,RN,12.396694214876034,12.4,True,True,False,False,False,False
240940,PAU DOS FERROS,RN,6.203627370156636,6.2,False,False,False,False,False,False
240950,PEDRA GRANDE,RN,5.51301684532925,5.5,False,False,False,False,False,False
240960,PEDRA PRETA,RN,9.766454352441615,9.8,False,False,False,False,False,False
240970,PEDRO AVELINO,RN,10.737764791818845,10.7,False,False,False,False,False,False
240980,PEDRO VELHO,RN,13.93233903237541,13.9,True,True,False,True,True,False
240990,PENDENCIAS,RN,13.369781312127236,13.4,True,True,False,False,False,False
241000,PILOES,RN,13.857142857142858,13.9,True,True,False,False,False,False
241010,POCO BRANCO,RN,11.720021703743896,11.7,True,True,False,True,True,False
241020,PORTALEGRE,RN,6.020245071923282,6.0,False,False,False,False,False,False
241025,PORTO DO MANGUE,RN,9.401709401709402,9.4,False,False,False,False,False,False
241030,SERRA CAIADA,RN,10.279870828848225,10.3,False,False,False,False,False,False
241040,PUREZA,RN,5.831739961759083,5.8,False,False,False,False,False,False
241050,RAFAEL FERNANDES,RN,5.405405405405405,5.4,False,False,False,False,False,False
241060,RAFAEL GODEIRO,RN,5.769230769230769,5.8,False,False,False,False,False,False
241070,RIACHO DA CRUZ,RN,11.668611435239207,11.7,True,True,False,False,False,False
241080,RIACHO DE SANTANA,RN,6.3589743589743595,6.4,False,False,False,False,False,False
241090,RIACHUELO,RN,10.0,10.0,False,False,False,False,False,False
241100,RODOLFO FERNANDES,RN,6.692406692406692,6.7,False,False,False,False,False,False
241105,TIBAU,RN,9.237379162191193,9.2,False,False,False,False,False,False
241110,RUY BARBOSA,RN,11.977715877437326,12.0,True,True,False,False,False,False
241120,SANTA CRUZ,RN,4.367518602394047,4.4,False,False,False,False,False,False
241140,SANTANA DO MATOS,RN,5.327650506126798,5.3,False,False,False,False,False,False
241142,SANTANA DO SERIDO,RN,2.4229074889867843,2.4,False,False,False,False,False,False
241150,SANTO ANTONIO,RN,10.913635101360732,10.9,False,False,False,False,False,False
241160,SAO BENTO DO NORTE,RN,4.223227752639517,4.2,False,False,False,False,False,False
241170,SAO BENTO DO TRAIRI,RN,8.921933085501859,8.9,False,False,False,False,False,False
241180,SAO FERNANDO,RN,4.761904761904762,4.8,False,False,False,False,False,False
241190,SAO FRANCISCO DO OESTE,RN,8.034433285509325,8.0,False,False,False,False,False,False
241200,SAO GONCALO DO AMARANTE,RN,10.844097326524482,10.8,False,False,False,False,False,False
241210,SAO JOAO DO SABUGI,RN,7.995735607675907,8.0,False,False,False,False,False,False
241220,SAO JOSE DE MIPIBU,RN,5.069052102950408,5.1,False,False,False,False,False,False
241230,SAO JOSE DO CAMPESTRE,RN,7.831620166421928,7.8,False,False,False,False,False,False
241240,SAO JOSE DO SERIDO,RN,5.402542372881356,5.4,False,False,False,False,False,False
241250,SAO MIGUEL,RN,10.124069478908188,10.1,False,False,False,False,False,False
241255,SAO MIGUEL DO GOSTOSO,RN,6.096196868008948,6.1,False,False,False,False,False,False
241260,SAO PAULO DO POTENGI,RN,12.6723816623183,12.7,True,True,False,False,False,False
241270,SAO PEDRO,RN,10.335570469798657,10.3,False,False,False,False,False,False
241280,SAO RAFAEL,RN,16.272061988807575,16.3,True,True,False,False,False,False
241290,SAO TOME,RN,7.886754297269969,7.9,False,False,False,False,False,False
241300,SAO VICENTE,RN,8.875219683655535,8.9,False,False,False,False,False,False
241310,SENADOR ELOI DE SOUZA,RN,12.003311258278146,12.0,True,True,False,False,False,False
241320,SENADOR GEORGINO AVELINO,RN,9.955423476968797,10.0,False,False,False,False,False,False
241330,SERRA DE SAO BENTO,RN,9.36093609360936,9.4,False,False,False,False,False,False
241335,SERRA DO MEL,RN,13.20444261620732,13.2,True,True,False,False,False,False
241340,SERRA NEGRA DO NORTE,RN,7.411504424778761,7.4,False,False,False,False,False,False
241350,SERRINHA,RN,10.157858613589568,10.2,False,False,False,False,False,False
241355,SERRINHA DOS PINTOS,RN,6.8807339449541285,6.9,False,False,False,False,False,False
241360,SEVERIANO MELO,RN,7.944845699277741,7.9,False,False,False,False,False,False
241370,SITIO NOVO,RN,8.381171067738231,8.4,False,False,False,False,False,False
241380,TABOLEIRO GRANDE,RN,7.5438596491228065,7.5,False,False,False,False,False,False
241390,TAIPU,RN,7.217125382262997,7.2,False,False,False,False,False,False
241400,TANGARA,RN,10.13845466726217,10.1,False,False,False,False,False,False
241410,TENENTE ANANIAS,RN,7.754551584625759,7.8,False,False,False,False,False,False
241415,TENENTE LAURENTINO CRUZ,RN,5.2434456928838955,5.2,False,False,False,False,False,False
241420,TIBAU DO SUL,RN,6.812272490899636,6.8,False,False,False,False,False,False
241430,TIMBAUBA DOS BATISTAS,RN,13.687150837988826,13.7,True,True,False,False,False,False
241440,TOUROS,RN,8.37378640776699,8.4,False,False,False,False,False,False
241445,TRIUNFO POTIGUAR,RN,5.64042303172738,5.6,False,False,False,False,False,False
241450,UMARIZAL,RN,12.313591819343843,12.3,True,True,False,False,False,False
241460,UPANEMA,RN,5.012126111560226,5.0,False,False,False,False,False,False
241470,VARZEA,RN,11.428571428571429,11.4,True,True,False,False,False,False
241475,VENHA-VER,RN,5.4945054945054945,5.5,False,False,False,False,False,False
241480,VERA CRUZ,RN,7.380281690140846,7.4,False,False,False,False,False,False
241490,VICOSA,RN,11.857707509881422,11.9,True,True,False,False,False,False
241500,VILA FLOR,RN,9.345794392523365,9.3,False,False,False,False,False,False
250010,AGUA BRANCA,PB,7.471264367816093,7.5,False,False,False,False,False,False
250020,AGUIAR,PB,10.473815461346634,10.5,False,False,False,False,False,False
250030,ALAGOA GRANDE,PB,6.385030864197532,6.4,False,False,False,False,False,False
250040,ALAGOA NOVA,PB,7.771164021164021,7.8,False,False,False,False,False,False
250050,ALAGOINHA,PB,10.844667143879743,10.8,False,False,False,False,False,False
250053,ALCANTIL,PB,6.615214994487322,6.6,False,False,False,False,False,False
250057,ALGODAO DE JANDAIRA,PB,9.35960591133005,9.4,False,False,False,False,False,False
250060,ALHANDRA,PB,8.457982050584716,8.5,False,False,False,False,False,False
250070,SAO JOAO DO RIO DO PEIXE,PB,8.76068376068376,8.8,False,False,False,False,False,False
250073,AMPARO,PB,17.17612809315866,17.2,True,True,False,False,False,False
250077,APARECIDA,PB,14.056603773584905,14.1,True,True,False,True,True,False
250080,ARACAGI,PB,18.86730325979585,18.9,True,True,False,True,True,False
250090,ARARA,PB,6.023720349563046,6.0,False,False,False,False,False,False
250100,ARARUNA,PB,6.867924528301887,6.9,False,False,False,False,False,False
250110,AREIA,PB,7.645466847090663,7.6,False,False,False,False,False,False
250115,AREIA DE BARAUNAS,PB,10.256410256410255,10.3,False,False,False,False,False,False
250120,AREIAL,PB,15.438373570520966,15.4,True,True,False,False,False,False
250130,AROEIRAS,PB,8.417085427135678,8.4,False,False,False,False,False,False
250135,ASSUNCAO,PB,5.104712041884817,5.1,False,False,False,False,False,False
250140,BAIA DA TRAICAO,PB,7.6558265582655824,7.7,False,False,False,False,False,False
250150,BANANEIRAS,PB,14.187699093359472,14.2,True,True,False,True,True,False
250153,BARAUNA,PB,17.81512605042017,17.8,True,True,False,True,True,False
250157,BARRA DE SANTANA,PB,11.501120238984317,11.5,True,True,False,True,True,False
250160,BARRA DE SANTA ROSA,PB,18.263473053892216,18.3,True,True,False,True,True,False
250170,BARRA DE SAO MIGUEL,PB,10.057471264367816,10.1,False,False,False,False,False,False
250180,BAYEUX,PB,14.818612998333547,14.8,True,True,False,False,False,False
250190,BELEM,PB,11.442786069651742,11.4,True,True,False,True,True,False
250200,BELEM DO BREJO DO CRUZ,PB,4.2675159235668785,4.3,False,False,False,False,False,False
250205,BERNARDINO BATISTA,PB,6.882022471910113,6.9,False,False,False,False,False,False
250210,BOA VENTURA,PB,11.436950146627565,11.4,True,True,False,False,False,False
250215,BOA VISTA,PB,2.8741328047571852,2.9,False,False,False,False,False,False
250220,BOM JESUS,PB,11.299435028248588,11.3,True,True,False,True,True,False
250230,BOM SUCESSO,PB,7.556497175141243,7.6,False,False,False,False,False,False
250240,BONITO DE SANTA FE,PB,15.319148936170212,15.3,True,True,False,False,False,False
250250,BOQUEIRAO,PB,15.109961190168175,15.1,True,True,False,False,False,False
250260,IGARACY,PB,11.03388357949609,11.0,True,True,False,False,False,False
250270,BORBOREMA,PB,8.366533864541832,8.4,False,False,False,False,False,False
250280,BREJO DO CRUZ,PB,9.450277949351452,9.5,False,False,False,False,False,False
250290,BREJO DOS SANTOS,PB,9.015151515151516,9.0,False,False,False,False,False,False
250300,CAAPORA,PB,12.279293739967898,12.3,True,True,False,False,False,False
250310,CABACEIRAS,PB,2.70042194092827,2.7,False,False,False,False,False,False
250320,CABEDELO,PB,16.928327645051194,16.9,True,True,False,False,False,False
250330,CACHOEIRA DOS INDIOS,PB,7.523939808481532,7.5,False,False,False,False,False,False
250340,CACIMBA DE AREIA,PB,11.912225705329153,11.9,True,True,False,False,False,False
250350,CACIMBA DE DENTRO,PB,5.5,5.5,False,False,False,False,False,False
250355,CACIMBAS,PB,10.105496946141033,10.1,False,False,False,False,False,False
250360,CAICARA,PB,10.88379705400982,10.9,False,False,False,False,False,False
250370,CAJAZEIRAS,PB,16.509354458115624,16.5,True,True,False,False,False,False
250375,CAJAZEIRINHAS,PB,4.791029561671763,4.8,False,False,False,False,False,False
250380,CALDAS BRANDAO,PB,16.52173913043478,16.5,True,True,False,True,True,False
250390,CAMALAU,PB,13.721804511278195,13.7,True,True,False,True,True,False
250400,CAMPINA GRANDE,PB,9.81311586816174,9.8,False,False,False,False,False,False
250403,CAPIM,PB,11.006879299562227,11.0,True,True,False,True,True,False
250407,CARAUBAS,PB,12.966252220248666,13.0,True,True,False,False,False,False
250410,CARRAPATEIRA,PB,4.892367906066536,4.9,False,False,False,False,False,False
250415,CASSERENGUE,PB,14.977973568281937,15.0,True,True,False,True,True,False
250420,CATINGUEIRA,PB,13.708820403825717,13.7,True,True,False,False,False,False
250430,CATOLE DO ROCHA,PB,6.8893129770992365,6.9,False,False,False,False,False,False
250435,CATURITE,PB,3.7872683319903304,3.8,False,False,False,False,False,False
250440,CONCEICAO,PB,10.358565737051793,10.4,False,False,False,False,False,False
250450,CONDADO,PB,11.560693641618498,11.6,True,True,False,True,True,False
250460,CONDE,PB,13.627992633517497,13.6,True,True,False,False,False,False
250470,CONGO,PB,12.79896574014221,12.8,True,True,False,True,True,False
250480,COREMAS,PB,5.248522766770942,5.2,False,False,False,False,False,False
250485,COXIXOLA,PB,12.670565302144249,12.7,True,True,False,False,False,False
250490,CRUZ DO ESPIRITO SANTO,PB,6.130573248407643,6.1,False,False,False,False,False,False
250500,CUBATI,PB,9.290187891440501,9.3,False,False,False,False,False,False
250510,CUITE,PB,11.934959349593496,11.9,True,True,False,True,True,False
250520,CUITEGI,PB,6.281407035175879,6.3,False,False,False,False,False,False
250523,CUITE DE MAMANGUAPE,PB,7.808764940239044,7.8,False,False,False,False,False,False
250527,CURRAL DE CIMA,PB,18.149210903873744,18.1,True,True,False,True,True,False
250530,CURRAL VELHO,PB,11.22715404699739,11.2,True,True,False,False,False,False
250535,DAMIAO,PB,18.695652173913043,18.7,True,True,False,True,True,False
250540,DESTERRO,PB,17.934782608695652,17.9,True,True,False,True,True,False
250550,VISTA SERRANA,PB,8.662613981762918,8.7,False,False,False,False,False,False
250560,DIAMANTE,PB,9.401709401709402,9.4,False,False,False,False,False,False
250570,DONA INES,PB,10.373216245883645,10.4,False,False,False,False,False,False
250580,DUAS ESTRADAS,PB,9.517241379310343,9.5,False,False,False,False,False,False
250590,EMAS,PB,9.30232558139535,9.3,False,False,False,False,False,False
250600,ESPERANCA,PB,4.952753339850114,5.0,False,False,False,False,False,False
250610,FAGUNDES,PB,8.766564729867483,8.8,False,False,False,False,False,False
250620,FREI MARTINHO,PB,12.614980289093298,12.6,True,True,False,False,False,False
250625,GADO BRAVO,PB,5.3832650672908136,5.4,False,False,False,False,False,False
250630,GUARABIRA,PB,13.378599270715451,13.4,True,True,False,False,False,False
250640,GURINHEM,PB,16.339227242960053,16.3,True,True,False,True,True,False
250650,GURJAO,PB,16.089385474860336,16.1,True,True,False,False,False,False
250660,IBIARA,PB,5.3105310531053105,5.3,False,False,False,False,False,False
250670,IMACULADA,PB,15.278396436525613,15.3,True,True,False,True,True,False
250680,INGA,PB,17.32096121817749,17.3,True,True,False,True,True,False
250690,ITABAIANA,PB,9.97380616562563,10.0,False,False,False,False,False,False
250700,ITAPORANGA,PB,4.818678589170392,4.8,False,False,False,False,False,False
250710,ITAPOROROCA,PB,5.151296829971182,5.2,False,False,False,False,False,False
250720,ITATUBA,PB,18.49105974705626,18.5,True,True,False,True,True,False
250730,JACARAU,PB,5.662337662337662,5.7,False,False,False,False,False,False
250740,JERICO,PB,6.756756756756757,6.8,False,False,False,False,False,False
250750,JOAO PESSOA,PB,14.017278095053722,14.0,True,True,False,False,False,False
250760,JUAREZ TAVORA,PB,13.828125,13.8,True,True,False,True,True,False
250770,JUAZEIRINHO,PB,2.078693392724573,2.1,False,False,False,False,False,False
250780,JUNCO DO SERIDO,PB,9.894459102902374,9.9,False,False,False,False,False,False
250790,JURIPIRANGA,PB,15.217391304347828,15.2,True,True,False,True,True,False
250800,JURU,PB,5.053191489361701,5.1,False,False,False,False,False,False
250810,LAGOA,PB,10.815939278937382,10.8,False,False,False,False,False,False
250820,LAGOA DE DENTRO,PB,10.198300283286118,10.2,False,False,False,False,False,False
250830,LAGOA SECA,PB,3.825310806503028,3.8,False,False,False,False,False,False
250840,LASTRO,PB,6.1571125265392785,6.2,False,False,False,False,False,False
250850,LIVRAMENTO,PB,10.358565737051793,10.4,False,False,False,False,False,False
250855,LOGRADOURO,PB,10.16260162601626,10.2,False,False,False,False,False,False
250860,LUCENA,PB,6.396713615023473,6.4,False,False,False,False,False,False
250870,MAE D'AGUA,PB,11.11111111111111,11.1,True,True,False,True,True,False
250880,MALTA,PB,13.248638838475499,13.2,True,True,False,False,False,False
250890,MAMANGUAPE,PB,7.190325743545048,7.2,False,False,False,False,False,False
250900,MANAIRA,PB,5.808080808080808,5.8,False,False,False,False,False,False
250905,MARCACAO,PB,11.425630468347915,11.4,True,True,False,True,True,False
250910,MARI,PB,14.942841589548175,14.9,True,True,False,True,True,False
250915,MARIZOPOLIS,PB,9.733740724574421,9.7,False,False,False,False,False,False
250920,MASSARANDUBA,PB,12.028499580888516,12.0,True,True,False,False,False,False
250930,MATARACA,PB,6.066734074823053,6.1,False,False,False,False,False,False
250933,MATINHAS,PB,6.301824212271974,6.3,False,False,False,False,False,False
250937,MATO GROSSO,PB,4.8936170212765955,4.9,False,False,False,False,False,False
250939,MATUREIA,PB,9.39922480620155,9.4,False,False,False,False,False,False
250940,MOGEIRO,PB,11.862396204033216,11.9,True,True,False,False,False,False
250950,MONTADAS,PB,9.693877551020408,9.7,False,False,False,False,False,False
250960,MONTE HOREBE,PB,11.059479553903346,11.1,True,True,False,True,True,False
250970,MONTEIRO,PB,8.146385678676637,8.1,False,False,False,False,False,False
250980,MULUNGU,PB,7.957244655581948,8.0,False,False,False,False,False,False
250990,NATUBA,PB,4.135338345864661,4.1,False,False,False,False,False,False
251000,NAZAREZINHO,PB,6.1443932411674345,6.1,False,False,False,False,False,False
251010,NOVA FLORESTA,PB,18.48906560636183,18.5,True,True,False,False,False,False
251020,NOVA OLINDA,PB,12.318286151491966,12.3,True,True,False,False,False,False
251030,NOVA PALMEIRA,PB,6.4891846921797,6.5,False,False,False,False,False,False
251040,OLHO D'AGUA,PB,11.658291457286433,11.7,True,True,False,True,True,False
251050,OLIVEDOS,PB,5.639614855570839,5.6,False,False,False,False,False,False
251060,OURO VELHO,PB,9.011943539630836,9.0,False,False,False,False,False,False
251065,PARARI,PB,5.187319884726225,5.2,False,False,False,False,False,False
251070,PASSAGEM,PB,8.187134502923977,8.2,False,False,False,False,False,False
251080,PATOS,PB,8.302313214570594,8.3,False,False,False,False,False,False
251090,PAULISTA,PB,15.534883720930232,15.5,True,True,False,True,True,False
251100,PEDRA BRANCA,PB,3.820598006644518,3.8,False,False,False,False,False,False
251110,PEDRA LAVRADA,PB,4.297994269340974,4.3,False,False,False,False,False,False
251120,PEDRAS DE FOGO,PB,10.184774575018478,10.2,False,False,False,False,False,False
251130,PIANCO,PB,14.637305699481864,14.6,True,True,False,False,False,False
251140,PICUI,PB,11.757105943152455,11.8,True,True,False,False,False,False
251150,PILAR,PB,10.529715762273902,10.5,False,False,False,False,False,False
251160,PILOES,PB,12.341772151898734,12.3,True,True,False,True,True,False
251170,PILOEZINHOS,PB,15.444839857651246,15.4,True,True,False,False,False,False
251180,PIRPIRITUBA,PB,11.464618760285244,11.5,True,True,False,True,True,False
251190,PITIMBU,PB,19.726824899238693,19.7,True,True,False,True,True,False
251200,POCINHOS,PB,9.460654288240496,9.5,False,False,False,False,False,False
251203,POCO DANTAS,PB,4.219409282700422,4.2,False,False,False,False,False,False
251207,POCO DE JOSE DE MOURA,PB,12.636695018226002,12.6,True,True,False,False,False,False
251210,POMBAL,PB,9.442287327920932,9.4,False,False,False,False,False,False
251220,PRATA,PB,6.8152031454783755,6.8,False,False,False,False,False,False
251230,PRINCESA ISABEL,PB,11.435705368289637,11.4,True,True,False,False,False,False
251240,PUXINANA,PB,2.4164184045018207,2.4,False,False,False,False,False,False
251250,QUEIMADAS,PB,3.9775065148813606,4.0,False,False,False,False,False,False
251260,QUIXABA,PB,11.282051282051283,11.3,True,True,False,False,False,False
251270,REMIGIO,PB,9.934017595307918,9.9,False,False,False,False,False,False
251272,PEDRO REGIS,PB,10.883620689655173,10.9,False,False,False,False,False,False
251274,RIACHAO,PB,11.046511627906977,11.0,True,True,False,False,False,False
251275,RIACHAO DO BACAMARTE,PB,13.606710158434296,13.6,True,True,False,False,False,False
251276,RIACHAO DO POCO,PB,7.050528789659224,7.1,False,False,False,False,False,False
251278,RIACHO DE SANTO ANTONIO,PB,6.8762278978389,6.9,False,False,False,False,False,False
251280,RIACHO DOS CAVALOS,PB,14.133738601823708,14.1,True,True,False,True,True,False
251290,RIO TINTO,PB,11.243889190657251,11.2,True,True,False,True,True,False
251300,SALGADINHO,PB,18.7984496124031,18.8,True,True,False,False,False,False
251310,SALGADO DE SAO FELIX,PB,6.237006237006238,6.2,False,False,False,False,False,False
251315,SANTA CECILIA,PB,7.912772585669782,7.9,False,False,False,False,False,False
251320,SANTA CRUZ,PB,10.28403525954946,10.3,False,False,False,False,False,False
251330,SANTA HELENA,PB,17.45005875440658,17.5,True,True,False,False,False,False
251335,SANTA INES,PB,15.155440414507773,15.2,True,True,False,True,True,False
251340,SANTA LUZIA,PB,6.388975884747886,6.4,False,False,False,False,False,False
251350,SANTANA DE MANGUEIRA,PB,4.761904761904762,4.8,False,False,False,False,False,False
251360,SANTANA DOS GARROTES,PB,5.410691003911343,5.4,False,False,False,False,False,False
251365,JOCA CLAUDINO,PB,10.126582278481013,10.1,False,False,False,False,False,False
251370,SANTA RITA,PB,9.640139058536128,9.6,False,False,False,False,False,False
251380,SANTA TERESINHA,PB,13.725490196078432,13.7,True,True,False,False,False,False
251385,SANTO ANDRE,PB,10.296191819464035,10.3,False,False,False,False,False,False
251390,SAO BENTO,PB,4.940239043824701,4.9,False,False,False,False,False,False
251392,SAO BENTINHO,PB,12.749003984063744,12.7,True,True,False,False,False,False
251394,SAO DOMINGOS DO CARIRI,PB,9.47136563876652,9.5,False,False,False,False,False,False
251396,SAO DOMINGOS,PB,9.248554913294797,9.2,False,False,False,False,False,False
251398,SAO FRANCISCO,PB,6.913183279742766,6.9,False,False,False,False,False,False
251400,SAO JOAO DO CARIRI,PB,8.390022675736962,8.4,False,False,False,False,False,False
251410,SAO JOAO DO TIGRE,PB,8.093994778067886,8.1,False,False,False,False,False,False
251420,SAO JOSE DA LAGOA TAPADA,PB,10.636442894507411,10.6,False,False,False,False,False,False
251430,SAO JOSE DE CAIANA,PB,18.25938566552901,18.3,True,True,False,False,False,False
251440,SAO JOSE DE ESPINHARAS,PB,6.3257065948856,6.3,False,False,False,False,False,False
251445,SAO JOSE DOS RAMOS,PB,5.623242736644799,5.6,False,False,False,False,False,False
251450,SAO JOSE DE PIRANHAS,PB,13.971210838272649,14.0,True,True,False,False,False,False
251455,SAO JOSE DE PRINCESA,PB,13.733075435203096,13.7,True,True,False,True,True,False
251460,SAO JOSE DO BONFIM,PB,4.8152295632698765,4.8,False,False,False,False,False,False
251465,SAO JOSE DO BREJO DO CRUZ,PB,14.080459770114942,14.1,True,True,False,False,False,False
251470,SAO JOSE DO SABUGI,PB,7.809110629067245,7.8,False,False,False,False,False,False
251480,SAO JOSE DOS CORDEIROS,PB,18.343815513626836,18.3,True,True,False,True,True,False
251490,SAO MAMEDE,PB,7.7677224736048265,7.8,False,False,False,False,False,False
251500,SAO MIGUEL DE TAIPU,PB,13.51840675920338,13.5,True,True,False,True,True,False
251510,SAO SEBASTIAO DE LAGOA DE ROCA,PB,5.8690744920993225,5.9,False,False,False,False,False,False
251520,SAO SEBASTIAO DO UMBUZEIRO,PB,7.851239669421488,7.9,False,False,False,False,False,False
251530,SAPE,PB,12.795294571401023,12.8,True,True,False,True,True,False
251540,SAO VICENTE DO SERIDO,PB,7.965860597439544,8.0,False,False,False,False,False,False
251550,SERRA BRANCA,PB,19.10828025477707,19.1,True,True,False,False,False,False
251560,SERRA DA RAIZ,PB,10.714285714285714,10.7,False,False,False,False,False,False
251570,SERRA GRANDE,PB,4.938271604938271,4.9,False,False,False,False,False,False
251580,SERRA REDONDA,PB,11.161731207289293,11.2,True,True,False,True,True,False
251590,SERRARIA,PB,10.889443059019118,10.9,False,False,False,False,False,False
251593,SERTAOZINHO,PB,4.735062006764374,4.7,False,False,False,False,False,False
251597,SOBRADO,PB,2.839643652561247,2.8,False,False,False,False,False,False
251600,SOLANEA,PB,5.617977528089887,5.6,False,False,False,False,False,False
251610,SOLEDADE,PB,5.148095909732017,5.1,False,False,False,False,False,False
251615,SOSSEGO,PB,5.273631840796019,5.3,False,False,False,False,False,False
251620,SOUSA,PB,13.89752171487768,13.9,True,True,False,False,False,False
251630,SUME,PB,10.102978012802671,10.1,False,False,False,False,False,False
251640,TACIMA,PB,14.293981481481483,14.3,True,True,False,True,True,False
251650,TAPEROA,PB,9.0499306518724,9.0,False,False,False,False,False,False
251660,TAVARES,PB,8.698727015558699,8.7,False,False,False,False,False,False
251670,TEIXEIRA,PB,12.753036437246964,12.8,True,True,False,False,False,False
251675,TENORIO,PB,9.466666666666667,9.5,False,False,False,False,False,False
251680,TRIUNFO,PB,9.164588528678303,9.2,False,False,False,False,False,False
251690,UIRAUNA,PB,8.53110968569596,8.5,False,False,False,False,False,False
251700,UMBUZEIRO,PB,9.181011997913407,9.2,False,False,False,False,False,False
251710,VARZEA,PB,11.538461538461538,11.5,True,True,False,False,False,False
251720,VIEIROPOLIS,PB,4.036908881199539,4.0,False,False,False,False,False,False
251740,ZABELE,PB,14.962962962962964,15.0,True,True,False,False,False,False
260005,ABREU E LIMA,PE,11.193909826837507,11.2,True,True,False,False,False,False
260010,AFOGADOS DA INGAZEIRA,PE,5.757806549885758,5.8,False,False,False,False,False,False
260020,AFRANIO,PE,4.315811004295357,4.3,False,False,False,False,False,False
260030,AGRESTINA,PE,16.47467036780014,16.5,True,True,False,True,True,False
260040,AGUA PRETA,PE,7.2935703605250035,7.3,False,False,False,False,False,False
260050,AGUAS BELAS,PE,16.82477997485427,16.8,True,True,False,True,True,False
260060,ALAGOINHA,PE,11.851306588148693,11.9,True,True,False,True,True,False
260070,ALIANCA,PE,14.216692837299192,14.2,True,True,False,False,False,False
260080,ALTINHO,PE,15.585097078887527,15.6,True,True,False,False,False,False
260090,AMARAJI,PE,5.803080308030803,5.8,False,False,False,False,False,False
260100,ANGELIM,PE,15.60953666216824,15.6,True,True,False,True,True,False
260105,ARACOIABA,PE,16.588272185638132,16.6,True,True,False,True,True,False
260110,ARARIPINA,PE,7.311858608893957,7.3,False,False,False,False,False,False
260120,ARCOVERDE,PE,11.854347128649342,11.9,True,True,False,False,False,False
260130,BARRA DE GUABIRABA,PE,5.079365079365079,5.1,False,False,False,False,False,False
260140,BARREIROS,PE,15.906986315464556,15.9,True,True,False,True,True,False
260150,BELEM DE MARIA,PE,13.022854678740837,13.0,True,True,False,True,True,False
260160,BELEM DO SAO FRANCISCO,PE,21.75113389863932,21.8,True,True,False,False,False,False
260170,BELO JARDIM,PE,9.667458432304038,9.7,False,False,False,False,False,False
260180,BETANIA,PE,10.45510455104551,10.5,False,False,False,False,False,False
260190,BEZERROS,PE,14.586127026697548,14.6,True,True,False,False,False,False
260200,BODOCO,PE,10.64765660549067,10.6,False,False,False,False,False,False
260210,BOM CONSELHO,PE,8.395256916996049,8.4,False,False,False,False,False,False
260220,BOM JARDIM,PE,6.989915734217433,7.0,False,False,False,False,False,False
260230,BONITO,PE,11.486685663751597,11.5,True,True,False,True,True,False
260240,BREJAO,PE,8.203389830508474,8.2,False,False,False,False,False,False
260250,BREJINHO,PE,10.791729702471004,10.8,False,False,False,False,False,False
260260,BREJO DA MADRE DE DEUS,PE,7.321162444113264,7.3,False,False,False,False,False,False
260270,BUENOS AIRES,PE,6.820072082062656,6.8,False,False,False,False,False,False
260280,BUIQUE,PE,18.60710854947166,18.6,True,True,False,True,True,False
260290,CABO DE SANTO AGOSTINHO,PE,11.391676558397181,11.4,True,True,False,False,False,False
260300,CABROBO,PE,25.06420733130983,25.1,True,True,False,False,False,False
260310,CACHOEIRINHA,PE,10.512867311553203,10.5,False,False,False,False,False,False
260320,CAETES,PE,13.001824817518248,13.0,True,True,False,True,True,False
260330,CALCADO,PE,5.602240896358544,5.6,False,False,False,False,False,False
260340,CALUMBI,PE,6.924643584521386,6.9,False,False,False,False,False,False
260345,CAMARAGIBE,PE,12.188175211156944,12.2,True,True,False,False,False,False
260350,CAMOCIM DE SAO FELIX,PE,22.81453548165924,22.8,True,True,False,True,True,False
260360,CAMUTANGA,PE,10.582639714625445,10.6,False,False,False,False,False,False
260370,CANHOTINHO,PE,13.938165230613278,13.9,True,True,False,True,True,False
260380,CAPOEIRAS,PE,6.700167504187604,6.7,False,False,False,False,False,False
260390,CARNAIBA,PE,6.560878852609093,6.6,False,False,False,False,False,False
260392,CARNAUBEIRA DA PENHA,PE,16.774413065668593,16.8,True,True,False,True,True,False
260400,CARPINA,PE,22.975004175249122,23.0,True,True,False,False,False,False
260410,CARUARU,PE,9.506567604000125,9.5,False,False,False,False,False,False
260415,CASINHAS,PE,4.102259215219976,4.1,False,False,False,False,False,False
260420,CATENDE,PE,18.3487416538264,18.3,True,True,False,False,False,False
260430,CEDRO,PE,5.594713656387666,5.6,False,False,False,False,False,False
260440,CHA DE ALEGRIA,PE,10.39349871685201,10.4,False,False,False,False,False,False
260450,CHA GRANDE,PE,7.232616587545379,7.2,False,False,False,False,False,False
260460,CONDADO,PE,14.065564583917064,14.1,True,True,False,False,False,False
260470,CORRENTES,PE,9.400974491258241,9.4,False,False,False,False,False,False
260480,CORTES,PE,6.35185959047221,6.4,False,False,False,False,False,False
260490,CUMARU,PE,8.924171913495757,8.9,False,False,False,False,False,False
260500,CUPIRA,PE,7.6049111233278355,7.6,False,False,False,False,False,False
260510,CUSTODIA,PE,10.215827338129497,10.2,False,False,False,False,False,False
260515,DORMENTES,PE,10.588235294117647,10.6,False,False,False,False,False,False
260520,ESCADA,PE,12.283755848112284,12.3,True,True,False,False,False,False
260530,EXU,PE,16.317880794701985,16.3,True,True,False,True,True,False
260540,FEIRA NOVA,PE,14.043824701195218,14.0,True,True,False,False,False,False
260545,FERNANDO DE NORONHA,PE,6.741573033707865,6.7,False,False,False,False,False,False
260550,FERREIROS,PE,8.745247148288973,8.7,False,False,False,False,False,False
260560,FLORES,PE,9.291016124904019,9.3,False,False,False,False,False,False
260570,FLORESTA,PE,20.082372322899506,20.1,True,True,False,False,False,False
260580,FREI MIGUELINHO,PE,3.9560439560439558,4.0,False,False,False,False,False,False
260590,GAMELEIRA,PE,15.924965076830972,15.9,True,True,False,False,False,False
260600,GARANHUNS,PE,13.679117476291852,13.7,True,True,False,False,False,False
260610,GLORIA DO GOITA,PE,9.86453629732546,9.9,False,False,False,False,False,False
260620,GOIANA,PE,12.217300069946374,12.2,True,True,False,False,False,False
260630,GRANITO,PE,13.28,13.3,True,True,False,True,True,False
260640,GRAVATA,PE,10.747381696550967,10.7,False,False,False,False,False,False
260650,IATI,PE,10.165780419142946,10.2,False,False,False,False,False,False
260660,IBIMIRIM,PE,10.133444537114263,10.1,False,False,False,False,False,False
260670,IBIRAJUBA,PE,9.614206981016533,9.6,False,False,False,False,False,False
260680,IGARASSU,PE,12.082525317819435,12.1,True,True,False,False,False,False
260690,IGUARACY,PE,13.222882150672085,13.2,True,True,False,True,True,False
260700,INAJA,PE,23.75766871165644,23.8,True,True,False,True,True,False
260710,INGAZEIRA,PE,8.695652173913043,8.7,False,False,False,False,False,False
260720,IPOJUCA,PE,13.640813036218113,13.6,True,True,False,False,False,False
260730,IPUBI,PE,12.658227848101266,12.7,True,True,False,True,True,False
260740,ITACURUBA,PE,22.048475371383894,22.0,True,True,False,True,True,False
260750,ITAIBA,PE,17.36968724939856,17.4,True,True,False,True,True,False
260760,ILHA DE ITAMARACA,PE,20.91246903385632,20.9,True,True,False,False,False,False
260765,ITAMBE,PE,11.315630657815328,11.3,True,True,False,True,True,False
260770,ITAPETIM,PE,14.2143906020558,14.2,True,True,False,False,False,False
260775,ITAPISSUMA,PE,18.75283446712018,18.8,True,True,False,False,False,False
260780,ITAQUITINGA,PE,7.059298104074223,7.1,False,False,False,False,False,False
260790,JABOATAO DOS GUARARAPES,PE,17.540017610006096,17.5,True,True,False,False,False,False
260795,JAQUEIRA,PE,9.276807980049876,9.3,False,False,False,False,False,False
260800,JATAUBA,PE,9.943681802182331,9.9,False,False,False,False,False,False
260805,JATOBA,PE,25.1131221719457,25.1,True,True,False,False,False,False
260810,JOAO ALFREDO,PE,8.347863993025284,8.3,False,False,False,False,False,False
260820,JOAQUIM NABUCO,PE,17.16937354988399,17.2,True,True,False,True,True,False
260825,JUCATI,PE,13.344887348353554,13.3,True,True,False,True,True,False
260830,JUPI,PE,4.219948849104859,4.2,False,False,False,False,False,False
260840,JUREMA,PE,13.338553902375358,13.3,True,True,False,True,True,False
260845,LAGOA DO CARRO,PE,10.66884176182708,10.7,False,False,False,False,False,False
260850,LAGOA DE ITAENGA,PE,11.013986013986015,11.0,True,True,False,False,False,False
260860,LAGOA DO OURO,PE,9.514563106796116,9.5,False,False,False,False,False,False
260870,LAGOA DOS GATOS,PE,13.578613022763367,13.6,True,True,False,False,False,False
260875,LAGOA GRANDE,PE,10.774478330658106,10.8,False,False,False,False,False,False
260880,LAJEDO,PE,13.242077071864305,13.2,True,True,False,False,False,False
260890,LIMOEIRO,PE,6.9906129210381005,7.0,False,False,False,False,False,False
260900,MACAPARANA,PE,8.342480790340286,8.3,False,False,False,False,False,False
260910,MACHADOS,PE,9.712092130518233,9.7,False,False,False,False,False,False
260915,MANARI,PE,29.53982300884956,29.5,True,True,False,True,True,False
260920,MARAIAL,PE,9.601371624517787,9.6,False,False,False,False,False,False
260930,MIRANDIBA,PE,14.467791939373061,14.5,True,True,False,True,True,False
260940,MORENO,PE,15.787370103916867,15.8,True,True,False,False,False,False
260950,NAZARE DA MATA,PE,14.012738853503185,14.0,True,True,False,False,False,False
260960,OLINDA,PE,14.79041598044945,14.8,True,True,False,False,False,False
260970,OROBO,PE,6.426125888859626,6.4,False,False,False,False,False,False
260980,OROCO,PE,13.809766022380469,13.8,True,True,False,False,False,False
260990,OURICURI,PE,5.610070373674299,5.6,False,False,False,False,False,False
261000,PALMARES,PE,14.820644519923784,14.8,True,True,False,False,False,False
261010,PALMEIRINA,PE,12.855297157622738,12.9,True,True,False,True,True,False
261020,PANELAS,PE,17.62008733624454,17.6,True,True,False,True,True,False
261030,PARANATAMA,PE,8.780487804878048,8.8,False,False,False,False,False,False
261040,PARNAMIRIM,PE,8.143322475570033,8.1,False,False,False,False,False,False
261050,PASSIRA,PE,9.515789473684212,9.5,False,False,False,False,False,False
261060,PAUDALHO,PE,13.466961359652466,13.5,True,True,False,False,False,False
261070,PAULISTA,PE,13.523765124705983,13.5,True,True,False,False,False,False
261080,PEDRA,PE,20.756880733944953,20.8,True,True,False,True,True,False
261090,PESQUEIRA,PE,20.392675624869455,20.4,True,True,False,False,False,False
261100,PETROLANDIA,PE,12.181944928546532,12.2,True,True,False,False,False,False
261110,PETROLINA,PE,9.271279588039292,9.3,False,False,False,False,False,False
261120,POCAO,PE,21.62464985994398,21.6,True,True,False,True,True,False
261130,POMBOS,PE,13.702623906705538,13.7,True,True,False,True,True,False
261140,PRIMAVERA,PE,10.088888888888889,10.1,False,False,False,False,False,False
261150,QUIPAPA,PE,13.349296617779109,13.3,True,True,False,True,True,False
261153,QUIXABA,PE,8.632640201638312,8.6,False,False,False,False,False,False
261160,RECIFE,PE,12.13620599855181,12.1,True,True,False,False,False,False
261170,RIACHO DAS ALMAS,PE,12.851579402855906,12.9,True,True,False,True,True,False
261180,RIBEIRAO,PE,4.066787898826252,4.1,False,False,False,False,False,False
261190,RIO FORMOSO,PE,12.518673438900507,12.5,True,True,False,False,False,False
261200,SAIRE,PE,17.865085248332097,17.9,True,True,False,False,False,False
261210,SALGADINHO,PE,10.592592592592592,10.6,False,False,False,False,False,False
261220,SALGUEIRO,PE,11.472915398660986,11.5,True,True,False,False,False,False
261230,SALOA,PE,8.588957055214724,8.6,False,False,False,False,False,False
261240,SANHARO,PE,19.344745076385053,19.3,True,True,False,False,False,False
261245,SANTA CRUZ,PE,9.087466868610376,9.1,False,False,False,False,False,False
261247,SANTA CRUZ DA BAIXA VERDE,PE,4.699093157460841,4.7,False,False,False,False,False,False
261250,SANTA CRUZ DO CAPIBARIBE,PE,8.001588842792833,8.0,False,False,False,False,False,False
261255,SANTA FILOMENA,PE,9.019741320626276,9.0,False,False,False,False,False,False
261260,SANTA MARIA DA BOA VISTA,PE,19.54609078184363,19.5,True,True,False,True,True,False
261270,SANTA MARIA DO CAMBUCA,PE,8.608360836083609,8.6,False,False,False,False,False,False
261280,SANTA TEREZINHA,PE,14.902580305423907,14.9,True,True,False,False,False,False
261290,SAO BENEDITO DO SUL,PE,12.281415209434728,12.3,True,True,False,True,True,False
261300,SAO BENTO DO UNA,PE,12.536673437147371,12.5,True,True,False,True,True,False
261310,SAO CAITANO,PE,12.685415925002966,12.7,True,True,False,True,True,False
261320,SAO JOAO,PE,21.73467295468526,21.7,True,True,False,True,True,False
261330,SAO JOAQUIM DO MONTE,PE,10.874089490114464,10.9,False,False,False,False,False,False
261340,SAO JOSE DA COROA GRANDE,PE,16.44640234948605,16.4,True,True,False,False,False,False
261350,SAO JOSE DO BELMONTE,PE,14.048453451165626,14.0,True,True,False,False,False,False
261360,SAO JOSE DO EGITO,PE,11.921555135042148,11.9,True,True,False,False,False,False
261370,SAO LOURENCO DA MATA,PE,12.26315462508542,12.3,True,True,False,False,False,False
261380,SAO VICENTE FERRER,PE,10.41383989145183,10.4,False,False,False,False,False,False
261390,SERRA TALHADA,PE,8.895446880269814,8.9,False,False,False,False,False,False
261400,SERRITA,PE,8.168859649122808,8.2,False,False,False,False,False,False
261410,SERTANIA,PE,14.342235410484669,14.3,True,True,False,False,False,False
261420,SIRINHAEM,PE,10.825874007768958,10.8,False,False,False,False,False,False
261430,MOREILANDIA,PE,18.652455272173583,18.7,True,True,False,False,False,False
261440,SOLIDAO,PE,8.142726440988106,8.1,False,False,False,False,False,False
261450,SURUBIM,PE,10.111432108955839,10.1,False,False,False,False,False,False
261460,TABIRA,PE,10.613751730503001,10.6,False,False,False,False,False,False
261470,TACAIMBO,PE,16.699867197875164,16.7,True,True,False,True,True,False
261480,TACARATU,PE,11.550864849017884,11.6,True,True,False,True,True,False
261485,TAMANDARE,PE,10.021916716477385,10.0,False,False,False,False,False,False
261500,TAQUARITINGA DO NORTE,PE,5.636248815914114,5.6,False,False,False,False,False,False
261510,TEREZINHA,PE,11.807580174927114,11.8,True,True,False,True,True,False
261520,TERRA NOVA,PE,11.728738187882156,11.7,True,True,False,False,False,False
261530,TIMBAUBA,PE,6.437954619476713,6.4,False,False,False,False,False,False
261540,TORITAMA,PE,3.8727183029107057,3.9,False,False,False,False,False,False
261550,TRACUNHAEM,PE,9.030654515327258,9.0,False,False,False,False,False,False
261560,TRINDADE,PE,12.91212399842375,12.9,True,True,False,True,True,False
261570,TRIUNFO,PE,6.367851622874807,6.4,False,False,False,False,False,False
261580,TUPANATINGA,PE,12.023142288917013,12.0,True,True,False,True,True,False
261590,TUPARETAMA,PE,11.230585424133812,11.2,True,True,False,False,False,False
261600,VENTUROSA,PE,16.816431322207958,16.8,True,True,False,True,True,False
261610,VERDEJANTE,PE,16.071428571428573,16.1,True,True,False,False,False,False
261618,VERTENTE DO LERIO,PE,3.672316384180791,3.7,False,False,False,False,False,False
261620,VERTENTES,PE,6.383456956619465,6.4,False,False,False,False,False,False
261630,VICENCIA,PE,5.722145804676754,5.7,False,False,False,False,False,False
261640,VITORIA DE SANTO ANTAO,PE,11.861146329733748,11.9,True,True,False,False,False,False
261650,XEXEU,PE,11.628643852978454,11.6,True,True,False,True,True,False
270010,AGUA BRANCA,AL,7.979976442873969,8.0,False,False,False,False,False,False
270020,ANADIA,AL,10.532544378698224,10.5,False,False,False,False,False,False
270030,ARAPIRACA,AL,9.83284169124877,9.8,False,False,False,False,False,False
270040,ATALAIA,AL,3.5016716522963223,3.5,False,False,False,False,False,False
270050,BARRA DE SANTO ANTONIO,AL,11.726046350743689,11.7,True,True,False,True,True,False
270060,BARRA DE SAO MIGUEL,AL,9.924190213645762,9.9,False,False,False,False,False,False
270070,BATALHA,AL,10.905813429472735,10.9,False,False,False,False,False,False
270080,BELEM,AL,10.901162790697674,10.9,False,False,False,False,False,False
270090,BELO MONTE,AL,7.26552179656539,7.3,False,False,False,False,False,False
270100,BOCA DA MATA,AL,17.103882476390346,17.1,True,True,False,False,False,False
270110,BRANQUINHA,AL,3.6593479707252166,3.7,False,False,False,False,False,False
270120,CACIMBINHAS,AL,8.959757023538344,9.0,False,False,False,False,False,False
270130,CAJUEIRO,AL,4.958027282266527,5.0,False,False,False,False,False,False
270135,CAMPESTRE,AL,9.450679267572356,9.5,False,False,False,False,False,False
270140,CAMPO ALEGRE,AL,9.462037390309042,9.5,False,False,False,False,False,False
270150,CAMPO GRANDE,AL,9.340394800192584,9.3,False,False,False,False,False,False
270160,CANAPI,AL,8.180583842498303,8.2,False,False,False,False,False,False
270170,CAPELA,AL,4.46078431372549,4.5,False,False,False,False,False,False
270180,CARNEIROS,AL,12.44343891402715,12.4,True,True,False,True,True,False
270190,CHA PRETA,AL,13.438735177865613,13.4,True,True,False,True,True,False
270200,COITE DO NOIA,AL,5.057803468208093,5.1,False,False,False,False,False,False
270210,COLONIA LEOPOLDINA,AL,12.267118315993224,12.3,True,True,False,True,True,False
270220,COQUEIRO SECO,AL,14.702450408401399,14.7,True,True,False,True,True,False
270230,CORURIPE,AL,7.083876575402,7.1,False,False,False,False,False,False
270235,CRAIBAS,AL,13.036164844407065,13.0,True,True,False,True,True,False
270240,DELMIRO GOUVEIA,AL,9.053001207066828,9.1,False,False,False,False,False,False
270250,DOIS RIACHOS,AL,24.393203883495147,24.4,True,True,False,True,True,False
270255,ESTRELA DE ALAGOAS,AL,7.668593448940269,7.7,False,False,False,False,False,False
270260,FEIRA GRANDE,AL,6.834786707518266,6.8,False,False,False,False,False,False
270270,FELIZ DESERTO,AL,5.911330049261084,5.9,False,False,False,False,False,False
270280,FLEXEIRAS,AL,7.321304649548924,7.3,False,False,False,False,False,False
270290,GIRAU DO PONCIANO,AL,10.690380569898641,10.7,False,False,False,False,False,False
270300,IBATEGUARA,AL,4.7974068071312805,4.8,False,False,False,False,False,False
270310,IGACI,AL,9.992313604919293,10.0,False,False,False,False,False,False
270320,IGREJA NOVA,AL,4.383337870950177,4.4,False,False,False,False,False,False
270330,INHAPI,AL,7.588145120081757,7.6,False,False,False,False,False,False
270340,JACARE DOS HOMENS,AL,5.7251908396946565,5.7,False,False,False,False,False,False
270350,JACUIPE,AL,3.904923599320883,3.9,False,False,False,False,False,False
270360,JAPARATINGA,AL,10.83902047370534,10.8,False,False,False,False,False,False
270370,JARAMATAIA,AL,8.87185104052574,8.9,False,False,False,False,False,False
270375,JEQUIA DA PRAIA,AL,10.223182145428366,10.2,False,False,False,False,False,False
270380,JOAQUIM GOMES,AL,5.382131324004305,5.4,False,False,False,False,False,False
270390,JUNDIA,AL,8.048289738430583,8.0,False,False,False,False,False,False
270400,JUNQUEIRO,AL,2.742138364779874,2.7,False,False,False,False,False,False
270410,LAGOA DA CANOA,AL,13.850879642557945,13.9,True,True,False,True,True,False
270420,LIMOEIRO DE ANADIA,AL,17.93954569844393,17.9,True,True,False,True,True,False
270430,MACEIO,AL,14.567401137127392,14.6,True,True,False,False,False,False
270440,MAJOR ISIDORO,AL,11.046511627906977,11.0,True,True,False,False,False,False
270450,MARAGOGI,AL,9.687609687609687,9.7,False,False,False,False,False,False
270460,MARAVILHA,AL,14.424703891708967,14.4,True,True,False,True,True,False
270470,MARECHAL DEODORO,AL,11.174968071519796,11.2,True,True,False,False,False,False
270480,MARIBONDO,AL,5.621135469364812,5.6,False,False,False,False,False,False
270490,MAR VERMELHO,AL,8.908045977011495,8.9,False,False,False,False,False,False
270500,MATA GRANDE,AL,4.545454545454546,4.5,False,False,False,False,False,False
270510,MATRIZ DE CAMARAGIBE,AL,10.324769752787203,10.3,False,False,False,False,False,False
270520,MESSIAS,AL,9.0020366598778,9.0,False,False,False,False,False,False
270530,MINADOR DO NEGRAO,AL,11.452810180275716,11.5,True,True,False,True,True,False
270540,MONTEIROPOLIS,AL,7.547169811320755,7.5,False,False,False,False,False,False
270550,MURICI,AL,8.391783567134269,8.4,False,False,False,False,False,False
270560,NOVO LINO,AL,8.748481166464156,8.7,False,False,False,False,False,False
270570,OLHO D'AGUA DAS FLORES,AL,3.4775888717156103,3.5,False,False,False,False,False,False
270580,OLHO D'AGUA DO CASADO,AL,9.265944645006016,9.3,False,False,False,False,False,False
270590,OLHO D'AGUA GRANDE,AL,8.91647855530474,8.9,False,False,False,False,False,False
270600,OLIVENCA,AL,13.60981308411215,13.6,True,True,False,True,True,False
270610,OURO BRANCO,AL,5.937193326790972,5.9,False,False,False,False,False,False
270620,PALESTINA,AL,7.142857142857142,7.1,False,False,False,False,False,False
270630,PALMEIRA DOS INDIOS,AL,17.924884757802463,17.9,True,True,False,False,False,False
270640,PAO DE ACUCAR,AL,2.5214899713467047,2.5,False,False,False,False,False,False
270642,PARICONHA,AL,8.854559155990957,8.9,False,False,False,False,False,False
270644,PARIPUEIRA,AL,9.19047619047619,9.2,False,False,False,False,False,False
270650,PASSO DE CAMARAGIBE,AL,6.412213740458015,6.4,False,False,False,False,False,False
270660,PAULO JACINTO,AL,7.474226804123711,7.5,False,False,False,False,False,False
270670,PENEDO,AL,11.507537688442211,11.5,True,True,False,False,False,False
270680,PIACABUCU,AL,10.291508238276299,10.3,False,False,False,False,False,False
270690,PILAR,AL,16.500964534797447,16.5,True,True,False,False,False,False
270700,PINDOBA,AL,9.002433090024331,9.0,False,False,False,False,False,False
270710,PIRANHAS,AL,7.484590548869974,7.5,False,False,False,False,False,False
270720,POCO DAS TRINCHEIRAS,AL,11.535493827160494,11.5,True,True,False,True,True,False
270730,PORTO CALVO,AL,4.189636163175303,4.2,False,False,False,False,False,False
270740,PORTO DE PEDRAS,AL,7.4074074074074066,7.4,False,False,False,False,False,False
270750,PORTO REAL DO COLEGIO,AL,16.92040017398869,16.9,True,True,False,True,True,False
270760,QUEBRANGULO,AL,11.360000000000001,11.4,True,True,False,True,True,False
270770,RIO LARGO,AL,9.45197493076811,9.5,False,False,False,False,False,False
270780,ROTEIRO,AL,16.030534351145036,16.0,True,True,False,True,True,False
270790,SANTA LUZIA DO NORTE,AL,10.955056179775282,11.0,True,False,True,False,False,False
270800,SANTANA DO IPANEMA,AL,10.26565211587238,10.3,False,False,False,False,False,False
270810,SANTANA DO MUNDAU,AL,4.601006470165349,4.6,False,False,False,False,False,False
270820,SAO BRAS,AL,9.830205540661305,9.8,False,False,False,False,False,False
270830,SAO JOSE DA LAJE,AL,4.740292486132123,4.7,False,False,False,False,False,False
270840,SAO JOSE DA TAPERA,AL,9.991518235793045,10.0,False,False,False,False,False,False
270850,SAO LUIS DO QUITUNDE,AL,6.945730690868679,6.9,False,False,False,False,False,False
270860,SAO MIGUEL DOS CAMPOS,AL,5.208333333333334,5.2,False,False,False,False,False,False
270870,SAO MIGUEL DOS MILAGRES,AL,4.530950861518826,4.5,False,False,False,False,False,False
270880,SAO SEBASTIAO,AL,18.186624372191382,18.2,True,True,False,True,True,False
270890,SATUBA,AL,6.415478615071284,6.4,False,False,False,False,False,False
270895,SENADOR RUI PALMEIRA,AL,10.038207711010767,10.0,False,False,False,False,False,False
270900,TANQUE D'ARCA,AL,4.195011337868481,4.2,False,False,False,False,False,False
270910,TAQUARANA,AL,7.756696428571429,7.8,False,False,False,False,False,False
270915,TEOTONIO VILELA,AL,9.366754617414248,9.4,False,False,False,False,False,False
270920,TRAIPU,AL,13.17889818960483,13.2,True,True,False,True,True,False
270930,UNIAO DOS PALMARES,AL,6.528917822436078,6.5,False,False,False,False,False,False
270940,VICOSA,AL,5.922629236562821,5.9,False,False,False,False,False,False
280010,AMPARO DE SAO FRANCISCO,SE,6.097560975609756,6.1,False,False,False,False,False,False
280020,AQUIDABA,SE,7.454844006568144,7.5,False,False,False,False,False,False
280030,ARACAJU,SE,14.763208762886599,14.8,True,True,False,False,False,False
280040,ARAUA,SE,8.53960396039604,8.5,False,False,False,False,False,False
280050,AREIA BRANCA,SE,5.766129032258065,5.8,False,False,False,False,False,False
280060,BARRA DOS COQUEIROS,SE,10.533159947984396,10.5,False,False,False,False,False,False
280067,BOQUIM,SE,13.84647563271282,13.8,True,True,False,False,False,False
280070,BREJO GRANDE,SE,11.887550200803213,11.9,True,True,False,True,True,False
280100,CAMPO DO BRITO,SE,8.732286480275757,8.7,False,False,False,False,False,False
280110,CANHOBA,SE,20.9636517328825,21.0,True,True,False,False,False,False
280120,CANINDE DE SAO FRANCISCO,SE,10.223931237276634,10.2,False,False,False,False,False,False
280130,CAPELA,SE,9.73389355742297,9.7,False,False,False,False,False,False
280140,CARIRA,SE,11.874817198011115,11.9,True,True,False,True,True,False
280150,CARMOPOLIS,SE,5.3097345132743365,5.3,False,False,False,False,False,False
280160,CEDRO DE SAO JOAO,SE,8.624454148471617,8.6,False,False,False,False,False,False
280170,CRISTINAPOLIS,SE,12.218159658744668,12.2,True,True,False,True,True,False
280190,CUMBE,SE,15.519568151147098,15.5,True,True,False,False,False,False
280200,DIVINA PASTORA,SE,8.84184308841843,8.8,False,False,False,False,False,False
280210,ESTANCIA,SE,10.79555323953448,10.8,False,False,False,False,False,False
280220,FEIRA NOVA,SE,17.121354656632175,17.1,True,True,False,True,True,False
280230,FREI PAULO,SE,8.614668218859139,8.6,False,False,False,False,False,False
280240,GARARU,SE,26.321795359452267,26.3,True,True,False,True,True,False
280250,GENERAL MAYNARD,SE,22.002635046113305,22.0,True,True,False,False,False,False
280260,GRACHO CARDOSO,SE,16.189039718451482,16.2,True,True,False,True,True,False
280270,ILHA DAS FLORES,SE,9.7757331799885,9.8,False,False,False,False,False,False
280280,INDIAROBA,SE,9.766454352441615,9.8,False,False,False,False,False,False
280290,ITABAIANA,SE,4.584840582148566,4.6,False,False,False,False,False,False
280300,ITABAIANINHA,SE,8.873897249610794,8.9,False,False,False,False,False,False
280310,ITABI,SE,16.97674418604651,17.0,True,True,False,False,False,False
280320,ITAPORANGA D'AJUDA,SE,9.708168353130958,9.7,False,False,False,False,False,False
280330,JAPARATUBA,SE,8.729874776386403,8.7,False,False,False,False,False,False
280340,JAPOATA,SE,12.706437478934951,12.7,True,True,False,True,True,False
280350,LAGARTO,SE,6.868908241536421,6.9,False,False,False,False,False,False
280360,LARANJEIRAS,SE,5.026980971314968,5.0,False,False,False,False,False,False
280370,MACAMBIRA,SE,9.636563876651982,9.6,False,False,False,False,False,False
280380,MALHADA DOS BOIS,SE,7.8817733990147785,7.9,False,False,False,False,False,False
280390,MALHADOR,SE,7.479752262982372,7.5,False,False,False,False,False,False
280400,MARUIM,SE,8.067940552016985,8.1,False,False,False,False,False,False
280410,MOITA BONITA,SE,4.031413612565445,4.0,False,False,False,False,False,False
280420,MONTE ALEGRE DE SERGIPE,SE,15.94656054576464,15.9,True,True,False,True,True,False
280430,MURIBECA,SE,12.909441233140656,12.9,True,True,False,False,False,False
280440,NEOPOLIS,SE,5.1263794944820225,5.1,False,False,False,False,False,False
280445,NOSSA SENHORA APARECIDA,SE,3.428201811125485,3.4,False,False,False,False,False,False
280450,NOSSA SENHORA DA GLORIA,SE,5.044281863688871,5.0,False,False,False,False,False,False
280460,NOSSA SENHORA DAS DORES,SE,13.820803295571576,13.8,True,True,False,False,False,False
280470,NOSSA SENHORA DE LOURDES,SE,5.721393034825871,5.7,False,False,False,False,False,False
280480,NOSSA SENHORA DO SOCORRO,SE,9.108198762059546,9.1,False,False,False,False,False,False
280490,PACATUBA,SE,1.6429840142095915,1.6,False,False,False,False,False,False
280500,PEDRA MOLE,SE,16.598079561042525,16.6,True,True,False,False,False,False
280510,PEDRINHAS,SE,11.021775544388609,11.0,True,True,False,True,True,False
280520,PINHAO,SE,14.285714285714285,14.3,True,True,False,True,True,False
280530,PIRAMBU,SE,8.036984352773827,8.0,False,False,False,False,False,False
280540,POCO REDONDO,SE,14.425841366480634,14.4,True,True,False,True,True,False
280550,POCO VERDE,SE,12.97208538587849,13.0,True,True,False,True,True,False
280560,PORTO DA FOLHA,SE,17.442063077191147,17.4,True,True,False,True,True,False
280570,PROPRIA,SE,6.672661870503598,6.7,False,False,False,False,False,False
280580,RIACHAO DO DANTAS,SE,12.341853860056803,12.3,True,True,False,True,True,False
280590,RIACHUELO,SE,9.438079650845609,9.4,False,False,False,False,False,False
280600,RIBEIROPOLIS,SE,2.1479713603818613,2.1,False,False,False,False,False,False
280610,ROSARIO DO CATETE,SE,18.028985507246375,18.0,True,True,False,False,False,False
280620,SALGADO,SE,10.010695187165776,10.0,False,False,False,False,False,False
280630,SANTA LUZIA DO ITANHY,SE,9.39261114589856,9.4,False,False,False,False,False,False
280640,SANTANA DO SAO FRANCISCO,SE,10.441767068273093,10.4,False,False,False,False,False,False
280650,SANTA ROSA DE LIMA,SE,7.503828483920367,7.5,False,False,False,False,False,False
280660,SANTO AMARO DAS BROTAS,SE,10.756972111553784,10.8,False,False,False,False,False,False
280670,SAO CRISTOVAO,SE,9.81071488930201,9.8,False,False,False,False,False,False
280680,SAO DOMINGOS,SE,6.076759061833688,6.1,False,False,False,False,False,False
280690,SAO FRANCISCO,SE,18.005540166204987,18.0,True,True,False,False,False,False
280700,SAO MIGUEL DO ALEIXO,SE,18.660714285714285,18.7,True,True,False,True,True,False
280710,SIMAO DIAS,SE,17.597442954807775,17.6,True,True,False,False,False,False
280720,SIRIRI,SE,8.452950558213717,8.5,False,False,False,False,False,False
280730,TELHA,SE,10.46228710462287,10.5,False,False,False,False,False,False
280740,TOBIAS BARRETO,SE,9.874640361693382,9.9,False,False,False,False,False,False
280750,TOMAR DO GERU,SE,7.893643539675946,7.9,False,False,False,False,False,False
280760,UMBAUBA,SE,6.857833822767318,6.9,False,False,False,False,False,False
290010,ABAIRA,BA,23.40036563071298,23.4,True,True,False,False,False,False
290020,ABARE,BA,13.173475429248077,13.2,True,True,False,True,True,False
290030,ACAJUTIBA,BA,8.78877400295421,8.8,False,False,False,False,False,False
290035,ADUSTINA,BA,21.7281614632608,21.7,True,True,False,True,True,False
290040,AGUA FRIA,BA,14.682539682539684,14.7,True,True,False,True,True,False
290050,ERICO CARDOSO,BA,6.770428015564202,6.8,False,False,False,False,False,False
290060,AIQUARA,BA,4.472843450479233,4.5,False,False,False,False,False,False
290070,ALAGOINHAS,BA,16.63641352526489,16.6,True,True,False,False,False,False
290080,ALCOBACA,BA,6.571277159512453,6.6,False,False,False,False,False,False
290090,ALMADINA,BA,23.200000000000003,23.2,True,True,False,True,True,False
290100,AMARGOSA,BA,8.3966331348799,8.4,False,False,False,False,False,False
290110,AMELIA RODRIGUES,BA,4.080459770114943,4.1,False,False,False,False,False,False
290115,AMERICA DOURADA,BA,7.155963302752294,7.2,False,False,False,False,False,False
290120,ANAGE,BA,8.416795069337441,8.4,False,False,False,False,False,False
290130,ANDARAI,BA,10.420841683366733,10.4,False,False,False,False,False,False
290135,ANDORINHA,BA,8.261530663963507,8.3,False,False,False,False,False,False
290140,ANGICAL,BA,9.231411862990809,9.2,False,False,False,False,False,False
290150,ANGUERA,BA,11.684460260972717,11.7,True,True,False,True,True,False
290160,ANTAS,BA,11.052378664103795,11.1,True,True,False,True,True,False
290170,ANTONIO CARDOSO,BA,12.159789288849868,12.2,True,True,False,True,True,False
290180,ANTONIO GONCALVES,BA,15.39408866995074,15.4,True,True,False,False,False,False
290190,APORA,BA,13.737581363480643,13.7,True,True,False,True,True,False
290195,APUAREMA,BA,13.091380427738173,13.1,True,True,False,False,False,False
290200,ARACATU,BA,8.571428571428571,8.6,False,False,False,False,False,False
290205,ARACAS,BA,8.8115396676074,8.8,False,False,False,False,False,False
290210,ARACI,BA,9.99397953040337,10.0,False,False,False,False,False,False
290220,ARAMARI,BA,16.444648598989435,16.4,True,True,False,True,True,False
290225,ARATACA,BA,14.66992665036675,14.7,True,True,False,True,True,False
290230,ARATUIPE,BA,25.351379489849034,25.4,True,True,False,True,True,False
290240,AURELINO LEAL,BA,17.175444481717545,17.2,True,True,False,True,True,False
290250,BAIANOPOLIS,BA,6.471816283924843,6.5,False,False,False,False,False,False
290260,BAIXA GRANDE,BA,11.738293778062861,11.7,True,True,False,True,True,False
290265,BANZAE,BA,7.774178621008793,7.8,False,False,False,False,False,False
290270,BARRA,BA,5.5790586991010045,5.6,False,False,False,False,False,False
290280,BARRA DA ESTIVA,BA,3.867214236824093,3.9,False,False,False,False,False,False
290290,BARRA DO CHOCA,BA,5.141750308152844,5.1,False,False,False,False,False,False
290300,BARRA DO MENDES,BA,9.21169176262179,9.2,False,False,False,False,False,False
290310,BARRA DO ROCHA,BA,20.659238625812442,20.7,True,True,False,True,True,False
290320,BARREIRAS,BA,9.693637815994737,9.7,False,False,False,False,False,False
290323,BARRO ALTO,BA,8.276291225886744,8.3,False,False,False,False,False,False
290327,BARROCAS,BA,5.517519130084575,5.5,False,False,False,False,False,False
290330,BARRO PRETO,BA,21.491455204557226,21.5,True,True,False,False,False,False
290340,BELMONTE,BA,8.706624605678233,8.7,False,False,False,False,False,False
290350,BELO CAMPO,BA,7.7,7.7,False,False,False,False,False,False
290360,BIRITINGA,BA,12.090558766859345,12.1,True,True,False,True,True,False
290370,BOA NOVA,BA,6.313379129865881,6.3,False,False,False,False,False,False
290380,BOA VISTA DO TUPIM,BA,12.345679012345679,12.3,True,True,False,True,True,False
290390,BOM JESUS DA LAPA,BA,7.250686184812443,7.3,False,False,False,False,False,False
290395,BOM JESUS DA SERRA,BA,8.497536945812808,8.5,False,False,False,False,False,False
290400,BONINAL,BA,10.246305418719212,10.2,False,False,False,False,False,False
290405,BONITO,BA,5.5534130350944855,5.6,False,False,False,False,False,False
290410,BOQUIRA,BA,7.161725858526563,7.2,False,False,False,False,False,False
290420,BOTUPORA,BA,9.556993529118966,9.6,False,False,False,False,False,False
290430,BREJOES,BA,11.78623718887262,11.8,True,True,False,False,False,False
290440,BREJOLANDIA,BA,7.313738892686262,7.3,False,False,False,False,False,False
290450,BROTAS DE MACAUBAS,BA,8.586074327210595,8.6,False,False,False,False,False,False
290460,BRUMADO,BA,6.028776978417266,6.0,False,False,False,False,False,False
290470,BUERAREMA,BA,9.489262913522925,9.5,False,False,False,False,False,False
290475,BURITIRAMA,BA,11.37067938021454,11.4,True,True,False,True,True,False
290480,CAATIBA,BA,13.083109919571045,13.1,True,True,False,False,False,False
290485,CABACEIRAS DO PARAGUACU,BA,16.922514619883042,16.9,True,True,False,True,True,False
290490,CACHOEIRA,BA,16.72428694900605,16.7,True,True,False,False,False,False
290500,CACULE,BA,5.920257752718486,5.9,False,False,False,False,False,False
290510,CAEM,BA,12.606404539927038,12.6,True,True,False,True,True,False
290515,CAETANOS,BA,5.528255528255528,5.5,False,False,False,False,False,False
290520,CAETITE,BA,5.119814208803969,5.1,False,False,False,False,False,False
290530,CAFARNAUM,BA,19.36802973977695,19.4,True,True,False,True,True,False
290540,CAIRU,BA,10.084033613445378,10.1,False,False,False,False,False,False
290550,CALDEIRAO GRANDE,BA,11.004273504273504,11.0,True,True,False,True,True,False
290560,CAMACAN,BA,9.710351377018043,9.7,False,False,False,False,False,False
290570,CAMACARI,BA,12.866299224380876,12.9,True,True,False,False,False,False
290580,CAMAMU,BA,7.087552114353782,7.1,False,False,False,False,False,False
290590,CAMPO ALEGRE DE LOURDES,BA,16.693906140555686,16.7,True,True,False,True,True,False
290600,CAMPO FORMOSO,BA,9.046131667467563,9.0,False,False,False,False,False,False
290610,CANAPOLIS,BA,12.357286769644055,12.4,True,True,False,True,True,False
290620,CANARANA,BA,11.022657685241887,11.0,True,True,False,True,True,False
290630,CANAVIEIRAS,BA,18.24313725490196,18.2,True,True,False,True,True,False
290640,CANDEAL,BA,11.9560238204306,12.0,True,True,False,True,True,False
290650,CANDEIAS,BA,15.596573346286318,15.6,True,True,False,False,False,False
290660,CANDIBA,BA,11.595221363316936,11.6,True,True,False,False,False,False
290670,CANDIDO SALES,BA,14.798066427569001,14.8,True,True,False,False,False,False
290680,CANSANCAO,BA,11.281504200560075,11.3,True,True,False,True,True,False
290682,CANUDOS,BA,17.318435754189945,17.3,True,True,False,True,True,False
290685,CAPELA DO ALTO ALEGRE,BA,6.197322756569163,6.2,False,False,False,False,False,False
290687,CAPIM GROSSO,BA,9.594177326863697,9.6,False,False,False,False,False,False
290689,CARAIBAS,BA,6.75461741424802,6.8,False,False,False,False,False,False
290690,CARAVELAS,BA,11.769191662430096,11.8,True,True,False,False,False,False
290700,CARDEAL DA SILVA,BA,14.581328200192493,14.6,True,True,False,True,True,False
290710,CARINHANHA,BA,12.763050013664937,12.8,True,True,False,True,True,False
290720,CASA NOVA,BA,13.131224882054868,13.1,True,True,False,True,True,False
290730,CASTRO ALVES,BA,13.590263691683571,13.6,True,True,False,False,False,False
290740,CATOLANDIA,BA,9.318497913769123,9.3,False,False,False,False,False,False
290750,CATU,BA,12.269938650306749,12.3,True,True,False,False,False,False
290755,CATURAMA,BA,3.8932948810382118,3.9,False,False,False,False,False,False
290760,CENTRAL,BA,8.108821975699946,8.1,False,False,False,False,False,False
290770,CHORROCHO,BA,11.685393258426966,11.7,True,True,False,False,False,False
290780,CICERO DANTAS,BA,3.245560318432333,3.2,False,False,False,False,False,False
290790,CIPO,BA,7.907907907907907,7.9,False,False,False,False,False,False
290800,COARACI,BA,5.601761252446184,5.6,False,False,False,False,False,False
290810,COCOS,BA,6.000638365783594,6.0,False,False,False,False,False,False
290820,CONCEICAO DA FEIRA,BA,16.924246262984546,16.9,True,True,False,False,False,False
290830,CONCEICAO DO ALMEIDA,BA,11.658653846153847,11.7,True,True,False,False,False,False
290840,CONCEICAO DO COITE,BA,9.021601016518424,9.0,False,False,False,False,False,False
290850,CONCEICAO DO JACUIPE,BA,8.4794897811277,8.5,False,False,False,False,False,False
290860,CONDE,BA,9.251968503937007,9.3,False,False,False,False,False,False
290870,CONDEUBA,BA,10.910846475700033,10.9,False,False,False,False,False,False
290880,CONTENDAS DO SINCORA,BA,6.24249699879952,6.2,False,False,False,False,False,False
290890,CORACAO DE MARIA,BA,15.812499999999998,15.8,True,True,False,True,True,False
290900,CORDEIROS,BA,5.210563882940757,5.2,False,False,False,False,False,False
290910,CORIBE,BA,14.752086401570939,14.8,True,True,False,False,False,False
290920,CORONEL JOAO SA,BA,12.839791787160207,12.8,True,True,False,True,True,False
290930,CORRENTINA,BA,11.3246220855752,11.3,True,True,False,False,False,False
290940,COTEGIPE,BA,11.09452736318408,11.1,True,True,False,True,True,False
290950,CRAVOLANDIA,BA,12.099644128113878,12.1,True,True,False,False,False,False
290960,CRISOPOLIS,BA,9.29745889387145,9.3,False,False,False,False,False,False
290970,CRISTOPOLIS,BA,6.598062953995157,6.6,False,False,False,False,False,False
290980,CRUZ DAS ALMAS,BA,14.985969835145562,15.0,True,True,False,False,False,False
290990,CURACA,BA,14.549737271244792,14.5,True,True,False,True,True,False
291000,DARIO MEIRA,BA,9.031610637230306,9.0,False,False,False,False,False,False
291005,DIAS D'AVILA,BA,9.567962122706648,9.6,False,False,False,False,False,False
291010,DOM BASILIO,BA,5.847607796810396,5.8,False,False,False,False,False,False
291020,DOM MACEDO COSTA,BA,13.991769547325102,14.0,True,True,False,False,False,False
291030,ELISIO MEDRADO,BA,11.829787234042554,11.8,True,True,False,False,False,False
291040,ENCRUZILHADA,BA,11.392088132198296,11.4,True,True,False,True,True,False
291050,ENTRE RIOS,BA,14.192359249329758,14.2,True,True,False,False,False,False
291060,ESPLANADA,BA,7.5375820453101845,7.5,False,False,False,False,False,False
291070,EUCLIDES DA CUNHA,BA,14.744463373083475,14.7,True,True,False,True,True,False
291072,EUNAPOLIS,BA,9.027906688942517,9.0,False,False,False,False,False,False
291075,FATIMA,BA,19.46538725154215,19.5,True,True,False,False,False,False
291077,FEIRA DA MATA,BA,7.915758896151052,7.9,False,False,False,False,False,False
291080,FEIRA DE SANTANA,BA,10.706616729088639,10.7,False,False,False,False,False,False
291085,FILADELFIA,BA,12.782757148954332,12.8,True,True,False,True,True,False
291090,FIRMINO ALVES,BA,8.638132295719844,8.6,False,False,False,False,False,False
291100,FLORESTA AZUL,BA,12.590614269362838,12.6,True,True,False,True,True,False
291110,FORMOSA DO RIO PRETO,BA,5.213581599123768,5.2,False,False,False,False,False,False
291120,GANDU,BA,15.495495495495495,15.5,True,True,False,False,False,False
291125,GAVIAO,BA,14.559386973180077,14.6,True,True,False,False,False,False
291130,GENTIO DO OURO,BA,5.903307888040713,5.9,False,False,False,False,False,False
291140,GLORIA,BA,5.44667854415882,5.4,False,False,False,False,False,False
291150,GONGOGI,BA,20.29452369995398,20.3,True,True,False,True,True,False
291160,GOVERNADOR MANGABEIRA,BA,6.78791815524521,6.8,False,False,False,False,False,False
291165,GUAJERU,BA,12.59105098855359,12.6,True,True,False,False,False,False
291170,GUANAMBI,BA,10.29370824053452,10.3,False,False,False,False,False,False
291180,GUARATINGA,BA,14.740339220143381,14.7,True,True,False,True,True,False
291185,HELIOPOLIS,BA,8.058252427184467,8.1,False,False,False,False,False,False
291190,IACU,BA,14.208456243854473,14.2,True,True,False,True,True,False
291200,IBIASSUCE,BA,6.972586412395709,7.0,False,False,False,False,False,False
291210,IBICARAI,BA,15.730914070523793,15.7,True,True,False,False,False,False
291220,IBICOARA,BA,9.071537290715373,9.1,False,False,False,False,False,False
291230,IBICUI,BA,15.307877536979705,15.3,True,True,False,False,False,False
291240,IBIPEBA,BA,3.2134659525631215,3.2,False,False,False,False,False,False
291250,IBIPITANGA,BA,4.580573951434879,4.6,False,False,False,False,False,False
291260,IBIQUERA,BA,24.339471577261808,24.3,True,True,False,True,True,False
291270,IBIRAPITANGA,BA,3.921220723917672,3.9,False,False,False,False,False,False
291280,IBIRAPUA,BA,13.304488912925905,13.3,True,True,False,False,False,False
291290,IBIRATAIA,BA,10.585305105853053,10.6,False,False,False,False,False,False
291300,IBITIARA,BA,10.466101694915254,10.5,False,False,False,False,False,False
291310,IBITITA,BA,13.47316032705297,13.5,True,True,False,False,False,False
291320,IBOTIRAMA,BA,7.661592213626155,7.7,False,False,False,False,False,False
291330,ICHU,BA,10.302534750613246,10.3,False,False,False,False,False,False
291340,IGAPORA,BA,11.03363412633306,11.0,True,True,False,False,False,False
291345,IGRAPIUNA,BA,6.563245823389022,6.6,False,False,False,False,False,False
291350,IGUAI,BA,10.910989297833463,10.9,False,False,False,False,False,False
291360,ILHEUS,BA,7.08936595107339,7.1,False,False,False,False,False,False
291370,INHAMBUPE,BA,4.91234829512618,4.9,False,False,False,False,False,False
291380,IPECAETA,BA,5.179028132992328,5.2,False,False,False,False,False,False
291390,IPIAU,BA,12.50592697961119,12.5,True,True,False,False,False,False
291400,IPIRA,BA,11.6331096196868,11.6,True,True,False,True,True,False
291410,IPUPIARA,BA,14.061592097617664,14.1,True,True,False,False,False,False
291420,IRAJUBA,BA,11.380880121396055,11.4,True,True,False,False,False,False
291430,IRAMAIA,BA,5.330764290301863,5.3,False,False,False,False,False,False
291440,IRAQUARA,BA,10.33434650455927,10.3,False,False,False,False,False,False
291450,IRARA,BA,25.62736576475536,25.6,True,True,False,False,False,False
291460,IRECE,BA,12.435316946959897,12.4,True,True,False,False,False,False
291465,ITABELA,BA,12.208380520951302,12.2,True,True,False,True,True,False
291470,ITABERABA,BA,11.950591088208547,12.0,True,True,False,False,False,False
291480,ITABUNA,BA,9.253047533338787,9.3,False,False,False,False,False,False
291490,ITACARE,BA,8.250758341759353,8.3,False,False,False,False,False,False
291500,ITAETE,BA,20.28497409326425,20.3,True,True,False,True,True,False
291510,ITAGI,BA,18.425460636515915,18.4,True,True,False,True,True,False
291520,ITAGIBA,BA,7.03269586674892,7.0,False,False,False,False,False,False
291530,ITAGIMIRIM,BA,10.39895356442119,10.4,False,False,False,False,False,False
291535,ITAGUACU DA BAHIA,BA,10.389202762084118,10.4,False,False,False,False,False,False
291540,ITAJU DO COLONIA,BA,18.970736629667005,19.0,True,True,False,False,False,False
291550,ITAJUIPE,BA,13.772310660877954,13.8,True,True,False,True,True,False
291560,ITAMARAJU,BA,8.442476208423631,8.4,False,False,False,False,False,False
291570,ITAMARI,BA,5.4239877769289535,5.4,False,False,False,False,False,False
291580,ITAMBE,BA,6.293222683264177,6.3,False,False,False,False,False,False
291590,ITANAGRA,BA,12.295488349033217,12.3,True,True,False,True,True,False
291600,ITANHEM,BA,11.596820809248555,11.6,True,True,False,False,False,False
291610,ITAPARICA,BA,19.479843953185956,19.5,True,True,False,False,False,False
291620,ITAPE,BA,14.340448823207444,14.3,True,True,False,True,True,False
291630,ITAPEBI,BA,5.922944220816561,5.9,False,False,False,False,False,False
291640,ITAPETINGA,BA,11.67333027462804,11.7,True,True,False,False,False,False
291650,ITAPICURU,BA,7.9692307692307685,8.0,False,False,False,False,False,False
291660,ITAPITANGA,BA,7.1782178217821775,7.2,False,False,False,False,False,False
291670,ITAQUARA,BA,4.916512059369202,4.9,False,False,False,False,False,False
291680,ITARANTIM,BA,5.161529892313405,5.2,False,False,False,False,False,False
291685,ITATIM,BA,9.723643807574208,9.7,False,False,False,False,False,False
291690,ITIRUCU,BA,9.833276624702279,9.8,False,False,False,False,False,False
291700,ITIUBA,BA,15.721728470732454,15.7,True,True,False,True,True,False
291710,ITORORO,BA,14.829268292682926,14.8,True,True,False,False,False,False
291720,ITUACU,BA,4.322200392927308,4.3,False,False,False,False,False,False
291730,ITUBERA,BA,13.82658959537572,13.8,True,True,False,False,False,False
291733,IUIU,BA,11.244121419410003,11.2,True,True,False,True,True,False
291735,JABORANDI,BA,4.0853381752156155,4.1,False,False,False,False,False,False
291740,JACARACI,BA,7.474985285462036,7.5,False,False,False,False,False,False
291750,JACOBINA,BA,13.251072961373392,13.3,True,True,False,False,False,False
291760,JAGUAQUARA,BA,7.206087901848113,7.2,False,False,False,False,False,False
291770,JAGUARARI,BA,5.790682414698162,5.8,False,False,False,False,False,False
291780,JAGUARIPE,BA,17.73715415019763,17.7,True,True,False,True,True,False
291790,JANDAIRA,BA,8.208955223880597,8.2,False,False,False,False,False,False
291800,JEQUIE,BA,8.077713732919504,8.1,False,False,False,False,False,False
291810,JEREMOABO,BA,10.67198452985255,10.7,False,False,False,False,False,False
291820,JIQUIRICA,BA,11.996294580824456,12.0,True,True,False,True,True,False
291830,JITAUNA,BA,6.263326226012793,6.3,False,False,False,False,False,False
291835,JOAO DOURADO,BA,3.0364889002296507,3.0,False,False,False,False,False,False
291840,JUAZEIRO,BA,12.461820403176542,12.5,True,True,False,False,False,False
291845,JUCURUCU,BA,13.007651559741024,13.0,True,True,False,True,True,False
291850,JUSSARA,BA,13.584010840108402,13.6,True,True,False,True,True,False
291855,JUSSARI,BA,21.34831460674157,21.3,True,True,False,False,False,False
291860,JUSSIAPE,BA,5.004240882103478,5.0,False,False,False,False,False,False
291870,LAFAIETE COUTINHO,BA,10.173697270471465,10.2,False,False,False,False,False,False
291875,LAGOA REAL,BA,5.434173669467787,5.4,False,False,False,False,False,False
291880,LAJE,BA,9.963345551482838,10.0,False,False,False,False,False,False
291890,LAJEDAO,BA,7.1904127829560585,7.2,False,False,False,False,False,False
291900,LAJEDINHO,BA,8.622620380739082,8.6,False,False,False,False,False,False
291905,LAJEDO DO TABOCAL,BA,9.433962264150944,9.4,False,False,False,False,False,False
291910,LAMARAO,BA,7.9113924050632916,7.9,False,False,False,False,False,False
291915,LAPAO,BA,2.845719661335842,2.8,False,False,False,False,False,False
291920,LAURO DE FREITAS,BA,18.229441803134357,18.2,True,True,False,False,False,False
291930,LENCOIS,BA,12.553699284009545,12.6,True,True,False,False,False,False
291940,LICINIO DE ALMEIDA,BA,7.186629526462395,7.2,False,False,False,False,False,False
291950,LIVRAMENTO DE NOSSA SENHORA,BA,3.3653846153846154,3.4,False,False,False,False,False,False
291955,LUIS EDUARDO MAGALHAES,BA,12.99515531490453,13.0,True,True,False,False,False,False
291960,MACAJUBA,BA,14.305239179954443,14.3,True,True,False,True,True,False
291970,MACARANI,BA,16.701214095350903,16.7,True,True,False,False,False,False
291980,MACAUBAS,BA,4.738292011019284,4.7,False,False,False,False,False,False
291990,MACURURE,BA,8.198198198198197,8.2,False,False,False,False,False,False
291992,MADRE DE DEUS,BA,25.851996105160662,25.9,True,True,False,False,False,False
291995,MAETINGA,BA,9.887640449438202,9.9,False,False,False,False,False,False
292000,MAIQUINIQUE,BA,16.443701226309923,16.4,True,True,False,False,False,False
292010,MAIRI,BA,24.863636363636363,24.9,True,True,False,True,True,False
292020,MALHADA,BA,11.808118081180812,11.8,True,True,False,True,True,False
292030,MALHADA DE PEDRAS,BA,3.7037037037037033,3.7,False,False,False,False,False,False
292040,MANOEL VITORINO,BA,6.153292551277438,6.2,False,False,False,False,False,False
292045,MANSIDAO,BA,9.563825530212085,9.6,False,False,False,False,False,False
292050,MARACAS,BA,5.52536231884058,5.5,False,False,False,False,False,False
292060,MARAGOGIPE,BA,19.011264080100126,19.0,True,True,False,False,False,False
292070,MARAU,BA,12.299465240641712,12.3,True,True,False,True,True,False
292080,MARCIONILIO SOUZA,BA,10.992529348986126,11.0,True,True,False,True,True,False
292090,MASCOTE,BA,10.854206807964033,10.9,False,False,False,False,False,False
292100,MATA DE SAO JOAO,BA,12.21331859629732,12.2,True,True,False,False,False,False
292105,MATINA,BA,9.351372861122165,9.4,False,False,False,False,False,False
292110,MEDEIROS NETO,BA,7.213416034918447,7.2,False,False,False,False,False,False
292120,MIGUEL CALMON,BA,8.13679245283019,8.1,False,False,False,False,False,False
292130,MILAGRES,BA,6.136245449817992,6.1,False,False,False,False,False,False
292140,MIRANGABA,BA,18.96940418679549,19.0,True,True,False,True,True,False
292145,MIRANTE,BA,4.159733777038269,4.2,False,False,False,False,False,False
292150,MONTE SANTO,BA,18.500925851380725,18.5,True,True,False,True,True,False
292160,MORPARA,BA,5.693664795509222,5.7,False,False,False,False,False,False
292170,MORRO DO CHAPEU,BA,7.828655834564254,7.8,False,False,False,False,False,False
292180,MORTUGABA,BA,4.722399489470326,4.7,False,False,False,False,False,False
292190,MUCUGE,BA,3.5561005518087065,3.6,False,False,False,False,False,False
292200,MUCURI,BA,6.5065982404692075,6.5,False,False,False,False,False,False
292205,MULUNGU DO MORRO,BA,18.806584362139915,18.8,True,True,False,True,True,False
292210,MUNDO NOVO,BA,23.081155433287485,23.1,True,True,False,True,True,False
292220,MUNIZ FERREIRA,BA,14.75166790214974,14.8,True,True,False,False,False,False
292225,MUQUEM DE SAO FRANCISCO,BA,5.704697986577181,5.7,False,False,False,False,False,False
292230,MURITIBA,BA,11.917886333396693,11.9,True,True,False,False,False,False
292240,MUTUIPE,BA,11.290824261275272,11.3,True,True,False,False,False,False
292250,NAZARE,BA,14.417832582404552,14.4,True,True,False,False,False,False
292260,NILO PECANHA,BA,9.746992948983824,9.7,False,False,False,False,False,False
292265,NORDESTINA,BA,12.54598969830758,12.5,True,True,False,True,True,False
292270,NOVA CANAA,BA,7.900087133313971,7.9,False,False,False,False,False,False
292273,NOVA FATIMA,BA,14.77683956574186,14.8,True,True,False,False,False,False
292275,NOVA IBIA,BA,18.201058201058203,18.2,True,True,False,False,False,False
292280,NOVA ITARANA,BA,14.133016627078385,14.1,True,True,False,True,True,False
292285,NOVA REDENCAO,BA,19.79310344827586,19.8,True,True,False,True,True,False
292290,NOVA SOURE,BA,13.915924622074963,13.9,True,True,False,True,True,False
292300,NOVA VICOSA,BA,10.703651465287573,10.7,False,False,False,False,False,False
292303,NOVO HORIZONTE,BA,12.429378531073446,12.4,True,True,False,False,False,False
292305,NOVO TRIUNFO,BA,17.142857142857142,17.1,True,True,False,True,True,False
292310,OLINDINA,BA,10.749447458308218,10.7,False,False,False,False,False,False
292320,OLIVEIRA DOS BREJINHOS,BA,11.927424152290303,11.9,True,True,False,True,True,False
292330,OURICANGAS,BA,15.167548500881834,15.2,True,True,False,False,False,False
292335,OUROLANDIA,BA,8.968609865470851,9.0,False,False,False,False,False,False
292340,PALMAS DE MONTE ALTO,BA,8.261494252873563,8.3,False,False,False,False,False,False
292350,PALMEIRAS,BA,15.224625623960067,15.2,True,True,False,False,False,False
292360,PARAMIRIM,BA,6.500420285794341,6.5,False,False,False,False,False,False
292370,PARATINGA,BA,15.379238028661307,15.4,True,True,False,True,True,False
292380,PARIPIRANGA,BA,15.410546592824465,15.4,True,True,False,False,False,False
292390,PAU BRASIL,BA,3.4669555796316356,3.5,False,False,False,False,False,False
292400,PAULO AFONSO,BA,12.815674085585835,12.8,True,True,False,False,False,False
292405,PE DE SERRA,BA,10.14290693621471,10.1,False,False,False,False,False,False
292410,PEDRAO,BA,10.95890410958904,11.0,True,False,True,True,False,True
292420,PEDRO ALEXANDRE,BA,16.869788325849903,16.9,True,True,False,True,True,False
292430,PIATA,BA,11.176801801801801,11.2,True,True,False,True,True,False
292440,PILAO ARCADO,BA,19.516994633273704,19.5,True,True,False,True,True,False
292450,PINDAI,BA,9.930795847750865,9.9,False,False,False,False,False,False
292460,PINDOBACU,BA,12.967519685039369,13.0,True,True,False,True,True,False
292465,PINTADAS,BA,13.560732113144757,13.6,True,True,False,False,False,False
292467,PIRAI DO NORTE,BA,6.162464985994398,6.2,False,False,False,False,False,False
292470,PIRIPA,BA,5.859375,5.9,False,False,False,False,False,False
292480,PIRITIBA,BA,20.22038567493113,20.2,True,True,False,True,True,False
292490,PLANALTINO,BA,11.444141689373296,11.4,True,True,False,True,True,False
292500,PLANALTO,BA,8.664688427299703,8.7,False,False,False,False,False,False
292510,POCOES,BA,7.414600708328573,7.4,False,False,False,False,False,False
292520,POJUCA,BA,19.044811320754718,19.0,True,True,False,False,False,False
292525,PONTO NOVO,BA,15.983263598326362,16.0,True,True,False,True,True,False
292530,PORTO SEGURO,BA,9.564779451882318,9.6,False,False,False,False,False,False
292540,POTIRAGUA,BA,13.187221396731056,13.2,True,True,False,False,False,False
292550,PRADO,BA,6.524633821571238,6.5,False,False,False,False,False,False
292560,PRESIDENTE DUTRA,BA,11.609498680738787,11.6,True,True,False,False,False,False
292570,PRESIDENTE JANIO QUADROS,BA,14.719748559455212,14.7,True,True,False,False,False,False
292575,PRESIDENTE TANCREDO NEVES,BA,5.481309316288979,5.5,False,False,False,False,False,False
292580,QUEIMADAS,BA,14.910536779324055,14.9,True,True,False,True,True,False
292590,QUIJINGUE,BA,9.491954438618695,9.5,False,False,False,False,False,False
292593,QUIXABEIRA,BA,11.635220125786164,11.6,True,True,False,True,True,False
292595,RAFAEL JAMBEIRO,BA,5.229455709711846,5.2,False,False,False,False,False,False
292600,REMANSO,BA,9.897567221510883,9.9,False,False,False,False,False,False
292610,RETIROLANDIA,BA,12.973186119873818,13.0,True,True,False,False,False,False
292620,RIACHAO DAS NEVES,BA,7.1205357142857135,7.1,False,False,False,False,False,False
292630,RIACHAO DO JACUIPE,BA,6.778597206966891,6.8,False,False,False,False,False,False
292640,RIACHO DE SANTANA,BA,7.351331630791681,7.4,False,False,False,False,False,False
292650,RIBEIRA DO AMPARO,BA,14.843087362171332,14.8,True,True,False,True,True,False
292660,RIBEIRA DO POMBAL,BA,3.701370294534572,3.7,False,False,False,False,False,False
292665,RIBEIRAO DO LARGO,BA,10.051993067590988,10.1,False,False,False,False,False,False
292670,RIO DE CONTAS,BA,6.0606060606060606,6.1,False,False,False,False,False,False
292680,RIO DO ANTONIO,BA,7.051282051282051,7.1,False,False,False,False,False,False
292690,RIO DO PIRES,BA,5.349439171699741,5.3,False,False,False,False,False,False
292700,RIO REAL,BA,7.684580612757408,7.7,False,False,False,False,False,False
292710,RODELAS,BA,26.065411298315162,26.1,True,True,False,False,False,False
292720,RUY BARBOSA,BA,8.280254777070063,8.3,False,False,False,False,False,False
292730,SALINAS DA MARGARIDA,BA,20.312112955164725,20.3,True,True,False,False,False,False
292740,SALVADOR,BA,19.558530167561443,19.6,True,True,False,False,False,False
292750,SANTA BARBARA,BA,10.228611831251474,10.2,False,False,False,False,False,False
292760,SANTA BRIGIDA,BA,16.852678571428573,16.9,True,True,False,True,True,False
292770,SANTA CRUZ CABRALIA,BA,8.66781580891406,8.7,False,False,False,False,False,False
292780,SANTA CRUZ DA VITORIA,BA,8.673469387755102,8.7,False,False,False,False,False,False
292790,SANTA INES,BA,7.048269970098249,7.0,False,False,False,False,False,False
292800,SANTALUZ,BA,10.110474059572088,10.1,False,False,False,False,False,False
292805,SANTA LUZIA,BA,13.277310924369749,13.3,True,True,False,False,False,False
292810,SANTA MARIA DA VITORIA,BA,9.241259248512984,9.2,False,False,False,False,False,False
292820,SANTANA,BA,7.712082262210797,7.7,False,False,False,False,False,False
292830,SANTANOPOLIS,BA,16.0188457008245,16.0,True,True,False,True,True,False
292840,SANTA RITA DE CASSIA,BA,15.340909090909092,15.3,True,True,False,False,False,False
292850,SANTA TEREZINHA,BA,9.593199757134183,9.6,False,False,False,False,False,False
292860,SANTO AMARO,BA,17.52567865003668,17.5,True,True,False,False,False,False
292870,SANTO ANTONIO DE JESUS,BA,13.629954566818112,13.6,True,True,False,False,False,False
292880,SANTO ESTEVAO,BA,9.382257315373897,9.4,False,False,False,False,False,False
292890,SAO DESIDERIO,BA,6.838249107646065,6.8,False,False,False,False,False,False
292895,SAO DOMINGOS,BA,17.700052994170644,17.7,True,True,False,False,False,False
292900,SAO FELIX,BA,21.152856407617087,21.2,True,True,False,False,False,False
292905,SAO FELIX DO CORIBE,BA,8.48310567936736,8.5,False,False,False,False,False,False
292910,SAO FELIPE,BA,13.289883819778975,13.3,True,True,False,False,False,False
292920,SAO FRANCISCO DO CONDE,BA,19.62759462759463,19.6,True,True,False,False,False,False
292925,SAO GABRIEL,BA,4.192021636240703,4.2,False,False,False,False,False,False
292930,SAO GONCALO DOS CAMPOS,BA,6.091718001368926,6.1,False,False,False,False,False,False
292935,SAO JOSE DA VITORIA,BA,13.287316652286455,13.3,True,True,False,True,True,False
292937,SAO JOSE DO JACUIPE,BA,7.461594732991954,7.5,False,False,False,False,False,False
292940,SAO MIGUEL DAS MATAS,BA,9.445701357466064,9.4,False,False,False,False,False,False
292950,SAO SEBASTIAO DO PASSE,BA,9.12912912912913,9.1,False,False,False,False,False,False
292960,SAPEACU,BA,16.262879420774155,16.3,True,True,False,False,False,False
292970,SATIRO DIAS,BA,8.353413654618475,8.4,False,False,False,False,False,False
292975,SAUBARA,BA,13.313609467455622,13.3,True,True,False,False,False,False
292980,SAUDE,BA,20.0,20.0,True,True,False,True,True,False
292990,SEABRA,BA,14.396671289875174,14.4,True,True,False,False,False,False
293000,SEBASTIAO LARANJEIRAS,BA,7.8673602080624185,7.9,False,False,False,False,False,False
293010,SENHOR DO BONFIM,BA,8.96275219865494,9.0,False,False,False,False,False,False
293015,SERRA DO RAMALHO,BA,4.380807889247108,4.4,False,False,False,False,False,False
293020,SENTO SE,BA,17.77665869318897,17.8,True,True,False,True,True,False
293030,SERRA DOURADA,BA,6.106573317775185,6.1,False,False,False,False,False,False
293040,SERRA PRETA,BA,10.024449877750612,10.0,False,False,False,False,False,False
293050,SERRINHA,BA,14.895235865620975,14.9,True,True,False,False,False,False
293060,SERROLANDIA,BA,14.750656167979004,14.8,True,True,False,True,True,False
293070,SIMOES FILHO,BA,16.95410215438867,17.0,True,True,False,False,False,False
293075,SITIO DO MATO,BA,9.077001529831719,9.1,False,False,False,False,False,False
293076,SITIO DO QUINTO,BA,22.385042950985344,22.4,True,True,False,True,True,False
293077,SOBRADINHO,BA,7.760711398544867,7.8,False,False,False,False,False,False
293080,SOUTO SOARES,BA,12.996389891696749,13.0,True,True,False,True,True,False
293090,TABOCAS DO BREJO VELHO,BA,7.719505008839128,7.7,False,False,False,False,False,False
293100,TANHACU,BA,4.793085385018334,4.8,False,False,False,False,False,False
293105,TANQUE NOVO,BA,4.263093788063337,4.3,False,False,False,False,False,False
293110,TANQUINHO,BA,15.6794425087108,15.7,True,True,False,False,False,False
293120,TAPEROA,BA,5.482456140350877,5.5,False,False,False,False,False,False
293130,TAPIRAMUTA,BA,20.0211491011632,20.0,True,True,False,True,True,False
293135,TEIXEIRA DE FREITAS,BA,9.079944865609924,9.1,False,False,False,False,False,False
293140,TEODORO SAMPAIO,BA,16.512820512820515,16.5,True,True,False,True,True,False
293150,TEOFILANDIA,BA,3.0005941770647655,3.0,False,False,False,False,False,False
293160,TEOLANDIA,BA,9.970238095238097,10.0,False,False,False,False,False,False
293170,TERRA NOVA,BA,27.003845016267373,27.0,True,True,False,True,True,False
293180,TREMEDAL,BA,10.241356816699282,10.2,False,False,False,False,False,False
293190,TUCANO,BA,8.287292817679557,8.3,False,False,False,False,False,False
293200,UAUA,BA,13.804981452040277,13.8,True,True,False,False,False,False
293210,UBAIRA,BA,15.267175572519085,15.3,True,True,False,True,True,False
293220,UBAITABA,BA,10.750853242320819,10.8,False,False,False,False,False,False
293230,UBATA,BA,9.957401490947817,10.0,False,False,False,False,False,False
293240,UIBAI,BA,19.18832324670701,19.2,True,True,False,False,False,False
293245,UMBURANAS,BA,12.142857142857142,12.1,True,True,False,True,True,False
293250,UNA,BA,9.422958870472682,9.4,False,False,False,False,False,False
293260,URANDI,BA,6.9419722321110715,6.9,False,False,False,False,False,False
293270,URUCUCA,BA,13.056930693069308,13.1,True,True,False,False,False,False
293280,UTINGA,BA,15.882827196990057,15.9,True,True,False,True,True,False
293290,VALENCA,BA,11.500787126115096,11.5,True,True,False,False,False,False
293300,VALENTE,BA,10.283615588655376,10.3,False,False,False,False,False,False
293305,VARZEA DA ROCA,BA,13.33551769331586,13.3,True,True,False,True,True,False
293310,VARZEA DO POCO,BA,24.543738200125865,24.5,True,True,False,False,False,False
293315,VARZEA NOVA,BA,9.106529209621993,9.1,False,False,False,False,False,False
293317,VARZEDO,BA,6.972361809045226,7.0,False,False,False,False,False,False
293320,VERA CRUZ,BA,20.676310697502995,20.7,True,True,False,False,False,False
293325,VEREDA,BA,12.349397590361445,12.3,True,True,False,True,True,False
293330,VITORIA DA CONQUISTA,BA,9.833243248653735,9.8,False,False,False,False,False,False
293340,WAGNER,BA,13.521545319465082,13.5,True,True,False,True,True,False
293345,WANDERLEY,BA,10.115384615384615,10.1,False,False,False,False,False,False
293350,WENCESLAU GUIMARAES,BA,13.031337263419173,13.0,True,True,False,True,True,False
293360,XIQUE-XIQUE,BA,7.816822046921422,7.8,False,False,False,False,False,False
310010,ABADIA DOS DOURADOS,MG,6.985294117647059,7.0,False,False,False,False,False,False
310020,ABAETE,MG,11.005434782608695,11.0,True,True,False,False,False,False
310030,ABRE CAMPO,MG,9.024979854955681,9.0,False,False,False,False,False,False
310040,ACAIACA,MG,12.017167381974248,12.0,True,True,False,False,False,False
310050,ACUCENA,MG,8.053691275167784,8.1,False,False,False,False,False,False
310060,AGUA BOA,MG,4.799040191961608,4.8,False,False,False,False,False,False
310070,AGUA COMPRIDA,MG,5.7894736842105265,5.8,False,False,False,False,False,False
310080,AGUANIL,MG,4.597701149425287,4.6,False,False,False,False,False,False
310090,AGUAS FORMOSAS,MG,15.090296908478726,15.1,True,True,False,False,False,False
310100,AGUAS VERMELHAS,MG,14.280652019844082,14.3,True,True,False,False,False,False
310110,AIMORES,MG,10.0749063670412,10.1,False,False,False,False,False,False
310120,AIURUOCA,MG,5.275229357798166,5.3,False,False,False,False,False,False
310130,ALAGOA,MG,6.2015503875969,6.2,False,False,False,False,False,False
310140,ALBERTINA,MG,2.515723270440252,2.5,False,False,False,False,False,False
310150,ALEM PARAIBA,MG,14.096592302034813,14.1,True,True,False,False,False,False
310160,ALFENAS,MG,7.521919704660822,7.5,False,False,False,False,False,False
310163,ALFREDO VASCONCELOS,MG,3.1353135313531353,3.1,False,False,False,False,False,False
310170,ALMENARA,MG,10.97972972972973,11.0,True,True,False,False,False,False
310180,ALPERCATA,MG,15.539947322212466,15.5,True,True,False,False,False,False
310190,ALPINOPOLIS,MG,4.49438202247191,4.5,False,False,False,False,False,False
310200,ALTEROSA,MG,3.7625418060200673,3.8,False,False,False,False,False,False
310205,ALTO CAPARAO,MG,5.1194539249146755,5.1,False,False,False,False,False,False
310210,ALTO RIO DOCE,MG,4.878048780487805,4.9,False,False,False,False,False,False
310220,ALVARENGA,MG,3.114754098360656,3.1,False,False,False,False,False,False
310230,ALVINOPOLIS,MG,8.515130190007039,8.5,False,False,False,False,False,False
310240,ALVORADA DE MINAS,MG,5.166051660516605,5.2,False,False,False,False,False,False
310250,AMPARO DO SERRA,MG,7.07395498392283,7.1,False,False,False,False,False,False
310260,ANDRADAS,MG,3.834009923319801,3.8,False,False,False,False,False,False
310270,CACHOEIRA DE PAJEU,MG,10.015098137896326,10.0,False,False,False,False,False,False
310280,ANDRELANDIA,MG,7.611548556430446,7.6,False,False,False,False,False,False
310285,ANGELANDIA,MG,4.770813844714686,4.8,False,False,False,False,False,False
310290,ANTONIO CARLOS,MG,7.518796992481203,7.5,False,False,False,False,False,False
310300,ANTONIO DIAS,MG,4.974271012006861,5.0,False,False,False,False,False,False
310310,ANTONIO PRADO DE MINAS,MG,4.25531914893617,4.3,False,False,False,False,False,False
310320,ARACAI,MG,6.956521739130435,7.0,False,False,False,False,False,False
310330,ARACITABA,MG,9.281437125748502,9.3,False,False,False,False,False,False
310340,ARACUAI,MG,9.141327213616371,9.1,False,False,False,False,False,False
310350,ARAGUARI,MG,7.960808328230251,8.0,False,False,False,False,False,False
310360,ARANTINA,MG,8.71369294605809,8.7,False,False,False,False,False,False
310370,ARAPONGA,MG,8.350515463917525,8.4,False,False,False,False,False,False
310375,ARAPORA,MG,4.019292604501608,4.0,False,False,False,False,False,False
310380,ARAPUA,MG,5.263157894736842,5.3,False,False,False,False,False,False
310390,ARAUJOS,MG,6.0606060606060606,6.1,False,False,False,False,False,False
310400,ARAXA,MG,6.932941490782794,6.9,False,False,False,False,False,False
310410,ARCEBURGO,MG,3.8535645472061653,3.9,False,False,False,False,False,False
310420,ARCOS,MG,6.554419723391461,6.6,False,False,False,False,False,False
310430,AREADO,MG,3.2534246575342465,3.3,False,False,False,False,False,False
310440,ARGIRITA,MG,6.221198156682028,6.2,False,False,False,False,False,False
310445,ARICANDUVA,MG,9.20863309352518,9.2,False,False,False,False,False,False
310450,ARINOS,MG,3.8818565400843887,3.9,False,False,False,False,False,False
310460,ASTOLFO DUTRA,MG,8.258527827648116,8.3,False,False,False,False,False,False
310470,ATALEIA,MG,6.8633739576651696,6.9,False,False,False,False,False,False
310480,AUGUSTO DE LIMA,MG,9.95475113122172,10.0,False,False,False,False,False,False
310490,BAEPENDI,MG,3.7713612256923983,3.8,False,False,False,False,False,False
310500,BALDIM,MG,9.213051823416507,9.2,False,False,False,False,False,False
310510,BAMBUI,MG,6.7353951890034365,6.7,False,False,False,False,False,False
310520,BANDEIRA,MG,9.104046242774565,9.1,False,False,False,False,False,False
310530,BANDEIRA DO SUL,MG,7.349081364829396,7.3,False,False,False,False,False,False
310540,BARAO DE COCAIS,MG,10.768261964735517,10.8,False,False,False,False,False,False
310550,BARAO DE MONTE ALTO,MG,9.989373007438896,10.0,False,False,False,False,False,False
310560,BARBACENA,MG,7.465825446898002,7.5,False,False,False,False,False,False
310570,BARRA LONGA,MG,4.87062404870624,4.9,False,False,False,False,False,False
310590,BARROSO,MG,10.788787483702738,10.8,False,False,False,False,False,False
310600,BELA VISTA DE MINAS,MG,12.537917087967642,12.5,True,True,False,False,False,False
310610,BELMIRO BRAGA,MG,4.135338345864661,4.1,False,False,False,False,False,False
310620,BELO HORIZONTE,MG,13.290399051758198,13.3,True,True,False,False,False,False
310630,BELO ORIENTE,MG,8.041313168572483,8.0,False,False,False,False,False,False
310640,BELO VALE,MG,7.0356472795497185,7.0,False,False,False,False,False,False
310650,BERILO,MG,6.533700137551582,6.5,False,False,False,False,False,False
310660,BERTOPOLIS,MG,17.063081695966908,17.1,True,True,False,True,True,False
310665,BERIZAL,MG,12.075848303393213,12.1,True,True,False,False,False,False
310670,BETIM,MG,10.380175465599507,10.4,False,False,False,False,False,False
310680,BIAS FORTES,MG,6.593406593406594,6.6,False,False,False,False,False,False
310690,BICAS,MG,6.979014153245486,7.0,False,False,False,False,False,False
310700,BIQUINHAS,MG,8.038585209003216,8.0,False,False,False,False,False,False
310710,BOA ESPERANCA,MG,6.0213843556555995,6.0,False,False,False,False,False,False
310720,BOCAINA DE MINAS,MG,4.09556313993174,4.1,False,False,False,False,False,False
310730,BOCAIUVA,MG,11.926163723916533,11.9,True,True,False,False,False,False
310740,BOM DESPACHO,MG,10.168350168350168,10.2,False,False,False,False,False,False
310750,BOM JARDIM DE MINAS,MG,6.097560975609756,6.1,False,False,False,False,False,False
310760,BOM JESUS DA PENHA,MG,4.842615012106537,4.8,False,False,False,False,False,False
310770,BOM JESUS DO AMPARO,MG,4.645161290322581,4.6,False,False,False,False,False,False
310780,BOM JESUS DO GALHO,MG,6.7965779467680605,6.8,False,False,False,False,False,False
310790,BOM REPOUSO,MG,3.4023668639053253,3.4,False,False,False,False,False,False
310800,BOM SUCESSO,MG,8.171861836562764,8.2,False,False,False,False,False,False
310810,BONFIM,MG,8.222222222222223,8.2,False,False,False,False,False,False
310820,BONFINOPOLIS DE MINAS,MG,7.6923076923076925,7.7,False,False,False,False,False,False
310825,BONITO DE MINAS,MG,8.25065274151436,8.3,False,False,False,False,False,False
310830,BORDA DA MATA,MG,3.2797029702970297,3.3,False,False,False,False,False,False
310840,BOTELHOS,MG,4.945904173106646,4.9,False,False,False,False,False,False
310850,BOTUMIRIM,MG,4.704463208685163,4.7,False,False,False,False,False,False
310855,BRASILANDIA DE MINAS,MG,11.246612466124661,11.2,True,True,False,False,False,False
310860,BRASILIA DE MINAS,MG,6.92756441419543,6.9,False,False,False,False,False,False
310870,BRAS PIRES,MG,3.822441430332922,3.8,False,False,False,False,False,False
310880,BRAUNAS,MG,4.336734693877551,4.3,False,False,False,False,False,False
310890,BRAZOPOLIS,MG,3.2119914346895073,3.2,False,False,False,False,False,False
310900,BRUMADINHO,MG,7.608695652173914,7.6,False,False,False,False,False,False
310910,BUENO BRANDAO,MG,3.148024112525117,3.1,False,False,False,False,False,False
310920,BUENOPOLIS,MG,9.394572025052192,9.4,False,False,False,False,False,False
310925,BUGRE,MG,6.610407876230662,6.6,False,False,False,False,False,False
310930,BURITIS,MG,5.06993006993007,5.1,False,False,False,False,False,False
310940,BURITIZEIRO,MG,7.4470046082949315,7.4,False,False,False,False,False,False
310945,CABECEIRA GRANDE,MG,9.234507897934387,9.2,False,False,False,False,False,False
310950,CABO VERDE,MG,4.387755102040816,4.4,False,False,False,False,False,False
310960,CACHOEIRA DA PRATA,MG,5.64516129032258,5.6,False,False,False,False,False,False
310970,CACHOEIRA DE MINAS,MG,2.660406885758998,2.7,False,False,False,False,False,False
310980,CACHOEIRA DOURADA,MG,8.650519031141869,8.7,False,False,False,False,False,False
310990,CAETANOPOLIS,MG,8.786127167630058,8.8,False,False,False,False,False,False
311000,CAETE,MG,4.700352526439483,4.7,False,False,False,False,False,False
311010,CAIANA,MG,5.578231292517007,5.6,False,False,False,False,False,False
311020,CAJURI,MG,10.350076103500761,10.4,False,False,False,False,False,False
311030,CALDAS,MG,3.9084842707340326,3.9,False,False,False,False,False,False
311040,CAMACHO,MG,3.1847133757961785,3.2,False,False,False,False,False,False
311050,CAMANDUCAIA,MG,5.075845974329055,5.1,False,False,False,False,False,False
311060,CAMBUI,MG,3.7619314991577766,3.8,False,False,False,False,False,False
311070,CAMBUQUIRA,MG,6.571428571428571,6.6,False,False,False,False,False,False
311080,CAMPANARIO,MG,16.536964980544745,16.5,True,True,False,False,False,False
311090,CAMPANHA,MG,3.6754507628294033,3.7,False,False,False,False,False,False
311100,CAMPESTRE,MG,3.0213706705969052,3.0,False,False,False,False,False,False
311110,CAMPINA VERDE,MG,2.6574444848926104,2.7,False,False,False,False,False,False
311115,CAMPO AZUL,MG,10.921052631578949,10.9,False,False,False,False,False,False
311120,CAMPO BELO,MG,10.495049504950495,10.5,False,False,False,False,False,False
311130,CAMPO DO MEIO,MG,6.660583941605839,6.7,False,False,False,False,False,False
311140,CAMPO FLORIDO,MG,4.447115384615385,4.4,False,False,False,False,False,False
311150,CAMPOS ALTOS,MG,5.88235294117647,5.9,False,False,False,False,False,False
311160,CAMPOS GERAIS,MG,4.034171808258187,4.0,False,False,False,False,False,False
311170,CANAA,MG,7.632398753894081,7.6,False,False,False,False,False,False
311180,CANAPOLIS,MG,7.402760351317441,7.4,False,False,False,False,False,False
311190,CANA VERDE,MG,8.481262327416173,8.5,False,False,False,False,False,False
311200,CANDEIAS,MG,6.721433905899925,6.7,False,False,False,False,False,False
311205,CANTAGALO,MG,4.032258064516129,4.0,False,False,False,False,False,False
311210,CAPARAO,MG,2.2813688212927756,2.3,False,False,False,False,False,False
311220,CAPELA NOVA,MG,6.339468302658487,6.3,False,False,False,False,False,False
311230,CAPELINHA,MG,4.932407745706978,4.9,False,False,False,False,False,False
311240,CAPETINGA,MG,6.929347826086957,6.9,False,False,False,False,False,False
311250,CAPIM BRANCO,MG,11.709159584513692,11.7,True,True,False,False,False,False
311260,CAPINOPOLIS,MG,7.344632768361582,7.3,False,False,False,False,False,False
311265,CAPITAO ANDRADE,MG,11.394557823129253,11.4,True,True,False,False,False,False
311270,CAPITAO ENEAS,MG,11.752988047808765,11.8,True,True,False,False,False,False
311280,CAPITOLIO,MG,4.20353982300885,4.2,False,False,False,False,False,False
311290,CAPUTIRA,MG,6.1204343534057255,6.1,False,False,False,False,False,False
311300,CARAI,MG,4.553339115351258,4.6,False,False,False,False,False,False
311310,CARANAIBA,MG,6.315789473684211,6.3,False,False,False,False,False,False
311320,CARANDAI,MG,6.266126059712496,6.3,False,False,False,False,False,False
311330,CARANGOLA,MG,8.433121019108281,8.4,False,False,False,False,False,False
311340,CARATINGA,MG,4.88862605953085,4.9,False,False,False,False,False,False
311350,CARBONITA,MG,7.829534192269574,7.8,False,False,False,False,False,False
311360,CAREACU,MG,3.7549407114624502,3.8,False,False,False,False,False,False
311370,CARLOS CHAGAS,MG,7.46106483158276,7.5,False,False,False,False,False,False
311380,CARMESIA,MG,7.569721115537849,7.6,False,False,False,False,False,False
311390,CARMO DA CACHOEIRA,MG,3.912647861692448,3.9,False,False,False,False,False,False
311400,CARMO DA MATA,MG,8.936970837253057,8.9,False,False,False,False,False,False
311410,CARMO DE MINAS,MG,3.889789303079417,3.9,False,False,False,False,False,False
311420,CARMO DO CAJURU,MG,7.620164126611957,7.6,False,False,False,False,False,False
311430,CARMO DO PARANAIBA,MG,4.997728305315766,5.0,False,False,False,False,False,False
311440,CARMO DO RIO CLARO,MG,4.511278195488721,4.5,False,False,False,False,False,False
311450,CARMOPOLIS DE MINAS,MG,6.568877551020408,6.6,False,False,False,False,False,False
311455,CARNEIRINHO,MG,9.180327868852459,9.2,False,False,False,False,False,False
311460,CARRANCAS,MG,6.319702602230483,6.3,False,False,False,False,False,False
311470,CARVALHOPOLIS,MG,4.744525547445255,4.7,False,False,False,False,False,False
311480,CARVALHOS,MG,7.786885245901639,7.8,False,False,False,False,False,False
311490,CASA GRANDE,MG,7.317073170731707,7.3,False,False,False,False,False,False
311500,CASCALHO RICO,MG,3.8793103448275863,3.9,False,False,False,False,False,False
311510,CASSIA,MG,7.569539443684451,7.6,False,False,False,False,False,False
311520,CONCEICAO DA BARRA DE MINAS,MG,3.546099290780142,3.5,False,False,False,False,False,False
311530,CATAGUASES,MG,6.952850105559465,7.0,False,False,False,False,False,False
311535,CATAS ALTAS,MG,10.901749663526244,10.9,False,False,False,False,False,False
311540,CATAS ALTAS DA NORUEGA,MG,3.8834951456310676,3.9,False,False,False,False,False,False
311545,CATUJI,MG,3.362690152121697,3.4,False,False,False,False,False,False
311547,CATUTI,MG,5.134281200631912,5.1,False,False,False,False,False,False
311550,CAXAMBU,MG,6.07773851590106,6.1,False,False,False,False,False,False
311560,CEDRO DO ABAETE,MG,10.32258064516129,10.3,False,False,False,False,False,False
311570,CENTRAL DE MINAS,MG,8.111702127659575,8.1,False,False,False,False,False,False
311580,CENTRALINA,MG,4.608695652173913,4.6,False,False,False,False,False,False
311590,CHACARA,MG,6.941431670281996,6.9,False,False,False,False,False,False
311600,CHALE,MG,8.477011494252872,8.5,False,False,False,False,False,False
311610,CHAPADA DO NORTE,MG,5.568096313017306,5.6,False,False,False,False,False,False
311615,CHAPADA GAUCHA,MG,12.03099510603589,12.0,True,True,False,False,False,False
311620,CHIADOR,MG,7.017543859649122,7.0,False,False,False,False,False,False
311630,CIPOTANEA,MG,6.738868832731648,6.7,False,False,False,False,False,False
311640,CLARAVAL,MG,8.35164835164835,8.4,False,False,False,False,False,False
311650,CLARO DOS POCOES,MG,8.683974932855863,8.7,False,False,False,False,False,False
311660,CLAUDIO,MG,5.3581500282007894,5.4,False,False,False,False,False,False
311670,COIMBRA,MG,7.117008443908324,7.1,False,False,False,False,False,False
311680,COLUNA,MG,11.267605633802818,11.3,True,True,False,False,False,False
311690,COMENDADOR GOMES,MG,5.3731343283582085,5.4,False,False,False,False,False,False
311700,COMERCINHO,MG,9.068219633943428,9.1,False,False,False,False,False,False
311710,CONCEICAO DA APARECIDA,MG,3.8770053475935833,3.9,False,False,False,False,False,False
311720,CONCEICAO DAS PEDRAS,MG,3.804347826086957,3.8,False,False,False,False,False,False
311730,CONCEICAO DAS ALAGOAS,MG,8.719723183391004,8.7,False,False,False,False,False,False
311740,CONCEICAO DE IPANEMA,MG,3.669724770642202,3.7,False,False,False,False,False,False
311750,CONCEICAO DO MATO DENTRO,MG,7.603565810173047,7.6,False,False,False,False,False,False
311760,CONCEICAO DO PARA,MG,4.697986577181208,4.7,False,False,False,False,False,False
311770,CONCEICAO DO RIO VERDE,MG,5.255781359495445,5.3,False,False,False,False,False,False
311780,CONCEICAO DOS OUROS,MG,4.940711462450593,4.9,False,False,False,False,False,False
311783,CONEGO MARINHO,MG,4.5592705167173255,4.6,False,False,False,False,False,False
311787,CONFINS,MG,10.526315789473683,10.5,False,False,False,False,False,False
311790,CONGONHAL,MG,3.940362087326944,3.9,False,False,False,False,False,False
311800,CONGONHAS,MG,8.583823985125504,8.6,False,False,False,False,False,False
311810,CONGONHAS DO NORTE,MG,6.867671691792294,6.9,False,False,False,False,False,False
311820,CONQUISTA,MG,9.455958549222798,9.5,False,False,False,False,False,False
311830,CONSELHEIRO LAFAIETE,MG,6.092549580132213,6.1,False,False,False,False,False,False
311840,CONSELHEIRO PENA,MG,6.561679790026247,6.6,False,False,False,False,False,False
311850,CONSOLACAO,MG,2.904564315352697,2.9,False,False,False,False,False,False
311860,CONTAGEM,MG,16.00973447481639,16.0,True,True,False,False,False,False
311870,COQUEIRAL,MG,7.751937984496124,7.8,False,False,False,False,False,False
311880,CORACAO DE JESUS,MG,3.13975448536355,3.1,False,False,False,False,False,False
311890,CORDISBURGO,MG,11.76470588235294,11.8,True,True,False,False,False,False
311900,CORDISLANDIA,MG,6.527415143603134,6.5,False,False,False,False,False,False
311910,CORINTO,MG,7.539203860072376,7.5,False,False,False,False,False,False
311920,COROACI,MG,8.907254361799815,8.9,False,False,False,False,False,False
311930,COROMANDEL,MG,4.9824834565978975,5.0,False,False,False,False,False,False
311940,CORONEL FABRICIANO,MG,11.438383304715362,11.4,True,True,False,False,False,False
311950,CORONEL MURTA,MG,11.88063063063063,11.9,True,True,False,False,False,False
311960,CORONEL PACHECO,MG,5.246913580246913,5.2,False,False,False,False,False,False
311970,CORONEL XAVIER CHAVES,MG,5.314009661835748,5.3,False,False,False,False,False,False
311980,CORREGO DANTA,MG,2.7210884353741496,2.7,False,False,False,False,False,False
311990,CORREGO DO BOM JESUS,MG,1.6611295681063125,1.7,False,False,False,False,False,False
311995,CORREGO FUNDO,MG,1.8272425249169437,1.8,False,False,False,False,False,False
312000,CORREGO NOVO,MG,10.9375,10.9,False,False,False,False,False,False
312010,COUTO DE MAGALHAES DE MINAS,MG,17.03940362087327,17.0,True,True,False,False,False,False
312015,CRISOLITA,MG,8.930987821380242,8.9,False,False,False,False,False,False
312020,CRISTAIS,MG,4.914529914529915,4.9,False,False,False,False,False,False
312030,CRISTALIA,MG,7.833450952717008,7.8,False,False,False,False,False,False
312040,CRISTIANO OTONI,MG,8.695652173913043,8.7,False,False,False,False,False,False
312050,CRISTINA,MG,4.926108374384237,4.9,False,False,False,False,False,False
312060,CRUCILANDIA,MG,4.308797127468582,4.3,False,False,False,False,False,False
312070,CRUZEIRO DA FORTALEZA,MG,7.534246575342466,7.5,False,False,False,False,False,False
312080,CRUZILIA,MG,7.48853795211411,7.5,False,False,False,False,False,False
312083,CUPARAQUE,MG,13.008130081300814,13.0,True,True,False,False,False,False
312087,CURRAL DE DENTRO,MG,16.76263595649392,16.8,True,True,False,True,True,False
312090,CURVELO,MG,10.390656463954894,10.4,False,False,False,False,False,False
312100,DATAS,MG,8.098891730605287,8.1,False,False,False,False,False,False
312110,DELFIM MOREIRA,MG,3.5187287173666286,3.5,False,False,False,False,False,False
312120,DELFINOPOLIS,MG,5.0,5.0,False,False,False,False,False,False
312125,DELTA,MG,11.065573770491802,11.1,True,True,False,False,False,False
312130,DESCOBERTO,MG,8.552631578947368,8.6,False,False,False,False,False,False
312140,DESTERRO DE ENTRE RIOS,MG,4.455445544554455,4.5,False,False,False,False,False,False
312150,DESTERRO DO MELO,MG,9.018567639257293,9.0,False,False,False,False,False,False
312160,DIAMANTINA,MG,8.80294014700735,8.8,False,False,False,False,False,False
312170,DIOGO DE VASCONCELOS,MG,3.131991051454139,3.1,False,False,False,False,False,False
312180,DIONISIO,MG,12.448132780082988,12.4,True,True,False,False,False,False
312190,DIVINESIA,MG,9.461966604823747,9.5,False,False,False,False,False,False
312200,DIVINO,MG,4.040404040404041,4.0,False,False,False,False,False,False
312210,DIVINO DAS LARANJEIRAS,MG,8.04733727810651,8.0,False,False,False,False,False,False
312220,DIVINOLANDIA DE MINAS,MG,6.500541711809317,6.5,False,False,False,False,False,False
312230,DIVINOPOLIS,MG,8.302608220674587,8.3,False,False,False,False,False,False
312235,DIVISA ALEGRE,MG,9.175531914893616,9.2,False,False,False,False,False,False
312240,DIVISA NOVA,MG,5.172413793103448,5.2,False,False,False,False,False,False
312245,DIVISOPOLIS,MG,19.45137157107232,19.5,True,True,False,False,False,False
312247,DOM BOSCO,MG,5.399568034557236,5.4,False,False,False,False,False,False
312250,DOM CAVATI,MG,8.747044917257684,8.7,False,False,False,False,False,False
312260,DOM JOAQUIM,MG,9.423076923076923,9.4,False,False,False,False,False,False
312270,DOM SILVERIO,MG,13.783403656821378,13.8,True,True,False,False,False,False
312280,DOM VICOSO,MG,2.364864864864865,2.4,False,False,False,False,False,False
312290,DONA EUSEBIA,MG,5.756578947368421,5.8,False,False,False,False,False,False
312300,DORES DE CAMPOS,MG,3.063725490196078,3.1,False,False,False,False,False,False
312310,DORES DE GUANHAES,MG,7.443365695792881,7.4,False,False,False,False,False,False
312320,DORES DO INDAIA,MG,8.283002588438308,8.3,False,False,False,False,False,False
312330,DORES DO TURVO,MG,6.560636182902585,6.6,False,False,False,False,False,False
312340,DORESOPOLIS,MG,7.142857142857142,7.1,False,False,False,False,False,False
312350,DOURADOQUARA,MG,9.401709401709402,9.4,False,False,False,False,False,False
312352,DURANDE,MG,3.7940379403794036,3.8,False,False,False,False,False,False
312360,ELOI MENDES,MG,4.314606741573034,4.3,False,False,False,False,False,False
312370,ENGENHEIRO CALDAS,MG,10.793650793650794,10.8,False,False,False,False,False,False
312380,ENGENHEIRO NAVARRO,MG,13.661202185792352,13.7,True,True,False,False,False,False
312385,ENTRE FOLHAS,MG,8.00561797752809,8.0,False,False,False,False,False,False
312390,ENTRE RIOS DE MINAS,MG,5.980861244019139,6.0,False,False,False,False,False,False
312400,ERVALIA,MG,5.137289636846766,5.1,False,False,False,False,False,False
312410,ESMERALDAS,MG,11.252653927813164,11.3,True,True,False,False,False,False
312420,ESPERA FELIZ,MG,6.6950959488272925,6.7,False,False,False,False,False,False
312430,ESPINOSA,MG,5.77985550361241,5.8,False,False,False,False,False,False
312440,ESPIRITO SANTO DO DOURADO,MG,3.6363636363636362,3.6,False,False,False,False,False,False
312450,ESTIVA,MG,3.3057851239669422,3.3,False,False,False,False,False,False
312460,ESTRELA DALVA,MG,5.934718100890208,5.9,False,False,False,False,False,False
312470,ESTRELA DO INDAIA,MG,8.992805755395683,9.0,False,False,False,False,False,False
312480,ESTRELA DO SUL,MG,7.960199004975125,8.0,False,False,False,False,False,False
312490,EUGENOPOLIS,MG,7.217125382262997,7.2,False,False,False,False,False,False
312500,EWBANK DA CAMARA,MG,12.520868113522537,12.5,True,True,False,False,False,False
312510,EXTREMA,MG,3.184878301398239,3.2,False,False,False,False,False,False
312520,FAMA,MG,4.597701149425287,4.6,False,False,False,False,False,False
312530,FARIA LEMOS,MG,14.6218487394958,14.6,True,True,False,False,False,False
312540,FELICIO DOS SANTOS,MG,3.9301310043668125,3.9,False,False,False,False,False,False
312550,SAO GONCALO DO RIO PRETO,MG,9.486166007905137,9.5,False,False,False,False,False,False
312560,FELISBURGO,MG,6.180811808118081,6.2,False,False,False,False,False,False
312570,FELIXLANDIA,MG,7.536557930258718,7.5,False,False,False,False,False,False
312580,FERNANDES TOURINHO,MG,4.624277456647398,4.6,False,False,False,False,False,False
312590,FERROS,MG,5.605381165919283,5.6,False,False,False,False,False,False
312595,FERVEDOURO,MG,8.687615526802219,8.7,False,False,False,False,False,False
312600,FLORESTAL,MG,9.558823529411764,9.6,False,False,False,False,False,False
312610,FORMIGA,MG,4.670396497202627,4.7,False,False,False,False,False,False
312620,FORMOSO,MG,5.385029617662897,5.4,False,False,False,False,False,False
312630,FORTALEZA DE MINAS,MG,10.382513661202186,10.4,False,False,False,False,False,False
312640,FORTUNA DE MINAS,MG,7.82122905027933,7.8,False,False,False,False,False,False
312650,FRANCISCO BADARO,MG,8.81924198250729,8.8,False,False,False,False,False,False
312660,FRANCISCO DUMONT,MG,13.375796178343949,13.4,True,True,False,False,False,False
312670,FRANCISCO SA,MG,8.003190640787025,8.0,False,False,False,False,False,False
312675,FRANCISCOPOLIS,MG,6.905710491367861,6.9,False,False,False,False,False,False
312680,FREI GASPAR,MG,11.328527291452112,11.3,True,True,False,True,True,False
312690,FREI INOCENCIO,MG,11.457233368532208,11.5,True,True,False,False,False,False
312695,FREI LAGONEGRO,MG,5.737704918032787,5.7,False,False,False,False,False,False
312700,FRONTEIRA,MG,8.036292935839274,8.0,False,False,False,False,False,False
312705,FRONTEIRA DOS VALES,MG,25.478927203065133,25.5,True,True,False,True,True,False
312707,FRUTA DE LEITE,MG,6.122448979591836,6.1,False,False,False,False,False,False
312710,FRUTAL,MG,5.845272206303725,5.8,False,False,False,False,False,False
312720,FUNILANDIA,MG,14.646464646464647,14.6,True,True,False,False,False,False
312730,GALILEIA,MG,11.356119073869902,11.4,True,True,False,False,False,False
312733,GAMELEIRAS,MG,5.8984910836762685,5.9,False,False,False,False,False,False
312735,GLAUCILANDIA,MG,7.491289198606271,7.5,False,False,False,False,False,False
312737,GOIABEIRA,MG,8.740359897172237,8.7,False,False,False,False,False,False
312738,GOIANA,MG,7.6923076923076925,7.7,False,False,False,False,False,False
312740,GONCALVES,MG,2.112676056338028,2.1,False,False,False,False,False,False
312750,GONZAGA,MG,8.091286307053942,8.1,False,False,False,False,False,False
312760,GOUVEIA,MG,4.057017543859649,4.1,False,False,False,False,False,False
312770,GOVERNADOR VALADARES,MG,9.939117199391172,9.9,False,False,False,False,False,False
312780,GRAO MOGOL,MG,6.226516371443908,6.2,False,False,False,False,False,False
312790,GRUPIARA,MG,6.862745098039216,6.9,False,False,False,False,False,False
312800,GUANHAES,MG,16.548223350253807,16.5,True,True,False,False,False,False
312810,GUAPE,MG,2.371541501976284,2.4,False,False,False,False,False,False
312820,GUARACIABA,MG,8.04710500490677,8.0,False,False,False,False,False,False
312825,GUARACIAMA,MG,9.833333333333332,9.8,False,False,False,False,False,False
312830,GUARANESIA,MG,3.626595030221625,3.6,False,False,False,False,False,False
312840,GUARANI,MG,8.284600389863547,8.3,False,False,False,False,False,False
312850,GUARARA,MG,12.892561983471074,12.9,True,True,False,False,False,False
312860,GUARDA-MOR,MG,6.259780907668231,6.3,False,False,False,False,False,False
312870,GUAXUPE,MG,6.216610004856726,6.2,False,False,False,False,False,False
312880,GUIDOVAL,MG,10.141313383208644,10.1,False,False,False,False,False,False
312890,GUIMARANIA,MG,7.84452296819788,7.8,False,False,False,False,False,False
312900,GUIRICEMA,MG,7.462686567164178,7.5,False,False,False,False,False,False
312910,GURINHATA,MG,5.626598465473146,5.6,False,False,False,False,False,False
312920,HELIODORA,MG,4.180064308681672,4.2,False,False,False,False,False,False
312930,IAPU,MG,4.815864022662889,4.8,False,False,False,False,False,False
312940,IBERTIOGA,MG,5.772811918063315,5.8,False,False,False,False,False,False
312950,IBIA,MG,6.823394495412844,6.8,False,False,False,False,False,False
312960,IBIAI,MG,5.757307351638618,5.8,False,False,False,False,False,False
312965,IBIRACATU,MG,4.382929642445213,4.4,False,False,False,False,False,False
312970,IBIRACI,MG,5.220061412487206,5.2,False,False,False,False,False,False
312980,IBIRITE,MG,7.273122014763351,7.3,False,False,False,False,False,False
312990,IBITIURA DE MINAS,MG,3.0303030303030303,3.0,False,False,False,False,False,False
313000,IBITURUNA,MG,10.0,10.0,False,False,False,False,False,False
313005,ICARAI DE MINAS,MG,3.1799729364005414,3.2,False,False,False,False,False,False
313010,IGARAPE,MG,11.311427740622273,11.3,True,True,False,False,False,False
313020,IGARATINGA,MG,4.4609665427509295,4.5,False,False,False,False,False,False
313030,IGUATAMA,MG,2.3255813953488373,2.3,False,False,False,False,False,False
313040,IJACI,MG,15.037593984962406,15.0,True,True,False,False,False,False
313050,ILICINEA,MG,3.8353601496725913,3.8,False,False,False,False,False,False
313055,IMBE DE MINAS,MG,4.211663066954643,4.2,False,False,False,False,False,False
313060,INCONFIDENTES,MG,4.885343968095713,4.9,False,False,False,False,False,False
313065,INDAIABIRA,MG,6.947524020694752,6.9,False,False,False,False,False,False
313070,INDIANOPOLIS,MG,5.365853658536586,5.4,False,False,False,False,False,False
313080,INGAI,MG,7.0588235294117645,7.1,False,False,False,False,False,False
313090,INHAPIM,MG,6.460256028579934,6.5,False,False,False,False,False,False
313100,INHAUMA,MG,9.98766954377312,10.0,False,False,False,False,False,False
313110,INIMUTABA,MG,6.8277310924369745,6.8,False,False,False,False,False,False
313115,IPABA,MG,11.355311355311356,11.4,True,True,False,False,False,False
313120,IPANEMA,MG,3.387803905938621,3.4,False,False,False,False,False,False
313130,IPATINGA,MG,12.337507453786523,12.3,True,True,False,False,False,False
313140,IPIACU,MG,9.5703125,9.6,False,False,False,False,False,False
313150,IPUIUNA,MG,1.8539976825028968,1.9,False,False,False,False,False,False
313160,IRAI DE MINAS,MG,7.533234859675036,7.5,False,False,False,False,False,False
313170,ITABIRA,MG,9.941820670773442,9.9,False,False,False,False,False,False
313180,ITABIRINHA,MG,8.01418439716312,8.0,False,False,False,False,False,False
313190,ITABIRITO,MG,6.728820429671665,6.7,False,False,False,False,False,False
313200,ITACAMBIRA,MG,4.545454545454546,4.5,False,False,False,False,False,False
313210,ITACARAMBI,MG,13.775334936447955,13.8,True,True,False,False,False,False
313220,ITAGUARA,MG,6.679960119641076,6.7,False,False,False,False,False,False
313230,ITAIPE,MG,8.26086956521739,8.3,False,False,False,False,False,False
313240,ITAJUBA,MG,7.3502265480785365,7.4,False,False,False,False,False,False
313250,ITAMARANDIBA,MG,7.910656119125174,7.9,False,False,False,False,False,False
313260,ITAMARATI DE MINAS,MG,8.753315649867375,8.8,False,False,False,False,False,False
313270,ITAMBACURI,MG,7.760381211708646,7.8,False,False,False,False,False,False
313280,ITAMBE DO MATO DENTRO,MG,8.661417322834646,8.7,False,False,False,False,False,False
313290,ITAMOGI,MG,2.373247033441208,2.4,False,False,False,False,False,False
313300,ITAMONTE,MG,3.930817610062893,3.9,False,False,False,False,False,False
313310,ITANHANDU,MG,6.128133704735376,6.1,False,False,False,False,False,False
313320,ITANHOMI,MG,6.077348066298343,6.1,False,False,False,False,False,False
313330,ITAOBIM,MG,7.80399274047187,7.8,False,False,False,False,False,False
313340,ITAPAGIPE,MG,8.955223880597014,9.0,False,False,False,False,False,False
313350,ITAPECERICA,MG,5.827650340979542,5.8,False,False,False,False,False,False
313360,ITAPEVA,MG,4.039301310043668,4.0,False,False,False,False,False,False
313370,ITATIAIUCU,MG,6.521739130434782,6.5,False,False,False,False,False,False
313375,ITAU DE MINAS,MG,3.8944723618090453,3.9,False,False,False,False,False,False
313380,ITAUNA,MG,7.173114939282689,7.2,False,False,False,False,False,False
313390,ITAVERAVA,MG,6.084243369734789,6.1,False,False,False,False,False,False
313400,ITINGA,MG,10.894181960171807,10.9,False,False,False,False,False,False
313410,ITUETA,MG,5.657492354740061,5.7,False,False,False,False,False,False
313420,ITUIUTABA,MG,6.940700808625337,6.9,False,False,False,False,False,False
313430,ITUMIRIM,MG,9.335443037974683,9.3,False,False,False,False,False,False
313440,ITURAMA,MG,10.088365243004418,10.1,False,False,False,False,False,False
313450,ITUTINGA,MG,8.095238095238095,8.1,False,False,False,False,False,False
313460,JABOTICATUBAS,MG,9.823321554770319,9.8,False,False,False,False,False,False
313470,JACINTO,MG,14.822546972860126,14.8,True,True,False,False,False,False
313480,JACUI,MG,3.1137724550898205,3.1,False,False,False,False,False,False
313490,JACUTINGA,MG,2.0325203252032518,2.0,False,False,False,False,False,False
313500,JAGUARACU,MG,5.813953488372093,5.8,False,False,False,False,False,False
313505,JAIBA,MG,6.860801951517,6.9,False,False,False,False,False,False
313507,JAMPRUCA,MG,11.838440111420613,11.8,True,True,False,False,False,False
313510,JANAUBA,MG,8.552777163089178,8.6,False,False,False,False,False,False
313520,JANUARIA,MG,12.634692583984789,12.6,True,True,False,False,False,False
313530,JAPARAIBA,MG,4.761904761904762,4.8,False,False,False,False,False,False
313535,JAPONVAR,MG,5.078929306794784,5.1,False,False,False,False,False,False
313540,JECEABA,MG,10.022271714922049,10.0,False,False,False,False,False,False
313545,JENIPAPO DE MINAS,MG,4.7556142668428,4.8,False,False,False,False,False,False
313550,JEQUERI,MG,10.136815920398009,10.1,False,False,False,False,False,False
313560,JEQUITAI,MG,21.851385390428213,21.9,True,True,False,False,False,False
313570,JEQUITIBA,MG,4.573170731707317,4.6,False,False,False,False,False,False
313580,JEQUITINHONHA,MG,15.45217184903869,15.5,True,True,False,False,False,False
313590,JESUANIA,MG,4.465334900117509,4.5,False,False,False,False,False,False
313600,JOAIMA,MG,16.491563196434257,16.5,True,True,False,True,True,False
313610,JOANESIA,MG,5.834683954619125,5.8,False,False,False,False,False,False
313620,JOAO MONLEVADE,MG,13.915857605177994,13.9,True,True,False,False,False,False
313630,JOAO PINHEIRO,MG,8.737270875763748,8.7,False,False,False,False,False,False
313640,JOAQUIM FELICIO,MG,12.658227848101266,12.7,True,True,False,False,False,False
313650,JORDANIA,MG,6.58882402001668,6.6,False,False,False,False,False,False
313652,JOSE GONCALVES DE MINAS,MG,5.295315682281059,5.3,False,False,False,False,False,False
313655,JOSE RAYDAN,MG,3.7459283387622153,3.7,False,False,False,False,False,False
313657,JOSENOPOLIS,MG,9.075342465753424,9.1,False,False,False,False,False,False
313660,NOVA UNIAO,MG,6.549520766773163,6.5,False,False,False,False,False,False
313665,JUATUBA,MG,12.00833550403751,12.0,True,True,False,False,False,False
313670,JUIZ DE FORA,MG,9.720545109539417,9.7,False,False,False,False,False,False
313680,JURAMENTO,MG,13.195342820181114,13.2,True,True,False,False,False,False
313690,JURUAIA,MG,3.821656050955414,3.8,False,False,False,False,False,False
313695,JUVENILIA,MG,4.429133858267717,4.4,False,False,False,False,False,False
313700,LADAINHA,MG,5.2109181141439205,5.2,False,False,False,False,False,False
313710,LAGAMAR,MG,7.017543859649122,7.0,False,False,False,False,False,False
313720,LAGOA DA PRATA,MG,9.071274298056156,9.1,False,False,False,False,False,False
313730,LAGOA DOS PATOS,MG,9.057971014492754,9.1,False,False,False,False,False,False
313740,LAGOA DOURADA,MG,6.796874999999999,6.8,False,False,False,False,False,False
313750,LAGOA FORMOSA,MG,6.765463917525773,6.8,False,False,False,False,False,False
313753,LAGOA GRANDE,MG,5.6304520222046,5.6,False,False,False,False,False,False
313760,LAGOA SANTA,MG,9.92485099766779,9.9,False,False,False,False,False,False
313770,LAJINHA,MG,3.4586466165413534,3.5,False,False,False,False,False,False
313780,LAMBARI,MG,5.222929936305733,5.2,False,False,False,False,False,False
313790,LAMIM,MG,8.847184986595174,8.8,False,False,False,False,False,False
313800,LARANJAL,MG,7.531380753138076,7.5,False,False,False,False,False,False
313810,LASSANCE,MG,9.986772486772487,10.0,False,False,False,False,False,False
313820,LAVRAS,MG,7.833563315996178,7.8,False,False,False,False,False,False
313830,LEANDRO FERREIRA,MG,7.191780821917808,7.2,False,False,False,False,False,False
313835,LEME DO PRADO,MG,13.489208633093524,13.5,True,True,False,False,False,False
313840,LEOPOLDINA,MG,8.021877848678214,8.0,False,False,False,False,False,False
313850,LIBERDADE,MG,5.901116427432217,5.9,False,False,False,False,False,False
313860,LIMA DUARTE,MG,8.772727272727272,8.8,False,False,False,False,False,False
313862,LIMEIRA DO OESTE,MG,4.899497487437186,4.9,False,False,False,False,False,False
313865,LONTRA,MG,7.24200362100181,7.2,False,False,False,False,False,False
313867,LUISBURGO,MG,3.6390101892285296,3.6,False,False,False,False,False,False
313868,LUISLANDIA,MG,3.62381363244176,3.6,False,False,False,False,False,False
313870,LUMINARIAS,MG,5.955334987593052,6.0,False,False,False,False,False,False
313880,LUZ,MG,9.226770630279402,9.2,False,False,False,False,False,False
313890,MACHACALIS,MG,20.956399437412095,21.0,True,True,False,False,False,False
313900,MACHADO,MG,4.209690230341541,4.2,False,False,False,False,False,False
313910,MADRE DE DEUS DE MINAS,MG,3.051643192488263,3.1,False,False,False,False,False,False
313920,MALACACHETA,MG,7.239552678045909,7.2,False,False,False,False,False,False
313925,MAMONAS,MG,5.615292712066906,5.6,False,False,False,False,False,False
313930,MANGA,MG,10.337015009912207,10.3,False,False,False,False,False,False
313940,MANHUACU,MG,6.666666666666667,6.7,False,False,False,False,False,False
313950,MANHUMIRIM,MG,9.868421052631579,9.9,False,False,False,False,False,False
313960,MANTENA,MG,10.750945434900053,10.8,False,False,False,False,False,False
313970,MARAVILHAS,MG,5.8171745152354575,5.8,False,False,False,False,False,False
313980,MAR DE ESPANHA,MG,5.577689243027888,5.6,False,False,False,False,False,False
313990,MARIA DA FE,MG,4.334554334554334,4.3,False,False,False,False,False,False
314000,MARIANA,MG,10.768469656992083,10.8,False,False,False,False,False,False
314010,MARILAC,MG,17.288557213930346,17.3,True,True,False,False,False,False
314015,MARIO CAMPOS,MG,11.004431314623337,11.0,True,True,False,False,False,False
314020,MARIPA DE MINAS,MG,4.102564102564102,4.1,False,False,False,False,False,False
314030,MARLIERIA,MG,6.613226452905812,6.6,False,False,False,False,False,False
314040,MARMELOPOLIS,MG,2.8268551236749118,2.8,False,False,False,False,False,False
314050,MARTINHO CAMPOS,MG,9.932785660941,9.9,False,False,False,False,False,False
314053,MARTINS SOARES,MG,6.144256455921639,6.1,False,False,False,False,False,False
314055,MATA VERDE,MG,9.659485753995831,9.7,False,False,False,False,False,False
314060,MATERLANDIA,MG,5.140758873929008,5.1,False,False,False,False,False,False
314070,MATEUS LEME,MG,14.073818558123492,14.1,True,True,False,False,False,False
314080,MATIAS BARBOSA,MG,11.448066717210008,11.4,True,True,False,False,False,False
314085,MATIAS CARDOSO,MG,7.095709570957095,7.1,False,False,False,False,False,False
314090,MATIPO,MG,6.170886075949367,6.2,False,False,False,False,False,False
314100,MATO VERDE,MG,5.257393209200438,5.3,False,False,False,False,False,False
314110,MATOZINHOS,MG,7.920000000000001,7.9,False,False,False,False,False,False
314120,MATUTINA,MG,3.3834586466165413,3.4,False,False,False,False,False,False
314130,MEDEIROS,MG,5.555555555555555,5.6,False,False,False,False,False,False
314140,MEDINA,MG,8.155270655270655,8.2,False,False,False,False,False,False
314150,MENDES PIMENTEL,MG,9.370988446726573,9.4,False,False,False,False,False,False
314160,MERCES,MG,7.021604938271605,7.0,False,False,False,False,False,False
314170,MESQUITA,MG,6.782945736434108,6.8,False,False,False,False,False,False
314180,MINAS NOVAS,MG,5.163224516988675,5.2,False,False,False,False,False,False
314190,MINDURI,MG,6.306306306306306,6.3,False,False,False,False,False,False
314200,MIRABELA,MG,9.759547383309759,9.8,False,False,False,False,False,False
314210,MIRADOURO,MG,8.498253783469151,8.5,False,False,False,False,False,False
314220,MIRAI,MG,7.387247278382582,7.4,False,False,False,False,False,False
314225,MIRAVANIA,MG,6.521739130434782,6.5,False,False,False,False,False,False
314230,MOEDA,MG,4.5787545787545785,4.6,False,False,False,False,False,False
314240,MOEMA,MG,5.936920222634509,5.9,False,False,False,False,False,False
314250,MONJOLOS,MG,10.869565217391305,10.9,False,False,False,False,False,False
314260,MONSENHOR PAULO,MG,3.4482758620689653,3.4,False,False,False,False,False,False
314270,MONTALVANIA,MG,9.82749607945635,9.8,False,False,False,False,False,False
314280,MONTE ALEGRE DE MINAS,MG,8.832951945080092,8.8,False,False,False,False,False,False
314290,MONTE AZUL,MG,9.12906610703043,9.1,False,False,False,False,False,False
314300,MONTE BELO,MG,4.038461538461538,4.0,False,False,False,False,False,False
314310,MONTE CARMELO,MG,5.584997961679576,5.6,False,False,False,False,False,False
314315,MONTE FORMOSO,MG,6.5,6.5,False,False,False,False,False,False
314320,MONTE SANTO DE MINAS,MG,5.315420560747663,5.3,False,False,False,False,False,False
314330,MONTES CLAROS,MG,5.809810907097835,5.8,False,False,False,False,False,False
314340,MONTE SIAO,MG,4.121779859484778,4.1,False,False,False,False,False,False
314345,MONTEZUMA,MG,7.0910556003223215,7.1,False,False,False,False,False,False
314350,MORADA NOVA DE MINAS,MG,4.9079754601226995,4.9,False,False,False,False,False,False
314360,MORRO DA GARCA,MG,6.486486486486487,6.5,False,False,False,False,False,False
314370,MORRO DO PILAR,MG,6.21301775147929,6.2,False,False,False,False,False,False
314380,MUNHOZ,MG,2.527075812274368,2.5,False,False,False,False,False,False
314390,MURIAE,MG,9.662963308748015,9.7,False,False,False,False,False,False
314400,MUTUM,MG,4.341372912801484,4.3,False,False,False,False,False,False
314410,MUZAMBINHO,MG,5.063965884861407,5.1,False,False,False,False,False,False
314420,NACIP RAYDAN,MG,11.585365853658537,11.6,True,True,False,False,False,False
314430,NANUQUE,MG,10.1157523905385,10.1,False,False,False,False,False,False
314435,NAQUE,MG,5.429864253393665,5.4,False,False,False,False,False,False
314437,NATALANDIA,MG,10.895522388059701,10.9,False,False,False,False,False,False
314440,NATERCIA,MG,3.2697547683923704,3.3,False,False,False,False,False,False
314450,NAZARENO,MG,7.903225806451612,7.9,False,False,False,False,False,False
314460,NEPOMUCENO,MG,5.8212058212058215,5.8,False,False,False,False,False,False
314465,NINHEIRA,MG,6.257110352673492,6.3,False,False,False,False,False,False
314467,NOVA BELEM,MG,3.5377358490566038,3.5,False,False,False,False,False,False
314470,NOVA ERA,MG,9.231905465288035,9.2,False,False,False,False,False,False
314480,NOVA LIMA,MG,10.158784360594161,10.2,False,False,False,False,False,False
314490,NOVA MODICA,MG,6.106870229007633,6.1,False,False,False,False,False,False
314500,NOVA PONTE,MG,6.321334503950834,6.3,False,False,False,False,False,False
314505,NOVA PORTEIRINHA,MG,14.119259766963674,14.1,True,True,False,False,False,False
314510,NOVA RESENDE,MG,2.175543885971493,2.2,False,False,False,False,False,False
314520,NOVA SERRANA,MG,4.819032126880845,4.8,False,False,False,False,False,False
314530,NOVO CRUZEIRO,MG,3.2304586097490624,3.2,False,False,False,False,False,False
314535,NOVO ORIENTE DE MINAS,MG,12.890094979647218,12.9,True,True,False,True,True,False
314537,NOVORIZONTE,MG,6.206896551724138,6.2,False,False,False,False,False,False
314540,OLARIA,MG,4.444444444444445,4.4,False,False,False,False,False,False
314545,OLHOS-D'AGUA,MG,12.683438155136267,12.7,True,True,False,False,False,False
314550,OLIMPIO NORONHA,MG,4.085603112840467,4.1,False,False,False,False,False,False
314560,OLIVEIRA,MG,8.959943780744906,9.0,False,False,False,False,False,False
314570,OLIVEIRA FORTES,MG,2.727272727272727,2.7,False,False,False,False,False,False
314580,ONCA DE PITANGUI,MG,7.428571428571429,7.4,False,False,False,False,False,False
314585,ORATORIOS,MG,11.791383219954648,11.8,True,True,False,False,False,False
314587,ORIZANIA,MG,7.7142857142857135,7.7,False,False,False,False,False,False
314590,OURO BRANCO,MG,7.564003103180761,7.6,False,False,False,False,False,False
314600,OURO FINO,MG,5.787545787545787,5.8,False,False,False,False,False,False
314610,OURO PRETO,MG,10.210938958372223,10.2,False,False,False,False,False,False
314620,OURO VERDE DE MINAS,MG,13.748191027496382,13.7,True,True,False,True,True,False
314625,PADRE CARVALHO,MG,11.099691675231243,11.1,True,True,False,False,False,False
314630,PADRE PARAISO,MG,6.350587211831231,6.4,False,False,False,False,False,False
314640,PAINEIRAS,MG,16.432865731462925,16.4,True,True,False,False,False,False
314650,PAINS,MG,5.9259259259259265,5.9,False,False,False,False,False,False
314655,PAI PEDRO,MG,3.3488372093023258,3.3,False,False,False,False,False,False
314660,PAIVA,MG,9.62566844919786,9.6,False,False,False,False,False,False
314670,PALMA,MG,7.822410147991543,7.8,False,False,False,False,False,False
314675,PALMOPOLIS,MG,10.74074074074074,10.7,False,False,False,False,False,False
314690,PAPAGAIOS,MG,5.841121495327103,5.8,False,False,False,False,False,False
314700,PARACATU,MG,9.975493729277787,10.0,False,False,False,False,False,False
314710,PARA DE MINAS,MG,6.23344876756977,6.2,False,False,False,False,False,False
314720,PARAGUACU,MG,3.1578947368421053,3.2,False,False,False,False,False,False
314730,PARAISOPOLIS,MG,4.963041182682154,5.0,False,False,False,False,False,False
314740,PARAOPEBA,MG,8.035714285714286,8.0,False,False,False,False,False,False
314750,PASSABEM,MG,8.21917808219178,8.2,False,False,False,False,False,False
314760,PASSA QUATRO,MG,2.2561863173216885,2.3,False,False,False,False,False,False
314770,PASSA TEMPO,MG,3.7209302325581395,3.7,False,False,False,False,False,False
314780,PASSA VINTE,MG,4.721030042918455,4.7,False,False,False,False,False,False
314790,PASSOS,MG,6.4111799452528455,6.4,False,False,False,False,False,False
314795,PATIS,MG,8.227114716106605,8.2,False,False,False,False,False,False
314800,PATOS DE MINAS,MG,7.262634439690066,7.3,False,False,False,False,False,False
314810,PATROCINIO,MG,4.01556420233463,4.0,False,False,False,False,False,False
314820,PATROCINIO DO MURIAE,MG,11.477761836441895,11.5,True,True,False,False,False,False
314830,PAULA CANDIDO,MG,7.482014388489208,7.5,False,False,False,False,False,False
314840,PAULISTAS,MG,5.701078582434515,5.7,False,False,False,False,False,False
314850,PAVAO,MG,23.74020156774916,23.7,True,True,False,False,False,False
314860,PECANHA,MG,10.771641206423816,10.8,False,False,False,False,False,False
314870,PEDRA AZUL,MG,12.163892445582587,12.2,True,True,False,False,False,False
314875,PEDRA BONITA,MG,2.1238938053097343,2.1,False,False,False,False,False,False
314880,PEDRA DO ANTA,MG,4.456824512534819,4.5,False,False,False,False,False,False
314890,PEDRA DO INDAIA,MG,3.8135593220338984,3.8,False,False,False,False,False,False
314900,PEDRA DOURADA,MG,7.952286282306163,8.0,False,False,False,False,False,False
314910,PEDRALVA,MG,2.070750647109577,2.1,False,False,False,False,False,False
314915,PEDRAS DE MARIA DA CRUZ,MG,4.658901830282862,4.7,False,False,False,False,False,False
314920,PEDRINOPOLIS,MG,12.741312741312742,12.7,True,True,False,False,False,False
314930,PEDRO LEOPOLDO,MG,10.305123776626367,10.3,False,False,False,False,False,False
314940,PEDRO TEIXEIRA,MG,7.2727272727272725,7.3,False,False,False,False,False,False
314950,PEQUERI,MG,10.236220472440944,10.2,False,False,False,False,False,False
314960,PEQUI,MG,13.406940063091483,13.4,True,True,False,False,False,False
314970,PERDIGAO,MG,7.749469214437367,7.7,False,False,False,False,False,False
314980,PERDIZES,MG,5.604921394395078,5.6,False,False,False,False,False,False
314990,PERDOES,MG,5.0,5.0,False,False,False,False,False,False
314995,PERIQUITO,MG,10.299295774647888,10.3,False,False,False,False,False,False
315000,PESCADOR,MG,12.355848434925864,12.4,True,True,False,False,False,False
315010,PIAU,MG,8.455882352941178,8.5,False,False,False,False,False,False
315015,PIEDADE DE CARATINGA,MG,7.840122982321292,7.8,False,False,False,False,False,False
315020,PIEDADE DE PONTE NOVA,MG,9.502262443438914,9.5,False,False,False,False,False,False
315030,PIEDADE DO RIO GRANDE,MG,8.83054892601432,8.8,False,False,False,False,False,False
315040,PIEDADE DOS GERAIS,MG,5.405405405405405,5.4,False,False,False,False,False,False
315050,PIMENTA,MG,5.066079295154185,5.1,False,False,False,False,False,False
315053,PINGO-D'AGUA,MG,6.10079575596817,6.1,False,False,False,False,False,False
315057,PINTOPOLIS,MG,5.218068535825545,5.2,False,False,False,False,False,False
315060,PIRACEMA,MG,4.028436018957346,4.0,False,False,False,False,False,False
315070,PIRAJUBA,MG,8.547008547008547,8.5,False,False,False,False,False,False
315080,PIRANGA,MG,6.100536847242558,6.1,False,False,False,False,False,False
315090,PIRANGUCU,MG,3.642987249544627,3.6,False,False,False,False,False,False
315100,PIRANGUINHO,MG,4.45859872611465,4.5,False,False,False,False,False,False
315110,PIRAPETINGA,MG,8.8782562466773,8.9,False,False,False,False,False,False
315120,PIRAPORA,MG,7.074626865671642,7.1,False,False,False,False,False,False
315130,PIRAUBA,MG,6.224066390041494,6.2,False,False,False,False,False,False
315140,PITANGUI,MG,8.906525573192239,8.9,False,False,False,False,False,False
315150,PIUMHI,MG,3.5583638177585635,3.6,False,False,False,False,False,False
315160,PLANURA,MG,9.788359788359788,9.8,False,False,False,False,False,False
315170,POCO FUNDO,MG,2.7426160337552745,2.7,False,False,False,False,False,False
315180,POCOS DE CALDAS,MG,5.502802882965336,5.5,False,False,False,False,False,False
315190,POCRANE,MG,8.83977900552486,8.8,False,False,False,False,False,False
315200,POMPEU,MG,4.9281984334203655,4.9,False,False,False,False,False,False
315210,PONTE NOVA,MG,7.6165803108808285,7.6,False,False,False,False,False,False
315213,PONTO CHIQUE,MG,10.141987829614605,10.1,False,False,False,False,False,False
315217,PONTO DOS VOLANTES,MG,5.7673509286412505,5.8,False,False,False,False,False,False
315220,PORTEIRINHA,MG,5.746356173563411,5.7,False,False,False,False,False,False
315230,PORTO FIRME,MG,7.594316511513964,7.6,False,False,False,False,False,False
315240,POTE,MG,9.642207398423288,9.6,False,False,False,False,False,False
315250,POUSO ALEGRE,MG,5.194505367655546,5.2,False,False,False,False,False,False
315260,POUSO ALTO,MG,4.183266932270916,4.2,False,False,False,False,False,False
315270,PRADOS,MG,5.852417302798982,5.9,False,False,False,False,False,False
315280,PRATA,MG,6.421152030217186,6.4,False,False,False,False,False,False
315290,PRATAPOLIS,MG,3.697996918335902,3.7,False,False,False,False,False,False
315300,PRATINHA,MG,5.089820359281437,5.1,False,False,False,False,False,False
315310,PRESIDENTE BERNARDES,MG,4.545454545454546,4.5,False,False,False,False,False,False
315320,PRESIDENTE JUSCELINO,MG,6.091370558375635,6.1,False,False,False,False,False,False
315330,PRESIDENTE KUBITSCHEK,MG,6.70391061452514,6.7,False,False,False,False,False,False
315340,PRESIDENTE OLEGARIO,MG,4.636973764490543,4.6,False,False,False,False,False,False
315350,ALTO JEQUITIBA,MG,8.00405268490375,8.0,False,False,False,False,False,False
315360,PRUDENTE DE MORAIS,MG,10.313075506445673,10.3,False,False,False,False,False,False
315370,QUARTEL GERAL,MG,6.321839080459771,6.3,False,False,False,False,False,False
315380,QUELUZITO,MG,5.555555555555555,5.6,False,False,False,False,False,False
315390,RAPOSOS,MG,15.10673234811166,15.1,True,True,False,False,False,False
315400,RAUL SOARES,MG,9.916132215096201,9.9,False,False,False,False,False,False
315410,RECREIO,MG,9.452296819787986,9.5,False,False,False,False,False,False
315415,REDUTO,MG,6.847935548841893,6.8,False,False,False,False,False,False
315420,RESENDE COSTA,MG,4.172461752433936,4.2,False,False,False,False,False,False
315430,RESPLENDOR,MG,4.81685900652283,4.8,False,False,False,False,False,False
315440,RESSAQUINHA,MG,5.50098231827112,5.5,False,False,False,False,False,False
315445,RIACHINHO,MG,7.576953433307025,7.6,False,False,False,False,False,False
315450,RIACHO DOS MACHADOS,MG,2.708978328173375,2.7,False,False,False,False,False,False
315460,RIBEIRAO DAS NEVES,MG,16.270735203768176,16.3,True,True,False,False,False,False
315470,RIBEIRAO VERMELHO,MG,4.3478260869565215,4.3,False,False,False,False,False,False
315480,RIO ACIMA,MG,9.272183449651047,9.3,False,False,False,False,False,False
315490,RIO CASCA,MG,7.643678160919539,7.6,False,False,False,False,False,False
315500,RIO DOCE,MG,12.20159151193634,12.2,True,True,False,False,False,False
315510,RIO DO PRADO,MG,14.891179839633448,14.9,True,True,False,False,False,False
315520,RIO ESPERA,MG,11.058823529411764,11.1,True,True,False,False,False,False
315530,RIO MANSO,MG,10.90146750524109,10.9,False,False,False,False,False,False
315540,RIO NOVO,MG,5.615292712066906,5.6,False,False,False,False,False,False
315550,RIO PARANAIBA,MG,3.737373737373737,3.7,False,False,False,False,False,False
315560,RIO PARDO DE MINAS,MG,6.008044243338361,6.0,False,False,False,False,False,False
315570,RIO PIRACICABA,MG,9.779367918902802,9.8,False,False,False,False,False,False
315580,RIO POMBA,MG,12.048192771084338,12.0,True,True,False,False,False,False
315590,RIO PRETO,MG,14.271151885830784,14.3,True,True,False,False,False,False
315600,RIO VERMELHO,MG,5.132641291810842,5.1,False,False,False,False,False,False
315610,RITAPOLIS,MG,5.405405405405405,5.4,False,False,False,False,False,False
315620,ROCHEDO DE MINAS,MG,10.030395136778116,10.0,False,False,False,False,False,False
315630,RODEIRO,MG,10.554803788903925,10.6,False,False,False,False,False,False
315640,ROMARIA,MG,5.5813953488372094,5.6,False,False,False,False,False,False
315645,ROSARIO DA LIMEIRA,MG,11.56773211567732,11.6,True,True,False,False,False,False
315650,RUBELITA,MG,8.878183069511355,8.9,False,False,False,False,False,False
315660,RUBIM,MG,7.6,7.6,False,False,False,False,False,False
315670,SABARA,MG,8.679927667269439,8.7,False,False,False,False,False,False
315680,SABINOPOLIS,MG,9.00900900900901,9.0,False,False,False,False,False,False
315690,SACRAMENTO,MG,3.6630036630036633,3.7,False,False,False,False,False,False
315700,SALINAS,MG,13.48531684698609,13.5,True,True,False,False,False,False
315710,SALTO DA DIVISA,MG,6.4947468958930274,6.5,False,False,False,False,False,False
315720,SANTA BARBARA,MG,13.699825479930192,13.7,True,True,False,False,False,False
315725,SANTA BARBARA DO LESTE,MG,4.337899543378995,4.3,False,False,False,False,False,False
315727,SANTA BARBARA DO MONTE VERDE,MG,10.99476439790576,11.0,True,True,False,False,False,False
315730,SANTA BARBARA DO TUGURIO,MG,4.195804195804196,4.2,False,False,False,False,False,False
315733,SANTA CRUZ DE MINAS,MG,9.247027741083222,9.2,False,False,False,False,False,False
315737,SANTA CRUZ DE SALINAS,MG,6.812339331619537,6.8,False,False,False,False,False,False
315740,SANTA CRUZ DO ESCALVADO,MG,6.7761806981519515,6.8,False,False,False,False,False,False
315750,SANTA EFIGENIA DE MINAS,MG,5.855161787365177,5.9,False,False,False,False,False,False
315760,SANTA FE DE MINAS,MG,7.6923076923076925,7.7,False,False,False,False,False,False
315765,SANTA HELENA DE MINAS,MG,17.391304347826086,17.4,True,True,False,True,True,False
315770,SANTA JULIANA,MG,5.775764439411098,5.8,False,False,False,False,False,False
315780,SANTA LUZIA,MG,14.573766165215096,14.6,True,True,False,False,False,False
315790,SANTA MARGARIDA,MG,4.29732868757259,4.3,False,False,False,False,False,False
315800,SANTA MARIA DE ITABIRA,MG,7.6923076923076925,7.7,False,False,False,False,False,False
315810,SANTA MARIA DO SALTO,MG,14.442413162705666,14.4,True,True,False,False,False,False
315820,SANTA MARIA DO SUACUI,MG,7.601351351351352,7.6,False,False,False,False,False,False
315830,SANTANA DA VARGEM,MG,3.117206982543641,3.1,False,False,False,False,False,False
315840,SANTANA DE CATAGUASES,MG,8.316008316008316,8.3,False,False,False,False,False,False
315850,SANTANA DE PIRAPAMA,MG,5.795148247978436,5.8,False,False,False,False,False,False
315860,SANTANA DO DESERTO,MG,5.7251908396946565,5.7,False,False,False,False,False,False
315870,SANTANA DO GARAMBEU,MG,3.515625,3.5,False,False,False,False,False,False
315880,SANTANA DO JACARE,MG,9.15032679738562,9.2,False,False,False,False,False,False
315890,SANTANA DO MANHUACU,MG,9.33852140077821,9.3,False,False,False,False,False,False
315895,SANTANA DO PARAISO,MG,8.987654320987655,9.0,False,False,False,False,False,False
315900,SANTANA DO RIACHO,MG,11.623246492985972,11.6,True,True,False,False,False,False
315910,SANTANA DOS MONTES,MG,11.405835543766578,11.4,True,True,False,False,False,False
315920,SANTA RITA DE CALDAS,MG,3.50109409190372,3.5,False,False,False,False,False,False
315930,SANTA RITA DE JACUTINGA,MG,5.653021442495127,5.7,False,False,False,False,False,False
315935,SANTA RITA DE MINAS,MG,6.151645207439199,6.2,False,False,False,False,False,False
315940,SANTA RITA DE IBITIPOCA,MG,8.488063660477453,8.5,False,False,False,False,False,False
315950,SANTA RITA DO ITUETO,MG,7.030129124820659,7.0,False,False,False,False,False,False
315960,SANTA RITA DO SAPUCAI,MG,5.902777777777778,5.9,False,False,False,False,False,False
315970,SANTA ROSA DA SERRA,MG,2.849002849002849,2.8,False,False,False,False,False,False
315980,SANTA VITORIA,MG,11.217948717948719,11.2,True,True,False,False,False,False
315990,SANTO ANTONIO DO AMPARO,MG,7.951807228915662,8.0,False,False,False,False,False,False
316000,SANTO ANTONIO DO AVENTUREIRO,MG,10.561797752808989,10.6,False,False,False,False,False,False
316010,SANTO ANTONIO DO GRAMA,MG,11.9533527696793,12.0,True,True,False,False,False,False
316020,SANTO ANTONIO DO ITAMBE,MG,6.019417475728155,6.0,False,False,False,False,False,False
316030,SANTO ANTONIO DO JACINTO,MG,4.3329532497149374,4.3,False,False,False,False,False,False
316040,SANTO ANTONIO DO MONTE,MG,5.620253164556962,5.6,False,False,False,False,False,False
316045,SANTO ANTONIO DO RETIRO,MG,6.0263653483992465,6.0,False,False,False,False,False,False
316050,SANTO ANTONIO DO RIO ABAIXO,MG,8.135593220338983,8.1,False,False,False,False,False,False
316060,SANTO HIPOLITO,MG,11.190476190476192,11.2,True,True,False,False,False,False
316070,SANTOS DUMONT,MG,10.639399430494434,10.6,False,False,False,False,False,False
316080,SAO BENTO ABADE,MG,9.666666666666666,9.7,False,False,False,False,False,False
316090,SAO BRAS DO SUACUI,MG,12.941176470588237,12.9,True,True,False,False,False,False
316095,SAO DOMINGOS DAS DORES,MG,6.043956043956044,6.0,False,False,False,False,False,False
316100,SAO DOMINGOS DO PRATA,MG,5.745792222867093,5.7,False,False,False,False,False,False
316105,SAO FELIX DE MINAS,MG,7.506053268765134,7.5,False,False,False,False,False,False
316110,SAO FRANCISCO,MG,7.020408163265306,7.0,False,False,False,False,False,False
316120,SAO FRANCISCO DE PAULA,MG,7.38569753810082,7.4,False,False,False,False,False,False
316130,SAO FRANCISCO DE SALES,MG,7.814992025518341,7.8,False,False,False,False,False,False
316140,SAO FRANCISCO DO GLORIA,MG,7.078313253012049,7.1,False,False,False,False,False,False
316150,SAO GERALDO,MG,5.945121951219512,5.9,False,False,False,False,False,False
316160,SAO GERALDO DA PIEDADE,MG,12.406015037593985,12.4,True,True,False,False,False,False
316165,SAO GERALDO DO BAIXIO,MG,8.210526315789474,8.2,False,False,False,False,False,False
316170,SAO GONCALO DO ABAETE,MG,8.695652173913043,8.7,False,False,False,False,False,False
316180,SAO GONCALO DO PARA,MG,5.294117647058823,5.3,False,False,False,False,False,False
316190,SAO GONCALO DO RIO ABAIXO,MG,6.686260102865541,6.7,False,False,False,False,False,False
316200,SAO GONCALO DO SAPUCAI,MG,6.203007518796992,6.2,False,False,False,False,False,False
316210,SAO GOTARDO,MG,2.8310502283105023,2.8,False,False,False,False,False,False
316220,SAO JOAO BATISTA DO GLORIA,MG,3.8684719535783367,3.9,False,False,False,False,False,False
316225,SAO JOAO DA LAGOA,MG,14.930808448652586,14.9,True,True,False,False,False,False
316230,SAO JOAO DA MATA,MG,8.04289544235925,8.0,False,False,False,False,False,False
316240,SAO JOAO DA PONTE,MG,6.2615669339913635,6.3,False,False,False,False,False,False
316245,SAO JOAO DAS MISSOES,MG,14.87817522032141,14.9,True,True,False,True,True,False
316250,SAO JOAO DEL REI,MG,8.260718020216103,8.3,False,False,False,False,False,False
316255,SAO JOAO DO MANHUACU,MG,2.578397212543554,2.6,False,False,False,False,False,False
316257,SAO JOAO DO MANTENINHA,MG,10.16042780748663,10.2,False,False,False,False,False,False
316260,SAO JOAO DO ORIENTE,MG,11.737451737451737,11.7,True,True,False,False,False,False
316265,SAO JOAO DO PACUI,MG,6.783625730994151,6.8,False,False,False,False,False,False
316270,SAO JOAO DO PARAISO,MG,6.694245957126739,6.7,False,False,False,False,False,False
316280,SAO JOAO EVANGELISTA,MG,9.127248500999334,9.1,False,False,False,False,False,False
316290,SAO JOAO NEPOMUCENO,MG,10.583941605839415,10.6,False,False,False,False,False,False
316292,SAO JOAQUIM DE BICAS,MG,13.190107419435423,13.2,True,True,False,False,False,False
316294,SAO JOSE DA BARRA,MG,3.6163522012578615,3.6,False,False,False,False,False,False
316295,SAO JOSE DA LAPA,MG,11.116412213740459,11.1,True,True,False,False,False,False
316300,SAO JOSE DA SAFIRA,MG,14.545454545454545,14.5,True,True,False,True,True,False
316310,SAO JOSE DA VARGINHA,MG,7.158351409978309,7.2,False,False,False,False,False,False
316320,SAO JOSE DO ALEGRE,MG,5.506607929515418,5.5,False,False,False,False,False,False
316330,SAO JOSE DO DIVINO,MG,14.154411764705882,14.2,True,True,False,False,False,False
316340,SAO JOSE DO GOIABAL,MG,4.834254143646409,4.8,False,False,False,False,False,False
316350,SAO JOSE DO JACURI,MG,6.970849176172369,7.0,False,False,False,False,False,False
316360,SAO JOSE DO MANTIMENTO,MG,8.680555555555555,8.7,False,False,False,False,False,False
316370,SAO LOURENCO,MG,5.49858171503382,5.5,False,False,False,False,False,False
316380,SAO MIGUEL DO ANTA,MG,12.087912087912088,12.1,True,True,False,False,False,False
316390,SAO PEDRO DA UNIAO,MG,2.375296912114014,2.4,False,False,False,False,False,False
316400,SAO PEDRO DOS FERROS,MG,6.972477064220184,7.0,False,False,False,False,False,False
316410,SAO PEDRO DO SUACUI,MG,10.194902548725636,10.2,False,False,False,False,False,False
316420,SAO ROMAO,MG,11.269614835948644,11.3,True,True,False,False,False,False
316430,SAO ROQUE DE MINAS,MG,5.938697318007663,5.9,False,False,False,False,False,False
316440,SAO SEBASTIAO DA BELA VISTA,MG,2.586206896551724,2.6,False,False,False,False,False,False
316443,SAO SEBASTIAO DA VARGEM ALEGRE,MG,5.298013245033113,5.3,False,False,False,False,False,False
316447,SAO SEBASTIAO DO ANTA,MG,12.43680485338726,12.4,True,True,False,False,False,False
316450,SAO SEBASTIAO DO MARANHAO,MG,5.631868131868132,5.6,False,False,False,False,False,False
316460,SAO SEBASTIAO DO OESTE,MG,6.7688378033205625,6.8,False,False,False,False,False,False
316470,SAO SEBASTIAO DO PARAISO,MG,5.543608124253286,5.5,False,False,False,False,False,False
316480,SAO SEBASTIAO DO RIO PRETO,MG,5.673758865248227,5.7,False,False,False,False,False,False
316490,SAO SEBASTIAO DO RIO VERDE,MG,2.803738317757009,2.8,False,False,False,False,False,False
316500,SAO TIAGO,MG,4.847207586933614,4.8,False,False,False,False,False,False
316510,SAO TOMAS DE AQUINO,MG,4.157549234135667,4.2,False,False,False,False,False,False
316520,SAO THOME DAS LETRAS,MG,6.525285481239804,6.5,False,False,False,False,False,False
316530,SAO VICENTE DE MINAS,MG,7.022106631989597,7.0,False,False,False,False,False,False
316540,SAPUCAI-MIRIM,MG,5.1535087719298245,5.2,False,False,False,False,False,False
316550,SARDOA,MG,9.090909090909092,9.1,False,False,False,False,False,False
316553,SARZEDO,MG,9.808781869688385,9.8,False,False,False,False,False,False
316555,SETUBINHA,MG,7.017543859649122,7.0,False,False,False,False,False,False
316556,SEM-PEIXE,MG,10.985915492957748,11.0,True,True,False,False,False,False
316557,SENADOR AMARAL,MG,3.1578947368421053,3.2,False,False,False,False,False,False
316560,SENADOR CORTES,MG,1.9230769230769231,1.9,False,False,False,False,False,False
316570,SENADOR FIRMINO,MG,6.907894736842106,6.9,False,False,False,False,False,False
316580,SENADOR JOSE BENTO,MG,5.298013245033113,5.3,False,False,False,False,False,False
316590,SENADOR MODESTINO GONCALVES,MG,7.83132530120482,7.8,False,False,False,False,False,False
316600,SENHORA DE OLIVEIRA,MG,10.1364522417154,10.1,False,False,False,False,False,False
316610,SENHORA DO PORTO,MG,7.180851063829788,7.2,False,False,False,False,False,False
316620,SENHORA DOS REMEDIOS,MG,4.791666666666667,4.8,False,False,False,False,False,False
316630,SERICITA,MG,11.038430089942764,11.0,True,True,False,False,False,False
316640,SERITINGA,MG,2.013422818791946,2.0,False,False,False,False,False,False
316650,SERRA AZUL DE MINAS,MG,7.929515418502203,7.9,False,False,False,False,False,False
316660,SERRA DA SAUDADE,MG,10.0,10.0,False,False,False,False,False,False
316670,SERRA DOS AIMORES,MG,7.061266874350987,7.1,False,False,False,False,False,False
316680,SERRA DO SALITRE,MG,7.717678100263853,7.7,False,False,False,False,False,False
316690,SERRANIA,MG,2.2598870056497176,2.3,False,False,False,False,False,False
316695,SERRANOPOLIS DE MINAS,MG,9.557109557109557,9.6,False,False,False,False,False,False
316700,SERRANOS,MG,7.612456747404845,7.6,False,False,False,False,False,False
316710,SERRO,MG,9.100101112234581,9.1,False,False,False,False,False,False
316720,SETE LAGOAS,MG,13.65882981565589,13.7,True,True,False,False,False,False
316730,SILVEIRANIA,MG,9.885931558935361,9.9,False,False,False,False,False,False
316740,SILVIANOPOLIS,MG,4.138851802403204,4.1,False,False,False,False,False,False
316750,SIMAO PEREIRA,MG,7.346938775510205,7.3,False,False,False,False,False,False
316760,SIMONESIA,MG,6.788079470198675,6.8,False,False,False,False,False,False
316770,SOBRALIA,MG,7.193229901269394,7.2,False,False,False,False,False,False
316780,SOLEDADE DE MINAS,MG,3.5040431266846364,3.5,False,False,False,False,False,False
316790,TABULEIRO,MG,5.148514851485149,5.1,False,False,False,False,False,False
316800,TAIOBEIRAS,MG,6.768953068592058,6.8,False,False,False,False,False,False
316805,TAPARUBA,MG,12.755102040816327,12.8,True,True,False,False,False,False
316810,TAPIRA,MG,4.696132596685083,4.7,False,False,False,False,False,False
316820,TAPIRAI,MG,4.562737642585551,4.6,False,False,False,False,False,False
316830,TAQUARACU DE MINAS,MG,5.065359477124183,5.1,False,False,False,False,False,False
316840,TARUMIRIM,MG,11.709455228553537,11.7,True,True,False,False,False,False
316850,TEIXEIRAS,MG,6.911447084233262,6.9,False,False,False,False,False,False
316860,TEOFILO OTONI,MG,10.85085085085085,10.9,False,False,False,False,False,False
316870,TIMOTEO,MG,11.319983653453209,11.3,True,True,False,False,False,False
316880,TIRADENTES,MG,3.007518796992481,3.0,False,False,False,False,False,False
316890,TIROS,MG,4.806408544726302,4.8,False,False,False,False,False,False
316900,TOCANTINS,MG,10.922587486744433,10.9,False,False,False,False,False,False
316905,TOCOS DO MOJI,MG,1.3377926421404682,1.3,False,False,False,False,False,False
316910,TOLEDO,MG,3.359173126614987,3.4,False,False,False,False,False,False
316920,TOMBOS,MG,8.627156789197299,8.6,False,False,False,False,False,False
316930,TRES CORACOES,MG,6.497858871718488,6.5,False,False,False,False,False,False
316935,TRES MARIAS,MG,10.050409577819785,10.1,False,False,False,False,False,False
316940,TRES PONTAS,MG,6.4429127959244825,6.4,False,False,False,False,False,False
316950,TUMIRITINGA,MG,12.749762131303521,12.7,True,True,False,False,False,False
316960,TUPACIGUARA,MG,8.661673721914685,8.7,False,False,False,False,False,False
316970,TURMALINA,MG,5.694831321572268,5.7,False,False,False,False,False,False
316980,TURVOLANDIA,MG,2.375296912114014,2.4,False,False,False,False,False,False
316990,UBA,MG,7.025838372732271,7.0,False,False,False,False,False,False
317000,UBAI,MG,6.974410436527847,7.0,False,False,False,False,False,False
317005,UBAPORANGA,MG,3.553719008264463,3.6,False,False,False,False,False,False
317010,UBERABA,MG,7.4018598264994075,7.4,False,False,False,False,False,False
317020,UBERLANDIA,MG,7.506529038676782,7.5,False,False,False,False,False,False
317030,UMBURATIBA,MG,19.865319865319865,19.9,True,True,False,False,False,False
317040,UNAI,MG,5.296756383712905,5.3,False,False,False,False,False,False
317043,UNIAO DE MINAS,MG,7.288135593220339,7.3,False,False,False,False,False,False
317047,URUANA DE MINAS,MG,10.945945945945947,10.9,False,False,False,False,False,False
317050,URUCANIA,MG,7.554417413572343,7.6,False,False,False,False,False,False
317052,URUCUIA,MG,5.480259281084266,5.5,False,False,False,False,False,False
317057,VARGEM ALEGRE,MG,16.629044394281415,16.6,True,True,False,False,False,False
317060,VARGEM BONITA,MG,1.8181818181818181,1.8,False,False,False,False,False,False
317065,VARGEM GRANDE DO RIO PARDO,MG,8.13953488372093,8.1,False,False,False,False,False,False
317070,VARGINHA,MG,6.784227283859908,6.8,False,False,False,False,False,False
317075,VARJAO DE MINAS,MG,9.207459207459207,9.2,False,False,False,False,False,False
317080,VARZEA DA PALMA,MG,11.496688741721854,11.5,True,True,False,False,False,False
317090,VARZELANDIA,MG,4.038660683465654,4.0,False,False,False,False,False,False
317100,VAZANTE,MG,8.489096573208723,8.5,False,False,False,False,False,False
317103,VERDELANDIA,MG,10.262828535669586,10.3,False,False,False,False,False,False
317107,VEREDINHA,MG,6.447688564476886,6.4,False,False,False,False,False,False
317110,VERISSIMO,MG,4.716981132075472,4.7,False,False,False,False,False,False
317115,VERMELHO NOVO,MG,10.372340425531915,10.4,False,False,False,False,False,False
317120,VESPASIANO,MG,14.960058097313,15.0,True,True,False,False,False,False
317130,VICOSA,MG,13.532031517643029,13.5,True,True,False,False,False,False
317140,VIEIRAS,MG,6.4144736842105265,6.4,False,False,False,False,False,False
317150,MATHIAS LOBATO,MG,4.005524861878453,4.0,False,False,False,False,False,False
317160,VIRGEM DA LAPA,MG,7.995618838992333,8.0,False,False,False,False,False,False
317170,VIRGINIA,MG,2.7336860670194003,2.7,False,False,False,False,False,False
317180,VIRGINOPOLIS,MG,3.5053554040895816,3.5,False,False,False,False,False,False
317190,VIRGOLANDIA,MG,4.75,4.8,False,False,False,False,False,False
317200,VISCONDE DO RIO BRANCO,MG,7.863295359822173,7.9,False,False,False,False,False,False
317210,VOLTA GRANDE,MG,10.44776119402985,10.4,False,False,False,False,False,False
317220,WENCESLAU BRAZ,MG,4.568527918781726,4.6,False,False,False,False,False,False
320010,AFONSO CLAUDIO,ES,3.229166666666667,3.2,False,False,False,False,False,False
320013,AGUIA BRANCA,ES,5.2521008403361344,5.3,False,False,False,False,False,False
320016,AGUA DOCE DO NORTE,ES,8.815991799077397,8.8,False,False,False,False,False,False
320020,ALEGRE,ES,9.962242230612837,10.0,False,False,False,False,False,False
320030,ALFREDO CHAVES,ES,5.237633365664403,5.2,False,False,False,False,False,False
320035,ALTO RIO NOVO,ES,8.787878787878787,8.8,False,False,False,False,False,False
320040,ANCHIETA,ES,10.81081081081081,10.8,False,False,False,False,False,False
320050,APIACA,ES,8.190709046454767,8.2,False,False,False,False,False,False
320060,ARACRUZ,ES,7.762777242044358,7.8,False,False,False,False,False,False
320070,ATILIO VIVACQUA,ES,5.910931174089069,5.9,False,False,False,False,False,False
320080,BAIXO GUANDU,ES,11.318242343541945,11.3,True,True,False,False,False,False
320090,BARRA DE SAO FRANCISCO,ES,10.298037315241096,10.3,False,False,False,False,False,False
320100,BOA ESPERANCA,ES,12.266112266112266,12.3,True,True,False,False,False,False
320110,BOM JESUS DO NORTE,ES,7.956600361663653,8.0,False,False,False,False,False,False
320115,BREJETUBA,ES,2.6595744680851063,2.7,False,False,False,False,False,False
320120,CACHOEIRO DE ITAPEMIRIM,ES,10.572165307686946,10.6,False,False,False,False,False,False
320130,CARIACICA,ES,13.504855340874963,13.5,True,True,False,False,False,False
320140,CASTELO,ES,4.337464251668256,4.3,False,False,False,False,False,False
320150,COLATINA,ES,7.7298850574712645,7.7,False,False,False,False,False,False
320160,CONCEICAO DA BARRA,ES,11.978075124939545,12.0,True,True,False,False,False,False
320170,CONCEICAO DO CASTELO,ES,5.177664974619289,5.2,False,False,False,False,False,False
320180,DIVINO DE SAO LOURENCO,ES,4.21455938697318,4.2,False,False,False,False,False,False
320190,DOMINGOS MARTINS,ES,2.852277564921243,2.9,False,False,False,False,False,False
320200,DORES DO RIO PRETO,ES,4.945717732207479,4.9,False,False,False,False,False,False
320210,ECOPORANGA,ES,12.665949049156799,12.7,True,True,False,False,False,False
320220,FUNDAO,ES,11.438183347350716,11.4,True,True,False,False,False,False
320225,GOVERNADOR LINDENBERG,ES,2.725563909774436,2.7,False,False,False,False,False,False
320230,GUACUI,ES,7.79874213836478,7.8,False,False,False,False,False,False
320240,GUARAPARI,ES,7.305055698371894,7.3,False,False,False,False,False,False
320245,IBATIBA,ES,4.452865940312648,4.5,False,False,False,False,False,False
320250,IBIRACU,ES,7.533539731682147,7.5,False,False,False,False,False,False
320255,IBITIRAMA,ES,3.706245710363761,3.7,False,False,False,False,False,False
320260,ICONHA,ES,4.887983706720977,4.9,False,False,False,False,False,False
320265,IRUPI,ES,3.4868421052631575,3.5,False,False,False,False,False,False
320270,ITAGUACU,ES,5.791190864600326,5.8,False,False,False,False,False,False
320280,ITAPEMIRIM,ES,8.577975082342833,8.6,False,False,False,False,False,False
320290,ITARANA,ES,5.063291139240507,5.1,False,False,False,False,False,False
320300,IUNA,ES,6.371963361210672,6.4,False,False,False,False,False,False
320305,JAGUARE,ES,10.178817056396149,10.2,False,False,False,False,False,False
320310,JERONIMO MONTEIRO,ES,7.532467532467532,7.5,False,False,False,False,False,False
320313,JOAO NEIVA,ES,6.284319707138499,6.3,False,False,False,False,False,False
320316,LARANJA DA TERRA,ES,4.56490727532097,4.6,False,False,False,False,False,False
320320,LINHARES,ES,4.9182506978598965,4.9,False,False,False,False,False,False
320330,MANTENOPOLIS,ES,11.235955056179774,11.2,True,True,False,False,False,False
320332,MARATAIZES,ES,11.675824175824175,11.7,True,True,False,False,False,False
320334,MARECHAL FLORIANO,ES,4.700854700854701,4.7,False,False,False,False,False,False
320335,MARILANDIA,ES,6.0606060606060606,6.1,False,False,False,False,False,False
320340,MIMOSO DO SUL,ES,7.670454545454546,7.7,False,False,False,False,False,False
320350,MONTANHA,ES,13.786666666666667,13.8,True,True,False,False,False,False
320360,MUCURICI,ES,15.22491349480969,15.2,True,True,False,False,False,False
320370,MUNIZ FREIRE,ES,6.878908470722001,6.9,False,False,False,False,False,False
320380,MUQUI,ES,10.519395134779751,10.5,False,False,False,False,False,False
320390,NOVA VENECIA,ES,8.00942285041225,8.0,False,False,False,False,False,False
320400,PANCAS,ES,6.555772994129158,6.6,False,False,False,False,False,False
320405,PEDRO CANARIO,ES,12.356147789218655,12.4,True,True,False,False,False,False
320410,PINHEIROS,ES,5.584319526627219,5.6,False,False,False,False,False,False
320420,PIUMA,ES,9.693403530504801,9.7,False,False,False,False,False,False
320425,PONTO BELO,ES,18.159806295399516,18.2,True,True,False,False,False,False
320430,PRESIDENTE KENNEDY,ES,4.9849591749033095,5.0,False,False,False,False,False,False
320435,RIO BANANAL,ES,4.166666666666666,4.2,False,False,False,False,False,False
320440,RIO NOVO DO SUL,ES,6.407322654462242,6.4,False,False,False,False,False,False
320450,SANTA LEOPOLDINA,ES,5.688073394495413,5.7,False,False,False,False,False,False
320455,SANTA MARIA DE JETIBA,ES,2.83203125,2.8,False,False,False,False,False,False
320460,SANTA TERESA,ES,5.02092050209205,5.0,False,False,False,False,False,False
320465,SAO DOMINGOS DO NORTE,ES,8.793103448275861,8.8,False,False,False,False,False,False
320470,SAO GABRIEL DA PALHA,ES,7.2720822986874785,7.3,False,False,False,False,False,False
320480,SAO JOSE DO CALCADO,ES,8.732876712328768,8.7,False,False,False,False,False,False
320490,SAO MATEUS,ES,10.116867259724401,10.1,False,False,False,False,False,False
320495,SAO ROQUE DO CANAA,ES,4.995102840352596,5.0,False,False,False,False,False,False
320500,SERRA,ES,13.008853596202993,13.0,True,True,False,False,False,False
320501,SOORETAMA,ES,4.981473857554549,5.0,False,False,False,False,False,False
320503,VARGEM ALTA,ES,3.8953811908736786,3.9,False,False,False,False,False,False
320506,VENDA NOVA DO IMIGRANTE,ES,2.1923620933521923,2.2,False,False,False,False,False,False
320510,VIANA,ES,7.440633245382585,7.4,False,False,False,False,False,False
320515,VILA PAVAO,ES,7.481060606060606,7.5,False,False,False,False,False,False
320517,VILA VALERIO,ES,5.438477226376614,5.4,False,False,False,False,False,False
320520,VILA VELHA,ES,12.547796337291206,12.5,True,True,False,False,False,False
320530,VITORIA,ES,15.737156511350058,15.7,True,True,False,False,False,False
330010,ANGRA DOS REIS,RJ,12.899256326574287,12.9,True,True,False,False,False,False
330015,APERIBE,RJ,7.739130434782608,7.7,False,False,False,False,False,False
330020,ARARUAMA,RJ,14.201459854014598,14.2,True,True,False,False,False,False
330022,AREAL,RJ,6.090534979423869,6.1,False,False,False,False,False,False
330023,ARMACAO DOS BUZIOS,RJ,12.824278022515909,12.8,True,True,False,False,False,False
330025,ARRAIAL DO CABO,RJ,14.234796168411673,14.2,True,True,False,False,False,False
330030,BARRA DO PIRAI,RJ,12.54793680012272,12.5,True,True,False,False,False,False
330040,BARRA MANSA,RJ,15.740501421555958,15.7,True,True,False,False,False,False
330045,BELFORD ROXO,RJ,22.424385015554336,22.4,True,True,False,False,False,False
330050,BOM JARDIM,RJ,8.32517140058766,8.3,False,False,False,False,False,False
330060,BOM JESUS DO ITABAPOANA,RJ,8.249744114636643,8.2,False,False,False,False,False,False
330070,CABO FRIO,RJ,14.621076805307476,14.6,True,True,False,False,False,False
330080,CACHOEIRAS DE MACACU,RJ,16.079494128274614,16.1,True,True,False,False,False,False
330090,CAMBUCI,RJ,10.53958648512355,10.5,False,False,False,False,False,False
330093,CARAPEBUS,RJ,13.630105553005967,13.6,True,True,False,False,False,False
330095,COMENDADOR LEVY GASPARIAN,RJ,12.646370023419204,12.6,True,True,False,False,False,False
330100,CAMPOS DOS GOYTACAZES,RJ,13.938246121762814,13.9,True,True,False,False,False,False
330110,CANTAGALO,RJ,11.657142857142858,11.7,True,True,False,False,False,False
330115,CARDOSO MOREIRA,RJ,8.582949308755762,8.6,False,False,False,False,False,False
330120,CARMO,RJ,13.0374479889043,13.0,True,True,False,False,False,False
330130,CASIMIRO DE ABREU,RJ,11.372037399434658,11.4,True,True,False,False,False,False
330140,CONCEICAO DE MACABU,RJ,16.83093252463988,16.8,True,True,False,False,False,False
330150,CORDEIRO,RJ,11.22920517560074,11.2,True,True,False,False,False,False
330160,DUAS BARRAS,RJ,9.236947791164658,9.2,False,False,False,False,False,False
330170,DUQUE DE CAXIAS,RJ,16.8167908576961,16.8,True,True,False,False,False,False
330180,ENGENHEIRO PAULO DE FRONTIN,RJ,9.711286089238845,9.7,False,False,False,False,False,False
330185,GUAPIMIRIM,RJ,19.828722002635047,19.8,True,True,False,False,False,False
330187,IGUABA GRANDE,RJ,13.274877650897226,13.3,True,True,False,False,False,False
330190,ITABORAI,RJ,18.243036424854605,18.2,True,True,False,False,False,False
330200,ITAGUAI,RJ,15.14909478168264,15.1,True,True,False,False,False,False
330205,ITALVA,RJ,4.534606205250596,4.5,False,False,False,False,False,False
330210,ITAOCARA,RJ,5.8807514293493055,5.9,False,False,False,False,False,False
330220,ITAPERUNA,RJ,9.414697851121929,9.4,False,False,False,False,False,False
330225,ITATIAIA,RJ,12.51673360107095,12.5,True,True,False,False,False,False
330227,JAPERI,RJ,22.49902685869988,22.5,True,True,False,False,False,False
330230,LAJE DO MURIAE,RJ,9.486166007905137,9.5,False,False,False,False,False,False
330240,MACAE,RJ,15.029942815975506,15.0,True,True,False,False,False,False
330245,MACUCO,RJ,8.093645484949832,8.1,False,False,False,False,False,False
330250,MAGE,RJ,19.311256135052048,19.3,True,True,False,False,False,False
330260,MANGARATIBA,RJ,17.656684666993947,17.7,True,True,False,False,False,False
330270,MARICA,RJ,9.773866628196343,9.8,False,False,False,False,False,False
330280,MENDES,RJ,12.27697536108751,12.3,True,True,False,False,False,False
330285,MESQUITA,RJ,19.54088679335143,19.5,True,True,False,False,False,False
330290,MIGUEL PEREIRA,RJ,15.244891339604283,15.2,True,True,False,False,False,False
330300,MIRACEMA,RJ,14.847991313789361,14.8,True,True,False,False,False,False
330310,NATIVIDADE,RJ,6.148055207026349,6.1,False,False,False,False,False,False
330320,NILOPOLIS,RJ,8.996038264566625,9.0,False,False,False,False,False,False
330330,NITEROI,RJ,19.97867298578199,20.0,True,True,False,False,False,False
330340,NOVA FRIBURGO,RJ,8.2893389015838,8.3,False,False,False,False,False,False
330350,NOVA IGUACU,RJ,20.693738080101717,20.7,True,True,False,False,False,False
330360,PARACAMBI,RJ,15.570370370370371,15.6,True,True,False,False,False,False
330370,PARAIBA DO SUL,RJ,9.575978900385474,9.6,False,False,False,False,False,False
330380,PARATY,RJ,6.9816494410461925,7.0,False,False,False,False,False,False
330385,PATY DO ALFERES,RJ,8.99337330388135,9.0,False,False,False,False,False,False
330390,PETROPOLIS,RJ,11.334933312350003,11.3,True,True,False,False,False,False
330395,PINHEIRAL,RJ,16.87874251497006,16.9,True,True,False,False,False,False
330400,PIRAI,RJ,12.38898756660746,12.4,True,True,False,False,False,False
330410,PORCIUNCULA,RJ,12.835120643431635,12.8,True,True,False,False,False,False
330411,PORTO REAL,RJ,13.347570742124933,13.3,True,True,False,False,False,False
330412,QUATIS,RJ,13.099771515613101,13.1,True,True,False,False,False,False
330414,QUEIMADOS,RJ,19.630460880004176,19.6,True,True,False,False,False,False
330415,QUISSAMA,RJ,8.116767532929869,8.1,False,False,False,False,False,False
330420,RESENDE,RJ,9.435483870967742,9.4,False,False,False,False,False,False
330430,RIO BONITO,RJ,22.81863040077025,22.8,True,True,False,False,False,False
330440,RIO CLARO,RJ,8.141321044546851,8.1,False,False,False,False,False,False
330450,RIO DAS FLORES,RJ,10.35958904109589,10.4,False,False,False,False,False,False
330452,RIO DAS OSTRAS,RJ,13.83845126835781,13.8,True,True,False,False,False,False
330455,RIO DE JANEIRO,RJ,18.740517825050397,18.7,True,True,False,False,False,False
330460,SANTA MARIA MADALENA,RJ,7.628128724672228,7.6,False,False,False,False,False,False
330470,SANTO ANTONIO DE PADUA,RJ,8.836251287332647,8.8,False,False,False,False,False,False
330475,SAO FRANCISCO DE ITABAPOANA,RJ,8.10008481764207,8.1,False,False,False,False,False,False
330480,SAO FIDELIS,RJ,8.498985801217039,8.5,False,False,False,False,False,False
330490,SAO GONCALO,RJ,17.772201344936708,17.8,True,True,False,False,False,False
330500,SAO JOAO DA BARRA,RJ,7.69107771026543,7.7,False,False,False,False,False,False
330510,SAO JOAO DE MERITI,RJ,18.406035665294926,18.4,True,True,False,False,False,False
330513,SAO JOSE DE UBA,RJ,6.007751937984496,6.0,False,False,False,False,False,False
330515,SAO JOSE DO VALE DO RIO PRETO,RJ,4.2220936957779065,4.2,False,False,False,False,False,False
330520,SAO PEDRO DA ALDEIA,RJ,12.282926829268293,12.3,True,True,False,False,False,False
330530,SAO SEBASTIAO DO ALTO,RJ,7.156133828996282,7.2,False,False,False,False,False,False
330540,SAPUCAIA,RJ,8.724155320221886,8.7,False,False,False,False,False,False
330550,SAQUAREMA,RJ,13.136441647597255,13.1,True,True,False,False,False,False
330555,SEROPEDICA,RJ,5.972987149226331,6.0,False,False,False,False,False,False
330560,SILVA JARDIM,RJ,12.618483412322275,12.6,True,True,False,False,False,False
330570,SUMIDOURO,RJ,7.696177062374246,7.7,False,False,False,False,False,False
330575,TANGUA,RJ,15.168403198449237,15.2,True,True,False,False,False,False
330580,TERESOPOLIS,RJ,12.736803861524887,12.7,True,True,False,False,False,False
330590,TRAJANO DE MORAES,RJ,5.541346973572037,5.5,False,False,False,False,False,False
330600,TRES RIOS,RJ,17.030314732573856,17.0,True,True,False,False,False,False
330610,VALENCA,RJ,12.230297524415173,12.2,True,True,False,False,False,False
330615,VARRE-SAI,RJ,7.583474816072439,7.6,False,False,False,False,False,False
330620,VASSOURAS,RJ,11.563614744351963,11.6,True,True,False,False,False,False
330630,VOLTA REDONDA,RJ,14.017788089713845,14.0,True,True,False,False,False,False
350010,ADAMANTINA,SP,7.320349227669578,7.3,False,False,False,False,False,False
350020,ADOLFO,SP,4.590163934426229,4.6,False,False,False,False,False,False
350030,AGUAI,SP,11.330049261083744,11.3,True,True,False,False,False,False
350040,AGUAS DA PRATA,SP,3.674540682414698,3.7,False,False,False,False,False,False
350050,AGUAS DE LINDOIA,SP,6.376195536663125,6.4,False,False,False,False,False,False
350055,AGUAS DE SANTA BARBARA,SP,7.508532423208192,7.5,False,False,False,False,False,False
350060,AGUAS DE SAO PEDRO,SP,5.056179775280898,5.1,False,False,False,False,False,False
350070,AGUDOS,SP,6.482698204117389,6.5,False,False,False,False,False,False
350075,ALAMBARI,SP,4.651162790697675,4.7,False,False,False,False,False,False
350080,ALFREDO MARCONDES,SP,6.521739130434782,6.5,False,False,False,False,False,False
350090,ALTAIR,SP,7.530120481927711,7.5,False,False,False,False,False,False
350100,ALTINOPOLIS,SP,8.845928529584066,8.8,False,False,False,False,False,False
350110,ALTO ALEGRE,SP,7.126948775055679,7.1,False,False,False,False,False,False
350115,ALUMINIO,SP,4.93601462522852,4.9,False,False,False,False,False,False
350120,ALVARES FLORENCE,SP,4.740406320541761,4.7,False,False,False,False,False,False
350130,ALVARES MACHADO,SP,10.986547085201794,11.0,True,True,False,False,False,False
350140,ALVARO DE CARVALHO,SP,11.11111111111111,11.1,True,True,False,False,False,False
350150,ALVINLANDIA,SP,5.797101449275362,5.8,False,False,False,False,False,False
350160,AMERICANA,SP,6.625491297024144,6.6,False,False,False,False,False,False
350170,AMERICO BRASILIENSE,SP,13.058035714285715,13.1,True,True,False,False,False,False
350180,AMERICO DE CAMPOS,SP,6.369426751592357,6.4,False,False,False,False,False,False
350190,AMPARO,SP,5.263157894736842,5.3,False,False,False,False,False,False
350200,ANALANDIA,SP,9.037900874635568,9.0,False,False,False,False,False,False
350210,ANDRADINA,SP,11.350574712643677,11.4,True,True,False,False,False,False
350220,ANGATUBA,SP,4.337811900191939,4.3,False,False,False,False,False,False
350230,ANHEMBI,SP,4.395604395604396,4.4,False,False,False,False,False,False
350240,ANHUMAS,SP,4.0201005025125625,4.0,False,False,False,False,False,False
350250,APARECIDA,SP,7.087889833940866,7.1,False,False,False,False,False,False
350260,APARECIDA D'OESTE,SP,4.049844236760125,4.0,False,False,False,False,False,False
350270,APIAI,SP,7.467532467532467,7.5,False,False,False,False,False,False
350275,ARACARIGUAMA,SP,6.595576619273302,6.6,False,False,False,False,False,False
350280,ARACATUBA,SP,9.663019693654267,9.7,False,False,False,False,False,False
350290,ARACOIABA DA SERRA,SP,3.830480847595762,3.8,False,False,False,False,False,False
350300,ARAMINA,SP,12.010443864229766,12.0,True,True,False,False,False,False
350310,ARANDU,SP,3.5260930888575457,3.5,False,False,False,False,False,False
350315,ARAPEI,SP,8.977556109725686,9.0,False,False,False,False,False,False
350320,ARARAQUARA,SP,8.840635905389686,8.8,False,False,False,False,False,False
350330,ARARAS,SP,9.218132035290537,9.2,False,False,False,False,False,False
350335,ARCO-IRIS,SP,7.6923076923076925,7.7,False,False,False,False,False,False
350340,AREALVA,SP,4.979253112033195,5.0,False,False,False,False,False,False
350350,AREIAS,SP,8.133971291866029,8.1,False,False,False,False,False,False
350360,AREIOPOLIS,SP,4.978662873399715,5.0,False,False,False,False,False,False
350370,ARIRANHA,SP,6.164383561643835,6.2,False,False,False,False,False,False
350380,ARTUR NOGUEIRA,SP,4.964801778436458,5.0,False,False,False,False,False,False
350390,ARUJA,SP,8.299929261966517,8.3,False,False,False,False,False,False
350395,ASPASIA,SP,5.0,5.0,False,False,False,False,False,False
350400,ASSIS,SP,6.270627062706271,6.3,False,False,False,False,False,False
350410,ATIBAIA,SP,6.795189921740791,6.8,False,False,False,False,False,False
350420,AURIFLAMA,SP,8.201438848920864,8.2,False,False,False,False,False,False
350430,AVAI,SP,7.5134168157423975,7.5,False,False,False,False,False,False
350440,AVANHANDAVA,SP,5.590496156533892,5.6,False,False,False,False,False,False
350450,AVARE,SP,5.166390880676595,5.2,False,False,False,False,False,False
350460,BADY BASSITT,SP,4.89749430523918,4.9,False,False,False,False,False,False
350470,BALBINOS,SP,10.638297872340425,10.6,False,False,False,False,False,False
350480,BALSAMO,SP,6.7164179104477615,6.7,False,False,False,False,False,False
350490,BANANAL,SP,7.840772014475271,7.8,False,False,False,False,False,False
350500,BARAO DE ANTONINA,SP,4.3841336116910234,4.4,False,False,False,False,False,False
350510,BARBOSA,SP,9.869375907111756,9.9,False,False,False,False,False,False
350520,BARIRI,SP,4.628632938643703,4.6,False,False,False,False,False,False
350530,BARRA BONITA,SP,7.43202416918429,7.4,False,False,False,False,False,False
350535,BARRA DO CHAPEU,SP,5.911330049261084,5.9,False,False,False,False,False,False
350540,BARRA DO TURVO,SP,7.538035961272476,7.5,False,False,False,False,False,False
350550,BARRETOS,SP,8.590455049944506,8.6,False,False,False,False,False,False
350560,BARRINHA,SP,14.582696423112198,14.6,True,True,False,False,False,False
350570,BARUERI,SP,11.104617182933957,11.1,True,True,False,False,False,False
350580,BASTOS,SP,3.146374829001368,3.1,False,False,False,False,False,False
350590,BATATAIS,SP,8.447488584474886,8.4,False,False,False,False,False,False
350600,BAURU,SP,7.167191891661698,7.2,False,False,False,False,False,False
350610,BEBEDOURO,SP,6.3824289405684755,6.4,False,False,False,False,False,False
350620,BENTO DE ABREU,SP,9.693877551020408,9.7,False,False,False,False,False,False
350630,BERNARDINO DE CAMPOS,SP,4.534606205250596,4.5,False,False,False,False,False,False
350635,BERTIOGA,SP,16.247692089191876,16.2,True,True,False,False,False,False
350640,BILAC,SP,6.239168110918544,6.2,False,False,False,False,False,False
350650,BIRIGUI,SP,5.0359712230215825,5.0,False,False,False,False,False,False
350660,BIRITIBA MIRIM,SP,7.175737882480368,7.2,False,False,False,False,False,False
350670,BOA ESPERANCA DO SUL,SP,6.3444108761329305,6.3,False,False,False,False,False,False
350680,BOCAINA,SP,6.2154696132596685,6.2,False,False,False,False,False,False
350690,BOFETE,SP,5.415162454873646,5.4,False,False,False,False,False,False
350700,BOITUVA,SP,9.375,9.4,False,False,False,False,False,False
350710,BOM JESUS DOS PERDOES,SP,6.60633484162896,6.6,False,False,False,False,False,False
350715,BOM SUCESSO DE ITARARE,SP,3.303964757709251,3.3,False,False,False,False,False,False
350720,BORA,SP,8.823529411764707,8.8,False,False,False,False,False,False
350730,BORACEIA,SP,2.898550724637681,2.9,False,False,False,False,False,False
350740,BORBOREMA,SP,8.670520231213873,8.7,False,False,False,False,False,False
350745,BOREBI,SP,3.867403314917127,3.9,False,False,False,False,False,False
350750,BOTUCATU,SP,7.193396226415095,7.2,False,False,False,False,False,False
350760,BRAGANCA PAULISTA,SP,5.74839708158302,5.7,False,False,False,False,False,False
350770,BRAUNA,SP,12.958963282937367,13.0,True,True,False,False,False,False
350775,BREJO ALEGRE,SP,5.591397849462366,5.6,False,False,False,False,False,False
350780,BRODOWSKI,SP,8.51581508515815,8.5,False,False,False,False,False,False
350790,BROTAS,SP,5.942275042444821,5.9,False,False,False,False,False,False
350800,BURI,SP,4.756596060943887,4.8,False,False,False,False,False,False
350810,BURITAMA,SP,6.643952299829642,6.6,False,False,False,False,False,False
350820,BURITIZAL,SP,6.32688927943761,6.3,False,False,False,False,False,False
350830,CABRALIA PAULISTA,SP,6.427221172022684,6.4,False,False,False,False,False,False
350840,CABREUVA,SP,5.056179775280898,5.1,False,False,False,False,False,False
350850,CACAPAVA,SP,9.062723586930598,9.1,False,False,False,False,False,False
350860,CACHOEIRA PAULISTA,SP,8.218029350104821,8.2,False,False,False,False,False,False
350870,CACONDE,SP,4.851004851004851,4.9,False,False,False,False,False,False
350880,CAFELANDIA,SP,8.571428571428571,8.6,False,False,False,False,False,False
350890,CAIABU,SP,7.317073170731707,7.3,False,False,False,False,False,False
350900,CAIEIRAS,SP,11.207061984264056,11.2,True,True,False,False,False,False
350910,CAIUA,SP,6.331877729257641,6.3,False,False,False,False,False,False
350920,CAJAMAR,SP,10.416666666666668,10.4,False,False,False,False,False,False
350925,CAJATI,SP,6.499813223757937,6.5,False,False,False,False,False,False
350930,CAJOBI,SP,4.410011918951132,4.4,False,False,False,False,False,False
350940,CAJURU,SP,7.138461538461538,7.1,False,False,False,False,False,False
350945,CAMPINA DO MONTE ALEGRE,SP,3.4059945504087197,3.4,False,False,False,False,False,False
350950,CAMPINAS,SP,9.260091423258697,9.3,False,False,False,False,False,False
350960,CAMPO LIMPO PAULISTA,SP,12.105038428693424,12.1,True,True,False,False,False,False
350970,CAMPOS DO JORDAO,SP,5.57006092254134,5.6,False,False,False,False,False,False
350980,CAMPOS NOVOS PAULISTA,SP,6.572769953051644,6.6,False,False,False,False,False,False
350990,CANANEIA,SP,7.702794819359236,7.7,False,False,False,False,False,False
350995,CANAS,SP,7.207207207207207,7.2,False,False,False,False,False,False
351000,CANDIDO MOTA,SP,4.898384575299635,4.9,False,False,False,False,False,False
351010,CANDIDO RODRIGUES,SP,1.694915254237288,1.7,False,False,False,False,False,False
351015,CANITAR,SP,5.555555555555555,5.6,False,False,False,False,False,False
351020,CAPAO BONITO,SP,2.9161143722779777,2.9,False,False,False,False,False,False
351030,CAPELA DO ALTO,SP,3.1910484873601326,3.2,False,False,False,False,False,False
351040,CAPIVARI,SP,8.732548590199835,8.7,False,False,False,False,False,False
351050,CARAGUATATUBA,SP,10.078146052277013,10.1,False,False,False,False,False,False
351060,CARAPICUIBA,SP,13.225907711624988,13.2,True,True,False,False,False,False
351070,CARDOSO,SP,6.8181818181818175,6.8,False,False,False,False,False,False
351080,CASA BRANCA,SP,6.200396825396826,6.2,False,False,False,False,False,False
351090,CASSIA DOS COQUEIROS,SP,8.173076923076923,8.2,False,False,False,False,False,False
351100,CASTILHO,SP,9.674693705111956,9.7,False,False,False,False,False,False
351110,CATANDUVA,SP,9.155446756425949,9.2,False,False,False,False,False,False
351120,CATIGUA,SP,8.19964349376114,8.2,False,False,False,False,False,False
351130,CEDRAL,SP,4.287690179806362,4.3,False,False,False,False,False,False
351140,CERQUEIRA CESAR,SP,7.30593607305936,7.3,False,False,False,False,False,False
351150,CERQUILHO,SP,3.5778175313059033,3.6,False,False,False,False,False,False
351160,CESARIO LANGE,SP,3.969957081545064,4.0,False,False,False,False,False,False
351170,CHARQUEADA,SP,7.155797101449275,7.2,False,False,False,False,False,False
351190,CLEMENTINA,SP,8.382066276803119,8.4,False,False,False,False,False,False
351200,COLINA,SP,5.2718286655683695,5.3,False,False,False,False,False,False
351210,COLOMBIA,SP,7.71889400921659,7.7,False,False,False,False,False,False
351220,CONCHAL,SP,7.636518771331058,7.6,False,False,False,False,False,False
351230,CONCHAS,SP,5.570469798657718,5.6,False,False,False,False,False,False
351240,CORDEIROPOLIS,SP,6.976744186046512,7.0,False,False,False,False,False,False
351250,COROADOS,SP,3.5294117647058822,3.5,False,False,False,False,False,False
351260,CORONEL MACEDO,SP,7.7656675749318795,7.8,False,False,False,False,False,False
351270,CORUMBATAI,SP,3.2710280373831773,3.3,False,False,False,False,False,False
351280,COSMOPOLIS,SP,6.378514477549308,6.4,False,False,False,False,False,False
351290,COSMORAMA,SP,6.729634002361275,6.7,False,False,False,False,False,False
351300,COTIA,SP,10.816267666570523,10.8,False,False,False,False,False,False
351310,CRAVINHOS,SP,9.382924767540151,9.4,False,False,False,False,False,False
351320,CRISTAIS PAULISTA,SP,4.802744425385934,4.8,False,False,False,False,False,False
351330,CRUZALIA,SP,3.684210526315789,3.7,False,False,False,False,False,False
351340,CRUZEIRO,SP,9.243527508090615,9.2,False,False,False,False,False,False
351350,CUBATAO,SP,11.713118692936089,11.7,True,True,False,False,False,False
351360,CUNHA,SP,8.093525179856115,8.1,False,False,False,False,False,False
351370,DESCALVADO,SP,5.091819699499165,5.1,False,False,False,False,False,False
351380,DIADEMA,SP,9.62869729389553,9.6,False,False,False,False,False,False
351385,DIRCE REIS,SP,3.5830618892508146,3.6,False,False,False,False,False,False
351390,DIVINOLANDIA,SP,4.150943396226415,4.2,False,False,False,False,False,False
351400,DOBRADA,SP,9.849521203830369,9.8,False,False,False,False,False,False
351410,DOIS CORREGOS,SP,6.138841078600115,6.1,False,False,False,False,False,False
351420,DOLCINOPOLIS,SP,10.526315789473683,10.5,False,False,False,False,False,False
351430,DOURADO,SP,5.426356589147287,5.4,False,False,False,False,False,False
351440,DRACENA,SP,9.34844192634561,9.3,False,False,False,False,False,False
351450,DUARTINA,SP,4.668838219326819,4.7,False,False,False,False,False,False
351460,DUMONT,SP,7.470288624787775,7.5,False,False,False,False,False,False
351470,ECHAPORA,SP,10.620689655172413,10.6,False,False,False,False,False,False
351480,ELDORADO,SP,5.676243868255081,5.7,False,False,False,False,False,False
351490,ELIAS FAUSTO,SP,6.894150417827298,6.9,False,False,False,False,False,False
351492,ELISIARIO,SP,6.829268292682928,6.8,False,False,False,False,False,False
351495,EMBAUBA,SP,9.16030534351145,9.2,False,False,False,False,False,False
351500,EMBU DAS ARTES,SP,13.817976332934451,13.8,True,True,False,False,False,False
351510,EMBU-GUACU,SP,10.037128712871288,10.0,False,False,False,False,False,False
351512,EMILIANOPOLIS,SP,10.084033613445378,10.1,False,False,False,False,False,False
351515,ENGENHEIRO COELHO,SP,7.806955287437899,7.8,False,False,False,False,False,False
351518,ESPIRITO SANTO DO PINHAL,SP,6.454248366013073,6.5,False,False,False,False,False,False
351519,ESPIRITO SANTO DO TURVO,SP,1.6085790884718498,1.6,False,False,False,False,False,False
351520,ESTRELA D'OESTE,SP,4.881889763779528,4.9,False,False,False,False,False,False
351530,ESTRELA DO NORTE,SP,4.166666666666666,4.2,False,False,False,False,False,False
351535,EUCLIDES DA CUNHA PAULISTA,SP,10.08827238335435,10.1,False,False,False,False,False,False
351540,FARTURA,SP,3.8852361028093245,3.9,False,False,False,False,False,False
351550,FERNANDOPOLIS,SP,8.108108108108109,8.1,False,False,False,False,False,False
351560,FERNANDO PRESTES,SP,7.012987012987012,7.0,False,False,False,False,False,False
351565,FERNAO,SP,7.894736842105263,7.9,False,False,False,False,False,False
351570,FERRAZ DE VASCONCELOS,SP,13.12808817939947,13.1,True,True,False,False,False,False
351580,FLORA RICA,SP,4.225352112676056,4.2,False,False,False,False,False,False
351590,FLOREAL,SP,6.338028169014084,6.3,False,False,False,False,False,False
351600,FLORIDA PAULISTA,SP,8.361581920903955,8.4,False,False,False,False,False,False
351610,FLORINEA,SP,5.263157894736842,5.3,False,False,False,False,False,False
351620,FRANCA,SP,8.148234065997796,8.1,False,False,False,False,False,False
351630,FRANCISCO MORATO,SP,13.693150684931506,13.7,True,True,False,False,False,False
351640,FRANCO DA ROCHA,SP,14.441375076734191,14.4,True,True,False,False,False,False
351650,GABRIEL MONTEIRO,SP,3.1446540880503147,3.1,False,False,False,False,False,False
351660,GALIA,SP,6.8557919621749415,6.9,False,False,False,False,False,False
351670,GARCA,SP,5.77524893314367,5.8,False,False,False,False,False,False
351680,GASTAO VIDIGAL,SP,5.3164556962025316,5.3,False,False,False,False,False,False
351685,GAVIAO PEIXOTO,SP,8.852459016393443,8.9,False,False,False,False,False,False
351690,GENERAL SALGADO,SP,7.457627118644068,7.5,False,False,False,False,False,False
351700,GETULINA,SP,10.909090909090908,10.9,False,False,False,False,False,False
351710,GLICERIO,SP,6.96629213483146,7.0,False,False,False,False,False,False
351720,GUAICARA,SP,10.075839653304442,10.1,False,False,False,False,False,False
351730,GUAIMBE,SP,10.364963503649635,10.4,False,False,False,False,False,False
351740,GUAIRA,SP,10.461397898583828,10.5,False,False,False,False,False,False
351750,GUAPIACU,SP,5.467196819085487,5.5,False,False,False,False,False,False
351760,GUAPIARA,SP,5.027027027027027,5.0,False,False,False,False,False,False
351770,GUARA,SP,8.22111977321049,8.2,False,False,False,False,False,False
351780,GUARACAI,SP,4.89060489060489,4.9,False,False,False,False,False,False
351790,GUARACI,SP,7.756232686980609,7.8,False,False,False,False,False,False
351800,GUARANI D'OESTE,SP,4.436860068259386,4.4,False,False,False,False,False,False
351810,GUARANTA,SP,3.2805429864253397,3.3,False,False,False,False,False,False
351820,GUARARAPES,SP,6.613333333333333,6.6,False,False,False,False,False,False
351830,GUARAREMA,SP,7.29738456570875,7.3,False,False,False,False,False,False
351840,GUARATINGUETA,SP,8.29072315558802,8.3,False,False,False,False,False,False
351850,GUAREI,SP,2.8503562945368173,2.9,False,False,False,False,False,False
351860,GUARIBA,SP,7.841409691629956,7.8,False,False,False,False,False,False
351870,GUARUJA,SP,13.636087300139826,13.6,True,True,False,False,False,False
351880,GUARULHOS,SP,11.2449521627946,11.2,True,True,False,False,False,False
351885,GUATAPARA,SP,6.7092651757188495,6.7,False,False,False,False,False,False
351890,GUZOLANDIA,SP,7.010309278350515,7.0,False,False,False,False,False,False
351900,HERCULANDIA,SP,4.7372954349698535,4.7,False,False,False,False,False,False
351905,HOLAMBRA,SP,3.048780487804878,3.0,False,False,False,False,False,False
351907,HORTOLANDIA,SP,11.34036374751643,11.3,True,True,False,False,False,False
351910,IACANGA,SP,6.226834692364715,6.2,False,False,False,False,False,False
351920,IACRI,SP,9.73724884080371,9.7,False,False,False,False,False,False
351925,IARAS,SP,5.5,5.5,False,False,False,False,False,False
351930,IBATE,SP,10.086239220097488,10.1,False,False,False,False,False,False
351940,IBIRA,SP,4.8120300751879705,4.8,False,False,False,False,False,False
351950,IBIRAREMA,SP,8.333333333333332,8.3,False,False,False,False,False,False
351960,IBITINGA,SP,7.420391469471224,7.4,False,False,False,False,False,False
351970,IBIUNA,SP,4.614117000823949,4.6,False,False,False,False,False,False
351980,ICEM,SP,10.674157303370785,10.7,False,False,False,False,False,False
351990,IEPE,SP,6.169154228855722,6.2,False,False,False,False,False,False
352000,IGARACU DO TIETE,SP,9.556860651361452,9.6,False,False,False,False,False,False
352010,IGARAPAVA,SP,9.566250742721332,9.6,False,False,False,False,False,False
352020,IGARATA,SP,7.136563876651983,7.1,False,False,False,False,False,False
352030,IGUAPE,SP,6.7392311255210755,6.7,False,False,False,False,False,False
352040,ILHABELA,SP,12.94458229942101,12.9,True,True,False,False,False,False
352042,ILHA COMPRIDA,SP,11.486732097419122,11.5,True,True,False,False,False,False
352044,ILHA SOLTEIRA,SP,6.346153846153846,6.3,False,False,False,False,False,False
352050,INDAIATUBA,SP,6.1882817643186305,6.2,False,False,False,False,False,False
352060,INDIANA,SP,7.43099787685775,7.4,False,False,False,False,False,False
352070,INDIAPORA,SP,7.28744939271255,7.3,False,False,False,False,False,False
352080,INUBIA PAULISTA,SP,5.597014925373134,5.6,False,False,False,False,False,False
352090,IPAUSSU,SP,5.443548387096774,5.4,False,False,False,False,False,False
352100,IPERO,SP,5.891354246365723,5.9,False,False,False,False,False,False
352110,IPEUNA,SP,4.545454545454546,4.5,False,False,False,False,False,False
352115,IPIGUA,SP,2.4725274725274726,2.5,False,False,False,False,False,False
352120,IPORANGA,SP,6.5371024734982335,6.5,False,False,False,False,False,False
352130,IPUA,SP,9.084604715672677,9.1,False,False,False,False,False,False
352140,IRACEMAPOLIS,SP,5.905006418485238,5.9,False,False,False,False,False,False
352150,IRAPUA,SP,8.950086058519794,9.0,False,False,False,False,False,False
352160,IRAPURU,SP,5.904761904761905,5.9,False,False,False,False,False,False
352170,ITABERA,SP,5.315789473684211,5.3,False,False,False,False,False,False
352180,ITAI,SP,7.541385652973635,7.5,False,False,False,False,False,False
352190,ITAJOBI,SP,5.877413937867338,5.9,False,False,False,False,False,False
352200,ITAJU,SP,4.375,4.4,False,False,False,False,False,False
352210,ITANHAEM,SP,13.158934640006322,13.2,True,True,False,False,False,False
352215,ITAOCA,SP,2.0491803278688523,2.0,False,False,False,False,False,False
352220,ITAPECERICA DA SERRA,SP,14.065217391304346,14.1,True,True,False,False,False,False
352230,ITAPETININGA,SP,4.643229413436938,4.6,False,False,False,False,False,False
352240,ITAPEVA,SP,2.1359223300970873,2.1,False,False,False,False,False,False
352250,ITAPEVI,SP,9.07248450166905,9.1,False,False,False,False,False,False
352260,ITAPIRA,SP,3.9118286246507297,3.9,False,False,False,False,False,False
352265,ITAPIRAPUA PAULISTA,SP,3.1796502384737675,3.2,False,False,False,False,False,False
352270,ITAPOLIS,SP,7.780612244897959,7.8,False,False,False,False,False,False
352280,ITAPORANGA,SP,5.927682276229993,5.9,False,False,False,False,False,False
352290,ITAPUI,SP,6.190476190476191,6.2,False,False,False,False,False,False
352300,ITAPURA,SP,8.011869436201781,8.0,False,False,False,False,False,False
352310,ITAQUAQUECETUBA,SP,12.11365768663718,12.1,True,True,False,False,False,False
352320,ITARARE,SP,6.341673856773081,6.3,False,False,False,False,False,False
352330,ITARIRI,SP,8.639813193228255,8.6,False,False,False,False,False,False
352340,ITATIBA,SP,6.557377049180328,6.6,False,False,False,False,False,False
352350,ITATINGA,SP,4.795852235904083,4.8,False,False,False,False,False,False
352360,ITIRAPINA,SP,8.004778972520908,8.0,False,False,False,False,False,False
352370,ITIRAPUA,SP,10.32258064516129,10.3,False,False,False,False,False,False
352380,ITOBI,SP,8.117443868739207,8.1,False,False,False,False,False,False
352390,ITU,SP,6.6439845005197995,6.6,False,False,False,False,False,False
352400,ITUPEVA,SP,6.1255742725880555,6.1,False,False,False,False,False,False
352410,ITUVERAVA,SP,5.173133083020442,5.2,False,False,False,False,False,False
352420,JABORANDI,SP,6.476683937823833,6.5,False,False,False,False,False,False
352430,JABOTICABAL,SP,10.151022748996368,10.2,False,False,False,False,False,False
352440,JACAREI,SP,8.104552232260328,8.1,False,False,False,False,False,False
352450,JACI,SP,5.054945054945055,5.1,False,False,False,False,False,False
352460,JACUPIRANGA,SP,5.20904729266621,5.2,False,False,False,False,False,False
352470,JAGUARIUNA,SP,4.828326180257511,4.8,False,False,False,False,False,False
352480,JALES,SP,6.692913385826772,6.7,False,False,False,False,False,False
352490,JAMBEIRO,SP,5.9459459459459465,5.9,False,False,False,False,False,False
352500,JANDIRA,SP,8.688269421253715,8.7,False,False,False,False,False,False
352510,JARDINOPOLIS,SP,8.706125258086717,8.7,False,False,False,False,False,False
352520,JARINU,SP,3.8871473354231973,3.9,False,False,False,False,False,False
352530,JAU,SP,5.5861120660020624,5.6,False,False,False,False,False,False
352540,JERIQUARA,SP,8.938547486033519,8.9,False,False,False,False,False,False
352550,JOANOPOLIS,SP,4.3478260869565215,4.3,False,False,False,False,False,False
352560,JOAO RAMALHO,SP,12.408759124087592,12.4,True,True,False,False,False,False
352570,JOSE BONIFACIO,SP,5.950413223140496,6.0,False,False,False,False,False,False
352580,JULIO MESQUITA,SP,12.060301507537687,12.1,True,True,False,False,False,False
352585,JUMIRIM,SP,1.9900497512437811,2.0,False,False,False,False,False,False
352590,JUNDIAI,SP,6.1412620098675665,6.1,False,False,False,False,False,False
352600,JUNQUEIROPOLIS,SP,5.420054200542006,5.4,False,False,False,False,False,False
352610,JUQUIA,SP,7.7555816686251475,7.8,False,False,False,False,False,False
352620,JUQUITIBA,SP,5.767940979208585,5.8,False,False,False,False,False,False
352630,LAGOINHA,SP,4.496124031007752,4.5,False,False,False,False,False,False
352640,LARANJAL PAULISTA,SP,5.473897617840851,5.5,False,False,False,False,False,False
352650,LAVINIA,SP,7.553956834532374,7.6,False,False,False,False,False,False
352660,LAVRINHAS,SP,7.112375533428166,7.1,False,False,False,False,False,False
352670,LEME,SP,7.460171568627451,7.5,False,False,False,False,False,False
352680,LENCOIS PAULISTA,SP,6.390639063906391,6.4,False,False,False,False,False,False
352690,LIMEIRA,SP,9.615500694151024,9.6,False,False,False,False,False,False
352700,LINDOIA,SP,3.9568345323741005,4.0,False,False,False,False,False,False
352710,LINS,SP,6.639791320844202,6.6,False,False,False,False,False,False
352720,LORENA,SP,12.258992805755396,12.3,True,True,False,False,False,False
352725,LOURDES,SP,8.02675585284281,8.0,False,False,False,False,False,False
352730,LOUVEIRA,SP,6.743869209809264,6.7,False,False,False,False,False,False
352740,LUCELIA,SP,9.779792746113989,9.8,False,False,False,False,False,False
352750,LUCIANOPOLIS,SP,4.263565891472868,4.3,False,False,False,False,False,False
352760,LUIS ANTONIO,SP,7.43801652892562,7.4,False,False,False,False,False,False
352770,LUIZIANIA,SP,11.370716510903426,11.4,True,True,False,False,False,False
352780,LUPERCIO,SP,3.7128712871287126,3.7,False,False,False,False,False,False
352790,LUTECIA,SP,5.714285714285714,5.7,False,False,False,False,False,False
352800,MACATUBA,SP,3.2296650717703352,3.2,False,False,False,False,False,False
352810,MACAUBAL,SP,6.197854588796186,6.2,False,False,False,False,False,False
352820,MACEDONIA,SP,4.743083003952568,4.7,False,False,False,False,False,False
352830,MAGDA,SP,5.449591280653951,5.4,False,False,False,False,False,False
352840,MAIRINQUE,SP,4.477144646211647,4.5,False,False,False,False,False,False
352850,MAIRIPORA,SP,7.087245248454316,7.1,False,False,False,False,False,False
352860,MANDURI,SP,5.7591623036649215,5.8,False,False,False,False,False,False
352870,MARABA PAULISTA,SP,6.157635467980295,6.2,False,False,False,False,False,False
352880,MARACAI,SP,9.31315483119907,9.3,False,False,False,False,False,False
352885,MARAPOAMA,SP,8.181818181818182,8.2,False,False,False,False,False,False
352890,MARIAPOLIS,SP,15.012722646310433,15.0,True,True,False,False,False,False
352900,MARILIA,SP,7.504306632213609,7.5,False,False,False,False,False,False
352910,MARINOPOLIS,SP,4.3478260869565215,4.3,False,False,False,False,False,False
352920,MARTINOPOLIS,SP,9.326113116726836,9.3,False,False,False,False,False,False
352930,MATAO,SP,7.41422979507253,7.4,False,False,False,False,False,False
352940,MAUA,SP,13.531388919006831,13.5,True,True,False,False,False,False
352950,MENDONCA,SP,3.6036036036036037,3.6,False,False,False,False,False,False
352960,MERIDIANO,SP,4.358974358974359,4.4,False,False,False,False,False,False
352965,MESOPOLIS,SP,7.092198581560284,7.1,False,False,False,False,False,False
352970,MIGUELOPOLIS,SP,12.146422628951747,12.1,True,True,False,False,False,False
352980,MINEIROS DO TIETE,SP,5.756929637526652,5.8,False,False,False,False,False,False
352990,MIRACATU,SP,4.7734138972809665,4.8,False,False,False,False,False,False
353000,MIRA ESTRELA,SP,4.1269841269841265,4.1,False,False,False,False,False,False
353010,MIRANDOPOLIS,SP,8.168642951251647,8.2,False,False,False,False,False,False
353020,MIRANTE DO PARANAPANEMA,SP,6.64167113015533,6.6,False,False,False,False,False,False
353030,MIRASSOL,SP,6.235093696763203,6.2,False,False,False,False,False,False
353040,MIRASSOLANDIA,SP,5.48172757475083,5.5,False,False,False,False,False,False
353050,MOCOCA,SP,6.7740972843927185,6.8,False,False,False,False,False,False
353060,MOGI DAS CRUZES,SP,10.052560245942283,10.1,False,False,False,False,False,False
353070,MOGI GUACU,SP,6.230674087816944,6.2,False,False,False,False,False,False
353080,MOGI MIRIM,SP,6.528616623526028,6.5,False,False,False,False,False,False
353090,MOMBUCA,SP,5.029585798816568,5.0,False,False,False,False,False,False
353100,MONCOES,SP,3.0303030303030303,3.0,False,False,False,False,False,False
353110,MONGAGUA,SP,11.416990373247762,11.4,True,True,False,False,False,False
353120,MONTE ALEGRE DO SUL,SP,6.172839506172839,6.2,False,False,False,False,False,False
353130,MONTE ALTO,SP,6.683673469387755,6.7,False,False,False,False,False,False
353140,MONTE APRAZIVEL,SP,4.858757062146893,4.9,False,False,False,False,False,False
353150,MONTE AZUL PAULISTA,SP,7.482993197278912,7.5,False,False,False,False,False,False
353160,MONTE CASTELO,SP,4.195804195804196,4.2,False,False,False,False,False,False
353170,MONTEIRO LOBATO,SP,6.370656370656371,6.4,False,False,False,False,False,False
353180,MONTE MOR,SP,6.738997555012224,6.7,False,False,False,False,False,False
353190,MORRO AGUDO,SP,12.57388500806018,12.6,True,True,False,False,False,False
353200,MORUNGABA,SP,6.666666666666667,6.7,False,False,False,False,False,False
353205,MOTUCA,SP,10.416666666666668,10.4,False,False,False,False,False,False
353210,MURUTINGA DO SUL,SP,7.216494845360824,7.2,False,False,False,False,False,False
353215,NANTES,SP,6.2761506276150625,6.3,False,False,False,False,False,False
353220,NARANDIBA,SP,8.24524312896406,8.2,False,False,False,False,False,False
353230,NATIVIDADE DA SERRA,SP,9.12280701754386,9.1,False,False,False,False,False,False
353240,NAZARE PAULISTA,SP,6.979405034324943,7.0,False,False,False,False,False,False
353250,NEVES PAULISTA,SP,7.4821852731591445,7.5,False,False,False,False,False,False
353260,NHANDEARA,SP,5.617977528089887,5.6,False,False,False,False,False,False
353270,NIPOA,SP,10.06423982869379,10.1,False,False,False,False,False,False
353280,NOVA ALIANCA,SP,10.141509433962264,10.1,False,False,False,False,False,False
353282,NOVA CAMPINA,SP,2.6126126126126126,2.6,False,False,False,False,False,False
353284,NOVA CANAA PAULISTA,SP,8.465608465608465,8.5,False,False,False,False,False,False
353286,NOVA CASTILHO,SP,3.5294117647058822,3.5,False,False,False,False,False,False
353290,NOVA EUROPA,SP,5.9790732436472345,6.0,False,False,False,False,False,False
353300,NOVA GRANADA,SP,8.427876823338735,8.4,False,False,False,False,False,False
353310,NOVA GUATAPORANGA,SP,8.108108108108109,8.1,False,False,False,False,False,False
353320,NOVA INDEPENDENCIA,SP,8.775981524249422,8.8,False,False,False,False,False,False
353325,NOVAIS,SP,6.553398058252427,6.6,False,False,False,False,False,False
353330,NOVA LUZITANIA,SP,8.149779735682818,8.1,False,False,False,False,False,False
353340,NOVA ODESSA,SP,6.377759607522486,6.4,False,False,False,False,False,False
353350,NOVO HORIZONTE,SP,7.168141592920355,7.2,False,False,False,False,False,False
353360,NUPORANGA,SP,3.880597014925373,3.9,False,False,False,False,False,False
353370,OCAUCU,SP,3.3057851239669422,3.3,False,False,False,False,False,False
353380,OLEO,SP,6.415094339622642,6.4,False,False,False,False,False,False
353390,OLIMPIA,SP,4.44064901793339,4.4,False,False,False,False,False,False
353400,ONDA VERDE,SP,6.690140845070422,6.7,False,False,False,False,False,False
353410,ORIENTE,SP,4.573170731707317,4.6,False,False,False,False,False,False
353420,ORINDIUVA,SP,7.222222222222221,7.2,False,False,False,False,False,False
353430,ORLANDIA,SP,6.58682634730539,6.6,False,False,False,False,False,False
353440,OSASCO,SP,11.78030567380836,11.8,True,True,False,False,False,False
353450,OSCAR BRESSANE,SP,3.4090909090909087,3.4,False,False,False,False,False,False
353460,OSVALDO CRUZ,SP,3.499766682221185,3.5,False,False,False,False,False,False
353470,OURINHOS,SP,6.925444596443228,6.9,False,False,False,False,False,False
353475,OUROESTE,SP,7.473309608540925,7.5,False,False,False,False,False,False
353480,OURO VERDE,SP,14.2578125,14.3,True,True,False,False,False,False
353490,PACAEMBU,SP,12.408759124087592,12.4,True,True,False,False,False,False
353500,PALESTINA,SP,6.715506715506716,6.7,False,False,False,False,False,False
353510,PALMARES PAULISTA,SP,10.792580101180437,10.8,False,False,False,False,False,False
353520,PALMEIRA D'OESTE,SP,5.233380480905233,5.2,False,False,False,False,False,False
353530,PALMITAL,SP,6.407634628493525,6.4,False,False,False,False,False,False
353540,PANORAMA,SP,6.364922206506366,6.4,False,False,False,False,False,False
353550,PARAGUACU PAULISTA,SP,4.692766398755509,4.7,False,False,False,False,False,False
353560,PARAIBUNA,SP,7.687253613666228,7.7,False,False,False,False,False,False
353570,PARAISO,SP,3.9312039312039313,3.9,False,False,False,False,False,False
353580,PARANAPANEMA,SP,1.7689331122166942,1.8,False,False,False,False,False,False
353590,PARANAPUA,SP,8.993576017130621,9.0,False,False,False,False,False,False
353600,PARAPUA,SP,5.317919075144509,5.3,False,False,False,False,False,False
353610,PARDINHO,SP,3.2882011605415857,3.3,False,False,False,False,False,False
353620,PARIQUERA-ACU,SP,6.037151702786378,6.0,False,False,False,False,False,False
353625,PARISI,SP,5.540897097625329,5.5,False,False,False,False,False,False
353630,PATROCINIO PAULISTA,SP,9.455842997323819,9.5,False,False,False,False,False,False
353640,PAULICEIA,SP,3.841387856257745,3.8,False,False,False,False,False,False
353650,PAULINIA,SP,7.4327752409944186,7.4,False,False,False,False,False,False
353657,PAULISTANIA,SP,1.8181818181818181,1.8,False,False,False,False,False,False
353660,PAULO DE FARIA,SP,6.657420249653259,6.7,False,False,False,False,False,False
353670,PEDERNEIRAS,SP,6.856309263311451,6.9,False,False,False,False,False,False
353680,PEDRA BELA,SP,4.868913857677903,4.9,False,False,False,False,False,False
353690,PEDRANOPOLIS,SP,2.005730659025788,2.0,False,False,False,False,False,False
353700,PEDREGULHO,SP,9.42675159235669,9.4,False,False,False,False,False,False
353710,PEDREIRA,SP,9.229595728451564,9.2,False,False,False,False,False,False
353715,PEDRINHAS PAULISTA,SP,2.185792349726776,2.2,False,False,False,False,False,False
353720,PEDRO DE TOLEDO,SP,5.4559625876851126,5.5,False,False,False,False,False,False
353730,PENAPOLIS,SP,7.370336669699727,7.4,False,False,False,False,False,False
353740,PEREIRA BARRETO,SP,11.219512195121952,11.2,True,True,False,False,False,False
353750,PEREIRAS,SP,2.2058823529411766,2.2,False,False,False,False,False,False
353760,PERUIBE,SP,13.975742739512627,14.0,True,True,False,False,False,False
353770,PIACATU,SP,6.772908366533864,6.8,False,False,False,False,False,False
353780,PIEDADE,SP,5.438448566610455,5.4,False,False,False,False,False,False
353790,PILAR DO SUL,SP,5.220883534136546,5.2,False,False,False,False,False,False
353800,PINDAMONHANGABA,SP,8.082230357645734,8.1,False,False,False,False,False,False
353810,PINDORAMA,SP,5.124450951683748,5.1,False,False,False,False,False,False
353820,PINHALZINHO,SP,5.0621669626998225,5.1,False,False,False,False,False,False
353830,PIQUEROBI,SP,7.926829268292683,7.9,False,False,False,False,False,False
353850,PIQUETE,SP,10.495049504950495,10.5,False,False,False,False,False,False
353860,PIRACAIA,SP,5.992844364937388,6.0,False,False,False,False,False,False
353870,PIRACICABA,SP,6.891227267528309,6.9,False,False,False,False,False,False
353880,PIRAJU,SP,5.5217594759007955,5.5,False,False,False,False,False,False
353890,PIRAJUI,SP,11.71906900775827,11.7,True,True,False,False,False,False
353900,PIRANGI,SP,9.873417721518987,9.9,False,False,False,False,False,False
353910,PIRAPORA DO BOM JESUS,SP,12.870789341377575,12.9,True,True,False,False,False,False
353920,PIRAPOZINHO,SP,6.016949152542373,6.0,False,False,False,False,False,False
353930,PIRASSUNUNGA,SP,7.350901525658807,7.4,False,False,False,False,False,False
353940,PIRATININGA,SP,6.481481481481481,6.5,False,False,False,False,False,False
353950,PITANGUEIRAS,SP,5.9128630705394185,5.9,False,False,False,False,False,False
353960,PLANALTO,SP,6.561679790026247,6.6,False,False,False,False,False,False
353970,PLATINA,SP,10.054347826086957,10.1,False,False,False,False,False,False
353980,POA,SP,14.421270199173245,14.4,True,True,False,False,False,False
353990,POLONI,SP,8.047690014903129,8.0,False,False,False,False,False,False
354000,POMPEIA,SP,7.858687815428983,7.9,False,False,False,False,False,False
354010,PONGAI,SP,2.1505376344086025,2.2,False,False,False,False,False,False
354020,PONTAL,SP,10.75785582255083,10.8,False,False,False,False,False,False
354025,PONTALINDA,SP,8.441558441558442,8.4,False,False,False,False,False,False
354030,PONTES GESTAL,SP,5.699481865284974,5.7,False,False,False,False,False,False
354040,POPULINA,SP,6.598984771573605,6.6,False,False,False,False,False,False
354050,PORANGABA,SP,2.5612472160356345,2.6,False,False,False,False,False,False
354060,PORTO FELIZ,SP,7.868325973504617,7.9,False,False,False,False,False,False
354070,PORTO FERREIRA,SP,7.287050713934022,7.3,False,False,False,False,False,False
354075,POTIM,SP,8.61271676300578,8.6,False,False,False,False,False,False
354080,POTIRENDABA,SP,5.737109658678286,5.7,False,False,False,False,False,False
354085,PRACINHA,SP,14.240506329113925,14.2,True,True,False,False,False,False
354090,PRADOPOLIS,SP,8.451957295373665,8.5,False,False,False,False,False,False
354100,PRAIA GRANDE,SP,10.13772860690901,10.1,False,False,False,False,False,False
354105,PRATANIA,SP,3.513909224011713,3.5,False,False,False,False,False,False
354110,PRESIDENTE ALVES,SP,4.923076923076923,4.9,False,False,False,False,False,False
354120,PRESIDENTE BERNARDES,SP,6.733167082294264,6.7,False,False,False,False,False,False
354130,PRESIDENTE EPITACIO,SP,8.074697527617044,8.1,False,False,False,False,False,False
354140,PRESIDENTE PRUDENTE,SP,9.630480566724104,9.6,False,False,False,False,False,False
354150,PRESIDENTE VENCESLAU,SP,8.604651162790699,8.6,False,False,False,False,False,False
354160,PROMISSAO,SP,6.023316062176166,6.0,False,False,False,False,False,False
354165,QUADRA,SP,2.8688524590163933,2.9,False,False,False,False,False,False
354170,QUATA,SP,9.741379310344827,9.7,False,False,False,False,False,False
354180,QUEIROZ,SP,3.8095238095238098,3.8,False,False,False,False,False,False
354190,QUELUZ,SP,10.537190082644628,10.5,False,False,False,False,False,False
354200,QUINTANA,SP,4.804270462633451,4.8,False,False,False,False,False,False
354210,RAFARD,SP,6.666666666666667,6.7,False,False,False,False,False,False
354220,RANCHARIA,SP,6.11672278338945,6.1,False,False,False,False,False,False
354230,REDENCAO DA SERRA,SP,4.721030042918455,4.7,False,False,False,False,False,False
354240,REGENTE FEIJO,SP,7.484220018034265,7.5,False,False,False,False,False,False
354250,REGINOPOLIS,SP,5.089820359281437,5.1,False,False,False,False,False,False
354260,REGISTRO,SP,9.087826381824348,9.1,False,False,False,False,False,False
354270,RESTINGA,SP,5.565529622980251,5.6,False,False,False,False,False,False
354280,RIBEIRA,SP,5.386416861826698,5.4,False,False,False,False,False,False
354290,RIBEIRAO BONITO,SP,6.239737274220033,6.2,False,False,False,False,False,False
354300,RIBEIRAO BRANCO,SP,3.2046864231564434,3.2,False,False,False,False,False,False
354310,RIBEIRAO CORRENTE,SP,10.17274472168906,10.2,False,False,False,False,False,False
354320,RIBEIRAO DO SUL,SP,3.7701974865350087,3.8,False,False,False,False,False,False
354323,RIBEIRAO DOS INDIOS,SP,7.666666666666666,7.7,False,False,False,False,False,False
354325,RIBEIRAO GRANDE,SP,2.5616698292220113,2.6,False,False,False,False,False,False
354330,RIBEIRAO PIRES,SP,8.842063804647498,8.8,False,False,False,False,False,False
354340,RIBEIRAO PRETO,SP,8.99830845039347,9.0,False,False,False,False,False,False
354350,RIVERSUL,SP,4.907407407407407,4.9,False,False,False,False,False,False
354360,RIFAINA,SP,6.008583690987124,6.0,False,False,False,False,False,False
354370,RINCAO,SP,5.714285714285714,5.7,False,False,False,False,False,False
354380,RINOPOLIS,SP,7.160493827160494,7.2,False,False,False,False,False,False
354390,RIO CLARO,SP,9.544419134396355,9.5,False,False,False,False,False,False
354400,RIO DAS PEDRAS,SP,6.264775413711583,6.3,False,False,False,False,False,False
354410,RIO GRANDE DA SERRA,SP,11.799792531120332,11.8,True,True,False,False,False,False
354420,RIOLANDIA,SP,9.240506329113925,9.2,False,False,False,False,False,False
354425,ROSANA,SP,8.58433734939759,8.6,False,False,False,False,False,False
354430,ROSEIRA,SP,8.801498127340825,8.8,False,False,False,False,False,False
354440,RUBIACEA,SP,4.926108374384237,4.9,False,False,False,False,False,False
354450,RUBINEIA,SP,6.904761904761905,6.9,False,False,False,False,False,False
354460,SABINO,SP,6.0324825986078885,6.0,False,False,False,False,False,False
354470,SAGRES,SP,6.7924528301886795,6.8,False,False,False,False,False,False
354480,SALES,SP,10.746268656716417,10.7,False,False,False,False,False,False
354490,SALES OLIVEIRA,SP,5.442176870748299,5.4,False,False,False,False,False,False
354500,SALESOPOLIS,SP,4.671857619577309,4.7,False,False,False,False,False,False
354510,SALMOURAO,SP,6.571428571428571,6.6,False,False,False,False,False,False
354515,SALTINHO,SP,2.7210884353741496,2.7,False,False,False,False,False,False
354520,SALTO,SP,8.509354254677127,8.5,False,False,False,False,False,False
354530,SALTO DE PIRAPORA,SP,6.404088995790739,6.4,False,False,False,False,False,False
354540,SALTO GRANDE,SP,7.302533532041728,7.3,False,False,False,False,False,False
354550,SANDOVALINA,SP,9.932279909706546,9.9,False,False,False,False,False,False
354560,SANTA ADELIA,SP,6.799750467872738,6.8,False,False,False,False,False,False
354570,SANTA ALBERTINA,SP,4.0669856459330145,4.1,False,False,False,False,False,False
354580,SANTA BARBARA D'OESTE,SP,5.046923879040667,5.0,False,False,False,False,False,False
354600,SANTA BRANCA,SP,7.323452484742806,7.3,False,False,False,False,False,False
354610,SANTA CLARA D'OESTE,SP,4.059040590405904,4.1,False,False,False,False,False,False
354620,SANTA CRUZ DA CONCEICAO,SP,2.6627218934911245,2.7,False,False,False,False,False,False
354625,SANTA CRUZ DA ESPERANCA,SP,8.695652173913043,8.7,False,False,False,False,False,False
354630,SANTA CRUZ DAS PALMEIRAS,SP,8.111239860950175,8.1,False,False,False,False,False,False
354640,SANTA CRUZ DO RIO PARDO,SP,2.8030833917309037,2.8,False,False,False,False,False,False
354650,SANTA ERNESTINA,SP,10.16548463356974,10.2,False,False,False,False,False,False
354660,SANTA FE DO SUL,SP,4.236006051437216,4.2,False,False,False,False,False,False
354670,SANTA GERTRUDES,SP,3.002070393374741,3.0,False,False,False,False,False,False
354680,SANTA ISABEL,SP,6.126221283337734,6.1,False,False,False,False,False,False
354690,SANTA LUCIA,SP,6.73758865248227,6.7,False,False,False,False,False,False
354700,SANTA MARIA DA SERRA,SP,8.703374777975133,8.7,False,False,False,False,False,False
354710,SANTA MERCEDES,SP,8.158995815899582,8.2,False,False,False,False,False,False
354720,SANTANA DA PONTE PENSA,SP,9.433962264150944,9.4,False,False,False,False,False,False
354730,SANTANA DE PARNAIBA,SP,9.687015002586653,9.7,False,False,False,False,False,False
354740,SANTA RITA D'OESTE,SP,3.225806451612903,3.2,False,False,False,False,False,False
354750,SANTA RITA DO PASSA QUATRO,SP,6.924408540103865,6.9,False,False,False,False,False,False
354760,SANTA ROSA DE VITERBO,SP,8.191881918819188,8.2,False,False,False,False,False,False
354765,SANTA SALETE,SP,2.083333333333333,2.1,False,False,False,False,False,False
354770,SANTO ANASTACIO,SP,7.520325203252034,7.5,False,False,False,False,False,False
354780,SANTO ANDRE,SP,13.674381904260915,13.7,True,True,False,False,False,False
354790,SANTO ANTONIO DA ALEGRIA,SP,6.95970695970696,7.0,False,False,False,False,False,False
354800,SANTO ANTONIO DE POSSE,SP,6.033940917661848,6.0,False,False,False,False,False,False
354805,SANTO ANTONIO DO ARACANGUA,SP,9.3711467324291,9.4,False,False,False,False,False,False
354810,SANTO ANTONIO DO JARDIM,SP,3.0555555555555554,3.1,False,False,False,False,False,False
354820,SANTO ANTONIO DO PINHAL,SP,3.8083538083538087,3.8,False,False,False,False,False,False
354830,SANTO EXPEDITO,SP,8.860759493670885,8.9,False,False,False,False,False,False
354840,SANTOPOLIS DO AGUAPEI,SP,7.516339869281046,7.5,False,False,False,False,False,False
354850,SANTOS,SP,13.281507345674944,13.3,True,True,False,False,False,False
354860,SAO BENTO DO SAPUCAI,SP,4.406779661016949,4.4,False,False,False,False,False,False
354870,SAO BERNARDO DO CAMPO,SP,11.317920252584408,11.3,True,True,False,False,False,False
354880,SAO CAETANO DO SUL,SP,5.3538782972055365,5.4,False,False,False,False,False,False
354890,SAO CARLOS,SP,10.675039246467819,10.7,False,False,False,False,False,False
354900,SAO FRANCISCO,SP,6.614785992217899,6.6,False,False,False,False,False,False
354910,SAO JOAO DA BOA VISTA,SP,5.675984027381632,5.7,False,False,False,False,False,False
354920,SAO JOAO DAS DUAS PONTES,SP,3.8596491228070176,3.9,False,False,False,False,False,False
354925,SAO JOAO DE IRACEMA,SP,7.55813953488372,7.6,False,False,False,False,False,False
354930,SAO JOAO DO PAU D'ALHO,SP,4.280155642023346,4.3,False,False,False,False,False,False
354940,SAO JOAQUIM DA BARRA,SP,7.457081545064377,7.5,False,False,False,False,False,False
354950,SAO JOSE DA BELA VISTA,SP,11.914460285132384,11.9,True,True,False,False,False,False
354960,SAO JOSE DO BARREIRO,SP,6.17816091954023,6.2,False,False,False,False,False,False
354970,SAO JOSE DO RIO PARDO,SP,7.119549095223969,7.1,False,False,False,False,False,False
354980,SAO JOSE DO RIO PRETO,SP,7.893368625041357,7.9,False,False,False,False,False,False
354990,SAO JOSE DOS CAMPOS,SP,9.264298672777619,9.3,False,False,False,False,False,False
354995,SAO LOURENCO DA SERRA,SP,7.765897580191333,7.8,False,False,False,False,False,False
355000,SAO LUIS DO PARAITINGA,SP,6.741573033707865,6.7,False,False,False,False,False,False
355010,SAO MANUEL,SP,6.888128969223254,6.9,False,False,False,False,False,False
355020,SAO MIGUEL ARCANJO,SP,1.8276762402088773,1.8,False,False,False,False,False,False
355030,SAO PAULO,SP,11.202171465159411,11.2,True,True,False,False,False,False
355040,SAO PEDRO,SP,6.470165348670022,6.5,False,False,False,False,False,False
355050,SAO PEDRO DO TURVO,SP,5.607476635514018,5.6,False,False,False,False,False,False
355060,SAO ROQUE,SP,6.509728561133797,6.5,False,False,False,False,False,False
355070,SAO SEBASTIAO,SP,13.65392872477458,13.7,True,True,False,False,False,False
355080,SAO SEBASTIAO DA GRAMA,SP,3.0425963488843815,3.0,False,False,False,False,False,False
355090,SAO SIMAO,SP,6.0,6.0,False,False,False,False,False,False
355100,SAO VICENTE,SP,14.954868109718692,15.0,True,True,False,False,False,False
355110,SARAPUI,SP,6.181318681318682,6.2,False,False,False,False,False,False
355120,SARUTAIA,SP,2.460456942003515,2.5,False,False,False,False,False,False
355130,SEBASTIANOPOLIS DO SUL,SP,5.3452115812917596,5.3,False,False,False,False,False,False
355140,SERRA AZUL,SP,10.179640718562874,10.2,False,False,False,False,False,False
355150,SERRANA,SP,10.971685971685972,11.0,True,True,False,False,False,False
355160,SERRA NEGRA,SP,5.870020964360587,5.9,False,False,False,False,False,False
355170,SERTAOZINHO,SP,10.299435845508462,10.3,False,False,False,False,False,False
355180,SETE BARRAS,SP,5.113636363636364,5.1,False,False,False,False,False,False
355190,SEVERINIA,SP,7.240853658536585,7.2,False,False,False,False,False,False
355200,SILVEIRAS,SP,9.290322580645162,9.3,False,False,False,False,False,False
355210,SOCORRO,SP,4.726100966702471,4.7,False,False,False,False,False,False
355220,SOROCABA,SP,7.757018992568125,7.8,False,False,False,False,False,False
355230,SUD MENNUCCI,SP,6.945765937202664,6.9,False,False,False,False,False,False
355240,SUMARE,SP,10.398261113448324,10.4,False,False,False,False,False,False
355250,SUZANO,SP,9.338644161375557,9.3,False,False,False,False,False,False
355255,SUZANAPOLIS,SP,5.922165820642978,5.9,False,False,False,False,False,False
355260,TABAPUA,SP,5.408970976253298,5.4,False,False,False,False,False,False
355270,TABATINGA,SP,8.736349453978159,8.7,False,False,False,False,False,False
355280,TABOAO DA SERRA,SP,12.712682208339682,12.7,True,True,False,False,False,False
355290,TACIBA,SP,5.4961832061068705,5.5,False,False,False,False,False,False
355300,TAGUAI,SP,4.945515507124895,4.9,False,False,False,False,False,False
355310,TAIACU,SP,9.582309582309582,9.6,False,False,False,False,False,False
355320,TAIUVA,SP,4.398826979472141,4.4,False,False,False,False,False,False
355330,TAMBAU,SP,7.338991512730904,7.3,False,False,False,False,False,False
355340,TANABI,SP,6.265457543281121,6.3,False,False,False,False,False,False
355350,TAPIRAI,SP,8.138238573021182,8.1,False,False,False,False,False,False
355360,TAPIRATIBA,SP,4.516806722689076,4.5,False,False,False,False,False,False
355365,TAQUARAL,SP,4.301075268817205,4.3,False,False,False,False,False,False
355370,TAQUARITINGA,SP,9.567799406136588,9.6,False,False,False,False,False,False
355380,TAQUARITUBA,SP,4.749744637385087,4.7,False,False,False,False,False,False
355385,TAQUARIVAI,SP,2.990033222591362,3.0,False,False,False,False,False,False
355390,TARABAI,SP,8.695652173913043,8.7,False,False,False,False,False,False
355395,TARUMA,SP,5.769230769230769,5.8,False,False,False,False,False,False
355400,TATUI,SP,3.95711808292606,4.0,False,False,False,False,False,False
355410,TAUBATE,SP,8.79545135476625,8.8,False,False,False,False,False,False
355420,TEJUPA,SP,2.5069637883008355,2.5,False,False,False,False,False,False
355430,TEODORO SAMPAIO,SP,5.055611729019211,5.1,False,False,False,False,False,False
355440,TERRA ROXA,SP,10.21505376344086,10.2,False,False,False,False,False,False
355450,TIETE,SP,7.539267015706806,7.5,False,False,False,False,False,False
355460,TIMBURI,SP,2.2443890274314215,2.2,False,False,False,False,False,False
355465,TORRE DE PEDRA,SP,1.6129032258064515,1.6,False,False,False,False,False,False
355470,TORRINHA,SP,3.061224489795918,3.1,False,False,False,False,False,False
355475,TRABIJU,SP,5.181347150259067,5.2,False,False,False,False,False,False
355480,TREMEMBE,SP,5.3586150041220115,5.4,False,False,False,False,False,False
355490,TRES FRONTEIRAS,SP,5.9390048154093105,5.9,False,False,False,False,False,False
355495,TUIUTI,SP,3.4124629080118694,3.4,False,False,False,False,False,False
355500,TUPA,SP,8.094397882664314,8.1,False,False,False,False,False,False
355510,TUPI PAULISTA,SP,6.297229219143577,6.3,False,False,False,False,False,False
355520,TURIUBA,SP,5.02092050209205,5.0,False,False,False,False,False,False
355530,TURMALINA,SP,3.5211267605633805,3.5,False,False,False,False,False,False
355535,UBARANA,SP,4.947916666666666,4.9,False,False,False,False,False,False
355540,UBATUBA,SP,9.739229024943311,9.7,False,False,False,False,False,False
355550,UBIRAJARA,SP,6.426735218508997,6.4,False,False,False,False,False,False
355560,UCHOA,SP,4.382022471910112,4.4,False,False,False,False,False,False
355570,UNIAO PAULISTA,SP,9.547738693467336,9.5,False,False,False,False,False,False
355580,URANIA,SP,8.333333333333332,8.3,False,False,False,False,False,False
355590,URU,SP,5.05050505050505,5.1,False,False,False,False,False,False
355600,URUPES,SP,8.411214953271028,8.4,False,False,False,False,False,False
355610,VALENTIM GENTIL,SP,3.8493723849372383,3.8,False,False,False,False,False,False
355620,VALINHOS,SP,7.7521700089793475,7.8,False,False,False,False,False,False
355630,VALPARAISO,SP,10.234278668310727,10.2,False,False,False,False,False,False
355635,VARGEM,SP,5.629139072847682,5.6,False,False,False,False,False,False
355640,VARGEM GRANDE DO SUL,SP,5.8715032277897325,5.9,False,False,False,False,False,False
355645,VARGEM GRANDE PAULISTA,SP,8.126934984520123,8.1,False,False,False,False,False,False
355650,VARZEA PAULISTA,SP,8.590083656396654,8.6,False,False,False,False,False,False
355660,VERA CRUZ,SP,6.474820143884892,6.5,False,False,False,False,False,False
355670,VINHEDO,SP,8.11174688657018,8.1,False,False,False,False,False,False
355680,VIRADOURO,SP,5.308775731310942,5.3,False,False,False,False,False,False
355690,VISTA ALEGRE DO ALTO,SP,5.755395683453238,5.8,False,False,False,False,False,False
355695,VITORIA BRASIL,SP,6.299212598425196,6.3,False,False,False,False,False,False
355700,VOTORANTIM,SP,7.073578595317725,7.1,False,False,False,False,False,False
355710,VOTUPORANGA,SP,8.26007326007326,8.3,False,False,False,False,False,False
355715,ZACARIAS,SP,2.9508196721311477,3.0,False,False,False,False,False,False
355720,CHAVANTES,SP,4.970414201183432,5.0,False,False,False,False,False,False
355730,ESTIVA GERBI,SP,3.513909224011713,3.5,False,False,False,False,False,False
410010,ABATIA,PR,7.341772151898734,7.3,False,False,False,False,False,False
410020,ADRIANOPOLIS,PR,8.445532435740514,8.4,False,False,False,False,False,False
410030,AGUDOS DO SUL,PR,5.529225908372828,5.5,False,False,False,False,False,False
410040,ALMIRANTE TAMANDARE,PR,5.794684731631058,5.8,False,False,False,False,False,False
410045,ALTAMIRA DO PARANA,PR,6.237816764132553,6.2,False,False,False,False,False,False
410050,ALTONIA,PR,6.595092024539877,6.6,False,False,False,False,False,False
410060,ALTO PARANA,PR,8.177408177408177,8.2,False,False,False,False,False,False
410070,ALTO PIQUIRI,PR,6.474820143884892,6.5,False,False,False,False,False,False
410080,ALVORADA DO SUL,PR,7.491289198606271,7.5,False,False,False,False,False,False
410090,AMAPORA,PR,13.333333333333334,13.3,True,True,False,False,False,False
410100,AMPERE,PR,3.5137034434293746,3.5,False,False,False,False,False,False
410105,ANAHY,PR,7.2864321608040195,7.3,False,False,False,False,False,False
410110,ANDIRA,PR,8.256513026052104,8.3,False,False,False,False,False,False
410115,ANGULO,PR,8.710801393728223,8.7,False,False,False,False,False,False
410120,ANTONINA,PR,9.86159169550173,9.9,False,False,False,False,False,False
410130,ANTONIO OLINTO,PR,7.9016681299385425,7.9,False,False,False,False,False,False
410140,APUCARANA,PR,6.578260415578992,6.6,False,False,False,False,False,False
410150,ARAPONGAS,PR,5.277710988218322,5.3,False,False,False,False,False,False
410160,ARAPOTI,PR,3.854239663629993,3.9,False,False,False,False,False,False
410165,ARAPUA,PR,7.990314769975787,8.0,False,False,False,False,False,False
410170,ARARUNA,PR,6.323024054982818,6.3,False,False,False,False,False,False
410180,ARAUCARIA,PR,6.517957638391486,6.5,False,False,False,False,False,False
410185,ARIRANHA DO IVAI,PR,5.829596412556054,5.8,False,False,False,False,False,False
410190,ASSAI,PR,7.57002271006813,7.6,False,False,False,False,False,False
410200,ASSIS CHATEAUBRIAND,PR,5.554005023723136,5.6,False,False,False,False,False,False
410210,ASTORGA,PR,5.703938433680398,5.7,False,False,False,False,False,False
410220,ATALAIA,PR,7.380073800738007,7.4,False,False,False,False,False,False
410230,BALSA NOVA,PR,6.265664160401002,6.3,False,False,False,False,False,False
410240,BANDEIRANTES,PR,5.8950395398993525,5.9,False,False,False,False,False,False
410250,BARBOSA FERRAZ,PR,6.9015097052480225,6.9,False,False,False,False,False,False
410260,BARRACAO,PR,6.181015452538632,6.2,False,False,False,False,False,False
410270,BARRA DO JACARE,PR,4.878048780487805,4.9,False,False,False,False,False,False
410275,BELA VISTA DA CAROBA,PR,4.179104477611941,4.2,False,False,False,False,False,False
410280,BELA VISTA DO PARAISO,PR,6.543385490753911,6.5,False,False,False,False,False,False
410290,BITURUNA,PR,3.9348171701112875,3.9,False,False,False,False,False,False
410300,BOA ESPERANCA,PR,12.44131455399061,12.4,True,True,False,False,False,False
410302,BOA ESPERANCA DO IGUACU,PR,1.0362694300518136,1.0,False,False,False,False,False,False
410304,BOA VENTURA DE SAO ROQUE,PR,6.679389312977099,6.7,False,False,False,False,False,False
410305,BOA VISTA DA APARECIDA,PR,2.0664869721473496,2.1,False,False,False,False,False,False
410310,BOCAIUVA DO SUL,PR,5.8771148708815675,5.9,False,False,False,False,False,False
410315,BOM JESUS DO SUL,PR,5.428571428571429,5.4,False,False,False,False,False,False
410320,BOM SUCESSO,PR,4.417670682730924,4.4,False,False,False,False,False,False
410322,BOM SUCESSO DO SUL,PR,4.014598540145985,4.0,False,False,False,False,False,False
410330,BORRAZOPOLIS,PR,7.475317348377997,7.5,False,False,False,False,False,False
410335,BRAGANEY,PR,5.244755244755245,5.2,False,False,False,False,False,False
410337,BRASILANDIA DO SUL,PR,11.138014527845035,11.1,True,True,False,False,False,False
410340,CAFEARA,PR,14.965986394557824,15.0,True,True,False,False,False,False
410345,CAFELANDIA,PR,6.205250596658711,6.2,False,False,False,False,False,False
410347,CAFEZAL DO SUL,PR,8.977035490605429,9.0,False,False,False,False,False,False
410350,CALIFORNIA,PR,6.743940990516332,6.7,False,False,False,False,False,False
410360,CAMBARA,PR,7.975726051148678,8.0,False,False,False,False,False,False
410370,CAMBE,PR,6.558433191599021,6.6,False,False,False,False,False,False
410380,CAMBIRA,PR,7.032755298651253,7.0,False,False,False,False,False,False
410390,CAMPINA DA LAGOA,PR,7.5678798382437895,7.6,False,False,False,False,False,False
410395,CAMPINA DO SIMAO,PR,4.603580562659847,4.6,False,False,False,False,False,False
410400,CAMPINA GRANDE DO SUL,PR,5.526116578349735,5.5,False,False,False,False,False,False
410405,CAMPO BONITO,PR,4.823747680890538,4.8,False,False,False,False,False,False
410410,CAMPO DO TENENTE,PR,6.978723404255319,7.0,False,False,False,False,False,False
410420,CAMPO LARGO,PR,6.603908144344602,6.6,False,False,False,False,False,False
410425,CAMPO MAGRO,PR,5.653266331658291,5.7,False,False,False,False,False,False
410430,CAMPO MOURAO,PR,8.118249005116542,8.1,False,False,False,False,False,False
410440,CANDIDO DE ABREU,PR,8.615384615384615,8.6,False,False,False,False,False,False
410442,CANDOI,PR,4.658721560130011,4.7,False,False,False,False,False,False
410445,CANTAGALO,PR,4.875804967801288,4.9,False,False,False,False,False,False
410450,CAPANEMA,PR,7.603186097031137,7.6,False,False,False,False,False,False
410460,CAPITAO LEONIDAS MARQUES,PR,4.829210836277975,4.8,False,False,False,False,False,False
410465,CARAMBEI,PR,3.553008595988539,3.6,False,False,False,False,False,False
410470,CARLOPOLIS,PR,5.245683930942895,5.2,False,False,False,False,False,False
410480,CASCAVEL,PR,4.997110383355808,5.0,False,False,False,False,False,False
410490,CASTRO,PR,6.339973825796132,6.3,False,False,False,False,False,False
410500,CATANDUVAS,PR,3.828197945845005,3.8,False,False,False,False,False,False
410510,CENTENARIO DO SUL,PR,9.120521172638437,9.1,False,False,False,False,False,False
410520,CERRO AZUL,PR,6.964380648591175,7.0,False,False,False,False,False,False
410530,CEU AZUL,PR,2.7979274611398965,2.8,False,False,False,False,False,False
410540,CHOPINZINHO,PR,7.096247960848287,7.1,False,False,False,False,False,False
410550,CIANORTE,PR,6.684432600488563,6.7,False,False,False,False,False,False
410560,CIDADE GAUCHA,PR,9.863429438543248,9.9,False,False,False,False,False,False
410570,CLEVELANDIA,PR,4.439746300211417,4.4,False,False,False,False,False,False
410580,COLOMBO,PR,6.954158909072611,7.0,False,False,False,False,False,False
410590,COLORADO,PR,8.347676419965575,8.3,False,False,False,False,False,False
410600,CONGONHINHAS,PR,7.586206896551724,7.6,False,False,False,False,False,False
410610,CONSELHEIRO MAIRINCK,PR,7.246376811594203,7.2,False,False,False,False,False,False
410620,CONTENDA,PR,7.4125874125874125,7.4,False,False,False,False,False,False
410630,CORBELIA,PR,3.494837172359015,3.5,False,False,False,False,False,False
410640,CORNELIO PROCOPIO,PR,7.670454545454546,7.7,False,False,False,False,False,False
410645,CORONEL DOMINGOS SOARES,PR,4.019488428745433,4.0,False,False,False,False,False,False
410650,CORONEL VIVIDA,PR,3.750689464975179,3.8,False,False,False,False,False,False
410655,CORUMBATAI DO SUL,PR,8.7893864013267,8.8,False,False,False,False,False,False
410657,CRUZEIRO DO IGUACU,PR,2.0408163265306123,2.0,False,False,False,False,False,False
410660,CRUZEIRO DO OESTE,PR,10.266370699223087,10.3,False,False,False,False,False,False
410670,CRUZEIRO DO SUL,PR,6.340579710144928,6.3,False,False,False,False,False,False
410680,CRUZ MACHADO,PR,5.906195715112913,5.9,False,False,False,False,False,False
410685,CRUZMALTINA,PR,6.584362139917696,6.6,False,False,False,False,False,False
410690,CURITIBA,PR,6.9250742832668575,6.9,False,False,False,False,False,False
410700,CURIUVA,PR,6.336753168376584,6.3,False,False,False,False,False,False
410710,DIAMANTE DO NORTE,PR,7.551487414187644,7.6,False,False,False,False,False,False
410712,DIAMANTE DO SUL,PR,4.408817635270541,4.4,False,False,False,False,False,False
410715,DIAMANTE D'OESTE,PR,4.990403071017274,5.0,False,False,False,False,False,False
410720,DOIS VIZINHOS,PR,2.997560125479261,3.0,False,False,False,False,False,False
410725,DOURADINA,PR,7.829181494661921,7.8,False,False,False,False,False,False
410730,DOUTOR CAMARGO,PR,6.957928802588997,7.0,False,False,False,False,False,False
410740,ENEAS MARQUES,PR,5.222437137330754,5.2,False,False,False,False,False,False
410750,ENGENHEIRO BELTRAO,PR,11.022927689594356,11.0,True,True,False,False,False,False
410752,ESPERANCA NOVA,PR,4.954954954954955,5.0,False,False,False,False,False,False
410753,ENTRE RIOS DO OESTE,PR,1.2048192771084338,1.2,False,False,False,False,False,False
410754,ESPIGAO ALTO DO IGUACU,PR,8.753315649867375,8.8,False,False,False,False,False,False
410755,FAROL,PR,6.666666666666667,6.7,False,False,False,False,False,False
410760,FAXINAL,PR,4.131627056672761,4.1,False,False,False,False,False,False
410765,FAZENDA RIO GRANDE,PR,6.7719021310181535,6.8,False,False,False,False,False,False
410770,FENIX,PR,5.42907180385289,5.4,False,False,False,False,False,False
410773,FERNANDES PINHEIRO,PR,4.119850187265917,4.1,False,False,False,False,False,False
410775,FIGUEIRA,PR,9.33572710951526,9.3,False,False,False,False,False,False
410780,FLORAI,PR,4.391891891891892,4.4,False,False,False,False,False,False
410785,FLOR DA SERRA DO SUL,PR,4.958677685950414,5.0,False,False,False,False,False,False
410790,FLORESTA,PR,6.350710900473934,6.4,False,False,False,False,False,False
410800,FLORESTOPOLIS,PR,11.338199513381996,11.3,True,True,False,False,False,False
410810,FLORIDA,PR,4.135338345864661,4.1,False,False,False,False,False,False
410820,FORMOSA DO OESTE,PR,5.88235294117647,5.9,False,False,False,False,False,False
410830,FOZ DO IGUACU,PR,10.02528348145878,10.0,False,False,False,False,False,False
410832,FRANCISCO ALVES,PR,7.26643598615917,7.3,False,False,False,False,False,False
410840,FRANCISCO BELTRAO,PR,2.954065898393118,3.0,False,False,False,False,False,False
410845,FOZ DO JORDAO,PR,5.555555555555555,5.6,False,False,False,False,False,False
410850,GENERAL CARNEIRO,PR,3.2515337423312882,3.3,False,False,False,False,False,False
410855,GODOY MOREIRA,PR,11.47227533460803,11.5,True,True,False,False,False,False
410860,GOIOERE,PR,10.585141354372125,10.6,False,False,False,False,False,False
410865,GOIOXIM,PR,5.828571428571429,5.8,False,False,False,False,False,False
410870,GRANDES RIOS,PR,7.29483282674772,7.3,False,False,False,False,False,False
410880,GUAIRA,PR,7.603406326034063,7.6,False,False,False,False,False,False
410890,GUAIRACA,PR,7.2196620583717355,7.2,False,False,False,False,False,False
410895,GUAMIRANGA,PR,2.5677603423680457,2.6,False,False,False,False,False,False
410900,GUAPIRAMA,PR,4.292527821939586,4.3,False,False,False,False,False,False
410910,GUAPOREMA,PR,8.203125,8.2,False,False,False,False,False,False
410920,GUARACI,PR,10.118043844856661,10.1,False,False,False,False,False,False
410930,GUARANIACU,PR,5.130687318489835,5.1,False,False,False,False,False,False
410940,GUARAPUAVA,PR,3.889042995839112,3.9,False,False,False,False,False,False
410950,GUARAQUECABA,PR,7.28424386381631,7.3,False,False,False,False,False,False
410960,GUARATUBA,PR,8.473998294970162,8.5,False,False,False,False,False,False
410965,HONORIO SERPA,PR,3.195488721804511,3.2,False,False,False,False,False,False
410970,IBAITI,PR,5.646123260437376,5.6,False,False,False,False,False,False
410975,IBEMA,PR,3.1078610603290677,3.1,False,False,False,False,False,False
410980,IBIPORA,PR,8.215179316096748,8.2,False,False,False,False,False,False
410990,ICARAIMA,PR,10.176991150442479,10.2,False,False,False,False,False,False
411000,IGUARACU,PR,5.4989816700611,5.5,False,False,False,False,False,False
411005,IGUATU,PR,5.73394495412844,5.7,False,False,False,False,False,False
411007,IMBAU,PR,4.712812960235641,4.7,False,False,False,False,False,False
411010,IMBITUVA,PR,2.0257826887661143,2.0,False,False,False,False,False,False
411020,INACIO MARTINS,PR,4.567474048442906,4.6,False,False,False,False,False,False
411030,INAJA,PR,10.606060606060606,10.6,False,False,False,False,False,False
411040,INDIANOPOLIS,PR,9.523809523809524,9.5,False,False,False,False,False,False
411050,IPIRANGA,PR,2.8545941123996434,2.9,False,False,False,False,False,False
411060,IPORA,PR,7.4120603015075375,7.4,False,False,False,False,False,False
411065,IRACEMA DO OESTE,PR,2.3529411764705883,2.4,False,False,False,False,False,False
411070,IRATI,PR,3.571428571428571,3.6,False,False,False,False,False,False
411080,IRETAMA,PR,6.114551083591331,6.1,False,False,False,False,False,False
411090,ITAGUAJE,PR,8.616780045351474,8.6,False,False,False,False,False,False
411095,ITAIPULANDIA,PR,2.0499679692504804,2.0,False,False,False,False,False,False
411100,ITAMBARACA,PR,6.069364161849711,6.1,False,False,False,False,False,False
411110,ITAMBE,PR,4.935064935064935,4.9,False,False,False,False,False,False
411120,ITAPEJARA D'OESTE,PR,2.6737967914438503,2.7,False,False,False,False,False,False
411125,ITAPERUCU,PR,6.656151419558359,6.7,False,False,False,False,False,False
411130,ITAUNA DO SUL,PR,6.438631790744467,6.4,False,False,False,False,False,False
411140,IVAI,PR,3.996802557953637,4.0,False,False,False,False,False,False
411150,IVAIPORA,PR,6.038017144986955,6.0,False,False,False,False,False,False
411155,IVATE,PR,5.742296918767507,5.7,False,False,False,False,False,False
411160,IVATUBA,PR,7.865168539325842,7.9,False,False,False,False,False,False
411170,JABOTI,PR,4.712041884816754,4.7,False,False,False,False,False,False
411180,JACAREZINHO,PR,8.397312859884837,8.4,False,False,False,False,False,False
411190,JAGUAPITA,PR,7.0588235294117645,7.1,False,False,False,False,False,False
411200,JAGUARIAIVA,PR,6.34980988593156,6.3,False,False,False,False,False,False
411210,JANDAIA DO SUL,PR,6.834170854271357,6.8,False,False,False,False,False,False
411220,JANIOPOLIS,PR,10.543130990415335,10.5,False,False,False,False,False,False
411230,JAPIRA,PR,6.653225806451612,6.7,False,False,False,False,False,False
411240,JAPURA,PR,7.2767364939360535,7.3,False,False,False,False,False,False
411250,JARDIM ALEGRE,PR,4.439746300211417,4.4,False,False,False,False,False,False
411260,JARDIM OLINDA,PR,8.287292817679557,8.3,False,False,False,False,False,False
411270,JATAIZINHO,PR,5.180979418026969,5.2,False,False,False,False,False,False
411275,JESUITAS,PR,8.640776699029127,8.6,False,False,False,False,False,False
411280,JOAQUIM TAVORA,PR,3.4564958283671037,3.5,False,False,False,False,False,False
411290,JUNDIAI DO SUL,PR,7.909604519774012,7.9,False,False,False,False,False,False
411295,JURANDA,PR,7.022106631989597,7.0,False,False,False,False,False,False
411300,JUSSARA,PR,12.790697674418606,12.8,True,True,False,False,False,False
411310,KALORE,PR,4.772234273318872,4.8,False,False,False,False,False,False
411320,LAPA,PR,5.947084991805198,5.9,False,False,False,False,False,False
411325,LARANJAL,PR,11.397423191278493,11.4,True,True,False,True,True,False
411330,LARANJEIRAS DO SUL,PR,4.904306220095694,4.9,False,False,False,False,False,False
411340,LEOPOLIS,PR,4.428044280442804,4.4,False,False,False,False,False,False
411342,LIDIANOPOLIS,PR,3.508771929824561,3.5,False,False,False,False,False,False
411345,LINDOESTE,PR,7.216494845360824,7.2,False,False,False,False,False,False
411350,LOANDA,PR,5.679156908665106,5.7,False,False,False,False,False,False
411360,LOBATO,PR,9.925093632958802,9.9,False,False,False,False,False,False
411370,LONDRINA,PR,10.210582791227953,10.2,False,False,False,False,False,False
411373,LUIZIANA,PR,11.515151515151516,11.5,True,True,False,False,False,False
411375,LUNARDELLI,PR,5.098039215686274,5.1,False,False,False,False,False,False
411380,LUPIONOPOLIS,PR,12.520868113522537,12.5,True,True,False,False,False,False
411390,MALLET,PR,5.368289637952559,5.4,False,False,False,False,False,False
411400,MAMBORE,PR,6.389530408006158,6.4,False,False,False,False,False,False
411410,MANDAGUACU,PR,5.204460966542751,5.2,False,False,False,False,False,False
411420,MANDAGUARI,PR,6.133225020308692,6.1,False,False,False,False,False,False
411430,MANDIRITUBA,PR,6.6441441441441444,6.6,False,False,False,False,False,False
411435,MANFRINOPOLIS,PR,2.232142857142857,2.2,False,False,False,False,False,False
411440,MANGUEIRINHA,PR,6.324582338902148,6.3,False,False,False,False,False,False
411450,MANOEL RIBAS,PR,5.11727078891258,5.1,False,False,False,False,False,False
411460,MARECHAL CANDIDO RONDON,PR,4.37842064112588,4.4,False,False,False,False,False,False
411470,MARIA HELENA,PR,16.606060606060606,16.6,True,True,False,False,False,False
411480,MARIALVA,PR,5.008736167734421,5.0,False,False,False,False,False,False
411490,MARILANDIA DO SUL,PR,5.731394354148845,5.7,False,False,False,False,False,False
411500,MARILENA,PR,11.440107671601615,11.4,True,True,False,False,False,False
411510,MARILUZ,PR,7.1025930101465615,7.1,False,False,False,False,False,False
411520,MARINGA,PR,6.943335993615324,6.9,False,False,False,False,False,False
411530,MARIOPOLIS,PR,4.830917874396135,4.8,False,False,False,False,False,False
411535,MARIPA,PR,2.8753993610223643,2.9,False,False,False,False,False,False
411540,MARMELEIRO,PR,3.934426229508197,3.9,False,False,False,False,False,False
411545,MARQUINHO,PR,7.722007722007722,7.7,False,False,False,False,False,False
411550,MARUMBI,PR,5.301204819277109,5.3,False,False,False,False,False,False
411560,MATELANDIA,PR,4.554455445544554,4.6,False,False,False,False,False,False
411570,MATINHOS,PR,9.647278673207195,9.6,False,False,False,False,False,False
411573,MATO RICO,PR,4.819277108433735,4.8,False,False,False,False,False,False
411575,MAUA DA SERRA,PR,6.785980611483968,6.8,False,False,False,False,False,False
411580,MEDIANEIRA,PR,4.876246767639453,4.9,False,False,False,False,False,False
411585,MERCEDES,PR,1.1406844106463878,1.1,False,False,False,False,False,False
411590,MIRADOR,PR,11.475409836065573,11.5,True,True,False,False,False,False
411600,MIRASELVA,PR,3.7037037037037033,3.7,False,False,False,False,False,False
411605,MISSAL,PR,4.527813712807244,4.5,False,False,False,False,False,False
411610,MOREIRA SALES,PR,16.026410564225692,16.0,True,True,False,False,False,False
411620,MORRETES,PR,11.582568807339449,11.6,True,True,False,False,False,False
411630,MUNHOZ DE MELO,PR,6.2015503875969,6.2,False,False,False,False,False,False
411640,NOSSA SENHORA DAS GRACAS,PR,5.059523809523809,5.1,False,False,False,False,False,False
411650,NOVA ALIANCA DO IVAI,PR,3.260869565217391,3.3,False,False,False,False,False,False
411660,NOVA AMERICA DA COLINA,PR,6.479481641468683,6.5,False,False,False,False,False,False
411670,NOVA AURORA,PR,6.5,6.5,False,False,False,False,False,False
411680,NOVA CANTU,PR,7.823960880195599,7.8,False,False,False,False,False,False
411690,NOVA ESPERANCA,PR,8.165680473372781,8.2,False,False,False,False,False,False
411695,NOVA ESPERANCA DO SUDOESTE,PR,6.070287539936102,6.1,False,False,False,False,False,False
411700,NOVA FATIMA,PR,10.101946246524559,10.1,False,False,False,False,False,False
411705,NOVA LARANJEIRAS,PR,11.191135734072022,11.2,True,True,False,False,False,False
411710,NOVA LONDRINA,PR,11.577424023154848,11.6,True,True,False,False,False,False
411720,NOVA OLIMPIA,PR,5.303030303030303,5.3,False,False,False,False,False,False
411721,NOVA SANTA BARBARA,PR,8.357348703170029,8.4,False,False,False,False,False,False
411722,NOVA SANTA ROSA,PR,1.7266187050359711,1.7,False,False,False,False,False,False
411725,NOVA PRATA DO IGUACU,PR,4.720496894409938,4.7,False,False,False,False,False,False
411727,NOVA TEBAS,PR,5.833333333333333,5.8,False,False,False,False,False,False
411729,NOVO ITACOLOMI,PR,1.550387596899225,1.6,False,False,False,False,False,False
411730,ORTIGUEIRA,PR,6.455696202531645,6.5,False,False,False,False,False,False
411740,OURIZONA,PR,3.8793103448275863,3.9,False,False,False,False,False,False
411745,OURO VERDE DO OESTE,PR,7.7071290944123305,7.7,False,False,False,False,False,False
411750,PAICANDU,PR,7.267709291628336,7.3,False,False,False,False,False,False
411760,PALMAS,PR,4.751936361733305,4.8,False,False,False,False,False,False
411770,PALMEIRA,PR,4.846066134549601,4.8,False,False,False,False,False,False
411780,PALMITAL,PR,3.8095238095238098,3.8,False,False,False,False,False,False
411790,PALOTINA,PR,5.77319587628866,5.8,False,False,False,False,False,False
411800,PARAISO DO NORTE,PR,8.91812865497076,8.9,False,False,False,False,False,False
411810,PARANACITY,PR,11.583011583011583,11.6,True,True,False,False,False,False
411820,PARANAGUA,PR,9.499420177812137,9.5,False,False,False,False,False,False
411830,PARANAPOEMA,PR,3.9215686274509802,3.9,False,False,False,False,False,False
411840,PARANAVAI,PR,10.434399765189315,10.4,False,False,False,False,False,False
411845,PATO BRAGADO,PR,3.0136986301369864,3.0,False,False,False,False,False,False
411850,PATO BRANCO,PR,4.257715701734624,4.3,False,False,False,False,False,False
411860,PAULA FREITAS,PR,5.185185185185185,5.2,False,False,False,False,False,False
411870,PAULO FRONTIN,PR,3.7701974865350087,3.8,False,False,False,False,False,False
411880,PEABIRU,PR,8.676092544987146,8.7,False,False,False,False,False,False
411885,PEROBAL,PR,5.132192846034215,5.1,False,False,False,False,False,False
411890,PEROLA,PR,7.29064039408867,7.3,False,False,False,False,False,False
411900,PEROLA D'OESTE,PR,2.5559105431309903,2.6,False,False,False,False,False,False
411910,PIEN,PR,5.2215189873417724,5.2,False,False,False,False,False,False
411915,PINHAIS,PR,8.946651090342678,8.9,False,False,False,False,False,False
411920,PINHALAO,PR,5.263157894736842,5.3,False,False,False,False,False,False
411925,PINHAL DE SAO BENTO,PR,4.395604395604396,4.4,False,False,False,False,False,False
411930,PINHAO,PR,6.933842239185751,6.9,False,False,False,False,False,False
411940,PIRAI DO SUL,PR,4.6389287422285985,4.6,False,False,False,False,False,False
411950,PIRAQUARA,PR,8.17551096943559,8.2,False,False,False,False,False,False
411960,PITANGA,PR,6.061355764473033,6.1,False,False,False,False,False,False
411965,PITANGUEIRAS,PR,6.462585034013606,6.5,False,False,False,False,False,False
411970,PLANALTINA DO PARANA,PR,11.36919315403423,11.4,True,True,False,False,False,False
411980,PLANALTO,PR,7.609668755595345,7.6,False,False,False,False,False,False
411990,PONTA GROSSA,PR,5.213920419109392,5.2,False,False,False,False,False,False
411995,PONTAL DO PARANA,PR,7.285342584562011,7.3,False,False,False,False,False,False
412000,PORECATU,PR,9.954337899543379,10.0,False,False,False,False,False,False
412010,PORTO AMAZONAS,PR,5.707762557077626,5.7,False,False,False,False,False,False
412015,PORTO BARREIRO,PR,1.3623978201634876,1.4,False,False,False,False,False,False
412020,PORTO RICO,PR,3.816793893129771,3.8,False,False,False,False,False,False
412030,PORTO VITORIA,PR,5.182341650671785,5.2,False,False,False,False,False,False
412033,PRADO FERREIRA,PR,10.10989010989011,10.1,False,False,False,False,False,False
412035,PRANCHITA,PR,2.586206896551724,2.6,False,False,False,False,False,False
412040,PRESIDENTE CASTELO BRANCO,PR,10.230179028132993,10.2,False,False,False,False,False,False
412050,PRIMEIRO DE MAIO,PR,6.504065040650407,6.5,False,False,False,False,False,False
412060,PRUDENTOPOLIS,PR,3.8862806468440274,3.9,False,False,False,False,False,False
412065,QUARTO CENTENARIO,PR,10.38647342995169,10.4,False,False,False,False,False,False
412070,QUATIGUA,PR,4.243281471004243,4.2,False,False,False,False,False,False
412080,QUATRO BARRAS,PR,7.793633369923161,7.8,False,False,False,False,False,False
412085,QUATRO PONTES,PR,1.183431952662722,1.2,False,False,False,False,False,False
412090,QUEDAS DO IGUACU,PR,6.221384325343388,6.2,False,False,False,False,False,False
412100,QUERENCIA DO NORTE,PR,6.209850107066381,6.2,False,False,False,False,False,False
412110,QUINTA DO SOL,PR,8.23293172690763,8.2,False,False,False,False,False,False
412120,QUITANDINHA,PR,5.6426332288401255,5.6,False,False,False,False,False,False
412125,RAMILANDIA,PR,6.367924528301887,6.4,False,False,False,False,False,False
412130,RANCHO ALEGRE,PR,6.8493150684931505,6.8,False,False,False,False,False,False
412135,RANCHO ALEGRE D'OESTE,PR,11.02661596958175,11.0,True,True,False,False,False,False
412140,REALEZA,PR,7.445141065830721,7.4,False,False,False,False,False,False
412150,REBOUCAS,PR,6.709856547894494,6.7,False,False,False,False,False,False
412160,RENASCENCA,PR,1.4311270125223614,1.4,False,False,False,False,False,False
412170,RESERVA,PR,6.488156539649846,6.5,False,False,False,False,False,False
412175,RESERVA DO IGUACU,PR,5.82726326742976,5.8,False,False,False,False,False,False
412180,RIBEIRAO CLARO,PR,2.61569416498994,2.6,False,False,False,False,False,False
412190,RIBEIRAO DO PINHAL,PR,4.654011022657685,4.7,False,False,False,False,False,False
412200,RIO AZUL,PR,2.9702970297029703,3.0,False,False,False,False,False,False
412210,RIO BOM,PR,4.794520547945205,4.8,False,False,False,False,False,False
412215,RIO BONITO DO IGUACU,PR,4.847129008202834,4.8,False,False,False,False,False,False
412217,RIO BRANCO DO IVAI,PR,9.863013698630137,9.9,False,False,False,False,False,False
412220,RIO BRANCO DO SUL,PR,3.817034700315457,3.8,False,False,False,False,False,False
412230,RIO NEGRO,PR,4.409171075837742,4.4,False,False,False,False,False,False
412240,ROLANDIA,PR,6.318785578747628,6.3,False,False,False,False,False,False
412250,RONCADOR,PR,6.567164179104477,6.6,False,False,False,False,False,False
412260,RONDON,PR,10.285006195786865,10.3,False,False,False,False,False,False
412265,ROSARIO DO IVAI,PR,4.588394062078273,4.6,False,False,False,False,False,False
412270,SABAUDIA,PR,6.782334384858044,6.8,False,False,False,False,False,False
412280,SALGADO FILHO,PR,4.721030042918455,4.7,False,False,False,False,False,False
412290,SALTO DO ITARARE,PR,8.322496749024708,8.3,False,False,False,False,False,False
412300,SALTO DO LONTRA,PR,3.340080971659919,3.3,False,False,False,False,False,False
412310,SANTA AMELIA,PR,6.325301204819277,6.3,False,False,False,False,False,False
412320,SANTA CECILIA DO PAVAO,PR,6.666666666666667,6.7,False,False,False,False,False,False
412330,SANTA CRUZ DE MONTE CASTELO,PR,8.64864864864865,8.6,False,False,False,False,False,False
412340,SANTA FE,PR,6.4075630252100835,6.4,False,False,False,False,False,False
412350,SANTA HELENA,PR,5.51948051948052,5.5,False,False,False,False,False,False
412360,SANTA INES,PR,18.68686868686869,18.7,True,True,False,False,False,False
412370,SANTA ISABEL DO IVAI,PR,6.230847803881511,6.2,False,False,False,False,False,False
412380,SANTA IZABEL DO OESTE,PR,3.567318757192175,3.6,False,False,False,False,False,False
412382,SANTA LUCIA,PR,4.318936877076411,4.3,False,False,False,False,False,False
412385,SANTA MARIA DO OESTE,PR,7.710280373831775,7.7,False,False,False,False,False,False
412390,SANTA MARIANA,PR,6.983087834151664,7.0,False,False,False,False,False,False
412395,SANTA MONICA,PR,10.570824524312897,10.6,False,False,False,False,False,False
412400,SANTANA DO ITARARE,PR,6.948640483383686,6.9,False,False,False,False,False,False
412402,SANTA TEREZA DO OESTE,PR,3.1591737545565004,3.2,False,False,False,False,False,False
412405,SANTA TEREZINHA DE ITAIPU,PR,2.638623326959847,2.6,False,False,False,False,False,False
412410,SANTO ANTONIO DA PLATINA,PR,4.8390941597139445,4.8,False,False,False,False,False,False
412420,SANTO ANTONIO DO CAIUA,PR,8.214285714285714,8.2,False,False,False,False,False,False
412430,SANTO ANTONIO DO PARAISO,PR,4.694835680751173,4.7,False,False,False,False,False,False
412440,SANTO ANTONIO DO SUDOESTE,PR,3.4782608695652173,3.5,False,False,False,False,False,False
412450,SANTO INACIO,PR,9.701492537313433,9.7,False,False,False,False,False,False
412460,SAO CARLOS DO IVAI,PR,8.356940509915015,8.4,False,False,False,False,False,False
412470,SAO JERONIMO DA SERRA,PR,8.7893864013267,8.8,False,False,False,False,False,False
412480,SAO JOAO,PR,5.133928571428571,5.1,False,False,False,False,False,False
412490,SAO JOAO DO CAIUA,PR,9.131905298759865,9.1,False,False,False,False,False,False
412500,SAO JOAO DO IVAI,PR,8.232789212207239,8.2,False,False,False,False,False,False
412510,SAO JOAO DO TRIUNFO,PR,6.025267249757046,6.0,False,False,False,False,False,False
412520,SAO JORGE D'OESTE,PR,7.178631051752922,7.2,False,False,False,False,False,False
412530,SAO JORGE DO IVAI,PR,3.2994923857868024,3.3,False,False,False,False,False,False
412535,SAO JORGE DO PATROCINIO,PR,3.486238532110092,3.5,False,False,False,False,False,False
412540,SAO JOSE DA BOA VISTA,PR,4.137931034482759,4.1,False,False,False,False,False,False
412545,SAO JOSE DAS PALMEIRAS,PR,5.660377358490567,5.7,False,False,False,False,False,False
412550,SAO JOSE DOS PINHAIS,PR,5.662941709453338,5.7,False,False,False,False,False,False
412555,SAO MANOEL DO PARANA,PR,6.666666666666667,6.7,False,False,False,False,False,False
412560,SAO MATEUS DO SUL,PR,2.72654370489174,2.7,False,False,False,False,False,False
412570,SAO MIGUEL DO IGUACU,PR,9.328599096191091,9.3,False,False,False,False,False,False
412575,SAO PEDRO DO IGUACU,PR,9.180790960451978,9.2,False,False,False,False,False,False
412580,SAO PEDRO DO IVAI,PR,8.505747126436782,8.5,False,False,False,False,False,False
412590,SAO PEDRO DO PARANA,PR,3.292181069958848,3.3,False,False,False,False,False,False
412600,SAO SEBASTIAO DA AMOREIRA,PR,12.617220801364024,12.6,True,True,False,False,False,False
412610,SAO TOME,PR,8.16326530612245,8.2,False,False,False,False,False,False
412620,SAPOPEMA,PR,6.613226452905812,6.6,False,False,False,False,False,False
412625,SARANDI,PR,5.956678700361011,6.0,False,False,False,False,False,False
412627,SAUDADE DO IGUACU,PR,2.857142857142857,2.9,False,False,False,False,False,False
412630,SENGES,PR,2.8427037271004423,2.8,False,False,False,False,False,False
412635,SERRANOPOLIS DO IGUACU,PR,3.428571428571429,3.4,False,False,False,False,False,False
412640,SERTANEJA,PR,5.912162162162162,5.9,False,False,False,False,False,False
412650,SERTANOPOLIS,PR,6.508875739644971,6.5,False,False,False,False,False,False
412660,SIQUEIRA CAMPOS,PR,4.241071428571429,4.2,False,False,False,False,False,False
412665,SULINA,PR,2.9535864978902953,3.0,False,False,False,False,False,False
412667,TAMARANA,PR,8.518518518518519,8.5,False,False,False,False,False,False
412670,TAMBOARA,PR,8.536585365853659,8.5,False,False,False,False,False,False
412680,TAPEJARA,PR,6.382978723404255,6.4,False,False,False,False,False,False
412690,TAPIRA,PR,9.75206611570248,9.8,False,False,False,False,False,False
412700,TEIXEIRA SOARES,PR,3.023758099352052,3.0,False,False,False,False,False,False
412710,TELEMACO BORBA,PR,6.7853853239177155,6.8,False,False,False,False,False,False
412720,TERRA BOA,PR,7.848443843031124,7.8,False,False,False,False,False,False
412730,TERRA RICA,PR,12.634920634920634,12.6,True,True,False,False,False,False
412740,TERRA ROXA,PR,5.201109570041608,5.2,False,False,False,False,False,False
412750,TIBAGI,PR,4.370700121408336,4.4,False,False,False,False,False,False
412760,TIJUCAS DO SUL,PR,5.146096816397732,5.1,False,False,False,False,False,False
412770,TOLEDO,PR,4.85134967035701,4.9,False,False,False,False,False,False
412780,TOMAZINA,PR,3.4954407294832825,3.5,False,False,False,False,False,False
412785,TRES BARRAS DO PARANA,PR,4.939063502245029,4.9,False,False,False,False,False,False
412788,TUNAS DO PARANA,PR,5.9734513274336285,6.0,False,False,False,False,False,False
412790,TUNEIRAS DO OESTE,PR,7.339449541284404,7.3,False,False,False,False,False,False
412795,TUPASSI,PR,7.188160676532769,7.2,False,False,False,False,False,False
412796,TURVO,PR,6.621961441743504,6.6,False,False,False,False,False,False
412800,UBIRATA,PR,10.669291338582678,10.7,False,False,False,False,False,False
412810,UMUARAMA,PR,9.282178217821782,9.3,False,False,False,False,False,False
412820,UNIAO DA VITORIA,PR,3.5476126967191255,3.5,False,False,False,False,False,False
412830,UNIFLOR,PR,9.389671361502346,9.4,False,False,False,False,False,False
412840,URAI,PR,13.936927772126145,13.9,True,True,False,False,False,False
412850,WENCESLAU BRAZ,PR,4.684684684684685,4.7,False,False,False,False,False,False
412853,VENTANIA,PR,6.359945872801083,6.4,False,False,False,False,False,False
412855,VERA CRUZ DO OESTE,PR,5.58659217877095,5.6,False,False,False,False,False,False
412860,VERE,PR,5.929919137466308,5.9,False,False,False,False,False,False
412862,ALTO PARAISO,PR,6.451612903225806,6.5,False,False,False,False,False,False
412863,DOUTOR ULYSSES,PR,5.1194539249146755,5.1,False,False,False,False,False,False
412865,VIRMOND,PR,2.8205128205128207,2.8,False,False,False,False,False,False
412870,VITORINO,PR,3.6918138041733553,3.7,False,False,False,False,False,False
412880,XAMBRE,PR,8.396124865446716,8.4,False,False,False,False,False,False
420005,ABDON BATISTA,SC,2.941176470588235,2.9,False,False,False,False,False,False
420010,ABELARDO LUZ,SC,4.407995899538698,4.4,False,False,False,False,False,False
420020,AGROLANDIA,SC,2.3529411764705883,2.4,False,False,False,False,False,False
420030,AGRONOMICA,SC,1.0416666666666665,1.0,False,False,False,False,False,False
420040,AGUA DOCE,SC,1.9337016574585635,1.9,False,False,False,False,False,False
420050,AGUAS DE CHAPECO,SC,3.4055727554179565,3.4,False,False,False,False,False,False
420055,AGUAS FRIAS,SC,0.9174311926605505,0.9,False,False,False,False,False,False
420060,AGUAS MORNAS,SC,1.762114537444934,1.8,False,False,False,False,False,False
420070,ALFREDO WAGNER,SC,3.180914512922465,3.2,False,False,False,False,False,False
420075,ALTO BELA VISTA,SC,0.0,0.0,False,False,False,,,False
420080,ANCHIETA,SC,2.403846153846154,2.4,False,False,False,False,False,False
420090,ANGELINA,SC,1.0256410256410255,1.0,False,False,False,False,False,False
420100,ANITA GARIBALDI,SC,4.038772213247173,4.0,False,False,False,False,False,False
420110,ANITAPOLIS,SC,2.3255813953488373,2.3,False,False,False,False,False,False
420120,ANTONIO CARLOS,SC,5.0228310502283104,5.0,False,False,False,False,False,False
420125,APIUNA,SC,2.4390243902439024,2.4,False,False,False,False,False,False
420127,ARABUTA,SC,5.405405405405405,5.4,False,False,False,False,False,False
420130,ARAQUARI,SC,3.8945827232796484,3.9,False,False,False,False,False,False
420140,ARARANGUA,SC,4.454203262233375,4.5,False,False,False,False,False,False
420150,ARMAZEM,SC,5.0,5.0,False,False,False,False,False,False
420160,ARROIO TRINTA,SC,2.8301886792452833,2.8,False,False,False,False,False,False
420165,ARVOREDO,SC,3.9473684210526314,3.9,False,False,False,False,False,False
420170,ASCURRA,SC,2.898550724637681,2.9,False,False,False,False,False,False
420180,ATALANTA,SC,3.4090909090909087,3.4,False,False,False,False,False,False
420190,AURORA,SC,5.031446540880504,5.0,False,False,False,False,False,False
420195,BALNEARIO ARROIO DO SILVA,SC,2.9006526468455403,2.9,False,False,False,False,False,False
420200,BALNEARIO CAMBORIU,SC,5.886036318096431,5.9,False,False,False,False,False,False
420205,BALNEARIO BARRA DO SUL,SC,5.660377358490567,5.7,False,False,False,False,False,False
420207,BALNEARIO GAIVOTA,SC,4.4186046511627906,4.4,False,False,False,False,False,False
420208,BANDEIRANTE,SC,1.932367149758454,1.9,False,False,False,False,False,False
420209,BARRA BONITA,SC,9.183673469387756,9.2,False,False,False,False,False,False
420210,BARRA VELHA,SC,4.89344909234412,4.9,False,False,False,False,False,False
420213,BELA VISTA DO TOLDO,SC,5.326876513317192,5.3,False,False,False,False,False,False
420215,BELMONTE,SC,4.026845637583892,4.0,False,False,False,False,False,False
420220,BENEDITO NOVO,SC,3.686635944700461,3.7,False,False,False,False,False,False
420230,BIGUACU,SC,4.9694392771724685,5.0,False,False,False,False,False,False
420240,BLUMENAU,SC,4.30244694421895,4.3,False,False,False,False,False,False
420243,BOCAINA DO SUL,SC,3.812316715542522,3.8,False,False,False,False,False,False
420245,BOMBINHAS,SC,5.367464905037159,5.4,False,False,False,False,False,False
420250,BOM JARDIM DA SERRA,SC,10.759493670886076,10.8,False,False,False,False,False,False
420253,BOM JESUS,SC,2.2641509433962264,2.3,False,False,False,False,False,False
420257,BOM JESUS DO OESTE,SC,1.1904761904761905,1.2,False,False,False,False,False,False
420260,BOM RETIRO,SC,2.459016393442623,2.5,False,False,False,False,False,False
420270,BOTUVERA,SC,2.1604938271604937,2.2,False,False,False,False,False,False
420280,BRACO DO NORTE,SC,5.574324324324325,5.6,False,False,False,False,False,False
420285,BRACO DO TROMBUDO,SC,2.2222222222222223,2.2,False,False,False,False,False,False
420287,BRUNOPOLIS,SC,8.91089108910891,8.9,False,False,False,False,False,False
420290,BRUSQUE,SC,3.1493001555209954,3.1,False,False,False,False,False,False
420300,CACADOR,SC,4.094378903539209,4.1,False,False,False,False,False,False
420310,CAIBI,SC,5.396825396825397,5.4,False,False,False,False,False,False
420315,CALMON,SC,2.952029520295203,3.0,False,False,False,False,False,False
420320,CAMBORIU,SC,2.7212552096101983,2.7,False,False,False,False,False,False
420325,CAPAO ALTO,SC,3.1847133757961785,3.2,False,False,False,False,False,False
420330,CAMPO ALEGRE,SC,4.538341158059469,4.5,False,False,False,False,False,False
420340,CAMPO BELO DO SUL,SC,6.779661016949152,6.8,False,False,False,False,False,False
420350,CAMPO ERE,SC,5.913978494623656,5.9,False,False,False,False,False,False
420360,CAMPOS NOVOS,SC,2.407566638005159,2.4,False,False,False,False,False,False
420370,CANELINHA,SC,3.288888888888889,3.3,False,False,False,False,False,False
420380,CANOINHAS,SC,5.042016806722689,5.0,False,False,False,False,False,False
420390,CAPINZAL,SC,2.753872633390706,2.8,False,False,False,False,False,False
420395,CAPIVARI DE BAIXO,SC,4.1184041184041185,4.1,False,False,False,False,False,False
420400,CATANDUVAS,SC,3.0015797788309637,3.0,False,False,False,False,False,False
420410,CAXAMBU DO SUL,SC,6.008583690987124,6.0,False,False,False,False,False,False
420415,CELSO RAMOS,SC,6.521739130434782,6.5,False,False,False,False,False,False
420417,CERRO NEGRO,SC,4.244031830238726,4.2,False,False,False,False,False,False
420419,CHAPADAO DO LAGEADO,SC,3.4482758620689653,3.4,False,False,False,False,False,False
420420,CHAPECO,SC,3.263171005106489,3.3,False,False,False,False,False,False
420425,COCAL DO SUL,SC,2.5559105431309903,2.6,False,False,False,False,False,False
420430,CONCORDIA,SC,4.315659679408138,4.3,False,False,False,False,False,False
420435,CORDILHEIRA ALTA,SC,5.263157894736842,5.3,False,False,False,False,False,False
420440,CORONEL FREITAS,SC,2.898550724637681,2.9,False,False,False,False,False,False
420445,CORONEL MARTINS,SC,5.223880597014925,5.2,False,False,False,False,False,False
420450,CORUPA,SC,5.6521739130434785,5.7,False,False,False,False,False,False
420455,CORREIA PINTO,SC,4.1636755204594404,4.2,False,False,False,False,False,False
420460,CRICIUMA,SC,4.075511644318984,4.1,False,False,False,False,False,False
420470,CUNHA PORA,SC,2.865329512893983,2.9,False,False,False,False,False,False
420475,CUNHATAI,SC,8.88888888888889,8.9,False,False,False,False,False,False
420480,CURITIBANOS,SC,4.054959785522788,4.1,False,False,False,False,False,False
420490,DESCANSO,SC,4.700854700854701,4.7,False,False,False,False,False,False
420500,DIONISIO CERQUEIRA,SC,2.711323763955343,2.7,False,False,False,False,False,False
420510,DONA EMMA,SC,6.41025641025641,6.4,False,False,False,False,False,False
420515,DOUTOR PEDRINHO,SC,4.2105263157894735,4.2,False,False,False,False,False,False
420517,ENTRE RIOS,SC,19.718309859154928,19.7,True,True,False,False,False,False
420519,ERMO,SC,4.568527918781726,4.6,False,False,False,False,False,False
420520,ERVAL VELHO,SC,4.597701149425287,4.6,False,False,False,False,False,False
420530,FAXINAL DOS GUEDES,SC,2.0408163265306123,2.0,False,False,False,False,False,False
420535,FLOR DO SERTAO,SC,0.7462686567164178,0.7,False,False,False,False,False,False
420540,FLORIANOPOLIS,SC,8.282730143308234,8.3,False,False,False,False,False,False
420543,FORMOSA DO SUL,SC,4.587155963302752,4.6,False,False,False,False,False,False
420545,FORQUILHINHA,SC,4.897595725734639,4.9,False,False,False,False,False,False
420550,FRAIBURGO,SC,2.8973509933774833,2.9,False,False,False,False,False,False
420555,FREI ROGERIO,SC,5.0228310502283104,5.0,False,False,False,False,False,False
420560,GALVAO,SC,9.30232558139535,9.3,False,False,False,False,False,False
420570,GAROPABA,SC,5.946601941747573,5.9,False,False,False,False,False,False
420580,GARUVA,SC,2.207505518763797,2.2,False,False,False,False,False,False
420590,GASPAR,SC,4.66297322253001,4.7,False,False,False,False,False,False
420600,GOVERNADOR CELSO RAMOS,SC,3.4318398474737846,3.4,False,False,False,False,False,False
420610,GRAO-PARA,SC,2.2801302931596092,2.3,False,False,False,False,False,False
420620,GRAVATAL,SC,4.464285714285714,4.5,False,False,False,False,False,False
420630,GUABIRUBA,SC,5.461165048543689,5.5,False,False,False,False,False,False
420640,GUARACIABA,SC,2.807017543859649,2.8,False,False,False,False,False,False
420650,GUARAMIRIM,SC,4.639175257731959,4.6,False,False,False,False,False,False
420660,GUARUJA DO SUL,SC,2.527075812274368,2.5,False,False,False,False,False,False
420665,GUATAMBU,SC,9.358288770053475,9.4,False,False,False,False,False,False
420670,HERVAL D'OESTE,SC,4.426229508196721,4.4,False,False,False,False,False,False
420675,IBIAM,SC,2.1739130434782608,2.2,False,False,False,False,False,False
420680,IBICARE,SC,6.493506493506493,6.5,False,False,False,False,False,False
420690,IBIRAMA,SC,3.2590051457975986,3.3,False,False,False,False,False,False
420700,ICARA,SC,4.499781564001747,4.5,False,False,False,False,False,False
420710,ILHOTA,SC,4.531722054380665,4.5,False,False,False,False,False,False
420720,IMARUI,SC,4.434907010014307,4.4,False,False,False,False,False,False
420730,IMBITUBA,SC,6.0546875,6.1,False,False,False,False,False,False
420740,IMBUIA,SC,2.512562814070352,2.5,False,False,False,False,False,False
420750,INDAIAL,SC,2.67639902676399,2.7,False,False,False,False,False,False
420757,IOMERE,SC,2.127659574468085,2.1,False,False,False,False,False,False
420760,IPIRA,SC,2.013422818791946,2.0,False,False,False,False,False,False
420765,IPORA DO OESTE,SC,1.3089005235602094,1.3,False,False,False,False,False,False
420768,IPUACU,SC,10.438144329896907,10.4,False,False,False,False,False,False
420770,IPUMIRIM,SC,7.6923076923076925,7.7,False,False,False,False,False,False
420775,IRACEMINHA,SC,1.8181818181818181,1.8,False,False,False,False,False,False
420780,IRANI,SC,2.7950310559006213,2.8,False,False,False,False,False,False
420785,IRATI,SC,6.206896551724138,6.2,False,False,False,False,False,False
420790,IRINEOPOLIS,SC,5.906593406593406,5.9,False,False,False,False,False,False
420800,ITA,SC,3.151862464183381,3.2,False,False,False,False,False,False
420810,ITAIOPOLIS,SC,3.1102733270499527,3.1,False,False,False,False,False,False
420820,ITAJAI,SC,5.952852614896989,6.0,False,False,False,False,False,False
420830,ITAPEMA,SC,5.661577608142494,5.7,False,False,False,False,False,False
420840,ITAPIRANGA,SC,3.3596837944664033,3.4,False,False,False,False,False,False
420845,ITAPOA,SC,4.976177871889889,5.0,False,False,False,False,False,False
420850,ITUPORANGA,SC,5.069708491761723,5.1,False,False,False,False,False,False
420860,JABORA,SC,3.0927835051546393,3.1,False,False,False,False,False,False
420870,JACINTO MACHADO,SC,5.263157894736842,5.3,False,False,False,False,False,False
420880,JAGUARUNA,SC,2.7576197387518144,2.8,False,False,False,False,False,False
420890,JARAGUA DO SUL,SC,4.67741935483871,4.7,False,False,False,False,False,False
420895,JARDINOPOLIS,SC,0.0,0.0,False,False,False,False,False,False
420900,JOACABA,SC,3.991811668372569,4.0,False,False,False,False,False,False
420910,JOINVILLE,SC,5.243784697079411,5.2,False,False,False,False,False,False
420915,JOSE BOITEUX,SC,5.806451612903226,5.8,False,False,False,False,False,False
420917,JUPIA,SC,2.403846153846154,2.4,False,False,False,False,False,False
420920,LACERDOPOLIS,SC,2.2222222222222223,2.2,False,False,False,False,False,False
420930,LAGES,SC,6.60144376899696,6.6,False,False,False,False,False,False
420940,LAGUNA,SC,3.7705788635156665,3.8,False,False,False,False,False,False
420945,LAJEADO GRANDE,SC,2.18978102189781,2.2,False,False,False,False,False,False
420950,LAURENTINO,SC,3.2846715328467155,3.3,False,False,False,False,False,False
420960,LAURO MULLER,SC,1.4256619144602851,1.4,False,False,False,False,False,False
420970,LEBON REGIS,SC,2.6049204052098407,2.6,False,False,False,False,False,False
420980,LEOBERTO LEAL,SC,2.7522935779816518,2.8,False,False,False,False,False,False
420985,LINDOIA DO SUL,SC,4.390243902439024,4.4,False,False,False,False,False,False
420990,LONTRAS,SC,2.11864406779661,2.1,False,False,False,False,False,False
421000,LUIZ ALVES,SC,1.524390243902439,1.5,False,False,False,False,False,False
421003,LUZERNA,SC,0.546448087431694,0.5,False,False,False,False,False,False
421005,MACIEIRA,SC,1.694915254237288,1.7,False,False,False,False,False,False
421010,MAFRA,SC,2.8189910979228485,2.8,False,False,False,False,False,False
421020,MAJOR GERCINO,SC,4.864864864864865,4.9,False,False,False,False,False,False
421030,MAJOR VIEIRA,SC,5.414551607445008,5.4,False,False,False,False,False,False
421040,MARACAJA,SC,2.240325865580448,2.2,False,False,False,False,False,False
421050,MARAVILHA,SC,2.1052631578947367,2.1,False,False,False,False,False,False
421055,MAREMA,SC,6.329113924050633,6.3,False,False,False,False,False,False
421060,MASSARANDUBA,SC,3.697183098591549,3.7,False,False,False,False,False,False
421070,MATOS COSTA,SC,4.149377593360995,4.1,False,False,False,False,False,False
421080,MELEIRO,SC,1.7316017316017316,1.7,False,False,False,False,False,False
421085,MIRIM DOCE,SC,1.5384615384615385,1.5,False,False,False,False,False,False
421090,MODELO,SC,3.361344537815126,3.4,False,False,False,False,False,False
421100,MONDAI,SC,4.805491990846682,4.8,False,False,False,False,False,False
421105,MONTE CARLO,SC,4.25531914893617,4.3,False,False,False,False,False,False
421110,MONTE CASTELO,SC,4.05982905982906,4.1,False,False,False,False,False,False
421120,MORRO DA FUMACA,SC,2.4853801169590644,2.5,False,False,False,False,False,False
421125,MORRO GRANDE,SC,3.0864197530864197,3.1,False,False,False,False,False,False
421130,NAVEGANTES,SC,4.817963810769566,4.8,False,False,False,False,False,False
421140,NOVA ERECHIM,SC,3.942652329749104,3.9,False,False,False,False,False,False
421145,NOVA ITABERABA,SC,3.8793103448275863,3.9,False,False,False,False,False,False
421150,NOVA TRENTO,SC,2.277904328018223,2.3,False,False,False,False,False,False
421160,NOVA VENEZA,SC,6.956521739130435,7.0,False,False,False,False,False,False
421165,NOVO HORIZONTE,SC,4.25531914893617,4.3,False,False,False,False,False,False
421170,ORLEANS,SC,4.440789473684211,4.4,False,False,False,False,False,False
421175,OTACILIO COSTA,SC,3.231292517006803,3.2,False,False,False,False,False,False
421180,OURO,SC,8.571428571428571,8.6,False,False,False,False,False,False
421185,OURO VERDE,SC,1.9736842105263157,2.0,False,False,False,False,False,False
421187,PAIAL,SC,1.639344262295082,1.6,False,False,False,False,False,False
421189,PAINEL,SC,4.669260700389105,4.7,False,False,False,False,False,False
421190,PALHOCA,SC,4.828932497688277,4.8,False,False,False,False,False,False
421200,PALMA SOLA,SC,2.4528301886792456,2.5,False,False,False,False,False,False
421205,PALMEIRA,SC,6.756756756756757,6.8,False,False,False,False,False,False
421210,PALMITOS,SC,2.1621621621621623,2.2,False,False,False,False,False,False
421220,PAPANDUVA,SC,5.441354292623942,5.4,False,False,False,False,False,False
421223,PARAISO,SC,3.9525691699604746,4.0,False,False,False,False,False,False
421225,PASSO DE TORRES,SC,2.2375215146299485,2.2,False,False,False,False,False,False
421227,PASSOS MAIA,SC,3.076923076923077,3.1,False,False,False,False,False,False
421230,PAULO LOPES,SC,3.7777777777777777,3.8,False,False,False,False,False,False
421240,PEDRAS GRANDES,SC,0.8658008658008658,0.9,False,False,False,False,False,False
421250,PENHA,SC,2.4371069182389937,2.4,False,False,False,False,False,False
421260,PERITIBA,SC,1.5873015873015872,1.6,False,False,False,False,False,False
421265,PESCARIA BRAVA,SC,3.389830508474576,3.4,False,False,False,,,False
421270,PETROLANDIA,SC,3.255813953488372,3.3,False,False,False,False,False,False
421280,BALNEARIO PICARRAS,SC,6.5750149432157805,6.6,False,False,False,False,False,False
421290,PINHALZINHO,SC,4.225352112676056,4.2,False,False,False,False,False,False
421300,PINHEIRO PRETO,SC,2.8735632183908044,2.9,False,False,False,False,False,False
421310,PIRATUBA,SC,4.0,4.0,False,False,False,False,False,False
421315,PLANALTO ALEGRE,SC,2.3255813953488373,2.3,False,False,False,False,False,False
421320,POMERODE,SC,4.11522633744856,4.1,False,False,False,False,False,False
421330,PONTE ALTA,SC,5.555555555555555,5.6,False,False,False,False,False,False
421335,PONTE ALTA DO NORTE,SC,2.73972602739726,2.7,False,False,False,False,False,False
421340,PONTE SERRADA,SC,2.622950819672131,2.6,False,False,False,False,False,False
421350,PORTO BELO,SC,4.990583804143126,5.0,False,False,False,False,False,False
421360,PORTO UNIAO,SC,4.712362301101591,4.7,False,False,False,False,False,False
421370,POUSO REDONDO,SC,2.5423728813559325,2.5,False,False,False,False,False,False
421380,PRAIA GRANDE,SC,5.952380952380952,6.0,False,False,False,False,False,False
421390,PRESIDENTE CASTELLO BRANCO,SC,4.651162790697675,4.7,False,False,False,False,False,False
421400,PRESIDENTE GETULIO,SC,3.8834951456310676,3.9,False,False,False,False,False,False
421410,PRESIDENTE NEREU,SC,1.0869565217391304,1.1,False,False,False,False,False,False
421415,PRINCESA,SC,2.857142857142857,2.9,False,False,False,False,False,False
421420,QUILOMBO,SC,6.191950464396285,6.2,False,False,False,False,False,False
421430,RANCHO QUEIMADO,SC,2.6143790849673203,2.6,False,False,False,False,False,False
421440,RIO DAS ANTAS,SC,2.570093457943925,2.6,False,False,False,False,False,False
421450,RIO DO CAMPO,SC,2.358490566037736,2.4,False,False,False,False,False,False
421460,RIO DO OESTE,SC,1.8018018018018018,1.8,False,False,False,False,False,False
421470,RIO DOS CEDROS,SC,7.114624505928854,7.1,False,False,False,False,False,False
421480,RIO DO SUL,SC,5.58836892321672,5.6,False,False,False,False,False,False
421490,RIO FORTUNA,SC,0.0,0.0,False,False,False,False,False,False
421500,RIO NEGRINHO,SC,4.882459312839059,4.9,False,False,False,False,False,False
421505,RIO RUFINO,SC,11.822660098522167,11.8,True,True,False,False,False,False
421507,RIQUEZA,SC,3.508771929824561,3.5,False,False,False,False,False,False
421510,RODEIO,SC,5.769230769230769,5.8,False,False,False,False,False,False
421520,ROMELANDIA,SC,3.90625,3.9,False,False,False,False,False,False
421530,SALETE,SC,2.403846153846154,2.4,False,False,False,False,False,False
421535,SALTINHO,SC,3.076923076923077,3.1,False,False,False,False,False,False
421540,SALTO VELOSO,SC,6.779661016949152,6.8,False,False,False,False,False,False
421545,SANGAO,SC,2.8933092224231465,2.9,False,False,False,False,False,False
421550,SANTA CECILIA,SC,7.312775330396476,7.3,False,False,False,False,False,False
421555,SANTA HELENA,SC,1.9607843137254901,2.0,False,False,False,False,False,False
421560,SANTA ROSA DE LIMA,SC,1.8518518518518516,1.9,False,False,False,False,False,False
421565,SANTA ROSA DO SUL,SC,2.6132404181184667,2.6,False,False,False,False,False,False
421567,SANTA TEREZINHA,SC,1.345291479820628,1.3,False,False,False,False,False,False
421568,SANTA TEREZINHA DO PROGRESSO,SC,0.7299270072992701,0.7,False,False,False,False,False,False
421569,SANTIAGO DO SUL,SC,0.0,0.0,False,False,False,False,False,False
421570,SANTO AMARO DA IMPERATRIZ,SC,5.5611729019211324,5.6,False,False,False,False,False,False
421575,SAO BERNARDINO,SC,2.1739130434782608,2.2,False,False,False,False,False,False
421580,SAO BENTO DO SUL,SC,3.836234687298517,3.8,False,False,False,False,False,False
421590,SAO BONIFACIO,SC,6.122448979591836,6.1,False,False,False,False,False,False
421600,SAO CARLOS,SC,2.9850746268656714,3.0,False,False,False,False,False,False
421605,SAO CRISTOVAO DO SUL,SC,4.501607717041801,4.5,False,False,False,False,False,False
421610,SAO DOMINGOS,SC,6.145251396648044,6.1,False,False,False,False,False,False
421620,SAO FRANCISCO DO SUL,SC,5.04047093451067,5.0,False,False,False,False,False,False
421625,SAO JOAO DO OESTE,SC,4.225352112676056,4.2,False,False,False,False,False,False
421630,SAO JOAO BATISTA,SC,2.962009014810045,3.0,False,False,False,False,False,False
421635,SAO JOAO DO ITAPERIU,SC,4.72972972972973,4.7,False,False,False,False,False,False
421640,SAO JOAO DO SUL,SC,4.807692307692308,4.8,False,False,False,False,False,False
421650,SAO JOAQUIM,SC,6.430155210643015,6.4,False,False,False,False,False,False
421660,SAO JOSE,SC,5.05861365953109,5.1,False,False,False,False,False,False
421670,SAO JOSE DO CEDRO,SC,2.9545454545454546,3.0,False,False,False,False,False,False
421680,SAO JOSE DO CERRITO,SC,7.021517553793885,7.0,False,False,False,False,False,False
421690,SAO LOURENCO DO OESTE,SC,2.4752475247524752,2.5,False,False,False,False,False,False
421700,SAO LUDGERO,SC,4.45859872611465,4.5,False,False,False,False,False,False
421710,SAO MARTINHO,SC,0.0,0.0,False,False,False,False,False,False
421715,SAO MIGUEL DA BOA VISTA,SC,8.208955223880597,8.2,False,False,False,False,False,False
421720,SAO MIGUEL DO OESTE,SC,4.0078843626806835,4.0,False,False,False,False,False,False
421725,SAO PEDRO DE ALCANTARA,SC,3.684210526315789,3.7,False,False,False,False,False,False
421730,SAUDADES,SC,2.967359050445104,3.0,False,False,False,False,False,False
421740,SCHROEDER,SC,2.1052631578947367,2.1,False,False,False,False,False,False
421750,SEARA,SC,4.631217838765009,4.6,False,False,False,False,False,False
421755,SERRA ALTA,SC,3.571428571428571,3.6,False,False,False,False,False,False
421760,SIDEROPOLIS,SC,5.9790732436472345,6.0,False,False,False,False,False,False
421770,SOMBRIO,SC,3.6202185792349724,3.6,False,False,False,False,False,False
421775,SUL BRASIL,SC,2.380952380952381,2.4,False,False,False,False,False,False
421780,TAIO,SC,3.375527426160337,3.4,False,False,False,False,False,False
421790,TANGARA,SC,2.5,2.5,False,False,False,False,False,False
421795,TIGRINHOS,SC,3.968253968253968,4.0,False,False,False,False,False,False
421800,TIJUCAS,SC,3.9586919104991396,4.0,False,False,False,False,False,False
421810,TIMBE DO SUL,SC,3.3582089552238807,3.4,False,False,False,False,False,False
421820,TIMBO,SC,2.86425902864259,2.9,False,False,False,False,False,False
421825,TIMBO GRANDE,SC,4.891304347826087,4.9,False,False,False,False,False,False
421830,TRES BARRAS,SC,2.748414376321353,2.7,False,False,False,False,False,False
421835,TREVISO,SC,10.493827160493826,10.5,False,False,False,False,False,False
421840,TREZE DE MAIO,SC,1.809954751131222,1.8,False,False,False,False,False,False
421850,TREZE TILIAS,SC,2.371541501976284,2.4,False,False,False,False,False,False
421860,TROMBUDO CENTRAL,SC,2.898550724637681,2.9,False,False,False,False,False,False
421870,TUBARAO,SC,4.344216934144992,4.3,False,False,False,False,False,False
421875,TUNAPOLIS,SC,2.5380710659898478,2.5,False,False,False,False,False,False
421880,TURVO,SC,4.748603351955307,4.7,False,False,False,False,False,False
421885,UNIAO DO OESTE,SC,1.5873015873015872,1.6,False,False,False,False,False,False
421890,URUBICI,SC,6.359649122807018,6.4,False,False,False,False,False,False
421895,URUPEMA,SC,6.772908366533864,6.8,False,False,False,False,False,False
421900,URUSSANGA,SC,2.73972602739726,2.7,False,False,False,False,False,False
421910,VARGEAO,SC,0.4166666666666667,0.4,False,False,False,False,False,False
421915,VARGEM,SC,9.62962962962963,9.6,False,False,False,False,False,False
421917,VARGEM BONITA,SC,4.691358024691358,4.7,False,False,False,False,False,False
421920,VIDAL RAMOS,SC,1.639344262295082,1.6,False,False,False,False,False,False
421930,VIDEIRA,SC,4.8120300751879705,4.8,False,False,False,False,False,False
421935,VITOR MEIRELES,SC,4.591836734693878,4.6,False,False,False,False,False,False
421940,WITMARSUM,SC,3.3333333333333335,3.3,False,False,False,False,False,False
421950,XANXERE,SC,5.480259281084266,5.5,False,False,False,False,False,False
421960,XAVANTINA,SC,2.7027027027027026,2.7,False,False,False,False,False,False
421970,XAXIM,SC,3.7340619307832426,3.7,False,False,False,False,False,False
421985,ZORTEA,SC,2.6490066225165565,2.6,False,False,False,False,False,False
422000,BALNEARIO RINCAO,SC,2.955665024630542,3.0,False,False,False,,,False
430003,ACEGUA,RS,4.324324324324325,4.3,False,False,False,False,False,False
430005,AGUA SANTA,RS,19.02834008097166,19.0,True,True,False,False,False,False
430010,AGUDO,RS,6.9493521790341575,6.9,False,False,False,False,False,False
430020,AJURICABA,RS,5.245901639344262,5.2,False,False,False,False,False,False
430030,ALECRIM,RS,5.472636815920398,5.5,False,False,False,False,False,False
430040,ALEGRETE,RS,5.505709624796085,5.5,False,False,False,False,False,False
430045,ALEGRIA,RS,2.6119402985074625,2.6,False,False,False,False,False,False
430047,ALMIRANTE TAMANDARE DO SUL,RS,0.7352941176470588,0.7,False,False,False,False,False,False
430050,ALPESTRE,RS,5.774278215223097,5.8,False,False,False,False,False,False
430055,ALTO ALEGRE,RS,3.5398230088495577,3.5,False,False,False,False,False,False
430057,ALTO FELIZ,RS,2.7027027027027026,2.7,False,False,False,False,False,False
430060,ALVORADA,RS,8.270676691729323,8.3,False,False,False,False,False,False
430063,AMARAL FERRADOR,RS,5.900621118012422,5.9,False,False,False,False,False,False
430064,AMETISTA DO SUL,RS,5.3156146179401995,5.3,False,False,False,False,False,False
430066,ANDRE DA ROCHA,RS,1.694915254237288,1.7,False,False,False,False,False,False
430070,ANTA GORDA,RS,0.8,0.8,False,False,False,False,False,False
430080,ANTONIO PRADO,RS,3.3185840707964607,3.3,False,False,False,False,False,False
430085,ARAMBARE,RS,10.977242302543507,11.0,True,True,False,False,False,False
430087,ARARICA,RS,3.45489443378119,3.5,False,False,False,False,False,False
430090,ARATIBA,RS,4.371584699453552,4.4,False,False,False,False,False,False
430100,ARROIO DO MEIO,RS,3.6249999999999996,3.6,False,False,False,False,False,False
430105,ARROIO DO SAL,RS,5.789909015715467,5.8,False,False,False,False,False,False
430107,ARROIO DO PADRE,RS,5.47945205479452,5.5,False,False,False,False,False,False
430110,ARROIO DOS RATOS,RS,9.038360483447189,9.0,False,False,False,False,False,False
430120,ARROIO DO TIGRE,RS,5.660377358490567,5.7,False,False,False,False,False,False
430130,ARROIO GRANDE,RS,12.376024148339802,12.4,True,True,False,False,False,False
430140,ARVOREZINHA,RS,6.553911205073996,6.6,False,False,False,False,False,False
430150,AUGUSTO PESTANA,RS,2.73972602739726,2.7,False,False,False,False,False,False
430155,AUREA,RS,14.634146341463413,14.6,True,True,False,False,False,False
430160,BAGE,RS,8.49594927791476,8.5,False,False,False,False,False,False
430163,BALNEARIO PINHAL,RS,7.833120476798637,7.8,False,False,False,False,False,False
430165,BARAO,RS,1.8867924528301887,1.9,False,False,False,False,False,False
430170,BARAO DE COTEGIPE,RS,3.75234521575985,3.8,False,False,False,False,False,False
430175,BARAO DO TRIUNFO,RS,8.088235294117647,8.1,False,False,False,False,False,False
430180,BARRACAO,RS,5.7324840764331215,5.7,False,False,False,False,False,False
430185,BARRA DO GUARITA,RS,7.11743772241993,7.1,False,False,False,False,False,False
430187,BARRA DO QUARAI,RS,9.417808219178083,9.4,False,False,False,False,False,False
430190,BARRA DO RIBEIRO,RS,9.40766550522648,9.4,False,False,False,False,False,False
430192,BARRA DO RIO AZUL,RS,5.633802816901409,5.6,False,False,False,False,False,False
430195,BARRA FUNDA,RS,1.282051282051282,1.3,False,False,False,False,False,False
430200,BARROS CASSAL,RS,6.160164271047227,6.2,False,False,False,False,False,False
430205,BENJAMIN CONSTANT DO SUL,RS,30.193905817174517,30.2,True,True,False,False,False,False
430210,BENTO GONCALVES,RS,4.432505036937542,4.4,False,False,False,False,False,False
430215,BOA VISTA DAS MISSOES,RS,1.968503937007874,2.0,False,False,False,False,False,False
430220,BOA VISTA DO BURICA,RS,3.896103896103896,3.9,False,False,False,False,False,False
430222,BOA VISTA DO CADEADO,RS,6.299212598425196,6.3,False,False,False,False,False,False
430223,BOA VISTA DO INCRA,RS,1.8292682926829267,1.8,False,False,False,False,False,False
430225,BOA VISTA DO SUL,RS,4.0,4.0,False,False,False,False,False,False
430230,BOM JESUS,RS,12.907431551499348,12.9,True,True,False,False,False,False
430235,BOM PRINCIPIO,RS,4.702194357366771,4.7,False,False,False,False,False,False
430237,BOM PROGRESSO,RS,5.617977528089887,5.6,False,False,False,False,False,False
430240,BOM RETIRO DO SUL,RS,4.647887323943662,4.6,False,False,False,False,False,False
430245,BOQUEIRAO DO LEAO,RS,2.494331065759637,2.5,False,False,False,False,False,False
430250,BOSSOROCA,RS,7.476635514018691,7.5,False,False,False,False,False,False
430258,BOZANO,RS,9.195402298850574,9.2,False,False,False,False,False,False
430260,BRAGA,RS,9.852216748768473,9.9,False,False,False,False,False,False
430265,BROCHIER,RS,2.366863905325444,2.4,False,False,False,False,False,False
430270,BUTIA,RS,6.746987951807229,6.7,False,False,False,False,False,False
430280,CACAPAVA DO SUL,RS,8.689578094439787,8.7,False,False,False,False,False,False
430290,CACEQUI,RS,6.6500415627597675,6.7,False,False,False,False,False,False
430300,CACHOEIRA DO SUL,RS,6.900705558423679,6.9,False,False,False,False,False,False
430310,CACHOEIRINHA,RS,4.711991537647851,4.7,False,False,False,False,False,False
430320,CACIQUE DOBLE,RS,17.42243436754177,17.4,True,True,False,False,False,False
430330,CAIBATE,RS,3.592814371257485,3.6,False,False,False,False,False,False
430340,CAICARA,RS,10.244988864142538,10.2,False,False,False,False,False,False
430350,CAMAQUA,RS,5.5642879597610815,5.6,False,False,False,False,False,False
430355,CAMARGO,RS,4.878048780487805,4.9,False,False,False,False,False,False
430360,CAMBARA DO SUL,RS,3.3766233766233764,3.4,False,False,False,False,False,False
430367,CAMPESTRE DA SERRA,RS,16.57142857142857,16.6,True,True,False,False,False,False
430370,CAMPINA DAS MISSOES,RS,1.4851485148514851,1.5,False,False,False,False,False,False
430380,CAMPINAS DO SUL,RS,2.8169014084507045,2.8,False,False,False,False,False,False
430390,CAMPO BOM,RS,5.8281198551201845,5.8,False,False,False,False,False,False
430400,CAMPO NOVO,RS,11.688311688311687,11.7,True,True,False,False,False,False
430410,CAMPOS BORGES,RS,5.5096418732782375,5.5,False,False,False,False,False,False
430420,CANDELARIA,RS,6.82800345721694,6.8,False,False,False,False,False,False
430430,CANDIDO GODOI,RS,3.2710280373831773,3.3,False,False,False,False,False,False
430435,CANDIOTA,RS,7.795473595976529,7.8,False,False,False,False,False,False
430440,CANELA,RS,5.386095081066227,5.4,False,False,False,False,False,False
430450,CANGUCU,RS,11.037131882202305,11.0,True,True,False,False,False,False
430460,CANOAS,RS,7.747318235995232,7.7,False,False,False,False,False,False
430461,CANUDOS DO VALE,RS,1.7857142857142856,1.8,False,False,False,False,False,False
430462,CAPAO BONITO DO SUL,RS,4.736842105263158,4.7,False,False,False,False,False,False
430463,CAPAO DA CANOA,RS,5.209756097560976,5.2,False,False,False,False,False,False
430465,CAPAO DO CIPO,RS,4.615384615384616,4.6,False,False,False,False,False,False
430466,CAPAO DO LEAO,RS,6.378865979381443,6.4,False,False,False,False,False,False
430467,CAPIVARI DO SUL,RS,5.294117647058823,5.3,False,False,False,False,False,False
430468,CAPELA DE SANTANA,RS,4.6938775510204085,4.7,False,False,False,False,False,False
430469,CAPITAO,RS,3.436426116838488,3.4,False,False,False,False,False,False
430470,CARAZINHO,RS,4.617414248021108,4.6,False,False,False,False,False,False
430471,CARAA,RS,2.80561122244489,2.8,False,False,False,False,False,False
430480,CARLOS BARBOSA,RS,4.3927648578811365,4.4,False,False,False,False,False,False
430485,CARLOS GOMES,RS,5.9405940594059405,5.9,False,False,False,False,False,False
430490,CASCA,RS,4.232804232804233,4.2,False,False,False,False,False,False
430495,CASEIROS,RS,5.5813953488372094,5.6,False,False,False,False,False,False
430500,CATUIPE,RS,7.765451664025356,7.8,False,False,False,False,False,False
430510,CAXIAS DO SUL,RS,6.014974341717843,6.0,False,False,False,False,False,False
430511,CENTENARIO,RS,5.487804878048781,5.5,False,False,False,False,False,False
430512,CERRITO,RS,10.506566604127581,10.5,False,False,False,False,False,False
430513,CERRO BRANCO,RS,7.6923076923076925,7.7,False,False,False,False,False,False
430515,CERRO GRANDE,RS,3.6303630363036308,3.6,False,False,False,False,False,False
430517,CERRO GRANDE DO SUL,RS,6.640106241699867,6.6,False,False,False,False,False,False
430520,CERRO LARGO,RS,8.254716981132075,8.3,False,False,False,False,False,False
430530,CHAPADA,RS,2.3508137432188065,2.4,False,False,False,False,False,False
430535,CHARQUEADAS,RS,6.537717601547389,6.5,False,False,False,False,False,False
430537,CHARRUA,RS,32.25806451612903,32.3,True,True,False,False,False,False
430540,CHIAPETTA,RS,4.4673539518900345,4.5,False,False,False,False,False,False
430543,CHUI,RS,19.800332778702163,19.8,True,True,False,False,False,False
430544,CHUVISCA,RS,4.411764705882353,4.4,False,False,False,False,False,False
430545,CIDREIRA,RS,9.506172839506172,9.5,False,False,False,False,False,False
430550,CIRIACO,RS,4.29042904290429,4.3,False,False,False,False,False,False
430558,COLINAS,RS,0.8403361344537815,0.8,False,False,False,False,False,False
430560,COLORADO,RS,1.8867924528301887,1.9,False,False,False,False,False,False
430570,CONDOR,RS,6.299212598425196,6.3,False,False,False,False,False,False
430580,CONSTANTINA,RS,10.674157303370785,10.7,False,False,False,False,False,False
430583,COQUEIRO BAIXO,RS,0.6756756756756757,0.7,False,False,False,False,False,False
430585,COQUEIROS DO SUL,RS,10.309278350515463,10.3,False,False,False,False,False,False
430587,CORONEL BARROS,RS,2.142857142857143,2.1,False,False,False,False,False,False
430590,CORONEL BICACO,RS,5.818181818181818,5.8,False,False,False,False,False,False
430593,CORONEL PILAR,RS,0.0,0.0,False,False,False,False,False,False
430595,COTIPORA,RS,2.0618556701030926,2.1,False,False,False,False,False,False
430597,COXILHA,RS,6.666666666666667,6.7,False,False,False,False,False,False
430600,CRISSIUMAL,RS,3.741496598639456,3.7,False,False,False,False,False,False
430605,CRISTAL,RS,6.284916201117319,6.3,False,False,False,False,False,False
430607,CRISTAL DO SUL,RS,3.664921465968586,3.7,False,False,False,False,False,False
430610,CRUZ ALTA,RS,5.564263322884012,5.6,False,False,False,False,False,False
430613,CRUZALTENSE,RS,5.084745762711865,5.1,False,False,False,False,False,False
430620,CRUZEIRO DO SUL,RS,2.6592022393282013,2.7,False,False,False,False,False,False
430630,DAVID CANABARRO,RS,2.9166666666666665,2.9,False,False,False,False,False,False
430632,DERRUBADAS,RS,9.90990990990991,9.9,False,False,False,False,False,False
430635,DEZESSEIS DE NOVEMBRO,RS,5.026455026455026,5.0,False,False,False,False,False,False
430637,DILERMANDO DE AGUIAR,RS,5.797101449275362,5.8,False,False,False,False,False,False
430640,DOIS IRMAOS,RS,5.764966740576496,5.8,False,False,False,False,False,False
430642,DOIS IRMAOS DAS MISSOES,RS,3.125,3.1,False,False,False,False,False,False
430645,DOIS LAJEADOS,RS,4.285714285714286,4.3,False,False,False,False,False,False
430650,DOM FELICIANO,RS,6.772009029345373,6.8,False,False,False,False,False,False
430655,DOM PEDRO DE ALCANTARA,RS,1.4084507042253522,1.4,False,False,False,False,False,False
430660,DOM PEDRITO,RS,6.267179769103903,6.3,False,False,False,False,False,False
430670,DONA FRANCISCA,RS,6.037735849056604,6.0,False,False,False,False,False,False
430673,DOUTOR MAURICIO CARDOSO,RS,9.30232558139535,9.3,False,False,False,False,False,False
430675,DOUTOR RICARDO,RS,1.0,1.0,False,False,False,False,False,False
430676,ELDORADO DO SUL,RS,7.929325576384399,7.9,False,False,False,False,False,False
430680,ENCANTADO,RS,4.125950054288817,4.1,False,False,False,False,False,False
430690,ENCRUZILHADA DO SUL,RS,6.1894108873974645,6.2,False,False,False,False,False,False
430692,ENGENHO VELHO,RS,13.740458015267176,13.7,True,True,False,False,False,False
430693,ENTRE-IJUIS,RS,2.7613412228796843,2.8,False,False,False,False,False,False
430695,ENTRE RIOS DO SUL,RS,7.053941908713693,7.1,False,False,False,False,False,False
430697,EREBANGO,RS,12.941176470588237,12.9,True,True,False,False,False,False
430700,ERECHIM,RS,7.826598666143586,7.8,False,False,False,False,False,False
430705,ERNESTINA,RS,4.0,4.0,False,False,False,False,False,False
430710,HERVAL,RS,10.735735735735735,10.7,False,False,False,False,False,False
430720,ERVAL GRANDE,RS,5.510204081632653,5.5,False,False,False,False,False,False
430730,ERVAL SECO,RS,4.801324503311259,4.8,False,False,False,False,False,False
430740,ESMERALDA,RS,5.764411027568922,5.8,False,False,False,False,False,False
430745,ESPERANCA DO SUL,RS,7.4074074074074066,7.4,False,False,False,False,False,False
430750,ESPUMOSO,RS,7.673667205169628,7.7,False,False,False,False,False,False
430755,ESTACAO,RS,4.464285714285714,4.5,False,False,False,False,False,False
430760,ESTANCIA VELHA,RS,4.580152671755725,4.6,False,False,False,False,False,False
430770,ESTEIO,RS,6.248468512619456,6.2,False,False,False,False,False,False
430780,ESTRELA,RS,5.091078935077067,5.1,False,False,False,False,False,False
430781,ESTRELA VELHA,RS,7.739938080495357,7.7,False,False,False,False,False,False
430783,EUGENIO DE CASTRO,RS,3.827751196172249,3.8,False,False,False,False,False,False
430786,FAGUNDES VARELA,RS,8.0,8.0,False,False,False,False,False,False
430790,FARROUPILHA,RS,8.303886925795052,8.3,False,False,False,False,False,False
430800,FAXINAL DO SOTURNO,RS,14.130434782608695,14.1,True,True,False,False,False,False
430805,FAXINALZINHO,RS,14.450867052023122,14.5,True,True,False,False,False,False
430807,FAZENDA VILANOVA,RS,4.825737265415549,4.8,False,False,False,False,False,False
430810,FELIZ,RS,2.4017467248908297,2.4,False,False,False,False,False,False
430820,FLORES DA CUNHA,RS,1.3189448441247003,1.3,False,False,False,False,False,False
430825,FLORIANO PEIXOTO,RS,5.109489051094891,5.1,False,False,False,False,False,False
430830,FONTOURA XAVIER,RS,8.461538461538462,8.5,False,False,False,False,False,False
430840,FORMIGUEIRO,RS,5.961251862891207,6.0,False,False,False,False,False,False
430843,FORQUETINHA,RS,0.3875968992248062,0.4,False,False,False,False,False,False
430845,FORTALEZA DOS VALOS,RS,3.951367781155015,4.0,False,False,False,False,False,False
430850,FREDERICO WESTPHALEN,RS,4.123711340206185,4.1,False,False,False,False,False,False
430860,GARIBALDI,RS,3.1358885017421603,3.1,False,False,False,False,False,False
430865,GARRUCHOS,RS,3.4274193548387095,3.4,False,False,False,False,False,False
430870,GAURAMA,RS,5.592105263157895,5.6,False,False,False,False,False,False
430880,GENERAL CAMARA,RS,5.042016806722689,5.0,False,False,False,False,False,False
430885,GENTIL,RS,1.6528925619834711,1.7,False,False,False,False,False,False
430890,GETULIO VARGAS,RS,3.779527559055118,3.8,False,False,False,False,False,False
430900,GIRUA,RS,6.065759637188209,6.1,False,False,False,False,False,False
430905,GLORINHA,RS,5.354330708661418,5.4,False,False,False,False,False,False
430910,GRAMADO,RS,6.718528995756719,6.7,False,False,False,False,False,False
430912,GRAMADO DOS LOUREIROS,RS,4.739336492890995,4.7,False,False,False,False,False,False
430915,GRAMADO XAVIER,RS,2.631578947368421,2.6,False,False,False,False,False,False
430920,GRAVATAI,RS,7.678075855689177,7.7,False,False,False,False,False,False
430925,GUABIJU,RS,12.903225806451612,12.9,True,True,False,False,False,False
430930,GUAIBA,RS,6.268260292164675,6.3,False,False,False,False,False,False
430940,GUAPORE,RS,8.561236623067776,8.6,False,False,False,False,False,False
430950,GUARANI DAS MISSOES,RS,6.329113924050633,6.3,False,False,False,False,False,False
430955,HARMONIA,RS,3.2679738562091507,3.3,False,False,False,False,False,False
430957,HERVEIRAS,RS,4.093567251461988,4.1,False,False,False,False,False,False
430960,HORIZONTINA,RS,3.901170351105332,3.9,False,False,False,False,False,False
430965,HULHA NEGRA,RS,7.938257993384785,7.9,False,False,False,False,False,False
430970,HUMAITA,RS,6.101694915254238,6.1,False,False,False,False,False,False
430975,IBARAMA,RS,4.833836858006042,4.8,False,False,False,False,False,False
430980,IBIACA,RS,5.81039755351682,5.8,False,False,False,False,False,False
430990,IBIRAIARAS,RS,8.940397350993377,8.9,False,False,False,False,False,False
430995,IBIRAPUITA,RS,3.880597014925373,3.9,False,False,False,False,False,False
431000,IBIRUBA,RS,4.282655246252676,4.3,False,False,False,False,False,False
431010,IGREJINHA,RS,2.7455121436114043,2.7,False,False,False,False,False,False
431020,IJUI,RS,5.63237088247255,5.6,False,False,False,False,False,False
431030,ILOPOLIS,RS,3.804347826086957,3.8,False,False,False,False,False,False
431033,IMBE,RS,6.382215847974185,6.4,False,False,False,False,False,False
431036,IMIGRANTE,RS,4.054054054054054,4.1,False,False,False,False,False,False
431040,INDEPENDENCIA,RS,7.101449275362319,7.1,False,False,False,False,False,False
431041,INHACORA,RS,12.105263157894736,12.1,True,True,False,False,False,False
431043,IPE,RS,4.66321243523316,4.7,False,False,False,False,False,False
431046,IPIRANGA DO SUL,RS,7.6923076923076925,7.7,False,False,False,,,False
431050,IRAI,RS,9.803921568627452,9.8,False,False,False,False,False,False
431053,ITAARA,RS,4.761904761904762,4.8,False,False,False,False,False,False
431055,ITACURUBI,RS,8.81542699724518,8.8,False,False,False,False,False,False
431057,ITAPUCA,RS,2.73972602739726,2.7,False,False,False,False,False,False
431060,ITAQUI,RS,9.311495298756444,9.3,False,False,False,False,False,False
431065,ITATI,RS,3.6734693877551026,3.7,False,False,False,False,False,False
431070,ITATIBA DO SUL,RS,3.361344537815126,3.4,False,False,False,False,False,False
431075,IVORA,RS,5.142857142857142,5.1,False,False,False,False,False,False
431080,IVOTI,RS,4.872389791183294,4.9,False,False,False,False,False,False
431085,JABOTICABA,RS,4.761904761904762,4.8,False,False,False,False,False,False
431087,JACUIZINHO,RS,4.166666666666666,4.2,False,False,False,False,False,False
431090,JACUTINGA,RS,2.9197080291970803,2.9,False,False,False,False,False,False
431100,JAGUARAO,RS,10.153417015341702,10.2,False,False,False,False,False,False
431110,JAGUARI,RS,7.450157397691501,7.5,False,False,False,False,False,False
431112,JAQUIRANA,RS,8.761904761904763,8.8,False,False,False,False,False,False
431113,JARI,RS,6.573705179282868,6.6,False,False,False,False,False,False
431115,JOIA,RS,7.718696397941681,7.7,False,False,False,False,False,False
431120,JULIO DE CASTILHOS,RS,7.1027082268778745,7.1,False,False,False,False,False,False
431123,LAGOA BONITA DO SUL,RS,3.515625,3.5,False,False,False,False,False,False
431125,LAGOAO,RS,6.0278207109737245,6.0,False,False,False,False,False,False
431127,LAGOA DOS TRES CANTOS,RS,0.0,0.0,False,False,False,False,False,False
431130,LAGOA VERMELHA,RS,5.907960199004975,5.9,False,False,False,False,False,False
431140,LAJEADO,RS,4.3786220218931104,4.4,False,False,False,False,False,False
431142,LAJEADO DO BUGRE,RS,11.065573770491802,11.1,True,True,False,False,False,False
431150,LAVRAS DO SUL,RS,12.636505460218409,12.6,True,True,False,False,False,False
431160,LIBERATO SALZANO,RS,4.444444444444445,4.4,False,False,False,False,False,False
431162,LINDOLFO COLLOR,RS,5.555555555555555,5.6,False,False,False,False,False,False
431164,LINHA NOVA,RS,0.0,0.0,False,False,False,False,False,False
431170,MACHADINHO,RS,7.000000000000001,7.0,False,False,False,False,False,False
431171,MACAMBARA,RS,7.07070707070707,7.1,False,False,False,False,False,False
431173,MAMPITUBA,RS,5.46218487394958,5.5,False,False,False,False,False,False
431175,MANOEL VIANA,RS,6.779661016949152,6.8,False,False,False,False,False,False
431177,MAQUINE,RS,5.893186003683241,5.9,False,False,False,False,False,False
431179,MARATA,RS,1.4814814814814816,1.5,False,False,False,False,False,False
431180,MARAU,RS,5.165409170052235,5.2,False,False,False,False,False,False
431190,MARCELINO RAMOS,RS,3.614457831325301,3.6,False,False,False,False,False,False
431198,MARIANA PIMENTEL,RS,8.679245283018867,8.7,False,False,False,False,False,False
431200,MARIANO MORO,RS,1.8867924528301887,1.9,False,False,False,False,False,False
431205,MARQUES DE SOUZA,RS,1.5655577299412915,1.6,False,False,False,False,False,False
431210,MATA,RS,13.299232736572892,13.3,True,True,False,False,False,False
431213,MATO CASTELHANO,RS,7.518796992481203,7.5,False,False,False,False,False,False
431215,MATO LEITAO,RS,1.8315018315018317,1.8,False,False,False,False,False,False
431217,MATO QUEIMADO,RS,1.0416666666666665,1.0,False,False,False,False,False,False
431220,MAXIMILIANO DE ALMEIDA,RS,4.516129032258064,4.5,False,False,False,False,False,False
431225,MINAS DO LEAO,RS,8.086253369272237,8.1,False,False,False,False,False,False
431230,MIRAGUAI,RS,6.016597510373444,6.0,False,False,False,False,False,False
431235,MONTAURI,RS,0.0,0.0,False,False,False,False,False,False
431237,MONTE ALEGRE DOS CAMPOS,RS,3.2432432432432434,3.2,False,False,False,False,False,False
431238,MONTE BELO DO SUL,RS,7.6923076923076925,7.7,False,False,False,False,False,False
431240,MONTENEGRO,RS,6.998738965952081,7.0,False,False,False,False,False,False
431242,MORMACO,RS,6.0,6.0,False,False,False,False,False,False
431244,MORRINHOS DO SUL,RS,0.5952380952380952,0.6,False,False,False,False,False,False
431245,MORRO REDONDO,RS,6.781914893617021,6.8,False,False,False,False,False,False
431247,MORRO REUTER,RS,3.6231884057971016,3.6,False,False,False,False,False,False
431250,MOSTARDAS,RS,7.64872521246459,7.6,False,False,False,False,False,False
431260,MUCUM,RS,4.3927648578811365,4.4,False,False,False,False,False,False
431261,MUITOS CAPOES,RS,8.284023668639055,8.3,False,False,False,False,False,False
431262,MULITERNO,RS,7.086614173228346,7.1,False,False,False,False,False,False
431265,NAO-ME-TOQUE,RS,3.2670454545454546,3.3,False,False,False,False,False,False
431267,NICOLAU VERGUEIRO,RS,2.0,2.0,False,False,False,False,False,False
431270,NONOAI,RS,10.084033613445378,10.1,False,False,False,False,False,False
431275,NOVA ALVORADA,RS,7.142857142857142,7.1,False,False,False,False,False,False
431280,NOVA ARACA,RS,6.0606060606060606,6.1,False,False,False,False,False,False
431290,NOVA BASSANO,RS,3.1413612565445024,3.1,False,False,False,False,False,False
431295,NOVA BOA VISTA,RS,3.0303030303030303,3.0,False,False,False,False,False,False
431300,NOVA BRESCIA,RS,1.9417475728155338,1.9,False,False,False,False,False,False
431301,NOVA CANDELARIA,RS,0.7299270072992701,0.7,False,False,False,False,False,False
431303,NOVA ESPERANCA DO SUL,RS,3.180212014134275,3.2,False,False,False,False,False,False
431306,NOVA HARTZ,RS,2.99079754601227,3.0,False,False,False,False,False,False
431308,NOVA PADUA,RS,11.76470588235294,11.8,True,True,False,False,False,False
431310,NOVA PALMA,RS,5.128205128205128,5.1,False,False,False,False,False,False
431320,NOVA PETROPOLIS,RS,2.507836990595611,2.5,False,False,False,False,False,False
431330,NOVA PRATA,RS,3.5637149028077757,3.6,False,False,False,False,False,False
431333,NOVA RAMADA,RS,3.9603960396039604,4.0,False,False,False,False,False,False
431335,NOVA ROMA DO SUL,RS,2.7777777777777777,2.8,False,False,False,False,False,False
431337,NOVA SANTA RITA,RS,4.9047743282024525,4.9,False,False,False,False,False,False
431339,NOVO CABRAIS,RS,6.159420289855073,6.2,False,False,False,False,False,False
431340,NOVO HAMBURGO,RS,7.3868798836998,7.4,False,False,False,False,False,False
431342,NOVO MACHADO,RS,4.9079754601226995,4.9,False,False,False,False,False,False
431344,NOVO TIRADENTES,RS,1.7751479289940828,1.8,False,False,False,False,False,False
431346,NOVO XINGU,RS,6.0606060606060606,6.1,False,False,False,False,False,False
431349,NOVO BARREIRO,RS,10.300429184549357,10.3,False,False,False,False,False,False
431350,OSORIO,RS,6.429780033840947,6.4,False,False,False,False,False,False
431360,PAIM FILHO,RS,5.741626794258373,5.7,False,False,False,False,False,False
431365,PALMARES DO SUL,RS,7.519708914493632,7.5,False,False,False,False,False,False
431370,PALMEIRA DAS MISSOES,RS,7.344150298889837,7.3,False,False,False,False,False,False
431380,PALMITINHO,RS,5.9967585089141,6.0,False,False,False,False,False,False
431390,PANAMBI,RS,4.681978798586572,4.7,False,False,False,False,False,False
431395,PANTANO GRANDE,RS,6.558400999375389,6.6,False,False,False,False,False,False
431400,PARAI,RS,2.515723270440252,2.5,False,False,False,False,False,False
431402,PARAISO DO SUL,RS,1.8367346938775513,1.8,False,False,False,False,False,False
431403,PARECI NOVO,RS,5.113636363636364,5.1,False,False,False,False,False,False
431405,PAROBE,RS,5.637668918918918,5.6,False,False,False,False,False,False
431406,PASSA SETE,RS,3.8461538461538463,3.8,False,False,False,False,False,False
431407,PASSO DO SOBRADO,RS,5.714285714285714,5.7,False,False,False,False,False,False
431410,PASSO FUNDO,RS,7.95198195294876,8.0,False,False,False,False,False,False
431413,PAULO BENTO,RS,1.9047619047619049,1.9,False,False,False,False,False,False
431415,PAVERAMA,RS,1.3404825737265416,1.3,False,False,False,False,False,False
431417,PEDRAS ALTAS,RS,6.530612244897959,6.5,False,False,False,False,False,False
431420,PEDRO OSORIO,RS,5.690200210748156,5.7,False,False,False,False,False,False
431430,PEJUCARA,RS,4.044943820224719,4.0,False,False,False,False,False,False
431440,PELOTAS,RS,10.671552497756506,10.7,False,False,False,False,False,False
431442,PICADA CAFE,RS,3.4090909090909087,3.4,False,False,False,False,False,False
431445,PINHAL,RS,4.41988950276243,4.4,False,False,False,False,False,False
431446,PINHAL DA SERRA,RS,4.895104895104895,4.9,False,False,False,False,False,False
431447,PINHAL GRANDE,RS,4.843304843304843,4.8,False,False,False,False,False,False
431449,PINHEIRINHO DO VALE,RS,5.69620253164557,5.7,False,False,False,False,False,False
431450,PINHEIRO MACHADO,RS,10.698878343399482,10.7,False,False,False,False,False,False
431454,PINTO BANDEIRA,RS,12.280701754385964,12.3,True,True,False,,,False
431455,PIRAPO,RS,5.86080586080586,5.9,False,False,False,False,False,False
431460,PIRATINI,RS,9.158960810215765,9.2,False,False,False,False,False,False
431470,PLANALTO,RS,5.813953488372093,5.8,False,False,False,False,False,False
431475,POCO DAS ANTAS,RS,1.4598540145985401,1.5,False,False,False,False,False,False
431477,PONTAO,RS,8.108108108108109,8.1,False,False,False,False,False,False
431478,PONTE PRETA,RS,2.4390243902439024,2.4,False,False,False,False,False,False
431480,PORTAO,RS,4.9523809523809526,5.0,False,False,False,False,False,False
431490,PORTO ALEGRE,RS,11.442771293078698,11.4,True,True,False,False,False,False
431500,PORTO LUCENA,RS,2.912621359223301,2.9,False,False,False,False,False,False
431505,PORTO MAUA,RS,5.4945054945054945,5.5,False,False,False,False,False,False
431507,PORTO VERA CRUZ,RS,0.5405405405405406,0.5,False,False,False,False,False,False
431510,PORTO XAVIER,RS,7.288629737609329,7.3,False,False,False,False,False,False
431513,POUSO NOVO,RS,4.117647058823529,4.1,False,False,False,False,False,False
431514,PRESIDENTE LUCENA,RS,7.575757575757576,7.6,False,False,False,False,False,False
431515,PROGRESSO,RS,5.411764705882352,5.4,False,False,False,False,False,False
431517,PROTASIO ALVES,RS,11.320754716981133,11.3,True,True,False,False,False,False
431520,PUTINGA,RS,1.744186046511628,1.7,False,False,False,False,False,False
431530,QUARAI,RS,4.8254860623096745,4.8,False,False,False,False,False,False
431531,QUATRO IRMAOS,RS,4.705882352941177,4.7,False,False,False,False,False,False
431532,QUEVEDOS,RS,6.875000000000001,6.9,False,False,False,False,False,False
431535,QUINZE DE NOVEMBRO,RS,8.536585365853659,8.5,False,False,False,False,False,False
431540,REDENTORA,RS,16.76737160120846,16.8,True,True,False,False,False,False
431545,RELVADO,RS,3.4482758620689653,3.4,False,False,False,False,False,False
431550,RESTINGA SECA,RS,6.429652042360061,6.4,False,False,False,False,False,False
431555,RIO DOS INDIOS,RS,7.112970711297072,7.1,False,False,False,False,False,False
431560,RIO GRANDE,RS,7.89140640947132,7.9,False,False,False,False,False,False
431570,RIO PARDO,RS,9.53835709436524,9.5,False,False,False,False,False,False
431575,RIOZINHO,RS,8.080808080808081,8.1,False,False,False,False,False,False
431580,ROCA SALES,RS,3.826955074875208,3.8,False,False,False,False,False,False
431590,RODEIO BONITO,RS,3.68763557483731,3.7,False,False,False,False,False,False
431595,ROLADOR,RS,6.504065040650407,6.5,False,False,False,False,False,False
431600,ROLANTE,RS,3.8808664259927803,3.9,False,False,False,False,False,False
431610,RONDA ALTA,RS,5.574136008918618,5.6,False,False,False,False,False,False
431620,RONDINHA,RS,3.927492447129909,3.9,False,False,False,False,False,False
431630,ROQUE GONZALES,RS,2.4096385542168677,2.4,False,False,False,False,False,False
431640,ROSARIO DO SUL,RS,4.629068122094199,4.6,False,False,False,False,False,False
431642,SAGRADA FAMILIA,RS,7.598039215686274,7.6,False,False,False,False,False,False
431643,SALDANHA MARINHO,RS,10.0,10.0,False,False,False,False,False,False
431645,SALTO DO JACUI,RS,12.313167259786477,12.3,True,True,False,False,False,False
431647,SALVADOR DAS MISSOES,RS,1.7094017094017095,1.7,False,False,False,False,False,False
431650,SALVADOR DO SUL,RS,4.6875,4.7,False,False,False,False,False,False
431660,SANANDUVA,RS,3.170028818443804,3.2,False,False,False,False,False,False
431670,SANTA BARBARA DO SUL,RS,6.771653543307086,6.8,False,False,False,False,False,False
431673,SANTA CECILIA DO SUL,RS,1.3793103448275863,1.4,False,False,False,False,False,False
431675,SANTA CLARA DO SUL,RS,0.0,0.0,False,False,False,False,False,False
431680,SANTA CRUZ DO SUL,RS,7.103825136612022,7.1,False,False,False,False,False,False
431690,SANTA MARIA,RS,7.019591919602071,7.0,False,False,False,False,False,False
431695,SANTA MARIA DO HERVAL,RS,4.938271604938271,4.9,False,False,False,False,False,False
431697,SANTA MARGARIDA DO SUL,RS,5.220883534136546,5.2,False,False,False,False,False,False
431700,SANTANA DA BOA VISTA,RS,5.053449951409135,5.1,False,False,False,False,False,False
431710,SANT'ANA DO LIVRAMENTO,RS,6.907820599504169,6.9,False,False,False,False,False,False
431720,SANTA ROSA,RS,4.215083162451584,4.2,False,False,False,False,False,False
431725,SANTA TEREZA,RS,10.714285714285714,10.7,False,False,False,,,False
431730,SANTA VITORIA DO PALMAR,RS,4.448105436573312,4.4,False,False,False,False,False,False
431740,SANTIAGO,RS,3.9930555555555554,4.0,False,False,False,False,False,False
431750,SANTO ANGELO,RS,4.0873276428102425,4.1,False,False,False,False,False,False
431755,SANTO ANTONIO DO PALMA,RS,0.8403361344537815,0.8,False,False,False,False,False,False
431760,SANTO ANTONIO DA PATRULHA,RS,4.7829286239882265,4.8,False,False,False,False,False,False
431770,SANTO ANTONIO DAS MISSOES,RS,10.0,10.0,False,False,False,False,False,False
431775,SANTO ANTONIO DO PLANALTO,RS,2.34375,2.3,False,False,False,False,False,False
431780,SANTO AUGUSTO,RS,5.542544886807182,5.5,False,False,False,False,False,False
431790,SANTO CRISTO,RS,3.900709219858156,3.9,False,False,False,False,False,False
431795,SANTO EXPEDITO DO SUL,RS,4.285714285714286,4.3,False,False,False,False,False,False
431800,SAO BORJA,RS,10.01150747986191,10.0,False,False,False,False,False,False
431805,SAO DOMINGOS DO SUL,RS,0.0,0.0,False,False,False,False,False,False
431810,SAO FRANCISCO DE ASSIS,RS,6.242774566473988,6.2,False,False,False,False,False,False
431820,SAO FRANCISCO DE PAULA,RS,5.960264900662252,6.0,False,False,False,False,False,False
431830,SAO GABRIEL,RS,6.1548791405550585,6.2,False,False,False,False,False,False
431840,SAO JERONIMO,RS,4.641199571581578,4.6,False,False,False,False,False,False
431842,SAO JOAO DA URTIGA,RS,1.9736842105263157,2.0,False,False,False,False,False,False
431843,SAO JOAO DO POLESINE,RS,4.6875,4.7,False,False,False,False,False,False
431844,SAO JORGE,RS,2.0408163265306123,2.0,False,False,False,False,False,False
431845,SAO JOSE DAS MISSOES,RS,4.366812227074235,4.4,False,False,False,False,False,False
431846,SAO JOSE DO HERVAL,RS,8.823529411764707,8.8,False,False,False,False,False,False
431848,SAO JOSE DO HORTENCIO,RS,8.695652173913043,8.7,False,False,False,False,False,False
431849,SAO JOSE DO INHACORA,RS,1.5625,1.6,False,False,False,False,False,False
431850,SAO JOSE DO NORTE,RS,7.1138845553822145,7.1,False,False,False,False,False,False
431860,SAO JOSE DO OURO,RS,1.8134715025906734,1.8,False,False,False,False,False,False
431861,SAO JOSE DO SUL,RS,10.0,10.0,False,False,False,False,False,False
431862,SAO JOSE DOS AUSENTES,RS,8.270676691729323,8.3,False,False,False,False,False,False
431870,SAO LEOPOLDO,RS,7.576765852267325,7.6,False,False,False,False,False,False
431880,SAO LOURENCO DO SUL,RS,5.435181784796181,5.4,False,False,False,False,False,False
431890,SAO LUIZ GONZAGA,RS,6.589307915457936,6.6,False,False,False,False,False,False
431900,SAO MARCOS,RS,6.297709923664121,6.3,False,False,False,False,False,False
431910,SAO MARTINHO,RS,2.869757174392936,2.9,False,False,False,False,False,False
431912,SAO MARTINHO DA SERRA,RS,7.01219512195122,7.0,False,False,False,False,False,False
431915,SAO MIGUEL DAS MISSOES,RS,8.600337268128163,8.6,False,False,False,False,False,False
431920,SAO NICOLAU,RS,3.935185185185185,3.9,False,False,False,False,False,False
431930,SAO PAULO DAS MISSOES,RS,1.929260450160772,1.9,False,False,False,False,False,False
431935,SAO PEDRO DA SERRA,RS,15.0,15.0,True,True,False,False,False,False
431936,SAO PEDRO DAS MISSOES,RS,2.3622047244094486,2.4,False,False,False,False,False,False
431937,SAO PEDRO DO BUTIA,RS,0.9090909090909091,0.9,False,False,False,False,False,False
431940,SAO PEDRO DO SUL,RS,5.724299065420561,5.7,False,False,False,False,False,False
431950,SAO SEBASTIAO DO CAI,RS,4.117389399912396,4.1,False,False,False,False,False,False
431960,SAO SEPE,RS,6.407634628493525,6.4,False,False,False,False,False,False
431970,SAO VALENTIM,RS,3.816793893129771,3.8,False,False,False,False,False,False
431971,SAO VALENTIM DO SUL,RS,1.5873015873015872,1.6,False,False,False,False,False,False
431973,SAO VALERIO DO SUL,RS,25.99009900990099,26.0,True,True,False,False,False,False
431975,SAO VENDELINO,RS,3.488372093023256,3.5,False,False,False,False,False,False
431980,SAO VICENTE DO SUL,RS,4.967948717948718,5.0,False,False,False,False,False,False
431990,SAPIRANGA,RS,3.9800995024875623,4.0,False,False,False,False,False,False
432000,SAPUCAIA DO SUL,RS,5.511727078891258,5.5,False,False,False,False,False,False
432010,SARANDI,RS,10.684357541899441,10.7,False,False,False,False,False,False
432020,SEBERI,RS,4.887218045112782,4.9,False,False,False,False,False,False
432023,SEDE NOVA,RS,3.8461538461538463,3.8,False,False,False,False,False,False
432026,SEGREDO,RS,9.587217043941411,9.6,False,False,False,False,False,False
432030,SELBACH,RS,6.806282722513089,6.8,False,False,False,False,False,False
432032,SENADOR SALGADO FILHO,RS,7.4074074074074066,7.4,False,False,False,False,False,False
432035,SENTINELA DO SUL,RS,6.561679790026247,6.6,False,False,False,False,False,False
432040,SERAFINA CORREA,RS,3.296703296703297,3.3,False,False,False,False,False,False
432045,SERIO,RS,1.0416666666666665,1.0,False,False,False,False,False,False
432050,SERTAO,RS,7.555555555555555,7.6,False,False,False,False,False,False
432055,SERTAO SANTANA,RS,8.985507246376812,9.0,False,False,False,False,False,False
432057,SETE DE SETEMBRO,RS,2.9585798816568047,3.0,False,False,False,False,False,False
432060,SEVERIANO DE ALMEIDA,RS,0.4424778761061947,0.4,False,False,False,False,False,False
432065,SILVEIRA MARTINS,RS,5.194805194805195,5.2,False,False,False,False,False,False
432067,SINIMBU,RS,4.426002766251729,4.4,False,False,False,False,False,False
432070,SOBRADINHO,RS,2.9787234042553195,3.0,False,False,False,False,False,False
432080,SOLEDADE,RS,5.491243692490353,5.5,False,False,False,False,False,False
432085,TABAI,RS,6.282722513089005,6.3,False,False,False,False,False,False
432090,TAPEJARA,RS,5.034856700232377,5.0,False,False,False,False,False,False
432100,TAPERA,RS,3.870162297128589,3.9,False,False,False,False,False,False
432110,TAPES,RS,5.635838150289017,5.6,False,False,False,False,False,False
432120,TAQUARA,RS,4.671934043284095,4.7,False,False,False,False,False,False
432130,TAQUARI,RS,3.992953611274222,4.0,False,False,False,False,False,False
432132,TAQUARUCU DO SUL,RS,2.293577981651376,2.3,False,False,False,False,False,False
432135,TAVARES,RS,7.341772151898734,7.3,False,False,False,False,False,False
432140,TENENTE PORTELA,RS,20.488230165649522,20.5,True,True,False,False,False,False
432143,TERRA DE AREIA,RS,5.993690851735016,6.0,False,False,False,False,False,False
432145,TEUTONIA,RS,3.660714285714286,3.7,False,False,False,False,False,False
432146,TIO HUGO,RS,4.081632653061225,4.1,False,False,False,False,False,False
432147,TIRADENTES DO SUL,RS,4.191616766467066,4.2,False,False,False,False,False,False
432149,TOROPI,RS,7.109004739336493,7.1,False,False,False,False,False,False
432150,TORRES,RS,6.885125184094257,6.9,False,False,False,False,False,False
432160,TRAMANDAI,RS,8.213846784104875,8.2,False,False,False,False,False,False
432162,TRAVESSEIRO,RS,0.36363636363636365,0.4,False,False,False,False,False,False
432163,TRES ARROIOS,RS,1.639344262295082,1.6,False,False,False,False,False,False
432166,TRES CACHOEIRAS,RS,5.120481927710843,5.1,False,False,False,False,False,False
432170,TRES COROAS,RS,2.8703703703703702,2.9,False,False,False,False,False,False
432180,TRES DE MAIO,RS,3.6276522929500343,3.6,False,False,False,False,False,False
432183,TRES FORQUILHAS,RS,3.202846975088968,3.2,False,False,False,False,False,False
432185,TRES PALMEIRAS,RS,6.691449814126393,6.7,False,False,False,False,False,False
432190,TRES PASSOS,RS,5.47945205479452,5.5,False,False,False,False,False,False
432195,TRINDADE DO SUL,RS,4.424778761061947,4.4,False,False,False,False,False,False
432200,TRIUNFO,RS,4.403100775193798,4.4,False,False,False,False,False,False
432210,TUCUNDUVA,RS,6.477732793522267,6.5,False,False,False,False,False,False
432215,TUNAS,RS,4.371584699453552,4.4,False,False,False,False,False,False
432218,TUPANCI DO SUL,RS,2.18978102189781,2.2,False,False,False,False,False,False
432220,TUPANCIRETA,RS,9.262759924385634,9.3,False,False,False,False,False,False
432225,TUPANDI,RS,4.23728813559322,4.2,False,False,False,False,False,False
432230,TUPARENDI,RS,1.415929203539823,1.4,False,False,False,False,False,False
432232,TURUCU,RS,7.2727272727272725,7.3,False,False,False,False,False,False
432234,UBIRETAMA,RS,9.090909090909092,9.1,False,False,False,False,False,False
432235,UNIAO DA SERRA,RS,3.7037037037037033,3.7,False,False,False,,,False
432237,UNISTALDA,RS,4.929577464788732,4.9,False,False,False,False,False,False
432240,URUGUAIANA,RS,8.847667228780214,8.8,False,False,False,False,False,False
432250,VACARIA,RS,6.7678684376976594,6.8,False,False,False,False,False,False
432252,VALE VERDE,RS,3.6585365853658534,3.7,False,False,False,False,False,False
432253,VALE DO SOL,RS,5.9202059202059205,5.9,False,False,False,False,False,False
432254,VALE REAL,RS,1.10803324099723,1.1,False,False,False,False,False,False
432255,VANINI,RS,1.550387596899225,1.6,False,False,False,False,False,False
432260,VENANCIO AIRES,RS,5.055455248903792,5.1,False,False,False,False,False,False
432270,VERA CRUZ,RS,8.485562757807896,8.5,False,False,False,False,False,False
432280,VERANOPOLIS,RS,1.728395061728395,1.7,False,False,False,False,False,False
432285,VESPASIANO CORREA,RS,4.878048780487805,4.9,False,False,False,False,False,False
432290,VIADUTOS,RS,10.948905109489052,10.9,False,False,False,False,False,False
432300,VIAMAO,RS,7.309310605243284,7.3,False,False,False,False,False,False
432310,VICENTE DUTRA,RS,6.973293768545995,7.0,False,False,False,False,False,False
432320,VICTOR GRAEFF,RS,0.9803921568627451,1.0,False,False,False,False,False,False
432330,VILA FLORES,RS,3.3333333333333335,3.3,False,False,False,False,False,False
432335,VILA LANGARO,RS,2.5,2.5,False,False,False,False,False,False
432340,VILA MARIA,RS,3.0534351145038165,3.1,False,False,False,False,False,False
432345,VILA NOVA DO SUL,RS,7.112375533428166,7.1,False,False,False,False,False,False
432350,VISTA ALEGRE,RS,3.5294117647058822,3.5,False,False,False,False,False,False
432360,VISTA ALEGRE DO PRATA,RS,2.2058823529411766,2.2,False,False,False,False,False,False
432370,VISTA GAUCHA,RS,2.127659574468085,2.1,False,False,False,False,False,False
432375,VITORIA DAS MISSOES,RS,8.856088560885608,8.9,False,False,False,False,False,False
432377,WESTFALIA,RS,3.296703296703297,3.3,False,False,False,False,False,False
432380,XANGRI-LA,RS,2.564102564102564,2.6,False,False,False,False,False,False
500020,AGUA CLARA,MS,13.098330241187384,13.1,True,True,False,False,False,False
500025,ALCINOPOLIS,MS,8.674698795180722,8.7,False,False,False,False,False,False
500060,AMAMBAI,MS,17.880384257824605,17.9,True,True,False,False,False,False
500070,ANASTACIO,MS,11.195388349514564,11.2,True,True,False,False,False,False
500080,ANAURILANDIA,MS,7.032181168057211,7.0,False,False,False,False,False,False
500085,ANGELICA,MS,9.312022237665046,9.3,False,False,False,False,False,False
500090,ANTONIO JOAO,MS,7.992678462477121,8.0,False,False,False,False,False,False
500100,APARECIDA DO TABOADO,MS,8.761492698756085,8.8,False,False,False,False,False,False
500110,AQUIDAUANA,MS,11.713665943600867,11.7,True,True,False,False,False,False
500124,ARAL MOREIRA,MS,10.027598896044159,10.0,False,False,False,False,False,False
500150,BANDEIRANTES,MS,10.839160839160838,10.8,False,False,False,False,False,False
500190,BATAGUASSU,MS,7.441860465116279,7.4,False,False,False,False,False,False
500200,BATAYPORA,MS,9.83995257854179,9.8,False,False,False,False,False,False
500210,BELA VISTA,MS,8.676852118766215,8.7,False,False,False,False,False,False
500215,BODOQUENA,MS,10.425531914893616,10.4,False,False,False,False,False,False
500220,BONITO,MS,7.793968146391054,7.8,False,False,False,False,False,False
500230,BRASILANDIA,MS,8.402922755741127,8.4,False,False,False,False,False,False
500240,CAARAPO,MS,8.9419795221843,8.9,False,False,False,False,False,False
500260,CAMAPUA,MS,11.88277800080289,11.9,True,True,False,False,False,False
500270,CAMPO GRANDE,MS,11.626948875413593,11.6,True,True,False,False,False,False
500280,CARACOL,MS,5.678233438485805,5.7,False,False,False,False,False,False
500290,CASSILANDIA,MS,6.928838951310862,6.9,False,False,False,False,False,False
500295,CHAPADAO DO SUL,MS,8.275426405559065,8.3,False,False,False,False,False,False
500310,CORGUINHO,MS,8.260325406758447,8.3,False,False,False,False,False,False
500315,CORONEL SAPUCAIA,MS,17.29780271154745,17.3,True,True,False,True,True,False
500320,CORUMBA,MS,8.98368269877162,9.0,False,False,False,False,False,False
500325,COSTA RICA,MS,11.42671292281006,11.4,True,True,False,False,False,False
500330,COXIM,MS,6.910876132930513,6.9,False,False,False,False,False,False
500345,DEODAPOLIS,MS,8.224755700325732,8.2,False,False,False,False,False,False
500348,DOIS IRMAOS DO BURITI,MS,12.636815920398009,12.6,True,True,False,False,False,False
500350,DOURADINA,MS,10.531053105310532,10.5,False,False,False,False,False,False
500370,DOURADOS,MS,9.04008726479411,9.0,False,False,False,False,False,False
500375,ELDORADO,MS,10.186263096623982,10.2,False,False,False,False,False,False
500380,FATIMA DO SUL,MS,7.629427792915531,7.6,False,False,False,False,False,False
500390,FIGUEIRAO,MS,8.983050847457626,9.0,False,False,False,False,False,False
500400,GLORIA DE DOURADOS,MS,10.669781931464174,10.7,False,False,False,False,False,False
500410,GUIA LOPES DA LAGUNA,MS,9.802712700369915,9.8,False,False,False,False,False,False
500430,IGUATEMI,MS,4.986737400530504,5.0,False,False,False,False,False,False
500440,INOCENCIA,MS,5.985401459854015,6.0,False,False,False,False,False,False
500450,ITAPORA,MS,6.956521739130435,7.0,False,False,False,False,False,False
500460,ITAQUIRAI,MS,6.782734856728329,6.8,False,False,False,False,False,False
500470,IVINHEMA,MS,9.090909090909092,9.1,False,False,False,False,False,False
500480,JAPORA,MS,15.053763440860216,15.1,True,True,False,True,True,False
500490,JARAGUARI,MS,8.150470219435736,8.2,False,False,False,False,False,False
500500,JARDIM,MS,7.476635514018691,7.5,False,False,False,False,False,False
500510,JATEI,MS,6.944444444444445,6.9,False,False,False,False,False,False
500515,JUTI,MS,8.574091332712023,8.6,False,False,False,False,False,False
500520,LADARIO,MS,10.05413766434648,10.1,False,False,False,False,False,False
500525,LAGUNA CARAPA,MS,7.971014492753622,8.0,False,False,False,False,False,False
500540,MARACAJU,MS,5.891635981062598,5.9,False,False,False,False,False,False
500560,MIRANDA,MS,13.28869953337391,13.3,True,True,False,False,False,False
500568,MUNDO NOVO,MS,15.55768310196266,15.6,True,True,False,False,False,False
500570,NAVIRAI,MS,12.039101354827645,12.0,True,True,False,False,False,False
500580,NIOAQUE,MS,10.108429520811473,10.1,False,False,False,False,False,False
500600,NOVA ALVORADA DO SUL,MS,9.416317316994519,9.4,False,False,False,False,False,False
500620,NOVA ANDRADINA,MS,8.444022770398481,8.4,False,False,False,False,False,False
500625,NOVO HORIZONTE DO SUL,MS,10.21505376344086,10.2,False,False,False,False,False,False
500627,PARAISO DAS AGUAS,MS,3.9627039627039626,4.0,False,False,False,,,False
500630,PARANAIBA,MS,5.817325117796303,5.8,False,False,False,False,False,False
500635,PARANHOS,MS,6.773353181987346,6.8,False,False,False,False,False,False
500640,PEDRO GOMES,MS,15.161557580778789,15.2,True,True,False,False,False,False
500660,PONTA PORA,MS,7.788056046796354,7.8,False,False,False,False,False,False
500690,PORTO MURTINHO,MS,9.53073845034558,9.5,False,False,False,False,False,False
500710,RIBAS DO RIO PARDO,MS,6.219458018658374,6.2,False,False,False,False,False,False
500720,RIO BRILHANTE,MS,6.017699115044247,6.0,False,False,False,False,False,False
500730,RIO NEGRO,MS,5.080831408775981,5.1,False,False,False,False,False,False
500740,RIO VERDE DE MATO GROSSO,MS,7.533482142857142,7.5,False,False,False,False,False,False
500750,ROCHEDO,MS,10.317460317460316,10.3,False,False,False,False,False,False
500755,SANTA RITA DO PARDO,MS,8.310991957104557,8.3,False,False,False,False,False,False
500769,SAO GABRIEL DO OESTE,MS,4.1837571780147655,4.2,False,False,False,False,False,False
500770,SETE QUEDAS,MS,10.344827586206897,10.3,False,False,False,False,False,False
500780,SELVIRIA,MS,8.59106529209622,8.6,False,False,False,False,False,False
500790,SIDROLANDIA,MS,9.175824175824175,9.2,False,False,False,False,False,False
500793,SONORA,MS,9.556103575832307,9.6,False,False,False,False,False,False
500795,TACURU,MS,6.204044117647059,6.2,False,False,False,False,False,False
500797,TAQUARUSSU,MS,8.709175738724728,8.7,False,False,False,False,False,False
500800,TERENOS,MS,9.129511677282377,9.1,False,False,False,False,False,False
500830,TRES LAGOAS,MS,7.491743438206153,7.5,False,False,False,False,False,False
500840,VICENTINA,MS,14.037626628075254,14.0,True,True,False,False,False,False
510010,ACORIZAL,MT,9.92970123022847,9.9,False,False,False,False,False,False
510020,AGUA BOA,MT,4.869411243913236,4.9,False,False,False,False,False,False
510025,ALTA FLORESTA,MT,6.604222892522622,6.6,False,False,False,False,False,False
510030,ALTO ARAGUAIA,MT,9.38009787928222,9.4,False,False,False,False,False,False
510035,ALTO BOA VISTA,MT,5.98404255319149,6.0,False,False,False,False,False,False
510040,ALTO GARCAS,MT,7.758620689655173,7.8,False,False,False,False,False,False
510050,ALTO PARAGUAI,MT,12.406576980568012,12.4,True,True,False,False,False,False
510060,ALTO TAQUARI,MT,8.491418247515808,8.5,False,False,False,False,False,False
510080,APIACAS,MT,6.479113384484228,6.5,False,False,False,False,False,False
510100,ARAGUAIANA,MT,11.447811447811448,11.4,True,True,False,False,False,False
510120,ARAGUAINHA,MT,14.880952380952381,14.9,True,True,False,False,False,False
510125,ARAPUTANGA,MT,8.608762490392007,8.6,False,False,False,False,False,False
510130,ARENAPOLIS,MT,8.906882591093117,8.9,False,False,False,False,False,False
510140,ARIPUANA,MT,3.3663366336633667,3.4,False,False,False,False,False,False
510160,BARAO DE MELGACO,MT,9.4604064470918,9.5,False,False,False,False,False,False
510170,BARRA DO BUGRES,MT,11.434854315557999,11.4,True,True,False,False,False,False
510180,BARRA DO GARCAS,MT,11.835106382978724,11.8,True,True,False,False,False,False
510183,BOA ESPERANCA DO NORTE,MT,,,,,,,,False
510185,BOM JESUS DO ARAGUAIA,MT,8.060453400503778,8.1,False,False,False,False,False,False
510190,BRASNORTE,MT,5.303030303030303,5.3,False,False,False,False,False,False
510250,CACERES,MT,7.229452665359244,7.2,False,False,False,False,False,False
510260,CAMPINAPOLIS,MT,5.284831846259437,5.3,False,False,False,False,False,False
510263,CAMPO NOVO DO PARECIS,MT,6.619903551074089,6.6,False,False,False,False,False,False
510267,CAMPO VERDE,MT,6.716604244694133,6.7,False,False,False,False,False,False
510268,CAMPOS DE JULIO,MT,4.581005586592179,4.6,False,False,False,False,False,False
510269,CANABRAVA DO NORTE,MT,6.802721088435375,6.8,False,False,False,False,False,False
510270,CANARANA,MT,5.637065637065637,5.6,False,False,False,False,False,False
510279,CARLINDA,MT,5.413687436159346,5.4,False,False,False,False,False,False
510285,CASTANHEIRA,MT,3.45252774352651,3.5,False,False,False,False,False,False
510300,CHAPADA DOS GUIMARAES,MT,8.059810357403355,8.1,False,False,False,False,False,False
510305,CLAUDIA,MT,6.2438057482656095,6.2,False,False,False,False,False,False
510310,COCALINHO,MT,8.120649651972158,8.1,False,False,False,False,False,False
510320,COLIDER,MT,4.4347509996364955,4.4,False,False,False,False,False,False
510325,COLNIZA,MT,6.444099378881988,6.4,False,False,False,False,False,False
510330,COMODORO,MT,11.532625189681335,11.5,True,True,False,False,False,False
510335,CONFRESA,MT,6.60377358490566,6.6,False,False,False,False,False,False
510336,CONQUISTA D'OESTE,MT,7.297297297297297,7.3,False,False,False,False,False,False
510337,COTRIGUACU,MT,3.481624758220503,3.5,False,False,False,False,False,False
510340,CUIABA,MT,10.650319829424307,10.7,False,False,False,False,False,False
510343,CURVELANDIA,MT,12.5,12.5,True,True,False,False,False,False
510345,DENISE,MT,11.981020166073547,12.0,True,True,False,False,False,False
510350,DIAMANTINO,MT,7.2718154463390166,7.3,False,False,False,False,False,False
510360,DOM AQUINO,MT,12.420382165605096,12.4,True,True,False,False,False,False
510370,FELIZ NATAL,MT,5.957767722473605,6.0,False,False,False,False,False,False
510380,FIGUEIROPOLIS D'OESTE,MT,7.518796992481203,7.5,False,False,False,False,False,False
510385,GAUCHA DO NORTE,MT,21.410788381742737,21.4,True,True,False,False,False,False
510390,GENERAL CARNEIRO,MT,14.343928280358597,14.3,True,True,False,False,False,False
510395,GLORIA D'OESTE,MT,12.058212058212058,12.1,True,True,False,False,False,False
510410,GUARANTA DO NORTE,MT,6.989576946658492,7.0,False,False,False,False,False,False
510420,GUIRATINGA,MT,6.973293768545995,7.0,False,False,False,False,False,False
510450,INDIAVAI,MT,5.604719764011799,5.6,False,False,False,False,False,False
510452,IPIRANGA DO NORTE,MT,4.385964912280701,4.4,False,False,False,False,False,False
510454,ITANHANGA,MT,6.536856745479833,6.5,False,False,False,False,False,False
510455,ITAUBA,MT,3.751803751803752,3.8,False,False,False,False,False,False
510460,ITIQUIRA,MT,5.164319248826291,5.2,False,False,False,False,False,False
510480,JACIARA,MT,11.87122736418511,11.9,True,True,False,False,False,False
510490,JANGADA,MT,5.255972696245734,5.3,False,False,False,False,False,False
510500,JAURU,MT,8.388520971302428,8.4,False,False,False,False,False,False
510510,JUARA,MT,5.601374570446736,5.6,False,False,False,False,False,False
510515,JUINA,MT,8.209437621202326,8.2,False,False,False,False,False,False
510517,JURUENA,MT,5.139186295503212,5.1,False,False,False,False,False,False
510520,JUSCIMEIRA,MT,4.166666666666666,4.2,False,False,False,False,False,False
510523,LAMBARI D'OESTE,MT,6.79886685552408,6.8,False,False,False,False,False,False
510525,LUCAS DO RIO VERDE,MT,4.2220200181983625,4.2,False,False,False,False,False,False
510530,LUCIARA,MT,20.462633451957295,20.5,True,True,False,False,False,False
510550,VILA BELA DA SANTISSIMA TRINDADE,MT,11.162179908076165,11.2,True,True,False,False,False,False
510558,MARCELANDIA,MT,3.004291845493562,3.0,False,False,False,False,False,False
510560,MATUPA,MT,5.65189466923571,5.7,False,False,False,False,False,False
510562,MIRASSOL D'OESTE,MT,8.967032967032967,9.0,False,False,False,False,False,False
510590,NOBRES,MT,8.387316740538697,8.4,False,False,False,False,False,False
510600,NORTELANDIA,MT,7.493061979648474,7.5,False,False,False,False,False,False
510610,NOSSA SENHORA DO LIVRAMENTO,MT,7.057654075546719,7.1,False,False,False,False,False,False
510615,NOVA BANDEIRANTES,MT,3.2530120481927707,3.3,False,False,False,False,False,False
510617,NOVA NAZARE,MT,12.215320910973086,12.2,True,True,False,True,True,False
510618,NOVA LACERDA,MT,11.282660332541568,11.3,True,True,False,False,False,False
510619,NOVA SANTA HELENA,MT,3.7688442211055273,3.8,False,False,False,False,False,False
510620,NOVA BRASILANDIA,MT,7.9484425349087005,7.9,False,False,False,False,False,False
510621,NOVA CANAA DO NORTE,MT,3.583617747440273,3.6,False,False,False,False,False,False
510622,NOVA MUTUM,MT,2.9359112065878983,2.9,False,False,False,False,False,False
510623,NOVA OLIMPIA,MT,12.027491408934708,12.0,True,True,False,False,False,False
510624,NOVA UBIRATA,MT,5.445544554455446,5.4,False,False,False,False,False,False
510625,NOVA XAVANTINA,MT,9.966329966329965,10.0,False,False,False,False,False,False
510626,NOVO MUNDO,MT,6.622516556291391,6.6,False,False,False,False,False,False
510627,NOVO HORIZONTE DO NORTE,MT,4.645476772616137,4.6,False,False,False,False,False,False
510628,NOVO SAO JOAQUIM,MT,5.194805194805195,5.2,False,False,False,False,False,False
510629,PARANAITA,MT,4.582763337893296,4.6,False,False,False,False,False,False
510630,PARANATINGA,MT,8.382642998027613,8.4,False,False,False,False,False,False
510631,NOVO SANTO ANTONIO,MT,10.81081081081081,10.8,False,False,False,False,False,False
510637,PEDRA PRETA,MT,6.675795960287573,6.7,False,False,False,False,False,False
510642,PEIXOTO DE AZEVEDO,MT,6.148613291470435,6.1,False,False,False,False,False,False
510645,PLANALTO DA SERRA,MT,5.374823196605375,5.4,False,False,False,False,False,False
510650,POCONE,MT,4.971905329473864,5.0,False,False,False,False,False,False
510665,PONTAL DO ARAGUAIA,MT,7.123534715960325,7.1,False,False,False,False,False,False
510670,PONTE BRANCA,MT,11.578947368421053,11.6,True,True,False,False,False,False
510675,PONTES E LACERDA,MT,7.235321312991216,7.2,False,False,False,False,False,False
510677,PORTO ALEGRE DO NORTE,MT,7.62493560020608,7.6,False,False,False,False,False,False
510680,PORTO DOS GAUCHOS,MT,5.642023346303502,5.6,False,False,False,False,False,False
510682,PORTO ESPERIDIAO,MT,7.697790449037776,7.7,False,False,False,False,False,False
510685,PORTO ESTRELA,MT,7.415254237288135,7.4,False,False,False,False,False,False
510700,POXOREO,MT,11.665053242981607,11.7,True,True,False,False,False,False
510704,PRIMAVERA DO LESTE,MT,7.2387714153418745,7.2,False,False,False,False,False,False
510706,QUERENCIA,MT,13.584905660377359,13.6,True,True,False,False,False,False
510710,SAO JOSE DOS QUATRO MARCOS,MT,6.237623762376238,6.2,False,False,False,False,False,False
510715,RESERVA DO CABACAL,MT,5.555555555555555,5.6,False,False,False,False,False,False
510718,RIBEIRAO CASCALHEIRA,MT,8.017179670722978,8.0,False,False,False,False,False,False
510719,RIBEIRAOZINHO,MT,5.778894472361809,5.8,False,False,False,False,False,False
510720,RIO BRANCO,MT,7.885304659498208,7.9,False,False,False,False,False,False
510724,SANTA CARMEM,MT,5.963302752293578,6.0,False,False,False,False,False,False
510726,SANTO AFONSO,MT,17.91767554479419,17.9,True,True,False,False,False,False
510729,SAO JOSE DO POVO,MT,3.4482758620689653,3.4,False,False,False,False,False,False
510730,SAO JOSE DO RIO CLARO,MT,4.594330400782014,4.6,False,False,False,False,False,False
510735,SAO JOSE DO XINGU,MT,7.105719237435008,7.1,False,False,False,False,False,False
510740,SAO PEDRO DA CIPA,MT,12.215909090909092,12.2,True,True,False,False,False,False
510757,RONDOLANDIA,MT,5.319148936170213,5.3,False,False,False,False,False,False
510760,RONDONOPOLIS,MT,5.362024525501836,5.4,False,False,False,False,False,False
510770,ROSARIO OESTE,MT,15.614973262032086,15.6,True,True,False,False,False,False
510774,SANTA CRUZ DO XINGU,MT,11.405835543766578,11.4,True,True,False,False,False,False
510775,SALTO DO CEU,MT,4.6875,4.7,False,False,False,False,False,False
510776,SANTA RITA DO TRIVELATO,MT,5.7407407407407405,5.7,False,False,False,False,False,False
510777,SANTA TEREZINHA,MT,3.927986906710311,3.9,False,False,False,False,False,False
510779,SANTO ANTONIO DO LESTE,MT,10.020876826722338,10.0,False,False,False,False,False,False
510780,SANTO ANTONIO DO LEVERGER,MT,9.229349330872173,9.2,False,False,False,False,False,False
510785,SAO FELIX DO ARAGUAIA,MT,7.537012113055182,7.5,False,False,False,False,False,False
510787,SAPEZAL,MT,6.101826661484648,6.1,False,False,False,False,False,False
510788,SERRA NOVA DOURADA,MT,9.200968523002421,9.2,False,False,False,False,False,False
510790,SINOP,MT,4.303413734018716,4.3,False,False,False,False,False,False
510792,SORRISO,MT,3.7799300511164917,3.8,False,False,False,False,False,False
510794,TABAPORA,MT,5.579399141630901,5.6,False,False,False,False,False,False
510795,TANGARA DA SERRA,MT,10.200043965706747,10.2,False,False,False,False,False,False
510800,TAPURAH,MT,5.27803958529689,5.3,False,False,False,False,False,False
510805,TERRA NOVA DO NORTE,MT,4.415011037527594,4.4,False,False,False,False,False,False
510810,TESOURO,MT,13.604240282685511,13.6,True,True,False,False,False,False
510820,TORIXOREU,MT,9.895833333333332,9.9,False,False,False,False,False,False
510830,UNIAO DO SUL,MT,3.6303630363036308,3.6,False,False,False,False,False,False
510835,VALE DE SAO DOMINGOS,MT,10.126582278481013,10.1,False,False,False,False,False,False
510840,VARZEA GRANDE,MT,12.40032806306101,12.4,True,True,False,False,False,False
510850,VERA,MT,4.026845637583892,4.0,False,False,False,False,False,False
510860,VILA RICA,MT,7.448107448107448,7.4,False,False,False,False,False,False
510880,NOVA GUARITA,MT,3.896103896103896,3.9,False,False,False,False,False,False
510885,NOVA MARILANDIA,MT,8.755760368663594,8.8,False,False,False,False,False,False
510890,NOVA MARINGA,MT,5.410447761194029,5.4,False,False,False,False,False,False
510895,NOVA MONTE VERDE,MT,6.152241918665276,6.2,False,False,False,False,False,False
520005,ABADIA DE GOIAS,GO,8.741258741258742,8.7,False,False,False,False,False,False
520010,ABADIANIA,GO,8.93640350877193,8.9,False,False,False,False,False,False
520013,ACREUNA,GO,6.513554216867471,6.5,False,False,False,False,False,False
520015,ADELANDIA,GO,5.029585798816568,5.0,False,False,False,False,False,False
520017,AGUA FRIA DE GOIAS,GO,10.266666666666667,10.3,False,False,False,False,False,False
520020,AGUA LIMPA,GO,11.920529801324504,11.9,True,True,False,False,False,False
520025,AGUAS LINDAS DE GOIAS,GO,11.939136864225395,11.9,True,True,False,False,False,False
520030,ALEXANIA,GO,11.17193331674546,11.2,True,True,False,False,False,False
520050,ALOANDIA,GO,6.338028169014084,6.3,False,False,False,False,False,False
520055,ALTO HORIZONTE,GO,10.640732265446225,10.6,False,False,False,False,False,False
520060,ALTO PARAISO DE GOIAS,GO,12.868632707774799,12.9,True,True,False,False,False,False
520080,ALVORADA DO NORTE,GO,9.106382978723405,9.1,False,False,False,False,False,False
520082,AMARALINA,GO,6.68103448275862,6.7,False,False,False,False,False,False
520085,AMERICANO DO BRASIL,GO,6.615384615384616,6.6,False,False,False,False,False,False
520090,AMORINOPOLIS,GO,11.073253833049405,11.1,True,True,False,False,False,False
520110,ANAPOLIS,GO,6.323523166433091,6.3,False,False,False,False,False,False
520120,ANHANGUERA,GO,8.19672131147541,8.2,False,False,False,False,False,False
520130,ANICUNS,GO,7.791279485346676,7.8,False,False,False,False,False,False
520140,APARECIDA DE GOIANIA,GO,5.877558149689966,5.9,False,False,False,False,False,False
520145,APARECIDA DO RIO DOCE,GO,8.58085808580858,8.6,False,False,False,False,False,False
520150,APORE,GO,5.689655172413794,5.7,False,False,False,False,False,False
520160,ARACU,GO,6.0449050086355784,6.0,False,False,False,False,False,False
520170,ARAGARCAS,GO,9.564436461607544,9.6,False,False,False,False,False,False
520180,ARAGOIANIA,GO,13.151041666666666,13.2,True,True,False,False,False,False
520215,ARAGUAPAZ,GO,11.244979919678714,11.2,True,True,False,False,False,False
520235,ARENOPOLIS,GO,9.67741935483871,9.7,False,False,False,False,False,False
520250,ARUANA,GO,9.672131147540984,9.7,False,False,False,False,False,False
520260,AURILANDIA,GO,4.337899543378995,4.3,False,False,False,False,False,False
520280,AVELINOPOLIS,GO,11.196911196911197,11.2,True,True,False,False,False,False
520310,BALIZA,GO,11.267605633802818,11.3,True,True,False,False,False,False
520320,BARRO ALTO,GO,5.600461893764434,5.6,False,False,False,False,False,False
520330,BELA VISTA DE GOIAS,GO,8.533052409797207,8.5,False,False,False,False,False,False
520340,BOM JARDIM DE GOIAS,GO,9.628506444275967,9.6,False,False,False,False,False,False
520350,BOM JESUS DE GOIAS,GO,5.356214248569943,5.4,False,False,False,False,False,False
520355,BONFINOPOLIS,GO,5.389718076285241,5.4,False,False,False,False,False,False
520357,BONOPOLIS,GO,7.239819004524888,7.2,False,False,False,False,False,False
520360,BRAZABRANTES,GO,13.138686131386862,13.1,True,True,False,False,False,False
520380,BRITANIA,GO,8.46233230134159,8.5,False,False,False,False,False,False
520390,BURITI ALEGRE,GO,11.792014856081709,11.8,True,True,False,False,False,False
520393,BURITI DE GOIAS,GO,12.5,12.5,True,True,False,False,False,False
520396,BURITINOPOLIS,GO,8.277027027027026,8.3,False,False,False,False,False,False
520400,CABECEIRAS,GO,11.798679867986799,11.8,True,True,False,False,False,False
520410,CACHOEIRA ALTA,GO,10.61493411420205,10.6,False,False,False,False,False,False
520420,CACHOEIRA DE GOIAS,GO,14.285714285714285,14.3,True,True,False,False,False,False
520425,CACHOEIRA DOURADA,GO,6.441717791411043,6.4,False,False,False,False,False,False
520430,CACU,GO,9.194673430564363,9.2,False,False,False,False,False,False
520440,CAIAPONIA,GO,6.651685393258427,6.7,False,False,False,False,False,False
520450,CALDAS NOVAS,GO,6.638044914134743,6.6,False,False,False,False,False,False
520455,CALDAZINHA,GO,7.400722021660649,7.4,False,False,False,False,False,False
520460,CAMPESTRE DE GOIAS,GO,11.194029850746269,11.2,True,True,False,False,False,False
520465,CAMPINACU,GO,14.853195164075995,14.9,True,True,False,False,False,False
520470,CAMPINORTE,GO,10.202162670427832,10.2,False,False,False,False,False,False
520480,CAMPO ALEGRE DE GOIAS,GO,8.97597977243995,9.0,False,False,False,False,False,False
520485,CAMPO LIMPO DE GOIAS,GO,9.744013212221304,9.7,False,False,False,False,False,False
520490,CAMPOS BELOS,GO,5.626191989828353,5.6,False,False,False,False,False,False
520495,CAMPOS VERDES,GO,16.991643454038996,17.0,True,True,False,False,False,False
520500,CARMO DO RIO VERDE,GO,9.911744738628649,9.9,False,False,False,False,False,False
520505,CASTELANDIA,GO,12.941176470588237,12.9,True,True,False,False,False,False
520510,CATALAO,GO,10.11090306783811,10.1,False,False,False,False,False,False
520520,CATURAI,GO,7.572115384615384,7.6,False,False,False,False,False,False
520530,CAVALCANTE,GO,10.381861575178998,10.4,False,False,False,False,False,False
520540,CERES,GO,8.458458458458457,8.5,False,False,False,False,False,False
520545,CEZARINA,GO,9.541284403669724,9.5,False,False,False,False,False,False
520547,CHAPADAO DO CEU,GO,7.992202729044834,8.0,False,False,False,False,False,False
520549,CIDADE OCIDENTAL,GO,11.602549335790524,11.6,True,True,False,False,False,False
520551,COCALZINHO DE GOIAS,GO,12.50341997264022,12.5,True,True,False,False,False,False
520552,COLINAS DO SUL,GO,11.625,11.6,True,True,False,False,False,False
520570,CORREGO DO OURO,GO,9.386281588447654,9.4,False,False,False,False,False,False
520580,CORUMBA DE GOIAS,GO,8.305830583058306,8.3,False,False,False,False,False,False
520590,CORUMBAIBA,GO,8.56873822975518,8.6,False,False,False,False,False,False
520620,CRISTALINA,GO,10.817610062893083,10.8,False,False,False,False,False,False
520630,CRISTIANOPOLIS,GO,10.620525059665871,10.6,False,False,False,False,False,False
520640,CRIXAS,GO,8.153846153846153,8.2,False,False,False,False,False,False
520650,CROMINIA,GO,9.411764705882353,9.4,False,False,False,False,False,False
520660,CUMARI,GO,6.440677966101695,6.4,False,False,False,False,False,False
520670,DAMIANOPOLIS,GO,8.561643835616438,8.6,False,False,False,False,False,False
520680,DAMOLANDIA,GO,17.841726618705035,17.8,True,True,False,False,False,False
520690,DAVINOPOLIS,GO,12.094395280235988,12.1,True,True,False,False,False,False
520710,DIORAMA,GO,7.590759075907591,7.6,False,False,False,False,False,False
520725,DOVERLANDIA,GO,8.198757763975156,8.2,False,False,False,False,False,False
520735,EDEALINA,GO,11.443661971830986,11.4,True,True,False,False,False,False
520740,EDEIA,GO,9.296148738379815,9.3,False,False,False,False,False,False
520750,ESTRELA DO NORTE,GO,9.891808346213292,9.9,False,False,False,False,False,False
520753,FAINA,GO,11.293859649122808,11.3,True,True,False,False,False,False
520760,FAZENDA NOVA,GO,12.97229219143577,13.0,True,True,False,False,False,False
520780,FIRMINOPOLIS,GO,7.634408602150537,7.6,False,False,False,False,False,False
520790,FLORES DE GOIAS,GO,10.767031919961886,10.8,False,False,False,False,False,False
520800,FORMOSA,GO,10.160812146258198,10.2,False,False,False,False,False,False
520810,FORMOSO,GO,6.906906906906906,6.9,False,False,False,False,False,False
520815,GAMELEIRA DE GOIAS,GO,6.593406593406594,6.6,False,False,False,False,False,False
520830,DIVINOPOLIS DE GOIAS,GO,13.27188940092166,13.3,True,True,False,False,False,False
520840,GOIANAPOLIS,GO,9.071156979902227,9.1,False,False,False,False,False,False
520850,GOIANDIRA,GO,5.938697318007663,5.9,False,False,False,False,False,False
520860,GOIANESIA,GO,7.980972515856237,8.0,False,False,False,False,False,False
520870,GOIANIA,GO,9.575991073496285,9.6,False,False,False,False,False,False
520880,GOIANIRA,GO,6.9001962856711465,6.9,False,False,False,False,False,False
520890,GOIAS,GO,14.479200257981296,14.5,True,True,False,False,False,False
520910,GOIATUBA,GO,8.710601719197708,8.7,False,False,False,False,False,False
520915,GOUVELANDIA,GO,8.056042031523642,8.1,False,False,False,False,False,False
520920,GUAPO,GO,5.7699656094764995,5.8,False,False,False,False,False,False
520929,GUARAITA,GO,9.93485342019544,9.9,False,False,False,False,False,False
520940,GUARANI DE GOIAS,GO,5.751633986928105,5.8,False,False,False,False,False,False
520945,GUARINOS,GO,10.980392156862745,11.0,True,True,False,False,False,False
520960,HEITORAI,GO,8.356940509915015,8.4,False,False,False,False,False,False
520970,HIDROLANDIA,GO,8.257951561132186,8.3,False,False,False,False,False,False
520980,HIDROLINA,GO,8.676789587852495,8.7,False,False,False,False,False,False
520990,IACIARA,GO,8.747220163083766,8.7,False,False,False,False,False,False
520993,INACIOLANDIA,GO,7.849462365591398,7.8,False,False,False,False,False,False
520995,INDIARA,GO,6.558363417569193,6.6,False,False,False,False,False,False
521000,INHUMAS,GO,5.947521865889213,5.9,False,False,False,False,False,False
521010,IPAMERI,GO,9.44700460829493,9.4,False,False,False,False,False,False
521015,IPIRANGA DE GOIAS,GO,7.366071428571429,7.4,False,False,False,False,False,False
521020,IPORA,GO,8.636489863926688,8.6,False,False,False,False,False,False
521030,ISRAELANDIA,GO,10.412147505422993,10.4,False,False,False,False,False,False
521040,ITABERAI,GO,7.784831272970264,7.8,False,False,False,False,False,False
521056,ITAGUARI,GO,6.284153005464481,6.3,False,False,False,False,False,False
521060,ITAGUARU,GO,6.712962962962964,6.7,False,False,False,False,False,False
521080,ITAJA,GO,5.745721271393643,5.7,False,False,False,False,False,False
521090,ITAPACI,GO,9.80760206475833,9.8,False,False,False,False,False,False
521100,ITAPIRAPUA,GO,13.463166807790008,13.5,True,True,False,False,False,False
521120,ITAPURANGA,GO,7.8234398782343995,7.8,False,False,False,False,False,False
521130,ITARUMA,GO,5.555555555555555,5.6,False,False,False,False,False,False
521140,ITAUCU,GO,10.317460317460316,10.3,False,False,False,False,False,False
521150,ITUMBIARA,GO,7.523966301926988,7.5,False,False,False,False,False,False
521160,IVOLANDIA,GO,15.80188679245283,15.8,True,True,False,False,False,False
521170,JANDAIA,GO,9.826589595375722,9.8,False,False,False,False,False,False
521180,JARAGUA,GO,10.986353428916912,11.0,True,True,False,False,False,False
521190,JATAI,GO,9.059286146400485,9.1,False,False,False,False,False,False
521200,JAUPACI,GO,6.349206349206349,6.3,False,False,False,False,False,False
521205,JESUPOLIS,GO,10.675381263616558,10.7,False,False,False,False,False,False
521210,JOVIANIA,GO,6.90978886756238,6.9,False,False,False,False,False,False
521220,JUSSARA,GO,6.140059741121806,6.1,False,False,False,False,False,False
521225,LAGOA SANTA,GO,9.6,9.6,False,False,False,False,False,False
521230,LEOPOLDO DE BULHOES,GO,8.668453976764969,8.7,False,False,False,False,False,False
521250,LUZIANIA,GO,10.690885264997089,10.7,False,False,False,False,False,False
521260,MAIRIPOTABA,GO,12.473118279569892,12.5,True,True,False,False,False,False
521270,MAMBAI,GO,9.694915254237287,9.7,False,False,False,False,False,False
521280,MARA ROSA,GO,7.447577729573392,7.4,False,False,False,False,False,False
521290,MARZAGAO,GO,9.925558312655088,9.9,False,False,False,False,False,False
521295,MATRINCHA,GO,11.348314606741573,11.3,True,True,False,False,False,False
521300,MAURILANDIA,GO,5.757575757575758,5.8,False,False,False,False,False,False
521305,MIMOSO DE GOIAS,GO,6.95364238410596,7.0,False,False,False,False,False,False
521308,MINACU,GO,7.973421926910299,8.0,False,False,False,False,False,False
521310,MINEIROS,GO,7.232749891508751,7.2,False,False,False,False,False,False
521340,MOIPORA,GO,10.526315789473683,10.5,False,False,False,False,False,False
521350,MONTE ALEGRE DE GOIAS,GO,9.946029298380878,9.9,False,False,False,False,False,False
521370,MONTES CLAROS DE GOIAS,GO,5.771495877502945,5.8,False,False,False,False,False,False
521375,MONTIVIDIU,GO,8.205128205128204,8.2,False,False,False,False,False,False
521377,MONTIVIDIU DO NORTE,GO,4.761904761904762,4.8,False,False,False,False,False,False
521380,MORRINHOS,GO,5.722599418040737,5.7,False,False,False,False,False,False
521385,MORRO AGUDO DE GOIAS,GO,8.755760368663594,8.8,False,False,False,False,False,False
521390,MOSSAMEDES,GO,6.300813008130081,6.3,False,False,False,False,False,False
521400,MOZARLANDIA,GO,12.462908011869436,12.5,True,True,False,False,False,False
521405,MUNDO NOVO,GO,4.931506849315069,4.9,False,False,False,False,False,False
521410,MUTUNOPOLIS,GO,6.986027944111776,7.0,False,False,False,False,False,False
521440,NAZARIO,GO,6.987399770904926,7.0,False,False,False,False,False,False
521450,NEROPOLIS,GO,4.6537092800438,4.7,False,False,False,False,False,False
521460,NIQUELANDIA,GO,5.982100800753651,6.0,False,False,False,False,False,False
521470,NOVA AMERICA,GO,15.36189069423929,15.4,True,True,False,False,False,False
521480,NOVA AURORA,GO,9.059233449477352,9.1,False,False,False,False,False,False
521483,NOVA CRIXAS,GO,7.967914438502674,8.0,False,False,False,False,False,False
521486,NOVA GLORIA,GO,8.96431679721497,9.0,False,False,False,False,False,False
521487,NOVA IGUACU DE GOIAS,GO,3.5608308605341246,3.6,False,False,False,False,False,False
521490,NOVA ROMA,GO,6.809338521400778,6.8,False,False,False,False,False,False
521500,NOVA VENEZA,GO,4.948805460750854,4.9,False,False,False,False,False,False
521520,NOVO BRASIL,GO,12.295081967213115,12.3,True,True,False,False,False,False
521523,NOVO GAMA,GO,8.550873586844808,8.6,False,False,False,False,False,False
521525,NOVO PLANALTO,GO,6.143790849673202,6.1,False,False,False,False,False,False
521530,ORIZONA,GO,8.070714834742505,8.1,False,False,False,False,False,False
521540,OURO VERDE DE GOIAS,GO,7.777777777777778,7.8,False,False,False,False,False,False
521550,OUVIDOR,GO,4.35967302452316,4.4,False,False,False,False,False,False
521560,PADRE BERNARDO,GO,7.807037986483337,7.8,False,False,False,False,False,False
521565,PALESTINA DE GOIAS,GO,7.344632768361582,7.3,False,False,False,False,False,False
521570,PALMEIRAS DE GOIAS,GO,8.409893992932863,8.4,False,False,False,False,False,False
521580,PALMELO,GO,5.86080586080586,5.9,False,False,False,False,False,False
521590,PALMINOPOLIS,GO,10.87378640776699,10.9,False,False,False,False,False,False
521600,PANAMA,GO,3.587443946188341,3.6,False,False,False,False,False,False
521630,PARANAIGUARA,GO,9.714795008912656,9.7,False,False,False,False,False,False
521640,PARAUNA,GO,8.040201005025125,8.0,False,False,False,False,False,False
521645,PEROLANDIA,GO,4.516129032258064,4.5,False,False,False,False,False,False
521680,PETROLINA DE GOIAS,GO,9.188544152744631,9.2,False,False,False,False,False,False
521690,PILAR DE GOIAS,GO,13.356164383561644,13.4,True,True,False,False,False,False
521710,PIRACANJUBA,GO,10.279569892473118,10.3,False,False,False,False,False,False
521720,PIRANHAS,GO,7.250755287009064,7.3,False,False,False,False,False,False
521730,PIRENOPOLIS,GO,7.963875205254515,8.0,False,False,False,False,False,False
521740,PIRES DO RIO,GO,9.887083448085928,9.9,False,False,False,False,False,False
521760,PLANALTINA,GO,8.121590023382696,8.1,False,False,False,False,False,False
521770,PONTALINA,GO,6.624605678233439,6.6,False,False,False,False,False,False
521800,PORANGATU,GO,7.634517766497462,7.6,False,False,False,False,False,False
521805,PORTEIRAO,GO,5.112781954887218,5.1,False,False,False,False,False,False
521810,PORTELANDIA,GO,12.055335968379447,12.1,True,True,False,False,False,False
521830,POSSE,GO,7.475355969331873,7.5,False,False,False,False,False,False
521839,PROFESSOR JAMIL,GO,20.496224379719525,20.5,True,True,False,False,False,False
521850,QUIRINOPOLIS,GO,7.123402472239682,7.1,False,False,False,False,False,False
521860,RIALMA,GO,7.862190812720849,7.9,False,False,False,False,False,False
521870,RIANAPOLIS,GO,8.726752503576538,8.7,False,False,False,False,False,False
521878,RIO QUENTE,GO,7.854137447405329,7.9,False,False,False,False,False,False
521880,RIO VERDE,GO,9.198252450112173,9.2,False,False,False,False,False,False
521890,RUBIATABA,GO,6.124497991967871,6.1,False,False,False,False,False,False
521900,SANCLERLANDIA,GO,6.751824817518248,6.8,False,False,False,False,False,False
521910,SANTA BARBARA DE GOIAS,GO,9.621289662231321,9.6,False,False,False,False,False,False
521920,SANTA CRUZ DE GOIAS,GO,6.106870229007633,6.1,False,False,False,False,False,False
521925,SANTA FE DE GOIAS,GO,7.392197125256674,7.4,False,False,False,False,False,False
521930,SANTA HELENA DE GOIAS,GO,7.210109018830526,7.2,False,False,False,False,False,False
521935,SANTA ISABEL,GO,9.366391184573002,9.4,False,False,False,False,False,False
521940,SANTA RITA DO ARAGUAIA,GO,10.672853828306264,10.7,False,False,False,False,False,False
521945,SANTA RITA DO NOVO DESTINO,GO,9.19811320754717,9.2,False,False,False,False,False,False
521950,SANTA ROSA DE GOIAS,GO,9.276018099547512,9.3,False,False,False,False,False,False
521960,SANTA TEREZA DE GOIAS,GO,5.721393034825871,5.7,False,False,False,False,False,False
521970,SANTA TEREZINHA DE GOIAS,GO,8.415398388540735,8.4,False,False,False,False,False,False
521971,SANTO ANTONIO DA BARRA,GO,8.36734693877551,8.4,False,False,False,False,False,False
521973,SANTO ANTONIO DE GOIAS,GO,5.1,5.1,False,False,False,False,False,False
521975,SANTO ANTONIO DO DESCOBERTO,GO,15.721417464604304,15.7,True,True,False,False,False,False
521980,SAO DOMINGOS,GO,6.755050505050505,6.8,False,False,False,False,False,False
521990,SAO FRANCISCO DE GOIAS,GO,14.33628318584071,14.3,True,True,False,False,False,False
522000,SAO JOAO D'ALIANCA,GO,7.453013609850939,7.5,False,False,False,False,False,False
522005,SAO JOAO DA PARAUNA,GO,11.731843575418994,11.7,True,True,False,False,False,False
522010,SAO LUIS DE MONTES BELOS,GO,8.347978910369068,8.3,False,False,False,False,False,False
522015,SAO LUIZ DO NORTE,GO,8.151549942594718,8.2,False,False,False,False,False,False
522020,SAO MIGUEL DO ARAGUAIA,GO,7.697471470127545,7.7,False,False,False,False,False,False
522026,SAO MIGUEL DO PASSA QUATRO,GO,14.192139737991265,14.2,True,True,False,False,False,False
522028,SAO PATRICIO,GO,10.256410256410255,10.3,False,False,False,False,False,False
522040,SAO SIMAO,GO,6.938603868797309,6.9,False,False,False,False,False,False
522045,SENADOR CANEDO,GO,4.841983183531458,4.8,False,False,False,False,False,False
522050,SERRANOPOLIS,GO,10.970996216897856,11.0,True,True,False,False,False,False
522060,SILVANIA,GO,9.171483622350674,9.2,False,False,False,False,False,False
522068,SIMOLANDIA,GO,5.82010582010582,5.8,False,False,False,False,False,False
522070,SITIO D'ABADIA,GO,8.701657458563536,8.7,False,False,False,False,False,False
522100,TAQUARAL DE GOIAS,GO,8.0,8.0,False,False,False,False,False,False
522108,TERESINA DE GOIAS,GO,10.204081632653061,10.2,False,False,False,False,False,False
522119,TEREZOPOLIS DE GOIAS,GO,8.36591086786552,8.4,False,False,False,False,False,False
522130,TRES RANCHOS,GO,12.875536480686694,12.9,True,True,False,False,False,False
522140,TRINDADE,GO,6.5835979152938355,6.6,False,False,False,False,False,False
522145,TROMBAS,GO,5.928853754940711,5.9,False,False,False,False,False,False
522150,TURVANIA,GO,8.43585237258348,8.4,False,False,False,False,False,False
522155,TURVELANDIA,GO,10.69609507640068,10.7,False,False,False,False,False,False
522157,UIRAPURU,GO,16.11111111111111,16.1,True,True,False,False,False,False
522160,URUACU,GO,8.800585080448561,8.8,False,False,False,False,False,False
522170,URUANA,GO,8.06282722513089,8.1,False,False,False,False,False,False
522180,URUTAI,GO,15.43859649122807,15.4,True,True,False,False,False,False
522185,VALPARAISO DE GOIAS,GO,6.8382074706740905,6.8,False,False,False,False,False,False
522190,VARJAO,GO,7.4074074074074066,7.4,False,False,False,False,False,False
522200,VIANOPOLIS,GO,6.163021868787276,6.2,False,False,False,False,False,False
522205,VICENTINOPOLIS,GO,9.504950495049505,9.5,False,False,False,False,False,False
522220,VILA BOA,GO,4.901960784313726,4.9,False,False,False,False,False,False
522230,VILA PROPICIO,GO,6.267409470752089,6.3,False,False,False,False,False,False
530010,BRASILIA,DF,10.577426153116457,10.6,False,False,False,False,False,False
