codigo_ibge,municipio,uf,ano,avaliados,magreza_acentuada_n,magreza_n,desnutricao_n,desnutricao_pct,magreza_acentuada_pct_oficial,magreza_pct_oficial,desnutricao_pct_oficial,eutrofia_n,eutrofia_pct_oficial,risco_sobrepeso_n,risco_sobrepeso_pct_oficial,sobrepeso_n,sobrepeso_pct_oficial,obesidade_n,obesidade_pct_oficial
1100015,Alta Floresta D'Oeste,RO,2025,1108,24,40,64,5.7762,2.17,3.61,5.78,755,68.14,168,15.16,87,7.85,34,3.07
1100023,Ariquemes,RO,2025,2664,66,115,181,6.7943,2.48,4.32,6.8,1733,65.05,447,16.78,165,6.19,138,5.18
1100031,Cabixi,RO,2025,269,2,6,8,2.974,0.74,2.23,2.97,177,65.8,46,17.1,25,9.29,13,4.83
1100049,Cacoal,RO,2025,4082,55,112,167,4.0911,1.35,2.74,4.09,2743,67.2,721,17.66,275,6.74,176,4.31
1100056,Cerejeiras,RO,2025,637,17,25,42,6.5934,2.67,3.92,6.59,439,68.92,94,14.76,41,6.44,21,3.3
1100064,Colorado do Oeste,RO,2025,914,10,30,40,4.3764,1.09,3.28,4.37,629,68.82,151,16.52,58,6.35,36,3.94
1100072,Corumbiara,RO,2025,228,5,4,9,3.9474,2.19,1.75,3.94,138,60.53,57,25.0,17,7.46,7,3.07
1100080,Costa Marques,RO,2025,844,26,36,62,7.346,3.08,4.27,7.35,534,63.27,118,13.98,67,7.94,63,7.46
1100098,Espigão D'Oeste,RO,2025,1160,15,27,42,3.6207,1.29,2.33,3.62,776,66.9,199,17.16,95,8.19,48,4.14
1100106,Guajará-Mirim,RO,2025,1970,54,102,156,7.9188,2.74,5.18,7.92,1412,71.68,242,12.28,88,4.47,72,3.65
1100114,Jaru,RO,2025,3222,50,79,129,4.0037,1.55,2.45,4.0,2210,68.59,563,17.47,219,6.8,101,3.13
1100122,Ji-Paraná,RO,2025,5904,86,184,270,4.5732,1.46,3.12,4.58,4095,69.36,991,16.79,369,6.25,179,3.03
1100130,Machadinho D'Oeste,RO,2025,1330,43,54,97,7.2932,3.23,4.06,7.29,861,64.74,210,15.79,89,6.69,73,5.49
1100148,Nova Brasilândia D'Oeste,RO,2025,670,31,30,61,9.1045,4.63,4.48,9.11,424,63.28,102,15.22,44,6.57,39,5.82
1100155,Ouro Preto do Oeste,RO,2025,1681,29,56,85,5.0565,1.73,3.33,5.06,1147,68.23,265,15.76,121,7.2,63,3.75
1100189,Pimenta Bueno,RO,2025,1843,29,45,74,4.0152,1.57,2.44,4.01,1270,68.91,333,18.07,99,5.37,67,3.64
1100205,Porto Velho,RO,2025,14388,307,458,765,5.3169,2.13,3.18,5.31,8951,62.21,2619,18.2,1155,8.03,898,6.24
1100254,Presidente Médici,RO,2025,1016,7,29,36,3.5433,0.69,2.85,3.54,667,65.65,174,17.13,90,8.86,49,4.82
1100262,Rio Crespo,RO,2025,267,2,6,8,2.9963,0.75,2.25,3.0,167,62.55,55,20.6,25,9.36,12,4.49
1100288,Rolim de Moura,RO,2025,2704,38,60,98,3.6243,1.41,2.22,3.63,1881,69.56,444,16.42,184,6.8,97,3.59
1100296,Santa Luzia D'Oeste,RO,2025,263,8,16,24,9.1255,3.04,6.08,9.12,155,58.94,47,17.87,23,8.75,14,5.32
1100304,Vilhena,RO,2025,6299,62,126,188,2.9846,0.98,2.0,2.98,4333,68.79,1156,18.35,429,6.81,193,3.06
1100320,São Miguel do Guaporé,RO,2025,429,27,21,48,11.1888,6.29,4.9,11.19,256,59.67,66,15.38,35,8.16,24,5.59
1100338,Nova Mamoré,RO,2025,1486,21,52,73,4.9125,1.41,3.5,4.91,1047,70.46,233,15.68,83,5.59,50,3.36
1100346,Alvorada D'Oeste,RO,2025,410,22,18,40,9.7561,5.37,4.39,9.76,242,59.02,83,20.24,25,6.1,20,4.88
1100379,Alto Alegre dos Parecis,RO,2025,361,12,11,23,6.3712,3.32,3.05,6.37,245,67.87,53,14.68,21,5.82,19,5.26
1100403,Alto Paraíso,RO,2025,524,13,17,30,5.7252,2.48,3.24,5.72,336,64.12,105,20.04,37,7.06,16,3.05
1100452,Buritis,RO,2025,769,38,33,71,9.2328,4.94,4.29,9.23,477,62.03,123,15.99,54,7.02,44,5.72
1100502,Novo Horizonte do Oeste,RO,2025,256,8,12,20,7.8125,3.13,4.69,7.82,176,68.75,27,10.55,18,7.03,15,5.86
1100601,Cacaulândia,RO,2025,219,3,2,5,2.2831,1.37,0.91,2.28,160,73.06,29,13.24,16,7.31,9,4.11
1100700,Campo Novo de Rondônia,RO,2025,233,4,8,12,5.1502,1.72,3.43,5.15,174,74.68,28,12.02,14,6.01,5,2.15
1100809,Candeias do Jamari,RO,2025,1222,34,45,79,6.4648,2.78,3.68,6.46,797,65.22,176,14.4,86,7.04,84,6.87
1100908,Castanheiras,RO,2025,91,1,1,2,2.1978,1.1,1.1,2.2,63,69.23,12,13.19,10,10.99,4,4.4
1100924,Chupinguaia,RO,2025,434,9,20,29,6.682,2.07,4.61,6.68,275,63.36,65,14.98,30,6.91,35,8.06
1100940,Cujubim,RO,2025,768,10,10,20,2.6042,1.3,1.3,2.6,510,66.41,153,19.92,44,5.73,41,5.34
1101005,Governador Jorge Teixeira,RO,2025,269,13,10,23,8.5502,4.83,3.72,8.55,172,63.94,36,13.38,17,6.32,21,7.81
1101104,Itapuã do Oeste,RO,2025,415,2,10,12,2.8916,0.48,2.41,2.89,274,66.02,80,19.28,27,6.51,22,5.3
1101203,Ministro Andreazza,RO,2025,405,9,17,26,6.4198,2.22,4.2,6.42,276,68.15,69,17.04,17,4.2,17,4.2
1101302,Mirante da Serra,RO,2025,535,4,11,15,2.8037,0.75,2.06,2.81,401,74.95,72,13.46,35,6.54,12,2.24
1101401,Monte Negro,RO,2025,568,17,36,53,9.331,2.99,6.34,9.33,360,63.38,97,17.08,41,7.22,17,2.99
1101435,Nova União,RO,2025,354,10,9,19,5.3672,2.82,2.54,5.36,237,66.95,63,17.8,21,5.93,14,3.95
1101450,Parecis,RO,2025,203,11,12,23,11.33,5.42,5.91,11.33,121,59.61,25,12.32,19,9.36,15,7.39
1101468,Pimenteiras do Oeste,RO,2025,99,2,3,5,5.0505,2.02,3.03,5.05,66,66.67,11,11.11,6,6.06,11,11.11
1101476,Primavera de Rondônia,RO,2025,159,0,2,2,1.2579,0.0,1.26,1.26,122,76.73,28,17.61,6,3.77,1,0.63
1101484,São Felipe D'Oeste,RO,2025,179,2,5,7,3.9106,1.12,2.79,3.91,112,62.57,30,16.76,19,10.61,11,6.15
1101492,São Francisco do Guaporé,RO,2025,532,32,24,56,10.5263,6.02,4.51,10.53,329,61.84,84,15.79,22,4.14,41,7.71
1101500,Seringueiras,RO,2025,446,7,21,28,6.278,1.57,4.71,6.28,325,72.87,56,12.56,20,4.48,17,3.81
1101559,Teixeirópolis,RO,2025,193,5,6,11,5.6995,2.59,3.11,5.7,144,74.61,28,14.51,6,3.11,4,2.07
1101609,Theobroma,RO,2025,276,9,10,19,6.8841,3.26,3.62,6.88,187,67.75,34,12.32,20,7.25,16,5.8
1101708,Urupá,RO,2025,626,8,17,25,3.9936,1.28,2.72,4.0,419,66.93,120,19.17,47,7.51,15,2.4
1101757,Vale do Anari,RO,2025,390,5,8,13,3.3333,1.28,2.05,3.33,250,64.1,61,15.64,35,8.97,31,7.95
1101807,Vale do Paraíso,RO,2025,320,2,4,6,1.875,0.63,1.25,1.88,187,58.44,78,24.38,31,9.69,18,5.63
1200013,Acrelândia,AC,2025,1114,15,29,44,3.9497,1.35,2.6,3.95,655,58.8,186,16.7,110,9.87,119,10.68
1200054,Assis Brasil,AC,2025,1158,13,18,31,2.677,1.12,1.55,2.67,533,46.03,306,26.42,179,15.46,109,9.41
1200104,Brasiléia,AC,2025,2356,41,66,107,4.5416,1.74,2.8,4.54,1402,59.51,482,20.46,228,9.68,137,5.81
1200138,Bujari,AC,2025,746,9,20,29,3.8874,1.21,2.68,3.89,465,62.33,145,19.44,63,8.45,44,5.9
1200179,Capixaba,AC,2025,667,8,13,21,3.1484,1.2,1.95,3.15,427,64.02,150,22.49,40,6.0,29,4.35
1200203,Cruzeiro do Sul,AC,2025,5731,156,260,416,7.2588,2.72,4.54,7.26,3502,61.11,962,16.79,440,7.68,411,7.17
1200252,Epitaciolândia,AC,2025,1242,64,98,162,13.0435,5.15,7.89,13.04,729,58.7,190,15.3,83,6.68,78,6.28
1200302,Feijó,AC,2025,2652,70,98,168,6.3348,2.64,3.7,6.34,1660,62.59,471,17.76,186,7.01,167,6.3
1200328,Jordão,AC,2025,1277,76,50,126,9.8669,5.95,3.92,9.87,709,55.52,294,23.02,98,7.67,50,3.92
1200336,Mâncio Lima,AC,2025,1171,28,47,75,6.4048,2.39,4.01,6.4,722,61.66,191,16.31,86,7.34,97,8.28
1200344,Manoel Urbano,AC,2025,1239,43,44,87,7.0218,3.47,3.55,7.02,840,67.8,190,15.33,70,5.65,52,4.2
1200351,Marechal Thaumaturgo,AC,2025,1804,38,48,86,4.7672,2.11,2.66,4.77,1093,60.59,363,20.12,149,8.26,113,6.26
1200385,Plácido de Castro,AC,2025,1110,18,39,57,5.1351,1.62,3.51,5.13,723,65.14,183,16.49,72,6.49,75,6.76
1200393,Porto Walter,AC,2025,1153,26,41,67,5.8109,2.25,3.56,5.81,768,66.61,187,16.22,81,7.03,50,4.34
1200401,Rio Branco,AC,2025,10806,232,410,642,5.9411,2.15,3.79,5.94,7070,65.43,1716,15.88,741,6.86,637,5.89
1200427,Rodrigues Alves,AC,2025,959,34,40,74,7.7164,3.55,4.17,7.72,596,62.15,144,15.02,73,7.61,72,7.51
1200435,Santa Rosa do Purus,AC,2025,690,13,22,35,5.0725,1.88,3.19,5.07,439,63.62,134,19.42,43,6.23,39,5.65
1200450,Senador Guiomard,AC,2025,1270,128,43,171,13.4646,10.08,3.39,13.47,728,57.32,191,15.04,88,6.93,92,7.24
1200500,Sena Madureira,AC,2025,2948,230,143,373,12.6526,7.8,4.85,12.65,1838,62.35,398,13.5,191,6.48,148,5.02
1200609,Tarauacá,AC,2025,3643,83,85,168,4.6116,2.28,2.33,4.61,2215,60.8,614,16.85,343,9.42,303,8.32
1200708,Xapuri,AC,2025,1361,26,38,64,4.7024,1.91,2.79,4.7,809,59.44,260,19.1,129,9.48,99,7.27
1200807,Porto Acre,AC,2025,1228,15,42,57,4.6417,1.22,3.42,4.64,813,66.21,199,16.21,84,6.84,75,6.11
1300029,Alvarães,AM,2025,1754,27,46,73,4.1619,1.54,2.62,4.16,1174,66.93,273,15.56,118,6.73,116,6.61
1300060,Amaturá,AM,2025,1316,26,26,52,3.9514,1.98,1.98,3.96,902,68.54,207,15.73,99,7.52,56,4.26
1300086,Anamã,AM,2025,1070,37,46,83,7.757,3.46,4.3,7.76,660,61.68,177,16.54,79,7.38,71,6.64
1300102,Anori,AM,2025,1271,14,23,37,2.9111,1.1,1.81,2.91,767,60.35,254,19.98,118,9.28,95,7.47
1300144,Apuí,AM,2025,1327,28,38,66,4.9736,2.11,2.86,4.97,807,60.81,269,20.27,112,8.44,73,5.5
1300201,Atalaia do Norte,AM,2025,1241,41,37,78,6.2853,3.3,2.98,6.28,760,61.24,241,19.42,103,8.3,59,4.75
1300300,Autazes,AM,2025,4001,119,142,261,6.5234,2.97,3.55,6.52,2546,63.63,631,15.77,309,7.72,254,6.35
1300409,Barcelos,AM,2025,1842,225,99,324,17.5896,12.21,5.37,17.58,1005,54.56,263,14.28,131,7.11,119,6.46
1300508,Barreirinha,AM,2025,2991,74,90,164,5.4831,2.47,3.01,5.48,2161,72.25,421,14.08,148,4.95,97,3.24
1300607,Benjamin Constant,AM,2025,3961,163,139,302,7.6243,4.12,3.51,7.63,2758,69.63,558,14.09,206,5.2,137,3.46
1300631,Beruri,AM,2025,2755,68,105,173,6.2795,2.47,3.81,6.28,1847,67.04,419,15.21,177,6.42,139,5.05
1300680,Boa Vista do Ramos,AM,2025,1624,38,38,76,4.6798,2.34,2.34,4.68,1057,65.09,299,18.41,111,6.83,81,4.99
1300706,Boca do Acre,AM,2025,2095,47,65,112,5.3461,2.24,3.1,5.34,1325,63.25,363,17.33,164,7.83,131,6.25
1300805,Borba,AM,2025,3112,97,105,202,6.491,3.12,3.37,6.49,1967,63.21,531,17.06,246,7.9,166,5.33
1300839,Caapiranga,AM,2025,917,31,35,66,7.1974,3.38,3.82,7.2,583,63.58,139,15.16,82,8.94,47,5.13
1300904,Canutama,AM,2025,835,28,20,48,5.7485,3.35,2.4,5.75,541,64.79,129,15.45,54,6.47,63,7.54
1301001,Carauari,AM,2025,2380,64,98,162,6.8067,2.69,4.12,6.81,1480,62.18,385,16.18,180,7.56,173,7.27
1301100,Careiro,AM,2025,2936,55,71,126,4.2916,1.87,2.42,4.29,1796,61.17,586,19.96,244,8.31,184,6.27
1301159,Careiro da Várzea,AM,2025,1499,60,54,114,7.6051,4.0,3.6,7.6,865,57.71,259,17.28,130,8.67,131,8.74
1301209,Coari,AM,2025,6702,141,170,311,4.6404,2.1,2.54,4.64,4217,62.92,1175,17.53,573,8.55,426,6.36
1301308,Codajás,AM,2025,1847,30,53,83,4.4938,1.62,2.87,4.49,1183,64.05,309,16.73,149,8.07,123,6.66
1301407,Eirunepé,AM,2025,2813,105,127,232,8.2474,3.73,4.51,8.24,1731,61.54,430,15.29,208,7.39,212,7.54
1301506,Envira,AM,2025,1405,31,48,79,5.6228,2.21,3.42,5.63,923,65.69,190,13.52,98,6.98,115,8.19
1301605,Fonte Boa,AM,2025,2610,52,89,141,5.4023,1.99,3.41,5.4,1783,68.31,427,16.36,150,5.75,109,4.18
1301654,Guajará,AM,2025,1385,82,61,143,10.3249,5.92,4.4,10.32,869,62.74,191,13.79,98,7.08,84,6.06
1301704,Humaitá,AM,2025,4305,137,163,300,6.9686,3.18,3.79,6.97,2740,63.65,784,18.21,296,6.88,185,4.3
1301803,Ipixuna,AM,2025,1907,159,91,250,13.1096,8.34,4.77,13.11,1120,58.73,300,15.73,118,6.19,119,6.24
1301852,Iranduba,AM,2025,5494,78,118,196,3.5675,1.42,2.15,3.57,3506,63.82,1040,18.93,455,8.28,297,5.41
1301902,Itacoatiara,AM,2025,8777,187,282,469,5.3435,2.13,3.21,5.34,5289,60.26,1619,18.45,789,8.99,611,6.96
1301951,Itamarati,AM,2025,1016,29,30,59,5.8071,2.85,2.95,5.8,758,74.61,139,13.68,39,3.84,21,2.07
1302009,Itapiranga,AM,2025,1115,24,51,75,6.7265,2.15,4.57,6.72,740,66.37,188,16.86,75,6.73,37,3.32
1302108,Japurá,AM,2025,907,40,40,80,8.8203,4.41,4.41,8.82,574,63.29,146,16.1,66,7.28,41,4.52
1302207,Juruá,AM,2025,994,39,60,99,9.9598,3.92,6.04,9.96,658,66.2,134,13.48,52,5.23,51,5.13
1302306,Jutaí,AM,2025,2551,54,82,136,5.3312,2.12,3.21,5.33,1567,61.43,381,14.94,186,7.29,281,11.02
1302405,Lábrea,AM,2025,3629,96,132,228,6.2827,2.65,3.64,6.29,2105,58.0,653,17.99,341,9.4,302,8.32
1302504,Manacapuru,AM,2025,7990,213,200,413,5.169,2.67,2.5,5.17,4825,60.39,1475,18.46,708,8.86,569,7.12
1302553,Manaquiri,AM,2025,1666,39,31,70,4.2017,2.34,1.86,4.2,1022,61.34,320,19.21,133,7.98,121,7.26
1302603,Manaus,AM,2025,101844,1081,2021,3102,3.0458,1.06,1.98,3.04,63796,62.64,21196,20.81,8876,8.72,4874,4.79
1302702,Manicoré,AM,2025,4609,113,165,278,6.0317,2.45,3.58,6.03,3059,66.37,709,15.38,312,6.77,251,5.45
1302801,Maraã,AM,2025,1991,29,44,73,3.6665,1.46,2.21,3.67,1242,62.38,400,20.09,169,8.49,107,5.37
1302900,Maués,AM,2025,5767,107,159,266,4.6125,1.86,2.76,4.62,4041,70.07,835,14.48,358,6.21,267,4.63
1303007,Nhamundá,AM,2025,1669,41,55,96,5.7519,2.46,3.3,5.76,1094,65.55,254,15.22,111,6.65,114,6.83
1303106,Nova Olinda do Norte,AM,2025,2842,63,94,157,5.5243,2.22,3.31,5.53,1927,67.8,445,15.66,174,6.12,139,4.89
1303205,Novo Airão,AM,2025,1414,38,43,81,5.7284,2.69,3.04,5.73,887,62.73,238,16.83,120,8.49,88,6.22
1303304,Novo Aripuanã,AM,2025,1838,57,56,113,6.148,3.1,3.05,6.15,1270,69.1,253,13.76,110,5.98,92,5.01
1303403,Parintins,AM,2025,8703,150,289,439,5.0442,1.72,3.32,5.04,6755,77.62,814,9.35,446,5.12,249,2.86
1303502,Pauini,AM,2025,1411,52,42,94,6.6619,3.69,2.98,6.67,853,60.45,242,17.15,91,6.45,131,9.28
1303536,Presidente Figueiredo,AM,2025,2571,68,69,137,5.3287,2.64,2.68,5.32,1576,61.3,510,19.84,222,8.63,126,4.9
1303569,Rio Preto da Eva,AM,2025,2216,25,37,62,2.7978,1.13,1.67,2.8,1436,64.8,458,20.67,177,7.99,83,3.75
1303601,Santa Isabel do Rio Negro,AM,2025,1193,41,30,71,5.9514,3.44,2.51,5.95,718,60.18,239,20.03,94,7.88,71,5.95
1303700,Santo Antônio do Içá,AM,2025,3795,76,114,190,5.0066,2.0,3.0,5.0,2547,67.11,640,16.86,262,6.9,156,4.11
1303809,São Gabriel da Cachoeira,AM,2025,5722,75,77,152,2.6564,1.31,1.35,2.66,1615,28.22,1082,18.91,1407,24.59,1466,25.62
1303908,São Paulo de Olivença,AM,2025,3744,83,93,176,4.7009,2.22,2.48,4.7,2618,69.93,629,16.8,211,5.64,110,2.94
1303957,São Sebastião do Uatumã,AM,2025,988,8,18,26,2.6316,0.81,1.82,2.63,719,72.77,159,16.09,57,5.77,27,2.73
1304005,Silves,AM,2025,1007,29,41,70,6.9513,2.88,4.07,6.95,644,63.95,160,15.89,94,9.33,39,3.87
1304062,Tabatinga,AM,2025,5892,85,147,232,3.9375,1.44,2.49,3.93,4073,69.13,1040,17.65,368,6.25,179,3.04
1304104,Tapauá,AM,2025,1677,32,59,91,5.4264,1.91,3.52,5.43,1083,64.58,293,17.47,127,7.57,83,4.95
1304203,Tefé,AM,2025,8488,190,239,429,5.0542,2.24,2.82,5.06,5545,65.33,1430,16.85,608,7.16,476,5.61
1304237,Tonantins,AM,2025,2143,43,72,115,5.3663,2.01,3.36,5.37,1398,65.24,358,16.71,159,7.42,113,5.27
1304260,Uarini,AM,2025,1694,43,50,93,5.49,2.54,2.95,5.49,1057,62.4,279,16.47,160,9.45,105,6.2
1304302,Urucará,AM,2025,1363,28,54,82,6.0161,2.05,3.96,6.01,964,70.73,203,14.89,76,5.58,38,2.79
1304401,Urucurituba,AM,2025,1642,13,29,42,2.5579,0.79,1.77,2.56,1230,74.91,263,16.02,71,4.32,36,2.19
1400027,Amajari,RR,2025,859,9,15,24,2.7939,1.05,1.75,2.8,551,64.14,183,21.3,77,8.96,24,2.79
1400050,Alto Alegre,RR,2025,1049,20,32,52,4.9571,1.91,3.05,4.96,705,67.21,194,18.49,63,6.01,35,3.34
1400100,Boa Vista,RR,2025,18176,197,334,531,2.9214,1.08,1.84,2.92,11964,65.82,3741,20.58,1350,7.43,590,3.25
1400159,Bonfim,RR,2025,1726,28,40,68,3.9397,1.62,2.32,3.94,1091,63.21,343,19.87,132,7.65,92,5.33
1400175,Cantá,RR,2025,1634,41,59,100,6.12,2.51,3.61,6.12,1085,66.4,259,15.85,102,6.24,88,5.39
1400209,Caracaraí,RR,2025,1547,36,52,88,5.6884,2.33,3.36,5.69,1023,66.13,255,16.48,108,6.98,73,4.72
1400233,Caroebe,RR,2025,1198,9,28,37,3.0885,0.75,2.34,3.09,898,74.96,169,14.11,66,5.51,28,2.34
1400282,Iracema,RR,2025,439,4,12,16,3.6446,0.91,2.73,3.64,299,68.11,77,17.54,31,7.06,16,3.64
1400308,Mucajaí,RR,2025,1462,8,22,30,2.052,0.55,1.5,2.05,902,61.7,313,21.41,138,9.44,79,5.4
1400407,Normandia,RR,2025,2160,42,41,83,3.8426,1.94,1.9,3.84,1113,51.53,451,20.88,237,10.97,276,12.78
1400456,Pacaraima,RR,2025,2905,72,35,107,3.6833,2.48,1.2,3.68,1717,59.1,807,27.78,193,6.64,81,2.79
1400472,Rorainópolis,RR,2025,2250,45,96,141,6.2667,2.0,4.27,6.27,1445,64.22,359,15.96,183,8.13,122,5.42
1400506,São João da Baliza,RR,2025,748,3,18,21,2.8075,0.4,2.41,2.81,540,72.19,124,16.58,43,5.75,20,2.67
1400605,São Luiz do Anauá,RR,2025,504,6,9,15,2.9762,1.19,1.79,2.98,328,65.08,99,19.64,45,8.93,17,3.37
1400704,Uiramutã,RR,2025,2401,27,32,59,2.4573,1.12,1.33,2.45,1686,70.22,492,20.49,116,4.83,48,2.0
1500107,Abaetetuba,PA,2025,10663,219,305,524,4.9142,2.05,2.86,4.91,6309,59.17,2031,19.05,1006,9.43,793,7.44
1500131,Abel Figueiredo,PA,2025,562,8,10,18,3.2028,1.42,1.78,3.2,345,61.39,116,20.64,59,10.5,24,4.27
1500206,Acará,PA,2025,3772,116,129,245,6.4952,3.08,3.42,6.5,2186,57.95,667,17.68,369,9.78,305,8.09
1500305,Afuá,PA,2025,4120,114,121,235,5.7039,2.77,2.94,5.71,2561,62.16,779,18.91,318,7.72,227,5.51
1500347,Água Azul do Norte,PA,2025,1148,27,26,53,4.6167,2.35,2.26,4.61,756,65.85,189,16.46,91,7.93,59,5.14
1500404,Alenquer,PA,2025,3848,99,172,271,7.0426,2.57,4.47,7.04,2680,69.65,520,13.51,216,5.61,161,4.18
1500503,Almeirim,PA,2025,2664,72,105,177,6.6441,2.7,3.94,6.64,1728,64.86,423,15.88,200,7.51,136,5.11
1500602,Altamira,PA,2025,6573,153,229,382,5.8117,2.33,3.48,5.81,4152,63.17,1166,17.74,515,7.84,358,5.45
1500701,Anajás,PA,2025,2871,133,148,281,9.7875,4.63,5.15,9.78,1753,61.06,436,15.19,212,7.38,189,6.58
1500800,Ananindeua,PA,2025,17895,1243,878,2121,11.8525,6.95,4.91,11.86,10371,57.95,2758,15.41,1359,7.59,1286,7.19
1500859,Anapu,PA,2025,3111,41,68,109,3.5037,1.32,2.19,3.51,1956,62.87,631,20.28,280,9.0,135,4.34
1500909,Augusto Corrêa,PA,2025,3726,51,95,146,3.9184,1.37,2.55,3.92,2406,64.57,706,18.95,288,7.73,180,4.83
1500958,Aurora do Pará,PA,2025,1829,29,52,81,4.4286,1.59,2.84,4.43,1143,62.49,355,19.41,138,7.55,112,6.12
1501006,Aveiro,PA,2025,1091,29,38,67,6.1412,2.66,3.48,6.14,688,63.06,187,17.14,83,7.61,66,6.05
1501105,Bagre,PA,2025,2356,112,74,186,7.8947,4.75,3.14,7.89,1422,60.36,430,18.25,189,8.02,129,5.48
1501204,Baião,PA,2025,2473,16,59,75,3.0328,0.65,2.39,3.04,1649,66.68,466,18.84,181,7.32,102,4.12
1501253,Bannach,PA,2025,222,1,4,5,2.2523,0.45,1.8,2.25,143,64.41,44,19.82,22,9.91,8,3.6
1501303,Barcarena,PA,2025,9111,133,246,379,4.1598,1.46,2.7,4.16,5935,65.14,1682,18.46,672,7.38,443,4.86
1501402,Belém,PA,2025,25650,484,737,1221,4.7602,1.89,2.87,4.76,16041,62.54,4880,19.03,2099,8.18,1409,5.49
1501451,Belterra,PA,2025,1453,24,37,61,4.1982,1.65,2.55,4.2,905,62.28,274,18.86,113,7.78,100,6.88
1501501,Benevides,PA,2025,3822,64,95,159,4.1601,1.67,2.49,4.16,2455,64.23,713,18.66,293,7.67,202,5.29
1501576,Bom Jesus do Tocantins,PA,2025,1131,24,32,56,4.9514,2.12,2.83,4.95,721,63.75,223,19.72,81,7.16,50,4.42
1501600,Bonito,PA,2025,904,19,28,47,5.1991,2.1,3.1,5.2,550,60.84,179,19.8,72,7.96,56,6.19
1501709,Bragança,PA,2025,8847,143,271,414,4.6796,1.62,3.06,4.68,5720,64.65,1577,17.83,668,7.55,468,5.29
1501725,Brasil Novo,PA,2025,1251,50,35,85,6.7946,4.0,2.8,6.8,812,64.91,204,16.31,92,7.35,58,4.64
1501758,Brejo Grande do Araguaia,PA,2025,621,14,18,32,5.153,2.25,2.9,5.15,448,72.14,80,12.88,42,6.76,19,3.06
1501782,Breu Branco,PA,2025,3296,92,127,219,6.6444,2.79,3.85,6.64,2043,61.98,550,16.69,255,7.74,229,6.95
1501808,Breves,PA,2025,9921,435,426,861,8.6786,4.38,4.29,8.67,6376,64.27,1539,15.51,617,6.22,528,5.32
1501907,Bujaru,PA,2025,2095,41,57,98,4.6778,1.96,2.72,4.68,1257,60.0,393,18.76,191,9.12,156,7.45
1501956,Cachoeira do Piriá,PA,2025,1469,70,70,140,9.5303,4.77,4.77,9.54,866,58.95,263,17.9,103,7.01,97,6.6
1502004,Cachoeira do Arari,PA,2025,1293,38,58,96,7.4246,2.94,4.49,7.43,808,62.49,214,16.55,89,6.88,86,6.65
1502103,Cametá,PA,2025,10587,177,225,402,3.7971,1.67,2.13,3.8,6805,64.28,2008,18.97,830,7.84,542,5.12
1502152,Canaã dos Carajás,PA,2025,7478,66,163,229,3.0623,0.88,2.18,3.06,5056,67.61,1411,18.87,528,7.06,254,3.4
1502202,Capanema,PA,2025,3705,78,117,195,5.2632,2.11,3.16,5.27,2312,62.4,626,16.9,333,8.99,239,6.45
1502301,Capitão Poço,PA,2025,3895,74,92,166,4.2619,1.9,2.36,4.26,2308,59.26,804,20.64,353,9.06,264,6.78
1502400,Castanhal,PA,2025,10438,304,264,568,5.4417,2.91,2.53,5.44,6620,63.42,1866,17.88,892,8.55,492,4.71
1502509,Chaves,PA,2025,1965,51,50,101,5.1399,2.6,2.54,5.14,1295,65.9,301,15.32,149,7.58,119,6.06
1502608,Colares,PA,2025,706,39,39,78,11.0482,5.52,5.52,11.04,454,64.31,93,13.17,48,6.8,33,4.67
1502707,Conceição do Araguaia,PA,2025,2714,69,104,173,6.3744,2.54,3.83,6.37,1726,63.6,519,19.12,194,7.15,102,3.76
1502756,Concórdia do Pará,PA,2025,2053,62,61,123,5.9912,3.02,2.97,5.99,1174,57.18,356,17.34,211,10.28,189,9.21
1502764,Cumaru do Norte,PA,2025,775,54,45,99,12.7742,6.97,5.81,12.78,472,60.9,129,16.65,39,5.03,36,4.65
1502772,Curionópolis,PA,2025,1564,64,85,149,9.5269,4.09,5.43,9.52,910,58.18,232,14.83,113,7.23,160,10.23
1502806,Curralinho,PA,2025,2835,84,82,166,5.8554,2.96,2.89,5.85,1708,60.25,477,16.83,226,7.97,258,9.1
1502855,Curuá,PA,2025,1145,22,43,65,5.6769,1.92,3.76,5.68,809,70.66,159,13.89,73,6.38,39,3.41
1502905,Curuçá,PA,2025,2407,101,70,171,7.1043,4.2,2.91,7.11,1394,57.91,441,18.32,218,9.06,183,7.6
1502939,Dom Eliseu,PA,2025,2087,71,107,178,8.529,3.4,5.13,8.53,1344,64.4,311,14.9,134,6.42,120,5.75
1502954,Eldorado do Carajás,PA,2025,2061,55,76,131,6.3561,2.67,3.69,6.36,1367,66.33,289,14.02,172,8.35,102,4.95
1503002,Faro,PA,2025,748,18,22,40,5.3476,2.41,2.94,5.35,509,68.05,117,15.64,48,6.42,34,4.55
1503044,Floresta do Araguaia,PA,2025,1554,12,60,72,4.6332,0.77,3.86,4.63,1081,69.56,245,15.77,113,7.27,43,2.77
1503077,Garrafão do Norte,PA,2025,1862,29,58,87,4.6724,1.56,3.11,4.67,1102,59.18,365,19.6,173,9.29,135,7.25
1503093,Goianésia do Pará,PA,2025,1581,32,63,95,6.0089,2.02,3.98,6.0,1045,66.1,255,16.13,105,6.64,81,5.12
1503101,Gurupá,PA,2025,2528,85,80,165,6.5269,3.36,3.16,6.52,1421,56.21,437,17.29,247,9.77,258,10.21
1503200,Igarapé-Açu,PA,2025,2219,34,60,94,4.2361,1.53,2.7,4.23,1301,58.63,455,20.5,201,9.06,168,7.57
1503309,Igarapé-Miri,PA,2025,4258,101,172,273,6.4115,2.37,4.04,6.41,2613,61.37,745,17.5,362,8.5,265,6.22
1503408,Inhangapi,PA,2025,773,26,28,54,6.9858,3.36,3.62,6.98,528,68.31,111,14.36,46,5.95,34,4.4
1503457,Ipixuna do Pará,PA,2025,2909,64,86,150,5.1564,2.2,2.96,5.16,1849,63.56,494,16.98,242,8.32,174,5.98
1503507,Irituia,PA,2025,2150,42,88,130,6.0465,1.95,4.09,6.04,1491,69.35,313,14.56,118,5.49,98,4.56
1503606,Itaituba,PA,2025,6867,217,229,446,6.4948,3.16,3.33,6.49,4140,60.29,1249,18.19,559,8.14,473,6.89
1503705,Itupiranga,PA,2025,3696,74,129,203,5.4924,2.0,3.49,5.49,2350,63.58,610,16.5,318,8.6,215,5.82
1503754,Jacareacanga,PA,2025,2582,303,156,459,17.7769,11.74,6.04,17.78,1376,53.29,304,11.77,178,6.89,265,10.26
1503804,Jacundá,PA,2025,2217,69,104,173,7.8033,3.11,4.69,7.8,1445,65.18,357,16.1,148,6.68,94,4.24
1503903,Juruti,PA,2025,4187,121,158,279,6.6635,2.89,3.77,6.66,2952,70.5,583,13.92,223,5.33,150,3.58
1504000,Limoeiro do Ajuru,PA,2025,2373,58,55,113,4.7619,2.44,2.32,4.76,1438,60.6,455,19.17,232,9.78,135,5.69
1504059,Mãe do Rio,PA,2025,2340,37,76,113,4.8291,1.58,3.25,4.83,1636,69.91,356,15.21,152,6.5,83,3.55
1504109,Magalhães Barata,PA,2025,452,9,8,17,3.7611,1.99,1.77,3.76,286,63.27,80,17.7,36,7.96,33,7.3
1504208,Marabá,PA,2025,13478,245,454,699,5.1862,1.82,3.37,5.19,9186,68.16,2218,16.46,866,6.43,509,3.78
1504307,Maracanã,PA,2025,1630,38,59,97,5.9509,2.33,3.62,5.95,958,58.77,296,18.16,140,8.59,139,8.53
1504406,Marapanim,PA,2025,1239,36,46,82,6.6182,2.91,3.71,6.62,760,61.34,215,17.35,94,7.59,88,7.1
1504422,Marituba,PA,2025,6163,129,215,344,5.5817,2.09,3.49,5.58,3938,63.9,1105,17.93,484,7.85,292,4.74
1504455,Medicilândia,PA,2025,1687,59,83,142,8.4173,3.5,4.92,8.42,1001,59.34,258,15.29,156,9.25,130,7.71
1504505,Melgaço,PA,2025,2267,62,93,155,6.8372,2.73,4.1,6.83,1577,69.56,323,14.25,107,4.72,105,4.63
1504604,Mocajuba,PA,2025,2694,44,75,119,4.4172,1.63,2.78,4.41,1680,62.36,507,18.82,239,8.87,149,5.53
1504703,Moju,PA,2025,4226,143,147,290,6.8623,3.38,3.48,6.86,2222,52.58,756,17.89,464,10.98,494,11.69
1504752,Mojuí dos Campos,PA,2025,1771,36,62,98,5.5336,2.03,3.5,5.53,1099,62.06,314,17.73,160,9.03,100,5.65
1504802,Monte Alegre,PA,2025,4437,88,144,232,5.2288,1.98,3.25,5.23,2984,67.25,739,16.66,285,6.42,197,4.44
1504901,Muaná,PA,2025,3019,52,89,141,4.6704,1.72,2.95,4.67,2055,68.07,496,16.43,193,6.39,134,4.44
1504950,Nova Esperança do Piriá,PA,2025,1568,37,40,77,4.9107,2.36,2.55,4.91,880,56.12,297,18.94,181,11.54,133,8.48
1504976,Nova Ipixuna,PA,2025,860,20,22,42,4.8837,2.33,2.56,4.89,566,65.81,142,16.51,67,7.79,43,5.0
1505007,Nova Timboteua,PA,2025,756,5,20,25,3.3069,0.66,2.65,3.31,469,62.04,144,19.05,75,9.92,43,5.69
1505031,Novo Progresso,PA,2025,2805,44,65,109,3.8859,1.57,2.32,3.89,1857,66.2,547,19.5,185,6.6,107,3.81
1505064,Novo Repartimento,PA,2025,4504,72,111,183,4.0631,1.6,2.46,4.06,2971,65.96,827,18.36,345,7.66,178,3.95
1505106,Óbidos,PA,2025,4375,47,97,144,3.2914,1.07,2.22,3.29,2942,67.25,826,18.88,325,7.43,138,3.15
1505205,Oeiras do Pará,PA,2025,2651,68,81,149,5.6205,2.57,3.06,5.63,1758,66.31,442,16.67,179,6.75,123,4.64
1505304,Oriximiná,PA,2025,5073,106,169,275,5.4209,2.09,3.33,5.42,3446,67.93,816,16.09,295,5.82,241,4.75
1505403,Ourém,PA,2025,1254,28,34,62,4.9442,2.23,2.71,4.94,808,64.43,210,16.75,107,8.53,67,5.34
1505437,Ourilândia do Norte,PA,2025,1934,63,87,150,7.7559,3.26,4.5,7.76,1309,67.68,276,14.27,119,6.15,80,4.14
1505486,Pacajá,PA,2025,3933,88,160,248,6.3056,2.24,4.07,6.31,2715,69.03,607,15.43,238,6.05,125,3.18
1505494,Palestina do Pará,PA,2025,488,6,16,22,4.5082,1.23,3.28,4.51,313,64.14,95,19.47,37,7.58,21,4.3
1505502,Paragominas,PA,2025,7043,85,183,268,3.8052,1.21,2.6,3.81,4535,64.39,1420,20.16,533,7.57,287,4.07
1505536,Parauapebas,PA,2025,13427,157,385,542,4.0366,1.17,2.87,4.04,9338,69.55,2345,17.46,780,5.81,422,3.14
1505551,Pau D'Arco,PA,2025,563,11,18,29,5.151,1.95,3.2,5.15,380,67.5,81,14.39,47,8.35,26,4.62
1505601,Peixe-Boi,PA,2025,433,19,12,31,7.1594,4.39,2.77,7.16,258,59.58,87,20.09,33,7.62,24,5.54
1505635,Piçarra,PA,2025,961,54,52,106,11.0302,5.62,5.41,11.03,576,59.94,157,16.34,60,6.24,62,6.45
1505650,Placas,PA,2025,1685,31,46,77,4.5697,1.84,2.73,4.57,1008,59.82,330,19.58,157,9.32,113,6.71
1505700,Ponta de Pedras,PA,2025,1863,55,65,120,6.4412,2.95,3.49,6.44,1224,65.7,316,16.96,127,6.82,76,4.08
1505809,Portel,PA,2025,6049,121,202,323,5.3397,2.0,3.34,5.34,4199,69.42,903,14.93,363,6.0,261,4.31
1505908,Porto de Moz,PA,2025,2952,119,133,252,8.5366,4.03,4.51,8.54,1793,60.74,486,16.46,228,7.72,193,6.54
1506005,Prainha,PA,2025,3154,77,113,190,6.0241,2.44,3.58,6.02,2123,67.31,470,14.9,209,6.63,162,5.14
1506104,Primavera,PA,2025,805,21,24,45,5.5901,2.61,2.98,5.59,518,64.35,124,15.4,73,9.07,45,5.59
1506112,Quatipuru,PA,2025,687,18,19,37,5.3857,2.62,2.77,5.39,426,62.01,123,17.9,50,7.28,51,7.42
1506138,Redenção,PA,2025,6032,94,188,282,4.6751,1.56,3.12,4.68,3779,62.65,1121,18.58,521,8.64,329,5.45
1506161,Rio Maria,PA,2025,865,17,37,54,6.2428,1.97,4.28,6.25,562,64.97,134,15.49,64,7.4,51,5.9
1506187,Rondon do Pará,PA,2025,2388,50,87,137,5.737,2.09,3.64,5.73,1642,68.76,380,15.91,161,6.74,68,2.85
1506195,Rurópolis,PA,2025,1911,38,57,95,4.9712,1.99,2.98,4.97,1243,65.04,343,17.95,137,7.17,93,4.87
1506203,Salinópolis,PA,2025,2926,48,79,127,4.3404,1.64,2.7,4.34,1843,62.99,521,17.81,243,8.3,192,6.56
1506302,Salvaterra,PA,2025,1512,45,65,110,7.2751,2.98,4.3,7.28,951,62.9,245,16.2,115,7.61,91,6.02
1506351,Santa Bárbara do Pará,PA,2025,1130,20,45,65,5.7522,1.77,3.98,5.75,725,64.16,192,16.99,84,7.43,64,5.66
1506401,Santa Cruz do Arari,PA,2025,451,12,18,30,6.6519,2.66,3.99,6.65,274,60.75,77,17.07,39,8.65,31,6.87
1506500,Santa Izabel do Pará,PA,2025,3400,78,106,184,5.4118,2.29,3.12,5.41,1999,58.79,599,17.62,291,8.56,327,9.62
1506559,Santa Luzia do Pará,PA,2025,1454,24,53,77,5.2957,1.65,3.65,5.3,837,57.57,308,21.18,124,8.53,108,7.43
1506583,Santa Maria das Barreiras,PA,2025,902,40,40,80,8.8692,4.43,4.43,8.86,582,64.52,145,16.08,53,5.88,42,4.66
1506609,Santa Maria do Pará,PA,2025,1660,37,38,75,4.5181,2.23,2.29,4.52,1022,61.57,310,18.67,151,9.1,102,6.14
1506708,Santana do Araguaia,PA,2025,2449,103,108,211,8.6158,4.21,4.41,8.62,1542,62.96,349,14.25,184,7.51,163,6.66
1506807,Santarém,PA,2025,20773,534,731,1265,6.0896,2.57,3.52,6.09,13763,66.25,3373,16.24,1476,7.11,896,4.31
1506906,Santarém Novo,PA,2025,494,8,21,29,5.8704,1.62,4.25,5.87,312,63.16,95,19.23,30,6.07,28,5.67
1507003,Santo Antônio do Tauá,PA,2025,2000,60,43,103,5.15,3.0,2.15,5.15,1332,66.6,375,18.75,77,3.85,113,5.65
1507102,São Caetano de Odivelas,PA,2025,1047,35,32,67,6.3992,3.34,3.06,6.4,691,66.0,182,17.38,67,6.4,40,3.82
1507151,São Domingos do Araguaia,PA,2025,1378,23,46,69,5.0073,1.67,3.34,5.01,904,65.6,232,16.84,99,7.18,74,5.37
1507201,São Domingos do Capim,PA,2025,2371,48,75,123,5.1877,2.02,3.16,5.18,1461,61.62,424,17.88,202,8.52,161,6.79
1507300,São Félix do Xingu,PA,2025,4456,316,202,518,11.6248,7.09,4.53,11.62,2747,61.65,629,14.12,302,6.78,260,5.83
1507409,São Francisco do Pará,PA,2025,944,35,35,70,7.4153,3.71,3.71,7.42,568,60.17,157,16.63,74,7.84,75,7.94
1507458,São Geraldo do Araguaia,PA,2025,1620,38,71,109,6.7284,2.35,4.38,6.73,1098,67.78,252,15.56,86,5.31,75,4.63
1507466,São João da Ponta,PA,2025,348,12,23,35,10.0575,3.45,6.61,10.06,236,67.82,49,14.08,14,4.02,14,4.02
1507474,São João de Pirabas,PA,2025,1417,12,29,41,2.8934,0.85,2.05,2.9,973,68.67,238,16.8,103,7.27,62,4.38
1507508,São João do Araguaia,PA,2025,945,87,56,143,15.1323,9.21,5.93,15.14,580,61.38,118,12.49,52,5.5,52,5.5
1507607,São Miguel do Guamá,PA,2025,3827,71,125,196,5.1215,1.86,3.27,5.13,2391,62.48,695,18.16,317,8.28,228,5.96
1507706,São Sebastião da Boa Vista,PA,2025,2307,59,85,144,6.2419,2.56,3.68,6.24,1393,60.38,432,18.73,180,7.8,158,6.85
1507755,Sapucaia,PA,2025,355,4,8,12,3.3803,1.13,2.25,3.38,212,59.72,69,19.44,36,10.14,26,7.32
1507805,Senador José Porfírio,PA,2025,1587,43,42,85,5.356,2.71,2.65,5.36,917,57.78,273,17.2,151,9.51,161,10.14
1507904,Soure,PA,2025,1511,60,65,125,8.2727,3.97,4.3,8.27,919,60.82,239,15.82,133,8.8,95,6.29
1507953,Tailândia,PA,2025,6128,71,195,266,4.3407,1.16,3.18,4.34,4179,68.2,1067,17.41,410,6.69,206,3.36
1507961,Terra Alta,PA,2025,686,20,25,45,6.5598,2.92,3.64,6.56,435,63.41,108,15.74,48,7.0,50,7.29
1507979,Terra Santa,PA,2025,1458,22,38,60,4.1152,1.51,2.61,4.12,1047,71.81,215,14.75,87,5.97,49,3.36
1508001,Tomé-Açu,PA,2025,5646,125,196,321,5.6854,2.21,3.47,5.68,3673,65.05,905,16.03,394,6.98,353,6.25
1508035,Tracuateua,PA,2025,1968,48,82,130,6.6057,2.44,4.17,6.61,1251,63.57,315,16.01,152,7.72,120,6.1
1508050,Trairão,PA,2025,1326,28,51,79,5.9578,2.11,3.85,5.96,844,63.65,222,16.74,100,7.54,81,6.11
1508084,Tucumã,PA,2025,2476,59,74,133,5.3716,2.38,2.99,5.37,1677,67.73,419,16.92,144,5.82,103,4.16
1508100,Tucuruí,PA,2025,4919,98,174,272,5.5296,1.99,3.54,5.53,3383,68.77,772,15.69,303,6.16,189,3.84
1508126,Ulianópolis,PA,2025,1904,45,39,84,4.4118,2.36,2.05,4.41,1116,58.61,383,20.12,189,9.93,132,6.93
1508159,Uruará,PA,2025,2972,76,91,167,5.6191,2.56,3.06,5.62,1835,61.74,511,17.19,227,7.64,232,7.81
1508209,Vigia,PA,2025,2507,146,123,269,10.73,5.82,4.91,10.73,1543,61.55,358,14.28,187,7.46,150,5.98
1508308,Viseu,PA,2025,4624,71,99,170,3.6765,1.54,2.14,3.68,2953,63.86,832,17.99,383,8.28,286,6.19
1508357,Vitória do Xingu,PA,2025,1335,27,48,75,5.618,2.02,3.6,5.62,870,65.17,211,15.81,120,8.99,59,4.42
1508407,Xinguara,PA,2025,3012,58,106,164,5.4449,1.93,3.52,5.45,2016,66.93,472,15.67,217,7.2,143,4.75
1600055,Serra do Navio,AP,2025,324,8,12,20,6.1728,2.47,3.7,6.17,212,65.43,54,16.67,14,4.32,24,7.41
1600105,Amapá,AP,2025,661,18,18,36,5.4463,2.72,2.72,5.44,447,67.62,114,17.25,37,5.6,27,4.08
1600154,Pedra Branca do Amapari,AP,2025,847,12,41,53,6.2574,1.42,4.84,6.26,553,65.29,152,17.95,58,6.85,31,3.66
1600204,Calçoene,AP,2025,871,20,30,50,5.7405,2.3,3.44,5.74,573,65.79,140,16.07,59,6.77,49,5.63
1600212,Cutias,AP,2025,477,13,23,36,7.5472,2.73,4.82,7.55,285,59.75,75,15.72,28,5.87,53,11.11
1600238,Ferreira Gomes,AP,2025,455,11,22,33,7.2527,2.42,4.84,7.26,308,67.69,68,14.95,25,5.49,21,4.62
1600253,Itaubal,AP,2025,668,17,14,31,4.6407,2.54,2.1,4.64,451,67.51,111,16.62,45,6.74,30,4.49
1600279,Laranjal do Jari,AP,2025,2347,65,85,150,6.3911,2.77,3.62,6.39,1489,63.44,405,17.26,170,7.24,133,5.67
1600303,Macapá,AP,2025,21974,445,601,1046,4.7602,2.03,2.74,4.77,13944,63.46,3940,17.93,1812,8.25,1232,5.61
1600402,Mazagão,AP,2025,2151,59,63,122,5.6718,2.74,2.93,5.67,1350,62.76,365,16.97,173,8.04,141,6.56
1600501,Oiapoque,AP,2025,1700,51,68,119,7.0,3.0,4.0,7.0,1097,64.53,284,16.71,105,6.18,95,5.59
1600535,Porto Grande,AP,2025,1055,39,50,89,8.436,3.7,4.74,8.44,654,61.99,161,15.26,77,7.3,74,7.01
1600550,Pracuúba,AP,2025,399,10,15,25,6.2657,2.51,3.76,6.27,255,63.91,69,17.29,30,7.52,20,5.01
1600600,Santana,AP,2025,6240,96,163,259,4.1506,1.54,2.61,4.15,3996,64.04,1176,18.85,498,7.98,311,4.98
1600709,Tartarugalzinho,AP,2025,1285,20,49,69,5.3696,1.56,3.81,5.37,889,69.18,187,14.55,74,5.76,66,5.14
1600808,Vitória do Jari,AP,2025,993,24,33,57,5.7402,2.42,3.32,5.74,620,62.44,177,17.82,72,7.25,67,6.75
1700251,Abreulândia,TO,2025,121,4,7,11,9.0909,3.31,5.79,9.1,86,71.07,5,4.13,11,9.09,8,6.61
1700301,Aguiarnópolis,TO,2025,113,4,7,11,9.7345,3.54,6.19,9.73,80,70.8,11,9.73,6,5.31,5,4.42
1700350,Aliança do Tocantins,TO,2025,340,4,9,13,3.8235,1.18,2.65,3.83,213,62.65,73,21.47,22,6.47,19,5.59
1700400,Almas,TO,2025,484,2,13,15,3.0992,0.41,2.69,3.1,316,65.29,109,22.52,37,7.64,7,1.45
1700707,Alvorada,TO,2025,539,27,29,56,10.3896,5.01,5.38,10.39,313,58.07,96,17.81,40,7.42,34,6.31
1701002,Ananás,TO,2025,696,17,21,38,5.4598,2.44,3.02,5.46,438,62.93,144,20.69,56,8.05,20,2.87
1701051,Angico,TO,2025,151,2,3,5,3.3113,1.32,1.99,3.31,105,69.54,25,16.56,9,5.96,7,4.64
1701101,Aparecida do Rio Negro,TO,2025,360,5,16,21,5.8333,1.39,4.44,5.83,230,63.89,63,17.5,21,5.83,25,6.94
1701309,Aragominas,TO,2025,305,15,16,31,10.1639,4.92,5.25,10.17,173,56.72,42,13.77,34,11.15,25,8.2
1701903,Araguacema,TO,2025,379,8,6,14,3.6939,2.11,1.58,3.69,242,63.85,62,16.36,37,9.76,24,6.33
1702000,Araguaçu,TO,2025,488,4,12,16,3.2787,0.82,2.46,3.28,305,62.5,106,21.72,39,7.99,22,4.51
1702109,Araguaína,TO,2025,10938,360,369,729,6.6648,3.29,3.37,6.66,6706,61.31,1900,17.37,905,8.27,698,6.38
1702158,Araguanã,TO,2025,247,4,6,10,4.0486,1.62,2.43,4.05,160,64.78,49,19.84,19,7.69,9,3.64
1702208,Araguatins,TO,2025,2067,36,75,111,5.3701,1.74,3.63,5.37,1373,66.42,337,16.3,143,6.92,103,4.98
1702307,Arapoema,TO,2025,323,10,14,24,7.4303,3.1,4.33,7.43,192,59.44,53,16.41,30,9.29,24,7.43
1702406,Arraias,TO,2025,566,14,14,28,4.947,2.47,2.47,4.94,352,62.19,104,18.37,54,9.54,28,4.95
1702554,Augustinópolis,TO,2025,1123,27,46,73,6.5004,2.4,4.1,6.5,775,69.01,171,15.23,54,4.81,50,4.45
1702703,Aurora do Tocantins,TO,2025,153,4,4,8,5.2288,2.61,2.61,5.22,105,68.63,25,16.34,8,5.23,7,4.58
1702901,Axixá do Tocantins,TO,2025,773,27,38,65,8.4088,3.49,4.92,8.41,483,62.48,116,15.01,59,7.63,50,6.47
1703008,Babaçulândia,TO,2025,395,5,16,21,5.3165,1.27,4.05,5.32,235,59.49,72,18.23,43,10.89,24,6.08
1703057,Bandeirantes do Tocantins,TO,2025,266,4,5,9,3.3835,1.5,1.88,3.38,188,70.68,43,16.17,19,7.14,7,2.63
1703073,Barra do Ouro,TO,2025,374,10,18,28,7.4866,2.67,4.81,7.48,248,66.31,63,16.84,23,6.15,12,3.21
1703107,Barrolândia,TO,2025,346,7,14,21,6.0694,2.02,4.05,6.07,243,70.23,43,12.43,21,6.07,18,5.2
1703206,Bernardo Sayão,TO,2025,110,3,6,9,8.1818,2.73,5.45,8.18,70,63.64,17,15.45,8,7.27,6,5.45
1703305,Bom Jesus do Tocantins,TO,2025,344,8,11,19,5.5233,2.33,3.2,5.53,189,54.94,73,21.22,39,11.34,24,6.98
1703602,Brasilândia do Tocantins,TO,2025,147,1,3,4,2.7211,0.68,2.04,2.72,89,60.54,29,19.73,11,7.48,14,9.52
1703701,Brejinho de Nazaré,TO,2025,283,7,12,19,6.7138,2.47,4.24,6.71,158,55.83,63,22.26,22,7.77,21,7.42
1703800,Buriti do Tocantins,TO,2025,696,9,14,23,3.3046,1.29,2.01,3.3,420,60.34,159,22.84,59,8.48,35,5.03
1703826,Cachoeirinha,TO,2025,159,1,3,4,2.5157,0.63,1.89,2.52,124,77.99,17,10.69,11,6.92,3,1.89
1703842,Campos Lindos,TO,2025,804,4,14,18,2.2388,0.5,1.74,2.24,618,76.87,121,15.05,35,4.35,12,1.49
1703867,Cariri do Tocantins,TO,2025,232,5,9,14,6.0345,2.16,3.88,6.04,144,62.07,36,15.52,25,10.78,13,5.6
1703883,Carmolândia,TO,2025,215,7,11,18,8.3721,3.26,5.12,8.38,132,61.4,38,17.67,14,6.51,13,6.05
1703891,Carrasco Bonito,TO,2025,269,5,3,8,2.974,1.86,1.12,2.98,173,64.31,51,18.96,18,6.69,19,7.06
1703909,Caseara,TO,2025,329,2,10,12,3.6474,0.61,3.04,3.65,205,62.31,68,20.67,26,7.9,18,5.47
1704105,Centenário,TO,2025,70,2,5,7,10.0,2.86,7.14,10.0,48,68.57,8,11.43,1,1.43,6,8.57
1704600,Chapada de Areia,TO,2025,132,1,6,7,5.303,0.76,4.55,5.31,97,73.48,14,10.61,11,8.33,3,2.27
1705102,Chapada da Natividade,TO,2025,238,2,5,7,2.9412,0.84,2.1,2.94,174,73.11,33,13.87,11,4.62,13,5.46
1705508,Colinas do Tocantins,TO,2025,2067,41,73,114,5.5152,1.98,3.53,5.51,1336,64.63,350,16.93,146,7.06,121,5.85
1705557,Combinado,TO,2025,307,16,8,24,7.8176,5.21,2.61,7.82,168,54.72,62,20.2,29,9.45,24,7.82
1705607,Conceição do Tocantins,TO,2025,278,1,7,8,2.8777,0.36,2.52,2.88,195,70.14,49,17.63,12,4.32,14,5.04
1706001,Couto Magalhães,TO,2025,329,9,12,21,6.383,2.74,3.65,6.39,204,62.01,46,13.98,22,6.69,36,10.94
1706100,Cristalândia,TO,2025,280,8,5,13,4.6429,2.86,1.79,4.65,184,65.71,56,20.0,12,4.29,15,5.36
1706258,Crixás do Tocantins,TO,2025,76,3,1,4,5.2632,3.95,1.32,5.27,34,44.74,17,22.37,13,17.11,8,10.53
1706506,Darcinópolis,TO,2025,441,5,10,15,3.4014,1.13,2.27,3.4,321,72.79,69,15.65,20,4.54,16,3.63
1707009,Dianópolis,TO,2025,983,23,32,55,5.5951,2.34,3.26,5.6,639,65.01,185,18.82,73,7.43,31,3.15
1707108,Divinópolis do Tocantins,TO,2025,397,16,7,23,5.7935,4.03,1.76,5.79,239,60.2,79,19.9,38,9.57,18,4.53
1707207,Dois Irmãos do Tocantins,TO,2025,366,4,6,10,2.7322,1.09,1.64,2.73,242,66.12,76,20.77,25,6.83,13,3.55
1707306,Dueré,TO,2025,278,12,13,25,8.9928,4.32,4.68,9.0,184,66.19,33,11.87,21,7.55,15,5.4
1707405,Esperantina,TO,2025,597,7,17,24,4.0201,1.17,2.85,4.02,403,67.5,99,16.58,44,7.37,27,4.52
1707553,Fátima,TO,2025,204,1,4,5,2.451,0.49,1.96,2.45,124,60.78,46,22.55,19,9.31,10,4.9
1707652,Figueirópolis,TO,2025,301,6,8,14,4.6512,1.99,2.66,4.65,219,72.76,43,14.29,18,5.98,7,2.33
1707702,Filadélfia,TO,2025,553,4,6,10,1.8083,0.72,1.08,1.8,367,66.37,98,17.72,54,9.76,24,4.34
1708205,Formoso do Araguaia,TO,2025,942,23,33,56,5.9448,2.44,3.5,5.94,565,59.98,178,18.9,88,9.34,55,5.84
1708254,Tabocão,TO,2025,113,0,5,5,4.4248,0.0,4.42,4.42,75,66.37,22,19.47,7,6.19,4,3.54
1708304,Goianorte,TO,2025,310,5,11,16,5.1613,1.61,3.55,5.16,167,53.87,72,23.23,39,12.58,16,5.16
1709005,Goiatins,TO,2025,977,26,26,52,5.3224,2.66,2.66,5.32,663,67.86,159,16.27,68,6.96,35,3.58
1709302,Guaraí,TO,2025,948,10,26,36,3.7975,1.05,2.74,3.79,664,70.04,159,16.77,61,6.43,28,2.95
1709500,Gurupi,TO,2025,3916,458,141,599,15.2962,11.7,3.6,15.3,2442,62.36,592,15.12,189,4.83,94,2.4
1709807,Ipueiras,TO,2025,102,5,1,6,5.8824,4.9,0.98,5.88,66,64.71,17,16.67,12,11.76,1,0.98
1710508,Itacajá,TO,2025,480,6,6,12,2.5,1.25,1.25,2.5,297,61.88,111,23.13,42,8.75,18,3.75
1710706,Itaguatins,TO,2025,345,8,20,28,8.1159,2.32,5.8,8.12,230,66.67,52,15.07,20,5.8,15,4.35
1710904,Itapiratins,TO,2025,271,1,8,9,3.321,0.37,2.95,3.32,205,75.65,33,12.18,18,6.64,6,2.21
1711100,Itaporã do Tocantins,TO,2025,179,6,8,14,7.8212,3.35,4.47,7.82,119,66.48,24,13.41,11,6.15,11,6.15
1711506,Jaú do Tocantins,TO,2025,204,3,7,10,4.902,1.47,3.43,4.9,134,65.69,31,15.2,17,8.33,12,5.88
1711803,Juarina,TO,2025,189,1,7,8,4.2328,0.53,3.7,4.23,128,67.72,40,21.16,11,5.82,2,1.06
1711902,Lagoa da Confusão,TO,2025,974,18,19,37,3.7988,1.85,1.95,3.8,554,56.88,219,22.48,119,12.22,45,4.62
1711951,Lagoa do Tocantins,TO,2025,331,2,17,19,5.7402,0.6,5.14,5.74,237,71.6,46,13.9,21,6.34,8,2.42
1712009,Lajeado,TO,2025,158,2,8,10,6.3291,1.27,5.06,6.33,99,62.66,28,17.72,15,9.49,6,3.8
1712157,Lavandeira,TO,2025,124,3,5,8,6.4516,2.42,4.03,6.45,82,66.13,19,15.32,11,8.87,4,3.23
1712405,Lizarda,TO,2025,236,10,8,18,7.6271,4.24,3.39,7.63,153,64.83,47,19.92,9,3.81,9,3.81
1712454,Luzinópolis,TO,2025,129,4,3,7,5.4264,3.1,2.33,5.43,89,68.99,18,13.95,10,7.75,5,3.88
1712504,Marianópolis do Tocantins,TO,2025,295,2,5,7,2.3729,0.68,1.69,2.37,195,66.1,57,19.32,21,7.12,15,5.08
1712702,Mateiros,TO,2025,178,3,4,7,3.9326,1.69,2.25,3.94,113,63.48,34,19.1,18,10.11,6,3.37
1712801,Maurilândia do Tocantins,TO,2025,278,4,10,14,5.036,1.44,3.6,5.04,193,69.42,39,14.03,19,6.83,13,4.68
1713205,Miracema do Tocantins,TO,2025,926,32,42,74,7.9914,3.46,4.54,8.0,621,67.06,126,13.61,52,5.62,53,5.72
1713304,Miranorte,TO,2025,773,16,27,43,5.5627,2.07,3.49,5.56,455,58.86,141,18.24,85,11.0,49,6.34
1713601,Monte do Carmo,TO,2025,402,8,7,15,3.7313,1.99,1.74,3.73,284,70.65,72,17.91,24,5.97,7,1.74
1713700,Monte Santo do Tocantins,TO,2025,82,1,7,8,9.7561,1.22,8.54,9.76,58,70.73,10,12.2,4,4.88,2,2.44
1713809,Palmeiras do Tocantins,TO,2025,311,7,6,13,4.1801,2.25,1.93,4.18,214,68.81,44,14.15,23,7.4,17,5.47
1713957,Muricilândia,TO,2025,273,7,6,13,4.7619,2.56,2.2,4.76,157,57.51,59,21.61,27,9.89,17,6.23
1714203,Natividade,TO,2025,530,1,16,17,3.2075,0.19,3.02,3.21,350,66.04,99,18.68,42,7.92,22,4.15
1714302,Nazaré,TO,2025,243,2,5,7,2.8807,0.82,2.06,2.88,153,62.96,37,15.23,25,10.29,21,8.64
1714880,Nova Olinda,TO,2025,836,8,19,27,3.2297,0.96,2.27,3.23,509,60.89,173,20.69,91,10.89,36,4.31
1715002,Nova Rosalândia,TO,2025,256,0,8,8,3.125,0.0,3.13,3.13,136,53.13,58,22.66,33,12.89,21,8.2
1715101,Novo Acordo,TO,2025,353,17,22,39,11.0482,4.82,6.23,11.05,250,70.82,33,9.35,14,3.97,17,4.82
1715150,Novo Alegre,TO,2025,93,1,2,3,3.2258,1.08,2.15,3.23,61,65.59,15,16.13,11,11.83,3,3.23
1715259,Novo Jardim,TO,2025,132,3,6,9,6.8182,2.27,4.55,6.82,93,70.45,13,9.85,10,7.58,7,5.3
1715507,Oliveira de Fátima,TO,2025,90,3,1,4,4.4444,3.33,1.11,4.44,62,68.89,10,11.11,5,5.56,9,10.0
1715705,Palmeirante,TO,2025,379,4,6,10,2.6385,1.06,1.58,2.64,203,53.56,93,24.54,41,10.82,32,8.44
1715754,Palmeirópolis,TO,2025,479,7,19,26,5.428,1.46,3.97,5.43,330,68.89,83,17.33,28,5.85,12,2.51
1716109,Paraíso do Tocantins,TO,2025,2244,39,57,96,4.2781,1.74,2.54,4.28,1485,66.18,411,18.32,165,7.35,87,3.88
1716208,Paranã,TO,2025,542,24,30,54,9.9631,4.43,5.54,9.97,337,62.18,79,14.58,39,7.2,33,6.09
1716307,Pau D'Arco,TO,2025,216,23,21,44,20.3704,10.65,9.72,20.37,124,57.41,25,11.57,9,4.17,14,6.48
1716505,Pedro Afonso,TO,2025,933,10,23,33,3.537,1.07,2.47,3.54,609,65.27,157,16.83,80,8.57,54,5.79
1716604,Peixe,TO,2025,468,6,13,19,4.0598,1.28,2.78,4.06,278,59.4,100,21.37,50,10.68,21,4.49
1716653,Pequizeiro,TO,2025,234,8,6,14,5.9829,3.42,2.56,5.98,145,61.97,45,19.23,16,6.84,14,5.98
1716703,Colméia,TO,2025,391,1,6,7,1.7903,0.26,1.53,1.79,250,63.94,76,19.44,46,11.76,12,3.07
1717008,Pindorama do Tocantins,TO,2025,258,3,12,15,5.814,1.16,4.65,5.81,174,67.44,36,13.95,18,6.98,15,5.81
1717206,Piraquê,TO,2025,173,4,5,9,5.2023,2.31,2.89,5.2,109,63.01,31,17.92,16,9.25,8,4.62
1717503,Pium,TO,2025,486,10,18,28,5.7613,2.06,3.7,5.76,318,65.43,88,18.11,34,7.0,18,3.7
1717800,Ponte Alta do Bom Jesus,TO,2025,182,1,8,9,4.9451,0.55,4.4,4.95,145,79.67,20,10.99,7,3.85,1,0.55
1717909,Ponte Alta do Tocantins,TO,2025,419,5,17,22,5.2506,1.19,4.06,5.25,285,68.02,70,16.71,26,6.21,16,3.82
1718006,Porto Alegre do Tocantins,TO,2025,221,4,9,13,5.8824,1.81,4.07,5.88,145,65.61,43,19.46,14,6.33,6,2.71
1718204,Porto Nacional,TO,2025,3509,45,99,144,4.1037,1.28,2.82,4.1,2391,68.14,643,18.32,223,6.36,108,3.08
1718303,Praia Norte,TO,2025,355,7,10,17,4.7887,1.97,2.82,4.79,246,69.3,53,14.93,24,6.76,15,4.23
1718402,Presidente Kennedy,TO,2025,204,2,1,3,1.4706,0.98,0.49,1.47,122,59.8,48,23.53,19,9.31,12,5.88
1718451,Pugmil,TO,2025,178,6,4,10,5.618,3.37,2.25,5.62,93,52.25,36,20.22,23,12.92,16,8.99
1718501,Recursolândia,TO,2025,319,4,3,7,2.1944,1.25,0.94,2.19,196,61.44,70,21.94,31,9.72,15,4.7
1718550,Riachinho,TO,2025,315,5,10,15,4.7619,1.59,3.17,4.76,218,69.21,52,16.51,22,6.98,8,2.54
1718659,Rio da Conceição,TO,2025,162,2,1,3,1.8519,1.23,0.62,1.85,108,66.67,32,19.75,12,7.41,7,4.32
1718709,Rio dos Bois,TO,2025,187,1,4,5,2.6738,0.53,2.14,2.67,133,71.12,31,16.58,12,6.42,6,3.21
1718758,Rio Sono,TO,2025,362,15,17,32,8.8398,4.14,4.7,8.84,241,66.57,44,12.15,35,9.67,10,2.76
1718808,Sampaio,TO,2025,419,17,16,33,7.8759,4.06,3.82,7.88,297,70.88,46,10.98,33,7.88,10,2.39
1718840,Sandolândia,TO,2025,258,4,7,11,4.2636,1.55,2.71,4.26,166,64.34,42,16.28,21,8.14,18,6.98
1718865,Santa Fé do Araguaia,TO,2025,502,14,11,25,4.9801,2.79,2.19,4.98,340,67.73,89,17.73,27,5.38,21,4.18
1718881,Santa Maria do Tocantins,TO,2025,180,1,4,5,2.7778,0.56,2.22,2.78,111,61.67,36,20.0,19,10.56,9,5.0
1718899,Santa Rita do Tocantins,TO,2025,166,4,1,5,3.012,2.41,0.6,3.01,110,66.27,31,18.67,10,6.02,10,6.02
1718907,Santa Rosa do Tocantins,TO,2025,279,6,11,17,6.0932,2.15,3.94,6.09,191,68.46,39,13.98,14,5.02,18,6.45
1719004,Santa Tereza do Tocantins,TO,2025,289,2,7,9,3.1142,0.69,2.42,3.11,198,68.51,52,17.99,20,6.92,10,3.46
1720002,Santa Terezinha do Tocantins,TO,2025,154,4,6,10,6.4935,2.6,3.9,6.5,109,70.78,19,12.34,8,5.19,8,5.19
1720101,São Bento do Tocantins,TO,2025,517,6,15,21,4.0619,1.16,2.9,4.06,322,62.28,94,18.18,51,9.86,29,5.61
1720150,São Félix do Tocantins,TO,2025,114,6,5,11,9.6491,5.26,4.39,9.65,69,60.53,18,15.79,8,7.02,8,7.02
1720200,São Miguel do Tocantins,TO,2025,1096,23,30,53,4.8358,2.1,2.74,4.84,723,65.97,187,17.06,88,8.03,45,4.11
1720259,São Salvador do Tocantins,TO,2025,221,2,3,5,2.2624,0.9,1.36,2.26,130,58.82,50,22.62,18,8.14,18,8.14
1720309,São Sebastião do Tocantins,TO,2025,307,6,11,17,5.5375,1.95,3.58,5.53,212,69.06,42,13.68,19,6.19,17,5.54
1720499,São Valério,TO,2025,237,3,3,6,2.5316,1.27,1.27,2.54,141,59.49,42,17.72,30,12.66,18,7.59
1720655,Silvanópolis,TO,2025,455,6,15,21,4.6154,1.32,3.3,4.62,278,61.1,81,17.8,47,10.33,28,6.15
1720804,Sítio Novo do Tocantins,TO,2025,724,19,24,43,5.9392,2.62,3.31,5.93,474,65.47,108,14.92,54,7.46,45,6.22
1720853,Sucupira,TO,2025,134,4,2,6,4.4776,2.99,1.49,4.48,77,57.46,33,24.63,9,6.72,9,6.72
1720903,Taguatinga,TO,2025,897,11,24,35,3.9019,1.23,2.68,3.91,563,62.76,175,19.51,76,8.47,48,5.35
1720937,Taipas do Tocantins,TO,2025,122,1,4,5,4.0984,0.82,3.28,4.1,83,68.03,20,16.39,7,5.74,7,5.74
1720978,Talismã,TO,2025,171,1,5,6,3.5088,0.58,2.92,3.5,107,62.57,34,19.88,15,8.77,9,5.26
1721000,Palmas,TO,2025,12752,216,317,533,4.1797,1.69,2.49,4.18,7947,62.32,2529,19.83,1082,8.48,661,5.18
1721109,Tocantínia,TO,2025,718,23,28,51,7.1031,3.2,3.9,7.1,483,67.27,117,16.3,41,5.71,26,3.62
1721208,Tocantinópolis,TO,2025,1396,56,74,130,9.3123,4.01,5.3,9.31,939,67.26,188,13.47,67,4.8,72,5.16
1721257,Tupirama,TO,2025,147,5,2,7,4.7619,3.4,1.36,4.76,94,63.95,28,19.05,13,8.84,5,3.4
1721307,Tupiratins,TO,2025,93,3,6,9,9.6774,3.23,6.45,9.68,56,60.22,17,18.28,8,8.6,3,3.23
1722081,Wanderlândia,TO,2025,558,5,13,18,3.2258,0.9,2.33,3.23,350,62.72,102,18.28,58,10.39,30,5.38
1722107,Xambioá,TO,2025,600,10,22,32,5.3333,1.67,3.67,5.34,383,63.83,116,19.33,47,7.83,22,3.67
2100055,Açailândia,MA,2025,4800,132,213,345,7.1875,2.75,4.44,7.19,3276,68.25,666,13.88,306,6.38,207,4.31
2100105,Afonso Cunha,MA,2025,701,25,29,54,7.7033,3.57,4.14,7.71,429,61.2,113,16.12,61,8.7,44,6.28
2100154,Água Doce do Maranhão,MA,2025,951,15,13,28,2.9443,1.58,1.37,2.95,513,53.94,198,20.82,124,13.04,88,9.25
2100204,Alcântara,MA,2025,1007,39,49,88,8.7388,3.87,4.87,8.74,636,63.16,128,12.71,95,9.43,60,5.96
2100303,Aldeias Altas,MA,2025,1558,64,89,153,9.8203,4.11,5.71,9.82,1068,68.55,218,13.99,68,4.36,51,3.27
2100402,Altamira do Maranhão,MA,2025,379,9,11,20,5.277,2.37,2.9,5.27,233,61.48,70,18.47,29,7.65,27,7.12
2100436,Alto Alegre do Maranhão,MA,2025,1346,65,80,145,10.7727,4.83,5.94,10.77,828,61.52,203,15.08,94,6.98,76,5.65
2100477,Alto Alegre do Pindaré,MA,2025,2091,38,71,109,5.2128,1.82,3.4,5.22,1330,63.61,374,17.89,161,7.7,117,5.6
2100501,Alto Parnaíba,MA,2025,742,35,53,88,11.8598,4.72,7.14,11.86,450,60.65,102,13.75,55,7.41,47,6.33
2100550,Amapá do Maranhão,MA,2025,567,15,17,32,5.6437,2.65,3.0,5.65,400,70.55,71,12.52,41,7.23,23,4.06
2100600,Amarante do Maranhão,MA,2025,3030,176,116,292,9.637,5.81,3.83,9.64,1824,60.2,499,16.47,237,7.82,178,5.87
2100709,Anajatuba,MA,2025,1320,29,50,79,5.9848,2.2,3.79,5.99,878,66.52,207,15.68,82,6.21,74,5.61
2100808,Anapurus,MA,2025,988,25,51,76,7.6923,2.53,5.16,7.69,590,59.72,159,16.09,88,8.91,75,7.59
2100832,Apicum-Açu,MA,2025,1073,22,31,53,4.9394,2.05,2.89,4.94,713,66.45,169,15.75,82,7.64,56,5.22
2100873,Araguanã,MA,2025,593,15,17,32,5.3963,2.53,2.87,5.4,384,64.76,92,15.51,47,7.93,38,6.41
2100907,Araioses,MA,2025,2402,58,68,126,5.2456,2.41,2.83,5.24,1434,59.7,420,17.49,217,9.03,205,8.53
2100956,Arame,MA,2025,2129,25,59,84,3.9455,1.17,2.77,3.94,1500,70.46,351,16.49,135,6.34,59,2.77
2101004,Arari,MA,2025,1480,61,56,117,7.9054,4.12,3.78,7.9,925,62.5,232,15.68,118,7.97,88,5.95
2101103,Axixá,MA,2025,719,15,25,40,5.5633,2.09,3.48,5.57,446,62.03,116,16.13,63,8.76,54,7.51
2101202,Bacabal,MA,2025,6379,110,144,254,3.9818,1.72,2.26,3.98,3992,62.58,1521,23.84,363,5.69,249,3.9
2101251,Bacabeira,MA,2025,1011,20,31,51,5.0445,1.98,3.07,5.05,698,69.04,122,12.07,79,7.81,61,6.03
2101301,Bacuri,MA,2025,946,20,52,72,7.611,2.11,5.5,7.61,639,67.55,125,13.21,65,6.87,45,4.76
2101350,Bacurituba,MA,2025,307,13,15,28,9.1205,4.23,4.89,9.12,185,60.26,49,15.96,23,7.49,22,7.17
2101400,Balsas,MA,2025,4468,55,117,172,3.8496,1.23,2.62,3.85,3048,68.22,816,18.26,310,6.94,122,2.73
2101509,Barão de Grajaú,MA,2025,1125,31,37,68,6.0444,2.76,3.29,6.05,727,64.62,200,17.78,60,5.33,70,6.22
2101608,Barra do Corda,MA,2025,3994,179,182,361,9.0386,4.48,4.56,9.04,2320,58.09,622,15.57,348,8.71,343,8.59
2101707,Barreirinhas,MA,2025,5096,143,183,326,6.3972,2.81,3.59,6.4,2932,57.54,918,18.01,491,9.64,429,8.42
2101731,Belágua,MA,2025,797,22,43,65,8.1556,2.76,5.4,8.16,505,63.36,127,15.93,60,7.53,40,5.02
2101772,Bela Vista do Maranhão,MA,2025,1018,33,50,83,8.1532,3.24,4.91,8.15,592,58.15,171,16.8,94,9.23,78,7.66
2101806,Benedito Leite,MA,2025,338,13,7,20,5.9172,3.85,2.07,5.92,192,56.8,61,18.05,32,9.47,33,9.76
2101905,Bequimão,MA,2025,877,53,36,89,10.1482,6.04,4.1,10.14,456,52.0,146,16.65,71,8.1,115,13.11
2101939,Bernardo do Mearim,MA,2025,297,7,13,20,6.734,2.36,4.38,6.74,189,63.64,52,17.51,25,8.42,11,3.7
2101970,Boa Vista do Gurupi,MA,2025,604,33,31,64,10.596,5.46,5.13,10.59,369,61.09,92,15.23,46,7.62,33,5.46
2102002,Bom Jardim,MA,2025,2141,77,82,159,7.4264,3.6,3.83,7.43,1318,61.56,320,14.95,204,9.53,140,6.54
2102036,Bom Jesus das Selvas,MA,2025,1936,55,67,122,6.3017,2.84,3.46,6.3,1193,61.62,323,16.68,151,7.8,147,7.59
2102077,Bom Lugar,MA,2025,577,30,19,49,8.4922,5.2,3.29,8.49,341,59.1,91,15.77,47,8.15,49,8.49
2102101,Brejo,MA,2025,2209,82,77,159,7.1978,3.71,3.49,7.2,1354,61.29,382,17.29,164,7.42,150,6.79
2102150,Brejo de Areia,MA,2025,720,15,42,57,7.9167,2.08,5.83,7.91,446,61.94,137,19.03,51,7.08,29,4.03
2102200,Buriti,MA,2025,2337,67,87,154,6.5896,2.87,3.72,6.59,1515,64.83,343,14.68,184,7.87,141,6.03
2102309,Buriti Bravo,MA,2025,1553,26,36,62,3.9923,1.67,2.32,3.99,1026,66.07,256,16.48,122,7.86,87,5.6
2102325,Buriticupu,MA,2025,3488,104,115,219,6.2787,2.98,3.3,6.28,2182,62.56,559,16.03,276,7.91,252,7.22
2102358,Buritirana,MA,2025,879,37,37,74,8.4187,4.21,4.21,8.42,495,56.31,130,14.79,91,10.35,89,10.13
2102374,Cachoeira Grande,MA,2025,671,35,52,87,12.9657,5.22,7.75,12.97,375,55.89,100,14.9,64,9.54,45,6.71
2102408,Cajapió,MA,2025,592,15,40,55,9.2905,2.53,6.76,9.29,394,66.55,73,12.33,37,6.25,33,5.57
2102507,Cajari,MA,2025,1194,70,72,142,11.8928,5.86,6.03,11.89,722,60.47,168,14.07,73,6.11,89,7.45
2102556,Campestre do Maranhão,MA,2025,731,14,26,40,5.472,1.92,3.56,5.48,472,64.57,114,15.6,61,8.34,44,6.02
2102606,Cândido Mendes,MA,2025,1346,42,58,100,7.4294,3.12,4.31,7.43,812,60.33,211,15.68,100,7.43,123,9.14
2102705,Cantanhede,MA,2025,1104,22,48,70,6.3406,1.99,4.35,6.34,740,67.03,153,13.86,80,7.25,61,5.53
2102754,Capinzal do Norte,MA,2025,651,18,21,39,5.9908,2.76,3.23,5.99,440,67.59,98,15.05,45,6.91,29,4.45
2102804,Carolina,MA,2025,1062,72,54,126,11.8644,6.78,5.08,11.86,612,57.63,158,14.88,80,7.53,86,8.1
2102903,Carutapera,MA,2025,1849,66,71,137,7.4094,3.57,3.84,7.41,1135,61.38,292,15.79,149,8.06,136,7.36
2103000,Caxias,MA,2025,7292,193,354,547,7.5014,2.65,4.85,7.5,4841,66.39,1114,15.28,452,6.2,338,4.64
2103109,Cedral,MA,2025,385,33,25,58,15.0649,8.57,6.49,15.06,217,56.36,55,14.29,30,7.79,25,6.49
2103125,Central do Maranhão,MA,2025,448,22,30,52,11.6071,4.91,6.7,11.61,263,58.71,61,13.62,33,7.37,39,8.71
2103158,Centro do Guilherme,MA,2025,907,35,38,73,8.0485,3.86,4.19,8.05,524,57.77,133,14.66,81,8.93,96,10.58
2103174,Centro Novo do Maranhão,MA,2025,1363,123,71,194,14.2333,9.02,5.21,14.23,774,56.79,169,12.4,117,8.58,109,8.0
2103208,Chapadinha,MA,2025,5179,113,164,277,5.3485,2.18,3.17,5.35,3230,62.37,936,18.07,435,8.4,301,5.81
2103257,Cidelândia,MA,2025,1027,46,62,108,10.5161,4.48,6.04,10.52,661,64.36,139,13.53,61,5.94,58,5.65
2103307,Codó,MA,2025,6663,740,2170,2910,43.674,11.11,32.57,43.68,3326,49.92,256,3.84,119,1.79,52,0.78
2103406,Coelho Neto,MA,2025,2942,103,100,203,6.9001,3.5,3.4,6.9,2202,74.85,301,10.23,131,4.45,105,3.57
2103505,Colinas,MA,2025,2353,100,107,207,8.7973,4.25,4.55,8.8,1502,63.83,328,13.94,178,7.56,138,5.86
2103554,Conceição do Lago-Açu,MA,2025,1109,168,57,225,20.2885,15.15,5.14,20.29,627,56.54,146,13.17,63,5.68,48,4.33
2103604,Coroatá,MA,2025,3489,126,128,254,7.28,3.61,3.67,7.28,2213,63.43,570,16.34,242,6.94,210,6.02
2103703,Cururupu,MA,2025,2012,48,59,107,5.3181,2.39,2.93,5.32,1363,67.74,314,15.61,143,7.11,85,4.22
2103752,Davinópolis,MA,2025,904,21,31,52,5.7522,2.32,3.43,5.75,588,65.04,148,16.37,62,6.86,54,5.97
2103802,Dom Pedro,MA,2025,1123,51,47,98,8.7266,4.54,4.19,8.73,645,57.44,181,16.12,96,8.55,103,9.17
2103901,Duque Bacelar,MA,2025,924,29,52,81,8.7662,3.14,5.63,8.77,614,66.45,143,15.48,51,5.52,35,3.79
2104008,Esperantinópolis,MA,2025,1189,44,70,114,9.5879,3.7,5.89,9.59,702,59.04,197,16.57,101,8.49,75,6.31
2104057,Estreito,MA,2025,1617,81,93,174,10.7607,5.01,5.75,10.76,954,59.0,254,15.71,112,6.93,123,7.61
2104073,Feira Nova do Maranhão,MA,2025,394,27,27,54,13.7056,6.85,6.85,13.7,238,60.41,59,14.97,15,3.81,28,7.11
2104081,Fernando Falcão,MA,2025,889,24,51,75,8.4364,2.7,5.74,8.44,564,63.44,130,14.62,57,6.41,63,7.09
2104099,Formosa da Serra Negra,MA,2025,956,31,39,70,7.3222,3.24,4.08,7.32,562,58.79,165,17.26,95,9.94,64,6.69
2104107,Fortaleza dos Nogueiras,MA,2025,851,23,29,52,6.1105,2.7,3.41,6.11,467,54.88,161,18.92,91,10.69,80,9.4
2104206,Fortuna,MA,2025,1060,16,30,46,4.3396,1.51,2.83,4.34,754,71.13,159,15.0,62,5.85,39,3.68
2104305,Godofredo Viana,MA,2025,622,31,31,62,9.9678,4.98,4.98,9.96,365,58.68,102,16.4,59,9.49,34,5.47
2104404,Gonçalves Dias,MA,2025,1090,35,34,69,6.3303,3.21,3.12,6.33,716,65.69,165,15.14,89,8.17,51,4.68
2104503,Governador Archer,MA,2025,540,20,18,38,7.037,3.7,3.33,7.03,346,64.07,83,15.37,45,8.33,28,5.19
2104552,Governador Edison Lobão,MA,2025,1452,35,37,72,4.9587,2.41,2.55,4.96,893,61.5,296,20.39,110,7.58,81,5.58
2104602,Governador Eugênio Barros,MA,2025,1053,28,42,70,6.6477,2.66,3.99,6.65,672,63.82,177,16.81,78,7.41,56,5.32
2104628,Governador Luiz Rocha,MA,2025,560,7,21,28,5.0,1.25,3.75,5.0,193,34.46,110,19.64,171,30.54,58,10.36
2104651,Governador Newton Bello,MA,2025,652,24,27,51,7.8221,3.68,4.14,7.82,376,57.67,98,15.03,61,9.36,66,10.12
2104677,Governador Nunes Freire,MA,2025,1587,39,55,94,5.9231,2.46,3.47,5.93,1038,65.41,247,15.56,123,7.75,85,5.36
2104701,Graça Aranha,MA,2025,326,9,10,19,5.8282,2.76,3.07,5.83,180,55.21,60,18.4,29,8.9,38,11.66
2104800,Grajaú,MA,2025,4654,170,163,333,7.1551,3.65,3.5,7.15,2696,57.93,810,17.4,433,9.3,382,8.21
2104909,Guimarães,MA,2025,489,12,26,38,7.771,2.45,5.32,7.77,324,66.26,61,12.47,34,6.95,32,6.54
2105005,Humberto de Campos,MA,2025,2139,183,117,300,14.0252,8.56,5.47,14.03,1222,57.13,281,13.14,188,8.79,148,6.92
2105104,Icatu,MA,2025,1550,40,82,122,7.871,2.58,5.29,7.87,930,60.0,259,16.71,143,9.23,96,6.19
2105153,Igarapé do Meio,MA,2025,1090,34,42,76,6.9725,3.12,3.85,6.97,688,63.12,156,14.31,87,7.98,83,7.61
2105203,Igarapé Grande,MA,2025,702,17,25,42,5.9829,2.42,3.56,5.98,460,65.53,106,15.1,54,7.69,40,5.7
2105302,Imperatriz,MA,2025,12399,270,452,722,5.8231,2.18,3.65,5.83,8184,66.01,2081,16.78,859,6.93,553,4.46
2105351,Itaipava do Grajaú,MA,2025,1110,26,32,58,5.2252,2.34,2.88,5.22,725,65.32,172,15.5,84,7.57,71,6.4
2105401,Itapecuru Mirim,MA,2025,4009,142,204,346,8.6306,3.54,5.09,8.63,2472,61.66,603,15.04,314,7.83,274,6.83
2105427,Itinga do Maranhão,MA,2025,1491,33,51,84,5.6338,2.21,3.42,5.63,893,59.89,267,17.91,142,9.52,105,7.04
2105450,Jatobá,MA,2025,590,10,20,30,5.0847,1.69,3.39,5.08,348,58.98,113,19.15,52,8.81,47,7.97
2105476,Jenipapo dos Vieiras,MA,2025,852,42,31,73,8.5681,4.93,3.64,8.57,441,51.76,165,19.37,99,11.62,74,8.69
2105500,João Lisboa,MA,2025,1461,41,68,109,7.4606,2.81,4.65,7.46,874,59.82,197,13.48,107,7.32,174,11.91
2105609,Joselândia,MA,2025,950,33,36,69,7.2632,3.47,3.79,7.26,603,63.47,158,16.63,61,6.42,59,6.21
2105658,Junco do Maranhão,MA,2025,334,17,17,34,10.1796,5.09,5.09,10.18,192,57.49,54,16.17,21,6.29,33,9.88
2105708,Lago da Pedra,MA,2025,3150,198,202,400,12.6984,6.29,6.41,12.7,1839,58.38,478,15.17,282,8.95,151,4.79
2105807,Lago do Junco,MA,2025,428,21,15,36,8.4112,4.91,3.5,8.41,240,56.07,73,17.06,44,10.28,35,8.18
2105906,Lago Verde,MA,2025,959,43,39,82,8.5506,4.48,4.07,8.55,558,58.19,131,13.66,81,8.45,107,11.16
2105922,Lagoa do Mato,MA,2025,692,24,41,65,9.3931,3.47,5.92,9.39,452,65.32,96,13.87,52,7.51,27,3.9
2105948,Lago dos Rodrigues,MA,2025,549,22,18,40,7.286,4.01,3.28,7.29,348,63.39,84,15.3,48,8.74,29,5.28
2105963,Lagoa Grande do Maranhão,MA,2025,1045,34,47,81,7.7512,3.25,4.5,7.75,662,63.35,161,15.41,76,7.27,65,6.22
2105989,Lajeado Novo,MA,2025,384,23,15,38,9.8958,5.99,3.91,9.9,243,63.28,56,14.58,20,5.21,27,7.03
2106003,Lima Campos,MA,2025,749,27,39,66,8.8117,3.6,5.21,8.81,462,61.68,115,15.35,61,8.14,45,6.01
2106102,Loreto,MA,2025,707,14,17,31,4.3847,1.98,2.4,4.38,453,64.07,112,15.84,55,7.78,56,7.92
2106201,Luís Domingues,MA,2025,554,12,20,32,5.7762,2.17,3.61,5.78,327,59.03,91,16.43,61,11.01,43,7.76
2106300,Magalhães de Almeida,MA,2025,942,22,29,51,5.414,2.34,3.08,5.42,563,59.77,174,18.47,84,8.92,70,7.43
2106326,Maracaçumé,MA,2025,1168,51,51,102,8.7329,4.37,4.37,8.74,717,61.39,178,15.24,75,6.42,96,8.22
2106359,Marajá do Sena,MA,2025,533,45,26,71,13.3208,8.44,4.88,13.32,304,57.04,62,11.63,43,8.07,53,9.94
2106375,Maranhãozinho,MA,2025,872,25,32,57,6.5367,2.87,3.67,6.54,537,61.58,130,14.91,90,10.32,58,6.65
2106409,Mata Roma,MA,2025,1200,19,51,70,5.8333,1.58,4.25,5.83,751,62.58,183,15.25,109,9.08,87,7.25
2106508,Matinha,MA,2025,1244,42,75,117,9.4051,3.38,6.03,9.41,810,65.11,171,13.75,68,5.47,78,6.27
2106607,Matões,MA,2025,2495,51,89,140,5.6112,2.04,3.57,5.61,1679,67.29,359,14.39,197,7.9,120,4.81
2106631,Matões do Norte,MA,2025,514,18,31,49,9.5331,3.5,6.03,9.53,319,62.06,75,14.59,33,6.42,38,7.39
2106672,Milagres do Maranhão,MA,2025,499,10,18,28,5.6112,2.0,3.61,5.61,293,58.72,92,18.44,46,9.22,40,8.02
2106706,Mirador,MA,2025,1328,53,60,113,8.509,3.99,4.52,8.51,765,57.61,215,16.19,130,9.79,105,7.91
2106755,Miranda do Norte,MA,2025,1211,21,56,77,6.3584,1.73,4.62,6.35,798,65.9,169,13.96,92,7.6,75,6.19
2106805,Mirinzal,MA,2025,844,17,45,62,7.346,2.01,5.33,7.34,553,65.52,118,13.98,67,7.94,44,5.21
2106904,Monção,MA,2025,1805,94,108,202,11.1911,5.21,5.98,11.19,1024,56.73,264,14.63,147,8.14,168,9.31
2107001,Montes Altos,MA,2025,598,12,21,33,5.5184,2.01,3.51,5.52,407,68.06,91,15.22,40,6.69,27,4.52
2107100,Morros,MA,2025,1090,39,47,86,7.8899,3.58,4.31,7.89,643,58.99,176,16.15,97,8.9,88,8.07
2107209,Nina Rodrigues,MA,2025,902,30,37,67,7.4279,3.33,4.1,7.43,566,62.75,148,16.41,79,8.76,42,4.66
2107258,Nova Colinas,MA,2025,379,6,9,15,3.9578,1.58,2.37,3.95,266,70.18,57,15.04,29,7.65,12,3.17
2107308,Nova Iorque,MA,2025,211,4,16,20,9.4787,1.9,7.58,9.48,151,71.56,19,9.0,14,6.64,7,3.32
2107357,Nova Olinda do Maranhão,MA,2025,1120,29,38,67,5.9821,2.59,3.39,5.98,679,60.63,180,16.07,110,9.82,84,7.5
2107407,Olho d'Água das Cunhãs,MA,2025,1052,154,38,192,18.251,14.64,3.61,18.25,555,52.76,162,15.4,80,7.6,63,5.99
2107456,Olinda Nova do Maranhão,MA,2025,776,21,28,49,6.3144,2.71,3.61,6.32,476,61.34,125,16.11,72,9.28,54,6.96
2107506,Paço do Lumiar,MA,2025,5777,236,299,535,9.2609,4.09,5.18,9.27,3341,57.83,1072,18.56,496,8.59,333,5.76
2107605,Palmeirândia,MA,2025,1129,63,59,122,10.806,5.58,5.23,10.81,585,51.82,163,14.44,120,10.63,139,12.31
2107704,Paraibano,MA,2025,1360,36,44,80,5.8824,2.65,3.24,5.89,905,66.54,232,17.06,76,5.59,67,4.93
2107803,Parnarama,MA,2025,1780,43,85,128,7.191,2.42,4.78,7.2,1107,62.19,319,17.92,135,7.58,91,5.11
2107902,Passagem Franca,MA,2025,1170,22,59,81,6.9231,1.88,5.04,6.92,776,66.32,181,15.47,72,6.15,60,5.13
2108009,Pastos Bons,MA,2025,1034,79,65,144,13.9265,7.64,6.29,13.93,568,54.93,155,14.99,89,8.61,78,7.54
2108058,Paulino Neves,MA,2025,1306,37,40,77,5.8959,2.83,3.06,5.89,775,59.34,240,18.38,113,8.65,101,7.73
2108108,Paulo Ramos,MA,2025,1275,61,48,109,8.549,4.78,3.76,8.54,702,55.06,241,18.9,119,9.33,104,8.16
2108207,Pedreiras,MA,2025,1609,41,44,85,5.2828,2.55,2.73,5.28,997,61.96,269,16.72,141,8.76,117,7.27
2108256,Pedro do Rosário,MA,2025,1128,62,48,110,9.7518,5.5,4.26,9.76,645,57.18,163,14.45,89,7.89,121,10.73
2108306,Penalva,MA,2025,2466,103,124,227,9.2052,4.18,5.03,9.21,1558,63.18,341,13.83,177,7.18,163,6.61
2108405,Peri Mirim,MA,2025,617,21,32,53,8.59,3.4,5.19,8.59,384,62.24,98,15.88,44,7.13,38,6.16
2108454,Peritoró,MA,2025,1388,158,278,436,31.4121,11.38,20.03,31.41,659,47.48,143,10.3,86,6.2,64,4.61
2108504,Pindaré-Mirim,MA,2025,1662,78,77,155,9.3261,4.69,4.63,9.32,1064,64.02,216,13.0,131,7.88,96,5.78
2108603,Pinheiro,MA,2025,3720,120,164,284,7.6344,3.23,4.41,7.64,2263,60.83,613,16.48,296,7.96,264,7.1
2108702,Pio XII,MA,2025,1390,28,59,87,6.259,2.01,4.24,6.25,839,60.36,225,16.19,135,9.71,104,7.48
2108801,Pirapemas,MA,2025,889,16,41,57,6.4117,1.8,4.61,6.41,589,66.25,140,15.75,64,7.2,39,4.39
2108900,Poção de Pedras,MA,2025,954,33,38,71,7.4423,3.46,3.98,7.44,572,59.96,160,16.77,72,7.55,79,8.28
2109007,Porto Franco,MA,2025,1100,27,39,66,6.0,2.45,3.55,6.0,780,70.91,160,14.55,54,4.91,40,3.64
2109056,Porto Rico do Maranhão,MA,2025,329,11,12,23,6.9909,3.34,3.65,6.99,191,58.05,57,17.33,35,10.64,23,6.99
2109106,Presidente Dutra,MA,2025,1669,50,79,129,7.7292,3.0,4.73,7.73,1018,60.99,259,15.52,149,8.93,114,6.83
2109205,Presidente Juscelino,MA,2025,930,40,56,96,10.3226,4.3,6.02,10.32,583,62.69,142,15.27,62,6.67,47,5.05
2109239,Presidente Médici,MA,2025,405,10,16,26,6.4198,2.47,3.95,6.42,282,69.63,63,15.56,22,5.43,12,2.96
2109270,Presidente Sarney,MA,2025,1466,41,43,84,5.7299,2.8,2.93,5.73,956,65.21,222,15.14,97,6.62,107,7.3
2109304,Presidente Vargas,MA,2025,814,27,43,70,8.5995,3.32,5.28,8.6,506,62.16,122,14.99,64,7.86,52,6.39
2109403,Primeira Cruz,MA,2025,758,32,25,57,7.5198,4.22,3.3,7.52,483,63.72,101,13.32,52,6.86,65,8.58
2109452,Raposa,MA,2025,1901,57,52,109,5.7338,3.0,2.74,5.74,1102,57.97,335,17.62,203,10.68,152,8.0
2109502,Riachão,MA,2025,1121,58,53,111,9.9019,5.17,4.73,9.9,670,59.77,174,15.52,87,7.76,79,7.05
2109551,Ribamar Fiquene,MA,2025,416,10,13,23,5.5288,2.4,3.13,5.53,285,68.51,69,16.59,28,6.73,11,2.64
2109601,Rosário,MA,2025,2313,80,79,159,6.8742,3.46,3.42,6.88,1405,60.74,356,15.39,181,7.83,212,9.17
2109700,Sambaíba,MA,2025,436,25,32,57,13.0734,5.73,7.34,13.07,264,60.55,55,12.61,26,5.96,34,7.8
2109759,Santa Filomena do Maranhão,MA,2025,428,26,18,44,10.2804,6.07,4.21,10.28,223,52.1,78,18.22,39,9.11,44,10.28
2109809,Santa Helena,MA,2025,2075,66,79,145,6.988,3.18,3.81,6.99,961,46.31,335,16.14,184,8.87,450,21.69
2109908,Santa Inês,MA,2025,4257,136,178,314,7.3761,3.19,4.18,7.37,2509,58.94,706,16.58,373,8.76,355,8.34
2110005,Santa Luzia,MA,2025,3962,197,202,399,10.0707,4.97,5.1,10.07,2320,58.56,594,14.99,296,7.47,353,8.91
2110039,Santa Luzia do Paruá,MA,2025,1712,39,58,97,5.6659,2.28,3.39,5.67,1188,69.39,232,13.55,105,6.13,90,5.26
2110104,Santa Quitéria do Maranhão,MA,2025,1666,66,59,125,7.503,3.96,3.54,7.5,986,59.18,253,15.19,152,9.12,150,9.0
2110203,Santa Rita,MA,2025,2427,53,79,132,5.4388,2.18,3.26,5.44,1598,65.84,373,15.37,188,7.75,136,5.6
2110237,Santana do Maranhão,MA,2025,598,14,22,36,6.0201,2.34,3.68,6.02,347,58.03,117,19.57,60,10.03,38,6.35
2110278,Santo Amaro do Maranhão,MA,2025,997,45,43,88,8.8265,4.51,4.31,8.82,585,58.68,147,14.74,78,7.82,99,9.93
2110302,Santo Antônio dos Lopes,MA,2025,1038,35,48,83,7.9961,3.37,4.62,7.99,608,58.57,175,16.86,89,8.57,83,8.0
2110401,São Benedito do Rio Preto,MA,2025,1326,67,71,138,10.4072,5.05,5.35,10.4,733,55.28,187,14.1,119,8.97,149,11.24
2110500,São Bento,MA,2025,1735,88,86,174,10.0288,5.07,4.96,10.03,1012,58.33,240,13.83,137,7.9,172,9.91
2110609,São Bernardo,MA,2025,1688,65,46,111,6.5758,3.85,2.73,6.58,1041,61.67,304,18.01,141,8.35,91,5.39
2110658,São Domingos do Azeitão,MA,2025,658,31,27,58,8.8146,4.71,4.1,8.81,409,62.16,104,15.81,48,7.29,39,5.93
2110708,São Domingos do Maranhão,MA,2025,2476,71,94,165,6.664,2.87,3.8,6.67,1127,45.52,351,14.18,307,12.4,526,21.24
2110807,São Félix de Balsas,MA,2025,250,12,18,30,12.0,4.8,7.2,12.0,157,62.8,33,13.2,16,6.4,14,5.6
2110856,São Francisco do Brejão,MA,2025,643,8,28,36,5.5988,1.24,4.35,5.59,406,63.14,118,18.35,43,6.69,40,6.22
2110906,São Francisco do Maranhão,MA,2025,776,8,25,33,4.2526,1.03,3.22,4.25,536,69.07,145,18.69,41,5.28,21,2.71
2111003,São João Batista,MA,2025,1197,27,64,91,7.6023,2.26,5.35,7.61,713,59.57,224,18.71,94,7.85,75,6.27
2111029,São João do Carú,MA,2025,740,16,22,38,5.1351,2.16,2.97,5.13,423,57.16,130,17.57,87,11.76,62,8.38
2111052,São João do Paraíso,MA,2025,605,21,27,48,7.9339,3.47,4.46,7.93,363,60.0,102,16.86,55,9.09,37,6.12
2111078,São João do Soter,MA,2025,1145,13,33,46,4.0175,1.14,2.88,4.02,815,71.18,183,15.98,71,6.2,30,2.62
2111102,São João dos Patos,MA,2025,1392,59,64,123,8.8362,4.24,4.6,8.84,882,63.36,223,16.02,94,6.75,70,5.03
2111201,São José de Ribamar,MA,2025,8602,146,267,413,4.8012,1.7,3.1,4.8,5414,62.94,1597,18.57,723,8.41,455,5.29
2111250,São José dos Basílios,MA,2025,459,14,19,33,7.1895,3.05,4.14,7.19,280,61.0,77,16.78,35,7.63,34,7.41
2111300,São Luís,MA,2025,32886,458,779,1237,3.7615,1.39,2.37,3.76,21058,64.03,6094,18.53,2786,8.47,1711,5.2
2111409,São Luís Gonzaga do Maranhão,MA,2025,1106,86,45,131,11.8445,7.78,4.07,11.85,537,48.55,199,17.99,111,10.04,128,11.57
2111508,São Mateus do Maranhão,MA,2025,2416,75,98,173,7.1606,3.1,4.06,7.16,1514,62.67,393,16.27,162,6.71,174,7.2
2111532,São Pedro da Água Branca,MA,2025,519,14,26,40,7.7071,2.7,5.01,7.71,297,57.23,92,17.73,45,8.67,45,8.67
2111573,São Pedro dos Crentes,MA,2025,392,15,11,26,6.6327,3.83,2.81,6.64,247,63.01,67,17.09,34,8.67,18,4.59
2111607,São Raimundo das Mangabeiras,MA,2025,1265,35,39,74,5.8498,2.77,3.08,5.85,869,68.7,194,15.34,75,5.93,53,4.19
2111631,São Raimundo do Doca Bezerra,MA,2025,469,12,13,25,5.3305,2.56,2.77,5.33,308,65.67,91,19.4,27,5.76,18,3.84
2111672,São Roberto,MA,2025,411,6,12,18,4.3796,1.46,2.92,4.38,253,61.56,77,18.73,25,6.08,38,9.25
2111706,São Vicente Ferrer,MA,2025,1004,31,50,81,8.0677,3.09,4.98,8.07,627,62.45,150,14.94,82,8.17,64,6.37
2111722,Satubinha,MA,2025,678,9,21,30,4.4248,1.33,3.1,4.43,415,61.21,124,18.29,69,10.18,40,5.9
2111748,Senador Alexandre Costa,MA,2025,878,33,41,74,8.4282,3.76,4.67,8.43,550,62.64,130,14.81,75,8.54,49,5.58
2111763,Senador La Rocque,MA,2025,1087,45,51,96,8.8316,4.14,4.69,8.83,666,61.27,181,16.65,73,6.72,71,6.53
2111789,Serrano do Maranhão,MA,2025,739,40,50,90,12.1786,5.41,6.77,12.18,479,64.82,100,13.53,38,5.14,32,4.33
2111805,Sítio Novo,MA,2025,1365,22,45,67,4.9084,1.61,3.3,4.91,885,64.84,234,17.14,112,8.21,67,4.91
2111904,Sucupira do Norte,MA,2025,654,28,27,55,8.4098,4.28,4.13,8.41,413,63.15,102,15.6,41,6.27,43,6.57
2111953,Sucupira do Riachão,MA,2025,314,7,10,17,5.414,2.23,3.18,5.41,214,68.15,53,16.88,19,6.05,11,3.5
2112001,Tasso Fragoso,MA,2025,783,13,30,43,5.4917,1.66,3.83,5.49,536,68.45,133,16.99,49,6.26,22,2.81
2112100,Timbiras,MA,2025,1596,56,79,135,8.4586,3.51,4.95,8.46,936,58.65,273,17.11,130,8.15,122,7.64
2112209,Timon,MA,2025,9434,698,456,1154,12.2324,7.4,4.83,12.23,5574,59.08,1371,14.53,643,6.82,692,7.34
2112233,Trizidela do Vale,MA,2025,1438,41,73,114,7.9277,2.85,5.08,7.93,947,65.86,210,14.6,106,7.37,61,4.24
2112274,Tufilândia,MA,2025,467,20,19,39,8.3512,4.28,4.07,8.35,295,63.17,70,14.99,26,5.57,37,7.92
2112308,Tuntum,MA,2025,1965,52,64,116,5.9033,2.65,3.26,5.91,1220,62.09,321,16.34,156,7.94,152,7.74
2112407,Turiaçu,MA,2025,2580,100,110,210,8.1395,3.88,4.26,8.14,1630,63.18,400,15.5,171,6.63,169,6.55
2112456,Turilândia,MA,2025,1569,47,89,136,8.6679,3.0,5.67,8.67,1038,66.16,206,13.13,102,6.5,87,5.54
2112506,Tutóia,MA,2025,3463,115,133,248,7.1614,3.32,3.84,7.16,2019,58.3,559,16.14,297,8.58,340,9.82
2112605,Urbano Santos,MA,2025,1889,100,88,188,9.9524,5.29,4.66,9.95,1090,57.7,307,16.25,154,8.15,150,7.94
2112704,Vargem Grande,MA,2025,2543,90,105,195,7.6681,3.54,4.13,7.67,1572,61.82,365,14.35,178,7.0,233,9.16
2112803,Viana,MA,2025,3009,103,145,248,8.2419,3.42,4.82,8.24,1956,65.0,406,13.49,202,6.71,197,6.55
2112852,Vila Nova dos Martírios,MA,2025,849,11,15,26,3.0624,1.3,1.77,3.07,572,67.37,167,19.67,61,7.18,23,2.71
2112902,Vitória do Mearim,MA,2025,1682,65,83,148,8.799,3.86,4.93,8.79,1094,65.04,233,13.85,120,7.13,87,5.17
2113009,Vitorino Freire,MA,2025,1630,51,75,126,7.7301,3.13,4.6,7.73,1010,61.96,248,15.21,115,7.06,131,8.04
2114007,Zé Doca,MA,2025,2458,76,109,185,7.5264,3.09,4.43,7.52,1486,60.46,419,17.05,213,8.67,155,6.31
2200053,Acauã,PI,2025,444,2,5,7,1.5766,0.45,1.13,1.58,241,54.28,109,24.55,59,13.29,28,6.31
2200103,Agricolândia,PI,2025,344,2,16,18,5.2326,0.58,4.65,5.23,225,65.41,53,15.41,33,9.59,15,4.36
2200202,Água Branca,PI,2025,1011,28,39,67,6.6271,2.77,3.86,6.63,647,64.0,160,15.83,65,6.43,72,7.12
2200251,Alagoinha do Piauí,PI,2025,306,7,14,21,6.8627,2.29,4.58,6.87,212,69.28,45,14.71,15,4.9,13,4.25
2200277,Alegrete do Piauí,PI,2025,255,1,5,6,2.3529,0.39,1.96,2.35,169,66.27,53,20.78,15,5.88,12,4.71
2200301,Alto Longá,PI,2025,652,6,17,23,3.5276,0.92,2.61,3.53,474,72.7,91,13.96,40,6.13,24,3.68
2200400,Altos,PI,2025,2766,54,117,171,6.1822,1.95,4.23,6.18,1731,62.58,478,17.28,247,8.93,139,5.03
2200459,Alvorada do Gurguéia,PI,2025,380,9,15,24,6.3158,2.37,3.95,6.32,285,75.0,45,11.84,11,2.89,15,3.95
2200509,Amarante,PI,2025,1145,36,58,94,8.2096,3.14,5.07,8.21,815,71.18,142,12.4,47,4.1,47,4.1
2200608,Angical do Piauí,PI,2025,359,8,18,26,7.2423,2.23,5.01,7.24,245,68.25,51,14.21,23,6.41,14,3.9
2200707,Anísio de Abreu,PI,2025,558,24,8,32,5.7348,4.3,1.43,5.73,272,48.75,109,19.53,66,11.83,79,14.16
2200806,Antônio Almeida,PI,2025,285,9,5,14,4.9123,3.16,1.75,4.91,184,64.56,60,21.05,17,5.96,10,3.51
2200905,Aroazes,PI,2025,249,9,7,16,6.4257,3.61,2.81,6.42,193,77.51,23,9.24,7,2.81,10,4.02
2200954,Aroeiras do Itaim,PI,2025,146,4,6,10,6.8493,2.74,4.11,6.85,99,67.81,24,16.44,9,6.16,4,2.74
2201002,Arraial,PI,2025,319,16,16,32,10.0313,5.02,5.02,10.04,208,65.2,51,15.99,16,5.02,12,3.76
2201051,Assunção do Piauí,PI,2025,441,16,14,30,6.8027,3.63,3.17,6.8,258,58.5,66,14.97,42,9.52,45,10.2
2201101,Avelino Lopes,PI,2025,723,20,29,49,6.7773,2.77,4.01,6.78,385,53.25,123,17.01,84,11.62,82,11.34
2201150,Baixa Grande do Ribeiro,PI,2025,1365,54,43,97,7.1062,3.96,3.15,7.11,744,54.51,225,16.48,100,7.33,199,14.58
2201176,Barra D'Alcântara,PI,2025,219,6,5,11,5.0228,2.74,2.28,5.02,166,75.8,29,13.24,6,2.74,7,3.2
2201200,Barras,PI,2025,2835,84,103,187,6.5961,2.96,3.63,6.59,1766,62.29,491,17.32,232,8.18,159,5.61
2201309,Barreiras do Piauí,PI,2025,244,8,10,18,7.377,3.28,4.1,7.38,161,65.98,35,14.34,22,9.02,8,3.28
2201408,Barro Duro,PI,2025,349,5,16,21,6.0172,1.43,4.58,6.01,222,63.61,65,18.62,22,6.3,19,5.44
2201507,Batalha,PI,2025,1529,26,43,69,4.5128,1.7,2.81,4.51,993,64.94,257,16.81,134,8.76,76,4.97
2201556,Bela Vista do Piauí,PI,2025,300,1,4,5,1.6667,0.33,1.33,1.66,197,65.67,62,20.67,28,9.33,8,2.67
2201572,Belém do Piauí,PI,2025,173,3,3,6,3.4682,1.73,1.73,3.46,104,60.12,34,19.65,16,9.25,13,7.51
2201606,Beneditinos,PI,2025,498,16,18,34,6.8273,3.21,3.61,6.82,327,65.66,87,17.47,32,6.43,18,3.61
2201705,Bertolínia,PI,2025,378,12,15,27,7.1429,3.17,3.97,7.14,241,63.76,63,16.67,27,7.14,20,5.29
2201739,Betânia do Piauí,PI,2025,504,6,5,11,2.1825,1.19,0.99,2.18,276,54.76,130,25.79,49,9.72,38,7.54
2201770,Boa Hora,PI,2025,419,15,17,32,7.6372,3.58,4.06,7.64,269,64.2,63,15.04,25,5.97,30,7.16
2201804,Bocaina,PI,2025,212,8,10,18,8.4906,3.77,4.72,8.49,138,65.09,33,15.57,13,6.13,10,4.72
2201903,Bom Jesus,PI,2025,2092,17,39,56,2.6769,0.81,1.86,2.67,1547,73.95,319,15.25,116,5.54,54,2.58
2201919,Bom Princípio do Piauí,PI,2025,423,5,5,10,2.3641,1.18,1.18,2.36,235,55.56,89,21.04,51,12.06,38,8.98
2201929,Bonfim do Piauí,PI,2025,352,9,9,18,5.1136,2.56,2.56,5.12,201,57.1,66,18.75,38,10.8,29,8.24
2201945,Boqueirão do Piauí,PI,2025,428,12,15,27,6.3084,2.8,3.5,6.3,279,65.19,77,17.99,27,6.31,18,4.21
2201960,Brasileira,PI,2025,474,5,13,18,3.7975,1.05,2.74,3.79,279,58.86,108,22.78,44,9.28,25,5.27
2201988,Brejo do Piauí,PI,2025,251,6,4,10,3.9841,2.39,1.59,3.98,155,61.75,40,15.94,26,10.36,20,7.97
2202000,Buriti dos Lopes,PI,2025,1058,34,36,70,6.6163,3.21,3.4,6.61,628,59.36,193,18.24,92,8.7,75,7.09
2202026,Buriti dos Montes,PI,2025,397,5,18,23,5.7935,1.26,4.53,5.79,251,63.22,64,16.12,34,8.56,25,6.3
2202059,Cabeceiras do Piauí,PI,2025,546,11,14,25,4.5788,2.01,2.56,4.57,340,62.27,94,17.22,57,10.44,30,5.49
2202075,Cajazeiras do Piauí,PI,2025,178,0,8,8,4.4944,0.0,4.49,4.49,118,66.29,29,16.29,15,8.43,8,4.49
2202083,Cajueiro da Praia,PI,2025,442,27,18,45,10.181,6.11,4.07,10.18,260,58.82,75,16.97,36,8.14,26,5.88
2202091,Caldeirão Grande do Piauí,PI,2025,356,4,6,10,2.809,1.12,1.69,2.81,233,65.45,67,18.82,22,6.18,24,6.74
2202109,Campinas do Piauí,PI,2025,286,7,16,23,8.042,2.45,5.59,8.04,183,63.99,41,14.34,17,5.94,22,7.69
2202117,Campo Alegre do Fidalgo,PI,2025,303,10,9,19,6.2706,3.3,2.97,6.27,193,63.7,49,16.17,30,9.9,12,3.96
2202133,Campo Grande do Piauí,PI,2025,287,2,4,6,2.0906,0.7,1.39,2.09,184,64.11,57,19.86,22,7.67,18,6.27
2202174,Campo Largo do Piauí,PI,2025,524,11,18,29,5.5344,2.1,3.44,5.54,331,63.17,94,17.94,44,8.4,26,4.96
2202208,Campo Maior,PI,2025,2074,28,62,90,4.3394,1.35,2.99,4.34,1389,66.97,357,17.21,131,6.32,107,5.16
2202251,Canavieira,PI,2025,184,4,7,11,5.9783,2.17,3.8,5.97,140,76.09,19,10.33,7,3.8,7,3.8
2202307,Canto do Buriti,PI,2025,1162,27,33,60,5.1635,2.32,2.84,5.16,726,62.48,159,13.68,92,7.92,125,10.76
2202406,Capitão de Campos,PI,2025,641,14,26,40,6.2402,2.18,4.06,6.24,416,64.9,97,15.13,47,7.33,41,6.4
2202455,Capitão Gervásio Oliveira,PI,2025,261,4,10,14,5.364,1.53,3.83,5.36,156,59.77,42,16.09,21,8.05,28,10.73
2202505,Caracol,PI,2025,661,25,32,57,8.6233,3.78,4.84,8.62,350,52.95,117,17.7,72,10.89,65,9.83
2202539,Caraúbas do Piauí,PI,2025,382,5,10,15,3.9267,1.31,2.62,3.93,226,59.16,67,17.54,40,10.47,34,8.9
2202554,Caridade do Piauí,PI,2025,436,5,14,19,4.3578,1.15,3.21,4.36,269,61.7,78,17.89,45,10.32,25,5.73
2202604,Castelo do Piauí,PI,2025,1084,21,33,54,4.9815,1.94,3.04,4.98,728,67.16,193,17.8,74,6.83,35,3.23
2202653,Caxingó,PI,2025,423,13,12,25,5.9102,3.07,2.84,5.91,274,64.78,61,14.42,36,8.51,27,6.38
2202703,Cocal,PI,2025,1705,46,58,104,6.0997,2.7,3.4,6.1,1022,59.94,325,19.06,147,8.62,107,6.28
2202711,Cocal de Telha,PI,2025,277,6,12,18,6.4982,2.17,4.33,6.5,176,63.54,48,17.33,23,8.3,12,4.33
2202729,Cocal dos Alves,PI,2025,446,13,16,29,6.5022,2.91,3.59,6.5,249,55.83,85,19.06,47,10.54,36,8.07
2202737,Coivaras,PI,2025,236,5,9,14,5.9322,2.12,3.81,5.93,165,69.92,36,15.25,10,4.24,11,4.66
2202752,Colônia do Gurguéia,PI,2025,439,18,15,33,7.5171,4.1,3.42,7.52,302,68.79,64,14.58,25,5.69,15,3.42
2202778,Colônia do Piauí,PI,2025,373,10,11,21,5.63,2.68,2.95,5.63,230,61.66,76,20.38,28,7.51,18,4.83
2202802,Conceição do Canindé,PI,2025,299,11,6,17,5.6856,3.68,2.01,5.69,174,58.19,68,22.74,23,7.69,17,5.69
2202851,Coronel José Dias,PI,2025,232,10,8,18,7.7586,4.31,3.45,7.76,134,57.76,37,15.95,21,9.05,22,9.48
2202901,Corrente,PI,2025,1272,50,66,116,9.1195,3.93,5.19,9.12,859,67.53,166,13.05,62,4.87,69,5.42
2203008,Cristalândia do Piauí,PI,2025,368,18,15,33,8.9674,4.89,4.08,8.97,268,72.83,32,8.7,17,4.62,18,4.89
2203107,Cristino Castro,PI,2025,678,8,20,28,4.1298,1.18,2.95,4.13,485,71.53,113,16.67,32,4.72,20,2.95
2203206,Curimatá,PI,2025,779,13,31,44,5.6483,1.67,3.98,5.65,545,69.96,114,14.63,43,5.52,33,4.24
2203230,Currais,PI,2025,404,5,16,21,5.198,1.24,3.96,5.2,273,67.57,55,13.61,33,8.17,22,5.45
2203255,Curralinhos,PI,2025,314,7,9,16,5.0955,2.23,2.87,5.1,208,66.24,51,16.24,20,6.37,19,6.05
2203271,Curral Novo do Piauí,PI,2025,477,4,14,18,3.7736,0.84,2.94,3.78,295,61.84,108,22.64,40,8.39,16,3.35
2203305,Demerval Lobão,PI,2025,1193,31,68,99,8.2984,2.6,5.7,8.3,789,66.14,166,13.91,72,6.04,67,5.62
2203354,Dirceu Arcoverde,PI,2025,461,16,16,32,6.9414,3.47,3.47,6.94,257,55.75,81,17.57,42,9.11,49,10.63
2203404,Dom Expedito Lopes,PI,2025,398,2,8,10,2.5126,0.5,2.01,2.51,260,65.33,69,17.34,41,10.3,18,4.52
2203420,Domingos Mourão,PI,2025,231,13,7,20,8.658,5.63,3.03,8.66,145,62.77,32,13.85,17,7.36,17,7.36
2203453,Dom Inocêncio,PI,2025,484,6,11,17,3.5124,1.24,2.27,3.51,302,62.4,88,18.18,49,10.12,28,5.79
2203503,Elesbão Veloso,PI,2025,611,16,17,33,5.401,2.62,2.78,5.4,415,67.92,89,14.57,39,6.38,35,5.73
2203602,Eliseu Martins,PI,2025,223,7,2,9,4.0359,3.14,0.9,4.04,161,72.2,29,13.0,19,8.52,5,2.24
2203701,Esperantina,PI,2025,2825,66,106,172,6.0885,2.34,3.75,6.09,1826,64.64,453,16.04,198,7.01,176,6.23
2203750,Fartura do Piauí,PI,2025,351,6,15,21,5.9829,1.71,4.27,5.98,225,64.1,55,15.67,24,6.84,26,7.41
2203800,Flores do Piauí,PI,2025,221,5,6,11,4.9774,2.26,2.71,4.97,150,67.87,30,13.57,16,7.24,14,6.33
2203859,Floresta do Piauí,PI,2025,116,2,3,5,4.3103,1.72,2.59,4.31,81,69.83,18,15.52,9,7.76,3,2.59
2203909,Floriano,PI,2025,3135,65,93,158,5.0399,2.07,2.97,5.04,2196,70.05,438,13.97,219,6.99,124,3.96
2204006,Francinópolis,PI,2025,282,7,11,18,6.383,2.48,3.9,6.38,198,70.21,30,10.64,24,8.51,12,4.26
2204105,Francisco Ayres,PI,2025,248,4,7,11,4.4355,1.61,2.82,4.43,166,66.94,39,15.73,19,7.66,13,5.24
2204154,Francisco Macedo,PI,2025,174,7,4,11,6.3218,4.02,2.3,6.32,98,56.32,40,22.99,12,6.9,13,7.47
2204204,Francisco Santos,PI,2025,368,13,17,30,8.1522,3.53,4.62,8.15,246,66.85,58,15.76,22,5.98,12,3.26
2204303,Fronteiras,PI,2025,435,9,13,22,5.0575,2.07,2.99,5.06,238,54.71,93,21.38,40,9.2,42,9.66
2204352,Geminiano,PI,2025,338,15,12,27,7.9882,4.44,3.55,7.99,217,64.2,54,15.98,22,6.51,18,5.33
2204402,Gilbués,PI,2025,716,34,41,75,10.4749,4.75,5.73,10.48,437,61.03,116,16.2,50,6.98,38,5.31
2204501,Guadalupe,PI,2025,687,13,25,38,5.5313,1.89,3.64,5.53,465,67.69,109,15.87,47,6.84,28,4.08
2204550,Guaribas,PI,2025,378,18,11,29,7.672,4.76,2.91,7.67,242,64.02,48,12.7,28,7.41,31,8.2
2204600,Hugo Napoleão,PI,2025,139,6,6,12,8.6331,4.32,4.32,8.64,74,53.24,20,14.39,18,12.95,15,10.79
2204659,Ilha Grande,PI,2025,601,18,21,39,6.4892,3.0,3.49,6.49,412,68.55,87,14.48,39,6.49,24,3.99
2204709,Inhuma,PI,2025,730,8,23,31,4.2466,1.1,3.15,4.25,493,67.53,110,15.07,48,6.58,48,6.58
2204808,Ipiranga do Piauí,PI,2025,433,14,12,26,6.0046,3.23,2.77,6.0,276,63.74,71,16.4,34,7.85,26,6.0
2204907,Isaías Coelho,PI,2025,521,15,22,37,7.1017,2.88,4.22,7.1,363,69.67,73,14.01,24,4.61,24,4.61
2205003,Itainópolis,PI,2025,502,19,17,36,7.1713,3.78,3.39,7.17,283,56.37,92,18.33,42,8.37,49,9.76
2205102,Itaueira,PI,2025,485,5,15,20,4.1237,1.03,3.09,4.12,315,64.95,82,16.91,47,9.69,21,4.33
2205151,Jacobina do Piauí,PI,2025,365,18,8,26,7.1233,4.93,2.19,7.12,206,56.44,74,20.27,29,7.95,30,8.22
2205201,Jaicós,PI,2025,1036,37,40,77,7.4324,3.57,3.86,7.43,616,59.46,166,16.02,95,9.17,82,7.92
2205250,Jardim do Mulato,PI,2025,251,7,12,19,7.5697,2.79,4.78,7.57,167,66.53,42,16.73,12,4.78,11,4.38
2205276,Jatobá do Piauí,PI,2025,195,4,8,12,6.1538,2.05,4.1,6.15,138,70.77,29,14.87,11,5.64,5,2.56
2205300,Jerumenha,PI,2025,199,7,12,19,9.5477,3.52,6.03,9.55,118,59.3,27,13.57,14,7.04,21,10.55
2205359,João Costa,PI,2025,176,3,5,8,4.5455,1.7,2.84,4.54,132,75.0,24,13.64,6,3.41,6,3.41
2205409,Joaquim Pires,PI,2025,819,15,23,38,4.6398,1.83,2.81,4.64,519,63.37,148,18.07,72,8.79,42,5.13
2205458,Joca Marques,PI,2025,359,14,21,35,9.7493,3.9,5.85,9.75,170,47.35,70,19.5,31,8.64,53,14.76
2205508,José de Freitas,PI,2025,2381,47,89,136,5.7119,1.97,3.74,5.71,1589,66.74,387,16.25,162,6.8,107,4.49
2205516,Juazeiro do Piauí,PI,2025,264,5,10,15,5.6818,1.89,3.79,5.68,173,65.53,43,16.29,18,6.82,15,5.68
2205524,Júlio Borges,PI,2025,375,15,26,41,10.9333,4.0,6.93,10.93,255,68.0,45,12.0,17,4.53,17,4.53
2205532,Jurema,PI,2025,376,11,8,19,5.0532,2.93,2.13,5.06,226,60.11,71,18.88,33,8.78,27,7.18
2205540,Lagoinha do Piauí,PI,2025,156,3,5,8,5.1282,1.92,3.21,5.13,108,69.23,18,11.54,14,8.97,8,5.13
2205557,Lagoa Alegre,PI,2025,535,13,21,34,6.3551,2.43,3.93,6.36,353,65.98,91,17.01,37,6.92,20,3.74
2205565,Lagoa do Barro do Piauí,PI,2025,355,6,9,15,4.2254,1.69,2.54,4.23,211,59.44,68,19.15,40,11.27,21,5.92
2205573,Lagoa de São Francisco,PI,2025,376,10,15,25,6.6489,2.66,3.99,6.65,234,62.23,64,17.02,34,9.04,19,5.05
2205581,Lagoa do Piauí,PI,2025,250,6,16,22,8.8,2.4,6.4,8.8,165,66.0,29,11.6,15,6.0,19,7.6
2205599,Lagoa do Sítio,PI,2025,266,5,18,23,8.6466,1.88,6.77,8.65,201,75.56,23,8.65,10,3.76,9,3.38
2205607,Landri Sales,PI,2025,341,7,6,13,3.8123,2.05,1.76,3.81,239,70.09,48,14.08,27,7.92,14,4.11
2205706,Luís Correia,PI,2025,1604,67,49,116,7.2319,4.18,3.05,7.23,913,56.92,260,16.21,172,10.72,143,8.92
2205805,Luzilândia,PI,2025,1356,42,40,82,6.0472,3.1,2.95,6.05,756,55.75,244,17.99,135,9.96,139,10.25
2205854,Madeiro,PI,2025,561,19,25,44,7.8431,3.39,4.46,7.85,319,56.86,114,20.32,45,8.02,39,6.95
2205904,Manoel Emídio,PI,2025,311,5,6,11,3.537,1.61,1.93,3.54,235,75.56,46,14.79,10,3.22,9,2.89
2205953,Marcolândia,PI,2025,759,23,14,37,4.8748,3.03,1.84,4.87,476,62.71,146,19.24,55,7.25,45,5.93
2206001,Marcos Parente,PI,2025,255,6,8,14,5.4902,2.35,3.14,5.49,202,79.22,27,10.59,6,2.35,6,2.35
2206050,Massapê do Piauí,PI,2025,246,11,17,28,11.3821,4.47,6.91,11.38,127,51.63,32,13.01,26,10.57,33,13.41
2206100,Matias Olímpio,PI,2025,810,11,26,37,4.5679,1.36,3.21,4.57,524,64.69,128,15.8,76,9.38,45,5.56
2206209,Miguel Alves,PI,2025,2233,78,76,154,6.8966,3.49,3.4,6.89,1433,64.17,337,15.09,161,7.21,148,6.63
2206308,Miguel Leão,PI,2025,80,4,3,7,8.75,5.0,3.75,8.75,50,62.5,12,15.0,7,8.75,4,5.0
2206357,Milton Brandão,PI,2025,360,4,9,13,3.6111,1.11,2.5,3.61,244,67.78,64,17.78,26,7.22,13,3.61
2206407,Monsenhor Gil,PI,2025,542,26,27,53,9.7786,4.8,4.98,9.78,334,61.62,81,14.94,33,6.09,41,7.56
2206506,Monsenhor Hipólito,PI,2025,440,12,9,21,4.7727,2.73,2.05,4.78,262,59.55,83,18.86,43,9.77,31,7.05
2206605,Monte Alegre do Piauí,PI,2025,718,29,26,55,7.6602,4.04,3.62,7.66,452,62.95,108,15.04,51,7.1,52,7.24
2206654,Morro Cabeça no Tempo,PI,2025,359,19,16,35,9.7493,5.29,4.46,9.75,174,48.47,49,13.65,33,9.19,68,18.94
2206670,Morro do Chapéu do Piauí,PI,2025,507,6,11,17,3.3531,1.18,2.17,3.35,321,63.31,111,21.89,35,6.9,23,4.54
2206696,Murici dos Portelas,PI,2025,468,20,28,48,10.2564,4.27,5.98,10.25,279,59.62,60,12.82,49,10.47,32,6.84
2206704,Nazaré do Piauí,PI,2025,396,27,23,50,12.6263,6.82,5.81,12.63,243,61.36,48,12.12,32,8.08,23,5.81
2206720,Nazária,PI,2025,733,12,10,22,3.0014,1.64,1.36,3.0,516,70.4,110,15.01,58,7.91,27,3.68
2206753,Nossa Senhora de Nazaré,PI,2025,259,6,12,18,6.9498,2.32,4.63,6.95,164,63.32,43,16.6,17,6.56,17,6.56
2206803,Nossa Senhora dos Remédios,PI,2025,599,26,21,47,7.8464,4.34,3.51,7.85,385,64.27,92,15.36,41,6.84,34,5.68
2206902,Novo Oriente do Piauí,PI,2025,242,7,9,16,6.6116,2.89,3.72,6.61,157,64.88,45,18.6,16,6.61,8,3.31
2206951,Novo Santo Antônio,PI,2025,153,9,3,12,7.8431,5.88,1.96,7.84,92,60.13,24,15.69,10,6.54,15,9.8
2207009,Oeiras,PI,2025,1959,35,74,109,5.5641,1.79,3.78,5.57,1314,67.08,326,16.64,126,6.43,84,4.29
2207108,Olho D'Água do Piauí,PI,2025,118,5,13,18,15.2542,4.24,11.02,15.26,75,63.56,7,5.93,7,5.93,11,9.32
2207207,Padre Marcos,PI,2025,328,6,5,11,3.3537,1.83,1.52,3.35,179,54.57,71,21.65,37,11.28,30,9.15
2207306,Paes Landim,PI,2025,239,11,3,14,5.8577,4.6,1.26,5.86,158,66.11,31,12.97,20,8.37,16,6.69
2207355,Pajeú do Piauí,PI,2025,117,6,8,14,11.9658,5.13,6.84,11.97,74,63.25,15,12.82,7,5.98,7,5.98
2207405,Palmeira do Piauí,PI,2025,302,9,10,19,6.2914,2.98,3.31,6.29,181,59.93,67,22.19,19,6.29,16,5.3
2207504,Palmeirais,PI,2025,849,32,29,61,7.1849,3.77,3.42,7.19,588,69.26,103,12.13,50,5.89,47,5.54
2207553,Paquetá,PI,2025,191,4,1,5,2.6178,2.09,0.52,2.61,113,59.16,49,25.65,18,9.42,6,3.14
2207603,Parnaguá,PI,2025,614,29,30,59,9.6091,4.72,4.89,9.61,363,59.12,87,14.17,51,8.31,54,8.79
2207702,Parnaíba,PI,2025,5786,96,138,234,4.0442,1.66,2.39,4.05,3499,60.47,1142,19.74,529,9.14,382,6.6
2207751,Passagem Franca do Piauí,PI,2025,217,10,12,22,10.1382,4.61,5.53,10.14,121,55.76,33,15.21,17,7.83,24,11.06
2207777,Patos do Piauí,PI,2025,237,2,3,5,2.1097,0.84,1.27,2.11,169,71.31,46,19.41,10,4.22,7,2.95
2207793,Pau D'Arco do Piauí,PI,2025,220,4,7,11,5.0,1.82,3.18,5.0,136,61.82,40,18.18,13,5.91,20,9.09
2207801,Paulistana,PI,2025,1373,26,32,58,4.2243,1.89,2.33,4.22,709,51.64,276,20.1,183,13.33,147,10.71
2207850,Pavussu,PI,2025,241,1,8,9,3.7344,0.41,3.32,3.73,153,63.49,38,15.77,22,9.13,19,7.88
2207900,Pedro II,PI,2025,2274,42,70,112,4.9252,1.85,3.08,4.93,1423,62.58,411,18.07,195,8.58,133,5.85
2207934,Pedro Laurentino,PI,2025,147,5,3,8,5.4422,3.4,2.04,5.44,85,57.82,23,15.65,13,8.84,18,12.24
2207959,Nova Santa Rita,PI,2025,282,2,10,12,4.2553,0.71,3.55,4.26,169,59.93,54,19.15,21,7.45,26,9.22
2208007,Picos,PI,2025,3267,63,97,160,4.8975,1.93,2.97,4.9,2113,64.68,589,18.03,254,7.77,151,4.62
2208106,Pimenteiras,PI,2025,519,9,24,33,6.3584,1.73,4.62,6.35,337,64.93,92,17.73,23,4.43,34,6.55
2208205,Pio IX,PI,2025,1062,23,28,51,4.8023,2.17,2.64,4.81,682,64.22,188,17.7,81,7.63,60,5.65
2208304,Piracuruca,PI,2025,1639,38,48,86,5.2471,2.32,2.93,5.25,977,59.61,313,19.1,136,8.3,127,7.75
2208403,Piripiri,PI,2025,3258,57,80,137,4.205,1.75,2.46,4.21,1839,56.45,529,16.24,280,8.59,473,14.52
2208502,Porto,PI,2025,995,21,42,63,6.3317,2.11,4.22,6.33,650,65.33,164,16.48,82,8.24,36,3.62
2208551,Porto Alegre do Piauí,PI,2025,199,2,4,6,3.0151,1.01,2.01,3.02,147,73.87,32,16.08,8,4.02,6,3.02
2208601,Prata do Piauí,PI,2025,203,3,7,10,4.9261,1.48,3.45,4.93,164,80.79,17,8.37,5,2.46,7,3.45
2208650,Queimada Nova,PI,2025,495,4,11,15,3.0303,0.81,2.22,3.03,302,61.01,92,18.59,46,9.29,40,8.08
2208700,Redenção do Gurguéia,PI,2025,609,25,31,56,9.1954,4.11,5.09,9.2,400,65.68,77,12.64,48,7.88,28,4.6
2208809,Regeneração,PI,2025,1179,48,55,103,8.7362,4.07,4.66,8.73,711,60.31,182,15.44,88,7.46,95,8.06
2208858,Riacho Frio,PI,2025,312,15,16,31,9.9359,4.81,5.13,9.94,219,70.19,35,11.22,19,6.09,8,2.56
2208874,Ribeira do Piauí,PI,2025,229,3,16,19,8.2969,1.31,6.99,8.3,149,65.07,34,14.85,18,7.86,9,3.93
2208908,Ribeiro Gonçalves,PI,2025,362,10,14,24,6.6298,2.76,3.87,6.63,228,62.98,69,19.06,19,5.25,22,6.08
2209005,Rio Grande do Piauí,PI,2025,336,10,12,22,6.5476,2.98,3.57,6.55,210,62.5,61,18.15,27,8.04,16,4.76
2209104,Santa Cruz do Piauí,PI,2025,288,3,11,14,4.8611,1.04,3.82,4.86,175,60.76,57,19.79,19,6.6,23,7.99
2209153,Santa Cruz dos Milagres,PI,2025,174,1,8,9,5.1724,0.57,4.6,5.17,136,78.16,23,13.22,5,2.87,1,0.57
2209203,Santa Filomena,PI,2025,422,8,14,22,5.2133,1.9,3.32,5.22,271,64.22,70,16.59,29,6.87,30,7.11
2209302,Santa Luz,PI,2025,318,8,15,23,7.2327,2.52,4.72,7.24,193,60.69,43,13.52,33,10.38,26,8.18
2209351,Santana do Piauí,PI,2025,219,0,9,9,4.1096,0.0,4.11,4.11,160,73.06,33,15.07,7,3.2,10,4.57
2209377,Santa Rosa do Piauí,PI,2025,242,7,14,21,8.6777,2.89,5.79,8.68,170,70.25,31,12.81,12,4.96,8,3.31
2209401,Santo Antônio de Lisboa,PI,2025,319,5,7,12,3.7618,1.57,2.19,3.76,206,64.58,57,17.87,27,8.46,17,5.33
2209450,Santo Antônio dos Milagres,PI,2025,129,2,0,2,1.5504,1.55,0.0,1.55,91,70.54,19,14.73,13,10.08,4,3.1
2209500,Santo Inácio do Piauí,PI,2025,211,4,5,9,4.2654,1.9,2.37,4.27,134,63.51,53,25.12,10,4.74,5,2.37
2209559,São Braz do Piauí,PI,2025,294,7,7,14,4.7619,2.38,2.38,4.76,162,55.1,61,20.75,21,7.14,36,12.24
2209609,São Félix do Piauí,PI,2025,136,7,4,11,8.0882,5.15,2.94,8.09,99,72.79,17,12.5,6,4.41,3,2.21
2209658,São Francisco de Assis do Piauí,PI,2025,364,4,8,12,3.2967,1.1,2.2,3.3,232,63.74,55,15.11,30,8.24,35,9.62
2209708,São Francisco do Piauí,PI,2025,267,4,11,15,5.618,1.5,4.12,5.62,188,70.41,36,13.48,18,6.74,10,3.75
2209757,São Gonçalo do Gurguéia,PI,2025,250,3,8,11,4.4,1.2,3.2,4.4,161,64.4,50,20.0,18,7.2,10,4.0
2209807,São Gonçalo do Piauí,PI,2025,246,6,7,13,5.2846,2.44,2.85,5.29,147,59.76,56,22.76,17,6.91,13,5.28
2209856,São João da Canabrava,PI,2025,238,3,8,11,4.6218,1.26,3.36,4.62,180,75.63,29,12.18,7,2.94,11,4.62
2209872,São João da Fronteira,PI,2025,377,10,19,29,7.6923,2.65,5.04,7.69,229,60.74,60,15.92,32,8.49,27,7.16
2209906,São João da Serra,PI,2025,308,11,12,23,7.4675,3.57,3.9,7.47,200,64.94,49,15.91,18,5.84,18,5.84
2209955,São João da Varjota,PI,2025,252,4,17,21,8.3333,1.59,6.75,8.34,141,55.95,41,16.27,24,9.52,25,9.92
2209971,São João do Arraial,PI,2025,617,13,21,34,5.5105,2.11,3.4,5.51,378,61.26,97,15.72,66,10.7,42,6.81
2210003,São João do Piauí,PI,2025,1247,16,40,56,4.4908,1.28,3.21,4.49,850,68.16,194,15.56,87,6.98,60,4.81
2210052,São José do Divino,PI,2025,348,9,5,14,4.023,2.59,1.44,4.03,231,66.38,62,17.82,31,8.91,10,2.87
2210102,São José do Peixe,PI,2025,163,3,2,5,3.0675,1.84,1.23,3.07,109,66.87,26,15.95,15,9.2,8,4.91
2210201,São José do Piauí,PI,2025,372,3,10,13,3.4946,0.81,2.69,3.5,227,61.02,80,21.51,31,8.33,21,5.65
2210300,São Julião,PI,2025,299,6,6,12,4.0134,2.01,2.01,4.02,191,63.88,62,20.74,20,6.69,14,4.68
2210359,São Lourenço do Piauí,PI,2025,175,10,8,18,10.2857,5.71,4.57,10.28,94,53.71,31,17.71,17,9.71,15,8.57
2210375,São Luis do Piauí,PI,2025,95,3,7,10,10.5263,3.16,7.37,10.53,53,55.79,13,13.68,8,8.42,11,11.58
2210383,São Miguel da Baixa Grande,PI,2025,110,1,5,6,5.4545,0.91,4.55,5.46,56,50.91,11,10.0,10,9.09,27,24.55
2210391,São Miguel do Fidalgo,PI,2025,166,0,6,6,3.6145,0.0,3.61,3.61,138,83.13,15,9.04,6,3.61,1,0.6
2210409,São Miguel do Tapuio,PI,2025,878,10,18,28,3.1891,1.14,2.05,3.19,624,71.07,136,15.49,62,7.06,28,3.19
2210508,São Pedro do Piauí,PI,2025,953,21,35,56,5.8762,2.2,3.67,5.87,669,70.2,146,15.32,56,5.88,26,2.73
2210607,São Raimundo Nonato,PI,2025,2138,48,63,111,5.1918,2.25,2.95,5.2,1369,64.03,360,16.84,171,8.0,127,5.94
2210623,Sebastião Barros,PI,2025,178,9,6,15,8.427,5.06,3.37,8.43,111,62.36,29,16.29,12,6.74,11,6.18
2210631,Sebastião Leal,PI,2025,365,16,17,33,9.0411,4.38,4.66,9.04,222,60.82,66,18.08,26,7.12,18,4.93
2210656,Sigefredo Pacheco,PI,2025,429,13,15,28,6.5268,3.03,3.5,6.53,284,66.2,64,14.92,31,7.23,22,5.13
2210706,Simões,PI,2025,891,6,27,33,3.7037,0.67,3.03,3.7,620,69.58,159,17.85,55,6.17,24,2.69
2210805,Simplício Mendes,PI,2025,807,14,21,35,4.3371,1.73,2.6,4.33,431,53.41,138,17.1,93,11.52,110,13.63
2210904,Socorro do Piauí,PI,2025,244,1,9,10,4.0984,0.41,3.69,4.1,162,66.39,42,17.21,21,8.61,9,3.69
2210938,Sussuapara,PI,2025,358,14,8,22,6.1453,3.91,2.23,6.14,213,59.5,64,17.88,36,10.06,23,6.42
2210953,Tamboril do Piauí,PI,2025,163,8,9,17,10.4294,4.91,5.52,10.43,88,53.99,32,19.63,16,9.82,10,6.13
2210979,Tanque do Piauí,PI,2025,151,2,5,7,4.6358,1.32,3.31,4.63,96,63.58,26,17.22,12,7.95,10,6.62
2211001,Teresina,PI,2025,27893,297,752,1049,3.7608,1.06,2.7,3.76,19200,68.83,4866,17.45,1853,6.64,925,3.32
2211100,União,PI,2025,3031,75,106,181,5.9716,2.47,3.5,5.97,2041,67.34,500,16.5,187,6.17,122,4.03
2211209,Uruçuí,PI,2025,1881,48,87,135,7.177,2.55,4.63,7.18,1167,62.04,310,16.48,139,7.39,130,6.91
2211308,Valença do Piauí,PI,2025,877,23,33,56,6.3854,2.62,3.76,6.38,597,68.07,149,16.99,39,4.45,36,4.1
2211357,Várzea Branca,PI,2025,360,7,9,16,4.4444,1.94,2.5,4.44,215,59.72,68,18.89,29,8.06,32,8.89
2211407,Várzea Grande,PI,2025,255,7,9,16,6.2745,2.75,3.53,6.28,178,69.8,30,11.76,21,8.24,10,3.92
2211506,Vera Mendes,PI,2025,212,2,4,6,2.8302,0.94,1.89,2.83,146,68.87,38,17.92,15,7.08,7,3.3
2211605,Vila Nova do Piauí,PI,2025,146,1,3,4,2.7397,0.68,2.05,2.73,102,69.86,25,17.12,6,4.11,9,6.16
2211704,Wall Ferraz,PI,2025,175,3,7,10,5.7143,1.71,4.0,5.71,114,65.14,21,12.0,13,7.43,17,9.71
2300101,Abaiara,CE,2025,582,10,18,28,4.811,1.72,3.09,4.81,355,61.0,99,17.01,54,9.28,46,7.9
2300150,Acarape,CE,2025,896,25,29,54,6.0268,2.79,3.24,6.03,480,53.57,165,18.42,98,10.94,99,11.05
2300200,Acaraú,CE,2025,4657,81,111,192,4.1228,1.74,2.38,4.12,2591,55.64,960,20.61,526,11.29,388,8.33
2300309,Acopiara,CE,2025,2154,59,67,126,5.8496,2.74,3.11,5.85,1172,54.41,445,20.66,245,11.37,166,7.71
2300408,Aiuaba,CE,2025,775,17,18,35,4.5161,2.19,2.32,4.51,441,56.9,159,20.52,80,10.32,60,7.74
2300507,Alcântaras,CE,2025,681,5,14,19,2.79,0.73,2.06,2.79,401,58.88,158,23.2,64,9.4,39,5.73
2300606,Altaneira,CE,2025,450,9,12,21,4.6667,2.0,2.67,4.67,263,58.44,78,17.33,48,10.67,40,8.89
2300705,Alto Santo,CE,2025,749,22,12,34,4.5394,2.94,1.6,4.54,380,50.73,167,22.3,92,12.28,76,10.15
2300754,Amontada,CE,2025,3310,40,48,88,2.6586,1.21,1.45,2.66,1884,56.92,734,22.18,345,10.42,259,7.82
2300804,Antonina do Norte,CE,2025,437,11,14,25,5.7208,2.52,3.2,5.72,250,57.21,86,19.68,45,10.3,31,7.09
2300903,Apuiarés,CE,2025,732,13,27,40,5.4645,1.78,3.69,5.47,413,56.42,130,17.76,78,10.66,71,9.7
2301000,Aquiraz,CE,2025,4910,104,91,195,3.9715,2.12,1.85,3.97,2391,48.7,1125,22.91,672,13.69,527,10.73
2301109,Aracati,CE,2025,3060,99,90,189,6.1765,3.24,2.94,6.18,1628,53.2,601,19.64,338,11.05,304,9.93
2301208,Aracoiaba,CE,2025,1393,21,36,57,4.0919,1.51,2.58,4.09,745,53.48,301,21.61,148,10.62,142,10.19
2301257,Ararendá,CE,2025,696,19,18,37,5.3161,2.73,2.59,5.32,366,52.59,148,21.26,77,11.06,68,9.77
2301307,Araripe,CE,2025,1410,41,36,77,5.461,2.91,2.55,5.46,842,59.72,257,18.23,134,9.5,100,7.09
2301406,Aratuba,CE,2025,611,4,18,22,3.6007,0.65,2.95,3.6,333,54.5,127,20.79,73,11.95,56,9.17
2301505,Arneiroz,CE,2025,347,1,3,4,1.1527,0.29,0.86,1.15,218,62.82,78,22.48,28,8.07,19,5.48
2301604,Assaré,CE,2025,1366,33,50,83,6.0761,2.42,3.66,6.08,765,56.0,283,20.72,134,9.81,101,7.39
2301703,Aurora,CE,2025,1011,19,25,44,4.3521,1.88,2.47,4.35,526,52.03,184,18.2,128,12.66,129,12.76
2301802,Baixio,CE,2025,271,7,5,12,4.428,2.58,1.85,4.43,134,49.45,45,16.61,32,11.81,48,17.71
2301851,Banabuiú,CE,2025,1036,29,18,47,4.5367,2.8,1.74,4.54,522,50.39,209,20.17,134,12.93,124,11.97
2301901,Barbalha,CE,2025,3709,74,100,174,4.6913,2.0,2.7,4.7,2278,61.42,691,18.63,331,8.92,235,6.34
2301950,Barreira,CE,2025,1293,39,25,64,4.9497,3.02,1.93,4.95,668,51.66,259,20.03,144,11.14,158,12.22
2302008,Barro,CE,2025,867,9,25,34,3.9216,1.04,2.88,3.92,522,60.21,172,19.84,75,8.65,64,7.38
2302057,Barroquinha,CE,2025,1125,8,15,23,2.0444,0.71,1.33,2.04,654,58.13,234,20.8,125,11.11,89,7.91
2302107,Baturité,CE,2025,1763,67,47,114,6.4663,3.8,2.67,6.47,853,48.38,354,20.08,196,11.12,246,13.95
2302206,Beberibe,CE,2025,2735,49,72,121,4.4241,1.79,2.63,4.42,1487,54.37,555,20.29,317,11.59,255,9.32
2302305,Bela Cruz,CE,2025,1977,26,33,59,2.9843,1.32,1.67,2.99,1093,55.29,470,23.77,220,11.13,135,6.83
2302404,Boa Viagem,CE,2025,2690,56,73,129,4.7955,2.08,2.71,4.79,1572,58.44,515,19.14,245,9.11,229,8.51
2302503,Brejo Santo,CE,2025,3191,62,95,157,4.9201,1.94,2.98,4.92,1959,61.39,618,19.37,298,9.34,159,4.98
2302602,Camocim,CE,2025,3646,65,82,147,4.0318,1.78,2.25,4.03,2179,59.76,727,19.94,334,9.16,259,7.1
2302701,Campos Sales,CE,2025,1315,19,38,57,4.3346,1.44,2.89,4.33,845,64.26,222,16.88,111,8.44,80,6.08
2302800,Canindé,CE,2025,4046,75,117,192,4.7454,1.85,2.89,4.74,2410,59.57,735,18.17,370,9.14,339,8.38
2302909,Capistrano,CE,2025,852,49,11,60,7.0423,5.75,1.29,7.04,427,50.12,151,17.72,104,12.21,110,12.91
2303006,Caridade,CE,2025,1168,48,55,103,8.8185,4.11,4.71,8.82,531,45.46,210,17.98,149,12.76,175,14.98
2303105,Cariré,CE,2025,945,16,21,37,3.9153,1.69,2.22,3.91,540,57.14,190,20.11,98,10.37,80,8.47
2303204,Caririaçu,CE,2025,1796,24,44,68,3.7862,1.34,2.45,3.79,1171,65.2,325,18.1,132,7.35,100,5.57
2303303,Cariús,CE,2025,815,14,22,36,4.4172,1.72,2.7,4.42,470,57.67,172,21.1,79,9.69,58,7.12
2303402,Carnaubal,CE,2025,1118,11,20,31,2.7728,0.98,1.79,2.77,687,61.45,232,20.75,103,9.21,65,5.81
2303501,Cascavel,CE,2025,3719,49,74,123,3.3073,1.32,1.99,3.31,1956,52.59,807,21.7,457,12.29,376,10.11
2303600,Catarina,CE,2025,684,9,4,13,1.9006,1.32,0.58,1.9,366,53.51,123,17.98,110,16.08,72,10.53
2303659,Catunda,CE,2025,539,20,16,36,6.679,3.71,2.97,6.68,279,51.76,103,19.11,54,10.02,67,12.43
2303709,Caucaia,CE,2025,14313,245,313,558,3.8986,1.71,2.19,3.9,7901,55.2,2960,20.68,1579,11.03,1315,9.19
2303808,Cedro,CE,2025,962,78,26,104,10.8108,8.11,2.7,10.81,551,57.28,176,18.3,83,8.63,48,4.99
2303907,Chaval,CE,2025,810,15,21,36,4.4444,1.85,2.59,4.44,455,56.17,181,22.35,81,10.0,57,7.04
2303931,Choró,CE,2025,668,7,13,20,2.994,1.05,1.95,3.0,318,47.6,162,24.25,95,14.22,73,10.93
2303956,Chorozinho,CE,2025,1147,26,38,64,5.5798,2.27,3.31,5.58,573,49.96,233,20.31,156,13.6,121,10.55
2304004,Coreaú,CE,2025,1429,38,33,71,4.9685,2.66,2.31,4.97,827,57.87,267,18.68,140,9.8,124,8.68
2304103,Crateús,CE,2025,3185,114,92,206,6.4678,3.58,2.89,6.47,1595,50.08,545,17.11,340,10.68,499,15.67
2304202,Crato,CE,2025,6233,112,168,280,4.4922,1.8,2.7,4.5,3798,60.93,1180,18.93,564,9.05,411,6.59
2304236,Croatá,CE,2025,1092,11,23,34,3.1136,1.01,2.11,3.12,639,58.52,232,21.25,104,9.52,83,7.6
2304251,Cruz,CE,2025,2573,26,44,70,2.7206,1.01,1.71,2.72,1566,60.86,554,21.53,250,9.72,133,5.17
2304269,Deputado Irapuan Pinheiro,CE,2025,441,0,6,6,1.3605,0.0,1.36,1.36,248,56.24,113,25.62,47,10.66,27,6.12
2304277,Ereré,CE,2025,293,5,5,10,3.413,1.71,1.71,3.42,158,53.92,66,22.53,27,9.22,32,10.92
2304285,Eusébio,CE,2025,3660,112,102,214,5.847,3.06,2.79,5.85,1865,50.96,770,21.04,445,12.16,366,10.0
2304301,Farias Brito,CE,2025,1002,16,23,39,3.8922,1.6,2.3,3.9,611,60.98,202,20.16,98,9.78,52,5.19
2304350,Forquilha,CE,2025,1207,40,33,73,6.0481,3.31,2.73,6.04,623,51.62,218,18.06,153,12.68,140,11.6
2304400,Fortaleza,CE,2025,81887,1523,1538,3061,3.7381,1.86,1.88,3.74,44285,54.08,18540,22.64,9288,11.34,6713,8.2
2304459,Fortim,CE,2025,1075,19,27,46,4.2791,1.77,2.51,4.28,532,49.49,242,22.51,139,12.93,116,10.79
2304509,Frecheirinha,CE,2025,1001,21,25,46,4.5954,2.1,2.5,4.6,493,49.25,237,23.68,121,12.09,104,10.39
2304608,General Sampaio,CE,2025,425,10,6,16,3.7647,2.35,1.41,3.76,214,50.35,88,20.71,71,16.71,36,8.47
2304657,Graça,CE,2025,774,13,24,37,4.7804,1.68,3.1,4.78,479,61.89,132,17.05,71,9.17,55,7.11
2304707,Granja,CE,2025,3502,54,59,113,3.2267,1.54,1.68,3.22,2188,62.48,651,18.59,325,9.28,225,6.42
2304806,Granjeiro,CE,2025,278,29,13,42,15.1079,10.43,4.68,15.11,120,43.17,51,18.35,33,11.87,32,11.51
2304905,Groaíras,CE,2025,475,4,16,20,4.2105,0.84,3.37,4.21,259,54.53,106,22.32,52,10.95,38,8.0
2304954,Guaiúba,CE,2025,1184,18,34,52,4.3919,1.52,2.87,4.39,625,52.79,231,19.51,149,12.58,127,10.73
2305001,Guaraciaba do Norte,CE,2025,2799,55,66,121,4.323,1.96,2.36,4.32,1571,56.13,585,20.9,285,10.18,237,8.47
2305100,Guaramiranga,CE,2025,348,12,13,25,7.1839,3.45,3.74,7.19,202,58.05,67,19.25,36,10.34,18,5.17
2305209,Hidrolândia,CE,2025,959,17,28,45,4.6924,1.77,2.92,4.69,613,63.92,158,16.48,88,9.18,55,5.74
2305233,Horizonte,CE,2025,4364,53,64,117,2.681,1.21,1.47,2.68,2384,54.63,1008,23.1,502,11.5,353,8.09
2305266,Ibaretama,CE,2025,806,28,24,52,6.4516,3.47,2.98,6.45,455,56.45,130,16.13,85,10.55,84,10.42
2305308,Ibiapina,CE,2025,1691,47,43,90,5.3223,2.78,2.54,5.32,1058,62.57,285,16.85,133,7.87,125,7.39
2305332,Ibicuitinga,CE,2025,626,8,13,21,3.3546,1.28,2.08,3.36,315,50.32,133,21.25,87,13.9,70,11.18
2305357,Icapuí,CE,2025,977,25,18,43,4.4012,2.56,1.84,4.4,475,48.62,221,22.62,129,13.2,109,11.16
2305407,Icó,CE,2025,3262,389,152,541,16.5849,11.93,4.66,16.59,1687,51.72,546,16.74,248,7.6,240,7.36
2305506,Iguatu,CE,2025,4600,155,156,311,6.7609,3.37,3.39,6.76,2518,54.74,874,19.0,546,11.87,351,7.63
2305605,Independência,CE,2025,1275,25,22,47,3.6863,1.96,1.73,3.69,716,56.16,256,20.08,161,12.63,95,7.45
2305654,Ipaporanga,CE,2025,672,3,12,15,2.2321,0.45,1.79,2.24,357,53.13,158,23.51,88,13.1,54,8.04
2305704,Ipaumirim,CE,2025,618,19,12,31,5.0162,3.07,1.94,5.01,366,59.22,122,19.74,60,9.71,39,6.31
2305803,Ipu,CE,2025,2600,50,64,114,4.3846,1.92,2.46,4.38,1324,50.92,517,19.88,346,13.31,299,11.5
2305902,Ipueiras,CE,2025,2174,53,65,118,5.4278,2.44,2.99,5.43,1199,55.15,393,18.08,237,10.9,227,10.44
2306009,Iracema,CE,2025,638,19,8,27,4.232,2.98,1.25,4.23,375,58.78,129,20.22,65,10.19,42,6.58
2306108,Irauçuba,CE,2025,1877,37,63,100,5.3277,1.97,3.36,5.33,1074,57.22,340,18.11,188,10.02,175,9.32
2306207,Itaiçaba,CE,2025,381,3,8,11,2.8871,0.79,2.1,2.89,204,53.54,93,24.41,42,11.02,31,8.14
2306256,Itaitinga,CE,2025,3111,53,78,131,4.2109,1.7,2.51,4.21,1605,51.59,698,22.44,354,11.38,323,10.38
2306306,Itapajé,CE,2025,2635,47,51,98,3.7192,1.78,1.94,3.72,1358,51.54,572,21.71,315,11.95,292,11.08
2306405,Itapipoca,CE,2025,8871,86,202,288,3.2465,0.97,2.28,3.25,5458,61.53,1757,19.81,797,8.98,571,6.44
2306504,Itapiúna,CE,2025,893,26,17,43,4.8152,2.91,1.9,4.81,486,54.42,163,18.25,115,12.88,86,9.63
2306553,Itarema,CE,2025,2636,202,53,255,9.6737,7.66,2.01,9.67,1172,44.46,577,21.89,380,14.42,252,9.56
2306603,Itatira,CE,2025,1244,15,21,36,2.8939,1.21,1.69,2.9,707,56.83,263,21.14,131,10.53,107,8.6
2306702,Jaguaretama,CE,2025,974,15,17,32,3.2854,1.54,1.75,3.29,477,48.97,191,19.61,109,11.19,165,16.94
2306801,Jaguaribara,CE,2025,535,6,9,15,2.8037,1.12,1.68,2.8,286,53.46,120,22.43,69,12.9,45,8.41
2306900,Jaguaribe,CE,2025,1714,29,29,58,3.3839,1.69,1.69,3.38,1116,65.11,279,16.28,138,8.05,123,7.18
2307007,Jaguaruana,CE,2025,1693,9,21,30,1.772,0.53,1.24,1.77,1009,59.6,332,19.61,172,10.16,150,8.86
2307106,Jardim,CE,2025,1597,49,57,106,6.6374,3.07,3.57,6.64,857,53.66,326,20.41,160,10.02,148,9.27
2307205,Jati,CE,2025,422,4,14,18,4.2654,0.95,3.32,4.27,250,59.24,80,18.96,45,10.66,29,6.87
2307254,Jijoca de Jericoacoara,CE,2025,2038,23,31,54,2.6497,1.13,1.52,2.65,889,43.62,389,19.09,234,11.48,472,23.16
2307304,Juazeiro do Norte,CE,2025,11507,280,347,627,5.4489,2.43,3.02,5.45,6814,59.22,2180,18.94,1057,9.19,829,7.2
2307403,Jucás,CE,2025,1422,22,27,49,3.4459,1.55,1.9,3.45,786,55.27,308,21.66,155,10.9,124,8.72
2307502,Lavras da Mangabeira,CE,2025,1476,48,50,98,6.6396,3.25,3.39,6.64,818,55.42,262,17.75,136,9.21,162,10.98
2307601,Limoeiro do Norte,CE,2025,2518,38,56,94,3.7331,1.51,2.22,3.73,1404,55.76,568,22.56,258,10.25,194,7.7
2307635,Madalena,CE,2025,886,25,21,46,5.1919,2.82,2.37,5.19,418,47.18,180,20.32,111,12.53,131,14.79
2307650,Maracanaú,CE,2025,9155,243,269,512,5.5926,2.65,2.94,5.59,4713,51.48,1846,20.16,1103,12.05,981,10.72
2307700,Maranguape,CE,2025,4654,64,95,159,3.4164,1.38,2.04,3.42,2392,51.4,996,21.4,601,12.91,506,10.87
2307809,Marco,CE,2025,2559,34,62,96,3.7515,1.33,2.42,3.75,1528,59.71,516,20.16,248,9.69,171,6.68
2307908,Martinópole,CE,2025,825,13,14,27,3.2727,1.58,1.7,3.28,410,49.7,170,20.61,117,14.18,101,12.24
2308005,Massapê,CE,2025,2271,46,55,101,4.4474,2.03,2.42,4.45,1208,53.19,496,21.84,264,11.62,202,8.89
2308104,Mauriti,CE,2025,2733,73,83,156,5.708,2.67,3.04,5.71,1480,54.15,526,19.25,264,9.66,307,11.23
2308203,Meruoca,CE,2025,844,15,13,28,3.3175,1.78,1.54,3.32,462,54.74,185,21.92,99,11.73,70,8.29
2308302,Milagres,CE,2025,1620,29,52,81,5.0,1.79,3.21,5.0,899,55.49,315,19.44,171,10.56,154,9.51
2308351,Milhã,CE,2025,801,12,17,29,3.6205,1.5,2.12,3.62,414,51.69,188,23.47,95,11.86,75,9.36
2308377,Miraíma,CE,2025,902,15,26,41,4.5455,1.66,2.88,4.54,547,60.64,156,17.29,84,9.31,74,8.2
2308401,Missão Velha,CE,2025,2202,55,57,112,5.0863,2.5,2.59,5.09,1281,58.17,422,19.16,221,10.04,166,7.54
2308500,Mombaça,CE,2025,2115,39,59,98,4.6336,1.84,2.79,4.63,1189,56.22,447,21.13,227,10.73,154,7.28
2308609,Monsenhor Tabosa,CE,2025,901,12,24,36,3.9956,1.33,2.66,3.99,541,60.04,165,18.31,94,10.43,65,7.21
2308708,Morada Nova,CE,2025,2363,52,69,121,5.1206,2.2,2.92,5.12,1357,57.43,469,19.85,229,9.69,187,7.91
2308807,Moraújo,CE,2025,464,15,15,30,6.4655,3.23,3.23,6.46,259,55.82,93,20.04,37,7.97,45,9.7
2308906,Morrinhos,CE,2025,1596,19,47,66,4.1353,1.19,2.94,4.13,829,51.94,370,23.18,177,11.09,154,9.65
2309003,Mucambo,CE,2025,791,13,17,30,3.7927,1.64,2.15,3.79,429,54.24,178,22.5,85,10.75,69,8.72
2309102,Mulungu,CE,2025,650,13,17,30,4.6154,2.0,2.62,4.62,359,55.23,138,21.23,69,10.62,54,8.31
2309201,Nova Olinda,CE,2025,1054,22,23,45,4.2694,2.09,2.18,4.27,653,61.95,202,19.17,93,8.82,61,5.79
2309300,Nova Russas,CE,2025,1701,22,41,63,3.7037,1.29,2.41,3.7,954,56.08,383,22.52,180,10.58,121,7.11
2309409,Novo Oriente,CE,2025,1582,23,41,64,4.0455,1.45,2.59,4.04,967,61.13,312,19.72,142,8.98,97,6.13
2309458,Ocara,CE,2025,991,16,26,42,4.2381,1.61,2.62,4.23,543,54.79,200,20.18,121,12.21,85,8.58
2309508,Orós,CE,2025,979,27,30,57,5.8223,2.76,3.06,5.82,626,63.94,158,16.14,84,8.58,54,5.52
2309607,Pacajus,CE,2025,2964,53,66,119,4.0148,1.79,2.23,4.02,1595,53.81,634,21.39,333,11.23,283,9.55
2309706,Pacatuba,CE,2025,3332,101,112,213,6.3926,3.03,3.36,6.39,1814,54.44,616,18.49,363,10.89,326,9.78
2309805,Pacoti,CE,2025,698,13,21,34,4.8711,1.86,3.01,4.87,403,57.74,128,18.34,75,10.74,58,8.31
2309904,Pacujá,CE,2025,332,30,16,46,13.8554,9.04,4.82,13.86,178,53.61,48,14.46,39,11.75,21,6.33
2310001,Palhano,CE,2025,492,7,6,13,2.6423,1.42,1.22,2.64,254,51.63,111,22.56,55,11.18,59,11.99
2310100,Palmácia,CE,2025,417,15,12,27,6.4748,3.6,2.88,6.48,194,46.52,75,17.99,61,14.63,60,14.39
2310209,Paracuru,CE,2025,2167,50,48,98,4.5224,2.31,2.22,4.53,1217,56.16,411,18.97,234,10.8,207,9.55
2310258,Paraipaba,CE,2025,1778,49,41,90,5.0619,2.76,2.31,5.07,915,51.46,362,20.36,184,10.35,227,12.77
2310308,Parambu,CE,2025,1610,68,77,145,9.0062,4.22,4.78,9.0,873,54.22,280,17.39,157,9.75,155,9.63
2310407,Paramoti,CE,2025,621,13,18,31,4.9919,2.09,2.9,4.99,344,55.39,121,19.48,63,10.14,62,9.98
2310506,Pedra Branca,CE,2025,2082,39,51,90,4.3228,1.87,2.45,4.32,1187,57.01,419,20.12,209,10.04,177,8.5
2310605,Penaforte,CE,2025,703,35,56,91,12.9445,4.98,7.97,12.95,368,52.35,98,13.94,58,8.25,88,12.52
2310704,Pentecoste,CE,2025,1927,23,47,70,3.6326,1.19,2.44,3.63,1093,56.72,374,19.41,225,11.68,165,8.56
2310803,Pereiro,CE,2025,891,21,30,51,5.7239,2.36,3.37,5.73,476,53.42,198,22.22,93,10.44,73,8.19
2310852,Pindoretama,CE,2025,1315,65,36,101,7.6806,4.94,2.74,7.68,662,50.34,252,19.16,154,11.71,146,11.1
2310902,Piquet Carneiro,CE,2025,762,7,11,18,2.3622,0.92,1.44,2.36,491,64.44,136,17.85,65,8.53,52,6.82
2310951,Pires Ferreira,CE,2025,533,8,11,19,3.5647,1.5,2.06,3.56,320,60.04,107,20.08,53,9.94,34,6.38
2311009,Poranga,CE,2025,660,23,8,31,4.697,3.48,1.21,4.69,373,56.52,140,21.21,55,8.33,61,9.24
2311108,Porteiras,CE,2025,1312,29,34,63,4.8018,2.21,2.59,4.8,738,56.25,264,20.12,143,10.9,104,7.93
2311207,Potengi,CE,2025,632,12,21,33,5.2215,1.9,3.32,5.22,386,61.08,101,15.98,66,10.44,46,7.28
2311231,Potiretama,CE,2025,377,13,13,26,6.8966,3.45,3.45,6.9,219,58.09,53,14.06,39,10.34,40,10.61
2311264,Quiterianópolis,CE,2025,1131,22,22,44,3.8904,1.95,1.95,3.9,699,61.8,223,19.72,102,9.02,63,5.57
2311306,Quixadá,CE,2025,4756,139,166,305,6.413,2.92,3.49,6.41,2917,61.33,696,14.63,420,8.83,418,8.79
2311355,Quixelô,CE,2025,893,16,25,41,4.5913,1.79,2.8,4.59,450,50.39,182,20.38,119,13.33,101,11.31
2311405,Quixeramobim,CE,2025,4426,143,124,267,6.0325,3.23,2.8,6.03,2238,50.56,849,19.18,529,11.95,543,12.27
2311504,Quixeré,CE,2025,1205,17,20,37,3.0705,1.41,1.66,3.07,720,59.75,259,21.49,115,9.54,74,6.14
2311603,Redenção,CE,2025,1622,33,32,65,4.0074,2.03,1.97,4.0,949,58.51,265,16.34,163,10.05,180,11.1
2311702,Reriutaba,CE,2025,1195,9,30,39,3.2636,0.75,2.51,3.26,730,61.09,248,20.75,105,8.79,73,6.11
2311801,Russas,CE,2025,3094,35,35,70,2.2624,1.13,1.13,2.26,1569,50.71,734,23.72,398,12.86,323,10.44
2311900,Saboeiro,CE,2025,767,14,18,32,4.1721,1.83,2.35,4.18,477,62.19,144,18.77,63,8.21,51,6.65
2311959,Salitre,CE,2025,1521,47,38,85,5.5884,3.09,2.5,5.59,846,55.62,312,20.51,160,10.52,118,7.76
2312007,Santana do Acaraú,CE,2025,1937,43,47,90,4.6464,2.22,2.43,4.65,986,50.9,422,21.79,238,12.29,201,10.38
2312106,Santana do Cariri,CE,2025,1088,25,28,53,4.8713,2.3,2.57,4.87,642,59.01,223,20.5,110,10.11,60,5.51
2312205,Santa Quitéria,CE,2025,2068,51,36,87,4.207,2.47,1.74,4.21,901,43.57,401,19.39,242,11.7,437,21.13
2312304,São Benedito,CE,2025,3275,38,70,108,3.2977,1.16,2.14,3.3,1855,56.64,728,22.23,305,9.31,279,8.52
2312403,São Gonçalo do Amarante,CE,2025,3504,38,96,134,3.8242,1.08,2.74,3.82,1929,55.05,723,20.63,402,11.47,316,9.02
2312502,São João do Jaguaribe,CE,2025,232,2,3,5,2.1552,0.86,1.29,2.15,126,54.31,37,15.95,39,16.81,25,10.78
2312601,São Luís do Curu,CE,2025,521,8,13,21,4.0307,1.54,2.5,4.04,270,51.82,94,18.04,77,14.78,59,11.32
2312700,Senador Pompeu,CE,2025,1070,12,17,29,2.7103,1.12,1.59,2.71,593,55.42,232,21.68,124,11.59,92,8.6
2312809,Senador Sá,CE,2025,500,2,12,14,2.8,0.4,2.4,2.8,272,54.4,89,17.8,75,15.0,50,10.0
2312908,Sobral,CE,2025,11733,121,247,368,3.1365,1.03,2.11,3.14,6779,57.78,2488,21.21,1214,10.35,884,7.53
2313005,Solonópole,CE,2025,708,22,16,38,5.3672,3.11,2.26,5.37,325,45.9,164,23.16,96,13.56,85,12.01
2313104,Tabuleiro do Norte,CE,2025,1342,30,29,59,4.3964,2.24,2.16,4.4,711,52.98,293,21.83,160,11.92,119,8.87
2313203,Tamboril,CE,2025,1426,41,29,70,4.9088,2.88,2.03,4.91,759,53.23,298,20.9,163,11.43,136,9.54
2313252,Tarrafas,CE,2025,392,3,5,8,2.0408,0.77,1.28,2.05,210,53.57,99,25.26,46,11.73,29,7.4
2313302,Tauá,CE,2025,2708,47,71,118,4.3575,1.74,2.62,4.36,1499,55.35,562,20.75,300,11.08,229,8.46
2313351,Tejuçuoca,CE,2025,1215,25,31,56,4.6091,2.06,2.55,4.61,634,52.18,260,21.4,143,11.77,122,10.04
2313401,Tianguá,CE,2025,5211,77,110,187,3.5886,1.48,2.11,3.59,3061,58.74,1093,20.97,495,9.5,375,7.2
2313500,Trairi,CE,2025,4229,83,111,194,4.5874,1.96,2.62,4.58,2314,54.72,909,21.49,434,10.26,378,8.94
2313559,Tururu,CE,2025,1206,21,21,42,3.4826,1.74,1.74,3.48,674,55.89,239,19.82,134,11.11,117,9.7
2313609,Ubajara,CE,2025,2275,29,47,76,3.3407,1.27,2.07,3.34,1246,54.77,488,21.45,237,10.42,228,10.02
2313708,Umari,CE,2025,309,11,10,21,6.7961,3.56,3.24,6.8,196,63.43,56,18.12,21,6.8,15,4.85
2313757,Umirim,CE,2025,1038,38,37,75,7.2254,3.66,3.56,7.22,526,50.67,193,18.59,128,12.33,116,11.18
2313807,Uruburetama,CE,2025,1485,29,30,59,3.9731,1.95,2.02,3.97,904,60.88,257,17.31,155,10.44,110,7.41
2313906,Uruoca,CE,2025,743,11,13,24,3.2301,1.48,1.75,3.23,380,51.14,140,18.84,112,15.07,87,11.71
2313955,Varjota,CE,2025,1140,9,38,47,4.1228,0.79,3.33,4.12,639,56.05,233,20.44,131,11.49,90,7.89
2314003,Várzea Alegre,CE,2025,1905,32,39,71,3.727,1.68,2.05,3.73,1153,60.52,380,19.95,176,9.24,125,6.56
2314102,Viçosa do Ceará,CE,2025,4275,60,90,150,3.5088,1.4,2.11,3.51,2499,58.46,880,20.58,435,10.18,311,7.27
2400109,Acari,RN,2025,499,3,3,6,1.2024,0.6,0.6,1.2,332,66.53,104,20.84,34,6.81,23,4.61
2400208,Assú,RN,2025,2523,42,62,104,4.1221,1.66,2.46,4.12,1356,53.75,546,21.64,295,11.69,222,8.8
2400307,Afonso Bezerra,RN,2025,474,12,18,30,6.3291,2.53,3.8,6.33,226,47.68,106,22.36,56,11.81,56,11.81
2400406,Água Nova,RN,2025,147,1,4,5,3.4014,0.68,2.72,3.4,84,57.14,28,19.05,18,12.24,12,8.16
2400505,Alexandria,RN,2025,453,18,17,35,7.7263,3.97,3.75,7.72,231,50.99,96,21.19,43,9.49,48,10.6
2400604,Almino Afonso,RN,2025,213,2,3,5,2.3474,0.94,1.41,2.35,111,52.11,51,23.94,24,11.27,22,10.33
2400703,Alto do Rodrigues,RN,2025,726,13,14,27,3.719,1.79,1.93,3.72,400,55.1,158,21.76,64,8.82,77,10.61
2400802,Angicos,RN,2025,544,9,7,16,2.9412,1.65,1.29,2.94,247,45.4,135,24.82,74,13.6,72,13.24
2400901,Antônio Martins,RN,2025,234,8,9,17,7.265,3.42,3.85,7.27,113,48.29,48,20.51,32,13.68,24,10.26
2401008,Apodi,RN,2025,1411,31,30,61,4.3232,2.2,2.13,4.33,751,53.22,290,20.55,160,11.34,149,10.56
2401107,Areia Branca,RN,2025,762,17,19,36,4.7244,2.23,2.49,4.72,383,50.26,162,21.26,95,12.47,86,11.29
2401206,Arez,RN,2025,770,15,23,38,4.9351,1.95,2.99,4.94,448,58.18,135,17.53,71,9.22,78,10.13
2401305,Campo Grande,RN,2025,395,33,13,46,11.6456,8.35,3.29,11.64,210,53.16,62,15.7,37,9.37,40,10.13
2401404,Baía Formosa,RN,2025,419,11,5,16,3.8186,2.63,1.19,3.82,226,53.94,83,19.81,56,13.37,38,9.07
2401453,Baraúna,RN,2025,1482,17,26,43,2.9015,1.15,1.75,2.9,792,53.44,328,22.13,161,10.86,158,10.66
2401503,Barcelona,RN,2025,207,6,18,24,11.5942,2.9,8.7,11.6,119,57.49,35,16.91,13,6.28,16,7.73
2401602,Bento Fernandes,RN,2025,240,4,5,9,3.75,1.67,2.08,3.75,145,60.42,48,20.0,20,8.33,18,7.5
2401651,Bodó,RN,2025,167,3,5,8,4.7904,1.8,2.99,4.79,91,54.49,28,16.77,26,15.57,14,8.38
2401701,Bom Jesus,RN,2025,513,16,11,27,5.2632,3.12,2.14,5.26,317,61.79,93,18.13,39,7.6,37,7.21
2401800,Brejinho,RN,2025,752,3,21,24,3.1915,0.4,2.79,3.19,465,61.84,155,20.61,70,9.31,38,5.05
2401859,Caiçara do Norte,RN,2025,358,3,4,7,1.9553,0.84,1.12,1.96,201,56.15,81,22.63,47,13.13,22,6.15
2401909,Caiçara do Rio do Vento,RN,2025,225,2,1,3,1.3333,0.89,0.44,1.33,104,46.22,42,18.67,29,12.89,47,20.89
2402006,Caicó,RN,2025,2284,54,66,120,5.2539,2.36,2.89,5.25,1348,59.02,477,20.88,203,8.89,136,5.95
2402105,Campo Redondo,RN,2025,486,7,12,19,3.9095,1.44,2.47,3.91,286,58.85,108,22.22,44,9.05,29,5.97
2402204,Canguaretama,RN,2025,1803,29,46,75,4.1597,1.61,2.55,4.16,972,53.91,392,21.74,196,10.87,168,9.32
2402303,Caraúbas,RN,2025,837,17,24,41,4.8984,2.03,2.87,4.9,525,62.72,169,20.19,57,6.81,45,5.38
2402402,Carnaúba dos Dantas,RN,2025,393,1,6,7,1.7812,0.25,1.53,1.78,262,66.67,71,18.07,28,7.12,25,6.36
2402501,Carnaubais,RN,2025,427,13,12,25,5.8548,3.04,2.81,5.85,228,53.4,72,16.86,54,12.65,48,11.24
2402600,Ceará-Mirim,RN,2025,3151,86,106,192,6.0933,2.73,3.36,6.09,1782,56.55,586,18.6,296,9.39,295,9.36
2402709,Cerro Corá,RN,2025,554,17,18,35,6.3177,3.07,3.25,6.32,327,59.03,108,19.49,42,7.58,42,7.58
2402808,Coronel Ezequiel,RN,2025,286,7,5,12,4.1958,2.45,1.75,4.2,160,55.94,63,22.03,30,10.49,21,7.34
2402907,Coronel João Pessoa,RN,2025,227,4,10,14,6.1674,1.76,4.41,6.17,137,60.35,36,15.86,20,8.81,20,8.81
2403004,Cruzeta,RN,2025,312,2,2,4,1.2821,0.64,0.64,1.28,163,52.24,85,27.24,37,11.86,23,7.37
2403103,Currais Novos,RN,2025,1547,23,36,59,3.8138,1.49,2.33,3.82,925,59.79,328,21.2,127,8.21,108,6.98
2403202,Doutor Severiano,RN,2025,333,7,6,13,3.9039,2.1,1.8,3.9,201,60.36,78,23.42,24,7.21,17,5.11
2403251,Parnamirim,RN,2025,5332,60,98,158,2.9632,1.13,1.84,2.97,3233,60.63,1151,21.59,499,9.36,291,5.46
2403301,Encanto,RN,2025,299,20,9,29,9.699,6.69,3.01,9.7,142,47.49,58,19.4,27,9.03,43,14.38
2403400,Equador,RN,2025,330,0,4,4,1.2121,0.0,1.21,1.21,195,59.09,73,22.12,31,9.39,27,8.18
2403509,Espírito Santo,RN,2025,526,10,9,19,3.6122,1.9,1.71,3.61,283,53.8,110,20.91,65,12.36,49,9.32
2403608,Extremoz,RN,2025,2491,53,61,114,4.5765,2.13,2.45,4.58,1366,54.84,519,20.84,270,10.84,222,8.91
2403707,Felipe Guerra,RN,2025,273,4,5,9,3.2967,1.47,1.83,3.3,178,65.2,50,18.32,23,8.42,13,4.76
2403756,Fernando Pedroza,RN,2025,150,3,2,5,3.3333,2.0,1.33,3.33,96,64.0,25,16.67,14,9.33,10,6.67
2403806,Florânia,RN,2025,405,4,6,10,2.4691,0.99,1.48,2.47,243,60.0,80,19.75,47,11.6,25,6.17
2403905,Francisco Dantas,RN,2025,153,1,2,3,1.9608,0.65,1.31,1.96,85,55.56,28,18.3,18,11.76,19,12.42
2404002,Frutuoso Gomes,RN,2025,206,1,2,3,1.4563,0.49,0.97,1.46,81,39.32,33,16.02,15,7.28,74,35.92
2404101,Galinhos,RN,2025,164,2,5,7,4.2683,1.22,3.05,4.27,105,64.02,26,15.85,14,8.54,12,7.32
2404200,Goianinha,RN,2025,1905,44,45,89,4.6719,2.31,2.36,4.67,1067,56.01,371,19.48,216,11.34,162,8.5
2404309,Governador Dix-Sept Rosado,RN,2025,383,8,8,16,4.1775,2.09,2.09,4.18,218,56.92,63,16.45,46,12.01,40,10.44
2404408,Grossos,RN,2025,398,9,16,25,6.2814,2.26,4.02,6.28,234,58.79,71,17.84,30,7.54,38,9.55
2404507,Guamaré,RN,2025,1038,3,5,8,0.7707,0.29,0.48,0.77,721,69.46,188,18.11,71,6.84,50,4.82
2404606,Ielmo Marinho,RN,2025,760,14,23,37,4.8684,1.84,3.03,4.87,408,53.68,150,19.74,91,11.97,74,9.74
2404705,Ipanguaçu,RN,2025,559,20,12,32,5.7245,3.58,2.15,5.73,290,51.88,102,18.25,64,11.45,71,12.7
2404804,Ipueira,RN,2025,97,0,0,0,0.0,0.0,0.0,0.0,62,63.92,19,19.59,6,6.19,10,10.31
2404853,Itajá,RN,2025,280,6,2,8,2.8571,2.14,0.71,2.85,137,48.93,70,25.0,46,16.43,19,6.79
2404903,Itaú,RN,2025,278,4,5,9,3.2374,1.44,1.8,3.24,176,63.31,56,20.14,21,7.55,16,5.76
2405009,Jaçanã,RN,2025,443,7,7,14,3.1603,1.58,1.58,3.16,283,63.88,92,20.77,36,8.13,18,4.06
2405108,Jandaíra,RN,2025,445,6,8,14,3.1461,1.35,1.8,3.15,261,58.65,86,19.33,51,11.46,33,7.42
2405207,Janduís,RN,2025,267,1,8,9,3.3708,0.37,3.0,3.37,152,56.93,50,18.73,37,13.86,19,7.12
2405306,Januário Cicco,RN,2025,536,18,10,28,5.2239,3.36,1.87,5.23,284,52.99,106,19.78,73,13.62,45,8.4
2405405,Japi,RN,2025,373,13,14,27,7.2386,3.49,3.75,7.24,196,52.55,93,24.93,34,9.12,23,6.17
2405504,Jardim de Angicos,RN,2025,145,3,8,11,7.5862,2.07,5.52,7.59,69,47.59,33,22.76,14,9.66,18,12.41
2405603,Jardim de Piranhas,RN,2025,735,9,19,28,3.8095,1.22,2.59,3.81,425,57.82,165,22.45,66,8.98,51,6.94
2405702,Jardim do Seridó,RN,2025,413,3,3,6,1.4528,0.73,0.73,1.46,251,60.77,98,23.73,36,8.72,22,5.33
2405801,João Câmara,RN,2025,1963,42,53,95,4.8395,2.14,2.7,4.84,996,50.74,448,22.82,248,12.63,176,8.97
2405900,João Dias,RN,2025,88,2,4,6,6.8182,2.27,4.55,6.82,48,54.55,10,11.36,16,18.18,8,9.09
2406007,José da Penha,RN,2025,293,4,5,9,3.0717,1.37,1.71,3.08,184,62.8,51,17.41,30,10.24,19,6.48
2406106,Jucurutu,RN,2025,806,12,13,25,3.1017,1.49,1.61,3.1,515,63.9,172,21.34,50,6.2,44,5.46
2406155,Jundiá,RN,2025,230,11,6,17,7.3913,4.78,2.61,7.39,122,53.04,50,21.74,19,8.26,22,9.57
2406205,Lagoa d'Anta,RN,2025,378,6,9,15,3.9683,1.59,2.38,3.97,227,60.05,74,19.58,28,7.41,34,8.99
2406304,Lagoa de Pedras,RN,2025,476,7,11,18,3.7815,1.47,2.31,3.78,276,57.98,103,21.64,48,10.08,31,6.51
2406403,Lagoa de Velhos,RN,2025,183,2,8,10,5.4645,1.09,4.37,5.46,93,50.82,44,24.04,18,9.84,18,9.84
2406502,Lagoa Nova,RN,2025,821,25,20,45,5.4811,3.05,2.44,5.49,438,53.35,177,21.56,83,10.11,78,9.5
2406601,Lagoa Salgada,RN,2025,496,12,12,24,4.8387,2.42,2.42,4.84,243,48.99,105,21.17,67,13.51,57,11.49
2406700,Lajes,RN,2025,389,12,6,18,4.6272,3.08,1.54,4.62,195,50.13,86,22.11,51,13.11,39,10.03
2406809,Lajes Pintadas,RN,2025,258,3,0,3,1.1628,1.16,0.0,1.16,131,50.78,83,32.17,22,8.53,19,7.36
2406908,Lucrécia,RN,2025,180,1,2,3,1.6667,0.56,1.11,1.67,114,63.33,35,19.44,20,11.11,8,4.44
2407005,Luís Gomes,RN,2025,378,9,13,22,5.8201,2.38,3.44,5.82,195,51.59,83,21.96,48,12.7,30,7.94
2407104,Macaíba,RN,2025,2934,69,71,140,4.7716,2.35,2.42,4.77,1685,57.43,596,20.31,312,10.63,201,6.85
2407203,Macau,RN,2025,1016,17,21,38,3.7402,1.67,2.07,3.74,596,58.66,206,20.28,92,9.06,84,8.27
2407252,Major Sales,RN,2025,200,4,4,8,4.0,2.0,2.0,4.0,105,52.5,48,24.0,28,14.0,11,5.5
2407302,Marcelino Vieira,RN,2025,319,11,11,22,6.8966,3.45,3.45,6.9,192,60.19,50,15.67,20,6.27,35,10.97
2407401,Martins,RN,2025,378,11,7,18,4.7619,2.91,1.85,4.76,253,66.93,64,16.93,30,7.94,13,3.44
2407500,Maxaranguape,RN,2025,596,32,15,47,7.8859,5.37,2.52,7.89,325,54.53,119,19.97,64,10.74,41,6.88
2407609,Messias Targino,RN,2025,155,4,1,5,3.2258,2.58,0.65,3.23,81,52.26,34,21.94,21,13.55,14,9.03
2407708,Montanhas,RN,2025,705,9,20,29,4.1135,1.28,2.84,4.12,414,58.72,143,20.28,75,10.64,44,6.24
2407807,Monte Alegre,RN,2025,1162,18,23,41,3.5284,1.55,1.98,3.53,664,57.14,239,20.57,122,10.5,96,8.26
2407906,Monte das Gameleiras,RN,2025,164,1,2,3,1.8293,0.61,1.22,1.83,94,57.32,37,22.56,17,10.37,13,7.93
2408003,Mossoró,RN,2025,7947,162,172,334,4.2028,2.04,2.16,4.2,4841,60.92,1586,19.96,669,8.42,517,6.51
2408102,Natal,RN,2025,17587,214,392,606,3.4457,1.22,2.23,3.45,10817,61.51,3608,20.52,1524,8.67,1032,5.87
2408201,Nísia Floresta,RN,2025,1740,18,34,52,2.9885,1.03,1.95,2.98,1082,62.18,366,21.03,145,8.33,95,5.46
2408300,Nova Cruz,RN,2025,1580,42,46,88,5.5696,2.66,2.91,5.57,837,52.97,339,21.46,171,10.82,145,9.18
2408409,Olho d'Água do Borges,RN,2025,146,2,6,8,5.4795,1.37,4.11,5.48,88,60.27,24,16.44,13,8.9,13,8.9
2408508,Ouro Branco,RN,2025,211,4,5,9,4.2654,1.9,2.37,4.27,140,66.35,36,17.06,15,7.11,11,5.21
2408607,Paraná,RN,2025,167,4,4,8,4.7904,2.4,2.4,4.8,85,50.9,38,22.75,21,12.57,15,8.98
2408706,Paraú,RN,2025,168,3,5,8,4.7619,1.79,2.98,4.77,99,58.93,30,17.86,13,7.74,18,10.71
2408805,Parazinho,RN,2025,387,6,6,12,3.1008,1.55,1.55,3.1,218,56.33,90,23.26,43,11.11,24,6.2
2408904,Parelhas,RN,2025,990,23,25,48,4.8485,2.32,2.53,4.85,614,62.02,176,17.78,98,9.9,54,5.45
2408953,Rio do Fogo,RN,2025,860,6,12,18,2.093,0.7,1.4,2.1,432,50.23,204,23.72,127,14.77,79,9.19
2409100,Passa e Fica,RN,2025,704,5,12,17,2.4148,0.71,1.7,2.41,403,57.24,172,24.43,67,9.52,45,6.39
2409209,Passagem,RN,2025,176,3,1,4,2.2727,1.7,0.57,2.27,84,47.73,38,21.59,24,13.64,26,14.77
2409308,Patu,RN,2025,460,12,15,27,5.8696,2.61,3.26,5.87,250,54.35,90,19.57,45,9.78,48,10.43
2409332,Santa Maria,RN,2025,306,6,5,11,3.5948,1.96,1.63,3.59,144,47.06,84,27.45,34,11.11,33,10.78
2409407,Pau dos Ferros,RN,2025,1087,9,23,32,2.9439,0.83,2.12,2.95,677,62.28,223,20.52,90,8.28,65,5.98
2409506,Pedra Grande,RN,2025,246,8,2,10,4.065,3.25,0.81,4.06,105,42.68,45,18.29,37,15.04,49,19.92
2409605,Pedra Preta,RN,2025,118,3,2,5,4.2373,2.54,1.69,4.23,59,50.0,29,24.58,16,13.56,9,7.63
2409704,Pedro Avelino,RN,2025,315,12,9,21,6.6667,3.81,2.86,6.67,176,55.87,51,16.19,36,11.43,31,9.84
2409803,Pedro Velho,RN,2025,708,46,24,70,9.887,6.5,3.39,9.89,378,53.39,113,15.96,76,10.73,71,10.03
2409902,Pendências,RN,2025,502,21,16,37,7.3705,4.18,3.19,7.37,278,55.38,94,18.73,43,8.57,50,9.96
2410009,Pilões,RN,2025,148,5,6,11,7.4324,3.38,4.05,7.43,85,57.43,29,19.59,16,10.81,7,4.73
2410108,Poço Branco,RN,2025,639,11,21,32,5.0078,1.72,3.29,5.01,353,55.24,138,21.6,70,10.95,46,7.2
2410207,Portalegre,RN,2025,356,1,8,9,2.5281,0.28,2.25,2.53,199,55.9,81,22.75,30,8.43,37,10.39
2410256,Porto do Mangue,RN,2025,309,13,12,25,8.0906,4.21,3.88,8.09,160,51.78,60,19.42,29,9.39,35,11.33
2410306,Serra Caiada,RN,2025,629,14,12,26,4.1335,2.23,1.91,4.14,383,60.89,112,17.81,61,9.7,47,7.47
2410405,Pureza,RN,2025,515,5,15,20,3.8835,0.97,2.91,3.88,292,56.7,106,20.58,54,10.49,43,8.35
2410504,Rafael Fernandes,RN,2025,259,7,22,29,11.1969,2.7,8.49,11.19,131,50.58,47,18.15,25,9.65,27,10.42
2410603,Rafael Godeiro,RN,2025,121,1,4,5,4.1322,0.83,3.31,4.14,70,57.85,24,19.83,14,11.57,8,6.61
2410702,Riacho da Cruz,RN,2025,124,1,2,3,2.4194,0.81,1.61,2.42,76,61.29,28,22.58,12,9.68,5,4.03
2410801,Riacho de Santana,RN,2025,198,2,6,8,4.0404,1.01,3.03,4.04,132,66.67,32,16.16,14,7.07,12,6.06
2410900,Riachuelo,RN,2025,402,9,9,18,4.4776,2.24,2.24,4.48,252,62.69,68,16.92,40,9.95,24,5.97
2411007,Rodolfo Fernandes,RN,2025,243,4,4,8,3.2922,1.65,1.65,3.3,146,60.08,43,17.7,30,12.35,16,6.58
2411056,Tibau,RN,2025,274,6,3,9,3.2847,2.19,1.09,3.28,162,59.12,63,22.99,15,5.47,25,9.12
2411106,Ruy Barbosa,RN,2025,133,3,4,7,5.2632,2.26,3.01,5.27,80,60.15,26,19.55,13,9.77,7,5.26
2411205,Santa Cruz,RN,2025,1662,41,28,69,4.1516,2.47,1.68,4.15,1021,61.43,322,19.37,147,8.84,103,6.2
2411403,Santana do Matos,RN,2025,467,9,8,17,3.6403,1.93,1.71,3.64,262,56.1,100,21.41,49,10.49,39,8.35
2411429,Santana do Seridó,RN,2025,122,3,1,4,3.2787,2.46,0.82,3.28,85,69.67,18,14.75,9,7.38,6,4.92
2411502,Santo Antônio,RN,2025,1091,13,17,30,2.7498,1.19,1.56,2.75,618,56.65,239,21.91,109,9.99,95,8.71
2411601,São Bento do Norte,RN,2025,224,10,8,18,8.0357,4.46,3.57,8.03,114,50.89,46,20.54,29,12.95,17,7.59
2411700,São Bento do Trairí,RN,2025,249,5,7,12,4.8193,2.01,2.81,4.82,139,55.82,51,20.48,28,11.24,19,7.63
2411809,São Fernando,RN,2025,152,1,1,2,1.3158,0.66,0.66,1.32,90,59.21,38,25.0,12,7.89,10,6.58
2411908,São Francisco do Oeste,RN,2025,197,2,2,4,2.0305,1.02,1.02,2.04,113,57.36,45,22.84,17,8.63,18,9.14
2412005,São Gonçalo do Amarante,RN,2025,5072,90,89,179,3.5292,1.77,1.75,3.52,2766,54.53,1113,21.94,602,11.87,412,8.12
2412104,São João do Sabugi,RN,2025,253,0,5,5,1.9763,0.0,1.98,1.98,161,63.64,60,23.72,13,5.14,14,5.53
2412203,São José de Mipibu,RN,2025,2785,214,59,273,9.8025,7.68,2.12,9.8,790,28.37,407,14.61,283,10.16,1032,37.06
2412302,São José do Campestre,RN,2025,533,14,20,34,6.379,2.63,3.75,6.38,272,51.03,115,21.58,56,10.51,56,10.51
2412401,São José do Seridó,RN,2025,175,1,3,4,2.2857,0.57,1.71,2.28,92,52.57,44,25.14,18,10.29,17,9.71
2412500,São Miguel,RN,2025,1076,20,37,57,5.2974,1.86,3.44,5.3,601,55.86,200,18.59,117,10.87,101,9.39
2412559,São Miguel do Gostoso,RN,2025,682,14,18,32,4.6921,2.05,2.64,4.69,389,57.04,148,21.7,68,9.97,45,6.6
2412609,São Paulo do Potengi,RN,2025,865,12,16,28,3.237,1.39,1.85,3.24,422,48.79,177,20.46,109,12.6,129,14.91
2412708,São Pedro,RN,2025,178,2,3,5,2.809,1.12,1.69,2.81,82,46.07,33,18.54,20,11.24,38,21.35
2412807,São Rafael,RN,2025,338,6,13,19,5.6213,1.78,3.85,5.63,193,57.1,64,18.93,29,8.58,33,9.76
2412906,São Tomé,RN,2025,478,11,11,22,4.6025,2.3,2.3,4.6,266,55.65,102,21.34,49,10.25,39,8.16
2413003,São Vicente,RN,2025,285,9,7,16,5.614,3.16,2.46,5.62,158,55.44,62,21.75,29,10.18,20,7.02
2413102,Senador Elói de Souza,RN,2025,341,1,3,4,1.173,0.29,0.88,1.17,181,53.08,72,21.11,29,8.5,55,16.13
2413201,Senador Georgino Avelino,RN,2025,231,7,13,20,8.658,3.03,5.63,8.66,137,59.31,39,16.88,19,8.23,16,6.93
2413300,Serra de São Bento,RN,2025,332,9,11,20,6.0241,2.71,3.31,6.02,206,62.05,55,16.57,29,8.73,22,6.63
2413359,Serra do Mel,RN,2025,881,20,27,47,5.3348,2.27,3.06,5.33,486,55.16,196,22.25,78,8.85,74,8.4
2413409,Serra Negra do Norte,RN,2025,259,8,3,11,4.2471,3.09,1.16,4.25,158,61.0,52,20.08,21,8.11,17,6.56
2413508,Serrinha,RN,2025,315,4,6,10,3.1746,1.27,1.9,3.17,180,57.14,68,21.59,33,10.48,24,7.62
2413557,Serrinha dos Pintos,RN,2025,200,2,5,7,3.5,1.0,2.5,3.5,124,62.0,46,23.0,14,7.0,9,4.5
2413607,Severiano Melo,RN,2025,269,4,4,8,2.974,1.49,1.49,2.98,162,60.22,46,17.1,33,12.27,20,7.43
2413706,Sítio Novo,RN,2025,243,0,4,4,1.6461,0.0,1.65,1.65,142,58.44,56,23.05,21,8.64,20,8.23
2413805,Taboleiro Grande,RN,2025,101,3,7,10,9.901,2.97,6.93,9.9,43,42.57,23,22.77,15,14.85,10,9.9
2413904,Taipu,RN,2025,631,15,27,42,6.6561,2.38,4.28,6.66,312,49.45,118,18.7,84,13.31,75,11.89
2414001,Tangará,RN,2025,737,14,13,27,3.6635,1.9,1.76,3.66,398,54.0,148,20.08,82,11.13,82,11.13
2414100,Tenente Ananias,RN,2025,476,6,15,21,4.4118,1.26,3.15,4.41,321,67.44,72,15.13,36,7.56,26,5.46
2414159,Tenente Laurentino Cruz,RN,2025,383,3,10,13,3.3943,0.78,2.61,3.39,223,58.22,83,21.67,28,7.31,36,9.4
2414209,Tibau do Sul,RN,2025,984,11,16,27,2.7439,1.12,1.63,2.75,567,57.62,204,20.73,107,10.87,79,8.03
2414308,Timbaúba dos Batistas,RN,2025,69,4,1,5,7.2464,5.8,1.45,7.25,39,56.52,15,21.74,5,7.25,5,7.25
2414407,Touros,RN,2025,2194,40,43,83,3.783,1.82,1.96,3.78,1251,57.02,456,20.78,235,10.71,169,7.7
2414456,Triunfo Potiguar,RN,2025,254,1,2,3,1.1811,0.39,0.79,1.18,128,50.39,66,25.98,37,14.57,20,7.87
2414506,Umarizal,RN,2025,336,12,5,17,5.0595,3.57,1.49,5.06,168,50.0,73,21.73,43,12.8,35,10.42
2414605,Upanema,RN,2025,460,17,22,39,8.4783,3.7,4.78,8.48,270,58.7,81,17.61,38,8.26,32,6.96
2414704,Várzea,RN,2025,257,9,9,18,7.0039,3.5,3.5,7.0,131,50.97,64,24.9,20,7.78,24,9.34
2414753,Venha-Ver,RN,2025,174,5,13,18,10.3448,2.87,7.47,10.34,90,51.72,27,15.52,17,9.77,22,12.64
2414803,Vera Cruz,RN,2025,666,7,12,19,2.8529,1.05,1.8,2.85,390,58.56,139,20.87,64,9.61,54,8.11
2414902,Viçosa,RN,2025,95,1,2,3,3.1579,1.05,2.11,3.16,56,58.95,17,17.89,11,11.58,8,8.42
2415008,Vila Flor,RN,2025,228,0,3,3,1.3158,0.0,1.32,1.32,133,58.33,53,23.25,23,10.09,16,7.02
2500106,Água Branca,PB,2025,632,12,17,29,4.5886,1.9,2.69,4.59,411,65.03,118,18.67,48,7.59,26,4.11
2500205,Aguiar,PB,2025,260,15,9,24,9.2308,5.77,3.46,9.23,135,51.92,50,19.23,20,7.69,31,11.92
2500304,Alagoa Grande,PB,2025,1712,37,60,97,5.6659,2.16,3.5,5.66,957,55.9,332,19.39,185,10.81,141,8.24
2500403,Alagoa Nova,PB,2025,1242,26,32,58,4.6699,2.09,2.58,4.67,716,57.65,262,21.1,126,10.14,80,6.44
2500502,Alagoinha,PB,2025,968,20,25,45,4.6488,2.07,2.58,4.65,592,61.16,168,17.36,97,10.02,66,6.82
2500536,Alcantil,PB,2025,371,21,9,30,8.0863,5.66,2.43,8.09,196,52.83,68,18.33,44,11.86,33,8.89
2500577,Algodão de Jandaíra,PB,2025,211,5,5,10,4.7393,2.37,2.37,4.74,136,64.45,40,18.96,19,9.0,6,2.84
2500601,Alhandra,PB,2025,1365,33,43,76,5.5678,2.42,3.15,5.57,696,50.99,280,20.51,166,12.16,147,10.77
2500700,São João do Rio do Peixe,PB,2025,810,7,26,33,4.0741,0.86,3.21,4.07,503,62.1,149,18.4,73,9.01,52,6.42
2500734,Amparo,PB,2025,117,7,2,9,7.6923,5.98,1.71,7.69,60,51.28,27,23.08,13,11.11,8,6.84
2500775,Aparecida,PB,2025,478,7,20,27,5.6485,1.46,4.18,5.64,284,59.41,83,17.36,53,11.09,31,6.49
2500809,Araçagi,PB,2025,872,17,33,50,5.7339,1.95,3.78,5.73,434,49.77,178,20.41,114,13.07,96,11.01
2500908,Arara,PB,2025,500,7,9,16,3.2,1.4,1.8,3.2,282,56.4,104,20.8,59,11.8,39,7.8
2501005,Araruna,PB,2025,1045,7,16,23,2.201,0.67,1.53,2.2,635,60.77,207,19.81,111,10.62,69,6.6
2501104,Areia,PB,2025,934,10,16,26,2.7837,1.07,1.71,2.78,554,59.31,199,21.31,93,9.96,62,6.64
2501153,Areia de Baraúnas,PB,2025,125,0,2,2,1.6,0.0,1.6,1.6,79,63.2,25,20.0,10,8.0,9,7.2
2501203,Areial,PB,2025,483,8,7,15,3.1056,1.66,1.45,3.11,262,54.24,111,22.98,58,12.01,37,7.66
2501302,Aroeiras,PB,2025,1203,20,14,34,2.8263,1.66,1.16,2.82,651,54.11,269,22.36,152,12.64,97,8.06
2501351,Assunção,PB,2025,279,1,2,3,1.0753,0.36,0.72,1.08,175,62.72,65,23.3,22,7.89,14,5.02
2501401,Baía da Traição,PB,2025,717,5,8,13,1.8131,0.7,1.12,1.82,402,56.07,162,22.59,77,10.74,63,8.79
2501500,Bananeiras,PB,2025,1069,22,21,43,4.0225,2.06,1.96,4.02,573,53.6,232,21.7,113,10.57,108,10.1
2501534,Baraúna,PB,2025,290,1,6,7,2.4138,0.34,2.07,2.41,171,58.97,68,23.45,26,8.97,18,6.21
2501575,Barra de Santana,PB,2025,416,5,10,15,3.6058,1.2,2.4,3.6,249,59.86,82,19.71,36,8.65,34,8.17
2501609,Barra de Santa Rosa,PB,2025,669,5,13,18,2.6906,0.75,1.94,2.69,408,60.99,151,22.57,63,9.42,29,4.33
2501708,Barra de São Miguel,PB,2025,409,3,11,14,3.423,0.73,2.69,3.42,248,60.64,81,19.8,48,11.74,18,4.4
2501807,Bayeux,PB,2025,3211,169,108,277,8.6266,5.26,3.36,8.62,1611,50.17,579,18.03,304,9.47,440,13.7
2501906,Belém,PB,2025,885,10,21,31,3.5028,1.13,2.37,3.5,543,61.36,170,19.21,87,9.83,54,6.1
2502003,Belém do Brejo do Cruz,PB,2025,312,10,8,18,5.7692,3.21,2.56,5.77,164,52.56,54,17.31,31,9.94,45,14.42
2502052,Bernardino Batista,PB,2025,257,5,4,9,3.5019,1.95,1.56,3.51,179,69.65,46,17.9,18,7.0,5,1.95
2502102,Boa Ventura,PB,2025,311,9,9,18,5.7878,2.89,2.89,5.78,203,65.27,46,14.79,29,9.32,15,4.82
2502151,Boa Vista,PB,2025,312,6,17,23,7.3718,1.92,5.45,7.37,176,56.41,71,22.76,22,7.05,20,6.41
2502201,Bom Jesus,PB,2025,167,7,3,10,5.988,4.19,1.8,5.99,106,63.47,29,17.37,12,7.19,10,5.99
2502300,Bom Sucesso,PB,2025,154,4,5,9,5.8442,2.6,3.25,5.85,79,51.3,31,20.13,18,11.69,17,11.04
2502409,Bonito de Santa Fé,PB,2025,613,19,22,41,6.6884,3.1,3.59,6.69,374,61.01,105,17.13,52,8.48,41,6.69
2502508,Boqueirão,PB,2025,1003,21,12,33,3.2901,2.09,1.2,3.29,510,50.85,249,24.83,118,11.76,93,9.27
2502607,Igaracy,PB,2025,309,4,6,10,3.2362,1.29,1.94,3.23,144,46.6,63,20.39,57,18.45,35,11.33
2502706,Borborema,PB,2025,297,8,13,21,7.0707,2.69,4.38,7.07,198,66.67,42,14.14,13,4.38,23,7.74
2502805,Brejo do Cruz,PB,2025,852,13,12,25,2.9343,1.53,1.41,2.94,521,61.15,166,19.48,78,9.15,62,7.28
2502904,Brejo dos Santos,PB,2025,319,1,8,9,2.8213,0.31,2.51,2.82,198,62.07,69,21.63,25,7.84,18,5.64
2503001,Caaporã,PB,2025,1193,46,35,81,6.7896,3.86,2.93,6.79,616,51.63,252,21.12,122,10.23,122,10.23
2503100,Cabaceiras,PB,2025,250,3,4,7,2.8,1.2,1.6,2.8,150,60.0,54,21.6,22,8.8,17,6.8
2503209,Cabedelo,PB,2025,2847,21,54,75,2.6344,0.74,1.9,2.64,1738,61.05,621,21.81,273,9.59,140,4.92
2503308,Cachoeira dos Índios,PB,2025,459,13,11,24,5.2288,2.83,2.4,5.23,271,59.04,102,22.22,43,9.37,19,4.14
2503407,Cacimba de Areia,PB,2025,224,0,6,6,2.6786,0.0,2.68,2.68,153,68.3,30,13.39,23,10.27,12,5.36
2503506,Cacimba de Dentro,PB,2025,935,13,22,35,3.7433,1.39,2.35,3.74,564,60.32,201,21.5,85,9.09,50,5.35
2503555,Cacimbas,PB,2025,528,4,13,17,3.2197,0.76,2.46,3.22,343,64.96,104,19.7,40,7.58,24,4.55
2503605,Caiçara,PB,2025,295,7,6,13,4.4068,2.37,2.03,4.4,146,49.49,62,21.02,34,11.53,40,13.56
2503704,Cajazeiras,PB,2025,2740,65,79,144,5.2555,2.37,2.88,5.25,1800,65.69,521,19.01,171,6.24,104,3.8
2503753,Cajazeirinhas,PB,2025,196,7,8,15,7.6531,3.57,4.08,7.65,100,51.02,38,19.39,17,8.67,26,13.27
2503803,Caldas Brandão,PB,2025,469,10,13,23,4.9041,2.13,2.77,4.9,298,63.54,78,16.63,39,8.32,31,6.61
2503902,Camalaú,PB,2025,393,1,10,11,2.799,0.25,2.54,2.79,234,59.54,77,19.59,46,11.7,25,6.36
2504009,Campina Grande,PB,2025,15475,156,270,426,2.7528,1.01,1.74,2.75,9303,60.12,3438,22.22,1466,9.47,842,5.44
2504033,Capim,PB,2025,696,6,4,10,1.4368,0.86,0.57,1.43,425,61.06,141,20.26,81,11.64,39,5.6
2504074,Caraúbas,PB,2025,243,6,4,10,4.1152,2.47,1.65,4.12,133,54.73,52,21.4,19,7.82,29,11.93
2504108,Carrapateira,PB,2025,163,2,8,10,6.135,1.23,4.91,6.14,103,63.19,36,22.09,9,5.52,5,3.07
2504157,Casserengue,PB,2025,410,11,6,17,4.1463,2.68,1.46,4.14,249,60.73,85,20.73,47,11.46,12,2.93
2504207,Catingueira,PB,2025,243,7,2,9,3.7037,2.88,0.82,3.7,128,52.67,44,18.11,24,9.88,38,15.64
2504306,Catolé do Rocha,PB,2025,1542,15,24,39,2.5292,0.97,1.56,2.53,943,61.15,319,20.69,148,9.6,93,6.03
2504355,Caturité,PB,2025,378,6,4,10,2.6455,1.59,1.06,2.65,198,52.38,92,24.34,48,12.7,30,7.94
2504405,Conceição,PB,2025,863,29,30,59,6.8366,3.36,3.48,6.84,518,60.02,150,17.38,90,10.43,46,5.33
2504504,Condado,PB,2025,356,7,18,25,7.0225,1.97,5.06,7.03,228,64.04,66,18.54,20,5.62,17,4.78
2504603,Conde,PB,2025,1743,31,49,80,4.5898,1.78,2.81,4.59,955,54.79,355,20.37,198,11.36,155,8.89
2504702,Congo,PB,2025,310,18,13,31,10.0,5.81,4.19,10.0,186,60.0,43,13.87,26,8.39,24,7.74
2504801,Coremas,PB,2025,855,12,24,36,4.2105,1.4,2.81,4.21,540,63.16,179,20.94,66,7.72,34,3.98
2504850,Coxixola,PB,2025,85,1,7,8,9.4118,1.18,8.24,9.42,48,56.47,14,16.47,11,12.94,4,4.71
2504900,Cruz do Espírito Santo,PB,2025,1147,21,25,46,4.0105,1.83,2.18,4.01,599,52.22,232,20.23,127,11.07,143,12.47
2505006,Cubati,PB,2025,465,6,11,17,3.6559,1.29,2.37,3.66,246,52.9,105,22.58,61,13.12,36,7.74
2505105,Cuité,PB,2025,848,12,14,26,3.066,1.42,1.65,3.07,512,60.38,177,20.87,82,9.67,51,6.01
2505204,Cuitegi,PB,2025,420,17,14,31,7.381,4.05,3.33,7.38,226,53.81,78,18.57,41,9.76,44,10.48
2505238,Cuité de Mamanguape,PB,2025,368,11,9,20,5.4348,2.99,2.45,5.44,205,55.71,75,20.38,34,9.24,34,9.24
2505279,Curral de Cima,PB,2025,362,3,10,13,3.5912,0.83,2.76,3.59,197,54.42,79,21.82,45,12.43,28,7.73
2505303,Curral Velho,PB,2025,124,5,3,8,6.4516,4.03,2.42,6.45,70,56.45,23,18.55,10,8.06,13,10.48
2505352,Damião,PB,2025,316,5,5,10,3.1646,1.58,1.58,3.16,185,58.54,61,19.3,35,11.08,25,7.91
2505402,Desterro,PB,2025,531,9,4,13,2.4482,1.69,0.75,2.44,314,59.13,104,19.59,33,6.21,67,12.62
2505501,Vista Serrana,PB,2025,166,1,2,3,1.8072,0.6,1.2,1.8,106,63.86,33,19.88,19,11.45,5,3.01
2505600,Diamante,PB,2025,398,30,17,47,11.809,7.54,4.27,11.81,219,55.03,69,17.34,27,6.78,36,9.05
2505709,Dona Inês,PB,2025,687,15,18,33,4.8035,2.18,2.62,4.8,451,65.65,117,17.03,60,8.73,26,3.78
2505808,Duas Estradas,PB,2025,223,4,7,11,4.9327,1.79,3.14,4.93,120,53.81,57,25.56,25,11.21,10,4.48
2505907,Emas,PB,2025,190,6,2,8,4.2105,3.16,1.05,4.21,125,65.79,26,13.68,12,6.32,19,10.0
2506004,Esperança,PB,2025,1814,38,47,85,4.6858,2.09,2.59,4.68,1012,55.79,376,20.73,187,10.31,154,8.49
2506103,Fagundes,PB,2025,704,19,12,31,4.4034,2.7,1.7,4.4,417,59.23,156,22.16,64,9.09,36,5.11
2506202,Frei Martinho,PB,2025,103,2,3,5,4.8544,1.94,2.91,4.85,55,53.4,28,27.18,11,10.68,4,3.88
2506251,Gado Bravo,PB,2025,513,11,15,26,5.0682,2.14,2.92,5.06,309,60.23,107,20.86,38,7.41,33,6.43
2506301,Guarabira,PB,2025,2237,11,32,43,1.9222,0.49,1.43,1.92,1373,61.38,465,20.79,210,9.39,146,6.53
2506400,Gurinhém,PB,2025,830,11,13,24,2.8916,1.33,1.57,2.9,428,51.57,214,25.78,92,11.08,72,8.67
2506509,Gurjão,PB,2025,184,3,11,14,7.6087,1.63,5.98,7.61,111,60.33,34,18.48,8,4.35,17,9.24
2506608,Ibiara,PB,2025,314,5,8,13,4.1401,1.59,2.55,4.14,195,62.1,59,18.79,33,10.51,14,4.46
2506707,Imaculada,PB,2025,570,22,29,51,8.9474,3.86,5.09,8.95,336,58.95,110,19.3,40,7.02,33,5.79
2506806,Ingá,PB,2025,1099,33,31,64,5.8235,3.0,2.82,5.82,584,53.14,224,20.38,117,10.65,110,10.01
2506905,Itabaiana,PB,2025,1166,51,40,91,7.8045,4.37,3.43,7.8,584,50.09,211,18.1,130,11.15,150,12.86
2507002,Itaporanga,PB,2025,1170,24,36,60,5.1282,2.05,3.08,5.13,734,62.74,223,19.06,97,8.29,56,4.79
2507101,Itapororoca,PB,2025,1202,37,22,59,4.9085,3.08,1.83,4.91,677,56.32,233,19.38,132,10.98,101,8.4
2507200,Itatuba,PB,2025,747,12,14,26,3.4806,1.61,1.87,3.48,455,60.91,149,19.95,67,8.97,50,6.69
2507309,Jacaraú,PB,2025,750,20,16,36,4.8,2.67,2.13,4.8,432,57.6,151,20.13,67,8.93,64,8.53
2507408,Jericó,PB,2025,341,9,6,15,4.3988,2.64,1.76,4.4,215,63.05,67,19.65,21,6.16,23,6.74
2507507,João Pessoa,PB,2025,19187,768,677,1445,7.5311,4.0,3.53,7.53,10410,54.26,3664,19.1,1874,9.77,1794,9.35
2507606,Juarez Távora,PB,2025,553,10,11,21,3.7975,1.81,1.99,3.8,333,60.22,109,19.71,49,8.86,41,7.41
2507705,Juazeirinho,PB,2025,1232,28,14,42,3.4091,2.27,1.14,3.41,724,58.77,270,21.92,112,9.09,84,6.82
2507804,Junco do Seridó,PB,2025,427,4,2,6,1.4052,0.94,0.47,1.41,239,55.97,106,24.82,44,10.3,32,7.49
2507903,Juripiranga,PB,2025,613,17,8,25,4.0783,2.77,1.31,4.08,323,52.69,146,23.82,75,12.23,44,7.18
2508000,Juru,PB,2025,490,14,10,24,4.898,2.86,2.04,4.9,326,66.53,99,20.2,19,3.88,22,4.49
2508109,Lagoa,PB,2025,221,6,4,10,4.5249,2.71,1.81,4.52,118,53.39,54,24.43,23,10.41,16,7.24
2508208,Lagoa de Dentro,PB,2025,432,3,6,9,2.0833,0.69,1.39,2.08,220,50.93,104,24.07,64,14.81,35,8.1
2508307,Lagoa Seca,PB,2025,1415,33,30,63,4.4523,2.33,2.12,4.45,828,58.52,289,20.42,145,10.25,90,6.36
2508406,Lastro,PB,2025,202,4,13,17,8.4158,1.98,6.44,8.42,117,57.92,33,16.34,19,9.41,16,7.92
2508505,Livramento,PB,2025,446,11,7,18,4.0359,2.47,1.57,4.04,297,66.59,73,16.37,31,6.95,27,6.05
2508554,Logradouro,PB,2025,192,5,2,7,3.6458,2.6,1.04,3.64,103,53.65,41,21.35,22,11.46,19,9.9
2508604,Lucena,PB,2025,910,22,29,51,5.6044,2.42,3.19,5.61,543,59.67,171,18.79,76,8.35,69,7.58
2508703,Mãe d'Água,PB,2025,162,1,6,7,4.321,0.62,3.7,4.32,106,65.43,33,20.37,11,6.79,5,3.09
2508802,Malta,PB,2025,371,3,12,15,4.0431,0.81,3.23,4.04,226,60.92,79,21.29,23,6.2,28,7.55
2508901,Mamanguape,PB,2025,2737,50,65,115,4.2017,1.83,2.37,4.2,1458,53.27,580,21.19,330,12.06,254,9.28
2509008,Manaíra,PB,2025,599,1,11,12,2.0033,0.17,1.84,2.01,392,65.44,126,21.04,52,8.68,17,2.84
2509057,Marcação,PB,2025,788,5,11,16,2.0305,0.63,1.4,2.03,468,59.39,165,20.94,83,10.53,56,7.11
2509107,Mari,PB,2025,1232,18,36,54,4.3831,1.46,2.92,4.38,743,60.31,244,19.81,110,8.93,81,6.57
2509156,Marizópolis,PB,2025,389,8,6,14,3.599,2.06,1.54,3.6,244,62.72,83,21.34,31,7.97,17,4.37
2509206,Massaranduba,PB,2025,803,8,20,28,3.4869,1.0,2.49,3.49,487,60.65,156,19.43,73,9.09,59,7.35
2509305,Mataraca,PB,2025,761,23,24,47,6.1761,3.02,3.15,6.17,375,49.28,150,19.71,104,13.67,85,11.17
2509339,Matinhas,PB,2025,276,9,10,19,6.8841,3.26,3.62,6.88,154,55.8,54,19.57,17,6.16,32,11.59
2509370,Mato Grosso,PB,2025,142,1,2,3,2.1127,0.7,1.41,2.11,82,57.75,37,26.06,12,8.45,8,5.63
2509396,Maturéia,PB,2025,492,8,9,17,3.4553,1.63,1.83,3.46,306,62.2,98,19.92,45,9.15,26,5.28
2509404,Mogeiro,PB,2025,924,12,14,26,2.8139,1.3,1.52,2.82,475,51.41,229,24.78,113,12.23,81,8.77
2509503,Montadas,PB,2025,361,5,11,16,4.4321,1.39,3.05,4.44,195,54.02,84,23.27,39,10.8,27,7.48
2509602,Monte Horebe,PB,2025,278,9,10,19,6.8345,3.24,3.6,6.84,171,61.51,54,19.42,22,7.91,12,4.32
2509701,Monteiro,PB,2025,1933,26,46,72,3.7248,1.35,2.38,3.73,1109,57.37,418,21.62,181,9.36,153,7.92
2509800,Mulungu,PB,2025,529,4,10,14,2.6465,0.76,1.89,2.65,296,55.95,113,21.36,59,11.15,47,8.88
2509909,Natuba,PB,2025,460,6,12,18,3.913,1.3,2.61,3.91,274,59.57,94,20.43,44,9.57,30,6.52
2510006,Nazarezinho,PB,2025,343,7,11,18,5.2478,2.04,3.21,5.25,175,51.02,69,20.12,32,9.33,49,14.29
2510105,Nova Floresta,PB,2025,485,9,11,20,4.1237,1.86,2.27,4.13,293,60.41,93,19.18,44,9.07,35,7.22
2510204,Nova Olinda,PB,2025,390,10,9,19,4.8718,2.56,2.31,4.87,231,59.23,74,18.97,29,7.44,37,9.49
2510303,Nova Palmeira,PB,2025,187,2,1,3,1.6043,1.07,0.53,1.6,114,60.96,39,20.86,20,10.7,11,5.88
2510402,Olho d'Água,PB,2025,358,4,10,14,3.9106,1.12,2.79,3.91,229,63.97,55,15.36,34,9.5,26,7.26
2510501,Olivedos,PB,2025,183,2,6,8,4.3716,1.09,3.28,4.37,105,57.38,34,18.58,21,11.48,15,8.2
2510600,Ouro Velho,PB,2025,179,0,2,2,1.1173,0.0,1.12,1.12,88,49.16,48,26.82,25,13.97,16,8.94
2510659,Parari,PB,2025,85,4,4,8,9.4118,4.71,4.71,9.42,37,43.53,24,28.24,11,12.94,5,5.88
2510709,Passagem,PB,2025,137,2,5,7,5.1095,1.46,3.65,5.11,86,62.77,25,18.25,14,10.22,5,3.65
2510808,Patos,PB,2025,5091,56,117,173,3.3982,1.1,2.3,3.4,3259,64.01,1018,20.0,379,7.44,262,5.15
2510907,Paulista,PB,2025,599,10,13,23,3.8397,1.67,2.17,3.84,362,60.43,120,20.03,45,7.51,49,8.18
2511004,Pedra Branca,PB,2025,184,5,15,20,10.8696,2.72,8.15,10.87,103,55.98,30,16.3,15,8.15,16,8.7
2511103,Pedra Lavrada,PB,2025,339,4,7,11,3.2448,1.18,2.06,3.24,215,63.42,72,21.24,28,8.26,13,3.83
2511202,Pedras de Fogo,PB,2025,1553,39,43,82,5.2801,2.51,2.77,5.28,868,55.89,340,21.89,141,9.08,122,7.86
2511301,Piancó,PB,2025,712,8,18,26,3.6517,1.12,2.53,3.65,455,63.9,137,19.24,57,8.01,37,5.2
2511400,Picuí,PB,2025,1165,11,19,30,2.5751,0.94,1.63,2.57,695,59.66,276,23.69,108,9.27,56,4.81
2511509,Pilar,PB,2025,835,17,22,39,4.6707,2.04,2.63,4.67,462,55.33,176,21.08,87,10.42,71,8.5
2511608,Pilões,PB,2025,466,6,15,21,4.5064,1.29,3.22,4.51,274,58.8,84,18.03,46,9.87,41,8.8
2511707,Pilõezinhos,PB,2025,389,4,6,10,2.5707,1.03,1.54,2.57,217,55.78,92,23.65,39,10.03,31,7.97
2511806,Pirpirituba,PB,2025,475,14,18,32,6.7368,2.95,3.79,6.74,257,54.11,97,20.42,47,9.89,42,8.84
2511905,Pitimbu,PB,2025,914,47,23,70,7.6586,5.14,2.52,7.66,451,49.34,168,18.38,105,11.49,120,13.13
2512002,Pocinhos,PB,2025,1118,35,35,70,6.2612,3.13,3.13,6.26,632,56.53,202,18.07,116,10.38,98,8.77
2512036,Poço Dantas,PB,2025,227,9,8,17,7.489,3.96,3.52,7.48,144,63.44,41,18.06,16,7.05,9,3.96
2512077,Poço de José de Moura,PB,2025,199,5,7,12,6.0302,2.51,3.52,6.03,119,59.8,38,19.1,14,7.04,16,8.04
2512101,Pombal,PB,2025,1411,24,40,64,4.5358,1.7,2.83,4.53,861,61.02,289,20.48,115,8.15,82,5.81
2512200,Prata,PB,2025,230,4,4,8,3.4783,1.74,1.74,3.48,130,56.52,46,20.0,25,10.87,21,9.13
2512309,Princesa Isabel,PB,2025,1063,17,30,47,4.4214,1.6,2.82,4.42,664,62.46,200,18.81,88,8.28,64,6.02
2512408,Puxinanã,PB,2025,938,12,17,29,3.0917,1.28,1.81,3.09,564,60.13,193,20.58,96,10.23,56,5.97
2512507,Queimadas,PB,2025,2977,75,70,145,4.8707,2.52,2.35,4.87,1644,55.22,594,19.95,342,11.49,252,8.46
2512606,Quixaba,PB,2025,98,1,1,2,2.0408,1.02,1.02,2.04,60,61.22,22,22.45,8,8.16,6,6.12
2512705,Remígio,PB,2025,880,18,24,42,4.7727,2.05,2.73,4.78,530,60.23,171,19.43,70,7.95,67,7.61
2512721,Pedro Régis,PB,2025,316,4,5,9,2.8481,1.27,1.58,2.85,180,56.96,66,20.89,30,9.49,31,9.81
2512747,Riachão,PB,2025,189,4,4,8,4.2328,2.12,2.12,4.24,126,66.67,39,20.63,10,5.29,6,3.17
2512754,Riachão do Bacamarte,PB,2025,308,2,5,7,2.2727,0.65,1.62,2.27,189,61.36,59,19.16,24,7.79,29,9.42
2512762,Riachão do Poço,PB,2025,317,5,7,12,3.7855,1.58,2.21,3.79,167,52.68,67,21.14,40,12.62,31,9.78
2512788,Riacho de Santo Antônio,PB,2025,152,1,6,7,4.6053,0.66,3.95,4.61,65,42.76,18,11.84,20,13.16,42,27.63
2512804,Riacho dos Cavalos,PB,2025,440,6,10,16,3.6364,1.36,2.27,3.63,247,56.14,100,22.73,47,10.68,30,6.82
2512903,Rio Tinto,PB,2025,1764,58,48,106,6.0091,3.29,2.72,6.01,955,54.14,384,21.77,187,10.6,132,7.48
2513000,Salgadinho,PB,2025,180,1,6,7,3.8889,0.56,3.33,3.89,112,62.22,38,21.11,15,8.33,8,4.44
2513109,Salgado de São Félix,PB,2025,692,13,18,31,4.4798,1.88,2.6,4.48,383,55.35,120,17.34,89,12.86,69,9.97
2513158,Santa Cecília,PB,2025,473,8,19,27,5.7082,1.69,4.02,5.71,271,57.29,108,22.83,44,9.3,23,4.86
2513208,Santa Cruz,PB,2025,285,5,9,14,4.9123,1.75,3.16,4.91,180,63.16,55,19.3,25,8.77,11,3.86
2513307,Santa Helena,PB,2025,280,4,7,11,3.9286,1.43,2.5,3.93,184,65.71,53,18.93,15,5.36,17,6.07
2513356,Santa Inês,PB,2025,232,6,8,14,6.0345,2.59,3.45,6.04,132,56.9,42,18.1,22,9.48,22,9.48
2513406,Santa Luzia,PB,2025,871,4,6,10,1.1481,0.46,0.69,1.15,561,64.41,187,21.47,70,8.04,43,4.94
2513505,Santana de Mangueira,PB,2025,306,8,10,18,5.8824,2.61,3.27,5.88,176,57.52,64,20.92,30,9.8,18,5.88
2513604,Santana dos Garrotes,PB,2025,305,6,9,15,4.918,1.97,2.95,4.92,185,60.66,65,21.31,22,7.21,18,5.9
2513653,Joca Claudino,PB,2025,112,3,2,5,4.4643,2.68,1.79,4.47,73,65.18,23,20.54,7,6.25,4,3.57
2513703,Santa Rita,PB,2025,5456,221,205,426,7.8079,4.05,3.76,7.81,3090,56.63,948,17.38,534,9.79,458,8.39
2513802,Santa Teresinha,PB,2025,212,5,4,9,4.2453,2.36,1.89,4.25,126,59.43,43,20.28,16,7.55,18,8.49
2513851,Santo André,PB,2025,131,0,2,2,1.5267,0.0,1.53,1.53,66,50.38,31,23.66,19,14.5,13,9.92
2513901,São Bento,PB,2025,1430,19,25,44,3.0769,1.33,1.75,3.08,867,60.63,310,21.68,128,8.95,81,5.66
2513927,São Bentinho,PB,2025,247,4,1,5,2.0243,1.62,0.4,2.02,155,62.75,61,24.7,20,8.1,6,2.43
2513943,São Domingos do Cariri,PB,2025,142,1,2,3,2.1127,0.7,1.41,2.11,95,66.9,31,21.83,9,6.34,4,2.82
2513968,São Domingos,PB,2025,135,4,7,11,8.1481,2.96,5.19,8.15,80,59.26,29,21.48,10,7.41,5,3.7
2513984,São Francisco,PB,2025,187,5,4,9,4.8128,2.67,2.14,4.81,99,52.94,34,18.18,28,14.97,17,9.09
2514008,São João do Cariri,PB,2025,228,7,6,13,5.7018,3.07,2.63,5.7,133,58.33,42,18.42,24,10.53,16,7.02
2514107,São João do Tigre,PB,2025,218,6,3,9,4.1284,2.75,1.38,4.13,120,55.05,45,20.64,29,13.3,15,6.88
2514206,São José da Lagoa Tapada,PB,2025,383,6,14,20,5.2219,1.57,3.66,5.23,238,62.14,71,18.54,30,7.83,24,6.27
2514305,São José de Caiana,PB,2025,366,2,4,6,1.6393,0.55,1.09,1.64,222,60.66,72,19.67,36,9.84,30,8.2
2514404,São José de Espinharas,PB,2025,237,6,4,10,4.2194,2.53,1.69,4.22,140,59.07,46,19.41,18,7.59,23,9.7
2514453,São José dos Ramos,PB,2025,394,4,8,12,3.0457,1.02,2.03,3.05,194,49.24,93,23.6,56,14.21,39,9.9
2514503,São José de Piranhas,PB,2025,891,21,34,55,6.1728,2.36,3.82,6.18,577,64.76,134,15.04,77,8.64,48,5.39
2514552,São José de Princesa,PB,2025,217,8,9,17,7.8341,3.69,4.15,7.84,138,63.59,38,17.51,17,7.83,7,3.23
2514602,São José do Bonfim,PB,2025,216,9,1,10,4.6296,4.17,0.46,4.63,136,62.96,41,18.98,18,8.33,11,5.09
2514651,São José do Brejo do Cruz,PB,2025,92,1,2,3,3.2609,1.09,2.17,3.26,46,50.0,27,29.35,9,9.78,7,7.61
2514701,São José do Sabugi,PB,2025,226,2,2,4,1.7699,0.88,0.88,1.76,104,46.02,55,24.34,27,11.95,36,15.93
2514800,São José dos Cordeiros,PB,2025,194,8,8,16,8.2474,4.12,4.12,8.24,114,58.76,30,15.46,13,6.7,21,10.82
2514909,São Mamede,PB,2025,389,5,11,16,4.1131,1.29,2.83,4.12,241,61.95,78,20.05,32,8.23,22,5.66
2515005,São Miguel de Taipu,PB,2025,545,10,20,30,5.5046,1.83,3.67,5.5,313,57.43,101,18.53,62,11.38,39,7.16
2515104,São Sebastião de Lagoa de Roça,PB,2025,514,8,7,15,2.9183,1.56,1.36,2.92,296,57.59,105,20.43,61,11.87,37,7.2
2515203,São Sebastião do Umbuzeiro,PB,2025,210,0,3,3,1.4286,0.0,1.43,1.43,132,62.86,39,18.57,22,10.48,14,6.67
2515302,Sapé,PB,2025,2461,49,47,96,3.9009,1.99,1.91,3.9,1357,55.14,501,20.36,269,10.93,238,9.67
2515401,São Vicente do Seridó,PB,2025,718,4,13,17,2.3677,0.56,1.81,2.37,386,53.76,178,24.79,77,10.72,60,8.36
2515500,Serra Branca,PB,2025,549,20,6,26,4.7359,3.64,1.09,4.73,317,57.74,107,19.49,59,10.75,40,7.29
2515609,Serra da Raiz,PB,2025,155,4,5,9,5.8065,2.58,3.23,5.81,83,53.55,37,23.87,17,10.97,9,5.81
2515708,Serra Grande,PB,2025,178,2,3,5,2.809,1.12,1.69,2.81,118,66.29,30,16.85,9,5.06,16,8.99
2515807,Serra Redonda,PB,2025,393,13,10,23,5.8524,3.31,2.54,5.85,227,57.76,79,20.1,34,8.65,30,7.63
2515906,Serraria,PB,2025,341,3,8,11,3.2258,0.88,2.35,3.23,202,59.24,64,18.77,31,9.09,33,9.68
2515930,Sertãozinho,PB,2025,293,2,2,4,1.3652,0.68,0.68,1.36,148,50.51,91,31.06,33,11.26,17,5.8
2515971,Sobrado,PB,2025,585,7,18,25,4.2735,1.2,3.08,4.28,325,55.56,128,21.88,59,10.09,48,8.21
2516003,Solânea,PB,2025,1487,20,23,43,2.8917,1.34,1.55,2.89,884,59.45,332,22.33,147,9.89,81,5.45
2516102,Soledade,PB,2025,800,10,22,32,4.0,1.25,2.75,4.0,486,60.75,158,19.75,72,9.0,52,6.5
2516151,Sossêgo,PB,2025,273,6,11,17,6.2271,2.2,4.03,6.23,171,62.64,53,19.41,20,7.33,12,4.4
2516201,Sousa,PB,2025,3554,82,98,180,5.0647,2.31,2.76,5.07,2142,60.27,674,18.96,319,8.98,239,6.72
2516300,Sumé,PB,2025,867,24,25,49,5.6517,2.77,2.88,5.65,531,61.25,172,19.84,65,7.5,50,5.77
2516409,Tacima,PB,2025,544,8,18,26,4.7794,1.47,3.31,4.78,309,56.8,99,18.2,63,11.58,47,8.64
2516508,Taperoá,PB,2025,842,21,29,50,5.9382,2.49,3.44,5.93,472,56.06,176,20.9,84,9.98,60,7.13
2516607,Tavares,PB,2025,806,8,18,26,3.2258,0.99,2.23,3.22,544,67.49,152,18.86,51,6.33,33,4.09
2516706,Teixeira,PB,2025,1069,20,39,59,5.5192,1.87,3.65,5.52,671,62.77,203,18.99,75,7.02,61,5.71
2516755,Tenório,PB,2025,229,2,5,7,3.0568,0.87,2.18,3.05,113,49.34,61,26.64,28,12.23,20,8.73
2516805,Triunfo,PB,2025,360,14,13,27,7.5,3.89,3.61,7.5,212,58.89,75,20.83,26,7.22,20,5.56
2516904,Uiraúna,PB,2025,775,13,32,45,5.8065,1.68,4.13,5.81,456,58.84,142,18.32,74,9.55,58,7.48
2517001,Umbuzeiro,PB,2025,518,7,13,20,3.861,1.35,2.51,3.86,275,53.09,105,20.27,64,12.36,54,10.42
2517100,Várzea,PB,2025,129,1,2,3,2.3256,0.78,1.55,2.33,81,62.79,28,21.71,12,9.3,5,3.88
2517209,Vieirópolis,PB,2025,230,5,3,8,3.4783,2.17,1.3,3.47,139,60.43,45,19.57,19,8.26,19,8.26
2517407,Zabelê,PB,2025,104,4,0,4,3.8462,3.85,0.0,3.85,63,60.58,19,18.27,11,10.58,7,6.73
2600054,Abreu e Lima,PE,2025,3172,93,79,172,5.4224,2.93,2.49,5.42,1764,55.61,622,19.61,289,9.11,325,10.25
2600104,Afogados da Ingazeira,PE,2025,2425,49,65,114,4.701,2.02,2.68,4.7,1447,59.67,498,20.54,221,9.11,145,5.98
2600203,Afrânio,PE,2025,1067,12,23,35,3.2802,1.12,2.16,3.28,629,58.95,232,21.74,105,9.84,66,6.19
2600302,Agrestina,PE,2025,1178,8,15,23,1.9525,0.68,1.27,1.95,752,63.84,223,18.93,120,10.19,60,5.09
2600401,Água Preta,PE,2025,1493,51,45,96,6.43,3.42,3.01,6.43,740,49.56,286,19.16,150,10.05,221,14.8
2600500,Águas Belas,PE,2025,3196,62,90,152,4.7559,1.94,2.82,4.76,1821,56.98,652,20.4,297,9.29,274,8.57
2600609,Alagoinha,PE,2025,1008,23,28,51,5.0595,2.28,2.78,5.06,628,62.3,201,19.94,80,7.94,48,4.76
2600708,Aliança,PE,2025,2339,41,49,90,3.8478,1.75,2.09,3.84,1493,63.83,436,18.64,194,8.29,126,5.39
2600807,Altinho,PE,2025,1015,8,8,16,1.5764,0.79,0.79,1.58,696,68.57,192,18.92,70,6.9,41,4.04
2600906,Amaraji,PE,2025,1122,70,40,110,9.8039,6.24,3.57,9.81,576,51.34,211,18.81,124,11.05,101,9.0
2601003,Angelim,PE,2025,654,14,12,26,3.9755,2.14,1.83,3.97,393,60.09,135,20.64,64,9.79,36,5.5
2601052,Araçoiaba,PE,2025,1297,34,37,71,5.4742,2.62,2.85,5.47,711,54.82,236,18.2,183,14.11,96,7.4
2601102,Araripina,PE,2025,5729,102,145,247,4.3114,1.78,2.53,4.31,3601,62.86,1112,19.41,464,8.1,305,5.32
2601201,Arcoverde,PE,2025,3732,74,130,204,5.4662,1.98,3.48,5.46,2321,62.19,687,18.41,285,7.64,235,6.3
2601300,Barra de Guabiraba,PE,2025,736,11,13,24,3.2609,1.49,1.77,3.26,405,55.03,150,20.38,79,10.73,78,10.6
2601409,Barreiros,PE,2025,2263,50,58,108,4.7724,2.21,2.56,4.77,1234,54.53,470,20.77,241,10.65,210,9.28
2601508,Belém de Maria,PE,2025,503,5,12,17,3.3797,0.99,2.39,3.38,283,56.26,96,19.09,48,9.54,59,11.73
2601607,Belém do São Francisco,PE,2025,1138,38,41,79,6.942,3.34,3.6,6.94,704,61.86,198,17.4,85,7.47,72,6.33
2601706,Belo Jardim,PE,2025,4312,62,106,168,3.8961,1.44,2.46,3.9,2815,65.28,812,18.83,335,7.77,182,4.22
2601805,Betânia,PE,2025,662,24,9,33,4.9849,3.63,1.36,4.99,381,57.55,111,16.77,65,9.82,72,10.88
2601904,Bezerros,PE,2025,2855,77,72,149,5.2189,2.7,2.52,5.22,1520,53.24,626,21.93,330,11.56,230,8.06
2602001,Bodocó,PE,2025,2250,47,52,99,4.4,2.09,2.31,4.4,1331,59.16,468,20.8,199,8.84,153,6.8
2602100,Bom Conselho,PE,2025,2671,53,79,132,4.942,1.98,2.96,4.94,1640,61.4,479,17.93,214,8.01,206,7.71
2602209,Bom Jardim,PE,2025,1853,45,49,94,5.0729,2.43,2.64,5.07,1000,53.97,409,22.07,194,10.47,156,8.42
2602308,Bonito,PE,2025,2519,45,88,133,5.2799,1.79,3.49,5.28,1419,56.33,480,19.06,268,10.64,219,8.69
2602407,Brejão,PE,2025,845,33,16,49,5.7988,3.91,1.89,5.8,465,55.03,169,20.0,85,10.06,77,9.11
2602506,Brejinho,PE,2025,461,8,6,14,3.0369,1.74,1.3,3.04,279,60.52,103,22.34,33,7.16,32,6.94
2602605,Brejo da Madre de Deus,PE,2025,2686,70,89,159,5.9196,2.61,3.31,5.92,1616,60.16,482,17.94,236,8.79,193,7.19
2602704,Buenos Aires,PE,2025,717,9,13,22,3.0683,1.26,1.81,3.07,508,70.85,110,15.34,42,5.86,35,4.88
2602803,Buíque,PE,2025,3628,50,86,136,3.7486,1.38,2.37,3.75,2158,59.48,706,19.46,371,10.23,257,7.08
2602902,Cabo de Santo Agostinho,PE,2025,6924,220,224,444,6.4125,3.18,3.24,6.42,3646,52.66,1387,20.03,801,11.57,646,9.33
2603009,Cabrobó,PE,2025,1731,76,49,125,7.2213,4.39,2.83,7.22,972,56.15,300,17.33,186,10.75,148,8.55
2603108,Cachoeirinha,PE,2025,1297,19,26,45,3.4695,1.46,2.0,3.46,717,55.28,304,23.44,152,11.72,79,6.09
2603207,Caetés,PE,2025,2012,59,50,109,5.4175,2.93,2.49,5.42,1149,57.11,390,19.38,223,11.08,141,7.01
2603306,Calçado,PE,2025,535,15,22,37,6.9159,2.8,4.11,6.91,337,62.99,91,17.01,45,8.41,25,4.67
2603405,Calumbi,PE,2025,382,6,9,15,3.9267,1.57,2.36,3.93,206,53.93,78,20.42,48,12.57,35,9.16
2603454,Camaragibe,PE,2025,5232,85,84,169,3.2301,1.62,1.61,3.23,2929,55.98,1140,21.79,552,10.55,442,8.45
2603504,Camocim de São Félix,PE,2025,853,26,22,48,5.6272,3.05,2.58,5.63,483,56.62,179,20.98,84,9.85,59,6.92
2603603,Camutanga,PE,2025,471,8,13,21,4.4586,1.7,2.76,4.46,288,61.15,87,18.47,39,8.28,36,7.64
2603702,Canhotinho,PE,2025,1441,67,104,171,11.8668,4.65,7.22,11.87,687,47.68,215,14.92,120,8.33,248,17.21
2603801,Capoeiras,PE,2025,1266,28,41,69,5.4502,2.21,3.24,5.45,796,62.88,204,16.11,104,8.21,93,7.35
2603900,Carnaíba,PE,2025,1143,22,29,51,4.4619,1.92,2.54,4.46,695,60.8,220,19.25,94,8.22,83,7.26
2603926,Carnaubeira da Penha,PE,2025,833,32,40,72,8.6435,3.84,4.8,8.64,508,60.98,129,15.49,68,8.16,56,6.72
2604007,Carpina,PE,2025,3227,90,65,155,4.8032,2.79,2.01,4.8,1805,55.93,646,20.02,334,10.35,287,8.89
2604106,Caruaru,PE,2025,17094,265,346,611,3.5744,1.55,2.02,3.57,9981,58.39,3778,22.1,1631,9.54,1093,6.39
2604155,Casinhas,PE,2025,884,26,26,52,5.8824,2.94,2.94,5.88,504,57.01,166,18.78,103,11.65,59,6.67
2604205,Catende,PE,2025,2098,116,117,233,11.1058,5.53,5.58,11.11,1249,59.53,299,14.25,156,7.44,161,7.67
2604304,Cedro,PE,2025,621,9,17,26,4.1868,1.45,2.74,4.19,414,66.67,100,16.1,52,8.37,29,4.67
2604403,Chã de Alegria,PE,2025,651,10,22,32,4.9155,1.54,3.38,4.92,331,50.84,143,21.97,69,10.6,76,11.67
2604502,Chã Grande,PE,2025,1089,30,26,56,5.1423,2.75,2.39,5.14,590,54.18,209,19.19,117,10.74,117,10.74
2604601,Condado,PE,2025,1268,26,40,66,5.205,2.05,3.15,5.2,751,59.23,243,19.16,103,8.12,105,8.28
2604700,Correntes,PE,2025,957,19,32,51,5.3292,1.99,3.34,5.33,526,54.96,179,18.7,90,9.4,111,11.6
2604809,Cortês,PE,2025,459,23,13,36,7.8431,5.01,2.83,7.84,224,48.8,72,15.69,48,10.46,79,17.21
2604908,Cumaru,PE,2025,750,16,9,25,3.3333,2.13,1.2,3.33,459,61.2,117,15.6,83,11.07,66,8.8
2605004,Cupira,PE,2025,1502,12,33,45,2.996,0.8,2.2,3.0,894,59.52,334,22.24,145,9.65,84,5.59
2605103,Custódia,PE,2025,2048,35,58,93,4.541,1.71,2.83,4.54,1216,59.38,387,18.9,187,9.13,165,8.06
2605152,Dormentes,PE,2025,1016,9,19,28,2.7559,0.89,1.87,2.76,653,64.27,203,19.98,92,9.06,40,3.94
2605202,Escada,PE,2025,2860,143,86,229,8.007,5.0,3.01,8.01,1414,49.44,548,19.16,314,10.98,355,12.41
2605301,Exu,PE,2025,2100,42,62,104,4.9524,2.0,2.95,4.95,1238,58.95,401,19.1,188,8.95,169,8.05
2605400,Feira Nova,PE,2025,1344,81,25,106,7.8869,6.03,1.86,7.89,770,57.29,205,15.25,132,9.82,131,9.75
2605459,Fernando de Noronha,PE,2025,179,0,3,3,1.676,0.0,1.68,1.68,120,67.04,39,21.79,9,5.03,8,4.47
2605509,Ferreiros,PE,2025,639,10,20,30,4.6948,1.56,3.13,4.69,389,60.88,134,20.97,49,7.67,37,5.79
2605608,Flores,PE,2025,1141,21,47,68,5.9597,1.84,4.12,5.96,671,58.81,203,17.79,116,10.17,83,7.27
2605707,Floresta,PE,2025,1900,33,61,94,4.9474,1.74,3.21,4.95,1199,63.11,367,19.32,152,8.0,88,4.63
2605806,Frei Miguelinho,PE,2025,670,13,9,22,3.2836,1.94,1.34,3.28,370,55.22,114,17.01,74,11.04,90,13.43
2605905,Gameleira,PE,2025,1265,33,28,61,4.8221,2.61,2.21,4.82,674,53.28,264,20.87,140,11.07,126,9.96
2606002,Garanhuns,PE,2025,7122,133,184,317,4.451,1.87,2.58,4.45,4146,58.21,1398,19.63,741,10.4,520,7.3
2606101,Glória do Goitá,PE,2025,1592,33,43,76,4.7739,2.07,2.7,4.77,966,60.68,283,17.78,133,8.35,134,8.42
2606200,Goiana,PE,2025,4095,80,103,183,4.4689,1.95,2.52,4.47,2435,59.46,727,17.75,433,10.57,317,7.74
2606309,Granito,PE,2025,439,11,13,24,5.467,2.51,2.96,5.47,249,56.72,86,19.59,48,10.93,32,7.29
2606408,Gravatá,PE,2025,3632,96,160,256,7.0485,2.64,4.41,7.05,2032,55.95,678,18.67,349,9.61,317,8.73
2606507,Iati,PE,2025,1286,32,35,67,5.21,2.49,2.72,5.21,821,63.84,236,18.35,83,6.45,79,6.14
2606606,Ibimirim,PE,2025,1477,22,31,53,3.5884,1.49,2.1,3.59,909,61.54,287,19.43,139,9.41,89,6.03
2606705,Ibirajuba,PE,2025,451,10,11,21,4.6563,2.22,2.44,4.66,257,56.98,93,20.62,50,11.09,30,6.65
2606804,Igarassu,PE,2025,4041,111,91,202,4.9988,2.75,2.25,5.0,2098,51.92,846,20.94,461,11.41,434,10.74
2606903,Iguaracy,PE,2025,499,12,17,29,5.8116,2.4,3.41,5.81,294,58.92,107,21.44,51,10.22,18,3.61
2607000,Inajá,PE,2025,1772,36,31,67,3.781,2.03,1.75,3.78,1208,68.17,234,13.21,120,6.77,143,8.07
2607109,Ingazeira,PE,2025,318,1,8,9,2.8302,0.31,2.52,2.83,165,51.89,80,25.16,35,11.01,29,9.12
2607208,Ipojuca,PE,2025,5337,220,204,424,7.9445,4.12,3.82,7.94,2920,54.71,903,16.92,465,8.71,625,11.71
2607307,Ipubi,PE,2025,2621,126,104,230,8.7753,4.81,3.97,8.78,1483,56.58,440,16.79,204,7.78,264,10.07
2607406,Itacuruba,PE,2025,322,5,11,16,4.9689,1.55,3.42,4.97,206,63.98,48,14.91,26,8.07,26,8.07
2607505,Itaíba,PE,2025,1989,55,52,107,5.3796,2.77,2.61,5.38,1255,63.1,348,17.5,156,7.84,123,6.18
2607604,Ilha de Itamaracá,PE,2025,879,31,24,55,6.2571,3.53,2.73,6.26,470,53.47,174,19.8,97,11.04,83,9.44
2607653,Itambé,PE,2025,1908,40,52,92,4.8218,2.1,2.73,4.83,1109,58.12,363,19.03,199,10.43,145,7.6
2607703,Itapetim,PE,2025,734,9,14,23,3.1335,1.23,1.91,3.14,443,60.35,170,23.16,57,7.77,41,5.59
2607752,Itapissuma,PE,2025,1252,28,46,74,5.9105,2.24,3.67,5.91,692,55.27,246,19.65,127,10.14,113,9.03
2607802,Itaquitinga,PE,2025,771,20,19,39,5.0584,2.59,2.46,5.05,438,56.81,164,21.27,78,10.12,52,6.74
2607901,Jaboatão dos Guararapes,PE,2025,16300,659,558,1217,7.4663,4.04,3.42,7.46,8794,53.95,3123,19.16,1562,9.58,1604,9.84
2607950,Jaqueira,PE,2025,631,9,12,21,3.3281,1.43,1.9,3.33,374,59.27,139,22.03,53,8.4,44,6.97
2608008,Jataúba,PE,2025,933,18,29,47,5.0375,1.93,3.11,5.04,565,60.56,188,20.15,78,8.36,55,5.89
2608057,Jatobá,PE,2025,732,21,16,37,5.0546,2.87,2.19,5.06,482,65.85,124,16.94,54,7.38,35,4.78
2608107,João Alfredo,PE,2025,1322,16,32,48,3.6309,1.21,2.42,3.63,769,58.17,248,18.76,141,10.67,116,8.77
2608206,Joaquim Nabuco,PE,2025,863,26,34,60,6.9525,3.01,3.94,6.95,441,51.1,168,19.47,95,11.01,99,11.47
2608255,Jucati,PE,2025,784,16,11,27,3.4439,2.04,1.4,3.44,484,61.73,157,20.03,56,7.14,60,7.65
2608305,Jupi,PE,2025,1061,22,38,60,5.655,2.07,3.58,5.65,660,62.21,179,16.87,100,9.43,62,5.84
2608404,Jurema,PE,2025,874,18,27,45,5.1487,2.06,3.09,5.15,538,61.56,178,20.37,60,6.86,53,6.06
2608453,Lagoa do Carro,PE,2025,1008,20,36,56,5.5556,1.98,3.57,5.55,584,57.94,188,18.65,103,10.22,77,7.64
2608503,Lagoa de Itaenga,PE,2025,1015,22,21,43,4.2365,2.17,2.07,4.24,543,53.5,194,19.11,108,10.64,127,12.51
2608602,Lagoa do Ouro,PE,2025,722,8,13,21,2.9086,1.11,1.8,2.91,474,65.65,132,18.28,61,8.45,34,4.71
2608701,Lagoa dos Gatos,PE,2025,665,13,26,39,5.8647,1.95,3.91,5.86,389,58.5,130,19.55,61,9.17,46,6.92
2608750,Lagoa Grande,PE,2025,1420,59,58,117,8.2394,4.15,4.08,8.23,758,53.38,252,17.75,141,9.93,152,10.7
2608800,Lajedo,PE,2025,2765,49,53,102,3.689,1.77,1.92,3.69,1798,65.03,528,19.1,212,7.67,125,4.52
2608909,Limoeiro,PE,2025,2361,34,57,91,3.8543,1.44,2.41,3.85,1316,55.74,491,20.8,269,11.39,194,8.22
2609006,Macaparana,PE,2025,1424,13,25,38,2.6685,0.91,1.76,2.67,814,57.16,340,23.88,143,10.04,89,6.25
2609105,Machados,PE,2025,828,13,21,34,4.1063,1.57,2.54,4.11,472,57.0,184,22.22,72,8.7,66,7.97
2609154,Manari,PE,2025,1284,7,21,28,2.1807,0.55,1.64,2.19,731,56.93,269,20.95,148,11.53,108,8.41
2609204,Maraial,PE,2025,536,9,12,21,3.9179,1.68,2.24,3.92,283,52.8,125,23.32,55,10.26,52,9.7
2609303,Mirandiba,PE,2025,1056,18,18,36,3.4091,1.7,1.7,3.4,691,65.44,214,20.27,68,6.44,47,4.45
2609402,Moreno,PE,2025,2461,74,48,122,4.9573,3.01,1.95,4.96,1367,55.55,497,20.2,240,9.75,235,9.55
2609501,Nazaré da Mata,PE,2025,1345,97,56,153,11.3755,7.21,4.16,11.37,745,55.39,234,17.4,103,7.66,110,8.18
2609600,Olinda,PE,2025,11063,476,404,880,7.9544,4.3,3.65,7.95,6366,57.54,1981,17.91,993,8.98,843,7.62
2609709,Orobó,PE,2025,1048,20,24,44,4.1985,1.91,2.29,4.2,533,50.86,242,23.09,123,11.74,106,10.11
2609808,Orocó,PE,2025,1094,26,36,62,5.6673,2.38,3.29,5.67,682,62.34,184,16.82,89,8.14,77,7.04
2609907,Ouricuri,PE,2025,3592,53,107,160,4.4543,1.48,2.98,4.46,2323,64.67,599,16.68,310,8.63,200,5.57
2610004,Palmares,PE,2025,2840,47,71,118,4.1549,1.65,2.5,4.15,1804,63.52,492,17.32,224,7.89,202,7.11
2610103,Palmeirina,PE,2025,415,12,11,23,5.5422,2.89,2.65,5.54,242,58.31,85,20.48,41,9.88,24,5.78
2610202,Panelas,PE,2025,1487,32,35,67,4.5057,2.15,2.35,4.5,836,56.22,302,20.31,172,11.57,110,7.4
2610301,Paranatama,PE,2025,841,23,39,62,7.3722,2.73,4.64,7.37,494,58.74,147,17.48,74,8.8,64,7.61
2610400,Parnamirim,PE,2025,1147,26,35,61,5.3182,2.27,3.05,5.32,714,62.25,191,16.65,105,9.15,76,6.63
2610509,Passira,PE,2025,1554,24,33,57,3.668,1.54,2.12,3.66,848,54.57,314,20.21,161,10.36,174,11.2
2610608,Paudalho,PE,2025,3088,77,96,173,5.6023,2.49,3.11,5.6,1707,55.28,609,19.72,308,9.97,291,9.42
2610707,Paulista,PE,2025,9463,184,338,522,5.5162,1.94,3.57,5.51,4948,52.29,1699,17.95,1028,10.86,1266,13.38
2610806,Pedra,PE,2025,1353,25,34,59,4.3607,1.85,2.51,4.36,832,61.49,251,18.55,108,7.98,103,7.61
2610905,Pesqueira,PE,2025,2539,88,85,173,6.8137,3.47,3.35,6.82,1402,55.22,510,20.09,236,9.29,218,8.59
2611002,Petrolândia,PE,2025,2089,37,46,83,3.9732,1.77,2.2,3.97,1336,63.95,359,17.19,171,8.19,140,6.7
2611101,Petrolina,PE,2025,19364,486,626,1112,5.7426,2.51,3.23,5.74,12204,63.02,3439,17.76,1522,7.86,1087,5.61
2611200,Poção,PE,2025,620,11,12,23,3.7097,1.77,1.94,3.71,347,55.97,143,23.06,55,8.87,52,8.39
2611309,Pombos,PE,2025,1340,17,34,51,3.806,1.27,2.54,3.81,734,54.78,273,20.37,156,11.64,126,9.4
2611408,Primavera,PE,2025,624,16,15,31,4.9679,2.56,2.4,4.96,388,62.18,117,18.75,52,8.33,36,5.77
2611507,Quipapá,PE,2025,937,13,32,45,4.8026,1.39,3.42,4.81,534,56.99,188,20.06,94,10.03,76,8.11
2611533,Quixaba,PE,2025,405,9,12,21,5.1852,2.22,2.96,5.18,269,66.42,62,15.31,33,8.15,20,4.94
2611606,Recife,PE,2025,36045,683,757,1440,3.995,1.89,2.1,3.99,21407,59.39,7578,21.02,3327,9.23,2293,6.36
2611705,Riacho das Almas,PE,2025,1263,14,30,44,3.4838,1.11,2.38,3.49,759,60.1,263,20.82,114,9.03,83,6.57
2611804,Ribeirão,PE,2025,1490,43,60,103,6.9128,2.89,4.03,6.92,790,53.02,266,17.85,166,11.14,165,11.07
2611903,Rio Formoso,PE,2025,1252,30,41,71,5.6709,2.4,3.27,5.67,642,51.28,204,16.29,146,11.66,189,15.1
2612000,Sairé,PE,2025,440,9,12,21,4.7727,2.05,2.73,4.78,232,52.73,80,18.18,51,11.59,56,12.73
2612109,Salgadinho,PE,2025,288,7,3,10,3.4722,2.43,1.04,3.47,144,50.0,61,21.18,33,11.46,40,13.89
2612208,Salgueiro,PE,2025,3611,102,113,215,5.954,2.82,3.13,5.95,2246,62.2,656,18.17,318,8.81,176,4.87
2612307,Saloá,PE,2025,979,21,23,44,4.4944,2.15,2.35,4.5,570,58.22,205,20.94,95,9.7,65,6.64
2612406,Sanharó,PE,2025,1180,20,16,36,3.0508,1.69,1.36,3.05,716,60.68,249,21.1,117,9.92,62,5.25
2612455,Santa Cruz,PE,2025,886,14,22,36,4.0632,1.58,2.48,4.06,565,63.77,160,18.06,76,8.58,49,5.53
2612471,Santa Cruz da Baixa Verde,PE,2025,798,15,24,39,4.8872,1.88,3.01,4.89,494,61.9,135,16.92,80,10.03,50,6.27
2612505,Santa Cruz do Capibaribe,PE,2025,4893,70,103,173,3.5357,1.43,2.11,3.54,3074,62.82,961,19.64,421,8.6,264,5.4
2612554,Santa Filomena,PE,2025,668,17,24,41,6.1377,2.54,3.59,6.13,430,64.37,118,17.66,48,7.19,31,4.64
2612604,Santa Maria da Boa Vista,PE,2025,3128,81,100,181,5.7864,2.59,3.2,5.79,1847,59.05,606,19.37,288,9.21,206,6.59
2612703,Santa Maria do Cambucá,PE,2025,836,18,13,31,3.7081,2.15,1.56,3.71,484,57.89,174,20.81,77,9.21,70,8.37
2612802,Santa Terezinha,PE,2025,666,7,13,20,3.003,1.05,1.95,3.0,442,66.37,113,16.97,60,9.01,31,4.65
2612901,São Benedito do Sul,PE,2025,528,14,16,30,5.6818,2.65,3.03,5.68,279,52.84,91,17.23,64,12.12,64,12.12
2613008,São Bento do Una,PE,2025,3301,44,80,124,3.7564,1.33,2.42,3.75,2128,64.47,611,18.51,283,8.57,155,4.7
2613107,São Caitano,PE,2025,2064,47,56,103,4.9903,2.28,2.71,4.99,1188,57.56,411,19.91,194,9.4,168,8.14
2613206,São João,PE,2025,1517,27,37,64,4.2189,1.78,2.44,4.22,919,60.58,314,20.7,138,9.1,82,5.41
2613305,São Joaquim do Monte,PE,2025,1280,30,29,59,4.6094,2.34,2.27,4.61,679,53.05,291,22.73,140,10.94,111,8.67
2613404,São José da Coroa Grande,PE,2025,1249,47,41,88,7.0456,3.76,3.28,7.04,756,60.53,185,14.81,104,8.33,116,9.29
2613503,São José do Belmonte,PE,2025,2093,32,59,91,4.3478,1.53,2.82,4.35,1324,63.26,375,17.92,175,8.36,128,6.12
2613602,São José do Egito,PE,2025,1882,22,58,80,4.2508,1.17,3.08,4.25,1151,61.16,344,18.28,175,9.3,132,7.01
2613701,São Lourenço da Mata,PE,2025,5434,203,146,349,6.4225,3.74,2.69,6.43,3074,56.57,1069,19.67,549,10.1,393,7.23
2613800,São Vicente Férrer,PE,2025,1100,11,22,33,3.0,1.0,2.0,3.0,658,59.82,215,19.55,118,10.73,76,6.91
2613909,Serra Talhada,PE,2025,3488,79,100,179,5.1319,2.26,2.87,5.13,2003,57.43,669,19.18,336,9.63,301,8.63
2614006,Serrita,PE,2025,1129,29,37,66,5.8459,2.57,3.28,5.85,639,56.6,217,19.22,125,11.07,82,7.26
2614105,Sertânia,PE,2025,1887,24,34,58,3.0737,1.27,1.8,3.07,1169,61.95,374,19.82,182,9.64,104,5.51
2614204,Sirinhaém,PE,2025,2104,75,93,168,7.9848,3.56,4.42,7.98,1132,53.8,357,16.97,218,10.36,229,10.88
2614303,Moreilândia,PE,2025,805,29,30,59,7.3292,3.6,3.73,7.33,485,60.25,142,17.64,66,8.2,53,6.58
2614402,Solidão,PE,2025,350,3,7,10,2.8571,0.86,2.0,2.86,238,68.0,69,19.71,18,5.14,15,4.29
2614501,Surubim,PE,2025,3012,75,88,163,5.4117,2.49,2.92,5.41,1617,53.69,614,20.39,347,11.52,271,9.0
2614600,Tabira,PE,2025,1736,25,40,65,3.7442,1.44,2.3,3.74,1059,61.0,347,19.99,166,9.56,99,5.7
2614709,Tacaimbó,PE,2025,782,30,17,47,6.0102,3.84,2.17,6.01,449,57.42,127,16.24,86,11.0,73,9.34
2614808,Tacaratu,PE,2025,1185,31,31,62,5.2321,2.62,2.62,5.24,741,62.53,224,18.9,90,7.59,68,5.74
2614857,Tamandaré,PE,2025,1397,131,55,186,13.3142,9.38,3.94,13.32,714,51.11,253,18.11,141,10.09,103,7.37
2615003,Taquaritinga do Norte,PE,2025,1453,34,36,70,4.8176,2.34,2.48,4.82,790,54.37,325,22.37,150,10.32,118,8.12
2615102,Terezinha,PE,2025,455,12,8,20,4.3956,2.64,1.76,4.4,292,64.18,91,20.0,35,7.69,17,3.74
2615201,Terra Nova,PE,2025,513,11,21,32,6.2378,2.14,4.09,6.23,331,64.52,81,15.79,45,8.77,24,4.68
2615300,Timbaúba,PE,2025,2126,33,54,87,4.0922,1.55,2.54,4.09,1221,57.43,444,20.88,213,10.02,161,7.57
2615409,Toritama,PE,2025,2122,46,77,123,5.7964,2.17,3.63,5.8,1221,57.54,372,17.53,220,10.37,186,8.77
2615508,Tracunhaém,PE,2025,581,36,20,56,9.6386,6.2,3.44,9.64,279,48.02,102,17.56,67,11.53,77,13.25
2615607,Trindade,PE,2025,2395,56,63,119,4.9687,2.34,2.63,4.97,1482,61.88,474,19.79,172,7.18,148,6.18
2615706,Triunfo,PE,2025,765,8,13,21,2.7451,1.05,1.7,2.75,459,60.0,153,20.0,67,8.76,65,8.5
2615805,Tupanatinga,PE,2025,1721,29,41,70,4.0674,1.69,2.38,4.07,989,57.47,368,21.38,150,8.72,144,8.37
2615904,Tuparetama,PE,2025,385,5,7,12,3.1169,1.3,1.82,3.12,214,55.58,82,21.3,42,10.91,35,9.09
2616001,Venturosa,PE,2025,1151,18,36,54,4.6916,1.56,3.13,4.69,677,58.82,234,20.33,103,8.95,83,7.21
2616100,Verdejante,PE,2025,460,7,18,25,5.4348,1.52,3.91,5.43,303,65.87,75,16.3,33,7.17,24,5.22
2616183,Vertente do Lério,PE,2025,496,24,16,40,8.0645,4.84,3.23,8.07,263,53.02,92,18.55,65,13.1,36,7.26
2616209,Vertentes,PE,2025,1241,30,23,53,4.2707,2.42,1.85,4.27,660,53.18,252,20.31,165,13.3,111,8.94
2616308,Vicência,PE,2025,1205,28,19,47,3.9004,2.32,1.58,3.9,699,58.01,246,20.41,125,10.37,88,7.3
2616407,Vitória de Santo Antão,PE,2025,6278,69,101,170,2.7079,1.1,1.61,2.71,4091,65.16,1190,18.96,509,8.11,318,5.07
2616506,Xexéu,PE,2025,810,35,22,57,7.037,4.32,2.72,7.04,414,51.11,140,17.28,85,10.49,114,14.07
2700102,Água Branca,AL,2025,1351,14,40,54,3.997,1.04,2.96,4.0,770,56.99,264,19.54,146,10.81,117,8.66
2700201,Anadia,AL,2025,1021,21,21,42,4.1136,2.06,2.06,4.12,551,53.97,211,20.67,122,11.95,95,9.3
2700300,Arapiraca,AL,2025,12336,152,247,399,3.2344,1.23,2.0,3.23,7442,60.33,2689,21.8,1167,9.46,639,5.18
2700409,Atalaia,AL,2025,2381,74,57,131,5.5019,3.11,2.39,5.5,1281,53.8,460,19.32,269,11.3,240,10.08
2700508,Barra de Santo Antônio,AL,2025,1036,36,35,71,6.8533,3.47,3.38,6.85,587,56.66,157,15.15,107,10.33,114,11.0
2700607,Barra de São Miguel,AL,2025,649,14,13,27,4.1602,2.16,2.0,4.16,392,60.4,121,18.64,62,9.55,47,7.24
2700706,Batalha,AL,2025,1256,22,35,57,4.5382,1.75,2.79,4.54,772,61.46,241,19.19,109,8.68,77,6.13
2700805,Belém,AL,2025,350,10,13,23,6.5714,2.86,3.71,6.57,183,52.29,83,23.71,39,11.14,22,6.29
2700904,Belo Monte,AL,2025,628,6,11,17,2.707,0.96,1.75,2.71,413,65.76,114,18.15,52,8.28,32,5.1
2701001,Boca da Mata,AL,2025,1317,17,19,36,2.7335,1.29,1.44,2.73,729,55.35,281,21.34,158,12.0,113,8.58
2701100,Branquinha,AL,2025,829,16,25,41,4.9457,1.93,3.02,4.95,554,66.83,134,16.16,68,8.2,32,3.86
2701209,Cacimbinhas,AL,2025,597,22,19,41,6.8677,3.69,3.18,6.87,308,51.59,115,19.26,71,11.89,62,10.39
2701308,Cajueiro,AL,2025,1224,28,29,57,4.6569,2.29,2.37,4.66,676,55.23,222,18.14,148,12.09,121,9.89
2701357,Campestre,AL,2025,465,17,10,27,5.8065,3.66,2.15,5.81,279,60.0,72,15.48,42,9.03,45,9.68
2701407,Campo Alegre,AL,2025,2319,26,40,66,2.8461,1.12,1.72,2.84,1267,54.64,564,24.32,281,12.12,141,6.08
2701506,Campo Grande,AL,2025,662,10,14,24,3.6254,1.51,2.11,3.62,358,54.08,158,23.87,56,8.46,66,9.97
2701605,Canapi,AL,2025,1303,22,38,60,4.6048,1.69,2.92,4.61,784,60.17,256,19.65,119,9.13,84,6.45
2701704,Capela,AL,2025,920,18,21,39,4.2391,1.96,2.28,4.24,563,61.2,174,18.91,92,10.0,52,5.65
2701803,Carneiros,AL,2025,758,12,9,21,2.7704,1.58,1.19,2.77,448,59.1,159,20.98,77,10.16,53,6.99
2701902,Chã Preta,AL,2025,488,5,16,21,4.3033,1.02,3.28,4.3,289,59.22,95,19.47,51,10.45,32,6.56
2702009,Coité do Nóia,AL,2025,726,9,22,31,4.27,1.24,3.03,4.27,433,59.64,140,19.28,68,9.37,54,7.44
2702108,Colônia Leopoldina,AL,2025,1021,32,39,71,6.954,3.13,3.82,6.95,526,51.52,205,20.08,104,10.19,115,11.26
2702207,Coqueiro Seco,AL,2025,402,5,10,15,3.7313,1.24,2.49,3.73,244,60.7,70,17.41,47,11.69,26,6.47
2702306,Coruripe,AL,2025,3869,52,78,130,3.36,1.34,2.02,3.36,2243,57.97,878,22.69,405,10.47,213,5.51
2702355,Craíbas,AL,2025,2071,20,44,64,3.0903,0.97,2.12,3.09,1197,57.8,414,19.99,220,10.62,176,8.5
2702405,Delmiro Gouveia,AL,2025,2829,75,105,180,6.3627,2.65,3.71,6.36,1718,60.73,505,17.85,250,8.84,176,6.22
2702504,Dois Riachos,AL,2025,782,5,17,22,2.8133,0.64,2.17,2.81,465,59.46,163,20.84,82,10.49,50,6.39
2702553,Estrela de Alagoas,AL,2025,1052,13,28,41,3.8973,1.24,2.66,3.9,676,64.26,188,17.87,90,8.56,57,5.42
2702603,Feira Grande,AL,2025,1534,41,38,79,5.1499,2.67,2.48,5.15,862,56.19,289,18.84,156,10.17,148,9.65
2702702,Feliz Deserto,AL,2025,310,8,9,17,5.4839,2.58,2.9,5.48,163,52.58,72,23.23,37,11.94,21,6.77
2702801,Flexeiras,AL,2025,816,28,25,53,6.4951,3.43,3.06,6.49,464,56.86,132,16.18,74,9.07,93,11.4
2702900,Girau do Ponciano,AL,2025,2504,44,60,104,4.1534,1.76,2.4,4.16,1440,57.51,505,20.17,261,10.42,194,7.75
2703007,Ibateguara,AL,2025,1018,53,49,102,10.0196,5.21,4.81,10.02,572,56.19,175,17.19,88,8.64,81,7.96
2703106,Igaci,AL,2025,1505,35,49,84,5.5814,2.33,3.26,5.59,872,57.94,306,20.33,137,9.1,106,7.04
2703205,Igreja Nova,AL,2025,1451,26,36,62,4.2729,1.79,2.48,4.27,808,55.69,302,20.81,151,10.41,128,8.82
2703304,Inhapi,AL,2025,1361,18,22,40,2.939,1.32,1.62,2.94,872,64.07,254,18.66,119,8.74,76,5.58
2703403,Jacaré dos Homens,AL,2025,466,9,5,14,3.0043,1.93,1.07,3.0,264,56.65,89,19.1,56,12.02,43,9.23
2703502,Jacuípe,AL,2025,284,9,10,19,6.6901,3.17,3.52,6.69,150,52.82,51,17.96,26,9.15,38,13.38
2703601,Japaratinga,AL,2025,704,23,14,37,5.2557,3.27,1.99,5.26,364,51.7,139,19.74,84,11.93,80,11.36
2703700,Jaramataia,AL,2025,470,10,12,22,4.6809,2.13,2.55,4.68,265,56.38,106,22.55,51,10.85,26,5.53
2703759,Jequiá da Praia,AL,2025,785,7,16,23,2.9299,0.89,2.04,2.93,433,55.16,172,21.91,82,10.45,75,9.55
2703809,Joaquim Gomes,AL,2025,1369,34,41,75,5.4785,2.48,2.99,5.47,784,57.27,275,20.09,133,9.72,102,7.45
2703908,Jundiá,AL,2025,239,25,8,33,13.8075,10.46,3.35,13.81,118,49.37,35,14.64,25,10.46,28,11.72
2704005,Junqueiro,AL,2025,1571,9,21,30,1.9096,0.57,1.34,1.91,895,56.97,366,23.3,182,11.58,98,6.24
2704104,Lagoa da Canoa,AL,2025,1418,35,39,74,5.2186,2.47,2.75,5.22,796,56.14,267,18.83,140,9.87,141,9.94
2704203,Limoeiro de Anadia,AL,2025,1953,25,36,61,3.1234,1.28,1.84,3.12,1071,54.84,424,21.71,241,12.34,156,7.99
2704302,Maceió,AL,2025,30331,227,541,768,2.5321,0.75,1.78,2.53,19075,62.89,6206,20.46,2676,8.82,1606,5.29
2704401,Major Isidoro,AL,2025,1071,12,13,25,2.3343,1.12,1.21,2.33,526,49.11,163,15.22,148,13.82,209,19.51
2704500,Maragogi,AL,2025,2639,49,58,107,4.0546,1.86,2.2,4.06,1503,56.95,536,20.31,276,10.46,217,8.22
2704609,Maravilha,AL,2025,775,11,19,30,3.871,1.42,2.45,3.87,452,58.32,167,21.55,75,9.68,51,6.58
2704708,Marechal Deodoro,AL,2025,3705,63,77,140,3.7787,1.7,2.08,3.78,2326,62.78,695,18.76,318,8.58,226,6.1
2704807,Maribondo,AL,2025,696,15,21,36,5.1724,2.16,3.02,5.18,409,58.76,126,18.1,58,8.33,67,9.63
2704906,Mar Vermelho,AL,2025,207,0,1,1,0.4831,0.0,0.48,0.48,126,60.87,50,24.15,24,11.59,6,2.9
2705002,Mata Grande,AL,2025,1488,17,34,51,3.4274,1.14,2.28,3.42,807,54.23,316,21.24,185,12.43,129,8.67
2705101,Matriz de Camaragibe,AL,2025,1516,31,39,70,4.6174,2.04,2.57,4.61,915,60.36,288,19.0,133,8.77,110,7.26
2705200,Messias,AL,2025,916,71,46,117,12.7729,7.75,5.02,12.77,506,55.24,135,14.74,78,8.52,80,8.73
2705309,Minador do Negrão,AL,2025,353,9,10,19,5.3824,2.55,2.83,5.38,207,58.64,63,17.85,32,9.07,32,9.07
2705408,Monteirópolis,AL,2025,628,9,9,18,2.8662,1.43,1.43,2.86,387,61.62,110,17.52,60,9.55,53,8.44
2705507,Murici,AL,2025,1956,32,43,75,3.8344,1.64,2.2,3.84,1160,59.3,387,19.79,199,10.17,135,6.9
2705606,Novo Lino,AL,2025,652,13,16,29,4.4479,1.99,2.45,4.44,361,55.37,140,21.47,68,10.43,54,8.28
2705705,Olho d'Água das Flores,AL,2025,1630,30,41,71,4.3558,1.84,2.52,4.36,963,59.08,339,20.8,171,10.49,86,5.28
2705804,Olho d'Água do Casado,AL,2025,745,5,21,26,3.4899,0.67,2.82,3.49,479,64.3,136,18.26,59,7.92,45,6.04
2705903,Olho d'Água Grande,AL,2025,248,7,8,15,6.0484,2.82,3.23,6.05,120,48.39,57,22.98,25,10.08,31,12.5
2706000,Olivença,AL,2025,886,11,23,34,3.8375,1.24,2.6,3.84,457,51.58,209,23.59,123,13.88,63,7.11
2706109,Ouro Branco,AL,2025,936,14,22,36,3.8462,1.5,2.35,3.85,603,64.42,172,18.38,83,8.87,42,4.49
2706208,Palestina,AL,2025,374,1,3,4,1.0695,0.27,0.8,1.07,216,57.75,91,24.33,46,12.3,17,4.55
2706307,Palmeira dos Índios,AL,2025,3313,75,86,161,4.8596,2.26,2.6,4.86,1960,59.16,665,20.07,289,8.72,238,7.18
2706406,Pão de Açúcar,AL,2025,1583,23,39,62,3.9166,1.45,2.46,3.91,953,60.2,319,20.15,137,8.65,112,7.08
2706422,Pariconha,AL,2025,829,25,29,54,6.5139,3.02,3.5,6.52,512,61.76,138,16.65,74,8.93,51,6.15
2706448,Paripueira,AL,2025,921,18,27,45,4.886,1.95,2.93,4.88,505,54.83,173,18.78,118,12.81,80,8.69
2706505,Passo de Camaragibe,AL,2025,1037,22,26,48,4.6287,2.12,2.51,4.63,554,53.42,218,21.02,111,10.7,106,10.22
2706604,Paulo Jacinto,AL,2025,421,2,7,9,2.1378,0.48,1.66,2.14,233,55.34,96,22.8,48,11.4,35,8.31
2706703,Penedo,AL,2025,3743,27,80,107,2.8587,0.72,2.14,2.86,2193,58.59,814,21.75,399,10.66,230,6.14
2706802,Piaçabuçu,AL,2025,1126,26,52,78,6.9272,2.31,4.62,6.93,626,55.6,233,20.69,106,9.41,83,7.37
2706901,Pilar,AL,2025,2561,45,46,91,3.5533,1.76,1.8,3.56,1504,58.73,510,19.91,278,10.86,178,6.95
2707008,Pindoba,AL,2025,109,4,2,6,5.5046,3.67,1.83,5.5,68,62.39,22,20.18,8,7.34,5,4.59
2707107,Piranhas,AL,2025,1883,39,50,89,4.7265,2.07,2.66,4.73,1050,55.76,402,21.35,214,11.36,128,6.8
2707206,Poço das Trincheiras,AL,2025,936,15,29,44,4.7009,1.6,3.1,4.7,565,60.36,155,16.56,93,9.94,79,8.44
2707305,Porto Calvo,AL,2025,1647,62,46,108,6.5574,3.76,2.79,6.55,945,57.38,284,17.24,163,9.9,147,8.93
2707404,Porto de Pedras,AL,2025,702,21,23,44,6.2678,2.99,3.28,6.27,399,56.84,129,18.38,69,9.83,61,8.69
2707503,Porto Real do Colégio,AL,2025,1240,31,47,78,6.2903,2.5,3.79,6.29,702,56.61,219,17.66,122,9.84,119,9.6
2707602,Quebrangulo,AL,2025,804,16,24,40,4.9751,1.99,2.99,4.98,442,54.98,173,21.52,84,10.45,65,8.08
2707701,Rio Largo,AL,2025,5132,67,130,197,3.8387,1.31,2.53,3.84,3121,60.81,1003,19.54,532,10.37,279,5.44
2707800,Roteiro,AL,2025,576,15,24,39,6.7708,2.6,4.17,6.77,299,51.91,100,17.36,71,12.33,67,11.63
2707909,Santa Luzia do Norte,AL,2025,627,14,22,36,5.7416,2.23,3.51,5.74,375,59.81,120,19.14,56,8.93,40,6.38
2708006,Santana do Ipanema,AL,2025,3419,65,90,155,4.5335,1.9,2.63,4.53,1925,56.3,709,20.74,379,11.09,251,7.34
2708105,Santana do Mundaú,AL,2025,802,13,11,24,2.9925,1.62,1.37,2.99,451,56.23,158,19.7,100,12.47,69,8.6
2708204,São Brás,AL,2025,388,15,13,28,7.2165,3.87,3.35,7.22,198,51.03,65,16.75,47,12.11,50,12.89
2708303,São José da Laje,AL,2025,1445,44,34,78,5.3979,3.04,2.35,5.39,835,57.79,259,17.92,136,9.41,137,9.48
2708402,São José da Tapera,AL,2025,2933,61,61,122,4.1596,2.08,2.08,4.16,1716,58.51,596,20.32,279,9.51,220,7.5
2708501,São Luís do Quitunde,AL,2025,1687,33,47,80,4.7421,1.96,2.79,4.75,988,58.57,350,20.75,155,9.19,114,6.76
2708600,São Miguel dos Campos,AL,2025,2438,59,75,134,5.4963,2.42,3.08,5.5,1185,48.61,491,20.14,321,13.17,307,12.59
2708709,São Miguel dos Milagres,AL,2025,508,17,19,36,7.0866,3.35,3.74,7.09,296,58.27,90,17.72,31,6.1,55,10.83
2708808,São Sebastião,AL,2025,2358,27,38,65,2.7566,1.15,1.61,2.76,1465,62.13,451,19.13,225,9.54,152,6.45
2708907,Satuba,AL,2025,921,11,17,28,3.0402,1.19,1.85,3.04,583,63.3,163,17.7,91,9.88,56,6.08
2708956,Senador Rui Palmeira,AL,2025,1038,11,27,38,3.6609,1.06,2.6,3.66,642,61.85,219,21.1,87,8.38,52,5.01
2709004,Tanque d'Arca,AL,2025,366,5,7,12,3.2787,1.37,1.91,3.28,194,53.01,76,20.77,52,14.21,32,8.74
2709103,Taquarana,AL,2025,1312,25,26,51,3.8872,1.91,1.98,3.89,722,55.03,279,21.27,163,12.42,97,7.39
2709152,Teotônio Vilela,AL,2025,2789,16,31,47,1.6852,0.57,1.11,1.68,1671,59.91,695,24.92,220,7.89,156,5.59
2709202,Traipu,AL,2025,1708,48,50,98,5.7377,2.81,2.93,5.74,1054,61.71,283,16.57,154,9.02,119,6.97
2709301,União dos Palmares,AL,2025,3648,72,77,149,4.0844,1.97,2.11,4.08,2200,60.31,713,19.54,340,9.32,246,6.74
2709400,Viçosa,AL,2025,1360,23,31,54,3.9706,1.69,2.28,3.97,778,57.21,259,19.04,154,11.32,115,8.46
2800100,Amparo do São Francisco,SE,2025,116,8,6,14,12.069,6.9,5.17,12.07,52,44.83,20,17.24,13,11.21,17,14.66
2800209,Aquidabã,SE,2025,970,26,32,58,5.9794,2.68,3.3,5.98,525,54.12,195,20.1,94,9.69,98,10.1
2800308,Aracaju,SE,2025,18188,327,597,924,5.0803,1.8,3.28,5.08,11509,63.28,3336,18.34,1446,7.95,973,5.35
2800407,Arauá,SE,2025,690,12,19,31,4.4928,1.74,2.75,4.49,391,56.67,149,21.59,49,7.1,70,10.14
2800506,Areia Branca,SE,2025,842,23,26,49,5.8195,2.73,3.09,5.82,444,52.73,158,18.76,97,11.52,94,11.16
2800605,Barra dos Coqueiros,SE,2025,1722,26,50,76,4.4135,1.51,2.9,4.41,1026,59.58,336,19.51,156,9.06,128,7.43
2800670,Boquim,SE,2025,1046,22,29,51,4.8757,2.1,2.77,4.87,633,60.52,176,16.83,120,11.47,66,6.31
2800704,Brejo Grande,SE,2025,384,18,19,37,9.6354,4.69,4.95,9.64,207,53.91,62,16.15,40,10.42,38,9.9
2801009,Campo do Brito,SE,2025,1015,14,19,33,3.2512,1.38,1.87,3.25,633,62.36,205,20.2,87,8.57,57,5.62
2801108,Canhoba,SE,2025,273,2,6,8,2.9304,0.73,2.2,2.93,138,50.55,70,25.64,32,11.72,25,9.16
2801207,Canindé de São Francisco,SE,2025,2368,45,41,86,3.6318,1.9,1.73,3.63,1350,57.01,504,21.28,254,10.73,174,7.35
2801306,Capela,SE,2025,1973,65,76,141,7.1465,3.29,3.85,7.14,1106,56.06,339,17.18,195,9.88,192,9.73
2801405,Carira,SE,2025,1124,41,45,86,7.6512,3.65,4.0,7.65,653,58.1,185,16.46,124,11.03,76,6.76
2801504,Carmópolis,SE,2025,785,18,23,41,5.2229,2.29,2.93,5.22,463,58.98,140,17.83,82,10.45,59,7.52
2801603,Cedro de São João,SE,2025,270,10,9,19,7.037,3.7,3.33,7.03,148,54.81,56,20.74,24,8.89,23,8.52
2801702,Cristinápolis,SE,2025,873,37,36,73,8.362,4.24,4.12,8.36,459,52.58,139,15.92,86,9.85,116,13.29
2801900,Cumbe,SE,2025,201,3,2,5,2.4876,1.49,1.0,2.49,115,57.21,52,25.87,17,8.46,12,5.97
2802007,Divina Pastora,SE,2025,297,7,14,21,7.0707,2.36,4.71,7.07,175,58.92,65,21.89,21,7.07,15,5.05
2802106,Estância,SE,2025,2858,65,86,151,5.2834,2.27,3.01,5.28,1559,54.55,470,16.45,228,7.98,450,15.75
2802205,Feira Nova,SE,2025,364,9,9,18,4.9451,2.47,2.47,4.94,202,55.49,78,21.43,37,10.16,29,7.97
2802304,Frei Paulo,SE,2025,831,5,65,70,8.4236,0.6,7.82,8.42,456,54.87,183,22.02,80,9.63,42,5.05
2802403,Gararu,SE,2025,686,17,19,36,5.2478,2.48,2.77,5.25,414,60.35,133,19.39,56,8.16,47,6.85
2802502,General Maynard,SE,2025,173,12,6,18,10.4046,6.94,3.47,10.41,88,50.87,32,18.5,20,11.56,15,8.67
2802601,Graccho Cardoso,SE,2025,352,13,8,21,5.9659,3.69,2.27,5.96,160,45.45,73,20.74,44,12.5,54,15.34
2802700,Ilha das Flores,SE,2025,610,10,14,24,3.9344,1.64,2.3,3.94,317,51.97,115,18.85,65,10.66,89,14.59
2802809,Indiaroba,SE,2025,1054,23,44,67,6.3567,2.18,4.17,6.35,649,61.57,187,17.74,88,8.35,63,5.98
2802908,Itabaiana,SE,2025,3795,116,130,246,6.4822,3.06,3.43,6.49,2045,53.89,779,20.53,390,10.28,335,8.83
2803005,Itabaianinha,SE,2025,2271,30,52,82,3.6107,1.32,2.29,3.61,1296,57.07,487,21.44,238,10.48,168,7.4
2803104,Itabi,SE,2025,249,5,2,7,2.8112,2.01,0.8,2.81,133,53.41,69,27.71,26,10.44,14,5.62
2803203,Itaporanga d'Ajuda,SE,2025,2089,65,66,131,6.2709,3.11,3.16,6.27,1132,54.19,408,19.53,226,10.82,192,9.19
2803302,Japaratuba,SE,2025,808,30,24,54,6.6832,3.71,2.97,6.68,443,54.83,151,18.69,77,9.53,83,10.27
2803401,Japoatã,SE,2025,970,27,31,58,5.9794,2.78,3.2,5.98,529,54.54,180,18.56,103,10.62,100,10.31
2803500,Lagarto,SE,2025,4837,146,185,331,6.8431,3.02,3.82,6.84,2872,59.38,856,17.7,416,8.6,362,7.48
2803609,Laranjeiras,SE,2025,1468,60,50,110,7.4932,4.09,3.41,7.5,777,52.93,260,17.71,162,11.04,159,10.83
2803708,Macambira,SE,2025,395,13,7,20,5.0633,3.29,1.77,5.06,233,58.99,76,19.24,38,9.62,28,7.09
2803807,Malhada dos Bois,SE,2025,273,5,15,20,7.326,1.83,5.49,7.32,154,56.41,57,20.88,23,8.42,19,6.96
2803906,Malhador,SE,2025,764,11,18,29,3.7958,1.44,2.36,3.8,417,54.58,158,20.68,87,11.39,73,9.55
2804003,Maruim,SE,2025,889,22,34,56,6.2992,2.47,3.82,6.29,480,53.99,165,18.56,91,10.24,97,10.91
2804102,Moita Bonita,SE,2025,628,4,6,10,1.5924,0.64,0.96,1.6,348,55.41,143,22.77,73,11.62,54,8.6
2804201,Monte Alegre de Sergipe,SE,2025,991,30,28,58,5.8527,3.03,2.83,5.86,530,53.48,191,19.27,114,11.5,98,9.89
2804300,Muribeca,SE,2025,378,16,17,33,8.7302,4.23,4.5,8.73,190,50.26,69,18.25,40,10.58,46,12.17
2804409,Neópolis,SE,2025,759,19,22,41,5.4018,2.5,2.9,5.4,442,58.23,130,17.13,67,8.83,79,10.41
2804458,Nossa Senhora Aparecida,SE,2025,493,22,26,48,9.7363,4.46,5.27,9.73,263,53.35,84,17.04,67,13.59,31,6.29
2804508,Nossa Senhora da Glória,SE,2025,2649,33,55,88,3.322,1.25,2.08,3.33,1534,57.91,595,22.46,287,10.83,145,5.47
2804607,Nossa Senhora das Dores,SE,2025,1101,31,34,65,5.9037,2.82,3.09,5.91,602,54.68,236,21.44,114,10.35,84,7.63
2804706,Nossa Senhora de Lourdes,SE,2025,439,3,13,16,3.6446,0.68,2.96,3.64,273,62.19,79,18.0,35,7.97,36,8.2
2804805,Nossa Senhora do Socorro,SE,2025,9587,208,193,401,4.1827,2.17,2.01,4.18,5529,57.67,1970,20.55,710,7.41,977,10.19
2804904,Pacatuba,SE,2025,927,26,22,48,5.178,2.8,2.37,5.17,458,49.41,190,20.5,120,12.94,111,11.97
2805000,Pedra Mole,SE,2025,210,2,8,10,4.7619,0.95,3.81,4.76,139,66.19,44,20.95,11,5.24,6,2.86
2805109,Pedrinhas,SE,2025,497,9,19,28,5.6338,1.81,3.82,5.63,285,57.34,89,17.91,38,7.65,57,11.47
2805208,Pinhão,SE,2025,324,12,9,21,6.4815,3.7,2.78,6.48,192,59.26,65,20.06,29,8.95,17,5.25
2805307,Pirambu,SE,2025,452,17,24,41,9.0708,3.76,5.31,9.07,248,54.87,79,17.48,41,9.07,43,9.51
2805406,Poço Redondo,SE,2025,2074,68,50,118,5.6895,3.28,2.41,5.69,1121,54.05,406,19.58,229,11.04,200,9.64
2805505,Poço Verde,SE,2025,1094,20,29,49,4.479,1.83,2.65,4.48,708,64.72,195,17.82,98,8.96,44,4.02
2805604,Porto da Folha,SE,2025,1842,71,64,135,7.329,3.85,3.47,7.32,968,52.55,361,19.6,200,10.86,178,9.66
2805703,Propriá,SE,2025,1476,40,41,81,5.4878,2.71,2.78,5.49,892,60.43,268,18.16,123,8.33,112,7.59
2805802,Riachão do Dantas,SE,2025,943,39,36,75,7.9533,4.14,3.82,7.96,483,51.22,158,16.76,104,11.03,123,13.04
2805901,Riachuelo,SE,2025,491,17,20,37,7.5356,3.46,4.07,7.53,278,56.62,73,14.87,43,8.76,60,12.22
2806008,Ribeirópolis,SE,2025,812,12,21,33,4.064,1.48,2.59,4.07,466,57.39,160,19.7,85,10.47,68,8.37
2806107,Rosário do Catete,SE,2025,601,17,24,41,6.822,2.83,3.99,6.82,326,54.24,111,18.47,69,11.48,54,8.99
2806206,Salgado,SE,2025,818,19,31,50,6.1125,2.32,3.79,6.11,455,55.62,152,18.58,81,9.9,80,9.78
2806305,Santa Luzia do Itanhy,SE,2025,873,12,17,29,3.3219,1.37,1.95,3.32,550,63.0,161,18.44,78,8.93,55,6.3
2806404,Santana do São Francisco,SE,2025,559,10,10,20,3.5778,1.79,1.79,3.58,321,57.42,124,22.18,63,11.27,31,5.55
2806503,Santa Rosa de Lima,SE,2025,207,18,6,24,11.5942,8.7,2.9,11.6,106,51.21,39,18.84,23,11.11,15,7.25
2806602,Santo Amaro das Brotas,SE,2025,745,39,36,75,10.0671,5.23,4.83,10.06,392,52.62,135,18.12,73,9.8,70,9.4
2806701,São Cristóvão,SE,2025,4113,103,155,258,6.2728,2.5,3.77,6.27,2556,62.14,730,17.75,324,7.88,245,5.96
2806800,São Domingos,SE,2025,609,8,10,18,2.9557,1.31,1.64,2.95,369,60.59,134,22.0,52,8.54,36,5.91
2806909,São Francisco,SE,2025,193,2,4,6,3.1088,1.04,2.07,3.11,112,58.03,45,23.32,18,9.33,12,6.22
2807006,São Miguel do Aleixo,SE,2025,189,4,4,8,4.2328,2.12,2.12,4.24,113,59.79,31,16.4,22,11.64,15,7.94
2807105,Simão Dias,SE,2025,2605,35,70,105,4.0307,1.34,2.69,4.03,1624,62.34,486,18.66,245,9.4,145,5.57
2807204,Siriri,SE,2025,412,17,14,31,7.5243,4.13,3.4,7.53,219,53.16,82,19.9,40,9.71,40,9.71
2807303,Telha,SE,2025,180,5,3,8,4.4444,2.78,1.67,4.45,90,50.0,44,24.44,20,11.11,18,10.0
2807402,Tobias Barreto,SE,2025,2642,23,47,70,2.6495,0.87,1.78,2.65,1654,62.6,531,20.1,255,9.65,132,5.0
2807501,Tomar do Geru,SE,2025,754,18,18,36,4.7745,2.39,2.39,4.78,435,57.69,167,22.15,73,9.68,43,5.7
2807600,Umbaúba,SE,2025,1650,25,26,51,3.0909,1.52,1.58,3.1,738,44.73,317,19.21,230,13.94,314,19.03
2900108,Abaíra,BA,2025,287,4,12,16,5.5749,1.39,4.18,5.57,188,65.51,49,17.07,18,6.27,16,5.57
2900207,Abaré,BA,2025,1305,31,42,73,5.5939,2.38,3.22,5.6,805,61.69,225,17.24,114,8.74,88,6.74
2900306,Acajutiba,BA,2025,791,10,21,31,3.9191,1.26,2.65,3.91,463,58.53,130,16.43,102,12.9,65,8.22
2900355,Adustina,BA,2025,822,18,23,41,4.9878,2.19,2.8,4.99,516,62.77,156,18.98,76,9.25,33,4.01
2900405,Água Fria,BA,2025,705,21,18,39,5.5319,2.98,2.55,5.53,439,62.27,129,18.3,66,9.36,32,4.54
2900504,Érico Cardoso,BA,2025,569,11,19,30,5.2724,1.93,3.34,5.27,356,62.57,84,14.76,59,10.37,40,7.03
2900603,Aiquara,BA,2025,193,4,9,13,6.7358,2.07,4.66,6.73,129,66.84,30,15.54,5,2.59,16,8.29
2900702,Alagoinhas,BA,2025,5999,140,202,342,5.701,2.33,3.37,5.7,3764,62.74,1015,16.92,476,7.93,402,6.7
2900801,Alcobaça,BA,2025,1352,63,37,100,7.3964,4.66,2.74,7.4,828,61.24,203,15.01,127,9.39,94,6.95
2900900,Almadina,BA,2025,269,7,11,18,6.6914,2.6,4.09,6.69,167,62.08,50,18.59,24,8.92,10,3.72
2901007,Amargosa,BA,2025,1673,31,52,83,4.9611,1.85,3.11,4.96,1027,61.39,310,18.53,147,8.79,106,6.34
2901106,Amélia Rodrigues,BA,2025,795,19,27,46,5.7862,2.39,3.4,5.79,471,59.25,139,17.48,66,8.3,73,9.18
2901155,América Dourada,BA,2025,994,23,18,41,4.1247,2.31,1.81,4.12,672,67.61,180,18.11,54,5.43,47,4.73
2901205,Anagé,BA,2025,925,24,32,56,6.0541,2.59,3.46,6.05,568,61.41,153,16.54,87,9.41,61,6.59
2901304,Andaraí,BA,2025,583,23,17,40,6.8611,3.95,2.92,6.87,349,59.86,107,18.35,43,7.38,44,7.55
2901353,Andorinha,BA,2025,604,22,31,53,8.7748,3.64,5.13,8.77,364,60.26,104,17.22,46,7.62,37,6.13
2901403,Angical,BA,2025,851,16,20,36,4.2303,1.88,2.35,4.23,518,60.87,166,19.51,86,10.11,45,5.29
2901502,Anguera,BA,2025,490,25,18,43,8.7755,5.1,3.67,8.77,283,57.76,82,16.73,49,10.0,33,6.73
2901601,Antas,BA,2025,581,6,16,22,3.7866,1.03,2.75,3.78,398,68.5,78,13.43,39,6.71,44,7.57
2901700,Antônio Cardoso,BA,2025,711,20,31,51,7.173,2.81,4.36,7.17,481,67.65,82,11.53,57,8.02,40,5.63
2901809,Antônio Gonçalves,BA,2025,555,24,16,40,7.2072,4.32,2.88,7.2,300,54.05,108,19.46,54,9.73,53,9.55
2901908,Aporá,BA,2025,843,28,40,68,8.0664,3.32,4.74,8.06,485,57.53,122,14.47,76,9.02,92,10.91
2901957,Apuarema,BA,2025,412,9,11,20,4.8544,2.18,2.67,4.85,274,66.5,68,16.5,33,8.01,17,4.13
2902005,Aracatu,BA,2025,785,4,12,16,2.0382,0.51,1.53,2.04,564,71.85,138,17.58,41,5.22,26,3.31
2902054,Araçás,BA,2025,631,15,9,24,3.8035,2.38,1.43,3.81,298,47.23,101,16.01,106,16.8,102,16.16
2902104,Araci,BA,2025,2608,76,70,146,5.5982,2.91,2.68,5.59,1564,59.97,469,17.98,215,8.24,214,8.21
2902203,Aramari,BA,2025,468,15,14,29,6.1966,3.21,2.99,6.2,294,62.82,62,13.25,56,11.97,27,5.77
2902252,Arataca,BA,2025,404,40,29,69,17.0792,9.9,7.18,17.08,255,63.12,39,9.65,22,5.45,19,4.7
2902302,Aratuípe,BA,2025,497,9,9,18,3.6217,1.81,1.81,3.62,288,57.95,103,20.72,56,11.27,32,6.44
2902401,Aurelino Leal,BA,2025,686,2,12,14,2.0408,0.29,1.75,2.04,443,64.58,136,19.83,44,6.41,49,7.14
2902500,Baianópolis,BA,2025,746,19,26,45,6.0322,2.55,3.49,6.04,480,64.34,121,16.22,65,8.71,35,4.69
2902609,Baixa Grande,BA,2025,834,45,47,92,11.0312,5.4,5.64,11.04,503,60.31,133,15.95,49,5.88,57,6.83
2902658,Banzaê,BA,2025,566,3,2,5,0.8834,0.53,0.35,0.88,402,71.02,103,18.2,42,7.42,14,2.47
2902708,Barra,BA,2025,3522,100,153,253,7.1834,2.84,4.34,7.18,2357,66.92,522,14.82,217,6.16,173,4.91
2902807,Barra da Estiva,BA,2025,1632,21,36,57,3.4926,1.29,2.21,3.5,1082,66.3,317,19.42,117,7.17,59,3.62
2902906,Barra do Choça,BA,2025,1832,29,56,85,4.6397,1.58,3.06,4.64,1122,61.24,322,17.58,162,8.84,141,7.7
2903003,Barra do Mendes,BA,2025,745,20,27,47,6.3087,2.68,3.62,6.3,464,62.28,117,15.7,64,8.59,53,7.11
2903102,Barra do Rocha,BA,2025,355,7,12,19,5.3521,1.97,3.38,5.35,249,70.14,61,17.18,19,5.35,7,1.97
2903201,Barreiras,BA,2025,7917,164,288,452,5.7092,2.07,3.64,5.71,4956,62.6,1439,18.18,659,8.32,411,5.19
2903235,Barro Alto,BA,2025,650,26,22,48,7.3846,4.0,3.38,7.38,453,69.69,89,13.69,36,5.54,24,3.69
2903276,Barrocas,BA,2025,1019,16,46,62,6.0844,1.57,4.51,6.08,648,63.59,182,17.86,77,7.56,50,4.91
2903300,Barro Preto,BA,2025,290,5,5,10,3.4483,1.72,1.72,3.44,176,60.69,50,17.24,27,9.31,27,9.31
2903409,Belmonte,BA,2025,1110,27,28,55,4.955,2.43,2.52,4.95,660,59.46,202,18.2,109,9.82,84,7.57
2903508,Belo Campo,BA,2025,1188,15,41,56,4.7138,1.26,3.45,4.71,837,70.45,175,14.73,65,5.47,55,4.63
2903607,Biritinga,BA,2025,701,18,33,51,7.2753,2.57,4.71,7.28,433,61.77,126,17.97,51,7.28,40,5.71
2903706,Boa Nova,BA,2025,679,12,20,32,4.7128,1.77,2.95,4.72,392,57.73,132,19.44,65,9.57,58,8.54
2903805,Boa Vista do Tupim,BA,2025,869,38,58,96,11.0472,4.37,6.67,11.04,485,55.81,97,11.16,90,10.36,101,11.62
2903904,Bom Jesus da Lapa,BA,2025,3890,146,189,335,8.6118,3.75,4.86,8.61,2435,62.6,624,16.04,271,6.97,225,5.78
2903953,Bom Jesus da Serra,BA,2025,494,16,17,33,6.6802,3.24,3.44,6.68,325,65.79,77,15.59,35,7.09,24,4.86
2904001,Boninal,BA,2025,749,41,49,90,12.016,5.47,6.54,12.01,477,63.68,110,14.69,43,5.74,29,3.87
2904050,Bonito,BA,2025,754,13,21,34,4.5093,1.72,2.79,4.51,475,63.0,147,19.5,60,7.96,38,5.04
2904100,Boquira,BA,2025,993,22,33,55,5.5388,2.22,3.32,5.54,663,66.77,158,15.91,70,7.05,47,4.73
2904209,Botuporã,BA,2025,564,8,23,31,5.4965,1.42,4.08,5.5,386,68.44,93,16.49,17,3.01,37,6.56
2904308,Brejões,BA,2025,641,10,18,28,4.3682,1.56,2.81,4.37,449,70.05,100,15.6,45,7.02,19,2.96
2904407,Brejolândia,BA,2025,425,11,18,29,6.8235,2.59,4.24,6.83,278,65.41,73,17.18,28,6.59,17,4.0
2904506,Brotas de Macaúbas,BA,2025,651,18,21,39,5.9908,2.76,3.23,5.99,425,65.28,105,16.13,51,7.83,31,4.76
2904605,Brumado,BA,2025,2462,47,96,143,5.8083,1.91,3.9,5.81,1693,68.77,394,16.0,141,5.73,91,3.7
2904704,Buerarema,BA,2025,759,20,28,48,6.3241,2.64,3.69,6.33,477,62.85,127,16.73,51,6.72,56,7.38
2904753,Buritirama,BA,2025,1497,34,66,100,6.68,2.27,4.41,6.68,963,64.33,240,16.03,114,7.62,80,5.34
2904803,Caatiba,BA,2025,259,5,8,13,5.0193,1.93,3.09,5.02,176,67.95,38,14.67,23,8.88,9,3.47
2904852,Cabaceiras do Paraguaçu,BA,2025,1142,37,32,69,6.042,3.24,2.8,6.04,681,59.63,215,18.83,107,9.37,70,6.13
2904902,Cachoeira,BA,2025,1115,47,46,93,8.3408,4.22,4.13,8.35,594,53.27,215,19.28,99,8.88,114,10.22
2905008,Caculé,BA,2025,1079,9,37,46,4.2632,0.83,3.43,4.26,767,71.08,181,16.77,61,5.65,24,2.22
2905107,Caém,BA,2025,554,22,20,42,7.5812,3.97,3.61,7.58,334,60.29,93,16.79,40,7.22,45,8.12
2905156,Caetanos,BA,2025,640,14,20,34,5.3125,2.19,3.13,5.32,428,66.88,107,16.72,44,6.88,27,4.22
2905206,Caetité,BA,2025,2231,67,94,161,7.2165,3.0,4.21,7.21,1563,70.06,321,14.39,117,5.24,69,3.09
2905305,Cafarnaum,BA,2025,1120,36,51,87,7.7679,3.21,4.55,7.76,750,66.96,163,14.55,71,6.34,49,4.38
2905404,Cairu,BA,2025,939,32,40,72,7.6677,3.41,4.26,7.67,574,61.13,138,14.7,77,8.2,78,8.31
2905503,Caldeirão Grande,BA,2025,774,30,26,56,7.2351,3.88,3.36,7.24,465,60.08,111,14.34,75,9.69,67,8.66
2905602,Camacan,BA,2025,922,44,59,103,11.1714,4.77,6.4,11.17,596,64.64,136,14.75,56,6.07,31,3.36
2905701,Camaçari,BA,2025,10915,193,310,503,4.6083,1.77,2.84,4.61,6763,61.96,2039,18.68,957,8.77,653,5.98
2905800,Camamu,BA,2025,1864,78,95,173,9.2811,4.18,5.1,9.28,1130,60.62,312,16.74,149,7.99,100,5.36
2905909,Campo Alegre de Lourdes,BA,2025,1896,49,86,135,7.1203,2.58,4.54,7.12,1213,63.98,315,16.61,132,6.96,101,5.33
2906006,Campo Formoso,BA,2025,4081,134,184,318,7.7922,3.28,4.51,7.79,2582,63.27,623,15.27,291,7.13,267,6.54
2906105,Canápolis,BA,2025,480,19,27,46,9.5833,3.96,5.63,9.59,311,64.79,63,13.13,30,6.25,30,6.25
2906204,Canarana,BA,2025,1548,48,64,112,7.2351,3.1,4.13,7.23,955,61.69,256,16.54,130,8.4,95,6.14
2906303,Canavieiras,BA,2025,1453,29,49,78,5.3682,2.0,3.37,5.37,919,63.25,259,17.83,113,7.78,84,5.78
2906402,Candeal,BA,2025,418,2,11,13,3.11,0.48,2.63,3.11,289,69.14,63,15.07,31,7.42,22,5.26
2906501,Candeias,BA,2025,3414,69,115,184,5.3896,2.02,3.37,5.39,2325,68.1,491,14.38,218,6.39,196,5.74
2906600,Candiba,BA,2025,555,11,20,31,5.5856,1.98,3.6,5.58,373,67.21,91,16.4,32,5.77,28,5.05
2906709,Cândido Sales,BA,2025,1413,27,44,71,5.0248,1.91,3.11,5.02,959,67.87,229,16.21,91,6.44,63,4.46
2906808,Cansanção,BA,2025,2258,35,71,106,4.6944,1.55,3.14,4.69,1463,64.79,393,17.4,180,7.97,116,5.14
2906824,Canudos,BA,2025,907,32,34,66,7.2767,3.53,3.75,7.28,546,60.2,153,16.87,81,8.93,61,6.73
2906857,Capela do Alto Alegre,BA,2025,438,6,7,13,2.968,1.37,1.6,2.97,297,67.81,71,16.21,29,6.62,28,6.39
2906873,Capim Grosso,BA,2025,1596,45,69,114,7.1429,2.82,4.32,7.14,1051,65.85,246,15.41,115,7.21,70,4.39
2906899,Caraíbas,BA,2025,432,9,21,30,6.9444,2.08,4.86,6.94,283,65.51,68,15.74,25,5.79,26,6.02
2906907,Caravelas,BA,2025,1068,34,34,68,6.367,3.18,3.18,6.36,699,65.45,167,15.64,79,7.4,55,5.15
2907004,Cardeal da Silva,BA,2025,606,14,19,33,5.4455,2.31,3.14,5.45,383,63.2,95,15.68,41,6.77,54,8.91
2907103,Carinhanha,BA,2025,1822,57,92,149,8.1778,3.13,5.05,8.18,1201,65.92,258,14.16,119,6.53,95,5.21
2907202,Casa Nova,BA,2025,4279,323,303,626,14.6296,7.55,7.08,14.63,2326,54.36,650,15.19,348,8.13,329,7.69
2907301,Castro Alves,BA,2025,1273,16,38,54,4.2419,1.26,2.99,4.25,837,65.75,213,16.73,103,8.09,66,5.18
2907400,Catolândia,BA,2025,203,7,6,13,6.4039,3.45,2.96,6.41,132,65.02,33,16.26,15,7.39,10,4.93
2907509,Catu,BA,2025,1492,55,75,130,8.7131,3.69,5.03,8.72,887,59.45,241,16.15,117,7.84,117,7.84
2907558,Caturama,BA,2025,341,8,6,14,4.1056,2.35,1.76,4.11,233,68.33,57,16.72,21,6.16,16,4.69
2907608,Central,BA,2025,828,33,28,61,7.3671,3.99,3.38,7.37,450,54.35,146,17.63,88,10.63,83,10.02
2907707,Chorrochó,BA,2025,692,20,26,46,6.6474,2.89,3.76,6.65,432,62.43,119,17.2,53,7.66,42,6.07
2907806,Cícero Dantas,BA,2025,1263,9,20,29,2.2961,0.71,1.58,2.29,835,66.11,243,19.24,83,6.57,73,5.78
2907905,Cipó,BA,2025,1009,33,27,60,5.9465,3.27,2.68,5.95,577,57.19,209,20.71,92,9.12,71,7.04
2908002,Coaraci,BA,2025,615,19,14,33,5.3659,3.09,2.28,5.37,387,62.93,110,17.89,52,8.46,33,5.37
2908101,Cocos,BA,2025,1056,30,43,73,6.9129,2.84,4.07,6.91,695,65.81,154,14.58,92,8.71,42,3.98
2908200,Conceição da Feira,BA,2025,957,26,22,48,5.0157,2.72,2.3,5.02,548,57.26,162,16.93,100,10.45,99,10.34
2908309,Conceição do Almeida,BA,2025,685,17,26,43,6.2774,2.48,3.8,6.28,450,65.69,97,14.16,54,7.88,41,5.99
2908408,Conceição do Coité,BA,2025,3533,96,100,196,5.5477,2.72,2.83,5.55,2171,61.45,620,17.55,324,9.17,222,6.28
2908507,Conceição do Jacuípe,BA,2025,1662,50,63,113,6.799,3.01,3.79,6.8,1001,60.23,286,17.21,151,9.09,111,6.68
2908606,Conde,BA,2025,1490,52,88,140,9.396,3.49,5.91,9.4,908,60.94,210,14.09,120,8.05,112,7.52
2908705,Condeúba,BA,2025,846,8,26,34,4.0189,0.95,3.07,4.02,608,71.87,144,17.02,41,4.85,19,2.25
2908804,Contendas do Sincorá,BA,2025,229,3,3,6,2.6201,1.31,1.31,2.62,173,75.55,30,13.1,12,5.24,8,3.49
2908903,Coração de Maria,BA,2025,897,45,34,79,8.8071,5.02,3.79,8.81,451,50.28,169,18.84,95,10.59,103,11.48
2909000,Cordeiros,BA,2025,437,4,12,16,3.6613,0.92,2.75,3.67,320,73.23,66,15.1,21,4.81,14,3.2
2909109,Coribe,BA,2025,745,17,36,53,7.1141,2.28,4.83,7.11,516,69.26,106,14.23,44,5.91,26,3.49
2909208,Coronel João Sá,BA,2025,950,14,32,46,4.8421,1.47,3.37,4.84,593,62.42,169,17.79,86,9.05,56,5.89
2909307,Correntina,BA,2025,1937,98,93,191,9.8606,5.06,4.8,9.86,1222,63.09,292,15.07,123,6.35,109,5.63
2909406,Cotegipe,BA,2025,703,22,26,48,6.8279,3.13,3.7,6.83,437,62.16,114,16.22,53,7.54,51,7.25
2909505,Cravolândia,BA,2025,238,6,5,11,4.6218,2.52,2.1,4.62,140,58.82,37,15.55,29,12.18,21,8.82
2909604,Crisópolis,BA,2025,1102,29,36,65,5.8984,2.63,3.27,5.9,632,57.35,216,19.6,111,10.07,78,7.08
2909703,Cristópolis,BA,2025,687,15,21,36,5.2402,2.18,3.06,5.24,452,65.79,123,17.9,44,6.4,32,4.66
2909802,Cruz das Almas,BA,2025,2440,57,69,126,5.1639,2.34,2.83,5.17,1449,59.39,441,18.07,228,9.34,196,8.03
2909901,Curaçá,BA,2025,1915,63,52,115,6.0052,3.29,2.72,6.01,1112,58.07,354,18.49,190,9.92,144,7.52
2910008,Dário Meira,BA,2025,591,17,13,30,5.0761,2.88,2.2,5.08,389,65.82,92,15.57,42,7.11,38,6.43
2910057,Dias d'Ávila,BA,2025,3090,87,120,207,6.699,2.82,3.88,6.7,1888,61.1,524,16.96,257,8.32,214,6.93
2910107,Dom Basílio,BA,2025,642,7,10,17,2.648,1.09,1.56,2.65,447,69.63,111,17.29,47,7.32,20,3.12
2910206,Dom Macedo Costa,BA,2025,184,9,20,29,15.7609,4.89,10.87,15.76,115,62.5,23,12.5,11,5.98,6,3.26
2910305,Elísio Medrado,BA,2025,306,24,26,50,16.3399,7.84,8.5,16.34,185,60.46,30,9.8,24,7.84,17,5.56
2910404,Encruzilhada,BA,2025,955,16,20,36,3.7696,1.68,2.09,3.77,591,61.88,182,19.06,77,8.06,69,7.23
2910503,Entre Rios,BA,2025,2162,52,71,123,5.6892,2.41,3.28,5.69,1219,56.38,431,19.94,219,10.13,170,7.86
2910602,Esplanada,BA,2025,1658,19,35,54,3.2569,1.15,2.11,3.26,974,58.75,304,18.34,183,11.04,143,8.62
2910701,Euclides da Cunha,BA,2025,3090,134,115,249,8.0583,4.34,3.72,8.06,1786,57.8,539,17.44,274,8.87,242,7.83
2910727,Eunápolis,BA,2025,4644,136,190,326,7.0198,2.93,4.09,7.02,3101,66.77,678,14.6,318,6.85,221,4.76
2910750,Fátima,BA,2025,933,5,35,40,4.2872,0.54,3.75,4.29,651,69.77,154,16.51,65,6.97,23,2.47
2910776,Feira da Mata,BA,2025,305,8,10,18,5.9016,2.62,3.28,5.9,204,66.89,48,15.74,21,6.89,14,4.59
2910800,Feira de Santana,BA,2025,20726,871,850,1721,8.3036,4.2,4.1,8.3,11156,53.83,3653,17.63,2041,9.85,2155,10.4
2910859,Filadélfia,BA,2025,1008,23,32,55,5.4563,2.28,3.17,5.45,620,61.51,159,15.77,94,9.33,80,7.94
2910909,Firmino Alves,BA,2025,254,3,10,13,5.1181,1.18,3.94,5.12,146,57.48,46,18.11,26,10.24,23,9.06
2911006,Floresta Azul,BA,2025,375,9,9,18,4.8,2.4,2.4,4.8,233,62.13,67,17.87,36,9.6,21,5.6
2911105,Formosa do Rio Preto,BA,2025,1489,49,64,113,7.589,3.29,4.3,7.59,992,66.62,217,14.57,94,6.31,73,4.9
2911204,Gandu,BA,2025,1407,26,49,75,5.3305,1.85,3.48,5.33,927,65.88,231,16.42,104,7.39,70,4.98
2911253,Gavião,BA,2025,226,12,4,16,7.0796,5.31,1.77,7.08,122,53.98,43,19.03,21,9.29,24,10.62
2911303,Gentio do Ouro,BA,2025,511,12,16,28,5.4795,2.35,3.13,5.48,373,72.99,64,12.52,30,5.87,16,3.13
2911402,Glória,BA,2025,851,64,32,96,11.2808,7.52,3.76,11.28,474,55.7,164,19.27,68,7.99,49,5.76
2911501,Gongogi,BA,2025,359,11,12,23,6.4067,3.06,3.34,6.4,213,59.33,65,18.11,36,10.03,22,6.13
2911600,Governador Mangabeira,BA,2025,991,19,22,41,4.1372,1.92,2.22,4.14,604,60.95,172,17.36,93,9.38,81,8.17
2911659,Guajeru,BA,2025,345,1,5,6,1.7391,0.29,1.45,1.74,243,70.43,71,20.58,17,4.93,8,2.32
2911709,Guanambi,BA,2025,3901,70,175,245,6.2804,1.79,4.49,6.28,2819,72.26,546,14.0,177,4.54,114,2.92
2911808,Guaratinga,BA,2025,688,10,20,30,4.3605,1.45,2.91,4.36,448,65.12,132,19.19,40,5.81,38,5.52
2911857,Heliópolis,BA,2025,592,9,19,28,4.7297,1.52,3.21,4.73,345,58.28,123,20.78,62,10.47,34,5.74
2911907,Iaçu,BA,2025,1193,20,46,66,5.5323,1.68,3.86,5.54,803,67.31,184,15.42,85,7.12,55,4.61
2912004,Ibiassucê,BA,2025,468,7,14,21,4.4872,1.5,2.99,4.49,327,69.87,92,19.66,19,4.06,9,1.92
2912103,Ibicaraí,BA,2025,920,23,21,44,4.7826,2.5,2.28,4.78,546,59.35,158,17.17,96,10.43,76,8.26
2912202,Ibicoara,BA,2025,1351,53,57,110,8.1421,3.92,4.22,8.14,820,60.7,233,17.25,97,7.18,91,6.74
2912301,Ibicuí,BA,2025,644,6,13,19,2.9503,0.93,2.02,2.95,398,61.8,136,21.12,58,9.01,33,5.12
2912400,Ibipeba,BA,2025,873,8,39,47,5.3837,0.92,4.47,5.39,621,71.13,116,13.29,56,6.41,33,3.78
2912509,Ibipitanga,BA,2025,674,18,19,37,5.4896,2.67,2.82,5.49,460,68.25,103,15.28,45,6.68,29,4.3
2912608,Ibiquera,BA,2025,231,16,15,31,13.4199,6.93,6.49,13.42,130,56.28,32,13.85,24,10.39,14,6.06
2912707,Ibirapitanga,BA,2025,1014,30,40,70,6.9034,2.96,3.94,6.9,623,61.44,161,15.88,87,8.58,73,7.2
2912806,Ibirapuã,BA,2025,533,16,18,34,6.379,3.0,3.38,6.38,320,60.04,107,20.08,40,7.5,32,6.0
2912905,Ibirataia,BA,2025,921,30,50,80,8.6862,3.26,5.43,8.69,588,63.84,130,14.12,74,8.03,49,5.32
2913002,Ibitiara,BA,2025,588,5,20,25,4.2517,0.85,3.4,4.25,373,63.44,99,16.84,57,9.69,34,5.78
2913101,Ibititá,BA,2025,1008,29,34,63,6.25,2.88,3.37,6.25,630,62.5,171,16.96,89,8.83,55,5.46
2913200,Ibotirama,BA,2025,1525,36,83,119,7.8033,2.36,5.44,7.8,995,65.25,247,16.2,84,5.51,80,5.25
2913309,Ichu,BA,2025,376,12,8,20,5.3191,3.19,2.13,5.32,251,66.76,58,15.43,24,6.38,23,6.12
2913408,Igaporã,BA,2025,750,9,27,36,4.8,1.2,3.6,4.8,544,72.53,100,13.33,37,4.93,33,4.4
2913457,Igrapiúna,BA,2025,653,16,29,45,6.8913,2.45,4.44,6.89,404,61.87,121,18.53,51,7.81,32,4.9
2913507,Iguaí,BA,2025,953,17,33,50,5.2466,1.78,3.46,5.24,601,63.06,166,17.42,77,8.08,59,6.19
2913606,Ilhéus,BA,2025,5491,152,248,400,7.2846,2.77,4.52,7.29,3533,64.34,855,15.57,410,7.47,293,5.34
2913705,Inhambupe,BA,2025,1740,36,49,85,4.8851,2.07,2.82,4.89,997,57.3,315,18.1,184,10.57,159,9.14
2913804,Ipecaetá,BA,2025,881,31,37,68,7.7185,3.52,4.2,7.72,498,56.53,154,17.48,83,9.42,78,8.85
2913903,Ipiaú,BA,2025,1718,63,67,130,7.5669,3.67,3.9,7.57,1020,59.37,275,16.01,144,8.38,149,8.67
2914000,Ipirá,BA,2025,2319,97,100,197,8.495,4.18,4.31,8.49,1315,56.71,401,17.29,219,9.44,187,8.06
2914109,Ipupiara,BA,2025,549,12,21,33,6.0109,2.19,3.83,6.02,401,73.04,69,12.57,32,5.83,14,2.55
2914208,Irajuba,BA,2025,317,6,11,17,5.3628,1.89,3.47,5.36,211,66.56,51,16.09,28,8.83,10,3.15
2914307,Iramaia,BA,2025,453,14,25,39,8.6093,3.09,5.52,8.61,291,64.24,61,13.47,36,7.95,26,5.74
2914406,Iraquara,BA,2025,1614,34,45,79,4.8947,2.11,2.79,4.9,1087,67.35,280,17.35,103,6.38,65,4.03
2914505,Irará,BA,2025,1427,24,44,68,4.7652,1.68,3.08,4.76,866,60.69,277,19.41,127,8.9,89,6.24
2914604,Irecê,BA,2025,3448,52,107,159,4.6114,1.51,3.1,4.61,2171,62.96,628,18.21,288,8.35,202,5.86
2914653,Itabela,BA,2025,2063,69,70,139,6.7378,3.34,3.39,6.73,1250,60.59,389,18.86,177,8.58,108,5.24
2914703,Itaberaba,BA,2025,3083,154,141,295,9.5686,5.0,4.57,9.57,1861,60.36,480,15.57,232,7.53,215,6.97
2914802,Itabuna,BA,2025,5100,166,198,364,7.1373,3.25,3.88,7.13,3080,60.39,819,16.06,425,8.33,412,8.08
2914901,Itacaré,BA,2025,1639,37,53,90,5.4912,2.26,3.23,5.49,1029,62.78,293,17.88,132,8.05,95,5.8
2915007,Itaeté,BA,2025,888,26,46,72,8.1081,2.93,5.18,8.11,580,65.32,133,14.98,58,6.53,45,5.07
2915106,Itagi,BA,2025,654,12,16,28,4.2813,1.83,2.45,4.28,415,63.46,124,18.96,50,7.65,37,5.66
2915205,Itagibá,BA,2025,719,8,23,31,4.3115,1.11,3.2,4.31,456,63.42,120,16.69,56,7.79,56,7.79
2915304,Itagimirim,BA,2025,305,2,11,13,4.2623,0.66,3.61,4.27,205,67.21,46,15.08,21,6.89,20,6.56
2915353,Itaguaçu da Bahia,BA,2025,902,27,42,69,7.6497,2.99,4.66,7.65,565,62.64,146,16.19,66,7.32,56,6.21
2915403,Itaju do Colônia,BA,2025,266,2,8,10,3.7594,0.75,3.01,3.76,134,50.38,57,21.43,41,15.41,24,9.02
2915502,Itajuípe,BA,2025,876,22,17,39,4.4521,2.51,1.94,4.45,500,57.08,202,23.06,84,9.59,51,5.82
2915601,Itamaraju,BA,2025,2768,79,90,169,6.1055,2.85,3.25,6.1,1753,63.33,498,17.99,188,6.79,160,5.78
2915700,Itamari,BA,2025,300,5,14,19,6.3333,1.67,4.67,6.34,191,63.67,50,16.67,20,6.67,20,6.67
2915809,Itambé,BA,2025,1133,32,43,75,6.6196,2.82,3.8,6.62,703,62.05,185,16.33,84,7.41,86,7.59
2915908,Itanagra,BA,2025,487,11,21,32,6.5708,2.26,4.31,6.57,304,62.42,83,17.04,37,7.6,31,6.37
2916005,Itanhém,BA,2025,580,16,19,35,6.0345,2.76,3.28,6.04,388,66.9,86,14.83,38,6.55,33,5.69
2916104,Itaparica,BA,2025,937,61,43,104,11.0993,6.51,4.59,11.1,508,54.22,157,16.76,98,10.46,70,7.47
2916203,Itapé,BA,2025,409,13,15,28,6.846,3.18,3.67,6.85,227,55.5,83,20.29,39,9.54,32,7.82
2916302,Itapebi,BA,2025,474,11,14,25,5.2743,2.32,2.95,5.27,319,67.3,74,15.61,35,7.38,21,4.43
2916401,Itapetinga,BA,2025,2791,31,46,77,2.7589,1.11,1.65,2.76,1675,60.01,585,20.96,283,10.14,171,6.13
2916500,Itapicuru,BA,2025,1846,51,57,108,5.8505,2.76,3.09,5.85,1126,61.0,328,17.77,173,9.37,111,6.01
2916609,Itapitanga,BA,2025,247,3,15,18,7.2874,1.21,6.07,7.28,154,62.35,41,16.6,18,7.29,16,6.48
2916708,Itaquara,BA,2025,341,6,18,24,7.0381,1.76,5.28,7.04,246,72.14,36,10.56,20,5.87,15,4.4
2916807,Itarantim,BA,2025,709,16,15,31,4.3724,2.26,2.12,4.38,454,64.03,131,18.48,53,7.48,40,5.64
2916856,Itatim,BA,2025,1100,45,48,93,8.4545,4.09,4.36,8.45,695,63.18,188,17.09,74,6.73,50,4.55
2916906,Itiruçu,BA,2025,542,12,10,22,4.059,2.21,1.85,4.06,364,67.16,96,17.71,33,6.09,27,4.98
2917003,Itiúba,BA,2025,2002,49,60,109,5.4446,2.45,3.0,5.45,1277,63.79,328,16.38,132,6.59,156,7.79
2917102,Itororó,BA,2025,791,13,19,32,4.0455,1.64,2.4,4.04,483,61.06,136,17.19,73,9.23,67,8.47
2917201,Ituaçu,BA,2025,1028,25,40,65,6.323,2.43,3.89,6.32,657,63.91,197,19.16,76,7.39,33,3.21
2917300,Ituberá,BA,2025,1211,35,35,70,5.7803,2.89,2.89,5.78,761,62.84,191,15.77,89,7.35,100,8.26
2917334,Iuiu,BA,2025,609,18,17,35,5.7471,2.96,2.79,5.75,382,62.73,120,19.7,54,8.87,18,2.96
2917359,Jaborandi,BA,2025,654,12,13,25,3.8226,1.83,1.99,3.82,454,69.42,105,16.06,34,5.2,36,5.5
2917409,Jacaraci,BA,2025,618,17,29,46,7.4434,2.75,4.69,7.44,433,70.06,90,14.56,32,5.18,17,2.75
2917508,Jacobina,BA,2025,4023,177,172,349,8.6751,4.4,4.28,8.68,2498,62.09,639,15.88,294,7.31,243,6.04
2917607,Jaguaquara,BA,2025,2015,31,65,96,4.7643,1.54,3.23,4.77,1334,66.2,353,17.52,136,6.75,96,4.76
2917706,Jaguarari,BA,2025,1394,47,51,98,7.0301,3.37,3.66,7.03,805,57.75,233,16.71,129,9.25,129,9.25
2917805,Jaguaripe,BA,2025,940,15,47,62,6.5957,1.6,5.0,6.6,593,63.09,156,16.6,77,8.19,52,5.53
2917904,Jandaíra,BA,2025,647,22,23,45,6.9552,3.4,3.55,6.95,362,55.95,108,16.69,77,11.9,55,8.5
2918001,Jequié,BA,2025,6222,142,193,335,5.3841,2.28,3.1,5.38,4075,65.49,1031,16.57,421,6.77,360,5.79
2918100,Jeremoabo,BA,2025,2006,31,55,86,4.2871,1.55,2.74,4.29,1203,59.97,407,20.29,180,8.97,130,6.48
2918209,Jiquiriçá,BA,2025,709,18,20,38,5.3597,2.54,2.82,5.36,443,62.48,114,16.08,56,7.9,58,8.18
2918308,Jitaúna,BA,2025,829,24,32,56,6.7551,2.9,3.86,6.76,553,66.71,133,16.04,51,6.15,36,4.34
2918357,João Dourado,BA,2025,1470,53,51,104,7.0748,3.61,3.47,7.08,878,59.73,269,18.3,122,8.3,97,6.6
2918407,Juazeiro,BA,2025,13080,399,586,985,7.5306,3.05,4.48,7.53,8349,63.83,2110,16.13,895,6.84,741,5.67
2918456,Jucuruçu,BA,2025,537,13,20,33,6.1453,2.42,3.72,6.14,336,62.57,99,18.44,38,7.08,31,5.77
2918506,Jussara,BA,2025,946,22,39,61,6.4482,2.33,4.12,6.45,611,64.59,161,17.02,61,6.45,52,5.5
2918555,Jussari,BA,2025,228,3,6,9,3.9474,1.32,2.63,3.95,150,65.79,34,14.91,21,9.21,14,6.14
2918605,Jussiape,BA,2025,270,2,16,18,6.6667,0.74,5.93,6.67,179,66.3,45,16.67,13,4.81,15,5.56
2918704,Lafaiete Coutinho,BA,2025,193,2,6,8,4.1451,1.04,3.11,4.15,120,62.18,44,22.8,17,8.81,4,2.07
2918753,Lagoa Real,BA,2025,667,17,22,39,5.8471,2.55,3.3,5.85,471,70.61,103,15.44,30,4.5,24,3.6
2918803,Laje,BA,2025,1147,38,52,90,7.8466,3.31,4.53,7.84,685,59.72,176,15.34,84,7.32,112,9.76
2918902,Lajedão,BA,2025,235,10,6,16,6.8085,4.26,2.55,6.81,124,52.77,43,18.3,31,13.19,21,8.94
2919009,Lajedinho,BA,2025,213,8,7,15,7.0423,3.76,3.29,7.05,124,58.22,35,16.43,22,10.33,17,7.98
2919058,Lajedo do Tabocal,BA,2025,314,3,7,10,3.1847,0.96,2.23,3.19,227,72.29,49,15.61,19,6.05,9,2.87
2919108,Lamarão,BA,2025,510,27,32,59,11.5686,5.29,6.27,11.56,280,54.9,84,16.47,48,9.41,39,7.65
2919157,Lapão,BA,2025,1752,35,53,88,5.0228,2.0,3.03,5.03,1132,64.61,322,18.38,117,6.68,93,5.31
2919207,Lauro de Freitas,BA,2025,5959,217,246,463,7.7698,3.64,4.13,7.77,3586,60.18,1010,16.95,475,7.97,425,7.13
2919306,Lençóis,BA,2025,381,9,6,15,3.937,2.36,1.57,3.93,243,63.78,72,18.9,29,7.61,22,5.77
2919405,Licínio de Almeida,BA,2025,608,4,13,17,2.7961,0.66,2.14,2.8,447,73.52,99,16.28,30,4.93,15,2.47
2919504,Livramento de Nossa Senhora,BA,2025,1965,47,70,117,5.9542,2.39,3.56,5.95,1350,68.7,309,15.73,121,6.16,68,3.46
2919553,Luís Eduardo Magalhães,BA,2025,7180,125,240,365,5.0836,1.74,3.34,5.08,4795,66.78,1249,17.4,464,6.46,307,4.28
2919603,Macajuba,BA,2025,597,16,20,36,6.0302,2.68,3.35,6.03,402,67.34,89,14.91,37,6.2,33,5.53
2919702,Macarani,BA,2025,661,16,22,38,5.7489,2.42,3.33,5.75,438,66.26,111,16.79,40,6.05,34,5.14
2919801,Macaúbas,BA,2025,2135,30,88,118,5.5269,1.41,4.12,5.53,1538,72.04,324,15.18,106,4.96,49,2.3
2919900,Macururé,BA,2025,491,18,20,38,7.7393,3.67,4.07,7.74,317,64.56,68,13.85,32,6.52,36,7.33
2919926,Madre de Deus,BA,2025,495,18,11,29,5.8586,3.64,2.22,5.86,227,45.86,109,22.02,55,11.11,75,15.15
2919959,Maetinga,BA,2025,378,13,14,27,7.1429,3.44,3.7,7.14,272,71.96,50,13.23,20,5.29,9,2.38
2920007,Maiquinique,BA,2025,404,4,12,16,3.9604,0.99,2.97,3.96,259,64.11,71,17.57,33,8.17,25,6.19
2920106,Mairi,BA,2025,817,30,28,58,7.0991,3.67,3.43,7.1,507,62.06,138,16.89,66,8.08,48,5.88
2920205,Malhada,BA,2025,1093,19,38,57,5.215,1.74,3.48,5.22,763,69.81,153,14.0,68,6.22,52,4.76
2920304,Malhada de Pedras,BA,2025,418,5,20,25,5.9809,1.2,4.78,5.98,306,73.21,61,14.59,16,3.83,10,2.39
2920403,Manoel Vitorino,BA,2025,729,32,21,53,7.2702,4.39,2.88,7.27,394,54.05,131,17.97,69,9.47,82,11.25
2920452,Mansidão,BA,2025,662,35,23,58,8.7613,5.29,3.47,8.76,413,62.39,94,14.2,49,7.4,48,7.25
2920502,Maracás,BA,2025,1162,19,29,48,4.1308,1.64,2.5,4.14,789,67.9,175,15.06,77,6.63,73,6.28
2920601,Maragogipe,BA,2025,1799,87,82,169,9.3941,4.84,4.56,9.4,953,52.97,282,15.68,189,10.51,206,11.45
2920700,Maraú,BA,2025,1376,61,56,117,8.5029,4.43,4.07,8.5,841,61.12,210,15.26,107,7.78,101,7.34
2920809,Marcionílio Souza,BA,2025,592,12,13,25,4.223,2.03,2.2,4.23,394,66.55,96,16.22,32,5.41,45,7.6
2920908,Mascote,BA,2025,429,8,10,18,4.1958,1.86,2.33,4.19,294,68.53,70,16.32,26,6.06,21,4.9
2921005,Mata de São João,BA,2025,2877,69,81,150,5.2138,2.4,2.82,5.22,1719,59.75,517,17.97,269,9.35,222,7.72
2921054,Matina,BA,2025,531,4,15,19,3.5782,0.75,2.82,3.57,404,76.08,69,12.99,23,4.33,16,3.01
2921104,Medeiros Neto,BA,2025,1093,20,31,51,4.6661,1.83,2.84,4.67,693,63.4,190,17.38,96,8.78,63,5.76
2921203,Miguel Calmon,BA,2025,1223,23,33,56,4.5789,1.88,2.7,4.58,808,66.07,210,17.17,90,7.36,59,4.82
2921302,Milagres,BA,2025,532,8,26,34,6.391,1.5,4.89,6.39,325,61.09,88,16.54,48,9.02,37,6.95
2921401,Mirangaba,BA,2025,814,22,38,60,7.371,2.7,4.67,7.37,530,65.11,123,15.11,64,7.86,37,4.55
2921450,Mirante,BA,2025,512,7,13,20,3.9062,1.37,2.54,3.91,356,69.53,87,16.99,33,6.45,16,3.13
2921500,Monte Santo,BA,2025,2568,73,91,164,6.3863,2.84,3.54,6.38,1494,58.18,474,18.46,226,8.8,210,8.18
2921609,Morpará,BA,2025,483,15,17,32,6.6253,3.11,3.52,6.63,320,66.25,70,14.49,37,7.66,24,4.97
2921708,Morro do Chapéu,BA,2025,1622,31,60,91,5.6104,1.91,3.7,5.61,1083,66.77,277,17.08,103,6.35,68,4.19
2921807,Mortugaba,BA,2025,544,6,25,31,5.6985,1.1,4.6,5.7,395,72.61,80,14.71,21,3.86,17,3.13
2921906,Mucugê,BA,2025,712,20,25,45,6.3202,2.81,3.51,6.32,446,62.64,138,19.38,50,7.02,33,4.63
2922003,Mucuri,BA,2025,1964,37,58,95,4.8371,1.88,2.95,4.83,1258,64.05,349,17.77,153,7.79,109,5.55
2922052,Mulungu do Morro,BA,2025,881,25,21,46,5.2213,2.84,2.38,5.22,581,65.95,155,17.59,58,6.58,41,4.65
2922102,Mundo Novo,BA,2025,760,29,31,60,7.8947,3.82,4.08,7.9,474,62.37,117,15.39,52,6.84,57,7.5
2922201,Muniz Ferreira,BA,2025,298,7,8,15,5.0336,2.35,2.68,5.03,174,58.39,49,16.44,30,10.07,30,10.07
2922250,Muquém do São Francisco,BA,2025,613,22,27,49,7.9935,3.59,4.4,7.99,365,59.54,95,15.5,59,9.62,45,7.34
2922300,Muritiba,BA,2025,1609,28,30,58,3.6047,1.74,1.86,3.6,1008,62.65,296,18.4,136,8.45,111,6.9
2922409,Mutuípe,BA,2025,951,16,33,49,5.1525,1.68,3.47,5.15,578,60.78,191,20.08,80,8.41,53,5.57
2922508,Nazaré,BA,2025,1076,62,38,100,9.2937,5.76,3.53,9.29,630,58.55,164,15.24,96,8.92,86,7.99
2922607,Nilo Peçanha,BA,2025,748,30,26,56,7.4866,4.01,3.48,7.49,413,55.21,146,19.52,86,11.5,47,6.28
2922656,Nordestina,BA,2025,743,10,31,41,5.5182,1.35,4.17,5.52,478,64.33,127,17.09,55,7.4,42,5.65
2922706,Nova Canaã,BA,2025,631,6,13,19,3.0111,0.95,2.06,3.01,391,61.97,131,20.76,60,9.51,30,4.75
2922730,Nova Fátima,BA,2025,380,24,15,39,10.2632,6.32,3.95,10.27,240,63.16,62,16.32,23,6.05,16,4.21
2922755,Nova Ibiá,BA,2025,354,3,4,7,1.9774,0.85,1.13,1.98,220,62.15,66,18.64,35,9.89,26,7.34
2922805,Nova Itarana,BA,2025,378,5,22,27,7.1429,1.32,5.82,7.14,248,65.61,46,12.17,29,7.67,28,7.41
2922854,Nova Redenção,BA,2025,376,16,25,41,10.9043,4.26,6.65,10.91,234,62.23,53,14.1,23,6.12,25,6.65
2922904,Nova Soure,BA,2025,1314,17,40,57,4.3379,1.29,3.04,4.33,789,60.05,268,20.4,126,9.59,74,5.63
2923001,Nova Viçosa,BA,2025,2116,94,109,203,9.5936,4.44,5.15,9.59,1259,59.5,352,16.64,165,7.8,137,6.47
2923035,Novo Horizonte,BA,2025,692,16,30,46,6.6474,2.31,4.34,6.65,465,67.2,115,16.62,41,5.92,25,3.61
2923050,Novo Triunfo,BA,2025,485,10,23,33,6.8041,2.06,4.74,6.8,311,64.12,74,15.26,37,7.63,30,6.19
2923100,Olindina,BA,2025,1069,38,43,81,7.5772,3.55,4.02,7.57,632,59.12,178,16.65,97,9.07,81,7.58
2923209,Oliveira dos Brejinhos,BA,2025,1186,43,45,88,7.4199,3.63,3.79,7.42,789,66.53,177,14.92,77,6.49,55,4.64
2923308,Ouriçangas,BA,2025,404,3,5,8,1.9802,0.74,1.24,1.98,249,61.63,80,19.8,46,11.39,21,5.2
2923357,Ourolândia,BA,2025,1172,36,42,78,6.6553,3.07,3.58,6.65,713,60.84,187,15.96,106,9.04,88,7.51
2923407,Palmas de Monte Alto,BA,2025,998,20,33,53,5.3106,2.0,3.31,5.31,665,66.63,162,16.23,80,8.02,38,3.81
2923506,Palmeiras,BA,2025,539,15,23,38,7.0501,2.78,4.27,7.05,351,65.12,83,15.4,42,7.79,25,4.64
2923605,Paramirim,BA,2025,844,24,32,56,6.6351,2.84,3.79,6.63,590,69.91,121,14.34,52,6.16,25,2.96
2923704,Paratinga,BA,2025,2005,57,93,150,7.4813,2.84,4.64,7.48,1307,65.19,319,15.91,127,6.33,102,5.09
2923803,Paripiranga,BA,2025,1315,22,40,62,4.7148,1.67,3.04,4.71,867,65.93,221,16.81,106,8.06,59,4.49
2923902,Pau Brasil,BA,2025,694,8,31,39,5.6196,1.15,4.47,5.62,421,60.66,131,18.88,62,8.93,41,5.91
2924009,Paulo Afonso,BA,2025,5170,93,158,251,4.8549,1.8,3.06,4.86,3245,62.77,973,18.82,449,8.68,252,4.87
2924058,Pé de Serra,BA,2025,828,13,23,36,4.3478,1.57,2.78,4.35,596,71.98,129,15.58,44,5.31,23,2.78
2924108,Pedrão,BA,2025,351,8,21,29,8.2621,2.28,5.98,8.26,206,58.69,54,15.38,32,9.12,30,8.55
2924207,Pedro Alexandre,BA,2025,944,15,31,46,4.8729,1.59,3.28,4.87,556,58.9,203,21.5,75,7.94,64,6.78
2924306,Piatã,BA,2025,988,17,40,57,5.7692,1.72,4.05,5.77,646,65.38,163,16.5,72,7.29,50,5.06
2924405,Pilão Arcado,BA,2025,1720,95,72,167,9.7093,5.52,4.19,9.71,931,54.13,254,14.77,176,10.23,192,11.16
2924504,Pindaí,BA,2025,751,17,19,36,4.7936,2.26,2.53,4.79,512,68.18,102,13.58,51,6.79,50,6.66
2924603,Pindobaçu,BA,2025,1175,33,45,78,6.6383,2.81,3.83,6.64,733,62.38,206,17.53,85,7.23,73,6.21
2924652,Pintadas,BA,2025,512,6,18,24,4.6875,1.17,3.52,4.69,350,68.36,89,17.38,33,6.45,16,3.13
2924678,Piraí do Norte,BA,2025,468,22,22,44,9.4017,4.7,4.7,9.4,285,60.9,70,14.96,35,7.48,34,7.26
2924702,Piripá,BA,2025,431,10,15,25,5.8005,2.32,3.48,5.8,296,68.68,69,16.01,24,5.57,17,3.94
2924801,Piritiba,BA,2025,802,22,31,53,6.6085,2.74,3.87,6.61,482,60.1,123,15.34,68,8.48,76,9.48
2924900,Planaltino,BA,2025,302,3,12,15,4.9669,0.99,3.97,4.96,196,64.9,64,21.19,18,5.96,9,2.98
2925006,Planalto,BA,2025,1262,19,40,59,4.6751,1.51,3.17,4.68,847,67.12,208,16.48,97,7.69,51,4.04
2925105,Poções,BA,2025,2190,52,63,115,5.2511,2.37,2.88,5.25,1402,64.02,376,17.17,165,7.53,132,6.03
2925204,Pojuca,BA,2025,999,25,43,68,6.8068,2.5,4.3,6.8,626,62.66,145,14.51,83,8.31,77,7.71
2925253,Ponto Novo,BA,2025,1270,44,71,115,9.0551,3.46,5.59,9.05,762,60.0,214,16.85,107,8.43,72,5.67
2925303,Porto Seguro,BA,2025,6209,185,215,400,6.4423,2.98,3.46,6.44,3675,59.19,1154,18.59,545,8.78,435,7.01
2925402,Potiraguá,BA,2025,499,96,17,113,22.6453,19.24,3.41,22.65,244,48.9,76,15.23,42,8.42,24,4.81
2925501,Prado,BA,2025,2178,71,95,166,7.6217,3.26,4.36,7.62,1458,66.94,316,14.51,144,6.61,94,4.32
2925600,Presidente Dutra,BA,2025,686,18,27,45,6.5598,2.62,3.94,6.56,480,69.97,94,13.7,40,5.83,27,3.94
2925709,Presidente Jânio Quadros,BA,2025,697,15,27,42,6.0258,2.15,3.87,6.02,483,69.3,107,15.35,44,6.31,21,3.01
2925758,Presidente Tancredo Neves,BA,2025,1714,24,50,74,4.3174,1.4,2.92,4.32,1058,61.73,315,18.38,169,9.86,98,5.72
2925808,Queimadas,BA,2025,1214,51,60,111,9.1433,4.2,4.94,9.14,737,60.71,179,14.74,123,10.13,64,5.27
2925907,Quijingue,BA,2025,1362,51,58,109,8.0029,3.74,4.26,8.0,792,58.15,229,16.81,124,9.1,108,7.93
2925931,Quixabeira,BA,2025,348,7,10,17,4.8851,2.01,2.87,4.88,232,66.67,61,17.53,24,6.9,14,4.02
2925956,Rafael Jambeiro,BA,2025,1065,42,38,80,7.5117,3.94,3.57,7.51,629,59.06,172,16.15,96,9.01,88,8.26
2926004,Remanso,BA,2025,2462,62,87,149,6.052,2.52,3.53,6.05,1571,63.81,422,17.14,187,7.6,133,5.4
2926103,Retirolândia,BA,2025,800,24,35,59,7.375,3.0,4.38,7.38,498,62.25,131,16.38,71,8.88,41,5.13
2926202,Riachão das Neves,BA,2025,1236,40,50,90,7.2816,3.24,4.05,7.29,669,54.13,202,16.34,128,10.36,147,11.89
2926301,Riachão do Jacuípe,BA,2025,1310,32,41,73,5.5725,2.44,3.13,5.57,793,60.53,202,15.42,121,9.24,121,9.24
2926400,Riacho de Santana,BA,2025,1447,36,60,96,6.6344,2.49,4.15,6.64,957,66.14,239,16.52,90,6.22,65,4.49
2926509,Ribeira do Amparo,BA,2025,826,38,42,80,9.6852,4.6,5.08,9.68,499,60.41,119,14.41,73,8.84,55,6.66
2926608,Ribeira do Pombal,BA,2025,2866,59,77,136,4.7453,2.06,2.69,4.75,1831,63.89,536,18.7,210,7.33,153,5.34
2926657,Ribeirão do Largo,BA,2025,411,7,12,19,4.6229,1.7,2.92,4.62,228,55.47,91,22.14,37,9.0,36,8.76
2926707,Rio de Contas,BA,2025,546,12,14,26,4.7619,2.2,2.56,4.76,384,70.33,88,16.12,31,5.68,17,3.11
2926806,Rio do Antônio,BA,2025,550,20,29,49,8.9091,3.64,5.27,8.91,350,63.64,95,17.27,39,7.09,17,3.09
2926905,Rio do Pires,BA,2025,409,4,18,22,5.379,0.98,4.4,5.38,253,61.86,78,19.07,30,7.33,26,6.36
2927002,Rio Real,BA,2025,1740,23,39,62,3.5632,1.32,2.24,3.56,1033,59.37,368,21.15,172,9.89,105,6.03
2927101,Rodelas,BA,2025,687,14,24,38,5.5313,2.04,3.49,5.53,451,65.65,115,16.74,37,5.39,46,6.7
2927200,Ruy Barbosa,BA,2025,1527,22,55,77,5.0426,1.44,3.6,5.04,1121,73.41,202,13.23,79,5.17,48,3.14
2927309,Salinas da Margarida,BA,2025,851,44,30,74,8.6957,5.17,3.53,8.7,417,49.0,110,12.93,88,10.34,162,19.04
2927408,Salvador,BA,2025,64881,1630,2057,3687,5.6827,2.51,3.17,5.68,39966,61.6,11656,17.97,5411,8.34,4161,6.41
2927507,Santa Bárbara,BA,2025,926,25,45,70,7.5594,2.7,4.86,7.56,551,59.5,136,14.69,101,10.91,68,7.34
2927606,Santa Brígida,BA,2025,982,7,12,19,1.9348,0.71,1.22,1.93,587,59.78,207,21.08,115,11.71,54,5.5
2927705,Santa Cruz Cabrália,BA,2025,1604,56,65,121,7.5436,3.49,4.05,7.54,1008,62.84,236,14.71,130,8.1,109,6.8
2927804,Santa Cruz da Vitória,BA,2025,236,0,12,12,5.0847,0.0,5.08,5.08,165,69.92,37,15.68,12,5.08,10,4.24
2927903,Santa Inês,BA,2025,486,7,23,30,6.1728,1.44,4.73,6.17,330,67.9,76,15.64,29,5.97,21,4.32
2928000,Santaluz,BA,2025,1981,23,43,66,3.3317,1.16,2.17,3.33,1211,61.13,393,19.84,195,9.84,116,5.86
2928059,Santa Luzia,BA,2025,670,19,34,53,7.9104,2.84,5.07,7.91,435,64.93,124,18.51,31,4.63,27,4.03
2928109,Santa Maria da Vitória,BA,2025,1943,66,85,151,7.7715,3.4,4.37,7.77,1162,59.8,318,16.37,169,8.7,143,7.36
2928208,Santana,BA,2025,1303,31,41,72,5.5257,2.38,3.15,5.53,838,64.31,231,17.73,91,6.98,71,5.45
2928307,Santanópolis,BA,2025,498,11,20,31,6.2249,2.21,4.02,6.23,312,62.65,87,17.47,44,8.84,24,4.82
2928406,Santa Rita de Cássia,BA,2025,1599,41,87,128,8.005,2.56,5.44,8.0,1110,69.42,205,12.82,88,5.5,68,4.25
2928505,Santa Terezinha,BA,2025,540,7,19,26,4.8148,1.3,3.52,4.82,373,69.07,82,15.19,33,6.11,26,4.81
2928604,Santo Amaro,BA,2025,2443,81,88,169,6.9177,3.32,3.6,6.92,1160,47.48,420,17.19,297,12.16,397,16.25
2928703,Santo Antônio de Jesus,BA,2025,4215,84,138,222,5.2669,1.99,3.27,5.26,2592,61.49,786,18.65,361,8.56,254,6.03
2928802,Santo Estêvão,BA,2025,2571,69,87,156,6.0677,2.68,3.38,6.06,1603,62.35,442,17.19,204,7.93,166,6.46
2928901,São Desidério,BA,2025,2004,68,87,155,7.7345,3.39,4.34,7.73,1229,61.33,363,18.11,139,6.94,118,5.89
2928950,São Domingos,BA,2025,404,6,12,18,4.4554,1.49,2.97,4.46,262,64.85,77,19.06,35,8.66,12,2.97
2929008,São Félix,BA,2025,495,15,18,33,6.6667,3.03,3.64,6.67,290,58.59,84,16.97,36,7.27,52,10.51
2929057,São Félix do Coribe,BA,2025,797,25,42,67,8.4065,3.14,5.27,8.41,526,66.0,120,15.06,58,7.28,26,3.26
2929107,São Felipe,BA,2025,952,14,32,46,4.8319,1.47,3.36,4.83,613,64.39,181,19.01,64,6.72,48,5.04
2929206,São Francisco do Conde,BA,2025,1355,65,81,146,10.7749,4.8,5.98,10.78,788,58.15,188,13.87,89,6.57,144,10.63
2929255,São Gabriel,BA,2025,1064,61,52,113,10.6203,5.73,4.89,10.62,613,57.61,196,18.42,83,7.8,59,5.55
2929305,São Gonçalo dos Campos,BA,2025,1248,53,64,117,9.375,4.25,5.13,9.38,704,56.41,234,18.75,100,8.01,93,7.45
2929354,São José da Vitória,BA,2025,322,4,19,23,7.1429,1.24,5.9,7.14,196,60.87,57,17.7,33,10.25,13,4.04
2929370,São José do Jacuípe,BA,2025,540,8,17,25,4.6296,1.48,3.15,4.63,376,69.63,84,15.56,31,5.74,24,4.44
2929404,São Miguel das Matas,BA,2025,544,6,21,27,4.9632,1.1,3.86,4.96,336,61.76,101,18.57,45,8.27,35,6.43
2929503,São Sebastião do Passé,BA,2025,1503,39,38,77,5.1231,2.59,2.53,5.12,908,60.41,291,19.36,120,7.98,107,7.12
2929602,Sapeaçu,BA,2025,902,12,33,45,4.9889,1.33,3.66,4.99,548,60.75,154,17.07,88,9.76,67,7.43
2929701,Sátiro Dias,BA,2025,872,28,29,57,6.5367,3.21,3.33,6.54,496,56.88,144,16.51,82,9.4,93,10.67
2929750,Saubara,BA,2025,600,63,41,104,17.3333,10.5,6.83,17.33,284,47.33,78,13.0,65,10.83,69,11.5
2929800,Saúde,BA,2025,486,15,15,30,6.1728,3.09,3.09,6.18,328,67.49,74,15.23,25,5.14,29,5.97
2929909,Seabra,BA,2025,2209,79,126,205,9.2802,3.58,5.7,9.28,1466,66.36,302,13.67,130,5.89,106,4.8
2930006,Sebastião Laranjeiras,BA,2025,479,5,9,14,2.9228,1.04,1.88,2.92,342,71.4,78,16.28,32,6.68,13,2.71
2930105,Senhor do Bonfim,BA,2025,3276,95,146,241,7.3565,2.9,4.46,7.36,1989,60.71,543,16.58,293,8.94,210,6.41
2930154,Serra do Ramalho,BA,2025,2412,33,96,129,5.3483,1.37,3.98,5.35,1725,71.52,342,14.18,137,5.68,79,3.28
2930204,Sento Sé,BA,2025,2327,59,97,156,6.7039,2.54,4.17,6.71,1483,63.73,370,15.9,177,7.61,141,6.06
2930303,Serra Dourada,BA,2025,892,23,39,62,6.9507,2.58,4.37,6.95,576,64.57,157,17.6,62,6.95,35,3.92
2930402,Serra Preta,BA,2025,621,21,30,51,8.2126,3.38,4.83,8.21,387,62.32,94,15.14,54,8.7,35,5.64
2930501,Serrinha,BA,2025,3731,121,155,276,7.3975,3.24,4.15,7.39,2300,61.65,628,16.83,273,7.32,254,6.81
2930600,Serrolândia,BA,2025,659,12,27,39,5.9181,1.82,4.1,5.92,446,67.68,96,14.57,48,7.28,30,4.55
2930709,Simões Filho,BA,2025,3964,205,181,386,9.7376,5.17,4.57,9.74,2256,56.91,604,15.24,342,8.63,376,9.49
2930758,Sítio do Mato,BA,2025,975,31,42,73,7.4872,3.18,4.31,7.49,546,56.0,171,17.54,109,11.18,76,7.79
2930766,Sítio do Quinto,BA,2025,611,13,14,27,4.419,2.13,2.29,4.42,386,63.18,124,20.29,47,7.69,27,4.42
2930774,Sobradinho,BA,2025,1480,55,56,111,7.5,3.72,3.78,7.5,862,58.24,248,16.76,125,8.45,134,9.05
2930808,Souto Soares,BA,2025,1023,11,38,49,4.7898,1.08,3.71,4.79,719,70.28,163,15.93,45,4.4,47,4.59
2930907,Tabocas do Brejo Velho,BA,2025,703,31,32,63,8.9616,4.41,4.55,8.96,466,66.29,104,14.79,47,6.69,23,3.27
2931004,Tanhaçu,BA,2025,1075,10,27,37,3.4419,0.93,2.51,3.44,753,70.05,161,14.98,63,5.86,61,5.67
2931053,Tanque Novo,BA,2025,1066,20,43,63,5.9099,1.88,4.03,5.91,771,72.33,139,13.04,63,5.91,30,2.81
2931103,Tanquinho,BA,2025,295,10,5,15,5.0847,3.39,1.69,5.08,189,64.07,50,16.95,26,8.81,15,5.08
2931202,Taperoá,BA,2025,914,23,54,77,8.4245,2.52,5.91,8.43,569,62.25,149,16.3,71,7.77,48,5.25
2931301,Tapiramutá,BA,2025,622,15,34,49,7.8778,2.41,5.47,7.88,386,62.06,118,18.97,37,5.95,32,5.14
2931350,Teixeira de Freitas,BA,2025,5901,254,280,534,9.0493,4.3,4.74,9.04,3570,60.5,952,16.13,478,8.1,367,6.22
2931400,Teodoro Sampaio,BA,2025,282,10,3,13,4.6099,3.55,1.06,4.61,187,66.31,47,16.67,16,5.67,19,6.74
2931509,Teofilândia,BA,2025,1027,33,40,73,7.1081,3.21,3.89,7.1,629,61.25,183,17.82,79,7.69,63,6.13
2931608,Teolândia,BA,2025,673,22,24,46,6.8351,3.27,3.57,6.84,401,59.58,116,17.24,70,10.4,40,5.94
2931707,Terra Nova,BA,2025,534,11,22,33,6.1798,2.06,4.12,6.18,272,50.94,113,21.16,60,11.24,56,10.49
2931806,Tremedal,BA,2025,755,17,23,40,5.298,2.25,3.05,5.3,481,63.71,137,18.15,53,7.02,44,5.83
2931905,Tucano,BA,2025,2786,38,67,105,3.7688,1.36,2.4,3.76,1834,65.83,492,17.66,218,7.82,137,4.92
2932002,Uauá,BA,2025,1442,38,44,82,5.6865,2.64,3.05,5.69,945,65.53,228,15.81,93,6.45,94,6.52
2932101,Ubaíra,BA,2025,963,16,45,61,6.3344,1.66,4.67,6.33,631,65.52,137,14.23,70,7.27,64,6.65
2932200,Ubaitaba,BA,2025,913,18,20,38,4.1621,1.97,2.19,4.16,575,62.98,170,18.62,76,8.32,54,5.91
2932309,Ubatã,BA,2025,598,31,25,56,9.3645,5.18,4.18,9.36,329,55.02,103,17.22,69,11.54,41,6.86
2932408,Uibaí,BA,2025,643,12,23,35,5.4432,1.87,3.58,5.45,421,65.47,120,18.66,38,5.91,29,4.51
2932457,Umburanas,BA,2025,939,16,39,55,5.8573,1.7,4.15,5.85,613,65.28,147,15.65,73,7.77,51,5.43
2932507,Una,BA,2025,1050,14,24,38,3.619,1.33,2.29,3.62,690,65.71,184,17.52,83,7.9,55,5.24
2932606,Urandi,BA,2025,704,16,27,43,6.108,2.27,3.84,6.11,468,66.48,107,15.2,42,5.97,44,6.25
2932705,Uruçuca,BA,2025,1269,139,77,216,17.0213,10.95,6.07,17.02,658,51.85,171,13.48,94,7.41,130,10.24
2932804,Utinga,BA,2025,895,23,41,64,7.1508,2.57,4.58,7.15,596,66.59,135,15.08,59,6.59,41,4.58
2932903,Valença,BA,2025,3348,81,105,186,5.5556,2.42,3.14,5.56,1898,56.69,652,19.47,339,10.13,273,8.15
2933000,Valente,BA,2025,1124,22,24,46,4.0925,1.96,2.14,4.1,766,68.15,201,17.88,79,7.03,32,2.85
2933059,Várzea da Roça,BA,2025,677,17,29,46,6.7947,2.51,4.28,6.79,386,57.02,124,18.32,62,9.16,59,8.71
2933109,Várzea do Poço,BA,2025,292,10,6,16,5.4795,3.42,2.05,5.47,175,59.93,54,18.49,28,9.59,19,6.51
2933158,Várzea Nova,BA,2025,812,21,47,68,8.3744,2.59,5.79,8.38,558,68.72,93,11.45,50,6.16,43,5.3
2933174,Varzedo,BA,2025,359,8,9,17,4.7354,2.23,2.51,4.74,214,59.61,62,17.27,35,9.75,31,8.64
2933208,Vera Cruz,BA,2025,1767,46,65,111,6.2818,2.6,3.68,6.28,1075,60.84,291,16.47,150,8.49,140,7.92
2933257,Vereda,BA,2025,324,7,9,16,4.9383,2.16,2.78,4.94,195,60.19,66,20.37,24,7.41,23,7.1
2933307,Vitória da Conquista,BA,2025,13543,228,419,647,4.7774,1.68,3.09,4.77,9193,67.88,2285,16.87,916,6.76,502,3.71
2933406,Wagner,BA,2025,416,13,20,33,7.9327,3.13,4.81,7.94,255,61.3,61,14.66,37,8.89,30,7.21
2933455,Wanderley,BA,2025,677,14,22,36,5.3176,2.07,3.25,5.32,469,69.28,88,13.0,51,7.53,33,4.87
2933505,Wenceslau Guimarães,BA,2025,1345,38,52,90,6.6914,2.83,3.87,6.7,818,60.82,225,16.73,103,7.66,109,8.1
2933604,Xique-Xique,BA,2025,2765,122,130,252,9.1139,4.41,4.7,9.11,1805,65.28,379,13.71,182,6.58,147,5.32
3100104,Abadia dos Dourados,MG,2025,242,1,4,5,2.0661,0.41,1.65,2.06,147,60.74,60,24.79,14,5.79,16,6.61
3100203,Abaeté,MG,2025,827,12,14,26,3.1439,1.45,1.69,3.14,541,65.42,153,18.5,56,6.77,51,6.17
3100302,Abre Campo,MG,2025,544,26,28,54,9.9265,4.78,5.15,9.93,335,61.58,85,15.63,29,5.33,41,7.54
3100401,Acaiaca,MG,2025,140,1,7,8,5.7143,0.71,5.0,5.71,83,59.29,29,20.71,11,7.86,9,6.43
3100500,Açucena,MG,2025,399,3,8,11,2.7569,0.75,2.01,2.76,246,61.65,83,20.8,35,8.77,24,6.02
3100609,Água Boa,MG,2025,631,17,34,51,8.0824,2.69,5.39,8.08,359,56.89,107,16.96,62,9.83,52,8.24
3100708,Água Comprida,MG,2025,135,0,5,5,3.7037,0.0,3.7,3.7,89,65.93,25,18.52,10,7.41,6,4.44
3100807,Aguanil,MG,2025,249,2,6,8,3.2129,0.8,2.41,3.21,164,65.86,51,20.48,16,6.43,10,4.02
3100906,Águas Formosas,MG,2025,1003,32,33,65,6.4806,3.19,3.29,6.48,585,58.33,190,18.94,70,6.98,93,9.27
3101003,Águas Vermelhas,MG,2025,846,18,21,39,4.6099,2.13,2.48,4.61,552,65.25,176,20.8,48,5.67,31,3.66
3101102,Aimorés,MG,2025,982,34,37,71,7.2301,3.46,3.77,7.23,584,59.47,193,19.65,73,7.43,61,6.21
3101201,Aiuruoca,MG,2025,187,2,5,7,3.7433,1.07,2.67,3.74,125,66.84,35,18.72,11,5.88,9,4.81
3101300,Alagoa,MG,2025,146,1,2,3,2.0548,0.68,1.37,2.05,106,72.6,29,19.86,6,4.11,2,1.37
3101409,Albertina,MG,2025,182,0,2,2,1.0989,0.0,1.1,1.1,101,55.49,40,21.98,27,14.84,12,6.59
3101508,Além Paraíba,MG,2025,1139,23,42,65,5.7068,2.02,3.69,5.71,650,57.07,236,20.72,114,10.01,74,6.5
3101607,Alfenas,MG,2025,1973,39,71,110,5.5753,1.98,3.6,5.58,1249,63.3,359,18.2,154,7.81,101,5.12
3101631,Alfredo Vasconcelos,MG,2025,344,5,10,15,4.3605,1.45,2.91,4.36,221,64.24,65,18.9,28,8.14,15,4.36
3101706,Almenara,MG,2025,1763,42,51,93,5.2751,2.38,2.89,5.27,1049,59.5,326,18.49,197,11.17,98,5.56
3101805,Alpercata,MG,2025,361,15,17,32,8.8643,4.16,4.71,8.87,214,59.28,66,18.28,37,10.25,12,3.32
3101904,Alpinópolis,MG,2025,562,7,14,21,3.7367,1.25,2.49,3.74,340,60.5,109,19.4,56,9.96,36,6.41
3102001,Alterosa,MG,2025,804,7,16,23,2.8607,0.87,1.99,2.86,556,69.15,146,18.16,58,7.21,21,2.61
3102050,Alto Caparaó,MG,2025,323,9,12,21,6.5015,2.79,3.72,6.51,202,62.54,52,16.1,27,8.36,21,6.5
3102100,Alto Rio Doce,MG,2025,428,7,15,22,5.1402,1.64,3.5,5.14,246,57.48,92,21.5,44,10.28,24,5.61
3102209,Alvarenga,MG,2025,198,4,3,7,3.5354,2.02,1.52,3.54,136,68.69,31,15.66,14,7.07,10,5.05
3102308,Alvinópolis,MG,2025,471,13,17,30,6.3694,2.76,3.61,6.37,240,50.96,97,20.59,60,12.74,44,9.34
3102407,Alvorada de Minas,MG,2025,340,6,6,12,3.5294,1.76,1.76,3.52,209,61.47,67,19.71,27,7.94,25,7.35
3102506,Amparo do Serra,MG,2025,236,7,3,10,4.2373,2.97,1.27,4.24,123,52.12,48,20.34,22,9.32,33,13.98
3102605,Andradas,MG,2025,1520,18,38,56,3.6842,1.18,2.5,3.68,888,58.42,322,21.18,163,10.72,91,5.99
3102704,Cachoeira de Pajeú,MG,2025,386,9,12,21,5.4404,2.33,3.11,5.44,243,62.95,67,17.36,32,8.29,23,5.96
3102803,Andrelândia,MG,2025,466,8,7,15,3.2189,1.72,1.5,3.22,309,66.31,83,17.81,28,6.01,31,6.65
3102852,Angelândia,MG,2025,551,11,18,29,5.2632,2.0,3.27,5.27,373,67.7,98,17.79,32,5.81,19,3.45
3102902,Antônio Carlos,MG,2025,536,4,10,14,2.6119,0.75,1.87,2.62,380,70.9,89,16.6,35,6.53,18,3.36
3103009,Antônio Dias,MG,2025,474,10,11,21,4.4304,2.11,2.32,4.43,326,68.78,70,14.77,42,8.86,15,3.16
3103108,Antônio Prado de Minas,MG,2025,51,1,1,2,3.9216,1.96,1.96,3.92,33,64.71,6,11.76,7,13.73,3,5.88
3103207,Araçaí,MG,2025,37,2,3,5,13.5135,5.41,8.11,13.52,18,48.65,4,10.81,3,8.11,7,18.92
3103306,Aracitaba,MG,2025,99,0,5,5,5.0505,0.0,5.05,5.05,73,73.74,9,9.09,9,9.09,3,3.03
3103405,Araçuaí,MG,2025,1647,27,46,73,4.4323,1.64,2.79,4.43,1124,68.25,299,18.15,92,5.59,59,3.58
3103504,Araguari,MG,2025,4219,48,94,142,3.3657,1.14,2.23,3.37,2837,67.24,755,17.9,315,7.47,170,4.03
3103603,Arantina,MG,2025,144,1,7,8,5.5556,0.69,4.86,5.55,97,67.36,21,14.58,14,9.72,4,2.78
3103702,Araponga,MG,2025,453,1,5,6,1.3245,0.22,1.1,1.32,340,75.06,81,17.88,22,4.86,4,0.88
3103751,Araporã,MG,2025,472,8,13,21,4.4492,1.69,2.75,4.44,282,59.75,96,20.34,44,9.32,29,6.14
3103801,Arapuá,MG,2025,69,0,0,0,0.0,0.0,0.0,0.0,49,71.01,13,18.84,4,5.8,3,4.35
3103900,Araújos,MG,2025,311,2,8,10,3.2154,0.64,2.57,3.21,185,59.49,65,20.9,36,11.58,15,4.82
3104007,Araxá,MG,2025,2362,29,44,73,3.0906,1.23,1.86,3.09,1502,63.59,460,19.48,213,9.02,114,4.83
3104106,Arceburgo,MG,2025,292,4,3,7,2.3973,1.37,1.03,2.4,190,65.07,56,19.18,21,7.19,18,6.16
3104205,Arcos,MG,2025,858,29,44,73,8.5082,3.38,5.13,8.51,528,61.54,136,15.85,63,7.34,58,6.76
3104304,Areado,MG,2025,599,8,6,14,2.3372,1.34,1.0,2.34,367,61.27,142,23.71,49,8.18,27,4.51
3104403,Argirita,MG,2025,122,0,3,3,2.459,0.0,2.46,2.46,81,66.39,27,22.13,6,4.92,5,4.1
3104452,Aricanduva,MG,2025,244,6,2,8,3.2787,2.46,0.82,3.28,149,61.07,51,20.9,21,8.61,15,6.15
3104502,Arinos,MG,2025,1102,18,41,59,5.3539,1.63,3.72,5.35,773,70.15,164,14.88,64,5.81,42,3.81
3104601,Astolfo Dutra,MG,2025,546,5,9,14,2.5641,0.92,1.65,2.57,314,57.51,122,22.34,59,10.81,37,6.78
3104700,Ataléia,MG,2025,587,8,10,18,3.0664,1.36,1.7,3.06,379,64.57,107,18.23,54,9.2,29,4.94
3104809,Augusto de Lima,MG,2025,220,6,8,14,6.3636,2.73,3.64,6.37,144,65.45,42,19.09,11,5.0,9,4.09
3104908,Baependi,MG,2025,648,3,15,18,2.7778,0.46,2.31,2.77,484,74.69,93,14.35,30,4.63,23,3.55
3105004,Baldim,MG,2025,317,3,9,12,3.7855,0.95,2.84,3.79,195,61.51,62,19.56,24,7.57,24,7.57
3105103,Bambuí,MG,2025,542,5,12,17,3.1365,0.92,2.21,3.13,300,55.35,128,23.62,66,12.18,31,5.72
3105202,Bandeira,MG,2025,196,4,6,10,5.102,2.04,3.06,5.1,140,71.43,31,15.82,13,6.63,2,1.02
3105301,Bandeira do Sul,MG,2025,284,0,2,2,0.7042,0.0,0.7,0.7,182,64.08,66,23.24,23,8.1,11,3.87
3105400,Barão de Cocais,MG,2025,1133,12,32,44,3.8835,1.06,2.82,3.88,742,65.49,240,21.18,68,6.0,39,3.44
3105509,Barão do Monte Alto,MG,2025,244,3,7,10,4.0984,1.23,2.87,4.1,156,63.93,41,16.8,19,7.79,18,7.38
3105608,Barbacena,MG,2025,2311,58,91,149,6.4474,2.51,3.94,6.45,1521,65.82,363,15.71,146,6.32,132,5.71
3105707,Barra Longa,MG,2025,197,7,4,11,5.5838,3.55,2.03,5.58,110,55.84,38,19.29,21,10.66,17,8.63
3105905,Barroso,MG,2025,739,12,16,28,3.7889,1.62,2.17,3.79,468,63.33,128,17.32,69,9.34,46,6.22
3106002,Bela Vista de Minas,MG,2025,381,8,11,19,4.9869,2.1,2.89,4.99,195,51.18,84,22.05,49,12.86,34,8.92
3106101,Belmiro Braga,MG,2025,121,4,2,6,4.9587,3.31,1.65,4.96,72,59.5,29,23.97,7,5.79,7,5.79
3106200,Belo Horizonte,MG,2025,34086,1375,1271,2646,7.7627,4.03,3.73,7.76,19754,57.95,5747,16.86,2821,8.28,3118,9.15
3106309,Belo Oriente,MG,2025,1404,42,38,80,5.698,2.99,2.71,5.7,874,62.25,268,19.09,109,7.76,73,5.2
3106408,Belo Vale,MG,2025,326,9,5,14,4.2945,2.76,1.53,4.29,209,64.11,60,18.4,22,6.75,21,6.44
3106507,Berilo,MG,2025,354,10,5,15,4.2373,2.82,1.41,4.23,219,61.86,76,21.47,23,6.5,21,5.93
3106606,Bertópolis,MG,2025,239,13,7,20,8.3682,5.44,2.93,8.37,111,46.44,42,17.57,29,12.13,37,15.48
3106655,Berizal,MG,2025,259,1,7,8,3.0888,0.39,2.7,3.09,159,61.39,53,20.46,24,9.27,15,5.79
3106705,Betim,MG,2025,9723,177,293,470,4.8339,1.82,3.01,4.83,6515,67.01,1653,17.0,672,6.91,413,4.25
3106804,Bias Fortes,MG,2025,124,1,3,4,3.2258,0.81,2.42,3.23,87,70.16,20,16.13,11,8.87,2,1.61
3106903,Bicas,MG,2025,270,28,16,44,16.2963,10.37,5.93,16.3,141,52.22,42,15.56,20,7.41,23,8.52
3107000,Biquinhas,MG,2025,113,2,2,4,3.5398,1.77,1.77,3.54,59,52.21,23,20.35,11,9.73,16,14.16
3107109,Boa Esperança,MG,2025,1305,19,26,45,3.4483,1.46,1.99,3.45,809,61.99,258,19.77,115,8.81,78,5.98
3107208,Bocaina de Minas,MG,2025,117,1,1,2,1.7094,0.85,0.85,1.7,65,55.56,28,23.93,12,10.26,10,8.55
3107307,Bocaiúva,MG,2025,2172,46,66,112,5.1565,2.12,3.04,5.16,1382,63.63,360,16.57,176,8.1,142,6.54
3107406,Bom Despacho,MG,2025,2448,42,43,85,3.4722,1.72,1.76,3.48,1521,62.13,507,20.71,202,8.25,133,5.43
3107505,Bom Jardim de Minas,MG,2025,283,3,9,12,4.2403,1.06,3.18,4.24,172,60.78,56,19.79,26,9.19,17,6.01
3107604,Bom Jesus da Penha,MG,2025,240,4,6,10,4.1667,1.67,2.5,4.17,145,60.42,53,22.08,26,10.83,6,2.5
3107703,Bom Jesus do Amparo,MG,2025,247,8,4,12,4.8583,3.24,1.62,4.86,146,59.11,50,20.24,21,8.5,18,7.29
3107802,Bom Jesus do Galho,MG,2025,753,14,30,44,5.8433,1.86,3.98,5.84,486,64.54,122,16.2,49,6.51,52,6.91
3107901,Bom Repouso,MG,2025,565,7,16,23,4.0708,1.24,2.83,4.07,317,56.11,107,18.94,67,11.86,51,9.03
3108008,Bom Sucesso,MG,2025,676,1,14,15,2.2189,0.15,2.07,2.22,470,69.53,125,18.49,40,5.92,26,3.85
3108107,Bonfim,MG,2025,173,8,5,13,7.5145,4.62,2.89,7.51,101,58.38,26,15.03,16,9.25,17,9.83
3108206,Bonfinópolis de Minas,MG,2025,246,6,12,18,7.3171,2.44,4.88,7.32,131,53.25,44,17.89,30,12.2,23,9.35
3108255,Bonito de Minas,MG,2025,736,23,25,48,6.5217,3.13,3.4,6.53,497,67.53,116,15.76,43,5.84,32,4.35
3108305,Borda da Mata,MG,2025,695,47,45,92,13.2374,6.76,6.47,13.23,390,56.12,129,18.56,55,7.91,29,4.17
3108404,Botelhos,MG,2025,597,5,10,15,2.5126,0.84,1.68,2.52,394,66.0,121,20.27,50,8.38,17,2.85
3108503,Botumirim,MG,2025,261,8,6,14,5.364,3.07,2.3,5.37,164,62.84,47,18.01,21,8.05,15,5.75
3108552,Brasilândia de Minas,MG,2025,963,28,35,63,6.5421,2.91,3.63,6.54,598,62.1,160,16.61,73,7.58,69,7.17
3108602,Brasília de Minas,MG,2025,1587,31,51,82,5.167,1.95,3.21,5.16,1038,65.41,278,17.52,109,6.87,80,5.04
3108701,Brás Pires,MG,2025,199,2,4,6,3.0151,1.01,2.01,3.02,140,70.35,32,16.08,11,5.53,10,5.03
3108800,Braúnas,MG,2025,193,5,3,8,4.1451,2.59,1.55,4.14,124,64.25,32,16.58,18,9.33,11,5.7
3108909,Brazópolis,MG,2025,605,7,13,20,3.3058,1.16,2.15,3.31,421,69.59,118,19.5,34,5.62,12,1.98
3109006,Brumadinho,MG,2025,1486,35,47,82,5.5182,2.36,3.16,5.52,841,56.59,317,21.33,131,8.82,115,7.74
3109105,Bueno Brandão,MG,2025,453,2,9,11,2.4283,0.44,1.99,2.43,284,62.69,100,22.08,43,9.49,15,3.31
3109204,Buenópolis,MG,2025,445,6,10,16,3.5955,1.35,2.25,3.6,297,66.74,78,17.53,36,8.09,18,4.04
3109253,Bugre,MG,2025,200,4,9,13,6.5,2.0,4.5,6.5,120,60.0,29,14.5,24,12.0,14,7.0
3109303,Buritis,MG,2025,1164,30,56,86,7.3883,2.58,4.81,7.39,817,70.19,172,14.78,48,4.12,41,3.52
3109402,Buritizeiro,MG,2025,1579,59,61,120,7.5997,3.74,3.86,7.6,900,57.0,291,18.43,143,9.06,125,7.92
3109451,Cabeceira Grande,MG,2025,397,15,12,27,6.801,3.78,3.02,6.8,254,63.98,63,15.87,27,6.8,26,6.55
3109501,Cabo Verde,MG,2025,420,3,15,18,4.2857,0.71,3.57,4.28,283,67.38,79,18.81,28,6.67,12,2.86
3109600,Cachoeira da Prata,MG,2025,128,1,1,2,1.5625,0.78,0.78,1.56,81,63.28,29,22.66,10,7.81,6,4.69
3109709,Cachoeira de Minas,MG,2025,561,6,11,17,3.0303,1.07,1.96,3.03,333,59.36,124,22.1,54,9.63,33,5.88
3109808,Cachoeira Dourada,MG,2025,99,1,2,3,3.0303,1.01,2.02,3.03,57,57.58,22,22.22,8,8.08,9,9.09
3109907,Caetanópolis,MG,2025,257,6,15,21,8.1712,2.33,5.84,8.17,159,61.87,42,16.34,21,8.17,14,5.45
3110004,Caeté,MG,2025,1037,21,28,49,4.7252,2.03,2.7,4.73,697,67.21,166,16.01,79,7.62,46,4.44
3110103,Caiana,MG,2025,256,9,14,23,8.9844,3.52,5.47,8.99,138,53.91,48,18.75,26,10.16,21,8.2
3110202,Cajuri,MG,2025,237,4,2,6,2.5316,1.69,0.84,2.53,151,63.71,52,21.94,21,8.86,7,2.95
3110301,Caldas,MG,2025,608,7,11,18,2.9605,1.15,1.81,2.96,372,61.18,141,23.19,55,9.05,22,3.62
3110400,Camacho,MG,2025,152,3,5,8,5.2632,1.97,3.29,5.26,96,63.16,29,19.08,11,7.24,8,5.26
3110509,Camanducaia,MG,2025,1343,11,25,36,2.6806,0.82,1.86,2.68,950,70.74,247,18.39,75,5.58,35,2.61
3110608,Cambuí,MG,2025,801,16,15,31,3.8702,2.0,1.87,3.87,543,67.79,136,16.98,61,7.62,30,3.75
3110707,Cambuquira,MG,2025,578,13,20,33,5.7093,2.25,3.46,5.71,344,59.52,96,16.61,71,12.28,34,5.88
3110806,Campanário,MG,2025,183,3,2,5,2.7322,1.64,1.09,2.73,104,56.83,40,21.86,23,12.57,11,6.01
3110905,Campanha,MG,2025,649,6,11,17,2.6194,0.92,1.69,2.61,410,63.17,125,19.26,55,8.47,42,6.47
3111002,Campestre,MG,2025,495,16,4,20,4.0404,3.23,0.81,4.04,308,62.22,84,16.97,39,7.88,44,8.89
3111101,Campina Verde,MG,2025,356,27,32,59,16.573,7.58,8.99,16.57,191,53.65,53,14.89,28,7.87,25,7.02
3111150,Campo Azul,MG,2025,185,8,6,14,7.5676,4.32,3.24,7.56,136,73.51,23,12.43,6,3.24,6,3.24
3111200,Campo Belo,MG,2025,1961,32,49,81,4.1305,1.63,2.5,4.13,1230,62.72,371,18.92,177,9.03,102,5.2
3111309,Campo do Meio,MG,2025,676,19,25,44,6.5089,2.81,3.7,6.51,398,58.88,119,17.6,68,10.06,47,6.95
3111408,Campo Florido,MG,2025,286,5,11,16,5.5944,1.75,3.85,5.6,187,65.38,49,17.13,26,9.09,8,2.8
3111507,Campos Altos,MG,2025,592,10,13,23,3.8851,1.69,2.2,3.89,386,65.2,123,20.78,40,6.76,20,3.38
3111606,Campos Gerais,MG,2025,1024,14,24,38,3.7109,1.37,2.34,3.71,637,62.21,188,18.36,96,9.38,65,6.35
3111705,Canaã,MG,2025,217,0,3,3,1.3825,0.0,1.38,1.38,166,76.5,33,15.21,12,5.53,3,1.38
3111804,Canápolis,MG,2025,371,1,5,6,1.6173,0.27,1.35,1.62,275,74.12,60,16.17,18,4.85,12,3.23
3111903,Cana Verde,MG,2025,137,6,7,13,9.4891,4.38,5.11,9.49,78,56.93,23,16.79,12,8.76,11,8.03
3112000,Candeias,MG,2025,526,12,14,26,4.943,2.28,2.66,4.94,330,62.74,95,18.06,48,9.13,27,5.13
3112059,Cantagalo,MG,2025,196,5,5,10,5.102,2.55,2.55,5.1,114,58.16,32,16.33,21,10.71,19,9.69
3112109,Caparaó,MG,2025,416,6,6,12,2.8846,1.44,1.44,2.88,274,65.87,67,16.11,34,8.17,29,6.97
3112208,Capela Nova,MG,2025,183,2,2,4,2.1858,1.09,1.09,2.18,120,65.57,33,18.03,15,8.2,11,6.01
3112307,Capelinha,MG,2025,2397,29,42,71,2.962,1.21,1.75,2.96,1614,67.33,441,18.4,189,7.88,82,3.42
3112406,Capetinga,MG,2025,379,0,13,13,3.4301,0.0,3.43,3.43,245,64.64,73,19.26,28,7.39,20,5.28
3112505,Capim Branco,MG,2025,423,5,13,18,4.2553,1.18,3.07,4.25,245,57.92,94,22.22,29,6.86,37,8.75
3112604,Capinópolis,MG,2025,398,7,10,17,4.2714,1.76,2.51,4.27,232,58.29,88,22.11,35,8.79,26,6.53
3112653,Capitão Andrade,MG,2025,203,3,3,6,2.9557,1.48,1.48,2.96,145,71.43,36,17.73,10,4.93,6,2.96
3112703,Capitão Enéas,MG,2025,928,13,30,43,4.6336,1.4,3.23,4.63,617,66.49,158,17.03,60,6.47,50,5.39
3112802,Capitólio,MG,2025,463,9,11,20,4.3197,1.94,2.38,4.32,304,65.66,78,16.85,29,6.26,32,6.91
3112901,Caputira,MG,2025,595,13,18,31,5.2101,2.18,3.03,5.21,352,59.16,115,19.33,50,8.4,47,7.9
3113008,Caraí,MG,2025,884,24,22,46,5.2036,2.71,2.49,5.2,584,66.06,152,17.19,55,6.22,47,5.32
3113107,Caranaíba,MG,2025,133,1,1,2,1.5038,0.75,0.75,1.5,87,65.41,30,22.56,8,6.02,6,4.51
3113206,Carandaí,MG,2025,1051,13,22,35,3.3302,1.24,2.09,3.33,682,64.89,227,21.6,67,6.37,40,3.81
3113305,Carangola,MG,2025,1269,24,51,75,5.9102,1.89,4.02,5.91,814,64.14,205,16.15,96,7.57,79,6.23
3113404,Caratinga,MG,2025,2853,36,68,104,3.6453,1.26,2.38,3.64,1746,61.2,584,20.47,257,9.01,162,5.68
3113503,Carbonita,MG,2025,479,1,3,4,0.8351,0.21,0.63,0.84,345,72.03,88,18.37,25,5.22,17,3.55
3113602,Careaçu,MG,2025,311,4,7,11,3.537,1.29,2.25,3.54,194,62.38,61,19.61,28,9.0,17,5.47
3113701,Carlos Chagas,MG,2025,833,21,33,54,6.4826,2.52,3.96,6.48,537,64.47,149,17.89,51,6.12,42,5.04
3113800,Carmésia,MG,2025,120,4,4,8,6.6667,3.33,3.33,6.66,70,58.33,21,17.5,12,10.0,9,7.5
3113909,Carmo da Cachoeira,MG,2025,625,3,12,15,2.4,0.48,1.92,2.4,405,64.8,122,19.52,51,8.16,32,5.12
3114006,Carmo da Mata,MG,2025,378,6,5,11,2.9101,1.59,1.32,2.91,248,65.61,75,19.84,25,6.61,19,5.03
3114105,Carmo de Minas,MG,2025,635,5,9,14,2.2047,0.79,1.42,2.21,423,66.61,138,21.73,39,6.14,21,3.31
3114204,Carmo do Cajuru,MG,2025,1070,25,29,54,5.0467,2.34,2.71,5.05,643,60.09,230,21.5,80,7.48,63,5.89
3114303,Carmo do Paranaíba,MG,2025,754,21,19,40,5.305,2.79,2.52,5.31,468,62.07,132,17.51,55,7.29,59,7.82
3114402,Carmo do Rio Claro,MG,2025,815,4,20,24,2.9448,0.49,2.45,2.94,532,65.28,155,19.02,72,8.83,32,3.93
3114501,Carmópolis de Minas,MG,2025,867,11,28,39,4.4983,1.27,3.23,4.5,588,67.82,146,16.84,55,6.34,39,4.5
3114550,Carneirinho,MG,2025,359,4,5,9,2.507,1.11,1.39,2.5,238,66.3,75,20.89,25,6.96,12,3.34
3114600,Carrancas,MG,2025,143,0,3,3,2.0979,0.0,2.1,2.1,96,67.13,31,21.68,7,4.9,6,4.2
3114709,Carvalhópolis,MG,2025,94,2,2,4,4.2553,2.13,2.13,4.26,53,56.38,25,26.6,8,8.51,4,4.26
3114808,Carvalhos,MG,2025,195,0,4,4,2.0513,0.0,2.05,2.05,125,64.1,41,21.03,18,9.23,7,3.59
3114907,Casa Grande,MG,2025,89,2,1,3,3.3708,2.25,1.12,3.37,61,68.54,15,16.85,7,7.87,3,3.37
3115003,Cascalho Rico,MG,2025,107,2,1,3,2.8037,1.87,0.93,2.8,60,56.07,28,26.17,10,9.35,6,5.61
3115102,Cássia,MG,2025,715,9,17,26,3.6364,1.26,2.38,3.64,460,64.34,151,21.12,53,7.41,25,3.5
3115201,Conceição da Barra de Minas,MG,2025,148,0,5,5,3.3784,0.0,3.38,3.38,87,58.78,26,17.57,18,12.16,12,8.11
3115300,Cataguases,MG,2025,1343,31,42,73,5.4356,2.31,3.13,5.44,721,53.69,259,19.29,129,9.61,161,11.99
3115359,Catas Altas,MG,2025,251,5,2,7,2.7888,1.99,0.8,2.79,190,75.7,33,13.15,11,4.38,10,3.98
3115409,Catas Altas da Noruega,MG,2025,176,10,3,13,7.3864,5.68,1.7,7.38,125,71.02,23,13.07,8,4.55,7,3.98
3115458,Catuji,MG,2025,465,15,12,27,5.8065,3.23,2.58,5.81,304,65.38,90,19.35,31,6.67,13,2.8
3115474,Catuti,MG,2025,259,3,15,18,6.9498,1.16,5.79,6.95,184,71.04,36,13.9,6,2.32,15,5.79
3115508,Caxambu,MG,2025,601,10,15,25,4.1597,1.66,2.5,4.16,413,68.72,100,16.64,43,7.15,20,3.33
3115607,Cedro do Abaeté,MG,2025,56,1,0,1,1.7857,1.79,0.0,1.79,36,64.29,9,16.07,7,12.5,3,5.36
3115706,Central de Minas,MG,2025,253,6,9,15,5.9289,2.37,3.56,5.93,177,69.96,38,15.02,18,7.11,5,1.98
3115805,Centralina,MG,2025,384,3,19,22,5.7292,0.78,4.95,5.73,252,65.63,73,19.01,21,5.47,16,4.17
3115904,Chácara,MG,2025,174,0,5,5,2.8736,0.0,2.87,2.87,118,67.82,22,12.64,19,10.92,10,5.75
3116001,Chalé,MG,2025,421,7,5,12,2.8504,1.66,1.19,2.85,282,66.98,88,20.9,30,7.13,9,2.14
3116100,Chapada do Norte,MG,2025,532,4,11,15,2.8195,0.75,2.07,2.82,396,74.44,71,13.35,35,6.58,15,2.82
3116159,Chapada Gaúcha,MG,2025,1049,21,46,67,6.387,2.0,4.39,6.39,689,65.68,175,16.68,75,7.15,43,4.1
3116209,Chiador,MG,2025,99,2,2,4,4.0404,2.02,2.02,4.04,61,61.62,20,20.2,9,9.09,5,5.05
3116308,Cipotânea,MG,2025,227,1,7,8,3.5242,0.44,3.08,3.52,148,65.2,41,18.06,21,9.25,9,3.96
3116407,Claraval,MG,2025,195,7,6,13,6.6667,3.59,3.08,6.67,116,59.49,32,16.41,16,8.21,18,9.23
3116506,Claro dos Poções,MG,2025,320,5,9,14,4.375,1.56,2.81,4.37,219,68.44,48,15.0,27,8.44,12,3.75
3116605,Cláudio,MG,2025,1341,16,35,51,3.8031,1.19,2.61,3.8,882,65.77,255,19.02,95,7.08,58,4.33
3116704,Coimbra,MG,2025,250,4,6,10,4.0,1.6,2.4,4.0,156,62.4,41,16.4,23,9.2,20,8.0
3116803,Coluna,MG,2025,456,0,13,13,2.8509,0.0,2.85,2.85,302,66.23,92,20.18,38,8.33,11,2.41
3116902,Comendador Gomes,MG,2025,155,2,4,6,3.871,1.29,2.58,3.87,87,56.13,37,23.87,14,9.03,11,7.1
3117009,Comercinho,MG,2025,304,3,10,13,4.2763,0.99,3.29,4.28,212,69.74,45,14.8,17,5.59,17,5.59
3117108,Conceição da Aparecida,MG,2025,484,14,16,30,6.1983,2.89,3.31,6.2,301,62.19,90,18.6,36,7.44,27,5.58
3117207,Conceição das Pedras,MG,2025,139,4,2,6,4.3165,2.88,1.44,4.32,95,68.35,24,17.27,7,5.04,7,5.04
3117306,Conceição das Alagoas,MG,2025,1294,25,27,52,4.0185,1.93,2.09,4.02,803,62.06,232,17.93,106,8.19,101,7.81
3117405,Conceição de Ipanema,MG,2025,249,2,8,10,4.0161,0.8,3.21,4.01,142,57.03,46,18.47,37,14.86,14,5.62
3117504,Conceição do Mato Dentro,MG,2025,1446,13,22,35,2.4205,0.9,1.52,2.42,913,63.14,295,20.4,125,8.64,78,5.39
3117603,Conceição do Pará,MG,2025,262,2,8,10,3.8168,0.76,3.05,3.81,167,63.74,54,20.61,20,7.63,11,4.2
3117702,Conceição do Rio Verde,MG,2025,605,13,25,38,6.281,2.15,4.13,6.28,357,59.01,120,19.83,56,9.26,34,5.62
3117801,Conceição dos Ouros,MG,2025,496,7,7,14,2.8226,1.41,1.41,2.82,287,57.86,120,24.19,47,9.48,28,5.65
3117836,Cônego Marinho,MG,2025,350,12,16,28,8.0,3.43,4.57,8.0,221,63.14,52,14.86,25,7.14,24,6.86
3117876,Confins,MG,2025,246,2,7,9,3.6585,0.81,2.85,3.66,166,67.48,44,17.89,16,6.5,11,4.47
3117900,Congonhal,MG,2025,563,2,7,9,1.5986,0.36,1.24,1.6,361,64.12,136,24.16,38,6.75,19,3.37
3118007,Congonhas,MG,2025,2241,14,45,59,2.6328,0.62,2.01,2.63,1447,64.57,443,19.77,191,8.52,101,4.51
3118106,Congonhas do Norte,MG,2025,258,3,4,7,2.7132,1.16,1.55,2.71,182,70.54,46,17.83,17,6.59,6,2.33
3118205,Conquista,MG,2025,293,5,7,12,4.0956,1.71,2.39,4.1,181,61.77,58,19.8,24,8.19,18,6.14
3118304,Conselheiro Lafaiete,MG,2025,2239,30,50,80,3.573,1.34,2.23,3.57,1572,70.21,363,16.21,136,6.07,88,3.93
3118403,Conselheiro Pena,MG,2025,1056,8,16,24,2.2727,0.76,1.52,2.28,694,65.72,203,19.22,83,7.86,52,4.92
3118502,Consolação,MG,2025,29,2,1,3,10.3448,6.9,3.45,10.35,20,68.97,3,10.34,2,6.9,1,3.45
3118601,Contagem,MG,2025,14657,227,437,664,4.5303,1.55,2.98,4.53,9383,64.02,2798,19.09,1128,7.7,684,4.67
3118700,Coqueiral,MG,2025,444,8,12,20,4.5045,1.8,2.7,4.5,260,58.56,101,22.75,36,8.11,27,6.08
3118809,Coração de Jesus,MG,2025,1234,57,43,100,8.1037,4.62,3.48,8.1,814,65.96,157,12.72,89,7.21,74,6.0
3118908,Cordisburgo,MG,2025,286,7,10,17,5.9441,2.45,3.5,5.95,155,54.2,61,21.33,24,8.39,29,10.14
3119005,Cordislândia,MG,2025,206,2,4,6,2.9126,0.97,1.94,2.91,102,49.51,57,27.67,30,14.56,11,5.34
3119104,Corinto,MG,2025,910,41,36,77,8.4615,4.51,3.96,8.47,573,62.97,140,15.38,64,7.03,56,6.15
3119203,Coroaci,MG,2025,433,11,12,23,5.3118,2.54,2.77,5.31,264,60.97,83,19.17,32,7.39,31,7.16
3119302,Coromandel,MG,2025,1064,15,30,45,4.2293,1.41,2.82,4.23,714,67.11,176,16.54,80,7.52,49,4.61
3119401,Coronel Fabriciano,MG,2025,3849,65,102,167,4.3388,1.69,2.65,4.34,2483,64.51,677,17.59,289,7.51,233,6.05
3119500,Coronel Murta,MG,2025,423,8,10,18,4.2553,1.89,2.36,4.25,260,61.47,96,22.7,27,6.38,22,5.2
3119609,Coronel Pacheco,MG,2025,114,1,3,4,3.5088,0.88,2.63,3.51,80,70.18,20,17.54,9,7.89,1,0.88
3119708,Coronel Xavier Chaves,MG,2025,174,1,6,7,4.023,0.57,3.45,4.02,123,70.69,31,17.82,9,5.17,4,2.3
3119807,Córrego Danta,MG,2025,148,1,3,4,2.7027,0.68,2.03,2.71,96,64.86,26,17.57,16,10.81,6,4.05
3119906,Córrego do Bom Jesus,MG,2025,182,0,2,2,1.0989,0.0,1.1,1.1,137,75.27,29,15.93,7,3.85,7,3.85
3119955,Córrego Fundo,MG,2025,325,6,12,18,5.5385,1.85,3.69,5.54,174,53.54,61,18.77,44,13.54,28,8.62
3120003,Córrego Novo,MG,2025,133,5,0,5,3.7594,3.76,0.0,3.76,89,66.92,19,14.29,15,11.28,5,3.76
3120102,Couto de Magalhães de Minas,MG,2025,228,6,2,8,3.5088,2.63,0.88,3.51,146,64.04,42,18.42,19,8.33,13,5.7
3120151,Crisólita,MG,2025,363,12,15,27,7.438,3.31,4.13,7.44,233,64.19,71,19.56,24,6.61,8,2.2
3120201,Cristais,MG,2025,623,4,6,10,1.6051,0.64,0.96,1.6,350,56.18,145,23.27,79,12.68,39,6.26
3120300,Cristália,MG,2025,429,11,5,16,3.7296,2.56,1.17,3.73,243,56.64,86,20.05,43,10.02,41,9.56
3120409,Cristiano Otoni,MG,2025,227,3,12,15,6.6079,1.32,5.29,6.61,147,64.76,40,17.62,13,5.73,12,5.29
3120508,Cristina,MG,2025,361,6,13,19,5.2632,1.66,3.6,5.26,220,60.94,66,18.28,35,9.7,21,5.82
3120607,Crucilândia,MG,2025,242,3,1,4,1.6529,1.24,0.41,1.65,152,62.81,45,18.6,26,10.74,15,6.2
3120706,Cruzeiro da Fortaleza,MG,2025,303,8,9,17,5.6106,2.64,2.97,5.61,167,55.12,81,26.73,18,5.94,20,6.6
3120805,Cruzília,MG,2025,726,3,4,7,0.9642,0.41,0.55,0.96,522,71.9,139,19.15,42,5.79,16,2.2
3120839,Cuparaque,MG,2025,251,9,8,17,6.7729,3.59,3.19,6.78,158,62.95,45,17.93,15,5.98,16,6.37
3120870,Curral de Dentro,MG,2025,537,8,18,26,4.8417,1.49,3.35,4.84,359,66.85,96,17.88,35,6.52,21,3.91
3120904,Curvelo,MG,2025,3025,63,106,169,5.5868,2.08,3.5,5.58,1903,62.91,582,19.24,223,7.37,148,4.89
3121001,Datas,MG,2025,333,4,3,7,2.1021,1.2,0.9,2.1,239,71.77,62,18.62,15,4.5,10,3.0
3121100,Delfim Moreira,MG,2025,305,3,6,9,2.9508,0.98,1.97,2.95,215,70.49,49,16.07,21,6.89,11,3.61
3121209,Delfinópolis,MG,2025,431,2,2,4,0.9281,0.46,0.46,0.92,257,59.63,102,23.67,40,9.28,28,6.5
3121258,Delta,MG,2025,545,15,11,26,4.7706,2.75,2.02,4.77,341,62.57,93,17.06,53,9.72,32,5.87
3121308,Descoberto,MG,2025,236,3,4,7,2.9661,1.27,1.69,2.96,149,63.14,50,21.19,13,5.51,17,7.2
3121407,Desterro de Entre Rios,MG,2025,418,5,9,14,3.3493,1.2,2.15,3.35,268,64.11,78,18.66,36,8.61,22,5.26
3121506,Desterro do Melo,MG,2025,156,1,3,4,2.5641,0.64,1.92,2.56,108,69.23,27,17.31,7,4.49,10,6.41
3121605,Diamantina,MG,2025,1886,41,70,111,5.8855,2.17,3.71,5.88,1298,68.82,288,15.27,94,4.98,95,5.04
3121704,Diogo de Vasconcelos,MG,2025,165,7,2,9,5.4545,4.24,1.21,5.45,94,56.97,35,21.21,12,7.27,15,9.09
3121803,Dionísio,MG,2025,266,2,12,14,5.2632,0.75,4.51,5.26,149,56.02,59,22.18,30,11.28,14,5.26
3121902,Divinésia,MG,2025,310,3,3,6,1.9355,0.97,0.97,1.94,202,65.16,61,19.68,28,9.03,13,4.19
3122009,Divino,MG,2025,1182,22,35,57,4.8223,1.86,2.96,4.82,682,57.7,246,20.81,116,9.81,81,6.85
3122108,Divino das Laranjeiras,MG,2025,189,2,7,9,4.7619,1.06,3.7,4.76,125,66.14,32,16.93,18,9.52,5,2.65
3122207,Divinolândia de Minas,MG,2025,430,6,17,23,5.3488,1.4,3.95,5.35,264,61.4,87,20.23,36,8.37,20,4.65
3122306,Divinópolis,MG,2025,6596,74,162,236,3.5779,1.12,2.46,3.58,4561,69.15,1160,17.59,393,5.96,246,3.73
3122355,Divisa Alegre,MG,2025,421,5,14,19,4.5131,1.19,3.33,4.52,298,70.78,64,15.2,23,5.46,17,4.04
3122405,Divisa Nova,MG,2025,157,1,4,5,3.1847,0.64,2.55,3.19,89,56.69,35,22.29,14,8.92,14,8.92
3122454,Divisópolis,MG,2025,416,13,5,18,4.3269,3.13,1.2,4.33,262,62.98,62,14.9,39,9.38,35,8.41
3122470,Dom Bosco,MG,2025,238,12,11,23,9.6639,5.04,4.62,9.66,139,58.4,43,18.07,17,7.14,16,6.72
3122504,Dom Cavati,MG,2025,211,2,6,8,3.7915,0.95,2.84,3.79,114,54.03,48,22.75,26,12.32,15,7.11
3122603,Dom Joaquim,MG,2025,230,11,14,25,10.8696,4.78,6.09,10.87,140,60.87,30,13.04,25,10.87,10,4.35
3122702,Dom Silvério,MG,2025,204,4,3,7,3.4314,1.96,1.47,3.43,118,57.84,45,22.06,22,10.78,12,5.88
3122801,Dom Viçoso,MG,2025,158,3,9,12,7.5949,1.9,5.7,7.6,116,73.42,23,14.56,4,2.53,3,1.9
3122900,Dona Euzébia,MG,2025,236,2,5,7,2.9661,0.85,2.12,2.97,169,71.61,38,16.1,18,7.63,4,1.69
3123007,Dores de Campos,MG,2025,251,7,11,18,7.1713,2.79,4.38,7.17,154,61.35,35,13.94,12,4.78,32,12.75
3123106,Dores de Guanhães,MG,2025,248,1,8,9,3.629,0.4,3.23,3.63,164,66.13,40,16.13,21,8.47,14,5.65
3123205,Dores do Indaiá,MG,2025,350,1,5,6,1.7143,0.29,1.43,1.72,263,75.14,55,15.71,21,6.0,5,1.43
3123304,Dores do Turvo,MG,2025,234,6,6,12,5.1282,2.56,2.56,5.12,152,64.96,46,19.66,16,6.84,8,3.42
3123403,Doresópolis,MG,2025,82,1,1,2,2.439,1.22,1.22,2.44,54,65.85,14,17.07,9,10.98,3,3.66
3123502,Douradoquara,MG,2025,96,0,1,1,1.0417,0.0,1.04,1.04,62,64.58,21,21.88,6,6.25,6,6.25
3123528,Durandé,MG,2025,555,19,18,37,6.6667,3.42,3.24,6.66,352,63.42,78,14.05,40,7.21,48,8.65
3123601,Elói Mendes,MG,2025,894,12,26,38,4.2506,1.34,2.91,4.25,539,60.29,200,22.37,78,8.72,39,4.36
3123700,Engenheiro Caldas,MG,2025,543,13,10,23,4.2357,2.39,1.84,4.23,328,60.41,114,20.99,52,9.58,26,4.79
3123809,Engenheiro Navarro,MG,2025,380,11,12,23,6.0526,2.89,3.16,6.05,236,62.11,65,17.11,36,9.47,20,5.26
3123858,Entre Folhas,MG,2025,370,6,11,17,4.5946,1.62,2.97,4.59,242,65.41,67,18.11,23,6.22,21,5.68
3123908,Entre Rios de Minas,MG,2025,739,23,20,43,5.8187,3.11,2.71,5.82,447,60.49,129,17.46,66,8.93,54,7.31
3124005,Ervália,MG,2025,995,12,25,37,3.7186,1.21,2.51,3.72,686,68.94,168,16.88,70,7.04,34,3.42
3124104,Esmeraldas,MG,2025,1788,74,75,149,8.3333,4.14,4.19,8.33,1188,66.44,264,14.77,123,6.88,64,3.58
3124203,Espera Feliz,MG,2025,1104,17,26,43,3.8949,1.54,2.36,3.9,720,65.22,195,17.66,74,6.7,72,6.52
3124302,Espinosa,MG,2025,1709,40,72,112,6.5535,2.34,4.21,6.55,1177,68.87,248,14.51,112,6.55,60,3.51
3124401,Espírito Santo do Dourado,MG,2025,593,14,25,39,6.5767,2.36,4.22,6.58,299,50.42,107,18.04,81,13.66,67,11.3
3124500,Estiva,MG,2025,396,0,5,5,1.2626,0.0,1.26,1.26,246,62.12,93,23.48,35,8.84,17,4.29
3124609,Estrela Dalva,MG,2025,92,1,4,5,5.4348,1.09,4.35,5.44,56,60.87,14,15.22,12,13.04,5,5.43
3124708,Estrela do Indaiá,MG,2025,66,0,2,2,3.0303,0.0,3.03,3.03,34,51.52,19,28.79,7,10.61,4,6.06
3124807,Estrela do Sul,MG,2025,351,4,9,13,3.7037,1.14,2.56,3.7,249,70.94,47,13.39,28,7.98,14,3.99
3124906,Eugenópolis,MG,2025,385,8,10,18,4.6753,2.08,2.6,4.68,223,57.92,74,19.22,35,9.09,35,9.09
3125002,Ewbank da Câmara,MG,2025,249,5,4,9,3.6145,2.01,1.61,3.62,133,53.41,53,21.29,35,14.06,19,7.63
3125101,Extrema,MG,2025,2582,11,46,57,2.2076,0.43,1.78,2.21,1657,64.18,555,21.49,211,8.17,102,3.95
3125200,Fama,MG,2025,89,2,2,4,4.4944,2.25,2.25,4.5,65,73.03,11,12.36,3,3.37,6,6.74
3125309,Faria Lemos,MG,2025,134,3,5,8,5.9701,2.24,3.73,5.97,78,58.21,28,20.9,15,11.19,5,3.73
3125408,Felício dos Santos,MG,2025,320,4,7,11,3.4375,1.25,2.19,3.44,213,66.56,67,20.94,19,5.94,10,3.13
3125507,São Gonçalo do Rio Preto,MG,2025,120,2,2,4,3.3333,1.67,1.67,3.34,87,72.5,13,10.83,9,7.5,7,5.83
3125606,Felisburgo,MG,2025,387,3,4,7,1.8088,0.78,1.03,1.81,251,64.86,89,23.0,27,6.98,13,3.36
3125705,Felixlândia,MG,2025,712,13,15,28,3.9326,1.83,2.11,3.94,392,55.06,143,20.08,90,12.64,59,8.29
3125804,Fernandes Tourinho,MG,2025,160,3,2,5,3.125,1.88,1.25,3.13,106,66.25,30,18.75,11,6.88,8,5.0
3125903,Ferros,MG,2025,390,2,4,6,1.5385,0.51,1.03,1.54,245,62.82,85,21.79,30,7.69,24,6.15
3125952,Fervedouro,MG,2025,723,23,25,48,6.639,3.18,3.46,6.64,401,55.46,141,19.5,77,10.65,56,7.75
3126000,Florestal,MG,2025,234,3,6,9,3.8462,1.28,2.56,3.84,162,69.23,40,17.09,14,5.98,9,3.85
3126109,Formiga,MG,2025,1537,12,29,41,2.6675,0.78,1.89,2.67,1028,66.88,306,19.91,107,6.96,55,3.58
3126208,Formoso,MG,2025,580,17,24,41,7.069,2.93,4.14,7.07,404,69.66,85,14.66,27,4.66,23,3.97
3126307,Fortaleza de Minas,MG,2025,132,0,2,2,1.5152,0.0,1.52,1.52,92,69.7,27,20.45,7,5.3,4,3.03
3126406,Fortuna de Minas,MG,2025,166,2,4,6,3.6145,1.2,2.41,3.61,111,66.87,30,18.07,14,8.43,5,3.01
3126505,Francisco Badaró,MG,2025,315,6,12,18,5.7143,1.9,3.81,5.71,206,65.4,55,17.46,20,6.35,16,5.08
3126604,Francisco Dumont,MG,2025,295,3,5,8,2.7119,1.02,1.69,2.71,200,67.8,54,18.31,20,6.78,13,4.41
3126703,Francisco Sá,MG,2025,978,35,39,74,7.5665,3.58,3.99,7.57,666,68.1,136,13.91,62,6.34,40,4.09
3126752,Franciscópolis,MG,2025,229,6,10,16,6.9869,2.62,4.37,6.99,149,65.07,39,17.03,16,6.99,9,3.93
3126802,Frei Gaspar,MG,2025,358,5,11,16,4.4693,1.4,3.07,4.47,215,60.06,74,20.67,24,6.7,29,8.1
3126901,Frei Inocêncio,MG,2025,481,9,11,20,4.158,1.87,2.29,4.16,310,64.45,82,17.05,48,9.98,21,4.37
3126950,Frei Lagonegro,MG,2025,234,2,8,10,4.2735,0.85,3.42,4.27,150,64.1,43,18.38,21,8.97,10,4.27
3127008,Fronteira,MG,2025,642,10,9,19,2.9595,1.56,1.4,2.96,372,57.94,153,23.83,62,9.66,36,5.61
3127057,Fronteira dos Vales,MG,2025,241,11,6,17,7.0539,4.56,2.49,7.05,171,70.95,28,11.62,17,7.05,8,3.32
3127073,Fruta de Leite,MG,2025,264,6,4,10,3.7879,2.27,1.52,3.79,146,55.3,64,24.24,29,10.98,15,5.68
3127107,Frutal,MG,2025,2244,29,46,75,3.3422,1.29,2.05,3.34,1577,70.28,402,17.91,122,5.44,68,3.03
3127206,Funilândia,MG,2025,257,2,7,9,3.5019,0.78,2.72,3.5,156,60.7,48,18.68,31,12.06,13,5.06
3127305,Galiléia,MG,2025,288,7,13,20,6.9444,2.43,4.51,6.94,194,67.36,46,15.97,17,5.9,11,3.82
3127339,Gameleiras,MG,2025,345,4,12,16,4.6377,1.16,3.48,4.64,222,64.35,69,20.0,21,6.09,17,4.93
3127354,Glaucilândia,MG,2025,145,2,5,7,4.8276,1.38,3.45,4.83,78,53.79,15,10.34,10,6.9,35,24.14
3127370,Goiabeira,MG,2025,197,13,7,20,10.1523,6.6,3.55,10.15,115,58.38,39,19.8,11,5.58,12,6.09
3127388,Goianá,MG,2025,123,1,4,5,4.065,0.81,3.25,4.06,70,56.91,25,20.33,13,10.57,10,8.13
3127404,Gonçalves,MG,2025,191,0,4,4,2.0942,0.0,2.09,2.09,142,74.35,29,15.18,10,5.24,6,3.14
3127503,Gonzaga,MG,2025,298,2,6,8,2.6846,0.67,2.01,2.68,180,60.4,64,21.48,30,10.07,16,5.37
3127602,Gouveia,MG,2025,564,6,16,22,3.9007,1.06,2.84,3.9,370,65.6,112,19.86,38,6.74,22,3.9
3127701,Governador Valadares,MG,2025,6969,228,232,460,6.6007,3.27,3.33,6.6,4595,65.93,1158,16.62,477,6.84,279,4.0
3127800,Grão Mogol,MG,2025,728,13,24,37,5.0824,1.79,3.3,5.09,508,69.78,123,16.9,41,5.63,19,2.61
3127909,Grupiara,MG,2025,58,3,3,6,10.3448,5.17,5.17,10.34,38,65.52,6,10.34,4,6.9,4,6.9
3128006,Guanhães,MG,2025,1558,21,52,73,4.6855,1.35,3.34,4.69,972,62.39,302,19.38,131,8.41,80,5.13
3128105,Guapé,MG,2025,661,6,15,21,3.177,0.91,2.27,3.18,436,65.96,134,20.27,50,7.56,20,3.03
3128204,Guaraciaba,MG,2025,321,6,10,16,4.9844,1.87,3.12,4.99,201,62.62,55,17.13,28,8.72,21,6.54
3128253,Guaraciama,MG,2025,243,4,5,9,3.7037,1.65,2.06,3.71,155,63.79,45,18.52,21,8.64,13,5.35
3128303,Guaranésia,MG,2025,830,11,25,36,4.3373,1.33,3.01,4.34,534,64.34,140,16.87,69,8.31,51,6.14
3128402,Guarani,MG,2025,276,11,9,20,7.2464,3.99,3.26,7.25,162,58.7,52,18.84,27,9.78,15,5.43
3128501,Guarará,MG,2025,190,1,1,2,1.0526,0.53,0.53,1.06,132,69.47,33,17.37,13,6.84,10,5.26
3128600,Guarda-Mor,MG,2025,376,7,7,14,3.7234,1.86,1.86,3.72,239,63.56,69,18.35,34,9.04,20,5.32
3128709,Guaxupé,MG,2025,580,13,26,39,6.7241,2.24,4.48,6.72,373,64.31,82,14.14,55,9.48,31,5.34
3128808,Guidoval,MG,2025,484,2,4,6,1.2397,0.41,0.83,1.24,244,50.41,102,21.07,71,14.67,61,12.6
3128907,Guimarânia,MG,2025,517,7,16,23,4.4487,1.35,3.09,4.44,329,63.64,106,20.5,39,7.54,20,3.87
3129004,Guiricema,MG,2025,358,7,6,13,3.6313,1.96,1.68,3.64,222,62.01,72,20.11,30,8.38,21,5.87
3129103,Gurinhatã,MG,2025,193,2,5,7,3.6269,1.04,2.59,3.63,123,63.73,37,19.17,16,8.29,10,5.18
3129202,Heliodora,MG,2025,268,2,4,6,2.2388,0.75,1.49,2.24,164,61.19,56,20.9,20,7.46,22,8.21
3129301,Iapu,MG,2025,641,3,12,15,2.3401,0.47,1.87,2.34,428,66.77,134,20.9,41,6.4,23,3.59
3129400,Ibertioga,MG,2025,223,2,4,6,2.6906,0.9,1.79,2.69,157,70.4,39,17.49,13,5.83,8,3.59
3129509,Ibiá,MG,2025,1080,16,12,28,2.5926,1.48,1.11,2.59,707,65.46,210,19.44,83,7.69,52,4.81
3129608,Ibiaí,MG,2025,397,12,14,26,6.5491,3.02,3.53,6.55,248,62.47,66,16.62,28,7.05,29,7.3
3129657,Ibiracatu,MG,2025,311,3,10,13,4.1801,0.96,3.22,4.18,194,62.38,63,20.26,21,6.75,20,6.43
3129707,Ibiraci,MG,2025,696,6,11,17,2.4425,0.86,1.58,2.44,417,59.91,170,24.43,54,7.76,38,5.46
3129806,Ibirité,MG,2025,6224,171,234,405,6.5071,2.75,3.76,6.51,4076,65.49,1022,16.42,382,6.14,339,5.45
3129905,Ibitiúra de Minas,MG,2025,133,3,4,7,5.2632,2.26,3.01,5.27,86,64.66,27,20.3,7,5.26,6,4.51
3130002,Ibituruna,MG,2025,121,1,3,4,3.3058,0.83,2.48,3.31,71,58.68,26,21.49,11,9.09,9,7.44
3130051,Icaraí de Minas,MG,2025,537,14,25,39,7.2626,2.61,4.66,7.27,360,67.04,77,14.34,39,7.26,22,4.1
3130101,Igarapé,MG,2025,1773,43,55,98,5.5274,2.43,3.1,5.53,1118,63.06,305,17.2,136,7.67,116,6.54
3130200,Igaratinga,MG,2025,617,1,11,12,1.9449,0.16,1.78,1.94,412,66.77,130,21.07,39,6.32,24,3.89
3130309,Iguatama,MG,2025,258,1,2,3,1.1628,0.39,0.78,1.17,155,60.08,61,23.64,23,8.91,16,6.2
3130408,Ijaci,MG,2025,367,2,5,7,1.9074,0.54,1.36,1.9,233,63.49,66,17.98,37,10.08,24,6.54
3130507,Ilicínea,MG,2025,626,5,14,19,3.0351,0.8,2.24,3.04,416,66.45,97,15.5,63,10.06,31,4.95
3130556,Imbé de Minas,MG,2025,455,5,8,13,2.8571,1.1,1.76,2.86,307,67.47,82,18.02,31,6.81,22,4.84
3130606,Inconfidentes,MG,2025,336,3,7,10,2.9762,0.89,2.08,2.97,227,67.56,65,19.35,18,5.36,16,4.76
3130655,Indaiabira,MG,2025,371,15,12,27,7.2776,4.04,3.23,7.27,262,70.62,57,15.36,12,3.23,13,3.5
3130705,Indianópolis,MG,2025,242,3,5,8,3.3058,1.24,2.07,3.31,155,64.05,46,19.01,20,8.26,13,5.37
3130804,Ingaí,MG,2025,161,5,3,8,4.9689,3.11,1.86,4.97,118,73.29,22,13.66,6,3.73,7,4.35
3130903,Inhapim,MG,2025,1134,43,32,75,6.6138,3.79,2.82,6.61,669,58.99,191,16.84,112,9.88,87,7.67
3131000,Inhaúma,MG,2025,313,3,6,9,2.8754,0.96,1.92,2.88,219,69.97,50,15.97,24,7.67,11,3.51
3131109,Inimutaba,MG,2025,373,22,12,34,9.1153,5.9,3.22,9.12,205,54.96,70,18.77,38,10.19,26,6.97
3131158,Ipaba,MG,2025,896,18,30,48,5.3571,2.01,3.35,5.36,505,56.36,169,18.86,81,9.04,93,10.38
3131208,Ipanema,MG,2025,847,19,35,54,6.3754,2.24,4.13,6.37,518,61.16,175,20.66,62,7.32,38,4.49
3131307,Ipatinga,MG,2025,7594,395,203,598,7.8746,5.2,2.67,7.87,4382,57.7,1440,18.96,660,8.69,514,6.77
3131406,Ipiaçu,MG,2025,181,7,7,14,7.7348,3.87,3.87,7.74,118,65.19,26,14.36,12,6.63,11,6.08
3131505,Ipuiúna,MG,2025,449,4,12,16,3.5635,0.89,2.67,3.56,294,65.48,74,16.48,43,9.58,22,4.9
3131604,Iraí de Minas,MG,2025,461,0,6,6,1.3015,0.0,1.3,1.3,329,71.37,79,17.14,35,7.59,12,2.6
3131703,Itabira,MG,2025,3271,45,82,127,3.8826,1.38,2.51,3.89,2190,66.95,610,18.65,207,6.33,137,4.19
3131802,Itabirinha,MG,2025,562,13,16,29,5.1601,2.31,2.85,5.16,328,58.36,106,18.86,53,9.43,46,8.19
3131901,Itabirito,MG,2025,2530,35,61,96,3.7945,1.38,2.41,3.79,1552,61.34,466,18.42,243,9.6,173,6.84
3132008,Itacambira,MG,2025,166,5,1,6,3.6145,3.01,0.6,3.61,107,64.46,35,21.08,10,6.02,8,4.82
3132107,Itacarambi,MG,2025,997,34,50,84,8.4253,3.41,5.02,8.43,633,63.49,166,16.65,56,5.62,58,5.82
3132206,Itaguara,MG,2025,455,7,10,17,3.7363,1.54,2.2,3.74,299,65.71,75,16.48,39,8.57,25,5.49
3132305,Itaipé,MG,2025,729,18,26,44,6.0357,2.47,3.57,6.04,471,64.61,127,17.42,55,7.54,32,4.39
3132404,Itajubá,MG,2025,3616,47,84,131,3.6228,1.3,2.32,3.62,2332,64.49,722,19.97,271,7.49,160,4.42
3132503,Itamarandiba,MG,2025,2039,30,51,81,3.9725,1.47,2.5,3.97,1358,66.6,379,18.59,143,7.01,78,3.83
3132602,Itamarati de Minas,MG,2025,153,3,6,9,5.8824,1.96,3.92,5.88,88,57.52,31,20.26,12,7.84,13,8.5
3132701,Itambacuri,MG,2025,1268,29,30,59,4.653,2.29,2.37,4.66,804,63.41,243,19.16,89,7.02,73,5.76
3132800,Itambé do Mato Dentro,MG,2025,91,5,6,11,12.0879,5.49,6.59,12.08,70,76.92,9,9.89,0,0.0,1,1.1
3132909,Itamogi,MG,2025,433,3,5,8,1.8476,0.69,1.15,1.84,254,58.66,105,24.25,46,10.62,20,4.62
3133006,Itamonte,MG,2025,677,9,13,22,3.2496,1.33,1.92,3.25,403,59.53,141,20.83,65,9.6,46,6.79
3133105,Itanhandu,MG,2025,519,6,20,26,5.0096,1.16,3.85,5.01,352,67.82,100,19.27,33,6.36,8,1.54
3133204,Itanhomi,MG,2025,622,10,16,26,4.1801,1.61,2.57,4.18,416,66.88,89,14.31,56,9.0,35,5.63
3133303,Itaobim,MG,2025,1008,16,35,51,5.0595,1.59,3.47,5.06,675,66.96,167,16.57,64,6.35,51,5.06
3133402,Itapagipe,MG,2025,539,3,3,6,1.1132,0.56,0.56,1.12,312,57.88,125,23.19,58,10.76,38,7.05
3133501,Itapecerica,MG,2025,558,9,16,25,4.4803,1.61,2.87,4.48,367,65.77,87,15.59,45,8.06,34,6.09
3133600,Itapeva,MG,2025,523,4,13,17,3.2505,0.76,2.49,3.25,333,63.67,93,17.78,53,10.13,27,5.16
3133709,Itatiaiuçu,MG,2025,565,11,12,23,4.0708,1.95,2.12,4.07,390,69.03,91,16.11,38,6.73,23,4.07
3133758,Itaú de Minas,MG,2025,405,10,16,26,6.4198,2.47,3.95,6.42,219,54.07,77,19.01,41,10.12,42,10.37
3133808,Itaúna,MG,2025,2292,54,84,138,6.0209,2.36,3.66,6.02,1483,64.7,359,15.66,168,7.33,144,6.28
3133907,Itaverava,MG,2025,267,0,5,5,1.8727,0.0,1.87,1.87,198,74.16,43,16.1,16,5.99,5,1.87
3134004,Itinga,MG,2025,799,20,33,53,6.6333,2.5,4.13,6.63,517,64.71,150,18.77,56,7.01,23,2.88
3134103,Itueta,MG,2025,356,7,6,13,3.6517,1.97,1.69,3.66,234,65.73,56,15.73,29,8.15,24,6.74
3134202,Ituiutaba,MG,2025,2793,37,91,128,4.5829,1.32,3.26,4.58,1895,67.85,478,17.11,179,6.41,113,4.05
3134301,Itumirim,MG,2025,240,1,4,5,2.0833,0.42,1.67,2.09,140,58.33,60,25.0,24,10.0,11,4.58
3134400,Iturama,MG,2025,1534,23,49,72,4.6936,1.5,3.19,4.69,1038,67.67,254,16.56,97,6.32,73,4.76
3134509,Itutinga,MG,2025,199,2,6,8,4.0201,1.01,3.02,4.03,135,67.84,36,18.09,13,6.53,7,3.52
3134608,Jaboticatubas,MG,2025,780,11,20,31,3.9744,1.41,2.56,3.97,536,68.72,126,16.15,43,5.51,44,5.64
3134707,Jacinto,MG,2025,412,10,10,20,4.8544,2.43,2.43,4.86,248,60.19,72,17.48,46,11.17,26,6.31
3134806,Jacuí,MG,2025,282,6,5,11,3.9007,2.13,1.77,3.9,190,67.38,45,15.96,21,7.45,15,5.32
3134905,Jacutinga,MG,2025,1012,4,19,23,2.2727,0.4,1.88,2.28,672,66.4,192,18.97,82,8.1,43,4.25
3135001,Jaguaraçu,MG,2025,103,1,4,5,4.8544,0.97,3.88,4.85,66,64.08,23,22.33,5,4.85,4,3.88
3135050,Jaíba,MG,2025,2889,34,80,114,3.946,1.18,2.77,3.95,2002,69.3,482,16.68,181,6.27,110,3.81
3135076,Jampruca,MG,2025,223,1,7,8,3.5874,0.45,3.14,3.59,156,69.96,38,17.04,12,5.38,9,4.04
3135100,Janaúba,MG,2025,3793,53,115,168,4.4292,1.4,3.03,4.43,2449,64.57,676,17.82,302,7.96,198,5.22
3135209,Januária,MG,2025,3305,109,145,254,7.6853,3.3,4.39,7.69,2174,65.78,478,14.46,231,6.99,168,5.08
3135308,Japaraíba,MG,2025,241,0,3,3,1.2448,0.0,1.24,1.24,161,66.8,52,21.58,21,8.71,4,1.66
3135357,Japonvar,MG,2025,458,3,10,13,2.8384,0.66,2.18,2.84,321,70.09,71,15.5,42,9.17,11,2.4
3135407,Jeceaba,MG,2025,249,7,5,12,4.8193,2.81,2.01,4.82,157,63.05,49,19.68,16,6.43,15,6.02
3135456,Jenipapo de Minas,MG,2025,343,5,9,14,4.0816,1.46,2.62,4.08,252,73.47,44,12.83,25,7.29,8,2.33
3135506,Jequeri,MG,2025,608,35,35,70,11.5132,5.76,5.76,11.52,391,64.31,85,13.98,26,4.28,36,5.92
3135605,Jequitaí,MG,2025,293,7,4,11,3.7543,2.39,1.37,3.76,191,65.19,49,16.72,22,7.51,20,6.83
3135704,Jequitibá,MG,2025,304,5,6,11,3.6184,1.64,1.97,3.61,208,68.42,53,17.43,18,5.92,14,4.61
3135803,Jequitinhonha,MG,2025,1169,13,34,47,4.0205,1.11,2.91,4.02,797,68.18,218,18.65,69,5.9,38,3.25
3135902,Jesuânia,MG,2025,256,3,3,6,2.3438,1.17,1.17,2.34,163,63.67,51,19.92,21,8.2,15,5.86
3136009,Joaíma,MG,2025,826,10,15,25,3.0266,1.21,1.82,3.03,589,71.31,137,16.59,54,6.54,21,2.54
3136108,Joanésia,MG,2025,167,2,2,4,2.3952,1.2,1.2,2.4,91,54.49,42,25.15,17,10.18,13,7.78
3136207,João Monlevade,MG,2025,1851,54,78,132,7.1313,2.92,4.21,7.13,1203,64.99,292,15.78,127,6.86,97,5.24
3136306,João Pinheiro,MG,2025,1984,68,71,139,7.006,3.43,3.58,7.01,1242,62.6,323,16.28,146,7.36,134,6.75
3136405,Joaquim Felício,MG,2025,212,2,3,5,2.3585,0.94,1.42,2.36,124,58.49,43,20.28,22,10.38,18,8.49
3136504,Jordânia,MG,2025,483,12,13,25,5.176,2.48,2.69,5.17,308,63.77,99,20.5,38,7.87,13,2.69
3136520,José Gonçalves de Minas,MG,2025,171,1,5,6,3.5088,0.58,2.92,3.5,116,67.84,30,17.54,16,9.36,3,1.75
3136553,José Raydan,MG,2025,195,3,4,7,3.5897,1.54,2.05,3.59,109,55.9,44,22.56,21,10.77,14,7.18
3136579,Josenópolis,MG,2025,145,5,8,13,8.9655,3.45,5.52,8.97,82,56.55,24,16.55,18,12.41,8,5.52
3136603,Nova União,MG,2025,337,0,7,7,2.0772,0.0,2.08,2.08,244,72.4,62,18.4,14,4.15,10,2.97
3136652,Juatuba,MG,2025,1321,38,25,63,4.7691,2.88,1.89,4.77,787,59.58,277,20.97,109,8.25,85,6.43
3136702,Juiz de Fora,MG,2025,9461,202,299,501,5.2954,2.14,3.16,5.3,6223,65.78,1617,17.09,685,7.24,435,4.6
3136801,Juramento,MG,2025,197,7,11,18,9.1371,3.55,5.58,9.13,102,51.78,39,19.8,18,9.14,20,10.15
3136900,Juruaia,MG,2025,355,9,8,17,4.7887,2.54,2.25,4.79,210,59.15,68,19.15,35,9.86,25,7.04
3136959,Juvenília,MG,2025,356,4,19,23,6.4607,1.12,5.34,6.46,227,63.76,58,16.29,34,9.55,14,3.93
3137007,Ladainha,MG,2025,764,8,18,26,3.4031,1.05,2.36,3.41,474,62.04,161,21.07,77,10.08,26,3.4
3137106,Lagamar,MG,2025,226,2,8,10,4.4248,0.88,3.54,4.42,151,66.81,37,16.37,18,7.96,10,4.42
3137205,Lagoa da Prata,MG,2025,1396,20,38,58,4.1547,1.43,2.72,4.15,961,68.84,219,15.69,93,6.66,65,4.66
3137304,Lagoa dos Patos,MG,2025,200,10,8,18,9.0,5.0,4.0,9.0,110,55.0,28,14.0,15,7.5,29,14.5
3137403,Lagoa Dourada,MG,2025,506,5,19,24,4.7431,0.99,3.75,4.74,342,67.59,86,17.0,28,5.53,26,5.14
3137502,Lagoa Formosa,MG,2025,858,17,25,42,4.8951,1.98,2.91,4.89,570,66.43,163,19.0,58,6.76,25,2.91
3137536,Lagoa Grande,MG,2025,353,4,10,14,3.966,1.13,2.83,3.96,232,65.72,72,20.4,25,7.08,10,2.83
3137601,Lagoa Santa,MG,2025,2536,52,54,106,4.1798,2.05,2.13,4.18,1623,64.0,484,19.09,198,7.81,125,4.93
3137700,Lajinha,MG,2025,1003,44,31,75,7.4776,4.39,3.09,7.48,566,56.43,168,16.75,94,9.37,100,9.97
3137809,Lambari,MG,2025,724,18,16,34,4.6961,2.49,2.21,4.7,399,55.11,136,18.78,88,12.15,67,9.25
3137908,Lamim,MG,2025,140,6,3,9,6.4286,4.29,2.14,6.43,80,57.14,30,21.43,15,10.71,6,4.29
3138005,Laranjal,MG,2025,143,1,0,1,0.6993,0.7,0.0,0.7,82,57.34,36,25.17,12,8.39,12,8.39
3138104,Lassance,MG,2025,415,16,14,30,7.2289,3.86,3.37,7.23,264,63.61,63,15.18,32,7.71,26,6.27
3138203,Lavras,MG,2025,2333,82,74,156,6.6867,3.51,3.17,6.68,1422,60.95,432,18.52,209,8.96,114,4.89
3138302,Leandro Ferreira,MG,2025,203,1,6,7,3.4483,0.49,2.96,3.45,151,74.38,38,18.72,5,2.46,2,0.99
3138351,Leme do Prado,MG,2025,229,3,2,5,2.1834,1.31,0.87,2.18,165,72.05,29,12.66,21,9.17,9,3.93
3138401,Leopoldina,MG,2025,1354,26,35,61,4.5052,1.92,2.58,4.5,870,64.25,249,18.39,96,7.09,78,5.76
3138500,Liberdade,MG,2025,160,5,6,11,6.875,3.13,3.75,6.88,111,69.38,21,13.13,9,5.63,8,5.0
3138609,Lima Duarte,MG,2025,411,22,20,42,10.219,5.35,4.87,10.22,232,56.45,74,18.0,36,8.76,27,6.57
3138625,Limeira do Oeste,MG,2025,396,3,6,9,2.2727,0.76,1.52,2.28,253,63.89,80,20.2,28,7.07,26,6.57
3138658,Lontra,MG,2025,566,16,17,33,5.8304,2.83,3.0,5.83,389,68.73,94,16.61,31,5.48,19,3.36
3138674,Luisburgo,MG,2025,552,2,7,9,1.6304,0.36,1.27,1.63,354,64.13,116,21.01,55,9.96,18,3.26
3138682,Luislândia,MG,2025,396,8,12,20,5.0505,2.02,3.03,5.05,228,57.58,80,20.2,32,8.08,36,9.09
3138708,Luminárias,MG,2025,247,3,4,7,2.834,1.21,1.62,2.83,127,51.42,57,23.08,38,15.38,18,7.29
3138807,Luz,MG,2025,748,9,10,19,2.5401,1.2,1.34,2.54,483,64.57,153,20.45,63,8.42,30,4.01
3138906,Machacalis,MG,2025,392,6,7,13,3.3163,1.53,1.79,3.32,236,60.2,76,19.39,33,8.42,34,8.67
3139003,Machado,MG,2025,1845,67,75,142,7.6965,3.63,4.07,7.7,1123,60.87,313,16.96,149,8.08,118,6.4
3139102,Madre de Deus de Minas,MG,2025,125,20,10,30,24.0,16.0,8.0,24.0,61,48.8,21,16.8,6,4.8,7,5.6
3139201,Malacacheta,MG,2025,730,15,26,41,5.6164,2.05,3.56,5.61,497,68.08,111,15.21,52,7.12,29,3.97
3139250,Mamonas,MG,2025,239,1,5,6,2.5105,0.42,2.09,2.51,174,72.8,38,15.9,16,6.69,5,2.09
3139300,Manga,MG,2025,1379,43,68,111,8.0493,3.12,4.93,8.05,923,66.93,215,15.59,72,5.22,58,4.21
3139409,Manhuaçu,MG,2025,3491,75,84,159,4.5546,2.15,2.41,4.56,2092,59.93,676,19.36,358,10.25,206,5.9
3139508,Manhumirim,MG,2025,782,25,24,49,6.266,3.2,3.07,6.27,468,59.85,144,18.41,69,8.82,52,6.65
3139607,Mantena,MG,2025,1034,4,25,29,2.8046,0.39,2.42,2.81,646,62.48,190,18.38,120,11.61,49,4.74
3139706,Maravilhas,MG,2025,377,5,9,14,3.7135,1.33,2.39,3.72,239,63.4,82,21.75,24,6.37,18,4.77
3139805,Mar de Espanha,MG,2025,555,19,10,29,5.2252,3.42,1.8,5.22,351,63.24,96,17.3,33,5.95,46,8.29
3139904,Maria da Fé,MG,2025,734,7,14,21,2.861,0.95,1.91,2.86,475,64.71,144,19.62,58,7.9,36,4.9
3140001,Mariana,MG,2025,2275,42,73,115,5.0549,1.85,3.21,5.06,1588,69.8,354,15.56,132,5.8,86,3.78
3140100,Marilac,MG,2025,320,9,5,14,4.375,2.81,1.56,4.37,190,59.38,61,19.06,32,10.0,23,7.19
3140159,Mário Campos,MG,2025,433,7,22,29,6.6975,1.62,5.08,6.7,290,66.97,68,15.7,25,5.77,21,4.85
3140209,Maripá de Minas,MG,2025,169,2,5,7,4.142,1.18,2.96,4.14,126,74.56,21,12.43,12,7.1,3,1.78
3140308,Marliéria,MG,2025,193,5,6,11,5.6995,2.59,3.11,5.7,115,59.59,32,16.58,26,13.47,9,4.66
3140407,Marmelópolis,MG,2025,111,0,3,3,2.7027,0.0,2.7,2.7,82,73.87,18,16.22,5,4.5,3,2.7
3140506,Martinho Campos,MG,2025,532,4,14,18,3.3835,0.75,2.63,3.38,317,59.59,112,21.05,56,10.53,29,5.45
3140530,Martins Soares,MG,2025,469,13,14,27,5.7569,2.77,2.99,5.76,280,59.7,66,14.07,55,11.73,41,8.74
3140555,Mata Verde,MG,2025,455,12,15,27,5.9341,2.64,3.3,5.94,286,62.86,84,18.46,35,7.69,23,5.05
3140605,Materlândia,MG,2025,209,8,8,16,7.6555,3.83,3.83,7.66,130,62.2,32,15.31,19,9.09,12,5.74
3140704,Mateus Leme,MG,2025,1415,37,40,77,5.4417,2.61,2.83,5.44,881,62.26,264,18.66,128,9.05,65,4.59
3140803,Matias Barbosa,MG,2025,518,8,17,25,4.8263,1.54,3.28,4.82,337,65.06,95,18.34,36,6.95,25,4.83
3140852,Matias Cardoso,MG,2025,575,13,16,29,5.0435,2.26,2.78,5.04,386,67.13,95,16.52,34,5.91,31,5.39
3140902,Matipó,MG,2025,1148,37,23,60,5.2265,3.22,2.0,5.22,690,60.1,199,17.33,103,8.97,96,8.36
3141009,Mato Verde,MG,2025,721,18,28,46,6.38,2.5,3.88,6.38,439,60.89,137,19.0,43,5.96,56,7.77
3141108,Matozinhos,MG,2025,914,28,34,62,6.7834,3.06,3.72,6.78,592,64.77,144,15.75,67,7.33,49,5.36
3141207,Matutina,MG,2025,194,0,5,5,2.5773,0.0,2.58,2.58,150,77.32,32,16.49,5,2.58,2,1.03
3141306,Medeiros,MG,2025,169,0,2,2,1.1834,0.0,1.18,1.18,108,63.91,26,15.38,22,13.02,11,6.51
3141405,Medina,MG,2025,1000,11,20,31,3.1,1.1,2.0,3.1,639,63.9,197,19.7,93,9.3,40,4.0
3141504,Mendes Pimentel,MG,2025,145,2,4,6,4.1379,1.38,2.76,4.14,83,57.24,33,22.76,9,6.21,14,9.66
3141603,Mercês,MG,2025,313,5,10,15,4.7923,1.6,3.19,4.79,205,65.5,64,20.45,18,5.75,11,3.51
3141702,Mesquita,MG,2025,191,0,4,4,2.0942,0.0,2.09,2.09,113,59.16,35,18.32,26,13.61,13,6.81
3141801,Minas Novas,MG,2025,1303,20,36,56,4.2978,1.53,2.76,4.29,916,70.3,228,17.5,72,5.53,31,2.38
3141900,Minduri,MG,2025,163,0,5,5,3.0675,0.0,3.07,3.07,117,71.78,27,16.56,10,6.13,4,2.45
3142007,Mirabela,MG,2025,592,10,17,27,4.5608,1.69,2.87,4.56,376,63.51,95,16.05,58,9.8,36,6.08
3142106,Miradouro,MG,2025,381,6,12,18,4.7244,1.57,3.15,4.72,266,69.82,46,12.07,28,7.35,23,6.04
3142205,Miraí,MG,2025,530,3,13,16,3.0189,0.57,2.45,3.02,342,64.53,97,18.3,36,6.79,39,7.36
3142254,Miravânia,MG,2025,207,4,14,18,8.6957,1.93,6.76,8.69,136,65.7,26,12.56,12,5.8,15,7.25
3142304,Moeda,MG,2025,242,2,7,9,3.719,0.83,2.89,3.72,171,70.66,46,19.01,12,4.96,4,1.65
3142403,Moema,MG,2025,392,3,2,5,1.2755,0.77,0.51,1.28,259,66.07,84,21.43,29,7.4,15,3.83
3142502,Monjolos,MG,2025,88,1,1,2,2.2727,1.14,1.14,2.28,57,64.77,17,19.32,4,4.55,8,9.09
3142601,Monsenhor Paulo,MG,2025,320,6,8,14,4.375,1.88,2.5,4.38,204,63.75,64,20.0,23,7.19,15,4.69
3142700,Montalvânia,MG,2025,881,11,45,56,6.3564,1.25,5.11,6.36,603,68.44,142,16.12,53,6.02,27,3.06
3142809,Monte Alegre de Minas,MG,2025,473,24,18,42,8.8795,5.07,3.81,8.88,325,68.71,57,12.05,23,4.86,26,5.5
3142908,Monte Azul,MG,2025,1013,15,22,37,3.6525,1.48,2.17,3.65,669,66.04,177,17.47,63,6.22,67,6.61
3143005,Monte Belo,MG,2025,474,7,16,23,4.8523,1.48,3.38,4.86,314,66.24,82,17.3,33,6.96,22,4.64
3143104,Monte Carmelo,MG,2025,1862,19,33,52,2.7927,1.02,1.77,2.79,1185,63.64,390,20.95,160,8.59,75,4.03
3143153,Monte Formoso,MG,2025,271,7,7,14,5.1661,2.58,2.58,5.16,171,63.1,58,21.4,16,5.9,12,4.43
3143203,Monte Santo de Minas,MG,2025,1026,8,16,24,2.3392,0.78,1.56,2.34,684,66.67,202,19.69,76,7.41,40,3.9
3143302,Montes Claros,MG,2025,15435,569,652,1221,7.9106,3.69,4.22,7.91,9972,64.61,2467,15.98,960,6.22,815,5.28
3143401,Monte Sião,MG,2025,833,26,16,42,5.042,3.12,1.92,5.04,489,58.7,144,17.29,96,11.52,62,7.44
3143450,Montezuma,MG,2025,405,7,13,20,4.9383,1.73,3.21,4.94,281,69.38,60,14.81,26,6.42,18,4.44
3143500,Morada Nova de Minas,MG,2025,533,5,10,15,2.8143,0.94,1.88,2.82,334,62.66,108,20.26,39,7.32,37,6.94
3143609,Morro da Garça,MG,2025,77,7,3,10,12.987,9.09,3.9,12.99,46,59.74,16,20.78,4,5.19,1,1.3
3143708,Morro do Pilar,MG,2025,162,6,3,9,5.5556,3.7,1.85,5.55,100,61.73,26,16.05,16,9.88,11,6.79
3143807,Munhoz,MG,2025,391,6,9,15,3.8363,1.53,2.3,3.83,262,67.01,73,18.67,27,6.91,14,3.58
3143906,Muriaé,MG,2025,4740,66,110,176,3.7131,1.39,2.32,3.71,2901,61.2,920,19.41,424,8.95,319,6.73
3144003,Mutum,MG,2025,1360,30,51,81,5.9559,2.21,3.75,5.96,863,63.46,245,18.01,99,7.28,72,5.29
3144102,Muzambinho,MG,2025,563,7,26,33,5.8615,1.24,4.62,5.86,347,61.63,114,20.25,46,8.17,23,4.09
3144201,Nacip Raydan,MG,2025,118,0,3,3,2.5424,0.0,2.54,2.54,82,69.49,18,15.25,7,5.93,8,6.78
3144300,Nanuque,MG,2025,1518,26,39,65,4.2819,1.71,2.57,4.28,953,62.78,284,18.71,122,8.04,94,6.19
3144359,Naque,MG,2025,476,4,14,18,3.7815,0.84,2.94,3.78,302,63.45,83,17.44,43,9.03,30,6.3
3144375,Natalândia,MG,2025,307,0,6,6,1.9544,0.0,1.95,1.95,237,77.2,44,14.33,11,3.58,9,2.93
3144409,Natércia,MG,2025,202,0,5,5,2.4752,0.0,2.48,2.48,127,62.87,44,21.78,18,8.91,8,3.96
3144508,Nazareno,MG,2025,301,8,8,16,5.3156,2.66,2.66,5.32,169,56.15,77,25.58,19,6.31,20,6.64
3144607,Nepomuceno,MG,2025,1100,15,22,37,3.3636,1.36,2.0,3.36,689,62.64,208,18.91,116,10.55,50,4.55
3144656,Ninheira,MG,2025,607,10,14,24,3.9539,1.65,2.31,3.96,429,70.68,89,14.66,48,7.91,17,2.8
3144672,Nova Belém,MG,2025,211,1,8,9,4.2654,0.47,3.79,4.26,135,63.98,51,24.17,9,4.27,7,3.32
3144706,Nova Era,MG,2025,639,9,9,18,2.8169,1.41,1.41,2.82,403,63.07,145,22.69,52,8.14,21,3.29
3144805,Nova Lima,MG,2025,3329,33,69,102,3.064,0.99,2.07,3.06,2278,68.43,622,18.68,216,6.49,111,3.33
3144904,Nova Módica,MG,2025,203,1,5,6,2.9557,0.49,2.46,2.95,128,63.05,40,19.7,18,8.87,11,5.42
3145000,Nova Ponte,MG,2025,595,13,19,32,5.3782,2.18,3.19,5.37,353,59.33,117,19.66,46,7.73,47,7.9
3145059,Nova Porteirinha,MG,2025,433,6,18,24,5.5427,1.39,4.16,5.55,290,66.97,78,18.01,28,6.47,13,3.0
3145109,Nova Resende,MG,2025,896,10,17,27,3.0134,1.12,1.9,3.02,630,70.31,150,16.74,52,5.8,37,4.13
3145208,Nova Serrana,MG,2025,6123,88,158,246,4.0176,1.44,2.58,4.02,4020,65.65,1177,19.22,418,6.83,262,4.28
3145307,Novo Cruzeiro,MG,2025,1274,30,39,69,5.416,2.35,3.06,5.41,857,67.27,212,16.64,83,6.51,53,4.16
3145356,Novo Oriente de Minas,MG,2025,406,15,12,27,6.6502,3.69,2.96,6.65,259,63.79,64,15.76,34,8.37,22,5.42
3145372,Novorizonte,MG,2025,347,6,19,25,7.2046,1.73,5.48,7.21,236,68.01,60,17.29,16,4.61,10,2.88
3145406,Olaria,MG,2025,45,4,3,7,15.5556,8.89,6.67,15.56,24,53.33,7,15.56,2,4.44,5,11.11
3145455,Olhos-d'Água,MG,2025,230,5,9,14,6.087,2.17,3.91,6.08,150,65.22,39,16.96,17,7.39,10,4.35
3145505,Olímpio Noronha,MG,2025,152,2,4,6,3.9474,1.32,2.63,3.95,109,71.71,27,17.76,8,5.26,2,1.32
3145604,Oliveira,MG,2025,1439,20,27,47,3.2662,1.39,1.88,3.27,857,59.56,332,23.07,134,9.31,69,4.79
3145703,Oliveira Fortes,MG,2025,83,0,4,4,4.8193,0.0,4.82,4.82,65,78.31,10,12.05,1,1.2,3,3.61
3145802,Onça de Pitangui,MG,2025,146,4,6,10,6.8493,2.74,4.11,6.85,95,65.07,22,15.07,9,6.16,10,6.85
3145851,Oratórios,MG,2025,201,7,4,11,5.4726,3.48,1.99,5.47,122,60.7,37,18.41,16,7.96,15,7.46
3145877,Orizânia,MG,2025,594,15,14,29,4.8822,2.53,2.36,4.89,380,63.97,107,18.01,47,7.91,31,5.22
3145901,Ouro Branco,MG,2025,1547,18,27,45,2.9089,1.16,1.75,2.91,1107,71.56,241,15.58,107,6.92,47,3.04
3146008,Ouro Fino,MG,2025,1001,10,21,31,3.0969,1.0,2.1,3.1,627,62.64,204,20.38,85,8.49,54,5.39
3146107,Ouro Preto,MG,2025,2478,37,53,90,3.632,1.49,2.14,3.63,1655,66.79,483,19.49,161,6.5,89,3.59
3146206,Ouro Verde de Minas,MG,2025,451,10,10,20,4.4346,2.22,2.22,4.44,249,55.21,101,22.39,48,10.64,33,7.32
3146255,Padre Carvalho,MG,2025,200,10,11,21,10.5,5.0,5.5,10.5,121,60.5,33,16.5,15,7.5,10,5.0
3146305,Padre Paraíso,MG,2025,1037,18,24,42,4.0501,1.74,2.31,4.05,703,67.79,179,17.26,76,7.33,37,3.57
3146404,Paineiras,MG,2025,115,3,2,5,4.3478,2.61,1.74,4.35,72,62.61,22,19.13,8,6.96,8,6.96
3146503,Pains,MG,2025,305,3,3,6,1.9672,0.98,0.98,1.96,184,60.33,69,22.62,35,11.48,11,3.61
3146552,Pai Pedro,MG,2025,303,5,11,16,5.2805,1.65,3.63,5.28,199,65.68,58,19.14,24,7.92,6,1.98
3146602,Paiva,MG,2025,98,1,2,3,3.0612,1.02,2.04,3.06,58,59.18,19,19.39,12,12.24,6,6.12
3146701,Palma,MG,2025,222,3,10,13,5.8559,1.35,4.5,5.85,129,58.11,20,9.01,21,9.46,39,17.57
3146750,Palmópolis,MG,2025,344,7,3,10,2.907,2.03,0.87,2.9,215,62.5,65,18.9,33,9.59,21,6.1
3146909,Papagaios,MG,2025,712,11,11,22,3.0899,1.54,1.54,3.08,480,67.42,125,17.56,49,6.88,36,5.06
3147006,Paracatu,MG,2025,2854,50,73,123,4.3097,1.75,2.56,4.31,1736,60.83,542,18.99,221,7.74,232,8.13
3147105,Pará de Minas,MG,2025,4213,39,100,139,3.2993,0.93,2.37,3.3,2844,67.51,837,19.87,283,6.72,110,2.61
3147204,Paraguaçu,MG,2025,953,9,14,23,2.4134,0.94,1.47,2.41,627,65.79,196,20.57,74,7.76,33,3.46
3147303,Paraisópolis,MG,2025,866,8,13,21,2.4249,0.92,1.5,2.42,589,68.01,147,16.97,63,7.27,46,5.31
3147402,Paraopeba,MG,2025,1042,21,37,58,5.5662,2.02,3.55,5.57,635,60.94,214,20.54,89,8.54,46,4.41
3147501,Passabém,MG,2025,79,0,2,2,2.5316,0.0,2.53,2.53,55,69.62,12,15.19,7,8.86,3,3.8
3147600,Passa Quatro,MG,2025,411,8,15,23,5.5961,1.95,3.65,5.6,253,61.56,71,17.27,43,10.46,21,5.11
3147709,Passa Tempo,MG,2025,183,2,5,7,3.8251,1.09,2.73,3.82,102,55.74,36,19.67,25,13.66,13,7.1
3147808,Passa Vinte,MG,2025,100,6,1,7,7.0,6.0,1.0,7.0,55,55.0,21,21.0,5,5.0,12,12.0
3147907,Passos,MG,2025,2915,151,127,278,9.5369,5.18,4.36,9.54,1742,59.76,489,16.78,192,6.59,214,7.34
3147956,Patis,MG,2025,264,12,6,18,6.8182,4.55,2.27,6.82,149,56.44,38,14.39,29,10.98,30,11.36
3148004,Patos de Minas,MG,2025,4851,51,108,159,3.2777,1.05,2.23,3.28,3114,64.19,970,20.0,393,8.1,215,4.43
3148103,Patrocínio,MG,2025,3224,102,100,202,6.2655,3.16,3.1,6.26,1955,60.64,576,17.87,280,8.68,211,6.54
3148202,Patrocínio do Muriaé,MG,2025,304,5,6,11,3.6184,1.64,1.97,3.61,191,62.83,58,19.08,23,7.57,21,6.91
3148301,Paula Cândido,MG,2025,367,10,3,13,3.5422,2.72,0.82,3.54,220,59.95,78,21.25,33,8.99,23,6.27
3148400,Paulistas,MG,2025,237,0,7,7,2.9536,0.0,2.95,2.95,165,69.62,43,18.14,14,5.91,8,3.38
3148509,Pavão,MG,2025,360,6,11,17,4.7222,1.67,3.06,4.73,224,62.22,67,18.61,31,8.61,21,5.83
3148608,Peçanha,MG,2025,730,45,39,84,11.5068,6.16,5.34,11.5,336,46.03,113,15.48,88,12.05,109,14.93
3148707,Pedra Azul,MG,2025,996,36,32,68,6.8273,3.61,3.21,6.82,587,58.94,175,17.57,101,10.14,65,6.53
3148756,Pedra Bonita,MG,2025,554,10,18,28,5.0542,1.81,3.25,5.06,364,65.7,86,15.52,33,5.96,43,7.76
3148806,Pedra do Anta,MG,2025,78,2,2,4,5.1282,2.56,2.56,5.12,46,58.97,18,23.08,5,6.41,5,6.41
3148905,Pedra do Indaiá,MG,2025,170,0,3,3,1.7647,0.0,1.76,1.76,97,57.06,35,20.59,20,11.76,15,8.82
3149002,Pedra Dourada,MG,2025,143,3,2,5,3.4965,2.1,1.4,3.5,82,57.34,38,26.57,11,7.69,7,4.9
3149101,Pedralva,MG,2025,468,7,9,16,3.4188,1.5,1.92,3.42,333,71.15,81,17.31,27,5.77,11,2.35
3149150,Pedras de Maria da Cruz,MG,2025,440,20,19,39,8.8636,4.55,4.32,8.87,273,62.05,66,15.0,30,6.82,32,7.27
3149200,Pedrinópolis,MG,2025,162,1,2,3,1.8519,0.62,1.23,1.85,120,74.07,29,17.9,9,5.56,1,0.62
3149309,Pedro Leopoldo,MG,2025,994,23,14,37,3.7223,2.31,1.41,3.72,596,59.96,219,22.03,69,6.94,73,7.34
3149408,Pedro Teixeira,MG,2025,100,0,2,2,2.0,0.0,2.0,2.0,65,65.0,17,17.0,10,10.0,6,6.0
3149507,Pequeri,MG,2025,178,5,4,9,5.0562,2.81,2.25,5.06,114,64.04,29,16.29,15,8.43,11,6.18
3149606,Pequi,MG,2025,190,1,5,6,3.1579,0.53,2.63,3.16,124,65.26,32,16.84,17,8.95,11,5.79
3149705,Perdigão,MG,2025,766,18,22,40,5.2219,2.35,2.87,5.22,471,61.49,155,20.23,60,7.83,40,5.22
3149804,Perdizes,MG,2025,1168,8,22,30,2.5685,0.68,1.88,2.56,748,64.04,269,23.03,78,6.68,43,3.68
3149903,Perdões,MG,2025,489,51,13,64,13.0879,10.43,2.66,13.09,286,58.49,82,16.77,33,6.75,24,4.91
3149952,Periquito,MG,2025,393,8,11,19,4.8346,2.04,2.8,4.84,211,53.69,72,18.32,50,12.72,41,10.43
3150000,Pescador,MG,2025,198,2,5,7,3.5354,1.01,2.53,3.54,111,56.06,46,23.23,25,12.63,9,4.55
3150109,Piau,MG,2025,123,3,3,6,4.878,2.44,2.44,4.88,81,65.85,17,13.82,12,9.76,7,5.69
3150158,Piedade de Caratinga,MG,2025,654,25,17,42,6.422,3.82,2.6,6.42,421,64.37,122,18.65,42,6.42,27,4.13
3150208,Piedade de Ponte Nova,MG,2025,160,7,11,18,11.25,4.38,6.88,11.26,90,56.25,26,16.25,17,10.63,9,5.63
3150307,Piedade do Rio Grande,MG,2025,244,3,6,9,3.6885,1.23,2.46,3.69,170,69.67,46,18.85,14,5.74,5,2.05
3150406,Piedade dos Gerais,MG,2025,186,12,2,14,7.5269,6.45,1.08,7.53,117,62.9,13,6.99,24,12.9,18,9.68
3150505,Pimenta,MG,2025,367,2,6,8,2.1798,0.54,1.63,2.17,206,56.13,94,25.61,37,10.08,22,5.99
3150539,Pingo-d'Água,MG,2025,264,6,10,16,6.0606,2.27,3.79,6.06,179,67.8,35,13.26,21,7.95,13,4.92
3150570,Pintópolis,MG,2025,503,14,18,32,6.3618,2.78,3.58,6.36,304,60.44,75,14.91,40,7.95,52,10.34
3150604,Piracema,MG,2025,149,4,1,5,3.3557,2.68,0.67,3.35,70,46.98,27,18.12,23,15.44,24,16.11
3150703,Pirajuba,MG,2025,387,1,11,12,3.1008,0.26,2.84,3.1,225,58.14,81,20.93,35,9.04,34,8.79
3150802,Piranga,MG,2025,725,15,10,25,3.4483,2.07,1.38,3.45,515,71.03,122,16.83,40,5.52,23,3.17
3150901,Piranguçu,MG,2025,258,4,5,9,3.4884,1.55,1.94,3.49,177,68.6,46,17.83,14,5.43,12,4.65
3151008,Piranguinho,MG,2025,405,8,8,16,3.9506,1.98,1.98,3.96,234,57.78,94,23.21,34,8.4,27,6.67
3151107,Pirapetinga,MG,2025,431,2,8,10,2.3202,0.46,1.86,2.32,211,48.96,108,25.06,51,11.83,51,11.83
3151206,Pirapora,MG,2025,2665,63,84,147,5.5159,2.36,3.15,5.51,1769,66.38,436,16.36,188,7.05,125,4.69
3151305,Piraúba,MG,2025,299,2,8,10,3.3445,0.67,2.68,3.35,175,58.53,61,20.4,31,10.37,22,7.36
3151404,Pitangui,MG,2025,1015,15,19,34,3.3498,1.48,1.87,3.35,627,61.77,194,19.11,111,10.94,49,4.83
3151503,Piumhi,MG,2025,1680,36,60,96,5.7143,2.14,3.57,5.71,1056,62.86,300,17.86,141,8.39,87,5.18
3151602,Planura,MG,2025,461,9,21,30,6.5076,1.95,4.56,6.51,313,67.9,73,15.84,28,6.07,17,3.69
3151701,Poço Fundo,MG,2025,730,7,24,31,4.2466,0.96,3.29,4.25,466,63.84,141,19.32,55,7.53,37,5.07
3151800,Poços de Caldas,MG,2025,4062,31,94,125,3.0773,0.76,2.31,3.07,2821,69.45,694,17.09,286,7.04,136,3.35
3151909,Pocrane,MG,2025,446,18,8,26,5.8296,4.04,1.79,5.83,261,58.52,87,19.51,39,8.74,33,7.4
3152006,Pompéu,MG,2025,1050,14,35,49,4.6667,1.33,3.33,4.66,688,65.52,179,17.05,85,8.1,49,4.67
3152105,Ponte Nova,MG,2025,1315,42,38,80,6.0837,3.19,2.89,6.08,801,60.91,238,18.1,95,7.22,101,7.68
3152131,Ponto Chique,MG,2025,245,9,9,18,7.3469,3.67,3.67,7.34,152,62.04,38,15.51,24,9.8,13,5.31
3152170,Ponto dos Volantes,MG,2025,513,28,18,46,8.9669,5.46,3.51,8.97,328,63.94,75,14.62,35,6.82,29,5.65
3152204,Porteirinha,MG,2025,1969,40,57,97,4.9264,2.03,2.89,4.92,1367,69.43,312,15.85,125,6.35,68,3.45
3152303,Porto Firme,MG,2025,477,5,7,12,2.5157,1.05,1.47,2.52,331,69.39,82,17.19,36,7.55,16,3.35
3152402,Poté,MG,2025,696,7,14,21,3.0172,1.01,2.01,3.02,488,70.11,123,17.67,43,6.18,21,3.02
3152501,Pouso Alegre,MG,2025,4271,102,132,234,5.4788,2.39,3.09,5.48,2697,63.15,755,17.68,332,7.77,253,5.92
3152600,Pouso Alto,MG,2025,242,4,3,7,2.8926,1.65,1.24,2.89,147,60.74,54,22.31,26,10.74,8,3.31
3152709,Prados,MG,2025,337,6,11,17,5.0445,1.78,3.26,5.04,199,59.05,66,19.58,36,10.68,19,5.64
3152808,Prata,MG,2025,1337,16,19,35,2.6178,1.2,1.42,2.62,819,61.26,307,22.96,115,8.6,61,4.56
3152907,Pratápolis,MG,2025,392,6,7,13,3.3163,1.53,1.79,3.32,305,77.81,46,11.73,21,5.36,7,1.79
3153004,Pratinha,MG,2025,194,3,5,8,4.1237,1.55,2.58,4.13,123,63.4,32,16.49,21,10.82,10,5.15
3153103,Presidente Bernardes,MG,2025,204,5,7,12,5.8824,2.45,3.43,5.88,124,60.78,36,17.65,21,10.29,11,5.39
3153202,Presidente Juscelino,MG,2025,144,0,1,1,0.6944,0.0,0.69,0.69,92,63.89,32,22.22,12,8.33,7,4.86
3153301,Presidente Kubitschek,MG,2025,178,2,2,4,2.2472,1.12,1.12,2.24,142,79.78,20,11.24,4,2.25,8,4.49
3153400,Presidente Olegário,MG,2025,687,15,27,42,6.1135,2.18,3.93,6.11,412,59.97,134,19.51,48,6.99,51,7.42
3153509,Alto Jequitibá,MG,2025,493,5,18,23,4.6653,1.01,3.65,4.66,364,73.83,66,13.39,26,5.27,14,2.84
3153608,Prudente de Morais,MG,2025,497,5,16,21,4.2254,1.01,3.22,4.23,346,69.62,82,16.5,35,7.04,13,2.62
3153707,Quartel Geral,MG,2025,153,6,6,12,7.8431,3.92,3.92,7.84,91,59.48,29,18.95,15,9.8,6,3.92
3153806,Queluzito,MG,2025,111,1,4,5,4.5045,0.9,3.6,4.5,75,67.57,21,18.92,6,5.41,4,3.6
3153905,Raposos,MG,2025,112,8,4,12,10.7143,7.14,3.57,10.71,46,41.07,22,19.64,12,10.71,20,17.86
3154002,Raul Soares,MG,2025,833,14,35,49,5.8824,1.68,4.2,5.88,546,65.55,136,16.33,53,6.36,49,5.88
3154101,Recreio,MG,2025,260,4,7,11,4.2308,1.54,2.69,4.23,156,60.0,57,21.92,25,9.62,11,4.23
3154150,Reduto,MG,2025,435,1,5,6,1.3793,0.23,1.15,1.38,252,57.93,94,21.61,60,13.79,23,5.29
3154200,Resende Costa,MG,2025,450,8,6,14,3.1111,1.78,1.33,3.11,323,71.78,80,17.78,21,4.67,12,2.67
3154309,Resplendor,MG,2025,655,8,15,23,3.5115,1.22,2.29,3.51,407,62.14,123,18.78,53,8.09,49,7.48
3154408,Ressaquinha,MG,2025,219,4,3,7,3.1963,1.83,1.37,3.2,143,65.3,42,19.18,13,5.94,14,6.39
3154457,Riachinho,MG,2025,461,12,23,35,7.5922,2.6,4.99,7.59,309,67.03,79,17.14,20,4.34,18,3.9
3154507,Riacho dos Machados,MG,2025,518,7,8,15,2.8958,1.35,1.54,2.89,354,68.34,94,18.15,24,4.63,31,5.98
3154606,Ribeirão das Neves,MG,2025,10323,275,352,627,6.0738,2.66,3.41,6.07,6692,64.83,1747,16.92,773,7.49,484,4.69
3154705,Ribeirão Vermelho,MG,2025,157,2,4,6,3.8217,1.27,2.55,3.82,112,71.34,25,15.92,5,3.18,9,5.73
3154804,Rio Acima,MG,2025,255,5,18,23,9.0196,1.96,7.06,9.02,163,63.92,42,16.47,16,6.27,11,4.31
3154903,Rio Casca,MG,2025,465,10,9,19,4.086,2.15,1.94,4.09,289,62.15,70,15.05,40,8.6,47,10.11
3155009,Rio Doce,MG,2025,159,0,3,3,1.8868,0.0,1.89,1.89,111,69.81,31,19.5,9,5.66,5,3.14
3155108,Rio do Prado,MG,2025,241,5,7,12,4.9793,2.07,2.9,4.97,159,65.98,39,16.18,17,7.05,14,5.81
3155207,Rio Espera,MG,2025,213,4,11,15,7.0423,1.88,5.16,7.04,133,62.44,34,15.96,20,9.39,11,5.16
3155306,Rio Manso,MG,2025,218,1,4,5,2.2936,0.46,1.83,2.29,154,70.64,31,14.22,18,8.26,10,4.59
3155405,Rio Novo,MG,2025,242,3,11,14,5.7851,1.24,4.55,5.79,160,66.12,45,18.6,15,6.2,8,3.31
3155504,Rio Paranaíba,MG,2025,800,12,20,32,4.0,1.5,2.5,4.0,517,64.63,153,19.13,69,8.63,29,3.63
3155603,Rio Pardo de Minas,MG,2025,1855,37,55,92,4.9596,1.99,2.96,4.95,1268,68.36,296,15.96,131,7.06,68,3.67
3155702,Rio Piracicaba,MG,2025,581,10,11,21,3.6145,1.72,1.89,3.61,369,63.51,118,20.31,47,8.09,26,4.48
3155801,Rio Pomba,MG,2025,510,14,7,21,4.1176,2.75,1.37,4.12,305,59.8,103,20.2,43,8.43,38,7.45
3155900,Rio Preto,MG,2025,211,4,2,6,2.8436,1.9,0.95,2.85,128,60.66,48,22.75,20,9.48,9,4.27
3156007,Rio Vermelho,MG,2025,512,6,9,15,2.9297,1.17,1.76,2.93,308,60.16,126,24.61,41,8.01,22,4.3
3156106,Ritápolis,MG,2025,122,1,1,2,1.6393,0.82,0.82,1.64,72,59.02,28,22.95,13,10.66,7,5.74
3156205,Rochedo de Minas,MG,2025,139,1,2,3,2.1583,0.72,1.44,2.16,83,59.71,28,20.14,11,7.91,14,10.07
3156304,Rodeiro,MG,2025,504,6,8,14,2.7778,1.19,1.59,2.78,270,53.57,131,25.99,57,11.31,32,6.35
3156403,Romaria,MG,2025,186,2,2,4,2.1505,1.08,1.08,2.16,122,65.59,28,15.05,22,11.83,10,5.38
3156452,Rosário da Limeira,MG,2025,163,4,7,11,6.7485,2.45,4.29,6.74,102,62.58,34,20.86,11,6.75,5,3.07
3156502,Rubelita,MG,2025,250,16,12,28,11.2,6.4,4.8,11.2,143,57.2,40,16.0,24,9.6,15,6.0
3156601,Rubim,MG,2025,319,5,8,13,4.0752,1.57,2.51,4.08,200,62.7,50,15.67,35,10.97,21,6.58
3156700,Sabará,MG,2025,3957,101,153,254,6.419,2.55,3.87,6.42,2551,64.47,703,17.77,273,6.9,176,4.45
3156809,Sabinópolis,MG,2025,730,7,16,23,3.1507,0.96,2.19,3.15,505,69.18,127,17.4,52,7.12,23,3.15
3156908,Sacramento,MG,2025,1424,6,20,26,1.8258,0.42,1.4,1.82,957,67.21,294,20.65,94,6.6,53,3.72
3157005,Salinas,MG,2025,1614,42,45,87,5.3903,2.6,2.79,5.39,1043,64.62,300,18.59,102,6.32,82,5.08
3157104,Salto da Divisa,MG,2025,215,2,7,9,4.186,0.93,3.26,4.19,119,55.35,47,21.86,27,12.56,13,6.05
3157203,Santa Bárbara,MG,2025,1259,25,30,55,4.3685,1.99,2.38,4.37,822,65.29,244,19.38,82,6.51,56,4.45
3157252,Santa Bárbara do Leste,MG,2025,527,8,18,26,4.9336,1.52,3.42,4.94,370,70.21,85,16.13,28,5.31,18,3.42
3157278,Santa Bárbara do Monte Verde,MG,2025,144,0,2,2,1.3889,0.0,1.39,1.39,99,68.75,32,22.22,10,6.94,1,0.69
3157302,Santa Bárbara do Tugúrio,MG,2025,225,2,4,6,2.6667,0.89,1.78,2.67,157,69.78,40,17.78,14,6.22,8,3.56
3157336,Santa Cruz de Minas,MG,2025,264,5,6,11,4.1667,1.89,2.27,4.16,182,68.94,47,17.8,15,5.68,9,3.41
3157377,Santa Cruz de Salinas,MG,2025,217,5,5,10,4.6083,2.3,2.3,4.6,133,61.29,40,18.43,21,9.68,13,5.99
3157401,Santa Cruz do Escalvado,MG,2025,169,3,4,7,4.142,1.78,2.37,4.15,109,64.5,33,19.53,6,3.55,14,8.28
3157500,Santa Efigênia de Minas,MG,2025,261,5,3,8,3.0651,1.92,1.15,3.07,165,63.22,59,22.61,17,6.51,12,4.6
3157609,Santa Fé de Minas,MG,2025,189,6,11,17,8.9947,3.17,5.82,8.99,114,60.32,29,15.34,13,6.88,16,8.47
3157658,Santa Helena de Minas,MG,2025,424,1,11,12,2.8302,0.24,2.59,2.83,286,67.45,78,18.4,35,8.25,13,3.07
3157708,Santa Juliana,MG,2025,1044,3,23,26,2.4904,0.29,2.2,2.49,696,66.67,236,22.61,61,5.84,25,2.39
3157807,Santa Luzia,MG,2025,9036,278,341,619,6.8504,3.08,3.77,6.85,5460,60.42,1486,16.45,758,8.39,713,7.89
3157906,Santa Margarida,MG,2025,1227,29,31,60,4.89,2.36,2.53,4.89,724,59.01,231,18.83,127,10.35,85,6.93
3158003,Santa Maria de Itabira,MG,2025,523,9,20,29,5.5449,1.72,3.82,5.54,328,62.72,96,18.36,42,8.03,28,5.35
3158102,Santa Maria do Salto,MG,2025,204,3,9,12,5.8824,1.47,4.41,5.88,113,55.39,38,18.63,26,12.75,15,7.35
3158201,Santa Maria do Suaçuí,MG,2025,592,9,14,23,3.8851,1.52,2.36,3.88,366,61.82,112,18.92,47,7.94,44,7.43
3158300,Santana da Vargem,MG,2025,296,12,18,30,10.1351,4.05,6.08,10.13,189,63.85,55,18.58,12,4.05,10,3.38
3158409,Santana de Cataguases,MG,2025,135,0,2,2,1.4815,0.0,1.48,1.48,92,68.15,25,18.52,12,8.89,4,2.96
3158508,Santana de Pirapama,MG,2025,258,5,9,14,5.4264,1.94,3.49,5.43,173,67.05,34,13.18,17,6.59,20,7.75
3158607,Santana do Deserto,MG,2025,89,5,8,13,14.6067,5.62,8.99,14.61,49,55.06,12,13.48,5,5.62,10,11.24
3158706,Santana do Garambéu,MG,2025,91,3,2,5,5.4945,3.3,2.2,5.5,55,60.44,13,14.29,8,8.79,10,10.99
3158805,Santana do Jacaré,MG,2025,157,0,4,4,2.5478,0.0,2.55,2.55,111,70.7,21,13.38,14,8.92,7,4.46
3158904,Santana do Manhuaçu,MG,2025,520,12,23,35,6.7308,2.31,4.42,6.73,307,59.04,99,19.04,44,8.46,35,6.73
3158953,Santana do Paraíso,MG,2025,2428,38,53,91,3.7479,1.57,2.18,3.75,1555,64.04,477,19.65,223,9.18,82,3.38
3159001,Santana do Riacho,MG,2025,323,10,8,18,5.5728,3.1,2.48,5.58,221,68.42,57,17.65,15,4.64,12,3.72
3159100,Santana dos Montes,MG,2025,149,1,5,6,4.0268,0.67,3.36,4.03,92,61.74,24,16.11,12,8.05,15,10.07
3159209,Santa Rita de Caldas,MG,2025,285,5,2,7,2.4561,1.75,0.7,2.45,174,61.05,67,23.51,24,8.42,13,4.56
3159308,Santa Rita de Jacutinga,MG,2025,194,1,11,12,6.1856,0.52,5.67,6.19,153,78.87,19,9.79,7,3.61,3,1.55
3159357,Santa Rita de Minas,MG,2025,397,9,12,21,5.2897,2.27,3.02,5.29,256,64.48,71,17.88,35,8.82,14,3.53
3159407,Santa Rita de Ibitipoca,MG,2025,176,1,3,4,2.2727,0.57,1.7,2.27,127,72.16,29,16.48,14,7.95,2,1.14
3159506,Santa Rita do Itueto,MG,2025,438,8,16,24,5.4795,1.83,3.65,5.48,270,61.64,90,20.55,37,8.45,17,3.88
3159605,Santa Rita do Sapucaí,MG,2025,1157,19,31,50,4.3215,1.64,2.68,4.32,714,61.71,242,20.92,90,7.78,61,5.27
3159704,Santa Rosa da Serra,MG,2025,236,6,4,10,4.2373,2.54,1.69,4.23,131,55.51,41,17.37,34,14.41,20,8.47
3159803,Santa Vitória,MG,2025,778,14,22,36,4.6272,1.8,2.83,4.63,479,61.57,165,21.21,67,8.61,31,3.98
3159902,Santo Antônio do Amparo,MG,2025,796,30,36,66,8.2915,3.77,4.52,8.29,478,60.05,144,18.09,68,8.54,40,5.03
3160009,Santo Antônio do Aventureiro,MG,2025,146,2,2,4,2.7397,1.37,1.37,2.74,96,65.75,32,21.92,8,5.48,6,4.11
3160108,Santo Antônio do Grama,MG,2025,226,2,6,8,3.5398,0.88,2.65,3.53,147,65.04,36,15.93,19,8.41,16,7.08
3160207,Santo Antônio do Itambé,MG,2025,158,1,6,7,4.4304,0.63,3.8,4.43,87,55.06,35,22.15,18,11.39,11,6.96
3160306,Santo Antônio do Jacinto,MG,2025,495,6,8,14,2.8283,1.21,1.62,2.83,282,56.97,117,23.64,52,10.51,30,6.06
3160405,Santo Antônio do Monte,MG,2025,1011,16,28,44,4.3521,1.58,2.77,4.35,664,65.68,193,19.09,65,6.43,45,4.45
3160454,Santo Antônio do Retiro,MG,2025,436,13,9,22,5.0459,2.98,2.06,5.04,293,67.2,64,14.68,37,8.49,20,4.59
3160504,Santo Antônio do Rio Abaixo,MG,2025,81,0,3,3,3.7037,0.0,3.7,3.7,48,59.26,11,13.58,6,7.41,13,16.05
3160603,Santo Hipólito,MG,2025,147,1,6,7,4.7619,0.68,4.08,4.76,87,59.18,31,21.09,14,9.52,8,5.44
3160702,Santos Dumont,MG,2025,927,23,25,48,5.178,2.48,2.7,5.18,563,60.73,160,17.26,76,8.2,80,8.63
3160801,São Bento Abade,MG,2025,322,1,7,8,2.4845,0.31,2.17,2.48,197,61.18,69,21.43,27,8.39,21,6.52
3160900,São Brás do Suaçuí,MG,2025,157,1,1,2,1.2739,0.64,0.64,1.28,79,50.32,44,28.03,19,12.1,13,8.28
3160959,São Domingos das Dores,MG,2025,401,2,8,10,2.4938,0.5,2.0,2.5,277,69.08,74,18.45,23,5.74,17,4.24
3161007,São Domingos do Prata,MG,2025,588,13,22,35,5.9524,2.21,3.74,5.95,365,62.07,103,17.52,43,7.31,42,7.14
3161056,São Félix de Minas,MG,2025,192,2,4,6,3.125,1.04,2.08,3.12,114,59.38,40,20.83,22,11.46,10,5.21
3161106,São Francisco,MG,2025,3047,48,146,194,6.3669,1.58,4.79,6.37,2220,72.86,426,13.98,141,4.63,66,2.17
3161205,São Francisco de Paula,MG,2025,257,4,4,8,3.1128,1.56,1.56,3.12,179,69.65,47,18.29,11,4.28,12,4.67
3161304,São Francisco de Sales,MG,2025,266,5,9,14,5.2632,1.88,3.38,5.26,179,67.29,51,19.17,13,4.89,9,3.38
3161403,São Francisco do Glória,MG,2025,248,1,5,6,2.4194,0.4,2.02,2.42,155,62.5,57,22.98,17,6.85,13,5.24
3161502,São Geraldo,MG,2025,498,27,15,42,8.4337,5.42,3.01,8.43,279,56.02,94,18.88,49,9.84,34,6.83
3161601,São Geraldo da Piedade,MG,2025,167,5,6,11,6.5868,2.99,3.59,6.58,103,61.68,26,15.57,16,9.58,11,6.59
3161650,São Geraldo do Baixio,MG,2025,224,0,6,6,2.6786,0.0,2.68,2.68,150,66.96,28,12.5,11,4.91,29,12.95
3161700,São Gonçalo do Abaeté,MG,2025,310,0,3,3,0.9677,0.0,0.97,0.97,202,65.16,60,19.35,27,8.71,18,5.81
3161809,São Gonçalo do Pará,MG,2025,450,9,13,22,4.8889,2.0,2.89,4.89,270,60.0,87,19.33,31,6.89,40,8.89
3161908,São Gonçalo do Rio Abaixo,MG,2025,655,9,15,24,3.6641,1.37,2.29,3.66,436,66.56,112,17.1,53,8.09,30,4.58
3162005,São Gonçalo do Sapucaí,MG,2025,1161,16,28,44,3.7898,1.38,2.41,3.79,786,67.7,219,18.86,69,5.94,43,3.7
3162104,São Gotardo,MG,2025,1419,24,17,41,2.8894,1.69,1.2,2.89,831,58.56,338,23.82,136,9.58,73,5.14
3162203,São João Batista do Glória,MG,2025,227,3,6,9,3.9648,1.32,2.64,3.96,149,65.64,51,22.47,14,6.17,4,1.76
3162252,São João da Lagoa,MG,2025,278,15,16,31,11.1511,5.4,5.76,11.16,139,50.0,55,19.78,33,11.87,20,7.19
3162302,São João da Mata,MG,2025,174,4,5,9,5.1724,2.3,2.87,5.17,115,66.09,30,17.24,13,7.47,7,4.02
3162401,São João da Ponte,MG,2025,1269,51,48,99,7.8014,4.02,3.78,7.8,778,61.31,207,16.31,91,7.17,94,7.41
3162450,São João das Missões,MG,2025,1051,32,39,71,6.7555,3.04,3.71,6.75,755,71.84,130,12.37,61,5.8,34,3.24
3162500,São João del Rei,MG,2025,1748,25,43,68,3.8902,1.43,2.46,3.89,1184,67.73,324,18.54,90,5.15,82,4.69
3162559,São João do Manhuaçu,MG,2025,614,10,16,26,4.2345,1.63,2.61,4.24,322,52.44,111,18.08,61,9.93,94,15.31
3162575,São João do Manteninha,MG,2025,287,3,7,10,3.4843,1.05,2.44,3.49,194,67.6,53,18.47,15,5.23,15,5.23
3162609,São João do Oriente,MG,2025,387,1,4,5,1.292,0.26,1.03,1.29,266,68.73,72,18.6,25,6.46,19,4.91
3162658,São João do Pacuí,MG,2025,187,3,9,12,6.4171,1.6,4.81,6.41,128,68.45,25,13.37,16,8.56,6,3.21
3162708,São João do Paraíso,MG,2025,1166,8,29,37,3.1732,0.69,2.49,3.18,887,76.07,162,13.89,44,3.77,36,3.09
3162807,São João Evangelista,MG,2025,805,12,12,24,2.9814,1.49,1.49,2.98,479,59.5,161,20.0,88,10.93,53,6.58
3162906,São João Nepomuceno,MG,2025,927,13,28,41,4.4229,1.4,3.02,4.42,545,58.79,173,18.66,91,9.82,77,8.31
3162922,São Joaquim de Bicas,MG,2025,1653,35,48,83,5.0212,2.12,2.9,5.02,1080,65.34,269,16.27,128,7.74,93,5.63
3162948,São José da Barra,MG,2025,388,3,10,13,3.3505,0.77,2.58,3.35,247,63.66,76,19.59,26,6.7,26,6.7
3162955,São José da Lapa,MG,2025,1215,16,17,33,2.716,1.32,1.4,2.72,783,64.44,252,20.74,77,6.34,70,5.76
3163003,São José da Safira,MG,2025,307,11,2,13,4.2345,3.58,0.65,4.23,189,61.56,68,22.15,17,5.54,20,6.51
3163102,São José da Varginha,MG,2025,216,4,3,7,3.2407,1.85,1.39,3.24,135,62.5,45,20.83,19,8.8,10,4.63
3163201,São José do Alegre,MG,2025,226,3,6,9,3.9823,1.33,2.65,3.98,156,69.03,36,15.93,13,5.75,12,5.31
3163300,São José do Divino,MG,2025,181,5,12,17,9.3923,2.76,6.63,9.39,104,57.46,30,16.57,18,9.94,12,6.63
3163409,São José do Goiabal,MG,2025,229,1,5,6,2.6201,0.44,2.18,2.62,153,66.81,37,16.16,16,6.99,17,7.42
3163508,São José do Jacuri,MG,2025,290,4,12,16,5.5172,1.38,4.14,5.52,176,60.69,48,16.55,24,8.28,26,8.97
3163607,São José do Mantimento,MG,2025,107,3,8,11,10.2804,2.8,7.48,10.28,69,64.49,17,15.89,8,7.48,2,1.87
3163706,São Lourenço,MG,2025,1233,15,29,44,3.5685,1.22,2.35,3.57,769,62.37,309,25.06,74,6.0,37,3.0
3163805,São Miguel do Anta,MG,2025,245,4,10,14,5.7143,1.63,4.08,5.71,161,65.71,41,16.73,18,7.35,11,4.49
3163904,São Pedro da União,MG,2025,252,0,3,3,1.1905,0.0,1.19,1.19,177,70.24,48,19.05,17,6.75,7,2.78
3164001,São Pedro dos Ferros,MG,2025,226,7,12,19,8.4071,3.1,5.31,8.41,127,56.19,31,13.72,12,5.31,37,16.37
3164100,São Pedro do Suaçuí,MG,2025,108,4,2,6,5.5556,3.7,1.85,5.55,68,62.96,18,16.67,8,7.41,8,7.41
3164209,São Romão,MG,2025,468,10,17,27,5.7692,2.14,3.63,5.77,337,72.01,62,13.25,28,5.98,14,2.99
3164308,São Roque de Minas,MG,2025,302,9,7,16,5.298,2.98,2.32,5.3,184,60.93,57,18.87,33,10.93,12,3.97
3164407,São Sebastião da Bela Vista,MG,2025,433,17,16,33,7.6212,3.93,3.7,7.63,263,60.74,82,18.94,33,7.62,22,5.08
3164431,São Sebastião da Vargem Alegre,MG,2025,145,2,7,9,6.2069,1.38,4.83,6.21,99,68.28,21,14.48,13,8.97,3,2.07
3164472,São Sebastião do Anta,MG,2025,487,2,14,16,3.2854,0.41,2.87,3.28,340,69.82,88,18.07,32,6.57,11,2.26
3164506,São Sebastião do Maranhão,MG,2025,402,14,11,25,6.2189,3.48,2.74,6.22,179,44.53,99,24.63,52,12.94,47,11.69
3164605,São Sebastião do Oeste,MG,2025,623,2,10,12,1.9262,0.32,1.61,1.93,421,67.58,127,20.39,43,6.9,20,3.21
3164704,São Sebastião do Paraíso,MG,2025,2963,25,59,84,2.835,0.84,1.99,2.83,1826,61.63,646,21.8,266,8.98,141,4.76
3164803,São Sebastião do Rio Preto,MG,2025,72,1,1,2,2.7778,1.39,1.39,2.78,42,58.33,12,16.67,9,12.5,7,9.72
3164902,São Sebastião do Rio Verde,MG,2025,121,1,3,4,3.3058,0.83,2.48,3.31,88,72.73,16,13.22,10,8.26,3,2.48
3165008,São Tiago,MG,2025,475,10,20,30,6.3158,2.11,4.21,6.32,320,67.37,89,18.74,24,5.05,12,2.53
3165107,São Tomás de Aquino,MG,2025,312,1,4,5,1.6026,0.32,1.28,1.6,213,68.27,56,17.95,29,9.29,9,2.88
3165206,São Tomé das Letras,MG,2025,282,2,6,8,2.8369,0.71,2.13,2.84,206,73.05,48,17.02,15,5.32,5,1.77
3165305,São Vicente de Minas,MG,2025,336,5,8,13,3.869,1.49,2.38,3.87,229,68.15,58,17.26,22,6.55,14,4.17
3165404,Sapucaí-Mirim,MG,2025,311,4,3,7,2.2508,1.29,0.96,2.25,205,65.92,62,19.94,25,8.04,12,3.86
3165503,Sardoá,MG,2025,317,5,5,10,3.1546,1.58,1.58,3.16,189,59.62,61,19.24,30,9.46,27,8.52
3165537,Sarzedo,MG,2025,1255,35,51,86,6.8526,2.79,4.06,6.85,745,59.36,229,18.25,113,9.0,82,6.53
3165552,Setubinha,MG,2025,705,15,29,44,6.2411,2.13,4.11,6.24,450,63.83,108,15.32,56,7.94,47,6.67
3165560,Sem-Peixe,MG,2025,104,1,1,2,1.9231,0.96,0.96,1.92,53,50.96,21,20.19,20,19.23,8,7.69
3165578,Senador Amaral,MG,2025,805,6,14,20,2.4845,0.75,1.74,2.49,506,62.86,173,21.49,59,7.33,47,5.84
3165602,Senador Cortes,MG,2025,129,1,3,4,3.1008,0.78,2.33,3.11,80,62.02,27,20.93,9,6.98,9,6.98
3165701,Senador Firmino,MG,2025,346,6,15,21,6.0694,1.73,4.34,6.07,250,72.25,39,11.27,17,4.91,19,5.49
3165800,Senador José Bento,MG,2025,33,0,0,0,0.0,0.0,0.0,0.0,22,66.67,4,12.12,3,9.09,4,12.12
3165909,Senador Modestino Gonçalves,MG,2025,160,17,8,25,15.625,10.63,5.0,15.63,81,50.63,29,18.13,19,11.88,6,3.75
3166006,Senhora de Oliveira,MG,2025,260,3,4,7,2.6923,1.15,1.54,2.69,187,71.92,37,14.23,20,7.69,9,3.46
3166105,Senhora do Porto,MG,2025,118,2,3,5,4.2373,1.69,2.54,4.23,67,56.78,21,17.8,17,14.41,8,6.78
3166204,Senhora dos Remédios,MG,2025,399,12,12,24,6.015,3.01,3.01,6.02,276,69.17,56,14.04,24,6.02,19,4.76
3166303,Sericita,MG,2025,511,20,27,47,9.1977,3.91,5.28,9.19,235,45.99,85,16.63,52,10.18,92,18.0
3166402,Seritinga,MG,2025,85,1,2,3,3.5294,1.18,2.35,3.53,51,60.0,13,15.29,9,10.59,9,10.59
3166501,Serra Azul de Minas,MG,2025,205,7,8,15,7.3171,3.41,3.9,7.31,133,64.88,31,15.12,14,6.83,12,5.85
3166600,Serra da Saudade,MG,2025,27,0,1,1,3.7037,0.0,3.7,3.7,18,66.67,5,18.52,2,7.41,1,3.7
3166709,Serra dos Aimorés,MG,2025,446,8,15,23,5.157,1.79,3.36,5.15,305,68.39,68,15.25,34,7.62,16,3.59
3166808,Serra do Salitre,MG,2025,755,16,28,44,5.8278,2.12,3.71,5.83,412,54.57,159,21.06,83,10.99,57,7.55
3166907,Serrania,MG,2025,413,1,2,3,0.7264,0.24,0.48,0.72,262,63.44,101,24.46,31,7.51,16,3.87
3166956,Serranópolis de Minas,MG,2025,217,4,5,9,4.1475,1.84,2.3,4.14,138,63.59,44,20.28,14,6.45,12,5.53
3167004,Serranos,MG,2025,129,3,4,7,5.4264,2.33,3.1,5.43,96,74.42,18,13.95,6,4.65,2,1.55
3167103,Serro,MG,2025,946,35,30,65,6.871,3.7,3.17,6.87,595,62.9,178,18.82,71,7.51,37,3.91
3167202,Sete Lagoas,MG,2025,4267,103,164,267,6.2573,2.41,3.84,6.25,2647,62.03,741,17.37,345,8.09,267,6.26
3167301,Silveirânia,MG,2025,146,4,4,8,5.4795,2.74,2.74,5.48,98,67.12,30,20.55,5,3.42,5,3.42
3167400,Silvianópolis,MG,2025,249,4,10,14,5.6225,1.61,4.02,5.63,136,54.62,49,19.68,29,11.65,21,8.43
3167509,Simão Pereira,MG,2025,100,10,2,12,12.0,10.0,2.0,12.0,54,54.0,19,19.0,4,4.0,11,11.0
3167608,Simonésia,MG,2025,1379,26,47,73,5.2937,1.89,3.41,5.3,842,61.06,260,18.85,125,9.06,79,5.73
3167707,Sobrália,MG,2025,270,2,7,9,3.3333,0.74,2.59,3.33,178,65.93,39,14.44,21,7.78,23,8.52
3167806,Soledade de Minas,MG,2025,158,4,3,7,4.4304,2.53,1.9,4.43,98,62.03,35,22.15,12,7.59,6,3.8
3167905,Tabuleiro,MG,2025,151,3,3,6,3.9735,1.99,1.99,3.98,114,75.5,22,14.57,6,3.97,3,1.99
3168002,Taiobeiras,MG,2025,2039,19,56,75,3.6783,0.93,2.75,3.68,1536,75.33,287,14.08,100,4.9,41,2.01
3168051,Taparuba,MG,2025,246,4,3,7,2.8455,1.63,1.22,2.85,172,69.92,39,15.85,16,6.5,12,4.88
3168101,Tapira,MG,2025,225,5,8,13,5.7778,2.22,3.56,5.78,138,61.33,49,21.78,20,8.89,5,2.22
3168200,Tapiraí,MG,2025,64,1,0,1,1.5625,1.56,0.0,1.56,33,51.56,17,26.56,9,14.06,4,6.25
3168309,Taquaraçu de Minas,MG,2025,171,1,5,6,3.5088,0.58,2.92,3.5,113,66.08,29,16.96,14,8.19,9,5.26
3168408,Tarumirim,MG,2025,623,10,20,30,4.8154,1.61,3.21,4.82,351,56.34,125,20.06,74,11.88,43,6.9
3168507,Teixeiras,MG,2025,471,5,9,14,2.9724,1.06,1.91,2.97,351,74.52,67,14.23,26,5.52,13,2.76
3168606,Teófilo Otoni,MG,2025,4590,116,170,286,6.2309,2.53,3.7,6.23,2947,64.2,736,16.03,355,7.73,266,5.8
3168705,Timóteo,MG,2025,2112,50,67,117,5.5398,2.37,3.17,5.54,1252,59.28,398,18.84,187,8.85,158,7.48
3168804,Tiradentes,MG,2025,350,2,9,11,3.1429,0.57,2.57,3.14,258,73.71,60,17.14,14,4.0,7,2.0
3168903,Tiros,MG,2025,295,3,9,12,4.0678,1.02,3.05,4.07,186,63.05,61,20.68,23,7.8,13,4.41
3169000,Tocantins,MG,2025,647,22,20,42,6.4915,3.4,3.09,6.49,380,58.73,111,17.16,69,10.66,45,6.96
3169059,Tocos do Moji,MG,2025,176,2,5,7,3.9773,1.14,2.84,3.98,119,67.61,32,18.18,13,7.39,5,2.84
3169109,Toledo,MG,2025,530,6,4,10,1.8868,1.13,0.75,1.88,356,67.17,106,20.0,38,7.17,20,3.77
3169208,Tombos,MG,2025,392,12,18,30,7.6531,3.06,4.59,7.65,230,58.67,70,17.86,31,7.91,31,7.91
3169307,Três Corações,MG,2025,2606,40,75,115,4.4129,1.53,2.88,4.41,1750,67.15,419,16.08,167,6.41,155,5.95
3169356,Três Marias,MG,2025,1539,10,29,39,2.5341,0.65,1.88,2.53,943,61.27,302,19.62,139,9.03,116,7.54
3169406,Três Pontas,MG,2025,1955,35,57,92,4.7059,1.79,2.92,4.71,1155,59.08,418,21.38,174,8.9,116,5.93
3169505,Tumiritinga,MG,2025,297,9,5,14,4.7138,3.03,1.68,4.71,187,62.96,51,17.17,19,6.4,26,8.75
3169604,Tupaciguara,MG,2025,669,11,18,29,4.3348,1.64,2.69,4.33,442,66.07,122,18.24,51,7.62,25,3.74
3169703,Turmalina,MG,2025,1211,9,44,53,4.3765,0.74,3.63,4.37,899,74.24,180,14.86,50,4.13,29,2.39
3169802,Turvolândia,MG,2025,371,2,14,16,4.3127,0.54,3.77,4.31,233,62.8,74,19.95,32,8.63,16,4.31
3169901,Ubá,MG,2025,3344,41,70,111,3.3194,1.23,2.09,3.32,2151,64.32,651,19.47,249,7.45,182,5.44
3170008,Ubaí,MG,2025,656,13,24,37,5.6402,1.98,3.66,5.64,429,65.4,107,16.31,54,8.23,29,4.42
3170057,Ubaporanga,MG,2025,752,19,18,37,4.9202,2.53,2.39,4.92,462,61.44,136,18.09,73,9.71,44,5.85
3170107,Uberaba,MG,2025,8668,72,189,261,3.0111,0.83,2.18,3.01,6002,69.24,1566,18.07,527,6.08,312,3.6
3170206,Uberlândia,MG,2025,22857,691,573,1264,5.53,3.02,2.51,5.53,15911,69.61,3774,16.51,1257,5.5,651,2.85
3170305,Umburatiba,MG,2025,117,7,5,12,10.2564,5.98,4.27,10.25,79,67.52,19,16.24,3,2.56,4,3.42
3170404,Unaí,MG,2025,2509,107,105,212,8.4496,4.26,4.18,8.44,1581,63.01,408,16.26,190,7.57,118,4.7
3170438,União de Minas,MG,2025,169,3,4,7,4.142,1.78,2.37,4.15,108,63.91,30,17.75,16,9.47,8,4.73
3170479,Uruana de Minas,MG,2025,149,3,3,6,4.0268,2.01,2.01,4.02,91,61.07,28,18.79,12,8.05,12,8.05
3170503,Urucânia,MG,2025,500,3,7,10,2.0,0.6,1.4,2.0,282,56.4,129,25.8,47,9.4,32,6.4
3170529,Urucuia,MG,2025,615,9,23,32,5.2033,1.46,3.74,5.2,389,63.25,101,16.42,53,8.62,40,6.5
3170578,Vargem Alegre,MG,2025,284,9,8,17,5.9859,3.17,2.82,5.99,190,66.9,41,14.44,25,8.8,11,3.87
3170602,Vargem Bonita,MG,2025,112,2,5,7,6.25,1.79,4.46,6.25,62,55.36,20,17.86,15,13.39,8,7.14
3170651,Vargem Grande do Rio Pardo,MG,2025,306,4,8,12,3.9216,1.31,2.61,3.92,216,70.59,46,15.03,23,7.52,9,2.94
3170701,Varginha,MG,2025,4810,38,84,122,2.5364,0.79,1.75,2.54,3291,68.42,962,20.0,298,6.2,137,2.85
3170750,Varjão de Minas,MG,2025,372,5,5,10,2.6882,1.34,1.34,2.68,240,64.52,77,20.7,27,7.26,18,4.84
3170800,Várzea da Palma,MG,2025,1478,52,57,109,7.3748,3.52,3.86,7.38,932,63.06,224,15.16,114,7.71,99,6.7
3170909,Varzelândia,MG,2025,1340,43,53,96,7.1642,3.21,3.96,7.17,907,67.69,203,15.15,91,6.79,43,3.21
3171006,Vazante,MG,2025,824,9,25,34,4.1262,1.09,3.03,4.12,476,57.77,159,19.3,84,10.19,71,8.62
3171030,Verdelândia,MG,2025,615,7,12,19,3.0894,1.14,1.95,3.09,414,67.32,118,19.19,37,6.02,27,4.39
3171071,Veredinha,MG,2025,243,3,4,7,2.8807,1.23,1.65,2.88,173,71.19,37,15.23,18,7.41,8,3.29
3171105,Veríssimo,MG,2025,122,1,4,5,4.0984,0.82,3.28,4.1,70,57.38,28,22.95,9,7.38,10,8.2
3171154,Vermelho Novo,MG,2025,205,3,6,9,4.3902,1.46,2.93,4.39,124,60.49,39,19.02,17,8.29,16,7.8
3171204,Vespasiano,MG,2025,2816,59,55,114,4.0483,2.1,1.95,4.05,1730,61.43,590,20.95,258,9.16,124,4.4
3171303,Viçosa,MG,2025,2131,53,78,131,6.1473,2.49,3.66,6.15,1348,63.26,397,18.63,134,6.29,121,5.68
3171402,Vieiras,MG,2025,214,5,4,9,4.2056,2.34,1.87,4.21,113,52.8,51,23.83,22,10.28,19,8.88
3171501,Mathias Lobato,MG,2025,226,7,2,9,3.9823,3.1,0.88,3.98,140,61.95,46,20.35,23,10.18,8,3.54
3171600,Virgem da Lapa,MG,2025,504,7,11,18,3.5714,1.39,2.18,3.57,310,61.51,110,21.83,42,8.33,24,4.76
3171709,Virgínia,MG,2025,383,5,10,15,3.9164,1.31,2.61,3.92,258,67.36,66,17.23,26,6.79,18,4.7
3171808,Virginópolis,MG,2025,491,3,12,15,3.055,0.61,2.44,3.05,347,70.67,79,16.09,37,7.54,13,2.65
3171907,Virgolândia,MG,2025,228,2,2,4,1.7544,0.88,0.88,1.76,142,62.28,41,17.98,23,10.09,18,7.89
3172004,Visconde do Rio Branco,MG,2025,1442,26,29,55,3.8141,1.8,2.01,3.81,964,66.85,233,16.16,109,7.56,81,5.62
3172103,Volta Grande,MG,2025,211,4,6,10,4.7393,1.9,2.84,4.74,112,53.08,50,23.7,21,9.95,18,8.53
3172202,Wenceslau Braz,MG,2025,115,0,2,2,1.7391,0.0,1.74,1.74,83,72.17,15,13.04,9,7.83,6,5.22
3200102,Afonso Cláudio,ES,2025,970,28,43,71,7.3196,2.89,4.43,7.32,612,63.09,154,15.88,70,7.22,63,6.49
3200136,Águia Branca,ES,2025,421,18,25,43,10.2138,4.28,5.94,10.22,228,54.16,67,15.91,41,9.74,42,9.98
3200169,Água Doce do Norte,ES,2025,617,13,17,30,4.8622,2.11,2.76,4.87,385,62.4,109,17.67,54,8.75,39,6.32
3200201,Alegre,ES,2025,1257,30,55,85,6.7621,2.39,4.38,6.77,755,60.06,230,18.3,100,7.96,87,6.92
3200300,Alfredo Chaves,ES,2025,744,5,9,14,1.8817,0.67,1.21,1.88,492,66.13,150,20.16,62,8.33,26,3.49
3200359,Alto Rio Novo,ES,2025,238,6,6,12,5.042,2.52,2.52,5.04,130,54.62,46,19.33,19,7.98,31,13.03
3200409,Anchieta,ES,2025,962,15,33,48,4.9896,1.56,3.43,4.99,627,65.18,154,16.01,81,8.42,52,5.41
3200508,Apiacá,ES,2025,272,11,9,20,7.3529,4.04,3.31,7.35,146,53.68,44,16.18,32,11.76,30,11.03
3200607,Aracruz,ES,2025,4888,53,100,153,3.1301,1.08,2.05,3.13,3110,63.63,1016,20.79,382,7.82,227,4.64
3200706,Atílio Vivácqua,ES,2025,570,13,14,27,4.7368,2.28,2.46,4.74,331,58.07,108,18.95,63,11.05,41,7.19
3200805,Baixo Guandu,ES,2025,941,25,21,46,4.8884,2.66,2.23,4.89,593,63.02,175,18.6,90,9.56,37,3.93
3200904,Barra de São Francisco,ES,2025,1178,44,43,87,7.3854,3.74,3.65,7.39,707,60.02,198,16.81,97,8.23,89,7.56
3201001,Boa Esperança,ES,2025,887,13,11,24,2.7057,1.47,1.24,2.71,581,65.5,177,19.95,74,8.34,31,3.49
3201100,Bom Jesus do Norte,ES,2025,316,13,12,25,7.9114,4.11,3.8,7.91,168,53.16,63,19.94,29,9.18,31,9.81
3201159,Brejetuba,ES,2025,544,8,22,30,5.5147,1.47,4.04,5.51,389,71.51,78,14.34,31,5.7,16,2.94
3201209,Cachoeiro de Itapemirim,ES,2025,6482,118,150,268,4.1345,1.82,2.31,4.13,3957,61.05,1304,20.12,595,9.18,358,5.52
3201308,Cariacica,ES,2025,16194,162,342,504,3.1123,1.0,2.11,3.11,10449,64.52,3342,20.64,1248,7.71,651,4.02
3201407,Castelo,ES,2025,720,11,18,29,4.0278,1.53,2.5,4.03,451,62.64,152,21.11,55,7.64,33,4.58
3201506,Colatina,ES,2025,3616,63,97,160,4.4248,1.74,2.68,4.42,2267,62.69,712,19.69,280,7.74,197,5.45
3201605,Conceição da Barra,ES,2025,1443,22,54,76,5.2668,1.52,3.74,5.26,909,62.99,284,19.68,99,6.86,75,5.2
3201704,Conceição do Castelo,ES,2025,586,9,6,15,2.5597,1.54,1.02,2.56,352,60.07,140,23.89,49,8.36,30,5.12
3201803,Divino de São Lourenço,ES,2025,132,4,7,11,8.3333,3.03,5.3,8.33,79,59.85,20,15.15,12,9.09,10,7.58
3201902,Domingos Martins,ES,2025,1902,9,29,38,1.9979,0.47,1.52,1.99,1331,69.98,368,19.35,130,6.83,35,1.84
3202009,Dores do Rio Preto,ES,2025,281,3,4,7,2.4911,1.07,1.42,2.49,169,60.14,65,23.13,29,10.32,11,3.91
3202108,Ecoporanga,ES,2025,546,30,32,62,11.3553,5.49,5.86,11.35,281,51.47,92,16.85,35,6.41,76,13.92
3202207,Fundão,ES,2025,926,12,25,37,3.9957,1.3,2.7,4.0,594,64.15,188,20.3,66,7.13,41,4.43
3202256,Governador Lindenberg,ES,2025,695,16,16,32,4.6043,2.3,2.3,4.6,434,62.45,148,21.29,60,8.63,21,3.02
3202306,Guaçuí,ES,2025,929,13,17,30,3.2293,1.4,1.83,3.23,444,47.79,240,25.83,146,15.72,69,7.43
3202405,Guarapari,ES,2025,1998,67,77,144,7.2072,3.35,3.85,7.2,1286,64.36,310,15.52,136,6.81,122,6.11
3202454,Ibatiba,ES,2025,747,11,19,30,4.0161,1.47,2.54,4.01,503,67.34,133,17.8,56,7.5,25,3.35
3202504,Ibiraçu,ES,2025,396,11,10,21,5.303,2.78,2.53,5.31,236,59.6,69,17.42,31,7.83,39,9.85
3202553,Ibitirama,ES,2025,583,50,22,72,12.3499,8.58,3.77,12.35,326,55.92,103,17.67,53,9.09,29,4.97
3202603,Iconha,ES,2025,225,5,6,11,4.8889,2.22,2.67,4.89,131,58.22,40,17.78,25,11.11,18,8.0
3202652,Irupi,ES,2025,574,19,18,37,6.446,3.31,3.14,6.45,345,60.1,103,17.94,47,8.19,42,7.32
3202702,Itaguaçu,ES,2025,512,19,25,44,8.5938,3.71,4.88,8.59,304,59.38,86,16.8,46,8.98,32,6.25
3202801,Itapemirim,ES,2025,1507,35,61,96,6.3703,2.32,4.05,6.37,906,60.12,264,17.52,129,8.56,112,7.43
3202900,Itarana,ES,2025,271,9,15,24,8.8561,3.32,5.54,8.86,170,62.73,43,15.87,22,8.12,12,4.43
3203007,Iúna,ES,2025,904,27,36,63,6.969,2.99,3.98,6.97,589,65.15,137,15.15,73,8.08,42,4.65
3203056,Jaguaré,ES,2025,1227,19,39,58,4.727,1.55,3.18,4.73,776,63.24,236,19.23,94,7.66,63,5.13
3203106,Jerônimo Monteiro,ES,2025,566,17,16,33,5.8304,3.0,2.83,5.83,338,59.72,109,19.26,52,9.19,34,6.01
3203130,João Neiva,ES,2025,350,9,10,19,5.4286,2.57,2.86,5.43,212,60.57,73,20.86,27,7.71,19,5.43
3203163,Laranja da Terra,ES,2025,380,15,6,21,5.5263,3.95,1.58,5.53,226,59.47,73,19.21,37,9.74,23,6.05
3203205,Linhares,ES,2025,4240,151,169,320,7.5472,3.56,3.99,7.55,2511,59.22,787,18.56,355,8.37,267,6.3
3203304,Mantenópolis,ES,2025,567,8,15,23,4.0564,1.41,2.65,4.06,384,67.72,99,17.46,41,7.23,20,3.53
3203320,Marataízes,ES,2025,2316,41,49,90,3.886,1.77,2.12,3.89,1371,59.2,453,19.56,218,9.41,184,7.94
3203346,Marechal Floriano,ES,2025,928,11,6,17,1.8319,1.19,0.65,1.84,613,66.06,210,22.63,68,7.33,20,2.16
3203353,Marilândia,ES,2025,618,2,14,16,2.589,0.32,2.27,2.59,444,71.84,103,16.67,46,7.44,9,1.46
3203403,Mimoso do Sul,ES,2025,641,13,28,41,6.3963,2.03,4.37,6.4,352,54.91,112,17.47,74,11.54,62,9.67
3203502,Montanha,ES,2025,970,25,26,51,5.2577,2.58,2.68,5.26,601,61.96,193,19.9,81,8.35,44,4.54
3203601,Mucurici,ES,2025,334,8,12,20,5.988,2.4,3.59,5.99,216,64.67,55,16.47,21,6.29,22,6.59
3203700,Muniz Freire,ES,2025,737,22,14,36,4.8847,2.99,1.9,4.89,484,65.67,117,15.88,70,9.5,30,4.07
3203809,Muqui,ES,2025,644,14,20,34,5.2795,2.17,3.11,5.28,395,61.34,134,20.81,35,5.43,46,7.14
3203908,Nova Venécia,ES,2025,1479,24,48,72,4.8682,1.62,3.25,4.87,973,65.79,246,16.63,113,7.64,75,5.07
3204005,Pancas,ES,2025,1037,16,24,40,3.8573,1.54,2.31,3.85,658,63.45,190,18.32,95,9.16,54,5.21
3204054,Pedro Canário,ES,2025,980,29,43,72,7.3469,2.96,4.39,7.35,576,58.78,146,14.9,91,9.29,95,9.69
3204104,Pinheiros,ES,2025,817,24,35,59,7.2215,2.94,4.28,7.22,512,62.67,131,16.03,61,7.47,54,6.61
3204203,Piúma,ES,2025,614,19,11,30,4.886,3.09,1.79,4.88,330,53.75,115,18.73,54,8.79,85,13.84
3204252,Ponto Belo,ES,2025,371,3,15,18,4.8518,0.81,4.04,4.85,241,64.96,62,16.71,29,7.82,21,5.66
3204302,Presidente Kennedy,ES,2025,795,6,17,23,2.8931,0.75,2.14,2.89,449,56.48,181,22.77,84,10.57,58,7.3
3204351,Rio Bananal,ES,2025,1557,23,39,62,3.982,1.48,2.5,3.98,1021,65.57,288,18.5,131,8.41,55,3.53
3204401,Rio Novo do Sul,ES,2025,490,6,5,11,2.2449,1.22,1.02,2.24,290,59.18,118,24.08,46,9.39,25,5.1
3204500,Santa Leopoldina,ES,2025,309,15,9,24,7.767,4.85,2.91,7.76,204,66.02,45,14.56,14,4.53,22,7.12
3204559,Santa Maria de Jetibá,ES,2025,1410,30,43,73,5.1773,2.13,3.05,5.18,970,68.79,265,18.79,67,4.75,35,2.48
3204609,Santa Teresa,ES,2025,433,5,12,17,3.9261,1.15,2.77,3.92,282,65.13,63,14.55,34,7.85,37,8.55
3204658,São Domingos do Norte,ES,2025,241,1,10,11,4.5643,0.41,4.15,4.56,169,70.12,37,15.35,19,7.88,5,2.07
3204708,São Gabriel da Palha,ES,2025,770,31,37,68,8.8312,4.03,4.81,8.84,455,59.09,132,17.14,58,7.53,57,7.4
3204807,São José do Calçado,ES,2025,222,17,10,27,12.1622,7.66,4.5,12.16,92,41.44,39,17.57,22,9.91,42,18.92
3204906,São Mateus,ES,2025,5056,103,127,230,4.5491,2.04,2.51,4.55,3189,63.07,933,18.45,423,8.37,281,5.56
3204955,São Roque do Canaã,ES,2025,378,4,5,9,2.381,1.06,1.32,2.38,222,58.73,84,22.22,39,10.32,24,6.35
3205002,Serra,ES,2025,23051,133,374,507,2.1995,0.58,1.62,2.2,15133,65.65,4764,20.67,1814,7.87,833,3.61
3205010,Sooretama,ES,2025,955,20,44,64,6.7016,2.09,4.61,6.7,599,62.72,160,16.75,79,8.27,53,5.55
3205036,Vargem Alta,ES,2025,677,21,23,44,6.4993,3.1,3.4,6.5,409,60.41,114,16.84,63,9.31,47,6.94
3205069,Venda Nova do Imigrante,ES,2025,775,6,12,18,2.3226,0.77,1.55,2.32,543,70.06,140,18.06,51,6.58,23,2.97
3205101,Viana,ES,2025,1645,100,60,160,9.7264,6.08,3.65,9.73,969,58.91,251,15.26,131,7.96,134,8.15
3205150,Vila Pavão,ES,2025,466,13,21,34,7.2961,2.79,4.51,7.3,273,58.58,89,19.1,38,8.15,32,6.87
3205176,Vila Valério,ES,2025,430,16,12,28,6.5116,3.72,2.79,6.51,257,59.77,81,18.84,32,7.44,32,7.44
3205200,Vila Velha,ES,2025,13088,217,209,426,3.2549,1.66,1.6,3.26,8296,63.39,2788,21.3,1045,7.98,533,4.07
3205309,Vitória,ES,2025,12570,168,204,372,2.9594,1.34,1.62,2.96,6775,53.9,2836,22.56,1363,10.84,1224,9.74
3300100,Angra dos Reis,RJ,2025,5667,90,112,202,3.5645,1.59,1.98,3.57,3306,58.34,1312,23.15,493,8.7,354,6.25
3300159,Aperibé,RJ,2025,230,3,11,14,6.087,1.3,4.78,6.08,111,48.26,51,22.17,27,11.74,27,11.74
3300209,Araruama,RJ,2025,4246,80,105,185,4.357,1.88,2.47,4.35,2530,59.59,917,21.6,378,8.9,236,5.56
3300225,Areal,RJ,2025,327,8,13,21,6.422,2.45,3.98,6.43,217,66.36,53,16.21,19,5.81,17,5.2
3300233,Armação dos Búzios,RJ,2025,1580,15,36,51,3.2278,0.95,2.28,3.23,975,61.71,335,21.2,142,8.99,77,4.87
3300258,Arraial do Cabo,RJ,2025,978,30,20,50,5.1125,3.07,2.04,5.11,562,57.46,211,21.57,87,8.9,68,6.95
3300308,Barra do Piraí,RJ,2025,2078,60,66,126,6.0635,2.89,3.18,6.07,1318,63.43,348,16.75,162,7.8,124,5.97
3300407,Barra Mansa,RJ,2025,6246,109,146,255,4.0826,1.75,2.34,4.09,3702,59.27,1206,19.31,634,10.15,449,7.19
3300456,Belford Roxo,RJ,2025,15614,1578,775,2353,15.0698,10.11,4.96,15.07,7977,51.09,2557,16.38,1400,8.97,1327,8.5
3300506,Bom Jardim,RJ,2025,817,15,18,33,4.0392,1.84,2.2,4.04,521,63.77,151,18.48,66,8.08,46,5.63
3300605,Bom Jesus do Itabapoana,RJ,2025,1060,21,25,46,4.3396,1.98,2.36,4.34,649,61.23,190,17.92,91,8.58,84,7.92
3300704,Cabo Frio,RJ,2025,6678,126,150,276,4.133,1.89,2.25,4.14,4130,61.84,1335,19.99,594,8.89,343,5.14
3300803,Cachoeiras de Macacu,RJ,2025,2051,78,66,144,7.021,3.8,3.22,7.02,1312,63.97,353,17.21,141,6.87,101,4.92
3300902,Cambuci,RJ,2025,280,10,12,22,7.8571,3.57,4.29,7.86,173,61.79,42,15.0,18,6.43,25,8.93
3300936,Carapebus,RJ,2025,583,16,13,29,4.9743,2.74,2.23,4.97,309,53.0,126,21.61,60,10.29,59,10.12
3300951,Comendador Levy Gasparian,RJ,2025,271,8,11,19,7.0111,2.95,4.06,7.01,135,49.82,44,16.24,35,12.92,38,14.02
3301009,Campos dos Goytacazes,RJ,2025,12318,229,346,575,4.668,1.86,2.81,4.67,7379,59.9,2468,20.04,1173,9.52,723,5.87
3301108,Cantagalo,RJ,2025,766,32,22,54,7.0496,4.18,2.87,7.05,461,60.18,127,16.58,62,8.09,62,8.09
3301157,Cardoso Moreira,RJ,2025,690,9,19,28,4.058,1.3,2.75,4.05,445,64.49,129,18.7,57,8.26,31,4.49
3301207,Carmo,RJ,2025,496,14,19,33,6.6532,2.82,3.83,6.65,325,65.52,97,19.56,31,6.25,10,2.02
3301306,Casimiro de Abreu,RJ,2025,638,25,22,47,7.3668,3.92,3.45,7.37,413,64.73,83,13.01,46,7.21,49,7.68
3301405,Conceição de Macabu,RJ,2025,546,20,25,45,8.2418,3.66,4.58,8.24,335,61.36,88,16.12,40,7.33,38,6.96
3301504,Cordeiro,RJ,2025,547,10,18,28,5.1188,1.83,3.29,5.12,321,58.68,101,18.46,52,9.51,45,8.23
3301603,Duas Barras,RJ,2025,377,7,26,33,8.7533,1.86,6.9,8.76,237,62.86,68,18.04,25,6.63,14,3.71
3301702,Duque de Caxias,RJ,2025,18279,492,599,1091,5.9686,2.69,3.28,5.97,10992,60.13,3452,18.89,1564,8.56,1180,6.46
3301801,Engenheiro Paulo de Frontin,RJ,2025,447,16,17,33,7.3826,3.58,3.8,7.38,244,54.59,104,23.27,31,6.94,35,7.83
3301850,Guapimirim,RJ,2025,1628,52,67,119,7.3096,3.19,4.12,7.31,1010,62.04,265,16.28,128,7.86,106,6.51
3301876,Iguaba Grande,RJ,2025,1266,10,19,29,2.2907,0.79,1.5,2.29,765,60.43,251,19.83,147,11.61,74,5.85
3301900,Itaboraí,RJ,2025,8393,176,214,390,4.6467,2.1,2.55,4.65,5107,60.85,1635,19.48,753,8.97,508,6.05
3302007,Itaguaí,RJ,2025,5807,69,106,175,3.0136,1.19,1.83,3.02,3403,58.6,1351,23.27,573,9.87,305,5.25
3302056,Italva,RJ,2025,238,12,7,19,7.9832,5.04,2.94,7.98,136,57.14,44,18.49,18,7.56,21,8.82
3302106,Itaocara,RJ,2025,605,8,21,29,4.7934,1.32,3.47,4.79,378,62.48,127,20.99,39,6.45,32,5.29
3302205,Itaperuna,RJ,2025,3849,104,116,220,5.7158,2.7,3.01,5.71,2200,57.16,631,16.39,323,8.39,475,12.34
3302254,Itatiaia,RJ,2025,804,40,34,74,9.204,4.98,4.23,9.21,466,57.96,137,17.04,74,9.2,53,6.59
3302270,Japeri,RJ,2025,3860,66,85,151,3.9119,1.71,2.2,3.91,2224,57.62,833,21.58,382,9.9,270,6.99
3302304,Laje do Muriaé,RJ,2025,155,1,2,3,1.9355,0.65,1.29,1.94,64,41.29,43,27.74,25,16.13,20,12.9
3302403,Macaé,RJ,2025,6419,90,137,227,3.5364,1.4,2.13,3.53,4008,62.44,1303,20.3,543,8.46,338,5.27
3302452,Macuco,RJ,2025,297,13,6,19,6.3973,4.38,2.02,6.4,175,58.92,49,16.5,31,10.44,23,7.74
3302502,Magé,RJ,2025,9548,338,343,681,7.1324,3.54,3.59,7.13,5375,56.29,1795,18.8,900,9.43,797,8.35
3302601,Mangaratiba,RJ,2025,1447,51,45,96,6.6344,3.52,3.11,6.63,837,57.84,264,18.24,124,8.57,126,8.71
3302700,Maricá,RJ,2025,7698,144,215,359,4.6635,1.87,2.79,4.66,4234,55.0,1654,21.49,853,11.08,598,7.77
3302809,Mendes,RJ,2025,589,8,12,20,3.3956,1.36,2.04,3.4,360,61.12,123,20.88,56,9.51,30,5.09
3302858,Mesquita,RJ,2025,6099,83,141,224,3.6727,1.36,2.31,3.67,3683,60.39,1259,20.64,605,9.92,328,5.38
3302908,Miguel Pereira,RJ,2025,1154,10,26,36,3.1196,0.87,2.25,3.12,698,60.49,255,22.1,111,9.62,54,4.68
3303005,Miracema,RJ,2025,758,25,17,42,5.5409,3.3,2.24,5.54,435,57.39,126,16.62,78,10.29,77,10.16
3303104,Natividade,RJ,2025,521,15,12,27,5.1823,2.88,2.3,5.18,307,58.93,98,18.81,59,11.32,30,5.76
3303203,Nilópolis,RJ,2025,2635,74,84,158,5.9962,2.81,3.19,6.0,1493,56.66,502,19.05,254,9.64,228,8.65
3303302,Niterói,RJ,2025,11537,118,226,344,2.9817,1.02,1.96,2.98,7379,63.96,2356,20.42,954,8.27,504,4.37
3303401,Nova Friburgo,RJ,2025,3199,33,83,116,3.6261,1.03,2.59,3.62,2104,65.77,630,19.69,225,7.03,124,3.88
3303500,Nova Iguaçu,RJ,2025,24145,626,634,1260,5.2185,2.59,2.63,5.22,14347,59.42,4550,18.84,2209,9.15,1779,7.37
3303609,Paracambi,RJ,2025,1578,26,40,66,4.1825,1.65,2.53,4.18,1013,64.2,313,19.84,122,7.73,64,4.06
3303708,Paraíba do Sul,RJ,2025,1423,32,39,71,4.9895,2.25,2.74,4.99,820,57.62,288,20.24,133,9.35,111,7.8
3303807,Paraty,RJ,2025,1513,16,36,52,3.4369,1.06,2.38,3.44,991,65.5,280,18.51,103,6.81,87,5.75
3303856,Paty do Alferes,RJ,2025,1288,25,48,73,5.6677,1.94,3.73,5.67,830,64.44,241,18.71,92,7.14,52,4.04
3303906,Petrópolis,RJ,2025,7915,61,163,224,2.8301,0.77,2.06,2.83,5322,67.24,1578,19.94,538,6.8,253,3.2
3303955,Pinheiral,RJ,2025,1040,12,20,32,3.0769,1.15,1.92,3.07,627,60.29,220,21.15,100,9.62,61,5.87
3304003,Piraí,RJ,2025,1193,9,25,34,2.85,0.75,2.1,2.85,783,65.63,243,20.37,87,7.29,46,3.86
3304102,Porciúncula,RJ,2025,637,15,19,34,5.3375,2.35,2.98,5.33,397,62.32,120,18.84,53,8.32,33,5.18
3304110,Porto Real,RJ,2025,553,107,42,149,26.9439,19.35,7.59,26.94,299,54.07,65,11.75,16,2.89,24,4.34
3304128,Quatis,RJ,2025,393,11,14,25,6.3613,2.8,3.56,6.36,217,55.22,83,21.12,42,10.69,26,6.62
3304144,Queimados,RJ,2025,4296,120,137,257,5.9823,2.79,3.19,5.98,2658,61.87,765,17.81,338,7.87,278,6.47
3304151,Quissamã,RJ,2025,1252,16,25,41,3.2748,1.28,2.0,3.28,756,60.38,267,21.33,111,8.87,77,6.15
3304201,Resende,RJ,2025,4159,93,104,197,4.7367,2.24,2.5,4.74,2575,61.91,827,19.88,341,8.2,219,5.27
3304300,Rio Bonito,RJ,2025,1628,58,80,138,8.4767,3.56,4.91,8.47,970,59.58,267,16.4,143,8.78,110,6.76
3304409,Rio Claro,RJ,2025,873,12,18,30,3.4364,1.37,2.06,3.43,545,62.43,184,21.08,87,9.97,27,3.09
3304508,Rio das Flores,RJ,2025,312,21,12,33,10.5769,6.73,3.85,10.58,168,53.85,52,16.67,27,8.65,32,10.26
3304524,Rio das Ostras,RJ,2025,3467,59,75,134,3.865,1.7,2.16,3.86,2275,65.62,630,18.17,265,7.64,163,4.7
3304557,Rio de Janeiro,RJ,2025,213506,3542,4791,8333,3.9029,1.66,2.24,3.9,127884,59.9,41227,19.31,20388,9.55,15674,7.34
3304607,Santa Maria Madalena,RJ,2025,281,8,9,17,6.0498,2.85,3.2,6.05,168,59.79,50,17.79,29,10.32,17,6.05
3304706,Santo Antônio de Pádua,RJ,2025,1549,28,35,63,4.0671,1.81,2.26,4.07,938,60.56,298,19.24,149,9.62,101,6.52
3304755,São Francisco de Itabapoana,RJ,2025,2450,83,80,163,6.6531,3.39,3.27,6.66,1296,52.9,473,19.31,280,11.43,238,9.71
3304805,São Fidélis,RJ,2025,1043,15,16,31,2.9722,1.44,1.53,2.97,602,57.72,256,24.54,91,8.72,63,6.04
3304904,São Gonçalo,RJ,2025,13536,559,432,991,7.3212,4.13,3.19,7.32,7247,53.54,2647,19.56,1431,10.57,1220,9.01
3305000,São João da Barra,RJ,2025,2009,49,55,104,5.1767,2.44,2.74,5.18,1188,59.13,431,21.45,164,8.16,122,6.07
3305109,São João de Meriti,RJ,2025,9914,471,392,863,8.7049,4.75,3.95,8.7,5446,54.93,1733,17.48,942,9.5,930,9.38
3305133,São José de Ubá,RJ,2025,278,8,4,12,4.3165,2.88,1.44,4.32,151,54.32,60,21.58,25,8.99,30,10.79
3305158,São José do Vale do Rio Preto,RJ,2025,717,11,20,31,4.3236,1.53,2.79,4.32,492,68.62,121,16.88,46,6.42,27,3.77
3305208,São Pedro da Aldeia,RJ,2025,3259,376,183,559,17.1525,11.54,5.62,17.16,1683,51.64,575,17.64,283,8.68,159,4.88
3305307,São Sebastião do Alto,RJ,2025,348,16,12,28,8.046,4.6,3.45,8.05,173,49.71,69,19.83,42,12.07,36,10.34
3305406,Sapucaia,RJ,2025,585,12,15,27,4.6154,2.05,2.56,4.61,386,65.98,95,16.24,48,8.21,29,4.96
3305505,Saquarema,RJ,2025,2354,68,72,140,5.9473,2.89,3.06,5.95,1356,57.6,486,20.65,237,10.07,135,5.73
3305554,Seropédica,RJ,2025,3383,156,184,340,10.0503,4.61,5.44,10.05,1871,55.31,550,16.26,310,9.16,312,9.22
3305604,Silva Jardim,RJ,2025,752,42,16,58,7.7128,5.59,2.13,7.72,420,55.85,115,15.29,87,11.57,72,9.57
3305703,Sumidouro,RJ,2025,608,13,16,29,4.7697,2.14,2.63,4.77,355,58.39,130,21.38,56,9.21,38,6.25
3305752,Tanguá,RJ,2025,1489,21,39,60,4.0296,1.41,2.62,4.03,945,63.47,287,19.27,114,7.66,83,5.57
3305802,Teresópolis,RJ,2025,4671,126,122,248,5.3094,2.7,2.61,5.31,2731,58.47,875,18.73,446,9.55,371,7.94
3305901,Trajano de Moraes,RJ,2025,264,8,5,13,4.9242,3.03,1.89,4.92,158,59.85,52,19.7,16,6.06,25,9.47
3306008,Três Rios,RJ,2025,3008,75,94,169,5.6184,2.49,3.13,5.62,1704,56.65,557,18.52,291,9.67,287,9.54
3306107,Valença,RJ,2025,2181,71,83,154,7.061,3.26,3.81,7.07,1339,61.39,367,16.83,177,8.12,144,6.6
3306156,Varre-Sai,RJ,2025,566,10,23,33,5.8304,1.77,4.06,5.83,369,65.19,93,16.43,41,7.24,30,5.3
3306206,Vassouras,RJ,2025,1661,10,42,52,3.1306,0.6,2.53,3.13,1076,64.78,330,19.87,130,7.83,73,4.39
3306305,Volta Redonda,RJ,2025,6887,148,210,358,5.1982,2.15,3.05,5.2,4366,63.39,1271,18.46,494,7.17,398,5.78
3500105,Adamantina,SP,2025,833,11,17,28,3.3613,1.32,2.04,3.36,567,68.07,154,18.49,58,6.96,26,3.12
3500204,Adolfo,SP,2025,209,7,9,16,7.6555,3.35,4.31,7.66,104,49.76,51,24.4,26,12.44,12,5.74
3500303,Aguaí,SP,2025,603,14,16,30,4.9751,2.32,2.65,4.97,409,67.83,89,14.76,45,7.46,30,4.98
3500402,Águas da Prata,SP,2025,201,1,4,5,2.4876,0.5,1.99,2.49,129,64.18,45,22.39,13,6.47,9,4.48
3500501,Águas de Lindóia,SP,2025,682,5,12,17,2.4927,0.73,1.76,2.49,413,60.56,168,24.63,55,8.06,29,4.25
3500550,Águas de Santa Bárbara,SP,2025,307,3,6,9,2.9316,0.98,1.95,2.93,189,61.56,68,22.15,26,8.47,15,4.89
3500600,Águas de São Pedro,SP,2025,124,0,0,0,0.0,0.0,0.0,0.0,73,58.87,37,29.84,8,6.45,6,4.84
3500709,Agudos,SP,2025,1720,16,24,40,2.3256,0.93,1.4,2.33,1091,63.43,390,22.67,142,8.26,57,3.31
3500758,Alambari,SP,2025,216,0,7,7,3.2407,0.0,3.24,3.24,138,63.89,41,18.98,22,10.19,8,3.7
3500808,Alfredo Marcondes,SP,2025,240,0,5,5,2.0833,0.0,2.08,2.08,151,62.92,53,22.08,20,8.33,11,4.58
3500907,Altair,SP,2025,127,6,6,12,9.4488,4.72,4.72,9.44,68,53.54,26,20.47,11,8.66,10,7.87
3501004,Altinópolis,SP,2025,635,12,15,27,4.252,1.89,2.36,4.25,402,63.31,125,19.69,51,8.03,30,4.72
3501103,Alto Alegre,SP,2025,141,0,1,1,0.7092,0.0,0.71,0.71,86,60.99,30,21.28,17,12.06,7,4.96
3501152,Alumínio,SP,2025,420,5,12,17,4.0476,1.19,2.86,4.05,274,65.24,86,20.48,32,7.62,11,2.62
3501202,Álvares Florence,SP,2025,174,2,3,5,2.8736,1.15,1.72,2.87,114,65.52,35,20.11,14,8.05,6,3.45
3501301,Álvares Machado,SP,2025,1192,11,21,32,2.6846,0.92,1.76,2.68,763,64.01,256,21.48,79,6.63,62,5.2
3501400,Álvaro de Carvalho,SP,2025,174,4,2,6,3.4483,2.3,1.15,3.45,94,54.02,39,22.41,18,10.34,17,9.77
3501509,Alvinlândia,SP,2025,109,1,2,3,2.7523,0.92,1.83,2.75,67,61.47,25,22.94,6,5.5,8,7.34
3501608,Americana,SP,2025,4666,26,86,112,2.4003,0.56,1.84,2.4,3142,67.34,894,19.16,376,8.06,142,3.04
3501707,Américo Brasiliense,SP,2025,1234,3,22,25,2.0259,0.24,1.78,2.02,835,67.67,265,21.47,69,5.59,40,3.24
3501806,Américo de Campos,SP,2025,223,3,10,13,5.8296,1.35,4.48,5.83,125,56.05,49,21.97,26,11.66,10,4.48
3501905,Amparo,SP,2025,1413,23,35,58,4.1047,1.63,2.48,4.11,929,65.75,286,20.24,92,6.51,48,3.4
3502002,Analândia,SP,2025,230,2,3,5,2.1739,0.87,1.3,2.17,126,54.78,60,26.09,22,9.57,17,7.39
3502101,Andradina,SP,2025,1758,42,29,71,4.0387,2.39,1.65,4.04,1026,58.36,395,22.47,163,9.27,103,5.86
3502200,Angatuba,SP,2025,1291,12,19,31,2.4012,0.93,1.47,2.4,726,56.24,301,23.32,132,10.22,101,7.82
3502309,Anhembi,SP,2025,293,3,7,10,3.413,1.02,2.39,3.41,177,60.41,64,21.84,21,7.17,21,7.17
3502408,Anhumas,SP,2025,229,2,4,6,2.6201,0.87,1.75,2.62,156,68.12,42,18.34,17,7.42,8,3.49
3502507,Aparecida,SP,2025,673,16,29,45,6.6865,2.38,4.31,6.69,436,64.78,107,15.9,49,7.28,36,5.35
3502606,Aparecida d'Oeste,SP,2025,195,2,4,6,3.0769,1.03,2.05,3.08,140,71.79,29,14.87,14,7.18,6,3.08
3502705,Apiaí,SP,2025,1392,14,22,36,2.5862,1.01,1.58,2.59,846,60.78,317,22.77,123,8.84,70,5.03
3502754,Araçariguama,SP,2025,1260,4,14,18,1.4286,0.32,1.11,1.43,861,68.33,262,20.79,87,6.9,32,2.54
3502804,Araçatuba,SP,2025,5347,103,127,230,4.3015,1.93,2.38,4.31,3337,62.41,1032,19.3,436,8.15,312,5.84
3502903,Araçoiaba da Serra,SP,2025,1294,7,16,23,1.7774,0.54,1.24,1.78,858,66.31,271,20.94,91,7.03,51,3.94
3503000,Aramina,SP,2025,264,1,4,5,1.8939,0.38,1.52,1.9,186,70.45,43,16.29,22,8.33,8,3.03
3503109,Arandu,SP,2025,360,3,5,8,2.2222,0.83,1.39,2.22,218,60.56,78,21.67,31,8.61,25,6.94
3503158,Arapeí,SP,2025,149,0,1,1,0.6711,0.0,0.67,0.67,106,71.14,28,18.79,10,6.71,4,2.68
3503208,Araraquara,SP,2025,5541,55,133,188,3.3929,0.99,2.4,3.39,3792,68.44,967,17.45,375,6.77,219,3.95
3503307,Araras,SP,2025,2802,37,56,93,3.3191,1.32,2.0,3.32,1883,67.2,519,18.52,206,7.35,101,3.6
3503356,Arco-Íris,SP,2025,87,1,1,2,2.2989,1.15,1.15,2.3,51,58.62,16,18.39,11,12.64,7,8.05
3503406,Arealva,SP,2025,338,2,4,6,1.7751,0.59,1.18,1.77,209,61.83,67,19.82,34,10.06,22,6.51
3503505,Areias,SP,2025,269,2,4,6,2.2305,0.74,1.49,2.23,166,61.71,65,24.16,15,5.58,17,6.32
3503604,Areiópolis,SP,2025,318,8,2,10,3.1447,2.52,0.63,3.15,183,57.55,84,26.42,24,7.55,17,5.35
3503703,Ariranha,SP,2025,202,0,5,5,2.4752,0.0,2.48,2.48,122,60.4,46,22.77,21,10.4,8,3.96
3503802,Artur Nogueira,SP,2025,577,6,5,11,1.9064,1.04,0.87,1.91,362,62.74,121,20.97,52,9.01,31,5.37
3503901,Arujá,SP,2025,3412,18,36,54,1.5826,0.53,1.06,1.59,2055,60.23,825,24.18,335,9.82,143,4.19
3503950,Aspásia,SP,2025,92,0,1,1,1.087,0.0,1.09,1.09,59,64.13,19,20.65,5,5.43,8,8.7
3504008,Assis,SP,2025,2374,20,59,79,3.3277,0.84,2.49,3.33,1482,62.43,494,20.81,228,9.6,91,3.83
3504107,Atibaia,SP,2025,4811,29,71,100,2.0786,0.6,1.48,2.08,3200,66.51,1008,20.95,349,7.25,154,3.2
3504206,Auriflama,SP,2025,460,3,8,11,2.3913,0.65,1.74,2.39,253,55.0,110,23.91,47,10.22,39,8.48
3504305,Avaí,SP,2025,304,7,9,16,5.2632,2.3,2.96,5.26,178,58.55,60,19.74,29,9.54,21,6.91
3504404,Avanhandava,SP,2025,476,7,3,10,2.1008,1.47,0.63,2.1,265,55.67,107,22.48,56,11.76,38,7.98
3504503,Avaré,SP,2025,2939,15,51,66,2.2457,0.51,1.74,2.25,1995,67.88,565,19.22,214,7.28,99,3.37
3504602,Bady Bassitt,SP,2025,1411,7,24,31,2.197,0.5,1.7,2.2,920,65.2,305,21.62,118,8.36,37,2.62
3504701,Balbinos,SP,2025,87,0,2,2,2.2989,0.0,2.3,2.3,49,56.32,20,22.99,13,14.94,3,3.45
3504800,Bálsamo,SP,2025,288,1,5,6,2.0833,0.35,1.74,2.09,187,64.93,54,18.75,23,7.99,18,6.25
3504909,Bananal,SP,2025,405,3,4,7,1.7284,0.74,0.99,1.73,243,60.0,91,22.47,39,9.63,25,6.17
3505005,Barão de Antonina,SP,2025,213,1,2,3,1.4085,0.47,0.94,1.41,125,58.69,44,20.66,29,13.62,12,5.63
3505104,Barbosa,SP,2025,385,5,5,10,2.5974,1.3,1.3,2.6,210,54.55,78,20.26,58,15.06,29,7.53
3505203,Bariri,SP,2025,845,14,18,32,3.787,1.66,2.13,3.79,474,56.09,201,23.79,76,8.99,62,7.34
3505302,Barra Bonita,SP,2025,1108,8,27,35,3.1588,0.72,2.44,3.16,780,70.4,201,18.14,58,5.23,34,3.07
3505351,Barra do Chapéu,SP,2025,350,4,2,6,1.7143,1.14,0.57,1.71,207,59.14,91,26.0,34,9.71,12,3.43
3505401,Barra do Turvo,SP,2025,372,8,11,19,5.1075,2.15,2.96,5.11,232,62.37,70,18.82,30,8.06,21,5.65
3505500,Barretos,SP,2025,4606,57,83,140,3.0395,1.24,1.8,3.04,2763,59.99,1013,21.99,454,9.86,236,5.12
3505609,Barrinha,SP,2025,460,10,14,24,5.2174,2.17,3.04,5.21,318,69.13,72,15.65,30,6.52,16,3.48
3505708,Barueri,SP,2025,18477,180,351,531,2.8738,0.97,1.9,2.87,11331,61.32,3929,21.26,1655,8.96,1031,5.58
3505807,Bastos,SP,2025,1018,15,34,49,4.8134,1.47,3.34,4.81,668,65.62,185,18.17,70,6.88,46,4.52
3505906,Batatais,SP,2025,802,23,19,42,5.2369,2.87,2.37,5.24,456,56.86,149,18.58,83,10.35,72,8.98
3506003,Bauru,SP,2025,10251,93,229,322,3.1412,0.91,2.23,3.14,7142,69.67,1837,17.92,634,6.18,316,3.08
3506102,Bebedouro,SP,2025,2362,40,49,89,3.768,1.69,2.07,3.76,1424,60.29,497,21.04,209,8.85,143,6.05
3506201,Bento de Abreu,SP,2025,134,2,2,4,2.9851,1.49,1.49,2.98,87,64.93,24,17.91,10,7.46,9,6.72
3506300,Bernardino de Campos,SP,2025,481,2,8,10,2.079,0.42,1.66,2.08,292,60.71,105,21.83,56,11.64,18,3.74
3506359,Bertioga,SP,2025,2283,20,31,51,2.2339,0.88,1.36,2.24,1327,58.13,562,24.62,242,10.6,101,4.42
3506409,Bilac,SP,2025,269,4,6,10,3.7175,1.49,2.23,3.72,158,58.74,68,25.28,22,8.18,11,4.09
3506508,Birigui,SP,2025,3180,44,57,101,3.1761,1.38,1.79,3.17,1944,61.13,681,21.42,316,9.94,138,4.34
3506607,Biritiba Mirim,SP,2025,1319,22,21,43,3.26,1.67,1.59,3.26,673,51.02,362,27.45,140,10.61,101,7.66
3506706,Boa Esperança do Sul,SP,2025,521,4,9,13,2.4952,0.77,1.73,2.5,341,65.45,105,20.15,38,7.29,24,4.61
3506805,Bocaina,SP,2025,451,4,11,15,3.3259,0.89,2.44,3.33,294,65.19,96,21.29,28,6.21,18,3.99
3506904,Bofete,SP,2025,529,7,9,16,3.0246,1.32,1.7,3.02,323,61.06,114,21.55,46,8.7,30,5.67
3507001,Boituva,SP,2025,2630,17,40,57,2.1673,0.65,1.52,2.17,1612,61.29,591,22.47,263,10.0,107,4.07
3507100,Bom Jesus dos Perdões,SP,2025,1035,6,16,22,2.1256,0.58,1.55,2.13,644,62.22,246,23.77,69,6.67,54,5.22
3507159,Bom Sucesso de Itararé,SP,2025,275,3,10,13,4.7273,1.09,3.64,4.73,177,64.36,40,14.55,22,8.0,23,8.36
3507209,Borá,SP,2025,53,0,0,0,0.0,0.0,0.0,0.0,31,58.49,9,16.98,6,11.32,7,13.21
3507308,Boracéia,SP,2025,195,2,5,7,3.5897,1.03,2.56,3.59,117,60.0,40,20.51,16,8.21,15,7.69
3507407,Borborema,SP,2025,536,2,8,10,1.8657,0.37,1.49,1.86,302,56.34,129,24.07,51,9.51,44,8.21
3507456,Borebi,SP,2025,212,1,3,4,1.8868,0.47,1.42,1.89,137,64.62,51,24.06,12,5.66,8,3.77
3507506,Botucatu,SP,2025,5697,65,103,168,2.9489,1.14,1.81,2.95,3688,64.74,1142,20.05,476,8.36,223,3.91
3507605,Bragança Paulista,SP,2025,3903,89,88,177,4.535,2.28,2.25,4.53,2235,57.26,814,20.86,387,9.92,290,7.43
3507704,Braúna,SP,2025,166,1,2,3,1.8072,0.6,1.2,1.8,97,58.43,40,24.1,16,9.64,10,6.02
3507753,Brejo Alegre,SP,2025,147,0,0,0,0.0,0.0,0.0,0.0,85,57.82,26,17.69,22,14.97,14,9.52
3507803,Brodowski,SP,2025,988,4,16,20,2.0243,0.4,1.62,2.02,612,61.94,225,22.77,85,8.6,46,4.66
3507902,Brotas,SP,2025,572,16,14,30,5.2448,2.8,2.45,5.25,339,59.27,123,21.5,45,7.87,35,6.12
3508009,Buri,SP,2025,1321,9,25,34,2.5738,0.68,1.89,2.57,849,64.27,289,21.88,89,6.74,60,4.54
3508108,Buritama,SP,2025,607,12,13,25,4.1186,1.98,2.14,4.12,340,56.01,123,20.26,71,11.7,48,7.91
3508207,Buritizal,SP,2025,95,4,5,9,9.4737,4.21,5.26,9.47,70,73.68,12,12.63,1,1.05,3,3.16
3508306,Cabrália Paulista,SP,2025,231,0,3,3,1.2987,0.0,1.3,1.3,159,68.83,47,20.35,17,7.36,5,2.16
3508405,Cabreúva,SP,2025,1791,15,15,30,1.675,0.84,0.84,1.68,1018,56.84,442,24.68,202,11.28,99,5.53
3508504,Caçapava,SP,2025,2784,42,56,98,3.5201,1.51,2.01,3.52,1784,64.08,583,20.94,204,7.33,115,4.13
3508603,Cachoeira Paulista,SP,2025,649,14,25,39,6.0092,2.16,3.85,6.01,413,63.64,99,15.25,68,10.48,30,4.62
3508702,Caconde,SP,2025,667,6,12,18,2.6987,0.9,1.8,2.7,420,62.97,139,20.84,63,9.45,27,4.05
3508801,Cafelândia,SP,2025,639,5,15,20,3.1299,0.78,2.35,3.13,419,65.57,130,20.34,41,6.42,29,4.54
3508900,Caiabu,SP,2025,189,2,1,3,1.5873,1.06,0.53,1.59,119,62.96,35,18.52,21,11.11,11,5.82
3509007,Caieiras,SP,2025,3179,37,78,115,3.6175,1.16,2.45,3.61,1977,62.19,698,21.96,264,8.3,125,3.93
3509106,Caiuá,SP,2025,150,1,3,4,2.6667,0.67,2.0,2.67,107,71.33,23,15.33,12,8.0,4,2.67
3509205,Cajamar,SP,2025,4508,32,58,90,1.9965,0.71,1.29,2.0,2782,61.71,1016,22.54,431,9.56,189,4.19
3509254,Cajati,SP,2025,1634,3,23,26,1.5912,0.18,1.41,1.59,1076,65.85,360,22.03,122,7.47,50,3.06
3509304,Cajobi,SP,2025,401,6,23,29,7.2319,1.5,5.74,7.24,238,59.35,79,19.7,34,8.48,21,5.24
3509403,Cajuru,SP,2025,893,2,16,18,2.0157,0.22,1.79,2.01,537,60.13,187,20.94,112,12.54,39,4.37
3509452,Campina do Monte Alegre,SP,2025,312,0,6,6,1.9231,0.0,1.92,1.92,190,60.9,64,20.51,36,11.54,16,5.13
3509502,Campinas,SP,2025,28689,193,522,715,2.4922,0.67,1.82,2.49,20004,69.73,5364,18.7,1774,6.18,832,2.9
3509601,Campo Limpo Paulista,SP,2025,1634,19,29,48,2.9376,1.16,1.77,2.93,1034,63.28,349,21.36,130,7.96,73,4.47
3509700,Campos do Jordão,SP,2025,1625,17,51,68,4.1846,1.05,3.14,4.19,1073,66.03,293,18.03,129,7.94,62,3.82
3509809,Campos Novos Paulista,SP,2025,268,2,3,5,1.8657,0.75,1.12,1.87,148,55.22,66,24.63,36,13.43,13,4.85
3509908,Cananéia,SP,2025,356,3,10,13,3.6517,0.84,2.81,3.65,197,55.34,85,23.88,41,11.52,20,5.62
3509957,Canas,SP,2025,150,1,5,6,4.0,0.67,3.33,4.0,91,60.67,34,22.67,12,8.0,7,4.67
3510005,Cândido Mota,SP,2025,940,10,21,31,3.2979,1.06,2.23,3.29,640,68.09,154,16.38,76,8.09,39,4.15
3510104,Cândido Rodrigues,SP,2025,119,1,1,2,1.6807,0.84,0.84,1.68,69,57.98,27,22.69,13,10.92,8,6.72
3510153,Canitar,SP,2025,345,4,13,17,4.9275,1.16,3.77,4.93,200,57.97,82,23.77,23,6.67,23,6.67
3510203,Capão Bonito,SP,2025,2264,16,47,63,2.7827,0.71,2.08,2.79,1215,53.67,559,24.69,259,11.44,168,7.42
3510302,Capela do Alto,SP,2025,1185,8,16,24,2.0253,0.68,1.35,2.03,708,59.75,289,24.39,122,10.3,42,3.54
3510401,Capivari,SP,2025,1650,17,35,52,3.1515,1.03,2.12,3.15,1074,65.09,338,20.48,122,7.39,64,3.88
3510500,Caraguatatuba,SP,2025,6102,107,107,214,3.507,1.75,1.75,3.5,3475,56.95,1415,23.19,662,10.85,336,5.51
3510609,Carapicuíba,SP,2025,11974,81,192,273,2.2799,0.68,1.6,2.28,7432,62.07,2614,21.83,1108,9.25,547,4.57
3510708,Cardoso,SP,2025,372,2,7,9,2.4194,0.54,1.88,2.42,232,62.37,77,20.7,37,9.95,17,4.57
3510807,Casa Branca,SP,2025,1075,7,12,19,1.7674,0.65,1.12,1.77,651,60.56,242,22.51,102,9.49,61,5.67
3510906,Cássia dos Coqueiros,SP,2025,80,3,1,4,5.0,3.75,1.25,5.0,52,65.0,13,16.25,10,12.5,1,1.25
3511003,Castilho,SP,2025,808,11,28,39,4.8267,1.36,3.47,4.83,494,61.14,168,20.79,65,8.04,42,5.2
3511102,Catanduva,SP,2025,3184,113,98,211,6.6269,3.55,3.08,6.63,1873,58.83,571,17.93,282,8.86,247,7.76
3511201,Catiguá,SP,2025,183,0,6,6,3.2787,0.0,3.28,3.28,118,64.48,31,16.94,19,10.38,9,4.92
3511300,Cedral,SP,2025,466,2,11,13,2.7897,0.43,2.36,2.79,316,67.81,96,20.6,23,4.94,18,3.86
3511409,Cerqueira César,SP,2025,660,10,17,27,4.0909,1.52,2.58,4.1,421,63.79,141,21.36,53,8.03,18,2.73
3511508,Cerquilho,SP,2025,1177,10,24,34,2.8887,0.85,2.04,2.89,640,54.38,259,22.01,136,11.55,108,9.18
3511607,Cesário Lange,SP,2025,964,10,14,24,2.4896,1.04,1.45,2.49,542,56.22,231,23.96,108,11.2,59,6.12
3511706,Charqueada,SP,2025,511,6,11,17,3.3268,1.17,2.15,3.32,302,59.1,105,20.55,56,10.96,31,6.07
3511904,Clementina,SP,2025,392,0,14,14,3.5714,0.0,3.57,3.57,257,65.56,77,19.64,32,8.16,12,3.06
3512001,Colina,SP,2025,586,9,18,27,4.6075,1.54,3.07,4.61,316,53.92,138,23.55,70,11.95,35,5.97
3512100,Colômbia,SP,2025,202,3,6,9,4.4554,1.49,2.97,4.46,125,61.88,43,21.29,11,5.45,14,6.93
3512209,Conchal,SP,2025,1311,11,29,40,3.0511,0.84,2.21,3.05,840,64.07,264,20.14,110,8.39,57,4.35
3512308,Conchas,SP,2025,548,111,44,155,28.2847,20.26,8.03,28.29,260,47.45,81,14.78,28,5.11,24,4.38
3512407,Cordeirópolis,SP,2025,1004,4,10,14,1.3944,0.4,1.0,1.4,594,59.16,263,26.2,93,9.26,40,3.98
3512506,Coroados,SP,2025,113,2,2,4,3.5398,1.77,1.77,3.54,70,61.95,22,19.47,10,8.85,7,6.19
3512605,Coronel Macedo,SP,2025,189,0,5,5,2.6455,0.0,2.65,2.65,117,61.9,46,24.34,12,6.35,9,4.76
3512704,Corumbataí,SP,2025,96,1,1,2,2.0833,1.04,1.04,2.08,55,57.29,25,26.04,10,10.42,4,4.17
3512803,Cosmópolis,SP,2025,1940,9,34,43,2.2165,0.46,1.75,2.21,1261,65.0,407,20.98,152,7.84,77,3.97
3512902,Cosmorama,SP,2025,372,1,8,9,2.4194,0.27,2.15,2.42,212,56.99,94,25.27,36,9.68,21,5.65
3513009,Cotia,SP,2025,6917,117,128,245,3.542,1.69,1.85,3.54,4215,60.94,1459,21.09,648,9.37,350,5.06
3513108,Cravinhos,SP,2025,978,12,14,26,2.6585,1.23,1.43,2.66,592,60.53,217,22.19,91,9.3,52,5.32
3513207,Cristais Paulista,SP,2025,419,3,7,10,2.3866,0.72,1.67,2.39,279,66.59,75,17.9,30,7.16,25,5.97
3513306,Cruzália,SP,2025,100,1,0,1,1.0,1.0,0.0,1.0,48,48.0,30,30.0,12,12.0,9,9.0
3513405,Cruzeiro,SP,2025,2386,25,43,68,2.85,1.05,1.8,2.85,1568,65.72,471,19.74,173,7.25,106,4.44
3513504,Cubatão,SP,2025,4089,62,68,130,3.1793,1.52,1.66,3.18,2437,59.6,918,22.45,400,9.78,204,4.99
3513603,Cunha,SP,2025,1037,6,8,14,1.35,0.58,0.77,1.35,669,64.51,222,21.41,80,7.71,52,5.01
3513702,Descalvado,SP,2025,1128,16,19,35,3.1028,1.42,1.68,3.1,703,62.32,241,21.37,89,7.89,60,5.32
3513801,Diadema,SP,2025,12334,126,255,381,3.089,1.02,2.07,3.09,7996,64.83,2411,19.55,984,7.98,562,4.56
3513850,Dirce Reis,SP,2025,74,1,0,1,1.3514,1.35,0.0,1.35,40,54.05,20,27.03,9,12.16,4,5.41
3513900,Divinolândia,SP,2025,452,7,10,17,3.7611,1.55,2.21,3.76,318,70.35,80,17.7,24,5.31,13,2.88
3514007,Dobrada,SP,2025,368,2,6,8,2.1739,0.54,1.63,2.17,197,53.53,86,23.37,46,12.5,31,8.42
3514106,Dois Córregos,SP,2025,1156,11,34,45,3.8927,0.95,2.94,3.89,782,67.65,192,16.61,96,8.3,41,3.55
3514205,Dolcinópolis,SP,2025,137,1,3,4,2.9197,0.73,2.19,2.92,93,67.88,23,16.79,11,8.03,6,4.38
3514304,Dourado,SP,2025,96,1,1,2,2.0833,1.04,1.04,2.08,62,64.58,16,16.67,11,11.46,5,5.21
3514403,Dracena,SP,2025,1411,10,21,31,2.197,0.71,1.49,2.2,953,67.54,293,20.77,87,6.17,47,3.33
3514502,Duartina,SP,2025,486,6,10,16,3.2922,1.23,2.06,3.29,311,63.99,87,17.9,46,9.47,26,5.35
3514601,Dumont,SP,2025,236,3,7,10,4.2373,1.27,2.97,4.24,159,67.37,42,17.8,14,5.93,11,4.66
3514700,Echaporã,SP,2025,355,2,7,9,2.5352,0.56,1.97,2.53,220,61.97,67,18.87,35,9.86,24,6.76
3514809,Eldorado,SP,2025,745,6,13,19,2.5503,0.81,1.74,2.55,478,64.16,161,21.61,52,6.98,35,4.7
3514908,Elias Fausto,SP,2025,651,9,14,23,3.533,1.38,2.15,3.53,439,67.43,107,16.44,43,6.61,39,5.99
3514924,Elisiário,SP,2025,144,1,2,3,2.0833,0.69,1.39,2.08,92,63.89,28,19.44,16,11.11,5,3.47
3514957,Embaúba,SP,2025,24,1,1,2,8.3333,4.17,4.17,8.34,16,66.67,3,12.5,2,8.33,1,4.17
3515004,Embu das Artes,SP,2025,12814,351,374,725,5.6579,2.74,2.92,5.66,7913,61.75,2274,17.75,1001,7.81,901,7.03
3515103,Embu-Guaçu,SP,2025,2108,38,47,85,4.0323,1.8,2.23,4.03,1253,59.44,433,20.54,193,9.16,144,6.83
3515129,Emilianópolis,SP,2025,145,0,1,1,0.6897,0.0,0.69,0.69,97,66.9,21,14.48,14,9.66,12,8.28
3515152,Engenheiro Coelho,SP,2025,895,9,16,25,2.7933,1.01,1.79,2.8,596,66.59,171,19.11,71,7.93,32,3.58
3515186,Espírito Santo do Pinhal,SP,2025,1134,7,19,26,2.2928,0.62,1.68,2.3,713,62.87,221,19.49,104,9.17,70,6.17
3515194,Espírito Santo do Turvo,SP,2025,295,1,7,8,2.7119,0.34,2.37,2.71,175,59.32,64,21.69,28,9.49,20,6.78
3515202,Estrela d'Oeste,SP,2025,357,1,5,6,1.6807,0.28,1.4,1.68,234,65.55,77,21.57,27,7.56,13,3.64
3515301,Estrela do Norte,SP,2025,109,0,2,2,1.8349,0.0,1.83,1.83,68,62.39,29,26.61,5,4.59,5,4.59
3515350,Euclides da Cunha Paulista,SP,2025,345,6,7,13,3.7681,1.74,2.03,3.77,234,67.83,56,16.23,24,6.96,18,5.22
3515400,Fartura,SP,2025,799,9,14,23,2.8786,1.13,1.75,2.88,501,62.7,179,22.4,61,7.63,35,4.38
3515509,Fernandópolis,SP,2025,2289,35,63,98,4.2813,1.53,2.75,4.28,1523,66.54,417,18.22,154,6.73,97,4.24
3515608,Fernando Prestes,SP,2025,232,3,3,6,2.5862,1.29,1.29,2.58,116,50.0,63,27.16,31,13.36,16,6.9
3515657,Fernão,SP,2025,93,1,2,3,3.2258,1.08,2.15,3.23,51,54.84,24,25.81,11,11.83,4,4.3
3515707,Ferraz de Vasconcelos,SP,2025,7213,72,94,166,2.3014,1.0,1.3,2.3,4236,58.73,1775,24.61,699,9.69,337,4.67
3515806,Flora Rica,SP,2025,69,0,0,0,0.0,0.0,0.0,0.0,41,59.42,18,26.09,6,8.7,4,5.8
3515905,Floreal,SP,2025,115,0,5,5,4.3478,0.0,4.35,4.35,75,65.22,25,21.74,7,6.09,3,2.61
3516002,Flórida Paulista,SP,2025,397,1,6,7,1.7632,0.25,1.51,1.76,247,62.22,82,20.65,38,9.57,23,5.79
3516101,Florínea,SP,2025,98,2,2,4,4.0816,2.04,2.04,4.08,56,57.14,18,18.37,14,14.29,6,6.12
3516200,Franca,SP,2025,9451,66,195,261,2.7616,0.7,2.06,2.76,6411,67.83,1897,20.07,642,6.79,240,2.54
3516309,Francisco Morato,SP,2025,8002,137,185,322,4.024,1.71,2.31,4.02,4849,60.6,1557,19.46,719,8.99,555,6.94
3516408,Franco da Rocha,SP,2025,6496,111,131,242,3.7254,1.71,2.02,3.73,3922,60.38,1296,19.95,558,8.59,478,7.36
3516507,Gabriel Monteiro,SP,2025,107,0,0,0,0.0,0.0,0.0,0.0,65,60.75,26,24.3,10,9.35,6,5.61
3516606,Gália,SP,2025,209,0,7,7,3.3493,0.0,3.35,3.35,122,58.37,40,19.14,25,11.96,15,7.18
3516705,Garça,SP,2025,1758,23,39,62,3.5267,1.31,2.22,3.53,1129,64.22,353,20.08,127,7.22,87,4.95
3516804,Gastão Vidigal,SP,2025,153,2,6,8,5.2288,1.31,3.92,5.23,104,67.97,30,19.61,4,2.61,7,4.58
3516853,Gavião Peixoto,SP,2025,292,2,7,9,3.0822,0.68,2.4,3.08,217,74.32,46,15.75,12,4.11,8,2.74
3516903,General Salgado,SP,2025,366,4,9,13,3.5519,1.09,2.46,3.55,226,61.75,82,22.4,32,8.74,13,3.55
3517000,Getulina,SP,2025,295,2,3,5,1.6949,0.68,1.02,1.7,178,60.34,68,23.05,27,9.15,17,5.76
3517109,Glicério,SP,2025,181,4,5,9,4.9724,2.21,2.76,4.97,114,62.98,30,16.57,18,9.94,10,5.52
3517208,Guaiçara,SP,2025,559,14,11,25,4.4723,2.5,1.97,4.47,321,57.42,117,20.93,59,10.55,37,6.62
3517307,Guaimbê,SP,2025,194,2,5,7,3.6082,1.03,2.58,3.61,119,61.34,42,21.65,14,7.22,12,6.19
3517406,Guaíra,SP,2025,1389,12,23,35,2.5198,0.86,1.66,2.52,906,65.23,265,19.08,113,8.14,70,5.04
3517505,Guapiaçu,SP,2025,931,10,19,29,3.1149,1.07,2.04,3.11,583,62.62,196,21.05,81,8.7,42,4.51
3517604,Guapiara,SP,2025,708,10,15,25,3.5311,1.41,2.12,3.53,396,55.93,149,21.05,81,11.44,57,8.05
3517703,Guará,SP,2025,778,6,11,17,2.1851,0.77,1.41,2.18,498,64.01,157,20.18,65,8.35,41,5.27
3517802,Guaraçaí,SP,2025,260,4,5,9,3.4615,1.54,1.92,3.46,175,67.31,50,19.23,11,4.23,15,5.77
3517901,Guaraci,SP,2025,405,5,4,9,2.2222,1.23,0.99,2.22,190,46.91,111,27.41,59,14.57,36,8.89
3518008,Guarani d'Oeste,SP,2025,98,1,1,2,2.0408,1.02,1.02,2.04,64,65.31,20,20.41,10,10.2,2,2.04
3518107,Guarantã,SP,2025,282,6,6,12,4.2553,2.13,2.13,4.26,172,60.99,60,21.28,19,6.74,19,6.74
3518206,Guararapes,SP,2025,864,5,13,18,2.0833,0.58,1.5,2.08,593,68.63,166,19.21,58,6.71,29,3.36
3518305,Guararema,SP,2025,1258,3,16,19,1.5103,0.24,1.27,1.51,859,68.28,259,20.59,86,6.84,35,2.78
3518404,Guaratinguetá,SP,2025,3123,32,58,90,2.8818,1.02,1.86,2.88,2090,66.92,574,18.38,243,7.78,126,4.03
3518503,Guareí,SP,2025,588,4,11,15,2.551,0.68,1.87,2.55,356,60.54,138,23.47,54,9.18,25,4.25
3518602,Guariba,SP,2025,675,13,26,39,5.7778,1.93,3.85,5.78,446,66.07,115,17.04,49,7.26,26,3.85
3518701,Guarujá,SP,2025,8249,174,121,295,3.5762,2.11,1.47,3.58,4945,59.95,1851,22.44,769,9.32,389,4.72
3518800,Guarulhos,SP,2025,39705,728,925,1653,4.1632,1.83,2.33,4.16,23824,60.0,8179,20.6,3530,8.89,2519,6.34
3518859,Guatapará,SP,2025,301,0,4,4,1.3289,0.0,1.33,1.33,202,67.11,65,21.59,19,6.31,11,3.65
3518909,Guzolândia,SP,2025,231,2,6,8,3.4632,0.87,2.6,3.47,133,57.58,54,23.38,26,11.26,10,4.33
3519006,Herculândia,SP,2025,71,1,6,7,9.8592,1.41,8.45,9.86,45,63.38,12,16.9,5,7.04,2,2.82
3519055,Holambra,SP,2025,228,4,6,10,4.386,1.75,2.63,4.38,142,62.28,41,17.98,19,8.33,16,7.02
3519071,Hortolândia,SP,2025,3462,124,105,229,6.6147,3.58,3.03,6.61,2263,65.37,568,16.41,242,6.99,160,4.62
3519105,Iacanga,SP,2025,462,2,2,4,0.8658,0.43,0.43,0.86,279,60.39,122,26.41,35,7.58,22,4.76
3519204,Iacri,SP,2025,123,3,5,8,6.5041,2.44,4.07,6.51,85,69.11,22,17.89,4,3.25,4,3.25
3519253,Iaras,SP,2025,341,7,4,11,3.2258,2.05,1.17,3.22,199,58.36,78,22.87,30,8.8,23,6.74
3519303,Ibaté,SP,2025,1226,12,33,45,3.6705,0.98,2.69,3.67,766,62.48,240,19.58,119,9.71,56,4.57
3519402,Ibirá,SP,2025,526,2,8,10,1.9011,0.38,1.52,1.9,346,65.78,105,19.96,38,7.22,27,5.13
3519501,Ibirarema,SP,2025,283,15,18,33,11.6608,5.3,6.36,11.66,167,59.01,36,12.72,22,7.77,25,8.83
3519600,Ibitinga,SP,2025,1390,8,26,34,2.446,0.58,1.87,2.45,903,64.96,281,20.22,99,7.12,73,5.25
3519709,Ibiúna,SP,2025,2841,46,57,103,3.6255,1.62,2.01,3.63,1678,59.06,640,22.53,266,9.36,154,5.42
3519808,Icém,SP,2025,286,1,4,5,1.7483,0.35,1.4,1.75,196,68.53,58,20.28,18,6.29,9,3.15
3519907,Iepê,SP,2025,277,5,9,14,5.0542,1.81,3.25,5.06,179,64.62,50,18.05,20,7.22,14,5.05
3520004,Igaraçu do Tietê,SP,2025,699,9,19,28,4.0057,1.29,2.72,4.01,463,66.24,123,17.6,55,7.87,30,4.29
3520103,Igarapava,SP,2025,817,5,9,14,1.7136,0.61,1.1,1.71,485,59.36,182,22.28,91,11.14,45,5.51
3520202,Igaratá,SP,2025,562,1,13,14,2.4911,0.18,2.31,2.49,355,63.17,119,21.17,50,8.9,24,4.27
3520301,Iguape,SP,2025,1247,11,23,34,2.7265,0.88,1.84,2.72,750,60.14,301,24.14,107,8.58,55,4.41
3520400,Ilhabela,SP,2025,2057,9,27,36,1.7501,0.44,1.31,1.75,1305,63.44,482,23.43,174,8.46,60,2.92
3520426,Ilha Comprida,SP,2025,706,5,10,15,2.1246,0.71,1.42,2.13,483,68.41,148,20.96,44,6.23,16,2.27
3520442,Ilha Solteira,SP,2025,769,2,5,7,0.9103,0.26,0.65,0.91,456,59.3,199,25.88,79,10.27,28,3.64
3520509,Indaiatuba,SP,2025,6350,37,109,146,2.2992,0.58,1.72,2.3,4292,67.59,1258,19.81,438,6.9,216,3.4
3520608,Indiana,SP,2025,253,4,7,11,4.3478,1.58,2.77,4.35,173,68.38,41,16.21,17,6.72,11,4.35
3520707,Indiaporã,SP,2025,203,2,1,3,1.4778,0.99,0.49,1.48,138,67.98,32,15.76,23,11.33,7,3.45
3520806,Inúbia Paulista,SP,2025,163,4,6,10,6.135,2.45,3.68,6.13,94,57.67,35,21.47,11,6.75,13,7.98
3520905,Ipaussu,SP,2025,535,8,14,22,4.1121,1.5,2.62,4.12,304,56.82,122,22.8,59,11.03,28,5.23
3521002,Iperó,SP,2025,1681,6,23,29,1.7252,0.36,1.37,1.73,1119,66.57,364,21.65,112,6.66,57,3.39
3521101,Ipeúna,SP,2025,357,2,5,7,1.9608,0.56,1.4,1.96,198,55.46,96,26.89,42,11.76,14,3.92
3521150,Ipiguá,SP,2025,248,0,5,5,2.0161,0.0,2.02,2.02,145,58.47,61,24.6,27,10.89,10,4.03
3521200,Iporanga,SP,2025,232,0,7,7,3.0172,0.0,3.02,3.02,143,61.64,49,21.12,21,9.05,12,5.17
3521309,Ipuã,SP,2025,646,4,15,19,2.9412,0.62,2.32,2.94,419,64.86,128,19.81,49,7.59,31,4.8
3521408,Iracemápolis,SP,2025,652,4,10,14,2.1472,0.61,1.53,2.14,368,56.44,168,25.77,64,9.82,38,5.83
3521507,Irapuã,SP,2025,433,2,10,12,2.7714,0.46,2.31,2.77,297,68.59,91,21.02,21,4.85,12,2.77
3521606,Irapuru,SP,2025,198,1,4,5,2.5253,0.51,2.02,2.53,116,58.59,38,19.19,22,11.11,17,8.59
3521705,Itaberá,SP,2025,965,13,28,41,4.2487,1.35,2.9,4.25,498,51.61,220,22.8,118,12.23,88,9.12
3521804,Itaí,SP,2025,1135,8,30,38,3.348,0.7,2.64,3.34,760,66.96,231,20.35,69,6.08,37,3.26
3521903,Itajobi,SP,2025,457,10,10,20,4.3764,2.19,2.19,4.38,250,54.7,109,23.85,48,10.5,30,6.56
3522000,Itaju,SP,2025,206,2,2,4,1.9417,0.97,0.97,1.94,114,55.34,46,22.33,26,12.62,16,7.77
3522109,Itanhaém,SP,2025,3307,40,68,108,3.2658,1.21,2.06,3.27,2150,65.01,667,20.17,237,7.17,145,4.38
3522158,Itaoca,SP,2025,180,0,4,4,2.2222,0.0,2.22,2.22,117,65.0,41,22.78,12,6.67,6,3.33
3522208,Itapecerica da Serra,SP,2025,5617,157,139,296,5.2697,2.8,2.47,5.27,3329,59.27,1112,19.8,517,9.2,363,6.46
3522307,Itapetininga,SP,2025,7361,27,94,121,1.6438,0.37,1.28,1.65,4704,63.9,1586,21.55,601,8.16,349,4.74
3522406,Itapeva,SP,2025,4577,25,69,94,2.0537,0.55,1.51,2.06,2742,59.91,1093,23.88,425,9.29,223,4.87
3522505,Itapevi,SP,2025,8143,66,196,262,3.2175,0.81,2.41,3.22,5662,69.53,1430,17.56,508,6.24,281,3.45
3522604,Itapira,SP,2025,1450,13,31,44,3.0345,0.9,2.14,3.04,883,60.9,331,22.83,125,8.62,67,4.62
3522653,Itapirapuã Paulista,SP,2025,327,4,8,12,3.6697,1.22,2.45,3.67,172,52.6,84,25.69,34,10.4,25,7.65
3522703,Itápolis,SP,2025,1345,5,14,19,1.4126,0.37,1.04,1.41,874,64.98,286,21.26,108,8.03,58,4.31
3522802,Itaporanga,SP,2025,611,5,13,18,2.946,0.82,2.13,2.95,376,61.54,132,21.6,57,9.33,28,4.58
3522901,Itapuí,SP,2025,883,8,15,23,2.6048,0.91,1.7,2.61,521,59.0,189,21.4,97,10.99,53,6.0
3523008,Itapura,SP,2025,175,0,2,2,1.1429,0.0,1.14,1.14,110,62.86,35,20.0,19,10.86,9,5.14
3523107,Itaquaquecetuba,SP,2025,9182,124,253,377,4.1059,1.35,2.76,4.11,5551,60.46,1849,20.14,873,9.51,532,5.79
3523206,Itararé,SP,2025,2060,11,37,48,2.3301,0.53,1.8,2.33,1308,63.5,435,21.12,168,8.16,101,4.9
3523305,Itariri,SP,2025,641,19,22,41,6.3963,2.96,3.43,6.39,368,57.41,132,20.59,48,7.49,52,8.11
3523404,Itatiba,SP,2025,3519,31,68,99,2.8133,0.88,1.93,2.81,2283,64.88,753,21.4,246,6.99,138,3.92
3523503,Itatinga,SP,2025,719,4,15,19,2.6426,0.56,2.09,2.65,444,61.75,157,21.84,63,8.76,36,5.01
3523602,Itirapina,SP,2025,591,5,15,20,3.3841,0.85,2.54,3.39,373,63.11,119,20.14,54,9.14,25,4.23
3523701,Itirapuã,SP,2025,318,2,0,2,0.6289,0.63,0.0,0.63,221,69.5,61,19.18,25,7.86,9,2.83
3523800,Itobi,SP,2025,330,3,7,10,3.0303,0.91,2.12,3.03,195,59.09,78,23.64,27,8.18,20,6.06
3523909,Itu,SP,2025,6723,61,100,161,2.3948,0.91,1.49,2.4,4388,65.27,1425,21.2,513,7.63,236,3.51
3524006,Itupeva,SP,2025,555,5,13,18,3.2432,0.9,2.34,3.24,382,68.83,94,16.94,35,6.31,26,4.68
3524105,Ituverava,SP,2025,1176,6,18,24,2.0408,0.51,1.53,2.04,754,64.12,248,21.09,83,7.06,67,5.7
3524204,Jaborandi,SP,2025,244,1,5,6,2.459,0.41,2.05,2.46,141,57.79,57,23.36,26,10.66,14,5.74
3524303,Jaboticabal,SP,2025,1362,23,43,66,4.8458,1.69,3.16,4.85,841,61.75,271,19.9,122,8.96,62,4.55
3524402,Jacareí,SP,2025,5932,80,125,205,3.4558,1.35,2.11,3.46,3879,65.39,1157,19.5,449,7.57,242,4.08
3524501,Jaci,SP,2025,359,1,3,4,1.1142,0.28,0.84,1.12,198,55.15,101,28.13,41,11.42,15,4.18
3524600,Jacupiranga,SP,2025,849,11,21,32,3.7691,1.3,2.47,3.77,552,65.02,163,19.2,68,8.01,34,4.0
3524709,Jaguariúna,SP,2025,2169,4,39,43,1.9825,0.18,1.8,1.98,1517,69.94,406,18.72,141,6.5,62,2.86
3524808,Jales,SP,2025,1328,29,28,57,4.2922,2.18,2.11,4.29,842,63.4,269,20.26,103,7.76,57,4.29
3524907,Jambeiro,SP,2025,246,2,4,6,2.439,0.81,1.63,2.44,158,64.23,45,18.29,25,10.16,12,4.88
3525003,Jandira,SP,2025,2904,41,54,95,3.2713,1.41,1.86,3.27,1699,58.51,661,22.76,296,10.19,153,5.27
3525102,Jardinópolis,SP,2025,1643,18,24,42,2.5563,1.1,1.46,2.56,1060,64.52,340,20.69,127,7.73,74,4.5
3525201,Jarinu,SP,2025,1098,12,42,54,4.918,1.09,3.83,4.92,780,71.04,169,15.39,61,5.56,34,3.1
3525300,Jaú,SP,2025,2613,46,68,114,4.3628,1.76,2.6,4.36,1648,63.07,487,18.64,224,8.57,140,5.36
3525409,Jeriquara,SP,2025,186,0,3,3,1.6129,0.0,1.61,1.61,128,68.82,32,17.2,13,6.99,10,5.38
3525508,Joanópolis,SP,2025,524,3,2,5,0.9542,0.57,0.38,0.95,357,68.13,100,19.08,42,8.02,20,3.82
3525607,João Ramalho,SP,2025,187,2,2,4,2.139,1.07,1.07,2.14,119,63.64,34,18.18,14,7.49,16,8.56
3525706,José Bonifácio,SP,2025,1606,13,30,43,2.6775,0.81,1.87,2.68,1025,63.82,328,20.42,145,9.03,65,4.05
3525805,Júlio Mesquita,SP,2025,277,8,4,12,4.3321,2.89,1.44,4.33,157,56.68,50,18.05,41,14.8,17,6.14
3525854,Jumirim,SP,2025,197,0,2,2,1.0152,0.0,1.02,1.02,131,66.5,39,19.8,18,9.14,7,3.55
3525904,Jundiaí,SP,2025,11277,101,242,343,3.0416,0.9,2.15,3.05,7597,67.37,2098,18.6,781,6.93,458,4.06
3526001,Junqueirópolis,SP,2025,911,11,29,40,4.3908,1.21,3.18,4.39,598,65.64,177,19.43,54,5.93,42,4.61
3526100,Juquiá,SP,2025,830,4,8,12,1.4458,0.48,0.96,1.44,566,68.19,165,19.88,62,7.47,25,3.01
3526209,Juquitiba,SP,2025,1204,17,34,51,4.2359,1.41,2.82,4.23,741,61.54,235,19.52,99,8.22,78,6.48
3526308,Lagoinha,SP,2025,229,4,1,5,2.1834,1.75,0.44,2.19,149,65.07,42,18.34,20,8.73,13,5.68
3526407,Laranjal Paulista,SP,2025,1062,6,12,18,1.6949,0.56,1.13,1.69,612,57.63,249,23.45,106,9.98,77,7.25
3526506,Lavínia,SP,2025,180,1,3,4,2.2222,0.56,1.67,2.23,110,61.11,42,23.33,16,8.89,8,4.44
3526605,Lavrinhas,SP,2025,313,1,4,5,1.5974,0.32,1.28,1.6,202,64.54,75,23.96,29,9.27,2,0.64
3526704,Leme,SP,2025,3049,30,63,93,3.0502,0.98,2.07,3.05,1925,63.14,650,21.32,250,8.2,131,4.3
3526803,Lençóis Paulista,SP,2025,2745,23,34,57,2.0765,0.84,1.24,2.08,1696,61.79,614,22.37,241,8.78,137,4.99
3526902,Limeira,SP,2025,6575,67,150,217,3.3004,1.02,2.28,3.3,4222,64.21,1341,20.4,503,7.65,292,4.44
3527009,Lindóia,SP,2025,75,6,5,11,14.6667,8.0,6.67,14.67,39,52.0,12,16.0,10,13.33,3,4.0
3527108,Lins,SP,2025,2552,74,98,172,6.7398,2.9,3.84,6.74,1693,66.34,426,16.69,171,6.7,90,3.53
3527207,Lorena,SP,2025,2968,23,72,95,3.2008,0.77,2.43,3.2,2044,68.87,551,18.56,178,6.0,100,3.37
3527256,Lourdes,SP,2025,90,0,2,2,2.2222,0.0,2.22,2.22,41,45.56,23,25.56,17,18.89,7,7.78
3527306,Louveira,SP,2025,2290,10,29,39,1.7031,0.44,1.27,1.71,1638,71.53,421,18.38,144,6.29,48,2.1
3527405,Lucélia,SP,2025,417,15,35,50,11.9904,3.6,8.39,11.99,277,66.43,64,15.35,15,3.6,11,2.64
3527504,Lucianópolis,SP,2025,123,2,2,4,3.252,1.63,1.63,3.26,81,65.85,27,21.95,7,5.69,4,3.25
3527603,Luís Antônio,SP,2025,650,6,9,15,2.3077,0.92,1.38,2.3,460,70.77,110,16.92,51,7.85,14,2.15
3527702,Luiziânia,SP,2025,298,4,4,8,2.6846,1.34,1.34,2.68,164,55.03,71,23.83,32,10.74,23,7.72
3527801,Lupércio,SP,2025,142,1,0,1,0.7042,0.7,0.0,0.7,86,60.56,39,27.46,11,7.75,5,3.52
3527900,Lutécia,SP,2025,127,1,2,3,2.3622,0.79,1.57,2.36,82,64.57,24,18.9,10,7.87,8,6.3
3528007,Macatuba,SP,2025,534,6,9,15,2.809,1.12,1.69,2.81,348,65.17,103,19.29,40,7.49,28,5.24
3528106,Macaubal,SP,2025,251,3,5,8,3.1873,1.2,1.99,3.19,136,54.18,63,25.1,34,13.55,10,3.98
3528205,Macedônia,SP,2025,185,2,1,3,1.6216,1.08,0.54,1.62,125,67.57,32,17.3,12,6.49,13,7.03
3528304,Magda,SP,2025,143,0,2,2,1.3986,0.0,1.4,1.4,99,69.23,28,19.58,11,7.69,3,2.1
3528403,Mairinque,SP,2025,1913,14,31,45,2.3523,0.73,1.62,2.35,1172,61.27,463,24.2,160,8.36,73,3.82
3528502,Mairiporã,SP,2025,3255,43,64,107,3.2873,1.32,1.97,3.29,2022,62.12,663,20.37,273,8.39,190,5.84
3528601,Manduri,SP,2025,454,3,2,5,1.1013,0.66,0.44,1.1,274,60.35,103,22.69,47,10.35,25,5.51
3528700,Marabá Paulista,SP,2025,157,4,4,8,5.0955,2.55,2.55,5.1,98,62.42,31,19.75,7,4.46,13,8.28
3528809,Maracaí,SP,2025,509,5,17,22,4.3222,0.98,3.34,4.32,348,68.37,84,16.5,34,6.68,21,4.13
3528858,Marapoama,SP,2025,113,0,1,1,0.885,0.0,0.88,0.88,65,57.52,18,15.93,18,15.93,11,9.73
3528908,Mariápolis,SP,2025,143,1,0,1,0.6993,0.7,0.0,0.7,90,62.94,28,19.58,17,11.89,7,4.9
3529005,Marília,SP,2025,6157,57,144,201,3.2646,0.93,2.34,3.27,4212,68.41,1146,18.61,404,6.56,194,3.15
3529104,Marinópolis,SP,2025,99,1,2,3,3.0303,1.01,2.02,3.03,55,55.56,26,26.26,9,9.09,6,6.06
3529203,Martinópolis,SP,2025,1056,15,24,39,3.6932,1.42,2.27,3.69,698,66.1,215,20.36,79,7.48,25,2.37
3529302,Matão,SP,2025,2048,17,37,54,2.6367,0.83,1.81,2.64,1330,64.94,423,20.65,151,7.37,90,4.39
3529401,Mauá,SP,2025,5292,182,201,383,7.2373,3.44,3.8,7.24,2980,56.31,952,17.99,504,9.52,473,8.94
3529500,Mendonça,SP,2025,251,2,4,6,2.3904,0.8,1.59,2.39,157,62.55,49,19.52,23,9.16,16,6.37
3529609,Meridiano,SP,2025,179,3,4,7,3.9106,1.68,2.23,3.91,113,63.13,33,18.44,15,8.38,11,6.15
3529658,Mesópolis,SP,2025,128,1,1,2,1.5625,0.78,0.78,1.56,81,63.28,24,18.75,12,9.38,9,7.03
3529708,Miguelópolis,SP,2025,509,3,12,15,2.947,0.59,2.36,2.95,305,59.92,100,19.65,60,11.79,29,5.7
3529807,Mineiros do Tietê,SP,2025,412,7,6,13,3.1553,1.7,1.46,3.16,267,64.81,84,20.39,29,7.04,19,4.61
3529906,Miracatu,SP,2025,1032,7,10,17,1.6473,0.68,0.97,1.65,644,62.4,221,21.41,104,10.08,46,4.46
3530003,Mira Estrela,SP,2025,155,0,2,2,1.2903,0.0,1.29,1.29,94,60.65,37,23.87,10,6.45,12,7.74
3530102,Mirandópolis,SP,2025,508,7,4,11,2.1654,1.38,0.79,2.17,332,65.35,83,16.34,61,12.01,21,4.13
3530201,Mirante do Paranapanema,SP,2025,601,12,17,29,4.8253,2.0,2.83,4.83,380,63.23,113,18.8,44,7.32,35,5.82
3530300,Mirassol,SP,2025,1719,25,31,56,3.2577,1.45,1.8,3.25,978,56.89,400,23.27,188,10.94,97,5.64
3530409,Mirassolândia,SP,2025,182,0,3,3,1.6484,0.0,1.65,1.65,114,62.64,39,21.43,17,9.34,9,4.95
3530508,Mococa,SP,2025,1782,28,41,69,3.8721,1.57,2.3,3.87,1157,64.93,334,18.74,126,7.07,96,5.39
3530607,Mogi das Cruzes,SP,2025,11207,75,213,288,2.5698,0.67,1.9,2.57,7439,66.38,2287,20.41,801,7.15,392,3.5
3530706,Mogi Guaçu,SP,2025,4688,46,93,139,2.965,0.98,1.98,2.96,3025,64.53,944,20.14,392,8.36,188,4.01
3530805,Mogi Mirim,SP,2025,2544,37,68,105,4.1274,1.45,2.67,4.12,1690,66.43,489,19.22,165,6.49,95,3.73
3530904,Mombuca,SP,2025,169,3,4,7,4.142,1.78,2.37,4.15,99,58.58,36,21.3,20,11.83,7,4.14
3531001,Monções,SP,2025,78,0,2,2,2.5641,0.0,2.56,2.56,45,57.69,18,23.08,7,8.97,6,7.69
3531100,Mongaguá,SP,2025,682,15,18,33,4.8387,2.2,2.64,4.84,424,62.17,126,18.48,52,7.62,47,6.89
3531209,Monte Alegre do Sul,SP,2025,154,3,4,7,4.5455,1.95,2.6,4.55,97,62.99,35,22.73,5,3.25,10,6.49
3531308,Monte Alto,SP,2025,1530,15,28,43,2.8105,0.98,1.83,2.81,948,61.96,318,20.78,151,9.87,70,4.58
3531407,Monte Aprazível,SP,2025,675,6,16,22,3.2593,0.89,2.37,3.26,427,63.26,137,20.3,60,8.89,29,4.3
3531506,Monte Azul Paulista,SP,2025,624,4,12,16,2.5641,0.64,1.92,2.56,401,64.26,123,19.71,52,8.33,32,5.13
3531605,Monte Castelo,SP,2025,200,1,7,8,4.0,0.5,3.5,4.0,118,59.0,41,20.5,19,9.5,14,7.0
3531704,Monteiro Lobato,SP,2025,218,0,5,5,2.2936,0.0,2.29,2.29,147,67.43,44,20.18,17,7.8,5,2.29
3531803,Monte Mor,SP,2025,2201,22,50,72,3.2712,1.0,2.27,3.27,1486,67.51,407,18.49,149,6.77,87,3.95
3531902,Morro Agudo,SP,2025,1139,10,18,28,2.4583,0.88,1.58,2.46,696,61.11,236,20.72,113,9.92,66,5.79
3532009,Morungaba,SP,2025,641,9,17,26,4.0562,1.4,2.65,4.05,346,53.98,157,24.49,81,12.64,31,4.84
3532058,Motuca,SP,2025,77,3,2,5,6.4935,3.9,2.6,6.5,50,64.94,17,22.08,3,3.9,2,2.6
3532108,Murutinga do Sul,SP,2025,152,2,0,2,1.3158,1.32,0.0,1.32,84,55.26,34,22.37,23,15.13,9,5.92
3532157,Nantes,SP,2025,124,1,2,3,2.4194,0.81,1.61,2.42,74,59.68,29,23.39,13,10.48,5,4.03
3532207,Narandiba,SP,2025,300,6,1,7,2.3333,2.0,0.33,2.33,199,66.33,58,19.33,25,8.33,11,3.67
3532306,Natividade da Serra,SP,2025,215,1,2,3,1.3953,0.47,0.93,1.4,138,64.19,43,20.0,18,8.37,13,6.05
3532405,Nazaré Paulista,SP,2025,705,6,8,14,1.9858,0.85,1.13,1.98,465,65.96,148,20.99,51,7.23,27,3.83
3532504,Neves Paulista,SP,2025,117,2,3,5,4.2735,1.71,2.56,4.27,67,57.26,23,19.66,18,15.38,4,3.42
3532603,Nhandeara,SP,2025,294,1,6,7,2.381,0.34,2.04,2.38,206,70.07,53,18.03,12,4.08,16,5.44
3532702,Nipoã,SP,2025,291,3,2,5,1.7182,1.03,0.69,1.72,162,55.67,85,29.21,28,9.62,11,3.78
3532801,Nova Aliança,SP,2025,342,1,6,7,2.0468,0.29,1.75,2.04,204,59.65,76,22.22,35,10.23,20,5.85
3532827,Nova Campina,SP,2025,563,3,13,16,2.8419,0.53,2.31,2.84,365,64.83,102,18.12,54,9.59,26,4.62
3532843,Nova Canaã Paulista,SP,2025,81,0,1,1,1.2346,0.0,1.23,1.23,57,70.37,16,19.75,3,3.7,4,4.94
3532868,Nova Castilho,SP,2025,60,0,0,0,0.0,0.0,0.0,0.0,32,53.33,17,28.33,8,13.33,3,5.0
3532900,Nova Europa,SP,2025,450,4,6,10,2.2222,0.89,1.33,2.22,295,65.56,87,19.33,40,8.89,18,4.0
3533007,Nova Granada,SP,2025,563,2,12,14,2.4867,0.36,2.13,2.49,337,59.86,127,22.56,61,10.83,24,4.26
3533106,Nova Guataporanga,SP,2025,94,0,2,2,2.1277,0.0,2.13,2.13,48,51.06,22,23.4,17,18.09,5,5.32
3533205,Nova Independência,SP,2025,275,3,6,9,3.2727,1.09,2.18,3.27,168,61.09,67,24.36,15,5.45,16,5.82
3533254,Novais,SP,2025,190,0,6,6,3.1579,0.0,3.16,3.16,106,55.79,48,25.26,9,4.74,21,11.05
3533304,Nova Luzitânia,SP,2025,89,2,2,4,4.4944,2.25,2.25,4.5,47,52.81,25,28.09,7,7.87,6,6.74
3533403,Nova Odessa,SP,2025,1067,13,27,40,3.7488,1.22,2.53,3.75,664,62.23,219,20.52,91,8.53,53,4.97
3533502,Novo Horizonte,SP,2025,882,9,23,32,3.6281,1.02,2.61,3.63,541,61.34,189,21.43,77,8.73,43,4.88
3533601,Nuporanga,SP,2025,359,0,3,3,0.8357,0.0,0.84,0.84,202,56.27,91,25.35,43,11.98,20,5.57
3533700,Ocauçu,SP,2025,192,3,3,6,3.125,1.56,1.56,3.12,121,63.02,44,22.92,15,7.81,6,3.13
3533809,Óleo,SP,2025,136,1,3,4,2.9412,0.74,2.21,2.95,93,68.38,23,16.91,10,7.35,6,4.41
3533908,Olímpia,SP,2025,1515,13,37,50,3.3003,0.86,2.44,3.3,991,65.41,296,19.54,99,6.53,79,5.21
3534005,Onda Verde,SP,2025,215,3,3,6,2.7907,1.4,1.4,2.8,142,66.05,43,20.0,21,9.77,3,1.4
3534104,Oriente,SP,2025,219,0,1,1,0.4566,0.0,0.46,0.46,141,64.38,47,21.46,19,8.68,11,5.02
3534203,Orindiúva,SP,2025,331,1,1,2,0.6042,0.3,0.3,0.6,184,55.59,84,25.38,37,11.18,24,7.25
3534302,Orlândia,SP,2025,873,4,18,22,2.52,0.46,2.06,2.52,583,66.78,179,20.5,56,6.41,33,3.78
3534401,Osasco,SP,2025,20937,185,391,576,2.7511,0.88,1.87,2.75,12813,61.2,4588,21.91,1887,9.01,1073,5.12
3534500,Oscar Bressane,SP,2025,94,1,0,1,1.0638,1.06,0.0,1.06,60,63.83,16,17.02,14,14.89,3,3.19
3534609,Osvaldo Cruz,SP,2025,359,15,16,31,8.6351,4.18,4.46,8.64,198,55.15,76,21.17,29,8.08,25,6.96
3534708,Ourinhos,SP,2025,3874,33,67,100,2.5813,0.85,1.73,2.58,2426,62.62,849,21.92,307,7.92,192,4.96
3534757,Ouroeste,SP,2025,407,1,10,11,2.7027,0.25,2.46,2.71,270,66.34,81,19.9,33,8.11,12,2.95
3534807,Ouro Verde,SP,2025,425,4,7,11,2.5882,0.94,1.65,2.59,245,57.65,108,25.41,38,8.94,23,5.41
3534906,Pacaembu,SP,2025,298,2,1,3,1.0067,0.67,0.34,1.01,170,57.05,80,26.85,27,9.06,18,6.04
3535002,Palestina,SP,2025,510,7,13,20,3.9216,1.37,2.55,3.92,321,62.94,104,20.39,36,7.06,29,5.69
3535101,Palmares Paulista,SP,2025,300,6,10,16,5.3333,2.0,3.33,5.33,196,65.33,52,17.33,21,7.0,15,5.0
3535200,Palmeira d'Oeste,SP,2025,346,2,5,7,2.0231,0.58,1.45,2.03,219,63.29,74,21.39,37,10.69,9,2.6
3535309,Palmital,SP,2025,784,11,16,27,3.4439,1.4,2.04,3.44,486,61.99,173,22.07,67,8.55,31,3.95
3535408,Panorama,SP,2025,663,3,4,7,1.0558,0.45,0.6,1.05,412,62.14,161,24.28,53,7.99,30,4.52
3535507,Paraguaçu Paulista,SP,2025,1675,20,40,60,3.5821,1.19,2.39,3.58,1096,65.43,318,18.99,124,7.4,77,4.6
3535606,Paraibuna,SP,2025,861,4,11,15,1.7422,0.46,1.28,1.74,521,60.51,200,23.23,80,9.29,45,5.23
3535705,Paraíso,SP,2025,225,4,2,6,2.6667,1.78,0.89,2.67,137,60.89,47,20.89,22,9.78,13,5.78
3535804,Paranapanema,SP,2025,971,7,20,27,2.7806,0.72,2.06,2.78,643,66.22,190,19.57,66,6.8,45,4.63
3535903,Paranapuã,SP,2025,235,2,4,6,2.5532,0.85,1.7,2.55,145,61.7,46,19.57,22,9.36,16,6.81
3536000,Parapuã,SP,2025,313,1,10,11,3.5144,0.32,3.19,3.51,197,62.94,60,19.17,29,9.27,16,5.11
3536109,Pardinho,SP,2025,376,0,10,10,2.6596,0.0,2.66,2.66,255,67.82,75,19.95,21,5.59,15,3.99
3536208,Pariquera-Açu,SP,2025,1005,5,16,21,2.0896,0.5,1.59,2.09,655,65.17,192,19.1,83,8.26,54,5.37
3536257,Parisi,SP,2025,169,0,2,2,1.1834,0.0,1.18,1.18,105,62.13,42,24.85,9,5.33,11,6.51
3536307,Patrocínio Paulista,SP,2025,612,7,12,19,3.1046,1.14,1.96,3.1,340,55.56,138,22.55,61,9.97,54,8.82
3536406,Paulicéia,SP,2025,526,9,7,16,3.0418,1.71,1.33,3.04,318,60.46,126,23.95,42,7.98,24,4.56
3536505,Paulínia,SP,2025,1612,33,38,71,4.4045,2.05,2.36,4.41,1097,68.05,298,18.49,92,5.71,54,3.35
3536570,Paulistânia,SP,2025,147,3,3,6,4.0816,2.04,2.04,4.08,89,60.54,30,20.41,15,10.2,7,4.76
3536604,Paulo de Faria,SP,2025,309,6,4,10,3.2362,1.94,1.29,3.23,160,51.78,65,21.04,48,15.53,26,8.41
3536703,Pederneiras,SP,2025,1389,10,47,57,4.1037,0.72,3.38,4.1,917,66.02,259,18.65,94,6.77,62,4.46
3536802,Pedra Bela,SP,2025,158,0,6,6,3.7975,0.0,3.8,3.8,106,67.09,26,16.46,14,8.86,6,3.8
3536901,Pedranópolis,SP,2025,112,1,5,6,5.3571,0.89,4.46,5.35,71,63.39,19,16.96,9,8.04,7,6.25
3537008,Pedregulho,SP,2025,767,4,24,28,3.6506,0.52,3.13,3.65,526,68.58,139,18.12,51,6.65,23,3.0
3537107,Pedreira,SP,2025,1507,28,24,52,3.4506,1.86,1.59,3.45,874,58.0,349,23.16,140,9.29,92,6.1
3537156,Pedrinhas Paulista,SP,2025,105,0,4,4,3.8095,0.0,3.81,3.81,61,58.1,24,22.86,8,7.62,8,7.62
3537206,Pedro de Toledo,SP,2025,436,6,15,21,4.8165,1.38,3.44,4.82,259,59.4,74,16.97,45,10.32,37,8.49
3537305,Penápolis,SP,2025,2348,12,36,48,2.0443,0.51,1.53,2.04,1465,62.39,527,22.44,207,8.82,101,4.3
3537404,Pereira Barreto,SP,2025,420,15,9,24,5.7143,3.57,2.14,5.71,246,58.57,84,20.0,41,9.76,25,5.95
3537503,Pereiras,SP,2025,397,1,8,9,2.267,0.25,2.02,2.27,273,68.77,75,18.89,27,6.8,13,3.27
3537602,Peruíbe,SP,2025,2636,20,47,67,2.5417,0.76,1.78,2.54,1608,61.0,588,22.31,252,9.56,121,4.59
3537701,Piacatu,SP,2025,213,2,2,4,1.8779,0.94,0.94,1.88,116,54.46,59,27.7,20,9.39,14,6.57
3537800,Piedade,SP,2025,2590,11,24,35,1.3514,0.42,0.93,1.35,1606,62.01,624,24.09,235,9.07,90,3.47
3537909,Pilar do Sul,SP,2025,1235,9,21,30,2.4291,0.73,1.7,2.43,760,61.54,300,24.29,99,8.02,46,3.72
3538006,Pindamonhangaba,SP,2025,6470,53,101,154,2.3802,0.82,1.56,2.38,4161,64.31,1408,21.76,490,7.57,257,3.97
3538105,Pindorama,SP,2025,425,1,9,10,2.3529,0.24,2.12,2.36,275,64.71,79,18.59,45,10.59,16,3.76
3538204,Pinhalzinho,SP,2025,699,7,14,21,3.0043,1.0,2.0,3.0,460,65.81,138,19.74,47,6.72,33,4.72
3538303,Piquerobi,SP,2025,176,1,5,6,3.4091,0.57,2.84,3.41,110,62.5,42,23.86,10,5.68,8,4.55
3538501,Piquete,SP,2025,334,6,11,17,5.0898,1.8,3.29,5.09,210,62.87,67,20.06,18,5.39,22,6.59
3538600,Piracaia,SP,2025,1288,14,19,33,2.5621,1.09,1.48,2.57,851,66.07,264,20.5,101,7.84,39,3.03
3538709,Piracicaba,SP,2025,13560,183,249,432,3.1858,1.35,1.84,3.19,8839,65.18,2820,20.8,976,7.2,493,3.64
3538808,Piraju,SP,2025,1246,10,29,39,3.13,0.8,2.33,3.13,754,60.51,251,20.14,126,10.11,76,6.1
3538907,Pirajuí,SP,2025,662,22,11,33,4.9849,3.32,1.66,4.98,421,63.6,117,17.67,52,7.85,39,5.89
3539004,Pirangi,SP,2025,327,4,5,9,2.7523,1.22,1.53,2.75,207,63.3,63,19.27,27,8.26,21,6.42
3539103,Pirapora do Bom Jesus,SP,2025,740,8,12,20,2.7027,1.08,1.62,2.7,399,53.92,180,24.32,93,12.57,48,6.49
3539202,Pirapozinho,SP,2025,861,8,17,25,2.9036,0.93,1.97,2.9,576,66.9,167,19.4,66,7.67,27,3.14
3539301,Pirassununga,SP,2025,1636,44,71,115,7.0293,2.69,4.34,7.03,1027,62.78,272,16.63,121,7.4,101,6.17
3539400,Piratininga,SP,2025,614,5,9,14,2.2801,0.81,1.47,2.28,390,63.52,152,24.76,35,5.7,23,3.75
3539509,Pitangueiras,SP,2025,1333,16,38,54,4.051,1.2,2.85,4.05,801,60.09,280,21.01,124,9.3,74,5.55
3539608,Planalto,SP,2025,209,1,2,3,1.4354,0.48,0.96,1.44,126,60.29,41,19.62,24,11.48,15,7.18
3539707,Platina,SP,2025,190,4,5,9,4.7368,2.11,2.63,4.74,102,53.68,45,23.68,24,12.63,10,5.26
3539806,Poá,SP,2025,3677,32,43,75,2.0397,0.87,1.17,2.04,2155,58.61,877,23.85,361,9.82,209,5.68
3539905,Poloni,SP,2025,216,1,3,4,1.8519,0.46,1.39,1.85,120,55.56,54,25.0,20,9.26,18,8.33
3540002,Pompéia,SP,2025,460,5,10,15,3.2609,1.09,2.17,3.26,303,65.87,83,18.04,36,7.83,23,5.0
3540101,Pongaí,SP,2025,122,0,4,4,3.2787,0.0,3.28,3.28,66,54.1,32,26.23,12,9.84,8,6.56
3540200,Pontal,SP,2025,1281,18,26,44,3.4348,1.41,2.03,3.44,811,63.31,277,21.62,93,7.26,56,4.37
3540259,Pontalinda,SP,2025,244,1,4,5,2.0492,0.41,1.64,2.05,154,63.11,51,20.9,26,10.66,8,3.28
3540309,Pontes Gestal,SP,2025,121,4,2,6,4.9587,3.31,1.65,4.96,71,58.68,30,24.79,9,7.44,5,4.13
3540408,Populina,SP,2025,150,3,4,7,4.6667,2.0,2.67,4.67,87,58.0,35,23.33,16,10.67,5,3.33
3540507,Porangaba,SP,2025,257,0,4,4,1.5564,0.0,1.56,1.56,135,52.53,67,26.07,26,10.12,25,9.73
3540606,Porto Feliz,SP,2025,2051,12,22,34,1.6577,0.59,1.07,1.66,1226,59.78,493,24.04,198,9.65,100,4.88
3540705,Porto Ferreira,SP,2025,1588,12,21,33,2.0781,0.76,1.32,2.08,987,62.15,367,23.11,152,9.57,49,3.09
3540754,Potim,SP,2025,779,5,21,26,3.3376,0.64,2.7,3.34,506,64.96,153,19.64,58,7.45,36,4.62
3540804,Potirendaba,SP,2025,718,3,16,19,2.6462,0.42,2.23,2.65,501,69.78,121,16.85,50,6.96,27,3.76
3540853,Pracinha,SP,2025,95,1,2,3,3.1579,1.05,2.11,3.16,61,64.21,10,10.53,10,10.53,11,11.58
3540903,Pradópolis,SP,2025,595,4,7,11,1.8487,0.67,1.18,1.85,396,66.55,119,20.0,42,7.06,27,4.54
3541000,Praia Grande,SP,2025,12846,117,216,333,2.5922,0.91,1.68,2.59,8415,65.51,2664,20.74,942,7.33,492,3.83
3541059,Pratânia,SP,2025,382,1,5,6,1.5707,0.26,1.31,1.57,246,64.4,66,17.28,38,9.95,26,6.81
3541109,Presidente Alves,SP,2025,150,1,3,4,2.6667,0.67,2.0,2.67,71,47.33,44,29.33,14,9.33,17,11.33
3541208,Presidente Bernardes,SP,2025,347,2,2,4,1.1527,0.58,0.58,1.16,211,60.81,91,26.22,29,8.36,12,3.46
3541307,Presidente Epitácio,SP,2025,1038,10,43,53,5.106,0.96,4.14,5.1,691,66.57,194,18.69,57,5.49,43,4.14
3541406,Presidente Prudente,SP,2025,3765,39,101,140,3.7185,1.04,2.68,3.72,2565,68.13,634,16.84,265,7.04,161,4.28
3541505,Presidente Venceslau,SP,2025,777,8,11,19,2.4453,1.03,1.42,2.45,457,58.82,180,23.17,80,10.3,41,5.28
3541604,Promissão,SP,2025,1498,106,120,226,15.0868,7.08,8.01,15.09,867,57.88,262,17.49,91,6.07,52,3.47
3541653,Quadra,SP,2025,181,1,5,6,3.3149,0.55,2.76,3.31,102,56.35,28,15.47,20,11.05,25,13.81
3541703,Quatá,SP,2025,429,2,3,5,1.1655,0.47,0.7,1.17,280,65.27,94,21.91,32,7.46,18,4.2
3541802,Queiroz,SP,2025,236,1,3,4,1.6949,0.42,1.27,1.69,100,42.37,57,24.15,38,16.1,37,15.68
3541901,Queluz,SP,2025,376,8,10,18,4.7872,2.13,2.66,4.79,228,60.64,69,18.35,39,10.37,22,5.85
3542008,Quintana,SP,2025,348,17,7,24,6.8966,4.89,2.01,6.9,190,54.6,57,16.38,42,12.07,35,10.06
3542107,Rafard,SP,2025,349,3,6,9,2.5788,0.86,1.72,2.58,201,57.59,82,23.5,37,10.6,20,5.73
3542206,Rancharia,SP,2025,1179,3,16,19,1.6115,0.25,1.36,1.61,729,61.83,265,22.48,103,8.74,63,5.34
3542305,Redenção da Serra,SP,2025,227,4,3,7,3.0837,1.76,1.32,3.08,169,74.45,34,14.98,11,4.85,6,2.64
3542404,Regente Feijó,SP,2025,921,4,14,18,1.9544,0.43,1.52,1.95,621,67.43,201,21.82,54,5.86,27,2.93
3542503,Reginópolis,SP,2025,270,1,5,6,2.2222,0.37,1.85,2.22,173,64.07,63,23.33,18,6.67,10,3.7
3542602,Registro,SP,2025,2688,10,33,43,1.5997,0.37,1.23,1.6,1702,63.32,601,22.36,249,9.26,93,3.46
3542701,Restinga,SP,2025,452,9,8,17,3.7611,1.99,1.77,3.76,312,69.03,80,17.7,26,5.75,17,3.76
3542800,Ribeira,SP,2025,209,2,3,5,2.3923,0.96,1.44,2.4,106,50.72,51,24.4,27,12.92,20,9.57
3542909,Ribeirão Bonito,SP,2025,197,3,6,9,4.5685,1.52,3.05,4.57,124,62.94,38,19.29,14,7.11,12,6.09
3543006,Ribeirão Branco,SP,2025,1359,18,28,46,3.3848,1.32,2.06,3.38,782,57.54,312,22.96,131,9.64,88,6.48
3543105,Ribeirão Corrente,SP,2025,156,5,6,11,7.0513,3.21,3.85,7.06,108,69.23,22,14.1,6,3.85,9,5.77
3543204,Ribeirão do Sul,SP,2025,156,6,9,15,9.6154,3.85,5.77,9.62,95,60.9,31,19.87,11,7.05,4,2.56
3543238,Ribeirão dos Índios,SP,2025,84,1,0,1,1.1905,1.19,0.0,1.19,38,45.24,25,29.76,15,17.86,5,5.95
3543253,Ribeirão Grande,SP,2025,347,16,13,29,8.3573,4.61,3.75,8.36,177,51.01,71,20.46,48,13.83,22,6.34
3543303,Ribeirão Pires,SP,2025,2525,18,34,52,2.0594,0.71,1.35,2.06,1466,58.06,549,21.74,264,10.46,194,7.68
3543402,Ribeirão Preto,SP,2025,19729,147,374,521,2.6408,0.75,1.9,2.65,13078,66.29,4043,20.49,1443,7.31,644,3.26
3543501,Riversul,SP,2025,339,0,5,5,1.4749,0.0,1.47,1.47,210,61.95,77,22.71,35,10.32,12,3.54
3543600,Rifaina,SP,2025,64,1,2,3,4.6875,1.56,3.13,4.69,44,68.75,11,17.19,4,6.25,2,3.13
3543709,Rincão,SP,2025,327,2,7,9,2.7523,0.61,2.14,2.75,204,62.39,68,20.8,31,9.48,15,4.59
3543808,Rinópolis,SP,2025,57,1,1,2,3.5088,1.75,1.75,3.5,37,64.91,10,17.54,2,3.51,6,10.53
3543907,Rio Claro,SP,2025,4382,62,104,166,3.7882,1.41,2.37,3.78,2834,64.67,868,19.81,347,7.92,167,3.81
3544004,Rio das Pedras,SP,2025,845,2,9,11,1.3018,0.24,1.07,1.31,538,63.67,184,21.78,80,9.47,32,3.79
3544103,Rio Grande da Serra,SP,2025,983,20,28,48,4.883,2.03,2.85,4.88,603,61.34,186,18.92,83,8.44,63,6.41
3544202,Riolândia,SP,2025,450,3,5,8,1.7778,0.67,1.11,1.78,267,59.33,99,22.0,48,10.67,28,6.22
3544251,Rosana,SP,2025,756,3,11,14,1.8519,0.4,1.46,1.86,490,64.81,163,21.56,56,7.41,33,4.37
3544301,Roseira,SP,2025,275,3,6,9,3.2727,1.09,2.18,3.27,173,62.91,47,17.09,29,10.55,17,6.18
3544400,Rubiácea,SP,2025,123,2,0,2,1.626,1.63,0.0,1.63,70,56.91,27,21.95,12,9.76,12,9.76
3544509,Rubinéia,SP,2025,175,1,1,2,1.1429,0.57,0.57,1.14,121,69.14,36,20.57,11,6.29,5,2.86
3544608,Sabino,SP,2025,54,3,2,5,9.2593,5.56,3.7,9.26,25,46.3,10,18.52,5,9.26,9,16.67
3544707,Sagres,SP,2025,125,1,0,1,0.8,0.8,0.0,0.8,60,48.0,40,32.0,14,11.2,10,8.0
3544806,Sales,SP,2025,187,3,4,7,3.7433,1.6,2.14,3.74,103,55.08,45,24.06,22,11.76,10,5.35
3544905,Sales Oliveira,SP,2025,458,3,2,5,1.0917,0.66,0.44,1.1,235,51.31,133,29.04,56,12.23,29,6.33
3545001,Salesópolis,SP,2025,401,4,13,17,4.2394,1.0,3.24,4.24,259,64.59,81,20.2,23,5.74,21,5.24
3545100,Salmourão,SP,2025,150,0,8,8,5.3333,0.0,5.33,5.33,103,68.67,27,18.0,10,6.67,2,1.33
3545159,Saltinho,SP,2025,372,3,20,23,6.1828,0.81,5.38,6.19,242,65.05,56,15.05,32,8.6,19,5.11
3545209,Salto,SP,2025,3045,33,85,118,3.8752,1.08,2.79,3.87,2080,68.31,523,17.18,225,7.39,99,3.25
3545308,Salto de Pirapora,SP,2025,1536,14,20,34,2.2135,0.91,1.3,2.21,954,62.11,359,23.37,127,8.27,62,4.04
3545407,Salto Grande,SP,2025,364,6,10,16,4.3956,1.65,2.75,4.4,229,62.91,80,21.98,23,6.32,16,4.4
3545506,Sandovalina,SP,2025,180,3,3,6,3.3333,1.67,1.67,3.34,110,61.11,39,21.67,20,11.11,5,2.78
3545605,Santa Adélia,SP,2025,433,11,18,29,6.6975,2.54,4.16,6.7,235,54.27,93,21.48,45,10.39,31,7.16
3545704,Santa Albertina,SP,2025,252,2,3,5,1.9841,0.79,1.19,1.98,160,63.49,51,20.24,25,9.92,11,4.37
3545803,Santa Bárbara d'Oeste,SP,2025,5408,20,75,95,1.7567,0.37,1.39,1.76,3529,65.26,1137,21.02,422,7.8,225,4.16
3546009,Santa Branca,SP,2025,490,0,13,13,2.6531,0.0,2.65,2.65,349,71.22,90,18.37,24,4.9,14,2.86
3546108,Santa Clara d'Oeste,SP,2025,137,1,4,5,3.6496,0.73,2.92,3.65,100,72.99,23,16.79,8,5.84,1,0.73
3546207,Santa Cruz da Conceição,SP,2025,172,0,5,5,2.907,0.0,2.91,2.91,113,65.7,36,20.93,8,4.65,10,5.81
3546256,Santa Cruz da Esperança,SP,2025,107,0,0,0,0.0,0.0,0.0,0.0,76,71.03,20,18.69,6,5.61,5,4.67
3546306,Santa Cruz das Palmeiras,SP,2025,1114,5,29,34,3.0521,0.45,2.6,3.05,712,63.91,232,20.83,91,8.17,45,4.04
3546405,Santa Cruz do Rio Pardo,SP,2025,1966,24,39,63,3.2045,1.22,1.98,3.2,1151,58.55,442,22.48,198,10.07,112,5.7
3546504,Santa Ernestina,SP,2025,209,2,7,9,4.3062,0.96,3.35,4.31,144,68.9,38,18.18,11,5.26,7,3.35
3546603,Santa Fé do Sul,SP,2025,502,2,13,15,2.988,0.4,2.59,2.99,318,63.35,98,19.52,43,8.57,28,5.58
3546702,Santa Gertrudes,SP,2025,866,8,6,14,1.6166,0.92,0.69,1.61,575,66.4,174,20.09,70,8.08,33,3.81
3546801,Santa Isabel,SP,2025,1753,7,31,38,2.1677,0.4,1.77,2.17,1124,64.12,365,20.82,163,9.3,63,3.59
3546900,Santa Lúcia,SP,2025,311,2,4,6,1.9293,0.64,1.29,1.93,185,59.49,75,24.12,32,10.29,13,4.18
3547007,Santa Maria da Serra,SP,2025,270,2,5,7,2.5926,0.74,1.85,2.59,144,53.33,77,28.52,28,10.37,14,5.19
3547106,Santa Mercedes,SP,2025,198,1,3,4,2.0202,0.51,1.52,2.03,123,62.12,36,18.18,23,11.62,12,6.06
3547205,Santana da Ponte Pensa,SP,2025,70,1,3,4,5.7143,1.43,4.29,5.72,41,58.57,13,18.57,8,11.43,4,5.71
3547304,Santana de Parnaíba,SP,2025,7242,43,111,154,2.1265,0.59,1.53,2.12,4766,65.81,1555,21.47,543,7.5,224,3.09
3547403,Santa Rita d'Oeste,SP,2025,118,0,0,0,0.0,0.0,0.0,0.0,83,70.34,19,16.1,12,10.17,4,3.39
3547502,Santa Rita do Passa Quatro,SP,2025,714,4,11,15,2.1008,0.56,1.54,2.1,446,62.46,170,23.81,53,7.42,30,4.2
3547601,Santa Rosa de Viterbo,SP,2025,804,6,8,14,1.7413,0.75,1.0,1.75,450,55.97,210,26.12,88,10.95,42,5.22
3547650,Santa Salete,SP,2025,96,1,1,2,2.0833,1.04,1.04,2.08,52,54.17,25,26.04,10,10.42,7,7.29
3547700,Santo Anastácio,SP,2025,608,11,21,32,5.2632,1.81,3.45,5.26,407,66.94,93,15.3,50,8.22,26,4.28
3547809,Santo André,SP,2025,6364,155,205,360,5.6568,2.44,3.22,5.66,3745,58.85,1243,19.53,624,9.81,392,6.16
3547908,Santo Antônio da Alegria,SP,2025,360,1,7,8,2.2222,0.28,1.94,2.22,224,62.22,84,23.33,30,8.33,14,3.89
3548005,Santo Antônio de Posse,SP,2025,1105,12,28,40,3.6199,1.09,2.53,3.62,695,62.9,230,20.81,98,8.87,42,3.8
3548054,Santo Antônio do Aracanguá,SP,2025,313,8,2,10,3.1949,2.56,0.64,3.2,183,58.47,75,23.96,24,7.67,21,6.71
3548104,Santo Antônio do Jardim,SP,2025,143,2,1,3,2.0979,1.4,0.7,2.1,97,67.83,26,18.18,12,8.39,5,3.5
3548203,Santo Antônio do Pinhal,SP,2025,354,6,6,12,3.3898,1.69,1.69,3.38,243,68.64,63,17.8,27,7.63,9,2.54
3548302,Santo Expedito,SP,2025,150,0,1,1,0.6667,0.0,0.67,0.67,81,54.0,42,28.0,20,13.33,6,4.0
3548401,Santópolis do Aguapeí,SP,2025,223,3,2,5,2.2422,1.35,0.9,2.25,97,43.5,58,26.01,36,16.14,27,12.11
3548500,Santos,SP,2025,8047,95,151,246,3.057,1.18,1.88,3.06,5249,65.23,1691,21.01,558,6.93,303,3.77
3548609,São Bento do Sapucaí,SP,2025,393,2,9,11,2.799,0.51,2.29,2.8,270,68.7,73,18.58,27,6.87,12,3.05
3548708,São Bernardo do Campo,SP,2025,19200,390,513,903,4.7031,2.03,2.67,4.7,11775,61.33,3738,19.47,1641,8.55,1143,5.95
3548807,São Caetano do Sul,SP,2025,3250,38,55,93,2.8615,1.17,1.69,2.86,1986,61.11,729,22.43,308,9.48,134,4.12
3548906,São Carlos,SP,2025,4977,27,95,122,2.4513,0.54,1.91,2.45,3357,67.45,956,19.21,358,7.19,184,3.7
3549003,São Francisco,SP,2025,123,0,5,5,4.065,0.0,4.07,4.07,88,71.54,20,16.26,5,4.07,5,4.07
3549102,São João da Boa Vista,SP,2025,2565,41,76,117,4.5614,1.6,2.96,4.56,1692,65.96,489,19.06,166,6.47,101,3.94
3549201,São João das Duas Pontes,SP,2025,114,2,2,4,3.5088,1.75,1.75,3.5,79,69.3,17,14.91,6,5.26,8,7.02
3549250,São João de Iracema,SP,2025,87,0,3,3,3.4483,0.0,3.45,3.45,59,67.82,11,12.64,9,10.34,5,5.75
3549300,São João do Pau d'Alho,SP,2025,85,0,0,0,0.0,0.0,0.0,0.0,59,69.41,21,24.71,2,2.35,3,3.53
3549409,São Joaquim da Barra,SP,2025,1363,22,33,55,4.0352,1.61,2.42,4.03,789,57.89,295,21.64,134,9.83,90,6.6
3549508,São José da Bela Vista,SP,2025,335,3,5,8,2.3881,0.9,1.49,2.39,214,63.88,64,19.1,33,9.85,16,4.78
3549607,São José do Barreiro,SP,2025,137,2,4,6,4.3796,1.46,2.92,4.38,79,57.66,32,23.36,14,10.22,6,4.38
3549706,São José do Rio Pardo,SP,2025,1680,12,41,53,3.1548,0.71,2.44,3.15,1207,71.85,260,15.48,103,6.13,57,3.39
3549805,São José do Rio Preto,SP,2025,13470,176,259,435,3.2294,1.31,1.92,3.23,8955,66.48,2586,19.2,956,7.1,538,3.99
3549904,São José dos Campos,SP,2025,22077,596,526,1122,5.0822,2.7,2.38,5.08,14341,64.96,4220,19.11,1550,7.02,844,3.82
3549953,São Lourenço da Serra,SP,2025,602,4,9,13,2.1595,0.66,1.5,2.16,419,69.6,100,16.61,51,8.47,19,3.16
3550001,São Luiz do Paraitinga,SP,2025,374,6,10,16,4.2781,1.6,2.67,4.27,259,69.25,58,15.51,29,7.75,12,3.21
3550100,São Manuel,SP,2025,1512,11,29,40,2.6455,0.73,1.92,2.65,956,63.23,317,20.97,130,8.6,69,4.56
3550209,São Miguel Arcanjo,SP,2025,1073,7,23,30,2.7959,0.65,2.14,2.79,701,65.33,223,20.78,69,6.43,50,4.66
3550308,São Paulo,SP,2025,256852,3632,5031,8663,3.3728,1.41,1.96,3.37,160293,62.41,54952,21.39,21123,8.22,11821,4.6
3550407,São Pedro,SP,2025,1185,13,25,38,3.2068,1.1,2.11,3.21,611,51.56,319,26.92,138,11.65,79,6.67
3550506,São Pedro do Turvo,SP,2025,406,2,4,6,1.4778,0.49,0.99,1.48,228,56.16,105,25.86,45,11.08,22,5.42
3550605,São Roque,SP,2025,2760,13,30,43,1.558,0.47,1.09,1.56,1829,66.27,599,21.7,209,7.57,80,2.9
3550704,São Sebastião,SP,2025,3342,25,37,62,1.8552,0.75,1.11,1.86,2034,60.86,801,23.97,309,9.25,136,4.07
3550803,São Sebastião da Grama,SP,2025,299,2,4,6,2.0067,0.67,1.34,2.01,187,62.54,65,21.74,21,7.02,20,6.69
3550902,São Simão,SP,2025,433,7,13,20,4.6189,1.62,3.0,4.62,282,65.13,89,20.55,28,6.47,14,3.23
3551009,São Vicente,SP,2025,7913,127,183,310,3.9176,1.6,2.31,3.91,5009,63.3,1613,20.38,636,8.04,345,4.36
3551108,Sarapuí,SP,2025,531,8,8,16,3.0132,1.51,1.51,3.02,330,62.15,120,22.6,44,8.29,21,3.95
3551207,Sarutaiá,SP,2025,221,2,5,7,3.1674,0.9,2.26,3.16,138,62.44,58,26.24,12,5.43,6,2.71
3551306,Sebastianópolis do Sul,SP,2025,187,1,2,3,1.6043,0.53,1.07,1.6,114,60.96,38,20.32,20,10.7,12,6.42
3551405,Serra Azul,SP,2025,264,4,6,10,3.7879,1.52,2.27,3.79,175,66.29,45,17.05,19,7.2,15,5.68
3551504,Serrana,SP,2025,1636,16,49,65,3.9731,0.98,3.0,3.98,1088,66.5,283,17.3,143,8.74,57,3.48
3551603,Serra Negra,SP,2025,1098,7,17,24,2.1858,0.64,1.55,2.19,677,61.66,276,25.14,87,7.92,34,3.1
3551702,Sertãozinho,SP,2025,3202,19,55,74,2.3111,0.59,1.72,2.31,2138,66.77,627,19.58,248,7.75,115,3.59
3551801,Sete Barras,SP,2025,807,7,13,20,2.4783,0.87,1.61,2.48,501,62.08,173,21.44,71,8.8,42,5.2
3551900,Severínia,SP,2025,646,34,24,58,8.9783,5.26,3.72,8.98,361,55.88,127,19.66,54,8.36,46,7.12
3552007,Silveiras,SP,2025,380,2,5,7,1.8421,0.53,1.32,1.85,232,61.05,90,23.68,34,8.95,17,4.47
3552106,Socorro,SP,2025,1399,4,19,23,1.644,0.29,1.36,1.65,961,68.69,283,20.23,97,6.93,35,2.5
3552205,Sorocaba,SP,2025,14092,93,235,328,2.3276,0.66,1.67,2.33,9551,67.78,2907,20.63,948,6.73,358,2.54
3552304,Sud Mennucci,SP,2025,274,0,12,12,4.3796,0.0,4.38,4.38,172,62.77,56,20.44,17,6.2,17,6.2
3552403,Sumaré,SP,2025,7078,71,240,311,4.3939,1.0,3.39,4.39,5318,75.13,990,13.99,314,4.44,145,2.05
3552502,Suzano,SP,2025,9431,144,224,368,3.902,1.53,2.38,3.91,5684,60.27,1967,20.86,812,8.61,600,6.36
3552551,Suzanápolis,SP,2025,144,4,2,6,4.1667,2.78,1.39,4.17,73,50.69,44,30.56,14,9.72,7,4.86
3552601,Tabapuã,SP,2025,99,5,2,7,7.0707,5.05,2.02,7.07,56,56.57,20,20.2,8,8.08,8,8.08
3552700,Tabatinga,SP,2025,438,7,22,29,6.621,1.6,5.02,6.62,250,57.08,87,19.86,48,10.96,24,5.48
3552809,Taboão da Serra,SP,2025,9310,154,214,368,3.9527,1.65,2.3,3.95,6036,64.83,1719,18.46,763,8.2,424,4.55
3552908,Taciba,SP,2025,360,6,5,11,3.0556,1.67,1.39,3.06,242,67.22,72,20.0,19,5.28,16,4.44
3553005,Taguaí,SP,2025,815,4,10,14,1.7178,0.49,1.23,1.72,513,62.94,199,24.42,62,7.61,27,3.31
3553104,Taiaçu,SP,2025,107,4,3,7,6.5421,3.74,2.8,6.54,67,62.62,21,19.63,7,6.54,5,4.67
3553203,Taiúva,SP,2025,246,3,3,6,2.439,1.22,1.22,2.44,171,69.51,42,17.07,16,6.5,11,4.47
3553302,Tambaú,SP,2025,671,13,21,34,5.0671,1.94,3.13,5.07,423,63.04,119,17.73,59,8.79,36,5.37
3553401,Tanabi,SP,2025,1044,9,26,35,3.3525,0.86,2.49,3.35,685,65.61,201,19.25,82,7.85,41,3.93
3553500,Tapiraí,SP,2025,439,2,5,7,1.5945,0.46,1.14,1.6,262,59.68,108,24.6,35,7.97,27,6.15
3553609,Tapiratiba,SP,2025,407,0,10,10,2.457,0.0,2.46,2.46,251,61.67,109,26.78,23,5.65,14,3.44
3553658,Taquaral,SP,2025,94,0,2,2,2.1277,0.0,2.13,2.13,43,45.74,27,28.72,12,12.77,10,10.64
3553708,Taquaritinga,SP,2025,1147,16,30,46,4.0105,1.39,2.62,4.01,651,56.76,238,20.75,120,10.46,92,8.02
3553807,Taquarituba,SP,2025,1090,10,23,33,3.0275,0.92,2.11,3.03,686,62.94,243,22.29,82,7.52,46,4.22
3553856,Taquarivaí,SP,2025,422,6,4,10,2.3697,1.42,0.95,2.37,241,57.11,95,22.51,45,10.66,31,7.35
3553906,Tarabai,SP,2025,235,3,6,9,3.8298,1.28,2.55,3.83,138,58.72,56,23.83,23,9.79,9,3.83
3553955,Tarumã,SP,2025,484,3,10,13,2.686,0.62,2.07,2.69,304,62.81,103,21.28,45,9.3,19,3.93
3554003,Tatuí,SP,2025,3815,28,65,93,2.4377,0.73,1.7,2.43,2342,61.39,891,23.36,317,8.31,172,4.51
3554102,Taubaté,SP,2025,10801,79,184,263,2.435,0.73,1.7,2.43,7150,66.2,2264,20.96,776,7.18,348,3.22
3554201,Tejupá,SP,2025,256,1,2,3,1.1719,0.39,0.78,1.17,162,63.28,53,20.7,25,9.77,13,5.08
3554300,Teodoro Sampaio,SP,2025,1048,29,48,77,7.3473,2.77,4.58,7.35,694,66.22,173,16.51,71,6.77,33,3.15
3554409,Terra Roxa,SP,2025,189,6,8,14,7.4074,3.17,4.23,7.4,114,60.32,30,15.87,19,10.05,12,6.35
3554508,Tietê,SP,2025,1208,48,28,76,6.2914,3.97,2.32,6.29,682,56.46,218,18.05,92,7.62,140,11.59
3554607,Timburi,SP,2025,142,2,2,4,2.8169,1.41,1.41,2.82,82,57.75,31,21.83,16,11.27,9,6.34
3554656,Torre de Pedra,SP,2025,153,1,8,9,5.8824,0.65,5.23,5.88,91,59.48,33,21.57,14,9.15,6,3.92
3554706,Torrinha,SP,2025,311,2,5,7,2.2508,0.64,1.61,2.25,190,61.09,75,24.12,25,8.04,14,4.5
3554755,Trabiju,SP,2025,66,1,1,2,3.0303,1.52,1.52,3.04,39,59.09,11,16.67,6,9.09,8,12.12
3554805,Tremembé,SP,2025,479,16,13,29,6.0543,3.34,2.71,6.05,275,57.41,101,21.09,27,5.64,47,9.81
3554904,Três Fronteiras,SP,2025,267,1,5,6,2.2472,0.37,1.87,2.24,166,62.17,53,19.85,23,8.61,19,7.12
3554953,Tuiuti,SP,2025,257,1,7,8,3.1128,0.39,2.72,3.11,187,72.76,40,15.56,10,3.89,12,4.67
3555000,Tupã,SP,2025,1620,9,25,34,2.0988,0.56,1.54,2.1,1122,69.26,315,19.44,93,5.74,56,3.46
3555109,Tupi Paulista,SP,2025,373,9,10,19,5.0938,2.41,2.68,5.09,237,63.54,72,19.3,29,7.77,16,4.29
3555208,Turiúba,SP,2025,89,1,1,2,2.2472,1.12,1.12,2.24,55,61.8,16,17.98,14,15.73,2,2.25
3555307,Turmalina,SP,2025,73,0,1,1,1.3699,0.0,1.37,1.37,51,69.86,15,20.55,4,5.48,2,2.74
3555356,Ubarana,SP,2025,310,2,14,16,5.1613,0.65,4.52,5.17,193,62.26,63,20.32,26,8.39,12,3.87
3555406,Ubatuba,SP,2025,4418,82,109,191,4.3232,1.86,2.47,4.33,2797,63.31,873,19.76,342,7.74,215,4.87
3555505,Ubirajara,SP,2025,230,2,3,5,2.1739,0.87,1.3,2.17,121,52.61,62,26.96,27,11.74,15,6.52
3555604,Uchoa,SP,2025,387,6,4,10,2.584,1.55,1.03,2.58,225,58.14,80,20.67,40,10.34,32,8.27
3555703,União Paulista,SP,2025,113,1,1,2,1.7699,0.88,0.88,1.76,63,55.75,29,25.66,15,13.27,4,3.54
3555802,Urânia,SP,2025,376,4,5,9,2.3936,1.06,1.33,2.39,258,68.62,82,21.81,18,4.79,9,2.39
3555901,Uru,SP,2025,78,0,0,0,0.0,0.0,0.0,0.0,45,57.69,24,30.77,8,10.26,1,1.28
3556008,Urupês,SP,2025,588,3,9,12,2.0408,0.51,1.53,2.04,358,60.88,134,22.79,54,9.18,30,5.1
3556107,Valentim Gentil,SP,2025,557,7,8,15,2.693,1.26,1.44,2.7,320,57.45,144,25.85,45,8.08,33,5.92
3556206,Valinhos,SP,2025,692,14,18,32,4.6243,2.02,2.6,4.62,467,67.49,121,17.49,49,7.08,23,3.32
3556305,Valparaíso,SP,2025,766,13,15,28,3.6554,1.7,1.96,3.66,467,60.97,170,22.19,53,6.92,48,6.27
3556354,Vargem,SP,2025,581,3,7,10,1.7212,0.52,1.2,1.72,365,62.82,119,20.48,54,9.29,33,5.68
3556404,Vargem Grande do Sul,SP,2025,1135,9,26,35,3.0837,0.79,2.29,3.08,709,62.47,240,21.15,93,8.19,58,5.11
3556453,Vargem Grande Paulista,SP,2025,2295,11,22,33,1.4379,0.48,0.96,1.44,1565,68.19,459,20.0,165,7.19,73,3.18
3556503,Várzea Paulista,SP,2025,1919,36,52,88,4.5857,1.88,2.71,4.59,1198,62.43,385,20.06,153,7.97,95,4.95
3556602,Vera Cruz,SP,2025,253,3,6,9,3.5573,1.19,2.37,3.56,152,60.08,46,18.18,37,14.62,9,3.56
3556701,Vinhedo,SP,2025,2193,12,44,56,2.5536,0.55,2.01,2.56,1510,68.86,436,19.88,121,5.52,70,3.19
3556800,Viradouro,SP,2025,432,6,13,19,4.3981,1.39,3.01,4.4,292,67.59,79,18.29,21,4.86,21,4.86
3556909,Vista Alegre do Alto,SP,2025,396,5,11,16,4.0404,1.26,2.78,4.04,253,63.89,66,16.67,37,9.34,24,6.06
3556958,Vitória Brasil,SP,2025,110,0,2,2,1.8182,0.0,1.82,1.82,66,60.0,23,20.91,15,13.64,4,3.64
3557006,Votorantim,SP,2025,3544,48,102,150,4.2325,1.35,2.88,4.23,2467,69.61,587,16.56,213,6.01,127,3.58
3557105,Votuporanga,SP,2025,3086,23,46,69,2.2359,0.75,1.49,2.24,1856,60.14,716,23.2,297,9.62,148,4.8
3557154,Zacarias,SP,2025,132,1,0,1,0.7576,0.76,0.0,0.76,82,62.12,28,21.21,12,9.09,9,6.82
3557204,Chavantes,SP,2025,531,7,14,21,3.9548,1.32,2.64,3.96,307,57.82,109,20.53,57,10.73,37,6.97
3557303,Estiva Gerbi,SP,2025,214,13,8,21,9.8131,6.07,3.74,9.81,122,57.01,31,14.49,20,9.35,20,9.35
4100103,Abatiá,PR,2025,209,2,3,5,2.3923,0.96,1.44,2.4,148,70.81,33,15.79,14,6.7,9,4.31
4100202,Adrianópolis,PR,2025,332,6,8,14,4.2169,1.81,2.41,4.22,175,52.71,80,24.1,37,11.14,26,7.83
4100301,Agudos do Sul,PR,2025,605,8,8,16,2.6446,1.32,1.32,2.64,354,58.51,128,21.16,62,10.25,45,7.44
4100400,Almirante Tamandaré,PR,2025,4589,50,83,133,2.8982,1.09,1.81,2.9,2797,60.95,1022,22.27,425,9.26,212,4.62
4100459,Altamira do Paraná,PR,2025,192,8,8,16,8.3333,4.17,4.17,8.34,116,60.42,37,19.27,16,8.33,7,3.65
4100509,Altônia,PR,2025,624,10,11,21,3.3654,1.6,1.76,3.36,389,62.34,123,19.71,52,8.33,39,6.25
4100608,Alto Paraná,PR,2025,636,5,11,16,2.5157,0.79,1.73,2.52,458,72.01,91,14.31,50,7.86,21,3.3
4100707,Alto Piquiri,PR,2025,503,4,14,18,3.5785,0.8,2.78,3.58,294,58.45,117,23.26,57,11.33,17,3.38
4100806,Alvorada do Sul,PR,2025,352,9,7,16,4.5455,2.56,1.99,4.55,226,64.2,70,19.89,24,6.82,16,4.55
4100905,Amaporã,PR,2025,260,3,4,7,2.6923,1.15,1.54,2.69,160,61.54,63,24.23,21,8.08,9,3.46
4101002,Ampére,PR,2025,1025,3,13,16,1.561,0.29,1.27,1.56,698,68.1,183,17.85,84,8.2,44,4.29
4101051,Anahy,PR,2025,186,1,3,4,2.1505,0.54,1.61,2.15,117,62.9,43,23.12,17,9.14,5,2.69
4101101,Andirá,PR,2025,890,3,17,20,2.2472,0.34,1.91,2.25,568,63.82,185,20.79,68,7.64,49,5.51
4101150,Ângulo,PR,2025,161,2,4,6,3.7267,1.24,2.48,3.72,102,63.35,35,21.74,11,6.83,7,4.35
4101200,Antonina,PR,2025,757,9,11,20,2.642,1.19,1.45,2.64,451,59.58,174,22.99,61,8.06,51,6.74
4101309,Antônio Olinto,PR,2025,362,3,4,7,1.9337,0.83,1.1,1.93,232,64.09,75,20.72,29,8.01,19,5.25
4101408,Apucarana,PR,2025,4775,104,113,217,4.5445,2.18,2.37,4.55,2943,61.63,919,19.25,416,8.71,280,5.86
4101507,Arapongas,PR,2025,2619,50,84,134,5.1165,1.91,3.21,5.12,1599,61.05,522,19.93,230,8.78,134,5.12
4101606,Arapoti,PR,2025,1211,27,25,52,4.294,2.23,2.06,4.29,734,60.61,251,20.73,107,8.84,67,5.53
4101655,Arapuã,PR,2025,127,9,9,18,14.1732,7.09,7.09,14.18,66,51.97,23,18.11,7,5.51,13,10.24
4101705,Araruna,PR,2025,572,11,20,31,5.4196,1.92,3.5,5.42,336,58.74,119,20.8,51,8.92,35,6.12
4101804,Araucária,PR,2025,7370,55,126,181,2.4559,0.75,1.71,2.46,4626,62.77,1685,22.86,588,7.98,290,3.93
4101853,Ariranha do Ivaí,PR,2025,91,2,1,3,3.2967,2.2,1.1,3.3,53,58.24,17,18.68,7,7.69,11,12.09
4101903,Assaí,PR,2025,536,5,10,15,2.7985,0.93,1.87,2.8,354,66.04,101,18.84,40,7.46,26,4.85
4102000,Assis Chateaubriand,PR,2025,1651,16,27,43,2.6045,0.97,1.64,2.61,1079,65.35,349,21.14,122,7.39,58,3.51
4102109,Astorga,PR,2025,884,3,17,20,2.2624,0.34,1.92,2.26,541,61.2,203,22.96,91,10.29,29,3.28
4102208,Atalaia,PR,2025,142,1,1,2,1.4085,0.7,0.7,1.4,85,59.86,35,24.65,9,6.34,11,7.75
4102307,Balsa Nova,PR,2025,796,5,6,11,1.3819,0.63,0.75,1.38,547,68.72,153,19.22,53,6.66,32,4.02
4102406,Bandeirantes,PR,2025,1242,6,13,19,1.5298,0.48,1.05,1.53,797,64.17,274,22.06,105,8.45,47,3.78
4102505,Barbosa Ferraz,PR,2025,430,7,3,10,2.3256,1.63,0.7,2.33,294,68.37,69,16.05,36,8.37,21,4.88
4102604,Barracão,PR,2025,529,10,13,23,4.3478,1.89,2.46,4.35,302,57.09,101,19.09,55,10.4,48,9.07
4102703,Barra do Jacaré,PR,2025,127,1,4,5,3.937,0.79,3.15,3.94,70,55.12,31,24.41,13,10.24,8,6.3
4102752,Bela Vista da Caroba,PR,2025,170,4,5,9,5.2941,2.35,2.94,5.29,100,58.82,31,18.24,17,10.0,13,7.65
4102802,Bela Vista do Paraíso,PR,2025,394,11,10,21,5.3299,2.79,2.54,5.33,242,61.42,75,19.04,32,8.12,24,6.09
4102901,Bituruna,PR,2025,1200,17,28,45,3.75,1.42,2.33,3.75,738,61.5,261,21.75,96,8.0,60,5.0
4103008,Boa Esperança,PR,2025,181,1,3,4,2.2099,0.55,1.66,2.21,98,54.14,42,23.2,18,9.94,19,10.5
4103024,Boa Esperança do Iguaçu,PR,2025,117,4,6,10,8.547,3.42,5.13,8.55,59,50.43,23,19.66,13,11.11,12,10.26
4103040,Boa Ventura de São Roque,PR,2025,252,1,3,4,1.5873,0.4,1.19,1.59,156,61.9,51,20.24,23,9.13,18,7.14
4103057,Boa Vista da Aparecida,PR,2025,508,8,14,22,4.3307,1.57,2.76,4.33,316,62.2,89,17.52,46,9.06,35,6.89
4103107,Bocaiúva do Sul,PR,2025,558,3,7,10,1.7921,0.54,1.25,1.79,377,67.56,104,18.64,40,7.17,27,4.84
4103156,Bom Jesus do Sul,PR,2025,248,1,5,6,2.4194,0.4,2.02,2.42,145,58.47,57,22.98,21,8.47,19,7.66
4103206,Bom Sucesso,PR,2025,318,1,4,5,1.5723,0.31,1.26,1.57,210,66.04,53,16.67,33,10.38,17,5.35
4103222,Bom Sucesso do Sul,PR,2025,200,1,7,8,4.0,0.5,3.5,4.0,116,58.0,49,24.5,17,8.5,10,5.0
4103305,Borrazópolis,PR,2025,201,3,8,11,5.4726,1.49,3.98,5.47,120,59.7,31,15.42,17,8.46,22,10.95
4103354,Braganey,PR,2025,247,2,3,5,2.0243,0.81,1.21,2.02,134,54.25,76,30.77,20,8.1,12,4.86
4103370,Brasilândia do Sul,PR,2025,227,3,6,9,3.9648,1.32,2.64,3.96,153,67.4,44,19.38,14,6.17,7,3.08
4103404,Cafeara,PR,2025,163,0,2,2,1.227,0.0,1.23,1.23,104,63.8,47,28.83,7,4.29,3,1.84
4103453,Cafelândia,PR,2025,1003,15,31,46,4.5862,1.5,3.09,4.59,569,56.73,222,22.13,106,10.57,60,5.98
4103479,Cafezal do Sul,PR,2025,273,2,5,7,2.5641,0.73,1.83,2.56,157,57.51,73,26.74,17,6.23,19,6.96
4103503,Califórnia,PR,2025,299,4,5,9,3.01,1.34,1.67,3.01,197,65.89,59,19.73,19,6.35,15,5.02
4103602,Cambará,PR,2025,474,10,6,16,3.3755,2.11,1.27,3.38,251,52.95,102,21.52,55,11.6,50,10.55
4103701,Cambé,PR,2025,4068,37,75,112,2.7532,0.91,1.84,2.75,2626,64.55,814,20.01,320,7.87,196,4.82
4103800,Cambira,PR,2025,566,5,8,13,2.2968,0.88,1.41,2.29,360,63.6,120,21.2,41,7.24,32,5.65
4103909,Campina da Lagoa,PR,2025,1014,12,14,26,2.5641,1.18,1.38,2.56,615,60.65,218,21.5,95,9.37,60,5.92
4103958,Campina do Simão,PR,2025,200,0,2,2,1.0,0.0,1.0,1.0,156,78.0,36,18.0,6,3.0,0,0.0
4104006,Campina Grande do Sul,PR,2025,2172,56,52,108,4.9724,2.58,2.39,4.97,1321,60.82,445,20.49,185,8.52,113,5.2
4104055,Campo Bonito,PR,2025,136,2,2,4,2.9412,1.47,1.47,2.94,59,43.38,42,30.88,22,16.18,9,6.62
4104105,Campo do Tenente,PR,2025,603,3,6,9,1.4925,0.5,1.0,1.5,376,62.35,132,21.89,55,9.12,31,5.14
4104204,Campo Largo,PR,2025,4552,24,75,99,2.1749,0.53,1.65,2.18,3077,67.6,957,21.02,304,6.68,115,2.53
4104253,Campo Magro,PR,2025,1521,45,29,74,4.8652,2.96,1.91,4.87,872,57.33,325,21.37,148,9.73,102,6.71
4104303,Campo Mourão,PR,2025,3113,70,71,141,4.5294,2.25,2.28,4.53,2010,64.57,583,18.73,214,6.87,165,5.3
4104402,Cândido de Abreu,PR,2025,849,80,46,126,14.841,9.42,5.42,14.84,483,56.89,153,18.02,51,6.01,36,4.24
4104428,Candói,PR,2025,936,16,18,34,3.6325,1.71,1.92,3.63,589,62.93,186,19.87,67,7.16,60,6.41
4104451,Cantagalo,PR,2025,411,11,12,23,5.5961,2.68,2.92,5.6,208,50.61,72,17.52,47,11.44,61,14.84
4104501,Capanema,PR,2025,892,13,21,34,3.8117,1.46,2.35,3.81,569,63.79,182,20.4,77,8.63,30,3.36
4104600,Capitão Leônidas Marques,PR,2025,651,23,18,41,6.298,3.53,2.76,6.29,404,62.06,124,19.05,41,6.3,41,6.3
4104659,Carambeí,PR,2025,1211,17,24,41,3.3856,1.4,1.98,3.38,720,59.45,302,24.94,95,7.84,53,4.38
4104709,Carlópolis,PR,2025,750,1,16,17,2.2667,0.13,2.13,2.26,471,62.8,174,23.2,53,7.07,35,4.67
4104808,Cascavel,PR,2025,13433,118,241,359,2.6725,0.88,1.79,2.67,8661,64.48,2840,21.14,1051,7.82,522,3.89
4104907,Castro,PR,2025,3654,37,73,110,3.0104,1.01,2.0,3.01,2356,64.48,753,20.61,276,7.55,159,4.35
4105003,Catanduvas,PR,2025,539,10,12,22,4.0816,1.86,2.23,4.09,301,55.84,111,20.59,50,9.28,55,10.2
4105102,Centenário do Sul,PR,2025,406,2,17,19,4.6798,0.49,4.19,4.68,266,65.52,76,18.72,22,5.42,23,5.67
4105201,Cerro Azul,PR,2025,917,9,12,21,2.2901,0.98,1.31,2.29,539,58.78,222,24.21,85,9.27,50,5.45
4105300,Céu Azul,PR,2025,332,3,7,10,3.012,0.9,2.11,3.01,227,68.37,73,21.99,16,4.82,6,1.81
4105409,Chopinzinho,PR,2025,1344,9,27,36,2.6786,0.67,2.01,2.68,868,64.58,279,20.76,98,7.29,63,4.69
4105508,Cianorte,PR,2025,3254,23,46,69,2.1205,0.71,1.41,2.12,2022,62.14,763,23.45,284,8.73,116,3.56
4105607,Cidade Gaúcha,PR,2025,343,5,3,8,2.3324,1.46,0.87,2.33,195,56.85,75,21.87,36,10.5,29,8.45
4105706,Clevelândia,PR,2025,924,11,16,27,2.9221,1.19,1.73,2.92,579,62.66,184,19.91,89,9.63,45,4.87
4105805,Colombo,PR,2025,8952,121,194,315,3.5188,1.35,2.17,3.52,5864,65.5,1836,20.51,590,6.59,347,3.88
4105904,Colorado,PR,2025,906,9,18,27,2.9801,0.99,1.99,2.98,495,54.64,204,22.52,102,11.26,78,8.61
4106001,Congonhinhas,PR,2025,254,2,11,13,5.1181,0.79,4.33,5.12,159,62.6,46,18.11,17,6.69,19,7.48
4106100,Conselheiro Mairinck,PR,2025,199,0,1,1,0.5025,0.0,0.5,0.5,122,61.31,50,25.13,20,10.05,6,3.02
4106209,Contenda,PR,2025,831,11,13,24,2.8881,1.32,1.56,2.88,475,57.16,209,25.15,81,9.75,42,5.05
4106308,Corbélia,PR,2025,1070,50,36,86,8.0374,4.67,3.36,8.03,610,57.01,189,17.66,102,9.53,83,7.76
4106407,Cornélio Procópio,PR,2025,1075,22,27,49,4.5581,2.05,2.51,4.56,670,62.33,193,17.95,86,8.0,77,7.16
4106456,Coronel Domingos Soares,PR,2025,464,6,7,13,2.8017,1.29,1.51,2.8,287,61.85,100,21.55,44,9.48,20,4.31
4106506,Coronel Vivida,PR,2025,994,12,25,37,3.7223,1.21,2.52,3.73,563,56.64,223,22.43,105,10.56,66,6.64
4106555,Corumbataí do Sul,PR,2025,147,4,3,7,4.7619,2.72,2.04,4.76,85,57.82,32,21.77,13,8.84,10,6.8
4106571,Cruzeiro do Iguaçu,PR,2025,176,3,1,4,2.2727,1.7,0.57,2.27,92,52.27,45,25.57,22,12.5,13,7.39
4106605,Cruzeiro do Oeste,PR,2025,899,12,14,26,2.8921,1.33,1.56,2.89,528,58.73,218,24.25,78,8.68,49,5.45
4106704,Cruzeiro do Sul,PR,2025,174,0,3,3,1.7241,0.0,1.72,1.72,115,66.09,39,22.41,12,6.9,5,2.87
4106803,Cruz Machado,PR,2025,882,3,13,16,1.8141,0.34,1.47,1.81,613,69.5,165,18.71,53,6.01,35,3.97
4106852,Cruzmaltina,PR,2025,164,5,8,13,7.9268,3.05,4.88,7.93,105,64.02,22,13.41,12,7.32,12,7.32
4106902,Curitiba,PR,2025,14695,322,227,549,3.736,2.19,1.54,3.73,8101,55.13,2822,19.2,1408,9.58,1815,12.35
4107009,Curiúva,PR,2025,543,18,16,34,6.2615,3.31,2.95,6.26,332,61.14,95,17.5,43,7.92,39,7.18
4107108,Diamante do Norte,PR,2025,128,3,1,4,3.125,2.34,0.78,3.12,72,56.25,27,21.09,15,11.72,10,7.81
4107124,Diamante do Sul,PR,2025,197,1,5,6,3.0457,0.51,2.54,3.05,140,71.07,34,17.26,10,5.08,7,3.55
4107157,Diamante D'Oeste,PR,2025,166,6,12,18,10.8434,3.61,7.23,10.84,86,51.81,33,19.88,11,6.63,18,10.84
4107207,Dois Vizinhos,PR,2025,1987,35,68,103,5.1837,1.76,3.42,5.18,1280,64.42,390,19.63,142,7.15,72,3.62
4107256,Douradina,PR,2025,453,3,5,8,1.766,0.66,1.1,1.76,277,61.15,105,23.18,36,7.95,27,5.96
4107306,Doutor Camargo,PR,2025,236,1,3,4,1.6949,0.42,1.27,1.69,156,66.1,44,18.64,19,8.05,13,5.51
4107405,Enéas Marques,PR,2025,204,3,7,10,4.902,1.47,3.43,4.9,123,60.29,38,18.63,20,9.8,13,6.37
4107504,Engenheiro Beltrão,PR,2025,248,3,7,10,4.0323,1.21,2.82,4.03,164,66.13,37,14.92,18,7.26,19,7.66
4107520,Esperança Nova,PR,2025,97,0,0,0,0.0,0.0,0.0,0.0,62,63.92,24,24.74,6,6.19,5,5.15
4107538,Entre Rios do Oeste,PR,2025,287,1,10,11,3.8328,0.35,3.48,3.83,138,48.08,70,24.39,42,14.63,26,9.06
4107546,Espigão Alto do Iguaçu,PR,2025,321,0,8,8,2.4922,0.0,2.49,2.49,177,55.14,72,22.43,33,10.28,31,9.66
4107553,Farol,PR,2025,127,2,1,3,2.3622,1.57,0.79,2.36,68,53.54,34,26.77,13,10.24,9,7.09
4107603,Faxinal,PR,2025,753,22,16,38,5.0465,2.92,2.12,5.04,455,60.42,138,18.33,66,8.76,56,7.44
4107652,Fazenda Rio Grande,PR,2025,3079,78,57,135,4.3845,2.53,1.85,4.38,1792,58.2,600,19.49,314,10.2,238,7.73
4107702,Fênix,PR,2025,164,0,5,5,3.0488,0.0,3.05,3.05,104,63.41,37,22.56,8,4.88,10,6.1
4107736,Fernandes Pinheiro,PR,2025,396,6,6,12,3.0303,1.52,1.52,3.04,247,62.37,79,19.95,35,8.84,23,5.81
4107751,Figueira,PR,2025,368,5,9,14,3.8043,1.36,2.45,3.81,223,60.6,74,20.11,35,9.51,22,5.98
4107801,Floraí,PR,2025,200,1,0,1,0.5,0.5,0.0,0.5,119,59.5,49,24.5,18,9.0,13,6.5
4107850,Flor da Serra do Sul,PR,2025,282,0,1,1,0.3546,0.0,0.35,0.35,195,69.15,60,21.28,19,6.74,7,2.48
4107900,Floresta,PR,2025,76,0,2,2,2.6316,0.0,2.63,2.63,60,78.95,8,10.53,5,6.58,1,1.32
4108007,Florestópolis,PR,2025,630,5,9,14,2.2222,0.79,1.43,2.22,382,60.63,149,23.65,56,8.89,29,4.6
4108106,Flórida,PR,2025,79,2,0,2,2.5316,2.53,0.0,2.53,45,56.96,17,21.52,10,12.66,5,6.33
4108205,Formosa do Oeste,PR,2025,103,4,2,6,5.8252,3.88,1.94,5.82,50,48.54,25,24.27,10,9.71,12,11.65
4108304,Foz do Iguaçu,PR,2025,8955,115,187,302,3.3724,1.28,2.09,3.37,5815,64.94,1835,20.49,647,7.23,356,3.98
4108320,Francisco Alves,PR,2025,601,5,3,8,1.3311,0.83,0.5,1.33,372,61.9,147,24.46,44,7.32,30,4.99
4108403,Francisco Beltrão,PR,2025,4104,31,70,101,2.461,0.76,1.71,2.47,2661,64.84,852,20.76,340,8.28,150,3.65
4108452,Foz do Jordão,PR,2025,364,8,10,18,4.9451,2.2,2.75,4.95,208,57.14,79,21.7,24,6.59,35,9.62
4108502,General Carneiro,PR,2025,712,3,14,17,2.3876,0.42,1.97,2.39,464,65.17,151,21.21,56,7.87,24,3.37
4108551,Godoy Moreira,PR,2025,129,0,3,3,2.3256,0.0,2.33,2.33,85,65.89,26,20.16,8,6.2,7,5.43
4108601,Goioerê,PR,2025,1283,24,24,48,3.7412,1.87,1.87,3.74,795,61.96,272,21.2,109,8.5,59,4.6
4108650,Goioxim,PR,2025,447,6,16,22,4.9217,1.34,3.58,4.92,299,66.89,70,15.66,24,5.37,32,7.16
4108700,Grandes Rios,PR,2025,285,12,10,22,7.7193,4.21,3.51,7.72,170,59.65,58,20.35,16,5.61,19,6.67
4108809,Guaíra,PR,2025,1516,19,26,45,2.9683,1.25,1.72,2.97,960,63.32,324,21.37,125,8.25,62,4.09
4108908,Guairaçá,PR,2025,403,4,10,14,3.4739,0.99,2.48,3.47,245,60.79,65,16.13,41,10.17,38,9.43
4108957,Guamiranga,PR,2025,406,2,4,6,1.4778,0.49,0.99,1.48,277,68.23,81,19.95,28,6.9,14,3.45
4109005,Guapirama,PR,2025,275,0,3,3,1.0909,0.0,1.09,1.09,165,60.0,65,23.64,31,11.27,11,4.0
4109104,Guaporema,PR,2025,105,1,1,2,1.9048,0.95,0.95,1.9,60,57.14,27,25.71,14,13.33,2,1.9
4109203,Guaraci,PR,2025,163,1,6,7,4.2945,0.61,3.68,4.29,99,60.74,25,15.34,19,11.66,13,7.98
4109302,Guaraniaçu,PR,2025,670,9,20,29,4.3284,1.34,2.99,4.33,405,60.45,128,19.1,65,9.7,43,6.42
4109401,Guarapuava,PR,2025,7762,104,185,289,3.7233,1.34,2.38,3.72,4869,62.73,1585,20.42,628,8.09,391,5.04
4109500,Guaraqueçaba,PR,2025,441,6,11,17,3.8549,1.36,2.49,3.85,267,60.54,85,19.27,40,9.07,32,7.26
4109609,Guaratuba,PR,2025,1796,6,31,37,2.0601,0.33,1.73,2.06,1084,60.36,411,22.88,178,9.91,86,4.79
4109658,Honório Serpa,PR,2025,268,4,8,12,4.4776,1.49,2.99,4.48,183,68.28,41,15.3,15,5.6,17,6.34
4109708,Ibaiti,PR,2025,1438,3,12,15,1.0431,0.21,0.83,1.04,947,65.86,300,20.86,118,8.21,58,4.03
4109757,Ibema,PR,2025,322,5,0,5,1.5528,1.55,0.0,1.55,170,52.8,82,25.47,29,9.01,36,11.18
4109807,Ibiporã,PR,2025,2209,29,60,89,4.029,1.31,2.72,4.03,1385,62.7,439,19.87,196,8.87,100,4.53
4109906,Icaraíma,PR,2025,417,11,10,21,5.036,2.64,2.4,5.04,249,59.71,77,18.47,47,11.27,23,5.52
4110003,Iguaraçu,PR,2025,186,2,2,4,2.1505,1.08,1.08,2.16,103,55.38,45,24.19,27,14.52,7,3.76
4110052,Iguatu,PR,2025,103,0,3,3,2.9126,0.0,2.91,2.91,62,60.19,19,18.45,8,7.77,11,10.68
4110078,Imbaú,PR,2025,473,5,18,23,4.8626,1.06,3.81,4.87,325,68.71,76,16.07,31,6.55,18,3.81
4110102,Imbituva,PR,2025,1806,64,58,122,6.7553,3.54,3.21,6.75,1067,59.08,372,20.6,151,8.36,94,5.2
4110201,Inácio Martins,PR,2025,696,11,11,22,3.1609,1.58,1.58,3.16,455,65.37,130,18.68,62,8.91,27,3.88
4110300,Inajá,PR,2025,107,3,4,7,6.5421,2.8,3.74,6.54,74,69.16,14,13.08,4,3.74,8,7.48
4110409,Indianópolis,PR,2025,230,1,0,1,0.4348,0.43,0.0,0.43,132,57.39,59,25.65,26,11.3,12,5.22
4110508,Ipiranga,PR,2025,348,9,15,24,6.8966,2.59,4.31,6.9,228,65.52,55,15.8,22,6.32,19,5.46
4110607,Iporã,PR,2025,615,5,11,16,2.6016,0.81,1.79,2.6,379,61.63,129,20.98,55,8.94,36,5.85
4110656,Iracema do Oeste,PR,2025,112,1,2,3,2.6786,0.89,1.79,2.68,59,52.68,26,23.21,17,15.18,7,6.25
4110706,Irati,PR,2025,2355,13,33,46,1.9533,0.55,1.4,1.95,1439,61.1,571,24.25,198,8.41,101,4.29
4110805,Iretama,PR,2025,514,0,13,13,2.5292,0.0,2.53,2.53,336,65.37,105,20.43,39,7.59,21,4.09
4110904,Itaguajé,PR,2025,244,4,7,11,4.5082,1.64,2.87,4.51,133,54.51,51,20.9,32,13.11,17,6.97
4110953,Itaipulândia,PR,2025,795,9,12,21,2.6415,1.13,1.51,2.64,478,60.13,184,23.14,78,9.81,34,4.28
4111001,Itambaracá,PR,2025,213,2,2,4,1.8779,0.94,0.94,1.88,120,56.34,48,22.54,25,11.74,16,7.51
4111100,Itambé,PR,2025,232,1,0,1,0.431,0.43,0.0,0.43,133,57.33,62,26.72,28,12.07,8,3.45
4111209,Itapejara d'Oeste,PR,2025,732,8,13,21,2.8689,1.09,1.78,2.87,432,59.02,156,21.31,76,10.38,47,6.42
4111258,Itaperuçu,PR,2025,1758,26,26,52,2.9579,1.48,1.48,2.96,1077,61.26,389,22.13,147,8.36,93,5.29
4111308,Itaúna do Sul,PR,2025,166,3,7,10,6.0241,1.81,4.22,6.03,95,57.23,32,19.28,14,8.43,15,9.04
4111407,Ivaí,PR,2025,892,10,20,30,3.3632,1.12,2.24,3.36,581,65.13,197,22.09,54,6.05,30,3.36
4111506,Ivaiporã,PR,2025,1009,13,28,41,4.0634,1.29,2.78,4.07,654,64.82,193,19.13,73,7.23,48,4.76
4111555,Ivaté,PR,2025,250,2,7,9,3.6,0.8,2.8,3.6,134,53.6,56,22.4,31,12.4,20,8.0
4111605,Ivatuba,PR,2025,94,0,1,1,1.0638,0.0,1.06,1.06,51,54.26,27,28.72,10,10.64,5,5.32
4111704,Jaboti,PR,2025,223,1,1,2,0.8969,0.45,0.45,0.9,124,55.61,61,27.35,15,6.73,21,9.42
4111803,Jacarezinho,PR,2025,2257,39,77,116,5.1396,1.73,3.41,5.14,1480,65.57,394,17.46,155,6.87,112,4.96
4111902,Jaguapitã,PR,2025,306,1,1,2,0.6536,0.33,0.33,0.66,53,17.32,40,13.07,49,16.01,162,52.94
4112009,Jaguariaíva,PR,2025,1865,9,33,42,2.252,0.48,1.77,2.25,1044,55.98,455,24.4,189,10.13,135,7.24
4112108,Jandaia do Sul,PR,2025,811,9,14,23,2.836,1.11,1.73,2.84,519,64.0,183,22.56,63,7.77,23,2.84
4112207,Janiópolis,PR,2025,283,3,1,4,1.4134,1.06,0.35,1.41,153,54.06,72,25.44,32,11.31,22,7.77
4112306,Japira,PR,2025,335,4,13,17,5.0746,1.19,3.88,5.07,211,62.99,58,17.31,38,11.34,11,3.28
4112405,Japurá,PR,2025,305,2,3,5,1.6393,0.66,0.98,1.64,201,65.9,54,17.7,30,9.84,15,4.92
4112504,Jardim Alegre,PR,2025,394,7,4,11,2.7919,1.78,1.02,2.8,238,60.41,81,20.56,41,10.41,23,5.84
4112603,Jardim Olinda,PR,2025,78,1,3,4,5.1282,1.28,3.85,5.13,54,69.23,16,20.51,3,3.85,1,1.28
4112702,Jataizinho,PR,2025,550,5,9,14,2.5455,0.91,1.64,2.55,286,52.0,138,25.09,70,12.73,42,7.64
4112751,Jesuítas,PR,2025,419,6,17,23,5.4893,1.43,4.06,5.49,263,62.77,82,19.57,29,6.92,22,5.25
4112801,Joaquim Távora,PR,2025,660,8,14,22,3.3333,1.21,2.12,3.33,409,61.97,130,19.7,56,8.48,43,6.52
4112900,Jundiaí do Sul,PR,2025,176,4,6,10,5.6818,2.27,3.41,5.68,99,56.25,39,22.16,13,7.39,15,8.52
4112959,Juranda,PR,2025,451,8,9,17,3.7694,1.77,2.0,3.77,230,51.0,113,25.06,48,10.64,43,9.53
4113007,Jussara,PR,2025,313,0,9,9,2.8754,0.0,2.88,2.88,186,59.42,66,21.09,33,10.54,19,6.07
4113106,Kaloré,PR,2025,223,2,5,7,3.139,0.9,2.24,3.14,140,62.78,45,20.18,25,11.21,6,2.69
4113205,Lapa,PR,2025,1681,20,28,48,2.8554,1.19,1.67,2.86,1070,63.65,361,21.48,141,8.39,61,3.63
4113254,Laranjal,PR,2025,386,6,14,20,5.1813,1.55,3.63,5.18,175,45.34,70,18.13,43,11.14,78,20.21
4113304,Laranjeiras do Sul,PR,2025,2192,6,27,33,1.5055,0.27,1.23,1.5,1388,63.32,497,22.67,186,8.49,88,4.01
4113403,Leópolis,PR,2025,182,1,3,4,2.1978,0.55,1.65,2.2,119,65.38,32,17.58,17,9.34,10,5.49
4113429,Lidianópolis,PR,2025,202,2,3,5,2.4752,0.99,1.49,2.48,118,58.42,51,25.25,19,9.41,9,4.46
4113452,Lindoeste,PR,2025,303,5,7,12,3.9604,1.65,2.31,3.96,189,62.38,61,20.13,28,9.24,13,4.29
4113502,Loanda,PR,2025,1024,8,18,26,2.5391,0.78,1.76,2.54,631,61.62,252,24.61,77,7.52,38,3.71
4113601,Lobato,PR,2025,189,1,6,7,3.7037,0.53,3.17,3.7,88,46.56,54,28.57,23,12.17,17,8.99
4113700,Londrina,PR,2025,16232,300,456,756,4.6575,1.85,2.81,4.66,10776,66.39,2785,17.16,1143,7.04,772,4.76
4113734,Luiziana,PR,2025,412,4,5,9,2.1845,0.97,1.21,2.18,230,55.83,109,26.46,42,10.19,22,5.34
4113759,Lunardelli,PR,2025,231,1,5,6,2.5974,0.43,2.16,2.59,140,60.61,58,25.11,18,7.79,9,3.9
4113809,Lupionópolis,PR,2025,247,0,9,9,3.6437,0.0,3.64,3.64,139,56.28,71,28.74,18,7.29,10,4.05
4113908,Mallet,PR,2025,622,4,17,21,3.3762,0.64,2.73,3.37,403,64.79,131,21.06,39,6.27,28,4.5
4114005,Mamborê,PR,2025,552,13,16,29,5.2536,2.36,2.9,5.26,359,65.04,92,16.67,44,7.97,28,5.07
4114104,Mandaguaçu,PR,2025,1067,17,18,35,3.2802,1.59,1.69,3.28,621,58.2,245,22.96,83,7.78,83,7.78
4114203,Mandaguari,PR,2025,1051,11,17,28,2.6641,1.05,1.62,2.67,635,60.42,247,23.5,97,9.23,44,4.19
4114302,Mandirituba,PR,2025,501,15,15,30,5.988,2.99,2.99,5.98,326,65.07,91,18.16,34,6.79,20,3.99
4114351,Manfrinópolis,PR,2025,115,0,8,8,6.9565,0.0,6.96,6.96,68,59.13,25,21.74,8,6.96,6,5.22
4114401,Mangueirinha,PR,2025,1002,15,13,28,2.7944,1.5,1.3,2.8,644,64.27,199,19.86,80,7.98,51,5.09
4114500,Manoel Ribas,PR,2025,677,8,22,30,4.4313,1.18,3.25,4.43,404,59.68,140,20.68,52,7.68,51,7.53
4114609,Marechal Cândido Rondon,PR,2025,2121,11,29,40,1.8859,0.52,1.37,1.89,1344,63.37,476,22.44,188,8.86,73,3.44
4114708,Maria Helena,PR,2025,192,7,5,12,6.25,3.65,2.6,6.25,112,58.33,42,21.88,12,6.25,14,7.29
4114807,Marialva,PR,2025,1664,21,40,61,3.6659,1.26,2.4,3.66,1026,61.66,352,21.15,155,9.31,70,4.21
4114906,Marilândia do Sul,PR,2025,276,5,5,10,3.6232,1.81,1.81,3.62,163,59.06,49,17.75,30,10.87,24,8.7
4115002,Marilena,PR,2025,390,6,13,19,4.8718,1.54,3.33,4.87,260,66.67,68,17.44,23,5.9,20,5.13
4115101,Mariluz,PR,2025,531,7,11,18,3.3898,1.32,2.07,3.39,322,60.64,110,20.72,57,10.73,24,4.52
4115200,Maringá,PR,2025,10992,105,204,309,2.8111,0.96,1.86,2.82,7117,64.75,2284,20.78,849,7.72,433,3.94
4115309,Mariópolis,PR,2025,198,3,6,9,4.5455,1.52,3.03,4.55,130,65.66,36,18.18,14,7.07,9,4.55
4115358,Maripá,PR,2025,191,1,6,7,3.6649,0.52,3.14,3.66,134,70.16,35,18.32,10,5.24,5,2.62
4115408,Marmeleiro,PR,2025,826,9,21,30,3.632,1.09,2.54,3.63,458,55.45,175,21.19,91,11.02,72,8.72
4115457,Marquinho,PR,2025,313,10,9,19,6.0703,3.19,2.88,6.07,197,62.94,51,16.29,23,7.35,23,7.35
4115507,Marumbi,PR,2025,255,1,8,9,3.5294,0.39,3.14,3.53,161,63.14,53,20.78,28,10.98,4,1.57
4115606,Matelândia,PR,2025,1057,3,6,9,0.8515,0.28,0.57,0.85,700,66.23,228,21.57,85,8.04,35,3.31
4115705,Matinhos,PR,2025,1262,25,22,47,3.7242,1.98,1.74,3.72,729,57.77,277,21.95,126,9.98,83,6.58
4115739,Mato Rico,PR,2025,239,1,2,3,1.2552,0.42,0.84,1.26,133,55.65,49,20.5,16,6.69,38,15.9
4115754,Mauá da Serra,PR,2025,591,3,5,8,1.3536,0.51,0.85,1.36,307,51.95,142,24.03,76,12.86,58,9.81
4115804,Medianeira,PR,2025,3095,30,57,87,2.811,0.97,1.84,2.81,1991,64.33,662,21.39,245,7.92,110,3.55
4115853,Mercedes,PR,2025,328,2,8,10,3.0488,0.61,2.44,3.05,210,64.02,73,22.26,26,7.93,9,2.74
4115903,Mirador,PR,2025,151,3,4,7,4.6358,1.99,2.65,4.64,97,64.24,25,16.56,16,10.6,6,3.97
4116000,Miraselva,PR,2025,66,0,0,0,0.0,0.0,0.0,0.0,19,28.79,12,18.18,7,10.61,28,42.42
4116059,Missal,PR,2025,643,10,18,28,4.3546,1.56,2.8,4.36,457,71.07,100,15.55,43,6.69,15,2.33
4116109,Moreira Sales,PR,2025,505,2,4,6,1.1881,0.4,0.79,1.19,305,60.4,116,22.97,44,8.71,34,6.73
4116208,Morretes,PR,2025,805,4,13,17,2.1118,0.5,1.61,2.11,529,65.71,170,21.12,59,7.33,30,3.73
4116307,Munhoz de Melo,PR,2025,182,2,5,7,3.8462,1.1,2.75,3.85,131,71.98,19,10.44,18,9.89,7,3.85
4116406,Nossa Senhora das Graças,PR,2025,188,1,2,3,1.5957,0.53,1.06,1.59,106,56.38,44,23.4,24,12.77,11,5.85
4116505,Nova Aliança do Ivaí,PR,2025,97,0,1,1,1.0309,0.0,1.03,1.03,51,52.58,27,27.84,10,10.31,8,8.25
4116604,Nova América da Colina,PR,2025,163,4,5,9,5.5215,2.45,3.07,5.52,74,45.4,36,22.09,22,13.5,22,13.5
4116703,Nova Aurora,PR,2025,548,5,11,16,2.9197,0.91,2.01,2.92,332,60.58,130,23.72,44,8.03,26,4.74
4116802,Nova Cantu,PR,2025,372,5,5,10,2.6882,1.34,1.34,2.68,235,63.17,74,19.89,40,10.75,13,3.49
4116901,Nova Esperança,PR,2025,996,16,24,40,4.0161,1.61,2.41,4.02,646,64.86,199,19.98,76,7.63,35,3.51
4116950,Nova Esperança do Sudoeste,PR,2025,361,7,8,15,4.1551,1.94,2.22,4.16,184,50.97,71,19.67,44,12.19,47,13.02
4117008,Nova Fátima,PR,2025,258,4,11,15,5.814,1.55,4.26,5.81,168,65.12,37,14.34,16,6.2,22,8.53
4117057,Nova Laranjeiras,PR,2025,881,15,13,28,3.1782,1.7,1.48,3.18,453,51.42,181,20.54,122,13.85,97,11.01
4117107,Nova Londrina,PR,2025,516,12,14,26,5.0388,2.33,2.71,5.04,322,62.4,88,17.05,44,8.53,36,6.98
4117206,Nova Olímpia,PR,2025,254,4,5,9,3.5433,1.57,1.97,3.54,153,60.24,55,21.65,19,7.48,18,7.09
4117214,Nova Santa Bárbara,PR,2025,280,1,3,4,1.4286,0.36,1.07,1.43,199,71.07,51,18.21,22,7.86,4,1.43
4117222,Nova Santa Rosa,PR,2025,349,5,7,12,3.4384,1.43,2.01,3.44,236,67.62,62,17.77,24,6.88,15,4.3
4117255,Nova Prata do Iguaçu,PR,2025,447,7,7,14,3.132,1.57,1.57,3.14,272,60.85,84,18.79,55,12.3,22,4.92
4117271,Nova Tebas,PR,2025,451,26,22,48,10.643,5.76,4.88,10.64,255,56.54,72,15.96,39,8.65,37,8.2
4117297,Novo Itacolomi,PR,2025,157,0,2,2,1.2739,0.0,1.27,1.27,81,51.59,36,22.93,30,19.11,8,5.1
4117305,Ortigueira,PR,2025,1227,19,21,40,3.26,1.55,1.71,3.26,699,56.97,268,21.84,127,10.35,93,7.58
4117404,Ourizona,PR,2025,79,0,0,0,0.0,0.0,0.0,0.0,45,56.96,21,26.58,7,8.86,6,7.59
4117453,Ouro Verde do Oeste,PR,2025,312,3,5,8,2.5641,0.96,1.6,2.56,187,59.94,73,23.4,25,8.01,19,6.09
4117503,Paiçandu,PR,2025,1962,20,39,59,3.0071,1.02,1.99,3.01,1247,63.56,399,20.34,165,8.41,92,4.69
4117602,Palmas,PR,2025,1586,63,70,133,8.3859,3.97,4.41,8.38,1010,63.68,214,13.49,110,6.94,119,7.5
4117701,Palmeira,PR,2025,839,14,15,29,3.4565,1.67,1.79,3.46,560,66.75,140,16.69,71,8.46,39,4.65
4117800,Palmital,PR,2025,725,13,24,37,5.1034,1.79,3.31,5.1,458,63.17,124,17.1,63,8.69,43,5.93
4117909,Palotina,PR,2025,1815,16,30,46,2.5344,0.88,1.65,2.53,1090,60.06,415,22.87,168,9.26,96,5.29
4118006,Paraíso do Norte,PR,2025,798,8,16,24,3.0075,1.0,2.01,3.01,451,56.52,187,23.43,90,11.28,46,5.76
4118105,Paranacity,PR,2025,474,3,3,6,1.2658,0.63,0.63,1.26,308,64.98,98,20.68,45,9.49,17,3.59
4118204,Paranaguá,PR,2025,4721,54,112,166,3.5162,1.14,2.37,3.51,3010,63.76,941,19.93,388,8.22,216,4.58
4118303,Paranapoema,PR,2025,133,1,6,7,5.2632,0.75,4.51,5.26,77,57.89,25,18.8,18,13.53,6,4.51
4118402,Paranavaí,PR,2025,3546,44,80,124,3.4969,1.24,2.26,3.5,2234,63.0,720,20.3,286,8.07,182,5.13
4118451,Pato Bragado,PR,2025,374,4,6,10,2.6738,1.07,1.6,2.67,273,72.99,56,14.97,27,7.22,8,2.14
4118501,Pato Branco,PR,2025,3329,42,60,102,3.064,1.26,1.8,3.06,2116,63.56,705,21.18,274,8.23,132,3.97
4118600,Paula Freitas,PR,2025,302,2,5,7,2.3179,0.66,1.66,2.32,192,63.58,65,21.52,25,8.28,13,4.3
4118709,Paulo Frontin,PR,2025,364,2,7,9,2.4725,0.55,1.92,2.47,225,61.81,71,19.51,35,9.62,24,6.59
4118808,Peabiru,PR,2025,463,5,12,17,3.6717,1.08,2.59,3.67,285,61.56,105,22.68,38,8.21,18,3.89
4118857,Perobal,PR,2025,468,2,5,7,1.4957,0.43,1.07,1.5,308,65.81,87,18.59,50,10.68,16,3.42
4118907,Pérola,PR,2025,474,4,3,7,1.4768,0.84,0.63,1.47,332,70.04,84,17.72,30,6.33,21,4.43
4119004,Pérola d'Oeste,PR,2025,277,5,5,10,3.6101,1.81,1.81,3.62,168,60.65,62,22.38,26,9.39,11,3.97
4119103,Piên,PR,2025,985,7,12,19,1.9289,0.71,1.22,1.93,606,61.52,233,23.65,102,10.36,25,2.54
4119152,Pinhais,PR,2025,6317,50,109,159,2.517,0.79,1.73,2.52,4078,64.56,1362,21.56,504,7.98,214,3.39
4119202,Pinhalão,PR,2025,386,4,5,9,2.3316,1.04,1.3,2.34,262,67.88,77,19.95,25,6.48,13,3.37
4119251,Pinhal de São Bento,PR,2025,160,0,0,0,0.0,0.0,0.0,0.0,115,71.88,33,20.63,11,6.88,1,0.63
4119301,Pinhão,PR,2025,1395,32,49,81,5.8065,2.29,3.51,5.8,828,59.35,266,19.07,117,8.39,103,7.38
4119400,Piraí do Sul,PR,2025,1095,8,33,41,3.7443,0.73,3.01,3.74,742,67.76,191,17.44,78,7.12,43,3.93
4119509,Piraquara,PR,2025,5007,57,95,152,3.0357,1.14,1.9,3.04,3347,66.85,974,19.45,362,7.23,172,3.44
4119608,Pitanga,PR,2025,1633,12,37,49,3.0006,0.73,2.27,3.0,1053,64.48,329,20.15,141,8.63,61,3.74
4119657,Pitangueiras,PR,2025,69,0,2,2,2.8986,0.0,2.9,2.9,35,50.72,17,24.64,7,10.14,8,11.59
4119707,Planaltina do Paraná,PR,2025,245,2,4,6,2.449,0.82,1.63,2.45,141,57.55,63,25.71,22,8.98,13,5.31
4119806,Planalto,PR,2025,674,4,13,17,2.5223,0.59,1.93,2.52,408,60.53,154,22.85,57,8.46,38,5.64
4119905,Ponta Grossa,PR,2025,14635,244,354,598,4.0861,1.67,2.42,4.09,8795,60.1,3008,20.55,1279,8.74,955,6.53
4119954,Pontal do Paraná,PR,2025,786,20,19,39,4.9618,2.54,2.42,4.96,468,59.54,151,19.21,63,8.02,65,8.27
4120002,Porecatu,PR,2025,443,2,6,8,1.8059,0.45,1.35,1.8,302,68.17,79,17.83,38,8.58,16,3.61
4120101,Porto Amazonas,PR,2025,201,0,1,1,0.4975,0.0,0.5,0.5,117,58.21,49,24.38,20,9.95,14,6.97
4120150,Porto Barreiro,PR,2025,179,2,4,6,3.352,1.12,2.23,3.35,114,63.69,39,21.79,11,6.15,9,5.03
4120200,Porto Rico,PR,2025,208,3,2,5,2.4038,1.44,0.96,2.4,133,63.94,42,20.19,18,8.65,10,4.81
4120309,Porto Vitória,PR,2025,247,0,5,5,2.0243,0.0,2.02,2.02,152,61.54,53,21.46,25,10.12,12,4.86
4120333,Prado Ferreira,PR,2025,112,1,4,5,4.4643,0.89,3.57,4.46,73,65.18,17,15.18,9,8.04,8,7.14
4120358,Pranchita,PR,2025,293,3,5,8,2.7304,1.02,1.71,2.73,176,60.07,64,21.84,25,8.53,20,6.83
4120408,Presidente Castelo Branco,PR,2025,118,4,5,9,7.6271,3.39,4.24,7.63,62,52.54,35,29.66,7,5.93,5,4.24
4120507,Primeiro de Maio,PR,2025,188,9,3,12,6.383,4.79,1.6,6.39,97,51.6,31,16.49,21,11.17,27,14.36
4120606,Prudentópolis,PR,2025,2256,16,44,60,2.6596,0.71,1.95,2.66,1532,67.91,427,18.93,158,7.0,79,3.5
4120655,Quarto Centenário,PR,2025,211,2,5,7,3.3175,0.95,2.37,3.32,105,49.76,61,28.91,26,12.32,12,5.69
4120705,Quatiguá,PR,2025,359,5,8,13,3.6212,1.39,2.23,3.62,208,57.94,82,22.84,35,9.75,21,5.85
4120804,Quatro Barras,PR,2025,1060,7,22,29,2.7358,0.66,2.08,2.74,683,64.43,219,20.66,88,8.3,41,3.87
4120853,Quatro Pontes,PR,2025,262,3,4,7,2.6718,1.15,1.53,2.68,189,72.14,38,14.5,21,8.02,7,2.67
4120903,Quedas do Iguaçu,PR,2025,1713,21,34,55,3.2107,1.23,1.98,3.21,1071,62.52,375,21.89,149,8.7,63,3.68
4121000,Querência do Norte,PR,2025,448,8,10,18,4.0179,1.79,2.23,4.02,240,53.57,93,20.76,56,12.5,41,9.15
4121109,Quinta do Sol,PR,2025,237,1,6,7,2.9536,0.42,2.53,2.95,141,59.49,53,22.36,29,12.24,7,2.95
4121208,Quitandinha,PR,2025,998,8,13,21,2.1042,0.8,1.3,2.1,645,64.63,220,22.04,74,7.41,38,3.81
4121257,Ramilândia,PR,2025,157,1,1,2,1.2739,0.64,0.64,1.28,100,63.69,36,22.93,12,7.64,7,4.46
4121307,Rancho Alegre,PR,2025,139,1,2,3,2.1583,0.72,1.44,2.16,93,66.91,28,20.14,10,7.19,5,3.6
4121356,Rancho Alegre D'Oeste,PR,2025,137,0,0,0,0.0,0.0,0.0,0.0,82,59.85,38,27.74,12,8.76,5,3.65
4121406,Realeza,PR,2025,957,3,9,12,1.2539,0.31,0.94,1.25,559,58.41,265,27.69,79,8.25,42,4.39
4121505,Rebouças,PR,2025,877,5,11,16,1.8244,0.57,1.25,1.82,568,64.77,191,21.78,68,7.75,34,3.88
4121604,Renascença,PR,2025,363,4,10,14,3.8567,1.1,2.75,3.85,193,53.17,66,18.18,43,11.85,47,12.95
4121703,Reserva,PR,2025,1176,9,24,33,2.8061,0.77,2.04,2.81,709,60.29,258,21.94,93,7.91,83,7.06
4121752,Reserva do Iguaçu,PR,2025,354,2,6,8,2.2599,0.56,1.69,2.25,204,57.63,73,20.62,40,11.3,29,8.19
4121802,Ribeirão Claro,PR,2025,506,3,6,9,1.7787,0.59,1.19,1.78,313,61.86,104,20.55,44,8.7,36,7.11
4121901,Ribeirão do Pinhal,PR,2025,553,8,13,21,3.7975,1.45,2.35,3.8,343,62.03,112,20.25,44,7.96,33,5.97
4122008,Rio Azul,PR,2025,806,5,9,14,1.737,0.62,1.12,1.74,507,62.9,164,20.35,75,9.31,46,5.71
4122107,Rio Bom,PR,2025,167,3,1,4,2.3952,1.8,0.6,2.4,107,64.07,39,23.35,12,7.19,5,2.99
4122156,Rio Bonito do Iguaçu,PR,2025,927,30,33,63,6.7961,3.24,3.56,6.8,465,50.16,172,18.55,97,10.46,130,14.02
4122172,Rio Branco do Ivaí,PR,2025,207,5,3,8,3.8647,2.42,1.45,3.87,123,59.42,49,23.67,21,10.14,6,2.9
4122206,Rio Branco do Sul,PR,2025,1865,23,46,69,3.6997,1.23,2.47,3.7,1078,57.8,422,22.63,188,10.08,108,5.79
4122305,Rio Negro,PR,2025,1450,8,30,38,2.6207,0.55,2.07,2.62,894,61.66,329,22.69,119,8.21,70,4.83
4122404,Rolândia,PR,2025,3188,94,107,201,6.3049,2.95,3.36,6.31,2008,62.99,527,16.53,244,7.65,208,6.52
4122503,Roncador,PR,2025,558,6,10,16,2.8674,1.08,1.79,2.87,326,58.42,116,20.79,60,10.75,40,7.17
4122602,Rondon,PR,2025,420,4,13,17,4.0476,0.95,3.1,4.05,263,62.62,83,19.76,35,8.33,22,5.24
4122651,Rosário do Ivaí,PR,2025,280,2,7,9,3.2143,0.71,2.5,3.21,167,59.64,60,21.43,28,10.0,16,5.71
4122701,Sabáudia,PR,2025,489,6,8,14,2.863,1.23,1.64,2.87,292,59.71,109,22.29,45,9.2,29,5.93
4122800,Salgado Filho,PR,2025,59,0,2,2,3.3898,0.0,3.39,3.39,33,55.93,11,18.64,8,13.56,5,8.47
4122909,Salto do Itararé,PR,2025,170,3,0,3,1.7647,1.76,0.0,1.76,76,44.71,42,24.71,28,16.47,21,12.35
4123006,Salto do Lontra,PR,2025,690,7,15,22,3.1884,1.01,2.17,3.18,382,55.36,154,22.32,84,12.17,48,6.96
4123105,Santa Amélia,PR,2025,112,3,7,10,8.9286,2.68,6.25,8.93,71,63.39,19,16.96,11,9.82,1,0.89
4123204,Santa Cecília do Pavão,PR,2025,109,5,3,8,7.3394,4.59,2.75,7.34,73,66.97,18,16.51,4,3.67,6,5.5
4123303,Santa Cruz de Monte Castelo,PR,2025,378,6,5,11,2.9101,1.59,1.32,2.91,240,63.49,75,19.84,28,7.41,24,6.35
4123402,Santa Fé,PR,2025,464,0,7,7,1.5086,0.0,1.51,1.51,249,53.66,135,29.09,51,10.99,22,4.74
4123501,Santa Helena,PR,2025,1498,13,14,27,1.8024,0.87,0.93,1.8,881,58.81,376,25.1,141,9.41,73,4.87
4123600,Santa Inês,PR,2025,49,2,0,2,4.0816,4.08,0.0,4.08,28,57.14,9,18.37,4,8.16,6,12.24
4123709,Santa Isabel do Ivaí,PR,2025,409,1,9,10,2.445,0.24,2.2,2.44,250,61.12,83,20.29,36,8.8,30,7.33
4123808,Santa Izabel do Oeste,PR,2025,646,10,17,27,4.1796,1.55,2.63,4.18,425,65.79,117,18.11,42,6.5,35,5.42
4123824,Santa Lúcia,PR,2025,220,1,4,5,2.2727,0.45,1.82,2.27,151,68.64,36,16.36,15,6.82,13,5.91
4123857,Santa Maria do Oeste,PR,2025,670,49,20,69,10.2985,7.31,2.99,10.3,419,62.54,107,15.97,45,6.72,30,4.48
4123907,Santa Mariana,PR,2025,296,8,12,20,6.7568,2.7,4.05,6.75,175,59.12,53,17.91,30,10.14,18,6.08
4123956,Santa Mônica,PR,2025,185,2,2,4,2.1622,1.08,1.08,2.16,103,55.68,49,26.49,17,9.19,12,6.49
4124004,Santana do Itararé,PR,2025,274,2,7,9,3.2847,0.73,2.55,3.28,177,64.6,52,18.98,21,7.66,15,5.47
4124020,Santa Tereza do Oeste,PR,2025,849,5,15,20,2.3557,0.59,1.77,2.36,577,67.96,156,18.37,67,7.89,29,3.42
4124053,Santa Terezinha de Itaipu,PR,2025,1355,26,23,49,3.6162,1.92,1.7,3.62,842,62.14,262,19.34,115,8.49,87,6.42
4124103,Santo Antônio da Platina,PR,2025,1871,11,49,60,3.2068,0.59,2.62,3.21,1176,62.85,352,18.81,160,8.55,123,6.57
4124202,Santo Antônio do Caiuá,PR,2025,103,0,0,0,0.0,0.0,0.0,0.0,57,55.34,24,23.3,12,11.65,10,9.71
4124301,Santo Antônio do Paraíso,PR,2025,113,0,3,3,2.6549,0.0,2.65,2.65,78,69.03,25,22.12,6,5.31,1,0.88
4124400,Santo Antônio do Sudoeste,PR,2025,700,5,10,15,2.1429,0.71,1.43,2.14,344,49.14,159,22.71,102,14.57,80,11.43
4124509,Santo Inácio,PR,2025,387,3,4,7,1.8088,0.78,1.03,1.81,241,62.27,89,23.0,35,9.04,15,3.88
4124608,São Carlos do Ivaí,PR,2025,261,2,10,12,4.5977,0.77,3.83,4.6,168,64.37,55,21.07,9,3.45,17,6.51
4124707,São Jerônimo da Serra,PR,2025,530,3,14,17,3.2075,0.57,2.64,3.21,304,57.36,114,21.51,54,10.19,41,7.74
4124806,São João,PR,2025,680,5,8,13,1.9118,0.74,1.18,1.92,428,62.94,150,22.06,53,7.79,36,5.29
4124905,São João do Caiuá,PR,2025,315,3,8,11,3.4921,0.95,2.54,3.49,195,61.9,66,20.95,27,8.57,16,5.08
4125001,São João do Ivaí,PR,2025,422,11,19,30,7.109,2.61,4.5,7.11,261,61.85,69,16.35,36,8.53,26,6.16
4125100,São João do Triunfo,PR,2025,665,9,18,27,4.0602,1.35,2.71,4.06,408,61.35,142,21.35,53,7.97,35,5.26
4125209,São Jorge d'Oeste,PR,2025,487,6,11,17,3.4908,1.23,2.26,3.49,278,57.08,112,23.0,49,10.06,31,6.37
4125308,São Jorge do Ivaí,PR,2025,127,2,2,4,3.1496,1.57,1.57,3.14,70,55.12,25,19.69,18,14.17,10,7.87
4125357,São Jorge do Patrocínio,PR,2025,310,0,2,2,0.6452,0.0,0.65,0.65,186,60.0,84,27.1,23,7.42,15,4.84
4125407,São José da Boa Vista,PR,2025,241,3,7,10,4.1494,1.24,2.9,4.14,162,67.22,42,17.43,17,7.05,10,4.15
4125456,São José das Palmeiras,PR,2025,104,5,7,12,11.5385,4.81,6.73,11.54,65,62.5,15,14.42,7,6.73,5,4.81
4125506,São José dos Pinhais,PR,2025,12422,336,290,626,5.0394,2.7,2.33,5.03,7751,62.4,2401,19.33,1012,8.15,632,5.09
4125555,São Manoel do Paraná,PR,2025,94,0,1,1,1.0638,0.0,1.06,1.06,59,62.77,23,24.47,6,6.38,5,5.32
4125605,São Mateus do Sul,PR,2025,2346,22,36,58,2.4723,0.94,1.53,2.47,1466,62.49,536,22.85,184,7.84,102,4.35
4125704,São Miguel do Iguaçu,PR,2025,1228,16,23,39,3.1759,1.3,1.87,3.17,741,60.34,284,23.13,112,9.12,52,4.23
4125753,São Pedro do Iguaçu,PR,2025,251,5,4,9,3.5857,1.99,1.59,3.58,153,60.96,51,20.32,28,11.16,10,3.98
4125803,São Pedro do Ivaí,PR,2025,442,4,6,10,2.2624,0.9,1.36,2.26,209,47.29,125,28.28,53,11.99,45,10.18
4125902,São Pedro do Paraná,PR,2025,127,0,1,1,0.7874,0.0,0.79,0.79,87,68.5,25,19.69,10,7.87,4,3.15
4126009,São Sebastião da Amoreira,PR,2025,387,6,8,14,3.6176,1.55,2.07,3.62,253,65.37,65,16.8,31,8.01,24,6.2
4126108,São Tomé,PR,2025,110,2,5,7,6.3636,1.82,4.55,6.37,77,70.0,16,14.55,6,5.45,4,3.64
4126207,Sapopema,PR,2025,467,4,7,11,2.3555,0.86,1.5,2.36,274,58.67,104,22.27,59,12.63,19,4.07
4126256,Sarandi,PR,2025,1635,19,53,72,4.4037,1.16,3.24,4.4,1085,66.36,299,18.29,119,7.28,60,3.67
4126272,Saudade do Iguaçu,PR,2025,325,0,3,3,0.9231,0.0,0.92,0.92,203,62.46,77,23.69,29,8.92,13,4.0
4126306,Sengés,PR,2025,1137,8,23,31,2.7265,0.7,2.02,2.72,669,58.84,254,22.34,113,9.94,70,6.16
4126355,Serranópolis do Iguaçu,PR,2025,327,1,6,7,2.1407,0.31,1.83,2.14,217,66.36,62,18.96,27,8.26,14,4.28
4126405,Sertaneja,PR,2025,266,1,5,6,2.2556,0.38,1.88,2.26,134,50.38,68,25.56,32,12.03,26,9.77
4126504,Sertanópolis,PR,2025,441,13,8,21,4.7619,2.95,1.81,4.76,261,59.18,90,20.41,33,7.48,36,8.16
4126603,Siqueira Campos,PR,2025,962,6,19,25,2.5988,0.62,1.98,2.6,617,64.14,194,20.17,83,8.63,43,4.47
4126652,Sulina,PR,2025,194,4,4,8,4.1237,2.06,2.06,4.12,117,60.31,49,25.26,12,6.19,8,4.12
4126678,Tamarana,PR,2025,610,14,10,24,3.9344,2.3,1.64,3.94,416,68.2,100,16.39,39,6.39,31,5.08
4126702,Tamboara,PR,2025,284,2,6,8,2.8169,0.7,2.11,2.81,192,67.61,56,19.72,20,7.04,8,2.82
4126801,Tapejara,PR,2025,440,4,4,8,1.8182,0.91,0.91,1.82,266,60.45,95,21.59,44,10.0,27,6.14
4126900,Tapira,PR,2025,252,6,0,6,2.381,2.38,0.0,2.38,140,55.56,57,22.62,29,11.51,20,7.94
4127007,Teixeira Soares,PR,2025,480,5,10,15,3.125,1.04,2.08,3.12,278,57.92,114,23.75,43,8.96,30,6.25
4127106,Telêmaco Borba,PR,2025,2639,27,42,69,2.6146,1.02,1.59,2.61,1627,61.65,597,22.62,218,8.26,128,4.85
4127205,Terra Boa,PR,2025,976,6,8,14,1.4344,0.61,0.82,1.43,620,63.52,227,23.26,82,8.4,33,3.38
4127304,Terra Rica,PR,2025,683,3,6,9,1.3177,0.44,0.88,1.32,428,62.66,148,21.67,58,8.49,40,5.86
4127403,Terra Roxa,PR,2025,963,8,9,17,1.7653,0.83,0.93,1.76,624,64.8,208,21.6,77,8.0,37,3.84
4127502,Tibagi,PR,2025,1111,13,26,39,3.5104,1.17,2.34,3.51,747,67.24,233,20.97,53,4.77,39,3.51
4127601,Tijucas do Sul,PR,2025,1065,12,19,31,2.9108,1.13,1.78,2.91,669,62.82,246,23.1,79,7.42,40,3.76
4127700,Toledo,PR,2025,6437,46,105,151,2.3458,0.71,1.63,2.34,4400,68.35,1318,20.48,395,6.14,173,2.69
4127809,Tomazina,PR,2025,430,2,6,8,1.8605,0.47,1.4,1.87,290,67.44,82,19.07,34,7.91,16,3.72
4127858,Três Barras do Paraná,PR,2025,629,14,16,30,4.7695,2.23,2.54,4.77,398,63.28,117,18.6,45,7.15,39,6.2
4127882,Tunas do Paraná,PR,2025,332,12,6,18,5.4217,3.61,1.81,5.42,207,62.35,63,18.98,22,6.63,22,6.63
4127908,Tuneiras do Oeste,PR,2025,278,6,11,17,6.1151,2.16,3.96,6.12,184,66.19,49,17.63,21,7.55,7,2.52
4127957,Tupãssi,PR,2025,208,9,4,13,6.25,4.33,1.92,6.25,119,57.21,53,25.48,12,5.77,11,5.29
4127965,Turvo,PR,2025,792,13,17,30,3.7879,1.64,2.15,3.79,442,55.81,173,21.84,77,9.72,70,8.84
4128005,Ubiratã,PR,2025,1107,14,39,53,4.7877,1.26,3.52,4.78,677,61.16,213,19.24,98,8.85,66,5.96
4128104,Umuarama,PR,2025,4927,285,171,456,9.2551,5.78,3.47,9.25,2682,54.43,899,18.25,443,8.99,447,9.07
4128203,União da Vitória,PR,2025,2082,25,34,59,2.8338,1.2,1.63,2.83,1308,62.82,438,21.04,177,8.5,100,4.8
4128302,Uniflor,PR,2025,109,1,3,4,3.6697,0.92,2.75,3.67,62,56.88,25,22.94,8,7.34,10,9.17
4128401,Uraí,PR,2025,282,2,8,10,3.5461,0.71,2.84,3.55,181,64.18,47,16.67,32,11.35,12,4.26
4128500,Wenceslau Braz,PR,2025,909,10,12,22,2.4202,1.1,1.32,2.42,527,57.98,206,22.66,97,10.67,57,6.27
4128534,Ventania,PR,2025,447,6,5,11,2.4609,1.34,1.12,2.46,258,57.72,104,23.27,52,11.63,22,4.92
4128559,Vera Cruz do Oeste,PR,2025,345,5,12,17,4.9275,1.45,3.48,4.93,219,63.48,64,18.55,26,7.54,19,5.51
4128609,Verê,PR,2025,381,7,10,17,4.4619,1.84,2.62,4.46,239,62.73,61,16.01,30,7.87,34,8.92
4128625,Alto Paraíso,PR,2025,204,2,3,5,2.451,0.98,1.47,2.45,113,55.39,55,26.96,17,8.33,14,6.86
4128633,Doutor Ulysses,PR,2025,255,1,2,3,1.1765,0.39,0.78,1.17,160,62.75,50,19.61,29,11.37,13,5.1
4128658,Virmond,PR,2025,238,5,3,8,3.3613,2.1,1.26,3.36,118,49.58,68,28.57,29,12.18,15,6.3
4128708,Vitorino,PR,2025,627,2,4,6,0.9569,0.32,0.64,0.96,336,53.59,153,24.4,80,12.76,52,8.29
4128807,Xambrê,PR,2025,357,6,2,8,2.2409,1.68,0.56,2.24,224,62.75,74,20.73,29,8.12,22,6.16
4200051,Abdon Batista,SC,2025,130,4,4,8,6.1538,3.08,3.08,6.16,88,67.69,18,13.85,12,9.23,4,3.08
4200101,Abelardo Luz,SC,2025,1007,10,15,25,2.4826,0.99,1.49,2.48,590,58.59,222,22.05,106,10.53,64,6.36
4200200,Agrolândia,SC,2025,550,4,10,14,2.5455,0.73,1.82,2.55,306,55.64,141,25.64,62,11.27,27,4.91
4200309,Agronômica,SC,2025,336,0,4,4,1.1905,0.0,1.19,1.19,205,61.01,69,20.54,40,11.9,18,5.36
4200408,Água Doce,SC,2025,338,1,3,4,1.1834,0.3,0.89,1.19,243,71.89,66,19.53,15,4.44,10,2.96
4200507,Águas de Chapecó,SC,2025,316,7,10,17,5.3797,2.22,3.16,5.38,193,61.08,63,19.94,29,9.18,14,4.43
4200556,Águas Frias,SC,2025,179,0,0,0,0.0,0.0,0.0,0.0,115,64.25,44,24.58,14,7.82,6,3.35
4200606,Águas Mornas,SC,2025,371,0,2,2,0.5391,0.0,0.54,0.54,259,69.81,74,19.95,31,8.36,5,1.35
4200705,Alfredo Wagner,SC,2025,288,2,6,8,2.7778,0.69,2.08,2.77,176,61.11,64,22.22,23,7.99,17,5.9
4200754,Alto Bela Vista,SC,2025,19,0,0,0,0.0,0.0,0.0,0.0,13,68.42,6,31.58,0,0.0,0,0.0
4200804,Anchieta,SC,2025,190,0,6,6,3.1579,0.0,3.16,3.16,138,72.63,33,17.37,6,3.16,7,3.68
4200903,Angelina,SC,2025,89,3,2,5,5.618,3.37,2.25,5.62,53,59.55,17,19.1,5,5.62,9,10.11
4201000,Anita Garibaldi,SC,2025,460,7,12,19,4.1304,1.52,2.61,4.13,339,73.7,65,14.13,21,4.57,16,3.48
4201109,Anitápolis,SC,2025,219,3,1,4,1.8265,1.37,0.46,1.83,137,62.56,42,19.18,26,11.87,10,4.57
4201208,Antônio Carlos,SC,2025,477,2,2,4,0.8386,0.42,0.42,0.84,167,35.01,98,20.55,53,11.11,155,32.49
4201257,Apiúna,SC,2025,460,8,10,18,3.913,1.74,2.17,3.91,263,57.17,93,20.22,54,11.74,32,6.96
4201273,Arabutã,SC,2025,36,0,1,1,2.7778,0.0,2.78,2.78,23,63.89,9,25.0,2,5.56,1,2.78
4201307,Araquari,SC,2025,2593,23,48,71,2.7381,0.89,1.85,2.74,1646,63.48,530,20.44,230,8.87,116,4.47
4201406,Araranguá,SC,2025,2565,27,49,76,2.963,1.05,1.91,2.96,1618,63.08,533,20.78,231,9.01,107,4.17
4201505,Armazém,SC,2025,426,6,13,19,4.4601,1.41,3.05,4.46,186,43.66,92,21.6,74,17.37,55,12.91
4201604,Arroio Trinta,SC,2025,164,2,3,5,3.0488,1.22,1.83,3.05,104,63.41,36,21.95,10,6.1,9,5.49
4201653,Arvoredo,SC,2025,135,2,2,4,2.963,1.48,1.48,2.96,89,65.93,31,22.96,5,3.7,6,4.44
4201703,Ascurra,SC,2025,483,3,10,13,2.6915,0.62,2.07,2.69,262,54.24,102,21.12,59,12.22,47,9.73
4201802,Atalanta,SC,2025,195,1,3,4,2.0513,0.51,1.54,2.05,128,65.64,41,21.03,8,4.1,14,7.18
4201901,Aurora,SC,2025,424,1,2,3,0.7075,0.24,0.47,0.71,262,61.79,105,24.76,38,8.96,16,3.77
4201950,Balneário Arroio do Silva,SC,2025,950,21,19,40,4.2105,2.21,2.0,4.21,484,50.95,217,22.84,116,12.21,93,9.79
4202008,Balneário Camboriú,SC,2025,4503,28,66,94,2.0875,0.62,1.47,2.09,2740,60.85,1085,24.1,425,9.44,159,3.53
4202057,Balneário Barra do Sul,SC,2025,500,14,10,24,4.8,2.8,2.0,4.8,280,56.0,100,20.0,49,9.8,47,9.4
4202073,Balneário Gaivota,SC,2025,617,15,14,29,4.7002,2.43,2.27,4.7,363,58.83,105,17.02,68,11.02,52,8.43
4202081,Bandeirante,SC,2025,192,1,5,6,3.125,0.52,2.6,3.12,116,60.42,41,21.35,12,6.25,17,8.85
4202099,Barra Bonita,SC,2025,44,0,1,1,2.2727,0.0,2.27,2.27,20,45.45,12,27.27,7,15.91,4,9.09
4202107,Barra Velha,SC,2025,2391,19,32,51,2.133,0.79,1.34,2.13,1379,57.67,573,23.96,264,11.04,124,5.19
4202131,Bela Vista do Toldo,SC,2025,298,0,5,5,1.6779,0.0,1.68,1.68,181,60.74,55,18.46,37,12.42,20,6.71
4202156,Belmonte,SC,2025,156,0,3,3,1.9231,0.0,1.92,1.92,89,57.05,37,23.72,19,12.18,8,5.13
4202206,Benedito Novo,SC,2025,496,5,8,13,2.621,1.01,1.61,2.62,308,62.1,106,21.37,57,11.49,12,2.42
4202305,Biguaçu,SC,2025,3600,15,48,63,1.75,0.42,1.33,1.75,2310,64.17,780,21.67,307,8.53,140,3.89
4202404,Blumenau,SC,2025,14391,136,219,355,2.4668,0.95,1.52,2.47,8555,59.45,3073,21.35,1305,9.07,1103,7.66
4202438,Bocaina do Sul,SC,2025,155,5,3,8,5.1613,3.23,1.94,5.17,78,50.32,33,21.29,21,13.55,15,9.68
4202453,Bombinhas,SC,2025,1442,24,25,49,3.3981,1.66,1.73,3.39,853,59.15,329,22.82,141,9.78,70,4.85
4202503,Bom Jardim da Serra,SC,2025,205,2,5,7,3.4146,0.98,2.44,3.42,115,56.1,49,23.9,27,13.17,7,3.41
4202537,Bom Jesus,SC,2025,172,3,5,8,4.6512,1.74,2.91,4.65,101,58.72,28,16.28,18,10.47,17,9.88
4202578,Bom Jesus do Oeste,SC,2025,105,1,1,2,1.9048,0.95,0.95,1.9,59,56.19,24,22.86,11,10.48,9,8.57
4202602,Bom Retiro,SC,2025,496,3,5,8,1.6129,0.6,1.01,1.61,309,62.3,115,23.19,42,8.47,22,4.44
4202701,Botuverá,SC,2025,284,4,2,6,2.1127,1.41,0.7,2.11,193,67.96,57,20.07,20,7.04,8,2.82
4202800,Braço do Norte,SC,2025,2415,35,46,81,3.354,1.45,1.9,3.35,1383,57.27,557,23.06,248,10.27,146,6.05
4202859,Braço do Trombudo,SC,2025,217,0,1,1,0.4608,0.0,0.46,0.46,132,60.83,55,25.35,22,10.14,7,3.23
4202875,Brunópolis,SC,2025,167,2,6,8,4.7904,1.2,3.59,4.79,102,61.08,32,19.16,18,10.78,7,4.19
4202909,Brusque,SC,2025,2828,29,47,76,2.6874,1.03,1.66,2.69,1826,64.57,545,19.27,255,9.02,126,4.46
4203006,Caçador,SC,2025,3447,19,57,76,2.2048,0.55,1.65,2.2,2343,67.97,671,19.47,237,6.88,120,3.48
4203105,Caibi,SC,2025,364,11,13,24,6.5934,3.02,3.57,6.59,208,57.14,72,19.78,35,9.62,25,6.87
4203154,Calmon,SC,2025,270,2,8,10,3.7037,0.74,2.96,3.7,190,70.37,42,15.56,17,6.3,11,4.07
4203204,Camboriú,SC,2025,5089,82,90,172,3.3798,1.61,1.77,3.38,3090,60.72,1102,21.65,449,8.82,276,5.42
4203253,Capão Alto,SC,2025,127,0,3,3,2.3622,0.0,2.36,2.36,76,59.84,24,18.9,15,11.81,9,7.09
4203303,Campo Alegre,SC,2025,668,5,11,16,2.3952,0.75,1.65,2.4,438,65.57,146,21.86,44,6.59,24,3.59
4203402,Campo Belo do Sul,SC,2025,330,4,7,11,3.3333,1.21,2.12,3.33,222,67.27,64,19.39,23,6.97,10,3.03
4203501,Campo Erê,SC,2025,583,4,12,16,2.7444,0.69,2.06,2.75,367,62.95,136,23.33,43,7.38,21,3.6
4203600,Campos Novos,SC,2025,868,13,24,37,4.2627,1.5,2.76,4.26,562,64.75,159,18.32,70,8.06,40,4.61
4203709,Canelinha,SC,2025,792,19,21,40,5.0505,2.4,2.65,5.05,427,53.91,170,21.46,101,12.75,54,6.82
4203808,Canoinhas,SC,2025,2014,18,32,50,2.4826,0.89,1.59,2.48,1326,65.84,392,19.46,157,7.8,89,4.42
4203907,Capinzal,SC,2025,782,6,14,20,2.5575,0.77,1.79,2.56,485,62.02,169,21.61,72,9.21,36,4.6
4203956,Capivari de Baixo,SC,2025,1046,23,18,41,3.9197,2.2,1.72,3.92,633,60.52,207,19.79,97,9.27,68,6.5
4204004,Catanduvas,SC,2025,416,10,7,17,4.0865,2.4,1.68,4.08,265,63.7,71,17.07,26,6.25,37,8.89
4204103,Caxambu do Sul,SC,2025,261,2,7,9,3.4483,0.77,2.68,3.45,170,65.13,49,18.77,18,6.9,15,5.75
4204152,Celso Ramos,SC,2025,187,1,6,7,3.7433,0.53,3.21,3.74,121,64.71,33,17.65,18,9.63,8,4.28
4204178,Cerro Negro,SC,2025,206,0,2,2,0.9709,0.0,0.97,0.97,143,69.42,40,19.42,16,7.77,5,2.43
4204194,Chapadão do Lageado,SC,2025,166,2,4,6,3.6145,1.2,2.41,3.61,122,73.49,18,10.84,14,8.43,6,3.61
4204202,Chapecó,SC,2025,10201,68,209,277,2.7154,0.67,2.05,2.72,6682,65.5,2109,20.67,775,7.6,358,3.51
4204251,Cocal do Sul,SC,2025,702,16,17,33,4.7009,2.28,2.42,4.7,386,54.99,152,21.65,77,10.97,54,7.69
4204301,Concórdia,SC,2025,2951,17,38,55,1.8638,0.58,1.29,1.87,1832,62.08,680,23.04,252,8.54,132,4.47
4204350,Cordilheira Alta,SC,2025,297,3,9,12,4.0404,1.01,3.03,4.04,202,68.01,54,18.18,13,4.38,16,5.39
4204400,Coronel Freitas,SC,2025,210,14,10,24,11.4286,6.67,4.76,11.43,111,52.86,42,20.0,23,10.95,10,4.76
4204459,Coronel Martins,SC,2025,56,2,1,3,5.3571,3.57,1.79,5.36,24,42.86,9,16.07,8,14.29,12,21.43
4204509,Corupá,SC,2025,666,4,8,12,1.8018,0.6,1.2,1.8,429,64.41,140,21.02,58,8.71,27,4.05
4204558,Correia Pinto,SC,2025,780,8,10,18,2.3077,1.03,1.28,2.31,513,65.77,133,17.05,78,10.0,38,4.87
4204608,Criciúma,SC,2025,8248,106,190,296,3.5887,1.29,2.3,3.59,5004,60.67,1841,22.32,752,9.12,355,4.3
4204707,Cunha Porã,SC,2025,587,7,8,15,2.5554,1.19,1.36,2.55,344,58.6,131,22.32,55,9.37,42,7.16
4204756,Cunhataí,SC,2025,84,1,1,2,2.381,1.19,1.19,2.38,58,69.05,21,25.0,2,2.38,1,1.19
4204806,Curitibanos,SC,2025,1943,27,41,68,3.4997,1.39,2.11,3.5,1263,65.0,369,18.99,142,7.31,101,5.2
4204905,Descanso,SC,2025,425,3,7,10,2.3529,0.71,1.65,2.36,272,64.0,87,20.47,35,8.24,21,4.94
4205001,Dionísio Cerqueira,SC,2025,726,6,9,15,2.0661,0.83,1.24,2.07,486,66.94,151,20.8,52,7.16,22,3.03
4205100,Dona Emma,SC,2025,292,0,2,2,0.6849,0.0,0.68,0.68,177,60.62,65,22.26,24,8.22,24,8.22
4205159,Doutor Pedrinho,SC,2025,186,3,4,7,3.7634,1.61,2.15,3.76,126,67.74,33,17.74,18,9.68,2,1.08
4205175,Entre Rios,SC,2025,251,3,2,5,1.992,1.2,0.8,2.0,158,62.95,53,21.12,22,8.76,13,5.18
4205191,Ermo,SC,2025,169,3,8,11,6.5089,1.78,4.73,6.51,103,60.95,32,18.93,15,8.88,8,4.73
4205209,Erval Velho,SC,2025,265,7,9,16,6.0377,2.64,3.4,6.04,167,63.02,44,16.6,15,5.66,23,8.68
4205308,Faxinal dos Guedes,SC,2025,707,4,13,17,2.4045,0.57,1.84,2.41,477,67.47,126,17.82,51,7.21,36,5.09
4205357,Flor do Sertão,SC,2025,119,2,3,5,4.2017,1.68,2.52,4.2,77,64.71,26,21.85,9,7.56,2,1.68
4205407,Florianópolis,SC,2025,10807,137,182,319,2.9518,1.27,1.68,2.95,6793,62.86,2302,21.3,899,8.32,494,4.57
4205431,Formosa do Sul,SC,2025,166,1,3,4,2.4096,0.6,1.81,2.41,108,65.06,34,20.48,9,5.42,11,6.63
4205456,Forquilhinha,SC,2025,2306,49,41,90,3.9029,2.12,1.78,3.9,1325,57.46,471,20.42,247,10.71,173,7.5
4205506,Fraiburgo,SC,2025,1885,20,29,49,2.5995,1.06,1.54,2.6,1183,62.76,426,22.6,158,8.38,69,3.66
4205555,Frei Rogério,SC,2025,114,1,2,3,2.6316,0.88,1.75,2.63,90,78.95,10,8.77,10,8.77,1,0.88
4205605,Galvão,SC,2025,133,0,4,4,3.0075,0.0,3.01,3.01,98,73.68,15,11.28,10,7.52,6,4.51
4205704,Garopaba,SC,2025,1312,13,22,35,2.6677,0.99,1.68,2.67,857,65.32,283,21.57,88,6.71,49,3.73
4205803,Garuva,SC,2025,915,6,14,20,2.1858,0.66,1.53,2.19,549,60.0,199,21.75,98,10.71,49,5.36
4205902,Gaspar,SC,2025,2986,27,55,82,2.7461,0.9,1.84,2.74,1931,64.67,600,20.09,252,8.44,121,4.05
4206009,Governador Celso Ramos,SC,2025,795,11,13,24,3.0189,1.38,1.64,3.02,388,48.81,169,21.26,103,12.96,111,13.96
4206108,Grão-Pará,SC,2025,415,5,6,11,2.6506,1.2,1.45,2.65,264,63.61,85,20.48,30,7.23,25,6.02
4206207,Gravatal,SC,2025,456,13,16,29,6.3596,2.85,3.51,6.36,258,56.58,96,21.05,52,11.4,21,4.61
4206306,Guabiruba,SC,2025,683,7,9,16,2.3426,1.02,1.32,2.34,414,60.61,168,24.6,57,8.35,28,4.1
4206405,Guaraciaba,SC,2025,452,3,10,13,2.8761,0.66,2.21,2.87,303,67.04,86,19.03,32,7.08,18,3.98
4206504,Guaramirim,SC,2025,2464,7,30,37,1.5016,0.28,1.22,1.5,1592,64.61,541,21.96,214,8.69,80,3.25
4206603,Guarujá do Sul,SC,2025,218,11,5,16,7.3394,5.05,2.29,7.34,141,64.68,36,16.51,17,7.8,8,3.67
4206652,Guatambú,SC,2025,560,5,13,18,3.2143,0.89,2.32,3.21,356,63.57,114,20.36,54,9.64,18,3.21
4206702,Herval d'Oeste,SC,2025,1070,4,19,23,2.1495,0.37,1.78,2.15,676,63.18,230,21.5,98,9.16,43,4.02
4206751,Ibiam,SC,2025,108,3,1,4,3.7037,2.78,0.93,3.71,60,55.56,20,18.52,15,13.89,9,8.33
4206801,Ibicaré,SC,2025,191,0,2,2,1.0471,0.0,1.05,1.05,106,55.5,45,23.56,18,9.42,20,10.47
4206900,Ibirama,SC,2025,826,8,14,22,2.6634,0.97,1.69,2.66,510,61.74,183,22.15,74,8.96,37,4.48
4207007,Içara,SC,2025,2948,42,66,108,3.6635,1.42,2.24,3.66,1774,60.18,654,22.18,259,8.79,153,5.19
4207106,Ilhota,SC,2025,716,7,13,20,2.7933,0.98,1.82,2.8,362,50.56,196,27.37,83,11.59,55,7.68
4207205,Imaruí,SC,2025,375,9,12,21,5.6,2.4,3.2,5.6,208,55.47,81,21.6,47,12.53,18,4.8
4207304,Imbituba,SC,2025,1201,24,37,61,5.0791,2.0,3.08,5.08,748,62.28,243,20.23,93,7.74,56,4.66
4207403,Imbuia,SC,2025,319,3,4,7,2.1944,0.94,1.25,2.19,179,56.11,87,27.27,28,8.78,18,5.64
4207502,Indaial,SC,2025,3639,24,41,65,1.7862,0.66,1.13,1.79,2262,62.16,860,23.63,309,8.49,143,3.93
4207577,Iomerê,SC,2025,161,2,2,4,2.4845,1.24,1.24,2.48,109,67.7,34,21.12,7,4.35,7,4.35
4207601,Ipira,SC,2025,130,0,1,1,0.7692,0.0,0.77,0.77,79,60.77,35,26.92,9,6.92,6,4.62
4207650,Iporã do Oeste,SC,2025,310,0,7,7,2.2581,0.0,2.26,2.26,212,68.39,55,17.74,24,7.74,12,3.87
4207684,Ipuaçu,SC,2025,357,8,11,19,5.3221,2.24,3.08,5.32,203,56.86,81,22.69,31,8.68,23,6.44
4207700,Ipumirim,SC,2025,275,1,2,3,1.0909,0.36,0.73,1.09,154,56.0,81,29.45,19,6.91,18,6.55
4207759,Iraceminha,SC,2025,211,0,2,2,0.9479,0.0,0.95,0.95,144,68.25,47,22.27,14,6.64,4,1.9
4207809,Irani,SC,2025,167,6,6,12,7.1856,3.59,3.59,7.18,96,57.49,37,22.16,10,5.99,12,7.19
4207858,Irati,SC,2025,122,2,3,5,4.0984,1.64,2.46,4.1,84,68.85,25,20.49,5,4.1,3,2.46
4207908,Irineópolis,SC,2025,650,7,12,19,2.9231,1.08,1.85,2.93,391,60.15,144,22.15,53,8.15,43,6.62
4208005,Itá,SC,2025,422,5,11,16,3.7915,1.18,2.61,3.79,244,57.82,104,24.64,49,11.61,9,2.13
4208104,Itaiópolis,SC,2025,1162,4,22,26,2.2375,0.34,1.89,2.23,790,67.99,212,18.24,84,7.23,50,4.3
4208203,Itajaí,SC,2025,3753,51,82,133,3.5438,1.36,2.18,3.54,2463,65.63,729,19.42,282,7.51,146,3.89
4208302,Itapema,SC,2025,3609,15,59,74,2.0504,0.42,1.63,2.05,2205,61.1,820,22.72,317,8.78,193,5.35
4208401,Itapiranga,SC,2025,863,5,7,12,1.3905,0.58,0.81,1.39,467,54.11,170,19.7,90,10.43,124,14.37
4208450,Itapoá,SC,2025,1338,27,34,61,4.559,2.02,2.54,4.56,801,59.87,266,19.88,131,9.79,79,5.9
4208500,Ituporanga,SC,2025,882,8,4,12,1.3605,0.91,0.45,1.36,530,60.09,200,22.68,91,10.32,49,5.56
4208609,Jaborá,SC,2025,285,1,5,6,2.1053,0.35,1.75,2.1,210,73.68,46,16.14,9,3.16,14,4.91
4208708,Jacinto Machado,SC,2025,436,3,6,9,2.0642,0.69,1.38,2.07,274,62.84,87,19.95,46,10.55,20,4.59
4208807,Jaguaruna,SC,2025,1070,21,24,45,4.2056,1.96,2.24,4.2,605,56.54,216,20.19,108,10.09,96,8.97
4208906,Jaraguá do Sul,SC,2025,6892,47,87,134,1.9443,0.68,1.26,1.94,4348,63.09,1578,22.9,578,8.39,254,3.69
4208955,Jardinópolis,SC,2025,72,1,1,2,2.7778,1.39,1.39,2.78,56,77.78,7,9.72,2,2.78,5,6.94
4209003,Joaçaba,SC,2025,1022,9,15,24,2.3483,0.88,1.47,2.35,568,55.58,221,21.62,115,11.25,94,9.2
4209102,Joinville,SC,2025,20764,141,352,493,2.3743,0.68,1.7,2.38,13625,65.62,4327,20.84,1583,7.62,736,3.54
4209151,José Boiteux,SC,2025,350,9,11,20,5.7143,2.57,3.14,5.71,216,61.71,72,20.57,26,7.43,16,4.57
4209177,Jupiá,SC,2025,116,4,0,4,3.4483,3.45,0.0,3.45,56,48.28,20,17.24,10,8.62,26,22.41
4209201,Lacerdópolis,SC,2025,112,0,3,3,2.6786,0.0,2.68,2.68,71,63.39,24,21.43,9,8.04,5,4.46
4209300,Lages,SC,2025,2516,66,86,152,6.0413,2.62,3.42,6.04,1553,61.72,431,17.13,194,7.71,186,7.39
4209409,Laguna,SC,2025,1006,18,25,43,4.2744,1.79,2.49,4.28,591,58.75,195,19.38,107,10.64,70,6.96
4209458,Lajeado Grande,SC,2025,114,0,1,1,0.8772,0.0,0.88,0.88,55,48.25,22,19.3,17,14.91,19,16.67
4209508,Laurentino,SC,2025,287,1,1,2,0.6969,0.35,0.35,0.7,169,58.89,78,27.18,29,10.1,9,3.14
4209607,Lauro Müller,SC,2025,708,10,11,21,2.9661,1.41,1.55,2.96,449,63.42,136,19.21,56,7.91,46,6.5
4209706,Lebon Régis,SC,2025,637,4,14,18,2.8257,0.63,2.2,2.83,431,67.66,115,18.05,43,6.75,30,4.71
4209805,Leoberto Leal,SC,2025,181,1,2,3,1.6575,0.55,1.1,1.65,131,72.38,37,20.44,5,2.76,5,2.76
4209854,Lindóia do Sul,SC,2025,203,3,9,12,5.9113,1.48,4.43,5.91,140,68.97,36,17.73,14,6.9,1,0.49
4209904,Lontras,SC,2025,586,1,6,7,1.1945,0.17,1.02,1.19,395,67.41,116,19.8,55,9.39,13,2.22
4210001,Luiz Alves,SC,2025,894,20,17,37,4.1387,2.24,1.9,4.14,512,57.27,220,24.61,80,8.95,45,5.03
4210035,Luzerna,SC,2025,315,1,5,6,1.9048,0.32,1.59,1.91,201,63.81,77,24.44,22,6.98,9,2.86
4210050,Macieira,SC,2025,111,0,0,0,0.0,0.0,0.0,0.0,67,60.36,27,24.32,11,9.91,6,5.41
4210100,Mafra,SC,2025,2339,20,38,58,2.4797,0.86,1.62,2.48,1469,62.8,529,22.62,189,8.08,94,4.02
4210209,Major Gercino,SC,2025,152,2,3,5,3.2895,1.32,1.97,3.29,88,57.89,40,26.32,13,8.55,6,3.95
4210308,Major Vieira,SC,2025,442,3,11,14,3.1674,0.68,2.49,3.17,278,62.9,88,19.91,41,9.28,21,4.75
4210407,Maracajá,SC,2025,285,8,6,14,4.9123,2.81,2.11,4.92,158,55.44,60,21.05,27,9.47,26,9.12
4210506,Maravilha,SC,2025,1440,7,24,31,2.1528,0.49,1.67,2.16,916,63.61,301,20.9,133,9.24,59,4.1
4210555,Marema,SC,2025,108,2,7,9,8.3333,1.85,6.48,8.33,65,60.19,16,14.81,12,11.11,6,5.56
4210605,Massaranduba,SC,2025,751,6,8,14,1.8642,0.8,1.07,1.87,452,60.19,171,22.77,57,7.59,57,7.59
4210704,Matos Costa,SC,2025,178,3,7,10,5.618,1.69,3.93,5.62,113,63.48,41,23.03,9,5.06,5,2.81
4210803,Meleiro,SC,2025,198,1,4,5,2.5253,0.51,2.02,2.53,117,59.09,42,21.21,27,13.64,7,3.54
4210852,Mirim Doce,SC,2025,144,3,4,7,4.8611,2.08,2.78,4.86,97,67.36,25,17.36,10,6.94,5,3.47
4210902,Modelo,SC,2025,244,1,1,2,0.8197,0.41,0.41,0.82,150,61.48,58,23.77,25,10.25,9,3.69
4211009,Mondaí,SC,2025,462,3,4,7,1.5152,0.65,0.87,1.52,339,73.38,75,16.23,27,5.84,14,3.03
4211058,Monte Carlo,SC,2025,545,4,11,15,2.7523,0.73,2.02,2.75,374,68.62,94,17.25,41,7.52,21,3.85
4211108,Monte Castelo,SC,2025,399,13,11,24,6.015,3.26,2.76,6.02,241,60.4,69,17.29,37,9.27,28,7.02
4211207,Morro da Fumaça,SC,2025,959,21,22,43,4.4838,2.19,2.29,4.48,521,54.33,231,24.09,122,12.72,42,4.38
4211256,Morro Grande,SC,2025,116,2,4,6,5.1724,1.72,3.45,5.17,76,65.52,20,17.24,9,7.76,5,4.31
4211306,Navegantes,SC,2025,5571,57,90,147,2.6387,1.02,1.62,2.64,3290,59.06,1302,23.37,546,9.8,286,5.13
4211405,Nova Erechim,SC,2025,371,3,3,6,1.6173,0.81,0.81,1.62,221,59.57,77,20.75,40,10.78,27,7.28
4211454,Nova Itaberaba,SC,2025,255,4,0,4,1.5686,1.57,0.0,1.57,137,53.73,61,23.92,29,11.37,24,9.41
4211504,Nova Trento,SC,2025,578,3,14,17,2.9412,0.52,2.42,2.94,366,63.32,128,22.15,43,7.44,24,4.15
4211603,Nova Veneza,SC,2025,744,6,14,20,2.6882,0.81,1.88,2.69,445,59.81,154,20.7,85,11.42,40,5.38
4211652,Novo Horizonte,SC,2025,114,1,2,3,2.6316,0.88,1.75,2.63,85,74.56,10,8.77,10,8.77,6,5.26
4211702,Orleans,SC,2025,722,11,14,25,3.4626,1.52,1.94,3.46,448,62.05,141,19.53,79,10.94,29,4.02
4211751,Otacílio Costa,SC,2025,713,1,7,8,1.122,0.14,0.98,1.12,456,63.96,169,23.7,55,7.71,25,3.51
4211801,Ouro,SC,2025,339,3,5,8,2.3599,0.88,1.47,2.35,217,64.01,68,20.06,28,8.26,18,5.31
4211850,Ouro Verde,SC,2025,152,0,5,5,3.2895,0.0,3.29,3.29,88,57.89,27,17.76,18,11.84,14,9.21
4211876,Paial,SC,2025,68,0,0,0,0.0,0.0,0.0,0.0,34,50.0,14,20.59,8,11.76,12,17.65
4211892,Painel,SC,2025,140,2,1,3,2.1429,1.43,0.71,2.14,88,62.86,33,23.57,12,8.57,4,2.86
4211900,Palhoça,SC,2025,3936,49,90,139,3.5315,1.24,2.29,3.53,2518,63.97,828,21.04,289,7.34,162,4.12
4212007,Palma Sola,SC,2025,440,4,3,7,1.5909,0.91,0.68,1.59,307,69.77,89,20.23,25,5.68,12,2.73
4212056,Palmeira,SC,2025,180,20,6,26,14.4444,11.11,3.33,14.44,104,57.78,38,21.11,8,4.44,4,2.22
4212106,Palmitos,SC,2025,467,3,6,9,1.9272,0.64,1.28,1.92,311,66.6,94,20.13,31,6.64,22,4.71
4212205,Papanduva,SC,2025,925,5,19,24,2.5946,0.54,2.05,2.59,612,66.16,180,19.46,60,6.49,49,5.3
4212239,Paraíso,SC,2025,165,5,5,10,6.0606,3.03,3.03,6.06,112,67.88,28,16.97,10,6.06,5,3.03
4212254,Passo de Torres,SC,2025,275,4,5,9,3.2727,1.45,1.82,3.27,110,40.0,46,16.73,37,13.45,73,26.55
4212270,Passos Maia,SC,2025,274,2,4,6,2.1898,0.73,1.46,2.19,194,70.8,44,16.06,16,5.84,14,5.11
4212304,Paulo Lopes,SC,2025,555,4,3,7,1.2613,0.72,0.54,1.26,286,51.53,126,22.7,75,13.51,61,10.99
4212403,Pedras Grandes,SC,2025,207,2,4,6,2.8986,0.97,1.93,2.9,127,61.35,45,21.74,21,10.14,8,3.86
4212502,Penha,SC,2025,2000,30,52,82,4.1,1.5,2.6,4.1,1190,59.5,435,21.75,197,9.85,96,4.8
4212601,Peritiba,SC,2025,196,1,5,6,3.0612,0.51,2.55,3.06,131,66.84,47,23.98,9,4.59,3,1.53
4212650,Pescaria Brava,SC,2025,416,2,5,7,1.6827,0.48,1.2,1.68,241,57.93,93,22.36,40,9.62,35,8.41
4212700,Petrolândia,SC,2025,379,3,7,10,2.6385,0.79,1.85,2.64,203,53.56,102,26.91,40,10.55,24,6.33
4212809,Balneário Piçarras,SC,2025,2211,97,53,150,6.7843,4.39,2.4,6.79,1261,57.03,496,22.43,211,9.54,93,4.21
4212908,Pinhalzinho,SC,2025,1248,16,20,36,2.8846,1.28,1.6,2.88,828,66.35,275,22.04,86,6.89,23,1.84
4213005,Pinheiro Preto,SC,2025,239,1,5,6,2.5105,0.42,2.09,2.51,129,53.97,57,23.85,22,9.21,25,10.46
4213104,Piratuba,SC,2025,26,0,2,2,7.6923,0.0,7.69,7.69,18,69.23,2,7.69,4,15.38,0,0.0
4213153,Planalto Alegre,SC,2025,120,0,4,4,3.3333,0.0,3.33,3.33,67,55.83,34,28.33,12,10.0,3,2.5
4213203,Pomerode,SC,2025,1219,3,18,21,1.7227,0.25,1.48,1.73,832,68.25,254,20.84,76,6.23,36,2.95
4213302,Ponte Alta,SC,2025,276,1,3,4,1.4493,0.36,1.09,1.45,182,65.94,54,19.57,24,8.7,12,4.35
4213351,Ponte Alta do Norte,SC,2025,234,2,7,9,3.8462,0.85,2.99,3.84,169,72.22,34,14.53,14,5.98,8,3.42
4213401,Ponte Serrada,SC,2025,658,8,17,25,3.7994,1.22,2.58,3.8,351,53.34,133,20.21,75,11.4,74,11.25
4213500,Porto Belo,SC,2025,1655,24,24,48,2.9003,1.45,1.45,2.9,963,58.19,390,23.56,174,10.51,80,4.83
4213609,Porto União,SC,2025,1348,13,30,43,3.1899,0.96,2.23,3.19,818,60.68,325,24.11,112,8.31,50,3.71
4213708,Pouso Redondo,SC,2025,798,5,15,20,2.5063,0.63,1.88,2.51,472,59.15,167,20.93,85,10.65,54,6.77
4213807,Praia Grande,SC,2025,182,6,11,17,9.3407,3.3,6.04,9.34,87,47.8,30,16.48,21,11.54,27,14.84
4213906,Presidente Castello Branco,SC,2025,96,2,6,8,8.3333,2.08,6.25,8.33,60,62.5,22,22.92,4,4.17,2,2.08
4214003,Presidente Getúlio,SC,2025,942,11,16,27,2.8662,1.17,1.7,2.87,630,66.88,185,19.64,69,7.32,31,3.29
4214102,Presidente Nereu,SC,2025,126,0,1,1,0.7937,0.0,0.79,0.79,88,69.84,21,16.67,12,9.52,4,3.17
4214151,Princesa,SC,2025,151,1,3,4,2.649,0.66,1.99,2.65,86,56.95,37,24.5,15,9.93,9,5.96
4214201,Quilombo,SC,2025,458,6,5,11,2.4017,1.31,1.09,2.4,275,60.04,97,21.18,39,8.52,36,7.86
4214300,Rancho Queimado,SC,2025,127,4,4,8,6.2992,3.15,3.15,6.3,77,60.63,29,22.83,10,7.87,3,2.36
4214409,Rio das Antas,SC,2025,113,1,5,6,5.3097,0.88,4.42,5.3,82,72.57,20,17.7,4,3.54,1,0.88
4214508,Rio do Campo,SC,2025,362,1,2,3,0.8287,0.28,0.55,0.83,213,58.84,88,24.31,33,9.12,25,6.91
4214607,Rio do Oeste,SC,2025,394,8,5,13,3.2995,2.03,1.27,3.3,259,65.74,77,19.54,31,7.87,14,3.55
4214706,Rio dos Cedros,SC,2025,429,2,6,8,1.8648,0.47,1.4,1.87,299,69.7,74,17.25,31,7.23,17,3.96
4214805,Rio do Sul,SC,2025,2116,14,33,47,2.2212,0.66,1.56,2.22,1363,64.41,469,22.16,174,8.22,63,2.98
4214904,Rio Fortuna,SC,2025,283,1,3,4,1.4134,0.35,1.06,1.41,178,62.9,72,25.44,22,7.77,7,2.47
4215000,Rio Negrinho,SC,2025,1976,10,22,32,1.6194,0.51,1.11,1.62,1350,68.32,395,19.99,139,7.03,60,3.04
4215059,Rio Rufino,SC,2025,65,3,3,6,9.2308,4.62,4.62,9.24,36,55.38,15,23.08,4,6.15,4,6.15
4215075,Riqueza,SC,2025,276,2,5,7,2.5362,0.72,1.81,2.53,197,71.38,50,18.12,16,5.8,6,2.17
4215109,Rodeio,SC,2025,600,4,13,17,2.8333,0.67,2.17,2.84,380,63.33,143,23.83,43,7.17,17,2.83
4215208,Romelândia,SC,2025,214,3,2,5,2.3364,1.4,0.93,2.33,118,55.14,45,21.03,24,11.21,22,10.28
4215307,Salete,SC,2025,405,4,10,14,3.4568,0.99,2.47,3.46,271,66.91,72,17.78,30,7.41,18,4.44
4215356,Saltinho,SC,2025,242,0,3,3,1.2397,0.0,1.24,1.24,160,66.12,58,23.97,15,6.2,6,2.48
4215406,Salto Veloso,SC,2025,253,1,2,3,1.1858,0.4,0.79,1.19,155,61.26,63,24.9,23,9.09,9,3.56
4215455,Sangão,SC,2025,877,9,20,29,3.3067,1.03,2.28,3.31,506,57.7,212,24.17,86,9.81,44,5.02
4215505,Santa Cecília,SC,2025,455,7,9,16,3.5165,1.54,1.98,3.52,293,64.4,74,16.26,41,9.01,31,6.81
4215554,Santa Helena,SC,2025,118,0,0,0,0.0,0.0,0.0,0.0,73,61.86,24,20.34,13,11.02,8,6.78
4215604,Santa Rosa de Lima,SC,2025,142,2,1,3,2.1127,1.41,0.7,2.11,92,64.79,28,19.72,15,10.56,4,2.82
4215653,Santa Rosa do Sul,SC,2025,647,5,16,21,3.2457,0.77,2.47,3.24,365,56.41,135,20.87,73,11.28,53,8.19
4215679,Santa Terezinha,SC,2025,233,5,8,13,5.5794,2.15,3.43,5.58,133,57.08,54,23.18,19,8.15,14,6.01
4215687,Santa Terezinha do Progresso,SC,2025,148,1,1,2,1.3514,0.68,0.68,1.36,102,68.92,28,18.92,14,9.46,2,1.35
4215695,Santiago do Sul,SC,2025,70,2,1,3,4.2857,2.86,1.43,4.29,49,70.0,10,14.29,5,7.14,3,4.29
4215703,Santo Amaro da Imperatriz,SC,2025,1314,12,27,39,2.968,0.91,2.05,2.96,822,62.56,293,22.3,93,7.08,67,5.1
4215752,São Bernardino,SC,2025,180,1,3,4,2.2222,0.56,1.67,2.23,128,71.11,34,18.89,9,5.0,5,2.78
4215802,São Bento do Sul,SC,2025,3472,27,59,86,2.477,0.78,1.7,2.48,2098,60.43,780,22.47,351,10.11,157,4.52
4215901,São Bonifácio,SC,2025,175,1,2,3,1.7143,0.57,1.14,1.71,113,64.57,23,13.14,23,13.14,13,7.43
4216008,São Carlos,SC,2025,489,4,13,17,3.4765,0.82,2.66,3.48,295,60.33,109,22.29,49,10.02,19,3.89
4216057,São Cristóvão do Sul,SC,2025,331,2,1,3,0.9063,0.6,0.3,0.9,209,63.14,81,24.47,30,9.06,8,2.42
4216107,São Domingos,SC,2025,260,2,4,6,2.3077,0.77,1.54,2.31,169,65.0,46,17.69,22,8.46,17,6.54
4216206,São Francisco do Sul,SC,2025,1677,19,41,60,3.5778,1.13,2.44,3.57,1080,64.4,350,20.87,113,6.74,74,4.41
4216255,São João do Oeste,SC,2025,256,1,3,4,1.5625,0.39,1.17,1.56,181,70.7,45,17.58,17,6.64,9,3.52
4216305,São João Batista,SC,2025,1561,22,31,53,3.3953,1.41,1.99,3.4,966,61.88,319,20.44,134,8.58,89,5.7
4216354,São João do Itaperiú,SC,2025,416,8,7,15,3.6058,1.92,1.68,3.6,237,56.97,102,24.52,33,7.93,29,6.97
4216404,São João do Sul,SC,2025,404,3,6,9,2.2277,0.74,1.49,2.23,268,66.34,91,22.52,26,6.44,10,2.48
4216503,São Joaquim,SC,2025,808,5,15,20,2.4752,0.62,1.86,2.48,506,62.62,163,20.17,73,9.03,46,5.69
4216602,São José,SC,2025,10545,75,162,237,2.2475,0.71,1.54,2.25,6742,63.94,2277,21.59,871,8.26,418,3.96
4216701,São José do Cedro,SC,2025,600,4,2,6,1.0,0.67,0.33,1.0,394,65.67,127,21.17,48,8.0,25,4.17
4216800,São José do Cerrito,SC,2025,388,4,7,11,2.8351,1.03,1.8,2.83,175,45.1,53,13.66,46,11.86,103,26.55
4216909,São Lourenço do Oeste,SC,2025,895,6,18,24,2.6816,0.67,2.01,2.68,548,61.23,180,20.11,84,9.39,59,6.59
4217006,São Ludgero,SC,2025,1041,13,20,33,3.17,1.25,1.92,3.17,568,54.56,265,25.46,99,9.51,76,7.3
4217105,São Martinho,SC,2025,219,0,4,4,1.8265,0.0,1.83,1.83,134,61.19,57,26.03,16,7.31,8,3.65
4217154,São Miguel da Boa Vista,SC,2025,123,3,2,5,4.065,2.44,1.63,4.07,76,61.79,31,25.2,8,6.5,3,2.44
4217204,São Miguel do Oeste,SC,2025,1839,19,45,64,3.4802,1.03,2.45,3.48,1168,63.51,387,21.04,148,8.05,72,3.92
4217253,São Pedro de Alcântara,SC,2025,176,0,2,2,1.1364,0.0,1.14,1.14,99,56.25,40,22.73,19,10.8,16,9.09
4217303,Saudades,SC,2025,620,2,6,8,1.2903,0.32,0.97,1.29,378,60.97,145,23.39,67,10.81,22,3.55
4217402,Schroeder,SC,2025,868,10,4,14,1.6129,1.15,0.46,1.61,522,60.14,204,23.5,84,9.68,44,5.07
4217501,Seara,SC,2025,871,4,20,24,2.7555,0.46,2.3,2.76,651,74.74,130,14.93,41,4.71,25,2.87
4217550,Serra Alta,SC,2025,225,0,4,4,1.7778,0.0,1.78,1.78,161,71.56,42,18.67,17,7.56,1,0.44
4217600,Siderópolis,SC,2025,571,7,13,20,3.5026,1.23,2.28,3.51,348,60.95,129,22.59,50,8.76,24,4.2
4217709,Sombrio,SC,2025,1530,12,24,36,2.3529,0.78,1.57,2.35,861,56.27,402,26.27,154,10.07,77,5.03
4217758,Sul Brasil,SC,2025,165,3,3,6,3.6364,1.82,1.82,3.64,118,71.52,25,15.15,8,4.85,8,4.85
4217808,Taió,SC,2025,712,11,17,28,3.9326,1.54,2.39,3.93,437,61.38,154,21.63,63,8.85,30,4.21
4217907,Tangará,SC,2025,364,6,3,9,2.4725,1.65,0.82,2.47,238,65.38,78,21.43,24,6.59,15,4.12
4217956,Tigrinhos,SC,2025,132,2,7,9,6.8182,1.52,5.3,6.82,79,59.85,28,21.21,10,7.58,6,4.55
4218004,Tijucas,SC,2025,2328,20,41,61,2.6203,0.86,1.76,2.62,1421,61.04,497,21.35,229,9.84,120,5.15
4218103,Timbé do Sul,SC,2025,61,1,1,2,3.2787,1.64,1.64,3.28,27,44.26,12,19.67,12,19.67,8,13.11
4218202,Timbó,SC,2025,1636,20,32,52,3.1785,1.22,1.96,3.18,1037,63.39,329,20.11,150,9.17,68,4.16
4218251,Timbó Grande,SC,2025,478,10,15,25,5.2301,2.09,3.14,5.23,295,61.72,68,14.23,53,11.09,37,7.74
4218301,Três Barras,SC,2025,979,14,24,38,3.8815,1.43,2.45,3.88,553,56.49,240,24.51,111,11.34,37,3.78
4218350,Treviso,SC,2025,199,3,3,6,3.0151,1.51,1.51,3.02,131,65.83,35,17.59,17,8.54,10,5.03
4218400,Treze de Maio,SC,2025,458,6,11,17,3.7118,1.31,2.4,3.71,251,54.8,117,25.55,50,10.92,23,5.02
4218509,Treze Tílias,SC,2025,336,3,5,8,2.381,0.89,1.49,2.38,211,62.8,76,22.62,22,6.55,19,5.65
4218608,Trombudo Central,SC,2025,393,3,10,13,3.3079,0.76,2.54,3.3,256,65.14,83,21.12,24,6.11,17,4.33
4218707,Tubarão,SC,2025,3017,33,53,86,2.8505,1.09,1.76,2.85,1879,62.28,643,21.31,259,8.58,150,4.97
4218756,Tunápolis,SC,2025,303,2,5,7,2.3102,0.66,1.65,2.31,166,54.79,83,27.39,32,10.56,15,4.95
4218806,Turvo,SC,2025,283,4,7,11,3.8869,1.41,2.47,3.88,146,51.59,66,23.32,29,10.25,31,10.95
4218855,União do Oeste,SC,2025,132,1,1,2,1.5152,0.76,0.76,1.52,78,59.09,37,28.03,9,6.82,6,4.55
4218905,Urubici,SC,2025,637,7,11,18,2.8257,1.1,1.73,2.83,410,64.36,127,19.94,58,9.11,24,3.77
4218954,Urupema,SC,2025,110,3,3,6,5.4545,2.73,2.73,5.46,65,59.09,15,13.64,14,12.73,10,9.09
4219002,Urussanga,SC,2025,894,13,17,30,3.3557,1.45,1.9,3.35,542,60.63,161,18.01,98,10.96,63,7.05
4219101,Vargeão,SC,2025,258,2,3,5,1.938,0.78,1.16,1.94,138,53.49,42,16.28,35,13.57,38,14.73
4219150,Vargem,SC,2025,161,1,3,4,2.4845,0.62,1.86,2.48,109,67.7,29,18.01,13,8.07,6,3.73
4219176,Vargem Bonita,SC,2025,207,3,9,12,5.7971,1.45,4.35,5.8,136,65.7,28,13.53,15,7.25,16,7.73
4219200,Vidal Ramos,SC,2025,119,4,2,6,5.042,3.36,1.68,5.04,54,45.38,31,26.05,15,12.61,13,10.92
4219309,Videira,SC,2025,1434,19,25,44,3.0683,1.32,1.74,3.06,805,56.14,360,25.1,143,9.97,82,5.72
4219358,Vitor Meireles,SC,2025,320,4,3,7,2.1875,1.25,0.94,2.19,194,60.63,80,25.0,26,8.13,13,4.06
4219408,Witmarsum,SC,2025,236,3,4,7,2.9661,1.27,1.69,2.96,133,56.36,53,22.46,23,9.75,20,8.47
4219507,Xanxerê,SC,2025,1313,13,25,38,2.8941,0.99,1.9,2.89,833,63.44,276,21.02,117,8.91,49,3.73
4219606,Xavantina,SC,2025,161,4,7,11,6.8323,2.48,4.35,6.83,94,58.39,38,23.6,11,6.83,7,4.35
4219705,Xaxim,SC,2025,1666,9,19,28,1.6807,0.54,1.14,1.68,1112,66.75,353,21.19,119,7.14,54,3.24
4219853,Zortéa,SC,2025,266,0,2,2,0.7519,0.0,0.75,0.75,190,71.43,47,17.67,17,6.39,10,3.76
4220000,Balneário Rincão,SC,2025,886,54,32,86,9.7065,6.09,3.61,9.7,482,54.4,147,16.59,82,9.26,89,10.05
4300034,Aceguá,RS,2025,198,0,1,1,0.5051,0.0,0.51,0.51,102,51.52,62,31.31,26,13.13,7,3.54
4300059,Água Santa,RS,2025,145,1,2,3,2.069,0.69,1.38,2.07,94,64.83,28,19.31,13,8.97,7,4.83
4300109,Agudo,RS,2025,360,3,12,15,4.1667,0.83,3.33,4.16,201,55.83,79,21.94,32,8.89,33,9.17
4300208,Ajuricaba,RS,2025,203,2,6,8,3.9409,0.99,2.96,3.95,133,65.52,36,17.73,20,9.85,6,2.96
4300307,Alecrim,RS,2025,214,2,8,10,4.6729,0.93,3.74,4.67,134,62.62,42,19.63,18,8.41,10,4.67
4300406,Alegrete,RS,2025,2064,6,23,29,1.405,0.29,1.11,1.4,1222,59.21,481,23.3,212,10.27,120,5.81
4300455,Alegria,RS,2025,111,2,3,5,4.5045,1.8,2.7,4.5,59,53.15,25,22.52,17,15.32,5,4.5
4300471,Almirante Tamandaré do Sul,RS,2025,120,0,2,2,1.6667,0.0,1.67,1.67,92,76.67,16,13.33,6,5.0,4,3.33
4300505,Alpestre,RS,2025,246,6,5,11,4.4715,2.44,2.03,4.47,155,63.01,44,17.89,23,9.35,13,5.28
4300554,Alto Alegre,RS,2025,47,0,0,0,0.0,0.0,0.0,0.0,30,63.83,10,21.28,5,10.64,2,4.26
4300570,Alto Feliz,RS,2025,88,4,4,8,9.0909,4.55,4.55,9.1,48,54.55,12,13.64,8,9.09,12,13.64
4300604,Alvorada,RS,2025,6021,52,102,154,2.5577,0.86,1.69,2.55,3494,58.03,1435,23.83,609,10.11,329,5.46
4300638,Amaral Ferrador,RS,2025,172,5,8,13,7.5581,2.91,4.65,7.56,102,59.3,33,19.19,16,9.3,8,4.65
4300646,Ametista do Sul,RS,2025,350,5,8,13,3.7143,1.43,2.29,3.72,215,61.43,65,18.57,26,7.43,31,8.86
4300661,André da Rocha,RS,2025,50,0,1,1,2.0,0.0,2.0,2.0,36,72.0,7,14.0,2,4.0,4,8.0
4300703,Anta Gorda,RS,2025,147,0,1,1,0.6803,0.0,0.68,0.68,83,56.46,33,22.45,22,14.97,8,5.44
4300802,Antônio Prado,RS,2025,225,1,5,6,2.6667,0.44,2.22,2.66,140,62.22,55,24.44,20,8.89,4,1.78
4300851,Arambaré,RS,2025,170,0,2,2,1.1765,0.0,1.18,1.18,93,54.71,31,18.24,27,15.88,17,10.0
4300877,Araricá,RS,2025,563,1,2,3,0.5329,0.18,0.36,0.54,322,57.19,144,25.58,65,11.55,29,5.15
4300901,Aratiba,RS,2025,46,1,1,2,4.3478,2.17,2.17,4.34,24,52.17,11,23.91,6,13.04,3,6.52
4301008,Arroio do Meio,RS,2025,955,2,10,12,1.2565,0.21,1.05,1.26,596,62.41,233,24.4,86,9.01,28,2.93
4301057,Arroio do Sal,RS,2025,489,5,8,13,2.6585,1.02,1.64,2.66,334,68.3,79,16.16,40,8.18,23,4.7
4301073,Arroio do Padre,RS,2025,99,1,0,1,1.0101,1.01,0.0,1.01,65,65.66,20,20.2,9,9.09,4,4.04
4301107,Arroio dos Ratos,RS,2025,465,3,4,7,1.5054,0.65,0.86,1.51,287,61.72,103,22.15,43,9.25,25,5.38
4301206,Arroio do Tigre,RS,2025,300,5,11,16,5.3333,1.67,3.67,5.34,193,64.33,42,14.0,29,9.67,20,6.67
4301305,Arroio Grande,RS,2025,761,17,21,38,4.9934,2.23,2.76,4.99,387,50.85,172,22.6,92,12.09,72,9.46
4301404,Arvorezinha,RS,2025,479,5,5,10,2.0877,1.04,1.04,2.08,270,56.37,114,23.8,53,11.06,32,6.68
4301503,Augusto Pestana,RS,2025,277,11,14,25,9.0253,3.97,5.05,9.02,147,53.07,67,24.19,25,9.03,13,4.69
4301552,Áurea,RS,2025,145,0,2,2,1.3793,0.0,1.38,1.38,86,59.31,36,24.83,15,10.34,6,4.14
4301602,Bagé,RS,2025,3001,48,61,109,3.6321,1.6,2.03,3.63,1641,54.68,688,22.93,328,10.93,235,7.83
4301636,Balneário Pinhal,RS,2025,254,2,3,5,1.9685,0.79,1.18,1.97,127,50.0,55,21.65,36,14.17,31,12.2
4301651,Barão,RS,2025,51,0,0,0,0.0,0.0,0.0,0.0,28,54.9,11,21.57,4,7.84,8,15.69
4301701,Barão de Cotegipe,RS,2025,309,5,7,12,3.8835,1.62,2.27,3.89,230,74.43,42,13.59,16,5.18,9,2.91
4301750,Barão do Triunfo,RS,2025,216,0,2,2,0.9259,0.0,0.93,0.93,138,63.89,54,25.0,18,8.33,4,1.85
4301800,Barracão,RS,2025,193,3,0,3,1.5544,1.55,0.0,1.55,113,58.55,46,23.83,20,10.36,11,5.7
4301859,Barra do Guarita,RS,2025,209,0,5,5,2.3923,0.0,2.39,2.39,138,66.03,39,18.66,22,10.53,5,2.39
4301875,Barra do Quaraí,RS,2025,204,5,7,12,5.8824,2.45,3.43,5.88,128,62.75,44,21.57,9,4.41,11,5.39
4301909,Barra do Ribeiro,RS,2025,338,13,3,16,4.7337,3.85,0.89,4.74,184,54.44,86,25.44,33,9.76,19,5.62
4301925,Barra do Rio Azul,RS,2025,25,1,1,2,8.0,4.0,4.0,8.0,20,80.0,2,8.0,1,4.0,0,0.0
4301958,Barra Funda,RS,2025,114,0,1,1,0.8772,0.0,0.88,0.88,82,71.93,20,17.54,6,5.26,5,4.39
4302006,Barros Cassal,RS,2025,392,5,10,15,3.8265,1.28,2.55,3.83,216,55.1,83,21.17,39,9.95,39,9.95
4302055,Benjamin Constant do Sul,RS,2025,175,4,2,6,3.4286,2.29,1.14,3.43,94,53.71,42,24.0,28,16.0,5,2.86
4302105,Bento Gonçalves,RS,2025,3363,21,28,49,1.457,0.62,0.83,1.45,1930,57.39,884,26.29,343,10.2,157,4.67
4302154,Boa Vista das Missões,RS,2025,145,1,1,2,1.3793,0.69,0.69,1.38,90,62.07,29,20.0,16,11.03,8,5.52
4302204,Boa Vista do Buricá,RS,2025,387,3,3,6,1.5504,0.78,0.78,1.56,216,55.81,99,25.58,43,11.11,23,5.94
4302220,Boa Vista do Cadeado,RS,2025,105,1,3,4,3.8095,0.95,2.86,3.81,72,68.57,13,12.38,7,6.67,9,8.57
4302238,Boa Vista do Incra,RS,2025,89,0,1,1,1.1236,0.0,1.12,1.12,57,64.04,20,22.47,5,5.62,6,6.74
4302253,Boa Vista do Sul,RS,2025,76,0,0,0,0.0,0.0,0.0,0.0,38,50.0,24,31.58,9,11.84,5,6.58
4302303,Bom Jesus,RS,2025,838,16,21,37,4.4153,1.91,2.51,4.42,565,67.42,146,17.42,62,7.4,28,3.34
4302352,Bom Princípio,RS,2025,714,2,10,12,1.6807,0.28,1.4,1.68,399,55.88,185,25.91,74,10.36,44,6.16
4302378,Bom Progresso,RS,2025,80,2,1,3,3.75,2.5,1.25,3.75,52,65.0,15,18.75,6,7.5,4,5.0
4302402,Bom Retiro do Sul,RS,2025,671,0,11,11,1.6393,0.0,1.64,1.64,410,61.1,153,22.8,55,8.2,42,6.26
4302451,Boqueirão do Leão,RS,2025,180,1,5,6,3.3333,0.56,2.78,3.34,107,59.44,36,20.0,18,10.0,13,7.22
4302501,Bossoroca,RS,2025,297,4,5,9,3.0303,1.35,1.68,3.03,189,63.64,50,16.84,26,8.75,23,7.74
4302584,Bozano,RS,2025,64,1,1,2,3.125,1.56,1.56,3.12,40,62.5,12,18.75,7,10.94,3,4.69
4302600,Braga,RS,2025,145,1,2,3,2.069,0.69,1.38,2.07,105,72.41,19,13.1,11,7.59,7,4.83
4302659,Brochier,RS,2025,217,1,1,2,0.9217,0.46,0.46,0.92,136,62.67,56,25.81,19,8.76,4,1.84
4302709,Butiá,RS,2025,556,17,7,24,4.3165,3.06,1.26,4.32,267,48.02,120,21.58,70,12.59,75,13.49
4302808,Caçapava do Sul,RS,2025,1027,7,14,21,2.0448,0.68,1.36,2.04,519,50.54,219,21.32,113,11.0,155,15.09
4302907,Cacequi,RS,2025,392,16,12,28,7.1429,4.08,3.06,7.14,165,42.09,73,18.62,38,9.69,88,22.45
4303004,Cachoeira do Sul,RS,2025,1867,18,28,46,2.4638,0.96,1.5,2.46,1044,55.92,412,22.07,205,10.98,160,8.57
4303103,Cachoeirinha,RS,2025,3069,24,63,87,2.8348,0.78,2.05,2.83,1867,60.83,667,21.73,291,9.48,157,5.12
4303202,Cacique Doble,RS,2025,243,7,11,18,7.4074,2.88,4.53,7.41,147,60.49,54,22.22,15,6.17,9,3.7
4303301,Caibaté,RS,2025,192,1,2,3,1.5625,0.52,1.04,1.56,136,70.83,32,16.67,12,6.25,9,4.69
4303400,Caiçara,RS,2025,237,1,2,3,1.2658,0.42,0.84,1.26,152,64.14,51,21.52,18,7.59,13,5.49
4303509,Camaquã,RS,2025,1883,22,26,48,2.5491,1.17,1.38,2.55,877,46.57,425,22.57,238,12.64,295,15.67
4303558,Camargo,RS,2025,106,0,2,2,1.8868,0.0,1.89,1.89,58,54.72,25,23.58,13,12.26,8,7.55
4303608,Cambará do Sul,RS,2025,225,5,5,10,4.4444,2.22,2.22,4.44,116,51.56,44,19.56,26,11.56,29,12.89
4303673,Campestre da Serra,RS,2025,139,1,2,3,2.1583,0.72,1.44,2.16,88,63.31,30,21.58,15,10.79,3,2.16
4303707,Campina das Missões,RS,2025,132,2,5,7,5.303,1.52,3.79,5.31,77,58.33,28,21.21,14,10.61,6,4.55
4303806,Campinas do Sul,RS,2025,164,2,3,5,3.0488,1.22,1.83,3.05,90,54.88,34,20.73,22,13.41,13,7.93
4303905,Campo Bom,RS,2025,799,0,11,11,1.3767,0.0,1.38,1.38,531,66.46,170,21.28,60,7.51,27,3.38
4304002,Campo Novo,RS,2025,286,5,8,13,4.5455,1.75,2.8,4.55,174,60.84,59,20.63,22,7.69,18,6.29
4304101,Campos Borges,RS,2025,95,1,2,3,3.1579,1.05,2.11,3.16,42,44.21,23,24.21,11,11.58,16,16.84
4304200,Candelária,RS,2025,1163,5,20,25,2.1496,0.43,1.72,2.15,713,61.31,263,22.61,104,8.94,58,4.99
4304309,Cândido Godói,RS,2025,171,1,2,3,1.7544,0.58,1.17,1.75,140,81.87,17,9.94,7,4.09,4,2.34
4304358,Candiota,RS,2025,348,3,10,13,3.7356,0.86,2.87,3.73,204,58.62,85,24.43,30,8.62,16,4.6
4304408,Canela,RS,2025,2112,24,27,51,2.4148,1.14,1.28,2.42,1238,58.62,480,22.73,233,11.03,110,5.21
4304507,Canguçu,RS,2025,1754,16,28,44,2.5086,0.91,1.6,2.51,1079,61.52,365,20.81,165,9.41,101,5.76
4304606,Canoas,RS,2025,9871,82,163,245,2.482,0.83,1.65,2.48,5882,59.59,2230,22.59,999,10.12,515,5.22
4304614,Canudos do Vale,RS,2025,52,2,1,3,5.7692,3.85,1.92,5.77,28,53.85,9,17.31,7,13.46,5,9.62
4304622,Capão Bonito do Sul,RS,2025,102,1,2,3,2.9412,0.98,1.96,2.94,44,43.14,28,27.45,15,14.71,12,11.76
4304630,Capão da Canoa,RS,2025,1486,37,18,55,3.7012,2.49,1.21,3.7,741,49.87,352,23.69,191,12.85,147,9.89
4304655,Capão do Cipó,RS,2025,153,1,2,3,1.9608,0.65,1.31,1.96,88,57.52,34,22.22,18,11.76,10,6.54
4304663,Capão do Leão,RS,2025,1073,4,11,15,1.3979,0.37,1.03,1.4,590,54.99,247,23.02,150,13.98,71,6.62
4304671,Capivari do Sul,RS,2025,156,0,2,2,1.2821,0.0,1.28,1.28,94,60.26,41,26.28,5,3.21,14,8.97
4304689,Capela de Santana,RS,2025,360,2,2,4,1.1111,0.56,0.56,1.12,185,51.39,97,26.94,45,12.5,29,8.06
4304697,Capitão,RS,2025,136,0,1,1,0.7353,0.0,0.74,0.74,77,56.62,31,22.79,22,16.18,5,3.68
4304705,Carazinho,RS,2025,2108,17,33,50,2.3719,0.81,1.57,2.38,1019,48.34,400,18.98,222,10.53,417,19.78
4304713,Caraá,RS,2025,274,2,4,6,2.1898,0.73,1.46,2.19,168,61.31,64,23.36,27,9.85,9,3.28
4304804,Carlos Barbosa,RS,2025,93,0,1,1,1.0753,0.0,1.08,1.08,61,65.59,16,17.2,10,10.75,5,5.38
4304853,Carlos Gomes,RS,2025,54,0,0,0,0.0,0.0,0.0,0.0,32,59.26,10,18.52,9,16.67,3,5.56
4304903,Casca,RS,2025,362,5,10,15,4.1436,1.38,2.76,4.14,216,59.67,77,21.27,31,8.56,23,6.35
4304952,Caseiros,RS,2025,149,0,2,2,1.3423,0.0,1.34,1.34,103,69.13,25,16.78,13,8.72,6,4.03
4305009,Catuípe,RS,2025,302,3,3,6,1.9868,0.99,0.99,1.98,185,61.26,61,20.2,31,10.26,19,6.29
4305108,Caxias do Sul,RS,2025,7970,105,168,273,3.4253,1.32,2.11,3.43,4905,61.54,1739,21.82,701,8.8,352,4.42
4305116,Centenário,RS,2025,99,3,13,16,16.1616,3.03,13.13,16.16,53,53.54,13,13.13,5,5.05,12,12.12
4305124,Cerrito,RS,2025,180,0,1,1,0.5556,0.0,0.56,0.56,101,56.11,52,28.89,14,7.78,12,6.67
4305132,Cerro Branco,RS,2025,115,0,7,7,6.087,0.0,6.09,6.09,73,63.48,18,15.65,12,10.43,5,4.35
4305157,Cerro Grande,RS,2025,129,0,1,1,0.7752,0.0,0.78,0.78,87,67.44,24,18.6,10,7.75,7,5.43
4305173,Cerro Grande do Sul,RS,2025,390,4,2,6,1.5385,1.03,0.51,1.54,237,60.77,90,23.08,36,9.23,21,5.38
4305207,Cerro Largo,RS,2025,320,6,7,13,4.0625,1.88,2.19,4.07,185,57.81,58,18.13,30,9.38,34,10.63
4305306,Chapada,RS,2025,335,5,10,15,4.4776,1.49,2.99,4.48,197,58.81,79,23.58,28,8.36,16,4.78
4305355,Charqueadas,RS,2025,865,8,20,28,3.237,0.92,2.31,3.23,487,56.3,199,23.01,97,11.21,54,6.24
4305371,Charrua,RS,2025,148,4,0,4,2.7027,2.7,0.0,2.7,81,54.73,42,28.38,16,10.81,5,3.38
4305405,Chiapetta,RS,2025,157,1,1,2,1.2739,0.64,0.64,1.28,99,63.06,31,19.75,14,8.92,11,7.01
4305439,Chuí,RS,2025,184,3,3,6,3.2609,1.63,1.63,3.26,104,56.52,42,22.83,22,11.96,10,5.43
4305447,Chuvisca,RS,2025,204,0,8,8,3.9216,0.0,3.92,3.92,141,69.12,40,19.61,10,4.9,5,2.45
4305454,Cidreira,RS,2025,263,12,6,18,6.8441,4.56,2.28,6.84,132,50.19,49,18.63,38,14.45,26,9.89
4305504,Ciríaco,RS,2025,126,4,4,8,6.3492,3.17,3.17,6.34,77,61.11,22,17.46,15,11.9,4,3.17
4305587,Colinas,RS,2025,99,1,1,2,2.0202,1.01,1.01,2.02,60,60.61,27,27.27,8,8.08,2,2.02
4305603,Colorado,RS,2025,144,2,0,2,1.3889,1.39,0.0,1.39,90,62.5,24,16.67,10,6.94,18,12.5
4305702,Condor,RS,2025,240,7,1,8,3.3333,2.92,0.42,3.34,169,70.42,36,15.0,19,7.92,8,3.33
4305801,Constantina,RS,2025,391,10,8,18,4.6036,2.56,2.05,4.61,178,45.52,85,21.74,56,14.32,54,13.81
4305835,Coqueiro Baixo,RS,2025,43,0,0,0,0.0,0.0,0.0,0.0,23,53.49,12,27.91,4,9.3,4,9.3
4305850,Coqueiros do Sul,RS,2025,91,0,0,0,0.0,0.0,0.0,0.0,61,67.03,19,20.88,7,7.69,4,4.4
4305871,Coronel Barros,RS,2025,81,1,4,5,6.1728,1.23,4.94,6.17,52,64.2,13,16.05,8,9.88,3,3.7
4305900,Coronel Bicaco,RS,2025,283,2,9,11,3.8869,0.71,3.18,3.89,175,61.84,57,20.14,28,9.89,12,4.24
4305934,Coronel Pilar,RS,2025,46,0,0,0,0.0,0.0,0.0,0.0,36,78.26,8,17.39,2,4.35,0,0.0
4305959,Cotiporã,RS,2025,125,3,2,5,4.0,2.4,1.6,4.0,87,69.6,19,15.2,10,8.0,4,3.2
4305975,Coxilha,RS,2025,137,4,2,6,4.3796,2.92,1.46,4.38,83,60.58,35,25.55,5,3.65,8,5.84
4306007,Crissiumal,RS,2025,354,4,14,18,5.0847,1.13,3.95,5.08,248,70.06,52,14.69,21,5.93,15,4.24
4306056,Cristal,RS,2025,274,0,6,6,2.1898,0.0,2.19,2.19,162,59.12,57,20.8,32,11.68,17,6.2
4306072,Cristal do Sul,RS,2025,155,6,9,15,9.6774,3.87,5.81,9.68,85,54.84,30,19.35,16,10.32,9,5.81
4306106,Cruz Alta,RS,2025,2400,62,55,117,4.875,2.58,2.29,4.87,1210,50.42,431,17.96,246,10.25,396,16.5
4306130,Cruzaltense,RS,2025,68,1,1,2,2.9412,1.47,1.47,2.94,41,60.29,13,19.12,6,8.82,6,8.82
4306205,Cruzeiro do Sul,RS,2025,324,0,4,4,1.2346,0.0,1.23,1.23,177,54.63,79,24.38,48,14.81,16,4.94
4306304,David Canabarro,RS,2025,162,3,5,8,4.9383,1.85,3.09,4.94,101,62.35,37,22.84,8,4.94,8,4.94
4306320,Derrubadas,RS,2025,162,1,0,1,0.6173,0.62,0.0,0.62,104,64.2,37,22.84,10,6.17,10,6.17
4306353,Dezesseis de Novembro,RS,2025,94,0,1,1,1.0638,0.0,1.06,1.06,56,59.57,16,17.02,9,9.57,12,12.77
4306379,Dilermando de Aguiar,RS,2025,96,2,1,3,3.125,2.08,1.04,3.12,55,57.29,24,25.0,5,5.21,9,9.38
4306403,Dois Irmãos,RS,2025,1069,6,23,29,2.7128,0.56,2.15,2.71,648,60.62,269,25.16,88,8.23,35,3.27
4306429,Dois Irmãos das Missões,RS,2025,113,0,3,3,2.6549,0.0,2.65,2.65,69,61.06,24,21.24,12,10.62,5,4.42
4306452,Dois Lajeados,RS,2025,126,0,2,2,1.5873,0.0,1.59,1.59,76,60.32,30,23.81,10,7.94,8,6.35
4306502,Dom Feliciano,RS,2025,320,1,2,3,0.9375,0.31,0.63,0.94,184,57.5,83,25.94,33,10.31,17,5.31
4306551,Dom Pedro de Alcântara,RS,2025,134,1,5,6,4.4776,0.75,3.73,4.48,104,77.61,15,11.19,5,3.73,4,2.99
4306601,Dom Pedrito,RS,2025,1119,3,21,24,2.1448,0.27,1.88,2.15,645,57.64,259,23.15,125,11.17,66,5.9
4306700,Dona Francisca,RS,2025,128,2,1,3,2.3438,1.56,0.78,2.34,79,61.72,27,21.09,10,7.81,9,7.03
4306734,Doutor Maurício Cardoso,RS,2025,142,1,3,4,2.8169,0.7,2.11,2.81,76,53.52,36,25.35,12,8.45,14,9.86
4306759,Doutor Ricardo,RS,2025,73,1,0,1,1.3699,1.37,0.0,1.37,42,57.53,16,21.92,8,10.96,6,8.22
4306767,Eldorado do Sul,RS,2025,1219,20,20,40,3.2814,1.64,1.64,3.28,703,57.67,273,22.4,117,9.6,86,7.05
4306809,Encantado,RS,2025,715,8,10,18,2.5175,1.12,1.4,2.52,419,58.6,173,24.2,70,9.79,35,4.9
4306908,Encruzilhada do Sul,RS,2025,684,14,14,28,4.0936,2.05,2.05,4.1,367,53.65,138,20.18,72,10.53,79,11.55
4306924,Engenho Velho,RS,2025,100,0,1,1,1.0,0.0,1.0,1.0,53,53.0,26,26.0,10,10.0,10,10.0
4306932,Entre-Ijuís,RS,2025,127,0,4,4,3.1496,0.0,3.15,3.15,78,61.42,16,12.6,11,8.66,18,14.17
4306957,Entre Rios do Sul,RS,2025,109,0,2,2,1.8349,0.0,1.83,1.83,70,64.22,26,23.85,7,6.42,4,3.67
4306973,Erebango,RS,2025,142,1,4,5,3.5211,0.7,2.82,3.52,85,59.86,27,19.01,13,9.15,12,8.45
4307005,Erechim,RS,2025,613,5,12,17,2.7732,0.82,1.96,2.78,401,65.42,125,20.39,45,7.34,25,4.08
4307054,Ernestina,RS,2025,115,1,4,5,4.3478,0.87,3.48,4.35,72,62.61,24,20.87,8,6.96,6,5.22
4307104,Herval,RS,2025,223,2,5,7,3.139,0.9,2.24,3.14,127,56.95,47,21.08,21,9.42,21,9.42
4307203,Erval Grande,RS,2025,245,1,6,7,2.8571,0.41,2.45,2.86,166,67.76,42,17.14,18,7.35,12,4.9
4307302,Erval Seco,RS,2025,354,2,7,9,2.5424,0.56,1.98,2.54,241,68.08,64,18.08,27,7.63,13,3.67
4307401,Esmeralda,RS,2025,181,4,6,10,5.5249,2.21,3.31,5.52,115,63.54,36,19.89,9,4.97,11,6.08
4307450,Esperança do Sul,RS,2025,101,8,5,13,12.8713,7.92,4.95,12.87,51,50.5,11,10.89,11,10.89,15,14.85
4307500,Espumoso,RS,2025,673,8,20,28,4.1605,1.19,2.97,4.16,384,57.06,156,23.18,56,8.32,49,7.28
4307559,Estação,RS,2025,169,3,1,4,2.3669,1.78,0.59,2.37,95,56.21,42,24.85,16,9.47,12,7.1
4307609,Estância Velha,RS,2025,1607,8,17,25,1.5557,0.5,1.06,1.56,1005,62.54,380,23.65,138,8.59,59,3.67
4307708,Esteio,RS,2025,912,10,22,32,3.5088,1.1,2.41,3.51,538,58.99,205,22.48,85,9.32,52,5.7
4307807,Estrela,RS,2025,1084,3,19,22,2.0295,0.28,1.75,2.03,634,58.49,244,22.51,125,11.53,59,5.44
4307815,Estrela Velha,RS,2025,125,4,1,5,4.0,3.2,0.8,4.0,80,64.0,24,19.2,12,9.6,4,3.2
4307831,Eugênio de Castro,RS,2025,124,1,0,1,0.8065,0.81,0.0,0.81,75,60.48,27,21.77,13,10.48,8,6.45
4307864,Fagundes Varela,RS,2025,94,0,1,1,1.0638,0.0,1.06,1.06,60,63.83,21,22.34,7,7.45,5,5.32
4307906,Farroupilha,RS,2025,1950,12,32,44,2.2564,0.62,1.64,2.26,1228,62.97,431,22.1,167,8.56,80,4.1
4308003,Faxinal do Soturno,RS,2025,292,3,3,6,2.0548,1.03,1.03,2.06,184,63.01,63,21.58,23,7.88,16,5.48
4308052,Faxinalzinho,RS,2025,104,1,1,2,1.9231,0.96,0.96,1.92,58,55.77,22,21.15,11,10.58,11,10.58
4308078,Fazenda Vilanova,RS,2025,229,1,8,9,3.9301,0.44,3.49,3.93,139,60.7,55,24.02,17,7.42,9,3.93
4308102,Feliz,RS,2025,186,2,1,3,1.6129,1.08,0.54,1.62,125,67.2,38,20.43,13,6.99,7,3.76
4308201,Flores da Cunha,RS,2025,1087,7,28,35,3.2199,0.64,2.58,3.22,712,65.5,240,22.08,71,6.53,29,2.67
4308250,Floriano Peixoto,RS,2025,44,0,1,1,2.2727,0.0,2.27,2.27,29,65.91,10,22.73,3,6.82,1,2.27
4308300,Fontoura Xavier,RS,2025,485,4,9,13,2.6804,0.82,1.86,2.68,272,56.08,119,24.54,50,10.31,31,6.39
4308409,Formigueiro,RS,2025,264,2,9,11,4.1667,0.76,3.41,4.17,171,64.77,48,18.18,18,6.82,16,6.06
4308433,Forquetinha,RS,2025,68,0,1,1,1.4706,0.0,1.47,1.47,35,51.47,19,27.94,10,14.71,3,4.41
4308458,Fortaleza dos Valos,RS,2025,200,1,5,6,3.0,0.5,2.5,3.0,92,46.0,49,24.5,36,18.0,17,8.5
4308508,Frederico Westphalen,RS,2025,1228,20,36,56,4.5603,1.63,2.93,4.56,743,60.5,233,18.97,116,9.45,80,6.51
4308607,Garibaldi,RS,2025,762,1,4,5,0.6562,0.13,0.52,0.65,491,64.44,173,22.7,56,7.35,37,4.86
4308656,Garruchos,RS,2025,101,2,2,4,3.9604,1.98,1.98,3.96,50,49.5,25,24.75,12,11.88,10,9.9
4308706,Gaurama,RS,2025,162,3,1,4,2.4691,1.85,0.62,2.47,86,53.09,39,24.07,17,10.49,16,9.88
4308805,General Câmara,RS,2025,206,3,4,7,3.3981,1.46,1.94,3.4,114,55.34,52,25.24,22,10.68,11,5.34
4308854,Gentil,RS,2025,87,0,3,3,3.4483,0.0,3.45,3.45,50,57.47,21,24.14,9,10.34,4,4.6
4308904,Getúlio Vargas,RS,2025,580,6,10,16,2.7586,1.03,1.72,2.75,328,56.55,132,22.76,65,11.21,39,6.72
4309001,Giruá,RS,2025,535,10,19,29,5.4206,1.87,3.55,5.42,276,51.59,99,18.5,73,13.64,58,10.84
4309050,Glorinha,RS,2025,144,0,0,0,0.0,0.0,0.0,0.0,78,54.17,31,21.53,21,14.58,14,9.72
4309100,Gramado,RS,2025,1331,13,15,28,2.1037,0.98,1.13,2.11,797,59.88,304,22.84,126,9.47,76,5.71
4309126,Gramado dos Loureiros,RS,2025,178,1,2,3,1.6854,0.56,1.12,1.68,106,59.55,39,21.91,20,11.24,10,5.62
4309159,Gramado Xavier,RS,2025,168,1,3,4,2.381,0.6,1.79,2.39,99,58.93,36,21.43,18,10.71,11,6.55
4309209,Gravataí,RS,2025,9014,31,114,145,1.6086,0.34,1.26,1.6,5657,62.76,2059,22.84,787,8.73,366,4.06
4309258,Guabiju,RS,2025,43,0,1,1,2.3256,0.0,2.33,2.33,34,79.07,6,13.95,2,4.65,0,0.0
4309308,Guaíba,RS,2025,3356,33,43,76,2.2646,0.98,1.28,2.26,1950,58.1,823,24.52,334,9.95,173,5.15
4309407,Guaporé,RS,2025,931,17,22,39,4.189,1.83,2.36,4.19,534,57.36,210,22.56,107,11.49,41,4.4
4309506,Guarani das Missões,RS,2025,198,7,6,13,6.5657,3.54,3.03,6.57,113,57.07,34,17.17,25,12.63,13,6.57
4309555,Harmonia,RS,2025,268,1,9,10,3.7313,0.37,3.36,3.73,143,53.36,63,23.51,36,13.43,16,5.97
4309571,Herveiras,RS,2025,123,0,5,5,4.065,0.0,4.07,4.07,77,62.6,22,17.89,10,8.13,9,7.32
4309605,Horizontina,RS,2025,467,2,7,9,1.9272,0.43,1.5,1.93,276,59.1,107,22.91,53,11.35,22,4.71
4309654,Hulha Negra,RS,2025,302,13,9,22,7.2848,4.3,2.98,7.28,150,49.67,73,24.17,25,8.28,32,10.6
4309704,Humaitá,RS,2025,53,1,1,2,3.7736,1.89,1.89,3.78,36,67.92,7,13.21,6,11.32,2,3.77
4309753,Ibarama,RS,2025,82,2,2,4,4.878,2.44,2.44,4.88,57,69.51,15,18.29,4,4.88,2,2.44
4309803,Ibiaçá,RS,2025,188,5,2,7,3.7234,2.66,1.06,3.72,119,63.3,41,21.81,13,6.91,8,4.26
4309902,Ibiraiaras,RS,2025,263,6,14,20,7.6046,2.28,5.32,7.6,164,62.36,48,18.25,16,6.08,15,5.7
4309951,Ibirapuitã,RS,2025,173,4,2,6,3.4682,2.31,1.16,3.47,103,59.54,36,20.81,20,11.56,8,4.62
4310009,Ibirubá,RS,2025,804,8,18,26,3.2338,1.0,2.24,3.24,508,63.18,172,21.39,67,8.33,31,3.86
4310108,Igrejinha,RS,2025,1185,13,15,28,2.3629,1.1,1.27,2.37,635,53.59,306,25.82,148,12.49,68,5.74
4310207,Ijuí,RS,2025,2180,17,25,42,1.9266,0.78,1.15,1.93,1360,62.39,521,23.9,173,7.94,84,3.85
4310306,Ilópolis,RS,2025,120,1,3,4,3.3333,0.83,2.5,3.33,71,59.17,24,20.0,12,10.0,9,7.5
4310330,Imbé,RS,2025,760,3,14,17,2.2368,0.39,1.84,2.23,446,58.68,175,23.03,80,10.53,42,5.53
4310363,Imigrante,RS,2025,71,0,1,1,1.4085,0.0,1.41,1.41,49,69.01,11,15.49,6,8.45,4,5.63
4310405,Independência,RS,2025,248,2,2,4,1.6129,0.81,0.81,1.62,130,52.42,72,29.03,24,9.68,18,7.26
4310413,Inhacorá,RS,2025,101,0,1,1,0.9901,0.0,0.99,0.99,62,61.39,21,20.79,9,8.91,8,7.92
4310439,Ipê,RS,2025,254,2,3,5,1.9685,0.79,1.18,1.97,175,68.9,45,17.72,17,6.69,12,4.72
4310462,Ipiranga do Sul,RS,2025,10,0,0,0,0.0,0.0,0.0,0.0,6,60.0,1,10.0,1,10.0,2,20.0
4310504,Iraí,RS,2025,387,11,8,19,4.9096,2.84,2.07,4.91,206,53.23,92,23.77,39,10.08,31,8.01
4310538,Itaara,RS,2025,241,4,1,5,2.0747,1.66,0.41,2.07,142,58.92,53,21.99,26,10.79,15,6.22
4310553,Itacurubi,RS,2025,87,1,1,2,2.2989,1.15,1.15,2.3,48,55.17,21,24.14,5,5.75,11,12.64
4310579,Itapuca,RS,2025,60,2,1,3,5.0,3.33,1.67,5.0,37,61.67,13,21.67,5,8.33,2,3.33
4310603,Itaqui,RS,2025,1250,9,29,38,3.04,0.72,2.32,3.04,738,59.04,254,20.32,141,11.28,79,6.32
4310652,Itati,RS,2025,128,2,2,4,3.125,1.56,1.56,3.12,56,43.75,27,21.09,22,17.19,19,14.84
4310702,Itatiba do Sul,RS,2025,90,1,1,2,2.2222,1.11,1.11,2.22,63,70.0,18,20.0,3,3.33,4,4.44
4310751,Ivorá,RS,2025,40,0,0,0,0.0,0.0,0.0,0.0,23,57.5,11,27.5,4,10.0,2,5.0
4310801,Ivoti,RS,2025,807,3,8,11,1.3631,0.37,0.99,1.36,520,64.44,194,24.04,58,7.19,24,2.97
4310850,Jaboticaba,RS,2025,87,0,2,2,2.2989,0.0,2.3,2.3,53,60.92,17,19.54,7,8.05,8,9.2
4310876,Jacuizinho,RS,2025,85,2,1,3,3.5294,2.35,1.18,3.53,35,41.18,18,21.18,19,22.35,10,11.76
4310900,Jacutinga,RS,2025,117,3,10,13,11.1111,2.56,8.55,11.11,64,54.7,22,18.8,12,10.26,6,5.13
4311007,Jaguarão,RS,2025,827,7,8,15,1.8138,0.85,0.97,1.82,420,50.79,231,27.93,89,10.76,72,8.71
4311106,Jaguari,RS,2025,277,2,3,5,1.8051,0.72,1.08,1.8,164,59.21,66,23.83,29,10.47,13,4.69
4311122,Jaquirana,RS,2025,168,3,8,11,6.5476,1.79,4.76,6.55,81,48.21,42,25.0,19,11.31,15,8.93
4311130,Jari,RS,2025,119,0,5,5,4.2017,0.0,4.2,4.2,63,52.94,29,24.37,13,10.92,9,7.56
4311155,Jóia,RS,2025,261,3,3,6,2.2989,1.15,1.15,2.3,164,62.84,43,16.48,29,11.11,19,7.28
4311205,Júlio de Castilhos,RS,2025,710,8,10,18,2.5352,1.13,1.41,2.54,288,40.56,156,21.97,87,12.25,161,22.68
4311239,Lagoa Bonita do Sul,RS,2025,67,0,3,3,4.4776,0.0,4.48,4.48,37,55.22,12,17.91,13,19.4,2,2.99
4311254,Lagoão,RS,2025,268,5,6,11,4.1045,1.87,2.24,4.11,162,60.45,49,18.28,21,7.84,25,9.33
4311270,Lagoa dos Três Cantos,RS,2025,71,0,1,1,1.4085,0.0,1.41,1.41,34,47.89,18,25.35,11,15.49,7,9.86
4311304,Lagoa Vermelha,RS,2025,1001,15,31,46,4.5954,1.5,3.1,4.6,608,60.74,191,19.08,82,8.19,74,7.39
4311403,Lajeado,RS,2025,3734,22,45,67,1.7943,0.59,1.21,1.8,2163,57.93,972,26.03,390,10.44,142,3.8
4311429,Lajeado do Bugre,RS,2025,154,7,6,13,8.4416,4.55,3.9,8.45,67,43.51,33,21.43,17,11.04,24,15.58
4311502,Lavras do Sul,RS,2025,290,3,5,8,2.7586,1.03,1.72,2.75,123,42.41,67,23.1,58,20.0,34,11.72
4311601,Liberato Salzano,RS,2025,169,5,5,10,5.9172,2.96,2.96,5.92,105,62.13,28,16.57,10,5.92,16,9.47
4311627,Lindolfo Collor,RS,2025,387,3,4,7,1.8088,0.78,1.03,1.81,236,60.98,92,23.77,38,9.82,14,3.62
4311643,Linha Nova,RS,2025,80,1,1,2,2.5,1.25,1.25,2.5,50,62.5,15,18.75,9,11.25,4,5.0
4311700,Machadinho,RS,2025,300,3,7,10,3.3333,1.0,2.33,3.33,168,56.0,63,21.0,42,14.0,17,5.67
4311718,Maçambará,RS,2025,266,3,2,5,1.8797,1.13,0.75,1.88,149,56.02,62,23.31,32,12.03,18,6.77
4311734,Mampituba,RS,2025,178,9,5,14,7.8652,5.06,2.81,7.87,114,64.04,33,18.54,9,5.06,8,4.49
4311759,Manoel Viana,RS,2025,344,3,6,9,2.6163,0.87,1.74,2.61,173,50.29,72,20.93,39,11.34,51,14.83
4311775,Maquiné,RS,2025,204,1,3,4,1.9608,0.49,1.47,1.96,130,63.73,42,20.59,15,7.35,13,6.37
4311791,Maratá,RS,2025,130,8,5,13,10.0,6.15,3.85,10.0,90,69.23,18,13.85,7,5.38,2,1.54
4311809,Marau,RS,2025,554,4,11,15,2.7076,0.72,1.99,2.71,363,65.52,117,21.12,45,8.12,14,2.53
4311908,Marcelino Ramos,RS,2025,139,1,2,3,2.1583,0.72,1.44,2.16,94,67.63,25,17.99,9,6.47,8,5.76
4311981,Mariana Pimentel,RS,2025,143,1,1,2,1.3986,0.7,0.7,1.4,88,61.54,33,23.08,15,10.49,5,3.5
4312005,Mariano Moro,RS,2025,57,1,1,2,3.5088,1.75,1.75,3.5,37,64.91,11,19.3,4,7.02,3,5.26
4312054,Marques de Souza,RS,2025,55,0,0,0,0.0,0.0,0.0,0.0,32,58.18,16,29.09,5,9.09,2,3.64
4312104,Mata,RS,2025,160,2,6,8,5.0,1.25,3.75,5.0,99,61.88,31,19.38,15,9.38,7,4.38
4312138,Mato Castelhano,RS,2025,124,2,5,7,5.6452,1.61,4.03,5.64,64,51.61,28,22.58,12,9.68,13,10.48
4312153,Mato Leitão,RS,2025,251,1,4,5,1.992,0.4,1.59,1.99,155,61.75,72,28.69,14,5.58,5,1.99
4312179,Mato Queimado,RS,2025,86,0,2,2,2.3256,0.0,2.33,2.33,60,69.77,11,12.79,12,13.95,1,1.16
4312203,Maximiliano de Almeida,RS,2025,179,1,0,1,0.5587,0.56,0.0,0.56,107,59.78,40,22.35,21,11.73,10,5.59
4312252,Minas do Leão,RS,2025,428,9,10,19,4.4393,2.1,2.34,4.44,213,49.77,87,20.33,58,13.55,51,11.92
4312302,Miraguaí,RS,2025,247,5,6,11,4.4534,2.02,2.43,4.45,156,63.16,48,19.43,25,10.12,7,2.83
4312351,Montauri,RS,2025,81,1,1,2,2.4691,1.23,1.23,2.46,64,79.01,9,11.11,4,4.94,2,2.47
4312377,Monte Alegre dos Campos,RS,2025,201,2,3,5,2.4876,1.0,1.49,2.49,130,64.68,36,17.91,17,8.46,13,6.47
4312385,Monte Belo do Sul,RS,2025,98,0,0,0,0.0,0.0,0.0,0.0,67,68.37,19,19.39,9,9.18,3,3.06
4312401,Montenegro,RS,2025,2646,17,37,54,2.0408,0.64,1.4,2.04,1532,57.9,653,24.68,279,10.54,128,4.84
4312427,Mormaço,RS,2025,131,2,3,5,3.8168,1.53,2.29,3.82,75,57.25,29,22.14,13,9.92,9,6.87
4312443,Morrinhos do Sul,RS,2025,105,0,0,0,0.0,0.0,0.0,0.0,72,68.57,18,17.14,8,7.62,7,6.67
4312450,Morro Redondo,RS,2025,200,1,3,4,2.0,0.5,1.5,2.0,129,64.5,35,17.5,19,9.5,13,6.5
4312476,Morro Reuter,RS,2025,163,5,2,7,4.2945,3.07,1.23,4.3,100,61.35,32,19.63,11,6.75,13,7.98
4312500,Mostardas,RS,2025,386,16,14,30,7.772,4.15,3.63,7.78,165,42.75,80,20.73,42,10.88,69,17.88
4312609,Muçum,RS,2025,174,2,3,5,2.8736,1.15,1.72,2.87,108,62.07,41,23.56,13,7.47,7,4.02
4312617,Muitos Capões,RS,2025,104,2,2,4,3.8462,1.92,1.92,3.84,69,66.35,17,16.35,5,4.81,9,8.65
4312625,Muliterno,RS,2025,112,0,1,1,0.8929,0.0,0.89,0.89,61,54.46,25,22.32,11,9.82,14,12.5
4312658,Não-Me-Toque,RS,2025,586,4,14,18,3.0717,0.68,2.39,3.07,376,64.16,116,19.8,47,8.02,29,4.95
4312674,Nicolau Vergueiro,RS,2025,56,0,1,1,1.7857,0.0,1.79,1.79,37,66.07,13,23.21,3,5.36,2,3.57
4312708,Nonoai,RS,2025,386,4,7,11,2.8497,1.04,1.81,2.85,247,63.99,75,19.43,24,6.22,29,7.51
4312757,Nova Alvorada,RS,2025,168,0,1,1,0.5952,0.0,0.6,0.6,110,65.48,30,17.86,18,10.71,9,5.36
4312807,Nova Araçá,RS,2025,338,4,12,16,4.7337,1.18,3.55,4.73,248,73.37,53,15.68,8,2.37,13,3.85
4312906,Nova Bassano,RS,2025,427,3,5,8,1.8735,0.7,1.17,1.87,277,64.87,91,21.31,35,8.2,16,3.75
4312955,Nova Boa Vista,RS,2025,121,0,0,0,0.0,0.0,0.0,0.0,71,58.68,29,23.97,12,9.92,9,7.44
4313003,Nova Bréscia,RS,2025,20,0,0,0,0.0,0.0,0.0,0.0,11,55.0,6,30.0,1,5.0,2,10.0
4313011,Nova Candelária,RS,2025,151,0,1,1,0.6623,0.0,0.66,0.66,98,64.9,33,21.85,9,5.96,10,6.62
4313037,Nova Esperança do Sul,RS,2025,66,1,2,3,4.5455,1.52,3.03,4.55,35,53.03,10,15.15,9,13.64,9,13.64
4313060,Nova Hartz,RS,2025,674,16,16,32,4.7478,2.37,2.37,4.74,394,58.46,148,21.96,67,9.94,33,4.9
4313086,Nova Pádua,RS,2025,86,0,0,0,0.0,0.0,0.0,0.0,51,59.3,22,25.58,8,9.3,5,5.81
4313102,Nova Palma,RS,2025,135,0,3,3,2.2222,0.0,2.22,2.22,95,70.37,25,18.52,10,7.41,2,1.48
4313201,Nova Petrópolis,RS,2025,1128,12,27,39,3.4574,1.06,2.39,3.45,724,64.18,209,18.53,96,8.51,60,5.32
4313300,Nova Prata,RS,2025,1096,5,8,13,1.1861,0.46,0.73,1.19,718,65.51,247,22.54,75,6.84,43,3.92
4313334,Nova Ramada,RS,2025,61,1,0,1,1.6393,1.64,0.0,1.64,41,67.21,13,21.31,1,1.64,5,8.2
4313359,Nova Roma do Sul,RS,2025,122,1,3,4,3.2787,0.82,2.46,3.28,71,58.2,33,27.05,9,7.38,5,4.1
4313375,Nova Santa Rita,RS,2025,1303,14,20,34,2.6094,1.07,1.53,2.6,688,52.8,306,23.48,153,11.74,122,9.36
4313391,Novo Cabrais,RS,2025,115,0,0,0,0.0,0.0,0.0,0.0,80,69.57,23,20.0,6,5.22,6,5.22
4313409,Novo Hamburgo,RS,2025,4594,32,76,108,2.3509,0.7,1.65,2.35,2884,62.78,982,21.38,412,8.97,208,4.53
4313425,Novo Machado,RS,2025,84,0,1,1,1.1905,0.0,1.19,1.19,50,59.52,19,22.62,9,10.71,5,5.95
4313441,Novo Tiradentes,RS,2025,109,4,4,8,7.3394,3.67,3.67,7.34,68,62.39,21,19.27,6,5.5,6,5.5
4313466,Novo Xingu,RS,2025,81,0,0,0,0.0,0.0,0.0,0.0,55,67.9,11,13.58,8,9.88,7,8.64
4313490,Novo Barreiro,RS,2025,203,0,5,5,2.4631,0.0,2.46,2.46,118,58.13,36,17.73,24,11.82,20,9.85
4313508,Osório,RS,2025,1958,13,22,35,1.7875,0.66,1.12,1.78,1193,60.93,458,23.39,165,8.43,107,5.46
4313607,Paim Filho,RS,2025,80,0,1,1,1.25,0.0,1.25,1.25,54,67.5,14,17.5,4,5.0,7,8.75
4313656,Palmares do Sul,RS,2025,414,3,11,14,3.3816,0.72,2.66,3.38,229,55.31,92,22.22,46,11.11,33,7.97
4313706,Palmeira das Missões,RS,2025,1348,17,32,49,3.635,1.26,2.37,3.63,862,63.95,266,19.73,105,7.79,66,4.9
4313805,Palmitinho,RS,2025,407,10,16,26,6.3882,2.46,3.93,6.39,266,65.36,69,16.95,21,5.16,25,6.14
4313904,Panambi,RS,2025,1327,18,32,50,3.7679,1.36,2.41,3.77,804,60.59,286,21.55,118,8.89,69,5.2
4313953,Pantano Grande,RS,2025,425,3,7,10,2.3529,0.71,1.65,2.36,227,53.41,99,23.29,47,11.06,42,9.88
4314001,Paraí,RS,2025,296,0,4,4,1.3514,0.0,1.35,1.35,210,70.95,56,18.92,19,6.42,7,2.36
4314027,Paraíso do Sul,RS,2025,236,0,4,4,1.6949,0.0,1.69,1.69,130,55.08,53,22.46,28,11.86,21,8.9
4314035,Pareci Novo,RS,2025,246,2,2,4,1.626,0.81,0.81,1.62,142,57.72,55,22.36,32,13.01,13,5.28
4314050,Parobé,RS,2025,1996,14,47,61,3.0561,0.7,2.35,3.05,1200,60.12,453,22.7,182,9.12,100,5.01
4314068,Passa Sete,RS,2025,191,2,4,6,3.1414,1.05,2.09,3.14,146,76.44,22,11.52,11,5.76,6,3.14
4314076,Passo do Sobrado,RS,2025,283,2,2,4,1.4134,0.71,0.71,1.42,185,65.37,41,14.49,35,12.37,18,6.36
4314100,Passo Fundo,RS,2025,6376,47,124,171,2.6819,0.74,1.94,2.68,4028,63.17,1350,21.17,528,8.28,299,4.69
4314134,Paulo Bento,RS,2025,47,0,1,1,2.1277,0.0,2.13,2.13,31,65.96,7,14.89,2,4.26,6,12.77
4314159,Paverama,RS,2025,387,4,2,6,1.5504,1.03,0.52,1.55,223,57.62,79,20.41,53,13.7,26,6.72
4314175,Pedras Altas,RS,2025,101,0,1,1,0.9901,0.0,0.99,0.99,44,43.56,29,28.71,17,16.83,10,9.9
4314209,Pedro Osório,RS,2025,358,8,8,16,4.4693,2.23,2.23,4.46,200,55.87,77,21.51,34,9.5,31,8.66
4314308,Pejuçara,RS,2025,203,2,2,4,1.9704,0.99,0.99,1.98,105,51.72,35,17.24,28,13.79,31,15.27
4314407,Pelotas,RS,2025,6878,72,122,194,2.8206,1.05,1.77,2.82,3979,57.85,1562,22.71,701,10.19,442,6.43
4314423,Picada Café,RS,2025,253,0,4,4,1.581,0.0,1.58,1.58,169,66.8,51,20.16,25,9.88,4,1.58
4314456,Pinhal,RS,2025,175,0,2,2,1.1429,0.0,1.14,1.14,106,60.57,37,21.14,17,9.71,13,7.43
4314464,Pinhal da Serra,RS,2025,66,3,2,5,7.5758,4.55,3.03,7.58,21,31.82,5,7.58,6,9.09,29,43.94
4314472,Pinhal Grande,RS,2025,109,0,2,2,1.8349,0.0,1.83,1.83,62,56.88,26,23.85,12,11.01,7,6.42
4314498,Pinheirinho do Vale,RS,2025,222,7,4,11,4.955,3.15,1.8,4.95,120,54.05,56,25.23,24,10.81,11,4.95
4314506,Pinheiro Machado,RS,2025,417,9,14,23,5.5156,2.16,3.36,5.52,224,53.72,90,21.58,44,10.55,36,8.63
4314548,Pinto Bandeira,RS,2025,113,0,1,1,0.885,0.0,0.88,0.88,80,70.8,26,23.01,4,3.54,2,1.77
4314555,Pirapó,RS,2025,62,3,1,4,6.4516,4.84,1.61,6.45,16,25.81,11,17.74,12,19.35,19,30.65
4314605,Piratini,RS,2025,426,7,6,13,3.0516,1.64,1.41,3.05,221,51.88,103,24.18,50,11.74,39,9.15
4314704,Planalto,RS,2025,418,5,10,15,3.5885,1.2,2.39,3.59,229,54.78,73,17.46,33,7.89,68,16.27
4314753,Poço das Antas,RS,2025,96,0,1,1,1.0417,0.0,1.04,1.04,60,62.5,23,23.96,9,9.38,3,3.13
4314779,Pontão,RS,2025,185,3,6,9,4.8649,1.62,3.24,4.86,119,64.32,33,17.84,9,4.86,15,8.11
4314787,Ponte Preta,RS,2025,51,1,1,2,3.9216,1.96,1.96,3.92,33,64.71,7,13.73,4,7.84,5,9.8
4314803,Portão,RS,2025,1454,9,19,28,1.9257,0.62,1.31,1.93,851,58.53,352,24.21,147,10.11,76,5.23
4314902,Porto Alegre,RS,2025,39226,361,551,912,2.325,0.92,1.4,2.32,22975,58.57,9095,23.19,4111,10.48,2133,5.44
4315008,Porto Lucena,RS,2025,156,2,4,6,3.8462,1.28,2.56,3.84,84,53.85,31,19.87,19,12.18,16,10.26
4315057,Porto Mauá,RS,2025,49,0,1,1,2.0408,0.0,2.04,2.04,26,53.06,10,20.41,6,12.24,6,12.24
4315073,Porto Vera Cruz,RS,2025,43,0,0,0,0.0,0.0,0.0,0.0,32,74.42,8,18.6,2,4.65,1,2.33
4315107,Porto Xavier,RS,2025,249,5,3,8,3.2129,2.01,1.2,3.21,127,51.0,58,23.29,36,14.46,20,8.03
4315131,Pouso Novo,RS,2025,85,0,1,1,1.1765,0.0,1.18,1.18,39,45.88,26,30.59,11,12.94,8,9.41
4315149,Presidente Lucena,RS,2025,188,0,1,1,0.5319,0.0,0.53,0.53,136,72.34,34,18.09,11,5.85,6,3.19
4315156,Progresso,RS,2025,230,3,2,5,2.1739,1.3,0.87,2.17,138,60.0,54,23.48,22,9.57,11,4.78
4315172,Protásio Alves,RS,2025,57,1,2,3,5.2632,1.75,3.51,5.26,45,78.95,8,14.04,1,1.75,0,0.0
4315206,Putinga,RS,2025,97,0,0,0,0.0,0.0,0.0,0.0,59,60.82,21,21.65,4,4.12,13,13.4
4315305,Quaraí,RS,2025,599,7,9,16,2.6711,1.17,1.5,2.67,353,58.93,128,21.37,54,9.02,48,8.01
4315313,Quatro Irmãos,RS,2025,89,4,2,6,6.7416,4.49,2.25,6.74,41,46.07,13,14.61,11,12.36,18,20.22
4315321,Quevedos,RS,2025,100,4,3,7,7.0,4.0,3.0,7.0,67,67.0,15,15.0,4,4.0,7,7.0
4315354,Quinze de Novembro,RS,2025,220,0,9,9,4.0909,0.0,4.09,4.09,152,69.09,40,18.18,12,5.45,7,3.18
4315404,Redentora,RS,2025,365,6,11,17,4.6575,1.64,3.01,4.65,209,57.26,70,19.18,42,11.51,27,7.4
4315453,Relvado,RS,2025,57,1,0,1,1.7544,1.75,0.0,1.75,32,56.14,11,19.3,11,19.3,2,3.51
4315503,Restinga Sêca,RS,2025,667,9,13,22,3.2984,1.35,1.95,3.3,395,59.22,147,22.04,76,11.39,27,4.05
4315552,Rio dos Índios,RS,2025,114,3,4,7,6.1404,2.63,3.51,6.14,68,59.65,22,19.3,9,7.89,8,7.02
4315602,Rio Grande,RS,2025,3191,58,69,127,3.9799,1.82,2.16,3.98,1773,55.56,685,21.47,342,10.72,264,8.27
4315701,Rio Pardo,RS,2025,1657,15,15,30,1.8105,0.91,0.91,1.82,941,56.79,409,24.68,177,10.68,100,6.04
4315750,Riozinho,RS,2025,104,3,0,3,2.8846,2.88,0.0,2.88,58,55.77,29,27.88,12,11.54,2,1.92
4315800,Roca Sales,RS,2025,444,2,2,4,0.9009,0.45,0.45,0.9,279,62.84,102,22.97,42,9.46,17,3.83
4315909,Rodeio Bonito,RS,2025,260,1,4,5,1.9231,0.38,1.54,1.92,174,66.92,48,18.46,20,7.69,13,5.0
4315958,Rolador,RS,2025,67,1,1,2,2.9851,1.49,1.49,2.98,31,46.27,14,20.9,9,13.43,11,16.42
4316006,Rolante,RS,2025,388,0,3,3,0.7732,0.0,0.77,0.77,191,49.23,112,28.87,51,13.14,31,7.99
4316105,Ronda Alta,RS,2025,456,3,4,7,1.5351,0.66,0.88,1.54,285,62.5,102,22.37,40,8.77,22,4.82
4316204,Rondinha,RS,2025,200,1,8,9,4.5,0.5,4.0,4.5,116,58.0,40,20.0,19,9.5,16,8.0
4316303,Roque Gonzales,RS,2025,172,1,1,2,1.1628,0.58,0.58,1.16,84,48.84,38,22.09,33,19.19,15,8.72
4316402,Rosário do Sul,RS,2025,1219,37,32,69,5.6604,3.04,2.63,5.67,676,55.46,239,19.61,133,10.91,102,8.37
4316428,Sagrada Família,RS,2025,124,3,2,5,4.0323,2.42,1.61,4.03,79,63.71,24,19.35,7,5.65,9,7.26
4316436,Saldanha Marinho,RS,2025,106,2,1,3,2.8302,1.89,0.94,2.83,58,54.72,26,24.53,9,8.49,10,9.43
4316451,Salto do Jacuí,RS,2025,495,5,8,13,2.6263,1.01,1.62,2.63,275,55.56,116,23.43,50,10.1,41,8.28
4316477,Salvador das Missões,RS,2025,152,2,1,3,1.9737,1.32,0.66,1.98,85,55.92,36,23.68,18,11.84,10,6.58
4316501,Salvador do Sul,RS,2025,369,2,4,6,1.626,0.54,1.08,1.62,238,64.5,76,20.6,30,8.13,19,5.15
4316600,Sananduva,RS,2025,500,1,9,10,2.0,0.2,1.8,2.0,321,64.2,109,21.8,45,9.0,15,3.0
4316709,Santa Bárbara do Sul,RS,2025,323,5,2,7,2.1672,1.55,0.62,2.17,210,65.02,70,21.67,19,5.88,17,5.26
4316733,Santa Cecília do Sul,RS,2025,47,1,0,1,2.1277,2.13,0.0,2.13,34,72.34,8,17.02,2,4.26,2,4.26
4316758,Santa Clara do Sul,RS,2025,280,1,1,2,0.7143,0.36,0.36,0.72,149,53.21,71,25.36,40,14.29,18,6.43
4316808,Santa Cruz do Sul,RS,2025,3176,28,52,80,2.5189,0.88,1.64,2.52,1815,57.15,763,24.02,337,10.61,181,5.7
4316907,Santa Maria,RS,2025,4696,57,93,150,3.1942,1.21,1.98,3.19,2798,59.58,1030,21.93,450,9.58,268,5.71
4316956,Santa Maria do Herval,RS,2025,37,0,2,2,5.4054,0.0,5.41,5.41,19,51.35,8,21.62,2,5.41,6,16.22
4316972,Santa Margarida do Sul,RS,2025,96,0,0,0,0.0,0.0,0.0,0.0,54,56.25,18,18.75,14,14.58,10,10.42
4317004,Santana da Boa Vista,RS,2025,197,11,7,18,9.1371,5.58,3.55,9.13,76,38.58,49,24.87,21,10.66,33,16.75
4317103,Sant'Ana do Livramento,RS,2025,2526,16,39,55,2.1774,0.63,1.54,2.17,1444,57.17,605,23.95,264,10.45,158,6.25
4317202,Santa Rosa,RS,2025,2793,26,61,87,3.1149,0.93,2.18,3.11,1812,64.88,540,19.33,213,7.63,141,5.05
4317251,Santa Tereza,RS,2025,6,0,0,0,0.0,0.0,0.0,0.0,6,100.0,0,0.0,0,0.0,0,0.0
4317301,Santa Vitória do Palmar,RS,2025,1188,16,19,35,2.9461,1.35,1.6,2.95,595,50.08,290,24.41,156,13.13,112,9.43
4317400,Santiago,RS,2025,868,10,12,22,2.5346,1.15,1.38,2.53,550,63.36,170,19.59,80,9.22,46,5.3
4317509,Santo Ângelo,RS,2025,2304,38,48,86,3.7326,1.65,2.08,3.73,1272,55.21,476,20.66,225,9.77,245,10.63
4317558,Santo Antônio do Palma,RS,2025,85,0,0,0,0.0,0.0,0.0,0.0,56,65.88,16,18.82,7,8.24,6,7.06
4317608,Santo Antônio da Patrulha,RS,2025,1663,16,51,67,4.0289,0.96,3.07,4.03,1127,67.77,318,19.12,99,5.95,52,3.13
4317707,Santo Antônio das Missões,RS,2025,390,16,5,21,5.3846,4.1,1.28,5.38,184,47.18,74,18.97,47,12.05,64,16.41
4317756,Santo Antônio do Planalto,RS,2025,74,0,2,2,2.7027,0.0,2.7,2.7,54,72.97,12,16.22,5,6.76,1,1.35
4317806,Santo Augusto,RS,2025,580,12,17,29,5.0,2.07,2.93,5.0,361,62.24,109,18.79,39,6.72,42,7.24
4317905,Santo Cristo,RS,2025,363,1,5,6,1.6529,0.28,1.38,1.66,251,69.15,60,16.53,30,8.26,16,4.41
4317954,Santo Expedito do Sul,RS,2025,105,0,2,2,1.9048,0.0,1.9,1.9,64,60.95,21,20.0,12,11.43,6,5.71
4318002,São Borja,RS,2025,1319,20,28,48,3.6391,1.52,2.12,3.64,715,54.21,293,22.21,156,11.83,107,8.11
4318051,São Domingos do Sul,RS,2025,118,0,1,1,0.8475,0.0,0.85,0.85,86,72.88,21,17.8,7,5.93,3,2.54
4318101,São Francisco de Assis,RS,2025,355,8,8,16,4.507,2.25,2.25,4.5,200,56.34,67,18.87,44,12.39,28,7.89
4318200,São Francisco de Paula,RS,2025,355,9,8,17,4.7887,2.54,2.25,4.79,195,54.93,78,21.97,34,9.58,31,8.73
4318309,São Gabriel,RS,2025,2476,71,67,138,5.5735,2.87,2.71,5.58,1263,51.01,533,21.53,287,11.59,255,10.3
4318408,São Jerônimo,RS,2025,715,4,9,13,1.8182,0.56,1.26,1.82,408,57.06,166,23.22,88,12.31,40,5.59
4318424,São João da Urtiga,RS,2025,143,0,5,5,3.4965,0.0,3.5,3.5,108,75.52,20,13.99,8,5.59,2,1.4
4318432,São João do Polêsine,RS,2025,114,4,3,7,6.1404,3.51,2.63,6.14,73,64.04,18,15.79,10,8.77,6,5.26
4318440,São Jorge,RS,2025,76,0,0,0,0.0,0.0,0.0,0.0,53,69.74,16,21.05,5,6.58,2,2.63
4318457,São José das Missões,RS,2025,84,0,0,0,0.0,0.0,0.0,0.0,61,72.62,16,19.05,3,3.57,4,4.76
4318465,São José do Herval,RS,2025,111,1,1,2,1.8018,0.9,0.9,1.8,75,67.57,24,21.62,5,4.5,5,4.5
4318481,São José do Hortêncio,RS,2025,180,0,0,0,0.0,0.0,0.0,0.0,105,58.33,49,27.22,21,11.67,5,2.78
4318499,São José do Inhacorá,RS,2025,116,1,2,3,2.5862,0.86,1.72,2.58,71,61.21,23,19.83,13,11.21,6,5.17
4318507,São José do Norte,RS,2025,717,6,9,15,2.0921,0.84,1.26,2.1,383,53.42,166,23.15,89,12.41,64,8.93
4318606,São José do Ouro,RS,2025,128,3,1,4,3.125,2.34,0.78,3.12,85,66.41,24,18.75,11,8.59,4,3.13
4318614,São José do Sul,RS,2025,163,0,2,2,1.227,0.0,1.23,1.23,107,65.64,36,22.09,15,9.2,3,1.84
4318622,São José dos Ausentes,RS,2025,286,3,2,5,1.7483,1.05,0.7,1.75,172,60.14,65,22.73,29,10.14,15,5.24
4318705,São Leopoldo,RS,2025,3114,41,70,111,3.5645,1.32,2.25,3.57,1770,56.84,681,21.87,359,11.53,193,6.2
4318804,São Lourenço do Sul,RS,2025,1060,13,20,33,3.1132,1.23,1.89,3.12,548,51.7,260,24.53,119,11.23,100,9.43
4318903,São Luiz Gonzaga,RS,2025,1347,24,21,45,3.3408,1.78,1.56,3.34,763,56.64,276,20.49,135,10.02,128,9.5
4319000,São Marcos,RS,2025,481,3,11,14,2.9106,0.62,2.29,2.91,289,60.08,104,21.62,32,6.65,42,8.73
4319109,São Martinho,RS,2025,218,2,9,11,5.0459,0.92,4.13,5.05,130,59.63,51,23.39,16,7.34,10,4.59
4319125,São Martinho da Serra,RS,2025,157,2,3,5,3.1847,1.27,1.91,3.18,77,49.04,44,28.03,17,10.83,14,8.92
4319158,São Miguel das Missões,RS,2025,302,4,8,12,3.9735,1.32,2.65,3.97,179,59.27,66,21.85,35,11.59,10,3.31
4319208,São Nicolau,RS,2025,171,1,8,9,5.2632,0.58,4.68,5.26,114,66.67,28,16.37,12,7.02,8,4.68
4319307,São Paulo das Missões,RS,2025,164,2,6,8,4.878,1.22,3.66,4.88,110,67.07,28,17.07,9,5.49,9,5.49
4319356,São Pedro da Serra,RS,2025,199,0,3,3,1.5075,0.0,1.51,1.51,100,50.25,58,29.15,28,14.07,10,5.03
4319364,São Pedro das Missões,RS,2025,96,1,0,1,1.0417,1.04,0.0,1.04,51,53.13,17,17.71,12,12.5,15,15.63
4319372,São Pedro do Butiá,RS,2025,149,0,3,3,2.0134,0.0,2.01,2.01,93,62.42,33,22.15,16,10.74,4,2.68
4319406,São Pedro do Sul,RS,2025,570,18,16,34,5.9649,3.16,2.81,5.97,296,51.93,132,23.16,55,9.65,53,9.3
4319505,São Sebastião do Caí,RS,2025,472,22,19,41,8.6864,4.66,4.03,8.69,248,52.54,88,18.64,38,8.05,57,12.08
4319604,São Sepé,RS,2025,899,7,8,15,1.6685,0.78,0.89,1.67,465,51.72,231,25.7,114,12.68,74,8.23
4319703,São Valentim,RS,2025,148,1,4,5,3.3784,0.68,2.7,3.38,105,70.95,21,14.19,12,8.11,5,3.38
4319711,São Valentim do Sul,RS,2025,84,1,0,1,1.1905,1.19,0.0,1.19,54,64.29,20,23.81,8,9.52,1,1.19
4319737,São Valério do Sul,RS,2025,162,0,2,2,1.2346,0.0,1.23,1.23,71,43.83,35,21.6,26,16.05,28,17.28
4319752,São Vendelino,RS,2025,67,1,1,2,2.9851,1.49,1.49,2.98,40,59.7,13,19.4,6,8.96,6,8.96
4319802,São Vicente do Sul,RS,2025,322,4,8,12,3.7267,1.24,2.48,3.72,155,48.14,61,18.94,35,10.87,59,18.32
4319901,Sapiranga,RS,2025,3225,23,50,73,2.2636,0.71,1.55,2.26,1836,56.93,711,22.05,310,9.61,295,9.15
4320008,Sapucaia do Sul,RS,2025,2567,30,50,80,3.1165,1.17,1.95,3.12,1466,57.11,613,23.88,266,10.36,142,5.53
4320107,Sarandi,RS,2025,487,9,11,20,4.1068,1.85,2.26,4.11,299,61.4,87,17.86,54,11.09,27,5.54
4320206,Seberi,RS,2025,558,19,8,27,4.8387,3.41,1.43,4.84,244,43.73,92,16.49,61,10.93,134,24.01
4320230,Sede Nova,RS,2025,105,4,2,6,5.7143,3.81,1.9,5.71,68,64.76,18,17.14,8,7.62,5,4.76
4320263,Segredo,RS,2025,286,2,6,8,2.7972,0.7,2.1,2.8,180,62.94,57,19.93,21,7.34,20,6.99
4320305,Selbach,RS,2025,168,2,3,5,2.9762,1.19,1.79,2.98,93,55.36,47,27.98,15,8.93,8,4.76
4320321,Senador Salgado Filho,RS,2025,121,0,0,0,0.0,0.0,0.0,0.0,80,66.12,28,23.14,6,4.96,7,5.79
4320354,Sentinela do Sul,RS,2025,239,3,2,5,2.0921,1.26,0.84,2.1,102,42.68,54,22.59,39,16.32,39,16.32
4320404,Serafina Corrêa,RS,2025,826,9,12,21,2.5424,1.09,1.45,2.54,527,63.8,165,19.98,72,8.72,41,4.96
4320453,Sério,RS,2025,77,0,2,2,2.5974,0.0,2.6,2.6,56,72.73,16,20.78,1,1.3,2,2.6
4320503,Sertão,RS,2025,218,0,7,7,3.211,0.0,3.21,3.21,145,66.51,38,17.43,16,7.34,12,5.5
4320552,Sertão Santana,RS,2025,144,1,2,3,2.0833,0.69,1.39,2.08,88,61.11,26,18.06,19,13.19,8,5.56
4320578,Sete de Setembro,RS,2025,78,2,1,3,3.8462,2.56,1.28,3.84,45,57.69,11,14.1,12,15.38,7,8.97
4320602,Severiano de Almeida,RS,2025,137,1,6,7,5.1095,0.73,4.38,5.11,84,61.31,31,22.63,9,6.57,6,4.38
4320651,Silveira Martins,RS,2025,59,2,0,2,3.3898,3.39,0.0,3.39,38,64.41,12,20.34,2,3.39,5,8.47
4320677,Sinimbu,RS,2025,262,1,0,1,0.3817,0.38,0.0,0.38,174,66.41,54,20.61,20,7.63,13,4.96
4320701,Sobradinho,RS,2025,598,2,12,14,2.3411,0.33,2.01,2.34,364,60.87,128,21.4,55,9.2,37,6.19
4320800,Soledade,RS,2025,1610,29,35,64,3.9752,1.8,2.17,3.97,972,60.37,337,20.93,139,8.63,98,6.09
4320859,Tabaí,RS,2025,275,3,4,7,2.5455,1.09,1.45,2.54,154,56.0,66,24.0,33,12.0,15,5.45
4320909,Tapejara,RS,2025,415,1,14,15,3.6145,0.24,3.37,3.61,286,68.92,58,13.98,40,9.64,16,3.86
4321006,Tapera,RS,2025,399,28,14,42,10.5263,7.02,3.51,10.53,188,47.12,79,19.8,51,12.78,39,9.77
4321105,Tapes,RS,2025,334,11,8,19,5.6886,3.29,2.4,5.69,179,53.59,67,20.06,40,11.98,29,8.68
4321204,Taquara,RS,2025,805,10,23,33,4.0994,1.24,2.86,4.1,470,58.39,166,20.62,89,11.06,47,5.84
4321303,Taquari,RS,2025,753,19,17,36,4.7809,2.52,2.26,4.78,419,55.64,153,20.32,94,12.48,51,6.77
4321329,Taquaruçu do Sul,RS,2025,115,1,2,3,2.6087,0.87,1.74,2.61,61,53.04,29,25.22,11,9.57,11,9.57
4321352,Tavares,RS,2025,258,0,8,8,3.1008,0.0,3.1,3.1,146,56.59,57,22.09,24,9.3,23,8.91
4321402,Tenente Portela,RS,2025,740,1,10,11,1.4865,0.14,1.35,1.49,440,59.46,177,23.92,66,8.92,46,6.22
4321436,Terra de Areia,RS,2025,374,3,2,5,1.3369,0.8,0.53,1.33,184,49.2,88,23.53,64,17.11,33,8.82
4321451,Teutônia,RS,2025,1556,9,16,25,1.6067,0.58,1.03,1.61,916,58.87,389,25.0,163,10.48,63,4.05
4321469,Tio Hugo,RS,2025,164,2,1,3,1.8293,1.22,0.61,1.83,92,56.1,34,20.73,19,11.59,16,9.76
4321477,Tiradentes do Sul,RS,2025,143,0,5,5,3.4965,0.0,3.5,3.5,104,72.73,20,13.99,12,8.39,2,1.4
4321493,Toropi,RS,2025,93,0,1,1,1.0753,0.0,1.08,1.08,46,49.46,22,23.66,13,13.98,11,11.83
4321501,Torres,RS,2025,1587,12,14,26,1.6383,0.76,0.88,1.64,928,58.48,400,25.2,153,9.64,80,5.04
4321600,Tramandaí,RS,2025,922,14,15,29,3.1453,1.52,1.63,3.15,523,56.72,188,20.39,106,11.5,76,8.24
4321626,Travesseiro,RS,2025,87,1,0,1,1.1494,1.15,0.0,1.15,46,52.87,26,29.89,10,11.49,4,4.6
4321634,Três Arroios,RS,2025,48,0,0,0,0.0,0.0,0.0,0.0,19,39.58,21,43.75,7,14.58,1,2.08
4321667,Três Cachoeiras,RS,2025,448,1,3,4,0.8929,0.22,0.67,0.89,245,54.69,135,30.13,40,8.93,24,5.36
4321709,Três Coroas,RS,2025,549,2,9,11,2.0036,0.36,1.64,2.0,372,67.76,115,20.95,42,7.65,9,1.64
4321808,Três de Maio,RS,2025,584,6,17,23,3.9384,1.03,2.91,3.94,363,62.16,112,19.18,41,7.02,45,7.71
4321832,Três Forquilhas,RS,2025,172,3,2,5,2.907,1.74,1.16,2.9,92,53.49,42,24.42,16,9.3,17,9.88
4321857,Três Palmeiras,RS,2025,229,3,5,8,3.4934,1.31,2.18,3.49,118,51.53,63,27.51,22,9.61,18,7.86
4321907,Três Passos,RS,2025,882,14,27,41,4.6485,1.59,3.06,4.65,527,59.75,181,20.52,84,9.52,49,5.56
4321956,Trindade do Sul,RS,2025,436,2,7,9,2.0642,0.46,1.61,2.07,263,60.32,94,21.56,51,11.7,19,4.36
4322004,Triunfo,RS,2025,818,7,11,18,2.2005,0.86,1.34,2.2,450,55.01,193,23.59,96,11.74,61,7.46
4322103,Tucunduva,RS,2025,172,0,1,1,0.5814,0.0,0.58,0.58,99,57.56,38,22.09,23,13.37,11,6.4
4322152,Tunas,RS,2025,152,2,6,8,5.2632,1.32,3.95,5.27,105,69.08,25,16.45,6,3.95,8,5.26
4322186,Tupanci do Sul,RS,2025,53,0,0,0,0.0,0.0,0.0,0.0,35,66.04,10,18.87,5,9.43,3,5.66
4322202,Tupanciretã,RS,2025,583,8,9,17,2.916,1.37,1.54,2.91,342,58.66,115,19.73,75,12.86,34,5.83
4322251,Tupandi,RS,2025,224,0,0,0,0.0,0.0,0.0,0.0,138,61.61,59,26.34,19,8.48,8,3.57
4322301,Tuparendi,RS,2025,191,5,3,8,4.1885,2.62,1.57,4.19,127,66.49,36,18.85,11,5.76,9,4.71
4322327,Turuçu,RS,2025,91,6,5,11,12.0879,6.59,5.49,12.08,43,47.25,22,24.18,7,7.69,8,8.79
4322343,Ubiretama,RS,2025,41,0,0,0,0.0,0.0,0.0,0.0,26,63.41,7,17.07,2,4.88,6,14.63
4322350,União da Serra,RS,2025,15,2,0,2,13.3333,13.33,0.0,13.33,9,60.0,0,0.0,2,13.33,2,13.33
4322376,Unistalda,RS,2025,52,2,1,3,5.7692,3.85,1.92,5.77,33,63.46,12,23.08,3,5.77,1,1.92
4322400,Uruguaiana,RS,2025,3994,59,86,145,3.6304,1.48,2.15,3.63,2283,57.16,921,23.06,398,9.96,247,6.18
4322509,Vacaria,RS,2025,2928,25,51,76,2.5956,0.85,1.74,2.59,1856,63.39,616,21.04,226,7.72,154,5.26
4322525,Vale Verde,RS,2025,155,1,1,2,1.2903,0.65,0.65,1.3,97,62.58,33,21.29,14,9.03,9,5.81
4322533,Vale do Sol,RS,2025,342,0,2,2,0.5848,0.0,0.58,0.58,218,63.74,78,22.81,31,9.06,13,3.8
4322541,Vale Real,RS,2025,231,2,3,5,2.1645,0.87,1.3,2.17,138,59.74,65,28.14,11,4.76,12,5.19
4322558,Vanini,RS,2025,77,2,5,7,9.0909,2.6,6.49,9.09,46,59.74,15,19.48,7,9.09,2,2.6
4322608,Venâncio Aires,RS,2025,1803,3,23,26,1.442,0.17,1.28,1.45,1101,61.06,430,23.85,163,9.04,83,4.6
4322707,Vera Cruz,RS,2025,1205,3,18,21,1.7427,0.25,1.49,1.74,660,54.77,333,27.63,134,11.12,57,4.73
4322806,Veranópolis,RS,2025,705,4,12,16,2.2695,0.57,1.7,2.27,383,54.33,190,26.95,77,10.92,39,5.53
4322855,Vespasiano Corrêa,RS,2025,73,2,2,4,5.4795,2.74,2.74,5.48,48,65.75,11,15.07,6,8.22,4,5.48
4322905,Viadutos,RS,2025,110,4,1,5,4.5455,3.64,0.91,4.55,73,66.36,14,12.73,11,10.0,7,6.36
4323002,Viamão,RS,2025,8766,74,130,204,2.3272,0.84,1.48,2.32,4958,56.56,2002,22.84,963,10.99,639,7.29
4323101,Vicente Dutra,RS,2025,237,10,7,17,7.173,4.22,2.95,7.17,123,51.9,55,23.21,22,9.28,20,8.44
4323200,Victor Graeff,RS,2025,124,0,2,2,1.6129,0.0,1.61,1.61,74,59.68,35,28.23,7,5.65,6,4.84
4323309,Vila Flores,RS,2025,175,0,0,0,0.0,0.0,0.0,0.0,104,59.43,47,26.86,18,10.29,6,3.43
4323358,Vila Lângaro,RS,2025,53,0,3,3,5.6604,0.0,5.66,5.66,37,69.81,4,7.55,7,13.21,2,3.77
4323408,Vila Maria,RS,2025,178,5,5,10,5.618,2.81,2.81,5.62,113,63.48,24,13.48,20,11.24,11,6.18
4323457,Vila Nova do Sul,RS,2025,211,2,5,7,3.3175,0.95,2.37,3.32,121,57.35,47,22.27,21,9.95,15,7.11
4323507,Vista Alegre,RS,2025,134,0,1,1,0.7463,0.0,0.75,0.75,79,58.96,25,18.66,17,12.69,12,8.96
4323606,Vista Alegre do Prata,RS,2025,48,0,1,1,2.0833,0.0,2.08,2.08,38,79.17,7,14.58,1,2.08,1,2.08
4323705,Vista Gaúcha,RS,2025,46,1,2,3,6.5217,2.17,4.35,6.52,24,52.17,12,26.09,3,6.52,4,8.7
4323754,Vitória das Missões,RS,2025,79,1,0,1,1.2658,1.27,0.0,1.27,50,63.29,17,21.52,6,7.59,5,6.33
4323770,Westfália,RS,2025,134,0,0,0,0.0,0.0,0.0,0.0,79,58.96,35,26.12,11,8.21,9,6.72
4323804,Xangri-lá,RS,2025,226,2,2,4,1.7699,0.88,0.88,1.76,131,57.96,56,24.78,21,9.29,14,6.19
5000203,Água Clara,MS,2025,1212,4,26,30,2.4752,0.33,2.15,2.48,775,63.94,274,22.61,92,7.59,41,3.38
5000252,Alcinópolis,MS,2025,245,1,3,4,1.6327,0.41,1.22,1.63,169,68.98,40,16.33,25,10.2,7,2.86
5000609,Amambai,MS,2025,2177,28,49,77,3.537,1.29,2.25,3.54,1482,68.08,402,18.47,150,6.89,66,3.03
5000708,Anastácio,MS,2025,1651,24,43,67,4.0581,1.45,2.6,4.05,1058,64.08,317,19.2,123,7.45,86,5.21
5000807,Anaurilândia,MS,2025,202,2,8,10,4.9505,0.99,3.96,4.95,155,76.73,21,10.4,14,6.93,2,0.99
5000856,Angélica,MS,2025,692,5,14,19,2.7457,0.72,2.02,2.74,458,66.18,129,18.64,55,7.95,31,4.48
5000906,Antônio João,MS,2025,542,8,11,19,3.5055,1.48,2.03,3.51,328,60.52,127,23.43,44,8.12,24,4.43
5001003,Aparecida do Taboado,MS,2025,1433,31,48,79,5.5129,2.16,3.35,5.51,877,61.2,288,20.1,118,8.23,71,4.95
5001102,Aquidauana,MS,2025,3091,41,62,103,3.3323,1.33,2.01,3.34,1953,63.18,594,19.22,268,8.67,173,5.6
5001243,Aral Moreira,MS,2025,734,18,26,44,5.9946,2.45,3.54,5.99,451,61.44,137,18.66,57,7.77,45,6.13
5001508,Bandeirantes,MS,2025,411,6,4,10,2.4331,1.46,0.97,2.43,277,67.4,77,18.73,25,6.08,22,5.35
5001904,Bataguassu,MS,2025,1333,15,37,52,3.901,1.13,2.78,3.91,841,63.09,264,19.8,111,8.33,65,4.88
5002001,Batayporã,MS,2025,602,0,7,7,1.1628,0.0,1.16,1.16,417,69.27,116,19.27,43,7.14,19,3.16
5002100,Bela Vista,MS,2025,1075,24,44,68,6.3256,2.23,4.09,6.32,668,62.14,176,16.37,94,8.74,69,6.42
5002159,Bodoquena,MS,2025,361,6,6,12,3.3241,1.66,1.66,3.32,188,52.08,82,22.71,48,13.3,31,8.59
5002209,Bonito,MS,2025,1205,16,41,57,4.7303,1.33,3.4,4.73,752,62.41,208,17.26,111,9.21,77,6.39
5002308,Brasilândia,MS,2025,661,13,25,38,5.7489,1.97,3.78,5.75,427,64.6,127,19.21,43,6.51,26,3.93
5002407,Caarapó,MS,2025,1519,26,52,78,5.135,1.71,3.42,5.13,1035,68.14,258,16.98,95,6.25,53,3.49
5002605,Camapuã,MS,2025,802,7,13,20,2.4938,0.87,1.62,2.49,503,62.72,164,20.45,79,9.85,36,4.49
5002704,Campo Grande,MS,2025,28657,317,559,876,3.0568,1.11,1.95,3.06,17851,62.29,6067,21.17,2515,8.78,1348,4.7
5002803,Caracol,MS,2025,365,4,8,12,3.2877,1.1,2.19,3.29,225,61.64,88,24.11,31,8.49,9,2.47
5002902,Cassilândia,MS,2025,1273,14,22,36,2.828,1.1,1.73,2.83,805,63.24,270,21.21,115,9.03,47,3.69
5002951,Chapadão do Sul,MS,2025,1972,27,38,65,3.2961,1.37,1.93,3.3,1255,63.64,410,20.79,167,8.47,75,3.8
5003108,Corguinho,MS,2025,159,3,3,6,3.7736,1.89,1.89,3.78,94,59.12,38,23.9,10,6.29,11,6.92
5003157,Coronel Sapucaia,MS,2025,1305,14,32,46,3.5249,1.07,2.45,3.52,850,65.13,259,19.85,92,7.05,58,4.44
5003207,Corumbá,MS,2025,4402,88,149,237,5.3839,2.0,3.38,5.38,2851,64.77,820,18.63,313,7.11,181,4.11
5003256,Costa Rica,MS,2025,1615,55,58,113,6.9969,3.41,3.59,7.0,962,59.57,306,18.95,140,8.67,94,5.82
5003306,Coxim,MS,2025,1375,25,52,77,5.6,1.82,3.78,5.6,869,63.2,258,18.76,117,8.51,54,3.93
5003454,Deodápolis,MS,2025,775,12,17,29,3.7419,1.55,2.19,3.74,486,62.71,165,21.29,64,8.26,31,4.0
5003488,Dois Irmãos do Buriti,MS,2025,447,5,15,20,4.4743,1.12,3.36,4.48,282,63.09,84,18.79,33,7.38,28,6.26
5003504,Douradina,MS,2025,278,5,3,8,2.8777,1.8,1.08,2.88,194,69.78,38,13.67,23,8.27,15,5.4
5003702,Dourados,MS,2025,10154,85,204,289,2.8462,0.84,2.01,2.85,6997,68.91,1890,18.61,657,6.47,321,3.16
5003751,Eldorado,MS,2025,535,11,11,22,4.1121,2.06,2.06,4.12,314,58.69,103,19.25,45,8.41,51,9.53
5003801,Fátima do Sul,MS,2025,913,7,23,30,3.2859,0.77,2.52,3.29,581,63.64,179,19.61,95,10.41,28,3.07
5003900,Figueirão,MS,2025,180,0,5,5,2.7778,0.0,2.78,2.78,124,68.89,27,15.0,15,8.33,9,5.0
5004007,Glória de Dourados,MS,2025,485,6,18,24,4.9485,1.24,3.71,4.95,329,67.84,87,17.94,30,6.19,15,3.09
5004106,Guia Lopes da Laguna,MS,2025,518,20,11,31,5.9846,3.86,2.12,5.98,343,66.22,93,17.95,33,6.37,18,3.47
5004304,Iguatemi,MS,2025,791,6,19,25,3.1606,0.76,2.4,3.16,502,63.46,157,19.85,68,8.6,39,4.93
5004403,Inocência,MS,2025,608,15,14,29,4.7697,2.47,2.3,4.77,396,65.13,118,19.41,38,6.25,27,4.44
5004502,Itaporã,MS,2025,820,10,18,28,3.4146,1.22,2.2,3.42,474,57.8,175,21.34,72,8.78,71,8.66
5004601,Itaquiraí,MS,2025,996,28,25,53,5.3213,2.81,2.51,5.32,562,56.43,171,17.17,105,10.54,105,10.54
5004700,Ivinhema,MS,2025,1219,16,19,35,2.8712,1.31,1.56,2.87,685,56.19,268,21.99,141,11.57,90,7.38
5004809,Japorã,MS,2025,597,14,25,39,6.5327,2.35,4.19,6.54,392,65.66,111,18.59,27,4.52,28,4.69
5004908,Jaraguari,MS,2025,141,1,4,5,3.5461,0.71,2.84,3.55,95,67.38,25,17.73,10,7.09,6,4.26
5005004,Jardim,MS,2025,1384,38,36,74,5.3468,2.75,2.6,5.35,839,60.62,277,20.01,137,9.9,57,4.12
5005103,Jateí,MS,2025,206,5,6,11,5.3398,2.43,2.91,5.34,131,63.59,43,20.87,13,6.31,8,3.88
5005152,Juti,MS,2025,439,4,20,24,5.467,0.91,4.56,5.47,309,70.39,58,13.21,32,7.29,16,3.64
5005202,Ladário,MS,2025,1121,25,47,72,6.4228,2.23,4.19,6.42,764,68.15,195,17.4,56,5.0,34,3.03
5005251,Laguna Carapã,MS,2025,519,4,14,18,3.4682,0.77,2.7,3.47,330,63.58,107,20.62,46,8.86,18,3.47
5005400,Maracaju,MS,2025,2895,35,45,80,2.7634,1.21,1.55,2.76,1713,59.17,661,22.83,275,9.5,166,5.73
5005608,Miranda,MS,2025,1896,34,51,85,4.4831,1.79,2.69,4.48,1174,61.92,370,19.51,153,8.07,114,6.01
5005681,Mundo Novo,MS,2025,865,10,28,38,4.3931,1.16,3.24,4.4,510,58.96,178,20.58,86,9.94,53,6.13
5005707,Naviraí,MS,2025,1988,17,31,48,2.4145,0.86,1.56,2.42,1163,58.5,466,23.44,206,10.36,105,5.28
5005806,Nioaque,MS,2025,784,17,19,36,4.5918,2.17,2.42,4.59,468,59.69,159,20.28,59,7.53,62,7.91
5006002,Nova Alvorada do Sul,MS,2025,895,19,26,45,5.0279,2.12,2.91,5.03,545,60.89,169,18.88,79,8.83,57,6.37
5006200,Nova Andradina,MS,2025,2038,31,47,78,3.8273,1.52,2.31,3.83,1311,64.33,390,19.14,165,8.1,94,4.61
5006259,Novo Horizonte do Sul,MS,2025,287,3,11,14,4.878,1.05,3.83,4.88,163,56.79,62,21.6,33,11.5,15,5.23
5006275,Paraíso das Águas,MS,2025,375,6,11,17,4.5333,1.6,2.93,4.53,250,66.67,78,20.8,24,6.4,6,1.6
5006309,Paranaíba,MS,2025,1005,15,25,40,3.9801,1.49,2.49,3.98,616,61.29,206,20.5,87,8.66,56,5.57
5006358,Paranhos,MS,2025,1498,24,47,71,4.7397,1.6,3.14,4.74,984,65.69,293,19.56,96,6.41,54,3.6
5006408,Pedro Gomes,MS,2025,380,5,15,20,5.2632,1.32,3.95,5.27,241,63.42,64,16.84,34,8.95,21,5.53
5006606,Ponta Porã,MS,2025,5738,138,162,300,5.2283,2.41,2.82,5.23,3511,61.19,1111,19.36,442,7.7,374,6.52
5006903,Porto Murtinho,MS,2025,931,10,29,39,4.189,1.07,3.11,4.18,576,61.87,194,20.84,82,8.81,40,4.3
5007109,Ribas do Rio Pardo,MS,2025,1715,20,34,54,3.1487,1.17,1.98,3.15,1165,67.93,326,19.01,117,6.82,53,3.09
5007208,Rio Brilhante,MS,2025,1669,25,40,65,3.8945,1.5,2.4,3.9,947,56.74,366,21.93,176,10.55,115,6.89
5007307,Rio Negro,MS,2025,265,9,5,14,5.283,3.4,1.89,5.29,166,62.64,45,16.98,23,8.68,17,6.42
5007406,Rio Verde de Mato Grosso,MS,2025,1059,14,25,39,3.6827,1.32,2.36,3.68,711,67.14,201,18.98,74,6.99,34,3.21
5007505,Rochedo,MS,2025,240,7,7,14,5.8333,2.92,2.92,5.84,112,46.67,59,24.58,38,15.83,17,7.08
5007554,Santa Rita do Pardo,MS,2025,416,1,9,10,2.4038,0.24,2.16,2.4,248,59.62,88,21.15,36,8.65,34,8.17
5007695,São Gabriel do Oeste,MS,2025,1622,15,29,44,2.7127,0.92,1.79,2.71,996,61.41,391,24.11,118,7.27,73,4.5
5007703,Sete Quedas,MS,2025,638,10,20,30,4.7022,1.57,3.13,4.7,417,65.36,106,16.61,55,8.62,30,4.7
5007802,Selvíria,MS,2025,417,4,6,10,2.3981,0.96,1.44,2.4,247,59.23,94,22.54,41,9.83,25,6.0
5007901,Sidrolândia,MS,2025,2179,29,47,76,3.4878,1.33,2.16,3.49,1324,60.76,451,20.7,190,8.72,138,6.33
5007935,Sonora,MS,2025,721,9,16,25,3.4674,1.25,2.22,3.47,432,59.92,156,21.64,71,9.85,37,5.13
5007950,Tacuru,MS,2025,709,12,15,27,3.8082,1.69,2.12,3.81,459,64.74,124,17.49,69,9.73,30,4.23
5007976,Taquarussu,MS,2025,188,6,5,11,5.8511,3.19,2.66,5.85,110,58.51,42,22.34,17,9.04,8,4.26
5008008,Terenos,MS,2025,530,15,24,39,7.3585,2.83,4.53,7.36,342,64.53,83,15.66,40,7.55,26,4.91
5008305,Três Lagoas,MS,2025,5955,74,124,198,3.3249,1.24,2.08,3.32,3896,65.42,1159,19.46,466,7.83,236,3.96
5008404,Vicentina,MS,2025,130,2,2,4,3.0769,1.54,1.54,3.08,90,69.23,24,18.46,5,3.85,7,5.38
5100102,Acorizal,MT,2025,241,9,6,15,6.2241,3.73,2.49,6.22,171,70.95,30,12.45,11,4.56,14,5.81
5100201,Água Boa,MT,2025,1923,24,37,61,3.1721,1.25,1.92,3.17,1235,64.22,381,19.81,180,9.36,66,3.43
5100250,Alta Floresta,MT,2025,2671,47,66,113,4.2306,1.76,2.47,4.23,1684,63.05,502,18.79,223,8.35,149,5.58
5100300,Alto Araguaia,MT,2025,674,11,16,27,4.0059,1.63,2.37,4.0,433,64.24,124,18.4,47,6.97,43,6.38
5100359,Alto Boa Vista,MT,2025,515,1,12,13,2.5243,0.19,2.33,2.52,391,75.92,77,14.95,26,5.05,8,1.55
5100409,Alto Garças,MT,2025,721,37,34,71,9.8474,5.13,4.72,9.85,435,60.33,120,16.64,55,7.63,40,5.55
5100508,Alto Paraguai,MT,2025,524,5,12,17,3.2443,0.95,2.29,3.24,322,61.45,110,20.99,54,10.31,21,4.01
5100607,Alto Taquari,MT,2025,613,5,6,11,1.7945,0.82,0.98,1.8,395,64.44,135,22.02,55,8.97,17,2.77
5100805,Apiacás,MT,2025,475,13,17,30,6.3158,2.74,3.58,6.32,322,67.79,72,15.16,25,5.26,26,5.47
5101001,Araguaiana,MT,2025,220,2,2,4,1.8182,0.91,0.91,1.82,142,64.55,42,19.09,17,7.73,15,6.82
5101209,Araguainha,MT,2025,76,0,5,5,6.5789,0.0,6.58,6.58,55,72.37,9,11.84,4,5.26,3,3.95
5101258,Araputanga,MT,2025,725,18,34,52,7.1724,2.48,4.69,7.17,456,62.9,140,19.31,45,6.21,32,4.41
5101308,Arenápolis,MT,2025,691,6,18,24,3.4732,0.87,2.6,3.47,451,65.27,131,18.96,39,5.64,46,6.66
5101407,Aripuanã,MT,2025,1660,11,52,63,3.7952,0.66,3.13,3.79,1098,66.14,306,18.43,130,7.83,63,3.8
5101605,Barão de Melgaço,MT,2025,322,4,7,11,3.4161,1.24,2.17,3.41,234,72.67,45,13.98,17,5.28,15,4.66
5101704,Barra do Bugres,MT,2025,1393,19,31,50,3.5894,1.36,2.23,3.59,924,66.33,249,17.88,108,7.75,62,4.45
5101803,Barra do Garças,MT,2025,3142,79,94,173,5.506,2.51,2.99,5.5,1987,63.24,615,19.57,244,7.77,123,3.91
5101837,Boa Esperança do Norte,MT,2025,,,,,,,,,,,,,,,,
5101852,Bom Jesus do Araguaia,MT,2025,481,31,16,47,9.7713,6.44,3.33,9.77,281,58.42,81,16.84,46,9.56,26,5.41
5101902,Brasnorte,MT,2025,1247,15,32,47,3.769,1.2,2.57,3.77,907,72.73,189,15.16,70,5.61,34,2.73
5102504,Cáceres,MT,2025,3861,56,137,193,4.9987,1.45,3.55,5.0,2530,65.53,702,18.18,278,7.2,158,4.09
5102603,Campinápolis,MT,2025,1445,99,66,165,11.4187,6.85,4.57,11.42,820,56.75,281,19.45,114,7.89,65,4.5
5102637,Campo Novo do Parecis,MT,2025,3440,52,96,148,4.3023,1.51,2.79,4.3,2168,63.02,652,18.95,296,8.6,176,5.12
5102678,Campo Verde,MT,2025,2288,19,48,67,2.9283,0.83,2.1,2.93,1569,68.58,410,17.92,168,7.34,74,3.23
5102686,Campos de Júlio,MT,2025,415,10,7,17,4.0964,2.41,1.69,4.1,286,68.92,69,16.63,32,7.71,11,2.65
5102694,Canabrava do Norte,MT,2025,229,1,10,11,4.8035,0.44,4.37,4.81,165,72.05,30,13.1,16,6.99,7,3.06
5102702,Canarana,MT,2025,1487,19,35,54,3.6315,1.28,2.35,3.63,1034,69.54,254,17.08,78,5.25,67,4.51
5102793,Carlinda,MT,2025,206,10,5,15,7.2816,4.85,2.43,7.28,149,72.33,25,12.14,10,4.85,7,3.4
5102850,Castanheira,MT,2025,485,9,14,23,4.7423,1.86,2.89,4.75,278,57.32,91,18.76,55,11.34,38,7.84
5103007,Chapada dos Guimarães,MT,2025,1079,18,27,45,4.1705,1.67,2.5,4.17,716,66.36,183,16.96,98,9.08,37,3.43
5103056,Cláudia,MT,2025,459,5,14,19,4.1394,1.09,3.05,4.14,284,61.87,76,16.56,44,9.59,36,7.84
5103106,Cocalinho,MT,2025,379,7,5,12,3.1662,1.85,1.32,3.17,243,64.12,74,19.53,30,7.92,20,5.28
5103205,Colíder,MT,2025,604,10,27,37,6.1258,1.66,4.47,6.13,400,66.23,95,15.73,36,5.96,36,5.96
5103254,Colniza,MT,2025,1304,25,50,75,5.7515,1.92,3.83,5.75,890,68.25,216,16.56,83,6.37,40,3.07
5103304,Comodoro,MT,2025,1163,16,28,44,3.7833,1.38,2.41,3.79,835,71.8,192,16.51,60,5.16,32,2.75
5103353,Confresa,MT,2025,3075,42,83,125,4.065,1.37,2.7,4.07,1962,63.8,625,20.33,239,7.77,124,4.03
5103361,Conquista D'Oeste,MT,2025,282,7,8,15,5.3191,2.48,2.84,5.32,188,66.67,52,18.44,17,6.03,10,3.55
5103379,Cotriguaçu,MT,2025,681,10,20,30,4.4053,1.47,2.94,4.41,443,65.05,118,17.33,58,8.52,32,4.7
5103403,Cuiabá,MT,2025,22379,333,592,925,4.1333,1.49,2.65,4.14,14895,66.56,4187,18.71,1563,6.98,809,3.61
5103437,Curvelândia,MT,2025,153,4,9,13,8.4967,2.61,5.88,8.49,103,67.32,15,9.8,14,9.15,8,5.23
5103452,Denise,MT,2025,220,7,8,15,6.8182,3.18,3.64,6.82,133,60.45,39,17.73,13,5.91,20,9.09
5103502,Diamantino,MT,2025,853,17,29,46,5.3927,1.99,3.4,5.39,560,65.65,147,17.23,62,7.27,38,4.45
5103601,Dom Aquino,MT,2025,424,1,4,5,1.1792,0.24,0.94,1.18,323,76.18,57,13.44,21,4.95,18,4.25
5103700,Feliz Natal,MT,2025,598,27,19,46,7.6923,4.52,3.18,7.7,372,62.21,94,15.72,55,9.2,31,5.18
5103809,Figueirópolis D'Oeste,MT,2025,122,6,5,11,9.0164,4.92,4.1,9.02,70,57.38,28,22.95,8,6.56,5,4.1
5103858,Gaúcha do Norte,MT,2025,840,8,8,16,1.9048,0.95,0.95,1.9,544,64.76,187,22.26,55,6.55,38,4.52
5103908,General Carneiro,MT,2025,350,15,6,21,6.0,4.29,1.71,6.0,227,64.86,61,17.43,21,6.0,20,5.71
5103957,Glória D'Oeste,MT,2025,163,0,5,5,3.0675,0.0,3.07,3.07,106,65.03,35,21.47,9,5.52,8,4.91
5104104,Guarantã do Norte,MT,2025,1558,24,50,74,4.7497,1.54,3.21,4.75,1105,70.92,258,16.56,80,5.13,41,2.63
5104203,Guiratinga,MT,2025,328,4,9,13,3.9634,1.22,2.74,3.96,216,65.85,59,17.99,26,7.93,14,4.27
5104500,Indiavaí,MT,2025,95,1,1,2,2.1053,1.05,1.05,2.1,68,71.58,9,9.47,5,5.26,11,11.58
5104526,Ipiranga do Norte,MT,2025,595,7,17,24,4.0336,1.18,2.86,4.04,356,59.83,121,20.34,52,8.74,42,7.06
5104542,Itanhangá,MT,2025,416,7,13,20,4.8077,1.68,3.13,4.81,294,70.67,72,17.31,22,5.29,8,1.92
5104559,Itaúba,MT,2025,393,1,18,19,4.8346,0.25,4.58,4.83,242,61.58,80,20.36,26,6.62,26,6.62
5104609,Itiquira,MT,2025,475,17,18,35,7.3684,3.58,3.79,7.37,296,62.32,68,14.32,42,8.84,34,7.16
5104807,Jaciara,MT,2025,1367,24,29,53,3.8771,1.76,2.12,3.88,873,63.86,239,17.48,94,6.88,108,7.9
5104906,Jangada,MT,2025,400,27,25,52,13.0,6.75,6.25,13.0,220,55.0,61,15.25,26,6.5,41,10.25
5105002,Jauru,MT,2025,150,0,7,7,4.6667,0.0,4.67,4.67,105,70.0,23,15.33,4,2.67,11,7.33
5105101,Juara,MT,2025,2134,23,46,69,3.2334,1.08,2.16,3.24,1507,70.62,367,17.2,126,5.9,65,3.05
5105150,Juína,MT,2025,1361,27,28,55,4.0411,1.98,2.06,4.04,860,63.19,262,19.25,103,7.57,81,5.95
5105176,Juruena,MT,2025,352,27,21,48,13.6364,7.67,5.97,13.64,205,58.24,47,13.35,26,7.39,26,7.39
5105200,Juscimeira,MT,2025,461,9,13,22,4.7722,1.95,2.82,4.77,307,66.59,66,14.32,38,8.24,28,6.07
5105234,Lambari D'Oeste,MT,2025,253,34,18,52,20.5534,13.44,7.11,20.55,139,54.94,33,13.04,21,8.3,8,3.16
5105259,Lucas do Rio Verde,MT,2025,2368,68,82,150,6.3345,2.87,3.46,6.33,1498,63.26,364,15.37,154,6.5,202,8.53
5105309,Luciara,MT,2025,198,5,8,13,6.5657,2.53,4.04,6.57,138,69.7,28,14.14,14,7.07,5,2.53
5105507,Vila Bela da Santíssima Trindade,MT,2025,994,36,43,79,7.9477,3.62,4.33,7.95,630,63.38,164,16.5,68,6.84,53,5.33
5105580,Marcelândia,MT,2025,790,9,25,34,4.3038,1.14,3.16,4.3,525,66.46,138,17.47,46,5.82,47,5.95
5105606,Matupá,MT,2025,1343,17,31,48,3.5741,1.27,2.31,3.58,854,63.59,282,21.0,106,7.89,53,3.95
5105622,Mirassol d'Oeste,MT,2025,1356,18,49,67,4.941,1.33,3.61,4.94,860,63.42,244,17.99,131,9.66,54,3.98
5105903,Nobres,MT,2025,717,8,25,33,4.6025,1.12,3.49,4.61,486,67.78,117,16.32,44,6.14,37,5.16
5106000,Nortelândia,MT,2025,279,9,9,18,6.4516,3.23,3.23,6.46,179,64.16,42,15.05,22,7.89,18,6.45
5106109,Nossa Senhora do Livramento,MT,2025,677,19,12,31,4.579,2.81,1.77,4.58,330,48.74,122,18.02,114,16.84,80,11.82
5106158,Nova Bandeirantes,MT,2025,901,21,48,69,7.6582,2.33,5.33,7.66,593,65.82,138,15.32,60,6.66,41,4.55
5106174,Nova Nazaré,MT,2025,486,20,14,34,6.9959,4.12,2.88,7.0,315,64.81,77,15.84,41,8.44,19,3.91
5106182,Nova Lacerda,MT,2025,522,8,14,22,4.2146,1.53,2.68,4.21,330,63.22,104,19.92,35,6.7,31,5.94
5106190,Nova Santa Helena,MT,2025,394,7,5,12,3.0457,1.78,1.27,3.05,271,68.78,53,13.45,25,6.35,33,8.38
5106208,Nova Brasilândia,MT,2025,250,10,5,15,6.0,4.0,2.0,6.0,152,60.8,56,22.4,20,8.0,7,2.8
5106216,Nova Canaã do Norte,MT,2025,497,11,8,19,3.8229,2.21,1.61,3.82,323,64.99,88,17.71,38,7.65,29,5.84
5106224,Nova Mutum,MT,2025,2014,31,43,74,3.6743,1.54,2.14,3.68,1386,68.82,369,18.32,127,6.31,58,2.88
5106232,Nova Olímpia,MT,2025,562,15,14,29,5.1601,2.67,2.49,5.16,350,62.28,104,18.51,41,7.3,38,6.76
5106240,Nova Ubiratã,MT,2025,243,8,8,16,6.5844,3.29,3.29,6.58,159,65.43,45,18.52,17,7.0,6,2.47
5106257,Nova Xavantina,MT,2025,1099,19,34,53,4.8226,1.73,3.09,4.82,690,62.78,231,21.02,79,7.19,46,4.19
5106265,Novo Mundo,MT,2025,602,11,12,23,3.8206,1.83,1.99,3.82,407,67.61,99,16.45,52,8.64,21,3.49
5106273,Novo Horizonte do Norte,MT,2025,156,9,4,13,8.3333,5.77,2.56,8.33,105,67.31,29,18.59,4,2.56,5,3.21
5106281,Novo São Joaquim,MT,2025,479,11,10,21,4.3841,2.3,2.09,4.39,319,66.6,69,14.41,48,10.02,22,4.59
5106299,Paranaíta,MT,2025,560,16,11,27,4.8214,2.86,1.96,4.82,335,59.82,128,22.86,44,7.86,26,4.64
5106307,Paranatinga,MT,2025,1067,23,35,58,5.4358,2.16,3.28,5.44,670,62.79,186,17.43,78,7.31,75,7.03
5106315,Novo Santo Antônio,MT,2025,137,2,8,10,7.2993,1.46,5.84,7.3,97,70.8,19,13.87,6,4.38,5,3.65
5106372,Pedra Preta,MT,2025,559,8,8,16,2.8623,1.43,1.43,2.86,361,64.58,102,18.25,53,9.48,27,4.83
5106422,Peixoto de Azevedo,MT,2025,2202,40,55,95,4.3143,1.82,2.5,4.32,1450,65.85,376,17.08,165,7.49,116,5.27
5106455,Planalto da Serra,MT,2025,309,0,2,2,0.6472,0.0,0.65,0.65,208,67.31,60,19.42,24,7.77,15,4.85
5106505,Poconé,MT,2025,2037,44,69,113,5.5474,2.16,3.39,5.55,1282,62.94,372,18.26,157,7.71,113,5.55
5106653,Pontal do Araguaia,MT,2025,327,6,9,15,4.5872,1.83,2.75,4.58,196,59.94,48,14.68,34,10.4,34,10.4
5106703,Ponte Branca,MT,2025,106,1,2,3,2.8302,0.94,1.89,2.83,79,74.53,14,13.21,4,3.77,6,5.66
5106752,Pontes e Lacerda,MT,2025,1205,21,33,54,4.4813,1.74,2.74,4.48,829,68.8,185,15.35,83,6.89,54,4.48
5106778,Porto Alegre do Norte,MT,2025,887,103,34,137,15.4453,11.61,3.83,15.44,564,63.59,120,13.53,51,5.75,15,1.69
5106802,Porto dos Gaúchos,MT,2025,491,7,15,22,4.4807,1.43,3.05,4.48,316,64.36,103,20.98,29,5.91,21,4.28
5106828,Porto Esperidião,MT,2025,761,6,19,25,3.2852,0.79,2.5,3.29,487,63.99,172,22.6,49,6.44,28,3.68
5106851,Porto Estrela,MT,2025,97,0,2,2,2.0619,0.0,2.06,2.06,58,59.79,18,18.56,11,11.34,8,8.25
5107008,Poxoréu,MT,2025,684,34,32,66,9.6491,4.97,4.68,9.65,456,66.67,82,11.99,34,4.97,46,6.73
5107040,Primavera do Leste,MT,2025,4510,23,110,133,2.949,0.51,2.44,2.95,3193,70.8,773,17.14,272,6.03,139,3.08
5107065,Querência,MT,2025,2994,52,70,122,4.0748,1.74,2.34,4.08,2012,67.2,557,18.6,198,6.61,105,3.51
5107107,São José dos Quatro Marcos,MT,2025,761,14,13,27,3.548,1.84,1.71,3.55,498,65.44,143,18.79,62,8.15,31,4.07
5107156,Reserva do Cabaçal,MT,2025,131,6,3,9,6.8702,4.58,2.29,6.87,90,68.7,18,13.74,5,3.82,9,6.87
5107180,Ribeirão Cascalheira,MT,2025,640,20,29,49,7.6563,3.13,4.53,7.66,411,64.22,108,16.88,36,5.63,36,5.63
5107198,Ribeirãozinho,MT,2025,163,5,5,10,6.135,3.07,3.07,6.14,103,63.19,27,16.56,16,9.82,7,4.29
5107206,Rio Branco,MT,2025,182,11,7,18,9.8901,6.04,3.85,9.89,113,62.09,29,15.93,11,6.04,11,6.04
5107248,Santa Carmem,MT,2025,324,6,9,15,4.6296,1.85,2.78,4.63,200,61.73,69,21.3,29,8.95,11,3.4
5107263,Santo Afonso,MT,2025,166,6,5,11,6.6265,3.61,3.01,6.62,110,66.27,29,17.47,7,4.22,9,5.42
5107297,São José do Povo,MT,2025,116,0,1,1,0.8621,0.0,0.86,0.86,70,60.34,20,17.24,19,16.38,6,5.17
5107305,São José do Rio Claro,MT,2025,1040,31,22,53,5.0962,2.98,2.12,5.1,643,61.83,202,19.42,88,8.46,54,5.19
5107354,São José do Xingu,MT,2025,585,20,17,37,6.3248,3.42,2.91,6.33,387,66.15,107,18.29,33,5.64,21,3.59
5107404,São Pedro da Cipa,MT,2025,200,5,2,7,3.5,2.5,1.0,3.5,114,57.0,37,18.5,24,12.0,18,9.0
5107578,Rondolândia,MT,2025,147,7,7,14,9.5238,4.76,4.76,9.52,89,60.54,26,17.69,12,8.16,6,4.08
5107602,Rondonópolis,MT,2025,9155,202,328,530,5.7892,2.21,3.58,5.79,5892,64.36,1591,17.38,712,7.78,430,4.7
5107701,Rosário Oeste,MT,2025,522,20,28,48,9.1954,3.83,5.36,9.19,341,65.33,69,13.22,29,5.56,35,6.7
5107743,Santa Cruz do Xingu,MT,2025,210,4,10,14,6.6667,1.9,4.76,6.66,150,71.43,33,15.71,8,3.81,5,2.38
5107750,Salto do Céu,MT,2025,244,5,3,8,3.2787,2.05,1.23,3.28,144,59.02,39,15.98,25,10.25,28,11.48
5107768,Santa Rita do Trivelato,MT,2025,230,1,2,3,1.3043,0.43,0.87,1.3,147,63.91,40,17.39,25,10.87,15,6.52
5107776,Santa Terezinha,MT,2025,446,10,14,24,5.3812,2.24,3.14,5.38,289,64.8,67,15.02,33,7.4,33,7.4
5107792,Santo Antônio do Leste,MT,2025,300,5,10,15,5.0,1.67,3.33,5.0,215,71.67,53,17.67,15,5.0,2,0.67
5107800,Santo Antônio de Leverger,MT,2025,1102,30,40,70,6.3521,2.72,3.63,6.35,642,58.26,217,19.69,92,8.35,81,7.35
5107859,São Félix do Araguaia,MT,2025,712,11,21,32,4.4944,1.54,2.95,4.49,456,64.04,136,19.1,55,7.72,33,4.63
5107875,Sapezal,MT,2025,1545,35,33,68,4.4013,2.27,2.14,4.41,977,63.24,304,19.68,103,6.67,93,6.02
5107883,Serra Nova Dourada,MT,2025,131,2,5,7,5.3435,1.53,3.82,5.35,78,59.54,21,16.03,14,10.69,11,8.4
5107909,Sinop,MT,2025,11538,117,413,530,4.5935,1.01,3.58,4.59,7623,66.07,2068,17.92,847,7.34,470,4.07
5107925,Sorriso,MT,2025,3878,63,64,127,3.2749,1.62,1.65,3.27,2390,61.63,836,21.56,340,8.77,185,4.77
5107941,Tabaporã,MT,2025,568,14,19,33,5.8099,2.46,3.35,5.81,357,62.85,101,17.78,46,8.1,31,5.46
5107958,Tangará da Serra,MT,2025,4144,34,66,100,2.4131,0.82,1.59,2.41,2836,68.44,762,18.39,280,6.76,166,4.01
5108006,Tapurah,MT,2025,702,7,19,26,3.7037,1.0,2.71,3.71,465,66.24,126,17.95,58,8.26,27,3.85
5108055,Terra Nova do Norte,MT,2025,497,11,21,32,6.4386,2.21,4.23,6.44,325,65.39,81,16.3,35,7.04,24,4.83
5108105,Tesouro,MT,2025,159,3,2,5,3.1447,1.89,1.26,3.15,93,58.49,32,20.13,13,8.18,16,10.06
5108204,Torixoréu,MT,2025,150,2,7,9,6.0,1.33,4.67,6.0,95,63.33,20,13.33,14,9.33,12,8.0
5108303,União do Sul,MT,2025,382,6,2,8,2.0942,1.57,0.52,2.09,215,56.28,95,24.87,35,9.16,29,7.59
5108352,Vale de São Domingos,MT,2025,180,18,13,31,17.2222,10.0,7.22,17.22,87,48.33,15,8.33,18,10.0,29,16.11
5108402,Várzea Grande,MT,2025,12646,276,327,603,4.7683,2.18,2.59,4.77,7852,62.09,2521,19.94,1042,8.24,628,4.97
5108501,Vera,MT,2025,453,12,19,31,6.8433,2.65,4.19,6.84,300,66.23,79,17.44,27,5.96,16,3.53
5108600,Vila Rica,MT,2025,1339,14,27,41,3.062,1.05,2.02,3.07,928,69.31,242,18.07,83,6.2,45,3.36
5108808,Nova Guarita,MT,2025,361,7,8,15,4.1551,1.94,2.22,4.16,233,64.54,61,16.9,27,7.48,25,6.93
5108857,Nova Marilândia,MT,2025,247,2,5,7,2.834,0.81,2.02,2.83,166,67.21,45,18.22,18,7.29,11,4.45
5108907,Nova Maringá,MT,2025,437,15,14,29,6.6362,3.43,3.2,6.63,261,59.73,66,15.1,29,6.64,52,11.9
5108956,Nova Monte Verde,MT,2025,396,7,21,28,7.0707,1.77,5.3,7.07,232,58.59,71,17.93,40,10.1,25,6.31
5200050,Abadia de Goiás,GO,2025,1169,17,40,57,4.876,1.45,3.42,4.87,762,65.18,219,18.73,75,6.42,56,4.79
5200100,Abadiânia,GO,2025,656,17,17,34,5.1829,2.59,2.59,5.18,434,66.16,116,17.68,50,7.62,22,3.35
5200134,Acreúna,GO,2025,396,14,7,21,5.303,3.54,1.77,5.31,251,63.38,75,18.94,27,6.82,22,5.56
5200159,Adelândia,GO,2025,86,1,0,1,1.1628,1.16,0.0,1.16,58,67.44,15,17.44,8,9.3,4,4.65
5200175,Água Fria de Goiás,GO,2025,284,10,6,16,5.6338,3.52,2.11,5.63,159,55.99,52,18.31,34,11.97,23,8.1
5200209,Água Limpa,GO,2025,106,1,2,3,2.8302,0.94,1.89,2.83,71,66.98,16,15.09,10,9.43,6,5.66
5200258,Águas Lindas de Goiás,GO,2025,11413,193,340,533,4.6701,1.69,2.98,4.67,7690,67.38,2043,17.9,740,6.48,407,3.57
5200308,Alexânia,GO,2025,1417,34,69,103,7.2689,2.4,4.87,7.27,997,70.36,193,13.62,74,5.22,50,3.53
5200506,Aloândia,GO,2025,58,5,6,11,18.9655,8.62,10.34,18.96,29,50.0,5,8.62,10,17.24,3,5.17
5200555,Alto Horizonte,GO,2025,302,8,14,22,7.2848,2.65,4.64,7.29,198,65.56,50,16.56,22,7.28,10,3.31
5200605,Alto Paraíso de Goiás,GO,2025,571,14,20,34,5.9545,2.45,3.5,5.95,385,67.43,99,17.34,33,5.78,20,3.5
5200803,Alvorada do Norte,GO,2025,478,7,21,28,5.8577,1.46,4.39,5.85,333,69.67,61,12.76,39,8.16,17,3.56
5200829,Amaralina,GO,2025,183,3,7,10,5.4645,1.64,3.83,5.47,119,65.03,27,14.75,19,10.38,8,4.37
5200852,Americano do Brasil,GO,2025,270,6,7,13,4.8148,2.22,2.59,4.81,200,74.07,34,12.59,14,5.19,9,3.33
5200902,Amorinópolis,GO,2025,147,2,3,5,3.4014,1.36,2.04,3.4,97,65.99,26,17.69,14,9.52,5,3.4
5201108,Anápolis,GO,2025,11798,374,342,716,6.0688,3.17,2.9,6.07,7539,63.9,1973,16.72,875,7.42,695,5.89
5201207,Anhanguera,GO,2025,42,2,4,6,14.2857,4.76,9.52,14.28,23,54.76,9,21.43,4,9.52,0,0.0
5201306,Anicuns,GO,2025,840,21,31,52,6.1905,2.5,3.69,6.19,591,70.36,130,15.48,40,4.76,27,3.21
5201405,Aparecida de Goiânia,GO,2025,16663,243,558,801,4.8071,1.46,3.35,4.81,10071,60.44,2912,17.48,1899,11.4,980,5.88
5201454,Aparecida do Rio Doce,GO,2025,106,8,7,15,14.1509,7.55,6.6,14.15,55,51.89,15,14.15,11,10.38,10,9.43
5201504,Aporé,GO,2025,289,5,5,10,3.4602,1.73,1.73,3.46,170,58.82,63,21.8,30,10.38,16,5.54
5201603,Araçu,GO,2025,150,2,5,7,4.6667,1.33,3.33,4.66,89,59.33,28,18.67,15,10.0,11,7.33
5201702,Aragarças,GO,2025,588,18,21,39,6.6327,3.06,3.57,6.63,260,44.22,78,13.27,45,7.65,166,28.23
5201801,Aragoiânia,GO,2025,690,11,18,29,4.2029,1.59,2.61,4.2,446,64.64,126,18.26,50,7.25,39,5.65
5202155,Araguapaz,GO,2025,213,7,8,15,7.0423,3.29,3.76,7.05,139,65.26,26,12.21,9,4.23,24,11.27
5202353,Arenópolis,GO,2025,161,2,3,5,3.1056,1.24,1.86,3.1,96,59.63,31,19.25,18,11.18,11,6.83
5202502,Aruanã,GO,2025,426,3,7,10,2.3474,0.7,1.64,2.34,266,62.44,98,23.0,29,6.81,23,5.4
5202601,Aurilândia,GO,2025,84,0,2,2,2.381,0.0,2.38,2.38,56,66.67,14,16.67,8,9.52,4,4.76
5202809,Avelinópolis,GO,2025,140,0,2,2,1.4286,0.0,1.43,1.43,82,58.57,35,25.0,18,12.86,3,2.14
5203104,Baliza,GO,2025,157,6,7,13,8.2803,3.82,4.46,8.28,117,74.52,11,7.01,11,7.01,5,3.18
5203203,Barro Alto,GO,2025,435,7,13,20,4.5977,1.61,2.99,4.6,299,68.74,70,16.09,31,7.13,15,3.45
5203302,Bela Vista de Goiás,GO,2025,833,19,17,36,4.3217,2.28,2.04,4.32,517,62.06,149,17.89,67,8.04,64,7.68
5203401,Bom Jardim de Goiás,GO,2025,336,11,18,29,8.631,3.27,5.36,8.63,215,63.99,42,12.5,16,4.76,34,10.12
5203500,Bom Jesus de Goiás,GO,2025,754,23,31,54,7.1618,3.05,4.11,7.16,461,61.14,132,17.51,55,7.29,52,6.9
5203559,Bonfinópolis,GO,2025,458,9,17,26,5.6769,1.97,3.71,5.68,309,67.47,81,17.69,27,5.9,15,3.28
5203575,Bonópolis,GO,2025,216,5,8,13,6.0185,2.31,3.7,6.01,136,62.96,40,18.52,19,8.8,8,3.7
5203609,Brazabrantes,GO,2025,207,2,2,4,1.9324,0.97,0.97,1.94,137,66.18,40,19.32,16,7.73,10,4.83
5203807,Britânia,GO,2025,322,2,5,7,2.1739,0.62,1.55,2.17,224,69.57,60,18.63,25,7.76,6,1.86
5203906,Buriti Alegre,GO,2025,375,0,3,3,0.8,0.0,0.8,0.8,256,68.27,81,21.6,20,5.33,15,4.0
5203939,Buriti de Goiás,GO,2025,121,3,0,3,2.4793,2.48,0.0,2.48,79,65.29,22,18.18,13,10.74,4,3.31
5203962,Buritinópolis,GO,2025,193,3,8,11,5.6995,1.55,4.15,5.7,136,70.47,26,13.47,17,8.81,3,1.55
5204003,Cabeceiras,GO,2025,427,8,13,21,4.918,1.87,3.04,4.91,266,62.3,90,21.08,28,6.56,22,5.15
5204102,Cachoeira Alta,GO,2025,487,5,9,14,2.8747,1.03,1.85,2.88,342,70.23,85,17.45,33,6.78,13,2.67
5204201,Cachoeira de Goiás,GO,2025,86,1,3,4,4.6512,1.16,3.49,4.65,57,66.28,11,12.79,6,6.98,8,9.3
5204250,Cachoeira Dourada,GO,2025,303,2,7,9,2.9703,0.66,2.31,2.97,188,62.05,61,20.13,31,10.23,14,4.62
5204300,Caçu,GO,2025,570,7,10,17,2.9825,1.23,1.75,2.98,362,63.51,115,20.18,47,8.25,29,5.09
5204409,Caiapônia,GO,2025,334,9,14,23,6.8862,2.69,4.19,6.88,222,66.47,52,15.57,20,5.99,17,5.09
5204508,Caldas Novas,GO,2025,3969,50,114,164,4.132,1.26,2.87,4.13,2695,67.9,712,17.94,258,6.5,140,3.53
5204557,Caldazinha,GO,2025,158,0,1,1,0.6329,0.0,0.63,0.63,98,62.03,24,15.19,11,6.96,24,15.19
5204607,Campestre de Goiás,GO,2025,144,4,6,10,6.9444,2.78,4.17,6.95,89,61.81,27,18.75,11,7.64,7,4.86
5204656,Campinaçu,GO,2025,259,2,11,13,5.0193,0.77,4.25,5.02,181,69.88,40,15.44,19,7.34,6,2.32
5204706,Campinorte,GO,2025,655,9,20,29,4.4275,1.37,3.05,4.42,422,64.43,117,17.86,47,7.18,40,6.11
5204805,Campo Alegre de Goiás,GO,2025,315,2,1,3,0.9524,0.63,0.32,0.95,192,60.95,70,22.22,29,9.21,21,6.67
5204854,Campo Limpo de Goiás,GO,2025,581,7,11,18,3.0981,1.2,1.89,3.09,386,66.44,103,17.73,47,8.09,27,4.65
5204904,Campos Belos,GO,2025,1030,20,43,63,6.1165,1.94,4.17,6.11,717,69.61,136,13.2,60,5.83,54,5.24
5204953,Campos Verdes,GO,2025,188,5,7,12,6.383,2.66,3.72,6.38,119,63.3,30,15.96,17,9.04,10,5.32
5205000,Carmo do Rio Verde,GO,2025,356,7,5,12,3.3708,1.97,1.4,3.37,210,58.99,62,17.42,44,12.36,28,7.87
5205059,Castelândia,GO,2025,174,0,11,11,6.3218,0.0,6.32,6.32,119,68.39,24,13.79,12,6.9,8,4.6
5205109,Catalão,GO,2025,3251,26,54,80,2.4608,0.8,1.66,2.46,2257,69.42,603,18.55,200,6.15,111,3.41
5205208,Caturaí,GO,2025,255,9,7,16,6.2745,3.53,2.75,6.28,151,59.22,49,19.22,21,8.24,18,7.06
5205307,Cavalcante,GO,2025,705,15,36,51,7.234,2.13,5.11,7.24,504,71.49,91,12.91,34,4.82,25,3.55
5205406,Ceres,GO,2025,518,12,15,27,5.2124,2.32,2.9,5.22,342,66.02,90,17.37,31,5.98,28,5.41
5205455,Cezarina,GO,2025,410,9,13,22,5.3659,2.2,3.17,5.37,251,61.22,75,18.29,28,6.83,34,8.29
5205471,Chapadão do Céu,GO,2025,385,9,11,20,5.1948,2.34,2.86,5.2,275,71.43,56,14.55,24,6.23,10,2.6
5205497,Cidade Ocidental,GO,2025,2803,76,142,218,7.7774,2.71,5.07,7.78,1953,69.68,392,13.99,138,4.92,102,3.64
5205513,Cocalzinho de Goiás,GO,2025,1079,24,29,53,4.912,2.22,2.69,4.91,730,67.66,174,16.13,62,5.75,60,5.56
5205521,Colinas do Sul,GO,2025,267,39,20,59,22.0974,14.61,7.49,22.1,127,47.57,59,22.1,12,4.49,10,3.75
5205703,Córrego do Ouro,GO,2025,113,0,1,1,0.885,0.0,0.88,0.88,60,53.1,34,30.09,5,4.42,13,11.5
5205802,Corumbá de Goiás,GO,2025,408,1,6,7,1.7157,0.25,1.47,1.72,265,64.95,84,20.59,29,7.11,23,5.64
5205901,Corumbaíba,GO,2025,402,12,8,20,4.9751,2.99,1.99,4.98,245,60.95,87,21.64,37,9.2,13,3.23
5206206,Cristalina,GO,2025,3369,78,131,209,6.2036,2.32,3.89,6.21,2164,64.23,567,16.83,252,7.48,177,5.25
5206305,Cristianópolis,GO,2025,189,2,10,12,6.3492,1.06,5.29,6.35,122,64.55,33,17.46,12,6.35,10,5.29
5206404,Crixás,GO,2025,573,16,16,32,5.5846,2.79,2.79,5.58,321,56.02,105,18.32,55,9.6,60,10.47
5206503,Cromínia,GO,2025,138,4,7,11,7.971,2.9,5.07,7.97,83,60.14,24,17.39,8,5.8,12,8.7
5206602,Cumari,GO,2025,104,4,4,8,7.6923,3.85,3.85,7.7,56,53.85,29,27.88,6,5.77,5,4.81
5206701,Damianópolis,GO,2025,258,6,8,14,5.4264,2.33,3.1,5.43,178,68.99,35,13.57,17,6.59,14,5.43
5206800,Damolândia,GO,2025,144,2,1,3,2.0833,1.39,0.69,2.08,95,65.97,30,20.83,13,9.03,3,2.08
5206909,Davinópolis,GO,2025,98,1,0,1,1.0204,1.02,0.0,1.02,67,68.37,18,18.37,7,7.14,5,5.1
5207105,Diorama,GO,2025,74,1,0,1,1.3514,1.35,0.0,1.35,45,60.81,22,29.73,3,4.05,3,4.05
5207253,Doverlândia,GO,2025,323,4,11,15,4.644,1.24,3.41,4.65,201,62.23,65,20.12,24,7.43,18,5.57
5207352,Edealina,GO,2025,243,1,7,8,3.2922,0.41,2.88,3.29,162,66.67,46,18.93,12,4.94,15,6.17
5207402,Edéia,GO,2025,545,6,17,23,4.2202,1.1,3.12,4.22,347,63.67,111,20.37,40,7.34,24,4.4
5207501,Estrela do Norte,GO,2025,89,1,5,6,6.7416,1.12,5.62,6.74,61,68.54,10,11.24,6,6.74,6,6.74
5207535,Faina,GO,2025,176,6,8,14,7.9545,3.41,4.55,7.96,91,51.7,26,14.77,17,9.66,28,15.91
5207600,Fazenda Nova,GO,2025,227,5,9,14,6.1674,2.2,3.96,6.16,138,60.79,42,18.5,13,5.73,20,8.81
5207808,Firminópolis,GO,2025,498,5,8,13,2.6104,1.0,1.61,2.61,337,67.67,91,18.27,39,7.83,18,3.61
5207907,Flores de Goiás,GO,2025,722,17,36,53,7.3407,2.35,4.99,7.34,522,72.3,98,13.57,30,4.16,19,2.63
5208004,Formosa,GO,2025,2956,111,163,274,9.2693,3.76,5.51,9.27,2028,68.61,382,12.92,134,4.53,138,4.67
5208103,Formoso,GO,2025,237,6,1,7,2.9536,2.53,0.42,2.95,154,64.98,44,18.57,25,10.55,7,2.95
5208152,Gameleira de Goiás,GO,2025,212,3,6,9,4.2453,1.42,2.83,4.25,146,68.87,37,17.45,8,3.77,12,5.66
5208301,Divinópolis de Goiás,GO,2025,279,12,16,28,10.0358,4.3,5.73,10.03,175,62.72,28,10.04,17,6.09,31,11.11
5208400,Goianápolis,GO,2025,705,20,19,39,5.5319,2.84,2.7,5.54,431,61.13,122,17.3,61,8.65,52,7.38
5208509,Goiandira,GO,2025,169,2,5,7,4.142,1.18,2.96,4.14,109,64.5,28,16.57,15,8.88,10,5.92
5208608,Goianésia,GO,2025,1794,64,73,137,7.6366,3.57,4.07,7.64,1138,63.43,278,15.5,122,6.8,119,6.63
5208707,Goiânia,GO,2025,30997,469,810,1279,4.1262,1.51,2.61,4.12,20793,67.08,5784,18.66,2105,6.79,1036,3.34
5208806,Goianira,GO,2025,4219,60,126,186,4.4086,1.42,2.99,4.41,2742,64.99,761,18.04,342,8.11,188,4.46
5208905,Goiás,GO,2025,825,29,22,51,6.1818,3.52,2.67,6.19,506,61.33,152,18.42,75,9.09,41,4.97
5209101,Goiatuba,GO,2025,1175,27,42,69,5.8723,2.3,3.57,5.87,786,66.89,181,15.4,81,6.89,58,4.94
5209150,Gouvelândia,GO,2025,216,2,6,8,3.7037,0.93,2.78,3.71,147,68.06,25,11.57,19,8.8,17,7.87
5209200,Guapó,GO,2025,1064,26,43,69,6.485,2.44,4.04,6.48,605,56.86,172,16.17,117,11.0,101,9.49
5209291,Guaraíta,GO,2025,96,1,6,7,7.2917,1.04,6.25,7.29,67,69.79,11,11.46,9,9.38,2,2.08
5209408,Guarani de Goiás,GO,2025,224,6,12,18,8.0357,2.68,5.36,8.04,141,62.95,41,18.3,9,4.02,15,6.7
5209457,Guarinos,GO,2025,69,0,1,1,1.4493,0.0,1.45,1.45,50,72.46,12,17.39,5,7.25,1,1.45
5209606,Heitoraí,GO,2025,189,6,10,16,8.4656,3.17,5.29,8.46,96,50.79,32,16.93,17,8.99,28,14.81
5209705,Hidrolândia,GO,2025,1254,26,51,77,6.1404,2.07,4.07,6.14,868,69.22,205,16.35,62,4.94,42,3.35
5209804,Hidrolina,GO,2025,80,3,1,4,5.0,3.75,1.25,5.0,61,76.25,8,10.0,3,3.75,4,5.0
5209903,Iaciara,GO,2025,685,24,35,59,8.6131,3.5,5.11,8.61,454,66.28,94,13.72,44,6.42,34,4.96
5209937,Inaciolândia,GO,2025,365,4,11,15,4.1096,1.1,3.01,4.11,223,61.1,82,22.47,30,8.22,15,4.11
5209952,Indiara,GO,2025,630,11,24,35,5.5556,1.75,3.81,5.56,397,63.02,111,17.62,53,8.41,34,5.4
5210000,Inhumas,GO,2025,2268,35,68,103,4.5414,1.54,3.0,4.54,1440,63.49,406,17.9,208,9.17,111,4.89
5210109,Ipameri,GO,2025,960,19,39,58,6.0417,1.98,4.06,6.04,601,62.6,180,18.75,78,8.13,43,4.48
5210158,Ipiranga de Goiás,GO,2025,153,0,3,3,1.9608,0.0,1.96,1.96,105,68.63,28,18.3,11,7.19,6,3.92
5210208,Iporá,GO,2025,757,18,24,42,5.5482,2.38,3.17,5.55,489,64.6,133,17.57,47,6.21,46,6.08
5210307,Israelândia,GO,2025,85,5,3,8,9.4118,5.88,3.53,9.41,57,67.06,10,11.76,3,3.53,7,8.24
5210406,Itaberaí,GO,2025,2087,54,42,96,4.5999,2.59,2.01,4.6,1219,58.41,442,21.18,205,9.82,125,5.99
5210562,Itaguari,GO,2025,154,1,2,3,1.9481,0.65,1.3,1.95,112,72.73,20,12.99,13,8.44,6,3.9
5210604,Itaguaru,GO,2025,151,7,3,10,6.6225,4.64,1.99,6.63,98,64.9,24,15.89,9,5.96,10,6.62
5210802,Itajá,GO,2025,214,1,3,4,1.8692,0.47,1.4,1.87,135,63.08,44,20.56,24,11.21,7,3.27
5210901,Itapaci,GO,2025,965,13,38,51,5.285,1.35,3.94,5.29,623,64.56,172,17.82,67,6.94,52,5.39
5211008,Itapirapuã,GO,2025,231,5,8,13,5.6277,2.16,3.46,5.62,139,60.17,42,18.18,17,7.36,20,8.66
5211206,Itapuranga,GO,2025,628,13,21,34,5.414,2.07,3.34,5.41,441,70.22,87,13.85,38,6.05,28,4.46
5211305,Itarumã,GO,2025,295,3,5,8,2.7119,1.02,1.69,2.71,185,62.71,66,22.37,28,9.49,8,2.71
5211404,Itauçu,GO,2025,345,6,11,17,4.9275,1.74,3.19,4.93,230,66.67,59,17.1,28,8.12,11,3.19
5211503,Itumbiara,GO,2025,2123,86,83,169,7.9604,4.05,3.91,7.96,1269,59.77,360,16.96,179,8.43,146,6.88
5211602,Ivolândia,GO,2025,152,0,4,4,2.6316,0.0,2.63,2.63,92,60.53,38,25.0,11,7.24,7,4.61
5211701,Jandaia,GO,2025,238,6,12,18,7.563,2.52,5.04,7.56,151,63.45,36,15.13,21,8.82,12,5.04
5211800,Jaraguá,GO,2025,1529,14,36,50,3.2701,0.92,2.35,3.27,1136,74.3,239,15.63,75,4.91,29,1.9
5211909,Jataí,GO,2025,4175,55,92,147,3.521,1.32,2.2,3.52,2841,68.05,795,19.04,267,6.4,125,2.99
5212006,Jaupaci,GO,2025,129,9,20,29,22.4806,6.98,15.5,22.48,78,60.47,13,10.08,5,3.88,4,3.1
5212055,Jesúpolis,GO,2025,71,0,1,1,1.4085,0.0,1.41,1.41,42,59.15,6,8.45,12,16.9,10,14.08
5212105,Joviânia,GO,2025,261,1,5,6,2.2989,0.38,1.92,2.3,147,56.32,65,24.9,29,11.11,14,5.36
5212204,Jussara,GO,2025,839,12,33,45,5.3635,1.43,3.93,5.36,493,58.76,161,19.19,77,9.18,63,7.51
5212253,Lagoa Santa,GO,2025,60,4,3,7,11.6667,6.67,5.0,11.67,33,55.0,7,11.67,9,15.0,4,6.67
5212303,Leopoldo de Bulhões,GO,2025,318,12,21,33,10.3774,3.77,6.6,10.37,195,61.32,47,14.78,22,6.92,21,6.6
5212501,Luziânia,GO,2025,9696,197,344,541,5.5796,2.03,3.55,5.58,6182,63.76,1767,18.22,728,7.51,478,4.93
5212600,Mairipotaba,GO,2025,92,3,6,9,9.7826,3.26,6.52,9.78,62,67.39,11,11.96,5,5.43,5,5.43
5212709,Mambaí,GO,2025,537,19,27,46,8.5661,3.54,5.03,8.57,326,60.71,82,15.27,47,8.75,36,6.7
5212808,Mara Rosa,GO,2025,369,7,16,23,6.2331,1.9,4.34,6.24,214,57.99,70,18.97,40,10.84,22,5.96
5212907,Marzagão,GO,2025,159,2,5,7,4.4025,1.26,3.14,4.4,104,65.41,26,16.35,16,10.06,6,3.77
5212956,Matrinchã,GO,2025,218,0,7,7,3.211,0.0,3.21,3.21,158,72.48,34,15.6,14,6.42,5,2.29
5213004,Maurilândia,GO,2025,345,7,14,21,6.087,2.03,4.06,6.09,191,55.36,64,18.55,39,11.3,30,8.7
5213053,Mimoso de Goiás,GO,2025,144,8,4,12,8.3333,5.56,2.78,8.34,99,68.75,20,13.89,10,6.94,3,2.08
5213087,Minaçu,GO,2025,597,26,26,52,8.7102,4.36,4.36,8.72,346,57.96,95,15.91,57,9.55,47,7.87
5213103,Mineiros,GO,2025,3114,69,95,164,5.2665,2.22,3.05,5.27,2067,66.38,530,17.02,220,7.06,133,4.27
5213400,Moiporá,GO,2025,38,5,5,10,26.3158,13.16,13.16,26.32,18,47.37,7,18.42,1,2.63,2,5.26
5213509,Monte Alegre de Goiás,GO,2025,431,23,35,58,13.4571,5.34,8.12,13.46,262,60.79,63,14.62,23,5.34,25,5.8
5213707,Montes Claros de Goiás,GO,2025,318,3,5,8,2.5157,0.94,1.57,2.51,192,60.38,62,19.5,22,6.92,34,10.69
5213756,Montividiu,GO,2025,374,8,4,12,3.2086,2.14,1.07,3.21,255,68.18,64,17.11,27,7.22,16,4.28
5213772,Montividiu do Norte,GO,2025,216,7,9,16,7.4074,3.24,4.17,7.41,140,64.81,43,19.91,9,4.17,8,3.7
5213806,Morrinhos,GO,2025,1189,14,31,45,3.7847,1.18,2.61,3.79,691,58.12,247,20.77,121,10.18,85,7.15
5213855,Morro Agudo de Goiás,GO,2025,149,3,4,7,4.698,2.01,2.68,4.69,99,66.44,14,9.4,12,8.05,17,11.41
5213905,Mossâmedes,GO,2025,171,2,5,7,4.0936,1.17,2.92,4.09,105,61.4,33,19.3,13,7.6,13,7.6
5214002,Mozarlândia,GO,2025,573,19,35,54,9.4241,3.32,6.11,9.43,360,62.83,78,13.61,47,8.2,34,5.93
5214051,Mundo Novo,GO,2025,319,11,10,21,6.5831,3.45,3.13,6.58,196,61.44,70,21.94,20,6.27,12,3.76
5214101,Mutunópolis,GO,2025,192,1,10,11,5.7292,0.52,5.21,5.73,101,52.6,50,26.04,21,10.94,9,4.69
5214408,Nazário,GO,2025,288,6,5,11,3.8194,2.08,1.74,3.82,158,54.86,60,20.83,33,11.46,26,9.03
5214507,Nerópolis,GO,2025,1572,50,47,97,6.1705,3.18,2.99,6.17,853,54.26,306,19.47,162,10.31,154,9.8
5214606,Niquelândia,GO,2025,1204,55,82,137,11.3787,4.57,6.81,11.38,760,63.12,171,14.2,78,6.48,58,4.82
5214705,Nova América,GO,2025,76,2,5,7,9.2105,2.63,6.58,9.21,46,60.53,10,13.16,6,7.89,7,9.21
5214804,Nova Aurora,GO,2025,72,1,3,4,5.5556,1.39,4.17,5.56,46,63.89,15,20.83,5,6.94,2,2.78
5214838,Nova Crixás,GO,2025,577,16,25,41,7.1057,2.77,4.33,7.1,369,63.95,111,19.24,34,5.89,22,3.81
5214861,Nova Glória,GO,2025,245,4,7,11,4.4898,1.63,2.86,4.49,164,66.94,36,14.69,17,6.94,17,6.94
5214879,Nova Iguaçu de Goiás,GO,2025,203,2,3,5,2.4631,0.99,1.48,2.47,141,69.46,40,19.7,14,6.9,3,1.48
5214903,Nova Roma,GO,2025,209,1,6,7,3.3493,0.48,2.87,3.35,148,70.81,31,14.83,18,8.61,5,2.39
5215009,Nova Veneza,GO,2025,425,12,20,32,7.5294,2.82,4.71,7.53,275,64.71,72,16.94,21,4.94,25,5.88
5215207,Novo Brasil,GO,2025,127,1,4,5,3.937,0.79,3.15,3.94,83,65.35,20,15.75,15,11.81,4,3.15
5215231,Novo Gama,GO,2025,6286,108,222,330,5.2498,1.72,3.53,5.25,4408,70.12,980,15.59,365,5.81,203,3.23
5215256,Novo Planalto,GO,2025,107,8,9,17,15.8879,7.48,8.41,15.89,53,49.53,23,21.5,5,4.67,9,8.41
5215306,Orizona,GO,2025,627,11,15,26,4.1467,1.75,2.39,4.14,308,49.12,153,24.4,107,17.07,33,5.26
5215405,Ouro Verde de Goiás,GO,2025,191,1,6,7,3.6649,0.52,3.14,3.66,125,65.45,39,20.42,14,7.33,6,3.14
5215504,Ouvidor,GO,2025,131,0,8,8,6.1069,0.0,6.11,6.11,83,63.36,21,16.03,7,5.34,12,9.16
5215603,Padre Bernardo,GO,2025,1646,33,56,89,5.407,2.0,3.4,5.4,1121,68.1,289,17.56,100,6.08,47,2.86
5215652,Palestina de Goiás,GO,2025,142,5,7,12,8.4507,3.52,4.93,8.45,92,64.79,23,16.2,5,3.52,10,7.04
5215702,Palmeiras de Goiás,GO,2025,819,9,22,31,3.7851,1.1,2.69,3.79,536,65.45,147,17.95,64,7.81,41,5.01
5215801,Palmelo,GO,2025,112,1,2,3,2.6786,0.89,1.79,2.68,70,62.5,28,25.0,10,8.93,1,0.89
5215900,Palminópolis,GO,2025,183,3,5,8,4.3716,1.64,2.73,4.37,110,60.11,26,14.21,13,7.1,26,14.21
5216007,Panamá,GO,2025,113,1,3,4,3.5398,0.88,2.65,3.53,68,60.18,25,22.12,11,9.73,5,4.42
5216304,Paranaiguara,GO,2025,292,7,5,12,4.1096,2.4,1.71,4.11,178,60.96,63,21.58,23,7.88,16,5.48
5216403,Paraúna,GO,2025,500,6,13,19,3.8,1.2,2.6,3.8,301,60.2,102,20.4,44,8.8,34,6.8
5216452,Perolândia,GO,2025,87,0,2,2,2.2989,0.0,2.3,2.3,64,73.56,12,13.79,7,8.05,2,2.3
5216809,Petrolina de Goiás,GO,2025,269,13,13,26,9.6654,4.83,4.83,9.66,162,60.22,34,12.64,18,6.69,29,10.78
5216908,Pilar de Goiás,GO,2025,129,3,3,6,4.6512,2.33,2.33,4.66,76,58.91,22,17.05,17,13.18,8,6.2
5217104,Piracanjuba,GO,2025,562,13,13,26,4.6263,2.31,2.31,4.62,367,65.3,99,17.62,34,6.05,36,6.41
5217203,Piranhas,GO,2025,415,6,11,17,4.0964,1.45,2.65,4.1,265,63.86,79,19.04,23,5.54,31,7.47
5217302,Pirenópolis,GO,2025,917,15,32,47,5.1254,1.64,3.49,5.13,629,68.59,148,16.14,51,5.56,42,4.58
5217401,Pires do Rio,GO,2025,1001,19,26,45,4.4955,1.9,2.6,4.5,653,65.23,178,17.78,68,6.79,57,5.69
5217609,Planaltina,GO,2025,4511,165,240,405,8.9781,3.66,5.32,8.98,2931,64.97,649,14.39,265,5.87,261,5.79
5217708,Pontalina,GO,2025,512,9,18,27,5.2734,1.76,3.52,5.28,317,61.91,100,19.53,45,8.79,23,4.49
5218003,Porangatu,GO,2025,1432,36,57,93,6.4944,2.51,3.98,6.49,930,64.94,248,17.32,101,7.05,60,4.19
5218052,Porteirão,GO,2025,155,5,3,8,5.1613,3.23,1.94,5.17,99,63.87,29,18.71,9,5.81,10,6.45
5218102,Portelândia,GO,2025,175,1,2,3,1.7143,0.57,1.14,1.71,107,61.14,39,22.29,12,6.86,14,8.0
5218300,Posse,GO,2025,1490,63,84,147,9.8658,4.23,5.64,9.87,919,61.68,196,13.15,116,7.79,112,7.52
5218391,Professor Jamil,GO,2025,214,3,1,4,1.8692,1.4,0.47,1.87,138,64.49,42,19.63,14,6.54,16,7.48
5218508,Quirinópolis,GO,2025,1223,28,21,49,4.0065,2.29,1.72,4.01,629,51.43,316,25.84,145,11.86,84,6.87
5218607,Rialma,GO,2025,411,10,14,24,5.8394,2.43,3.41,5.84,252,61.31,76,18.49,28,6.81,31,7.54
5218706,Rianápolis,GO,2025,192,15,9,24,12.5,7.81,4.69,12.5,108,56.25,32,16.67,12,6.25,16,8.33
5218789,Rio Quente,GO,2025,224,3,5,8,3.5714,1.34,2.23,3.57,147,65.63,49,21.88,10,4.46,10,4.46
5218805,Rio Verde,GO,2025,9194,205,221,426,4.6335,2.23,2.4,4.63,5601,60.92,1941,21.11,775,8.43,451,4.91
5218904,Rubiataba,GO,2025,460,3,10,13,2.8261,0.65,2.17,2.82,301,65.43,79,17.17,37,8.04,30,6.52
5219001,Sanclerlândia,GO,2025,339,4,6,10,2.9499,1.18,1.77,2.95,208,61.36,69,20.35,31,9.14,21,6.19
5219100,Santa Bárbara de Goiás,GO,2025,214,5,12,17,7.9439,2.34,5.61,7.95,125,58.41,46,21.5,15,7.01,11,5.14
5219209,Santa Cruz de Goiás,GO,2025,94,0,1,1,1.0638,0.0,1.06,1.06,57,60.64,18,19.15,12,12.77,6,6.38
5219258,Santa Fé de Goiás,GO,2025,140,3,7,10,7.1429,2.14,5.0,7.14,77,55.0,25,17.86,11,7.86,17,12.14
5219308,Santa Helena de Goiás,GO,2025,1387,46,50,96,6.9214,3.32,3.6,6.92,664,47.87,260,18.75,230,16.58,137,9.88
5219357,Santa Isabel,GO,2025,238,2,4,6,2.521,0.84,1.68,2.52,160,67.23,44,18.49,20,8.4,8,3.36
5219407,Santa Rita do Araguaia,GO,2025,326,6,7,13,3.9877,1.84,2.15,3.99,231,70.86,49,15.03,25,7.67,8,2.45
5219456,Santa Rita do Novo Destino,GO,2025,76,7,5,12,15.7895,9.21,6.58,15.79,38,50.0,8,10.53,8,10.53,10,13.16
5219506,Santa Rosa de Goiás,GO,2025,103,4,7,11,10.6796,3.88,6.8,10.68,67,65.05,17,16.5,5,4.85,3,2.91
5219605,Santa Tereza de Goiás,GO,2025,160,0,0,0,0.0,0.0,0.0,0.0,106,66.25,35,21.88,11,6.88,8,5.0
5219704,Santa Terezinha de Goiás,GO,2025,377,12,16,28,7.4271,3.18,4.24,7.42,223,59.15,62,16.45,37,9.81,27,7.16
5219712,Santo Antônio da Barra,GO,2025,98,1,2,3,3.0612,1.02,2.04,3.06,67,68.37,16,16.33,8,8.16,4,4.08
5219738,Santo Antônio de Goiás,GO,2025,317,12,5,17,5.3628,3.79,1.58,5.37,172,54.26,70,22.08,30,9.46,28,8.83
5219753,Santo Antônio do Descoberto,GO,2025,3202,62,113,175,5.4653,1.94,3.53,5.47,2183,68.18,509,15.9,205,6.4,130,4.06
5219803,São Domingos,GO,2025,439,20,27,47,10.7062,4.56,6.15,10.71,267,60.82,64,14.58,26,5.92,35,7.97
5219902,São Francisco de Goiás,GO,2025,310,14,13,27,8.7097,4.52,4.19,8.71,170,54.84,61,19.68,26,8.39,26,8.39
5220009,São João d'Aliança,GO,2025,720,10,20,30,4.1667,1.39,2.78,4.17,508,70.56,112,15.56,48,6.67,22,3.06
5220058,São João da Paraúna,GO,2025,86,2,2,4,4.6512,2.33,2.33,4.66,55,63.95,20,23.26,6,6.98,1,1.16
5220108,São Luís de Montes Belos,GO,2025,1309,22,40,62,4.7364,1.68,3.06,4.74,835,63.79,224,17.11,106,8.1,82,6.26
5220157,São Luiz do Norte,GO,2025,253,7,21,28,11.0672,2.77,8.3,11.07,167,66.01,33,13.04,13,5.14,12,4.74
5220207,São Miguel do Araguaia,GO,2025,854,17,34,51,5.9719,1.99,3.98,5.97,515,60.3,144,16.86,87,10.19,57,6.67
5220264,São Miguel do Passa Quatro,GO,2025,187,4,5,9,4.8128,2.14,2.67,4.81,127,67.91,31,16.58,14,7.49,6,3.21
5220280,São Patrício,GO,2025,108,3,5,8,7.4074,2.78,4.63,7.41,74,68.52,14,12.96,9,8.33,3,2.78
5220405,São Simão,GO,2025,400,9,20,29,7.25,2.25,5.0,7.25,246,61.5,74,18.5,25,6.25,26,6.5
5220454,Senador Canedo,GO,2025,5822,146,145,291,4.9983,2.51,2.49,5.0,3674,63.11,1114,19.13,457,7.85,286,4.91
5220504,Serranópolis,GO,2025,375,2,4,6,1.6,0.53,1.07,1.6,239,63.73,73,19.47,33,8.8,24,6.4
5220603,Silvânia,GO,2025,931,22,37,59,6.3373,2.36,3.97,6.33,635,68.21,144,15.47,44,4.73,49,5.26
5220686,Simolândia,GO,2025,258,12,9,21,8.1395,4.65,3.49,8.14,175,67.83,31,12.02,14,5.43,17,6.59
5220702,Sítio d'Abadia,GO,2025,225,6,9,15,6.6667,2.67,4.0,6.67,149,66.22,36,16.0,15,6.67,10,4.44
5221007,Taquaral de Goiás,GO,2025,139,6,6,12,8.6331,4.32,4.32,8.64,91,65.47,18,12.95,12,8.63,6,4.32
5221080,Teresina de Goiás,GO,2025,261,6,11,17,6.5134,2.3,4.21,6.51,182,69.73,40,15.33,8,3.07,14,5.36
5221197,Terezópolis de Goiás,GO,2025,355,9,11,20,5.6338,2.54,3.1,5.64,253,71.27,50,14.08,22,6.2,10,2.82
5221304,Três Ranchos,GO,2025,129,0,3,3,2.3256,0.0,2.33,2.33,96,74.42,19,14.73,8,6.2,3,2.33
5221403,Trindade,GO,2025,4911,82,150,232,4.7241,1.67,3.05,4.72,3080,62.72,955,19.45,391,7.96,253,5.15
5221452,Trombas,GO,2025,138,4,2,6,4.3478,2.9,1.45,4.35,71,51.45,28,20.29,17,12.32,16,11.59
5221502,Turvânia,GO,2025,143,6,0,6,4.1958,4.2,0.0,4.2,88,61.54,28,19.58,13,9.09,8,5.59
5221551,Turvelândia,GO,2025,204,5,7,12,5.8824,2.45,3.43,5.88,140,68.63,31,15.2,13,6.37,8,3.92
5221577,Uirapuru,GO,2025,158,11,7,18,11.3924,6.96,4.43,11.39,98,62.03,22,13.92,9,5.7,11,6.96
5221601,Uruaçu,GO,2025,1280,28,42,70,5.4688,2.19,3.28,5.47,838,65.47,225,17.58,93,7.27,54,4.22
5221700,Uruana,GO,2025,550,15,17,32,5.8182,2.73,3.09,5.82,373,67.82,81,14.73,34,6.18,30,5.45
5221809,Urutaí,GO,2025,161,1,7,8,4.9689,0.62,4.35,4.97,121,75.16,12,7.45,11,6.83,9,5.59
5221858,Valparaíso de Goiás,GO,2025,8611,322,148,470,5.4581,3.74,1.72,5.46,5853,67.97,1216,14.12,686,7.97,386,4.48
5221908,Varjão,GO,2025,129,9,3,12,9.3023,6.98,2.33,9.31,63,48.84,31,24.03,10,7.75,13,10.08
5222005,Vianópolis,GO,2025,763,19,21,40,5.2425,2.49,2.75,5.24,494,64.74,129,16.91,65,8.52,35,4.59
5222054,Vicentinópolis,GO,2025,519,9,14,23,4.4316,1.73,2.7,4.43,311,59.92,103,19.85,49,9.44,33,6.36
5222203,Vila Boa,GO,2025,284,10,7,17,5.9859,3.52,2.46,5.98,184,64.79,43,15.14,24,8.45,16,5.63
5222302,Vila Propício,GO,2025,317,6,9,15,4.7319,1.89,2.84,4.73,215,67.82,46,14.51,24,7.57,17,5.36
5300108,Brasília,DF,2025,89206,1406,2841,4247,4.7609,1.58,3.18,4.76,63475,71.16,14010,15.71,4709,5.28,2765,3.1
