Região,Código UF,UF,Código IBGE,Município,Magreza acentuada - Quantidade,Magreza acentuada - %,Magreza - Quantidade,Magreza - %,Eutrofia - Quantidade,Eutrofia - %,Risco de sobrepeso - Quantidade,Risco de sobrepeso - %,Sobrepeso - Quantidade,Sobrepeso - %,Obesidade - Quantidade,Obesidade - %,Total
NORTE,11,RO,110001,ALTA FLORESTA D'OESTE,24,2.17%,40,3.61%,755,68.14%,168,15.16%,87,7.85%,34,3.07%,1108
NORTE,11,RO,110002,ARIQUEMES,66,2.48%,115,4.32%,1733,65.05%,447,16.78%,165,6.19%,138,5.18%,2664
NORTE,11,RO,110003,CABIXI,2,0.74%,6,2.23%,177,65.8%,46,17.1%,25,9.29%,13,4.83%,269
NORTE,11,RO,110004,CACOAL,55,1.35%,112,2.74%,2743,67.2%,721,17.66%,275,6.74%,176,4.31%,4082
NORTE,11,RO,110005,CEREJEIRAS,17,2.67%,25,3.92%,439,68.92%,94,14.76%,41,6.44%,21,3.3%,637
NORTE,11,RO,110006,COLORADO DO OESTE,10,1.09%,30,3.28%,629,68.82%,151,16.52%,58,6.35%,36,3.94%,914
NORTE,11,RO,110007,CORUMBIARA,5,2.19%,4,1.75%,138,60.53%,57,25%,17,7.46%,7,3.07%,228
NORTE,11,RO,110008,COSTA MARQUES,26,3.08%,36,4.27%,534,63.27%,118,13.98%,67,7.94%,63,7.46%,844
NORTE,11,RO,110009,ESPIGAO D'OESTE,15,1.29%,27,2.33%,776,66.9%,199,17.16%,95,8.19%,48,4.14%,1160
NORTE,11,RO,110010,GUAJARA-MIRIM,54,2.74%,102,5.18%,1412,71.68%,242,12.28%,88,4.47%,72,3.65%,1970
NORTE,11,RO,110011,JARU,50,1.55%,79,2.45%,2210,68.59%,563,17.47%,219,6.8%,101,3.13%,3222
NORTE,11,RO,110012,JI-PARANA,86,1.46%,184,3.12%,4095,69.36%,991,16.79%,369,6.25%,179,3.03%,5904
NORTE,11,RO,110013,MACHADINHO D'OESTE,43,3.23%,54,4.06%,861,64.74%,210,15.79%,89,6.69%,73,5.49%,1330
NORTE,11,RO,110014,NOVA BRASILANDIA D'OESTE,31,4.63%,30,4.48%,424,63.28%,102,15.22%,44,6.57%,39,5.82%,670
NORTE,11,RO,110015,OURO PRETO DO OESTE,29,1.73%,56,3.33%,1147,68.23%,265,15.76%,121,7.2%,63,3.75%,1681
NORTE,11,RO,110018,PIMENTA BUENO,29,1.57%,45,2.44%,1270,68.91%,333,18.07%,99,5.37%,67,3.64%,1843
NORTE,11,RO,110020,PORTO VELHO,307,2.13%,458,3.18%,8951,62.21%,2619,18.2%,1155,8.03%,898,6.24%,14388
NORTE,11,RO,110025,PRESIDENTE MEDICI,7,0.69%,29,2.85%,667,65.65%,174,17.13%,90,8.86%,49,4.82%,1016
NORTE,11,RO,110026,RIO CRESPO,2,0.75%,6,2.25%,167,62.55%,55,20.6%,25,9.36%,12,4.49%,267
NORTE,11,RO,110028,ROLIM DE MOURA,38,1.41%,60,2.22%,1881,69.56%,444,16.42%,184,6.8%,97,3.59%,2704
NORTE,11,RO,110029,SANTA LUZIA D'OESTE,8,3.04%,16,6.08%,155,58.94%,47,17.87%,23,8.75%,14,5.32%,263
NORTE,11,RO,110030,VILHENA,62,0.98%,126,2%,4333,68.79%,1156,18.35%,429,6.81%,193,3.06%,6299
NORTE,11,RO,110032,SAO MIGUEL DO GUAPORE,27,6.29%,21,4.9%,256,59.67%,66,15.38%,35,8.16%,24,5.59%,429
NORTE,11,RO,110033,NOVA MAMORE,21,1.41%,52,3.5%,1047,70.46%,233,15.68%,83,5.59%,50,3.36%,1486
NORTE,11,RO,110034,ALVORADA D'OESTE,22,5.37%,18,4.39%,242,59.02%,83,20.24%,25,6.1%,20,4.88%,410
NORTE,11,RO,110037,ALTO ALEGRE DOS PARECIS,12,3.32%,11,3.05%,245,67.87%,53,14.68%,21,5.82%,19,5.26%,361
NORTE,11,RO,110040,ALTO PARAISO,13,2.48%,17,3.24%,336,64.12%,105,20.04%,37,7.06%,16,3.05%,524
NORTE,11,RO,110045,BURITIS,38,4.94%,33,4.29%,477,62.03%,123,15.99%,54,7.02%,44,5.72%,769
NORTE,11,RO,110050,NOVO HORIZONTE DO OESTE,8,3.13%,12,4.69%,176,68.75%,27,10.55%,18,7.03%,15,5.86%,256
NORTE,11,RO,110060,CACAULANDIA,3,1.37%,2,0.91%,160,73.06%,29,13.24%,16,7.31%,9,4.11%,219
NORTE,11,RO,110070,CAMPO NOVO DE RONDONIA,4,1.72%,8,3.43%,174,74.68%,28,12.02%,14,6.01%,5,2.15%,233
NORTE,11,RO,110080,CANDEIAS DO JAMARI,34,2.78%,45,3.68%,797,65.22%,176,14.4%,86,7.04%,84,6.87%,1222
NORTE,11,RO,110090,CASTANHEIRAS,1,1.1%,1,1.1%,63,69.23%,12,13.19%,10,10.99%,4,4.4%,91
NORTE,11,RO,110092,CHUPINGUAIA,9,2.07%,20,4.61%,275,63.36%,65,14.98%,30,6.91%,35,8.06%,434
NORTE,11,RO,110094,CUJUBIM,10,1.3%,10,1.3%,510,66.41%,153,19.92%,44,5.73%,41,5.34%,768
NORTE,11,RO,110100,GOVERNADOR JORGE TEIXEIRA,13,4.83%,10,3.72%,172,63.94%,36,13.38%,17,6.32%,21,7.81%,269
NORTE,11,RO,110110,ITAPUA DO OESTE,2,0.48%,10,2.41%,274,66.02%,80,19.28%,27,6.51%,22,5.3%,415
NORTE,11,RO,110120,MINISTRO ANDREAZZA,9,2.22%,17,4.2%,276,68.15%,69,17.04%,17,4.2%,17,4.2%,405
NORTE,11,RO,110130,MIRANTE DA SERRA,4,0.75%,11,2.06%,401,74.95%,72,13.46%,35,6.54%,12,2.24%,535
NORTE,11,RO,110140,MONTE NEGRO,17,2.99%,36,6.34%,360,63.38%,97,17.08%,41,7.22%,17,2.99%,568
NORTE,11,RO,110143,NOVA UNIAO,10,2.82%,9,2.54%,237,66.95%,63,17.8%,21,5.93%,14,3.95%,354
NORTE,11,RO,110145,PARECIS,11,5.42%,12,5.91%,121,59.61%,25,12.32%,19,9.36%,15,7.39%,203
NORTE,11,RO,110146,PIMENTEIRAS DO OESTE,2,2.02%,3,3.03%,66,66.67%,11,11.11%,6,6.06%,11,11.11%,99
NORTE,11,RO,110147,PRIMAVERA DE RONDONIA,0,-,2,1.26%,122,76.73%,28,17.61%,6,3.77%,1,0.63%,159
NORTE,11,RO,110148,SAO FELIPE D'OESTE,2,1.12%,5,2.79%,112,62.57%,30,16.76%,19,10.61%,11,6.15%,179
NORTE,11,RO,110149,SAO FRANCISCO DO GUAPORE,32,6.02%,24,4.51%,329,61.84%,84,15.79%,22,4.14%,41,7.71%,532
NORTE,11,RO,110150,SERINGUEIRAS,7,1.57%,21,4.71%,325,72.87%,56,12.56%,20,4.48%,17,3.81%,446
NORTE,11,RO,110155,TEIXEIROPOLIS,5,2.59%,6,3.11%,144,74.61%,28,14.51%,6,3.11%,4,2.07%,193
NORTE,11,RO,110160,THEOBROMA,9,3.26%,10,3.62%,187,67.75%,34,12.32%,20,7.25%,16,5.8%,276
NORTE,11,RO,110170,URUPA,8,1.28%,17,2.72%,419,66.93%,120,19.17%,47,7.51%,15,2.4%,626
NORTE,11,RO,110175,VALE DO ANARI,5,1.28%,8,2.05%,250,64.1%,61,15.64%,35,8.97%,31,7.95%,390
NORTE,11,RO,110180,VALE DO PARAISO,2,0.63%,4,1.25%,187,58.44%,78,24.38%,31,9.69%,18,5.63%,320
NORTE,12,AC,120001,ACRELANDIA,15,1.35%,29,2.6%,655,58.8%,186,16.7%,110,9.87%,119,10.68%,1114
NORTE,12,AC,120005,ASSIS BRASIL,13,1.12%,18,1.55%,533,46.03%,306,26.42%,179,15.46%,109,9.41%,1158
NORTE,12,AC,120010,BRASILEIA,41,1.74%,66,2.8%,1402,59.51%,482,20.46%,228,9.68%,137,5.81%,2356
NORTE,12,AC,120013,BUJARI,9,1.21%,20,2.68%,465,62.33%,145,19.44%,63,8.45%,44,5.9%,746
NORTE,12,AC,120017,CAPIXABA,8,1.2%,13,1.95%,427,64.02%,150,22.49%,40,6%,29,4.35%,667
NORTE,12,AC,120020,CRUZEIRO DO SUL,156,2.72%,260,4.54%,3502,61.11%,962,16.79%,440,7.68%,411,7.17%,5731
NORTE,12,AC,120025,EPITACIOLANDIA,64,5.15%,98,7.89%,729,58.7%,190,15.3%,83,6.68%,78,6.28%,1242
NORTE,12,AC,120030,FEIJO,70,2.64%,98,3.7%,1660,62.59%,471,17.76%,186,7.01%,167,6.3%,2652
NORTE,12,AC,120032,JORDAO,76,5.95%,50,3.92%,709,55.52%,294,23.02%,98,7.67%,50,3.92%,1277
NORTE,12,AC,120033,MANCIO LIMA,28,2.39%,47,4.01%,722,61.66%,191,16.31%,86,7.34%,97,8.28%,1171
NORTE,12,AC,120034,MANOEL URBANO,43,3.47%,44,3.55%,840,67.8%,190,15.33%,70,5.65%,52,4.2%,1239
NORTE,12,AC,120035,MARECHAL THAUMATURGO,38,2.11%,48,2.66%,1093,60.59%,363,20.12%,149,8.26%,113,6.26%,1804
NORTE,12,AC,120038,PLACIDO DE CASTRO,18,1.62%,39,3.51%,723,65.14%,183,16.49%,72,6.49%,75,6.76%,1110
NORTE,12,AC,120039,PORTO WALTER,26,2.25%,41,3.56%,768,66.61%,187,16.22%,81,7.03%,50,4.34%,1153
NORTE,12,AC,120040,RIO BRANCO,232,2.15%,410,3.79%,7070,65.43%,1716,15.88%,741,6.86%,637,5.89%,10806
NORTE,12,AC,120042,RODRIGUES ALVES,34,3.55%,40,4.17%,596,62.15%,144,15.02%,73,7.61%,72,7.51%,959
NORTE,12,AC,120043,SANTA ROSA DO PURUS,13,1.88%,22,3.19%,439,63.62%,134,19.42%,43,6.23%,39,5.65%,690
NORTE,12,AC,120045,SENADOR GUIOMARD,128,10.08%,43,3.39%,728,57.32%,191,15.04%,88,6.93%,92,7.24%,1270
NORTE,12,AC,120050,SENA MADUREIRA,230,7.8%,143,4.85%,1838,62.35%,398,13.5%,191,6.48%,148,5.02%,2948
NORTE,12,AC,120060,TARAUACA,83,2.28%,85,2.33%,2215,60.8%,614,16.85%,343,9.42%,303,8.32%,3643
NORTE,12,AC,120070,XAPURI,26,1.91%,38,2.79%,809,59.44%,260,19.1%,129,9.48%,99,7.27%,1361
NORTE,12,AC,120080,PORTO ACRE,15,1.22%,42,3.42%,813,66.21%,199,16.21%,84,6.84%,75,6.11%,1228
NORTE,13,AM,130002,ALVARAES,27,1.54%,46,2.62%,1174,66.93%,273,15.56%,118,6.73%,116,6.61%,1754
NORTE,13,AM,130006,AMATURA,26,1.98%,26,1.98%,902,68.54%,207,15.73%,99,7.52%,56,4.26%,1316
NORTE,13,AM,130008,ANAMA,37,3.46%,46,4.3%,660,61.68%,177,16.54%,79,7.38%,71,6.64%,1070
NORTE,13,AM,130010,ANORI,14,1.1%,23,1.81%,767,60.35%,254,19.98%,118,9.28%,95,7.47%,1271
NORTE,13,AM,130014,APUI,28,2.11%,38,2.86%,807,60.81%,269,20.27%,112,8.44%,73,5.5%,1327
NORTE,13,AM,130020,ATALAIA DO NORTE,41,3.3%,37,2.98%,760,61.24%,241,19.42%,103,8.3%,59,4.75%,1241
NORTE,13,AM,130030,AUTAZES,119,2.97%,142,3.55%,2546,63.63%,631,15.77%,309,7.72%,254,6.35%,4001
NORTE,13,AM,130040,BARCELOS,225,12.21%,99,5.37%,1005,54.56%,263,14.28%,131,7.11%,119,6.46%,1842
NORTE,13,AM,130050,BARREIRINHA,74,2.47%,90,3.01%,2161,72.25%,421,14.08%,148,4.95%,97,3.24%,2991
NORTE,13,AM,130060,BENJAMIN CONSTANT,163,4.12%,139,3.51%,2758,69.63%,558,14.09%,206,5.2%,137,3.46%,3961
NORTE,13,AM,130063,BERURI,68,2.47%,105,3.81%,1847,67.04%,419,15.21%,177,6.42%,139,5.05%,2755
NORTE,13,AM,130068,BOA VISTA DO RAMOS,38,2.34%,38,2.34%,1057,65.09%,299,18.41%,111,6.83%,81,4.99%,1624
NORTE,13,AM,130070,BOCA DO ACRE,47,2.24%,65,3.1%,1325,63.25%,363,17.33%,164,7.83%,131,6.25%,2095
NORTE,13,AM,130080,BORBA,97,3.12%,105,3.37%,1967,63.21%,531,17.06%,246,7.9%,166,5.33%,3112
NORTE,13,AM,130083,CAAPIRANGA,31,3.38%,35,3.82%,583,63.58%,139,15.16%,82,8.94%,47,5.13%,917
NORTE,13,AM,130090,CANUTAMA,28,3.35%,20,2.4%,541,64.79%,129,15.45%,54,6.47%,63,7.54%,835
NORTE,13,AM,130100,CARAUARI,64,2.69%,98,4.12%,1480,62.18%,385,16.18%,180,7.56%,173,7.27%,2380
NORTE,13,AM,130110,CAREIRO,55,1.87%,71,2.42%,1796,61.17%,586,19.96%,244,8.31%,184,6.27%,2936
NORTE,13,AM,130115,CAREIRO DA VARZEA,60,4%,54,3.6%,865,57.71%,259,17.28%,130,8.67%,131,8.74%,1499
NORTE,13,AM,130120,COARI,141,2.1%,170,2.54%,4217,62.92%,1175,17.53%,573,8.55%,426,6.36%,6702
NORTE,13,AM,130130,CODAJAS,30,1.62%,53,2.87%,1183,64.05%,309,16.73%,149,8.07%,123,6.66%,1847
NORTE,13,AM,130140,EIRUNEPE,105,3.73%,127,4.51%,1731,61.54%,430,15.29%,208,7.39%,212,7.54%,2813
NORTE,13,AM,130150,ENVIRA,31,2.21%,48,3.42%,923,65.69%,190,13.52%,98,6.98%,115,8.19%,1405
NORTE,13,AM,130160,FONTE BOA,52,1.99%,89,3.41%,1783,68.31%,427,16.36%,150,5.75%,109,4.18%,2610
NORTE,13,AM,130165,GUAJARA,82,5.92%,61,4.4%,869,62.74%,191,13.79%,98,7.08%,84,6.06%,1385
NORTE,13,AM,130170,HUMAITA,137,3.18%,163,3.79%,2740,63.65%,784,18.21%,296,6.88%,185,4.3%,4305
NORTE,13,AM,130180,IPIXUNA,159,8.34%,91,4.77%,1120,58.73%,300,15.73%,118,6.19%,119,6.24%,1907
NORTE,13,AM,130185,IRANDUBA,78,1.42%,118,2.15%,3506,63.82%,1040,18.93%,455,8.28%,297,5.41%,5494
NORTE,13,AM,130190,ITACOATIARA,187,2.13%,282,3.21%,5289,60.26%,1619,18.45%,789,8.99%,611,6.96%,8777
NORTE,13,AM,130195,ITAMARATI,29,2.85%,30,2.95%,758,74.61%,139,13.68%,39,3.84%,21,2.07%,1016
NORTE,13,AM,130200,ITAPIRANGA,24,2.15%,51,4.57%,740,66.37%,188,16.86%,75,6.73%,37,3.32%,1115
NORTE,13,AM,130210,JAPURA,40,4.41%,40,4.41%,574,63.29%,146,16.1%,66,7.28%,41,4.52%,907
NORTE,13,AM,130220,JURUA,39,3.92%,60,6.04%,658,66.2%,134,13.48%,52,5.23%,51,5.13%,994
NORTE,13,AM,130230,JUTAI,54,2.12%,82,3.21%,1567,61.43%,381,14.94%,186,7.29%,281,11.02%,2551
NORTE,13,AM,130240,LABREA,96,2.65%,132,3.64%,2105,58%,653,17.99%,341,9.4%,302,8.32%,3629
NORTE,13,AM,130250,MANACAPURU,213,2.67%,200,2.5%,4825,60.39%,1475,18.46%,708,8.86%,569,7.12%,7990
NORTE,13,AM,130255,MANAQUIRI,39,2.34%,31,1.86%,1022,61.34%,320,19.21%,133,7.98%,121,7.26%,1666
NORTE,13,AM,130260,MANAUS,1081,1.06%,2021,1.98%,63796,62.64%,21196,20.81%,8876,8.72%,4874,4.79%,101844
NORTE,13,AM,130270,MANICORE,113,2.45%,165,3.58%,3059,66.37%,709,15.38%,312,6.77%,251,5.45%,4609
NORTE,13,AM,130280,MARAA,29,1.46%,44,2.21%,1242,62.38%,400,20.09%,169,8.49%,107,5.37%,1991
NORTE,13,AM,130290,MAUES,107,1.86%,159,2.76%,4041,70.07%,835,14.48%,358,6.21%,267,4.63%,5767
NORTE,13,AM,130300,NHAMUNDA,41,2.46%,55,3.3%,1094,65.55%,254,15.22%,111,6.65%,114,6.83%,1669
NORTE,13,AM,130310,NOVA OLINDA DO NORTE,63,2.22%,94,3.31%,1927,67.8%,445,15.66%,174,6.12%,139,4.89%,2842
NORTE,13,AM,130320,NOVO AIRAO,38,2.69%,43,3.04%,887,62.73%,238,16.83%,120,8.49%,88,6.22%,1414
NORTE,13,AM,130330,NOVO ARIPUANA,57,3.1%,56,3.05%,1270,69.1%,253,13.76%,110,5.98%,92,5.01%,1838
NORTE,13,AM,130340,PARINTINS,150,1.72%,289,3.32%,6755,77.62%,814,9.35%,446,5.12%,249,2.86%,8703
NORTE,13,AM,130350,PAUINI,52,3.69%,42,2.98%,853,60.45%,242,17.15%,91,6.45%,131,9.28%,1411
NORTE,13,AM,130353,PRESIDENTE FIGUEIREDO,68,2.64%,69,2.68%,1576,61.3%,510,19.84%,222,8.63%,126,4.9%,2571
NORTE,13,AM,130356,RIO PRETO DA EVA,25,1.13%,37,1.67%,1436,64.8%,458,20.67%,177,7.99%,83,3.75%,2216
NORTE,13,AM,130360,SANTA ISABEL DO RIO NEGRO,41,3.44%,30,2.51%,718,60.18%,239,20.03%,94,7.88%,71,5.95%,1193
NORTE,13,AM,130370,SANTO ANTONIO DO ICA,76,2%,114,3%,2547,67.11%,640,16.86%,262,6.9%,156,4.11%,3795
NORTE,13,AM,130380,SAO GABRIEL DA CACHOEIRA,75,1.31%,77,1.35%,1615,28.22%,1082,18.91%,1407,24.59%,1466,25.62%,5722
NORTE,13,AM,130390,SAO PAULO DE OLIVENCA,83,2.22%,93,2.48%,2618,69.93%,629,16.8%,211,5.64%,110,2.94%,3744
NORTE,13,AM,130395,SAO SEBASTIAO DO UATUMA,8,0.81%,18,1.82%,719,72.77%,159,16.09%,57,5.77%,27,2.73%,988
NORTE,13,AM,130400,SILVES,29,2.88%,41,4.07%,644,63.95%,160,15.89%,94,9.33%,39,3.87%,1007
NORTE,13,AM,130406,TABATINGA,85,1.44%,147,2.49%,4073,69.13%,1040,17.65%,368,6.25%,179,3.04%,5892
NORTE,13,AM,130410,TAPAUA,32,1.91%,59,3.52%,1083,64.58%,293,17.47%,127,7.57%,83,4.95%,1677
NORTE,13,AM,130420,TEFE,190,2.24%,239,2.82%,5545,65.33%,1430,16.85%,608,7.16%,476,5.61%,8488
NORTE,13,AM,130423,TONANTINS,43,2.01%,72,3.36%,1398,65.24%,358,16.71%,159,7.42%,113,5.27%,2143
NORTE,13,AM,130426,UARINI,43,2.54%,50,2.95%,1057,62.4%,279,16.47%,160,9.45%,105,6.2%,1694
NORTE,13,AM,130430,URUCARA,28,2.05%,54,3.96%,964,70.73%,203,14.89%,76,5.58%,38,2.79%,1363
NORTE,13,AM,130440,URUCURITUBA,13,0.79%,29,1.77%,1230,74.91%,263,16.02%,71,4.32%,36,2.19%,1642
NORTE,14,RR,140002,AMAJARI,9,1.05%,15,1.75%,551,64.14%,183,21.3%,77,8.96%,24,2.79%,859
NORTE,14,RR,140005,ALTO ALEGRE,20,1.91%,32,3.05%,705,67.21%,194,18.49%,63,6.01%,35,3.34%,1049
NORTE,14,RR,140010,BOA VISTA,197,1.08%,334,1.84%,11964,65.82%,3741,20.58%,1350,7.43%,590,3.25%,18176
NORTE,14,RR,140015,BONFIM,28,1.62%,40,2.32%,1091,63.21%,343,19.87%,132,7.65%,92,5.33%,1726
NORTE,14,RR,140017,CANTA,41,2.51%,59,3.61%,1085,66.4%,259,15.85%,102,6.24%,88,5.39%,1634
NORTE,14,RR,140020,CARACARAI,36,2.33%,52,3.36%,1023,66.13%,255,16.48%,108,6.98%,73,4.72%,1547
NORTE,14,RR,140023,CAROEBE,9,0.75%,28,2.34%,898,74.96%,169,14.11%,66,5.51%,28,2.34%,1198
NORTE,14,RR,140028,IRACEMA,4,0.91%,12,2.73%,299,68.11%,77,17.54%,31,7.06%,16,3.64%,439
NORTE,14,RR,140030,MUCAJAI,8,0.55%,22,1.5%,902,61.7%,313,21.41%,138,9.44%,79,5.4%,1462
NORTE,14,RR,140040,NORMANDIA,42,1.94%,41,1.9%,1113,51.53%,451,20.88%,237,10.97%,276,12.78%,2160
NORTE,14,RR,140045,PACARAIMA,72,2.48%,35,1.2%,1717,59.1%,807,27.78%,193,6.64%,81,2.79%,2905
NORTE,14,RR,140047,RORAINOPOLIS,45,2%,96,4.27%,1445,64.22%,359,15.96%,183,8.13%,122,5.42%,2250
NORTE,14,RR,140050,SAO JOAO DA BALIZA,3,0.4%,18,2.41%,540,72.19%,124,16.58%,43,5.75%,20,2.67%,748
NORTE,14,RR,140060,SAO LUIZ DO ANAUA,6,1.19%,9,1.79%,328,65.08%,99,19.64%,45,8.93%,17,3.37%,504
NORTE,14,RR,140070,UIRAMUTA,27,1.12%,32,1.33%,1686,70.22%,492,20.49%,116,4.83%,48,2%,2401
NORTE,15,PA,150010,ABAETETUBA,219,2.05%,305,2.86%,6309,59.17%,2031,19.05%,1006,9.43%,793,7.44%,10663
NORTE,15,PA,150013,ABEL FIGUEIREDO,8,1.42%,10,1.78%,345,61.39%,116,20.64%,59,10.5%,24,4.27%,562
NORTE,15,PA,150020,ACARA,116,3.08%,129,3.42%,2186,57.95%,667,17.68%,369,9.78%,305,8.09%,3772
NORTE,15,PA,150030,AFUA,114,2.77%,121,2.94%,2561,62.16%,779,18.91%,318,7.72%,227,5.51%,4120
NORTE,15,PA,150034,AGUA AZUL DO NORTE,27,2.35%,26,2.26%,756,65.85%,189,16.46%,91,7.93%,59,5.14%,1148
NORTE,15,PA,150040,ALENQUER,99,2.57%,172,4.47%,2680,69.65%,520,13.51%,216,5.61%,161,4.18%,3848
NORTE,15,PA,150050,ALMEIRIM,72,2.7%,105,3.94%,1728,64.86%,423,15.88%,200,7.51%,136,5.11%,2664
NORTE,15,PA,150060,ALTAMIRA,153,2.33%,229,3.48%,4152,63.17%,1166,17.74%,515,7.84%,358,5.45%,6573
NORTE,15,PA,150070,ANAJAS,133,4.63%,148,5.15%,1753,61.06%,436,15.19%,212,7.38%,189,6.58%,2871
NORTE,15,PA,150080,ANANINDEUA,1243,6.95%,878,4.91%,10371,57.95%,2758,15.41%,1359,7.59%,1286,7.19%,17895
NORTE,15,PA,150085,ANAPU,41,1.32%,68,2.19%,1956,62.87%,631,20.28%,280,9%,135,4.34%,3111
NORTE,15,PA,150090,AUGUSTO CORREA,51,1.37%,95,2.55%,2406,64.57%,706,18.95%,288,7.73%,180,4.83%,3726
NORTE,15,PA,150095,AURORA DO PARA,29,1.59%,52,2.84%,1143,62.49%,355,19.41%,138,7.55%,112,6.12%,1829
NORTE,15,PA,150100,AVEIRO,29,2.66%,38,3.48%,688,63.06%,187,17.14%,83,7.61%,66,6.05%,1091
NORTE,15,PA,150110,BAGRE,112,4.75%,74,3.14%,1422,60.36%,430,18.25%,189,8.02%,129,5.48%,2356
NORTE,15,PA,150120,BAIAO,16,0.65%,59,2.39%,1649,66.68%,466,18.84%,181,7.32%,102,4.12%,2473
NORTE,15,PA,150125,BANNACH,1,0.45%,4,1.8%,143,64.41%,44,19.82%,22,9.91%,8,3.6%,222
NORTE,15,PA,150130,BARCARENA,133,1.46%,246,2.7%,5935,65.14%,1682,18.46%,672,7.38%,443,4.86%,9111
NORTE,15,PA,150140,BELEM,484,1.89%,737,2.87%,16041,62.54%,4880,19.03%,2099,8.18%,1409,5.49%,25650
NORTE,15,PA,150145,BELTERRA,24,1.65%,37,2.55%,905,62.28%,274,18.86%,113,7.78%,100,6.88%,1453
NORTE,15,PA,150150,BENEVIDES,64,1.67%,95,2.49%,2455,64.23%,713,18.66%,293,7.67%,202,5.29%,3822
NORTE,15,PA,150157,BOM JESUS DO TOCANTINS,24,2.12%,32,2.83%,721,63.75%,223,19.72%,81,7.16%,50,4.42%,1131
NORTE,15,PA,150160,BONITO,19,2.1%,28,3.1%,550,60.84%,179,19.8%,72,7.96%,56,6.19%,904
NORTE,15,PA,150170,BRAGANCA,143,1.62%,271,3.06%,5720,64.65%,1577,17.83%,668,7.55%,468,5.29%,8847
NORTE,15,PA,150172,BRASIL NOVO,50,4%,35,2.8%,812,64.91%,204,16.31%,92,7.35%,58,4.64%,1251
NORTE,15,PA,150175,BREJO GRANDE DO ARAGUAIA,14,2.25%,18,2.9%,448,72.14%,80,12.88%,42,6.76%,19,3.06%,621
NORTE,15,PA,150178,BREU BRANCO,92,2.79%,127,3.85%,2043,61.98%,550,16.69%,255,7.74%,229,6.95%,3296
NORTE,15,PA,150180,BREVES,435,4.38%,426,4.29%,6376,64.27%,1539,15.51%,617,6.22%,528,5.32%,9921
NORTE,15,PA,150190,BUJARU,41,1.96%,57,2.72%,1257,60%,393,18.76%,191,9.12%,156,7.45%,2095
NORTE,15,PA,150195,CACHOEIRA DO PIRIA,70,4.77%,70,4.77%,866,58.95%,263,17.9%,103,7.01%,97,6.6%,1469
NORTE,15,PA,150200,CACHOEIRA DO ARARI,38,2.94%,58,4.49%,808,62.49%,214,16.55%,89,6.88%,86,6.65%,1293
NORTE,15,PA,150210,CAMETA,177,1.67%,225,2.13%,6805,64.28%,2008,18.97%,830,7.84%,542,5.12%,10587
NORTE,15,PA,150215,CANAA DOS CARAJAS,66,0.88%,163,2.18%,5056,67.61%,1411,18.87%,528,7.06%,254,3.4%,7478
NORTE,15,PA,150220,CAPANEMA,78,2.11%,117,3.16%,2312,62.4%,626,16.9%,333,8.99%,239,6.45%,3705
NORTE,15,PA,150230,CAPITAO POCO,74,1.9%,92,2.36%,2308,59.26%,804,20.64%,353,9.06%,264,6.78%,3895
NORTE,15,PA,150240,CASTANHAL,304,2.91%,264,2.53%,6620,63.42%,1866,17.88%,892,8.55%,492,4.71%,10438
NORTE,15,PA,150250,CHAVES,51,2.6%,50,2.54%,1295,65.9%,301,15.32%,149,7.58%,119,6.06%,1965
NORTE,15,PA,150260,COLARES,39,5.52%,39,5.52%,454,64.31%,93,13.17%,48,6.8%,33,4.67%,706
NORTE,15,PA,150270,CONCEICAO DO ARAGUAIA,69,2.54%,104,3.83%,1726,63.6%,519,19.12%,194,7.15%,102,3.76%,2714
NORTE,15,PA,150275,CONCORDIA DO PARA,62,3.02%,61,2.97%,1174,57.18%,356,17.34%,211,10.28%,189,9.21%,2053
NORTE,15,PA,150276,CUMARU DO NORTE,54,6.97%,45,5.81%,472,60.9%,129,16.65%,39,5.03%,36,4.65%,775
NORTE,15,PA,150277,CURIONOPOLIS,64,4.09%,85,5.43%,910,58.18%,232,14.83%,113,7.23%,160,10.23%,1564
NORTE,15,PA,150280,CURRALINHO,84,2.96%,82,2.89%,1708,60.25%,477,16.83%,226,7.97%,258,9.1%,2835
NORTE,15,PA,150285,CURUA,22,1.92%,43,3.76%,809,70.66%,159,13.89%,73,6.38%,39,3.41%,1145
NORTE,15,PA,150290,CURUCA,101,4.2%,70,2.91%,1394,57.91%,441,18.32%,218,9.06%,183,7.6%,2407
NORTE,15,PA,150293,DOM ELISEU,71,3.4%,107,5.13%,1344,64.4%,311,14.9%,134,6.42%,120,5.75%,2087
NORTE,15,PA,150295,ELDORADO DOS CARAJAS,55,2.67%,76,3.69%,1367,66.33%,289,14.02%,172,8.35%,102,4.95%,2061
NORTE,15,PA,150300,FARO,18,2.41%,22,2.94%,509,68.05%,117,15.64%,48,6.42%,34,4.55%,748
NORTE,15,PA,150304,FLORESTA DO ARAGUAIA,12,0.77%,60,3.86%,1081,69.56%,245,15.77%,113,7.27%,43,2.77%,1554
NORTE,15,PA,150307,GARRAFAO DO NORTE,29,1.56%,58,3.11%,1102,59.18%,365,19.6%,173,9.29%,135,7.25%,1862
NORTE,15,PA,150309,GOIANESIA DO PARA,32,2.02%,63,3.98%,1045,66.1%,255,16.13%,105,6.64%,81,5.12%,1581
NORTE,15,PA,150310,GURUPA,85,3.36%,80,3.16%,1421,56.21%,437,17.29%,247,9.77%,258,10.21%,2528
NORTE,15,PA,150320,IGARAPE-ACU,34,1.53%,60,2.7%,1301,58.63%,455,20.5%,201,9.06%,168,7.57%,2219
NORTE,15,PA,150330,IGARAPE-MIRI,101,2.37%,172,4.04%,2613,61.37%,745,17.5%,362,8.5%,265,6.22%,4258
NORTE,15,PA,150340,INHANGAPI,26,3.36%,28,3.62%,528,68.31%,111,14.36%,46,5.95%,34,4.4%,773
NORTE,15,PA,150345,IPIXUNA DO PARA,64,2.2%,86,2.96%,1849,63.56%,494,16.98%,242,8.32%,174,5.98%,2909
NORTE,15,PA,150350,IRITUIA,42,1.95%,88,4.09%,1491,69.35%,313,14.56%,118,5.49%,98,4.56%,2150
NORTE,15,PA,150360,ITAITUBA,217,3.16%,229,3.33%,4140,60.29%,1249,18.19%,559,8.14%,473,6.89%,6867
NORTE,15,PA,150370,ITUPIRANGA,74,2%,129,3.49%,2350,63.58%,610,16.5%,318,8.6%,215,5.82%,3696
NORTE,15,PA,150375,JACAREACANGA,303,11.74%,156,6.04%,1376,53.29%,304,11.77%,178,6.89%,265,10.26%,2582
NORTE,15,PA,150380,JACUNDA,69,3.11%,104,4.69%,1445,65.18%,357,16.1%,148,6.68%,94,4.24%,2217
NORTE,15,PA,150390,JURUTI,121,2.89%,158,3.77%,2952,70.5%,583,13.92%,223,5.33%,150,3.58%,4187
NORTE,15,PA,150400,LIMOEIRO DO AJURU,58,2.44%,55,2.32%,1438,60.6%,455,19.17%,232,9.78%,135,5.69%,2373
NORTE,15,PA,150405,MAE DO RIO,37,1.58%,76,3.25%,1636,69.91%,356,15.21%,152,6.5%,83,3.55%,2340
NORTE,15,PA,150410,MAGALHAES BARATA,9,1.99%,8,1.77%,286,63.27%,80,17.7%,36,7.96%,33,7.3%,452
NORTE,15,PA,150420,MARABA,245,1.82%,454,3.37%,9186,68.16%,2218,16.46%,866,6.43%,509,3.78%,13478
NORTE,15,PA,150430,MARACANA,38,2.33%,59,3.62%,958,58.77%,296,18.16%,140,8.59%,139,8.53%,1630
NORTE,15,PA,150440,MARAPANIM,36,2.91%,46,3.71%,760,61.34%,215,17.35%,94,7.59%,88,7.1%,1239
NORTE,15,PA,150442,MARITUBA,129,2.09%,215,3.49%,3938,63.9%,1105,17.93%,484,7.85%,292,4.74%,6163
NORTE,15,PA,150445,MEDICILANDIA,59,3.5%,83,4.92%,1001,59.34%,258,15.29%,156,9.25%,130,7.71%,1687
NORTE,15,PA,150450,MELGACO,62,2.73%,93,4.1%,1577,69.56%,323,14.25%,107,4.72%,105,4.63%,2267
NORTE,15,PA,150460,MOCAJUBA,44,1.63%,75,2.78%,1680,62.36%,507,18.82%,239,8.87%,149,5.53%,2694
NORTE,15,PA,150470,MOJU,143,3.38%,147,3.48%,2222,52.58%,756,17.89%,464,10.98%,494,11.69%,4226
NORTE,15,PA,150475,MOJUI DOS CAMPOS,36,2.03%,62,3.5%,1099,62.06%,314,17.73%,160,9.03%,100,5.65%,1771
NORTE,15,PA,150480,MONTE ALEGRE,88,1.98%,144,3.25%,2984,67.25%,739,16.66%,285,6.42%,197,4.44%,4437
NORTE,15,PA,150490,MUANA,52,1.72%,89,2.95%,2055,68.07%,496,16.43%,193,6.39%,134,4.44%,3019
NORTE,15,PA,150495,NOVA ESPERANCA DO PIRIA,37,2.36%,40,2.55%,880,56.12%,297,18.94%,181,11.54%,133,8.48%,1568
NORTE,15,PA,150497,NOVA IPIXUNA,20,2.33%,22,2.56%,566,65.81%,142,16.51%,67,7.79%,43,5%,860
NORTE,15,PA,150500,NOVA TIMBOTEUA,5,0.66%,20,2.65%,469,62.04%,144,19.05%,75,9.92%,43,5.69%,756
NORTE,15,PA,150503,NOVO PROGRESSO,44,1.57%,65,2.32%,1857,66.2%,547,19.5%,185,6.6%,107,3.81%,2805
NORTE,15,PA,150506,NOVO REPARTIMENTO,72,1.6%,111,2.46%,2971,65.96%,827,18.36%,345,7.66%,178,3.95%,4504
NORTE,15,PA,150510,OBIDOS,47,1.07%,97,2.22%,2942,67.25%,826,18.88%,325,7.43%,138,3.15%,4375
NORTE,15,PA,150520,OEIRAS DO PARA,68,2.57%,81,3.06%,1758,66.31%,442,16.67%,179,6.75%,123,4.64%,2651
NORTE,15,PA,150530,ORIXIMINA,106,2.09%,169,3.33%,3446,67.93%,816,16.09%,295,5.82%,241,4.75%,5073
NORTE,15,PA,150540,OUREM,28,2.23%,34,2.71%,808,64.43%,210,16.75%,107,8.53%,67,5.34%,1254
NORTE,15,PA,150543,OURILANDIA DO NORTE,63,3.26%,87,4.5%,1309,67.68%,276,14.27%,119,6.15%,80,4.14%,1934
NORTE,15,PA,150548,PACAJA,88,2.24%,160,4.07%,2715,69.03%,607,15.43%,238,6.05%,125,3.18%,3933
NORTE,15,PA,150549,PALESTINA DO PARA,6,1.23%,16,3.28%,313,64.14%,95,19.47%,37,7.58%,21,4.3%,488
NORTE,15,PA,150550,PARAGOMINAS,85,1.21%,183,2.6%,4535,64.39%,1420,20.16%,533,7.57%,287,4.07%,7043
NORTE,15,PA,150553,PARAUAPEBAS,157,1.17%,385,2.87%,9338,69.55%,2345,17.46%,780,5.81%,422,3.14%,13427
NORTE,15,PA,150555,PAU D'ARCO,11,1.95%,18,3.2%,380,67.5%,81,14.39%,47,8.35%,26,4.62%,563
NORTE,15,PA,150560,PEIXE-BOI,19,4.39%,12,2.77%,258,59.58%,87,20.09%,33,7.62%,24,5.54%,433
NORTE,15,PA,150563,PICARRA,54,5.62%,52,5.41%,576,59.94%,157,16.34%,60,6.24%,62,6.45%,961
NORTE,15,PA,150565,PLACAS,31,1.84%,46,2.73%,1008,59.82%,330,19.58%,157,9.32%,113,6.71%,1685
NORTE,15,PA,150570,PONTA DE PEDRAS,55,2.95%,65,3.49%,1224,65.7%,316,16.96%,127,6.82%,76,4.08%,1863
NORTE,15,PA,150580,PORTEL,121,2%,202,3.34%,4199,69.42%,903,14.93%,363,6%,261,4.31%,6049
NORTE,15,PA,150590,PORTO DE MOZ,119,4.03%,133,4.51%,1793,60.74%,486,16.46%,228,7.72%,193,6.54%,2952
NORTE,15,PA,150600,PRAINHA,77,2.44%,113,3.58%,2123,67.31%,470,14.9%,209,6.63%,162,5.14%,3154
NORTE,15,PA,150610,PRIMAVERA,21,2.61%,24,2.98%,518,64.35%,124,15.4%,73,9.07%,45,5.59%,805
NORTE,15,PA,150611,QUATIPURU,18,2.62%,19,2.77%,426,62.01%,123,17.9%,50,7.28%,51,7.42%,687
NORTE,15,PA,150613,REDENCAO,94,1.56%,188,3.12%,3779,62.65%,1121,18.58%,521,8.64%,329,5.45%,6032
NORTE,15,PA,150616,RIO MARIA,17,1.97%,37,4.28%,562,64.97%,134,15.49%,64,7.4%,51,5.9%,865
NORTE,15,PA,150618,RONDON DO PARA,50,2.09%,87,3.64%,1642,68.76%,380,15.91%,161,6.74%,68,2.85%,2388
NORTE,15,PA,150619,RUROPOLIS,38,1.99%,57,2.98%,1243,65.04%,343,17.95%,137,7.17%,93,4.87%,1911
NORTE,15,PA,150620,SALINOPOLIS,48,1.64%,79,2.7%,1843,62.99%,521,17.81%,243,8.3%,192,6.56%,2926
NORTE,15,PA,150630,SALVATERRA,45,2.98%,65,4.3%,951,62.9%,245,16.2%,115,7.61%,91,6.02%,1512
NORTE,15,PA,150635,SANTA BARBARA DO PARA,20,1.77%,45,3.98%,725,64.16%,192,16.99%,84,7.43%,64,5.66%,1130
NORTE,15,PA,150640,SANTA CRUZ DO ARARI,12,2.66%,18,3.99%,274,60.75%,77,17.07%,39,8.65%,31,6.87%,451
NORTE,15,PA,150650,SANTA IZABEL DO PARA,78,2.29%,106,3.12%,1999,58.79%,599,17.62%,291,8.56%,327,9.62%,3400
NORTE,15,PA,150655,SANTA LUZIA DO PARA,24,1.65%,53,3.65%,837,57.57%,308,21.18%,124,8.53%,108,7.43%,1454
NORTE,15,PA,150658,SANTA MARIA DAS BARREIRAS,40,4.43%,40,4.43%,582,64.52%,145,16.08%,53,5.88%,42,4.66%,902
NORTE,15,PA,150660,SANTA MARIA DO PARA,37,2.23%,38,2.29%,1022,61.57%,310,18.67%,151,9.1%,102,6.14%,1660
NORTE,15,PA,150670,SANTANA DO ARAGUAIA,103,4.21%,108,4.41%,1542,62.96%,349,14.25%,184,7.51%,163,6.66%,2449
NORTE,15,PA,150680,SANTAREM,534,2.57%,731,3.52%,13763,66.25%,3373,16.24%,1476,7.11%,896,4.31%,20773
NORTE,15,PA,150690,SANTAREM NOVO,8,1.62%,21,4.25%,312,63.16%,95,19.23%,30,6.07%,28,5.67%,494
NORTE,15,PA,150700,SANTO ANTONIO DO TAUA,60,3%,43,2.15%,1332,66.6%,375,18.75%,77,3.85%,113,5.65%,2000
NORTE,15,PA,150710,SAO CAETANO DE ODIVELAS,35,3.34%,32,3.06%,691,66%,182,17.38%,67,6.4%,40,3.82%,1047
NORTE,15,PA,150715,SAO DOMINGOS DO ARAGUAIA,23,1.67%,46,3.34%,904,65.6%,232,16.84%,99,7.18%,74,5.37%,1378
NORTE,15,PA,150720,SAO DOMINGOS DO CAPIM,48,2.02%,75,3.16%,1461,61.62%,424,17.88%,202,8.52%,161,6.79%,2371
NORTE,15,PA,150730,SAO FELIX DO XINGU,316,7.09%,202,4.53%,2747,61.65%,629,14.12%,302,6.78%,260,5.83%,4456
NORTE,15,PA,150740,SAO FRANCISCO DO PARA,35,3.71%,35,3.71%,568,60.17%,157,16.63%,74,7.84%,75,7.94%,944
NORTE,15,PA,150745,SAO GERALDO DO ARAGUAIA,38,2.35%,71,4.38%,1098,67.78%,252,15.56%,86,5.31%,75,4.63%,1620
NORTE,15,PA,150746,SAO JOAO DA PONTA,12,3.45%,23,6.61%,236,67.82%,49,14.08%,14,4.02%,14,4.02%,348
NORTE,15,PA,150747,SAO JOAO DE PIRABAS,12,0.85%,29,2.05%,973,68.67%,238,16.8%,103,7.27%,62,4.38%,1417
NORTE,15,PA,150750,SAO JOAO DO ARAGUAIA,87,9.21%,56,5.93%,580,61.38%,118,12.49%,52,5.5%,52,5.5%,945
NORTE,15,PA,150760,SAO MIGUEL DO GUAMA,71,1.86%,125,3.27%,2391,62.48%,695,18.16%,317,8.28%,228,5.96%,3827
NORTE,15,PA,150770,SAO SEBASTIAO DA BOA VISTA,59,2.56%,85,3.68%,1393,60.38%,432,18.73%,180,7.8%,158,6.85%,2307
NORTE,15,PA,150775,SAPUCAIA,4,1.13%,8,2.25%,212,59.72%,69,19.44%,36,10.14%,26,7.32%,355
NORTE,15,PA,150780,SENADOR JOSE PORFIRIO,43,2.71%,42,2.65%,917,57.78%,273,17.2%,151,9.51%,161,10.14%,1587
NORTE,15,PA,150790,SOURE,60,3.97%,65,4.3%,919,60.82%,239,15.82%,133,8.8%,95,6.29%,1511
NORTE,15,PA,150795,TAILANDIA,71,1.16%,195,3.18%,4179,68.2%,1067,17.41%,410,6.69%,206,3.36%,6128
NORTE,15,PA,150796,TERRA ALTA,20,2.92%,25,3.64%,435,63.41%,108,15.74%,48,7%,50,7.29%,686
NORTE,15,PA,150797,TERRA SANTA,22,1.51%,38,2.61%,1047,71.81%,215,14.75%,87,5.97%,49,3.36%,1458
NORTE,15,PA,150800,TOME-ACU,125,2.21%,196,3.47%,3673,65.05%,905,16.03%,394,6.98%,353,6.25%,5646
NORTE,15,PA,150803,TRACUATEUA,48,2.44%,82,4.17%,1251,63.57%,315,16.01%,152,7.72%,120,6.1%,1968
NORTE,15,PA,150805,TRAIRAO,28,2.11%,51,3.85%,844,63.65%,222,16.74%,100,7.54%,81,6.11%,1326
NORTE,15,PA,150808,TUCUMA,59,2.38%,74,2.99%,1677,67.73%,419,16.92%,144,5.82%,103,4.16%,2476
NORTE,15,PA,150810,TUCURUI,98,1.99%,174,3.54%,3383,68.77%,772,15.69%,303,6.16%,189,3.84%,4919
NORTE,15,PA,150812,ULIANOPOLIS,45,2.36%,39,2.05%,1116,58.61%,383,20.12%,189,9.93%,132,6.93%,1904
NORTE,15,PA,150815,URUARA,76,2.56%,91,3.06%,1835,61.74%,511,17.19%,227,7.64%,232,7.81%,2972
NORTE,15,PA,150820,VIGIA,146,5.82%,123,4.91%,1543,61.55%,358,14.28%,187,7.46%,150,5.98%,2507
NORTE,15,PA,150830,VISEU,71,1.54%,99,2.14%,2953,63.86%,832,17.99%,383,8.28%,286,6.19%,4624
NORTE,15,PA,150835,VITORIA DO XINGU,27,2.02%,48,3.6%,870,65.17%,211,15.81%,120,8.99%,59,4.42%,1335
NORTE,15,PA,150840,XINGUARA,58,1.93%,106,3.52%,2016,66.93%,472,15.67%,217,7.2%,143,4.75%,3012
NORTE,16,AP,160005,SERRA DO NAVIO,8,2.47%,12,3.7%,212,65.43%,54,16.67%,14,4.32%,24,7.41%,324
NORTE,16,AP,160010,AMAPA,18,2.72%,18,2.72%,447,67.62%,114,17.25%,37,5.6%,27,4.08%,661
NORTE,16,AP,160015,PEDRA BRANCA DO AMAPARI,12,1.42%,41,4.84%,553,65.29%,152,17.95%,58,6.85%,31,3.66%,847
NORTE,16,AP,160020,CALCOENE,20,2.3%,30,3.44%,573,65.79%,140,16.07%,59,6.77%,49,5.63%,871
NORTE,16,AP,160021,CUTIAS,13,2.73%,23,4.82%,285,59.75%,75,15.72%,28,5.87%,53,11.11%,477
NORTE,16,AP,160023,FERREIRA GOMES,11,2.42%,22,4.84%,308,67.69%,68,14.95%,25,5.49%,21,4.62%,455
NORTE,16,AP,160025,ITAUBAL,17,2.54%,14,2.1%,451,67.51%,111,16.62%,45,6.74%,30,4.49%,668
NORTE,16,AP,160027,LARANJAL DO JARI,65,2.77%,85,3.62%,1489,63.44%,405,17.26%,170,7.24%,133,5.67%,2347
NORTE,16,AP,160030,MACAPA,445,2.03%,601,2.74%,13944,63.46%,3940,17.93%,1812,8.25%,1232,5.61%,21974
NORTE,16,AP,160040,MAZAGAO,59,2.74%,63,2.93%,1350,62.76%,365,16.97%,173,8.04%,141,6.56%,2151
NORTE,16,AP,160050,OIAPOQUE,51,3%,68,4%,1097,64.53%,284,16.71%,105,6.18%,95,5.59%,1700
NORTE,16,AP,160053,PORTO GRANDE,39,3.7%,50,4.74%,654,61.99%,161,15.26%,77,7.3%,74,7.01%,1055
NORTE,16,AP,160055,PRACUUBA,10,2.51%,15,3.76%,255,63.91%,69,17.29%,30,7.52%,20,5.01%,399
NORTE,16,AP,160060,SANTANA,96,1.54%,163,2.61%,3996,64.04%,1176,18.85%,498,7.98%,311,4.98%,6240
NORTE,16,AP,160070,TARTARUGALZINHO,20,1.56%,49,3.81%,889,69.18%,187,14.55%,74,5.76%,66,5.14%,1285
NORTE,16,AP,160080,VITORIA DO JARI,24,2.42%,33,3.32%,620,62.44%,177,17.82%,72,7.25%,67,6.75%,993
NORTE,17,TO,170025,ABREULANDIA,4,3.31%,7,5.79%,86,71.07%,5,4.13%,11,9.09%,8,6.61%,121
NORTE,17,TO,170030,AGUIARNOPOLIS,4,3.54%,7,6.19%,80,70.8%,11,9.73%,6,5.31%,5,4.42%,113
NORTE,17,TO,170035,ALIANCA DO TOCANTINS,4,1.18%,9,2.65%,213,62.65%,73,21.47%,22,6.47%,19,5.59%,340
NORTE,17,TO,170040,ALMAS,2,0.41%,13,2.69%,316,65.29%,109,22.52%,37,7.64%,7,1.45%,484
NORTE,17,TO,170070,ALVORADA,27,5.01%,29,5.38%,313,58.07%,96,17.81%,40,7.42%,34,6.31%,539
NORTE,17,TO,170100,ANANAS,17,2.44%,21,3.02%,438,62.93%,144,20.69%,56,8.05%,20,2.87%,696
NORTE,17,TO,170105,ANGICO,2,1.32%,3,1.99%,105,69.54%,25,16.56%,9,5.96%,7,4.64%,151
NORTE,17,TO,170110,APARECIDA DO RIO NEGRO,5,1.39%,16,4.44%,230,63.89%,63,17.5%,21,5.83%,25,6.94%,360
NORTE,17,TO,170130,ARAGOMINAS,15,4.92%,16,5.25%,173,56.72%,42,13.77%,34,11.15%,25,8.2%,305
NORTE,17,TO,170190,ARAGUACEMA,8,2.11%,6,1.58%,242,63.85%,62,16.36%,37,9.76%,24,6.33%,379
NORTE,17,TO,170200,ARAGUACU,4,0.82%,12,2.46%,305,62.5%,106,21.72%,39,7.99%,22,4.51%,488
NORTE,17,TO,170210,ARAGUAINA,360,3.29%,369,3.37%,6706,61.31%,1900,17.37%,905,8.27%,698,6.38%,10938
NORTE,17,TO,170215,ARAGUANA,4,1.62%,6,2.43%,160,64.78%,49,19.84%,19,7.69%,9,3.64%,247
NORTE,17,TO,170220,ARAGUATINS,36,1.74%,75,3.63%,1373,66.42%,337,16.3%,143,6.92%,103,4.98%,2067
NORTE,17,TO,170230,ARAPOEMA,10,3.1%,14,4.33%,192,59.44%,53,16.41%,30,9.29%,24,7.43%,323
NORTE,17,TO,170240,ARRAIAS,14,2.47%,14,2.47%,352,62.19%,104,18.37%,54,9.54%,28,4.95%,566
NORTE,17,TO,170255,AUGUSTINOPOLIS,27,2.4%,46,4.1%,775,69.01%,171,15.23%,54,4.81%,50,4.45%,1123
NORTE,17,TO,170270,AURORA DO TOCANTINS,4,2.61%,4,2.61%,105,68.63%,25,16.34%,8,5.23%,7,4.58%,153
NORTE,17,TO,170290,AXIXA DO TOCANTINS,27,3.49%,38,4.92%,483,62.48%,116,15.01%,59,7.63%,50,6.47%,773
NORTE,17,TO,170300,BABACULANDIA,5,1.27%,16,4.05%,235,59.49%,72,18.23%,43,10.89%,24,6.08%,395
NORTE,17,TO,170305,BANDEIRANTES DO TOCANTINS,4,1.5%,5,1.88%,188,70.68%,43,16.17%,19,7.14%,7,2.63%,266
NORTE,17,TO,170307,BARRA DO OURO,10,2.67%,18,4.81%,248,66.31%,63,16.84%,23,6.15%,12,3.21%,374
NORTE,17,TO,170310,BARROLANDIA,7,2.02%,14,4.05%,243,70.23%,43,12.43%,21,6.07%,18,5.2%,346
NORTE,17,TO,170320,BERNARDO SAYAO,3,2.73%,6,5.45%,70,63.64%,17,15.45%,8,7.27%,6,5.45%,110
NORTE,17,TO,170330,BOM JESUS DO TOCANTINS,8,2.33%,11,3.2%,189,54.94%,73,21.22%,39,11.34%,24,6.98%,344
NORTE,17,TO,170360,BRASILANDIA DO TOCANTINS,1,0.68%,3,2.04%,89,60.54%,29,19.73%,11,7.48%,14,9.52%,147
NORTE,17,TO,170370,BREJINHO DE NAZARE,7,2.47%,12,4.24%,158,55.83%,63,22.26%,22,7.77%,21,7.42%,283
NORTE,17,TO,170380,BURITI DO TOCANTINS,9,1.29%,14,2.01%,420,60.34%,159,22.84%,59,8.48%,35,5.03%,696
NORTE,17,TO,170382,CACHOEIRINHA,1,0.63%,3,1.89%,124,77.99%,17,10.69%,11,6.92%,3,1.89%,159
NORTE,17,TO,170384,CAMPOS LINDOS,4,0.5%,14,1.74%,618,76.87%,121,15.05%,35,4.35%,12,1.49%,804
NORTE,17,TO,170386,CARIRI DO TOCANTINS,5,2.16%,9,3.88%,144,62.07%,36,15.52%,25,10.78%,13,5.6%,232
NORTE,17,TO,170388,CARMOLANDIA,7,3.26%,11,5.12%,132,61.4%,38,17.67%,14,6.51%,13,6.05%,215
NORTE,17,TO,170389,CARRASCO BONITO,5,1.86%,3,1.12%,173,64.31%,51,18.96%,18,6.69%,19,7.06%,269
NORTE,17,TO,170390,CASEARA,2,0.61%,10,3.04%,205,62.31%,68,20.67%,26,7.9%,18,5.47%,329
NORTE,17,TO,170410,CENTENARIO,2,2.86%,5,7.14%,48,68.57%,8,11.43%,1,1.43%,6,8.57%,70
NORTE,17,TO,170460,CHAPADA DE AREIA,1,0.76%,6,4.55%,97,73.48%,14,10.61%,11,8.33%,3,2.27%,132
NORTE,17,TO,170510,CHAPADA DA NATIVIDADE,2,0.84%,5,2.1%,174,73.11%,33,13.87%,11,4.62%,13,5.46%,238
NORTE,17,TO,170550,COLINAS DO TOCANTINS,41,1.98%,73,3.53%,1336,64.63%,350,16.93%,146,7.06%,121,5.85%,2067
NORTE,17,TO,170555,COMBINADO,16,5.21%,8,2.61%,168,54.72%,62,20.2%,29,9.45%,24,7.82%,307
NORTE,17,TO,170560,CONCEICAO DO TOCANTINS,1,0.36%,7,2.52%,195,70.14%,49,17.63%,12,4.32%,14,5.04%,278
NORTE,17,TO,170600,COUTO MAGALHAES,9,2.74%,12,3.65%,204,62.01%,46,13.98%,22,6.69%,36,10.94%,329
NORTE,17,TO,170610,CRISTALANDIA,8,2.86%,5,1.79%,184,65.71%,56,20%,12,4.29%,15,5.36%,280
NORTE,17,TO,170625,CRIXAS DO TOCANTINS,3,3.95%,1,1.32%,34,44.74%,17,22.37%,13,17.11%,8,10.53%,76
NORTE,17,TO,170650,DARCINOPOLIS,5,1.13%,10,2.27%,321,72.79%,69,15.65%,20,4.54%,16,3.63%,441
NORTE,17,TO,170700,DIANOPOLIS,23,2.34%,32,3.26%,639,65.01%,185,18.82%,73,7.43%,31,3.15%,983
NORTE,17,TO,170710,DIVINOPOLIS DO TOCANTINS,16,4.03%,7,1.76%,239,60.2%,79,19.9%,38,9.57%,18,4.53%,397
NORTE,17,TO,170720,DOIS IRMAOS DO TOCANTINS,4,1.09%,6,1.64%,242,66.12%,76,20.77%,25,6.83%,13,3.55%,366
NORTE,17,TO,170730,DUERE,12,4.32%,13,4.68%,184,66.19%,33,11.87%,21,7.55%,15,5.4%,278
NORTE,17,TO,170740,ESPERANTINA,7,1.17%,17,2.85%,403,67.5%,99,16.58%,44,7.37%,27,4.52%,597
NORTE,17,TO,170755,FATIMA,1,0.49%,4,1.96%,124,60.78%,46,22.55%,19,9.31%,10,4.9%,204
NORTE,17,TO,170765,FIGUEIROPOLIS,6,1.99%,8,2.66%,219,72.76%,43,14.29%,18,5.98%,7,2.33%,301
NORTE,17,TO,170770,FILADELFIA,4,0.72%,6,1.08%,367,66.37%,98,17.72%,54,9.76%,24,4.34%,553
NORTE,17,TO,170820,FORMOSO DO ARAGUAIA,23,2.44%,33,3.5%,565,59.98%,178,18.9%,88,9.34%,55,5.84%,942
NORTE,17,TO,170825,TABOCAO,0,-,5,4.42%,75,66.37%,22,19.47%,7,6.19%,4,3.54%,113
NORTE,17,TO,170830,GOIANORTE,5,1.61%,11,3.55%,167,53.87%,72,23.23%,39,12.58%,16,5.16%,310
NORTE,17,TO,170900,GOIATINS,26,2.66%,26,2.66%,663,67.86%,159,16.27%,68,6.96%,35,3.58%,977
NORTE,17,TO,170930,GUARAI,10,1.05%,26,2.74%,664,70.04%,159,16.77%,61,6.43%,28,2.95%,948
NORTE,17,TO,170950,GURUPI,458,11.7%,141,3.6%,2442,62.36%,592,15.12%,189,4.83%,94,2.4%,3916
NORTE,17,TO,170980,IPUEIRAS,5,4.9%,1,0.98%,66,64.71%,17,16.67%,12,11.76%,1,0.98%,102
NORTE,17,TO,171050,ITACAJA,6,1.25%,6,1.25%,297,61.88%,111,23.13%,42,8.75%,18,3.75%,480
NORTE,17,TO,171070,ITAGUATINS,8,2.32%,20,5.8%,230,66.67%,52,15.07%,20,5.8%,15,4.35%,345
NORTE,17,TO,171090,ITAPIRATINS,1,0.37%,8,2.95%,205,75.65%,33,12.18%,18,6.64%,6,2.21%,271
NORTE,17,TO,171110,ITAPORA DO TOCANTINS,6,3.35%,8,4.47%,119,66.48%,24,13.41%,11,6.15%,11,6.15%,179
NORTE,17,TO,171150,JAU DO TOCANTINS,3,1.47%,7,3.43%,134,65.69%,31,15.2%,17,8.33%,12,5.88%,204
NORTE,17,TO,171180,JUARINA,1,0.53%,7,3.7%,128,67.72%,40,21.16%,11,5.82%,2,1.06%,189
NORTE,17,TO,171190,LAGOA DA CONFUSAO,18,1.85%,19,1.95%,554,56.88%,219,22.48%,119,12.22%,45,4.62%,974
NORTE,17,TO,171195,LAGOA DO TOCANTINS,2,0.6%,17,5.14%,237,71.6%,46,13.9%,21,6.34%,8,2.42%,331
NORTE,17,TO,171200,LAJEADO,2,1.27%,8,5.06%,99,62.66%,28,17.72%,15,9.49%,6,3.8%,158
NORTE,17,TO,171215,LAVANDEIRA,3,2.42%,5,4.03%,82,66.13%,19,15.32%,11,8.87%,4,3.23%,124
NORTE,17,TO,171240,LIZARDA,10,4.24%,8,3.39%,153,64.83%,47,19.92%,9,3.81%,9,3.81%,236
NORTE,17,TO,171245,LUZINOPOLIS,4,3.1%,3,2.33%,89,68.99%,18,13.95%,10,7.75%,5,3.88%,129
NORTE,17,TO,171250,MARIANOPOLIS DO TOCANTINS,2,0.68%,5,1.69%,195,66.1%,57,19.32%,21,7.12%,15,5.08%,295
NORTE,17,TO,171270,MATEIROS,3,1.69%,4,2.25%,113,63.48%,34,19.1%,18,10.11%,6,3.37%,178
NORTE,17,TO,171280,MAURILANDIA DO TOCANTINS,4,1.44%,10,3.6%,193,69.42%,39,14.03%,19,6.83%,13,4.68%,278
NORTE,17,TO,171320,MIRACEMA DO TOCANTINS,32,3.46%,42,4.54%,621,67.06%,126,13.61%,52,5.62%,53,5.72%,926
NORTE,17,TO,171330,MIRANORTE,16,2.07%,27,3.49%,455,58.86%,141,18.24%,85,11%,49,6.34%,773
NORTE,17,TO,171360,MONTE DO CARMO,8,1.99%,7,1.74%,284,70.65%,72,17.91%,24,5.97%,7,1.74%,402
NORTE,17,TO,171370,MONTE SANTO DO TOCANTINS,1,1.22%,7,8.54%,58,70.73%,10,12.2%,4,4.88%,2,2.44%,82
NORTE,17,TO,171380,PALMEIRAS DO TOCANTINS,7,2.25%,6,1.93%,214,68.81%,44,14.15%,23,7.4%,17,5.47%,311
NORTE,17,TO,171395,MURICILANDIA,7,2.56%,6,2.2%,157,57.51%,59,21.61%,27,9.89%,17,6.23%,273
NORTE,17,TO,171420,NATIVIDADE,1,0.19%,16,3.02%,350,66.04%,99,18.68%,42,7.92%,22,4.15%,530
NORTE,17,TO,171430,NAZARE,2,0.82%,5,2.06%,153,62.96%,37,15.23%,25,10.29%,21,8.64%,243
NORTE,17,TO,171488,NOVA OLINDA,8,0.96%,19,2.27%,509,60.89%,173,20.69%,91,10.89%,36,4.31%,836
NORTE,17,TO,171500,NOVA ROSALANDIA,0,-,8,3.13%,136,53.13%,58,22.66%,33,12.89%,21,8.2%,256
NORTE,17,TO,171510,NOVO ACORDO,17,4.82%,22,6.23%,250,70.82%,33,9.35%,14,3.97%,17,4.82%,353
NORTE,17,TO,171515,NOVO ALEGRE,1,1.08%,2,2.15%,61,65.59%,15,16.13%,11,11.83%,3,3.23%,93
NORTE,17,TO,171525,NOVO JARDIM,3,2.27%,6,4.55%,93,70.45%,13,9.85%,10,7.58%,7,5.3%,132
NORTE,17,TO,171550,OLIVEIRA DE FATIMA,3,3.33%,1,1.11%,62,68.89%,10,11.11%,5,5.56%,9,10%,90
NORTE,17,TO,171570,PALMEIRANTE,4,1.06%,6,1.58%,203,53.56%,93,24.54%,41,10.82%,32,8.44%,379
NORTE,17,TO,171575,PALMEIROPOLIS,7,1.46%,19,3.97%,330,68.89%,83,17.33%,28,5.85%,12,2.51%,479
NORTE,17,TO,171610,PARAISO DO TOCANTINS,39,1.74%,57,2.54%,1485,66.18%,411,18.32%,165,7.35%,87,3.88%,2244
NORTE,17,TO,171620,PARANA,24,4.43%,30,5.54%,337,62.18%,79,14.58%,39,7.2%,33,6.09%,542
NORTE,17,TO,171630,PAU D'ARCO,23,10.65%,21,9.72%,124,57.41%,25,11.57%,9,4.17%,14,6.48%,216
NORTE,17,TO,171650,PEDRO AFONSO,10,1.07%,23,2.47%,609,65.27%,157,16.83%,80,8.57%,54,5.79%,933
NORTE,17,TO,171660,PEIXE,6,1.28%,13,2.78%,278,59.4%,100,21.37%,50,10.68%,21,4.49%,468
NORTE,17,TO,171665,PEQUIZEIRO,8,3.42%,6,2.56%,145,61.97%,45,19.23%,16,6.84%,14,5.98%,234
NORTE,17,TO,171670,COLMEIA,1,0.26%,6,1.53%,250,63.94%,76,19.44%,46,11.76%,12,3.07%,391
NORTE,17,TO,171700,PINDORAMA DO TOCANTINS,3,1.16%,12,4.65%,174,67.44%,36,13.95%,18,6.98%,15,5.81%,258
NORTE,17,TO,171720,PIRAQUE,4,2.31%,5,2.89%,109,63.01%,31,17.92%,16,9.25%,8,4.62%,173
NORTE,17,TO,171750,PIUM,10,2.06%,18,3.7%,318,65.43%,88,18.11%,34,7%,18,3.7%,486
NORTE,17,TO,171780,PONTE ALTA DO BOM JESUS,1,0.55%,8,4.4%,145,79.67%,20,10.99%,7,3.85%,1,0.55%,182
NORTE,17,TO,171790,PONTE ALTA DO TOCANTINS,5,1.19%,17,4.06%,285,68.02%,70,16.71%,26,6.21%,16,3.82%,419
NORTE,17,TO,171800,PORTO ALEGRE DO TOCANTINS,4,1.81%,9,4.07%,145,65.61%,43,19.46%,14,6.33%,6,2.71%,221
NORTE,17,TO,171820,PORTO NACIONAL,45,1.28%,99,2.82%,2391,68.14%,643,18.32%,223,6.36%,108,3.08%,3509
NORTE,17,TO,171830,PRAIA NORTE,7,1.97%,10,2.82%,246,69.3%,53,14.93%,24,6.76%,15,4.23%,355
NORTE,17,TO,171840,PRESIDENTE KENNEDY,2,0.98%,1,0.49%,122,59.8%,48,23.53%,19,9.31%,12,5.88%,204
NORTE,17,TO,171845,PUGMIL,6,3.37%,4,2.25%,93,52.25%,36,20.22%,23,12.92%,16,8.99%,178
NORTE,17,TO,171850,RECURSOLANDIA,4,1.25%,3,0.94%,196,61.44%,70,21.94%,31,9.72%,15,4.7%,319
NORTE,17,TO,171855,RIACHINHO,5,1.59%,10,3.17%,218,69.21%,52,16.51%,22,6.98%,8,2.54%,315
NORTE,17,TO,171865,RIO DA CONCEICAO,2,1.23%,1,0.62%,108,66.67%,32,19.75%,12,7.41%,7,4.32%,162
NORTE,17,TO,171870,RIO DOS BOIS,1,0.53%,4,2.14%,133,71.12%,31,16.58%,12,6.42%,6,3.21%,187
NORTE,17,TO,171875,RIO SONO,15,4.14%,17,4.7%,241,66.57%,44,12.15%,35,9.67%,10,2.76%,362
NORTE,17,TO,171880,SAMPAIO,17,4.06%,16,3.82%,297,70.88%,46,10.98%,33,7.88%,10,2.39%,419
NORTE,17,TO,171884,SANDOLANDIA,4,1.55%,7,2.71%,166,64.34%,42,16.28%,21,8.14%,18,6.98%,258
NORTE,17,TO,171886,SANTA FE DO ARAGUAIA,14,2.79%,11,2.19%,340,67.73%,89,17.73%,27,5.38%,21,4.18%,502
NORTE,17,TO,171888,SANTA MARIA DO TOCANTINS,1,0.56%,4,2.22%,111,61.67%,36,20%,19,10.56%,9,5%,180
NORTE,17,TO,171889,SANTA RITA DO TOCANTINS,4,2.41%,1,0.6%,110,66.27%,31,18.67%,10,6.02%,10,6.02%,166
NORTE,17,TO,171890,SANTA ROSA DO TOCANTINS,6,2.15%,11,3.94%,191,68.46%,39,13.98%,14,5.02%,18,6.45%,279
NORTE,17,TO,171900,SANTA TEREZA DO TOCANTINS,2,0.69%,7,2.42%,198,68.51%,52,17.99%,20,6.92%,10,3.46%,289
NORTE,17,TO,172000,SANTA TEREZINHA DO TOCANTINS,4,2.6%,6,3.9%,109,70.78%,19,12.34%,8,5.19%,8,5.19%,154
NORTE,17,TO,172010,SAO BENTO DO TOCANTINS,6,1.16%,15,2.9%,322,62.28%,94,18.18%,51,9.86%,29,5.61%,517
NORTE,17,TO,172015,SAO FELIX DO TOCANTINS,6,5.26%,5,4.39%,69,60.53%,18,15.79%,8,7.02%,8,7.02%,114
NORTE,17,TO,172020,SAO MIGUEL DO TOCANTINS,23,2.1%,30,2.74%,723,65.97%,187,17.06%,88,8.03%,45,4.11%,1096
NORTE,17,TO,172025,SAO SALVADOR DO TOCANTINS,2,0.9%,3,1.36%,130,58.82%,50,22.62%,18,8.14%,18,8.14%,221
NORTE,17,TO,172030,SAO SEBASTIAO DO TOCANTINS,6,1.95%,11,3.58%,212,69.06%,42,13.68%,19,6.19%,17,5.54%,307
NORTE,17,TO,172049,SAO VALERIO,3,1.27%,3,1.27%,141,59.49%,42,17.72%,30,12.66%,18,7.59%,237
NORTE,17,TO,172065,SILVANOPOLIS,6,1.32%,15,3.3%,278,61.1%,81,17.8%,47,10.33%,28,6.15%,455
NORTE,17,TO,172080,SITIO NOVO DO TOCANTINS,19,2.62%,24,3.31%,474,65.47%,108,14.92%,54,7.46%,45,6.22%,724
NORTE,17,TO,172085,SUCUPIRA,4,2.99%,2,1.49%,77,57.46%,33,24.63%,9,6.72%,9,6.72%,134
NORTE,17,TO,172090,TAGUATINGA,11,1.23%,24,2.68%,563,62.76%,175,19.51%,76,8.47%,48,5.35%,897
NORTE,17,TO,172093,TAIPAS DO TOCANTINS,1,0.82%,4,3.28%,83,68.03%,20,16.39%,7,5.74%,7,5.74%,122
NORTE,17,TO,172097,TALISMA,1,0.58%,5,2.92%,107,62.57%,34,19.88%,15,8.77%,9,5.26%,171
NORTE,17,TO,172100,PALMAS,216,1.69%,317,2.49%,7947,62.32%,2529,19.83%,1082,8.48%,661,5.18%,12752
NORTE,17,TO,172110,TOCANTINIA,23,3.2%,28,3.9%,483,67.27%,117,16.3%,41,5.71%,26,3.62%,718
NORTE,17,TO,172120,TOCANTINOPOLIS,56,4.01%,74,5.3%,939,67.26%,188,13.47%,67,4.8%,72,5.16%,1396
NORTE,17,TO,172125,TUPIRAMA,5,3.4%,2,1.36%,94,63.95%,28,19.05%,13,8.84%,5,3.4%,147
NORTE,17,TO,172130,TUPIRATINS,3,3.23%,6,6.45%,56,60.22%,17,18.28%,8,8.6%,3,3.23%,93
NORTE,17,TO,172208,WANDERLANDIA,5,0.9%,13,2.33%,350,62.72%,102,18.28%,58,10.39%,30,5.38%,558
NORTE,17,TO,172210,XAMBIOA,10,1.67%,22,3.67%,383,63.83%,116,19.33%,47,7.83%,22,3.67%,600
NORDESTE,21,MA,210005,ACAILANDIA,132,2.75%,213,4.44%,3276,68.25%,666,13.88%,306,6.38%,207,4.31%,4800
NORDESTE,21,MA,210010,AFONSO CUNHA,25,3.57%,29,4.14%,429,61.2%,113,16.12%,61,8.7%,44,6.28%,701
NORDESTE,21,MA,210015,AGUA DOCE DO MARANHAO,15,1.58%,13,1.37%,513,53.94%,198,20.82%,124,13.04%,88,9.25%,951
NORDESTE,21,MA,210020,ALCANTARA,39,3.87%,49,4.87%,636,63.16%,128,12.71%,95,9.43%,60,5.96%,1007
NORDESTE,21,MA,210030,ALDEIAS ALTAS,64,4.11%,89,5.71%,1068,68.55%,218,13.99%,68,4.36%,51,3.27%,1558
NORDESTE,21,MA,210040,ALTAMIRA DO MARANHAO,9,2.37%,11,2.9%,233,61.48%,70,18.47%,29,7.65%,27,7.12%,379
NORDESTE,21,MA,210043,ALTO ALEGRE DO MARANHAO,65,4.83%,80,5.94%,828,61.52%,203,15.08%,94,6.98%,76,5.65%,1346
NORDESTE,21,MA,210047,ALTO ALEGRE DO PINDARE,38,1.82%,71,3.4%,1330,63.61%,374,17.89%,161,7.7%,117,5.6%,2091
NORDESTE,21,MA,210050,ALTO PARNAIBA,35,4.72%,53,7.14%,450,60.65%,102,13.75%,55,7.41%,47,6.33%,742
NORDESTE,21,MA,210055,AMAPA DO MARANHAO,15,2.65%,17,3%,400,70.55%,71,12.52%,41,7.23%,23,4.06%,567
NORDESTE,21,MA,210060,AMARANTE DO MARANHAO,176,5.81%,116,3.83%,1824,60.2%,499,16.47%,237,7.82%,178,5.87%,3030
NORDESTE,21,MA,210070,ANAJATUBA,29,2.2%,50,3.79%,878,66.52%,207,15.68%,82,6.21%,74,5.61%,1320
NORDESTE,21,MA,210080,ANAPURUS,25,2.53%,51,5.16%,590,59.72%,159,16.09%,88,8.91%,75,7.59%,988
NORDESTE,21,MA,210083,APICUM-ACU,22,2.05%,31,2.89%,713,66.45%,169,15.75%,82,7.64%,56,5.22%,1073
NORDESTE,21,MA,210087,ARAGUANA,15,2.53%,17,2.87%,384,64.76%,92,15.51%,47,7.93%,38,6.41%,593
NORDESTE,21,MA,210090,ARAIOSES,58,2.41%,68,2.83%,1434,59.7%,420,17.49%,217,9.03%,205,8.53%,2402
NORDESTE,21,MA,210095,ARAME,25,1.17%,59,2.77%,1500,70.46%,351,16.49%,135,6.34%,59,2.77%,2129
NORDESTE,21,MA,210100,ARARI,61,4.12%,56,3.78%,925,62.5%,232,15.68%,118,7.97%,88,5.95%,1480
NORDESTE,21,MA,210110,AXIXA,15,2.09%,25,3.48%,446,62.03%,116,16.13%,63,8.76%,54,7.51%,719
NORDESTE,21,MA,210120,BACABAL,110,1.72%,144,2.26%,3992,62.58%,1521,23.84%,363,5.69%,249,3.9%,6379
NORDESTE,21,MA,210125,BACABEIRA,20,1.98%,31,3.07%,698,69.04%,122,12.07%,79,7.81%,61,6.03%,1011
NORDESTE,21,MA,210130,BACURI,20,2.11%,52,5.5%,639,67.55%,125,13.21%,65,6.87%,45,4.76%,946
NORDESTE,21,MA,210135,BACURITUBA,13,4.23%,15,4.89%,185,60.26%,49,15.96%,23,7.49%,22,7.17%,307
NORDESTE,21,MA,210140,BALSAS,55,1.23%,117,2.62%,3048,68.22%,816,18.26%,310,6.94%,122,2.73%,4468
NORDESTE,21,MA,210150,BARAO DE GRAJAU,31,2.76%,37,3.29%,727,64.62%,200,17.78%,60,5.33%,70,6.22%,1125
NORDESTE,21,MA,210160,BARRA DO CORDA,179,4.48%,182,4.56%,2320,58.09%,622,15.57%,348,8.71%,343,8.59%,3994
NORDESTE,21,MA,210170,BARREIRINHAS,143,2.81%,183,3.59%,2932,57.54%,918,18.01%,491,9.64%,429,8.42%,5096
NORDESTE,21,MA,210173,BELAGUA,22,2.76%,43,5.4%,505,63.36%,127,15.93%,60,7.53%,40,5.02%,797
NORDESTE,21,MA,210177,BELA VISTA DO MARANHAO,33,3.24%,50,4.91%,592,58.15%,171,16.8%,94,9.23%,78,7.66%,1018
NORDESTE,21,MA,210180,BENEDITO LEITE,13,3.85%,7,2.07%,192,56.8%,61,18.05%,32,9.47%,33,9.76%,338
NORDESTE,21,MA,210190,BEQUIMAO,53,6.04%,36,4.1%,456,52%,146,16.65%,71,8.1%,115,13.11%,877
NORDESTE,21,MA,210193,BERNARDO DO MEARIM,7,2.36%,13,4.38%,189,63.64%,52,17.51%,25,8.42%,11,3.7%,297
NORDESTE,21,MA,210197,BOA VISTA DO GURUPI,33,5.46%,31,5.13%,369,61.09%,92,15.23%,46,7.62%,33,5.46%,604
NORDESTE,21,MA,210200,BOM JARDIM,77,3.6%,82,3.83%,1318,61.56%,320,14.95%,204,9.53%,140,6.54%,2141
NORDESTE,21,MA,210203,BOM JESUS DAS SELVAS,55,2.84%,67,3.46%,1193,61.62%,323,16.68%,151,7.8%,147,7.59%,1936
NORDESTE,21,MA,210207,BOM LUGAR,30,5.2%,19,3.29%,341,59.1%,91,15.77%,47,8.15%,49,8.49%,577
NORDESTE,21,MA,210210,BREJO,82,3.71%,77,3.49%,1354,61.29%,382,17.29%,164,7.42%,150,6.79%,2209
NORDESTE,21,MA,210215,BREJO DE AREIA,15,2.08%,42,5.83%,446,61.94%,137,19.03%,51,7.08%,29,4.03%,720
NORDESTE,21,MA,210220,BURITI,67,2.87%,87,3.72%,1515,64.83%,343,14.68%,184,7.87%,141,6.03%,2337
NORDESTE,21,MA,210230,BURITI BRAVO,26,1.67%,36,2.32%,1026,66.07%,256,16.48%,122,7.86%,87,5.6%,1553
NORDESTE,21,MA,210232,BURITICUPU,104,2.98%,115,3.3%,2182,62.56%,559,16.03%,276,7.91%,252,7.22%,3488
NORDESTE,21,MA,210235,BURITIRANA,37,4.21%,37,4.21%,495,56.31%,130,14.79%,91,10.35%,89,10.13%,879
NORDESTE,21,MA,210237,CACHOEIRA GRANDE,35,5.22%,52,7.75%,375,55.89%,100,14.9%,64,9.54%,45,6.71%,671
NORDESTE,21,MA,210240,CAJAPIO,15,2.53%,40,6.76%,394,66.55%,73,12.33%,37,6.25%,33,5.57%,592
NORDESTE,21,MA,210250,CAJARI,70,5.86%,72,6.03%,722,60.47%,168,14.07%,73,6.11%,89,7.45%,1194
NORDESTE,21,MA,210255,CAMPESTRE DO MARANHAO,14,1.92%,26,3.56%,472,64.57%,114,15.6%,61,8.34%,44,6.02%,731
NORDESTE,21,MA,210260,CANDIDO MENDES,42,3.12%,58,4.31%,812,60.33%,211,15.68%,100,7.43%,123,9.14%,1346
NORDESTE,21,MA,210270,CANTANHEDE,22,1.99%,48,4.35%,740,67.03%,153,13.86%,80,7.25%,61,5.53%,1104
NORDESTE,21,MA,210275,CAPINZAL DO NORTE,18,2.76%,21,3.23%,440,67.59%,98,15.05%,45,6.91%,29,4.45%,651
NORDESTE,21,MA,210280,CAROLINA,72,6.78%,54,5.08%,612,57.63%,158,14.88%,80,7.53%,86,8.1%,1062
NORDESTE,21,MA,210290,CARUTAPERA,66,3.57%,71,3.84%,1135,61.38%,292,15.79%,149,8.06%,136,7.36%,1849
NORDESTE,21,MA,210300,CAXIAS,193,2.65%,354,4.85%,4841,66.39%,1114,15.28%,452,6.2%,338,4.64%,7292
NORDESTE,21,MA,210310,CEDRAL,33,8.57%,25,6.49%,217,56.36%,55,14.29%,30,7.79%,25,6.49%,385
NORDESTE,21,MA,210312,CENTRAL DO MARANHAO,22,4.91%,30,6.7%,263,58.71%,61,13.62%,33,7.37%,39,8.71%,448
NORDESTE,21,MA,210315,CENTRO DO GUILHERME,35,3.86%,38,4.19%,524,57.77%,133,14.66%,81,8.93%,96,10.58%,907
NORDESTE,21,MA,210317,CENTRO NOVO DO MARANHAO,123,9.02%,71,5.21%,774,56.79%,169,12.4%,117,8.58%,109,8%,1363
NORDESTE,21,MA,210320,CHAPADINHA,113,2.18%,164,3.17%,3230,62.37%,936,18.07%,435,8.4%,301,5.81%,5179
NORDESTE,21,MA,210325,CIDELANDIA,46,4.48%,62,6.04%,661,64.36%,139,13.53%,61,5.94%,58,5.65%,1027
NORDESTE,21,MA,210330,CODO,740,11.11%,2170,32.57%,3326,49.92%,256,3.84%,119,1.79%,52,0.78%,6663
NORDESTE,21,MA,210340,COELHO NETO,103,3.5%,100,3.4%,2202,74.85%,301,10.23%,131,4.45%,105,3.57%,2942
NORDESTE,21,MA,210350,COLINAS,100,4.25%,107,4.55%,1502,63.83%,328,13.94%,178,7.56%,138,5.86%,2353
NORDESTE,21,MA,210355,CONCEICAO DO LAGO-ACU,168,15.15%,57,5.14%,627,56.54%,146,13.17%,63,5.68%,48,4.33%,1109
NORDESTE,21,MA,210360,COROATA,126,3.61%,128,3.67%,2213,63.43%,570,16.34%,242,6.94%,210,6.02%,3489
NORDESTE,21,MA,210370,CURURUPU,48,2.39%,59,2.93%,1363,67.74%,314,15.61%,143,7.11%,85,4.22%,2012
NORDESTE,21,MA,210375,DAVINOPOLIS,21,2.32%,31,3.43%,588,65.04%,148,16.37%,62,6.86%,54,5.97%,904
NORDESTE,21,MA,210380,DOM PEDRO,51,4.54%,47,4.19%,645,57.44%,181,16.12%,96,8.55%,103,9.17%,1123
NORDESTE,21,MA,210390,DUQUE BACELAR,29,3.14%,52,5.63%,614,66.45%,143,15.48%,51,5.52%,35,3.79%,924
NORDESTE,21,MA,210400,ESPERANTINOPOLIS,44,3.7%,70,5.89%,702,59.04%,197,16.57%,101,8.49%,75,6.31%,1189
NORDESTE,21,MA,210405,ESTREITO,81,5.01%,93,5.75%,954,59%,254,15.71%,112,6.93%,123,7.61%,1617
NORDESTE,21,MA,210407,FEIRA NOVA DO MARANHAO,27,6.85%,27,6.85%,238,60.41%,59,14.97%,15,3.81%,28,7.11%,394
NORDESTE,21,MA,210408,FERNANDO FALCAO,24,2.7%,51,5.74%,564,63.44%,130,14.62%,57,6.41%,63,7.09%,889
NORDESTE,21,MA,210409,FORMOSA DA SERRA NEGRA,31,3.24%,39,4.08%,562,58.79%,165,17.26%,95,9.94%,64,6.69%,956
NORDESTE,21,MA,210410,FORTALEZA DOS NOGUEIRAS,23,2.7%,29,3.41%,467,54.88%,161,18.92%,91,10.69%,80,9.4%,851
NORDESTE,21,MA,210420,FORTUNA,16,1.51%,30,2.83%,754,71.13%,159,15%,62,5.85%,39,3.68%,1060
NORDESTE,21,MA,210430,GODOFREDO VIANA,31,4.98%,31,4.98%,365,58.68%,102,16.4%,59,9.49%,34,5.47%,622
NORDESTE,21,MA,210440,GONCALVES DIAS,35,3.21%,34,3.12%,716,65.69%,165,15.14%,89,8.17%,51,4.68%,1090
NORDESTE,21,MA,210450,GOVERNADOR ARCHER,20,3.7%,18,3.33%,346,64.07%,83,15.37%,45,8.33%,28,5.19%,540
NORDESTE,21,MA,210455,GOVERNADOR EDISON LOBAO,35,2.41%,37,2.55%,893,61.5%,296,20.39%,110,7.58%,81,5.58%,1452
NORDESTE,21,MA,210460,GOVERNADOR EUGENIO BARROS,28,2.66%,42,3.99%,672,63.82%,177,16.81%,78,7.41%,56,5.32%,1053
NORDESTE,21,MA,210462,GOVERNADOR LUIZ ROCHA,7,1.25%,21,3.75%,193,34.46%,110,19.64%,171,30.54%,58,10.36%,560
NORDESTE,21,MA,210465,GOVERNADOR NEWTON BELLO,24,3.68%,27,4.14%,376,57.67%,98,15.03%,61,9.36%,66,10.12%,652
NORDESTE,21,MA,210467,GOVERNADOR NUNES FREIRE,39,2.46%,55,3.47%,1038,65.41%,247,15.56%,123,7.75%,85,5.36%,1587
NORDESTE,21,MA,210470,GRACA ARANHA,9,2.76%,10,3.07%,180,55.21%,60,18.4%,29,8.9%,38,11.66%,326
NORDESTE,21,MA,210480,GRAJAU,170,3.65%,163,3.5%,2696,57.93%,810,17.4%,433,9.3%,382,8.21%,4654
NORDESTE,21,MA,210490,GUIMARAES,12,2.45%,26,5.32%,324,66.26%,61,12.47%,34,6.95%,32,6.54%,489
NORDESTE,21,MA,210500,HUMBERTO DE CAMPOS,183,8.56%,117,5.47%,1222,57.13%,281,13.14%,188,8.79%,148,6.92%,2139
NORDESTE,21,MA,210510,ICATU,40,2.58%,82,5.29%,930,60%,259,16.71%,143,9.23%,96,6.19%,1550
NORDESTE,21,MA,210515,IGARAPE DO MEIO,34,3.12%,42,3.85%,688,63.12%,156,14.31%,87,7.98%,83,7.61%,1090
NORDESTE,21,MA,210520,IGARAPE GRANDE,17,2.42%,25,3.56%,460,65.53%,106,15.1%,54,7.69%,40,5.7%,702
NORDESTE,21,MA,210530,IMPERATRIZ,270,2.18%,452,3.65%,8184,66.01%,2081,16.78%,859,6.93%,553,4.46%,12399
NORDESTE,21,MA,210535,ITAIPAVA DO GRAJAU,26,2.34%,32,2.88%,725,65.32%,172,15.5%,84,7.57%,71,6.4%,1110
NORDESTE,21,MA,210540,ITAPECURU MIRIM,142,3.54%,204,5.09%,2472,61.66%,603,15.04%,314,7.83%,274,6.83%,4009
NORDESTE,21,MA,210542,ITINGA DO MARANHAO,33,2.21%,51,3.42%,893,59.89%,267,17.91%,142,9.52%,105,7.04%,1491
NORDESTE,21,MA,210545,JATOBA,10,1.69%,20,3.39%,348,58.98%,113,19.15%,52,8.81%,47,7.97%,590
NORDESTE,21,MA,210547,JENIPAPO DOS VIEIRAS,42,4.93%,31,3.64%,441,51.76%,165,19.37%,99,11.62%,74,8.69%,852
NORDESTE,21,MA,210550,JOAO LISBOA,41,2.81%,68,4.65%,874,59.82%,197,13.48%,107,7.32%,174,11.91%,1461
NORDESTE,21,MA,210560,JOSELANDIA,33,3.47%,36,3.79%,603,63.47%,158,16.63%,61,6.42%,59,6.21%,950
NORDESTE,21,MA,210565,JUNCO DO MARANHAO,17,5.09%,17,5.09%,192,57.49%,54,16.17%,21,6.29%,33,9.88%,334
NORDESTE,21,MA,210570,LAGO DA PEDRA,198,6.29%,202,6.41%,1839,58.38%,478,15.17%,282,8.95%,151,4.79%,3150
NORDESTE,21,MA,210580,LAGO DO JUNCO,21,4.91%,15,3.5%,240,56.07%,73,17.06%,44,10.28%,35,8.18%,428
NORDESTE,21,MA,210590,LAGO VERDE,43,4.48%,39,4.07%,558,58.19%,131,13.66%,81,8.45%,107,11.16%,959
NORDESTE,21,MA,210592,LAGOA DO MATO,24,3.47%,41,5.92%,452,65.32%,96,13.87%,52,7.51%,27,3.9%,692
NORDESTE,21,MA,210594,LAGO DOS RODRIGUES,22,4.01%,18,3.28%,348,63.39%,84,15.3%,48,8.74%,29,5.28%,549
NORDESTE,21,MA,210596,LAGOA GRANDE DO MARANHAO,34,3.25%,47,4.5%,662,63.35%,161,15.41%,76,7.27%,65,6.22%,1045
NORDESTE,21,MA,210598,LAJEADO NOVO,23,5.99%,15,3.91%,243,63.28%,56,14.58%,20,5.21%,27,7.03%,384
NORDESTE,21,MA,210600,LIMA CAMPOS,27,3.6%,39,5.21%,462,61.68%,115,15.35%,61,8.14%,45,6.01%,749
NORDESTE,21,MA,210610,LORETO,14,1.98%,17,2.4%,453,64.07%,112,15.84%,55,7.78%,56,7.92%,707
NORDESTE,21,MA,210620,LUIS DOMINGUES,12,2.17%,20,3.61%,327,59.03%,91,16.43%,61,11.01%,43,7.76%,554
NORDESTE,21,MA,210630,MAGALHAES DE ALMEIDA,22,2.34%,29,3.08%,563,59.77%,174,18.47%,84,8.92%,70,7.43%,942
NORDESTE,21,MA,210632,MARACACUME,51,4.37%,51,4.37%,717,61.39%,178,15.24%,75,6.42%,96,8.22%,1168
NORDESTE,21,MA,210635,MARAJA DO SENA,45,8.44%,26,4.88%,304,57.04%,62,11.63%,43,8.07%,53,9.94%,533
NORDESTE,21,MA,210637,MARANHAOZINHO,25,2.87%,32,3.67%,537,61.58%,130,14.91%,90,10.32%,58,6.65%,872
NORDESTE,21,MA,210640,MATA ROMA,19,1.58%,51,4.25%,751,62.58%,183,15.25%,109,9.08%,87,7.25%,1200
NORDESTE,21,MA,210650,MATINHA,42,3.38%,75,6.03%,810,65.11%,171,13.75%,68,5.47%,78,6.27%,1244
NORDESTE,21,MA,210660,MATOES,51,2.04%,89,3.57%,1679,67.29%,359,14.39%,197,7.9%,120,4.81%,2495
NORDESTE,21,MA,210663,MATOES DO NORTE,18,3.5%,31,6.03%,319,62.06%,75,14.59%,33,6.42%,38,7.39%,514
NORDESTE,21,MA,210667,MILAGRES DO MARANHAO,10,2%,18,3.61%,293,58.72%,92,18.44%,46,9.22%,40,8.02%,499
NORDESTE,21,MA,210670,MIRADOR,53,3.99%,60,4.52%,765,57.61%,215,16.19%,130,9.79%,105,7.91%,1328
NORDESTE,21,MA,210675,MIRANDA DO NORTE,21,1.73%,56,4.62%,798,65.9%,169,13.96%,92,7.6%,75,6.19%,1211
NORDESTE,21,MA,210680,MIRINZAL,17,2.01%,45,5.33%,553,65.52%,118,13.98%,67,7.94%,44,5.21%,844
NORDESTE,21,MA,210690,MONCAO,94,5.21%,108,5.98%,1024,56.73%,264,14.63%,147,8.14%,168,9.31%,1805
NORDESTE,21,MA,210700,MONTES ALTOS,12,2.01%,21,3.51%,407,68.06%,91,15.22%,40,6.69%,27,4.52%,598
NORDESTE,21,MA,210710,MORROS,39,3.58%,47,4.31%,643,58.99%,176,16.15%,97,8.9%,88,8.07%,1090
NORDESTE,21,MA,210720,NINA RODRIGUES,30,3.33%,37,4.1%,566,62.75%,148,16.41%,79,8.76%,42,4.66%,902
NORDESTE,21,MA,210725,NOVA COLINAS,6,1.58%,9,2.37%,266,70.18%,57,15.04%,29,7.65%,12,3.17%,379
NORDESTE,21,MA,210730,NOVA IORQUE,4,1.9%,16,7.58%,151,71.56%,19,9%,14,6.64%,7,3.32%,211
NORDESTE,21,MA,210735,NOVA OLINDA DO MARANHAO,29,2.59%,38,3.39%,679,60.63%,180,16.07%,110,9.82%,84,7.5%,1120
NORDESTE,21,MA,210740,OLHO D'AGUA DAS CUNHAS,154,14.64%,38,3.61%,555,52.76%,162,15.4%,80,7.6%,63,5.99%,1052
NORDESTE,21,MA,210745,OLINDA NOVA DO MARANHAO,21,2.71%,28,3.61%,476,61.34%,125,16.11%,72,9.28%,54,6.96%,776
NORDESTE,21,MA,210750,PACO DO LUMIAR,236,4.09%,299,5.18%,3341,57.83%,1072,18.56%,496,8.59%,333,5.76%,5777
NORDESTE,21,MA,210760,PALMEIRANDIA,63,5.58%,59,5.23%,585,51.82%,163,14.44%,120,10.63%,139,12.31%,1129
NORDESTE,21,MA,210770,PARAIBANO,36,2.65%,44,3.24%,905,66.54%,232,17.06%,76,5.59%,67,4.93%,1360
NORDESTE,21,MA,210780,PARNARAMA,43,2.42%,85,4.78%,1107,62.19%,319,17.92%,135,7.58%,91,5.11%,1780
NORDESTE,21,MA,210790,PASSAGEM FRANCA,22,1.88%,59,5.04%,776,66.32%,181,15.47%,72,6.15%,60,5.13%,1170
NORDESTE,21,MA,210800,PASTOS BONS,79,7.64%,65,6.29%,568,54.93%,155,14.99%,89,8.61%,78,7.54%,1034
NORDESTE,21,MA,210805,PAULINO NEVES,37,2.83%,40,3.06%,775,59.34%,240,18.38%,113,8.65%,101,7.73%,1306
NORDESTE,21,MA,210810,PAULO RAMOS,61,4.78%,48,3.76%,702,55.06%,241,18.9%,119,9.33%,104,8.16%,1275
NORDESTE,21,MA,210820,PEDREIRAS,41,2.55%,44,2.73%,997,61.96%,269,16.72%,141,8.76%,117,7.27%,1609
NORDESTE,21,MA,210825,PEDRO DO ROSARIO,62,5.5%,48,4.26%,645,57.18%,163,14.45%,89,7.89%,121,10.73%,1128
NORDESTE,21,MA,210830,PENALVA,103,4.18%,124,5.03%,1558,63.18%,341,13.83%,177,7.18%,163,6.61%,2466
NORDESTE,21,MA,210840,PERI MIRIM,21,3.4%,32,5.19%,384,62.24%,98,15.88%,44,7.13%,38,6.16%,617
NORDESTE,21,MA,210845,PERITORO,158,11.38%,278,20.03%,659,47.48%,143,10.3%,86,6.2%,64,4.61%,1388
NORDESTE,21,MA,210850,PINDARE-MIRIM,78,4.69%,77,4.63%,1064,64.02%,216,13%,131,7.88%,96,5.78%,1662
NORDESTE,21,MA,210860,PINHEIRO,120,3.23%,164,4.41%,2263,60.83%,613,16.48%,296,7.96%,264,7.1%,3720
NORDESTE,21,MA,210870,PIO XII,28,2.01%,59,4.24%,839,60.36%,225,16.19%,135,9.71%,104,7.48%,1390
NORDESTE,21,MA,210880,PIRAPEMAS,16,1.8%,41,4.61%,589,66.25%,140,15.75%,64,7.2%,39,4.39%,889
NORDESTE,21,MA,210890,POCAO DE PEDRAS,33,3.46%,38,3.98%,572,59.96%,160,16.77%,72,7.55%,79,8.28%,954
NORDESTE,21,MA,210900,PORTO FRANCO,27,2.45%,39,3.55%,780,70.91%,160,14.55%,54,4.91%,40,3.64%,1100
NORDESTE,21,MA,210905,PORTO RICO DO MARANHAO,11,3.34%,12,3.65%,191,58.05%,57,17.33%,35,10.64%,23,6.99%,329
NORDESTE,21,MA,210910,PRESIDENTE DUTRA,50,3%,79,4.73%,1018,60.99%,259,15.52%,149,8.93%,114,6.83%,1669
NORDESTE,21,MA,210920,PRESIDENTE JUSCELINO,40,4.3%,56,6.02%,583,62.69%,142,15.27%,62,6.67%,47,5.05%,930
NORDESTE,21,MA,210923,PRESIDENTE MEDICI,10,2.47%,16,3.95%,282,69.63%,63,15.56%,22,5.43%,12,2.96%,405
NORDESTE,21,MA,210927,PRESIDENTE SARNEY,41,2.8%,43,2.93%,956,65.21%,222,15.14%,97,6.62%,107,7.3%,1466
NORDESTE,21,MA,210930,PRESIDENTE VARGAS,27,3.32%,43,5.28%,506,62.16%,122,14.99%,64,7.86%,52,6.39%,814
NORDESTE,21,MA,210940,PRIMEIRA CRUZ,32,4.22%,25,3.3%,483,63.72%,101,13.32%,52,6.86%,65,8.58%,758
NORDESTE,21,MA,210945,RAPOSA,57,3%,52,2.74%,1102,57.97%,335,17.62%,203,10.68%,152,8%,1901
NORDESTE,21,MA,210950,RIACHAO,58,5.17%,53,4.73%,670,59.77%,174,15.52%,87,7.76%,79,7.05%,1121
NORDESTE,21,MA,210955,RIBAMAR FIQUENE,10,2.4%,13,3.13%,285,68.51%,69,16.59%,28,6.73%,11,2.64%,416
NORDESTE,21,MA,210960,ROSARIO,80,3.46%,79,3.42%,1405,60.74%,356,15.39%,181,7.83%,212,9.17%,2313
NORDESTE,21,MA,210970,SAMBAIBA,25,5.73%,32,7.34%,264,60.55%,55,12.61%,26,5.96%,34,7.8%,436
NORDESTE,21,MA,210975,SANTA FILOMENA DO MARANHAO,26,6.07%,18,4.21%,223,52.1%,78,18.22%,39,9.11%,44,10.28%,428
NORDESTE,21,MA,210980,SANTA HELENA,66,3.18%,79,3.81%,961,46.31%,335,16.14%,184,8.87%,450,21.69%,2075
NORDESTE,21,MA,210990,SANTA INES,136,3.19%,178,4.18%,2509,58.94%,706,16.58%,373,8.76%,355,8.34%,4257
NORDESTE,21,MA,211000,SANTA LUZIA,197,4.97%,202,5.1%,2320,58.56%,594,14.99%,296,7.47%,353,8.91%,3962
NORDESTE,21,MA,211003,SANTA LUZIA DO PARUA,39,2.28%,58,3.39%,1188,69.39%,232,13.55%,105,6.13%,90,5.26%,1712
NORDESTE,21,MA,211010,SANTA QUITERIA DO MARANHAO,66,3.96%,59,3.54%,986,59.18%,253,15.19%,152,9.12%,150,9%,1666
NORDESTE,21,MA,211020,SANTA RITA,53,2.18%,79,3.26%,1598,65.84%,373,15.37%,188,7.75%,136,5.6%,2427
NORDESTE,21,MA,211023,SANTANA DO MARANHAO,14,2.34%,22,3.68%,347,58.03%,117,19.57%,60,10.03%,38,6.35%,598
NORDESTE,21,MA,211027,SANTO AMARO DO MARANHAO,45,4.51%,43,4.31%,585,58.68%,147,14.74%,78,7.82%,99,9.93%,997
NORDESTE,21,MA,211030,SANTO ANTONIO DOS LOPES,35,3.37%,48,4.62%,608,58.57%,175,16.86%,89,8.57%,83,8%,1038
NORDESTE,21,MA,211040,SAO BENEDITO DO RIO PRETO,67,5.05%,71,5.35%,733,55.28%,187,14.1%,119,8.97%,149,11.24%,1326
NORDESTE,21,MA,211050,SAO BENTO,88,5.07%,86,4.96%,1012,58.33%,240,13.83%,137,7.9%,172,9.91%,1735
NORDESTE,21,MA,211060,SAO BERNARDO,65,3.85%,46,2.73%,1041,61.67%,304,18.01%,141,8.35%,91,5.39%,1688
NORDESTE,21,MA,211065,SAO DOMINGOS DO AZEITAO,31,4.71%,27,4.1%,409,62.16%,104,15.81%,48,7.29%,39,5.93%,658
NORDESTE,21,MA,211070,SAO DOMINGOS DO MARANHAO,71,2.87%,94,3.8%,1127,45.52%,351,14.18%,307,12.4%,526,21.24%,2476
NORDESTE,21,MA,211080,SAO FELIX DE BALSAS,12,4.8%,18,7.2%,157,62.8%,33,13.2%,16,6.4%,14,5.6%,250
NORDESTE,21,MA,211085,SAO FRANCISCO DO BREJAO,8,1.24%,28,4.35%,406,63.14%,118,18.35%,43,6.69%,40,6.22%,643
NORDESTE,21,MA,211090,SAO FRANCISCO DO MARANHAO,8,1.03%,25,3.22%,536,69.07%,145,18.69%,41,5.28%,21,2.71%,776
NORDESTE,21,MA,211100,SAO JOAO BATISTA,27,2.26%,64,5.35%,713,59.57%,224,18.71%,94,7.85%,75,6.27%,1197
NORDESTE,21,MA,211102,SAO JOAO DO CARU,16,2.16%,22,2.97%,423,57.16%,130,17.57%,87,11.76%,62,8.38%,740
NORDESTE,21,MA,211105,SAO JOAO DO PARAISO,21,3.47%,27,4.46%,363,60%,102,16.86%,55,9.09%,37,6.12%,605
NORDESTE,21,MA,211107,SAO JOAO DO SOTER,13,1.14%,33,2.88%,815,71.18%,183,15.98%,71,6.2%,30,2.62%,1145
NORDESTE,21,MA,211110,SAO JOAO DOS PATOS,59,4.24%,64,4.6%,882,63.36%,223,16.02%,94,6.75%,70,5.03%,1392
NORDESTE,21,MA,211120,SAO JOSE DE RIBAMAR,146,1.7%,267,3.1%,5414,62.94%,1597,18.57%,723,8.41%,455,5.29%,8602
NORDESTE,21,MA,211125,SAO JOSE DOS BASILIOS,14,3.05%,19,4.14%,280,61%,77,16.78%,35,7.63%,34,7.41%,459
NORDESTE,21,MA,211130,SAO LUIS,458,1.39%,779,2.37%,21058,64.03%,6094,18.53%,2786,8.47%,1711,5.2%,32886
NORDESTE,21,MA,211140,SAO LUIS GONZAGA DO MARANHAO,86,7.78%,45,4.07%,537,48.55%,199,17.99%,111,10.04%,128,11.57%,1106
NORDESTE,21,MA,211150,SAO MATEUS DO MARANHAO,75,3.1%,98,4.06%,1514,62.67%,393,16.27%,162,6.71%,174,7.2%,2416
NORDESTE,21,MA,211153,SAO PEDRO DA AGUA BRANCA,14,2.7%,26,5.01%,297,57.23%,92,17.73%,45,8.67%,45,8.67%,519
NORDESTE,21,MA,211157,SAO PEDRO DOS CRENTES,15,3.83%,11,2.81%,247,63.01%,67,17.09%,34,8.67%,18,4.59%,392
NORDESTE,21,MA,211160,SAO RAIMUNDO DAS MANGABEIRAS,35,2.77%,39,3.08%,869,68.7%,194,15.34%,75,5.93%,53,4.19%,1265
NORDESTE,21,MA,211163,SAO RAIMUNDO DO DOCA BEZERRA,12,2.56%,13,2.77%,308,65.67%,91,19.4%,27,5.76%,18,3.84%,469
NORDESTE,21,MA,211167,SAO ROBERTO,6,1.46%,12,2.92%,253,61.56%,77,18.73%,25,6.08%,38,9.25%,411
NORDESTE,21,MA,211170,SAO VICENTE FERRER,31,3.09%,50,4.98%,627,62.45%,150,14.94%,82,8.17%,64,6.37%,1004
NORDESTE,21,MA,211172,SATUBINHA,9,1.33%,21,3.1%,415,61.21%,124,18.29%,69,10.18%,40,5.9%,678
NORDESTE,21,MA,211174,SENADOR ALEXANDRE COSTA,33,3.76%,41,4.67%,550,62.64%,130,14.81%,75,8.54%,49,5.58%,878
NORDESTE,21,MA,211176,SENADOR LA ROCQUE,45,4.14%,51,4.69%,666,61.27%,181,16.65%,73,6.72%,71,6.53%,1087
NORDESTE,21,MA,211178,SERRANO DO MARANHAO,40,5.41%,50,6.77%,479,64.82%,100,13.53%,38,5.14%,32,4.33%,739
NORDESTE,21,MA,211180,SITIO NOVO,22,1.61%,45,3.3%,885,64.84%,234,17.14%,112,8.21%,67,4.91%,1365
NORDESTE,21,MA,211190,SUCUPIRA DO NORTE,28,4.28%,27,4.13%,413,63.15%,102,15.6%,41,6.27%,43,6.57%,654
NORDESTE,21,MA,211195,SUCUPIRA DO RIACHAO,7,2.23%,10,3.18%,214,68.15%,53,16.88%,19,6.05%,11,3.5%,314
NORDESTE,21,MA,211200,TASSO FRAGOSO,13,1.66%,30,3.83%,536,68.45%,133,16.99%,49,6.26%,22,2.81%,783
NORDESTE,21,MA,211210,TIMBIRAS,56,3.51%,79,4.95%,936,58.65%,273,17.11%,130,8.15%,122,7.64%,1596
NORDESTE,21,MA,211220,TIMON,698,7.4%,456,4.83%,5574,59.08%,1371,14.53%,643,6.82%,692,7.34%,9434
NORDESTE,21,MA,211223,TRIZIDELA DO VALE,41,2.85%,73,5.08%,947,65.86%,210,14.6%,106,7.37%,61,4.24%,1438
NORDESTE,21,MA,211227,TUFILANDIA,20,4.28%,19,4.07%,295,63.17%,70,14.99%,26,5.57%,37,7.92%,467
NORDESTE,21,MA,211230,TUNTUM,52,2.65%,64,3.26%,1220,62.09%,321,16.34%,156,7.94%,152,7.74%,1965
NORDESTE,21,MA,211240,TURIACU,100,3.88%,110,4.26%,1630,63.18%,400,15.5%,171,6.63%,169,6.55%,2580
NORDESTE,21,MA,211245,TURILANDIA,47,3%,89,5.67%,1038,66.16%,206,13.13%,102,6.5%,87,5.54%,1569
NORDESTE,21,MA,211250,TUTOIA,115,3.32%,133,3.84%,2019,58.3%,559,16.14%,297,8.58%,340,9.82%,3463
NORDESTE,21,MA,211260,URBANO SANTOS,100,5.29%,88,4.66%,1090,57.7%,307,16.25%,154,8.15%,150,7.94%,1889
NORDESTE,21,MA,211270,VARGEM GRANDE,90,3.54%,105,4.13%,1572,61.82%,365,14.35%,178,7%,233,9.16%,2543
NORDESTE,21,MA,211280,VIANA,103,3.42%,145,4.82%,1956,65%,406,13.49%,202,6.71%,197,6.55%,3009
NORDESTE,21,MA,211285,VILA NOVA DOS MARTIRIOS,11,1.3%,15,1.77%,572,67.37%,167,19.67%,61,7.18%,23,2.71%,849
NORDESTE,21,MA,211290,VITORIA DO MEARIM,65,3.86%,83,4.93%,1094,65.04%,233,13.85%,120,7.13%,87,5.17%,1682
NORDESTE,21,MA,211300,VITORINO FREIRE,51,3.13%,75,4.6%,1010,61.96%,248,15.21%,115,7.06%,131,8.04%,1630
NORDESTE,21,MA,211400,ZE DOCA,76,3.09%,109,4.43%,1486,60.46%,419,17.05%,213,8.67%,155,6.31%,2458
NORDESTE,22,PI,220005,ACAUA,2,0.45%,5,1.13%,241,54.28%,109,24.55%,59,13.29%,28,6.31%,444
NORDESTE,22,PI,220010,AGRICOLANDIA,2,0.58%,16,4.65%,225,65.41%,53,15.41%,33,9.59%,15,4.36%,344
NORDESTE,22,PI,220020,AGUA BRANCA,28,2.77%,39,3.86%,647,64%,160,15.83%,65,6.43%,72,7.12%,1011
NORDESTE,22,PI,220025,ALAGOINHA DO PIAUI,7,2.29%,14,4.58%,212,69.28%,45,14.71%,15,4.9%,13,4.25%,306
NORDESTE,22,PI,220027,ALEGRETE DO PIAUI,1,0.39%,5,1.96%,169,66.27%,53,20.78%,15,5.88%,12,4.71%,255
NORDESTE,22,PI,220030,ALTO LONGA,6,0.92%,17,2.61%,474,72.7%,91,13.96%,40,6.13%,24,3.68%,652
NORDESTE,22,PI,220040,ALTOS,54,1.95%,117,4.23%,1731,62.58%,478,17.28%,247,8.93%,139,5.03%,2766
NORDESTE,22,PI,220045,ALVORADA DO GURGUEIA,9,2.37%,15,3.95%,285,75%,45,11.84%,11,2.89%,15,3.95%,380
NORDESTE,22,PI,220050,AMARANTE,36,3.14%,58,5.07%,815,71.18%,142,12.4%,47,4.1%,47,4.1%,1145
NORDESTE,22,PI,220060,ANGICAL DO PIAUI,8,2.23%,18,5.01%,245,68.25%,51,14.21%,23,6.41%,14,3.9%,359
NORDESTE,22,PI,220070,ANISIO DE ABREU,24,4.3%,8,1.43%,272,48.75%,109,19.53%,66,11.83%,79,14.16%,558
NORDESTE,22,PI,220080,ANTONIO ALMEIDA,9,3.16%,5,1.75%,184,64.56%,60,21.05%,17,5.96%,10,3.51%,285
NORDESTE,22,PI,220090,AROAZES,9,3.61%,7,2.81%,193,77.51%,23,9.24%,7,2.81%,10,4.02%,249
NORDESTE,22,PI,220095,AROEIRAS DO ITAIM,4,2.74%,6,4.11%,99,67.81%,24,16.44%,9,6.16%,4,2.74%,146
NORDESTE,22,PI,220100,ARRAIAL,16,5.02%,16,5.02%,208,65.2%,51,15.99%,16,5.02%,12,3.76%,319
NORDESTE,22,PI,220105,ASSUNCAO DO PIAUI,16,3.63%,14,3.17%,258,58.5%,66,14.97%,42,9.52%,45,10.2%,441
NORDESTE,22,PI,220110,AVELINO LOPES,20,2.77%,29,4.01%,385,53.25%,123,17.01%,84,11.62%,82,11.34%,723
NORDESTE,22,PI,220115,BAIXA GRANDE DO RIBEIRO,54,3.96%,43,3.15%,744,54.51%,225,16.48%,100,7.33%,199,14.58%,1365
NORDESTE,22,PI,220117,BARRA D'ALCANTARA,6,2.74%,5,2.28%,166,75.8%,29,13.24%,6,2.74%,7,3.2%,219
NORDESTE,22,PI,220120,BARRAS,84,2.96%,103,3.63%,1766,62.29%,491,17.32%,232,8.18%,159,5.61%,2835
NORDESTE,22,PI,220130,BARREIRAS DO PIAUI,8,3.28%,10,4.1%,161,65.98%,35,14.34%,22,9.02%,8,3.28%,244
NORDESTE,22,PI,220140,BARRO DURO,5,1.43%,16,4.58%,222,63.61%,65,18.62%,22,6.3%,19,5.44%,349
NORDESTE,22,PI,220150,BATALHA,26,1.7%,43,2.81%,993,64.94%,257,16.81%,134,8.76%,76,4.97%,1529
NORDESTE,22,PI,220155,BELA VISTA DO PIAUI,1,0.33%,4,1.33%,197,65.67%,62,20.67%,28,9.33%,8,2.67%,300
NORDESTE,22,PI,220157,BELEM DO PIAUI,3,1.73%,3,1.73%,104,60.12%,34,19.65%,16,9.25%,13,7.51%,173
NORDESTE,22,PI,220160,BENEDITINOS,16,3.21%,18,3.61%,327,65.66%,87,17.47%,32,6.43%,18,3.61%,498
NORDESTE,22,PI,220170,BERTOLINIA,12,3.17%,15,3.97%,241,63.76%,63,16.67%,27,7.14%,20,5.29%,378
NORDESTE,22,PI,220173,BETANIA DO PIAUI,6,1.19%,5,0.99%,276,54.76%,130,25.79%,49,9.72%,38,7.54%,504
NORDESTE,22,PI,220177,BOA HORA,15,3.58%,17,4.06%,269,64.2%,63,15.04%,25,5.97%,30,7.16%,419
NORDESTE,22,PI,220180,BOCAINA,8,3.77%,10,4.72%,138,65.09%,33,15.57%,13,6.13%,10,4.72%,212
NORDESTE,22,PI,220190,BOM JESUS,17,0.81%,39,1.86%,1547,73.95%,319,15.25%,116,5.54%,54,2.58%,2092
NORDESTE,22,PI,220191,BOM PRINCIPIO DO PIAUI,5,1.18%,5,1.18%,235,55.56%,89,21.04%,51,12.06%,38,8.98%,423
NORDESTE,22,PI,220192,BONFIM DO PIAUI,9,2.56%,9,2.56%,201,57.1%,66,18.75%,38,10.8%,29,8.24%,352
NORDESTE,22,PI,220194,BOQUEIRAO DO PIAUI,12,2.8%,15,3.5%,279,65.19%,77,17.99%,27,6.31%,18,4.21%,428
NORDESTE,22,PI,220196,BRASILEIRA,5,1.05%,13,2.74%,279,58.86%,108,22.78%,44,9.28%,25,5.27%,474
NORDESTE,22,PI,220198,BREJO DO PIAUI,6,2.39%,4,1.59%,155,61.75%,40,15.94%,26,10.36%,20,7.97%,251
NORDESTE,22,PI,220200,BURITI DOS LOPES,34,3.21%,36,3.4%,628,59.36%,193,18.24%,92,8.7%,75,7.09%,1058
NORDESTE,22,PI,220202,BURITI DOS MONTES,5,1.26%,18,4.53%,251,63.22%,64,16.12%,34,8.56%,25,6.3%,397
NORDESTE,22,PI,220205,CABECEIRAS DO PIAUI,11,2.01%,14,2.56%,340,62.27%,94,17.22%,57,10.44%,30,5.49%,546
NORDESTE,22,PI,220207,CAJAZEIRAS DO PIAUI,0,-,8,4.49%,118,66.29%,29,16.29%,15,8.43%,8,4.49%,178
NORDESTE,22,PI,220208,CAJUEIRO DA PRAIA,27,6.11%,18,4.07%,260,58.82%,75,16.97%,36,8.14%,26,5.88%,442
NORDESTE,22,PI,220209,CALDEIRAO GRANDE DO PIAUI,4,1.12%,6,1.69%,233,65.45%,67,18.82%,22,6.18%,24,6.74%,356
NORDESTE,22,PI,220210,CAMPINAS DO PIAUI,7,2.45%,16,5.59%,183,63.99%,41,14.34%,17,5.94%,22,7.69%,286
NORDESTE,22,PI,220211,CAMPO ALEGRE DO FIDALGO,10,3.3%,9,2.97%,193,63.7%,49,16.17%,30,9.9%,12,3.96%,303
NORDESTE,22,PI,220213,CAMPO GRANDE DO PIAUI,2,0.7%,4,1.39%,184,64.11%,57,19.86%,22,7.67%,18,6.27%,287
NORDESTE,22,PI,220217,CAMPO LARGO DO PIAUI,11,2.1%,18,3.44%,331,63.17%,94,17.94%,44,8.4%,26,4.96%,524
NORDESTE,22,PI,220220,CAMPO MAIOR,28,1.35%,62,2.99%,1389,66.97%,357,17.21%,131,6.32%,107,5.16%,2074
NORDESTE,22,PI,220225,CANAVIEIRA,4,2.17%,7,3.8%,140,76.09%,19,10.33%,7,3.8%,7,3.8%,184
NORDESTE,22,PI,220230,CANTO DO BURITI,27,2.32%,33,2.84%,726,62.48%,159,13.68%,92,7.92%,125,10.76%,1162
NORDESTE,22,PI,220240,CAPITAO DE CAMPOS,14,2.18%,26,4.06%,416,64.9%,97,15.13%,47,7.33%,41,6.4%,641
NORDESTE,22,PI,220245,CAPITAO GERVASIO OLIVEIRA,4,1.53%,10,3.83%,156,59.77%,42,16.09%,21,8.05%,28,10.73%,261
NORDESTE,22,PI,220250,CARACOL,25,3.78%,32,4.84%,350,52.95%,117,17.7%,72,10.89%,65,9.83%,661
NORDESTE,22,PI,220253,CARAUBAS DO PIAUI,5,1.31%,10,2.62%,226,59.16%,67,17.54%,40,10.47%,34,8.9%,382
NORDESTE,22,PI,220255,CARIDADE DO PIAUI,5,1.15%,14,3.21%,269,61.7%,78,17.89%,45,10.32%,25,5.73%,436
NORDESTE,22,PI,220260,CASTELO DO PIAUI,21,1.94%,33,3.04%,728,67.16%,193,17.8%,74,6.83%,35,3.23%,1084
NORDESTE,22,PI,220265,CAXINGO,13,3.07%,12,2.84%,274,64.78%,61,14.42%,36,8.51%,27,6.38%,423
NORDESTE,22,PI,220270,COCAL,46,2.7%,58,3.4%,1022,59.94%,325,19.06%,147,8.62%,107,6.28%,1705
NORDESTE,22,PI,220271,COCAL DE TELHA,6,2.17%,12,4.33%,176,63.54%,48,17.33%,23,8.3%,12,4.33%,277
NORDESTE,22,PI,220272,COCAL DOS ALVES,13,2.91%,16,3.59%,249,55.83%,85,19.06%,47,10.54%,36,8.07%,446
NORDESTE,22,PI,220273,COIVARAS,5,2.12%,9,3.81%,165,69.92%,36,15.25%,10,4.24%,11,4.66%,236
NORDESTE,22,PI,220275,COLONIA DO GURGUEIA,18,4.1%,15,3.42%,302,68.79%,64,14.58%,25,5.69%,15,3.42%,439
NORDESTE,22,PI,220277,COLONIA DO PIAUI,10,2.68%,11,2.95%,230,61.66%,76,20.38%,28,7.51%,18,4.83%,373
NORDESTE,22,PI,220280,CONCEICAO DO CANINDE,11,3.68%,6,2.01%,174,58.19%,68,22.74%,23,7.69%,17,5.69%,299
NORDESTE,22,PI,220285,CORONEL JOSE DIAS,10,4.31%,8,3.45%,134,57.76%,37,15.95%,21,9.05%,22,9.48%,232
NORDESTE,22,PI,220290,CORRENTE,50,3.93%,66,5.19%,859,67.53%,166,13.05%,62,4.87%,69,5.42%,1272
NORDESTE,22,PI,220300,CRISTALANDIA DO PIAUI,18,4.89%,15,4.08%,268,72.83%,32,8.7%,17,4.62%,18,4.89%,368
NORDESTE,22,PI,220310,CRISTINO CASTRO,8,1.18%,20,2.95%,485,71.53%,113,16.67%,32,4.72%,20,2.95%,678
NORDESTE,22,PI,220320,CURIMATA,13,1.67%,31,3.98%,545,69.96%,114,14.63%,43,5.52%,33,4.24%,779
NORDESTE,22,PI,220323,CURRAIS,5,1.24%,16,3.96%,273,67.57%,55,13.61%,33,8.17%,22,5.45%,404
NORDESTE,22,PI,220325,CURRALINHOS,7,2.23%,9,2.87%,208,66.24%,51,16.24%,20,6.37%,19,6.05%,314
NORDESTE,22,PI,220327,CURRAL NOVO DO PIAUI,4,0.84%,14,2.94%,295,61.84%,108,22.64%,40,8.39%,16,3.35%,477
NORDESTE,22,PI,220330,DEMERVAL LOBAO,31,2.6%,68,5.7%,789,66.14%,166,13.91%,72,6.04%,67,5.62%,1193
NORDESTE,22,PI,220335,DIRCEU ARCOVERDE,16,3.47%,16,3.47%,257,55.75%,81,17.57%,42,9.11%,49,10.63%,461
NORDESTE,22,PI,220340,DOM EXPEDITO LOPES,2,0.5%,8,2.01%,260,65.33%,69,17.34%,41,10.3%,18,4.52%,398
NORDESTE,22,PI,220342,DOMINGOS MOURAO,13,5.63%,7,3.03%,145,62.77%,32,13.85%,17,7.36%,17,7.36%,231
NORDESTE,22,PI,220345,DOM INOCENCIO,6,1.24%,11,2.27%,302,62.4%,88,18.18%,49,10.12%,28,5.79%,484
NORDESTE,22,PI,220350,ELESBAO VELOSO,16,2.62%,17,2.78%,415,67.92%,89,14.57%,39,6.38%,35,5.73%,611
NORDESTE,22,PI,220360,ELISEU MARTINS,7,3.14%,2,0.9%,161,72.2%,29,13%,19,8.52%,5,2.24%,223
NORDESTE,22,PI,220370,ESPERANTINA,66,2.34%,106,3.75%,1826,64.64%,453,16.04%,198,7.01%,176,6.23%,2825
NORDESTE,22,PI,220375,FARTURA DO PIAUI,6,1.71%,15,4.27%,225,64.1%,55,15.67%,24,6.84%,26,7.41%,351
NORDESTE,22,PI,220380,FLORES DO PIAUI,5,2.26%,6,2.71%,150,67.87%,30,13.57%,16,7.24%,14,6.33%,221
NORDESTE,22,PI,220385,FLORESTA DO PIAUI,2,1.72%,3,2.59%,81,69.83%,18,15.52%,9,7.76%,3,2.59%,116
NORDESTE,22,PI,220390,FLORIANO,65,2.07%,93,2.97%,2196,70.05%,438,13.97%,219,6.99%,124,3.96%,3135
NORDESTE,22,PI,220400,FRANCINOPOLIS,7,2.48%,11,3.9%,198,70.21%,30,10.64%,24,8.51%,12,4.26%,282
NORDESTE,22,PI,220410,FRANCISCO AYRES,4,1.61%,7,2.82%,166,66.94%,39,15.73%,19,7.66%,13,5.24%,248
NORDESTE,22,PI,220415,FRANCISCO MACEDO,7,4.02%,4,2.3%,98,56.32%,40,22.99%,12,6.9%,13,7.47%,174
NORDESTE,22,PI,220420,FRANCISCO SANTOS,13,3.53%,17,4.62%,246,66.85%,58,15.76%,22,5.98%,12,3.26%,368
NORDESTE,22,PI,220430,FRONTEIRAS,9,2.07%,13,2.99%,238,54.71%,93,21.38%,40,9.2%,42,9.66%,435
NORDESTE,22,PI,220435,GEMINIANO,15,4.44%,12,3.55%,217,64.2%,54,15.98%,22,6.51%,18,5.33%,338
NORDESTE,22,PI,220440,GILBUES,34,4.75%,41,5.73%,437,61.03%,116,16.2%,50,6.98%,38,5.31%,716
NORDESTE,22,PI,220450,GUADALUPE,13,1.89%,25,3.64%,465,67.69%,109,15.87%,47,6.84%,28,4.08%,687
NORDESTE,22,PI,220455,GUARIBAS,18,4.76%,11,2.91%,242,64.02%,48,12.7%,28,7.41%,31,8.2%,378
NORDESTE,22,PI,220460,HUGO NAPOLEAO,6,4.32%,6,4.32%,74,53.24%,20,14.39%,18,12.95%,15,10.79%,139
NORDESTE,22,PI,220465,ILHA GRANDE,18,3%,21,3.49%,412,68.55%,87,14.48%,39,6.49%,24,3.99%,601
NORDESTE,22,PI,220470,INHUMA,8,1.1%,23,3.15%,493,67.53%,110,15.07%,48,6.58%,48,6.58%,730
NORDESTE,22,PI,220480,IPIRANGA DO PIAUI,14,3.23%,12,2.77%,276,63.74%,71,16.4%,34,7.85%,26,6%,433
NORDESTE,22,PI,220490,ISAIAS COELHO,15,2.88%,22,4.22%,363,69.67%,73,14.01%,24,4.61%,24,4.61%,521
NORDESTE,22,PI,220500,ITAINOPOLIS,19,3.78%,17,3.39%,283,56.37%,92,18.33%,42,8.37%,49,9.76%,502
NORDESTE,22,PI,220510,ITAUEIRA,5,1.03%,15,3.09%,315,64.95%,82,16.91%,47,9.69%,21,4.33%,485
NORDESTE,22,PI,220515,JACOBINA DO PIAUI,18,4.93%,8,2.19%,206,56.44%,74,20.27%,29,7.95%,30,8.22%,365
NORDESTE,22,PI,220520,JAICOS,37,3.57%,40,3.86%,616,59.46%,166,16.02%,95,9.17%,82,7.92%,1036
NORDESTE,22,PI,220525,JARDIM DO MULATO,7,2.79%,12,4.78%,167,66.53%,42,16.73%,12,4.78%,11,4.38%,251
NORDESTE,22,PI,220527,JATOBA DO PIAUI,4,2.05%,8,4.1%,138,70.77%,29,14.87%,11,5.64%,5,2.56%,195
NORDESTE,22,PI,220530,JERUMENHA,7,3.52%,12,6.03%,118,59.3%,27,13.57%,14,7.04%,21,10.55%,199
NORDESTE,22,PI,220535,JOAO COSTA,3,1.7%,5,2.84%,132,75%,24,13.64%,6,3.41%,6,3.41%,176
NORDESTE,22,PI,220540,JOAQUIM PIRES,15,1.83%,23,2.81%,519,63.37%,148,18.07%,72,8.79%,42,5.13%,819
NORDESTE,22,PI,220545,JOCA MARQUES,14,3.9%,21,5.85%,170,47.35%,70,19.5%,31,8.64%,53,14.76%,359
NORDESTE,22,PI,220550,JOSE DE FREITAS,47,1.97%,89,3.74%,1589,66.74%,387,16.25%,162,6.8%,107,4.49%,2381
NORDESTE,22,PI,220551,JUAZEIRO DO PIAUI,5,1.89%,10,3.79%,173,65.53%,43,16.29%,18,6.82%,15,5.68%,264
NORDESTE,22,PI,220552,JULIO BORGES,15,4%,26,6.93%,255,68%,45,12%,17,4.53%,17,4.53%,375
NORDESTE,22,PI,220553,JUREMA,11,2.93%,8,2.13%,226,60.11%,71,18.88%,33,8.78%,27,7.18%,376
NORDESTE,22,PI,220554,LAGOINHA DO PIAUI,3,1.92%,5,3.21%,108,69.23%,18,11.54%,14,8.97%,8,5.13%,156
NORDESTE,22,PI,220555,LAGOA ALEGRE,13,2.43%,21,3.93%,353,65.98%,91,17.01%,37,6.92%,20,3.74%,535
NORDESTE,22,PI,220556,LAGOA DO BARRO DO PIAUI,6,1.69%,9,2.54%,211,59.44%,68,19.15%,40,11.27%,21,5.92%,355
NORDESTE,22,PI,220557,LAGOA DE SAO FRANCISCO,10,2.66%,15,3.99%,234,62.23%,64,17.02%,34,9.04%,19,5.05%,376
NORDESTE,22,PI,220558,LAGOA DO PIAUI,6,2.4%,16,6.4%,165,66%,29,11.6%,15,6%,19,7.6%,250
NORDESTE,22,PI,220559,LAGOA DO SITIO,5,1.88%,18,6.77%,201,75.56%,23,8.65%,10,3.76%,9,3.38%,266
NORDESTE,22,PI,220560,LANDRI SALES,7,2.05%,6,1.76%,239,70.09%,48,14.08%,27,7.92%,14,4.11%,341
NORDESTE,22,PI,220570,LUIS CORREIA,67,4.18%,49,3.05%,913,56.92%,260,16.21%,172,10.72%,143,8.92%,1604
NORDESTE,22,PI,220580,LUZILANDIA,42,3.1%,40,2.95%,756,55.75%,244,17.99%,135,9.96%,139,10.25%,1356
NORDESTE,22,PI,220585,MADEIRO,19,3.39%,25,4.46%,319,56.86%,114,20.32%,45,8.02%,39,6.95%,561
NORDESTE,22,PI,220590,MANOEL EMIDIO,5,1.61%,6,1.93%,235,75.56%,46,14.79%,10,3.22%,9,2.89%,311
NORDESTE,22,PI,220595,MARCOLANDIA,23,3.03%,14,1.84%,476,62.71%,146,19.24%,55,7.25%,45,5.93%,759
NORDESTE,22,PI,220600,MARCOS PARENTE,6,2.35%,8,3.14%,202,79.22%,27,10.59%,6,2.35%,6,2.35%,255
NORDESTE,22,PI,220605,MASSAPE DO PIAUI,11,4.47%,17,6.91%,127,51.63%,32,13.01%,26,10.57%,33,13.41%,246
NORDESTE,22,PI,220610,MATIAS OLIMPIO,11,1.36%,26,3.21%,524,64.69%,128,15.8%,76,9.38%,45,5.56%,810
NORDESTE,22,PI,220620,MIGUEL ALVES,78,3.49%,76,3.4%,1433,64.17%,337,15.09%,161,7.21%,148,6.63%,2233
NORDESTE,22,PI,220630,MIGUEL LEAO,4,5%,3,3.75%,50,62.5%,12,15%,7,8.75%,4,5%,80
NORDESTE,22,PI,220635,MILTON BRANDAO,4,1.11%,9,2.5%,244,67.78%,64,17.78%,26,7.22%,13,3.61%,360
NORDESTE,22,PI,220640,MONSENHOR GIL,26,4.8%,27,4.98%,334,61.62%,81,14.94%,33,6.09%,41,7.56%,542
NORDESTE,22,PI,220650,MONSENHOR HIPOLITO,12,2.73%,9,2.05%,262,59.55%,83,18.86%,43,9.77%,31,7.05%,440
NORDESTE,22,PI,220660,MONTE ALEGRE DO PIAUI,29,4.04%,26,3.62%,452,62.95%,108,15.04%,51,7.1%,52,7.24%,718
NORDESTE,22,PI,220665,MORRO CABECA NO TEMPO,19,5.29%,16,4.46%,174,48.47%,49,13.65%,33,9.19%,68,18.94%,359
NORDESTE,22,PI,220667,MORRO DO CHAPEU DO PIAUI,6,1.18%,11,2.17%,321,63.31%,111,21.89%,35,6.9%,23,4.54%,507
NORDESTE,22,PI,220669,MURICI DOS PORTELAS,20,4.27%,28,5.98%,279,59.62%,60,12.82%,49,10.47%,32,6.84%,468
NORDESTE,22,PI,220670,NAZARE DO PIAUI,27,6.82%,23,5.81%,243,61.36%,48,12.12%,32,8.08%,23,5.81%,396
NORDESTE,22,PI,220672,NAZARIA,12,1.64%,10,1.36%,516,70.4%,110,15.01%,58,7.91%,27,3.68%,733
NORDESTE,22,PI,220675,NOSSA SENHORA DE NAZARE,6,2.32%,12,4.63%,164,63.32%,43,16.6%,17,6.56%,17,6.56%,259
NORDESTE,22,PI,220680,NOSSA SENHORA DOS REMEDIOS,26,4.34%,21,3.51%,385,64.27%,92,15.36%,41,6.84%,34,5.68%,599
NORDESTE,22,PI,220690,NOVO ORIENTE DO PIAUI,7,2.89%,9,3.72%,157,64.88%,45,18.6%,16,6.61%,8,3.31%,242
NORDESTE,22,PI,220695,NOVO SANTO ANTONIO,9,5.88%,3,1.96%,92,60.13%,24,15.69%,10,6.54%,15,9.8%,153
NORDESTE,22,PI,220700,OEIRAS,35,1.79%,74,3.78%,1314,67.08%,326,16.64%,126,6.43%,84,4.29%,1959
NORDESTE,22,PI,220710,OLHO D'AGUA DO PIAUI,5,4.24%,13,11.02%,75,63.56%,7,5.93%,7,5.93%,11,9.32%,118
NORDESTE,22,PI,220720,PADRE MARCOS,6,1.83%,5,1.52%,179,54.57%,71,21.65%,37,11.28%,30,9.15%,328
NORDESTE,22,PI,220730,PAES LANDIM,11,4.6%,3,1.26%,158,66.11%,31,12.97%,20,8.37%,16,6.69%,239
NORDESTE,22,PI,220735,PAJEU DO PIAUI,6,5.13%,8,6.84%,74,63.25%,15,12.82%,7,5.98%,7,5.98%,117
NORDESTE,22,PI,220740,PALMEIRA DO PIAUI,9,2.98%,10,3.31%,181,59.93%,67,22.19%,19,6.29%,16,5.3%,302
NORDESTE,22,PI,220750,PALMEIRAIS,32,3.77%,29,3.42%,588,69.26%,103,12.13%,50,5.89%,47,5.54%,849
NORDESTE,22,PI,220755,PAQUETA,4,2.09%,1,0.52%,113,59.16%,49,25.65%,18,9.42%,6,3.14%,191
NORDESTE,22,PI,220760,PARNAGUA,29,4.72%,30,4.89%,363,59.12%,87,14.17%,51,8.31%,54,8.79%,614
NORDESTE,22,PI,220770,PARNAIBA,96,1.66%,138,2.39%,3499,60.47%,1142,19.74%,529,9.14%,382,6.6%,5786
NORDESTE,22,PI,220775,PASSAGEM FRANCA DO PIAUI,10,4.61%,12,5.53%,121,55.76%,33,15.21%,17,7.83%,24,11.06%,217
NORDESTE,22,PI,220777,PATOS DO PIAUI,2,0.84%,3,1.27%,169,71.31%,46,19.41%,10,4.22%,7,2.95%,237
NORDESTE,22,PI,220779,PAU D'ARCO DO PIAUI,4,1.82%,7,3.18%,136,61.82%,40,18.18%,13,5.91%,20,9.09%,220
NORDESTE,22,PI,220780,PAULISTANA,26,1.89%,32,2.33%,709,51.64%,276,20.1%,183,13.33%,147,10.71%,1373
NORDESTE,22,PI,220785,PAVUSSU,1,0.41%,8,3.32%,153,63.49%,38,15.77%,22,9.13%,19,7.88%,241
NORDESTE,22,PI,220790,PEDRO II,42,1.85%,70,3.08%,1423,62.58%,411,18.07%,195,8.58%,133,5.85%,2274
NORDESTE,22,PI,220793,PEDRO LAURENTINO,5,3.4%,3,2.04%,85,57.82%,23,15.65%,13,8.84%,18,12.24%,147
NORDESTE,22,PI,220795,NOVA SANTA RITA,2,0.71%,10,3.55%,169,59.93%,54,19.15%,21,7.45%,26,9.22%,282
NORDESTE,22,PI,220800,PICOS,63,1.93%,97,2.97%,2113,64.68%,589,18.03%,254,7.77%,151,4.62%,3267
NORDESTE,22,PI,220810,PIMENTEIRAS,9,1.73%,24,4.62%,337,64.93%,92,17.73%,23,4.43%,34,6.55%,519
NORDESTE,22,PI,220820,PIO IX,23,2.17%,28,2.64%,682,64.22%,188,17.7%,81,7.63%,60,5.65%,1062
NORDESTE,22,PI,220830,PIRACURUCA,38,2.32%,48,2.93%,977,59.61%,313,19.1%,136,8.3%,127,7.75%,1639
NORDESTE,22,PI,220840,PIRIPIRI,57,1.75%,80,2.46%,1839,56.45%,529,16.24%,280,8.59%,473,14.52%,3258
NORDESTE,22,PI,220850,PORTO,21,2.11%,42,4.22%,650,65.33%,164,16.48%,82,8.24%,36,3.62%,995
NORDESTE,22,PI,220855,PORTO ALEGRE DO PIAUI,2,1.01%,4,2.01%,147,73.87%,32,16.08%,8,4.02%,6,3.02%,199
NORDESTE,22,PI,220860,PRATA DO PIAUI,3,1.48%,7,3.45%,164,80.79%,17,8.37%,5,2.46%,7,3.45%,203
NORDESTE,22,PI,220865,QUEIMADA NOVA,4,0.81%,11,2.22%,302,61.01%,92,18.59%,46,9.29%,40,8.08%,495
NORDESTE,22,PI,220870,REDENCAO DO GURGUEIA,25,4.11%,31,5.09%,400,65.68%,77,12.64%,48,7.88%,28,4.6%,609
NORDESTE,22,PI,220880,REGENERACAO,48,4.07%,55,4.66%,711,60.31%,182,15.44%,88,7.46%,95,8.06%,1179
NORDESTE,22,PI,220885,RIACHO FRIO,15,4.81%,16,5.13%,219,70.19%,35,11.22%,19,6.09%,8,2.56%,312
NORDESTE,22,PI,220887,RIBEIRA DO PIAUI,3,1.31%,16,6.99%,149,65.07%,34,14.85%,18,7.86%,9,3.93%,229
NORDESTE,22,PI,220890,RIBEIRO GONCALVES,10,2.76%,14,3.87%,228,62.98%,69,19.06%,19,5.25%,22,6.08%,362
NORDESTE,22,PI,220900,RIO GRANDE DO PIAUI,10,2.98%,12,3.57%,210,62.5%,61,18.15%,27,8.04%,16,4.76%,336
NORDESTE,22,PI,220910,SANTA CRUZ DO PIAUI,3,1.04%,11,3.82%,175,60.76%,57,19.79%,19,6.6%,23,7.99%,288
NORDESTE,22,PI,220915,SANTA CRUZ DOS MILAGRES,1,0.57%,8,4.6%,136,78.16%,23,13.22%,5,2.87%,1,0.57%,174
NORDESTE,22,PI,220920,SANTA FILOMENA,8,1.9%,14,3.32%,271,64.22%,70,16.59%,29,6.87%,30,7.11%,422
NORDESTE,22,PI,220930,SANTA LUZ,8,2.52%,15,4.72%,193,60.69%,43,13.52%,33,10.38%,26,8.18%,318
NORDESTE,22,PI,220935,SANTANA DO PIAUI,0,-,9,4.11%,160,73.06%,33,15.07%,7,3.2%,10,4.57%,219
NORDESTE,22,PI,220937,SANTA ROSA DO PIAUI,7,2.89%,14,5.79%,170,70.25%,31,12.81%,12,4.96%,8,3.31%,242
NORDESTE,22,PI,220940,SANTO ANTONIO DE LISBOA,5,1.57%,7,2.19%,206,64.58%,57,17.87%,27,8.46%,17,5.33%,319
NORDESTE,22,PI,220945,SANTO ANTONIO DOS MILAGRES,2,1.55%,0,-,91,70.54%,19,14.73%,13,10.08%,4,3.1%,129
NORDESTE,22,PI,220950,SANTO INACIO DO PIAUI,4,1.9%,5,2.37%,134,63.51%,53,25.12%,10,4.74%,5,2.37%,211
NORDESTE,22,PI,220955,SAO BRAZ DO PIAUI,7,2.38%,7,2.38%,162,55.1%,61,20.75%,21,7.14%,36,12.24%,294
NORDESTE,22,PI,220960,SAO FELIX DO PIAUI,7,5.15%,4,2.94%,99,72.79%,17,12.5%,6,4.41%,3,2.21%,136
NORDESTE,22,PI,220965,SAO FRANCISCO DE ASSIS DO PIAUI,4,1.1%,8,2.2%,232,63.74%,55,15.11%,30,8.24%,35,9.62%,364
NORDESTE,22,PI,220970,SAO FRANCISCO DO PIAUI,4,1.5%,11,4.12%,188,70.41%,36,13.48%,18,6.74%,10,3.75%,267
NORDESTE,22,PI,220975,SAO GONCALO DO GURGUEIA,3,1.2%,8,3.2%,161,64.4%,50,20%,18,7.2%,10,4%,250
NORDESTE,22,PI,220980,SAO GONCALO DO PIAUI,6,2.44%,7,2.85%,147,59.76%,56,22.76%,17,6.91%,13,5.28%,246
NORDESTE,22,PI,220985,SAO JOAO DA CANABRAVA,3,1.26%,8,3.36%,180,75.63%,29,12.18%,7,2.94%,11,4.62%,238
NORDESTE,22,PI,220987,SAO JOAO DA FRONTEIRA,10,2.65%,19,5.04%,229,60.74%,60,15.92%,32,8.49%,27,7.16%,377
NORDESTE,22,PI,220990,SAO JOAO DA SERRA,11,3.57%,12,3.9%,200,64.94%,49,15.91%,18,5.84%,18,5.84%,308
NORDESTE,22,PI,220995,SAO JOAO DA VARJOTA,4,1.59%,17,6.75%,141,55.95%,41,16.27%,24,9.52%,25,9.92%,252
NORDESTE,22,PI,220997,SAO JOAO DO ARRAIAL,13,2.11%,21,3.4%,378,61.26%,97,15.72%,66,10.7%,42,6.81%,617
NORDESTE,22,PI,221000,SAO JOAO DO PIAUI,16,1.28%,40,3.21%,850,68.16%,194,15.56%,87,6.98%,60,4.81%,1247
NORDESTE,22,PI,221005,SAO JOSE DO DIVINO,9,2.59%,5,1.44%,231,66.38%,62,17.82%,31,8.91%,10,2.87%,348
NORDESTE,22,PI,221010,SAO JOSE DO PEIXE,3,1.84%,2,1.23%,109,66.87%,26,15.95%,15,9.2%,8,4.91%,163
NORDESTE,22,PI,221020,SAO JOSE DO PIAUI,3,0.81%,10,2.69%,227,61.02%,80,21.51%,31,8.33%,21,5.65%,372
NORDESTE,22,PI,221030,SAO JULIAO,6,2.01%,6,2.01%,191,63.88%,62,20.74%,20,6.69%,14,4.68%,299
NORDESTE,22,PI,221035,SAO LOURENCO DO PIAUI,10,5.71%,8,4.57%,94,53.71%,31,17.71%,17,9.71%,15,8.57%,175
NORDESTE,22,PI,221037,SAO LUIS DO PIAUI,3,3.16%,7,7.37%,53,55.79%,13,13.68%,8,8.42%,11,11.58%,95
NORDESTE,22,PI,221038,SAO MIGUEL DA BAIXA GRANDE,1,0.91%,5,4.55%,56,50.91%,11,10%,10,9.09%,27,24.55%,110
NORDESTE,22,PI,221039,SAO MIGUEL DO FIDALGO,0,-,6,3.61%,138,83.13%,15,9.04%,6,3.61%,1,0.6%,166
NORDESTE,22,PI,221040,SAO MIGUEL DO TAPUIO,10,1.14%,18,2.05%,624,71.07%,136,15.49%,62,7.06%,28,3.19%,878
NORDESTE,22,PI,221050,SAO PEDRO DO PIAUI,21,2.2%,35,3.67%,669,70.2%,146,15.32%,56,5.88%,26,2.73%,953
NORDESTE,22,PI,221060,SAO RAIMUNDO NONATO,48,2.25%,63,2.95%,1369,64.03%,360,16.84%,171,8%,127,5.94%,2138
NORDESTE,22,PI,221062,SEBASTIAO BARROS,9,5.06%,6,3.37%,111,62.36%,29,16.29%,12,6.74%,11,6.18%,178
NORDESTE,22,PI,221063,SEBASTIAO LEAL,16,4.38%,17,4.66%,222,60.82%,66,18.08%,26,7.12%,18,4.93%,365
NORDESTE,22,PI,221065,SIGEFREDO PACHECO,13,3.03%,15,3.5%,284,66.2%,64,14.92%,31,7.23%,22,5.13%,429
NORDESTE,22,PI,221070,SIMOES,6,0.67%,27,3.03%,620,69.58%,159,17.85%,55,6.17%,24,2.69%,891
NORDESTE,22,PI,221080,SIMPLICIO MENDES,14,1.73%,21,2.6%,431,53.41%,138,17.1%,93,11.52%,110,13.63%,807
NORDESTE,22,PI,221090,SOCORRO DO PIAUI,1,0.41%,9,3.69%,162,66.39%,42,17.21%,21,8.61%,9,3.69%,244
NORDESTE,22,PI,221093,SUSSUAPARA,14,3.91%,8,2.23%,213,59.5%,64,17.88%,36,10.06%,23,6.42%,358
NORDESTE,22,PI,221095,TAMBORIL DO PIAUI,8,4.91%,9,5.52%,88,53.99%,32,19.63%,16,9.82%,10,6.13%,163
NORDESTE,22,PI,221097,TANQUE DO PIAUI,2,1.32%,5,3.31%,96,63.58%,26,17.22%,12,7.95%,10,6.62%,151
NORDESTE,22,PI,221100,TERESINA,297,1.06%,752,2.7%,19200,68.83%,4866,17.45%,1853,6.64%,925,3.32%,27893
NORDESTE,22,PI,221110,UNIAO,75,2.47%,106,3.5%,2041,67.34%,500,16.5%,187,6.17%,122,4.03%,3031
NORDESTE,22,PI,221120,URUCUI,48,2.55%,87,4.63%,1167,62.04%,310,16.48%,139,7.39%,130,6.91%,1881
NORDESTE,22,PI,221130,VALENCA DO PIAUI,23,2.62%,33,3.76%,597,68.07%,149,16.99%,39,4.45%,36,4.1%,877
NORDESTE,22,PI,221135,VARZEA BRANCA,7,1.94%,9,2.5%,215,59.72%,68,18.89%,29,8.06%,32,8.89%,360
NORDESTE,22,PI,221140,VARZEA GRANDE,7,2.75%,9,3.53%,178,69.8%,30,11.76%,21,8.24%,10,3.92%,255
NORDESTE,22,PI,221150,VERA MENDES,2,0.94%,4,1.89%,146,68.87%,38,17.92%,15,7.08%,7,3.3%,212
NORDESTE,22,PI,221160,VILA NOVA DO PIAUI,1,0.68%,3,2.05%,102,69.86%,25,17.12%,6,4.11%,9,6.16%,146
NORDESTE,22,PI,221170,WALL FERRAZ,3,1.71%,7,4%,114,65.14%,21,12%,13,7.43%,17,9.71%,175
NORDESTE,23,CE,230010,ABAIARA,10,1.72%,18,3.09%,355,61%,99,17.01%,54,9.28%,46,7.9%,582
NORDESTE,23,CE,230015,ACARAPE,25,2.79%,29,3.24%,480,53.57%,165,18.42%,98,10.94%,99,11.05%,896
NORDESTE,23,CE,230020,ACARAU,81,1.74%,111,2.38%,2591,55.64%,960,20.61%,526,11.29%,388,8.33%,4657
NORDESTE,23,CE,230030,ACOPIARA,59,2.74%,67,3.11%,1172,54.41%,445,20.66%,245,11.37%,166,7.71%,2154
NORDESTE,23,CE,230040,AIUABA,17,2.19%,18,2.32%,441,56.9%,159,20.52%,80,10.32%,60,7.74%,775
NORDESTE,23,CE,230050,ALCANTARAS,5,0.73%,14,2.06%,401,58.88%,158,23.2%,64,9.4%,39,5.73%,681
NORDESTE,23,CE,230060,ALTANEIRA,9,2%,12,2.67%,263,58.44%,78,17.33%,48,10.67%,40,8.89%,450
NORDESTE,23,CE,230070,ALTO SANTO,22,2.94%,12,1.6%,380,50.73%,167,22.3%,92,12.28%,76,10.15%,749
NORDESTE,23,CE,230075,AMONTADA,40,1.21%,48,1.45%,1884,56.92%,734,22.18%,345,10.42%,259,7.82%,3310
NORDESTE,23,CE,230080,ANTONINA DO NORTE,11,2.52%,14,3.2%,250,57.21%,86,19.68%,45,10.3%,31,7.09%,437
NORDESTE,23,CE,230090,APUIARES,13,1.78%,27,3.69%,413,56.42%,130,17.76%,78,10.66%,71,9.7%,732
NORDESTE,23,CE,230100,AQUIRAZ,104,2.12%,91,1.85%,2391,48.7%,1125,22.91%,672,13.69%,527,10.73%,4910
NORDESTE,23,CE,230110,ARACATI,99,3.24%,90,2.94%,1628,53.2%,601,19.64%,338,11.05%,304,9.93%,3060
NORDESTE,23,CE,230120,ARACOIABA,21,1.51%,36,2.58%,745,53.48%,301,21.61%,148,10.62%,142,10.19%,1393
NORDESTE,23,CE,230125,ARARENDA,19,2.73%,18,2.59%,366,52.59%,148,21.26%,77,11.06%,68,9.77%,696
NORDESTE,23,CE,230130,ARARIPE,41,2.91%,36,2.55%,842,59.72%,257,18.23%,134,9.5%,100,7.09%,1410
NORDESTE,23,CE,230140,ARATUBA,4,0.65%,18,2.95%,333,54.5%,127,20.79%,73,11.95%,56,9.17%,611
NORDESTE,23,CE,230150,ARNEIROZ,1,0.29%,3,0.86%,218,62.82%,78,22.48%,28,8.07%,19,5.48%,347
NORDESTE,23,CE,230160,ASSARE,33,2.42%,50,3.66%,765,56%,283,20.72%,134,9.81%,101,7.39%,1366
NORDESTE,23,CE,230170,AURORA,19,1.88%,25,2.47%,526,52.03%,184,18.2%,128,12.66%,129,12.76%,1011
NORDESTE,23,CE,230180,BAIXIO,7,2.58%,5,1.85%,134,49.45%,45,16.61%,32,11.81%,48,17.71%,271
NORDESTE,23,CE,230185,BANABUIU,29,2.8%,18,1.74%,522,50.39%,209,20.17%,134,12.93%,124,11.97%,1036
NORDESTE,23,CE,230190,BARBALHA,74,2%,100,2.7%,2278,61.42%,691,18.63%,331,8.92%,235,6.34%,3709
NORDESTE,23,CE,230195,BARREIRA,39,3.02%,25,1.93%,668,51.66%,259,20.03%,144,11.14%,158,12.22%,1293
NORDESTE,23,CE,230200,BARRO,9,1.04%,25,2.88%,522,60.21%,172,19.84%,75,8.65%,64,7.38%,867
NORDESTE,23,CE,230205,BARROQUINHA,8,0.71%,15,1.33%,654,58.13%,234,20.8%,125,11.11%,89,7.91%,1125
NORDESTE,23,CE,230210,BATURITE,67,3.8%,47,2.67%,853,48.38%,354,20.08%,196,11.12%,246,13.95%,1763
NORDESTE,23,CE,230220,BEBERIBE,49,1.79%,72,2.63%,1487,54.37%,555,20.29%,317,11.59%,255,9.32%,2735
NORDESTE,23,CE,230230,BELA CRUZ,26,1.32%,33,1.67%,1093,55.29%,470,23.77%,220,11.13%,135,6.83%,1977
NORDESTE,23,CE,230240,BOA VIAGEM,56,2.08%,73,2.71%,1572,58.44%,515,19.14%,245,9.11%,229,8.51%,2690
NORDESTE,23,CE,230250,BREJO SANTO,62,1.94%,95,2.98%,1959,61.39%,618,19.37%,298,9.34%,159,4.98%,3191
NORDESTE,23,CE,230260,CAMOCIM,65,1.78%,82,2.25%,2179,59.76%,727,19.94%,334,9.16%,259,7.1%,3646
NORDESTE,23,CE,230270,CAMPOS SALES,19,1.44%,38,2.89%,845,64.26%,222,16.88%,111,8.44%,80,6.08%,1315
NORDESTE,23,CE,230280,CANINDE,75,1.85%,117,2.89%,2410,59.57%,735,18.17%,370,9.14%,339,8.38%,4046
NORDESTE,23,CE,230290,CAPISTRANO,49,5.75%,11,1.29%,427,50.12%,151,17.72%,104,12.21%,110,12.91%,852
NORDESTE,23,CE,230300,CARIDADE,48,4.11%,55,4.71%,531,45.46%,210,17.98%,149,12.76%,175,14.98%,1168
NORDESTE,23,CE,230310,CARIRE,16,1.69%,21,2.22%,540,57.14%,190,20.11%,98,10.37%,80,8.47%,945
NORDESTE,23,CE,230320,CARIRIACU,24,1.34%,44,2.45%,1171,65.2%,325,18.1%,132,7.35%,100,5.57%,1796
NORDESTE,23,CE,230330,CARIUS,14,1.72%,22,2.7%,470,57.67%,172,21.1%,79,9.69%,58,7.12%,815
NORDESTE,23,CE,230340,CARNAUBAL,11,0.98%,20,1.79%,687,61.45%,232,20.75%,103,9.21%,65,5.81%,1118
NORDESTE,23,CE,230350,CASCAVEL,49,1.32%,74,1.99%,1956,52.59%,807,21.7%,457,12.29%,376,10.11%,3719
NORDESTE,23,CE,230360,CATARINA,9,1.32%,4,0.58%,366,53.51%,123,17.98%,110,16.08%,72,10.53%,684
NORDESTE,23,CE,230365,CATUNDA,20,3.71%,16,2.97%,279,51.76%,103,19.11%,54,10.02%,67,12.43%,539
NORDESTE,23,CE,230370,CAUCAIA,245,1.71%,313,2.19%,7901,55.2%,2960,20.68%,1579,11.03%,1315,9.19%,14313
NORDESTE,23,CE,230380,CEDRO,78,8.11%,26,2.7%,551,57.28%,176,18.3%,83,8.63%,48,4.99%,962
NORDESTE,23,CE,230390,CHAVAL,15,1.85%,21,2.59%,455,56.17%,181,22.35%,81,10%,57,7.04%,810
NORDESTE,23,CE,230393,CHORO,7,1.05%,13,1.95%,318,47.6%,162,24.25%,95,14.22%,73,10.93%,668
NORDESTE,23,CE,230395,CHOROZINHO,26,2.27%,38,3.31%,573,49.96%,233,20.31%,156,13.6%,121,10.55%,1147
NORDESTE,23,CE,230400,COREAU,38,2.66%,33,2.31%,827,57.87%,267,18.68%,140,9.8%,124,8.68%,1429
NORDESTE,23,CE,230410,CRATEUS,114,3.58%,92,2.89%,1595,50.08%,545,17.11%,340,10.68%,499,15.67%,3185
NORDESTE,23,CE,230420,CRATO,112,1.8%,168,2.7%,3798,60.93%,1180,18.93%,564,9.05%,411,6.59%,6233
NORDESTE,23,CE,230423,CROATA,11,1.01%,23,2.11%,639,58.52%,232,21.25%,104,9.52%,83,7.6%,1092
NORDESTE,23,CE,230425,CRUZ,26,1.01%,44,1.71%,1566,60.86%,554,21.53%,250,9.72%,133,5.17%,2573
NORDESTE,23,CE,230426,DEPUTADO IRAPUAN PINHEIRO,0,-,6,1.36%,248,56.24%,113,25.62%,47,10.66%,27,6.12%,441
NORDESTE,23,CE,230427,ERERE,5,1.71%,5,1.71%,158,53.92%,66,22.53%,27,9.22%,32,10.92%,293
NORDESTE,23,CE,230428,EUSEBIO,112,3.06%,102,2.79%,1865,50.96%,770,21.04%,445,12.16%,366,10%,3660
NORDESTE,23,CE,230430,FARIAS BRITO,16,1.6%,23,2.3%,611,60.98%,202,20.16%,98,9.78%,52,5.19%,1002
NORDESTE,23,CE,230435,FORQUILHA,40,3.31%,33,2.73%,623,51.62%,218,18.06%,153,12.68%,140,11.6%,1207
NORDESTE,23,CE,230440,FORTALEZA,1523,1.86%,1538,1.88%,44285,54.08%,18540,22.64%,9288,11.34%,6713,8.2%,81887
NORDESTE,23,CE,230445,FORTIM,19,1.77%,27,2.51%,532,49.49%,242,22.51%,139,12.93%,116,10.79%,1075
NORDESTE,23,CE,230450,FRECHEIRINHA,21,2.1%,25,2.5%,493,49.25%,237,23.68%,121,12.09%,104,10.39%,1001
NORDESTE,23,CE,230460,GENERAL SAMPAIO,10,2.35%,6,1.41%,214,50.35%,88,20.71%,71,16.71%,36,8.47%,425
NORDESTE,23,CE,230465,GRACA,13,1.68%,24,3.1%,479,61.89%,132,17.05%,71,9.17%,55,7.11%,774
NORDESTE,23,CE,230470,GRANJA,54,1.54%,59,1.68%,2188,62.48%,651,18.59%,325,9.28%,225,6.42%,3502
NORDESTE,23,CE,230480,GRANJEIRO,29,10.43%,13,4.68%,120,43.17%,51,18.35%,33,11.87%,32,11.51%,278
NORDESTE,23,CE,230490,GROAIRAS,4,0.84%,16,3.37%,259,54.53%,106,22.32%,52,10.95%,38,8%,475
NORDESTE,23,CE,230495,GUAIUBA,18,1.52%,34,2.87%,625,52.79%,231,19.51%,149,12.58%,127,10.73%,1184
NORDESTE,23,CE,230500,GUARACIABA DO NORTE,55,1.96%,66,2.36%,1571,56.13%,585,20.9%,285,10.18%,237,8.47%,2799
NORDESTE,23,CE,230510,GUARAMIRANGA,12,3.45%,13,3.74%,202,58.05%,67,19.25%,36,10.34%,18,5.17%,348
NORDESTE,23,CE,230520,HIDROLANDIA,17,1.77%,28,2.92%,613,63.92%,158,16.48%,88,9.18%,55,5.74%,959
NORDESTE,23,CE,230523,HORIZONTE,53,1.21%,64,1.47%,2384,54.63%,1008,23.1%,502,11.5%,353,8.09%,4364
NORDESTE,23,CE,230526,IBARETAMA,28,3.47%,24,2.98%,455,56.45%,130,16.13%,85,10.55%,84,10.42%,806
NORDESTE,23,CE,230530,IBIAPINA,47,2.78%,43,2.54%,1058,62.57%,285,16.85%,133,7.87%,125,7.39%,1691
NORDESTE,23,CE,230533,IBICUITINGA,8,1.28%,13,2.08%,315,50.32%,133,21.25%,87,13.9%,70,11.18%,626
NORDESTE,23,CE,230535,ICAPUI,25,2.56%,18,1.84%,475,48.62%,221,22.62%,129,13.2%,109,11.16%,977
NORDESTE,23,CE,230540,ICO,389,11.93%,152,4.66%,1687,51.72%,546,16.74%,248,7.6%,240,7.36%,3262
NORDESTE,23,CE,230550,IGUATU,155,3.37%,156,3.39%,2518,54.74%,874,19%,546,11.87%,351,7.63%,4600
NORDESTE,23,CE,230560,INDEPENDENCIA,25,1.96%,22,1.73%,716,56.16%,256,20.08%,161,12.63%,95,7.45%,1275
NORDESTE,23,CE,230565,IPAPORANGA,3,0.45%,12,1.79%,357,53.13%,158,23.51%,88,13.1%,54,8.04%,672
NORDESTE,23,CE,230570,IPAUMIRIM,19,3.07%,12,1.94%,366,59.22%,122,19.74%,60,9.71%,39,6.31%,618
NORDESTE,23,CE,230580,IPU,50,1.92%,64,2.46%,1324,50.92%,517,19.88%,346,13.31%,299,11.5%,2600
NORDESTE,23,CE,230590,IPUEIRAS,53,2.44%,65,2.99%,1199,55.15%,393,18.08%,237,10.9%,227,10.44%,2174
NORDESTE,23,CE,230600,IRACEMA,19,2.98%,8,1.25%,375,58.78%,129,20.22%,65,10.19%,42,6.58%,638
NORDESTE,23,CE,230610,IRAUCUBA,37,1.97%,63,3.36%,1074,57.22%,340,18.11%,188,10.02%,175,9.32%,1877
NORDESTE,23,CE,230620,ITAICABA,3,0.79%,8,2.1%,204,53.54%,93,24.41%,42,11.02%,31,8.14%,381
NORDESTE,23,CE,230625,ITAITINGA,53,1.7%,78,2.51%,1605,51.59%,698,22.44%,354,11.38%,323,10.38%,3111
NORDESTE,23,CE,230630,ITAPAJE,47,1.78%,51,1.94%,1358,51.54%,572,21.71%,315,11.95%,292,11.08%,2635
NORDESTE,23,CE,230640,ITAPIPOCA,86,0.97%,202,2.28%,5458,61.53%,1757,19.81%,797,8.98%,571,6.44%,8871
NORDESTE,23,CE,230650,ITAPIUNA,26,2.91%,17,1.9%,486,54.42%,163,18.25%,115,12.88%,86,9.63%,893
NORDESTE,23,CE,230655,ITAREMA,202,7.66%,53,2.01%,1172,44.46%,577,21.89%,380,14.42%,252,9.56%,2636
NORDESTE,23,CE,230660,ITATIRA,15,1.21%,21,1.69%,707,56.83%,263,21.14%,131,10.53%,107,8.6%,1244
NORDESTE,23,CE,230670,JAGUARETAMA,15,1.54%,17,1.75%,477,48.97%,191,19.61%,109,11.19%,165,16.94%,974
NORDESTE,23,CE,230680,JAGUARIBARA,6,1.12%,9,1.68%,286,53.46%,120,22.43%,69,12.9%,45,8.41%,535
NORDESTE,23,CE,230690,JAGUARIBE,29,1.69%,29,1.69%,1116,65.11%,279,16.28%,138,8.05%,123,7.18%,1714
NORDESTE,23,CE,230700,JAGUARUANA,9,0.53%,21,1.24%,1009,59.6%,332,19.61%,172,10.16%,150,8.86%,1693
NORDESTE,23,CE,230710,JARDIM,49,3.07%,57,3.57%,857,53.66%,326,20.41%,160,10.02%,148,9.27%,1597
NORDESTE,23,CE,230720,JATI,4,0.95%,14,3.32%,250,59.24%,80,18.96%,45,10.66%,29,6.87%,422
NORDESTE,23,CE,230725,JIJOCA DE JERICOACOARA,23,1.13%,31,1.52%,889,43.62%,389,19.09%,234,11.48%,472,23.16%,2038
NORDESTE,23,CE,230730,JUAZEIRO DO NORTE,280,2.43%,347,3.02%,6814,59.22%,2180,18.94%,1057,9.19%,829,7.2%,11507
NORDESTE,23,CE,230740,JUCAS,22,1.55%,27,1.9%,786,55.27%,308,21.66%,155,10.9%,124,8.72%,1422
NORDESTE,23,CE,230750,LAVRAS DA MANGABEIRA,48,3.25%,50,3.39%,818,55.42%,262,17.75%,136,9.21%,162,10.98%,1476
NORDESTE,23,CE,230760,LIMOEIRO DO NORTE,38,1.51%,56,2.22%,1404,55.76%,568,22.56%,258,10.25%,194,7.7%,2518
NORDESTE,23,CE,230763,MADALENA,25,2.82%,21,2.37%,418,47.18%,180,20.32%,111,12.53%,131,14.79%,886
NORDESTE,23,CE,230765,MARACANAU,243,2.65%,269,2.94%,4713,51.48%,1846,20.16%,1103,12.05%,981,10.72%,9155
NORDESTE,23,CE,230770,MARANGUAPE,64,1.38%,95,2.04%,2392,51.4%,996,21.4%,601,12.91%,506,10.87%,4654
NORDESTE,23,CE,230780,MARCO,34,1.33%,62,2.42%,1528,59.71%,516,20.16%,248,9.69%,171,6.68%,2559
NORDESTE,23,CE,230790,MARTINOPOLE,13,1.58%,14,1.7%,410,49.7%,170,20.61%,117,14.18%,101,12.24%,825
NORDESTE,23,CE,230800,MASSAPE,46,2.03%,55,2.42%,1208,53.19%,496,21.84%,264,11.62%,202,8.89%,2271
NORDESTE,23,CE,230810,MAURITI,73,2.67%,83,3.04%,1480,54.15%,526,19.25%,264,9.66%,307,11.23%,2733
NORDESTE,23,CE,230820,MERUOCA,15,1.78%,13,1.54%,462,54.74%,185,21.92%,99,11.73%,70,8.29%,844
NORDESTE,23,CE,230830,MILAGRES,29,1.79%,52,3.21%,899,55.49%,315,19.44%,171,10.56%,154,9.51%,1620
NORDESTE,23,CE,230835,MILHA,12,1.5%,17,2.12%,414,51.69%,188,23.47%,95,11.86%,75,9.36%,801
NORDESTE,23,CE,230837,MIRAIMA,15,1.66%,26,2.88%,547,60.64%,156,17.29%,84,9.31%,74,8.2%,902
NORDESTE,23,CE,230840,MISSAO VELHA,55,2.5%,57,2.59%,1281,58.17%,422,19.16%,221,10.04%,166,7.54%,2202
NORDESTE,23,CE,230850,MOMBACA,39,1.84%,59,2.79%,1189,56.22%,447,21.13%,227,10.73%,154,7.28%,2115
NORDESTE,23,CE,230860,MONSENHOR TABOSA,12,1.33%,24,2.66%,541,60.04%,165,18.31%,94,10.43%,65,7.21%,901
NORDESTE,23,CE,230870,MORADA NOVA,52,2.2%,69,2.92%,1357,57.43%,469,19.85%,229,9.69%,187,7.91%,2363
NORDESTE,23,CE,230880,MORAUJO,15,3.23%,15,3.23%,259,55.82%,93,20.04%,37,7.97%,45,9.7%,464
NORDESTE,23,CE,230890,MORRINHOS,19,1.19%,47,2.94%,829,51.94%,370,23.18%,177,11.09%,154,9.65%,1596
NORDESTE,23,CE,230900,MUCAMBO,13,1.64%,17,2.15%,429,54.24%,178,22.5%,85,10.75%,69,8.72%,791
NORDESTE,23,CE,230910,MULUNGU,13,2%,17,2.62%,359,55.23%,138,21.23%,69,10.62%,54,8.31%,650
NORDESTE,23,CE,230920,NOVA OLINDA,22,2.09%,23,2.18%,653,61.95%,202,19.17%,93,8.82%,61,5.79%,1054
NORDESTE,23,CE,230930,NOVA RUSSAS,22,1.29%,41,2.41%,954,56.08%,383,22.52%,180,10.58%,121,7.11%,1701
NORDESTE,23,CE,230940,NOVO ORIENTE,23,1.45%,41,2.59%,967,61.13%,312,19.72%,142,8.98%,97,6.13%,1582
NORDESTE,23,CE,230945,OCARA,16,1.61%,26,2.62%,543,54.79%,200,20.18%,121,12.21%,85,8.58%,991
NORDESTE,23,CE,230950,OROS,27,2.76%,30,3.06%,626,63.94%,158,16.14%,84,8.58%,54,5.52%,979
NORDESTE,23,CE,230960,PACAJUS,53,1.79%,66,2.23%,1595,53.81%,634,21.39%,333,11.23%,283,9.55%,2964
NORDESTE,23,CE,230970,PACATUBA,101,3.03%,112,3.36%,1814,54.44%,616,18.49%,363,10.89%,326,9.78%,3332
NORDESTE,23,CE,230980,PACOTI,13,1.86%,21,3.01%,403,57.74%,128,18.34%,75,10.74%,58,8.31%,698
NORDESTE,23,CE,230990,PACUJA,30,9.04%,16,4.82%,178,53.61%,48,14.46%,39,11.75%,21,6.33%,332
NORDESTE,23,CE,231000,PALHANO,7,1.42%,6,1.22%,254,51.63%,111,22.56%,55,11.18%,59,11.99%,492
NORDESTE,23,CE,231010,PALMACIA,15,3.6%,12,2.88%,194,46.52%,75,17.99%,61,14.63%,60,14.39%,417
NORDESTE,23,CE,231020,PARACURU,50,2.31%,48,2.22%,1217,56.16%,411,18.97%,234,10.8%,207,9.55%,2167
NORDESTE,23,CE,231025,PARAIPABA,49,2.76%,41,2.31%,915,51.46%,362,20.36%,184,10.35%,227,12.77%,1778
NORDESTE,23,CE,231030,PARAMBU,68,4.22%,77,4.78%,873,54.22%,280,17.39%,157,9.75%,155,9.63%,1610
NORDESTE,23,CE,231040,PARAMOTI,13,2.09%,18,2.9%,344,55.39%,121,19.48%,63,10.14%,62,9.98%,621
NORDESTE,23,CE,231050,PEDRA BRANCA,39,1.87%,51,2.45%,1187,57.01%,419,20.12%,209,10.04%,177,8.5%,2082
NORDESTE,23,CE,231060,PENAFORTE,35,4.98%,56,7.97%,368,52.35%,98,13.94%,58,8.25%,88,12.52%,703
NORDESTE,23,CE,231070,PENTECOSTE,23,1.19%,47,2.44%,1093,56.72%,374,19.41%,225,11.68%,165,8.56%,1927
NORDESTE,23,CE,231080,PEREIRO,21,2.36%,30,3.37%,476,53.42%,198,22.22%,93,10.44%,73,8.19%,891
NORDESTE,23,CE,231085,PINDORETAMA,65,4.94%,36,2.74%,662,50.34%,252,19.16%,154,11.71%,146,11.1%,1315
NORDESTE,23,CE,231090,PIQUET CARNEIRO,7,0.92%,11,1.44%,491,64.44%,136,17.85%,65,8.53%,52,6.82%,762
NORDESTE,23,CE,231095,PIRES FERREIRA,8,1.5%,11,2.06%,320,60.04%,107,20.08%,53,9.94%,34,6.38%,533
NORDESTE,23,CE,231100,PORANGA,23,3.48%,8,1.21%,373,56.52%,140,21.21%,55,8.33%,61,9.24%,660
NORDESTE,23,CE,231110,PORTEIRAS,29,2.21%,34,2.59%,738,56.25%,264,20.12%,143,10.9%,104,7.93%,1312
NORDESTE,23,CE,231120,POTENGI,12,1.9%,21,3.32%,386,61.08%,101,15.98%,66,10.44%,46,7.28%,632
NORDESTE,23,CE,231123,POTIRETAMA,13,3.45%,13,3.45%,219,58.09%,53,14.06%,39,10.34%,40,10.61%,377
NORDESTE,23,CE,231126,QUITERIANOPOLIS,22,1.95%,22,1.95%,699,61.8%,223,19.72%,102,9.02%,63,5.57%,1131
NORDESTE,23,CE,231130,QUIXADA,139,2.92%,166,3.49%,2917,61.33%,696,14.63%,420,8.83%,418,8.79%,4756
NORDESTE,23,CE,231135,QUIXELO,16,1.79%,25,2.8%,450,50.39%,182,20.38%,119,13.33%,101,11.31%,893
NORDESTE,23,CE,231140,QUIXERAMOBIM,143,3.23%,124,2.8%,2238,50.56%,849,19.18%,529,11.95%,543,12.27%,4426
NORDESTE,23,CE,231150,QUIXERE,17,1.41%,20,1.66%,720,59.75%,259,21.49%,115,9.54%,74,6.14%,1205
NORDESTE,23,CE,231160,REDENCAO,33,2.03%,32,1.97%,949,58.51%,265,16.34%,163,10.05%,180,11.1%,1622
NORDESTE,23,CE,231170,RERIUTABA,9,0.75%,30,2.51%,730,61.09%,248,20.75%,105,8.79%,73,6.11%,1195
NORDESTE,23,CE,231180,RUSSAS,35,1.13%,35,1.13%,1569,50.71%,734,23.72%,398,12.86%,323,10.44%,3094
NORDESTE,23,CE,231190,SABOEIRO,14,1.83%,18,2.35%,477,62.19%,144,18.77%,63,8.21%,51,6.65%,767
NORDESTE,23,CE,231195,SALITRE,47,3.09%,38,2.5%,846,55.62%,312,20.51%,160,10.52%,118,7.76%,1521
NORDESTE,23,CE,231200,SANTANA DO ACARAU,43,2.22%,47,2.43%,986,50.9%,422,21.79%,238,12.29%,201,10.38%,1937
NORDESTE,23,CE,231210,SANTANA DO CARIRI,25,2.3%,28,2.57%,642,59.01%,223,20.5%,110,10.11%,60,5.51%,1088
NORDESTE,23,CE,231220,SANTA QUITERIA,51,2.47%,36,1.74%,901,43.57%,401,19.39%,242,11.7%,437,21.13%,2068
NORDESTE,23,CE,231230,SAO BENEDITO,38,1.16%,70,2.14%,1855,56.64%,728,22.23%,305,9.31%,279,8.52%,3275
NORDESTE,23,CE,231240,SAO GONCALO DO AMARANTE,38,1.08%,96,2.74%,1929,55.05%,723,20.63%,402,11.47%,316,9.02%,3504
NORDESTE,23,CE,231250,SAO JOAO DO JAGUARIBE,2,0.86%,3,1.29%,126,54.31%,37,15.95%,39,16.81%,25,10.78%,232
NORDESTE,23,CE,231260,SAO LUIS DO CURU,8,1.54%,13,2.5%,270,51.82%,94,18.04%,77,14.78%,59,11.32%,521
NORDESTE,23,CE,231270,SENADOR POMPEU,12,1.12%,17,1.59%,593,55.42%,232,21.68%,124,11.59%,92,8.6%,1070
NORDESTE,23,CE,231280,SENADOR SA,2,0.4%,12,2.4%,272,54.4%,89,17.8%,75,15%,50,10%,500
NORDESTE,23,CE,231290,SOBRAL,121,1.03%,247,2.11%,6779,57.78%,2488,21.21%,1214,10.35%,884,7.53%,11733
NORDESTE,23,CE,231300,SOLONOPOLE,22,3.11%,16,2.26%,325,45.9%,164,23.16%,96,13.56%,85,12.01%,708
NORDESTE,23,CE,231310,TABULEIRO DO NORTE,30,2.24%,29,2.16%,711,52.98%,293,21.83%,160,11.92%,119,8.87%,1342
NORDESTE,23,CE,231320,TAMBORIL,41,2.88%,29,2.03%,759,53.23%,298,20.9%,163,11.43%,136,9.54%,1426
NORDESTE,23,CE,231325,TARRAFAS,3,0.77%,5,1.28%,210,53.57%,99,25.26%,46,11.73%,29,7.4%,392
NORDESTE,23,CE,231330,TAUA,47,1.74%,71,2.62%,1499,55.35%,562,20.75%,300,11.08%,229,8.46%,2708
NORDESTE,23,CE,231335,TEJUCUOCA,25,2.06%,31,2.55%,634,52.18%,260,21.4%,143,11.77%,122,10.04%,1215
NORDESTE,23,CE,231340,TIANGUA,77,1.48%,110,2.11%,3061,58.74%,1093,20.97%,495,9.5%,375,7.2%,5211
NORDESTE,23,CE,231350,TRAIRI,83,1.96%,111,2.62%,2314,54.72%,909,21.49%,434,10.26%,378,8.94%,4229
NORDESTE,23,CE,231355,TURURU,21,1.74%,21,1.74%,674,55.89%,239,19.82%,134,11.11%,117,9.7%,1206
NORDESTE,23,CE,231360,UBAJARA,29,1.27%,47,2.07%,1246,54.77%,488,21.45%,237,10.42%,228,10.02%,2275
NORDESTE,23,CE,231370,UMARI,11,3.56%,10,3.24%,196,63.43%,56,18.12%,21,6.8%,15,4.85%,309
NORDESTE,23,CE,231375,UMIRIM,38,3.66%,37,3.56%,526,50.67%,193,18.59%,128,12.33%,116,11.18%,1038
NORDESTE,23,CE,231380,URUBURETAMA,29,1.95%,30,2.02%,904,60.88%,257,17.31%,155,10.44%,110,7.41%,1485
NORDESTE,23,CE,231390,URUOCA,11,1.48%,13,1.75%,380,51.14%,140,18.84%,112,15.07%,87,11.71%,743
NORDESTE,23,CE,231395,VARJOTA,9,0.79%,38,3.33%,639,56.05%,233,20.44%,131,11.49%,90,7.89%,1140
NORDESTE,23,CE,231400,VARZEA ALEGRE,32,1.68%,39,2.05%,1153,60.52%,380,19.95%,176,9.24%,125,6.56%,1905
NORDESTE,23,CE,231410,VICOSA DO CEARA,60,1.4%,90,2.11%,2499,58.46%,880,20.58%,435,10.18%,311,7.27%,4275
NORDESTE,24,RN,240010,ACARI,3,0.6%,3,0.6%,332,66.53%,104,20.84%,34,6.81%,23,4.61%,499
NORDESTE,24,RN,240020,ASSU,42,1.66%,62,2.46%,1356,53.75%,546,21.64%,295,11.69%,222,8.8%,2523
NORDESTE,24,RN,240030,AFONSO BEZERRA,12,2.53%,18,3.8%,226,47.68%,106,22.36%,56,11.81%,56,11.81%,474
NORDESTE,24,RN,240040,AGUA NOVA,1,0.68%,4,2.72%,84,57.14%,28,19.05%,18,12.24%,12,8.16%,147
NORDESTE,24,RN,240050,ALEXANDRIA,18,3.97%,17,3.75%,231,50.99%,96,21.19%,43,9.49%,48,10.6%,453
NORDESTE,24,RN,240060,ALMINO AFONSO,2,0.94%,3,1.41%,111,52.11%,51,23.94%,24,11.27%,22,10.33%,213
NORDESTE,24,RN,240070,ALTO DO RODRIGUES,13,1.79%,14,1.93%,400,55.1%,158,21.76%,64,8.82%,77,10.61%,726
NORDESTE,24,RN,240080,ANGICOS,9,1.65%,7,1.29%,247,45.4%,135,24.82%,74,13.6%,72,13.24%,544
NORDESTE,24,RN,240090,ANTONIO MARTINS,8,3.42%,9,3.85%,113,48.29%,48,20.51%,32,13.68%,24,10.26%,234
NORDESTE,24,RN,240100,APODI,31,2.2%,30,2.13%,751,53.22%,290,20.55%,160,11.34%,149,10.56%,1411
NORDESTE,24,RN,240110,AREIA BRANCA,17,2.23%,19,2.49%,383,50.26%,162,21.26%,95,12.47%,86,11.29%,762
NORDESTE,24,RN,240120,AREZ,15,1.95%,23,2.99%,448,58.18%,135,17.53%,71,9.22%,78,10.13%,770
NORDESTE,24,RN,240130,CAMPO GRANDE,33,8.35%,13,3.29%,210,53.16%,62,15.7%,37,9.37%,40,10.13%,395
NORDESTE,24,RN,240140,BAIA FORMOSA,11,2.63%,5,1.19%,226,53.94%,83,19.81%,56,13.37%,38,9.07%,419
NORDESTE,24,RN,240145,BARAUNA,17,1.15%,26,1.75%,792,53.44%,328,22.13%,161,10.86%,158,10.66%,1482
NORDESTE,24,RN,240150,BARCELONA,6,2.9%,18,8.7%,119,57.49%,35,16.91%,13,6.28%,16,7.73%,207
NORDESTE,24,RN,240160,BENTO FERNANDES,4,1.67%,5,2.08%,145,60.42%,48,20%,20,8.33%,18,7.5%,240
NORDESTE,24,RN,240165,BODO,3,1.8%,5,2.99%,91,54.49%,28,16.77%,26,15.57%,14,8.38%,167
NORDESTE,24,RN,240170,BOM JESUS,16,3.12%,11,2.14%,317,61.79%,93,18.13%,39,7.6%,37,7.21%,513
NORDESTE,24,RN,240180,BREJINHO,3,0.4%,21,2.79%,465,61.84%,155,20.61%,70,9.31%,38,5.05%,752
NORDESTE,24,RN,240185,CAICARA DO NORTE,3,0.84%,4,1.12%,201,56.15%,81,22.63%,47,13.13%,22,6.15%,358
NORDESTE,24,RN,240190,CAICARA DO RIO DO VENTO,2,0.89%,1,0.44%,104,46.22%,42,18.67%,29,12.89%,47,20.89%,225
NORDESTE,24,RN,240200,CAICO,54,2.36%,66,2.89%,1348,59.02%,477,20.88%,203,8.89%,136,5.95%,2284
NORDESTE,24,RN,240210,CAMPO REDONDO,7,1.44%,12,2.47%,286,58.85%,108,22.22%,44,9.05%,29,5.97%,486
NORDESTE,24,RN,240220,CANGUARETAMA,29,1.61%,46,2.55%,972,53.91%,392,21.74%,196,10.87%,168,9.32%,1803
NORDESTE,24,RN,240230,CARAUBAS,17,2.03%,24,2.87%,525,62.72%,169,20.19%,57,6.81%,45,5.38%,837
NORDESTE,24,RN,240240,CARNAUBA DOS DANTAS,1,0.25%,6,1.53%,262,66.67%,71,18.07%,28,7.12%,25,6.36%,393
NORDESTE,24,RN,240250,CARNAUBAIS,13,3.04%,12,2.81%,228,53.4%,72,16.86%,54,12.65%,48,11.24%,427
NORDESTE,24,RN,240260,CEARA-MIRIM,86,2.73%,106,3.36%,1782,56.55%,586,18.6%,296,9.39%,295,9.36%,3151
NORDESTE,24,RN,240270,CERRO CORA,17,3.07%,18,3.25%,327,59.03%,108,19.49%,42,7.58%,42,7.58%,554
NORDESTE,24,RN,240280,CORONEL EZEQUIEL,7,2.45%,5,1.75%,160,55.94%,63,22.03%,30,10.49%,21,7.34%,286
NORDESTE,24,RN,240290,CORONEL JOAO PESSOA,4,1.76%,10,4.41%,137,60.35%,36,15.86%,20,8.81%,20,8.81%,227
NORDESTE,24,RN,240300,CRUZETA,2,0.64%,2,0.64%,163,52.24%,85,27.24%,37,11.86%,23,7.37%,312
NORDESTE,24,RN,240310,CURRAIS NOVOS,23,1.49%,36,2.33%,925,59.79%,328,21.2%,127,8.21%,108,6.98%,1547
NORDESTE,24,RN,240320,DOUTOR SEVERIANO,7,2.1%,6,1.8%,201,60.36%,78,23.42%,24,7.21%,17,5.11%,333
NORDESTE,24,RN,240325,PARNAMIRIM,60,1.13%,98,1.84%,3233,60.63%,1151,21.59%,499,9.36%,291,5.46%,5332
NORDESTE,24,RN,240330,ENCANTO,20,6.69%,9,3.01%,142,47.49%,58,19.4%,27,9.03%,43,14.38%,299
NORDESTE,24,RN,240340,EQUADOR,0,-,4,1.21%,195,59.09%,73,22.12%,31,9.39%,27,8.18%,330
NORDESTE,24,RN,240350,ESPIRITO SANTO,10,1.9%,9,1.71%,283,53.8%,110,20.91%,65,12.36%,49,9.32%,526
NORDESTE,24,RN,240360,EXTREMOZ,53,2.13%,61,2.45%,1366,54.84%,519,20.84%,270,10.84%,222,8.91%,2491
NORDESTE,24,RN,240370,FELIPE GUERRA,4,1.47%,5,1.83%,178,65.2%,50,18.32%,23,8.42%,13,4.76%,273
NORDESTE,24,RN,240375,FERNANDO PEDROZA,3,2%,2,1.33%,96,64%,25,16.67%,14,9.33%,10,6.67%,150
NORDESTE,24,RN,240380,FLORANIA,4,0.99%,6,1.48%,243,60%,80,19.75%,47,11.6%,25,6.17%,405
NORDESTE,24,RN,240390,FRANCISCO DANTAS,1,0.65%,2,1.31%,85,55.56%,28,18.3%,18,11.76%,19,12.42%,153
NORDESTE,24,RN,240400,FRUTUOSO GOMES,1,0.49%,2,0.97%,81,39.32%,33,16.02%,15,7.28%,74,35.92%,206
NORDESTE,24,RN,240410,GALINHOS,2,1.22%,5,3.05%,105,64.02%,26,15.85%,14,8.54%,12,7.32%,164
NORDESTE,24,RN,240420,GOIANINHA,44,2.31%,45,2.36%,1067,56.01%,371,19.48%,216,11.34%,162,8.5%,1905
NORDESTE,24,RN,240430,GOVERNADOR DIX-SEPT ROSADO,8,2.09%,8,2.09%,218,56.92%,63,16.45%,46,12.01%,40,10.44%,383
NORDESTE,24,RN,240440,GROSSOS,9,2.26%,16,4.02%,234,58.79%,71,17.84%,30,7.54%,38,9.55%,398
NORDESTE,24,RN,240450,GUAMARE,3,0.29%,5,0.48%,721,69.46%,188,18.11%,71,6.84%,50,4.82%,1038
NORDESTE,24,RN,240460,IELMO MARINHO,14,1.84%,23,3.03%,408,53.68%,150,19.74%,91,11.97%,74,9.74%,760
NORDESTE,24,RN,240470,IPANGUACU,20,3.58%,12,2.15%,290,51.88%,102,18.25%,64,11.45%,71,12.7%,559
NORDESTE,24,RN,240480,IPUEIRA,0,-,0,-,62,63.92%,19,19.59%,6,6.19%,10,10.31%,97
NORDESTE,24,RN,240485,ITAJA,6,2.14%,2,0.71%,137,48.93%,70,25%,46,16.43%,19,6.79%,280
NORDESTE,24,RN,240490,ITAU,4,1.44%,5,1.8%,176,63.31%,56,20.14%,21,7.55%,16,5.76%,278
NORDESTE,24,RN,240500,JACANA,7,1.58%,7,1.58%,283,63.88%,92,20.77%,36,8.13%,18,4.06%,443
NORDESTE,24,RN,240510,JANDAIRA,6,1.35%,8,1.8%,261,58.65%,86,19.33%,51,11.46%,33,7.42%,445
NORDESTE,24,RN,240520,JANDUIS,1,0.37%,8,3%,152,56.93%,50,18.73%,37,13.86%,19,7.12%,267
NORDESTE,24,RN,240530,JANUARIO CICCO,18,3.36%,10,1.87%,284,52.99%,106,19.78%,73,13.62%,45,8.4%,536
NORDESTE,24,RN,240540,JAPI,13,3.49%,14,3.75%,196,52.55%,93,24.93%,34,9.12%,23,6.17%,373
NORDESTE,24,RN,240550,JARDIM DE ANGICOS,3,2.07%,8,5.52%,69,47.59%,33,22.76%,14,9.66%,18,12.41%,145
NORDESTE,24,RN,240560,JARDIM DE PIRANHAS,9,1.22%,19,2.59%,425,57.82%,165,22.45%,66,8.98%,51,6.94%,735
NORDESTE,24,RN,240570,JARDIM DO SERIDO,3,0.73%,3,0.73%,251,60.77%,98,23.73%,36,8.72%,22,5.33%,413
NORDESTE,24,RN,240580,JOAO CAMARA,42,2.14%,53,2.7%,996,50.74%,448,22.82%,248,12.63%,176,8.97%,1963
NORDESTE,24,RN,240590,JOAO DIAS,2,2.27%,4,4.55%,48,54.55%,10,11.36%,16,18.18%,8,9.09%,88
NORDESTE,24,RN,240600,JOSE DA PENHA,4,1.37%,5,1.71%,184,62.8%,51,17.41%,30,10.24%,19,6.48%,293
NORDESTE,24,RN,240610,JUCURUTU,12,1.49%,13,1.61%,515,63.9%,172,21.34%,50,6.2%,44,5.46%,806
NORDESTE,24,RN,240615,JUNDIA,11,4.78%,6,2.61%,122,53.04%,50,21.74%,19,8.26%,22,9.57%,230
NORDESTE,24,RN,240620,LAGOA D'ANTA,6,1.59%,9,2.38%,227,60.05%,74,19.58%,28,7.41%,34,8.99%,378
NORDESTE,24,RN,240630,LAGOA DE PEDRAS,7,1.47%,11,2.31%,276,57.98%,103,21.64%,48,10.08%,31,6.51%,476
NORDESTE,24,RN,240640,LAGOA DE VELHOS,2,1.09%,8,4.37%,93,50.82%,44,24.04%,18,9.84%,18,9.84%,183
NORDESTE,24,RN,240650,LAGOA NOVA,25,3.05%,20,2.44%,438,53.35%,177,21.56%,83,10.11%,78,9.5%,821
NORDESTE,24,RN,240660,LAGOA SALGADA,12,2.42%,12,2.42%,243,48.99%,105,21.17%,67,13.51%,57,11.49%,496
NORDESTE,24,RN,240670,LAJES,12,3.08%,6,1.54%,195,50.13%,86,22.11%,51,13.11%,39,10.03%,389
NORDESTE,24,RN,240680,LAJES PINTADAS,3,1.16%,0,-,131,50.78%,83,32.17%,22,8.53%,19,7.36%,258
NORDESTE,24,RN,240690,LUCRECIA,1,0.56%,2,1.11%,114,63.33%,35,19.44%,20,11.11%,8,4.44%,180
NORDESTE,24,RN,240700,LUIS GOMES,9,2.38%,13,3.44%,195,51.59%,83,21.96%,48,12.7%,30,7.94%,378
NORDESTE,24,RN,240710,MACAIBA,69,2.35%,71,2.42%,1685,57.43%,596,20.31%,312,10.63%,201,6.85%,2934
NORDESTE,24,RN,240720,MACAU,17,1.67%,21,2.07%,596,58.66%,206,20.28%,92,9.06%,84,8.27%,1016
NORDESTE,24,RN,240725,MAJOR SALES,4,2%,4,2%,105,52.5%,48,24%,28,14%,11,5.5%,200
NORDESTE,24,RN,240730,MARCELINO VIEIRA,11,3.45%,11,3.45%,192,60.19%,50,15.67%,20,6.27%,35,10.97%,319
NORDESTE,24,RN,240740,MARTINS,11,2.91%,7,1.85%,253,66.93%,64,16.93%,30,7.94%,13,3.44%,378
NORDESTE,24,RN,240750,MAXARANGUAPE,32,5.37%,15,2.52%,325,54.53%,119,19.97%,64,10.74%,41,6.88%,596
NORDESTE,24,RN,240760,MESSIAS TARGINO,4,2.58%,1,0.65%,81,52.26%,34,21.94%,21,13.55%,14,9.03%,155
NORDESTE,24,RN,240770,MONTANHAS,9,1.28%,20,2.84%,414,58.72%,143,20.28%,75,10.64%,44,6.24%,705
NORDESTE,24,RN,240780,MONTE ALEGRE,18,1.55%,23,1.98%,664,57.14%,239,20.57%,122,10.5%,96,8.26%,1162
NORDESTE,24,RN,240790,MONTE DAS GAMELEIRAS,1,0.61%,2,1.22%,94,57.32%,37,22.56%,17,10.37%,13,7.93%,164
NORDESTE,24,RN,240800,MOSSORO,162,2.04%,172,2.16%,4841,60.92%,1586,19.96%,669,8.42%,517,6.51%,7947
NORDESTE,24,RN,240810,NATAL,214,1.22%,392,2.23%,10817,61.51%,3608,20.52%,1524,8.67%,1032,5.87%,17587
NORDESTE,24,RN,240820,NISIA FLORESTA,18,1.03%,34,1.95%,1082,62.18%,366,21.03%,145,8.33%,95,5.46%,1740
NORDESTE,24,RN,240830,NOVA CRUZ,42,2.66%,46,2.91%,837,52.97%,339,21.46%,171,10.82%,145,9.18%,1580
NORDESTE,24,RN,240840,OLHO-D'AGUA DO BORGES,2,1.37%,6,4.11%,88,60.27%,24,16.44%,13,8.9%,13,8.9%,146
NORDESTE,24,RN,240850,OURO BRANCO,4,1.9%,5,2.37%,140,66.35%,36,17.06%,15,7.11%,11,5.21%,211
NORDESTE,24,RN,240860,PARANA,4,2.4%,4,2.4%,85,50.9%,38,22.75%,21,12.57%,15,8.98%,167
NORDESTE,24,RN,240870,PARAU,3,1.79%,5,2.98%,99,58.93%,30,17.86%,13,7.74%,18,10.71%,168
NORDESTE,24,RN,240880,PARAZINHO,6,1.55%,6,1.55%,218,56.33%,90,23.26%,43,11.11%,24,6.2%,387
NORDESTE,24,RN,240890,PARELHAS,23,2.32%,25,2.53%,614,62.02%,176,17.78%,98,9.9%,54,5.45%,990
NORDESTE,24,RN,240895,RIO DO FOGO,6,0.7%,12,1.4%,432,50.23%,204,23.72%,127,14.77%,79,9.19%,860
NORDESTE,24,RN,240910,PASSA E FICA,5,0.71%,12,1.7%,403,57.24%,172,24.43%,67,9.52%,45,6.39%,704
NORDESTE,24,RN,240920,PASSAGEM,3,1.7%,1,0.57%,84,47.73%,38,21.59%,24,13.64%,26,14.77%,176
NORDESTE,24,RN,240930,PATU,12,2.61%,15,3.26%,250,54.35%,90,19.57%,45,9.78%,48,10.43%,460
NORDESTE,24,RN,240933,SANTA MARIA,6,1.96%,5,1.63%,144,47.06%,84,27.45%,34,11.11%,33,10.78%,306
NORDESTE,24,RN,240940,PAU DOS FERROS,9,0.83%,23,2.12%,677,62.28%,223,20.52%,90,8.28%,65,5.98%,1087
NORDESTE,24,RN,240950,PEDRA GRANDE,8,3.25%,2,0.81%,105,42.68%,45,18.29%,37,15.04%,49,19.92%,246
NORDESTE,24,RN,240960,PEDRA PRETA,3,2.54%,2,1.69%,59,50%,29,24.58%,16,13.56%,9,7.63%,118
NORDESTE,24,RN,240970,PEDRO AVELINO,12,3.81%,9,2.86%,176,55.87%,51,16.19%,36,11.43%,31,9.84%,315
NORDESTE,24,RN,240980,PEDRO VELHO,46,6.5%,24,3.39%,378,53.39%,113,15.96%,76,10.73%,71,10.03%,708
NORDESTE,24,RN,240990,PENDENCIAS,21,4.18%,16,3.19%,278,55.38%,94,18.73%,43,8.57%,50,9.96%,502
NORDESTE,24,RN,241000,PILOES,5,3.38%,6,4.05%,85,57.43%,29,19.59%,16,10.81%,7,4.73%,148
NORDESTE,24,RN,241010,POCO BRANCO,11,1.72%,21,3.29%,353,55.24%,138,21.6%,70,10.95%,46,7.2%,639
NORDESTE,24,RN,241020,PORTALEGRE,1,0.28%,8,2.25%,199,55.9%,81,22.75%,30,8.43%,37,10.39%,356
NORDESTE,24,RN,241025,PORTO DO MANGUE,13,4.21%,12,3.88%,160,51.78%,60,19.42%,29,9.39%,35,11.33%,309
NORDESTE,24,RN,241030,SERRA CAIADA,14,2.23%,12,1.91%,383,60.89%,112,17.81%,61,9.7%,47,7.47%,629
NORDESTE,24,RN,241040,PUREZA,5,0.97%,15,2.91%,292,56.7%,106,20.58%,54,10.49%,43,8.35%,515
NORDESTE,24,RN,241050,RAFAEL FERNANDES,7,2.7%,22,8.49%,131,50.58%,47,18.15%,25,9.65%,27,10.42%,259
NORDESTE,24,RN,241060,RAFAEL GODEIRO,1,0.83%,4,3.31%,70,57.85%,24,19.83%,14,11.57%,8,6.61%,121
NORDESTE,24,RN,241070,RIACHO DA CRUZ,1,0.81%,2,1.61%,76,61.29%,28,22.58%,12,9.68%,5,4.03%,124
NORDESTE,24,RN,241080,RIACHO DE SANTANA,2,1.01%,6,3.03%,132,66.67%,32,16.16%,14,7.07%,12,6.06%,198
NORDESTE,24,RN,241090,RIACHUELO,9,2.24%,9,2.24%,252,62.69%,68,16.92%,40,9.95%,24,5.97%,402
NORDESTE,24,RN,241100,RODOLFO FERNANDES,4,1.65%,4,1.65%,146,60.08%,43,17.7%,30,12.35%,16,6.58%,243
NORDESTE,24,RN,241105,TIBAU,6,2.19%,3,1.09%,162,59.12%,63,22.99%,15,5.47%,25,9.12%,274
NORDESTE,24,RN,241110,RUY BARBOSA,3,2.26%,4,3.01%,80,60.15%,26,19.55%,13,9.77%,7,5.26%,133
NORDESTE,24,RN,241120,SANTA CRUZ,41,2.47%,28,1.68%,1021,61.43%,322,19.37%,147,8.84%,103,6.2%,1662
NORDESTE,24,RN,241140,SANTANA DO MATOS,9,1.93%,8,1.71%,262,56.1%,100,21.41%,49,10.49%,39,8.35%,467
NORDESTE,24,RN,241142,SANTANA DO SERIDO,3,2.46%,1,0.82%,85,69.67%,18,14.75%,9,7.38%,6,4.92%,122
NORDESTE,24,RN,241150,SANTO ANTONIO,13,1.19%,17,1.56%,618,56.65%,239,21.91%,109,9.99%,95,8.71%,1091
NORDESTE,24,RN,241160,SAO BENTO DO NORTE,10,4.46%,8,3.57%,114,50.89%,46,20.54%,29,12.95%,17,7.59%,224
NORDESTE,24,RN,241170,SAO BENTO DO TRAIRI,5,2.01%,7,2.81%,139,55.82%,51,20.48%,28,11.24%,19,7.63%,249
NORDESTE,24,RN,241180,SAO FERNANDO,1,0.66%,1,0.66%,90,59.21%,38,25%,12,7.89%,10,6.58%,152
NORDESTE,24,RN,241190,SAO FRANCISCO DO OESTE,2,1.02%,2,1.02%,113,57.36%,45,22.84%,17,8.63%,18,9.14%,197
NORDESTE,24,RN,241200,SAO GONCALO DO AMARANTE,90,1.77%,89,1.75%,2766,54.53%,1113,21.94%,602,11.87%,412,8.12%,5072
NORDESTE,24,RN,241210,SAO JOAO DO SABUGI,0,-,5,1.98%,161,63.64%,60,23.72%,13,5.14%,14,5.53%,253
NORDESTE,24,RN,241220,SAO JOSE DE MIPIBU,214,7.68%,59,2.12%,790,28.37%,407,14.61%,283,10.16%,1032,37.06%,2785
NORDESTE,24,RN,241230,SAO JOSE DO CAMPESTRE,14,2.63%,20,3.75%,272,51.03%,115,21.58%,56,10.51%,56,10.51%,533
NORDESTE,24,RN,241240,SAO JOSE DO SERIDO,1,0.57%,3,1.71%,92,52.57%,44,25.14%,18,10.29%,17,9.71%,175
NORDESTE,24,RN,241250,SAO MIGUEL,20,1.86%,37,3.44%,601,55.86%,200,18.59%,117,10.87%,101,9.39%,1076
NORDESTE,24,RN,241255,SAO MIGUEL DO GOSTOSO,14,2.05%,18,2.64%,389,57.04%,148,21.7%,68,9.97%,45,6.6%,682
NORDESTE,24,RN,241260,SAO PAULO DO POTENGI,12,1.39%,16,1.85%,422,48.79%,177,20.46%,109,12.6%,129,14.91%,865
NORDESTE,24,RN,241270,SAO PEDRO,2,1.12%,3,1.69%,82,46.07%,33,18.54%,20,11.24%,38,21.35%,178
NORDESTE,24,RN,241280,SAO RAFAEL,6,1.78%,13,3.85%,193,57.1%,64,18.93%,29,8.58%,33,9.76%,338
NORDESTE,24,RN,241290,SAO TOME,11,2.3%,11,2.3%,266,55.65%,102,21.34%,49,10.25%,39,8.16%,478
NORDESTE,24,RN,241300,SAO VICENTE,9,3.16%,7,2.46%,158,55.44%,62,21.75%,29,10.18%,20,7.02%,285
NORDESTE,24,RN,241310,SENADOR ELOI DE SOUZA,1,0.29%,3,0.88%,181,53.08%,72,21.11%,29,8.5%,55,16.13%,341
NORDESTE,24,RN,241320,SENADOR GEORGINO AVELINO,7,3.03%,13,5.63%,137,59.31%,39,16.88%,19,8.23%,16,6.93%,231
NORDESTE,24,RN,241330,SERRA DE SAO BENTO,9,2.71%,11,3.31%,206,62.05%,55,16.57%,29,8.73%,22,6.63%,332
NORDESTE,24,RN,241335,SERRA DO MEL,20,2.27%,27,3.06%,486,55.16%,196,22.25%,78,8.85%,74,8.4%,881
NORDESTE,24,RN,241340,SERRA NEGRA DO NORTE,8,3.09%,3,1.16%,158,61%,52,20.08%,21,8.11%,17,6.56%,259
NORDESTE,24,RN,241350,SERRINHA,4,1.27%,6,1.9%,180,57.14%,68,21.59%,33,10.48%,24,7.62%,315
NORDESTE,24,RN,241355,SERRINHA DOS PINTOS,2,1%,5,2.5%,124,62%,46,23%,14,7%,9,4.5%,200
NORDESTE,24,RN,241360,SEVERIANO MELO,4,1.49%,4,1.49%,162,60.22%,46,17.1%,33,12.27%,20,7.43%,269
NORDESTE,24,RN,241370,SITIO NOVO,0,-,4,1.65%,142,58.44%,56,23.05%,21,8.64%,20,8.23%,243
NORDESTE,24,RN,241380,TABOLEIRO GRANDE,3,2.97%,7,6.93%,43,42.57%,23,22.77%,15,14.85%,10,9.9%,101
NORDESTE,24,RN,241390,TAIPU,15,2.38%,27,4.28%,312,49.45%,118,18.7%,84,13.31%,75,11.89%,631
NORDESTE,24,RN,241400,TANGARA,14,1.9%,13,1.76%,398,54%,148,20.08%,82,11.13%,82,11.13%,737
NORDESTE,24,RN,241410,TENENTE ANANIAS,6,1.26%,15,3.15%,321,67.44%,72,15.13%,36,7.56%,26,5.46%,476
NORDESTE,24,RN,241415,TENENTE LAURENTINO CRUZ,3,0.78%,10,2.61%,223,58.22%,83,21.67%,28,7.31%,36,9.4%,383
NORDESTE,24,RN,241420,TIBAU DO SUL,11,1.12%,16,1.63%,567,57.62%,204,20.73%,107,10.87%,79,8.03%,984
NORDESTE,24,RN,241430,TIMBAUBA DOS BATISTAS,4,5.8%,1,1.45%,39,56.52%,15,21.74%,5,7.25%,5,7.25%,69
NORDESTE,24,RN,241440,TOUROS,40,1.82%,43,1.96%,1251,57.02%,456,20.78%,235,10.71%,169,7.7%,2194
NORDESTE,24,RN,241445,TRIUNFO POTIGUAR,1,0.39%,2,0.79%,128,50.39%,66,25.98%,37,14.57%,20,7.87%,254
NORDESTE,24,RN,241450,UMARIZAL,12,3.57%,5,1.49%,168,50%,73,21.73%,43,12.8%,35,10.42%,336
NORDESTE,24,RN,241460,UPANEMA,17,3.7%,22,4.78%,270,58.7%,81,17.61%,38,8.26%,32,6.96%,460
NORDESTE,24,RN,241470,VARZEA,9,3.5%,9,3.5%,131,50.97%,64,24.9%,20,7.78%,24,9.34%,257
NORDESTE,24,RN,241475,VENHA-VER,5,2.87%,13,7.47%,90,51.72%,27,15.52%,17,9.77%,22,12.64%,174
NORDESTE,24,RN,241480,VERA CRUZ,7,1.05%,12,1.8%,390,58.56%,139,20.87%,64,9.61%,54,8.11%,666
NORDESTE,24,RN,241490,VICOSA,1,1.05%,2,2.11%,56,58.95%,17,17.89%,11,11.58%,8,8.42%,95
NORDESTE,24,RN,241500,VILA FLOR,0,-,3,1.32%,133,58.33%,53,23.25%,23,10.09%,16,7.02%,228
NORDESTE,25,PB,250010,AGUA BRANCA,12,1.9%,17,2.69%,411,65.03%,118,18.67%,48,7.59%,26,4.11%,632
NORDESTE,25,PB,250020,AGUIAR,15,5.77%,9,3.46%,135,51.92%,50,19.23%,20,7.69%,31,11.92%,260
NORDESTE,25,PB,250030,ALAGOA GRANDE,37,2.16%,60,3.5%,957,55.9%,332,19.39%,185,10.81%,141,8.24%,1712
NORDESTE,25,PB,250040,ALAGOA NOVA,26,2.09%,32,2.58%,716,57.65%,262,21.1%,126,10.14%,80,6.44%,1242
NORDESTE,25,PB,250050,ALAGOINHA,20,2.07%,25,2.58%,592,61.16%,168,17.36%,97,10.02%,66,6.82%,968
NORDESTE,25,PB,250053,ALCANTIL,21,5.66%,9,2.43%,196,52.83%,68,18.33%,44,11.86%,33,8.89%,371
NORDESTE,25,PB,250057,ALGODAO DE JANDAIRA,5,2.37%,5,2.37%,136,64.45%,40,18.96%,19,9%,6,2.84%,211
NORDESTE,25,PB,250060,ALHANDRA,33,2.42%,43,3.15%,696,50.99%,280,20.51%,166,12.16%,147,10.77%,1365
NORDESTE,25,PB,250070,SAO JOAO DO RIO DO PEIXE,7,0.86%,26,3.21%,503,62.1%,149,18.4%,73,9.01%,52,6.42%,810
NORDESTE,25,PB,250073,AMPARO,7,5.98%,2,1.71%,60,51.28%,27,23.08%,13,11.11%,8,6.84%,117
NORDESTE,25,PB,250077,APARECIDA,7,1.46%,20,4.18%,284,59.41%,83,17.36%,53,11.09%,31,6.49%,478
NORDESTE,25,PB,250080,ARACAGI,17,1.95%,33,3.78%,434,49.77%,178,20.41%,114,13.07%,96,11.01%,872
NORDESTE,25,PB,250090,ARARA,7,1.4%,9,1.8%,282,56.4%,104,20.8%,59,11.8%,39,7.8%,500
NORDESTE,25,PB,250100,ARARUNA,7,0.67%,16,1.53%,635,60.77%,207,19.81%,111,10.62%,69,6.6%,1045
NORDESTE,25,PB,250110,AREIA,10,1.07%,16,1.71%,554,59.31%,199,21.31%,93,9.96%,62,6.64%,934
NORDESTE,25,PB,250115,AREIA DE BARAUNAS,0,-,2,1.6%,79,63.2%,25,20%,10,8%,9,7.2%,125
NORDESTE,25,PB,250120,AREIAL,8,1.66%,7,1.45%,262,54.24%,111,22.98%,58,12.01%,37,7.66%,483
NORDESTE,25,PB,250130,AROEIRAS,20,1.66%,14,1.16%,651,54.11%,269,22.36%,152,12.64%,97,8.06%,1203
NORDESTE,25,PB,250135,ASSUNCAO,1,0.36%,2,0.72%,175,62.72%,65,23.3%,22,7.89%,14,5.02%,279
NORDESTE,25,PB,250140,BAIA DA TRAICAO,5,0.7%,8,1.12%,402,56.07%,162,22.59%,77,10.74%,63,8.79%,717
NORDESTE,25,PB,250150,BANANEIRAS,22,2.06%,21,1.96%,573,53.6%,232,21.7%,113,10.57%,108,10.1%,1069
NORDESTE,25,PB,250153,BARAUNA,1,0.34%,6,2.07%,171,58.97%,68,23.45%,26,8.97%,18,6.21%,290
NORDESTE,25,PB,250157,BARRA DE SANTANA,5,1.2%,10,2.4%,249,59.86%,82,19.71%,36,8.65%,34,8.17%,416
NORDESTE,25,PB,250160,BARRA DE SANTA ROSA,5,0.75%,13,1.94%,408,60.99%,151,22.57%,63,9.42%,29,4.33%,669
NORDESTE,25,PB,250170,BARRA DE SAO MIGUEL,3,0.73%,11,2.69%,248,60.64%,81,19.8%,48,11.74%,18,4.4%,409
NORDESTE,25,PB,250180,BAYEUX,169,5.26%,108,3.36%,1611,50.17%,579,18.03%,304,9.47%,440,13.7%,3211
NORDESTE,25,PB,250190,BELEM,10,1.13%,21,2.37%,543,61.36%,170,19.21%,87,9.83%,54,6.1%,885
NORDESTE,25,PB,250200,BELEM DO BREJO DO CRUZ,10,3.21%,8,2.56%,164,52.56%,54,17.31%,31,9.94%,45,14.42%,312
NORDESTE,25,PB,250205,BERNARDINO BATISTA,5,1.95%,4,1.56%,179,69.65%,46,17.9%,18,7%,5,1.95%,257
NORDESTE,25,PB,250210,BOA VENTURA,9,2.89%,9,2.89%,203,65.27%,46,14.79%,29,9.32%,15,4.82%,311
NORDESTE,25,PB,250215,BOA VISTA,6,1.92%,17,5.45%,176,56.41%,71,22.76%,22,7.05%,20,6.41%,312
NORDESTE,25,PB,250220,BOM JESUS,7,4.19%,3,1.8%,106,63.47%,29,17.37%,12,7.19%,10,5.99%,167
NORDESTE,25,PB,250230,BOM SUCESSO,4,2.6%,5,3.25%,79,51.3%,31,20.13%,18,11.69%,17,11.04%,154
NORDESTE,25,PB,250240,BONITO DE SANTA FE,19,3.1%,22,3.59%,374,61.01%,105,17.13%,52,8.48%,41,6.69%,613
NORDESTE,25,PB,250250,BOQUEIRAO,21,2.09%,12,1.2%,510,50.85%,249,24.83%,118,11.76%,93,9.27%,1003
NORDESTE,25,PB,250260,IGARACY,4,1.29%,6,1.94%,144,46.6%,63,20.39%,57,18.45%,35,11.33%,309
NORDESTE,25,PB,250270,BORBOREMA,8,2.69%,13,4.38%,198,66.67%,42,14.14%,13,4.38%,23,7.74%,297
NORDESTE,25,PB,250280,BREJO DO CRUZ,13,1.53%,12,1.41%,521,61.15%,166,19.48%,78,9.15%,62,7.28%,852
NORDESTE,25,PB,250290,BREJO DOS SANTOS,1,0.31%,8,2.51%,198,62.07%,69,21.63%,25,7.84%,18,5.64%,319
NORDESTE,25,PB,250300,CAAPORA,46,3.86%,35,2.93%,616,51.63%,252,21.12%,122,10.23%,122,10.23%,1193
NORDESTE,25,PB,250310,CABACEIRAS,3,1.2%,4,1.6%,150,60%,54,21.6%,22,8.8%,17,6.8%,250
NORDESTE,25,PB,250320,CABEDELO,21,0.74%,54,1.9%,1738,61.05%,621,21.81%,273,9.59%,140,4.92%,2847
NORDESTE,25,PB,250330,CACHOEIRA DOS INDIOS,13,2.83%,11,2.4%,271,59.04%,102,22.22%,43,9.37%,19,4.14%,459
NORDESTE,25,PB,250340,CACIMBA DE AREIA,0,-,6,2.68%,153,68.3%,30,13.39%,23,10.27%,12,5.36%,224
NORDESTE,25,PB,250350,CACIMBA DE DENTRO,13,1.39%,22,2.35%,564,60.32%,201,21.5%,85,9.09%,50,5.35%,935
NORDESTE,25,PB,250355,CACIMBAS,4,0.76%,13,2.46%,343,64.96%,104,19.7%,40,7.58%,24,4.55%,528
NORDESTE,25,PB,250360,CAICARA,7,2.37%,6,2.03%,146,49.49%,62,21.02%,34,11.53%,40,13.56%,295
NORDESTE,25,PB,250370,CAJAZEIRAS,65,2.37%,79,2.88%,1800,65.69%,521,19.01%,171,6.24%,104,3.8%,2740
NORDESTE,25,PB,250375,CAJAZEIRINHAS,7,3.57%,8,4.08%,100,51.02%,38,19.39%,17,8.67%,26,13.27%,196
NORDESTE,25,PB,250380,CALDAS BRANDAO,10,2.13%,13,2.77%,298,63.54%,78,16.63%,39,8.32%,31,6.61%,469
NORDESTE,25,PB,250390,CAMALAU,1,0.25%,10,2.54%,234,59.54%,77,19.59%,46,11.7%,25,6.36%,393
NORDESTE,25,PB,250400,CAMPINA GRANDE,156,1.01%,270,1.74%,9303,60.12%,3438,22.22%,1466,9.47%,842,5.44%,15475
NORDESTE,25,PB,250403,CAPIM,6,0.86%,4,0.57%,425,61.06%,141,20.26%,81,11.64%,39,5.6%,696
NORDESTE,25,PB,250407,CARAUBAS,6,2.47%,4,1.65%,133,54.73%,52,21.4%,19,7.82%,29,11.93%,243
NORDESTE,25,PB,250410,CARRAPATEIRA,2,1.23%,8,4.91%,103,63.19%,36,22.09%,9,5.52%,5,3.07%,163
NORDESTE,25,PB,250415,CASSERENGUE,11,2.68%,6,1.46%,249,60.73%,85,20.73%,47,11.46%,12,2.93%,410
NORDESTE,25,PB,250420,CATINGUEIRA,7,2.88%,2,0.82%,128,52.67%,44,18.11%,24,9.88%,38,15.64%,243
NORDESTE,25,PB,250430,CATOLE DO ROCHA,15,0.97%,24,1.56%,943,61.15%,319,20.69%,148,9.6%,93,6.03%,1542
NORDESTE,25,PB,250435,CATURITE,6,1.59%,4,1.06%,198,52.38%,92,24.34%,48,12.7%,30,7.94%,378
NORDESTE,25,PB,250440,CONCEICAO,29,3.36%,30,3.48%,518,60.02%,150,17.38%,90,10.43%,46,5.33%,863
NORDESTE,25,PB,250450,CONDADO,7,1.97%,18,5.06%,228,64.04%,66,18.54%,20,5.62%,17,4.78%,356
NORDESTE,25,PB,250460,CONDE,31,1.78%,49,2.81%,955,54.79%,355,20.37%,198,11.36%,155,8.89%,1743
NORDESTE,25,PB,250470,CONGO,18,5.81%,13,4.19%,186,60%,43,13.87%,26,8.39%,24,7.74%,310
NORDESTE,25,PB,250480,COREMAS,12,1.4%,24,2.81%,540,63.16%,179,20.94%,66,7.72%,34,3.98%,855
NORDESTE,25,PB,250485,COXIXOLA,1,1.18%,7,8.24%,48,56.47%,14,16.47%,11,12.94%,4,4.71%,85
NORDESTE,25,PB,250490,CRUZ DO ESPIRITO SANTO,21,1.83%,25,2.18%,599,52.22%,232,20.23%,127,11.07%,143,12.47%,1147
NORDESTE,25,PB,250500,CUBATI,6,1.29%,11,2.37%,246,52.9%,105,22.58%,61,13.12%,36,7.74%,465
NORDESTE,25,PB,250510,CUITE,12,1.42%,14,1.65%,512,60.38%,177,20.87%,82,9.67%,51,6.01%,848
NORDESTE,25,PB,250520,CUITEGI,17,4.05%,14,3.33%,226,53.81%,78,18.57%,41,9.76%,44,10.48%,420
NORDESTE,25,PB,250523,CUITE DE MAMANGUAPE,11,2.99%,9,2.45%,205,55.71%,75,20.38%,34,9.24%,34,9.24%,368
NORDESTE,25,PB,250527,CURRAL DE CIMA,3,0.83%,10,2.76%,197,54.42%,79,21.82%,45,12.43%,28,7.73%,362
NORDESTE,25,PB,250530,CURRAL VELHO,5,4.03%,3,2.42%,70,56.45%,23,18.55%,10,8.06%,13,10.48%,124
NORDESTE,25,PB,250535,DAMIAO,5,1.58%,5,1.58%,185,58.54%,61,19.3%,35,11.08%,25,7.91%,316
NORDESTE,25,PB,250540,DESTERRO,9,1.69%,4,0.75%,314,59.13%,104,19.59%,33,6.21%,67,12.62%,531
NORDESTE,25,PB,250550,VISTA SERRANA,1,0.6%,2,1.2%,106,63.86%,33,19.88%,19,11.45%,5,3.01%,166
NORDESTE,25,PB,250560,DIAMANTE,30,7.54%,17,4.27%,219,55.03%,69,17.34%,27,6.78%,36,9.05%,398
NORDESTE,25,PB,250570,DONA INES,15,2.18%,18,2.62%,451,65.65%,117,17.03%,60,8.73%,26,3.78%,687
NORDESTE,25,PB,250580,DUAS ESTRADAS,4,1.79%,7,3.14%,120,53.81%,57,25.56%,25,11.21%,10,4.48%,223
NORDESTE,25,PB,250590,EMAS,6,3.16%,2,1.05%,125,65.79%,26,13.68%,12,6.32%,19,10%,190
NORDESTE,25,PB,250600,ESPERANCA,38,2.09%,47,2.59%,1012,55.79%,376,20.73%,187,10.31%,154,8.49%,1814
NORDESTE,25,PB,250610,FAGUNDES,19,2.7%,12,1.7%,417,59.23%,156,22.16%,64,9.09%,36,5.11%,704
NORDESTE,25,PB,250620,FREI MARTINHO,2,1.94%,3,2.91%,55,53.4%,28,27.18%,11,10.68%,4,3.88%,103
NORDESTE,25,PB,250625,GADO BRAVO,11,2.14%,15,2.92%,309,60.23%,107,20.86%,38,7.41%,33,6.43%,513
NORDESTE,25,PB,250630,GUARABIRA,11,0.49%,32,1.43%,1373,61.38%,465,20.79%,210,9.39%,146,6.53%,2237
NORDESTE,25,PB,250640,GURINHEM,11,1.33%,13,1.57%,428,51.57%,214,25.78%,92,11.08%,72,8.67%,830
NORDESTE,25,PB,250650,GURJAO,3,1.63%,11,5.98%,111,60.33%,34,18.48%,8,4.35%,17,9.24%,184
NORDESTE,25,PB,250660,IBIARA,5,1.59%,8,2.55%,195,62.1%,59,18.79%,33,10.51%,14,4.46%,314
NORDESTE,25,PB,250670,IMACULADA,22,3.86%,29,5.09%,336,58.95%,110,19.3%,40,7.02%,33,5.79%,570
NORDESTE,25,PB,250680,INGA,33,3%,31,2.82%,584,53.14%,224,20.38%,117,10.65%,110,10.01%,1099
NORDESTE,25,PB,250690,ITABAIANA,51,4.37%,40,3.43%,584,50.09%,211,18.1%,130,11.15%,150,12.86%,1166
NORDESTE,25,PB,250700,ITAPORANGA,24,2.05%,36,3.08%,734,62.74%,223,19.06%,97,8.29%,56,4.79%,1170
NORDESTE,25,PB,250710,ITAPOROROCA,37,3.08%,22,1.83%,677,56.32%,233,19.38%,132,10.98%,101,8.4%,1202
NORDESTE,25,PB,250720,ITATUBA,12,1.61%,14,1.87%,455,60.91%,149,19.95%,67,8.97%,50,6.69%,747
NORDESTE,25,PB,250730,JACARAU,20,2.67%,16,2.13%,432,57.6%,151,20.13%,67,8.93%,64,8.53%,750
NORDESTE,25,PB,250740,JERICO,9,2.64%,6,1.76%,215,63.05%,67,19.65%,21,6.16%,23,6.74%,341
NORDESTE,25,PB,250750,JOAO PESSOA,768,4%,677,3.53%,10410,54.26%,3664,19.1%,1874,9.77%,1794,9.35%,19187
NORDESTE,25,PB,250760,JUAREZ TAVORA,10,1.81%,11,1.99%,333,60.22%,109,19.71%,49,8.86%,41,7.41%,553
NORDESTE,25,PB,250770,JUAZEIRINHO,28,2.27%,14,1.14%,724,58.77%,270,21.92%,112,9.09%,84,6.82%,1232
NORDESTE,25,PB,250780,JUNCO DO SERIDO,4,0.94%,2,0.47%,239,55.97%,106,24.82%,44,10.3%,32,7.49%,427
NORDESTE,25,PB,250790,JURIPIRANGA,17,2.77%,8,1.31%,323,52.69%,146,23.82%,75,12.23%,44,7.18%,613
NORDESTE,25,PB,250800,JURU,14,2.86%,10,2.04%,326,66.53%,99,20.2%,19,3.88%,22,4.49%,490
NORDESTE,25,PB,250810,LAGOA,6,2.71%,4,1.81%,118,53.39%,54,24.43%,23,10.41%,16,7.24%,221
NORDESTE,25,PB,250820,LAGOA DE DENTRO,3,0.69%,6,1.39%,220,50.93%,104,24.07%,64,14.81%,35,8.1%,432
NORDESTE,25,PB,250830,LAGOA SECA,33,2.33%,30,2.12%,828,58.52%,289,20.42%,145,10.25%,90,6.36%,1415
NORDESTE,25,PB,250840,LASTRO,4,1.98%,13,6.44%,117,57.92%,33,16.34%,19,9.41%,16,7.92%,202
NORDESTE,25,PB,250850,LIVRAMENTO,11,2.47%,7,1.57%,297,66.59%,73,16.37%,31,6.95%,27,6.05%,446
NORDESTE,25,PB,250855,LOGRADOURO,5,2.6%,2,1.04%,103,53.65%,41,21.35%,22,11.46%,19,9.9%,192
NORDESTE,25,PB,250860,LUCENA,22,2.42%,29,3.19%,543,59.67%,171,18.79%,76,8.35%,69,7.58%,910
NORDESTE,25,PB,250870,MAE D'AGUA,1,0.62%,6,3.7%,106,65.43%,33,20.37%,11,6.79%,5,3.09%,162
NORDESTE,25,PB,250880,MALTA,3,0.81%,12,3.23%,226,60.92%,79,21.29%,23,6.2%,28,7.55%,371
NORDESTE,25,PB,250890,MAMANGUAPE,50,1.83%,65,2.37%,1458,53.27%,580,21.19%,330,12.06%,254,9.28%,2737
NORDESTE,25,PB,250900,MANAIRA,1,0.17%,11,1.84%,392,65.44%,126,21.04%,52,8.68%,17,2.84%,599
NORDESTE,25,PB,250905,MARCACAO,5,0.63%,11,1.4%,468,59.39%,165,20.94%,83,10.53%,56,7.11%,788
NORDESTE,25,PB,250910,MARI,18,1.46%,36,2.92%,743,60.31%,244,19.81%,110,8.93%,81,6.57%,1232
NORDESTE,25,PB,250915,MARIZOPOLIS,8,2.06%,6,1.54%,244,62.72%,83,21.34%,31,7.97%,17,4.37%,389
NORDESTE,25,PB,250920,MASSARANDUBA,8,1%,20,2.49%,487,60.65%,156,19.43%,73,9.09%,59,7.35%,803
NORDESTE,25,PB,250930,MATARACA,23,3.02%,24,3.15%,375,49.28%,150,19.71%,104,13.67%,85,11.17%,761
NORDESTE,25,PB,250933,MATINHAS,9,3.26%,10,3.62%,154,55.8%,54,19.57%,17,6.16%,32,11.59%,276
NORDESTE,25,PB,250937,MATO GROSSO,1,0.7%,2,1.41%,82,57.75%,37,26.06%,12,8.45%,8,5.63%,142
NORDESTE,25,PB,250939,MATUREIA,8,1.63%,9,1.83%,306,62.2%,98,19.92%,45,9.15%,26,5.28%,492
NORDESTE,25,PB,250940,MOGEIRO,12,1.3%,14,1.52%,475,51.41%,229,24.78%,113,12.23%,81,8.77%,924
NORDESTE,25,PB,250950,MONTADAS,5,1.39%,11,3.05%,195,54.02%,84,23.27%,39,10.8%,27,7.48%,361
NORDESTE,25,PB,250960,MONTE HOREBE,9,3.24%,10,3.6%,171,61.51%,54,19.42%,22,7.91%,12,4.32%,278
NORDESTE,25,PB,250970,MONTEIRO,26,1.35%,46,2.38%,1109,57.37%,418,21.62%,181,9.36%,153,7.92%,1933
NORDESTE,25,PB,250980,MULUNGU,4,0.76%,10,1.89%,296,55.95%,113,21.36%,59,11.15%,47,8.88%,529
NORDESTE,25,PB,250990,NATUBA,6,1.3%,12,2.61%,274,59.57%,94,20.43%,44,9.57%,30,6.52%,460
NORDESTE,25,PB,251000,NAZAREZINHO,7,2.04%,11,3.21%,175,51.02%,69,20.12%,32,9.33%,49,14.29%,343
NORDESTE,25,PB,251010,NOVA FLORESTA,9,1.86%,11,2.27%,293,60.41%,93,19.18%,44,9.07%,35,7.22%,485
NORDESTE,25,PB,251020,NOVA OLINDA,10,2.56%,9,2.31%,231,59.23%,74,18.97%,29,7.44%,37,9.49%,390
NORDESTE,25,PB,251030,NOVA PALMEIRA,2,1.07%,1,0.53%,114,60.96%,39,20.86%,20,10.7%,11,5.88%,187
NORDESTE,25,PB,251040,OLHO D'AGUA,4,1.12%,10,2.79%,229,63.97%,55,15.36%,34,9.5%,26,7.26%,358
NORDESTE,25,PB,251050,OLIVEDOS,2,1.09%,6,3.28%,105,57.38%,34,18.58%,21,11.48%,15,8.2%,183
NORDESTE,25,PB,251060,OURO VELHO,0,-,2,1.12%,88,49.16%,48,26.82%,25,13.97%,16,8.94%,179
NORDESTE,25,PB,251065,PARARI,4,4.71%,4,4.71%,37,43.53%,24,28.24%,11,12.94%,5,5.88%,85
NORDESTE,25,PB,251070,PASSAGEM,2,1.46%,5,3.65%,86,62.77%,25,18.25%,14,10.22%,5,3.65%,137
NORDESTE,25,PB,251080,PATOS,56,1.1%,117,2.3%,3259,64.01%,1018,20%,379,7.44%,262,5.15%,5091
NORDESTE,25,PB,251090,PAULISTA,10,1.67%,13,2.17%,362,60.43%,120,20.03%,45,7.51%,49,8.18%,599
NORDESTE,25,PB,251100,PEDRA BRANCA,5,2.72%,15,8.15%,103,55.98%,30,16.3%,15,8.15%,16,8.7%,184
NORDESTE,25,PB,251110,PEDRA LAVRADA,4,1.18%,7,2.06%,215,63.42%,72,21.24%,28,8.26%,13,3.83%,339
NORDESTE,25,PB,251120,PEDRAS DE FOGO,39,2.51%,43,2.77%,868,55.89%,340,21.89%,141,9.08%,122,7.86%,1553
NORDESTE,25,PB,251130,PIANCO,8,1.12%,18,2.53%,455,63.9%,137,19.24%,57,8.01%,37,5.2%,712
NORDESTE,25,PB,251140,PICUI,11,0.94%,19,1.63%,695,59.66%,276,23.69%,108,9.27%,56,4.81%,1165
NORDESTE,25,PB,251150,PILAR,17,2.04%,22,2.63%,462,55.33%,176,21.08%,87,10.42%,71,8.5%,835
NORDESTE,25,PB,251160,PILOES,6,1.29%,15,3.22%,274,58.8%,84,18.03%,46,9.87%,41,8.8%,466
NORDESTE,25,PB,251170,PILOEZINHOS,4,1.03%,6,1.54%,217,55.78%,92,23.65%,39,10.03%,31,7.97%,389
NORDESTE,25,PB,251180,PIRPIRITUBA,14,2.95%,18,3.79%,257,54.11%,97,20.42%,47,9.89%,42,8.84%,475
NORDESTE,25,PB,251190,PITIMBU,47,5.14%,23,2.52%,451,49.34%,168,18.38%,105,11.49%,120,13.13%,914
NORDESTE,25,PB,251200,POCINHOS,35,3.13%,35,3.13%,632,56.53%,202,18.07%,116,10.38%,98,8.77%,1118
NORDESTE,25,PB,251203,POCO DANTAS,9,3.96%,8,3.52%,144,63.44%,41,18.06%,16,7.05%,9,3.96%,227
NORDESTE,25,PB,251207,POCO DE JOSE DE MOURA,5,2.51%,7,3.52%,119,59.8%,38,19.1%,14,7.04%,16,8.04%,199
NORDESTE,25,PB,251210,POMBAL,24,1.7%,40,2.83%,861,61.02%,289,20.48%,115,8.15%,82,5.81%,1411
NORDESTE,25,PB,251220,PRATA,4,1.74%,4,1.74%,130,56.52%,46,20%,25,10.87%,21,9.13%,230
NORDESTE,25,PB,251230,PRINCESA ISABEL,17,1.6%,30,2.82%,664,62.46%,200,18.81%,88,8.28%,64,6.02%,1063
NORDESTE,25,PB,251240,PUXINANA,12,1.28%,17,1.81%,564,60.13%,193,20.58%,96,10.23%,56,5.97%,938
NORDESTE,25,PB,251250,QUEIMADAS,75,2.52%,70,2.35%,1644,55.22%,594,19.95%,342,11.49%,252,8.46%,2977
NORDESTE,25,PB,251260,QUIXABA,1,1.02%,1,1.02%,60,61.22%,22,22.45%,8,8.16%,6,6.12%,98
NORDESTE,25,PB,251270,REMIGIO,18,2.05%,24,2.73%,530,60.23%,171,19.43%,70,7.95%,67,7.61%,880
NORDESTE,25,PB,251272,PEDRO REGIS,4,1.27%,5,1.58%,180,56.96%,66,20.89%,30,9.49%,31,9.81%,316
NORDESTE,25,PB,251274,RIACHAO,4,2.12%,4,2.12%,126,66.67%,39,20.63%,10,5.29%,6,3.17%,189
NORDESTE,25,PB,251275,RIACHAO DO BACAMARTE,2,0.65%,5,1.62%,189,61.36%,59,19.16%,24,7.79%,29,9.42%,308
NORDESTE,25,PB,251276,RIACHAO DO POCO,5,1.58%,7,2.21%,167,52.68%,67,21.14%,40,12.62%,31,9.78%,317
NORDESTE,25,PB,251278,RIACHO DE SANTO ANTONIO,1,0.66%,6,3.95%,65,42.76%,18,11.84%,20,13.16%,42,27.63%,152
NORDESTE,25,PB,251280,RIACHO DOS CAVALOS,6,1.36%,10,2.27%,247,56.14%,100,22.73%,47,10.68%,30,6.82%,440
NORDESTE,25,PB,251290,RIO TINTO,58,3.29%,48,2.72%,955,54.14%,384,21.77%,187,10.6%,132,7.48%,1764
NORDESTE,25,PB,251300,SALGADINHO,1,0.56%,6,3.33%,112,62.22%,38,21.11%,15,8.33%,8,4.44%,180
NORDESTE,25,PB,251310,SALGADO DE SAO FELIX,13,1.88%,18,2.6%,383,55.35%,120,17.34%,89,12.86%,69,9.97%,692
NORDESTE,25,PB,251315,SANTA CECILIA,8,1.69%,19,4.02%,271,57.29%,108,22.83%,44,9.3%,23,4.86%,473
NORDESTE,25,PB,251320,SANTA CRUZ,5,1.75%,9,3.16%,180,63.16%,55,19.3%,25,8.77%,11,3.86%,285
NORDESTE,25,PB,251330,SANTA HELENA,4,1.43%,7,2.5%,184,65.71%,53,18.93%,15,5.36%,17,6.07%,280
NORDESTE,25,PB,251335,SANTA INES,6,2.59%,8,3.45%,132,56.9%,42,18.1%,22,9.48%,22,9.48%,232
NORDESTE,25,PB,251340,SANTA LUZIA,4,0.46%,6,0.69%,561,64.41%,187,21.47%,70,8.04%,43,4.94%,871
NORDESTE,25,PB,251350,SANTANA DE MANGUEIRA,8,2.61%,10,3.27%,176,57.52%,64,20.92%,30,9.8%,18,5.88%,306
NORDESTE,25,PB,251360,SANTANA DOS GARROTES,6,1.97%,9,2.95%,185,60.66%,65,21.31%,22,7.21%,18,5.9%,305
NORDESTE,25,PB,251365,JOCA CLAUDINO,3,2.68%,2,1.79%,73,65.18%,23,20.54%,7,6.25%,4,3.57%,112
NORDESTE,25,PB,251370,SANTA RITA,221,4.05%,205,3.76%,3090,56.63%,948,17.38%,534,9.79%,458,8.39%,5456
NORDESTE,25,PB,251380,SANTA TERESINHA,5,2.36%,4,1.89%,126,59.43%,43,20.28%,16,7.55%,18,8.49%,212
NORDESTE,25,PB,251385,SANTO ANDRE,0,-,2,1.53%,66,50.38%,31,23.66%,19,14.5%,13,9.92%,131
NORDESTE,25,PB,251390,SAO BENTO,19,1.33%,25,1.75%,867,60.63%,310,21.68%,128,8.95%,81,5.66%,1430
NORDESTE,25,PB,251392,SAO BENTINHO,4,1.62%,1,0.4%,155,62.75%,61,24.7%,20,8.1%,6,2.43%,247
NORDESTE,25,PB,251394,SAO DOMINGOS DO CARIRI,1,0.7%,2,1.41%,95,66.9%,31,21.83%,9,6.34%,4,2.82%,142
NORDESTE,25,PB,251396,SAO DOMINGOS,4,2.96%,7,5.19%,80,59.26%,29,21.48%,10,7.41%,5,3.7%,135
NORDESTE,25,PB,251398,SAO FRANCISCO,5,2.67%,4,2.14%,99,52.94%,34,18.18%,28,14.97%,17,9.09%,187
NORDESTE,25,PB,251400,SAO JOAO DO CARIRI,7,3.07%,6,2.63%,133,58.33%,42,18.42%,24,10.53%,16,7.02%,228
NORDESTE,25,PB,251410,SAO JOAO DO TIGRE,6,2.75%,3,1.38%,120,55.05%,45,20.64%,29,13.3%,15,6.88%,218
NORDESTE,25,PB,251420,SAO JOSE DA LAGOA TAPADA,6,1.57%,14,3.66%,238,62.14%,71,18.54%,30,7.83%,24,6.27%,383
NORDESTE,25,PB,251430,SAO JOSE DE CAIANA,2,0.55%,4,1.09%,222,60.66%,72,19.67%,36,9.84%,30,8.2%,366
NORDESTE,25,PB,251440,SAO JOSE DE ESPINHARAS,6,2.53%,4,1.69%,140,59.07%,46,19.41%,18,7.59%,23,9.7%,237
NORDESTE,25,PB,251445,SAO JOSE DOS RAMOS,4,1.02%,8,2.03%,194,49.24%,93,23.6%,56,14.21%,39,9.9%,394
NORDESTE,25,PB,251450,SAO JOSE DE PIRANHAS,21,2.36%,34,3.82%,577,64.76%,134,15.04%,77,8.64%,48,5.39%,891
NORDESTE,25,PB,251455,SAO JOSE DE PRINCESA,8,3.69%,9,4.15%,138,63.59%,38,17.51%,17,7.83%,7,3.23%,217
NORDESTE,25,PB,251460,SAO JOSE DO BONFIM,9,4.17%,1,0.46%,136,62.96%,41,18.98%,18,8.33%,11,5.09%,216
NORDESTE,25,PB,251465,SAO JOSE DO BREJO DO CRUZ,1,1.09%,2,2.17%,46,50%,27,29.35%,9,9.78%,7,7.61%,92
NORDESTE,25,PB,251470,SAO JOSE DO SABUGI,2,0.88%,2,0.88%,104,46.02%,55,24.34%,27,11.95%,36,15.93%,226
NORDESTE,25,PB,251480,SAO JOSE DOS CORDEIROS,8,4.12%,8,4.12%,114,58.76%,30,15.46%,13,6.7%,21,10.82%,194
NORDESTE,25,PB,251490,SAO MAMEDE,5,1.29%,11,2.83%,241,61.95%,78,20.05%,32,8.23%,22,5.66%,389
NORDESTE,25,PB,251500,SAO MIGUEL DE TAIPU,10,1.83%,20,3.67%,313,57.43%,101,18.53%,62,11.38%,39,7.16%,545
NORDESTE,25,PB,251510,SAO SEBASTIAO DE LAGOA DE ROCA,8,1.56%,7,1.36%,296,57.59%,105,20.43%,61,11.87%,37,7.2%,514
NORDESTE,25,PB,251520,SAO SEBASTIAO DO UMBUZEIRO,0,-,3,1.43%,132,62.86%,39,18.57%,22,10.48%,14,6.67%,210
NORDESTE,25,PB,251530,SAPE,49,1.99%,47,1.91%,1357,55.14%,501,20.36%,269,10.93%,238,9.67%,2461
NORDESTE,25,PB,251540,SAO VICENTE DO SERIDO,4,0.56%,13,1.81%,386,53.76%,178,24.79%,77,10.72%,60,8.36%,718
NORDESTE,25,PB,251550,SERRA BRANCA,20,3.64%,6,1.09%,317,57.74%,107,19.49%,59,10.75%,40,7.29%,549
NORDESTE,25,PB,251560,SERRA DA RAIZ,4,2.58%,5,3.23%,83,53.55%,37,23.87%,17,10.97%,9,5.81%,155
NORDESTE,25,PB,251570,SERRA GRANDE,2,1.12%,3,1.69%,118,66.29%,30,16.85%,9,5.06%,16,8.99%,178
NORDESTE,25,PB,251580,SERRA REDONDA,13,3.31%,10,2.54%,227,57.76%,79,20.1%,34,8.65%,30,7.63%,393
NORDESTE,25,PB,251590,SERRARIA,3,0.88%,8,2.35%,202,59.24%,64,18.77%,31,9.09%,33,9.68%,341
NORDESTE,25,PB,251593,SERTAOZINHO,2,0.68%,2,0.68%,148,50.51%,91,31.06%,33,11.26%,17,5.8%,293
NORDESTE,25,PB,251597,SOBRADO,7,1.2%,18,3.08%,325,55.56%,128,21.88%,59,10.09%,48,8.21%,585
NORDESTE,25,PB,251600,SOLANEA,20,1.34%,23,1.55%,884,59.45%,332,22.33%,147,9.89%,81,5.45%,1487
NORDESTE,25,PB,251610,SOLEDADE,10,1.25%,22,2.75%,486,60.75%,158,19.75%,72,9%,52,6.5%,800
NORDESTE,25,PB,251615,SOSSEGO,6,2.2%,11,4.03%,171,62.64%,53,19.41%,20,7.33%,12,4.4%,273
NORDESTE,25,PB,251620,SOUSA,82,2.31%,98,2.76%,2142,60.27%,674,18.96%,319,8.98%,239,6.72%,3554
NORDESTE,25,PB,251630,SUME,24,2.77%,25,2.88%,531,61.25%,172,19.84%,65,7.5%,50,5.77%,867
NORDESTE,25,PB,251640,TACIMA,8,1.47%,18,3.31%,309,56.8%,99,18.2%,63,11.58%,47,8.64%,544
NORDESTE,25,PB,251650,TAPEROA,21,2.49%,29,3.44%,472,56.06%,176,20.9%,84,9.98%,60,7.13%,842
NORDESTE,25,PB,251660,TAVARES,8,0.99%,18,2.23%,544,67.49%,152,18.86%,51,6.33%,33,4.09%,806
NORDESTE,25,PB,251670,TEIXEIRA,20,1.87%,39,3.65%,671,62.77%,203,18.99%,75,7.02%,61,5.71%,1069
NORDESTE,25,PB,251675,TENORIO,2,0.87%,5,2.18%,113,49.34%,61,26.64%,28,12.23%,20,8.73%,229
NORDESTE,25,PB,251680,TRIUNFO,14,3.89%,13,3.61%,212,58.89%,75,20.83%,26,7.22%,20,5.56%,360
NORDESTE,25,PB,251690,UIRAUNA,13,1.68%,32,4.13%,456,58.84%,142,18.32%,74,9.55%,58,7.48%,775
NORDESTE,25,PB,251700,UMBUZEIRO,7,1.35%,13,2.51%,275,53.09%,105,20.27%,64,12.36%,54,10.42%,518
NORDESTE,25,PB,251710,VARZEA,1,0.78%,2,1.55%,81,62.79%,28,21.71%,12,9.3%,5,3.88%,129
NORDESTE,25,PB,251720,VIEIROPOLIS,5,2.17%,3,1.3%,139,60.43%,45,19.57%,19,8.26%,19,8.26%,230
NORDESTE,25,PB,251740,ZABELE,4,3.85%,0,-,63,60.58%,19,18.27%,11,10.58%,7,6.73%,104
NORDESTE,26,PE,260005,ABREU E LIMA,93,2.93%,79,2.49%,1764,55.61%,622,19.61%,289,9.11%,325,10.25%,3172
NORDESTE,26,PE,260010,AFOGADOS DA INGAZEIRA,49,2.02%,65,2.68%,1447,59.67%,498,20.54%,221,9.11%,145,5.98%,2425
NORDESTE,26,PE,260020,AFRANIO,12,1.12%,23,2.16%,629,58.95%,232,21.74%,105,9.84%,66,6.19%,1067
NORDESTE,26,PE,260030,AGRESTINA,8,0.68%,15,1.27%,752,63.84%,223,18.93%,120,10.19%,60,5.09%,1178
NORDESTE,26,PE,260040,AGUA PRETA,51,3.42%,45,3.01%,740,49.56%,286,19.16%,150,10.05%,221,14.8%,1493
NORDESTE,26,PE,260050,AGUAS BELAS,62,1.94%,90,2.82%,1821,56.98%,652,20.4%,297,9.29%,274,8.57%,3196
NORDESTE,26,PE,260060,ALAGOINHA,23,2.28%,28,2.78%,628,62.3%,201,19.94%,80,7.94%,48,4.76%,1008
NORDESTE,26,PE,260070,ALIANCA,41,1.75%,49,2.09%,1493,63.83%,436,18.64%,194,8.29%,126,5.39%,2339
NORDESTE,26,PE,260080,ALTINHO,8,0.79%,8,0.79%,696,68.57%,192,18.92%,70,6.9%,41,4.04%,1015
NORDESTE,26,PE,260090,AMARAJI,70,6.24%,40,3.57%,576,51.34%,211,18.81%,124,11.05%,101,9%,1122
NORDESTE,26,PE,260100,ANGELIM,14,2.14%,12,1.83%,393,60.09%,135,20.64%,64,9.79%,36,5.5%,654
NORDESTE,26,PE,260105,ARACOIABA,34,2.62%,37,2.85%,711,54.82%,236,18.2%,183,14.11%,96,7.4%,1297
NORDESTE,26,PE,260110,ARARIPINA,102,1.78%,145,2.53%,3601,62.86%,1112,19.41%,464,8.1%,305,5.32%,5729
NORDESTE,26,PE,260120,ARCOVERDE,74,1.98%,130,3.48%,2321,62.19%,687,18.41%,285,7.64%,235,6.3%,3732
NORDESTE,26,PE,260130,BARRA DE GUABIRABA,11,1.49%,13,1.77%,405,55.03%,150,20.38%,79,10.73%,78,10.6%,736
NORDESTE,26,PE,260140,BARREIROS,50,2.21%,58,2.56%,1234,54.53%,470,20.77%,241,10.65%,210,9.28%,2263
NORDESTE,26,PE,260150,BELEM DE MARIA,5,0.99%,12,2.39%,283,56.26%,96,19.09%,48,9.54%,59,11.73%,503
NORDESTE,26,PE,260160,BELEM DO SAO FRANCISCO,38,3.34%,41,3.6%,704,61.86%,198,17.4%,85,7.47%,72,6.33%,1138
NORDESTE,26,PE,260170,BELO JARDIM,62,1.44%,106,2.46%,2815,65.28%,812,18.83%,335,7.77%,182,4.22%,4312
NORDESTE,26,PE,260180,BETANIA,24,3.63%,9,1.36%,381,57.55%,111,16.77%,65,9.82%,72,10.88%,662
NORDESTE,26,PE,260190,BEZERROS,77,2.7%,72,2.52%,1520,53.24%,626,21.93%,330,11.56%,230,8.06%,2855
NORDESTE,26,PE,260200,BODOCO,47,2.09%,52,2.31%,1331,59.16%,468,20.8%,199,8.84%,153,6.8%,2250
NORDESTE,26,PE,260210,BOM CONSELHO,53,1.98%,79,2.96%,1640,61.4%,479,17.93%,214,8.01%,206,7.71%,2671
NORDESTE,26,PE,260220,BOM JARDIM,45,2.43%,49,2.64%,1000,53.97%,409,22.07%,194,10.47%,156,8.42%,1853
NORDESTE,26,PE,260230,BONITO,45,1.79%,88,3.49%,1419,56.33%,480,19.06%,268,10.64%,219,8.69%,2519
NORDESTE,26,PE,260240,BREJAO,33,3.91%,16,1.89%,465,55.03%,169,20%,85,10.06%,77,9.11%,845
NORDESTE,26,PE,260250,BREJINHO,8,1.74%,6,1.3%,279,60.52%,103,22.34%,33,7.16%,32,6.94%,461
NORDESTE,26,PE,260260,BREJO DA MADRE DE DEUS,70,2.61%,89,3.31%,1616,60.16%,482,17.94%,236,8.79%,193,7.19%,2686
NORDESTE,26,PE,260270,BUENOS AIRES,9,1.26%,13,1.81%,508,70.85%,110,15.34%,42,5.86%,35,4.88%,717
NORDESTE,26,PE,260280,BUIQUE,50,1.38%,86,2.37%,2158,59.48%,706,19.46%,371,10.23%,257,7.08%,3628
NORDESTE,26,PE,260290,CABO DE SANTO AGOSTINHO,220,3.18%,224,3.24%,3646,52.66%,1387,20.03%,801,11.57%,646,9.33%,6924
NORDESTE,26,PE,260300,CABROBO,76,4.39%,49,2.83%,972,56.15%,300,17.33%,186,10.75%,148,8.55%,1731
NORDESTE,26,PE,260310,CACHOEIRINHA,19,1.46%,26,2%,717,55.28%,304,23.44%,152,11.72%,79,6.09%,1297
NORDESTE,26,PE,260320,CAETES,59,2.93%,50,2.49%,1149,57.11%,390,19.38%,223,11.08%,141,7.01%,2012
NORDESTE,26,PE,260330,CALCADO,15,2.8%,22,4.11%,337,62.99%,91,17.01%,45,8.41%,25,4.67%,535
NORDESTE,26,PE,260340,CALUMBI,6,1.57%,9,2.36%,206,53.93%,78,20.42%,48,12.57%,35,9.16%,382
NORDESTE,26,PE,260345,CAMARAGIBE,85,1.62%,84,1.61%,2929,55.98%,1140,21.79%,552,10.55%,442,8.45%,5232
NORDESTE,26,PE,260350,CAMOCIM DE SAO FELIX,26,3.05%,22,2.58%,483,56.62%,179,20.98%,84,9.85%,59,6.92%,853
NORDESTE,26,PE,260360,CAMUTANGA,8,1.7%,13,2.76%,288,61.15%,87,18.47%,39,8.28%,36,7.64%,471
NORDESTE,26,PE,260370,CANHOTINHO,67,4.65%,104,7.22%,687,47.68%,215,14.92%,120,8.33%,248,17.21%,1441
NORDESTE,26,PE,260380,CAPOEIRAS,28,2.21%,41,3.24%,796,62.88%,204,16.11%,104,8.21%,93,7.35%,1266
NORDESTE,26,PE,260390,CARNAIBA,22,1.92%,29,2.54%,695,60.8%,220,19.25%,94,8.22%,83,7.26%,1143
NORDESTE,26,PE,260392,CARNAUBEIRA DA PENHA,32,3.84%,40,4.8%,508,60.98%,129,15.49%,68,8.16%,56,6.72%,833
NORDESTE,26,PE,260400,CARPINA,90,2.79%,65,2.01%,1805,55.93%,646,20.02%,334,10.35%,287,8.89%,3227
NORDESTE,26,PE,260410,CARUARU,265,1.55%,346,2.02%,9981,58.39%,3778,22.1%,1631,9.54%,1093,6.39%,17094
NORDESTE,26,PE,260415,CASINHAS,26,2.94%,26,2.94%,504,57.01%,166,18.78%,103,11.65%,59,6.67%,884
NORDESTE,26,PE,260420,CATENDE,116,5.53%,117,5.58%,1249,59.53%,299,14.25%,156,7.44%,161,7.67%,2098
NORDESTE,26,PE,260430,CEDRO,9,1.45%,17,2.74%,414,66.67%,100,16.1%,52,8.37%,29,4.67%,621
NORDESTE,26,PE,260440,CHA DE ALEGRIA,10,1.54%,22,3.38%,331,50.84%,143,21.97%,69,10.6%,76,11.67%,651
NORDESTE,26,PE,260450,CHA GRANDE,30,2.75%,26,2.39%,590,54.18%,209,19.19%,117,10.74%,117,10.74%,1089
NORDESTE,26,PE,260460,CONDADO,26,2.05%,40,3.15%,751,59.23%,243,19.16%,103,8.12%,105,8.28%,1268
NORDESTE,26,PE,260470,CORRENTES,19,1.99%,32,3.34%,526,54.96%,179,18.7%,90,9.4%,111,11.6%,957
NORDESTE,26,PE,260480,CORTES,23,5.01%,13,2.83%,224,48.8%,72,15.69%,48,10.46%,79,17.21%,459
NORDESTE,26,PE,260490,CUMARU,16,2.13%,9,1.2%,459,61.2%,117,15.6%,83,11.07%,66,8.8%,750
NORDESTE,26,PE,260500,CUPIRA,12,0.8%,33,2.2%,894,59.52%,334,22.24%,145,9.65%,84,5.59%,1502
NORDESTE,26,PE,260510,CUSTODIA,35,1.71%,58,2.83%,1216,59.38%,387,18.9%,187,9.13%,165,8.06%,2048
NORDESTE,26,PE,260515,DORMENTES,9,0.89%,19,1.87%,653,64.27%,203,19.98%,92,9.06%,40,3.94%,1016
NORDESTE,26,PE,260520,ESCADA,143,5%,86,3.01%,1414,49.44%,548,19.16%,314,10.98%,355,12.41%,2860
NORDESTE,26,PE,260530,EXU,42,2%,62,2.95%,1238,58.95%,401,19.1%,188,8.95%,169,8.05%,2100
NORDESTE,26,PE,260540,FEIRA NOVA,81,6.03%,25,1.86%,770,57.29%,205,15.25%,132,9.82%,131,9.75%,1344
NORDESTE,26,PE,260545,FERNANDO DE NORONHA,0,-,3,1.68%,120,67.04%,39,21.79%,9,5.03%,8,4.47%,179
NORDESTE,26,PE,260550,FERREIROS,10,1.56%,20,3.13%,389,60.88%,134,20.97%,49,7.67%,37,5.79%,639
NORDESTE,26,PE,260560,FLORES,21,1.84%,47,4.12%,671,58.81%,203,17.79%,116,10.17%,83,7.27%,1141
NORDESTE,26,PE,260570,FLORESTA,33,1.74%,61,3.21%,1199,63.11%,367,19.32%,152,8%,88,4.63%,1900
NORDESTE,26,PE,260580,FREI MIGUELINHO,13,1.94%,9,1.34%,370,55.22%,114,17.01%,74,11.04%,90,13.43%,670
NORDESTE,26,PE,260590,GAMELEIRA,33,2.61%,28,2.21%,674,53.28%,264,20.87%,140,11.07%,126,9.96%,1265
NORDESTE,26,PE,260600,GARANHUNS,133,1.87%,184,2.58%,4146,58.21%,1398,19.63%,741,10.4%,520,7.3%,7122
NORDESTE,26,PE,260610,GLORIA DO GOITA,33,2.07%,43,2.7%,966,60.68%,283,17.78%,133,8.35%,134,8.42%,1592
NORDESTE,26,PE,260620,GOIANA,80,1.95%,103,2.52%,2435,59.46%,727,17.75%,433,10.57%,317,7.74%,4095
NORDESTE,26,PE,260630,GRANITO,11,2.51%,13,2.96%,249,56.72%,86,19.59%,48,10.93%,32,7.29%,439
NORDESTE,26,PE,260640,GRAVATA,96,2.64%,160,4.41%,2032,55.95%,678,18.67%,349,9.61%,317,8.73%,3632
NORDESTE,26,PE,260650,IATI,32,2.49%,35,2.72%,821,63.84%,236,18.35%,83,6.45%,79,6.14%,1286
NORDESTE,26,PE,260660,IBIMIRIM,22,1.49%,31,2.1%,909,61.54%,287,19.43%,139,9.41%,89,6.03%,1477
NORDESTE,26,PE,260670,IBIRAJUBA,10,2.22%,11,2.44%,257,56.98%,93,20.62%,50,11.09%,30,6.65%,451
NORDESTE,26,PE,260680,IGARASSU,111,2.75%,91,2.25%,2098,51.92%,846,20.94%,461,11.41%,434,10.74%,4041
NORDESTE,26,PE,260690,IGUARACY,12,2.4%,17,3.41%,294,58.92%,107,21.44%,51,10.22%,18,3.61%,499
NORDESTE,26,PE,260700,INAJA,36,2.03%,31,1.75%,1208,68.17%,234,13.21%,120,6.77%,143,8.07%,1772
NORDESTE,26,PE,260710,INGAZEIRA,1,0.31%,8,2.52%,165,51.89%,80,25.16%,35,11.01%,29,9.12%,318
NORDESTE,26,PE,260720,IPOJUCA,220,4.12%,204,3.82%,2920,54.71%,903,16.92%,465,8.71%,625,11.71%,5337
NORDESTE,26,PE,260730,IPUBI,126,4.81%,104,3.97%,1483,56.58%,440,16.79%,204,7.78%,264,10.07%,2621
NORDESTE,26,PE,260740,ITACURUBA,5,1.55%,11,3.42%,206,63.98%,48,14.91%,26,8.07%,26,8.07%,322
NORDESTE,26,PE,260750,ITAIBA,55,2.77%,52,2.61%,1255,63.1%,348,17.5%,156,7.84%,123,6.18%,1989
NORDESTE,26,PE,260760,ILHA DE ITAMARACA,31,3.53%,24,2.73%,470,53.47%,174,19.8%,97,11.04%,83,9.44%,879
NORDESTE,26,PE,260765,ITAMBE,40,2.1%,52,2.73%,1109,58.12%,363,19.03%,199,10.43%,145,7.6%,1908
NORDESTE,26,PE,260770,ITAPETIM,9,1.23%,14,1.91%,443,60.35%,170,23.16%,57,7.77%,41,5.59%,734
NORDESTE,26,PE,260775,ITAPISSUMA,28,2.24%,46,3.67%,692,55.27%,246,19.65%,127,10.14%,113,9.03%,1252
NORDESTE,26,PE,260780,ITAQUITINGA,20,2.59%,19,2.46%,438,56.81%,164,21.27%,78,10.12%,52,6.74%,771
NORDESTE,26,PE,260790,JABOATAO DOS GUARARAPES,659,4.04%,558,3.42%,8794,53.95%,3123,19.16%,1562,9.58%,1604,9.84%,16300
NORDESTE,26,PE,260795,JAQUEIRA,9,1.43%,12,1.9%,374,59.27%,139,22.03%,53,8.4%,44,6.97%,631
NORDESTE,26,PE,260800,JATAUBA,18,1.93%,29,3.11%,565,60.56%,188,20.15%,78,8.36%,55,5.89%,933
NORDESTE,26,PE,260805,JATOBA,21,2.87%,16,2.19%,482,65.85%,124,16.94%,54,7.38%,35,4.78%,732
NORDESTE,26,PE,260810,JOAO ALFREDO,16,1.21%,32,2.42%,769,58.17%,248,18.76%,141,10.67%,116,8.77%,1322
NORDESTE,26,PE,260820,JOAQUIM NABUCO,26,3.01%,34,3.94%,441,51.1%,168,19.47%,95,11.01%,99,11.47%,863
NORDESTE,26,PE,260825,JUCATI,16,2.04%,11,1.4%,484,61.73%,157,20.03%,56,7.14%,60,7.65%,784
NORDESTE,26,PE,260830,JUPI,22,2.07%,38,3.58%,660,62.21%,179,16.87%,100,9.43%,62,5.84%,1061
NORDESTE,26,PE,260840,JUREMA,18,2.06%,27,3.09%,538,61.56%,178,20.37%,60,6.86%,53,6.06%,874
NORDESTE,26,PE,260845,LAGOA DO CARRO,20,1.98%,36,3.57%,584,57.94%,188,18.65%,103,10.22%,77,7.64%,1008
NORDESTE,26,PE,260850,LAGOA DE ITAENGA,22,2.17%,21,2.07%,543,53.5%,194,19.11%,108,10.64%,127,12.51%,1015
NORDESTE,26,PE,260860,LAGOA DO OURO,8,1.11%,13,1.8%,474,65.65%,132,18.28%,61,8.45%,34,4.71%,722
NORDESTE,26,PE,260870,LAGOA DOS GATOS,13,1.95%,26,3.91%,389,58.5%,130,19.55%,61,9.17%,46,6.92%,665
NORDESTE,26,PE,260875,LAGOA GRANDE,59,4.15%,58,4.08%,758,53.38%,252,17.75%,141,9.93%,152,10.7%,1420
NORDESTE,26,PE,260880,LAJEDO,49,1.77%,53,1.92%,1798,65.03%,528,19.1%,212,7.67%,125,4.52%,2765
NORDESTE,26,PE,260890,LIMOEIRO,34,1.44%,57,2.41%,1316,55.74%,491,20.8%,269,11.39%,194,8.22%,2361
NORDESTE,26,PE,260900,MACAPARANA,13,0.91%,25,1.76%,814,57.16%,340,23.88%,143,10.04%,89,6.25%,1424
NORDESTE,26,PE,260910,MACHADOS,13,1.57%,21,2.54%,472,57%,184,22.22%,72,8.7%,66,7.97%,828
NORDESTE,26,PE,260915,MANARI,7,0.55%,21,1.64%,731,56.93%,269,20.95%,148,11.53%,108,8.41%,1284
NORDESTE,26,PE,260920,MARAIAL,9,1.68%,12,2.24%,283,52.8%,125,23.32%,55,10.26%,52,9.7%,536
NORDESTE,26,PE,260930,MIRANDIBA,18,1.7%,18,1.7%,691,65.44%,214,20.27%,68,6.44%,47,4.45%,1056
NORDESTE,26,PE,260940,MORENO,74,3.01%,48,1.95%,1367,55.55%,497,20.2%,240,9.75%,235,9.55%,2461
NORDESTE,26,PE,260950,NAZARE DA MATA,97,7.21%,56,4.16%,745,55.39%,234,17.4%,103,7.66%,110,8.18%,1345
NORDESTE,26,PE,260960,OLINDA,476,4.3%,404,3.65%,6366,57.54%,1981,17.91%,993,8.98%,843,7.62%,11063
NORDESTE,26,PE,260970,OROBO,20,1.91%,24,2.29%,533,50.86%,242,23.09%,123,11.74%,106,10.11%,1048
NORDESTE,26,PE,260980,OROCO,26,2.38%,36,3.29%,682,62.34%,184,16.82%,89,8.14%,77,7.04%,1094
NORDESTE,26,PE,260990,OURICURI,53,1.48%,107,2.98%,2323,64.67%,599,16.68%,310,8.63%,200,5.57%,3592
NORDESTE,26,PE,261000,PALMARES,47,1.65%,71,2.5%,1804,63.52%,492,17.32%,224,7.89%,202,7.11%,2840
NORDESTE,26,PE,261010,PALMEIRINA,12,2.89%,11,2.65%,242,58.31%,85,20.48%,41,9.88%,24,5.78%,415
NORDESTE,26,PE,261020,PANELAS,32,2.15%,35,2.35%,836,56.22%,302,20.31%,172,11.57%,110,7.4%,1487
NORDESTE,26,PE,261030,PARANATAMA,23,2.73%,39,4.64%,494,58.74%,147,17.48%,74,8.8%,64,7.61%,841
NORDESTE,26,PE,261040,PARNAMIRIM,26,2.27%,35,3.05%,714,62.25%,191,16.65%,105,9.15%,76,6.63%,1147
NORDESTE,26,PE,261050,PASSIRA,24,1.54%,33,2.12%,848,54.57%,314,20.21%,161,10.36%,174,11.2%,1554
NORDESTE,26,PE,261060,PAUDALHO,77,2.49%,96,3.11%,1707,55.28%,609,19.72%,308,9.97%,291,9.42%,3088
NORDESTE,26,PE,261070,PAULISTA,184,1.94%,338,3.57%,4948,52.29%,1699,17.95%,1028,10.86%,1266,13.38%,9463
NORDESTE,26,PE,261080,PEDRA,25,1.85%,34,2.51%,832,61.49%,251,18.55%,108,7.98%,103,7.61%,1353
NORDESTE,26,PE,261090,PESQUEIRA,88,3.47%,85,3.35%,1402,55.22%,510,20.09%,236,9.29%,218,8.59%,2539
NORDESTE,26,PE,261100,PETROLANDIA,37,1.77%,46,2.2%,1336,63.95%,359,17.19%,171,8.19%,140,6.7%,2089
NORDESTE,26,PE,261110,PETROLINA,486,2.51%,626,3.23%,12204,63.02%,3439,17.76%,1522,7.86%,1087,5.61%,19364
NORDESTE,26,PE,261120,POCAO,11,1.77%,12,1.94%,347,55.97%,143,23.06%,55,8.87%,52,8.39%,620
NORDESTE,26,PE,261130,POMBOS,17,1.27%,34,2.54%,734,54.78%,273,20.37%,156,11.64%,126,9.4%,1340
NORDESTE,26,PE,261140,PRIMAVERA,16,2.56%,15,2.4%,388,62.18%,117,18.75%,52,8.33%,36,5.77%,624
NORDESTE,26,PE,261150,QUIPAPA,13,1.39%,32,3.42%,534,56.99%,188,20.06%,94,10.03%,76,8.11%,937
NORDESTE,26,PE,261153,QUIXABA,9,2.22%,12,2.96%,269,66.42%,62,15.31%,33,8.15%,20,4.94%,405
NORDESTE,26,PE,261160,RECIFE,683,1.89%,757,2.1%,21407,59.39%,7578,21.02%,3327,9.23%,2293,6.36%,36045
NORDESTE,26,PE,261170,RIACHO DAS ALMAS,14,1.11%,30,2.38%,759,60.1%,263,20.82%,114,9.03%,83,6.57%,1263
NORDESTE,26,PE,261180,RIBEIRAO,43,2.89%,60,4.03%,790,53.02%,266,17.85%,166,11.14%,165,11.07%,1490
NORDESTE,26,PE,261190,RIO FORMOSO,30,2.4%,41,3.27%,642,51.28%,204,16.29%,146,11.66%,189,15.1%,1252
NORDESTE,26,PE,261200,SAIRE,9,2.05%,12,2.73%,232,52.73%,80,18.18%,51,11.59%,56,12.73%,440
NORDESTE,26,PE,261210,SALGADINHO,7,2.43%,3,1.04%,144,50%,61,21.18%,33,11.46%,40,13.89%,288
NORDESTE,26,PE,261220,SALGUEIRO,102,2.82%,113,3.13%,2246,62.2%,656,18.17%,318,8.81%,176,4.87%,3611
NORDESTE,26,PE,261230,SALOA,21,2.15%,23,2.35%,570,58.22%,205,20.94%,95,9.7%,65,6.64%,979
NORDESTE,26,PE,261240,SANHARO,20,1.69%,16,1.36%,716,60.68%,249,21.1%,117,9.92%,62,5.25%,1180
NORDESTE,26,PE,261245,SANTA CRUZ,14,1.58%,22,2.48%,565,63.77%,160,18.06%,76,8.58%,49,5.53%,886
NORDESTE,26,PE,261247,SANTA CRUZ DA BAIXA VERDE,15,1.88%,24,3.01%,494,61.9%,135,16.92%,80,10.03%,50,6.27%,798
NORDESTE,26,PE,261250,SANTA CRUZ DO CAPIBARIBE,70,1.43%,103,2.11%,3074,62.82%,961,19.64%,421,8.6%,264,5.4%,4893
NORDESTE,26,PE,261255,SANTA FILOMENA,17,2.54%,24,3.59%,430,64.37%,118,17.66%,48,7.19%,31,4.64%,668
NORDESTE,26,PE,261260,SANTA MARIA DA BOA VISTA,81,2.59%,100,3.2%,1847,59.05%,606,19.37%,288,9.21%,206,6.59%,3128
NORDESTE,26,PE,261270,SANTA MARIA DO CAMBUCA,18,2.15%,13,1.56%,484,57.89%,174,20.81%,77,9.21%,70,8.37%,836
NORDESTE,26,PE,261280,SANTA TEREZINHA,7,1.05%,13,1.95%,442,66.37%,113,16.97%,60,9.01%,31,4.65%,666
NORDESTE,26,PE,261290,SAO BENEDITO DO SUL,14,2.65%,16,3.03%,279,52.84%,91,17.23%,64,12.12%,64,12.12%,528
NORDESTE,26,PE,261300,SAO BENTO DO UNA,44,1.33%,80,2.42%,2128,64.47%,611,18.51%,283,8.57%,155,4.7%,3301
NORDESTE,26,PE,261310,SAO CAITANO,47,2.28%,56,2.71%,1188,57.56%,411,19.91%,194,9.4%,168,8.14%,2064
NORDESTE,26,PE,261320,SAO JOAO,27,1.78%,37,2.44%,919,60.58%,314,20.7%,138,9.1%,82,5.41%,1517
NORDESTE,26,PE,261330,SAO JOAQUIM DO MONTE,30,2.34%,29,2.27%,679,53.05%,291,22.73%,140,10.94%,111,8.67%,1280
NORDESTE,26,PE,261340,SAO JOSE DA COROA GRANDE,47,3.76%,41,3.28%,756,60.53%,185,14.81%,104,8.33%,116,9.29%,1249
NORDESTE,26,PE,261350,SAO JOSE DO BELMONTE,32,1.53%,59,2.82%,1324,63.26%,375,17.92%,175,8.36%,128,6.12%,2093
NORDESTE,26,PE,261360,SAO JOSE DO EGITO,22,1.17%,58,3.08%,1151,61.16%,344,18.28%,175,9.3%,132,7.01%,1882
NORDESTE,26,PE,261370,SAO LOURENCO DA MATA,203,3.74%,146,2.69%,3074,56.57%,1069,19.67%,549,10.1%,393,7.23%,5434
NORDESTE,26,PE,261380,SAO VICENTE FERRER,11,1%,22,2%,658,59.82%,215,19.55%,118,10.73%,76,6.91%,1100
NORDESTE,26,PE,261390,SERRA TALHADA,79,2.26%,100,2.87%,2003,57.43%,669,19.18%,336,9.63%,301,8.63%,3488
NORDESTE,26,PE,261400,SERRITA,29,2.57%,37,3.28%,639,56.6%,217,19.22%,125,11.07%,82,7.26%,1129
NORDESTE,26,PE,261410,SERTANIA,24,1.27%,34,1.8%,1169,61.95%,374,19.82%,182,9.64%,104,5.51%,1887
NORDESTE,26,PE,261420,SIRINHAEM,75,3.56%,93,4.42%,1132,53.8%,357,16.97%,218,10.36%,229,10.88%,2104
NORDESTE,26,PE,261430,MOREILANDIA,29,3.6%,30,3.73%,485,60.25%,142,17.64%,66,8.2%,53,6.58%,805
NORDESTE,26,PE,261440,SOLIDAO,3,0.86%,7,2%,238,68%,69,19.71%,18,5.14%,15,4.29%,350
NORDESTE,26,PE,261450,SURUBIM,75,2.49%,88,2.92%,1617,53.69%,614,20.39%,347,11.52%,271,9%,3012
NORDESTE,26,PE,261460,TABIRA,25,1.44%,40,2.3%,1059,61%,347,19.99%,166,9.56%,99,5.7%,1736
NORDESTE,26,PE,261470,TACAIMBO,30,3.84%,17,2.17%,449,57.42%,127,16.24%,86,11%,73,9.34%,782
NORDESTE,26,PE,261480,TACARATU,31,2.62%,31,2.62%,741,62.53%,224,18.9%,90,7.59%,68,5.74%,1185
NORDESTE,26,PE,261485,TAMANDARE,131,9.38%,55,3.94%,714,51.11%,253,18.11%,141,10.09%,103,7.37%,1397
NORDESTE,26,PE,261500,TAQUARITINGA DO NORTE,34,2.34%,36,2.48%,790,54.37%,325,22.37%,150,10.32%,118,8.12%,1453
NORDESTE,26,PE,261510,TEREZINHA,12,2.64%,8,1.76%,292,64.18%,91,20%,35,7.69%,17,3.74%,455
NORDESTE,26,PE,261520,TERRA NOVA,11,2.14%,21,4.09%,331,64.52%,81,15.79%,45,8.77%,24,4.68%,513
NORDESTE,26,PE,261530,TIMBAUBA,33,1.55%,54,2.54%,1221,57.43%,444,20.88%,213,10.02%,161,7.57%,2126
NORDESTE,26,PE,261540,TORITAMA,46,2.17%,77,3.63%,1221,57.54%,372,17.53%,220,10.37%,186,8.77%,2122
NORDESTE,26,PE,261550,TRACUNHAEM,36,6.2%,20,3.44%,279,48.02%,102,17.56%,67,11.53%,77,13.25%,581
NORDESTE,26,PE,261560,TRINDADE,56,2.34%,63,2.63%,1482,61.88%,474,19.79%,172,7.18%,148,6.18%,2395
NORDESTE,26,PE,261570,TRIUNFO,8,1.05%,13,1.7%,459,60%,153,20%,67,8.76%,65,8.5%,765
NORDESTE,26,PE,261580,TUPANATINGA,29,1.69%,41,2.38%,989,57.47%,368,21.38%,150,8.72%,144,8.37%,1721
NORDESTE,26,PE,261590,TUPARETAMA,5,1.3%,7,1.82%,214,55.58%,82,21.3%,42,10.91%,35,9.09%,385
NORDESTE,26,PE,261600,VENTUROSA,18,1.56%,36,3.13%,677,58.82%,234,20.33%,103,8.95%,83,7.21%,1151
NORDESTE,26,PE,261610,VERDEJANTE,7,1.52%,18,3.91%,303,65.87%,75,16.3%,33,7.17%,24,5.22%,460
NORDESTE,26,PE,261618,VERTENTE DO LERIO,24,4.84%,16,3.23%,263,53.02%,92,18.55%,65,13.1%,36,7.26%,496
NORDESTE,26,PE,261620,VERTENTES,30,2.42%,23,1.85%,660,53.18%,252,20.31%,165,13.3%,111,8.94%,1241
NORDESTE,26,PE,261630,VICENCIA,28,2.32%,19,1.58%,699,58.01%,246,20.41%,125,10.37%,88,7.3%,1205
NORDESTE,26,PE,261640,VITORIA DE SANTO ANTAO,69,1.1%,101,1.61%,4091,65.16%,1190,18.96%,509,8.11%,318,5.07%,6278
NORDESTE,26,PE,261650,XEXEU,35,4.32%,22,2.72%,414,51.11%,140,17.28%,85,10.49%,114,14.07%,810
NORDESTE,27,AL,270010,AGUA BRANCA,14,1.04%,40,2.96%,770,56.99%,264,19.54%,146,10.81%,117,8.66%,1351
NORDESTE,27,AL,270020,ANADIA,21,2.06%,21,2.06%,551,53.97%,211,20.67%,122,11.95%,95,9.3%,1021
NORDESTE,27,AL,270030,ARAPIRACA,152,1.23%,247,2%,7442,60.33%,2689,21.8%,1167,9.46%,639,5.18%,12336
NORDESTE,27,AL,270040,ATALAIA,74,3.11%,57,2.39%,1281,53.8%,460,19.32%,269,11.3%,240,10.08%,2381
NORDESTE,27,AL,270050,BARRA DE SANTO ANTONIO,36,3.47%,35,3.38%,587,56.66%,157,15.15%,107,10.33%,114,11%,1036
NORDESTE,27,AL,270060,BARRA DE SAO MIGUEL,14,2.16%,13,2%,392,60.4%,121,18.64%,62,9.55%,47,7.24%,649
NORDESTE,27,AL,270070,BATALHA,22,1.75%,35,2.79%,772,61.46%,241,19.19%,109,8.68%,77,6.13%,1256
NORDESTE,27,AL,270080,BELEM,10,2.86%,13,3.71%,183,52.29%,83,23.71%,39,11.14%,22,6.29%,350
NORDESTE,27,AL,270090,BELO MONTE,6,0.96%,11,1.75%,413,65.76%,114,18.15%,52,8.28%,32,5.1%,628
NORDESTE,27,AL,270100,BOCA DA MATA,17,1.29%,19,1.44%,729,55.35%,281,21.34%,158,12%,113,8.58%,1317
NORDESTE,27,AL,270110,BRANQUINHA,16,1.93%,25,3.02%,554,66.83%,134,16.16%,68,8.2%,32,3.86%,829
NORDESTE,27,AL,270120,CACIMBINHAS,22,3.69%,19,3.18%,308,51.59%,115,19.26%,71,11.89%,62,10.39%,597
NORDESTE,27,AL,270130,CAJUEIRO,28,2.29%,29,2.37%,676,55.23%,222,18.14%,148,12.09%,121,9.89%,1224
NORDESTE,27,AL,270135,CAMPESTRE,17,3.66%,10,2.15%,279,60%,72,15.48%,42,9.03%,45,9.68%,465
NORDESTE,27,AL,270140,CAMPO ALEGRE,26,1.12%,40,1.72%,1267,54.64%,564,24.32%,281,12.12%,141,6.08%,2319
NORDESTE,27,AL,270150,CAMPO GRANDE,10,1.51%,14,2.11%,358,54.08%,158,23.87%,56,8.46%,66,9.97%,662
NORDESTE,27,AL,270160,CANAPI,22,1.69%,38,2.92%,784,60.17%,256,19.65%,119,9.13%,84,6.45%,1303
NORDESTE,27,AL,270170,CAPELA,18,1.96%,21,2.28%,563,61.2%,174,18.91%,92,10%,52,5.65%,920
NORDESTE,27,AL,270180,CARNEIROS,12,1.58%,9,1.19%,448,59.1%,159,20.98%,77,10.16%,53,6.99%,758
NORDESTE,27,AL,270190,CHA PRETA,5,1.02%,16,3.28%,289,59.22%,95,19.47%,51,10.45%,32,6.56%,488
NORDESTE,27,AL,270200,COITE DO NOIA,9,1.24%,22,3.03%,433,59.64%,140,19.28%,68,9.37%,54,7.44%,726
NORDESTE,27,AL,270210,COLONIA LEOPOLDINA,32,3.13%,39,3.82%,526,51.52%,205,20.08%,104,10.19%,115,11.26%,1021
NORDESTE,27,AL,270220,COQUEIRO SECO,5,1.24%,10,2.49%,244,60.7%,70,17.41%,47,11.69%,26,6.47%,402
NORDESTE,27,AL,270230,CORURIPE,52,1.34%,78,2.02%,2243,57.97%,878,22.69%,405,10.47%,213,5.51%,3869
NORDESTE,27,AL,270235,CRAIBAS,20,0.97%,44,2.12%,1197,57.8%,414,19.99%,220,10.62%,176,8.5%,2071
NORDESTE,27,AL,270240,DELMIRO GOUVEIA,75,2.65%,105,3.71%,1718,60.73%,505,17.85%,250,8.84%,176,6.22%,2829
NORDESTE,27,AL,270250,DOIS RIACHOS,5,0.64%,17,2.17%,465,59.46%,163,20.84%,82,10.49%,50,6.39%,782
NORDESTE,27,AL,270255,ESTRELA DE ALAGOAS,13,1.24%,28,2.66%,676,64.26%,188,17.87%,90,8.56%,57,5.42%,1052
NORDESTE,27,AL,270260,FEIRA GRANDE,41,2.67%,38,2.48%,862,56.19%,289,18.84%,156,10.17%,148,9.65%,1534
NORDESTE,27,AL,270270,FELIZ DESERTO,8,2.58%,9,2.9%,163,52.58%,72,23.23%,37,11.94%,21,6.77%,310
NORDESTE,27,AL,270280,FLEXEIRAS,28,3.43%,25,3.06%,464,56.86%,132,16.18%,74,9.07%,93,11.4%,816
NORDESTE,27,AL,270290,GIRAU DO PONCIANO,44,1.76%,60,2.4%,1440,57.51%,505,20.17%,261,10.42%,194,7.75%,2504
NORDESTE,27,AL,270300,IBATEGUARA,53,5.21%,49,4.81%,572,56.19%,175,17.19%,88,8.64%,81,7.96%,1018
NORDESTE,27,AL,270310,IGACI,35,2.33%,49,3.26%,872,57.94%,306,20.33%,137,9.1%,106,7.04%,1505
NORDESTE,27,AL,270320,IGREJA NOVA,26,1.79%,36,2.48%,808,55.69%,302,20.81%,151,10.41%,128,8.82%,1451
NORDESTE,27,AL,270330,INHAPI,18,1.32%,22,1.62%,872,64.07%,254,18.66%,119,8.74%,76,5.58%,1361
NORDESTE,27,AL,270340,JACARE DOS HOMENS,9,1.93%,5,1.07%,264,56.65%,89,19.1%,56,12.02%,43,9.23%,466
NORDESTE,27,AL,270350,JACUIPE,9,3.17%,10,3.52%,150,52.82%,51,17.96%,26,9.15%,38,13.38%,284
NORDESTE,27,AL,270360,JAPARATINGA,23,3.27%,14,1.99%,364,51.7%,139,19.74%,84,11.93%,80,11.36%,704
NORDESTE,27,AL,270370,JARAMATAIA,10,2.13%,12,2.55%,265,56.38%,106,22.55%,51,10.85%,26,5.53%,470
NORDESTE,27,AL,270375,JEQUIA DA PRAIA,7,0.89%,16,2.04%,433,55.16%,172,21.91%,82,10.45%,75,9.55%,785
NORDESTE,27,AL,270380,JOAQUIM GOMES,34,2.48%,41,2.99%,784,57.27%,275,20.09%,133,9.72%,102,7.45%,1369
NORDESTE,27,AL,270390,JUNDIA,25,10.46%,8,3.35%,118,49.37%,35,14.64%,25,10.46%,28,11.72%,239
NORDESTE,27,AL,270400,JUNQUEIRO,9,0.57%,21,1.34%,895,56.97%,366,23.3%,182,11.58%,98,6.24%,1571
NORDESTE,27,AL,270410,LAGOA DA CANOA,35,2.47%,39,2.75%,796,56.14%,267,18.83%,140,9.87%,141,9.94%,1418
NORDESTE,27,AL,270420,LIMOEIRO DE ANADIA,25,1.28%,36,1.84%,1071,54.84%,424,21.71%,241,12.34%,156,7.99%,1953
NORDESTE,27,AL,270430,MACEIO,227,0.75%,541,1.78%,19075,62.89%,6206,20.46%,2676,8.82%,1606,5.29%,30331
NORDESTE,27,AL,270440,MAJOR ISIDORO,12,1.12%,13,1.21%,526,49.11%,163,15.22%,148,13.82%,209,19.51%,1071
NORDESTE,27,AL,270450,MARAGOGI,49,1.86%,58,2.2%,1503,56.95%,536,20.31%,276,10.46%,217,8.22%,2639
NORDESTE,27,AL,270460,MARAVILHA,11,1.42%,19,2.45%,452,58.32%,167,21.55%,75,9.68%,51,6.58%,775
NORDESTE,27,AL,270470,MARECHAL DEODORO,63,1.7%,77,2.08%,2326,62.78%,695,18.76%,318,8.58%,226,6.1%,3705
NORDESTE,27,AL,270480,MARIBONDO,15,2.16%,21,3.02%,409,58.76%,126,18.1%,58,8.33%,67,9.63%,696
NORDESTE,27,AL,270490,MAR VERMELHO,0,-,1,0.48%,126,60.87%,50,24.15%,24,11.59%,6,2.9%,207
NORDESTE,27,AL,270500,MATA GRANDE,17,1.14%,34,2.28%,807,54.23%,316,21.24%,185,12.43%,129,8.67%,1488
NORDESTE,27,AL,270510,MATRIZ DE CAMARAGIBE,31,2.04%,39,2.57%,915,60.36%,288,19%,133,8.77%,110,7.26%,1516
NORDESTE,27,AL,270520,MESSIAS,71,7.75%,46,5.02%,506,55.24%,135,14.74%,78,8.52%,80,8.73%,916
NORDESTE,27,AL,270530,MINADOR DO NEGRAO,9,2.55%,10,2.83%,207,58.64%,63,17.85%,32,9.07%,32,9.07%,353
NORDESTE,27,AL,270540,MONTEIROPOLIS,9,1.43%,9,1.43%,387,61.62%,110,17.52%,60,9.55%,53,8.44%,628
NORDESTE,27,AL,270550,MURICI,32,1.64%,43,2.2%,1160,59.3%,387,19.79%,199,10.17%,135,6.9%,1956
NORDESTE,27,AL,270560,NOVO LINO,13,1.99%,16,2.45%,361,55.37%,140,21.47%,68,10.43%,54,8.28%,652
NORDESTE,27,AL,270570,OLHO D'AGUA DAS FLORES,30,1.84%,41,2.52%,963,59.08%,339,20.8%,171,10.49%,86,5.28%,1630
NORDESTE,27,AL,270580,OLHO D'AGUA DO CASADO,5,0.67%,21,2.82%,479,64.3%,136,18.26%,59,7.92%,45,6.04%,745
NORDESTE,27,AL,270590,OLHO D'AGUA GRANDE,7,2.82%,8,3.23%,120,48.39%,57,22.98%,25,10.08%,31,12.5%,248
NORDESTE,27,AL,270600,OLIVENCA,11,1.24%,23,2.6%,457,51.58%,209,23.59%,123,13.88%,63,7.11%,886
NORDESTE,27,AL,270610,OURO BRANCO,14,1.5%,22,2.35%,603,64.42%,172,18.38%,83,8.87%,42,4.49%,936
NORDESTE,27,AL,270620,PALESTINA,1,0.27%,3,0.8%,216,57.75%,91,24.33%,46,12.3%,17,4.55%,374
NORDESTE,27,AL,270630,PALMEIRA DOS INDIOS,75,2.26%,86,2.6%,1960,59.16%,665,20.07%,289,8.72%,238,7.18%,3313
NORDESTE,27,AL,270640,PAO DE ACUCAR,23,1.45%,39,2.46%,953,60.2%,319,20.15%,137,8.65%,112,7.08%,1583
NORDESTE,27,AL,270642,PARICONHA,25,3.02%,29,3.5%,512,61.76%,138,16.65%,74,8.93%,51,6.15%,829
NORDESTE,27,AL,270644,PARIPUEIRA,18,1.95%,27,2.93%,505,54.83%,173,18.78%,118,12.81%,80,8.69%,921
NORDESTE,27,AL,270650,PASSO DE CAMARAGIBE,22,2.12%,26,2.51%,554,53.42%,218,21.02%,111,10.7%,106,10.22%,1037
NORDESTE,27,AL,270660,PAULO JACINTO,2,0.48%,7,1.66%,233,55.34%,96,22.8%,48,11.4%,35,8.31%,421
NORDESTE,27,AL,270670,PENEDO,27,0.72%,80,2.14%,2193,58.59%,814,21.75%,399,10.66%,230,6.14%,3743
NORDESTE,27,AL,270680,PIACABUCU,26,2.31%,52,4.62%,626,55.6%,233,20.69%,106,9.41%,83,7.37%,1126
NORDESTE,27,AL,270690,PILAR,45,1.76%,46,1.8%,1504,58.73%,510,19.91%,278,10.86%,178,6.95%,2561
NORDESTE,27,AL,270700,PINDOBA,4,3.67%,2,1.83%,68,62.39%,22,20.18%,8,7.34%,5,4.59%,109
NORDESTE,27,AL,270710,PIRANHAS,39,2.07%,50,2.66%,1050,55.76%,402,21.35%,214,11.36%,128,6.8%,1883
NORDESTE,27,AL,270720,POCO DAS TRINCHEIRAS,15,1.6%,29,3.1%,565,60.36%,155,16.56%,93,9.94%,79,8.44%,936
NORDESTE,27,AL,270730,PORTO CALVO,62,3.76%,46,2.79%,945,57.38%,284,17.24%,163,9.9%,147,8.93%,1647
NORDESTE,27,AL,270740,PORTO DE PEDRAS,21,2.99%,23,3.28%,399,56.84%,129,18.38%,69,9.83%,61,8.69%,702
NORDESTE,27,AL,270750,PORTO REAL DO COLEGIO,31,2.5%,47,3.79%,702,56.61%,219,17.66%,122,9.84%,119,9.6%,1240
NORDESTE,27,AL,270760,QUEBRANGULO,16,1.99%,24,2.99%,442,54.98%,173,21.52%,84,10.45%,65,8.08%,804
NORDESTE,27,AL,270770,RIO LARGO,67,1.31%,130,2.53%,3121,60.81%,1003,19.54%,532,10.37%,279,5.44%,5132
NORDESTE,27,AL,270780,ROTEIRO,15,2.6%,24,4.17%,299,51.91%,100,17.36%,71,12.33%,67,11.63%,576
NORDESTE,27,AL,270790,SANTA LUZIA DO NORTE,14,2.23%,22,3.51%,375,59.81%,120,19.14%,56,8.93%,40,6.38%,627
NORDESTE,27,AL,270800,SANTANA DO IPANEMA,65,1.9%,90,2.63%,1925,56.3%,709,20.74%,379,11.09%,251,7.34%,3419
NORDESTE,27,AL,270810,SANTANA DO MUNDAU,13,1.62%,11,1.37%,451,56.23%,158,19.7%,100,12.47%,69,8.6%,802
NORDESTE,27,AL,270820,SAO BRAS,15,3.87%,13,3.35%,198,51.03%,65,16.75%,47,12.11%,50,12.89%,388
NORDESTE,27,AL,270830,SAO JOSE DA LAJE,44,3.04%,34,2.35%,835,57.79%,259,17.92%,136,9.41%,137,9.48%,1445
NORDESTE,27,AL,270840,SAO JOSE DA TAPERA,61,2.08%,61,2.08%,1716,58.51%,596,20.32%,279,9.51%,220,7.5%,2933
NORDESTE,27,AL,270850,SAO LUIS DO QUITUNDE,33,1.96%,47,2.79%,988,58.57%,350,20.75%,155,9.19%,114,6.76%,1687
NORDESTE,27,AL,270860,SAO MIGUEL DOS CAMPOS,59,2.42%,75,3.08%,1185,48.61%,491,20.14%,321,13.17%,307,12.59%,2438
NORDESTE,27,AL,270870,SAO MIGUEL DOS MILAGRES,17,3.35%,19,3.74%,296,58.27%,90,17.72%,31,6.1%,55,10.83%,508
NORDESTE,27,AL,270880,SAO SEBASTIAO,27,1.15%,38,1.61%,1465,62.13%,451,19.13%,225,9.54%,152,6.45%,2358
NORDESTE,27,AL,270890,SATUBA,11,1.19%,17,1.85%,583,63.3%,163,17.7%,91,9.88%,56,6.08%,921
NORDESTE,27,AL,270895,SENADOR RUI PALMEIRA,11,1.06%,27,2.6%,642,61.85%,219,21.1%,87,8.38%,52,5.01%,1038
NORDESTE,27,AL,270900,TANQUE D'ARCA,5,1.37%,7,1.91%,194,53.01%,76,20.77%,52,14.21%,32,8.74%,366
NORDESTE,27,AL,270910,TAQUARANA,25,1.91%,26,1.98%,722,55.03%,279,21.27%,163,12.42%,97,7.39%,1312
NORDESTE,27,AL,270915,TEOTONIO VILELA,16,0.57%,31,1.11%,1671,59.91%,695,24.92%,220,7.89%,156,5.59%,2789
NORDESTE,27,AL,270920,TRAIPU,48,2.81%,50,2.93%,1054,61.71%,283,16.57%,154,9.02%,119,6.97%,1708
NORDESTE,27,AL,270930,UNIAO DOS PALMARES,72,1.97%,77,2.11%,2200,60.31%,713,19.54%,340,9.32%,246,6.74%,3648
NORDESTE,27,AL,270940,VICOSA,23,1.69%,31,2.28%,778,57.21%,259,19.04%,154,11.32%,115,8.46%,1360
NORDESTE,28,SE,280010,AMPARO DE SAO FRANCISCO,8,6.9%,6,5.17%,52,44.83%,20,17.24%,13,11.21%,17,14.66%,116
NORDESTE,28,SE,280020,AQUIDABA,26,2.68%,32,3.3%,525,54.12%,195,20.1%,94,9.69%,98,10.1%,970
NORDESTE,28,SE,280030,ARACAJU,327,1.8%,597,3.28%,11509,63.28%,3336,18.34%,1446,7.95%,973,5.35%,18188
NORDESTE,28,SE,280040,ARAUA,12,1.74%,19,2.75%,391,56.67%,149,21.59%,49,7.1%,70,10.14%,690
NORDESTE,28,SE,280050,AREIA BRANCA,23,2.73%,26,3.09%,444,52.73%,158,18.76%,97,11.52%,94,11.16%,842
NORDESTE,28,SE,280060,BARRA DOS COQUEIROS,26,1.51%,50,2.9%,1026,59.58%,336,19.51%,156,9.06%,128,7.43%,1722
NORDESTE,28,SE,280067,BOQUIM,22,2.1%,29,2.77%,633,60.52%,176,16.83%,120,11.47%,66,6.31%,1046
NORDESTE,28,SE,280070,BREJO GRANDE,18,4.69%,19,4.95%,207,53.91%,62,16.15%,40,10.42%,38,9.9%,384
NORDESTE,28,SE,280100,CAMPO DO BRITO,14,1.38%,19,1.87%,633,62.36%,205,20.2%,87,8.57%,57,5.62%,1015
NORDESTE,28,SE,280110,CANHOBA,2,0.73%,6,2.2%,138,50.55%,70,25.64%,32,11.72%,25,9.16%,273
NORDESTE,28,SE,280120,CANINDE DE SAO FRANCISCO,45,1.9%,41,1.73%,1350,57.01%,504,21.28%,254,10.73%,174,7.35%,2368
NORDESTE,28,SE,280130,CAPELA,65,3.29%,76,3.85%,1106,56.06%,339,17.18%,195,9.88%,192,9.73%,1973
NORDESTE,28,SE,280140,CARIRA,41,3.65%,45,4%,653,58.1%,185,16.46%,124,11.03%,76,6.76%,1124
NORDESTE,28,SE,280150,CARMOPOLIS,18,2.29%,23,2.93%,463,58.98%,140,17.83%,82,10.45%,59,7.52%,785
NORDESTE,28,SE,280160,CEDRO DE SAO JOAO,10,3.7%,9,3.33%,148,54.81%,56,20.74%,24,8.89%,23,8.52%,270
NORDESTE,28,SE,280170,CRISTINAPOLIS,37,4.24%,36,4.12%,459,52.58%,139,15.92%,86,9.85%,116,13.29%,873
NORDESTE,28,SE,280190,CUMBE,3,1.49%,2,1%,115,57.21%,52,25.87%,17,8.46%,12,5.97%,201
NORDESTE,28,SE,280200,DIVINA PASTORA,7,2.36%,14,4.71%,175,58.92%,65,21.89%,21,7.07%,15,5.05%,297
NORDESTE,28,SE,280210,ESTANCIA,65,2.27%,86,3.01%,1559,54.55%,470,16.45%,228,7.98%,450,15.75%,2858
NORDESTE,28,SE,280220,FEIRA NOVA,9,2.47%,9,2.47%,202,55.49%,78,21.43%,37,10.16%,29,7.97%,364
NORDESTE,28,SE,280230,FREI PAULO,5,0.6%,65,7.82%,456,54.87%,183,22.02%,80,9.63%,42,5.05%,831
NORDESTE,28,SE,280240,GARARU,17,2.48%,19,2.77%,414,60.35%,133,19.39%,56,8.16%,47,6.85%,686
NORDESTE,28,SE,280250,GENERAL MAYNARD,12,6.94%,6,3.47%,88,50.87%,32,18.5%,20,11.56%,15,8.67%,173
NORDESTE,28,SE,280260,GRACHO CARDOSO,13,3.69%,8,2.27%,160,45.45%,73,20.74%,44,12.5%,54,15.34%,352
NORDESTE,28,SE,280270,ILHA DAS FLORES,10,1.64%,14,2.3%,317,51.97%,115,18.85%,65,10.66%,89,14.59%,610
NORDESTE,28,SE,280280,INDIAROBA,23,2.18%,44,4.17%,649,61.57%,187,17.74%,88,8.35%,63,5.98%,1054
NORDESTE,28,SE,280290,ITABAIANA,116,3.06%,130,3.43%,2045,53.89%,779,20.53%,390,10.28%,335,8.83%,3795
NORDESTE,28,SE,280300,ITABAIANINHA,30,1.32%,52,2.29%,1296,57.07%,487,21.44%,238,10.48%,168,7.4%,2271
NORDESTE,28,SE,280310,ITABI,5,2.01%,2,0.8%,133,53.41%,69,27.71%,26,10.44%,14,5.62%,249
NORDESTE,28,SE,280320,ITAPORANGA D'AJUDA,65,3.11%,66,3.16%,1132,54.19%,408,19.53%,226,10.82%,192,9.19%,2089
NORDESTE,28,SE,280330,JAPARATUBA,30,3.71%,24,2.97%,443,54.83%,151,18.69%,77,9.53%,83,10.27%,808
NORDESTE,28,SE,280340,JAPOATA,27,2.78%,31,3.2%,529,54.54%,180,18.56%,103,10.62%,100,10.31%,970
NORDESTE,28,SE,280350,LAGARTO,146,3.02%,185,3.82%,2872,59.38%,856,17.7%,416,8.6%,362,7.48%,4837
NORDESTE,28,SE,280360,LARANJEIRAS,60,4.09%,50,3.41%,777,52.93%,260,17.71%,162,11.04%,159,10.83%,1468
NORDESTE,28,SE,280370,MACAMBIRA,13,3.29%,7,1.77%,233,58.99%,76,19.24%,38,9.62%,28,7.09%,395
NORDESTE,28,SE,280380,MALHADA DOS BOIS,5,1.83%,15,5.49%,154,56.41%,57,20.88%,23,8.42%,19,6.96%,273
NORDESTE,28,SE,280390,MALHADOR,11,1.44%,18,2.36%,417,54.58%,158,20.68%,87,11.39%,73,9.55%,764
NORDESTE,28,SE,280400,MARUIM,22,2.47%,34,3.82%,480,53.99%,165,18.56%,91,10.24%,97,10.91%,889
NORDESTE,28,SE,280410,MOITA BONITA,4,0.64%,6,0.96%,348,55.41%,143,22.77%,73,11.62%,54,8.6%,628
NORDESTE,28,SE,280420,MONTE ALEGRE DE SERGIPE,30,3.03%,28,2.83%,530,53.48%,191,19.27%,114,11.5%,98,9.89%,991
NORDESTE,28,SE,280430,MURIBECA,16,4.23%,17,4.5%,190,50.26%,69,18.25%,40,10.58%,46,12.17%,378
NORDESTE,28,SE,280440,NEOPOLIS,19,2.5%,22,2.9%,442,58.23%,130,17.13%,67,8.83%,79,10.41%,759
NORDESTE,28,SE,280445,NOSSA SENHORA APARECIDA,22,4.46%,26,5.27%,263,53.35%,84,17.04%,67,13.59%,31,6.29%,493
NORDESTE,28,SE,280450,NOSSA SENHORA DA GLORIA,33,1.25%,55,2.08%,1534,57.91%,595,22.46%,287,10.83%,145,5.47%,2649
NORDESTE,28,SE,280460,NOSSA SENHORA DAS DORES,31,2.82%,34,3.09%,602,54.68%,236,21.44%,114,10.35%,84,7.63%,1101
NORDESTE,28,SE,280470,NOSSA SENHORA DE LOURDES,3,0.68%,13,2.96%,273,62.19%,79,18%,35,7.97%,36,8.2%,439
NORDESTE,28,SE,280480,NOSSA SENHORA DO SOCORRO,208,2.17%,193,2.01%,5529,57.67%,1970,20.55%,710,7.41%,977,10.19%,9587
NORDESTE,28,SE,280490,PACATUBA,26,2.8%,22,2.37%,458,49.41%,190,20.5%,120,12.94%,111,11.97%,927
NORDESTE,28,SE,280500,PEDRA MOLE,2,0.95%,8,3.81%,139,66.19%,44,20.95%,11,5.24%,6,2.86%,210
NORDESTE,28,SE,280510,PEDRINHAS,9,1.81%,19,3.82%,285,57.34%,89,17.91%,38,7.65%,57,11.47%,497
NORDESTE,28,SE,280520,PINHAO,12,3.7%,9,2.78%,192,59.26%,65,20.06%,29,8.95%,17,5.25%,324
NORDESTE,28,SE,280530,PIRAMBU,17,3.76%,24,5.31%,248,54.87%,79,17.48%,41,9.07%,43,9.51%,452
NORDESTE,28,SE,280540,POCO REDONDO,68,3.28%,50,2.41%,1121,54.05%,406,19.58%,229,11.04%,200,9.64%,2074
NORDESTE,28,SE,280550,POCO VERDE,20,1.83%,29,2.65%,708,64.72%,195,17.82%,98,8.96%,44,4.02%,1094
NORDESTE,28,SE,280560,PORTO DA FOLHA,71,3.85%,64,3.47%,968,52.55%,361,19.6%,200,10.86%,178,9.66%,1842
NORDESTE,28,SE,280570,PROPRIA,40,2.71%,41,2.78%,892,60.43%,268,18.16%,123,8.33%,112,7.59%,1476
NORDESTE,28,SE,280580,RIACHAO DO DANTAS,39,4.14%,36,3.82%,483,51.22%,158,16.76%,104,11.03%,123,13.04%,943
NORDESTE,28,SE,280590,RIACHUELO,17,3.46%,20,4.07%,278,56.62%,73,14.87%,43,8.76%,60,12.22%,491
NORDESTE,28,SE,280600,RIBEIROPOLIS,12,1.48%,21,2.59%,466,57.39%,160,19.7%,85,10.47%,68,8.37%,812
NORDESTE,28,SE,280610,ROSARIO DO CATETE,17,2.83%,24,3.99%,326,54.24%,111,18.47%,69,11.48%,54,8.99%,601
NORDESTE,28,SE,280620,SALGADO,19,2.32%,31,3.79%,455,55.62%,152,18.58%,81,9.9%,80,9.78%,818
NORDESTE,28,SE,280630,SANTA LUZIA DO ITANHY,12,1.37%,17,1.95%,550,63%,161,18.44%,78,8.93%,55,6.3%,873
NORDESTE,28,SE,280640,SANTANA DO SAO FRANCISCO,10,1.79%,10,1.79%,321,57.42%,124,22.18%,63,11.27%,31,5.55%,559
NORDESTE,28,SE,280650,SANTA ROSA DE LIMA,18,8.7%,6,2.9%,106,51.21%,39,18.84%,23,11.11%,15,7.25%,207
NORDESTE,28,SE,280660,SANTO AMARO DAS BROTAS,39,5.23%,36,4.83%,392,52.62%,135,18.12%,73,9.8%,70,9.4%,745
NORDESTE,28,SE,280670,SAO CRISTOVAO,103,2.5%,155,3.77%,2556,62.14%,730,17.75%,324,7.88%,245,5.96%,4113
NORDESTE,28,SE,280680,SAO DOMINGOS,8,1.31%,10,1.64%,369,60.59%,134,22%,52,8.54%,36,5.91%,609
NORDESTE,28,SE,280690,SAO FRANCISCO,2,1.04%,4,2.07%,112,58.03%,45,23.32%,18,9.33%,12,6.22%,193
NORDESTE,28,SE,280700,SAO MIGUEL DO ALEIXO,4,2.12%,4,2.12%,113,59.79%,31,16.4%,22,11.64%,15,7.94%,189
NORDESTE,28,SE,280710,SIMAO DIAS,35,1.34%,70,2.69%,1624,62.34%,486,18.66%,245,9.4%,145,5.57%,2605
NORDESTE,28,SE,280720,SIRIRI,17,4.13%,14,3.4%,219,53.16%,82,19.9%,40,9.71%,40,9.71%,412
NORDESTE,28,SE,280730,TELHA,5,2.78%,3,1.67%,90,50%,44,24.44%,20,11.11%,18,10%,180
NORDESTE,28,SE,280740,TOBIAS BARRETO,23,0.87%,47,1.78%,1654,62.6%,531,20.1%,255,9.65%,132,5%,2642
NORDESTE,28,SE,280750,TOMAR DO GERU,18,2.39%,18,2.39%,435,57.69%,167,22.15%,73,9.68%,43,5.7%,754
NORDESTE,28,SE,280760,UMBAUBA,25,1.52%,26,1.58%,738,44.73%,317,19.21%,230,13.94%,314,19.03%,1650
NORDESTE,29,BA,290010,ABAIRA,4,1.39%,12,4.18%,188,65.51%,49,17.07%,18,6.27%,16,5.57%,287
NORDESTE,29,BA,290020,ABARE,31,2.38%,42,3.22%,805,61.69%,225,17.24%,114,8.74%,88,6.74%,1305
NORDESTE,29,BA,290030,ACAJUTIBA,10,1.26%,21,2.65%,463,58.53%,130,16.43%,102,12.9%,65,8.22%,791
NORDESTE,29,BA,290035,ADUSTINA,18,2.19%,23,2.8%,516,62.77%,156,18.98%,76,9.25%,33,4.01%,822
NORDESTE,29,BA,290040,AGUA FRIA,21,2.98%,18,2.55%,439,62.27%,129,18.3%,66,9.36%,32,4.54%,705
NORDESTE,29,BA,290050,ERICO CARDOSO,11,1.93%,19,3.34%,356,62.57%,84,14.76%,59,10.37%,40,7.03%,569
NORDESTE,29,BA,290060,AIQUARA,4,2.07%,9,4.66%,129,66.84%,30,15.54%,5,2.59%,16,8.29%,193
NORDESTE,29,BA,290070,ALAGOINHAS,140,2.33%,202,3.37%,3764,62.74%,1015,16.92%,476,7.93%,402,6.7%,5999
NORDESTE,29,BA,290080,ALCOBACA,63,4.66%,37,2.74%,828,61.24%,203,15.01%,127,9.39%,94,6.95%,1352
NORDESTE,29,BA,290090,ALMADINA,7,2.6%,11,4.09%,167,62.08%,50,18.59%,24,8.92%,10,3.72%,269
NORDESTE,29,BA,290100,AMARGOSA,31,1.85%,52,3.11%,1027,61.39%,310,18.53%,147,8.79%,106,6.34%,1673
NORDESTE,29,BA,290110,AMELIA RODRIGUES,19,2.39%,27,3.4%,471,59.25%,139,17.48%,66,8.3%,73,9.18%,795
NORDESTE,29,BA,290115,AMERICA DOURADA,23,2.31%,18,1.81%,672,67.61%,180,18.11%,54,5.43%,47,4.73%,994
NORDESTE,29,BA,290120,ANAGE,24,2.59%,32,3.46%,568,61.41%,153,16.54%,87,9.41%,61,6.59%,925
NORDESTE,29,BA,290130,ANDARAI,23,3.95%,17,2.92%,349,59.86%,107,18.35%,43,7.38%,44,7.55%,583
NORDESTE,29,BA,290135,ANDORINHA,22,3.64%,31,5.13%,364,60.26%,104,17.22%,46,7.62%,37,6.13%,604
NORDESTE,29,BA,290140,ANGICAL,16,1.88%,20,2.35%,518,60.87%,166,19.51%,86,10.11%,45,5.29%,851
NORDESTE,29,BA,290150,ANGUERA,25,5.1%,18,3.67%,283,57.76%,82,16.73%,49,10%,33,6.73%,490
NORDESTE,29,BA,290160,ANTAS,6,1.03%,16,2.75%,398,68.5%,78,13.43%,39,6.71%,44,7.57%,581
NORDESTE,29,BA,290170,ANTONIO CARDOSO,20,2.81%,31,4.36%,481,67.65%,82,11.53%,57,8.02%,40,5.63%,711
NORDESTE,29,BA,290180,ANTONIO GONCALVES,24,4.32%,16,2.88%,300,54.05%,108,19.46%,54,9.73%,53,9.55%,555
NORDESTE,29,BA,290190,APORA,28,3.32%,40,4.74%,485,57.53%,122,14.47%,76,9.02%,92,10.91%,843
NORDESTE,29,BA,290195,APUAREMA,9,2.18%,11,2.67%,274,66.5%,68,16.5%,33,8.01%,17,4.13%,412
NORDESTE,29,BA,290200,ARACATU,4,0.51%,12,1.53%,564,71.85%,138,17.58%,41,5.22%,26,3.31%,785
NORDESTE,29,BA,290205,ARACAS,15,2.38%,9,1.43%,298,47.23%,101,16.01%,106,16.8%,102,16.16%,631
NORDESTE,29,BA,290210,ARACI,76,2.91%,70,2.68%,1564,59.97%,469,17.98%,215,8.24%,214,8.21%,2608
NORDESTE,29,BA,290220,ARAMARI,15,3.21%,14,2.99%,294,62.82%,62,13.25%,56,11.97%,27,5.77%,468
NORDESTE,29,BA,290225,ARATACA,40,9.9%,29,7.18%,255,63.12%,39,9.65%,22,5.45%,19,4.7%,404
NORDESTE,29,BA,290230,ARATUIPE,9,1.81%,9,1.81%,288,57.95%,103,20.72%,56,11.27%,32,6.44%,497
NORDESTE,29,BA,290240,AURELINO LEAL,2,0.29%,12,1.75%,443,64.58%,136,19.83%,44,6.41%,49,7.14%,686
NORDESTE,29,BA,290250,BAIANOPOLIS,19,2.55%,26,3.49%,480,64.34%,121,16.22%,65,8.71%,35,4.69%,746
NORDESTE,29,BA,290260,BAIXA GRANDE,45,5.4%,47,5.64%,503,60.31%,133,15.95%,49,5.88%,57,6.83%,834
NORDESTE,29,BA,290265,BANZAE,3,0.53%,2,0.35%,402,71.02%,103,18.2%,42,7.42%,14,2.47%,566
NORDESTE,29,BA,290270,BARRA,100,2.84%,153,4.34%,2357,66.92%,522,14.82%,217,6.16%,173,4.91%,3522
NORDESTE,29,BA,290280,BARRA DA ESTIVA,21,1.29%,36,2.21%,1082,66.3%,317,19.42%,117,7.17%,59,3.62%,1632
NORDESTE,29,BA,290290,BARRA DO CHOCA,29,1.58%,56,3.06%,1122,61.24%,322,17.58%,162,8.84%,141,7.7%,1832
NORDESTE,29,BA,290300,BARRA DO MENDES,20,2.68%,27,3.62%,464,62.28%,117,15.7%,64,8.59%,53,7.11%,745
NORDESTE,29,BA,290310,BARRA DO ROCHA,7,1.97%,12,3.38%,249,70.14%,61,17.18%,19,5.35%,7,1.97%,355
NORDESTE,29,BA,290320,BARREIRAS,164,2.07%,288,3.64%,4956,62.6%,1439,18.18%,659,8.32%,411,5.19%,7917
NORDESTE,29,BA,290323,BARRO ALTO,26,4%,22,3.38%,453,69.69%,89,13.69%,36,5.54%,24,3.69%,650
NORDESTE,29,BA,290327,BARROCAS,16,1.57%,46,4.51%,648,63.59%,182,17.86%,77,7.56%,50,4.91%,1019
NORDESTE,29,BA,290330,BARRO PRETO,5,1.72%,5,1.72%,176,60.69%,50,17.24%,27,9.31%,27,9.31%,290
NORDESTE,29,BA,290340,BELMONTE,27,2.43%,28,2.52%,660,59.46%,202,18.2%,109,9.82%,84,7.57%,1110
NORDESTE,29,BA,290350,BELO CAMPO,15,1.26%,41,3.45%,837,70.45%,175,14.73%,65,5.47%,55,4.63%,1188
NORDESTE,29,BA,290360,BIRITINGA,18,2.57%,33,4.71%,433,61.77%,126,17.97%,51,7.28%,40,5.71%,701
NORDESTE,29,BA,290370,BOA NOVA,12,1.77%,20,2.95%,392,57.73%,132,19.44%,65,9.57%,58,8.54%,679
NORDESTE,29,BA,290380,BOA VISTA DO TUPIM,38,4.37%,58,6.67%,485,55.81%,97,11.16%,90,10.36%,101,11.62%,869
NORDESTE,29,BA,290390,BOM JESUS DA LAPA,146,3.75%,189,4.86%,2435,62.6%,624,16.04%,271,6.97%,225,5.78%,3890
NORDESTE,29,BA,290395,BOM JESUS DA SERRA,16,3.24%,17,3.44%,325,65.79%,77,15.59%,35,7.09%,24,4.86%,494
NORDESTE,29,BA,290400,BONINAL,41,5.47%,49,6.54%,477,63.68%,110,14.69%,43,5.74%,29,3.87%,749
NORDESTE,29,BA,290405,BONITO,13,1.72%,21,2.79%,475,63%,147,19.5%,60,7.96%,38,5.04%,754
NORDESTE,29,BA,290410,BOQUIRA,22,2.22%,33,3.32%,663,66.77%,158,15.91%,70,7.05%,47,4.73%,993
NORDESTE,29,BA,290420,BOTUPORA,8,1.42%,23,4.08%,386,68.44%,93,16.49%,17,3.01%,37,6.56%,564
NORDESTE,29,BA,290430,BREJOES,10,1.56%,18,2.81%,449,70.05%,100,15.6%,45,7.02%,19,2.96%,641
NORDESTE,29,BA,290440,BREJOLANDIA,11,2.59%,18,4.24%,278,65.41%,73,17.18%,28,6.59%,17,4%,425
NORDESTE,29,BA,290450,BROTAS DE MACAUBAS,18,2.76%,21,3.23%,425,65.28%,105,16.13%,51,7.83%,31,4.76%,651
NORDESTE,29,BA,290460,BRUMADO,47,1.91%,96,3.9%,1693,68.77%,394,16%,141,5.73%,91,3.7%,2462
NORDESTE,29,BA,290470,BUERAREMA,20,2.64%,28,3.69%,477,62.85%,127,16.73%,51,6.72%,56,7.38%,759
NORDESTE,29,BA,290475,BURITIRAMA,34,2.27%,66,4.41%,963,64.33%,240,16.03%,114,7.62%,80,5.34%,1497
NORDESTE,29,BA,290480,CAATIBA,5,1.93%,8,3.09%,176,67.95%,38,14.67%,23,8.88%,9,3.47%,259
NORDESTE,29,BA,290485,CABACEIRAS DO PARAGUACU,37,3.24%,32,2.8%,681,59.63%,215,18.83%,107,9.37%,70,6.13%,1142
NORDESTE,29,BA,290490,CACHOEIRA,47,4.22%,46,4.13%,594,53.27%,215,19.28%,99,8.88%,114,10.22%,1115
NORDESTE,29,BA,290500,CACULE,9,0.83%,37,3.43%,767,71.08%,181,16.77%,61,5.65%,24,2.22%,1079
NORDESTE,29,BA,290510,CAEM,22,3.97%,20,3.61%,334,60.29%,93,16.79%,40,7.22%,45,8.12%,554
NORDESTE,29,BA,290515,CAETANOS,14,2.19%,20,3.13%,428,66.88%,107,16.72%,44,6.88%,27,4.22%,640
NORDESTE,29,BA,290520,CAETITE,67,3%,94,4.21%,1563,70.06%,321,14.39%,117,5.24%,69,3.09%,2231
NORDESTE,29,BA,290530,CAFARNAUM,36,3.21%,51,4.55%,750,66.96%,163,14.55%,71,6.34%,49,4.38%,1120
NORDESTE,29,BA,290540,CAIRU,32,3.41%,40,4.26%,574,61.13%,138,14.7%,77,8.2%,78,8.31%,939
NORDESTE,29,BA,290550,CALDEIRAO GRANDE,30,3.88%,26,3.36%,465,60.08%,111,14.34%,75,9.69%,67,8.66%,774
NORDESTE,29,BA,290560,CAMACAN,44,4.77%,59,6.4%,596,64.64%,136,14.75%,56,6.07%,31,3.36%,922
NORDESTE,29,BA,290570,CAMACARI,193,1.77%,310,2.84%,6763,61.96%,2039,18.68%,957,8.77%,653,5.98%,10915
NORDESTE,29,BA,290580,CAMAMU,78,4.18%,95,5.1%,1130,60.62%,312,16.74%,149,7.99%,100,5.36%,1864
NORDESTE,29,BA,290590,CAMPO ALEGRE DE LOURDES,49,2.58%,86,4.54%,1213,63.98%,315,16.61%,132,6.96%,101,5.33%,1896
NORDESTE,29,BA,290600,CAMPO FORMOSO,134,3.28%,184,4.51%,2582,63.27%,623,15.27%,291,7.13%,267,6.54%,4081
NORDESTE,29,BA,290610,CANAPOLIS,19,3.96%,27,5.63%,311,64.79%,63,13.13%,30,6.25%,30,6.25%,480
NORDESTE,29,BA,290620,CANARANA,48,3.1%,64,4.13%,955,61.69%,256,16.54%,130,8.4%,95,6.14%,1548
NORDESTE,29,BA,290630,CANAVIEIRAS,29,2%,49,3.37%,919,63.25%,259,17.83%,113,7.78%,84,5.78%,1453
NORDESTE,29,BA,290640,CANDEAL,2,0.48%,11,2.63%,289,69.14%,63,15.07%,31,7.42%,22,5.26%,418
NORDESTE,29,BA,290650,CANDEIAS,69,2.02%,115,3.37%,2325,68.1%,491,14.38%,218,6.39%,196,5.74%,3414
NORDESTE,29,BA,290660,CANDIBA,11,1.98%,20,3.6%,373,67.21%,91,16.4%,32,5.77%,28,5.05%,555
NORDESTE,29,BA,290670,CANDIDO SALES,27,1.91%,44,3.11%,959,67.87%,229,16.21%,91,6.44%,63,4.46%,1413
NORDESTE,29,BA,290680,CANSANCAO,35,1.55%,71,3.14%,1463,64.79%,393,17.4%,180,7.97%,116,5.14%,2258
NORDESTE,29,BA,290682,CANUDOS,32,3.53%,34,3.75%,546,60.2%,153,16.87%,81,8.93%,61,6.73%,907
NORDESTE,29,BA,290685,CAPELA DO ALTO ALEGRE,6,1.37%,7,1.6%,297,67.81%,71,16.21%,29,6.62%,28,6.39%,438
NORDESTE,29,BA,290687,CAPIM GROSSO,45,2.82%,69,4.32%,1051,65.85%,246,15.41%,115,7.21%,70,4.39%,1596
NORDESTE,29,BA,290689,CARAIBAS,9,2.08%,21,4.86%,283,65.51%,68,15.74%,25,5.79%,26,6.02%,432
NORDESTE,29,BA,290690,CARAVELAS,34,3.18%,34,3.18%,699,65.45%,167,15.64%,79,7.4%,55,5.15%,1068
NORDESTE,29,BA,290700,CARDEAL DA SILVA,14,2.31%,19,3.14%,383,63.2%,95,15.68%,41,6.77%,54,8.91%,606
NORDESTE,29,BA,290710,CARINHANHA,57,3.13%,92,5.05%,1201,65.92%,258,14.16%,119,6.53%,95,5.21%,1822
NORDESTE,29,BA,290720,CASA NOVA,323,7.55%,303,7.08%,2326,54.36%,650,15.19%,348,8.13%,329,7.69%,4279
NORDESTE,29,BA,290730,CASTRO ALVES,16,1.26%,38,2.99%,837,65.75%,213,16.73%,103,8.09%,66,5.18%,1273
NORDESTE,29,BA,290740,CATOLANDIA,7,3.45%,6,2.96%,132,65.02%,33,16.26%,15,7.39%,10,4.93%,203
NORDESTE,29,BA,290750,CATU,55,3.69%,75,5.03%,887,59.45%,241,16.15%,117,7.84%,117,7.84%,1492
NORDESTE,29,BA,290755,CATURAMA,8,2.35%,6,1.76%,233,68.33%,57,16.72%,21,6.16%,16,4.69%,341
NORDESTE,29,BA,290760,CENTRAL,33,3.99%,28,3.38%,450,54.35%,146,17.63%,88,10.63%,83,10.02%,828
NORDESTE,29,BA,290770,CHORROCHO,20,2.89%,26,3.76%,432,62.43%,119,17.2%,53,7.66%,42,6.07%,692
NORDESTE,29,BA,290780,CICERO DANTAS,9,0.71%,20,1.58%,835,66.11%,243,19.24%,83,6.57%,73,5.78%,1263
NORDESTE,29,BA,290790,CIPO,33,3.27%,27,2.68%,577,57.19%,209,20.71%,92,9.12%,71,7.04%,1009
NORDESTE,29,BA,290800,COARACI,19,3.09%,14,2.28%,387,62.93%,110,17.89%,52,8.46%,33,5.37%,615
NORDESTE,29,BA,290810,COCOS,30,2.84%,43,4.07%,695,65.81%,154,14.58%,92,8.71%,42,3.98%,1056
NORDESTE,29,BA,290820,CONCEICAO DA FEIRA,26,2.72%,22,2.3%,548,57.26%,162,16.93%,100,10.45%,99,10.34%,957
NORDESTE,29,BA,290830,CONCEICAO DO ALMEIDA,17,2.48%,26,3.8%,450,65.69%,97,14.16%,54,7.88%,41,5.99%,685
NORDESTE,29,BA,290840,CONCEICAO DO COITE,96,2.72%,100,2.83%,2171,61.45%,620,17.55%,324,9.17%,222,6.28%,3533
NORDESTE,29,BA,290850,CONCEICAO DO JACUIPE,50,3.01%,63,3.79%,1001,60.23%,286,17.21%,151,9.09%,111,6.68%,1662
NORDESTE,29,BA,290860,CONDE,52,3.49%,88,5.91%,908,60.94%,210,14.09%,120,8.05%,112,7.52%,1490
NORDESTE,29,BA,290870,CONDEUBA,8,0.95%,26,3.07%,608,71.87%,144,17.02%,41,4.85%,19,2.25%,846
NORDESTE,29,BA,290880,CONTENDAS DO SINCORA,3,1.31%,3,1.31%,173,75.55%,30,13.1%,12,5.24%,8,3.49%,229
NORDESTE,29,BA,290890,CORACAO DE MARIA,45,5.02%,34,3.79%,451,50.28%,169,18.84%,95,10.59%,103,11.48%,897
NORDESTE,29,BA,290900,CORDEIROS,4,0.92%,12,2.75%,320,73.23%,66,15.1%,21,4.81%,14,3.2%,437
NORDESTE,29,BA,290910,CORIBE,17,2.28%,36,4.83%,516,69.26%,106,14.23%,44,5.91%,26,3.49%,745
NORDESTE,29,BA,290920,CORONEL JOAO SA,14,1.47%,32,3.37%,593,62.42%,169,17.79%,86,9.05%,56,5.89%,950
NORDESTE,29,BA,290930,CORRENTINA,98,5.06%,93,4.8%,1222,63.09%,292,15.07%,123,6.35%,109,5.63%,1937
NORDESTE,29,BA,290940,COTEGIPE,22,3.13%,26,3.7%,437,62.16%,114,16.22%,53,7.54%,51,7.25%,703
NORDESTE,29,BA,290950,CRAVOLANDIA,6,2.52%,5,2.1%,140,58.82%,37,15.55%,29,12.18%,21,8.82%,238
NORDESTE,29,BA,290960,CRISOPOLIS,29,2.63%,36,3.27%,632,57.35%,216,19.6%,111,10.07%,78,7.08%,1102
NORDESTE,29,BA,290970,CRISTOPOLIS,15,2.18%,21,3.06%,452,65.79%,123,17.9%,44,6.4%,32,4.66%,687
NORDESTE,29,BA,290980,CRUZ DAS ALMAS,57,2.34%,69,2.83%,1449,59.39%,441,18.07%,228,9.34%,196,8.03%,2440
NORDESTE,29,BA,290990,CURACA,63,3.29%,52,2.72%,1112,58.07%,354,18.49%,190,9.92%,144,7.52%,1915
NORDESTE,29,BA,291000,DARIO MEIRA,17,2.88%,13,2.2%,389,65.82%,92,15.57%,42,7.11%,38,6.43%,591
NORDESTE,29,BA,291005,DIAS D'AVILA,87,2.82%,120,3.88%,1888,61.1%,524,16.96%,257,8.32%,214,6.93%,3090
NORDESTE,29,BA,291010,DOM BASILIO,7,1.09%,10,1.56%,447,69.63%,111,17.29%,47,7.32%,20,3.12%,642
NORDESTE,29,BA,291020,DOM MACEDO COSTA,9,4.89%,20,10.87%,115,62.5%,23,12.5%,11,5.98%,6,3.26%,184
NORDESTE,29,BA,291030,ELISIO MEDRADO,24,7.84%,26,8.5%,185,60.46%,30,9.8%,24,7.84%,17,5.56%,306
NORDESTE,29,BA,291040,ENCRUZILHADA,16,1.68%,20,2.09%,591,61.88%,182,19.06%,77,8.06%,69,7.23%,955
NORDESTE,29,BA,291050,ENTRE RIOS,52,2.41%,71,3.28%,1219,56.38%,431,19.94%,219,10.13%,170,7.86%,2162
NORDESTE,29,BA,291060,ESPLANADA,19,1.15%,35,2.11%,974,58.75%,304,18.34%,183,11.04%,143,8.62%,1658
NORDESTE,29,BA,291070,EUCLIDES DA CUNHA,134,4.34%,115,3.72%,1786,57.8%,539,17.44%,274,8.87%,242,7.83%,3090
NORDESTE,29,BA,291072,EUNAPOLIS,136,2.93%,190,4.09%,3101,66.77%,678,14.6%,318,6.85%,221,4.76%,4644
NORDESTE,29,BA,291075,FATIMA,5,0.54%,35,3.75%,651,69.77%,154,16.51%,65,6.97%,23,2.47%,933
NORDESTE,29,BA,291077,FEIRA DA MATA,8,2.62%,10,3.28%,204,66.89%,48,15.74%,21,6.89%,14,4.59%,305
NORDESTE,29,BA,291080,FEIRA DE SANTANA,871,4.2%,850,4.1%,11156,53.83%,3653,17.63%,2041,9.85%,2155,10.4%,20726
NORDESTE,29,BA,291085,FILADELFIA,23,2.28%,32,3.17%,620,61.51%,159,15.77%,94,9.33%,80,7.94%,1008
NORDESTE,29,BA,291090,FIRMINO ALVES,3,1.18%,10,3.94%,146,57.48%,46,18.11%,26,10.24%,23,9.06%,254
NORDESTE,29,BA,291100,FLORESTA AZUL,9,2.4%,9,2.4%,233,62.13%,67,17.87%,36,9.6%,21,5.6%,375
NORDESTE,29,BA,291110,FORMOSA DO RIO PRETO,49,3.29%,64,4.3%,992,66.62%,217,14.57%,94,6.31%,73,4.9%,1489
NORDESTE,29,BA,291120,GANDU,26,1.85%,49,3.48%,927,65.88%,231,16.42%,104,7.39%,70,4.98%,1407
NORDESTE,29,BA,291125,GAVIAO,12,5.31%,4,1.77%,122,53.98%,43,19.03%,21,9.29%,24,10.62%,226
NORDESTE,29,BA,291130,GENTIO DO OURO,12,2.35%,16,3.13%,373,72.99%,64,12.52%,30,5.87%,16,3.13%,511
NORDESTE,29,BA,291140,GLORIA,64,7.52%,32,3.76%,474,55.7%,164,19.27%,68,7.99%,49,5.76%,851
NORDESTE,29,BA,291150,GONGOGI,11,3.06%,12,3.34%,213,59.33%,65,18.11%,36,10.03%,22,6.13%,359
NORDESTE,29,BA,291160,GOVERNADOR MANGABEIRA,19,1.92%,22,2.22%,604,60.95%,172,17.36%,93,9.38%,81,8.17%,991
NORDESTE,29,BA,291165,GUAJERU,1,0.29%,5,1.45%,243,70.43%,71,20.58%,17,4.93%,8,2.32%,345
NORDESTE,29,BA,291170,GUANAMBI,70,1.79%,175,4.49%,2819,72.26%,546,14%,177,4.54%,114,2.92%,3901
NORDESTE,29,BA,291180,GUARATINGA,10,1.45%,20,2.91%,448,65.12%,132,19.19%,40,5.81%,38,5.52%,688
NORDESTE,29,BA,291185,HELIOPOLIS,9,1.52%,19,3.21%,345,58.28%,123,20.78%,62,10.47%,34,5.74%,592
NORDESTE,29,BA,291190,IACU,20,1.68%,46,3.86%,803,67.31%,184,15.42%,85,7.12%,55,4.61%,1193
NORDESTE,29,BA,291200,IBIASSUCE,7,1.5%,14,2.99%,327,69.87%,92,19.66%,19,4.06%,9,1.92%,468
NORDESTE,29,BA,291210,IBICARAI,23,2.5%,21,2.28%,546,59.35%,158,17.17%,96,10.43%,76,8.26%,920
NORDESTE,29,BA,291220,IBICOARA,53,3.92%,57,4.22%,820,60.7%,233,17.25%,97,7.18%,91,6.74%,1351
NORDESTE,29,BA,291230,IBICUI,6,0.93%,13,2.02%,398,61.8%,136,21.12%,58,9.01%,33,5.12%,644
NORDESTE,29,BA,291240,IBIPEBA,8,0.92%,39,4.47%,621,71.13%,116,13.29%,56,6.41%,33,3.78%,873
NORDESTE,29,BA,291250,IBIPITANGA,18,2.67%,19,2.82%,460,68.25%,103,15.28%,45,6.68%,29,4.3%,674
NORDESTE,29,BA,291260,IBIQUERA,16,6.93%,15,6.49%,130,56.28%,32,13.85%,24,10.39%,14,6.06%,231
NORDESTE,29,BA,291270,IBIRAPITANGA,30,2.96%,40,3.94%,623,61.44%,161,15.88%,87,8.58%,73,7.2%,1014
NORDESTE,29,BA,291280,IBIRAPUA,16,3%,18,3.38%,320,60.04%,107,20.08%,40,7.5%,32,6%,533
NORDESTE,29,BA,291290,IBIRATAIA,30,3.26%,50,5.43%,588,63.84%,130,14.12%,74,8.03%,49,5.32%,921
NORDESTE,29,BA,291300,IBITIARA,5,0.85%,20,3.4%,373,63.44%,99,16.84%,57,9.69%,34,5.78%,588
NORDESTE,29,BA,291310,IBITITA,29,2.88%,34,3.37%,630,62.5%,171,16.96%,89,8.83%,55,5.46%,1008
NORDESTE,29,BA,291320,IBOTIRAMA,36,2.36%,83,5.44%,995,65.25%,247,16.2%,84,5.51%,80,5.25%,1525
NORDESTE,29,BA,291330,ICHU,12,3.19%,8,2.13%,251,66.76%,58,15.43%,24,6.38%,23,6.12%,376
NORDESTE,29,BA,291340,IGAPORA,9,1.2%,27,3.6%,544,72.53%,100,13.33%,37,4.93%,33,4.4%,750
NORDESTE,29,BA,291345,IGRAPIUNA,16,2.45%,29,4.44%,404,61.87%,121,18.53%,51,7.81%,32,4.9%,653
NORDESTE,29,BA,291350,IGUAI,17,1.78%,33,3.46%,601,63.06%,166,17.42%,77,8.08%,59,6.19%,953
NORDESTE,29,BA,291360,ILHEUS,152,2.77%,248,4.52%,3533,64.34%,855,15.57%,410,7.47%,293,5.34%,5491
NORDESTE,29,BA,291370,INHAMBUPE,36,2.07%,49,2.82%,997,57.3%,315,18.1%,184,10.57%,159,9.14%,1740
NORDESTE,29,BA,291380,IPECAETA,31,3.52%,37,4.2%,498,56.53%,154,17.48%,83,9.42%,78,8.85%,881
NORDESTE,29,BA,291390,IPIAU,63,3.67%,67,3.9%,1020,59.37%,275,16.01%,144,8.38%,149,8.67%,1718
NORDESTE,29,BA,291400,IPIRA,97,4.18%,100,4.31%,1315,56.71%,401,17.29%,219,9.44%,187,8.06%,2319
NORDESTE,29,BA,291410,IPUPIARA,12,2.19%,21,3.83%,401,73.04%,69,12.57%,32,5.83%,14,2.55%,549
NORDESTE,29,BA,291420,IRAJUBA,6,1.89%,11,3.47%,211,66.56%,51,16.09%,28,8.83%,10,3.15%,317
NORDESTE,29,BA,291430,IRAMAIA,14,3.09%,25,5.52%,291,64.24%,61,13.47%,36,7.95%,26,5.74%,453
NORDESTE,29,BA,291440,IRAQUARA,34,2.11%,45,2.79%,1087,67.35%,280,17.35%,103,6.38%,65,4.03%,1614
NORDESTE,29,BA,291450,IRARA,24,1.68%,44,3.08%,866,60.69%,277,19.41%,127,8.9%,89,6.24%,1427
NORDESTE,29,BA,291460,IRECE,52,1.51%,107,3.1%,2171,62.96%,628,18.21%,288,8.35%,202,5.86%,3448
NORDESTE,29,BA,291465,ITABELA,69,3.34%,70,3.39%,1250,60.59%,389,18.86%,177,8.58%,108,5.24%,2063
NORDESTE,29,BA,291470,ITABERABA,154,5%,141,4.57%,1861,60.36%,480,15.57%,232,7.53%,215,6.97%,3083
NORDESTE,29,BA,291480,ITABUNA,166,3.25%,198,3.88%,3080,60.39%,819,16.06%,425,8.33%,412,8.08%,5100
NORDESTE,29,BA,291490,ITACARE,37,2.26%,53,3.23%,1029,62.78%,293,17.88%,132,8.05%,95,5.8%,1639
NORDESTE,29,BA,291500,ITAETE,26,2.93%,46,5.18%,580,65.32%,133,14.98%,58,6.53%,45,5.07%,888
NORDESTE,29,BA,291510,ITAGI,12,1.83%,16,2.45%,415,63.46%,124,18.96%,50,7.65%,37,5.66%,654
NORDESTE,29,BA,291520,ITAGIBA,8,1.11%,23,3.2%,456,63.42%,120,16.69%,56,7.79%,56,7.79%,719
NORDESTE,29,BA,291530,ITAGIMIRIM,2,0.66%,11,3.61%,205,67.21%,46,15.08%,21,6.89%,20,6.56%,305
NORDESTE,29,BA,291535,ITAGUACU DA BAHIA,27,2.99%,42,4.66%,565,62.64%,146,16.19%,66,7.32%,56,6.21%,902
NORDESTE,29,BA,291540,ITAJU DO COLONIA,2,0.75%,8,3.01%,134,50.38%,57,21.43%,41,15.41%,24,9.02%,266
NORDESTE,29,BA,291550,ITAJUIPE,22,2.51%,17,1.94%,500,57.08%,202,23.06%,84,9.59%,51,5.82%,876
NORDESTE,29,BA,291560,ITAMARAJU,79,2.85%,90,3.25%,1753,63.33%,498,17.99%,188,6.79%,160,5.78%,2768
NORDESTE,29,BA,291570,ITAMARI,5,1.67%,14,4.67%,191,63.67%,50,16.67%,20,6.67%,20,6.67%,300
NORDESTE,29,BA,291580,ITAMBE,32,2.82%,43,3.8%,703,62.05%,185,16.33%,84,7.41%,86,7.59%,1133
NORDESTE,29,BA,291590,ITANAGRA,11,2.26%,21,4.31%,304,62.42%,83,17.04%,37,7.6%,31,6.37%,487
NORDESTE,29,BA,291600,ITANHEM,16,2.76%,19,3.28%,388,66.9%,86,14.83%,38,6.55%,33,5.69%,580
NORDESTE,29,BA,291610,ITAPARICA,61,6.51%,43,4.59%,508,54.22%,157,16.76%,98,10.46%,70,7.47%,937
NORDESTE,29,BA,291620,ITAPE,13,3.18%,15,3.67%,227,55.5%,83,20.29%,39,9.54%,32,7.82%,409
NORDESTE,29,BA,291630,ITAPEBI,11,2.32%,14,2.95%,319,67.3%,74,15.61%,35,7.38%,21,4.43%,474
NORDESTE,29,BA,291640,ITAPETINGA,31,1.11%,46,1.65%,1675,60.01%,585,20.96%,283,10.14%,171,6.13%,2791
NORDESTE,29,BA,291650,ITAPICURU,51,2.76%,57,3.09%,1126,61%,328,17.77%,173,9.37%,111,6.01%,1846
NORDESTE,29,BA,291660,ITAPITANGA,3,1.21%,15,6.07%,154,62.35%,41,16.6%,18,7.29%,16,6.48%,247
NORDESTE,29,BA,291670,ITAQUARA,6,1.76%,18,5.28%,246,72.14%,36,10.56%,20,5.87%,15,4.4%,341
NORDESTE,29,BA,291680,ITARANTIM,16,2.26%,15,2.12%,454,64.03%,131,18.48%,53,7.48%,40,5.64%,709
NORDESTE,29,BA,291685,ITATIM,45,4.09%,48,4.36%,695,63.18%,188,17.09%,74,6.73%,50,4.55%,1100
NORDESTE,29,BA,291690,ITIRUCU,12,2.21%,10,1.85%,364,67.16%,96,17.71%,33,6.09%,27,4.98%,542
NORDESTE,29,BA,291700,ITIUBA,49,2.45%,60,3%,1277,63.79%,328,16.38%,132,6.59%,156,7.79%,2002
NORDESTE,29,BA,291710,ITORORO,13,1.64%,19,2.4%,483,61.06%,136,17.19%,73,9.23%,67,8.47%,791
NORDESTE,29,BA,291720,ITUACU,25,2.43%,40,3.89%,657,63.91%,197,19.16%,76,7.39%,33,3.21%,1028
NORDESTE,29,BA,291730,ITUBERA,35,2.89%,35,2.89%,761,62.84%,191,15.77%,89,7.35%,100,8.26%,1211
NORDESTE,29,BA,291733,IUIU,18,2.96%,17,2.79%,382,62.73%,120,19.7%,54,8.87%,18,2.96%,609
NORDESTE,29,BA,291735,JABORANDI,12,1.83%,13,1.99%,454,69.42%,105,16.06%,34,5.2%,36,5.5%,654
NORDESTE,29,BA,291740,JACARACI,17,2.75%,29,4.69%,433,70.06%,90,14.56%,32,5.18%,17,2.75%,618
NORDESTE,29,BA,291750,JACOBINA,177,4.4%,172,4.28%,2498,62.09%,639,15.88%,294,7.31%,243,6.04%,4023
NORDESTE,29,BA,291760,JAGUAQUARA,31,1.54%,65,3.23%,1334,66.2%,353,17.52%,136,6.75%,96,4.76%,2015
NORDESTE,29,BA,291770,JAGUARARI,47,3.37%,51,3.66%,805,57.75%,233,16.71%,129,9.25%,129,9.25%,1394
NORDESTE,29,BA,291780,JAGUARIPE,15,1.6%,47,5%,593,63.09%,156,16.6%,77,8.19%,52,5.53%,940
NORDESTE,29,BA,291790,JANDAIRA,22,3.4%,23,3.55%,362,55.95%,108,16.69%,77,11.9%,55,8.5%,647
NORDESTE,29,BA,291800,JEQUIE,142,2.28%,193,3.1%,4075,65.49%,1031,16.57%,421,6.77%,360,5.79%,6222
NORDESTE,29,BA,291810,JEREMOABO,31,1.55%,55,2.74%,1203,59.97%,407,20.29%,180,8.97%,130,6.48%,2006
NORDESTE,29,BA,291820,JIQUIRICA,18,2.54%,20,2.82%,443,62.48%,114,16.08%,56,7.9%,58,8.18%,709
NORDESTE,29,BA,291830,JITAUNA,24,2.9%,32,3.86%,553,66.71%,133,16.04%,51,6.15%,36,4.34%,829
NORDESTE,29,BA,291835,JOAO DOURADO,53,3.61%,51,3.47%,878,59.73%,269,18.3%,122,8.3%,97,6.6%,1470
NORDESTE,29,BA,291840,JUAZEIRO,399,3.05%,586,4.48%,8349,63.83%,2110,16.13%,895,6.84%,741,5.67%,13080
NORDESTE,29,BA,291845,JUCURUCU,13,2.42%,20,3.72%,336,62.57%,99,18.44%,38,7.08%,31,5.77%,537
NORDESTE,29,BA,291850,JUSSARA,22,2.33%,39,4.12%,611,64.59%,161,17.02%,61,6.45%,52,5.5%,946
NORDESTE,29,BA,291855,JUSSARI,3,1.32%,6,2.63%,150,65.79%,34,14.91%,21,9.21%,14,6.14%,228
NORDESTE,29,BA,291860,JUSSIAPE,2,0.74%,16,5.93%,179,66.3%,45,16.67%,13,4.81%,15,5.56%,270
NORDESTE,29,BA,291870,LAFAIETE COUTINHO,2,1.04%,6,3.11%,120,62.18%,44,22.8%,17,8.81%,4,2.07%,193
NORDESTE,29,BA,291875,LAGOA REAL,17,2.55%,22,3.3%,471,70.61%,103,15.44%,30,4.5%,24,3.6%,667
NORDESTE,29,BA,291880,LAJE,38,3.31%,52,4.53%,685,59.72%,176,15.34%,84,7.32%,112,9.76%,1147
NORDESTE,29,BA,291890,LAJEDAO,10,4.26%,6,2.55%,124,52.77%,43,18.3%,31,13.19%,21,8.94%,235
NORDESTE,29,BA,291900,LAJEDINHO,8,3.76%,7,3.29%,124,58.22%,35,16.43%,22,10.33%,17,7.98%,213
NORDESTE,29,BA,291905,LAJEDO DO TABOCAL,3,0.96%,7,2.23%,227,72.29%,49,15.61%,19,6.05%,9,2.87%,314
NORDESTE,29,BA,291910,LAMARAO,27,5.29%,32,6.27%,280,54.9%,84,16.47%,48,9.41%,39,7.65%,510
NORDESTE,29,BA,291915,LAPAO,35,2%,53,3.03%,1132,64.61%,322,18.38%,117,6.68%,93,5.31%,1752
NORDESTE,29,BA,291920,LAURO DE FREITAS,217,3.64%,246,4.13%,3586,60.18%,1010,16.95%,475,7.97%,425,7.13%,5959
NORDESTE,29,BA,291930,LENCOIS,9,2.36%,6,1.57%,243,63.78%,72,18.9%,29,7.61%,22,5.77%,381
NORDESTE,29,BA,291940,LICINIO DE ALMEIDA,4,0.66%,13,2.14%,447,73.52%,99,16.28%,30,4.93%,15,2.47%,608
NORDESTE,29,BA,291950,LIVRAMENTO DE NOSSA SENHORA,47,2.39%,70,3.56%,1350,68.7%,309,15.73%,121,6.16%,68,3.46%,1965
NORDESTE,29,BA,291955,LUIS EDUARDO MAGALHAES,125,1.74%,240,3.34%,4795,66.78%,1249,17.4%,464,6.46%,307,4.28%,7180
NORDESTE,29,BA,291960,MACAJUBA,16,2.68%,20,3.35%,402,67.34%,89,14.91%,37,6.2%,33,5.53%,597
NORDESTE,29,BA,291970,MACARANI,16,2.42%,22,3.33%,438,66.26%,111,16.79%,40,6.05%,34,5.14%,661
NORDESTE,29,BA,291980,MACAUBAS,30,1.41%,88,4.12%,1538,72.04%,324,15.18%,106,4.96%,49,2.3%,2135
NORDESTE,29,BA,291990,MACURURE,18,3.67%,20,4.07%,317,64.56%,68,13.85%,32,6.52%,36,7.33%,491
NORDESTE,29,BA,291992,MADRE DE DEUS,18,3.64%,11,2.22%,227,45.86%,109,22.02%,55,11.11%,75,15.15%,495
NORDESTE,29,BA,291995,MAETINGA,13,3.44%,14,3.7%,272,71.96%,50,13.23%,20,5.29%,9,2.38%,378
NORDESTE,29,BA,292000,MAIQUINIQUE,4,0.99%,12,2.97%,259,64.11%,71,17.57%,33,8.17%,25,6.19%,404
NORDESTE,29,BA,292010,MAIRI,30,3.67%,28,3.43%,507,62.06%,138,16.89%,66,8.08%,48,5.88%,817
NORDESTE,29,BA,292020,MALHADA,19,1.74%,38,3.48%,763,69.81%,153,14%,68,6.22%,52,4.76%,1093
NORDESTE,29,BA,292030,MALHADA DE PEDRAS,5,1.2%,20,4.78%,306,73.21%,61,14.59%,16,3.83%,10,2.39%,418
NORDESTE,29,BA,292040,MANOEL VITORINO,32,4.39%,21,2.88%,394,54.05%,131,17.97%,69,9.47%,82,11.25%,729
NORDESTE,29,BA,292045,MANSIDAO,35,5.29%,23,3.47%,413,62.39%,94,14.2%,49,7.4%,48,7.25%,662
NORDESTE,29,BA,292050,MARACAS,19,1.64%,29,2.5%,789,67.9%,175,15.06%,77,6.63%,73,6.28%,1162
NORDESTE,29,BA,292060,MARAGOGIPE,87,4.84%,82,4.56%,953,52.97%,282,15.68%,189,10.51%,206,11.45%,1799
NORDESTE,29,BA,292070,MARAU,61,4.43%,56,4.07%,841,61.12%,210,15.26%,107,7.78%,101,7.34%,1376
NORDESTE,29,BA,292080,MARCIONILIO SOUZA,12,2.03%,13,2.2%,394,66.55%,96,16.22%,32,5.41%,45,7.6%,592
NORDESTE,29,BA,292090,MASCOTE,8,1.86%,10,2.33%,294,68.53%,70,16.32%,26,6.06%,21,4.9%,429
NORDESTE,29,BA,292100,MATA DE SAO JOAO,69,2.4%,81,2.82%,1719,59.75%,517,17.97%,269,9.35%,222,7.72%,2877
NORDESTE,29,BA,292105,MATINA,4,0.75%,15,2.82%,404,76.08%,69,12.99%,23,4.33%,16,3.01%,531
NORDESTE,29,BA,292110,MEDEIROS NETO,20,1.83%,31,2.84%,693,63.4%,190,17.38%,96,8.78%,63,5.76%,1093
NORDESTE,29,BA,292120,MIGUEL CALMON,23,1.88%,33,2.7%,808,66.07%,210,17.17%,90,7.36%,59,4.82%,1223
NORDESTE,29,BA,292130,MILAGRES,8,1.5%,26,4.89%,325,61.09%,88,16.54%,48,9.02%,37,6.95%,532
NORDESTE,29,BA,292140,MIRANGABA,22,2.7%,38,4.67%,530,65.11%,123,15.11%,64,7.86%,37,4.55%,814
NORDESTE,29,BA,292145,MIRANTE,7,1.37%,13,2.54%,356,69.53%,87,16.99%,33,6.45%,16,3.13%,512
NORDESTE,29,BA,292150,MONTE SANTO,73,2.84%,91,3.54%,1494,58.18%,474,18.46%,226,8.8%,210,8.18%,2568
NORDESTE,29,BA,292160,MORPARA,15,3.11%,17,3.52%,320,66.25%,70,14.49%,37,7.66%,24,4.97%,483
NORDESTE,29,BA,292170,MORRO DO CHAPEU,31,1.91%,60,3.7%,1083,66.77%,277,17.08%,103,6.35%,68,4.19%,1622
NORDESTE,29,BA,292180,MORTUGABA,6,1.1%,25,4.6%,395,72.61%,80,14.71%,21,3.86%,17,3.13%,544
NORDESTE,29,BA,292190,MUCUGE,20,2.81%,25,3.51%,446,62.64%,138,19.38%,50,7.02%,33,4.63%,712
NORDESTE,29,BA,292200,MUCURI,37,1.88%,58,2.95%,1258,64.05%,349,17.77%,153,7.79%,109,5.55%,1964
NORDESTE,29,BA,292205,MULUNGU DO MORRO,25,2.84%,21,2.38%,581,65.95%,155,17.59%,58,6.58%,41,4.65%,881
NORDESTE,29,BA,292210,MUNDO NOVO,29,3.82%,31,4.08%,474,62.37%,117,15.39%,52,6.84%,57,7.5%,760
NORDESTE,29,BA,292220,MUNIZ FERREIRA,7,2.35%,8,2.68%,174,58.39%,49,16.44%,30,10.07%,30,10.07%,298
NORDESTE,29,BA,292225,MUQUEM DE SAO FRANCISCO,22,3.59%,27,4.4%,365,59.54%,95,15.5%,59,9.62%,45,7.34%,613
NORDESTE,29,BA,292230,MURITIBA,28,1.74%,30,1.86%,1008,62.65%,296,18.4%,136,8.45%,111,6.9%,1609
NORDESTE,29,BA,292240,MUTUIPE,16,1.68%,33,3.47%,578,60.78%,191,20.08%,80,8.41%,53,5.57%,951
NORDESTE,29,BA,292250,NAZARE,62,5.76%,38,3.53%,630,58.55%,164,15.24%,96,8.92%,86,7.99%,1076
NORDESTE,29,BA,292260,NILO PECANHA,30,4.01%,26,3.48%,413,55.21%,146,19.52%,86,11.5%,47,6.28%,748
NORDESTE,29,BA,292265,NORDESTINA,10,1.35%,31,4.17%,478,64.33%,127,17.09%,55,7.4%,42,5.65%,743
NORDESTE,29,BA,292270,NOVA CANAA,6,0.95%,13,2.06%,391,61.97%,131,20.76%,60,9.51%,30,4.75%,631
NORDESTE,29,BA,292273,NOVA FATIMA,24,6.32%,15,3.95%,240,63.16%,62,16.32%,23,6.05%,16,4.21%,380
NORDESTE,29,BA,292275,NOVA IBIA,3,0.85%,4,1.13%,220,62.15%,66,18.64%,35,9.89%,26,7.34%,354
NORDESTE,29,BA,292280,NOVA ITARANA,5,1.32%,22,5.82%,248,65.61%,46,12.17%,29,7.67%,28,7.41%,378
NORDESTE,29,BA,292285,NOVA REDENCAO,16,4.26%,25,6.65%,234,62.23%,53,14.1%,23,6.12%,25,6.65%,376
NORDESTE,29,BA,292290,NOVA SOURE,17,1.29%,40,3.04%,789,60.05%,268,20.4%,126,9.59%,74,5.63%,1314
NORDESTE,29,BA,292300,NOVA VICOSA,94,4.44%,109,5.15%,1259,59.5%,352,16.64%,165,7.8%,137,6.47%,2116
NORDESTE,29,BA,292303,NOVO HORIZONTE,16,2.31%,30,4.34%,465,67.2%,115,16.62%,41,5.92%,25,3.61%,692
NORDESTE,29,BA,292305,NOVO TRIUNFO,10,2.06%,23,4.74%,311,64.12%,74,15.26%,37,7.63%,30,6.19%,485
NORDESTE,29,BA,292310,OLINDINA,38,3.55%,43,4.02%,632,59.12%,178,16.65%,97,9.07%,81,7.58%,1069
NORDESTE,29,BA,292320,OLIVEIRA DOS BREJINHOS,43,3.63%,45,3.79%,789,66.53%,177,14.92%,77,6.49%,55,4.64%,1186
NORDESTE,29,BA,292330,OURICANGAS,3,0.74%,5,1.24%,249,61.63%,80,19.8%,46,11.39%,21,5.2%,404
NORDESTE,29,BA,292335,OUROLANDIA,36,3.07%,42,3.58%,713,60.84%,187,15.96%,106,9.04%,88,7.51%,1172
NORDESTE,29,BA,292340,PALMAS DE MONTE ALTO,20,2%,33,3.31%,665,66.63%,162,16.23%,80,8.02%,38,3.81%,998
NORDESTE,29,BA,292350,PALMEIRAS,15,2.78%,23,4.27%,351,65.12%,83,15.4%,42,7.79%,25,4.64%,539
NORDESTE,29,BA,292360,PARAMIRIM,24,2.84%,32,3.79%,590,69.91%,121,14.34%,52,6.16%,25,2.96%,844
NORDESTE,29,BA,292370,PARATINGA,57,2.84%,93,4.64%,1307,65.19%,319,15.91%,127,6.33%,102,5.09%,2005
NORDESTE,29,BA,292380,PARIPIRANGA,22,1.67%,40,3.04%,867,65.93%,221,16.81%,106,8.06%,59,4.49%,1315
NORDESTE,29,BA,292390,PAU BRASIL,8,1.15%,31,4.47%,421,60.66%,131,18.88%,62,8.93%,41,5.91%,694
NORDESTE,29,BA,292400,PAULO AFONSO,93,1.8%,158,3.06%,3245,62.77%,973,18.82%,449,8.68%,252,4.87%,5170
NORDESTE,29,BA,292405,PE DE SERRA,13,1.57%,23,2.78%,596,71.98%,129,15.58%,44,5.31%,23,2.78%,828
NORDESTE,29,BA,292410,PEDRAO,8,2.28%,21,5.98%,206,58.69%,54,15.38%,32,9.12%,30,8.55%,351
NORDESTE,29,BA,292420,PEDRO ALEXANDRE,15,1.59%,31,3.28%,556,58.9%,203,21.5%,75,7.94%,64,6.78%,944
NORDESTE,29,BA,292430,PIATA,17,1.72%,40,4.05%,646,65.38%,163,16.5%,72,7.29%,50,5.06%,988
NORDESTE,29,BA,292440,PILAO ARCADO,95,5.52%,72,4.19%,931,54.13%,254,14.77%,176,10.23%,192,11.16%,1720
NORDESTE,29,BA,292450,PINDAI,17,2.26%,19,2.53%,512,68.18%,102,13.58%,51,6.79%,50,6.66%,751
NORDESTE,29,BA,292460,PINDOBACU,33,2.81%,45,3.83%,733,62.38%,206,17.53%,85,7.23%,73,6.21%,1175
NORDESTE,29,BA,292465,PINTADAS,6,1.17%,18,3.52%,350,68.36%,89,17.38%,33,6.45%,16,3.13%,512
NORDESTE,29,BA,292467,PIRAI DO NORTE,22,4.7%,22,4.7%,285,60.9%,70,14.96%,35,7.48%,34,7.26%,468
NORDESTE,29,BA,292470,PIRIPA,10,2.32%,15,3.48%,296,68.68%,69,16.01%,24,5.57%,17,3.94%,431
NORDESTE,29,BA,292480,PIRITIBA,22,2.74%,31,3.87%,482,60.1%,123,15.34%,68,8.48%,76,9.48%,802
NORDESTE,29,BA,292490,PLANALTINO,3,0.99%,12,3.97%,196,64.9%,64,21.19%,18,5.96%,9,2.98%,302
NORDESTE,29,BA,292500,PLANALTO,19,1.51%,40,3.17%,847,67.12%,208,16.48%,97,7.69%,51,4.04%,1262
NORDESTE,29,BA,292510,POCOES,52,2.37%,63,2.88%,1402,64.02%,376,17.17%,165,7.53%,132,6.03%,2190
NORDESTE,29,BA,292520,POJUCA,25,2.5%,43,4.3%,626,62.66%,145,14.51%,83,8.31%,77,7.71%,999
NORDESTE,29,BA,292525,PONTO NOVO,44,3.46%,71,5.59%,762,60%,214,16.85%,107,8.43%,72,5.67%,1270
NORDESTE,29,BA,292530,PORTO SEGURO,185,2.98%,215,3.46%,3675,59.19%,1154,18.59%,545,8.78%,435,7.01%,6209
NORDESTE,29,BA,292540,POTIRAGUA,96,19.24%,17,3.41%,244,48.9%,76,15.23%,42,8.42%,24,4.81%,499
NORDESTE,29,BA,292550,PRADO,71,3.26%,95,4.36%,1458,66.94%,316,14.51%,144,6.61%,94,4.32%,2178
NORDESTE,29,BA,292560,PRESIDENTE DUTRA,18,2.62%,27,3.94%,480,69.97%,94,13.7%,40,5.83%,27,3.94%,686
NORDESTE,29,BA,292570,PRESIDENTE JANIO QUADROS,15,2.15%,27,3.87%,483,69.3%,107,15.35%,44,6.31%,21,3.01%,697
NORDESTE,29,BA,292575,PRESIDENTE TANCREDO NEVES,24,1.4%,50,2.92%,1058,61.73%,315,18.38%,169,9.86%,98,5.72%,1714
NORDESTE,29,BA,292580,QUEIMADAS,51,4.2%,60,4.94%,737,60.71%,179,14.74%,123,10.13%,64,5.27%,1214
NORDESTE,29,BA,292590,QUIJINGUE,51,3.74%,58,4.26%,792,58.15%,229,16.81%,124,9.1%,108,7.93%,1362
NORDESTE,29,BA,292593,QUIXABEIRA,7,2.01%,10,2.87%,232,66.67%,61,17.53%,24,6.9%,14,4.02%,348
NORDESTE,29,BA,292595,RAFAEL JAMBEIRO,42,3.94%,38,3.57%,629,59.06%,172,16.15%,96,9.01%,88,8.26%,1065
NORDESTE,29,BA,292600,REMANSO,62,2.52%,87,3.53%,1571,63.81%,422,17.14%,187,7.6%,133,5.4%,2462
NORDESTE,29,BA,292610,RETIROLANDIA,24,3%,35,4.38%,498,62.25%,131,16.38%,71,8.88%,41,5.13%,800
NORDESTE,29,BA,292620,RIACHAO DAS NEVES,40,3.24%,50,4.05%,669,54.13%,202,16.34%,128,10.36%,147,11.89%,1236
NORDESTE,29,BA,292630,RIACHAO DO JACUIPE,32,2.44%,41,3.13%,793,60.53%,202,15.42%,121,9.24%,121,9.24%,1310
NORDESTE,29,BA,292640,RIACHO DE SANTANA,36,2.49%,60,4.15%,957,66.14%,239,16.52%,90,6.22%,65,4.49%,1447
NORDESTE,29,BA,292650,RIBEIRA DO AMPARO,38,4.6%,42,5.08%,499,60.41%,119,14.41%,73,8.84%,55,6.66%,826
NORDESTE,29,BA,292660,RIBEIRA DO POMBAL,59,2.06%,77,2.69%,1831,63.89%,536,18.7%,210,7.33%,153,5.34%,2866
NORDESTE,29,BA,292665,RIBEIRAO DO LARGO,7,1.7%,12,2.92%,228,55.47%,91,22.14%,37,9%,36,8.76%,411
NORDESTE,29,BA,292670,RIO DE CONTAS,12,2.2%,14,2.56%,384,70.33%,88,16.12%,31,5.68%,17,3.11%,546
NORDESTE,29,BA,292680,RIO DO ANTONIO,20,3.64%,29,5.27%,350,63.64%,95,17.27%,39,7.09%,17,3.09%,550
NORDESTE,29,BA,292690,RIO DO PIRES,4,0.98%,18,4.4%,253,61.86%,78,19.07%,30,7.33%,26,6.36%,409
NORDESTE,29,BA,292700,RIO REAL,23,1.32%,39,2.24%,1033,59.37%,368,21.15%,172,9.89%,105,6.03%,1740
NORDESTE,29,BA,292710,RODELAS,14,2.04%,24,3.49%,451,65.65%,115,16.74%,37,5.39%,46,6.7%,687
NORDESTE,29,BA,292720,RUY BARBOSA,22,1.44%,55,3.6%,1121,73.41%,202,13.23%,79,5.17%,48,3.14%,1527
NORDESTE,29,BA,292730,SALINAS DA MARGARIDA,44,5.17%,30,3.53%,417,49%,110,12.93%,88,10.34%,162,19.04%,851
NORDESTE,29,BA,292740,SALVADOR,1630,2.51%,2057,3.17%,39966,61.6%,11656,17.97%,5411,8.34%,4161,6.41%,64881
NORDESTE,29,BA,292750,SANTA BARBARA,25,2.7%,45,4.86%,551,59.5%,136,14.69%,101,10.91%,68,7.34%,926
NORDESTE,29,BA,292760,SANTA BRIGIDA,7,0.71%,12,1.22%,587,59.78%,207,21.08%,115,11.71%,54,5.5%,982
NORDESTE,29,BA,292770,SANTA CRUZ CABRALIA,56,3.49%,65,4.05%,1008,62.84%,236,14.71%,130,8.1%,109,6.8%,1604
NORDESTE,29,BA,292780,SANTA CRUZ DA VITORIA,0,-,12,5.08%,165,69.92%,37,15.68%,12,5.08%,10,4.24%,236
NORDESTE,29,BA,292790,SANTA INES,7,1.44%,23,4.73%,330,67.9%,76,15.64%,29,5.97%,21,4.32%,486
NORDESTE,29,BA,292800,SANTALUZ,23,1.16%,43,2.17%,1211,61.13%,393,19.84%,195,9.84%,116,5.86%,1981
NORDESTE,29,BA,292805,SANTA LUZIA,19,2.84%,34,5.07%,435,64.93%,124,18.51%,31,4.63%,27,4.03%,670
NORDESTE,29,BA,292810,SANTA MARIA DA VITORIA,66,3.4%,85,4.37%,1162,59.8%,318,16.37%,169,8.7%,143,7.36%,1943
NORDESTE,29,BA,292820,SANTANA,31,2.38%,41,3.15%,838,64.31%,231,17.73%,91,6.98%,71,5.45%,1303
NORDESTE,29,BA,292830,SANTANOPOLIS,11,2.21%,20,4.02%,312,62.65%,87,17.47%,44,8.84%,24,4.82%,498
NORDESTE,29,BA,292840,SANTA RITA DE CASSIA,41,2.56%,87,5.44%,1110,69.42%,205,12.82%,88,5.5%,68,4.25%,1599
NORDESTE,29,BA,292850,SANTA TEREZINHA,7,1.3%,19,3.52%,373,69.07%,82,15.19%,33,6.11%,26,4.81%,540
NORDESTE,29,BA,292860,SANTO AMARO,81,3.32%,88,3.6%,1160,47.48%,420,17.19%,297,12.16%,397,16.25%,2443
NORDESTE,29,BA,292870,SANTO ANTONIO DE JESUS,84,1.99%,138,3.27%,2592,61.49%,786,18.65%,361,8.56%,254,6.03%,4215
NORDESTE,29,BA,292880,SANTO ESTEVAO,69,2.68%,87,3.38%,1603,62.35%,442,17.19%,204,7.93%,166,6.46%,2571
NORDESTE,29,BA,292890,SAO DESIDERIO,68,3.39%,87,4.34%,1229,61.33%,363,18.11%,139,6.94%,118,5.89%,2004
NORDESTE,29,BA,292895,SAO DOMINGOS,6,1.49%,12,2.97%,262,64.85%,77,19.06%,35,8.66%,12,2.97%,404
NORDESTE,29,BA,292900,SAO FELIX,15,3.03%,18,3.64%,290,58.59%,84,16.97%,36,7.27%,52,10.51%,495
NORDESTE,29,BA,292905,SAO FELIX DO CORIBE,25,3.14%,42,5.27%,526,66%,120,15.06%,58,7.28%,26,3.26%,797
NORDESTE,29,BA,292910,SAO FELIPE,14,1.47%,32,3.36%,613,64.39%,181,19.01%,64,6.72%,48,5.04%,952
NORDESTE,29,BA,292920,SAO FRANCISCO DO CONDE,65,4.8%,81,5.98%,788,58.15%,188,13.87%,89,6.57%,144,10.63%,1355
NORDESTE,29,BA,292925,SAO GABRIEL,61,5.73%,52,4.89%,613,57.61%,196,18.42%,83,7.8%,59,5.55%,1064
NORDESTE,29,BA,292930,SAO GONCALO DOS CAMPOS,53,4.25%,64,5.13%,704,56.41%,234,18.75%,100,8.01%,93,7.45%,1248
NORDESTE,29,BA,292935,SAO JOSE DA VITORIA,4,1.24%,19,5.9%,196,60.87%,57,17.7%,33,10.25%,13,4.04%,322
NORDESTE,29,BA,292937,SAO JOSE DO JACUIPE,8,1.48%,17,3.15%,376,69.63%,84,15.56%,31,5.74%,24,4.44%,540
NORDESTE,29,BA,292940,SAO MIGUEL DAS MATAS,6,1.1%,21,3.86%,336,61.76%,101,18.57%,45,8.27%,35,6.43%,544
NORDESTE,29,BA,292950,SAO SEBASTIAO DO PASSE,39,2.59%,38,2.53%,908,60.41%,291,19.36%,120,7.98%,107,7.12%,1503
NORDESTE,29,BA,292960,SAPEACU,12,1.33%,33,3.66%,548,60.75%,154,17.07%,88,9.76%,67,7.43%,902
NORDESTE,29,BA,292970,SATIRO DIAS,28,3.21%,29,3.33%,496,56.88%,144,16.51%,82,9.4%,93,10.67%,872
NORDESTE,29,BA,292975,SAUBARA,63,10.5%,41,6.83%,284,47.33%,78,13%,65,10.83%,69,11.5%,600
NORDESTE,29,BA,292980,SAUDE,15,3.09%,15,3.09%,328,67.49%,74,15.23%,25,5.14%,29,5.97%,486
NORDESTE,29,BA,292990,SEABRA,79,3.58%,126,5.7%,1466,66.36%,302,13.67%,130,5.89%,106,4.8%,2209
NORDESTE,29,BA,293000,SEBASTIAO LARANJEIRAS,5,1.04%,9,1.88%,342,71.4%,78,16.28%,32,6.68%,13,2.71%,479
NORDESTE,29,BA,293010,SENHOR DO BONFIM,95,2.9%,146,4.46%,1989,60.71%,543,16.58%,293,8.94%,210,6.41%,3276
NORDESTE,29,BA,293015,SERRA DO RAMALHO,33,1.37%,96,3.98%,1725,71.52%,342,14.18%,137,5.68%,79,3.28%,2412
NORDESTE,29,BA,293020,SENTO SE,59,2.54%,97,4.17%,1483,63.73%,370,15.9%,177,7.61%,141,6.06%,2327
NORDESTE,29,BA,293030,SERRA DOURADA,23,2.58%,39,4.37%,576,64.57%,157,17.6%,62,6.95%,35,3.92%,892
NORDESTE,29,BA,293040,SERRA PRETA,21,3.38%,30,4.83%,387,62.32%,94,15.14%,54,8.7%,35,5.64%,621
NORDESTE,29,BA,293050,SERRINHA,121,3.24%,155,4.15%,2300,61.65%,628,16.83%,273,7.32%,254,6.81%,3731
NORDESTE,29,BA,293060,SERROLANDIA,12,1.82%,27,4.1%,446,67.68%,96,14.57%,48,7.28%,30,4.55%,659
NORDESTE,29,BA,293070,SIMOES FILHO,205,5.17%,181,4.57%,2256,56.91%,604,15.24%,342,8.63%,376,9.49%,3964
NORDESTE,29,BA,293075,SITIO DO MATO,31,3.18%,42,4.31%,546,56%,171,17.54%,109,11.18%,76,7.79%,975
NORDESTE,29,BA,293076,SITIO DO QUINTO,13,2.13%,14,2.29%,386,63.18%,124,20.29%,47,7.69%,27,4.42%,611
NORDESTE,29,BA,293077,SOBRADINHO,55,3.72%,56,3.78%,862,58.24%,248,16.76%,125,8.45%,134,9.05%,1480
NORDESTE,29,BA,293080,SOUTO SOARES,11,1.08%,38,3.71%,719,70.28%,163,15.93%,45,4.4%,47,4.59%,1023
NORDESTE,29,BA,293090,TABOCAS DO BREJO VELHO,31,4.41%,32,4.55%,466,66.29%,104,14.79%,47,6.69%,23,3.27%,703
NORDESTE,29,BA,293100,TANHACU,10,0.93%,27,2.51%,753,70.05%,161,14.98%,63,5.86%,61,5.67%,1075
NORDESTE,29,BA,293105,TANQUE NOVO,20,1.88%,43,4.03%,771,72.33%,139,13.04%,63,5.91%,30,2.81%,1066
NORDESTE,29,BA,293110,TANQUINHO,10,3.39%,5,1.69%,189,64.07%,50,16.95%,26,8.81%,15,5.08%,295
NORDESTE,29,BA,293120,TAPEROA,23,2.52%,54,5.91%,569,62.25%,149,16.3%,71,7.77%,48,5.25%,914
NORDESTE,29,BA,293130,TAPIRAMUTA,15,2.41%,34,5.47%,386,62.06%,118,18.97%,37,5.95%,32,5.14%,622
NORDESTE,29,BA,293135,TEIXEIRA DE FREITAS,254,4.3%,280,4.74%,3570,60.5%,952,16.13%,478,8.1%,367,6.22%,5901
NORDESTE,29,BA,293140,TEODORO SAMPAIO,10,3.55%,3,1.06%,187,66.31%,47,16.67%,16,5.67%,19,6.74%,282
NORDESTE,29,BA,293150,TEOFILANDIA,33,3.21%,40,3.89%,629,61.25%,183,17.82%,79,7.69%,63,6.13%,1027
NORDESTE,29,BA,293160,TEOLANDIA,22,3.27%,24,3.57%,401,59.58%,116,17.24%,70,10.4%,40,5.94%,673
NORDESTE,29,BA,293170,TERRA NOVA,11,2.06%,22,4.12%,272,50.94%,113,21.16%,60,11.24%,56,10.49%,534
NORDESTE,29,BA,293180,TREMEDAL,17,2.25%,23,3.05%,481,63.71%,137,18.15%,53,7.02%,44,5.83%,755
NORDESTE,29,BA,293190,TUCANO,38,1.36%,67,2.4%,1834,65.83%,492,17.66%,218,7.82%,137,4.92%,2786
NORDESTE,29,BA,293200,UAUA,38,2.64%,44,3.05%,945,65.53%,228,15.81%,93,6.45%,94,6.52%,1442
NORDESTE,29,BA,293210,UBAIRA,16,1.66%,45,4.67%,631,65.52%,137,14.23%,70,7.27%,64,6.65%,963
NORDESTE,29,BA,293220,UBAITABA,18,1.97%,20,2.19%,575,62.98%,170,18.62%,76,8.32%,54,5.91%,913
NORDESTE,29,BA,293230,UBATA,31,5.18%,25,4.18%,329,55.02%,103,17.22%,69,11.54%,41,6.86%,598
NORDESTE,29,BA,293240,UIBAI,12,1.87%,23,3.58%,421,65.47%,120,18.66%,38,5.91%,29,4.51%,643
NORDESTE,29,BA,293245,UMBURANAS,16,1.7%,39,4.15%,613,65.28%,147,15.65%,73,7.77%,51,5.43%,939
NORDESTE,29,BA,293250,UNA,14,1.33%,24,2.29%,690,65.71%,184,17.52%,83,7.9%,55,5.24%,1050
NORDESTE,29,BA,293260,URANDI,16,2.27%,27,3.84%,468,66.48%,107,15.2%,42,5.97%,44,6.25%,704
NORDESTE,29,BA,293270,URUCUCA,139,10.95%,77,6.07%,658,51.85%,171,13.48%,94,7.41%,130,10.24%,1269
NORDESTE,29,BA,293280,UTINGA,23,2.57%,41,4.58%,596,66.59%,135,15.08%,59,6.59%,41,4.58%,895
NORDESTE,29,BA,293290,VALENCA,81,2.42%,105,3.14%,1898,56.69%,652,19.47%,339,10.13%,273,8.15%,3348
NORDESTE,29,BA,293300,VALENTE,22,1.96%,24,2.14%,766,68.15%,201,17.88%,79,7.03%,32,2.85%,1124
NORDESTE,29,BA,293305,VARZEA DA ROCA,17,2.51%,29,4.28%,386,57.02%,124,18.32%,62,9.16%,59,8.71%,677
NORDESTE,29,BA,293310,VARZEA DO POCO,10,3.42%,6,2.05%,175,59.93%,54,18.49%,28,9.59%,19,6.51%,292
NORDESTE,29,BA,293315,VARZEA NOVA,21,2.59%,47,5.79%,558,68.72%,93,11.45%,50,6.16%,43,5.3%,812
NORDESTE,29,BA,293317,VARZEDO,8,2.23%,9,2.51%,214,59.61%,62,17.27%,35,9.75%,31,8.64%,359
NORDESTE,29,BA,293320,VERA CRUZ,46,2.6%,65,3.68%,1075,60.84%,291,16.47%,150,8.49%,140,7.92%,1767
NORDESTE,29,BA,293325,VEREDA,7,2.16%,9,2.78%,195,60.19%,66,20.37%,24,7.41%,23,7.1%,324
NORDESTE,29,BA,293330,VITORIA DA CONQUISTA,228,1.68%,419,3.09%,9193,67.88%,2285,16.87%,916,6.76%,502,3.71%,13543
NORDESTE,29,BA,293340,WAGNER,13,3.13%,20,4.81%,255,61.3%,61,14.66%,37,8.89%,30,7.21%,416
NORDESTE,29,BA,293345,WANDERLEY,14,2.07%,22,3.25%,469,69.28%,88,13%,51,7.53%,33,4.87%,677
NORDESTE,29,BA,293350,WENCESLAU GUIMARAES,38,2.83%,52,3.87%,818,60.82%,225,16.73%,103,7.66%,109,8.1%,1345
NORDESTE,29,BA,293360,XIQUE-XIQUE,122,4.41%,130,4.7%,1805,65.28%,379,13.71%,182,6.58%,147,5.32%,2765
SUDESTE,31,MG,310010,ABADIA DOS DOURADOS,1,0.41%,4,1.65%,147,60.74%,60,24.79%,14,5.79%,16,6.61%,242
SUDESTE,31,MG,310020,ABAETE,12,1.45%,14,1.69%,541,65.42%,153,18.5%,56,6.77%,51,6.17%,827
SUDESTE,31,MG,310030,ABRE CAMPO,26,4.78%,28,5.15%,335,61.58%,85,15.63%,29,5.33%,41,7.54%,544
SUDESTE,31,MG,310040,ACAIACA,1,0.71%,7,5%,83,59.29%,29,20.71%,11,7.86%,9,6.43%,140
SUDESTE,31,MG,310050,ACUCENA,3,0.75%,8,2.01%,246,61.65%,83,20.8%,35,8.77%,24,6.02%,399
SUDESTE,31,MG,310060,AGUA BOA,17,2.69%,34,5.39%,359,56.89%,107,16.96%,62,9.83%,52,8.24%,631
SUDESTE,31,MG,310070,AGUA COMPRIDA,0,-,5,3.7%,89,65.93%,25,18.52%,10,7.41%,6,4.44%,135
SUDESTE,31,MG,310080,AGUANIL,2,0.8%,6,2.41%,164,65.86%,51,20.48%,16,6.43%,10,4.02%,249
SUDESTE,31,MG,310090,AGUAS FORMOSAS,32,3.19%,33,3.29%,585,58.33%,190,18.94%,70,6.98%,93,9.27%,1003
SUDESTE,31,MG,310100,AGUAS VERMELHAS,18,2.13%,21,2.48%,552,65.25%,176,20.8%,48,5.67%,31,3.66%,846
SUDESTE,31,MG,310110,AIMORES,34,3.46%,37,3.77%,584,59.47%,193,19.65%,73,7.43%,61,6.21%,982
SUDESTE,31,MG,310120,AIURUOCA,2,1.07%,5,2.67%,125,66.84%,35,18.72%,11,5.88%,9,4.81%,187
SUDESTE,31,MG,310130,ALAGOA,1,0.68%,2,1.37%,106,72.6%,29,19.86%,6,4.11%,2,1.37%,146
SUDESTE,31,MG,310140,ALBERTINA,0,-,2,1.1%,101,55.49%,40,21.98%,27,14.84%,12,6.59%,182
SUDESTE,31,MG,310150,ALEM PARAIBA,23,2.02%,42,3.69%,650,57.07%,236,20.72%,114,10.01%,74,6.5%,1139
SUDESTE,31,MG,310160,ALFENAS,39,1.98%,71,3.6%,1249,63.3%,359,18.2%,154,7.81%,101,5.12%,1973
SUDESTE,31,MG,310163,ALFREDO VASCONCELOS,5,1.45%,10,2.91%,221,64.24%,65,18.9%,28,8.14%,15,4.36%,344
SUDESTE,31,MG,310170,ALMENARA,42,2.38%,51,2.89%,1049,59.5%,326,18.49%,197,11.17%,98,5.56%,1763
SUDESTE,31,MG,310180,ALPERCATA,15,4.16%,17,4.71%,214,59.28%,66,18.28%,37,10.25%,12,3.32%,361
SUDESTE,31,MG,310190,ALPINOPOLIS,7,1.25%,14,2.49%,340,60.5%,109,19.4%,56,9.96%,36,6.41%,562
SUDESTE,31,MG,310200,ALTEROSA,7,0.87%,16,1.99%,556,69.15%,146,18.16%,58,7.21%,21,2.61%,804
SUDESTE,31,MG,310205,ALTO CAPARAO,9,2.79%,12,3.72%,202,62.54%,52,16.1%,27,8.36%,21,6.5%,323
SUDESTE,31,MG,310210,ALTO RIO DOCE,7,1.64%,15,3.5%,246,57.48%,92,21.5%,44,10.28%,24,5.61%,428
SUDESTE,31,MG,310220,ALVARENGA,4,2.02%,3,1.52%,136,68.69%,31,15.66%,14,7.07%,10,5.05%,198
SUDESTE,31,MG,310230,ALVINOPOLIS,13,2.76%,17,3.61%,240,50.96%,97,20.59%,60,12.74%,44,9.34%,471
SUDESTE,31,MG,310240,ALVORADA DE MINAS,6,1.76%,6,1.76%,209,61.47%,67,19.71%,27,7.94%,25,7.35%,340
SUDESTE,31,MG,310250,AMPARO DO SERRA,7,2.97%,3,1.27%,123,52.12%,48,20.34%,22,9.32%,33,13.98%,236
SUDESTE,31,MG,310260,ANDRADAS,18,1.18%,38,2.5%,888,58.42%,322,21.18%,163,10.72%,91,5.99%,1520
SUDESTE,31,MG,310270,CACHOEIRA DE PAJEU,9,2.33%,12,3.11%,243,62.95%,67,17.36%,32,8.29%,23,5.96%,386
SUDESTE,31,MG,310280,ANDRELANDIA,8,1.72%,7,1.5%,309,66.31%,83,17.81%,28,6.01%,31,6.65%,466
SUDESTE,31,MG,310285,ANGELANDIA,11,2%,18,3.27%,373,67.7%,98,17.79%,32,5.81%,19,3.45%,551
SUDESTE,31,MG,310290,ANTONIO CARLOS,4,0.75%,10,1.87%,380,70.9%,89,16.6%,35,6.53%,18,3.36%,536
SUDESTE,31,MG,310300,ANTONIO DIAS,10,2.11%,11,2.32%,326,68.78%,70,14.77%,42,8.86%,15,3.16%,474
SUDESTE,31,MG,310310,ANTONIO PRADO DE MINAS,1,1.96%,1,1.96%,33,64.71%,6,11.76%,7,13.73%,3,5.88%,51
SUDESTE,31,MG,310320,ARACAI,2,5.41%,3,8.11%,18,48.65%,4,10.81%,3,8.11%,7,18.92%,37
SUDESTE,31,MG,310330,ARACITABA,0,-,5,5.05%,73,73.74%,9,9.09%,9,9.09%,3,3.03%,99
SUDESTE,31,MG,310340,ARACUAI,27,1.64%,46,2.79%,1124,68.25%,299,18.15%,92,5.59%,59,3.58%,1647
SUDESTE,31,MG,310350,ARAGUARI,48,1.14%,94,2.23%,2837,67.24%,755,17.9%,315,7.47%,170,4.03%,4219
SUDESTE,31,MG,310360,ARANTINA,1,0.69%,7,4.86%,97,67.36%,21,14.58%,14,9.72%,4,2.78%,144
SUDESTE,31,MG,310370,ARAPONGA,1,0.22%,5,1.1%,340,75.06%,81,17.88%,22,4.86%,4,0.88%,453
SUDESTE,31,MG,310375,ARAPORA,8,1.69%,13,2.75%,282,59.75%,96,20.34%,44,9.32%,29,6.14%,472
SUDESTE,31,MG,310380,ARAPUA,0,-,0,-,49,71.01%,13,18.84%,4,5.8%,3,4.35%,69
SUDESTE,31,MG,310390,ARAUJOS,2,0.64%,8,2.57%,185,59.49%,65,20.9%,36,11.58%,15,4.82%,311
SUDESTE,31,MG,310400,ARAXA,29,1.23%,44,1.86%,1502,63.59%,460,19.48%,213,9.02%,114,4.83%,2362
SUDESTE,31,MG,310410,ARCEBURGO,4,1.37%,3,1.03%,190,65.07%,56,19.18%,21,7.19%,18,6.16%,292
SUDESTE,31,MG,310420,ARCOS,29,3.38%,44,5.13%,528,61.54%,136,15.85%,63,7.34%,58,6.76%,858
SUDESTE,31,MG,310430,AREADO,8,1.34%,6,1%,367,61.27%,142,23.71%,49,8.18%,27,4.51%,599
SUDESTE,31,MG,310440,ARGIRITA,0,-,3,2.46%,81,66.39%,27,22.13%,6,4.92%,5,4.1%,122
SUDESTE,31,MG,310445,ARICANDUVA,6,2.46%,2,0.82%,149,61.07%,51,20.9%,21,8.61%,15,6.15%,244
SUDESTE,31,MG,310450,ARINOS,18,1.63%,41,3.72%,773,70.15%,164,14.88%,64,5.81%,42,3.81%,1102
SUDESTE,31,MG,310460,ASTOLFO DUTRA,5,0.92%,9,1.65%,314,57.51%,122,22.34%,59,10.81%,37,6.78%,546
SUDESTE,31,MG,310470,ATALEIA,8,1.36%,10,1.7%,379,64.57%,107,18.23%,54,9.2%,29,4.94%,587
SUDESTE,31,MG,310480,AUGUSTO DE LIMA,6,2.73%,8,3.64%,144,65.45%,42,19.09%,11,5%,9,4.09%,220
SUDESTE,31,MG,310490,BAEPENDI,3,0.46%,15,2.31%,484,74.69%,93,14.35%,30,4.63%,23,3.55%,648
SUDESTE,31,MG,310500,BALDIM,3,0.95%,9,2.84%,195,61.51%,62,19.56%,24,7.57%,24,7.57%,317
SUDESTE,31,MG,310510,BAMBUI,5,0.92%,12,2.21%,300,55.35%,128,23.62%,66,12.18%,31,5.72%,542
SUDESTE,31,MG,310520,BANDEIRA,4,2.04%,6,3.06%,140,71.43%,31,15.82%,13,6.63%,2,1.02%,196
SUDESTE,31,MG,310530,BANDEIRA DO SUL,0,-,2,0.7%,182,64.08%,66,23.24%,23,8.1%,11,3.87%,284
SUDESTE,31,MG,310540,BARAO DE COCAIS,12,1.06%,32,2.82%,742,65.49%,240,21.18%,68,6%,39,3.44%,1133
SUDESTE,31,MG,310550,BARAO DE MONTE ALTO,3,1.23%,7,2.87%,156,63.93%,41,16.8%,19,7.79%,18,7.38%,244
SUDESTE,31,MG,310560,BARBACENA,58,2.51%,91,3.94%,1521,65.82%,363,15.71%,146,6.32%,132,5.71%,2311
SUDESTE,31,MG,310570,BARRA LONGA,7,3.55%,4,2.03%,110,55.84%,38,19.29%,21,10.66%,17,8.63%,197
SUDESTE,31,MG,310590,BARROSO,12,1.62%,16,2.17%,468,63.33%,128,17.32%,69,9.34%,46,6.22%,739
SUDESTE,31,MG,310600,BELA VISTA DE MINAS,8,2.1%,11,2.89%,195,51.18%,84,22.05%,49,12.86%,34,8.92%,381
SUDESTE,31,MG,310610,BELMIRO BRAGA,4,3.31%,2,1.65%,72,59.5%,29,23.97%,7,5.79%,7,5.79%,121
SUDESTE,31,MG,310620,BELO HORIZONTE,1375,4.03%,1271,3.73%,19754,57.95%,5747,16.86%,2821,8.28%,3118,9.15%,34086
SUDESTE,31,MG,310630,BELO ORIENTE,42,2.99%,38,2.71%,874,62.25%,268,19.09%,109,7.76%,73,5.2%,1404
SUDESTE,31,MG,310640,BELO VALE,9,2.76%,5,1.53%,209,64.11%,60,18.4%,22,6.75%,21,6.44%,326
SUDESTE,31,MG,310650,BERILO,10,2.82%,5,1.41%,219,61.86%,76,21.47%,23,6.5%,21,5.93%,354
SUDESTE,31,MG,310660,BERTOPOLIS,13,5.44%,7,2.93%,111,46.44%,42,17.57%,29,12.13%,37,15.48%,239
SUDESTE,31,MG,310665,BERIZAL,1,0.39%,7,2.7%,159,61.39%,53,20.46%,24,9.27%,15,5.79%,259
SUDESTE,31,MG,310670,BETIM,177,1.82%,293,3.01%,6515,67.01%,1653,17%,672,6.91%,413,4.25%,9723
SUDESTE,31,MG,310680,BIAS FORTES,1,0.81%,3,2.42%,87,70.16%,20,16.13%,11,8.87%,2,1.61%,124
SUDESTE,31,MG,310690,BICAS,28,10.37%,16,5.93%,141,52.22%,42,15.56%,20,7.41%,23,8.52%,270
SUDESTE,31,MG,310700,BIQUINHAS,2,1.77%,2,1.77%,59,52.21%,23,20.35%,11,9.73%,16,14.16%,113
SUDESTE,31,MG,310710,BOA ESPERANCA,19,1.46%,26,1.99%,809,61.99%,258,19.77%,115,8.81%,78,5.98%,1305
SUDESTE,31,MG,310720,BOCAINA DE MINAS,1,0.85%,1,0.85%,65,55.56%,28,23.93%,12,10.26%,10,8.55%,117
SUDESTE,31,MG,310730,BOCAIUVA,46,2.12%,66,3.04%,1382,63.63%,360,16.57%,176,8.1%,142,6.54%,2172
SUDESTE,31,MG,310740,BOM DESPACHO,42,1.72%,43,1.76%,1521,62.13%,507,20.71%,202,8.25%,133,5.43%,2448
SUDESTE,31,MG,310750,BOM JARDIM DE MINAS,3,1.06%,9,3.18%,172,60.78%,56,19.79%,26,9.19%,17,6.01%,283
SUDESTE,31,MG,310760,BOM JESUS DA PENHA,4,1.67%,6,2.5%,145,60.42%,53,22.08%,26,10.83%,6,2.5%,240
SUDESTE,31,MG,310770,BOM JESUS DO AMPARO,8,3.24%,4,1.62%,146,59.11%,50,20.24%,21,8.5%,18,7.29%,247
SUDESTE,31,MG,310780,BOM JESUS DO GALHO,14,1.86%,30,3.98%,486,64.54%,122,16.2%,49,6.51%,52,6.91%,753
SUDESTE,31,MG,310790,BOM REPOUSO,7,1.24%,16,2.83%,317,56.11%,107,18.94%,67,11.86%,51,9.03%,565
SUDESTE,31,MG,310800,BOM SUCESSO,1,0.15%,14,2.07%,470,69.53%,125,18.49%,40,5.92%,26,3.85%,676
SUDESTE,31,MG,310810,BONFIM,8,4.62%,5,2.89%,101,58.38%,26,15.03%,16,9.25%,17,9.83%,173
SUDESTE,31,MG,310820,BONFINOPOLIS DE MINAS,6,2.44%,12,4.88%,131,53.25%,44,17.89%,30,12.2%,23,9.35%,246
SUDESTE,31,MG,310825,BONITO DE MINAS,23,3.13%,25,3.4%,497,67.53%,116,15.76%,43,5.84%,32,4.35%,736
SUDESTE,31,MG,310830,BORDA DA MATA,47,6.76%,45,6.47%,390,56.12%,129,18.56%,55,7.91%,29,4.17%,695
SUDESTE,31,MG,310840,BOTELHOS,5,0.84%,10,1.68%,394,66%,121,20.27%,50,8.38%,17,2.85%,597
SUDESTE,31,MG,310850,BOTUMIRIM,8,3.07%,6,2.3%,164,62.84%,47,18.01%,21,8.05%,15,5.75%,261
SUDESTE,31,MG,310855,BRASILANDIA DE MINAS,28,2.91%,35,3.63%,598,62.1%,160,16.61%,73,7.58%,69,7.17%,963
SUDESTE,31,MG,310860,BRASILIA DE MINAS,31,1.95%,51,3.21%,1038,65.41%,278,17.52%,109,6.87%,80,5.04%,1587
SUDESTE,31,MG,310870,BRAS PIRES,2,1.01%,4,2.01%,140,70.35%,32,16.08%,11,5.53%,10,5.03%,199
SUDESTE,31,MG,310880,BRAUNAS,5,2.59%,3,1.55%,124,64.25%,32,16.58%,18,9.33%,11,5.7%,193
SUDESTE,31,MG,310890,BRAZOPOLIS,7,1.16%,13,2.15%,421,69.59%,118,19.5%,34,5.62%,12,1.98%,605
SUDESTE,31,MG,310900,BRUMADINHO,35,2.36%,47,3.16%,841,56.59%,317,21.33%,131,8.82%,115,7.74%,1486
SUDESTE,31,MG,310910,BUENO BRANDAO,2,0.44%,9,1.99%,284,62.69%,100,22.08%,43,9.49%,15,3.31%,453
SUDESTE,31,MG,310920,BUENOPOLIS,6,1.35%,10,2.25%,297,66.74%,78,17.53%,36,8.09%,18,4.04%,445
SUDESTE,31,MG,310925,BUGRE,4,2%,9,4.5%,120,60%,29,14.5%,24,12%,14,7%,200
SUDESTE,31,MG,310930,BURITIS,30,2.58%,56,4.81%,817,70.19%,172,14.78%,48,4.12%,41,3.52%,1164
SUDESTE,31,MG,310940,BURITIZEIRO,59,3.74%,61,3.86%,900,57%,291,18.43%,143,9.06%,125,7.92%,1579
SUDESTE,31,MG,310945,CABECEIRA GRANDE,15,3.78%,12,3.02%,254,63.98%,63,15.87%,27,6.8%,26,6.55%,397
SUDESTE,31,MG,310950,CABO VERDE,3,0.71%,15,3.57%,283,67.38%,79,18.81%,28,6.67%,12,2.86%,420
SUDESTE,31,MG,310960,CACHOEIRA DA PRATA,1,0.78%,1,0.78%,81,63.28%,29,22.66%,10,7.81%,6,4.69%,128
SUDESTE,31,MG,310970,CACHOEIRA DE MINAS,6,1.07%,11,1.96%,333,59.36%,124,22.1%,54,9.63%,33,5.88%,561
SUDESTE,31,MG,310980,CACHOEIRA DOURADA,1,1.01%,2,2.02%,57,57.58%,22,22.22%,8,8.08%,9,9.09%,99
SUDESTE,31,MG,310990,CAETANOPOLIS,6,2.33%,15,5.84%,159,61.87%,42,16.34%,21,8.17%,14,5.45%,257
SUDESTE,31,MG,311000,CAETE,21,2.03%,28,2.7%,697,67.21%,166,16.01%,79,7.62%,46,4.44%,1037
SUDESTE,31,MG,311010,CAIANA,9,3.52%,14,5.47%,138,53.91%,48,18.75%,26,10.16%,21,8.2%,256
SUDESTE,31,MG,311020,CAJURI,4,1.69%,2,0.84%,151,63.71%,52,21.94%,21,8.86%,7,2.95%,237
SUDESTE,31,MG,311030,CALDAS,7,1.15%,11,1.81%,372,61.18%,141,23.19%,55,9.05%,22,3.62%,608
SUDESTE,31,MG,311040,CAMACHO,3,1.97%,5,3.29%,96,63.16%,29,19.08%,11,7.24%,8,5.26%,152
SUDESTE,31,MG,311050,CAMANDUCAIA,11,0.82%,25,1.86%,950,70.74%,247,18.39%,75,5.58%,35,2.61%,1343
SUDESTE,31,MG,311060,CAMBUI,16,2%,15,1.87%,543,67.79%,136,16.98%,61,7.62%,30,3.75%,801
SUDESTE,31,MG,311070,CAMBUQUIRA,13,2.25%,20,3.46%,344,59.52%,96,16.61%,71,12.28%,34,5.88%,578
SUDESTE,31,MG,311080,CAMPANARIO,3,1.64%,2,1.09%,104,56.83%,40,21.86%,23,12.57%,11,6.01%,183
SUDESTE,31,MG,311090,CAMPANHA,6,0.92%,11,1.69%,410,63.17%,125,19.26%,55,8.47%,42,6.47%,649
SUDESTE,31,MG,311100,CAMPESTRE,16,3.23%,4,0.81%,308,62.22%,84,16.97%,39,7.88%,44,8.89%,495
SUDESTE,31,MG,311110,CAMPINA VERDE,27,7.58%,32,8.99%,191,53.65%,53,14.89%,28,7.87%,25,7.02%,356
SUDESTE,31,MG,311115,CAMPO AZUL,8,4.32%,6,3.24%,136,73.51%,23,12.43%,6,3.24%,6,3.24%,185
SUDESTE,31,MG,311120,CAMPO BELO,32,1.63%,49,2.5%,1230,62.72%,371,18.92%,177,9.03%,102,5.2%,1961
SUDESTE,31,MG,311130,CAMPO DO MEIO,19,2.81%,25,3.7%,398,58.88%,119,17.6%,68,10.06%,47,6.95%,676
SUDESTE,31,MG,311140,CAMPO FLORIDO,5,1.75%,11,3.85%,187,65.38%,49,17.13%,26,9.09%,8,2.8%,286
SUDESTE,31,MG,311150,CAMPOS ALTOS,10,1.69%,13,2.2%,386,65.2%,123,20.78%,40,6.76%,20,3.38%,592
SUDESTE,31,MG,311160,CAMPOS GERAIS,14,1.37%,24,2.34%,637,62.21%,188,18.36%,96,9.38%,65,6.35%,1024
SUDESTE,31,MG,311170,CANAA,0,-,3,1.38%,166,76.5%,33,15.21%,12,5.53%,3,1.38%,217
SUDESTE,31,MG,311180,CANAPOLIS,1,0.27%,5,1.35%,275,74.12%,60,16.17%,18,4.85%,12,3.23%,371
SUDESTE,31,MG,311190,CANA VERDE,6,4.38%,7,5.11%,78,56.93%,23,16.79%,12,8.76%,11,8.03%,137
SUDESTE,31,MG,311200,CANDEIAS,12,2.28%,14,2.66%,330,62.74%,95,18.06%,48,9.13%,27,5.13%,526
SUDESTE,31,MG,311205,CANTAGALO,5,2.55%,5,2.55%,114,58.16%,32,16.33%,21,10.71%,19,9.69%,196
SUDESTE,31,MG,311210,CAPARAO,6,1.44%,6,1.44%,274,65.87%,67,16.11%,34,8.17%,29,6.97%,416
SUDESTE,31,MG,311220,CAPELA NOVA,2,1.09%,2,1.09%,120,65.57%,33,18.03%,15,8.2%,11,6.01%,183
SUDESTE,31,MG,311230,CAPELINHA,29,1.21%,42,1.75%,1614,67.33%,441,18.4%,189,7.88%,82,3.42%,2397
SUDESTE,31,MG,311240,CAPETINGA,0,-,13,3.43%,245,64.64%,73,19.26%,28,7.39%,20,5.28%,379
SUDESTE,31,MG,311250,CAPIM BRANCO,5,1.18%,13,3.07%,245,57.92%,94,22.22%,29,6.86%,37,8.75%,423
SUDESTE,31,MG,311260,CAPINOPOLIS,7,1.76%,10,2.51%,232,58.29%,88,22.11%,35,8.79%,26,6.53%,398
SUDESTE,31,MG,311265,CAPITAO ANDRADE,3,1.48%,3,1.48%,145,71.43%,36,17.73%,10,4.93%,6,2.96%,203
SUDESTE,31,MG,311270,CAPITAO ENEAS,13,1.4%,30,3.23%,617,66.49%,158,17.03%,60,6.47%,50,5.39%,928
SUDESTE,31,MG,311280,CAPITOLIO,9,1.94%,11,2.38%,304,65.66%,78,16.85%,29,6.26%,32,6.91%,463
SUDESTE,31,MG,311290,CAPUTIRA,13,2.18%,18,3.03%,352,59.16%,115,19.33%,50,8.4%,47,7.9%,595
SUDESTE,31,MG,311300,CARAI,24,2.71%,22,2.49%,584,66.06%,152,17.19%,55,6.22%,47,5.32%,884
SUDESTE,31,MG,311310,CARANAIBA,1,0.75%,1,0.75%,87,65.41%,30,22.56%,8,6.02%,6,4.51%,133
SUDESTE,31,MG,311320,CARANDAI,13,1.24%,22,2.09%,682,64.89%,227,21.6%,67,6.37%,40,3.81%,1051
SUDESTE,31,MG,311330,CARANGOLA,24,1.89%,51,4.02%,814,64.14%,205,16.15%,96,7.57%,79,6.23%,1269
SUDESTE,31,MG,311340,CARATINGA,36,1.26%,68,2.38%,1746,61.2%,584,20.47%,257,9.01%,162,5.68%,2853
SUDESTE,31,MG,311350,CARBONITA,1,0.21%,3,0.63%,345,72.03%,88,18.37%,25,5.22%,17,3.55%,479
SUDESTE,31,MG,311360,CAREACU,4,1.29%,7,2.25%,194,62.38%,61,19.61%,28,9%,17,5.47%,311
SUDESTE,31,MG,311370,CARLOS CHAGAS,21,2.52%,33,3.96%,537,64.47%,149,17.89%,51,6.12%,42,5.04%,833
SUDESTE,31,MG,311380,CARMESIA,4,3.33%,4,3.33%,70,58.33%,21,17.5%,12,10%,9,7.5%,120
SUDESTE,31,MG,311390,CARMO DA CACHOEIRA,3,0.48%,12,1.92%,405,64.8%,122,19.52%,51,8.16%,32,5.12%,625
SUDESTE,31,MG,311400,CARMO DA MATA,6,1.59%,5,1.32%,248,65.61%,75,19.84%,25,6.61%,19,5.03%,378
SUDESTE,31,MG,311410,CARMO DE MINAS,5,0.79%,9,1.42%,423,66.61%,138,21.73%,39,6.14%,21,3.31%,635
SUDESTE,31,MG,311420,CARMO DO CAJURU,25,2.34%,29,2.71%,643,60.09%,230,21.5%,80,7.48%,63,5.89%,1070
SUDESTE,31,MG,311430,CARMO DO PARANAIBA,21,2.79%,19,2.52%,468,62.07%,132,17.51%,55,7.29%,59,7.82%,754
SUDESTE,31,MG,311440,CARMO DO RIO CLARO,4,0.49%,20,2.45%,532,65.28%,155,19.02%,72,8.83%,32,3.93%,815
SUDESTE,31,MG,311450,CARMOPOLIS DE MINAS,11,1.27%,28,3.23%,588,67.82%,146,16.84%,55,6.34%,39,4.5%,867
SUDESTE,31,MG,311455,CARNEIRINHO,4,1.11%,5,1.39%,238,66.3%,75,20.89%,25,6.96%,12,3.34%,359
SUDESTE,31,MG,311460,CARRANCAS,0,-,3,2.1%,96,67.13%,31,21.68%,7,4.9%,6,4.2%,143
SUDESTE,31,MG,311470,CARVALHOPOLIS,2,2.13%,2,2.13%,53,56.38%,25,26.6%,8,8.51%,4,4.26%,94
SUDESTE,31,MG,311480,CARVALHOS,0,-,4,2.05%,125,64.1%,41,21.03%,18,9.23%,7,3.59%,195
SUDESTE,31,MG,311490,CASA GRANDE,2,2.25%,1,1.12%,61,68.54%,15,16.85%,7,7.87%,3,3.37%,89
SUDESTE,31,MG,311500,CASCALHO RICO,2,1.87%,1,0.93%,60,56.07%,28,26.17%,10,9.35%,6,5.61%,107
SUDESTE,31,MG,311510,CASSIA,9,1.26%,17,2.38%,460,64.34%,151,21.12%,53,7.41%,25,3.5%,715
SUDESTE,31,MG,311520,CONCEICAO DA BARRA DE MINAS,0,-,5,3.38%,87,58.78%,26,17.57%,18,12.16%,12,8.11%,148
SUDESTE,31,MG,311530,CATAGUASES,31,2.31%,42,3.13%,721,53.69%,259,19.29%,129,9.61%,161,11.99%,1343
SUDESTE,31,MG,311535,CATAS ALTAS,5,1.99%,2,0.8%,190,75.7%,33,13.15%,11,4.38%,10,3.98%,251
SUDESTE,31,MG,311540,CATAS ALTAS DA NORUEGA,10,5.68%,3,1.7%,125,71.02%,23,13.07%,8,4.55%,7,3.98%,176
SUDESTE,31,MG,311545,CATUJI,15,3.23%,12,2.58%,304,65.38%,90,19.35%,31,6.67%,13,2.8%,465
SUDESTE,31,MG,311547,CATUTI,3,1.16%,15,5.79%,184,71.04%,36,13.9%,6,2.32%,15,5.79%,259
SUDESTE,31,MG,311550,CAXAMBU,10,1.66%,15,2.5%,413,68.72%,100,16.64%,43,7.15%,20,3.33%,601
SUDESTE,31,MG,311560,CEDRO DO ABAETE,1,1.79%,0,-,36,64.29%,9,16.07%,7,12.5%,3,5.36%,56
SUDESTE,31,MG,311570,CENTRAL DE MINAS,6,2.37%,9,3.56%,177,69.96%,38,15.02%,18,7.11%,5,1.98%,253
SUDESTE,31,MG,311580,CENTRALINA,3,0.78%,19,4.95%,252,65.63%,73,19.01%,21,5.47%,16,4.17%,384
SUDESTE,31,MG,311590,CHACARA,0,-,5,2.87%,118,67.82%,22,12.64%,19,10.92%,10,5.75%,174
SUDESTE,31,MG,311600,CHALE,7,1.66%,5,1.19%,282,66.98%,88,20.9%,30,7.13%,9,2.14%,421
SUDESTE,31,MG,311610,CHAPADA DO NORTE,4,0.75%,11,2.07%,396,74.44%,71,13.35%,35,6.58%,15,2.82%,532
SUDESTE,31,MG,311615,CHAPADA GAUCHA,21,2%,46,4.39%,689,65.68%,175,16.68%,75,7.15%,43,4.1%,1049
SUDESTE,31,MG,311620,CHIADOR,2,2.02%,2,2.02%,61,61.62%,20,20.2%,9,9.09%,5,5.05%,99
SUDESTE,31,MG,311630,CIPOTANEA,1,0.44%,7,3.08%,148,65.2%,41,18.06%,21,9.25%,9,3.96%,227
SUDESTE,31,MG,311640,CLARAVAL,7,3.59%,6,3.08%,116,59.49%,32,16.41%,16,8.21%,18,9.23%,195
SUDESTE,31,MG,311650,CLARO DOS POCOES,5,1.56%,9,2.81%,219,68.44%,48,15%,27,8.44%,12,3.75%,320
SUDESTE,31,MG,311660,CLAUDIO,16,1.19%,35,2.61%,882,65.77%,255,19.02%,95,7.08%,58,4.33%,1341
SUDESTE,31,MG,311670,COIMBRA,4,1.6%,6,2.4%,156,62.4%,41,16.4%,23,9.2%,20,8%,250
SUDESTE,31,MG,311680,COLUNA,0,-,13,2.85%,302,66.23%,92,20.18%,38,8.33%,11,2.41%,456
SUDESTE,31,MG,311690,COMENDADOR GOMES,2,1.29%,4,2.58%,87,56.13%,37,23.87%,14,9.03%,11,7.1%,155
SUDESTE,31,MG,311700,COMERCINHO,3,0.99%,10,3.29%,212,69.74%,45,14.8%,17,5.59%,17,5.59%,304
SUDESTE,31,MG,311710,CONCEICAO DA APARECIDA,14,2.89%,16,3.31%,301,62.19%,90,18.6%,36,7.44%,27,5.58%,484
SUDESTE,31,MG,311720,CONCEICAO DAS PEDRAS,4,2.88%,2,1.44%,95,68.35%,24,17.27%,7,5.04%,7,5.04%,139
SUDESTE,31,MG,311730,CONCEICAO DAS ALAGOAS,25,1.93%,27,2.09%,803,62.06%,232,17.93%,106,8.19%,101,7.81%,1294
SUDESTE,31,MG,311740,CONCEICAO DE IPANEMA,2,0.8%,8,3.21%,142,57.03%,46,18.47%,37,14.86%,14,5.62%,249
SUDESTE,31,MG,311750,CONCEICAO DO MATO DENTRO,13,0.9%,22,1.52%,913,63.14%,295,20.4%,125,8.64%,78,5.39%,1446
SUDESTE,31,MG,311760,CONCEICAO DO PARA,2,0.76%,8,3.05%,167,63.74%,54,20.61%,20,7.63%,11,4.2%,262
SUDESTE,31,MG,311770,CONCEICAO DO RIO VERDE,13,2.15%,25,4.13%,357,59.01%,120,19.83%,56,9.26%,34,5.62%,605
SUDESTE,31,MG,311780,CONCEICAO DOS OUROS,7,1.41%,7,1.41%,287,57.86%,120,24.19%,47,9.48%,28,5.65%,496
SUDESTE,31,MG,311783,CONEGO MARINHO,12,3.43%,16,4.57%,221,63.14%,52,14.86%,25,7.14%,24,6.86%,350
SUDESTE,31,MG,311787,CONFINS,2,0.81%,7,2.85%,166,67.48%,44,17.89%,16,6.5%,11,4.47%,246
SUDESTE,31,MG,311790,CONGONHAL,2,0.36%,7,1.24%,361,64.12%,136,24.16%,38,6.75%,19,3.37%,563
SUDESTE,31,MG,311800,CONGONHAS,14,0.62%,45,2.01%,1447,64.57%,443,19.77%,191,8.52%,101,4.51%,2241
SUDESTE,31,MG,311810,CONGONHAS DO NORTE,3,1.16%,4,1.55%,182,70.54%,46,17.83%,17,6.59%,6,2.33%,258
SUDESTE,31,MG,311820,CONQUISTA,5,1.71%,7,2.39%,181,61.77%,58,19.8%,24,8.19%,18,6.14%,293
SUDESTE,31,MG,311830,CONSELHEIRO LAFAIETE,30,1.34%,50,2.23%,1572,70.21%,363,16.21%,136,6.07%,88,3.93%,2239
SUDESTE,31,MG,311840,CONSELHEIRO PENA,8,0.76%,16,1.52%,694,65.72%,203,19.22%,83,7.86%,52,4.92%,1056
SUDESTE,31,MG,311850,CONSOLACAO,2,6.9%,1,3.45%,20,68.97%,3,10.34%,2,6.9%,1,3.45%,29
SUDESTE,31,MG,311860,CONTAGEM,227,1.55%,437,2.98%,9383,64.02%,2798,19.09%,1128,7.7%,684,4.67%,14657
SUDESTE,31,MG,311870,COQUEIRAL,8,1.8%,12,2.7%,260,58.56%,101,22.75%,36,8.11%,27,6.08%,444
SUDESTE,31,MG,311880,CORACAO DE JESUS,57,4.62%,43,3.48%,814,65.96%,157,12.72%,89,7.21%,74,6%,1234
SUDESTE,31,MG,311890,CORDISBURGO,7,2.45%,10,3.5%,155,54.2%,61,21.33%,24,8.39%,29,10.14%,286
SUDESTE,31,MG,311900,CORDISLANDIA,2,0.97%,4,1.94%,102,49.51%,57,27.67%,30,14.56%,11,5.34%,206
SUDESTE,31,MG,311910,CORINTO,41,4.51%,36,3.96%,573,62.97%,140,15.38%,64,7.03%,56,6.15%,910
SUDESTE,31,MG,311920,COROACI,11,2.54%,12,2.77%,264,60.97%,83,19.17%,32,7.39%,31,7.16%,433
SUDESTE,31,MG,311930,COROMANDEL,15,1.41%,30,2.82%,714,67.11%,176,16.54%,80,7.52%,49,4.61%,1064
SUDESTE,31,MG,311940,CORONEL FABRICIANO,65,1.69%,102,2.65%,2483,64.51%,677,17.59%,289,7.51%,233,6.05%,3849
SUDESTE,31,MG,311950,CORONEL MURTA,8,1.89%,10,2.36%,260,61.47%,96,22.7%,27,6.38%,22,5.2%,423
SUDESTE,31,MG,311960,CORONEL PACHECO,1,0.88%,3,2.63%,80,70.18%,20,17.54%,9,7.89%,1,0.88%,114
SUDESTE,31,MG,311970,CORONEL XAVIER CHAVES,1,0.57%,6,3.45%,123,70.69%,31,17.82%,9,5.17%,4,2.3%,174
SUDESTE,31,MG,311980,CORREGO DANTA,1,0.68%,3,2.03%,96,64.86%,26,17.57%,16,10.81%,6,4.05%,148
SUDESTE,31,MG,311990,CORREGO DO BOM JESUS,0,-,2,1.1%,137,75.27%,29,15.93%,7,3.85%,7,3.85%,182
SUDESTE,31,MG,311995,CORREGO FUNDO,6,1.85%,12,3.69%,174,53.54%,61,18.77%,44,13.54%,28,8.62%,325
SUDESTE,31,MG,312000,CORREGO NOVO,5,3.76%,0,-,89,66.92%,19,14.29%,15,11.28%,5,3.76%,133
SUDESTE,31,MG,312010,COUTO DE MAGALHAES DE MINAS,6,2.63%,2,0.88%,146,64.04%,42,18.42%,19,8.33%,13,5.7%,228
SUDESTE,31,MG,312015,CRISOLITA,12,3.31%,15,4.13%,233,64.19%,71,19.56%,24,6.61%,8,2.2%,363
SUDESTE,31,MG,312020,CRISTAIS,4,0.64%,6,0.96%,350,56.18%,145,23.27%,79,12.68%,39,6.26%,623
SUDESTE,31,MG,312030,CRISTALIA,11,2.56%,5,1.17%,243,56.64%,86,20.05%,43,10.02%,41,9.56%,429
SUDESTE,31,MG,312040,CRISTIANO OTONI,3,1.32%,12,5.29%,147,64.76%,40,17.62%,13,5.73%,12,5.29%,227
SUDESTE,31,MG,312050,CRISTINA,6,1.66%,13,3.6%,220,60.94%,66,18.28%,35,9.7%,21,5.82%,361
SUDESTE,31,MG,312060,CRUCILANDIA,3,1.24%,1,0.41%,152,62.81%,45,18.6%,26,10.74%,15,6.2%,242
SUDESTE,31,MG,312070,CRUZEIRO DA FORTALEZA,8,2.64%,9,2.97%,167,55.12%,81,26.73%,18,5.94%,20,6.6%,303
SUDESTE,31,MG,312080,CRUZILIA,3,0.41%,4,0.55%,522,71.9%,139,19.15%,42,5.79%,16,2.2%,726
SUDESTE,31,MG,312083,CUPARAQUE,9,3.59%,8,3.19%,158,62.95%,45,17.93%,15,5.98%,16,6.37%,251
SUDESTE,31,MG,312087,CURRAL DE DENTRO,8,1.49%,18,3.35%,359,66.85%,96,17.88%,35,6.52%,21,3.91%,537
SUDESTE,31,MG,312090,CURVELO,63,2.08%,106,3.5%,1903,62.91%,582,19.24%,223,7.37%,148,4.89%,3025
SUDESTE,31,MG,312100,DATAS,4,1.2%,3,0.9%,239,71.77%,62,18.62%,15,4.5%,10,3%,333
SUDESTE,31,MG,312110,DELFIM MOREIRA,3,0.98%,6,1.97%,215,70.49%,49,16.07%,21,6.89%,11,3.61%,305
SUDESTE,31,MG,312120,DELFINOPOLIS,2,0.46%,2,0.46%,257,59.63%,102,23.67%,40,9.28%,28,6.5%,431
SUDESTE,31,MG,312125,DELTA,15,2.75%,11,2.02%,341,62.57%,93,17.06%,53,9.72%,32,5.87%,545
SUDESTE,31,MG,312130,DESCOBERTO,3,1.27%,4,1.69%,149,63.14%,50,21.19%,13,5.51%,17,7.2%,236
SUDESTE,31,MG,312140,DESTERRO DE ENTRE RIOS,5,1.2%,9,2.15%,268,64.11%,78,18.66%,36,8.61%,22,5.26%,418
SUDESTE,31,MG,312150,DESTERRO DO MELO,1,0.64%,3,1.92%,108,69.23%,27,17.31%,7,4.49%,10,6.41%,156
SUDESTE,31,MG,312160,DIAMANTINA,41,2.17%,70,3.71%,1298,68.82%,288,15.27%,94,4.98%,95,5.04%,1886
SUDESTE,31,MG,312170,DIOGO DE VASCONCELOS,7,4.24%,2,1.21%,94,56.97%,35,21.21%,12,7.27%,15,9.09%,165
SUDESTE,31,MG,312180,DIONISIO,2,0.75%,12,4.51%,149,56.02%,59,22.18%,30,11.28%,14,5.26%,266
SUDESTE,31,MG,312190,DIVINESIA,3,0.97%,3,0.97%,202,65.16%,61,19.68%,28,9.03%,13,4.19%,310
SUDESTE,31,MG,312200,DIVINO,22,1.86%,35,2.96%,682,57.7%,246,20.81%,116,9.81%,81,6.85%,1182
SUDESTE,31,MG,312210,DIVINO DAS LARANJEIRAS,2,1.06%,7,3.7%,125,66.14%,32,16.93%,18,9.52%,5,2.65%,189
SUDESTE,31,MG,312220,DIVINOLANDIA DE MINAS,6,1.4%,17,3.95%,264,61.4%,87,20.23%,36,8.37%,20,4.65%,430
SUDESTE,31,MG,312230,DIVINOPOLIS,74,1.12%,162,2.46%,4561,69.15%,1160,17.59%,393,5.96%,246,3.73%,6596
SUDESTE,31,MG,312235,DIVISA ALEGRE,5,1.19%,14,3.33%,298,70.78%,64,15.2%,23,5.46%,17,4.04%,421
SUDESTE,31,MG,312240,DIVISA NOVA,1,0.64%,4,2.55%,89,56.69%,35,22.29%,14,8.92%,14,8.92%,157
SUDESTE,31,MG,312245,DIVISOPOLIS,13,3.13%,5,1.2%,262,62.98%,62,14.9%,39,9.38%,35,8.41%,416
SUDESTE,31,MG,312247,DOM BOSCO,12,5.04%,11,4.62%,139,58.4%,43,18.07%,17,7.14%,16,6.72%,238
SUDESTE,31,MG,312250,DOM CAVATI,2,0.95%,6,2.84%,114,54.03%,48,22.75%,26,12.32%,15,7.11%,211
SUDESTE,31,MG,312260,DOM JOAQUIM,11,4.78%,14,6.09%,140,60.87%,30,13.04%,25,10.87%,10,4.35%,230
SUDESTE,31,MG,312270,DOM SILVERIO,4,1.96%,3,1.47%,118,57.84%,45,22.06%,22,10.78%,12,5.88%,204
SUDESTE,31,MG,312280,DOM VICOSO,3,1.9%,9,5.7%,116,73.42%,23,14.56%,4,2.53%,3,1.9%,158
SUDESTE,31,MG,312290,DONA EUSEBIA,2,0.85%,5,2.12%,169,71.61%,38,16.1%,18,7.63%,4,1.69%,236
SUDESTE,31,MG,312300,DORES DE CAMPOS,7,2.79%,11,4.38%,154,61.35%,35,13.94%,12,4.78%,32,12.75%,251
SUDESTE,31,MG,312310,DORES DE GUANHAES,1,0.4%,8,3.23%,164,66.13%,40,16.13%,21,8.47%,14,5.65%,248
SUDESTE,31,MG,312320,DORES DO INDAIA,1,0.29%,5,1.43%,263,75.14%,55,15.71%,21,6%,5,1.43%,350
SUDESTE,31,MG,312330,DORES DO TURVO,6,2.56%,6,2.56%,152,64.96%,46,19.66%,16,6.84%,8,3.42%,234
SUDESTE,31,MG,312340,DORESOPOLIS,1,1.22%,1,1.22%,54,65.85%,14,17.07%,9,10.98%,3,3.66%,82
SUDESTE,31,MG,312350,DOURADOQUARA,0,-,1,1.04%,62,64.58%,21,21.88%,6,6.25%,6,6.25%,96
SUDESTE,31,MG,312352,DURANDE,19,3.42%,18,3.24%,352,63.42%,78,14.05%,40,7.21%,48,8.65%,555
SUDESTE,31,MG,312360,ELOI MENDES,12,1.34%,26,2.91%,539,60.29%,200,22.37%,78,8.72%,39,4.36%,894
SUDESTE,31,MG,312370,ENGENHEIRO CALDAS,13,2.39%,10,1.84%,328,60.41%,114,20.99%,52,9.58%,26,4.79%,543
SUDESTE,31,MG,312380,ENGENHEIRO NAVARRO,11,2.89%,12,3.16%,236,62.11%,65,17.11%,36,9.47%,20,5.26%,380
SUDESTE,31,MG,312385,ENTRE FOLHAS,6,1.62%,11,2.97%,242,65.41%,67,18.11%,23,6.22%,21,5.68%,370
SUDESTE,31,MG,312390,ENTRE RIOS DE MINAS,23,3.11%,20,2.71%,447,60.49%,129,17.46%,66,8.93%,54,7.31%,739
SUDESTE,31,MG,312400,ERVALIA,12,1.21%,25,2.51%,686,68.94%,168,16.88%,70,7.04%,34,3.42%,995
SUDESTE,31,MG,312410,ESMERALDAS,74,4.14%,75,4.19%,1188,66.44%,264,14.77%,123,6.88%,64,3.58%,1788
SUDESTE,31,MG,312420,ESPERA FELIZ,17,1.54%,26,2.36%,720,65.22%,195,17.66%,74,6.7%,72,6.52%,1104
SUDESTE,31,MG,312430,ESPINOSA,40,2.34%,72,4.21%,1177,68.87%,248,14.51%,112,6.55%,60,3.51%,1709
SUDESTE,31,MG,312440,ESPIRITO SANTO DO DOURADO,14,2.36%,25,4.22%,299,50.42%,107,18.04%,81,13.66%,67,11.3%,593
SUDESTE,31,MG,312450,ESTIVA,0,-,5,1.26%,246,62.12%,93,23.48%,35,8.84%,17,4.29%,396
SUDESTE,31,MG,312460,ESTRELA DALVA,1,1.09%,4,4.35%,56,60.87%,14,15.22%,12,13.04%,5,5.43%,92
SUDESTE,31,MG,312470,ESTRELA DO INDAIA,0,-,2,3.03%,34,51.52%,19,28.79%,7,10.61%,4,6.06%,66
SUDESTE,31,MG,312480,ESTRELA DO SUL,4,1.14%,9,2.56%,249,70.94%,47,13.39%,28,7.98%,14,3.99%,351
SUDESTE,31,MG,312490,EUGENOPOLIS,8,2.08%,10,2.6%,223,57.92%,74,19.22%,35,9.09%,35,9.09%,385
SUDESTE,31,MG,312500,EWBANK DA CAMARA,5,2.01%,4,1.61%,133,53.41%,53,21.29%,35,14.06%,19,7.63%,249
SUDESTE,31,MG,312510,EXTREMA,11,0.43%,46,1.78%,1657,64.18%,555,21.49%,211,8.17%,102,3.95%,2582
SUDESTE,31,MG,312520,FAMA,2,2.25%,2,2.25%,65,73.03%,11,12.36%,3,3.37%,6,6.74%,89
SUDESTE,31,MG,312530,FARIA LEMOS,3,2.24%,5,3.73%,78,58.21%,28,20.9%,15,11.19%,5,3.73%,134
SUDESTE,31,MG,312540,FELICIO DOS SANTOS,4,1.25%,7,2.19%,213,66.56%,67,20.94%,19,5.94%,10,3.13%,320
SUDESTE,31,MG,312550,SAO GONCALO DO RIO PRETO,2,1.67%,2,1.67%,87,72.5%,13,10.83%,9,7.5%,7,5.83%,120
SUDESTE,31,MG,312560,FELISBURGO,3,0.78%,4,1.03%,251,64.86%,89,23%,27,6.98%,13,3.36%,387
SUDESTE,31,MG,312570,FELIXLANDIA,13,1.83%,15,2.11%,392,55.06%,143,20.08%,90,12.64%,59,8.29%,712
SUDESTE,31,MG,312580,FERNANDES TOURINHO,3,1.88%,2,1.25%,106,66.25%,30,18.75%,11,6.88%,8,5%,160
SUDESTE,31,MG,312590,FERROS,2,0.51%,4,1.03%,245,62.82%,85,21.79%,30,7.69%,24,6.15%,390
SUDESTE,31,MG,312595,FERVEDOURO,23,3.18%,25,3.46%,401,55.46%,141,19.5%,77,10.65%,56,7.75%,723
SUDESTE,31,MG,312600,FLORESTAL,3,1.28%,6,2.56%,162,69.23%,40,17.09%,14,5.98%,9,3.85%,234
SUDESTE,31,MG,312610,FORMIGA,12,0.78%,29,1.89%,1028,66.88%,306,19.91%,107,6.96%,55,3.58%,1537
SUDESTE,31,MG,312620,FORMOSO,17,2.93%,24,4.14%,404,69.66%,85,14.66%,27,4.66%,23,3.97%,580
SUDESTE,31,MG,312630,FORTALEZA DE MINAS,0,-,2,1.52%,92,69.7%,27,20.45%,7,5.3%,4,3.03%,132
SUDESTE,31,MG,312640,FORTUNA DE MINAS,2,1.2%,4,2.41%,111,66.87%,30,18.07%,14,8.43%,5,3.01%,166
SUDESTE,31,MG,312650,FRANCISCO BADARO,6,1.9%,12,3.81%,206,65.4%,55,17.46%,20,6.35%,16,5.08%,315
SUDESTE,31,MG,312660,FRANCISCO DUMONT,3,1.02%,5,1.69%,200,67.8%,54,18.31%,20,6.78%,13,4.41%,295
SUDESTE,31,MG,312670,FRANCISCO SA,35,3.58%,39,3.99%,666,68.1%,136,13.91%,62,6.34%,40,4.09%,978
SUDESTE,31,MG,312675,FRANCISCOPOLIS,6,2.62%,10,4.37%,149,65.07%,39,17.03%,16,6.99%,9,3.93%,229
SUDESTE,31,MG,312680,FREI GASPAR,5,1.4%,11,3.07%,215,60.06%,74,20.67%,24,6.7%,29,8.1%,358
SUDESTE,31,MG,312690,FREI INOCENCIO,9,1.87%,11,2.29%,310,64.45%,82,17.05%,48,9.98%,21,4.37%,481
SUDESTE,31,MG,312695,FREI LAGONEGRO,2,0.85%,8,3.42%,150,64.1%,43,18.38%,21,8.97%,10,4.27%,234
SUDESTE,31,MG,312700,FRONTEIRA,10,1.56%,9,1.4%,372,57.94%,153,23.83%,62,9.66%,36,5.61%,642
SUDESTE,31,MG,312705,FRONTEIRA DOS VALES,11,4.56%,6,2.49%,171,70.95%,28,11.62%,17,7.05%,8,3.32%,241
SUDESTE,31,MG,312707,FRUTA DE LEITE,6,2.27%,4,1.52%,146,55.3%,64,24.24%,29,10.98%,15,5.68%,264
SUDESTE,31,MG,312710,FRUTAL,29,1.29%,46,2.05%,1577,70.28%,402,17.91%,122,5.44%,68,3.03%,2244
SUDESTE,31,MG,312720,FUNILANDIA,2,0.78%,7,2.72%,156,60.7%,48,18.68%,31,12.06%,13,5.06%,257
SUDESTE,31,MG,312730,GALILEIA,7,2.43%,13,4.51%,194,67.36%,46,15.97%,17,5.9%,11,3.82%,288
SUDESTE,31,MG,312733,GAMELEIRAS,4,1.16%,12,3.48%,222,64.35%,69,20%,21,6.09%,17,4.93%,345
SUDESTE,31,MG,312735,GLAUCILANDIA,2,1.38%,5,3.45%,78,53.79%,15,10.34%,10,6.9%,35,24.14%,145
SUDESTE,31,MG,312737,GOIABEIRA,13,6.6%,7,3.55%,115,58.38%,39,19.8%,11,5.58%,12,6.09%,197
SUDESTE,31,MG,312738,GOIANA,1,0.81%,4,3.25%,70,56.91%,25,20.33%,13,10.57%,10,8.13%,123
SUDESTE,31,MG,312740,GONCALVES,0,-,4,2.09%,142,74.35%,29,15.18%,10,5.24%,6,3.14%,191
SUDESTE,31,MG,312750,GONZAGA,2,0.67%,6,2.01%,180,60.4%,64,21.48%,30,10.07%,16,5.37%,298
SUDESTE,31,MG,312760,GOUVEIA,6,1.06%,16,2.84%,370,65.6%,112,19.86%,38,6.74%,22,3.9%,564
SUDESTE,31,MG,312770,GOVERNADOR VALADARES,228,3.27%,232,3.33%,4595,65.93%,1158,16.62%,477,6.84%,279,4%,6969
SUDESTE,31,MG,312780,GRAO MOGOL,13,1.79%,24,3.3%,508,69.78%,123,16.9%,41,5.63%,19,2.61%,728
SUDESTE,31,MG,312790,GRUPIARA,3,5.17%,3,5.17%,38,65.52%,6,10.34%,4,6.9%,4,6.9%,58
SUDESTE,31,MG,312800,GUANHAES,21,1.35%,52,3.34%,972,62.39%,302,19.38%,131,8.41%,80,5.13%,1558
SUDESTE,31,MG,312810,GUAPE,6,0.91%,15,2.27%,436,65.96%,134,20.27%,50,7.56%,20,3.03%,661
SUDESTE,31,MG,312820,GUARACIABA,6,1.87%,10,3.12%,201,62.62%,55,17.13%,28,8.72%,21,6.54%,321
SUDESTE,31,MG,312825,GUARACIAMA,4,1.65%,5,2.06%,155,63.79%,45,18.52%,21,8.64%,13,5.35%,243
SUDESTE,31,MG,312830,GUARANESIA,11,1.33%,25,3.01%,534,64.34%,140,16.87%,69,8.31%,51,6.14%,830
SUDESTE,31,MG,312840,GUARANI,11,3.99%,9,3.26%,162,58.7%,52,18.84%,27,9.78%,15,5.43%,276
SUDESTE,31,MG,312850,GUARARA,1,0.53%,1,0.53%,132,69.47%,33,17.37%,13,6.84%,10,5.26%,190
SUDESTE,31,MG,312860,GUARDA-MOR,7,1.86%,7,1.86%,239,63.56%,69,18.35%,34,9.04%,20,5.32%,376
SUDESTE,31,MG,312870,GUAXUPE,13,2.24%,26,4.48%,373,64.31%,82,14.14%,55,9.48%,31,5.34%,580
SUDESTE,31,MG,312880,GUIDOVAL,2,0.41%,4,0.83%,244,50.41%,102,21.07%,71,14.67%,61,12.6%,484
SUDESTE,31,MG,312890,GUIMARANIA,7,1.35%,16,3.09%,329,63.64%,106,20.5%,39,7.54%,20,3.87%,517
SUDESTE,31,MG,312900,GUIRICEMA,7,1.96%,6,1.68%,222,62.01%,72,20.11%,30,8.38%,21,5.87%,358
SUDESTE,31,MG,312910,GURINHATA,2,1.04%,5,2.59%,123,63.73%,37,19.17%,16,8.29%,10,5.18%,193
SUDESTE,31,MG,312920,HELIODORA,2,0.75%,4,1.49%,164,61.19%,56,20.9%,20,7.46%,22,8.21%,268
SUDESTE,31,MG,312930,IAPU,3,0.47%,12,1.87%,428,66.77%,134,20.9%,41,6.4%,23,3.59%,641
SUDESTE,31,MG,312940,IBERTIOGA,2,0.9%,4,1.79%,157,70.4%,39,17.49%,13,5.83%,8,3.59%,223
SUDESTE,31,MG,312950,IBIA,16,1.48%,12,1.11%,707,65.46%,210,19.44%,83,7.69%,52,4.81%,1080
SUDESTE,31,MG,312960,IBIAI,12,3.02%,14,3.53%,248,62.47%,66,16.62%,28,7.05%,29,7.3%,397
SUDESTE,31,MG,312965,IBIRACATU,3,0.96%,10,3.22%,194,62.38%,63,20.26%,21,6.75%,20,6.43%,311
SUDESTE,31,MG,312970,IBIRACI,6,0.86%,11,1.58%,417,59.91%,170,24.43%,54,7.76%,38,5.46%,696
SUDESTE,31,MG,312980,IBIRITE,171,2.75%,234,3.76%,4076,65.49%,1022,16.42%,382,6.14%,339,5.45%,6224
SUDESTE,31,MG,312990,IBITIURA DE MINAS,3,2.26%,4,3.01%,86,64.66%,27,20.3%,7,5.26%,6,4.51%,133
SUDESTE,31,MG,313000,IBITURUNA,1,0.83%,3,2.48%,71,58.68%,26,21.49%,11,9.09%,9,7.44%,121
SUDESTE,31,MG,313005,ICARAI DE MINAS,14,2.61%,25,4.66%,360,67.04%,77,14.34%,39,7.26%,22,4.1%,537
SUDESTE,31,MG,313010,IGARAPE,43,2.43%,55,3.1%,1118,63.06%,305,17.2%,136,7.67%,116,6.54%,1773
SUDESTE,31,MG,313020,IGARATINGA,1,0.16%,11,1.78%,412,66.77%,130,21.07%,39,6.32%,24,3.89%,617
SUDESTE,31,MG,313030,IGUATAMA,1,0.39%,2,0.78%,155,60.08%,61,23.64%,23,8.91%,16,6.2%,258
SUDESTE,31,MG,313040,IJACI,2,0.54%,5,1.36%,233,63.49%,66,17.98%,37,10.08%,24,6.54%,367
SUDESTE,31,MG,313050,ILICINEA,5,0.8%,14,2.24%,416,66.45%,97,15.5%,63,10.06%,31,4.95%,626
SUDESTE,31,MG,313055,IMBE DE MINAS,5,1.1%,8,1.76%,307,67.47%,82,18.02%,31,6.81%,22,4.84%,455
SUDESTE,31,MG,313060,INCONFIDENTES,3,0.89%,7,2.08%,227,67.56%,65,19.35%,18,5.36%,16,4.76%,336
SUDESTE,31,MG,313065,INDAIABIRA,15,4.04%,12,3.23%,262,70.62%,57,15.36%,12,3.23%,13,3.5%,371
SUDESTE,31,MG,313070,INDIANOPOLIS,3,1.24%,5,2.07%,155,64.05%,46,19.01%,20,8.26%,13,5.37%,242
SUDESTE,31,MG,313080,INGAI,5,3.11%,3,1.86%,118,73.29%,22,13.66%,6,3.73%,7,4.35%,161
SUDESTE,31,MG,313090,INHAPIM,43,3.79%,32,2.82%,669,58.99%,191,16.84%,112,9.88%,87,7.67%,1134
SUDESTE,31,MG,313100,INHAUMA,3,0.96%,6,1.92%,219,69.97%,50,15.97%,24,7.67%,11,3.51%,313
SUDESTE,31,MG,313110,INIMUTABA,22,5.9%,12,3.22%,205,54.96%,70,18.77%,38,10.19%,26,6.97%,373
SUDESTE,31,MG,313115,IPABA,18,2.01%,30,3.35%,505,56.36%,169,18.86%,81,9.04%,93,10.38%,896
SUDESTE,31,MG,313120,IPANEMA,19,2.24%,35,4.13%,518,61.16%,175,20.66%,62,7.32%,38,4.49%,847
SUDESTE,31,MG,313130,IPATINGA,395,5.2%,203,2.67%,4382,57.7%,1440,18.96%,660,8.69%,514,6.77%,7594
SUDESTE,31,MG,313140,IPIACU,7,3.87%,7,3.87%,118,65.19%,26,14.36%,12,6.63%,11,6.08%,181
SUDESTE,31,MG,313150,IPUIUNA,4,0.89%,12,2.67%,294,65.48%,74,16.48%,43,9.58%,22,4.9%,449
SUDESTE,31,MG,313160,IRAI DE MINAS,0,-,6,1.3%,329,71.37%,79,17.14%,35,7.59%,12,2.6%,461
SUDESTE,31,MG,313170,ITABIRA,45,1.38%,82,2.51%,2190,66.95%,610,18.65%,207,6.33%,137,4.19%,3271
SUDESTE,31,MG,313180,ITABIRINHA,13,2.31%,16,2.85%,328,58.36%,106,18.86%,53,9.43%,46,8.19%,562
SUDESTE,31,MG,313190,ITABIRITO,35,1.38%,61,2.41%,1552,61.34%,466,18.42%,243,9.6%,173,6.84%,2530
SUDESTE,31,MG,313200,ITACAMBIRA,5,3.01%,1,0.6%,107,64.46%,35,21.08%,10,6.02%,8,4.82%,166
SUDESTE,31,MG,313210,ITACARAMBI,34,3.41%,50,5.02%,633,63.49%,166,16.65%,56,5.62%,58,5.82%,997
SUDESTE,31,MG,313220,ITAGUARA,7,1.54%,10,2.2%,299,65.71%,75,16.48%,39,8.57%,25,5.49%,455
SUDESTE,31,MG,313230,ITAIPE,18,2.47%,26,3.57%,471,64.61%,127,17.42%,55,7.54%,32,4.39%,729
SUDESTE,31,MG,313240,ITAJUBA,47,1.3%,84,2.32%,2332,64.49%,722,19.97%,271,7.49%,160,4.42%,3616
SUDESTE,31,MG,313250,ITAMARANDIBA,30,1.47%,51,2.5%,1358,66.6%,379,18.59%,143,7.01%,78,3.83%,2039
SUDESTE,31,MG,313260,ITAMARATI DE MINAS,3,1.96%,6,3.92%,88,57.52%,31,20.26%,12,7.84%,13,8.5%,153
SUDESTE,31,MG,313270,ITAMBACURI,29,2.29%,30,2.37%,804,63.41%,243,19.16%,89,7.02%,73,5.76%,1268
SUDESTE,31,MG,313280,ITAMBE DO MATO DENTRO,5,5.49%,6,6.59%,70,76.92%,9,9.89%,0,-,1,1.1%,91
SUDESTE,31,MG,313290,ITAMOGI,3,0.69%,5,1.15%,254,58.66%,105,24.25%,46,10.62%,20,4.62%,433
SUDESTE,31,MG,313300,ITAMONTE,9,1.33%,13,1.92%,403,59.53%,141,20.83%,65,9.6%,46,6.79%,677
SUDESTE,31,MG,313310,ITANHANDU,6,1.16%,20,3.85%,352,67.82%,100,19.27%,33,6.36%,8,1.54%,519
SUDESTE,31,MG,313320,ITANHOMI,10,1.61%,16,2.57%,416,66.88%,89,14.31%,56,9%,35,5.63%,622
SUDESTE,31,MG,313330,ITAOBIM,16,1.59%,35,3.47%,675,66.96%,167,16.57%,64,6.35%,51,5.06%,1008
SUDESTE,31,MG,313340,ITAPAGIPE,3,0.56%,3,0.56%,312,57.88%,125,23.19%,58,10.76%,38,7.05%,539
SUDESTE,31,MG,313350,ITAPECERICA,9,1.61%,16,2.87%,367,65.77%,87,15.59%,45,8.06%,34,6.09%,558
SUDESTE,31,MG,313360,ITAPEVA,4,0.76%,13,2.49%,333,63.67%,93,17.78%,53,10.13%,27,5.16%,523
SUDESTE,31,MG,313370,ITATIAIUCU,11,1.95%,12,2.12%,390,69.03%,91,16.11%,38,6.73%,23,4.07%,565
SUDESTE,31,MG,313375,ITAU DE MINAS,10,2.47%,16,3.95%,219,54.07%,77,19.01%,41,10.12%,42,10.37%,405
SUDESTE,31,MG,313380,ITAUNA,54,2.36%,84,3.66%,1483,64.7%,359,15.66%,168,7.33%,144,6.28%,2292
SUDESTE,31,MG,313390,ITAVERAVA,0,-,5,1.87%,198,74.16%,43,16.1%,16,5.99%,5,1.87%,267
SUDESTE,31,MG,313400,ITINGA,20,2.5%,33,4.13%,517,64.71%,150,18.77%,56,7.01%,23,2.88%,799
SUDESTE,31,MG,313410,ITUETA,7,1.97%,6,1.69%,234,65.73%,56,15.73%,29,8.15%,24,6.74%,356
SUDESTE,31,MG,313420,ITUIUTABA,37,1.32%,91,3.26%,1895,67.85%,478,17.11%,179,6.41%,113,4.05%,2793
SUDESTE,31,MG,313430,ITUMIRIM,1,0.42%,4,1.67%,140,58.33%,60,25%,24,10%,11,4.58%,240
SUDESTE,31,MG,313440,ITURAMA,23,1.5%,49,3.19%,1038,67.67%,254,16.56%,97,6.32%,73,4.76%,1534
SUDESTE,31,MG,313450,ITUTINGA,2,1.01%,6,3.02%,135,67.84%,36,18.09%,13,6.53%,7,3.52%,199
SUDESTE,31,MG,313460,JABOTICATUBAS,11,1.41%,20,2.56%,536,68.72%,126,16.15%,43,5.51%,44,5.64%,780
SUDESTE,31,MG,313470,JACINTO,10,2.43%,10,2.43%,248,60.19%,72,17.48%,46,11.17%,26,6.31%,412
SUDESTE,31,MG,313480,JACUI,6,2.13%,5,1.77%,190,67.38%,45,15.96%,21,7.45%,15,5.32%,282
SUDESTE,31,MG,313490,JACUTINGA,4,0.4%,19,1.88%,672,66.4%,192,18.97%,82,8.1%,43,4.25%,1012
SUDESTE,31,MG,313500,JAGUARACU,1,0.97%,4,3.88%,66,64.08%,23,22.33%,5,4.85%,4,3.88%,103
SUDESTE,31,MG,313505,JAIBA,34,1.18%,80,2.77%,2002,69.3%,482,16.68%,181,6.27%,110,3.81%,2889
SUDESTE,31,MG,313507,JAMPRUCA,1,0.45%,7,3.14%,156,69.96%,38,17.04%,12,5.38%,9,4.04%,223
SUDESTE,31,MG,313510,JANAUBA,53,1.4%,115,3.03%,2449,64.57%,676,17.82%,302,7.96%,198,5.22%,3793
SUDESTE,31,MG,313520,JANUARIA,109,3.3%,145,4.39%,2174,65.78%,478,14.46%,231,6.99%,168,5.08%,3305
SUDESTE,31,MG,313530,JAPARAIBA,0,-,3,1.24%,161,66.8%,52,21.58%,21,8.71%,4,1.66%,241
SUDESTE,31,MG,313535,JAPONVAR,3,0.66%,10,2.18%,321,70.09%,71,15.5%,42,9.17%,11,2.4%,458
SUDESTE,31,MG,313540,JECEABA,7,2.81%,5,2.01%,157,63.05%,49,19.68%,16,6.43%,15,6.02%,249
SUDESTE,31,MG,313545,JENIPAPO DE MINAS,5,1.46%,9,2.62%,252,73.47%,44,12.83%,25,7.29%,8,2.33%,343
SUDESTE,31,MG,313550,JEQUERI,35,5.76%,35,5.76%,391,64.31%,85,13.98%,26,4.28%,36,5.92%,608
SUDESTE,31,MG,313560,JEQUITAI,7,2.39%,4,1.37%,191,65.19%,49,16.72%,22,7.51%,20,6.83%,293
SUDESTE,31,MG,313570,JEQUITIBA,5,1.64%,6,1.97%,208,68.42%,53,17.43%,18,5.92%,14,4.61%,304
SUDESTE,31,MG,313580,JEQUITINHONHA,13,1.11%,34,2.91%,797,68.18%,218,18.65%,69,5.9%,38,3.25%,1169
SUDESTE,31,MG,313590,JESUANIA,3,1.17%,3,1.17%,163,63.67%,51,19.92%,21,8.2%,15,5.86%,256
SUDESTE,31,MG,313600,JOAIMA,10,1.21%,15,1.82%,589,71.31%,137,16.59%,54,6.54%,21,2.54%,826
SUDESTE,31,MG,313610,JOANESIA,2,1.2%,2,1.2%,91,54.49%,42,25.15%,17,10.18%,13,7.78%,167
SUDESTE,31,MG,313620,JOAO MONLEVADE,54,2.92%,78,4.21%,1203,64.99%,292,15.78%,127,6.86%,97,5.24%,1851
SUDESTE,31,MG,313630,JOAO PINHEIRO,68,3.43%,71,3.58%,1242,62.6%,323,16.28%,146,7.36%,134,6.75%,1984
SUDESTE,31,MG,313640,JOAQUIM FELICIO,2,0.94%,3,1.42%,124,58.49%,43,20.28%,22,10.38%,18,8.49%,212
SUDESTE,31,MG,313650,JORDANIA,12,2.48%,13,2.69%,308,63.77%,99,20.5%,38,7.87%,13,2.69%,483
SUDESTE,31,MG,313652,JOSE GONCALVES DE MINAS,1,0.58%,5,2.92%,116,67.84%,30,17.54%,16,9.36%,3,1.75%,171
SUDESTE,31,MG,313655,JOSE RAYDAN,3,1.54%,4,2.05%,109,55.9%,44,22.56%,21,10.77%,14,7.18%,195
SUDESTE,31,MG,313657,JOSENOPOLIS,5,3.45%,8,5.52%,82,56.55%,24,16.55%,18,12.41%,8,5.52%,145
SUDESTE,31,MG,313660,NOVA UNIAO,0,-,7,2.08%,244,72.4%,62,18.4%,14,4.15%,10,2.97%,337
SUDESTE,31,MG,313665,JUATUBA,38,2.88%,25,1.89%,787,59.58%,277,20.97%,109,8.25%,85,6.43%,1321
SUDESTE,31,MG,313670,JUIZ DE FORA,202,2.14%,299,3.16%,6223,65.78%,1617,17.09%,685,7.24%,435,4.6%,9461
SUDESTE,31,MG,313680,JURAMENTO,7,3.55%,11,5.58%,102,51.78%,39,19.8%,18,9.14%,20,10.15%,197
SUDESTE,31,MG,313690,JURUAIA,9,2.54%,8,2.25%,210,59.15%,68,19.15%,35,9.86%,25,7.04%,355
SUDESTE,31,MG,313695,JUVENILIA,4,1.12%,19,5.34%,227,63.76%,58,16.29%,34,9.55%,14,3.93%,356
SUDESTE,31,MG,313700,LADAINHA,8,1.05%,18,2.36%,474,62.04%,161,21.07%,77,10.08%,26,3.4%,764
SUDESTE,31,MG,313710,LAGAMAR,2,0.88%,8,3.54%,151,66.81%,37,16.37%,18,7.96%,10,4.42%,226
SUDESTE,31,MG,313720,LAGOA DA PRATA,20,1.43%,38,2.72%,961,68.84%,219,15.69%,93,6.66%,65,4.66%,1396
SUDESTE,31,MG,313730,LAGOA DOS PATOS,10,5%,8,4%,110,55%,28,14%,15,7.5%,29,14.5%,200
SUDESTE,31,MG,313740,LAGOA DOURADA,5,0.99%,19,3.75%,342,67.59%,86,17%,28,5.53%,26,5.14%,506
SUDESTE,31,MG,313750,LAGOA FORMOSA,17,1.98%,25,2.91%,570,66.43%,163,19%,58,6.76%,25,2.91%,858
SUDESTE,31,MG,313753,LAGOA GRANDE,4,1.13%,10,2.83%,232,65.72%,72,20.4%,25,7.08%,10,2.83%,353
SUDESTE,31,MG,313760,LAGOA SANTA,52,2.05%,54,2.13%,1623,64%,484,19.09%,198,7.81%,125,4.93%,2536
SUDESTE,31,MG,313770,LAJINHA,44,4.39%,31,3.09%,566,56.43%,168,16.75%,94,9.37%,100,9.97%,1003
SUDESTE,31,MG,313780,LAMBARI,18,2.49%,16,2.21%,399,55.11%,136,18.78%,88,12.15%,67,9.25%,724
SUDESTE,31,MG,313790,LAMIM,6,4.29%,3,2.14%,80,57.14%,30,21.43%,15,10.71%,6,4.29%,140
SUDESTE,31,MG,313800,LARANJAL,1,0.7%,0,-,82,57.34%,36,25.17%,12,8.39%,12,8.39%,143
SUDESTE,31,MG,313810,LASSANCE,16,3.86%,14,3.37%,264,63.61%,63,15.18%,32,7.71%,26,6.27%,415
SUDESTE,31,MG,313820,LAVRAS,82,3.51%,74,3.17%,1422,60.95%,432,18.52%,209,8.96%,114,4.89%,2333
SUDESTE,31,MG,313830,LEANDRO FERREIRA,1,0.49%,6,2.96%,151,74.38%,38,18.72%,5,2.46%,2,0.99%,203
SUDESTE,31,MG,313835,LEME DO PRADO,3,1.31%,2,0.87%,165,72.05%,29,12.66%,21,9.17%,9,3.93%,229
SUDESTE,31,MG,313840,LEOPOLDINA,26,1.92%,35,2.58%,870,64.25%,249,18.39%,96,7.09%,78,5.76%,1354
SUDESTE,31,MG,313850,LIBERDADE,5,3.13%,6,3.75%,111,69.38%,21,13.13%,9,5.63%,8,5%,160
SUDESTE,31,MG,313860,LIMA DUARTE,22,5.35%,20,4.87%,232,56.45%,74,18%,36,8.76%,27,6.57%,411
SUDESTE,31,MG,313862,LIMEIRA DO OESTE,3,0.76%,6,1.52%,253,63.89%,80,20.2%,28,7.07%,26,6.57%,396
SUDESTE,31,MG,313865,LONTRA,16,2.83%,17,3%,389,68.73%,94,16.61%,31,5.48%,19,3.36%,566
SUDESTE,31,MG,313867,LUISBURGO,2,0.36%,7,1.27%,354,64.13%,116,21.01%,55,9.96%,18,3.26%,552
SUDESTE,31,MG,313868,LUISLANDIA,8,2.02%,12,3.03%,228,57.58%,80,20.2%,32,8.08%,36,9.09%,396
SUDESTE,31,MG,313870,LUMINARIAS,3,1.21%,4,1.62%,127,51.42%,57,23.08%,38,15.38%,18,7.29%,247
SUDESTE,31,MG,313880,LUZ,9,1.2%,10,1.34%,483,64.57%,153,20.45%,63,8.42%,30,4.01%,748
SUDESTE,31,MG,313890,MACHACALIS,6,1.53%,7,1.79%,236,60.2%,76,19.39%,33,8.42%,34,8.67%,392
SUDESTE,31,MG,313900,MACHADO,67,3.63%,75,4.07%,1123,60.87%,313,16.96%,149,8.08%,118,6.4%,1845
SUDESTE,31,MG,313910,MADRE DE DEUS DE MINAS,20,16%,10,8%,61,48.8%,21,16.8%,6,4.8%,7,5.6%,125
SUDESTE,31,MG,313920,MALACACHETA,15,2.05%,26,3.56%,497,68.08%,111,15.21%,52,7.12%,29,3.97%,730
SUDESTE,31,MG,313925,MAMONAS,1,0.42%,5,2.09%,174,72.8%,38,15.9%,16,6.69%,5,2.09%,239
SUDESTE,31,MG,313930,MANGA,43,3.12%,68,4.93%,923,66.93%,215,15.59%,72,5.22%,58,4.21%,1379
SUDESTE,31,MG,313940,MANHUACU,75,2.15%,84,2.41%,2092,59.93%,676,19.36%,358,10.25%,206,5.9%,3491
SUDESTE,31,MG,313950,MANHUMIRIM,25,3.2%,24,3.07%,468,59.85%,144,18.41%,69,8.82%,52,6.65%,782
SUDESTE,31,MG,313960,MANTENA,4,0.39%,25,2.42%,646,62.48%,190,18.38%,120,11.61%,49,4.74%,1034
SUDESTE,31,MG,313970,MARAVILHAS,5,1.33%,9,2.39%,239,63.4%,82,21.75%,24,6.37%,18,4.77%,377
SUDESTE,31,MG,313980,MAR DE ESPANHA,19,3.42%,10,1.8%,351,63.24%,96,17.3%,33,5.95%,46,8.29%,555
SUDESTE,31,MG,313990,MARIA DA FE,7,0.95%,14,1.91%,475,64.71%,144,19.62%,58,7.9%,36,4.9%,734
SUDESTE,31,MG,314000,MARIANA,42,1.85%,73,3.21%,1588,69.8%,354,15.56%,132,5.8%,86,3.78%,2275
SUDESTE,31,MG,314010,MARILAC,9,2.81%,5,1.56%,190,59.38%,61,19.06%,32,10%,23,7.19%,320
SUDESTE,31,MG,314015,MARIO CAMPOS,7,1.62%,22,5.08%,290,66.97%,68,15.7%,25,5.77%,21,4.85%,433
SUDESTE,31,MG,314020,MARIPA DE MINAS,2,1.18%,5,2.96%,126,74.56%,21,12.43%,12,7.1%,3,1.78%,169
SUDESTE,31,MG,314030,MARLIERIA,5,2.59%,6,3.11%,115,59.59%,32,16.58%,26,13.47%,9,4.66%,193
SUDESTE,31,MG,314040,MARMELOPOLIS,0,-,3,2.7%,82,73.87%,18,16.22%,5,4.5%,3,2.7%,111
SUDESTE,31,MG,314050,MARTINHO CAMPOS,4,0.75%,14,2.63%,317,59.59%,112,21.05%,56,10.53%,29,5.45%,532
SUDESTE,31,MG,314053,MARTINS SOARES,13,2.77%,14,2.99%,280,59.7%,66,14.07%,55,11.73%,41,8.74%,469
SUDESTE,31,MG,314055,MATA VERDE,12,2.64%,15,3.3%,286,62.86%,84,18.46%,35,7.69%,23,5.05%,455
SUDESTE,31,MG,314060,MATERLANDIA,8,3.83%,8,3.83%,130,62.2%,32,15.31%,19,9.09%,12,5.74%,209
SUDESTE,31,MG,314070,MATEUS LEME,37,2.61%,40,2.83%,881,62.26%,264,18.66%,128,9.05%,65,4.59%,1415
SUDESTE,31,MG,314080,MATIAS BARBOSA,8,1.54%,17,3.28%,337,65.06%,95,18.34%,36,6.95%,25,4.83%,518
SUDESTE,31,MG,314085,MATIAS CARDOSO,13,2.26%,16,2.78%,386,67.13%,95,16.52%,34,5.91%,31,5.39%,575
SUDESTE,31,MG,314090,MATIPO,37,3.22%,23,2%,690,60.1%,199,17.33%,103,8.97%,96,8.36%,1148
SUDESTE,31,MG,314100,MATO VERDE,18,2.5%,28,3.88%,439,60.89%,137,19%,43,5.96%,56,7.77%,721
SUDESTE,31,MG,314110,MATOZINHOS,28,3.06%,34,3.72%,592,64.77%,144,15.75%,67,7.33%,49,5.36%,914
SUDESTE,31,MG,314120,MATUTINA,0,-,5,2.58%,150,77.32%,32,16.49%,5,2.58%,2,1.03%,194
SUDESTE,31,MG,314130,MEDEIROS,0,-,2,1.18%,108,63.91%,26,15.38%,22,13.02%,11,6.51%,169
SUDESTE,31,MG,314140,MEDINA,11,1.1%,20,2%,639,63.9%,197,19.7%,93,9.3%,40,4%,1000
SUDESTE,31,MG,314150,MENDES PIMENTEL,2,1.38%,4,2.76%,83,57.24%,33,22.76%,9,6.21%,14,9.66%,145
SUDESTE,31,MG,314160,MERCES,5,1.6%,10,3.19%,205,65.5%,64,20.45%,18,5.75%,11,3.51%,313
SUDESTE,31,MG,314170,MESQUITA,0,-,4,2.09%,113,59.16%,35,18.32%,26,13.61%,13,6.81%,191
SUDESTE,31,MG,314180,MINAS NOVAS,20,1.53%,36,2.76%,916,70.3%,228,17.5%,72,5.53%,31,2.38%,1303
SUDESTE,31,MG,314190,MINDURI,0,-,5,3.07%,117,71.78%,27,16.56%,10,6.13%,4,2.45%,163
SUDESTE,31,MG,314200,MIRABELA,10,1.69%,17,2.87%,376,63.51%,95,16.05%,58,9.8%,36,6.08%,592
SUDESTE,31,MG,314210,MIRADOURO,6,1.57%,12,3.15%,266,69.82%,46,12.07%,28,7.35%,23,6.04%,381
SUDESTE,31,MG,314220,MIRAI,3,0.57%,13,2.45%,342,64.53%,97,18.3%,36,6.79%,39,7.36%,530
SUDESTE,31,MG,314225,MIRAVANIA,4,1.93%,14,6.76%,136,65.7%,26,12.56%,12,5.8%,15,7.25%,207
SUDESTE,31,MG,314230,MOEDA,2,0.83%,7,2.89%,171,70.66%,46,19.01%,12,4.96%,4,1.65%,242
SUDESTE,31,MG,314240,MOEMA,3,0.77%,2,0.51%,259,66.07%,84,21.43%,29,7.4%,15,3.83%,392
SUDESTE,31,MG,314250,MONJOLOS,1,1.14%,1,1.14%,57,64.77%,17,19.32%,4,4.55%,8,9.09%,88
SUDESTE,31,MG,314260,MONSENHOR PAULO,6,1.88%,8,2.5%,204,63.75%,64,20%,23,7.19%,15,4.69%,320
SUDESTE,31,MG,314270,MONTALVANIA,11,1.25%,45,5.11%,603,68.44%,142,16.12%,53,6.02%,27,3.06%,881
SUDESTE,31,MG,314280,MONTE ALEGRE DE MINAS,24,5.07%,18,3.81%,325,68.71%,57,12.05%,23,4.86%,26,5.5%,473
SUDESTE,31,MG,314290,MONTE AZUL,15,1.48%,22,2.17%,669,66.04%,177,17.47%,63,6.22%,67,6.61%,1013
SUDESTE,31,MG,314300,MONTE BELO,7,1.48%,16,3.38%,314,66.24%,82,17.3%,33,6.96%,22,4.64%,474
SUDESTE,31,MG,314310,MONTE CARMELO,19,1.02%,33,1.77%,1185,63.64%,390,20.95%,160,8.59%,75,4.03%,1862
SUDESTE,31,MG,314315,MONTE FORMOSO,7,2.58%,7,2.58%,171,63.1%,58,21.4%,16,5.9%,12,4.43%,271
SUDESTE,31,MG,314320,MONTE SANTO DE MINAS,8,0.78%,16,1.56%,684,66.67%,202,19.69%,76,7.41%,40,3.9%,1026
SUDESTE,31,MG,314330,MONTES CLAROS,569,3.69%,652,4.22%,9972,64.61%,2467,15.98%,960,6.22%,815,5.28%,15435
SUDESTE,31,MG,314340,MONTE SIAO,26,3.12%,16,1.92%,489,58.7%,144,17.29%,96,11.52%,62,7.44%,833
SUDESTE,31,MG,314345,MONTEZUMA,7,1.73%,13,3.21%,281,69.38%,60,14.81%,26,6.42%,18,4.44%,405
SUDESTE,31,MG,314350,MORADA NOVA DE MINAS,5,0.94%,10,1.88%,334,62.66%,108,20.26%,39,7.32%,37,6.94%,533
SUDESTE,31,MG,314360,MORRO DA GARCA,7,9.09%,3,3.9%,46,59.74%,16,20.78%,4,5.19%,1,1.3%,77
SUDESTE,31,MG,314370,MORRO DO PILAR,6,3.7%,3,1.85%,100,61.73%,26,16.05%,16,9.88%,11,6.79%,162
SUDESTE,31,MG,314380,MUNHOZ,6,1.53%,9,2.3%,262,67.01%,73,18.67%,27,6.91%,14,3.58%,391
SUDESTE,31,MG,314390,MURIAE,66,1.39%,110,2.32%,2901,61.2%,920,19.41%,424,8.95%,319,6.73%,4740
SUDESTE,31,MG,314400,MUTUM,30,2.21%,51,3.75%,863,63.46%,245,18.01%,99,7.28%,72,5.29%,1360
SUDESTE,31,MG,314410,MUZAMBINHO,7,1.24%,26,4.62%,347,61.63%,114,20.25%,46,8.17%,23,4.09%,563
SUDESTE,31,MG,314420,NACIP RAYDAN,0,-,3,2.54%,82,69.49%,18,15.25%,7,5.93%,8,6.78%,118
SUDESTE,31,MG,314430,NANUQUE,26,1.71%,39,2.57%,953,62.78%,284,18.71%,122,8.04%,94,6.19%,1518
SUDESTE,31,MG,314435,NAQUE,4,0.84%,14,2.94%,302,63.45%,83,17.44%,43,9.03%,30,6.3%,476
SUDESTE,31,MG,314437,NATALANDIA,0,-,6,1.95%,237,77.2%,44,14.33%,11,3.58%,9,2.93%,307
SUDESTE,31,MG,314440,NATERCIA,0,-,5,2.48%,127,62.87%,44,21.78%,18,8.91%,8,3.96%,202
SUDESTE,31,MG,314450,NAZARENO,8,2.66%,8,2.66%,169,56.15%,77,25.58%,19,6.31%,20,6.64%,301
SUDESTE,31,MG,314460,NEPOMUCENO,15,1.36%,22,2%,689,62.64%,208,18.91%,116,10.55%,50,4.55%,1100
SUDESTE,31,MG,314465,NINHEIRA,10,1.65%,14,2.31%,429,70.68%,89,14.66%,48,7.91%,17,2.8%,607
SUDESTE,31,MG,314467,NOVA BELEM,1,0.47%,8,3.79%,135,63.98%,51,24.17%,9,4.27%,7,3.32%,211
SUDESTE,31,MG,314470,NOVA ERA,9,1.41%,9,1.41%,403,63.07%,145,22.69%,52,8.14%,21,3.29%,639
SUDESTE,31,MG,314480,NOVA LIMA,33,0.99%,69,2.07%,2278,68.43%,622,18.68%,216,6.49%,111,3.33%,3329
SUDESTE,31,MG,314490,NOVA MODICA,1,0.49%,5,2.46%,128,63.05%,40,19.7%,18,8.87%,11,5.42%,203
SUDESTE,31,MG,314500,NOVA PONTE,13,2.18%,19,3.19%,353,59.33%,117,19.66%,46,7.73%,47,7.9%,595
SUDESTE,31,MG,314505,NOVA PORTEIRINHA,6,1.39%,18,4.16%,290,66.97%,78,18.01%,28,6.47%,13,3%,433
SUDESTE,31,MG,314510,NOVA RESENDE,10,1.12%,17,1.9%,630,70.31%,150,16.74%,52,5.8%,37,4.13%,896
SUDESTE,31,MG,314520,NOVA SERRANA,88,1.44%,158,2.58%,4020,65.65%,1177,19.22%,418,6.83%,262,4.28%,6123
SUDESTE,31,MG,314530,NOVO CRUZEIRO,30,2.35%,39,3.06%,857,67.27%,212,16.64%,83,6.51%,53,4.16%,1274
SUDESTE,31,MG,314535,NOVO ORIENTE DE MINAS,15,3.69%,12,2.96%,259,63.79%,64,15.76%,34,8.37%,22,5.42%,406
SUDESTE,31,MG,314537,NOVORIZONTE,6,1.73%,19,5.48%,236,68.01%,60,17.29%,16,4.61%,10,2.88%,347
SUDESTE,31,MG,314540,OLARIA,4,8.89%,3,6.67%,24,53.33%,7,15.56%,2,4.44%,5,11.11%,45
SUDESTE,31,MG,314545,OLHOS-D'AGUA,5,2.17%,9,3.91%,150,65.22%,39,16.96%,17,7.39%,10,4.35%,230
SUDESTE,31,MG,314550,OLIMPIO NORONHA,2,1.32%,4,2.63%,109,71.71%,27,17.76%,8,5.26%,2,1.32%,152
SUDESTE,31,MG,314560,OLIVEIRA,20,1.39%,27,1.88%,857,59.56%,332,23.07%,134,9.31%,69,4.79%,1439
SUDESTE,31,MG,314570,OLIVEIRA FORTES,0,-,4,4.82%,65,78.31%,10,12.05%,1,1.2%,3,3.61%,83
SUDESTE,31,MG,314580,ONCA DE PITANGUI,4,2.74%,6,4.11%,95,65.07%,22,15.07%,9,6.16%,10,6.85%,146
SUDESTE,31,MG,314585,ORATORIOS,7,3.48%,4,1.99%,122,60.7%,37,18.41%,16,7.96%,15,7.46%,201
SUDESTE,31,MG,314587,ORIZANIA,15,2.53%,14,2.36%,380,63.97%,107,18.01%,47,7.91%,31,5.22%,594
SUDESTE,31,MG,314590,OURO BRANCO,18,1.16%,27,1.75%,1107,71.56%,241,15.58%,107,6.92%,47,3.04%,1547
SUDESTE,31,MG,314600,OURO FINO,10,1%,21,2.1%,627,62.64%,204,20.38%,85,8.49%,54,5.39%,1001
SUDESTE,31,MG,314610,OURO PRETO,37,1.49%,53,2.14%,1655,66.79%,483,19.49%,161,6.5%,89,3.59%,2478
SUDESTE,31,MG,314620,OURO VERDE DE MINAS,10,2.22%,10,2.22%,249,55.21%,101,22.39%,48,10.64%,33,7.32%,451
SUDESTE,31,MG,314625,PADRE CARVALHO,10,5%,11,5.5%,121,60.5%,33,16.5%,15,7.5%,10,5%,200
SUDESTE,31,MG,314630,PADRE PARAISO,18,1.74%,24,2.31%,703,67.79%,179,17.26%,76,7.33%,37,3.57%,1037
SUDESTE,31,MG,314640,PAINEIRAS,3,2.61%,2,1.74%,72,62.61%,22,19.13%,8,6.96%,8,6.96%,115
SUDESTE,31,MG,314650,PAINS,3,0.98%,3,0.98%,184,60.33%,69,22.62%,35,11.48%,11,3.61%,305
SUDESTE,31,MG,314655,PAI PEDRO,5,1.65%,11,3.63%,199,65.68%,58,19.14%,24,7.92%,6,1.98%,303
SUDESTE,31,MG,314660,PAIVA,1,1.02%,2,2.04%,58,59.18%,19,19.39%,12,12.24%,6,6.12%,98
SUDESTE,31,MG,314670,PALMA,3,1.35%,10,4.5%,129,58.11%,20,9.01%,21,9.46%,39,17.57%,222
SUDESTE,31,MG,314675,PALMOPOLIS,7,2.03%,3,0.87%,215,62.5%,65,18.9%,33,9.59%,21,6.1%,344
SUDESTE,31,MG,314690,PAPAGAIOS,11,1.54%,11,1.54%,480,67.42%,125,17.56%,49,6.88%,36,5.06%,712
SUDESTE,31,MG,314700,PARACATU,50,1.75%,73,2.56%,1736,60.83%,542,18.99%,221,7.74%,232,8.13%,2854
SUDESTE,31,MG,314710,PARA DE MINAS,39,0.93%,100,2.37%,2844,67.51%,837,19.87%,283,6.72%,110,2.61%,4213
SUDESTE,31,MG,314720,PARAGUACU,9,0.94%,14,1.47%,627,65.79%,196,20.57%,74,7.76%,33,3.46%,953
SUDESTE,31,MG,314730,PARAISOPOLIS,8,0.92%,13,1.5%,589,68.01%,147,16.97%,63,7.27%,46,5.31%,866
SUDESTE,31,MG,314740,PARAOPEBA,21,2.02%,37,3.55%,635,60.94%,214,20.54%,89,8.54%,46,4.41%,1042
SUDESTE,31,MG,314750,PASSABEM,0,-,2,2.53%,55,69.62%,12,15.19%,7,8.86%,3,3.8%,79
SUDESTE,31,MG,314760,PASSA QUATRO,8,1.95%,15,3.65%,253,61.56%,71,17.27%,43,10.46%,21,5.11%,411
SUDESTE,31,MG,314770,PASSA TEMPO,2,1.09%,5,2.73%,102,55.74%,36,19.67%,25,13.66%,13,7.1%,183
SUDESTE,31,MG,314780,PASSA VINTE,6,6%,1,1%,55,55%,21,21%,5,5%,12,12%,100
SUDESTE,31,MG,314790,PASSOS,151,5.18%,127,4.36%,1742,59.76%,489,16.78%,192,6.59%,214,7.34%,2915
SUDESTE,31,MG,314795,PATIS,12,4.55%,6,2.27%,149,56.44%,38,14.39%,29,10.98%,30,11.36%,264
SUDESTE,31,MG,314800,PATOS DE MINAS,51,1.05%,108,2.23%,3114,64.19%,970,20%,393,8.1%,215,4.43%,4851
SUDESTE,31,MG,314810,PATROCINIO,102,3.16%,100,3.1%,1955,60.64%,576,17.87%,280,8.68%,211,6.54%,3224
SUDESTE,31,MG,314820,PATROCINIO DO MURIAE,5,1.64%,6,1.97%,191,62.83%,58,19.08%,23,7.57%,21,6.91%,304
SUDESTE,31,MG,314830,PAULA CANDIDO,10,2.72%,3,0.82%,220,59.95%,78,21.25%,33,8.99%,23,6.27%,367
SUDESTE,31,MG,314840,PAULISTAS,0,-,7,2.95%,165,69.62%,43,18.14%,14,5.91%,8,3.38%,237
SUDESTE,31,MG,314850,PAVAO,6,1.67%,11,3.06%,224,62.22%,67,18.61%,31,8.61%,21,5.83%,360
SUDESTE,31,MG,314860,PECANHA,45,6.16%,39,5.34%,336,46.03%,113,15.48%,88,12.05%,109,14.93%,730
SUDESTE,31,MG,314870,PEDRA AZUL,36,3.61%,32,3.21%,587,58.94%,175,17.57%,101,10.14%,65,6.53%,996
SUDESTE,31,MG,314875,PEDRA BONITA,10,1.81%,18,3.25%,364,65.7%,86,15.52%,33,5.96%,43,7.76%,554
SUDESTE,31,MG,314880,PEDRA DO ANTA,2,2.56%,2,2.56%,46,58.97%,18,23.08%,5,6.41%,5,6.41%,78
SUDESTE,31,MG,314890,PEDRA DO INDAIA,0,-,3,1.76%,97,57.06%,35,20.59%,20,11.76%,15,8.82%,170
SUDESTE,31,MG,314900,PEDRA DOURADA,3,2.1%,2,1.4%,82,57.34%,38,26.57%,11,7.69%,7,4.9%,143
SUDESTE,31,MG,314910,PEDRALVA,7,1.5%,9,1.92%,333,71.15%,81,17.31%,27,5.77%,11,2.35%,468
SUDESTE,31,MG,314915,PEDRAS DE MARIA DA CRUZ,20,4.55%,19,4.32%,273,62.05%,66,15%,30,6.82%,32,7.27%,440
SUDESTE,31,MG,314920,PEDRINOPOLIS,1,0.62%,2,1.23%,120,74.07%,29,17.9%,9,5.56%,1,0.62%,162
SUDESTE,31,MG,314930,PEDRO LEOPOLDO,23,2.31%,14,1.41%,596,59.96%,219,22.03%,69,6.94%,73,7.34%,994
SUDESTE,31,MG,314940,PEDRO TEIXEIRA,0,-,2,2%,65,65%,17,17%,10,10%,6,6%,100
SUDESTE,31,MG,314950,PEQUERI,5,2.81%,4,2.25%,114,64.04%,29,16.29%,15,8.43%,11,6.18%,178
SUDESTE,31,MG,314960,PEQUI,1,0.53%,5,2.63%,124,65.26%,32,16.84%,17,8.95%,11,5.79%,190
SUDESTE,31,MG,314970,PERDIGAO,18,2.35%,22,2.87%,471,61.49%,155,20.23%,60,7.83%,40,5.22%,766
SUDESTE,31,MG,314980,PERDIZES,8,0.68%,22,1.88%,748,64.04%,269,23.03%,78,6.68%,43,3.68%,1168
SUDESTE,31,MG,314990,PERDOES,51,10.43%,13,2.66%,286,58.49%,82,16.77%,33,6.75%,24,4.91%,489
SUDESTE,31,MG,314995,PERIQUITO,8,2.04%,11,2.8%,211,53.69%,72,18.32%,50,12.72%,41,10.43%,393
SUDESTE,31,MG,315000,PESCADOR,2,1.01%,5,2.53%,111,56.06%,46,23.23%,25,12.63%,9,4.55%,198
SUDESTE,31,MG,315010,PIAU,3,2.44%,3,2.44%,81,65.85%,17,13.82%,12,9.76%,7,5.69%,123
SUDESTE,31,MG,315015,PIEDADE DE CARATINGA,25,3.82%,17,2.6%,421,64.37%,122,18.65%,42,6.42%,27,4.13%,654
SUDESTE,31,MG,315020,PIEDADE DE PONTE NOVA,7,4.38%,11,6.88%,90,56.25%,26,16.25%,17,10.63%,9,5.63%,160
SUDESTE,31,MG,315030,PIEDADE DO RIO GRANDE,3,1.23%,6,2.46%,170,69.67%,46,18.85%,14,5.74%,5,2.05%,244
SUDESTE,31,MG,315040,PIEDADE DOS GERAIS,12,6.45%,2,1.08%,117,62.9%,13,6.99%,24,12.9%,18,9.68%,186
SUDESTE,31,MG,315050,PIMENTA,2,0.54%,6,1.63%,206,56.13%,94,25.61%,37,10.08%,22,5.99%,367
SUDESTE,31,MG,315053,PINGO-D'AGUA,6,2.27%,10,3.79%,179,67.8%,35,13.26%,21,7.95%,13,4.92%,264
SUDESTE,31,MG,315057,PINTOPOLIS,14,2.78%,18,3.58%,304,60.44%,75,14.91%,40,7.95%,52,10.34%,503
SUDESTE,31,MG,315060,PIRACEMA,4,2.68%,1,0.67%,70,46.98%,27,18.12%,23,15.44%,24,16.11%,149
SUDESTE,31,MG,315070,PIRAJUBA,1,0.26%,11,2.84%,225,58.14%,81,20.93%,35,9.04%,34,8.79%,387
SUDESTE,31,MG,315080,PIRANGA,15,2.07%,10,1.38%,515,71.03%,122,16.83%,40,5.52%,23,3.17%,725
SUDESTE,31,MG,315090,PIRANGUCU,4,1.55%,5,1.94%,177,68.6%,46,17.83%,14,5.43%,12,4.65%,258
SUDESTE,31,MG,315100,PIRANGUINHO,8,1.98%,8,1.98%,234,57.78%,94,23.21%,34,8.4%,27,6.67%,405
SUDESTE,31,MG,315110,PIRAPETINGA,2,0.46%,8,1.86%,211,48.96%,108,25.06%,51,11.83%,51,11.83%,431
SUDESTE,31,MG,315120,PIRAPORA,63,2.36%,84,3.15%,1769,66.38%,436,16.36%,188,7.05%,125,4.69%,2665
SUDESTE,31,MG,315130,PIRAUBA,2,0.67%,8,2.68%,175,58.53%,61,20.4%,31,10.37%,22,7.36%,299
SUDESTE,31,MG,315140,PITANGUI,15,1.48%,19,1.87%,627,61.77%,194,19.11%,111,10.94%,49,4.83%,1015
SUDESTE,31,MG,315150,PIUMHI,36,2.14%,60,3.57%,1056,62.86%,300,17.86%,141,8.39%,87,5.18%,1680
SUDESTE,31,MG,315160,PLANURA,9,1.95%,21,4.56%,313,67.9%,73,15.84%,28,6.07%,17,3.69%,461
SUDESTE,31,MG,315170,POCO FUNDO,7,0.96%,24,3.29%,466,63.84%,141,19.32%,55,7.53%,37,5.07%,730
SUDESTE,31,MG,315180,POCOS DE CALDAS,31,0.76%,94,2.31%,2821,69.45%,694,17.09%,286,7.04%,136,3.35%,4062
SUDESTE,31,MG,315190,POCRANE,18,4.04%,8,1.79%,261,58.52%,87,19.51%,39,8.74%,33,7.4%,446
SUDESTE,31,MG,315200,POMPEU,14,1.33%,35,3.33%,688,65.52%,179,17.05%,85,8.1%,49,4.67%,1050
SUDESTE,31,MG,315210,PONTE NOVA,42,3.19%,38,2.89%,801,60.91%,238,18.1%,95,7.22%,101,7.68%,1315
SUDESTE,31,MG,315213,PONTO CHIQUE,9,3.67%,9,3.67%,152,62.04%,38,15.51%,24,9.8%,13,5.31%,245
SUDESTE,31,MG,315217,PONTO DOS VOLANTES,28,5.46%,18,3.51%,328,63.94%,75,14.62%,35,6.82%,29,5.65%,513
SUDESTE,31,MG,315220,PORTEIRINHA,40,2.03%,57,2.89%,1367,69.43%,312,15.85%,125,6.35%,68,3.45%,1969
SUDESTE,31,MG,315230,PORTO FIRME,5,1.05%,7,1.47%,331,69.39%,82,17.19%,36,7.55%,16,3.35%,477
SUDESTE,31,MG,315240,POTE,7,1.01%,14,2.01%,488,70.11%,123,17.67%,43,6.18%,21,3.02%,696
SUDESTE,31,MG,315250,POUSO ALEGRE,102,2.39%,132,3.09%,2697,63.15%,755,17.68%,332,7.77%,253,5.92%,4271
SUDESTE,31,MG,315260,POUSO ALTO,4,1.65%,3,1.24%,147,60.74%,54,22.31%,26,10.74%,8,3.31%,242
SUDESTE,31,MG,315270,PRADOS,6,1.78%,11,3.26%,199,59.05%,66,19.58%,36,10.68%,19,5.64%,337
SUDESTE,31,MG,315280,PRATA,16,1.2%,19,1.42%,819,61.26%,307,22.96%,115,8.6%,61,4.56%,1337
SUDESTE,31,MG,315290,PRATAPOLIS,6,1.53%,7,1.79%,305,77.81%,46,11.73%,21,5.36%,7,1.79%,392
SUDESTE,31,MG,315300,PRATINHA,3,1.55%,5,2.58%,123,63.4%,32,16.49%,21,10.82%,10,5.15%,194
SUDESTE,31,MG,315310,PRESIDENTE BERNARDES,5,2.45%,7,3.43%,124,60.78%,36,17.65%,21,10.29%,11,5.39%,204
SUDESTE,31,MG,315320,PRESIDENTE JUSCELINO,0,-,1,0.69%,92,63.89%,32,22.22%,12,8.33%,7,4.86%,144
SUDESTE,31,MG,315330,PRESIDENTE KUBITSCHEK,2,1.12%,2,1.12%,142,79.78%,20,11.24%,4,2.25%,8,4.49%,178
SUDESTE,31,MG,315340,PRESIDENTE OLEGARIO,15,2.18%,27,3.93%,412,59.97%,134,19.51%,48,6.99%,51,7.42%,687
SUDESTE,31,MG,315350,ALTO JEQUITIBA,5,1.01%,18,3.65%,364,73.83%,66,13.39%,26,5.27%,14,2.84%,493
SUDESTE,31,MG,315360,PRUDENTE DE MORAIS,5,1.01%,16,3.22%,346,69.62%,82,16.5%,35,7.04%,13,2.62%,497
SUDESTE,31,MG,315370,QUARTEL GERAL,6,3.92%,6,3.92%,91,59.48%,29,18.95%,15,9.8%,6,3.92%,153
SUDESTE,31,MG,315380,QUELUZITO,1,0.9%,4,3.6%,75,67.57%,21,18.92%,6,5.41%,4,3.6%,111
SUDESTE,31,MG,315390,RAPOSOS,8,7.14%,4,3.57%,46,41.07%,22,19.64%,12,10.71%,20,17.86%,112
SUDESTE,31,MG,315400,RAUL SOARES,14,1.68%,35,4.2%,546,65.55%,136,16.33%,53,6.36%,49,5.88%,833
SUDESTE,31,MG,315410,RECREIO,4,1.54%,7,2.69%,156,60%,57,21.92%,25,9.62%,11,4.23%,260
SUDESTE,31,MG,315415,REDUTO,1,0.23%,5,1.15%,252,57.93%,94,21.61%,60,13.79%,23,5.29%,435
SUDESTE,31,MG,315420,RESENDE COSTA,8,1.78%,6,1.33%,323,71.78%,80,17.78%,21,4.67%,12,2.67%,450
SUDESTE,31,MG,315430,RESPLENDOR,8,1.22%,15,2.29%,407,62.14%,123,18.78%,53,8.09%,49,7.48%,655
SUDESTE,31,MG,315440,RESSAQUINHA,4,1.83%,3,1.37%,143,65.3%,42,19.18%,13,5.94%,14,6.39%,219
SUDESTE,31,MG,315445,RIACHINHO,12,2.6%,23,4.99%,309,67.03%,79,17.14%,20,4.34%,18,3.9%,461
SUDESTE,31,MG,315450,RIACHO DOS MACHADOS,7,1.35%,8,1.54%,354,68.34%,94,18.15%,24,4.63%,31,5.98%,518
SUDESTE,31,MG,315460,RIBEIRAO DAS NEVES,275,2.66%,352,3.41%,6692,64.83%,1747,16.92%,773,7.49%,484,4.69%,10323
SUDESTE,31,MG,315470,RIBEIRAO VERMELHO,2,1.27%,4,2.55%,112,71.34%,25,15.92%,5,3.18%,9,5.73%,157
SUDESTE,31,MG,315480,RIO ACIMA,5,1.96%,18,7.06%,163,63.92%,42,16.47%,16,6.27%,11,4.31%,255
SUDESTE,31,MG,315490,RIO CASCA,10,2.15%,9,1.94%,289,62.15%,70,15.05%,40,8.6%,47,10.11%,465
SUDESTE,31,MG,315500,RIO DOCE,0,-,3,1.89%,111,69.81%,31,19.5%,9,5.66%,5,3.14%,159
SUDESTE,31,MG,315510,RIO DO PRADO,5,2.07%,7,2.9%,159,65.98%,39,16.18%,17,7.05%,14,5.81%,241
SUDESTE,31,MG,315520,RIO ESPERA,4,1.88%,11,5.16%,133,62.44%,34,15.96%,20,9.39%,11,5.16%,213
SUDESTE,31,MG,315530,RIO MANSO,1,0.46%,4,1.83%,154,70.64%,31,14.22%,18,8.26%,10,4.59%,218
SUDESTE,31,MG,315540,RIO NOVO,3,1.24%,11,4.55%,160,66.12%,45,18.6%,15,6.2%,8,3.31%,242
SUDESTE,31,MG,315550,RIO PARANAIBA,12,1.5%,20,2.5%,517,64.63%,153,19.13%,69,8.63%,29,3.63%,800
SUDESTE,31,MG,315560,RIO PARDO DE MINAS,37,1.99%,55,2.96%,1268,68.36%,296,15.96%,131,7.06%,68,3.67%,1855
SUDESTE,31,MG,315570,RIO PIRACICABA,10,1.72%,11,1.89%,369,63.51%,118,20.31%,47,8.09%,26,4.48%,581
SUDESTE,31,MG,315580,RIO POMBA,14,2.75%,7,1.37%,305,59.8%,103,20.2%,43,8.43%,38,7.45%,510
SUDESTE,31,MG,315590,RIO PRETO,4,1.9%,2,0.95%,128,60.66%,48,22.75%,20,9.48%,9,4.27%,211
SUDESTE,31,MG,315600,RIO VERMELHO,6,1.17%,9,1.76%,308,60.16%,126,24.61%,41,8.01%,22,4.3%,512
SUDESTE,31,MG,315610,RITAPOLIS,1,0.82%,1,0.82%,72,59.02%,28,22.95%,13,10.66%,7,5.74%,122
SUDESTE,31,MG,315620,ROCHEDO DE MINAS,1,0.72%,2,1.44%,83,59.71%,28,20.14%,11,7.91%,14,10.07%,139
SUDESTE,31,MG,315630,RODEIRO,6,1.19%,8,1.59%,270,53.57%,131,25.99%,57,11.31%,32,6.35%,504
SUDESTE,31,MG,315640,ROMARIA,2,1.08%,2,1.08%,122,65.59%,28,15.05%,22,11.83%,10,5.38%,186
SUDESTE,31,MG,315645,ROSARIO DA LIMEIRA,4,2.45%,7,4.29%,102,62.58%,34,20.86%,11,6.75%,5,3.07%,163
SUDESTE,31,MG,315650,RUBELITA,16,6.4%,12,4.8%,143,57.2%,40,16%,24,9.6%,15,6%,250
SUDESTE,31,MG,315660,RUBIM,5,1.57%,8,2.51%,200,62.7%,50,15.67%,35,10.97%,21,6.58%,319
SUDESTE,31,MG,315670,SABARA,101,2.55%,153,3.87%,2551,64.47%,703,17.77%,273,6.9%,176,4.45%,3957
SUDESTE,31,MG,315680,SABINOPOLIS,7,0.96%,16,2.19%,505,69.18%,127,17.4%,52,7.12%,23,3.15%,730
SUDESTE,31,MG,315690,SACRAMENTO,6,0.42%,20,1.4%,957,67.21%,294,20.65%,94,6.6%,53,3.72%,1424
SUDESTE,31,MG,315700,SALINAS,42,2.6%,45,2.79%,1043,64.62%,300,18.59%,102,6.32%,82,5.08%,1614
SUDESTE,31,MG,315710,SALTO DA DIVISA,2,0.93%,7,3.26%,119,55.35%,47,21.86%,27,12.56%,13,6.05%,215
SUDESTE,31,MG,315720,SANTA BARBARA,25,1.99%,30,2.38%,822,65.29%,244,19.38%,82,6.51%,56,4.45%,1259
SUDESTE,31,MG,315725,SANTA BARBARA DO LESTE,8,1.52%,18,3.42%,370,70.21%,85,16.13%,28,5.31%,18,3.42%,527
SUDESTE,31,MG,315727,SANTA BARBARA DO MONTE VERDE,0,-,2,1.39%,99,68.75%,32,22.22%,10,6.94%,1,0.69%,144
SUDESTE,31,MG,315730,SANTA BARBARA DO TUGURIO,2,0.89%,4,1.78%,157,69.78%,40,17.78%,14,6.22%,8,3.56%,225
SUDESTE,31,MG,315733,SANTA CRUZ DE MINAS,5,1.89%,6,2.27%,182,68.94%,47,17.8%,15,5.68%,9,3.41%,264
SUDESTE,31,MG,315737,SANTA CRUZ DE SALINAS,5,2.3%,5,2.3%,133,61.29%,40,18.43%,21,9.68%,13,5.99%,217
SUDESTE,31,MG,315740,SANTA CRUZ DO ESCALVADO,3,1.78%,4,2.37%,109,64.5%,33,19.53%,6,3.55%,14,8.28%,169
SUDESTE,31,MG,315750,SANTA EFIGENIA DE MINAS,5,1.92%,3,1.15%,165,63.22%,59,22.61%,17,6.51%,12,4.6%,261
SUDESTE,31,MG,315760,SANTA FE DE MINAS,6,3.17%,11,5.82%,114,60.32%,29,15.34%,13,6.88%,16,8.47%,189
SUDESTE,31,MG,315765,SANTA HELENA DE MINAS,1,0.24%,11,2.59%,286,67.45%,78,18.4%,35,8.25%,13,3.07%,424
SUDESTE,31,MG,315770,SANTA JULIANA,3,0.29%,23,2.2%,696,66.67%,236,22.61%,61,5.84%,25,2.39%,1044
SUDESTE,31,MG,315780,SANTA LUZIA,278,3.08%,341,3.77%,5460,60.42%,1486,16.45%,758,8.39%,713,7.89%,9036
SUDESTE,31,MG,315790,SANTA MARGARIDA,29,2.36%,31,2.53%,724,59.01%,231,18.83%,127,10.35%,85,6.93%,1227
SUDESTE,31,MG,315800,SANTA MARIA DE ITABIRA,9,1.72%,20,3.82%,328,62.72%,96,18.36%,42,8.03%,28,5.35%,523
SUDESTE,31,MG,315810,SANTA MARIA DO SALTO,3,1.47%,9,4.41%,113,55.39%,38,18.63%,26,12.75%,15,7.35%,204
SUDESTE,31,MG,315820,SANTA MARIA DO SUACUI,9,1.52%,14,2.36%,366,61.82%,112,18.92%,47,7.94%,44,7.43%,592
SUDESTE,31,MG,315830,SANTANA DA VARGEM,12,4.05%,18,6.08%,189,63.85%,55,18.58%,12,4.05%,10,3.38%,296
SUDESTE,31,MG,315840,SANTANA DE CATAGUASES,0,-,2,1.48%,92,68.15%,25,18.52%,12,8.89%,4,2.96%,135
SUDESTE,31,MG,315850,SANTANA DE PIRAPAMA,5,1.94%,9,3.49%,173,67.05%,34,13.18%,17,6.59%,20,7.75%,258
SUDESTE,31,MG,315860,SANTANA DO DESERTO,5,5.62%,8,8.99%,49,55.06%,12,13.48%,5,5.62%,10,11.24%,89
SUDESTE,31,MG,315870,SANTANA DO GARAMBEU,3,3.3%,2,2.2%,55,60.44%,13,14.29%,8,8.79%,10,10.99%,91
SUDESTE,31,MG,315880,SANTANA DO JACARE,0,-,4,2.55%,111,70.7%,21,13.38%,14,8.92%,7,4.46%,157
SUDESTE,31,MG,315890,SANTANA DO MANHUACU,12,2.31%,23,4.42%,307,59.04%,99,19.04%,44,8.46%,35,6.73%,520
SUDESTE,31,MG,315895,SANTANA DO PARAISO,38,1.57%,53,2.18%,1555,64.04%,477,19.65%,223,9.18%,82,3.38%,2428
SUDESTE,31,MG,315900,SANTANA DO RIACHO,10,3.1%,8,2.48%,221,68.42%,57,17.65%,15,4.64%,12,3.72%,323
SUDESTE,31,MG,315910,SANTANA DOS MONTES,1,0.67%,5,3.36%,92,61.74%,24,16.11%,12,8.05%,15,10.07%,149
SUDESTE,31,MG,315920,SANTA RITA DE CALDAS,5,1.75%,2,0.7%,174,61.05%,67,23.51%,24,8.42%,13,4.56%,285
SUDESTE,31,MG,315930,SANTA RITA DE JACUTINGA,1,0.52%,11,5.67%,153,78.87%,19,9.79%,7,3.61%,3,1.55%,194
SUDESTE,31,MG,315935,SANTA RITA DE MINAS,9,2.27%,12,3.02%,256,64.48%,71,17.88%,35,8.82%,14,3.53%,397
SUDESTE,31,MG,315940,SANTA RITA DE IBITIPOCA,1,0.57%,3,1.7%,127,72.16%,29,16.48%,14,7.95%,2,1.14%,176
SUDESTE,31,MG,315950,SANTA RITA DO ITUETO,8,1.83%,16,3.65%,270,61.64%,90,20.55%,37,8.45%,17,3.88%,438
SUDESTE,31,MG,315960,SANTA RITA DO SAPUCAI,19,1.64%,31,2.68%,714,61.71%,242,20.92%,90,7.78%,61,5.27%,1157
SUDESTE,31,MG,315970,SANTA ROSA DA SERRA,6,2.54%,4,1.69%,131,55.51%,41,17.37%,34,14.41%,20,8.47%,236
SUDESTE,31,MG,315980,SANTA VITORIA,14,1.8%,22,2.83%,479,61.57%,165,21.21%,67,8.61%,31,3.98%,778
SUDESTE,31,MG,315990,SANTO ANTONIO DO AMPARO,30,3.77%,36,4.52%,478,60.05%,144,18.09%,68,8.54%,40,5.03%,796
SUDESTE,31,MG,316000,SANTO ANTONIO DO AVENTUREIRO,2,1.37%,2,1.37%,96,65.75%,32,21.92%,8,5.48%,6,4.11%,146
SUDESTE,31,MG,316010,SANTO ANTONIO DO GRAMA,2,0.88%,6,2.65%,147,65.04%,36,15.93%,19,8.41%,16,7.08%,226
SUDESTE,31,MG,316020,SANTO ANTONIO DO ITAMBE,1,0.63%,6,3.8%,87,55.06%,35,22.15%,18,11.39%,11,6.96%,158
SUDESTE,31,MG,316030,SANTO ANTONIO DO JACINTO,6,1.21%,8,1.62%,282,56.97%,117,23.64%,52,10.51%,30,6.06%,495
SUDESTE,31,MG,316040,SANTO ANTONIO DO MONTE,16,1.58%,28,2.77%,664,65.68%,193,19.09%,65,6.43%,45,4.45%,1011
SUDESTE,31,MG,316045,SANTO ANTONIO DO RETIRO,13,2.98%,9,2.06%,293,67.2%,64,14.68%,37,8.49%,20,4.59%,436
SUDESTE,31,MG,316050,SANTO ANTONIO DO RIO ABAIXO,0,-,3,3.7%,48,59.26%,11,13.58%,6,7.41%,13,16.05%,81
SUDESTE,31,MG,316060,SANTO HIPOLITO,1,0.68%,6,4.08%,87,59.18%,31,21.09%,14,9.52%,8,5.44%,147
SUDESTE,31,MG,316070,SANTOS DUMONT,23,2.48%,25,2.7%,563,60.73%,160,17.26%,76,8.2%,80,8.63%,927
SUDESTE,31,MG,316080,SAO BENTO ABADE,1,0.31%,7,2.17%,197,61.18%,69,21.43%,27,8.39%,21,6.52%,322
SUDESTE,31,MG,316090,SAO BRAS DO SUACUI,1,0.64%,1,0.64%,79,50.32%,44,28.03%,19,12.1%,13,8.28%,157
SUDESTE,31,MG,316095,SAO DOMINGOS DAS DORES,2,0.5%,8,2%,277,69.08%,74,18.45%,23,5.74%,17,4.24%,401
SUDESTE,31,MG,316100,SAO DOMINGOS DO PRATA,13,2.21%,22,3.74%,365,62.07%,103,17.52%,43,7.31%,42,7.14%,588
SUDESTE,31,MG,316105,SAO FELIX DE MINAS,2,1.04%,4,2.08%,114,59.38%,40,20.83%,22,11.46%,10,5.21%,192
SUDESTE,31,MG,316110,SAO FRANCISCO,48,1.58%,146,4.79%,2220,72.86%,426,13.98%,141,4.63%,66,2.17%,3047
SUDESTE,31,MG,316120,SAO FRANCISCO DE PAULA,4,1.56%,4,1.56%,179,69.65%,47,18.29%,11,4.28%,12,4.67%,257
SUDESTE,31,MG,316130,SAO FRANCISCO DE SALES,5,1.88%,9,3.38%,179,67.29%,51,19.17%,13,4.89%,9,3.38%,266
SUDESTE,31,MG,316140,SAO FRANCISCO DO GLORIA,1,0.4%,5,2.02%,155,62.5%,57,22.98%,17,6.85%,13,5.24%,248
SUDESTE,31,MG,316150,SAO GERALDO,27,5.42%,15,3.01%,279,56.02%,94,18.88%,49,9.84%,34,6.83%,498
SUDESTE,31,MG,316160,SAO GERALDO DA PIEDADE,5,2.99%,6,3.59%,103,61.68%,26,15.57%,16,9.58%,11,6.59%,167
SUDESTE,31,MG,316165,SAO GERALDO DO BAIXIO,0,-,6,2.68%,150,66.96%,28,12.5%,11,4.91%,29,12.95%,224
SUDESTE,31,MG,316170,SAO GONCALO DO ABAETE,0,-,3,0.97%,202,65.16%,60,19.35%,27,8.71%,18,5.81%,310
SUDESTE,31,MG,316180,SAO GONCALO DO PARA,9,2%,13,2.89%,270,60%,87,19.33%,31,6.89%,40,8.89%,450
SUDESTE,31,MG,316190,SAO GONCALO DO RIO ABAIXO,9,1.37%,15,2.29%,436,66.56%,112,17.1%,53,8.09%,30,4.58%,655
SUDESTE,31,MG,316200,SAO GONCALO DO SAPUCAI,16,1.38%,28,2.41%,786,67.7%,219,18.86%,69,5.94%,43,3.7%,1161
SUDESTE,31,MG,316210,SAO GOTARDO,24,1.69%,17,1.2%,831,58.56%,338,23.82%,136,9.58%,73,5.14%,1419
SUDESTE,31,MG,316220,SAO JOAO BATISTA DO GLORIA,3,1.32%,6,2.64%,149,65.64%,51,22.47%,14,6.17%,4,1.76%,227
SUDESTE,31,MG,316225,SAO JOAO DA LAGOA,15,5.4%,16,5.76%,139,50%,55,19.78%,33,11.87%,20,7.19%,278
SUDESTE,31,MG,316230,SAO JOAO DA MATA,4,2.3%,5,2.87%,115,66.09%,30,17.24%,13,7.47%,7,4.02%,174
SUDESTE,31,MG,316240,SAO JOAO DA PONTE,51,4.02%,48,3.78%,778,61.31%,207,16.31%,91,7.17%,94,7.41%,1269
SUDESTE,31,MG,316245,SAO JOAO DAS MISSOES,32,3.04%,39,3.71%,755,71.84%,130,12.37%,61,5.8%,34,3.24%,1051
SUDESTE,31,MG,316250,SAO JOAO DEL REI,25,1.43%,43,2.46%,1184,67.73%,324,18.54%,90,5.15%,82,4.69%,1748
SUDESTE,31,MG,316255,SAO JOAO DO MANHUACU,10,1.63%,16,2.61%,322,52.44%,111,18.08%,61,9.93%,94,15.31%,614
SUDESTE,31,MG,316257,SAO JOAO DO MANTENINHA,3,1.05%,7,2.44%,194,67.6%,53,18.47%,15,5.23%,15,5.23%,287
SUDESTE,31,MG,316260,SAO JOAO DO ORIENTE,1,0.26%,4,1.03%,266,68.73%,72,18.6%,25,6.46%,19,4.91%,387
SUDESTE,31,MG,316265,SAO JOAO DO PACUI,3,1.6%,9,4.81%,128,68.45%,25,13.37%,16,8.56%,6,3.21%,187
SUDESTE,31,MG,316270,SAO JOAO DO PARAISO,8,0.69%,29,2.49%,887,76.07%,162,13.89%,44,3.77%,36,3.09%,1166
SUDESTE,31,MG,316280,SAO JOAO EVANGELISTA,12,1.49%,12,1.49%,479,59.5%,161,20%,88,10.93%,53,6.58%,805
SUDESTE,31,MG,316290,SAO JOAO NEPOMUCENO,13,1.4%,28,3.02%,545,58.79%,173,18.66%,91,9.82%,77,8.31%,927
SUDESTE,31,MG,316292,SAO JOAQUIM DE BICAS,35,2.12%,48,2.9%,1080,65.34%,269,16.27%,128,7.74%,93,5.63%,1653
SUDESTE,31,MG,316294,SAO JOSE DA BARRA,3,0.77%,10,2.58%,247,63.66%,76,19.59%,26,6.7%,26,6.7%,388
SUDESTE,31,MG,316295,SAO JOSE DA LAPA,16,1.32%,17,1.4%,783,64.44%,252,20.74%,77,6.34%,70,5.76%,1215
SUDESTE,31,MG,316300,SAO JOSE DA SAFIRA,11,3.58%,2,0.65%,189,61.56%,68,22.15%,17,5.54%,20,6.51%,307
SUDESTE,31,MG,316310,SAO JOSE DA VARGINHA,4,1.85%,3,1.39%,135,62.5%,45,20.83%,19,8.8%,10,4.63%,216
SUDESTE,31,MG,316320,SAO JOSE DO ALEGRE,3,1.33%,6,2.65%,156,69.03%,36,15.93%,13,5.75%,12,5.31%,226
SUDESTE,31,MG,316330,SAO JOSE DO DIVINO,5,2.76%,12,6.63%,104,57.46%,30,16.57%,18,9.94%,12,6.63%,181
SUDESTE,31,MG,316340,SAO JOSE DO GOIABAL,1,0.44%,5,2.18%,153,66.81%,37,16.16%,16,6.99%,17,7.42%,229
SUDESTE,31,MG,316350,SAO JOSE DO JACURI,4,1.38%,12,4.14%,176,60.69%,48,16.55%,24,8.28%,26,8.97%,290
SUDESTE,31,MG,316360,SAO JOSE DO MANTIMENTO,3,2.8%,8,7.48%,69,64.49%,17,15.89%,8,7.48%,2,1.87%,107
SUDESTE,31,MG,316370,SAO LOURENCO,15,1.22%,29,2.35%,769,62.37%,309,25.06%,74,6%,37,3%,1233
SUDESTE,31,MG,316380,SAO MIGUEL DO ANTA,4,1.63%,10,4.08%,161,65.71%,41,16.73%,18,7.35%,11,4.49%,245
SUDESTE,31,MG,316390,SAO PEDRO DA UNIAO,0,-,3,1.19%,177,70.24%,48,19.05%,17,6.75%,7,2.78%,252
SUDESTE,31,MG,316400,SAO PEDRO DOS FERROS,7,3.1%,12,5.31%,127,56.19%,31,13.72%,12,5.31%,37,16.37%,226
SUDESTE,31,MG,316410,SAO PEDRO DO SUACUI,4,3.7%,2,1.85%,68,62.96%,18,16.67%,8,7.41%,8,7.41%,108
SUDESTE,31,MG,316420,SAO ROMAO,10,2.14%,17,3.63%,337,72.01%,62,13.25%,28,5.98%,14,2.99%,468
SUDESTE,31,MG,316430,SAO ROQUE DE MINAS,9,2.98%,7,2.32%,184,60.93%,57,18.87%,33,10.93%,12,3.97%,302
SUDESTE,31,MG,316440,SAO SEBASTIAO DA BELA VISTA,17,3.93%,16,3.7%,263,60.74%,82,18.94%,33,7.62%,22,5.08%,433
SUDESTE,31,MG,316443,SAO SEBASTIAO DA VARGEM ALEGRE,2,1.38%,7,4.83%,99,68.28%,21,14.48%,13,8.97%,3,2.07%,145
SUDESTE,31,MG,316447,SAO SEBASTIAO DO ANTA,2,0.41%,14,2.87%,340,69.82%,88,18.07%,32,6.57%,11,2.26%,487
SUDESTE,31,MG,316450,SAO SEBASTIAO DO MARANHAO,14,3.48%,11,2.74%,179,44.53%,99,24.63%,52,12.94%,47,11.69%,402
SUDESTE,31,MG,316460,SAO SEBASTIAO DO OESTE,2,0.32%,10,1.61%,421,67.58%,127,20.39%,43,6.9%,20,3.21%,623
SUDESTE,31,MG,316470,SAO SEBASTIAO DO PARAISO,25,0.84%,59,1.99%,1826,61.63%,646,21.8%,266,8.98%,141,4.76%,2963
SUDESTE,31,MG,316480,SAO SEBASTIAO DO RIO PRETO,1,1.39%,1,1.39%,42,58.33%,12,16.67%,9,12.5%,7,9.72%,72
SUDESTE,31,MG,316490,SAO SEBASTIAO DO RIO VERDE,1,0.83%,3,2.48%,88,72.73%,16,13.22%,10,8.26%,3,2.48%,121
SUDESTE,31,MG,316500,SAO TIAGO,10,2.11%,20,4.21%,320,67.37%,89,18.74%,24,5.05%,12,2.53%,475
SUDESTE,31,MG,316510,SAO TOMAS DE AQUINO,1,0.32%,4,1.28%,213,68.27%,56,17.95%,29,9.29%,9,2.88%,312
SUDESTE,31,MG,316520,SAO THOME DAS LETRAS,2,0.71%,6,2.13%,206,73.05%,48,17.02%,15,5.32%,5,1.77%,282
SUDESTE,31,MG,316530,SAO VICENTE DE MINAS,5,1.49%,8,2.38%,229,68.15%,58,17.26%,22,6.55%,14,4.17%,336
SUDESTE,31,MG,316540,SAPUCAI-MIRIM,4,1.29%,3,0.96%,205,65.92%,62,19.94%,25,8.04%,12,3.86%,311
SUDESTE,31,MG,316550,SARDOA,5,1.58%,5,1.58%,189,59.62%,61,19.24%,30,9.46%,27,8.52%,317
SUDESTE,31,MG,316553,SARZEDO,35,2.79%,51,4.06%,745,59.36%,229,18.25%,113,9%,82,6.53%,1255
SUDESTE,31,MG,316555,SETUBINHA,15,2.13%,29,4.11%,450,63.83%,108,15.32%,56,7.94%,47,6.67%,705
SUDESTE,31,MG,316556,SEM-PEIXE,1,0.96%,1,0.96%,53,50.96%,21,20.19%,20,19.23%,8,7.69%,104
SUDESTE,31,MG,316557,SENADOR AMARAL,6,0.75%,14,1.74%,506,62.86%,173,21.49%,59,7.33%,47,5.84%,805
SUDESTE,31,MG,316560,SENADOR CORTES,1,0.78%,3,2.33%,80,62.02%,27,20.93%,9,6.98%,9,6.98%,129
SUDESTE,31,MG,316570,SENADOR FIRMINO,6,1.73%,15,4.34%,250,72.25%,39,11.27%,17,4.91%,19,5.49%,346
SUDESTE,31,MG,316580,SENADOR JOSE BENTO,0,-,0,-,22,66.67%,4,12.12%,3,9.09%,4,12.12%,33
SUDESTE,31,MG,316590,SENADOR MODESTINO GONCALVES,17,10.63%,8,5%,81,50.63%,29,18.13%,19,11.88%,6,3.75%,160
SUDESTE,31,MG,316600,SENHORA DE OLIVEIRA,3,1.15%,4,1.54%,187,71.92%,37,14.23%,20,7.69%,9,3.46%,260
SUDESTE,31,MG,316610,SENHORA DO PORTO,2,1.69%,3,2.54%,67,56.78%,21,17.8%,17,14.41%,8,6.78%,118
SUDESTE,31,MG,316620,SENHORA DOS REMEDIOS,12,3.01%,12,3.01%,276,69.17%,56,14.04%,24,6.02%,19,4.76%,399
SUDESTE,31,MG,316630,SERICITA,20,3.91%,27,5.28%,235,45.99%,85,16.63%,52,10.18%,92,18%,511
SUDESTE,31,MG,316640,SERITINGA,1,1.18%,2,2.35%,51,60%,13,15.29%,9,10.59%,9,10.59%,85
SUDESTE,31,MG,316650,SERRA AZUL DE MINAS,7,3.41%,8,3.9%,133,64.88%,31,15.12%,14,6.83%,12,5.85%,205
SUDESTE,31,MG,316660,SERRA DA SAUDADE,0,-,1,3.7%,18,66.67%,5,18.52%,2,7.41%,1,3.7%,27
SUDESTE,31,MG,316670,SERRA DOS AIMORES,8,1.79%,15,3.36%,305,68.39%,68,15.25%,34,7.62%,16,3.59%,446
SUDESTE,31,MG,316680,SERRA DO SALITRE,16,2.12%,28,3.71%,412,54.57%,159,21.06%,83,10.99%,57,7.55%,755
SUDESTE,31,MG,316690,SERRANIA,1,0.24%,2,0.48%,262,63.44%,101,24.46%,31,7.51%,16,3.87%,413
SUDESTE,31,MG,316695,SERRANOPOLIS DE MINAS,4,1.84%,5,2.3%,138,63.59%,44,20.28%,14,6.45%,12,5.53%,217
SUDESTE,31,MG,316700,SERRANOS,3,2.33%,4,3.1%,96,74.42%,18,13.95%,6,4.65%,2,1.55%,129
SUDESTE,31,MG,316710,SERRO,35,3.7%,30,3.17%,595,62.9%,178,18.82%,71,7.51%,37,3.91%,946
SUDESTE,31,MG,316720,SETE LAGOAS,103,2.41%,164,3.84%,2647,62.03%,741,17.37%,345,8.09%,267,6.26%,4267
SUDESTE,31,MG,316730,SILVEIRANIA,4,2.74%,4,2.74%,98,67.12%,30,20.55%,5,3.42%,5,3.42%,146
SUDESTE,31,MG,316740,SILVIANOPOLIS,4,1.61%,10,4.02%,136,54.62%,49,19.68%,29,11.65%,21,8.43%,249
SUDESTE,31,MG,316750,SIMAO PEREIRA,10,10%,2,2%,54,54%,19,19%,4,4%,11,11%,100
SUDESTE,31,MG,316760,SIMONESIA,26,1.89%,47,3.41%,842,61.06%,260,18.85%,125,9.06%,79,5.73%,1379
SUDESTE,31,MG,316770,SOBRALIA,2,0.74%,7,2.59%,178,65.93%,39,14.44%,21,7.78%,23,8.52%,270
SUDESTE,31,MG,316780,SOLEDADE DE MINAS,4,2.53%,3,1.9%,98,62.03%,35,22.15%,12,7.59%,6,3.8%,158
SUDESTE,31,MG,316790,TABULEIRO,3,1.99%,3,1.99%,114,75.5%,22,14.57%,6,3.97%,3,1.99%,151
SUDESTE,31,MG,316800,TAIOBEIRAS,19,0.93%,56,2.75%,1536,75.33%,287,14.08%,100,4.9%,41,2.01%,2039
SUDESTE,31,MG,316805,TAPARUBA,4,1.63%,3,1.22%,172,69.92%,39,15.85%,16,6.5%,12,4.88%,246
SUDESTE,31,MG,316810,TAPIRA,5,2.22%,8,3.56%,138,61.33%,49,21.78%,20,8.89%,5,2.22%,225
SUDESTE,31,MG,316820,TAPIRAI,1,1.56%,0,-,33,51.56%,17,26.56%,9,14.06%,4,6.25%,64
SUDESTE,31,MG,316830,TAQUARACU DE MINAS,1,0.58%,5,2.92%,113,66.08%,29,16.96%,14,8.19%,9,5.26%,171
SUDESTE,31,MG,316840,TARUMIRIM,10,1.61%,20,3.21%,351,56.34%,125,20.06%,74,11.88%,43,6.9%,623
SUDESTE,31,MG,316850,TEIXEIRAS,5,1.06%,9,1.91%,351,74.52%,67,14.23%,26,5.52%,13,2.76%,471
SUDESTE,31,MG,316860,TEOFILO OTONI,116,2.53%,170,3.7%,2947,64.2%,736,16.03%,355,7.73%,266,5.8%,4590
SUDESTE,31,MG,316870,TIMOTEO,50,2.37%,67,3.17%,1252,59.28%,398,18.84%,187,8.85%,158,7.48%,2112
SUDESTE,31,MG,316880,TIRADENTES,2,0.57%,9,2.57%,258,73.71%,60,17.14%,14,4%,7,2%,350
SUDESTE,31,MG,316890,TIROS,3,1.02%,9,3.05%,186,63.05%,61,20.68%,23,7.8%,13,4.41%,295
SUDESTE,31,MG,316900,TOCANTINS,22,3.4%,20,3.09%,380,58.73%,111,17.16%,69,10.66%,45,6.96%,647
SUDESTE,31,MG,316905,TOCOS DO MOJI,2,1.14%,5,2.84%,119,67.61%,32,18.18%,13,7.39%,5,2.84%,176
SUDESTE,31,MG,316910,TOLEDO,6,1.13%,4,0.75%,356,67.17%,106,20%,38,7.17%,20,3.77%,530
SUDESTE,31,MG,316920,TOMBOS,12,3.06%,18,4.59%,230,58.67%,70,17.86%,31,7.91%,31,7.91%,392
SUDESTE,31,MG,316930,TRES CORACOES,40,1.53%,75,2.88%,1750,67.15%,419,16.08%,167,6.41%,155,5.95%,2606
SUDESTE,31,MG,316935,TRES MARIAS,10,0.65%,29,1.88%,943,61.27%,302,19.62%,139,9.03%,116,7.54%,1539
SUDESTE,31,MG,316940,TRES PONTAS,35,1.79%,57,2.92%,1155,59.08%,418,21.38%,174,8.9%,116,5.93%,1955
SUDESTE,31,MG,316950,TUMIRITINGA,9,3.03%,5,1.68%,187,62.96%,51,17.17%,19,6.4%,26,8.75%,297
SUDESTE,31,MG,316960,TUPACIGUARA,11,1.64%,18,2.69%,442,66.07%,122,18.24%,51,7.62%,25,3.74%,669
SUDESTE,31,MG,316970,TURMALINA,9,0.74%,44,3.63%,899,74.24%,180,14.86%,50,4.13%,29,2.39%,1211
SUDESTE,31,MG,316980,TURVOLANDIA,2,0.54%,14,3.77%,233,62.8%,74,19.95%,32,8.63%,16,4.31%,371
SUDESTE,31,MG,316990,UBA,41,1.23%,70,2.09%,2151,64.32%,651,19.47%,249,7.45%,182,5.44%,3344
SUDESTE,31,MG,317000,UBAI,13,1.98%,24,3.66%,429,65.4%,107,16.31%,54,8.23%,29,4.42%,656
SUDESTE,31,MG,317005,UBAPORANGA,19,2.53%,18,2.39%,462,61.44%,136,18.09%,73,9.71%,44,5.85%,752
SUDESTE,31,MG,317010,UBERABA,72,0.83%,189,2.18%,6002,69.24%,1566,18.07%,527,6.08%,312,3.6%,8668
SUDESTE,31,MG,317020,UBERLANDIA,691,3.02%,573,2.51%,15911,69.61%,3774,16.51%,1257,5.5%,651,2.85%,22857
SUDESTE,31,MG,317030,UMBURATIBA,7,5.98%,5,4.27%,79,67.52%,19,16.24%,3,2.56%,4,3.42%,117
SUDESTE,31,MG,317040,UNAI,107,4.26%,105,4.18%,1581,63.01%,408,16.26%,190,7.57%,118,4.7%,2509
SUDESTE,31,MG,317043,UNIAO DE MINAS,3,1.78%,4,2.37%,108,63.91%,30,17.75%,16,9.47%,8,4.73%,169
SUDESTE,31,MG,317047,URUANA DE MINAS,3,2.01%,3,2.01%,91,61.07%,28,18.79%,12,8.05%,12,8.05%,149
SUDESTE,31,MG,317050,URUCANIA,3,0.6%,7,1.4%,282,56.4%,129,25.8%,47,9.4%,32,6.4%,500
SUDESTE,31,MG,317052,URUCUIA,9,1.46%,23,3.74%,389,63.25%,101,16.42%,53,8.62%,40,6.5%,615
SUDESTE,31,MG,317057,VARGEM ALEGRE,9,3.17%,8,2.82%,190,66.9%,41,14.44%,25,8.8%,11,3.87%,284
SUDESTE,31,MG,317060,VARGEM BONITA,2,1.79%,5,4.46%,62,55.36%,20,17.86%,15,13.39%,8,7.14%,112
SUDESTE,31,MG,317065,VARGEM GRANDE DO RIO PARDO,4,1.31%,8,2.61%,216,70.59%,46,15.03%,23,7.52%,9,2.94%,306
SUDESTE,31,MG,317070,VARGINHA,38,0.79%,84,1.75%,3291,68.42%,962,20%,298,6.2%,137,2.85%,4810
SUDESTE,31,MG,317075,VARJAO DE MINAS,5,1.34%,5,1.34%,240,64.52%,77,20.7%,27,7.26%,18,4.84%,372
SUDESTE,31,MG,317080,VARZEA DA PALMA,52,3.52%,57,3.86%,932,63.06%,224,15.16%,114,7.71%,99,6.7%,1478
SUDESTE,31,MG,317090,VARZELANDIA,43,3.21%,53,3.96%,907,67.69%,203,15.15%,91,6.79%,43,3.21%,1340
SUDESTE,31,MG,317100,VAZANTE,9,1.09%,25,3.03%,476,57.77%,159,19.3%,84,10.19%,71,8.62%,824
SUDESTE,31,MG,317103,VERDELANDIA,7,1.14%,12,1.95%,414,67.32%,118,19.19%,37,6.02%,27,4.39%,615
SUDESTE,31,MG,317107,VEREDINHA,3,1.23%,4,1.65%,173,71.19%,37,15.23%,18,7.41%,8,3.29%,243
SUDESTE,31,MG,317110,VERISSIMO,1,0.82%,4,3.28%,70,57.38%,28,22.95%,9,7.38%,10,8.2%,122
SUDESTE,31,MG,317115,VERMELHO NOVO,3,1.46%,6,2.93%,124,60.49%,39,19.02%,17,8.29%,16,7.8%,205
SUDESTE,31,MG,317120,VESPASIANO,59,2.1%,55,1.95%,1730,61.43%,590,20.95%,258,9.16%,124,4.4%,2816
SUDESTE,31,MG,317130,VICOSA,53,2.49%,78,3.66%,1348,63.26%,397,18.63%,134,6.29%,121,5.68%,2131
SUDESTE,31,MG,317140,VIEIRAS,5,2.34%,4,1.87%,113,52.8%,51,23.83%,22,10.28%,19,8.88%,214
SUDESTE,31,MG,317150,MATHIAS LOBATO,7,3.1%,2,0.88%,140,61.95%,46,20.35%,23,10.18%,8,3.54%,226
SUDESTE,31,MG,317160,VIRGEM DA LAPA,7,1.39%,11,2.18%,310,61.51%,110,21.83%,42,8.33%,24,4.76%,504
SUDESTE,31,MG,317170,VIRGINIA,5,1.31%,10,2.61%,258,67.36%,66,17.23%,26,6.79%,18,4.7%,383
SUDESTE,31,MG,317180,VIRGINOPOLIS,3,0.61%,12,2.44%,347,70.67%,79,16.09%,37,7.54%,13,2.65%,491
SUDESTE,31,MG,317190,VIRGOLANDIA,2,0.88%,2,0.88%,142,62.28%,41,17.98%,23,10.09%,18,7.89%,228
SUDESTE,31,MG,317200,VISCONDE DO RIO BRANCO,26,1.8%,29,2.01%,964,66.85%,233,16.16%,109,7.56%,81,5.62%,1442
SUDESTE,31,MG,317210,VOLTA GRANDE,4,1.9%,6,2.84%,112,53.08%,50,23.7%,21,9.95%,18,8.53%,211
SUDESTE,31,MG,317220,WENCESLAU BRAZ,0,-,2,1.74%,83,72.17%,15,13.04%,9,7.83%,6,5.22%,115
SUDESTE,32,ES,320010,AFONSO CLAUDIO,28,2.89%,43,4.43%,612,63.09%,154,15.88%,70,7.22%,63,6.49%,970
SUDESTE,32,ES,320013,AGUIA BRANCA,18,4.28%,25,5.94%,228,54.16%,67,15.91%,41,9.74%,42,9.98%,421
SUDESTE,32,ES,320016,AGUA DOCE DO NORTE,13,2.11%,17,2.76%,385,62.4%,109,17.67%,54,8.75%,39,6.32%,617
SUDESTE,32,ES,320020,ALEGRE,30,2.39%,55,4.38%,755,60.06%,230,18.3%,100,7.96%,87,6.92%,1257
SUDESTE,32,ES,320030,ALFREDO CHAVES,5,0.67%,9,1.21%,492,66.13%,150,20.16%,62,8.33%,26,3.49%,744
SUDESTE,32,ES,320035,ALTO RIO NOVO,6,2.52%,6,2.52%,130,54.62%,46,19.33%,19,7.98%,31,13.03%,238
SUDESTE,32,ES,320040,ANCHIETA,15,1.56%,33,3.43%,627,65.18%,154,16.01%,81,8.42%,52,5.41%,962
SUDESTE,32,ES,320050,APIACA,11,4.04%,9,3.31%,146,53.68%,44,16.18%,32,11.76%,30,11.03%,272
SUDESTE,32,ES,320060,ARACRUZ,53,1.08%,100,2.05%,3110,63.63%,1016,20.79%,382,7.82%,227,4.64%,4888
SUDESTE,32,ES,320070,ATILIO VIVACQUA,13,2.28%,14,2.46%,331,58.07%,108,18.95%,63,11.05%,41,7.19%,570
SUDESTE,32,ES,320080,BAIXO GUANDU,25,2.66%,21,2.23%,593,63.02%,175,18.6%,90,9.56%,37,3.93%,941
SUDESTE,32,ES,320090,BARRA DE SAO FRANCISCO,44,3.74%,43,3.65%,707,60.02%,198,16.81%,97,8.23%,89,7.56%,1178
SUDESTE,32,ES,320100,BOA ESPERANCA,13,1.47%,11,1.24%,581,65.5%,177,19.95%,74,8.34%,31,3.49%,887
SUDESTE,32,ES,320110,BOM JESUS DO NORTE,13,4.11%,12,3.8%,168,53.16%,63,19.94%,29,9.18%,31,9.81%,316
SUDESTE,32,ES,320115,BREJETUBA,8,1.47%,22,4.04%,389,71.51%,78,14.34%,31,5.7%,16,2.94%,544
SUDESTE,32,ES,320120,CACHOEIRO DE ITAPEMIRIM,118,1.82%,150,2.31%,3957,61.05%,1304,20.12%,595,9.18%,358,5.52%,6482
SUDESTE,32,ES,320130,CARIACICA,162,1%,342,2.11%,10449,64.52%,3342,20.64%,1248,7.71%,651,4.02%,16194
SUDESTE,32,ES,320140,CASTELO,11,1.53%,18,2.5%,451,62.64%,152,21.11%,55,7.64%,33,4.58%,720
SUDESTE,32,ES,320150,COLATINA,63,1.74%,97,2.68%,2267,62.69%,712,19.69%,280,7.74%,197,5.45%,3616
SUDESTE,32,ES,320160,CONCEICAO DA BARRA,22,1.52%,54,3.74%,909,62.99%,284,19.68%,99,6.86%,75,5.2%,1443
SUDESTE,32,ES,320170,CONCEICAO DO CASTELO,9,1.54%,6,1.02%,352,60.07%,140,23.89%,49,8.36%,30,5.12%,586
SUDESTE,32,ES,320180,DIVINO DE SAO LOURENCO,4,3.03%,7,5.3%,79,59.85%,20,15.15%,12,9.09%,10,7.58%,132
SUDESTE,32,ES,320190,DOMINGOS MARTINS,9,0.47%,29,1.52%,1331,69.98%,368,19.35%,130,6.83%,35,1.84%,1902
SUDESTE,32,ES,320200,DORES DO RIO PRETO,3,1.07%,4,1.42%,169,60.14%,65,23.13%,29,10.32%,11,3.91%,281
SUDESTE,32,ES,320210,ECOPORANGA,30,5.49%,32,5.86%,281,51.47%,92,16.85%,35,6.41%,76,13.92%,546
SUDESTE,32,ES,320220,FUNDAO,12,1.3%,25,2.7%,594,64.15%,188,20.3%,66,7.13%,41,4.43%,926
SUDESTE,32,ES,320225,GOVERNADOR LINDENBERG,16,2.3%,16,2.3%,434,62.45%,148,21.29%,60,8.63%,21,3.02%,695
SUDESTE,32,ES,320230,GUACUI,13,1.4%,17,1.83%,444,47.79%,240,25.83%,146,15.72%,69,7.43%,929
SUDESTE,32,ES,320240,GUARAPARI,67,3.35%,77,3.85%,1286,64.36%,310,15.52%,136,6.81%,122,6.11%,1998
SUDESTE,32,ES,320245,IBATIBA,11,1.47%,19,2.54%,503,67.34%,133,17.8%,56,7.5%,25,3.35%,747
SUDESTE,32,ES,320250,IBIRACU,11,2.78%,10,2.53%,236,59.6%,69,17.42%,31,7.83%,39,9.85%,396
SUDESTE,32,ES,320255,IBITIRAMA,50,8.58%,22,3.77%,326,55.92%,103,17.67%,53,9.09%,29,4.97%,583
SUDESTE,32,ES,320260,ICONHA,5,2.22%,6,2.67%,131,58.22%,40,17.78%,25,11.11%,18,8%,225
SUDESTE,32,ES,320265,IRUPI,19,3.31%,18,3.14%,345,60.1%,103,17.94%,47,8.19%,42,7.32%,574
SUDESTE,32,ES,320270,ITAGUACU,19,3.71%,25,4.88%,304,59.38%,86,16.8%,46,8.98%,32,6.25%,512
SUDESTE,32,ES,320280,ITAPEMIRIM,35,2.32%,61,4.05%,906,60.12%,264,17.52%,129,8.56%,112,7.43%,1507
SUDESTE,32,ES,320290,ITARANA,9,3.32%,15,5.54%,170,62.73%,43,15.87%,22,8.12%,12,4.43%,271
SUDESTE,32,ES,320300,IUNA,27,2.99%,36,3.98%,589,65.15%,137,15.15%,73,8.08%,42,4.65%,904
SUDESTE,32,ES,320305,JAGUARE,19,1.55%,39,3.18%,776,63.24%,236,19.23%,94,7.66%,63,5.13%,1227
SUDESTE,32,ES,320310,JERONIMO MONTEIRO,17,3%,16,2.83%,338,59.72%,109,19.26%,52,9.19%,34,6.01%,566
SUDESTE,32,ES,320313,JOAO NEIVA,9,2.57%,10,2.86%,212,60.57%,73,20.86%,27,7.71%,19,5.43%,350
SUDESTE,32,ES,320316,LARANJA DA TERRA,15,3.95%,6,1.58%,226,59.47%,73,19.21%,37,9.74%,23,6.05%,380
SUDESTE,32,ES,320320,LINHARES,151,3.56%,169,3.99%,2511,59.22%,787,18.56%,355,8.37%,267,6.3%,4240
SUDESTE,32,ES,320330,MANTENOPOLIS,8,1.41%,15,2.65%,384,67.72%,99,17.46%,41,7.23%,20,3.53%,567
SUDESTE,32,ES,320332,MARATAIZES,41,1.77%,49,2.12%,1371,59.2%,453,19.56%,218,9.41%,184,7.94%,2316
SUDESTE,32,ES,320334,MARECHAL FLORIANO,11,1.19%,6,0.65%,613,66.06%,210,22.63%,68,7.33%,20,2.16%,928
SUDESTE,32,ES,320335,MARILANDIA,2,0.32%,14,2.27%,444,71.84%,103,16.67%,46,7.44%,9,1.46%,618
SUDESTE,32,ES,320340,MIMOSO DO SUL,13,2.03%,28,4.37%,352,54.91%,112,17.47%,74,11.54%,62,9.67%,641
SUDESTE,32,ES,320350,MONTANHA,25,2.58%,26,2.68%,601,61.96%,193,19.9%,81,8.35%,44,4.54%,970
SUDESTE,32,ES,320360,MUCURICI,8,2.4%,12,3.59%,216,64.67%,55,16.47%,21,6.29%,22,6.59%,334
SUDESTE,32,ES,320370,MUNIZ FREIRE,22,2.99%,14,1.9%,484,65.67%,117,15.88%,70,9.5%,30,4.07%,737
SUDESTE,32,ES,320380,MUQUI,14,2.17%,20,3.11%,395,61.34%,134,20.81%,35,5.43%,46,7.14%,644
SUDESTE,32,ES,320390,NOVA VENECIA,24,1.62%,48,3.25%,973,65.79%,246,16.63%,113,7.64%,75,5.07%,1479
SUDESTE,32,ES,320400,PANCAS,16,1.54%,24,2.31%,658,63.45%,190,18.32%,95,9.16%,54,5.21%,1037
SUDESTE,32,ES,320405,PEDRO CANARIO,29,2.96%,43,4.39%,576,58.78%,146,14.9%,91,9.29%,95,9.69%,980
SUDESTE,32,ES,320410,PINHEIROS,24,2.94%,35,4.28%,512,62.67%,131,16.03%,61,7.47%,54,6.61%,817
SUDESTE,32,ES,320420,PIUMA,19,3.09%,11,1.79%,330,53.75%,115,18.73%,54,8.79%,85,13.84%,614
SUDESTE,32,ES,320425,PONTO BELO,3,0.81%,15,4.04%,241,64.96%,62,16.71%,29,7.82%,21,5.66%,371
SUDESTE,32,ES,320430,PRESIDENTE KENNEDY,6,0.75%,17,2.14%,449,56.48%,181,22.77%,84,10.57%,58,7.3%,795
SUDESTE,32,ES,320435,RIO BANANAL,23,1.48%,39,2.5%,1021,65.57%,288,18.5%,131,8.41%,55,3.53%,1557
SUDESTE,32,ES,320440,RIO NOVO DO SUL,6,1.22%,5,1.02%,290,59.18%,118,24.08%,46,9.39%,25,5.1%,490
SUDESTE,32,ES,320450,SANTA LEOPOLDINA,15,4.85%,9,2.91%,204,66.02%,45,14.56%,14,4.53%,22,7.12%,309
SUDESTE,32,ES,320455,SANTA MARIA DE JETIBA,30,2.13%,43,3.05%,970,68.79%,265,18.79%,67,4.75%,35,2.48%,1410
SUDESTE,32,ES,320460,SANTA TERESA,5,1.15%,12,2.77%,282,65.13%,63,14.55%,34,7.85%,37,8.55%,433
SUDESTE,32,ES,320465,SAO DOMINGOS DO NORTE,1,0.41%,10,4.15%,169,70.12%,37,15.35%,19,7.88%,5,2.07%,241
SUDESTE,32,ES,320470,SAO GABRIEL DA PALHA,31,4.03%,37,4.81%,455,59.09%,132,17.14%,58,7.53%,57,7.4%,770
SUDESTE,32,ES,320480,SAO JOSE DO CALCADO,17,7.66%,10,4.5%,92,41.44%,39,17.57%,22,9.91%,42,18.92%,222
SUDESTE,32,ES,320490,SAO MATEUS,103,2.04%,127,2.51%,3189,63.07%,933,18.45%,423,8.37%,281,5.56%,5056
SUDESTE,32,ES,320495,SAO ROQUE DO CANAA,4,1.06%,5,1.32%,222,58.73%,84,22.22%,39,10.32%,24,6.35%,378
SUDESTE,32,ES,320500,SERRA,133,0.58%,374,1.62%,15133,65.65%,4764,20.67%,1814,7.87%,833,3.61%,23051
SUDESTE,32,ES,320501,SOORETAMA,20,2.09%,44,4.61%,599,62.72%,160,16.75%,79,8.27%,53,5.55%,955
SUDESTE,32,ES,320503,VARGEM ALTA,21,3.1%,23,3.4%,409,60.41%,114,16.84%,63,9.31%,47,6.94%,677
SUDESTE,32,ES,320506,VENDA NOVA DO IMIGRANTE,6,0.77%,12,1.55%,543,70.06%,140,18.06%,51,6.58%,23,2.97%,775
SUDESTE,32,ES,320510,VIANA,100,6.08%,60,3.65%,969,58.91%,251,15.26%,131,7.96%,134,8.15%,1645
SUDESTE,32,ES,320515,VILA PAVAO,13,2.79%,21,4.51%,273,58.58%,89,19.1%,38,8.15%,32,6.87%,466
SUDESTE,32,ES,320517,VILA VALERIO,16,3.72%,12,2.79%,257,59.77%,81,18.84%,32,7.44%,32,7.44%,430
SUDESTE,32,ES,320520,VILA VELHA,217,1.66%,209,1.6%,8296,63.39%,2788,21.3%,1045,7.98%,533,4.07%,13088
SUDESTE,32,ES,320530,VITORIA,168,1.34%,204,1.62%,6775,53.9%,2836,22.56%,1363,10.84%,1224,9.74%,12570
SUDESTE,33,RJ,330010,ANGRA DOS REIS,90,1.59%,112,1.98%,3306,58.34%,1312,23.15%,493,8.7%,354,6.25%,5667
SUDESTE,33,RJ,330015,APERIBE,3,1.3%,11,4.78%,111,48.26%,51,22.17%,27,11.74%,27,11.74%,230
SUDESTE,33,RJ,330020,ARARUAMA,80,1.88%,105,2.47%,2530,59.59%,917,21.6%,378,8.9%,236,5.56%,4246
SUDESTE,33,RJ,330022,AREAL,8,2.45%,13,3.98%,217,66.36%,53,16.21%,19,5.81%,17,5.2%,327
SUDESTE,33,RJ,330023,ARMACAO DOS BUZIOS,15,0.95%,36,2.28%,975,61.71%,335,21.2%,142,8.99%,77,4.87%,1580
SUDESTE,33,RJ,330025,ARRAIAL DO CABO,30,3.07%,20,2.04%,562,57.46%,211,21.57%,87,8.9%,68,6.95%,978
SUDESTE,33,RJ,330030,BARRA DO PIRAI,60,2.89%,66,3.18%,1318,63.43%,348,16.75%,162,7.8%,124,5.97%,2078
SUDESTE,33,RJ,330040,BARRA MANSA,109,1.75%,146,2.34%,3702,59.27%,1206,19.31%,634,10.15%,449,7.19%,6246
SUDESTE,33,RJ,330045,BELFORD ROXO,1578,10.11%,775,4.96%,7977,51.09%,2557,16.38%,1400,8.97%,1327,8.5%,15614
SUDESTE,33,RJ,330050,BOM JARDIM,15,1.84%,18,2.2%,521,63.77%,151,18.48%,66,8.08%,46,5.63%,817
SUDESTE,33,RJ,330060,BOM JESUS DO ITABAPOANA,21,1.98%,25,2.36%,649,61.23%,190,17.92%,91,8.58%,84,7.92%,1060
SUDESTE,33,RJ,330070,CABO FRIO,126,1.89%,150,2.25%,4130,61.84%,1335,19.99%,594,8.89%,343,5.14%,6678
SUDESTE,33,RJ,330080,CACHOEIRAS DE MACACU,78,3.8%,66,3.22%,1312,63.97%,353,17.21%,141,6.87%,101,4.92%,2051
SUDESTE,33,RJ,330090,CAMBUCI,10,3.57%,12,4.29%,173,61.79%,42,15%,18,6.43%,25,8.93%,280
SUDESTE,33,RJ,330093,CARAPEBUS,16,2.74%,13,2.23%,309,53%,126,21.61%,60,10.29%,59,10.12%,583
SUDESTE,33,RJ,330095,COMENDADOR LEVY GASPARIAN,8,2.95%,11,4.06%,135,49.82%,44,16.24%,35,12.92%,38,14.02%,271
SUDESTE,33,RJ,330100,CAMPOS DOS GOYTACAZES,229,1.86%,346,2.81%,7379,59.9%,2468,20.04%,1173,9.52%,723,5.87%,12318
SUDESTE,33,RJ,330110,CANTAGALO,32,4.18%,22,2.87%,461,60.18%,127,16.58%,62,8.09%,62,8.09%,766
SUDESTE,33,RJ,330115,CARDOSO MOREIRA,9,1.3%,19,2.75%,445,64.49%,129,18.7%,57,8.26%,31,4.49%,690
SUDESTE,33,RJ,330120,CARMO,14,2.82%,19,3.83%,325,65.52%,97,19.56%,31,6.25%,10,2.02%,496
SUDESTE,33,RJ,330130,CASIMIRO DE ABREU,25,3.92%,22,3.45%,413,64.73%,83,13.01%,46,7.21%,49,7.68%,638
SUDESTE,33,RJ,330140,CONCEICAO DE MACABU,20,3.66%,25,4.58%,335,61.36%,88,16.12%,40,7.33%,38,6.96%,546
SUDESTE,33,RJ,330150,CORDEIRO,10,1.83%,18,3.29%,321,58.68%,101,18.46%,52,9.51%,45,8.23%,547
SUDESTE,33,RJ,330160,DUAS BARRAS,7,1.86%,26,6.9%,237,62.86%,68,18.04%,25,6.63%,14,3.71%,377
SUDESTE,33,RJ,330170,DUQUE DE CAXIAS,492,2.69%,599,3.28%,10992,60.13%,3452,18.89%,1564,8.56%,1180,6.46%,18279
SUDESTE,33,RJ,330180,ENGENHEIRO PAULO DE FRONTIN,16,3.58%,17,3.8%,244,54.59%,104,23.27%,31,6.94%,35,7.83%,447
SUDESTE,33,RJ,330185,GUAPIMIRIM,52,3.19%,67,4.12%,1010,62.04%,265,16.28%,128,7.86%,106,6.51%,1628
SUDESTE,33,RJ,330187,IGUABA GRANDE,10,0.79%,19,1.5%,765,60.43%,251,19.83%,147,11.61%,74,5.85%,1266
SUDESTE,33,RJ,330190,ITABORAI,176,2.1%,214,2.55%,5107,60.85%,1635,19.48%,753,8.97%,508,6.05%,8393
SUDESTE,33,RJ,330200,ITAGUAI,69,1.19%,106,1.83%,3403,58.6%,1351,23.27%,573,9.87%,305,5.25%,5807
SUDESTE,33,RJ,330205,ITALVA,12,5.04%,7,2.94%,136,57.14%,44,18.49%,18,7.56%,21,8.82%,238
SUDESTE,33,RJ,330210,ITAOCARA,8,1.32%,21,3.47%,378,62.48%,127,20.99%,39,6.45%,32,5.29%,605
SUDESTE,33,RJ,330220,ITAPERUNA,104,2.7%,116,3.01%,2200,57.16%,631,16.39%,323,8.39%,475,12.34%,3849
SUDESTE,33,RJ,330225,ITATIAIA,40,4.98%,34,4.23%,466,57.96%,137,17.04%,74,9.2%,53,6.59%,804
SUDESTE,33,RJ,330227,JAPERI,66,1.71%,85,2.2%,2224,57.62%,833,21.58%,382,9.9%,270,6.99%,3860
SUDESTE,33,RJ,330230,LAJE DO MURIAE,1,0.65%,2,1.29%,64,41.29%,43,27.74%,25,16.13%,20,12.9%,155
SUDESTE,33,RJ,330240,MACAE,90,1.4%,137,2.13%,4008,62.44%,1303,20.3%,543,8.46%,338,5.27%,6419
SUDESTE,33,RJ,330245,MACUCO,13,4.38%,6,2.02%,175,58.92%,49,16.5%,31,10.44%,23,7.74%,297
SUDESTE,33,RJ,330250,MAGE,338,3.54%,343,3.59%,5375,56.29%,1795,18.8%,900,9.43%,797,8.35%,9548
SUDESTE,33,RJ,330260,MANGARATIBA,51,3.52%,45,3.11%,837,57.84%,264,18.24%,124,8.57%,126,8.71%,1447
SUDESTE,33,RJ,330270,MARICA,144,1.87%,215,2.79%,4234,55%,1654,21.49%,853,11.08%,598,7.77%,7698
SUDESTE,33,RJ,330280,MENDES,8,1.36%,12,2.04%,360,61.12%,123,20.88%,56,9.51%,30,5.09%,589
SUDESTE,33,RJ,330285,MESQUITA,83,1.36%,141,2.31%,3683,60.39%,1259,20.64%,605,9.92%,328,5.38%,6099
SUDESTE,33,RJ,330290,MIGUEL PEREIRA,10,0.87%,26,2.25%,698,60.49%,255,22.1%,111,9.62%,54,4.68%,1154
SUDESTE,33,RJ,330300,MIRACEMA,25,3.3%,17,2.24%,435,57.39%,126,16.62%,78,10.29%,77,10.16%,758
SUDESTE,33,RJ,330310,NATIVIDADE,15,2.88%,12,2.3%,307,58.93%,98,18.81%,59,11.32%,30,5.76%,521
SUDESTE,33,RJ,330320,NILOPOLIS,74,2.81%,84,3.19%,1493,56.66%,502,19.05%,254,9.64%,228,8.65%,2635
SUDESTE,33,RJ,330330,NITEROI,118,1.02%,226,1.96%,7379,63.96%,2356,20.42%,954,8.27%,504,4.37%,11537
SUDESTE,33,RJ,330340,NOVA FRIBURGO,33,1.03%,83,2.59%,2104,65.77%,630,19.69%,225,7.03%,124,3.88%,3199
SUDESTE,33,RJ,330350,NOVA IGUACU,626,2.59%,634,2.63%,14347,59.42%,4550,18.84%,2209,9.15%,1779,7.37%,24145
SUDESTE,33,RJ,330360,PARACAMBI,26,1.65%,40,2.53%,1013,64.2%,313,19.84%,122,7.73%,64,4.06%,1578
SUDESTE,33,RJ,330370,PARAIBA DO SUL,32,2.25%,39,2.74%,820,57.62%,288,20.24%,133,9.35%,111,7.8%,1423
SUDESTE,33,RJ,330380,PARATY,16,1.06%,36,2.38%,991,65.5%,280,18.51%,103,6.81%,87,5.75%,1513
SUDESTE,33,RJ,330385,PATY DO ALFERES,25,1.94%,48,3.73%,830,64.44%,241,18.71%,92,7.14%,52,4.04%,1288
SUDESTE,33,RJ,330390,PETROPOLIS,61,0.77%,163,2.06%,5322,67.24%,1578,19.94%,538,6.8%,253,3.2%,7915
SUDESTE,33,RJ,330395,PINHEIRAL,12,1.15%,20,1.92%,627,60.29%,220,21.15%,100,9.62%,61,5.87%,1040
SUDESTE,33,RJ,330400,PIRAI,9,0.75%,25,2.1%,783,65.63%,243,20.37%,87,7.29%,46,3.86%,1193
SUDESTE,33,RJ,330410,PORCIUNCULA,15,2.35%,19,2.98%,397,62.32%,120,18.84%,53,8.32%,33,5.18%,637
SUDESTE,33,RJ,330411,PORTO REAL,107,19.35%,42,7.59%,299,54.07%,65,11.75%,16,2.89%,24,4.34%,553
SUDESTE,33,RJ,330412,QUATIS,11,2.8%,14,3.56%,217,55.22%,83,21.12%,42,10.69%,26,6.62%,393
SUDESTE,33,RJ,330414,QUEIMADOS,120,2.79%,137,3.19%,2658,61.87%,765,17.81%,338,7.87%,278,6.47%,4296
SUDESTE,33,RJ,330415,QUISSAMA,16,1.28%,25,2%,756,60.38%,267,21.33%,111,8.87%,77,6.15%,1252
SUDESTE,33,RJ,330420,RESENDE,93,2.24%,104,2.5%,2575,61.91%,827,19.88%,341,8.2%,219,5.27%,4159
SUDESTE,33,RJ,330430,RIO BONITO,58,3.56%,80,4.91%,970,59.58%,267,16.4%,143,8.78%,110,6.76%,1628
SUDESTE,33,RJ,330440,RIO CLARO,12,1.37%,18,2.06%,545,62.43%,184,21.08%,87,9.97%,27,3.09%,873
SUDESTE,33,RJ,330450,RIO DAS FLORES,21,6.73%,12,3.85%,168,53.85%,52,16.67%,27,8.65%,32,10.26%,312
SUDESTE,33,RJ,330452,RIO DAS OSTRAS,59,1.7%,75,2.16%,2275,65.62%,630,18.17%,265,7.64%,163,4.7%,3467
SUDESTE,33,RJ,330455,RIO DE JANEIRO,3542,1.66%,4791,2.24%,127884,59.9%,41227,19.31%,20388,9.55%,15674,7.34%,213506
SUDESTE,33,RJ,330460,SANTA MARIA MADALENA,8,2.85%,9,3.2%,168,59.79%,50,17.79%,29,10.32%,17,6.05%,281
SUDESTE,33,RJ,330470,SANTO ANTONIO DE PADUA,28,1.81%,35,2.26%,938,60.56%,298,19.24%,149,9.62%,101,6.52%,1549
SUDESTE,33,RJ,330475,SAO FRANCISCO DE ITABAPOANA,83,3.39%,80,3.27%,1296,52.9%,473,19.31%,280,11.43%,238,9.71%,2450
SUDESTE,33,RJ,330480,SAO FIDELIS,15,1.44%,16,1.53%,602,57.72%,256,24.54%,91,8.72%,63,6.04%,1043
SUDESTE,33,RJ,330490,SAO GONCALO,559,4.13%,432,3.19%,7247,53.54%,2647,19.56%,1431,10.57%,1220,9.01%,13536
SUDESTE,33,RJ,330500,SAO JOAO DA BARRA,49,2.44%,55,2.74%,1188,59.13%,431,21.45%,164,8.16%,122,6.07%,2009
SUDESTE,33,RJ,330510,SAO JOAO DE MERITI,471,4.75%,392,3.95%,5446,54.93%,1733,17.48%,942,9.5%,930,9.38%,9914
SUDESTE,33,RJ,330513,SAO JOSE DE UBA,8,2.88%,4,1.44%,151,54.32%,60,21.58%,25,8.99%,30,10.79%,278
SUDESTE,33,RJ,330515,SAO JOSE DO VALE DO RIO PRETO,11,1.53%,20,2.79%,492,68.62%,121,16.88%,46,6.42%,27,3.77%,717
SUDESTE,33,RJ,330520,SAO PEDRO DA ALDEIA,376,11.54%,183,5.62%,1683,51.64%,575,17.64%,283,8.68%,159,4.88%,3259
SUDESTE,33,RJ,330530,SAO SEBASTIAO DO ALTO,16,4.6%,12,3.45%,173,49.71%,69,19.83%,42,12.07%,36,10.34%,348
SUDESTE,33,RJ,330540,SAPUCAIA,12,2.05%,15,2.56%,386,65.98%,95,16.24%,48,8.21%,29,4.96%,585
SUDESTE,33,RJ,330550,SAQUAREMA,68,2.89%,72,3.06%,1356,57.6%,486,20.65%,237,10.07%,135,5.73%,2354
SUDESTE,33,RJ,330555,SEROPEDICA,156,4.61%,184,5.44%,1871,55.31%,550,16.26%,310,9.16%,312,9.22%,3383
SUDESTE,33,RJ,330560,SILVA JARDIM,42,5.59%,16,2.13%,420,55.85%,115,15.29%,87,11.57%,72,9.57%,752
SUDESTE,33,RJ,330570,SUMIDOURO,13,2.14%,16,2.63%,355,58.39%,130,21.38%,56,9.21%,38,6.25%,608
SUDESTE,33,RJ,330575,TANGUA,21,1.41%,39,2.62%,945,63.47%,287,19.27%,114,7.66%,83,5.57%,1489
SUDESTE,33,RJ,330580,TERESOPOLIS,126,2.7%,122,2.61%,2731,58.47%,875,18.73%,446,9.55%,371,7.94%,4671
SUDESTE,33,RJ,330590,TRAJANO DE MORAES,8,3.03%,5,1.89%,158,59.85%,52,19.7%,16,6.06%,25,9.47%,264
SUDESTE,33,RJ,330600,TRES RIOS,75,2.49%,94,3.13%,1704,56.65%,557,18.52%,291,9.67%,287,9.54%,3008
SUDESTE,33,RJ,330610,VALENCA,71,3.26%,83,3.81%,1339,61.39%,367,16.83%,177,8.12%,144,6.6%,2181
SUDESTE,33,RJ,330615,VARRE-SAI,10,1.77%,23,4.06%,369,65.19%,93,16.43%,41,7.24%,30,5.3%,566
SUDESTE,33,RJ,330620,VASSOURAS,10,0.6%,42,2.53%,1076,64.78%,330,19.87%,130,7.83%,73,4.39%,1661
SUDESTE,33,RJ,330630,VOLTA REDONDA,148,2.15%,210,3.05%,4366,63.39%,1271,18.46%,494,7.17%,398,5.78%,6887
SUDESTE,35,SP,350010,ADAMANTINA,11,1.32%,17,2.04%,567,68.07%,154,18.49%,58,6.96%,26,3.12%,833
SUDESTE,35,SP,350020,ADOLFO,7,3.35%,9,4.31%,104,49.76%,51,24.4%,26,12.44%,12,5.74%,209
SUDESTE,35,SP,350030,AGUAI,14,2.32%,16,2.65%,409,67.83%,89,14.76%,45,7.46%,30,4.98%,603
SUDESTE,35,SP,350040,AGUAS DA PRATA,1,0.5%,4,1.99%,129,64.18%,45,22.39%,13,6.47%,9,4.48%,201
SUDESTE,35,SP,350050,AGUAS DE LINDOIA,5,0.73%,12,1.76%,413,60.56%,168,24.63%,55,8.06%,29,4.25%,682
SUDESTE,35,SP,350055,AGUAS DE SANTA BARBARA,3,0.98%,6,1.95%,189,61.56%,68,22.15%,26,8.47%,15,4.89%,307
SUDESTE,35,SP,350060,AGUAS DE SAO PEDRO,0,-,0,-,73,58.87%,37,29.84%,8,6.45%,6,4.84%,124
SUDESTE,35,SP,350070,AGUDOS,16,0.93%,24,1.4%,1091,63.43%,390,22.67%,142,8.26%,57,3.31%,1720
SUDESTE,35,SP,350075,ALAMBARI,0,-,7,3.24%,138,63.89%,41,18.98%,22,10.19%,8,3.7%,216
SUDESTE,35,SP,350080,ALFREDO MARCONDES,0,-,5,2.08%,151,62.92%,53,22.08%,20,8.33%,11,4.58%,240
SUDESTE,35,SP,350090,ALTAIR,6,4.72%,6,4.72%,68,53.54%,26,20.47%,11,8.66%,10,7.87%,127
SUDESTE,35,SP,350100,ALTINOPOLIS,12,1.89%,15,2.36%,402,63.31%,125,19.69%,51,8.03%,30,4.72%,635
SUDESTE,35,SP,350110,ALTO ALEGRE,0,-,1,0.71%,86,60.99%,30,21.28%,17,12.06%,7,4.96%,141
SUDESTE,35,SP,350115,ALUMINIO,5,1.19%,12,2.86%,274,65.24%,86,20.48%,32,7.62%,11,2.62%,420
SUDESTE,35,SP,350120,ALVARES FLORENCE,2,1.15%,3,1.72%,114,65.52%,35,20.11%,14,8.05%,6,3.45%,174
SUDESTE,35,SP,350130,ALVARES MACHADO,11,0.92%,21,1.76%,763,64.01%,256,21.48%,79,6.63%,62,5.2%,1192
SUDESTE,35,SP,350140,ALVARO DE CARVALHO,4,2.3%,2,1.15%,94,54.02%,39,22.41%,18,10.34%,17,9.77%,174
SUDESTE,35,SP,350150,ALVINLANDIA,1,0.92%,2,1.83%,67,61.47%,25,22.94%,6,5.5%,8,7.34%,109
SUDESTE,35,SP,350160,AMERICANA,26,0.56%,86,1.84%,3142,67.34%,894,19.16%,376,8.06%,142,3.04%,4666
SUDESTE,35,SP,350170,AMERICO BRASILIENSE,3,0.24%,22,1.78%,835,67.67%,265,21.47%,69,5.59%,40,3.24%,1234
SUDESTE,35,SP,350180,AMERICO DE CAMPOS,3,1.35%,10,4.48%,125,56.05%,49,21.97%,26,11.66%,10,4.48%,223
SUDESTE,35,SP,350190,AMPARO,23,1.63%,35,2.48%,929,65.75%,286,20.24%,92,6.51%,48,3.4%,1413
SUDESTE,35,SP,350200,ANALANDIA,2,0.87%,3,1.3%,126,54.78%,60,26.09%,22,9.57%,17,7.39%,230
SUDESTE,35,SP,350210,ANDRADINA,42,2.39%,29,1.65%,1026,58.36%,395,22.47%,163,9.27%,103,5.86%,1758
SUDESTE,35,SP,350220,ANGATUBA,12,0.93%,19,1.47%,726,56.24%,301,23.32%,132,10.22%,101,7.82%,1291
SUDESTE,35,SP,350230,ANHEMBI,3,1.02%,7,2.39%,177,60.41%,64,21.84%,21,7.17%,21,7.17%,293
SUDESTE,35,SP,350240,ANHUMAS,2,0.87%,4,1.75%,156,68.12%,42,18.34%,17,7.42%,8,3.49%,229
SUDESTE,35,SP,350250,APARECIDA,16,2.38%,29,4.31%,436,64.78%,107,15.9%,49,7.28%,36,5.35%,673
SUDESTE,35,SP,350260,APARECIDA D'OESTE,2,1.03%,4,2.05%,140,71.79%,29,14.87%,14,7.18%,6,3.08%,195
SUDESTE,35,SP,350270,APIAI,14,1.01%,22,1.58%,846,60.78%,317,22.77%,123,8.84%,70,5.03%,1392
SUDESTE,35,SP,350275,ARACARIGUAMA,4,0.32%,14,1.11%,861,68.33%,262,20.79%,87,6.9%,32,2.54%,1260
SUDESTE,35,SP,350280,ARACATUBA,103,1.93%,127,2.38%,3337,62.41%,1032,19.3%,436,8.15%,312,5.84%,5347
SUDESTE,35,SP,350290,ARACOIABA DA SERRA,7,0.54%,16,1.24%,858,66.31%,271,20.94%,91,7.03%,51,3.94%,1294
SUDESTE,35,SP,350300,ARAMINA,1,0.38%,4,1.52%,186,70.45%,43,16.29%,22,8.33%,8,3.03%,264
SUDESTE,35,SP,350310,ARANDU,3,0.83%,5,1.39%,218,60.56%,78,21.67%,31,8.61%,25,6.94%,360
SUDESTE,35,SP,350315,ARAPEI,0,-,1,0.67%,106,71.14%,28,18.79%,10,6.71%,4,2.68%,149
SUDESTE,35,SP,350320,ARARAQUARA,55,0.99%,133,2.4%,3792,68.44%,967,17.45%,375,6.77%,219,3.95%,5541
SUDESTE,35,SP,350330,ARARAS,37,1.32%,56,2%,1883,67.2%,519,18.52%,206,7.35%,101,3.6%,2802
SUDESTE,35,SP,350335,ARCO-IRIS,1,1.15%,1,1.15%,51,58.62%,16,18.39%,11,12.64%,7,8.05%,87
SUDESTE,35,SP,350340,AREALVA,2,0.59%,4,1.18%,209,61.83%,67,19.82%,34,10.06%,22,6.51%,338
SUDESTE,35,SP,350350,AREIAS,2,0.74%,4,1.49%,166,61.71%,65,24.16%,15,5.58%,17,6.32%,269
SUDESTE,35,SP,350360,AREIOPOLIS,8,2.52%,2,0.63%,183,57.55%,84,26.42%,24,7.55%,17,5.35%,318
SUDESTE,35,SP,350370,ARIRANHA,0,-,5,2.48%,122,60.4%,46,22.77%,21,10.4%,8,3.96%,202
SUDESTE,35,SP,350380,ARTUR NOGUEIRA,6,1.04%,5,0.87%,362,62.74%,121,20.97%,52,9.01%,31,5.37%,577
SUDESTE,35,SP,350390,ARUJA,18,0.53%,36,1.06%,2055,60.23%,825,24.18%,335,9.82%,143,4.19%,3412
SUDESTE,35,SP,350395,ASPASIA,0,-,1,1.09%,59,64.13%,19,20.65%,5,5.43%,8,8.7%,92
SUDESTE,35,SP,350400,ASSIS,20,0.84%,59,2.49%,1482,62.43%,494,20.81%,228,9.6%,91,3.83%,2374
SUDESTE,35,SP,350410,ATIBAIA,29,0.6%,71,1.48%,3200,66.51%,1008,20.95%,349,7.25%,154,3.2%,4811
SUDESTE,35,SP,350420,AURIFLAMA,3,0.65%,8,1.74%,253,55%,110,23.91%,47,10.22%,39,8.48%,460
SUDESTE,35,SP,350430,AVAI,7,2.3%,9,2.96%,178,58.55%,60,19.74%,29,9.54%,21,6.91%,304
SUDESTE,35,SP,350440,AVANHANDAVA,7,1.47%,3,0.63%,265,55.67%,107,22.48%,56,11.76%,38,7.98%,476
SUDESTE,35,SP,350450,AVARE,15,0.51%,51,1.74%,1995,67.88%,565,19.22%,214,7.28%,99,3.37%,2939
SUDESTE,35,SP,350460,BADY BASSITT,7,0.5%,24,1.7%,920,65.2%,305,21.62%,118,8.36%,37,2.62%,1411
SUDESTE,35,SP,350470,BALBINOS,0,-,2,2.3%,49,56.32%,20,22.99%,13,14.94%,3,3.45%,87
SUDESTE,35,SP,350480,BALSAMO,1,0.35%,5,1.74%,187,64.93%,54,18.75%,23,7.99%,18,6.25%,288
SUDESTE,35,SP,350490,BANANAL,3,0.74%,4,0.99%,243,60%,91,22.47%,39,9.63%,25,6.17%,405
SUDESTE,35,SP,350500,BARAO DE ANTONINA,1,0.47%,2,0.94%,125,58.69%,44,20.66%,29,13.62%,12,5.63%,213
SUDESTE,35,SP,350510,BARBOSA,5,1.3%,5,1.3%,210,54.55%,78,20.26%,58,15.06%,29,7.53%,385
SUDESTE,35,SP,350520,BARIRI,14,1.66%,18,2.13%,474,56.09%,201,23.79%,76,8.99%,62,7.34%,845
SUDESTE,35,SP,350530,BARRA BONITA,8,0.72%,27,2.44%,780,70.4%,201,18.14%,58,5.23%,34,3.07%,1108
SUDESTE,35,SP,350535,BARRA DO CHAPEU,4,1.14%,2,0.57%,207,59.14%,91,26%,34,9.71%,12,3.43%,350
SUDESTE,35,SP,350540,BARRA DO TURVO,8,2.15%,11,2.96%,232,62.37%,70,18.82%,30,8.06%,21,5.65%,372
SUDESTE,35,SP,350550,BARRETOS,57,1.24%,83,1.8%,2763,59.99%,1013,21.99%,454,9.86%,236,5.12%,4606
SUDESTE,35,SP,350560,BARRINHA,10,2.17%,14,3.04%,318,69.13%,72,15.65%,30,6.52%,16,3.48%,460
SUDESTE,35,SP,350570,BARUERI,180,0.97%,351,1.9%,11331,61.32%,3929,21.26%,1655,8.96%,1031,5.58%,18477
SUDESTE,35,SP,350580,BASTOS,15,1.47%,34,3.34%,668,65.62%,185,18.17%,70,6.88%,46,4.52%,1018
SUDESTE,35,SP,350590,BATATAIS,23,2.87%,19,2.37%,456,56.86%,149,18.58%,83,10.35%,72,8.98%,802
SUDESTE,35,SP,350600,BAURU,93,0.91%,229,2.23%,7142,69.67%,1837,17.92%,634,6.18%,316,3.08%,10251
SUDESTE,35,SP,350610,BEBEDOURO,40,1.69%,49,2.07%,1424,60.29%,497,21.04%,209,8.85%,143,6.05%,2362
SUDESTE,35,SP,350620,BENTO DE ABREU,2,1.49%,2,1.49%,87,64.93%,24,17.91%,10,7.46%,9,6.72%,134
SUDESTE,35,SP,350630,BERNARDINO DE CAMPOS,2,0.42%,8,1.66%,292,60.71%,105,21.83%,56,11.64%,18,3.74%,481
SUDESTE,35,SP,350635,BERTIOGA,20,0.88%,31,1.36%,1327,58.13%,562,24.62%,242,10.6%,101,4.42%,2283
SUDESTE,35,SP,350640,BILAC,4,1.49%,6,2.23%,158,58.74%,68,25.28%,22,8.18%,11,4.09%,269
SUDESTE,35,SP,350650,BIRIGUI,44,1.38%,57,1.79%,1944,61.13%,681,21.42%,316,9.94%,138,4.34%,3180
SUDESTE,35,SP,350660,BIRITIBA MIRIM,22,1.67%,21,1.59%,673,51.02%,362,27.45%,140,10.61%,101,7.66%,1319
SUDESTE,35,SP,350670,BOA ESPERANCA DO SUL,4,0.77%,9,1.73%,341,65.45%,105,20.15%,38,7.29%,24,4.61%,521
SUDESTE,35,SP,350680,BOCAINA,4,0.89%,11,2.44%,294,65.19%,96,21.29%,28,6.21%,18,3.99%,451
SUDESTE,35,SP,350690,BOFETE,7,1.32%,9,1.7%,323,61.06%,114,21.55%,46,8.7%,30,5.67%,529
SUDESTE,35,SP,350700,BOITUVA,17,0.65%,40,1.52%,1612,61.29%,591,22.47%,263,10%,107,4.07%,2630
SUDESTE,35,SP,350710,BOM JESUS DOS PERDOES,6,0.58%,16,1.55%,644,62.22%,246,23.77%,69,6.67%,54,5.22%,1035
SUDESTE,35,SP,350715,BOM SUCESSO DE ITARARE,3,1.09%,10,3.64%,177,64.36%,40,14.55%,22,8%,23,8.36%,275
SUDESTE,35,SP,350720,BORA,0,-,0,-,31,58.49%,9,16.98%,6,11.32%,7,13.21%,53
SUDESTE,35,SP,350730,BORACEIA,2,1.03%,5,2.56%,117,60%,40,20.51%,16,8.21%,15,7.69%,195
SUDESTE,35,SP,350740,BORBOREMA,2,0.37%,8,1.49%,302,56.34%,129,24.07%,51,9.51%,44,8.21%,536
SUDESTE,35,SP,350745,BOREBI,1,0.47%,3,1.42%,137,64.62%,51,24.06%,12,5.66%,8,3.77%,212
SUDESTE,35,SP,350750,BOTUCATU,65,1.14%,103,1.81%,3688,64.74%,1142,20.05%,476,8.36%,223,3.91%,5697
SUDESTE,35,SP,350760,BRAGANCA PAULISTA,89,2.28%,88,2.25%,2235,57.26%,814,20.86%,387,9.92%,290,7.43%,3903
SUDESTE,35,SP,350770,BRAUNA,1,0.6%,2,1.2%,97,58.43%,40,24.1%,16,9.64%,10,6.02%,166
SUDESTE,35,SP,350775,BREJO ALEGRE,0,-,0,-,85,57.82%,26,17.69%,22,14.97%,14,9.52%,147
SUDESTE,35,SP,350780,BRODOWSKI,4,0.4%,16,1.62%,612,61.94%,225,22.77%,85,8.6%,46,4.66%,988
SUDESTE,35,SP,350790,BROTAS,16,2.8%,14,2.45%,339,59.27%,123,21.5%,45,7.87%,35,6.12%,572
SUDESTE,35,SP,350800,BURI,9,0.68%,25,1.89%,849,64.27%,289,21.88%,89,6.74%,60,4.54%,1321
SUDESTE,35,SP,350810,BURITAMA,12,1.98%,13,2.14%,340,56.01%,123,20.26%,71,11.7%,48,7.91%,607
SUDESTE,35,SP,350820,BURITIZAL,4,4.21%,5,5.26%,70,73.68%,12,12.63%,1,1.05%,3,3.16%,95
SUDESTE,35,SP,350830,CABRALIA PAULISTA,0,-,3,1.3%,159,68.83%,47,20.35%,17,7.36%,5,2.16%,231
SUDESTE,35,SP,350840,CABREUVA,15,0.84%,15,0.84%,1018,56.84%,442,24.68%,202,11.28%,99,5.53%,1791
SUDESTE,35,SP,350850,CACAPAVA,42,1.51%,56,2.01%,1784,64.08%,583,20.94%,204,7.33%,115,4.13%,2784
SUDESTE,35,SP,350860,CACHOEIRA PAULISTA,14,2.16%,25,3.85%,413,63.64%,99,15.25%,68,10.48%,30,4.62%,649
SUDESTE,35,SP,350870,CACONDE,6,0.9%,12,1.8%,420,62.97%,139,20.84%,63,9.45%,27,4.05%,667
SUDESTE,35,SP,350880,CAFELANDIA,5,0.78%,15,2.35%,419,65.57%,130,20.34%,41,6.42%,29,4.54%,639
SUDESTE,35,SP,350890,CAIABU,2,1.06%,1,0.53%,119,62.96%,35,18.52%,21,11.11%,11,5.82%,189
SUDESTE,35,SP,350900,CAIEIRAS,37,1.16%,78,2.45%,1977,62.19%,698,21.96%,264,8.3%,125,3.93%,3179
SUDESTE,35,SP,350910,CAIUA,1,0.67%,3,2%,107,71.33%,23,15.33%,12,8%,4,2.67%,150
SUDESTE,35,SP,350920,CAJAMAR,32,0.71%,58,1.29%,2782,61.71%,1016,22.54%,431,9.56%,189,4.19%,4508
SUDESTE,35,SP,350925,CAJATI,3,0.18%,23,1.41%,1076,65.85%,360,22.03%,122,7.47%,50,3.06%,1634
SUDESTE,35,SP,350930,CAJOBI,6,1.5%,23,5.74%,238,59.35%,79,19.7%,34,8.48%,21,5.24%,401
SUDESTE,35,SP,350940,CAJURU,2,0.22%,16,1.79%,537,60.13%,187,20.94%,112,12.54%,39,4.37%,893
SUDESTE,35,SP,350945,CAMPINA DO MONTE ALEGRE,0,-,6,1.92%,190,60.9%,64,20.51%,36,11.54%,16,5.13%,312
SUDESTE,35,SP,350950,CAMPINAS,193,0.67%,522,1.82%,20004,69.73%,5364,18.7%,1774,6.18%,832,2.9%,28689
SUDESTE,35,SP,350960,CAMPO LIMPO PAULISTA,19,1.16%,29,1.77%,1034,63.28%,349,21.36%,130,7.96%,73,4.47%,1634
SUDESTE,35,SP,350970,CAMPOS DO JORDAO,17,1.05%,51,3.14%,1073,66.03%,293,18.03%,129,7.94%,62,3.82%,1625
SUDESTE,35,SP,350980,CAMPOS NOVOS PAULISTA,2,0.75%,3,1.12%,148,55.22%,66,24.63%,36,13.43%,13,4.85%,268
SUDESTE,35,SP,350990,CANANEIA,3,0.84%,10,2.81%,197,55.34%,85,23.88%,41,11.52%,20,5.62%,356
SUDESTE,35,SP,350995,CANAS,1,0.67%,5,3.33%,91,60.67%,34,22.67%,12,8%,7,4.67%,150
SUDESTE,35,SP,351000,CANDIDO MOTA,10,1.06%,21,2.23%,640,68.09%,154,16.38%,76,8.09%,39,4.15%,940
SUDESTE,35,SP,351010,CANDIDO RODRIGUES,1,0.84%,1,0.84%,69,57.98%,27,22.69%,13,10.92%,8,6.72%,119
SUDESTE,35,SP,351015,CANITAR,4,1.16%,13,3.77%,200,57.97%,82,23.77%,23,6.67%,23,6.67%,345
SUDESTE,35,SP,351020,CAPAO BONITO,16,0.71%,47,2.08%,1215,53.67%,559,24.69%,259,11.44%,168,7.42%,2264
SUDESTE,35,SP,351030,CAPELA DO ALTO,8,0.68%,16,1.35%,708,59.75%,289,24.39%,122,10.3%,42,3.54%,1185
SUDESTE,35,SP,351040,CAPIVARI,17,1.03%,35,2.12%,1074,65.09%,338,20.48%,122,7.39%,64,3.88%,1650
SUDESTE,35,SP,351050,CARAGUATATUBA,107,1.75%,107,1.75%,3475,56.95%,1415,23.19%,662,10.85%,336,5.51%,6102
SUDESTE,35,SP,351060,CARAPICUIBA,81,0.68%,192,1.6%,7432,62.07%,2614,21.83%,1108,9.25%,547,4.57%,11974
SUDESTE,35,SP,351070,CARDOSO,2,0.54%,7,1.88%,232,62.37%,77,20.7%,37,9.95%,17,4.57%,372
SUDESTE,35,SP,351080,CASA BRANCA,7,0.65%,12,1.12%,651,60.56%,242,22.51%,102,9.49%,61,5.67%,1075
SUDESTE,35,SP,351090,CASSIA DOS COQUEIROS,3,3.75%,1,1.25%,52,65%,13,16.25%,10,12.5%,1,1.25%,80
SUDESTE,35,SP,351100,CASTILHO,11,1.36%,28,3.47%,494,61.14%,168,20.79%,65,8.04%,42,5.2%,808
SUDESTE,35,SP,351110,CATANDUVA,113,3.55%,98,3.08%,1873,58.83%,571,17.93%,282,8.86%,247,7.76%,3184
SUDESTE,35,SP,351120,CATIGUA,0,-,6,3.28%,118,64.48%,31,16.94%,19,10.38%,9,4.92%,183
SUDESTE,35,SP,351130,CEDRAL,2,0.43%,11,2.36%,316,67.81%,96,20.6%,23,4.94%,18,3.86%,466
SUDESTE,35,SP,351140,CERQUEIRA CESAR,10,1.52%,17,2.58%,421,63.79%,141,21.36%,53,8.03%,18,2.73%,660
SUDESTE,35,SP,351150,CERQUILHO,10,0.85%,24,2.04%,640,54.38%,259,22.01%,136,11.55%,108,9.18%,1177
SUDESTE,35,SP,351160,CESARIO LANGE,10,1.04%,14,1.45%,542,56.22%,231,23.96%,108,11.2%,59,6.12%,964
SUDESTE,35,SP,351170,CHARQUEADA,6,1.17%,11,2.15%,302,59.1%,105,20.55%,56,10.96%,31,6.07%,511
SUDESTE,35,SP,351190,CLEMENTINA,0,-,14,3.57%,257,65.56%,77,19.64%,32,8.16%,12,3.06%,392
SUDESTE,35,SP,351200,COLINA,9,1.54%,18,3.07%,316,53.92%,138,23.55%,70,11.95%,35,5.97%,586
SUDESTE,35,SP,351210,COLOMBIA,3,1.49%,6,2.97%,125,61.88%,43,21.29%,11,5.45%,14,6.93%,202
SUDESTE,35,SP,351220,CONCHAL,11,0.84%,29,2.21%,840,64.07%,264,20.14%,110,8.39%,57,4.35%,1311
SUDESTE,35,SP,351230,CONCHAS,111,20.26%,44,8.03%,260,47.45%,81,14.78%,28,5.11%,24,4.38%,548
SUDESTE,35,SP,351240,CORDEIROPOLIS,4,0.4%,10,1%,594,59.16%,263,26.2%,93,9.26%,40,3.98%,1004
SUDESTE,35,SP,351250,COROADOS,2,1.77%,2,1.77%,70,61.95%,22,19.47%,10,8.85%,7,6.19%,113
SUDESTE,35,SP,351260,CORONEL MACEDO,0,-,5,2.65%,117,61.9%,46,24.34%,12,6.35%,9,4.76%,189
SUDESTE,35,SP,351270,CORUMBATAI,1,1.04%,1,1.04%,55,57.29%,25,26.04%,10,10.42%,4,4.17%,96
SUDESTE,35,SP,351280,COSMOPOLIS,9,0.46%,34,1.75%,1261,65%,407,20.98%,152,7.84%,77,3.97%,1940
SUDESTE,35,SP,351290,COSMORAMA,1,0.27%,8,2.15%,212,56.99%,94,25.27%,36,9.68%,21,5.65%,372
SUDESTE,35,SP,351300,COTIA,117,1.69%,128,1.85%,4215,60.94%,1459,21.09%,648,9.37%,350,5.06%,6917
SUDESTE,35,SP,351310,CRAVINHOS,12,1.23%,14,1.43%,592,60.53%,217,22.19%,91,9.3%,52,5.32%,978
SUDESTE,35,SP,351320,CRISTAIS PAULISTA,3,0.72%,7,1.67%,279,66.59%,75,17.9%,30,7.16%,25,5.97%,419
SUDESTE,35,SP,351330,CRUZALIA,1,1%,0,-,48,48%,30,30%,12,12%,9,9%,100
SUDESTE,35,SP,351340,CRUZEIRO,25,1.05%,43,1.8%,1568,65.72%,471,19.74%,173,7.25%,106,4.44%,2386
SUDESTE,35,SP,351350,CUBATAO,62,1.52%,68,1.66%,2437,59.6%,918,22.45%,400,9.78%,204,4.99%,4089
SUDESTE,35,SP,351360,CUNHA,6,0.58%,8,0.77%,669,64.51%,222,21.41%,80,7.71%,52,5.01%,1037
SUDESTE,35,SP,351370,DESCALVADO,16,1.42%,19,1.68%,703,62.32%,241,21.37%,89,7.89%,60,5.32%,1128
SUDESTE,35,SP,351380,DIADEMA,126,1.02%,255,2.07%,7996,64.83%,2411,19.55%,984,7.98%,562,4.56%,12334
SUDESTE,35,SP,351385,DIRCE REIS,1,1.35%,0,-,40,54.05%,20,27.03%,9,12.16%,4,5.41%,74
SUDESTE,35,SP,351390,DIVINOLANDIA,7,1.55%,10,2.21%,318,70.35%,80,17.7%,24,5.31%,13,2.88%,452
SUDESTE,35,SP,351400,DOBRADA,2,0.54%,6,1.63%,197,53.53%,86,23.37%,46,12.5%,31,8.42%,368
SUDESTE,35,SP,351410,DOIS CORREGOS,11,0.95%,34,2.94%,782,67.65%,192,16.61%,96,8.3%,41,3.55%,1156
SUDESTE,35,SP,351420,DOLCINOPOLIS,1,0.73%,3,2.19%,93,67.88%,23,16.79%,11,8.03%,6,4.38%,137
SUDESTE,35,SP,351430,DOURADO,1,1.04%,1,1.04%,62,64.58%,16,16.67%,11,11.46%,5,5.21%,96
SUDESTE,35,SP,351440,DRACENA,10,0.71%,21,1.49%,953,67.54%,293,20.77%,87,6.17%,47,3.33%,1411
SUDESTE,35,SP,351450,DUARTINA,6,1.23%,10,2.06%,311,63.99%,87,17.9%,46,9.47%,26,5.35%,486
SUDESTE,35,SP,351460,DUMONT,3,1.27%,7,2.97%,159,67.37%,42,17.8%,14,5.93%,11,4.66%,236
SUDESTE,35,SP,351470,ECHAPORA,2,0.56%,7,1.97%,220,61.97%,67,18.87%,35,9.86%,24,6.76%,355
SUDESTE,35,SP,351480,ELDORADO,6,0.81%,13,1.74%,478,64.16%,161,21.61%,52,6.98%,35,4.7%,745
SUDESTE,35,SP,351490,ELIAS FAUSTO,9,1.38%,14,2.15%,439,67.43%,107,16.44%,43,6.61%,39,5.99%,651
SUDESTE,35,SP,351492,ELISIARIO,1,0.69%,2,1.39%,92,63.89%,28,19.44%,16,11.11%,5,3.47%,144
SUDESTE,35,SP,351495,EMBAUBA,1,4.17%,1,4.17%,16,66.67%,3,12.5%,2,8.33%,1,4.17%,24
SUDESTE,35,SP,351500,EMBU DAS ARTES,351,2.74%,374,2.92%,7913,61.75%,2274,17.75%,1001,7.81%,901,7.03%,12814
SUDESTE,35,SP,351510,EMBU-GUACU,38,1.8%,47,2.23%,1253,59.44%,433,20.54%,193,9.16%,144,6.83%,2108
SUDESTE,35,SP,351512,EMILIANOPOLIS,0,-,1,0.69%,97,66.9%,21,14.48%,14,9.66%,12,8.28%,145
SUDESTE,35,SP,351515,ENGENHEIRO COELHO,9,1.01%,16,1.79%,596,66.59%,171,19.11%,71,7.93%,32,3.58%,895
SUDESTE,35,SP,351518,ESPIRITO SANTO DO PINHAL,7,0.62%,19,1.68%,713,62.87%,221,19.49%,104,9.17%,70,6.17%,1134
SUDESTE,35,SP,351519,ESPIRITO SANTO DO TURVO,1,0.34%,7,2.37%,175,59.32%,64,21.69%,28,9.49%,20,6.78%,295
SUDESTE,35,SP,351520,ESTRELA D'OESTE,1,0.28%,5,1.4%,234,65.55%,77,21.57%,27,7.56%,13,3.64%,357
SUDESTE,35,SP,351530,ESTRELA DO NORTE,0,-,2,1.83%,68,62.39%,29,26.61%,5,4.59%,5,4.59%,109
SUDESTE,35,SP,351535,EUCLIDES DA CUNHA PAULISTA,6,1.74%,7,2.03%,234,67.83%,56,16.23%,24,6.96%,18,5.22%,345
SUDESTE,35,SP,351540,FARTURA,9,1.13%,14,1.75%,501,62.7%,179,22.4%,61,7.63%,35,4.38%,799
SUDESTE,35,SP,351550,FERNANDOPOLIS,35,1.53%,63,2.75%,1523,66.54%,417,18.22%,154,6.73%,97,4.24%,2289
SUDESTE,35,SP,351560,FERNANDO PRESTES,3,1.29%,3,1.29%,116,50%,63,27.16%,31,13.36%,16,6.9%,232
SUDESTE,35,SP,351565,FERNAO,1,1.08%,2,2.15%,51,54.84%,24,25.81%,11,11.83%,4,4.3%,93
SUDESTE,35,SP,351570,FERRAZ DE VASCONCELOS,72,1%,94,1.3%,4236,58.73%,1775,24.61%,699,9.69%,337,4.67%,7213
SUDESTE,35,SP,351580,FLORA RICA,0,-,0,-,41,59.42%,18,26.09%,6,8.7%,4,5.8%,69
SUDESTE,35,SP,351590,FLOREAL,0,-,5,4.35%,75,65.22%,25,21.74%,7,6.09%,3,2.61%,115
SUDESTE,35,SP,351600,FLORIDA PAULISTA,1,0.25%,6,1.51%,247,62.22%,82,20.65%,38,9.57%,23,5.79%,397
SUDESTE,35,SP,351610,FLORINEA,2,2.04%,2,2.04%,56,57.14%,18,18.37%,14,14.29%,6,6.12%,98
SUDESTE,35,SP,351620,FRANCA,66,0.7%,195,2.06%,6411,67.83%,1897,20.07%,642,6.79%,240,2.54%,9451
SUDESTE,35,SP,351630,FRANCISCO MORATO,137,1.71%,185,2.31%,4849,60.6%,1557,19.46%,719,8.99%,555,6.94%,8002
SUDESTE,35,SP,351640,FRANCO DA ROCHA,111,1.71%,131,2.02%,3922,60.38%,1296,19.95%,558,8.59%,478,7.36%,6496
SUDESTE,35,SP,351650,GABRIEL MONTEIRO,0,-,0,-,65,60.75%,26,24.3%,10,9.35%,6,5.61%,107
SUDESTE,35,SP,351660,GALIA,0,-,7,3.35%,122,58.37%,40,19.14%,25,11.96%,15,7.18%,209
SUDESTE,35,SP,351670,GARCA,23,1.31%,39,2.22%,1129,64.22%,353,20.08%,127,7.22%,87,4.95%,1758
SUDESTE,35,SP,351680,GASTAO VIDIGAL,2,1.31%,6,3.92%,104,67.97%,30,19.61%,4,2.61%,7,4.58%,153
SUDESTE,35,SP,351685,GAVIAO PEIXOTO,2,0.68%,7,2.4%,217,74.32%,46,15.75%,12,4.11%,8,2.74%,292
SUDESTE,35,SP,351690,GENERAL SALGADO,4,1.09%,9,2.46%,226,61.75%,82,22.4%,32,8.74%,13,3.55%,366
SUDESTE,35,SP,351700,GETULINA,2,0.68%,3,1.02%,178,60.34%,68,23.05%,27,9.15%,17,5.76%,295
SUDESTE,35,SP,351710,GLICERIO,4,2.21%,5,2.76%,114,62.98%,30,16.57%,18,9.94%,10,5.52%,181
SUDESTE,35,SP,351720,GUAICARA,14,2.5%,11,1.97%,321,57.42%,117,20.93%,59,10.55%,37,6.62%,559
SUDESTE,35,SP,351730,GUAIMBE,2,1.03%,5,2.58%,119,61.34%,42,21.65%,14,7.22%,12,6.19%,194
SUDESTE,35,SP,351740,GUAIRA,12,0.86%,23,1.66%,906,65.23%,265,19.08%,113,8.14%,70,5.04%,1389
SUDESTE,35,SP,351750,GUAPIACU,10,1.07%,19,2.04%,583,62.62%,196,21.05%,81,8.7%,42,4.51%,931
SUDESTE,35,SP,351760,GUAPIARA,10,1.41%,15,2.12%,396,55.93%,149,21.05%,81,11.44%,57,8.05%,708
SUDESTE,35,SP,351770,GUARA,6,0.77%,11,1.41%,498,64.01%,157,20.18%,65,8.35%,41,5.27%,778
SUDESTE,35,SP,351780,GUARACAI,4,1.54%,5,1.92%,175,67.31%,50,19.23%,11,4.23%,15,5.77%,260
SUDESTE,35,SP,351790,GUARACI,5,1.23%,4,0.99%,190,46.91%,111,27.41%,59,14.57%,36,8.89%,405
SUDESTE,35,SP,351800,GUARANI D'OESTE,1,1.02%,1,1.02%,64,65.31%,20,20.41%,10,10.2%,2,2.04%,98
SUDESTE,35,SP,351810,GUARANTA,6,2.13%,6,2.13%,172,60.99%,60,21.28%,19,6.74%,19,6.74%,282
SUDESTE,35,SP,351820,GUARARAPES,5,0.58%,13,1.5%,593,68.63%,166,19.21%,58,6.71%,29,3.36%,864
SUDESTE,35,SP,351830,GUARAREMA,3,0.24%,16,1.27%,859,68.28%,259,20.59%,86,6.84%,35,2.78%,1258
SUDESTE,35,SP,351840,GUARATINGUETA,32,1.02%,58,1.86%,2090,66.92%,574,18.38%,243,7.78%,126,4.03%,3123
SUDESTE,35,SP,351850,GUAREI,4,0.68%,11,1.87%,356,60.54%,138,23.47%,54,9.18%,25,4.25%,588
SUDESTE,35,SP,351860,GUARIBA,13,1.93%,26,3.85%,446,66.07%,115,17.04%,49,7.26%,26,3.85%,675
SUDESTE,35,SP,351870,GUARUJA,174,2.11%,121,1.47%,4945,59.95%,1851,22.44%,769,9.32%,389,4.72%,8249
SUDESTE,35,SP,351880,GUARULHOS,728,1.83%,925,2.33%,23824,60%,8179,20.6%,3530,8.89%,2519,6.34%,39705
SUDESTE,35,SP,351885,GUATAPARA,0,-,4,1.33%,202,67.11%,65,21.59%,19,6.31%,11,3.65%,301
SUDESTE,35,SP,351890,GUZOLANDIA,2,0.87%,6,2.6%,133,57.58%,54,23.38%,26,11.26%,10,4.33%,231
SUDESTE,35,SP,351900,HERCULANDIA,1,1.41%,6,8.45%,45,63.38%,12,16.9%,5,7.04%,2,2.82%,71
SUDESTE,35,SP,351905,HOLAMBRA,4,1.75%,6,2.63%,142,62.28%,41,17.98%,19,8.33%,16,7.02%,228
SUDESTE,35,SP,351907,HORTOLANDIA,124,3.58%,105,3.03%,2263,65.37%,568,16.41%,242,6.99%,160,4.62%,3462
SUDESTE,35,SP,351910,IACANGA,2,0.43%,2,0.43%,279,60.39%,122,26.41%,35,7.58%,22,4.76%,462
SUDESTE,35,SP,351920,IACRI,3,2.44%,5,4.07%,85,69.11%,22,17.89%,4,3.25%,4,3.25%,123
SUDESTE,35,SP,351925,IARAS,7,2.05%,4,1.17%,199,58.36%,78,22.87%,30,8.8%,23,6.74%,341
SUDESTE,35,SP,351930,IBATE,12,0.98%,33,2.69%,766,62.48%,240,19.58%,119,9.71%,56,4.57%,1226
SUDESTE,35,SP,351940,IBIRA,2,0.38%,8,1.52%,346,65.78%,105,19.96%,38,7.22%,27,5.13%,526
SUDESTE,35,SP,351950,IBIRAREMA,15,5.3%,18,6.36%,167,59.01%,36,12.72%,22,7.77%,25,8.83%,283
SUDESTE,35,SP,351960,IBITINGA,8,0.58%,26,1.87%,903,64.96%,281,20.22%,99,7.12%,73,5.25%,1390
SUDESTE,35,SP,351970,IBIUNA,46,1.62%,57,2.01%,1678,59.06%,640,22.53%,266,9.36%,154,5.42%,2841
SUDESTE,35,SP,351980,ICEM,1,0.35%,4,1.4%,196,68.53%,58,20.28%,18,6.29%,9,3.15%,286
SUDESTE,35,SP,351990,IEPE,5,1.81%,9,3.25%,179,64.62%,50,18.05%,20,7.22%,14,5.05%,277
SUDESTE,35,SP,352000,IGARACU DO TIETE,9,1.29%,19,2.72%,463,66.24%,123,17.6%,55,7.87%,30,4.29%,699
SUDESTE,35,SP,352010,IGARAPAVA,5,0.61%,9,1.1%,485,59.36%,182,22.28%,91,11.14%,45,5.51%,817
SUDESTE,35,SP,352020,IGARATA,1,0.18%,13,2.31%,355,63.17%,119,21.17%,50,8.9%,24,4.27%,562
SUDESTE,35,SP,352030,IGUAPE,11,0.88%,23,1.84%,750,60.14%,301,24.14%,107,8.58%,55,4.41%,1247
SUDESTE,35,SP,352040,ILHABELA,9,0.44%,27,1.31%,1305,63.44%,482,23.43%,174,8.46%,60,2.92%,2057
SUDESTE,35,SP,352042,ILHA COMPRIDA,5,0.71%,10,1.42%,483,68.41%,148,20.96%,44,6.23%,16,2.27%,706
SUDESTE,35,SP,352044,ILHA SOLTEIRA,2,0.26%,5,0.65%,456,59.3%,199,25.88%,79,10.27%,28,3.64%,769
SUDESTE,35,SP,352050,INDAIATUBA,37,0.58%,109,1.72%,4292,67.59%,1258,19.81%,438,6.9%,216,3.4%,6350
SUDESTE,35,SP,352060,INDIANA,4,1.58%,7,2.77%,173,68.38%,41,16.21%,17,6.72%,11,4.35%,253
SUDESTE,35,SP,352070,INDIAPORA,2,0.99%,1,0.49%,138,67.98%,32,15.76%,23,11.33%,7,3.45%,203
SUDESTE,35,SP,352080,INUBIA PAULISTA,4,2.45%,6,3.68%,94,57.67%,35,21.47%,11,6.75%,13,7.98%,163
SUDESTE,35,SP,352090,IPAUSSU,8,1.5%,14,2.62%,304,56.82%,122,22.8%,59,11.03%,28,5.23%,535
SUDESTE,35,SP,352100,IPERO,6,0.36%,23,1.37%,1119,66.57%,364,21.65%,112,6.66%,57,3.39%,1681
SUDESTE,35,SP,352110,IPEUNA,2,0.56%,5,1.4%,198,55.46%,96,26.89%,42,11.76%,14,3.92%,357
SUDESTE,35,SP,352115,IPIGUA,0,-,5,2.02%,145,58.47%,61,24.6%,27,10.89%,10,4.03%,248
SUDESTE,35,SP,352120,IPORANGA,0,-,7,3.02%,143,61.64%,49,21.12%,21,9.05%,12,5.17%,232
SUDESTE,35,SP,352130,IPUA,4,0.62%,15,2.32%,419,64.86%,128,19.81%,49,7.59%,31,4.8%,646
SUDESTE,35,SP,352140,IRACEMAPOLIS,4,0.61%,10,1.53%,368,56.44%,168,25.77%,64,9.82%,38,5.83%,652
SUDESTE,35,SP,352150,IRAPUA,2,0.46%,10,2.31%,297,68.59%,91,21.02%,21,4.85%,12,2.77%,433
SUDESTE,35,SP,352160,IRAPURU,1,0.51%,4,2.02%,116,58.59%,38,19.19%,22,11.11%,17,8.59%,198
SUDESTE,35,SP,352170,ITABERA,13,1.35%,28,2.9%,498,51.61%,220,22.8%,118,12.23%,88,9.12%,965
SUDESTE,35,SP,352180,ITAI,8,0.7%,30,2.64%,760,66.96%,231,20.35%,69,6.08%,37,3.26%,1135
SUDESTE,35,SP,352190,ITAJOBI,10,2.19%,10,2.19%,250,54.7%,109,23.85%,48,10.5%,30,6.56%,457
SUDESTE,35,SP,352200,ITAJU,2,0.97%,2,0.97%,114,55.34%,46,22.33%,26,12.62%,16,7.77%,206
SUDESTE,35,SP,352210,ITANHAEM,40,1.21%,68,2.06%,2150,65.01%,667,20.17%,237,7.17%,145,4.38%,3307
SUDESTE,35,SP,352215,ITAOCA,0,-,4,2.22%,117,65%,41,22.78%,12,6.67%,6,3.33%,180
SUDESTE,35,SP,352220,ITAPECERICA DA SERRA,157,2.8%,139,2.47%,3329,59.27%,1112,19.8%,517,9.2%,363,6.46%,5617
SUDESTE,35,SP,352230,ITAPETININGA,27,0.37%,94,1.28%,4704,63.9%,1586,21.55%,601,8.16%,349,4.74%,7361
SUDESTE,35,SP,352240,ITAPEVA,25,0.55%,69,1.51%,2742,59.91%,1093,23.88%,425,9.29%,223,4.87%,4577
SUDESTE,35,SP,352250,ITAPEVI,66,0.81%,196,2.41%,5662,69.53%,1430,17.56%,508,6.24%,281,3.45%,8143
SUDESTE,35,SP,352260,ITAPIRA,13,0.9%,31,2.14%,883,60.9%,331,22.83%,125,8.62%,67,4.62%,1450
SUDESTE,35,SP,352265,ITAPIRAPUA PAULISTA,4,1.22%,8,2.45%,172,52.6%,84,25.69%,34,10.4%,25,7.65%,327
SUDESTE,35,SP,352270,ITAPOLIS,5,0.37%,14,1.04%,874,64.98%,286,21.26%,108,8.03%,58,4.31%,1345
SUDESTE,35,SP,352280,ITAPORANGA,5,0.82%,13,2.13%,376,61.54%,132,21.6%,57,9.33%,28,4.58%,611
SUDESTE,35,SP,352290,ITAPUI,8,0.91%,15,1.7%,521,59%,189,21.4%,97,10.99%,53,6%,883
SUDESTE,35,SP,352300,ITAPURA,0,-,2,1.14%,110,62.86%,35,20%,19,10.86%,9,5.14%,175
SUDESTE,35,SP,352310,ITAQUAQUECETUBA,124,1.35%,253,2.76%,5551,60.46%,1849,20.14%,873,9.51%,532,5.79%,9182
SUDESTE,35,SP,352320,ITARARE,11,0.53%,37,1.8%,1308,63.5%,435,21.12%,168,8.16%,101,4.9%,2060
SUDESTE,35,SP,352330,ITARIRI,19,2.96%,22,3.43%,368,57.41%,132,20.59%,48,7.49%,52,8.11%,641
SUDESTE,35,SP,352340,ITATIBA,31,0.88%,68,1.93%,2283,64.88%,753,21.4%,246,6.99%,138,3.92%,3519
SUDESTE,35,SP,352350,ITATINGA,4,0.56%,15,2.09%,444,61.75%,157,21.84%,63,8.76%,36,5.01%,719
SUDESTE,35,SP,352360,ITIRAPINA,5,0.85%,15,2.54%,373,63.11%,119,20.14%,54,9.14%,25,4.23%,591
SUDESTE,35,SP,352370,ITIRAPUA,2,0.63%,0,-,221,69.5%,61,19.18%,25,7.86%,9,2.83%,318
SUDESTE,35,SP,352380,ITOBI,3,0.91%,7,2.12%,195,59.09%,78,23.64%,27,8.18%,20,6.06%,330
SUDESTE,35,SP,352390,ITU,61,0.91%,100,1.49%,4388,65.27%,1425,21.2%,513,7.63%,236,3.51%,6723
SUDESTE,35,SP,352400,ITUPEVA,5,0.9%,13,2.34%,382,68.83%,94,16.94%,35,6.31%,26,4.68%,555
SUDESTE,35,SP,352410,ITUVERAVA,6,0.51%,18,1.53%,754,64.12%,248,21.09%,83,7.06%,67,5.7%,1176
SUDESTE,35,SP,352420,JABORANDI,1,0.41%,5,2.05%,141,57.79%,57,23.36%,26,10.66%,14,5.74%,244
SUDESTE,35,SP,352430,JABOTICABAL,23,1.69%,43,3.16%,841,61.75%,271,19.9%,122,8.96%,62,4.55%,1362
SUDESTE,35,SP,352440,JACAREI,80,1.35%,125,2.11%,3879,65.39%,1157,19.5%,449,7.57%,242,4.08%,5932
SUDESTE,35,SP,352450,JACI,1,0.28%,3,0.84%,198,55.15%,101,28.13%,41,11.42%,15,4.18%,359
SUDESTE,35,SP,352460,JACUPIRANGA,11,1.3%,21,2.47%,552,65.02%,163,19.2%,68,8.01%,34,4%,849
SUDESTE,35,SP,352470,JAGUARIUNA,4,0.18%,39,1.8%,1517,69.94%,406,18.72%,141,6.5%,62,2.86%,2169
SUDESTE,35,SP,352480,JALES,29,2.18%,28,2.11%,842,63.4%,269,20.26%,103,7.76%,57,4.29%,1328
SUDESTE,35,SP,352490,JAMBEIRO,2,0.81%,4,1.63%,158,64.23%,45,18.29%,25,10.16%,12,4.88%,246
SUDESTE,35,SP,352500,JANDIRA,41,1.41%,54,1.86%,1699,58.51%,661,22.76%,296,10.19%,153,5.27%,2904
SUDESTE,35,SP,352510,JARDINOPOLIS,18,1.1%,24,1.46%,1060,64.52%,340,20.69%,127,7.73%,74,4.5%,1643
SUDESTE,35,SP,352520,JARINU,12,1.09%,42,3.83%,780,71.04%,169,15.39%,61,5.56%,34,3.1%,1098
SUDESTE,35,SP,352530,JAU,46,1.76%,68,2.6%,1648,63.07%,487,18.64%,224,8.57%,140,5.36%,2613
SUDESTE,35,SP,352540,JERIQUARA,0,-,3,1.61%,128,68.82%,32,17.2%,13,6.99%,10,5.38%,186
SUDESTE,35,SP,352550,JOANOPOLIS,3,0.57%,2,0.38%,357,68.13%,100,19.08%,42,8.02%,20,3.82%,524
SUDESTE,35,SP,352560,JOAO RAMALHO,2,1.07%,2,1.07%,119,63.64%,34,18.18%,14,7.49%,16,8.56%,187
SUDESTE,35,SP,352570,JOSE BONIFACIO,13,0.81%,30,1.87%,1025,63.82%,328,20.42%,145,9.03%,65,4.05%,1606
SUDESTE,35,SP,352580,JULIO MESQUITA,8,2.89%,4,1.44%,157,56.68%,50,18.05%,41,14.8%,17,6.14%,277
SUDESTE,35,SP,352585,JUMIRIM,0,-,2,1.02%,131,66.5%,39,19.8%,18,9.14%,7,3.55%,197
SUDESTE,35,SP,352590,JUNDIAI,101,0.9%,242,2.15%,7597,67.37%,2098,18.6%,781,6.93%,458,4.06%,11277
SUDESTE,35,SP,352600,JUNQUEIROPOLIS,11,1.21%,29,3.18%,598,65.64%,177,19.43%,54,5.93%,42,4.61%,911
SUDESTE,35,SP,352610,JUQUIA,4,0.48%,8,0.96%,566,68.19%,165,19.88%,62,7.47%,25,3.01%,830
SUDESTE,35,SP,352620,JUQUITIBA,17,1.41%,34,2.82%,741,61.54%,235,19.52%,99,8.22%,78,6.48%,1204
SUDESTE,35,SP,352630,LAGOINHA,4,1.75%,1,0.44%,149,65.07%,42,18.34%,20,8.73%,13,5.68%,229
SUDESTE,35,SP,352640,LARANJAL PAULISTA,6,0.56%,12,1.13%,612,57.63%,249,23.45%,106,9.98%,77,7.25%,1062
SUDESTE,35,SP,352650,LAVINIA,1,0.56%,3,1.67%,110,61.11%,42,23.33%,16,8.89%,8,4.44%,180
SUDESTE,35,SP,352660,LAVRINHAS,1,0.32%,4,1.28%,202,64.54%,75,23.96%,29,9.27%,2,0.64%,313
SUDESTE,35,SP,352670,LEME,30,0.98%,63,2.07%,1925,63.14%,650,21.32%,250,8.2%,131,4.3%,3049
SUDESTE,35,SP,352680,LENCOIS PAULISTA,23,0.84%,34,1.24%,1696,61.79%,614,22.37%,241,8.78%,137,4.99%,2745
SUDESTE,35,SP,352690,LIMEIRA,67,1.02%,150,2.28%,4222,64.21%,1341,20.4%,503,7.65%,292,4.44%,6575
SUDESTE,35,SP,352700,LINDOIA,6,8%,5,6.67%,39,52%,12,16%,10,13.33%,3,4%,75
SUDESTE,35,SP,352710,LINS,74,2.9%,98,3.84%,1693,66.34%,426,16.69%,171,6.7%,90,3.53%,2552
SUDESTE,35,SP,352720,LORENA,23,0.77%,72,2.43%,2044,68.87%,551,18.56%,178,6%,100,3.37%,2968
SUDESTE,35,SP,352725,LOURDES,0,-,2,2.22%,41,45.56%,23,25.56%,17,18.89%,7,7.78%,90
SUDESTE,35,SP,352730,LOUVEIRA,10,0.44%,29,1.27%,1638,71.53%,421,18.38%,144,6.29%,48,2.1%,2290
SUDESTE,35,SP,352740,LUCELIA,15,3.6%,35,8.39%,277,66.43%,64,15.35%,15,3.6%,11,2.64%,417
SUDESTE,35,SP,352750,LUCIANOPOLIS,2,1.63%,2,1.63%,81,65.85%,27,21.95%,7,5.69%,4,3.25%,123
SUDESTE,35,SP,352760,LUIS ANTONIO,6,0.92%,9,1.38%,460,70.77%,110,16.92%,51,7.85%,14,2.15%,650
SUDESTE,35,SP,352770,LUIZIANIA,4,1.34%,4,1.34%,164,55.03%,71,23.83%,32,10.74%,23,7.72%,298
SUDESTE,35,SP,352780,LUPERCIO,1,0.7%,0,-,86,60.56%,39,27.46%,11,7.75%,5,3.52%,142
SUDESTE,35,SP,352790,LUTECIA,1,0.79%,2,1.57%,82,64.57%,24,18.9%,10,7.87%,8,6.3%,127
SUDESTE,35,SP,352800,MACATUBA,6,1.12%,9,1.69%,348,65.17%,103,19.29%,40,7.49%,28,5.24%,534
SUDESTE,35,SP,352810,MACAUBAL,3,1.2%,5,1.99%,136,54.18%,63,25.1%,34,13.55%,10,3.98%,251
SUDESTE,35,SP,352820,MACEDONIA,2,1.08%,1,0.54%,125,67.57%,32,17.3%,12,6.49%,13,7.03%,185
SUDESTE,35,SP,352830,MAGDA,0,-,2,1.4%,99,69.23%,28,19.58%,11,7.69%,3,2.1%,143
SUDESTE,35,SP,352840,MAIRINQUE,14,0.73%,31,1.62%,1172,61.27%,463,24.2%,160,8.36%,73,3.82%,1913
SUDESTE,35,SP,352850,MAIRIPORA,43,1.32%,64,1.97%,2022,62.12%,663,20.37%,273,8.39%,190,5.84%,3255
SUDESTE,35,SP,352860,MANDURI,3,0.66%,2,0.44%,274,60.35%,103,22.69%,47,10.35%,25,5.51%,454
SUDESTE,35,SP,352870,MARABA PAULISTA,4,2.55%,4,2.55%,98,62.42%,31,19.75%,7,4.46%,13,8.28%,157
SUDESTE,35,SP,352880,MARACAI,5,0.98%,17,3.34%,348,68.37%,84,16.5%,34,6.68%,21,4.13%,509
SUDESTE,35,SP,352885,MARAPOAMA,0,-,1,0.88%,65,57.52%,18,15.93%,18,15.93%,11,9.73%,113
SUDESTE,35,SP,352890,MARIAPOLIS,1,0.7%,0,-,90,62.94%,28,19.58%,17,11.89%,7,4.9%,143
SUDESTE,35,SP,352900,MARILIA,57,0.93%,144,2.34%,4212,68.41%,1146,18.61%,404,6.56%,194,3.15%,6157
SUDESTE,35,SP,352910,MARINOPOLIS,1,1.01%,2,2.02%,55,55.56%,26,26.26%,9,9.09%,6,6.06%,99
SUDESTE,35,SP,352920,MARTINOPOLIS,15,1.42%,24,2.27%,698,66.1%,215,20.36%,79,7.48%,25,2.37%,1056
SUDESTE,35,SP,352930,MATAO,17,0.83%,37,1.81%,1330,64.94%,423,20.65%,151,7.37%,90,4.39%,2048
SUDESTE,35,SP,352940,MAUA,182,3.44%,201,3.8%,2980,56.31%,952,17.99%,504,9.52%,473,8.94%,5292
SUDESTE,35,SP,352950,MENDONCA,2,0.8%,4,1.59%,157,62.55%,49,19.52%,23,9.16%,16,6.37%,251
SUDESTE,35,SP,352960,MERIDIANO,3,1.68%,4,2.23%,113,63.13%,33,18.44%,15,8.38%,11,6.15%,179
SUDESTE,35,SP,352965,MESOPOLIS,1,0.78%,1,0.78%,81,63.28%,24,18.75%,12,9.38%,9,7.03%,128
SUDESTE,35,SP,352970,MIGUELOPOLIS,3,0.59%,12,2.36%,305,59.92%,100,19.65%,60,11.79%,29,5.7%,509
SUDESTE,35,SP,352980,MINEIROS DO TIETE,7,1.7%,6,1.46%,267,64.81%,84,20.39%,29,7.04%,19,4.61%,412
SUDESTE,35,SP,352990,MIRACATU,7,0.68%,10,0.97%,644,62.4%,221,21.41%,104,10.08%,46,4.46%,1032
SUDESTE,35,SP,353000,MIRA ESTRELA,0,-,2,1.29%,94,60.65%,37,23.87%,10,6.45%,12,7.74%,155
SUDESTE,35,SP,353010,MIRANDOPOLIS,7,1.38%,4,0.79%,332,65.35%,83,16.34%,61,12.01%,21,4.13%,508
SUDESTE,35,SP,353020,MIRANTE DO PARANAPANEMA,12,2%,17,2.83%,380,63.23%,113,18.8%,44,7.32%,35,5.82%,601
SUDESTE,35,SP,353030,MIRASSOL,25,1.45%,31,1.8%,978,56.89%,400,23.27%,188,10.94%,97,5.64%,1719
SUDESTE,35,SP,353040,MIRASSOLANDIA,0,-,3,1.65%,114,62.64%,39,21.43%,17,9.34%,9,4.95%,182
SUDESTE,35,SP,353050,MOCOCA,28,1.57%,41,2.3%,1157,64.93%,334,18.74%,126,7.07%,96,5.39%,1782
SUDESTE,35,SP,353060,MOGI DAS CRUZES,75,0.67%,213,1.9%,7439,66.38%,2287,20.41%,801,7.15%,392,3.5%,11207
SUDESTE,35,SP,353070,MOGI GUACU,46,0.98%,93,1.98%,3025,64.53%,944,20.14%,392,8.36%,188,4.01%,4688
SUDESTE,35,SP,353080,MOGI MIRIM,37,1.45%,68,2.67%,1690,66.43%,489,19.22%,165,6.49%,95,3.73%,2544
SUDESTE,35,SP,353090,MOMBUCA,3,1.78%,4,2.37%,99,58.58%,36,21.3%,20,11.83%,7,4.14%,169
SUDESTE,35,SP,353100,MONCOES,0,-,2,2.56%,45,57.69%,18,23.08%,7,8.97%,6,7.69%,78
SUDESTE,35,SP,353110,MONGAGUA,15,2.2%,18,2.64%,424,62.17%,126,18.48%,52,7.62%,47,6.89%,682
SUDESTE,35,SP,353120,MONTE ALEGRE DO SUL,3,1.95%,4,2.6%,97,62.99%,35,22.73%,5,3.25%,10,6.49%,154
SUDESTE,35,SP,353130,MONTE ALTO,15,0.98%,28,1.83%,948,61.96%,318,20.78%,151,9.87%,70,4.58%,1530
SUDESTE,35,SP,353140,MONTE APRAZIVEL,6,0.89%,16,2.37%,427,63.26%,137,20.3%,60,8.89%,29,4.3%,675
SUDESTE,35,SP,353150,MONTE AZUL PAULISTA,4,0.64%,12,1.92%,401,64.26%,123,19.71%,52,8.33%,32,5.13%,624
SUDESTE,35,SP,353160,MONTE CASTELO,1,0.5%,7,3.5%,118,59%,41,20.5%,19,9.5%,14,7%,200
SUDESTE,35,SP,353170,MONTEIRO LOBATO,0,-,5,2.29%,147,67.43%,44,20.18%,17,7.8%,5,2.29%,218
SUDESTE,35,SP,353180,MONTE MOR,22,1%,50,2.27%,1486,67.51%,407,18.49%,149,6.77%,87,3.95%,2201
SUDESTE,35,SP,353190,MORRO AGUDO,10,0.88%,18,1.58%,696,61.11%,236,20.72%,113,9.92%,66,5.79%,1139
SUDESTE,35,SP,353200,MORUNGABA,9,1.4%,17,2.65%,346,53.98%,157,24.49%,81,12.64%,31,4.84%,641
SUDESTE,35,SP,353205,MOTUCA,3,3.9%,2,2.6%,50,64.94%,17,22.08%,3,3.9%,2,2.6%,77
SUDESTE,35,SP,353210,MURUTINGA DO SUL,2,1.32%,0,-,84,55.26%,34,22.37%,23,15.13%,9,5.92%,152
SUDESTE,35,SP,353215,NANTES,1,0.81%,2,1.61%,74,59.68%,29,23.39%,13,10.48%,5,4.03%,124
SUDESTE,35,SP,353220,NARANDIBA,6,2%,1,0.33%,199,66.33%,58,19.33%,25,8.33%,11,3.67%,300
SUDESTE,35,SP,353230,NATIVIDADE DA SERRA,1,0.47%,2,0.93%,138,64.19%,43,20%,18,8.37%,13,6.05%,215
SUDESTE,35,SP,353240,NAZARE PAULISTA,6,0.85%,8,1.13%,465,65.96%,148,20.99%,51,7.23%,27,3.83%,705
SUDESTE,35,SP,353250,NEVES PAULISTA,2,1.71%,3,2.56%,67,57.26%,23,19.66%,18,15.38%,4,3.42%,117
SUDESTE,35,SP,353260,NHANDEARA,1,0.34%,6,2.04%,206,70.07%,53,18.03%,12,4.08%,16,5.44%,294
SUDESTE,35,SP,353270,NIPOA,3,1.03%,2,0.69%,162,55.67%,85,29.21%,28,9.62%,11,3.78%,291
SUDESTE,35,SP,353280,NOVA ALIANCA,1,0.29%,6,1.75%,204,59.65%,76,22.22%,35,10.23%,20,5.85%,342
SUDESTE,35,SP,353282,NOVA CAMPINA,3,0.53%,13,2.31%,365,64.83%,102,18.12%,54,9.59%,26,4.62%,563
SUDESTE,35,SP,353284,NOVA CANAA PAULISTA,0,-,1,1.23%,57,70.37%,16,19.75%,3,3.7%,4,4.94%,81
SUDESTE,35,SP,353286,NOVA CASTILHO,0,-,0,-,32,53.33%,17,28.33%,8,13.33%,3,5%,60
SUDESTE,35,SP,353290,NOVA EUROPA,4,0.89%,6,1.33%,295,65.56%,87,19.33%,40,8.89%,18,4%,450
SUDESTE,35,SP,353300,NOVA GRANADA,2,0.36%,12,2.13%,337,59.86%,127,22.56%,61,10.83%,24,4.26%,563
SUDESTE,35,SP,353310,NOVA GUATAPORANGA,0,-,2,2.13%,48,51.06%,22,23.4%,17,18.09%,5,5.32%,94
SUDESTE,35,SP,353320,NOVA INDEPENDENCIA,3,1.09%,6,2.18%,168,61.09%,67,24.36%,15,5.45%,16,5.82%,275
SUDESTE,35,SP,353325,NOVAIS,0,-,6,3.16%,106,55.79%,48,25.26%,9,4.74%,21,11.05%,190
SUDESTE,35,SP,353330,NOVA LUZITANIA,2,2.25%,2,2.25%,47,52.81%,25,28.09%,7,7.87%,6,6.74%,89
SUDESTE,35,SP,353340,NOVA ODESSA,13,1.22%,27,2.53%,664,62.23%,219,20.52%,91,8.53%,53,4.97%,1067
SUDESTE,35,SP,353350,NOVO HORIZONTE,9,1.02%,23,2.61%,541,61.34%,189,21.43%,77,8.73%,43,4.88%,882
SUDESTE,35,SP,353360,NUPORANGA,0,-,3,0.84%,202,56.27%,91,25.35%,43,11.98%,20,5.57%,359
SUDESTE,35,SP,353370,OCAUCU,3,1.56%,3,1.56%,121,63.02%,44,22.92%,15,7.81%,6,3.13%,192
SUDESTE,35,SP,353380,OLEO,1,0.74%,3,2.21%,93,68.38%,23,16.91%,10,7.35%,6,4.41%,136
SUDESTE,35,SP,353390,OLIMPIA,13,0.86%,37,2.44%,991,65.41%,296,19.54%,99,6.53%,79,5.21%,1515
SUDESTE,35,SP,353400,ONDA VERDE,3,1.4%,3,1.4%,142,66.05%,43,20%,21,9.77%,3,1.4%,215
SUDESTE,35,SP,353410,ORIENTE,0,-,1,0.46%,141,64.38%,47,21.46%,19,8.68%,11,5.02%,219
SUDESTE,35,SP,353420,ORINDIUVA,1,0.3%,1,0.3%,184,55.59%,84,25.38%,37,11.18%,24,7.25%,331
SUDESTE,35,SP,353430,ORLANDIA,4,0.46%,18,2.06%,583,66.78%,179,20.5%,56,6.41%,33,3.78%,873
SUDESTE,35,SP,353440,OSASCO,185,0.88%,391,1.87%,12813,61.2%,4588,21.91%,1887,9.01%,1073,5.12%,20937
SUDESTE,35,SP,353450,OSCAR BRESSANE,1,1.06%,0,-,60,63.83%,16,17.02%,14,14.89%,3,3.19%,94
SUDESTE,35,SP,353460,OSVALDO CRUZ,15,4.18%,16,4.46%,198,55.15%,76,21.17%,29,8.08%,25,6.96%,359
SUDESTE,35,SP,353470,OURINHOS,33,0.85%,67,1.73%,2426,62.62%,849,21.92%,307,7.92%,192,4.96%,3874
SUDESTE,35,SP,353475,OUROESTE,1,0.25%,10,2.46%,270,66.34%,81,19.9%,33,8.11%,12,2.95%,407
SUDESTE,35,SP,353480,OURO VERDE,4,0.94%,7,1.65%,245,57.65%,108,25.41%,38,8.94%,23,5.41%,425
SUDESTE,35,SP,353490,PACAEMBU,2,0.67%,1,0.34%,170,57.05%,80,26.85%,27,9.06%,18,6.04%,298
SUDESTE,35,SP,353500,PALESTINA,7,1.37%,13,2.55%,321,62.94%,104,20.39%,36,7.06%,29,5.69%,510
SUDESTE,35,SP,353510,PALMARES PAULISTA,6,2%,10,3.33%,196,65.33%,52,17.33%,21,7%,15,5%,300
SUDESTE,35,SP,353520,PALMEIRA D'OESTE,2,0.58%,5,1.45%,219,63.29%,74,21.39%,37,10.69%,9,2.6%,346
SUDESTE,35,SP,353530,PALMITAL,11,1.4%,16,2.04%,486,61.99%,173,22.07%,67,8.55%,31,3.95%,784
SUDESTE,35,SP,353540,PANORAMA,3,0.45%,4,0.6%,412,62.14%,161,24.28%,53,7.99%,30,4.52%,663
SUDESTE,35,SP,353550,PARAGUACU PAULISTA,20,1.19%,40,2.39%,1096,65.43%,318,18.99%,124,7.4%,77,4.6%,1675
SUDESTE,35,SP,353560,PARAIBUNA,4,0.46%,11,1.28%,521,60.51%,200,23.23%,80,9.29%,45,5.23%,861
SUDESTE,35,SP,353570,PARAISO,4,1.78%,2,0.89%,137,60.89%,47,20.89%,22,9.78%,13,5.78%,225
SUDESTE,35,SP,353580,PARANAPANEMA,7,0.72%,20,2.06%,643,66.22%,190,19.57%,66,6.8%,45,4.63%,971
SUDESTE,35,SP,353590,PARANAPUA,2,0.85%,4,1.7%,145,61.7%,46,19.57%,22,9.36%,16,6.81%,235
SUDESTE,35,SP,353600,PARAPUA,1,0.32%,10,3.19%,197,62.94%,60,19.17%,29,9.27%,16,5.11%,313
SUDESTE,35,SP,353610,PARDINHO,0,-,10,2.66%,255,67.82%,75,19.95%,21,5.59%,15,3.99%,376
SUDESTE,35,SP,353620,PARIQUERA-ACU,5,0.5%,16,1.59%,655,65.17%,192,19.1%,83,8.26%,54,5.37%,1005
SUDESTE,35,SP,353625,PARISI,0,-,2,1.18%,105,62.13%,42,24.85%,9,5.33%,11,6.51%,169
SUDESTE,35,SP,353630,PATROCINIO PAULISTA,7,1.14%,12,1.96%,340,55.56%,138,22.55%,61,9.97%,54,8.82%,612
SUDESTE,35,SP,353640,PAULICEIA,9,1.71%,7,1.33%,318,60.46%,126,23.95%,42,7.98%,24,4.56%,526
SUDESTE,35,SP,353650,PAULINIA,33,2.05%,38,2.36%,1097,68.05%,298,18.49%,92,5.71%,54,3.35%,1612
SUDESTE,35,SP,353657,PAULISTANIA,3,2.04%,3,2.04%,89,60.54%,30,20.41%,15,10.2%,7,4.76%,147
SUDESTE,35,SP,353660,PAULO DE FARIA,6,1.94%,4,1.29%,160,51.78%,65,21.04%,48,15.53%,26,8.41%,309
SUDESTE,35,SP,353670,PEDERNEIRAS,10,0.72%,47,3.38%,917,66.02%,259,18.65%,94,6.77%,62,4.46%,1389
SUDESTE,35,SP,353680,PEDRA BELA,0,-,6,3.8%,106,67.09%,26,16.46%,14,8.86%,6,3.8%,158
SUDESTE,35,SP,353690,PEDRANOPOLIS,1,0.89%,5,4.46%,71,63.39%,19,16.96%,9,8.04%,7,6.25%,112
SUDESTE,35,SP,353700,PEDREGULHO,4,0.52%,24,3.13%,526,68.58%,139,18.12%,51,6.65%,23,3%,767
SUDESTE,35,SP,353710,PEDREIRA,28,1.86%,24,1.59%,874,58%,349,23.16%,140,9.29%,92,6.1%,1507
SUDESTE,35,SP,353715,PEDRINHAS PAULISTA,0,-,4,3.81%,61,58.1%,24,22.86%,8,7.62%,8,7.62%,105
SUDESTE,35,SP,353720,PEDRO DE TOLEDO,6,1.38%,15,3.44%,259,59.4%,74,16.97%,45,10.32%,37,8.49%,436
SUDESTE,35,SP,353730,PENAPOLIS,12,0.51%,36,1.53%,1465,62.39%,527,22.44%,207,8.82%,101,4.3%,2348
SUDESTE,35,SP,353740,PEREIRA BARRETO,15,3.57%,9,2.14%,246,58.57%,84,20%,41,9.76%,25,5.95%,420
SUDESTE,35,SP,353750,PEREIRAS,1,0.25%,8,2.02%,273,68.77%,75,18.89%,27,6.8%,13,3.27%,397
SUDESTE,35,SP,353760,PERUIBE,20,0.76%,47,1.78%,1608,61%,588,22.31%,252,9.56%,121,4.59%,2636
SUDESTE,35,SP,353770,PIACATU,2,0.94%,2,0.94%,116,54.46%,59,27.7%,20,9.39%,14,6.57%,213
SUDESTE,35,SP,353780,PIEDADE,11,0.42%,24,0.93%,1606,62.01%,624,24.09%,235,9.07%,90,3.47%,2590
SUDESTE,35,SP,353790,PILAR DO SUL,9,0.73%,21,1.7%,760,61.54%,300,24.29%,99,8.02%,46,3.72%,1235
SUDESTE,35,SP,353800,PINDAMONHANGABA,53,0.82%,101,1.56%,4161,64.31%,1408,21.76%,490,7.57%,257,3.97%,6470
SUDESTE,35,SP,353810,PINDORAMA,1,0.24%,9,2.12%,275,64.71%,79,18.59%,45,10.59%,16,3.76%,425
SUDESTE,35,SP,353820,PINHALZINHO,7,1%,14,2%,460,65.81%,138,19.74%,47,6.72%,33,4.72%,699
SUDESTE,35,SP,353830,PIQUEROBI,1,0.57%,5,2.84%,110,62.5%,42,23.86%,10,5.68%,8,4.55%,176
SUDESTE,35,SP,353850,PIQUETE,6,1.8%,11,3.29%,210,62.87%,67,20.06%,18,5.39%,22,6.59%,334
SUDESTE,35,SP,353860,PIRACAIA,14,1.09%,19,1.48%,851,66.07%,264,20.5%,101,7.84%,39,3.03%,1288
SUDESTE,35,SP,353870,PIRACICABA,183,1.35%,249,1.84%,8839,65.18%,2820,20.8%,976,7.2%,493,3.64%,13560
SUDESTE,35,SP,353880,PIRAJU,10,0.8%,29,2.33%,754,60.51%,251,20.14%,126,10.11%,76,6.1%,1246
SUDESTE,35,SP,353890,PIRAJUI,22,3.32%,11,1.66%,421,63.6%,117,17.67%,52,7.85%,39,5.89%,662
SUDESTE,35,SP,353900,PIRANGI,4,1.22%,5,1.53%,207,63.3%,63,19.27%,27,8.26%,21,6.42%,327
SUDESTE,35,SP,353910,PIRAPORA DO BOM JESUS,8,1.08%,12,1.62%,399,53.92%,180,24.32%,93,12.57%,48,6.49%,740
SUDESTE,35,SP,353920,PIRAPOZINHO,8,0.93%,17,1.97%,576,66.9%,167,19.4%,66,7.67%,27,3.14%,861
SUDESTE,35,SP,353930,PIRASSUNUNGA,44,2.69%,71,4.34%,1027,62.78%,272,16.63%,121,7.4%,101,6.17%,1636
SUDESTE,35,SP,353940,PIRATININGA,5,0.81%,9,1.47%,390,63.52%,152,24.76%,35,5.7%,23,3.75%,614
SUDESTE,35,SP,353950,PITANGUEIRAS,16,1.2%,38,2.85%,801,60.09%,280,21.01%,124,9.3%,74,5.55%,1333
SUDESTE,35,SP,353960,PLANALTO,1,0.48%,2,0.96%,126,60.29%,41,19.62%,24,11.48%,15,7.18%,209
SUDESTE,35,SP,353970,PLATINA,4,2.11%,5,2.63%,102,53.68%,45,23.68%,24,12.63%,10,5.26%,190
SUDESTE,35,SP,353980,POA,32,0.87%,43,1.17%,2155,58.61%,877,23.85%,361,9.82%,209,5.68%,3677
SUDESTE,35,SP,353990,POLONI,1,0.46%,3,1.39%,120,55.56%,54,25%,20,9.26%,18,8.33%,216
SUDESTE,35,SP,354000,POMPEIA,5,1.09%,10,2.17%,303,65.87%,83,18.04%,36,7.83%,23,5%,460
SUDESTE,35,SP,354010,PONGAI,0,-,4,3.28%,66,54.1%,32,26.23%,12,9.84%,8,6.56%,122
SUDESTE,35,SP,354020,PONTAL,18,1.41%,26,2.03%,811,63.31%,277,21.62%,93,7.26%,56,4.37%,1281
SUDESTE,35,SP,354025,PONTALINDA,1,0.41%,4,1.64%,154,63.11%,51,20.9%,26,10.66%,8,3.28%,244
SUDESTE,35,SP,354030,PONTES GESTAL,4,3.31%,2,1.65%,71,58.68%,30,24.79%,9,7.44%,5,4.13%,121
SUDESTE,35,SP,354040,POPULINA,3,2%,4,2.67%,87,58%,35,23.33%,16,10.67%,5,3.33%,150
SUDESTE,35,SP,354050,PORANGABA,0,-,4,1.56%,135,52.53%,67,26.07%,26,10.12%,25,9.73%,257
SUDESTE,35,SP,354060,PORTO FELIZ,12,0.59%,22,1.07%,1226,59.78%,493,24.04%,198,9.65%,100,4.88%,2051
SUDESTE,35,SP,354070,PORTO FERREIRA,12,0.76%,21,1.32%,987,62.15%,367,23.11%,152,9.57%,49,3.09%,1588
SUDESTE,35,SP,354075,POTIM,5,0.64%,21,2.7%,506,64.96%,153,19.64%,58,7.45%,36,4.62%,779
SUDESTE,35,SP,354080,POTIRENDABA,3,0.42%,16,2.23%,501,69.78%,121,16.85%,50,6.96%,27,3.76%,718
SUDESTE,35,SP,354085,PRACINHA,1,1.05%,2,2.11%,61,64.21%,10,10.53%,10,10.53%,11,11.58%,95
SUDESTE,35,SP,354090,PRADOPOLIS,4,0.67%,7,1.18%,396,66.55%,119,20%,42,7.06%,27,4.54%,595
SUDESTE,35,SP,354100,PRAIA GRANDE,117,0.91%,216,1.68%,8415,65.51%,2664,20.74%,942,7.33%,492,3.83%,12846
SUDESTE,35,SP,354105,PRATANIA,1,0.26%,5,1.31%,246,64.4%,66,17.28%,38,9.95%,26,6.81%,382
SUDESTE,35,SP,354110,PRESIDENTE ALVES,1,0.67%,3,2%,71,47.33%,44,29.33%,14,9.33%,17,11.33%,150
SUDESTE,35,SP,354120,PRESIDENTE BERNARDES,2,0.58%,2,0.58%,211,60.81%,91,26.22%,29,8.36%,12,3.46%,347
SUDESTE,35,SP,354130,PRESIDENTE EPITACIO,10,0.96%,43,4.14%,691,66.57%,194,18.69%,57,5.49%,43,4.14%,1038
SUDESTE,35,SP,354140,PRESIDENTE PRUDENTE,39,1.04%,101,2.68%,2565,68.13%,634,16.84%,265,7.04%,161,4.28%,3765
SUDESTE,35,SP,354150,PRESIDENTE VENCESLAU,8,1.03%,11,1.42%,457,58.82%,180,23.17%,80,10.3%,41,5.28%,777
SUDESTE,35,SP,354160,PROMISSAO,106,7.08%,120,8.01%,867,57.88%,262,17.49%,91,6.07%,52,3.47%,1498
SUDESTE,35,SP,354165,QUADRA,1,0.55%,5,2.76%,102,56.35%,28,15.47%,20,11.05%,25,13.81%,181
SUDESTE,35,SP,354170,QUATA,2,0.47%,3,0.7%,280,65.27%,94,21.91%,32,7.46%,18,4.2%,429
SUDESTE,35,SP,354180,QUEIROZ,1,0.42%,3,1.27%,100,42.37%,57,24.15%,38,16.1%,37,15.68%,236
SUDESTE,35,SP,354190,QUELUZ,8,2.13%,10,2.66%,228,60.64%,69,18.35%,39,10.37%,22,5.85%,376
SUDESTE,35,SP,354200,QUINTANA,17,4.89%,7,2.01%,190,54.6%,57,16.38%,42,12.07%,35,10.06%,348
SUDESTE,35,SP,354210,RAFARD,3,0.86%,6,1.72%,201,57.59%,82,23.5%,37,10.6%,20,5.73%,349
SUDESTE,35,SP,354220,RANCHARIA,3,0.25%,16,1.36%,729,61.83%,265,22.48%,103,8.74%,63,5.34%,1179
SUDESTE,35,SP,354230,REDENCAO DA SERRA,4,1.76%,3,1.32%,169,74.45%,34,14.98%,11,4.85%,6,2.64%,227
SUDESTE,35,SP,354240,REGENTE FEIJO,4,0.43%,14,1.52%,621,67.43%,201,21.82%,54,5.86%,27,2.93%,921
SUDESTE,35,SP,354250,REGINOPOLIS,1,0.37%,5,1.85%,173,64.07%,63,23.33%,18,6.67%,10,3.7%,270
SUDESTE,35,SP,354260,REGISTRO,10,0.37%,33,1.23%,1702,63.32%,601,22.36%,249,9.26%,93,3.46%,2688
SUDESTE,35,SP,354270,RESTINGA,9,1.99%,8,1.77%,312,69.03%,80,17.7%,26,5.75%,17,3.76%,452
SUDESTE,35,SP,354280,RIBEIRA,2,0.96%,3,1.44%,106,50.72%,51,24.4%,27,12.92%,20,9.57%,209
SUDESTE,35,SP,354290,RIBEIRAO BONITO,3,1.52%,6,3.05%,124,62.94%,38,19.29%,14,7.11%,12,6.09%,197
SUDESTE,35,SP,354300,RIBEIRAO BRANCO,18,1.32%,28,2.06%,782,57.54%,312,22.96%,131,9.64%,88,6.48%,1359
SUDESTE,35,SP,354310,RIBEIRAO CORRENTE,5,3.21%,6,3.85%,108,69.23%,22,14.1%,6,3.85%,9,5.77%,156
SUDESTE,35,SP,354320,RIBEIRAO DO SUL,6,3.85%,9,5.77%,95,60.9%,31,19.87%,11,7.05%,4,2.56%,156
SUDESTE,35,SP,354323,RIBEIRAO DOS INDIOS,1,1.19%,0,-,38,45.24%,25,29.76%,15,17.86%,5,5.95%,84
SUDESTE,35,SP,354325,RIBEIRAO GRANDE,16,4.61%,13,3.75%,177,51.01%,71,20.46%,48,13.83%,22,6.34%,347
SUDESTE,35,SP,354330,RIBEIRAO PIRES,18,0.71%,34,1.35%,1466,58.06%,549,21.74%,264,10.46%,194,7.68%,2525
SUDESTE,35,SP,354340,RIBEIRAO PRETO,147,0.75%,374,1.9%,13078,66.29%,4043,20.49%,1443,7.31%,644,3.26%,19729
SUDESTE,35,SP,354350,RIVERSUL,0,-,5,1.47%,210,61.95%,77,22.71%,35,10.32%,12,3.54%,339
SUDESTE,35,SP,354360,RIFAINA,1,1.56%,2,3.13%,44,68.75%,11,17.19%,4,6.25%,2,3.13%,64
SUDESTE,35,SP,354370,RINCAO,2,0.61%,7,2.14%,204,62.39%,68,20.8%,31,9.48%,15,4.59%,327
SUDESTE,35,SP,354380,RINOPOLIS,1,1.75%,1,1.75%,37,64.91%,10,17.54%,2,3.51%,6,10.53%,57
SUDESTE,35,SP,354390,RIO CLARO,62,1.41%,104,2.37%,2834,64.67%,868,19.81%,347,7.92%,167,3.81%,4382
SUDESTE,35,SP,354400,RIO DAS PEDRAS,2,0.24%,9,1.07%,538,63.67%,184,21.78%,80,9.47%,32,3.79%,845
SUDESTE,35,SP,354410,RIO GRANDE DA SERRA,20,2.03%,28,2.85%,603,61.34%,186,18.92%,83,8.44%,63,6.41%,983
SUDESTE,35,SP,354420,RIOLANDIA,3,0.67%,5,1.11%,267,59.33%,99,22%,48,10.67%,28,6.22%,450
SUDESTE,35,SP,354425,ROSANA,3,0.4%,11,1.46%,490,64.81%,163,21.56%,56,7.41%,33,4.37%,756
SUDESTE,35,SP,354430,ROSEIRA,3,1.09%,6,2.18%,173,62.91%,47,17.09%,29,10.55%,17,6.18%,275
SUDESTE,35,SP,354440,RUBIACEA,2,1.63%,0,-,70,56.91%,27,21.95%,12,9.76%,12,9.76%,123
SUDESTE,35,SP,354450,RUBINEIA,1,0.57%,1,0.57%,121,69.14%,36,20.57%,11,6.29%,5,2.86%,175
SUDESTE,35,SP,354460,SABINO,3,5.56%,2,3.7%,25,46.3%,10,18.52%,5,9.26%,9,16.67%,54
SUDESTE,35,SP,354470,SAGRES,1,0.8%,0,-,60,48%,40,32%,14,11.2%,10,8%,125
SUDESTE,35,SP,354480,SALES,3,1.6%,4,2.14%,103,55.08%,45,24.06%,22,11.76%,10,5.35%,187
SUDESTE,35,SP,354490,SALES OLIVEIRA,3,0.66%,2,0.44%,235,51.31%,133,29.04%,56,12.23%,29,6.33%,458
SUDESTE,35,SP,354500,SALESOPOLIS,4,1%,13,3.24%,259,64.59%,81,20.2%,23,5.74%,21,5.24%,401
SUDESTE,35,SP,354510,SALMOURAO,0,-,8,5.33%,103,68.67%,27,18%,10,6.67%,2,1.33%,150
SUDESTE,35,SP,354515,SALTINHO,3,0.81%,20,5.38%,242,65.05%,56,15.05%,32,8.6%,19,5.11%,372
SUDESTE,35,SP,354520,SALTO,33,1.08%,85,2.79%,2080,68.31%,523,17.18%,225,7.39%,99,3.25%,3045
SUDESTE,35,SP,354530,SALTO DE PIRAPORA,14,0.91%,20,1.3%,954,62.11%,359,23.37%,127,8.27%,62,4.04%,1536
SUDESTE,35,SP,354540,SALTO GRANDE,6,1.65%,10,2.75%,229,62.91%,80,21.98%,23,6.32%,16,4.4%,364
SUDESTE,35,SP,354550,SANDOVALINA,3,1.67%,3,1.67%,110,61.11%,39,21.67%,20,11.11%,5,2.78%,180
SUDESTE,35,SP,354560,SANTA ADELIA,11,2.54%,18,4.16%,235,54.27%,93,21.48%,45,10.39%,31,7.16%,433
SUDESTE,35,SP,354570,SANTA ALBERTINA,2,0.79%,3,1.19%,160,63.49%,51,20.24%,25,9.92%,11,4.37%,252
SUDESTE,35,SP,354580,SANTA BARBARA D'OESTE,20,0.37%,75,1.39%,3529,65.26%,1137,21.02%,422,7.8%,225,4.16%,5408
SUDESTE,35,SP,354600,SANTA BRANCA,0,-,13,2.65%,349,71.22%,90,18.37%,24,4.9%,14,2.86%,490
SUDESTE,35,SP,354610,SANTA CLARA D'OESTE,1,0.73%,4,2.92%,100,72.99%,23,16.79%,8,5.84%,1,0.73%,137
SUDESTE,35,SP,354620,SANTA CRUZ DA CONCEICAO,0,-,5,2.91%,113,65.7%,36,20.93%,8,4.65%,10,5.81%,172
SUDESTE,35,SP,354625,SANTA CRUZ DA ESPERANCA,0,-,0,-,76,71.03%,20,18.69%,6,5.61%,5,4.67%,107
SUDESTE,35,SP,354630,SANTA CRUZ DAS PALMEIRAS,5,0.45%,29,2.6%,712,63.91%,232,20.83%,91,8.17%,45,4.04%,1114
SUDESTE,35,SP,354640,SANTA CRUZ DO RIO PARDO,24,1.22%,39,1.98%,1151,58.55%,442,22.48%,198,10.07%,112,5.7%,1966
SUDESTE,35,SP,354650,SANTA ERNESTINA,2,0.96%,7,3.35%,144,68.9%,38,18.18%,11,5.26%,7,3.35%,209
SUDESTE,35,SP,354660,SANTA FE DO SUL,2,0.4%,13,2.59%,318,63.35%,98,19.52%,43,8.57%,28,5.58%,502
SUDESTE,35,SP,354670,SANTA GERTRUDES,8,0.92%,6,0.69%,575,66.4%,174,20.09%,70,8.08%,33,3.81%,866
SUDESTE,35,SP,354680,SANTA ISABEL,7,0.4%,31,1.77%,1124,64.12%,365,20.82%,163,9.3%,63,3.59%,1753
SUDESTE,35,SP,354690,SANTA LUCIA,2,0.64%,4,1.29%,185,59.49%,75,24.12%,32,10.29%,13,4.18%,311
SUDESTE,35,SP,354700,SANTA MARIA DA SERRA,2,0.74%,5,1.85%,144,53.33%,77,28.52%,28,10.37%,14,5.19%,270
SUDESTE,35,SP,354710,SANTA MERCEDES,1,0.51%,3,1.52%,123,62.12%,36,18.18%,23,11.62%,12,6.06%,198
SUDESTE,35,SP,354720,SANTANA DA PONTE PENSA,1,1.43%,3,4.29%,41,58.57%,13,18.57%,8,11.43%,4,5.71%,70
SUDESTE,35,SP,354730,SANTANA DE PARNAIBA,43,0.59%,111,1.53%,4766,65.81%,1555,21.47%,543,7.5%,224,3.09%,7242
SUDESTE,35,SP,354740,SANTA RITA D'OESTE,0,-,0,-,83,70.34%,19,16.1%,12,10.17%,4,3.39%,118
SUDESTE,35,SP,354750,SANTA RITA DO PASSA QUATRO,4,0.56%,11,1.54%,446,62.46%,170,23.81%,53,7.42%,30,4.2%,714
SUDESTE,35,SP,354760,SANTA ROSA DE VITERBO,6,0.75%,8,1%,450,55.97%,210,26.12%,88,10.95%,42,5.22%,804
SUDESTE,35,SP,354765,SANTA SALETE,1,1.04%,1,1.04%,52,54.17%,25,26.04%,10,10.42%,7,7.29%,96
SUDESTE,35,SP,354770,SANTO ANASTACIO,11,1.81%,21,3.45%,407,66.94%,93,15.3%,50,8.22%,26,4.28%,608
SUDESTE,35,SP,354780,SANTO ANDRE,155,2.44%,205,3.22%,3745,58.85%,1243,19.53%,624,9.81%,392,6.16%,6364
SUDESTE,35,SP,354790,SANTO ANTONIO DA ALEGRIA,1,0.28%,7,1.94%,224,62.22%,84,23.33%,30,8.33%,14,3.89%,360
SUDESTE,35,SP,354800,SANTO ANTONIO DE POSSE,12,1.09%,28,2.53%,695,62.9%,230,20.81%,98,8.87%,42,3.8%,1105
SUDESTE,35,SP,354805,SANTO ANTONIO DO ARACANGUA,8,2.56%,2,0.64%,183,58.47%,75,23.96%,24,7.67%,21,6.71%,313
SUDESTE,35,SP,354810,SANTO ANTONIO DO JARDIM,2,1.4%,1,0.7%,97,67.83%,26,18.18%,12,8.39%,5,3.5%,143
SUDESTE,35,SP,354820,SANTO ANTONIO DO PINHAL,6,1.69%,6,1.69%,243,68.64%,63,17.8%,27,7.63%,9,2.54%,354
SUDESTE,35,SP,354830,SANTO EXPEDITO,0,-,1,0.67%,81,54%,42,28%,20,13.33%,6,4%,150
SUDESTE,35,SP,354840,SANTOPOLIS DO AGUAPEI,3,1.35%,2,0.9%,97,43.5%,58,26.01%,36,16.14%,27,12.11%,223
SUDESTE,35,SP,354850,SANTOS,95,1.18%,151,1.88%,5249,65.23%,1691,21.01%,558,6.93%,303,3.77%,8047
SUDESTE,35,SP,354860,SAO BENTO DO SAPUCAI,2,0.51%,9,2.29%,270,68.7%,73,18.58%,27,6.87%,12,3.05%,393
SUDESTE,35,SP,354870,SAO BERNARDO DO CAMPO,390,2.03%,513,2.67%,11775,61.33%,3738,19.47%,1641,8.55%,1143,5.95%,19200
SUDESTE,35,SP,354880,SAO CAETANO DO SUL,38,1.17%,55,1.69%,1986,61.11%,729,22.43%,308,9.48%,134,4.12%,3250
SUDESTE,35,SP,354890,SAO CARLOS,27,0.54%,95,1.91%,3357,67.45%,956,19.21%,358,7.19%,184,3.7%,4977
SUDESTE,35,SP,354900,SAO FRANCISCO,0,-,5,4.07%,88,71.54%,20,16.26%,5,4.07%,5,4.07%,123
SUDESTE,35,SP,354910,SAO JOAO DA BOA VISTA,41,1.6%,76,2.96%,1692,65.96%,489,19.06%,166,6.47%,101,3.94%,2565
SUDESTE,35,SP,354920,SAO JOAO DAS DUAS PONTES,2,1.75%,2,1.75%,79,69.3%,17,14.91%,6,5.26%,8,7.02%,114
SUDESTE,35,SP,354925,SAO JOAO DE IRACEMA,0,-,3,3.45%,59,67.82%,11,12.64%,9,10.34%,5,5.75%,87
SUDESTE,35,SP,354930,SAO JOAO DO PAU D'ALHO,0,-,0,-,59,69.41%,21,24.71%,2,2.35%,3,3.53%,85
SUDESTE,35,SP,354940,SAO JOAQUIM DA BARRA,22,1.61%,33,2.42%,789,57.89%,295,21.64%,134,9.83%,90,6.6%,1363
SUDESTE,35,SP,354950,SAO JOSE DA BELA VISTA,3,0.9%,5,1.49%,214,63.88%,64,19.1%,33,9.85%,16,4.78%,335
SUDESTE,35,SP,354960,SAO JOSE DO BARREIRO,2,1.46%,4,2.92%,79,57.66%,32,23.36%,14,10.22%,6,4.38%,137
SUDESTE,35,SP,354970,SAO JOSE DO RIO PARDO,12,0.71%,41,2.44%,1207,71.85%,260,15.48%,103,6.13%,57,3.39%,1680
SUDESTE,35,SP,354980,SAO JOSE DO RIO PRETO,176,1.31%,259,1.92%,8955,66.48%,2586,19.2%,956,7.1%,538,3.99%,13470
SUDESTE,35,SP,354990,SAO JOSE DOS CAMPOS,596,2.7%,526,2.38%,14341,64.96%,4220,19.11%,1550,7.02%,844,3.82%,22077
SUDESTE,35,SP,354995,SAO LOURENCO DA SERRA,4,0.66%,9,1.5%,419,69.6%,100,16.61%,51,8.47%,19,3.16%,602
SUDESTE,35,SP,355000,SAO LUIS DO PARAITINGA,6,1.6%,10,2.67%,259,69.25%,58,15.51%,29,7.75%,12,3.21%,374
SUDESTE,35,SP,355010,SAO MANUEL,11,0.73%,29,1.92%,956,63.23%,317,20.97%,130,8.6%,69,4.56%,1512
SUDESTE,35,SP,355020,SAO MIGUEL ARCANJO,7,0.65%,23,2.14%,701,65.33%,223,20.78%,69,6.43%,50,4.66%,1073
SUDESTE,35,SP,355030,SAO PAULO,3632,1.41%,5031,1.96%,160293,62.41%,54952,21.39%,21123,8.22%,11821,4.6%,256852
SUDESTE,35,SP,355040,SAO PEDRO,13,1.1%,25,2.11%,611,51.56%,319,26.92%,138,11.65%,79,6.67%,1185
SUDESTE,35,SP,355050,SAO PEDRO DO TURVO,2,0.49%,4,0.99%,228,56.16%,105,25.86%,45,11.08%,22,5.42%,406
SUDESTE,35,SP,355060,SAO ROQUE,13,0.47%,30,1.09%,1829,66.27%,599,21.7%,209,7.57%,80,2.9%,2760
SUDESTE,35,SP,355070,SAO SEBASTIAO,25,0.75%,37,1.11%,2034,60.86%,801,23.97%,309,9.25%,136,4.07%,3342
SUDESTE,35,SP,355080,SAO SEBASTIAO DA GRAMA,2,0.67%,4,1.34%,187,62.54%,65,21.74%,21,7.02%,20,6.69%,299
SUDESTE,35,SP,355090,SAO SIMAO,7,1.62%,13,3%,282,65.13%,89,20.55%,28,6.47%,14,3.23%,433
SUDESTE,35,SP,355100,SAO VICENTE,127,1.6%,183,2.31%,5009,63.3%,1613,20.38%,636,8.04%,345,4.36%,7913
SUDESTE,35,SP,355110,SARAPUI,8,1.51%,8,1.51%,330,62.15%,120,22.6%,44,8.29%,21,3.95%,531
SUDESTE,35,SP,355120,SARUTAIA,2,0.9%,5,2.26%,138,62.44%,58,26.24%,12,5.43%,6,2.71%,221
SUDESTE,35,SP,355130,SEBASTIANOPOLIS DO SUL,1,0.53%,2,1.07%,114,60.96%,38,20.32%,20,10.7%,12,6.42%,187
SUDESTE,35,SP,355140,SERRA AZUL,4,1.52%,6,2.27%,175,66.29%,45,17.05%,19,7.2%,15,5.68%,264
SUDESTE,35,SP,355150,SERRANA,16,0.98%,49,3%,1088,66.5%,283,17.3%,143,8.74%,57,3.48%,1636
SUDESTE,35,SP,355160,SERRA NEGRA,7,0.64%,17,1.55%,677,61.66%,276,25.14%,87,7.92%,34,3.1%,1098
SUDESTE,35,SP,355170,SERTAOZINHO,19,0.59%,55,1.72%,2138,66.77%,627,19.58%,248,7.75%,115,3.59%,3202
SUDESTE,35,SP,355180,SETE BARRAS,7,0.87%,13,1.61%,501,62.08%,173,21.44%,71,8.8%,42,5.2%,807
SUDESTE,35,SP,355190,SEVERINIA,34,5.26%,24,3.72%,361,55.88%,127,19.66%,54,8.36%,46,7.12%,646
SUDESTE,35,SP,355200,SILVEIRAS,2,0.53%,5,1.32%,232,61.05%,90,23.68%,34,8.95%,17,4.47%,380
SUDESTE,35,SP,355210,SOCORRO,4,0.29%,19,1.36%,961,68.69%,283,20.23%,97,6.93%,35,2.5%,1399
SUDESTE,35,SP,355220,SOROCABA,93,0.66%,235,1.67%,9551,67.78%,2907,20.63%,948,6.73%,358,2.54%,14092
SUDESTE,35,SP,355230,SUD MENNUCCI,0,-,12,4.38%,172,62.77%,56,20.44%,17,6.2%,17,6.2%,274
SUDESTE,35,SP,355240,SUMARE,71,1%,240,3.39%,5318,75.13%,990,13.99%,314,4.44%,145,2.05%,7078
SUDESTE,35,SP,355250,SUZANO,144,1.53%,224,2.38%,5684,60.27%,1967,20.86%,812,8.61%,600,6.36%,9431
SUDESTE,35,SP,355255,SUZANAPOLIS,4,2.78%,2,1.39%,73,50.69%,44,30.56%,14,9.72%,7,4.86%,144
SUDESTE,35,SP,355260,TABAPUA,5,5.05%,2,2.02%,56,56.57%,20,20.2%,8,8.08%,8,8.08%,99
SUDESTE,35,SP,355270,TABATINGA,7,1.6%,22,5.02%,250,57.08%,87,19.86%,48,10.96%,24,5.48%,438
SUDESTE,35,SP,355280,TABOAO DA SERRA,154,1.65%,214,2.3%,6036,64.83%,1719,18.46%,763,8.2%,424,4.55%,9310
SUDESTE,35,SP,355290,TACIBA,6,1.67%,5,1.39%,242,67.22%,72,20%,19,5.28%,16,4.44%,360
SUDESTE,35,SP,355300,TAGUAI,4,0.49%,10,1.23%,513,62.94%,199,24.42%,62,7.61%,27,3.31%,815
SUDESTE,35,SP,355310,TAIACU,4,3.74%,3,2.8%,67,62.62%,21,19.63%,7,6.54%,5,4.67%,107
SUDESTE,35,SP,355320,TAIUVA,3,1.22%,3,1.22%,171,69.51%,42,17.07%,16,6.5%,11,4.47%,246
SUDESTE,35,SP,355330,TAMBAU,13,1.94%,21,3.13%,423,63.04%,119,17.73%,59,8.79%,36,5.37%,671
SUDESTE,35,SP,355340,TANABI,9,0.86%,26,2.49%,685,65.61%,201,19.25%,82,7.85%,41,3.93%,1044
SUDESTE,35,SP,355350,TAPIRAI,2,0.46%,5,1.14%,262,59.68%,108,24.6%,35,7.97%,27,6.15%,439
SUDESTE,35,SP,355360,TAPIRATIBA,0,-,10,2.46%,251,61.67%,109,26.78%,23,5.65%,14,3.44%,407
SUDESTE,35,SP,355365,TAQUARAL,0,-,2,2.13%,43,45.74%,27,28.72%,12,12.77%,10,10.64%,94
SUDESTE,35,SP,355370,TAQUARITINGA,16,1.39%,30,2.62%,651,56.76%,238,20.75%,120,10.46%,92,8.02%,1147
SUDESTE,35,SP,355380,TAQUARITUBA,10,0.92%,23,2.11%,686,62.94%,243,22.29%,82,7.52%,46,4.22%,1090
SUDESTE,35,SP,355385,TAQUARIVAI,6,1.42%,4,0.95%,241,57.11%,95,22.51%,45,10.66%,31,7.35%,422
SUDESTE,35,SP,355390,TARABAI,3,1.28%,6,2.55%,138,58.72%,56,23.83%,23,9.79%,9,3.83%,235
SUDESTE,35,SP,355395,TARUMA,3,0.62%,10,2.07%,304,62.81%,103,21.28%,45,9.3%,19,3.93%,484
SUDESTE,35,SP,355400,TATUI,28,0.73%,65,1.7%,2342,61.39%,891,23.36%,317,8.31%,172,4.51%,3815
SUDESTE,35,SP,355410,TAUBATE,79,0.73%,184,1.7%,7150,66.2%,2264,20.96%,776,7.18%,348,3.22%,10801
SUDESTE,35,SP,355420,TEJUPA,1,0.39%,2,0.78%,162,63.28%,53,20.7%,25,9.77%,13,5.08%,256
SUDESTE,35,SP,355430,TEODORO SAMPAIO,29,2.77%,48,4.58%,694,66.22%,173,16.51%,71,6.77%,33,3.15%,1048
SUDESTE,35,SP,355440,TERRA ROXA,6,3.17%,8,4.23%,114,60.32%,30,15.87%,19,10.05%,12,6.35%,189
SUDESTE,35,SP,355450,TIETE,48,3.97%,28,2.32%,682,56.46%,218,18.05%,92,7.62%,140,11.59%,1208
SUDESTE,35,SP,355460,TIMBURI,2,1.41%,2,1.41%,82,57.75%,31,21.83%,16,11.27%,9,6.34%,142
SUDESTE,35,SP,355465,TORRE DE PEDRA,1,0.65%,8,5.23%,91,59.48%,33,21.57%,14,9.15%,6,3.92%,153
SUDESTE,35,SP,355470,TORRINHA,2,0.64%,5,1.61%,190,61.09%,75,24.12%,25,8.04%,14,4.5%,311
SUDESTE,35,SP,355475,TRABIJU,1,1.52%,1,1.52%,39,59.09%,11,16.67%,6,9.09%,8,12.12%,66
SUDESTE,35,SP,355480,TREMEMBE,16,3.34%,13,2.71%,275,57.41%,101,21.09%,27,5.64%,47,9.81%,479
SUDESTE,35,SP,355490,TRES FRONTEIRAS,1,0.37%,5,1.87%,166,62.17%,53,19.85%,23,8.61%,19,7.12%,267
SUDESTE,35,SP,355495,TUIUTI,1,0.39%,7,2.72%,187,72.76%,40,15.56%,10,3.89%,12,4.67%,257
SUDESTE,35,SP,355500,TUPA,9,0.56%,25,1.54%,1122,69.26%,315,19.44%,93,5.74%,56,3.46%,1620
SUDESTE,35,SP,355510,TUPI PAULISTA,9,2.41%,10,2.68%,237,63.54%,72,19.3%,29,7.77%,16,4.29%,373
SUDESTE,35,SP,355520,TURIUBA,1,1.12%,1,1.12%,55,61.8%,16,17.98%,14,15.73%,2,2.25%,89
SUDESTE,35,SP,355530,TURMALINA,0,-,1,1.37%,51,69.86%,15,20.55%,4,5.48%,2,2.74%,73
SUDESTE,35,SP,355535,UBARANA,2,0.65%,14,4.52%,193,62.26%,63,20.32%,26,8.39%,12,3.87%,310
SUDESTE,35,SP,355540,UBATUBA,82,1.86%,109,2.47%,2797,63.31%,873,19.76%,342,7.74%,215,4.87%,4418
SUDESTE,35,SP,355550,UBIRAJARA,2,0.87%,3,1.3%,121,52.61%,62,26.96%,27,11.74%,15,6.52%,230
SUDESTE,35,SP,355560,UCHOA,6,1.55%,4,1.03%,225,58.14%,80,20.67%,40,10.34%,32,8.27%,387
SUDESTE,35,SP,355570,UNIAO PAULISTA,1,0.88%,1,0.88%,63,55.75%,29,25.66%,15,13.27%,4,3.54%,113
SUDESTE,35,SP,355580,URANIA,4,1.06%,5,1.33%,258,68.62%,82,21.81%,18,4.79%,9,2.39%,376
SUDESTE,35,SP,355590,URU,0,-,0,-,45,57.69%,24,30.77%,8,10.26%,1,1.28%,78
SUDESTE,35,SP,355600,URUPES,3,0.51%,9,1.53%,358,60.88%,134,22.79%,54,9.18%,30,5.1%,588
SUDESTE,35,SP,355610,VALENTIM GENTIL,7,1.26%,8,1.44%,320,57.45%,144,25.85%,45,8.08%,33,5.92%,557
SUDESTE,35,SP,355620,VALINHOS,14,2.02%,18,2.6%,467,67.49%,121,17.49%,49,7.08%,23,3.32%,692
SUDESTE,35,SP,355630,VALPARAISO,13,1.7%,15,1.96%,467,60.97%,170,22.19%,53,6.92%,48,6.27%,766
SUDESTE,35,SP,355635,VARGEM,3,0.52%,7,1.2%,365,62.82%,119,20.48%,54,9.29%,33,5.68%,581
SUDESTE,35,SP,355640,VARGEM GRANDE DO SUL,9,0.79%,26,2.29%,709,62.47%,240,21.15%,93,8.19%,58,5.11%,1135
SUDESTE,35,SP,355645,VARGEM GRANDE PAULISTA,11,0.48%,22,0.96%,1565,68.19%,459,20%,165,7.19%,73,3.18%,2295
SUDESTE,35,SP,355650,VARZEA PAULISTA,36,1.88%,52,2.71%,1198,62.43%,385,20.06%,153,7.97%,95,4.95%,1919
SUDESTE,35,SP,355660,VERA CRUZ,3,1.19%,6,2.37%,152,60.08%,46,18.18%,37,14.62%,9,3.56%,253
SUDESTE,35,SP,355670,VINHEDO,12,0.55%,44,2.01%,1510,68.86%,436,19.88%,121,5.52%,70,3.19%,2193
SUDESTE,35,SP,355680,VIRADOURO,6,1.39%,13,3.01%,292,67.59%,79,18.29%,21,4.86%,21,4.86%,432
SUDESTE,35,SP,355690,VISTA ALEGRE DO ALTO,5,1.26%,11,2.78%,253,63.89%,66,16.67%,37,9.34%,24,6.06%,396
SUDESTE,35,SP,355695,VITORIA BRASIL,0,-,2,1.82%,66,60%,23,20.91%,15,13.64%,4,3.64%,110
SUDESTE,35,SP,355700,VOTORANTIM,48,1.35%,102,2.88%,2467,69.61%,587,16.56%,213,6.01%,127,3.58%,3544
SUDESTE,35,SP,355710,VOTUPORANGA,23,0.75%,46,1.49%,1856,60.14%,716,23.2%,297,9.62%,148,4.8%,3086
SUDESTE,35,SP,355715,ZACARIAS,1,0.76%,0,-,82,62.12%,28,21.21%,12,9.09%,9,6.82%,132
SUDESTE,35,SP,355720,CHAVANTES,7,1.32%,14,2.64%,307,57.82%,109,20.53%,57,10.73%,37,6.97%,531
SUDESTE,35,SP,355730,ESTIVA GERBI,13,6.07%,8,3.74%,122,57.01%,31,14.49%,20,9.35%,20,9.35%,214
SUL,41,PR,410010,ABATIA,2,0.96%,3,1.44%,148,70.81%,33,15.79%,14,6.7%,9,4.31%,209
SUL,41,PR,410020,ADRIANOPOLIS,6,1.81%,8,2.41%,175,52.71%,80,24.1%,37,11.14%,26,7.83%,332
SUL,41,PR,410030,AGUDOS DO SUL,8,1.32%,8,1.32%,354,58.51%,128,21.16%,62,10.25%,45,7.44%,605
SUL,41,PR,410040,ALMIRANTE TAMANDARE,50,1.09%,83,1.81%,2797,60.95%,1022,22.27%,425,9.26%,212,4.62%,4589
SUL,41,PR,410045,ALTAMIRA DO PARANA,8,4.17%,8,4.17%,116,60.42%,37,19.27%,16,8.33%,7,3.65%,192
SUL,41,PR,410050,ALTONIA,10,1.6%,11,1.76%,389,62.34%,123,19.71%,52,8.33%,39,6.25%,624
SUL,41,PR,410060,ALTO PARANA,5,0.79%,11,1.73%,458,72.01%,91,14.31%,50,7.86%,21,3.3%,636
SUL,41,PR,410070,ALTO PIQUIRI,4,0.8%,14,2.78%,294,58.45%,117,23.26%,57,11.33%,17,3.38%,503
SUL,41,PR,410080,ALVORADA DO SUL,9,2.56%,7,1.99%,226,64.2%,70,19.89%,24,6.82%,16,4.55%,352
SUL,41,PR,410090,AMAPORA,3,1.15%,4,1.54%,160,61.54%,63,24.23%,21,8.08%,9,3.46%,260
SUL,41,PR,410100,AMPERE,3,0.29%,13,1.27%,698,68.1%,183,17.85%,84,8.2%,44,4.29%,1025
SUL,41,PR,410105,ANAHY,1,0.54%,3,1.61%,117,62.9%,43,23.12%,17,9.14%,5,2.69%,186
SUL,41,PR,410110,ANDIRA,3,0.34%,17,1.91%,568,63.82%,185,20.79%,68,7.64%,49,5.51%,890
SUL,41,PR,410115,ANGULO,2,1.24%,4,2.48%,102,63.35%,35,21.74%,11,6.83%,7,4.35%,161
SUL,41,PR,410120,ANTONINA,9,1.19%,11,1.45%,451,59.58%,174,22.99%,61,8.06%,51,6.74%,757
SUL,41,PR,410130,ANTONIO OLINTO,3,0.83%,4,1.1%,232,64.09%,75,20.72%,29,8.01%,19,5.25%,362
SUL,41,PR,410140,APUCARANA,104,2.18%,113,2.37%,2943,61.63%,919,19.25%,416,8.71%,280,5.86%,4775
SUL,41,PR,410150,ARAPONGAS,50,1.91%,84,3.21%,1599,61.05%,522,19.93%,230,8.78%,134,5.12%,2619
SUL,41,PR,410160,ARAPOTI,27,2.23%,25,2.06%,734,60.61%,251,20.73%,107,8.84%,67,5.53%,1211
SUL,41,PR,410165,ARAPUA,9,7.09%,9,7.09%,66,51.97%,23,18.11%,7,5.51%,13,10.24%,127
SUL,41,PR,410170,ARARUNA,11,1.92%,20,3.5%,336,58.74%,119,20.8%,51,8.92%,35,6.12%,572
SUL,41,PR,410180,ARAUCARIA,55,0.75%,126,1.71%,4626,62.77%,1685,22.86%,588,7.98%,290,3.93%,7370
SUL,41,PR,410185,ARIRANHA DO IVAI,2,2.2%,1,1.1%,53,58.24%,17,18.68%,7,7.69%,11,12.09%,91
SUL,41,PR,410190,ASSAI,5,0.93%,10,1.87%,354,66.04%,101,18.84%,40,7.46%,26,4.85%,536
SUL,41,PR,410200,ASSIS CHATEAUBRIAND,16,0.97%,27,1.64%,1079,65.35%,349,21.14%,122,7.39%,58,3.51%,1651
SUL,41,PR,410210,ASTORGA,3,0.34%,17,1.92%,541,61.2%,203,22.96%,91,10.29%,29,3.28%,884
SUL,41,PR,410220,ATALAIA,1,0.7%,1,0.7%,85,59.86%,35,24.65%,9,6.34%,11,7.75%,142
SUL,41,PR,410230,BALSA NOVA,5,0.63%,6,0.75%,547,68.72%,153,19.22%,53,6.66%,32,4.02%,796
SUL,41,PR,410240,BANDEIRANTES,6,0.48%,13,1.05%,797,64.17%,274,22.06%,105,8.45%,47,3.78%,1242
SUL,41,PR,410250,BARBOSA FERRAZ,7,1.63%,3,0.7%,294,68.37%,69,16.05%,36,8.37%,21,4.88%,430
SUL,41,PR,410260,BARRACAO,10,1.89%,13,2.46%,302,57.09%,101,19.09%,55,10.4%,48,9.07%,529
SUL,41,PR,410270,BARRA DO JACARE,1,0.79%,4,3.15%,70,55.12%,31,24.41%,13,10.24%,8,6.3%,127
SUL,41,PR,410275,BELA VISTA DA CAROBA,4,2.35%,5,2.94%,100,58.82%,31,18.24%,17,10%,13,7.65%,170
SUL,41,PR,410280,BELA VISTA DO PARAISO,11,2.79%,10,2.54%,242,61.42%,75,19.04%,32,8.12%,24,6.09%,394
SUL,41,PR,410290,BITURUNA,17,1.42%,28,2.33%,738,61.5%,261,21.75%,96,8%,60,5%,1200
SUL,41,PR,410300,BOA ESPERANCA,1,0.55%,3,1.66%,98,54.14%,42,23.2%,18,9.94%,19,10.5%,181
SUL,41,PR,410302,BOA ESPERANCA DO IGUACU,4,3.42%,6,5.13%,59,50.43%,23,19.66%,13,11.11%,12,10.26%,117
SUL,41,PR,410304,BOA VENTURA DE SAO ROQUE,1,0.4%,3,1.19%,156,61.9%,51,20.24%,23,9.13%,18,7.14%,252
SUL,41,PR,410305,BOA VISTA DA APARECIDA,8,1.57%,14,2.76%,316,62.2%,89,17.52%,46,9.06%,35,6.89%,508
SUL,41,PR,410310,BOCAIUVA DO SUL,3,0.54%,7,1.25%,377,67.56%,104,18.64%,40,7.17%,27,4.84%,558
SUL,41,PR,410315,BOM JESUS DO SUL,1,0.4%,5,2.02%,145,58.47%,57,22.98%,21,8.47%,19,7.66%,248
SUL,41,PR,410320,BOM SUCESSO,1,0.31%,4,1.26%,210,66.04%,53,16.67%,33,10.38%,17,5.35%,318
SUL,41,PR,410322,BOM SUCESSO DO SUL,1,0.5%,7,3.5%,116,58%,49,24.5%,17,8.5%,10,5%,200
SUL,41,PR,410330,BORRAZOPOLIS,3,1.49%,8,3.98%,120,59.7%,31,15.42%,17,8.46%,22,10.95%,201
SUL,41,PR,410335,BRAGANEY,2,0.81%,3,1.21%,134,54.25%,76,30.77%,20,8.1%,12,4.86%,247
SUL,41,PR,410337,BRASILANDIA DO SUL,3,1.32%,6,2.64%,153,67.4%,44,19.38%,14,6.17%,7,3.08%,227
SUL,41,PR,410340,CAFEARA,0,-,2,1.23%,104,63.8%,47,28.83%,7,4.29%,3,1.84%,163
SUL,41,PR,410345,CAFELANDIA,15,1.5%,31,3.09%,569,56.73%,222,22.13%,106,10.57%,60,5.98%,1003
SUL,41,PR,410347,CAFEZAL DO SUL,2,0.73%,5,1.83%,157,57.51%,73,26.74%,17,6.23%,19,6.96%,273
SUL,41,PR,410350,CALIFORNIA,4,1.34%,5,1.67%,197,65.89%,59,19.73%,19,6.35%,15,5.02%,299
SUL,41,PR,410360,CAMBARA,10,2.11%,6,1.27%,251,52.95%,102,21.52%,55,11.6%,50,10.55%,474
SUL,41,PR,410370,CAMBE,37,0.91%,75,1.84%,2626,64.55%,814,20.01%,320,7.87%,196,4.82%,4068
SUL,41,PR,410380,CAMBIRA,5,0.88%,8,1.41%,360,63.6%,120,21.2%,41,7.24%,32,5.65%,566
SUL,41,PR,410390,CAMPINA DA LAGOA,12,1.18%,14,1.38%,615,60.65%,218,21.5%,95,9.37%,60,5.92%,1014
SUL,41,PR,410395,CAMPINA DO SIMAO,0,-,2,1%,156,78%,36,18%,6,3%,0,-,200
SUL,41,PR,410400,CAMPINA GRANDE DO SUL,56,2.58%,52,2.39%,1321,60.82%,445,20.49%,185,8.52%,113,5.2%,2172
SUL,41,PR,410405,CAMPO BONITO,2,1.47%,2,1.47%,59,43.38%,42,30.88%,22,16.18%,9,6.62%,136
SUL,41,PR,410410,CAMPO DO TENENTE,3,0.5%,6,1%,376,62.35%,132,21.89%,55,9.12%,31,5.14%,603
SUL,41,PR,410420,CAMPO LARGO,24,0.53%,75,1.65%,3077,67.6%,957,21.02%,304,6.68%,115,2.53%,4552
SUL,41,PR,410425,CAMPO MAGRO,45,2.96%,29,1.91%,872,57.33%,325,21.37%,148,9.73%,102,6.71%,1521
SUL,41,PR,410430,CAMPO MOURAO,70,2.25%,71,2.28%,2010,64.57%,583,18.73%,214,6.87%,165,5.3%,3113
SUL,41,PR,410440,CANDIDO DE ABREU,80,9.42%,46,5.42%,483,56.89%,153,18.02%,51,6.01%,36,4.24%,849
SUL,41,PR,410442,CANDOI,16,1.71%,18,1.92%,589,62.93%,186,19.87%,67,7.16%,60,6.41%,936
SUL,41,PR,410445,CANTAGALO,11,2.68%,12,2.92%,208,50.61%,72,17.52%,47,11.44%,61,14.84%,411
SUL,41,PR,410450,CAPANEMA,13,1.46%,21,2.35%,569,63.79%,182,20.4%,77,8.63%,30,3.36%,892
SUL,41,PR,410460,CAPITAO LEONIDAS MARQUES,23,3.53%,18,2.76%,404,62.06%,124,19.05%,41,6.3%,41,6.3%,651
SUL,41,PR,410465,CARAMBEI,17,1.4%,24,1.98%,720,59.45%,302,24.94%,95,7.84%,53,4.38%,1211
SUL,41,PR,410470,CARLOPOLIS,1,0.13%,16,2.13%,471,62.8%,174,23.2%,53,7.07%,35,4.67%,750
SUL,41,PR,410480,CASCAVEL,118,0.88%,241,1.79%,8661,64.48%,2840,21.14%,1051,7.82%,522,3.89%,13433
SUL,41,PR,410490,CASTRO,37,1.01%,73,2%,2356,64.48%,753,20.61%,276,7.55%,159,4.35%,3654
SUL,41,PR,410500,CATANDUVAS,10,1.86%,12,2.23%,301,55.84%,111,20.59%,50,9.28%,55,10.2%,539
SUL,41,PR,410510,CENTENARIO DO SUL,2,0.49%,17,4.19%,266,65.52%,76,18.72%,22,5.42%,23,5.67%,406
SUL,41,PR,410520,CERRO AZUL,9,0.98%,12,1.31%,539,58.78%,222,24.21%,85,9.27%,50,5.45%,917
SUL,41,PR,410530,CEU AZUL,3,0.9%,7,2.11%,227,68.37%,73,21.99%,16,4.82%,6,1.81%,332
SUL,41,PR,410540,CHOPINZINHO,9,0.67%,27,2.01%,868,64.58%,279,20.76%,98,7.29%,63,4.69%,1344
SUL,41,PR,410550,CIANORTE,23,0.71%,46,1.41%,2022,62.14%,763,23.45%,284,8.73%,116,3.56%,3254
SUL,41,PR,410560,CIDADE GAUCHA,5,1.46%,3,0.87%,195,56.85%,75,21.87%,36,10.5%,29,8.45%,343
SUL,41,PR,410570,CLEVELANDIA,11,1.19%,16,1.73%,579,62.66%,184,19.91%,89,9.63%,45,4.87%,924
SUL,41,PR,410580,COLOMBO,121,1.35%,194,2.17%,5864,65.5%,1836,20.51%,590,6.59%,347,3.88%,8952
SUL,41,PR,410590,COLORADO,9,0.99%,18,1.99%,495,54.64%,204,22.52%,102,11.26%,78,8.61%,906
SUL,41,PR,410600,CONGONHINHAS,2,0.79%,11,4.33%,159,62.6%,46,18.11%,17,6.69%,19,7.48%,254
SUL,41,PR,410610,CONSELHEIRO MAIRINCK,0,-,1,0.5%,122,61.31%,50,25.13%,20,10.05%,6,3.02%,199
SUL,41,PR,410620,CONTENDA,11,1.32%,13,1.56%,475,57.16%,209,25.15%,81,9.75%,42,5.05%,831
SUL,41,PR,410630,CORBELIA,50,4.67%,36,3.36%,610,57.01%,189,17.66%,102,9.53%,83,7.76%,1070
SUL,41,PR,410640,CORNELIO PROCOPIO,22,2.05%,27,2.51%,670,62.33%,193,17.95%,86,8%,77,7.16%,1075
SUL,41,PR,410645,CORONEL DOMINGOS SOARES,6,1.29%,7,1.51%,287,61.85%,100,21.55%,44,9.48%,20,4.31%,464
SUL,41,PR,410650,CORONEL VIVIDA,12,1.21%,25,2.52%,563,56.64%,223,22.43%,105,10.56%,66,6.64%,994
SUL,41,PR,410655,CORUMBATAI DO SUL,4,2.72%,3,2.04%,85,57.82%,32,21.77%,13,8.84%,10,6.8%,147
SUL,41,PR,410657,CRUZEIRO DO IGUACU,3,1.7%,1,0.57%,92,52.27%,45,25.57%,22,12.5%,13,7.39%,176
SUL,41,PR,410660,CRUZEIRO DO OESTE,12,1.33%,14,1.56%,528,58.73%,218,24.25%,78,8.68%,49,5.45%,899
SUL,41,PR,410670,CRUZEIRO DO SUL,0,-,3,1.72%,115,66.09%,39,22.41%,12,6.9%,5,2.87%,174
SUL,41,PR,410680,CRUZ MACHADO,3,0.34%,13,1.47%,613,69.5%,165,18.71%,53,6.01%,35,3.97%,882
SUL,41,PR,410685,CRUZMALTINA,5,3.05%,8,4.88%,105,64.02%,22,13.41%,12,7.32%,12,7.32%,164
SUL,41,PR,410690,CURITIBA,322,2.19%,227,1.54%,8101,55.13%,2822,19.2%,1408,9.58%,1815,12.35%,14695
SUL,41,PR,410700,CURIUVA,18,3.31%,16,2.95%,332,61.14%,95,17.5%,43,7.92%,39,7.18%,543
SUL,41,PR,410710,DIAMANTE DO NORTE,3,2.34%,1,0.78%,72,56.25%,27,21.09%,15,11.72%,10,7.81%,128
SUL,41,PR,410712,DIAMANTE DO SUL,1,0.51%,5,2.54%,140,71.07%,34,17.26%,10,5.08%,7,3.55%,197
SUL,41,PR,410715,DIAMANTE D'OESTE,6,3.61%,12,7.23%,86,51.81%,33,19.88%,11,6.63%,18,10.84%,166
SUL,41,PR,410720,DOIS VIZINHOS,35,1.76%,68,3.42%,1280,64.42%,390,19.63%,142,7.15%,72,3.62%,1987
SUL,41,PR,410725,DOURADINA,3,0.66%,5,1.1%,277,61.15%,105,23.18%,36,7.95%,27,5.96%,453
SUL,41,PR,410730,DOUTOR CAMARGO,1,0.42%,3,1.27%,156,66.1%,44,18.64%,19,8.05%,13,5.51%,236
SUL,41,PR,410740,ENEAS MARQUES,3,1.47%,7,3.43%,123,60.29%,38,18.63%,20,9.8%,13,6.37%,204
SUL,41,PR,410750,ENGENHEIRO BELTRAO,3,1.21%,7,2.82%,164,66.13%,37,14.92%,18,7.26%,19,7.66%,248
SUL,41,PR,410752,ESPERANCA NOVA,0,-,0,-,62,63.92%,24,24.74%,6,6.19%,5,5.15%,97
SUL,41,PR,410753,ENTRE RIOS DO OESTE,1,0.35%,10,3.48%,138,48.08%,70,24.39%,42,14.63%,26,9.06%,287
SUL,41,PR,410754,ESPIGAO ALTO DO IGUACU,0,-,8,2.49%,177,55.14%,72,22.43%,33,10.28%,31,9.66%,321
SUL,41,PR,410755,FAROL,2,1.57%,1,0.79%,68,53.54%,34,26.77%,13,10.24%,9,7.09%,127
SUL,41,PR,410760,FAXINAL,22,2.92%,16,2.12%,455,60.42%,138,18.33%,66,8.76%,56,7.44%,753
SUL,41,PR,410765,FAZENDA RIO GRANDE,78,2.53%,57,1.85%,1792,58.2%,600,19.49%,314,10.2%,238,7.73%,3079
SUL,41,PR,410770,FENIX,0,-,5,3.05%,104,63.41%,37,22.56%,8,4.88%,10,6.1%,164
SUL,41,PR,410773,FERNANDES PINHEIRO,6,1.52%,6,1.52%,247,62.37%,79,19.95%,35,8.84%,23,5.81%,396
SUL,41,PR,410775,FIGUEIRA,5,1.36%,9,2.45%,223,60.6%,74,20.11%,35,9.51%,22,5.98%,368
SUL,41,PR,410780,FLORAI,1,0.5%,0,-,119,59.5%,49,24.5%,18,9%,13,6.5%,200
SUL,41,PR,410785,FLOR DA SERRA DO SUL,0,-,1,0.35%,195,69.15%,60,21.28%,19,6.74%,7,2.48%,282
SUL,41,PR,410790,FLORESTA,0,-,2,2.63%,60,78.95%,8,10.53%,5,6.58%,1,1.32%,76
SUL,41,PR,410800,FLORESTOPOLIS,5,0.79%,9,1.43%,382,60.63%,149,23.65%,56,8.89%,29,4.6%,630
SUL,41,PR,410810,FLORIDA,2,2.53%,0,-,45,56.96%,17,21.52%,10,12.66%,5,6.33%,79
SUL,41,PR,410820,FORMOSA DO OESTE,4,3.88%,2,1.94%,50,48.54%,25,24.27%,10,9.71%,12,11.65%,103
SUL,41,PR,410830,FOZ DO IGUACU,115,1.28%,187,2.09%,5815,64.94%,1835,20.49%,647,7.23%,356,3.98%,8955
SUL,41,PR,410832,FRANCISCO ALVES,5,0.83%,3,0.5%,372,61.9%,147,24.46%,44,7.32%,30,4.99%,601
SUL,41,PR,410840,FRANCISCO BELTRAO,31,0.76%,70,1.71%,2661,64.84%,852,20.76%,340,8.28%,150,3.65%,4104
SUL,41,PR,410845,FOZ DO JORDAO,8,2.2%,10,2.75%,208,57.14%,79,21.7%,24,6.59%,35,9.62%,364
SUL,41,PR,410850,GENERAL CARNEIRO,3,0.42%,14,1.97%,464,65.17%,151,21.21%,56,7.87%,24,3.37%,712
SUL,41,PR,410855,GODOY MOREIRA,0,-,3,2.33%,85,65.89%,26,20.16%,8,6.2%,7,5.43%,129
SUL,41,PR,410860,GOIOERE,24,1.87%,24,1.87%,795,61.96%,272,21.2%,109,8.5%,59,4.6%,1283
SUL,41,PR,410865,GOIOXIM,6,1.34%,16,3.58%,299,66.89%,70,15.66%,24,5.37%,32,7.16%,447
SUL,41,PR,410870,GRANDES RIOS,12,4.21%,10,3.51%,170,59.65%,58,20.35%,16,5.61%,19,6.67%,285
SUL,41,PR,410880,GUAIRA,19,1.25%,26,1.72%,960,63.32%,324,21.37%,125,8.25%,62,4.09%,1516
SUL,41,PR,410890,GUAIRACA,4,0.99%,10,2.48%,245,60.79%,65,16.13%,41,10.17%,38,9.43%,403
SUL,41,PR,410895,GUAMIRANGA,2,0.49%,4,0.99%,277,68.23%,81,19.95%,28,6.9%,14,3.45%,406
SUL,41,PR,410900,GUAPIRAMA,0,-,3,1.09%,165,60%,65,23.64%,31,11.27%,11,4%,275
SUL,41,PR,410910,GUAPOREMA,1,0.95%,1,0.95%,60,57.14%,27,25.71%,14,13.33%,2,1.9%,105
SUL,41,PR,410920,GUARACI,1,0.61%,6,3.68%,99,60.74%,25,15.34%,19,11.66%,13,7.98%,163
SUL,41,PR,410930,GUARANIACU,9,1.34%,20,2.99%,405,60.45%,128,19.1%,65,9.7%,43,6.42%,670
SUL,41,PR,410940,GUARAPUAVA,104,1.34%,185,2.38%,4869,62.73%,1585,20.42%,628,8.09%,391,5.04%,7762
SUL,41,PR,410950,GUARAQUECABA,6,1.36%,11,2.49%,267,60.54%,85,19.27%,40,9.07%,32,7.26%,441
SUL,41,PR,410960,GUARATUBA,6,0.33%,31,1.73%,1084,60.36%,411,22.88%,178,9.91%,86,4.79%,1796
SUL,41,PR,410965,HONORIO SERPA,4,1.49%,8,2.99%,183,68.28%,41,15.3%,15,5.6%,17,6.34%,268
SUL,41,PR,410970,IBAITI,3,0.21%,12,0.83%,947,65.86%,300,20.86%,118,8.21%,58,4.03%,1438
SUL,41,PR,410975,IBEMA,5,1.55%,0,-,170,52.8%,82,25.47%,29,9.01%,36,11.18%,322
SUL,41,PR,410980,IBIPORA,29,1.31%,60,2.72%,1385,62.7%,439,19.87%,196,8.87%,100,4.53%,2209
SUL,41,PR,410990,ICARAIMA,11,2.64%,10,2.4%,249,59.71%,77,18.47%,47,11.27%,23,5.52%,417
SUL,41,PR,411000,IGUARACU,2,1.08%,2,1.08%,103,55.38%,45,24.19%,27,14.52%,7,3.76%,186
SUL,41,PR,411005,IGUATU,0,-,3,2.91%,62,60.19%,19,18.45%,8,7.77%,11,10.68%,103
SUL,41,PR,411007,IMBAU,5,1.06%,18,3.81%,325,68.71%,76,16.07%,31,6.55%,18,3.81%,473
SUL,41,PR,411010,IMBITUVA,64,3.54%,58,3.21%,1067,59.08%,372,20.6%,151,8.36%,94,5.2%,1806
SUL,41,PR,411020,INACIO MARTINS,11,1.58%,11,1.58%,455,65.37%,130,18.68%,62,8.91%,27,3.88%,696
SUL,41,PR,411030,INAJA,3,2.8%,4,3.74%,74,69.16%,14,13.08%,4,3.74%,8,7.48%,107
SUL,41,PR,411040,INDIANOPOLIS,1,0.43%,0,-,132,57.39%,59,25.65%,26,11.3%,12,5.22%,230
SUL,41,PR,411050,IPIRANGA,9,2.59%,15,4.31%,228,65.52%,55,15.8%,22,6.32%,19,5.46%,348
SUL,41,PR,411060,IPORA,5,0.81%,11,1.79%,379,61.63%,129,20.98%,55,8.94%,36,5.85%,615
SUL,41,PR,411065,IRACEMA DO OESTE,1,0.89%,2,1.79%,59,52.68%,26,23.21%,17,15.18%,7,6.25%,112
SUL,41,PR,411070,IRATI,13,0.55%,33,1.4%,1439,61.1%,571,24.25%,198,8.41%,101,4.29%,2355
SUL,41,PR,411080,IRETAMA,0,-,13,2.53%,336,65.37%,105,20.43%,39,7.59%,21,4.09%,514
SUL,41,PR,411090,ITAGUAJE,4,1.64%,7,2.87%,133,54.51%,51,20.9%,32,13.11%,17,6.97%,244
SUL,41,PR,411095,ITAIPULANDIA,9,1.13%,12,1.51%,478,60.13%,184,23.14%,78,9.81%,34,4.28%,795
SUL,41,PR,411100,ITAMBARACA,2,0.94%,2,0.94%,120,56.34%,48,22.54%,25,11.74%,16,7.51%,213
SUL,41,PR,411110,ITAMBE,1,0.43%,0,-,133,57.33%,62,26.72%,28,12.07%,8,3.45%,232
SUL,41,PR,411120,ITAPEJARA D'OESTE,8,1.09%,13,1.78%,432,59.02%,156,21.31%,76,10.38%,47,6.42%,732
SUL,41,PR,411125,ITAPERUCU,26,1.48%,26,1.48%,1077,61.26%,389,22.13%,147,8.36%,93,5.29%,1758
SUL,41,PR,411130,ITAUNA DO SUL,3,1.81%,7,4.22%,95,57.23%,32,19.28%,14,8.43%,15,9.04%,166
SUL,41,PR,411140,IVAI,10,1.12%,20,2.24%,581,65.13%,197,22.09%,54,6.05%,30,3.36%,892
SUL,41,PR,411150,IVAIPORA,13,1.29%,28,2.78%,654,64.82%,193,19.13%,73,7.23%,48,4.76%,1009
SUL,41,PR,411155,IVATE,2,0.8%,7,2.8%,134,53.6%,56,22.4%,31,12.4%,20,8%,250
SUL,41,PR,411160,IVATUBA,0,-,1,1.06%,51,54.26%,27,28.72%,10,10.64%,5,5.32%,94
SUL,41,PR,411170,JABOTI,1,0.45%,1,0.45%,124,55.61%,61,27.35%,15,6.73%,21,9.42%,223
SUL,41,PR,411180,JACAREZINHO,39,1.73%,77,3.41%,1480,65.57%,394,17.46%,155,6.87%,112,4.96%,2257
SUL,41,PR,411190,JAGUAPITA,1,0.33%,1,0.33%,53,17.32%,40,13.07%,49,16.01%,162,52.94%,306
SUL,41,PR,411200,JAGUARIAIVA,9,0.48%,33,1.77%,1044,55.98%,455,24.4%,189,10.13%,135,7.24%,1865
SUL,41,PR,411210,JANDAIA DO SUL,9,1.11%,14,1.73%,519,64%,183,22.56%,63,7.77%,23,2.84%,811
SUL,41,PR,411220,JANIOPOLIS,3,1.06%,1,0.35%,153,54.06%,72,25.44%,32,11.31%,22,7.77%,283
SUL,41,PR,411230,JAPIRA,4,1.19%,13,3.88%,211,62.99%,58,17.31%,38,11.34%,11,3.28%,335
SUL,41,PR,411240,JAPURA,2,0.66%,3,0.98%,201,65.9%,54,17.7%,30,9.84%,15,4.92%,305
SUL,41,PR,411250,JARDIM ALEGRE,7,1.78%,4,1.02%,238,60.41%,81,20.56%,41,10.41%,23,5.84%,394
SUL,41,PR,411260,JARDIM OLINDA,1,1.28%,3,3.85%,54,69.23%,16,20.51%,3,3.85%,1,1.28%,78
SUL,41,PR,411270,JATAIZINHO,5,0.91%,9,1.64%,286,52%,138,25.09%,70,12.73%,42,7.64%,550
SUL,41,PR,411275,JESUITAS,6,1.43%,17,4.06%,263,62.77%,82,19.57%,29,6.92%,22,5.25%,419
SUL,41,PR,411280,JOAQUIM TAVORA,8,1.21%,14,2.12%,409,61.97%,130,19.7%,56,8.48%,43,6.52%,660
SUL,41,PR,411290,JUNDIAI DO SUL,4,2.27%,6,3.41%,99,56.25%,39,22.16%,13,7.39%,15,8.52%,176
SUL,41,PR,411295,JURANDA,8,1.77%,9,2%,230,51%,113,25.06%,48,10.64%,43,9.53%,451
SUL,41,PR,411300,JUSSARA,0,-,9,2.88%,186,59.42%,66,21.09%,33,10.54%,19,6.07%,313
SUL,41,PR,411310,KALORE,2,0.9%,5,2.24%,140,62.78%,45,20.18%,25,11.21%,6,2.69%,223
SUL,41,PR,411320,LAPA,20,1.19%,28,1.67%,1070,63.65%,361,21.48%,141,8.39%,61,3.63%,1681
SUL,41,PR,411325,LARANJAL,6,1.55%,14,3.63%,175,45.34%,70,18.13%,43,11.14%,78,20.21%,386
SUL,41,PR,411330,LARANJEIRAS DO SUL,6,0.27%,27,1.23%,1388,63.32%,497,22.67%,186,8.49%,88,4.01%,2192
SUL,41,PR,411340,LEOPOLIS,1,0.55%,3,1.65%,119,65.38%,32,17.58%,17,9.34%,10,5.49%,182
SUL,41,PR,411342,LIDIANOPOLIS,2,0.99%,3,1.49%,118,58.42%,51,25.25%,19,9.41%,9,4.46%,202
SUL,41,PR,411345,LINDOESTE,5,1.65%,7,2.31%,189,62.38%,61,20.13%,28,9.24%,13,4.29%,303
SUL,41,PR,411350,LOANDA,8,0.78%,18,1.76%,631,61.62%,252,24.61%,77,7.52%,38,3.71%,1024
SUL,41,PR,411360,LOBATO,1,0.53%,6,3.17%,88,46.56%,54,28.57%,23,12.17%,17,8.99%,189
SUL,41,PR,411370,LONDRINA,300,1.85%,456,2.81%,10776,66.39%,2785,17.16%,1143,7.04%,772,4.76%,16232
SUL,41,PR,411373,LUIZIANA,4,0.97%,5,1.21%,230,55.83%,109,26.46%,42,10.19%,22,5.34%,412
SUL,41,PR,411375,LUNARDELLI,1,0.43%,5,2.16%,140,60.61%,58,25.11%,18,7.79%,9,3.9%,231
SUL,41,PR,411380,LUPIONOPOLIS,0,-,9,3.64%,139,56.28%,71,28.74%,18,7.29%,10,4.05%,247
SUL,41,PR,411390,MALLET,4,0.64%,17,2.73%,403,64.79%,131,21.06%,39,6.27%,28,4.5%,622
SUL,41,PR,411400,MAMBORE,13,2.36%,16,2.9%,359,65.04%,92,16.67%,44,7.97%,28,5.07%,552
SUL,41,PR,411410,MANDAGUACU,17,1.59%,18,1.69%,621,58.2%,245,22.96%,83,7.78%,83,7.78%,1067
SUL,41,PR,411420,MANDAGUARI,11,1.05%,17,1.62%,635,60.42%,247,23.5%,97,9.23%,44,4.19%,1051
SUL,41,PR,411430,MANDIRITUBA,15,2.99%,15,2.99%,326,65.07%,91,18.16%,34,6.79%,20,3.99%,501
SUL,41,PR,411435,MANFRINOPOLIS,0,-,8,6.96%,68,59.13%,25,21.74%,8,6.96%,6,5.22%,115
SUL,41,PR,411440,MANGUEIRINHA,15,1.5%,13,1.3%,644,64.27%,199,19.86%,80,7.98%,51,5.09%,1002
SUL,41,PR,411450,MANOEL RIBAS,8,1.18%,22,3.25%,404,59.68%,140,20.68%,52,7.68%,51,7.53%,677
SUL,41,PR,411460,MARECHAL CANDIDO RONDON,11,0.52%,29,1.37%,1344,63.37%,476,22.44%,188,8.86%,73,3.44%,2121
SUL,41,PR,411470,MARIA HELENA,7,3.65%,5,2.6%,112,58.33%,42,21.88%,12,6.25%,14,7.29%,192
SUL,41,PR,411480,MARIALVA,21,1.26%,40,2.4%,1026,61.66%,352,21.15%,155,9.31%,70,4.21%,1664
SUL,41,PR,411490,MARILANDIA DO SUL,5,1.81%,5,1.81%,163,59.06%,49,17.75%,30,10.87%,24,8.7%,276
SUL,41,PR,411500,MARILENA,6,1.54%,13,3.33%,260,66.67%,68,17.44%,23,5.9%,20,5.13%,390
SUL,41,PR,411510,MARILUZ,7,1.32%,11,2.07%,322,60.64%,110,20.72%,57,10.73%,24,4.52%,531
SUL,41,PR,411520,MARINGA,105,0.96%,204,1.86%,7117,64.75%,2284,20.78%,849,7.72%,433,3.94%,10992
SUL,41,PR,411530,MARIOPOLIS,3,1.52%,6,3.03%,130,65.66%,36,18.18%,14,7.07%,9,4.55%,198
SUL,41,PR,411535,MARIPA,1,0.52%,6,3.14%,134,70.16%,35,18.32%,10,5.24%,5,2.62%,191
SUL,41,PR,411540,MARMELEIRO,9,1.09%,21,2.54%,458,55.45%,175,21.19%,91,11.02%,72,8.72%,826
SUL,41,PR,411545,MARQUINHO,10,3.19%,9,2.88%,197,62.94%,51,16.29%,23,7.35%,23,7.35%,313
SUL,41,PR,411550,MARUMBI,1,0.39%,8,3.14%,161,63.14%,53,20.78%,28,10.98%,4,1.57%,255
SUL,41,PR,411560,MATELANDIA,3,0.28%,6,0.57%,700,66.23%,228,21.57%,85,8.04%,35,3.31%,1057
SUL,41,PR,411570,MATINHOS,25,1.98%,22,1.74%,729,57.77%,277,21.95%,126,9.98%,83,6.58%,1262
SUL,41,PR,411573,MATO RICO,1,0.42%,2,0.84%,133,55.65%,49,20.5%,16,6.69%,38,15.9%,239
SUL,41,PR,411575,MAUA DA SERRA,3,0.51%,5,0.85%,307,51.95%,142,24.03%,76,12.86%,58,9.81%,591
SUL,41,PR,411580,MEDIANEIRA,30,0.97%,57,1.84%,1991,64.33%,662,21.39%,245,7.92%,110,3.55%,3095
SUL,41,PR,411585,MERCEDES,2,0.61%,8,2.44%,210,64.02%,73,22.26%,26,7.93%,9,2.74%,328
SUL,41,PR,411590,MIRADOR,3,1.99%,4,2.65%,97,64.24%,25,16.56%,16,10.6%,6,3.97%,151
SUL,41,PR,411600,MIRASELVA,0,-,0,-,19,28.79%,12,18.18%,7,10.61%,28,42.42%,66
SUL,41,PR,411605,MISSAL,10,1.56%,18,2.8%,457,71.07%,100,15.55%,43,6.69%,15,2.33%,643
SUL,41,PR,411610,MOREIRA SALES,2,0.4%,4,0.79%,305,60.4%,116,22.97%,44,8.71%,34,6.73%,505
SUL,41,PR,411620,MORRETES,4,0.5%,13,1.61%,529,65.71%,170,21.12%,59,7.33%,30,3.73%,805
SUL,41,PR,411630,MUNHOZ DE MELO,2,1.1%,5,2.75%,131,71.98%,19,10.44%,18,9.89%,7,3.85%,182
SUL,41,PR,411640,NOSSA SENHORA DAS GRACAS,1,0.53%,2,1.06%,106,56.38%,44,23.4%,24,12.77%,11,5.85%,188
SUL,41,PR,411650,NOVA ALIANCA DO IVAI,0,-,1,1.03%,51,52.58%,27,27.84%,10,10.31%,8,8.25%,97
SUL,41,PR,411660,NOVA AMERICA DA COLINA,4,2.45%,5,3.07%,74,45.4%,36,22.09%,22,13.5%,22,13.5%,163
SUL,41,PR,411670,NOVA AURORA,5,0.91%,11,2.01%,332,60.58%,130,23.72%,44,8.03%,26,4.74%,548
SUL,41,PR,411680,NOVA CANTU,5,1.34%,5,1.34%,235,63.17%,74,19.89%,40,10.75%,13,3.49%,372
SUL,41,PR,411690,NOVA ESPERANCA,16,1.61%,24,2.41%,646,64.86%,199,19.98%,76,7.63%,35,3.51%,996
SUL,41,PR,411695,NOVA ESPERANCA DO SUDOESTE,7,1.94%,8,2.22%,184,50.97%,71,19.67%,44,12.19%,47,13.02%,361
SUL,41,PR,411700,NOVA FATIMA,4,1.55%,11,4.26%,168,65.12%,37,14.34%,16,6.2%,22,8.53%,258
SUL,41,PR,411705,NOVA LARANJEIRAS,15,1.7%,13,1.48%,453,51.42%,181,20.54%,122,13.85%,97,11.01%,881
SUL,41,PR,411710,NOVA LONDRINA,12,2.33%,14,2.71%,322,62.4%,88,17.05%,44,8.53%,36,6.98%,516
SUL,41,PR,411720,NOVA OLIMPIA,4,1.57%,5,1.97%,153,60.24%,55,21.65%,19,7.48%,18,7.09%,254
SUL,41,PR,411721,NOVA SANTA BARBARA,1,0.36%,3,1.07%,199,71.07%,51,18.21%,22,7.86%,4,1.43%,280
SUL,41,PR,411722,NOVA SANTA ROSA,5,1.43%,7,2.01%,236,67.62%,62,17.77%,24,6.88%,15,4.3%,349
SUL,41,PR,411725,NOVA PRATA DO IGUACU,7,1.57%,7,1.57%,272,60.85%,84,18.79%,55,12.3%,22,4.92%,447
SUL,41,PR,411727,NOVA TEBAS,26,5.76%,22,4.88%,255,56.54%,72,15.96%,39,8.65%,37,8.2%,451
SUL,41,PR,411729,NOVO ITACOLOMI,0,-,2,1.27%,81,51.59%,36,22.93%,30,19.11%,8,5.1%,157
SUL,41,PR,411730,ORTIGUEIRA,19,1.55%,21,1.71%,699,56.97%,268,21.84%,127,10.35%,93,7.58%,1227
SUL,41,PR,411740,OURIZONA,0,-,0,-,45,56.96%,21,26.58%,7,8.86%,6,7.59%,79
SUL,41,PR,411745,OURO VERDE DO OESTE,3,0.96%,5,1.6%,187,59.94%,73,23.4%,25,8.01%,19,6.09%,312
SUL,41,PR,411750,PAICANDU,20,1.02%,39,1.99%,1247,63.56%,399,20.34%,165,8.41%,92,4.69%,1962
SUL,41,PR,411760,PALMAS,63,3.97%,70,4.41%,1010,63.68%,214,13.49%,110,6.94%,119,7.5%,1586
SUL,41,PR,411770,PALMEIRA,14,1.67%,15,1.79%,560,66.75%,140,16.69%,71,8.46%,39,4.65%,839
SUL,41,PR,411780,PALMITAL,13,1.79%,24,3.31%,458,63.17%,124,17.1%,63,8.69%,43,5.93%,725
SUL,41,PR,411790,PALOTINA,16,0.88%,30,1.65%,1090,60.06%,415,22.87%,168,9.26%,96,5.29%,1815
SUL,41,PR,411800,PARAISO DO NORTE,8,1%,16,2.01%,451,56.52%,187,23.43%,90,11.28%,46,5.76%,798
SUL,41,PR,411810,PARANACITY,3,0.63%,3,0.63%,308,64.98%,98,20.68%,45,9.49%,17,3.59%,474
SUL,41,PR,411820,PARANAGUA,54,1.14%,112,2.37%,3010,63.76%,941,19.93%,388,8.22%,216,4.58%,4721
SUL,41,PR,411830,PARANAPOEMA,1,0.75%,6,4.51%,77,57.89%,25,18.8%,18,13.53%,6,4.51%,133
SUL,41,PR,411840,PARANAVAI,44,1.24%,80,2.26%,2234,63%,720,20.3%,286,8.07%,182,5.13%,3546
SUL,41,PR,411845,PATO BRAGADO,4,1.07%,6,1.6%,273,72.99%,56,14.97%,27,7.22%,8,2.14%,374
SUL,41,PR,411850,PATO BRANCO,42,1.26%,60,1.8%,2116,63.56%,705,21.18%,274,8.23%,132,3.97%,3329
SUL,41,PR,411860,PAULA FREITAS,2,0.66%,5,1.66%,192,63.58%,65,21.52%,25,8.28%,13,4.3%,302
SUL,41,PR,411870,PAULO FRONTIN,2,0.55%,7,1.92%,225,61.81%,71,19.51%,35,9.62%,24,6.59%,364
SUL,41,PR,411880,PEABIRU,5,1.08%,12,2.59%,285,61.56%,105,22.68%,38,8.21%,18,3.89%,463
SUL,41,PR,411885,PEROBAL,2,0.43%,5,1.07%,308,65.81%,87,18.59%,50,10.68%,16,3.42%,468
SUL,41,PR,411890,PEROLA,4,0.84%,3,0.63%,332,70.04%,84,17.72%,30,6.33%,21,4.43%,474
SUL,41,PR,411900,PEROLA D'OESTE,5,1.81%,5,1.81%,168,60.65%,62,22.38%,26,9.39%,11,3.97%,277
SUL,41,PR,411910,PIEN,7,0.71%,12,1.22%,606,61.52%,233,23.65%,102,10.36%,25,2.54%,985
SUL,41,PR,411915,PINHAIS,50,0.79%,109,1.73%,4078,64.56%,1362,21.56%,504,7.98%,214,3.39%,6317
SUL,41,PR,411920,PINHALAO,4,1.04%,5,1.3%,262,67.88%,77,19.95%,25,6.48%,13,3.37%,386
SUL,41,PR,411925,PINHAL DE SAO BENTO,0,-,0,-,115,71.88%,33,20.63%,11,6.88%,1,0.63%,160
SUL,41,PR,411930,PINHAO,32,2.29%,49,3.51%,828,59.35%,266,19.07%,117,8.39%,103,7.38%,1395
SUL,41,PR,411940,PIRAI DO SUL,8,0.73%,33,3.01%,742,67.76%,191,17.44%,78,7.12%,43,3.93%,1095
SUL,41,PR,411950,PIRAQUARA,57,1.14%,95,1.9%,3347,66.85%,974,19.45%,362,7.23%,172,3.44%,5007
SUL,41,PR,411960,PITANGA,12,0.73%,37,2.27%,1053,64.48%,329,20.15%,141,8.63%,61,3.74%,1633
SUL,41,PR,411965,PITANGUEIRAS,0,-,2,2.9%,35,50.72%,17,24.64%,7,10.14%,8,11.59%,69
SUL,41,PR,411970,PLANALTINA DO PARANA,2,0.82%,4,1.63%,141,57.55%,63,25.71%,22,8.98%,13,5.31%,245
SUL,41,PR,411980,PLANALTO,4,0.59%,13,1.93%,408,60.53%,154,22.85%,57,8.46%,38,5.64%,674
SUL,41,PR,411990,PONTA GROSSA,244,1.67%,354,2.42%,8795,60.1%,3008,20.55%,1279,8.74%,955,6.53%,14635
SUL,41,PR,411995,PONTAL DO PARANA,20,2.54%,19,2.42%,468,59.54%,151,19.21%,63,8.02%,65,8.27%,786
SUL,41,PR,412000,PORECATU,2,0.45%,6,1.35%,302,68.17%,79,17.83%,38,8.58%,16,3.61%,443
SUL,41,PR,412010,PORTO AMAZONAS,0,-,1,0.5%,117,58.21%,49,24.38%,20,9.95%,14,6.97%,201
SUL,41,PR,412015,PORTO BARREIRO,2,1.12%,4,2.23%,114,63.69%,39,21.79%,11,6.15%,9,5.03%,179
SUL,41,PR,412020,PORTO RICO,3,1.44%,2,0.96%,133,63.94%,42,20.19%,18,8.65%,10,4.81%,208
SUL,41,PR,412030,PORTO VITORIA,0,-,5,2.02%,152,61.54%,53,21.46%,25,10.12%,12,4.86%,247
SUL,41,PR,412033,PRADO FERREIRA,1,0.89%,4,3.57%,73,65.18%,17,15.18%,9,8.04%,8,7.14%,112
SUL,41,PR,412035,PRANCHITA,3,1.02%,5,1.71%,176,60.07%,64,21.84%,25,8.53%,20,6.83%,293
SUL,41,PR,412040,PRESIDENTE CASTELO BRANCO,4,3.39%,5,4.24%,62,52.54%,35,29.66%,7,5.93%,5,4.24%,118
SUL,41,PR,412050,PRIMEIRO DE MAIO,9,4.79%,3,1.6%,97,51.6%,31,16.49%,21,11.17%,27,14.36%,188
SUL,41,PR,412060,PRUDENTOPOLIS,16,0.71%,44,1.95%,1532,67.91%,427,18.93%,158,7%,79,3.5%,2256
SUL,41,PR,412065,QUARTO CENTENARIO,2,0.95%,5,2.37%,105,49.76%,61,28.91%,26,12.32%,12,5.69%,211
SUL,41,PR,412070,QUATIGUA,5,1.39%,8,2.23%,208,57.94%,82,22.84%,35,9.75%,21,5.85%,359
SUL,41,PR,412080,QUATRO BARRAS,7,0.66%,22,2.08%,683,64.43%,219,20.66%,88,8.3%,41,3.87%,1060
SUL,41,PR,412085,QUATRO PONTES,3,1.15%,4,1.53%,189,72.14%,38,14.5%,21,8.02%,7,2.67%,262
SUL,41,PR,412090,QUEDAS DO IGUACU,21,1.23%,34,1.98%,1071,62.52%,375,21.89%,149,8.7%,63,3.68%,1713
SUL,41,PR,412100,QUERENCIA DO NORTE,8,1.79%,10,2.23%,240,53.57%,93,20.76%,56,12.5%,41,9.15%,448
SUL,41,PR,412110,QUINTA DO SOL,1,0.42%,6,2.53%,141,59.49%,53,22.36%,29,12.24%,7,2.95%,237
SUL,41,PR,412120,QUITANDINHA,8,0.8%,13,1.3%,645,64.63%,220,22.04%,74,7.41%,38,3.81%,998
SUL,41,PR,412125,RAMILANDIA,1,0.64%,1,0.64%,100,63.69%,36,22.93%,12,7.64%,7,4.46%,157
SUL,41,PR,412130,RANCHO ALEGRE,1,0.72%,2,1.44%,93,66.91%,28,20.14%,10,7.19%,5,3.6%,139
SUL,41,PR,412135,RANCHO ALEGRE D'OESTE,0,-,0,-,82,59.85%,38,27.74%,12,8.76%,5,3.65%,137
SUL,41,PR,412140,REALEZA,3,0.31%,9,0.94%,559,58.41%,265,27.69%,79,8.25%,42,4.39%,957
SUL,41,PR,412150,REBOUCAS,5,0.57%,11,1.25%,568,64.77%,191,21.78%,68,7.75%,34,3.88%,877
SUL,41,PR,412160,RENASCENCA,4,1.1%,10,2.75%,193,53.17%,66,18.18%,43,11.85%,47,12.95%,363
SUL,41,PR,412170,RESERVA,9,0.77%,24,2.04%,709,60.29%,258,21.94%,93,7.91%,83,7.06%,1176
SUL,41,PR,412175,RESERVA DO IGUACU,2,0.56%,6,1.69%,204,57.63%,73,20.62%,40,11.3%,29,8.19%,354
SUL,41,PR,412180,RIBEIRAO CLARO,3,0.59%,6,1.19%,313,61.86%,104,20.55%,44,8.7%,36,7.11%,506
SUL,41,PR,412190,RIBEIRAO DO PINHAL,8,1.45%,13,2.35%,343,62.03%,112,20.25%,44,7.96%,33,5.97%,553
SUL,41,PR,412200,RIO AZUL,5,0.62%,9,1.12%,507,62.9%,164,20.35%,75,9.31%,46,5.71%,806
SUL,41,PR,412210,RIO BOM,3,1.8%,1,0.6%,107,64.07%,39,23.35%,12,7.19%,5,2.99%,167
SUL,41,PR,412215,RIO BONITO DO IGUACU,30,3.24%,33,3.56%,465,50.16%,172,18.55%,97,10.46%,130,14.02%,927
SUL,41,PR,412217,RIO BRANCO DO IVAI,5,2.42%,3,1.45%,123,59.42%,49,23.67%,21,10.14%,6,2.9%,207
SUL,41,PR,412220,RIO BRANCO DO SUL,23,1.23%,46,2.47%,1078,57.8%,422,22.63%,188,10.08%,108,5.79%,1865
SUL,41,PR,412230,RIO NEGRO,8,0.55%,30,2.07%,894,61.66%,329,22.69%,119,8.21%,70,4.83%,1450
SUL,41,PR,412240,ROLANDIA,94,2.95%,107,3.36%,2008,62.99%,527,16.53%,244,7.65%,208,6.52%,3188
SUL,41,PR,412250,RONCADOR,6,1.08%,10,1.79%,326,58.42%,116,20.79%,60,10.75%,40,7.17%,558
SUL,41,PR,412260,RONDON,4,0.95%,13,3.1%,263,62.62%,83,19.76%,35,8.33%,22,5.24%,420
SUL,41,PR,412265,ROSARIO DO IVAI,2,0.71%,7,2.5%,167,59.64%,60,21.43%,28,10%,16,5.71%,280
SUL,41,PR,412270,SABAUDIA,6,1.23%,8,1.64%,292,59.71%,109,22.29%,45,9.2%,29,5.93%,489
SUL,41,PR,412280,SALGADO FILHO,0,-,2,3.39%,33,55.93%,11,18.64%,8,13.56%,5,8.47%,59
SUL,41,PR,412290,SALTO DO ITARARE,3,1.76%,0,-,76,44.71%,42,24.71%,28,16.47%,21,12.35%,170
SUL,41,PR,412300,SALTO DO LONTRA,7,1.01%,15,2.17%,382,55.36%,154,22.32%,84,12.17%,48,6.96%,690
SUL,41,PR,412310,SANTA AMELIA,3,2.68%,7,6.25%,71,63.39%,19,16.96%,11,9.82%,1,0.89%,112
SUL,41,PR,412320,SANTA CECILIA DO PAVAO,5,4.59%,3,2.75%,73,66.97%,18,16.51%,4,3.67%,6,5.5%,109
SUL,41,PR,412330,SANTA CRUZ DE MONTE CASTELO,6,1.59%,5,1.32%,240,63.49%,75,19.84%,28,7.41%,24,6.35%,378
SUL,41,PR,412340,SANTA FE,0,-,7,1.51%,249,53.66%,135,29.09%,51,10.99%,22,4.74%,464
SUL,41,PR,412350,SANTA HELENA,13,0.87%,14,0.93%,881,58.81%,376,25.1%,141,9.41%,73,4.87%,1498
SUL,41,PR,412360,SANTA INES,2,4.08%,0,-,28,57.14%,9,18.37%,4,8.16%,6,12.24%,49
SUL,41,PR,412370,SANTA ISABEL DO IVAI,1,0.24%,9,2.2%,250,61.12%,83,20.29%,36,8.8%,30,7.33%,409
SUL,41,PR,412380,SANTA IZABEL DO OESTE,10,1.55%,17,2.63%,425,65.79%,117,18.11%,42,6.5%,35,5.42%,646
SUL,41,PR,412382,SANTA LUCIA,1,0.45%,4,1.82%,151,68.64%,36,16.36%,15,6.82%,13,5.91%,220
SUL,41,PR,412385,SANTA MARIA DO OESTE,49,7.31%,20,2.99%,419,62.54%,107,15.97%,45,6.72%,30,4.48%,670
SUL,41,PR,412390,SANTA MARIANA,8,2.7%,12,4.05%,175,59.12%,53,17.91%,30,10.14%,18,6.08%,296
SUL,41,PR,412395,SANTA MONICA,2,1.08%,2,1.08%,103,55.68%,49,26.49%,17,9.19%,12,6.49%,185
SUL,41,PR,412400,SANTANA DO ITARARE,2,0.73%,7,2.55%,177,64.6%,52,18.98%,21,7.66%,15,5.47%,274
SUL,41,PR,412402,SANTA TEREZA DO OESTE,5,0.59%,15,1.77%,577,67.96%,156,18.37%,67,7.89%,29,3.42%,849
SUL,41,PR,412405,SANTA TEREZINHA DE ITAIPU,26,1.92%,23,1.7%,842,62.14%,262,19.34%,115,8.49%,87,6.42%,1355
SUL,41,PR,412410,SANTO ANTONIO DA PLATINA,11,0.59%,49,2.62%,1176,62.85%,352,18.81%,160,8.55%,123,6.57%,1871
SUL,41,PR,412420,SANTO ANTONIO DO CAIUA,0,-,0,-,57,55.34%,24,23.3%,12,11.65%,10,9.71%,103
SUL,41,PR,412430,SANTO ANTONIO DO PARAISO,0,-,3,2.65%,78,69.03%,25,22.12%,6,5.31%,1,0.88%,113
SUL,41,PR,412440,SANTO ANTONIO DO SUDOESTE,5,0.71%,10,1.43%,344,49.14%,159,22.71%,102,14.57%,80,11.43%,700
SUL,41,PR,412450,SANTO INACIO,3,0.78%,4,1.03%,241,62.27%,89,23%,35,9.04%,15,3.88%,387
SUL,41,PR,412460,SAO CARLOS DO IVAI,2,0.77%,10,3.83%,168,64.37%,55,21.07%,9,3.45%,17,6.51%,261
SUL,41,PR,412470,SAO JERONIMO DA SERRA,3,0.57%,14,2.64%,304,57.36%,114,21.51%,54,10.19%,41,7.74%,530
SUL,41,PR,412480,SAO JOAO,5,0.74%,8,1.18%,428,62.94%,150,22.06%,53,7.79%,36,5.29%,680
SUL,41,PR,412490,SAO JOAO DO CAIUA,3,0.95%,8,2.54%,195,61.9%,66,20.95%,27,8.57%,16,5.08%,315
SUL,41,PR,412500,SAO JOAO DO IVAI,11,2.61%,19,4.5%,261,61.85%,69,16.35%,36,8.53%,26,6.16%,422
SUL,41,PR,412510,SAO JOAO DO TRIUNFO,9,1.35%,18,2.71%,408,61.35%,142,21.35%,53,7.97%,35,5.26%,665
SUL,41,PR,412520,SAO JORGE D'OESTE,6,1.23%,11,2.26%,278,57.08%,112,23%,49,10.06%,31,6.37%,487
SUL,41,PR,412530,SAO JORGE DO IVAI,2,1.57%,2,1.57%,70,55.12%,25,19.69%,18,14.17%,10,7.87%,127
SUL,41,PR,412535,SAO JORGE DO PATROCINIO,0,-,2,0.65%,186,60%,84,27.1%,23,7.42%,15,4.84%,310
SUL,41,PR,412540,SAO JOSE DA BOA VISTA,3,1.24%,7,2.9%,162,67.22%,42,17.43%,17,7.05%,10,4.15%,241
SUL,41,PR,412545,SAO JOSE DAS PALMEIRAS,5,4.81%,7,6.73%,65,62.5%,15,14.42%,7,6.73%,5,4.81%,104
SUL,41,PR,412550,SAO JOSE DOS PINHAIS,336,2.7%,290,2.33%,7751,62.4%,2401,19.33%,1012,8.15%,632,5.09%,12422
SUL,41,PR,412555,SAO MANOEL DO PARANA,0,-,1,1.06%,59,62.77%,23,24.47%,6,6.38%,5,5.32%,94
SUL,41,PR,412560,SAO MATEUS DO SUL,22,0.94%,36,1.53%,1466,62.49%,536,22.85%,184,7.84%,102,4.35%,2346
SUL,41,PR,412570,SAO MIGUEL DO IGUACU,16,1.3%,23,1.87%,741,60.34%,284,23.13%,112,9.12%,52,4.23%,1228
SUL,41,PR,412575,SAO PEDRO DO IGUACU,5,1.99%,4,1.59%,153,60.96%,51,20.32%,28,11.16%,10,3.98%,251
SUL,41,PR,412580,SAO PEDRO DO IVAI,4,0.9%,6,1.36%,209,47.29%,125,28.28%,53,11.99%,45,10.18%,442
SUL,41,PR,412590,SAO PEDRO DO PARANA,0,-,1,0.79%,87,68.5%,25,19.69%,10,7.87%,4,3.15%,127
SUL,41,PR,412600,SAO SEBASTIAO DA AMOREIRA,6,1.55%,8,2.07%,253,65.37%,65,16.8%,31,8.01%,24,6.2%,387
SUL,41,PR,412610,SAO TOME,2,1.82%,5,4.55%,77,70%,16,14.55%,6,5.45%,4,3.64%,110
SUL,41,PR,412620,SAPOPEMA,4,0.86%,7,1.5%,274,58.67%,104,22.27%,59,12.63%,19,4.07%,467
SUL,41,PR,412625,SARANDI,19,1.16%,53,3.24%,1085,66.36%,299,18.29%,119,7.28%,60,3.67%,1635
SUL,41,PR,412627,SAUDADE DO IGUACU,0,-,3,0.92%,203,62.46%,77,23.69%,29,8.92%,13,4%,325
SUL,41,PR,412630,SENGES,8,0.7%,23,2.02%,669,58.84%,254,22.34%,113,9.94%,70,6.16%,1137
SUL,41,PR,412635,SERRANOPOLIS DO IGUACU,1,0.31%,6,1.83%,217,66.36%,62,18.96%,27,8.26%,14,4.28%,327
SUL,41,PR,412640,SERTANEJA,1,0.38%,5,1.88%,134,50.38%,68,25.56%,32,12.03%,26,9.77%,266
SUL,41,PR,412650,SERTANOPOLIS,13,2.95%,8,1.81%,261,59.18%,90,20.41%,33,7.48%,36,8.16%,441
SUL,41,PR,412660,SIQUEIRA CAMPOS,6,0.62%,19,1.98%,617,64.14%,194,20.17%,83,8.63%,43,4.47%,962
SUL,41,PR,412665,SULINA,4,2.06%,4,2.06%,117,60.31%,49,25.26%,12,6.19%,8,4.12%,194
SUL,41,PR,412667,TAMARANA,14,2.3%,10,1.64%,416,68.2%,100,16.39%,39,6.39%,31,5.08%,610
SUL,41,PR,412670,TAMBOARA,2,0.7%,6,2.11%,192,67.61%,56,19.72%,20,7.04%,8,2.82%,284
SUL,41,PR,412680,TAPEJARA,4,0.91%,4,0.91%,266,60.45%,95,21.59%,44,10%,27,6.14%,440
SUL,41,PR,412690,TAPIRA,6,2.38%,0,-,140,55.56%,57,22.62%,29,11.51%,20,7.94%,252
SUL,41,PR,412700,TEIXEIRA SOARES,5,1.04%,10,2.08%,278,57.92%,114,23.75%,43,8.96%,30,6.25%,480
SUL,41,PR,412710,TELEMACO BORBA,27,1.02%,42,1.59%,1627,61.65%,597,22.62%,218,8.26%,128,4.85%,2639
SUL,41,PR,412720,TERRA BOA,6,0.61%,8,0.82%,620,63.52%,227,23.26%,82,8.4%,33,3.38%,976
SUL,41,PR,412730,TERRA RICA,3,0.44%,6,0.88%,428,62.66%,148,21.67%,58,8.49%,40,5.86%,683
SUL,41,PR,412740,TERRA ROXA,8,0.83%,9,0.93%,624,64.8%,208,21.6%,77,8%,37,3.84%,963
SUL,41,PR,412750,TIBAGI,13,1.17%,26,2.34%,747,67.24%,233,20.97%,53,4.77%,39,3.51%,1111
SUL,41,PR,412760,TIJUCAS DO SUL,12,1.13%,19,1.78%,669,62.82%,246,23.1%,79,7.42%,40,3.76%,1065
SUL,41,PR,412770,TOLEDO,46,0.71%,105,1.63%,4400,68.35%,1318,20.48%,395,6.14%,173,2.69%,6437
SUL,41,PR,412780,TOMAZINA,2,0.47%,6,1.4%,290,67.44%,82,19.07%,34,7.91%,16,3.72%,430
SUL,41,PR,412785,TRES BARRAS DO PARANA,14,2.23%,16,2.54%,398,63.28%,117,18.6%,45,7.15%,39,6.2%,629
SUL,41,PR,412788,TUNAS DO PARANA,12,3.61%,6,1.81%,207,62.35%,63,18.98%,22,6.63%,22,6.63%,332
SUL,41,PR,412790,TUNEIRAS DO OESTE,6,2.16%,11,3.96%,184,66.19%,49,17.63%,21,7.55%,7,2.52%,278
SUL,41,PR,412795,TUPASSI,9,4.33%,4,1.92%,119,57.21%,53,25.48%,12,5.77%,11,5.29%,208
SUL,41,PR,412796,TURVO,13,1.64%,17,2.15%,442,55.81%,173,21.84%,77,9.72%,70,8.84%,792
SUL,41,PR,412800,UBIRATA,14,1.26%,39,3.52%,677,61.16%,213,19.24%,98,8.85%,66,5.96%,1107
SUL,41,PR,412810,UMUARAMA,285,5.78%,171,3.47%,2682,54.43%,899,18.25%,443,8.99%,447,9.07%,4927
SUL,41,PR,412820,UNIAO DA VITORIA,25,1.2%,34,1.63%,1308,62.82%,438,21.04%,177,8.5%,100,4.8%,2082
SUL,41,PR,412830,UNIFLOR,1,0.92%,3,2.75%,62,56.88%,25,22.94%,8,7.34%,10,9.17%,109
SUL,41,PR,412840,URAI,2,0.71%,8,2.84%,181,64.18%,47,16.67%,32,11.35%,12,4.26%,282
SUL,41,PR,412850,WENCESLAU BRAZ,10,1.1%,12,1.32%,527,57.98%,206,22.66%,97,10.67%,57,6.27%,909
SUL,41,PR,412853,VENTANIA,6,1.34%,5,1.12%,258,57.72%,104,23.27%,52,11.63%,22,4.92%,447
SUL,41,PR,412855,VERA CRUZ DO OESTE,5,1.45%,12,3.48%,219,63.48%,64,18.55%,26,7.54%,19,5.51%,345
SUL,41,PR,412860,VERE,7,1.84%,10,2.62%,239,62.73%,61,16.01%,30,7.87%,34,8.92%,381
SUL,41,PR,412862,ALTO PARAISO,2,0.98%,3,1.47%,113,55.39%,55,26.96%,17,8.33%,14,6.86%,204
SUL,41,PR,412863,DOUTOR ULYSSES,1,0.39%,2,0.78%,160,62.75%,50,19.61%,29,11.37%,13,5.1%,255
SUL,41,PR,412865,VIRMOND,5,2.1%,3,1.26%,118,49.58%,68,28.57%,29,12.18%,15,6.3%,238
SUL,41,PR,412870,VITORINO,2,0.32%,4,0.64%,336,53.59%,153,24.4%,80,12.76%,52,8.29%,627
SUL,41,PR,412880,XAMBRE,6,1.68%,2,0.56%,224,62.75%,74,20.73%,29,8.12%,22,6.16%,357
SUL,42,SC,420005,ABDON BATISTA,4,3.08%,4,3.08%,88,67.69%,18,13.85%,12,9.23%,4,3.08%,130
SUL,42,SC,420010,ABELARDO LUZ,10,0.99%,15,1.49%,590,58.59%,222,22.05%,106,10.53%,64,6.36%,1007
SUL,42,SC,420020,AGROLANDIA,4,0.73%,10,1.82%,306,55.64%,141,25.64%,62,11.27%,27,4.91%,550
SUL,42,SC,420030,AGRONOMICA,0,-,4,1.19%,205,61.01%,69,20.54%,40,11.9%,18,5.36%,336
SUL,42,SC,420040,AGUA DOCE,1,0.3%,3,0.89%,243,71.89%,66,19.53%,15,4.44%,10,2.96%,338
SUL,42,SC,420050,AGUAS DE CHAPECO,7,2.22%,10,3.16%,193,61.08%,63,19.94%,29,9.18%,14,4.43%,316
SUL,42,SC,420055,AGUAS FRIAS,0,-,0,-,115,64.25%,44,24.58%,14,7.82%,6,3.35%,179
SUL,42,SC,420060,AGUAS MORNAS,0,-,2,0.54%,259,69.81%,74,19.95%,31,8.36%,5,1.35%,371
SUL,42,SC,420070,ALFREDO WAGNER,2,0.69%,6,2.08%,176,61.11%,64,22.22%,23,7.99%,17,5.9%,288
SUL,42,SC,420075,ALTO BELA VISTA,0,-,0,-,13,68.42%,6,31.58%,0,-,0,-,19
SUL,42,SC,420080,ANCHIETA,0,-,6,3.16%,138,72.63%,33,17.37%,6,3.16%,7,3.68%,190
SUL,42,SC,420090,ANGELINA,3,3.37%,2,2.25%,53,59.55%,17,19.1%,5,5.62%,9,10.11%,89
SUL,42,SC,420100,ANITA GARIBALDI,7,1.52%,12,2.61%,339,73.7%,65,14.13%,21,4.57%,16,3.48%,460
SUL,42,SC,420110,ANITAPOLIS,3,1.37%,1,0.46%,137,62.56%,42,19.18%,26,11.87%,10,4.57%,219
SUL,42,SC,420120,ANTONIO CARLOS,2,0.42%,2,0.42%,167,35.01%,98,20.55%,53,11.11%,155,32.49%,477
SUL,42,SC,420125,APIUNA,8,1.74%,10,2.17%,263,57.17%,93,20.22%,54,11.74%,32,6.96%,460
SUL,42,SC,420127,ARABUTA,0,-,1,2.78%,23,63.89%,9,25%,2,5.56%,1,2.78%,36
SUL,42,SC,420130,ARAQUARI,23,0.89%,48,1.85%,1646,63.48%,530,20.44%,230,8.87%,116,4.47%,2593
SUL,42,SC,420140,ARARANGUA,27,1.05%,49,1.91%,1618,63.08%,533,20.78%,231,9.01%,107,4.17%,2565
SUL,42,SC,420150,ARMAZEM,6,1.41%,13,3.05%,186,43.66%,92,21.6%,74,17.37%,55,12.91%,426
SUL,42,SC,420160,ARROIO TRINTA,2,1.22%,3,1.83%,104,63.41%,36,21.95%,10,6.1%,9,5.49%,164
SUL,42,SC,420165,ARVOREDO,2,1.48%,2,1.48%,89,65.93%,31,22.96%,5,3.7%,6,4.44%,135
SUL,42,SC,420170,ASCURRA,3,0.62%,10,2.07%,262,54.24%,102,21.12%,59,12.22%,47,9.73%,483
SUL,42,SC,420180,ATALANTA,1,0.51%,3,1.54%,128,65.64%,41,21.03%,8,4.1%,14,7.18%,195
SUL,42,SC,420190,AURORA,1,0.24%,2,0.47%,262,61.79%,105,24.76%,38,8.96%,16,3.77%,424
SUL,42,SC,420195,BALNEARIO ARROIO DO SILVA,21,2.21%,19,2%,484,50.95%,217,22.84%,116,12.21%,93,9.79%,950
SUL,42,SC,420200,BALNEARIO CAMBORIU,28,0.62%,66,1.47%,2740,60.85%,1085,24.1%,425,9.44%,159,3.53%,4503
SUL,42,SC,420205,BALNEARIO BARRA DO SUL,14,2.8%,10,2%,280,56%,100,20%,49,9.8%,47,9.4%,500
SUL,42,SC,420207,BALNEARIO GAIVOTA,15,2.43%,14,2.27%,363,58.83%,105,17.02%,68,11.02%,52,8.43%,617
SUL,42,SC,420208,BANDEIRANTE,1,0.52%,5,2.6%,116,60.42%,41,21.35%,12,6.25%,17,8.85%,192
SUL,42,SC,420209,BARRA BONITA,0,-,1,2.27%,20,45.45%,12,27.27%,7,15.91%,4,9.09%,44
SUL,42,SC,420210,BARRA VELHA,19,0.79%,32,1.34%,1379,57.67%,573,23.96%,264,11.04%,124,5.19%,2391
SUL,42,SC,420213,BELA VISTA DO TOLDO,0,-,5,1.68%,181,60.74%,55,18.46%,37,12.42%,20,6.71%,298
SUL,42,SC,420215,BELMONTE,0,-,3,1.92%,89,57.05%,37,23.72%,19,12.18%,8,5.13%,156
SUL,42,SC,420220,BENEDITO NOVO,5,1.01%,8,1.61%,308,62.1%,106,21.37%,57,11.49%,12,2.42%,496
SUL,42,SC,420230,BIGUACU,15,0.42%,48,1.33%,2310,64.17%,780,21.67%,307,8.53%,140,3.89%,3600
SUL,42,SC,420240,BLUMENAU,136,0.95%,219,1.52%,8555,59.45%,3073,21.35%,1305,9.07%,1103,7.66%,14391
SUL,42,SC,420243,BOCAINA DO SUL,5,3.23%,3,1.94%,78,50.32%,33,21.29%,21,13.55%,15,9.68%,155
SUL,42,SC,420245,BOMBINHAS,24,1.66%,25,1.73%,853,59.15%,329,22.82%,141,9.78%,70,4.85%,1442
SUL,42,SC,420250,BOM JARDIM DA SERRA,2,0.98%,5,2.44%,115,56.1%,49,23.9%,27,13.17%,7,3.41%,205
SUL,42,SC,420253,BOM JESUS,3,1.74%,5,2.91%,101,58.72%,28,16.28%,18,10.47%,17,9.88%,172
SUL,42,SC,420257,BOM JESUS DO OESTE,1,0.95%,1,0.95%,59,56.19%,24,22.86%,11,10.48%,9,8.57%,105
SUL,42,SC,420260,BOM RETIRO,3,0.6%,5,1.01%,309,62.3%,115,23.19%,42,8.47%,22,4.44%,496
SUL,42,SC,420270,BOTUVERA,4,1.41%,2,0.7%,193,67.96%,57,20.07%,20,7.04%,8,2.82%,284
SUL,42,SC,420280,BRACO DO NORTE,35,1.45%,46,1.9%,1383,57.27%,557,23.06%,248,10.27%,146,6.05%,2415
SUL,42,SC,420285,BRACO DO TROMBUDO,0,-,1,0.46%,132,60.83%,55,25.35%,22,10.14%,7,3.23%,217
SUL,42,SC,420287,BRUNOPOLIS,2,1.2%,6,3.59%,102,61.08%,32,19.16%,18,10.78%,7,4.19%,167
SUL,42,SC,420290,BRUSQUE,29,1.03%,47,1.66%,1826,64.57%,545,19.27%,255,9.02%,126,4.46%,2828
SUL,42,SC,420300,CACADOR,19,0.55%,57,1.65%,2343,67.97%,671,19.47%,237,6.88%,120,3.48%,3447
SUL,42,SC,420310,CAIBI,11,3.02%,13,3.57%,208,57.14%,72,19.78%,35,9.62%,25,6.87%,364
SUL,42,SC,420315,CALMON,2,0.74%,8,2.96%,190,70.37%,42,15.56%,17,6.3%,11,4.07%,270
SUL,42,SC,420320,CAMBORIU,82,1.61%,90,1.77%,3090,60.72%,1102,21.65%,449,8.82%,276,5.42%,5089
SUL,42,SC,420325,CAPAO ALTO,0,-,3,2.36%,76,59.84%,24,18.9%,15,11.81%,9,7.09%,127
SUL,42,SC,420330,CAMPO ALEGRE,5,0.75%,11,1.65%,438,65.57%,146,21.86%,44,6.59%,24,3.59%,668
SUL,42,SC,420340,CAMPO BELO DO SUL,4,1.21%,7,2.12%,222,67.27%,64,19.39%,23,6.97%,10,3.03%,330
SUL,42,SC,420350,CAMPO ERE,4,0.69%,12,2.06%,367,62.95%,136,23.33%,43,7.38%,21,3.6%,583
SUL,42,SC,420360,CAMPOS NOVOS,13,1.5%,24,2.76%,562,64.75%,159,18.32%,70,8.06%,40,4.61%,868
SUL,42,SC,420370,CANELINHA,19,2.4%,21,2.65%,427,53.91%,170,21.46%,101,12.75%,54,6.82%,792
SUL,42,SC,420380,CANOINHAS,18,0.89%,32,1.59%,1326,65.84%,392,19.46%,157,7.8%,89,4.42%,2014
SUL,42,SC,420390,CAPINZAL,6,0.77%,14,1.79%,485,62.02%,169,21.61%,72,9.21%,36,4.6%,782
SUL,42,SC,420395,CAPIVARI DE BAIXO,23,2.2%,18,1.72%,633,60.52%,207,19.79%,97,9.27%,68,6.5%,1046
SUL,42,SC,420400,CATANDUVAS,10,2.4%,7,1.68%,265,63.7%,71,17.07%,26,6.25%,37,8.89%,416
SUL,42,SC,420410,CAXAMBU DO SUL,2,0.77%,7,2.68%,170,65.13%,49,18.77%,18,6.9%,15,5.75%,261
SUL,42,SC,420415,CELSO RAMOS,1,0.53%,6,3.21%,121,64.71%,33,17.65%,18,9.63%,8,4.28%,187
SUL,42,SC,420417,CERRO NEGRO,0,-,2,0.97%,143,69.42%,40,19.42%,16,7.77%,5,2.43%,206
SUL,42,SC,420419,CHAPADAO DO LAGEADO,2,1.2%,4,2.41%,122,73.49%,18,10.84%,14,8.43%,6,3.61%,166
SUL,42,SC,420420,CHAPECO,68,0.67%,209,2.05%,6682,65.5%,2109,20.67%,775,7.6%,358,3.51%,10201
SUL,42,SC,420425,COCAL DO SUL,16,2.28%,17,2.42%,386,54.99%,152,21.65%,77,10.97%,54,7.69%,702
SUL,42,SC,420430,CONCORDIA,17,0.58%,38,1.29%,1832,62.08%,680,23.04%,252,8.54%,132,4.47%,2951
SUL,42,SC,420435,CORDILHEIRA ALTA,3,1.01%,9,3.03%,202,68.01%,54,18.18%,13,4.38%,16,5.39%,297
SUL,42,SC,420440,CORONEL FREITAS,14,6.67%,10,4.76%,111,52.86%,42,20%,23,10.95%,10,4.76%,210
SUL,42,SC,420445,CORONEL MARTINS,2,3.57%,1,1.79%,24,42.86%,9,16.07%,8,14.29%,12,21.43%,56
SUL,42,SC,420450,CORUPA,4,0.6%,8,1.2%,429,64.41%,140,21.02%,58,8.71%,27,4.05%,666
SUL,42,SC,420455,CORREIA PINTO,8,1.03%,10,1.28%,513,65.77%,133,17.05%,78,10%,38,4.87%,780
SUL,42,SC,420460,CRICIUMA,106,1.29%,190,2.3%,5004,60.67%,1841,22.32%,752,9.12%,355,4.3%,8248
SUL,42,SC,420470,CUNHA PORA,7,1.19%,8,1.36%,344,58.6%,131,22.32%,55,9.37%,42,7.16%,587
SUL,42,SC,420475,CUNHATAI,1,1.19%,1,1.19%,58,69.05%,21,25%,2,2.38%,1,1.19%,84
SUL,42,SC,420480,CURITIBANOS,27,1.39%,41,2.11%,1263,65%,369,18.99%,142,7.31%,101,5.2%,1943
SUL,42,SC,420490,DESCANSO,3,0.71%,7,1.65%,272,64%,87,20.47%,35,8.24%,21,4.94%,425
SUL,42,SC,420500,DIONISIO CERQUEIRA,6,0.83%,9,1.24%,486,66.94%,151,20.8%,52,7.16%,22,3.03%,726
SUL,42,SC,420510,DONA EMMA,0,-,2,0.68%,177,60.62%,65,22.26%,24,8.22%,24,8.22%,292
SUL,42,SC,420515,DOUTOR PEDRINHO,3,1.61%,4,2.15%,126,67.74%,33,17.74%,18,9.68%,2,1.08%,186
SUL,42,SC,420517,ENTRE RIOS,3,1.2%,2,0.8%,158,62.95%,53,21.12%,22,8.76%,13,5.18%,251
SUL,42,SC,420519,ERMO,3,1.78%,8,4.73%,103,60.95%,32,18.93%,15,8.88%,8,4.73%,169
SUL,42,SC,420520,ERVAL VELHO,7,2.64%,9,3.4%,167,63.02%,44,16.6%,15,5.66%,23,8.68%,265
SUL,42,SC,420530,FAXINAL DOS GUEDES,4,0.57%,13,1.84%,477,67.47%,126,17.82%,51,7.21%,36,5.09%,707
SUL,42,SC,420535,FLOR DO SERTAO,2,1.68%,3,2.52%,77,64.71%,26,21.85%,9,7.56%,2,1.68%,119
SUL,42,SC,420540,FLORIANOPOLIS,137,1.27%,182,1.68%,6793,62.86%,2302,21.3%,899,8.32%,494,4.57%,10807
SUL,42,SC,420543,FORMOSA DO SUL,1,0.6%,3,1.81%,108,65.06%,34,20.48%,9,5.42%,11,6.63%,166
SUL,42,SC,420545,FORQUILHINHA,49,2.12%,41,1.78%,1325,57.46%,471,20.42%,247,10.71%,173,7.5%,2306
SUL,42,SC,420550,FRAIBURGO,20,1.06%,29,1.54%,1183,62.76%,426,22.6%,158,8.38%,69,3.66%,1885
SUL,42,SC,420555,FREI ROGERIO,1,0.88%,2,1.75%,90,78.95%,10,8.77%,10,8.77%,1,0.88%,114
SUL,42,SC,420560,GALVAO,0,-,4,3.01%,98,73.68%,15,11.28%,10,7.52%,6,4.51%,133
SUL,42,SC,420570,GAROPABA,13,0.99%,22,1.68%,857,65.32%,283,21.57%,88,6.71%,49,3.73%,1312
SUL,42,SC,420580,GARUVA,6,0.66%,14,1.53%,549,60%,199,21.75%,98,10.71%,49,5.36%,915
SUL,42,SC,420590,GASPAR,27,0.9%,55,1.84%,1931,64.67%,600,20.09%,252,8.44%,121,4.05%,2986
SUL,42,SC,420600,GOVERNADOR CELSO RAMOS,11,1.38%,13,1.64%,388,48.81%,169,21.26%,103,12.96%,111,13.96%,795
SUL,42,SC,420610,GRAO-PARA,5,1.2%,6,1.45%,264,63.61%,85,20.48%,30,7.23%,25,6.02%,415
SUL,42,SC,420620,GRAVATAL,13,2.85%,16,3.51%,258,56.58%,96,21.05%,52,11.4%,21,4.61%,456
SUL,42,SC,420630,GUABIRUBA,7,1.02%,9,1.32%,414,60.61%,168,24.6%,57,8.35%,28,4.1%,683
SUL,42,SC,420640,GUARACIABA,3,0.66%,10,2.21%,303,67.04%,86,19.03%,32,7.08%,18,3.98%,452
SUL,42,SC,420650,GUARAMIRIM,7,0.28%,30,1.22%,1592,64.61%,541,21.96%,214,8.69%,80,3.25%,2464
SUL,42,SC,420660,GUARUJA DO SUL,11,5.05%,5,2.29%,141,64.68%,36,16.51%,17,7.8%,8,3.67%,218
SUL,42,SC,420665,GUATAMBU,5,0.89%,13,2.32%,356,63.57%,114,20.36%,54,9.64%,18,3.21%,560
SUL,42,SC,420670,HERVAL D'OESTE,4,0.37%,19,1.78%,676,63.18%,230,21.5%,98,9.16%,43,4.02%,1070
SUL,42,SC,420675,IBIAM,3,2.78%,1,0.93%,60,55.56%,20,18.52%,15,13.89%,9,8.33%,108
SUL,42,SC,420680,IBICARE,0,-,2,1.05%,106,55.5%,45,23.56%,18,9.42%,20,10.47%,191
SUL,42,SC,420690,IBIRAMA,8,0.97%,14,1.69%,510,61.74%,183,22.15%,74,8.96%,37,4.48%,826
SUL,42,SC,420700,ICARA,42,1.42%,66,2.24%,1774,60.18%,654,22.18%,259,8.79%,153,5.19%,2948
SUL,42,SC,420710,ILHOTA,7,0.98%,13,1.82%,362,50.56%,196,27.37%,83,11.59%,55,7.68%,716
SUL,42,SC,420720,IMARUI,9,2.4%,12,3.2%,208,55.47%,81,21.6%,47,12.53%,18,4.8%,375
SUL,42,SC,420730,IMBITUBA,24,2%,37,3.08%,748,62.28%,243,20.23%,93,7.74%,56,4.66%,1201
SUL,42,SC,420740,IMBUIA,3,0.94%,4,1.25%,179,56.11%,87,27.27%,28,8.78%,18,5.64%,319
SUL,42,SC,420750,INDAIAL,24,0.66%,41,1.13%,2262,62.16%,860,23.63%,309,8.49%,143,3.93%,3639
SUL,42,SC,420757,IOMERE,2,1.24%,2,1.24%,109,67.7%,34,21.12%,7,4.35%,7,4.35%,161
SUL,42,SC,420760,IPIRA,0,-,1,0.77%,79,60.77%,35,26.92%,9,6.92%,6,4.62%,130
SUL,42,SC,420765,IPORA DO OESTE,0,-,7,2.26%,212,68.39%,55,17.74%,24,7.74%,12,3.87%,310
SUL,42,SC,420768,IPUACU,8,2.24%,11,3.08%,203,56.86%,81,22.69%,31,8.68%,23,6.44%,357
SUL,42,SC,420770,IPUMIRIM,1,0.36%,2,0.73%,154,56%,81,29.45%,19,6.91%,18,6.55%,275
SUL,42,SC,420775,IRACEMINHA,0,-,2,0.95%,144,68.25%,47,22.27%,14,6.64%,4,1.9%,211
SUL,42,SC,420780,IRANI,6,3.59%,6,3.59%,96,57.49%,37,22.16%,10,5.99%,12,7.19%,167
SUL,42,SC,420785,IRATI,2,1.64%,3,2.46%,84,68.85%,25,20.49%,5,4.1%,3,2.46%,122
SUL,42,SC,420790,IRINEOPOLIS,7,1.08%,12,1.85%,391,60.15%,144,22.15%,53,8.15%,43,6.62%,650
SUL,42,SC,420800,ITA,5,1.18%,11,2.61%,244,57.82%,104,24.64%,49,11.61%,9,2.13%,422
SUL,42,SC,420810,ITAIOPOLIS,4,0.34%,22,1.89%,790,67.99%,212,18.24%,84,7.23%,50,4.3%,1162
SUL,42,SC,420820,ITAJAI,51,1.36%,82,2.18%,2463,65.63%,729,19.42%,282,7.51%,146,3.89%,3753
SUL,42,SC,420830,ITAPEMA,15,0.42%,59,1.63%,2205,61.1%,820,22.72%,317,8.78%,193,5.35%,3609
SUL,42,SC,420840,ITAPIRANGA,5,0.58%,7,0.81%,467,54.11%,170,19.7%,90,10.43%,124,14.37%,863
SUL,42,SC,420845,ITAPOA,27,2.02%,34,2.54%,801,59.87%,266,19.88%,131,9.79%,79,5.9%,1338
SUL,42,SC,420850,ITUPORANGA,8,0.91%,4,0.45%,530,60.09%,200,22.68%,91,10.32%,49,5.56%,882
SUL,42,SC,420860,JABORA,1,0.35%,5,1.75%,210,73.68%,46,16.14%,9,3.16%,14,4.91%,285
SUL,42,SC,420870,JACINTO MACHADO,3,0.69%,6,1.38%,274,62.84%,87,19.95%,46,10.55%,20,4.59%,436
SUL,42,SC,420880,JAGUARUNA,21,1.96%,24,2.24%,605,56.54%,216,20.19%,108,10.09%,96,8.97%,1070
SUL,42,SC,420890,JARAGUA DO SUL,47,0.68%,87,1.26%,4348,63.09%,1578,22.9%,578,8.39%,254,3.69%,6892
SUL,42,SC,420895,JARDINOPOLIS,1,1.39%,1,1.39%,56,77.78%,7,9.72%,2,2.78%,5,6.94%,72
SUL,42,SC,420900,JOACABA,9,0.88%,15,1.47%,568,55.58%,221,21.62%,115,11.25%,94,9.2%,1022
SUL,42,SC,420910,JOINVILLE,141,0.68%,352,1.7%,13625,65.62%,4327,20.84%,1583,7.62%,736,3.54%,20764
SUL,42,SC,420915,JOSE BOITEUX,9,2.57%,11,3.14%,216,61.71%,72,20.57%,26,7.43%,16,4.57%,350
SUL,42,SC,420917,JUPIA,4,3.45%,0,-,56,48.28%,20,17.24%,10,8.62%,26,22.41%,116
SUL,42,SC,420920,LACERDOPOLIS,0,-,3,2.68%,71,63.39%,24,21.43%,9,8.04%,5,4.46%,112
SUL,42,SC,420930,LAGES,66,2.62%,86,3.42%,1553,61.72%,431,17.13%,194,7.71%,186,7.39%,2516
SUL,42,SC,420940,LAGUNA,18,1.79%,25,2.49%,591,58.75%,195,19.38%,107,10.64%,70,6.96%,1006
SUL,42,SC,420945,LAJEADO GRANDE,0,-,1,0.88%,55,48.25%,22,19.3%,17,14.91%,19,16.67%,114
SUL,42,SC,420950,LAURENTINO,1,0.35%,1,0.35%,169,58.89%,78,27.18%,29,10.1%,9,3.14%,287
SUL,42,SC,420960,LAURO MULLER,10,1.41%,11,1.55%,449,63.42%,136,19.21%,56,7.91%,46,6.5%,708
SUL,42,SC,420970,LEBON REGIS,4,0.63%,14,2.2%,431,67.66%,115,18.05%,43,6.75%,30,4.71%,637
SUL,42,SC,420980,LEOBERTO LEAL,1,0.55%,2,1.1%,131,72.38%,37,20.44%,5,2.76%,5,2.76%,181
SUL,42,SC,420985,LINDOIA DO SUL,3,1.48%,9,4.43%,140,68.97%,36,17.73%,14,6.9%,1,0.49%,203
SUL,42,SC,420990,LONTRAS,1,0.17%,6,1.02%,395,67.41%,116,19.8%,55,9.39%,13,2.22%,586
SUL,42,SC,421000,LUIZ ALVES,20,2.24%,17,1.9%,512,57.27%,220,24.61%,80,8.95%,45,5.03%,894
SUL,42,SC,421003,LUZERNA,1,0.32%,5,1.59%,201,63.81%,77,24.44%,22,6.98%,9,2.86%,315
SUL,42,SC,421005,MACIEIRA,0,-,0,-,67,60.36%,27,24.32%,11,9.91%,6,5.41%,111
SUL,42,SC,421010,MAFRA,20,0.86%,38,1.62%,1469,62.8%,529,22.62%,189,8.08%,94,4.02%,2339
SUL,42,SC,421020,MAJOR GERCINO,2,1.32%,3,1.97%,88,57.89%,40,26.32%,13,8.55%,6,3.95%,152
SUL,42,SC,421030,MAJOR VIEIRA,3,0.68%,11,2.49%,278,62.9%,88,19.91%,41,9.28%,21,4.75%,442
SUL,42,SC,421040,MARACAJA,8,2.81%,6,2.11%,158,55.44%,60,21.05%,27,9.47%,26,9.12%,285
SUL,42,SC,421050,MARAVILHA,7,0.49%,24,1.67%,916,63.61%,301,20.9%,133,9.24%,59,4.1%,1440
SUL,42,SC,421055,MAREMA,2,1.85%,7,6.48%,65,60.19%,16,14.81%,12,11.11%,6,5.56%,108
SUL,42,SC,421060,MASSARANDUBA,6,0.8%,8,1.07%,452,60.19%,171,22.77%,57,7.59%,57,7.59%,751
SUL,42,SC,421070,MATOS COSTA,3,1.69%,7,3.93%,113,63.48%,41,23.03%,9,5.06%,5,2.81%,178
SUL,42,SC,421080,MELEIRO,1,0.51%,4,2.02%,117,59.09%,42,21.21%,27,13.64%,7,3.54%,198
SUL,42,SC,421085,MIRIM DOCE,3,2.08%,4,2.78%,97,67.36%,25,17.36%,10,6.94%,5,3.47%,144
SUL,42,SC,421090,MODELO,1,0.41%,1,0.41%,150,61.48%,58,23.77%,25,10.25%,9,3.69%,244
SUL,42,SC,421100,MONDAI,3,0.65%,4,0.87%,339,73.38%,75,16.23%,27,5.84%,14,3.03%,462
SUL,42,SC,421105,MONTE CARLO,4,0.73%,11,2.02%,374,68.62%,94,17.25%,41,7.52%,21,3.85%,545
SUL,42,SC,421110,MONTE CASTELO,13,3.26%,11,2.76%,241,60.4%,69,17.29%,37,9.27%,28,7.02%,399
SUL,42,SC,421120,MORRO DA FUMACA,21,2.19%,22,2.29%,521,54.33%,231,24.09%,122,12.72%,42,4.38%,959
SUL,42,SC,421125,MORRO GRANDE,2,1.72%,4,3.45%,76,65.52%,20,17.24%,9,7.76%,5,4.31%,116
SUL,42,SC,421130,NAVEGANTES,57,1.02%,90,1.62%,3290,59.06%,1302,23.37%,546,9.8%,286,5.13%,5571
SUL,42,SC,421140,NOVA ERECHIM,3,0.81%,3,0.81%,221,59.57%,77,20.75%,40,10.78%,27,7.28%,371
SUL,42,SC,421145,NOVA ITABERABA,4,1.57%,0,-,137,53.73%,61,23.92%,29,11.37%,24,9.41%,255
SUL,42,SC,421150,NOVA TRENTO,3,0.52%,14,2.42%,366,63.32%,128,22.15%,43,7.44%,24,4.15%,578
SUL,42,SC,421160,NOVA VENEZA,6,0.81%,14,1.88%,445,59.81%,154,20.7%,85,11.42%,40,5.38%,744
SUL,42,SC,421165,NOVO HORIZONTE,1,0.88%,2,1.75%,85,74.56%,10,8.77%,10,8.77%,6,5.26%,114
SUL,42,SC,421170,ORLEANS,11,1.52%,14,1.94%,448,62.05%,141,19.53%,79,10.94%,29,4.02%,722
SUL,42,SC,421175,OTACILIO COSTA,1,0.14%,7,0.98%,456,63.96%,169,23.7%,55,7.71%,25,3.51%,713
SUL,42,SC,421180,OURO,3,0.88%,5,1.47%,217,64.01%,68,20.06%,28,8.26%,18,5.31%,339
SUL,42,SC,421185,OURO VERDE,0,-,5,3.29%,88,57.89%,27,17.76%,18,11.84%,14,9.21%,152
SUL,42,SC,421187,PAIAL,0,-,0,-,34,50%,14,20.59%,8,11.76%,12,17.65%,68
SUL,42,SC,421189,PAINEL,2,1.43%,1,0.71%,88,62.86%,33,23.57%,12,8.57%,4,2.86%,140
SUL,42,SC,421190,PALHOCA,49,1.24%,90,2.29%,2518,63.97%,828,21.04%,289,7.34%,162,4.12%,3936
SUL,42,SC,421200,PALMA SOLA,4,0.91%,3,0.68%,307,69.77%,89,20.23%,25,5.68%,12,2.73%,440
SUL,42,SC,421205,PALMEIRA,20,11.11%,6,3.33%,104,57.78%,38,21.11%,8,4.44%,4,2.22%,180
SUL,42,SC,421210,PALMITOS,3,0.64%,6,1.28%,311,66.6%,94,20.13%,31,6.64%,22,4.71%,467
SUL,42,SC,421220,PAPANDUVA,5,0.54%,19,2.05%,612,66.16%,180,19.46%,60,6.49%,49,5.3%,925
SUL,42,SC,421223,PARAISO,5,3.03%,5,3.03%,112,67.88%,28,16.97%,10,6.06%,5,3.03%,165
SUL,42,SC,421225,PASSO DE TORRES,4,1.45%,5,1.82%,110,40%,46,16.73%,37,13.45%,73,26.55%,275
SUL,42,SC,421227,PASSOS MAIA,2,0.73%,4,1.46%,194,70.8%,44,16.06%,16,5.84%,14,5.11%,274
SUL,42,SC,421230,PAULO LOPES,4,0.72%,3,0.54%,286,51.53%,126,22.7%,75,13.51%,61,10.99%,555
SUL,42,SC,421240,PEDRAS GRANDES,2,0.97%,4,1.93%,127,61.35%,45,21.74%,21,10.14%,8,3.86%,207
SUL,42,SC,421250,PENHA,30,1.5%,52,2.6%,1190,59.5%,435,21.75%,197,9.85%,96,4.8%,2000
SUL,42,SC,421260,PERITIBA,1,0.51%,5,2.55%,131,66.84%,47,23.98%,9,4.59%,3,1.53%,196
SUL,42,SC,421265,PESCARIA BRAVA,2,0.48%,5,1.2%,241,57.93%,93,22.36%,40,9.62%,35,8.41%,416
SUL,42,SC,421270,PETROLANDIA,3,0.79%,7,1.85%,203,53.56%,102,26.91%,40,10.55%,24,6.33%,379
SUL,42,SC,421280,BALNEARIO PICARRAS,97,4.39%,53,2.4%,1261,57.03%,496,22.43%,211,9.54%,93,4.21%,2211
SUL,42,SC,421290,PINHALZINHO,16,1.28%,20,1.6%,828,66.35%,275,22.04%,86,6.89%,23,1.84%,1248
SUL,42,SC,421300,PINHEIRO PRETO,1,0.42%,5,2.09%,129,53.97%,57,23.85%,22,9.21%,25,10.46%,239
SUL,42,SC,421310,PIRATUBA,0,-,2,7.69%,18,69.23%,2,7.69%,4,15.38%,0,-,26
SUL,42,SC,421315,PLANALTO ALEGRE,0,-,4,3.33%,67,55.83%,34,28.33%,12,10%,3,2.5%,120
SUL,42,SC,421320,POMERODE,3,0.25%,18,1.48%,832,68.25%,254,20.84%,76,6.23%,36,2.95%,1219
SUL,42,SC,421330,PONTE ALTA,1,0.36%,3,1.09%,182,65.94%,54,19.57%,24,8.7%,12,4.35%,276
SUL,42,SC,421335,PONTE ALTA DO NORTE,2,0.85%,7,2.99%,169,72.22%,34,14.53%,14,5.98%,8,3.42%,234
SUL,42,SC,421340,PONTE SERRADA,8,1.22%,17,2.58%,351,53.34%,133,20.21%,75,11.4%,74,11.25%,658
SUL,42,SC,421350,PORTO BELO,24,1.45%,24,1.45%,963,58.19%,390,23.56%,174,10.51%,80,4.83%,1655
SUL,42,SC,421360,PORTO UNIAO,13,0.96%,30,2.23%,818,60.68%,325,24.11%,112,8.31%,50,3.71%,1348
SUL,42,SC,421370,POUSO REDONDO,5,0.63%,15,1.88%,472,59.15%,167,20.93%,85,10.65%,54,6.77%,798
SUL,42,SC,421380,PRAIA GRANDE,6,3.3%,11,6.04%,87,47.8%,30,16.48%,21,11.54%,27,14.84%,182
SUL,42,SC,421390,PRESIDENTE CASTELLO BRANCO,2,2.08%,6,6.25%,60,62.5%,22,22.92%,4,4.17%,2,2.08%,96
SUL,42,SC,421400,PRESIDENTE GETULIO,11,1.17%,16,1.7%,630,66.88%,185,19.64%,69,7.32%,31,3.29%,942
SUL,42,SC,421410,PRESIDENTE NEREU,0,-,1,0.79%,88,69.84%,21,16.67%,12,9.52%,4,3.17%,126
SUL,42,SC,421415,PRINCESA,1,0.66%,3,1.99%,86,56.95%,37,24.5%,15,9.93%,9,5.96%,151
SUL,42,SC,421420,QUILOMBO,6,1.31%,5,1.09%,275,60.04%,97,21.18%,39,8.52%,36,7.86%,458
SUL,42,SC,421430,RANCHO QUEIMADO,4,3.15%,4,3.15%,77,60.63%,29,22.83%,10,7.87%,3,2.36%,127
SUL,42,SC,421440,RIO DAS ANTAS,1,0.88%,5,4.42%,82,72.57%,20,17.7%,4,3.54%,1,0.88%,113
SUL,42,SC,421450,RIO DO CAMPO,1,0.28%,2,0.55%,213,58.84%,88,24.31%,33,9.12%,25,6.91%,362
SUL,42,SC,421460,RIO DO OESTE,8,2.03%,5,1.27%,259,65.74%,77,19.54%,31,7.87%,14,3.55%,394
SUL,42,SC,421470,RIO DOS CEDROS,2,0.47%,6,1.4%,299,69.7%,74,17.25%,31,7.23%,17,3.96%,429
SUL,42,SC,421480,RIO DO SUL,14,0.66%,33,1.56%,1363,64.41%,469,22.16%,174,8.22%,63,2.98%,2116
SUL,42,SC,421490,RIO FORTUNA,1,0.35%,3,1.06%,178,62.9%,72,25.44%,22,7.77%,7,2.47%,283
SUL,42,SC,421500,RIO NEGRINHO,10,0.51%,22,1.11%,1350,68.32%,395,19.99%,139,7.03%,60,3.04%,1976
SUL,42,SC,421505,RIO RUFINO,3,4.62%,3,4.62%,36,55.38%,15,23.08%,4,6.15%,4,6.15%,65
SUL,42,SC,421507,RIQUEZA,2,0.72%,5,1.81%,197,71.38%,50,18.12%,16,5.8%,6,2.17%,276
SUL,42,SC,421510,RODEIO,4,0.67%,13,2.17%,380,63.33%,143,23.83%,43,7.17%,17,2.83%,600
SUL,42,SC,421520,ROMELANDIA,3,1.4%,2,0.93%,118,55.14%,45,21.03%,24,11.21%,22,10.28%,214
SUL,42,SC,421530,SALETE,4,0.99%,10,2.47%,271,66.91%,72,17.78%,30,7.41%,18,4.44%,405
SUL,42,SC,421535,SALTINHO,0,-,3,1.24%,160,66.12%,58,23.97%,15,6.2%,6,2.48%,242
SUL,42,SC,421540,SALTO VELOSO,1,0.4%,2,0.79%,155,61.26%,63,24.9%,23,9.09%,9,3.56%,253
SUL,42,SC,421545,SANGAO,9,1.03%,20,2.28%,506,57.7%,212,24.17%,86,9.81%,44,5.02%,877
SUL,42,SC,421550,SANTA CECILIA,7,1.54%,9,1.98%,293,64.4%,74,16.26%,41,9.01%,31,6.81%,455
SUL,42,SC,421555,SANTA HELENA,0,-,0,-,73,61.86%,24,20.34%,13,11.02%,8,6.78%,118
SUL,42,SC,421560,SANTA ROSA DE LIMA,2,1.41%,1,0.7%,92,64.79%,28,19.72%,15,10.56%,4,2.82%,142
SUL,42,SC,421565,SANTA ROSA DO SUL,5,0.77%,16,2.47%,365,56.41%,135,20.87%,73,11.28%,53,8.19%,647
SUL,42,SC,421567,SANTA TEREZINHA,5,2.15%,8,3.43%,133,57.08%,54,23.18%,19,8.15%,14,6.01%,233
SUL,42,SC,421568,SANTA TEREZINHA DO PROGRESSO,1,0.68%,1,0.68%,102,68.92%,28,18.92%,14,9.46%,2,1.35%,148
SUL,42,SC,421569,SANTIAGO DO SUL,2,2.86%,1,1.43%,49,70%,10,14.29%,5,7.14%,3,4.29%,70
SUL,42,SC,421570,SANTO AMARO DA IMPERATRIZ,12,0.91%,27,2.05%,822,62.56%,293,22.3%,93,7.08%,67,5.1%,1314
SUL,42,SC,421575,SAO BERNARDINO,1,0.56%,3,1.67%,128,71.11%,34,18.89%,9,5%,5,2.78%,180
SUL,42,SC,421580,SAO BENTO DO SUL,27,0.78%,59,1.7%,2098,60.43%,780,22.47%,351,10.11%,157,4.52%,3472
SUL,42,SC,421590,SAO BONIFACIO,1,0.57%,2,1.14%,113,64.57%,23,13.14%,23,13.14%,13,7.43%,175
SUL,42,SC,421600,SAO CARLOS,4,0.82%,13,2.66%,295,60.33%,109,22.29%,49,10.02%,19,3.89%,489
SUL,42,SC,421605,SAO CRISTOVAO DO SUL,2,0.6%,1,0.3%,209,63.14%,81,24.47%,30,9.06%,8,2.42%,331
SUL,42,SC,421610,SAO DOMINGOS,2,0.77%,4,1.54%,169,65%,46,17.69%,22,8.46%,17,6.54%,260
SUL,42,SC,421620,SAO FRANCISCO DO SUL,19,1.13%,41,2.44%,1080,64.4%,350,20.87%,113,6.74%,74,4.41%,1677
SUL,42,SC,421625,SAO JOAO DO OESTE,1,0.39%,3,1.17%,181,70.7%,45,17.58%,17,6.64%,9,3.52%,256
SUL,42,SC,421630,SAO JOAO BATISTA,22,1.41%,31,1.99%,966,61.88%,319,20.44%,134,8.58%,89,5.7%,1561
SUL,42,SC,421635,SAO JOAO DO ITAPERIU,8,1.92%,7,1.68%,237,56.97%,102,24.52%,33,7.93%,29,6.97%,416
SUL,42,SC,421640,SAO JOAO DO SUL,3,0.74%,6,1.49%,268,66.34%,91,22.52%,26,6.44%,10,2.48%,404
SUL,42,SC,421650,SAO JOAQUIM,5,0.62%,15,1.86%,506,62.62%,163,20.17%,73,9.03%,46,5.69%,808
SUL,42,SC,421660,SAO JOSE,75,0.71%,162,1.54%,6742,63.94%,2277,21.59%,871,8.26%,418,3.96%,10545
SUL,42,SC,421670,SAO JOSE DO CEDRO,4,0.67%,2,0.33%,394,65.67%,127,21.17%,48,8%,25,4.17%,600
SUL,42,SC,421680,SAO JOSE DO CERRITO,4,1.03%,7,1.8%,175,45.1%,53,13.66%,46,11.86%,103,26.55%,388
SUL,42,SC,421690,SAO LOURENCO DO OESTE,6,0.67%,18,2.01%,548,61.23%,180,20.11%,84,9.39%,59,6.59%,895
SUL,42,SC,421700,SAO LUDGERO,13,1.25%,20,1.92%,568,54.56%,265,25.46%,99,9.51%,76,7.3%,1041
SUL,42,SC,421710,SAO MARTINHO,0,-,4,1.83%,134,61.19%,57,26.03%,16,7.31%,8,3.65%,219
SUL,42,SC,421715,SAO MIGUEL DA BOA VISTA,3,2.44%,2,1.63%,76,61.79%,31,25.2%,8,6.5%,3,2.44%,123
SUL,42,SC,421720,SAO MIGUEL DO OESTE,19,1.03%,45,2.45%,1168,63.51%,387,21.04%,148,8.05%,72,3.92%,1839
SUL,42,SC,421725,SAO PEDRO DE ALCANTARA,0,-,2,1.14%,99,56.25%,40,22.73%,19,10.8%,16,9.09%,176
SUL,42,SC,421730,SAUDADES,2,0.32%,6,0.97%,378,60.97%,145,23.39%,67,10.81%,22,3.55%,620
SUL,42,SC,421740,SCHROEDER,10,1.15%,4,0.46%,522,60.14%,204,23.5%,84,9.68%,44,5.07%,868
SUL,42,SC,421750,SEARA,4,0.46%,20,2.3%,651,74.74%,130,14.93%,41,4.71%,25,2.87%,871
SUL,42,SC,421755,SERRA ALTA,0,-,4,1.78%,161,71.56%,42,18.67%,17,7.56%,1,0.44%,225
SUL,42,SC,421760,SIDEROPOLIS,7,1.23%,13,2.28%,348,60.95%,129,22.59%,50,8.76%,24,4.2%,571
SUL,42,SC,421770,SOMBRIO,12,0.78%,24,1.57%,861,56.27%,402,26.27%,154,10.07%,77,5.03%,1530
SUL,42,SC,421775,SUL BRASIL,3,1.82%,3,1.82%,118,71.52%,25,15.15%,8,4.85%,8,4.85%,165
SUL,42,SC,421780,TAIO,11,1.54%,17,2.39%,437,61.38%,154,21.63%,63,8.85%,30,4.21%,712
SUL,42,SC,421790,TANGARA,6,1.65%,3,0.82%,238,65.38%,78,21.43%,24,6.59%,15,4.12%,364
SUL,42,SC,421795,TIGRINHOS,2,1.52%,7,5.3%,79,59.85%,28,21.21%,10,7.58%,6,4.55%,132
SUL,42,SC,421800,TIJUCAS,20,0.86%,41,1.76%,1421,61.04%,497,21.35%,229,9.84%,120,5.15%,2328
SUL,42,SC,421810,TIMBE DO SUL,1,1.64%,1,1.64%,27,44.26%,12,19.67%,12,19.67%,8,13.11%,61
SUL,42,SC,421820,TIMBO,20,1.22%,32,1.96%,1037,63.39%,329,20.11%,150,9.17%,68,4.16%,1636
SUL,42,SC,421825,TIMBO GRANDE,10,2.09%,15,3.14%,295,61.72%,68,14.23%,53,11.09%,37,7.74%,478
SUL,42,SC,421830,TRES BARRAS,14,1.43%,24,2.45%,553,56.49%,240,24.51%,111,11.34%,37,3.78%,979
SUL,42,SC,421835,TREVISO,3,1.51%,3,1.51%,131,65.83%,35,17.59%,17,8.54%,10,5.03%,199
SUL,42,SC,421840,TREZE DE MAIO,6,1.31%,11,2.4%,251,54.8%,117,25.55%,50,10.92%,23,5.02%,458
SUL,42,SC,421850,TREZE TILIAS,3,0.89%,5,1.49%,211,62.8%,76,22.62%,22,6.55%,19,5.65%,336
SUL,42,SC,421860,TROMBUDO CENTRAL,3,0.76%,10,2.54%,256,65.14%,83,21.12%,24,6.11%,17,4.33%,393
SUL,42,SC,421870,TUBARAO,33,1.09%,53,1.76%,1879,62.28%,643,21.31%,259,8.58%,150,4.97%,3017
SUL,42,SC,421875,TUNAPOLIS,2,0.66%,5,1.65%,166,54.79%,83,27.39%,32,10.56%,15,4.95%,303
SUL,42,SC,421880,TURVO,4,1.41%,7,2.47%,146,51.59%,66,23.32%,29,10.25%,31,10.95%,283
SUL,42,SC,421885,UNIAO DO OESTE,1,0.76%,1,0.76%,78,59.09%,37,28.03%,9,6.82%,6,4.55%,132
SUL,42,SC,421890,URUBICI,7,1.1%,11,1.73%,410,64.36%,127,19.94%,58,9.11%,24,3.77%,637
SUL,42,SC,421895,URUPEMA,3,2.73%,3,2.73%,65,59.09%,15,13.64%,14,12.73%,10,9.09%,110
SUL,42,SC,421900,URUSSANGA,13,1.45%,17,1.9%,542,60.63%,161,18.01%,98,10.96%,63,7.05%,894
SUL,42,SC,421910,VARGEAO,2,0.78%,3,1.16%,138,53.49%,42,16.28%,35,13.57%,38,14.73%,258
SUL,42,SC,421915,VARGEM,1,0.62%,3,1.86%,109,67.7%,29,18.01%,13,8.07%,6,3.73%,161
SUL,42,SC,421917,VARGEM BONITA,3,1.45%,9,4.35%,136,65.7%,28,13.53%,15,7.25%,16,7.73%,207
SUL,42,SC,421920,VIDAL RAMOS,4,3.36%,2,1.68%,54,45.38%,31,26.05%,15,12.61%,13,10.92%,119
SUL,42,SC,421930,VIDEIRA,19,1.32%,25,1.74%,805,56.14%,360,25.1%,143,9.97%,82,5.72%,1434
SUL,42,SC,421935,VITOR MEIRELES,4,1.25%,3,0.94%,194,60.63%,80,25%,26,8.13%,13,4.06%,320
SUL,42,SC,421940,WITMARSUM,3,1.27%,4,1.69%,133,56.36%,53,22.46%,23,9.75%,20,8.47%,236
SUL,42,SC,421950,XANXERE,13,0.99%,25,1.9%,833,63.44%,276,21.02%,117,8.91%,49,3.73%,1313
SUL,42,SC,421960,XAVANTINA,4,2.48%,7,4.35%,94,58.39%,38,23.6%,11,6.83%,7,4.35%,161
SUL,42,SC,421970,XAXIM,9,0.54%,19,1.14%,1112,66.75%,353,21.19%,119,7.14%,54,3.24%,1666
SUL,42,SC,421985,ZORTEA,0,-,2,0.75%,190,71.43%,47,17.67%,17,6.39%,10,3.76%,266
SUL,42,SC,422000,BALNEARIO RINCAO,54,6.09%,32,3.61%,482,54.4%,147,16.59%,82,9.26%,89,10.05%,886
SUL,43,RS,430003,ACEGUA,0,-,1,0.51%,102,51.52%,62,31.31%,26,13.13%,7,3.54%,198
SUL,43,RS,430005,AGUA SANTA,1,0.69%,2,1.38%,94,64.83%,28,19.31%,13,8.97%,7,4.83%,145
SUL,43,RS,430010,AGUDO,3,0.83%,12,3.33%,201,55.83%,79,21.94%,32,8.89%,33,9.17%,360
SUL,43,RS,430020,AJURICABA,2,0.99%,6,2.96%,133,65.52%,36,17.73%,20,9.85%,6,2.96%,203
SUL,43,RS,430030,ALECRIM,2,0.93%,8,3.74%,134,62.62%,42,19.63%,18,8.41%,10,4.67%,214
SUL,43,RS,430040,ALEGRETE,6,0.29%,23,1.11%,1222,59.21%,481,23.3%,212,10.27%,120,5.81%,2064
SUL,43,RS,430045,ALEGRIA,2,1.8%,3,2.7%,59,53.15%,25,22.52%,17,15.32%,5,4.5%,111
SUL,43,RS,430047,ALMIRANTE TAMANDARE DO SUL,0,-,2,1.67%,92,76.67%,16,13.33%,6,5%,4,3.33%,120
SUL,43,RS,430050,ALPESTRE,6,2.44%,5,2.03%,155,63.01%,44,17.89%,23,9.35%,13,5.28%,246
SUL,43,RS,430055,ALTO ALEGRE,0,-,0,-,30,63.83%,10,21.28%,5,10.64%,2,4.26%,47
SUL,43,RS,430057,ALTO FELIZ,4,4.55%,4,4.55%,48,54.55%,12,13.64%,8,9.09%,12,13.64%,88
SUL,43,RS,430060,ALVORADA,52,0.86%,102,1.69%,3494,58.03%,1435,23.83%,609,10.11%,329,5.46%,6021
SUL,43,RS,430063,AMARAL FERRADOR,5,2.91%,8,4.65%,102,59.3%,33,19.19%,16,9.3%,8,4.65%,172
SUL,43,RS,430064,AMETISTA DO SUL,5,1.43%,8,2.29%,215,61.43%,65,18.57%,26,7.43%,31,8.86%,350
SUL,43,RS,430066,ANDRE DA ROCHA,0,-,1,2%,36,72%,7,14%,2,4%,4,8%,50
SUL,43,RS,430070,ANTA GORDA,0,-,1,0.68%,83,56.46%,33,22.45%,22,14.97%,8,5.44%,147
SUL,43,RS,430080,ANTONIO PRADO,1,0.44%,5,2.22%,140,62.22%,55,24.44%,20,8.89%,4,1.78%,225
SUL,43,RS,430085,ARAMBARE,0,-,2,1.18%,93,54.71%,31,18.24%,27,15.88%,17,10%,170
SUL,43,RS,430087,ARARICA,1,0.18%,2,0.36%,322,57.19%,144,25.58%,65,11.55%,29,5.15%,563
SUL,43,RS,430090,ARATIBA,1,2.17%,1,2.17%,24,52.17%,11,23.91%,6,13.04%,3,6.52%,46
SUL,43,RS,430100,ARROIO DO MEIO,2,0.21%,10,1.05%,596,62.41%,233,24.4%,86,9.01%,28,2.93%,955
SUL,43,RS,430105,ARROIO DO SAL,5,1.02%,8,1.64%,334,68.3%,79,16.16%,40,8.18%,23,4.7%,489
SUL,43,RS,430107,ARROIO DO PADRE,1,1.01%,0,-,65,65.66%,20,20.2%,9,9.09%,4,4.04%,99
SUL,43,RS,430110,ARROIO DOS RATOS,3,0.65%,4,0.86%,287,61.72%,103,22.15%,43,9.25%,25,5.38%,465
SUL,43,RS,430120,ARROIO DO TIGRE,5,1.67%,11,3.67%,193,64.33%,42,14%,29,9.67%,20,6.67%,300
SUL,43,RS,430130,ARROIO GRANDE,17,2.23%,21,2.76%,387,50.85%,172,22.6%,92,12.09%,72,9.46%,761
SUL,43,RS,430140,ARVOREZINHA,5,1.04%,5,1.04%,270,56.37%,114,23.8%,53,11.06%,32,6.68%,479
SUL,43,RS,430150,AUGUSTO PESTANA,11,3.97%,14,5.05%,147,53.07%,67,24.19%,25,9.03%,13,4.69%,277
SUL,43,RS,430155,AUREA,0,-,2,1.38%,86,59.31%,36,24.83%,15,10.34%,6,4.14%,145
SUL,43,RS,430160,BAGE,48,1.6%,61,2.03%,1641,54.68%,688,22.93%,328,10.93%,235,7.83%,3001
SUL,43,RS,430163,BALNEARIO PINHAL,2,0.79%,3,1.18%,127,50%,55,21.65%,36,14.17%,31,12.2%,254
SUL,43,RS,430165,BARAO,0,-,0,-,28,54.9%,11,21.57%,4,7.84%,8,15.69%,51
SUL,43,RS,430170,BARAO DE COTEGIPE,5,1.62%,7,2.27%,230,74.43%,42,13.59%,16,5.18%,9,2.91%,309
SUL,43,RS,430175,BARAO DO TRIUNFO,0,-,2,0.93%,138,63.89%,54,25%,18,8.33%,4,1.85%,216
SUL,43,RS,430180,BARRACAO,3,1.55%,0,-,113,58.55%,46,23.83%,20,10.36%,11,5.7%,193
SUL,43,RS,430185,BARRA DO GUARITA,0,-,5,2.39%,138,66.03%,39,18.66%,22,10.53%,5,2.39%,209
SUL,43,RS,430187,BARRA DO QUARAI,5,2.45%,7,3.43%,128,62.75%,44,21.57%,9,4.41%,11,5.39%,204
SUL,43,RS,430190,BARRA DO RIBEIRO,13,3.85%,3,0.89%,184,54.44%,86,25.44%,33,9.76%,19,5.62%,338
SUL,43,RS,430192,BARRA DO RIO AZUL,1,4%,1,4%,20,80%,2,8%,1,4%,0,-,25
SUL,43,RS,430195,BARRA FUNDA,0,-,1,0.88%,82,71.93%,20,17.54%,6,5.26%,5,4.39%,114
SUL,43,RS,430200,BARROS CASSAL,5,1.28%,10,2.55%,216,55.1%,83,21.17%,39,9.95%,39,9.95%,392
SUL,43,RS,430205,BENJAMIN CONSTANT DO SUL,4,2.29%,2,1.14%,94,53.71%,42,24%,28,16%,5,2.86%,175
SUL,43,RS,430210,BENTO GONCALVES,21,0.62%,28,0.83%,1930,57.39%,884,26.29%,343,10.2%,157,4.67%,3363
SUL,43,RS,430215,BOA VISTA DAS MISSOES,1,0.69%,1,0.69%,90,62.07%,29,20%,16,11.03%,8,5.52%,145
SUL,43,RS,430220,BOA VISTA DO BURICA,3,0.78%,3,0.78%,216,55.81%,99,25.58%,43,11.11%,23,5.94%,387
SUL,43,RS,430222,BOA VISTA DO CADEADO,1,0.95%,3,2.86%,72,68.57%,13,12.38%,7,6.67%,9,8.57%,105
SUL,43,RS,430223,BOA VISTA DO INCRA,0,-,1,1.12%,57,64.04%,20,22.47%,5,5.62%,6,6.74%,89
SUL,43,RS,430225,BOA VISTA DO SUL,0,-,0,-,38,50%,24,31.58%,9,11.84%,5,6.58%,76
SUL,43,RS,430230,BOM JESUS,16,1.91%,21,2.51%,565,67.42%,146,17.42%,62,7.4%,28,3.34%,838
SUL,43,RS,430235,BOM PRINCIPIO,2,0.28%,10,1.4%,399,55.88%,185,25.91%,74,10.36%,44,6.16%,714
SUL,43,RS,430237,BOM PROGRESSO,2,2.5%,1,1.25%,52,65%,15,18.75%,6,7.5%,4,5%,80
SUL,43,RS,430240,BOM RETIRO DO SUL,0,-,11,1.64%,410,61.1%,153,22.8%,55,8.2%,42,6.26%,671
SUL,43,RS,430245,BOQUEIRAO DO LEAO,1,0.56%,5,2.78%,107,59.44%,36,20%,18,10%,13,7.22%,180
SUL,43,RS,430250,BOSSOROCA,4,1.35%,5,1.68%,189,63.64%,50,16.84%,26,8.75%,23,7.74%,297
SUL,43,RS,430258,BOZANO,1,1.56%,1,1.56%,40,62.5%,12,18.75%,7,10.94%,3,4.69%,64
SUL,43,RS,430260,BRAGA,1,0.69%,2,1.38%,105,72.41%,19,13.1%,11,7.59%,7,4.83%,145
SUL,43,RS,430265,BROCHIER,1,0.46%,1,0.46%,136,62.67%,56,25.81%,19,8.76%,4,1.84%,217
SUL,43,RS,430270,BUTIA,17,3.06%,7,1.26%,267,48.02%,120,21.58%,70,12.59%,75,13.49%,556
SUL,43,RS,430280,CACAPAVA DO SUL,7,0.68%,14,1.36%,519,50.54%,219,21.32%,113,11%,155,15.09%,1027
SUL,43,RS,430290,CACEQUI,16,4.08%,12,3.06%,165,42.09%,73,18.62%,38,9.69%,88,22.45%,392
SUL,43,RS,430300,CACHOEIRA DO SUL,18,0.96%,28,1.5%,1044,55.92%,412,22.07%,205,10.98%,160,8.57%,1867
SUL,43,RS,430310,CACHOEIRINHA,24,0.78%,63,2.05%,1867,60.83%,667,21.73%,291,9.48%,157,5.12%,3069
SUL,43,RS,430320,CACIQUE DOBLE,7,2.88%,11,4.53%,147,60.49%,54,22.22%,15,6.17%,9,3.7%,243
SUL,43,RS,430330,CAIBATE,1,0.52%,2,1.04%,136,70.83%,32,16.67%,12,6.25%,9,4.69%,192
SUL,43,RS,430340,CAICARA,1,0.42%,2,0.84%,152,64.14%,51,21.52%,18,7.59%,13,5.49%,237
SUL,43,RS,430350,CAMAQUA,22,1.17%,26,1.38%,877,46.57%,425,22.57%,238,12.64%,295,15.67%,1883
SUL,43,RS,430355,CAMARGO,0,-,2,1.89%,58,54.72%,25,23.58%,13,12.26%,8,7.55%,106
SUL,43,RS,430360,CAMBARA DO SUL,5,2.22%,5,2.22%,116,51.56%,44,19.56%,26,11.56%,29,12.89%,225
SUL,43,RS,430367,CAMPESTRE DA SERRA,1,0.72%,2,1.44%,88,63.31%,30,21.58%,15,10.79%,3,2.16%,139
SUL,43,RS,430370,CAMPINA DAS MISSOES,2,1.52%,5,3.79%,77,58.33%,28,21.21%,14,10.61%,6,4.55%,132
SUL,43,RS,430380,CAMPINAS DO SUL,2,1.22%,3,1.83%,90,54.88%,34,20.73%,22,13.41%,13,7.93%,164
SUL,43,RS,430390,CAMPO BOM,0,-,11,1.38%,531,66.46%,170,21.28%,60,7.51%,27,3.38%,799
SUL,43,RS,430400,CAMPO NOVO,5,1.75%,8,2.8%,174,60.84%,59,20.63%,22,7.69%,18,6.29%,286
SUL,43,RS,430410,CAMPOS BORGES,1,1.05%,2,2.11%,42,44.21%,23,24.21%,11,11.58%,16,16.84%,95
SUL,43,RS,430420,CANDELARIA,5,0.43%,20,1.72%,713,61.31%,263,22.61%,104,8.94%,58,4.99%,1163
SUL,43,RS,430430,CANDIDO GODOI,1,0.58%,2,1.17%,140,81.87%,17,9.94%,7,4.09%,4,2.34%,171
SUL,43,RS,430435,CANDIOTA,3,0.86%,10,2.87%,204,58.62%,85,24.43%,30,8.62%,16,4.6%,348
SUL,43,RS,430440,CANELA,24,1.14%,27,1.28%,1238,58.62%,480,22.73%,233,11.03%,110,5.21%,2112
SUL,43,RS,430450,CANGUCU,16,0.91%,28,1.6%,1079,61.52%,365,20.81%,165,9.41%,101,5.76%,1754
SUL,43,RS,430460,CANOAS,82,0.83%,163,1.65%,5882,59.59%,2230,22.59%,999,10.12%,515,5.22%,9871
SUL,43,RS,430461,CANUDOS DO VALE,2,3.85%,1,1.92%,28,53.85%,9,17.31%,7,13.46%,5,9.62%,52
SUL,43,RS,430462,CAPAO BONITO DO SUL,1,0.98%,2,1.96%,44,43.14%,28,27.45%,15,14.71%,12,11.76%,102
SUL,43,RS,430463,CAPAO DA CANOA,37,2.49%,18,1.21%,741,49.87%,352,23.69%,191,12.85%,147,9.89%,1486
SUL,43,RS,430465,CAPAO DO CIPO,1,0.65%,2,1.31%,88,57.52%,34,22.22%,18,11.76%,10,6.54%,153
SUL,43,RS,430466,CAPAO DO LEAO,4,0.37%,11,1.03%,590,54.99%,247,23.02%,150,13.98%,71,6.62%,1073
SUL,43,RS,430467,CAPIVARI DO SUL,0,-,2,1.28%,94,60.26%,41,26.28%,5,3.21%,14,8.97%,156
SUL,43,RS,430468,CAPELA DE SANTANA,2,0.56%,2,0.56%,185,51.39%,97,26.94%,45,12.5%,29,8.06%,360
SUL,43,RS,430469,CAPITAO,0,-,1,0.74%,77,56.62%,31,22.79%,22,16.18%,5,3.68%,136
SUL,43,RS,430470,CARAZINHO,17,0.81%,33,1.57%,1019,48.34%,400,18.98%,222,10.53%,417,19.78%,2108
SUL,43,RS,430471,CARAA,2,0.73%,4,1.46%,168,61.31%,64,23.36%,27,9.85%,9,3.28%,274
SUL,43,RS,430480,CARLOS BARBOSA,0,-,1,1.08%,61,65.59%,16,17.2%,10,10.75%,5,5.38%,93
SUL,43,RS,430485,CARLOS GOMES,0,-,0,-,32,59.26%,10,18.52%,9,16.67%,3,5.56%,54
SUL,43,RS,430490,CASCA,5,1.38%,10,2.76%,216,59.67%,77,21.27%,31,8.56%,23,6.35%,362
SUL,43,RS,430495,CASEIROS,0,-,2,1.34%,103,69.13%,25,16.78%,13,8.72%,6,4.03%,149
SUL,43,RS,430500,CATUIPE,3,0.99%,3,0.99%,185,61.26%,61,20.2%,31,10.26%,19,6.29%,302
SUL,43,RS,430510,CAXIAS DO SUL,105,1.32%,168,2.11%,4905,61.54%,1739,21.82%,701,8.8%,352,4.42%,7970
SUL,43,RS,430511,CENTENARIO,3,3.03%,13,13.13%,53,53.54%,13,13.13%,5,5.05%,12,12.12%,99
SUL,43,RS,430512,CERRITO,0,-,1,0.56%,101,56.11%,52,28.89%,14,7.78%,12,6.67%,180
SUL,43,RS,430513,CERRO BRANCO,0,-,7,6.09%,73,63.48%,18,15.65%,12,10.43%,5,4.35%,115
SUL,43,RS,430515,CERRO GRANDE,0,-,1,0.78%,87,67.44%,24,18.6%,10,7.75%,7,5.43%,129
SUL,43,RS,430517,CERRO GRANDE DO SUL,4,1.03%,2,0.51%,237,60.77%,90,23.08%,36,9.23%,21,5.38%,390
SUL,43,RS,430520,CERRO LARGO,6,1.88%,7,2.19%,185,57.81%,58,18.13%,30,9.38%,34,10.63%,320
SUL,43,RS,430530,CHAPADA,5,1.49%,10,2.99%,197,58.81%,79,23.58%,28,8.36%,16,4.78%,335
SUL,43,RS,430535,CHARQUEADAS,8,0.92%,20,2.31%,487,56.3%,199,23.01%,97,11.21%,54,6.24%,865
SUL,43,RS,430537,CHARRUA,4,2.7%,0,-,81,54.73%,42,28.38%,16,10.81%,5,3.38%,148
SUL,43,RS,430540,CHIAPETTA,1,0.64%,1,0.64%,99,63.06%,31,19.75%,14,8.92%,11,7.01%,157
SUL,43,RS,430543,CHUI,3,1.63%,3,1.63%,104,56.52%,42,22.83%,22,11.96%,10,5.43%,184
SUL,43,RS,430544,CHUVISCA,0,-,8,3.92%,141,69.12%,40,19.61%,10,4.9%,5,2.45%,204
SUL,43,RS,430545,CIDREIRA,12,4.56%,6,2.28%,132,50.19%,49,18.63%,38,14.45%,26,9.89%,263
SUL,43,RS,430550,CIRIACO,4,3.17%,4,3.17%,77,61.11%,22,17.46%,15,11.9%,4,3.17%,126
SUL,43,RS,430558,COLINAS,1,1.01%,1,1.01%,60,60.61%,27,27.27%,8,8.08%,2,2.02%,99
SUL,43,RS,430560,COLORADO,2,1.39%,0,-,90,62.5%,24,16.67%,10,6.94%,18,12.5%,144
SUL,43,RS,430570,CONDOR,7,2.92%,1,0.42%,169,70.42%,36,15%,19,7.92%,8,3.33%,240
SUL,43,RS,430580,CONSTANTINA,10,2.56%,8,2.05%,178,45.52%,85,21.74%,56,14.32%,54,13.81%,391
SUL,43,RS,430583,COQUEIRO BAIXO,0,-,0,-,23,53.49%,12,27.91%,4,9.3%,4,9.3%,43
SUL,43,RS,430585,COQUEIROS DO SUL,0,-,0,-,61,67.03%,19,20.88%,7,7.69%,4,4.4%,91
SUL,43,RS,430587,CORONEL BARROS,1,1.23%,4,4.94%,52,64.2%,13,16.05%,8,9.88%,3,3.7%,81
SUL,43,RS,430590,CORONEL BICACO,2,0.71%,9,3.18%,175,61.84%,57,20.14%,28,9.89%,12,4.24%,283
SUL,43,RS,430593,CORONEL PILAR,0,-,0,-,36,78.26%,8,17.39%,2,4.35%,0,-,46
SUL,43,RS,430595,COTIPORA,3,2.4%,2,1.6%,87,69.6%,19,15.2%,10,8%,4,3.2%,125
SUL,43,RS,430597,COXILHA,4,2.92%,2,1.46%,83,60.58%,35,25.55%,5,3.65%,8,5.84%,137
SUL,43,RS,430600,CRISSIUMAL,4,1.13%,14,3.95%,248,70.06%,52,14.69%,21,5.93%,15,4.24%,354
SUL,43,RS,430605,CRISTAL,0,-,6,2.19%,162,59.12%,57,20.8%,32,11.68%,17,6.2%,274
SUL,43,RS,430607,CRISTAL DO SUL,6,3.87%,9,5.81%,85,54.84%,30,19.35%,16,10.32%,9,5.81%,155
SUL,43,RS,430610,CRUZ ALTA,62,2.58%,55,2.29%,1210,50.42%,431,17.96%,246,10.25%,396,16.5%,2400
SUL,43,RS,430613,CRUZALTENSE,1,1.47%,1,1.47%,41,60.29%,13,19.12%,6,8.82%,6,8.82%,68
SUL,43,RS,430620,CRUZEIRO DO SUL,0,-,4,1.23%,177,54.63%,79,24.38%,48,14.81%,16,4.94%,324
SUL,43,RS,430630,DAVID CANABARRO,3,1.85%,5,3.09%,101,62.35%,37,22.84%,8,4.94%,8,4.94%,162
SUL,43,RS,430632,DERRUBADAS,1,0.62%,0,-,104,64.2%,37,22.84%,10,6.17%,10,6.17%,162
SUL,43,RS,430635,DEZESSEIS DE NOVEMBRO,0,-,1,1.06%,56,59.57%,16,17.02%,9,9.57%,12,12.77%,94
SUL,43,RS,430637,DILERMANDO DE AGUIAR,2,2.08%,1,1.04%,55,57.29%,24,25%,5,5.21%,9,9.38%,96
SUL,43,RS,430640,DOIS IRMAOS,6,0.56%,23,2.15%,648,60.62%,269,25.16%,88,8.23%,35,3.27%,1069
SUL,43,RS,430642,DOIS IRMAOS DAS MISSOES,0,-,3,2.65%,69,61.06%,24,21.24%,12,10.62%,5,4.42%,113
SUL,43,RS,430645,DOIS LAJEADOS,0,-,2,1.59%,76,60.32%,30,23.81%,10,7.94%,8,6.35%,126
SUL,43,RS,430650,DOM FELICIANO,1,0.31%,2,0.63%,184,57.5%,83,25.94%,33,10.31%,17,5.31%,320
SUL,43,RS,430655,DOM PEDRO DE ALCANTARA,1,0.75%,5,3.73%,104,77.61%,15,11.19%,5,3.73%,4,2.99%,134
SUL,43,RS,430660,DOM PEDRITO,3,0.27%,21,1.88%,645,57.64%,259,23.15%,125,11.17%,66,5.9%,1119
SUL,43,RS,430670,DONA FRANCISCA,2,1.56%,1,0.78%,79,61.72%,27,21.09%,10,7.81%,9,7.03%,128
SUL,43,RS,430673,DOUTOR MAURICIO CARDOSO,1,0.7%,3,2.11%,76,53.52%,36,25.35%,12,8.45%,14,9.86%,142
SUL,43,RS,430675,DOUTOR RICARDO,1,1.37%,0,-,42,57.53%,16,21.92%,8,10.96%,6,8.22%,73
SUL,43,RS,430676,ELDORADO DO SUL,20,1.64%,20,1.64%,703,57.67%,273,22.4%,117,9.6%,86,7.05%,1219
SUL,43,RS,430680,ENCANTADO,8,1.12%,10,1.4%,419,58.6%,173,24.2%,70,9.79%,35,4.9%,715
SUL,43,RS,430690,ENCRUZILHADA DO SUL,14,2.05%,14,2.05%,367,53.65%,138,20.18%,72,10.53%,79,11.55%,684
SUL,43,RS,430692,ENGENHO VELHO,0,-,1,1%,53,53%,26,26%,10,10%,10,10%,100
SUL,43,RS,430693,ENTRE-IJUIS,0,-,4,3.15%,78,61.42%,16,12.6%,11,8.66%,18,14.17%,127
SUL,43,RS,430695,ENTRE RIOS DO SUL,0,-,2,1.83%,70,64.22%,26,23.85%,7,6.42%,4,3.67%,109
SUL,43,RS,430697,EREBANGO,1,0.7%,4,2.82%,85,59.86%,27,19.01%,13,9.15%,12,8.45%,142
SUL,43,RS,430700,ERECHIM,5,0.82%,12,1.96%,401,65.42%,125,20.39%,45,7.34%,25,4.08%,613
SUL,43,RS,430705,ERNESTINA,1,0.87%,4,3.48%,72,62.61%,24,20.87%,8,6.96%,6,5.22%,115
SUL,43,RS,430710,HERVAL,2,0.9%,5,2.24%,127,56.95%,47,21.08%,21,9.42%,21,9.42%,223
SUL,43,RS,430720,ERVAL GRANDE,1,0.41%,6,2.45%,166,67.76%,42,17.14%,18,7.35%,12,4.9%,245
SUL,43,RS,430730,ERVAL SECO,2,0.56%,7,1.98%,241,68.08%,64,18.08%,27,7.63%,13,3.67%,354
SUL,43,RS,430740,ESMERALDA,4,2.21%,6,3.31%,115,63.54%,36,19.89%,9,4.97%,11,6.08%,181
SUL,43,RS,430745,ESPERANCA DO SUL,8,7.92%,5,4.95%,51,50.5%,11,10.89%,11,10.89%,15,14.85%,101
SUL,43,RS,430750,ESPUMOSO,8,1.19%,20,2.97%,384,57.06%,156,23.18%,56,8.32%,49,7.28%,673
SUL,43,RS,430755,ESTACAO,3,1.78%,1,0.59%,95,56.21%,42,24.85%,16,9.47%,12,7.1%,169
SUL,43,RS,430760,ESTANCIA VELHA,8,0.5%,17,1.06%,1005,62.54%,380,23.65%,138,8.59%,59,3.67%,1607
SUL,43,RS,430770,ESTEIO,10,1.1%,22,2.41%,538,58.99%,205,22.48%,85,9.32%,52,5.7%,912
SUL,43,RS,430780,ESTRELA,3,0.28%,19,1.75%,634,58.49%,244,22.51%,125,11.53%,59,5.44%,1084
SUL,43,RS,430781,ESTRELA VELHA,4,3.2%,1,0.8%,80,64%,24,19.2%,12,9.6%,4,3.2%,125
SUL,43,RS,430783,EUGENIO DE CASTRO,1,0.81%,0,-,75,60.48%,27,21.77%,13,10.48%,8,6.45%,124
SUL,43,RS,430786,FAGUNDES VARELA,0,-,1,1.06%,60,63.83%,21,22.34%,7,7.45%,5,5.32%,94
SUL,43,RS,430790,FARROUPILHA,12,0.62%,32,1.64%,1228,62.97%,431,22.1%,167,8.56%,80,4.1%,1950
SUL,43,RS,430800,FAXINAL DO SOTURNO,3,1.03%,3,1.03%,184,63.01%,63,21.58%,23,7.88%,16,5.48%,292
SUL,43,RS,430805,FAXINALZINHO,1,0.96%,1,0.96%,58,55.77%,22,21.15%,11,10.58%,11,10.58%,104
SUL,43,RS,430807,FAZENDA VILANOVA,1,0.44%,8,3.49%,139,60.7%,55,24.02%,17,7.42%,9,3.93%,229
SUL,43,RS,430810,FELIZ,2,1.08%,1,0.54%,125,67.2%,38,20.43%,13,6.99%,7,3.76%,186
SUL,43,RS,430820,FLORES DA CUNHA,7,0.64%,28,2.58%,712,65.5%,240,22.08%,71,6.53%,29,2.67%,1087
SUL,43,RS,430825,FLORIANO PEIXOTO,0,-,1,2.27%,29,65.91%,10,22.73%,3,6.82%,1,2.27%,44
SUL,43,RS,430830,FONTOURA XAVIER,4,0.82%,9,1.86%,272,56.08%,119,24.54%,50,10.31%,31,6.39%,485
SUL,43,RS,430840,FORMIGUEIRO,2,0.76%,9,3.41%,171,64.77%,48,18.18%,18,6.82%,16,6.06%,264
SUL,43,RS,430843,FORQUETINHA,0,-,1,1.47%,35,51.47%,19,27.94%,10,14.71%,3,4.41%,68
SUL,43,RS,430845,FORTALEZA DOS VALOS,1,0.5%,5,2.5%,92,46%,49,24.5%,36,18%,17,8.5%,200
SUL,43,RS,430850,FREDERICO WESTPHALEN,20,1.63%,36,2.93%,743,60.5%,233,18.97%,116,9.45%,80,6.51%,1228
SUL,43,RS,430860,GARIBALDI,1,0.13%,4,0.52%,491,64.44%,173,22.7%,56,7.35%,37,4.86%,762
SUL,43,RS,430865,GARRUCHOS,2,1.98%,2,1.98%,50,49.5%,25,24.75%,12,11.88%,10,9.9%,101
SUL,43,RS,430870,GAURAMA,3,1.85%,1,0.62%,86,53.09%,39,24.07%,17,10.49%,16,9.88%,162
SUL,43,RS,430880,GENERAL CAMARA,3,1.46%,4,1.94%,114,55.34%,52,25.24%,22,10.68%,11,5.34%,206
SUL,43,RS,430885,GENTIL,0,-,3,3.45%,50,57.47%,21,24.14%,9,10.34%,4,4.6%,87
SUL,43,RS,430890,GETULIO VARGAS,6,1.03%,10,1.72%,328,56.55%,132,22.76%,65,11.21%,39,6.72%,580
SUL,43,RS,430900,GIRUA,10,1.87%,19,3.55%,276,51.59%,99,18.5%,73,13.64%,58,10.84%,535
SUL,43,RS,430905,GLORINHA,0,-,0,-,78,54.17%,31,21.53%,21,14.58%,14,9.72%,144
SUL,43,RS,430910,GRAMADO,13,0.98%,15,1.13%,797,59.88%,304,22.84%,126,9.47%,76,5.71%,1331
SUL,43,RS,430912,GRAMADO DOS LOUREIROS,1,0.56%,2,1.12%,106,59.55%,39,21.91%,20,11.24%,10,5.62%,178
SUL,43,RS,430915,GRAMADO XAVIER,1,0.6%,3,1.79%,99,58.93%,36,21.43%,18,10.71%,11,6.55%,168
SUL,43,RS,430920,GRAVATAI,31,0.34%,114,1.26%,5657,62.76%,2059,22.84%,787,8.73%,366,4.06%,9014
SUL,43,RS,430925,GUABIJU,0,-,1,2.33%,34,79.07%,6,13.95%,2,4.65%,0,-,43
SUL,43,RS,430930,GUAIBA,33,0.98%,43,1.28%,1950,58.1%,823,24.52%,334,9.95%,173,5.15%,3356
SUL,43,RS,430940,GUAPORE,17,1.83%,22,2.36%,534,57.36%,210,22.56%,107,11.49%,41,4.4%,931
SUL,43,RS,430950,GUARANI DAS MISSOES,7,3.54%,6,3.03%,113,57.07%,34,17.17%,25,12.63%,13,6.57%,198
SUL,43,RS,430955,HARMONIA,1,0.37%,9,3.36%,143,53.36%,63,23.51%,36,13.43%,16,5.97%,268
SUL,43,RS,430957,HERVEIRAS,0,-,5,4.07%,77,62.6%,22,17.89%,10,8.13%,9,7.32%,123
SUL,43,RS,430960,HORIZONTINA,2,0.43%,7,1.5%,276,59.1%,107,22.91%,53,11.35%,22,4.71%,467
SUL,43,RS,430965,HULHA NEGRA,13,4.3%,9,2.98%,150,49.67%,73,24.17%,25,8.28%,32,10.6%,302
SUL,43,RS,430970,HUMAITA,1,1.89%,1,1.89%,36,67.92%,7,13.21%,6,11.32%,2,3.77%,53
SUL,43,RS,430975,IBARAMA,2,2.44%,2,2.44%,57,69.51%,15,18.29%,4,4.88%,2,2.44%,82
SUL,43,RS,430980,IBIACA,5,2.66%,2,1.06%,119,63.3%,41,21.81%,13,6.91%,8,4.26%,188
SUL,43,RS,430990,IBIRAIARAS,6,2.28%,14,5.32%,164,62.36%,48,18.25%,16,6.08%,15,5.7%,263
SUL,43,RS,430995,IBIRAPUITA,4,2.31%,2,1.16%,103,59.54%,36,20.81%,20,11.56%,8,4.62%,173
SUL,43,RS,431000,IBIRUBA,8,1%,18,2.24%,508,63.18%,172,21.39%,67,8.33%,31,3.86%,804
SUL,43,RS,431010,IGREJINHA,13,1.1%,15,1.27%,635,53.59%,306,25.82%,148,12.49%,68,5.74%,1185
SUL,43,RS,431020,IJUI,17,0.78%,25,1.15%,1360,62.39%,521,23.9%,173,7.94%,84,3.85%,2180
SUL,43,RS,431030,ILOPOLIS,1,0.83%,3,2.5%,71,59.17%,24,20%,12,10%,9,7.5%,120
SUL,43,RS,431033,IMBE,3,0.39%,14,1.84%,446,58.68%,175,23.03%,80,10.53%,42,5.53%,760
SUL,43,RS,431036,IMIGRANTE,0,-,1,1.41%,49,69.01%,11,15.49%,6,8.45%,4,5.63%,71
SUL,43,RS,431040,INDEPENDENCIA,2,0.81%,2,0.81%,130,52.42%,72,29.03%,24,9.68%,18,7.26%,248
SUL,43,RS,431041,INHACORA,0,-,1,0.99%,62,61.39%,21,20.79%,9,8.91%,8,7.92%,101
SUL,43,RS,431043,IPE,2,0.79%,3,1.18%,175,68.9%,45,17.72%,17,6.69%,12,4.72%,254
SUL,43,RS,431046,IPIRANGA DO SUL,0,-,0,-,6,60%,1,10%,1,10%,2,20%,10
SUL,43,RS,431050,IRAI,11,2.84%,8,2.07%,206,53.23%,92,23.77%,39,10.08%,31,8.01%,387
SUL,43,RS,431053,ITAARA,4,1.66%,1,0.41%,142,58.92%,53,21.99%,26,10.79%,15,6.22%,241
SUL,43,RS,431055,ITACURUBI,1,1.15%,1,1.15%,48,55.17%,21,24.14%,5,5.75%,11,12.64%,87
SUL,43,RS,431057,ITAPUCA,2,3.33%,1,1.67%,37,61.67%,13,21.67%,5,8.33%,2,3.33%,60
SUL,43,RS,431060,ITAQUI,9,0.72%,29,2.32%,738,59.04%,254,20.32%,141,11.28%,79,6.32%,1250
SUL,43,RS,431065,ITATI,2,1.56%,2,1.56%,56,43.75%,27,21.09%,22,17.19%,19,14.84%,128
SUL,43,RS,431070,ITATIBA DO SUL,1,1.11%,1,1.11%,63,70%,18,20%,3,3.33%,4,4.44%,90
SUL,43,RS,431075,IVORA,0,-,0,-,23,57.5%,11,27.5%,4,10%,2,5%,40
SUL,43,RS,431080,IVOTI,3,0.37%,8,0.99%,520,64.44%,194,24.04%,58,7.19%,24,2.97%,807
SUL,43,RS,431085,JABOTICABA,0,-,2,2.3%,53,60.92%,17,19.54%,7,8.05%,8,9.2%,87
SUL,43,RS,431087,JACUIZINHO,2,2.35%,1,1.18%,35,41.18%,18,21.18%,19,22.35%,10,11.76%,85
SUL,43,RS,431090,JACUTINGA,3,2.56%,10,8.55%,64,54.7%,22,18.8%,12,10.26%,6,5.13%,117
SUL,43,RS,431100,JAGUARAO,7,0.85%,8,0.97%,420,50.79%,231,27.93%,89,10.76%,72,8.71%,827
SUL,43,RS,431110,JAGUARI,2,0.72%,3,1.08%,164,59.21%,66,23.83%,29,10.47%,13,4.69%,277
SUL,43,RS,431112,JAQUIRANA,3,1.79%,8,4.76%,81,48.21%,42,25%,19,11.31%,15,8.93%,168
SUL,43,RS,431113,JARI,0,-,5,4.2%,63,52.94%,29,24.37%,13,10.92%,9,7.56%,119
SUL,43,RS,431115,JOIA,3,1.15%,3,1.15%,164,62.84%,43,16.48%,29,11.11%,19,7.28%,261
SUL,43,RS,431120,JULIO DE CASTILHOS,8,1.13%,10,1.41%,288,40.56%,156,21.97%,87,12.25%,161,22.68%,710
SUL,43,RS,431123,LAGOA BONITA DO SUL,0,-,3,4.48%,37,55.22%,12,17.91%,13,19.4%,2,2.99%,67
SUL,43,RS,431125,LAGOAO,5,1.87%,6,2.24%,162,60.45%,49,18.28%,21,7.84%,25,9.33%,268
SUL,43,RS,431127,LAGOA DOS TRES CANTOS,0,-,1,1.41%,34,47.89%,18,25.35%,11,15.49%,7,9.86%,71
SUL,43,RS,431130,LAGOA VERMELHA,15,1.5%,31,3.1%,608,60.74%,191,19.08%,82,8.19%,74,7.39%,1001
SUL,43,RS,431140,LAJEADO,22,0.59%,45,1.21%,2163,57.93%,972,26.03%,390,10.44%,142,3.8%,3734
SUL,43,RS,431142,LAJEADO DO BUGRE,7,4.55%,6,3.9%,67,43.51%,33,21.43%,17,11.04%,24,15.58%,154
SUL,43,RS,431150,LAVRAS DO SUL,3,1.03%,5,1.72%,123,42.41%,67,23.1%,58,20%,34,11.72%,290
SUL,43,RS,431160,LIBERATO SALZANO,5,2.96%,5,2.96%,105,62.13%,28,16.57%,10,5.92%,16,9.47%,169
SUL,43,RS,431162,LINDOLFO COLLOR,3,0.78%,4,1.03%,236,60.98%,92,23.77%,38,9.82%,14,3.62%,387
SUL,43,RS,431164,LINHA NOVA,1,1.25%,1,1.25%,50,62.5%,15,18.75%,9,11.25%,4,5%,80
SUL,43,RS,431170,MACHADINHO,3,1%,7,2.33%,168,56%,63,21%,42,14%,17,5.67%,300
SUL,43,RS,431171,MACAMBARA,3,1.13%,2,0.75%,149,56.02%,62,23.31%,32,12.03%,18,6.77%,266
SUL,43,RS,431173,MAMPITUBA,9,5.06%,5,2.81%,114,64.04%,33,18.54%,9,5.06%,8,4.49%,178
SUL,43,RS,431175,MANOEL VIANA,3,0.87%,6,1.74%,173,50.29%,72,20.93%,39,11.34%,51,14.83%,344
SUL,43,RS,431177,MAQUINE,1,0.49%,3,1.47%,130,63.73%,42,20.59%,15,7.35%,13,6.37%,204
SUL,43,RS,431179,MARATA,8,6.15%,5,3.85%,90,69.23%,18,13.85%,7,5.38%,2,1.54%,130
SUL,43,RS,431180,MARAU,4,0.72%,11,1.99%,363,65.52%,117,21.12%,45,8.12%,14,2.53%,554
SUL,43,RS,431190,MARCELINO RAMOS,1,0.72%,2,1.44%,94,67.63%,25,17.99%,9,6.47%,8,5.76%,139
SUL,43,RS,431198,MARIANA PIMENTEL,1,0.7%,1,0.7%,88,61.54%,33,23.08%,15,10.49%,5,3.5%,143
SUL,43,RS,431200,MARIANO MORO,1,1.75%,1,1.75%,37,64.91%,11,19.3%,4,7.02%,3,5.26%,57
SUL,43,RS,431205,MARQUES DE SOUZA,0,-,0,-,32,58.18%,16,29.09%,5,9.09%,2,3.64%,55
SUL,43,RS,431210,MATA,2,1.25%,6,3.75%,99,61.88%,31,19.38%,15,9.38%,7,4.38%,160
SUL,43,RS,431213,MATO CASTELHANO,2,1.61%,5,4.03%,64,51.61%,28,22.58%,12,9.68%,13,10.48%,124
SUL,43,RS,431215,MATO LEITAO,1,0.4%,4,1.59%,155,61.75%,72,28.69%,14,5.58%,5,1.99%,251
SUL,43,RS,431217,MATO QUEIMADO,0,-,2,2.33%,60,69.77%,11,12.79%,12,13.95%,1,1.16%,86
SUL,43,RS,431220,MAXIMILIANO DE ALMEIDA,1,0.56%,0,-,107,59.78%,40,22.35%,21,11.73%,10,5.59%,179
SUL,43,RS,431225,MINAS DO LEAO,9,2.1%,10,2.34%,213,49.77%,87,20.33%,58,13.55%,51,11.92%,428
SUL,43,RS,431230,MIRAGUAI,5,2.02%,6,2.43%,156,63.16%,48,19.43%,25,10.12%,7,2.83%,247
SUL,43,RS,431235,MONTAURI,1,1.23%,1,1.23%,64,79.01%,9,11.11%,4,4.94%,2,2.47%,81
SUL,43,RS,431237,MONTE ALEGRE DOS CAMPOS,2,1%,3,1.49%,130,64.68%,36,17.91%,17,8.46%,13,6.47%,201
SUL,43,RS,431238,MONTE BELO DO SUL,0,-,0,-,67,68.37%,19,19.39%,9,9.18%,3,3.06%,98
SUL,43,RS,431240,MONTENEGRO,17,0.64%,37,1.4%,1532,57.9%,653,24.68%,279,10.54%,128,4.84%,2646
SUL,43,RS,431242,MORMACO,2,1.53%,3,2.29%,75,57.25%,29,22.14%,13,9.92%,9,6.87%,131
SUL,43,RS,431244,MORRINHOS DO SUL,0,-,0,-,72,68.57%,18,17.14%,8,7.62%,7,6.67%,105
SUL,43,RS,431245,MORRO REDONDO,1,0.5%,3,1.5%,129,64.5%,35,17.5%,19,9.5%,13,6.5%,200
SUL,43,RS,431247,MORRO REUTER,5,3.07%,2,1.23%,100,61.35%,32,19.63%,11,6.75%,13,7.98%,163
SUL,43,RS,431250,MOSTARDAS,16,4.15%,14,3.63%,165,42.75%,80,20.73%,42,10.88%,69,17.88%,386
SUL,43,RS,431260,MUCUM,2,1.15%,3,1.72%,108,62.07%,41,23.56%,13,7.47%,7,4.02%,174
SUL,43,RS,431261,MUITOS CAPOES,2,1.92%,2,1.92%,69,66.35%,17,16.35%,5,4.81%,9,8.65%,104
SUL,43,RS,431262,MULITERNO,0,-,1,0.89%,61,54.46%,25,22.32%,11,9.82%,14,12.5%,112
SUL,43,RS,431265,NAO-ME-TOQUE,4,0.68%,14,2.39%,376,64.16%,116,19.8%,47,8.02%,29,4.95%,586
SUL,43,RS,431267,NICOLAU VERGUEIRO,0,-,1,1.79%,37,66.07%,13,23.21%,3,5.36%,2,3.57%,56
SUL,43,RS,431270,NONOAI,4,1.04%,7,1.81%,247,63.99%,75,19.43%,24,6.22%,29,7.51%,386
SUL,43,RS,431275,NOVA ALVORADA,0,-,1,0.6%,110,65.48%,30,17.86%,18,10.71%,9,5.36%,168
SUL,43,RS,431280,NOVA ARACA,4,1.18%,12,3.55%,248,73.37%,53,15.68%,8,2.37%,13,3.85%,338
SUL,43,RS,431290,NOVA BASSANO,3,0.7%,5,1.17%,277,64.87%,91,21.31%,35,8.2%,16,3.75%,427
SUL,43,RS,431295,NOVA BOA VISTA,0,-,0,-,71,58.68%,29,23.97%,12,9.92%,9,7.44%,121
SUL,43,RS,431300,NOVA BRESCIA,0,-,0,-,11,55%,6,30%,1,5%,2,10%,20
SUL,43,RS,431301,NOVA CANDELARIA,0,-,1,0.66%,98,64.9%,33,21.85%,9,5.96%,10,6.62%,151
SUL,43,RS,431303,NOVA ESPERANCA DO SUL,1,1.52%,2,3.03%,35,53.03%,10,15.15%,9,13.64%,9,13.64%,66
SUL,43,RS,431306,NOVA HARTZ,16,2.37%,16,2.37%,394,58.46%,148,21.96%,67,9.94%,33,4.9%,674
SUL,43,RS,431308,NOVA PADUA,0,-,0,-,51,59.3%,22,25.58%,8,9.3%,5,5.81%,86
SUL,43,RS,431310,NOVA PALMA,0,-,3,2.22%,95,70.37%,25,18.52%,10,7.41%,2,1.48%,135
SUL,43,RS,431320,NOVA PETROPOLIS,12,1.06%,27,2.39%,724,64.18%,209,18.53%,96,8.51%,60,5.32%,1128
SUL,43,RS,431330,NOVA PRATA,5,0.46%,8,0.73%,718,65.51%,247,22.54%,75,6.84%,43,3.92%,1096
SUL,43,RS,431333,NOVA RAMADA,1,1.64%,0,-,41,67.21%,13,21.31%,1,1.64%,5,8.2%,61
SUL,43,RS,431335,NOVA ROMA DO SUL,1,0.82%,3,2.46%,71,58.2%,33,27.05%,9,7.38%,5,4.1%,122
SUL,43,RS,431337,NOVA SANTA RITA,14,1.07%,20,1.53%,688,52.8%,306,23.48%,153,11.74%,122,9.36%,1303
SUL,43,RS,431339,NOVO CABRAIS,0,-,0,-,80,69.57%,23,20%,6,5.22%,6,5.22%,115
SUL,43,RS,431340,NOVO HAMBURGO,32,0.7%,76,1.65%,2884,62.78%,982,21.38%,412,8.97%,208,4.53%,4594
SUL,43,RS,431342,NOVO MACHADO,0,-,1,1.19%,50,59.52%,19,22.62%,9,10.71%,5,5.95%,84
SUL,43,RS,431344,NOVO TIRADENTES,4,3.67%,4,3.67%,68,62.39%,21,19.27%,6,5.5%,6,5.5%,109
SUL,43,RS,431346,NOVO XINGU,0,-,0,-,55,67.9%,11,13.58%,8,9.88%,7,8.64%,81
SUL,43,RS,431349,NOVO BARREIRO,0,-,5,2.46%,118,58.13%,36,17.73%,24,11.82%,20,9.85%,203
SUL,43,RS,431350,OSORIO,13,0.66%,22,1.12%,1193,60.93%,458,23.39%,165,8.43%,107,5.46%,1958
SUL,43,RS,431360,PAIM FILHO,0,-,1,1.25%,54,67.5%,14,17.5%,4,5%,7,8.75%,80
SUL,43,RS,431365,PALMARES DO SUL,3,0.72%,11,2.66%,229,55.31%,92,22.22%,46,11.11%,33,7.97%,414
SUL,43,RS,431370,PALMEIRA DAS MISSOES,17,1.26%,32,2.37%,862,63.95%,266,19.73%,105,7.79%,66,4.9%,1348
SUL,43,RS,431380,PALMITINHO,10,2.46%,16,3.93%,266,65.36%,69,16.95%,21,5.16%,25,6.14%,407
SUL,43,RS,431390,PANAMBI,18,1.36%,32,2.41%,804,60.59%,286,21.55%,118,8.89%,69,5.2%,1327
SUL,43,RS,431395,PANTANO GRANDE,3,0.71%,7,1.65%,227,53.41%,99,23.29%,47,11.06%,42,9.88%,425
SUL,43,RS,431400,PARAI,0,-,4,1.35%,210,70.95%,56,18.92%,19,6.42%,7,2.36%,296
SUL,43,RS,431402,PARAISO DO SUL,0,-,4,1.69%,130,55.08%,53,22.46%,28,11.86%,21,8.9%,236
SUL,43,RS,431403,PARECI NOVO,2,0.81%,2,0.81%,142,57.72%,55,22.36%,32,13.01%,13,5.28%,246
SUL,43,RS,431405,PAROBE,14,0.7%,47,2.35%,1200,60.12%,453,22.7%,182,9.12%,100,5.01%,1996
SUL,43,RS,431406,PASSA SETE,2,1.05%,4,2.09%,146,76.44%,22,11.52%,11,5.76%,6,3.14%,191
SUL,43,RS,431407,PASSO DO SOBRADO,2,0.71%,2,0.71%,185,65.37%,41,14.49%,35,12.37%,18,6.36%,283
SUL,43,RS,431410,PASSO FUNDO,47,0.74%,124,1.94%,4028,63.17%,1350,21.17%,528,8.28%,299,4.69%,6376
SUL,43,RS,431413,PAULO BENTO,0,-,1,2.13%,31,65.96%,7,14.89%,2,4.26%,6,12.77%,47
SUL,43,RS,431415,PAVERAMA,4,1.03%,2,0.52%,223,57.62%,79,20.41%,53,13.7%,26,6.72%,387
SUL,43,RS,431417,PEDRAS ALTAS,0,-,1,0.99%,44,43.56%,29,28.71%,17,16.83%,10,9.9%,101
SUL,43,RS,431420,PEDRO OSORIO,8,2.23%,8,2.23%,200,55.87%,77,21.51%,34,9.5%,31,8.66%,358
SUL,43,RS,431430,PEJUCARA,2,0.99%,2,0.99%,105,51.72%,35,17.24%,28,13.79%,31,15.27%,203
SUL,43,RS,431440,PELOTAS,72,1.05%,122,1.77%,3979,57.85%,1562,22.71%,701,10.19%,442,6.43%,6878
SUL,43,RS,431442,PICADA CAFE,0,-,4,1.58%,169,66.8%,51,20.16%,25,9.88%,4,1.58%,253
SUL,43,RS,431445,PINHAL,0,-,2,1.14%,106,60.57%,37,21.14%,17,9.71%,13,7.43%,175
SUL,43,RS,431446,PINHAL DA SERRA,3,4.55%,2,3.03%,21,31.82%,5,7.58%,6,9.09%,29,43.94%,66
SUL,43,RS,431447,PINHAL GRANDE,0,-,2,1.83%,62,56.88%,26,23.85%,12,11.01%,7,6.42%,109
SUL,43,RS,431449,PINHEIRINHO DO VALE,7,3.15%,4,1.8%,120,54.05%,56,25.23%,24,10.81%,11,4.95%,222
SUL,43,RS,431450,PINHEIRO MACHADO,9,2.16%,14,3.36%,224,53.72%,90,21.58%,44,10.55%,36,8.63%,417
SUL,43,RS,431454,PINTO BANDEIRA,0,-,1,0.88%,80,70.8%,26,23.01%,4,3.54%,2,1.77%,113
SUL,43,RS,431455,PIRAPO,3,4.84%,1,1.61%,16,25.81%,11,17.74%,12,19.35%,19,30.65%,62
SUL,43,RS,431460,PIRATINI,7,1.64%,6,1.41%,221,51.88%,103,24.18%,50,11.74%,39,9.15%,426
SUL,43,RS,431470,PLANALTO,5,1.2%,10,2.39%,229,54.78%,73,17.46%,33,7.89%,68,16.27%,418
SUL,43,RS,431475,POCO DAS ANTAS,0,-,1,1.04%,60,62.5%,23,23.96%,9,9.38%,3,3.13%,96
SUL,43,RS,431477,PONTAO,3,1.62%,6,3.24%,119,64.32%,33,17.84%,9,4.86%,15,8.11%,185
SUL,43,RS,431478,PONTE PRETA,1,1.96%,1,1.96%,33,64.71%,7,13.73%,4,7.84%,5,9.8%,51
SUL,43,RS,431480,PORTAO,9,0.62%,19,1.31%,851,58.53%,352,24.21%,147,10.11%,76,5.23%,1454
SUL,43,RS,431490,PORTO ALEGRE,361,0.92%,551,1.4%,22975,58.57%,9095,23.19%,4111,10.48%,2133,5.44%,39226
SUL,43,RS,431500,PORTO LUCENA,2,1.28%,4,2.56%,84,53.85%,31,19.87%,19,12.18%,16,10.26%,156
SUL,43,RS,431505,PORTO MAUA,0,-,1,2.04%,26,53.06%,10,20.41%,6,12.24%,6,12.24%,49
SUL,43,RS,431507,PORTO VERA CRUZ,0,-,0,-,32,74.42%,8,18.6%,2,4.65%,1,2.33%,43
SUL,43,RS,431510,PORTO XAVIER,5,2.01%,3,1.2%,127,51%,58,23.29%,36,14.46%,20,8.03%,249
SUL,43,RS,431513,POUSO NOVO,0,-,1,1.18%,39,45.88%,26,30.59%,11,12.94%,8,9.41%,85
SUL,43,RS,431514,PRESIDENTE LUCENA,0,-,1,0.53%,136,72.34%,34,18.09%,11,5.85%,6,3.19%,188
SUL,43,RS,431515,PROGRESSO,3,1.3%,2,0.87%,138,60%,54,23.48%,22,9.57%,11,4.78%,230
SUL,43,RS,431517,PROTASIO ALVES,1,1.75%,2,3.51%,45,78.95%,8,14.04%,1,1.75%,0,-,57
SUL,43,RS,431520,PUTINGA,0,-,0,-,59,60.82%,21,21.65%,4,4.12%,13,13.4%,97
SUL,43,RS,431530,QUARAI,7,1.17%,9,1.5%,353,58.93%,128,21.37%,54,9.02%,48,8.01%,599
SUL,43,RS,431531,QUATRO IRMAOS,4,4.49%,2,2.25%,41,46.07%,13,14.61%,11,12.36%,18,20.22%,89
SUL,43,RS,431532,QUEVEDOS,4,4%,3,3%,67,67%,15,15%,4,4%,7,7%,100
SUL,43,RS,431535,QUINZE DE NOVEMBRO,0,-,9,4.09%,152,69.09%,40,18.18%,12,5.45%,7,3.18%,220
SUL,43,RS,431540,REDENTORA,6,1.64%,11,3.01%,209,57.26%,70,19.18%,42,11.51%,27,7.4%,365
SUL,43,RS,431545,RELVADO,1,1.75%,0,-,32,56.14%,11,19.3%,11,19.3%,2,3.51%,57
SUL,43,RS,431550,RESTINGA SECA,9,1.35%,13,1.95%,395,59.22%,147,22.04%,76,11.39%,27,4.05%,667
SUL,43,RS,431555,RIO DOS INDIOS,3,2.63%,4,3.51%,68,59.65%,22,19.3%,9,7.89%,8,7.02%,114
SUL,43,RS,431560,RIO GRANDE,58,1.82%,69,2.16%,1773,55.56%,685,21.47%,342,10.72%,264,8.27%,3191
SUL,43,RS,431570,RIO PARDO,15,0.91%,15,0.91%,941,56.79%,409,24.68%,177,10.68%,100,6.04%,1657
SUL,43,RS,431575,RIOZINHO,3,2.88%,0,-,58,55.77%,29,27.88%,12,11.54%,2,1.92%,104
SUL,43,RS,431580,ROCA SALES,2,0.45%,2,0.45%,279,62.84%,102,22.97%,42,9.46%,17,3.83%,444
SUL,43,RS,431590,RODEIO BONITO,1,0.38%,4,1.54%,174,66.92%,48,18.46%,20,7.69%,13,5%,260
SUL,43,RS,431595,ROLADOR,1,1.49%,1,1.49%,31,46.27%,14,20.9%,9,13.43%,11,16.42%,67
SUL,43,RS,431600,ROLANTE,0,-,3,0.77%,191,49.23%,112,28.87%,51,13.14%,31,7.99%,388
SUL,43,RS,431610,RONDA ALTA,3,0.66%,4,0.88%,285,62.5%,102,22.37%,40,8.77%,22,4.82%,456
SUL,43,RS,431620,RONDINHA,1,0.5%,8,4%,116,58%,40,20%,19,9.5%,16,8%,200
SUL,43,RS,431630,ROQUE GONZALES,1,0.58%,1,0.58%,84,48.84%,38,22.09%,33,19.19%,15,8.72%,172
SUL,43,RS,431640,ROSARIO DO SUL,37,3.04%,32,2.63%,676,55.46%,239,19.61%,133,10.91%,102,8.37%,1219
SUL,43,RS,431642,SAGRADA FAMILIA,3,2.42%,2,1.61%,79,63.71%,24,19.35%,7,5.65%,9,7.26%,124
SUL,43,RS,431643,SALDANHA MARINHO,2,1.89%,1,0.94%,58,54.72%,26,24.53%,9,8.49%,10,9.43%,106
SUL,43,RS,431645,SALTO DO JACUI,5,1.01%,8,1.62%,275,55.56%,116,23.43%,50,10.1%,41,8.28%,495
SUL,43,RS,431647,SALVADOR DAS MISSOES,2,1.32%,1,0.66%,85,55.92%,36,23.68%,18,11.84%,10,6.58%,152
SUL,43,RS,431650,SALVADOR DO SUL,2,0.54%,4,1.08%,238,64.5%,76,20.6%,30,8.13%,19,5.15%,369
SUL,43,RS,431660,SANANDUVA,1,0.2%,9,1.8%,321,64.2%,109,21.8%,45,9%,15,3%,500
SUL,43,RS,431670,SANTA BARBARA DO SUL,5,1.55%,2,0.62%,210,65.02%,70,21.67%,19,5.88%,17,5.26%,323
SUL,43,RS,431673,SANTA CECILIA DO SUL,1,2.13%,0,-,34,72.34%,8,17.02%,2,4.26%,2,4.26%,47
SUL,43,RS,431675,SANTA CLARA DO SUL,1,0.36%,1,0.36%,149,53.21%,71,25.36%,40,14.29%,18,6.43%,280
SUL,43,RS,431680,SANTA CRUZ DO SUL,28,0.88%,52,1.64%,1815,57.15%,763,24.02%,337,10.61%,181,5.7%,3176
SUL,43,RS,431690,SANTA MARIA,57,1.21%,93,1.98%,2798,59.58%,1030,21.93%,450,9.58%,268,5.71%,4696
SUL,43,RS,431695,SANTA MARIA DO HERVAL,0,-,2,5.41%,19,51.35%,8,21.62%,2,5.41%,6,16.22%,37
SUL,43,RS,431697,SANTA MARGARIDA DO SUL,0,-,0,-,54,56.25%,18,18.75%,14,14.58%,10,10.42%,96
SUL,43,RS,431700,SANTANA DA BOA VISTA,11,5.58%,7,3.55%,76,38.58%,49,24.87%,21,10.66%,33,16.75%,197
SUL,43,RS,431710,SANT'ANA DO LIVRAMENTO,16,0.63%,39,1.54%,1444,57.17%,605,23.95%,264,10.45%,158,6.25%,2526
SUL,43,RS,431720,SANTA ROSA,26,0.93%,61,2.18%,1812,64.88%,540,19.33%,213,7.63%,141,5.05%,2793
SUL,43,RS,431725,SANTA TEREZA,0,-,0,-,6,100%,0,-,0,-,0,-,6
SUL,43,RS,431730,SANTA VITORIA DO PALMAR,16,1.35%,19,1.6%,595,50.08%,290,24.41%,156,13.13%,112,9.43%,1188
SUL,43,RS,431740,SANTIAGO,10,1.15%,12,1.38%,550,63.36%,170,19.59%,80,9.22%,46,5.3%,868
SUL,43,RS,431750,SANTO ANGELO,38,1.65%,48,2.08%,1272,55.21%,476,20.66%,225,9.77%,245,10.63%,2304
SUL,43,RS,431755,SANTO ANTONIO DO PALMA,0,-,0,-,56,65.88%,16,18.82%,7,8.24%,6,7.06%,85
SUL,43,RS,431760,SANTO ANTONIO DA PATRULHA,16,0.96%,51,3.07%,1127,67.77%,318,19.12%,99,5.95%,52,3.13%,1663
SUL,43,RS,431770,SANTO ANTONIO DAS MISSOES,16,4.1%,5,1.28%,184,47.18%,74,18.97%,47,12.05%,64,16.41%,390
SUL,43,RS,431775,SANTO ANTONIO DO PLANALTO,0,-,2,2.7%,54,72.97%,12,16.22%,5,6.76%,1,1.35%,74
SUL,43,RS,431780,SANTO AUGUSTO,12,2.07%,17,2.93%,361,62.24%,109,18.79%,39,6.72%,42,7.24%,580
SUL,43,RS,431790,SANTO CRISTO,1,0.28%,5,1.38%,251,69.15%,60,16.53%,30,8.26%,16,4.41%,363
SUL,43,RS,431795,SANTO EXPEDITO DO SUL,0,-,2,1.9%,64,60.95%,21,20%,12,11.43%,6,5.71%,105
SUL,43,RS,431800,SAO BORJA,20,1.52%,28,2.12%,715,54.21%,293,22.21%,156,11.83%,107,8.11%,1319
SUL,43,RS,431805,SAO DOMINGOS DO SUL,0,-,1,0.85%,86,72.88%,21,17.8%,7,5.93%,3,2.54%,118
SUL,43,RS,431810,SAO FRANCISCO DE ASSIS,8,2.25%,8,2.25%,200,56.34%,67,18.87%,44,12.39%,28,7.89%,355
SUL,43,RS,431820,SAO FRANCISCO DE PAULA,9,2.54%,8,2.25%,195,54.93%,78,21.97%,34,9.58%,31,8.73%,355
SUL,43,RS,431830,SAO GABRIEL,71,2.87%,67,2.71%,1263,51.01%,533,21.53%,287,11.59%,255,10.3%,2476
SUL,43,RS,431840,SAO JERONIMO,4,0.56%,9,1.26%,408,57.06%,166,23.22%,88,12.31%,40,5.59%,715
SUL,43,RS,431842,SAO JOAO DA URTIGA,0,-,5,3.5%,108,75.52%,20,13.99%,8,5.59%,2,1.4%,143
SUL,43,RS,431843,SAO JOAO DO POLESINE,4,3.51%,3,2.63%,73,64.04%,18,15.79%,10,8.77%,6,5.26%,114
SUL,43,RS,431844,SAO JORGE,0,-,0,-,53,69.74%,16,21.05%,5,6.58%,2,2.63%,76
SUL,43,RS,431845,SAO JOSE DAS MISSOES,0,-,0,-,61,72.62%,16,19.05%,3,3.57%,4,4.76%,84
SUL,43,RS,431846,SAO JOSE DO HERVAL,1,0.9%,1,0.9%,75,67.57%,24,21.62%,5,4.5%,5,4.5%,111
SUL,43,RS,431848,SAO JOSE DO HORTENCIO,0,-,0,-,105,58.33%,49,27.22%,21,11.67%,5,2.78%,180
SUL,43,RS,431849,SAO JOSE DO INHACORA,1,0.86%,2,1.72%,71,61.21%,23,19.83%,13,11.21%,6,5.17%,116
SUL,43,RS,431850,SAO JOSE DO NORTE,6,0.84%,9,1.26%,383,53.42%,166,23.15%,89,12.41%,64,8.93%,717
SUL,43,RS,431860,SAO JOSE DO OURO,3,2.34%,1,0.78%,85,66.41%,24,18.75%,11,8.59%,4,3.13%,128
SUL,43,RS,431861,SAO JOSE DO SUL,0,-,2,1.23%,107,65.64%,36,22.09%,15,9.2%,3,1.84%,163
SUL,43,RS,431862,SAO JOSE DOS AUSENTES,3,1.05%,2,0.7%,172,60.14%,65,22.73%,29,10.14%,15,5.24%,286
SUL,43,RS,431870,SAO LEOPOLDO,41,1.32%,70,2.25%,1770,56.84%,681,21.87%,359,11.53%,193,6.2%,3114
SUL,43,RS,431880,SAO LOURENCO DO SUL,13,1.23%,20,1.89%,548,51.7%,260,24.53%,119,11.23%,100,9.43%,1060
SUL,43,RS,431890,SAO LUIZ GONZAGA,24,1.78%,21,1.56%,763,56.64%,276,20.49%,135,10.02%,128,9.5%,1347
SUL,43,RS,431900,SAO MARCOS,3,0.62%,11,2.29%,289,60.08%,104,21.62%,32,6.65%,42,8.73%,481
SUL,43,RS,431910,SAO MARTINHO,2,0.92%,9,4.13%,130,59.63%,51,23.39%,16,7.34%,10,4.59%,218
SUL,43,RS,431912,SAO MARTINHO DA SERRA,2,1.27%,3,1.91%,77,49.04%,44,28.03%,17,10.83%,14,8.92%,157
SUL,43,RS,431915,SAO MIGUEL DAS MISSOES,4,1.32%,8,2.65%,179,59.27%,66,21.85%,35,11.59%,10,3.31%,302
SUL,43,RS,431920,SAO NICOLAU,1,0.58%,8,4.68%,114,66.67%,28,16.37%,12,7.02%,8,4.68%,171
SUL,43,RS,431930,SAO PAULO DAS MISSOES,2,1.22%,6,3.66%,110,67.07%,28,17.07%,9,5.49%,9,5.49%,164
SUL,43,RS,431935,SAO PEDRO DA SERRA,0,-,3,1.51%,100,50.25%,58,29.15%,28,14.07%,10,5.03%,199
SUL,43,RS,431936,SAO PEDRO DAS MISSOES,1,1.04%,0,-,51,53.13%,17,17.71%,12,12.5%,15,15.63%,96
SUL,43,RS,431937,SAO PEDRO DO BUTIA,0,-,3,2.01%,93,62.42%,33,22.15%,16,10.74%,4,2.68%,149
SUL,43,RS,431940,SAO PEDRO DO SUL,18,3.16%,16,2.81%,296,51.93%,132,23.16%,55,9.65%,53,9.3%,570
SUL,43,RS,431950,SAO SEBASTIAO DO CAI,22,4.66%,19,4.03%,248,52.54%,88,18.64%,38,8.05%,57,12.08%,472
SUL,43,RS,431960,SAO SEPE,7,0.78%,8,0.89%,465,51.72%,231,25.7%,114,12.68%,74,8.23%,899
SUL,43,RS,431970,SAO VALENTIM,1,0.68%,4,2.7%,105,70.95%,21,14.19%,12,8.11%,5,3.38%,148
SUL,43,RS,431971,SAO VALENTIM DO SUL,1,1.19%,0,-,54,64.29%,20,23.81%,8,9.52%,1,1.19%,84
SUL,43,RS,431973,SAO VALERIO DO SUL,0,-,2,1.23%,71,43.83%,35,21.6%,26,16.05%,28,17.28%,162
SUL,43,RS,431975,SAO VENDELINO,1,1.49%,1,1.49%,40,59.7%,13,19.4%,6,8.96%,6,8.96%,67
SUL,43,RS,431980,SAO VICENTE DO SUL,4,1.24%,8,2.48%,155,48.14%,61,18.94%,35,10.87%,59,18.32%,322
SUL,43,RS,431990,SAPIRANGA,23,0.71%,50,1.55%,1836,56.93%,711,22.05%,310,9.61%,295,9.15%,3225
SUL,43,RS,432000,SAPUCAIA DO SUL,30,1.17%,50,1.95%,1466,57.11%,613,23.88%,266,10.36%,142,5.53%,2567
SUL,43,RS,432010,SARANDI,9,1.85%,11,2.26%,299,61.4%,87,17.86%,54,11.09%,27,5.54%,487
SUL,43,RS,432020,SEBERI,19,3.41%,8,1.43%,244,43.73%,92,16.49%,61,10.93%,134,24.01%,558
SUL,43,RS,432023,SEDE NOVA,4,3.81%,2,1.9%,68,64.76%,18,17.14%,8,7.62%,5,4.76%,105
SUL,43,RS,432026,SEGREDO,2,0.7%,6,2.1%,180,62.94%,57,19.93%,21,7.34%,20,6.99%,286
SUL,43,RS,432030,SELBACH,2,1.19%,3,1.79%,93,55.36%,47,27.98%,15,8.93%,8,4.76%,168
SUL,43,RS,432032,SENADOR SALGADO FILHO,0,-,0,-,80,66.12%,28,23.14%,6,4.96%,7,5.79%,121
SUL,43,RS,432035,SENTINELA DO SUL,3,1.26%,2,0.84%,102,42.68%,54,22.59%,39,16.32%,39,16.32%,239
SUL,43,RS,432040,SERAFINA CORREA,9,1.09%,12,1.45%,527,63.8%,165,19.98%,72,8.72%,41,4.96%,826
SUL,43,RS,432045,SERIO,0,-,2,2.6%,56,72.73%,16,20.78%,1,1.3%,2,2.6%,77
SUL,43,RS,432050,SERTAO,0,-,7,3.21%,145,66.51%,38,17.43%,16,7.34%,12,5.5%,218
SUL,43,RS,432055,SERTAO SANTANA,1,0.69%,2,1.39%,88,61.11%,26,18.06%,19,13.19%,8,5.56%,144
SUL,43,RS,432057,SETE DE SETEMBRO,2,2.56%,1,1.28%,45,57.69%,11,14.1%,12,15.38%,7,8.97%,78
SUL,43,RS,432060,SEVERIANO DE ALMEIDA,1,0.73%,6,4.38%,84,61.31%,31,22.63%,9,6.57%,6,4.38%,137
SUL,43,RS,432065,SILVEIRA MARTINS,2,3.39%,0,-,38,64.41%,12,20.34%,2,3.39%,5,8.47%,59
SUL,43,RS,432067,SINIMBU,1,0.38%,0,-,174,66.41%,54,20.61%,20,7.63%,13,4.96%,262
SUL,43,RS,432070,SOBRADINHO,2,0.33%,12,2.01%,364,60.87%,128,21.4%,55,9.2%,37,6.19%,598
SUL,43,RS,432080,SOLEDADE,29,1.8%,35,2.17%,972,60.37%,337,20.93%,139,8.63%,98,6.09%,1610
SUL,43,RS,432085,TABAI,3,1.09%,4,1.45%,154,56%,66,24%,33,12%,15,5.45%,275
SUL,43,RS,432090,TAPEJARA,1,0.24%,14,3.37%,286,68.92%,58,13.98%,40,9.64%,16,3.86%,415
SUL,43,RS,432100,TAPERA,28,7.02%,14,3.51%,188,47.12%,79,19.8%,51,12.78%,39,9.77%,399
SUL,43,RS,432110,TAPES,11,3.29%,8,2.4%,179,53.59%,67,20.06%,40,11.98%,29,8.68%,334
SUL,43,RS,432120,TAQUARA,10,1.24%,23,2.86%,470,58.39%,166,20.62%,89,11.06%,47,5.84%,805
SUL,43,RS,432130,TAQUARI,19,2.52%,17,2.26%,419,55.64%,153,20.32%,94,12.48%,51,6.77%,753
SUL,43,RS,432132,TAQUARUCU DO SUL,1,0.87%,2,1.74%,61,53.04%,29,25.22%,11,9.57%,11,9.57%,115
SUL,43,RS,432135,TAVARES,0,-,8,3.1%,146,56.59%,57,22.09%,24,9.3%,23,8.91%,258
SUL,43,RS,432140,TENENTE PORTELA,1,0.14%,10,1.35%,440,59.46%,177,23.92%,66,8.92%,46,6.22%,740
SUL,43,RS,432143,TERRA DE AREIA,3,0.8%,2,0.53%,184,49.2%,88,23.53%,64,17.11%,33,8.82%,374
SUL,43,RS,432145,TEUTONIA,9,0.58%,16,1.03%,916,58.87%,389,25%,163,10.48%,63,4.05%,1556
SUL,43,RS,432146,TIO HUGO,2,1.22%,1,0.61%,92,56.1%,34,20.73%,19,11.59%,16,9.76%,164
SUL,43,RS,432147,TIRADENTES DO SUL,0,-,5,3.5%,104,72.73%,20,13.99%,12,8.39%,2,1.4%,143
SUL,43,RS,432149,TOROPI,0,-,1,1.08%,46,49.46%,22,23.66%,13,13.98%,11,11.83%,93
SUL,43,RS,432150,TORRES,12,0.76%,14,0.88%,928,58.48%,400,25.2%,153,9.64%,80,5.04%,1587
SUL,43,RS,432160,TRAMANDAI,14,1.52%,15,1.63%,523,56.72%,188,20.39%,106,11.5%,76,8.24%,922
SUL,43,RS,432162,TRAVESSEIRO,1,1.15%,0,-,46,52.87%,26,29.89%,10,11.49%,4,4.6%,87
SUL,43,RS,432163,TRES ARROIOS,0,-,0,-,19,39.58%,21,43.75%,7,14.58%,1,2.08%,48
SUL,43,RS,432166,TRES CACHOEIRAS,1,0.22%,3,0.67%,245,54.69%,135,30.13%,40,8.93%,24,5.36%,448
SUL,43,RS,432170,TRES COROAS,2,0.36%,9,1.64%,372,67.76%,115,20.95%,42,7.65%,9,1.64%,549
SUL,43,RS,432180,TRES DE MAIO,6,1.03%,17,2.91%,363,62.16%,112,19.18%,41,7.02%,45,7.71%,584
SUL,43,RS,432183,TRES FORQUILHAS,3,1.74%,2,1.16%,92,53.49%,42,24.42%,16,9.3%,17,9.88%,172
SUL,43,RS,432185,TRES PALMEIRAS,3,1.31%,5,2.18%,118,51.53%,63,27.51%,22,9.61%,18,7.86%,229
SUL,43,RS,432190,TRES PASSOS,14,1.59%,27,3.06%,527,59.75%,181,20.52%,84,9.52%,49,5.56%,882
SUL,43,RS,432195,TRINDADE DO SUL,2,0.46%,7,1.61%,263,60.32%,94,21.56%,51,11.7%,19,4.36%,436
SUL,43,RS,432200,TRIUNFO,7,0.86%,11,1.34%,450,55.01%,193,23.59%,96,11.74%,61,7.46%,818
SUL,43,RS,432210,TUCUNDUVA,0,-,1,0.58%,99,57.56%,38,22.09%,23,13.37%,11,6.4%,172
SUL,43,RS,432215,TUNAS,2,1.32%,6,3.95%,105,69.08%,25,16.45%,6,3.95%,8,5.26%,152
SUL,43,RS,432218,TUPANCI DO SUL,0,-,0,-,35,66.04%,10,18.87%,5,9.43%,3,5.66%,53
SUL,43,RS,432220,TUPANCIRETA,8,1.37%,9,1.54%,342,58.66%,115,19.73%,75,12.86%,34,5.83%,583
SUL,43,RS,432225,TUPANDI,0,-,0,-,138,61.61%,59,26.34%,19,8.48%,8,3.57%,224
SUL,43,RS,432230,TUPARENDI,5,2.62%,3,1.57%,127,66.49%,36,18.85%,11,5.76%,9,4.71%,191
SUL,43,RS,432232,TURUCU,6,6.59%,5,5.49%,43,47.25%,22,24.18%,7,7.69%,8,8.79%,91
SUL,43,RS,432234,UBIRETAMA,0,-,0,-,26,63.41%,7,17.07%,2,4.88%,6,14.63%,41
SUL,43,RS,432235,UNIAO DA SERRA,2,13.33%,0,-,9,60%,0,-,2,13.33%,2,13.33%,15
SUL,43,RS,432237,UNISTALDA,2,3.85%,1,1.92%,33,63.46%,12,23.08%,3,5.77%,1,1.92%,52
SUL,43,RS,432240,URUGUAIANA,59,1.48%,86,2.15%,2283,57.16%,921,23.06%,398,9.96%,247,6.18%,3994
SUL,43,RS,432250,VACARIA,25,0.85%,51,1.74%,1856,63.39%,616,21.04%,226,7.72%,154,5.26%,2928
SUL,43,RS,432252,VALE VERDE,1,0.65%,1,0.65%,97,62.58%,33,21.29%,14,9.03%,9,5.81%,155
SUL,43,RS,432253,VALE DO SOL,0,-,2,0.58%,218,63.74%,78,22.81%,31,9.06%,13,3.8%,342
SUL,43,RS,432254,VALE REAL,2,0.87%,3,1.3%,138,59.74%,65,28.14%,11,4.76%,12,5.19%,231
SUL,43,RS,432255,VANINI,2,2.6%,5,6.49%,46,59.74%,15,19.48%,7,9.09%,2,2.6%,77
SUL,43,RS,432260,VENANCIO AIRES,3,0.17%,23,1.28%,1101,61.06%,430,23.85%,163,9.04%,83,4.6%,1803
SUL,43,RS,432270,VERA CRUZ,3,0.25%,18,1.49%,660,54.77%,333,27.63%,134,11.12%,57,4.73%,1205
SUL,43,RS,432280,VERANOPOLIS,4,0.57%,12,1.7%,383,54.33%,190,26.95%,77,10.92%,39,5.53%,705
SUL,43,RS,432285,VESPASIANO CORREA,2,2.74%,2,2.74%,48,65.75%,11,15.07%,6,8.22%,4,5.48%,73
SUL,43,RS,432290,VIADUTOS,4,3.64%,1,0.91%,73,66.36%,14,12.73%,11,10%,7,6.36%,110
SUL,43,RS,432300,VIAMAO,74,0.84%,130,1.48%,4958,56.56%,2002,22.84%,963,10.99%,639,7.29%,8766
SUL,43,RS,432310,VICENTE DUTRA,10,4.22%,7,2.95%,123,51.9%,55,23.21%,22,9.28%,20,8.44%,237
SUL,43,RS,432320,VICTOR GRAEFF,0,-,2,1.61%,74,59.68%,35,28.23%,7,5.65%,6,4.84%,124
SUL,43,RS,432330,VILA FLORES,0,-,0,-,104,59.43%,47,26.86%,18,10.29%,6,3.43%,175
SUL,43,RS,432335,VILA LANGARO,0,-,3,5.66%,37,69.81%,4,7.55%,7,13.21%,2,3.77%,53
SUL,43,RS,432340,VILA MARIA,5,2.81%,5,2.81%,113,63.48%,24,13.48%,20,11.24%,11,6.18%,178
SUL,43,RS,432345,VILA NOVA DO SUL,2,0.95%,5,2.37%,121,57.35%,47,22.27%,21,9.95%,15,7.11%,211
SUL,43,RS,432350,VISTA ALEGRE,0,-,1,0.75%,79,58.96%,25,18.66%,17,12.69%,12,8.96%,134
SUL,43,RS,432360,VISTA ALEGRE DO PRATA,0,-,1,2.08%,38,79.17%,7,14.58%,1,2.08%,1,2.08%,48
SUL,43,RS,432370,VISTA GAUCHA,1,2.17%,2,4.35%,24,52.17%,12,26.09%,3,6.52%,4,8.7%,46
SUL,43,RS,432375,VITORIA DAS MISSOES,1,1.27%,0,-,50,63.29%,17,21.52%,6,7.59%,5,6.33%,79
SUL,43,RS,432377,WESTFALIA,0,-,0,-,79,58.96%,35,26.12%,11,8.21%,9,6.72%,134
SUL,43,RS,432380,XANGRI-LA,2,0.88%,2,0.88%,131,57.96%,56,24.78%,21,9.29%,14,6.19%,226
CENTRO-OESTE,50,MS,500020,AGUA CLARA,4,0.33%,26,2.15%,775,63.94%,274,22.61%,92,7.59%,41,3.38%,1212
CENTRO-OESTE,50,MS,500025,ALCINOPOLIS,1,0.41%,3,1.22%,169,68.98%,40,16.33%,25,10.2%,7,2.86%,245
CENTRO-OESTE,50,MS,500060,AMAMBAI,28,1.29%,49,2.25%,1482,68.08%,402,18.47%,150,6.89%,66,3.03%,2177
CENTRO-OESTE,50,MS,500070,ANASTACIO,24,1.45%,43,2.6%,1058,64.08%,317,19.2%,123,7.45%,86,5.21%,1651
CENTRO-OESTE,50,MS,500080,ANAURILANDIA,2,0.99%,8,3.96%,155,76.73%,21,10.4%,14,6.93%,2,0.99%,202
CENTRO-OESTE,50,MS,500085,ANGELICA,5,0.72%,14,2.02%,458,66.18%,129,18.64%,55,7.95%,31,4.48%,692
CENTRO-OESTE,50,MS,500090,ANTONIO JOAO,8,1.48%,11,2.03%,328,60.52%,127,23.43%,44,8.12%,24,4.43%,542
CENTRO-OESTE,50,MS,500100,APARECIDA DO TABOADO,31,2.16%,48,3.35%,877,61.2%,288,20.1%,118,8.23%,71,4.95%,1433
CENTRO-OESTE,50,MS,500110,AQUIDAUANA,41,1.33%,62,2.01%,1953,63.18%,594,19.22%,268,8.67%,173,5.6%,3091
CENTRO-OESTE,50,MS,500124,ARAL MOREIRA,18,2.45%,26,3.54%,451,61.44%,137,18.66%,57,7.77%,45,6.13%,734
CENTRO-OESTE,50,MS,500150,BANDEIRANTES,6,1.46%,4,0.97%,277,67.4%,77,18.73%,25,6.08%,22,5.35%,411
CENTRO-OESTE,50,MS,500190,BATAGUASSU,15,1.13%,37,2.78%,841,63.09%,264,19.8%,111,8.33%,65,4.88%,1333
CENTRO-OESTE,50,MS,500200,BATAYPORA,0,-,7,1.16%,417,69.27%,116,19.27%,43,7.14%,19,3.16%,602
CENTRO-OESTE,50,MS,500210,BELA VISTA,24,2.23%,44,4.09%,668,62.14%,176,16.37%,94,8.74%,69,6.42%,1075
CENTRO-OESTE,50,MS,500215,BODOQUENA,6,1.66%,6,1.66%,188,52.08%,82,22.71%,48,13.3%,31,8.59%,361
CENTRO-OESTE,50,MS,500220,BONITO,16,1.33%,41,3.4%,752,62.41%,208,17.26%,111,9.21%,77,6.39%,1205
CENTRO-OESTE,50,MS,500230,BRASILANDIA,13,1.97%,25,3.78%,427,64.6%,127,19.21%,43,6.51%,26,3.93%,661
CENTRO-OESTE,50,MS,500240,CAARAPO,26,1.71%,52,3.42%,1035,68.14%,258,16.98%,95,6.25%,53,3.49%,1519
CENTRO-OESTE,50,MS,500260,CAMAPUA,7,0.87%,13,1.62%,503,62.72%,164,20.45%,79,9.85%,36,4.49%,802
CENTRO-OESTE,50,MS,500270,CAMPO GRANDE,317,1.11%,559,1.95%,17851,62.29%,6067,21.17%,2515,8.78%,1348,4.7%,28657
CENTRO-OESTE,50,MS,500280,CARACOL,4,1.1%,8,2.19%,225,61.64%,88,24.11%,31,8.49%,9,2.47%,365
CENTRO-OESTE,50,MS,500290,CASSILANDIA,14,1.1%,22,1.73%,805,63.24%,270,21.21%,115,9.03%,47,3.69%,1273
CENTRO-OESTE,50,MS,500295,CHAPADAO DO SUL,27,1.37%,38,1.93%,1255,63.64%,410,20.79%,167,8.47%,75,3.8%,1972
CENTRO-OESTE,50,MS,500310,CORGUINHO,3,1.89%,3,1.89%,94,59.12%,38,23.9%,10,6.29%,11,6.92%,159
CENTRO-OESTE,50,MS,500315,CORONEL SAPUCAIA,14,1.07%,32,2.45%,850,65.13%,259,19.85%,92,7.05%,58,4.44%,1305
CENTRO-OESTE,50,MS,500320,CORUMBA,88,2%,149,3.38%,2851,64.77%,820,18.63%,313,7.11%,181,4.11%,4402
CENTRO-OESTE,50,MS,500325,COSTA RICA,55,3.41%,58,3.59%,962,59.57%,306,18.95%,140,8.67%,94,5.82%,1615
CENTRO-OESTE,50,MS,500330,COXIM,25,1.82%,52,3.78%,869,63.2%,258,18.76%,117,8.51%,54,3.93%,1375
CENTRO-OESTE,50,MS,500345,DEODAPOLIS,12,1.55%,17,2.19%,486,62.71%,165,21.29%,64,8.26%,31,4%,775
CENTRO-OESTE,50,MS,500348,DOIS IRMAOS DO BURITI,5,1.12%,15,3.36%,282,63.09%,84,18.79%,33,7.38%,28,6.26%,447
CENTRO-OESTE,50,MS,500350,DOURADINA,5,1.8%,3,1.08%,194,69.78%,38,13.67%,23,8.27%,15,5.4%,278
CENTRO-OESTE,50,MS,500370,DOURADOS,85,0.84%,204,2.01%,6997,68.91%,1890,18.61%,657,6.47%,321,3.16%,10154
CENTRO-OESTE,50,MS,500375,ELDORADO,11,2.06%,11,2.06%,314,58.69%,103,19.25%,45,8.41%,51,9.53%,535
CENTRO-OESTE,50,MS,500380,FATIMA DO SUL,7,0.77%,23,2.52%,581,63.64%,179,19.61%,95,10.41%,28,3.07%,913
CENTRO-OESTE,50,MS,500390,FIGUEIRAO,0,-,5,2.78%,124,68.89%,27,15%,15,8.33%,9,5%,180
CENTRO-OESTE,50,MS,500400,GLORIA DE DOURADOS,6,1.24%,18,3.71%,329,67.84%,87,17.94%,30,6.19%,15,3.09%,485
CENTRO-OESTE,50,MS,500410,GUIA LOPES DA LAGUNA,20,3.86%,11,2.12%,343,66.22%,93,17.95%,33,6.37%,18,3.47%,518
CENTRO-OESTE,50,MS,500430,IGUATEMI,6,0.76%,19,2.4%,502,63.46%,157,19.85%,68,8.6%,39,4.93%,791
CENTRO-OESTE,50,MS,500440,INOCENCIA,15,2.47%,14,2.3%,396,65.13%,118,19.41%,38,6.25%,27,4.44%,608
CENTRO-OESTE,50,MS,500450,ITAPORA,10,1.22%,18,2.2%,474,57.8%,175,21.34%,72,8.78%,71,8.66%,820
CENTRO-OESTE,50,MS,500460,ITAQUIRAI,28,2.81%,25,2.51%,562,56.43%,171,17.17%,105,10.54%,105,10.54%,996
CENTRO-OESTE,50,MS,500470,IVINHEMA,16,1.31%,19,1.56%,685,56.19%,268,21.99%,141,11.57%,90,7.38%,1219
CENTRO-OESTE,50,MS,500480,JAPORA,14,2.35%,25,4.19%,392,65.66%,111,18.59%,27,4.52%,28,4.69%,597
CENTRO-OESTE,50,MS,500490,JARAGUARI,1,0.71%,4,2.84%,95,67.38%,25,17.73%,10,7.09%,6,4.26%,141
CENTRO-OESTE,50,MS,500500,JARDIM,38,2.75%,36,2.6%,839,60.62%,277,20.01%,137,9.9%,57,4.12%,1384
CENTRO-OESTE,50,MS,500510,JATEI,5,2.43%,6,2.91%,131,63.59%,43,20.87%,13,6.31%,8,3.88%,206
CENTRO-OESTE,50,MS,500515,JUTI,4,0.91%,20,4.56%,309,70.39%,58,13.21%,32,7.29%,16,3.64%,439
CENTRO-OESTE,50,MS,500520,LADARIO,25,2.23%,47,4.19%,764,68.15%,195,17.4%,56,5%,34,3.03%,1121
CENTRO-OESTE,50,MS,500525,LAGUNA CARAPA,4,0.77%,14,2.7%,330,63.58%,107,20.62%,46,8.86%,18,3.47%,519
CENTRO-OESTE,50,MS,500540,MARACAJU,35,1.21%,45,1.55%,1713,59.17%,661,22.83%,275,9.5%,166,5.73%,2895
CENTRO-OESTE,50,MS,500560,MIRANDA,34,1.79%,51,2.69%,1174,61.92%,370,19.51%,153,8.07%,114,6.01%,1896
CENTRO-OESTE,50,MS,500568,MUNDO NOVO,10,1.16%,28,3.24%,510,58.96%,178,20.58%,86,9.94%,53,6.13%,865
CENTRO-OESTE,50,MS,500570,NAVIRAI,17,0.86%,31,1.56%,1163,58.5%,466,23.44%,206,10.36%,105,5.28%,1988
CENTRO-OESTE,50,MS,500580,NIOAQUE,17,2.17%,19,2.42%,468,59.69%,159,20.28%,59,7.53%,62,7.91%,784
CENTRO-OESTE,50,MS,500600,NOVA ALVORADA DO SUL,19,2.12%,26,2.91%,545,60.89%,169,18.88%,79,8.83%,57,6.37%,895
CENTRO-OESTE,50,MS,500620,NOVA ANDRADINA,31,1.52%,47,2.31%,1311,64.33%,390,19.14%,165,8.1%,94,4.61%,2038
CENTRO-OESTE,50,MS,500625,NOVO HORIZONTE DO SUL,3,1.05%,11,3.83%,163,56.79%,62,21.6%,33,11.5%,15,5.23%,287
CENTRO-OESTE,50,MS,500627,PARAISO DAS AGUAS,6,1.6%,11,2.93%,250,66.67%,78,20.8%,24,6.4%,6,1.6%,375
CENTRO-OESTE,50,MS,500630,PARANAIBA,15,1.49%,25,2.49%,616,61.29%,206,20.5%,87,8.66%,56,5.57%,1005
CENTRO-OESTE,50,MS,500635,PARANHOS,24,1.6%,47,3.14%,984,65.69%,293,19.56%,96,6.41%,54,3.6%,1498
CENTRO-OESTE,50,MS,500640,PEDRO GOMES,5,1.32%,15,3.95%,241,63.42%,64,16.84%,34,8.95%,21,5.53%,380
CENTRO-OESTE,50,MS,500660,PONTA PORA,138,2.41%,162,2.82%,3511,61.19%,1111,19.36%,442,7.7%,374,6.52%,5738
CENTRO-OESTE,50,MS,500690,PORTO MURTINHO,10,1.07%,29,3.11%,576,61.87%,194,20.84%,82,8.81%,40,4.3%,931
CENTRO-OESTE,50,MS,500710,RIBAS DO RIO PARDO,20,1.17%,34,1.98%,1165,67.93%,326,19.01%,117,6.82%,53,3.09%,1715
CENTRO-OESTE,50,MS,500720,RIO BRILHANTE,25,1.5%,40,2.4%,947,56.74%,366,21.93%,176,10.55%,115,6.89%,1669
CENTRO-OESTE,50,MS,500730,RIO NEGRO,9,3.4%,5,1.89%,166,62.64%,45,16.98%,23,8.68%,17,6.42%,265
CENTRO-OESTE,50,MS,500740,RIO VERDE DE MATO GROSSO,14,1.32%,25,2.36%,711,67.14%,201,18.98%,74,6.99%,34,3.21%,1059
CENTRO-OESTE,50,MS,500750,ROCHEDO,7,2.92%,7,2.92%,112,46.67%,59,24.58%,38,15.83%,17,7.08%,240
CENTRO-OESTE,50,MS,500755,SANTA RITA DO PARDO,1,0.24%,9,2.16%,248,59.62%,88,21.15%,36,8.65%,34,8.17%,416
CENTRO-OESTE,50,MS,500769,SAO GABRIEL DO OESTE,15,0.92%,29,1.79%,996,61.41%,391,24.11%,118,7.27%,73,4.5%,1622
CENTRO-OESTE,50,MS,500770,SETE QUEDAS,10,1.57%,20,3.13%,417,65.36%,106,16.61%,55,8.62%,30,4.7%,638
CENTRO-OESTE,50,MS,500780,SELVIRIA,4,0.96%,6,1.44%,247,59.23%,94,22.54%,41,9.83%,25,6%,417
CENTRO-OESTE,50,MS,500790,SIDROLANDIA,29,1.33%,47,2.16%,1324,60.76%,451,20.7%,190,8.72%,138,6.33%,2179
CENTRO-OESTE,50,MS,500793,SONORA,9,1.25%,16,2.22%,432,59.92%,156,21.64%,71,9.85%,37,5.13%,721
CENTRO-OESTE,50,MS,500795,TACURU,12,1.69%,15,2.12%,459,64.74%,124,17.49%,69,9.73%,30,4.23%,709
CENTRO-OESTE,50,MS,500797,TAQUARUSSU,6,3.19%,5,2.66%,110,58.51%,42,22.34%,17,9.04%,8,4.26%,188
CENTRO-OESTE,50,MS,500800,TERENOS,15,2.83%,24,4.53%,342,64.53%,83,15.66%,40,7.55%,26,4.91%,530
CENTRO-OESTE,50,MS,500830,TRES LAGOAS,74,1.24%,124,2.08%,3896,65.42%,1159,19.46%,466,7.83%,236,3.96%,5955
CENTRO-OESTE,50,MS,500840,VICENTINA,2,1.54%,2,1.54%,90,69.23%,24,18.46%,5,3.85%,7,5.38%,130
CENTRO-OESTE,51,MT,510010,ACORIZAL,9,3.73%,6,2.49%,171,70.95%,30,12.45%,11,4.56%,14,5.81%,241
CENTRO-OESTE,51,MT,510020,AGUA BOA,24,1.25%,37,1.92%,1235,64.22%,381,19.81%,180,9.36%,66,3.43%,1923
CENTRO-OESTE,51,MT,510025,ALTA FLORESTA,47,1.76%,66,2.47%,1684,63.05%,502,18.79%,223,8.35%,149,5.58%,2671
CENTRO-OESTE,51,MT,510030,ALTO ARAGUAIA,11,1.63%,16,2.37%,433,64.24%,124,18.4%,47,6.97%,43,6.38%,674
CENTRO-OESTE,51,MT,510035,ALTO BOA VISTA,1,0.19%,12,2.33%,391,75.92%,77,14.95%,26,5.05%,8,1.55%,515
CENTRO-OESTE,51,MT,510040,ALTO GARCAS,37,5.13%,34,4.72%,435,60.33%,120,16.64%,55,7.63%,40,5.55%,721
CENTRO-OESTE,51,MT,510050,ALTO PARAGUAI,5,0.95%,12,2.29%,322,61.45%,110,20.99%,54,10.31%,21,4.01%,524
CENTRO-OESTE,51,MT,510060,ALTO TAQUARI,5,0.82%,6,0.98%,395,64.44%,135,22.02%,55,8.97%,17,2.77%,613
CENTRO-OESTE,51,MT,510080,APIACAS,13,2.74%,17,3.58%,322,67.79%,72,15.16%,25,5.26%,26,5.47%,475
CENTRO-OESTE,51,MT,510100,ARAGUAIANA,2,0.91%,2,0.91%,142,64.55%,42,19.09%,17,7.73%,15,6.82%,220
CENTRO-OESTE,51,MT,510120,ARAGUAINHA,0,-,5,6.58%,55,72.37%,9,11.84%,4,5.26%,3,3.95%,76
CENTRO-OESTE,51,MT,510125,ARAPUTANGA,18,2.48%,34,4.69%,456,62.9%,140,19.31%,45,6.21%,32,4.41%,725
CENTRO-OESTE,51,MT,510130,ARENAPOLIS,6,0.87%,18,2.6%,451,65.27%,131,18.96%,39,5.64%,46,6.66%,691
CENTRO-OESTE,51,MT,510140,ARIPUANA,11,0.66%,52,3.13%,1098,66.14%,306,18.43%,130,7.83%,63,3.8%,1660
CENTRO-OESTE,51,MT,510160,BARAO DE MELGACO,4,1.24%,7,2.17%,234,72.67%,45,13.98%,17,5.28%,15,4.66%,322
CENTRO-OESTE,51,MT,510170,BARRA DO BUGRES,19,1.36%,31,2.23%,924,66.33%,249,17.88%,108,7.75%,62,4.45%,1393
CENTRO-OESTE,51,MT,510180,BARRA DO GARCAS,79,2.51%,94,2.99%,1987,63.24%,615,19.57%,244,7.77%,123,3.91%,3142
CENTRO-OESTE,51,MT,510183,BOA ESPERANCA DO NORTE,0,-,0,-,0,-,0,-,0,-,0,-,0
CENTRO-OESTE,51,MT,510185,BOM JESUS DO ARAGUAIA,31,6.44%,16,3.33%,281,58.42%,81,16.84%,46,9.56%,26,5.41%,481
CENTRO-OESTE,51,MT,510190,BRASNORTE,15,1.2%,32,2.57%,907,72.73%,189,15.16%,70,5.61%,34,2.73%,1247
CENTRO-OESTE,51,MT,510250,CACERES,56,1.45%,137,3.55%,2530,65.53%,702,18.18%,278,7.2%,158,4.09%,3861
CENTRO-OESTE,51,MT,510260,CAMPINAPOLIS,99,6.85%,66,4.57%,820,56.75%,281,19.45%,114,7.89%,65,4.5%,1445
CENTRO-OESTE,51,MT,510263,CAMPO NOVO DO PARECIS,52,1.51%,96,2.79%,2168,63.02%,652,18.95%,296,8.6%,176,5.12%,3440
CENTRO-OESTE,51,MT,510267,CAMPO VERDE,19,0.83%,48,2.1%,1569,68.58%,410,17.92%,168,7.34%,74,3.23%,2288
CENTRO-OESTE,51,MT,510268,CAMPOS DE JULIO,10,2.41%,7,1.69%,286,68.92%,69,16.63%,32,7.71%,11,2.65%,415
CENTRO-OESTE,51,MT,510269,CANABRAVA DO NORTE,1,0.44%,10,4.37%,165,72.05%,30,13.1%,16,6.99%,7,3.06%,229
CENTRO-OESTE,51,MT,510270,CANARANA,19,1.28%,35,2.35%,1034,69.54%,254,17.08%,78,5.25%,67,4.51%,1487
CENTRO-OESTE,51,MT,510279,CARLINDA,10,4.85%,5,2.43%,149,72.33%,25,12.14%,10,4.85%,7,3.4%,206
CENTRO-OESTE,51,MT,510285,CASTANHEIRA,9,1.86%,14,2.89%,278,57.32%,91,18.76%,55,11.34%,38,7.84%,485
CENTRO-OESTE,51,MT,510300,CHAPADA DOS GUIMARAES,18,1.67%,27,2.5%,716,66.36%,183,16.96%,98,9.08%,37,3.43%,1079
CENTRO-OESTE,51,MT,510305,CLAUDIA,5,1.09%,14,3.05%,284,61.87%,76,16.56%,44,9.59%,36,7.84%,459
CENTRO-OESTE,51,MT,510310,COCALINHO,7,1.85%,5,1.32%,243,64.12%,74,19.53%,30,7.92%,20,5.28%,379
CENTRO-OESTE,51,MT,510320,COLIDER,10,1.66%,27,4.47%,400,66.23%,95,15.73%,36,5.96%,36,5.96%,604
CENTRO-OESTE,51,MT,510325,COLNIZA,25,1.92%,50,3.83%,890,68.25%,216,16.56%,83,6.37%,40,3.07%,1304
CENTRO-OESTE,51,MT,510330,COMODORO,16,1.38%,28,2.41%,835,71.8%,192,16.51%,60,5.16%,32,2.75%,1163
CENTRO-OESTE,51,MT,510335,CONFRESA,42,1.37%,83,2.7%,1962,63.8%,625,20.33%,239,7.77%,124,4.03%,3075
CENTRO-OESTE,51,MT,510336,CONQUISTA D'OESTE,7,2.48%,8,2.84%,188,66.67%,52,18.44%,17,6.03%,10,3.55%,282
CENTRO-OESTE,51,MT,510337,COTRIGUACU,10,1.47%,20,2.94%,443,65.05%,118,17.33%,58,8.52%,32,4.7%,681
CENTRO-OESTE,51,MT,510340,CUIABA,333,1.49%,592,2.65%,14895,66.56%,4187,18.71%,1563,6.98%,809,3.61%,22379
CENTRO-OESTE,51,MT,510343,CURVELANDIA,4,2.61%,9,5.88%,103,67.32%,15,9.8%,14,9.15%,8,5.23%,153
CENTRO-OESTE,51,MT,510345,DENISE,7,3.18%,8,3.64%,133,60.45%,39,17.73%,13,5.91%,20,9.09%,220
CENTRO-OESTE,51,MT,510350,DIAMANTINO,17,1.99%,29,3.4%,560,65.65%,147,17.23%,62,7.27%,38,4.45%,853
CENTRO-OESTE,51,MT,510360,DOM AQUINO,1,0.24%,4,0.94%,323,76.18%,57,13.44%,21,4.95%,18,4.25%,424
CENTRO-OESTE,51,MT,510370,FELIZ NATAL,27,4.52%,19,3.18%,372,62.21%,94,15.72%,55,9.2%,31,5.18%,598
CENTRO-OESTE,51,MT,510380,FIGUEIROPOLIS D'OESTE,6,4.92%,5,4.1%,70,57.38%,28,22.95%,8,6.56%,5,4.1%,122
CENTRO-OESTE,51,MT,510385,GAUCHA DO NORTE,8,0.95%,8,0.95%,544,64.76%,187,22.26%,55,6.55%,38,4.52%,840
CENTRO-OESTE,51,MT,510390,GENERAL CARNEIRO,15,4.29%,6,1.71%,227,64.86%,61,17.43%,21,6%,20,5.71%,350
CENTRO-OESTE,51,MT,510395,GLORIA D'OESTE,0,-,5,3.07%,106,65.03%,35,21.47%,9,5.52%,8,4.91%,163
CENTRO-OESTE,51,MT,510410,GUARANTA DO NORTE,24,1.54%,50,3.21%,1105,70.92%,258,16.56%,80,5.13%,41,2.63%,1558
CENTRO-OESTE,51,MT,510420,GUIRATINGA,4,1.22%,9,2.74%,216,65.85%,59,17.99%,26,7.93%,14,4.27%,328
CENTRO-OESTE,51,MT,510450,INDIAVAI,1,1.05%,1,1.05%,68,71.58%,9,9.47%,5,5.26%,11,11.58%,95
CENTRO-OESTE,51,MT,510452,IPIRANGA DO NORTE,7,1.18%,17,2.86%,356,59.83%,121,20.34%,52,8.74%,42,7.06%,595
CENTRO-OESTE,51,MT,510454,ITANHANGA,7,1.68%,13,3.13%,294,70.67%,72,17.31%,22,5.29%,8,1.92%,416
CENTRO-OESTE,51,MT,510455,ITAUBA,1,0.25%,18,4.58%,242,61.58%,80,20.36%,26,6.62%,26,6.62%,393
CENTRO-OESTE,51,MT,510460,ITIQUIRA,17,3.58%,18,3.79%,296,62.32%,68,14.32%,42,8.84%,34,7.16%,475
CENTRO-OESTE,51,MT,510480,JACIARA,24,1.76%,29,2.12%,873,63.86%,239,17.48%,94,6.88%,108,7.9%,1367
CENTRO-OESTE,51,MT,510490,JANGADA,27,6.75%,25,6.25%,220,55%,61,15.25%,26,6.5%,41,10.25%,400
CENTRO-OESTE,51,MT,510500,JAURU,0,-,7,4.67%,105,70%,23,15.33%,4,2.67%,11,7.33%,150
CENTRO-OESTE,51,MT,510510,JUARA,23,1.08%,46,2.16%,1507,70.62%,367,17.2%,126,5.9%,65,3.05%,2134
CENTRO-OESTE,51,MT,510515,JUINA,27,1.98%,28,2.06%,860,63.19%,262,19.25%,103,7.57%,81,5.95%,1361
CENTRO-OESTE,51,MT,510517,JURUENA,27,7.67%,21,5.97%,205,58.24%,47,13.35%,26,7.39%,26,7.39%,352
CENTRO-OESTE,51,MT,510520,JUSCIMEIRA,9,1.95%,13,2.82%,307,66.59%,66,14.32%,38,8.24%,28,6.07%,461
CENTRO-OESTE,51,MT,510523,LAMBARI D'OESTE,34,13.44%,18,7.11%,139,54.94%,33,13.04%,21,8.3%,8,3.16%,253
CENTRO-OESTE,51,MT,510525,LUCAS DO RIO VERDE,68,2.87%,82,3.46%,1498,63.26%,364,15.37%,154,6.5%,202,8.53%,2368
CENTRO-OESTE,51,MT,510530,LUCIARA,5,2.53%,8,4.04%,138,69.7%,28,14.14%,14,7.07%,5,2.53%,198
CENTRO-OESTE,51,MT,510550,VILA BELA DA SANTISSIMA TRINDADE,36,3.62%,43,4.33%,630,63.38%,164,16.5%,68,6.84%,53,5.33%,994
CENTRO-OESTE,51,MT,510558,MARCELANDIA,9,1.14%,25,3.16%,525,66.46%,138,17.47%,46,5.82%,47,5.95%,790
CENTRO-OESTE,51,MT,510560,MATUPA,17,1.27%,31,2.31%,854,63.59%,282,21%,106,7.89%,53,3.95%,1343
CENTRO-OESTE,51,MT,510562,MIRASSOL D'OESTE,18,1.33%,49,3.61%,860,63.42%,244,17.99%,131,9.66%,54,3.98%,1356
CENTRO-OESTE,51,MT,510590,NOBRES,8,1.12%,25,3.49%,486,67.78%,117,16.32%,44,6.14%,37,5.16%,717
CENTRO-OESTE,51,MT,510600,NORTELANDIA,9,3.23%,9,3.23%,179,64.16%,42,15.05%,22,7.89%,18,6.45%,279
CENTRO-OESTE,51,MT,510610,NOSSA SENHORA DO LIVRAMENTO,19,2.81%,12,1.77%,330,48.74%,122,18.02%,114,16.84%,80,11.82%,677
CENTRO-OESTE,51,MT,510615,NOVA BANDEIRANTES,21,2.33%,48,5.33%,593,65.82%,138,15.32%,60,6.66%,41,4.55%,901
CENTRO-OESTE,51,MT,510617,NOVA NAZARE,20,4.12%,14,2.88%,315,64.81%,77,15.84%,41,8.44%,19,3.91%,486
CENTRO-OESTE,51,MT,510618,NOVA LACERDA,8,1.53%,14,2.68%,330,63.22%,104,19.92%,35,6.7%,31,5.94%,522
CENTRO-OESTE,51,MT,510619,NOVA SANTA HELENA,7,1.78%,5,1.27%,271,68.78%,53,13.45%,25,6.35%,33,8.38%,394
CENTRO-OESTE,51,MT,510620,NOVA BRASILANDIA,10,4%,5,2%,152,60.8%,56,22.4%,20,8%,7,2.8%,250
CENTRO-OESTE,51,MT,510621,NOVA CANAA DO NORTE,11,2.21%,8,1.61%,323,64.99%,88,17.71%,38,7.65%,29,5.84%,497
CENTRO-OESTE,51,MT,510622,NOVA MUTUM,31,1.54%,43,2.14%,1386,68.82%,369,18.32%,127,6.31%,58,2.88%,2014
CENTRO-OESTE,51,MT,510623,NOVA OLIMPIA,15,2.67%,14,2.49%,350,62.28%,104,18.51%,41,7.3%,38,6.76%,562
CENTRO-OESTE,51,MT,510624,NOVA UBIRATA,8,3.29%,8,3.29%,159,65.43%,45,18.52%,17,7%,6,2.47%,243
CENTRO-OESTE,51,MT,510625,NOVA XAVANTINA,19,1.73%,34,3.09%,690,62.78%,231,21.02%,79,7.19%,46,4.19%,1099
CENTRO-OESTE,51,MT,510626,NOVO MUNDO,11,1.83%,12,1.99%,407,67.61%,99,16.45%,52,8.64%,21,3.49%,602
CENTRO-OESTE,51,MT,510627,NOVO HORIZONTE DO NORTE,9,5.77%,4,2.56%,105,67.31%,29,18.59%,4,2.56%,5,3.21%,156
CENTRO-OESTE,51,MT,510628,NOVO SAO JOAQUIM,11,2.3%,10,2.09%,319,66.6%,69,14.41%,48,10.02%,22,4.59%,479
CENTRO-OESTE,51,MT,510629,PARANAITA,16,2.86%,11,1.96%,335,59.82%,128,22.86%,44,7.86%,26,4.64%,560
CENTRO-OESTE,51,MT,510630,PARANATINGA,23,2.16%,35,3.28%,670,62.79%,186,17.43%,78,7.31%,75,7.03%,1067
CENTRO-OESTE,51,MT,510631,NOVO SANTO ANTONIO,2,1.46%,8,5.84%,97,70.8%,19,13.87%,6,4.38%,5,3.65%,137
CENTRO-OESTE,51,MT,510637,PEDRA PRETA,8,1.43%,8,1.43%,361,64.58%,102,18.25%,53,9.48%,27,4.83%,559
CENTRO-OESTE,51,MT,510642,PEIXOTO DE AZEVEDO,40,1.82%,55,2.5%,1450,65.85%,376,17.08%,165,7.49%,116,5.27%,2202
CENTRO-OESTE,51,MT,510645,PLANALTO DA SERRA,0,-,2,0.65%,208,67.31%,60,19.42%,24,7.77%,15,4.85%,309
CENTRO-OESTE,51,MT,510650,POCONE,44,2.16%,69,3.39%,1282,62.94%,372,18.26%,157,7.71%,113,5.55%,2037
CENTRO-OESTE,51,MT,510665,PONTAL DO ARAGUAIA,6,1.83%,9,2.75%,196,59.94%,48,14.68%,34,10.4%,34,10.4%,327
CENTRO-OESTE,51,MT,510670,PONTE BRANCA,1,0.94%,2,1.89%,79,74.53%,14,13.21%,4,3.77%,6,5.66%,106
CENTRO-OESTE,51,MT,510675,PONTES E LACERDA,21,1.74%,33,2.74%,829,68.8%,185,15.35%,83,6.89%,54,4.48%,1205
CENTRO-OESTE,51,MT,510677,PORTO ALEGRE DO NORTE,103,11.61%,34,3.83%,564,63.59%,120,13.53%,51,5.75%,15,1.69%,887
CENTRO-OESTE,51,MT,510680,PORTO DOS GAUCHOS,7,1.43%,15,3.05%,316,64.36%,103,20.98%,29,5.91%,21,4.28%,491
CENTRO-OESTE,51,MT,510682,PORTO ESPERIDIAO,6,0.79%,19,2.5%,487,63.99%,172,22.6%,49,6.44%,28,3.68%,761
CENTRO-OESTE,51,MT,510685,PORTO ESTRELA,0,-,2,2.06%,58,59.79%,18,18.56%,11,11.34%,8,8.25%,97
CENTRO-OESTE,51,MT,510700,POXOREO,34,4.97%,32,4.68%,456,66.67%,82,11.99%,34,4.97%,46,6.73%,684
CENTRO-OESTE,51,MT,510704,PRIMAVERA DO LESTE,23,0.51%,110,2.44%,3193,70.8%,773,17.14%,272,6.03%,139,3.08%,4510
CENTRO-OESTE,51,MT,510706,QUERENCIA,52,1.74%,70,2.34%,2012,67.2%,557,18.6%,198,6.61%,105,3.51%,2994
CENTRO-OESTE,51,MT,510710,SAO JOSE DOS QUATRO MARCOS,14,1.84%,13,1.71%,498,65.44%,143,18.79%,62,8.15%,31,4.07%,761
CENTRO-OESTE,51,MT,510715,RESERVA DO CABACAL,6,4.58%,3,2.29%,90,68.7%,18,13.74%,5,3.82%,9,6.87%,131
CENTRO-OESTE,51,MT,510718,RIBEIRAO CASCALHEIRA,20,3.13%,29,4.53%,411,64.22%,108,16.88%,36,5.63%,36,5.63%,640
CENTRO-OESTE,51,MT,510719,RIBEIRAOZINHO,5,3.07%,5,3.07%,103,63.19%,27,16.56%,16,9.82%,7,4.29%,163
CENTRO-OESTE,51,MT,510720,RIO BRANCO,11,6.04%,7,3.85%,113,62.09%,29,15.93%,11,6.04%,11,6.04%,182
CENTRO-OESTE,51,MT,510724,SANTA CARMEM,6,1.85%,9,2.78%,200,61.73%,69,21.3%,29,8.95%,11,3.4%,324
CENTRO-OESTE,51,MT,510726,SANTO AFONSO,6,3.61%,5,3.01%,110,66.27%,29,17.47%,7,4.22%,9,5.42%,166
CENTRO-OESTE,51,MT,510729,SAO JOSE DO POVO,0,-,1,0.86%,70,60.34%,20,17.24%,19,16.38%,6,5.17%,116
CENTRO-OESTE,51,MT,510730,SAO JOSE DO RIO CLARO,31,2.98%,22,2.12%,643,61.83%,202,19.42%,88,8.46%,54,5.19%,1040
CENTRO-OESTE,51,MT,510735,SAO JOSE DO XINGU,20,3.42%,17,2.91%,387,66.15%,107,18.29%,33,5.64%,21,3.59%,585
CENTRO-OESTE,51,MT,510740,SAO PEDRO DA CIPA,5,2.5%,2,1%,114,57%,37,18.5%,24,12%,18,9%,200
CENTRO-OESTE,51,MT,510757,RONDOLANDIA,7,4.76%,7,4.76%,89,60.54%,26,17.69%,12,8.16%,6,4.08%,147
CENTRO-OESTE,51,MT,510760,RONDONOPOLIS,202,2.21%,328,3.58%,5892,64.36%,1591,17.38%,712,7.78%,430,4.7%,9155
CENTRO-OESTE,51,MT,510770,ROSARIO OESTE,20,3.83%,28,5.36%,341,65.33%,69,13.22%,29,5.56%,35,6.7%,522
CENTRO-OESTE,51,MT,510774,SANTA CRUZ DO XINGU,4,1.9%,10,4.76%,150,71.43%,33,15.71%,8,3.81%,5,2.38%,210
CENTRO-OESTE,51,MT,510775,SALTO DO CEU,5,2.05%,3,1.23%,144,59.02%,39,15.98%,25,10.25%,28,11.48%,244
CENTRO-OESTE,51,MT,510776,SANTA RITA DO TRIVELATO,1,0.43%,2,0.87%,147,63.91%,40,17.39%,25,10.87%,15,6.52%,230
CENTRO-OESTE,51,MT,510777,SANTA TEREZINHA,10,2.24%,14,3.14%,289,64.8%,67,15.02%,33,7.4%,33,7.4%,446
CENTRO-OESTE,51,MT,510779,SANTO ANTONIO DO LESTE,5,1.67%,10,3.33%,215,71.67%,53,17.67%,15,5%,2,0.67%,300
CENTRO-OESTE,51,MT,510780,SANTO ANTONIO DO LEVERGER,30,2.72%,40,3.63%,642,58.26%,217,19.69%,92,8.35%,81,7.35%,1102
CENTRO-OESTE,51,MT,510785,SAO FELIX DO ARAGUAIA,11,1.54%,21,2.95%,456,64.04%,136,19.1%,55,7.72%,33,4.63%,712
CENTRO-OESTE,51,MT,510787,SAPEZAL,35,2.27%,33,2.14%,977,63.24%,304,19.68%,103,6.67%,93,6.02%,1545
CENTRO-OESTE,51,MT,510788,SERRA NOVA DOURADA,2,1.53%,5,3.82%,78,59.54%,21,16.03%,14,10.69%,11,8.4%,131
CENTRO-OESTE,51,MT,510790,SINOP,117,1.01%,413,3.58%,7623,66.07%,2068,17.92%,847,7.34%,470,4.07%,11538
CENTRO-OESTE,51,MT,510792,SORRISO,63,1.62%,64,1.65%,2390,61.63%,836,21.56%,340,8.77%,185,4.77%,3878
CENTRO-OESTE,51,MT,510794,TABAPORA,14,2.46%,19,3.35%,357,62.85%,101,17.78%,46,8.1%,31,5.46%,568
CENTRO-OESTE,51,MT,510795,TANGARA DA SERRA,34,0.82%,66,1.59%,2836,68.44%,762,18.39%,280,6.76%,166,4.01%,4144
CENTRO-OESTE,51,MT,510800,TAPURAH,7,1%,19,2.71%,465,66.24%,126,17.95%,58,8.26%,27,3.85%,702
CENTRO-OESTE,51,MT,510805,TERRA NOVA DO NORTE,11,2.21%,21,4.23%,325,65.39%,81,16.3%,35,7.04%,24,4.83%,497
CENTRO-OESTE,51,MT,510810,TESOURO,3,1.89%,2,1.26%,93,58.49%,32,20.13%,13,8.18%,16,10.06%,159
CENTRO-OESTE,51,MT,510820,TORIXOREU,2,1.33%,7,4.67%,95,63.33%,20,13.33%,14,9.33%,12,8%,150
CENTRO-OESTE,51,MT,510830,UNIAO DO SUL,6,1.57%,2,0.52%,215,56.28%,95,24.87%,35,9.16%,29,7.59%,382
CENTRO-OESTE,51,MT,510835,VALE DE SAO DOMINGOS,18,10%,13,7.22%,87,48.33%,15,8.33%,18,10%,29,16.11%,180
CENTRO-OESTE,51,MT,510840,VARZEA GRANDE,276,2.18%,327,2.59%,7852,62.09%,2521,19.94%,1042,8.24%,628,4.97%,12646
CENTRO-OESTE,51,MT,510850,VERA,12,2.65%,19,4.19%,300,66.23%,79,17.44%,27,5.96%,16,3.53%,453
CENTRO-OESTE,51,MT,510860,VILA RICA,14,1.05%,27,2.02%,928,69.31%,242,18.07%,83,6.2%,45,3.36%,1339
CENTRO-OESTE,51,MT,510880,NOVA GUARITA,7,1.94%,8,2.22%,233,64.54%,61,16.9%,27,7.48%,25,6.93%,361
CENTRO-OESTE,51,MT,510885,NOVA MARILANDIA,2,0.81%,5,2.02%,166,67.21%,45,18.22%,18,7.29%,11,4.45%,247
CENTRO-OESTE,51,MT,510890,NOVA MARINGA,15,3.43%,14,3.2%,261,59.73%,66,15.1%,29,6.64%,52,11.9%,437
CENTRO-OESTE,51,MT,510895,NOVA MONTE VERDE,7,1.77%,21,5.3%,232,58.59%,71,17.93%,40,10.1%,25,6.31%,396
CENTRO-OESTE,52,GO,520005,ABADIA DE GOIAS,17,1.45%,40,3.42%,762,65.18%,219,18.73%,75,6.42%,56,4.79%,1169
CENTRO-OESTE,52,GO,520010,ABADIANIA,17,2.59%,17,2.59%,434,66.16%,116,17.68%,50,7.62%,22,3.35%,656
CENTRO-OESTE,52,GO,520013,ACREUNA,14,3.54%,7,1.77%,251,63.38%,75,18.94%,27,6.82%,22,5.56%,396
CENTRO-OESTE,52,GO,520015,ADELANDIA,1,1.16%,0,-,58,67.44%,15,17.44%,8,9.3%,4,4.65%,86
CENTRO-OESTE,52,GO,520017,AGUA FRIA DE GOIAS,10,3.52%,6,2.11%,159,55.99%,52,18.31%,34,11.97%,23,8.1%,284
CENTRO-OESTE,52,GO,520020,AGUA LIMPA,1,0.94%,2,1.89%,71,66.98%,16,15.09%,10,9.43%,6,5.66%,106
CENTRO-OESTE,52,GO,520025,AGUAS LINDAS DE GOIAS,193,1.69%,340,2.98%,7690,67.38%,2043,17.9%,740,6.48%,407,3.57%,11413
CENTRO-OESTE,52,GO,520030,ALEXANIA,34,2.4%,69,4.87%,997,70.36%,193,13.62%,74,5.22%,50,3.53%,1417
CENTRO-OESTE,52,GO,520050,ALOANDIA,5,8.62%,6,10.34%,29,50%,5,8.62%,10,17.24%,3,5.17%,58
CENTRO-OESTE,52,GO,520055,ALTO HORIZONTE,8,2.65%,14,4.64%,198,65.56%,50,16.56%,22,7.28%,10,3.31%,302
CENTRO-OESTE,52,GO,520060,ALTO PARAISO DE GOIAS,14,2.45%,20,3.5%,385,67.43%,99,17.34%,33,5.78%,20,3.5%,571
CENTRO-OESTE,52,GO,520080,ALVORADA DO NORTE,7,1.46%,21,4.39%,333,69.67%,61,12.76%,39,8.16%,17,3.56%,478
CENTRO-OESTE,52,GO,520082,AMARALINA,3,1.64%,7,3.83%,119,65.03%,27,14.75%,19,10.38%,8,4.37%,183
CENTRO-OESTE,52,GO,520085,AMERICANO DO BRASIL,6,2.22%,7,2.59%,200,74.07%,34,12.59%,14,5.19%,9,3.33%,270
CENTRO-OESTE,52,GO,520090,AMORINOPOLIS,2,1.36%,3,2.04%,97,65.99%,26,17.69%,14,9.52%,5,3.4%,147
CENTRO-OESTE,52,GO,520110,ANAPOLIS,374,3.17%,342,2.9%,7539,63.9%,1973,16.72%,875,7.42%,695,5.89%,11798
CENTRO-OESTE,52,GO,520120,ANHANGUERA,2,4.76%,4,9.52%,23,54.76%,9,21.43%,4,9.52%,0,-,42
CENTRO-OESTE,52,GO,520130,ANICUNS,21,2.5%,31,3.69%,591,70.36%,130,15.48%,40,4.76%,27,3.21%,840
CENTRO-OESTE,52,GO,520140,APARECIDA DE GOIANIA,243,1.46%,558,3.35%,10071,60.44%,2912,17.48%,1899,11.4%,980,5.88%,16663
CENTRO-OESTE,52,GO,520145,APARECIDA DO RIO DOCE,8,7.55%,7,6.6%,55,51.89%,15,14.15%,11,10.38%,10,9.43%,106
CENTRO-OESTE,52,GO,520150,APORE,5,1.73%,5,1.73%,170,58.82%,63,21.8%,30,10.38%,16,5.54%,289
CENTRO-OESTE,52,GO,520160,ARACU,2,1.33%,5,3.33%,89,59.33%,28,18.67%,15,10%,11,7.33%,150
CENTRO-OESTE,52,GO,520170,ARAGARCAS,18,3.06%,21,3.57%,260,44.22%,78,13.27%,45,7.65%,166,28.23%,588
CENTRO-OESTE,52,GO,520180,ARAGOIANIA,11,1.59%,18,2.61%,446,64.64%,126,18.26%,50,7.25%,39,5.65%,690
CENTRO-OESTE,52,GO,520215,ARAGUAPAZ,7,3.29%,8,3.76%,139,65.26%,26,12.21%,9,4.23%,24,11.27%,213
CENTRO-OESTE,52,GO,520235,ARENOPOLIS,2,1.24%,3,1.86%,96,59.63%,31,19.25%,18,11.18%,11,6.83%,161
CENTRO-OESTE,52,GO,520250,ARUANA,3,0.7%,7,1.64%,266,62.44%,98,23%,29,6.81%,23,5.4%,426
CENTRO-OESTE,52,GO,520260,AURILANDIA,0,-,2,2.38%,56,66.67%,14,16.67%,8,9.52%,4,4.76%,84
CENTRO-OESTE,52,GO,520280,AVELINOPOLIS,0,-,2,1.43%,82,58.57%,35,25%,18,12.86%,3,2.14%,140
CENTRO-OESTE,52,GO,520310,BALIZA,6,3.82%,7,4.46%,117,74.52%,11,7.01%,11,7.01%,5,3.18%,157
CENTRO-OESTE,52,GO,520320,BARRO ALTO,7,1.61%,13,2.99%,299,68.74%,70,16.09%,31,7.13%,15,3.45%,435
CENTRO-OESTE,52,GO,520330,BELA VISTA DE GOIAS,19,2.28%,17,2.04%,517,62.06%,149,17.89%,67,8.04%,64,7.68%,833
CENTRO-OESTE,52,GO,520340,BOM JARDIM DE GOIAS,11,3.27%,18,5.36%,215,63.99%,42,12.5%,16,4.76%,34,10.12%,336
CENTRO-OESTE,52,GO,520350,BOM JESUS DE GOIAS,23,3.05%,31,4.11%,461,61.14%,132,17.51%,55,7.29%,52,6.9%,754
CENTRO-OESTE,52,GO,520355,BONFINOPOLIS,9,1.97%,17,3.71%,309,67.47%,81,17.69%,27,5.9%,15,3.28%,458
CENTRO-OESTE,52,GO,520357,BONOPOLIS,5,2.31%,8,3.7%,136,62.96%,40,18.52%,19,8.8%,8,3.7%,216
CENTRO-OESTE,52,GO,520360,BRAZABRANTES,2,0.97%,2,0.97%,137,66.18%,40,19.32%,16,7.73%,10,4.83%,207
CENTRO-OESTE,52,GO,520380,BRITANIA,2,0.62%,5,1.55%,224,69.57%,60,18.63%,25,7.76%,6,1.86%,322
CENTRO-OESTE,52,GO,520390,BURITI ALEGRE,0,-,3,0.8%,256,68.27%,81,21.6%,20,5.33%,15,4%,375
CENTRO-OESTE,52,GO,520393,BURITI DE GOIAS,3,2.48%,0,-,79,65.29%,22,18.18%,13,10.74%,4,3.31%,121
CENTRO-OESTE,52,GO,520396,BURITINOPOLIS,3,1.55%,8,4.15%,136,70.47%,26,13.47%,17,8.81%,3,1.55%,193
CENTRO-OESTE,52,GO,520400,CABECEIRAS,8,1.87%,13,3.04%,266,62.3%,90,21.08%,28,6.56%,22,5.15%,427
CENTRO-OESTE,52,GO,520410,CACHOEIRA ALTA,5,1.03%,9,1.85%,342,70.23%,85,17.45%,33,6.78%,13,2.67%,487
CENTRO-OESTE,52,GO,520420,CACHOEIRA DE GOIAS,1,1.16%,3,3.49%,57,66.28%,11,12.79%,6,6.98%,8,9.3%,86
CENTRO-OESTE,52,GO,520425,CACHOEIRA DOURADA,2,0.66%,7,2.31%,188,62.05%,61,20.13%,31,10.23%,14,4.62%,303
CENTRO-OESTE,52,GO,520430,CACU,7,1.23%,10,1.75%,362,63.51%,115,20.18%,47,8.25%,29,5.09%,570
CENTRO-OESTE,52,GO,520440,CAIAPONIA,9,2.69%,14,4.19%,222,66.47%,52,15.57%,20,5.99%,17,5.09%,334
CENTRO-OESTE,52,GO,520450,CALDAS NOVAS,50,1.26%,114,2.87%,2695,67.9%,712,17.94%,258,6.5%,140,3.53%,3969
CENTRO-OESTE,52,GO,520455,CALDAZINHA,0,-,1,0.63%,98,62.03%,24,15.19%,11,6.96%,24,15.19%,158
CENTRO-OESTE,52,GO,520460,CAMPESTRE DE GOIAS,4,2.78%,6,4.17%,89,61.81%,27,18.75%,11,7.64%,7,4.86%,144
CENTRO-OESTE,52,GO,520465,CAMPINACU,2,0.77%,11,4.25%,181,69.88%,40,15.44%,19,7.34%,6,2.32%,259
CENTRO-OESTE,52,GO,520470,CAMPINORTE,9,1.37%,20,3.05%,422,64.43%,117,17.86%,47,7.18%,40,6.11%,655
CENTRO-OESTE,52,GO,520480,CAMPO ALEGRE DE GOIAS,2,0.63%,1,0.32%,192,60.95%,70,22.22%,29,9.21%,21,6.67%,315
CENTRO-OESTE,52,GO,520485,CAMPO LIMPO DE GOIAS,7,1.2%,11,1.89%,386,66.44%,103,17.73%,47,8.09%,27,4.65%,581
CENTRO-OESTE,52,GO,520490,CAMPOS BELOS,20,1.94%,43,4.17%,717,69.61%,136,13.2%,60,5.83%,54,5.24%,1030
CENTRO-OESTE,52,GO,520495,CAMPOS VERDES,5,2.66%,7,3.72%,119,63.3%,30,15.96%,17,9.04%,10,5.32%,188
CENTRO-OESTE,52,GO,520500,CARMO DO RIO VERDE,7,1.97%,5,1.4%,210,58.99%,62,17.42%,44,12.36%,28,7.87%,356
CENTRO-OESTE,52,GO,520505,CASTELANDIA,0,-,11,6.32%,119,68.39%,24,13.79%,12,6.9%,8,4.6%,174
CENTRO-OESTE,52,GO,520510,CATALAO,26,0.8%,54,1.66%,2257,69.42%,603,18.55%,200,6.15%,111,3.41%,3251
CENTRO-OESTE,52,GO,520520,CATURAI,9,3.53%,7,2.75%,151,59.22%,49,19.22%,21,8.24%,18,7.06%,255
CENTRO-OESTE,52,GO,520530,CAVALCANTE,15,2.13%,36,5.11%,504,71.49%,91,12.91%,34,4.82%,25,3.55%,705
CENTRO-OESTE,52,GO,520540,CERES,12,2.32%,15,2.9%,342,66.02%,90,17.37%,31,5.98%,28,5.41%,518
CENTRO-OESTE,52,GO,520545,CEZARINA,9,2.2%,13,3.17%,251,61.22%,75,18.29%,28,6.83%,34,8.29%,410
CENTRO-OESTE,52,GO,520547,CHAPADAO DO CEU,9,2.34%,11,2.86%,275,71.43%,56,14.55%,24,6.23%,10,2.6%,385
CENTRO-OESTE,52,GO,520549,CIDADE OCIDENTAL,76,2.71%,142,5.07%,1953,69.68%,392,13.99%,138,4.92%,102,3.64%,2803
CENTRO-OESTE,52,GO,520551,COCALZINHO DE GOIAS,24,2.22%,29,2.69%,730,67.66%,174,16.13%,62,5.75%,60,5.56%,1079
CENTRO-OESTE,52,GO,520552,COLINAS DO SUL,39,14.61%,20,7.49%,127,47.57%,59,22.1%,12,4.49%,10,3.75%,267
CENTRO-OESTE,52,GO,520570,CORREGO DO OURO,0,-,1,0.88%,60,53.1%,34,30.09%,5,4.42%,13,11.5%,113
CENTRO-OESTE,52,GO,520580,CORUMBA DE GOIAS,1,0.25%,6,1.47%,265,64.95%,84,20.59%,29,7.11%,23,5.64%,408
CENTRO-OESTE,52,GO,520590,CORUMBAIBA,12,2.99%,8,1.99%,245,60.95%,87,21.64%,37,9.2%,13,3.23%,402
CENTRO-OESTE,52,GO,520620,CRISTALINA,78,2.32%,131,3.89%,2164,64.23%,567,16.83%,252,7.48%,177,5.25%,3369
CENTRO-OESTE,52,GO,520630,CRISTIANOPOLIS,2,1.06%,10,5.29%,122,64.55%,33,17.46%,12,6.35%,10,5.29%,189
CENTRO-OESTE,52,GO,520640,CRIXAS,16,2.79%,16,2.79%,321,56.02%,105,18.32%,55,9.6%,60,10.47%,573
CENTRO-OESTE,52,GO,520650,CROMINIA,4,2.9%,7,5.07%,83,60.14%,24,17.39%,8,5.8%,12,8.7%,138
CENTRO-OESTE,52,GO,520660,CUMARI,4,3.85%,4,3.85%,56,53.85%,29,27.88%,6,5.77%,5,4.81%,104
CENTRO-OESTE,52,GO,520670,DAMIANOPOLIS,6,2.33%,8,3.1%,178,68.99%,35,13.57%,17,6.59%,14,5.43%,258
CENTRO-OESTE,52,GO,520680,DAMOLANDIA,2,1.39%,1,0.69%,95,65.97%,30,20.83%,13,9.03%,3,2.08%,144
CENTRO-OESTE,52,GO,520690,DAVINOPOLIS,1,1.02%,0,-,67,68.37%,18,18.37%,7,7.14%,5,5.1%,98
CENTRO-OESTE,52,GO,520710,DIORAMA,1,1.35%,0,-,45,60.81%,22,29.73%,3,4.05%,3,4.05%,74
CENTRO-OESTE,52,GO,520725,DOVERLANDIA,4,1.24%,11,3.41%,201,62.23%,65,20.12%,24,7.43%,18,5.57%,323
CENTRO-OESTE,52,GO,520735,EDEALINA,1,0.41%,7,2.88%,162,66.67%,46,18.93%,12,4.94%,15,6.17%,243
CENTRO-OESTE,52,GO,520740,EDEIA,6,1.1%,17,3.12%,347,63.67%,111,20.37%,40,7.34%,24,4.4%,545
CENTRO-OESTE,52,GO,520750,ESTRELA DO NORTE,1,1.12%,5,5.62%,61,68.54%,10,11.24%,6,6.74%,6,6.74%,89
CENTRO-OESTE,52,GO,520753,FAINA,6,3.41%,8,4.55%,91,51.7%,26,14.77%,17,9.66%,28,15.91%,176
CENTRO-OESTE,52,GO,520760,FAZENDA NOVA,5,2.2%,9,3.96%,138,60.79%,42,18.5%,13,5.73%,20,8.81%,227
CENTRO-OESTE,52,GO,520780,FIRMINOPOLIS,5,1%,8,1.61%,337,67.67%,91,18.27%,39,7.83%,18,3.61%,498
CENTRO-OESTE,52,GO,520790,FLORES DE GOIAS,17,2.35%,36,4.99%,522,72.3%,98,13.57%,30,4.16%,19,2.63%,722
CENTRO-OESTE,52,GO,520800,FORMOSA,111,3.76%,163,5.51%,2028,68.61%,382,12.92%,134,4.53%,138,4.67%,2956
CENTRO-OESTE,52,GO,520810,FORMOSO,6,2.53%,1,0.42%,154,64.98%,44,18.57%,25,10.55%,7,2.95%,237
CENTRO-OESTE,52,GO,520815,GAMELEIRA DE GOIAS,3,1.42%,6,2.83%,146,68.87%,37,17.45%,8,3.77%,12,5.66%,212
CENTRO-OESTE,52,GO,520830,DIVINOPOLIS DE GOIAS,12,4.3%,16,5.73%,175,62.72%,28,10.04%,17,6.09%,31,11.11%,279
CENTRO-OESTE,52,GO,520840,GOIANAPOLIS,20,2.84%,19,2.7%,431,61.13%,122,17.3%,61,8.65%,52,7.38%,705
CENTRO-OESTE,52,GO,520850,GOIANDIRA,2,1.18%,5,2.96%,109,64.5%,28,16.57%,15,8.88%,10,5.92%,169
CENTRO-OESTE,52,GO,520860,GOIANESIA,64,3.57%,73,4.07%,1138,63.43%,278,15.5%,122,6.8%,119,6.63%,1794
CENTRO-OESTE,52,GO,520870,GOIANIA,469,1.51%,810,2.61%,20793,67.08%,5784,18.66%,2105,6.79%,1036,3.34%,30997
CENTRO-OESTE,52,GO,520880,GOIANIRA,60,1.42%,126,2.99%,2742,64.99%,761,18.04%,342,8.11%,188,4.46%,4219
CENTRO-OESTE,52,GO,520890,GOIAS,29,3.52%,22,2.67%,506,61.33%,152,18.42%,75,9.09%,41,4.97%,825
CENTRO-OESTE,52,GO,520910,GOIATUBA,27,2.3%,42,3.57%,786,66.89%,181,15.4%,81,6.89%,58,4.94%,1175
CENTRO-OESTE,52,GO,520915,GOUVELANDIA,2,0.93%,6,2.78%,147,68.06%,25,11.57%,19,8.8%,17,7.87%,216
CENTRO-OESTE,52,GO,520920,GUAPO,26,2.44%,43,4.04%,605,56.86%,172,16.17%,117,11%,101,9.49%,1064
CENTRO-OESTE,52,GO,520929,GUARAITA,1,1.04%,6,6.25%,67,69.79%,11,11.46%,9,9.38%,2,2.08%,96
CENTRO-OESTE,52,GO,520940,GUARANI DE GOIAS,6,2.68%,12,5.36%,141,62.95%,41,18.3%,9,4.02%,15,6.7%,224
CENTRO-OESTE,52,GO,520945,GUARINOS,0,-,1,1.45%,50,72.46%,12,17.39%,5,7.25%,1,1.45%,69
CENTRO-OESTE,52,GO,520960,HEITORAI,6,3.17%,10,5.29%,96,50.79%,32,16.93%,17,8.99%,28,14.81%,189
CENTRO-OESTE,52,GO,520970,HIDROLANDIA,26,2.07%,51,4.07%,868,69.22%,205,16.35%,62,4.94%,42,3.35%,1254
CENTRO-OESTE,52,GO,520980,HIDROLINA,3,3.75%,1,1.25%,61,76.25%,8,10%,3,3.75%,4,5%,80
CENTRO-OESTE,52,GO,520990,IACIARA,24,3.5%,35,5.11%,454,66.28%,94,13.72%,44,6.42%,34,4.96%,685
CENTRO-OESTE,52,GO,520993,INACIOLANDIA,4,1.1%,11,3.01%,223,61.1%,82,22.47%,30,8.22%,15,4.11%,365
CENTRO-OESTE,52,GO,520995,INDIARA,11,1.75%,24,3.81%,397,63.02%,111,17.62%,53,8.41%,34,5.4%,630
CENTRO-OESTE,52,GO,521000,INHUMAS,35,1.54%,68,3%,1440,63.49%,406,17.9%,208,9.17%,111,4.89%,2268
CENTRO-OESTE,52,GO,521010,IPAMERI,19,1.98%,39,4.06%,601,62.6%,180,18.75%,78,8.13%,43,4.48%,960
CENTRO-OESTE,52,GO,521015,IPIRANGA DE GOIAS,0,-,3,1.96%,105,68.63%,28,18.3%,11,7.19%,6,3.92%,153
CENTRO-OESTE,52,GO,521020,IPORA,18,2.38%,24,3.17%,489,64.6%,133,17.57%,47,6.21%,46,6.08%,757
CENTRO-OESTE,52,GO,521030,ISRAELANDIA,5,5.88%,3,3.53%,57,67.06%,10,11.76%,3,3.53%,7,8.24%,85
CENTRO-OESTE,52,GO,521040,ITABERAI,54,2.59%,42,2.01%,1219,58.41%,442,21.18%,205,9.82%,125,5.99%,2087
CENTRO-OESTE,52,GO,521056,ITAGUARI,1,0.65%,2,1.3%,112,72.73%,20,12.99%,13,8.44%,6,3.9%,154
CENTRO-OESTE,52,GO,521060,ITAGUARU,7,4.64%,3,1.99%,98,64.9%,24,15.89%,9,5.96%,10,6.62%,151
CENTRO-OESTE,52,GO,521080,ITAJA,1,0.47%,3,1.4%,135,63.08%,44,20.56%,24,11.21%,7,3.27%,214
CENTRO-OESTE,52,GO,521090,ITAPACI,13,1.35%,38,3.94%,623,64.56%,172,17.82%,67,6.94%,52,5.39%,965
CENTRO-OESTE,52,GO,521100,ITAPIRAPUA,5,2.16%,8,3.46%,139,60.17%,42,18.18%,17,7.36%,20,8.66%,231
CENTRO-OESTE,52,GO,521120,ITAPURANGA,13,2.07%,21,3.34%,441,70.22%,87,13.85%,38,6.05%,28,4.46%,628
CENTRO-OESTE,52,GO,521130,ITARUMA,3,1.02%,5,1.69%,185,62.71%,66,22.37%,28,9.49%,8,2.71%,295
CENTRO-OESTE,52,GO,521140,ITAUCU,6,1.74%,11,3.19%,230,66.67%,59,17.1%,28,8.12%,11,3.19%,345
CENTRO-OESTE,52,GO,521150,ITUMBIARA,86,4.05%,83,3.91%,1269,59.77%,360,16.96%,179,8.43%,146,6.88%,2123
CENTRO-OESTE,52,GO,521160,IVOLANDIA,0,-,4,2.63%,92,60.53%,38,25%,11,7.24%,7,4.61%,152
CENTRO-OESTE,52,GO,521170,JANDAIA,6,2.52%,12,5.04%,151,63.45%,36,15.13%,21,8.82%,12,5.04%,238
CENTRO-OESTE,52,GO,521180,JARAGUA,14,0.92%,36,2.35%,1136,74.3%,239,15.63%,75,4.91%,29,1.9%,1529
CENTRO-OESTE,52,GO,521190,JATAI,55,1.32%,92,2.2%,2841,68.05%,795,19.04%,267,6.4%,125,2.99%,4175
CENTRO-OESTE,52,GO,521200,JAUPACI,9,6.98%,20,15.5%,78,60.47%,13,10.08%,5,3.88%,4,3.1%,129
CENTRO-OESTE,52,GO,521205,JESUPOLIS,0,-,1,1.41%,42,59.15%,6,8.45%,12,16.9%,10,14.08%,71
CENTRO-OESTE,52,GO,521210,JOVIANIA,1,0.38%,5,1.92%,147,56.32%,65,24.9%,29,11.11%,14,5.36%,261
CENTRO-OESTE,52,GO,521220,JUSSARA,12,1.43%,33,3.93%,493,58.76%,161,19.19%,77,9.18%,63,7.51%,839
CENTRO-OESTE,52,GO,521225,LAGOA SANTA,4,6.67%,3,5%,33,55%,7,11.67%,9,15%,4,6.67%,60
CENTRO-OESTE,52,GO,521230,LEOPOLDO DE BULHOES,12,3.77%,21,6.6%,195,61.32%,47,14.78%,22,6.92%,21,6.6%,318
CENTRO-OESTE,52,GO,521250,LUZIANIA,197,2.03%,344,3.55%,6182,63.76%,1767,18.22%,728,7.51%,478,4.93%,9696
CENTRO-OESTE,52,GO,521260,MAIRIPOTABA,3,3.26%,6,6.52%,62,67.39%,11,11.96%,5,5.43%,5,5.43%,92
CENTRO-OESTE,52,GO,521270,MAMBAI,19,3.54%,27,5.03%,326,60.71%,82,15.27%,47,8.75%,36,6.7%,537
CENTRO-OESTE,52,GO,521280,MARA ROSA,7,1.9%,16,4.34%,214,57.99%,70,18.97%,40,10.84%,22,5.96%,369
CENTRO-OESTE,52,GO,521290,MARZAGAO,2,1.26%,5,3.14%,104,65.41%,26,16.35%,16,10.06%,6,3.77%,159
CENTRO-OESTE,52,GO,521295,MATRINCHA,0,-,7,3.21%,158,72.48%,34,15.6%,14,6.42%,5,2.29%,218
CENTRO-OESTE,52,GO,521300,MAURILANDIA,7,2.03%,14,4.06%,191,55.36%,64,18.55%,39,11.3%,30,8.7%,345
CENTRO-OESTE,52,GO,521305,MIMOSO DE GOIAS,8,5.56%,4,2.78%,99,68.75%,20,13.89%,10,6.94%,3,2.08%,144
CENTRO-OESTE,52,GO,521308,MINACU,26,4.36%,26,4.36%,346,57.96%,95,15.91%,57,9.55%,47,7.87%,597
CENTRO-OESTE,52,GO,521310,MINEIROS,69,2.22%,95,3.05%,2067,66.38%,530,17.02%,220,7.06%,133,4.27%,3114
CENTRO-OESTE,52,GO,521340,MOIPORA,5,13.16%,5,13.16%,18,47.37%,7,18.42%,1,2.63%,2,5.26%,38
CENTRO-OESTE,52,GO,521350,MONTE ALEGRE DE GOIAS,23,5.34%,35,8.12%,262,60.79%,63,14.62%,23,5.34%,25,5.8%,431
CENTRO-OESTE,52,GO,521370,MONTES CLAROS DE GOIAS,3,0.94%,5,1.57%,192,60.38%,62,19.5%,22,6.92%,34,10.69%,318
CENTRO-OESTE,52,GO,521375,MONTIVIDIU,8,2.14%,4,1.07%,255,68.18%,64,17.11%,27,7.22%,16,4.28%,374
CENTRO-OESTE,52,GO,521377,MONTIVIDIU DO NORTE,7,3.24%,9,4.17%,140,64.81%,43,19.91%,9,4.17%,8,3.7%,216
CENTRO-OESTE,52,GO,521380,MORRINHOS,14,1.18%,31,2.61%,691,58.12%,247,20.77%,121,10.18%,85,7.15%,1189
CENTRO-OESTE,52,GO,521385,MORRO AGUDO DE GOIAS,3,2.01%,4,2.68%,99,66.44%,14,9.4%,12,8.05%,17,11.41%,149
CENTRO-OESTE,52,GO,521390,MOSSAMEDES,2,1.17%,5,2.92%,105,61.4%,33,19.3%,13,7.6%,13,7.6%,171
CENTRO-OESTE,52,GO,521400,MOZARLANDIA,19,3.32%,35,6.11%,360,62.83%,78,13.61%,47,8.2%,34,5.93%,573
CENTRO-OESTE,52,GO,521405,MUNDO NOVO,11,3.45%,10,3.13%,196,61.44%,70,21.94%,20,6.27%,12,3.76%,319
CENTRO-OESTE,52,GO,521410,MUTUNOPOLIS,1,0.52%,10,5.21%,101,52.6%,50,26.04%,21,10.94%,9,4.69%,192
CENTRO-OESTE,52,GO,521440,NAZARIO,6,2.08%,5,1.74%,158,54.86%,60,20.83%,33,11.46%,26,9.03%,288
CENTRO-OESTE,52,GO,521450,NEROPOLIS,50,3.18%,47,2.99%,853,54.26%,306,19.47%,162,10.31%,154,9.8%,1572
CENTRO-OESTE,52,GO,521460,NIQUELANDIA,55,4.57%,82,6.81%,760,63.12%,171,14.2%,78,6.48%,58,4.82%,1204
CENTRO-OESTE,52,GO,521470,NOVA AMERICA,2,2.63%,5,6.58%,46,60.53%,10,13.16%,6,7.89%,7,9.21%,76
CENTRO-OESTE,52,GO,521480,NOVA AURORA,1,1.39%,3,4.17%,46,63.89%,15,20.83%,5,6.94%,2,2.78%,72
CENTRO-OESTE,52,GO,521483,NOVA CRIXAS,16,2.77%,25,4.33%,369,63.95%,111,19.24%,34,5.89%,22,3.81%,577
CENTRO-OESTE,52,GO,521486,NOVA GLORIA,4,1.63%,7,2.86%,164,66.94%,36,14.69%,17,6.94%,17,6.94%,245
CENTRO-OESTE,52,GO,521487,NOVA IGUACU DE GOIAS,2,0.99%,3,1.48%,141,69.46%,40,19.7%,14,6.9%,3,1.48%,203
CENTRO-OESTE,52,GO,521490,NOVA ROMA,1,0.48%,6,2.87%,148,70.81%,31,14.83%,18,8.61%,5,2.39%,209
CENTRO-OESTE,52,GO,521500,NOVA VENEZA,12,2.82%,20,4.71%,275,64.71%,72,16.94%,21,4.94%,25,5.88%,425
CENTRO-OESTE,52,GO,521520,NOVO BRASIL,1,0.79%,4,3.15%,83,65.35%,20,15.75%,15,11.81%,4,3.15%,127
CENTRO-OESTE,52,GO,521523,NOVO GAMA,108,1.72%,222,3.53%,4408,70.12%,980,15.59%,365,5.81%,203,3.23%,6286
CENTRO-OESTE,52,GO,521525,NOVO PLANALTO,8,7.48%,9,8.41%,53,49.53%,23,21.5%,5,4.67%,9,8.41%,107
CENTRO-OESTE,52,GO,521530,ORIZONA,11,1.75%,15,2.39%,308,49.12%,153,24.4%,107,17.07%,33,5.26%,627
CENTRO-OESTE,52,GO,521540,OURO VERDE DE GOIAS,1,0.52%,6,3.14%,125,65.45%,39,20.42%,14,7.33%,6,3.14%,191
CENTRO-OESTE,52,GO,521550,OUVIDOR,0,-,8,6.11%,83,63.36%,21,16.03%,7,5.34%,12,9.16%,131
CENTRO-OESTE,52,GO,521560,PADRE BERNARDO,33,2%,56,3.4%,1121,68.1%,289,17.56%,100,6.08%,47,2.86%,1646
CENTRO-OESTE,52,GO,521565,PALESTINA DE GOIAS,5,3.52%,7,4.93%,92,64.79%,23,16.2%,5,3.52%,10,7.04%,142
CENTRO-OESTE,52,GO,521570,PALMEIRAS DE GOIAS,9,1.1%,22,2.69%,536,65.45%,147,17.95%,64,7.81%,41,5.01%,819
CENTRO-OESTE,52,GO,521580,PALMELO,1,0.89%,2,1.79%,70,62.5%,28,25%,10,8.93%,1,0.89%,112
CENTRO-OESTE,52,GO,521590,PALMINOPOLIS,3,1.64%,5,2.73%,110,60.11%,26,14.21%,13,7.1%,26,14.21%,183
CENTRO-OESTE,52,GO,521600,PANAMA,1,0.88%,3,2.65%,68,60.18%,25,22.12%,11,9.73%,5,4.42%,113
CENTRO-OESTE,52,GO,521630,PARANAIGUARA,7,2.4%,5,1.71%,178,60.96%,63,21.58%,23,7.88%,16,5.48%,292
CENTRO-OESTE,52,GO,521640,PARAUNA,6,1.2%,13,2.6%,301,60.2%,102,20.4%,44,8.8%,34,6.8%,500
CENTRO-OESTE,52,GO,521645,PEROLANDIA,0,-,2,2.3%,64,73.56%,12,13.79%,7,8.05%,2,2.3%,87
CENTRO-OESTE,52,GO,521680,PETROLINA DE GOIAS,13,4.83%,13,4.83%,162,60.22%,34,12.64%,18,6.69%,29,10.78%,269
CENTRO-OESTE,52,GO,521690,PILAR DE GOIAS,3,2.33%,3,2.33%,76,58.91%,22,17.05%,17,13.18%,8,6.2%,129
CENTRO-OESTE,52,GO,521710,PIRACANJUBA,13,2.31%,13,2.31%,367,65.3%,99,17.62%,34,6.05%,36,6.41%,562
CENTRO-OESTE,52,GO,521720,PIRANHAS,6,1.45%,11,2.65%,265,63.86%,79,19.04%,23,5.54%,31,7.47%,415
CENTRO-OESTE,52,GO,521730,PIRENOPOLIS,15,1.64%,32,3.49%,629,68.59%,148,16.14%,51,5.56%,42,4.58%,917
CENTRO-OESTE,52,GO,521740,PIRES DO RIO,19,1.9%,26,2.6%,653,65.23%,178,17.78%,68,6.79%,57,5.69%,1001
CENTRO-OESTE,52,GO,521760,PLANALTINA,165,3.66%,240,5.32%,2931,64.97%,649,14.39%,265,5.87%,261,5.79%,4511
CENTRO-OESTE,52,GO,521770,PONTALINA,9,1.76%,18,3.52%,317,61.91%,100,19.53%,45,8.79%,23,4.49%,512
CENTRO-OESTE,52,GO,521800,PORANGATU,36,2.51%,57,3.98%,930,64.94%,248,17.32%,101,7.05%,60,4.19%,1432
CENTRO-OESTE,52,GO,521805,PORTEIRAO,5,3.23%,3,1.94%,99,63.87%,29,18.71%,9,5.81%,10,6.45%,155
CENTRO-OESTE,52,GO,521810,PORTELANDIA,1,0.57%,2,1.14%,107,61.14%,39,22.29%,12,6.86%,14,8%,175
CENTRO-OESTE,52,GO,521830,POSSE,63,4.23%,84,5.64%,919,61.68%,196,13.15%,116,7.79%,112,7.52%,1490
CENTRO-OESTE,52,GO,521839,PROFESSOR JAMIL,3,1.4%,1,0.47%,138,64.49%,42,19.63%,14,6.54%,16,7.48%,214
CENTRO-OESTE,52,GO,521850,QUIRINOPOLIS,28,2.29%,21,1.72%,629,51.43%,316,25.84%,145,11.86%,84,6.87%,1223
CENTRO-OESTE,52,GO,521860,RIALMA,10,2.43%,14,3.41%,252,61.31%,76,18.49%,28,6.81%,31,7.54%,411
CENTRO-OESTE,52,GO,521870,RIANAPOLIS,15,7.81%,9,4.69%,108,56.25%,32,16.67%,12,6.25%,16,8.33%,192
CENTRO-OESTE,52,GO,521878,RIO QUENTE,3,1.34%,5,2.23%,147,65.63%,49,21.88%,10,4.46%,10,4.46%,224
CENTRO-OESTE,52,GO,521880,RIO VERDE,205,2.23%,221,2.4%,5601,60.92%,1941,21.11%,775,8.43%,451,4.91%,9194
CENTRO-OESTE,52,GO,521890,RUBIATABA,3,0.65%,10,2.17%,301,65.43%,79,17.17%,37,8.04%,30,6.52%,460
CENTRO-OESTE,52,GO,521900,SANCLERLANDIA,4,1.18%,6,1.77%,208,61.36%,69,20.35%,31,9.14%,21,6.19%,339
CENTRO-OESTE,52,GO,521910,SANTA BARBARA DE GOIAS,5,2.34%,12,5.61%,125,58.41%,46,21.5%,15,7.01%,11,5.14%,214
CENTRO-OESTE,52,GO,521920,SANTA CRUZ DE GOIAS,0,-,1,1.06%,57,60.64%,18,19.15%,12,12.77%,6,6.38%,94
CENTRO-OESTE,52,GO,521925,SANTA FE DE GOIAS,3,2.14%,7,5%,77,55%,25,17.86%,11,7.86%,17,12.14%,140
CENTRO-OESTE,52,GO,521930,SANTA HELENA DE GOIAS,46,3.32%,50,3.6%,664,47.87%,260,18.75%,230,16.58%,137,9.88%,1387
CENTRO-OESTE,52,GO,521935,SANTA ISABEL,2,0.84%,4,1.68%,160,67.23%,44,18.49%,20,8.4%,8,3.36%,238
CENTRO-OESTE,52,GO,521940,SANTA RITA DO ARAGUAIA,6,1.84%,7,2.15%,231,70.86%,49,15.03%,25,7.67%,8,2.45%,326
CENTRO-OESTE,52,GO,521945,SANTA RITA DO NOVO DESTINO,7,9.21%,5,6.58%,38,50%,8,10.53%,8,10.53%,10,13.16%,76
CENTRO-OESTE,52,GO,521950,SANTA ROSA DE GOIAS,4,3.88%,7,6.8%,67,65.05%,17,16.5%,5,4.85%,3,2.91%,103
CENTRO-OESTE,52,GO,521960,SANTA TEREZA DE GOIAS,0,-,0,-,106,66.25%,35,21.88%,11,6.88%,8,5%,160
CENTRO-OESTE,52,GO,521970,SANTA TEREZINHA DE GOIAS,12,3.18%,16,4.24%,223,59.15%,62,16.45%,37,9.81%,27,7.16%,377
CENTRO-OESTE,52,GO,521971,SANTO ANTONIO DA BARRA,1,1.02%,2,2.04%,67,68.37%,16,16.33%,8,8.16%,4,4.08%,98
CENTRO-OESTE,52,GO,521973,SANTO ANTONIO DE GOIAS,12,3.79%,5,1.58%,172,54.26%,70,22.08%,30,9.46%,28,8.83%,317
CENTRO-OESTE,52,GO,521975,SANTO ANTONIO DO DESCOBERTO,62,1.94%,113,3.53%,2183,68.18%,509,15.9%,205,6.4%,130,4.06%,3202
CENTRO-OESTE,52,GO,521980,SAO DOMINGOS,20,4.56%,27,6.15%,267,60.82%,64,14.58%,26,5.92%,35,7.97%,439
CENTRO-OESTE,52,GO,521990,SAO FRANCISCO DE GOIAS,14,4.52%,13,4.19%,170,54.84%,61,19.68%,26,8.39%,26,8.39%,310
CENTRO-OESTE,52,GO,522000,SAO JOAO D'ALIANCA,10,1.39%,20,2.78%,508,70.56%,112,15.56%,48,6.67%,22,3.06%,720
CENTRO-OESTE,52,GO,522005,SAO JOAO DA PARAUNA,2,2.33%,2,2.33%,55,63.95%,20,23.26%,6,6.98%,1,1.16%,86
CENTRO-OESTE,52,GO,522010,SAO LUIS DE MONTES BELOS,22,1.68%,40,3.06%,835,63.79%,224,17.11%,106,8.1%,82,6.26%,1309
CENTRO-OESTE,52,GO,522015,SAO LUIZ DO NORTE,7,2.77%,21,8.3%,167,66.01%,33,13.04%,13,5.14%,12,4.74%,253
CENTRO-OESTE,52,GO,522020,SAO MIGUEL DO ARAGUAIA,17,1.99%,34,3.98%,515,60.3%,144,16.86%,87,10.19%,57,6.67%,854
CENTRO-OESTE,52,GO,522026,SAO MIGUEL DO PASSA QUATRO,4,2.14%,5,2.67%,127,67.91%,31,16.58%,14,7.49%,6,3.21%,187
CENTRO-OESTE,52,GO,522028,SAO PATRICIO,3,2.78%,5,4.63%,74,68.52%,14,12.96%,9,8.33%,3,2.78%,108
CENTRO-OESTE,52,GO,522040,SAO SIMAO,9,2.25%,20,5%,246,61.5%,74,18.5%,25,6.25%,26,6.5%,400
CENTRO-OESTE,52,GO,522045,SENADOR CANEDO,146,2.51%,145,2.49%,3674,63.11%,1114,19.13%,457,7.85%,286,4.91%,5822
CENTRO-OESTE,52,GO,522050,SERRANOPOLIS,2,0.53%,4,1.07%,239,63.73%,73,19.47%,33,8.8%,24,6.4%,375
CENTRO-OESTE,52,GO,522060,SILVANIA,22,2.36%,37,3.97%,635,68.21%,144,15.47%,44,4.73%,49,5.26%,931
CENTRO-OESTE,52,GO,522068,SIMOLANDIA,12,4.65%,9,3.49%,175,67.83%,31,12.02%,14,5.43%,17,6.59%,258
CENTRO-OESTE,52,GO,522070,SITIO D'ABADIA,6,2.67%,9,4%,149,66.22%,36,16%,15,6.67%,10,4.44%,225
CENTRO-OESTE,52,GO,522100,TAQUARAL DE GOIAS,6,4.32%,6,4.32%,91,65.47%,18,12.95%,12,8.63%,6,4.32%,139
CENTRO-OESTE,52,GO,522108,TERESINA DE GOIAS,6,2.3%,11,4.21%,182,69.73%,40,15.33%,8,3.07%,14,5.36%,261
CENTRO-OESTE,52,GO,522119,TEREZOPOLIS DE GOIAS,9,2.54%,11,3.1%,253,71.27%,50,14.08%,22,6.2%,10,2.82%,355
CENTRO-OESTE,52,GO,522130,TRES RANCHOS,0,-,3,2.33%,96,74.42%,19,14.73%,8,6.2%,3,2.33%,129
CENTRO-OESTE,52,GO,522140,TRINDADE,82,1.67%,150,3.05%,3080,62.72%,955,19.45%,391,7.96%,253,5.15%,4911
CENTRO-OESTE,52,GO,522145,TROMBAS,4,2.9%,2,1.45%,71,51.45%,28,20.29%,17,12.32%,16,11.59%,138
CENTRO-OESTE,52,GO,522150,TURVANIA,6,4.2%,0,-,88,61.54%,28,19.58%,13,9.09%,8,5.59%,143
CENTRO-OESTE,52,GO,522155,TURVELANDIA,5,2.45%,7,3.43%,140,68.63%,31,15.2%,13,6.37%,8,3.92%,204
CENTRO-OESTE,52,GO,522157,UIRAPURU,11,6.96%,7,4.43%,98,62.03%,22,13.92%,9,5.7%,11,6.96%,158
CENTRO-OESTE,52,GO,522160,URUACU,28,2.19%,42,3.28%,838,65.47%,225,17.58%,93,7.27%,54,4.22%,1280
CENTRO-OESTE,52,GO,522170,URUANA,15,2.73%,17,3.09%,373,67.82%,81,14.73%,34,6.18%,30,5.45%,550
CENTRO-OESTE,52,GO,522180,URUTAI,1,0.62%,7,4.35%,121,75.16%,12,7.45%,11,6.83%,9,5.59%,161
CENTRO-OESTE,52,GO,522185,VALPARAISO DE GOIAS,322,3.74%,148,1.72%,5853,67.97%,1216,14.12%,686,7.97%,386,4.48%,8611
CENTRO-OESTE,52,GO,522190,VARJAO,9,6.98%,3,2.33%,63,48.84%,31,24.03%,10,7.75%,13,10.08%,129
CENTRO-OESTE,52,GO,522200,VIANOPOLIS,19,2.49%,21,2.75%,494,64.74%,129,16.91%,65,8.52%,35,4.59%,763
CENTRO-OESTE,52,GO,522205,VICENTINOPOLIS,9,1.73%,14,2.7%,311,59.92%,103,19.85%,49,9.44%,33,6.36%,519
CENTRO-OESTE,52,GO,522220,VILA BOA,10,3.52%,7,2.46%,184,64.79%,43,15.14%,24,8.45%,16,5.63%,284
CENTRO-OESTE,52,GO,522230,VILA PROPICIO,6,1.89%,9,2.84%,215,67.82%,46,14.51%,24,7.57%,17,5.36%,317
CENTRO-OESTE,53,DF,530010,BRASILIA,1406,1.58%,2841,3.18%,63475,71.16%,14010,15.71%,4709,5.28%,2765,3.1%,89206
