codigo_ibge_6,codigo_ibge_7_malha,tem_geometria
110001,1100015,True
110002,1100023,True
110003,1100031,True
110004,1100049,True
110005,1100056,True
110006,1100064,True
110007,1100072,True
110008,1100080,True
110009,1100098,True
110010,1100106,True
110011,1100114,True
110012,1100122,True
110013,1100130,True
110014,1100148,True
110015,1100155,True
110018,1100189,True
110020,1100205,True
110025,1100254,True
110026,1100262,True
110028,1100288,True
110029,1100296,True
110030,1100304,True
110032,1100320,True
110033,1100338,True
110034,1100346,True
110037,1100379,True
110040,1100403,True
110045,1100452,True
110050,1100502,True
110060,1100601,True
110070,1100700,True
110080,1100809,True
110090,1100908,True
110092,1100924,True
110094,1100940,True
110100,1101005,True
110110,1101104,True
110120,1101203,True
110130,1101302,True
110140,1101401,True
110143,1101435,True
110145,1101450,True
110146,1101468,True
110147,1101476,True
110148,1101484,True
110149,1101492,True
110150,1101500,True
110155,1101559,True
110160,1101609,True
110170,1101708,True
110175,1101757,True
110180,1101807,True
120001,1200013,True
120005,1200054,True
120010,1200104,True
120013,1200138,True
120017,1200179,True
120020,1200203,True
120025,1200252,True
120030,1200302,True
120032,1200328,True
120033,1200336,True
120034,1200344,True
120035,1200351,True
120038,1200385,True
120039,1200393,True
120040,1200401,True
120042,1200427,True
120043,1200435,True
120045,1200450,True
120050,1200500,True
120060,1200609,True
120070,1200708,True
120080,1200807,True
130002,1300029,True
130006,1300060,True
130008,1300086,True
130010,1300102,True
130014,1300144,True
130020,1300201,True
130030,1300300,True
130040,1300409,True
130050,1300508,True
130060,1300607,True
130063,1300631,True
130068,1300680,True
130070,1300706,True
130080,1300805,True
130083,1300839,True
130090,1300904,True
130100,1301001,True
130110,1301100,True
130115,1301159,True
130120,1301209,True
130130,1301308,True
130140,1301407,True
130150,1301506,True
130160,1301605,True
130165,1301654,True
130170,1301704,True
130180,1301803,True
130185,1301852,True
130190,1301902,True
130195,1301951,True
130200,1302009,True
130210,1302108,True
130220,1302207,True
130230,1302306,True
130240,1302405,True
130250,1302504,True
130255,1302553,True
130260,1302603,True
130270,1302702,True
130280,1302801,True
130290,1302900,True
130300,1303007,True
130310,1303106,True
130320,1303205,True
130330,1303304,True
130340,1303403,True
130350,1303502,True
130353,1303536,True
130356,1303569,True
130360,1303601,True
130370,1303700,True
130380,1303809,True
130390,1303908,True
130395,1303957,True
130400,1304005,True
130406,1304062,True
130410,1304104,True
130420,1304203,True
130423,1304237,True
130426,1304260,True
130430,1304302,True
130440,1304401,True
140002,1400027,True
140005,1400050,True
140010,1400100,True
140015,1400159,True
140017,1400175,True
140020,1400209,True
140023,1400233,True
140028,1400282,True
140030,1400308,True
140040,1400407,True
140045,1400456,True
140047,1400472,True
140050,1400506,True
140060,1400605,True
140070,1400704,True
150010,1500107,True
150013,1500131,True
150020,1500206,True
150030,1500305,True
150034,1500347,True
150040,1500404,True
150050,1500503,True
150060,1500602,True
150070,1500701,True
150080,1500800,True
150085,1500859,True
150090,1500909,True
150095,1500958,True
150100,1501006,True
150110,1501105,True
150120,1501204,True
150125,1501253,True
150130,1501303,True
150140,1501402,True
150145,1501451,True
150150,1501501,True
150157,1501576,True
150160,1501600,True
150170,1501709,True
150172,1501725,True
150175,1501758,True
150178,1501782,True
150180,1501808,True
150190,1501907,True
150195,1501956,True
150200,1502004,True
150210,1502103,True
150215,1502152,True
150220,1502202,True
150230,1502301,True
150240,1502400,True
150250,1502509,True
150260,1502608,True
150270,1502707,True
150275,1502756,True
150276,1502764,True
150277,1502772,True
150280,1502806,True
150285,1502855,True
150290,1502905,True
150293,1502939,True
150295,1502954,True
150300,1503002,True
150304,1503044,True
150307,1503077,True
150309,1503093,True
150310,1503101,True
150320,1503200,True
150330,1503309,True
150340,1503408,True
150345,1503457,True
150350,1503507,True
150360,1503606,True
150370,1503705,True
150375,1503754,True
150380,1503804,True
150390,1503903,True
150400,1504000,True
150405,1504059,True
150410,1504109,True
150420,1504208,True
150430,1504307,True
150440,1504406,True
150442,1504422,True
150445,1504455,True
150450,1504505,True
150460,1504604,True
150470,1504703,True
150475,1504752,True
150480,1504802,True
150490,1504901,True
150495,1504950,True
150497,1504976,True
150500,1505007,True
150503,1505031,True
150506,1505064,True
150510,1505106,True
150520,1505205,True
150530,1505304,True
150540,1505403,True
150543,1505437,True
150548,1505486,True
150549,1505494,True
150550,1505502,True
150553,1505536,True
150555,1505551,True
150560,1505601,True
150563,1505635,True
150565,1505650,True
150570,1505700,True
150580,1505809,True
150590,1505908,True
150600,1506005,True
150610,1506104,True
150611,1506112,True
150613,1506138,True
150616,1506161,True
150618,1506187,True
150619,1506195,True
150620,1506203,True
150630,1506302,True
150635,1506351,True
150640,1506401,True
150650,1506500,True
150655,1506559,True
150658,1506583,True
150660,1506609,True
150670,1506708,True
150680,1506807,True
150690,1506906,True
150700,1507003,True
150710,1507102,True
150715,1507151,True
150720,1507201,True
150730,1507300,True
150740,1507409,True
150745,1507458,True
150746,1507466,True
150747,1507474,True
150750,1507508,True
150760,1507607,True
150770,1507706,True
150775,1507755,True
150780,1507805,True
150790,1507904,True
150795,1507953,True
150796,1507961,True
150797,1507979,True
150800,1508001,True
150803,1508035,True
150805,1508050,True
150808,1508084,True
150810,1508100,True
150812,1508126,True
150815,1508159,True
150820,1508209,True
150830,1508308,True
150835,1508357,True
150840,1508407,True
160005,1600055,True
160010,1600105,True
160015,1600154,True
160020,1600204,True
160021,1600212,True
160023,1600238,True
160025,1600253,True
160027,1600279,True
160030,1600303,True
160040,1600402,True
160050,1600501,True
160053,1600535,True
160055,1600550,True
160060,1600600,True
160070,1600709,True
160080,1600808,True
170025,1700251,True
170030,1700301,True
170035,1700350,True
170040,1700400,True
170070,1700707,True
170100,1701002,True
170105,1701051,True
170110,1701101,True
170130,1701309,True
170190,1701903,True
170200,1702000,True
170210,1702109,True
170215,1702158,True
170220,1702208,True
170230,1702307,True
170240,1702406,True
170255,1702554,True
170270,1702703,True
170290,1702901,True
170300,1703008,True
170305,1703057,True
170307,1703073,True
170310,1703107,True
170320,1703206,True
170330,1703305,True
170360,1703602,True
170370,1703701,True
170380,1703800,True
170382,1703826,True
170384,1703842,True
170386,1703867,True
170388,1703883,True
170389,1703891,True
170390,1703909,True
170410,1704105,True
170460,1704600,True
170510,1705102,True
170550,1705508,True
170555,1705557,True
170560,1705607,True
170600,1706001,True
170610,1706100,True
170625,1706258,True
170650,1706506,True
170700,1707009,True
170710,1707108,True
170720,1707207,True
170730,1707306,True
170740,1707405,True
170755,1707553,True
170765,1707652,True
170770,1707702,True
170820,1708205,True
170825,1708254,True
170830,1708304,True
170900,1709005,True
170930,1709302,True
170950,1709500,True
170980,1709807,True
171050,1710508,True
171070,1710706,True
171090,1710904,True
171110,1711100,True
171150,1711506,True
171180,1711803,True
171190,1711902,True
171195,1711951,True
171200,1712009,True
171215,1712157,True
171240,1712405,True
171245,1712454,True
171250,1712504,True
171270,1712702,True
171280,1712801,True
171320,1713205,True
171330,1713304,True
171360,1713601,True
171370,1713700,True
171380,1713809,True
171395,1713957,True
171420,1714203,True
171430,1714302,True
171488,1714880,True
171500,1715002,True
171510,1715101,True
171515,1715150,True
171525,1715259,True
171550,1715507,True
171570,1715705,True
171575,1715754,True
171610,1716109,True
171620,1716208,True
171630,1716307,True
171650,1716505,True
171660,1716604,True
171665,1716653,True
171670,1716703,True
171700,1717008,True
171720,1717206,True
171750,1717503,True
171780,1717800,True
171790,1717909,True
171800,1718006,True
171820,1718204,True
171830,1718303,True
171840,1718402,True
171845,1718451,True
171850,1718501,True
171855,1718550,True
171865,1718659,True
171870,1718709,True
171875,1718758,True
171880,1718808,True
171884,1718840,True
171886,1718865,True
171888,1718881,True
171889,1718899,True
171890,1718907,True
171900,1719004,True
172000,1720002,True
172010,1720101,True
172015,1720150,True
172020,1720200,True
172025,1720259,True
172030,1720309,True
172049,1720499,True
172065,1720655,True
172080,1720804,True
172085,1720853,True
172090,1720903,True
172093,1720937,True
172097,1720978,True
172100,1721000,True
172110,1721109,True
172120,1721208,True
172125,1721257,True
172130,1721307,True
172208,1722081,True
172210,1722107,True
210005,2100055,True
210010,2100105,True
210015,2100154,True
210020,2100204,True
210030,2100303,True
210040,2100402,True
210043,2100436,True
210047,2100477,True
210050,2100501,True
210055,2100550,True
210060,2100600,True
210070,2100709,True
210080,2100808,True
210083,2100832,True
210087,2100873,True
210090,2100907,True
210095,2100956,True
210100,2101004,True
210110,2101103,True
210120,2101202,True
210125,2101251,True
210130,2101301,True
210135,2101350,True
210140,2101400,True
210150,2101509,True
210160,2101608,True
210170,2101707,True
210173,2101731,True
210177,2101772,True
210180,2101806,True
210190,2101905,True
210193,2101939,True
210197,2101970,True
210200,2102002,True
210203,2102036,True
210207,2102077,True
210210,2102101,True
210215,2102150,True
210220,2102200,True
210230,2102309,True
210232,2102325,True
210235,2102358,True
210237,2102374,True
210240,2102408,True
210250,2102507,True
210255,2102556,True
210260,2102606,True
210270,2102705,True
210275,2102754,True
210280,2102804,True
210290,2102903,True
210300,2103000,True
210310,2103109,True
210312,2103125,True
210315,2103158,True
210317,2103174,True
210320,2103208,True
210325,2103257,True
210330,2103307,True
210340,2103406,True
210350,2103505,True
210355,2103554,True
210360,2103604,True
210370,2103703,True
210375,2103752,True
210380,2103802,True
210390,2103901,True
210400,2104008,True
210405,2104057,True
210407,2104073,True
210408,2104081,True
210409,2104099,True
210410,2104107,True
210420,2104206,True
210430,2104305,True
210440,2104404,True
210450,2104503,True
210455,2104552,True
210460,2104602,True
210462,2104628,True
210465,2104651,True
210467,2104677,True
210470,2104701,True
210480,2104800,True
210490,2104909,True
210500,2105005,True
210510,2105104,True
210515,2105153,True
210520,2105203,True
210530,2105302,True
210535,2105351,True
210540,2105401,True
210542,2105427,True
210545,2105450,True
210547,2105476,True
210550,2105500,True
210560,2105609,True
210565,2105658,True
210570,2105708,True
210580,2105807,True
210590,2105906,True
210592,2105922,True
210594,2105948,True
210596,2105963,True
210598,2105989,True
210600,2106003,True
210610,2106102,True
210620,2106201,True
210630,2106300,True
210632,2106326,True
210635,2106359,True
210637,2106375,True
210640,2106409,True
210650,2106508,True
210660,2106607,True
210663,2106631,True
210667,2106672,True
210670,2106706,True
210675,2106755,True
210680,2106805,True
210690,2106904,True
210700,2107001,True
210710,2107100,True
210720,2107209,True
210725,2107258,True
210730,2107308,True
210735,2107357,True
210740,2107407,True
210745,2107456,True
210750,2107506,True
210760,2107605,True
210770,2107704,True
210780,2107803,True
210790,2107902,True
210800,2108009,True
210805,2108058,True
210810,2108108,True
210820,2108207,True
210825,2108256,True
210830,2108306,True
210840,2108405,True
210845,2108454,True
210850,2108504,True
210860,2108603,True
210870,2108702,True
210880,2108801,True
210890,2108900,True
210900,2109007,True
210905,2109056,True
210910,2109106,True
210920,2109205,True
210923,2109239,True
210927,2109270,True
210930,2109304,True
210940,2109403,True
210945,2109452,True
210950,2109502,True
210955,2109551,True
210960,2109601,True
210970,2109700,True
210975,2109759,True
210980,2109809,True
210990,2109908,True
211000,2110005,True
211003,2110039,True
211010,2110104,True
211020,2110203,True
211023,2110237,True
211027,2110278,True
211030,2110302,True
211040,2110401,True
211050,2110500,True
211060,2110609,True
211065,2110658,True
211070,2110708,True
211080,2110807,True
211085,2110856,True
211090,2110906,True
211100,2111003,True
211102,2111029,True
211105,2111052,True
211107,2111078,True
211110,2111102,True
211120,2111201,True
211125,2111250,True
211130,2111300,True
211140,2111409,True
211150,2111508,True
211153,2111532,True
211157,2111573,True
211160,2111607,True
211163,2111631,True
211167,2111672,True
211170,2111706,True
211172,2111722,True
211174,2111748,True
211176,2111763,True
211178,2111789,True
211180,2111805,True
211190,2111904,True
211195,2111953,True
211200,2112001,True
211210,2112100,True
211220,2112209,True
211223,2112233,True
211227,2112274,True
211230,2112308,True
211240,2112407,True
211245,2112456,True
211250,2112506,True
211260,2112605,True
211270,2112704,True
211280,2112803,True
211285,2112852,True
211290,2112902,True
211300,2113009,True
211400,2114007,True
220005,2200053,True
220010,2200103,True
220020,2200202,True
220025,2200251,True
220027,2200277,True
220030,2200301,True
220040,2200400,True
220045,2200459,True
220050,2200509,True
220060,2200608,True
220070,2200707,True
220080,2200806,True
220090,2200905,True
220095,2200954,True
220100,2201002,True
220105,2201051,True
220110,2201101,True
220115,2201150,True
220117,2201176,True
220120,2201200,True
220130,2201309,True
220140,2201408,True
220150,2201507,True
220155,2201556,True
220157,2201572,True
220160,2201606,True
220170,2201705,True
220173,2201739,True
220177,2201770,True
220180,2201804,True
220190,2201903,True
220191,2201919,True
220192,2201929,True
220194,2201945,True
220196,2201960,True
220198,2201988,True
220200,2202000,True
220202,2202026,True
220205,2202059,True
220207,2202075,True
220208,2202083,True
220209,2202091,True
220210,2202109,True
220211,2202117,True
220213,2202133,True
220217,2202174,True
220220,2202208,True
220225,2202251,True
220230,2202307,True
220240,2202406,True
220245,2202455,True
220250,2202505,True
220253,2202539,True
220255,2202554,True
220260,2202604,True
220265,2202653,True
220270,2202703,True
220271,2202711,True
220272,2202729,True
220273,2202737,True
220275,2202752,True
220277,2202778,True
220280,2202802,True
220285,2202851,True
220290,2202901,True
220300,2203008,True
220310,2203107,True
220320,2203206,True
220323,2203230,True
220325,2203255,True
220327,2203271,True
220330,2203305,True
220335,2203354,True
220340,2203404,True
220342,2203420,True
220345,2203453,True
220350,2203503,True
220360,2203602,True
220370,2203701,True
220375,2203750,True
220380,2203800,True
220385,2203859,True
220390,2203909,True
220400,2204006,True
220410,2204105,True
220415,2204154,True
220420,2204204,True
220430,2204303,True
220435,2204352,True
220440,2204402,True
220450,2204501,True
220455,2204550,True
220460,2204600,True
220465,2204659,True
220470,2204709,True
220480,2204808,True
220490,2204907,True
220500,2205003,True
220510,2205102,True
220515,2205151,True
220520,2205201,True
220525,2205250,True
220527,2205276,True
220530,2205300,True
220535,2205359,True
220540,2205409,True
220545,2205458,True
220550,2205508,True
220551,2205516,True
220552,2205524,True
220553,2205532,True
220554,2205540,True
220555,2205557,True
220556,2205565,True
220557,2205573,True
220558,2205581,True
220559,2205599,True
220560,2205607,True
220570,2205706,True
220580,2205805,True
220585,2205854,True
220590,2205904,True
220595,2205953,True
220600,2206001,True
220605,2206050,True
220610,2206100,True
220620,2206209,True
220630,2206308,True
220635,2206357,True
220640,2206407,True
220650,2206506,True
220660,2206605,True
220665,2206654,True
220667,2206670,True
220669,2206696,True
220670,2206704,True
220672,2206720,True
220675,2206753,True
220680,2206803,True
220690,2206902,True
220695,2206951,True
220700,2207009,True
220710,2207108,True
220720,2207207,True
220730,2207306,True
220735,2207355,True
220740,2207405,True
220750,2207504,True
220755,2207553,True
220760,2207603,True
220770,2207702,True
220775,2207751,True
220777,2207777,True
220779,2207793,True
220780,2207801,True
220785,2207850,True
220790,2207900,True
220793,2207934,True
220795,2207959,True
220800,2208007,True
220810,2208106,True
220820,2208205,True
220830,2208304,True
220840,2208403,True
220850,2208502,True
220855,2208551,True
220860,2208601,True
220865,2208650,True
220870,2208700,True
220880,2208809,True
220885,2208858,True
220887,2208874,True
220890,2208908,True
220900,2209005,True
220910,2209104,True
220915,2209153,True
220920,2209203,True
220930,2209302,True
220935,2209351,True
220937,2209377,True
220940,2209401,True
220945,2209450,True
220950,2209500,True
220955,2209559,True
220960,2209609,True
220965,2209658,True
220970,2209708,True
220975,2209757,True
220980,2209807,True
220985,2209856,True
220987,2209872,True
220990,2209906,True
220995,2209955,True
220997,2209971,True
221000,2210003,True
221005,2210052,True
221010,2210102,True
221020,2210201,True
221030,2210300,True
221035,2210359,True
221037,2210375,True
221038,2210383,True
221039,2210391,True
221040,2210409,True
221050,2210508,True
221060,2210607,True
221062,2210623,True
221063,2210631,True
221065,2210656,True
221070,2210706,True
221080,2210805,True
221090,2210904,True
221093,2210938,True
221095,2210953,True
221097,2210979,True
221100,2211001,True
221110,2211100,True
221120,2211209,True
221130,2211308,True
221135,2211357,True
221140,2211407,True
221150,2211506,True
221160,2211605,True
221170,2211704,True
230010,2300101,True
230015,2300150,True
230020,2300200,True
230030,2300309,True
230040,2300408,True
230050,2300507,True
230060,2300606,True
230070,2300705,True
230075,2300754,True
230080,2300804,True
230090,2300903,True
230100,2301000,True
230110,2301109,True
230120,2301208,True
230125,2301257,True
230130,2301307,True
230140,2301406,True
230150,2301505,True
230160,2301604,True
230170,2301703,True
230180,2301802,True
230185,2301851,True
230190,2301901,True
230195,2301950,True
230200,2302008,True
230205,2302057,True
230210,2302107,True
230220,2302206,True
230230,2302305,True
230240,2302404,True
230250,2302503,True
230260,2302602,True
230270,2302701,True
230280,2302800,True
230290,2302909,True
230300,2303006,True
230310,2303105,True
230320,2303204,True
230330,2303303,True
230340,2303402,True
230350,2303501,True
230360,2303600,True
230365,2303659,True
230370,2303709,True
230380,2303808,True
230390,2303907,True
230393,2303931,True
230395,2303956,True
230400,2304004,True
230410,2304103,True
230420,2304202,True
230423,2304236,True
230425,2304251,True
230426,2304269,True
230427,2304277,True
230428,2304285,True
230430,2304301,True
230435,2304350,True
230440,2304400,True
230445,2304459,True
230450,2304509,True
230460,2304608,True
230465,2304657,True
230470,2304707,True
230480,2304806,True
230490,2304905,True
230495,2304954,True
230500,2305001,True
230510,2305100,True
230520,2305209,True
230523,2305233,True
230526,2305266,True
230530,2305308,True
230533,2305332,True
230535,2305357,True
230540,2305407,True
230550,2305506,True
230560,2305605,True
230565,2305654,True
230570,2305704,True
230580,2305803,True
230590,2305902,True
230600,2306009,True
230610,2306108,True
230620,2306207,True
230625,2306256,True
230630,2306306,True
230640,2306405,True
230650,2306504,True
230655,2306553,True
230660,2306603,True
230670,2306702,True
230680,2306801,True
230690,2306900,True
230700,2307007,True
230710,2307106,True
230720,2307205,True
230725,2307254,True
230730,2307304,True
230740,2307403,True
230750,2307502,True
230760,2307601,True
230763,2307635,True
230765,2307650,True
230770,2307700,True
230780,2307809,True
230790,2307908,True
230800,2308005,True
230810,2308104,True
230820,2308203,True
230830,2308302,True
230835,2308351,True
230837,2308377,True
230840,2308401,True
230850,2308500,True
230860,2308609,True
230870,2308708,True
230880,2308807,True
230890,2308906,True
230900,2309003,True
230910,2309102,True
230920,2309201,True
230930,2309300,True
230940,2309409,True
230945,2309458,True
230950,2309508,True
230960,2309607,True
230970,2309706,True
230980,2309805,True
230990,2309904,True
231000,2310001,True
231010,2310100,True
231020,2310209,True
231025,2310258,True
231030,2310308,True
231040,2310407,True
231050,2310506,True
231060,2310605,True
231070,2310704,True
231080,2310803,True
231085,2310852,True
231090,2310902,True
231095,2310951,True
231100,2311009,True
231110,2311108,True
231120,2311207,True
231123,2311231,True
231126,2311264,True
231130,2311306,True
231135,2311355,True
231140,2311405,True
231150,2311504,True
231160,2311603,True
231170,2311702,True
231180,2311801,True
231190,2311900,True
231195,2311959,True
231200,2312007,True
231210,2312106,True
231220,2312205,True
231230,2312304,True
231240,2312403,True
231250,2312502,True
231260,2312601,True
231270,2312700,True
231280,2312809,True
231290,2312908,True
231300,2313005,True
231310,2313104,True
231320,2313203,True
231325,2313252,True
231330,2313302,True
231335,2313351,True
231340,2313401,True
231350,2313500,True
231355,2313559,True
231360,2313609,True
231370,2313708,True
231375,2313757,True
231380,2313807,True
231390,2313906,True
231395,2313955,True
231400,2314003,True
231410,2314102,True
240010,2400109,True
240020,2400208,True
240030,2400307,True
240040,2400406,True
240050,2400505,True
240060,2400604,True
240070,2400703,True
240080,2400802,True
240090,2400901,True
240100,2401008,True
240110,2401107,True
240120,2401206,True
240130,2401305,True
240140,2401404,True
240145,2401453,True
240150,2401503,True
240160,2401602,True
240165,2401651,True
240170,2401701,True
240180,2401800,True
240185,2401859,True
240190,2401909,True
240200,2402006,True
240210,2402105,True
240220,2402204,True
240230,2402303,True
240240,2402402,True
240250,2402501,True
240260,2402600,True
240270,2402709,True
240280,2402808,True
240290,2402907,True
240300,2403004,True
240310,2403103,True
240320,2403202,True
240325,2403251,True
240330,2403301,True
240340,2403400,True
240350,2403509,True
240360,2403608,True
240370,2403707,True
240375,2403756,True
240380,2403806,True
240390,2403905,True
240400,2404002,True
240410,2404101,True
240420,2404200,True
240430,2404309,True
240440,2404408,True
240450,2404507,True
240460,2404606,True
240470,2404705,True
240480,2404804,True
240485,2404853,True
240490,2404903,True
240500,2405009,True
240510,2405108,True
240520,2405207,True
240530,2405306,True
240540,2405405,True
240550,2405504,True
240560,2405603,True
240570,2405702,True
240580,2405801,True
240590,2405900,True
240600,2406007,True
240610,2406106,True
240615,2406155,True
240620,2406205,True
240630,2406304,True
240640,2406403,True
240650,2406502,True
240660,2406601,True
240670,2406700,True
240680,2406809,True
240690,2406908,True
240700,2407005,True
240710,2407104,True
240720,2407203,True
240725,2407252,True
240730,2407302,True
240740,2407401,True
240750,2407500,True
240760,2407609,True
240770,2407708,True
240780,2407807,True
240790,2407906,True
240800,2408003,True
240810,2408102,True
240820,2408201,True
240830,2408300,True
240840,2408409,True
240850,2408508,True
240860,2408607,True
240870,2408706,True
240880,2408805,True
240890,2408904,True
240895,2408953,True
240910,2409100,True
240920,2409209,True
240930,2409308,True
240933,2409332,True
240940,2409407,True
240950,2409506,True
240960,2409605,True
240970,2409704,True
240980,2409803,True
240990,2409902,True
241000,2410009,True
241010,2410108,True
241020,2410207,True
241025,2410256,True
241030,2410306,True
241040,2410405,True
241050,2410504,True
241060,2410603,True
241070,2410702,True
241080,2410801,True
241090,2410900,True
241100,2411007,True
241105,2411056,True
241110,2411106,True
241120,2411205,True
241140,2411403,True
241142,2411429,True
241150,2411502,True
241160,2411601,True
241170,2411700,True
241180,2411809,True
241190,2411908,True
241200,2412005,True
241210,2412104,True
241220,2412203,True
241230,2412302,True
241240,2412401,True
241250,2412500,True
241255,2412559,True
241260,2412609,True
241270,2412708,True
241280,2412807,True
241290,2412906,True
241300,2413003,True
241310,2413102,True
241320,2413201,True
241330,2413300,True
241335,2413359,True
241340,2413409,True
241350,2413508,True
241355,2413557,True
241360,2413607,True
241370,2413706,True
241380,2413805,True
241390,2413904,True
241400,2414001,True
241410,2414100,True
241415,2414159,True
241420,2414209,True
241430,2414308,True
241440,2414407,True
241445,2414456,True
241450,2414506,True
241460,2414605,True
241470,2414704,True
241475,2414753,True
241480,2414803,True
241490,2414902,True
241500,2415008,True
250010,2500106,True
250020,2500205,True
250030,2500304,True
250040,2500403,True
250050,2500502,True
250053,2500536,True
250057,2500577,True
250060,2500601,True
250070,2500700,True
250073,2500734,True
250077,2500775,True
250080,2500809,True
250090,2500908,True
250100,2501005,True
250110,2501104,True
250115,2501153,True
250120,2501203,True
250130,2501302,True
250135,2501351,True
250140,2501401,True
250150,2501500,True
250153,2501534,True
250157,2501575,True
250160,2501609,True
250170,2501708,True
250180,2501807,True
250190,2501906,True
250200,2502003,True
250205,2502052,True
250210,2502102,True
250215,2502151,True
250220,2502201,True
250230,2502300,True
250240,2502409,True
250250,2502508,True
250260,2502607,True
250270,2502706,True
250280,2502805,True
250290,2502904,True
250300,2503001,True
250310,2503100,True
250320,2503209,True
250330,2503308,True
250340,2503407,True
250350,2503506,True
250355,2503555,True
250360,2503605,True
250370,2503704,True
250375,2503753,True
250380,2503803,True
250390,2503902,True
250400,2504009,True
250403,2504033,True
250407,2504074,True
250410,2504108,True
250415,2504157,True
250420,2504207,True
250430,2504306,True
250435,2504355,True
250440,2504405,True
250450,2504504,True
250460,2504603,True
250470,2504702,True
250480,2504801,True
250485,2504850,True
250490,2504900,True
250500,2505006,True
250510,2505105,True
250520,2505204,True
250523,2505238,True
250527,2505279,True
250530,2505303,True
250535,2505352,True
250540,2505402,True
250550,2505501,True
250560,2505600,True
250570,2505709,True
250580,2505808,True
250590,2505907,True
250600,2506004,True
250610,2506103,True
250620,2506202,True
250625,2506251,True
250630,2506301,True
250640,2506400,True
250650,2506509,True
250660,2506608,True
250670,2506707,True
250680,2506806,True
250690,2506905,True
250700,2507002,True
250710,2507101,True
250720,2507200,True
250730,2507309,True
250740,2507408,True
250750,2507507,True
250760,2507606,True
250770,2507705,True
250780,2507804,True
250790,2507903,True
250800,2508000,True
250810,2508109,True
250820,2508208,True
250830,2508307,True
250840,2508406,True
250850,2508505,True
250855,2508554,True
250860,2508604,True
250870,2508703,True
250880,2508802,True
250890,2508901,True
250900,2509008,True
250905,2509057,True
250910,2509107,True
250915,2509156,True
250920,2509206,True
250930,2509305,True
250933,2509339,True
250937,2509370,True
250939,2509396,True
250940,2509404,True
250950,2509503,True
250960,2509602,True
250970,2509701,True
250980,2509800,True
250990,2509909,True
251000,2510006,True
251010,2510105,True
251020,2510204,True
251030,2510303,True
251040,2510402,True
251050,2510501,True
251060,2510600,True
251065,2510659,True
251070,2510709,True
251080,2510808,True
251090,2510907,True
251100,2511004,True
251110,2511103,True
251120,2511202,True
251130,2511301,True
251140,2511400,True
251150,2511509,True
251160,2511608,True
251170,2511707,True
251180,2511806,True
251190,2511905,True
251200,2512002,True
251203,2512036,True
251207,2512077,True
251210,2512101,True
251220,2512200,True
251230,2512309,True
251240,2512408,True
251250,2512507,True
251260,2512606,True
251270,2512705,True
251272,2512721,True
251274,2512747,True
251275,2512754,True
251276,2512762,True
251278,2512788,True
251280,2512804,True
251290,2512903,True
251300,2513000,True
251310,2513109,True
251315,2513158,True
251320,2513208,True
251330,2513307,True
251335,2513356,True
251340,2513406,True
251350,2513505,True
251360,2513604,True
251365,2513653,True
251370,2513703,True
251380,2513802,True
251385,2513851,True
251390,2513901,True
251392,2513927,True
251394,2513943,True
251396,2513968,True
251398,2513984,True
251400,2514008,True
251410,2514107,True
251420,2514206,True
251430,2514305,True
251440,2514404,True
251445,2514453,True
251450,2514503,True
251455,2514552,True
251460,2514602,True
251465,2514651,True
251470,2514701,True
251480,2514800,True
251490,2514909,True
251500,2515005,True
251510,2515104,True
251520,2515203,True
251530,2515302,True
251540,2515401,True
251550,2515500,True
251560,2515609,True
251570,2515708,True
251580,2515807,True
251590,2515906,True
251593,2515930,True
251597,2515971,True
251600,2516003,True
251610,2516102,True
251615,2516151,True
251620,2516201,True
251630,2516300,True
251640,2516409,True
251650,2516508,True
251660,2516607,True
251670,2516706,True
251675,2516755,True
251680,2516805,True
251690,2516904,True
251700,2517001,True
251710,2517100,True
251720,2517209,True
251740,2517407,True
260005,2600054,True
260010,2600104,True
260020,2600203,True
260030,2600302,True
260040,2600401,True
260050,2600500,True
260060,2600609,True
260070,2600708,True
260080,2600807,True
260090,2600906,True
260100,2601003,True
260105,2601052,True
260110,2601102,True
260120,2601201,True
260130,2601300,True
260140,2601409,True
260150,2601508,True
260160,2601607,True
260170,2601706,True
260180,2601805,True
260190,2601904,True
260200,2602001,True
260210,2602100,True
260220,2602209,True
260230,2602308,True
260240,2602407,True
260250,2602506,True
260260,2602605,True
260270,2602704,True
260280,2602803,True
260290,2602902,True
260300,2603009,True
260310,2603108,True
260320,2603207,True
260330,2603306,True
260340,2603405,True
260345,2603454,True
260350,2603504,True
260360,2603603,True
260370,2603702,True
260380,2603801,True
260390,2603900,True
260392,2603926,True
260400,2604007,True
260410,2604106,True
260415,2604155,True
260420,2604205,True
260430,2604304,True
260440,2604403,True
260450,2604502,True
260460,2604601,True
260470,2604700,True
260480,2604809,True
260490,2604908,True
260500,2605004,True
260510,2605103,True
260515,2605152,True
260520,2605202,True
260530,2605301,True
260540,2605400,True
260545,2605459,True
260550,2605509,True
260560,2605608,True
260570,2605707,True
260580,2605806,True
260590,2605905,True
260600,2606002,True
260610,2606101,True
260620,2606200,True
260630,2606309,True
260640,2606408,True
260650,2606507,True
260660,2606606,True
260670,2606705,True
260680,2606804,True
260690,2606903,True
260700,2607000,True
260710,2607109,True
260720,2607208,True
260730,2607307,True
260740,2607406,True
260750,2607505,True
260760,2607604,True
260765,2607653,True
260770,2607703,True
260775,2607752,True
260780,2607802,True
260790,2607901,True
260795,2607950,True
260800,2608008,True
260805,2608057,True
260810,2608107,True
260820,2608206,True
260825,2608255,True
260830,2608305,True
260840,2608404,True
260845,2608453,True
260850,2608503,True
260860,2608602,True
260870,2608701,True
260875,2608750,True
260880,2608800,True
260890,2608909,True
260900,2609006,True
260910,2609105,True
260915,2609154,True
260920,2609204,True
260930,2609303,True
260940,2609402,True
260950,2609501,True
260960,2609600,True
260970,2609709,True
260980,2609808,True
260990,2609907,True
261000,2610004,True
261010,2610103,True
261020,2610202,True
261030,2610301,True
261040,2610400,True
261050,2610509,True
261060,2610608,True
261070,2610707,True
261080,2610806,True
261090,2610905,True
261100,2611002,True
261110,2611101,True
261120,2611200,True
261130,2611309,True
261140,2611408,True
261150,2611507,True
261153,2611533,True
261160,2611606,True
261170,2611705,True
261180,2611804,True
261190,2611903,True
261200,2612000,True
261210,2612109,True
261220,2612208,True
261230,2612307,True
261240,2612406,True
261245,2612455,True
261247,2612471,True
261250,2612505,True
261255,2612554,True
261260,2612604,True
261270,2612703,True
261280,2612802,True
261290,2612901,True
261300,2613008,True
261310,2613107,True
261320,2613206,True
261330,2613305,True
261340,2613404,True
261350,2613503,True
261360,2613602,True
261370,2613701,True
261380,2613800,True
261390,2613909,True
261400,2614006,True
261410,2614105,True
261420,2614204,True
261430,2614303,True
261440,2614402,True
261450,2614501,True
261460,2614600,True
261470,2614709,True
261480,2614808,True
261485,2614857,True
261500,2615003,True
261510,2615102,True
261520,2615201,True
261530,2615300,True
261540,2615409,True
261550,2615508,True
261560,2615607,True
261570,2615706,True
261580,2615805,True
261590,2615904,True
261600,2616001,True
261610,2616100,True
261618,2616183,True
261620,2616209,True
261630,2616308,True
261640,2616407,True
261650,2616506,True
270010,2700102,True
270020,2700201,True
270030,2700300,True
270040,2700409,True
270050,2700508,True
270060,2700607,True
270070,2700706,True
270080,2700805,True
270090,2700904,True
270100,2701001,True
270110,2701100,True
270120,2701209,True
270130,2701308,True
270135,2701357,True
270140,2701407,True
270150,2701506,True
270160,2701605,True
270170,2701704,True
270180,2701803,True
270190,2701902,True
270200,2702009,True
270210,2702108,True
270220,2702207,True
270230,2702306,True
270235,2702355,True
270240,2702405,True
270250,2702504,True
270255,2702553,True
270260,2702603,True
270270,2702702,True
270280,2702801,True
270290,2702900,True
270300,2703007,True
270310,2703106,True
270320,2703205,True
270330,2703304,True
270340,2703403,True
270350,2703502,True
270360,2703601,True
270370,2703700,True
270375,2703759,True
270380,2703809,True
270390,2703908,True
270400,2704005,True
270410,2704104,True
270420,2704203,True
270430,2704302,True
270440,2704401,True
270450,2704500,True
270460,2704609,True
270470,2704708,True
270480,2704807,True
270490,2704906,True
270500,2705002,True
270510,2705101,True
270520,2705200,True
270530,2705309,True
270540,2705408,True
270550,2705507,True
270560,2705606,True
270570,2705705,True
270580,2705804,True
270590,2705903,True
270600,2706000,True
270610,2706109,True
270620,2706208,True
270630,2706307,True
270640,2706406,True
270642,2706422,True
270644,2706448,True
270650,2706505,True
270660,2706604,True
270670,2706703,True
270680,2706802,True
270690,2706901,True
270700,2707008,True
270710,2707107,True
270720,2707206,True
270730,2707305,True
270740,2707404,True
270750,2707503,True
270760,2707602,True
270770,2707701,True
270780,2707800,True
270790,2707909,True
270800,2708006,True
270810,2708105,True
270820,2708204,True
270830,2708303,True
270840,2708402,True
270850,2708501,True
270860,2708600,True
270870,2708709,True
270880,2708808,True
270890,2708907,True
270895,2708956,True
270900,2709004,True
270910,2709103,True
270915,2709152,True
270920,2709202,True
270930,2709301,True
270940,2709400,True
280010,2800100,True
280020,2800209,True
280030,2800308,True
280040,2800407,True
280050,2800506,True
280060,2800605,True
280067,2800670,True
280070,2800704,True
280100,2801009,True
280110,2801108,True
280120,2801207,True
280130,2801306,True
280140,2801405,True
280150,2801504,True
280160,2801603,True
280170,2801702,True
280190,2801900,True
280200,2802007,True
280210,2802106,True
280220,2802205,True
280230,2802304,True
280240,2802403,True
280250,2802502,True
280260,2802601,True
280270,2802700,True
280280,2802809,True
280290,2802908,True
280300,2803005,True
280310,2803104,True
280320,2803203,True
280330,2803302,True
280340,2803401,True
280350,2803500,True
280360,2803609,True
280370,2803708,True
280380,2803807,True
280390,2803906,True
280400,2804003,True
280410,2804102,True
280420,2804201,True
280430,2804300,True
280440,2804409,True
280445,2804458,True
280450,2804508,True
280460,2804607,True
280470,2804706,True
280480,2804805,True
280490,2804904,True
280500,2805000,True
280510,2805109,True
280520,2805208,True
280530,2805307,True
280540,2805406,True
280550,2805505,True
280560,2805604,True
280570,2805703,True
280580,2805802,True
280590,2805901,True
280600,2806008,True
280610,2806107,True
280620,2806206,True
280630,2806305,True
280640,2806404,True
280650,2806503,True
280660,2806602,True
280670,2806701,True
280680,2806800,True
280690,2806909,True
280700,2807006,True
280710,2807105,True
280720,2807204,True
280730,2807303,True
280740,2807402,True
280750,2807501,True
280760,2807600,True
290010,2900108,True
290020,2900207,True
290030,2900306,True
290035,2900355,True
290040,2900405,True
290050,2900504,True
290060,2900603,True
290070,2900702,True
290080,2900801,True
290090,2900900,True
290100,2901007,True
290110,2901106,True
290115,2901155,True
290120,2901205,True
290130,2901304,True
290135,2901353,True
290140,2901403,True
290150,2901502,True
290160,2901601,True
290170,2901700,True
290180,2901809,True
290190,2901908,True
290195,2901957,True
290200,2902005,True
290205,2902054,True
290210,2902104,True
290220,2902203,True
290225,2902252,True
290230,2902302,True
290240,2902401,True
290250,2902500,True
290260,2902609,True
290265,2902658,True
290270,2902708,True
290280,2902807,True
290290,2902906,True
290300,2903003,True
290310,2903102,True
290320,2903201,True
290323,2903235,True
290327,2903276,True
290330,2903300,True
290340,2903409,True
290350,2903508,True
290360,2903607,True
290370,2903706,True
290380,2903805,True
290390,2903904,True
290395,2903953,True
290400,2904001,True
290405,2904050,True
290410,2904100,True
290420,2904209,True
290430,2904308,True
290440,2904407,True
290450,2904506,True
290460,2904605,True
290470,2904704,True
290475,2904753,True
290480,2904803,True
290485,2904852,True
290490,2904902,True
290500,2905008,True
290510,2905107,True
290515,2905156,True
290520,2905206,True
290530,2905305,True
290540,2905404,True
290550,2905503,True
290560,2905602,True
290570,2905701,True
290580,2905800,True
290590,2905909,True
290600,2906006,True
290610,2906105,True
290620,2906204,True
290630,2906303,True
290640,2906402,True
290650,2906501,True
290660,2906600,True
290670,2906709,True
290680,2906808,True
290682,2906824,True
290685,2906857,True
290687,2906873,True
290689,2906899,True
290690,2906907,True
290700,2907004,True
290710,2907103,True
290720,2907202,True
290730,2907301,True
290740,2907400,True
290750,2907509,True
290755,2907558,True
290760,2907608,True
290770,2907707,True
290780,2907806,True
290790,2907905,True
290800,2908002,True
290810,2908101,True
290820,2908200,True
290830,2908309,True
290840,2908408,True
290850,2908507,True
290860,2908606,True
290870,2908705,True
290880,2908804,True
290890,2908903,True
290900,2909000,True
290910,2909109,True
290920,2909208,True
290930,2909307,True
290940,2909406,True
290950,2909505,True
290960,2909604,True
290970,2909703,True
290980,2909802,True
290990,2909901,True
291000,2910008,True
291005,2910057,True
291010,2910107,True
291020,2910206,True
291030,2910305,True
291040,2910404,True
291050,2910503,True
291060,2910602,True
291070,2910701,True
291072,2910727,True
291075,2910750,True
291077,2910776,True
291080,2910800,True
291085,2910859,True
291090,2910909,True
291100,2911006,True
291110,2911105,True
291120,2911204,True
291125,2911253,True
291130,2911303,True
291140,2911402,True
291150,2911501,True
291160,2911600,True
291165,2911659,True
291170,2911709,True
291180,2911808,True
291185,2911857,True
291190,2911907,True
291200,2912004,True
291210,2912103,True
291220,2912202,True
291230,2912301,True
291240,2912400,True
291250,2912509,True
291260,2912608,True
291270,2912707,True
291280,2912806,True
291290,2912905,True
291300,2913002,True
291310,2913101,True
291320,2913200,True
291330,2913309,True
291340,2913408,True
291345,2913457,True
291350,2913507,True
291360,2913606,True
291370,2913705,True
291380,2913804,True
291390,2913903,True
291400,2914000,True
291410,2914109,True
291420,2914208,True
291430,2914307,True
291440,2914406,True
291450,2914505,True
291460,2914604,True
291465,2914653,True
291470,2914703,True
291480,2914802,True
291490,2914901,True
291500,2915007,True
291510,2915106,True
291520,2915205,True
291530,2915304,True
291535,2915353,True
291540,2915403,True
291550,2915502,True
291560,2915601,True
291570,2915700,True
291580,2915809,True
291590,2915908,True
291600,2916005,True
291610,2916104,True
291620,2916203,True
291630,2916302,True
291640,2916401,True
291650,2916500,True
291660,2916609,True
291670,2916708,True
291680,2916807,True
291685,2916856,True
291690,2916906,True
291700,2917003,True
291710,2917102,True
291720,2917201,True
291730,2917300,True
291733,2917334,True
291735,2917359,True
291740,2917409,True
291750,2917508,True
291760,2917607,True
291770,2917706,True
291780,2917805,True
291790,2917904,True
291800,2918001,True
291810,2918100,True
291820,2918209,True
291830,2918308,True
291835,2918357,True
291840,2918407,True
291845,2918456,True
291850,2918506,True
291855,2918555,True
291860,2918605,True
291870,2918704,True
291875,2918753,True
291880,2918803,True
291890,2918902,True
291900,2919009,True
291905,2919058,True
291910,2919108,True
291915,2919157,True
291920,2919207,True
291930,2919306,True
291940,2919405,True
291950,2919504,True
291955,2919553,True
291960,2919603,True
291970,2919702,True
291980,2919801,True
291990,2919900,True
291992,2919926,True
291995,2919959,True
292000,2920007,True
292010,2920106,True
292020,2920205,True
292030,2920304,True
292040,2920403,True
292045,2920452,True
292050,2920502,True
292060,2920601,True
292070,2920700,True
292080,2920809,True
292090,2920908,True
292100,2921005,True
292105,2921054,True
292110,2921104,True
292120,2921203,True
292130,2921302,True
292140,2921401,True
292145,2921450,True
292150,2921500,True
292160,2921609,True
292170,2921708,True
292180,2921807,True
292190,2921906,True
292200,2922003,True
292205,2922052,True
292210,2922102,True
292220,2922201,True
292225,2922250,True
292230,2922300,True
292240,2922409,True
292250,2922508,True
292260,2922607,True
292265,2922656,True
292270,2922706,True
292273,2922730,True
292275,2922755,True
292280,2922805,True
292285,2922854,True
292290,2922904,True
292300,2923001,True
292303,2923035,True
292305,2923050,True
292310,2923100,True
292320,2923209,True
292330,2923308,True
292335,2923357,True
292340,2923407,True
292350,2923506,True
292360,2923605,True
292370,2923704,True
292380,2923803,True
292390,2923902,True
292400,2924009,True
292405,2924058,True
292410,2924108,True
292420,2924207,True
292430,2924306,True
292440,2924405,True
292450,2924504,True
292460,2924603,True
292465,2924652,True
292467,2924678,True
292470,2924702,True
292480,2924801,True
292490,2924900,True
292500,2925006,True
292510,2925105,True
292520,2925204,True
292525,2925253,True
292530,2925303,True
292540,2925402,True
292550,2925501,True
292560,2925600,True
292570,2925709,True
292575,2925758,True
292580,2925808,True
292590,2925907,True
292593,2925931,True
292595,2925956,True
292600,2926004,True
292610,2926103,True
292620,2926202,True
292630,2926301,True
292640,2926400,True
292650,2926509,True
292660,2926608,True
292665,2926657,True
292670,2926707,True
292680,2926806,True
292690,2926905,True
292700,2927002,True
292710,2927101,True
292720,2927200,True
292730,2927309,True
292740,2927408,True
292750,2927507,True
292760,2927606,True
292770,2927705,True
292780,2927804,True
292790,2927903,True
292800,2928000,True
292805,2928059,True
292810,2928109,True
292820,2928208,True
292830,2928307,True
292840,2928406,True
292850,2928505,True
292860,2928604,True
292870,2928703,True
292880,2928802,True
292890,2928901,True
292895,2928950,True
292900,2929008,True
292905,2929057,True
292910,2929107,True
292920,2929206,True
292925,2929255,True
292930,2929305,True
292935,2929354,True
292937,2929370,True
292940,2929404,True
292950,2929503,True
292960,2929602,True
292970,2929701,True
292975,2929750,True
292980,2929800,True
292990,2929909,True
293000,2930006,True
293010,2930105,True
293015,2930154,True
293020,2930204,True
293030,2930303,True
293040,2930402,True
293050,2930501,True
293060,2930600,True
293070,2930709,True
293075,2930758,True
293076,2930766,True
293077,2930774,True
293080,2930808,True
293090,2930907,True
293100,2931004,True
293105,2931053,True
293110,2931103,True
293120,2931202,True
293130,2931301,True
293135,2931350,True
293140,2931400,True
293150,2931509,True
293160,2931608,True
293170,2931707,True
293180,2931806,True
293190,2931905,True
293200,2932002,True
293210,2932101,True
293220,2932200,True
293230,2932309,True
293240,2932408,True
293245,2932457,True
293250,2932507,True
293260,2932606,True
293270,2932705,True
293280,2932804,True
293290,2932903,True
293300,2933000,True
293305,2933059,True
293310,2933109,True
293315,2933158,True
293317,2933174,True
293320,2933208,True
293325,2933257,True
293330,2933307,True
293340,2933406,True
293345,2933455,True
293350,2933505,True
293360,2933604,True
310010,3100104,True
310020,3100203,True
310030,3100302,True
310040,3100401,True
310050,3100500,True
310060,3100609,True
310070,3100708,True
310080,3100807,True
310090,3100906,True
310100,3101003,True
310110,3101102,True
310120,3101201,True
310130,3101300,True
310140,3101409,True
310150,3101508,True
310160,3101607,True
310163,3101631,True
310170,3101706,True
310180,3101805,True
310190,3101904,True
310200,3102001,True
310205,3102050,True
310210,3102100,True
310220,3102209,True
310230,3102308,True
310240,3102407,True
310250,3102506,True
310260,3102605,True
310270,3102704,True
310280,3102803,True
310285,3102852,True
310290,3102902,True
310300,3103009,True
310310,3103108,True
310320,3103207,True
310330,3103306,True
310340,3103405,True
310350,3103504,True
310360,3103603,True
310370,3103702,True
310375,3103751,True
310380,3103801,True
310390,3103900,True
310400,3104007,True
310410,3104106,True
310420,3104205,True
310430,3104304,True
310440,3104403,True
310445,3104452,True
310450,3104502,True
310460,3104601,True
310470,3104700,True
310480,3104809,True
310490,3104908,True
310500,3105004,True
310510,3105103,True
310520,3105202,True
310530,3105301,True
310540,3105400,True
310550,3105509,True
310560,3105608,True
310570,3105707,True
310590,3105905,True
310600,3106002,True
310610,3106101,True
310620,3106200,True
310630,3106309,True
310640,3106408,True
310650,3106507,True
310660,3106606,True
310665,3106655,True
310670,3106705,True
310680,3106804,True
310690,3106903,True
310700,3107000,True
310710,3107109,True
310720,3107208,True
310730,3107307,True
310740,3107406,True
310750,3107505,True
310760,3107604,True
310770,3107703,True
310780,3107802,True
310790,3107901,True
310800,3108008,True
310810,3108107,True
310820,3108206,True
310825,3108255,True
310830,3108305,True
310840,3108404,True
310850,3108503,True
310855,3108552,True
310860,3108602,True
310870,3108701,True
310880,3108800,True
310890,3108909,True
310900,3109006,True
310910,3109105,True
310920,3109204,True
310925,3109253,True
310930,3109303,True
310940,3109402,True
310945,3109451,True
310950,3109501,True
310960,3109600,True
310970,3109709,True
310980,3109808,True
310990,3109907,True
311000,3110004,True
311010,3110103,True
311020,3110202,True
311030,3110301,True
311040,3110400,True
311050,3110509,True
311060,3110608,True
311070,3110707,True
311080,3110806,True
311090,3110905,True
311100,3111002,True
311110,3111101,True
311115,3111150,True
311120,3111200,True
311130,3111309,True
311140,3111408,True
311150,3111507,True
311160,3111606,True
311170,3111705,True
311180,3111804,True
311190,3111903,True
311200,3112000,True
311205,3112059,True
311210,3112109,True
311220,3112208,True
311230,3112307,True
311240,3112406,True
311250,3112505,True
311260,3112604,True
311265,3112653,True
311270,3112703,True
311280,3112802,True
311290,3112901,True
311300,3113008,True
311310,3113107,True
311320,3113206,True
311330,3113305,True
311340,3113404,True
311350,3113503,True
311360,3113602,True
311370,3113701,True
311380,3113800,True
311390,3113909,True
311400,3114006,True
311410,3114105,True
311420,3114204,True
311430,3114303,True
311440,3114402,True
311450,3114501,True
311455,3114550,True
311460,3114600,True
311470,3114709,True
311480,3114808,True
311490,3114907,True
311500,3115003,True
311510,3115102,True
311520,3115201,True
311530,3115300,True
311535,3115359,True
311540,3115409,True
311545,3115458,True
311547,3115474,True
311550,3115508,True
311560,3115607,True
311570,3115706,True
311580,3115805,True
311590,3115904,True
311600,3116001,True
311610,3116100,True
311615,3116159,True
311620,3116209,True
311630,3116308,True
311640,3116407,True
311650,3116506,True
311660,3116605,True
311670,3116704,True
311680,3116803,True
311690,3116902,True
311700,3117009,True
311710,3117108,True
311720,3117207,True
311730,3117306,True
311740,3117405,True
311750,3117504,True
311760,3117603,True
311770,3117702,True
311780,3117801,True
311783,3117836,True
311787,3117876,True
311790,3117900,True
311800,3118007,True
311810,3118106,True
311820,3118205,True
311830,3118304,True
311840,3118403,True
311850,3118502,True
311860,3118601,True
311870,3118700,True
311880,3118809,True
311890,3118908,True
311900,3119005,True
311910,3119104,True
311920,3119203,True
311930,3119302,True
311940,3119401,True
311950,3119500,True
311960,3119609,True
311970,3119708,True
311980,3119807,True
311990,3119906,True
311995,3119955,True
312000,3120003,True
312010,3120102,True
312015,3120151,True
312020,3120201,True
312030,3120300,True
312040,3120409,True
312050,3120508,True
312060,3120607,True
312070,3120706,True
312080,3120805,True
312083,3120839,True
312087,3120870,True
312090,3120904,True
312100,3121001,True
312110,3121100,True
312120,3121209,True
312125,3121258,True
312130,3121308,True
312140,3121407,True
312150,3121506,True
312160,3121605,True
312170,3121704,True
312180,3121803,True
312190,3121902,True
312200,3122009,True
312210,3122108,True
312220,3122207,True
312230,3122306,True
312235,3122355,True
312240,3122405,True
312245,3122454,True
312247,3122470,True
312250,3122504,True
312260,3122603,True
312270,3122702,True
312280,3122801,True
312290,3122900,True
312300,3123007,True
312310,3123106,True
312320,3123205,True
312330,3123304,True
312340,3123403,True
312350,3123502,True
312352,3123528,True
312360,3123601,True
312370,3123700,True
312380,3123809,True
312385,3123858,True
312390,3123908,True
312400,3124005,True
312410,3124104,True
312420,3124203,True
312430,3124302,True
312440,3124401,True
312450,3124500,True
312460,3124609,True
312470,3124708,True
312480,3124807,True
312490,3124906,True
312500,3125002,True
312510,3125101,True
312520,3125200,True
312530,3125309,True
312540,3125408,True
312550,3125507,True
312560,3125606,True
312570,3125705,True
312580,3125804,True
312590,3125903,True
312595,3125952,True
312600,3126000,True
312610,3126109,True
312620,3126208,True
312630,3126307,True
312640,3126406,True
312650,3126505,True
312660,3126604,True
312670,3126703,True
312675,3126752,True
312680,3126802,True
312690,3126901,True
312695,3126950,True
312700,3127008,True
312705,3127057,True
312707,3127073,True
312710,3127107,True
312720,3127206,True
312730,3127305,True
312733,3127339,True
312735,3127354,True
312737,3127370,True
312738,3127388,True
312740,3127404,True
312750,3127503,True
312760,3127602,True
312770,3127701,True
312780,3127800,True
312790,3127909,True
312800,3128006,True
312810,3128105,True
312820,3128204,True
312825,3128253,True
312830,3128303,True
312840,3128402,True
312850,3128501,True
312860,3128600,True
312870,3128709,True
312880,3128808,True
312890,3128907,True
312900,3129004,True
312910,3129103,True
312920,3129202,True
312930,3129301,True
312940,3129400,True
312950,3129509,True
312960,3129608,True
312965,3129657,True
312970,3129707,True
312980,3129806,True
312990,3129905,True
313000,3130002,True
313005,3130051,True
313010,3130101,True
313020,3130200,True
313030,3130309,True
313040,3130408,True
313050,3130507,True
313055,3130556,True
313060,3130606,True
313065,3130655,True
313070,3130705,True
313080,3130804,True
313090,3130903,True
313100,3131000,True
313110,3131109,True
313115,3131158,True
313120,3131208,True
313130,3131307,True
313140,3131406,True
313150,3131505,True
313160,3131604,True
313170,3131703,True
313180,3131802,True
313190,3131901,True
313200,3132008,True
313210,3132107,True
313220,3132206,True
313230,3132305,True
313240,3132404,True
313250,3132503,True
313260,3132602,True
313270,3132701,True
313280,3132800,True
313290,3132909,True
313300,3133006,True
313310,3133105,True
313320,3133204,True
313330,3133303,True
313340,3133402,True
313350,3133501,True
313360,3133600,True
313370,3133709,True
313375,3133758,True
313380,3133808,True
313390,3133907,True
313400,3134004,True
313410,3134103,True
313420,3134202,True
313430,3134301,True
313440,3134400,True
313450,3134509,True
313460,3134608,True
313470,3134707,True
313480,3134806,True
313490,3134905,True
313500,3135001,True
313505,3135050,True
313507,3135076,True
313510,3135100,True
313520,3135209,True
313530,3135308,True
313535,3135357,True
313540,3135407,True
313545,3135456,True
313550,3135506,True
313560,3135605,True
313570,3135704,True
313580,3135803,True
313590,3135902,True
313600,3136009,True
313610,3136108,True
313620,3136207,True
313630,3136306,True
313640,3136405,True
313650,3136504,True
313652,3136520,True
313655,3136553,True
313657,3136579,True
313660,3136603,True
313665,3136652,True
313670,3136702,True
313680,3136801,True
313690,3136900,True
313695,3136959,True
313700,3137007,True
313710,3137106,True
313720,3137205,True
313730,3137304,True
313740,3137403,True
313750,3137502,True
313753,3137536,True
313760,3137601,True
313770,3137700,True
313780,3137809,True
313790,3137908,True
313800,3138005,True
313810,3138104,True
313820,3138203,True
313830,3138302,True
313835,3138351,True
313840,3138401,True
313850,3138500,True
313860,3138609,True
313862,3138625,True
313865,3138658,True
313867,3138674,True
313868,3138682,True
313870,3138708,True
313880,3138807,True
313890,3138906,True
313900,3139003,True
313910,3139102,True
313920,3139201,True
313925,3139250,True
313930,3139300,True
313940,3139409,True
313950,3139508,True
313960,3139607,True
313970,3139706,True
313980,3139805,True
313990,3139904,True
314000,3140001,True
314010,3140100,True
314015,3140159,True
314020,3140209,True
314030,3140308,True
314040,3140407,True
314050,3140506,True
314053,3140530,True
314055,3140555,True
314060,3140605,True
314070,3140704,True
314080,3140803,True
314085,3140852,True
314090,3140902,True
314100,3141009,True
314110,3141108,True
314120,3141207,True
314130,3141306,True
314140,3141405,True
314150,3141504,True
314160,3141603,True
314170,3141702,True
314180,3141801,True
314190,3141900,True
314200,3142007,True
314210,3142106,True
314220,3142205,True
314225,3142254,True
314230,3142304,True
314240,3142403,True
314250,3142502,True
314260,3142601,True
314270,3142700,True
314280,3142809,True
314290,3142908,True
314300,3143005,True
314310,3143104,True
314315,3143153,True
314320,3143203,True
314330,3143302,True
314340,3143401,True
314345,3143450,True
314350,3143500,True
314360,3143609,True
314370,3143708,True
314380,3143807,True
314390,3143906,True
314400,3144003,True
314410,3144102,True
314420,3144201,True
314430,3144300,True
314435,3144359,True
314437,3144375,True
314440,3144409,True
314450,3144508,True
314460,3144607,True
314465,3144656,True
314467,3144672,True
314470,3144706,True
314480,3144805,True
314490,3144904,True
314500,3145000,True
314505,3145059,True
314510,3145109,True
314520,3145208,True
314530,3145307,True
314535,3145356,True
314537,3145372,True
314540,3145406,True
314545,3145455,True
314550,3145505,True
314560,3145604,True
314570,3145703,True
314580,3145802,True
314585,3145851,True
314587,3145877,True
314590,3145901,True
314600,3146008,True
314610,3146107,True
314620,3146206,True
314625,3146255,True
314630,3146305,True
314640,3146404,True
314650,3146503,True
314655,3146552,True
314660,3146602,True
314670,3146701,True
314675,3146750,True
314690,3146909,True
314700,3147006,True
314710,3147105,True
314720,3147204,True
314730,3147303,True
314740,3147402,True
314750,3147501,True
314760,3147600,True
314770,3147709,True
314780,3147808,True
314790,3147907,True
314795,3147956,True
314800,3148004,True
314810,3148103,True
314820,3148202,True
314830,3148301,True
314840,3148400,True
314850,3148509,True
314860,3148608,True
314870,3148707,True
314875,3148756,True
314880,3148806,True
314890,3148905,True
314900,3149002,True
314910,3149101,True
314915,3149150,True
314920,3149200,True
314930,3149309,True
314940,3149408,True
314950,3149507,True
314960,3149606,True
314970,3149705,True
314980,3149804,True
314990,3149903,True
314995,3149952,True
315000,3150000,True
315010,3150109,True
315015,3150158,True
315020,3150208,True
315030,3150307,True
315040,3150406,True
315050,3150505,True
315053,3150539,True
315057,3150570,True
315060,3150604,True
315070,3150703,True
315080,3150802,True
315090,3150901,True
315100,3151008,True
315110,3151107,True
315120,3151206,True
315130,3151305,True
315140,3151404,True
315150,3151503,True
315160,3151602,True
315170,3151701,True
315180,3151800,True
315190,3151909,True
315200,3152006,True
315210,3152105,True
315213,3152131,True
315217,3152170,True
315220,3152204,True
315230,3152303,True
315240,3152402,True
315250,3152501,True
315260,3152600,True
315270,3152709,True
315280,3152808,True
315290,3152907,True
315300,3153004,True
315310,3153103,True
315320,3153202,True
315330,3153301,True
315340,3153400,True
315350,3153509,True
315360,3153608,True
315370,3153707,True
315380,3153806,True
315390,3153905,True
315400,3154002,True
315410,3154101,True
315415,3154150,True
315420,3154200,True
315430,3154309,True
315440,3154408,True
315445,3154457,True
315450,3154507,True
315460,3154606,True
315470,3154705,True
315480,3154804,True
315490,3154903,True
315500,3155009,True
315510,3155108,True
315520,3155207,True
315530,3155306,True
315540,3155405,True
315550,3155504,True
315560,3155603,True
315570,3155702,True
315580,3155801,True
315590,3155900,True
315600,3156007,True
315610,3156106,True
315620,3156205,True
315630,3156304,True
315640,3156403,True
315645,3156452,True
315650,3156502,True
315660,3156601,True
315670,3156700,True
315680,3156809,True
315690,3156908,True
315700,3157005,True
315710,3157104,True
315720,3157203,True
315725,3157252,True
315727,3157278,True
315730,3157302,True
315733,3157336,True
315737,3157377,True
315740,3157401,True
315750,3157500,True
315760,3157609,True
315765,3157658,True
315770,3157708,True
315780,3157807,True
315790,3157906,True
315800,3158003,True
315810,3158102,True
315820,3158201,True
315830,3158300,True
315840,3158409,True
315850,3158508,True
315860,3158607,True
315870,3158706,True
315880,3158805,True
315890,3158904,True
315895,3158953,True
315900,3159001,True
315910,3159100,True
315920,3159209,True
315930,3159308,True
315935,3159357,True
315940,3159407,True
315950,3159506,True
315960,3159605,True
315970,3159704,True
315980,3159803,True
315990,3159902,True
316000,3160009,True
316010,3160108,True
316020,3160207,True
316030,3160306,True
316040,3160405,True
316045,3160454,True
316050,3160504,True
316060,3160603,True
316070,3160702,True
316080,3160801,True
316090,3160900,True
316095,3160959,True
316100,3161007,True
316105,3161056,True
316110,3161106,True
316120,3161205,True
316130,3161304,True
316140,3161403,True
316150,3161502,True
316160,3161601,True
316165,3161650,True
316170,3161700,True
316180,3161809,True
316190,3161908,True
316200,3162005,True
316210,3162104,True
316220,3162203,True
316225,3162252,True
316230,3162302,True
316240,3162401,True
316245,3162450,True
316250,3162500,True
316255,3162559,True
316257,3162575,True
316260,3162609,True
316265,3162658,True
316270,3162708,True
316280,3162807,True
316290,3162906,True
316292,3162922,True
316294,3162948,True
316295,3162955,True
316300,3163003,True
316310,3163102,True
316320,3163201,True
316330,3163300,True
316340,3163409,True
316350,3163508,True
316360,3163607,True
316370,3163706,True
316380,3163805,True
316390,3163904,True
316400,3164001,True
316410,3164100,True
316420,3164209,True
316430,3164308,True
316440,3164407,True
316443,3164431,True
316447,3164472,True
316450,3164506,True
316460,3164605,True
316470,3164704,True
316480,3164803,True
316490,3164902,True
316500,3165008,True
316510,3165107,True
316520,3165206,True
316530,3165305,True
316540,3165404,True
316550,3165503,True
316553,3165537,True
316555,3165552,True
316556,3165560,True
316557,3165578,True
316560,3165602,True
316570,3165701,True
316580,3165800,True
316590,3165909,True
316600,3166006,True
316610,3166105,True
316620,3166204,True
316630,3166303,True
316640,3166402,True
316650,3166501,True
316660,3166600,True
316670,3166709,True
316680,3166808,True
316690,3166907,True
316695,3166956,True
316700,3167004,True
316710,3167103,True
316720,3167202,True
316730,3167301,True
316740,3167400,True
316750,3167509,True
316760,3167608,True
316770,3167707,True
316780,3167806,True
316790,3167905,True
316800,3168002,True
316805,3168051,True
316810,3168101,True
316820,3168200,True
316830,3168309,True
316840,3168408,True
316850,3168507,True
316860,3168606,True
316870,3168705,True
316880,3168804,True
316890,3168903,True
316900,3169000,True
316905,3169059,True
316910,3169109,True
316920,3169208,True
316930,3169307,True
316935,3169356,True
316940,3169406,True
316950,3169505,True
316960,3169604,True
316970,3169703,True
316980,3169802,True
316990,3169901,True
317000,3170008,True
317005,3170057,True
317010,3170107,True
317020,3170206,True
317030,3170305,True
317040,3170404,True
317043,3170438,True
317047,3170479,True
317050,3170503,True
317052,3170529,True
317057,3170578,True
317060,3170602,True
317065,3170651,True
317070,3170701,True
317075,3170750,True
317080,3170800,True
317090,3170909,True
317100,3171006,True
317103,3171030,True
317107,3171071,True
317110,3171105,True
317115,3171154,True
317120,3171204,True
317130,3171303,True
317140,3171402,True
317150,3171501,True
317160,3171600,True
317170,3171709,True
317180,3171808,True
317190,3171907,True
317200,3172004,True
317210,3172103,True
317220,3172202,True
320010,3200102,True
320013,3200136,True
320016,3200169,True
320020,3200201,True
320030,3200300,True
320035,3200359,True
320040,3200409,True
320050,3200508,True
320060,3200607,True
320070,3200706,True
320080,3200805,True
320090,3200904,True
320100,3201001,True
320110,3201100,True
320115,3201159,True
320120,3201209,True
320130,3201308,True
320140,3201407,True
320150,3201506,True
320160,3201605,True
320170,3201704,True
320180,3201803,True
320190,3201902,True
320200,3202009,True
320210,3202108,True
320220,3202207,True
320225,3202256,True
320230,3202306,True
320240,3202405,True
320245,3202454,True
320250,3202504,True
320255,3202553,True
320260,3202603,True
320265,3202652,True
320270,3202702,True
320280,3202801,True
320290,3202900,True
320300,3203007,True
320305,3203056,True
320310,3203106,True
320313,3203130,True
320316,3203163,True
320320,3203205,True
320330,3203304,True
320332,3203320,True
320334,3203346,True
320335,3203353,True
320340,3203403,True
320350,3203502,True
320360,3203601,True
320370,3203700,True
320380,3203809,True
320390,3203908,True
320400,3204005,True
320405,3204054,True
320410,3204104,True
320420,3204203,True
320425,3204252,True
320430,3204302,True
320435,3204351,True
320440,3204401,True
320450,3204500,True
320455,3204559,True
320460,3204609,True
320465,3204658,True
320470,3204708,True
320480,3204807,True
320490,3204906,True
320495,3204955,True
320500,3205002,True
320501,3205010,True
320503,3205036,True
320506,3205069,True
320510,3205101,True
320515,3205150,True
320517,3205176,True
320520,3205200,True
320530,3205309,True
330010,3300100,True
330015,3300159,True
330020,3300209,True
330022,3300225,True
330023,3300233,True
330025,3300258,True
330030,3300308,True
330040,3300407,True
330045,3300456,True
330050,3300506,True
330060,3300605,True
330070,3300704,True
330080,3300803,True
330090,3300902,True
330093,3300936,True
330095,3300951,True
330100,3301009,True
330110,3301108,True
330115,3301157,True
330120,3301207,True
330130,3301306,True
330140,3301405,True
330150,3301504,True
330160,3301603,True
330170,3301702,True
330180,3301801,True
330185,3301850,True
330187,3301876,True
330190,3301900,True
330200,3302007,True
330205,3302056,True
330210,3302106,True
330220,3302205,True
330225,3302254,True
330227,3302270,True
330230,3302304,True
330240,3302403,True
330245,3302452,True
330250,3302502,True
330260,3302601,True
330270,3302700,True
330280,3302809,True
330285,3302858,True
330290,3302908,True
330300,3303005,True
330310,3303104,True
330320,3303203,True
330330,3303302,True
330340,3303401,True
330350,3303500,True
330360,3303609,True
330370,3303708,True
330380,3303807,True
330385,3303856,True
330390,3303906,True
330395,3303955,True
330400,3304003,True
330410,3304102,True
330411,3304110,True
330412,3304128,True
330414,3304144,True
330415,3304151,True
330420,3304201,True
330430,3304300,True
330440,3304409,True
330450,3304508,True
330452,3304524,True
330455,3304557,True
330460,3304607,True
330470,3304706,True
330475,3304755,True
330480,3304805,True
330490,3304904,True
330500,3305000,True
330510,3305109,True
330513,3305133,True
330515,3305158,True
330520,3305208,True
330530,3305307,True
330540,3305406,True
330550,3305505,True
330555,3305554,True
330560,3305604,True
330570,3305703,True
330575,3305752,True
330580,3305802,True
330590,3305901,True
330600,3306008,True
330610,3306107,True
330615,3306156,True
330620,3306206,True
330630,3306305,True
350010,3500105,True
350020,3500204,True
350030,3500303,True
350040,3500402,True
350050,3500501,True
350055,3500550,True
350060,3500600,True
350070,3500709,True
350075,3500758,True
350080,3500808,True
350090,3500907,True
350100,3501004,True
350110,3501103,True
350115,3501152,True
350120,3501202,True
350130,3501301,True
350140,3501400,True
350150,3501509,True
350160,3501608,True
350170,3501707,True
350180,3501806,True
350190,3501905,True
350200,3502002,True
350210,3502101,True
350220,3502200,True
350230,3502309,True
350240,3502408,True
350250,3502507,True
350260,3502606,True
350270,3502705,True
350275,3502754,True
350280,3502804,True
350290,3502903,True
350300,3503000,True
350310,3503109,True
350315,3503158,True
350320,3503208,True
350330,3503307,True
350335,3503356,True
350340,3503406,True
350350,3503505,True
350360,3503604,True
350370,3503703,True
350380,3503802,True
350390,3503901,True
350395,3503950,True
350400,3504008,True
350410,3504107,True
350420,3504206,True
350430,3504305,True
350440,3504404,True
350450,3504503,True
350460,3504602,True
350470,3504701,True
350480,3504800,True
350490,3504909,True
350500,3505005,True
350510,3505104,True
350520,3505203,True
350530,3505302,True
350535,3505351,True
350540,3505401,True
350550,3505500,True
350560,3505609,True
350570,3505708,True
350580,3505807,True
350590,3505906,True
350600,3506003,True
350610,3506102,True
350620,3506201,True
350630,3506300,True
350635,3506359,True
350640,3506409,True
350650,3506508,True
350660,3506607,True
350670,3506706,True
350680,3506805,True
350690,3506904,True
350700,3507001,True
350710,3507100,True
350715,3507159,True
350720,3507209,True
350730,3507308,True
350740,3507407,True
350745,3507456,True
350750,3507506,True
350760,3507605,True
350770,3507704,True
350775,3507753,True
350780,3507803,True
350790,3507902,True
350800,3508009,True
350810,3508108,True
350820,3508207,True
350830,3508306,True
350840,3508405,True
350850,3508504,True
350860,3508603,True
350870,3508702,True
350880,3508801,True
350890,3508900,True
350900,3509007,True
350910,3509106,True
350920,3509205,True
350925,3509254,True
350930,3509304,True
350940,3509403,True
350945,3509452,True
350950,3509502,True
350960,3509601,True
350970,3509700,True
350980,3509809,True
350990,3509908,True
350995,3509957,True
351000,3510005,True
351010,3510104,True
351015,3510153,True
351020,3510203,True
351030,3510302,True
351040,3510401,True
351050,3510500,True
351060,3510609,True
351070,3510708,True
351080,3510807,True
351090,3510906,True
351100,3511003,True
351110,3511102,True
351120,3511201,True
351130,3511300,True
351140,3511409,True
351150,3511508,True
351160,3511607,True
351170,3511706,True
351190,3511904,True
351200,3512001,True
351210,3512100,True
351220,3512209,True
351230,3512308,True
351240,3512407,True
351250,3512506,True
351260,3512605,True
351270,3512704,True
351280,3512803,True
351290,3512902,True
351300,3513009,True
351310,3513108,True
351320,3513207,True
351330,3513306,True
351340,3513405,True
351350,3513504,True
351360,3513603,True
351370,3513702,True
351380,3513801,True
351385,3513850,True
351390,3513900,True
351400,3514007,True
351410,3514106,True
351420,3514205,True
351430,3514304,True
351440,3514403,True
351450,3514502,True
351460,3514601,True
351470,3514700,True
351480,3514809,True
351490,3514908,True
351492,3514924,True
351495,3514957,True
351500,3515004,True
351510,3515103,True
351512,3515129,True
351515,3515152,True
351518,3515186,True
351519,3515194,True
351520,3515202,True
351530,3515301,True
351535,3515350,True
351540,3515400,True
351550,3515509,True
351560,3515608,True
351565,3515657,True
351570,3515707,True
351580,3515806,True
351590,3515905,True
351600,3516002,True
351610,3516101,True
351620,3516200,True
351630,3516309,True
351640,3516408,True
351650,3516507,True
351660,3516606,True
351670,3516705,True
351680,3516804,True
351685,3516853,True
351690,3516903,True
351700,3517000,True
351710,3517109,True
351720,3517208,True
351730,3517307,True
351740,3517406,True
351750,3517505,True
351760,3517604,True
351770,3517703,True
351780,3517802,True
351790,3517901,True
351800,3518008,True
351810,3518107,True
351820,3518206,True
351830,3518305,True
351840,3518404,True
351850,3518503,True
351860,3518602,True
351870,3518701,True
351880,3518800,True
351885,3518859,True
351890,3518909,True
351900,3519006,True
351905,3519055,True
351907,3519071,True
351910,3519105,True
351920,3519204,True
351925,3519253,True
351930,3519303,True
351940,3519402,True
351950,3519501,True
351960,3519600,True
351970,3519709,True
351980,3519808,True
351990,3519907,True
352000,3520004,True
352010,3520103,True
352020,3520202,True
352030,3520301,True
352040,3520400,True
352042,3520426,True
352044,3520442,True
352050,3520509,True
352060,3520608,True
352070,3520707,True
352080,3520806,True
352090,3520905,True
352100,3521002,True
352110,3521101,True
352115,3521150,True
352120,3521200,True
352130,3521309,True
352140,3521408,True
352150,3521507,True
352160,3521606,True
352170,3521705,True
352180,3521804,True
352190,3521903,True
352200,3522000,True
352210,3522109,True
352215,3522158,True
352220,3522208,True
352230,3522307,True
352240,3522406,True
352250,3522505,True
352260,3522604,True
352265,3522653,True
352270,3522703,True
352280,3522802,True
352290,3522901,True
352300,3523008,True
352310,3523107,True
352320,3523206,True
352330,3523305,True
352340,3523404,True
352350,3523503,True
352360,3523602,True
352370,3523701,True
352380,3523800,True
352390,3523909,True
352400,3524006,True
352410,3524105,True
352420,3524204,True
352430,3524303,True
352440,3524402,True
352450,3524501,True
352460,3524600,True
352470,3524709,True
352480,3524808,True
352490,3524907,True
352500,3525003,True
352510,3525102,True
352520,3525201,True
352530,3525300,True
352540,3525409,True
352550,3525508,True
352560,3525607,True
352570,3525706,True
352580,3525805,True
352585,3525854,True
352590,3525904,True
352600,3526001,True
352610,3526100,True
352620,3526209,True
352630,3526308,True
352640,3526407,True
352650,3526506,True
352660,3526605,True
352670,3526704,True
352680,3526803,True
352690,3526902,True
352700,3527009,True
352710,3527108,True
352720,3527207,True
352725,3527256,True
352730,3527306,True
352740,3527405,True
352750,3527504,True
352760,3527603,True
352770,3527702,True
352780,3527801,True
352790,3527900,True
352800,3528007,True
352810,3528106,True
352820,3528205,True
352830,3528304,True
352840,3528403,True
352850,3528502,True
352860,3528601,True
352870,3528700,True
352880,3528809,True
352885,3528858,True
352890,3528908,True
352900,3529005,True
352910,3529104,True
352920,3529203,True
352930,3529302,True
352940,3529401,True
352950,3529500,True
352960,3529609,True
352965,3529658,True
352970,3529708,True
352980,3529807,True
352990,3529906,True
353000,3530003,True
353010,3530102,True
353020,3530201,True
353030,3530300,True
353040,3530409,True
353050,3530508,True
353060,3530607,True
353070,3530706,True
353080,3530805,True
353090,3530904,True
353100,3531001,True
353110,3531100,True
353120,3531209,True
353130,3531308,True
353140,3531407,True
353150,3531506,True
353160,3531605,True
353170,3531704,True
353180,3531803,True
353190,3531902,True
353200,3532009,True
353205,3532058,True
353210,3532108,True
353215,3532157,True
353220,3532207,True
353230,3532306,True
353240,3532405,True
353250,3532504,True
353260,3532603,True
353270,3532702,True
353280,3532801,True
353282,3532827,True
353284,3532843,True
353286,3532868,True
353290,3532900,True
353300,3533007,True
353310,3533106,True
353320,3533205,True
353325,3533254,True
353330,3533304,True
353340,3533403,True
353350,3533502,True
353360,3533601,True
353370,3533700,True
353380,3533809,True
353390,3533908,True
353400,3534005,True
353410,3534104,True
353420,3534203,True
353430,3534302,True
353440,3534401,True
353450,3534500,True
353460,3534609,True
353470,3534708,True
353475,3534757,True
353480,3534807,True
353490,3534906,True
353500,3535002,True
353510,3535101,True
353520,3535200,True
353530,3535309,True
353540,3535408,True
353550,3535507,True
353560,3535606,True
353570,3535705,True
353580,3535804,True
353590,3535903,True
353600,3536000,True
353610,3536109,True
353620,3536208,True
353625,3536257,True
353630,3536307,True
353640,3536406,True
353650,3536505,True
353657,3536570,True
353660,3536604,True
353670,3536703,True
353680,3536802,True
353690,3536901,True
353700,3537008,True
353710,3537107,True
353715,3537156,True
353720,3537206,True
353730,3537305,True
353740,3537404,True
353750,3537503,True
353760,3537602,True
353770,3537701,True
353780,3537800,True
353790,3537909,True
353800,3538006,True
353810,3538105,True
353820,3538204,True
353830,3538303,True
353850,3538501,True
353860,3538600,True
353870,3538709,True
353880,3538808,True
353890,3538907,True
353900,3539004,True
353910,3539103,True
353920,3539202,True
353930,3539301,True
353940,3539400,True
353950,3539509,True
353960,3539608,True
353970,3539707,True
353980,3539806,True
353990,3539905,True
354000,3540002,True
354010,3540101,True
354020,3540200,True
354025,3540259,True
354030,3540309,True
354040,3540408,True
354050,3540507,True
354060,3540606,True
354070,3540705,True
354075,3540754,True
354080,3540804,True
354085,3540853,True
354090,3540903,True
354100,3541000,True
354105,3541059,True
354110,3541109,True
354120,3541208,True
354130,3541307,True
354140,3541406,True
354150,3541505,True
354160,3541604,True
354165,3541653,True
354170,3541703,True
354180,3541802,True
354190,3541901,True
354200,3542008,True
354210,3542107,True
354220,3542206,True
354230,3542305,True
354240,3542404,True
354250,3542503,True
354260,3542602,True
354270,3542701,True
354280,3542800,True
354290,3542909,True
354300,3543006,True
354310,3543105,True
354320,3543204,True
354323,3543238,True
354325,3543253,True
354330,3543303,True
354340,3543402,True
354350,3543501,True
354360,3543600,True
354370,3543709,True
354380,3543808,True
354390,3543907,True
354400,3544004,True
354410,3544103,True
354420,3544202,True
354425,3544251,True
354430,3544301,True
354440,3544400,True
354450,3544509,True
354460,3544608,True
354470,3544707,True
354480,3544806,True
354490,3544905,True
354500,3545001,True
354510,3545100,True
354515,3545159,True
354520,3545209,True
354530,3545308,True
354540,3545407,True
354550,3545506,True
354560,3545605,True
354570,3545704,True
354580,3545803,True
354600,3546009,True
354610,3546108,True
354620,3546207,True
354625,3546256,True
354630,3546306,True
354640,3546405,True
354650,3546504,True
354660,3546603,True
354670,3546702,True
354680,3546801,True
354690,3546900,True
354700,3547007,True
354710,3547106,True
354720,3547205,True
354730,3547304,True
354740,3547403,True
354750,3547502,True
354760,3547601,True
354765,3547650,True
354770,3547700,True
354780,3547809,True
354790,3547908,True
354800,3548005,True
354805,3548054,True
354810,3548104,True
354820,3548203,True
354830,3548302,True
354840,3548401,True
354850,3548500,True
354860,3548609,True
354870,3548708,True
354880,3548807,True
354890,3548906,True
354900,3549003,True
354910,3549102,True
354920,3549201,True
354925,3549250,True
354930,3549300,True
354940,3549409,True
354950,3549508,True
354960,3549607,True
354970,3549706,True
354980,3549805,True
354990,3549904,True
354995,3549953,True
355000,3550001,True
355010,3550100,True
355020,3550209,True
355030,3550308,True
355040,3550407,True
355050,3550506,True
355060,3550605,True
355070,3550704,True
355080,3550803,True
355090,3550902,True
355100,3551009,True
355110,3551108,True
355120,3551207,True
355130,3551306,True
355140,3551405,True
355150,3551504,True
355160,3551603,True
355170,3551702,True
355180,3551801,True
355190,3551900,True
355200,3552007,True
355210,3552106,True
355220,3552205,True
355230,3552304,True
355240,3552403,True
355250,3552502,True
355255,3552551,True
355260,3552601,True
355270,3552700,True
355280,3552809,True
355290,3552908,True
355300,3553005,True
355310,3553104,True
355320,3553203,True
355330,3553302,True
355340,3553401,True
355350,3553500,True
355360,3553609,True
355365,3553658,True
355370,3553708,True
355380,3553807,True
355385,3553856,True
355390,3553906,True
355395,3553955,True
355400,3554003,True
355410,3554102,True
355420,3554201,True
355430,3554300,True
355440,3554409,True
355450,3554508,True
355460,3554607,True
355465,3554656,True
355470,3554706,True
355475,3554755,True
355480,3554805,True
355490,3554904,True
355495,3554953,True
355500,3555000,True
355510,3555109,True
355520,3555208,True
355530,3555307,True
355535,3555356,True
355540,3555406,True
355550,3555505,True
355560,3555604,True
355570,3555703,True
355580,3555802,True
355590,3555901,True
355600,3556008,True
355610,3556107,True
355620,3556206,True
355630,3556305,True
355635,3556354,True
355640,3556404,True
355645,3556453,True
355650,3556503,True
355660,3556602,True
355670,3556701,True
355680,3556800,True
355690,3556909,True
355695,3556958,True
355700,3557006,True
355710,3557105,True
355715,3557154,True
355720,3557204,True
355730,3557303,True
410010,4100103,True
410020,4100202,True
410030,4100301,True
410040,4100400,True
410045,4100459,True
410050,4100509,True
410060,4100608,True
410070,4100707,True
410080,4100806,True
410090,4100905,True
410100,4101002,True
410105,4101051,True
410110,4101101,True
410115,4101150,True
410120,4101200,True
410130,4101309,True
410140,4101408,True
410150,4101507,True
410160,4101606,True
410165,4101655,True
410170,4101705,True
410180,4101804,True
410185,4101853,True
410190,4101903,True
410200,4102000,True
410210,4102109,True
410220,4102208,True
410230,4102307,True
410240,4102406,True
410250,4102505,True
410260,4102604,True
410270,4102703,True
410275,4102752,True
410280,4102802,True
410290,4102901,True
410300,4103008,True
410302,4103024,True
410304,4103040,True
410305,4103057,True
410310,4103107,True
410315,4103156,True
410320,4103206,True
410322,4103222,True
410330,4103305,True
410335,4103354,True
410337,4103370,True
410340,4103404,True
410345,4103453,True
410347,4103479,True
410350,4103503,True
410360,4103602,True
410370,4103701,True
410380,4103800,True
410390,4103909,True
410395,4103958,True
410400,4104006,True
410405,4104055,True
410410,4104105,True
410420,4104204,True
410425,4104253,True
410430,4104303,True
410440,4104402,True
410442,4104428,True
410445,4104451,True
410450,4104501,True
410460,4104600,True
410465,4104659,True
410470,4104709,True
410480,4104808,True
410490,4104907,True
410500,4105003,True
410510,4105102,True
410520,4105201,True
410530,4105300,True
410540,4105409,True
410550,4105508,True
410560,4105607,True
410570,4105706,True
410580,4105805,True
410590,4105904,True
410600,4106001,True
410610,4106100,True
410620,4106209,True
410630,4106308,True
410640,4106407,True
410645,4106456,True
410650,4106506,True
410655,4106555,True
410657,4106571,True
410660,4106605,True
410670,4106704,True
410680,4106803,True
410685,4106852,True
410690,4106902,True
410700,4107009,True
410710,4107108,True
410712,4107124,True
410715,4107157,True
410720,4107207,True
410725,4107256,True
410730,4107306,True
410740,4107405,True
410750,4107504,True
410752,4107520,True
410753,4107538,True
410754,4107546,True
410755,4107553,True
410760,4107603,True
410765,4107652,True
410770,4107702,True
410773,4107736,True
410775,4107751,True
410780,4107801,True
410785,4107850,True
410790,4107900,True
410800,4108007,True
410810,4108106,True
410820,4108205,True
410830,4108304,True
410832,4108320,True
410840,4108403,True
410845,4108452,True
410850,4108502,True
410855,4108551,True
410860,4108601,True
410865,4108650,True
410870,4108700,True
410880,4108809,True
410890,4108908,True
410895,4108957,True
410900,4109005,True
410910,4109104,True
410920,4109203,True
410930,4109302,True
410940,4109401,True
410950,4109500,True
410960,4109609,True
410965,4109658,True
410970,4109708,True
410975,4109757,True
410980,4109807,True
410990,4109906,True
411000,4110003,True
411005,4110052,True
411007,4110078,True
411010,4110102,True
411020,4110201,True
411030,4110300,True
411040,4110409,True
411050,4110508,True
411060,4110607,True
411065,4110656,True
411070,4110706,True
411080,4110805,True
411090,4110904,True
411095,4110953,True
411100,4111001,True
411110,4111100,True
411120,4111209,True
411125,4111258,True
411130,4111308,True
411140,4111407,True
411150,4111506,True
411155,4111555,True
411160,4111605,True
411170,4111704,True
411180,4111803,True
411190,4111902,True
411200,4112009,True
411210,4112108,True
411220,4112207,True
411230,4112306,True
411240,4112405,True
411250,4112504,True
411260,4112603,True
411270,4112702,True
411275,4112751,True
411280,4112801,True
411290,4112900,True
411295,4112959,True
411300,4113007,True
411310,4113106,True
411320,4113205,True
411325,4113254,True
411330,4113304,True
411340,4113403,True
411342,4113429,True
411345,4113452,True
411350,4113502,True
411360,4113601,True
411370,4113700,True
411373,4113734,True
411375,4113759,True
411380,4113809,True
411390,4113908,True
411400,4114005,True
411410,4114104,True
411420,4114203,True
411430,4114302,True
411435,4114351,True
411440,4114401,True
411450,4114500,True
411460,4114609,True
411470,4114708,True
411480,4114807,True
411490,4114906,True
411500,4115002,True
411510,4115101,True
411520,4115200,True
411530,4115309,True
411535,4115358,True
411540,4115408,True
411545,4115457,True
411550,4115507,True
411560,4115606,True
411570,4115705,True
411573,4115739,True
411575,4115754,True
411580,4115804,True
411585,4115853,True
411590,4115903,True
411600,4116000,True
411605,4116059,True
411610,4116109,True
411620,4116208,True
411630,4116307,True
411640,4116406,True
411650,4116505,True
411660,4116604,True
411670,4116703,True
411680,4116802,True
411690,4116901,True
411695,4116950,True
411700,4117008,True
411705,4117057,True
411710,4117107,True
411720,4117206,True
411721,4117214,True
411722,4117222,True
411725,4117255,True
411727,4117271,True
411729,4117297,True
411730,4117305,True
411740,4117404,True
411745,4117453,True
411750,4117503,True
411760,4117602,True
411770,4117701,True
411780,4117800,True
411790,4117909,True
411800,4118006,True
411810,4118105,True
411820,4118204,True
411830,4118303,True
411840,4118402,True
411845,4118451,True
411850,4118501,True
411860,4118600,True
411870,4118709,True
411880,4118808,True
411885,4118857,True
411890,4118907,True
411900,4119004,True
411910,4119103,True
411915,4119152,True
411920,4119202,True
411925,4119251,True
411930,4119301,True
411940,4119400,True
411950,4119509,True
411960,4119608,True
411965,4119657,True
411970,4119707,True
411980,4119806,True
411990,4119905,True
411995,4119954,True
412000,4120002,True
412010,4120101,True
412015,4120150,True
412020,4120200,True
412030,4120309,True
412033,4120333,True
412035,4120358,True
412040,4120408,True
412050,4120507,True
412060,4120606,True
412065,4120655,True
412070,4120705,True
412080,4120804,True
412085,4120853,True
412090,4120903,True
412100,4121000,True
412110,4121109,True
412120,4121208,True
412125,4121257,True
412130,4121307,True
412135,4121356,True
412140,4121406,True
412150,4121505,True
412160,4121604,True
412170,4121703,True
412175,4121752,True
412180,4121802,True
412190,4121901,True
412200,4122008,True
412210,4122107,True
412215,4122156,True
412217,4122172,True
412220,4122206,True
412230,4122305,True
412240,4122404,True
412250,4122503,True
412260,4122602,True
412265,4122651,True
412270,4122701,True
412280,4122800,True
412290,4122909,True
412300,4123006,True
412310,4123105,True
412320,4123204,True
412330,4123303,True
412340,4123402,True
412350,4123501,True
412360,4123600,True
412370,4123709,True
412380,4123808,True
412382,4123824,True
412385,4123857,True
412390,4123907,True
412395,4123956,True
412400,4124004,True
412402,4124020,True
412405,4124053,True
412410,4124103,True
412420,4124202,True
412430,4124301,True
412440,4124400,True
412450,4124509,True
412460,4124608,True
412470,4124707,True
412480,4124806,True
412490,4124905,True
412500,4125001,True
412510,4125100,True
412520,4125209,True
412530,4125308,True
412535,4125357,True
412540,4125407,True
412545,4125456,True
412550,4125506,True
412555,4125555,True
412560,4125605,True
412570,4125704,True
412575,4125753,True
412580,4125803,True
412590,4125902,True
412600,4126009,True
412610,4126108,True
412620,4126207,True
412625,4126256,True
412627,4126272,True
412630,4126306,True
412635,4126355,True
412640,4126405,True
412650,4126504,True
412660,4126603,True
412665,4126652,True
412667,4126678,True
412670,4126702,True
412680,4126801,True
412690,4126900,True
412700,4127007,True
412710,4127106,True
412720,4127205,True
412730,4127304,True
412740,4127403,True
412750,4127502,True
412760,4127601,True
412770,4127700,True
412780,4127809,True
412785,4127858,True
412788,4127882,True
412790,4127908,True
412795,4127957,True
412796,4127965,True
412800,4128005,True
412810,4128104,True
412820,4128203,True
412830,4128302,True
412840,4128401,True
412850,4128500,True
412853,4128534,True
412855,4128559,True
412860,4128609,True
412862,4128625,True
412863,4128633,True
412865,4128658,True
412870,4128708,True
412880,4128807,True
420005,4200051,True
420010,4200101,True
420020,4200200,True
420030,4200309,True
420040,4200408,True
420050,4200507,True
420055,4200556,True
420060,4200606,True
420070,4200705,True
420075,4200754,True
420080,4200804,True
420090,4200903,True
420100,4201000,True
420110,4201109,True
420120,4201208,True
420125,4201257,True
420127,4201273,True
420130,4201307,True
420140,4201406,True
420150,4201505,True
420160,4201604,True
420165,4201653,True
420170,4201703,True
420180,4201802,True
420190,4201901,True
420195,4201950,True
420200,4202008,True
420205,4202057,True
420207,4202073,True
420208,4202081,True
420209,4202099,True
420210,4202107,True
420213,4202131,True
420215,4202156,True
420220,4202206,True
420230,4202305,True
420240,4202404,True
420243,4202438,True
420245,4202453,True
420250,4202503,True
420253,4202537,True
420257,4202578,True
420260,4202602,True
420270,4202701,True
420280,4202800,True
420285,4202859,True
420287,4202875,True
420290,4202909,True
420300,4203006,True
420310,4203105,True
420315,4203154,True
420320,4203204,True
420325,4203253,True
420330,4203303,True
420340,4203402,True
420350,4203501,True
420360,4203600,True
420370,4203709,True
420380,4203808,True
420390,4203907,True
420395,4203956,True
420400,4204004,True
420410,4204103,True
420415,4204152,True
420417,4204178,True
420419,4204194,True
420420,4204202,True
420425,4204251,True
420430,4204301,True
420435,4204350,True
420440,4204400,True
420445,4204459,True
420450,4204509,True
420455,4204558,True
420460,4204608,True
420470,4204707,True
420475,4204756,True
420480,4204806,True
420490,4204905,True
420500,4205001,True
420510,4205100,True
420515,4205159,True
420517,4205175,True
420519,4205191,True
420520,4205209,True
420530,4205308,True
420535,4205357,True
420540,4205407,True
420543,4205431,True
420545,4205456,True
420550,4205506,True
420555,4205555,True
420560,4205605,True
420570,4205704,True
420580,4205803,True
420590,4205902,True
420600,4206009,True
420610,4206108,True
420620,4206207,True
420630,4206306,True
420640,4206405,True
420650,4206504,True
420660,4206603,True
420665,4206652,True
420670,4206702,True
420675,4206751,True
420680,4206801,True
420690,4206900,True
420700,4207007,True
420710,4207106,True
420720,4207205,True
420730,4207304,True
420740,4207403,True
420750,4207502,True
420757,4207577,True
420760,4207601,True
420765,4207650,True
420768,4207684,True
420770,4207700,True
420775,4207759,True
420780,4207809,True
420785,4207858,True
420790,4207908,True
420800,4208005,True
420810,4208104,True
420820,4208203,True
420830,4208302,True
420840,4208401,True
420845,4208450,True
420850,4208500,True
420860,4208609,True
420870,4208708,True
420880,4208807,True
420890,4208906,True
420895,4208955,True
420900,4209003,True
420910,4209102,True
420915,4209151,True
420917,4209177,True
420920,4209201,True
420930,4209300,True
420940,4209409,True
420945,4209458,True
420950,4209508,True
420960,4209607,True
420970,4209706,True
420980,4209805,True
420985,4209854,True
420990,4209904,True
421000,4210001,True
421003,4210035,True
421005,4210050,True
421010,4210100,True
421020,4210209,True
421030,4210308,True
421040,4210407,True
421050,4210506,True
421055,4210555,True
421060,4210605,True
421070,4210704,True
421080,4210803,True
421085,4210852,True
421090,4210902,True
421100,4211009,True
421105,4211058,True
421110,4211108,True
421120,4211207,True
421125,4211256,True
421130,4211306,True
421140,4211405,True
421145,4211454,True
421150,4211504,True
421160,4211603,True
421165,4211652,True
421170,4211702,True
421175,4211751,True
421180,4211801,True
421185,4211850,True
421187,4211876,True
421189,4211892,True
421190,4211900,True
421200,4212007,True
421205,4212056,True
421210,4212106,True
421220,4212205,True
421223,4212239,True
421225,4212254,True
421227,4212270,True
421230,4212304,True
421240,4212403,True
421250,4212502,True
421260,4212601,True
421265,4212650,True
421270,4212700,True
421280,4212809,True
421290,4212908,True
421300,4213005,True
421310,4213104,True
421315,4213153,True
421320,4213203,True
421330,4213302,True
421335,4213351,True
421340,4213401,True
421350,4213500,True
421360,4213609,True
421370,4213708,True
421380,4213807,True
421390,4213906,True
421400,4214003,True
421410,4214102,True
421415,4214151,True
421420,4214201,True
421430,4214300,True
421440,4214409,True
421450,4214508,True
421460,4214607,True
421470,4214706,True
421480,4214805,True
421490,4214904,True
421500,4215000,True
421505,4215059,True
421507,4215075,True
421510,4215109,True
421520,4215208,True
421530,4215307,True
421535,4215356,True
421540,4215406,True
421545,4215455,True
421550,4215505,True
421555,4215554,True
421560,4215604,True
421565,4215653,True
421567,4215679,True
421568,4215687,True
421569,4215695,True
421570,4215703,True
421575,4215752,True
421580,4215802,True
421590,4215901,True
421600,4216008,True
421605,4216057,True
421610,4216107,True
421620,4216206,True
421625,4216255,True
421630,4216305,True
421635,4216354,True
421640,4216404,True
421650,4216503,True
421660,4216602,True
421670,4216701,True
421680,4216800,True
421690,4216909,True
421700,4217006,True
421710,4217105,True
421715,4217154,True
421720,4217204,True
421725,4217253,True
421730,4217303,True
421740,4217402,True
421750,4217501,True
421755,4217550,True
421760,4217600,True
421770,4217709,True
421775,4217758,True
421780,4217808,True
421790,4217907,True
421795,4217956,True
421800,4218004,True
421810,4218103,True
421820,4218202,True
421825,4218251,True
421830,4218301,True
421835,4218350,True
421840,4218400,True
421850,4218509,True
421860,4218608,True
421870,4218707,True
421875,4218756,True
421880,4218806,True
421885,4218855,True
421890,4218905,True
421895,4218954,True
421900,4219002,True
421910,4219101,True
421915,4219150,True
421917,4219176,True
421920,4219200,True
421930,4219309,True
421935,4219358,True
421940,4219408,True
421950,4219507,True
421960,4219606,True
421970,4219705,True
421985,4219853,True
422000,4220000,True
430003,4300034,True
430005,4300059,True
430010,4300109,True
430020,4300208,True
430030,4300307,True
430040,4300406,True
430045,4300455,True
430047,4300471,True
430050,4300505,True
430055,4300554,True
430057,4300570,True
430060,4300604,True
430063,4300638,True
430064,4300646,True
430066,4300661,True
430070,4300703,True
430080,4300802,True
430085,4300851,True
430087,4300877,True
430090,4300901,True
430100,4301008,True
430105,4301057,True
430107,4301073,True
430110,4301107,True
430120,4301206,True
430130,4301305,True
430140,4301404,True
430150,4301503,True
430155,4301552,True
430160,4301602,True
430163,4301636,True
430165,4301651,True
430170,4301701,True
430175,4301750,True
430180,4301800,True
430185,4301859,True
430187,4301875,True
430190,4301909,True
430192,4301925,True
430195,4301958,True
430200,4302006,True
430205,4302055,True
430210,4302105,True
430215,4302154,True
430220,4302204,True
430222,4302220,True
430223,4302238,True
430225,4302253,True
430230,4302303,True
430235,4302352,True
430237,4302378,True
430240,4302402,True
430245,4302451,True
430250,4302501,True
430258,4302584,True
430260,4302600,True
430265,4302659,True
430270,4302709,True
430280,4302808,True
430290,4302907,True
430300,4303004,True
430310,4303103,True
430320,4303202,True
430330,4303301,True
430340,4303400,True
430350,4303509,True
430355,4303558,True
430360,4303608,True
430367,4303673,True
430370,4303707,True
430380,4303806,True
430390,4303905,True
430400,4304002,True
430410,4304101,True
430420,4304200,True
430430,4304309,True
430435,4304358,True
430440,4304408,True
430450,4304507,True
430460,4304606,True
430461,4304614,True
430462,4304622,True
430463,4304630,True
430465,4304655,True
430466,4304663,True
430467,4304671,True
430468,4304689,True
430469,4304697,True
430470,4304705,True
430471,4304713,True
430480,4304804,True
430485,4304853,True
430490,4304903,True
430495,4304952,True
430500,4305009,True
430510,4305108,True
430511,4305116,True
430512,4305124,True
430513,4305132,True
430515,4305157,True
430517,4305173,True
430520,4305207,True
430530,4305306,True
430535,4305355,True
430537,4305371,True
430540,4305405,True
430543,4305439,True
430544,4305447,True
430545,4305454,True
430550,4305504,True
430558,4305587,True
430560,4305603,True
430570,4305702,True
430580,4305801,True
430583,4305835,True
430585,4305850,True
430587,4305871,True
430590,4305900,True
430593,4305934,True
430595,4305959,True
430597,4305975,True
430600,4306007,True
430605,4306056,True
430607,4306072,True
430610,4306106,True
430613,4306130,True
430620,4306205,True
430630,4306304,True
430632,4306320,True
430635,4306353,True
430637,4306379,True
430640,4306403,True
430642,4306429,True
430645,4306452,True
430650,4306502,True
430655,4306551,True
430660,4306601,True
430670,4306700,True
430673,4306734,True
430675,4306759,True
430676,4306767,True
430680,4306809,True
430690,4306908,True
430692,4306924,True
430693,4306932,True
430695,4306957,True
430697,4306973,True
430700,4307005,True
430705,4307054,True
430710,4307104,True
430720,4307203,True
430730,4307302,True
430740,4307401,True
430745,4307450,True
430750,4307500,True
430755,4307559,True
430760,4307609,True
430770,4307708,True
430780,4307807,True
430781,4307815,True
430783,4307831,True
430786,4307864,True
430790,4307906,True
430800,4308003,True
430805,4308052,True
430807,4308078,True
430810,4308102,True
430820,4308201,True
430825,4308250,True
430830,4308300,True
430840,4308409,True
430843,4308433,True
430845,4308458,True
430850,4308508,True
430860,4308607,True
430865,4308656,True
430870,4308706,True
430880,4308805,True
430885,4308854,True
430890,4308904,True
430900,4309001,True
430905,4309050,True
430910,4309100,True
430912,4309126,True
430915,4309159,True
430920,4309209,True
430925,4309258,True
430930,4309308,True
430940,4309407,True
430950,4309506,True
430955,4309555,True
430957,4309571,True
430960,4309605,True
430965,4309654,True
430970,4309704,True
430975,4309753,True
430980,4309803,True
430990,4309902,True
430995,4309951,True
431000,4310009,True
431010,4310108,True
431020,4310207,True
431030,4310306,True
431033,4310330,True
431036,4310363,True
431040,4310405,True
431041,4310413,True
431043,4310439,True
431046,4310462,True
431050,4310504,True
431053,4310538,True
431055,4310553,True
431057,4310579,True
431060,4310603,True
431065,4310652,True
431070,4310702,True
431075,4310751,True
431080,4310801,True
431085,4310850,True
431087,4310876,True
431090,4310900,True
431100,4311007,True
431110,4311106,True
431112,4311122,True
431113,4311130,True
431115,4311155,True
431120,4311205,True
431123,4311239,True
431125,4311254,True
431127,4311270,True
431130,4311304,True
431140,4311403,True
431142,4311429,True
431150,4311502,True
431160,4311601,True
431162,4311627,True
431164,4311643,True
431170,4311700,True
431171,4311718,True
431173,4311734,True
431175,4311759,True
431177,4311775,True
431179,4311791,True
431180,4311809,True
431190,4311908,True
431198,4311981,True
431200,4312005,True
431205,4312054,True
431210,4312104,True
431213,4312138,True
431215,4312153,True
431217,4312179,True
431220,4312203,True
431225,4312252,True
431230,4312302,True
431235,4312351,True
431237,4312377,True
431238,4312385,True
431240,4312401,True
431242,4312427,True
431244,4312443,True
431245,4312450,True
431247,4312476,True
431250,4312500,True
431260,4312609,True
431261,4312617,True
431262,4312625,True
431265,4312658,True
431267,4312674,True
431270,4312708,True
431275,4312757,True
431280,4312807,True
431290,4312906,True
431295,4312955,True
431300,4313003,True
431301,4313011,True
431303,4313037,True
431306,4313060,True
431308,4313086,True
431310,4313102,True
431320,4313201,True
431330,4313300,True
431333,4313334,True
431335,4313359,True
431337,4313375,True
431339,4313391,True
431340,4313409,True
431342,4313425,True
431344,4313441,True
431346,4313466,True
431349,4313490,True
431350,4313508,True
431360,4313607,True
431365,4313656,True
431370,4313706,True
431380,4313805,True
431390,4313904,True
431395,4313953,True
431400,4314001,True
431402,4314027,True
431403,4314035,True
431405,4314050,True
431406,4314068,True
431407,4314076,True
431410,4314100,True
431413,4314134,True
431415,4314159,True
431417,4314175,True
431420,4314209,True
431430,4314308,True
431440,4314407,True
431442,4314423,True
431445,4314456,True
431446,4314464,True
431447,4314472,True
431449,4314498,True
431450,4314506,True
431454,4314548,True
431455,4314555,True
431460,4314605,True
431470,4314704,True
431475,4314753,True
431477,4314779,True
431478,4314787,True
431480,4314803,True
431490,4314902,True
431500,4315008,True
431505,4315057,True
431507,4315073,True
431510,4315107,True
431513,4315131,True
431514,4315149,True
431515,4315156,True
431517,4315172,True
431520,4315206,True
431530,4315305,True
431531,4315313,True
431532,4315321,True
431535,4315354,True
431540,4315404,True
431545,4315453,True
431550,4315503,True
431555,4315552,True
431560,4315602,True
431570,4315701,True
431575,4315750,True
431580,4315800,True
431590,4315909,True
431595,4315958,True
431600,4316006,True
431610,4316105,True
431620,4316204,True
431630,4316303,True
431640,4316402,True
431642,4316428,True
431643,4316436,True
431645,4316451,True
431647,4316477,True
431650,4316501,True
431660,4316600,True
431670,4316709,True
431673,4316733,True
431675,4316758,True
431680,4316808,True
431690,4316907,True
431695,4316956,True
431697,4316972,True
431700,4317004,True
431710,4317103,True
431720,4317202,True
431725,4317251,True
431730,4317301,True
431740,4317400,True
431750,4317509,True
431755,4317558,True
431760,4317608,True
431770,4317707,True
431775,4317756,True
431780,4317806,True
431790,4317905,True
431795,4317954,True
431800,4318002,True
431805,4318051,True
431810,4318101,True
431820,4318200,True
431830,4318309,True
431840,4318408,True
431842,4318424,True
431843,4318432,True
431844,4318440,True
431845,4318457,True
431846,4318465,True
431848,4318481,True
431849,4318499,True
431850,4318507,True
431860,4318606,True
431861,4318614,True
431862,4318622,True
431870,4318705,True
431880,4318804,True
431890,4318903,True
431900,4319000,True
431910,4319109,True
431912,4319125,True
431915,4319158,True
431920,4319208,True
431930,4319307,True
431935,4319356,True
431936,4319364,True
431937,4319372,True
431940,4319406,True
431950,4319505,True
431960,4319604,True
431970,4319703,True
431971,4319711,True
431973,4319737,True
431975,4319752,True
431980,4319802,True
431990,4319901,True
432000,4320008,True
432010,4320107,True
432020,4320206,True
432023,4320230,True
432026,4320263,True
432030,4320305,True
432032,4320321,True
432035,4320354,True
432040,4320404,True
432045,4320453,True
432050,4320503,True
432055,4320552,True
432057,4320578,True
432060,4320602,True
432065,4320651,True
432067,4320677,True
432070,4320701,True
432080,4320800,True
432085,4320859,True
432090,4320909,True
432100,4321006,True
432110,4321105,True
432120,4321204,True
432130,4321303,True
432132,4321329,True
432135,4321352,True
432140,4321402,True
432143,4321436,True
432145,4321451,True
432146,4321469,True
432147,4321477,True
432149,4321493,True
432150,4321501,True
432160,4321600,True
432162,4321626,True
432163,4321634,True
432166,4321667,True
432170,4321709,True
432180,4321808,True
432183,4321832,True
432185,4321857,True
432190,4321907,True
432195,4321956,True
432200,4322004,True
432210,4322103,True
432215,4322152,True
432218,4322186,True
432220,4322202,True
432225,4322251,True
432230,4322301,True
432232,4322327,True
432234,4322343,True
432235,4322350,True
432237,4322376,True
432240,4322400,True
432250,4322509,True
432252,4322525,True
432253,4322533,True
432254,4322541,True
432255,4322558,True
432260,4322608,True
432270,4322707,True
432280,4322806,True
432285,4322855,True
432290,4322905,True
432300,4323002,True
432310,4323101,True
432320,4323200,True
432330,4323309,True
432335,4323358,True
432340,4323408,True
432345,4323457,True
432350,4323507,True
432360,4323606,True
432370,4323705,True
432375,4323754,True
432377,4323770,True
432380,4323804,True
500020,5000203,True
500025,5000252,True
500060,5000609,True
500070,5000708,True
500080,5000807,True
500085,5000856,True
500090,5000906,True
500100,5001003,True
500110,5001102,True
500124,5001243,True
500150,5001508,True
500190,5001904,True
500200,5002001,True
500210,5002100,True
500215,5002159,True
500220,5002209,True
500230,5002308,True
500240,5002407,True
500260,5002605,True
500270,5002704,True
500280,5002803,True
500290,5002902,True
500295,5002951,True
500310,5003108,True
500315,5003157,True
500320,5003207,True
500325,5003256,True
500330,5003306,True
500345,5003454,True
500348,5003488,True
500350,5003504,True
500370,5003702,True
500375,5003751,True
500380,5003801,True
500390,5003900,True
500400,5004007,True
500410,5004106,True
500430,5004304,True
500440,5004403,True
500450,5004502,True
500460,5004601,True
500470,5004700,True
500480,5004809,True
500490,5004908,True
500500,5005004,True
500510,5005103,True
500515,5005152,True
500520,5005202,True
500525,5005251,True
500540,5005400,True
500560,5005608,True
500568,5005681,True
500570,5005707,True
500580,5005806,True
500600,5006002,True
500620,5006200,True
500625,5006259,True
500627,5006275,True
500630,5006309,True
500635,5006358,True
500640,5006408,True
500660,5006606,True
500690,5006903,True
500710,5007109,True
500720,5007208,True
500730,5007307,True
500740,5007406,True
500750,5007505,True
500755,5007554,True
500769,5007695,True
500770,5007703,True
500780,5007802,True
500790,5007901,True
500793,5007935,True
500795,5007950,True
500797,5007976,True
500800,5008008,True
500830,5008305,True
500840,5008404,True
510010,5100102,True
510020,5100201,True
510025,5100250,True
510030,5100300,True
510035,5100359,True
510040,5100409,True
510050,5100508,True
510060,5100607,True
510080,5100805,True
510100,5101001,True
510120,5101209,True
510125,5101258,True
510130,5101308,True
510140,5101407,True
510160,5101605,True
510170,5101704,True
510180,5101803,True
510183,5101837,True
510185,5101852,True
510190,5101902,True
510250,5102504,True
510260,5102603,True
510263,5102637,True
510267,5102678,True
510268,5102686,True
510269,5102694,True
510270,5102702,True
510279,5102793,True
510285,5102850,True
510300,5103007,True
510305,5103056,True
510310,5103106,True
510320,5103205,True
510325,5103254,True
510330,5103304,True
510335,5103353,True
510336,5103361,True
510337,5103379,True
510340,5103403,True
510343,5103437,True
510345,5103452,True
510350,5103502,True
510360,5103601,True
510370,5103700,True
510380,5103809,True
510385,5103858,True
510390,5103908,True
510395,5103957,True
510410,5104104,True
510420,5104203,True
510450,5104500,True
510452,5104526,True
510454,5104542,True
510455,5104559,True
510460,5104609,True
510480,5104807,True
510490,5104906,True
510500,5105002,True
510510,5105101,True
510515,5105150,True
510517,5105176,True
510520,5105200,True
510523,5105234,True
510525,5105259,True
510530,5105309,True
510550,5105507,True
510558,5105580,True
510560,5105606,True
510562,5105622,True
510590,5105903,True
510600,5106000,True
510610,5106109,True
510615,5106158,True
510617,5106174,True
510618,5106182,True
510619,5106190,True
510620,5106208,True
510621,5106216,True
510622,5106224,True
510623,5106232,True
510624,5106240,True
510625,5106257,True
510626,5106265,True
510627,5106273,True
510628,5106281,True
510629,5106299,True
510630,5106307,True
510631,5106315,True
510637,5106372,True
510642,5106422,True
510645,5106455,True
510650,5106505,True
510665,5106653,True
510670,5106703,True
510675,5106752,True
510677,5106778,True
510680,5106802,True
510682,5106828,True
510685,5106851,True
510700,5107008,True
510704,5107040,True
510706,5107065,True
510710,5107107,True
510715,5107156,True
510718,5107180,True
510719,5107198,True
510720,5107206,True
510724,5107248,True
510726,5107263,True
510729,5107297,True
510730,5107305,True
510735,5107354,True
510740,5107404,True
510757,5107578,True
510760,5107602,True
510770,5107701,True
510774,5107743,True
510775,5107750,True
510776,5107768,True
510777,5107776,True
510779,5107792,True
510780,5107800,True
510785,5107859,True
510787,5107875,True
510788,5107883,True
510790,5107909,True
510792,5107925,True
510794,5107941,True
510795,5107958,True
510800,5108006,True
510805,5108055,True
510810,5108105,True
510820,5108204,True
510830,5108303,True
510835,5108352,True
510840,5108402,True
510850,5108501,True
510860,5108600,True
510880,5108808,True
510885,5108857,True
510890,5108907,True
510895,5108956,True
520005,5200050,True
520010,5200100,True
520013,5200134,True
520015,5200159,True
520017,5200175,True
520020,5200209,True
520025,5200258,True
520030,5200308,True
520050,5200506,True
520055,5200555,True
520060,5200605,True
520080,5200803,True
520082,5200829,True
520085,5200852,True
520090,5200902,True
520110,5201108,True
520120,5201207,True
520130,5201306,True
520140,5201405,True
520145,5201454,True
520150,5201504,True
520160,5201603,True
520170,5201702,True
520180,5201801,True
520215,5202155,True
520235,5202353,True
520250,5202502,True
520260,5202601,True
520280,5202809,True
520310,5203104,True
520320,5203203,True
520330,5203302,True
520340,5203401,True
520350,5203500,True
520355,5203559,True
520357,5203575,True
520360,5203609,True
520380,5203807,True
520390,5203906,True
520393,5203939,True
520396,5203962,True
520400,5204003,True
520410,5204102,True
520420,5204201,True
520425,5204250,True
520430,5204300,True
520440,5204409,True
520450,5204508,True
520455,5204557,True
520460,5204607,True
520465,5204656,True
520470,5204706,True
520480,5204805,True
520485,5204854,True
520490,5204904,True
520495,5204953,True
520500,5205000,True
520505,5205059,True
520510,5205109,True
520520,5205208,True
520530,5205307,True
520540,5205406,True
520545,5205455,True
520547,5205471,True
520549,5205497,True
520551,5205513,True
520552,5205521,True
520570,5205703,True
520580,5205802,True
520590,5205901,True
520620,5206206,True
520630,5206305,True
520640,5206404,True
520650,5206503,True
520660,5206602,True
520670,5206701,True
520680,5206800,True
520690,5206909,True
520710,5207105,True
520725,5207253,True
520735,5207352,True
520740,5207402,True
520750,5207501,True
520753,5207535,True
520760,5207600,True
520780,5207808,True
520790,5207907,True
520800,5208004,True
520810,5208103,True
520815,5208152,True
520830,5208301,True
520840,5208400,True
520850,5208509,True
520860,5208608,True
520870,5208707,True
520880,5208806,True
520890,5208905,True
520910,5209101,True
520915,5209150,True
520920,5209200,True
520929,5209291,True
520940,5209408,True
520945,5209457,True
520960,5209606,True
520970,5209705,True
520980,5209804,True
520990,5209903,True
520993,5209937,True
520995,5209952,True
521000,5210000,True
521010,5210109,True
521015,5210158,True
521020,5210208,True
521030,5210307,True
521040,5210406,True
521056,5210562,True
521060,5210604,True
521080,5210802,True
521090,5210901,True
521100,5211008,True
521120,5211206,True
521130,5211305,True
521140,5211404,True
521150,5211503,True
521160,5211602,True
521170,5211701,True
521180,5211800,True
521190,5211909,True
521200,5212006,True
521205,5212055,True
521210,5212105,True
521220,5212204,True
521225,5212253,True
521230,5212303,True
521250,5212501,True
521260,5212600,True
521270,5212709,True
521280,5212808,True
521290,5212907,True
521295,5212956,True
521300,5213004,True
521305,5213053,True
521308,5213087,True
521310,5213103,True
521340,5213400,True
521350,5213509,True
521370,5213707,True
521375,5213756,True
521377,5213772,True
521380,5213806,True
521385,5213855,True
521390,5213905,True
521400,5214002,True
521405,5214051,True
521410,5214101,True
521440,5214408,True
521450,5214507,True
521460,5214606,True
521470,5214705,True
521480,5214804,True
521483,5214838,True
521486,5214861,True
521487,5214879,True
521490,5214903,True
521500,5215009,True
521520,5215207,True
521523,5215231,True
521525,5215256,True
521530,5215306,True
521540,5215405,True
521550,5215504,True
521560,5215603,True
521565,5215652,True
521570,5215702,True
521580,5215801,True
521590,5215900,True
521600,5216007,True
521630,5216304,True
521640,5216403,True
521645,5216452,True
521680,5216809,True
521690,5216908,True
521710,5217104,True
521720,5217203,True
521730,5217302,True
521740,5217401,True
521760,5217609,True
521770,5217708,True
521800,5218003,True
521805,5218052,True
521810,5218102,True
521830,5218300,True
521839,5218391,True
521850,5218508,True
521860,5218607,True
521870,5218706,True
521878,5218789,True
521880,5218805,True
521890,5218904,True
521900,5219001,True
521910,5219100,True
521920,5219209,True
521925,5219258,True
521930,5219308,True
521935,5219357,True
521940,5219407,True
521945,5219456,True
521950,5219506,True
521960,5219605,True
521970,5219704,True
521971,5219712,True
521973,5219738,True
521975,5219753,True
521980,5219803,True
521990,5219902,True
522000,5220009,True
522005,5220058,True
522010,5220108,True
522015,5220157,True
522020,5220207,True
522026,5220264,True
522028,5220280,True
522040,5220405,True
522045,5220454,True
522050,5220504,True
522060,5220603,True
522068,5220686,True
522070,5220702,True
522100,5221007,True
522108,5221080,True
522119,5221197,True
522130,5221304,True
522140,5221403,True
522145,5221452,True
522150,5221502,True
522155,5221551,True
522157,5221577,True
522160,5221601,True
522170,5221700,True
522180,5221809,True
522185,5221858,True
522190,5221908,True
522200,5222005,True
522205,5222054,True
522220,5222203,True
522230,5222302,True
530010,5300108,True
