codigo_ibge_6,cenarios_elegiveis,cenarios_selecionado,cenarios_testados,fracao_cenarios_selecionado
110001,72,0,72,0.0
110002,72,0,72,0.0
110003,72,0,72,0.0
110004,72,0,72,0.0
110005,72,0,72,0.0
110006,72,0,72,0.0
110007,72,0,72,0.0
110008,72,0,72,0.0
110009,72,0,72,0.0
110010,72,0,72,0.0
110011,72,0,72,0.0
110012,72,0,72,0.0
110013,72,12,72,0.16666666666666666
110014,72,0,72,0.0
110015,72,0,72,0.0
110018,72,0,72,0.0
110020,72,0,72,0.0
110025,72,0,72,0.0
110026,72,0,72,0.0
110028,72,0,72,0.0
110029,72,0,72,0.0
110030,72,0,72,0.0
110032,72,0,72,0.0
110033,72,21,72,0.2916666666666667
110034,72,0,72,0.0
110037,72,0,72,0.0
110040,72,0,72,0.0
110045,72,0,72,0.0
110050,72,0,72,0.0
110060,72,0,72,0.0
110070,72,0,72,0.0
110080,72,0,72,0.0
110090,48,0,72,0.0
110092,72,0,72,0.0
110094,72,0,72,0.0
110100,72,0,72,0.0
110110,72,0,72,0.0
110120,72,0,72,0.0
110130,72,0,72,0.0
110140,72,0,72,0.0
110143,72,0,72,0.0
110145,72,0,72,0.0
110146,48,0,72,0.0
110147,72,0,72,0.0
110148,72,0,72,0.0
110149,72,0,72,0.0
110150,72,0,72,0.0
110155,72,0,72,0.0
110160,72,0,72,0.0
110170,72,0,72,0.0
110175,72,36,72,0.5
110180,72,0,72,0.0
120001,72,0,72,0.0
120005,72,63,72,0.875
120010,72,0,72,0.0
120013,72,36,72,0.5
120017,72,0,72,0.0
120020,72,0,72,0.0
120025,72,0,72,0.0
120030,72,36,72,0.5
120032,72,36,72,0.5
120033,72,0,72,0.0
120034,72,63,72,0.875
120035,72,54,72,0.75
120038,72,0,72,0.0
120039,72,45,72,0.625
120040,72,0,72,0.0
120042,72,63,72,0.875
120043,72,27,72,0.375
120045,72,0,72,0.0
120050,72,0,72,0.0
120060,72,36,72,0.5
120070,72,36,72,0.5
120080,72,0,72,0.0
130002,72,72,72,1.0
130006,72,72,72,1.0
130008,72,72,72,1.0
130010,72,72,72,1.0
130014,72,0,72,0.0
130020,72,18,72,0.25
130030,72,72,72,1.0
130040,72,72,72,1.0
130050,72,36,72,0.5
130060,72,72,72,1.0
130063,72,72,72,1.0
130068,72,45,72,0.625
130070,72,36,72,0.5
130080,72,63,72,0.875
130083,72,36,72,0.5
130090,72,72,72,1.0
130100,72,63,72,0.875
130110,72,36,72,0.5
130115,72,72,72,1.0
130120,72,63,72,0.875
130130,72,36,72,0.5
130140,72,36,72,0.5
130150,72,63,72,0.875
130160,72,72,72,1.0
130165,72,54,72,0.75
130170,72,0,72,0.0
130180,72,63,72,0.875
130185,72,0,72,0.0
130190,72,0,72,0.0
130195,72,36,72,0.5
130200,72,0,72,0.0
130210,72,45,72,0.625
130220,72,54,72,0.75
130230,72,63,72,0.875
130240,72,72,72,1.0
130250,72,0,72,0.0
130255,72,72,72,1.0
130260,72,0,72,0.0
130270,72,36,72,0.5
130280,72,63,72,0.875
130290,72,72,72,1.0
130300,72,72,72,1.0
130310,72,63,72,0.875
130320,72,36,72,0.5
130330,72,63,72,0.875
130340,72,0,72,0.0
130350,72,36,72,0.5
130353,72,0,72,0.0
130356,72,0,72,0.0
130360,72,72,72,1.0
130370,72,36,72,0.5
130380,72,0,72,0.0
130390,72,72,72,1.0
130395,72,42,72,0.5833333333333334
130400,72,0,72,0.0
130406,72,0,72,0.0
130410,72,63,72,0.875
130420,72,0,72,0.0
130423,72,63,72,0.875
130426,72,45,72,0.625
130430,72,0,72,0.0
130440,72,48,72,0.6666666666666666
140002,72,72,72,1.0
140005,72,63,72,0.875
140010,72,0,72,0.0
140015,72,0,72,0.0
140017,72,0,72,0.0
140020,72,0,72,0.0
140023,72,0,72,0.0
140028,72,0,72,0.0
140030,72,0,72,0.0
140040,72,72,72,1.0
140045,72,0,72,0.0
140047,72,0,72,0.0
140050,72,0,72,0.0
140060,72,0,72,0.0
140070,72,0,72,0.0
150010,72,0,72,0.0
150013,72,0,72,0.0
150020,72,63,72,0.875
150030,72,36,72,0.5
150034,72,21,72,0.2916666666666667
150040,72,42,72,0.5833333333333334
150050,72,0,72,0.0
150060,72,0,72,0.0
150070,72,63,72,0.875
150080,72,0,72,0.0
150085,72,48,72,0.6666666666666666
150090,72,72,72,1.0
150095,72,42,72,0.5833333333333334
150100,72,63,72,0.875
150110,72,36,72,0.5
150120,72,63,72,0.875
150125,72,0,72,0.0
150130,72,0,72,0.0
150140,72,0,72,0.0
150145,72,36,72,0.5
150150,72,0,72,0.0
150157,72,24,72,0.3333333333333333
150160,72,72,72,1.0
150170,72,0,72,0.0
150172,72,0,72,0.0
150175,72,24,72,0.3333333333333333
150178,72,54,72,0.75
150180,72,36,72,0.5
150190,72,72,72,1.0
150195,72,72,72,1.0
150200,72,72,72,1.0
150210,72,72,72,1.0
150215,72,0,72,0.0
150220,72,0,72,0.0
150230,72,63,72,0.875
150240,72,0,72,0.0
150250,72,72,72,1.0
150260,72,0,72,0.0
150270,72,0,72,0.0
150275,72,72,72,1.0
150276,72,36,72,0.5
150277,72,0,72,0.0
150280,72,72,72,1.0
150285,72,42,72,0.5833333333333334
150290,72,72,72,1.0
150293,72,0,72,0.0
150295,72,36,72,0.5
150300,72,72,72,1.0
150304,72,15,72,0.20833333333333334
150307,72,36,72,0.5
150309,72,30,72,0.4166666666666667
150310,72,72,72,1.0
150320,72,48,72,0.6666666666666666
150330,72,36,72,0.5
150340,72,42,72,0.5833333333333334
150345,72,72,72,1.0
150350,72,24,72,0.3333333333333333
150360,72,0,72,0.0
150370,72,54,72,0.75
150375,72,63,72,0.875
150380,72,0,72,0.0
150390,72,36,72,0.5
150400,72,36,72,0.5
150405,72,15,72,0.20833333333333334
150410,72,24,72,0.3333333333333333
150420,72,0,72,0.0
150430,72,72,72,1.0
150440,72,0,72,0.0
150442,72,0,72,0.0
150445,72,48,72,0.6666666666666666
150450,72,72,72,1.0
150460,72,72,72,1.0
150470,72,63,72,0.875
150475,0,0,72,0.0
150480,72,48,72,0.6666666666666666
150490,72,36,72,0.5
150495,72,72,72,1.0
150497,72,42,72,0.5833333333333334
150500,72,0,72,0.0
150503,72,0,72,0.0
150506,72,63,72,0.875
150510,72,72,72,1.0
150520,72,72,72,1.0
150530,72,0,72,0.0
150540,72,24,72,0.3333333333333333
150543,72,0,72,0.0
150548,72,24,72,0.3333333333333333
150549,72,63,72,0.875
150550,72,0,72,0.0
150553,72,0,72,0.0
150555,72,48,72,0.6666666666666666
150560,72,72,72,1.0
150563,72,24,72,0.3333333333333333
150565,72,72,72,1.0
150570,72,72,72,1.0
150580,72,36,72,0.5
150590,72,63,72,0.875
150600,72,72,72,1.0
150610,72,48,72,0.6666666666666666
150611,72,48,72,0.6666666666666666
150613,72,0,72,0.0
150616,72,0,72,0.0
150618,72,0,72,0.0
150619,72,24,72,0.3333333333333333
150620,72,0,72,0.0
150630,72,0,72,0.0
150635,72,0,72,0.0
150640,72,72,72,1.0
150650,72,0,72,0.0
150655,72,72,72,1.0
150658,72,12,72,0.16666666666666666
150660,72,12,72,0.16666666666666666
150670,72,0,72,0.0
150680,72,0,72,0.0
150690,72,0,72,0.0
150700,72,0,72,0.0
150710,72,24,72,0.3333333333333333
150715,72,72,72,1.0
150720,72,72,72,1.0
150730,72,63,72,0.875
150740,72,0,72,0.0
150745,72,15,72,0.20833333333333334
150746,72,24,72,0.3333333333333333
150747,72,24,72,0.3333333333333333
150750,72,63,72,0.875
150760,72,45,72,0.625
150770,72,72,72,1.0
150775,72,0,72,0.0
150780,72,72,72,1.0
150790,72,0,72,0.0
150795,72,12,72,0.16666666666666666
150796,72,0,72,0.0
150797,72,0,72,0.0
150800,72,36,72,0.5
150803,72,48,72,0.6666666666666666
150805,72,42,72,0.5833333333333334
150808,72,0,72,0.0
150810,72,0,72,0.0
150812,72,0,72,0.0
150815,72,24,72,0.3333333333333333
150820,72,0,72,0.0
150830,72,72,72,1.0
150835,72,48,72,0.6666666666666666
150840,72,0,72,0.0
160005,72,0,72,0.0
160010,72,0,72,0.0
160015,72,0,72,0.0
160020,72,0,72,0.0
160021,72,0,72,0.0
160023,72,0,72,0.0
160025,72,72,72,1.0
160027,72,0,72,0.0
160030,72,0,72,0.0
160040,72,72,72,1.0
160050,72,0,72,0.0
160053,72,0,72,0.0
160055,72,0,72,0.0
160060,72,0,72,0.0
160070,72,72,72,1.0
160080,72,0,72,0.0
170025,72,0,72,0.0
170030,72,0,72,0.0
170035,72,0,72,0.0
170040,72,0,72,0.0
170070,72,0,72,0.0
170100,72,0,72,0.0
170105,72,0,72,0.0
170110,72,0,72,0.0
170130,72,54,72,0.75
170190,72,0,72,0.0
170200,72,0,72,0.0
170210,72,0,72,0.0
170215,72,0,72,0.0
170220,72,0,72,0.0
170230,72,0,72,0.0
170240,72,0,72,0.0
170255,72,0,72,0.0
170270,72,0,72,0.0
170290,72,0,72,0.0
170300,72,0,72,0.0
170305,72,0,72,0.0
170307,72,0,72,0.0
170310,72,0,72,0.0
170320,72,0,72,0.0
170330,72,0,72,0.0
170360,72,0,72,0.0
170370,72,0,72,0.0
170380,72,0,72,0.0
170382,72,0,72,0.0
170384,72,12,72,0.16666666666666666
170386,72,0,72,0.0
170388,72,0,72,0.0
170389,72,45,72,0.625
170390,72,0,72,0.0
170410,48,42,72,0.5833333333333334
170460,72,0,72,0.0
170510,72,0,72,0.0
170550,72,0,72,0.0
170555,72,0,72,0.0
170560,72,30,72,0.4166666666666667
170600,72,0,72,0.0
170610,72,0,72,0.0
170625,48,0,72,0.0
170650,72,42,72,0.5833333333333334
170700,72,0,72,0.0
170710,72,0,72,0.0
170720,72,0,72,0.0
170730,72,0,72,0.0
170740,72,72,72,1.0
170755,72,0,72,0.0
170765,72,0,72,0.0
170770,72,0,72,0.0
170820,72,0,72,0.0
170825,72,0,72,0.0
170830,72,0,72,0.0
170900,72,36,72,0.5
170930,72,0,72,0.0
170950,72,0,72,0.0
170980,72,0,72,0.0
171050,72,0,72,0.0
171070,72,0,72,0.0
171090,72,0,72,0.0
171110,72,0,72,0.0
171150,72,0,72,0.0
171180,72,0,72,0.0
171190,72,0,72,0.0
171195,72,42,72,0.5833333333333334
171200,72,0,72,0.0
171215,72,0,72,0.0
171240,72,45,72,0.625
171245,72,0,72,0.0
171250,72,0,72,0.0
171270,72,0,72,0.0
171280,72,24,72,0.3333333333333333
171320,72,0,72,0.0
171330,72,0,72,0.0
171360,72,0,72,0.0
171370,48,0,72,0.0
171380,72,0,72,0.0
171395,72,36,72,0.5
171420,72,0,72,0.0
171430,72,0,72,0.0
171488,72,0,72,0.0
171500,72,0,72,0.0
171510,72,0,72,0.0
171515,48,0,72,0.0
171525,72,0,72,0.0
171550,48,0,72,0.0
171570,72,63,72,0.875
171575,72,0,72,0.0
171610,72,0,72,0.0
171620,72,72,72,1.0
171630,72,0,72,0.0
171650,72,0,72,0.0
171660,72,0,72,0.0
171665,72,0,72,0.0
171670,72,0,72,0.0
171700,72,0,72,0.0
171720,72,0,72,0.0
171750,72,0,72,0.0
171780,72,0,72,0.0
171790,72,0,72,0.0
171800,72,0,72,0.0
171820,72,0,72,0.0
171830,72,24,72,0.3333333333333333
171840,72,0,72,0.0
171845,72,0,72,0.0
171850,72,72,72,1.0
171855,72,12,72,0.16666666666666666
171865,72,0,72,0.0
171870,72,0,72,0.0
171875,72,0,72,0.0
171880,72,0,72,0.0
171884,72,0,72,0.0
171886,72,0,72,0.0
171888,72,0,72,0.0
171889,72,0,72,0.0
171890,72,0,72,0.0
171900,72,0,72,0.0
172000,72,0,72,0.0
172010,72,0,72,0.0
172015,72,48,72,0.6666666666666666
172020,72,0,72,0.0
172025,72,0,72,0.0
172030,72,42,72,0.5833333333333334
172049,72,0,72,0.0
172065,72,0,72,0.0
172080,72,0,72,0.0
172085,72,0,72,0.0
172090,72,0,72,0.0
172093,72,0,72,0.0
172097,72,0,72,0.0
172100,72,0,72,0.0
172110,72,48,72,0.6666666666666666
172120,72,0,72,0.0
172125,72,0,72,0.0
172130,48,0,72,0.0
172208,72,0,72,0.0
172210,72,0,72,0.0
210005,72,0,72,0.0
210010,72,27,72,0.375
210015,72,18,72,0.25
210020,72,63,72,0.875
210030,72,0,72,0.0
210040,72,18,72,0.25
210043,72,0,72,0.0
210047,72,0,72,0.0
210050,72,0,72,0.0
210055,72,12,72,0.16666666666666666
210060,72,9,72,0.125
210070,72,12,72,0.16666666666666666
210080,72,45,72,0.625
210083,72,63,72,0.875
210087,72,18,72,0.25
210090,72,27,72,0.375
210095,72,12,72,0.16666666666666666
210100,72,0,72,0.0
210110,72,0,72,0.0
210120,72,0,72,0.0
210125,72,0,72,0.0
210130,72,42,72,0.5833333333333334
210135,72,27,72,0.375
210140,72,0,72,0.0
210150,72,0,72,0.0
210160,72,0,72,0.0
210170,72,9,72,0.125
210173,72,0,72,0.0
210177,72,0,72,0.0
210180,72,27,72,0.375
210190,72,0,72,0.0
210193,72,0,72,0.0
210197,72,0,72,0.0
210200,72,0,72,0.0
210203,72,0,72,0.0
210207,72,9,72,0.125
210210,72,0,72,0.0
210215,72,36,72,0.5
210220,72,63,72,0.875
210230,72,27,72,0.375
210232,72,0,72,0.0
210235,72,0,72,0.0
210237,72,72,72,1.0
210240,72,18,72,0.25
210250,72,63,72,0.875
210255,72,0,72,0.0
210260,72,27,72,0.375
210270,72,27,72,0.375
210275,72,0,72,0.0
210280,72,0,72,0.0
210290,72,36,72,0.5
210300,72,0,72,0.0
210310,72,0,72,0.0
210312,72,36,72,0.5
210315,72,0,72,0.0
210317,72,0,72,0.0
210320,72,0,72,0.0
210325,72,0,72,0.0
210330,72,0,72,0.0
210340,72,0,72,0.0
210350,72,27,72,0.375
210355,72,18,72,0.25
210360,72,0,72,0.0
210370,72,0,72,0.0
210375,72,0,72,0.0
210380,72,0,72,0.0
210390,72,12,72,0.16666666666666666
210400,72,0,72,0.0
210405,72,0,72,0.0
210407,72,0,72,0.0
210408,72,0,72,0.0
210409,72,0,72,0.0
210410,72,0,72,0.0
210420,72,0,72,0.0
210430,72,0,72,0.0
210440,72,30,72,0.4166666666666667
210450,72,0,72,0.0
210455,72,0,72,0.0
210460,72,0,72,0.0
210462,72,18,72,0.25
210465,72,27,72,0.375
210467,72,0,72,0.0
210470,72,0,72,0.0
210480,72,0,72,0.0
210490,72,0,72,0.0
210500,72,9,72,0.125
210510,72,72,72,1.0
210515,72,0,72,0.0
210520,72,0,72,0.0
210530,72,0,72,0.0
210535,72,27,72,0.375
210540,72,0,72,0.0
210542,72,0,72,0.0
210545,72,0,72,0.0
210547,72,36,72,0.5
210550,72,0,72,0.0
210560,72,0,72,0.0
210565,72,0,72,0.0
210570,72,6,72,0.08333333333333333
210580,72,0,72,0.0
210590,72,0,72,0.0
210592,72,30,72,0.4166666666666667
210594,72,0,72,0.0
210596,72,0,72,0.0
210598,72,45,72,0.625
210600,72,0,72,0.0
210610,72,0,72,0.0
210620,72,36,72,0.5
210630,72,27,72,0.375
210632,72,0,72,0.0
210635,72,9,72,0.125
210637,72,9,72,0.125
210640,72,63,72,0.875
210650,72,0,72,0.0
210660,72,45,72,0.625
210663,72,63,72,0.875
210667,72,27,72,0.375
210670,72,36,72,0.5
210675,72,0,72,0.0
210680,72,0,72,0.0
210690,72,0,72,0.0
210700,72,27,72,0.375
210710,72,63,72,0.875
210720,72,27,72,0.375
210725,72,0,72,0.0
210730,72,54,72,0.75
210735,72,0,72,0.0
210740,72,45,72,0.625
210745,72,36,72,0.5
210750,72,0,72,0.0
210760,72,48,72,0.6666666666666666
210770,72,12,72,0.16666666666666666
210780,72,0,72,0.0
210790,72,18,72,0.25
210800,72,0,72,0.0
210805,72,0,72,0.0
210810,72,0,72,0.0
210820,72,0,72,0.0
210825,72,72,72,1.0
210830,72,27,72,0.375
210840,72,48,72,0.6666666666666666
210845,72,0,72,0.0
210850,72,0,72,0.0
210860,72,0,72,0.0
210870,72,0,72,0.0
210880,72,18,72,0.25
210890,72,36,72,0.5
210900,72,0,72,0.0
210905,72,0,72,0.0
210910,72,0,72,0.0
210920,72,45,72,0.625
210923,72,0,72,0.0
210927,72,0,72,0.0
210930,72,0,72,0.0
210940,72,27,72,0.375
210945,72,0,72,0.0
210950,72,0,72,0.0
210955,72,0,72,0.0
210960,72,0,72,0.0
210970,72,36,72,0.5
210975,72,0,72,0.0
210980,72,36,72,0.5
210990,72,0,72,0.0
211000,72,0,72,0.0
211003,72,27,72,0.375
211010,72,27,72,0.375
211020,72,0,72,0.0
211023,72,0,72,0.0
211027,72,0,72,0.0
211030,72,0,72,0.0
211040,72,9,72,0.125
211050,72,0,72,0.0
211060,72,30,72,0.4166666666666667
211065,72,0,72,0.0
211070,72,0,72,0.0
211080,72,27,72,0.375
211085,72,0,72,0.0
211090,72,18,72,0.25
211100,72,0,72,0.0
211102,72,0,72,0.0
211105,72,0,72,0.0
211107,72,30,72,0.4166666666666667
211110,72,0,72,0.0
211120,72,0,72,0.0
211125,72,0,72,0.0
211130,72,0,72,0.0
211140,72,0,72,0.0
211150,72,0,72,0.0
211153,72,0,72,0.0
211157,72,0,72,0.0
211160,72,0,72,0.0
211163,72,0,72,0.0
211167,72,9,72,0.125
211170,72,72,72,1.0
211172,72,0,72,0.0
211174,72,0,72,0.0
211176,72,0,72,0.0
211178,72,72,72,1.0
211180,72,18,72,0.25
211190,72,27,72,0.375
211195,72,27,72,0.375
211200,72,0,72,0.0
211210,72,0,72,0.0
211220,72,0,72,0.0
211223,72,0,72,0.0
211227,72,0,72,0.0
211230,72,36,72,0.5
211240,72,18,72,0.25
211245,72,27,72,0.375
211250,72,45,72,0.625
211260,72,0,72,0.0
211270,72,0,72,0.0
211280,72,0,72,0.0
211285,72,3,72,0.041666666666666664
211290,72,0,72,0.0
211300,72,9,72,0.125
211400,72,0,72,0.0
220005,72,0,72,0.0
220010,72,36,72,0.5
220020,72,0,72,0.0
220025,72,21,72,0.2916666666666667
220027,72,0,72,0.0
220030,72,42,72,0.5833333333333334
220040,72,0,72,0.0
220045,72,9,72,0.125
220050,72,21,72,0.2916666666666667
220060,72,0,72,0.0
220070,72,18,72,0.25
220080,72,0,72,0.0
220090,72,0,72,0.0
220095,72,36,72,0.5
220100,72,27,72,0.375
220105,72,9,72,0.125
220110,72,36,72,0.5
220115,72,0,72,0.0
220117,72,12,72,0.16666666666666666
220120,72,72,72,1.0
220130,72,63,72,0.875
220140,72,0,72,0.0
220150,72,18,72,0.25
220155,72,0,72,0.0
220157,72,0,72,0.0
220160,72,24,72,0.3333333333333333
220170,72,0,72,0.0
220173,72,0,72,0.0
220177,72,48,72,0.6666666666666666
220180,72,0,72,0.0
220190,72,0,72,0.0
220191,72,12,72,0.16666666666666666
220192,72,15,72,0.20833333333333334
220194,72,36,72,0.5
220196,72,0,72,0.0
220198,72,12,72,0.16666666666666666
220200,72,0,72,0.0
220202,72,42,72,0.5833333333333334
220205,72,9,72,0.125
220207,72,0,72,0.0
220208,72,3,72,0.041666666666666664
220209,72,0,72,0.0
220210,72,0,72,0.0
220211,72,21,72,0.2916666666666667
220213,72,0,72,0.0
220217,72,63,72,0.875
220220,72,0,72,0.0
220225,72,0,72,0.0
220230,72,36,72,0.5
220240,72,9,72,0.125
220245,72,0,72,0.0
220250,72,72,72,1.0
220253,72,36,72,0.5
220255,72,18,72,0.25
220260,72,15,72,0.20833333333333334
220265,72,24,72,0.3333333333333333
220270,72,45,72,0.625
220271,72,15,72,0.20833333333333334
220272,72,12,72,0.16666666666666666
220273,72,0,72,0.0
220275,72,0,72,0.0
220277,72,0,72,0.0
220280,72,24,72,0.3333333333333333
220285,72,36,72,0.5
220290,72,0,72,0.0
220300,72,12,72,0.16666666666666666
220310,72,0,72,0.0
220320,72,0,72,0.0
220323,72,0,72,0.0
220325,72,0,72,0.0
220327,72,21,72,0.2916666666666667
220330,72,0,72,0.0
220335,72,27,72,0.375
220340,72,0,72,0.0
220342,72,18,72,0.25
220345,72,0,72,0.0
220350,72,6,72,0.08333333333333333
220360,72,0,72,0.0
220370,72,0,72,0.0
220375,72,12,72,0.16666666666666666
220380,72,48,72,0.6666666666666666
220385,72,0,72,0.0
220390,72,0,72,0.0
220400,72,63,72,0.875
220410,72,0,72,0.0
220415,72,0,72,0.0
220420,72,0,72,0.0
220430,72,0,72,0.0
220435,72,0,72,0.0
220440,72,0,72,0.0
220450,72,0,72,0.0
220455,72,0,72,0.0
220460,72,72,72,1.0
220465,72,0,72,0.0
220470,72,0,72,0.0
220480,72,0,72,0.0
220490,72,0,72,0.0
220500,72,36,72,0.5
220510,72,0,72,0.0
220515,72,24,72,0.3333333333333333
220520,72,72,72,1.0
220525,72,9,72,0.125
220527,72,0,72,0.0
220530,72,54,72,0.75
220535,72,0,72,0.0
220540,72,6,72,0.08333333333333333
220545,72,30,72,0.4166666666666667
220550,72,0,72,0.0
220551,72,42,72,0.5833333333333334
220552,72,24,72,0.3333333333333333
220553,72,0,72,0.0
220554,72,0,72,0.0
220555,72,9,72,0.125
220556,72,18,72,0.25
220557,72,3,72,0.041666666666666664
220558,72,42,72,0.5833333333333334
220559,72,18,72,0.25
220560,72,9,72,0.125
220570,72,0,72,0.0
220580,72,72,72,1.0
220585,72,0,72,0.0
220590,72,0,72,0.0
220595,72,0,72,0.0
220600,72,0,72,0.0
220605,72,36,72,0.5
220610,72,0,72,0.0
220620,72,54,72,0.75
220630,48,0,72,0.0
220635,72,0,72,0.0
220640,72,0,72,0.0
220650,72,63,72,0.875
220660,72,45,72,0.625
220665,72,27,72,0.375
220667,72,18,72,0.25
220669,72,18,72,0.25
220670,72,15,72,0.20833333333333334
220672,72,0,72,0.0
220675,72,6,72,0.08333333333333333
220680,72,72,72,1.0
220690,72,36,72,0.5
220695,72,0,72,0.0
220700,72,0,72,0.0
220710,72,0,72,0.0
220720,72,0,72,0.0
220730,72,0,72,0.0
220735,72,24,72,0.3333333333333333
220740,72,0,72,0.0
220750,72,24,72,0.3333333333333333
220755,72,0,72,0.0
220760,72,36,72,0.5
220770,72,0,72,0.0
220775,72,36,72,0.5
220777,72,0,72,0.0
220779,72,27,72,0.375
220780,72,0,72,0.0
220785,72,0,72,0.0
220790,72,0,72,0.0
220793,72,0,72,0.0
220795,72,0,72,0.0
220800,72,0,72,0.0
220810,72,45,72,0.625
220820,72,12,72,0.16666666666666666
220830,72,12,72,0.16666666666666666
220840,72,0,72,0.0
220850,72,48,72,0.6666666666666666
220855,72,21,72,0.2916666666666667
220860,72,0,72,0.0
220865,72,18,72,0.25
220870,72,27,72,0.375
220880,72,63,72,0.875
220885,72,27,72,0.375
220887,72,24,72,0.3333333333333333
220890,72,0,72,0.0
220900,72,63,72,0.875
220910,72,0,72,0.0
220915,72,24,72,0.3333333333333333
220920,72,0,72,0.0
220930,72,36,72,0.5
220935,72,0,72,0.0
220937,72,0,72,0.0
220940,72,0,72,0.0
220945,72,0,72,0.0
220950,72,0,72,0.0
220955,72,0,72,0.0
220960,72,0,72,0.0
220965,72,12,72,0.16666666666666666
220970,72,0,72,0.0
220975,72,0,72,0.0
220980,72,0,72,0.0
220985,72,21,72,0.2916666666666667
220987,72,48,72,0.6666666666666666
220990,72,42,72,0.5833333333333334
220995,72,6,72,0.08333333333333333
220997,72,72,72,1.0
221000,72,0,72,0.0
221005,72,21,72,0.2916666666666667
221010,72,0,72,0.0
221020,72,0,72,0.0
221030,72,15,72,0.20833333333333334
221035,72,0,72,0.0
221037,48,0,72,0.0
221038,72,0,72,0.0
221039,72,0,72,0.0
221040,72,0,72,0.0
221050,72,12,72,0.16666666666666666
221060,72,0,72,0.0
221062,72,18,72,0.25
221063,72,12,72,0.16666666666666666
221065,72,24,72,0.3333333333333333
221070,72,0,72,0.0
221080,72,0,72,0.0
221090,72,21,72,0.2916666666666667
221093,72,0,72,0.0
221095,72,27,72,0.375
221097,72,0,72,0.0
221100,72,0,72,0.0
221110,72,0,72,0.0
221120,72,0,72,0.0
221130,72,0,72,0.0
221135,72,27,72,0.375
221140,72,0,72,0.0
221150,72,42,72,0.5833333333333334
221160,72,18,72,0.25
221170,72,0,72,0.0
230010,72,0,72,0.0
230015,72,0,72,0.0
230020,72,0,72,0.0
230030,72,42,72,0.5833333333333334
230040,72,36,72,0.5
230050,72,0,72,0.0
230060,72,0,72,0.0
230070,72,0,72,0.0
230075,72,0,72,0.0
230080,72,0,72,0.0
230090,72,0,72,0.0
230100,72,0,72,0.0
230110,72,0,72,0.0
230120,72,0,72,0.0
230125,72,12,72,0.16666666666666666
230130,72,0,72,0.0
230140,72,0,72,0.0
230150,72,0,72,0.0
230160,72,0,72,0.0
230170,72,0,72,0.0
230180,72,0,72,0.0
230185,72,0,72,0.0
230190,72,0,72,0.0
230195,72,0,72,0.0
230200,72,0,72,0.0
230205,72,0,72,0.0
230210,72,0,72,0.0
230220,72,0,72,0.0
230230,72,0,72,0.0
230240,72,18,72,0.25
230250,72,0,72,0.0
230260,72,0,72,0.0
230270,72,0,72,0.0
230280,72,0,72,0.0
230290,72,0,72,0.0
230300,72,54,72,0.75
230310,72,36,72,0.5
230320,72,12,72,0.16666666666666666
230330,72,0,72,0.0
230340,72,0,72,0.0
230350,72,0,72,0.0
230360,72,0,72,0.0
230365,72,0,72,0.0
230370,72,0,72,0.0
230380,72,0,72,0.0
230390,72,12,72,0.16666666666666666
230393,72,42,72,0.5833333333333334
230395,72,0,72,0.0
230400,72,0,72,0.0
230410,72,0,72,0.0
230420,72,0,72,0.0
230423,72,0,72,0.0
230425,72,0,72,0.0
230426,72,0,72,0.0
230427,72,0,72,0.0
230428,72,0,72,0.0
230430,72,0,72,0.0
230435,72,0,72,0.0
230440,72,0,72,0.0
230445,72,0,72,0.0
230450,72,0,72,0.0
230460,72,24,72,0.3333333333333333
230465,72,3,72,0.041666666666666664
230470,72,12,72,0.16666666666666666
230480,72,9,72,0.125
230490,72,0,72,0.0
230495,72,0,72,0.0
230500,72,0,72,0.0
230510,72,0,72,0.0
230520,72,0,72,0.0
230523,72,0,72,0.0
230526,72,54,72,0.75
230530,72,0,72,0.0
230533,72,0,72,0.0
230535,72,0,72,0.0
230540,72,0,72,0.0
230550,72,0,72,0.0
230560,72,0,72,0.0
230565,72,0,72,0.0
230570,72,0,72,0.0
230580,72,0,72,0.0
230590,72,12,72,0.16666666666666666
230600,72,0,72,0.0
230610,72,0,72,0.0
230620,72,0,72,0.0
230625,72,0,72,0.0
230630,72,0,72,0.0
230640,72,0,72,0.0
230650,72,0,72,0.0
230655,72,0,72,0.0
230660,72,12,72,0.16666666666666666
230670,72,0,72,0.0
230680,72,0,72,0.0
230690,72,0,72,0.0
230700,72,0,72,0.0
230710,72,0,72,0.0
230720,72,0,72,0.0
230725,72,0,72,0.0
230730,72,0,72,0.0
230740,72,0,72,0.0
230750,72,0,72,0.0
230760,72,0,72,0.0
230763,72,0,72,0.0
230765,72,0,72,0.0
230770,72,0,72,0.0
230780,72,0,72,0.0
230790,72,36,72,0.5
230800,72,0,72,0.0
230810,72,0,72,0.0
230820,72,0,72,0.0
230830,72,0,72,0.0
230835,72,0,72,0.0
230837,72,0,72,0.0
230840,72,0,72,0.0
230850,72,6,72,0.08333333333333333
230860,72,0,72,0.0
230870,72,0,72,0.0
230880,72,0,72,0.0
230890,72,0,72,0.0
230900,72,0,72,0.0
230910,72,0,72,0.0
230920,72,0,72,0.0
230930,72,0,72,0.0
230940,72,0,72,0.0
230945,72,6,72,0.08333333333333333
230950,72,0,72,0.0
230960,72,0,72,0.0
230970,72,0,72,0.0
230980,72,0,72,0.0
230990,72,0,72,0.0
231000,72,0,72,0.0
231010,72,0,72,0.0
231020,72,0,72,0.0
231025,72,0,72,0.0
231030,72,0,72,0.0
231040,72,48,72,0.6666666666666666
231050,72,0,72,0.0
231060,72,0,72,0.0
231070,72,0,72,0.0
231080,72,0,72,0.0
231085,72,0,72,0.0
231090,72,0,72,0.0
231095,72,3,72,0.041666666666666664
231100,72,18,72,0.25
231110,72,0,72,0.0
231120,72,30,72,0.4166666666666667
231123,72,0,72,0.0
231126,72,18,72,0.25
231130,72,0,72,0.0
231135,72,0,72,0.0
231140,72,0,72,0.0
231150,72,0,72,0.0
231160,72,0,72,0.0
231170,72,0,72,0.0
231180,72,0,72,0.0
231190,72,12,72,0.16666666666666666
231195,72,0,72,0.0
231200,72,72,72,1.0
231210,72,0,72,0.0
231220,72,0,72,0.0
231230,72,0,72,0.0
231240,72,0,72,0.0
231250,72,0,72,0.0
231260,72,0,72,0.0
231270,72,0,72,0.0
231280,72,0,72,0.0
231290,72,0,72,0.0
231300,72,0,72,0.0
231310,72,0,72,0.0
231320,72,0,72,0.0
231325,72,6,72,0.08333333333333333
231330,72,0,72,0.0
231335,72,36,72,0.5
231340,72,0,72,0.0
231350,72,0,72,0.0
231355,72,0,72,0.0
231360,72,0,72,0.0
231370,72,12,72,0.16666666666666666
231375,72,27,72,0.375
231380,72,0,72,0.0
231390,72,0,72,0.0
231395,72,0,72,0.0
231400,72,0,72,0.0
231410,72,18,72,0.25
240010,72,0,72,0.0
240020,72,0,72,0.0
240030,72,36,72,0.5
240040,72,0,72,0.0
240050,72,0,72,0.0
240060,72,0,72,0.0
240070,72,0,72,0.0
240080,72,0,72,0.0
240090,72,0,72,0.0
240100,72,0,72,0.0
240110,72,0,72,0.0
240120,72,0,72,0.0
240130,72,0,72,0.0
240140,72,0,72,0.0
240145,72,18,72,0.25
240150,72,18,72,0.25
240160,72,0,72,0.0
240165,72,0,72,0.0
240170,72,0,72,0.0
240180,72,0,72,0.0
240185,72,12,72,0.16666666666666666
240190,72,0,72,0.0
240200,72,0,72,0.0
240210,72,0,72,0.0
240220,72,6,72,0.08333333333333333
240230,72,0,72,0.0
240240,72,0,72,0.0
240250,72,0,72,0.0
240260,72,0,72,0.0
240270,72,0,72,0.0
240280,72,0,72,0.0
240290,72,0,72,0.0
240300,72,0,72,0.0
240310,72,0,72,0.0
240320,72,0,72,0.0
240325,72,0,72,0.0
240330,72,0,72,0.0
240340,72,0,72,0.0
240350,72,27,72,0.375
240360,72,0,72,0.0
240370,72,0,72,0.0
240375,72,12,72,0.16666666666666666
240380,72,0,72,0.0
240390,72,0,72,0.0
240400,72,0,72,0.0
240410,72,0,72,0.0
240420,72,0,72,0.0
240430,72,27,72,0.375
240440,72,0,72,0.0
240450,72,0,72,0.0
240460,72,0,72,0.0
240470,72,0,72,0.0
240480,48,0,72,0.0
240485,72,0,72,0.0
240490,72,0,72,0.0
240500,72,0,72,0.0
240510,72,27,72,0.375
240520,72,0,72,0.0
240530,72,6,72,0.08333333333333333
240540,72,0,72,0.0
240550,72,9,72,0.125
240560,72,0,72,0.0
240570,72,0,72,0.0
240580,72,24,72,0.3333333333333333
240590,48,0,72,0.0
240600,72,0,72,0.0
240610,72,0,72,0.0
240615,72,0,72,0.0
240620,72,0,72,0.0
240630,72,21,72,0.2916666666666667
240640,72,0,72,0.0
240650,72,0,72,0.0
240660,72,42,72,0.5833333333333334
240670,72,0,72,0.0
240680,72,0,72,0.0
240690,72,0,72,0.0
240700,72,0,72,0.0
240710,72,0,72,0.0
240720,72,0,72,0.0
240725,72,0,72,0.0
240730,72,0,72,0.0
240740,72,0,72,0.0
240750,72,0,72,0.0
240760,72,0,72,0.0
240770,72,12,72,0.16666666666666666
240780,72,0,72,0.0
240790,72,0,72,0.0
240800,72,0,72,0.0
240810,72,0,72,0.0
240820,72,0,72,0.0
240830,72,0,72,0.0
240840,72,18,72,0.25
240850,72,0,72,0.0
240860,72,0,72,0.0
240870,72,0,72,0.0
240880,72,0,72,0.0
240890,72,0,72,0.0
240895,72,27,72,0.375
240910,72,0,72,0.0
240920,72,0,72,0.0
240930,72,0,72,0.0
240933,72,0,72,0.0
240940,72,0,72,0.0
240950,72,0,72,0.0
240960,72,0,72,0.0
240970,72,3,72,0.041666666666666664
240980,72,27,72,0.375
240990,72,0,72,0.0
241000,72,0,72,0.0
241010,72,12,72,0.16666666666666666
241020,72,0,72,0.0
241025,72,0,72,0.0
241030,72,12,72,0.16666666666666666
241040,72,0,72,0.0
241050,72,0,72,0.0
241060,72,0,72,0.0
241070,72,0,72,0.0
241080,72,0,72,0.0
241090,72,0,72,0.0
241100,72,0,72,0.0
241105,72,0,72,0.0
241110,72,0,72,0.0
241120,72,0,72,0.0
241140,72,9,72,0.125
241142,72,0,72,0.0
241150,72,0,72,0.0
241160,72,0,72,0.0
241170,72,0,72,0.0
241180,72,0,72,0.0
241190,72,0,72,0.0
241200,72,0,72,0.0
241210,72,0,72,0.0
241220,72,0,72,0.0
241230,72,0,72,0.0
241240,72,0,72,0.0
241250,72,0,72,0.0
241255,72,0,72,0.0
241260,72,0,72,0.0
241270,72,0,72,0.0
241280,72,0,72,0.0
241290,72,0,72,0.0
241300,72,0,72,0.0
241310,72,0,72,0.0
241320,72,0,72,0.0
241330,72,0,72,0.0
241335,72,0,72,0.0
241340,72,0,72,0.0
241350,72,9,72,0.125
241355,72,0,72,0.0
241360,72,0,72,0.0
241370,72,0,72,0.0
241380,72,0,72,0.0
241390,72,27,72,0.375
241400,72,0,72,0.0
241410,72,6,72,0.08333333333333333
241415,72,0,72,0.0
241420,72,0,72,0.0
241430,48,0,72,0.0
241440,72,18,72,0.25
241445,72,0,72,0.0
241450,72,0,72,0.0
241460,72,6,72,0.08333333333333333
241470,72,0,72,0.0
241475,72,0,72,0.0
241480,72,0,72,0.0
241490,48,0,72,0.0
241500,72,0,72,0.0
250010,72,0,72,0.0
250020,72,0,72,0.0
250030,72,18,72,0.25
250040,72,18,72,0.25
250050,72,9,72,0.125
250053,72,0,72,0.0
250057,72,0,72,0.0
250060,72,18,72,0.25
250070,72,0,72,0.0
250073,72,0,72,0.0
250077,72,9,72,0.125
250080,72,63,72,0.875
250090,72,36,72,0.5
250100,72,9,72,0.125
250110,72,18,72,0.25
250115,72,0,72,0.0
250120,72,0,72,0.0
250130,72,0,72,0.0
250135,72,0,72,0.0
250140,72,0,72,0.0
250150,72,36,72,0.5
250153,72,18,72,0.25
250157,72,15,72,0.20833333333333334
250160,72,12,72,0.16666666666666666
250170,72,0,72,0.0
250180,72,0,72,0.0
250190,72,15,72,0.20833333333333334
250200,72,36,72,0.5
250205,72,0,72,0.0
250210,72,0,72,0.0
250215,72,0,72,0.0
250220,72,6,72,0.08333333333333333
250230,72,0,72,0.0
250240,72,0,72,0.0
250250,72,0,72,0.0
250260,72,0,72,0.0
250270,72,18,72,0.25
250280,72,0,72,0.0
250290,72,0,72,0.0
250300,72,0,72,0.0
250310,72,0,72,0.0
250320,72,0,72,0.0
250330,72,0,72,0.0
250340,72,0,72,0.0
250350,72,0,72,0.0
250355,72,0,72,0.0
250360,72,18,72,0.25
250370,72,0,72,0.0
250375,72,0,72,0.0
250380,72,21,72,0.2916666666666667
250390,72,18,72,0.25
250400,72,0,72,0.0
250403,72,6,72,0.08333333333333333
250407,72,0,72,0.0
250410,72,0,72,0.0
250415,72,24,72,0.3333333333333333
250420,72,0,72,0.0
250430,72,0,72,0.0
250435,72,0,72,0.0
250440,72,36,72,0.5
250450,72,6,72,0.08333333333333333
250460,72,0,72,0.0
250470,72,54,72,0.75
250480,72,9,72,0.125
250485,48,0,72,0.0
250490,72,0,72,0.0
250500,72,0,72,0.0
250510,72,18,72,0.25
250520,72,9,72,0.125
250523,72,0,72,0.0
250527,72,24,72,0.3333333333333333
250530,72,0,72,0.0
250535,72,36,72,0.5
250540,72,72,72,1.0
250550,72,0,72,0.0
250560,72,6,72,0.08333333333333333
250570,72,0,72,0.0
250580,72,0,72,0.0
250590,72,0,72,0.0
250600,72,0,72,0.0
250610,72,0,72,0.0
250620,72,0,72,0.0
250625,72,0,72,0.0
250630,72,0,72,0.0
250640,72,12,72,0.16666666666666666
250650,72,0,72,0.0
250660,72,9,72,0.125
250670,72,21,72,0.2916666666666667
250680,72,28,72,0.3888888888888889
250690,72,0,72,0.0
250700,72,0,72,0.0
250710,72,18,72,0.25
250720,72,12,72,0.16666666666666666
250730,72,0,72,0.0
250740,72,0,72,0.0
250750,72,0,72,0.0
250760,72,54,72,0.75
250770,72,0,72,0.0
250780,72,0,72,0.0
250790,72,12,72,0.16666666666666666
250800,72,0,72,0.0
250810,72,9,72,0.125
250820,72,6,72,0.08333333333333333
250830,72,0,72,0.0
250840,72,0,72,0.0
250850,72,0,72,0.0
250855,72,3,72,0.041666666666666664
250860,72,0,72,0.0
250870,72,6,72,0.08333333333333333
250880,72,0,72,0.0
250890,72,0,72,0.0
250900,72,0,72,0.0
250905,72,36,72,0.5
250910,72,18,72,0.25
250915,72,0,72,0.0
250920,72,0,72,0.0
250930,72,9,72,0.125
250933,72,0,72,0.0
250937,72,0,72,0.0
250939,72,12,72,0.16666666666666666
250940,72,0,72,0.0
250950,72,0,72,0.0
250960,72,18,72,0.25
250970,72,0,72,0.0
250980,72,0,72,0.0
250990,72,0,72,0.0
251000,72,0,72,0.0
251010,72,0,72,0.0
251020,72,0,72,0.0
251030,72,0,72,0.0
251040,72,6,72,0.08333333333333333
251050,72,0,72,0.0
251060,72,0,72,0.0
251065,48,0,72,0.0
251070,72,0,72,0.0
251080,72,0,72,0.0
251090,72,21,72,0.2916666666666667
251100,72,0,72,0.0
251110,72,0,72,0.0
251120,72,3,72,0.041666666666666664
251130,72,0,72,0.0
251140,72,0,72,0.0
251150,72,6,72,0.08333333333333333
251160,72,27,72,0.375
251170,72,0,72,0.0
251180,72,12,72,0.16666666666666666
251190,72,42,72,0.5833333333333334
251200,72,0,72,0.0
251203,72,0,72,0.0
251207,72,0,72,0.0
251210,72,0,72,0.0
251220,72,0,72,0.0
251230,72,0,72,0.0
251240,72,0,72,0.0
251250,72,0,72,0.0
251260,48,0,72,0.0
251270,72,0,72,0.0
251272,72,24,72,0.3333333333333333
251274,72,0,72,0.0
251275,72,0,72,0.0
251276,72,0,72,0.0
251278,72,0,72,0.0
251280,72,21,72,0.2916666666666667
251290,72,18,72,0.25
251300,72,0,72,0.0
251310,72,0,72,0.0
251315,72,0,72,0.0
251320,72,0,72,0.0
251330,72,0,72,0.0
251335,72,63,72,0.875
251340,72,0,72,0.0
251350,72,12,72,0.16666666666666666
251360,72,0,72,0.0
251365,72,0,72,0.0
251370,72,0,72,0.0
251380,72,0,72,0.0
251385,72,0,72,0.0
251390,72,0,72,0.0
251392,72,0,72,0.0
251394,72,0,72,0.0
251396,72,0,72,0.0
251398,72,0,72,0.0
251400,72,0,72,0.0
251410,72,0,72,0.0
251420,72,6,72,0.08333333333333333
251430,72,0,72,0.0
251440,72,6,72,0.08333333333333333
251445,72,0,72,0.0
251450,72,0,72,0.0
251455,72,18,72,0.25
251460,72,0,72,0.0
251465,48,0,72,0.0
251470,72,0,72,0.0
251480,72,36,72,0.5
251490,72,0,72,0.0
251500,72,21,72,0.2916666666666667
251510,72,0,72,0.0
251520,72,0,72,0.0
251530,72,27,72,0.375
251540,72,0,72,0.0
251550,72,0,72,0.0
251560,72,0,72,0.0
251570,72,0,72,0.0
251580,72,6,72,0.08333333333333333
251590,72,45,72,0.625
251593,72,0,72,0.0
251597,72,0,72,0.0
251600,72,9,72,0.125
251610,72,0,72,0.0
251615,72,0,72,0.0
251620,72,0,72,0.0
251630,72,0,72,0.0
251640,72,18,72,0.25
251650,72,0,72,0.0
251660,72,0,72,0.0
251670,72,0,72,0.0
251675,72,0,72,0.0
251680,72,0,72,0.0
251690,72,0,72,0.0
251700,72,0,72,0.0
251710,72,0,72,0.0
251720,72,0,72,0.0
251740,72,0,72,0.0
260005,72,0,72,0.0
260010,72,0,72,0.0
260020,72,0,72,0.0
260030,72,12,72,0.16666666666666666
260040,72,9,72,0.125
260050,72,36,72,0.5
260060,72,18,72,0.25
260070,72,0,72,0.0
260080,72,0,72,0.0
260090,72,12,72,0.16666666666666666
260100,72,12,72,0.16666666666666666
260105,72,12,72,0.16666666666666666
260110,72,0,72,0.0
260120,72,0,72,0.0
260130,72,27,72,0.375
260140,72,36,72,0.5
260150,72,18,72,0.25
260160,72,0,72,0.0
260170,72,0,72,0.0
260180,72,6,72,0.08333333333333333
260190,72,0,72,0.0
260200,72,6,72,0.08333333333333333
260210,72,0,72,0.0
260220,72,0,72,0.0
260230,72,45,72,0.625
260240,72,0,72,0.0
260250,72,12,72,0.16666666666666666
260260,72,0,72,0.0
260270,72,0,72,0.0
260280,72,48,72,0.6666666666666666
260290,72,0,72,0.0
260300,72,0,72,0.0
260310,72,15,72,0.20833333333333334
260320,72,27,72,0.375
260330,72,27,72,0.375
260340,72,0,72,0.0
260345,72,0,72,0.0
260350,72,24,72,0.3333333333333333
260360,72,0,72,0.0
260370,72,36,72,0.5
260380,72,0,72,0.0
260390,72,3,72,0.041666666666666664
260392,72,36,72,0.5
260400,72,0,72,0.0
260410,72,0,72,0.0
260415,72,0,72,0.0
260420,72,0,72,0.0
260430,72,0,72,0.0
260440,72,0,72,0.0
260450,72,18,72,0.25
260460,72,0,72,0.0
260470,72,9,72,0.125
260480,72,0,72,0.0
260490,72,0,72,0.0
260500,72,9,72,0.125
260510,72,3,72,0.041666666666666664
260515,72,3,72,0.041666666666666664
260520,72,0,72,0.0
260530,72,36,72,0.5
260540,72,0,72,0.0
260545,72,0,72,0.0
260550,72,0,72,0.0
260560,72,0,72,0.0
260570,72,0,72,0.0
260580,72,0,72,0.0
260590,72,0,72,0.0
260600,72,0,72,0.0
260610,72,0,72,0.0
260620,72,0,72,0.0
260630,72,18,72,0.25
260640,72,0,72,0.0
260650,72,6,72,0.08333333333333333
260660,72,0,72,0.0
260670,72,0,72,0.0
260680,72,0,72,0.0
260690,72,9,72,0.125
260700,72,36,72,0.5
260710,72,0,72,0.0
260720,72,0,72,0.0
260730,72,27,72,0.375
260740,72,36,72,0.5
260750,72,42,72,0.5833333333333334
260760,72,0,72,0.0
260765,72,12,72,0.16666666666666666
260770,72,0,72,0.0
260775,72,0,72,0.0
260780,72,0,72,0.0
260790,72,0,72,0.0
260795,72,0,72,0.0
260800,72,12,72,0.16666666666666666
260805,72,0,72,0.0
260810,72,0,72,0.0
260820,72,36,72,0.5
260825,72,27,72,0.375
260830,72,0,72,0.0
260840,72,18,72,0.25
260845,72,0,72,0.0
260850,72,0,72,0.0
260860,72,0,72,0.0
260870,72,0,72,0.0
260875,72,9,72,0.125
260880,72,0,72,0.0
260890,72,0,72,0.0
260900,72,0,72,0.0
260910,72,0,72,0.0
260915,72,48,72,0.6666666666666666
260920,72,0,72,0.0
260930,72,12,72,0.16666666666666666
260940,72,0,72,0.0
260950,72,0,72,0.0
260960,72,0,72,0.0
260970,72,0,72,0.0
260980,72,0,72,0.0
260990,72,0,72,0.0
261000,72,0,72,0.0
261010,72,9,72,0.125
261020,72,24,72,0.3333333333333333
261030,72,0,72,0.0
261040,72,0,72,0.0
261050,72,0,72,0.0
261060,72,0,72,0.0
261070,72,0,72,0.0
261080,72,48,72,0.6666666666666666
261090,72,0,72,0.0
261100,72,0,72,0.0
261110,72,0,72,0.0
261120,72,21,72,0.2916666666666667
261130,72,18,72,0.25
261140,72,0,72,0.0
261150,72,9,72,0.125
261153,72,0,72,0.0
261160,72,0,72,0.0
261170,72,21,72,0.2916666666666667
261180,72,0,72,0.0
261190,72,0,72,0.0
261200,72,0,72,0.0
261210,72,6,72,0.08333333333333333
261220,72,0,72,0.0
261230,72,0,72,0.0
261240,72,0,72,0.0
261245,72,0,72,0.0
261247,72,0,72,0.0
261250,72,0,72,0.0
261255,72,0,72,0.0
261260,72,63,72,0.875
261270,72,18,72,0.25
261280,72,0,72,0.0
261290,72,27,72,0.375
261300,72,9,72,0.125
261310,72,18,72,0.25
261320,72,48,72,0.6666666666666666
261330,72,6,72,0.08333333333333333
261340,72,0,72,0.0
261350,72,0,72,0.0
261360,72,0,72,0.0
261370,72,0,72,0.0
261380,72,3,72,0.041666666666666664
261390,72,0,72,0.0
261400,72,0,72,0.0
261410,72,0,72,0.0
261420,72,9,72,0.125
261430,72,0,72,0.0
261440,72,0,72,0.0
261450,72,0,72,0.0
261460,72,0,72,0.0
261470,72,42,72,0.5833333333333334
261480,72,18,72,0.25
261485,72,0,72,0.0
261500,72,0,72,0.0
261510,72,6,72,0.08333333333333333
261520,72,0,72,0.0
261530,72,0,72,0.0
261540,72,0,72,0.0
261550,72,0,72,0.0
261560,72,27,72,0.375
261570,72,0,72,0.0
261580,72,27,72,0.375
261590,72,0,72,0.0
261600,72,42,72,0.5833333333333334
261610,72,0,72,0.0
261618,72,0,72,0.0
261620,72,18,72,0.25
261630,72,0,72,0.0
261640,72,0,72,0.0
261650,72,18,72,0.25
270010,72,0,72,0.0
270020,72,6,72,0.08333333333333333
270030,72,0,72,0.0
270040,72,0,72,0.0
270050,72,18,72,0.25
270060,72,0,72,0.0
270070,72,15,72,0.20833333333333334
270080,72,18,72,0.25
270090,72,0,72,0.0
270100,72,0,72,0.0
270110,72,3,72,0.041666666666666664
270120,72,18,72,0.25
270130,72,9,72,0.125
270135,72,0,72,0.0
270140,72,0,72,0.0
270150,72,0,72,0.0
270160,72,0,72,0.0
270170,72,0,72,0.0
270180,72,45,72,0.625
270190,72,36,72,0.5
270200,72,0,72,0.0
270210,72,27,72,0.375
270220,72,45,72,0.625
270230,72,0,72,0.0
270235,72,18,72,0.25
270240,72,0,72,0.0
270250,72,24,72,0.3333333333333333
270255,72,0,72,0.0
270260,72,0,72,0.0
270270,72,0,72,0.0
270280,72,9,72,0.125
270290,72,9,72,0.125
270300,72,0,72,0.0
270310,72,0,72,0.0
270320,72,0,72,0.0
270330,72,9,72,0.125
270340,72,27,72,0.375
270350,72,0,72,0.0
270360,72,18,72,0.25
270370,72,0,72,0.0
270375,72,0,72,0.0
270380,72,6,72,0.08333333333333333
270390,72,0,72,0.0
270400,72,0,72,0.0
270410,72,27,72,0.375
270420,72,36,72,0.5
270430,72,0,72,0.0
270440,72,0,72,0.0
270450,72,18,72,0.25
270460,72,54,72,0.75
270470,72,0,72,0.0
270480,72,12,72,0.16666666666666666
270490,72,0,72,0.0
270500,72,18,72,0.25
270510,72,6,72,0.08333333333333333
270520,72,0,72,0.0
270530,72,24,72,0.3333333333333333
270540,72,27,72,0.375
270550,72,0,72,0.0
270560,72,18,72,0.25
270570,72,18,72,0.25
270580,72,0,72,0.0
270590,72,0,72,0.0
270600,72,18,72,0.25
270610,72,3,72,0.041666666666666664
270620,72,0,72,0.0
270630,72,0,72,0.0
270640,72,9,72,0.125
270642,72,0,72,0.0
270644,72,0,72,0.0
270650,72,0,72,0.0
270660,72,0,72,0.0
270670,72,0,72,0.0
270680,72,9,72,0.125
270690,72,0,72,0.0
270700,72,9,72,0.125
270710,72,0,72,0.0
270720,72,12,72,0.16666666666666666
270730,72,0,72,0.0
270740,72,18,72,0.25
270750,72,72,72,1.0
270760,72,18,72,0.25
270770,72,0,72,0.0
270780,72,24,72,0.3333333333333333
270790,72,0,72,0.0
270800,72,18,72,0.25
270810,72,0,72,0.0
270820,72,0,72,0.0
270830,72,0,72,0.0
270840,72,0,72,0.0
270850,72,18,72,0.25
270860,72,0,72,0.0
270870,72,0,72,0.0
270880,72,24,72,0.3333333333333333
270890,72,0,72,0.0
270895,72,0,72,0.0
270900,72,27,72,0.375
270910,72,18,72,0.25
270915,72,0,72,0.0
270920,72,24,72,0.3333333333333333
270930,72,6,72,0.08333333333333333
270940,72,0,72,0.0
280010,72,0,72,0.0
280020,72,18,72,0.25
280030,72,0,72,0.0
280040,72,0,72,0.0
280050,72,9,72,0.125
280060,72,0,72,0.0
280067,72,0,72,0.0
280070,72,36,72,0.5
280100,72,0,72,0.0
280110,72,0,72,0.0
280120,72,24,72,0.3333333333333333
280130,72,0,72,0.0
280140,72,36,72,0.5
280150,72,0,72,0.0
280160,72,0,72,0.0
280170,72,54,72,0.75
280190,72,0,72,0.0
280200,72,0,72,0.0
280210,72,0,72,0.0
280220,72,21,72,0.2916666666666667
280230,72,0,72,0.0
280240,72,48,72,0.6666666666666666
280250,72,0,72,0.0
280260,72,36,72,0.5
280270,72,27,72,0.375
280280,72,0,72,0.0
280290,72,0,72,0.0
280300,72,24,72,0.3333333333333333
280310,72,0,72,0.0
280320,72,27,72,0.375
280330,72,0,72,0.0
280340,72,54,72,0.75
280350,72,0,72,0.0
280360,72,0,72,0.0
280370,72,18,72,0.25
280380,72,0,72,0.0
280390,72,0,72,0.0
280400,72,0,72,0.0
280410,72,18,72,0.25
280420,72,63,72,0.875
280430,72,0,72,0.0
280440,72,9,72,0.125
280445,72,0,72,0.0
280450,72,0,72,0.0
280460,72,0,72,0.0
280470,72,0,72,0.0
280480,72,0,72,0.0
280490,72,18,72,0.25
280500,72,0,72,0.0
280510,72,54,72,0.75
280520,72,21,72,0.2916666666666667
280530,72,0,72,0.0
280540,72,27,72,0.375
280550,72,9,72,0.125
280560,72,63,72,0.875
280570,72,0,72,0.0
280580,72,42,72,0.5833333333333334
280590,72,0,72,0.0
280600,72,0,72,0.0
280610,72,0,72,0.0
280620,72,0,72,0.0
280630,72,0,72,0.0
280640,72,0,72,0.0
280650,72,0,72,0.0
280660,72,0,72,0.0
280670,72,0,72,0.0
280680,72,0,72,0.0
280690,72,0,72,0.0
280700,72,24,72,0.3333333333333333
280710,72,0,72,0.0
280720,72,0,72,0.0
280730,72,0,72,0.0
280740,72,18,72,0.25
280750,72,12,72,0.16666666666666666
280760,72,27,72,0.375
290010,72,0,72,0.0
290020,72,18,72,0.25
290030,72,6,72,0.08333333333333333
290035,72,24,72,0.3333333333333333
290040,72,9,72,0.125
290050,72,0,72,0.0
290060,72,0,72,0.0
290070,72,0,72,0.0
290080,72,0,72,0.0
290090,72,12,72,0.16666666666666666
290100,72,0,72,0.0
290110,72,0,72,0.0
290115,72,12,72,0.16666666666666666
290120,72,12,72,0.16666666666666666
290130,72,9,72,0.125
290135,72,18,72,0.25
290140,72,0,72,0.0
290150,72,30,72,0.4166666666666667
290160,72,36,72,0.5
290170,72,15,72,0.20833333333333334
290180,72,0,72,0.0
290190,72,18,72,0.25
290195,72,0,72,0.0
290200,72,0,72,0.0
290205,72,24,72,0.3333333333333333
290210,72,27,72,0.375
290220,72,42,72,0.5833333333333334
290225,72,18,72,0.25
290230,72,48,72,0.6666666666666666
290240,72,24,72,0.3333333333333333
290250,72,0,72,0.0
290260,72,15,72,0.20833333333333334
290265,72,0,72,0.0
290270,72,0,72,0.0
290280,72,0,72,0.0
290290,72,0,72,0.0
290300,72,0,72,0.0
290310,72,36,72,0.5
290320,72,0,72,0.0
290323,72,0,72,0.0
290327,72,0,72,0.0
290330,72,0,72,0.0
290340,72,27,72,0.375
290350,72,0,72,0.0
290360,72,36,72,0.5
290370,72,6,72,0.08333333333333333
290380,72,18,72,0.25
290390,72,0,72,0.0
290395,72,18,72,0.25
290400,72,0,72,0.0
290405,72,12,72,0.16666666666666666
290410,72,0,72,0.0
290420,72,0,72,0.0
290430,72,0,72,0.0
290440,72,6,72,0.08333333333333333
290450,72,0,72,0.0
290460,72,0,72,0.0
290470,72,0,72,0.0
290475,72,18,72,0.25
290480,72,0,72,0.0
290485,72,24,72,0.3333333333333333
290490,72,0,72,0.0
290500,72,0,72,0.0
290510,72,18,72,0.25
290515,72,0,72,0.0
290520,72,0,72,0.0
290530,72,24,72,0.3333333333333333
290540,72,0,72,0.0
290550,72,18,72,0.25
290560,72,0,72,0.0
290570,72,0,72,0.0
290580,72,18,72,0.25
290590,72,24,72,0.3333333333333333
290600,72,27,72,0.375
290610,72,36,72,0.5
290620,72,45,72,0.625
290630,72,12,72,0.16666666666666666
290640,72,12,72,0.16666666666666666
290650,72,0,72,0.0
290660,72,0,72,0.0
290670,72,0,72,0.0
290680,72,6,72,0.08333333333333333
290682,72,21,72,0.2916666666666667
290685,72,0,72,0.0
290687,72,0,72,0.0
290689,72,0,72,0.0
290690,72,0,72,0.0
290700,72,18,72,0.25
290710,72,9,72,0.125
290720,72,54,72,0.75
290730,72,0,72,0.0
290740,72,0,72,0.0
290750,72,0,72,0.0
290755,72,0,72,0.0
290760,72,27,72,0.375
290770,72,0,72,0.0
290780,72,9,72,0.125
290790,72,0,72,0.0
290800,72,0,72,0.0
290810,72,3,72,0.041666666666666664
290820,72,0,72,0.0
290830,72,0,72,0.0
290840,72,0,72,0.0
290850,72,0,72,0.0
290860,72,6,72,0.08333333333333333
290870,72,0,72,0.0
290880,72,0,72,0.0
290890,72,54,72,0.75
290900,72,0,72,0.0
290910,72,0,72,0.0
290920,72,18,72,0.25
290930,72,0,72,0.0
290940,72,18,72,0.25
290950,72,0,72,0.0
290960,72,18,72,0.25
290970,72,0,72,0.0
290980,72,0,72,0.0
290990,72,36,72,0.5
291000,72,3,72,0.041666666666666664
291005,72,0,72,0.0
291010,72,0,72,0.0
291020,72,0,72,0.0
291030,72,0,72,0.0
291040,72,12,72,0.16666666666666666
291050,72,0,72,0.0
291060,72,0,72,0.0
291070,72,36,72,0.5
291072,72,0,72,0.0
291075,72,0,72,0.0
291077,72,0,72,0.0
291080,72,0,72,0.0
291085,72,24,72,0.3333333333333333
291090,72,0,72,0.0
291100,72,27,72,0.375
291110,72,0,72,0.0
291120,72,0,72,0.0
291125,72,0,72,0.0
291130,72,0,72,0.0
291140,72,3,72,0.041666666666666664
291150,72,36,72,0.5
291160,72,0,72,0.0
291165,72,0,72,0.0
291170,72,0,72,0.0
291180,72,18,72,0.25
291185,72,24,72,0.3333333333333333
291190,72,9,72,0.125
291200,72,0,72,0.0
291210,72,0,72,0.0
291220,72,0,72,0.0
291230,72,0,72,0.0
291240,72,0,72,0.0
291250,72,0,72,0.0
291260,72,72,72,1.0
291270,72,18,72,0.25
291280,72,0,72,0.0
291290,72,3,72,0.041666666666666664
291300,72,9,72,0.125
291310,72,0,72,0.0
291320,72,0,72,0.0
291330,72,0,72,0.0
291340,72,0,72,0.0
291345,72,12,72,0.16666666666666666
291350,72,3,72,0.041666666666666664
291360,72,0,72,0.0
291370,72,27,72,0.375
291380,72,0,72,0.0
291390,72,0,72,0.0
291400,72,30,72,0.4166666666666667
291410,72,0,72,0.0
291420,72,0,72,0.0
291430,72,9,72,0.125
291440,72,3,72,0.041666666666666664
291450,72,0,72,0.0
291460,72,0,72,0.0
291465,72,27,72,0.375
291470,72,0,72,0.0
291480,72,0,72,0.0
291490,72,0,72,0.0
291500,72,12,72,0.16666666666666666
291510,72,12,72,0.16666666666666666
291520,72,0,72,0.0
291530,72,0,72,0.0
291535,72,24,72,0.3333333333333333
291540,72,0,72,0.0
291550,72,27,72,0.375
291560,72,0,72,0.0
291570,72,0,72,0.0
291580,72,0,72,0.0
291590,72,18,72,0.25
291600,72,0,72,0.0
291610,72,0,72,0.0
291620,72,9,72,0.125
291630,72,0,72,0.0
291640,72,0,72,0.0
291650,72,12,72,0.16666666666666666
291660,72,0,72,0.0
291670,72,0,72,0.0
291680,72,0,72,0.0
291685,72,0,72,0.0
291690,72,0,72,0.0
291700,72,45,72,0.625
291710,72,0,72,0.0
291720,72,0,72,0.0
291730,72,0,72,0.0
291733,72,15,72,0.20833333333333334
291735,72,0,72,0.0
291740,72,0,72,0.0
291750,72,0,72,0.0
291760,72,0,72,0.0
291770,72,0,72,0.0
291780,72,12,72,0.16666666666666666
291790,72,27,72,0.375
291800,72,0,72,0.0
291810,72,30,72,0.4166666666666667
291820,72,36,72,0.5
291830,72,12,72,0.16666666666666666
291835,72,0,72,0.0
291840,72,0,72,0.0
291845,72,9,72,0.125
291850,72,18,72,0.25
291855,72,0,72,0.0
291860,72,0,72,0.0
291870,72,0,72,0.0
291875,72,0,72,0.0
291880,72,9,72,0.125
291890,72,0,72,0.0
291900,72,0,72,0.0
291905,72,9,72,0.125
291910,72,0,72,0.0
291915,72,6,72,0.08333333333333333
291920,72,0,72,0.0
291930,72,0,72,0.0
291940,72,0,72,0.0
291950,72,0,72,0.0
291955,72,0,72,0.0
291960,72,36,72,0.5
291970,72,0,72,0.0
291980,72,0,72,0.0
291990,72,0,72,0.0
291992,72,0,72,0.0
291995,72,0,72,0.0
292000,72,0,72,0.0
292010,72,36,72,0.5
292020,72,6,72,0.08333333333333333
292030,72,0,72,0.0
292040,72,18,72,0.25
292045,72,0,72,0.0
292050,72,0,72,0.0
292060,72,0,72,0.0
292070,72,42,72,0.5833333333333334
292080,72,6,72,0.08333333333333333
292090,72,6,72,0.08333333333333333
292100,72,0,72,0.0
292105,72,0,72,0.0
292110,72,0,72,0.0
292120,72,0,72,0.0
292130,72,0,72,0.0
292140,72,24,72,0.3333333333333333
292145,72,0,72,0.0
292150,72,24,72,0.3333333333333333
292160,72,18,72,0.25
292170,72,0,72,0.0
292180,72,0,72,0.0
292190,72,0,72,0.0
292200,72,0,72,0.0
292205,72,42,72,0.5833333333333334
292210,72,12,72,0.16666666666666666
292220,72,0,72,0.0
292225,72,0,72,0.0
292230,72,0,72,0.0
292240,72,0,72,0.0
292250,72,0,72,0.0
292260,72,12,72,0.16666666666666666
292265,72,18,72,0.25
292270,72,0,72,0.0
292273,72,0,72,0.0
292275,72,0,72,0.0
292280,72,18,72,0.25
292285,72,12,72,0.16666666666666666
292290,72,18,72,0.25
292300,72,0,72,0.0
292303,72,0,72,0.0
292305,72,36,72,0.5
292310,72,27,72,0.375
292320,72,9,72,0.125
292330,72,0,72,0.0
292335,72,0,72,0.0
292340,72,6,72,0.08333333333333333
292350,72,0,72,0.0
292360,72,0,72,0.0
292370,72,24,72,0.3333333333333333
292380,72,0,72,0.0
292390,72,12,72,0.16666666666666666
292400,72,0,72,0.0
292405,72,0,72,0.0
292410,72,45,72,0.625
292420,72,48,72,0.6666666666666666
292430,72,12,72,0.16666666666666666
292440,72,36,72,0.5
292450,72,0,72,0.0
292460,72,27,72,0.375
292465,72,0,72,0.0
292467,72,18,72,0.25
292470,72,0,72,0.0
292480,72,63,72,0.875
292490,72,6,72,0.08333333333333333
292500,72,0,72,0.0
292510,72,0,72,0.0
292520,72,0,72,0.0
292525,72,15,72,0.20833333333333334
292530,72,0,72,0.0
292540,72,0,72,0.0
292550,72,0,72,0.0
292560,72,0,72,0.0
292570,72,0,72,0.0
292575,72,0,72,0.0
292580,72,18,72,0.25
292590,72,18,72,0.25
292593,72,6,72,0.08333333333333333
292595,72,0,72,0.0
292600,72,6,72,0.08333333333333333
292610,72,0,72,0.0
292620,72,0,72,0.0
292630,72,0,72,0.0
292640,72,0,72,0.0
292650,72,18,72,0.25
292660,72,0,72,0.0
292665,72,0,72,0.0
292670,72,0,72,0.0
292680,72,0,72,0.0
292690,72,0,72,0.0
292700,72,9,72,0.125
292710,72,0,72,0.0
292720,72,0,72,0.0
292730,72,0,72,0.0
292740,72,0,72,0.0
292750,72,36,72,0.5
292760,72,36,72,0.5
292770,72,0,72,0.0
292780,72,0,72,0.0
292790,72,0,72,0.0
292800,72,12,72,0.16666666666666666
292805,72,0,72,0.0
292810,72,0,72,0.0
292820,72,0,72,0.0
292830,72,24,72,0.3333333333333333
292840,72,0,72,0.0
292850,72,0,72,0.0
292860,72,0,72,0.0
292870,72,0,72,0.0
292880,72,0,72,0.0
292890,72,0,72,0.0
292895,72,0,72,0.0
292900,72,0,72,0.0
292905,72,0,72,0.0
292910,72,0,72,0.0
292920,72,0,72,0.0
292925,72,9,72,0.125
292930,72,0,72,0.0
292935,72,9,72,0.125
292937,72,0,72,0.0
292940,72,0,72,0.0
292950,72,0,72,0.0
292960,72,0,72,0.0
292970,72,9,72,0.125
292975,72,0,72,0.0
292980,72,12,72,0.16666666666666666
292990,72,0,72,0.0
293000,72,0,72,0.0
293010,72,0,72,0.0
293015,72,0,72,0.0
293020,72,63,72,0.875
293030,72,0,72,0.0
293040,72,0,72,0.0
293050,72,0,72,0.0
293060,72,9,72,0.125
293070,72,0,72,0.0
293075,72,0,72,0.0
293076,72,21,72,0.2916666666666667
293077,72,0,72,0.0
293080,72,18,72,0.25
293090,72,3,72,0.041666666666666664
293100,72,0,72,0.0
293105,72,9,72,0.125
293110,72,0,72,0.0
293120,72,18,72,0.25
293130,72,12,72,0.16666666666666666
293135,72,0,72,0.0
293140,72,24,72,0.3333333333333333
293150,72,9,72,0.125
293160,72,9,72,0.125
293170,72,36,72,0.5
293180,72,3,72,0.041666666666666664
293190,72,0,72,0.0
293200,72,0,72,0.0
293210,72,12,72,0.16666666666666666
293220,72,0,72,0.0
293230,72,21,72,0.2916666666666667
293240,72,0,72,0.0
293245,72,45,72,0.625
293250,72,0,72,0.0
293260,72,0,72,0.0
293270,72,0,72,0.0
293280,72,18,72,0.25
293290,72,0,72,0.0
293300,72,0,72,0.0
293305,72,27,72,0.375
293310,72,0,72,0.0
293315,72,36,72,0.5
293317,72,0,72,0.0
293320,72,0,72,0.0
293325,72,18,72,0.25
293330,72,0,72,0.0
293340,72,9,72,0.125
293345,72,0,72,0.0
293350,72,27,72,0.375
293360,72,27,72,0.375
310010,72,0,72,0.0
310020,72,0,72,0.0
310030,72,0,72,0.0
310040,72,0,72,0.0
310050,72,0,72,0.0
310060,72,0,72,0.0
310070,72,0,72,0.0
310080,72,0,72,0.0
310090,72,0,72,0.0
310100,72,0,72,0.0
310110,72,0,72,0.0
310120,72,0,72,0.0
310130,72,0,72,0.0
310140,72,0,72,0.0
310150,72,0,72,0.0
310160,72,0,72,0.0
310163,72,0,72,0.0
310170,72,0,72,0.0
310180,72,0,72,0.0
310190,72,0,72,0.0
310200,72,0,72,0.0
310205,72,0,72,0.0
310210,72,0,72,0.0
310220,72,0,72,0.0
310230,72,0,72,0.0
310240,72,0,72,0.0
310250,72,0,72,0.0
310260,72,0,72,0.0
310270,72,12,72,0.16666666666666666
310280,72,0,72,0.0
310285,72,0,72,0.0
310290,72,0,72,0.0
310300,72,0,72,0.0
310310,48,0,72,0.0
310320,24,0,72,0.0
310330,48,0,72,0.0
310340,72,0,72,0.0
310350,72,0,72,0.0
310360,72,0,72,0.0
310370,72,0,72,0.0
310375,72,0,72,0.0
310380,48,0,72,0.0
310390,72,0,72,0.0
310400,72,0,72,0.0
310410,72,0,72,0.0
310420,72,0,72,0.0
310430,72,0,72,0.0
310440,72,0,72,0.0
310445,72,0,72,0.0
310450,72,0,72,0.0
310460,72,0,72,0.0
310470,72,9,72,0.125
310480,72,0,72,0.0
310490,72,0,72,0.0
310500,72,0,72,0.0
310510,72,0,72,0.0
310520,72,0,72,0.0
310530,72,0,72,0.0
310540,72,0,72,0.0
310550,72,0,72,0.0
310560,72,0,72,0.0
310570,72,0,72,0.0
310590,72,0,72,0.0
310600,72,0,72,0.0
310610,72,0,72,0.0
310620,72,0,72,0.0
310630,72,0,72,0.0
310640,72,0,72,0.0
310650,72,0,72,0.0
310660,72,36,72,0.5
310665,72,0,72,0.0
310670,72,0,72,0.0
310680,72,0,72,0.0
310690,72,0,72,0.0
310700,72,0,72,0.0
310710,72,0,72,0.0
310720,72,0,72,0.0
310730,72,0,72,0.0
310740,72,0,72,0.0
310750,72,0,72,0.0
310760,72,0,72,0.0
310770,72,0,72,0.0
310780,72,0,72,0.0
310790,72,0,72,0.0
310800,72,0,72,0.0
310810,72,0,72,0.0
310820,72,0,72,0.0
310825,72,0,72,0.0
310830,72,0,72,0.0
310840,72,0,72,0.0
310850,72,0,72,0.0
310855,72,0,72,0.0
310860,72,0,72,0.0
310870,72,0,72,0.0
310880,72,0,72,0.0
310890,72,0,72,0.0
310900,72,0,72,0.0
310910,72,0,72,0.0
310920,72,0,72,0.0
310925,72,0,72,0.0
310930,72,0,72,0.0
310940,72,0,72,0.0
310945,72,0,72,0.0
310950,72,0,72,0.0
310960,72,0,72,0.0
310970,72,0,72,0.0
310980,48,0,72,0.0
310990,72,0,72,0.0
311000,72,0,72,0.0
311010,72,0,72,0.0
311020,72,0,72,0.0
311030,72,0,72,0.0
311040,72,0,72,0.0
311050,72,0,72,0.0
311060,72,0,72,0.0
311070,72,0,72,0.0
311080,72,0,72,0.0
311090,72,0,72,0.0
311100,72,0,72,0.0
311110,72,0,72,0.0
311115,72,0,72,0.0
311120,72,0,72,0.0
311130,72,0,72,0.0
311140,72,0,72,0.0
311150,72,0,72,0.0
311160,72,0,72,0.0
311170,72,0,72,0.0
311180,72,0,72,0.0
311190,72,0,72,0.0
311200,72,0,72,0.0
311205,72,0,72,0.0
311210,72,0,72,0.0
311220,72,0,72,0.0
311230,72,0,72,0.0
311240,72,0,72,0.0
311250,72,0,72,0.0
311260,72,0,72,0.0
311265,72,0,72,0.0
311270,72,0,72,0.0
311280,72,0,72,0.0
311290,72,0,72,0.0
311300,72,0,72,0.0
311310,72,0,72,0.0
311320,72,0,72,0.0
311330,72,0,72,0.0
311340,72,0,72,0.0
311350,72,0,72,0.0
311360,72,0,72,0.0
311370,72,0,72,0.0
311380,72,0,72,0.0
311390,72,0,72,0.0
311400,72,0,72,0.0
311410,72,0,72,0.0
311420,72,0,72,0.0
311430,72,0,72,0.0
311440,72,0,72,0.0
311450,72,0,72,0.0
311455,72,0,72,0.0
311460,72,0,72,0.0
311470,48,0,72,0.0
311480,72,0,72,0.0
311490,48,0,72,0.0
311500,72,0,72,0.0
311510,72,0,72,0.0
311520,72,0,72,0.0
311530,72,0,72,0.0
311535,72,0,72,0.0
311540,72,0,72,0.0
311545,72,0,72,0.0
311547,72,0,72,0.0
311550,72,0,72,0.0
311560,48,0,72,0.0
311570,72,0,72,0.0
311580,72,0,72,0.0
311590,72,0,72,0.0
311600,72,0,72,0.0
311610,72,0,72,0.0
311615,72,0,72,0.0
311620,48,0,72,0.0
311630,72,3,72,0.041666666666666664
311640,72,0,72,0.0
311650,72,0,72,0.0
311660,72,0,72,0.0
311670,72,0,72,0.0
311680,72,0,72,0.0
311690,72,0,72,0.0
311700,72,12,72,0.16666666666666666
311710,72,0,72,0.0
311720,72,0,72,0.0
311730,72,0,72,0.0
311740,72,0,72,0.0
311750,72,0,72,0.0
311760,72,0,72,0.0
311770,72,0,72,0.0
311780,72,0,72,0.0
311783,72,0,72,0.0
311787,72,0,72,0.0
311790,72,0,72,0.0
311800,72,0,72,0.0
311810,72,0,72,0.0
311820,72,0,72,0.0
311830,72,0,72,0.0
311840,72,0,72,0.0
311850,24,0,72,0.0
311860,72,0,72,0.0
311870,72,0,72,0.0
311880,72,0,72,0.0
311890,72,0,72,0.0
311900,72,0,72,0.0
311910,72,0,72,0.0
311920,72,0,72,0.0
311930,72,0,72,0.0
311940,72,0,72,0.0
311950,72,0,72,0.0
311960,72,0,72,0.0
311970,72,0,72,0.0
311980,72,0,72,0.0
311990,72,0,72,0.0
311995,72,0,72,0.0
312000,72,0,72,0.0
312010,72,0,72,0.0
312015,72,0,72,0.0
312020,72,0,72,0.0
312030,72,0,72,0.0
312040,72,0,72,0.0
312050,72,0,72,0.0
312060,72,0,72,0.0
312070,72,0,72,0.0
312080,72,0,72,0.0
312083,72,0,72,0.0
312087,72,18,72,0.25
312090,72,0,72,0.0
312100,72,0,72,0.0
312110,72,0,72,0.0
312120,72,0,72,0.0
312125,72,0,72,0.0
312130,72,0,72,0.0
312140,72,0,72,0.0
312150,72,0,72,0.0
312160,72,0,72,0.0
312170,72,0,72,0.0
312180,72,0,72,0.0
312190,72,0,72,0.0
312200,72,0,72,0.0
312210,72,0,72,0.0
312220,72,0,72,0.0
312230,72,0,72,0.0
312235,72,0,72,0.0
312240,72,0,72,0.0
312245,72,0,72,0.0
312247,72,0,72,0.0
312250,72,0,72,0.0
312260,72,0,72,0.0
312270,72,0,72,0.0
312280,72,0,72,0.0
312290,72,0,72,0.0
312300,72,0,72,0.0
312310,72,0,72,0.0
312320,72,0,72,0.0
312330,72,0,72,0.0
312340,48,0,72,0.0
312350,48,0,72,0.0
312352,72,0,72,0.0
312360,72,0,72,0.0
312370,72,0,72,0.0
312380,72,0,72,0.0
312385,72,0,72,0.0
312390,72,0,72,0.0
312400,72,0,72,0.0
312410,72,0,72,0.0
312420,72,0,72,0.0
312430,72,0,72,0.0
312440,72,0,72,0.0
312450,72,0,72,0.0
312460,48,0,72,0.0
312470,48,0,72,0.0
312480,72,0,72,0.0
312490,72,0,72,0.0
312500,72,0,72,0.0
312510,72,0,72,0.0
312520,48,0,72,0.0
312530,72,0,72,0.0
312540,72,0,72,0.0
312550,72,0,72,0.0
312560,72,0,72,0.0
312570,72,0,72,0.0
312580,72,0,72,0.0
312590,72,0,72,0.0
312595,72,0,72,0.0
312600,72,0,72,0.0
312610,72,0,72,0.0
312620,72,0,72,0.0
312630,72,0,72,0.0
312640,72,0,72,0.0
312650,72,0,72,0.0
312660,72,0,72,0.0
312670,72,0,72,0.0
312675,72,0,72,0.0
312680,72,45,72,0.625
312690,72,0,72,0.0
312695,72,0,72,0.0
312700,72,0,72,0.0
312705,72,21,72,0.2916666666666667
312707,72,0,72,0.0
312710,72,0,72,0.0
312720,72,0,72,0.0
312730,72,0,72,0.0
312733,72,0,72,0.0
312735,72,0,72,0.0
312737,72,0,72,0.0
312738,72,0,72,0.0
312740,72,0,72,0.0
312750,72,0,72,0.0
312760,72,0,72,0.0
312770,72,0,72,0.0
312780,72,0,72,0.0
312790,48,0,72,0.0
312800,72,0,72,0.0
312810,72,0,72,0.0
312820,72,0,72,0.0
312825,72,0,72,0.0
312830,72,0,72,0.0
312840,72,0,72,0.0
312850,72,0,72,0.0
312860,72,0,72,0.0
312870,72,0,72,0.0
312880,72,0,72,0.0
312890,72,0,72,0.0
312900,72,0,72,0.0
312910,72,0,72,0.0
312920,72,0,72,0.0
312930,72,0,72,0.0
312940,72,0,72,0.0
312950,72,0,72,0.0
312960,72,0,72,0.0
312965,72,27,72,0.375
312970,72,0,72,0.0
312980,72,0,72,0.0
312990,72,0,72,0.0
313000,72,0,72,0.0
313005,72,0,72,0.0
313010,72,0,72,0.0
313020,72,0,72,0.0
313030,72,0,72,0.0
313040,72,0,72,0.0
313050,72,0,72,0.0
313055,72,0,72,0.0
313060,72,0,72,0.0
313065,72,0,72,0.0
313070,72,0,72,0.0
313080,72,0,72,0.0
313090,72,0,72,0.0
313100,72,0,72,0.0
313110,72,0,72,0.0
313115,72,0,72,0.0
313120,72,0,72,0.0
313130,72,0,72,0.0
313140,72,0,72,0.0
313150,72,0,72,0.0
313160,72,0,72,0.0
313170,72,0,72,0.0
313180,72,0,72,0.0
313190,72,0,72,0.0
313200,72,0,72,0.0
313210,72,0,72,0.0
313220,72,0,72,0.0
313230,72,0,72,0.0
313240,72,0,72,0.0
313250,72,0,72,0.0
313260,72,0,72,0.0
313270,72,0,72,0.0
313280,48,0,72,0.0
313290,72,0,72,0.0
313300,72,0,72,0.0
313310,72,0,72,0.0
313320,72,0,72,0.0
313330,72,0,72,0.0
313340,72,0,72,0.0
313350,72,0,72,0.0
313360,72,0,72,0.0
313370,72,0,72,0.0
313375,72,0,72,0.0
313380,72,0,72,0.0
313390,72,0,72,0.0
313400,72,0,72,0.0
313410,72,0,72,0.0
313420,72,0,72,0.0
313430,72,0,72,0.0
313440,72,0,72,0.0
313450,72,0,72,0.0
313460,72,0,72,0.0
313470,72,0,72,0.0
313480,72,0,72,0.0
313490,72,0,72,0.0
313500,72,0,72,0.0
313505,72,0,72,0.0
313507,72,0,72,0.0
313510,72,0,72,0.0
313520,72,0,72,0.0
313530,72,0,72,0.0
313535,72,0,72,0.0
313540,72,0,72,0.0
313545,72,0,72,0.0
313550,72,0,72,0.0
313560,72,0,72,0.0
313570,72,0,72,0.0
313580,72,0,72,0.0
313590,72,0,72,0.0
313600,72,18,72,0.25
313610,72,0,72,0.0
313620,72,0,72,0.0
313630,72,0,72,0.0
313640,72,0,72,0.0
313650,72,0,72,0.0
313652,72,0,72,0.0
313655,72,0,72,0.0
313657,72,27,72,0.375
313660,72,0,72,0.0
313665,72,0,72,0.0
313670,72,0,72,0.0
313680,72,0,72,0.0
313690,72,0,72,0.0
313695,72,0,72,0.0
313700,72,9,72,0.125
313710,72,0,72,0.0
313720,72,0,72,0.0
313730,72,0,72,0.0
313740,72,0,72,0.0
313750,72,0,72,0.0
313753,72,0,72,0.0
313760,72,0,72,0.0
313770,72,0,72,0.0
313780,72,0,72,0.0
313790,72,0,72,0.0
313800,72,0,72,0.0
313810,72,0,72,0.0
313820,72,0,72,0.0
313830,72,0,72,0.0
313835,72,0,72,0.0
313840,72,0,72,0.0
313850,72,0,72,0.0
313860,72,0,72,0.0
313862,72,0,72,0.0
313865,72,0,72,0.0
313867,72,0,72,0.0
313868,72,0,72,0.0
313870,72,0,72,0.0
313880,72,0,72,0.0
313890,72,0,72,0.0
313900,72,0,72,0.0
313910,72,0,72,0.0
313920,72,0,72,0.0
313925,72,0,72,0.0
313930,72,0,72,0.0
313940,72,0,72,0.0
313950,72,0,72,0.0
313960,72,0,72,0.0
313970,72,0,72,0.0
313980,72,0,72,0.0
313990,72,0,72,0.0
314000,72,0,72,0.0
314010,72,0,72,0.0
314015,72,0,72,0.0
314020,72,0,72,0.0
314030,72,0,72,0.0
314040,72,0,72,0.0
314050,72,0,72,0.0
314053,72,0,72,0.0
314055,72,9,72,0.125
314060,72,0,72,0.0
314070,72,0,72,0.0
314080,72,0,72,0.0
314085,72,0,72,0.0
314090,72,0,72,0.0
314100,72,0,72,0.0
314110,72,0,72,0.0
314120,72,0,72,0.0
314130,72,0,72,0.0
314140,72,0,72,0.0
314150,72,0,72,0.0
314160,72,0,72,0.0
314170,72,0,72,0.0
314180,72,0,72,0.0
314190,72,0,72,0.0
314200,72,0,72,0.0
314210,72,0,72,0.0
314220,72,0,72,0.0
314225,72,0,72,0.0
314230,72,0,72,0.0
314240,72,0,72,0.0
314250,48,0,72,0.0
314260,72,0,72,0.0
314270,72,0,72,0.0
314280,72,0,72,0.0
314290,72,0,72,0.0
314300,72,0,72,0.0
314310,72,0,72,0.0
314315,72,6,72,0.08333333333333333
314320,72,0,72,0.0
314330,72,0,72,0.0
314340,72,0,72,0.0
314345,72,0,72,0.0
314350,72,0,72,0.0
314360,48,0,72,0.0
314370,72,18,72,0.25
314380,72,0,72,0.0
314390,72,0,72,0.0
314400,72,0,72,0.0
314410,72,0,72,0.0
314420,72,0,72,0.0
314430,72,0,72,0.0
314435,72,0,72,0.0
314437,72,0,72,0.0
314440,72,0,72,0.0
314450,72,0,72,0.0
314460,72,0,72,0.0
314465,72,0,72,0.0
314467,72,0,72,0.0
314470,72,0,72,0.0
314480,72,0,72,0.0
314490,72,0,72,0.0
314500,72,0,72,0.0
314505,72,0,72,0.0
314510,72,0,72,0.0
314520,72,0,72,0.0
314530,72,0,72,0.0
314535,72,18,72,0.25
314537,72,0,72,0.0
314540,24,0,72,0.0
314545,72,0,72,0.0
314550,72,0,72,0.0
314560,72,0,72,0.0
314570,48,0,72,0.0
314580,72,0,72,0.0
314585,72,0,72,0.0
314587,72,0,72,0.0
314590,72,0,72,0.0
314600,72,0,72,0.0
314610,72,0,72,0.0
314620,72,18,72,0.25
314625,72,0,72,0.0
314630,72,0,72,0.0
314640,72,0,72,0.0
314650,72,0,72,0.0
314655,72,0,72,0.0
314660,48,0,72,0.0
314670,72,0,72,0.0
314675,72,24,72,0.3333333333333333
314690,72,0,72,0.0
314700,72,0,72,0.0
314710,72,0,72,0.0
314720,72,0,72,0.0
314730,72,0,72,0.0
314740,72,0,72,0.0
314750,48,0,72,0.0
314760,72,0,72,0.0
314770,72,0,72,0.0
314780,72,0,72,0.0
314790,72,0,72,0.0
314795,72,0,72,0.0
314800,72,0,72,0.0
314810,72,0,72,0.0
314820,72,0,72,0.0
314830,72,0,72,0.0
314840,72,0,72,0.0
314850,72,0,72,0.0
314860,72,0,72,0.0
314870,72,0,72,0.0
314875,72,0,72,0.0
314880,48,0,72,0.0
314890,72,0,72,0.0
314900,72,0,72,0.0
314910,72,0,72,0.0
314915,72,0,72,0.0
314920,72,0,72,0.0
314930,72,0,72,0.0
314940,72,0,72,0.0
314950,72,0,72,0.0
314960,72,0,72,0.0
314970,72,0,72,0.0
314980,72,0,72,0.0
314990,72,0,72,0.0
314995,72,0,72,0.0
315000,72,0,72,0.0
315010,72,0,72,0.0
315015,72,0,72,0.0
315020,72,0,72,0.0
315030,72,0,72,0.0
315040,72,0,72,0.0
315050,72,0,72,0.0
315053,72,0,72,0.0
315057,72,0,72,0.0
315060,72,0,72,0.0
315070,72,0,72,0.0
315080,72,0,72,0.0
315090,72,0,72,0.0
315100,72,0,72,0.0
315110,72,0,72,0.0
315120,72,0,72,0.0
315130,72,0,72,0.0
315140,72,0,72,0.0
315150,72,0,72,0.0
315160,72,0,72,0.0
315170,72,0,72,0.0
315180,72,0,72,0.0
315190,72,0,72,0.0
315200,72,0,72,0.0
315210,72,0,72,0.0
315213,72,0,72,0.0
315217,72,3,72,0.041666666666666664
315220,72,0,72,0.0
315230,72,0,72,0.0
315240,72,0,72,0.0
315250,72,0,72,0.0
315260,72,0,72,0.0
315270,72,0,72,0.0
315280,72,0,72,0.0
315290,72,0,72,0.0
315300,72,0,72,0.0
315310,72,0,72,0.0
315320,72,0,72,0.0
315330,72,0,72,0.0
315340,72,0,72,0.0
315350,72,0,72,0.0
315360,72,0,72,0.0
315370,72,0,72,0.0
315380,72,0,72,0.0
315390,72,0,72,0.0
315400,72,0,72,0.0
315410,72,0,72,0.0
315415,72,0,72,0.0
315420,72,0,72,0.0
315430,72,0,72,0.0
315440,72,0,72,0.0
315445,72,0,72,0.0
315450,72,0,72,0.0
315460,72,0,72,0.0
315470,72,0,72,0.0
315480,72,0,72,0.0
315490,72,0,72,0.0
315500,72,0,72,0.0
315510,72,0,72,0.0
315520,72,0,72,0.0
315530,72,0,72,0.0
315540,72,0,72,0.0
315550,72,0,72,0.0
315560,72,0,72,0.0
315570,72,0,72,0.0
315580,72,0,72,0.0
315590,72,0,72,0.0
315600,72,0,72,0.0
315610,72,0,72,0.0
315620,72,0,72,0.0
315630,72,0,72,0.0
315640,72,0,72,0.0
315645,72,0,72,0.0
315650,72,24,72,0.3333333333333333
315660,72,0,72,0.0
315670,72,0,72,0.0
315680,72,0,72,0.0
315690,72,0,72,0.0
315700,72,0,72,0.0
315710,72,0,72,0.0
315720,72,0,72,0.0
315725,72,0,72,0.0
315727,72,0,72,0.0
315730,72,0,72,0.0
315733,72,0,72,0.0
315737,72,9,72,0.125
315740,72,0,72,0.0
315750,72,0,72,0.0
315760,72,0,72,0.0
315765,72,36,72,0.5
315770,72,0,72,0.0
315780,72,0,72,0.0
315790,72,0,72,0.0
315800,72,0,72,0.0
315810,72,0,72,0.0
315820,72,0,72,0.0
315830,72,0,72,0.0
315840,72,0,72,0.0
315850,72,0,72,0.0
315860,48,0,72,0.0
315870,48,0,72,0.0
315880,72,0,72,0.0
315890,72,0,72,0.0
315895,72,0,72,0.0
315900,72,0,72,0.0
315910,72,0,72,0.0
315920,72,0,72,0.0
315930,72,0,72,0.0
315935,72,0,72,0.0
315940,72,0,72,0.0
315950,72,0,72,0.0
315960,72,0,72,0.0
315970,72,0,72,0.0
315980,72,0,72,0.0
315990,72,0,72,0.0
316000,72,0,72,0.0
316010,72,0,72,0.0
316020,72,6,72,0.08333333333333333
316030,72,9,72,0.125
316040,72,0,72,0.0
316045,72,6,72,0.08333333333333333
316050,48,0,72,0.0
316060,72,0,72,0.0
316070,72,0,72,0.0
316080,72,0,72,0.0
316090,72,0,72,0.0
316095,72,0,72,0.0
316100,72,0,72,0.0
316105,72,0,72,0.0
316110,72,0,72,0.0
316120,72,0,72,0.0
316130,72,0,72,0.0
316140,72,0,72,0.0
316150,72,0,72,0.0
316160,72,0,72,0.0
316165,72,0,72,0.0
316170,72,0,72,0.0
316180,72,0,72,0.0
316190,72,0,72,0.0
316200,72,0,72,0.0
316210,72,0,72,0.0
316220,72,0,72,0.0
316225,72,0,72,0.0
316230,72,0,72,0.0
316240,72,0,72,0.0
316245,72,18,72,0.25
316250,72,0,72,0.0
316255,72,0,72,0.0
316257,72,0,72,0.0
316260,72,0,72,0.0
316265,72,0,72,0.0
316270,72,0,72,0.0
316280,72,0,72,0.0
316290,72,0,72,0.0
316292,72,0,72,0.0
316294,72,0,72,0.0
316295,72,0,72,0.0
316300,72,9,72,0.125
316310,72,0,72,0.0
316320,72,0,72,0.0
316330,72,0,72,0.0
316340,72,0,72,0.0
316350,72,0,72,0.0
316360,72,0,72,0.0
316370,72,0,72,0.0
316380,72,0,72,0.0
316390,72,0,72,0.0
316400,72,0,72,0.0
316410,72,0,72,0.0
316420,72,0,72,0.0
316430,72,0,72,0.0
316440,72,0,72,0.0
316443,72,0,72,0.0
316447,72,0,72,0.0
316450,72,0,72,0.0
316460,72,0,72,0.0
316470,72,0,72,0.0
316480,48,0,72,0.0
316490,72,0,72,0.0
316500,72,0,72,0.0
316510,72,0,72,0.0
316520,72,0,72,0.0
316530,72,0,72,0.0
316540,72,0,72,0.0
316550,72,0,72,0.0
316553,72,0,72,0.0
316555,72,0,72,0.0
316556,72,0,72,0.0
316557,72,0,72,0.0
316560,72,0,72,0.0
316570,72,0,72,0.0
316580,24,0,72,0.0
316590,72,0,72,0.0
316600,72,0,72,0.0
316610,72,0,72,0.0
316620,72,0,72,0.0
316630,72,0,72,0.0
316640,48,0,72,0.0
316650,72,0,72,0.0
316660,24,0,72,0.0
316670,72,0,72,0.0
316680,72,0,72,0.0
316690,72,0,72,0.0
316695,72,0,72,0.0
316700,72,0,72,0.0
316710,72,0,72,0.0
316720,72,0,72,0.0
316730,72,0,72,0.0
316740,72,0,72,0.0
316750,72,0,72,0.0
316760,72,0,72,0.0
316770,72,0,72,0.0
316780,72,0,72,0.0
316790,72,0,72,0.0
316800,72,0,72,0.0
316805,72,0,72,0.0
316810,72,0,72,0.0
316820,48,0,72,0.0
316830,72,0,72,0.0
316840,72,0,72,0.0
316850,72,0,72,0.0
316860,72,0,72,0.0
316870,72,0,72,0.0
316880,72,0,72,0.0
316890,72,0,72,0.0
316900,72,0,72,0.0
316905,72,0,72,0.0
316910,72,0,72,0.0
316920,72,0,72,0.0
316930,72,0,72,0.0
316935,72,0,72,0.0
316940,72,0,72,0.0
316950,72,0,72,0.0
316960,72,0,72,0.0
316970,72,0,72,0.0
316980,72,0,72,0.0
316990,72,0,72,0.0
317000,72,0,72,0.0
317005,72,0,72,0.0
317010,72,0,72,0.0
317020,72,0,72,0.0
317030,72,0,72,0.0
317040,72,0,72,0.0
317043,72,0,72,0.0
317047,72,0,72,0.0
317050,72,0,72,0.0
317052,72,0,72,0.0
317057,72,0,72,0.0
317060,72,0,72,0.0
317065,72,0,72,0.0
317070,72,0,72,0.0
317075,72,0,72,0.0
317080,72,0,72,0.0
317090,72,18,72,0.25
317100,72,0,72,0.0
317103,72,0,72,0.0
317107,72,0,72,0.0
317110,72,0,72,0.0
317115,72,0,72,0.0
317120,72,0,72,0.0
317130,72,0,72,0.0
317140,72,0,72,0.0
317150,72,0,72,0.0
317160,72,0,72,0.0
317170,72,0,72,0.0
317180,72,0,72,0.0
317190,72,0,72,0.0
317200,72,0,72,0.0
317210,72,0,72,0.0
317220,72,0,72,0.0
320010,72,0,72,0.0
320013,72,0,72,0.0
320016,72,0,72,0.0
320020,72,0,72,0.0
320030,72,0,72,0.0
320035,72,0,72,0.0
320040,72,0,72,0.0
320050,72,0,72,0.0
320060,72,0,72,0.0
320070,72,0,72,0.0
320080,72,0,72,0.0
320090,72,0,72,0.0
320100,72,0,72,0.0
320110,72,0,72,0.0
320115,72,0,72,0.0
320120,72,0,72,0.0
320130,72,0,72,0.0
320140,72,0,72,0.0
320150,72,0,72,0.0
320160,72,0,72,0.0
320170,72,0,72,0.0
320180,72,0,72,0.0
320190,72,0,72,0.0
320200,72,0,72,0.0
320210,72,0,72,0.0
320220,72,0,72,0.0
320225,72,0,72,0.0
320230,72,0,72,0.0
320240,72,0,72,0.0
320245,72,0,72,0.0
320250,72,0,72,0.0
320255,72,0,72,0.0
320260,72,0,72,0.0
320265,72,0,72,0.0
320270,72,0,72,0.0
320280,72,0,72,0.0
320290,72,0,72,0.0
320300,72,0,72,0.0
320305,72,0,72,0.0
320310,72,0,72,0.0
320313,72,0,72,0.0
320316,72,0,72,0.0
320320,72,0,72,0.0
320330,72,0,72,0.0
320332,72,0,72,0.0
320334,72,0,72,0.0
320335,72,0,72,0.0
320340,72,0,72,0.0
320350,72,0,72,0.0
320360,72,0,72,0.0
320370,72,0,72,0.0
320380,72,0,72,0.0
320390,72,0,72,0.0
320400,72,0,72,0.0
320405,72,0,72,0.0
320410,72,0,72,0.0
320420,72,0,72,0.0
320425,72,0,72,0.0
320430,72,0,72,0.0
320435,72,0,72,0.0
320440,72,0,72,0.0
320450,72,0,72,0.0
320455,72,0,72,0.0
320460,72,0,72,0.0
320465,72,0,72,0.0
320470,72,0,72,0.0
320480,72,0,72,0.0
320490,72,0,72,0.0
320495,72,0,72,0.0
320500,72,0,72,0.0
320501,72,0,72,0.0
320503,72,0,72,0.0
320506,72,0,72,0.0
320510,72,0,72,0.0
320515,72,0,72,0.0
320517,72,0,72,0.0
320520,72,0,72,0.0
320530,72,0,72,0.0
330010,72,0,72,0.0
330015,72,0,72,0.0
330020,72,0,72,0.0
330022,72,0,72,0.0
330023,72,0,72,0.0
330025,72,0,72,0.0
330030,72,0,72,0.0
330040,72,0,72,0.0
330045,72,0,72,0.0
330050,72,0,72,0.0
330060,72,0,72,0.0
330070,72,0,72,0.0
330080,72,0,72,0.0
330090,72,0,72,0.0
330093,72,0,72,0.0
330095,72,0,72,0.0
330100,72,0,72,0.0
330110,72,0,72,0.0
330115,72,0,72,0.0
330120,72,0,72,0.0
330130,72,0,72,0.0
330140,72,0,72,0.0
330150,72,0,72,0.0
330160,72,0,72,0.0
330170,72,0,72,0.0
330180,72,0,72,0.0
330185,72,0,72,0.0
330187,72,0,72,0.0
330190,72,0,72,0.0
330200,72,0,72,0.0
330205,72,0,72,0.0
330210,72,0,72,0.0
330220,72,0,72,0.0
330225,72,0,72,0.0
330227,72,0,72,0.0
330230,72,0,72,0.0
330240,72,0,72,0.0
330245,72,0,72,0.0
330250,72,0,72,0.0
330260,72,0,72,0.0
330270,72,0,72,0.0
330280,72,0,72,0.0
330285,72,0,72,0.0
330290,72,0,72,0.0
330300,72,0,72,0.0
330310,72,0,72,0.0
330320,72,0,72,0.0
330330,72,0,72,0.0
330340,72,0,72,0.0
330350,72,0,72,0.0
330360,72,0,72,0.0
330370,72,0,72,0.0
330380,72,0,72,0.0
330385,72,0,72,0.0
330390,72,0,72,0.0
330395,72,0,72,0.0
330400,72,0,72,0.0
330410,72,0,72,0.0
330411,72,0,72,0.0
330412,72,0,72,0.0
330414,72,0,72,0.0
330415,72,0,72,0.0
330420,72,0,72,0.0
330430,72,0,72,0.0
330440,72,0,72,0.0
330450,72,0,72,0.0
330452,72,0,72,0.0
330455,72,0,72,0.0
330460,72,0,72,0.0
330470,72,0,72,0.0
330475,72,0,72,0.0
330480,72,0,72,0.0
330490,72,0,72,0.0
330500,72,0,72,0.0
330510,72,0,72,0.0
330513,72,0,72,0.0
330515,72,0,72,0.0
330520,72,0,72,0.0
330530,72,0,72,0.0
330540,72,0,72,0.0
330550,72,0,72,0.0
330555,72,0,72,0.0
330560,72,0,72,0.0
330570,72,0,72,0.0
330575,72,0,72,0.0
330580,72,0,72,0.0
330590,72,0,72,0.0
330600,72,0,72,0.0
330610,72,0,72,0.0
330615,72,0,72,0.0
330620,72,0,72,0.0
330630,72,0,72,0.0
350010,72,0,72,0.0
350020,72,0,72,0.0
350030,72,0,72,0.0
350040,72,0,72,0.0
350050,72,0,72,0.0
350055,72,0,72,0.0
350060,72,0,72,0.0
350070,72,0,72,0.0
350075,72,0,72,0.0
350080,72,0,72,0.0
350090,72,0,72,0.0
350100,72,0,72,0.0
350110,72,0,72,0.0
350115,72,0,72,0.0
350120,72,0,72,0.0
350130,72,0,72,0.0
350140,72,0,72,0.0
350150,72,0,72,0.0
350160,72,0,72,0.0
350170,72,0,72,0.0
350180,72,0,72,0.0
350190,72,0,72,0.0
350200,72,0,72,0.0
350210,72,0,72,0.0
350220,72,0,72,0.0
350230,72,0,72,0.0
350240,72,0,72,0.0
350250,72,0,72,0.0
350260,72,0,72,0.0
350270,72,0,72,0.0
350275,72,0,72,0.0
350280,72,0,72,0.0
350290,72,0,72,0.0
350300,72,0,72,0.0
350310,72,0,72,0.0
350315,72,0,72,0.0
350320,72,0,72,0.0
350330,72,0,72,0.0
350335,48,0,72,0.0
350340,72,0,72,0.0
350350,72,0,72,0.0
350360,72,0,72,0.0
350370,72,0,72,0.0
350380,72,0,72,0.0
350390,72,0,72,0.0
350395,48,0,72,0.0
350400,72,0,72,0.0
350410,72,0,72,0.0
350420,72,0,72,0.0
350430,72,0,72,0.0
350440,72,0,72,0.0
350450,72,0,72,0.0
350460,72,0,72,0.0
350470,48,0,72,0.0
350480,72,0,72,0.0
350490,72,0,72,0.0
350500,72,0,72,0.0
350510,72,0,72,0.0
350520,72,0,72,0.0
350530,72,0,72,0.0
350535,72,0,72,0.0
350540,72,0,72,0.0
350550,72,0,72,0.0
350560,72,0,72,0.0
350570,72,0,72,0.0
350580,72,0,72,0.0
350590,72,0,72,0.0
350600,72,0,72,0.0
350610,72,0,72,0.0
350620,72,0,72,0.0
350630,72,0,72,0.0
350635,72,0,72,0.0
350640,72,0,72,0.0
350650,72,0,72,0.0
350660,72,0,72,0.0
350670,72,0,72,0.0
350680,72,0,72,0.0
350690,72,0,72,0.0
350700,72,0,72,0.0
350710,72,0,72,0.0
350715,72,0,72,0.0
350720,48,0,72,0.0
350730,72,0,72,0.0
350740,72,0,72,0.0
350745,72,0,72,0.0
350750,72,0,72,0.0
350760,72,0,72,0.0
350770,72,0,72,0.0
350775,72,0,72,0.0
350780,72,0,72,0.0
350790,72,0,72,0.0
350800,72,0,72,0.0
350810,72,0,72,0.0
350820,48,0,72,0.0
350830,72,0,72,0.0
350840,72,0,72,0.0
350850,72,0,72,0.0
350860,72,0,72,0.0
350870,72,0,72,0.0
350880,72,0,72,0.0
350890,72,0,72,0.0
350900,72,0,72,0.0
350910,72,0,72,0.0
350920,72,0,72,0.0
350925,72,0,72,0.0
350930,72,0,72,0.0
350940,72,0,72,0.0
350945,72,0,72,0.0
350950,72,0,72,0.0
350960,72,0,72,0.0
350970,72,0,72,0.0
350980,72,0,72,0.0
350990,72,0,72,0.0
350995,72,0,72,0.0
351000,72,0,72,0.0
351010,72,0,72,0.0
351015,72,0,72,0.0
351020,72,0,72,0.0
351030,72,0,72,0.0
351040,72,0,72,0.0
351050,72,0,72,0.0
351060,72,0,72,0.0
351070,72,0,72,0.0
351080,72,0,72,0.0
351090,48,0,72,0.0
351100,72,0,72,0.0
351110,72,0,72,0.0
351120,72,0,72,0.0
351130,72,0,72,0.0
351140,72,0,72,0.0
351150,72,0,72,0.0
351160,72,0,72,0.0
351170,72,0,72,0.0
351190,72,0,72,0.0
351200,72,0,72,0.0
351210,72,0,72,0.0
351220,72,0,72,0.0
351230,72,0,72,0.0
351240,72,0,72,0.0
351250,72,0,72,0.0
351260,72,0,72,0.0
351270,48,0,72,0.0
351280,72,0,72,0.0
351290,72,0,72,0.0
351300,72,0,72,0.0
351310,72,0,72,0.0
351320,72,0,72,0.0
351330,72,0,72,0.0
351340,72,0,72,0.0
351350,72,0,72,0.0
351360,72,0,72,0.0
351370,72,0,72,0.0
351380,72,0,72,0.0
351385,48,0,72,0.0
351390,72,0,72,0.0
351400,72,0,72,0.0
351410,72,0,72,0.0
351420,72,0,72,0.0
351430,48,0,72,0.0
351440,72,0,72,0.0
351450,72,0,72,0.0
351460,72,0,72,0.0
351470,72,0,72,0.0
351480,72,0,72,0.0
351490,72,0,72,0.0
351492,72,0,72,0.0
351495,24,0,72,0.0
351500,72,0,72,0.0
351510,72,0,72,0.0
351512,72,0,72,0.0
351515,72,0,72,0.0
351518,72,0,72,0.0
351519,72,0,72,0.0
351520,72,0,72,0.0
351530,72,0,72,0.0
351535,72,0,72,0.0
351540,72,0,72,0.0
351550,72,0,72,0.0
351560,72,0,72,0.0
351565,48,0,72,0.0
351570,72,0,72,0.0
351580,48,0,72,0.0
351590,72,0,72,0.0
351600,72,0,72,0.0
351610,48,0,72,0.0
351620,72,0,72,0.0
351630,72,0,72,0.0
351640,72,0,72,0.0
351650,72,0,72,0.0
351660,72,0,72,0.0
351670,72,0,72,0.0
351680,72,0,72,0.0
351685,72,0,72,0.0
351690,72,0,72,0.0
351700,72,0,72,0.0
351710,72,0,72,0.0
351720,72,0,72,0.0
351730,72,0,72,0.0
351740,72,0,72,0.0
351750,72,0,72,0.0
351760,72,0,72,0.0
351770,72,0,72,0.0
351780,72,0,72,0.0
351790,72,0,72,0.0
351800,48,0,72,0.0
351810,72,0,72,0.0
351820,72,0,72,0.0
351830,72,0,72,0.0
351840,72,0,72,0.0
351850,72,0,72,0.0
351860,72,0,72,0.0
351870,72,0,72,0.0
351880,72,0,72,0.0
351885,72,0,72,0.0
351890,72,0,72,0.0
351900,48,0,72,0.0
351905,72,0,72,0.0
351907,72,0,72,0.0
351910,72,0,72,0.0
351920,72,0,72,0.0
351925,72,0,72,0.0
351930,72,0,72,0.0
351940,72,0,72,0.0
351950,72,0,72,0.0
351960,72,0,72,0.0
351970,72,0,72,0.0
351980,72,0,72,0.0
351990,72,0,72,0.0
352000,72,0,72,0.0
352010,72,0,72,0.0
352020,72,0,72,0.0
352030,72,0,72,0.0
352040,72,0,72,0.0
352042,72,0,72,0.0
352044,72,0,72,0.0
352050,72,0,72,0.0
352060,72,0,72,0.0
352070,72,0,72,0.0
352080,72,0,72,0.0
352090,72,0,72,0.0
352100,72,0,72,0.0
352110,72,0,72,0.0
352115,72,0,72,0.0
352120,72,0,72,0.0
352130,72,0,72,0.0
352140,72,0,72,0.0
352150,72,0,72,0.0
352160,72,0,72,0.0
352170,72,0,72,0.0
352180,72,0,72,0.0
352190,72,0,72,0.0
352200,72,0,72,0.0
352210,72,0,72,0.0
352215,72,0,72,0.0
352220,72,0,72,0.0
352230,72,0,72,0.0
352240,72,0,72,0.0
352250,72,0,72,0.0
352260,72,0,72,0.0
352265,72,0,72,0.0
352270,72,0,72,0.0
352280,72,0,72,0.0
352290,72,0,72,0.0
352300,72,0,72,0.0
352310,72,0,72,0.0
352320,72,0,72,0.0
352330,72,0,72,0.0
352340,72,0,72,0.0
352350,72,0,72,0.0
352360,72,0,72,0.0
352370,72,0,72,0.0
352380,72,0,72,0.0
352390,72,0,72,0.0
352400,72,0,72,0.0
352410,72,0,72,0.0
352420,72,0,72,0.0
352430,72,0,72,0.0
352440,72,0,72,0.0
352450,72,0,72,0.0
352460,72,0,72,0.0
352470,72,0,72,0.0
352480,72,0,72,0.0
352490,72,0,72,0.0
352500,72,0,72,0.0
352510,72,0,72,0.0
352520,72,0,72,0.0
352530,72,0,72,0.0
352540,72,0,72,0.0
352550,72,0,72,0.0
352560,72,0,72,0.0
352570,72,0,72,0.0
352580,72,0,72,0.0
352585,72,0,72,0.0
352590,72,0,72,0.0
352600,72,0,72,0.0
352610,72,0,72,0.0
352620,72,0,72,0.0
352630,72,0,72,0.0
352640,72,0,72,0.0
352650,72,0,72,0.0
352660,72,0,72,0.0
352670,72,0,72,0.0
352680,72,0,72,0.0
352690,72,0,72,0.0
352700,48,0,72,0.0
352710,72,0,72,0.0
352720,72,0,72,0.0
352725,48,0,72,0.0
352730,72,0,72,0.0
352740,72,0,72,0.0
352750,72,0,72,0.0
352760,72,0,72,0.0
352770,72,0,72,0.0
352780,72,0,72,0.0
352790,72,0,72,0.0
352800,72,0,72,0.0
352810,72,0,72,0.0
352820,72,0,72,0.0
352830,72,0,72,0.0
352840,72,0,72,0.0
352850,72,0,72,0.0
352860,72,0,72,0.0
352870,72,0,72,0.0
352880,72,0,72,0.0
352885,72,0,72,0.0
352890,72,0,72,0.0
352900,72,0,72,0.0
352910,48,0,72,0.0
352920,72,0,72,0.0
352930,72,0,72,0.0
352940,72,0,72,0.0
352950,72,0,72,0.0
352960,72,0,72,0.0
352965,72,0,72,0.0
352970,72,0,72,0.0
352980,72,0,72,0.0
352990,72,0,72,0.0
353000,72,0,72,0.0
353010,72,0,72,0.0
353020,72,0,72,0.0
353030,72,0,72,0.0
353040,72,0,72,0.0
353050,72,0,72,0.0
353060,72,0,72,0.0
353070,72,0,72,0.0
353080,72,0,72,0.0
353090,72,0,72,0.0
353100,48,0,72,0.0
353110,72,0,72,0.0
353120,72,0,72,0.0
353130,72,0,72,0.0
353140,72,0,72,0.0
353150,72,0,72,0.0
353160,72,0,72,0.0
353170,72,0,72,0.0
353180,72,0,72,0.0
353190,72,0,72,0.0
353200,72,0,72,0.0
353205,48,0,72,0.0
353210,72,0,72,0.0
353215,72,0,72,0.0
353220,72,0,72,0.0
353230,72,0,72,0.0
353240,72,0,72,0.0
353250,72,0,72,0.0
353260,72,0,72,0.0
353270,72,0,72,0.0
353280,72,0,72,0.0
353282,72,0,72,0.0
353284,48,0,72,0.0
353286,48,0,72,0.0
353290,72,0,72,0.0
353300,72,0,72,0.0
353310,48,0,72,0.0
353320,72,0,72,0.0
353325,72,0,72,0.0
353330,48,0,72,0.0
353340,72,0,72,0.0
353350,72,0,72,0.0
353360,72,0,72,0.0
353370,72,0,72,0.0
353380,72,0,72,0.0
353390,72,0,72,0.0
353400,72,0,72,0.0
353410,72,0,72,0.0
353420,72,0,72,0.0
353430,72,0,72,0.0
353440,72,0,72,0.0
353450,48,0,72,0.0
353460,72,0,72,0.0
353470,72,0,72,0.0
353475,72,0,72,0.0
353480,72,0,72,0.0
353490,72,0,72,0.0
353500,72,0,72,0.0
353510,72,0,72,0.0
353520,72,0,72,0.0
353530,72,0,72,0.0
353540,72,0,72,0.0
353550,72,0,72,0.0
353560,72,0,72,0.0
353570,72,0,72,0.0
353580,72,0,72,0.0
353590,72,0,72,0.0
353600,72,0,72,0.0
353610,72,0,72,0.0
353620,72,0,72,0.0
353625,72,0,72,0.0
353630,72,0,72,0.0
353640,72,0,72,0.0
353650,72,0,72,0.0
353657,72,0,72,0.0
353660,72,0,72,0.0
353670,72,0,72,0.0
353680,72,0,72,0.0
353690,72,0,72,0.0
353700,72,0,72,0.0
353710,72,0,72,0.0
353715,72,0,72,0.0
353720,72,0,72,0.0
353730,72,0,72,0.0
353740,72,0,72,0.0
353750,72,0,72,0.0
353760,72,0,72,0.0
353770,72,0,72,0.0
353780,72,0,72,0.0
353790,72,0,72,0.0
353800,72,0,72,0.0
353810,72,0,72,0.0
353820,72,0,72,0.0
353830,72,0,72,0.0
353850,72,0,72,0.0
353860,72,0,72,0.0
353870,72,0,72,0.0
353880,72,0,72,0.0
353890,72,0,72,0.0
353900,72,0,72,0.0
353910,72,0,72,0.0
353920,72,0,72,0.0
353930,72,0,72,0.0
353940,72,0,72,0.0
353950,72,0,72,0.0
353960,72,0,72,0.0
353970,72,0,72,0.0
353980,72,0,72,0.0
353990,72,0,72,0.0
354000,72,0,72,0.0
354010,72,0,72,0.0
354020,72,0,72,0.0
354025,72,0,72,0.0
354030,72,0,72,0.0
354040,72,0,72,0.0
354050,72,0,72,0.0
354060,72,0,72,0.0
354070,72,0,72,0.0
354075,72,0,72,0.0
354080,72,0,72,0.0
354085,48,0,72,0.0
354090,72,0,72,0.0
354100,72,0,72,0.0
354105,72,0,72,0.0
354110,72,0,72,0.0
354120,72,0,72,0.0
354130,72,0,72,0.0
354140,72,0,72,0.0
354150,72,0,72,0.0
354160,72,0,72,0.0
354165,72,0,72,0.0
354170,72,0,72,0.0
354180,72,0,72,0.0
354190,72,0,72,0.0
354200,72,0,72,0.0
354210,72,0,72,0.0
354220,72,0,72,0.0
354230,72,0,72,0.0
354240,72,0,72,0.0
354250,72,0,72,0.0
354260,72,0,72,0.0
354270,72,0,72,0.0
354280,72,0,72,0.0
354290,72,0,72,0.0
354300,72,0,72,0.0
354310,72,0,72,0.0
354320,72,0,72,0.0
354323,48,0,72,0.0
354325,72,0,72,0.0
354330,72,0,72,0.0
354340,72,0,72,0.0
354350,72,0,72,0.0
354360,48,0,72,0.0
354370,72,0,72,0.0
354380,48,0,72,0.0
354390,72,0,72,0.0
354400,72,0,72,0.0
354410,72,0,72,0.0
354420,72,0,72,0.0
354425,72,0,72,0.0
354430,72,0,72,0.0
354440,72,0,72,0.0
354450,72,0,72,0.0
354460,48,0,72,0.0
354470,72,0,72,0.0
354480,72,0,72,0.0
354490,72,0,72,0.0
354500,72,0,72,0.0
354510,72,0,72,0.0
354515,72,0,72,0.0
354520,72,0,72,0.0
354530,72,0,72,0.0
354540,72,0,72,0.0
354550,72,0,72,0.0
354560,72,0,72,0.0
354570,72,0,72,0.0
354580,72,0,72,0.0
354600,72,0,72,0.0
354610,72,0,72,0.0
354620,72,0,72,0.0
354625,72,0,72,0.0
354630,72,0,72,0.0
354640,72,0,72,0.0
354650,72,0,72,0.0
354660,72,0,72,0.0
354670,72,0,72,0.0
354680,72,0,72,0.0
354690,72,0,72,0.0
354700,72,0,72,0.0
354710,72,0,72,0.0
354720,48,0,72,0.0
354730,72,0,72,0.0
354740,72,0,72,0.0
354750,72,0,72,0.0
354760,72,0,72,0.0
354765,48,0,72,0.0
354770,72,0,72,0.0
354780,72,0,72,0.0
354790,72,0,72,0.0
354800,72,0,72,0.0
354805,72,0,72,0.0
354810,72,0,72,0.0
354820,72,0,72,0.0
354830,72,0,72,0.0
354840,72,0,72,0.0
354850,72,0,72,0.0
354860,72,0,72,0.0
354870,72,0,72,0.0
354880,72,0,72,0.0
354890,72,0,72,0.0
354900,72,0,72,0.0
354910,72,0,72,0.0
354920,72,0,72,0.0
354925,48,0,72,0.0
354930,48,0,72,0.0
354940,72,0,72,0.0
354950,72,0,72,0.0
354960,72,0,72,0.0
354970,72,0,72,0.0
354980,72,0,72,0.0
354990,72,0,72,0.0
354995,72,0,72,0.0
355000,72,0,72,0.0
355010,72,0,72,0.0
355020,72,0,72,0.0
355030,72,0,72,0.0
355040,72,0,72,0.0
355050,72,0,72,0.0
355060,72,0,72,0.0
355070,72,0,72,0.0
355080,72,0,72,0.0
355090,72,0,72,0.0
355100,72,0,72,0.0
355110,72,0,72,0.0
355120,72,0,72,0.0
355130,72,0,72,0.0
355140,72,0,72,0.0
355150,72,0,72,0.0
355160,72,0,72,0.0
355170,72,0,72,0.0
355180,72,0,72,0.0
355190,72,0,72,0.0
355200,72,0,72,0.0
355210,72,0,72,0.0
355220,72,0,72,0.0
355230,72,0,72,0.0
355240,72,0,72,0.0
355250,72,0,72,0.0
355255,72,0,72,0.0
355260,48,0,72,0.0
355270,72,0,72,0.0
355280,72,0,72,0.0
355290,72,0,72,0.0
355300,72,0,72,0.0
355310,72,0,72,0.0
355320,72,0,72,0.0
355330,72,0,72,0.0
355340,72,0,72,0.0
355350,72,0,72,0.0
355360,72,0,72,0.0
355365,48,0,72,0.0
355370,72,0,72,0.0
355380,72,0,72,0.0
355385,72,0,72,0.0
355390,72,0,72,0.0
355395,72,0,72,0.0
355400,72,0,72,0.0
355410,72,0,72,0.0
355420,72,0,72,0.0
355430,72,0,72,0.0
355440,72,0,72,0.0
355450,72,0,72,0.0
355460,72,0,72,0.0
355465,72,0,72,0.0
355470,72,0,72,0.0
355475,48,0,72,0.0
355480,72,0,72,0.0
355490,72,0,72,0.0
355495,72,0,72,0.0
355500,72,0,72,0.0
355510,72,0,72,0.0
355520,48,0,72,0.0
355530,48,0,72,0.0
355535,72,0,72,0.0
355540,72,0,72,0.0
355550,72,0,72,0.0
355560,72,0,72,0.0
355570,72,0,72,0.0
355580,72,0,72,0.0
355590,48,0,72,0.0
355600,72,0,72,0.0
355610,72,0,72,0.0
355620,72,0,72,0.0
355630,72,0,72,0.0
355635,72,0,72,0.0
355640,72,0,72,0.0
355645,72,0,72,0.0
355650,72,0,72,0.0
355660,72,0,72,0.0
355670,72,0,72,0.0
355680,72,0,72,0.0
355690,72,0,72,0.0
355695,72,0,72,0.0
355700,72,0,72,0.0
355710,72,0,72,0.0
355715,72,0,72,0.0
355720,72,0,72,0.0
355730,72,0,72,0.0
410010,72,0,72,0.0
410020,72,0,72,0.0
410030,72,0,72,0.0
410040,72,0,72,0.0
410045,72,0,72,0.0
410050,72,0,72,0.0
410060,72,0,72,0.0
410070,72,0,72,0.0
410080,72,0,72,0.0
410090,72,0,72,0.0
410100,72,0,72,0.0
410105,72,0,72,0.0
410110,72,0,72,0.0
410115,72,0,72,0.0
410120,72,0,72,0.0
410130,72,0,72,0.0
410140,72,0,72,0.0
410150,72,0,72,0.0
410160,72,0,72,0.0
410165,72,0,72,0.0
410170,72,0,72,0.0
410180,72,0,72,0.0
410185,48,0,72,0.0
410190,72,0,72,0.0
410200,72,0,72,0.0
410210,72,0,72,0.0
410220,72,0,72,0.0
410230,72,0,72,0.0
410240,72,0,72,0.0
410250,72,0,72,0.0
410260,72,0,72,0.0
410270,72,0,72,0.0
410275,72,0,72,0.0
410280,72,0,72,0.0
410290,72,0,72,0.0
410300,72,0,72,0.0
410302,72,0,72,0.0
410304,72,0,72,0.0
410305,72,0,72,0.0
410310,72,0,72,0.0
410315,72,0,72,0.0
410320,72,0,72,0.0
410322,72,0,72,0.0
410330,72,0,72,0.0
410335,72,0,72,0.0
410337,72,0,72,0.0
410340,72,0,72,0.0
410345,72,0,72,0.0
410347,72,0,72,0.0
410350,72,0,72,0.0
410360,72,0,72,0.0
410370,72,0,72,0.0
410380,72,0,72,0.0
410390,72,0,72,0.0
410395,72,0,72,0.0
410400,72,0,72,0.0
410405,72,0,72,0.0
410410,72,0,72,0.0
410420,72,0,72,0.0
410425,72,0,72,0.0
410430,72,0,72,0.0
410440,72,0,72,0.0
410442,72,0,72,0.0
410445,72,0,72,0.0
410450,72,0,72,0.0
410460,72,0,72,0.0
410465,72,0,72,0.0
410470,72,0,72,0.0
410480,72,0,72,0.0
410490,72,0,72,0.0
410500,72,0,72,0.0
410510,72,0,72,0.0
410520,72,0,72,0.0
410530,72,0,72,0.0
410540,72,0,72,0.0
410550,72,0,72,0.0
410560,72,0,72,0.0
410570,72,0,72,0.0
410580,72,0,72,0.0
410590,72,0,72,0.0
410600,72,0,72,0.0
410610,72,0,72,0.0
410620,72,0,72,0.0
410630,72,0,72,0.0
410640,72,0,72,0.0
410645,72,0,72,0.0
410650,72,0,72,0.0
410655,72,0,72,0.0
410657,72,0,72,0.0
410660,72,0,72,0.0
410670,72,0,72,0.0
410680,72,0,72,0.0
410685,72,0,72,0.0
410690,72,0,72,0.0
410700,72,0,72,0.0
410710,72,0,72,0.0
410712,72,0,72,0.0
410715,72,0,72,0.0
410720,72,0,72,0.0
410725,72,0,72,0.0
410730,72,0,72,0.0
410740,72,0,72,0.0
410750,72,0,72,0.0
410752,48,0,72,0.0
410753,72,0,72,0.0
410754,72,0,72,0.0
410755,72,0,72,0.0
410760,72,0,72,0.0
410765,72,0,72,0.0
410770,72,0,72,0.0
410773,72,0,72,0.0
410775,72,0,72,0.0
410780,72,0,72,0.0
410785,72,0,72,0.0
410790,48,0,72,0.0
410800,72,0,72,0.0
410810,48,0,72,0.0
410820,72,0,72,0.0
410830,72,0,72,0.0
410832,72,0,72,0.0
410840,72,0,72,0.0
410845,72,0,72,0.0
410850,72,0,72,0.0
410855,72,0,72,0.0
410860,72,0,72,0.0
410865,72,0,72,0.0
410870,72,0,72,0.0
410880,72,0,72,0.0
410890,72,0,72,0.0
410895,72,0,72,0.0
410900,72,0,72,0.0
410910,72,0,72,0.0
410920,72,0,72,0.0
410930,72,0,72,0.0
410940,72,0,72,0.0
410950,72,0,72,0.0
410960,72,0,72,0.0
410965,72,0,72,0.0
410970,72,0,72,0.0
410975,72,0,72,0.0
410980,72,0,72,0.0
410990,72,0,72,0.0
411000,72,0,72,0.0
411005,72,0,72,0.0
411007,72,0,72,0.0
411010,72,0,72,0.0
411020,72,0,72,0.0
411030,72,0,72,0.0
411040,72,0,72,0.0
411050,72,0,72,0.0
411060,72,0,72,0.0
411065,72,0,72,0.0
411070,72,0,72,0.0
411080,72,0,72,0.0
411090,72,0,72,0.0
411095,72,0,72,0.0
411100,72,0,72,0.0
411110,72,0,72,0.0
411120,72,0,72,0.0
411125,72,0,72,0.0
411130,72,0,72,0.0
411140,72,0,72,0.0
411150,72,0,72,0.0
411155,72,0,72,0.0
411160,48,0,72,0.0
411170,72,0,72,0.0
411180,72,0,72,0.0
411190,72,0,72,0.0
411200,72,0,72,0.0
411210,72,0,72,0.0
411220,72,0,72,0.0
411230,72,0,72,0.0
411240,72,0,72,0.0
411250,72,0,72,0.0
411260,48,0,72,0.0
411270,72,0,72,0.0
411275,72,0,72,0.0
411280,72,0,72,0.0
411290,72,0,72,0.0
411295,72,0,72,0.0
411300,72,0,72,0.0
411310,72,0,72,0.0
411320,72,0,72,0.0
411325,72,30,72,0.4166666666666667
411330,72,0,72,0.0
411340,72,0,72,0.0
411342,72,0,72,0.0
411345,72,0,72,0.0
411350,72,0,72,0.0
411360,72,0,72,0.0
411370,72,0,72,0.0
411373,72,0,72,0.0
411375,72,0,72,0.0
411380,72,0,72,0.0
411390,72,0,72,0.0
411400,72,0,72,0.0
411410,72,0,72,0.0
411420,72,0,72,0.0
411430,72,0,72,0.0
411435,72,0,72,0.0
411440,72,0,72,0.0
411450,72,0,72,0.0
411460,72,0,72,0.0
411470,72,0,72,0.0
411480,72,0,72,0.0
411490,72,0,72,0.0
411500,72,0,72,0.0
411510,72,0,72,0.0
411520,72,0,72,0.0
411530,72,0,72,0.0
411535,72,0,72,0.0
411540,72,0,72,0.0
411545,72,0,72,0.0
411550,72,0,72,0.0
411560,72,0,72,0.0
411570,72,0,72,0.0
411573,72,0,72,0.0
411575,72,0,72,0.0
411580,72,0,72,0.0
411585,72,0,72,0.0
411590,72,0,72,0.0
411600,48,0,72,0.0
411605,72,0,72,0.0
411610,72,0,72,0.0
411620,72,0,72,0.0
411630,72,0,72,0.0
411640,72,0,72,0.0
411650,48,0,72,0.0
411660,72,0,72,0.0
411670,72,0,72,0.0
411680,72,0,72,0.0
411690,72,0,72,0.0
411695,72,0,72,0.0
411700,72,0,72,0.0
411705,72,0,72,0.0
411710,72,0,72,0.0
411720,72,0,72,0.0
411721,72,0,72,0.0
411722,72,0,72,0.0
411725,72,0,72,0.0
411727,72,0,72,0.0
411729,72,0,72,0.0
411730,72,0,72,0.0
411740,48,0,72,0.0
411745,72,0,72,0.0
411750,72,0,72,0.0
411760,72,0,72,0.0
411770,72,0,72,0.0
411780,72,0,72,0.0
411790,72,0,72,0.0
411800,72,0,72,0.0
411810,72,0,72,0.0
411820,72,0,72,0.0
411830,72,0,72,0.0
411840,72,0,72,0.0
411845,72,0,72,0.0
411850,72,0,72,0.0
411860,72,0,72,0.0
411870,72,0,72,0.0
411880,72,0,72,0.0
411885,72,0,72,0.0
411890,72,0,72,0.0
411900,72,0,72,0.0
411910,72,0,72,0.0
411915,72,0,72,0.0
411920,72,0,72,0.0
411925,72,0,72,0.0
411930,72,0,72,0.0
411940,72,0,72,0.0
411950,72,0,72,0.0
411960,72,0,72,0.0
411965,48,0,72,0.0
411970,72,0,72,0.0
411980,72,0,72,0.0
411990,72,0,72,0.0
411995,72,0,72,0.0
412000,72,0,72,0.0
412010,72,0,72,0.0
412015,72,0,72,0.0
412020,72,0,72,0.0
412030,72,0,72,0.0
412033,72,0,72,0.0
412035,72,0,72,0.0
412040,72,0,72,0.0
412050,72,0,72,0.0
412060,72,0,72,0.0
412065,72,0,72,0.0
412070,72,0,72,0.0
412080,72,0,72,0.0
412085,72,0,72,0.0
412090,72,0,72,0.0
412100,72,0,72,0.0
412110,72,0,72,0.0
412120,72,0,72,0.0
412125,72,0,72,0.0
412130,72,0,72,0.0
412135,72,0,72,0.0
412140,72,0,72,0.0
412150,72,0,72,0.0
412160,72,0,72,0.0
412170,72,0,72,0.0
412175,72,0,72,0.0
412180,72,0,72,0.0
412190,72,0,72,0.0
412200,72,0,72,0.0
412210,72,0,72,0.0
412215,72,0,72,0.0
412217,72,0,72,0.0
412220,72,0,72,0.0
412230,72,0,72,0.0
412240,72,0,72,0.0
412250,72,0,72,0.0
412260,72,0,72,0.0
412265,72,0,72,0.0
412270,72,0,72,0.0
412280,48,0,72,0.0
412290,72,0,72,0.0
412300,72,0,72,0.0
412310,72,0,72,0.0
412320,72,0,72,0.0
412330,72,0,72,0.0
412340,72,0,72,0.0
412350,72,0,72,0.0
412360,24,0,72,0.0
412370,72,0,72,0.0
412380,72,0,72,0.0
412382,72,0,72,0.0
412385,72,0,72,0.0
412390,72,0,72,0.0
412395,72,0,72,0.0
412400,72,0,72,0.0
412402,72,0,72,0.0
412405,72,0,72,0.0
412410,72,0,72,0.0
412420,72,0,72,0.0
412430,72,0,72,0.0
412440,72,0,72,0.0
412450,72,0,72,0.0
412460,72,0,72,0.0
412470,72,0,72,0.0
412480,72,0,72,0.0
412490,72,0,72,0.0
412500,72,0,72,0.0
412510,72,0,72,0.0
412520,72,0,72,0.0
412530,72,0,72,0.0
412535,72,0,72,0.0
412540,72,0,72,0.0
412545,72,0,72,0.0
412550,72,0,72,0.0
412555,48,0,72,0.0
412560,72,0,72,0.0
412570,72,0,72,0.0
412575,72,0,72,0.0
412580,72,0,72,0.0
412590,72,0,72,0.0
412600,72,0,72,0.0
412610,72,0,72,0.0
412620,72,0,72,0.0
412625,72,0,72,0.0
412627,72,0,72,0.0
412630,72,0,72,0.0
412635,72,0,72,0.0
412640,72,0,72,0.0
412650,72,0,72,0.0
412660,72,0,72,0.0
412665,72,0,72,0.0
412667,72,0,72,0.0
412670,72,0,72,0.0
412680,72,0,72,0.0
412690,72,0,72,0.0
412700,72,0,72,0.0
412710,72,0,72,0.0
412720,72,0,72,0.0
412730,72,0,72,0.0
412740,72,0,72,0.0
412750,72,0,72,0.0
412760,72,0,72,0.0
412770,72,0,72,0.0
412780,72,0,72,0.0
412785,72,0,72,0.0
412788,72,0,72,0.0
412790,72,0,72,0.0
412795,72,0,72,0.0
412796,72,0,72,0.0
412800,72,0,72,0.0
412810,72,0,72,0.0
412820,72,0,72,0.0
412830,72,0,72,0.0
412840,72,0,72,0.0
412850,72,0,72,0.0
412853,72,0,72,0.0
412855,72,0,72,0.0
412860,72,0,72,0.0
412862,72,0,72,0.0
412863,72,0,72,0.0
412865,72,0,72,0.0
412870,72,0,72,0.0
412880,72,0,72,0.0
420005,72,0,72,0.0
420010,72,0,72,0.0
420020,72,0,72,0.0
420030,72,0,72,0.0
420040,72,0,72,0.0
420050,72,0,72,0.0
420055,72,0,72,0.0
420060,72,0,72,0.0
420070,72,0,72,0.0
420075,0,0,72,0.0
420080,72,0,72,0.0
420090,48,0,72,0.0
420100,72,0,72,0.0
420110,72,0,72,0.0
420120,72,0,72,0.0
420125,72,0,72,0.0
420127,24,0,72,0.0
420130,72,0,72,0.0
420140,72,0,72,0.0
420150,72,0,72,0.0
420160,72,0,72,0.0
420165,72,0,72,0.0
420170,72,0,72,0.0
420180,72,0,72,0.0
420190,72,0,72,0.0
420195,72,0,72,0.0
420200,72,0,72,0.0
420205,72,0,72,0.0
420207,72,0,72,0.0
420208,72,0,72,0.0
420209,24,0,72,0.0
420210,72,0,72,0.0
420213,72,0,72,0.0
420215,72,0,72,0.0
420220,72,0,72,0.0
420230,72,0,72,0.0
420240,72,0,72,0.0
420243,72,0,72,0.0
420245,72,0,72,0.0
420250,72,0,72,0.0
420253,72,0,72,0.0
420257,72,0,72,0.0
420260,72,0,72,0.0
420270,72,0,72,0.0
420280,72,0,72,0.0
420285,72,0,72,0.0
420287,72,0,72,0.0
420290,72,0,72,0.0
420300,72,0,72,0.0
420310,72,0,72,0.0
420315,72,0,72,0.0
420320,72,0,72,0.0
420325,72,0,72,0.0
420330,72,0,72,0.0
420340,72,0,72,0.0
420350,72,0,72,0.0
420360,72,0,72,0.0
420370,72,0,72,0.0
420380,72,0,72,0.0
420390,72,0,72,0.0
420395,72,0,72,0.0
420400,72,0,72,0.0
420410,72,0,72,0.0
420415,72,0,72,0.0
420417,72,0,72,0.0
420419,72,0,72,0.0
420420,72,0,72,0.0
420425,72,0,72,0.0
420430,72,0,72,0.0
420435,72,0,72,0.0
420440,72,0,72,0.0
420445,48,0,72,0.0
420450,72,0,72,0.0
420455,72,0,72,0.0
420460,72,0,72,0.0
420470,72,0,72,0.0
420475,48,0,72,0.0
420480,72,0,72,0.0
420490,72,0,72,0.0
420500,72,0,72,0.0
420510,72,0,72,0.0
420515,72,0,72,0.0
420517,72,0,72,0.0
420519,72,0,72,0.0
420520,72,0,72,0.0
420530,72,0,72,0.0
420535,72,0,72,0.0
420540,72,0,72,0.0
420543,72,0,72,0.0
420545,72,0,72,0.0
420550,72,0,72,0.0
420555,72,0,72,0.0
420560,72,0,72,0.0
420570,72,0,72,0.0
420580,72,0,72,0.0
420590,72,0,72,0.0
420600,72,0,72,0.0
420610,72,0,72,0.0
420620,72,0,72,0.0
420630,72,0,72,0.0
420640,72,0,72,0.0
420650,72,0,72,0.0
420660,72,0,72,0.0
420665,72,0,72,0.0
420670,72,0,72,0.0
420675,72,0,72,0.0
420680,72,0,72,0.0
420690,72,0,72,0.0
420700,72,0,72,0.0
420710,72,0,72,0.0
420720,72,0,72,0.0
420730,72,0,72,0.0
420740,72,0,72,0.0
420750,72,0,72,0.0
420757,72,0,72,0.0
420760,72,0,72,0.0
420765,72,0,72,0.0
420768,72,0,72,0.0
420770,72,0,72,0.0
420775,72,0,72,0.0
420780,72,0,72,0.0
420785,72,0,72,0.0
420790,72,0,72,0.0
420800,72,0,72,0.0
420810,72,0,72,0.0
420820,72,0,72,0.0
420830,72,0,72,0.0
420840,72,0,72,0.0
420845,72,0,72,0.0
420850,72,0,72,0.0
420860,72,0,72,0.0
420870,72,0,72,0.0
420880,72,0,72,0.0
420890,72,0,72,0.0
420895,48,0,72,0.0
420900,72,0,72,0.0
420910,72,0,72,0.0
420915,72,0,72,0.0
420917,72,0,72,0.0
420920,72,0,72,0.0
420930,72,0,72,0.0
420940,72,0,72,0.0
420945,72,0,72,0.0
420950,72,0,72,0.0
420960,72,0,72,0.0
420970,72,0,72,0.0
420980,72,0,72,0.0
420985,72,0,72,0.0
420990,72,0,72,0.0
421000,72,0,72,0.0
421003,72,0,72,0.0
421005,72,0,72,0.0
421010,72,0,72,0.0
421020,72,0,72,0.0
421030,72,0,72,0.0
421040,72,0,72,0.0
421050,72,0,72,0.0
421055,72,0,72,0.0
421060,72,0,72,0.0
421070,72,0,72,0.0
421080,72,0,72,0.0
421085,72,0,72,0.0
421090,72,0,72,0.0
421100,72,0,72,0.0
421105,72,0,72,0.0
421110,72,0,72,0.0
421120,72,0,72,0.0
421125,72,0,72,0.0
421130,72,0,72,0.0
421140,72,0,72,0.0
421145,72,0,72,0.0
421150,72,0,72,0.0
421160,72,0,72,0.0
421165,72,0,72,0.0
421170,72,0,72,0.0
421175,72,0,72,0.0
421180,72,0,72,0.0
421185,72,0,72,0.0
421187,48,0,72,0.0
421189,72,0,72,0.0
421190,72,0,72,0.0
421200,72,0,72,0.0
421205,72,0,72,0.0
421210,72,0,72,0.0
421220,72,0,72,0.0
421223,72,0,72,0.0
421225,72,0,72,0.0
421227,72,0,72,0.0
421230,72,0,72,0.0
421240,72,0,72,0.0
421250,72,0,72,0.0
421260,72,0,72,0.0
421265,0,0,72,0.0
421270,72,0,72,0.0
421280,72,0,72,0.0
421290,72,0,72,0.0
421300,72,0,72,0.0
421310,24,0,72,0.0
421315,72,0,72,0.0
421320,72,0,72,0.0
421330,72,0,72,0.0
421335,72,0,72,0.0
421340,72,0,72,0.0
421350,72,0,72,0.0
421360,72,0,72,0.0
421370,72,0,72,0.0
421380,72,0,72,0.0
421390,48,0,72,0.0
421400,72,0,72,0.0
421410,72,0,72,0.0
421415,72,0,72,0.0
421420,72,0,72,0.0
421430,72,0,72,0.0
421440,72,0,72,0.0
421450,72,0,72,0.0
421460,72,0,72,0.0
421470,72,0,72,0.0
421480,72,0,72,0.0
421490,72,0,72,0.0
421500,72,0,72,0.0
421505,48,0,72,0.0
421507,72,0,72,0.0
421510,72,0,72,0.0
421520,72,0,72,0.0
421530,72,0,72,0.0
421535,72,0,72,0.0
421540,72,0,72,0.0
421545,72,0,72,0.0
421550,72,0,72,0.0
421555,72,0,72,0.0
421560,72,0,72,0.0
421565,72,0,72,0.0
421567,72,0,72,0.0
421568,72,0,72,0.0
421569,48,0,72,0.0
421570,72,0,72,0.0
421575,72,0,72,0.0
421580,72,0,72,0.0
421590,72,0,72,0.0
421600,72,0,72,0.0
421605,72,0,72,0.0
421610,72,0,72,0.0
421620,72,0,72,0.0
421625,72,0,72,0.0
421630,72,0,72,0.0
421635,72,0,72,0.0
421640,72,0,72,0.0
421650,72,0,72,0.0
421660,72,0,72,0.0
421670,72,0,72,0.0
421680,72,0,72,0.0
421690,72,0,72,0.0
421700,72,0,72,0.0
421710,72,0,72,0.0
421715,72,0,72,0.0
421720,72,0,72,0.0
421725,72,0,72,0.0
421730,72,0,72,0.0
421740,72,0,72,0.0
421750,72,0,72,0.0
421755,72,0,72,0.0
421760,72,0,72,0.0
421770,72,0,72,0.0
421775,72,0,72,0.0
421780,72,0,72,0.0
421790,72,0,72,0.0
421795,72,0,72,0.0
421800,72,0,72,0.0
421810,48,0,72,0.0
421820,72,0,72,0.0
421825,72,0,72,0.0
421830,72,0,72,0.0
421835,72,0,72,0.0
421840,72,0,72,0.0
421850,72,0,72,0.0
421860,72,0,72,0.0
421870,72,0,72,0.0
421875,72,0,72,0.0
421880,72,0,72,0.0
421885,72,0,72,0.0
421890,72,0,72,0.0
421895,72,0,72,0.0
421900,72,0,72,0.0
421910,72,0,72,0.0
421915,72,0,72,0.0
421917,72,0,72,0.0
421920,72,0,72,0.0
421930,72,0,72,0.0
421935,72,0,72,0.0
421940,72,0,72,0.0
421950,72,0,72,0.0
421960,72,0,72,0.0
421970,72,0,72,0.0
421985,72,0,72,0.0
422000,0,0,72,0.0
430003,72,0,72,0.0
430005,72,0,72,0.0
430010,72,0,72,0.0
430020,72,0,72,0.0
430030,72,0,72,0.0
430040,72,0,72,0.0
430045,72,0,72,0.0
430047,72,0,72,0.0
430050,72,0,72,0.0
430055,24,0,72,0.0
430057,48,0,72,0.0
430060,72,0,72,0.0
430063,72,0,72,0.0
430064,72,0,72,0.0
430066,48,0,72,0.0
430070,72,0,72,0.0
430080,72,0,72,0.0
430085,72,0,72,0.0
430087,72,0,72,0.0
430090,24,0,72,0.0
430100,72,0,72,0.0
430105,72,0,72,0.0
430107,48,0,72,0.0
430110,72,0,72,0.0
430120,72,0,72,0.0
430130,72,0,72,0.0
430140,72,0,72,0.0
430150,72,0,72,0.0
430155,72,0,72,0.0
430160,72,0,72,0.0
430163,72,0,72,0.0
430165,48,0,72,0.0
430170,72,0,72,0.0
430175,72,0,72,0.0
430180,72,0,72,0.0
430185,72,0,72,0.0
430187,72,0,72,0.0
430190,72,0,72,0.0
430192,24,0,72,0.0
430195,72,0,72,0.0
430200,72,0,72,0.0
430205,72,0,72,0.0
430210,72,0,72,0.0
430215,72,0,72,0.0
430220,72,0,72,0.0
430222,72,0,72,0.0
430223,48,0,72,0.0
430225,48,0,72,0.0
430230,72,0,72,0.0
430235,72,0,72,0.0
430237,48,0,72,0.0
430240,72,0,72,0.0
430245,72,0,72,0.0
430250,72,0,72,0.0
430258,48,0,72,0.0
430260,72,0,72,0.0
430265,72,0,72,0.0
430270,72,0,72,0.0
430280,72,0,72,0.0
430290,72,0,72,0.0
430300,72,0,72,0.0
430310,72,0,72,0.0
430320,72,0,72,0.0
430330,72,0,72,0.0
430340,72,0,72,0.0
430350,72,0,72,0.0
430355,72,0,72,0.0
430360,72,0,72,0.0
430367,72,0,72,0.0
430370,72,0,72,0.0
430380,72,0,72,0.0
430390,72,0,72,0.0
430400,72,0,72,0.0
430410,48,0,72,0.0
430420,72,0,72,0.0
430430,72,0,72,0.0
430435,72,0,72,0.0
430440,72,0,72,0.0
430450,72,0,72,0.0
430460,72,0,72,0.0
430461,48,0,72,0.0
430462,72,0,72,0.0
430463,72,0,72,0.0
430465,72,0,72,0.0
430466,72,0,72,0.0
430467,72,0,72,0.0
430468,72,0,72,0.0
430469,72,0,72,0.0
430470,72,0,72,0.0
430471,72,0,72,0.0
430480,48,0,72,0.0
430485,48,0,72,0.0
430490,72,0,72,0.0
430495,72,0,72,0.0
430500,72,0,72,0.0
430510,72,0,72,0.0
430511,48,0,72,0.0
430512,72,0,72,0.0
430513,72,0,72,0.0
430515,72,0,72,0.0
430517,72,0,72,0.0
430520,72,0,72,0.0
430530,72,0,72,0.0
430535,72,0,72,0.0
430537,72,0,72,0.0
430540,72,0,72,0.0
430543,72,0,72,0.0
430544,72,0,72,0.0
430545,72,0,72,0.0
430550,72,0,72,0.0
430558,48,0,72,0.0
430560,72,0,72,0.0
430570,72,0,72,0.0
430580,72,0,72,0.0
430583,24,0,72,0.0
430585,48,0,72,0.0
430587,48,0,72,0.0
430590,72,0,72,0.0
430593,24,0,72,0.0
430595,72,0,72,0.0
430597,72,0,72,0.0
430600,72,0,72,0.0
430605,72,0,72,0.0
430607,72,0,72,0.0
430610,72,0,72,0.0
430613,48,0,72,0.0
430620,72,0,72,0.0
430630,72,0,72,0.0
430632,72,0,72,0.0
430635,48,0,72,0.0
430637,48,0,72,0.0
430640,72,0,72,0.0
430642,72,0,72,0.0
430645,72,0,72,0.0
430650,72,0,72,0.0
430655,72,0,72,0.0
430660,72,0,72,0.0
430670,72,0,72,0.0
430673,72,0,72,0.0
430675,48,0,72,0.0
430676,72,0,72,0.0
430680,72,0,72,0.0
430690,72,0,72,0.0
430692,72,0,72,0.0
430693,72,0,72,0.0
430695,72,0,72,0.0
430697,72,0,72,0.0
430700,72,0,72,0.0
430705,72,0,72,0.0
430710,72,0,72,0.0
430720,72,0,72,0.0
430730,72,0,72,0.0
430740,72,0,72,0.0
430745,72,0,72,0.0
430750,72,0,72,0.0
430755,72,0,72,0.0
430760,72,0,72,0.0
430770,72,0,72,0.0
430780,72,0,72,0.0
430781,72,0,72,0.0
430783,72,0,72,0.0
430786,48,0,72,0.0
430790,72,0,72,0.0
430800,72,0,72,0.0
430805,72,0,72,0.0
430807,72,0,72,0.0
430810,72,0,72,0.0
430820,72,0,72,0.0
430825,24,0,72,0.0
430830,72,0,72,0.0
430840,72,0,72,0.0
430843,48,0,72,0.0
430845,72,0,72,0.0
430850,72,0,72,0.0
430860,72,0,72,0.0
430865,72,0,72,0.0
430870,72,0,72,0.0
430880,72,0,72,0.0
430885,48,0,72,0.0
430890,72,0,72,0.0
430900,72,0,72,0.0
430905,72,0,72,0.0
430910,72,0,72,0.0
430912,72,0,72,0.0
430915,72,0,72,0.0
430920,72,0,72,0.0
430925,24,0,72,0.0
430930,72,0,72,0.0
430940,72,0,72,0.0
430950,72,0,72,0.0
430955,72,0,72,0.0
430957,72,0,72,0.0
430960,72,0,72,0.0
430965,72,0,72,0.0
430970,48,0,72,0.0
430975,48,0,72,0.0
430980,72,0,72,0.0
430990,72,0,72,0.0
430995,72,0,72,0.0
431000,72,0,72,0.0
431010,72,0,72,0.0
431020,72,0,72,0.0
431030,72,0,72,0.0
431033,72,0,72,0.0
431036,48,0,72,0.0
431040,72,0,72,0.0
431041,72,0,72,0.0
431043,72,0,72,0.0
431046,0,0,72,0.0
431050,72,0,72,0.0
431053,72,0,72,0.0
431055,48,0,72,0.0
431057,48,0,72,0.0
431060,72,0,72,0.0
431065,72,0,72,0.0
431070,48,0,72,0.0
431075,24,0,72,0.0
431080,72,0,72,0.0
431085,48,0,72,0.0
431087,48,0,72,0.0
431090,72,0,72,0.0
431100,72,0,72,0.0
431110,72,0,72,0.0
431112,72,0,72,0.0
431113,72,0,72,0.0
431115,72,0,72,0.0
431120,72,0,72,0.0
431123,48,0,72,0.0
431125,72,0,72,0.0
431127,48,0,72,0.0
431130,72,0,72,0.0
431140,72,0,72,0.0
431142,72,0,72,0.0
431150,72,0,72,0.0
431160,72,0,72,0.0
431162,72,0,72,0.0
431164,48,0,72,0.0
431170,72,0,72,0.0
431171,72,0,72,0.0
431173,72,0,72,0.0
431175,72,0,72,0.0
431177,72,0,72,0.0
431179,72,0,72,0.0
431180,72,0,72,0.0
431190,72,0,72,0.0
431198,72,0,72,0.0
431200,48,0,72,0.0
431205,48,0,72,0.0
431210,72,0,72,0.0
431213,72,0,72,0.0
431215,72,0,72,0.0
431217,48,0,72,0.0
431220,72,0,72,0.0
431225,72,0,72,0.0
431230,72,0,72,0.0
431235,48,0,72,0.0
431237,72,0,72,0.0
431238,48,0,72,0.0
431240,72,0,72,0.0
431242,72,0,72,0.0
431244,72,0,72,0.0
431245,72,0,72,0.0
431247,72,0,72,0.0
431250,72,0,72,0.0
431260,72,0,72,0.0
431261,72,0,72,0.0
431262,72,0,72,0.0
431265,72,0,72,0.0
431267,48,0,72,0.0
431270,72,0,72,0.0
431275,72,0,72,0.0
431280,72,0,72,0.0
431290,72,0,72,0.0
431295,72,0,72,0.0
431300,24,0,72,0.0
431301,72,0,72,0.0
431303,48,0,72,0.0
431306,72,0,72,0.0
431308,48,0,72,0.0
431310,72,0,72,0.0
431320,72,0,72,0.0
431330,72,0,72,0.0
431333,48,0,72,0.0
431335,72,0,72,0.0
431337,72,0,72,0.0
431339,72,0,72,0.0
431340,72,0,72,0.0
431342,48,0,72,0.0
431344,72,0,72,0.0
431346,48,0,72,0.0
431349,72,0,72,0.0
431350,72,0,72,0.0
431360,48,0,72,0.0
431365,72,0,72,0.0
431370,72,0,72,0.0
431380,72,0,72,0.0
431390,72,0,72,0.0
431395,72,0,72,0.0
431400,72,0,72,0.0
431402,72,0,72,0.0
431403,72,0,72,0.0
431405,72,0,72,0.0
431406,72,0,72,0.0
431407,72,0,72,0.0
431410,72,0,72,0.0
431413,24,0,72,0.0
431415,72,0,72,0.0
431417,72,0,72,0.0
431420,72,0,72,0.0
431430,72,0,72,0.0
431440,72,0,72,0.0
431442,72,0,72,0.0
431445,72,0,72,0.0
431446,48,0,72,0.0
431447,72,0,72,0.0
431449,72,0,72,0.0
431450,72,0,72,0.0
431454,0,0,72,0.0
431455,48,0,72,0.0
431460,72,0,72,0.0
431470,72,0,72,0.0
431475,48,0,72,0.0
431477,72,0,72,0.0
431478,48,0,72,0.0
431480,72,0,72,0.0
431490,72,0,72,0.0
431500,72,0,72,0.0
431505,24,0,72,0.0
431507,24,0,72,0.0
431510,72,0,72,0.0
431513,48,0,72,0.0
431514,72,0,72,0.0
431515,72,0,72,0.0
431517,48,0,72,0.0
431520,48,0,72,0.0
431530,72,0,72,0.0
431531,48,0,72,0.0
431532,72,0,72,0.0
431535,72,0,72,0.0
431540,72,0,72,0.0
431545,48,0,72,0.0
431550,72,0,72,0.0
431555,72,0,72,0.0
431560,72,0,72,0.0
431570,72,0,72,0.0
431575,72,0,72,0.0
431580,72,0,72,0.0
431590,72,0,72,0.0
431595,48,0,72,0.0
431600,72,0,72,0.0
431610,72,0,72,0.0
431620,72,0,72,0.0
431630,72,0,72,0.0
431640,72,0,72,0.0
431642,72,0,72,0.0
431643,72,0,72,0.0
431645,72,0,72,0.0
431647,72,0,72,0.0
431650,72,0,72,0.0
431660,72,0,72,0.0
431670,72,0,72,0.0
431673,24,0,72,0.0
431675,72,0,72,0.0
431680,72,0,72,0.0
431690,72,0,72,0.0
431695,24,0,72,0.0
431697,48,0,72,0.0
431700,72,0,72,0.0
431710,72,0,72,0.0
431720,72,0,72,0.0
431725,0,0,72,0.0
431730,72,0,72,0.0
431740,72,0,72,0.0
431750,72,0,72,0.0
431755,48,0,72,0.0
431760,72,0,72,0.0
431770,72,0,72,0.0
431775,48,0,72,0.0
431780,72,0,72,0.0
431790,72,0,72,0.0
431795,72,0,72,0.0
431800,72,0,72,0.0
431805,72,0,72,0.0
431810,72,0,72,0.0
431820,72,0,72,0.0
431830,72,0,72,0.0
431840,72,0,72,0.0
431842,72,0,72,0.0
431843,72,0,72,0.0
431844,48,0,72,0.0
431845,48,0,72,0.0
431846,72,0,72,0.0
431848,72,0,72,0.0
431849,72,0,72,0.0
431850,72,0,72,0.0
431860,72,0,72,0.0
431861,72,0,72,0.0
431862,72,0,72,0.0
431870,72,0,72,0.0
431880,72,0,72,0.0
431890,72,0,72,0.0
431900,72,0,72,0.0
431910,72,0,72,0.0
431912,72,0,72,0.0
431915,72,0,72,0.0
431920,72,0,72,0.0
431930,72,0,72,0.0
431935,72,0,72,0.0
431936,48,0,72,0.0
431937,72,0,72,0.0
431940,72,0,72,0.0
431950,72,0,72,0.0
431960,72,0,72,0.0
431970,72,0,72,0.0
431971,48,0,72,0.0
431973,72,0,72,0.0
431975,48,0,72,0.0
431980,72,0,72,0.0
431990,72,0,72,0.0
432000,72,0,72,0.0
432010,72,0,72,0.0
432020,72,0,72,0.0
432023,72,0,72,0.0
432026,72,0,72,0.0
432030,72,0,72,0.0
432032,72,0,72,0.0
432035,72,0,72,0.0
432040,72,0,72,0.0
432045,48,0,72,0.0
432050,72,0,72,0.0
432055,72,0,72,0.0
432057,48,0,72,0.0
432060,72,0,72,0.0
432065,48,0,72,0.0
432067,72,0,72,0.0
432070,72,0,72,0.0
432080,72,0,72,0.0
432085,72,0,72,0.0
432090,72,0,72,0.0
432100,72,0,72,0.0
432110,72,0,72,0.0
432120,72,0,72,0.0
432130,72,0,72,0.0
432132,72,0,72,0.0
432135,72,0,72,0.0
432140,72,0,72,0.0
432143,72,0,72,0.0
432145,72,0,72,0.0
432146,72,0,72,0.0
432147,72,0,72,0.0
432149,48,0,72,0.0
432150,72,0,72,0.0
432160,72,0,72,0.0
432162,48,0,72,0.0
432163,24,0,72,0.0
432166,72,0,72,0.0
432170,72,0,72,0.0
432180,72,0,72,0.0
432183,72,0,72,0.0
432185,72,0,72,0.0
432190,72,0,72,0.0
432195,72,0,72,0.0
432200,72,0,72,0.0
432210,72,0,72,0.0
432215,72,0,72,0.0
432218,48,0,72,0.0
432220,72,0,72,0.0
432225,72,0,72,0.0
432230,72,0,72,0.0
432232,48,0,72,0.0
432234,24,0,72,0.0
432235,0,0,72,0.0
432237,48,0,72,0.0
432240,72,0,72,0.0
432250,72,0,72,0.0
432252,72,0,72,0.0
432253,72,0,72,0.0
432254,72,0,72,0.0
432255,48,0,72,0.0
432260,72,0,72,0.0
432270,72,0,72,0.0
432280,72,0,72,0.0
432285,48,0,72,0.0
432290,72,0,72,0.0
432300,72,0,72,0.0
432310,72,0,72,0.0
432320,72,0,72,0.0
432330,72,0,72,0.0
432335,48,0,72,0.0
432340,72,0,72,0.0
432345,72,0,72,0.0
432350,72,0,72,0.0
432360,24,0,72,0.0
432370,24,0,72,0.0
432375,48,0,72,0.0
432377,72,0,72,0.0
432380,72,0,72,0.0
500020,72,0,72,0.0
500025,72,0,72,0.0
500060,72,0,72,0.0
500070,72,0,72,0.0
500080,72,0,72,0.0
500085,72,0,72,0.0
500090,72,0,72,0.0
500100,72,0,72,0.0
500110,72,0,72,0.0
500124,72,0,72,0.0
500150,72,0,72,0.0
500190,72,0,72,0.0
500200,72,0,72,0.0
500210,72,0,72,0.0
500215,72,0,72,0.0
500220,72,0,72,0.0
500230,72,0,72,0.0
500240,72,0,72,0.0
500260,72,0,72,0.0
500270,72,0,72,0.0
500280,72,0,72,0.0
500290,72,0,72,0.0
500295,72,0,72,0.0
500310,72,0,72,0.0
500315,72,36,72,0.5
500320,72,0,72,0.0
500325,72,0,72,0.0
500330,72,0,72,0.0
500345,72,0,72,0.0
500348,72,0,72,0.0
500350,72,0,72,0.0
500370,72,0,72,0.0
500375,72,0,72,0.0
500380,72,0,72,0.0
500390,72,0,72,0.0
500400,72,0,72,0.0
500410,72,0,72,0.0
500430,72,0,72,0.0
500440,72,0,72,0.0
500450,72,0,72,0.0
500460,72,0,72,0.0
500470,72,0,72,0.0
500480,72,72,72,1.0
500490,72,0,72,0.0
500500,72,0,72,0.0
500510,72,0,72,0.0
500515,72,0,72,0.0
500520,72,0,72,0.0
500525,72,0,72,0.0
500540,72,0,72,0.0
500560,72,0,72,0.0
500568,72,0,72,0.0
500570,72,0,72,0.0
500580,72,0,72,0.0
500600,72,0,72,0.0
500620,72,0,72,0.0
500625,72,0,72,0.0
500627,0,0,72,0.0
500630,72,0,72,0.0
500635,72,27,72,0.375
500640,72,0,72,0.0
500660,72,0,72,0.0
500690,72,0,72,0.0
500710,72,0,72,0.0
500720,72,0,72,0.0
500730,72,0,72,0.0
500740,72,0,72,0.0
500750,72,0,72,0.0
500755,72,0,72,0.0
500769,72,0,72,0.0
500770,72,0,72,0.0
500780,72,0,72,0.0
500790,72,0,72,0.0
500793,72,0,72,0.0
500795,72,36,72,0.5
500797,72,0,72,0.0
500800,72,0,72,0.0
500830,72,0,72,0.0
500840,72,0,72,0.0
510010,72,0,72,0.0
510020,72,0,72,0.0
510025,72,0,72,0.0
510030,72,0,72,0.0
510035,72,0,72,0.0
510040,72,0,72,0.0
510050,72,0,72,0.0
510060,72,0,72,0.0
510080,72,0,72,0.0
510100,72,0,72,0.0
510120,48,0,72,0.0
510125,72,0,72,0.0
510130,72,0,72,0.0
510140,72,0,72,0.0
510160,72,0,72,0.0
510170,72,0,72,0.0
510180,72,0,72,0.0
510183,0,0,72,0.0
510185,72,0,72,0.0
510190,72,0,72,0.0
510250,72,0,72,0.0
510260,72,0,72,0.0
510263,72,0,72,0.0
510267,72,0,72,0.0
510268,72,0,72,0.0
510269,72,0,72,0.0
510270,72,0,72,0.0
510279,72,0,72,0.0
510285,72,0,72,0.0
510300,72,0,72,0.0
510305,72,0,72,0.0
510310,72,0,72,0.0
510320,72,0,72,0.0
510325,72,0,72,0.0
510330,72,0,72,0.0
510335,72,0,72,0.0
510336,72,0,72,0.0
510337,72,0,72,0.0
510340,72,0,72,0.0
510343,72,0,72,0.0
510345,72,0,72,0.0
510350,72,0,72,0.0
510360,72,0,72,0.0
510370,72,0,72,0.0
510380,72,0,72,0.0
510385,72,0,72,0.0
510390,72,0,72,0.0
510395,72,0,72,0.0
510410,72,0,72,0.0
510420,72,0,72,0.0
510450,48,0,72,0.0
510452,72,0,72,0.0
510454,72,0,72,0.0
510455,72,0,72,0.0
510460,72,0,72,0.0
510480,72,0,72,0.0
510490,72,0,72,0.0
510500,72,0,72,0.0
510510,72,0,72,0.0
510515,72,0,72,0.0
510517,72,0,72,0.0
510520,72,0,72,0.0
510523,72,0,72,0.0
510525,72,0,72,0.0
510530,72,0,72,0.0
510550,72,0,72,0.0
510558,72,0,72,0.0
510560,72,0,72,0.0
510562,72,0,72,0.0
510590,72,0,72,0.0
510600,72,0,72,0.0
510610,72,0,72,0.0
510615,72,0,72,0.0
510617,72,27,72,0.375
510618,72,0,72,0.0
510619,72,0,72,0.0
510620,72,0,72,0.0
510621,72,0,72,0.0
510622,72,0,72,0.0
510623,72,0,72,0.0
510624,72,0,72,0.0
510625,72,0,72,0.0
510626,72,0,72,0.0
510627,72,0,72,0.0
510628,72,0,72,0.0
510629,72,0,72,0.0
510630,72,0,72,0.0
510631,72,0,72,0.0
510637,72,0,72,0.0
510642,72,0,72,0.0
510645,72,0,72,0.0
510650,72,0,72,0.0
510665,72,0,72,0.0
510670,72,0,72,0.0
510675,72,0,72,0.0
510677,72,0,72,0.0
510680,72,0,72,0.0
510682,72,0,72,0.0
510685,48,0,72,0.0
510700,72,0,72,0.0
510704,72,0,72,0.0
510706,72,0,72,0.0
510710,72,0,72,0.0
510715,72,0,72,0.0
510718,72,0,72,0.0
510719,72,0,72,0.0
510720,72,0,72,0.0
510724,72,0,72,0.0
510726,72,0,72,0.0
510729,72,0,72,0.0
510730,72,0,72,0.0
510735,72,0,72,0.0
510740,72,0,72,0.0
510757,72,0,72,0.0
510760,72,0,72,0.0
510770,72,0,72,0.0
510774,72,0,72,0.0
510775,72,0,72,0.0
510776,72,0,72,0.0
510777,72,0,72,0.0
510779,72,0,72,0.0
510780,72,0,72,0.0
510785,72,0,72,0.0
510787,72,0,72,0.0
510788,72,0,72,0.0
510790,72,0,72,0.0
510792,72,0,72,0.0
510794,72,0,72,0.0
510795,72,0,72,0.0
510800,72,0,72,0.0
510805,72,0,72,0.0
510810,72,0,72,0.0
510820,72,0,72,0.0
510830,72,0,72,0.0
510835,72,0,72,0.0
510840,72,0,72,0.0
510850,72,0,72,0.0
510860,72,0,72,0.0
510880,72,0,72,0.0
510885,72,0,72,0.0
510890,72,0,72,0.0
510895,72,0,72,0.0
520005,72,0,72,0.0
520010,72,0,72,0.0
520013,72,0,72,0.0
520015,48,0,72,0.0
520017,72,0,72,0.0
520020,72,0,72,0.0
520025,72,0,72,0.0
520030,72,0,72,0.0
520050,48,0,72,0.0
520055,72,0,72,0.0
520060,72,0,72,0.0
520080,72,0,72,0.0
520082,72,0,72,0.0
520085,72,0,72,0.0
520090,72,0,72,0.0
520110,72,0,72,0.0
520120,24,0,72,0.0
520130,72,0,72,0.0
520140,72,0,72,0.0
520145,72,0,72,0.0
520150,72,0,72,0.0
520160,72,0,72,0.0
520170,72,0,72,0.0
520180,72,0,72,0.0
520215,72,0,72,0.0
520235,72,0,72,0.0
520250,72,0,72,0.0
520260,48,0,72,0.0
520280,72,0,72,0.0
520310,72,0,72,0.0
520320,72,0,72,0.0
520330,72,0,72,0.0
520340,72,0,72,0.0
520350,72,0,72,0.0
520355,72,0,72,0.0
520357,72,0,72,0.0
520360,72,0,72,0.0
520380,72,0,72,0.0
520390,72,0,72,0.0
520393,72,0,72,0.0
520396,72,0,72,0.0
520400,72,0,72,0.0
520410,72,0,72,0.0
520420,48,0,72,0.0
520425,72,0,72,0.0
520430,72,0,72,0.0
520440,72,0,72,0.0
520450,72,0,72,0.0
520455,72,0,72,0.0
520460,72,0,72,0.0
520465,72,0,72,0.0
520470,72,0,72,0.0
520480,72,0,72,0.0
520485,72,0,72,0.0
520490,72,0,72,0.0
520495,72,0,72,0.0
520500,72,0,72,0.0
520505,72,0,72,0.0
520510,72,0,72,0.0
520520,72,0,72,0.0
520530,72,3,72,0.041666666666666664
520540,72,0,72,0.0
520545,72,0,72,0.0
520547,72,0,72,0.0
520549,72,0,72,0.0
520551,72,0,72,0.0
520552,72,0,72,0.0
520570,72,0,72,0.0
520580,72,0,72,0.0
520590,72,0,72,0.0
520620,72,0,72,0.0
520630,72,0,72,0.0
520640,72,0,72,0.0
520650,72,0,72,0.0
520660,72,0,72,0.0
520670,72,0,72,0.0
520680,72,0,72,0.0
520690,48,0,72,0.0
520710,48,0,72,0.0
520725,72,0,72,0.0
520735,72,0,72,0.0
520740,72,0,72,0.0
520750,48,0,72,0.0
520753,72,0,72,0.0
520760,72,0,72,0.0
520780,72,0,72,0.0
520790,72,3,72,0.041666666666666664
520800,72,0,72,0.0
520810,72,0,72,0.0
520815,72,0,72,0.0
520830,72,0,72,0.0
520840,72,0,72,0.0
520850,72,0,72,0.0
520860,72,0,72,0.0
520870,72,0,72,0.0
520880,72,0,72,0.0
520890,72,0,72,0.0
520910,72,0,72,0.0
520915,72,0,72,0.0
520920,72,0,72,0.0
520929,48,0,72,0.0
520940,72,0,72,0.0
520945,48,0,72,0.0
520960,72,0,72,0.0
520970,72,0,72,0.0
520980,48,0,72,0.0
520990,72,0,72,0.0
520993,72,0,72,0.0
520995,72,0,72,0.0
521000,72,0,72,0.0
521010,72,0,72,0.0
521015,72,0,72,0.0
521020,72,0,72,0.0
521030,48,0,72,0.0
521040,72,0,72,0.0
521056,72,0,72,0.0
521060,72,0,72,0.0
521080,72,0,72,0.0
521090,72,0,72,0.0
521100,72,0,72,0.0
521120,72,0,72,0.0
521130,72,0,72,0.0
521140,72,0,72,0.0
521150,72,0,72,0.0
521160,72,0,72,0.0
521170,72,0,72,0.0
521180,72,0,72,0.0
521190,72,0,72,0.0
521200,72,0,72,0.0
521205,48,0,72,0.0
521210,72,0,72,0.0
521220,72,0,72,0.0
521225,48,0,72,0.0
521230,72,0,72,0.0
521250,72,0,72,0.0
521260,48,0,72,0.0
521270,72,0,72,0.0
521280,72,0,72,0.0
521290,72,0,72,0.0
521295,72,0,72,0.0
521300,72,0,72,0.0
521305,72,0,72,0.0
521308,72,0,72,0.0
521310,72,0,72,0.0
521340,24,0,72,0.0
521350,72,0,72,0.0
521370,72,0,72,0.0
521375,72,0,72,0.0
521377,72,0,72,0.0
521380,72,0,72,0.0
521385,72,0,72,0.0
521390,72,0,72,0.0
521400,72,0,72,0.0
521405,72,0,72,0.0
521410,72,0,72,0.0
521440,72,0,72,0.0
521450,72,0,72,0.0
521460,72,0,72,0.0
521470,48,0,72,0.0
521480,48,0,72,0.0
521483,72,0,72,0.0
521486,72,0,72,0.0
521487,72,0,72,0.0
521490,72,0,72,0.0
521500,72,0,72,0.0
521520,72,0,72,0.0
521523,72,0,72,0.0
521525,72,0,72,0.0
521530,72,0,72,0.0
521540,72,0,72,0.0
521550,72,0,72,0.0
521560,72,0,72,0.0
521565,72,0,72,0.0
521570,72,0,72,0.0
521580,72,0,72,0.0
521590,72,0,72,0.0
521600,72,0,72,0.0
521630,72,0,72,0.0
521640,72,0,72,0.0
521645,48,0,72,0.0
521680,72,0,72,0.0
521690,72,0,72,0.0
521710,72,0,72,0.0
521720,72,0,72,0.0
521730,72,0,72,0.0
521740,72,0,72,0.0
521760,72,0,72,0.0
521770,72,0,72,0.0
521800,72,0,72,0.0
521805,72,0,72,0.0
521810,72,0,72,0.0
521830,72,0,72,0.0
521839,72,0,72,0.0
521850,72,0,72,0.0
521860,72,0,72,0.0
521870,72,0,72,0.0
521878,72,0,72,0.0
521880,72,0,72,0.0
521890,72,0,72,0.0
521900,72,0,72,0.0
521910,72,0,72,0.0
521920,48,0,72,0.0
521925,72,0,72,0.0
521930,72,0,72,0.0
521935,72,0,72,0.0
521940,72,0,72,0.0
521945,48,0,72,0.0
521950,72,0,72,0.0
521960,72,0,72,0.0
521970,72,0,72,0.0
521971,48,0,72,0.0
521973,72,0,72,0.0
521975,72,0,72,0.0
521980,72,0,72,0.0
521990,72,0,72,0.0
522000,72,0,72,0.0
522005,48,0,72,0.0
522010,72,0,72,0.0
522015,72,0,72,0.0
522020,72,0,72,0.0
522026,72,0,72,0.0
522028,72,0,72,0.0
522040,72,0,72,0.0
522045,72,0,72,0.0
522050,72,0,72,0.0
522060,72,0,72,0.0
522068,72,0,72,0.0
522070,72,0,72,0.0
522100,72,0,72,0.0
522108,72,0,72,0.0
522119,72,0,72,0.0
522130,72,0,72,0.0
522140,72,0,72,0.0
522145,72,0,72,0.0
522150,72,0,72,0.0
522155,72,0,72,0.0
522157,72,0,72,0.0
522160,72,0,72,0.0
522170,72,0,72,0.0
522180,72,0,72,0.0
522185,72,0,72,0.0
522190,72,0,72,0.0
522200,72,0,72,0.0
522205,72,0,72,0.0
522220,72,0,72,0.0
522230,72,0,72,0.0
530010,72,0,72,0.0
