codigo_ibge,municipio,uf,altura_muito_baixa_n_valor_fonte,altura_baixa_n_valor_fonte,altura_adequada_n_valor_fonte,avaliados_altura_valor_fonte,altura_muito_baixa_n_percentual_fonte,altura_baixa_n_percentual_fonte,altura_adequada_n_percentual_fonte,sisvan_altura_escala_alterada,sisvan_altura_escalas_compativeis,peso_muito_baixo_n_valor_fonte,peso_baixo_n_valor_fonte,peso_adequado_n_valor_fonte,peso_elevado_n_valor_fonte,avaliados_peso_valor_fonte,peso_muito_baixo_n_percentual_fonte,peso_baixo_n_percentual_fonte,peso_adequado_n_percentual_fonte,peso_elevado_n_percentual_fonte,sisvan_peso_escala_alterada,sisvan_peso_escalas_compativeis
1100015,ALTA FLORESTA D'OESTE,RO,26,62,1.02,1.108,2.35%,5.6%,92.06%,True,1,6,23,1022,57,1108,0.54%,2.08%,92.24%,5.14%,False,1
1100023,ARIQUEMES,RO,73,133,2.458,2.664,2.74%,4.99%,92.27%,True,1,14,74,2393,183,2664,0.53%,2.78%,89.83%,6.87%,False,1
1100031,CABIXI,RO,9,14,246,269,3.35%,5.2%,91.45%,False,1,2,3,247,17,269,0.74%,1.12%,91.82%,6.32%,False,1
1100049,CACOAL,RO,116,202,3.763,4.081,2.84%,4.95%,92.21%,True,1,19,82,3696,285,4082,0.47%,2.01%,90.54%,6.98%,False,1
1100056,CEREJEIRAS,RO,14,31,592,637,2.2%,4.87%,92.94%,False,1,8,21,568,40,637,1.26%,3.3%,89.17%,6.28%,False,1
1100064,COLORADO DO OESTE,RO,33,49,832,914,3.61%,5.36%,91.03%,False,1,2,13,846,53,914,0.22%,1.42%,92.56%,5.8%,False,1
1100072,CORUMBIARA,RO,8,15,205,228,3.51%,6.58%,89.91%,False,1,1,3,202,22,228,0.44%,1.32%,88.6%,9.65%,False,1
1100080,COSTA MARQUES,RO,58,60,726,844,6.87%,7.11%,86.02%,False,1,11,29,751,53,844,1.3%,3.44%,88.98%,6.28%,False,1
1100098,ESPIGAO D'OESTE,RO,39,87,1.034,1.16,3.36%,7.5%,89.14%,True,1,6,25,1064,65,1160,0.52%,2.16%,91.72%,5.6%,False,1
1100106,GUAJARA-MIRIM,RO,100,167,1.703,1.97,5.08%,8.48%,86.45%,True,1,25,70,1796,79,1970,1.27%,3.55%,91.17%,4.01%,False,1
1100114,JARU,RO,78,138,3.006,3.222,2.42%,4.28%,93.3%,True,1,29,65,2922,206,3222,0.9%,2.02%,90.69%,6.39%,False,1
1100122,JI-PARANA,RO,98,252,5.554,5.904,1.66%,4.27%,94.07%,True,1,29,108,5395,372,5904,0.49%,1.83%,91.38%,6.3%,False,1
1100130,MACHADINHO D'OESTE,RO,66,62,1.202,1.33,4.96%,4.66%,90.38%,True,1,9,33,1173,114,1329,0.68%,2.48%,88.26%,8.58%,False,1
1100148,NOVA BRASILANDIA D'OESTE,RO,38,40,592,670,5.67%,5.97%,88.36%,False,1,9,21,593,47,670,1.34%,3.13%,88.51%,7.01%,False,1
1100155,OURO PRETO DO OESTE,RO,49,75,1.557,1.681,2.91%,4.46%,92.62%,True,1,3,35,1554,89,1681,0.18%,2.08%,92.44%,5.29%,False,1
1100189,PIMENTA BUENO,RO,40,87,1.716,1.843,2.17%,4.72%,93.11%,True,1,13,37,1687,106,1843,0.71%,2.01%,91.54%,5.75%,False,1
1100205,PORTO VELHO,RO,630,1,12.758,14.388,4.38%,6.95%,88.67%,True,1,91,350,12969,978,14388,0.63%,2.43%,90.14%,6.8%,False,1
1100254,PRESIDENTE MEDICI,RO,18,51,947,1.016,1.77%,5.02%,93.21%,True,1,2,10,924,80,1016,0.2%,0.98%,90.94%,7.87%,False,1
1100262,RIO CRESPO,RO,8,13,246,267,3%,4.87%,92.13%,False,1,0,4,242,21,267,-,1.5%,90.64%,7.87%,False,1
1100288,ROLIM DE MOURA,RO,77,111,2.516,2.704,2.85%,4.11%,93.05%,True,1,16,69,2442,177,2704,0.59%,2.55%,90.31%,6.55%,False,1
1100296,SANTA LUZIA D'OESTE,RO,19,14,230,263,7.22%,5.32%,87.45%,False,1,2,8,240,13,263,0.76%,3.04%,91.25%,4.94%,False,1
1100304,VILHENA,RO,102,286,5.911,6.299,1.62%,4.54%,93.84%,True,1,38,91,5793,377,6299,0.6%,1.44%,91.97%,5.99%,False,1
1100320,SAO MIGUEL DO GUAPORE,RO,8,21,400,429,1.86%,4.9%,93.24%,False,1,5,8,378,38,429,1.17%,1.86%,88.11%,8.86%,False,1
1100338,NOVA MAMORE,RO,51,78,1.357,1.486,3.43%,5.25%,91.32%,True,1,7,26,1364,89,1486,0.47%,1.75%,91.79%,5.99%,False,1
1100346,ALVORADA D'OESTE,RO,21,22,367,410,5.12%,5.37%,89.51%,False,1,6,10,376,18,410,1.46%,2.44%,91.71%,4.39%,False,1
1100379,ALTO ALEGRE DOS PARECIS,RO,6,9,346,361,1.66%,2.49%,95.84%,False,1,1,2,332,26,361,0.28%,0.55%,91.97%,7.2%,False,1
1100403,ALTO PARAISO,RO,13,30,481,524,2.48%,5.73%,91.79%,False,1,3,8,478,35,524,0.57%,1.53%,91.22%,6.68%,False,1
1100452,BURITIS,RO,29,35,705,769,3.77%,4.55%,91.68%,False,1,4,17,693,55,769,0.52%,2.21%,90.12%,7.15%,False,1
1100502,NOVO HORIZONTE DO OESTE,RO,9,9,238,256,3.52%,3.52%,92.97%,False,1,0,4,233,19,256,-,1.56%,91.02%,7.42%,False,1
1100601,CACAULANDIA,RO,3,6,210,219,1.37%,2.74%,95.89%,False,1,0,2,199,18,219,-,0.91%,90.87%,8.22%,False,1
1100700,CAMPO NOVO DE RONDONIA,RO,1,10,222,233,0.43%,4.29%,95.28%,False,1,0,0,224,9,233,-,-,96.14%,3.86%,False,1
1100809,CANDEIAS DO JAMARI,RO,61,99,1.062,1.222,4.99%,8.1%,86.91%,True,1,11,21,1111,79,1222,0.9%,1.72%,90.92%,6.46%,False,1
1100908,CASTANHEIRAS,RO,1,10,80,91,1.1%,10.99%,87.91%,False,1,0,0,83,8,91,-,-,91.21%,8.79%,False,1
1100924,CHUPINGUAIA,RO,25,27,382,434,5.76%,6.22%,88.02%,False,1,3,6,388,37,434,0.69%,1.38%,89.4%,8.53%,False,1
1100940,CUJUBIM,RO,28,46,694,768,3.65%,5.99%,90.36%,False,1,1,13,700,54,768,0.13%,1.69%,91.15%,7.03%,False,1
1101005,GOVERNADOR JORGE TEIXEIRA,RO,8,14,247,269,2.97%,5.2%,91.82%,False,1,2,4,239,24,269,0.74%,1.49%,88.85%,8.92%,False,1
1101104,ITAPUA DO OESTE,RO,16,36,363,415,3.86%,8.67%,87.47%,False,1,2,8,377,28,415,0.48%,1.93%,90.84%,6.75%,False,1
1101203,MINISTRO ANDREAZZA,RO,11,11,383,405,2.72%,2.72%,94.57%,False,1,2,7,372,24,405,0.49%,1.73%,91.85%,5.93%,False,1
1101302,MIRANTE DA SERRA,RO,10,22,503,535,1.87%,4.11%,94.02%,False,1,1,7,502,25,535,0.19%,1.31%,93.83%,4.67%,False,1
1101401,MONTE NEGRO,RO,15,24,529,568,2.64%,4.23%,93.13%,False,1,7,8,510,43,568,1.23%,1.41%,89.79%,7.57%,False,1
1101435,NOVA UNIAO,RO,8,15,331,354,2.26%,4.24%,93.5%,False,1,3,6,332,13,354,0.85%,1.69%,93.79%,3.67%,False,1
1101450,PARECIS,RO,9,13,181,203,4.43%,6.4%,89.16%,False,1,4,7,177,15,203,1.97%,3.45%,87.19%,7.39%,False,1
1101468,PIMENTEIRAS DO OESTE,RO,6,3,90,99,6.06%,3.03%,90.91%,False,1,1,0,90,8,99,1.01%,-,90.91%,8.08%,False,1
1101476,PRIMAVERA DE RONDONIA,RO,4,7,148,159,2.52%,4.4%,93.08%,False,1,0,6,148,5,159,-,3.77%,93.08%,3.14%,False,1
1101484,SAO FELIPE D'OESTE,RO,5,9,165,179,2.79%,5.03%,92.18%,False,1,0,4,165,10,179,-,2.23%,92.18%,5.59%,False,1
1101492,SAO FRANCISCO DO GUAPORE,RO,25,33,474,532,4.7%,6.2%,89.1%,False,1,7,14,469,42,532,1.32%,2.63%,88.16%,7.89%,False,1
1101500,SERINGUEIRAS,RO,12,9,425,446,2.69%,2.02%,95.29%,False,1,0,5,411,30,446,-,1.12%,92.15%,6.73%,False,1
1101559,TEIXEIROPOLIS,RO,2,3,188,193,1.04%,1.55%,97.41%,False,1,0,4,178,11,193,-,2.07%,92.23%,5.7%,False,1
1101609,THEOBROMA,RO,13,12,251,276,4.71%,4.35%,90.94%,False,1,2,12,240,22,276,0.72%,4.35%,86.96%,7.97%,False,1
1101708,URUPA,RO,3,20,603,626,0.48%,3.19%,96.33%,False,1,3,7,580,36,626,0.48%,1.12%,92.65%,5.75%,False,1
1101757,VALE DO ANARI,RO,13,45,332,390,3.33%,11.54%,85.13%,False,1,0,9,347,34,390,-,2.31%,88.97%,8.72%,False,1
1101807,VALE DO PARAISO,RO,3,32,285,320,0.94%,10%,89.06%,False,1,0,8,286,26,320,-,2.5%,89.38%,8.13%,False,1
1200013,ACRELANDIA,AC,135,96,883,1.114,12.12%,8.62%,79.26%,True,1,8,21,1031,54,1114,0.72%,1.89%,92.55%,4.85%,False,1
1200054,ASSIS BRASIL,AC,111,200,847,1.158,9.59%,17.27%,73.14%,True,1,13,18,1076,51,1158,1.12%,1.55%,92.92%,4.4%,False,1
1200104,BRASILEIA,AC,125,152,2.079,2.356,5.31%,6.45%,88.24%,True,1,17,41,2138,160,2356,0.72%,1.74%,90.75%,6.79%,False,1
1200138,BUJARI,AC,45,67,634,746,6.03%,8.98%,84.99%,False,1,2,16,679,49,746,0.27%,2.14%,91.02%,6.57%,False,1
1200179,CAPIXABA,AC,15,52,600,667,2.25%,7.8%,89.96%,False,1,1,9,609,48,667,0.15%,1.35%,91.3%,7.2%,False,1
1200203,CRUZEIRO DO SUL,AC,284,390,5.057,5.731,4.96%,6.81%,88.24%,True,1,47,144,5089,451,5731,0.82%,2.51%,88.8%,7.87%,False,1
1200252,EPITACIOLANDIA,AC,66,67,1.109,1.242,5.31%,5.39%,89.29%,True,1,7,20,1138,77,1242,0.56%,1.61%,91.63%,6.2%,False,1
1200302,FEIJO,AC,161,235,2.256,2.652,6.07%,8.86%,85.07%,True,1,33,103,2356,159,2651,1.24%,3.89%,88.87%,6%,False,1
1200328,JORDAO,AC,314,269,694,1.277,24.59%,21.06%,54.35%,True,1,64,136,1049,28,1277,5.01%,10.65%,82.15%,2.19%,False,1
1200336,MANCIO LIMA,AC,79,95,997,1.171,6.75%,8.11%,85.14%,True,1,13,36,1044,78,1171,1.11%,3.07%,89.15%,6.66%,False,1
1200344,MANOEL URBANO,AC,134,118,987,1.239,10.82%,9.52%,79.66%,True,1,30,74,1094,41,1239,2.42%,5.97%,88.3%,3.31%,False,1
1200351,MARECHAL THAUMATURGO,AC,136,221,1.447,1.804,7.54%,12.25%,80.21%,True,1,7,54,1667,76,1804,0.39%,2.99%,92.41%,4.21%,False,1
1200385,PLACIDO DE CASTRO,AC,39,67,1.004,1.11,3.51%,6.04%,90.45%,True,1,8,26,996,80,1110,0.72%,2.34%,89.73%,7.21%,False,1
1200393,PORTO WALTER,AC,59,146,948,1.153,5.12%,12.66%,82.22%,True,1,7,48,1061,37,1153,0.61%,4.16%,92.02%,3.21%,False,1
1200401,RIO BRANCO,AC,438,694,9.671,10.803,4.05%,6.42%,89.52%,True,1,48,196,9802,757,10803,0.44%,1.81%,90.73%,7.01%,False,1
1200427,RODRIGUES ALVES,AC,68,89,802,959,7.09%,9.28%,83.63%,False,1,15,39,847,58,959,1.56%,4.07%,88.32%,6.05%,False,1
1200435,SANTA ROSA DO PURUS,AC,183,160,347,690,26.52%,23.19%,50.29%,False,1,22,66,588,14,690,3.19%,9.57%,85.22%,2.03%,False,1
1200450,SENADOR GUIOMARD,AC,73,86,1.111,1.27,5.75%,6.77%,87.48%,True,1,37,53,1078,102,1270,2.91%,4.17%,84.88%,8.03%,False,1
1200500,SENA MADUREIRA,AC,86,165,2.697,2.948,2.92%,5.6%,91.49%,True,1,15,72,2675,185,2947,0.51%,2.44%,90.77%,6.28%,False,1
1200609,TARAUACA,AC,381,456,2.806,3.643,10.46%,12.52%,77.02%,True,1,47,149,3235,211,3642,1.29%,4.09%,88.82%,5.79%,False,1
1200708,XAPURI,AC,78,119,1.164,1.361,5.73%,8.74%,85.53%,True,1,14,23,1215,109,1361,1.03%,1.69%,89.27%,8.01%,False,1
1200807,PORTO ACRE,AC,41,74,1.113,1.228,3.34%,6.03%,90.64%,True,1,4,13,1111,100,1228,0.33%,1.06%,90.47%,8.14%,False,1
1300029,ALVARAES,AM,161,229,1.364,1.754,9.18%,13.06%,77.77%,True,1,26,53,1612,63,1754,1.48%,3.02%,91.9%,3.59%,False,1
1300060,AMATURA,AM,141,237,937,1.315,10.72%,18.02%,71.25%,True,1,13,47,1219,37,1316,0.99%,3.57%,92.63%,2.81%,False,1
1300086,ANAMA,AM,45,97,928,1.07,4.21%,9.07%,86.73%,True,1,10,38,939,83,1070,0.93%,3.55%,87.76%,7.76%,False,1
1300102,ANORI,AM,75,107,1.089,1.271,5.9%,8.42%,85.68%,True,1,5,29,1138,99,1271,0.39%,2.28%,89.54%,7.79%,False,1
1300144,APUI,AM,81,97,1.149,1.327,6.1%,7.31%,86.59%,True,1,13,44,1196,74,1327,0.98%,3.32%,90.13%,5.58%,False,1
1300201,ATALAIA DO NORTE,AM,131,157,953,1.241,10.56%,12.65%,76.79%,True,1,22,64,1099,56,1241,1.77%,5.16%,88.56%,4.51%,False,1
1300300,AUTAZES,AM,279,427,3.295,4.001,6.97%,10.67%,82.35%,True,1,51,177,3548,225,4001,1.27%,4.42%,88.68%,5.62%,False,1
1300409,BARCELOS,AM,390,177,1.275,1.842,21.17%,9.61%,69.22%,True,1,223,120,1405,94,1842,12.11%,6.51%,76.28%,5.1%,False,1
1300508,BARREIRINHA,AM,275,471,2.245,2.991,9.19%,15.75%,75.06%,True,1,58,207,2629,97,2991,1.94%,6.92%,87.9%,3.24%,False,1
1300607,BENJAMIN CONSTANT,AM,272,687,3.002,3.961,6.87%,17.34%,75.79%,True,1,69,179,3563,150,3961,1.74%,4.52%,89.95%,3.79%,False,1
1300631,BERURI,AM,176,303,2.276,2.755,6.39%,11%,82.61%,True,1,29,133,2485,108,2755,1.05%,4.83%,90.2%,3.92%,False,1
1300680,BOA VISTA DO RAMOS,AM,75,164,1.385,1.624,4.62%,10.1%,85.28%,True,1,14,62,1467,81,1624,0.86%,3.82%,90.33%,4.99%,False,1
1300706,BOCA DO ACRE,AM,96,174,1.825,2.095,4.58%,8.31%,87.11%,True,1,21,67,1864,143,2095,1%,3.2%,88.97%,6.83%,False,1
1300805,BORBA,AM,195,302,2.615,3.112,6.27%,9.7%,84.03%,True,1,53,140,2736,183,3112,1.7%,4.5%,87.92%,5.88%,False,1
1300839,CAAPIRANGA,AM,62,88,767,917,6.76%,9.6%,83.64%,False,1,8,31,836,42,917,0.87%,3.38%,91.17%,4.58%,False,1
1300904,CANUTAMA,AM,48,60,727,835,5.75%,7.19%,87.07%,False,1,10,28,734,63,835,1.2%,3.35%,87.9%,7.54%,False,1
1301001,CARAUARI,AM,232,315,1.833,2.38,9.75%,13.24%,77.02%,True,1,21,121,2121,117,2380,0.88%,5.08%,89.12%,4.92%,False,1
1301100,CAREIRO,AM,136,260,2.54,2.936,4.63%,8.86%,86.51%,True,1,24,62,2677,173,2936,0.82%,2.11%,91.18%,5.89%,False,1
1301159,CAREIRO DA VARZEA,AM,83,142,1.274,1.499,5.54%,9.47%,84.99%,True,1,22,57,1316,104,1499,1.47%,3.8%,87.79%,6.94%,False,1
1301209,COARI,AM,488,766,5.448,6.702,7.28%,11.43%,81.29%,True,1,74,200,6087,341,6702,1.1%,2.98%,90.82%,5.09%,False,1
1301308,CODAJAS,AM,97,182,1.568,1.847,5.25%,9.85%,84.89%,True,1,15,60,1679,93,1847,0.81%,3.25%,90.9%,5.04%,False,1
1301407,EIRUNEPE,AM,263,302,2.248,2.813,9.35%,10.74%,79.91%,True,1,34,144,2485,150,2813,1.21%,5.12%,88.34%,5.33%,False,1
1301506,ENVIRA,AM,121,162,1.122,1.405,8.61%,11.53%,79.86%,True,1,13,51,1261,80,1405,0.93%,3.63%,89.75%,5.69%,False,1
1301605,FONTE BOA,AM,173,304,2.133,2.61,6.63%,11.65%,81.72%,True,1,16,87,2424,83,2610,0.61%,3.33%,92.87%,3.18%,False,1
1301654,GUAJARA,AM,120,119,1.146,1.385,8.66%,8.59%,82.74%,True,1,29,64,1199,93,1385,2.09%,4.62%,86.57%,6.71%,False,1
1301704,HUMAITA,AM,162,318,3.825,4.305,3.76%,7.39%,88.85%,True,1,29,144,3882,250,4305,0.67%,3.34%,90.17%,5.81%,False,1
1301803,IPIXUNA,AM,109,159,1.639,1.907,5.72%,8.34%,85.95%,True,1,57,115,1642,93,1907,2.99%,6.03%,86.1%,4.88%,False,1
1301852,IRANDUBA,AM,213,444,4.837,5.494,3.88%,8.08%,88.04%,True,1,39,133,4970,352,5494,0.71%,2.42%,90.46%,6.41%,False,1
1301902,ITACOATIARA,AM,555,796,7.426,8.777,6.32%,9.07%,84.61%,True,1,66,258,7848,604,8776,0.75%,2.94%,89.43%,6.88%,False,1
1301951,ITAMARATI,AM,122,162,732,1.016,12.01%,15.94%,72.05%,True,1,37,122,837,20,1016,3.64%,12.01%,82.38%,1.97%,False,1
1302009,ITAPIRANGA,AM,34,92,989,1.115,3.05%,8.25%,88.7%,True,1,10,35,1024,46,1115,0.9%,3.14%,91.84%,4.13%,False,1
1302108,JAPURA,AM,57,86,764,907,6.28%,9.48%,84.23%,False,1,21,41,797,48,907,2.32%,4.52%,87.87%,5.29%,False,1
1302207,JURUA,AM,58,105,831,994,5.84%,10.56%,83.6%,False,1,12,65,878,39,994,1.21%,6.54%,88.33%,3.92%,False,1
1302306,JUTAI,AM,269,307,1.974,2.55,10.55%,12.04%,77.41%,True,1,27,93,2272,159,2551,1.06%,3.65%,89.06%,6.23%,False,1
1302405,LABREA,AM,212,342,3.075,3.629,5.84%,9.42%,84.73%,True,1,38,126,3194,271,3629,1.05%,3.47%,88.01%,7.47%,False,1
1302504,MANACAPURU,AM,449,774,6.767,7.99,5.62%,9.69%,84.69%,True,1,100,272,7084,534,7990,1.25%,3.4%,88.66%,6.68%,False,1
1302553,MANAQUIRI,AM,125,177,1.364,1.666,7.5%,10.62%,81.87%,True,1,11,55,1483,117,1666,0.66%,3.3%,89.02%,7.02%,False,1
1302603,MANAUS,AM,4.051,7.785,90.008,101.844,3.98%,7.64%,88.38%,True,1,933,2400,91932,6576,101841,0.92%,2.36%,90.27%,6.46%,False,1
1302702,MANICORE,AM,289,455,3.865,4.609,6.27%,9.87%,83.86%,True,1,38,155,4195,221,4609,0.82%,3.36%,91.02%,4.79%,False,1
1302801,MARAA,AM,145,245,1.601,1.991,7.28%,12.31%,80.41%,True,1,22,69,1828,72,1991,1.1%,3.47%,91.81%,3.62%,False,1
1302900,MAUES,AM,513,788,4.466,5.767,8.9%,13.66%,77.44%,True,1,69,272,5228,198,5767,1.2%,4.72%,90.65%,3.43%,False,1
1303007,NHAMUNDA,AM,136,172,1.361,1.669,8.15%,10.31%,81.55%,True,1,33,73,1487,76,1669,1.98%,4.37%,89.1%,4.55%,False,1
1303106,NOVA OLINDA DO NORTE,AM,148,340,2.354,2.842,5.21%,11.96%,82.83%,True,1,38,136,2548,120,2842,1.34%,4.79%,89.66%,4.22%,False,1
1303205,NOVO AIRAO,AM,73,132,1.209,1.414,5.16%,9.34%,85.5%,True,1,15,38,1283,78,1414,1.06%,2.69%,90.74%,5.52%,False,1
1303304,NOVO ARIPUANA,AM,152,199,1.487,1.838,8.27%,10.83%,80.9%,True,1,29,63,1661,85,1838,1.58%,3.43%,90.37%,4.62%,False,1
1303403,PARINTINS,AM,599,575,7.529,8.703,6.88%,6.61%,86.51%,True,1,61,160,8201,281,8703,0.7%,1.84%,94.23%,3.23%,False,1
1303502,PAUINI,AM,155,190,1.066,1.411,10.99%,13.47%,75.55%,True,1,38,72,1218,83,1411,2.69%,5.1%,86.32%,5.88%,False,1
1303536,PRESIDENTE FIGUEIREDO,AM,97,194,2.28,2.571,3.77%,7.55%,88.68%,True,1,35,75,2310,151,2571,1.36%,2.92%,89.85%,5.87%,False,1
1303569,RIO PRETO DA EVA,AM,67,158,1.991,2.216,3.02%,7.13%,89.85%,True,1,14,49,2027,126,2216,0.63%,2.21%,91.47%,5.69%,False,1
1303601,SANTA ISABEL DO RIO NEGRO,AM,268,165,760,1.193,22.46%,13.83%,63.7%,True,1,81,100,964,48,1193,6.79%,8.38%,80.8%,4.02%,False,1
1303700,SANTO ANTONIO DO ICA,AM,316,529,2.95,3.795,8.33%,13.94%,77.73%,True,1,50,192,3422,131,3795,1.32%,5.06%,90.17%,3.45%,False,1
1303809,SAO GABRIEL DA CACHOEIRA,AM,1.624,1.394,2.704,5.722,28.38%,24.36%,47.26%,True,1,79,185,5328,130,5722,1.38%,3.23%,93.11%,2.27%,False,1
1303908,SAO PAULO DE OLIVENCA,AM,463,819,2.462,3.744,12.37%,21.88%,65.76%,True,1,72,246,3373,53,3744,1.92%,6.57%,90.09%,1.42%,False,1
1303957,SAO SEBASTIAO DO UATUMA,AM,28,81,879,988,2.83%,8.2%,88.97%,False,1,4,16,938,30,988,0.4%,1.62%,94.94%,3.04%,False,1
1304005,SILVES,AM,86,120,801,1.007,8.54%,11.92%,79.54%,True,1,13,40,914,40,1007,1.29%,3.97%,90.76%,3.97%,False,1
1304062,TABATINGA,AM,499,1.121,4.272,5.892,8.47%,19.03%,72.51%,True,1,34,200,5473,185,5892,0.58%,3.39%,92.89%,3.14%,False,1
1304104,TAPAUA,AM,108,193,1.376,1.677,6.44%,11.51%,82.05%,True,1,13,70,1514,80,1677,0.78%,4.17%,90.28%,4.77%,False,1
1304203,TEFE,AM,501,932,7.055,8.488,5.9%,10.98%,83.12%,True,1,78,294,7740,376,8488,0.92%,3.46%,91.19%,4.43%,False,1
1304237,TONANTINS,AM,190,305,1.648,2.143,8.87%,14.23%,76.9%,True,1,18,90,1972,63,2143,0.84%,4.2%,92.02%,2.94%,False,1
1304260,UARINI,AM,171,237,1.286,1.694,10.09%,13.99%,75.91%,True,1,20,71,1543,60,1694,1.18%,4.19%,91.09%,3.54%,False,1
1304302,URUCARA,AM,66,123,1.174,1.363,4.84%,9.02%,86.13%,True,1,10,63,1239,51,1363,0.73%,4.62%,90.9%,3.74%,False,1
1304401,URUCURITUBA,AM,48,128,1.466,1.642,2.92%,7.8%,89.28%,True,1,5,40,1563,34,1642,0.3%,2.44%,95.19%,2.07%,False,1
1400027,AMAJARI,RR,32,80,747,859,3.73%,9.31%,86.96%,False,1,4,24,795,36,859,0.47%,2.79%,92.55%,4.19%,False,1
1400050,ALTO ALEGRE,RR,60,85,904,1.049,5.72%,8.1%,86.18%,True,1,13,19,979,38,1049,1.24%,1.81%,93.33%,3.62%,False,1
1400100,BOA VISTA,RR,550,1.332,16.294,18.176,3.03%,7.33%,89.65%,True,1,133,445,16621,976,18175,0.73%,2.45%,91.45%,5.37%,False,1
1400159,BONFIM,RR,138,182,1.406,1.726,8%,10.54%,81.46%,True,1,24,64,1570,68,1726,1.39%,3.71%,90.96%,3.94%,False,1
1400175,CANTA,RR,82,148,1.404,1.634,5.02%,9.06%,85.92%,True,1,21,41,1496,76,1634,1.29%,2.51%,91.55%,4.65%,False,1
1400209,CARACARAI,RR,73,117,1.357,1.547,4.72%,7.56%,87.72%,True,1,12,42,1418,75,1547,0.78%,2.71%,91.66%,4.85%,False,1
1400233,CAROEBE,RR,22,34,1.142,1.198,1.84%,2.84%,95.33%,True,1,5,13,1121,59,1198,0.42%,1.09%,93.57%,4.92%,False,1
1400282,IRACEMA,RR,19,28,392,439,4.33%,6.38%,89.29%,False,1,1,6,419,13,439,0.23%,1.37%,95.44%,2.96%,False,1
1400308,MUCAJAI,RR,56,145,1.261,1.462,3.83%,9.92%,86.25%,True,1,7,33,1330,92,1462,0.48%,2.26%,90.97%,6.29%,False,1
1400407,NORMANDIA,RR,371,380,1.409,2.16,17.18%,17.59%,65.23%,True,1,42,94,1877,147,2160,1.94%,4.35%,86.9%,6.81%,False,1
1400456,PACARAIMA,RR,111,200,2.594,2.905,3.82%,6.88%,89.29%,True,1,39,45,2748,73,2905,1.34%,1.55%,94.6%,2.51%,False,1
1400472,RORAINOPOLIS,RR,115,162,1.973,2.25,5.11%,7.2%,87.69%,True,1,10,67,2056,117,2250,0.44%,2.98%,91.38%,5.2%,False,1
1400506,SAO JOAO DA BALIZA,RR,15,41,692,748,2.01%,5.48%,92.51%,False,1,2,12,699,35,748,0.27%,1.6%,93.45%,4.68%,False,1
1400605,SAO LUIZ DO ANAUA,RR,18,42,444,504,3.57%,8.33%,88.1%,False,1,3,11,455,35,504,0.6%,2.18%,90.28%,6.94%,False,1
1400704,UIRAMUTA,RR,217,455,1.728,2.4,9.04%,18.96%,72%,True,1,22,102,2235,42,2401,0.92%,4.25%,93.09%,1.75%,False,1
1500107,ABAETETUBA,PA,814,1.162,8.687,10.663,7.63%,10.9%,81.47%,True,1,86,316,9633,628,10663,0.81%,2.96%,90.34%,5.89%,False,1
1500131,ABEL FIGUEIREDO,PA,14,49,499,562,2.49%,8.72%,88.79%,False,1,4,7,517,34,562,0.71%,1.25%,91.99%,6.05%,False,1
1500206,ACARA,PA,301,439,3.031,3.771,7.98%,11.64%,80.38%,True,1,43,125,3368,236,3772,1.14%,3.31%,89.29%,6.26%,False,1
1500305,AFUA,PA,341,631,3.148,4.12,8.28%,15.32%,76.41%,True,1,55,195,3732,138,4120,1.33%,4.73%,90.58%,3.35%,False,1
1500347,AGUA AZUL DO NORTE,PA,38,54,1.056,1.148,3.31%,4.7%,91.99%,True,1,9,28,1037,74,1148,0.78%,2.44%,90.33%,6.45%,False,1
1500404,ALENQUER,PA,142,319,3.386,3.847,3.69%,8.29%,88.02%,True,1,29,131,3534,154,3848,0.75%,3.4%,91.84%,4%,False,1
1500503,ALMEIRIM,PA,155,279,2.23,2.664,5.82%,10.47%,83.71%,True,1,38,99,2388,139,2664,1.43%,3.72%,89.64%,5.22%,False,1
1500602,ALTAMIRA,PA,284,461,5.828,6.573,4.32%,7.01%,88.67%,True,1,47,164,5974,388,6573,0.72%,2.5%,90.89%,5.9%,False,1
1500701,ANAJAS,PA,296,381,2.194,2.871,10.31%,13.27%,76.42%,True,1,53,110,2588,120,2871,1.85%,3.83%,90.14%,4.18%,False,1
1500800,ANANINDEUA,PA,1.055,1.119,15.721,17.895,5.9%,6.25%,87.85%,True,1,166,282,16340,1107,17895,0.93%,1.58%,91.31%,6.19%,False,1
1500859,ANAPU,PA,120,252,2.739,3.111,3.86%,8.1%,88.04%,True,1,26,55,2877,153,3111,0.84%,1.77%,92.48%,4.92%,False,1
1500909,AUGUSTO CORREA,PA,177,364,3.185,3.726,4.75%,9.77%,85.48%,True,1,38,123,3368,197,3726,1.02%,3.3%,90.39%,5.29%,False,1
1500958,AURORA DO PARA,PA,72,152,1.605,1.829,3.94%,8.31%,87.75%,True,1,9,36,1679,105,1829,0.49%,1.97%,91.8%,5.74%,False,1
1501006,AVEIRO,PA,122,133,836,1.091,11.18%,12.19%,76.63%,True,1,14,38,999,40,1091,1.28%,3.48%,91.57%,3.67%,False,1
1501105,BAGRE,PA,233,352,1.771,2.356,9.89%,14.94%,75.17%,True,1,65,141,2074,76,2356,2.76%,5.98%,88.03%,3.23%,False,1
1501204,BAIAO,PA,88,236,2.149,2.473,3.56%,9.54%,86.9%,True,1,8,73,2269,123,2473,0.32%,2.95%,91.75%,4.97%,False,1
1501253,BANNACH,PA,5,15,202,222,2.25%,6.76%,90.99%,False,1,0,1,210,11,222,-,0.45%,94.59%,4.95%,False,1
1501303,BARCARENA,PA,305,633,8.173,9.111,3.35%,6.95%,89.7%,True,1,65,215,8215,616,9111,0.71%,2.36%,90.17%,6.76%,False,1
1501402,BELEM,PA,925,1.729,22.994,25.648,3.61%,6.74%,89.65%,True,1,189,544,23086,1831,25650,0.74%,2.12%,90%,7.14%,False,1
1501451,BELTERRA,PA,89,106,1.258,1.453,6.13%,7.3%,86.58%,True,1,7,34,1314,98,1453,0.48%,2.34%,90.43%,6.74%,False,1
1501501,BENEVIDES,PA,133,241,3.448,3.822,3.48%,6.31%,90.21%,True,1,28,85,3425,284,3822,0.73%,2.22%,89.61%,7.43%,False,1
1501576,BOM JESUS DO TOCANTINS,PA,46,88,997,1.131,4.07%,7.78%,88.15%,True,1,7,28,1028,68,1131,0.62%,2.48%,90.89%,6.01%,False,1
1501600,BONITO,PA,35,81,788,904,3.87%,8.96%,87.17%,False,1,4,26,824,50,904,0.44%,2.88%,91.15%,5.53%,False,1
1501709,BRAGANCA,PA,360,719,7.768,8.847,4.07%,8.13%,87.8%,True,1,72,255,7970,550,8847,0.81%,2.88%,90.09%,6.22%,False,1
1501725,BRASIL NOVO,PA,39,68,1.144,1.251,3.12%,5.44%,91.45%,True,1,11,35,1121,84,1251,0.88%,2.8%,89.61%,6.71%,False,1
1501758,BREJO GRANDE DO ARAGUAIA,PA,9,39,573,621,1.45%,6.28%,92.27%,False,1,2,12,578,29,621,0.32%,1.93%,93.08%,4.67%,False,1
1501782,BREU BRANCO,PA,307,334,2.655,3.296,9.31%,10.13%,80.55%,True,1,85,147,2896,168,3296,2.58%,4.46%,87.86%,5.1%,False,1
1501808,BREVES,PA,1.118,1.592,7.211,9.921,11.27%,16.05%,72.68%,True,1,211,599,8690,420,9920,2.13%,6.04%,87.6%,4.23%,False,1
1501907,BUJARU,PA,173,204,1.718,2.095,8.26%,9.74%,82%,True,1,21,56,1902,116,2095,1%,2.67%,90.79%,5.54%,False,1
1501956,CACHOEIRA DO PIRIA,PA,95,99,1.275,1.469,6.47%,6.74%,86.79%,True,1,10,62,1291,106,1469,0.68%,4.22%,87.88%,7.22%,False,1
1502004,CACHOEIRA DO ARARI,PA,62,122,1.109,1.293,4.8%,9.44%,85.77%,True,1,16,60,1140,77,1293,1.24%,4.64%,88.17%,5.96%,False,1
1502103,CAMETA,PA,902,1.047,8.638,10.587,8.52%,9.89%,81.59%,True,1,115,251,9888,333,10587,1.09%,2.37%,93.4%,3.15%,False,1
1502152,CANAA DOS CARAJAS,PA,157,400,6.921,7.478,2.1%,5.35%,92.55%,True,1,21,152,6895,410,7478,0.28%,2.03%,92.2%,5.48%,False,1
1502202,CAPANEMA,PA,144,207,3.354,3.705,3.89%,5.59%,90.53%,True,1,25,88,3329,263,3705,0.67%,2.38%,89.85%,7.1%,False,1
1502301,CAPITAO POCO,PA,203,320,3.372,3.895,5.21%,8.22%,86.57%,True,1,45,121,3433,295,3894,1.16%,3.11%,88.16%,7.58%,False,1
1502400,CASTANHAL,PA,391,810,9.237,10.438,3.75%,7.76%,88.49%,True,1,100,327,9232,779,10438,0.96%,3.13%,88.45%,7.46%,False,1
1502509,CHAVES,PA,206,271,1.488,1.965,10.48%,13.79%,75.73%,True,1,28,121,1736,80,1965,1.42%,6.16%,88.35%,4.07%,False,1
1502608,COLARES,PA,25,57,624,706,3.54%,8.07%,88.39%,False,1,6,38,615,47,706,0.85%,5.38%,87.11%,6.66%,False,1
1502707,CONCEICAO DO ARAGUAIA,PA,211,283,2.22,2.714,7.77%,10.43%,81.8%,True,1,46,159,2391,118,2714,1.69%,5.86%,88.1%,4.35%,False,1
1502756,CONCORDIA DO PARA,PA,202,243,1.608,2.053,9.84%,11.84%,78.32%,True,1,37,80,1808,128,2053,1.8%,3.9%,88.07%,6.23%,False,1
1502764,CUMARU DO NORTE,PA,30,55,690,775,3.87%,7.1%,89.03%,False,1,6,30,695,44,775,0.77%,3.87%,89.68%,5.68%,False,1
1502772,CURIONOPOLIS,PA,107,86,1.369,1.562,6.85%,5.51%,87.64%,True,1,24,63,1302,173,1562,1.54%,4.03%,83.35%,11.08%,False,1
1502806,CURRALINHO,PA,320,504,2.011,2.835,11.29%,17.78%,70.93%,True,1,42,110,2542,141,2835,1.48%,3.88%,89.66%,4.97%,False,1
1502855,CURUA,PA,32,86,1.027,1.145,2.79%,7.51%,89.69%,True,1,15,39,1035,56,1145,1.31%,3.41%,90.39%,4.89%,False,1
1502905,CURUCA,PA,319,231,1.857,2.407,13.25%,9.6%,77.15%,True,1,94,117,2047,149,2407,3.91%,4.86%,85.04%,6.19%,False,1
1502939,DOM ELISEU,PA,89,124,1.874,2.087,4.26%,5.94%,89.79%,True,1,19,45,1888,135,2087,0.91%,2.16%,90.46%,6.47%,False,1
1502954,ELDORADO DOS CARAJAS,PA,94,172,1.795,2.061,4.56%,8.35%,87.09%,True,1,14,69,1859,119,2061,0.68%,3.35%,90.2%,5.77%,False,1
1503002,FARO,PA,35,75,638,748,4.68%,10.03%,85.29%,False,1,10,27,672,39,748,1.34%,3.61%,89.84%,5.21%,False,1
1503044,FLORESTA DO ARAGUAIA,PA,40,80,1.434,1.554,2.57%,5.15%,92.28%,True,1,10,40,1439,65,1554,0.64%,2.57%,92.6%,4.18%,False,1
1503077,GARRAFAO DO NORTE,PA,104,139,1.619,1.862,5.59%,7.47%,86.95%,True,1,14,45,1665,138,1862,0.75%,2.42%,89.42%,7.41%,False,1
1503093,GOIANESIA DO PARA,PA,60,100,1.42,1.58,3.8%,6.33%,89.87%,True,1,10,39,1431,101,1581,0.63%,2.47%,90.51%,6.39%,False,1
1503101,GURUPA,PA,351,403,1.774,2.528,13.88%,15.94%,70.17%,True,1,39,137,2246,106,2528,1.54%,5.42%,88.84%,4.19%,False,1
1503200,IGARAPE-ACU,PA,110,156,1.953,2.219,4.96%,7.03%,88.01%,True,1,22,57,1963,177,2219,0.99%,2.57%,88.46%,7.98%,False,1
1503309,IGARAPE-MIRI,PA,284,430,3.544,4.258,6.67%,10.1%,83.23%,True,1,49,178,3782,249,4258,1.15%,4.18%,88.82%,5.85%,False,1
1503408,INHANGAPI,PA,23,58,692,773,2.98%,7.5%,89.52%,False,1,3,20,715,34,772,0.39%,2.59%,92.62%,4.4%,False,1
1503457,IPIXUNA DO PARA,PA,145,253,2.511,2.909,4.98%,8.7%,86.32%,True,1,29,88,2609,183,2909,1%,3.03%,89.69%,6.29%,False,1
1503507,IRITUIA,PA,69,123,1.958,2.15,3.21%,5.72%,91.07%,True,1,15,55,1961,119,2150,0.7%,2.56%,91.21%,5.53%,False,1
1503606,ITAITUBA,PA,1.049,825,4.993,6.867,15.28%,12.01%,72.71%,True,1,302,414,5846,304,6866,4.4%,6.03%,85.14%,4.43%,False,1
1503705,ITUPIRANGA,PA,273,329,3.094,3.696,7.39%,8.9%,83.71%,True,1,37,168,3318,173,3696,1%,4.55%,89.77%,4.68%,False,1
1503754,JACAREACANGA,PA,378,425,1.779,2.582,14.64%,16.46%,68.9%,True,1,161,293,2002,126,2582,6.24%,11.35%,77.54%,4.88%,False,1
1503804,JACUNDA,PA,95,168,1.954,2.217,4.29%,7.58%,88.14%,True,1,19,83,2022,93,2217,0.86%,3.74%,91.2%,4.19%,False,1
1503903,JURUTI,PA,170,369,3.648,4.187,4.06%,8.81%,87.13%,True,1,65,155,3783,184,4187,1.55%,3.7%,90.35%,4.39%,False,1
1504000,LIMOEIRO DO AJURU,PA,205,319,1.849,2.373,8.64%,13.44%,77.92%,True,1,33,107,2132,101,2373,1.39%,4.51%,89.84%,4.26%,False,1
1504059,MAE DO RIO,PA,62,106,2.172,2.34,2.65%,4.53%,92.82%,True,1,15,40,2120,165,2340,0.64%,1.71%,90.6%,7.05%,False,1
1504109,MAGALHAES BARATA,PA,19,35,398,452,4.2%,7.74%,88.05%,False,1,6,7,413,26,452,1.33%,1.55%,91.37%,5.75%,False,1
1504208,MARABA,PA,481,909,12.087,13.477,3.57%,6.74%,89.69%,True,1,115,336,12307,720,13478,0.85%,2.49%,91.31%,5.34%,False,1
1504307,MARACANA,PA,115,150,1.365,1.63,7.06%,9.2%,83.74%,True,1,16,65,1420,129,1630,0.98%,3.99%,87.12%,7.91%,False,1
1504406,MARAPANIM,PA,94,127,1.018,1.239,7.59%,10.25%,82.16%,True,1,19,55,1089,76,1239,1.53%,4.44%,87.89%,6.13%,False,1
1504422,MARITUBA,PA,218,344,5.601,6.163,3.54%,5.58%,90.88%,True,1,62,150,5507,444,6163,1.01%,2.43%,89.36%,7.2%,False,1
1504455,MEDICILANDIA,PA,98,96,1.493,1.687,5.81%,5.69%,88.5%,True,1,13,53,1472,149,1687,0.77%,3.14%,87.26%,8.83%,False,1
1504505,MELGACO,PA,198,278,1.791,2.267,8.73%,12.26%,79%,True,1,29,122,2042,74,2267,1.28%,5.38%,90.07%,3.26%,False,1
1504604,MOCAJUBA,PA,132,252,2.31,2.694,4.9%,9.35%,85.75%,True,1,19,87,2438,150,2694,0.71%,3.23%,90.5%,5.57%,False,1
1504703,MOJU,PA,356,353,3.516,4.225,8.43%,8.36%,83.22%,True,1,39,104,3525,557,4225,0.92%,2.46%,83.43%,13.18%,False,1
1504752,MOJUI DOS CAMPOS,PA,65,126,1.58,1.771,3.67%,7.11%,89.22%,True,1,19,38,1559,155,1771,1.07%,2.15%,88.03%,8.75%,False,1
1504802,MONTE ALEGRE,PA,187,335,3.915,4.437,4.21%,7.55%,88.24%,True,1,31,103,4086,217,4437,0.7%,2.32%,92.09%,4.89%,False,1
1504901,MUANA,PA,227,374,2.418,3.019,7.52%,12.39%,80.09%,True,1,39,124,2735,121,3019,1.29%,4.11%,90.59%,4.01%,False,1
1504950,NOVA ESPERANCA DO PIRIA,PA,158,173,1.237,1.568,10.08%,11.03%,78.89%,True,1,16,43,1422,87,1568,1.02%,2.74%,90.69%,5.55%,False,1
1504976,NOVA IPIXUNA,PA,38,62,760,860,4.42%,7.21%,88.37%,False,1,9,18,775,58,860,1.05%,2.09%,90.12%,6.74%,False,1
1505007,NOVA TIMBOTEUA,PA,17,41,698,756,2.25%,5.42%,92.33%,False,1,0,13,680,63,756,-,1.72%,89.95%,8.33%,False,1
1505031,NOVO PROGRESSO,PA,93,176,2.536,2.805,3.32%,6.27%,90.41%,True,1,26,72,2551,156,2805,0.93%,2.57%,90.94%,5.56%,False,1
1505064,NOVO REPARTIMENTO,PA,226,466,3.812,4.504,5.02%,10.35%,84.64%,True,1,37,142,4129,196,4504,0.82%,3.15%,91.67%,4.35%,False,1
1505106,OBIDOS,PA,125,421,3.829,4.375,2.86%,9.62%,87.52%,True,1,20,114,4050,191,4375,0.46%,2.61%,92.57%,4.37%,False,1
1505205,OEIRAS DO PARA,PA,141,290,2.22,2.651,5.32%,10.94%,83.74%,True,1,27,106,2402,116,2651,1.02%,4%,90.61%,4.38%,False,1
1505304,ORIXIMINA,PA,228,475,4.368,5.071,4.5%,9.37%,86.14%,True,1,54,215,4528,275,5072,1.06%,4.24%,89.27%,5.42%,False,1
1505403,OUREM,PA,34,58,1.162,1.254,2.71%,4.63%,92.66%,True,1,14,22,1117,101,1254,1.12%,1.75%,89.07%,8.05%,False,1
1505437,OURILANDIA DO NORTE,PA,70,154,1.71,1.934,3.62%,7.96%,88.42%,True,1,13,79,1755,87,1934,0.67%,4.08%,90.74%,4.5%,False,1
1505486,PACAJA,PA,106,242,3.585,3.933,2.7%,6.15%,91.15%,True,1,27,108,3583,215,3933,0.69%,2.75%,91.1%,5.47%,False,1
1505494,PALESTINA DO PARA,PA,29,53,406,488,5.94%,10.86%,83.2%,False,1,4,17,451,16,488,0.82%,3.48%,92.42%,3.28%,False,1
1505502,PARAGOMINAS,PA,184,361,6.498,7.043,2.61%,5.13%,92.26%,True,1,47,124,6488,384,7043,0.67%,1.76%,92.12%,5.45%,False,1
1505536,PARAUAPEBAS,PA,326,758,12.341,13.425,2.43%,5.65%,91.93%,True,1,75,299,12380,673,13427,0.56%,2.23%,92.2%,5.01%,False,1
1505551,PAU D'ARCO,PA,31,33,499,563,5.51%,5.86%,88.63%,False,1,4,12,516,31,563,0.71%,2.13%,91.65%,5.51%,False,1
1505601,PEIXE-BOI,PA,28,42,363,433,6.47%,9.7%,83.83%,False,1,15,15,378,25,433,3.46%,3.46%,87.3%,5.77%,False,1
1505635,PICARRA,PA,39,72,850,961,4.06%,7.49%,88.45%,False,1,9,36,854,62,961,0.94%,3.75%,88.87%,6.45%,False,1
1505650,PLACAS,PA,112,166,1.407,1.685,6.65%,9.85%,83.5%,True,1,16,57,1517,95,1685,0.95%,3.38%,90.03%,5.64%,False,1
1505700,PONTA DE PEDRAS,PA,91,180,1.592,1.863,4.88%,9.66%,85.45%,True,1,12,76,1696,79,1863,0.64%,4.08%,91.04%,4.24%,False,1
1505809,PORTEL,PA,444,779,4.826,6.049,7.34%,12.88%,79.78%,True,1,64,268,5484,233,6049,1.06%,4.43%,90.66%,3.85%,False,1
1505908,PORTO DE MOZ,PA,278,367,2.307,2.952,9.42%,12.43%,78.15%,True,1,48,191,2575,138,2952,1.63%,6.47%,87.23%,4.67%,False,1
1506005,PRAINHA,PA,140,251,2.763,3.154,4.44%,7.96%,87.6%,True,1,34,99,2854,167,3154,1.08%,3.14%,90.49%,5.29%,False,1
1506104,PRIMAVERA,PA,38,56,711,805,4.72%,6.96%,88.32%,False,1,3,16,726,60,805,0.37%,1.99%,90.19%,7.45%,False,1
1506112,QUATIPURU,PA,40,42,605,687,5.82%,6.11%,88.06%,False,1,5,17,614,51,687,0.73%,2.47%,89.37%,7.42%,False,1
1506138,REDENCAO,PA,336,512,5.184,6.032,5.57%,8.49%,85.94%,True,1,41,143,5549,299,6032,0.68%,2.37%,91.99%,4.96%,False,1
1506161,RIO MARIA,PA,48,60,757,865,5.55%,6.94%,87.51%,False,1,4,29,781,51,865,0.46%,3.35%,90.29%,5.9%,False,1
1506187,RONDON DO PARA,PA,78,152,2.158,2.388,3.27%,6.37%,90.37%,True,1,24,75,2171,118,2388,1.01%,3.14%,90.91%,4.94%,False,1
1506195,RUROPOLIS,PA,70,132,1.709,1.911,3.66%,6.91%,89.43%,True,1,10,49,1734,118,1911,0.52%,2.56%,90.74%,6.17%,False,1
1506203,SALINOPOLIS,PA,77,184,2.665,2.926,2.63%,6.29%,91.08%,True,1,13,62,2588,263,2926,0.44%,2.12%,88.45%,8.99%,False,1
1506302,SALVATERRA,PA,82,121,1.309,1.512,5.42%,8%,86.57%,True,1,8,48,1356,100,1512,0.53%,3.17%,89.68%,6.61%,False,1
1506351,SANTA BARBARA DO PARA,PA,53,85,992,1.13,4.69%,7.52%,87.79%,True,1,9,38,999,84,1130,0.8%,3.36%,88.41%,7.43%,False,1
1506401,SANTA CRUZ DO ARARI,PA,30,53,368,451,6.65%,11.75%,81.6%,False,1,5,16,400,30,451,1.11%,3.55%,88.69%,6.65%,False,1
1506500,SANTA IZABEL DO PARA,PA,188,238,2.974,3.4,5.53%,7%,87.47%,True,1,27,67,2989,317,3400,0.79%,1.97%,87.91%,9.32%,False,1
1506559,SANTA LUZIA DO PARA,PA,75,112,1.267,1.454,5.16%,7.7%,87.14%,True,1,15,39,1293,107,1454,1.03%,2.68%,88.93%,7.36%,False,1
1506583,SANTA MARIA DAS BARREIRAS,PA,27,53,822,902,2.99%,5.88%,91.13%,False,1,5,24,820,53,902,0.55%,2.66%,90.91%,5.88%,False,1
1506609,SANTA MARIA DO PARA,PA,60,97,1.503,1.66,3.61%,5.84%,90.54%,True,1,10,30,1477,143,1660,0.6%,1.81%,88.98%,8.61%,False,1
1506708,SANTANA DO ARAGUAIA,PA,221,219,2.009,2.449,9.02%,8.94%,82.03%,True,1,56,126,2134,133,2449,2.29%,5.14%,87.14%,5.43%,False,1
1506807,SANTAREM,PA,1.418,2.306,17.048,20.772,6.83%,11.1%,82.07%,True,1,335,1301,18192,945,20773,1.61%,6.26%,87.58%,4.55%,False,1
1506906,SANTAREM NOVO,PA,12,16,466,494,2.43%,3.24%,94.33%,False,1,2,8,442,42,494,0.4%,1.62%,89.47%,8.5%,False,1
1507003,SANTO ANTONIO DO TAUA,PA,123,178,1.699,2,6.15%,8.9%,84.95%,True,1,23,50,1829,98,2000,1.15%,2.5%,91.45%,4.9%,False,1
1507102,SAO CAETANO DE ODIVELAS,PA,41,68,938,1.047,3.92%,6.49%,89.59%,True,1,12,29,945,61,1047,1.15%,2.77%,90.26%,5.83%,False,1
1507151,SAO DOMINGOS DO ARAGUAIA,PA,94,137,1.147,1.378,6.82%,9.94%,83.24%,True,1,11,40,1254,73,1378,0.8%,2.9%,91%,5.3%,False,1
1507201,SAO DOMINGOS DO CAPIM,PA,153,215,2.002,2.37,6.46%,9.07%,84.47%,True,1,20,54,2160,137,2371,0.84%,2.28%,91.1%,5.78%,False,1
1507300,SAO FELIX DO XINGU,PA,264,317,3.875,4.456,5.92%,7.11%,86.96%,True,1,43,125,4002,286,4456,0.96%,2.81%,89.81%,6.42%,False,1
1507409,SAO FRANCISCO DO PARA,PA,44,50,850,944,4.66%,5.3%,90.04%,False,1,9,19,831,85,944,0.95%,2.01%,88.03%,9%,False,1
1507458,SAO GERALDO DO ARAGUAIA,PA,59,97,1.464,1.62,3.64%,5.99%,90.37%,True,1,12,35,1493,80,1620,0.74%,2.16%,92.16%,4.94%,False,1
1507466,SAO JOAO DA PONTA,PA,17,15,316,348,4.89%,4.31%,90.8%,False,1,5,16,307,20,348,1.44%,4.6%,88.22%,5.75%,False,1
1507474,SAO JOAO DE PIRABAS,PA,38,99,1.28,1.417,2.68%,6.99%,90.33%,True,1,6,28,1287,96,1417,0.42%,1.98%,90.83%,6.77%,False,1
1507508,SAO JOAO DO ARAGUAIA,PA,50,74,821,945,5.29%,7.83%,86.88%,False,1,20,62,823,40,945,2.12%,6.56%,87.09%,4.23%,False,1
1507607,SAO MIGUEL DO GUAMA,PA,217,358,3.252,3.827,5.67%,9.35%,84.98%,True,1,31,106,3504,186,3827,0.81%,2.77%,91.56%,4.86%,False,1
1507706,SAO SEBASTIAO DA BOA VISTA,PA,221,363,1.723,2.307,9.58%,15.73%,74.69%,True,1,22,84,2094,107,2307,0.95%,3.64%,90.77%,4.64%,False,1
1507755,SAPUCAIA,PA,35,50,270,355,9.86%,14.08%,76.06%,False,1,4,13,327,11,355,1.13%,3.66%,92.11%,3.1%,False,1
1507805,SENADOR JOSE PORFIRIO,PA,165,154,1.268,1.587,10.4%,9.7%,79.9%,True,1,11,46,1446,84,1587,0.69%,2.9%,91.12%,5.29%,False,1
1507904,SOURE,PA,98,136,1.277,1.511,6.49%,9%,84.51%,True,1,23,51,1321,116,1511,1.52%,3.38%,87.43%,7.68%,False,1
1507953,TAILANDIA,PA,212,366,5.55,6.128,3.46%,5.97%,90.57%,True,1,35,125,5644,324,6128,0.57%,2.04%,92.1%,5.29%,False,1
1507961,TERRA ALTA,PA,42,57,587,686,6.12%,8.31%,85.57%,False,1,6,18,623,39,686,0.87%,2.62%,90.82%,5.69%,False,1
1507979,TERRA SANTA,PA,37,88,1.333,1.458,2.54%,6.04%,91.43%,True,1,9,40,1336,72,1457,0.62%,2.75%,91.7%,4.94%,False,1
1508001,TOME-ACU,PA,356,522,4.768,5.646,6.31%,9.25%,84.45%,True,1,39,133,5191,283,5646,0.69%,2.36%,91.94%,5.01%,False,1
1508035,TRACUATEUA,PA,99,137,1.732,1.968,5.03%,6.96%,88.01%,True,1,17,72,1759,120,1968,0.86%,3.66%,89.38%,6.1%,False,1
1508050,TRAIRAO,PA,53,90,1.183,1.326,4%,6.79%,89.22%,True,1,11,54,1179,82,1326,0.83%,4.07%,88.91%,6.18%,False,1
1508084,TUCUMA,PA,66,144,2.266,2.476,2.67%,5.82%,91.52%,True,1,20,57,2281,118,2476,0.81%,2.3%,92.12%,4.77%,False,1
1508100,TUCURUI,PA,141,307,4.469,4.917,2.87%,6.24%,90.89%,True,1,22,119,4499,279,4919,0.45%,2.42%,91.46%,5.67%,False,1
1508126,ULIANOPOLIS,PA,92,147,1.665,1.904,4.83%,7.72%,87.45%,True,1,13,51,1720,120,1904,0.68%,2.68%,90.34%,6.3%,False,1
1508159,URUARA,PA,149,211,2.612,2.972,5.01%,7.1%,87.89%,True,1,39,91,2594,248,2972,1.31%,3.06%,87.28%,8.34%,False,1
1508209,VIGIA,PA,231,266,2.01,2.507,9.21%,10.61%,80.18%,True,1,60,131,2105,211,2507,2.39%,5.23%,83.96%,8.42%,False,1
1508308,VISEU,PA,338,477,3.809,4.624,7.31%,10.32%,82.37%,True,1,49,164,4166,245,4624,1.06%,3.55%,90.1%,5.3%,False,1
1508357,VITORIA DO XINGU,PA,55,97,1.183,1.335,4.12%,7.27%,88.61%,True,1,13,43,1197,82,1335,0.97%,3.22%,89.66%,6.14%,False,1
1508407,XINGUARA,PA,161,206,2.645,3.012,5.35%,6.84%,87.82%,True,1,17,98,2761,136,3012,0.56%,3.25%,91.67%,4.52%,False,1
1600055,SERRA DO NAVIO,AP,17,20,287,324,5.25%,6.17%,88.58%,False,1,2,13,286,23,324,0.62%,4.01%,88.27%,7.1%,False,1
1600105,AMAPA,AP,26,46,589,661,3.93%,6.96%,89.11%,False,1,13,21,592,35,661,1.97%,3.18%,89.56%,5.3%,False,1
1600154,PEDRA BRANCA DO AMAPARI,AP,36,60,751,847,4.25%,7.08%,88.67%,False,1,11,24,766,46,847,1.3%,2.83%,90.44%,5.43%,False,1
1600204,CALCOENE,AP,44,77,750,871,5.05%,8.84%,86.11%,False,1,9,31,787,44,871,1.03%,3.56%,90.36%,5.05%,False,1
1600212,CUTIAS,AP,50,55,372,477,10.48%,11.53%,77.99%,False,1,9,16,426,26,477,1.89%,3.35%,89.31%,5.45%,False,1
1600238,FERREIRA GOMES,AP,24,40,391,455,5.27%,8.79%,85.93%,False,1,5,21,408,21,455,1.1%,4.62%,89.67%,4.62%,False,1
1600253,ITAUBAL,AP,37,73,558,668,5.54%,10.93%,83.53%,False,1,6,32,599,31,668,0.9%,4.79%,89.67%,4.64%,False,1
1600279,LARANJAL DO JARI,AP,123,212,2.012,2.347,5.24%,9.03%,85.73%,True,1,19,61,2119,148,2347,0.81%,2.6%,90.29%,6.31%,False,1
1600303,MACAPA,AP,1.35,2.075,18.549,21.974,6.14%,9.44%,84.41%,True,1,209,634,19843,1288,21974,0.95%,2.89%,90.3%,5.86%,False,1
1600402,MAZAGAO,AP,211,232,1.708,2.151,9.81%,10.79%,79.4%,True,1,15,84,1943,109,2151,0.7%,3.91%,90.33%,5.07%,False,1
1600501,OIAPOQUE,AP,73,138,1.489,1.7,4.29%,8.12%,87.59%,True,1,15,45,1525,115,1700,0.88%,2.65%,89.71%,6.76%,False,1
1600535,PORTO GRANDE,AP,73,77,905,1.055,6.92%,7.3%,85.78%,True,1,8,33,952,62,1055,0.76%,3.13%,90.24%,5.88%,False,1
1600550,PRACUUBA,AP,22,34,343,399,5.51%,8.52%,85.96%,False,1,3,10,368,18,399,0.75%,2.51%,92.23%,4.51%,False,1
1600600,SANTANA,AP,374,691,5.175,6.24,5.99%,11.07%,82.93%,True,1,66,213,5632,329,6240,1.06%,3.41%,90.26%,5.27%,False,1
1600709,TARTARUGALZINHO,AP,71,167,1.047,1.285,5.53%,13%,81.48%,True,1,5,51,1167,62,1285,0.39%,3.97%,90.82%,4.82%,False,1
1600808,VITORIA DO JARI,AP,65,95,833,993,6.55%,9.57%,83.89%,False,1,11,30,885,67,993,1.11%,3.02%,89.12%,6.75%,False,1
1700251,ABREULANDIA,TO,7,10,104,121,5.79%,8.26%,85.95%,False,1,1,6,106,8,121,0.83%,4.96%,87.6%,6.61%,False,1
1700301,AGUIARNOPOLIS,TO,8,10,95,113,7.08%,8.85%,84.07%,False,1,0,5,105,3,113,-,4.42%,92.92%,2.65%,False,1
1700350,ALIANCA DO TOCANTINS,TO,17,23,300,340,5%,6.76%,88.24%,False,1,1,2,324,13,340,0.29%,0.59%,95.29%,3.82%,False,1
1700400,ALMAS,TO,15,50,419,484,3.1%,10.33%,86.57%,False,1,1,8,457,18,484,0.21%,1.65%,94.42%,3.72%,False,1
1700707,ALVORADA,TO,43,29,467,539,7.98%,5.38%,86.64%,False,1,8,18,465,48,539,1.48%,3.34%,86.27%,8.91%,False,1
1701002,ANANAS,TO,26,57,613,696,3.74%,8.19%,88.07%,False,1,8,21,631,36,696,1.15%,3.02%,90.66%,5.17%,False,1
1701051,ANGICO,TO,4,8,139,151,2.65%,5.3%,92.05%,False,1,0,5,141,5,151,-,3.31%,93.38%,3.31%,False,1
1701101,APARECIDA DO RIO NEGRO,TO,22,28,310,360,6.11%,7.78%,86.11%,False,1,2,4,338,16,360,0.56%,1.11%,93.89%,4.44%,False,1
1701309,ARAGOMINAS,TO,18,23,264,305,5.9%,7.54%,86.56%,False,1,1,14,265,25,305,0.33%,4.59%,86.89%,8.2%,False,1
1701903,ARAGUACEMA,TO,33,27,319,379,8.71%,7.12%,84.17%,False,1,1,7,353,18,379,0.26%,1.85%,93.14%,4.75%,False,1
1702000,ARAGUACU,TO,21,25,442,488,4.3%,5.12%,90.57%,False,1,1,13,453,21,488,0.2%,2.66%,92.83%,4.3%,False,1
1702109,ARAGUAINA,TO,1.143,1.008,8.787,10.938,10.45%,9.22%,80.33%,True,1,296,526,9572,544,10938,2.71%,4.81%,87.51%,4.97%,False,1
1702158,ARAGUANA,TO,11,29,207,247,4.45%,11.74%,83.81%,False,1,1,5,234,7,247,0.4%,2.02%,94.74%,2.83%,False,1
1702208,ARAGUATINS,TO,91,172,1.804,2.067,4.4%,8.32%,87.28%,True,1,21,65,1894,87,2067,1.02%,3.14%,91.63%,4.21%,False,1
1702307,ARAPOEMA,TO,17,28,278,323,5.26%,8.67%,86.07%,False,1,2,7,291,23,323,0.62%,2.17%,90.09%,7.12%,False,1
1702406,ARRAIAS,TO,35,58,473,566,6.18%,10.25%,83.57%,False,1,4,12,524,26,566,0.71%,2.12%,92.58%,4.59%,False,1
1702554,AUGUSTINOPOLIS,TO,39,92,992,1.123,3.47%,8.19%,88.33%,True,1,4,29,1034,56,1123,0.36%,2.58%,92.07%,4.99%,False,1
1702703,AURORA DO TOCANTINS,TO,11,13,129,153,7.19%,8.5%,84.31%,False,1,3,2,141,7,153,1.96%,1.31%,92.16%,4.58%,False,1
1702901,AXIXA DO TOCANTINS,TO,47,54,672,773,6.08%,6.99%,86.93%,False,1,11,18,673,71,773,1.42%,2.33%,87.06%,9.18%,False,1
1703008,BABACULANDIA,TO,27,61,307,395,6.84%,15.44%,77.72%,False,1,8,8,362,17,395,2.03%,2.03%,91.65%,4.3%,False,1
1703057,BANDEIRANTES DO TOCANTINS,TO,4,15,247,266,1.5%,5.64%,92.86%,False,1,0,6,248,12,266,-,2.26%,93.23%,4.51%,False,1
1703073,BARRA DO OURO,TO,14,32,328,374,3.74%,8.56%,87.7%,False,1,2,15,346,11,374,0.53%,4.01%,92.51%,2.94%,False,1
1703107,BARROLANDIA,TO,15,25,306,346,4.34%,7.23%,88.44%,False,1,2,5,327,12,346,0.58%,1.45%,94.51%,3.47%,False,1
1703206,BERNARDO SAYAO,TO,5,15,90,110,4.55%,13.64%,81.82%,False,1,2,6,94,8,110,1.82%,5.45%,85.45%,7.27%,False,1
1703305,BOM JESUS DO TOCANTINS,TO,29,40,275,344,8.43%,11.63%,79.94%,False,1,0,13,313,18,344,-,3.78%,90.99%,5.23%,False,1
1703602,BRASILANDIA DO TOCANTINS,TO,13,10,124,147,8.84%,6.8%,84.35%,False,1,2,2,130,13,147,1.36%,1.36%,88.44%,8.84%,False,1
1703701,BREJINHO DE NAZARE,TO,16,36,231,283,5.65%,12.72%,81.63%,False,1,4,3,260,16,283,1.41%,1.06%,91.87%,5.65%,False,1
1703800,BURITI DO TOCANTINS,TO,38,78,580,696,5.46%,11.21%,83.33%,False,1,4,15,640,37,696,0.57%,2.16%,91.95%,5.32%,False,1
1703826,CACHOEIRINHA,TO,1,6,152,159,0.63%,3.77%,95.6%,False,1,0,2,148,9,159,-,1.26%,93.08%,5.66%,False,1
1703842,CAMPOS LINDOS,TO,18,57,729,804,2.24%,7.09%,90.67%,False,1,3,15,764,22,804,0.37%,1.87%,95.02%,2.74%,False,1
1703867,CARIRI DO TOCANTINS,TO,9,17,206,232,3.88%,7.33%,88.79%,False,1,2,3,204,23,232,0.86%,1.29%,87.93%,9.91%,False,1
1703883,CARMOLANDIA,TO,6,14,195,215,2.79%,6.51%,90.7%,False,1,2,3,193,17,215,0.93%,1.4%,89.77%,7.91%,False,1
1703891,CARRASCO BONITO,TO,8,26,235,269,2.97%,9.67%,87.36%,False,1,0,7,242,20,269,-,2.6%,89.96%,7.43%,False,1
1703909,CASEARA,TO,16,29,284,329,4.86%,8.81%,86.32%,False,1,2,4,310,13,329,0.61%,1.22%,94.22%,3.95%,False,1
1704105,CENTENARIO,TO,7,2,61,70,10%,2.86%,87.14%,False,1,0,3,66,1,70,-,4.29%,94.29%,1.43%,False,1
1704600,CHAPADA DE AREIA,TO,5,10,117,132,3.79%,7.58%,88.64%,False,1,3,3,120,6,132,2.27%,2.27%,90.91%,4.55%,False,1
1705102,CHAPADA DA NATIVIDADE,TO,5,16,217,238,2.1%,6.72%,91.18%,False,1,0,0,229,9,238,-,-,96.22%,3.78%,False,1
1705508,COLINAS DO TOCANTINS,TO,112,156,1.799,2.067,5.42%,7.55%,87.03%,True,1,11,50,1904,102,2067,0.53%,2.42%,92.11%,4.93%,False,1
1705557,COMBINADO,TO,18,37,252,307,5.86%,12.05%,82.08%,False,1,3,8,285,11,307,0.98%,2.61%,92.83%,3.58%,False,1
1705607,CONCEICAO DO TOCANTINS,TO,9,23,246,278,3.24%,8.27%,88.49%,False,1,2,4,260,12,278,0.72%,1.44%,93.53%,4.32%,False,1
1706001,COUTO MAGALHAES,TO,12,25,292,329,3.65%,7.6%,88.75%,False,1,2,12,265,50,329,0.61%,3.65%,80.55%,15.2%,False,1
1706100,CRISTALANDIA,TO,11,24,245,280,3.93%,8.57%,87.5%,False,1,5,12,244,19,280,1.79%,4.29%,87.14%,6.79%,False,1
1706258,CRIXAS DO TOCANTINS,TO,6,10,60,76,7.89%,13.16%,78.95%,False,1,0,0,74,2,76,-,-,97.37%,2.63%,False,1
1706506,DARCINOPOLIS,TO,18,33,390,441,4.08%,7.48%,88.44%,False,1,5,14,394,28,441,1.13%,3.17%,89.34%,6.35%,False,1
1707009,DIANOPOLIS,TO,40,70,873,983,4.07%,7.12%,88.81%,False,1,8,39,888,48,983,0.81%,3.97%,90.34%,4.88%,False,1
1707108,DIVINOPOLIS DO TOCANTINS,TO,15,47,335,397,3.78%,11.84%,84.38%,False,1,1,7,370,19,397,0.25%,1.76%,93.2%,4.79%,False,1
1707207,DOIS IRMAOS DO TOCANTINS,TO,6,18,342,366,1.64%,4.92%,93.44%,False,1,0,6,336,24,366,-,1.64%,91.8%,6.56%,False,1
1707306,DUERE,TO,13,16,249,278,4.68%,5.76%,89.57%,False,1,3,5,253,17,278,1.08%,1.8%,91.01%,6.12%,False,1
1707405,ESPERANTINA,TO,29,47,521,597,4.86%,7.87%,87.27%,False,1,5,23,536,33,597,0.84%,3.85%,89.78%,5.53%,False,1
1707553,FATIMA,TO,5,16,183,204,2.45%,7.84%,89.71%,False,1,2,3,184,15,204,0.98%,1.47%,90.2%,7.35%,False,1
1707652,FIGUEIROPOLIS,TO,8,7,286,301,2.66%,2.33%,95.02%,False,1,4,1,272,24,301,1.33%,0.33%,90.37%,7.97%,False,1
1707702,FILADELFIA,TO,27,59,467,553,4.88%,10.67%,84.45%,False,1,2,10,520,21,553,0.36%,1.81%,94.03%,3.8%,False,1
1708205,FORMOSO DO ARAGUAIA,TO,48,72,822,942,5.1%,7.64%,87.26%,False,1,6,15,858,63,942,0.64%,1.59%,91.08%,6.69%,False,1
1708254,TABOCAO,TO,4,4,105,113,3.54%,3.54%,92.92%,False,1,1,2,103,7,113,0.88%,1.77%,91.15%,6.19%,False,1
1708304,GOIANORTE,TO,18,29,263,310,5.81%,9.35%,84.84%,False,1,1,4,284,21,310,0.32%,1.29%,91.61%,6.77%,False,1
1709005,GOIATINS,TO,41,66,870,977,4.2%,6.76%,89.05%,False,1,6,22,894,55,977,0.61%,2.25%,91.5%,5.63%,False,1
1709302,GUARAI,TO,22,88,838,948,2.32%,9.28%,88.4%,False,1,5,24,871,48,948,0.53%,2.53%,91.88%,5.06%,False,1
1709500,GURUPI,TO,121,441,3.354,3.916,3.09%,11.26%,85.65%,True,1,77,240,3443,156,3916,1.97%,6.13%,87.92%,3.98%,False,1
1709807,IPUEIRAS,TO,5,5,92,102,4.9%,4.9%,90.2%,False,1,2,4,91,5,102,1.96%,3.92%,89.22%,4.9%,False,1
1710508,ITACAJA,TO,20,41,419,480,4.17%,8.54%,87.29%,False,1,4,6,447,23,480,0.83%,1.25%,93.13%,4.79%,False,1
1710706,ITAGUATINS,TO,22,30,293,345,6.38%,8.7%,84.93%,False,1,1,14,318,12,345,0.29%,4.06%,92.17%,3.48%,False,1
1710904,ITAPIRATINS,TO,11,19,241,271,4.06%,7.01%,88.93%,False,1,2,9,253,7,271,0.74%,3.32%,93.36%,2.58%,False,1
1711100,ITAPORA DO TOCANTINS,TO,7,12,160,179,3.91%,6.7%,89.39%,False,1,0,3,161,15,179,-,1.68%,89.94%,8.38%,False,1
1711506,JAU DO TOCANTINS,TO,7,11,186,204,3.43%,5.39%,91.18%,False,1,1,4,179,20,204,0.49%,1.96%,87.75%,9.8%,False,1
1711803,JUARINA,TO,2,10,177,189,1.06%,5.29%,93.65%,False,1,0,5,173,11,189,-,2.65%,91.53%,5.82%,False,1
1711902,LAGOA DA CONFUSAO,TO,47,122,805,974,4.83%,12.53%,82.65%,False,1,11,21,891,51,974,1.13%,2.16%,91.48%,5.24%,False,1
1711951,LAGOA DO TOCANTINS,TO,15,22,294,331,4.53%,6.65%,88.82%,False,1,4,9,303,15,331,1.21%,2.72%,91.54%,4.53%,False,1
1712009,LAJEADO,TO,9,15,134,158,5.7%,9.49%,84.81%,False,1,1,7,144,6,158,0.63%,4.43%,91.14%,3.8%,False,1
1712157,LAVANDEIRA,TO,0,9,115,124,-,7.26%,92.74%,False,1,0,1,118,5,124,-,0.81%,95.16%,4.03%,False,1
1712405,LIZARDA,TO,18,25,193,236,7.63%,10.59%,81.78%,False,1,3,11,209,13,236,1.27%,4.66%,88.56%,5.51%,False,1
1712454,LUZINOPOLIS,TO,6,10,113,129,4.65%,7.75%,87.6%,False,1,1,0,125,3,129,0.78%,-,96.9%,2.33%,False,1
1712504,MARIANOPOLIS DO TOCANTINS,TO,3,25,267,295,1.02%,8.47%,90.51%,False,1,4,8,256,27,295,1.36%,2.71%,86.78%,9.15%,False,1
1712702,MATEIROS,TO,9,20,149,178,5.06%,11.24%,83.71%,False,1,1,5,167,5,178,0.56%,2.81%,93.82%,2.81%,False,1
1712801,MAURILANDIA DO TOCANTINS,TO,10,18,250,278,3.6%,6.47%,89.93%,False,1,3,5,250,20,278,1.08%,1.8%,89.93%,7.19%,False,1
1713205,MIRACEMA DO TOCANTINS,TO,53,66,807,926,5.72%,7.13%,87.15%,False,1,4,33,849,40,926,0.43%,3.56%,91.68%,4.32%,False,1
1713304,MIRANORTE,TO,48,59,666,773,6.21%,7.63%,86.16%,False,1,13,25,680,55,773,1.68%,3.23%,87.97%,7.12%,False,1
1713601,MONTE DO CARMO,TO,14,38,349,401,3.49%,9.48%,87.03%,False,1,2,11,381,8,402,0.5%,2.74%,94.78%,1.99%,False,1
1713700,MONTE SANTO DO TOCANTINS,TO,3,5,74,82,3.66%,6.1%,90.24%,False,1,0,3,76,3,82,-,3.66%,92.68%,3.66%,False,1
1713809,PALMEIRAS DO TOCANTINS,TO,13,37,261,311,4.18%,11.9%,83.92%,False,1,4,8,287,12,311,1.29%,2.57%,92.28%,3.86%,False,1
1713957,MURICILANDIA,TO,19,28,226,273,6.96%,10.26%,82.78%,False,1,1,4,249,19,273,0.37%,1.47%,91.21%,6.96%,False,1
1714203,NATIVIDADE,TO,20,31,479,530,3.77%,5.85%,90.38%,False,1,4,8,495,23,530,0.75%,1.51%,93.4%,4.34%,False,1
1714302,NAZARE,TO,20,35,188,243,8.23%,14.4%,77.37%,False,1,0,5,224,14,243,-,2.06%,92.18%,5.76%,False,1
1714880,NOVA OLINDA,TO,39,64,733,836,4.67%,7.66%,87.68%,False,1,5,14,769,48,836,0.6%,1.67%,91.99%,5.74%,False,1
1715002,NOVA ROSALANDIA,TO,21,22,213,256,8.2%,8.59%,83.2%,False,1,1,10,228,17,256,0.39%,3.91%,89.06%,6.64%,False,1
1715101,NOVO ACORDO,TO,11,17,325,353,3.12%,4.82%,92.07%,False,1,4,7,328,14,353,1.13%,1.98%,92.92%,3.97%,False,1
1715150,NOVO ALEGRE,TO,2,7,84,93,2.15%,7.53%,90.32%,False,1,0,2,85,6,93,-,2.15%,91.4%,6.45%,False,1
1715259,NOVO JARDIM,TO,4,15,113,132,3.03%,11.36%,85.61%,False,1,1,3,121,7,132,0.76%,2.27%,91.67%,5.3%,False,1
1715507,OLIVEIRA DE FATIMA,TO,7,9,74,90,7.78%,10%,82.22%,False,1,0,3,81,6,90,-,3.33%,90%,6.67%,False,1
1715705,PALMEIRANTE,TO,32,53,294,379,8.44%,13.98%,77.57%,False,1,2,13,349,15,379,0.53%,3.43%,92.08%,3.96%,False,1
1715754,PALMEIROPOLIS,TO,7,23,449,479,1.46%,4.8%,93.74%,False,1,3,6,437,33,479,0.63%,1.25%,91.23%,6.89%,False,1
1716109,PARAISO DO TOCANTINS,TO,55,115,2.074,2.244,2.45%,5.12%,92.42%,True,1,13,37,2028,166,2244,0.58%,1.65%,90.37%,7.4%,False,1
1716208,PARANA,TO,32,38,472,542,5.9%,7.01%,87.08%,False,1,6,21,475,40,542,1.11%,3.87%,87.64%,7.38%,False,1
1716307,PAU D'ARCO,TO,14,8,194,216,6.48%,3.7%,89.81%,False,1,2,10,192,12,216,0.93%,4.63%,88.89%,5.56%,False,1
1716505,PEDRO AFONSO,TO,39,68,826,933,4.18%,7.29%,88.53%,False,1,4,22,858,49,933,0.43%,2.36%,91.96%,5.25%,False,1
1716604,PEIXE,TO,14,48,406,468,2.99%,10.26%,86.75%,False,1,3,12,418,35,468,0.64%,2.56%,89.32%,7.48%,False,1
1716653,PEQUIZEIRO,TO,7,15,212,234,2.99%,6.41%,90.6%,False,1,5,4,209,16,234,2.14%,1.71%,89.32%,6.84%,False,1
1716703,COLMEIA,TO,7,27,357,391,1.79%,6.91%,91.3%,False,1,0,6,363,22,391,-,1.53%,92.84%,5.63%,False,1
1717008,PINDORAMA DO TOCANTINS,TO,22,14,222,258,8.53%,5.43%,86.05%,False,1,0,11,235,12,258,-,4.26%,91.09%,4.65%,False,1
1717206,PIRAQUE,TO,9,18,146,173,5.2%,10.4%,84.39%,False,1,2,4,158,9,173,1.16%,2.31%,91.33%,5.2%,False,1
1717503,PIUM,TO,13,33,440,486,2.67%,6.79%,90.53%,False,1,4,7,451,24,486,0.82%,1.44%,92.8%,4.94%,False,1
1717800,PONTE ALTA DO BOM JESUS,TO,3,8,171,182,1.65%,4.4%,93.96%,False,1,1,5,171,5,182,0.55%,2.75%,93.96%,2.75%,False,1
1717909,PONTE ALTA DO TOCANTINS,TO,17,21,381,419,4.06%,5.01%,90.93%,False,1,1,9,393,16,419,0.24%,2.15%,93.79%,3.82%,False,1
1718006,PORTO ALEGRE DO TOCANTINS,TO,6,15,200,221,2.71%,6.79%,90.5%,False,1,0,8,203,10,221,-,3.62%,91.86%,4.52%,False,1
1718204,PORTO NACIONAL,TO,109,235,3.165,3.509,3.11%,6.7%,90.2%,True,1,27,87,3231,164,3509,0.77%,2.48%,92.08%,4.67%,False,1
1718303,PRAIA NORTE,TO,17,24,314,355,4.79%,6.76%,88.45%,False,1,4,10,328,13,355,1.13%,2.82%,92.39%,3.66%,False,1
1718402,PRESIDENTE KENNEDY,TO,7,16,181,204,3.43%,7.84%,88.73%,False,1,0,6,184,14,204,-,2.94%,90.2%,6.86%,False,1
1718451,PUGMIL,TO,5,17,156,178,2.81%,9.55%,87.64%,False,1,1,3,157,17,178,0.56%,1.69%,88.2%,9.55%,False,1
1718501,RECURSOLANDIA,TO,18,33,268,319,5.64%,10.34%,84.01%,False,1,2,4,301,12,319,0.63%,1.25%,94.36%,3.76%,False,1
1718550,RIACHINHO,TO,10,18,287,315,3.17%,5.71%,91.11%,False,1,2,11,285,17,315,0.63%,3.49%,90.48%,5.4%,False,1
1718659,RIO DA CONCEICAO,TO,10,17,135,162,6.17%,10.49%,83.33%,False,1,1,6,151,4,162,0.62%,3.7%,93.21%,2.47%,False,1
1718709,RIO DOS BOIS,TO,7,12,168,187,3.74%,6.42%,89.84%,False,1,0,3,176,8,187,-,1.6%,94.12%,4.28%,False,1
1718758,RIO SONO,TO,26,37,299,362,7.18%,10.22%,82.6%,False,1,3,21,325,13,362,0.83%,5.8%,89.78%,3.59%,False,1
1718808,SAMPAIO,TO,10,28,381,419,2.39%,6.68%,90.93%,False,1,4,12,378,25,419,0.95%,2.86%,90.21%,5.97%,False,1
1718840,SANDOLANDIA,TO,10,7,241,258,3.88%,2.71%,93.41%,False,1,1,2,242,13,258,0.39%,0.78%,93.8%,5.04%,False,1
1718865,SANTA FE DO ARAGUAIA,TO,10,21,471,502,1.99%,4.18%,93.82%,False,1,0,9,468,25,502,-,1.79%,93.23%,4.98%,False,1
1718881,SANTA MARIA DO TOCANTINS,TO,12,20,148,180,6.67%,11.11%,82.22%,False,1,0,6,169,5,180,-,3.33%,93.89%,2.78%,False,1
1718899,SANTA RITA DO TOCANTINS,TO,1,6,159,166,0.6%,3.61%,95.78%,False,1,1,0,154,11,166,0.6%,-,92.77%,6.63%,False,1
1718907,SANTA ROSA DO TOCANTINS,TO,11,17,251,279,3.94%,6.09%,89.96%,False,1,0,9,250,20,279,-,3.23%,89.61%,7.17%,False,1
1719004,SANTA TEREZA DO TOCANTINS,TO,9,18,262,289,3.11%,6.23%,90.66%,False,1,1,8,265,15,289,0.35%,2.77%,91.7%,5.19%,False,1
1720002,SANTA TEREZINHA DO TOCANTINS,TO,7,11,136,154,4.55%,7.14%,88.31%,False,1,1,4,142,7,154,0.65%,2.6%,92.21%,4.55%,False,1
1720101,SAO BENTO DO TOCANTINS,TO,28,51,438,517,5.42%,9.86%,84.72%,False,1,2,10,473,32,517,0.39%,1.93%,91.49%,6.19%,False,1
1720150,SAO FELIX DO TOCANTINS,TO,6,6,102,114,5.26%,5.26%,89.47%,False,1,2,3,101,8,114,1.75%,2.63%,88.6%,7.02%,False,1
1720200,SAO MIGUEL DO TOCANTINS,TO,51,97,948,1.096,4.65%,8.85%,86.5%,True,1,7,35,1018,36,1096,0.64%,3.19%,92.88%,3.28%,False,1
1720259,SAO SALVADOR DO TOCANTINS,TO,18,26,177,221,8.14%,11.76%,80.09%,False,1,2,5,201,13,221,0.9%,2.26%,90.95%,5.88%,False,1
1720309,SAO SEBASTIAO DO TOCANTINS,TO,11,21,275,307,3.58%,6.84%,89.58%,False,1,2,12,273,20,307,0.65%,3.91%,88.93%,6.51%,False,1
1720499,SAO VALERIO,TO,14,7,216,237,5.91%,2.95%,91.14%,False,1,2,9,212,14,237,0.84%,3.8%,89.45%,5.91%,False,1
1720655,SILVANOPOLIS,TO,24,36,395,455,5.27%,7.91%,86.81%,False,1,2,7,423,23,455,0.44%,1.54%,92.97%,5.05%,False,1
1720804,SITIO NOVO DO TOCANTINS,TO,32,57,635,724,4.42%,7.87%,87.71%,False,1,5,14,669,36,724,0.69%,1.93%,92.4%,4.97%,False,1
1720853,SUCUPIRA,TO,6,5,123,134,4.48%,3.73%,91.79%,False,1,5,1,115,13,134,3.73%,0.75%,85.82%,9.7%,False,1
1720903,TAGUATINGA,TO,48,59,790,897,5.35%,6.58%,88.07%,False,1,6,22,815,54,897,0.67%,2.45%,90.86%,6.02%,False,1
1720937,TAIPAS DO TOCANTINS,TO,1,6,115,122,0.82%,4.92%,94.26%,False,1,0,2,112,8,122,-,1.64%,91.8%,6.56%,False,1
1720978,TALISMA,TO,4,14,153,171,2.34%,8.19%,89.47%,False,1,0,4,155,12,171,-,2.34%,90.64%,7.02%,False,1
1721000,PALMAS,TO,564,972,11.216,12.752,4.42%,7.62%,87.95%,True,1,79,318,11604,751,12752,0.62%,2.49%,91%,5.89%,False,1
1721109,TOCANTINIA,TO,29,46,643,718,4.04%,6.41%,89.55%,False,1,5,17,660,36,718,0.7%,2.37%,91.92%,5.01%,False,1
1721208,TOCANTINOPOLIS,TO,73,88,1.234,1.395,5.23%,6.31%,88.46%,True,1,18,45,1276,57,1396,1.29%,3.22%,91.4%,4.08%,False,1
1721257,TUPIRAMA,TO,7,10,130,147,4.76%,6.8%,88.44%,False,1,1,6,132,8,147,0.68%,4.08%,89.8%,5.44%,False,1
1721307,TUPIRATINS,TO,2,4,87,93,2.15%,4.3%,93.55%,False,1,1,3,86,3,93,1.08%,3.23%,92.47%,3.23%,False,1
1722081,WANDERLANDIA,TO,34,38,486,558,6.09%,6.81%,87.1%,False,1,4,11,505,38,558,0.72%,1.97%,90.5%,6.81%,False,1
1722107,XAMBIOA,TO,35,42,523,600,5.83%,7%,87.17%,False,1,2,20,552,26,600,0.33%,3.33%,92%,4.33%,False,1
2100055,ACAILANDIA,MA,169,308,4.323,4.8,3.52%,6.42%,90.06%,True,1,32,139,4357,272,4800,0.67%,2.9%,90.77%,5.67%,False,1
2100105,AFONSO CUNHA,MA,46,68,587,701,6.56%,9.7%,83.74%,False,1,4,26,640,31,701,0.57%,3.71%,91.3%,4.42%,False,1
2100154,AGUA DOCE DO MARANHAO,MA,65,110,776,951,6.83%,11.57%,81.6%,False,1,6,24,834,87,951,0.63%,2.52%,87.7%,9.15%,False,1
2100204,ALCANTARA,MA,48,78,881,1.007,4.77%,7.75%,87.49%,True,1,14,46,875,72,1007,1.39%,4.57%,86.89%,7.15%,False,1
2100303,ALDEIAS ALTAS,MA,86,159,1.313,1.558,5.52%,10.21%,84.27%,True,1,24,84,1402,48,1558,1.54%,5.39%,89.99%,3.08%,False,1
2100402,ALTAMIRA DO MARANHAO,MA,22,23,334,379,5.8%,6.07%,88.13%,False,1,4,13,327,35,379,1.06%,3.43%,86.28%,9.23%,False,1
2100436,ALTO ALEGRE DO MARANHAO,MA,80,118,1.148,1.346,5.94%,8.77%,85.29%,True,1,18,64,1188,76,1346,1.34%,4.75%,88.26%,5.65%,False,1
2100477,ALTO ALEGRE DO PINDARE,MA,123,165,1.803,2.091,5.88%,7.89%,86.23%,True,1,13,68,1912,98,2091,0.62%,3.25%,91.44%,4.69%,False,1
2100501,ALTO PARNAIBA,MA,50,58,634,742,6.74%,7.82%,85.44%,False,1,6,20,657,59,742,0.81%,2.7%,88.54%,7.95%,False,1
2100550,AMAPA DO MARANHAO,MA,27,27,513,567,4.76%,4.76%,90.48%,False,1,2,17,513,35,567,0.35%,3%,90.48%,6.17%,False,1
2100600,AMARANTE DO MARANHAO,MA,204,328,2.498,3.03,6.73%,10.83%,82.44%,True,1,49,150,2634,197,3030,1.62%,4.95%,86.93%,6.5%,False,1
2100709,ANAJATUBA,MA,54,74,1.192,1.32,4.09%,5.61%,90.3%,True,1,12,42,1176,90,1320,0.91%,3.18%,89.09%,6.82%,False,1
2100808,ANAPURUS,MA,92,126,770,988,9.31%,12.75%,77.94%,False,1,11,37,893,47,988,1.11%,3.74%,90.38%,4.76%,False,1
2100832,APICUM-ACU,MA,37,98,938,1.073,3.45%,9.13%,87.42%,True,1,2,31,993,47,1073,0.19%,2.89%,92.54%,4.38%,False,1
2100873,ARAGUANA,MA,30,44,519,593,5.06%,7.42%,87.52%,False,1,8,16,527,42,593,1.35%,2.7%,88.87%,7.08%,False,1
2100907,ARAIOSES,MA,156,161,2.085,2.402,6.49%,6.7%,86.8%,True,1,29,71,2086,216,2402,1.21%,2.96%,86.84%,8.99%,False,1
2100956,ARAME,MA,81,181,1.867,2.129,3.8%,8.5%,87.69%,True,1,14,67,1966,82,2129,0.66%,3.15%,92.34%,3.85%,False,1
2101004,ARARI,MA,79,120,1.281,1.48,5.34%,8.11%,86.55%,True,1,22,54,1305,99,1480,1.49%,3.65%,88.18%,6.69%,False,1
2101103,AXIXA,MA,55,78,586,719,7.65%,10.85%,81.5%,False,1,9,25,634,51,719,1.25%,3.48%,88.18%,7.09%,False,1
2101202,BACABAL,MA,259,373,5.747,6.379,4.06%,5.85%,90.09%,True,1,33,136,5818,392,6379,0.52%,2.13%,91.21%,6.15%,False,1
2101251,BACABEIRA,MA,73,85,853,1.011,7.22%,8.41%,84.37%,True,1,8,37,914,52,1011,0.79%,3.66%,90.41%,5.14%,False,1
2101301,BACURI,MA,50,62,834,946,5.29%,6.55%,88.16%,False,1,4,39,860,43,946,0.42%,4.12%,90.91%,4.55%,False,1
2101350,BACURITUBA,MA,27,21,259,307,8.79%,6.84%,84.36%,False,1,7,16,266,18,307,2.28%,5.21%,86.64%,5.86%,False,1
2101400,BALSAS,MA,124,283,4.061,4.468,2.78%,6.33%,90.89%,True,1,41,132,4081,214,4468,0.92%,2.95%,91.34%,4.79%,False,1
2101509,BARAO DE GRAJAU,MA,50,85,990,1.125,4.44%,7.56%,88%,True,1,10,38,1004,73,1125,0.89%,3.38%,89.24%,6.49%,False,1
2101608,BARRA DO CORDA,MA,401,449,3.144,3.994,10.04%,11.24%,78.72%,True,1,70,189,3455,280,3994,1.75%,4.73%,86.5%,7.01%,False,1
2101707,BARREIRINHAS,MA,340,496,4.26,5.096,6.67%,9.73%,83.59%,True,1,38,155,4572,331,5096,0.75%,3.04%,89.72%,6.5%,False,1
2101731,BELAGUA,MA,67,127,603,797,8.41%,15.93%,75.66%,False,1,12,49,711,25,797,1.51%,6.15%,89.21%,3.14%,False,1
2101772,BELA VISTA DO MARANHAO,MA,72,91,855,1.018,7.07%,8.94%,83.99%,True,1,16,44,894,64,1018,1.57%,4.32%,87.82%,6.29%,False,1
2101806,BENEDITO LEITE,MA,33,32,273,338,9.76%,9.47%,80.77%,False,1,2,10,303,23,338,0.59%,2.96%,89.64%,6.8%,False,1
2101905,BEQUIMAO,MA,87,96,694,877,9.92%,10.95%,79.13%,False,1,16,36,757,68,877,1.82%,4.1%,86.32%,7.75%,False,1
2101939,BERNARDO DO MEARIM,MA,19,25,253,297,6.4%,8.42%,85.19%,False,1,3,8,267,19,297,1.01%,2.69%,89.9%,6.4%,False,1
2101970,BOA VISTA DO GURUPI,MA,35,59,510,604,5.79%,9.77%,84.44%,False,1,9,27,530,38,604,1.49%,4.47%,87.75%,6.29%,False,1
2102002,BOM JARDIM,MA,196,270,1.675,2.141,9.15%,12.61%,78.23%,True,1,34,118,1888,101,2141,1.59%,5.51%,88.18%,4.72%,False,1
2102036,BOM JESUS DAS SELVAS,MA,154,193,1.589,1.936,7.95%,9.97%,82.08%,True,1,35,67,1735,98,1935,1.81%,3.46%,89.66%,5.06%,False,1
2102077,BOM LUGAR,MA,49,47,481,577,8.49%,8.15%,83.36%,False,1,5,21,499,52,577,0.87%,3.64%,86.48%,9.01%,False,1
2102101,BREJO,MA,147,177,1.885,2.209,6.65%,8.01%,85.33%,True,1,36,69,1950,154,2209,1.63%,3.12%,88.28%,6.97%,False,1
2102150,BREJO DE AREIA,MA,33,55,632,720,4.58%,7.64%,87.78%,False,1,3,13,676,28,720,0.42%,1.81%,93.89%,3.89%,False,1
2102200,BURITI,MA,192,228,1.917,2.337,8.22%,9.76%,82.03%,True,1,32,96,2114,95,2337,1.37%,4.11%,90.46%,4.07%,False,1
2102309,BURITI BRAVO,MA,97,129,1.327,1.553,6.25%,8.31%,85.45%,True,1,5,41,1417,90,1553,0.32%,2.64%,91.24%,5.8%,False,1
2102325,BURITICUPU,MA,244,284,2.959,3.487,7%,8.14%,84.86%,True,1,27,78,3171,212,3488,0.77%,2.24%,90.91%,6.08%,False,1
2102358,BURITIRANA,MA,101,69,709,879,11.49%,7.85%,80.66%,False,1,14,30,781,54,879,1.59%,3.41%,88.85%,6.14%,False,1
2102374,CACHOEIRA GRANDE,MA,47,56,568,671,7%,8.35%,84.65%,False,1,9,30,576,56,671,1.34%,4.47%,85.84%,8.35%,False,1
2102408,CAJAPIO,MA,22,44,526,592,3.72%,7.43%,88.85%,False,1,6,29,511,46,592,1.01%,4.9%,86.32%,7.77%,False,1
2102507,CAJARI,MA,131,128,935,1.194,10.97%,10.72%,78.31%,True,1,52,86,992,64,1194,4.36%,7.2%,83.08%,5.36%,False,1
2102556,CAMPESTRE DO MARANHAO,MA,50,65,616,731,6.84%,8.89%,84.27%,False,1,9,29,659,34,731,1.23%,3.97%,90.15%,4.65%,False,1
2102606,CANDIDO MENDES,MA,121,160,1.065,1.346,8.99%,11.89%,79.12%,True,1,15,75,1194,62,1346,1.11%,5.57%,88.71%,4.61%,False,1
2102705,CANTANHEDE,MA,64,86,954,1.104,5.8%,7.79%,86.41%,True,1,13,48,971,72,1104,1.18%,4.35%,87.95%,6.52%,False,1
2102754,CAPINZAL DO NORTE,MA,25,49,577,651,3.84%,7.53%,88.63%,False,1,5,12,585,49,651,0.77%,1.84%,89.86%,7.53%,False,1
2102804,CAROLINA,MA,91,107,864,1.062,8.57%,10.08%,81.36%,True,1,20,52,913,77,1062,1.88%,4.9%,85.97%,7.25%,False,1
2102903,CARUTAPERA,MA,132,178,1.539,1.849,7.14%,9.63%,83.23%,True,1,27,84,1627,111,1849,1.46%,4.54%,87.99%,6%,False,1
2103000,CAXIAS,MA,358,597,6.337,7.292,4.91%,8.19%,86.9%,True,1,74,273,6563,382,7292,1.01%,3.74%,90%,5.24%,False,1
2103109,CEDRAL,MA,11,36,338,385,2.86%,9.35%,87.79%,False,1,5,14,334,32,385,1.3%,3.64%,86.75%,8.31%,False,1
2103125,CENTRAL DO MARANHAO,MA,29,49,370,448,6.47%,10.94%,82.59%,False,1,8,19,391,30,448,1.79%,4.24%,87.28%,6.7%,False,1
2103158,CENTRO DO GUILHERME,MA,106,110,691,907,11.69%,12.13%,76.19%,False,1,18,46,787,56,907,1.98%,5.07%,86.77%,6.17%,False,1
2103174,CENTRO NOVO DO MARANHAO,MA,213,128,1.022,1.363,15.63%,9.39%,74.98%,True,1,135,79,1076,73,1363,9.9%,5.8%,78.94%,5.36%,False,1
2103208,CHAPADINHA,MA,272,500,4.405,5.177,5.25%,9.66%,85.09%,True,1,44,209,4603,323,5179,0.85%,4.04%,88.88%,6.24%,False,1
2103257,CIDELANDIA,MA,72,64,891,1.027,7.01%,6.23%,86.76%,True,1,11,31,935,50,1027,1.07%,3.02%,91.04%,4.87%,False,1
2103307,CODO,MA,43,239,6.381,6.663,0.65%,3.59%,95.77%,True,1,379,1659,4510,115,6663,5.69%,24.9%,67.69%,1.73%,False,1
2103406,COELHO NETO,MA,102,203,2.637,2.942,3.47%,6.9%,89.63%,True,1,25,78,2737,102,2942,0.85%,2.65%,93.03%,3.47%,False,1
2103505,COLINAS,MA,204,260,1.889,2.353,8.67%,11.05%,80.28%,True,1,35,127,2112,79,2353,1.49%,5.4%,89.76%,3.36%,False,1
2103554,CONCEICAO DO LAGO-ACU,MA,81,118,910,1.109,7.3%,10.64%,82.06%,True,1,79,91,895,44,1109,7.12%,8.21%,80.7%,3.97%,False,1
2103604,COROATA,MA,215,332,2.942,3.489,6.16%,9.52%,84.32%,True,1,53,126,3117,193,3489,1.52%,3.61%,89.34%,5.53%,False,1
2103703,CURURUPU,MA,72,150,1.789,2.011,3.58%,7.46%,88.96%,True,1,11,70,1829,102,2012,0.55%,3.48%,90.9%,5.07%,False,1
2103752,DAVINOPOLIS,MA,66,44,794,904,7.3%,4.87%,87.83%,False,1,11,24,822,47,904,1.22%,2.65%,90.93%,5.2%,False,1
2103802,DOM PEDRO,MA,134,94,895,1.123,11.93%,8.37%,79.7%,True,1,35,46,953,89,1123,3.12%,4.1%,84.86%,7.93%,False,1
2103901,DUQUE BACELAR,MA,31,58,835,924,3.35%,6.28%,90.37%,False,1,5,29,842,48,924,0.54%,3.14%,91.13%,5.19%,False,1
2104008,ESPERANTINOPOLIS,MA,48,74,1.067,1.189,4.04%,6.22%,89.74%,True,1,8,28,1070,83,1189,0.67%,2.35%,89.99%,6.98%,False,1
2104057,ESTREITO,MA,108,121,1.388,1.617,6.68%,7.48%,85.84%,True,1,33,68,1400,116,1617,2.04%,4.21%,86.58%,7.17%,False,1
2104073,FEIRA NOVA DO MARANHAO,MA,18,22,354,394,4.57%,5.58%,89.85%,False,1,4,17,343,30,394,1.02%,4.31%,87.06%,7.61%,False,1
2104081,FERNANDO FALCAO,MA,104,134,651,889,11.7%,15.07%,73.23%,False,1,8,54,801,26,889,0.9%,6.07%,90.1%,2.92%,False,1
2104099,FORMOSA DA SERRA NEGRA,MA,79,104,773,956,8.26%,10.88%,80.86%,False,1,10,36,859,51,956,1.05%,3.77%,89.85%,5.33%,False,1
2104107,FORTALEZA DOS NOGUEIRAS,MA,54,79,718,851,6.35%,9.28%,84.37%,False,1,7,19,757,68,851,0.82%,2.23%,88.95%,7.99%,False,1
2104206,FORTUNA,MA,38,79,943,1.06,3.58%,7.45%,88.96%,True,1,9,39,966,46,1060,0.85%,3.68%,91.13%,4.34%,False,1
2104305,GODOFREDO VIANA,MA,36,46,540,622,5.79%,7.4%,86.82%,False,1,15,24,551,32,622,2.41%,3.86%,88.59%,5.14%,False,1
2104404,GONCALVES DIAS,MA,44,84,962,1.09,4.04%,7.71%,88.26%,True,1,7,33,980,70,1090,0.64%,3.03%,89.91%,6.42%,False,1
2104503,GOVERNADOR ARCHER,MA,26,37,477,540,4.81%,6.85%,88.33%,False,1,5,14,492,29,540,0.93%,2.59%,91.11%,5.37%,False,1
2104552,GOVERNADOR EDISON LOBAO,MA,90,144,1.218,1.452,6.2%,9.92%,83.88%,True,1,18,29,1321,84,1452,1.24%,2%,90.98%,5.79%,False,1
2104602,GOVERNADOR EUGENIO BARROS,MA,59,107,887,1.053,5.6%,10.16%,84.24%,True,1,5,37,952,59,1053,0.47%,3.51%,90.41%,5.6%,False,1
2104628,GOVERNADOR LUIZ ROCHA,MA,43,41,476,560,7.68%,7.32%,85%,False,1,3,19,325,213,560,0.54%,3.39%,58.04%,38.04%,False,1
2104651,GOVERNADOR NEWTON BELLO,MA,58,70,524,652,8.9%,10.74%,80.37%,False,1,9,26,565,52,652,1.38%,3.99%,86.66%,7.98%,False,1
2104677,GOVERNADOR NUNES FREIRE,MA,75,112,1.4,1.587,4.73%,7.06%,88.22%,True,1,13,57,1436,81,1587,0.82%,3.59%,90.49%,5.1%,False,1
2104701,GRACA ARANHA,MA,33,21,272,326,10.12%,6.44%,83.44%,False,1,3,7,293,23,326,0.92%,2.15%,89.88%,7.06%,False,1
2104800,GRAJAU,MA,503,554,3.597,4.654,10.81%,11.9%,77.29%,True,1,73,201,4128,252,4654,1.57%,4.32%,88.7%,5.41%,False,1
2104909,GUIMARAES,MA,12,34,443,489,2.45%,6.95%,90.59%,False,1,2,25,431,31,489,0.41%,5.11%,88.14%,6.34%,False,1
2105005,HUMBERTO DE CAMPOS,MA,242,196,1.701,2.139,11.31%,9.16%,79.52%,True,1,146,109,1747,137,2139,6.83%,5.1%,81.67%,6.4%,False,1
2105104,ICATU,MA,206,176,1.168,1.55,13.29%,11.35%,75.35%,True,1,20,87,1379,64,1550,1.29%,5.61%,88.97%,4.13%,False,1
2105153,IGARAPE DO MEIO,MA,96,78,916,1.09,8.81%,7.16%,84.04%,True,1,9,46,978,57,1090,0.83%,4.22%,89.72%,5.23%,False,1
2105203,IGARAPE GRANDE,MA,22,35,645,702,3.13%,4.99%,91.88%,False,1,2,20,637,43,702,0.28%,2.85%,90.74%,6.13%,False,1
2105302,IMPERATRIZ,MA,503,897,10.999,12.399,4.06%,7.23%,88.71%,True,1,128,350,11244,677,12399,1.03%,2.82%,90.68%,5.46%,False,1
2105351,ITAIPAVA DO GRAJAU,MA,97,152,861,1.11,8.74%,13.69%,77.57%,True,1,9,35,1015,51,1110,0.81%,3.15%,91.44%,4.59%,False,1
2105401,ITAPECURU MIRIM,MA,249,319,3.441,4.009,6.21%,7.96%,85.83%,True,1,44,129,3592,244,4009,1.1%,3.22%,89.6%,6.09%,False,1
2105427,ITINGA DO MARANHAO,MA,78,112,1.301,1.491,5.23%,7.51%,87.26%,True,1,9,32,1349,101,1491,0.6%,2.15%,90.48%,6.77%,False,1
2105450,JATOBA,MA,58,57,475,590,9.83%,9.66%,80.51%,False,1,4,25,525,36,590,0.68%,4.24%,88.98%,6.1%,False,1
2105476,JENIPAPO DOS VIEIRAS,MA,99,111,642,852,11.62%,13.03%,75.35%,False,1,12,40,741,59,852,1.41%,4.69%,86.97%,6.92%,False,1
2105500,JOAO LISBOA,MA,183,126,1.152,1.461,12.53%,8.62%,78.85%,True,1,16,59,1316,70,1461,1.1%,4.04%,90.08%,4.79%,False,1
2105609,JOSELANDIA,MA,59,80,811,950,6.21%,8.42%,85.37%,False,1,10,36,854,50,950,1.05%,3.79%,89.89%,5.26%,False,1
2105658,JUNCO DO MARANHAO,MA,29,33,272,334,8.68%,9.88%,81.44%,False,1,3,2,314,15,334,0.9%,0.6%,94.01%,4.49%,False,1
2105708,LAGO DA PEDRA,MA,151,221,2.778,3.15,4.79%,7.02%,88.19%,True,1,42,79,2762,267,3150,1.33%,2.51%,87.68%,8.48%,False,1
2105807,LAGO DO JUNCO,MA,25,28,375,428,5.84%,6.54%,87.62%,False,1,2,8,388,30,428,0.47%,1.87%,90.65%,7.01%,False,1
2105906,LAGO VERDE,MA,102,78,778,958,10.65%,8.14%,81.21%,False,1,15,47,836,61,959,1.56%,4.9%,87.17%,6.36%,False,1
2105922,LAGOA DO MATO,MA,34,43,615,692,4.91%,6.21%,88.87%,False,1,6,21,627,38,692,0.87%,3.03%,90.61%,5.49%,False,1
2105948,LAGO DOS RODRIGUES,MA,20,40,489,549,3.64%,7.29%,89.07%,False,1,8,18,483,40,549,1.46%,3.28%,87.98%,7.29%,False,1
2105963,LAGOA GRANDE DO MARANHAO,MA,45,71,929,1.045,4.31%,6.79%,88.9%,True,1,5,27,950,63,1045,0.48%,2.58%,90.91%,6.03%,False,1
2105989,LAJEADO NOVO,MA,39,30,315,384,10.16%,7.81%,82.03%,False,1,7,21,341,15,384,1.82%,5.47%,88.8%,3.91%,False,1
2106003,LIMA CAMPOS,MA,20,61,668,749,2.67%,8.14%,89.19%,False,1,6,25,664,54,749,0.8%,3.34%,88.65%,7.21%,False,1
2106102,LORETO,MA,62,56,589,707,8.77%,7.92%,83.31%,False,1,8,15,641,43,707,1.13%,2.12%,90.66%,6.08%,False,1
2106201,LUIS DOMINGUES,MA,37,49,468,554,6.68%,8.84%,84.48%,False,1,6,22,494,32,554,1.08%,3.97%,89.17%,5.78%,False,1
2106300,MAGALHAES DE ALMEIDA,MA,41,79,822,942,4.35%,8.39%,87.26%,False,1,5,24,836,77,942,0.53%,2.55%,88.75%,8.17%,False,1
2106326,MARACACUME,MA,66,123,979,1.168,5.65%,10.53%,83.82%,True,1,14,35,1037,82,1168,1.2%,3%,88.78%,7.02%,False,1
2106359,MARAJA DO SENA,MA,81,52,400,533,15.2%,9.76%,75.05%,False,1,15,31,461,26,533,2.81%,5.82%,86.49%,4.88%,False,1
2106375,MARANHAOZINHO,MA,158,150,564,872,18.12%,17.2%,64.68%,False,1,24,71,739,38,872,2.75%,8.14%,84.75%,4.36%,False,1
2106409,MATA ROMA,MA,87,126,987,1.2,7.25%,10.5%,82.25%,True,1,11,41,1079,69,1200,0.92%,3.42%,89.92%,5.75%,False,1
2106508,MATINHA,MA,80,100,1.064,1.244,6.43%,8.04%,85.53%,True,1,20,71,1089,64,1244,1.61%,5.71%,87.54%,5.14%,False,1
2106607,MATOES,MA,141,241,2.113,2.495,5.65%,9.66%,84.69%,True,1,23,93,2268,111,2495,0.92%,3.73%,90.9%,4.45%,False,1
2106631,MATOES DO NORTE,MA,42,41,431,514,8.17%,7.98%,83.85%,False,1,10,28,446,30,514,1.95%,5.45%,86.77%,5.84%,False,1
2106672,MILAGRES DO MARANHAO,MA,44,62,393,499,8.82%,12.42%,78.76%,False,1,6,20,449,24,499,1.2%,4.01%,89.98%,4.81%,False,1
2106706,MIRADOR,MA,132,166,1.03,1.328,9.94%,12.5%,77.56%,True,1,31,73,1161,63,1328,2.33%,5.5%,87.42%,4.74%,False,1
2106755,MIRANDA DO NORTE,MA,48,79,1.084,1.211,3.96%,6.52%,89.51%,True,1,9,32,1084,86,1211,0.74%,2.64%,89.51%,7.1%,False,1
2106805,MIRINZAL,MA,37,49,758,844,4.38%,5.81%,89.81%,False,1,2,24,768,50,844,0.24%,2.84%,91%,5.92%,False,1
2106904,MONCAO,MA,201,171,1.433,1.805,11.14%,9.47%,79.39%,True,1,82,109,1500,114,1805,4.54%,6.04%,83.1%,6.32%,False,1
2107001,MONTES ALTOS,MA,22,55,521,598,3.68%,9.2%,87.12%,False,1,6,17,540,35,598,1%,2.84%,90.3%,5.85%,False,1
2107100,MORROS,MA,96,136,858,1.09,8.81%,12.48%,78.72%,True,1,11,46,971,62,1090,1.01%,4.22%,89.08%,5.69%,False,1
2107209,NINA RODRIGUES,MA,60,94,748,902,6.65%,10.42%,82.93%,False,1,10,38,811,43,902,1.11%,4.21%,89.91%,4.77%,False,1
2107258,NOVA COLINAS,MA,8,22,349,379,2.11%,5.8%,92.08%,False,1,2,5,355,17,379,0.53%,1.32%,93.67%,4.49%,False,1
2107308,NOVA IORQUE,MA,11,24,176,211,5.21%,11.37%,83.41%,False,1,0,8,199,4,211,-,3.79%,94.31%,1.9%,False,1
2107357,NOVA OLINDA DO MARANHAO,MA,103,126,891,1.12,9.2%,11.25%,79.55%,True,1,27,50,972,71,1120,2.41%,4.46%,86.79%,6.34%,False,1
2107407,OLHO D'AGUA DAS CUNHAS,MA,50,102,900,1.052,4.75%,9.7%,85.55%,True,1,73,49,870,60,1052,6.94%,4.66%,82.7%,5.7%,False,1
2107456,OLINDA NOVA DO MARANHAO,MA,37,66,673,776,4.77%,8.51%,86.73%,False,1,10,30,685,51,776,1.29%,3.87%,88.27%,6.57%,False,1
2107506,PACO DO LUMIAR,MA,247,423,5.107,5.777,4.28%,7.32%,88.4%,True,1,54,116,5179,428,5777,0.93%,2.01%,89.65%,7.41%,False,1
2107605,PALMEIRANDIA,MA,70,68,991,1.129,6.2%,6.02%,87.78%,True,1,14,41,867,207,1129,1.24%,3.63%,76.79%,18.33%,False,1
2107704,PARAIBANO,MA,64,75,1.221,1.36,4.71%,5.51%,89.78%,True,1,12,50,1222,76,1360,0.88%,3.68%,89.85%,5.59%,False,1
2107803,PARNARAMA,MA,121,158,1.501,1.78,6.8%,8.88%,84.33%,True,1,19,79,1603,79,1780,1.07%,4.44%,90.06%,4.44%,False,1
2107902,PASSAGEM FRANCA,MA,53,81,1.036,1.17,4.53%,6.92%,88.55%,True,1,11,43,1067,49,1170,0.94%,3.68%,91.2%,4.19%,False,1
2108009,PASTOS BONS,MA,91,84,859,1.034,8.8%,8.12%,83.08%,True,1,14,49,903,68,1034,1.35%,4.74%,87.33%,6.58%,False,1
2108058,PAULINO NEVES,MA,74,133,1.099,1.306,5.67%,10.18%,84.15%,True,1,13,33,1173,87,1306,1%,2.53%,89.82%,6.66%,False,1
2108108,PAULO RAMOS,MA,103,139,1.033,1.275,8.08%,10.9%,81.02%,True,1,16,60,1100,99,1275,1.25%,4.71%,86.27%,7.76%,False,1
2108207,PEDREIRAS,MA,99,131,1.379,1.609,6.15%,8.14%,85.71%,True,1,17,46,1432,114,1609,1.06%,2.86%,89%,7.09%,False,1
2108256,PEDRO DO ROSARIO,MA,117,127,884,1.128,10.37%,11.26%,78.37%,True,1,28,60,980,60,1128,2.48%,5.32%,86.88%,5.32%,False,1
2108306,PENALVA,MA,353,319,1.794,2.466,14.31%,12.94%,72.75%,True,1,103,198,2068,97,2466,4.18%,8.03%,83.86%,3.93%,False,1
2108405,PERI MIRIM,MA,24,46,547,617,3.89%,7.46%,88.65%,False,1,5,24,549,39,617,0.81%,3.89%,88.98%,6.32%,False,1
2108454,PERITORO,MA,43,98,1.247,1.388,3.1%,7.06%,89.84%,True,1,83,220,1019,66,1388,5.98%,15.85%,73.41%,4.76%,False,1
2108504,PINDARE-MIRIM,MA,135,142,1.385,1.662,8.12%,8.54%,83.33%,True,1,51,54,1469,88,1662,3.07%,3.25%,88.39%,5.29%,False,1
2108603,PINHEIRO,MA,235,334,3.151,3.72,6.32%,8.98%,84.7%,True,1,38,131,3308,243,3720,1.02%,3.52%,88.92%,6.53%,False,1
2108702,PIO XII,MA,95,131,1.164,1.39,6.83%,9.42%,83.74%,True,1,9,44,1250,87,1390,0.65%,3.17%,89.93%,6.26%,False,1
2108801,PIRAPEMAS,MA,39,64,786,889,4.39%,7.2%,88.41%,False,1,6,37,807,39,889,0.67%,4.16%,90.78%,4.39%,False,1
2108900,POCAO DE PEDRAS,MA,52,60,842,954,5.45%,6.29%,88.26%,False,1,6,20,851,77,954,0.63%,2.1%,89.2%,8.07%,False,1
2109007,PORTO FRANCO,MA,31,72,997,1.1,2.82%,6.55%,90.64%,True,1,6,20,1017,57,1100,0.55%,1.82%,92.45%,5.18%,False,1
2109056,PORTO RICO DO MARANHAO,MA,10,25,294,329,3.04%,7.6%,89.36%,False,1,1,18,279,31,329,0.3%,5.47%,84.8%,9.42%,False,1
2109106,PRESIDENTE DUTRA,MA,103,151,1.415,1.669,6.17%,9.05%,84.78%,True,1,11,43,1523,92,1669,0.66%,2.58%,91.25%,5.51%,False,1
2109205,PRESIDENTE JUSCELINO,MA,59,88,783,930,6.34%,9.46%,84.19%,False,1,7,48,834,41,930,0.75%,5.16%,89.68%,4.41%,False,1
2109239,PRESIDENTE MEDICI,MA,7,17,381,405,1.73%,4.2%,94.07%,False,1,2,16,364,23,405,0.49%,3.95%,89.88%,5.68%,False,1
2109270,PRESIDENTE SARNEY,MA,89,123,1.254,1.466,6.07%,8.39%,85.54%,True,1,14,47,1316,89,1466,0.95%,3.21%,89.77%,6.07%,False,1
2109304,PRESIDENTE VARGAS,MA,74,107,632,813,9.1%,13.16%,77.74%,False,1,10,33,739,32,814,1.23%,4.05%,90.79%,3.93%,False,1
2109403,PRIMEIRA CRUZ,MA,77,77,604,758,10.16%,10.16%,79.68%,False,1,13,39,671,35,758,1.72%,5.15%,88.52%,4.62%,False,1
2109452,RAPOSA,MA,115,139,1.647,1.901,6.05%,7.31%,86.64%,True,1,19,42,1684,155,1900,1%,2.21%,88.63%,8.16%,False,1
2109502,RIACHAO,MA,87,93,940,1.12,7.77%,8.3%,83.93%,True,1,14,33,1011,62,1120,1.25%,2.95%,90.27%,5.54%,False,1
2109551,RIBAMAR FIQUENE,MA,19,22,375,416,4.57%,5.29%,90.14%,False,1,5,5,387,19,416,1.2%,1.2%,93.03%,4.57%,False,1
2109601,ROSARIO,MA,202,226,1.885,2.313,8.73%,9.77%,81.5%,True,1,32,88,2006,187,2313,1.38%,3.8%,86.73%,8.08%,False,1
2109700,SAMBAIBA,MA,27,33,376,436,6.19%,7.57%,86.24%,False,1,3,19,392,22,436,0.69%,4.36%,89.91%,5.05%,False,1
2109759,SANTA FILOMENA DO MARANHAO,MA,51,47,330,428,11.92%,10.98%,77.1%,False,1,11,21,373,23,428,2.57%,4.91%,87.15%,5.37%,False,1
2109809,SANTA HELENA,MA,474,164,1.437,2.075,22.84%,7.9%,69.25%,True,1,56,93,1658,268,2075,2.7%,4.48%,79.9%,12.92%,False,1
2109908,SANTA INES,MA,325,365,3.566,4.256,7.64%,8.58%,83.79%,True,1,46,135,3787,289,4257,1.08%,3.17%,88.96%,6.79%,False,1
2110005,SANTA LUZIA,MA,348,377,3.237,3.962,8.78%,9.52%,81.7%,True,1,43,166,3493,260,3962,1.09%,4.19%,88.16%,6.56%,False,1
2110039,SANTA LUZIA DO PARUA,MA,117,139,1.456,1.712,6.83%,8.12%,85.05%,True,1,23,65,1547,77,1712,1.34%,3.8%,90.36%,4.5%,False,1
2110104,SANTA QUITERIA DO MARANHAO,MA,109,111,1.446,1.666,6.54%,6.66%,86.79%,True,1,13,51,1477,125,1666,0.78%,3.06%,88.66%,7.5%,False,1
2110203,SANTA RITA,MA,213,249,1.965,2.427,8.78%,10.26%,80.96%,True,1,38,113,2151,125,2427,1.57%,4.66%,88.63%,5.15%,False,1
2110237,SANTANA DO MARANHAO,MA,16,32,550,598,2.68%,5.35%,91.97%,False,1,4,11,528,55,598,0.67%,1.84%,88.29%,9.2%,False,1
2110278,SANTO AMARO DO MARANHAO,MA,88,118,791,997,8.83%,11.84%,79.34%,False,1,8,54,876,59,997,0.8%,5.42%,87.86%,5.92%,False,1
2110302,SANTO ANTONIO DOS LOPES,MA,96,85,857,1.038,9.25%,8.19%,82.56%,True,1,20,34,903,81,1038,1.93%,3.28%,86.99%,7.8%,False,1
2110401,SAO BENEDITO DO RIO PRETO,MA,143,147,1.036,1.326,10.78%,11.09%,78.13%,True,1,21,74,1136,95,1326,1.58%,5.58%,85.67%,7.16%,False,1
2110500,SAO BENTO,MA,132,147,1.456,1.735,7.61%,8.47%,83.92%,True,1,29,73,1517,116,1735,1.67%,4.21%,87.44%,6.69%,False,1
2110609,SAO BERNARDO,MA,71,117,1.5,1.688,4.21%,6.93%,88.86%,True,1,38,45,1481,124,1688,2.25%,2.67%,87.74%,7.35%,False,1
2110658,SAO DOMINGOS DO AZEITAO,MA,54,83,521,658,8.21%,12.61%,79.18%,False,1,9,37,579,33,658,1.37%,5.62%,87.99%,5.02%,False,1
2110708,SAO DOMINGOS DO MARANHAO,MA,487,273,1.716,2.476,19.67%,11.03%,69.31%,True,1,25,67,2262,122,2476,1.01%,2.71%,91.36%,4.93%,False,1
2110807,SAO FELIX DE BALSAS,MA,15,16,219,250,6%,6.4%,87.6%,False,1,4,11,217,18,250,1.6%,4.4%,86.8%,7.2%,False,1
2110856,SAO FRANCISCO DO BREJAO,MA,35,49,559,643,5.44%,7.62%,86.94%,False,1,3,14,589,37,643,0.47%,2.18%,91.6%,5.75%,False,1
2110906,SAO FRANCISCO DO MARANHAO,MA,21,44,711,776,2.71%,5.67%,91.62%,False,1,3,22,713,38,776,0.39%,2.84%,91.88%,4.9%,False,1
2111003,SAO JOAO BATISTA,MA,64,114,1.019,1.197,5.35%,9.52%,85.13%,True,1,12,35,1085,65,1197,1%,2.92%,90.64%,5.43%,False,1
2111029,SAO JOAO DO CARU,MA,62,86,592,740,8.38%,11.62%,80%,False,1,7,32,650,51,740,0.95%,4.32%,87.84%,6.89%,False,1
2111052,SAO JOAO DO PARAISO,MA,53,55,497,605,8.76%,9.09%,82.15%,False,1,7,30,547,21,605,1.16%,4.96%,90.41%,3.47%,False,1
2111078,SAO JOAO DO SOTER,MA,47,88,1.01,1.145,4.1%,7.69%,88.21%,True,1,4,41,1043,57,1145,0.35%,3.58%,91.09%,4.98%,False,1
2111102,SAO JOAO DOS PATOS,MA,61,98,1.233,1.392,4.38%,7.04%,88.58%,True,1,15,54,1248,75,1392,1.08%,3.88%,89.66%,5.39%,False,1
2111201,SAO JOSE DE RIBAMAR,MA,302,550,7.75,8.602,3.51%,6.39%,90.1%,True,1,68,194,7705,635,8602,0.79%,2.26%,89.57%,7.38%,False,1
2111250,SAO JOSE DOS BASILIOS,MA,41,46,372,459,8.93%,10.02%,81.05%,False,1,7,21,406,25,459,1.53%,4.58%,88.45%,5.45%,False,1
2111300,SAO LUIS,MA,1.305,2.142,29.439,32.886,3.97%,6.51%,89.52%,True,1,301,730,29487,2368,32886,0.92%,2.22%,89.66%,7.2%,False,1
2111409,SAO LUIS GONZAGA DO MARANHAO,MA,137,108,861,1.106,12.39%,9.76%,77.85%,True,1,23,45,946,92,1106,2.08%,4.07%,85.53%,8.32%,False,1
2111508,SAO MATEUS DO MARANHAO,MA,141,177,2.096,2.414,5.84%,7.33%,86.83%,True,1,20,72,2177,145,2414,0.83%,2.98%,90.18%,6.01%,False,1
2111532,SAO PEDRO DA AGUA BRANCA,MA,38,51,430,519,7.32%,9.83%,82.85%,False,1,4,17,461,37,519,0.77%,3.28%,88.82%,7.13%,False,1
2111573,SAO PEDRO DOS CRENTES,MA,14,20,358,392,3.57%,5.1%,91.33%,False,1,2,8,352,30,392,0.51%,2.04%,89.8%,7.65%,False,1
2111607,SAO RAIMUNDO DAS MANGABEIRAS,MA,59,112,1.094,1.265,4.66%,8.85%,86.48%,True,1,11,40,1156,58,1265,0.87%,3.16%,91.38%,4.58%,False,1
2111631,SAO RAIMUNDO DO DOCA BEZERRA,MA,20,23,426,469,4.26%,4.9%,90.83%,False,1,1,10,433,25,469,0.21%,2.13%,92.32%,5.33%,False,1
2111672,SAO ROBERTO,MA,28,25,358,411,6.81%,6.08%,87.1%,False,1,2,7,369,33,411,0.49%,1.7%,89.78%,8.03%,False,1
2111706,SAO VICENTE FERRER,MA,67,65,872,1.004,6.67%,6.47%,86.85%,True,1,14,30,910,50,1004,1.39%,2.99%,90.64%,4.98%,False,1
2111722,SATUBINHA,MA,36,54,588,678,5.31%,7.96%,86.73%,False,1,4,22,606,46,678,0.59%,3.24%,89.38%,6.78%,False,1
2111748,SENADOR ALEXANDRE COSTA,MA,55,85,738,878,6.26%,9.68%,84.05%,False,1,8,37,798,35,878,0.91%,4.21%,90.89%,3.99%,False,1
2111763,SENADOR LA ROCQUE,MA,73,77,937,1.087,6.72%,7.08%,86.2%,True,1,20,34,970,63,1087,1.84%,3.13%,89.24%,5.8%,False,1
2111789,SERRANO DO MARANHAO,MA,39,60,640,739,5.28%,8.12%,86.6%,False,1,12,35,666,26,739,1.62%,4.74%,90.12%,3.52%,False,1
2111805,SITIO NOVO,MA,70,120,1.175,1.365,5.13%,8.79%,86.08%,True,1,5,44,1258,58,1365,0.37%,3.22%,92.16%,4.25%,False,1
2111904,SUCUPIRA DO NORTE,MA,41,48,565,654,6.27%,7.34%,86.39%,False,1,2,16,609,27,654,0.31%,2.45%,93.12%,4.13%,False,1
2111953,SUCUPIRA DO RIACHAO,MA,17,37,260,314,5.41%,11.78%,82.8%,False,1,3,9,293,9,314,0.96%,2.87%,93.31%,2.87%,False,1
2112001,TASSO FRAGOSO,MA,18,45,720,783,2.3%,5.75%,91.95%,False,1,5,20,723,35,783,0.64%,2.55%,92.34%,4.47%,False,1
2112100,TIMBIRAS,MA,141,177,1.278,1.596,8.83%,11.09%,80.08%,True,1,25,64,1437,70,1596,1.57%,4.01%,90.04%,4.39%,False,1
2112209,TIMON,MA,725,819,7.886,9.43,7.69%,8.69%,83.63%,True,1,306,355,7863,910,9434,3.24%,3.76%,83.35%,9.65%,False,1
2112233,TRIZIDELA DO VALE,MA,52,72,1.314,1.438,3.62%,5.01%,91.38%,True,1,11,41,1306,80,1438,0.76%,2.85%,90.82%,5.56%,False,1
2112274,TUFILANDIA,MA,32,43,392,467,6.85%,9.21%,83.94%,False,1,4,22,417,24,467,0.86%,4.71%,89.29%,5.14%,False,1
2112308,TUNTUM,MA,113,138,1.714,1.965,5.75%,7.02%,87.23%,True,1,17,52,1760,136,1965,0.87%,2.65%,89.57%,6.92%,False,1
2112407,TURIACU,MA,214,264,2.102,2.58,8.29%,10.23%,81.47%,True,1,32,133,2284,131,2580,1.24%,5.16%,88.53%,5.08%,False,1
2112456,TURILANDIA,MA,113,146,1.31,1.569,7.2%,9.31%,83.49%,True,1,11,72,1423,63,1569,0.7%,4.59%,90.69%,4.02%,False,1
2112506,TUTOIA,MA,289,280,2.894,3.463,8.35%,8.09%,83.57%,True,1,63,118,3001,281,3463,1.82%,3.41%,86.66%,8.11%,False,1
2112605,URBANO SANTOS,MA,169,219,1.501,1.889,8.95%,11.59%,79.46%,True,1,28,123,1643,95,1889,1.48%,6.51%,86.98%,5.03%,False,1
2112704,VARGEM GRANDE,MA,326,325,1.89,2.541,12.83%,12.79%,74.38%,True,1,62,146,2217,117,2542,2.44%,5.74%,87.21%,4.6%,False,1
2112803,VIANA,MA,211,249,2.549,3.009,7.01%,8.28%,84.71%,True,1,35,131,2695,148,3009,1.16%,4.35%,89.56%,4.92%,False,1
2112852,VILA NOVA DOS MARTIRIOS,MA,22,59,768,849,2.59%,6.95%,90.46%,False,1,5,24,786,34,849,0.59%,2.83%,92.58%,4%,False,1
2112902,VITORIA DO MEARIM,MA,58,121,1.503,1.682,3.45%,7.19%,89.36%,True,1,22,60,1490,110,1682,1.31%,3.57%,88.59%,6.54%,False,1
2113009,VITORINO FREIRE,MA,114,124,1.392,1.63,6.99%,7.61%,85.4%,True,1,18,50,1443,119,1630,1.1%,3.07%,88.53%,7.3%,False,1
2114007,ZE DOCA,MA,161,212,2.085,2.458,6.55%,8.62%,84.83%,True,1,16,103,2201,138,2458,0.65%,4.19%,89.54%,5.61%,False,1
2200053,ACAUA,PI,4,26,414,444,0.9%,5.86%,93.24%,False,1,0,4,407,33,444,-,0.9%,91.67%,7.43%,False,1
2200103,AGRICOLANDIA,PI,12,23,309,344,3.49%,6.69%,89.83%,False,1,1,6,305,32,344,0.29%,1.74%,88.66%,9.3%,False,1
2200202,AGUA BRANCA,PI,55,78,878,1.011,5.44%,7.72%,86.84%,True,1,7,31,904,69,1011,0.69%,3.07%,89.42%,6.82%,False,1
2200251,ALAGOINHA DO PIAUI,PI,6,20,280,306,1.96%,6.54%,91.5%,False,1,2,10,280,14,306,0.65%,3.27%,91.5%,4.58%,False,1
2200277,ALEGRETE DO PIAUI,PI,1,16,238,255,0.39%,6.27%,93.33%,False,1,1,3,233,18,255,0.39%,1.18%,91.37%,7.06%,False,1
2200301,ALTO LONGA,PI,26,40,586,652,3.99%,6.13%,89.88%,False,1,7,26,590,29,652,1.07%,3.99%,90.49%,4.45%,False,1
2200400,ALTOS,PI,129,214,2.423,2.766,4.66%,7.74%,87.6%,True,1,18,74,2503,171,2766,0.65%,2.68%,90.49%,6.18%,False,1
2200459,ALVORADA DO GURGUEIA,PI,17,18,345,380,4.47%,4.74%,90.79%,False,1,4,5,357,14,380,1.05%,1.32%,93.95%,3.68%,False,1
2200509,AMARANTE,PI,45,69,1.031,1.145,3.93%,6.03%,90.04%,True,1,19,48,1026,52,1145,1.66%,4.19%,89.61%,4.54%,False,1
2200608,ANGICAL DO PIAUI,PI,11,14,334,359,3.06%,3.9%,93.04%,False,1,3,7,330,19,359,0.84%,1.95%,91.92%,5.29%,False,1
2200707,ANISIO DE ABREU,PI,11,32,515,558,1.97%,5.73%,92.29%,False,1,1,10,418,129,558,0.18%,1.79%,74.91%,23.12%,False,1
2200806,ANTONIO ALMEIDA,PI,9,19,257,285,3.16%,6.67%,90.18%,False,1,1,10,253,21,285,0.35%,3.51%,88.77%,7.37%,False,1
2200905,AROAZES,PI,4,11,234,249,1.61%,4.42%,93.98%,False,1,1,11,235,2,249,0.4%,4.42%,94.38%,0.8%,False,1
2200954,AROEIRAS DO ITAIM,PI,6,15,125,146,4.11%,10.27%,85.62%,False,1,1,5,134,6,146,0.68%,3.42%,91.78%,4.11%,False,1
2201002,ARRAIAL,PI,16,24,279,319,5.02%,7.52%,87.46%,False,1,6,13,291,9,319,1.88%,4.08%,91.22%,2.82%,False,1
2201051,ASSUNCAO DO PIAUI,PI,67,51,323,441,15.19%,11.56%,73.24%,False,1,7,16,398,20,441,1.59%,3.63%,90.25%,4.54%,False,1
2201101,AVELINO LOPES,PI,50,47,626,723,6.92%,6.5%,86.58%,False,1,2,17,616,88,723,0.28%,2.35%,85.2%,12.17%,False,1
2201150,BAIXA GRANDE DO RIBEIRO,PI,115,103,1.147,1.365,8.42%,7.55%,84.03%,True,1,21,43,1123,178,1365,1.54%,3.15%,82.27%,13.04%,False,1
2201176,BARRA D'ALCANTARA,PI,8,9,202,219,3.65%,4.11%,92.24%,False,1,2,4,207,6,219,0.91%,1.83%,94.52%,2.74%,False,1
2201200,BARRAS,PI,143,208,2.484,2.835,5.04%,7.34%,87.62%,True,1,22,113,2538,162,2835,0.78%,3.99%,89.52%,5.71%,False,1
2201309,BARREIRAS DO PIAUI,PI,13,23,208,244,5.33%,9.43%,85.25%,False,1,2,6,229,7,244,0.82%,2.46%,93.85%,2.87%,False,1
2201408,BARRO DURO,PI,16,28,305,349,4.58%,8.02%,87.39%,False,1,5,7,312,25,349,1.43%,2.01%,89.4%,7.16%,False,1
2201507,BATALHA,PI,66,112,1.351,1.529,4.32%,7.33%,88.36%,True,1,7,42,1387,93,1529,0.46%,2.75%,90.71%,6.08%,False,1
2201556,BELA VISTA DO PIAUI,PI,2,14,284,300,0.67%,4.67%,94.67%,False,1,0,3,277,20,300,-,1%,92.33%,6.67%,False,1
2201572,BELEM DO PIAUI,PI,9,14,150,173,5.2%,8.09%,86.71%,False,1,0,2,156,15,173,-,1.16%,90.17%,8.67%,False,1
2201606,BENEDITINOS,PI,19,35,444,498,3.82%,7.03%,89.16%,False,1,6,17,448,27,498,1.2%,3.41%,89.96%,5.42%,False,1
2201705,BERTOLINIA,PI,20,24,334,378,5.29%,6.35%,88.36%,False,1,8,13,334,23,378,2.12%,3.44%,88.36%,6.08%,False,1
2201739,BETANIA DO PIAUI,PI,16,32,456,504,3.17%,6.35%,90.48%,False,1,2,6,447,49,504,0.4%,1.19%,88.69%,9.72%,False,1
2201770,BOA HORA,PI,13,34,372,419,3.1%,8.11%,88.78%,False,1,2,8,379,30,419,0.48%,1.91%,90.45%,7.16%,False,1
2201804,BOCAINA,PI,16,6,190,212,7.55%,2.83%,89.62%,False,1,4,7,187,14,212,1.89%,3.3%,88.21%,6.6%,False,1
2201903,BOM JESUS,PI,33,86,1.973,2.092,1.58%,4.11%,94.31%,True,1,12,43,1938,99,2092,0.57%,2.06%,92.64%,4.73%,False,1
2201919,BOM PRINCIPIO DO PIAUI,PI,17,24,382,423,4.02%,5.67%,90.31%,False,1,0,8,364,51,423,-,1.89%,86.05%,12.06%,False,1
2201929,BONFIM DO PIAUI,PI,19,11,322,352,5.4%,3.13%,91.48%,False,1,0,9,311,32,352,-,2.56%,88.35%,9.09%,False,1
2201945,BOQUEIRAO DO PIAUI,PI,16,42,370,428,3.74%,9.81%,86.45%,False,1,8,7,398,15,428,1.87%,1.64%,92.99%,3.5%,False,1
2201960,BRASILEIRA,PI,20,34,420,474,4.22%,7.17%,88.61%,False,1,4,15,426,29,474,0.84%,3.16%,89.87%,6.12%,False,1
2201988,BREJO DO PIAUI,PI,7,12,232,251,2.79%,4.78%,92.43%,False,1,0,5,217,29,251,-,1.99%,86.45%,11.55%,False,1
2202000,BURITI DOS LOPES,PI,50,61,946,1.057,4.73%,5.77%,89.5%,True,1,11,28,926,93,1058,1.04%,2.65%,87.52%,8.79%,False,1
2202026,BURITI DOS MONTES,PI,17,25,355,397,4.28%,6.3%,89.42%,False,1,2,13,355,27,397,0.5%,3.27%,89.42%,6.8%,False,1
2202059,CABECEIRAS DO PIAUI,PI,15,23,508,546,2.75%,4.21%,93.04%,False,1,1,13,477,55,546,0.18%,2.38%,87.36%,10.07%,False,1
2202075,CAJAZEIRAS DO PIAUI,PI,9,12,157,178,5.06%,6.74%,88.2%,False,1,1,2,166,9,178,0.56%,1.12%,93.26%,5.06%,False,1
2202083,CAJUEIRO DA PRAIA,PI,17,25,400,442,3.85%,5.66%,90.5%,False,1,2,15,390,35,442,0.45%,3.39%,88.24%,7.92%,False,1
2202091,CALDEIRAO GRANDE DO PIAUI,PI,16,16,324,356,4.49%,4.49%,91.01%,False,1,0,6,323,27,356,-,1.69%,90.73%,7.58%,False,1
2202109,CAMPINAS DO PIAUI,PI,14,18,254,286,4.9%,6.29%,88.81%,False,1,1,13,252,20,286,0.35%,4.55%,88.11%,6.99%,False,1
2202117,CAMPO ALEGRE DO FIDALGO,PI,7,20,276,303,2.31%,6.6%,91.09%,False,1,7,8,260,28,303,2.31%,2.64%,85.81%,9.24%,False,1
2202133,CAMPO GRANDE DO PIAUI,PI,15,15,257,287,5.23%,5.23%,89.55%,False,1,0,4,264,19,287,-,1.39%,91.99%,6.62%,False,1
2202174,CAMPO LARGO DO PIAUI,PI,30,39,455,524,5.73%,7.44%,86.83%,False,1,1,14,471,38,524,0.19%,2.67%,89.89%,7.25%,False,1
2202208,CAMPO MAIOR,PI,77,121,1.876,2.074,3.71%,5.83%,90.45%,True,1,8,30,1891,145,2074,0.39%,1.45%,91.18%,6.99%,False,1
2202251,CANAVIEIRA,PI,5,6,173,184,2.72%,3.26%,94.02%,False,1,1,8,168,7,184,0.54%,4.35%,91.3%,3.8%,False,1
2202307,CANTO DO BURITI,PI,65,96,1.001,1.162,5.59%,8.26%,86.14%,True,1,4,25,1025,108,1162,0.34%,2.15%,88.21%,9.29%,False,1
2202406,CAPITAO DE CAMPOS,PI,30,32,579,641,4.68%,4.99%,90.33%,False,1,4,16,580,41,641,0.62%,2.5%,90.48%,6.4%,False,1
2202455,CAPITAO GERVASIO OLIVEIRA,PI,10,10,241,261,3.83%,3.83%,92.34%,False,1,1,3,223,34,261,0.38%,1.15%,85.44%,13.03%,False,1
2202505,CARACOL,PI,29,55,577,661,4.39%,8.32%,87.29%,False,1,5,10,576,70,661,0.76%,1.51%,87.14%,10.59%,False,1
2202539,CARAUBAS DO PIAUI,PI,36,37,309,382,9.42%,9.69%,80.89%,False,1,5,12,345,20,382,1.31%,3.14%,90.31%,5.24%,False,1
2202554,CARIDADE DO PIAUI,PI,18,17,401,436,4.13%,3.9%,91.97%,False,1,2,9,391,34,436,0.46%,2.06%,89.68%,7.8%,False,1
2202604,CASTELO DO PIAUI,PI,17,70,997,1.084,1.57%,6.46%,91.97%,True,1,5,27,987,65,1084,0.46%,2.49%,91.05%,6%,False,1
2202653,CAXINGO,PI,20,30,373,423,4.73%,7.09%,88.18%,False,1,5,11,383,24,423,1.18%,2.6%,90.54%,5.67%,False,1
2202703,COCAL,PI,85,135,1.485,1.705,4.99%,7.92%,87.1%,True,1,5,58,1521,121,1705,0.29%,3.4%,89.21%,7.1%,False,1
2202711,COCAL DE TELHA,PI,12,15,250,277,4.33%,5.42%,90.25%,False,1,2,7,242,26,277,0.72%,2.53%,87.36%,9.39%,False,1
2202729,COCAL DOS ALVES,PI,20,26,400,446,4.48%,5.83%,89.69%,False,1,4,9,386,47,446,0.9%,2.02%,86.55%,10.54%,False,1
2202737,COIVARAS,PI,7,8,221,236,2.97%,3.39%,93.64%,False,1,0,5,218,13,236,-,2.12%,92.37%,5.51%,False,1
2202752,COLONIA DO GURGUEIA,PI,12,26,401,439,2.73%,5.92%,91.34%,False,1,1,14,398,26,439,0.23%,3.19%,90.66%,5.92%,False,1
2202778,COLONIA DO PIAUI,PI,11,9,353,373,2.95%,2.41%,94.64%,False,1,3,8,330,32,373,0.8%,2.14%,88.47%,8.58%,False,1
2202802,CONCEICAO DO CANINDE,PI,9,12,278,299,3.01%,4.01%,92.98%,False,1,3,10,264,22,299,1%,3.34%,88.29%,7.36%,False,1
2202851,CORONEL JOSE DIAS,PI,13,16,203,232,5.6%,6.9%,87.5%,False,1,0,8,205,19,232,-,3.45%,88.36%,8.19%,False,1
2202901,CORRENTE,PI,61,87,1.124,1.272,4.8%,6.84%,88.36%,True,1,13,37,1154,68,1272,1.02%,2.91%,90.72%,5.35%,False,1
2203008,CRISTALANDIA DO PIAUI,PI,18,25,324,367,4.9%,6.81%,88.28%,False,1,2,11,339,16,368,0.54%,2.99%,92.12%,4.35%,False,1
2203107,CRISTINO CASTRO,PI,7,26,645,678,1.03%,3.83%,95.13%,False,1,4,14,625,35,678,0.59%,2.06%,92.18%,5.16%,False,1
2203206,CURIMATA,PI,24,41,714,779,3.08%,5.26%,91.66%,False,1,4,12,720,43,779,0.51%,1.54%,92.43%,5.52%,False,1
2203230,CURRAIS,PI,27,28,349,404,6.68%,6.93%,86.39%,False,1,3,18,355,28,404,0.74%,4.46%,87.87%,6.93%,False,1
2203255,CURRALINHOS,PI,12,26,276,314,3.82%,8.28%,87.9%,False,1,10,6,280,18,314,3.18%,1.91%,89.17%,5.73%,False,1
2203271,CURRAL NOVO DO PIAUI,PI,19,24,434,477,3.98%,5.03%,90.99%,False,1,0,9,445,23,477,-,1.89%,93.29%,4.82%,False,1
2203305,DEMERVAL LOBAO,PI,47,52,1.094,1.193,3.94%,4.36%,91.7%,True,1,11,23,1081,78,1193,0.92%,1.93%,90.61%,6.54%,False,1
2203354,DIRCEU ARCOVERDE,PI,37,34,390,461,8.03%,7.38%,84.6%,False,1,7,16,380,58,461,1.52%,3.47%,82.43%,12.58%,False,1
2203404,DOM EXPEDITO LOPES,PI,6,16,376,398,1.51%,4.02%,94.47%,False,1,0,3,356,39,398,-,0.75%,89.45%,9.8%,False,1
2203420,DOMINGOS MOURAO,PI,15,14,202,231,6.49%,6.06%,87.45%,False,1,0,7,212,12,231,-,3.03%,91.77%,5.19%,False,1
2203453,DOM INOCENCIO,PI,14,21,449,484,2.89%,4.34%,92.77%,False,1,2,6,421,55,484,0.41%,1.24%,86.98%,11.36%,False,1
2203503,ELESBAO VELOSO,PI,19,38,554,611,3.11%,6.22%,90.67%,False,1,3,17,551,40,611,0.49%,2.78%,90.18%,6.55%,False,1
2203602,ELISEU MARTINS,PI,6,17,200,223,2.69%,7.62%,89.69%,False,1,1,2,214,6,223,0.45%,0.9%,95.96%,2.69%,False,1
2203701,ESPERANTINA,PI,142,189,2.494,2.825,5.03%,6.69%,88.28%,True,1,18,76,2555,176,2825,0.64%,2.69%,90.44%,6.23%,False,1
2203750,FARTURA DO PIAUI,PI,16,19,316,351,4.56%,5.41%,90.03%,False,1,1,8,315,27,351,0.28%,2.28%,89.74%,7.69%,False,1
2203800,FLORES DO PIAUI,PI,8,16,197,221,3.62%,7.24%,89.14%,False,1,1,7,197,16,221,0.45%,3.17%,89.14%,7.24%,False,1
2203859,FLORESTA DO PIAUI,PI,2,6,108,116,1.72%,5.17%,93.1%,False,1,1,1,105,9,116,0.86%,0.86%,90.52%,7.76%,False,1
2203909,FLORIANO,PI,95,158,2.882,3.135,3.03%,5.04%,91.93%,True,1,20,87,2869,159,3135,0.64%,2.78%,91.52%,5.07%,False,1
2204006,FRANCINOPOLIS,PI,12,23,247,282,4.26%,8.16%,87.59%,False,1,4,7,258,13,282,1.42%,2.48%,91.49%,4.61%,False,1
2204105,FRANCISCO AYRES,PI,8,12,228,248,3.23%,4.84%,91.94%,False,1,2,3,229,14,248,0.81%,1.21%,92.34%,5.65%,False,1
2204154,FRANCISCO MACEDO,PI,7,12,155,174,4.02%,6.9%,89.08%,False,1,1,2,150,21,174,0.57%,1.15%,86.21%,12.07%,False,1
2204204,FRANCISCO SANTOS,PI,16,22,330,368,4.35%,5.98%,89.67%,False,1,2,9,346,11,368,0.54%,2.45%,94.02%,2.99%,False,1
2204303,FRONTEIRAS,PI,39,37,359,435,8.97%,8.51%,82.53%,False,1,2,6,398,29,435,0.46%,1.38%,91.49%,6.67%,False,1
2204352,GEMINIANO,PI,17,23,298,338,5.03%,6.8%,88.17%,False,1,5,7,308,18,338,1.48%,2.07%,91.12%,5.33%,False,1
2204402,GILBUES,PI,35,43,638,716,4.89%,6.01%,89.11%,False,1,4,14,664,34,716,0.56%,1.96%,92.74%,4.75%,False,1
2204501,GUADALUPE,PI,24,34,629,687,3.49%,4.95%,91.56%,False,1,4,20,622,40,686,0.58%,2.92%,90.67%,5.83%,False,1
2204550,GUARIBAS,PI,26,27,325,378,6.88%,7.14%,85.98%,False,1,5,13,338,22,378,1.32%,3.44%,89.42%,5.82%,False,1
2204600,HUGO NAPOLEAO,PI,26,11,102,139,18.71%,7.91%,73.38%,False,1,1,4,129,5,139,0.72%,2.88%,92.81%,3.6%,False,1
2204659,ILHA GRANDE,PI,12,22,567,601,2%,3.66%,94.34%,False,1,4,10,543,44,601,0.67%,1.66%,90.35%,7.32%,False,1
2204709,INHUMA,PI,19,25,686,730,2.6%,3.42%,93.97%,False,1,2,15,651,62,730,0.27%,2.05%,89.18%,8.49%,False,1
2204808,IPIRANGA DO PIAUI,PI,14,20,399,433,3.23%,4.62%,92.15%,False,1,5,8,383,37,433,1.15%,1.85%,88.45%,8.55%,False,1
2204907,ISAIAS COELHO,PI,13,21,487,521,2.5%,4.03%,93.47%,False,1,7,12,471,31,521,1.34%,2.3%,90.4%,5.95%,False,1
2205003,ITAINOPOLIS,PI,34,33,435,502,6.77%,6.57%,86.65%,False,1,8,6,449,39,502,1.59%,1.2%,89.44%,7.77%,False,1
2205102,ITAUEIRA,PI,12,18,455,485,2.47%,3.71%,93.81%,False,1,0,7,440,38,485,-,1.44%,90.72%,7.84%,False,1
2205151,JACOBINA DO PIAUI,PI,16,19,330,365,4.38%,5.21%,90.41%,False,1,4,12,315,34,365,1.1%,3.29%,86.3%,9.32%,False,1
2205201,JAICOS,PI,87,94,855,1.036,8.4%,9.07%,82.53%,True,1,16,45,911,64,1036,1.54%,4.34%,87.93%,6.18%,False,1
2205250,JARDIM DO MULATO,PI,10,14,227,251,3.98%,5.58%,90.44%,False,1,1,5,232,13,251,0.4%,1.99%,92.43%,5.18%,False,1
2205276,JATOBA DO PIAUI,PI,7,3,185,195,3.59%,1.54%,94.87%,False,1,2,3,178,12,195,1.03%,1.54%,91.28%,6.15%,False,1
2205300,JERUMENHA,PI,13,14,172,199,6.53%,7.04%,86.43%,False,1,3,5,171,20,199,1.51%,2.51%,85.93%,10.05%,False,1
2205359,JOAO COSTA,PI,6,11,159,176,3.41%,6.25%,90.34%,False,1,0,3,163,10,176,-,1.7%,92.61%,5.68%,False,1
2205409,JOAQUIM PIRES,PI,35,62,722,819,4.27%,7.57%,88.16%,False,1,4,23,737,55,819,0.49%,2.81%,89.99%,6.72%,False,1
2205458,JOCA MARQUES,PI,21,16,322,359,5.85%,4.46%,89.69%,False,1,3,13,262,81,359,0.84%,3.62%,72.98%,22.56%,False,1
2205508,JOSE DE FREITAS,PI,61,151,2.169,2.381,2.56%,6.34%,91.1%,True,1,15,47,2157,162,2381,0.63%,1.97%,90.59%,6.8%,False,1
2205516,JUAZEIRO DO PIAUI,PI,12,15,237,264,4.55%,5.68%,89.77%,False,1,0,5,243,16,264,-,1.89%,92.05%,6.06%,False,1
2205524,JULIO BORGES,PI,14,29,332,375,3.73%,7.73%,88.53%,False,1,3,15,337,20,375,0.8%,4%,89.87%,5.33%,False,1
2205532,JUREMA,PI,7,14,355,376,1.86%,3.72%,94.41%,False,1,2,6,328,40,376,0.53%,1.6%,87.23%,10.64%,False,1
2205540,LAGOINHA DO PIAUI,PI,6,16,134,156,3.85%,10.26%,85.9%,False,1,0,5,144,7,156,-,3.21%,92.31%,4.49%,False,1
2205557,LAGOA ALEGRE,PI,17,33,485,535,3.18%,6.17%,90.65%,False,1,2,19,472,42,535,0.37%,3.55%,88.22%,7.85%,False,1
2205565,LAGOA DO BARRO DO PIAUI,PI,17,24,314,355,4.79%,6.76%,88.45%,False,1,7,5,310,33,355,1.97%,1.41%,87.32%,9.3%,False,1
2205573,LAGOA DE SAO FRANCISCO,PI,11,16,349,376,2.93%,4.26%,92.82%,False,1,1,14,326,35,376,0.27%,3.72%,86.7%,9.31%,False,1
2205581,LAGOA DO PIAUI,PI,13,12,225,250,5.2%,4.8%,90%,False,1,2,6,230,12,250,0.8%,2.4%,92%,4.8%,False,1
2205599,LAGOA DO SITIO,PI,11,9,246,266,4.14%,3.38%,92.48%,False,1,3,7,241,15,266,1.13%,2.63%,90.6%,5.64%,False,1
2205607,LANDRI SALES,PI,6,24,311,341,1.76%,7.04%,91.2%,False,1,1,11,298,31,341,0.29%,3.23%,87.39%,9.09%,False,1
2205706,LUIS CORREIA,PI,72,89,1.443,1.604,4.49%,5.55%,89.96%,True,1,13,41,1358,192,1604,0.81%,2.56%,84.66%,11.97%,False,1
2205805,LUZILANDIA,PI,89,98,1.168,1.355,6.57%,7.23%,86.2%,True,1,7,29,1189,131,1356,0.52%,2.14%,87.68%,9.66%,False,1
2205854,MADEIRO,PI,35,47,479,561,6.24%,8.38%,85.38%,False,1,6,18,504,33,561,1.07%,3.21%,89.84%,5.88%,False,1
2205904,MANOEL EMIDIO,PI,9,20,282,311,2.89%,6.43%,90.68%,False,1,1,4,293,13,311,0.32%,1.29%,94.21%,4.18%,False,1
2205953,MARCOLANDIA,PI,31,38,690,759,4.08%,5.01%,90.91%,False,1,4,9,697,49,759,0.53%,1.19%,91.83%,6.46%,False,1
2206001,MARCOS PARENTE,PI,3,8,244,255,1.18%,3.14%,95.69%,False,1,4,7,233,11,255,1.57%,2.75%,91.37%,4.31%,False,1
2206050,MASSAPE DO PIAUI,PI,19,21,206,246,7.72%,8.54%,83.74%,False,1,2,6,209,29,246,0.81%,2.44%,84.96%,11.79%,False,1
2206100,MATIAS OLIMPIO,PI,14,31,765,810,1.73%,3.83%,94.44%,False,1,7,11,726,66,810,0.86%,1.36%,89.63%,8.15%,False,1
2206209,MIGUEL ALVES,PI,163,227,1.843,2.233,7.3%,10.17%,82.53%,True,1,37,98,1976,122,2233,1.66%,4.39%,88.49%,5.46%,False,1
2206308,MIGUEL LEAO,PI,2,5,73,80,2.5%,6.25%,91.25%,False,1,0,0,73,7,80,-,-,91.25%,8.75%,False,1
2206357,MILTON BRANDAO,PI,6,14,340,360,1.67%,3.89%,94.44%,False,1,0,7,329,24,360,-,1.94%,91.39%,6.67%,False,1
2206407,MONSENHOR GIL,PI,37,34,471,542,6.83%,6.27%,86.9%,False,1,7,17,475,43,542,1.29%,3.14%,87.64%,7.93%,False,1
2206506,MONSENHOR HIPOLITO,PI,29,34,377,440,6.59%,7.73%,85.68%,False,1,0,13,403,24,440,-,2.95%,91.59%,5.45%,False,1
2206605,MONTE ALEGRE DO PIAUI,PI,52,59,607,718,7.24%,8.22%,84.54%,False,1,6,20,648,44,718,0.84%,2.79%,90.25%,6.13%,False,1
2206654,MORRO CABECA NO TEMPO,PI,53,32,274,359,14.76%,8.91%,76.32%,False,1,5,11,310,33,359,1.39%,3.06%,86.35%,9.19%,False,1
2206670,MORRO DO CHAPEU DO PIAUI,PI,17,43,447,507,3.35%,8.48%,88.17%,False,1,2,18,471,16,507,0.39%,3.55%,92.9%,3.16%,False,1
2206696,MURICI DOS PORTELAS,PI,24,27,417,468,5.13%,5.77%,89.1%,False,1,6,19,399,44,468,1.28%,4.06%,85.26%,9.4%,False,1
2206704,NAZARE DO PIAUI,PI,14,20,362,396,3.54%,5.05%,91.41%,False,1,8,12,347,29,396,2.02%,3.03%,87.63%,7.32%,False,1
2206720,NAZARIA,PI,21,63,649,733,2.86%,8.59%,88.54%,False,1,6,18,673,36,733,0.82%,2.46%,91.81%,4.91%,False,1
2206753,NOSSA SENHORA DE NAZARE,PI,9,19,231,259,3.47%,7.34%,89.19%,False,1,3,12,227,17,259,1.16%,4.63%,87.64%,6.56%,False,1
2206803,NOSSA SENHORA DOS REMEDIOS,PI,39,40,520,599,6.51%,6.68%,86.81%,False,1,13,29,528,29,599,2.17%,4.84%,88.15%,4.84%,False,1
2206902,NOVO ORIENTE DO PIAUI,PI,7,18,217,242,2.89%,7.44%,89.67%,False,1,2,8,220,12,242,0.83%,3.31%,90.91%,4.96%,False,1
2206951,NOVO SANTO ANTONIO,PI,9,9,135,153,5.88%,5.88%,88.24%,False,1,4,3,131,15,153,2.61%,1.96%,85.62%,9.8%,False,1
2207009,OEIRAS,PI,54,97,1.808,1.959,2.76%,4.95%,92.29%,True,1,8,45,1780,126,1959,0.41%,2.3%,90.86%,6.43%,False,1
2207108,OLHO D'AGUA DO PIAUI,PI,11,9,98,118,9.32%,7.63%,83.05%,False,1,2,11,97,8,118,1.69%,9.32%,82.2%,6.78%,False,1
2207207,PADRE MARCOS,PI,16,23,289,328,4.88%,7.01%,88.11%,False,1,2,1,292,33,328,0.61%,0.3%,89.02%,10.06%,False,1
2207306,PAES LANDIM,PI,3,14,222,239,1.26%,5.86%,92.89%,False,1,0,2,211,26,239,-,0.84%,88.28%,10.88%,False,1
2207355,PAJEU DO PIAUI,PI,4,7,106,117,3.42%,5.98%,90.6%,False,1,2,6,101,8,117,1.71%,5.13%,86.32%,6.84%,False,1
2207405,PALMEIRA DO PIAUI,PI,8,21,273,302,2.65%,6.95%,90.4%,False,1,1,12,276,13,302,0.33%,3.97%,91.39%,4.3%,False,1
2207504,PALMEIRAIS,PI,35,62,752,849,4.12%,7.3%,88.57%,False,1,9,36,754,50,849,1.06%,4.24%,88.81%,5.89%,False,1
2207553,PAQUETA,PI,7,3,181,191,3.66%,1.57%,94.76%,False,1,1,2,172,16,191,0.52%,1.05%,90.05%,8.38%,False,1
2207603,PARNAGUA,PI,61,40,513,614,9.93%,6.51%,83.55%,False,1,3,19,552,40,614,0.49%,3.09%,89.9%,6.51%,False,1
2207702,PARNAIBA,PI,265,415,5.106,5.786,4.58%,7.17%,88.25%,True,1,47,140,5101,498,5786,0.81%,2.42%,88.16%,8.61%,False,1
2207751,PASSAGEM FRANCA DO PIAUI,PI,19,14,184,217,8.76%,6.45%,84.79%,False,1,4,4,195,14,217,1.84%,1.84%,89.86%,6.45%,False,1
2207777,PATOS DO PIAUI,PI,2,9,226,237,0.84%,3.8%,95.36%,False,1,1,3,218,15,237,0.42%,1.27%,91.98%,6.33%,False,1
2207793,PAU D'ARCO DO PIAUI,PI,20,27,173,220,9.09%,12.27%,78.64%,False,1,2,7,197,14,220,0.91%,3.18%,89.55%,6.36%,False,1
2207801,PAULISTANA,PI,142,133,1.098,1.373,10.34%,9.69%,79.97%,True,1,14,42,1210,107,1373,1.02%,3.06%,88.13%,7.79%,False,1
2207850,PAVUSSU,PI,17,13,211,241,7.05%,5.39%,87.55%,False,1,0,4,223,14,241,-,1.66%,92.53%,5.81%,False,1
2207900,PEDRO II,PI,82,128,2.064,2.274,3.61%,5.63%,90.77%,True,1,6,53,2016,199,2274,0.26%,2.33%,88.65%,8.75%,False,1
2207934,PEDRO LAURENTINO,PI,10,7,130,147,6.8%,4.76%,88.44%,False,1,1,4,123,19,147,0.68%,2.72%,83.67%,12.93%,False,1
2207959,NOVA SANTA RITA,PI,12,16,254,282,4.26%,5.67%,90.07%,False,1,2,3,254,23,282,0.71%,1.06%,90.07%,8.16%,False,1
2208007,PICOS,PI,84,165,3.018,3.267,2.57%,5.05%,92.38%,True,1,21,56,2949,241,3267,0.64%,1.71%,90.27%,7.38%,False,1
2208106,PIMENTEIRAS,PI,29,41,449,519,5.59%,7.9%,86.51%,False,1,3,15,473,28,519,0.58%,2.89%,91.14%,5.39%,False,1
2208205,PIO IX,PI,43,45,974,1.062,4.05%,4.24%,91.71%,True,1,6,25,957,74,1062,0.56%,2.35%,90.11%,6.97%,False,1
2208304,PIRACURUCA,PI,51,93,1.495,1.639,3.11%,5.67%,91.21%,True,1,15,50,1403,171,1639,0.92%,3.05%,85.6%,10.43%,False,1
2208403,PIRIPIRI,PI,165,213,2.88,3.258,5.06%,6.54%,88.4%,True,1,15,62,2670,511,3258,0.46%,1.9%,81.95%,15.68%,False,1
2208502,PORTO,PI,38,78,879,995,3.82%,7.84%,88.34%,False,1,8,35,902,50,995,0.8%,3.52%,90.65%,5.03%,False,1
2208551,PORTO ALEGRE DO PIAUI,PI,6,11,182,199,3.02%,5.53%,91.46%,False,1,2,3,188,6,199,1.01%,1.51%,94.47%,3.02%,False,1
2208601,PRATA DO PIAUI,PI,3,6,194,203,1.48%,2.96%,95.57%,False,1,0,8,186,9,203,-,3.94%,91.63%,4.43%,False,1
2208650,QUEIMADA NOVA,PI,25,34,436,495,5.05%,6.87%,88.08%,False,1,2,12,436,45,495,0.4%,2.42%,88.08%,9.09%,False,1
2208700,REDENCAO DO GURGUEIA,PI,39,44,526,609,6.4%,7.22%,86.37%,False,1,9,34,532,34,609,1.48%,5.58%,87.36%,5.58%,False,1
2208809,REGENERACAO,PI,76,84,1.019,1.179,6.45%,7.12%,86.43%,True,1,11,51,1017,100,1179,0.93%,4.33%,86.26%,8.48%,False,1
2208858,RIACHO FRIO,PI,13,26,273,312,4.17%,8.33%,87.5%,False,1,4,14,288,6,312,1.28%,4.49%,92.31%,1.92%,False,1
2208874,RIBEIRA DO PIAUI,PI,12,12,205,229,5.24%,5.24%,89.52%,False,1,3,3,211,12,229,1.31%,1.31%,92.14%,5.24%,False,1
2208908,RIBEIRO GONCALVES,PI,16,23,323,362,4.42%,6.35%,89.23%,False,1,3,16,320,23,362,0.83%,4.42%,88.4%,6.35%,False,1
2209005,RIO GRANDE DO PIAUI,PI,15,28,293,336,4.46%,8.33%,87.2%,False,1,3,12,301,20,336,0.89%,3.57%,89.58%,5.95%,False,1
2209104,SANTA CRUZ DO PIAUI,PI,14,13,261,288,4.86%,4.51%,90.63%,False,1,1,3,254,30,288,0.35%,1.04%,88.19%,10.42%,False,1
2209153,SANTA CRUZ DOS MILAGRES,PI,2,17,155,174,1.15%,9.77%,89.08%,False,1,2,2,167,3,174,1.15%,1.15%,95.98%,1.72%,False,1
2209203,SANTA FILOMENA,PI,23,33,366,422,5.45%,7.82%,86.73%,False,1,3,10,379,30,422,0.71%,2.37%,89.81%,7.11%,False,1
2209302,SANTA LUZ,PI,26,31,261,318,8.18%,9.75%,82.08%,False,1,3,5,303,7,318,0.94%,1.57%,95.28%,2.2%,False,1
2209351,SANTANA DO PIAUI,PI,10,4,205,219,4.57%,1.83%,93.61%,False,1,3,4,198,14,219,1.37%,1.83%,90.41%,6.39%,False,1
2209377,SANTA ROSA DO PIAUI,PI,5,14,223,242,2.07%,5.79%,92.15%,False,1,3,1,231,7,242,1.24%,0.41%,95.45%,2.89%,False,1
2209401,SANTO ANTONIO DE LISBOA,PI,11,10,298,319,3.45%,3.13%,93.42%,False,1,4,4,287,24,319,1.25%,1.25%,89.97%,7.52%,False,1
2209450,SANTO ANTONIO DOS MILAGRES,PI,3,3,123,129,2.33%,2.33%,95.35%,False,1,1,2,115,11,129,0.78%,1.55%,89.15%,8.53%,False,1
2209500,SANTO INACIO DO PIAUI,PI,1,5,205,211,0.47%,2.37%,97.16%,False,1,1,0,191,19,211,0.47%,-,90.52%,9%,False,1
2209559,SAO BRAZ DO PIAUI,PI,14,17,263,294,4.76%,5.78%,89.46%,False,1,0,4,254,36,294,-,1.36%,86.39%,12.24%,False,1
2209609,SAO FELIX DO PIAUI,PI,2,5,129,136,1.47%,3.68%,94.85%,False,1,2,3,127,4,136,1.47%,2.21%,93.38%,2.94%,False,1
2209658,SAO FRANCISCO DE ASSIS DO PIAUI,PI,13,12,339,364,3.57%,3.3%,93.13%,False,1,3,5,313,43,364,0.82%,1.37%,85.99%,11.81%,False,1
2209708,SAO FRANCISCO DO PIAUI,PI,14,16,237,267,5.24%,5.99%,88.76%,False,1,1,9,241,16,267,0.37%,3.37%,90.26%,5.99%,False,1
2209757,SAO GONCALO DO GURGUEIA,PI,17,21,212,250,6.8%,8.4%,84.8%,False,1,3,7,233,7,250,1.2%,2.8%,93.2%,2.8%,False,1
2209807,SAO GONCALO DO PIAUI,PI,15,18,213,246,6.1%,7.32%,86.59%,False,1,0,8,223,15,246,-,3.25%,90.65%,6.1%,False,1
2209856,SAO JOAO DA CANABRAVA,PI,5,12,221,238,2.1%,5.04%,92.86%,False,1,1,6,216,15,238,0.42%,2.52%,90.76%,6.3%,False,1
2209872,SAO JOAO DA FRONTEIRA,PI,24,19,334,377,6.37%,5.04%,88.59%,False,1,3,5,348,21,377,0.8%,1.33%,92.31%,5.57%,False,1
2209906,SAO JOAO DA SERRA,PI,16,18,274,308,5.19%,5.84%,88.96%,False,1,2,8,282,16,308,0.65%,2.6%,91.56%,5.19%,False,1
2209955,SAO JOAO DA VARJOTA,PI,11,13,228,252,4.37%,5.16%,90.48%,False,1,3,3,215,31,252,1.19%,1.19%,85.32%,12.3%,False,1
2209971,SAO JOAO DO ARRAIAL,PI,36,52,529,617,5.83%,8.43%,85.74%,False,1,4,22,548,43,617,0.65%,3.57%,88.82%,6.97%,False,1
2210003,SAO JOAO DO PIAUI,PI,66,73,1.108,1.247,5.29%,5.85%,88.85%,True,1,11,32,1097,107,1247,0.88%,2.57%,87.97%,8.58%,False,1
2210052,SAO JOSE DO DIVINO,PI,3,23,322,348,0.86%,6.61%,92.53%,False,1,2,10,316,20,348,0.57%,2.87%,90.8%,5.75%,False,1
2210102,SAO JOSE DO PEIXE,PI,8,9,146,163,4.91%,5.52%,89.57%,False,1,0,1,157,5,163,-,0.61%,96.32%,3.07%,False,1
2210201,SAO JOSE DO PIAUI,PI,13,21,338,372,3.49%,5.65%,90.86%,False,1,1,7,335,29,372,0.27%,1.88%,90.05%,7.8%,False,1
2210300,SAO JULIAO,PI,15,12,272,299,5.02%,4.01%,90.97%,False,1,2,6,272,19,299,0.67%,2.01%,90.97%,6.35%,False,1
2210359,SAO LOURENCO DO PIAUI,PI,8,7,160,175,4.57%,4%,91.43%,False,1,0,2,153,20,175,-,1.14%,87.43%,11.43%,False,1
2210375,SAO LUIS DO PIAUI,PI,12,7,76,95,12.63%,7.37%,80%,False,1,1,5,84,5,95,1.05%,5.26%,88.42%,5.26%,False,1
2210383,SAO MIGUEL DA BAIXA GRANDE,PI,23,7,80,110,20.91%,6.36%,72.73%,False,1,1,2,83,24,110,0.91%,1.82%,75.45%,21.82%,False,1
2210391,SAO MIGUEL DO FIDALGO,PI,3,8,155,166,1.81%,4.82%,93.37%,False,1,2,8,152,4,166,1.2%,4.82%,91.57%,2.41%,False,1
2210409,SAO MIGUEL DO TAPUIO,PI,12,30,836,878,1.37%,3.42%,95.22%,False,1,4,17,804,53,878,0.46%,1.94%,91.57%,6.04%,False,1
2210508,SAO PEDRO DO PIAUI,PI,19,53,881,953,1.99%,5.56%,92.44%,False,1,14,29,876,34,953,1.47%,3.04%,91.92%,3.57%,False,1
2210607,SAO RAIMUNDO NONATO,PI,82,125,1.931,2.138,3.84%,5.85%,90.32%,True,1,21,46,1906,165,2138,0.98%,2.15%,89.15%,7.72%,False,1
2210623,SEBASTIAO BARROS,PI,10,18,150,178,5.62%,10.11%,84.27%,False,1,2,10,160,6,178,1.12%,5.62%,89.89%,3.37%,False,1
2210631,SEBASTIAO LEAL,PI,14,28,323,365,3.84%,7.67%,88.49%,False,1,5,7,327,26,365,1.37%,1.92%,89.59%,7.12%,False,1
2210656,SIGEFREDO PACHECO,PI,18,16,395,429,4.2%,3.73%,92.07%,False,1,2,12,386,29,429,0.47%,2.8%,89.98%,6.76%,False,1
2210706,SIMOES,PI,7,27,857,891,0.79%,3.03%,96.18%,False,1,7,15,803,66,891,0.79%,1.68%,90.12%,7.41%,False,1
2210805,SIMPLICIO MENDES,PI,108,66,633,807,13.38%,8.18%,78.44%,False,1,1,23,729,54,807,0.12%,2.85%,90.33%,6.69%,False,1
2210904,SOCORRO DO PIAUI,PI,7,11,226,244,2.87%,4.51%,92.62%,False,1,3,5,211,25,244,1.23%,2.05%,86.48%,10.25%,False,1
2210938,SUSSUAPARA,PI,25,25,308,358,6.98%,6.98%,86.03%,False,1,7,10,316,25,358,1.96%,2.79%,88.27%,6.98%,False,1
2210953,TAMBORIL DO PIAUI,PI,11,13,139,163,6.75%,7.98%,85.28%,False,1,1,4,148,10,163,0.61%,2.45%,90.8%,6.13%,False,1
2210979,TANQUE DO PIAUI,PI,12,14,125,151,7.95%,9.27%,82.78%,False,1,1,5,139,6,151,0.66%,3.31%,92.05%,3.97%,False,1
2211001,TERESINA,PI,641,1.415,25.837,27.893,2.3%,5.07%,92.63%,True,1,165,658,25429,1641,27893,0.59%,2.36%,91.17%,5.88%,False,1
2211100,UNIAO,PI,94,202,2.735,3.031,3.1%,6.66%,90.23%,True,1,23,85,2755,168,3031,0.76%,2.8%,90.89%,5.54%,False,1
2211209,URUCUI,PI,113,130,1.638,1.881,6.01%,6.91%,87.08%,True,1,15,50,1686,130,1881,0.8%,2.66%,89.63%,6.91%,False,1
2211308,VALENCA DO PIAUI,PI,25,46,806,877,2.85%,5.25%,91.9%,False,1,4,30,793,50,877,0.46%,3.42%,90.42%,5.7%,False,1
2211357,VARZEA BRANCA,PI,26,31,303,360,7.22%,8.61%,84.17%,False,1,3,9,323,25,360,0.83%,2.5%,89.72%,6.94%,False,1
2211407,VARZEA GRANDE,PI,12,10,233,255,4.71%,3.92%,91.37%,False,1,3,8,227,17,255,1.18%,3.14%,89.02%,6.67%,False,1
2211506,VERA MENDES,PI,7,19,186,212,3.3%,8.96%,87.74%,False,1,0,4,199,9,212,-,1.89%,93.87%,4.25%,False,1
2211605,VILA NOVA DO PIAUI,PI,5,8,133,146,3.42%,5.48%,91.1%,False,1,1,2,133,10,146,0.68%,1.37%,91.1%,6.85%,False,1
2211704,WALL FERRAZ,PI,10,7,158,175,5.71%,4%,90.29%,False,1,2,2,155,16,175,1.14%,1.14%,88.57%,9.14%,False,1
2300101,ABAIARA,CE,12,42,528,582,2.06%,7.22%,90.72%,False,1,2,11,515,54,582,0.34%,1.89%,88.49%,9.28%,False,1
2300150,ACARAPE,CE,49,59,788,896,5.47%,6.58%,87.95%,False,1,9,18,758,111,896,1%,2.01%,84.6%,12.39%,False,1
2300200,ACARAU,CE,145,239,4.272,4.656,3.11%,5.13%,91.75%,True,1,22,70,4013,552,4657,0.47%,1.5%,86.17%,11.85%,False,1
2300309,ACOPIARA,CE,108,152,1.894,2.154,5.01%,7.06%,87.93%,True,1,16,79,1882,177,2154,0.74%,3.67%,87.37%,8.22%,False,1
2300408,AIUABA,CE,48,56,671,775,6.19%,7.23%,86.58%,False,1,5,19,701,50,775,0.65%,2.45%,90.45%,6.45%,False,1
2300507,ALCANTARAS,CE,15,28,638,681,2.2%,4.11%,93.69%,False,1,2,15,603,61,681,0.29%,2.2%,88.55%,8.96%,False,1
2300606,ALTANEIRA,CE,20,25,405,450,4.44%,5.56%,90%,False,1,4,5,398,43,450,0.89%,1.11%,88.44%,9.56%,False,1
2300705,ALTO SANTO,CE,43,58,648,749,5.74%,7.74%,86.52%,False,1,4,10,664,71,749,0.53%,1.34%,88.65%,9.48%,False,1
2300754,AMONTADA,CE,102,167,3.041,3.31,3.08%,5.05%,91.87%,True,1,16,44,2918,332,3310,0.48%,1.33%,88.16%,10.03%,False,1
2300804,ANTONINA DO NORTE,CE,11,18,408,437,2.52%,4.12%,93.36%,False,1,4,7,384,42,437,0.92%,1.6%,87.87%,9.61%,False,1
2300903,APUIARES,CE,32,49,651,732,4.37%,6.69%,88.93%,False,1,3,17,623,89,732,0.41%,2.32%,85.11%,12.16%,False,1
2301000,AQUIRAZ,CE,211,318,4.381,4.91,4.3%,6.48%,89.23%,True,1,33,84,4118,675,4910,0.67%,1.71%,83.87%,13.75%,False,1
2301109,ARACATI,CE,173,195,2.692,3.06,5.65%,6.37%,87.97%,True,1,30,69,2610,351,3060,0.98%,2.25%,85.29%,11.47%,False,1
2301208,ARACOIABA,CE,67,79,1.247,1.393,4.81%,5.67%,89.52%,True,1,13,27,1176,177,1393,0.93%,1.94%,84.42%,12.71%,False,1
2301257,ARARENDA,CE,38,29,629,696,5.46%,4.17%,90.37%,False,1,8,14,582,92,696,1.15%,2.01%,83.62%,13.22%,False,1
2301307,ARARIPE,CE,79,97,1.234,1.41,5.6%,6.88%,87.52%,True,1,16,32,1250,112,1410,1.13%,2.27%,88.65%,7.94%,False,1
2301406,ARATUBA,CE,19,52,540,611,3.11%,8.51%,88.38%,False,1,0,9,534,68,611,-,1.47%,87.4%,11.13%,False,1
2301505,ARNEIROZ,CE,4,16,327,347,1.15%,4.61%,94.24%,False,1,0,2,320,25,347,-,0.58%,92.22%,7.2%,False,1
2301604,ASSARE,CE,71,68,1.227,1.366,5.2%,4.98%,89.82%,True,1,14,27,1204,121,1366,1.02%,1.98%,88.14%,8.86%,False,1
2301703,AURORA,CE,84,114,813,1.011,8.31%,11.28%,80.42%,True,1,3,29,913,66,1011,0.3%,2.87%,90.31%,6.53%,False,1
2301802,BAIXIO,CE,40,23,208,271,14.76%,8.49%,76.75%,False,1,6,12,214,39,271,2.21%,4.43%,78.97%,14.39%,False,1
2301851,BANABUIU,CE,85,72,879,1.036,8.2%,6.95%,84.85%,True,1,9,20,902,105,1036,0.87%,1.93%,87.07%,10.14%,False,1
2301901,BARBALHA,CE,165,229,3.315,3.709,4.45%,6.17%,89.38%,True,1,42,86,3298,283,3709,1.13%,2.32%,88.92%,7.63%,False,1
2301950,BARREIRA,CE,75,84,1.134,1.293,5.8%,6.5%,87.7%,True,1,11,22,1088,172,1293,0.85%,1.7%,84.15%,13.3%,False,1
2302008,BARRO,CE,27,58,782,867,3.11%,6.69%,90.2%,False,1,5,18,770,74,867,0.58%,2.08%,88.81%,8.54%,False,1
2302057,BARROQUINHA,CE,35,72,1.018,1.125,3.11%,6.4%,90.49%,True,1,5,14,1001,105,1125,0.44%,1.24%,88.98%,9.33%,False,1
2302107,BATURITE,CE,167,137,1.459,1.763,9.47%,7.77%,82.76%,True,1,33,49,1466,215,1763,1.87%,2.78%,83.15%,12.2%,False,1
2302206,BEBERIBE,CE,103,122,2.509,2.734,3.77%,4.46%,91.77%,True,1,11,32,2349,343,2735,0.4%,1.17%,85.89%,12.54%,False,1
2302305,BELA CRUZ,CE,48,71,1.858,1.977,2.43%,3.59%,93.98%,True,1,9,25,1727,216,1977,0.46%,1.26%,87.35%,10.93%,False,1
2302404,BOA VIAGEM,CE,143,156,2.391,2.69,5.32%,5.8%,88.88%,True,1,37,44,2327,282,2690,1.38%,1.64%,86.51%,10.48%,False,1
2302503,BREJO SANTO,CE,116,183,2.892,3.191,3.64%,5.73%,90.63%,True,1,31,75,2833,252,3191,0.97%,2.35%,88.78%,7.9%,False,1
2302602,CAMOCIM,CE,159,253,3.234,3.646,4.36%,6.94%,88.7%,True,1,25,62,3248,311,3646,0.69%,1.7%,89.08%,8.53%,False,1
2302701,CAMPOS SALES,CE,48,93,1.174,1.315,3.65%,7.07%,89.28%,True,1,14,22,1178,101,1315,1.06%,1.67%,89.58%,7.68%,False,1
2302800,CANINDE,CE,251,274,3.521,4.046,6.2%,6.77%,87.02%,True,1,29,90,3564,363,4046,0.72%,2.22%,88.09%,8.97%,False,1
2302909,CAPISTRANO,CE,52,66,734,852,6.1%,7.75%,86.15%,False,1,9,19,701,123,852,1.06%,2.23%,82.28%,14.44%,False,1
2303006,CARIDADE,CE,77,77,1.014,1.168,6.59%,6.59%,86.82%,True,1,12,35,938,183,1168,1.03%,3%,80.31%,15.67%,False,1
2303105,CARIRE,CE,56,57,832,945,5.93%,6.03%,88.04%,False,1,5,27,828,85,945,0.53%,2.86%,87.62%,8.99%,False,1
2303204,CARIRIACU,CE,43,81,1.672,1.796,2.39%,4.51%,93.1%,True,1,8,33,1616,139,1796,0.45%,1.84%,89.98%,7.74%,False,1
2303303,CARIUS,CE,29,47,739,815,3.56%,5.77%,90.67%,False,1,4,6,732,73,815,0.49%,0.74%,89.82%,8.96%,False,1
2303402,CARNAUBAL,CE,32,53,1.033,1.118,2.86%,4.74%,92.4%,True,1,5,22,999,92,1118,0.45%,1.97%,89.36%,8.23%,False,1
2303501,CASCAVEL,CE,138,218,3.363,3.719,3.71%,5.86%,90.43%,True,1,9,42,3164,503,3718,0.24%,1.13%,85.1%,13.53%,False,1
2303600,CATARINA,CE,38,46,600,684,5.56%,6.73%,87.72%,False,1,2,8,574,100,684,0.29%,1.17%,83.92%,14.62%,False,1
2303659,CATUNDA,CE,24,46,469,539,4.45%,8.53%,87.01%,False,1,5,3,447,84,539,0.93%,0.56%,82.93%,15.58%,False,1
2303709,CAUCAIA,CE,578,840,12.895,14.313,4.04%,5.87%,90.09%,True,1,56,219,12316,1721,14312,0.39%,1.53%,86.05%,12.02%,False,1
2303808,CEDRO,CE,13,44,905,962,1.35%,4.57%,94.07%,False,1,8,33,833,88,962,0.83%,3.43%,86.59%,9.15%,False,1
2303907,CHAVAL,CE,30,44,736,810,3.7%,5.43%,90.86%,False,1,7,17,717,69,810,0.86%,2.1%,88.52%,8.52%,False,1
2303931,CHORO,CE,26,54,588,668,3.89%,8.08%,88.02%,False,1,2,13,570,83,668,0.3%,1.95%,85.33%,12.43%,False,1
2303956,CHOROZINHO,CE,88,91,968,1.147,7.67%,7.93%,84.39%,True,1,16,48,929,154,1147,1.39%,4.18%,80.99%,13.43%,False,1
2304004,COREAU,CE,77,100,1.252,1.429,5.39%,7%,87.61%,True,1,21,30,1242,136,1429,1.47%,2.1%,86.91%,9.52%,False,1
2304103,CRATEUS,CE,389,218,2.578,3.185,12.21%,6.84%,80.94%,True,1,38,85,2705,356,3184,1.19%,2.67%,84.96%,11.18%,False,1
2304202,CRATO,CE,236,398,5.599,6.233,3.79%,6.39%,89.83%,True,1,58,137,5493,545,6233,0.93%,2.2%,88.13%,8.74%,False,1
2304236,CROATA,CE,25,36,1.031,1.092,2.29%,3.3%,94.41%,True,1,6,12,955,119,1092,0.55%,1.1%,87.45%,10.9%,False,1
2304251,CRUZ,CE,42,92,2.439,2.573,1.63%,3.58%,94.79%,True,1,12,25,2302,234,2573,0.47%,0.97%,89.47%,9.09%,False,1
2304269,DEPUTADO IRAPUAN PINHEIRO,CE,8,19,414,441,1.81%,4.31%,93.88%,False,1,0,7,387,47,441,-,1.59%,87.76%,10.66%,False,1
2304277,ERERE,CE,14,16,263,293,4.78%,5.46%,89.76%,False,1,2,6,255,30,293,0.68%,2.05%,87.03%,10.24%,False,1
2304285,EUSEBIO,CE,179,271,3.21,3.66,4.89%,7.4%,87.7%,True,1,29,64,3185,382,3660,0.79%,1.75%,87.02%,10.44%,False,1
2304301,FARIAS BRITO,CE,29,48,925,1.002,2.89%,4.79%,92.32%,True,1,1,25,902,74,1002,0.1%,2.5%,90.02%,7.39%,False,1
2304350,FORQUILHA,CE,80,95,1.032,1.207,6.63%,7.87%,85.5%,True,1,20,29,1009,149,1207,1.66%,2.4%,83.6%,12.34%,False,1
2304400,FORTALEZA,CE,2.904,5.076,73.904,81.884,3.55%,6.2%,90.25%,True,1,444,1254,71586,8601,81885,0.54%,1.53%,87.42%,10.5%,False,1
2304459,FORTIM,CE,56,73,946,1.075,5.21%,6.79%,88%,True,1,6,22,905,142,1075,0.56%,2.05%,84.19%,13.21%,False,1
2304509,FRECHEIRINHA,CE,56,78,867,1.001,5.59%,7.79%,86.61%,True,1,11,17,860,113,1001,1.1%,1.7%,85.91%,11.29%,False,1
2304608,GENERAL SAMPAIO,CE,22,25,378,425,5.18%,5.88%,88.94%,False,1,1,9,356,59,425,0.24%,2.12%,83.76%,13.88%,False,1
2304657,GRACA,CE,31,31,712,774,4.01%,4.01%,91.99%,False,1,11,16,664,83,774,1.42%,2.07%,85.79%,10.72%,False,1
2304707,GRANJA,CE,158,251,3.093,3.502,4.51%,7.17%,88.32%,True,1,29,57,3156,260,3502,0.83%,1.63%,90.12%,7.42%,False,1
2304806,GRANJEIRO,CE,20,21,237,278,7.19%,7.55%,85.25%,False,1,0,6,239,33,278,-,2.16%,85.97%,11.87%,False,1
2304905,GROAIRAS,CE,13,31,431,475,2.74%,6.53%,90.74%,False,1,0,8,422,45,475,-,1.68%,88.84%,9.47%,False,1
2304954,GUAIUBA,CE,48,66,1.07,1.184,4.05%,5.57%,90.37%,True,1,7,19,989,169,1184,0.59%,1.6%,83.53%,14.27%,False,1
2305001,GUARACIABA DO NORTE,CE,142,242,2.414,2.798,5.08%,8.65%,86.28%,True,1,24,52,2459,264,2799,0.86%,1.86%,87.85%,9.43%,False,1
2305100,GUARAMIRANGA,CE,6,20,322,348,1.72%,5.75%,92.53%,False,1,3,6,308,31,348,0.86%,1.72%,88.51%,8.91%,False,1
2305209,HIDROLANDIA,CE,43,59,857,959,4.48%,6.15%,89.36%,False,1,5,16,868,70,959,0.52%,1.67%,90.51%,7.3%,False,1
2305233,HORIZONTE,CE,145,238,3.981,4.364,3.32%,5.45%,91.22%,True,1,18,52,3782,512,4364,0.41%,1.19%,86.66%,11.73%,False,1
2305266,IBARETAMA,CE,75,73,658,806,9.31%,9.06%,81.64%,False,1,13,32,689,72,806,1.61%,3.97%,85.48%,8.93%,False,1
2305308,IBIAPINA,CE,74,75,1.542,1.691,4.38%,4.44%,91.19%,True,1,19,29,1502,141,1691,1.12%,1.71%,88.82%,8.34%,False,1
2305332,IBICUITINGA,CE,41,51,534,626,6.55%,8.15%,85.3%,False,1,6,9,543,68,626,0.96%,1.44%,86.74%,10.86%,False,1
2305357,ICAPUI,CE,33,69,875,977,3.38%,7.06%,89.56%,False,1,2,15,813,147,977,0.2%,1.54%,83.21%,15.05%,False,1
2305407,ICO,CE,150,198,2.914,3.262,4.6%,6.07%,89.33%,True,1,28,134,2853,247,3262,0.86%,4.11%,87.46%,7.57%,False,1
2305506,IGUATU,CE,217,302,4.081,4.6,4.72%,6.57%,88.72%,True,1,27,90,3902,581,4600,0.59%,1.96%,84.83%,12.63%,False,1
2305605,INDEPENDENCIA,CE,48,75,1.152,1.275,3.76%,5.88%,90.35%,True,1,3,18,1127,127,1275,0.24%,1.41%,88.39%,9.96%,False,1
2305654,IPAPORANGA,CE,17,37,618,672,2.53%,5.51%,91.96%,False,1,1,10,585,76,672,0.15%,1.49%,87.05%,11.31%,False,1
2305704,IPAUMIRIM,CE,28,67,523,618,4.53%,10.84%,84.63%,False,1,9,18,546,45,618,1.46%,2.91%,88.35%,7.28%,False,1
2305803,IPU,CE,187,281,2.132,2.6,7.19%,10.81%,82%,True,1,13,44,2308,235,2600,0.5%,1.69%,88.77%,9.04%,False,1
2305902,IPUEIRAS,CE,90,137,1.947,2.174,4.14%,6.3%,89.56%,True,1,9,33,1863,269,2174,0.41%,1.52%,85.69%,12.37%,False,1
2306009,IRACEMA,CE,20,33,585,638,3.13%,5.17%,91.69%,False,1,1,11,553,73,638,0.16%,1.72%,86.68%,11.44%,False,1
2306108,IRAUCUBA,CE,90,120,1.667,1.877,4.79%,6.39%,88.81%,True,1,13,27,1648,189,1877,0.69%,1.44%,87.8%,10.07%,False,1
2306207,ITAICABA,CE,7,14,360,381,1.84%,3.67%,94.49%,False,1,1,9,324,47,381,0.26%,2.36%,85.04%,12.34%,False,1
2306256,ITAITINGA,CE,183,217,2.711,3.111,5.88%,6.98%,87.14%,True,1,16,46,2664,385,3111,0.51%,1.48%,85.63%,12.38%,False,1
2306306,ITAPAJE,CE,143,133,2.359,2.635,5.43%,5.05%,89.53%,True,1,15,44,2269,307,2635,0.57%,1.67%,86.11%,11.65%,False,1
2306405,ITAPIPOCA,CE,216,405,8.25,8.871,2.43%,4.57%,93%,True,1,43,139,7802,887,8871,0.48%,1.57%,87.95%,10%,False,1
2306504,ITAPIUNA,CE,47,78,768,893,5.26%,8.73%,86%,False,1,14,16,769,94,893,1.57%,1.79%,86.11%,10.53%,False,1
2306553,ITAREMA,CE,78,88,2.47,2.636,2.96%,3.34%,93.7%,True,1,20,36,1786,794,2636,0.76%,1.37%,67.75%,30.12%,False,1
2306603,ITATIRA,CE,36,67,1.141,1.244,2.89%,5.39%,91.72%,True,1,4,27,1067,146,1244,0.32%,2.17%,85.77%,11.74%,False,1
2306702,JAGUARETAMA,CE,96,68,810,974,9.86%,6.98%,83.16%,False,1,5,25,807,137,974,0.51%,2.57%,82.85%,14.07%,False,1
2306801,JAGUARIBARA,CE,26,44,465,535,4.86%,8.22%,86.92%,False,1,0,9,470,56,535,-,1.68%,87.85%,10.47%,False,1
2306900,JAGUARIBE,CE,83,102,1.529,1.714,4.84%,5.95%,89.21%,True,1,9,26,1555,124,1714,0.53%,1.52%,90.72%,7.23%,False,1
2307007,JAGUARUANA,CE,41,82,1.57,1.693,2.42%,4.84%,92.73%,True,1,10,27,1446,210,1693,0.59%,1.59%,85.41%,12.4%,False,1
2307106,JARDIM,CE,114,144,1.339,1.597,7.14%,9.02%,83.84%,True,1,30,41,1376,150,1597,1.88%,2.57%,86.16%,9.39%,False,1
2307205,JATI,CE,28,35,359,422,6.64%,8.29%,85.07%,False,1,2,12,376,32,422,0.47%,2.84%,89.1%,7.58%,False,1
2307254,JIJOCA DE JERICOACOARA,CE,139,229,1.67,2.038,6.82%,11.24%,81.94%,True,1,4,27,1661,346,2038,0.2%,1.32%,81.5%,16.98%,False,1
2307304,JUAZEIRO DO NORTE,CE,581,842,10.084,11.507,5.05%,7.32%,87.63%,True,1,90,282,10225,910,11507,0.78%,2.45%,88.86%,7.91%,False,1
2307403,JUCAS,CE,73,92,1.257,1.422,5.13%,6.47%,88.4%,True,1,7,18,1257,140,1422,0.49%,1.27%,88.4%,9.85%,False,1
2307502,LAVRAS DA MANGABEIRA,CE,80,103,1.293,1.476,5.42%,6.98%,87.6%,True,1,21,31,1238,186,1476,1.42%,2.1%,83.88%,12.6%,False,1
2307601,LIMOEIRO DO NORTE,CE,83,124,2.311,2.518,3.3%,4.92%,91.78%,True,1,17,43,2181,277,2518,0.68%,1.71%,86.62%,11%,False,1
2307635,MADALENA,CE,60,86,740,886,6.77%,9.71%,83.52%,False,1,7,19,735,125,886,0.79%,2.14%,82.96%,14.11%,False,1
2307650,MARACANAU,CE,534,602,8.019,9.155,5.83%,6.58%,87.59%,True,1,55,121,7881,1098,9155,0.6%,1.32%,86.08%,11.99%,False,1
2307700,MARANGUAPE,CE,146,271,4.237,4.654,3.14%,5.82%,91.04%,True,1,19,56,3915,664,4654,0.41%,1.2%,84.12%,14.27%,False,1
2307809,MARCO,CE,119,158,2.282,2.559,4.65%,6.17%,89.18%,True,1,18,45,2287,209,2559,0.7%,1.76%,89.37%,8.17%,False,1
2307908,MARTINOPOLE,CE,57,55,713,825,6.91%,6.67%,86.42%,False,1,7,14,696,108,825,0.85%,1.7%,84.36%,13.09%,False,1
2308005,MASSAPE,CE,143,160,1.968,2.271,6.3%,7.05%,86.66%,True,1,13,55,1969,234,2271,0.57%,2.42%,86.7%,10.3%,False,1
2308104,MAURITI,CE,224,234,2.275,2.733,8.2%,8.56%,83.24%,True,1,44,79,2340,270,2733,1.61%,2.89%,85.62%,9.88%,False,1
2308203,MERUOCA,CE,24,58,762,844,2.84%,6.87%,90.28%,False,1,4,10,756,74,844,0.47%,1.18%,89.57%,8.77%,False,1
2308302,MILAGRES,CE,149,111,1.36,1.62,9.2%,6.85%,83.95%,True,1,24,57,1404,135,1620,1.48%,3.52%,86.67%,8.33%,False,1
2308351,MILHA,CE,36,57,708,801,4.49%,7.12%,88.39%,False,1,7,13,689,92,801,0.87%,1.62%,86.02%,11.49%,False,1
2308377,MIRAIMA,CE,28,46,828,902,3.1%,5.1%,91.8%,False,1,1,15,787,99,902,0.11%,1.66%,87.25%,10.98%,False,1
2308401,MISSAO VELHA,CE,107,137,1.958,2.202,4.86%,6.22%,88.92%,True,1,11,52,1943,196,2202,0.5%,2.36%,88.24%,8.9%,False,1
2308500,MOMBACA,CE,72,99,1.944,2.115,3.4%,4.68%,91.91%,True,1,9,42,1865,199,2115,0.43%,1.99%,88.18%,9.41%,False,1
2308609,MONSENHOR TABOSA,CE,24,41,836,901,2.66%,4.55%,92.79%,False,1,2,20,786,93,901,0.22%,2.22%,87.24%,10.32%,False,1
2308708,MORADA NOVA,CE,76,128,2.159,2.363,3.22%,5.42%,91.37%,True,1,13,32,2051,267,2363,0.55%,1.35%,86.8%,11.3%,False,1
2308807,MORAUJO,CE,34,33,397,464,7.33%,7.11%,85.56%,False,1,4,13,404,43,464,0.86%,2.8%,87.07%,9.27%,False,1
2308906,MORRINHOS,CE,64,108,1.424,1.596,4.01%,6.77%,89.22%,True,1,7,29,1382,178,1596,0.44%,1.82%,86.59%,11.15%,False,1
2309003,MUCAMBO,CE,43,52,696,791,5.44%,6.57%,87.99%,False,1,7,21,693,70,791,0.88%,2.65%,87.61%,8.85%,False,1
2309102,MULUNGU,CE,27,34,589,650,4.15%,5.23%,90.62%,False,1,7,9,567,67,650,1.08%,1.38%,87.23%,10.31%,False,1
2309201,NOVA OLINDA,CE,43,65,946,1.054,4.08%,6.17%,89.75%,True,1,14,24,949,67,1054,1.33%,2.28%,90.04%,6.36%,False,1
2309300,NOVA RUSSAS,CE,54,80,1.567,1.701,3.17%,4.7%,92.12%,True,1,8,29,1466,198,1701,0.47%,1.7%,86.18%,11.64%,False,1
2309409,NOVO ORIENTE,CE,47,77,1.458,1.582,2.97%,4.87%,92.16%,True,1,6,23,1432,121,1582,0.38%,1.45%,90.52%,7.65%,False,1
2309458,OCARA,CE,45,64,882,991,4.54%,6.46%,89%,False,1,7,20,859,105,991,0.71%,2.02%,86.68%,10.6%,False,1
2309508,OROS,CE,41,47,891,979,4.19%,4.8%,91.01%,False,1,5,25,864,85,979,0.51%,2.55%,88.25%,8.68%,False,1
2309607,PACAJUS,CE,139,164,2.661,2.964,4.69%,5.53%,89.78%,True,1,11,45,2537,371,2964,0.37%,1.52%,85.59%,12.52%,False,1
2309706,PACATUBA,CE,150,176,3.006,3.332,4.5%,5.28%,90.22%,True,1,16,51,2811,454,3332,0.48%,1.53%,84.36%,13.63%,False,1
2309805,PACOTI,CE,21,48,629,698,3.01%,6.88%,90.11%,False,1,1,9,607,81,698,0.14%,1.29%,86.96%,11.6%,False,1
2309904,PACUJA,CE,22,18,292,332,6.63%,5.42%,87.95%,False,1,5,10,291,26,332,1.51%,3.01%,87.65%,7.83%,False,1
2310001,PALHANO,CE,21,27,444,492,4.27%,5.49%,90.24%,False,1,1,4,426,61,492,0.2%,0.81%,86.59%,12.4%,False,1
2310100,PALMACIA,CE,17,25,375,417,4.08%,6%,89.93%,False,1,2,3,324,88,417,0.48%,0.72%,77.7%,21.1%,False,1
2310209,PARACURU,CE,75,123,1.969,2.167,3.46%,5.68%,90.86%,True,1,9,38,1846,274,2167,0.42%,1.75%,85.19%,12.64%,False,1
2310258,PARAIPABA,CE,91,136,1.551,1.778,5.12%,7.65%,87.23%,True,1,13,33,1505,227,1778,0.73%,1.86%,84.65%,12.77%,False,1
2310308,PARAMBU,CE,122,107,1.381,1.61,7.58%,6.65%,85.78%,True,1,11,49,1414,136,1610,0.68%,3.04%,87.83%,8.45%,False,1
2310407,PARAMOTI,CE,32,33,556,621,5.15%,5.31%,89.53%,False,1,3,11,544,63,621,0.48%,1.77%,87.6%,10.14%,False,1
2310506,PEDRA BRANCA,CE,97,158,1.827,2.082,4.66%,7.59%,87.75%,True,1,7,42,1850,183,2082,0.34%,2.02%,88.86%,8.79%,False,1
2310605,PENAFORTE,CE,103,68,532,703,14.65%,9.67%,75.68%,False,1,46,49,532,76,703,6.54%,6.97%,75.68%,10.81%,False,1
2310704,PENTECOSTE,CE,95,103,1.729,1.927,4.93%,5.35%,89.72%,True,1,10,34,1666,217,1927,0.52%,1.76%,86.46%,11.26%,False,1
2310803,PEREIRO,CE,30,48,813,891,3.37%,5.39%,91.25%,False,1,4,11,787,89,891,0.45%,1.23%,88.33%,9.99%,False,1
2310852,PINDORETAMA,CE,61,94,1.16,1.315,4.64%,7.15%,88.21%,True,1,11,26,1108,170,1315,0.84%,1.98%,84.26%,12.93%,False,1
2310902,PIQUET CARNEIRO,CE,9,43,710,762,1.18%,5.64%,93.18%,False,1,2,14,668,78,762,0.26%,1.84%,87.66%,10.24%,False,1
2310951,PIRES FERREIRA,CE,9,29,495,533,1.69%,5.44%,92.87%,False,1,7,12,453,61,533,1.31%,2.25%,84.99%,11.44%,False,1
2311009,PORANGA,CE,29,49,582,660,4.39%,7.42%,88.18%,False,1,6,20,566,68,660,0.91%,3.03%,85.76%,10.3%,False,1
2311108,PORTEIRAS,CE,75,80,1.157,1.312,5.72%,6.1%,88.19%,True,1,10,35,1169,98,1312,0.76%,2.67%,89.1%,7.47%,False,1
2311207,POTENGI,CE,22,42,568,632,3.48%,6.65%,89.87%,False,1,7,12,554,59,632,1.11%,1.9%,87.66%,9.34%,False,1
2311231,POTIRETAMA,CE,16,14,347,377,4.24%,3.71%,92.04%,False,1,3,6,303,65,377,0.8%,1.59%,80.37%,17.24%,False,1
2311264,QUITERIANOPOLIS,CE,40,79,1.012,1.131,3.54%,6.98%,89.48%,True,1,8,20,1014,89,1131,0.71%,1.77%,89.66%,7.87%,False,1
2311306,QUIXADA,CE,268,295,4.193,4.756,5.63%,6.2%,88.16%,True,1,50,108,4198,400,4756,1.05%,2.27%,88.27%,8.41%,False,1
2311355,QUIXELO,CE,45,66,782,893,5.04%,7.39%,87.57%,False,1,3,11,785,94,893,0.34%,1.23%,87.91%,10.53%,False,1
2311405,QUIXERAMOBIM,CE,292,304,3.83,4.426,6.6%,6.87%,86.53%,True,1,36,86,3778,526,4426,0.81%,1.94%,85.36%,11.88%,False,1
2311504,QUIXERE,CE,18,64,1.123,1.205,1.49%,5.31%,93.2%,True,1,3,15,1084,103,1205,0.25%,1.24%,89.96%,8.55%,False,1
2311603,REDENCAO,CE,82,98,1.442,1.622,5.06%,6.04%,88.9%,True,1,6,30,1413,173,1622,0.37%,1.85%,87.11%,10.67%,False,1
2311702,RERIUTABA,CE,36,77,1.082,1.195,3.01%,6.44%,90.54%,True,1,10,25,1058,102,1195,0.84%,2.09%,88.54%,8.54%,False,1
2311801,RUSSAS,CE,177,218,2.699,3.094,5.72%,7.05%,87.23%,True,1,21,43,2696,334,3094,0.68%,1.39%,87.14%,10.8%,False,1
2311900,SABOEIRO,CE,21,53,693,767,2.74%,6.91%,90.35%,False,1,2,30,672,63,767,0.26%,3.91%,87.61%,8.21%,False,1
2311959,SALITRE,CE,110,110,1.301,1.521,7.23%,7.23%,85.54%,True,1,9,41,1366,105,1521,0.59%,2.7%,89.81%,6.9%,False,1
2312007,SANTANA DO ACARAU,CE,117,130,1.69,1.937,6.04%,6.71%,87.25%,True,1,10,38,1668,221,1937,0.52%,1.96%,86.11%,11.41%,False,1
2312106,SANTANA DO CARIRI,CE,35,67,986,1.088,3.22%,6.16%,90.63%,True,1,6,23,982,77,1088,0.55%,2.11%,90.26%,7.08%,False,1
2312205,SANTA QUITERIA,CE,168,154,1.746,2.068,8.12%,7.45%,84.43%,True,1,13,40,1544,471,2068,0.63%,1.93%,74.66%,22.78%,False,1
2312304,SAO BENEDITO,CE,155,206,2.914,3.275,4.73%,6.29%,88.98%,True,1,17,56,2907,295,3275,0.52%,1.71%,88.76%,9.01%,False,1
2312403,SAO GONCALO DO AMARANTE,CE,129,266,3.109,3.504,3.68%,7.59%,88.73%,True,1,22,86,2954,442,3504,0.63%,2.45%,84.3%,12.61%,False,1
2312502,SAO JOAO DO JAGUARIBE,CE,7,12,213,232,3.02%,5.17%,91.81%,False,1,0,2,194,36,232,-,0.86%,83.62%,15.52%,False,1
2312601,SAO LUIS DO CURU,CE,24,25,472,521,4.61%,4.8%,90.6%,False,1,2,6,449,64,521,0.38%,1.15%,86.18%,12.28%,False,1
2312700,SENADOR POMPEU,CE,34,65,971,1.07,3.18%,6.07%,90.75%,True,1,4,18,923,125,1070,0.37%,1.68%,86.26%,11.68%,False,1
2312809,SENADOR SA,CE,24,54,422,500,4.8%,10.8%,84.4%,False,1,4,13,428,55,500,0.8%,2.6%,85.6%,11%,False,1
2312908,SOBRAL,CE,397,641,10.695,11.733,3.38%,5.46%,91.15%,True,1,49,168,10406,1110,11733,0.42%,1.43%,88.69%,9.46%,False,1
2313005,SOLONOPOLE,CE,37,49,622,708,5.23%,6.92%,87.85%,False,1,2,9,606,91,708,0.28%,1.27%,85.59%,12.85%,False,1
2313104,TABULEIRO DO NORTE,CE,45,84,1.213,1.342,3.35%,6.26%,90.39%,True,1,6,24,1160,152,1342,0.45%,1.79%,86.44%,11.33%,False,1
2313203,TAMBORIL,CE,92,97,1.237,1.426,6.45%,6.8%,86.75%,True,1,14,38,1232,142,1426,0.98%,2.66%,86.4%,9.96%,False,1
2313252,TARRAFAS,CE,20,27,345,392,5.1%,6.89%,88.01%,False,1,3,6,346,37,392,0.77%,1.53%,88.27%,9.44%,False,1
2313302,TAUA,CE,141,197,2.37,2.708,5.21%,7.27%,87.52%,True,1,17,43,2401,247,2708,0.63%,1.59%,88.66%,9.12%,False,1
2313351,TEJUCUOCA,CE,57,109,1.049,1.215,4.69%,8.97%,86.34%,True,1,6,25,1048,136,1215,0.49%,2.06%,86.26%,11.19%,False,1
2313401,TIANGUA,CE,190,291,4.73,5.211,3.65%,5.58%,90.77%,True,1,26,78,4606,500,5210,0.5%,1.5%,88.41%,9.6%,False,1
2313500,TRAIRI,CE,155,248,3.826,4.229,3.67%,5.86%,90.47%,True,1,13,57,3682,477,4229,0.31%,1.35%,87.07%,11.28%,False,1
2313559,TURURU,CE,45,84,1.077,1.206,3.73%,6.97%,89.3%,True,1,8,23,1035,140,1206,0.66%,1.91%,85.82%,11.61%,False,1
2313609,UBAJARA,CE,120,142,2.013,2.275,5.27%,6.24%,88.48%,True,1,11,33,1993,238,2275,0.48%,1.45%,87.6%,10.46%,False,1
2313708,UMARI,CE,10,13,286,309,3.24%,4.21%,92.56%,False,1,6,6,275,22,309,1.94%,1.94%,89%,7.12%,False,1
2313757,UMIRIM,CE,78,86,874,1.038,7.51%,8.29%,84.2%,True,1,13,23,889,113,1038,1.25%,2.22%,85.65%,10.89%,False,1
2313807,URUBURETAMA,CE,68,82,1.335,1.485,4.58%,5.52%,89.9%,True,1,13,26,1297,149,1485,0.88%,1.75%,87.34%,10.03%,False,1
2313906,URUOCA,CE,40,46,657,743,5.38%,6.19%,88.43%,False,1,2,11,630,100,743,0.27%,1.48%,84.79%,13.46%,False,1
2313955,VARJOTA,CE,38,73,1.029,1.14,3.33%,6.4%,90.26%,True,1,2,25,997,116,1140,0.18%,2.19%,87.46%,10.18%,False,1
2314003,VARZEA ALEGRE,CE,88,132,1.685,1.905,4.62%,6.93%,88.45%,True,1,11,27,1719,148,1905,0.58%,1.42%,90.24%,7.77%,False,1
2314102,VICOSA DO CEARA,CE,150,258,3.865,4.273,3.51%,6.04%,90.45%,True,1,26,83,3782,384,4275,0.61%,1.94%,88.47%,8.98%,False,1
2400109,ACARI,RN,17,22,460,499,3.41%,4.41%,92.18%,False,1,2,11,447,39,499,0.4%,2.2%,89.58%,7.82%,False,1
2400208,ASSU,RN,115,147,2.261,2.523,4.56%,5.83%,89.62%,True,1,17,37,2187,282,2523,0.67%,1.47%,86.68%,11.18%,False,1
2400307,AFONSO BEZERRA,RN,25,41,408,474,5.27%,8.65%,86.08%,False,1,3,10,403,58,474,0.63%,2.11%,85.02%,12.24%,False,1
2400406,AGUA NOVA,RN,10,8,129,147,6.8%,5.44%,87.76%,False,1,0,2,135,10,147,-,1.36%,91.84%,6.8%,False,1
2400505,ALEXANDRIA,RN,38,38,377,453,8.39%,8.39%,83.22%,False,1,12,11,390,40,453,2.65%,2.43%,86.09%,8.83%,False,1
2400604,ALMINO AFONSO,RN,9,12,192,213,4.23%,5.63%,90.14%,False,1,1,7,186,19,213,0.47%,3.29%,87.32%,8.92%,False,1
2400703,ALTO DO RODRIGUES,RN,45,41,640,726,6.2%,5.65%,88.15%,False,1,2,13,631,80,726,0.28%,1.79%,86.91%,11.02%,False,1
2400802,ANGICOS,RN,52,54,438,544,9.56%,9.93%,80.51%,False,1,7,17,468,52,544,1.29%,3.13%,86.03%,9.56%,False,1
2400901,ANTONIO MARTINS,RN,11,12,211,234,4.7%,5.13%,90.17%,False,1,0,3,201,30,234,-,1.28%,85.9%,12.82%,False,1
2401008,APODI,RN,83,136,1.192,1.411,5.88%,9.64%,84.48%,True,1,6,37,1216,152,1411,0.43%,2.62%,86.18%,10.77%,False,1
2401107,AREIA BRANCA,RN,49,74,638,761,6.44%,9.72%,83.84%,False,1,3,19,656,84,762,0.39%,2.49%,86.09%,11.02%,False,1
2401206,AREZ,RN,50,50,670,770,6.49%,6.49%,87.01%,False,1,4,21,673,72,770,0.52%,2.73%,87.4%,9.35%,False,1
2401305,CAMPO GRANDE,RN,23,24,348,395,5.82%,6.08%,88.1%,False,1,6,10,333,46,395,1.52%,2.53%,84.3%,11.65%,False,1
2401404,BAIA FORMOSA,RN,18,48,353,419,4.3%,11.46%,84.25%,False,1,2,17,360,40,419,0.48%,4.06%,85.92%,9.55%,False,1
2401453,BARAUNA,RN,107,112,1.263,1.482,7.22%,7.56%,85.22%,True,1,10,35,1301,136,1482,0.67%,2.36%,87.79%,9.18%,False,1
2401503,BARCELONA,RN,16,5,186,207,7.73%,2.42%,89.86%,False,1,7,5,176,19,207,3.38%,2.42%,85.02%,9.18%,False,1
2401602,BENTO FERNANDES,RN,10,15,215,240,4.17%,6.25%,89.58%,False,1,1,4,212,23,240,0.42%,1.67%,88.33%,9.58%,False,1
2401651,BODO,RN,3,9,155,167,1.8%,5.39%,92.81%,False,1,1,0,135,31,167,0.6%,-,80.84%,18.56%,False,1
2401701,BOM JESUS,RN,20,18,475,513,3.9%,3.51%,92.59%,False,1,4,15,448,46,513,0.78%,2.92%,87.33%,8.97%,False,1
2401800,BREJINHO,RN,18,43,691,752,2.39%,5.72%,91.89%,False,1,2,17,666,67,752,0.27%,2.26%,88.56%,8.91%,False,1
2401859,CAICARA DO NORTE,RN,13,22,323,358,3.63%,6.15%,90.22%,False,1,3,4,319,32,358,0.84%,1.12%,89.11%,8.94%,False,1
2401909,CAICARA DO RIO DO VENTO,RN,22,14,189,225,9.78%,6.22%,84%,False,1,0,3,151,71,225,-,1.33%,67.11%,31.56%,False,1
2402006,CAICO,RN,67,124,2.093,2.284,2.93%,5.43%,91.64%,True,1,19,38,2036,191,2284,0.83%,1.66%,89.14%,8.36%,False,1
2402105,CAMPO REDONDO,RN,12,19,455,486,2.47%,3.91%,93.62%,False,1,2,9,429,46,486,0.41%,1.85%,88.27%,9.47%,False,1
2402204,CANGUARETAMA,RN,81,134,1.588,1.803,4.49%,7.43%,88.08%,True,1,13,25,1554,211,1803,0.72%,1.39%,86.19%,11.7%,False,1
2402303,CARAUBAS,RN,27,55,755,837,3.23%,6.57%,90.2%,False,1,2,15,768,52,837,0.24%,1.79%,91.76%,6.21%,False,1
2402402,CARNAUBA DOS DANTAS,RN,10,16,367,393,2.54%,4.07%,93.38%,False,1,1,4,360,28,393,0.25%,1.02%,91.6%,7.12%,False,1
2402501,CARNAUBAIS,RN,20,23,384,427,4.68%,5.39%,89.93%,False,1,3,7,350,67,427,0.7%,1.64%,81.97%,15.69%,False,1
2402600,CEARA-MIRIM,RN,214,225,2.712,3.151,6.79%,7.14%,86.07%,True,1,45,87,2709,310,3151,1.43%,2.76%,85.97%,9.84%,False,1
2402709,CERRO CORA,RN,27,26,501,554,4.87%,4.69%,90.43%,False,1,8,15,484,47,554,1.44%,2.71%,87.36%,8.48%,False,1
2402808,CORONEL EZEQUIEL,RN,4,18,264,286,1.4%,6.29%,92.31%,False,1,1,3,245,37,286,0.35%,1.05%,85.66%,12.94%,False,1
2402907,CORONEL JOAO PESSOA,RN,8,14,205,227,3.52%,6.17%,90.31%,False,1,0,7,198,22,227,-,3.08%,87.22%,9.69%,False,1
2403004,CRUZETA,RN,9,16,287,312,2.88%,5.13%,91.99%,False,1,2,2,270,38,312,0.64%,0.64%,86.54%,12.18%,False,1
2403103,CURRAIS NOVOS,RN,61,85,1.401,1.547,3.94%,5.49%,90.56%,True,1,14,32,1367,134,1547,0.9%,2.07%,88.36%,8.66%,False,1
2403202,DOUTOR SEVERIANO,RN,9,14,310,333,2.7%,4.2%,93.09%,False,1,0,5,299,29,333,-,1.5%,89.79%,8.71%,False,1
2403251,PARNAMIRIM,RN,155,296,4.881,5.332,2.91%,5.55%,91.54%,True,1,36,91,4755,450,5332,0.68%,1.71%,89.18%,8.44%,False,1
2403301,ENCANTO,RN,27,16,256,299,9.03%,5.35%,85.62%,False,1,8,5,252,34,299,2.68%,1.67%,84.28%,11.37%,False,1
2403400,EQUADOR,RN,10,11,309,330,3.03%,3.33%,93.64%,False,1,0,0,294,36,330,-,-,89.09%,10.91%,False,1
2403509,ESPIRITO SANTO,RN,20,56,450,526,3.8%,10.65%,85.55%,False,1,3,14,445,64,526,0.57%,2.66%,84.6%,12.17%,False,1
2403608,EXTREMOZ,RN,149,199,2.143,2.491,5.98%,7.99%,86.03%,True,1,16,53,2188,234,2491,0.64%,2.13%,87.84%,9.39%,False,1
2403707,FELIPE GUERRA,RN,4,19,250,273,1.47%,6.96%,91.58%,False,1,0,4,248,21,273,-,1.47%,90.84%,7.69%,False,1
2403756,FERNANDO PEDROZA,RN,2,10,138,150,1.33%,6.67%,92%,False,1,0,3,126,21,150,-,2%,84%,14%,False,1
2403806,FLORANIA,RN,12,19,374,405,2.96%,4.69%,92.35%,False,1,0,4,363,38,405,-,0.99%,89.63%,9.38%,False,1
2403905,FRANCISCO DANTAS,RN,10,18,125,153,6.54%,11.76%,81.7%,False,1,0,3,133,17,153,-,1.96%,86.93%,11.11%,False,1
2404002,FRUTUOSO GOMES,RN,53,6,147,206,25.73%,2.91%,71.36%,False,1,0,0,201,5,206,-,-,97.57%,2.43%,False,1
2404101,GALINHOS,RN,3,7,154,164,1.83%,4.27%,93.9%,False,1,0,5,144,15,164,-,3.05%,87.8%,9.15%,False,1
2404200,GOIANINHA,RN,102,135,1.668,1.905,5.35%,7.09%,87.56%,True,1,29,46,1648,182,1905,1.52%,2.41%,86.51%,9.55%,False,1
2404309,GOVERNADOR DIX-SEPT ROSADO,RN,30,41,312,383,7.83%,10.7%,81.46%,False,1,3,10,336,34,383,0.78%,2.61%,87.73%,8.88%,False,1
2404408,GROSSOS,RN,19,24,355,398,4.77%,6.03%,89.2%,False,1,0,5,354,39,398,-,1.26%,88.94%,9.8%,False,1
2404507,GUAMARE,RN,23,65,950,1.038,2.22%,6.26%,91.52%,True,1,2,11,951,74,1038,0.19%,1.06%,91.62%,7.13%,False,1
2404606,IELMO MARINHO,RN,34,52,674,760,4.47%,6.84%,88.68%,False,1,3,13,655,89,760,0.39%,1.71%,86.18%,11.71%,False,1
2404705,IPANGUACU,RN,38,54,467,559,6.8%,9.66%,83.54%,False,1,6,9,469,75,559,1.07%,1.61%,83.9%,13.42%,False,1
2404804,IPUEIRA,RN,2,7,88,97,2.06%,7.22%,90.72%,False,1,0,0,87,10,97,-,-,89.69%,10.31%,False,1
2404853,ITAJA,RN,15,17,248,280,5.36%,6.07%,88.57%,False,1,2,2,245,31,280,0.71%,0.71%,87.5%,11.07%,False,1
2404903,ITAU,RN,13,17,248,278,4.68%,6.12%,89.21%,False,1,1,7,252,18,278,0.36%,2.52%,90.65%,6.47%,False,1
2405009,JACANA,RN,6,21,416,443,1.35%,4.74%,93.91%,False,1,4,6,405,28,443,0.9%,1.35%,91.42%,6.32%,False,1
2405108,JANDAIRA,RN,28,29,388,445,6.29%,6.52%,87.19%,False,1,3,10,384,48,445,0.67%,2.25%,86.29%,10.79%,False,1
2405207,JANDUIS,RN,10,14,243,267,3.75%,5.24%,91.01%,False,1,1,8,224,34,267,0.37%,3%,83.9%,12.73%,False,1
2405306,JANUARIO CICCO,RN,29,26,481,536,5.41%,4.85%,89.74%,False,1,3,8,464,61,536,0.56%,1.49%,86.57%,11.38%,False,1
2405405,JAPI,RN,7,17,349,373,1.88%,4.56%,93.57%,False,1,4,7,325,37,373,1.07%,1.88%,87.13%,9.92%,False,1
2405504,JARDIM DE ANGICOS,RN,6,5,134,145,4.14%,3.45%,92.41%,False,1,2,1,124,18,145,1.38%,0.69%,85.52%,12.41%,False,1
2405603,JARDIM DE PIRANHAS,RN,15,30,690,735,2.04%,4.08%,93.88%,False,1,4,13,652,66,735,0.54%,1.77%,88.71%,8.98%,False,1
2405702,JARDIM DO SERIDO,RN,11,20,382,413,2.66%,4.84%,92.49%,False,1,2,5,381,25,413,0.48%,1.21%,92.25%,6.05%,False,1
2405801,JOAO CAMARA,RN,101,124,1.738,1.963,5.15%,6.32%,88.54%,True,1,11,43,1694,215,1963,0.56%,2.19%,86.3%,10.95%,False,1
2405900,JOAO DIAS,RN,1,3,84,88,1.14%,3.41%,95.45%,False,1,0,2,72,14,88,-,2.27%,81.82%,15.91%,False,1
2406007,JOSE DA PENHA,RN,10,10,273,293,3.41%,3.41%,93.17%,False,1,0,6,264,23,293,-,2.05%,90.1%,7.85%,False,1
2406106,JUCURUTU,RN,21,32,753,806,2.61%,3.97%,93.42%,False,1,3,23,710,70,806,0.37%,2.85%,88.09%,8.68%,False,1
2406155,JUNDIA,RN,7,22,201,230,3.04%,9.57%,87.39%,False,1,1,11,197,21,230,0.43%,4.78%,85.65%,9.13%,False,1
2406205,LAGOA D'ANTA,RN,14,25,339,378,3.7%,6.61%,89.68%,False,1,3,8,330,37,378,0.79%,2.12%,87.3%,9.79%,False,1
2406304,LAGOA DE PEDRAS,RN,20,21,435,476,4.2%,4.41%,91.39%,False,1,8,5,421,42,476,1.68%,1.05%,88.45%,8.82%,False,1
2406403,LAGOA DE VELHOS,RN,14,12,157,183,7.65%,6.56%,85.79%,False,1,2,3,158,20,183,1.09%,1.64%,86.34%,10.93%,False,1
2406502,LAGOA NOVA,RN,36,58,727,821,4.38%,7.06%,88.55%,False,1,1,12,729,79,821,0.12%,1.46%,88.79%,9.62%,False,1
2406601,LAGOA SALGADA,RN,28,29,439,496,5.65%,5.85%,88.51%,False,1,2,8,433,53,496,0.4%,1.61%,87.3%,10.69%,False,1
2406700,LAJES,RN,27,26,336,389,6.94%,6.68%,86.38%,False,1,4,6,337,42,389,1.03%,1.54%,86.63%,10.8%,False,1
2406809,LAJES PINTADAS,RN,3,18,237,258,1.16%,6.98%,91.86%,False,1,1,3,233,21,258,0.39%,1.16%,90.31%,8.14%,False,1
2406908,LUCRECIA,RN,2,8,170,180,1.11%,4.44%,94.44%,False,1,0,1,169,10,180,-,0.56%,93.89%,5.56%,False,1
2407005,LUIS GOMES,RN,5,25,348,378,1.32%,6.61%,92.06%,False,1,0,3,330,45,378,-,0.79%,87.3%,11.9%,False,1
2407104,MACAIBA,RN,118,192,2.624,2.934,4.02%,6.54%,89.43%,True,1,21,64,2582,267,2934,0.72%,2.18%,88%,9.1%,False,1
2407203,MACAU,RN,43,79,894,1.016,4.23%,7.78%,87.99%,True,1,2,20,901,93,1016,0.2%,1.97%,88.68%,9.15%,False,1
2407252,MAJOR SALES,RN,9,13,178,200,4.5%,6.5%,89%,False,1,1,0,187,12,200,0.5%,-,93.5%,6%,False,1
2407302,MARCELINO VIEIRA,RN,21,11,287,319,6.58%,3.45%,89.97%,False,1,2,5,272,40,319,0.63%,1.57%,85.27%,12.54%,False,1
2407401,MARTINS,RN,6,13,359,378,1.59%,3.44%,94.97%,False,1,5,5,337,31,378,1.32%,1.32%,89.15%,8.2%,False,1
2407500,MAXARANGUAPE,RN,30,43,523,596,5.03%,7.21%,87.75%,False,1,5,18,517,56,596,0.84%,3.02%,86.74%,9.4%,False,1
2407609,MESSIAS TARGINO,RN,3,10,142,155,1.94%,6.45%,91.61%,False,1,0,2,139,14,155,-,1.29%,89.68%,9.03%,False,1
2407708,MONTANHAS,RN,22,52,631,705,3.12%,7.38%,89.5%,False,1,2,21,607,75,705,0.28%,2.98%,86.1%,10.64%,False,1
2407807,MONTE ALEGRE,RN,60,84,1.018,1.162,5.16%,7.23%,87.61%,True,1,5,25,1030,102,1162,0.43%,2.15%,88.64%,8.78%,False,1
2407906,MONTE DAS GAMELEIRAS,RN,3,9,152,164,1.83%,5.49%,92.68%,False,1,0,2,139,23,164,-,1.22%,84.76%,14.02%,False,1
2408003,MOSSORO,RN,315,535,7.093,7.943,3.97%,6.74%,89.3%,True,1,49,177,7116,602,7944,0.62%,2.23%,89.58%,7.58%,False,1
2408102,NATAL,RN,542,985,16.059,17.586,3.08%,5.6%,91.32%,True,1,84,302,15732,1469,17587,0.48%,1.72%,89.45%,8.35%,False,1
2408201,NISIA FLORESTA,RN,51,99,1.59,1.74,2.93%,5.69%,91.38%,True,1,5,36,1564,135,1740,0.29%,2.07%,89.89%,7.76%,False,1
2408300,NOVA CRUZ,RN,71,118,1.391,1.58,4.49%,7.47%,88.04%,True,1,24,37,1330,189,1580,1.52%,2.34%,84.18%,11.96%,False,1
2408409,OLHO-D'AGUA DO BORGES,RN,10,8,128,146,6.85%,5.48%,87.67%,False,1,1,2,125,18,146,0.68%,1.37%,85.62%,12.33%,False,1
2408508,OURO BRANCO,RN,5,9,197,211,2.37%,4.27%,93.36%,False,1,2,2,192,15,211,0.95%,0.95%,91%,7.11%,False,1
2408607,PARANA,RN,14,9,144,167,8.38%,5.39%,86.23%,False,1,2,7,139,19,167,1.2%,4.19%,83.23%,11.38%,False,1
2408706,PARAU,RN,2,7,159,168,1.19%,4.17%,94.64%,False,1,0,2,147,19,168,-,1.19%,87.5%,11.31%,False,1
2408805,PARAZINHO,RN,26,29,332,387,6.72%,7.49%,85.79%,False,1,8,10,349,20,387,2.07%,2.58%,90.18%,5.17%,False,1
2408904,PARELHAS,RN,38,42,910,990,3.84%,4.24%,91.92%,False,1,4,22,877,87,990,0.4%,2.22%,88.59%,8.79%,False,1
2408953,RIO DO FOGO,RN,44,81,735,860,5.12%,9.42%,85.47%,False,1,3,16,756,85,860,0.35%,1.86%,87.91%,9.88%,False,1
2409100,PASSA E FICA,RN,26,39,639,704,3.69%,5.54%,90.77%,False,1,2,14,622,66,704,0.28%,1.99%,88.35%,9.38%,False,1
2409209,PASSAGEM,RN,11,13,152,176,6.25%,7.39%,86.36%,False,1,0,2,159,15,176,-,1.14%,90.34%,8.52%,False,1
2409308,PATU,RN,27,35,398,460,5.87%,7.61%,86.52%,False,1,4,9,401,46,460,0.87%,1.96%,87.17%,10%,False,1
2409332,SANTA MARIA,RN,14,28,264,306,4.58%,9.15%,86.27%,False,1,1,4,264,37,306,0.33%,1.31%,86.27%,12.09%,False,1
2409407,PAU DOS FERROS,RN,36,62,989,1.087,3.31%,5.7%,90.98%,True,1,3,11,971,102,1087,0.28%,1.01%,89.33%,9.38%,False,1
2409506,PEDRA GRANDE,RN,27,31,188,246,10.98%,12.6%,76.42%,False,1,5,8,204,29,246,2.03%,3.25%,82.93%,11.79%,False,1
2409605,PEDRA PRETA,RN,4,7,107,118,3.39%,5.93%,90.68%,False,1,2,1,97,18,118,1.69%,0.85%,82.2%,15.25%,False,1
2409704,PEDRO AVELINO,RN,4,20,291,315,1.27%,6.35%,92.38%,False,1,3,5,265,42,315,0.95%,1.59%,84.13%,13.33%,False,1
2409803,PEDRO VELHO,RN,37,70,601,708,5.23%,9.89%,84.89%,False,1,8,12,612,76,708,1.13%,1.69%,86.44%,10.73%,False,1
2409902,PENDENCIAS,RN,17,14,471,502,3.39%,2.79%,93.82%,False,1,1,3,425,73,502,0.2%,0.6%,84.66%,14.54%,False,1
2410009,PILOES,RN,4,7,137,148,2.7%,4.73%,92.57%,False,1,0,3,137,8,148,-,2.03%,92.57%,5.41%,False,1
2410108,POCO BRANCO,RN,28,38,573,639,4.38%,5.95%,89.67%,False,1,9,13,560,57,639,1.41%,2.03%,87.64%,8.92%,False,1
2410207,PORTALEGRE,RN,10,16,330,356,2.81%,4.49%,92.7%,False,1,0,5,306,45,356,-,1.4%,85.96%,12.64%,False,1
2410256,PORTO DO MANGUE,RN,15,23,271,309,4.85%,7.44%,87.7%,False,1,0,8,254,47,309,-,2.59%,82.2%,15.21%,False,1
2410306,SERRA CAIADA,RN,21,33,575,629,3.34%,5.25%,91.41%,False,1,6,11,547,65,629,0.95%,1.75%,86.96%,10.33%,False,1
2410405,PUREZA,RN,22,41,452,515,4.27%,7.96%,87.77%,False,1,4,5,460,46,515,0.78%,0.97%,89.32%,8.93%,False,1
2410504,RAFAEL FERNANDES,RN,12,13,234,259,4.63%,5.02%,90.35%,False,1,1,10,223,25,259,0.39%,3.86%,86.1%,9.65%,False,1
2410603,RAFAEL GODEIRO,RN,1,10,110,121,0.83%,8.26%,90.91%,False,1,0,3,107,11,121,-,2.48%,88.43%,9.09%,False,1
2410702,RIACHO DA CRUZ,RN,3,4,117,124,2.42%,3.23%,94.35%,False,1,0,2,113,9,124,-,1.61%,91.13%,7.26%,False,1
2410801,RIACHO DE SANTANA,RN,7,16,175,198,3.54%,8.08%,88.38%,False,1,0,5,180,13,198,-,2.53%,90.91%,6.57%,False,1
2410900,RIACHUELO,RN,7,16,379,402,1.74%,3.98%,94.28%,False,1,1,7,355,39,402,0.25%,1.74%,88.31%,9.7%,False,1
2411007,RODOLFO FERNANDES,RN,5,14,224,243,2.06%,5.76%,92.18%,False,1,0,5,217,21,243,-,2.06%,89.3%,8.64%,False,1
2411056,TIBAU,RN,8,19,247,274,2.92%,6.93%,90.15%,False,1,2,4,239,29,274,0.73%,1.46%,87.23%,10.58%,False,1
2411106,RUY BARBOSA,RN,2,2,129,133,1.5%,1.5%,96.99%,False,1,0,3,117,13,133,-,2.26%,87.97%,9.77%,False,1
2411205,SANTA CRUZ,RN,40,96,1.526,1.662,2.41%,5.78%,91.82%,True,1,13,32,1468,149,1662,0.78%,1.93%,88.33%,8.97%,False,1
2411403,SANTANA DO MATOS,RN,13,20,434,467,2.78%,4.28%,92.93%,False,1,4,7,404,52,467,0.86%,1.5%,86.51%,11.13%,False,1
2411429,SANTANA DO SERIDO,RN,0,5,117,122,-,4.1%,95.9%,False,1,0,3,107,12,122,-,2.46%,87.7%,9.84%,False,1
2411502,SANTO ANTONIO,RN,39,80,972,1.091,3.57%,7.33%,89.09%,True,1,2,18,955,116,1091,0.18%,1.65%,87.53%,10.63%,False,1
2411601,SAO BENTO DO NORTE,RN,9,20,195,224,4.02%,8.93%,87.05%,False,1,2,6,189,27,224,0.89%,2.68%,84.38%,12.05%,False,1
2411700,SAO BENTO DO TRAIRI,RN,3,8,238,249,1.2%,3.21%,95.58%,False,1,1,4,209,35,249,0.4%,1.61%,83.94%,14.06%,False,1
2411809,SAO FERNANDO,RN,4,9,139,152,2.63%,5.92%,91.45%,False,1,1,1,132,18,152,0.66%,0.66%,86.84%,11.84%,False,1
2411908,SAO FRANCISCO DO OESTE,RN,2,3,192,197,1.02%,1.52%,97.46%,False,1,0,2,169,26,197,-,1.02%,85.79%,13.2%,False,1
2412005,SAO GONCALO DO AMARANTE,RN,246,350,4.476,5.072,4.85%,6.9%,88.25%,True,1,19,68,4486,499,5072,0.37%,1.34%,88.45%,9.84%,False,1
2412104,SAO JOAO DO SABUGI,RN,9,13,231,253,3.56%,5.14%,91.3%,False,1,1,5,223,24,253,0.4%,1.98%,88.14%,9.49%,False,1
2412203,SAO JOSE DE MIPIBU,RN,211,175,2.399,2.785,7.58%,6.28%,86.14%,True,1,9,37,1540,1199,2785,0.32%,1.33%,55.3%,43.05%,False,1
2412302,SAO JOSE DO CAMPESTRE,RN,22,24,486,532,4.14%,4.51%,91.35%,False,1,1,7,465,60,533,0.19%,1.31%,87.24%,11.26%,False,1
2412401,SAO JOSE DO SERIDO,RN,20,21,134,175,11.43%,12%,76.57%,False,1,0,6,153,16,175,-,3.43%,87.43%,9.14%,False,1
2412500,SAO MIGUEL,RN,77,88,911,1.076,7.16%,8.18%,84.67%,True,1,9,23,961,83,1076,0.84%,2.14%,89.31%,7.71%,False,1
2412559,SAO MIGUEL DO GOSTOSO,RN,23,56,603,682,3.37%,8.21%,88.42%,False,1,3,22,607,50,682,0.44%,3.23%,89%,7.33%,False,1
2412609,SAO PAULO DO POTENGI,RN,33,45,787,865,3.82%,5.2%,90.98%,False,1,2,7,669,187,865,0.23%,0.81%,77.34%,21.62%,False,1
2412708,SAO PEDRO,RN,25,16,137,178,14.04%,8.99%,76.97%,False,1,1,1,144,32,178,0.56%,0.56%,80.9%,17.98%,False,1
2412807,SAO RAFAEL,RN,9,14,315,338,2.66%,4.14%,93.2%,False,1,2,3,286,47,338,0.59%,0.89%,84.62%,13.91%,False,1
2412906,SAO TOME,RN,22,32,424,478,4.6%,6.69%,88.7%,False,1,2,11,427,38,478,0.42%,2.3%,89.33%,7.95%,False,1
2413003,SAO VICENTE,RN,13,20,252,285,4.56%,7.02%,88.42%,False,1,4,12,250,19,285,1.4%,4.21%,87.72%,6.67%,False,1
2413102,SENADOR ELOI DE SOUZA,RN,16,17,308,341,4.69%,4.99%,90.32%,False,1,0,4,278,59,341,-,1.17%,81.52%,17.3%,False,1
2413201,SENADOR GEORGINO AVELINO,RN,9,11,211,231,3.9%,4.76%,91.34%,False,1,1,3,208,19,231,0.43%,1.3%,90.04%,8.23%,False,1
2413300,SERRA DE SAO BENTO,RN,14,26,292,332,4.22%,7.83%,87.95%,False,1,3,11,288,30,332,0.9%,3.31%,86.75%,9.04%,False,1
2413359,SERRA DO MEL,RN,48,68,765,881,5.45%,7.72%,86.83%,False,1,6,19,768,88,881,0.68%,2.16%,87.17%,9.99%,False,1
2413409,SERRA NEGRA DO NORTE,RN,7,13,239,259,2.7%,5.02%,92.28%,False,1,2,7,225,25,259,0.77%,2.7%,86.87%,9.65%,False,1
2413508,SERRINHA,RN,9,20,286,315,2.86%,6.35%,90.79%,False,1,1,9,270,35,315,0.32%,2.86%,85.71%,11.11%,False,1
2413557,SERRINHA DOS PINTOS,RN,8,9,183,200,4%,4.5%,91.5%,False,1,1,4,181,14,200,0.5%,2%,90.5%,7%,False,1
2413607,SEVERIANO MELO,RN,5,10,254,269,1.86%,3.72%,94.42%,False,1,3,6,231,29,269,1.12%,2.23%,85.87%,10.78%,False,1
2413706,SITIO NOVO,RN,5,20,218,243,2.06%,8.23%,89.71%,False,1,0,4,216,23,243,-,1.65%,88.89%,9.47%,False,1
2413805,TABOLEIRO GRANDE,RN,4,13,84,101,3.96%,12.87%,83.17%,False,1,2,1,89,9,101,1.98%,0.99%,88.12%,8.91%,False,1
2413904,TAIPU,RN,48,41,542,631,7.61%,6.5%,85.9%,False,1,7,5,531,88,631,1.11%,0.79%,84.15%,13.95%,False,1
2414001,TANGARA,RN,44,51,642,737,5.97%,6.92%,87.11%,False,1,3,13,638,83,737,0.41%,1.76%,86.57%,11.26%,False,1
2414100,TENENTE ANANIAS,RN,15,20,441,476,3.15%,4.2%,92.65%,False,1,1,10,426,39,476,0.21%,2.1%,89.5%,8.19%,False,1
2414159,TENENTE LAURENTINO CRUZ,RN,15,14,354,383,3.92%,3.66%,92.43%,False,1,1,6,339,37,383,0.26%,1.57%,88.51%,9.66%,False,1
2414209,TIBAU DO SUL,RN,67,76,841,984,6.81%,7.72%,85.47%,False,1,6,29,888,61,984,0.61%,2.95%,90.24%,6.2%,False,1
2414308,TIMBAUBA DOS BATISTAS,RN,3,4,62,69,4.35%,5.8%,89.86%,False,1,1,2,63,3,69,1.45%,2.9%,91.3%,4.35%,False,1
2414407,TOUROS,RN,92,131,1.971,2.194,4.19%,5.97%,89.84%,True,1,12,31,1940,211,2194,0.55%,1.41%,88.42%,9.62%,False,1
2414456,TRIUNFO POTIGUAR,RN,3,11,240,254,1.18%,4.33%,94.49%,False,1,0,3,218,33,254,-,1.18%,85.83%,12.99%,False,1
2414506,UMARIZAL,RN,21,26,289,336,6.25%,7.74%,86.01%,False,1,6,5,287,38,336,1.79%,1.49%,85.42%,11.31%,False,1
2414605,UPANEMA,RN,19,26,415,460,4.13%,5.65%,90.22%,False,1,2,13,403,42,460,0.43%,2.83%,87.61%,9.13%,False,1
2414704,VARZEA,RN,19,17,221,257,7.39%,6.61%,85.99%,False,1,7,5,231,14,257,2.72%,1.95%,89.88%,5.45%,False,1
2414753,VENHA-VER,RN,20,19,135,174,11.49%,10.92%,77.59%,False,1,5,8,145,16,174,2.87%,4.6%,83.33%,9.2%,False,1
2414803,VERA CRUZ,RN,26,34,606,666,3.9%,5.11%,90.99%,False,1,1,8,596,61,666,0.15%,1.2%,89.49%,9.16%,False,1
2414902,VICOSA,RN,9,10,76,95,9.47%,10.53%,80%,False,1,2,7,78,8,95,2.11%,7.37%,82.11%,8.42%,False,1
2415008,VILA FLOR,RN,5,12,211,228,2.19%,5.26%,92.54%,False,1,0,3,202,23,228,-,1.32%,88.6%,10.09%,False,1
2500106,AGUA BRANCA,PB,7,15,610,632,1.11%,2.37%,96.52%,False,1,4,11,563,54,632,0.63%,1.74%,89.08%,8.54%,False,1
2500205,AGUIAR,PB,13,10,237,260,5%,3.85%,91.15%,False,1,0,10,215,35,260,-,3.85%,82.69%,13.46%,False,1
2500304,ALAGOA GRANDE,PB,82,115,1.515,1.712,4.79%,6.72%,88.49%,True,1,13,36,1492,171,1712,0.76%,2.1%,87.15%,9.99%,False,1
2500403,ALAGOA NOVA,PB,50,83,1.109,1.242,4.03%,6.68%,89.29%,True,1,7,23,1119,93,1242,0.56%,1.85%,90.1%,7.49%,False,1
2500502,ALAGOINHA,PB,56,86,826,968,5.79%,8.88%,85.33%,False,1,10,34,839,85,968,1.03%,3.51%,86.67%,8.78%,False,1
2500536,ALCANTIL,PB,26,17,328,371,7.01%,4.58%,88.41%,False,1,10,8,298,55,371,2.7%,2.16%,80.32%,14.82%,False,1
2500577,ALGODAO DE JANDAIRA,PB,5,10,196,211,2.37%,4.74%,92.89%,False,1,2,2,190,17,211,0.95%,0.95%,90.05%,8.06%,False,1
2500601,ALHANDRA,PB,101,91,1.173,1.365,7.4%,6.67%,85.93%,True,1,9,30,1178,148,1365,0.66%,2.2%,86.3%,10.84%,False,1
2500700,SAO JOAO DO RIO DO PEIXE,PB,20,40,750,810,2.47%,4.94%,92.59%,False,1,1,11,734,64,810,0.12%,1.36%,90.62%,7.9%,False,1
2500734,AMPARO,PB,8,8,101,117,6.84%,6.84%,86.32%,False,1,5,2,98,12,117,4.27%,1.71%,83.76%,10.26%,False,1
2500775,APARECIDA,PB,17,30,431,478,3.56%,6.28%,90.17%,False,1,4,14,413,47,478,0.84%,2.93%,86.4%,9.83%,False,1
2500809,ARACAGI,PB,50,73,749,872,5.73%,8.37%,85.89%,False,1,7,14,748,103,872,0.8%,1.61%,85.78%,11.81%,False,1
2500908,ARARA,PB,27,46,427,500,5.4%,9.2%,85.4%,False,1,2,12,441,45,500,0.4%,2.4%,88.2%,9%,False,1
2501005,ARARUNA,PB,42,50,953,1.045,4.02%,4.78%,91.2%,True,1,2,17,941,85,1045,0.19%,1.63%,90.05%,8.13%,False,1
2501104,AREIA,PB,45,59,830,934,4.82%,6.32%,88.87%,False,1,6,20,852,56,934,0.64%,2.14%,91.22%,6%,False,1
2501153,AREIA DE BARAUNAS,PB,1,4,120,125,0.8%,3.2%,96%,False,1,0,0,110,15,125,-,-,88%,12%,False,1
2501203,AREIAL,PB,27,24,432,483,5.59%,4.97%,89.44%,False,1,4,9,421,49,483,0.83%,1.86%,87.16%,10.14%,False,1
2501302,AROEIRAS,PB,39,71,1.093,1.203,3.24%,5.9%,90.86%,True,1,7,18,1049,129,1203,0.58%,1.5%,87.2%,10.72%,False,1
2501351,ASSUNCAO,PB,5,14,260,279,1.79%,5.02%,93.19%,False,1,1,1,256,21,279,0.36%,0.36%,91.76%,7.53%,False,1
2501401,BAIA DA TRAICAO,PB,20,47,650,717,2.79%,6.56%,90.66%,False,1,1,3,653,60,717,0.14%,0.42%,91.07%,8.37%,False,1
2501500,BANANEIRAS,PB,54,66,949,1.069,5.05%,6.17%,88.77%,True,1,7,23,937,102,1069,0.65%,2.15%,87.65%,9.54%,False,1
2501534,BARAUNA,PB,9,17,264,290,3.1%,5.86%,91.03%,False,1,0,6,257,27,290,-,2.07%,88.62%,9.31%,False,1
2501575,BARRA DE SANTANA,PB,19,14,383,416,4.57%,3.37%,92.07%,False,1,4,6,366,40,416,0.96%,1.44%,87.98%,9.62%,False,1
2501609,BARRA DE SANTA ROSA,PB,20,45,604,669,2.99%,6.73%,90.28%,False,1,6,14,600,49,669,0.9%,2.09%,89.69%,7.32%,False,1
2501708,BARRA DE SAO MIGUEL,PB,15,20,374,409,3.67%,4.89%,91.44%,False,1,1,4,371,33,409,0.24%,0.98%,90.71%,8.07%,False,1
2501807,BAYEUX,PB,244,221,2.746,3.211,7.6%,6.88%,85.52%,True,1,30,100,2625,456,3211,0.93%,3.11%,81.75%,14.2%,False,1
2501906,BELEM,PB,37,49,799,885,4.18%,5.54%,90.28%,False,1,3,18,781,83,885,0.34%,2.03%,88.25%,9.38%,False,1
2502003,BELEM DO BREJO DO CRUZ,PB,25,25,262,312,8.01%,8.01%,83.97%,False,1,5,4,270,33,312,1.6%,1.28%,86.54%,10.58%,False,1
2502052,BERNARDINO BATISTA,PB,10,11,236,257,3.89%,4.28%,91.83%,False,1,3,6,239,9,257,1.17%,2.33%,93%,3.5%,False,1
2502102,BOA VENTURA,PB,8,19,284,311,2.57%,6.11%,91.32%,False,1,4,8,277,22,311,1.29%,2.57%,89.07%,7.07%,False,1
2502151,BOA VISTA,PB,8,15,289,312,2.56%,4.81%,92.63%,False,1,2,7,276,27,312,0.64%,2.24%,88.46%,8.65%,False,1
2502201,BOM JESUS,PB,5,7,155,167,2.99%,4.19%,92.81%,False,1,2,6,146,13,167,1.2%,3.59%,87.43%,7.78%,False,1
2502300,BOM SUCESSO,PB,5,6,143,154,3.25%,3.9%,92.86%,False,1,1,1,132,20,154,0.65%,0.65%,85.71%,12.99%,False,1
2502409,BONITO DE SANTA FE,PB,37,60,516,613,6.04%,9.79%,84.18%,False,1,10,20,545,38,613,1.63%,3.26%,88.91%,6.2%,False,1
2502508,BOQUEIRAO,PB,58,55,890,1.003,5.78%,5.48%,88.73%,True,1,4,16,864,119,1003,0.4%,1.6%,86.14%,11.86%,False,1
2502607,IGARACY,PB,9,6,294,309,2.91%,1.94%,95.15%,False,1,2,5,194,108,309,0.65%,1.62%,62.78%,34.95%,False,1
2502706,BORBOREMA,PB,22,14,261,297,7.41%,4.71%,87.88%,False,1,4,9,263,21,297,1.35%,3.03%,88.55%,7.07%,False,1
2502805,BREJO DO CRUZ,PB,22,32,798,852,2.58%,3.76%,93.66%,False,1,2,14,761,75,852,0.23%,1.64%,89.32%,8.8%,False,1
2502904,BREJO DOS SANTOS,PB,3,11,305,319,0.94%,3.45%,95.61%,False,1,0,4,290,25,319,-,1.25%,90.91%,7.84%,False,1
2503001,CAAPORA,PB,47,68,1.078,1.193,3.94%,5.7%,90.36%,True,1,12,23,998,160,1193,1.01%,1.93%,83.65%,13.41%,False,1
2503100,CABACEIRAS,PB,11,16,223,250,4.4%,6.4%,89.2%,False,1,3,4,218,25,250,1.2%,1.6%,87.2%,10%,False,1
2503209,CABEDELO,PB,74,167,2.606,2.847,2.6%,5.87%,91.53%,True,1,14,58,2552,223,2847,0.49%,2.04%,89.64%,7.83%,False,1
2503308,CACHOEIRA DOS INDIOS,PB,13,21,425,459,2.83%,4.58%,92.59%,False,1,2,12,414,31,459,0.44%,2.61%,90.2%,6.75%,False,1
2503407,CACIMBA DE AREIA,PB,3,8,213,224,1.34%,3.57%,95.09%,False,1,1,8,193,22,224,0.45%,3.57%,86.16%,9.82%,False,1
2503506,CACIMBA DE DENTRO,PB,21,62,852,935,2.25%,6.63%,91.12%,False,1,3,22,839,71,935,0.32%,2.35%,89.73%,7.59%,False,1
2503555,CACIMBAS,PB,19,49,460,528,3.6%,9.28%,87.12%,False,1,5,16,487,20,528,0.95%,3.03%,92.23%,3.79%,False,1
2503605,CAICARA,PB,27,16,252,295,9.15%,5.42%,85.42%,False,1,1,9,237,48,295,0.34%,3.05%,80.34%,16.27%,False,1
2503704,CAJAZEIRAS,PB,75,173,2.492,2.74,2.74%,6.31%,90.95%,True,1,16,69,2496,159,2740,0.58%,2.52%,91.09%,5.8%,False,1
2503753,CAJAZEIRINHAS,PB,11,5,180,196,5.61%,2.55%,91.84%,False,1,0,2,166,28,196,-,1.02%,84.69%,14.29%,False,1
2503803,CALDAS BRANDAO,PB,13,27,429,469,2.77%,5.76%,91.47%,False,1,1,8,409,51,469,0.21%,1.71%,87.21%,10.87%,False,1
2503902,CAMALAU,PB,23,15,355,393,5.85%,3.82%,90.33%,False,1,8,8,343,34,393,2.04%,2.04%,87.28%,8.65%,False,1
2504009,CAMPINA GRANDE,PB,436,1.014,14.025,15.475,2.82%,6.55%,90.63%,True,1,65,272,13980,1158,15475,0.42%,1.76%,90.34%,7.48%,False,1
2504033,CAPIM,PB,15,37,644,696,2.16%,5.32%,92.53%,False,1,4,11,608,73,696,0.57%,1.58%,87.36%,10.49%,False,1
2504074,CARAUBAS,PB,28,19,196,243,11.52%,7.82%,80.66%,False,1,6,9,204,24,243,2.47%,3.7%,83.95%,9.88%,False,1
2504108,CARRAPATEIRA,PB,5,13,145,163,3.07%,7.98%,88.96%,False,1,1,8,147,7,163,0.61%,4.91%,90.18%,4.29%,False,1
2504157,CASSERENGUE,PB,7,36,367,410,1.71%,8.78%,89.51%,False,1,1,8,373,28,410,0.24%,1.95%,90.98%,6.83%,False,1
2504207,CATINGUEIRA,PB,23,13,207,243,9.47%,5.35%,85.19%,False,1,0,2,211,30,243,-,0.82%,86.83%,12.35%,False,1
2504306,CATOLE DO ROCHA,PB,27,78,1.437,1.542,1.75%,5.06%,93.19%,True,1,8,19,1374,141,1542,0.52%,1.23%,89.11%,9.14%,False,1
2504355,CATURITE,PB,13,23,342,378,3.44%,6.08%,90.48%,False,1,1,3,331,43,378,0.26%,0.79%,87.57%,11.38%,False,1
2504405,CONCEICAO,PB,43,64,756,863,4.98%,7.42%,87.6%,False,1,11,24,761,67,863,1.27%,2.78%,88.18%,7.76%,False,1
2504504,CONDADO,PB,13,15,328,356,3.65%,4.21%,92.13%,False,1,4,9,313,30,356,1.12%,2.53%,87.92%,8.43%,False,1
2504603,CONDE,PB,73,126,1.544,1.743,4.19%,7.23%,88.58%,True,1,9,38,1488,208,1743,0.52%,2.18%,85.37%,11.93%,False,1
2504702,CONGO,PB,56,30,224,310,18.06%,9.68%,72.26%,False,1,27,17,239,27,310,8.71%,5.48%,77.1%,8.71%,False,1
2504801,COREMAS,PB,30,49,776,855,3.51%,5.73%,90.76%,False,1,11,24,766,54,855,1.29%,2.81%,89.59%,6.32%,False,1
2504850,COXIXOLA,PB,19,10,56,85,22.35%,11.76%,65.88%,False,1,7,8,70,0,85,8.24%,9.41%,82.35%,-,False,1
2504900,CRUZ DO ESPIRITO SANTO,PB,62,67,1.018,1.147,5.41%,5.84%,88.75%,True,1,3,18,976,150,1147,0.26%,1.57%,85.09%,13.08%,False,1
2505006,CUBATI,PB,9,19,437,465,1.94%,4.09%,93.98%,False,1,3,6,400,56,465,0.65%,1.29%,86.02%,12.04%,False,1
2505105,CUITE,PB,27,42,779,848,3.18%,4.95%,91.86%,False,1,4,12,749,83,848,0.47%,1.42%,88.33%,9.79%,False,1
2505204,CUITEGI,PB,21,38,361,420,5%,9.05%,85.95%,False,1,4,5,377,34,420,0.95%,1.19%,89.76%,8.1%,False,1
2505238,CUITE DE MAMANGUAPE,PB,19,19,330,368,5.16%,5.16%,89.67%,False,1,7,5,321,35,368,1.9%,1.36%,87.23%,9.51%,False,1
2505279,CURRAL DE CIMA,PB,22,20,320,362,6.08%,5.52%,88.4%,False,1,4,5,324,29,362,1.1%,1.38%,89.5%,8.01%,False,1
2505303,CURRAL VELHO,PB,8,4,112,124,6.45%,3.23%,90.32%,False,1,0,2,110,12,124,-,1.61%,88.71%,9.68%,False,1
2505352,DAMIAO,PB,21,27,268,316,6.65%,8.54%,84.81%,False,1,4,12,280,20,316,1.27%,3.8%,88.61%,6.33%,False,1
2505402,DESTERRO,PB,43,31,457,531,8.1%,5.84%,86.06%,False,1,3,12,464,52,531,0.56%,2.26%,87.38%,9.79%,False,1
2505501,VISTA SERRANA,PB,1,10,155,166,0.6%,6.02%,93.37%,False,1,1,3,149,13,166,0.6%,1.81%,89.76%,7.83%,False,1
2505600,DIAMANTE,PB,30,18,350,398,7.54%,4.52%,87.94%,False,1,3,18,354,23,398,0.75%,4.52%,88.94%,5.78%,False,1
2505709,DONA INES,PB,15,62,610,687,2.18%,9.02%,88.79%,False,1,3,9,634,41,687,0.44%,1.31%,92.29%,5.97%,False,1
2505808,DUAS ESTRADAS,PB,2,18,203,223,0.9%,8.07%,91.03%,False,1,1,4,199,19,223,0.45%,1.79%,89.24%,8.52%,False,1
2505907,EMAS,PB,12,14,164,190,6.32%,7.37%,86.32%,False,1,0,7,169,14,190,-,3.68%,88.95%,7.37%,False,1
2506004,ESPERANCA,PB,64,117,1.633,1.814,3.53%,6.45%,90.02%,True,1,5,21,1593,195,1814,0.28%,1.16%,87.82%,10.75%,False,1
2506103,FAGUNDES,PB,16,34,654,704,2.27%,4.83%,92.9%,False,1,7,15,620,62,704,0.99%,2.13%,88.07%,8.81%,False,1
2506202,FREI MARTINHO,PB,4,3,96,103,3.88%,2.91%,93.2%,False,1,2,5,91,5,103,1.94%,4.85%,88.35%,4.85%,False,1
2506251,GADO BRAVO,PB,9,30,474,513,1.75%,5.85%,92.4%,False,1,3,12,451,47,513,0.58%,2.34%,87.91%,9.16%,False,1
2506301,GUARABIRA,PB,74,114,2.049,2.237,3.31%,5.1%,91.6%,True,1,11,36,1994,196,2237,0.49%,1.61%,89.14%,8.76%,False,1
2506400,GURINHEM,PB,21,46,763,830,2.53%,5.54%,91.93%,False,1,4,14,720,92,830,0.48%,1.69%,86.75%,11.08%,False,1
2506509,GURJAO,PB,1,9,174,184,0.54%,4.89%,94.57%,False,1,1,0,162,21,184,0.54%,-,88.04%,11.41%,False,1
2506608,IBIARA,PB,10,16,288,314,3.18%,5.1%,91.72%,False,1,2,7,284,21,314,0.64%,2.23%,90.45%,6.69%,False,1
2506707,IMACULADA,PB,16,27,527,570,2.81%,4.74%,92.46%,False,1,8,11,504,47,570,1.4%,1.93%,88.42%,8.25%,False,1
2506806,INGA,PB,62,74,963,1.099,5.64%,6.73%,87.63%,True,1,5,29,943,122,1099,0.45%,2.64%,85.81%,11.1%,False,1
2506905,ITABAIANA,PB,75,73,1.017,1.165,6.44%,6.27%,87.3%,True,1,18,35,950,163,1166,1.54%,3%,81.48%,13.98%,False,1
2507002,ITAPORANGA,PB,31,64,1.075,1.17,2.65%,5.47%,91.88%,True,1,10,25,1067,68,1170,0.85%,2.14%,91.2%,5.81%,False,1
2507101,ITAPOROROCA,PB,62,89,1.051,1.202,5.16%,7.4%,87.44%,True,1,9,28,1021,144,1202,0.75%,2.33%,84.94%,11.98%,False,1
2507200,ITATUBA,PB,22,37,688,747,2.95%,4.95%,92.1%,False,1,2,26,641,78,747,0.27%,3.48%,85.81%,10.44%,False,1
2507309,JACARAU,PB,26,45,679,750,3.47%,6%,90.53%,False,1,2,11,666,71,750,0.27%,1.47%,88.8%,9.47%,False,1
2507408,JERICO,PB,11,9,321,341,3.23%,2.64%,94.13%,False,1,0,6,311,24,341,-,1.76%,91.2%,7.04%,False,1
2507507,JOAO PESSOA,PB,1.156,1.411,16.62,19.187,6.02%,7.35%,86.62%,True,1,188,540,16643,1816,19187,0.98%,2.81%,86.74%,9.46%,False,1
2507606,JUAREZ TAVORA,PB,57,52,444,553,10.31%,9.4%,80.29%,False,1,16,15,480,42,553,2.89%,2.71%,86.8%,7.59%,False,1
2507705,JUAZEIRINHO,PB,64,109,1.059,1.232,5.19%,8.85%,85.96%,True,1,9,36,1100,87,1232,0.73%,2.92%,89.29%,7.06%,False,1
2507804,JUNCO DO SERIDO,PB,8,15,404,427,1.87%,3.51%,94.61%,False,1,4,6,369,48,427,0.94%,1.41%,86.42%,11.24%,False,1
2507903,JURIPIRANGA,PB,12,44,557,613,1.96%,7.18%,90.86%,False,1,7,5,523,78,613,1.14%,0.82%,85.32%,12.72%,False,1
2508000,JURU,PB,7,25,458,490,1.43%,5.1%,93.47%,False,1,5,11,439,35,490,1.02%,2.24%,89.59%,7.14%,False,1
2508109,LAGOA,PB,5,13,203,221,2.26%,5.88%,91.86%,False,1,0,4,188,29,221,-,1.81%,85.07%,13.12%,False,1
2508208,LAGOA DE DENTRO,PB,12,34,386,432,2.78%,7.87%,89.35%,False,1,3,11,357,61,432,0.69%,2.55%,82.64%,14.12%,False,1
2508307,LAGOA SECA,PB,44,113,1.258,1.415,3.11%,7.99%,88.9%,True,1,9,32,1259,115,1415,0.64%,2.26%,88.98%,8.13%,False,1
2508406,LASTRO,PB,4,3,195,202,1.98%,1.49%,96.53%,False,1,1,5,177,19,202,0.5%,2.48%,87.62%,9.41%,False,1
2508505,LIVRAMENTO,PB,12,26,408,446,2.69%,5.83%,91.48%,False,1,1,6,409,30,446,0.22%,1.35%,91.7%,6.73%,False,1
2508554,LOGRADOURO,PB,5,10,177,192,2.6%,5.21%,92.19%,False,1,0,4,164,24,192,-,2.08%,85.42%,12.5%,False,1
2508604,LUCENA,PB,62,57,790,909,6.82%,6.27%,86.91%,False,1,13,26,805,66,910,1.43%,2.86%,88.46%,7.25%,False,1
2508703,MAE D'AGUA,PB,3,11,148,162,1.85%,6.79%,91.36%,False,1,1,3,151,7,162,0.62%,1.85%,93.21%,4.32%,False,1
2508802,MALTA,PB,16,24,330,370,4.32%,6.49%,89.19%,False,1,1,7,331,32,371,0.27%,1.89%,89.22%,8.63%,False,1
2508901,MAMANGUAPE,PB,133,180,2.424,2.737,4.86%,6.58%,88.56%,True,1,22,48,2346,321,2737,0.8%,1.75%,85.71%,11.73%,False,1
2509008,MANAIRA,PB,9,26,564,599,1.5%,4.34%,94.16%,False,1,0,10,551,38,599,-,1.67%,91.99%,6.34%,False,1
2509057,MARCACAO,PB,29,60,699,788,3.68%,7.61%,88.71%,False,1,4,16,695,73,788,0.51%,2.03%,88.2%,9.26%,False,1
2509107,MARI,PB,41,83,1.108,1.232,3.33%,6.74%,89.94%,True,1,7,29,1102,94,1232,0.57%,2.35%,89.45%,7.63%,False,1
2509156,MARIZOPOLIS,PB,7,18,364,389,1.8%,4.63%,93.57%,False,1,0,8,350,31,389,-,2.06%,89.97%,7.97%,False,1
2509206,MASSARANDUBA,PB,16,29,758,803,1.99%,3.61%,94.4%,False,1,1,13,690,99,803,0.12%,1.62%,85.93%,12.33%,False,1
2509305,MATARACA,PB,147,60,554,761,19.32%,7.88%,72.8%,False,1,53,32,611,65,761,6.96%,4.2%,80.29%,8.54%,False,1
2509339,MATINHAS,PB,17,19,240,276,6.16%,6.88%,86.96%,False,1,1,9,233,33,276,0.36%,3.26%,84.42%,11.96%,False,1
2509370,MATO GROSSO,PB,0,7,135,142,-,4.93%,95.07%,False,1,0,0,128,14,142,-,-,90.14%,9.86%,False,1
2509396,MATUREIA,PB,16,25,451,492,3.25%,5.08%,91.67%,False,1,1,9,451,31,492,0.2%,1.83%,91.67%,6.3%,False,1
2509404,MOGEIRO,PB,26,63,835,924,2.81%,6.82%,90.37%,False,1,3,12,800,109,924,0.32%,1.3%,86.58%,11.8%,False,1
2509503,MONTADAS,PB,9,24,328,361,2.49%,6.65%,90.86%,False,1,0,3,321,37,361,-,0.83%,88.92%,10.25%,False,1
2509602,MONTE HOREBE,PB,12,25,241,278,4.32%,8.99%,86.69%,False,1,2,14,246,16,278,0.72%,5.04%,88.49%,5.76%,False,1
2509701,MONTEIRO,PB,119,123,1.691,1.933,6.16%,6.36%,87.48%,True,1,21,53,1695,164,1933,1.09%,2.74%,87.69%,8.48%,False,1
2509800,MULUNGU,PB,24,40,465,529,4.54%,7.56%,87.9%,False,1,1,7,463,58,529,0.19%,1.32%,87.52%,10.96%,False,1
2509909,NATUBA,PB,9,20,431,460,1.96%,4.35%,93.7%,False,1,5,11,396,48,460,1.09%,2.39%,86.09%,10.43%,False,1
2510006,NAZAREZINHO,PB,22,22,299,343,6.41%,6.41%,87.17%,False,1,5,5,277,56,343,1.46%,1.46%,80.76%,16.33%,False,1
2510105,NOVA FLORESTA,PB,20,27,438,485,4.12%,5.57%,90.31%,False,1,7,6,425,47,485,1.44%,1.24%,87.63%,9.69%,False,1
2510204,NOVA OLINDA,PB,12,21,357,390,3.08%,5.38%,91.54%,False,1,3,4,335,48,390,0.77%,1.03%,85.9%,12.31%,False,1
2510303,NOVA PALMEIRA,PB,2,13,172,187,1.07%,6.95%,91.98%,False,1,0,4,167,16,187,-,2.14%,89.3%,8.56%,False,1
2510402,OLHO D'AGUA,PB,14,21,323,358,3.91%,5.87%,90.22%,False,1,2,7,321,28,358,0.56%,1.96%,89.66%,7.82%,False,1
2510501,OLIVEDOS,PB,13,9,161,183,7.1%,4.92%,87.98%,False,1,2,6,158,17,183,1.09%,3.28%,86.34%,9.29%,False,1
2510600,OURO VELHO,PB,5,4,170,179,2.79%,2.23%,94.97%,False,1,0,1,158,20,179,-,0.56%,88.27%,11.17%,False,1
2510659,PARARI,PB,6,14,65,85,7.06%,16.47%,76.47%,False,1,2,4,75,4,85,2.35%,4.71%,88.24%,4.71%,False,1
2510709,PASSAGEM,PB,6,7,124,137,4.38%,5.11%,90.51%,False,1,2,4,124,7,137,1.46%,2.92%,90.51%,5.11%,False,1
2510808,PATOS,PB,135,270,4.686,5.091,2.65%,5.3%,92.04%,True,1,29,110,4579,373,5091,0.57%,2.16%,89.94%,7.33%,False,1
2510907,PAULISTA,PB,20,30,549,599,3.34%,5.01%,91.65%,False,1,2,10,537,50,599,0.33%,1.67%,89.65%,8.35%,False,1
2511004,PEDRA BRANCA,PB,21,12,151,184,11.41%,6.52%,82.07%,False,1,7,11,150,16,184,3.8%,5.98%,81.52%,8.7%,False,1
2511103,PEDRA LAVRADA,PB,1,7,331,339,0.29%,2.06%,97.64%,False,1,2,3,303,31,339,0.59%,0.88%,89.38%,9.14%,False,1
2511202,PEDRAS DE FOGO,PB,39,88,1.426,1.553,2.51%,5.67%,91.82%,True,1,10,26,1346,171,1553,0.64%,1.67%,86.67%,11.01%,False,1
2511301,PIANCO,PB,16,51,645,712,2.25%,7.16%,90.59%,False,1,8,11,645,48,712,1.12%,1.54%,90.59%,6.74%,False,1
2511400,PICUI,PB,13,54,1.098,1.165,1.12%,4.64%,94.25%,True,1,2,17,1057,89,1165,0.17%,1.46%,90.73%,7.64%,False,1
2511509,PILAR,PB,37,51,747,835,4.43%,6.11%,89.46%,False,1,6,26,711,92,835,0.72%,3.11%,85.15%,11.02%,False,1
2511608,PILOES,PB,29,31,406,466,6.22%,6.65%,87.12%,False,1,2,9,411,44,466,0.43%,1.93%,88.2%,9.44%,False,1
2511707,PILOEZINHOS,PB,13,36,340,389,3.34%,9.25%,87.4%,False,1,1,6,341,41,389,0.26%,1.54%,87.66%,10.54%,False,1
2511806,PIRPIRITUBA,PB,27,26,422,475,5.68%,5.47%,88.84%,False,1,4,5,433,33,475,0.84%,1.05%,91.16%,6.95%,False,1
2511905,PITIMBU,PB,47,61,806,914,5.14%,6.67%,88.18%,False,1,1,18,753,142,914,0.11%,1.97%,82.39%,15.54%,False,1
2512002,POCINHOS,PB,54,85,979,1.118,4.83%,7.6%,87.57%,True,1,8,25,978,107,1118,0.72%,2.24%,87.48%,9.57%,False,1
2512036,POCO DANTAS,PB,7,9,211,227,3.08%,3.96%,92.95%,False,1,2,4,197,24,227,0.88%,1.76%,86.78%,10.57%,False,1
2512077,POCO DE JOSE DE MOURA,PB,13,8,178,199,6.53%,4.02%,89.45%,False,1,0,4,178,17,199,-,2.01%,89.45%,8.54%,False,1
2512101,POMBAL,PB,42,68,1.301,1.411,2.98%,4.82%,92.2%,True,1,6,34,1266,105,1411,0.43%,2.41%,89.72%,7.44%,False,1
2512200,PRATA,PB,38,17,175,230,16.52%,7.39%,76.09%,False,1,11,10,187,22,230,4.78%,4.35%,81.3%,9.57%,False,1
2512309,PRINCESA ISABEL,PB,36,63,964,1.063,3.39%,5.93%,90.69%,True,1,5,16,957,85,1063,0.47%,1.51%,90.03%,8%,False,1
2512408,PUXINANA,PB,29,55,854,938,3.09%,5.86%,91.04%,False,1,4,17,836,81,938,0.43%,1.81%,89.13%,8.64%,False,1
2512507,QUEIMADAS,PB,584,288,2.105,2.977,19.62%,9.67%,70.71%,True,1,256,179,2348,194,2977,8.6%,6.01%,78.87%,6.52%,False,1
2512606,QUIXABA,PB,3,3,92,98,3.06%,3.06%,93.88%,False,1,2,0,91,5,98,2.04%,-,92.86%,5.1%,False,1
2512705,REMIGIO,PB,60,86,734,880,6.82%,9.77%,83.41%,False,1,6,23,790,61,880,0.68%,2.61%,89.77%,6.93%,False,1
2512721,PEDRO REGIS,PB,11,26,279,316,3.48%,8.23%,88.29%,False,1,1,8,276,31,316,0.32%,2.53%,87.34%,9.81%,False,1
2512747,RIACHAO,PB,4,11,174,189,2.12%,5.82%,92.06%,False,1,1,2,173,13,189,0.53%,1.06%,91.53%,6.88%,False,1
2512754,RIACHAO DO BACAMARTE,PB,12,13,283,308,3.9%,4.22%,91.88%,False,1,0,1,279,28,308,-,0.32%,90.58%,9.09%,False,1
2512762,RIACHAO DO POCO,PB,21,16,280,317,6.62%,5.05%,88.33%,False,1,3,3,279,32,317,0.95%,0.95%,88.01%,10.09%,False,1
2512788,RIACHO DE SANTO ANTONIO,PB,39,14,99,152,25.66%,9.21%,65.13%,False,1,5,3,125,19,152,3.29%,1.97%,82.24%,12.5%,False,1
2512804,RIACHO DOS CAVALOS,PB,9,32,399,440,2.05%,7.27%,90.68%,False,1,4,10,394,32,440,0.91%,2.27%,89.55%,7.27%,False,1
2512903,RIO TINTO,PB,141,125,1.498,1.764,7.99%,7.09%,84.92%,True,1,14,59,1526,165,1764,0.79%,3.34%,86.51%,9.35%,False,1
2513000,SALGADINHO,PB,1,9,170,180,0.56%,5%,94.44%,False,1,0,7,153,20,180,-,3.89%,85%,11.11%,False,1
2513109,SALGADO DE SAO FELIX,PB,29,58,605,692,4.19%,8.38%,87.43%,False,1,6,13,599,74,692,0.87%,1.88%,86.56%,10.69%,False,1
2513158,SANTA CECILIA,PB,14,36,423,473,2.96%,7.61%,89.43%,False,1,6,4,424,39,473,1.27%,0.85%,89.64%,8.25%,False,1
2513208,SANTA CRUZ,PB,4,9,272,285,1.4%,3.16%,95.44%,False,1,2,6,258,19,285,0.7%,2.11%,90.53%,6.67%,False,1
2513307,SANTA HELENA,PB,9,15,256,280,3.21%,5.36%,91.43%,False,1,1,6,248,25,280,0.36%,2.14%,88.57%,8.93%,False,1
2513356,SANTA INES,PB,10,19,203,232,4.31%,8.19%,87.5%,False,1,1,6,209,16,232,0.43%,2.59%,90.09%,6.9%,False,1
2513406,SANTA LUZIA,PB,10,34,827,871,1.15%,3.9%,94.95%,False,1,3,15,769,84,871,0.34%,1.72%,88.29%,9.64%,False,1
2513505,SANTANA DE MANGUEIRA,PB,15,17,274,306,4.9%,5.56%,89.54%,False,1,3,7,276,20,306,0.98%,2.29%,90.2%,6.54%,False,1
2513604,SANTANA DOS GARROTES,PB,10,15,280,305,3.28%,4.92%,91.8%,False,1,0,6,273,26,305,-,1.97%,89.51%,8.52%,False,1
2513653,JOCA CLAUDINO,PB,5,8,99,112,4.46%,7.14%,88.39%,False,1,3,2,100,7,112,2.68%,1.79%,89.29%,6.25%,False,1
2513703,SANTA RITA,PB,325,413,4.718,5.456,5.96%,7.57%,86.47%,True,1,44,171,4671,570,5456,0.81%,3.13%,85.61%,10.45%,False,1
2513802,SANTA TERESINHA,PB,3,8,201,212,1.42%,3.77%,94.81%,False,1,1,2,191,18,212,0.47%,0.94%,90.09%,8.49%,False,1
2513851,SANTO ANDRE,PB,5,5,121,131,3.82%,3.82%,92.37%,False,1,1,2,108,20,131,0.76%,1.53%,82.44%,15.27%,False,1
2513901,SAO BENTO,PB,38,82,1.31,1.43,2.66%,5.73%,91.61%,True,1,10,15,1299,106,1430,0.7%,1.05%,90.84%,7.41%,False,1
2513927,SAO BENTINHO,PB,2,13,232,247,0.81%,5.26%,93.93%,False,1,2,5,218,22,247,0.81%,2.02%,88.26%,8.91%,False,1
2513943,SAO DOMINGOS DO CARIRI,PB,2,6,134,142,1.41%,4.23%,94.37%,False,1,2,0,136,4,142,1.41%,-,95.77%,2.82%,False,1
2513968,SAO DOMINGOS,PB,3,4,128,135,2.22%,2.96%,94.81%,False,1,1,1,127,6,135,0.74%,0.74%,94.07%,4.44%,False,1
2513984,SAO FRANCISCO,PB,7,7,173,187,3.74%,3.74%,92.51%,False,1,2,5,155,25,187,1.07%,2.67%,82.89%,13.37%,False,1
2514008,SAO JOAO DO CARIRI,PB,11,17,200,228,4.82%,7.46%,87.72%,False,1,1,6,196,25,228,0.44%,2.63%,85.96%,10.96%,False,1
2514107,SAO JOAO DO TIGRE,PB,33,13,172,218,15.14%,5.96%,78.9%,False,1,11,13,181,13,218,5.05%,5.96%,83.03%,5.96%,False,1
2514206,SAO JOSE DA LAGOA TAPADA,PB,17,26,340,383,4.44%,6.79%,88.77%,False,1,3,8,345,27,383,0.78%,2.09%,90.08%,7.05%,False,1
2514305,SAO JOSE DE CAIANA,PB,20,26,320,366,5.46%,7.1%,87.43%,False,1,1,9,331,25,366,0.27%,2.46%,90.44%,6.83%,False,1
2514404,SAO JOSE DE ESPINHARAS,PB,12,15,210,237,5.06%,6.33%,88.61%,False,1,0,6,210,21,237,-,2.53%,88.61%,8.86%,False,1
2514453,SAO JOSE DOS RAMOS,PB,19,25,350,394,4.82%,6.35%,88.83%,False,1,2,8,329,55,394,0.51%,2.03%,83.5%,13.96%,False,1
2514503,SAO JOSE DE PIRANHAS,PB,39,66,786,891,4.38%,7.41%,88.22%,False,1,4,28,807,52,891,0.45%,3.14%,90.57%,5.84%,False,1
2514552,SAO JOSE DE PRINCESA,PB,6,16,195,217,2.76%,7.37%,89.86%,False,1,1,5,201,10,217,0.46%,2.3%,92.63%,4.61%,False,1
2514602,SAO JOSE DO BONFIM,PB,2,4,210,216,0.93%,1.85%,97.22%,False,1,2,2,191,21,216,0.93%,0.93%,88.43%,9.72%,False,1
2514651,SAO JOSE DO BREJO DO CRUZ,PB,1,5,86,92,1.09%,5.43%,93.48%,False,1,0,2,79,11,92,-,2.17%,85.87%,11.96%,False,1
2514701,SAO JOSE DO SABUGI,PB,12,9,205,226,5.31%,3.98%,90.71%,False,1,1,0,195,30,226,0.44%,-,86.28%,13.27%,False,1
2514800,SAO JOSE DOS CORDEIROS,PB,22,18,154,194,11.34%,9.28%,79.38%,False,1,7,9,157,21,194,3.61%,4.64%,80.93%,10.82%,False,1
2514909,SAO MAMEDE,PB,8,20,361,389,2.06%,5.14%,92.8%,False,1,3,9,340,37,389,0.77%,2.31%,87.4%,9.51%,False,1
2515005,SAO MIGUEL DE TAIPU,PB,8,31,506,545,1.47%,5.69%,92.84%,False,1,2,9,469,65,545,0.37%,1.65%,86.06%,11.93%,False,1
2515104,SAO SEBASTIAO DE LAGOA DE ROCA,PB,17,25,472,514,3.31%,4.86%,91.83%,False,1,1,10,453,50,514,0.19%,1.95%,88.13%,9.73%,False,1
2515203,SAO SEBASTIAO DO UMBUZEIRO,PB,9,17,184,210,4.29%,8.1%,87.62%,False,1,3,6,184,17,210,1.43%,2.86%,87.62%,8.1%,False,1
2515302,SAPE,PB,145,178,2.138,2.461,5.89%,7.23%,86.88%,True,1,20,49,2117,275,2461,0.81%,1.99%,86.02%,11.17%,False,1
2515401,SAO VICENTE DO SERIDO,PB,28,44,646,718,3.9%,6.13%,89.97%,False,1,1,13,632,72,718,0.14%,1.81%,88.02%,10.03%,False,1
2515500,SERRA BRANCA,PB,21,31,497,549,3.83%,5.65%,90.53%,False,1,6,7,484,52,549,1.09%,1.28%,88.16%,9.47%,False,1
2515609,SERRA DA RAIZ,PB,4,11,140,155,2.58%,7.1%,90.32%,False,1,1,5,135,14,155,0.65%,3.23%,87.1%,9.03%,False,1
2515708,SERRA GRANDE,PB,11,7,160,178,6.18%,3.93%,89.89%,False,1,1,2,160,15,178,0.56%,1.12%,89.89%,8.43%,False,1
2515807,SERRA REDONDA,PB,13,17,363,393,3.31%,4.33%,92.37%,False,1,4,6,341,42,393,1.02%,1.53%,86.77%,10.69%,False,1
2515906,SERRARIA,PB,34,27,280,341,9.97%,7.92%,82.11%,False,1,4,11,304,22,341,1.17%,3.23%,89.15%,6.45%,False,1
2515930,SERTAOZINHO,PB,4,23,266,293,1.37%,7.85%,90.78%,False,1,2,4,267,20,293,0.68%,1.37%,91.13%,6.83%,False,1
2515971,SOBRADO,PB,21,32,532,585,3.59%,5.47%,90.94%,False,1,0,5,521,59,585,-,0.85%,89.06%,10.09%,False,1
2516003,SOLANEA,PB,45,90,1.352,1.487,3.03%,6.05%,90.92%,True,1,11,33,1279,164,1487,0.74%,2.22%,86.01%,11.03%,False,1
2516102,SOLEDADE,PB,24,34,742,800,3%,4.25%,92.75%,False,1,1,11,722,66,800,0.13%,1.38%,90.25%,8.25%,False,1
2516151,SOSSEGO,PB,8,10,255,273,2.93%,3.66%,93.41%,False,1,1,1,251,20,273,0.37%,0.37%,91.94%,7.33%,False,1
2516201,SOUSA,PB,160,185,3.209,3.554,4.5%,5.21%,90.29%,True,1,26,99,3133,296,3554,0.73%,2.79%,88.15%,8.33%,False,1
2516300,SUME,PB,80,50,737,867,9.23%,5.77%,85.01%,False,1,30,34,746,57,867,3.46%,3.92%,86.04%,6.57%,False,1
2516409,TACIMA,PB,24,40,480,544,4.41%,7.35%,88.24%,False,1,1,17,472,54,544,0.18%,3.13%,86.76%,9.93%,False,1
2516508,TAPEROA,PB,35,55,752,842,4.16%,6.53%,89.31%,False,1,11,17,724,90,842,1.31%,2.02%,85.99%,10.69%,False,1
2516607,TAVARES,PB,15,29,762,806,1.86%,3.6%,94.54%,False,1,4,13,729,60,806,0.5%,1.61%,90.45%,7.44%,False,1
2516706,TEIXEIRA,PB,25,68,976,1.069,2.34%,6.36%,91.3%,True,1,14,28,938,89,1069,1.31%,2.62%,87.75%,8.33%,False,1
2516755,TENORIO,PB,3,8,218,229,1.31%,3.49%,95.2%,False,1,0,2,195,32,229,-,0.87%,85.15%,13.97%,False,1
2516805,TRIUNFO,PB,13,27,320,360,3.61%,7.5%,88.89%,False,1,2,10,320,28,360,0.56%,2.78%,88.89%,7.78%,False,1
2516904,UIRAUNA,PB,30,57,688,775,3.87%,7.35%,88.77%,False,1,6,25,674,70,775,0.77%,3.23%,86.97%,9.03%,False,1
2517001,UMBUZEIRO,PB,26,38,454,518,5.02%,7.34%,87.64%,False,1,4,10,449,55,518,0.77%,1.93%,86.68%,10.62%,False,1
2517100,VARZEA,PB,0,6,123,129,-,4.65%,95.35%,False,1,0,2,115,12,129,-,1.55%,89.15%,9.3%,False,1
2517209,VIEIROPOLIS,PB,11,8,211,230,4.78%,3.48%,91.74%,False,1,5,2,203,20,230,2.17%,0.87%,88.26%,8.7%,False,1
2517407,ZABELE,PB,5,7,92,104,4.81%,6.73%,88.46%,False,1,2,3,91,8,104,1.92%,2.88%,87.5%,7.69%,False,1
2600054,ABREU E LIMA,PE,158,197,2.817,3.172,4.98%,6.21%,88.81%,True,1,21,58,2704,389,3172,0.66%,1.83%,85.25%,12.26%,False,1
2600104,AFOGADOS DA INGAZEIRA,PE,233,156,2.036,2.425,9.61%,6.43%,83.96%,True,1,92,94,2064,175,2425,3.79%,3.88%,85.11%,7.22%,False,1
2600203,AFRANIO,PE,41,49,977,1.067,3.84%,4.59%,91.57%,True,1,5,26,931,105,1067,0.47%,2.44%,87.25%,9.84%,False,1
2600302,AGRESTINA,PE,36,74,1.068,1.178,3.06%,6.28%,90.66%,True,1,3,26,1056,93,1178,0.25%,2.21%,89.64%,7.89%,False,1
2600401,AGUA PRETA,PE,152,87,1.254,1.493,10.18%,5.83%,83.99%,True,1,32,31,1185,245,1493,2.14%,2.08%,79.37%,16.41%,False,1
2600500,AGUAS BELAS,PE,192,254,2.75,3.196,6.01%,7.95%,86.05%,True,1,19,79,2859,239,3196,0.59%,2.47%,89.46%,7.48%,False,1
2600609,ALAGOINHA,PE,27,54,927,1.008,2.68%,5.36%,91.96%,True,1,10,22,878,98,1008,0.99%,2.18%,87.1%,9.72%,False,1
2600708,ALIANCA,PE,55,96,2.188,2.339,2.35%,4.1%,93.54%,True,1,17,36,2069,217,2339,0.73%,1.54%,88.46%,9.28%,False,1
2600807,ALTINHO,PE,18,30,967,1.015,1.77%,2.96%,95.27%,True,1,2,7,940,66,1015,0.2%,0.69%,92.61%,6.5%,False,1
2600906,AMARAJI,PE,50,73,999,1.122,4.46%,6.51%,89.04%,True,1,23,30,954,115,1122,2.05%,2.67%,85.03%,10.25%,False,1
2601003,ANGELIM,PE,23,38,593,654,3.52%,5.81%,90.67%,False,1,6,11,590,47,654,0.92%,1.68%,90.21%,7.19%,False,1
2601052,ARACOIABA,PE,56,71,1.17,1.297,4.32%,5.47%,90.21%,True,1,12,29,1102,154,1297,0.93%,2.24%,84.97%,11.87%,False,1
2601102,ARARIPINA,PE,213,377,5.139,5.729,3.72%,6.58%,89.7%,True,1,50,147,5172,360,5729,0.87%,2.57%,90.28%,6.28%,False,1
2601201,ARCOVERDE,PE,145,231,3.356,3.732,3.89%,6.19%,89.92%,True,1,17,88,3313,314,3732,0.46%,2.36%,88.77%,8.41%,False,1
2601300,BARRA DE GUABIRABA,PE,47,64,625,736,6.39%,8.7%,84.92%,False,1,3,23,634,76,736,0.41%,3.13%,86.14%,10.33%,False,1
2601409,BARREIROS,PE,173,196,1.894,2.263,7.64%,8.66%,83.69%,True,1,21,51,1990,201,2263,0.93%,2.25%,87.94%,8.88%,False,1
2601508,BELEM DE MARIA,PE,27,25,451,503,5.37%,4.97%,89.66%,False,1,1,9,414,79,503,0.2%,1.79%,82.31%,15.71%,False,1
2601607,BELEM DO SAO FRANCISCO,PE,50,77,1.011,1.138,4.39%,6.77%,88.84%,True,1,10,28,1008,92,1138,0.88%,2.46%,88.58%,8.08%,False,1
2601706,BELO JARDIM,PE,80,230,4.002,4.312,1.86%,5.33%,92.81%,True,1,9,71,3905,327,4312,0.21%,1.65%,90.56%,7.58%,False,1
2601805,BETANIA,PE,32,37,593,662,4.83%,5.59%,89.58%,False,1,5,10,555,92,662,0.76%,1.51%,83.84%,13.9%,False,1
2601904,BEZERROS,PE,129,208,2.518,2.855,4.52%,7.29%,88.2%,True,1,25,67,2477,286,2855,0.88%,2.35%,86.76%,10.02%,False,1
2602001,BODOCO,PE,97,133,2.019,2.249,4.31%,5.91%,89.77%,True,1,12,51,2023,164,2250,0.53%,2.27%,89.91%,7.29%,False,1
2602100,BOM CONSELHO,PE,153,206,2.312,2.671,5.73%,7.71%,86.56%,True,1,24,71,2381,195,2671,0.9%,2.66%,89.14%,7.3%,False,1
2602209,BOM JARDIM,PE,59,116,1.678,1.853,3.18%,6.26%,90.56%,True,1,11,40,1576,226,1853,0.59%,2.16%,85.05%,12.2%,False,1
2602308,BONITO,PE,173,208,2.138,2.519,6.87%,8.26%,84.87%,True,1,10,67,2251,191,2519,0.4%,2.66%,89.36%,7.58%,False,1
2602407,BREJAO,PE,55,58,732,845,6.51%,6.86%,86.63%,False,1,6,20,744,75,845,0.71%,2.37%,88.05%,8.88%,False,1
2602506,BREJINHO,PE,13,22,426,461,2.82%,4.77%,92.41%,False,1,3,6,410,42,461,0.65%,1.3%,88.94%,9.11%,False,1
2602605,BREJO DA MADRE DE DEUS,PE,120,138,2.428,2.686,4.47%,5.14%,90.39%,True,1,15,51,2354,266,2686,0.56%,1.9%,87.64%,9.9%,False,1
2602704,BUENOS AIRES,PE,21,24,672,717,2.93%,3.35%,93.72%,False,1,2,12,658,45,717,0.28%,1.67%,91.77%,6.28%,False,1
2602803,BUIQUE,PE,174,254,3.2,3.628,4.8%,7%,88.2%,True,1,23,83,3224,298,3628,0.63%,2.29%,88.86%,8.21%,False,1
2602902,CABO DE SANTO AGOSTINHO,PE,1.185,665,5.071,6.921,17.12%,9.61%,73.27%,True,1,435,383,5557,549,6924,6.28%,5.53%,80.26%,7.93%,False,1
2603009,CABROBO,PE,73,95,1.563,1.731,4.22%,5.49%,90.29%,True,1,14,38,1421,258,1731,0.81%,2.2%,82.09%,14.9%,False,1
2603108,CACHOEIRINHA,PE,45,81,1.171,1.297,3.47%,6.25%,90.29%,True,1,9,21,1139,128,1297,0.69%,1.62%,87.82%,9.87%,False,1
2603207,CAETES,PE,175,211,1.626,2.012,8.7%,10.49%,80.82%,True,1,29,71,1794,118,2012,1.44%,3.53%,89.17%,5.86%,False,1
2603306,CALCADO,PE,26,44,465,535,4.86%,8.22%,86.92%,False,1,7,10,485,33,535,1.31%,1.87%,90.65%,6.17%,False,1
2603405,CALUMBI,PE,16,28,338,382,4.19%,7.33%,88.48%,False,1,3,10,327,42,382,0.79%,2.62%,85.6%,10.99%,False,1
2603454,CAMARAGIBE,PE,207,342,4.683,5.232,3.96%,6.54%,89.51%,True,1,25,97,4558,552,5232,0.48%,1.85%,87.12%,10.55%,False,1
2603504,CAMOCIM DE SAO FELIX,PE,30,60,763,853,3.52%,7.03%,89.45%,False,1,4,14,748,87,853,0.47%,1.64%,87.69%,10.2%,False,1
2603603,CAMUTANGA,PE,14,35,422,471,2.97%,7.43%,89.6%,False,1,2,4,416,49,471,0.42%,0.85%,88.32%,10.4%,False,1
2603702,CANHOTINHO,PE,102,121,1.218,1.441,7.08%,8.4%,84.52%,True,1,49,71,1093,228,1441,3.4%,4.93%,75.85%,15.82%,False,1
2603801,CAPOEIRAS,PE,57,74,1.135,1.266,4.5%,5.85%,89.65%,True,1,5,27,1145,89,1266,0.39%,2.13%,90.44%,7.03%,False,1
2603900,CARNAIBA,PE,56,52,1.035,1.143,4.9%,4.55%,90.55%,True,1,15,18,1000,110,1143,1.31%,1.57%,87.49%,9.62%,False,1
2603926,CARNAUBEIRA DA PENHA,PE,40,77,716,833,4.8%,9.24%,85.95%,False,1,13,37,730,53,833,1.56%,4.44%,87.64%,6.36%,False,1
2604007,CARPINA,PE,134,160,2.933,3.227,4.15%,4.96%,90.89%,True,1,26,58,2773,370,3227,0.81%,1.8%,85.93%,11.47%,False,1
2604106,CARUARU,PE,1.011,1.567,14.516,17.094,5.91%,9.17%,84.92%,True,1,129,439,15225,1301,17094,0.75%,2.57%,89.07%,7.61%,False,1
2604155,CASINHAS,PE,31,45,808,884,3.51%,5.09%,91.4%,False,1,4,18,765,97,884,0.45%,2.04%,86.54%,10.97%,False,1
2604205,CATENDE,PE,123,96,1.879,2.098,5.86%,4.58%,89.56%,True,1,15,52,1584,447,2098,0.71%,2.48%,75.5%,21.31%,False,1
2604304,CEDRO,PE,16,40,565,621,2.58%,6.44%,90.98%,False,1,1,12,570,38,621,0.16%,1.93%,91.79%,6.12%,False,1
2604403,CHA DE ALEGRIA,PE,32,62,557,651,4.92%,9.52%,85.56%,False,1,0,11,565,75,651,-,1.69%,86.79%,11.52%,False,1
2604502,CHA GRANDE,PE,55,80,954,1.089,5.05%,7.35%,87.6%,True,1,5,27,957,100,1089,0.46%,2.48%,87.88%,9.18%,False,1
2604601,CONDADO,PE,53,78,1.137,1.268,4.18%,6.15%,89.67%,True,1,13,29,1092,134,1268,1.03%,2.29%,86.12%,10.57%,False,1
2604700,CORRENTES,PE,76,82,799,957,7.94%,8.57%,83.49%,False,1,16,31,797,113,957,1.67%,3.24%,83.28%,11.81%,False,1
2604809,CORTES,PE,48,41,370,459,10.46%,8.93%,80.61%,False,1,2,11,391,54,458,0.44%,2.4%,85.37%,11.79%,False,1
2604908,CUMARU,PE,36,38,676,750,4.8%,5.07%,90.13%,False,1,7,12,651,80,750,0.93%,1.6%,86.8%,10.67%,False,1
2605004,CUPIRA,PE,36,79,1.387,1.502,2.4%,5.26%,92.34%,True,1,10,20,1329,143,1502,0.67%,1.33%,88.48%,9.52%,False,1
2605103,CUSTODIA,PE,95,101,1.852,2.048,4.64%,4.93%,90.43%,True,1,21,46,1776,205,2048,1.03%,2.25%,86.72%,10.01%,False,1
2605152,DORMENTES,PE,29,41,946,1.016,2.85%,4.04%,93.11%,True,1,5,20,916,75,1016,0.49%,1.97%,90.16%,7.38%,False,1
2605202,ESCADA,PE,460,263,2.136,2.859,16.09%,9.2%,74.71%,True,1,165,167,2223,305,2860,5.77%,5.84%,77.73%,10.66%,False,1
2605301,EXU,PE,129,163,1.807,2.099,6.15%,7.77%,86.09%,True,1,15,57,1869,159,2100,0.71%,2.71%,89%,7.57%,False,1
2605400,FEIRA NOVA,PE,32,52,1.26,1.344,2.38%,3.87%,93.75%,True,1,10,22,1046,266,1344,0.74%,1.64%,77.83%,19.79%,False,1
2605459,FERNANDO DE NORONHA,PE,0,2,177,179,-,1.12%,98.88%,False,1,0,2,162,15,179,-,1.12%,90.5%,8.38%,False,1
2605509,FERREIROS,PE,16,29,594,639,2.5%,4.54%,92.96%,False,1,9,10,561,59,639,1.41%,1.56%,87.79%,9.23%,False,1
2605608,FLORES,PE,35,53,1.053,1.141,3.07%,4.65%,92.29%,True,1,5,19,992,125,1141,0.44%,1.67%,86.94%,10.96%,False,1
2605707,FLORESTA,PE,61,89,1.749,1.899,3.21%,4.69%,92.1%,True,1,12,40,1701,147,1900,0.63%,2.11%,89.53%,7.74%,False,1
2605806,FREI MIGUELINHO,PE,18,21,631,670,2.69%,3.13%,94.18%,False,1,5,9,545,111,670,0.75%,1.34%,81.34%,16.57%,False,1
2605905,GAMELEIRA,PE,75,101,1.089,1.265,5.93%,7.98%,86.09%,True,1,16,33,1077,139,1265,1.26%,2.61%,85.14%,10.99%,False,1
2606002,GARANHUNS,PE,429,606,6.087,7.122,6.02%,8.51%,85.47%,True,1,61,166,6350,545,7122,0.86%,2.33%,89.16%,7.65%,False,1
2606101,GLORIA DO GOITA,PE,51,79,1.462,1.592,3.2%,4.96%,91.83%,True,1,7,17,1422,146,1592,0.44%,1.07%,89.32%,9.17%,False,1
2606200,GOIANA,PE,165,236,3.694,4.095,4.03%,5.76%,90.21%,True,1,15,63,3585,432,4095,0.37%,1.54%,87.55%,10.55%,False,1
2606309,GRANITO,PE,15,29,395,439,3.42%,6.61%,89.98%,False,1,2,9,376,52,439,0.46%,2.05%,85.65%,11.85%,False,1
2606408,GRAVATA,PE,182,311,3.139,3.632,5.01%,8.56%,86.43%,True,1,22,55,3249,306,3632,0.61%,1.51%,89.45%,8.43%,False,1
2606507,IATI,PE,49,81,1.156,1.286,3.81%,6.3%,89.89%,True,1,6,32,1162,86,1286,0.47%,2.49%,90.36%,6.69%,False,1
2606606,IBIMIRIM,PE,55,107,1.315,1.477,3.72%,7.24%,89.03%,True,1,6,33,1330,108,1477,0.41%,2.23%,90.05%,7.31%,False,1
2606705,IBIRAJUBA,PE,19,25,407,451,4.21%,5.54%,90.24%,False,1,6,9,398,38,451,1.33%,2%,88.25%,8.43%,False,1
2606804,IGARASSU,PE,230,273,3.538,4.041,5.69%,6.76%,87.55%,True,1,27,79,3429,506,4041,0.67%,1.95%,84.86%,12.52%,False,1
2606903,IGUARACY,PE,13,31,455,499,2.61%,6.21%,91.18%,False,1,6,16,429,48,499,1.2%,3.21%,85.97%,9.62%,False,1
2607000,INAJA,PE,130,216,1.426,1.772,7.34%,12.19%,80.47%,True,1,22,36,1586,128,1772,1.24%,2.03%,89.5%,7.22%,False,1
2607109,INGAZEIRA,PE,8,12,298,318,2.52%,3.77%,93.71%,False,1,2,6,266,44,318,0.63%,1.89%,83.65%,13.84%,False,1
2607208,IPOJUCA,PE,1.057,439,3.841,5.337,19.81%,8.23%,71.97%,True,1,502,293,4017,525,5337,9.41%,5.49%,75.27%,9.84%,False,1
2607307,IPUBI,PE,321,187,2.113,2.621,12.25%,7.13%,80.62%,True,1,95,115,2210,200,2620,3.63%,4.39%,84.35%,7.63%,False,1
2607406,ITACURUBA,PE,16,24,282,322,4.97%,7.45%,87.58%,False,1,2,9,279,32,322,0.62%,2.8%,86.65%,9.94%,False,1
2607505,ITAIBA,PE,91,149,1.749,1.989,4.58%,7.49%,87.93%,True,1,18,36,1812,123,1989,0.9%,1.81%,91.1%,6.18%,False,1
2607604,ILHA DE ITAMARACA,PE,47,70,762,879,5.35%,7.96%,86.69%,False,1,4,17,761,97,879,0.46%,1.93%,86.58%,11.04%,False,1
2607653,ITAMBE,PE,75,116,1.717,1.908,3.93%,6.08%,89.99%,True,1,11,43,1660,194,1908,0.58%,2.25%,87%,10.17%,False,1
2607703,ITAPETIM,PE,20,28,686,734,2.72%,3.81%,93.46%,False,1,4,16,648,66,734,0.54%,2.18%,88.28%,8.99%,False,1
2607752,ITAPISSUMA,PE,48,107,1.097,1.252,3.83%,8.55%,87.62%,True,1,6,31,1107,108,1252,0.48%,2.48%,88.42%,8.63%,False,1
2607802,ITAQUITINGA,PE,16,39,716,771,2.08%,5.06%,92.87%,False,1,3,3,686,79,771,0.39%,0.39%,88.98%,10.25%,False,1
2607901,JABOATAO DOS GUARARAPES,PE,1.014,1.202,14.078,16.294,6.22%,7.38%,86.4%,True,1,227,427,14018,1626,16298,1.39%,2.62%,86.01%,9.98%,False,1
2607950,JAQUEIRA,PE,9,38,584,631,1.43%,6.02%,92.55%,False,1,4,6,560,61,631,0.63%,0.95%,88.75%,9.67%,False,1
2608008,JATAUBA,PE,26,53,854,933,2.79%,5.68%,91.53%,False,1,4,26,824,79,933,0.43%,2.79%,88.32%,8.47%,False,1
2608057,JATOBA,PE,21,33,678,732,2.87%,4.51%,92.62%,False,1,7,18,644,63,732,0.96%,2.46%,87.98%,8.61%,False,1
2608107,JOAO ALFREDO,PE,48,91,1.183,1.322,3.63%,6.88%,89.49%,True,1,10,29,1146,137,1322,0.76%,2.19%,86.69%,10.36%,False,1
2608206,JOAQUIM NABUCO,PE,58,63,742,863,6.72%,7.3%,85.98%,False,1,12,25,717,109,863,1.39%,2.9%,83.08%,12.63%,False,1
2608255,JUCATI,PE,46,62,676,784,5.87%,7.91%,86.22%,False,1,20,20,681,63,784,2.55%,2.55%,86.86%,8.04%,False,1
2608305,JUPI,PE,46,81,934,1.061,4.34%,7.63%,88.03%,True,1,9,21,958,73,1061,0.85%,1.98%,90.29%,6.88%,False,1
2608404,JUREMA,PE,35,48,791,874,4%,5.49%,90.5%,False,1,7,24,760,83,874,0.8%,2.75%,86.96%,9.5%,False,1
2608453,LAGOA DO CARRO,PE,35,49,923,1.007,3.48%,4.87%,91.66%,True,1,6,26,865,111,1008,0.6%,2.58%,85.81%,11.01%,False,1
2608503,LAGOA DE ITAENGA,PE,77,72,866,1.015,7.59%,7.09%,85.32%,True,1,7,19,870,119,1015,0.69%,1.87%,85.71%,11.72%,False,1
2608602,LAGOA DO OURO,PE,13,35,674,722,1.8%,4.85%,93.35%,False,1,3,13,645,61,722,0.42%,1.8%,89.34%,8.45%,False,1
2608701,LAGOA DOS GATOS,PE,15,42,608,665,2.26%,6.32%,91.43%,False,1,0,9,594,62,665,-,1.35%,89.32%,9.32%,False,1
2608750,LAGOA GRANDE,PE,135,122,1.163,1.42,9.51%,8.59%,81.9%,True,1,18,39,1238,125,1420,1.27%,2.75%,87.18%,8.8%,False,1
2608800,LAJEDO,PE,86,154,2.525,2.765,3.11%,5.57%,91.32%,True,1,29,49,2501,186,2765,1.05%,1.77%,90.45%,6.73%,False,1
2608909,LIMOEIRO,PE,75,140,2.146,2.361,3.18%,5.93%,90.89%,True,1,12,36,2050,263,2361,0.51%,1.52%,86.83%,11.14%,False,1
2609006,MACAPARANA,PE,42,74,1.308,1.424,2.95%,5.2%,91.85%,True,1,6,26,1258,134,1424,0.42%,1.83%,88.34%,9.41%,False,1
2609105,MACHADOS,PE,18,47,763,828,2.17%,5.68%,92.15%,False,1,5,19,721,83,828,0.6%,2.29%,87.08%,10.02%,False,1
2609154,MANARI,PE,54,82,1.148,1.284,4.21%,6.39%,89.41%,True,1,5,21,1128,130,1284,0.39%,1.64%,87.85%,10.12%,False,1
2609204,MARAIAL,PE,19,40,477,536,3.54%,7.46%,88.99%,False,1,3,10,456,67,536,0.56%,1.87%,85.07%,12.5%,False,1
2609303,MIRANDIBA,PE,36,59,961,1.056,3.41%,5.59%,91%,True,1,3,23,971,59,1056,0.28%,2.18%,91.95%,5.59%,False,1
2609402,MORENO,PE,153,185,2.123,2.461,6.22%,7.52%,86.27%,True,1,41,58,2099,263,2461,1.67%,2.36%,85.29%,10.69%,False,1
2609501,NAZARE DA MATA,PE,36,51,1.258,1.345,2.68%,3.79%,93.53%,True,1,7,15,1153,170,1345,0.52%,1.12%,85.72%,12.64%,False,1
2609600,OLINDA,PE,1.356,804,8.902,11.062,12.26%,7.27%,80.47%,True,1,674,381,9097,911,11063,6.09%,3.44%,82.23%,8.23%,False,1
2609709,OROBO,PE,46,77,925,1.048,4.39%,7.35%,88.26%,True,1,3,10,904,131,1048,0.29%,0.95%,86.26%,12.5%,False,1
2609808,OROCO,PE,35,63,996,1.094,3.2%,5.76%,91.04%,True,1,10,21,974,89,1094,0.91%,1.92%,89.03%,8.14%,False,1
2609907,OURICURI,PE,110,200,3.282,3.592,3.06%,5.57%,91.37%,True,1,17,71,3196,308,3592,0.47%,1.98%,88.98%,8.57%,False,1
2610004,PALMARES,PE,88,133,2.619,2.84,3.1%,4.68%,92.22%,True,1,22,56,2488,274,2840,0.77%,1.97%,87.61%,9.65%,False,1
2610103,PALMEIRINA,PE,12,26,377,415,2.89%,6.27%,90.84%,False,1,4,7,369,35,415,0.96%,1.69%,88.92%,8.43%,False,1
2610202,PANELAS,PE,60,113,1.314,1.487,4.03%,7.6%,88.37%,True,1,12,32,1312,131,1487,0.81%,2.15%,88.23%,8.81%,False,1
2610301,PARANATAMA,PE,58,77,706,841,6.9%,9.16%,83.95%,False,1,7,36,742,56,841,0.83%,4.28%,88.23%,6.66%,False,1
2610400,PARNAMIRIM,PE,38,66,1.043,1.147,3.31%,5.75%,90.93%,True,1,13,22,1016,96,1147,1.13%,1.92%,88.58%,8.37%,False,1
2610509,PASSIRA,PE,70,74,1.41,1.554,4.5%,4.76%,90.73%,True,1,8,24,1308,214,1554,0.51%,1.54%,84.17%,13.77%,False,1
2610608,PAUDALHO,PE,131,182,2.775,3.088,4.24%,5.89%,89.86%,True,1,21,73,2633,361,3088,0.68%,2.36%,85.27%,11.69%,False,1
2610707,PAULISTA,PE,293,476,8.694,9.463,3.1%,5.03%,91.87%,True,1,61,155,7000,2247,9463,0.64%,1.64%,73.97%,23.75%,False,1
2610806,PEDRA,PE,61,90,1.202,1.353,4.51%,6.65%,88.84%,True,1,14,31,1185,123,1353,1.03%,2.29%,87.58%,9.09%,False,1
2610905,PESQUEIRA,PE,158,160,2.221,2.539,6.22%,6.3%,87.48%,True,1,25,55,2191,268,2539,0.98%,2.17%,86.29%,10.56%,False,1
2611002,PETROLANDIA,PE,98,186,1.805,2.089,4.69%,8.9%,86.4%,True,1,10,40,1894,145,2089,0.48%,1.91%,90.67%,6.94%,False,1
2611101,PETROLINA,PE,776,1.312,17.275,19.363,4.01%,6.78%,89.22%,True,1,176,456,17330,1402,19364,0.91%,2.35%,89.5%,7.24%,False,1
2611200,POCAO,PE,18,43,559,620,2.9%,6.94%,90.16%,False,1,4,9,561,46,620,0.65%,1.45%,90.48%,7.42%,False,1
2611309,POMBOS,PE,55,97,1.188,1.34,4.1%,7.24%,88.66%,True,1,10,24,1150,156,1340,0.75%,1.79%,85.82%,11.64%,False,1
2611408,PRIMAVERA,PE,13,26,585,624,2.08%,4.17%,93.75%,False,1,0,12,543,69,624,-,1.92%,87.02%,11.06%,False,1
2611507,QUIPAPA,PE,34,59,844,937,3.63%,6.3%,90.07%,False,1,6,20,812,99,937,0.64%,2.13%,86.66%,10.57%,False,1
2611533,QUIXABA,PE,13,14,378,405,3.21%,3.46%,93.33%,False,1,2,13,355,35,405,0.49%,3.21%,87.65%,8.64%,False,1
2611606,RECIFE,PE,1.313,2.481,32.251,36.045,3.64%,6.88%,89.47%,True,1,267,792,31880,3106,36045,0.74%,2.2%,88.44%,8.62%,False,1
2611705,RIACHO DAS ALMAS,PE,36,51,1.176,1.263,2.85%,4.04%,93.11%,True,1,6,19,1127,111,1263,0.48%,1.5%,89.23%,8.79%,False,1
2611804,RIBEIRAO,PE,194,156,1.14,1.49,13.02%,10.47%,76.51%,True,1,55,71,1205,159,1490,3.69%,4.77%,80.87%,10.67%,False,1
2611903,RIO FORMOSO,PE,132,107,1.013,1.252,10.54%,8.55%,80.91%,True,1,12,35,1050,155,1252,0.96%,2.8%,83.87%,12.38%,False,1
2612000,SAIRE,PE,19,18,403,440,4.32%,4.09%,91.59%,False,1,0,4,369,67,440,-,0.91%,83.86%,15.23%,False,1
2612109,SALGADINHO,PE,11,21,256,288,3.82%,7.29%,88.89%,False,1,1,7,234,46,288,0.35%,2.43%,81.25%,15.97%,False,1
2612208,SALGUEIRO,PE,130,257,3.224,3.611,3.6%,7.12%,89.28%,True,1,26,119,3164,302,3611,0.72%,3.3%,87.62%,8.36%,False,1
2612307,SALOA,PE,31,50,898,979,3.17%,5.11%,91.73%,False,1,2,24,854,99,979,0.2%,2.45%,87.23%,10.11%,False,1
2612406,SANHARO,PE,45,51,1.084,1.18,3.81%,4.32%,91.86%,True,1,5,13,1054,108,1180,0.42%,1.1%,89.32%,9.15%,False,1
2612455,SANTA CRUZ,PE,58,57,771,886,6.55%,6.43%,87.02%,False,1,13,30,783,60,886,1.47%,3.39%,88.37%,6.77%,False,1
2612471,SANTA CRUZ DA BAIXA VERDE,PE,34,39,725,798,4.26%,4.89%,90.85%,False,1,5,16,716,61,798,0.63%,2.01%,89.72%,7.64%,False,1
2612505,SANTA CRUZ DO CAPIBARIBE,PE,141,278,4.474,4.893,2.88%,5.68%,91.44%,True,1,24,94,4417,358,4893,0.49%,1.92%,90.27%,7.32%,False,1
2612554,SANTA FILOMENA,PE,22,27,618,667,3.3%,4.05%,92.65%,False,1,4,6,606,52,668,0.6%,0.9%,90.72%,7.78%,False,1
2612604,SANTA MARIA DA BOA VISTA,PE,180,253,2.695,3.128,5.75%,8.09%,86.16%,True,1,24,87,2806,211,3128,0.77%,2.78%,89.71%,6.75%,False,1
2612703,SANTA MARIA DO CAMBUCA,PE,36,62,738,836,4.31%,7.42%,88.28%,False,1,3,15,747,71,836,0.36%,1.79%,89.35%,8.49%,False,1
2612802,SANTA TEREZINHA,PE,10,20,636,666,1.5%,3%,95.5%,False,1,2,9,597,58,666,0.3%,1.35%,89.64%,8.71%,False,1
2612901,SAO BENEDITO DO SUL,PE,55,44,429,528,10.42%,8.33%,81.25%,False,1,7,19,444,58,528,1.33%,3.6%,84.09%,10.98%,False,1
2613008,SAO BENTO DO UNA,PE,67,165,3.069,3.301,2.03%,5%,92.97%,True,1,18,52,2956,275,3301,0.55%,1.58%,89.55%,8.33%,False,1
2613107,SAO CAITANO,PE,94,120,1.85,2.064,4.55%,5.81%,89.63%,True,1,16,39,1794,215,2064,0.78%,1.89%,86.92%,10.42%,False,1
2613206,SAO JOAO,PE,62,90,1.365,1.517,4.09%,5.93%,89.98%,True,1,12,31,1375,99,1517,0.79%,2.04%,90.64%,6.53%,False,1
2613305,SAO JOAQUIM DO MONTE,PE,63,90,1.127,1.28,4.92%,7.03%,88.05%,True,1,8,31,1110,131,1280,0.63%,2.42%,86.72%,10.23%,False,1
2613404,SAO JOSE DA COROA GRANDE,PE,112,117,1.02,1.249,8.97%,9.37%,81.67%,True,1,13,46,1086,104,1249,1.04%,3.68%,86.95%,8.33%,False,1
2613503,SAO JOSE DO BELMONTE,PE,73,123,1.897,2.093,3.49%,5.88%,90.64%,True,1,7,44,1871,171,2093,0.33%,2.1%,89.39%,8.17%,False,1
2613602,SAO JOSE DO EGITO,PE,83,83,1.716,1.882,4.41%,4.41%,91.18%,True,1,18,38,1649,177,1882,0.96%,2.02%,87.62%,9.4%,False,1
2613701,SAO LOURENCO DA MATA,PE,315,342,4.777,5.434,5.8%,6.29%,87.91%,True,1,163,182,4556,533,5434,3%,3.35%,83.84%,9.81%,False,1
2613800,SAO VICENTE FERRER,PE,27,48,1.025,1.1,2.45%,4.36%,93.18%,True,1,4,18,958,120,1100,0.36%,1.64%,87.09%,10.91%,False,1
2613909,SERRA TALHADA,PE,216,236,3.036,3.488,6.19%,6.77%,87.04%,True,1,28,83,3016,361,3488,0.8%,2.38%,86.47%,10.35%,False,1
2614006,SERRITA,PE,51,89,989,1.129,4.52%,7.88%,87.6%,True,1,14,25,987,103,1129,1.24%,2.21%,87.42%,9.12%,False,1
2614105,SERTANIA,PE,67,105,1.715,1.887,3.55%,5.56%,90.89%,True,1,12,41,1657,176,1886,0.64%,2.17%,87.86%,9.33%,False,1
2614204,SIRINHAEM,PE,143,146,1.815,2.104,6.8%,6.94%,86.26%,True,1,16,41,1801,246,2104,0.76%,1.95%,85.6%,11.69%,False,1
2614303,MOREILANDIA,PE,48,50,707,805,5.96%,6.21%,87.83%,False,1,6,27,720,52,805,0.75%,3.35%,89.44%,6.46%,False,1
2614402,SOLIDAO,PE,10,20,320,350,2.86%,5.71%,91.43%,False,1,3,6,316,25,350,0.86%,1.71%,90.29%,7.14%,False,1
2614501,SURUBIM,PE,144,217,2.651,3.012,4.78%,7.2%,88.01%,True,1,24,55,2630,303,3012,0.8%,1.83%,87.32%,10.06%,False,1
2614600,TABIRA,PE,64,89,1.583,1.736,3.69%,5.13%,91.19%,True,1,19,38,1536,143,1736,1.09%,2.19%,88.48%,8.24%,False,1
2614709,TACAIMBO,PE,38,45,699,782,4.86%,5.75%,89.39%,False,1,16,13,666,87,782,2.05%,1.66%,85.17%,11.13%,False,1
2614808,TACARATU,PE,44,94,1.047,1.185,3.71%,7.93%,88.35%,True,1,10,30,1056,89,1185,0.84%,2.53%,89.11%,7.51%,False,1
2614857,TAMANDARE,PE,86,119,1.192,1.397,6.16%,8.52%,85.33%,True,1,42,51,1143,161,1397,3.01%,3.65%,81.82%,11.52%,False,1
2615003,TAQUARITINGA DO NORTE,PE,62,100,1.291,1.453,4.27%,6.88%,88.85%,True,1,7,22,1289,135,1453,0.48%,1.51%,88.71%,9.29%,False,1
2615102,TEREZINHA,PE,12,25,418,455,2.64%,5.49%,91.87%,False,1,4,11,406,34,455,0.88%,2.42%,89.23%,7.47%,False,1
2615201,TERRA NOVA,PE,16,24,473,513,3.12%,4.68%,92.2%,False,1,4,11,454,44,513,0.78%,2.14%,88.5%,8.58%,False,1
2615300,TIMBAUBA,PE,68,125,1.933,2.126,3.2%,5.88%,90.92%,True,1,7,30,1889,200,2126,0.33%,1.41%,88.85%,9.41%,False,1
2615409,TORITAMA,PE,124,142,1.856,2.122,5.84%,6.69%,87.46%,True,1,15,69,1833,205,2122,0.71%,3.25%,86.38%,9.66%,False,1
2615508,TRACUNHAEM,PE,31,44,506,581,5.34%,7.57%,87.09%,False,1,5,18,459,99,581,0.86%,3.1%,79%,17.04%,False,1
2615607,TRINDADE,PE,164,218,2.013,2.395,6.85%,9.1%,84.05%,True,1,32,124,2105,134,2395,1.34%,5.18%,87.89%,5.59%,False,1
2615706,TRIUNFO,PE,41,55,669,765,5.36%,7.19%,87.45%,False,1,7,16,681,61,765,0.92%,2.09%,89.02%,7.97%,False,1
2615805,TUPANATINGA,PE,111,117,1.493,1.721,6.45%,6.8%,86.75%,True,1,22,38,1510,151,1721,1.28%,2.21%,87.74%,8.77%,False,1
2615904,TUPARETAMA,PE,38,26,321,385,9.87%,6.75%,83.38%,False,1,11,13,320,41,385,2.86%,3.38%,83.12%,10.65%,False,1
2616001,VENTUROSA,PE,50,80,1.021,1.151,4.34%,6.95%,88.71%,True,1,8,33,1021,89,1151,0.7%,2.87%,88.71%,7.73%,False,1
2616100,VERDEJANTE,PE,26,35,399,460,5.65%,7.61%,86.74%,False,1,3,10,418,29,460,0.65%,2.17%,90.87%,6.3%,False,1
2616183,VERTENTE DO LERIO,PE,25,15,456,496,5.04%,3.02%,91.94%,False,1,6,9,423,58,496,1.21%,1.81%,85.28%,11.69%,False,1
2616209,VERTENTES,PE,48,81,1.112,1.241,3.87%,6.53%,89.61%,True,1,5,25,1056,155,1241,0.4%,2.01%,85.09%,12.49%,False,1
2616308,VICENCIA,PE,39,65,1.101,1.205,3.24%,5.39%,91.37%,True,1,6,21,1069,109,1205,0.5%,1.74%,88.71%,9.05%,False,1
2616407,VITORIA DE SANTO ANTAO,PE,174,383,5.721,6.278,2.77%,6.1%,91.13%,True,1,22,68,5706,482,6278,0.35%,1.08%,90.89%,7.68%,False,1
2616506,XEXEU,PE,73,65,672,810,9.01%,8.02%,82.96%,False,1,17,26,672,95,810,2.1%,3.21%,82.96%,11.73%,False,1
2700102,AGUA BRANCA,AL,247,171,933,1.351,18.28%,12.66%,69.06%,True,1,66,73,1140,72,1351,4.89%,5.4%,84.38%,5.33%,False,1
2700201,ANADIA,AL,52,74,895,1.021,5.09%,7.25%,87.66%,True,1,10,17,891,103,1021,0.98%,1.67%,87.27%,10.09%,False,1
2700300,ARAPIRACA,AL,297,694,11.345,12.336,2.41%,5.63%,91.97%,True,1,61,217,11039,1019,12336,0.49%,1.76%,89.49%,8.26%,False,1
2700409,ATALAIA,AL,171,201,2.009,2.381,7.18%,8.44%,84.38%,True,1,23,59,2057,242,2381,0.97%,2.48%,86.39%,10.16%,False,1
2700508,BARRA DE SANTO ANTONIO,AL,70,68,898,1.036,6.76%,6.56%,86.68%,True,1,10,44,864,118,1036,0.97%,4.25%,83.4%,11.39%,False,1
2700607,BARRA DE SAO MIGUEL,AL,22,34,593,649,3.39%,5.24%,91.37%,False,1,0,11,583,55,649,-,1.69%,89.83%,8.47%,False,1
2700706,BATALHA,AL,42,83,1.131,1.256,3.34%,6.61%,90.05%,True,1,7,30,1131,88,1256,0.56%,2.39%,90.05%,7.01%,False,1
2700805,BELEM,AL,17,28,305,350,4.86%,8%,87.14%,False,1,2,8,310,30,350,0.57%,2.29%,88.57%,8.57%,False,1
2700904,BELO MONTE,AL,11,34,583,628,1.75%,5.41%,92.83%,False,1,5,11,560,52,628,0.8%,1.75%,89.17%,8.28%,False,1
2701001,BOCA DA MATA,AL,75,102,1.14,1.317,5.69%,7.74%,86.56%,True,1,8,23,1166,120,1317,0.61%,1.75%,88.53%,9.11%,False,1
2701100,BRANQUINHA,AL,21,51,757,829,2.53%,6.15%,91.31%,False,1,7,22,748,52,829,0.84%,2.65%,90.23%,6.27%,False,1
2701209,CACIMBINHAS,AL,49,56,492,597,8.21%,9.38%,82.41%,False,1,2,18,529,48,597,0.34%,3.02%,88.61%,8.04%,False,1
2701308,CAJUEIRO,AL,86,113,1.025,1.224,7.03%,9.23%,83.74%,True,1,13,36,1050,125,1224,1.06%,2.94%,85.78%,10.21%,False,1
2701357,CAMPESTRE,AL,23,22,420,465,4.95%,4.73%,90.32%,False,1,4,7,395,59,465,0.86%,1.51%,84.95%,12.69%,False,1
2701407,CAMPO ALEGRE,AL,117,202,2,2.319,5.05%,8.71%,86.24%,True,1,19,49,2088,163,2319,0.82%,2.11%,90.04%,7.03%,False,1
2701506,CAMPO GRANDE,AL,19,43,600,662,2.87%,6.5%,90.63%,False,1,4,10,570,78,662,0.6%,1.51%,86.1%,11.78%,False,1
2701605,CANAPI,AL,77,81,1.145,1.303,5.91%,6.22%,87.87%,True,1,11,29,1189,74,1303,0.84%,2.23%,91.25%,5.68%,False,1
2701704,CAPELA,AL,40,51,829,920,4.35%,5.54%,90.11%,False,1,8,22,815,75,920,0.87%,2.39%,88.59%,8.15%,False,1
2701803,CARNEIROS,AL,58,83,617,758,7.65%,10.95%,81.4%,False,1,8,18,689,43,758,1.06%,2.37%,90.9%,5.67%,False,1
2701902,CHA PRETA,AL,18,33,437,488,3.69%,6.76%,89.55%,False,1,2,8,428,50,488,0.41%,1.64%,87.7%,10.25%,False,1
2702009,COITE DO NOIA,AL,23,27,676,726,3.17%,3.72%,93.11%,False,1,2,9,645,70,726,0.28%,1.24%,88.84%,9.64%,False,1
2702108,COLONIA LEOPOLDINA,AL,80,83,858,1.021,7.84%,8.13%,84.04%,True,1,15,28,868,110,1021,1.47%,2.74%,85.01%,10.77%,False,1
2702207,COQUEIRO SECO,AL,29,33,340,402,7.21%,8.21%,84.58%,False,1,7,7,355,33,402,1.74%,1.74%,88.31%,8.21%,False,1
2702306,CORURIPE,AL,142,306,3.421,3.869,3.67%,7.91%,88.42%,True,1,26,92,3472,279,3869,0.67%,2.38%,89.74%,7.21%,False,1
2702355,CRAIBAS,AL,88,148,1.835,2.071,4.25%,7.15%,88.6%,True,1,7,51,1839,174,2071,0.34%,2.46%,88.8%,8.4%,False,1
2702405,DELMIRO GOUVEIA,AL,155,225,2.449,2.829,5.48%,7.95%,86.57%,True,1,31,89,2510,199,2829,1.1%,3.15%,88.72%,7.03%,False,1
2702504,DOIS RIACHOS,AL,28,33,721,782,3.58%,4.22%,92.2%,False,1,2,16,679,85,782,0.26%,2.05%,86.83%,10.87%,False,1
2702553,ESTRELA DE ALAGOAS,AL,31,52,969,1.052,2.95%,4.94%,92.11%,True,1,6,23,944,79,1052,0.57%,2.19%,89.73%,7.51%,False,1
2702603,FEIRA GRANDE,AL,69,113,1.351,1.533,4.5%,7.37%,88.13%,True,1,12,29,1329,164,1534,0.78%,1.89%,86.64%,10.69%,False,1
2702702,FELIZ DESERTO,AL,4,18,288,310,1.29%,5.81%,92.9%,False,1,0,9,270,31,310,-,2.9%,87.1%,10%,False,1
2702801,FLEXEIRAS,AL,132,73,611,816,16.18%,8.95%,74.88%,False,1,53,35,663,65,816,6.5%,4.29%,81.25%,7.97%,False,1
2702900,GIRAU DO PONCIANO,AL,125,190,2.189,2.504,4.99%,7.59%,87.42%,True,1,14,70,2203,217,2504,0.56%,2.8%,87.98%,8.67%,False,1
2703007,IBATEGUARA,AL,58,71,889,1.018,5.7%,6.97%,87.33%,True,1,8,27,901,82,1018,0.79%,2.65%,88.51%,8.06%,False,1
2703106,IGACI,AL,76,101,1.328,1.505,5.05%,6.71%,88.24%,True,1,5,39,1352,109,1505,0.33%,2.59%,89.83%,7.24%,False,1
2703205,IGREJA NOVA,AL,64,105,1.282,1.451,4.41%,7.24%,88.35%,True,1,10,33,1275,133,1451,0.69%,2.27%,87.87%,9.17%,False,1
2703304,INHAPI,AL,37,84,1.24,1.361,2.72%,6.17%,91.11%,True,1,6,31,1233,91,1361,0.44%,2.28%,90.6%,6.69%,False,1
2703403,JACARE DOS HOMENS,AL,38,36,392,466,8.15%,7.73%,84.12%,False,1,8,16,389,53,466,1.72%,3.43%,83.48%,11.37%,False,1
2703502,JACUIPE,AL,16,15,253,284,5.63%,5.28%,89.08%,False,1,2,4,241,37,284,0.7%,1.41%,84.86%,13.03%,False,1
2703601,JAPARATINGA,AL,49,62,593,704,6.96%,8.81%,84.23%,False,1,4,25,608,67,704,0.57%,3.55%,86.36%,9.52%,False,1
2703700,JARAMATAIA,AL,23,44,403,470,4.89%,9.36%,85.74%,False,1,2,11,434,23,470,0.43%,2.34%,92.34%,4.89%,False,1
2703759,JEQUIA DA PRAIA,AL,39,51,695,785,4.97%,6.5%,88.54%,False,1,4,10,687,84,785,0.51%,1.27%,87.52%,10.7%,False,1
2703809,JOAQUIM GOMES,AL,77,84,1.208,1.369,5.62%,6.14%,88.24%,True,1,10,18,1220,121,1369,0.73%,1.31%,89.12%,8.84%,False,1
2703908,JUNDIA,AL,14,10,215,239,5.86%,4.18%,89.96%,False,1,1,5,207,26,239,0.42%,2.09%,86.61%,10.88%,False,1
2704005,JUNQUEIRO,AL,63,105,1.403,1.571,4.01%,6.68%,89.31%,True,1,4,37,1401,129,1571,0.25%,2.36%,89.18%,8.21%,False,1
2704104,LAGOA DA CANOA,AL,87,89,1.242,1.418,6.14%,6.28%,87.59%,True,1,9,32,1216,161,1418,0.63%,2.26%,85.75%,11.35%,False,1
2704203,LIMOEIRO DE ANADIA,AL,67,133,1.753,1.953,3.43%,6.81%,89.76%,True,1,10,41,1717,185,1953,0.51%,2.1%,87.92%,9.47%,False,1
2704302,MACEIO,AL,815,1.873,27.643,30.331,2.69%,6.18%,91.14%,True,1,158,556,27189,2428,30331,0.52%,1.83%,89.64%,8.01%,False,1
2704401,MAJOR ISIDORO,AL,55,45,971,1.071,5.14%,4.2%,90.66%,True,1,3,10,721,337,1071,0.28%,0.93%,67.32%,31.47%,False,1
2704500,MARAGOGI,AL,137,171,2.331,2.639,5.19%,6.48%,88.33%,True,1,23,54,2327,235,2639,0.87%,2.05%,88.18%,8.9%,False,1
2704609,MARAVILHA,AL,34,66,675,775,4.39%,8.52%,87.1%,False,1,5,13,698,59,775,0.65%,1.68%,90.06%,7.61%,False,1
2704708,MARECHAL DEODORO,AL,136,248,3.321,3.705,3.67%,6.69%,89.64%,True,1,26,89,3267,323,3705,0.7%,2.4%,88.18%,8.72%,False,1
2704807,MARIBONDO,AL,34,43,619,696,4.89%,6.18%,88.94%,False,1,7,16,609,64,696,1.01%,2.3%,87.5%,9.2%,False,1
2704906,MAR VERMELHO,AL,6,12,189,207,2.9%,5.8%,91.3%,False,1,2,1,191,13,207,0.97%,0.48%,92.27%,6.28%,False,1
2705002,MATA GRANDE,AL,64,104,1.32,1.488,4.3%,6.99%,88.71%,True,1,11,25,1301,151,1488,0.74%,1.68%,87.43%,10.15%,False,1
2705101,MATRIZ DE CAMARAGIBE,AL,59,112,1.345,1.516,3.89%,7.39%,88.72%,True,1,11,27,1333,145,1516,0.73%,1.78%,87.93%,9.56%,False,1
2705200,MESSIAS,AL,68,41,807,916,7.42%,4.48%,88.1%,False,1,21,35,767,93,916,2.29%,3.82%,83.73%,10.15%,False,1
2705309,MINADOR DO NEGRAO,AL,20,20,313,353,5.67%,5.67%,88.67%,False,1,4,9,302,38,353,1.13%,2.55%,85.55%,10.76%,False,1
2705408,MONTEIROPOLIS,AL,41,38,549,628,6.53%,6.05%,87.42%,False,1,1,11,571,45,628,0.16%,1.75%,90.92%,7.17%,False,1
2705507,MURICI,AL,95,163,1.698,1.956,4.86%,8.33%,86.81%,True,1,13,46,1736,161,1956,0.66%,2.35%,88.75%,8.23%,False,1
2705606,NOVO LINO,AL,31,40,581,652,4.75%,6.13%,89.11%,False,1,5,10,582,55,652,0.77%,1.53%,89.26%,8.44%,False,1
2705705,OLHO D'AGUA DAS FLORES,AL,58,118,1.454,1.63,3.56%,7.24%,89.2%,True,1,15,47,1432,136,1630,0.92%,2.88%,87.85%,8.34%,False,1
2705804,OLHO D'AGUA DO CASADO,AL,25,35,685,745,3.36%,4.7%,91.95%,False,1,3,15,666,61,745,0.4%,2.01%,89.4%,8.19%,False,1
2705903,OLHO D'AGUA GRANDE,AL,16,19,213,248,6.45%,7.66%,85.89%,False,1,1,7,215,24,247,0.4%,2.83%,87.04%,9.72%,False,1
2706000,OLIVENCA,AL,32,75,779,886,3.61%,8.47%,87.92%,False,1,6,19,779,82,886,0.68%,2.14%,87.92%,9.26%,False,1
2706109,OURO BRANCO,AL,29,52,855,936,3.1%,5.56%,91.35%,False,1,7,18,842,69,936,0.75%,1.92%,89.96%,7.37%,False,1
2706208,PALESTINA,AL,12,28,334,374,3.21%,7.49%,89.3%,False,1,1,5,337,31,374,0.27%,1.34%,90.11%,8.29%,False,1
2706307,PALMEIRA DOS INDIOS,AL,140,197,2.976,3.313,4.23%,5.95%,89.83%,True,1,19,67,2917,310,3313,0.57%,2.02%,88.05%,9.36%,False,1
2706406,PAO DE ACUCAR,AL,91,135,1.357,1.583,5.75%,8.53%,85.72%,True,1,16,54,1410,103,1583,1.01%,3.41%,89.07%,6.51%,False,1
2706422,PARICONHA,AL,47,82,699,828,5.68%,9.9%,84.42%,False,1,3,23,755,48,829,0.36%,2.77%,91.07%,5.79%,False,1
2706448,PARIPUEIRA,AL,48,95,778,921,5.21%,10.31%,84.47%,False,1,8,28,799,86,921,0.87%,3.04%,86.75%,9.34%,False,1
2706505,PASSO DE CAMARAGIBE,AL,72,102,863,1.037,6.94%,9.84%,83.22%,True,1,11,30,884,112,1037,1.06%,2.89%,85.25%,10.8%,False,1
2706604,PAULO JACINTO,AL,14,39,368,421,3.33%,9.26%,87.41%,False,1,1,10,374,36,421,0.24%,2.38%,88.84%,8.55%,False,1
2706703,PENEDO,AL,127,267,3.349,3.743,3.39%,7.13%,89.47%,True,1,17,62,3339,325,3743,0.45%,1.66%,89.21%,8.68%,False,1
2706802,PIACABUCU,AL,34,75,1.017,1.126,3.02%,6.66%,90.32%,True,1,7,32,983,104,1126,0.62%,2.84%,87.3%,9.24%,False,1
2706901,PILAR,AL,107,163,2.291,2.561,4.18%,6.36%,89.46%,True,1,17,46,2260,238,2561,0.66%,1.8%,88.25%,9.29%,False,1
2707008,PINDOBA,AL,2,7,100,109,1.83%,6.42%,91.74%,False,1,1,3,99,6,109,0.92%,2.75%,90.83%,5.5%,False,1
2707107,PIRANHAS,AL,92,143,1.648,1.883,4.89%,7.59%,87.52%,True,1,6,46,1670,161,1883,0.32%,2.44%,88.69%,8.55%,False,1
2707206,POCO DAS TRINCHEIRAS,AL,46,66,824,936,4.91%,7.05%,88.03%,False,1,9,15,829,83,936,0.96%,1.6%,88.57%,8.87%,False,1
2707305,PORTO CALVO,AL,144,121,1.382,1.647,8.74%,7.35%,83.91%,True,1,26,46,1411,164,1647,1.58%,2.79%,85.67%,9.96%,False,1
2707404,PORTO DE PEDRAS,AL,31,48,623,702,4.42%,6.84%,88.75%,False,1,2,11,627,62,702,0.28%,1.57%,89.32%,8.83%,False,1
2707503,PORTO REAL DO COLEGIO,AL,73,100,1.067,1.24,5.89%,8.06%,86.05%,True,1,5,42,1057,136,1240,0.4%,3.39%,85.24%,10.97%,False,1
2707602,QUEBRANGULO,AL,54,87,663,804,6.72%,10.82%,82.46%,False,1,5,16,725,58,804,0.62%,1.99%,90.17%,7.21%,False,1
2707701,RIO LARGO,AL,175,314,4.643,5.132,3.41%,6.12%,90.47%,True,1,18,89,4575,450,5132,0.35%,1.73%,89.15%,8.77%,False,1
2707800,ROTEIRO,AL,25,45,506,576,4.34%,7.81%,87.85%,False,1,3,9,491,73,576,0.52%,1.56%,85.24%,12.67%,False,1
2707909,SANTA LUZIA DO NORTE,AL,18,51,558,627,2.87%,8.13%,89%,False,1,4,6,560,57,627,0.64%,0.96%,89.31%,9.09%,False,1
2708006,SANTANA DO IPANEMA,AL,216,319,2.884,3.419,6.32%,9.33%,84.35%,True,1,25,128,3024,242,3419,0.73%,3.74%,88.45%,7.08%,False,1
2708105,SANTANA DO MUNDAU,AL,33,43,726,802,4.11%,5.36%,90.52%,False,1,6,20,687,89,802,0.75%,2.49%,85.66%,11.1%,False,1
2708204,SAO BRAS,AL,19,28,341,388,4.9%,7.22%,87.89%,False,1,1,5,334,48,388,0.26%,1.29%,86.08%,12.37%,False,1
2708303,SAO JOSE DA LAJE,AL,93,123,1.229,1.445,6.44%,8.51%,85.05%,True,1,10,32,1272,131,1445,0.69%,2.21%,88.03%,9.07%,False,1
2708402,SAO JOSE DA TAPERA,AL,133,200,2.6,2.933,4.53%,6.82%,88.65%,True,1,19,53,2611,250,2933,0.65%,1.81%,89.02%,8.52%,False,1
2708501,SAO LUIS DO QUITUNDE,AL,95,163,1.429,1.687,5.63%,9.66%,84.71%,True,1,23,51,1471,142,1687,1.36%,3.02%,87.2%,8.42%,False,1
2708600,SAO MIGUEL DOS CAMPOS,AL,252,227,1.959,2.438,10.34%,9.31%,80.35%,True,1,8,49,2096,285,2438,0.33%,2.01%,85.97%,11.69%,False,1
2708709,SAO MIGUEL DOS MILAGRES,AL,35,38,435,508,6.89%,7.48%,85.63%,False,1,2,10,448,48,508,0.39%,1.97%,88.19%,9.45%,False,1
2708808,SAO SEBASTIAO,AL,70,119,2.169,2.358,2.97%,5.05%,91.98%,True,1,11,34,2108,205,2358,0.47%,1.44%,89.4%,8.69%,False,1
2708907,SATUBA,AL,37,67,817,921,4.02%,7.27%,88.71%,False,1,5,21,828,67,921,0.54%,2.28%,89.9%,7.27%,False,1
2708956,SENADOR RUI PALMEIRA,AL,45,57,936,1.038,4.34%,5.49%,90.17%,True,1,6,27,932,73,1038,0.58%,2.6%,89.79%,7.03%,False,1
2709004,TANQUE D'ARCA,AL,22,33,311,366,6.01%,9.02%,84.97%,False,1,2,5,324,35,366,0.55%,1.37%,88.52%,9.56%,False,1
2709103,TAQUARANA,AL,47,93,1.172,1.312,3.58%,7.09%,89.33%,True,1,10,32,1145,125,1312,0.76%,2.44%,87.27%,9.53%,False,1
2709152,TEOTONIO VILELA,AL,60,131,2.598,2.789,2.15%,4.7%,93.15%,True,1,15,45,2510,219,2789,0.54%,1.61%,90%,7.85%,False,1
2709202,TRAIPU,AL,104,93,1.511,1.708,6.09%,5.44%,88.47%,True,1,11,55,1513,129,1708,0.64%,3.22%,88.58%,7.55%,False,1
2709301,UNIAO DOS PALMARES,AL,128,223,3.297,3.648,3.51%,6.11%,90.38%,True,1,13,64,3272,299,3648,0.36%,1.75%,89.69%,8.2%,False,1
2709400,VICOSA,AL,85,106,1.169,1.36,6.25%,7.79%,85.96%,True,1,9,41,1201,109,1360,0.66%,3.01%,88.31%,8.01%,False,1
2800100,AMPARO DE SAO FRANCISCO,SE,7,5,104,116,6.03%,4.31%,89.66%,False,1,0,4,91,21,116,-,3.45%,78.45%,18.1%,False,1
2800209,AQUIDABA,SE,46,60,864,970,4.74%,6.19%,89.07%,False,1,8,12,835,115,970,0.82%,1.24%,86.08%,11.86%,False,1
2800308,ARACAJU,SE,928,1.334,15.926,18.188,5.1%,7.33%,87.56%,True,1,279,426,16118,1365,18188,1.53%,2.34%,88.62%,7.5%,False,1
2800407,ARAUA,SE,37,33,620,690,5.36%,4.78%,89.86%,False,1,5,10,603,72,690,0.72%,1.45%,87.39%,10.43%,False,1
2800506,AREIA BRANCA,SE,67,72,703,842,7.96%,8.55%,83.49%,False,1,9,18,725,90,842,1.07%,2.14%,86.1%,10.69%,False,1
2800605,BARRA DOS COQUEIROS,SE,73,116,1.533,1.722,4.24%,6.74%,89.02%,True,1,21,39,1499,163,1722,1.22%,2.26%,87.05%,9.47%,False,1
2800670,BOQUIM,SE,50,56,940,1.046,4.78%,5.35%,89.87%,True,1,10,15,913,108,1046,0.96%,1.43%,87.28%,10.33%,False,1
2800704,BREJO GRANDE,SE,17,33,334,384,4.43%,8.59%,86.98%,False,1,0,15,327,42,384,-,3.91%,85.16%,10.94%,False,1
2801009,CAMPO DO BRITO,SE,36,48,931,1.015,3.55%,4.73%,91.72%,True,1,4,22,921,68,1015,0.39%,2.17%,90.74%,6.7%,False,1
2801108,CANHOBA,SE,15,23,235,273,5.49%,8.42%,86.08%,False,1,0,4,244,25,273,-,1.47%,89.38%,9.16%,False,1
2801207,CANINDE DE SAO FRANCISCO,SE,97,174,2.097,2.368,4.1%,7.35%,88.56%,True,1,17,54,2088,209,2368,0.72%,2.28%,88.18%,8.83%,False,1
2801306,CAPELA,SE,140,145,1.688,1.973,7.1%,7.35%,85.55%,True,1,17,44,1734,178,1973,0.86%,2.23%,87.89%,9.02%,False,1
2801405,CARIRA,SE,75,60,989,1.124,6.67%,5.34%,87.99%,True,1,15,36,962,111,1124,1.33%,3.2%,85.59%,9.88%,False,1
2801504,CARMOPOLIS,SE,33,59,693,785,4.2%,7.52%,88.28%,False,1,5,17,676,87,785,0.64%,2.17%,86.11%,11.08%,False,1
2801603,CEDRO DE SAO JOAO,SE,11,6,253,270,4.07%,2.22%,93.7%,False,1,2,4,226,38,270,0.74%,1.48%,83.7%,14.07%,False,1
2801702,CRISTINAPOLIS,SE,76,62,735,873,8.71%,7.1%,84.19%,False,1,6,24,753,90,873,0.69%,2.75%,86.25%,10.31%,False,1
2801900,CUMBE,SE,9,10,182,201,4.48%,4.98%,90.55%,False,1,1,2,183,15,201,0.5%,1%,91.04%,7.46%,False,1
2802007,DIVINA PASTORA,SE,11,18,268,297,3.7%,6.06%,90.24%,False,1,1,5,268,23,297,0.34%,1.68%,90.24%,7.74%,False,1
2802106,ESTANCIA,SE,383,142,2.333,2.858,13.4%,4.97%,81.63%,True,1,19,66,2477,296,2858,0.66%,2.31%,86.67%,10.36%,False,1
2802205,FEIRA NOVA,SE,19,14,331,364,5.22%,3.85%,90.93%,False,1,1,8,328,27,364,0.27%,2.2%,90.11%,7.42%,False,1
2802304,FREI PAULO,SE,23,38,770,831,2.77%,4.57%,92.66%,False,1,4,9,720,98,831,0.48%,1.08%,86.64%,11.79%,False,1
2802403,GARARU,SE,31,39,616,686,4.52%,5.69%,89.8%,False,1,3,16,612,55,686,0.44%,2.33%,89.21%,8.02%,False,1
2802502,GENERAL MAYNARD,SE,12,12,149,173,6.94%,6.94%,86.13%,False,1,6,4,144,19,173,3.47%,2.31%,83.24%,10.98%,False,1
2802601,GRACHO CARDOSO,SE,36,20,296,352,10.23%,5.68%,84.09%,False,1,3,5,294,50,352,0.85%,1.42%,83.52%,14.2%,False,1
2802700,ILHA DAS FLORES,SE,78,61,471,610,12.79%,10%,77.21%,False,1,7,16,527,60,610,1.15%,2.62%,86.39%,9.84%,False,1
2802809,INDIAROBA,SE,41,68,945,1.054,3.89%,6.45%,89.66%,True,1,5,26,938,85,1054,0.47%,2.47%,88.99%,8.06%,False,1
2802908,ITABAIANA,SE,213,271,3.311,3.795,5.61%,7.14%,87.25%,True,1,26,66,3373,330,3795,0.69%,1.74%,88.88%,8.7%,False,1
2803005,ITABAIANINHA,SE,84,189,1.998,2.271,3.7%,8.32%,87.98%,True,1,12,53,1992,214,2271,0.53%,2.33%,87.71%,9.42%,False,1
2803104,ITABI,SE,10,16,223,249,4.02%,6.43%,89.56%,False,1,1,1,227,20,249,0.4%,0.4%,91.16%,8.03%,False,1
2803203,ITAPORANGA D'AJUDA,SE,133,137,1.819,2.089,6.37%,6.56%,87.08%,True,1,11,38,1852,188,2089,0.53%,1.82%,88.65%,9%,False,1
2803302,JAPARATUBA,SE,51,41,716,808,6.31%,5.07%,88.61%,False,1,10,15,698,85,808,1.24%,1.86%,86.39%,10.52%,False,1
2803401,JAPOATA,SE,62,60,848,970,6.39%,6.19%,87.42%,False,1,7,11,844,108,970,0.72%,1.13%,87.01%,11.13%,False,1
2803500,LAGARTO,SE,267,302,4.268,4.837,5.52%,6.24%,88.24%,True,1,42,114,4252,428,4836,0.87%,2.36%,87.92%,8.85%,False,1
2803609,LARANJEIRAS,SE,78,90,1.3,1.468,5.31%,6.13%,88.56%,True,1,16,28,1242,182,1468,1.09%,1.91%,84.6%,12.4%,False,1
2803708,MACAMBIRA,SE,16,30,349,395,4.05%,7.59%,88.35%,False,1,2,8,354,31,395,0.51%,2.03%,89.62%,7.85%,False,1
2803807,MALHADA DOS BOIS,SE,5,9,259,273,1.83%,3.3%,94.87%,False,1,2,3,240,28,273,0.73%,1.1%,87.91%,10.26%,False,1
2803906,MALHADOR,SE,38,56,670,764,4.97%,7.33%,87.7%,False,1,2,10,683,69,764,0.26%,1.31%,89.4%,9.03%,False,1
2804003,MARUIM,SE,65,73,751,889,7.31%,8.21%,84.48%,False,1,6,14,782,87,889,0.67%,1.57%,87.96%,9.79%,False,1
2804102,MOITA BONITA,SE,41,44,543,628,6.53%,7.01%,86.46%,False,1,4,9,562,53,628,0.64%,1.43%,89.49%,8.44%,False,1
2804201,MONTE ALEGRE DE SERGIPE,SE,58,81,852,991,5.85%,8.17%,85.97%,False,1,7,14,861,109,991,0.71%,1.41%,86.88%,11%,False,1
2804300,MURIBECA,SE,25,19,334,378,6.61%,5.03%,88.36%,False,1,4,6,317,51,378,1.06%,1.59%,83.86%,13.49%,False,1
2804409,NEOPOLIS,SE,64,85,610,759,8.43%,11.2%,80.37%,False,1,8,15,665,71,759,1.05%,1.98%,87.62%,9.35%,False,1
2804458,NOSSA SENHORA APARECIDA,SE,28,26,439,493,5.68%,5.27%,89.05%,False,1,7,16,421,49,493,1.42%,3.25%,85.4%,9.94%,False,1
2804508,NOSSA SENHORA DA GLORIA,SE,85,185,2.379,2.649,3.21%,6.98%,89.81%,True,1,15,43,2379,212,2649,0.57%,1.62%,89.81%,8%,False,1
2804607,NOSSA SENHORA DAS DORES,SE,36,73,992,1.101,3.27%,6.63%,90.1%,True,1,5,13,975,108,1101,0.45%,1.18%,88.56%,9.81%,False,1
2804706,NOSSA SENHORA DE LOURDES,SE,15,26,398,439,3.42%,5.92%,90.66%,False,1,3,5,382,49,439,0.68%,1.14%,87.02%,11.16%,False,1
2804805,NOSSA SENHORA DO SOCORRO,SE,723,768,8.096,9.587,7.54%,8.01%,84.45%,True,1,67,162,8248,1110,9587,0.7%,1.69%,86.03%,11.58%,False,1
2804904,PACATUBA,SE,74,79,774,927,7.98%,8.52%,83.5%,False,1,5,23,801,98,927,0.54%,2.48%,86.41%,10.57%,False,1
2805000,PEDRA MOLE,SE,3,4,203,210,1.43%,1.9%,96.67%,False,1,0,4,187,19,210,-,1.9%,89.05%,9.05%,False,1
2805109,PEDRINHAS,SE,35,32,430,497,7.04%,6.44%,86.52%,False,1,4,9,423,61,497,0.8%,1.81%,85.11%,12.27%,False,1
2805208,PINHAO,SE,18,14,292,324,5.56%,4.32%,90.12%,False,1,2,8,288,26,324,0.62%,2.47%,88.89%,8.02%,False,1
2805307,PIRAMBU,SE,31,37,384,452,6.86%,8.19%,84.96%,False,1,4,17,390,41,452,0.88%,3.76%,86.28%,9.07%,False,1
2805406,POCO REDONDO,SE,122,178,1.773,2.073,5.89%,8.59%,85.53%,True,1,10,47,1817,200,2074,0.48%,2.27%,87.61%,9.64%,False,1
2805505,POCO VERDE,SE,26,53,1.015,1.094,2.38%,4.84%,92.78%,True,1,11,24,991,68,1094,1.01%,2.19%,90.59%,6.22%,False,1
2805604,PORTO DA FOLHA,SE,178,182,1.482,1.842,9.66%,9.88%,80.46%,True,1,47,71,1576,148,1842,2.55%,3.85%,85.56%,8.03%,False,1
2805703,PROPRIA,SE,103,139,1.234,1.476,6.98%,9.42%,83.6%,True,1,16,55,1294,111,1476,1.08%,3.73%,87.67%,7.52%,False,1
2805802,RIACHAO DO DANTAS,SE,43,61,839,943,4.56%,6.47%,88.97%,False,1,10,19,759,155,943,1.06%,2.01%,80.49%,16.44%,False,1
2805901,RIACHUELO,SE,40,47,404,491,8.15%,9.57%,82.28%,False,1,5,20,425,41,491,1.02%,4.07%,86.56%,8.35%,False,1
2806008,RIBEIROPOLIS,SE,33,48,731,812,4.06%,5.91%,90.02%,False,1,5,9,725,73,812,0.62%,1.11%,89.29%,8.99%,False,1
2806107,ROSARIO DO CATETE,SE,43,42,516,601,7.15%,6.99%,85.86%,False,1,3,13,514,71,601,0.5%,2.16%,85.52%,11.81%,False,1
2806206,SALGADO,SE,34,57,727,818,4.16%,6.97%,88.88%,False,1,4,19,706,89,818,0.49%,2.32%,86.31%,10.88%,False,1
2806305,SANTA LUZIA DO ITANHY,SE,30,38,805,873,3.44%,4.35%,92.21%,False,1,3,13,778,79,873,0.34%,1.49%,89.12%,9.05%,False,1
2806404,SANTANA DO SAO FRANCISCO,SE,26,54,479,559,4.65%,9.66%,85.69%,False,1,1,11,512,35,559,0.18%,1.97%,91.59%,6.26%,False,1
2806503,SANTA ROSA DE LIMA,SE,10,7,190,207,4.83%,3.38%,91.79%,False,1,0,3,186,18,207,-,1.45%,89.86%,8.7%,False,1
2806602,SANTO AMARO DAS BROTAS,SE,44,45,656,745,5.91%,6.04%,88.05%,False,1,11,28,613,93,745,1.48%,3.76%,82.28%,12.48%,False,1
2806701,SAO CRISTOVAO,SE,168,252,3.693,4.113,4.08%,6.13%,89.79%,True,1,31,96,3685,301,4113,0.75%,2.33%,89.59%,7.32%,False,1
2806800,SAO DOMINGOS,SE,33,68,508,609,5.42%,11.17%,83.42%,False,1,0,11,565,33,609,-,1.81%,92.78%,5.42%,False,1
2806909,SAO FRANCISCO,SE,5,4,184,193,2.59%,2.07%,95.34%,False,1,1,3,172,17,193,0.52%,1.55%,89.12%,8.81%,False,1
2807006,SAO MIGUEL DO ALEIXO,SE,4,14,171,189,2.12%,7.41%,90.48%,False,1,0,5,164,20,189,-,2.65%,86.77%,10.58%,False,1
2807105,SIMAO DIAS,SE,78,152,2.375,2.605,2.99%,5.83%,91.17%,True,1,10,39,2371,185,2605,0.38%,1.5%,91.02%,7.1%,False,1
2807204,SIRIRI,SE,31,35,346,412,7.52%,8.5%,83.98%,False,1,7,12,358,35,412,1.7%,2.91%,86.89%,8.5%,False,1
2807303,TELHA,SE,10,10,160,180,5.56%,5.56%,88.89%,False,1,3,1,156,20,180,1.67%,0.56%,86.67%,11.11%,False,1
2807402,TOBIAS BARRETO,SE,100,189,2.353,2.642,3.79%,7.15%,89.06%,True,1,16,50,2393,183,2642,0.61%,1.89%,90.58%,6.93%,False,1
2807501,TOMAR DO GERU,SE,41,50,663,754,5.44%,6.63%,87.93%,False,1,5,19,687,43,754,0.66%,2.52%,91.11%,5.7%,False,1
2807600,UMBAUBA,SE,144,224,1.282,1.65,8.73%,13.58%,77.7%,True,1,3,31,1451,165,1650,0.18%,1.88%,87.94%,10%,False,1
2900108,ABAIRA,BA,12,13,262,287,4.18%,4.53%,91.29%,False,1,1,6,257,23,287,0.35%,2.09%,89.55%,8.01%,False,1
2900207,ABARE,BA,52,64,1.189,1.305,3.98%,4.9%,91.11%,True,1,10,19,1153,123,1305,0.77%,1.46%,88.35%,9.43%,False,1
2900306,ACAJUTIBA,BA,32,56,703,791,4.05%,7.08%,88.87%,False,1,2,13,691,85,791,0.25%,1.64%,87.36%,10.75%,False,1
2900355,ADUSTINA,BA,30,41,751,822,3.65%,4.99%,91.36%,False,1,6,20,756,40,822,0.73%,2.43%,91.97%,4.87%,False,1
2900405,AGUA FRIA,BA,22,33,650,705,3.12%,4.68%,92.2%,False,1,3,25,629,48,705,0.43%,3.55%,89.22%,6.81%,False,1
2900504,ERICO CARDOSO,BA,40,31,498,569,7.03%,5.45%,87.52%,False,1,5,12,495,57,569,0.88%,2.11%,86.99%,10.02%,False,1
2900603,AIQUARA,BA,7,6,180,193,3.63%,3.11%,93.26%,False,1,0,1,177,15,193,-,0.52%,91.71%,7.77%,False,1
2900702,ALAGOINHAS,BA,257,381,5.361,5.999,4.28%,6.35%,89.36%,True,1,46,149,5287,517,5999,0.77%,2.48%,88.13%,8.62%,False,1
2900801,ALCOBACA,BA,90,88,1.174,1.352,6.66%,6.51%,86.83%,True,1,19,36,1192,105,1352,1.41%,2.66%,88.17%,7.77%,False,1
2900900,ALMADINA,BA,6,15,248,269,2.23%,5.58%,92.19%,False,1,2,7,241,19,269,0.74%,2.6%,89.59%,7.06%,False,1
2901007,AMARGOSA,BA,43,98,1.532,1.673,2.57%,5.86%,91.57%,True,1,8,31,1487,147,1673,0.48%,1.85%,88.88%,8.79%,False,1
2901106,AMELIA RODRIGUES,BA,35,50,710,795,4.4%,6.29%,89.31%,False,1,10,13,690,82,795,1.26%,1.64%,86.79%,10.31%,False,1
2901155,AMERICA DOURADA,BA,36,70,888,994,3.62%,7.04%,89.34%,False,1,5,27,901,61,994,0.5%,2.72%,90.64%,6.14%,False,1
2901205,ANAGE,BA,49,50,826,925,5.3%,5.41%,89.3%,False,1,9,25,809,82,925,0.97%,2.7%,87.46%,8.86%,False,1
2901304,ANDARAI,BA,31,45,507,583,5.32%,7.72%,86.96%,False,1,7,14,510,52,583,1.2%,2.4%,87.48%,8.92%,False,1
2901353,ANDORINHA,BA,25,39,540,604,4.14%,6.46%,89.4%,False,1,4,16,532,52,604,0.66%,2.65%,88.08%,8.61%,False,1
2901403,ANGICAL,BA,29,55,767,851,3.41%,6.46%,90.13%,False,1,5,15,769,62,851,0.59%,1.76%,90.36%,7.29%,False,1
2901502,ANGUERA,BA,27,28,435,490,5.51%,5.71%,88.78%,False,1,13,16,418,43,490,2.65%,3.27%,85.31%,8.78%,False,1
2901601,ANTAS,BA,23,37,521,581,3.96%,6.37%,89.67%,False,1,5,10,521,45,581,0.86%,1.72%,89.67%,7.75%,False,1
2901700,ANTONIO CARDOSO,BA,14,34,663,711,1.97%,4.78%,93.25%,False,1,5,12,622,72,711,0.7%,1.69%,87.48%,10.13%,False,1
2901809,ANTONIO GONCALVES,BA,48,53,454,555,8.65%,9.55%,81.8%,False,1,6,21,490,38,555,1.08%,3.78%,88.29%,6.85%,False,1
2901908,APORA,BA,59,41,743,843,7%,4.86%,88.14%,False,1,8,20,737,78,843,0.95%,2.37%,87.43%,9.25%,False,1
2901957,APUAREMA,BA,5,15,392,412,1.21%,3.64%,95.15%,False,1,2,6,364,40,412,0.49%,1.46%,88.35%,9.71%,False,1
2902005,ARACATU,BA,18,37,730,785,2.29%,4.71%,92.99%,False,1,1,9,722,53,785,0.13%,1.15%,91.97%,6.75%,False,1
2902054,ARACAS,BA,29,37,565,631,4.6%,5.86%,89.54%,False,1,3,13,440,175,631,0.48%,2.06%,69.73%,27.73%,False,1
2902104,ARACI,BA,185,224,2.199,2.608,7.09%,8.59%,84.32%,True,1,30,83,2329,166,2608,1.15%,3.18%,89.3%,6.37%,False,1
2902203,ARAMARI,BA,17,30,421,468,3.63%,6.41%,89.96%,False,1,3,15,415,35,468,0.64%,3.21%,88.68%,7.48%,False,1
2902252,ARATACA,BA,22,21,361,404,5.45%,5.2%,89.36%,False,1,0,20,364,19,403,-,4.96%,90.32%,4.71%,False,1
2902302,ARATUIPE,BA,19,32,446,497,3.82%,6.44%,89.74%,False,1,0,15,431,51,497,-,3.02%,86.72%,10.26%,False,1
2902401,AURELINO LEAL,BA,33,41,612,686,4.81%,5.98%,89.21%,False,1,0,13,617,56,686,-,1.9%,89.94%,8.16%,False,1
2902500,BAIANOPOLIS,BA,36,58,652,746,4.83%,7.77%,87.4%,False,1,4,24,679,39,746,0.54%,3.22%,91.02%,5.23%,False,1
2902609,BAIXA GRANDE,BA,47,34,753,834,5.64%,4.08%,90.29%,False,1,11,26,724,73,834,1.32%,3.12%,86.81%,8.75%,False,1
2902658,BANZAE,BA,7,28,531,566,1.24%,4.95%,93.82%,False,1,0,7,534,25,566,-,1.24%,94.35%,4.42%,False,1
2902708,BARRA,BA,201,257,3.064,3.522,5.71%,7.3%,87%,True,1,38,131,3195,158,3522,1.08%,3.72%,90.72%,4.49%,False,1
2902807,BARRA DA ESTIVA,BA,39,81,1.512,1.632,2.39%,4.96%,92.65%,True,1,9,33,1508,82,1632,0.55%,2.02%,92.4%,5.02%,False,1
2902906,BARRA DO CHOCA,BA,123,121,1.588,1.832,6.71%,6.6%,86.68%,True,1,19,53,1636,124,1832,1.04%,2.89%,89.3%,6.77%,False,1
2903003,BARRA DO MENDES,BA,107,54,584,745,14.36%,7.25%,78.39%,False,1,36,26,652,31,745,4.83%,3.49%,87.52%,4.16%,False,1
2903102,BARRA DO ROCHA,BA,15,35,305,355,4.23%,9.86%,85.92%,False,1,5,3,334,13,355,1.41%,0.85%,94.08%,3.66%,False,1
2903201,BARREIRAS,BA,331,512,7.074,7.917,4.18%,6.47%,89.35%,True,1,52,216,7132,517,7917,0.66%,2.73%,90.08%,6.53%,False,1
2903235,BARRO ALTO,BA,26,24,600,650,4%,3.69%,92.31%,False,1,2,18,593,37,650,0.31%,2.77%,91.23%,5.69%,False,1
2903276,BARROCAS,BA,25,78,916,1.019,2.45%,7.65%,89.89%,True,1,9,21,926,63,1019,0.88%,2.06%,90.87%,6.18%,False,1
2903300,BARRO PRETO,BA,9,19,262,290,3.1%,6.55%,90.34%,False,1,0,3,257,30,290,-,1.03%,88.62%,10.34%,False,1
2903409,BELMONTE,BA,188,108,814,1.11,16.94%,9.73%,73.33%,True,1,81,54,896,79,1110,7.3%,4.86%,80.72%,7.12%,False,1
2903508,BELO CAMPO,BA,26,35,1.127,1.188,2.19%,2.95%,94.87%,True,1,1,19,1085,83,1188,0.08%,1.6%,91.33%,6.99%,False,1
2903607,BIRITINGA,BA,17,57,627,701,2.43%,8.13%,89.44%,False,1,6,13,631,51,701,0.86%,1.85%,90.01%,7.28%,False,1
2903706,BOA NOVA,BA,30,38,611,679,4.42%,5.6%,89.99%,False,1,3,15,614,47,679,0.44%,2.21%,90.43%,6.92%,False,1
2903805,BOA VISTA DO TUPIM,BA,39,64,766,869,4.49%,7.36%,88.15%,False,1,5,25,695,144,869,0.58%,2.88%,79.98%,16.57%,False,1
2903904,BOM JESUS DA LAPA,BA,159,267,3.464,3.89,4.09%,6.86%,89.05%,True,1,57,148,3426,259,3890,1.47%,3.8%,88.07%,6.66%,False,1
2903953,BOM JESUS DA SERRA,BA,18,33,443,494,3.64%,6.68%,89.68%,False,1,4,17,439,34,494,0.81%,3.44%,88.87%,6.88%,False,1
2904001,BONINAL,BA,15,25,709,749,2%,3.34%,94.66%,False,1,9,18,671,51,749,1.2%,2.4%,89.59%,6.81%,False,1
2904050,BONITO,BA,29,54,671,754,3.85%,7.16%,88.99%,False,1,3,15,690,46,754,0.4%,1.99%,91.51%,6.1%,False,1
2904100,BOQUIRA,BA,33,49,911,993,3.32%,4.93%,91.74%,False,1,14,41,877,61,993,1.41%,4.13%,88.32%,6.14%,False,1
2904209,BOTUPORA,BA,28,25,511,564,4.96%,4.43%,90.6%,False,1,4,12,519,29,564,0.71%,2.13%,92.02%,5.14%,False,1
2904308,BREJOES,BA,12,17,612,641,1.87%,2.65%,95.48%,False,1,1,12,597,31,641,0.16%,1.87%,93.14%,4.84%,False,1
2904407,BREJOLANDIA,BA,9,21,395,425,2.12%,4.94%,92.94%,False,1,1,13,383,28,425,0.24%,3.06%,90.12%,6.59%,False,1
2904506,BROTAS DE MACAUBAS,BA,26,34,591,651,3.99%,5.22%,90.78%,False,1,2,17,598,34,651,0.31%,2.61%,91.86%,5.22%,False,1
2904605,BRUMADO,BA,56,97,2.309,2.462,2.27%,3.94%,93.79%,True,1,19,62,2222,159,2462,0.77%,2.52%,90.25%,6.46%,False,1
2904704,BUERAREMA,BA,43,45,671,759,5.67%,5.93%,88.41%,False,1,7,15,672,65,759,0.92%,1.98%,88.54%,8.56%,False,1
2904753,BURITIRAMA,BA,75,113,1.309,1.497,5.01%,7.55%,87.44%,True,1,11,52,1345,89,1497,0.73%,3.47%,89.85%,5.95%,False,1
2904803,CAATIBA,BA,4,11,244,259,1.54%,4.25%,94.21%,False,1,0,4,240,15,259,-,1.54%,92.66%,5.79%,False,1
2904852,CABACEIRAS DO PARAGUACU,BA,51,75,1.016,1.142,4.47%,6.57%,88.97%,True,1,14,21,1016,91,1142,1.23%,1.84%,88.97%,7.97%,False,1
2904902,CACHOEIRA,BA,70,50,995,1.115,6.28%,4.48%,89.24%,True,1,17,26,934,138,1115,1.52%,2.33%,83.77%,12.38%,False,1
2905008,CACULE,BA,13,38,1.028,1.079,1.2%,3.52%,95.27%,True,1,4,15,1006,54,1079,0.37%,1.39%,93.23%,5%,False,1
2905107,CAEM,BA,29,32,493,554,5.23%,5.78%,88.99%,False,1,6,12,488,48,554,1.08%,2.17%,88.09%,8.66%,False,1
2905156,CAETANOS,BA,19,38,583,640,2.97%,5.94%,91.09%,False,1,4,13,576,47,640,0.63%,2.03%,90%,7.34%,False,1
2905206,CAETITE,BA,80,127,2.024,2.231,3.59%,5.69%,90.72%,True,1,24,80,2035,92,2231,1.08%,3.59%,91.21%,4.12%,False,1
2905305,CAFARNAUM,BA,54,71,995,1.12,4.82%,6.34%,88.84%,True,1,4,32,1033,51,1120,0.36%,2.86%,92.23%,4.55%,False,1
2905404,CAIRU,BA,55,55,829,939,5.86%,5.86%,88.29%,False,1,3,24,826,86,939,0.32%,2.56%,87.97%,9.16%,False,1
2905503,CALDEIRAO GRANDE,BA,61,68,645,774,7.88%,8.79%,83.33%,False,1,7,31,674,62,774,0.9%,4.01%,87.08%,8.01%,False,1
2905602,CAMACAN,BA,32,50,840,922,3.47%,5.42%,91.11%,False,1,9,12,829,72,922,0.98%,1.3%,89.91%,7.81%,False,1
2905701,CAMACARI,BA,334,528,10.052,10.914,3.06%,4.84%,92.1%,True,1,65,217,9564,1069,10915,0.6%,1.99%,87.62%,9.79%,False,1
2905800,CAMAMU,BA,87,101,1.676,1.864,4.67%,5.42%,89.91%,True,1,11,44,1670,139,1864,0.59%,2.36%,89.59%,7.46%,False,1
2905909,CAMPO ALEGRE DE LOURDES,BA,95,116,1.685,1.896,5.01%,6.12%,88.87%,True,1,17,58,1690,131,1896,0.9%,3.06%,89.14%,6.91%,False,1
2906006,CAMPO FORMOSO,BA,222,303,3.555,4.08,5.44%,7.43%,87.13%,True,1,48,152,3644,237,4081,1.18%,3.72%,89.29%,5.81%,False,1
2906105,CANAPOLIS,BA,28,34,418,480,5.83%,7.08%,87.08%,False,1,9,16,433,22,480,1.88%,3.33%,90.21%,4.58%,False,1
2906204,CANARANA,BA,203,161,1.184,1.548,13.11%,10.4%,76.49%,True,1,46,82,1368,52,1548,2.97%,5.3%,88.37%,3.36%,False,1
2906303,CANAVIEIRAS,BA,39,82,1.332,1.453,2.68%,5.64%,91.67%,True,1,8,46,1287,112,1453,0.55%,3.17%,88.58%,7.71%,False,1
2906402,CANDEAL,BA,16,17,385,418,3.83%,4.07%,92.11%,False,1,0,8,382,28,418,-,1.91%,91.39%,6.7%,False,1
2906501,CANDEIAS,BA,129,184,3.101,3.414,3.78%,5.39%,90.83%,True,1,26,56,3106,226,3414,0.76%,1.64%,90.98%,6.62%,False,1
2906600,CANDIBA,BA,15,30,510,555,2.7%,5.41%,91.89%,False,1,1,23,494,37,555,0.18%,4.14%,89.01%,6.67%,False,1
2906709,CANDIDO SALES,BA,48,67,1.298,1.413,3.4%,4.74%,91.86%,True,1,12,30,1277,94,1413,0.85%,2.12%,90.38%,6.65%,False,1
2906808,CANSANCAO,BA,78,136,2.044,2.258,3.45%,6.02%,90.52%,True,1,8,42,2022,186,2258,0.35%,1.86%,89.55%,8.24%,False,1
2906824,CANUDOS,BA,36,40,831,907,3.97%,4.41%,91.62%,False,1,8,18,809,72,907,0.88%,1.98%,89.2%,7.94%,False,1
2906857,CAPELA DO ALTO ALEGRE,BA,9,26,403,438,2.05%,5.94%,92.01%,False,1,1,5,399,33,438,0.23%,1.14%,91.1%,7.53%,False,1
2906873,CAPIM GROSSO,BA,83,137,1.376,1.596,5.2%,8.58%,86.22%,True,1,17,48,1439,92,1596,1.07%,3.01%,90.16%,5.76%,False,1
2906899,CARAIBAS,BA,15,24,393,432,3.47%,5.56%,90.97%,False,1,2,13,390,27,432,0.46%,3.01%,90.28%,6.25%,False,1
2906907,CARAVELAS,BA,149,76,843,1.068,13.95%,7.12%,78.93%,True,1,71,76,858,63,1068,6.65%,7.12%,80.34%,5.9%,False,1
2907004,CARDEAL DA SILVA,BA,37,35,534,606,6.11%,5.78%,88.12%,False,1,6,15,525,60,606,0.99%,2.48%,86.63%,9.9%,False,1
2907103,CARINHANHA,BA,61,113,1.648,1.822,3.35%,6.2%,90.45%,True,1,12,44,1616,150,1822,0.66%,2.41%,88.69%,8.23%,False,1
2907202,CASA NOVA,BA,372,397,3.51,4.279,8.69%,9.28%,82.03%,True,1,185,202,3614,278,4279,4.32%,4.72%,84.46%,6.5%,False,1
2907301,CASTRO ALVES,BA,27,58,1.188,1.273,2.12%,4.56%,93.32%,True,1,8,20,1117,128,1273,0.63%,1.57%,87.75%,10.05%,False,1
2907400,CATOLANDIA,BA,6,8,189,203,2.96%,3.94%,93.1%,False,1,1,2,184,16,203,0.49%,0.99%,90.64%,7.88%,False,1
2907509,CATU,BA,63,100,1.329,1.492,4.22%,6.7%,89.08%,True,1,6,38,1286,162,1492,0.4%,2.55%,86.19%,10.86%,False,1
2907558,CATURAMA,BA,4,14,323,341,1.17%,4.11%,94.72%,False,1,2,6,314,19,341,0.59%,1.76%,92.08%,5.57%,False,1
2907608,CENTRAL,BA,103,51,674,828,12.44%,6.16%,81.4%,False,1,40,43,688,57,828,4.83%,5.19%,83.09%,6.88%,False,1
2907707,CHORROCHO,BA,28,52,612,692,4.05%,7.51%,88.44%,False,1,5,15,616,56,692,0.72%,2.17%,89.02%,8.09%,False,1
2907806,CICERO DANTAS,BA,33,67,1.163,1.263,2.61%,5.3%,92.08%,True,1,4,25,1139,95,1263,0.32%,1.98%,90.18%,7.52%,False,1
2907905,CIPO,BA,39,62,908,1.009,3.87%,6.14%,89.99%,True,1,9,41,866,93,1009,0.89%,4.06%,85.83%,9.22%,False,1
2908002,COARACI,BA,37,37,541,615,6.02%,6.02%,87.97%,False,1,18,20,532,45,615,2.93%,3.25%,86.5%,7.32%,False,1
2908101,COCOS,BA,38,53,965,1.056,3.6%,5.02%,91.38%,True,1,10,21,963,62,1056,0.95%,1.99%,91.19%,5.87%,False,1
2908200,CONCEICAO DA FEIRA,BA,65,76,816,957,6.79%,7.94%,85.27%,False,1,10,31,815,101,957,1.04%,3.24%,85.16%,10.55%,False,1
2908309,CONCEICAO DO ALMEIDA,BA,12,39,634,685,1.75%,5.69%,92.55%,False,1,2,12,611,60,685,0.29%,1.75%,89.2%,8.76%,False,1
2908408,CONCEICAO DO COITE,BA,113,190,3.23,3.533,3.2%,5.38%,91.42%,True,1,20,64,3136,313,3533,0.57%,1.81%,88.76%,8.86%,False,1
2908507,CONCEICAO DO JACUIPE,BA,57,83,1.522,1.662,3.43%,4.99%,91.58%,True,1,14,40,1443,165,1662,0.84%,2.41%,86.82%,9.93%,False,1
2908606,CONDE,BA,70,98,1.322,1.49,4.7%,6.58%,88.72%,True,1,7,43,1296,144,1490,0.47%,2.89%,86.98%,9.66%,False,1
2908705,CONDEUBA,BA,19,28,799,846,2.25%,3.31%,94.44%,False,1,7,11,786,42,846,0.83%,1.3%,92.91%,4.96%,False,1
2908804,CONTENDAS DO SINCORA,BA,5,8,216,229,2.18%,3.49%,94.32%,False,1,2,7,209,11,229,0.87%,3.06%,91.27%,4.8%,False,1
2908903,CORACAO DE MARIA,BA,65,89,743,897,7.25%,9.92%,82.83%,False,1,12,45,738,102,897,1.34%,5.02%,82.27%,11.37%,False,1
2909000,CORDEIROS,BA,9,15,413,437,2.06%,3.43%,94.51%,False,1,1,7,406,23,437,0.23%,1.6%,92.91%,5.26%,False,1
2909109,CORIBE,BA,13,35,697,745,1.74%,4.7%,93.56%,False,1,1,13,691,40,745,0.13%,1.74%,92.75%,5.37%,False,1
2909208,CORONEL JOAO SA,BA,27,52,871,950,2.84%,5.47%,91.68%,False,1,4,22,838,86,950,0.42%,2.32%,88.21%,9.05%,False,1
2909307,CORRENTINA,BA,112,120,1.705,1.937,5.78%,6.2%,88.02%,True,1,30,91,1681,135,1937,1.55%,4.7%,86.78%,6.97%,False,1
2909406,COTEGIPE,BA,54,51,598,703,7.68%,7.25%,85.06%,False,1,7,23,623,50,703,1%,3.27%,88.62%,7.11%,False,1
2909505,CRAVOLANDIA,BA,4,17,217,238,1.68%,7.14%,91.18%,False,1,2,1,207,28,238,0.84%,0.42%,86.97%,11.76%,False,1
2909604,CRISOPOLIS,BA,43,80,979,1.102,3.9%,7.26%,88.84%,True,1,11,19,981,91,1102,1%,1.72%,89.02%,8.26%,False,1
2909703,CRISTOPOLIS,BA,33,58,596,687,4.8%,8.44%,86.75%,False,1,5,13,631,38,687,0.73%,1.89%,91.85%,5.53%,False,1
2909802,CRUZ DAS ALMAS,BA,113,181,2.146,2.44,4.63%,7.42%,87.95%,True,1,15,64,2145,216,2440,0.61%,2.62%,87.91%,8.85%,False,1
2909901,CURACA,BA,123,117,1.675,1.915,6.42%,6.11%,87.47%,True,1,14,39,1703,159,1915,0.73%,2.04%,88.93%,8.3%,False,1
2910008,DARIO MEIRA,BA,26,32,533,591,4.4%,5.41%,90.19%,False,1,10,20,523,38,591,1.69%,3.38%,88.49%,6.43%,False,1
2910057,DIAS D'AVILA,BA,118,164,2.807,3.089,3.82%,5.31%,90.87%,True,1,15,67,2717,291,3090,0.49%,2.17%,87.93%,9.42%,False,1
2910107,DOM BASILIO,BA,11,22,609,642,1.71%,3.43%,94.86%,False,1,1,12,590,39,642,0.16%,1.87%,91.9%,6.07%,False,1
2910206,DOM MACEDO COSTA,BA,1,3,180,184,0.54%,1.63%,97.83%,False,1,1,2,165,16,184,0.54%,1.09%,89.67%,8.7%,False,1
2910305,ELISIO MEDRADO,BA,8,9,289,306,2.61%,2.94%,94.44%,False,1,2,13,256,35,306,0.65%,4.25%,83.66%,11.44%,False,1
2910404,ENCRUZILHADA,BA,56,62,837,955,5.86%,6.49%,87.64%,False,1,9,26,845,75,955,0.94%,2.72%,88.48%,7.85%,False,1
2910503,ENTRE RIOS,BA,107,135,1.92,2.162,4.95%,6.24%,88.81%,True,1,15,61,1879,207,2162,0.69%,2.82%,86.91%,9.57%,False,1
2910602,ESPLANADA,BA,90,114,1.454,1.658,5.43%,6.88%,87.7%,True,1,8,28,1468,154,1658,0.48%,1.69%,88.54%,9.29%,False,1
2910701,EUCLIDES DA CUNHA,BA,189,202,2.699,3.09,6.12%,6.54%,87.35%,True,1,63,99,2627,299,3088,2.04%,3.21%,85.07%,9.68%,False,1
2910727,EUNAPOLIS,BA,116,185,4.342,4.643,2.5%,3.98%,93.52%,True,1,36,93,4113,402,4644,0.78%,2%,88.57%,8.66%,False,1
2910750,FATIMA,BA,19,41,873,933,2.04%,4.39%,93.57%,False,1,0,22,865,46,933,-,2.36%,92.71%,4.93%,False,1
2910776,FEIRA DA MATA,BA,9,11,285,305,2.95%,3.61%,93.44%,False,1,3,7,274,21,305,0.98%,2.3%,89.84%,6.89%,False,1
2910800,FEIRA DE SANTANA,BA,1.635,1.721,17.37,20.726,7.89%,8.3%,83.81%,True,1,212,502,17897,2115,20726,1.02%,2.42%,86.35%,10.2%,False,1
2910859,FILADELFIA,BA,63,57,888,1.008,6.25%,5.65%,88.1%,True,1,6,21,912,69,1008,0.6%,2.08%,90.48%,6.85%,False,1
2910909,FIRMINO ALVES,BA,11,12,231,254,4.33%,4.72%,90.94%,False,1,1,4,217,32,254,0.39%,1.57%,85.43%,12.6%,False,1
2911006,FLORESTA AZUL,BA,25,28,322,375,6.67%,7.47%,85.87%,False,1,0,11,342,22,375,-,2.93%,91.2%,5.87%,False,1
2911105,FORMOSA DO RIO PRETO,BA,54,92,1.343,1.489,3.63%,6.18%,90.19%,True,1,10,43,1341,95,1489,0.67%,2.89%,90.06%,6.38%,False,1
2911204,GANDU,BA,44,63,1.3,1.407,3.13%,4.48%,92.4%,True,1,9,31,1254,113,1407,0.64%,2.2%,89.13%,8.03%,False,1
2911253,GAVIAO,BA,17,22,187,226,7.52%,9.73%,82.74%,False,1,0,4,201,21,226,-,1.77%,88.94%,9.29%,False,1
2911303,GENTIO DO OURO,BA,27,26,458,511,5.28%,5.09%,89.63%,False,1,4,12,473,22,511,0.78%,2.35%,92.56%,4.31%,False,1
2911402,GLORIA,BA,23,46,782,851,2.7%,5.41%,91.89%,False,1,38,20,726,67,851,4.47%,2.35%,85.31%,7.87%,False,1
2911501,GONGOGI,BA,19,32,308,359,5.29%,8.91%,85.79%,False,1,5,8,317,29,359,1.39%,2.23%,88.3%,8.08%,False,1
2911600,GOVERNADOR MANGABEIRA,BA,39,59,893,991,3.94%,5.95%,90.11%,False,1,3,25,868,95,991,0.3%,2.52%,87.59%,9.59%,False,1
2911659,GUAJERU,BA,6,22,317,345,1.74%,6.38%,91.88%,False,1,0,5,328,12,345,-,1.45%,95.07%,3.48%,False,1
2911709,GUANAMBI,BA,55,153,3.693,3.901,1.41%,3.92%,94.67%,True,1,20,102,3550,229,3901,0.51%,2.61%,91%,5.87%,False,1
2911808,GUARATINGA,BA,29,43,616,688,4.22%,6.25%,89.53%,False,1,3,12,628,45,688,0.44%,1.74%,91.28%,6.54%,False,1
2911857,HELIOPOLIS,BA,22,48,522,592,3.72%,8.11%,88.18%,False,1,1,15,530,46,592,0.17%,2.53%,89.53%,7.77%,False,1
2911907,IACU,BA,32,53,1.108,1.193,2.68%,4.44%,92.88%,True,1,4,26,1069,94,1193,0.34%,2.18%,89.61%,7.88%,False,1
2912004,IBIASSUCE,BA,6,14,448,468,1.28%,2.99%,95.73%,False,1,3,9,428,28,468,0.64%,1.92%,91.45%,5.98%,False,1
2912103,IBICARAI,BA,42,68,810,920,4.57%,7.39%,88.04%,False,1,4,21,811,84,920,0.43%,2.28%,88.15%,9.13%,False,1
2912202,IBICOARA,BA,72,81,1.198,1.351,5.33%,6%,88.68%,True,1,6,39,1199,107,1351,0.44%,2.89%,88.75%,7.92%,False,1
2912301,IBICUI,BA,10,18,616,644,1.55%,2.8%,95.65%,False,1,1,3,584,56,644,0.16%,0.47%,90.68%,8.7%,False,1
2912400,IBIPEBA,BA,11,32,830,873,1.26%,3.67%,95.07%,False,1,4,16,793,60,873,0.46%,1.83%,90.84%,6.87%,False,1
2912509,IBIPITANGA,BA,14,23,637,674,2.08%,3.41%,94.51%,False,1,2,11,622,39,674,0.3%,1.63%,92.28%,5.79%,False,1
2912608,IBIQUERA,BA,16,18,197,231,6.93%,7.79%,85.28%,False,1,2,6,209,14,231,0.87%,2.6%,90.48%,6.06%,False,1
2912707,IBIRAPITANGA,BA,49,55,910,1.014,4.83%,5.42%,89.74%,True,1,10,20,893,91,1014,0.99%,1.97%,88.07%,8.97%,False,1
2912806,IBIRAPUA,BA,26,37,470,533,4.88%,6.94%,88.18%,False,1,4,13,470,46,533,0.75%,2.44%,88.18%,8.63%,False,1
2912905,IBIRATAIA,BA,25,52,844,921,2.71%,5.65%,91.64%,False,1,2,19,811,89,921,0.22%,2.06%,88.06%,9.66%,False,1
2913002,IBITIARA,BA,17,36,535,588,2.89%,6.12%,90.99%,False,1,3,10,530,45,588,0.51%,1.7%,90.14%,7.65%,False,1
2913101,IBITITA,BA,64,60,884,1.008,6.35%,5.95%,87.7%,True,1,12,19,908,69,1008,1.19%,1.88%,90.08%,6.85%,False,1
2913200,IBOTIRAMA,BA,49,79,1.397,1.525,3.21%,5.18%,91.61%,True,1,11,35,1386,93,1525,0.72%,2.3%,90.89%,6.1%,False,1
2913309,ICHU,BA,6,17,353,376,1.6%,4.52%,93.88%,False,1,3,10,334,28,375,0.8%,2.67%,89.07%,7.47%,False,1
2913408,IGAPORA,BA,14,22,714,750,1.87%,2.93%,95.2%,False,1,5,10,692,43,750,0.67%,1.33%,92.27%,5.73%,False,1
2913457,IGRAPIUNA,BA,32,36,585,653,4.9%,5.51%,89.59%,False,1,7,17,589,40,653,1.07%,2.6%,90.2%,6.13%,False,1
2913507,IGUAI,BA,33,41,879,953,3.46%,4.3%,92.24%,False,1,8,20,848,77,953,0.84%,2.1%,88.98%,8.08%,False,1
2913606,ILHEUS,BA,245,345,4.901,5.491,4.46%,6.28%,89.26%,True,1,70,122,4892,407,5491,1.27%,2.22%,89.09%,7.41%,False,1
2913705,INHAMBUPE,BA,120,135,1.485,1.74,6.9%,7.76%,85.34%,True,1,10,39,1525,166,1740,0.57%,2.24%,87.64%,9.54%,False,1
2913804,IPECAETA,BA,47,54,780,881,5.33%,6.13%,88.54%,False,1,7,16,768,90,881,0.79%,1.82%,87.17%,10.22%,False,1
2913903,IPIAU,BA,88,101,1.529,1.718,5.12%,5.88%,89%,True,1,16,37,1482,183,1718,0.93%,2.15%,86.26%,10.65%,False,1
2914000,IPIRA,BA,110,176,2.033,2.319,4.74%,7.59%,87.67%,True,1,32,93,1990,204,2319,1.38%,4.01%,85.81%,8.8%,False,1
2914109,IPUPIARA,BA,14,17,518,549,2.55%,3.1%,94.35%,False,1,4,10,498,37,549,0.73%,1.82%,90.71%,6.74%,False,1
2914208,IRAJUBA,BA,7,12,298,317,2.21%,3.79%,94.01%,False,1,3,7,286,21,317,0.95%,2.21%,90.22%,6.62%,False,1
2914307,IRAMAIA,BA,16,23,414,453,3.53%,5.08%,91.39%,False,1,3,11,395,44,453,0.66%,2.43%,87.2%,9.71%,False,1
2914406,IRAQUARA,BA,55,86,1.473,1.614,3.41%,5.33%,91.26%,True,1,21,41,1468,84,1614,1.3%,2.54%,90.95%,5.2%,False,1
2914505,IRARA,BA,68,89,1.27,1.427,4.77%,6.24%,89%,True,1,8,24,1280,115,1427,0.56%,1.68%,89.7%,8.06%,False,1
2914604,IRECE,BA,126,240,3.082,3.448,3.65%,6.96%,89.39%,True,1,20,84,3116,228,3448,0.58%,2.44%,90.37%,6.61%,False,1
2914653,ITABELA,BA,291,159,1.613,2.063,14.11%,7.71%,78.19%,True,1,153,95,1693,122,2063,7.42%,4.6%,82.06%,5.91%,False,1
2914703,ITABERABA,BA,239,234,2.61,3.083,7.75%,7.59%,84.66%,True,1,99,93,2686,205,3083,3.21%,3.02%,87.12%,6.65%,False,1
2914802,ITABUNA,BA,204,293,4.603,5.1,4%,5.75%,90.25%,True,1,60,119,4396,525,5100,1.18%,2.33%,86.2%,10.29%,False,1
2914901,ITACARE,BA,60,111,1.468,1.639,3.66%,6.77%,89.57%,True,1,8,35,1475,121,1639,0.49%,2.14%,89.99%,7.38%,False,1
2915007,ITAETE,BA,35,31,822,888,3.94%,3.49%,92.57%,False,1,4,22,812,50,888,0.45%,2.48%,91.44%,5.63%,False,1
2915106,ITAGI,BA,23,36,595,654,3.52%,5.5%,90.98%,False,1,5,12,585,52,654,0.76%,1.83%,89.45%,7.95%,False,1
2915205,ITAGIBA,BA,35,33,651,719,4.87%,4.59%,90.54%,False,1,2,20,625,72,719,0.28%,2.78%,86.93%,10.01%,False,1
2915304,ITAGIMIRIM,BA,17,10,278,305,5.57%,3.28%,91.15%,False,1,2,3,275,25,305,0.66%,0.98%,90.16%,8.2%,False,1
2915353,ITAGUACU DA BAHIA,BA,35,61,806,902,3.88%,6.76%,89.36%,False,1,7,25,811,59,902,0.78%,2.77%,89.91%,6.54%,False,1
2915403,ITAJU DO COLONIA,BA,9,19,238,266,3.38%,7.14%,89.47%,False,1,0,4,232,30,266,-,1.5%,87.22%,11.28%,False,1
2915502,ITAJUIPE,BA,49,90,737,876,5.59%,10.27%,84.13%,False,1,7,17,794,58,876,0.8%,1.94%,90.64%,6.62%,False,1
2915601,ITAMARAJU,BA,173,191,2.404,2.768,6.25%,6.9%,86.85%,True,1,55,75,2448,190,2768,1.99%,2.71%,88.44%,6.86%,False,1
2915700,ITAMARI,BA,6,8,286,300,2%,2.67%,95.33%,False,1,1,3,265,31,300,0.33%,1%,88.33%,10.33%,False,1
2915809,ITAMBE,BA,51,42,1.04,1.133,4.5%,3.71%,91.79%,True,1,8,20,991,114,1133,0.71%,1.77%,87.47%,10.06%,False,1
2915908,ITANAGRA,BA,12,21,454,487,2.46%,4.31%,93.22%,False,1,2,11,433,41,487,0.41%,2.26%,88.91%,8.42%,False,1
2916005,ITANHEM,BA,13,18,549,580,2.24%,3.1%,94.66%,False,1,3,7,514,56,580,0.52%,1.21%,88.62%,9.66%,False,1
2916104,ITAPARICA,BA,42,67,828,937,4.48%,7.15%,88.37%,False,1,14,21,797,105,937,1.49%,2.24%,85.06%,11.21%,False,1
2916203,ITAPE,BA,14,21,374,409,3.42%,5.13%,91.44%,False,1,3,12,346,48,409,0.73%,2.93%,84.6%,11.74%,False,1
2916302,ITAPEBI,BA,11,22,441,474,2.32%,4.64%,93.04%,False,1,2,8,424,40,474,0.42%,1.69%,89.45%,8.44%,False,1
2916401,ITAPETINGA,BA,80,135,2.576,2.791,2.87%,4.84%,92.3%,True,1,15,49,2472,255,2791,0.54%,1.76%,88.57%,9.14%,False,1
2916500,ITAPICURU,BA,57,121,1.668,1.846,3.09%,6.55%,90.36%,True,1,13,41,1620,172,1846,0.7%,2.22%,87.76%,9.32%,False,1
2916609,ITAPITANGA,BA,16,20,211,247,6.48%,8.1%,85.43%,False,1,1,16,212,18,247,0.4%,6.48%,85.83%,7.29%,False,1
2916708,ITAQUARA,BA,3,8,330,341,0.88%,2.35%,96.77%,False,1,0,6,309,26,341,-,1.76%,90.62%,7.62%,False,1
2916807,ITARANTIM,BA,12,23,674,709,1.69%,3.24%,95.06%,False,1,4,14,619,72,709,0.56%,1.97%,87.31%,10.16%,False,1
2916856,ITATIM,BA,41,55,1.004,1.1,3.73%,5%,91.27%,True,1,19,17,943,121,1100,1.73%,1.55%,85.73%,11%,False,1
2916906,ITIRUCU,BA,8,25,509,542,1.48%,4.61%,93.91%,False,1,2,10,491,39,542,0.37%,1.85%,90.59%,7.2%,False,1
2917003,ITIUBA,BA,120,135,1.747,2.002,5.99%,6.74%,87.26%,True,1,27,55,1768,152,2002,1.35%,2.75%,88.31%,7.59%,False,1
2917102,ITORORO,BA,24,49,718,791,3.03%,6.19%,90.77%,False,1,3,12,692,84,791,0.38%,1.52%,87.48%,10.62%,False,1
2917201,ITUACU,BA,24,40,964,1.028,2.33%,3.89%,93.77%,True,1,15,20,939,54,1028,1.46%,1.95%,91.34%,5.25%,False,1
2917300,ITUBERA,BA,69,74,1.068,1.211,5.7%,6.11%,88.19%,True,1,4,39,1068,100,1211,0.33%,3.22%,88.19%,8.26%,False,1
2917334,IUIU,BA,23,29,557,609,3.78%,4.76%,91.46%,False,1,5,9,548,47,609,0.82%,1.48%,89.98%,7.72%,False,1
2917359,JABORANDI,BA,11,33,610,654,1.68%,5.05%,93.27%,False,1,2,15,579,58,654,0.31%,2.29%,88.53%,8.87%,False,1
2917409,JACARACI,BA,20,23,575,618,3.24%,3.72%,93.04%,False,1,6,14,569,29,618,0.97%,2.27%,92.07%,4.69%,False,1
2917508,JACOBINA,BA,218,250,3.555,4.023,5.42%,6.21%,88.37%,True,1,43,120,3576,284,4023,1.07%,2.98%,88.89%,7.06%,False,1
2917607,JAGUAQUARA,BA,69,101,1.845,2.015,3.42%,5.01%,91.56%,True,1,18,50,1801,146,2015,0.89%,2.48%,89.38%,7.25%,False,1
2917706,JAGUARARI,BA,100,115,1.179,1.394,7.17%,8.25%,84.58%,True,1,13,53,1228,100,1394,0.93%,3.8%,88.09%,7.17%,False,1
2917805,JAGUARIPE,BA,25,44,871,940,2.66%,4.68%,92.66%,False,1,7,15,836,82,940,0.74%,1.6%,88.94%,8.72%,False,1
2917904,JANDAIRA,BA,63,40,544,647,9.74%,6.18%,84.08%,False,1,14,20,558,55,647,2.16%,3.09%,86.24%,8.5%,False,1
2918001,JEQUIE,BA,192,280,5.75,6.222,3.09%,4.5%,92.41%,True,1,34,135,5492,561,6222,0.55%,2.17%,88.27%,9.02%,False,1
2918100,JEREMOABO,BA,71,143,1.792,2.006,3.54%,7.13%,89.33%,True,1,5,44,1807,150,2006,0.25%,2.19%,90.08%,7.48%,False,1
2918209,JIQUIRICA,BA,30,43,636,709,4.23%,6.06%,89.7%,False,1,1,19,634,55,709,0.14%,2.68%,89.42%,7.76%,False,1
2918308,JITAUNA,BA,26,44,759,829,3.14%,5.31%,91.56%,False,1,6,11,753,59,829,0.72%,1.33%,90.83%,7.12%,False,1
2918357,JOAO DOURADO,BA,104,115,1.251,1.47,7.07%,7.82%,85.1%,True,1,15,43,1342,70,1470,1.02%,2.93%,91.29%,4.76%,False,1
2918407,JUAZEIRO,BA,648,910,11.522,13.08,4.95%,6.96%,88.09%,True,1,130,352,11684,914,13080,0.99%,2.69%,89.33%,6.99%,False,1
2918456,JUCURUCU,BA,25,26,486,537,4.66%,4.84%,90.5%,False,1,2,15,486,34,537,0.37%,2.79%,90.5%,6.33%,False,1
2918506,JUSSARA,BA,32,59,855,946,3.38%,6.24%,90.38%,False,1,6,22,851,67,946,0.63%,2.33%,89.96%,7.08%,False,1
2918555,JUSSARI,BA,9,16,203,228,3.95%,7.02%,89.04%,False,1,1,2,204,21,228,0.44%,0.88%,89.47%,9.21%,False,1
2918605,JUSSIAPE,BA,5,4,261,270,1.85%,1.48%,96.67%,False,1,1,3,242,24,270,0.37%,1.11%,89.63%,8.89%,False,1
2918704,LAFAIETE COUTINHO,BA,4,4,185,193,2.07%,2.07%,95.85%,False,1,1,6,174,12,193,0.52%,3.11%,90.16%,6.22%,False,1
2918753,LAGOA REAL,BA,14,26,627,667,2.1%,3.9%,94%,False,1,4,8,613,42,667,0.6%,1.2%,91.9%,6.3%,False,1
2918803,LAJE,BA,56,58,1.032,1.146,4.89%,5.06%,90.05%,True,1,11,27,1013,96,1147,0.96%,2.35%,88.32%,8.37%,False,1
2918902,LAJEDAO,BA,29,21,185,235,12.34%,8.94%,78.72%,False,1,8,7,198,22,235,3.4%,2.98%,84.26%,9.36%,False,1
2919009,LAJEDINHO,BA,15,16,182,213,7.04%,7.51%,85.45%,False,1,3,3,191,16,213,1.41%,1.41%,89.67%,7.51%,False,1
2919058,LAJEDO DO TABOCAL,BA,6,17,291,314,1.91%,5.41%,92.68%,False,1,0,6,284,24,314,-,1.91%,90.45%,7.64%,False,1
2919108,LAMARAO,BA,20,33,457,510,3.92%,6.47%,89.61%,False,1,5,14,434,57,510,0.98%,2.75%,85.1%,11.18%,False,1
2919157,LAPAO,BA,89,100,1.563,1.752,5.08%,5.71%,89.21%,True,1,11,41,1602,98,1752,0.63%,2.34%,91.44%,5.59%,False,1
2919207,LAURO DE FREITAS,BA,260,295,5.402,5.957,4.36%,4.95%,90.68%,True,1,61,112,5202,584,5959,1.02%,1.88%,87.3%,9.8%,False,1
2919306,LENCOIS,BA,16,26,339,381,4.2%,6.82%,88.98%,False,1,4,9,343,25,381,1.05%,2.36%,90.03%,6.56%,False,1
2919405,LICINIO DE ALMEIDA,BA,9,28,571,608,1.48%,4.61%,93.91%,False,1,1,8,579,20,608,0.16%,1.32%,95.23%,3.29%,False,1
2919504,LIVRAMENTO DE NOSSA SENHORA,BA,36,69,1.86,1.965,1.83%,3.51%,94.66%,True,1,11,44,1780,130,1965,0.56%,2.24%,90.59%,6.62%,False,1
2919553,LUIS EDUARDO MAGALHAES,BA,226,371,6.582,7.179,3.15%,5.17%,91.68%,True,1,39,166,6523,451,7179,0.54%,2.31%,90.86%,6.28%,False,1
2919603,MACAJUBA,BA,41,31,525,597,6.87%,5.19%,87.94%,False,1,21,19,519,38,597,3.52%,3.18%,86.93%,6.37%,False,1
2919702,MACARANI,BA,9,19,633,661,1.36%,2.87%,95.76%,False,1,2,11,597,51,661,0.3%,1.66%,90.32%,7.72%,False,1
2919801,MACAUBAS,BA,37,82,2.016,2.135,1.73%,3.84%,94.43%,True,1,14,55,1963,103,2135,0.66%,2.58%,91.94%,4.82%,False,1
2919900,MACURURE,BA,25,30,436,491,5.09%,6.11%,88.8%,False,1,3,17,426,45,491,0.61%,3.46%,86.76%,9.16%,False,1
2919926,MADRE DE DEUS,BA,22,36,437,495,4.44%,7.27%,88.28%,False,1,2,7,381,105,495,0.4%,1.41%,76.97%,21.21%,False,1
2919959,MAETINGA,BA,7,10,361,378,1.85%,2.65%,95.5%,False,1,2,3,352,21,378,0.53%,0.79%,93.12%,5.56%,False,1
2920007,MAIQUINIQUE,BA,13,14,377,404,3.22%,3.47%,93.32%,False,1,1,7,357,39,404,0.25%,1.73%,88.37%,9.65%,False,1
2920106,MAIRI,BA,89,63,665,817,10.89%,7.71%,81.4%,False,1,40,25,708,44,817,4.9%,3.06%,86.66%,5.39%,False,1
2920205,MALHADA,BA,38,44,1.011,1.093,3.48%,4.03%,92.5%,True,1,5,33,984,71,1093,0.46%,3.02%,90.03%,6.5%,False,1
2920304,MALHADA DE PEDRAS,BA,7,23,388,418,1.67%,5.5%,92.82%,False,1,1,6,400,11,418,0.24%,1.44%,95.69%,2.63%,False,1
2920403,MANOEL VITORINO,BA,43,44,642,729,5.9%,6.04%,88.07%,False,1,0,20,612,97,729,-,2.74%,83.95%,13.31%,False,1
2920452,MANSIDAO,BA,44,67,551,662,6.65%,10.12%,83.23%,False,1,13,26,584,39,662,1.96%,3.93%,88.22%,5.89%,False,1
2920502,MARACAS,BA,43,66,1.053,1.162,3.7%,5.68%,90.62%,True,1,8,27,1037,90,1162,0.69%,2.32%,89.24%,7.75%,False,1
2920601,MARAGOGIPE,BA,113,120,1.566,1.799,6.28%,6.67%,87.05%,True,1,15,35,1550,199,1799,0.83%,1.95%,86.16%,11.06%,False,1
2920700,MARAU,BA,80,63,1.233,1.376,5.81%,4.58%,89.61%,True,1,7,34,1237,98,1376,0.51%,2.47%,89.9%,7.12%,False,1
2920809,MARCIONILIO SOUZA,BA,30,24,538,592,5.07%,4.05%,90.88%,False,1,4,14,528,46,592,0.68%,2.36%,89.19%,7.77%,False,1
2920908,MASCOTE,BA,17,23,389,429,3.96%,5.36%,90.68%,False,1,4,5,393,27,429,0.93%,1.17%,91.61%,6.29%,False,1
2921005,MATA DE SAO JOAO,BA,114,189,2.574,2.877,3.96%,6.57%,89.47%,True,1,11,42,2558,266,2877,0.38%,1.46%,88.91%,9.25%,False,1
2921054,MATINA,BA,9,23,499,531,1.69%,4.33%,93.97%,False,1,1,10,491,29,531,0.19%,1.88%,92.47%,5.46%,False,1
2921104,MEDEIROS NETO,BA,48,69,976,1.093,4.39%,6.31%,89.3%,True,1,7,34,967,85,1093,0.64%,3.11%,88.47%,7.78%,False,1
2921203,MIGUEL CALMON,BA,68,57,1.098,1.223,5.56%,4.66%,89.78%,True,1,19,27,1097,80,1223,1.55%,2.21%,89.7%,6.54%,False,1
2921302,MILAGRES,BA,19,26,487,532,3.57%,4.89%,91.54%,False,1,1,8,482,41,532,0.19%,1.5%,90.6%,7.71%,False,1
2921401,MIRANGABA,BA,27,34,753,814,3.32%,4.18%,92.51%,False,1,5,12,725,72,814,0.61%,1.47%,89.07%,8.85%,False,1
2921450,MIRANTE,BA,6,26,480,512,1.17%,5.08%,93.75%,False,1,0,11,461,40,512,-,2.15%,90.04%,7.81%,False,1
2921500,MONTE SANTO,BA,130,152,2.285,2.567,5.06%,5.92%,89.01%,True,1,12,47,2278,231,2568,0.47%,1.83%,88.71%,9%,False,1
2921609,MORPARA,BA,19,40,424,483,3.93%,8.28%,87.78%,False,1,2,9,452,20,483,0.41%,1.86%,93.58%,4.14%,False,1
2921708,MORRO DO CHAPEU,BA,49,72,1.501,1.622,3.02%,4.44%,92.54%,True,1,17,27,1484,94,1622,1.05%,1.66%,91.49%,5.8%,False,1
2921807,MORTUGABA,BA,12,24,508,544,2.21%,4.41%,93.38%,False,1,4,16,499,25,544,0.74%,2.94%,91.73%,4.6%,False,1
2921906,MUCUGE,BA,25,45,642,712,3.51%,6.32%,90.17%,False,1,6,13,651,42,712,0.84%,1.83%,91.43%,5.9%,False,1
2922003,MUCURI,BA,59,95,1.81,1.964,3%,4.84%,92.16%,True,1,13,43,1766,142,1964,0.66%,2.19%,89.92%,7.23%,False,1
2922052,MULUNGU DO MORRO,BA,28,61,792,881,3.18%,6.92%,89.9%,False,1,1,18,817,45,881,0.11%,2.04%,92.74%,5.11%,False,1
2922102,MUNDO NOVO,BA,27,36,697,760,3.55%,4.74%,91.71%,False,1,8,12,674,66,760,1.05%,1.58%,88.68%,8.68%,False,1
2922201,MUNIZ FERREIRA,BA,8,15,275,298,2.68%,5.03%,92.28%,False,1,1,4,262,31,298,0.34%,1.34%,87.92%,10.4%,False,1
2922250,MUQUEM DE SAO FRANCISCO,BA,57,50,506,613,9.3%,8.16%,82.54%,False,1,10,14,553,36,613,1.63%,2.28%,90.21%,5.87%,False,1
2922300,MURITIBA,BA,58,93,1.458,1.609,3.6%,5.78%,90.62%,True,1,6,33,1442,128,1609,0.37%,2.05%,89.62%,7.96%,False,1
2922409,MUTUIPE,BA,23,46,882,951,2.42%,4.84%,92.74%,False,1,7,25,847,72,951,0.74%,2.63%,89.06%,7.57%,False,1
2922508,NAZARE,BA,46,54,976,1.076,4.28%,5.02%,90.71%,True,1,8,22,936,110,1076,0.74%,2.04%,86.99%,10.22%,False,1
2922607,NILO PECANHA,BA,43,43,662,748,5.75%,5.75%,88.5%,False,1,8,19,664,57,748,1.07%,2.54%,88.77%,7.62%,False,1
2922656,NORDESTINA,BA,29,47,667,743,3.9%,6.33%,89.77%,False,1,2,21,671,49,743,0.27%,2.83%,90.31%,6.59%,False,1
2922706,NOVA CANAA,BA,18,34,579,631,2.85%,5.39%,91.76%,False,1,3,7,582,39,631,0.48%,1.11%,92.23%,6.18%,False,1
2922730,NOVA FATIMA,BA,13,16,351,380,3.42%,4.21%,92.37%,False,1,5,7,339,29,380,1.32%,1.84%,89.21%,7.63%,False,1
2922755,NOVA IBIA,BA,11,16,327,354,3.11%,4.52%,92.37%,False,1,1,5,312,36,354,0.28%,1.41%,88.14%,10.17%,False,1
2922805,NOVA ITARANA,BA,17,24,337,378,4.5%,6.35%,89.15%,False,1,5,13,314,46,378,1.32%,3.44%,83.07%,12.17%,False,1
2922854,NOVA REDENCAO,BA,19,18,339,376,5.05%,4.79%,90.16%,False,1,6,11,328,31,376,1.6%,2.93%,87.23%,8.24%,False,1
2922904,NOVA SOURE,BA,53,89,1.172,1.314,4.03%,6.77%,89.19%,True,1,5,31,1186,92,1314,0.38%,2.36%,90.26%,7%,False,1
2923001,NOVA VICOSA,BA,84,99,1.933,2.116,3.97%,4.68%,91.35%,True,1,23,56,1838,199,2116,1.09%,2.65%,86.86%,9.4%,False,1
2923035,NOVO HORIZONTE,BA,17,28,647,692,2.46%,4.05%,93.5%,False,1,5,14,627,46,692,0.72%,2.02%,90.61%,6.65%,False,1
2923050,NOVO TRIUNFO,BA,31,37,417,485,6.39%,7.63%,85.98%,False,1,3,18,432,32,485,0.62%,3.71%,89.07%,6.6%,False,1
2923100,OLINDINA,BA,74,102,893,1.069,6.92%,9.54%,83.54%,True,1,10,34,948,77,1069,0.94%,3.18%,88.68%,7.2%,False,1
2923209,OLIVEIRA DOS BREJINHOS,BA,45,54,1.087,1.186,3.79%,4.55%,91.65%,True,1,5,28,1080,73,1186,0.42%,2.36%,91.06%,6.16%,False,1
2923308,OURICANGAS,BA,15,40,349,404,3.71%,9.9%,86.39%,False,1,3,9,360,32,404,0.74%,2.23%,89.11%,7.92%,False,1
2923357,OUROLANDIA,BA,47,69,1.056,1.172,4.01%,5.89%,90.1%,True,1,9,31,1029,103,1172,0.77%,2.65%,87.8%,8.79%,False,1
2923407,PALMAS DE MONTE ALTO,BA,24,44,930,998,2.4%,4.41%,93.19%,False,1,6,22,911,59,998,0.6%,2.2%,91.28%,5.91%,False,1
2923506,PALMEIRAS,BA,22,33,484,539,4.08%,6.12%,89.8%,False,1,4,12,485,38,539,0.74%,2.23%,89.98%,7.05%,False,1
2923605,PARAMIRIM,BA,15,22,807,844,1.78%,2.61%,95.62%,False,1,5,21,758,60,844,0.59%,2.49%,89.81%,7.11%,False,1
2923704,PARATINGA,BA,83,118,1.803,2.004,4.14%,5.89%,89.97%,True,1,16,53,1809,127,2005,0.8%,2.64%,90.22%,6.33%,False,1
2923803,PARIPIRANGA,BA,36,41,1.238,1.315,2.74%,3.12%,94.14%,True,1,3,15,1209,88,1315,0.23%,1.14%,91.94%,6.69%,False,1
2923902,PAU BRASIL,BA,16,32,646,694,2.31%,4.61%,93.08%,False,1,4,11,606,73,694,0.58%,1.59%,87.32%,10.52%,False,1
2924009,PAULO AFONSO,BA,154,307,4.709,5.17,2.98%,5.94%,91.08%,True,1,39,95,4599,437,5170,0.75%,1.84%,88.96%,8.45%,False,1
2924058,PE DE SERRA,BA,13,19,796,828,1.57%,2.29%,96.14%,False,1,3,13,757,55,828,0.36%,1.57%,91.43%,6.64%,False,1
2924108,PEDRAO,BA,21,23,307,351,5.98%,6.55%,87.46%,False,1,5,13,293,40,351,1.42%,3.7%,83.48%,11.4%,False,1
2924207,PEDRO ALEXANDRE,BA,48,57,839,944,5.08%,6.04%,88.88%,False,1,2,24,839,79,944,0.21%,2.54%,88.88%,8.37%,False,1
2924306,PIATA,BA,40,66,882,988,4.05%,6.68%,89.27%,False,1,8,31,881,68,988,0.81%,3.14%,89.17%,6.88%,False,1
2924405,PILAO ARCADO,BA,149,180,1.391,1.72,8.66%,10.47%,80.87%,True,1,28,75,1478,138,1719,1.63%,4.36%,85.98%,8.03%,False,1
2924504,PINDAI,BA,32,34,685,751,4.26%,4.53%,91.21%,False,1,8,18,662,63,751,1.07%,2.4%,88.15%,8.39%,False,1
2924603,PINDOBACU,BA,90,114,971,1.175,7.66%,9.7%,82.64%,True,1,26,38,1053,58,1175,2.21%,3.23%,89.62%,4.94%,False,1
2924652,PINTADAS,BA,6,16,490,512,1.17%,3.13%,95.7%,False,1,0,11,462,39,512,-,2.15%,90.23%,7.62%,False,1
2924678,PIRAI DO NORTE,BA,28,20,420,468,5.98%,4.27%,89.74%,False,1,8,9,404,47,468,1.71%,1.92%,86.32%,10.04%,False,1
2924702,PIRIPA,BA,6,18,407,431,1.39%,4.18%,94.43%,False,1,1,10,400,20,431,0.23%,2.32%,92.81%,4.64%,False,1
2924801,PIRITIBA,BA,68,44,690,802,8.48%,5.49%,86.03%,False,1,9,27,696,70,802,1.12%,3.37%,86.78%,8.73%,False,1
2924900,PLANALTINO,BA,8,18,276,302,2.65%,5.96%,91.39%,False,1,3,7,275,17,302,0.99%,2.32%,91.06%,5.63%,False,1
2925006,PLANALTO,BA,27,60,1.175,1.262,2.14%,4.75%,93.11%,True,1,7,24,1138,93,1262,0.55%,1.9%,90.17%,7.37%,False,1
2925105,POCOES,BA,92,158,1.94,2.19,4.2%,7.21%,88.58%,True,1,15,49,1952,174,2190,0.68%,2.24%,89.13%,7.95%,False,1
2925204,POJUCA,BA,46,72,881,999,4.6%,7.21%,88.19%,False,1,6,15,894,84,999,0.6%,1.5%,89.49%,8.41%,False,1
2925253,PONTO NOVO,BA,51,62,1.157,1.27,4.02%,4.88%,91.1%,True,1,7,34,1124,105,1270,0.55%,2.68%,88.5%,8.27%,False,1
2925303,PORTO SEGURO,BA,275,421,5.513,6.209,4.43%,6.78%,88.79%,True,1,48,132,5489,540,6209,0.77%,2.13%,88.4%,8.7%,False,1
2925402,POTIRAGUA,BA,21,34,444,499,4.21%,6.81%,88.98%,False,1,53,31,379,36,499,10.62%,6.21%,75.95%,7.21%,False,1
2925501,PRADO,BA,275,167,1.736,2.178,12.63%,7.67%,79.71%,True,1,152,94,1824,108,2178,6.98%,4.32%,83.75%,4.96%,False,1
2925600,PRESIDENTE DUTRA,BA,20,23,643,686,2.92%,3.35%,93.73%,False,1,8,14,613,51,686,1.17%,2.04%,89.36%,7.43%,False,1
2925709,PRESIDENTE JANIO QUADROS,BA,17,25,655,697,2.44%,3.59%,93.97%,False,1,2,12,649,34,697,0.29%,1.72%,93.11%,4.88%,False,1
2925758,PRESIDENTE TANCREDO NEVES,BA,64,98,1.552,1.714,3.73%,5.72%,90.55%,True,1,5,40,1534,135,1714,0.29%,2.33%,89.5%,7.88%,False,1
2925808,QUEIMADAS,BA,73,71,1.07,1.214,6.01%,5.85%,88.14%,True,1,24,36,1061,93,1214,1.98%,2.97%,87.4%,7.66%,False,1
2925907,QUIJINGUE,BA,55,90,1.217,1.362,4.04%,6.61%,89.35%,True,1,7,36,1198,121,1362,0.51%,2.64%,87.96%,8.88%,False,1
2925931,QUIXABEIRA,BA,10,19,319,348,2.87%,5.46%,91.67%,False,1,3,7,315,23,348,0.86%,2.01%,90.52%,6.61%,False,1
2925956,RAFAEL JAMBEIRO,BA,58,48,959,1.065,5.45%,4.51%,90.05%,True,1,4,20,935,106,1065,0.38%,1.88%,87.79%,9.95%,False,1
2926004,REMANSO,BA,80,139,2.243,2.462,3.25%,5.65%,91.1%,True,1,18,61,2198,185,2462,0.73%,2.48%,89.28%,7.51%,False,1
2926103,RETIROLANDIA,BA,31,37,732,800,3.88%,4.63%,91.5%,False,1,4,14,724,58,800,0.5%,1.75%,90.5%,7.25%,False,1
2926202,RIACHAO DAS NEVES,BA,123,129,984,1.236,9.95%,10.44%,79.61%,True,1,13,39,1087,97,1236,1.05%,3.16%,87.94%,7.85%,False,1
2926301,RIACHAO DO JACUIPE,BA,58,55,1.197,1.31,4.43%,4.2%,91.37%,True,1,9,23,1149,129,1310,0.69%,1.76%,87.71%,9.85%,False,1
2926400,RIACHO DE SANTANA,BA,48,80,1.319,1.447,3.32%,5.53%,91.15%,True,1,9,38,1314,86,1447,0.62%,2.63%,90.81%,5.94%,False,1
2926509,RIBEIRA DO AMPARO,BA,50,44,732,826,6.05%,5.33%,88.62%,False,1,8,27,726,65,826,0.97%,3.27%,87.89%,7.87%,False,1
2926608,RIBEIRA DO POMBAL,BA,98,167,2.601,2.866,3.42%,5.83%,90.75%,True,1,21,49,2587,209,2866,0.73%,1.71%,90.27%,7.29%,False,1
2926657,RIBEIRAO DO LARGO,BA,22,37,352,411,5.35%,9%,85.64%,False,1,3,7,368,33,411,0.73%,1.7%,89.54%,8.03%,False,1
2926707,RIO DE CONTAS,BA,20,23,503,546,3.66%,4.21%,92.12%,False,1,4,13,492,37,546,0.73%,2.38%,90.11%,6.78%,False,1
2926806,RIO DO ANTONIO,BA,22,37,491,550,4%,6.73%,89.27%,False,1,6,13,504,27,550,1.09%,2.36%,91.64%,4.91%,False,1
2926905,RIO DO PIRES,BA,12,27,370,409,2.93%,6.6%,90.46%,False,1,4,8,356,41,409,0.98%,1.96%,87.04%,10.02%,False,1
2927002,RIO REAL,BA,56,93,1.591,1.74,3.22%,5.34%,91.44%,True,1,16,39,1523,162,1740,0.92%,2.24%,87.53%,9.31%,False,1
2927101,RODELAS,BA,47,50,590,687,6.84%,7.28%,85.88%,False,1,4,22,621,40,687,0.58%,3.2%,90.39%,5.82%,False,1
2927200,RUY BARBOSA,BA,43,64,1.42,1.527,2.82%,4.19%,92.99%,True,1,7,35,1391,94,1527,0.46%,2.29%,91.09%,6.16%,False,1
2927309,SALINAS DA MARGARIDA,BA,150,75,626,851,17.63%,8.81%,73.56%,False,1,9,34,700,108,851,1.06%,4%,82.26%,12.69%,False,1
2927408,SALVADOR,BA,2.474,3.771,58.633,64.878,3.81%,5.81%,90.37%,True,1,395,1193,57536,5757,64881,0.61%,1.84%,88.68%,8.87%,False,1
2927507,SANTA BARBARA,BA,51,69,806,926,5.51%,7.45%,87.04%,False,1,5,37,815,69,926,0.54%,4%,88.01%,7.45%,False,1
2927606,SANTA BRIGIDA,BA,39,84,859,982,3.97%,8.55%,87.47%,False,1,2,17,896,67,982,0.2%,1.73%,91.24%,6.82%,False,1
2927705,SANTA CRUZ CABRALIA,BA,186,116,1.302,1.604,11.6%,7.23%,81.17%,True,1,89,64,1335,116,1604,5.55%,3.99%,83.23%,7.23%,False,1
2927804,SANTA CRUZ DA VITORIA,BA,9,7,220,236,3.81%,2.97%,93.22%,False,1,1,2,220,13,236,0.42%,0.85%,93.22%,5.51%,False,1
2927903,SANTA INES,BA,14,16,456,486,2.88%,3.29%,93.83%,False,1,1,17,427,41,486,0.21%,3.5%,87.86%,8.44%,False,1
2928000,SANTALUZ,BA,89,137,1.755,1.981,4.49%,6.92%,88.59%,True,1,12,42,1793,134,1981,0.61%,2.12%,90.51%,6.76%,False,1
2928059,SANTA LUZIA,BA,12,31,627,670,1.79%,4.63%,93.58%,False,1,6,11,593,60,670,0.9%,1.64%,88.51%,8.96%,False,1
2928109,SANTA MARIA DA VITORIA,BA,100,133,1.71,1.943,5.15%,6.85%,88.01%,True,1,19,47,1726,151,1943,0.98%,2.42%,88.83%,7.77%,False,1
2928208,SANTANA,BA,65,66,1.172,1.303,4.99%,5.07%,89.95%,True,1,10,30,1173,90,1303,0.77%,2.3%,90.02%,6.91%,False,1
2928307,SANTANOPOLIS,BA,22,32,444,498,4.42%,6.43%,89.16%,False,1,5,17,446,30,498,1%,3.41%,89.56%,6.02%,False,1
2928406,SANTA RITA DE CASSIA,BA,64,97,1.438,1.599,4%,6.07%,89.93%,True,1,6,40,1478,75,1599,0.38%,2.5%,92.43%,4.69%,False,1
2928505,SANTA TEREZINHA,BA,9,15,516,540,1.67%,2.78%,95.56%,False,1,3,9,478,50,540,0.56%,1.67%,88.52%,9.26%,False,1
2928604,SANTO AMARO,BA,185,189,2.069,2.443,7.57%,7.74%,84.69%,True,1,19,60,1863,501,2443,0.78%,2.46%,76.26%,20.51%,False,1
2928703,SANTO ANTONIO DE JESUS,BA,133,230,3.852,4.215,3.16%,5.46%,91.39%,True,1,29,88,3733,365,4215,0.69%,2.09%,88.56%,8.66%,False,1
2928802,SANTO ESTEVAO,BA,125,152,2.294,2.571,4.86%,5.91%,89.23%,True,1,22,64,2291,194,2571,0.86%,2.49%,89.11%,7.55%,False,1
2928901,SAO DESIDERIO,BA,104,151,1.749,2.004,5.19%,7.53%,87.28%,True,1,27,61,1798,118,2004,1.35%,3.04%,89.72%,5.89%,False,1
2928950,SAO DOMINGOS,BA,10,19,375,404,2.48%,4.7%,92.82%,False,1,2,6,372,24,404,0.5%,1.49%,92.08%,5.94%,False,1
2929008,SAO FELIX,BA,39,16,440,495,7.88%,3.23%,88.89%,False,1,7,8,434,46,495,1.41%,1.62%,87.68%,9.29%,False,1
2929057,SAO FELIX DO CORIBE,BA,28,31,738,797,3.51%,3.89%,92.6%,False,1,14,22,714,47,797,1.76%,2.76%,89.59%,5.9%,False,1
2929107,SAO FELIPE,BA,31,46,875,952,3.26%,4.83%,91.91%,False,1,9,14,848,81,952,0.95%,1.47%,89.08%,8.51%,False,1
2929206,SAO FRANCISCO DO CONDE,BA,82,86,1.187,1.355,6.05%,6.35%,87.6%,True,1,7,24,1179,145,1355,0.52%,1.77%,87.01%,10.7%,False,1
2929255,SAO GABRIEL,BA,38,64,962,1.064,3.57%,6.02%,90.41%,True,1,8,45,938,73,1064,0.75%,4.23%,88.16%,6.86%,False,1
2929305,SAO GONCALO DOS CAMPOS,BA,51,63,1.134,1.248,4.09%,5.05%,90.87%,True,1,12,28,1083,125,1248,0.96%,2.24%,86.78%,10.02%,False,1
2929354,SAO JOSE DA VITORIA,BA,9,17,296,322,2.8%,5.28%,91.93%,False,1,2,8,286,26,322,0.62%,2.48%,88.82%,8.07%,False,1
2929370,SAO JOSE DO JACUIPE,BA,9,24,507,540,1.67%,4.44%,93.89%,False,1,1,11,494,34,540,0.19%,2.04%,91.48%,6.3%,False,1
2929404,SAO MIGUEL DAS MATAS,BA,15,33,496,544,2.76%,6.07%,91.18%,False,1,1,8,486,49,544,0.18%,1.47%,89.34%,9.01%,False,1
2929503,SAO SEBASTIAO DO PASSE,BA,59,77,1.367,1.503,3.93%,5.12%,90.95%,True,1,10,27,1328,138,1503,0.67%,1.8%,88.36%,9.18%,False,1
2929602,SAPEACU,BA,35,55,812,902,3.88%,6.1%,90.02%,False,1,5,15,802,80,902,0.55%,1.66%,88.91%,8.87%,False,1
2929701,SATIRO DIAS,BA,80,77,715,872,9.17%,8.83%,82%,False,1,12,20,754,86,872,1.38%,2.29%,86.47%,9.86%,False,1
2929750,SAUBARA,BA,199,43,358,600,33.17%,7.17%,59.67%,False,1,147,28,381,43,599,24.54%,4.67%,63.61%,7.18%,False,1
2929800,SAUDE,BA,19,24,443,486,3.91%,4.94%,91.15%,False,1,4,11,436,35,486,0.82%,2.26%,89.71%,7.2%,False,1
2929909,SEABRA,BA,99,131,1.979,2.209,4.48%,5.93%,89.59%,True,1,32,74,2014,89,2209,1.45%,3.35%,91.17%,4.03%,False,1
2930006,SEBASTIAO LARANJEIRAS,BA,7,25,447,479,1.46%,5.22%,93.32%,False,1,5,5,435,34,479,1.04%,1.04%,90.81%,7.1%,False,1
2930105,SENHOR DO BONFIM,BA,139,171,2.966,3.276,4.24%,5.22%,90.54%,True,1,22,68,2912,273,3275,0.67%,2.08%,88.92%,8.34%,False,1
2930154,SERRA DO RAMALHO,BA,55,85,2.272,2.412,2.28%,3.52%,94.2%,True,1,6,53,2227,126,2412,0.25%,2.2%,92.33%,5.22%,False,1
2930204,SENTO SE,BA,133,190,2.004,2.327,5.72%,8.17%,86.12%,True,1,24,78,2092,133,2327,1.03%,3.35%,89.9%,5.72%,False,1
2930303,SERRA DOURADA,BA,26,33,833,892,2.91%,3.7%,93.39%,False,1,6,14,820,52,892,0.67%,1.57%,91.93%,5.83%,False,1
2930402,SERRA PRETA,BA,23,21,577,621,3.7%,3.38%,92.91%,False,1,0,18,555,48,621,-,2.9%,89.37%,7.73%,False,1
2930501,SERRINHA,BA,191,185,3.353,3.729,5.12%,4.96%,89.92%,True,1,26,96,3327,282,3731,0.7%,2.57%,89.17%,7.56%,False,1
2930600,SERROLANDIA,BA,24,40,595,659,3.64%,6.07%,90.29%,False,1,3,23,597,36,659,0.46%,3.49%,90.59%,5.46%,False,1
2930709,SIMOES FILHO,BA,280,263,3.418,3.961,7.07%,6.64%,86.29%,True,1,44,96,3374,449,3963,1.11%,2.42%,85.14%,11.33%,False,1
2930758,SITIO DO MATO,BA,61,66,848,975,6.26%,6.77%,86.97%,False,1,8,37,844,86,975,0.82%,3.79%,86.56%,8.82%,False,1
2930766,SITIO DO QUINTO,BA,14,38,559,611,2.29%,6.22%,91.49%,False,1,6,10,562,33,611,0.98%,1.64%,91.98%,5.4%,False,1
2930774,SOBRADINHO,BA,104,134,1.242,1.48,7.03%,9.05%,83.92%,True,1,14,55,1273,138,1480,0.95%,3.72%,86.01%,9.32%,False,1
2930808,SOUTO SOARES,BA,34,54,935,1.023,3.32%,5.28%,91.4%,True,1,7,26,941,49,1023,0.68%,2.54%,91.98%,4.79%,False,1
2930907,TABOCAS DO BREJO VELHO,BA,22,31,650,703,3.13%,4.41%,92.46%,False,1,5,23,634,41,703,0.71%,3.27%,90.18%,5.83%,False,1
2931004,TANHACU,BA,24,28,1.023,1.075,2.23%,2.6%,95.16%,True,1,5,18,934,118,1075,0.47%,1.67%,86.88%,10.98%,False,1
2931053,TANQUE NOVO,BA,24,49,993,1.066,2.25%,4.6%,93.15%,True,1,11,41,955,59,1066,1.03%,3.85%,89.59%,5.53%,False,1
2931103,TANQUINHO,BA,7,9,279,295,2.37%,3.05%,94.58%,False,1,0,2,262,31,295,-,0.68%,88.81%,10.51%,False,1
2931202,TAPEROA,BA,42,63,809,914,4.6%,6.89%,88.51%,False,1,11,30,815,58,914,1.2%,3.28%,89.17%,6.35%,False,1
2931301,TAPIRAMUTA,BA,22,26,574,622,3.54%,4.18%,92.28%,False,1,11,16,543,52,622,1.77%,2.57%,87.3%,8.36%,False,1
2931350,TEIXEIRA DE FREITAS,BA,958,356,4.587,5.901,16.23%,6.03%,77.73%,True,1,577,265,4650,409,5901,9.78%,4.49%,78.8%,6.93%,False,1
2931400,TEODORO SAMPAIO,BA,13,15,254,282,4.61%,5.32%,90.07%,False,1,3,6,255,18,282,1.06%,2.13%,90.43%,6.38%,False,1
2931509,TEOFILANDIA,BA,64,86,875,1.025,6.24%,8.39%,85.37%,True,1,14,43,905,65,1027,1.36%,4.19%,88.12%,6.33%,False,1
2931608,TEOLANDIA,BA,20,29,624,673,2.97%,4.31%,92.72%,False,1,4,11,599,59,673,0.59%,1.63%,89%,8.77%,False,1
2931707,TERRA NOVA,BA,31,43,460,534,5.81%,8.05%,86.14%,False,1,6,9,474,45,534,1.12%,1.69%,88.76%,8.43%,False,1
2931806,TREMEDAL,BA,26,32,697,755,3.44%,4.24%,92.32%,False,1,5,19,681,50,755,0.66%,2.52%,90.2%,6.62%,False,1
2931905,TUCANO,BA,107,147,2.532,2.786,3.84%,5.28%,90.88%,True,1,14,56,2550,166,2786,0.5%,2.01%,91.53%,5.96%,False,1
2932002,UAUA,BA,67,72,1.303,1.442,4.65%,4.99%,90.36%,True,1,3,30,1296,113,1442,0.21%,2.08%,89.88%,7.84%,False,1
2932101,UBAIRA,BA,38,57,868,963,3.95%,5.92%,90.13%,False,1,4,22,863,74,963,0.42%,2.28%,89.62%,7.68%,False,1
2932200,UBAITABA,BA,34,57,822,913,3.72%,6.24%,90.03%,False,1,8,20,805,80,913,0.88%,2.19%,88.17%,8.76%,False,1
2932309,UBATA,BA,24,50,524,598,4.01%,8.36%,87.63%,False,1,7,24,513,54,598,1.17%,4.01%,85.79%,9.03%,False,1
2932408,UIBAI,BA,19,26,598,643,2.95%,4.04%,93%,False,1,3,24,575,41,643,0.47%,3.73%,89.42%,6.38%,False,1
2932457,UMBURANAS,BA,48,74,817,939,5.11%,7.88%,87.01%,False,1,6,24,828,81,939,0.64%,2.56%,88.18%,8.63%,False,1
2932507,UNA,BA,17,48,985,1.05,1.62%,4.57%,93.81%,True,1,3,20,948,79,1050,0.29%,1.9%,90.29%,7.52%,False,1
2932606,URANDI,BA,23,32,649,704,3.27%,4.55%,92.19%,False,1,10,12,624,58,704,1.42%,1.7%,88.64%,8.24%,False,1
2932705,URUCUCA,BA,133,95,1.041,1.269,10.48%,7.49%,82.03%,True,1,19,76,1087,87,1269,1.5%,5.99%,85.66%,6.86%,False,1
2932804,UTINGA,BA,37,26,832,895,4.13%,2.91%,92.96%,False,1,2,15,798,80,895,0.22%,1.68%,89.16%,8.94%,False,1
2932903,VALENCA,BA,166,240,2.942,3.348,4.96%,7.17%,87.87%,True,1,27,86,2962,273,3348,0.81%,2.57%,88.47%,8.15%,False,1
2933000,VALENTE,BA,31,68,1.025,1.124,2.76%,6.05%,91.19%,True,1,12,34,1010,68,1124,1.07%,3.02%,89.86%,6.05%,False,1
2933059,VARZEA DA ROCA,BA,42,46,589,677,6.2%,6.79%,87%,False,1,2,15,602,58,677,0.3%,2.22%,88.92%,8.57%,False,1
2933109,VARZEA DO POCO,BA,15,25,252,292,5.14%,8.56%,86.3%,False,1,5,6,258,23,292,1.71%,2.05%,88.36%,7.88%,False,1
2933158,VARZEA NOVA,BA,43,62,707,812,5.3%,7.64%,87.07%,False,1,10,29,738,35,812,1.23%,3.57%,90.89%,4.31%,False,1
2933174,VARZEDO,BA,20,19,320,359,5.57%,5.29%,89.14%,False,1,0,5,318,36,359,-,1.39%,88.58%,10.03%,False,1
2933208,VERA CRUZ,BA,78,89,1.6,1.767,4.41%,5.04%,90.55%,True,1,15,43,1538,171,1767,0.85%,2.43%,87.04%,9.68%,False,1
2933257,VEREDA,BA,17,18,289,324,5.25%,5.56%,89.2%,False,1,1,8,285,30,324,0.31%,2.47%,87.96%,9.26%,False,1
2933307,VITORIA DA CONQUISTA,BA,305,580,12.658,13.543,2.25%,4.28%,93.47%,True,1,81,288,12238,936,13543,0.6%,2.13%,90.36%,6.91%,False,1
2933406,WAGNER,BA,17,19,380,416,4.09%,4.57%,91.35%,False,1,4,8,367,37,416,0.96%,1.92%,88.22%,8.89%,False,1
2933455,WANDERLEY,BA,26,37,614,677,3.84%,5.47%,90.69%,False,1,3,16,619,39,677,0.44%,2.36%,91.43%,5.76%,False,1
2933505,WENCESLAU GUIMARAES,BA,101,116,1.128,1.345,7.51%,8.62%,83.87%,True,1,25,45,1189,86,1345,1.86%,3.35%,88.4%,6.39%,False,1
2933604,XIQUE-XIQUE,BA,170,230,2.365,2.765,6.15%,8.32%,85.53%,True,1,40,120,2455,150,2765,1.45%,4.34%,88.79%,5.42%,False,1
3100104,ABADIA DOS DOURADOS,MG,3,14,225,242,1.24%,5.79%,92.98%,False,1,1,2,223,16,242,0.41%,0.83%,92.15%,6.61%,False,1
3100203,ABAETE,MG,32,27,768,827,3.87%,3.26%,92.87%,False,1,7,18,748,54,827,0.85%,2.18%,90.45%,6.53%,False,1
3100302,ABRE CAMPO,MG,34,30,480,544,6.25%,5.51%,88.24%,False,1,7,13,477,47,544,1.29%,2.39%,87.68%,8.64%,False,1
3100401,ACAIACA,MG,3,8,129,140,2.14%,5.71%,92.14%,False,1,1,2,120,17,140,0.71%,1.43%,85.71%,12.14%,False,1
3100500,ACUCENA,MG,6,21,372,399,1.5%,5.26%,93.23%,False,1,1,5,362,31,399,0.25%,1.25%,90.73%,7.77%,False,1
3100609,AGUA BOA,MG,41,36,554,631,6.5%,5.71%,87.8%,False,1,6,15,551,59,631,0.95%,2.38%,87.32%,9.35%,False,1
3100708,AGUA COMPRIDA,MG,1,5,129,135,0.74%,3.7%,95.56%,False,1,0,2,122,11,135,-,1.48%,90.37%,8.15%,False,1
3100807,AGUANIL,MG,4,14,231,249,1.61%,5.62%,92.77%,False,1,1,12,221,15,249,0.4%,4.82%,88.76%,6.02%,False,1
3100906,AGUAS FORMOSAS,MG,83,84,836,1.003,8.28%,8.37%,83.35%,True,1,13,37,869,84,1003,1.3%,3.69%,86.64%,8.37%,False,1
3101003,AGUAS VERMELHAS,MG,16,47,783,846,1.89%,5.56%,92.55%,False,1,6,20,769,51,846,0.71%,2.36%,90.9%,6.03%,False,1
3101102,AIMORES,MG,39,61,882,982,3.97%,6.21%,89.82%,False,1,7,17,885,73,982,0.71%,1.73%,90.12%,7.43%,False,1
3101201,AIURUOCA,MG,3,12,172,187,1.6%,6.42%,91.98%,False,1,0,1,175,11,187,-,0.53%,93.58%,5.88%,False,1
3101300,ALAGOA,MG,0,10,136,146,-,6.85%,93.15%,False,1,0,2,134,10,146,-,1.37%,91.78%,6.85%,False,1
3101409,ALBERTINA,MG,11,7,164,182,6.04%,3.85%,90.11%,False,1,0,1,166,15,182,-,0.55%,91.21%,8.24%,False,1
3101508,ALEM PARAIBA,MG,57,70,1.012,1.139,5%,6.15%,88.85%,True,1,11,31,997,100,1139,0.97%,2.72%,87.53%,8.78%,False,1
3101607,ALFENAS,MG,106,134,1.733,1.973,5.37%,6.79%,87.84%,True,1,29,48,1788,108,1973,1.47%,2.43%,90.62%,5.47%,False,1
3101631,ALFREDO VASCONCELOS,MG,9,21,314,344,2.62%,6.1%,91.28%,False,1,4,6,304,30,344,1.16%,1.74%,88.37%,8.72%,False,1
3101706,ALMENARA,MG,73,159,1.531,1.763,4.14%,9.02%,86.84%,True,1,10,38,1610,105,1763,0.57%,2.16%,91.32%,5.96%,False,1
3101805,ALPERCATA,MG,15,18,328,361,4.16%,4.99%,90.86%,False,1,3,14,308,36,361,0.83%,3.88%,85.32%,9.97%,False,1
3101904,ALPINOPOLIS,MG,32,51,478,561,5.7%,9.09%,85.2%,False,1,2,20,495,45,562,0.36%,3.56%,88.08%,8.01%,False,1
3102001,ALTEROSA,MG,15,28,761,804,1.87%,3.48%,94.65%,False,1,6,9,732,57,804,0.75%,1.12%,91.04%,7.09%,False,1
3102050,ALTO CAPARAO,MG,13,21,289,323,4.02%,6.5%,89.47%,False,1,2,8,291,22,323,0.62%,2.48%,90.09%,6.81%,False,1
3102100,ALTO RIO DOCE,MG,17,27,384,428,3.97%,6.31%,89.72%,False,1,3,8,391,26,428,0.7%,1.87%,91.36%,6.07%,False,1
3102209,ALVARENGA,MG,2,7,189,198,1.01%,3.54%,95.45%,False,1,0,2,185,11,198,-,1.01%,93.43%,5.56%,False,1
3102308,ALVINOPOLIS,MG,37,27,407,471,7.86%,5.73%,86.41%,False,1,7,10,418,36,471,1.49%,2.12%,88.75%,7.64%,False,1
3102407,ALVORADA DE MINAS,MG,8,28,304,340,2.35%,8.24%,89.41%,False,1,4,5,288,42,339,1.18%,1.47%,84.96%,12.39%,False,1
3102506,AMPARO DO SERRA,MG,9,12,215,236,3.81%,5.08%,91.1%,False,1,0,3,201,32,236,-,1.27%,85.17%,13.56%,False,1
3102605,ANDRADAS,MG,42,121,1.357,1.52,2.76%,7.96%,89.28%,True,1,10,31,1365,114,1520,0.66%,2.04%,89.8%,7.5%,False,1
3102704,CACHOEIRA DE PAJEU,MG,15,21,350,386,3.89%,5.44%,90.67%,False,1,5,7,351,23,386,1.3%,1.81%,90.93%,5.96%,False,1
3102803,ANDRELANDIA,MG,12,26,428,466,2.58%,5.58%,91.85%,False,1,3,6,411,46,466,0.64%,1.29%,88.2%,9.87%,False,1
3102852,ANGELANDIA,MG,20,46,485,551,3.63%,8.35%,88.02%,False,1,4,15,512,20,551,0.73%,2.72%,92.92%,3.63%,False,1
3102902,ANTONIO CARLOS,MG,15,15,506,536,2.8%,2.8%,94.4%,False,1,3,11,490,32,536,0.56%,2.05%,91.42%,5.97%,False,1
3103009,ANTONIO DIAS,MG,9,28,437,474,1.9%,5.91%,92.19%,False,1,3,10,429,32,474,0.63%,2.11%,90.51%,6.75%,False,1
3103108,ANTONIO PRADO DE MINAS,MG,0,3,48,51,-,5.88%,94.12%,False,1,0,1,41,9,51,-,1.96%,80.39%,17.65%,False,1
3103207,ARACAI,MG,5,2,30,37,13.51%,5.41%,81.08%,False,1,0,0,32,5,37,-,-,86.49%,13.51%,False,1
3103306,ARACITABA,MG,1,6,92,99,1.01%,6.06%,92.93%,False,1,2,3,86,8,99,2.02%,3.03%,86.87%,8.08%,False,1
3103405,ARACUAI,MG,35,84,1.528,1.647,2.13%,5.1%,92.77%,True,1,12,31,1510,94,1647,0.73%,1.88%,91.68%,5.71%,False,1
3103504,ARAGUARI,MG,161,263,3.795,4.219,3.82%,6.23%,89.95%,True,1,42,101,3861,215,4219,1%,2.39%,91.51%,5.1%,False,1
3103603,ARANTINA,MG,2,11,131,144,1.39%,7.64%,90.97%,False,1,0,5,130,9,144,-,3.47%,90.28%,6.25%,False,1
3103702,ARAPONGA,MG,10,17,426,453,2.21%,3.75%,94.04%,False,1,1,9,433,10,453,0.22%,1.99%,95.58%,2.21%,False,1
3103751,ARAPORA,MG,24,28,420,472,5.08%,5.93%,88.98%,False,1,2,12,419,39,472,0.42%,2.54%,88.77%,8.26%,False,1
3103801,ARAPUA,MG,3,6,60,69,4.35%,8.7%,86.96%,False,1,0,1,66,2,69,-,1.45%,95.65%,2.9%,False,1
3103900,ARAUJOS,MG,13,21,277,311,4.18%,6.75%,89.07%,False,1,2,4,283,22,311,0.64%,1.29%,91%,7.07%,False,1
3104007,ARAXA,MG,76,166,2.12,2.362,3.22%,7.03%,89.75%,True,1,15,43,2150,154,2362,0.64%,1.82%,91.02%,6.52%,False,1
3104106,ARCEBURGO,MG,7,10,275,292,2.4%,3.42%,94.18%,False,1,1,5,264,22,292,0.34%,1.71%,90.41%,7.53%,False,1
3104205,ARCOS,MG,33,70,755,858,3.85%,8.16%,88%,False,1,9,21,765,63,858,1.05%,2.45%,89.16%,7.34%,False,1
3104304,AREADO,MG,14,24,561,599,2.34%,4.01%,93.66%,False,1,5,9,526,59,599,0.83%,1.5%,87.81%,9.85%,False,1
3104403,ARGIRITA,MG,5,6,111,122,4.1%,4.92%,90.98%,False,1,0,1,113,8,122,-,0.82%,92.62%,6.56%,False,1
3104452,ARICANDUVA,MG,10,13,220,243,4.12%,5.35%,90.53%,False,1,3,0,229,12,244,1.23%,-,93.85%,4.92%,False,1
3104502,ARINOS,MG,48,75,979,1.102,4.36%,6.81%,88.84%,True,1,9,39,1004,50,1102,0.82%,3.54%,91.11%,4.54%,False,1
3104601,ASTOLFO DUTRA,MG,10,29,507,546,1.83%,5.31%,92.86%,False,1,2,6,487,51,546,0.37%,1.1%,89.19%,9.34%,False,1
3104700,ATALEIA,MG,10,35,542,587,1.7%,5.96%,92.33%,False,1,0,11,530,46,587,-,1.87%,90.29%,7.84%,False,1
3104809,AUGUSTO DE LIMA,MG,9,12,199,220,4.09%,5.45%,90.45%,False,1,3,9,193,15,220,1.36%,4.09%,87.73%,6.82%,False,1
3104908,BAEPENDI,MG,16,43,589,648,2.47%,6.64%,90.9%,False,1,6,20,590,32,648,0.93%,3.09%,91.05%,4.94%,False,1
3105004,BALDIM,MG,26,23,268,317,8.2%,7.26%,84.54%,False,1,4,13,278,22,317,1.26%,4.1%,87.7%,6.94%,False,1
3105103,BAMBUI,MG,25,28,489,542,4.61%,5.17%,90.22%,False,1,6,6,481,49,542,1.11%,1.11%,88.75%,9.04%,False,1
3105202,BANDEIRA,MG,3,10,183,196,1.53%,5.1%,93.37%,False,1,2,2,185,7,196,1.02%,1.02%,94.39%,3.57%,False,1
3105301,BANDEIRA DO SUL,MG,4,8,272,284,1.41%,2.82%,95.77%,False,1,1,2,254,27,284,0.35%,0.7%,89.44%,9.51%,False,1
3105400,BARAO DE COCAIS,MG,38,53,1.042,1.133,3.35%,4.68%,91.97%,True,1,11,23,1016,83,1133,0.97%,2.03%,89.67%,7.33%,False,1
3105509,BARAO DE MONTE ALTO,MG,4,12,228,244,1.64%,4.92%,93.44%,False,1,2,4,210,28,244,0.82%,1.64%,86.07%,11.48%,False,1
3105608,BARBACENA,MG,96,128,2.087,2.311,4.15%,5.54%,90.31%,True,1,19,57,2084,151,2311,0.82%,2.47%,90.18%,6.53%,False,1
3105707,BARRA LONGA,MG,7,7,183,197,3.55%,3.55%,92.89%,False,1,1,3,171,22,197,0.51%,1.52%,86.8%,11.17%,False,1
3105905,BARROSO,MG,52,58,629,739,7.04%,7.85%,85.12%,False,1,4,21,663,51,739,0.54%,2.84%,89.72%,6.9%,False,1
3106002,BELA VISTA DE MINAS,MG,30,28,323,381,7.87%,7.35%,84.78%,False,1,7,6,334,34,381,1.84%,1.57%,87.66%,8.92%,False,1
3106101,BELMIRO BRAGA,MG,3,2,116,121,2.48%,1.65%,95.87%,False,1,1,2,104,14,121,0.83%,1.65%,85.95%,11.57%,False,1
3106200,BELO HORIZONTE,MG,2.566,2.994,28.521,34.081,7.53%,8.78%,83.69%,True,1,490,1060,29665,2864,34079,1.44%,3.11%,87.05%,8.4%,False,1
3106309,BELO ORIENTE,MG,47,71,1.286,1.404,3.35%,5.06%,91.6%,True,1,8,29,1251,116,1404,0.57%,2.07%,89.1%,8.26%,False,1
3106408,BELO VALE,MG,10,15,301,326,3.07%,4.6%,92.33%,False,1,3,4,293,26,326,0.92%,1.23%,89.88%,7.98%,False,1
3106507,BERILO,MG,6,19,329,354,1.69%,5.37%,92.94%,False,1,3,2,315,34,354,0.85%,0.56%,88.98%,9.6%,False,1
3106606,BERTOPOLIS,MG,30,18,191,239,12.55%,7.53%,79.92%,False,1,1,4,191,43,239,0.42%,1.67%,79.92%,17.99%,False,1
3106655,BERIZAL,MG,8,9,242,259,3.09%,3.47%,93.44%,False,1,1,3,229,26,259,0.39%,1.16%,88.42%,10.04%,False,1
3106705,BETIM,MG,282,522,8.919,9.723,2.9%,5.37%,91.73%,True,1,69,280,8734,640,9723,0.71%,2.88%,89.83%,6.58%,False,1
3106804,BIAS FORTES,MG,2,8,114,124,1.61%,6.45%,91.94%,False,1,0,2,118,4,124,-,1.61%,95.16%,3.23%,False,1
3106903,BICAS,MG,17,27,226,270,6.3%,10%,83.7%,False,1,5,9,235,21,270,1.85%,3.33%,87.04%,7.78%,False,1
3107000,BIQUINHAS,MG,22,12,79,113,19.47%,10.62%,69.91%,False,1,0,3,101,9,113,-,2.65%,89.38%,7.96%,False,1
3107109,BOA ESPERANCA,MG,48,86,1.171,1.305,3.68%,6.59%,89.73%,True,1,8,35,1176,86,1305,0.61%,2.68%,90.11%,6.59%,False,1
3107208,BOCAINA DE MINAS,MG,13,12,92,117,11.11%,10.26%,78.63%,False,1,2,0,106,9,117,1.71%,-,90.6%,7.69%,False,1
3107307,BOCAIUVA,MG,100,127,1.945,2.172,4.6%,5.85%,89.55%,True,1,14,58,1910,190,2172,0.64%,2.67%,87.94%,8.75%,False,1
3107406,BOM DESPACHO,MG,81,157,2.21,2.448,3.31%,6.41%,90.28%,True,1,19,47,2223,159,2448,0.78%,1.92%,90.81%,6.5%,False,1
3107505,BOM JARDIM DE MINAS,MG,12,16,255,283,4.24%,5.65%,90.11%,False,1,2,6,249,26,283,0.71%,2.12%,87.99%,9.19%,False,1
3107604,BOM JESUS DA PENHA,MG,3,13,224,240,1.25%,5.42%,93.33%,False,1,2,5,219,14,240,0.83%,2.08%,91.25%,5.83%,False,1
3107703,BOM JESUS DO AMPARO,MG,17,23,207,247,6.88%,9.31%,83.81%,False,1,1,10,219,17,247,0.4%,4.05%,88.66%,6.88%,False,1
3107802,BOM JESUS DO GALHO,MG,19,33,701,753,2.52%,4.38%,93.09%,False,1,3,16,661,73,753,0.4%,2.12%,87.78%,9.69%,False,1
3107901,BOM REPOUSO,MG,48,42,475,565,8.5%,7.43%,84.07%,False,1,5,7,509,44,565,0.88%,1.24%,90.09%,7.79%,False,1
3108008,BOM SUCESSO,MG,7,23,646,676,1.04%,3.4%,95.56%,False,1,2,17,611,46,676,0.3%,2.51%,90.38%,6.8%,False,1
3108107,BONFIM,MG,13,13,147,173,7.51%,7.51%,84.97%,False,1,2,4,149,18,173,1.16%,2.31%,86.13%,10.4%,False,1
3108206,BONFINOPOLIS DE MINAS,MG,18,25,203,246,7.32%,10.16%,82.52%,False,1,1,11,208,26,246,0.41%,4.47%,84.55%,10.57%,False,1
3108255,BONITO DE MINAS,MG,38,40,658,736,5.16%,5.43%,89.4%,False,1,2,17,682,35,736,0.27%,2.31%,92.66%,4.76%,False,1
3108305,BORDA DA MATA,MG,7,26,662,695,1.01%,3.74%,95.25%,False,1,5,11,614,65,695,0.72%,1.58%,88.35%,9.35%,False,1
3108404,BOTELHOS,MG,14,22,561,597,2.35%,3.69%,93.97%,False,1,6,7,540,44,597,1.01%,1.17%,90.45%,7.37%,False,1
3108503,BOTUMIRIM,MG,12,7,242,261,4.6%,2.68%,92.72%,False,1,1,4,233,23,261,0.38%,1.53%,89.27%,8.81%,False,1
3108552,BRASILANDIA DE MINAS,MG,41,43,879,963,4.26%,4.47%,91.28%,False,1,2,18,842,101,963,0.21%,1.87%,87.44%,10.49%,False,1
3108602,BRASILIA DE MINAS,MG,86,108,1.393,1.587,5.42%,6.81%,87.78%,True,1,24,56,1408,99,1587,1.51%,3.53%,88.72%,6.24%,False,1
3108701,BRAS PIRES,MG,6,5,188,199,3.02%,2.51%,94.47%,False,1,1,3,184,11,199,0.5%,1.51%,92.46%,5.53%,False,1
3108800,BRAUNAS,MG,4,10,179,193,2.07%,5.18%,92.75%,False,1,1,3,172,17,193,0.52%,1.55%,89.12%,8.81%,False,1
3108909,BRAZOPOLIS,MG,12,24,568,604,1.99%,3.97%,94.04%,False,1,4,9,566,26,605,0.66%,1.49%,93.55%,4.3%,False,1
3109006,BRUMADINHO,MG,94,114,1.278,1.486,6.33%,7.67%,86%,True,1,13,37,1345,91,1486,0.87%,2.49%,90.51%,6.12%,False,1
3109105,BUENO BRANDAO,MG,3,25,425,453,0.66%,5.52%,93.82%,False,1,2,4,410,37,453,0.44%,0.88%,90.51%,8.17%,False,1
3109204,BUENOPOLIS,MG,21,35,389,445,4.72%,7.87%,87.42%,False,1,4,10,402,29,445,0.9%,2.25%,90.34%,6.52%,False,1
3109253,BUGRE,MG,12,14,174,200,6%,7%,87%,False,1,1,8,170,21,200,0.5%,4%,85%,10.5%,False,1
3109303,BURITIS,MG,29,65,1.07,1.164,2.49%,5.58%,91.92%,True,1,9,35,1049,71,1164,0.77%,3.01%,90.12%,6.1%,False,1
3109402,BURITIZEIRO,MG,139,131,1.309,1.579,8.8%,8.3%,82.9%,True,1,25,59,1357,138,1579,1.58%,3.74%,85.94%,8.74%,False,1
3109451,CABECEIRA GRANDE,MG,16,31,350,397,4.03%,7.81%,88.16%,False,1,3,8,359,27,397,0.76%,2.02%,90.43%,6.8%,False,1
3109501,CABO VERDE,MG,9,21,390,420,2.14%,5%,92.86%,False,1,6,12,379,23,420,1.43%,2.86%,90.24%,5.48%,False,1
3109600,CACHOEIRA DA PRATA,MG,5,4,119,128,3.91%,3.13%,92.97%,False,1,0,5,107,16,128,-,3.91%,83.59%,12.5%,False,1
3109709,CACHOEIRA DE MINAS,MG,14,29,518,561,2.5%,5.17%,92.34%,False,1,0,9,507,45,561,-,1.6%,90.37%,8.02%,False,1
3109808,CACHOEIRA DOURADA,MG,2,3,94,99,2.02%,3.03%,94.95%,False,1,2,1,84,12,99,2.02%,1.01%,84.85%,12.12%,False,1
3109907,CAETANOPOLIS,MG,10,14,233,257,3.89%,5.45%,90.66%,False,1,1,10,225,21,257,0.39%,3.89%,87.55%,8.17%,False,1
3110004,CAETE,MG,50,66,921,1.037,4.82%,6.36%,88.81%,True,1,16,24,935,62,1037,1.54%,2.31%,90.16%,5.98%,False,1
3110103,CAIANA,MG,22,14,220,256,8.59%,5.47%,85.94%,False,1,2,11,218,25,256,0.78%,4.3%,85.16%,9.77%,False,1
3110202,CAJURI,MG,4,12,221,237,1.69%,5.06%,93.25%,False,1,2,2,218,15,237,0.84%,0.84%,91.98%,6.33%,False,1
3110301,CALDAS,MG,13,23,572,608,2.14%,3.78%,94.08%,False,1,3,18,553,34,608,0.49%,2.96%,90.95%,5.59%,False,1
3110400,CAMACHO,MG,6,8,138,152,3.95%,5.26%,90.79%,False,1,0,4,142,6,152,-,2.63%,93.42%,3.95%,False,1
3110509,CAMANDUCAIA,MG,27,64,1.252,1.343,2.01%,4.77%,93.22%,True,1,12,34,1234,63,1343,0.89%,2.53%,91.88%,4.69%,False,1
3110608,CAMBUI,MG,25,54,722,801,3.12%,6.74%,90.14%,False,1,6,23,715,57,801,0.75%,2.87%,89.26%,7.12%,False,1
3110707,CAMBUQUIRA,MG,23,28,527,578,3.98%,4.84%,91.18%,False,1,7,8,433,130,578,1.21%,1.38%,74.91%,22.49%,False,1
3110806,CAMPANARIO,MG,2,4,177,183,1.09%,2.19%,96.72%,False,1,1,2,157,23,183,0.55%,1.09%,85.79%,12.57%,False,1
3110905,CAMPANHA,MG,24,35,590,649,3.7%,5.39%,90.91%,False,1,1,7,583,58,649,0.15%,1.08%,89.83%,8.94%,False,1
3111002,CAMPESTRE,MG,36,38,421,495,7.27%,7.68%,85.05%,False,1,2,12,443,38,495,0.4%,2.42%,89.49%,7.68%,False,1
3111101,CAMPINA VERDE,MG,28,28,300,356,7.87%,7.87%,84.27%,False,1,5,16,313,22,356,1.4%,4.49%,87.92%,6.18%,False,1
3111150,CAMPO AZUL,MG,5,9,171,185,2.7%,4.86%,92.43%,False,1,3,2,175,5,185,1.62%,1.08%,94.59%,2.7%,False,1
3111200,CAMPO BELO,MG,101,106,1.754,1.961,5.15%,5.41%,89.44%,True,1,21,43,1759,138,1961,1.07%,2.19%,89.7%,7.04%,False,1
3111309,CAMPO DO MEIO,MG,36,30,610,676,5.33%,4.44%,90.24%,False,1,2,16,590,68,676,0.3%,2.37%,87.28%,10.06%,False,1
3111408,CAMPO FLORIDO,MG,7,10,269,286,2.45%,3.5%,94.06%,False,1,0,5,258,23,286,-,1.75%,90.21%,8.04%,False,1
3111507,CAMPOS ALTOS,MG,13,29,550,592,2.2%,4.9%,92.91%,False,1,0,5,547,40,592,-,0.84%,92.4%,6.76%,False,1
3111606,CAMPOS GERAIS,MG,42,50,932,1.024,4.1%,4.88%,91.02%,True,1,3,22,910,89,1024,0.29%,2.15%,88.87%,8.69%,False,1
3111705,CANAA,MG,0,9,208,217,-,4.15%,95.85%,False,1,0,4,206,7,217,-,1.84%,94.93%,3.23%,False,1
3111804,CANAPOLIS,MG,4,10,357,371,1.08%,2.7%,96.23%,False,1,1,6,344,20,371,0.27%,1.62%,92.72%,5.39%,False,1
3111903,CANA VERDE,MG,5,3,129,137,3.65%,2.19%,94.16%,False,1,2,1,107,27,137,1.46%,0.73%,78.1%,19.71%,False,1
3112000,CANDEIAS,MG,20,41,465,526,3.8%,7.79%,88.4%,False,1,6,12,460,48,526,1.14%,2.28%,87.45%,9.13%,False,1
3112059,CANTAGALO,MG,10,13,173,196,5.1%,6.63%,88.27%,False,1,1,4,167,24,196,0.51%,2.04%,85.2%,12.24%,False,1
3112109,CAPARAO,MG,16,31,369,416,3.85%,7.45%,88.7%,False,1,2,7,371,36,416,0.48%,1.68%,89.18%,8.65%,False,1
3112208,CAPELA NOVA,MG,10,8,165,183,5.46%,4.37%,90.16%,False,1,0,5,156,22,183,-,2.73%,85.25%,12.02%,False,1
3112307,CAPELINHA,MG,71,150,2.176,2.397,2.96%,6.26%,90.78%,True,1,21,47,2217,112,2397,0.88%,1.96%,92.49%,4.67%,False,1
3112406,CAPETINGA,MG,9,8,362,379,2.37%,2.11%,95.51%,False,1,5,1,334,39,379,1.32%,0.26%,88.13%,10.29%,False,1
3112505,CAPIM BRANCO,MG,19,23,381,423,4.49%,5.44%,90.07%,False,1,4,7,374,38,423,0.95%,1.65%,88.42%,8.98%,False,1
3112604,CAPINOPOLIS,MG,13,26,359,398,3.27%,6.53%,90.2%,False,1,0,8,359,31,398,-,2.01%,90.2%,7.79%,False,1
3112653,CAPITAO ANDRADE,MG,2,6,195,203,0.99%,2.96%,96.06%,False,1,0,1,188,14,203,-,0.49%,92.61%,6.9%,False,1
3112703,CAPITAO ENEAS,MG,20,53,855,928,2.16%,5.71%,92.13%,False,1,9,17,835,67,928,0.97%,1.83%,89.98%,7.22%,False,1
3112802,CAPITOLIO,MG,17,23,423,463,3.67%,4.97%,91.36%,False,1,2,7,422,32,463,0.43%,1.51%,91.14%,6.91%,False,1
3112901,CAPUTIRA,MG,38,33,524,595,6.39%,5.55%,88.07%,False,1,8,12,518,57,595,1.34%,2.02%,87.06%,9.58%,False,1
3113008,CARAI,MG,32,49,803,884,3.62%,5.54%,90.84%,False,1,7,32,790,55,884,0.79%,3.62%,89.37%,6.22%,False,1
3113107,CARANAIBA,MG,4,5,124,133,3.01%,3.76%,93.23%,False,1,1,4,121,7,133,0.75%,3.01%,90.98%,5.26%,False,1
3113206,CARANDAI,MG,24,61,966,1.051,2.28%,5.8%,91.91%,True,1,7,20,975,49,1051,0.67%,1.9%,92.77%,4.66%,False,1
3113305,CARANGOLA,MG,74,75,1.12,1.269,5.83%,5.91%,88.26%,True,1,16,39,1130,84,1269,1.26%,3.07%,89.05%,6.62%,False,1
3113404,CARATINGA,MG,110,176,2.567,2.853,3.86%,6.17%,89.98%,True,1,13,34,2608,198,2853,0.46%,1.19%,91.41%,6.94%,False,1
3113503,CARBONITA,MG,4,17,458,479,0.84%,3.55%,95.62%,False,1,0,6,445,28,479,-,1.25%,92.9%,5.85%,False,1
3113602,CAREACU,MG,5,12,294,311,1.61%,3.86%,94.53%,False,1,0,1,283,27,311,-,0.32%,91%,8.68%,False,1
3113701,CARLOS CHAGAS,MG,20,48,765,833,2.4%,5.76%,91.84%,False,1,5,17,755,56,833,0.6%,2.04%,90.64%,6.72%,False,1
3113800,CARMESIA,MG,11,6,103,120,9.17%,5%,85.83%,False,1,2,2,104,12,120,1.67%,1.67%,86.67%,10%,False,1
3113909,CARMO DA CACHOEIRA,MG,10,26,589,625,1.6%,4.16%,94.24%,False,1,6,17,545,57,625,0.96%,2.72%,87.2%,9.12%,False,1
3114006,CARMO DA MATA,MG,6,24,348,378,1.59%,6.35%,92.06%,False,1,1,6,341,30,378,0.26%,1.59%,90.21%,7.94%,False,1
3114105,CARMO DE MINAS,MG,17,18,600,635,2.68%,2.83%,94.49%,False,1,1,7,581,46,635,0.16%,1.1%,91.5%,7.24%,False,1
3114204,CARMO DO CAJURU,MG,50,71,949,1.07,4.67%,6.64%,88.69%,True,1,8,20,985,57,1070,0.75%,1.87%,92.06%,5.33%,False,1
3114303,CARMO DO PARANAIBA,MG,62,57,635,754,8.22%,7.56%,84.22%,False,1,13,18,653,70,754,1.72%,2.39%,86.6%,9.28%,False,1
3114402,CARMO DO RIO CLARO,MG,14,35,766,815,1.72%,4.29%,93.99%,False,1,2,11,745,57,815,0.25%,1.35%,91.41%,6.99%,False,1
3114501,CARMOPOLIS DE MINAS,MG,36,31,800,867,4.15%,3.58%,92.27%,False,1,9,12,792,54,867,1.04%,1.38%,91.35%,6.23%,False,1
3114550,CARNEIRINHO,MG,9,13,337,359,2.51%,3.62%,93.87%,False,1,3,6,320,30,359,0.84%,1.67%,89.14%,8.36%,False,1
3114600,CARRANCAS,MG,1,9,133,143,0.7%,6.29%,93.01%,False,1,0,5,128,10,143,-,3.5%,89.51%,6.99%,False,1
3114709,CARVALHOPOLIS,MG,3,3,88,94,3.19%,3.19%,93.62%,False,1,1,2,86,5,94,1.06%,2.13%,91.49%,5.32%,False,1
3114808,CARVALHOS,MG,5,8,182,195,2.56%,4.1%,93.33%,False,1,1,2,174,18,195,0.51%,1.03%,89.23%,9.23%,False,1
3114907,CASA GRANDE,MG,4,5,80,89,4.49%,5.62%,89.89%,False,1,0,2,85,2,89,-,2.25%,95.51%,2.25%,False,1
3115003,CASCALHO RICO,MG,8,9,90,107,7.48%,8.41%,84.11%,False,1,1,2,93,11,107,0.93%,1.87%,86.92%,10.28%,False,1
3115102,CASSIA,MG,20,39,656,715,2.8%,5.45%,91.75%,False,1,6,12,647,50,715,0.84%,1.68%,90.49%,6.99%,False,1
3115201,CONCEICAO DA BARRA DE MINAS,MG,4,8,136,148,2.7%,5.41%,91.89%,False,1,0,2,129,17,148,-,1.35%,87.16%,11.49%,False,1
3115300,CATAGUASES,MG,101,113,1.129,1.343,7.52%,8.41%,84.07%,True,1,10,30,1159,144,1343,0.74%,2.23%,86.3%,10.72%,False,1
3115359,CATAS ALTAS,MG,4,14,233,251,1.59%,5.58%,92.83%,False,1,0,3,237,11,251,-,1.2%,94.42%,4.38%,False,1
3115409,CATAS ALTAS DA NORUEGA,MG,6,6,164,176,3.41%,3.41%,93.18%,False,1,4,10,153,9,176,2.27%,5.68%,86.93%,5.11%,False,1
3115458,CATUJI,MG,13,26,426,465,2.8%,5.59%,91.61%,False,1,3,7,428,27,465,0.65%,1.51%,92.04%,5.81%,False,1
3115474,CATUTI,MG,3,14,242,259,1.16%,5.41%,93.44%,False,1,1,2,240,16,259,0.39%,0.77%,92.66%,6.18%,False,1
3115508,CAXAMBU,MG,15,27,559,601,2.5%,4.49%,93.01%,False,1,4,11,558,28,601,0.67%,1.83%,92.85%,4.66%,False,1
3115607,CEDRO DO ABAETE,MG,1,5,50,56,1.79%,8.93%,89.29%,False,1,0,2,49,5,56,-,3.57%,87.5%,8.93%,False,1
3115706,CENTRAL DE MINAS,MG,11,9,233,253,4.35%,3.56%,92.09%,False,1,5,6,224,18,253,1.98%,2.37%,88.54%,7.11%,False,1
3115805,CENTRALINA,MG,16,13,355,384,4.17%,3.39%,92.45%,False,1,3,12,347,22,384,0.78%,3.13%,90.36%,5.73%,False,1
3115904,CHACARA,MG,6,6,162,174,3.45%,3.45%,93.1%,False,1,1,4,149,20,174,0.57%,2.3%,85.63%,11.49%,False,1
3116001,CHALE,MG,3,22,396,421,0.71%,5.23%,94.06%,False,1,1,7,388,25,421,0.24%,1.66%,92.16%,5.94%,False,1
3116100,CHAPADA DO NORTE,MG,9,21,502,532,1.69%,3.95%,94.36%,False,1,0,18,481,33,532,-,3.38%,90.41%,6.2%,False,1
3116159,CHAPADA GAUCHA,MG,48,70,931,1.049,4.58%,6.67%,88.75%,True,1,7,36,968,38,1049,0.67%,3.43%,92.28%,3.62%,False,1
3116209,CHIADOR,MG,2,9,88,99,2.02%,9.09%,88.89%,False,1,2,4,84,9,99,2.02%,4.04%,84.85%,9.09%,False,1
3116308,CIPOTANEA,MG,9,11,207,227,3.96%,4.85%,91.19%,False,1,2,4,205,16,227,0.88%,1.76%,90.31%,7.05%,False,1
3116407,CLARAVAL,MG,14,25,156,195,7.18%,12.82%,80%,False,1,3,10,168,14,195,1.54%,5.13%,86.15%,7.18%,False,1
3116506,CLARO DOS POCOES,MG,7,18,295,320,2.19%,5.63%,92.19%,False,1,2,8,292,18,320,0.63%,2.5%,91.25%,5.63%,False,1
3116605,CLAUDIO,MG,47,86,1.208,1.341,3.5%,6.41%,90.08%,True,1,24,26,1206,85,1341,1.79%,1.94%,89.93%,6.34%,False,1
3116704,COIMBRA,MG,17,15,218,250,6.8%,6%,87.2%,False,1,1,5,226,18,250,0.4%,2%,90.4%,7.2%,False,1
3116803,COLUNA,MG,6,24,426,456,1.32%,5.26%,93.42%,False,1,1,11,414,30,456,0.22%,2.41%,90.79%,6.58%,False,1
3116902,COMENDADOR GOMES,MG,3,5,147,155,1.94%,3.23%,94.84%,False,1,1,0,136,18,155,0.65%,-,87.74%,11.61%,False,1
3117009,COMERCINHO,MG,7,17,280,304,2.3%,5.59%,92.11%,False,1,0,11,275,18,304,-,3.62%,90.46%,5.92%,False,1
3117108,CONCEICAO DA APARECIDA,MG,16,26,442,484,3.31%,5.37%,91.32%,False,1,11,8,428,37,484,2.27%,1.65%,88.43%,7.64%,False,1
3117207,CONCEICAO DAS PEDRAS,MG,3,4,132,139,2.16%,2.88%,94.96%,False,1,0,2,129,8,139,-,1.44%,92.81%,5.76%,False,1
3117306,CONCEICAO DAS ALAGOAS,MG,66,82,1.146,1.294,5.1%,6.34%,88.56%,True,1,17,29,1135,113,1294,1.31%,2.24%,87.71%,8.73%,False,1
3117405,CONCEICAO DE IPANEMA,MG,7,9,233,249,2.81%,3.61%,93.57%,False,1,0,5,215,29,249,-,2.01%,86.35%,11.65%,False,1
3117504,CONCEICAO DO MATO DENTRO,MG,47,101,1.298,1.446,3.25%,6.98%,89.76%,True,1,4,33,1295,114,1446,0.28%,2.28%,89.56%,7.88%,False,1
3117603,CONCEICAO DO PARA,MG,4,19,239,262,1.53%,7.25%,91.22%,False,1,0,4,238,20,262,-,1.53%,90.84%,7.63%,False,1
3117702,CONCEICAO DO RIO VERDE,MG,18,25,562,605,2.98%,4.13%,92.89%,False,1,2,18,527,58,605,0.33%,2.98%,87.11%,9.59%,False,1
3117801,CONCEICAO DOS OUROS,MG,13,27,456,496,2.62%,5.44%,91.94%,False,1,5,4,450,37,496,1.01%,0.81%,90.73%,7.46%,False,1
3117836,CONEGO MARINHO,MG,22,33,295,350,6.29%,9.43%,84.29%,False,1,2,7,325,16,350,0.57%,2%,92.86%,4.57%,False,1
3117876,CONFINS,MG,10,13,223,246,4.07%,5.28%,90.65%,False,1,1,7,226,12,246,0.41%,2.85%,91.87%,4.88%,False,1
3117900,CONGONHAL,MG,4,23,536,563,0.71%,4.09%,95.2%,False,1,0,11,517,35,563,-,1.95%,91.83%,6.22%,False,1
3118007,CONGONHAS,MG,56,139,2.046,2.241,2.5%,6.2%,91.3%,True,1,12,42,2058,129,2241,0.54%,1.87%,91.83%,5.76%,False,1
3118106,CONGONHAS DO NORTE,MG,3,11,244,258,1.16%,4.26%,94.57%,False,1,0,1,241,16,258,-,0.39%,93.41%,6.2%,False,1
3118205,CONQUISTA,MG,9,9,275,293,3.07%,3.07%,93.86%,False,1,5,1,256,31,293,1.71%,0.34%,87.37%,10.58%,False,1
3118304,CONSELHEIRO LAFAIETE,MG,59,124,2.056,2.239,2.64%,5.54%,91.83%,True,1,19,35,2059,126,2239,0.85%,1.56%,91.96%,5.63%,False,1
3118403,CONSELHEIRO PENA,MG,18,44,994,1.056,1.7%,4.17%,94.13%,True,1,4,16,945,91,1056,0.38%,1.52%,89.49%,8.62%,False,1
3118502,CONSOLACAO,MG,0,2,27,29,-,6.9%,93.1%,False,1,0,0,27,2,29,-,-,93.1%,6.9%,False,1
3118601,CONTAGEM,MG,494,872,13.291,14.657,3.37%,5.95%,90.68%,True,1,142,380,13223,912,14657,0.97%,2.59%,90.22%,6.22%,False,1
3118700,COQUEIRAL,MG,15,22,407,444,3.38%,4.95%,91.67%,False,1,1,7,395,41,444,0.23%,1.58%,88.96%,9.23%,False,1
3118809,CORACAO DE JESUS,MG,50,62,1.122,1.234,4.05%,5.02%,90.92%,True,1,9,18,1117,90,1234,0.73%,1.46%,90.52%,7.29%,False,1
3118908,CORDISBURGO,MG,26,23,237,286,9.09%,8.04%,82.87%,False,1,4,9,246,27,286,1.4%,3.15%,86.01%,9.44%,False,1
3119005,CORDISLANDIA,MG,2,15,189,206,0.97%,7.28%,91.75%,False,1,0,3,178,25,206,-,1.46%,86.41%,12.14%,False,1
3119104,CORINTO,MG,39,68,803,910,4.29%,7.47%,88.24%,False,1,8,29,786,87,910,0.88%,3.19%,86.37%,9.56%,False,1
3119203,COROACI,MG,12,18,403,433,2.77%,4.16%,93.07%,False,1,2,2,385,44,433,0.46%,0.46%,88.91%,10.16%,False,1
3119302,COROMANDEL,MG,29,64,971,1.064,2.73%,6.02%,91.26%,True,1,5,23,970,66,1064,0.47%,2.16%,91.17%,6.2%,False,1
3119401,CORONEL FABRICIANO,MG,133,226,3.49,3.849,3.46%,5.87%,90.67%,True,1,28,67,3439,315,3849,0.73%,1.74%,89.35%,8.18%,False,1
3119500,CORONEL MURTA,MG,15,24,384,423,3.55%,5.67%,90.78%,False,1,6,4,388,25,423,1.42%,0.95%,91.73%,5.91%,False,1
3119609,CORONEL PACHECO,MG,0,2,112,114,-,1.75%,98.25%,False,1,0,1,105,8,114,-,0.88%,92.11%,7.02%,False,1
3119708,CORONEL XAVIER CHAVES,MG,1,12,161,174,0.57%,6.9%,92.53%,False,1,0,6,155,13,174,-,3.45%,89.08%,7.47%,False,1
3119807,CORREGO DANTA,MG,3,8,137,148,2.03%,5.41%,92.57%,False,1,0,1,135,12,148,-,0.68%,91.22%,8.11%,False,1
3119906,CORREGO DO BOM JESUS,MG,3,6,173,182,1.65%,3.3%,95.05%,False,1,0,3,171,8,182,-,1.65%,93.96%,4.4%,False,1
3119955,CORREGO FUNDO,MG,18,24,283,325,5.54%,7.38%,87.08%,False,1,3,4,293,25,325,0.92%,1.23%,90.15%,7.69%,False,1
3120003,CORREGO NOVO,MG,2,6,125,133,1.5%,4.51%,93.98%,False,1,1,2,119,11,133,0.75%,1.5%,89.47%,8.27%,False,1
3120102,COUTO DE MAGALHAES DE MINAS,MG,7,13,208,228,3.07%,5.7%,91.23%,False,1,3,2,208,15,228,1.32%,0.88%,91.23%,6.58%,False,1
3120151,CRISOLITA,MG,10,13,340,363,2.75%,3.58%,93.66%,False,1,1,12,334,16,363,0.28%,3.31%,92.01%,4.41%,False,1
3120201,CRISTAIS,MG,33,65,525,623,5.3%,10.43%,84.27%,False,1,3,13,568,39,623,0.48%,2.09%,91.17%,6.26%,False,1
3120300,CRISTALIA,MG,25,32,372,429,5.83%,7.46%,86.71%,False,1,3,9,372,45,429,0.7%,2.1%,86.71%,10.49%,False,1
3120409,CRISTIANO OTONI,MG,3,6,218,227,1.32%,2.64%,96.04%,False,1,1,0,210,16,227,0.44%,-,92.51%,7.05%,False,1
3120508,CRISTINA,MG,20,22,319,361,5.54%,6.09%,88.37%,False,1,2,6,330,23,361,0.55%,1.66%,91.41%,6.37%,False,1
3120607,CRUCILANDIA,MG,18,23,201,242,7.44%,9.5%,83.06%,False,1,1,6,223,12,242,0.41%,2.48%,92.15%,4.96%,False,1
3120706,CRUZEIRO DA FORTALEZA,MG,15,29,259,303,4.95%,9.57%,85.48%,False,1,3,4,280,16,303,0.99%,1.32%,92.41%,5.28%,False,1
3120805,CRUZILIA,MG,8,23,695,726,1.1%,3.17%,95.73%,False,1,2,14,672,38,726,0.28%,1.93%,92.56%,5.23%,False,1
3120839,CUPARAQUE,MG,5,7,239,251,1.99%,2.79%,95.22%,False,1,0,6,224,21,251,-,2.39%,89.24%,8.37%,False,1
3120870,CURRAL DE DENTRO,MG,16,20,501,537,2.98%,3.72%,93.3%,False,1,4,10,491,32,537,0.74%,1.86%,91.43%,5.96%,False,1
3120904,CURVELO,MG,91,172,2.762,3.025,3.01%,5.69%,91.31%,True,1,29,63,2711,222,3025,0.96%,2.08%,89.62%,7.34%,False,1
3121001,DATAS,MG,4,12,317,333,1.2%,3.6%,95.2%,False,1,3,5,305,20,333,0.9%,1.5%,91.59%,6.01%,False,1
3121100,DELFIM MOREIRA,MG,13,16,276,305,4.26%,5.25%,90.49%,False,1,5,8,277,15,305,1.64%,2.62%,90.82%,4.92%,False,1
3121209,DELFINOPOLIS,MG,12,15,404,431,2.78%,3.48%,93.74%,False,1,1,4,379,47,431,0.23%,0.93%,87.94%,10.9%,False,1
3121258,DELTA,MG,26,49,470,545,4.77%,8.99%,86.24%,False,1,6,12,495,32,545,1.1%,2.2%,90.83%,5.87%,False,1
3121308,DESCOBERTO,MG,1,14,221,236,0.42%,5.93%,93.64%,False,1,1,6,207,22,236,0.42%,2.54%,87.71%,9.32%,False,1
3121407,DESTERRO DE ENTRE RIOS,MG,15,34,369,418,3.59%,8.13%,88.28%,False,1,3,9,382,24,418,0.72%,2.15%,91.39%,5.74%,False,1
3121506,DESTERRO DO MELO,MG,3,4,149,156,1.92%,2.56%,95.51%,False,1,0,5,139,12,156,-,3.21%,89.1%,7.69%,False,1
3121605,DIAMANTINA,MG,63,81,1.742,1.886,3.34%,4.29%,92.36%,True,1,13,46,1705,122,1886,0.69%,2.44%,90.4%,6.47%,False,1
3121704,DIOGO DE VASCONCELOS,MG,5,5,155,165,3.03%,3.03%,93.94%,False,1,0,2,144,19,165,-,1.21%,87.27%,11.52%,False,1
3121803,DIONISIO,MG,13,19,234,266,4.89%,7.14%,87.97%,False,1,1,3,242,20,266,0.38%,1.13%,90.98%,7.52%,False,1
3121902,DIVINESIA,MG,6,9,295,310,1.94%,2.9%,95.16%,False,1,2,3,280,25,310,0.65%,0.97%,90.32%,8.06%,False,1
3122009,DIVINO,MG,67,88,1.027,1.182,5.67%,7.45%,86.89%,True,1,9,20,1051,102,1182,0.76%,1.69%,88.92%,8.63%,False,1
3122108,DIVINO DAS LARANJEIRAS,MG,2,8,179,189,1.06%,4.23%,94.71%,False,1,2,4,165,18,189,1.06%,2.12%,87.3%,9.52%,False,1
3122207,DIVINOLANDIA DE MINAS,MG,15,21,394,430,3.49%,4.88%,91.63%,False,1,7,9,374,40,430,1.63%,2.09%,86.98%,9.3%,False,1
3122306,DIVINOPOLIS,MG,216,391,5.989,6.596,3.27%,5.93%,90.8%,True,1,45,146,6060,345,6596,0.68%,2.21%,91.87%,5.23%,False,1
3122355,DIVISA ALEGRE,MG,12,21,388,421,2.85%,4.99%,92.16%,False,1,3,10,379,29,421,0.71%,2.38%,90.02%,6.89%,False,1
3122405,DIVISA NOVA,MG,8,9,140,157,5.1%,5.73%,89.17%,False,1,0,3,139,15,157,-,1.91%,88.54%,9.55%,False,1
3122454,DIVISOPOLIS,MG,27,21,368,416,6.49%,5.05%,88.46%,False,1,3,7,375,31,416,0.72%,1.68%,90.14%,7.45%,False,1
3122470,DOM BOSCO,MG,19,12,207,238,7.98%,5.04%,86.97%,False,1,3,3,219,13,238,1.26%,1.26%,92.02%,5.46%,False,1
3122504,DOM CAVATI,MG,10,9,192,211,4.74%,4.27%,91%,False,1,1,5,178,27,211,0.47%,2.37%,84.36%,12.8%,False,1
3122603,DOM JOAQUIM,MG,48,14,168,230,20.87%,6.09%,73.04%,False,1,32,11,174,13,230,13.91%,4.78%,75.65%,5.65%,False,1
3122702,DOM SILVERIO,MG,9,14,181,204,4.41%,6.86%,88.73%,False,1,1,5,185,13,204,0.49%,2.45%,90.69%,6.37%,False,1
3122801,DOM VICOSO,MG,1,5,152,158,0.63%,3.16%,96.2%,False,1,0,3,150,5,158,-,1.9%,94.94%,3.16%,False,1
3122900,DONA EUSEBIA,MG,3,6,227,236,1.27%,2.54%,96.19%,False,1,0,2,219,15,236,-,0.85%,92.8%,6.36%,False,1
3123007,DORES DE CAMPOS,MG,18,20,213,251,7.17%,7.97%,84.86%,False,1,3,9,217,22,251,1.2%,3.59%,86.45%,8.76%,False,1
3123106,DORES DE GUANHAES,MG,16,11,221,248,6.45%,4.44%,89.11%,False,1,2,6,222,18,248,0.81%,2.42%,89.52%,7.26%,False,1
3123205,DORES DO INDAIA,MG,3,16,331,350,0.86%,4.57%,94.57%,False,1,1,5,330,14,350,0.29%,1.43%,94.29%,4%,False,1
3123304,DORES DO TURVO,MG,3,17,214,234,1.28%,7.26%,91.45%,False,1,0,4,218,12,234,-,1.71%,93.16%,5.13%,False,1
3123403,DORESOPOLIS,MG,2,6,74,82,2.44%,7.32%,90.24%,False,1,0,1,80,1,82,-,1.22%,97.56%,1.22%,False,1
3123502,DOURADOQUARA,MG,3,3,90,96,3.13%,3.13%,93.75%,False,1,2,0,86,8,96,2.08%,-,89.58%,8.33%,False,1
3123528,DURANDE,MG,20,29,506,555,3.6%,5.23%,91.17%,False,1,4,11,482,58,555,0.72%,1.98%,86.85%,10.45%,False,1
3123601,ELOI MENDES,MG,15,42,837,894,1.68%,4.7%,93.62%,False,1,7,10,808,69,894,0.78%,1.12%,90.38%,7.72%,False,1
3123700,ENGENHEIRO CALDAS,MG,14,31,498,543,2.58%,5.71%,91.71%,False,1,2,10,489,42,543,0.37%,1.84%,90.06%,7.73%,False,1
3123809,ENGENHEIRO NAVARRO,MG,28,30,322,380,7.37%,7.89%,84.74%,False,1,2,15,334,29,380,0.53%,3.95%,87.89%,7.63%,False,1
3123858,ENTRE FOLHAS,MG,8,18,344,370,2.16%,4.86%,92.97%,False,1,1,8,334,27,370,0.27%,2.16%,90.27%,7.3%,False,1
3123908,ENTRE RIOS DE MINAS,MG,44,46,649,739,5.95%,6.22%,87.82%,False,1,9,20,650,60,739,1.22%,2.71%,87.96%,8.12%,False,1
3124005,ERVALIA,MG,23,47,925,995,2.31%,4.72%,92.96%,False,1,6,13,916,60,995,0.6%,1.31%,92.06%,6.03%,False,1
3124104,ESMERALDAS,MG,91,124,1.573,1.788,5.09%,6.94%,87.98%,True,1,28,55,1592,113,1788,1.57%,3.08%,89.04%,6.32%,False,1
3124203,ESPERA FELIZ,MG,45,56,1.003,1.104,4.08%,5.07%,90.85%,True,1,5,24,992,83,1104,0.45%,2.17%,89.86%,7.52%,False,1
3124302,ESPINOSA,MG,36,53,1.62,1.709,2.11%,3.1%,94.79%,True,1,13,38,1552,106,1709,0.76%,2.22%,90.81%,6.2%,False,1
3124401,ESPIRITO SANTO DO DOURADO,MG,41,36,516,593,6.91%,6.07%,87.02%,False,1,8,18,500,67,593,1.35%,3.04%,84.32%,11.3%,False,1
3124500,ESTIVA,MG,8,14,374,396,2.02%,3.54%,94.44%,False,1,1,7,362,26,396,0.25%,1.77%,91.41%,6.57%,False,1
3124609,ESTRELA DALVA,MG,4,2,86,92,4.35%,2.17%,93.48%,False,1,2,2,77,11,92,2.17%,2.17%,83.7%,11.96%,False,1
3124708,ESTRELA DO INDAIA,MG,0,2,64,66,-,3.03%,96.97%,False,1,0,0,62,4,66,-,-,93.94%,6.06%,False,1
3124807,ESTRELA DO SUL,MG,5,18,328,351,1.42%,5.13%,93.45%,False,1,0,8,312,31,351,-,2.28%,88.89%,8.83%,False,1
3124906,EUGENOPOLIS,MG,24,23,338,385,6.23%,5.97%,87.79%,False,1,4,14,320,47,385,1.04%,3.64%,83.12%,12.21%,False,1
3125002,EWBANK DA CAMARA,MG,14,17,218,249,5.62%,6.83%,87.55%,False,1,0,7,221,21,249,-,2.81%,88.76%,8.43%,False,1
3125101,EXTREMA,MG,71,141,2.37,2.582,2.75%,5.46%,91.79%,True,1,12,42,2379,149,2582,0.46%,1.63%,92.14%,5.77%,False,1
3125200,FAMA,MG,0,5,84,89,-,5.62%,94.38%,False,1,0,1,80,8,89,-,1.12%,89.89%,8.99%,False,1
3125309,FARIA LEMOS,MG,7,8,119,134,5.22%,5.97%,88.81%,False,1,2,4,118,10,134,1.49%,2.99%,88.06%,7.46%,False,1
3125408,FELICIO DOS SANTOS,MG,7,22,291,320,2.19%,6.88%,90.94%,False,1,0,6,302,12,320,-,1.88%,94.38%,3.75%,False,1
3125507,SAO GONCALO DO RIO PRETO,MG,5,7,108,120,4.17%,5.83%,90%,False,1,0,4,104,12,120,-,3.33%,86.67%,10%,False,1
3125606,FELISBURGO,MG,14,16,357,387,3.62%,4.13%,92.25%,False,1,4,4,355,24,387,1.03%,1.03%,91.73%,6.2%,False,1
3125705,FELIXLANDIA,MG,42,58,612,712,5.9%,8.15%,85.96%,False,1,7,20,614,71,712,0.98%,2.81%,86.24%,9.97%,False,1
3125804,FERNANDES TOURINHO,MG,4,5,151,160,2.5%,3.13%,94.38%,False,1,0,2,147,11,160,-,1.25%,91.88%,6.88%,False,1
3125903,FERROS,MG,2,17,371,390,0.51%,4.36%,95.13%,False,1,1,8,353,28,390,0.26%,2.05%,90.51%,7.18%,False,1
3125952,FERVEDOURO,MG,40,49,634,723,5.53%,6.78%,87.69%,False,1,10,20,639,54,723,1.38%,2.77%,88.38%,7.47%,False,1
3126000,FLORESTAL,MG,3,11,220,234,1.28%,4.7%,94.02%,False,1,2,6,211,15,234,0.85%,2.56%,90.17%,6.41%,False,1
3126109,FORMIGA,MG,26,66,1.445,1.537,1.69%,4.29%,94.01%,True,1,8,30,1401,98,1537,0.52%,1.95%,91.15%,6.38%,False,1
3126208,FORMOSO,MG,13,23,544,580,2.24%,3.97%,93.79%,False,1,4,16,527,33,580,0.69%,2.76%,90.86%,5.69%,False,1
3126307,FORTALEZA DE MINAS,MG,0,3,129,132,-,2.27%,97.73%,False,1,0,2,117,13,132,-,1.52%,88.64%,9.85%,False,1
3126406,FORTUNA DE MINAS,MG,1,7,158,166,0.6%,4.22%,95.18%,False,1,0,2,152,12,166,-,1.2%,91.57%,7.23%,False,1
3126505,FRANCISCO BADARO,MG,9,11,295,315,2.86%,3.49%,93.65%,False,1,2,5,283,25,315,0.63%,1.59%,89.84%,7.94%,False,1
3126604,FRANCISCO DUMONT,MG,6,11,278,295,2.03%,3.73%,94.24%,False,1,4,2,266,23,295,1.36%,0.68%,90.17%,7.8%,False,1
3126703,FRANCISCO SA,MG,40,47,891,978,4.09%,4.81%,91.1%,False,1,11,23,888,56,978,1.12%,2.35%,90.8%,5.73%,False,1
3126752,FRANCISCOPOLIS,MG,7,9,213,229,3.06%,3.93%,93.01%,False,1,1,7,204,17,229,0.44%,3.06%,89.08%,7.42%,False,1
3126802,FREI GASPAR,MG,22,28,308,358,6.15%,7.82%,86.03%,False,1,4,13,313,28,358,1.12%,3.63%,87.43%,7.82%,False,1
3126901,FREI INOCENCIO,MG,19,34,428,481,3.95%,7.07%,88.98%,False,1,3,7,435,36,481,0.62%,1.46%,90.44%,7.48%,False,1
3126950,FREI LAGONEGRO,MG,6,11,217,234,2.56%,4.7%,92.74%,False,1,0,4,220,10,234,-,1.71%,94.02%,4.27%,False,1
3127008,FRONTEIRA,MG,13,27,602,642,2.02%,4.21%,93.77%,False,1,1,9,563,69,642,0.16%,1.4%,87.69%,10.75%,False,1
3127057,FRONTEIRA DOS VALES,MG,10,12,219,241,4.15%,4.98%,90.87%,False,1,2,5,216,18,241,0.83%,2.07%,89.63%,7.47%,False,1
3127073,FRUTA DE LEITE,MG,12,14,238,264,4.55%,5.3%,90.15%,False,1,1,3,244,16,264,0.38%,1.14%,92.42%,6.06%,False,1
3127107,FRUTAL,MG,46,80,2.118,2.244,2.05%,3.57%,94.39%,True,1,16,51,2051,126,2244,0.71%,2.27%,91.4%,5.61%,False,1
3127206,FUNILANDIA,MG,4,15,238,257,1.56%,5.84%,92.61%,False,1,2,3,221,31,257,0.78%,1.17%,85.99%,12.06%,False,1
3127305,GALILEIA,MG,8,13,267,288,2.78%,4.51%,92.71%,False,1,0,8,258,22,288,-,2.78%,89.58%,7.64%,False,1
3127339,GAMELEIRAS,MG,13,15,317,345,3.77%,4.35%,91.88%,False,1,3,5,312,25,345,0.87%,1.45%,90.43%,7.25%,False,1
3127354,GLAUCILANDIA,MG,5,13,127,145,3.45%,8.97%,87.59%,False,1,1,6,109,29,145,0.69%,4.14%,75.17%,20%,False,1
3127370,GOIABEIRA,MG,2,3,192,197,1.02%,1.52%,97.46%,False,1,0,3,176,18,197,-,1.52%,89.34%,9.14%,False,1
3127388,GOIANA,MG,6,5,112,123,4.88%,4.07%,91.06%,False,1,0,2,113,8,123,-,1.63%,91.87%,6.5%,False,1
3127404,GONCALVES,MG,1,9,181,191,0.52%,4.71%,94.76%,False,1,0,4,177,10,191,-,2.09%,92.67%,5.24%,False,1
3127503,GONZAGA,MG,3,11,284,298,1.01%,3.69%,95.3%,False,1,1,3,270,24,298,0.34%,1.01%,90.6%,8.05%,False,1
3127602,GOUVEIA,MG,18,29,517,564,3.19%,5.14%,91.67%,False,1,2,16,515,31,564,0.35%,2.84%,91.31%,5.5%,False,1
3127701,GOVERNADOR VALADARES,MG,234,423,6.274,6.931,3.38%,6.1%,90.52%,True,1,71,170,6262,466,6969,1.02%,2.44%,89.86%,6.69%,False,1
3127800,GRAO MOGOL,MG,18,26,684,728,2.47%,3.57%,93.96%,False,1,7,16,673,32,728,0.96%,2.2%,92.45%,4.4%,False,1
3127909,GRUPIARA,MG,0,1,57,58,-,1.72%,98.28%,False,1,0,1,50,7,58,-,1.72%,86.21%,12.07%,False,1
3128006,GUANHAES,MG,56,91,1.411,1.558,3.59%,5.84%,90.56%,True,1,9,34,1398,117,1558,0.58%,2.18%,89.73%,7.51%,False,1
3128105,GUAPE,MG,14,27,620,661,2.12%,4.08%,93.8%,False,1,3,10,606,42,661,0.45%,1.51%,91.68%,6.35%,False,1
3128204,GUARACIABA,MG,13,11,297,321,4.05%,3.43%,92.52%,False,1,3,5,287,26,321,0.93%,1.56%,89.41%,8.1%,False,1
3128253,GUARACIAMA,MG,10,11,222,243,4.12%,4.53%,91.36%,False,1,0,5,216,22,243,-,2.06%,88.89%,9.05%,False,1
3128303,GUARANESIA,MG,36,61,733,830,4.34%,7.35%,88.31%,False,1,11,37,724,58,830,1.33%,4.46%,87.23%,6.99%,False,1
3128402,GUARANI,MG,6,12,258,276,2.17%,4.35%,93.48%,False,1,0,6,242,28,276,-,2.17%,87.68%,10.14%,False,1
3128501,GUARARA,MG,5,5,180,190,2.63%,2.63%,94.74%,False,1,1,2,167,20,190,0.53%,1.05%,87.89%,10.53%,False,1
3128600,GUARDA-MOR,MG,9,18,349,376,2.39%,4.79%,92.82%,False,1,4,7,334,31,376,1.06%,1.86%,88.83%,8.24%,False,1
3128709,GUAXUPE,MG,29,35,516,580,5%,6.03%,88.97%,False,1,9,19,515,37,580,1.55%,3.28%,88.79%,6.38%,False,1
3128808,GUIDOVAL,MG,57,61,366,484,11.78%,12.6%,75.62%,False,1,6,16,423,39,484,1.24%,3.31%,87.4%,8.06%,False,1
3128907,GUIMARANIA,MG,11,26,480,517,2.13%,5.03%,92.84%,False,1,5,4,468,40,517,0.97%,0.77%,90.52%,7.74%,False,1
3129004,GUIRICEMA,MG,10,27,321,358,2.79%,7.54%,89.66%,False,1,1,10,321,26,358,0.28%,2.79%,89.66%,7.26%,False,1
3129103,GURINHATA,MG,9,4,180,193,4.66%,2.07%,93.26%,False,1,1,2,175,15,193,0.52%,1.04%,90.67%,7.77%,False,1
3129202,HELIODORA,MG,4,12,252,268,1.49%,4.48%,94.03%,False,1,0,6,232,30,268,-,2.24%,86.57%,11.19%,False,1
3129301,IAPU,MG,20,29,592,641,3.12%,4.52%,92.36%,False,1,3,9,593,36,641,0.47%,1.4%,92.51%,5.62%,False,1
3129400,IBERTIOGA,MG,8,15,200,223,3.59%,6.73%,89.69%,False,1,0,7,205,11,223,-,3.14%,91.93%,4.93%,False,1
3129509,IBIA,MG,24,55,1.001,1.08,2.22%,5.09%,92.69%,True,1,4,17,983,76,1080,0.37%,1.57%,91.02%,7.04%,False,1
3129608,IBIAI,MG,16,15,366,397,4.03%,3.78%,92.19%,False,1,3,8,350,36,397,0.76%,2.02%,88.16%,9.07%,False,1
3129657,IBIRACATU,MG,35,37,239,311,11.25%,11.9%,76.85%,False,1,1,18,275,17,311,0.32%,5.79%,88.42%,5.47%,False,1
3129707,IBIRACI,MG,20,31,645,696,2.87%,4.45%,92.67%,False,1,3,13,633,47,696,0.43%,1.87%,90.95%,6.75%,False,1
3129806,IBIRITE,MG,237,365,5.622,6.224,3.81%,5.86%,90.33%,True,1,58,173,5572,421,6224,0.93%,2.78%,89.52%,6.76%,False,1
3129905,IBITIURA DE MINAS,MG,10,8,115,133,7.52%,6.02%,86.47%,False,1,3,0,120,10,133,2.26%,-,90.23%,7.52%,False,1
3130002,IBITURUNA,MG,5,6,110,121,4.13%,4.96%,90.91%,False,1,2,1,110,8,121,1.65%,0.83%,90.91%,6.61%,False,1
3130051,ICARAI DE MINAS,MG,15,26,496,537,2.79%,4.84%,92.36%,False,1,3,11,482,41,537,0.56%,2.05%,89.76%,7.64%,False,1
3130101,IGARAPE,MG,116,157,1.5,1.773,6.54%,8.86%,84.6%,True,1,34,49,1581,109,1773,1.92%,2.76%,89.17%,6.15%,False,1
3130200,IGARATINGA,MG,18,47,552,617,2.92%,7.62%,89.47%,False,1,5,16,551,45,617,0.81%,2.59%,89.3%,7.29%,False,1
3130309,IGUATAMA,MG,7,13,238,258,2.71%,5.04%,92.25%,False,1,0,3,227,28,258,-,1.16%,87.98%,10.85%,False,1
3130408,IJACI,MG,11,15,341,367,3%,4.09%,92.92%,False,1,3,4,333,27,367,0.82%,1.09%,90.74%,7.36%,False,1
3130507,ILICINEA,MG,23,34,569,626,3.67%,5.43%,90.89%,False,1,4,15,563,44,626,0.64%,2.4%,89.94%,7.03%,False,1
3130556,IMBE DE MINAS,MG,18,25,412,455,3.96%,5.49%,90.55%,False,1,2,8,409,36,455,0.44%,1.76%,89.89%,7.91%,False,1
3130606,INCONFIDENTES,MG,8,15,313,336,2.38%,4.46%,93.15%,False,1,1,8,301,26,336,0.3%,2.38%,89.58%,7.74%,False,1
3130655,INDAIABIRA,MG,9,17,345,371,2.43%,4.58%,92.99%,False,1,1,12,337,21,371,0.27%,3.23%,90.84%,5.66%,False,1
3130705,INDIANOPOLIS,MG,11,17,214,242,4.55%,7.02%,88.43%,False,1,0,3,225,14,242,-,1.24%,92.98%,5.79%,False,1
3130804,INGAI,MG,4,4,153,161,2.48%,2.48%,95.03%,False,1,3,6,140,12,161,1.86%,3.73%,86.96%,7.45%,False,1
3130903,INHAPIM,MG,69,65,1,1.134,6.08%,5.73%,88.18%,True,1,14,20,983,117,1134,1.23%,1.76%,86.68%,10.32%,False,1
3131000,INHAUMA,MG,7,11,295,313,2.24%,3.51%,94.25%,False,1,0,6,281,26,313,-,1.92%,89.78%,8.31%,False,1
3131109,INIMUTABA,MG,15,21,337,373,4.02%,5.63%,90.35%,False,1,2,14,319,38,373,0.54%,3.75%,85.52%,10.19%,False,1
3131158,IPABA,MG,64,79,753,896,7.14%,8.82%,84.04%,False,1,5,16,808,67,896,0.56%,1.79%,90.18%,7.48%,False,1
3131208,IPANEMA,MG,34,57,756,847,4.01%,6.73%,89.26%,False,1,12,26,744,65,847,1.42%,3.07%,87.84%,7.67%,False,1
3131307,IPATINGA,MG,669,540,6.388,7.597,8.81%,7.11%,84.09%,True,1,301,241,6535,523,7600,3.96%,3.17%,85.99%,6.88%,False,1
3131406,IPIACU,MG,3,3,175,181,1.66%,1.66%,96.69%,False,1,1,1,156,23,181,0.55%,0.55%,86.19%,12.71%,False,1
3131505,IPUIUNA,MG,25,34,390,449,5.57%,7.57%,86.86%,False,1,5,7,406,31,449,1.11%,1.56%,90.42%,6.9%,False,1
3131604,IRAI DE MINAS,MG,19,23,419,461,4.12%,4.99%,90.89%,False,1,1,11,429,20,461,0.22%,2.39%,93.06%,4.34%,False,1
3131703,ITABIRA,MG,80,181,3.01,3.271,2.45%,5.53%,92.02%,True,1,27,79,2976,189,3271,0.83%,2.42%,90.98%,5.78%,False,1
3131802,ITABIRINHA,MG,45,48,469,562,8.01%,8.54%,83.45%,False,1,10,12,497,43,562,1.78%,2.14%,88.43%,7.65%,False,1
3131901,ITABIRITO,MG,136,188,2.206,2.53,5.38%,7.43%,87.19%,True,1,23,68,2245,194,2530,0.91%,2.69%,88.74%,7.67%,False,1
3132008,ITACAMBIRA,MG,9,13,144,166,5.42%,7.83%,86.75%,False,1,3,4,150,9,166,1.81%,2.41%,90.36%,5.42%,False,1
3132107,ITACARAMBI,MG,50,73,874,997,5.02%,7.32%,87.66%,False,1,7,34,912,44,997,0.7%,3.41%,91.47%,4.41%,False,1
3132206,ITAGUARA,MG,14,18,423,455,3.08%,3.96%,92.97%,False,1,1,7,402,45,455,0.22%,1.54%,88.35%,9.89%,False,1
3132305,ITAIPE,MG,38,39,652,729,5.21%,5.35%,89.44%,False,1,8,11,669,41,729,1.1%,1.51%,91.77%,5.62%,False,1
3132404,ITAJUBA,MG,121,214,3.281,3.616,3.35%,5.92%,90.74%,True,1,32,64,3308,212,3616,0.88%,1.77%,91.48%,5.86%,False,1
3132503,ITAMARANDIBA,MG,57,94,1.888,2.039,2.8%,4.61%,92.59%,True,1,19,46,1859,115,2039,0.93%,2.26%,91.17%,5.64%,False,1
3132602,ITAMARATI DE MINAS,MG,5,12,136,153,3.27%,7.84%,88.89%,False,1,1,1,142,9,153,0.65%,0.65%,92.81%,5.88%,False,1
3132701,ITAMBACURI,MG,78,95,1.095,1.268,6.15%,7.49%,86.36%,True,1,15,34,1128,91,1268,1.18%,2.68%,88.96%,7.18%,False,1
3132800,ITAMBE DO MATO DENTRO,MG,1,3,87,91,1.1%,3.3%,95.6%,False,1,1,3,84,3,91,1.1%,3.3%,92.31%,3.3%,False,1
3132909,ITAMOGI,MG,8,23,402,433,1.85%,5.31%,92.84%,False,1,3,5,388,37,433,0.69%,1.15%,89.61%,8.55%,False,1
3133006,ITAMONTE,MG,36,39,602,677,5.32%,5.76%,88.92%,False,1,4,21,597,55,677,0.59%,3.1%,88.18%,8.12%,False,1
3133105,ITANHANDU,MG,9,15,495,519,1.73%,2.89%,95.38%,False,1,5,12,473,29,519,0.96%,2.31%,91.14%,5.59%,False,1
3133204,ITANHOMI,MG,23,38,561,622,3.7%,6.11%,90.19%,False,1,4,16,564,38,622,0.64%,2.57%,90.68%,6.11%,False,1
3133303,ITAOBIM,MG,31,37,940,1.008,3.08%,3.67%,93.25%,True,1,8,21,911,68,1008,0.79%,2.08%,90.38%,6.75%,False,1
3133402,ITAPAGIPE,MG,23,22,494,539,4.27%,4.08%,91.65%,False,1,3,3,483,50,539,0.56%,0.56%,89.61%,9.28%,False,1
3133501,ITAPECERICA,MG,17,32,509,558,3.05%,5.73%,91.22%,False,1,1,11,506,40,558,0.18%,1.97%,90.68%,7.17%,False,1
3133600,ITAPEVA,MG,16,22,485,523,3.06%,4.21%,92.73%,False,1,2,8,483,30,523,0.38%,1.53%,92.35%,5.74%,False,1
3133709,ITATIAIUCU,MG,12,27,526,565,2.12%,4.78%,93.1%,False,1,4,15,510,36,565,0.71%,2.65%,90.27%,6.37%,False,1
3133758,ITAU DE MINAS,MG,25,35,345,405,6.17%,8.64%,85.19%,False,1,1,7,372,25,405,0.25%,1.73%,91.85%,6.17%,False,1
3133808,ITAUNA,MG,98,116,2.078,2.292,4.28%,5.06%,90.66%,True,1,22,44,2062,164,2292,0.96%,1.92%,89.97%,7.16%,False,1
3133907,ITAVERAVA,MG,2,15,250,267,0.75%,5.62%,93.63%,False,1,0,2,250,15,267,-,0.75%,93.63%,5.62%,False,1
3134004,ITINGA,MG,25,34,740,799,3.13%,4.26%,92.62%,False,1,7,25,722,45,799,0.88%,3.13%,90.36%,5.63%,False,1
3134103,ITUETA,MG,8,11,337,356,2.25%,3.09%,94.66%,False,1,1,3,319,33,356,0.28%,0.84%,89.61%,9.27%,False,1
3134202,ITUIUTABA,MG,67,117,2.609,2.793,2.4%,4.19%,93.41%,True,1,17,57,2532,187,2793,0.61%,2.04%,90.66%,6.7%,False,1
3134301,ITUMIRIM,MG,2,19,219,240,0.83%,7.92%,91.25%,False,1,0,6,215,19,240,-,2.5%,89.58%,7.92%,False,1
3134400,ITURAMA,MG,49,95,1.39,1.534,3.19%,6.19%,90.61%,True,1,11,28,1389,106,1534,0.72%,1.83%,90.55%,6.91%,False,1
3134509,ITUTINGA,MG,3,9,187,199,1.51%,4.52%,93.97%,False,1,3,2,182,12,199,1.51%,1.01%,91.46%,6.03%,False,1
3134608,JABOTICATUBAS,MG,31,45,704,780,3.97%,5.77%,90.26%,False,1,6,27,695,52,780,0.77%,3.46%,89.1%,6.67%,False,1
3134707,JACINTO,MG,13,18,381,412,3.16%,4.37%,92.48%,False,1,2,7,361,42,412,0.49%,1.7%,87.62%,10.19%,False,1
3134806,JACUI,MG,3,11,268,282,1.06%,3.9%,95.04%,False,1,1,4,248,29,282,0.35%,1.42%,87.94%,10.28%,False,1
3134905,JACUTINGA,MG,26,51,935,1.012,2.57%,5.04%,92.39%,True,1,6,19,917,70,1012,0.59%,1.88%,90.61%,6.92%,False,1
3135001,JAGUARACU,MG,1,3,99,103,0.97%,2.91%,96.12%,False,1,0,0,96,7,103,-,-,93.2%,6.8%,False,1
3135050,JAIBA,MG,83,141,2.665,2.889,2.87%,4.88%,92.25%,True,1,20,72,2617,180,2889,0.69%,2.49%,90.58%,6.23%,False,1
3135076,JAMPRUCA,MG,7,4,212,223,3.14%,1.79%,95.07%,False,1,2,2,197,22,223,0.9%,0.9%,88.34%,9.87%,False,1
3135100,JANAUBA,MG,151,211,3.431,3.793,3.98%,5.56%,90.46%,True,1,27,69,3412,285,3793,0.71%,1.82%,89.96%,7.51%,False,1
3135209,JANUARIA,MG,213,256,2.836,3.305,6.44%,7.75%,85.81%,True,1,45,133,2918,209,3305,1.36%,4.02%,88.29%,6.32%,False,1
3135308,JAPARAIBA,MG,4,8,229,241,1.66%,3.32%,95.02%,False,1,0,4,223,14,241,-,1.66%,92.53%,5.81%,False,1
3135357,JAPONVAR,MG,6,10,442,458,1.31%,2.18%,96.51%,False,1,2,6,416,34,458,0.44%,1.31%,90.83%,7.42%,False,1
3135407,JECEABA,MG,7,15,227,249,2.81%,6.02%,91.16%,False,1,1,3,232,13,249,0.4%,1.2%,93.17%,5.22%,False,1
3135456,JENIPAPO DE MINAS,MG,5,8,330,343,1.46%,2.33%,96.21%,False,1,4,4,320,15,343,1.17%,1.17%,93.29%,4.37%,False,1
3135506,JEQUERI,MG,39,34,535,608,6.41%,5.59%,87.99%,False,1,1,22,530,55,608,0.16%,3.62%,87.17%,9.05%,False,1
3135605,JEQUITAI,MG,16,13,264,293,5.46%,4.44%,90.1%,False,1,4,4,262,23,293,1.37%,1.37%,89.42%,7.85%,False,1
3135704,JEQUITIBA,MG,6,5,293,304,1.97%,1.64%,96.38%,False,1,1,3,272,28,304,0.33%,0.99%,89.47%,9.21%,False,1
3135803,JEQUITINHONHA,MG,26,52,1.091,1.169,2.22%,4.45%,93.33%,True,1,5,32,1064,68,1169,0.43%,2.74%,91.02%,5.82%,False,1
3135902,JESUANIA,MG,5,10,241,256,1.95%,3.91%,94.14%,False,1,2,5,222,27,256,0.78%,1.95%,86.72%,10.55%,False,1
3136009,JOAIMA,MG,17,51,758,826,2.06%,6.17%,91.77%,False,1,7,14,765,40,826,0.85%,1.69%,92.62%,4.84%,False,1
3136108,JOANESIA,MG,9,14,144,167,5.39%,8.38%,86.23%,False,1,1,2,148,16,167,0.6%,1.2%,88.62%,9.58%,False,1
3136207,JOAO MONLEVADE,MG,77,115,1.659,1.851,4.16%,6.21%,89.63%,True,1,21,48,1675,107,1851,1.13%,2.59%,90.49%,5.78%,False,1
3136306,JOAO PINHEIRO,MG,91,121,1.772,1.984,4.59%,6.1%,89.31%,True,1,15,43,1775,151,1984,0.76%,2.17%,89.47%,7.61%,False,1
3136405,JOAQUIM FELICIO,MG,10,18,184,212,4.72%,8.49%,86.79%,False,1,2,5,183,22,212,0.94%,2.36%,86.32%,10.38%,False,1
3136504,JORDANIA,MG,12,32,439,483,2.48%,6.63%,90.89%,False,1,6,9,447,21,483,1.24%,1.86%,92.55%,4.35%,False,1
3136520,JOSE GONCALVES DE MINAS,MG,1,3,167,171,0.58%,1.75%,97.66%,False,1,0,3,158,10,171,-,1.75%,92.4%,5.85%,False,1
3136553,JOSE RAYDAN,MG,4,9,182,195,2.05%,4.62%,93.33%,False,1,0,3,171,21,195,-,1.54%,87.69%,10.77%,False,1
3136579,JOSENOPOLIS,MG,8,10,127,145,5.52%,6.9%,87.59%,False,1,1,6,126,12,145,0.69%,4.14%,86.9%,8.28%,False,1
3136603,NOVA UNIAO,MG,11,16,310,337,3.26%,4.75%,91.99%,False,1,1,4,319,13,337,0.3%,1.19%,94.66%,3.86%,False,1
3136652,JUATUBA,MG,75,87,1.159,1.321,5.68%,6.59%,87.74%,True,1,11,23,1194,93,1321,0.83%,1.74%,90.39%,7.04%,False,1
3136702,JUIZ DE FORA,MG,274,510,8.677,9.461,2.9%,5.39%,91.71%,True,1,65,174,8558,664,9461,0.69%,1.84%,90.46%,7.02%,False,1
3136801,JURAMENTO,MG,17,14,166,197,8.63%,7.11%,84.26%,False,1,0,4,174,19,197,-,2.03%,88.32%,9.64%,False,1
3136900,JURUAIA,MG,16,25,314,355,4.51%,7.04%,88.45%,False,1,1,6,323,25,355,0.28%,1.69%,90.99%,7.04%,False,1
3136959,JUVENILIA,MG,19,13,324,356,5.34%,3.65%,91.01%,False,1,5,8,327,16,356,1.4%,2.25%,91.85%,4.49%,False,1
3137007,LADAINHA,MG,37,77,650,764,4.84%,10.08%,85.08%,False,1,9,13,697,45,764,1.18%,1.7%,91.23%,5.89%,False,1
3137106,LAGAMAR,MG,11,3,212,226,4.87%,1.33%,93.81%,False,1,1,8,202,15,226,0.44%,3.54%,89.38%,6.64%,False,1
3137205,LAGOA DA PRATA,MG,39,66,1.29,1.395,2.8%,4.73%,92.47%,True,1,7,32,1267,90,1396,0.5%,2.29%,90.76%,6.45%,False,1
3137304,LAGOA DOS PATOS,MG,19,10,171,200,9.5%,5%,85.5%,False,1,2,11,160,27,200,1%,5.5%,80%,13.5%,False,1
3137403,LAGOA DOURADA,MG,18,27,461,506,3.56%,5.34%,91.11%,False,1,1,15,462,28,506,0.2%,2.96%,91.3%,5.53%,False,1
3137502,LAGOA FORMOSA,MG,36,59,763,858,4.2%,6.88%,88.93%,False,1,7,28,773,50,858,0.82%,3.26%,90.09%,5.83%,False,1
3137536,LAGOA GRANDE,MG,10,26,317,353,2.83%,7.37%,89.8%,False,1,4,4,322,23,353,1.13%,1.13%,91.22%,6.52%,False,1
3137601,LAGOA SANTA,MG,99,165,2.272,2.536,3.9%,6.51%,89.59%,True,1,19,56,2309,152,2536,0.75%,2.21%,91.05%,5.99%,False,1
3137700,LAJINHA,MG,62,73,868,1.003,6.18%,7.28%,86.54%,True,1,14,20,865,104,1003,1.4%,1.99%,86.24%,10.37%,False,1
3137809,LAMBARI,MG,42,50,632,724,5.8%,6.91%,87.29%,False,1,11,12,632,69,724,1.52%,1.66%,87.29%,9.53%,False,1
3137908,LAMIM,MG,14,12,114,140,10%,8.57%,81.43%,False,1,5,4,126,5,140,3.57%,2.86%,90%,3.57%,False,1
3138005,LARANJAL,MG,7,3,133,143,4.9%,2.1%,93.01%,False,1,1,2,123,17,143,0.7%,1.4%,86.01%,11.89%,False,1
3138104,LASSANCE,MG,13,20,382,415,3.13%,4.82%,92.05%,False,1,5,9,365,36,415,1.2%,2.17%,87.95%,8.67%,False,1
3138203,LAVRAS,MG,84,137,2.112,2.333,3.6%,5.87%,90.53%,True,1,43,53,2057,180,2333,1.84%,2.27%,88.17%,7.72%,False,1
3138302,LEANDRO FERREIRA,MG,0,4,199,203,-,1.97%,98.03%,False,1,0,2,193,8,203,-,0.99%,95.07%,3.94%,False,1
3138351,LEME DO PRADO,MG,5,9,215,229,2.18%,3.93%,93.89%,False,1,3,2,202,22,229,1.31%,0.87%,88.21%,9.61%,False,1
3138401,LEOPOLDINA,MG,47,77,1.23,1.354,3.47%,5.69%,90.84%,True,1,12,36,1212,94,1354,0.89%,2.66%,89.51%,6.94%,False,1
3138500,LIBERDADE,MG,10,7,143,160,6.25%,4.38%,89.38%,False,1,3,8,134,15,160,1.88%,5%,83.75%,9.38%,False,1
3138609,LIMA DUARTE,MG,11,33,367,411,2.68%,8.03%,89.29%,False,1,10,8,353,40,411,2.43%,1.95%,85.89%,9.73%,False,1
3138625,LIMEIRA DO OESTE,MG,7,12,377,396,1.77%,3.03%,95.2%,False,1,1,3,352,40,396,0.25%,0.76%,88.89%,10.1%,False,1
3138658,LONTRA,MG,14,25,527,566,2.47%,4.42%,93.11%,False,1,5,7,525,29,566,0.88%,1.24%,92.76%,5.12%,False,1
3138674,LUISBURGO,MG,11,20,521,552,1.99%,3.62%,94.38%,False,1,3,4,509,36,552,0.54%,0.72%,92.21%,6.52%,False,1
3138682,LUISLANDIA,MG,13,26,357,396,3.28%,6.57%,90.15%,False,1,4,6,345,41,396,1.01%,1.52%,87.12%,10.35%,False,1
3138708,LUMINARIAS,MG,9,21,217,247,3.64%,8.5%,87.85%,False,1,3,2,220,22,247,1.21%,0.81%,89.07%,8.91%,False,1
3138807,LUZ,MG,8,33,707,748,1.07%,4.41%,94.52%,False,1,1,12,678,57,748,0.13%,1.6%,90.64%,7.62%,False,1
3138906,MACHACALIS,MG,30,28,334,392,7.65%,7.14%,85.2%,False,1,5,8,335,44,392,1.28%,2.04%,85.46%,11.22%,False,1
3139003,MACHADO,MG,101,133,1.611,1.845,5.47%,7.21%,87.32%,True,1,17,50,1664,114,1845,0.92%,2.71%,90.19%,6.18%,False,1
3139102,MADRE DE DEUS DE MINAS,MG,8,6,111,125,6.4%,4.8%,88.8%,False,1,4,9,105,7,125,3.2%,7.2%,84%,5.6%,False,1
3139201,MALACACHETA,MG,22,49,659,730,3.01%,6.71%,90.27%,False,1,7,23,654,46,730,0.96%,3.15%,89.59%,6.3%,False,1
3139250,MAMONAS,MG,2,10,227,239,0.84%,4.18%,94.98%,False,1,0,2,216,21,239,-,0.84%,90.38%,8.79%,False,1
3139300,MANGA,MG,58,82,1.239,1.379,4.21%,5.95%,89.85%,True,1,22,39,1244,74,1379,1.6%,2.83%,90.21%,5.37%,False,1
3139409,MANHUACU,MG,164,249,3.078,3.491,4.7%,7.13%,88.17%,True,1,31,75,3106,279,3491,0.89%,2.15%,88.97%,7.99%,False,1
3139508,MANHUMIRIM,MG,35,36,711,782,4.48%,4.6%,90.92%,False,1,4,17,681,80,782,0.51%,2.17%,87.08%,10.23%,False,1
3139607,MANTENA,MG,29,69,936,1.034,2.8%,6.67%,90.52%,True,1,2,14,944,74,1034,0.19%,1.35%,91.3%,7.16%,False,1
3139706,MARAVILHAS,MG,16,16,345,377,4.24%,4.24%,91.51%,False,1,7,8,337,25,377,1.86%,2.12%,89.39%,6.63%,False,1
3139805,MAR DE ESPANHA,MG,27,28,500,555,4.86%,5.05%,90.09%,False,1,8,21,471,55,555,1.44%,3.78%,84.86%,9.91%,False,1
3139904,MARIA DA FE,MG,18,33,683,734,2.45%,4.5%,93.05%,False,1,3,8,672,51,734,0.41%,1.09%,91.55%,6.95%,False,1
3140001,MARIANA,MG,48,116,2.11,2.274,2.11%,5.1%,92.79%,True,1,22,49,2068,136,2275,0.97%,2.15%,90.9%,5.98%,False,1
3140100,MARILAC,MG,11,7,302,320,3.44%,2.19%,94.38%,False,1,3,10,268,39,320,0.94%,3.13%,83.75%,12.19%,False,1
3140159,MARIO CAMPOS,MG,21,22,390,433,4.85%,5.08%,90.07%,False,1,5,14,387,27,433,1.15%,3.23%,89.38%,6.24%,False,1
3140209,MARIPA DE MINAS,MG,0,8,161,169,-,4.73%,95.27%,False,1,1,3,153,12,169,0.59%,1.78%,90.53%,7.1%,False,1
3140308,MARLIERIA,MG,6,9,178,193,3.11%,4.66%,92.23%,False,1,0,3,170,20,193,-,1.55%,88.08%,10.36%,False,1
3140407,MARMELOPOLIS,MG,1,4,106,111,0.9%,3.6%,95.5%,False,1,0,3,102,6,111,-,2.7%,91.89%,5.41%,False,1
3140506,MARTINHO CAMPOS,MG,14,28,490,532,2.63%,5.26%,92.11%,False,1,3,14,473,42,532,0.56%,2.63%,88.91%,7.89%,False,1
3140530,MARTINS SOARES,MG,48,37,384,469,10.23%,7.89%,81.88%,False,1,8,18,408,35,469,1.71%,3.84%,86.99%,7.46%,False,1
3140555,MATA VERDE,MG,13,18,424,455,2.86%,3.96%,93.19%,False,1,5,7,413,30,455,1.1%,1.54%,90.77%,6.59%,False,1
3140605,MATERLANDIA,MG,6,10,193,209,2.87%,4.78%,92.34%,False,1,2,3,184,20,209,0.96%,1.44%,88.04%,9.57%,False,1
3140704,MATEUS LEME,MG,45,92,1.278,1.415,3.18%,6.5%,90.32%,True,1,8,31,1263,112,1414,0.57%,2.19%,89.32%,7.92%,False,1
3140803,MATIAS BARBOSA,MG,8,30,480,518,1.54%,5.79%,92.66%,False,1,2,9,468,39,518,0.39%,1.74%,90.35%,7.53%,False,1
3140852,MATIAS CARDOSO,MG,36,36,503,575,6.26%,6.26%,87.48%,False,1,9,20,502,44,575,1.57%,3.48%,87.3%,7.65%,False,1
3140902,MATIPO,MG,45,57,1.046,1.148,3.92%,4.97%,91.11%,True,1,6,17,990,135,1148,0.52%,1.48%,86.24%,11.76%,False,1
3141009,MATO VERDE,MG,36,51,634,721,4.99%,7.07%,87.93%,False,1,10,25,609,77,721,1.39%,3.47%,84.47%,10.68%,False,1
3141108,MATOZINHOS,MG,28,53,833,914,3.06%,5.8%,91.14%,False,1,6,26,812,70,914,0.66%,2.84%,88.84%,7.66%,False,1
3141207,MATUTINA,MG,3,8,183,194,1.55%,4.12%,94.33%,False,1,0,7,180,7,194,-,3.61%,92.78%,3.61%,False,1
3141306,MEDEIROS,MG,1,9,159,169,0.59%,5.33%,94.08%,False,1,1,0,146,22,169,0.59%,-,86.39%,13.02%,False,1
3141405,MEDINA,MG,37,50,913,1,3.7%,5%,91.3%,True,1,5,13,921,61,1000,0.5%,1.3%,92.1%,6.1%,False,1
3141504,MENDES PIMENTEL,MG,5,7,133,145,3.45%,4.83%,91.72%,False,1,0,1,134,10,145,-,0.69%,92.41%,6.9%,False,1
3141603,MERCES,MG,14,15,284,313,4.47%,4.79%,90.73%,False,1,2,9,286,16,313,0.64%,2.88%,91.37%,5.11%,False,1
3141702,MESQUITA,MG,5,6,180,191,2.62%,3.14%,94.24%,False,1,1,1,168,21,191,0.52%,0.52%,87.96%,10.99%,False,1
3141801,MINAS NOVAS,MG,30,49,1.224,1.303,2.3%,3.76%,93.94%,True,1,6,24,1216,57,1303,0.46%,1.84%,93.32%,4.37%,False,1
3141900,MINDURI,MG,0,8,155,163,-,4.91%,95.09%,False,1,1,0,155,7,163,0.61%,-,95.09%,4.29%,False,1
3142007,MIRABELA,MG,24,46,522,592,4.05%,7.77%,88.18%,False,1,6,14,523,49,592,1.01%,2.36%,88.34%,8.28%,False,1
3142106,MIRADOURO,MG,7,16,358,381,1.84%,4.2%,93.96%,False,1,1,3,337,40,381,0.26%,0.79%,88.45%,10.5%,False,1
3142205,MIRAI,MG,11,25,494,530,2.08%,4.72%,93.21%,False,1,4,7,467,52,530,0.75%,1.32%,88.11%,9.81%,False,1
3142254,MIRAVANIA,MG,6,13,188,207,2.9%,6.28%,90.82%,False,1,0,5,189,13,207,-,2.42%,91.3%,6.28%,False,1
3142304,MOEDA,MG,2,17,223,242,0.83%,7.02%,92.15%,False,1,2,4,226,10,242,0.83%,1.65%,93.39%,4.13%,False,1
3142403,MOEMA,MG,13,16,363,392,3.32%,4.08%,92.6%,False,1,4,5,357,26,392,1.02%,1.28%,91.07%,6.63%,False,1
3142502,MONJOLOS,MG,4,2,82,88,4.55%,2.27%,93.18%,False,1,0,2,81,5,88,-,2.27%,92.05%,5.68%,False,1
3142601,MONSENHOR PAULO,MG,13,23,284,320,4.06%,7.19%,88.75%,False,1,7,4,285,24,320,2.19%,1.25%,89.06%,7.5%,False,1
3142700,MONTALVANIA,MG,20,35,826,881,2.27%,3.97%,93.76%,False,1,8,15,814,44,881,0.91%,1.7%,92.4%,4.99%,False,1
3142809,MONTE ALEGRE DE MINAS,MG,17,32,424,473,3.59%,6.77%,89.64%,False,1,6,11,427,29,473,1.27%,2.33%,90.27%,6.13%,False,1
3142908,MONTE AZUL,MG,57,58,898,1.013,5.63%,5.73%,88.65%,True,1,10,13,921,69,1013,0.99%,1.28%,90.92%,6.81%,False,1
3143005,MONTE BELO,MG,11,14,449,474,2.32%,2.95%,94.73%,False,1,3,12,422,37,474,0.63%,2.53%,89.03%,7.81%,False,1
3143104,MONTE CARMELO,MG,61,102,1.699,1.862,3.28%,5.48%,91.25%,True,1,11,31,1690,130,1862,0.59%,1.66%,90.76%,6.98%,False,1
3143153,MONTE FORMOSO,MG,11,21,239,271,4.06%,7.75%,88.19%,False,1,1,5,249,16,271,0.37%,1.85%,91.88%,5.9%,False,1
3143203,MONTE SANTO DE MINAS,MG,12,35,979,1.026,1.17%,3.41%,95.42%,True,1,3,17,933,73,1026,0.29%,1.66%,90.94%,7.12%,False,1
3143302,MONTES CLAROS,MG,581,754,14.1,15.435,3.76%,4.89%,91.35%,True,1,134,409,13742,1150,15435,0.87%,2.65%,89.03%,7.45%,False,1
3143401,MONTE SIAO,MG,46,64,723,833,5.52%,7.68%,86.79%,False,1,12,25,738,58,833,1.44%,3%,88.6%,6.96%,False,1
3143450,MONTEZUMA,MG,11,21,373,405,2.72%,5.19%,92.1%,False,1,3,9,366,27,405,0.74%,2.22%,90.37%,6.67%,False,1
3143500,MORADA NOVA DE MINAS,MG,14,22,497,533,2.63%,4.13%,93.25%,False,1,5,8,467,53,533,0.94%,1.5%,87.62%,9.94%,False,1
3143609,MORRO DA GARCA,MG,2,8,67,77,2.6%,10.39%,87.01%,False,1,3,3,67,4,77,3.9%,3.9%,87.01%,5.19%,False,1
3143708,MORRO DO PILAR,MG,12,9,141,162,7.41%,5.56%,87.04%,False,1,2,2,141,17,162,1.23%,1.23%,87.04%,10.49%,False,1
3143807,MUNHOZ,MG,12,30,349,391,3.07%,7.67%,89.26%,False,1,5,5,367,14,391,1.28%,1.28%,93.86%,3.58%,False,1
3143906,MURIAE,MG,279,357,4.104,4.74,5.89%,7.53%,86.58%,True,1,62,132,4204,342,4740,1.31%,2.78%,88.69%,7.22%,False,1
3144003,MUTUM,MG,40,80,1.24,1.36,2.94%,5.88%,91.18%,True,1,11,23,1228,98,1360,0.81%,1.69%,90.29%,7.21%,False,1
3144102,MUZAMBINHO,MG,21,32,510,563,3.73%,5.68%,90.59%,False,1,5,16,505,37,563,0.89%,2.84%,89.7%,6.57%,False,1
3144201,NACIP RAYDAN,MG,3,6,109,118,2.54%,5.08%,92.37%,False,1,0,0,109,9,118,-,-,92.37%,7.63%,False,1
3144300,NANUQUE,MG,57,99,1.362,1.518,3.75%,6.52%,89.72%,True,1,14,30,1331,143,1518,0.92%,1.98%,87.68%,9.42%,False,1
3144359,NAQUE,MG,14,20,442,476,2.94%,4.2%,92.86%,False,1,3,5,417,51,476,0.63%,1.05%,87.61%,10.71%,False,1
3144375,NATALANDIA,MG,2,6,299,307,0.65%,1.95%,97.39%,False,1,0,3,287,17,307,-,0.98%,93.49%,5.54%,False,1
3144409,NATERCIA,MG,2,5,195,202,0.99%,2.48%,96.53%,False,1,0,2,182,18,202,-,0.99%,90.1%,8.91%,False,1
3144508,NAZARENO,MG,10,17,274,301,3.32%,5.65%,91.03%,False,1,0,6,270,25,301,-,1.99%,89.7%,8.31%,False,1
3144607,NEPOMUCENO,MG,29,57,1.014,1.1,2.64%,5.18%,92.18%,True,1,7,14,995,84,1100,0.64%,1.27%,90.45%,7.64%,False,1
3144656,NINHEIRA,MG,13,18,576,607,2.14%,2.97%,94.89%,False,1,0,9,557,41,607,-,1.48%,91.76%,6.75%,False,1
3144672,NOVA BELEM,MG,11,19,181,211,5.21%,9%,85.78%,False,1,5,7,188,11,211,2.37%,3.32%,89.1%,5.21%,False,1
3144706,NOVA ERA,MG,13,28,598,639,2.03%,4.38%,93.58%,False,1,4,12,576,47,639,0.63%,1.88%,90.14%,7.36%,False,1
3144805,NOVA LIMA,MG,74,195,3.06,3.329,2.22%,5.86%,91.92%,True,1,17,78,3078,156,3329,0.51%,2.34%,92.46%,4.69%,False,1
3144904,NOVA MODICA,MG,2,6,195,203,0.99%,2.96%,96.06%,False,1,0,0,184,19,203,-,-,90.64%,9.36%,False,1
3145000,NOVA PONTE,MG,36,51,508,595,6.05%,8.57%,85.38%,False,1,11,25,496,63,595,1.85%,4.2%,83.36%,10.59%,False,1
3145059,NOVA PORTEIRINHA,MG,11,19,403,433,2.54%,4.39%,93.07%,False,1,2,4,406,21,433,0.46%,0.92%,93.76%,4.85%,False,1
3145109,NOVA RESENDE,MG,19,48,829,896,2.12%,5.36%,92.52%,False,1,4,18,816,58,896,0.45%,2.01%,91.07%,6.47%,False,1
3145208,NOVA SERRANA,MG,221,351,5.551,6.123,3.61%,5.73%,90.66%,True,1,42,146,5606,329,6123,0.69%,2.38%,91.56%,5.37%,False,1
3145307,NOVO CRUZEIRO,MG,38,79,1.157,1.274,2.98%,6.2%,90.82%,True,1,7,29,1170,68,1274,0.55%,2.28%,91.84%,5.34%,False,1
3145356,NOVO ORIENTE DE MINAS,MG,19,29,358,406,4.68%,7.14%,88.18%,False,1,6,10,358,32,406,1.48%,2.46%,88.18%,7.88%,False,1
3145372,NOVORIZONTE,MG,11,18,318,347,3.17%,5.19%,91.64%,False,1,3,8,324,12,347,0.86%,2.31%,93.37%,3.46%,False,1
3145406,OLARIA,MG,4,3,38,45,8.89%,6.67%,84.44%,False,1,0,1,39,5,45,-,2.22%,86.67%,11.11%,False,1
3145455,OLHOS-D'AGUA,MG,1,11,218,230,0.43%,4.78%,94.78%,False,1,0,5,203,22,230,-,2.17%,88.26%,9.57%,False,1
3145505,OLIMPIO NORONHA,MG,2,6,144,152,1.32%,3.95%,94.74%,False,1,1,7,134,10,152,0.66%,4.61%,88.16%,6.58%,False,1
3145604,OLIVEIRA,MG,56,103,1.28,1.439,3.89%,7.16%,88.95%,True,1,13,36,1311,79,1439,0.9%,2.5%,91.1%,5.49%,False,1
3145703,OLIVEIRA FORTES,MG,1,1,81,83,1.2%,1.2%,97.59%,False,1,0,0,75,8,83,-,-,90.36%,9.64%,False,1
3145802,ONCA DE PITANGUI,MG,5,10,131,146,3.42%,6.85%,89.73%,False,1,2,1,132,11,146,1.37%,0.68%,90.41%,7.53%,False,1
3145851,ORATORIOS,MG,11,23,167,201,5.47%,11.44%,83.08%,False,1,2,7,177,15,201,1%,3.48%,88.06%,7.46%,False,1
3145877,ORIZANIA,MG,25,31,538,594,4.21%,5.22%,90.57%,False,1,5,10,539,40,594,0.84%,1.68%,90.74%,6.73%,False,1
3145901,OURO BRANCO,MG,41,73,1.433,1.547,2.65%,4.72%,92.63%,True,1,13,44,1400,90,1547,0.84%,2.84%,90.5%,5.82%,False,1
3146008,OURO FINO,MG,21,26,954,1.001,2.1%,2.6%,95.3%,True,1,4,26,898,73,1001,0.4%,2.6%,89.71%,7.29%,False,1
3146107,OURO PRETO,MG,66,153,2.258,2.477,2.66%,6.18%,91.16%,True,1,20,56,2246,156,2478,0.81%,2.26%,90.64%,6.3%,False,1
3146206,OURO VERDE DE MINAS,MG,19,26,406,451,4.21%,5.76%,90.02%,False,1,1,12,393,45,451,0.22%,2.66%,87.14%,9.98%,False,1
3146255,PADRE CARVALHO,MG,8,7,185,200,4%,3.5%,92.5%,False,1,0,3,178,19,200,-,1.5%,89%,9.5%,False,1
3146305,PADRE PARAISO,MG,27,47,963,1.037,2.6%,4.53%,92.86%,True,1,5,27,932,73,1037,0.48%,2.6%,89.87%,7.04%,False,1
3146404,PAINEIRAS,MG,2,3,110,115,1.74%,2.61%,95.65%,False,1,1,2,101,11,115,0.87%,1.74%,87.83%,9.57%,False,1
3146503,PAINS,MG,6,18,281,305,1.97%,5.9%,92.13%,False,1,2,2,278,23,305,0.66%,0.66%,91.15%,7.54%,False,1
3146552,PAI PEDRO,MG,6,9,288,303,1.98%,2.97%,95.05%,False,1,2,3,277,21,303,0.66%,0.99%,91.42%,6.93%,False,1
3146602,PAIVA,MG,6,9,83,98,6.12%,9.18%,84.69%,False,1,0,2,90,6,98,-,2.04%,91.84%,6.12%,False,1
3146701,PALMA,MG,18,12,192,222,8.11%,5.41%,86.49%,False,1,1,1,176,44,222,0.45%,0.45%,79.28%,19.82%,False,1
3146750,PALMOPOLIS,MG,17,22,305,344,4.94%,6.4%,88.66%,False,1,6,9,308,21,344,1.74%,2.62%,89.53%,6.1%,False,1
3146909,PAPAGAIOS,MG,15,26,671,712,2.11%,3.65%,94.24%,False,1,4,10,643,55,712,0.56%,1.4%,90.31%,7.72%,False,1
3147006,PARACATU,MG,125,134,2.595,2.854,4.38%,4.7%,90.93%,True,1,18,60,2432,344,2854,0.63%,2.1%,85.21%,12.05%,False,1
3147105,PARA DE MINAS,MG,76,200,3.937,4.213,1.8%,4.75%,93.45%,True,1,18,99,3852,244,4213,0.43%,2.35%,91.43%,5.79%,False,1
3147204,PARAGUACU,MG,16,43,894,953,1.68%,4.51%,93.81%,False,1,3,24,861,65,953,0.31%,2.52%,90.35%,6.82%,False,1
3147303,PARAISOPOLIS,MG,29,47,790,866,3.35%,5.43%,91.22%,False,1,8,14,781,63,866,0.92%,1.62%,90.18%,7.27%,False,1
3147402,PARAOPEBA,MG,32,69,941,1.042,3.07%,6.62%,90.31%,True,1,8,25,931,78,1042,0.77%,2.4%,89.35%,7.49%,False,1
3147501,PASSABEM,MG,2,7,70,79,2.53%,8.86%,88.61%,False,1,0,5,70,4,79,-,6.33%,88.61%,5.06%,False,1
3147600,PASSA QUATRO,MG,9,20,382,411,2.19%,4.87%,92.94%,False,1,3,5,362,41,411,0.73%,1.22%,88.08%,9.98%,False,1
3147709,PASSA TEMPO,MG,9,25,149,183,4.92%,13.66%,81.42%,False,1,2,5,159,17,183,1.09%,2.73%,86.89%,9.29%,False,1
3147808,PASSA VINTE,MG,8,3,89,100,8%,3%,89%,False,1,2,2,87,9,100,2%,2%,87%,9%,False,1
3147907,PASSOS,MG,227,229,2.459,2.915,7.79%,7.86%,84.36%,True,1,69,92,2572,182,2915,2.37%,3.16%,88.23%,6.24%,False,1
3147956,PATIS,MG,17,20,227,264,6.44%,7.58%,85.98%,False,1,2,5,228,29,264,0.76%,1.89%,86.36%,10.98%,False,1
3148004,PATOS DE MINAS,MG,220,401,4.23,4.851,4.54%,8.27%,87.2%,True,1,55,166,4352,278,4851,1.13%,3.42%,89.71%,5.73%,False,1
3148103,PATROCINIO,MG,198,247,2.779,3.224,6.14%,7.66%,86.2%,True,1,48,101,2816,259,3224,1.49%,3.13%,87.34%,8.03%,False,1
3148202,PATROCINIO DO MURIAE,MG,11,14,279,304,3.62%,4.61%,91.78%,False,1,3,5,269,27,304,0.99%,1.64%,88.49%,8.88%,False,1
3148301,PAULA CANDIDO,MG,11,24,332,367,3%,6.54%,90.46%,False,1,3,5,328,31,367,0.82%,1.36%,89.37%,8.45%,False,1
3148400,PAULISTAS,MG,4,10,223,237,1.69%,4.22%,94.09%,False,1,1,2,221,13,237,0.42%,0.84%,93.25%,5.49%,False,1
3148509,PAVAO,MG,12,13,335,360,3.33%,3.61%,93.06%,False,1,1,6,326,27,360,0.28%,1.67%,90.56%,7.5%,False,1
3148608,PECANHA,MG,84,60,585,729,11.52%,8.23%,80.25%,False,1,12,22,600,96,730,1.64%,3.01%,82.19%,13.15%,False,1
3148707,PEDRA AZUL,MG,47,85,864,996,4.72%,8.53%,86.75%,False,1,6,27,883,80,996,0.6%,2.71%,88.65%,8.03%,False,1
3148756,PEDRA BONITA,MG,35,34,485,554,6.32%,6.14%,87.55%,False,1,8,18,502,26,554,1.44%,3.25%,90.61%,4.69%,False,1
3148806,PEDRA DO ANTA,MG,2,2,74,78,2.56%,2.56%,94.87%,False,1,0,0,75,3,78,-,-,96.15%,3.85%,False,1
3148905,PEDRA DO INDAIA,MG,12,15,143,170,7.06%,8.82%,84.12%,False,1,0,4,155,11,170,-,2.35%,91.18%,6.47%,False,1
3149002,PEDRA DOURADA,MG,7,9,127,143,4.9%,6.29%,88.81%,False,1,3,3,123,14,143,2.1%,2.1%,86.01%,9.79%,False,1
3149101,PEDRALVA,MG,9,18,441,468,1.92%,3.85%,94.23%,False,1,4,9,428,27,468,0.85%,1.92%,91.45%,5.77%,False,1
3149150,PEDRAS DE MARIA DA CRUZ,MG,32,36,372,440,7.27%,8.18%,84.55%,False,1,7,16,395,22,440,1.59%,3.64%,89.77%,5%,False,1
3149200,PEDRINOPOLIS,MG,0,6,156,162,-,3.7%,96.3%,False,1,0,1,155,6,162,-,0.62%,95.68%,3.7%,False,1
3149309,PEDRO LEOPOLDO,MG,38,72,884,994,3.82%,7.24%,88.93%,False,1,5,19,897,73,994,0.5%,1.91%,90.24%,7.34%,False,1
3149408,PEDRO TEIXEIRA,MG,8,5,87,100,8%,5%,87%,False,1,2,3,87,8,100,2%,3%,87%,8%,False,1
3149507,PEQUERI,MG,4,1,173,178,2.25%,0.56%,97.19%,False,1,1,4,151,22,178,0.56%,2.25%,84.83%,12.36%,False,1
3149606,PEQUI,MG,8,6,176,190,4.21%,3.16%,92.63%,False,1,1,3,175,11,190,0.53%,1.58%,92.11%,5.79%,False,1
3149705,PERDIGAO,MG,30,38,698,766,3.92%,4.96%,91.12%,False,1,4,4,704,54,766,0.52%,0.52%,91.91%,7.05%,False,1
3149804,PERDIZES,MG,23,59,1.086,1.168,1.97%,5.05%,92.98%,True,1,6,15,1090,57,1168,0.51%,1.28%,93.32%,4.88%,False,1
3149903,PERDOES,MG,86,38,365,489,17.59%,7.77%,74.64%,False,1,69,14,371,35,489,14.11%,2.86%,75.87%,7.16%,False,1
3149952,PERIQUITO,MG,30,20,343,393,7.63%,5.09%,87.28%,False,1,0,12,340,41,393,-,3.05%,86.51%,10.43%,False,1
3150000,PESCADOR,MG,2,10,186,198,1.01%,5.05%,93.94%,False,1,2,2,170,24,198,1.01%,1.01%,85.86%,12.12%,False,1
3150109,PIAU,MG,6,3,114,123,4.88%,2.44%,92.68%,False,1,1,2,102,18,123,0.81%,1.63%,82.93%,14.63%,False,1
3150158,PIEDADE DE CARATINGA,MG,16,30,607,653,2.45%,4.59%,92.96%,False,1,4,9,599,42,654,0.61%,1.38%,91.59%,6.42%,False,1
3150208,PIEDADE DE PONTE NOVA,MG,5,11,144,160,3.13%,6.88%,90%,False,1,1,7,144,8,160,0.63%,4.38%,90%,5%,False,1
3150307,PIEDADE DO RIO GRANDE,MG,5,11,228,244,2.05%,4.51%,93.44%,False,1,1,4,232,7,244,0.41%,1.64%,95.08%,2.87%,False,1
3150406,PIEDADE DOS GERAIS,MG,20,12,154,186,10.75%,6.45%,82.8%,False,1,5,12,137,32,186,2.69%,6.45%,73.66%,17.2%,False,1
3150505,PIMENTA,MG,10,25,332,367,2.72%,6.81%,90.46%,False,1,5,5,334,23,367,1.36%,1.36%,91.01%,6.27%,False,1
3150539,PINGO-D'AGUA,MG,8,8,248,264,3.03%,3.03%,93.94%,False,1,1,3,235,25,264,0.38%,1.14%,89.02%,9.47%,False,1
3150570,PINTOPOLIS,MG,38,38,427,503,7.55%,7.55%,84.89%,False,1,3,12,450,38,503,0.6%,2.39%,89.46%,7.55%,False,1
3150604,PIRACEMA,MG,16,18,115,149,10.74%,12.08%,77.18%,False,1,1,7,118,23,149,0.67%,4.7%,79.19%,15.44%,False,1
3150703,PIRAJUBA,MG,8,17,362,387,2.07%,4.39%,93.54%,False,1,2,5,333,47,387,0.52%,1.29%,86.05%,12.14%,False,1
3150802,PIRANGA,MG,16,42,667,725,2.21%,5.79%,92%,False,1,5,20,675,25,725,0.69%,2.76%,93.1%,3.45%,False,1
3150901,PIRANGUCU,MG,9,17,232,258,3.49%,6.59%,89.92%,False,1,1,7,238,12,258,0.39%,2.71%,92.25%,4.65%,False,1
3151008,PIRANGUINHO,MG,22,23,360,405,5.43%,5.68%,88.89%,False,1,2,6,368,29,405,0.49%,1.48%,90.86%,7.16%,False,1
3151107,PIRAPETINGA,MG,42,34,355,431,9.74%,7.89%,82.37%,False,1,5,6,358,62,431,1.16%,1.39%,83.06%,14.39%,False,1
3151206,PIRAPORA,MG,114,174,2.377,2.665,4.28%,6.53%,89.19%,True,1,27,70,2386,182,2665,1.01%,2.63%,89.53%,6.83%,False,1
3151305,PIRAUBA,MG,11,25,263,299,3.68%,8.36%,87.96%,False,1,1,6,265,27,299,0.33%,2.01%,88.63%,9.03%,False,1
3151404,PITANGUI,MG,43,70,902,1.015,4.24%,6.9%,88.87%,True,1,10,20,918,67,1015,0.99%,1.97%,90.44%,6.6%,False,1
3151503,PIUMHI,MG,89,80,1.511,1.68,5.3%,4.76%,89.94%,True,1,24,42,1498,116,1680,1.43%,2.5%,89.17%,6.9%,False,1
3151602,PLANURA,MG,8,24,429,461,1.74%,5.21%,93.06%,False,1,3,8,413,37,461,0.65%,1.74%,89.59%,8.03%,False,1
3151701,POCO FUNDO,MG,21,29,680,730,2.88%,3.97%,93.15%,False,1,7,14,648,61,730,0.96%,1.92%,88.77%,8.36%,False,1
3151800,POCOS DE CALDAS,MG,86,206,3.77,4.062,2.12%,5.07%,92.81%,True,1,19,92,3720,231,4062,0.47%,2.26%,91.58%,5.69%,False,1
3151909,POCRANE,MG,29,22,395,446,6.5%,4.93%,88.57%,False,1,4,9,387,46,446,0.9%,2.02%,86.77%,10.31%,False,1
3152006,POMPEU,MG,27,46,977,1.05,2.57%,4.38%,93.05%,True,1,8,23,944,75,1050,0.76%,2.19%,89.9%,7.14%,False,1
3152105,PONTE NOVA,MG,72,75,1.168,1.315,5.48%,5.7%,88.82%,True,1,12,34,1136,133,1315,0.91%,2.59%,86.39%,10.11%,False,1
3152131,PONTO CHIQUE,MG,10,16,219,245,4.08%,6.53%,89.39%,False,1,3,6,216,20,245,1.22%,2.45%,88.16%,8.16%,False,1
3152170,PONTO DOS VOLANTES,MG,23,17,473,513,4.48%,3.31%,92.2%,False,1,11,12,456,34,513,2.14%,2.34%,88.89%,6.63%,False,1
3152204,PORTEIRINHA,MG,33,58,1.878,1.969,1.68%,2.95%,95.38%,True,1,15,28,1776,150,1969,0.76%,1.42%,90.2%,7.62%,False,1
3152303,PORTO FIRME,MG,8,24,445,477,1.68%,5.03%,93.29%,False,1,1,5,439,32,477,0.21%,1.05%,92.03%,6.71%,False,1
3152402,POTE,MG,12,30,654,696,1.72%,4.31%,93.97%,False,1,3,8,638,47,696,0.43%,1.15%,91.67%,6.75%,False,1
3152501,POUSO ALEGRE,MG,175,266,3.83,4.271,4.1%,6.23%,89.67%,True,1,40,84,3829,318,4271,0.94%,1.97%,89.65%,7.45%,False,1
3152600,POUSO ALTO,MG,4,5,233,242,1.65%,2.07%,96.28%,False,1,2,2,215,23,242,0.83%,0.83%,88.84%,9.5%,False,1
3152709,PRADOS,MG,16,32,289,337,4.75%,9.5%,85.76%,False,1,1,12,301,23,337,0.3%,3.56%,89.32%,6.82%,False,1
3152808,PRATA,MG,55,115,1.167,1.337,4.11%,8.6%,87.28%,True,1,15,25,1217,80,1337,1.12%,1.87%,91.02%,5.98%,False,1
3152907,PRATAPOLIS,MG,4,21,367,392,1.02%,5.36%,93.62%,False,1,2,9,359,22,392,0.51%,2.3%,91.58%,5.61%,False,1
3153004,PRATINHA,MG,8,9,177,194,4.12%,4.64%,91.24%,False,1,3,7,167,17,194,1.55%,3.61%,86.08%,8.76%,False,1
3153103,PRESIDENTE BERNARDES,MG,7,15,182,204,3.43%,7.35%,89.22%,False,1,0,3,181,20,204,-,1.47%,88.73%,9.8%,False,1
3153202,PRESIDENTE JUSCELINO,MG,1,10,133,144,0.69%,6.94%,92.36%,False,1,0,1,138,5,144,-,0.69%,95.83%,3.47%,False,1
3153301,PRESIDENTE KUBITSCHEK,MG,5,6,167,178,2.81%,3.37%,93.82%,False,1,0,5,163,10,178,-,2.81%,91.57%,5.62%,False,1
3153400,PRESIDENTE OLEGARIO,MG,41,36,610,687,5.97%,5.24%,88.79%,False,1,4,21,613,49,687,0.58%,3.06%,89.23%,7.13%,False,1
3153509,ALTO JEQUITIBA,MG,7,19,467,493,1.42%,3.85%,94.73%,False,1,1,12,449,31,493,0.2%,2.43%,91.08%,6.29%,False,1
3153608,PRUDENTE DE MORAIS,MG,6,15,476,497,1.21%,3.02%,95.77%,False,1,1,7,456,33,497,0.2%,1.41%,91.75%,6.64%,False,1
3153707,QUARTEL GERAL,MG,7,5,141,153,4.58%,3.27%,92.16%,False,1,4,4,136,9,153,2.61%,2.61%,88.89%,5.88%,False,1
3153806,QUELUZITO,MG,1,1,109,111,0.9%,0.9%,98.2%,False,1,0,4,102,5,111,-,3.6%,91.89%,4.5%,False,1
3153905,RAPOSOS,MG,17,5,90,112,15.18%,4.46%,80.36%,False,1,1,0,94,17,112,0.89%,-,83.93%,15.18%,False,1
3154002,RAUL SOARES,MG,33,42,757,832,3.97%,5.05%,90.99%,False,1,10,12,739,72,833,1.2%,1.44%,88.72%,8.64%,False,1
3154101,RECREIO,MG,1,11,248,260,0.38%,4.23%,95.38%,False,1,0,5,234,21,260,-,1.92%,90%,8.08%,False,1
3154150,REDUTO,MG,12,27,396,435,2.76%,6.21%,91.03%,False,1,1,8,397,29,435,0.23%,1.84%,91.26%,6.67%,False,1
3154200,RESENDE COSTA,MG,9,21,420,450,2%,4.67%,93.33%,False,1,7,8,413,22,450,1.56%,1.78%,91.78%,4.89%,False,1
3154309,RESPLENDOR,MG,29,32,593,654,4.43%,4.89%,90.67%,False,1,2,8,583,62,655,0.31%,1.22%,89.01%,9.47%,False,1
3154408,RESSAQUINHA,MG,10,18,191,219,4.57%,8.22%,87.21%,False,1,0,7,197,15,219,-,3.2%,89.95%,6.85%,False,1
3154457,RIACHINHO,MG,13,39,409,461,2.82%,8.46%,88.72%,False,1,0,9,428,24,461,-,1.95%,92.84%,5.21%,False,1
3154507,RIACHO DOS MACHADOS,MG,15,30,473,518,2.9%,5.79%,91.31%,False,1,4,9,464,41,518,0.77%,1.74%,89.58%,7.92%,False,1
3154606,RIBEIRAO DAS NEVES,MG,365,582,9.376,10.323,3.54%,5.64%,90.83%,True,1,96,180,9352,695,10323,0.93%,1.74%,90.59%,6.73%,False,1
3154705,RIBEIRAO VERMELHO,MG,6,7,144,157,3.82%,4.46%,91.72%,False,1,5,3,133,16,157,3.18%,1.91%,84.71%,10.19%,False,1
3154804,RIO ACIMA,MG,9,11,235,255,3.53%,4.31%,92.16%,False,1,5,8,223,19,255,1.96%,3.14%,87.45%,7.45%,False,1
3154903,RIO CASCA,MG,20,39,406,465,4.3%,8.39%,87.31%,False,1,3,18,396,48,465,0.65%,3.87%,85.16%,10.32%,False,1
3155009,RIO DOCE,MG,1,9,149,159,0.63%,5.66%,93.71%,False,1,0,2,149,8,159,-,1.26%,93.71%,5.03%,False,1
3155108,RIO DO PRADO,MG,6,8,227,241,2.49%,3.32%,94.19%,False,1,0,1,213,27,241,-,0.41%,88.38%,11.2%,False,1
3155207,RIO ESPERA,MG,7,14,192,213,3.29%,6.57%,90.14%,False,1,1,9,190,13,213,0.47%,4.23%,89.2%,6.1%,False,1
3155306,RIO MANSO,MG,9,10,199,218,4.13%,4.59%,91.28%,False,1,3,3,201,11,218,1.38%,1.38%,92.2%,5.05%,False,1
3155405,RIO NOVO,MG,5,11,226,242,2.07%,4.55%,93.39%,False,1,2,6,224,10,242,0.83%,2.48%,92.56%,4.13%,False,1
3155504,RIO PARANAIBA,MG,32,69,699,800,4%,8.63%,87.38%,False,1,8,17,733,42,800,1%,2.13%,91.63%,5.25%,False,1
3155603,RIO PARDO DE MINAS,MG,71,97,1.687,1.855,3.83%,5.23%,90.94%,True,1,12,48,1721,74,1855,0.65%,2.59%,92.78%,3.99%,False,1
3155702,RIO PIRACICABA,MG,13,26,542,581,2.24%,4.48%,93.29%,False,1,3,9,528,41,581,0.52%,1.55%,90.88%,7.06%,False,1
3155801,RIO POMBA,MG,24,53,433,510,4.71%,10.39%,84.9%,False,1,3,18,437,52,510,0.59%,3.53%,85.69%,10.2%,False,1
3155900,RIO PRETO,MG,11,18,182,211,5.21%,8.53%,86.26%,False,1,0,2,194,15,211,-,0.95%,91.94%,7.11%,False,1
3156007,RIO VERMELHO,MG,19,52,441,512,3.71%,10.16%,86.13%,False,1,2,13,474,23,512,0.39%,2.54%,92.58%,4.49%,False,1
3156106,RITAPOLIS,MG,5,7,110,122,4.1%,5.74%,90.16%,False,1,1,2,105,14,122,0.82%,1.64%,86.07%,11.48%,False,1
3156205,ROCHEDO DE MINAS,MG,1,8,130,139,0.72%,5.76%,93.53%,False,1,1,2,124,12,139,0.72%,1.44%,89.21%,8.63%,False,1
3156304,RODEIRO,MG,18,24,462,504,3.57%,4.76%,91.67%,False,1,3,7,438,56,504,0.6%,1.39%,86.9%,11.11%,False,1
3156403,ROMARIA,MG,2,7,177,186,1.08%,3.76%,95.16%,False,1,1,1,166,18,186,0.54%,0.54%,89.25%,9.68%,False,1
3156452,ROSARIO DA LIMEIRA,MG,2,6,155,163,1.23%,3.68%,95.09%,False,1,1,4,151,7,163,0.61%,2.45%,92.64%,4.29%,False,1
3156502,RUBELITA,MG,14,16,220,250,5.6%,6.4%,88%,False,1,6,7,220,17,250,2.4%,2.8%,88%,6.8%,False,1
3156601,RUBIM,MG,10,29,280,319,3.13%,9.09%,87.77%,False,1,4,7,287,21,319,1.25%,2.19%,89.97%,6.58%,False,1
3156700,SABARA,MG,144,278,3.533,3.955,3.64%,7.03%,89.33%,True,1,45,98,3601,213,3957,1.14%,2.48%,91%,5.38%,False,1
3156809,SABINOPOLIS,MG,19,23,688,730,2.6%,3.15%,94.25%,False,1,4,20,651,55,730,0.55%,2.74%,89.18%,7.53%,False,1
3156908,SACRAMENTO,MG,14,75,1.335,1.424,0.98%,5.27%,93.75%,True,1,3,24,1309,88,1424,0.21%,1.69%,91.92%,6.18%,False,1
3157005,SALINAS,MG,61,80,1.473,1.614,3.78%,4.96%,91.26%,True,1,13,31,1446,124,1614,0.81%,1.92%,89.59%,7.68%,False,1
3157104,SALTO DA DIVISA,MG,13,17,185,215,6.05%,7.91%,86.05%,False,1,2,3,187,23,215,0.93%,1.4%,86.98%,10.7%,False,1
3157203,SANTA BARBARA,MG,43,94,1.122,1.259,3.42%,7.47%,89.12%,True,1,10,31,1130,88,1259,0.79%,2.46%,89.75%,6.99%,False,1
3157252,SANTA BARBARA DO LESTE,MG,12,18,497,527,2.28%,3.42%,94.31%,False,1,2,6,487,32,527,0.38%,1.14%,92.41%,6.07%,False,1
3157278,SANTA BARBARA DO MONTE VERDE,MG,4,6,134,144,2.78%,4.17%,93.06%,False,1,1,3,131,9,144,0.69%,2.08%,90.97%,6.25%,False,1
3157302,SANTA BARBARA DO TUGURIO,MG,4,3,218,225,1.78%,1.33%,96.89%,False,1,1,2,202,20,225,0.44%,0.89%,89.78%,8.89%,False,1
3157336,SANTA CRUZ DE MINAS,MG,9,15,240,264,3.41%,5.68%,90.91%,False,1,2,5,244,13,264,0.76%,1.89%,92.42%,4.92%,False,1
3157377,SANTA CRUZ DE SALINAS,MG,13,15,189,217,5.99%,6.91%,87.1%,False,1,2,8,195,12,217,0.92%,3.69%,89.86%,5.53%,False,1
3157401,SANTA CRUZ DO ESCALVADO,MG,3,7,159,169,1.78%,4.14%,94.08%,False,1,0,5,142,22,169,-,2.96%,84.02%,13.02%,False,1
3157500,SANTA EFIGENIA DE MINAS,MG,3,8,250,261,1.15%,3.07%,95.79%,False,1,1,6,237,17,261,0.38%,2.3%,90.8%,6.51%,False,1
3157609,SANTA FE DE MINAS,MG,27,15,147,189,14.29%,7.94%,77.78%,False,1,4,9,168,8,189,2.12%,4.76%,88.89%,4.23%,False,1
3157658,SANTA HELENA DE MINAS,MG,35,50,339,424,8.25%,11.79%,79.95%,False,1,4,14,383,23,424,0.94%,3.3%,90.33%,5.42%,False,1
3157708,SANTA JULIANA,MG,10,28,1.006,1.044,0.96%,2.68%,96.36%,True,1,0,10,964,70,1044,-,0.96%,92.34%,6.7%,False,1
3157807,SANTA LUZIA,MG,929,701,7.405,9.035,10.28%,7.76%,81.96%,True,1,339,310,7641,746,9036,3.75%,3.43%,84.56%,8.26%,False,1
3157906,SANTA MARGARIDA,MG,114,105,1.008,1.227,9.29%,8.56%,82.15%,True,1,13,41,1101,72,1227,1.06%,3.34%,89.73%,5.87%,False,1
3158003,SANTA MARIA DE ITABIRA,MG,13,31,479,523,2.49%,5.93%,91.59%,False,1,3,15,464,41,523,0.57%,2.87%,88.72%,7.84%,False,1
3158102,SANTA MARIA DO SALTO,MG,5,11,188,204,2.45%,5.39%,92.16%,False,1,0,4,183,17,204,-,1.96%,89.71%,8.33%,False,1
3158201,SANTA MARIA DO SUACUI,MG,20,36,536,592,3.38%,6.08%,90.54%,False,1,2,7,538,45,592,0.34%,1.18%,90.88%,7.6%,False,1
3158300,SANTANA DA VARGEM,MG,8,23,265,296,2.7%,7.77%,89.53%,False,1,8,11,264,13,296,2.7%,3.72%,89.19%,4.39%,False,1
3158409,SANTANA DE CATAGUASES,MG,2,4,129,135,1.48%,2.96%,95.56%,False,1,0,3,125,7,135,-,2.22%,92.59%,5.19%,False,1
3158508,SANTANA DE PIRAPAMA,MG,10,16,232,258,3.88%,6.2%,89.92%,False,1,3,6,223,26,258,1.16%,2.33%,86.43%,10.08%,False,1
3158607,SANTANA DO DESERTO,MG,3,1,85,89,3.37%,1.12%,95.51%,False,1,0,2,74,13,89,-,2.25%,83.15%,14.61%,False,1
3158706,SANTANA DO GARAMBEU,MG,0,6,85,91,-,6.59%,93.41%,False,1,0,1,78,12,91,-,1.1%,85.71%,13.19%,False,1
3158805,SANTANA DO JACARE,MG,2,4,151,157,1.27%,2.55%,96.18%,False,1,0,2,141,14,157,-,1.27%,89.81%,8.92%,False,1
3158904,SANTANA DO MANHUACU,MG,24,31,465,520,4.62%,5.96%,89.42%,False,1,3,9,456,52,520,0.58%,1.73%,87.69%,10%,False,1
3158953,SANTANA DO PARAISO,MG,59,86,2.283,2.428,2.43%,3.54%,94.03%,True,1,13,39,2196,180,2428,0.54%,1.61%,90.44%,7.41%,False,1
3159001,SANTANA DO RIACHO,MG,5,16,302,323,1.55%,4.95%,93.5%,False,1,3,5,302,13,323,0.93%,1.55%,93.5%,4.02%,False,1
3159100,SANTANA DOS MONTES,MG,7,3,139,149,4.7%,2.01%,93.29%,False,1,0,3,129,17,149,-,2.01%,86.58%,11.41%,False,1
3159209,SANTA RITA DE CALDAS,MG,3,15,267,285,1.05%,5.26%,93.68%,False,1,1,5,256,23,285,0.35%,1.75%,89.82%,8.07%,False,1
3159308,SANTA RITA DE JACUTINGA,MG,2,3,189,194,1.03%,1.55%,97.42%,False,1,0,3,177,14,194,-,1.55%,91.24%,7.22%,False,1
3159357,SANTA RITA DE MINAS,MG,7,19,371,397,1.76%,4.79%,93.45%,False,1,1,7,360,29,397,0.25%,1.76%,90.68%,7.3%,False,1
3159407,SANTA RITA DE IBITIPOCA,MG,1,8,167,176,0.57%,4.55%,94.89%,False,1,0,6,160,10,176,-,3.41%,90.91%,5.68%,False,1
3159506,SANTA RITA DO ITUETO,MG,11,28,399,438,2.51%,6.39%,91.1%,False,1,3,4,403,28,438,0.68%,0.91%,92.01%,6.39%,False,1
3159605,SANTA RITA DO SAPUCAI,MG,33,54,1.07,1.157,2.85%,4.67%,92.48%,True,1,6,25,1024,102,1157,0.52%,2.16%,88.5%,8.82%,False,1
3159704,SANTA ROSA DA SERRA,MG,21,22,193,236,8.9%,9.32%,81.78%,False,1,1,8,212,15,236,0.42%,3.39%,89.83%,6.36%,False,1
3159803,SANTA VITORIA,MG,15,33,730,778,1.93%,4.24%,93.83%,False,1,6,19,696,57,778,0.77%,2.44%,89.46%,7.33%,False,1
3159902,SANTO ANTONIO DO AMPARO,MG,57,70,669,796,7.16%,8.79%,84.05%,False,1,22,25,687,62,796,2.76%,3.14%,86.31%,7.79%,False,1
3160009,SANTO ANTONIO DO AVENTUREIRO,MG,4,9,133,146,2.74%,6.16%,91.1%,False,1,0,3,133,10,146,-,2.05%,91.1%,6.85%,False,1
3160108,SANTO ANTONIO DO GRAMA,MG,10,8,208,226,4.42%,3.54%,92.04%,False,1,1,6,199,20,226,0.44%,2.65%,88.05%,8.85%,False,1
3160207,SANTO ANTONIO DO ITAMBE,MG,5,8,145,158,3.16%,5.06%,91.77%,False,1,1,3,138,16,158,0.63%,1.9%,87.34%,10.13%,False,1
3160306,SANTO ANTONIO DO JACINTO,MG,38,27,430,495,7.68%,5.45%,86.87%,False,1,5,12,446,32,495,1.01%,2.42%,90.1%,6.46%,False,1
3160405,SANTO ANTONIO DO MONTE,MG,24,62,925,1.011,2.37%,6.13%,91.49%,True,1,10,23,917,61,1011,0.99%,2.27%,90.7%,6.03%,False,1
3160454,SANTO ANTONIO DO RETIRO,MG,21,15,400,436,4.82%,3.44%,91.74%,False,1,2,7,399,28,436,0.46%,1.61%,91.51%,6.42%,False,1
3160504,SANTO ANTONIO DO RIO ABAIXO,MG,10,11,60,81,12.35%,13.58%,74.07%,False,1,0,3,74,4,81,-,3.7%,91.36%,4.94%,False,1
3160603,SANTO HIPOLITO,MG,2,7,138,147,1.36%,4.76%,93.88%,False,1,0,3,130,14,147,-,2.04%,88.44%,9.52%,False,1
3160702,SANTOS DUMONT,MG,50,70,807,927,5.39%,7.55%,87.06%,False,1,9,18,834,66,927,0.97%,1.94%,89.97%,7.12%,False,1
3160801,SAO BENTO ABADE,MG,13,25,284,322,4.04%,7.76%,88.2%,False,1,0,8,294,20,322,-,2.48%,91.3%,6.21%,False,1
3160900,SAO BRAS DO SUACUI,MG,10,19,128,157,6.37%,12.1%,81.53%,False,1,0,3,142,12,157,-,1.91%,90.45%,7.64%,False,1
3160959,SAO DOMINGOS DAS DORES,MG,5,14,382,401,1.25%,3.49%,95.26%,False,1,0,5,374,22,401,-,1.25%,93.27%,5.49%,False,1
3161007,SAO DOMINGOS DO PRATA,MG,23,32,533,588,3.91%,5.44%,90.65%,False,1,4,14,525,45,588,0.68%,2.38%,89.29%,7.65%,False,1
3161056,SAO FELIX DE MINAS,MG,6,7,179,192,3.13%,3.65%,93.23%,False,1,1,3,169,19,192,0.52%,1.56%,88.02%,9.9%,False,1
3161106,SAO FRANCISCO,MG,59,125,2.863,3.047,1.94%,4.1%,93.96%,True,1,15,71,2814,147,3047,0.49%,2.33%,92.35%,4.82%,False,1
3161205,SAO FRANCISCO DE PAULA,MG,5,8,244,257,1.95%,3.11%,94.94%,False,1,2,1,232,22,257,0.78%,0.39%,90.27%,8.56%,False,1
3161304,SAO FRANCISCO DE SALES,MG,3,13,250,266,1.13%,4.89%,93.98%,False,1,1,5,246,14,266,0.38%,1.88%,92.48%,5.26%,False,1
3161403,SAO FRANCISCO DO GLORIA,MG,7,9,232,248,2.82%,3.63%,93.55%,False,1,2,4,219,23,248,0.81%,1.61%,88.31%,9.27%,False,1
3161502,SAO GERALDO,MG,38,43,417,498,7.63%,8.63%,83.73%,False,1,21,22,418,37,498,4.22%,4.42%,83.94%,7.43%,False,1
3161601,SAO GERALDO DA PIEDADE,MG,8,12,147,167,4.79%,7.19%,88.02%,False,1,0,1,152,14,167,-,0.6%,91.02%,8.38%,False,1
3161650,SAO GERALDO DO BAIXIO,MG,17,10,197,224,7.59%,4.46%,87.95%,False,1,0,1,200,23,224,-,0.45%,89.29%,10.27%,False,1
3161700,SAO GONCALO DO ABAETE,MG,12,14,284,310,3.87%,4.52%,91.61%,False,1,1,1,279,29,310,0.32%,0.32%,90%,9.35%,False,1
3161809,SAO GONCALO DO PARA,MG,25,27,398,450,5.56%,6%,88.44%,False,1,2,8,403,37,450,0.44%,1.78%,89.56%,8.22%,False,1
3161908,SAO GONCALO DO RIO ABAIXO,MG,14,38,603,655,2.14%,5.8%,92.06%,False,1,2,16,598,39,655,0.31%,2.44%,91.3%,5.95%,False,1
3162005,SAO GONCALO DO SAPUCAI,MG,36,57,1.068,1.161,3.1%,4.91%,91.99%,True,1,12,20,1052,77,1161,1.03%,1.72%,90.61%,6.63%,False,1
3162104,SAO GOTARDO,MG,60,117,1.242,1.419,4.23%,8.25%,87.53%,True,1,14,26,1288,91,1419,0.99%,1.83%,90.77%,6.41%,False,1
3162203,SAO JOAO BATISTA DO GLORIA,MG,5,8,214,227,2.2%,3.52%,94.27%,False,1,2,5,211,9,227,0.88%,2.2%,92.95%,3.96%,False,1
3162252,SAO JOAO DA LAGOA,MG,24,27,227,278,8.63%,9.71%,81.65%,False,1,4,12,237,25,278,1.44%,4.32%,85.25%,8.99%,False,1
3162302,SAO JOAO DA MATA,MG,5,8,161,174,2.87%,4.6%,92.53%,False,1,3,3,164,4,174,1.72%,1.72%,94.25%,2.3%,False,1
3162401,SAO JOAO DA PONTE,MG,55,81,1.133,1.269,4.33%,6.38%,89.28%,True,1,6,27,1131,105,1269,0.47%,2.13%,89.13%,8.27%,False,1
3162450,SAO JOAO DAS MISSOES,MG,35,75,941,1.051,3.33%,7.14%,89.53%,True,1,10,23,967,51,1051,0.95%,2.19%,92.01%,4.85%,False,1
3162500,SAO JOAO DEL REI,MG,72,122,1.554,1.748,4.12%,6.98%,88.9%,True,1,15,51,1579,103,1748,0.86%,2.92%,90.33%,5.89%,False,1
3162559,SAO JOAO DO MANHUACU,MG,44,47,523,614,7.17%,7.65%,85.18%,False,1,5,13,492,104,614,0.81%,2.12%,80.13%,16.94%,False,1
3162575,SAO JOAO DO MANTENINHA,MG,3,14,270,287,1.05%,4.88%,94.08%,False,1,0,4,269,14,287,-,1.39%,93.73%,4.88%,False,1
3162609,SAO JOAO DO ORIENTE,MG,4,18,365,387,1.03%,4.65%,94.32%,False,1,0,6,355,26,387,-,1.55%,91.73%,6.72%,False,1
3162658,SAO JOAO DO PACUI,MG,6,13,168,187,3.21%,6.95%,89.84%,False,1,0,4,172,11,187,-,2.14%,91.98%,5.88%,False,1
3162708,SAO JOAO DO PARAISO,MG,33,48,1.085,1.166,2.83%,4.12%,93.05%,True,1,13,34,1072,47,1166,1.11%,2.92%,91.94%,4.03%,False,1
3162807,SAO JOAO EVANGELISTA,MG,25,44,736,805,3.11%,5.47%,91.43%,False,1,6,10,720,69,805,0.75%,1.24%,89.44%,8.57%,False,1
3162906,SAO JOAO NEPOMUCENO,MG,28,49,850,927,3.02%,5.29%,91.69%,False,1,7,11,809,100,927,0.76%,1.19%,87.27%,10.79%,False,1
3162922,SAO JOAQUIM DE BICAS,MG,81,102,1.47,1.653,4.9%,6.17%,88.93%,True,1,19,43,1492,99,1653,1.15%,2.6%,90.26%,5.99%,False,1
3162948,SAO JOSE DA BARRA,MG,4,18,366,388,1.03%,4.64%,94.33%,False,1,0,8,351,29,388,-,2.06%,90.46%,7.47%,False,1
3162955,SAO JOSE DA LAPA,MG,44,52,1.119,1.215,3.62%,4.28%,92.1%,True,1,9,18,1109,79,1215,0.74%,1.48%,91.28%,6.5%,False,1
3163003,SAO JOSE DA SAFIRA,MG,6,18,283,307,1.95%,5.86%,92.18%,False,1,2,4,277,24,307,0.65%,1.3%,90.23%,7.82%,False,1
3163102,SAO JOSE DA VARGINHA,MG,7,11,198,216,3.24%,5.09%,91.67%,False,1,1,2,197,16,216,0.46%,0.93%,91.2%,7.41%,False,1
3163201,SAO JOSE DO ALEGRE,MG,5,9,212,226,2.21%,3.98%,93.81%,False,1,0,2,211,13,226,-,0.88%,93.36%,5.75%,False,1
3163300,SAO JOSE DO DIVINO,MG,9,6,166,181,4.97%,3.31%,91.71%,False,1,2,1,165,13,181,1.1%,0.55%,91.16%,7.18%,False,1
3163409,SAO JOSE DO GOIABAL,MG,6,13,210,229,2.62%,5.68%,91.7%,False,1,1,2,204,22,229,0.44%,0.87%,89.08%,9.61%,False,1
3163508,SAO JOSE DO JACURI,MG,15,24,251,290,5.17%,8.28%,86.55%,False,1,1,1,266,22,290,0.34%,0.34%,91.72%,7.59%,False,1
3163607,SAO JOSE DO MANTIMENTO,MG,1,2,104,107,0.93%,1.87%,97.2%,False,1,1,0,96,10,107,0.93%,-,89.72%,9.35%,False,1
3163706,SAO LOURENCO,MG,38,90,1.105,1.233,3.08%,7.3%,89.62%,True,1,16,27,1121,69,1233,1.3%,2.19%,90.92%,5.6%,False,1
3163805,SAO MIGUEL DO ANTA,MG,4,19,222,245,1.63%,7.76%,90.61%,False,1,1,5,220,19,245,0.41%,2.04%,89.8%,7.76%,False,1
3163904,SAO PEDRO DA UNIAO,MG,4,6,242,252,1.59%,2.38%,96.03%,False,1,1,2,232,17,252,0.4%,0.79%,92.06%,6.75%,False,1
3164001,SAO PEDRO DOS FERROS,MG,24,16,186,226,10.62%,7.08%,82.3%,False,1,3,9,185,29,226,1.33%,3.98%,81.86%,12.83%,False,1
3164100,SAO PEDRO DO SUACUI,MG,2,4,102,108,1.85%,3.7%,94.44%,False,1,0,2,97,9,108,-,1.85%,89.81%,8.33%,False,1
3164209,SAO ROMAO,MG,14,22,432,468,2.99%,4.7%,92.31%,False,1,1,9,436,22,468,0.21%,1.92%,93.16%,4.7%,False,1
3164308,SAO ROQUE DE MINAS,MG,14,18,270,302,4.64%,5.96%,89.4%,False,1,6,5,271,20,302,1.99%,1.66%,89.74%,6.62%,False,1
3164407,SAO SEBASTIAO DA BELA VISTA,MG,17,11,405,433,3.93%,2.54%,93.53%,False,1,4,2,392,35,433,0.92%,0.46%,90.53%,8.08%,False,1
3164431,SAO SEBASTIAO DA VARGEM ALEGRE,MG,1,3,141,145,0.69%,2.07%,97.24%,False,1,0,2,131,12,145,-,1.38%,90.34%,8.28%,False,1
3164472,SAO SEBASTIAO DO ANTA,MG,9,14,464,487,1.85%,2.87%,95.28%,False,1,2,3,450,32,487,0.41%,0.62%,92.4%,6.57%,False,1
3164506,SAO SEBASTIAO DO MARANHAO,MG,35,32,335,402,8.71%,7.96%,83.33%,False,1,10,14,330,48,402,2.49%,3.48%,82.09%,11.94%,False,1
3164605,SAO SEBASTIAO DO OESTE,MG,9,21,593,623,1.44%,3.37%,95.18%,False,1,2,11,569,41,623,0.32%,1.77%,91.33%,6.58%,False,1
3164704,SAO SEBASTIAO DO PARAISO,MG,97,191,2.675,2.963,3.27%,6.45%,90.28%,True,1,24,44,2691,204,2963,0.81%,1.48%,90.82%,6.88%,False,1
3164803,SAO SEBASTIAO DO RIO PRETO,MG,5,2,65,72,6.94%,2.78%,90.28%,False,1,0,2,64,6,72,-,2.78%,88.89%,8.33%,False,1
3164902,SAO SEBASTIAO DO RIO VERDE,MG,3,7,111,121,2.48%,5.79%,91.74%,False,1,1,1,111,8,121,0.83%,0.83%,91.74%,6.61%,False,1
3165008,SAO TIAGO,MG,6,19,450,475,1.26%,4%,94.74%,False,1,1,9,435,30,475,0.21%,1.89%,91.58%,6.32%,False,1
3165107,SAO TOMAS DE AQUINO,MG,4,13,295,312,1.28%,4.17%,94.55%,False,1,1,5,281,25,312,0.32%,1.6%,90.06%,8.01%,False,1
3165206,SAO THOME DAS LETRAS,MG,5,19,258,282,1.77%,6.74%,91.49%,False,1,1,8,261,12,282,0.35%,2.84%,92.55%,4.26%,False,1
3165305,SAO VICENTE DE MINAS,MG,4,16,316,336,1.19%,4.76%,94.05%,False,1,2,8,301,25,336,0.6%,2.38%,89.58%,7.44%,False,1
3165404,SAPUCAI-MIRIM,MG,10,24,277,311,3.22%,7.72%,89.07%,False,1,2,11,277,21,311,0.64%,3.54%,89.07%,6.75%,False,1
3165503,SARDOA,MG,8,8,301,317,2.52%,2.52%,94.95%,False,1,1,0,266,50,317,0.32%,-,83.91%,15.77%,False,1
3165537,SARZEDO,MG,60,81,1.114,1.255,4.78%,6.45%,88.76%,True,1,11,38,1087,119,1255,0.88%,3.03%,86.61%,9.48%,False,1
3165552,SETUBINHA,MG,30,67,608,705,4.26%,9.5%,86.24%,False,1,3,16,653,33,705,0.43%,2.27%,92.62%,4.68%,False,1
3165560,SEM-PEIXE,MG,2,6,96,104,1.92%,5.77%,92.31%,False,1,0,1,90,13,104,-,0.96%,86.54%,12.5%,False,1
3165578,SENADOR AMARAL,MG,30,57,718,805,3.73%,7.08%,89.19%,False,1,3,21,736,45,805,0.37%,2.61%,91.43%,5.59%,False,1
3165602,SENADOR CORTES,MG,0,5,124,129,-,3.88%,96.12%,False,1,1,0,114,14,129,0.78%,-,88.37%,10.85%,False,1
3165701,SENADOR FIRMINO,MG,9,10,327,346,2.6%,2.89%,94.51%,False,1,4,5,315,22,346,1.16%,1.45%,91.04%,6.36%,False,1
3165800,SENADOR JOSE BENTO,MG,1,2,30,33,3.03%,6.06%,90.91%,False,1,0,2,27,4,33,-,6.06%,81.82%,12.12%,False,1
3165909,SENADOR MODESTINO GONCALVES,MG,27,12,121,160,16.88%,7.5%,75.63%,False,1,24,3,125,8,160,15%,1.88%,78.13%,5%,False,1
3166006,SENHORA DE OLIVEIRA,MG,4,13,243,260,1.54%,5%,93.46%,False,1,2,1,242,15,260,0.77%,0.38%,93.08%,5.77%,False,1
3166105,SENHORA DO PORTO,MG,9,8,101,118,7.63%,6.78%,85.59%,False,1,1,1,105,11,118,0.85%,0.85%,88.98%,9.32%,False,1
3166204,SENHORA DOS REMEDIOS,MG,18,12,369,399,4.51%,3.01%,92.48%,False,1,6,6,364,23,399,1.5%,1.5%,91.23%,5.76%,False,1
3166303,SERICITA,MG,55,44,412,511,10.76%,8.61%,80.63%,False,1,5,13,432,61,511,0.98%,2.54%,84.54%,11.94%,False,1
3166402,SERITINGA,MG,8,5,72,85,9.41%,5.88%,84.71%,False,1,2,0,77,6,85,2.35%,-,90.59%,7.06%,False,1
3166501,SERRA AZUL DE MINAS,MG,11,14,180,205,5.37%,6.83%,87.8%,False,1,3,7,185,10,205,1.46%,3.41%,90.24%,4.88%,False,1
3166600,SERRA DA SAUDADE,MG,0,0,27,27,-,-,100%,False,1,0,1,22,4,27,-,3.7%,81.48%,14.81%,False,1
3166709,SERRA DOS AIMORES,MG,18,24,404,446,4.04%,5.38%,90.58%,False,1,5,13,404,24,446,1.12%,2.91%,90.58%,5.38%,False,1
3166808,SERRA DO SALITRE,MG,31,57,667,755,4.11%,7.55%,88.34%,False,1,5,16,677,57,755,0.66%,2.12%,89.67%,7.55%,False,1
3166907,SERRANIA,MG,28,28,357,413,6.78%,6.78%,86.44%,False,1,3,14,371,25,413,0.73%,3.39%,89.83%,6.05%,False,1
3166956,SERRANOPOLIS DE MINAS,MG,8,11,198,217,3.69%,5.07%,91.24%,False,1,3,1,203,10,217,1.38%,0.46%,93.55%,4.61%,False,1
3167004,SERRANOS,MG,4,1,124,129,3.1%,0.78%,96.12%,False,1,2,2,120,5,129,1.55%,1.55%,93.02%,3.88%,False,1
3167103,SERRO,MG,36,60,850,946,3.81%,6.34%,89.85%,False,1,11,25,848,62,946,1.16%,2.64%,89.64%,6.55%,False,1
3167202,SETE LAGOAS,MG,192,319,3.755,4.266,4.5%,7.48%,88.02%,True,1,45,97,3769,356,4267,1.05%,2.27%,88.33%,8.34%,False,1
3167301,SILVEIRANIA,MG,9,15,122,146,6.16%,10.27%,83.56%,False,1,4,5,123,14,146,2.74%,3.42%,84.25%,9.59%,False,1
3167400,SILVIANOPOLIS,MG,23,12,214,249,9.24%,4.82%,85.94%,False,1,2,7,220,20,249,0.8%,2.81%,88.35%,8.03%,False,1
3167509,SIMAO PEREIRA,MG,3,2,95,100,3%,2%,95%,False,1,2,2,81,15,100,2%,2%,81%,15%,False,1
3167608,SIMONESIA,MG,74,83,1.222,1.379,5.37%,6.02%,88.61%,True,1,11,20,1262,86,1379,0.8%,1.45%,91.52%,6.24%,False,1
3167707,SOBRALIA,MG,9,18,243,270,3.33%,6.67%,90%,False,1,0,5,237,28,270,-,1.85%,87.78%,10.37%,False,1
3167806,SOLEDADE DE MINAS,MG,3,11,144,158,1.9%,6.96%,91.14%,False,1,2,3,136,17,158,1.27%,1.9%,86.08%,10.76%,False,1
3167905,TABULEIRO,MG,5,7,139,151,3.31%,4.64%,92.05%,False,1,0,3,142,6,151,-,1.99%,94.04%,3.97%,False,1
3168002,TAIOBEIRAS,MG,24,59,1.956,2.039,1.18%,2.89%,95.93%,True,1,4,25,1906,104,2039,0.2%,1.23%,93.48%,5.1%,False,1
3168051,TAPARUBA,MG,6,4,236,246,2.44%,1.63%,95.93%,False,1,0,9,218,19,246,-,3.66%,88.62%,7.72%,False,1
3168101,TAPIRA,MG,7,19,199,225,3.11%,8.44%,88.44%,False,1,3,6,206,10,225,1.33%,2.67%,91.56%,4.44%,False,1
3168200,TAPIRAI,MG,3,4,57,64,4.69%,6.25%,89.06%,False,1,2,0,56,6,64,3.13%,-,87.5%,9.38%,False,1
3168309,TAQUARACU DE MINAS,MG,6,8,157,171,3.51%,4.68%,91.81%,False,1,0,5,154,12,171,-,2.92%,90.06%,7.02%,False,1
3168408,TARUMIRIM,MG,19,35,569,623,3.05%,5.62%,91.33%,False,1,2,7,536,78,623,0.32%,1.12%,86.04%,12.52%,False,1
3168507,TEIXEIRAS,MG,7,21,443,471,1.49%,4.46%,94.06%,False,1,1,10,434,26,471,0.21%,2.12%,92.14%,5.52%,False,1
3168606,TEOFILO OTONI,MG,198,241,4.151,4.59,4.31%,5.25%,90.44%,True,1,45,117,4056,372,4590,0.98%,2.55%,88.37%,8.1%,False,1
3168705,TIMOTEO,MG,128,154,1.83,2.112,6.06%,7.29%,86.65%,True,1,21,45,1881,165,2112,0.99%,2.13%,89.06%,7.81%,False,1
3168804,TIRADENTES,MG,3,13,334,350,0.86%,3.71%,95.43%,False,1,0,8,326,16,350,-,2.29%,93.14%,4.57%,False,1
3168903,TIROS,MG,6,28,261,295,2.03%,9.49%,88.47%,False,1,1,5,273,16,295,0.34%,1.69%,92.54%,5.42%,False,1
3169000,TOCANTINS,MG,26,32,589,647,4.02%,4.95%,91.04%,False,1,10,14,573,50,647,1.55%,2.16%,88.56%,7.73%,False,1
3169059,TOCOS DO MOJI,MG,3,6,167,176,1.7%,3.41%,94.89%,False,1,1,4,159,12,176,0.57%,2.27%,90.34%,6.82%,False,1
3169109,TOLEDO,MG,20,19,491,530,3.77%,3.58%,92.64%,False,1,1,8,491,30,530,0.19%,1.51%,92.64%,5.66%,False,1
3169208,TOMBOS,MG,25,28,339,392,6.38%,7.14%,86.48%,False,1,7,17,337,31,392,1.79%,4.34%,85.97%,7.91%,False,1
3169307,TRES CORACOES,MG,104,157,2.345,2.606,3.99%,6.02%,89.98%,True,1,35,70,2331,170,2606,1.34%,2.69%,89.45%,6.52%,False,1
3169356,TRES MARIAS,MG,82,123,1.334,1.539,5.33%,7.99%,86.68%,True,1,7,43,1361,128,1539,0.45%,2.79%,88.43%,8.32%,False,1
3169406,TRES PONTAS,MG,73,127,1.755,1.955,3.73%,6.5%,89.77%,True,1,11,32,1766,146,1955,0.56%,1.64%,90.33%,7.47%,False,1
3169505,TUMIRITINGA,MG,12,15,270,297,4.04%,5.05%,90.91%,False,1,3,6,268,19,296,1.01%,2.03%,90.54%,6.42%,False,1
3169604,TUPACIGUARA,MG,25,41,603,669,3.74%,6.13%,90.13%,False,1,4,16,613,36,669,0.6%,2.39%,91.63%,5.38%,False,1
3169703,TURMALINA,MG,21,32,1.158,1.211,1.73%,2.64%,95.62%,True,1,11,26,1108,66,1211,0.91%,2.15%,91.49%,5.45%,False,1
3169802,TURVOLANDIA,MG,9,13,349,371,2.43%,3.5%,94.07%,False,1,1,5,332,33,371,0.27%,1.35%,89.49%,8.89%,False,1
3169901,UBA,MG,60,182,3.102,3.344,1.79%,5.44%,92.76%,True,1,11,56,2979,298,3344,0.33%,1.67%,89.08%,8.91%,False,1
3170008,UBAI,MG,22,33,601,656,3.35%,5.03%,91.62%,False,1,6,14,592,44,656,0.91%,2.13%,90.24%,6.71%,False,1
3170057,UBAPORANGA,MG,34,46,672,752,4.52%,6.12%,89.36%,False,1,4,16,682,50,752,0.53%,2.13%,90.69%,6.65%,False,1
3170107,UBERABA,MG,163,393,8.112,8.668,1.88%,4.53%,93.59%,True,1,36,175,7899,558,8668,0.42%,2.02%,91.13%,6.44%,False,1
3170206,UBERLANDIA,MG,443,952,21.462,22.857,1.94%,4.17%,93.9%,True,1,547,493,20648,1169,22857,2.39%,2.16%,90.34%,5.11%,False,1
3170305,UMBURATIBA,MG,1,4,112,117,0.85%,3.42%,95.73%,False,1,1,1,105,10,117,0.85%,0.85%,89.74%,8.55%,False,1
3170404,UNAI,MG,68,132,2.309,2.509,2.71%,5.26%,92.03%,True,1,23,65,2221,200,2509,0.92%,2.59%,88.52%,7.97%,False,1
3170438,UNIAO DE MINAS,MG,3,8,158,169,1.78%,4.73%,93.49%,False,1,2,5,145,17,169,1.18%,2.96%,85.8%,10.06%,False,1
3170479,URUANA DE MINAS,MG,5,9,135,149,3.36%,6.04%,90.6%,False,1,1,2,128,18,149,0.67%,1.34%,85.91%,12.08%,False,1
3170503,URUCANIA,MG,19,26,455,500,3.8%,5.2%,91%,False,1,1,3,462,34,500,0.2%,0.6%,92.4%,6.8%,False,1
3170529,URUCUIA,MG,39,46,530,615,6.34%,7.48%,86.18%,False,1,4,18,557,36,615,0.65%,2.93%,90.57%,5.85%,False,1
3170578,VARGEM ALEGRE,MG,10,23,251,284,3.52%,8.1%,88.38%,False,1,5,12,247,20,284,1.76%,4.23%,86.97%,7.04%,False,1
3170602,VARGEM BONITA,MG,7,3,102,112,6.25%,2.68%,91.07%,False,1,1,3,98,10,112,0.89%,2.68%,87.5%,8.93%,False,1
3170651,VARGEM GRANDE DO RIO PARDO,MG,12,20,274,306,3.92%,6.54%,89.54%,False,1,6,7,280,13,306,1.96%,2.29%,91.5%,4.25%,False,1
3170701,VARGINHA,MG,110,267,4.433,4.81,2.29%,5.55%,92.16%,True,1,27,99,4440,244,4810,0.56%,2.06%,92.31%,5.07%,False,1
3170750,VARJAO DE MINAS,MG,13,13,346,372,3.49%,3.49%,93.01%,False,1,0,7,333,32,372,-,1.88%,89.52%,8.6%,False,1
3170800,VARZEA DA PALMA,MG,47,84,1.347,1.478,3.18%,5.68%,91.14%,True,1,19,30,1295,134,1478,1.29%,2.03%,87.62%,9.07%,False,1
3170909,VARZELANDIA,MG,61,95,1.184,1.34,4.55%,7.09%,88.36%,True,1,7,41,1252,40,1340,0.52%,3.06%,93.43%,2.99%,False,1
3171006,VAZANTE,MG,52,40,732,824,6.31%,4.85%,88.83%,False,1,10,16,709,89,824,1.21%,1.94%,86.04%,10.8%,False,1
3171030,VERDELANDIA,MG,16,30,569,615,2.6%,4.88%,92.52%,False,1,1,3,575,36,615,0.16%,0.49%,93.5%,5.85%,False,1
3171071,VEREDINHA,MG,7,14,222,243,2.88%,5.76%,91.36%,False,1,2,3,226,12,243,0.82%,1.23%,93%,4.94%,False,1
3171105,VERISSIMO,MG,7,12,103,122,5.74%,9.84%,84.43%,False,1,0,0,112,10,122,-,-,91.8%,8.2%,False,1
3171154,VERMELHO NOVO,MG,8,9,188,205,3.9%,4.39%,91.71%,False,1,0,5,180,20,205,-,2.44%,87.8%,9.76%,False,1
3171204,VESPASIANO,MG,115,186,2.515,2.816,4.08%,6.61%,89.31%,True,1,36,63,2546,171,2816,1.28%,2.24%,90.41%,6.07%,False,1
3171303,VICOSA,MG,130,117,1.884,2.131,6.1%,5.49%,88.41%,True,1,14,53,1955,109,2131,0.66%,2.49%,91.74%,5.11%,False,1
3171402,VIEIRAS,MG,15,11,188,214,7.01%,5.14%,87.85%,False,1,2,4,194,14,214,0.93%,1.87%,90.65%,6.54%,False,1
3171501,MATHIAS LOBATO,MG,6,12,208,226,2.65%,5.31%,92.04%,False,1,0,2,203,21,226,-,0.88%,89.82%,9.29%,False,1
3171600,VIRGEM DA LAPA,MG,6,30,468,504,1.19%,5.95%,92.86%,False,1,2,7,450,45,504,0.4%,1.39%,89.29%,8.93%,False,1
3171709,VIRGINIA,MG,12,18,353,383,3.13%,4.7%,92.17%,False,1,4,10,345,24,383,1.04%,2.61%,90.08%,6.27%,False,1
3171808,VIRGINOPOLIS,MG,5,16,470,491,1.02%,3.26%,95.72%,False,1,1,1,463,26,491,0.2%,0.2%,94.3%,5.3%,False,1
3171907,VIRGOLANDIA,MG,4,15,209,228,1.75%,6.58%,91.67%,False,1,1,3,200,24,228,0.44%,1.32%,87.72%,10.53%,False,1
3172004,VISCONDE DO RIO BRANCO,MG,65,134,1.243,1.442,4.51%,9.29%,86.2%,True,1,27,48,1279,88,1442,1.87%,3.33%,88.7%,6.1%,False,1
3172103,VOLTA GRANDE,MG,5,9,197,211,2.37%,4.27%,93.36%,False,1,1,2,182,26,211,0.47%,0.95%,86.26%,12.32%,False,1
3172202,WENCESLAU BRAZ,MG,1,6,108,115,0.87%,5.22%,93.91%,False,1,0,2,106,7,115,-,1.74%,92.17%,6.09%,False,1
3200102,AFONSO CLAUDIO,ES,47,50,873,970,4.85%,5.15%,90%,False,1,11,25,852,82,970,1.13%,2.58%,87.84%,8.45%,False,1
3200136,AGUIA BRANCA,ES,24,37,360,421,5.7%,8.79%,85.51%,False,1,3,11,371,36,421,0.71%,2.61%,88.12%,8.55%,False,1
3200169,AGUA DOCE DO NORTE,ES,23,28,566,617,3.73%,4.54%,91.73%,False,1,9,12,533,63,617,1.46%,1.94%,86.39%,10.21%,False,1
3200201,ALEGRE,ES,56,70,1.131,1.257,4.46%,5.57%,89.98%,True,1,6,27,1116,108,1257,0.48%,2.15%,88.78%,8.59%,False,1
3200300,ALFREDO CHAVES,ES,10,29,705,744,1.34%,3.9%,94.76%,False,1,1,14,676,53,744,0.13%,1.88%,90.86%,7.12%,False,1
3200359,ALTO RIO NOVO,ES,10,19,209,238,4.2%,7.98%,87.82%,False,1,0,5,204,29,238,-,2.1%,85.71%,12.18%,False,1
3200409,ANCHIETA,ES,28,41,893,962,2.91%,4.26%,92.83%,False,1,3,15,866,78,962,0.31%,1.56%,90.02%,8.11%,False,1
3200508,APIACA,ES,23,27,222,272,8.46%,9.93%,81.62%,False,1,4,8,222,38,272,1.47%,2.94%,81.62%,13.97%,False,1
3200607,ARACRUZ,ES,110,224,4.554,4.888,2.25%,4.58%,93.17%,True,1,32,63,4415,377,4887,0.65%,1.29%,90.34%,7.71%,False,1
3200706,ATILIO VIVACQUA,ES,9,33,528,570,1.58%,5.79%,92.63%,False,1,6,10,487,67,570,1.05%,1.75%,85.44%,11.75%,False,1
3200805,BAIXO GUANDU,ES,43,73,825,941,4.57%,7.76%,87.67%,False,1,12,20,845,64,941,1.28%,2.13%,89.8%,6.8%,False,1
3200904,BARRA DE SAO FRANCISCO,ES,63,64,1.051,1.178,5.35%,5.43%,89.22%,True,1,5,19,1059,95,1178,0.42%,1.61%,89.9%,8.06%,False,1
3201001,BOA ESPERANCA,ES,15,30,842,887,1.69%,3.38%,94.93%,False,1,4,10,814,59,887,0.45%,1.13%,91.77%,6.65%,False,1
3201100,BOM JESUS DO NORTE,ES,21,27,268,316,6.65%,8.54%,84.81%,False,1,4,7,282,23,316,1.27%,2.22%,89.24%,7.28%,False,1
3201159,BREJETUBA,ES,5,19,520,544,0.92%,3.49%,95.59%,False,1,1,11,495,37,544,0.18%,2.02%,90.99%,6.8%,False,1
3201209,CACHOEIRO DE ITAPEMIRIM,ES,240,315,5.927,6.482,3.7%,4.86%,91.44%,True,1,45,119,5767,551,6482,0.69%,1.84%,88.97%,8.5%,False,1
3201308,CARIACICA,ES,335,842,15.017,16.194,2.07%,5.2%,92.73%,True,1,107,282,14567,1238,16194,0.66%,1.74%,89.95%,7.64%,False,1
3201407,CASTELO,ES,12,26,682,720,1.67%,3.61%,94.72%,False,1,3,8,654,55,720,0.42%,1.11%,90.83%,7.64%,False,1
3201506,COLATINA,ES,109,192,3.315,3.616,3.01%,5.31%,91.68%,True,1,14,64,3249,289,3616,0.39%,1.77%,89.85%,7.99%,False,1
3201605,CONCEICAO DA BARRA,ES,36,73,1.334,1.443,2.49%,5.06%,92.45%,True,1,10,20,1296,117,1443,0.69%,1.39%,89.81%,8.11%,False,1
3201704,CONCEICAO DO CASTELO,ES,22,31,533,586,3.75%,5.29%,90.96%,False,1,2,5,544,35,586,0.34%,0.85%,92.83%,5.97%,False,1
3201803,DIVINO DE SAO LOURENCO,ES,3,5,124,132,2.27%,3.79%,93.94%,False,1,0,2,114,16,132,-,1.52%,86.36%,12.12%,False,1
3201902,DOMINGOS MARTINS,ES,23,71,1.808,1.902,1.21%,3.73%,95.06%,True,1,8,25,1755,114,1902,0.42%,1.31%,92.27%,5.99%,False,1
3202009,DORES DO RIO PRETO,ES,7,19,255,281,2.49%,6.76%,90.75%,False,1,1,4,253,23,281,0.36%,1.42%,90.04%,8.19%,False,1
3202108,ECOPORANGA,ES,55,33,458,546,10.07%,6.04%,83.88%,False,1,16,21,465,44,546,2.93%,3.85%,85.16%,8.06%,False,1
3202207,FUNDAO,ES,11,38,877,926,1.19%,4.1%,94.71%,False,1,3,22,820,81,926,0.32%,2.38%,88.55%,8.75%,False,1
3202256,GOVERNADOR LINDENBERG,ES,12,22,661,695,1.73%,3.17%,95.11%,False,1,2,9,634,50,695,0.29%,1.29%,91.22%,7.19%,False,1
3202306,GUACUI,ES,75,109,745,929,8.07%,11.73%,80.19%,False,1,5,13,847,64,929,0.54%,1.4%,91.17%,6.89%,False,1
3202405,GUARAPARI,ES,70,115,1.813,1.998,3.5%,5.76%,90.74%,True,1,26,43,1769,160,1998,1.3%,2.15%,88.54%,8.01%,False,1
3202454,IBATIBA,ES,10,38,699,747,1.34%,5.09%,93.57%,False,1,6,8,683,50,747,0.8%,1.07%,91.43%,6.69%,False,1
3202504,IBIRACU,ES,31,38,327,396,7.83%,9.6%,82.58%,False,1,3,10,339,44,396,0.76%,2.53%,85.61%,11.11%,False,1
3202553,IBITIRAMA,ES,30,27,526,583,5.15%,4.63%,90.22%,False,1,6,12,526,39,583,1.03%,2.06%,90.22%,6.69%,False,1
3202603,ICONHA,ES,8,16,201,225,3.56%,7.11%,89.33%,False,1,2,1,198,24,225,0.89%,0.44%,88%,10.67%,False,1
3202652,IRUPI,ES,16,18,540,574,2.79%,3.14%,94.08%,False,1,8,12,488,66,574,1.39%,2.09%,85.02%,11.5%,False,1
3202702,ITAGUACU,ES,23,29,460,512,4.49%,5.66%,89.84%,False,1,6,20,452,34,512,1.17%,3.91%,88.28%,6.64%,False,1
3202801,ITAPEMIRIM,ES,37,65,1.405,1.507,2.46%,4.31%,93.23%,True,1,5,16,1313,173,1507,0.33%,1.06%,87.13%,11.48%,False,1
3202900,ITARANA,ES,4,17,250,271,1.48%,6.27%,92.25%,False,1,4,5,248,14,271,1.48%,1.85%,91.51%,5.17%,False,1
3203007,IUNA,ES,34,67,803,904,3.76%,7.41%,88.83%,False,1,3,20,819,62,904,0.33%,2.21%,90.6%,6.86%,False,1
3203056,JAGUARE,ES,26,66,1.135,1.227,2.12%,5.38%,92.5%,True,1,6,19,1109,93,1227,0.49%,1.55%,90.38%,7.58%,False,1
3203106,JERONIMO MONTEIRO,ES,16,22,528,566,2.83%,3.89%,93.29%,False,1,1,9,501,55,566,0.18%,1.59%,88.52%,9.72%,False,1
3203130,JOAO NEIVA,ES,16,11,323,350,4.57%,3.14%,92.29%,False,1,4,12,309,25,350,1.14%,3.43%,88.29%,7.14%,False,1
3203163,LARANJA DA TERRA,ES,15,13,352,380,3.95%,3.42%,92.63%,False,1,1,8,326,45,380,0.26%,2.11%,85.79%,11.84%,False,1
3203205,LINHARES,ES,204,274,3.762,4.24,4.81%,6.46%,88.73%,True,1,37,101,3768,334,4240,0.87%,2.38%,88.87%,7.88%,False,1
3203304,MANTENOPOLIS,ES,10,14,543,567,1.76%,2.47%,95.77%,False,1,2,7,508,50,567,0.35%,1.23%,89.59%,8.82%,False,1
3203320,MARATAIZES,ES,73,111,2.132,2.316,3.15%,4.79%,92.06%,True,1,11,28,2038,239,2316,0.47%,1.21%,88%,10.32%,False,1
3203346,MARECHAL FLORIANO,ES,7,50,871,928,0.75%,5.39%,93.86%,False,1,3,12,858,55,928,0.32%,1.29%,92.46%,5.93%,False,1
3203353,MARILANDIA,ES,7,28,583,618,1.13%,4.53%,94.34%,False,1,1,11,576,30,618,0.16%,1.78%,93.2%,4.85%,False,1
3203403,MIMOSO DO SUL,ES,37,47,557,641,5.77%,7.33%,86.9%,False,1,3,16,541,81,641,0.47%,2.5%,84.4%,12.64%,False,1
3203502,MONTANHA,ES,32,52,886,970,3.3%,5.36%,91.34%,False,1,6,12,880,72,970,0.62%,1.24%,90.72%,7.42%,False,1
3203601,MUCURICI,ES,9,15,310,334,2.69%,4.49%,92.81%,False,1,0,10,293,31,334,-,2.99%,87.72%,9.28%,False,1
3203700,MUNIZ FREIRE,ES,46,54,637,737,6.24%,7.33%,86.43%,False,1,8,15,673,41,737,1.09%,2.04%,91.32%,5.56%,False,1
3203809,MUQUI,ES,10,22,612,644,1.55%,3.42%,95.03%,False,1,1,6,569,68,644,0.16%,0.93%,88.35%,10.56%,False,1
3203908,NOVA VENECIA,ES,42,61,1.376,1.479,2.84%,4.12%,93.04%,True,1,10,21,1307,141,1479,0.68%,1.42%,88.37%,9.53%,False,1
3204005,PANCAS,ES,30,46,961,1.037,2.89%,4.44%,92.67%,True,1,8,18,916,95,1037,0.77%,1.74%,88.33%,9.16%,False,1
3204054,PEDRO CANARIO,ES,71,88,821,980,7.24%,8.98%,83.78%,False,1,8,22,878,72,980,0.82%,2.24%,89.59%,7.35%,False,1
3204104,PINHEIROS,ES,53,51,713,817,6.49%,6.24%,87.27%,False,1,9,20,739,49,817,1.1%,2.45%,90.45%,6%,False,1
3204203,PIUMA,ES,45,43,526,614,7.33%,7%,85.67%,False,1,2,10,509,93,614,0.33%,1.63%,82.9%,15.15%,False,1
3204252,PONTO BELO,ES,10,11,350,371,2.7%,2.96%,94.34%,False,1,1,5,330,35,371,0.27%,1.35%,88.95%,9.43%,False,1
3204302,PRESIDENTE KENNEDY,ES,25,41,729,795,3.14%,5.16%,91.7%,False,1,3,10,696,86,795,0.38%,1.26%,87.55%,10.82%,False,1
3204351,RIO BANANAL,ES,25,53,1.479,1.557,1.61%,3.4%,94.99%,True,1,6,26,1414,111,1557,0.39%,1.67%,90.82%,7.13%,False,1
3204401,RIO NOVO DO SUL,ES,6,15,469,490,1.22%,3.06%,95.71%,False,1,1,6,436,47,490,0.2%,1.22%,88.98%,9.59%,False,1
3204500,SANTA LEOPOLDINA,ES,13,12,284,309,4.21%,3.88%,91.91%,False,1,3,8,272,26,309,0.97%,2.59%,88.03%,8.41%,False,1
3204559,SANTA MARIA DE JETIBA,ES,30,54,1.326,1.41,2.13%,3.83%,94.04%,True,1,10,21,1315,64,1410,0.71%,1.49%,93.26%,4.54%,False,1
3204609,SANTA TERESA,ES,19,21,393,433,4.39%,4.85%,90.76%,False,1,1,3,388,41,433,0.23%,0.69%,89.61%,9.47%,False,1
3204658,SAO DOMINGOS DO NORTE,ES,0,14,227,241,-,5.81%,94.19%,False,1,0,4,223,14,241,-,1.66%,92.53%,5.81%,False,1
3204708,SAO GABRIEL DA PALHA,ES,45,36,689,770,5.84%,4.68%,89.48%,False,1,5,19,685,61,770,0.65%,2.47%,88.96%,7.92%,False,1
3204807,SAO JOSE DO CALCADO,ES,29,18,175,222,13.06%,8.11%,78.83%,False,1,0,9,183,30,222,-,4.05%,82.43%,13.51%,False,1
3204906,SAO MATEUS,ES,168,333,4.555,5.056,3.32%,6.59%,90.09%,True,1,41,100,4535,380,5056,0.81%,1.98%,89.7%,7.52%,False,1
3204955,SAO ROQUE DO CANAA,ES,12,20,346,378,3.17%,5.29%,91.53%,False,1,0,7,327,44,378,-,1.85%,86.51%,11.64%,False,1
3205002,SERRA,ES,318,910,21.821,23.049,1.38%,3.95%,94.67%,True,1,103,347,20803,1798,23051,0.45%,1.51%,90.25%,7.8%,False,1
3205010,SOORETAMA,ES,41,47,867,955,4.29%,4.92%,90.79%,False,1,5,15,872,63,955,0.52%,1.57%,91.31%,6.6%,False,1
3205036,VARGEM ALTA,ES,34,31,612,677,5.02%,4.58%,90.4%,False,1,4,12,599,62,677,0.59%,1.77%,88.48%,9.16%,False,1
3205069,VENDA NOVA DO IMIGRANTE,ES,13,44,718,775,1.68%,5.68%,92.65%,False,1,4,12,709,50,775,0.52%,1.55%,91.48%,6.45%,False,1
3205101,VIANA,ES,88,110,1.447,1.645,5.35%,6.69%,87.96%,True,1,14,45,1422,164,1645,0.85%,2.74%,86.44%,9.97%,False,1
3205150,VILA PAVAO,ES,13,23,430,466,2.79%,4.94%,92.27%,False,1,0,17,407,42,466,-,3.65%,87.34%,9.01%,False,1
3205176,VILA VALERIO,ES,14,29,387,430,3.26%,6.74%,90%,False,1,1,4,391,34,430,0.23%,0.93%,90.93%,7.91%,False,1
3205200,VILA VELHA,ES,310,638,12.139,13.087,2.37%,4.88%,92.76%,True,1,101,217,11782,988,13088,0.77%,1.66%,90.02%,7.55%,False,1
3205309,VITORIA,ES,1.718,1.338,9.511,12.567,13.67%,10.65%,75.68%,True,1,379,450,11038,703,12570,3.02%,3.58%,87.81%,5.59%,False,1
3300100,ANGRA DOS REIS,RJ,209,360,5.098,5.667,3.69%,6.35%,89.96%,True,1,37,102,5052,476,5667,0.65%,1.8%,89.15%,8.4%,False,1
3300159,APERIBE,RJ,18,18,194,230,7.83%,7.83%,84.35%,False,1,0,4,201,25,230,-,1.74%,87.39%,10.87%,False,1
3300209,ARARUAMA,RJ,135,261,3.85,4.246,3.18%,6.15%,90.67%,True,1,34,76,3797,339,4246,0.8%,1.79%,89.43%,7.98%,False,1
3300225,AREAL,RJ,8,22,297,327,2.45%,6.73%,90.83%,False,1,2,7,298,20,327,0.61%,2.14%,91.13%,6.12%,False,1
3300233,ARMACAO DOS BUZIOS,RJ,43,87,1.45,1.58,2.72%,5.51%,91.77%,True,1,8,28,1436,108,1580,0.51%,1.77%,90.89%,6.84%,False,1
3300258,ARRAIAL DO CABO,RJ,36,71,871,978,3.68%,7.26%,89.06%,False,1,11,19,873,75,978,1.12%,1.94%,89.26%,7.67%,False,1
3300308,BARRA DO PIRAI,RJ,110,151,1.817,2.078,5.29%,7.27%,87.44%,True,1,22,49,1860,147,2078,1.06%,2.36%,89.51%,7.07%,False,1
3300407,BARRA MANSA,RJ,526,500,5.22,6.246,8.42%,8.01%,83.57%,True,1,126,236,5408,476,6246,2.02%,3.78%,86.58%,7.62%,False,1
3300456,BELFORD ROXO,RJ,1.653,1.302,12.656,15.611,10.59%,8.34%,81.07%,True,1,474,781,12841,1518,15614,3.04%,5%,82.24%,9.72%,False,1
3300506,BOM JARDIM,RJ,50,75,692,817,6.12%,9.18%,84.7%,False,1,8,28,732,49,817,0.98%,3.43%,89.6%,6%,False,1
3300605,BOM JESUS DO ITABAPOANA,RJ,64,77,919,1.06,6.04%,7.26%,86.7%,True,1,15,38,917,90,1060,1.42%,3.58%,86.51%,8.49%,False,1
3300704,CABO FRIO,RJ,241,426,6.011,6.678,3.61%,6.38%,90.01%,True,1,75,115,6023,465,6678,1.12%,1.72%,90.19%,6.96%,False,1
3300803,CACHOEIRAS DE MACACU,RJ,51,90,1.909,2.05,2.49%,4.39%,93.12%,True,1,19,56,1820,156,2051,0.93%,2.73%,88.74%,7.61%,False,1
3300902,CAMBUCI,RJ,13,14,253,280,4.64%,5%,90.36%,False,1,0,2,251,27,280,-,0.71%,89.64%,9.64%,False,1
3300936,CARAPEBUS,RJ,22,32,529,583,3.77%,5.49%,90.74%,False,1,6,8,499,70,583,1.03%,1.37%,85.59%,12.01%,False,1
3300951,COMENDADOR LEVY GASPARIAN,RJ,30,27,214,271,11.07%,9.96%,78.97%,False,1,2,10,232,27,271,0.74%,3.69%,85.61%,9.96%,False,1
3301009,CAMPOS DOS GOYTACAZES,RJ,441,956,10.921,12.318,3.58%,7.76%,88.66%,True,1,78,287,10932,1021,12318,0.63%,2.33%,88.75%,8.29%,False,1
3301108,CANTAGALO,RJ,46,53,667,766,6.01%,6.92%,87.08%,False,1,8,25,670,63,766,1.04%,3.26%,87.47%,8.22%,False,1
3301157,CARDOSO MOREIRA,RJ,11,31,648,690,1.59%,4.49%,93.91%,False,1,5,9,617,59,690,0.72%,1.3%,89.42%,8.55%,False,1
3301207,CARMO,RJ,8,25,463,496,1.61%,5.04%,93.35%,False,1,3,13,453,27,496,0.6%,2.62%,91.33%,5.44%,False,1
3301306,CASIMIRO DE ABREU,RJ,26,42,570,638,4.08%,6.58%,89.34%,False,1,5,8,563,62,638,0.78%,1.25%,88.24%,9.72%,False,1
3301405,CONCEICAO DE MACABU,RJ,23,31,492,546,4.21%,5.68%,90.11%,False,1,2,18,487,39,546,0.37%,3.3%,89.19%,7.14%,False,1
3301504,CORDEIRO,RJ,22,39,486,547,4.02%,7.13%,88.85%,False,1,3,4,499,41,547,0.55%,0.73%,91.22%,7.5%,False,1
3301603,DUAS BARRAS,RJ,7,16,354,377,1.86%,4.24%,93.9%,False,1,1,6,342,28,377,0.27%,1.59%,90.72%,7.43%,False,1
3301702,DUQUE DE CAXIAS,RJ,885,1.432,15.957,18.274,4.84%,7.84%,87.32%,True,1,150,366,16372,1390,18278,0.82%,2%,89.57%,7.6%,False,1
3301801,ENGENHEIRO PAULO DE FRONTIN,RJ,45,34,368,447,10.07%,7.61%,82.33%,False,1,21,15,381,30,447,4.7%,3.36%,85.23%,6.71%,False,1
3301850,GUAPIMIRIM,RJ,91,114,1.423,1.628,5.59%,7%,87.41%,True,1,19,45,1459,105,1628,1.17%,2.76%,89.62%,6.45%,False,1
3301876,IGUABA GRANDE,RJ,85,101,1.08,1.266,6.71%,7.98%,85.31%,True,1,12,34,1148,72,1266,0.95%,2.69%,90.68%,5.69%,False,1
3301900,ITABORAI,RJ,389,650,7.354,8.393,4.63%,7.74%,87.62%,True,1,77,188,7491,637,8393,0.92%,2.24%,89.25%,7.59%,False,1
3302007,ITAGUAI,RJ,181,417,5.209,5.807,3.12%,7.18%,89.7%,True,1,40,94,5265,408,5807,0.69%,1.62%,90.67%,7.03%,False,1
3302056,ITALVA,RJ,29,30,179,238,12.18%,12.61%,75.21%,False,1,3,8,215,12,238,1.26%,3.36%,90.34%,5.04%,False,1
3302106,ITAOCARA,RJ,10,19,576,605,1.65%,3.14%,95.21%,False,1,4,9,530,62,605,0.66%,1.49%,87.6%,10.25%,False,1
3302205,ITAPERUNA,RJ,320,258,3.271,3.849,8.31%,6.7%,84.98%,True,1,67,113,3140,529,3849,1.74%,2.94%,81.58%,13.74%,False,1
3302254,ITATIAIA,RJ,56,100,647,803,6.97%,12.45%,80.57%,False,1,9,36,705,54,804,1.12%,4.48%,87.69%,6.72%,False,1
3302270,JAPERI,RJ,153,312,3.395,3.86,3.96%,8.08%,87.95%,True,1,33,79,3416,332,3860,0.85%,2.05%,88.5%,8.6%,False,1
3302304,LAJE DO MURIAE,RJ,18,17,120,155,11.61%,10.97%,77.42%,False,1,2,3,136,14,155,1.29%,1.94%,87.74%,9.03%,False,1
3302403,MACAE,RJ,205,357,5.856,6.418,3.19%,5.56%,91.24%,True,1,50,116,5780,473,6419,0.78%,1.81%,90.05%,7.37%,False,1
3302452,MACUCO,RJ,27,22,248,297,9.09%,7.41%,83.5%,False,1,6,7,253,31,297,2.02%,2.36%,85.19%,10.44%,False,1
3302502,MAGE,RJ,595,761,8.191,9.547,6.23%,7.97%,85.8%,True,1,148,262,8274,864,9548,1.55%,2.74%,86.66%,9.05%,False,1
3302601,MANGARATIBA,RJ,82,96,1.269,1.447,5.67%,6.63%,87.7%,True,1,14,25,1257,151,1447,0.97%,1.73%,86.87%,10.44%,False,1
3302700,MARICA,RJ,844,571,6.283,7.698,10.96%,7.42%,81.62%,True,1,267,246,6666,519,7698,3.47%,3.2%,86.59%,6.74%,False,1
3302809,MENDES,RJ,18,39,532,589,3.06%,6.62%,90.32%,False,1,6,15,530,38,589,1.02%,2.55%,89.98%,6.45%,False,1
3302858,MESQUITA,RJ,250,459,5.39,6.099,4.1%,7.53%,88.38%,True,1,31,129,5507,432,6099,0.51%,2.12%,90.29%,7.08%,False,1
3302908,MIGUEL PEREIRA,RJ,30,72,1.052,1.154,2.6%,6.24%,91.16%,True,1,5,15,1059,75,1154,0.43%,1.3%,91.77%,6.5%,False,1
3303005,MIRACEMA,RJ,48,47,663,758,6.33%,6.2%,87.47%,False,1,4,15,660,79,758,0.53%,1.98%,87.07%,10.42%,False,1
3303104,NATIVIDADE,RJ,30,39,452,521,5.76%,7.49%,86.76%,False,1,4,5,474,38,521,0.77%,0.96%,90.98%,7.29%,False,1
3303203,NILOPOLIS,RJ,230,260,2.145,2.635,8.73%,9.87%,81.4%,True,1,36,79,2337,183,2635,1.37%,3%,88.69%,6.94%,False,1
3303302,NITEROI,RJ,329,659,10.549,11.537,2.85%,5.71%,91.44%,True,1,68,198,10431,840,11537,0.59%,1.72%,90.41%,7.28%,False,1
3303401,NOVA FRIBURGO,RJ,84,203,2.911,3.198,2.63%,6.35%,91.03%,True,1,13,74,2934,177,3198,0.41%,2.31%,91.74%,5.53%,False,1
3303500,NOVA IGUACU,RJ,1.603,1.982,20.56,24.145,6.64%,8.21%,85.15%,True,1,364,706,21226,1848,24144,1.51%,2.92%,87.91%,7.65%,False,1
3303609,PARACAMBI,RJ,30,69,1.479,1.578,1.9%,4.37%,93.73%,True,1,9,22,1426,121,1578,0.57%,1.39%,90.37%,7.67%,False,1
3303708,PARAIBA DO SUL,RJ,62,105,1.256,1.423,4.36%,7.38%,88.26%,True,1,12,36,1252,123,1423,0.84%,2.53%,87.98%,8.64%,False,1
3303807,PARATY,RJ,52,106,1.354,1.512,3.44%,7.01%,89.55%,True,1,8,41,1342,121,1512,0.53%,2.71%,88.76%,8%,False,1
3303856,PATY DO ALFERES,RJ,58,80,1.15,1.288,4.5%,6.21%,89.29%,True,1,16,36,1154,82,1288,1.24%,2.8%,89.6%,6.37%,False,1
3303906,PETROPOLIS,RJ,162,399,7.354,7.915,2.05%,5.04%,92.91%,True,1,38,188,7309,380,7915,0.48%,2.38%,92.34%,4.8%,False,1
3303955,PINHEIRAL,RJ,32,54,954,1.04,3.08%,5.19%,91.73%,True,1,1,20,948,71,1040,0.1%,1.92%,91.15%,6.83%,False,1
3304003,PIRAI,RJ,31,70,1.092,1.193,2.6%,5.87%,91.53%,True,1,9,22,1082,80,1193,0.75%,1.84%,90.7%,6.71%,False,1
3304102,PORCIUNCULA,RJ,34,46,557,637,5.34%,7.22%,87.44%,False,1,6,10,581,40,637,0.94%,1.57%,91.21%,6.28%,False,1
3304110,PORTO REAL,RJ,10,13,530,553,1.81%,2.35%,95.84%,False,1,29,11,462,51,553,5.24%,1.99%,83.54%,9.22%,False,1
3304128,QUATIS,RJ,12,33,348,393,3.05%,8.4%,88.55%,False,1,1,7,348,37,393,0.25%,1.78%,88.55%,9.41%,False,1
3304144,QUEIMADOS,RJ,248,312,3.735,4.295,5.77%,7.26%,86.96%,True,1,39,83,3863,311,4296,0.91%,1.93%,89.92%,7.24%,False,1
3304151,QUISSAMA,RJ,38,64,1.15,1.252,3.04%,5.11%,91.85%,True,1,14,26,1104,108,1252,1.12%,2.08%,88.18%,8.63%,False,1
3304201,RESENDE,RJ,145,232,3.782,4.159,3.49%,5.58%,90.94%,True,1,37,96,3713,313,4159,0.89%,2.31%,89.28%,7.53%,False,1
3304300,RIO BONITO,RJ,135,113,1.38,1.628,8.29%,6.94%,84.77%,True,1,41,55,1432,100,1628,2.52%,3.38%,87.96%,6.14%,False,1
3304409,RIO CLARO,RJ,20,42,811,873,2.29%,4.81%,92.9%,False,1,7,23,772,71,873,0.8%,2.63%,88.43%,8.13%,False,1
3304508,RIO DAS FLORES,RJ,15,13,284,312,4.81%,4.17%,91.03%,False,1,6,4,262,40,312,1.92%,1.28%,83.97%,12.82%,False,1
3304524,RIO DAS OSTRAS,RJ,101,242,3.124,3.467,2.91%,6.98%,90.11%,True,1,26,65,3111,265,3467,0.75%,1.87%,89.73%,7.64%,False,1
3304557,RIO DE JANEIRO,RJ,27.324,21.82,165.986,215.13,12.7%,10.14%,77.16%,True,1,7115,9100,186262,12655,215132,3.31%,4.23%,86.58%,5.88%,False,1
3304607,SANTA MARIA MADALENA,RJ,14,22,245,281,4.98%,7.83%,87.19%,False,1,4,6,250,21,281,1.42%,2.14%,88.97%,7.47%,False,1
3304706,SANTO ANTONIO DE PADUA,RJ,47,76,1.426,1.549,3.03%,4.91%,92.06%,True,1,18,18,1365,148,1549,1.16%,1.16%,88.12%,9.55%,False,1
3304755,SAO FRANCISCO DE ITABAPOANA,RJ,159,190,2.101,2.45,6.49%,7.76%,85.76%,True,1,18,48,2125,259,2450,0.73%,1.96%,86.73%,10.57%,False,1
3304805,SAO FIDELIS,RJ,41,75,927,1.043,3.93%,7.19%,88.88%,True,1,10,16,944,73,1043,0.96%,1.53%,90.51%,7%,False,1
3304904,SAO GONCALO,RJ,918,1.132,11.485,13.535,6.78%,8.36%,84.85%,True,1,256,361,11607,1311,13535,1.89%,2.67%,85.76%,9.69%,False,1
3305000,SAO JOAO DA BARRA,RJ,66,117,1.826,2.009,3.29%,5.82%,90.89%,True,1,10,37,1808,154,2009,0.5%,1.84%,90%,7.67%,False,1
3305109,SAO JOAO DE MERITI,RJ,917,810,8.183,9.91,9.25%,8.17%,82.57%,True,1,167,283,8534,929,9913,1.68%,2.85%,86.09%,9.37%,False,1
3305133,SAO JOSE DE UBA,RJ,17,21,238,276,6.16%,7.61%,86.23%,False,1,1,4,244,29,278,0.36%,1.44%,87.77%,10.43%,False,1
3305158,SAO JOSE DO VALE DO RIO PRETO,RJ,18,39,660,717,2.51%,5.44%,92.05%,False,1,2,16,660,39,717,0.28%,2.23%,92.05%,5.44%,False,1
3305208,SAO PEDRO DA ALDEIA,RJ,101,128,3.03,3.259,3.1%,3.93%,92.97%,True,1,26,42,2709,482,3259,0.8%,1.29%,83.12%,14.79%,False,1
3305307,SAO SEBASTIAO DO ALTO,RJ,13,21,314,348,3.74%,6.03%,90.23%,False,1,12,8,278,50,348,3.45%,2.3%,79.89%,14.37%,False,1
3305406,SAPUCAIA,RJ,20,36,529,585,3.42%,6.15%,90.43%,False,1,4,11,521,49,585,0.68%,1.88%,89.06%,8.38%,False,1
3305505,SAQUAREMA,RJ,100,193,2.061,2.354,4.25%,8.2%,87.55%,True,1,22,49,2121,162,2354,0.93%,2.08%,90.1%,6.88%,False,1
3305554,SEROPEDICA,RJ,285,269,2.829,3.383,8.42%,7.95%,83.62%,True,1,100,66,2876,341,3383,2.96%,1.95%,85.01%,10.08%,False,1
3305604,SILVA JARDIM,RJ,31,44,677,752,4.12%,5.85%,90.03%,False,1,7,11,614,120,752,0.93%,1.46%,81.65%,15.96%,False,1
3305703,SUMIDOURO,RJ,27,52,529,608,4.44%,8.55%,87.01%,False,1,5,13,545,45,608,0.82%,2.14%,89.64%,7.4%,False,1
3305752,TANGUA,RJ,53,92,1.344,1.489,3.56%,6.18%,90.26%,True,1,12,29,1348,100,1489,0.81%,1.95%,90.53%,6.72%,False,1
3305802,TERESOPOLIS,RJ,443,422,3.806,4.671,9.48%,9.03%,81.48%,True,1,96,144,4139,290,4669,2.06%,3.08%,88.65%,6.21%,False,1
3305901,TRAJANO DE MORAES,RJ,15,19,230,264,5.68%,7.2%,87.12%,False,1,4,8,230,22,264,1.52%,3.03%,87.12%,8.33%,False,1
3306008,TRES RIOS,RJ,215,229,2.564,3.008,7.15%,7.61%,85.24%,True,1,33,107,2507,361,3008,1.1%,3.56%,83.34%,12%,False,1
3306107,VALENCA,RJ,108,167,1.906,2.181,4.95%,7.66%,87.39%,True,1,32,45,1956,148,2181,1.47%,2.06%,89.68%,6.79%,False,1
3306156,VARRE-SAI,RJ,20,34,512,566,3.53%,6.01%,90.46%,False,1,4,11,517,34,566,0.71%,1.94%,91.34%,6.01%,False,1
3306206,VASSOURAS,RJ,49,101,1.511,1.661,2.95%,6.08%,90.97%,True,1,16,46,1488,111,1661,0.96%,2.77%,89.58%,6.68%,False,1
3306305,VOLTA REDONDA,RJ,315,441,6.131,6.887,4.57%,6.4%,89.02%,True,1,76,170,6183,457,6886,1.1%,2.47%,89.79%,6.64%,False,1
3500105,ADAMANTINA,SP,26,42,765,833,3.12%,5.04%,91.84%,False,1,6,19,761,47,833,0.72%,2.28%,91.36%,5.64%,False,1
3500204,ADOLFO,SP,12,13,184,209,5.74%,6.22%,88.04%,False,1,5,2,184,18,209,2.39%,0.96%,88.04%,8.61%,False,1
3500303,AGUAI,SP,16,32,555,603,2.65%,5.31%,92.04%,False,1,2,12,543,46,603,0.33%,1.99%,90.05%,7.63%,False,1
3500402,AGUAS DA PRATA,SP,3,6,192,201,1.49%,2.99%,95.52%,False,1,0,2,187,12,201,-,1%,93.03%,5.97%,False,1
3500501,AGUAS DE LINDOIA,SP,7,30,645,682,1.03%,4.4%,94.57%,False,1,3,14,612,53,682,0.44%,2.05%,89.74%,7.77%,False,1
3500550,AGUAS DE SANTA BARBARA,SP,8,19,280,307,2.61%,6.19%,91.21%,False,1,1,3,282,21,307,0.33%,0.98%,91.86%,6.84%,False,1
3500600,AGUAS DE SAO PEDRO,SP,1,6,117,124,0.81%,4.84%,94.35%,False,1,0,0,116,8,124,-,-,93.55%,6.45%,False,1
3500709,AGUDOS,SP,17,77,1.625,1.719,0.99%,4.48%,94.53%,True,1,10,21,1586,103,1720,0.58%,1.22%,92.21%,5.99%,False,1
3500758,ALAMBARI,SP,6,5,205,216,2.78%,2.31%,94.91%,False,1,2,2,194,18,216,0.93%,0.93%,89.81%,8.33%,False,1
3500808,ALFREDO MARCONDES,SP,4,9,227,240,1.67%,3.75%,94.58%,False,1,0,5,218,17,240,-,2.08%,90.83%,7.08%,False,1
3500907,ALTAIR,SP,4,6,117,127,3.15%,4.72%,92.13%,False,1,1,3,114,9,127,0.79%,2.36%,89.76%,7.09%,False,1
3501004,ALTINOPOLIS,SP,14,21,600,635,2.2%,3.31%,94.49%,False,1,1,15,556,63,635,0.16%,2.36%,87.56%,9.92%,False,1
3501103,ALTO ALEGRE,SP,2,2,137,141,1.42%,1.42%,97.16%,False,1,0,1,124,16,141,-,0.71%,87.94%,11.35%,False,1
3501152,ALUMINIO,SP,9,16,395,420,2.14%,3.81%,94.05%,False,1,7,4,378,31,420,1.67%,0.95%,90%,7.38%,False,1
3501202,ALVARES FLORENCE,SP,4,8,162,174,2.3%,4.6%,93.1%,False,1,1,2,156,15,174,0.57%,1.15%,89.66%,8.62%,False,1
3501301,ALVARES MACHADO,SP,15,52,1.125,1.192,1.26%,4.36%,94.38%,True,1,7,8,1071,106,1192,0.59%,0.67%,89.85%,8.89%,False,1
3501400,ALVARO DE CARVALHO,SP,9,11,154,174,5.17%,6.32%,88.51%,False,1,0,0,159,15,174,-,-,91.38%,8.62%,False,1
3501509,ALVINLANDIA,SP,4,6,99,109,3.67%,5.5%,90.83%,False,1,2,0,99,8,109,1.83%,-,90.83%,7.34%,False,1
3501608,AMERICANA,SP,68,161,4.437,4.666,1.46%,3.45%,95.09%,True,1,17,81,4255,313,4666,0.36%,1.74%,91.19%,6.71%,False,1
3501707,AMERICO BRASILIENSE,SP,17,39,1.178,1.234,1.38%,3.16%,95.46%,True,1,1,22,1137,74,1234,0.08%,1.78%,92.14%,6%,False,1
3501806,AMERICO DE CAMPOS,SP,10,22,191,223,4.48%,9.87%,85.65%,False,1,4,4,202,13,223,1.79%,1.79%,90.58%,5.83%,False,1
3501905,AMPARO,SP,37,60,1.316,1.413,2.62%,4.25%,93.14%,True,1,6,34,1294,79,1413,0.42%,2.41%,91.58%,5.59%,False,1
3502002,ANALANDIA,SP,11,8,211,230,4.78%,3.48%,91.74%,False,1,2,2,210,16,230,0.87%,0.87%,91.3%,6.96%,False,1
3502101,ANDRADINA,SP,50,108,1.6,1.758,2.84%,6.14%,91.01%,True,1,18,22,1564,154,1758,1.02%,1.25%,88.96%,8.76%,False,1
3502200,ANGATUBA,SP,30,65,1.196,1.291,2.32%,5.03%,92.64%,True,1,13,13,1119,146,1291,1.01%,1.01%,86.68%,11.31%,False,1
3502309,ANHEMBI,SP,14,22,257,293,4.78%,7.51%,87.71%,False,1,0,7,264,22,293,-,2.39%,90.1%,7.51%,False,1
3502408,ANHUMAS,SP,3,14,212,229,1.31%,6.11%,92.58%,False,1,1,4,204,20,229,0.44%,1.75%,89.08%,8.73%,False,1
3502507,APARECIDA,SP,36,41,596,673,5.35%,6.09%,88.56%,False,1,5,21,590,57,673,0.74%,3.12%,87.67%,8.47%,False,1
3502606,APARECIDA D'OESTE,SP,2,5,188,195,1.03%,2.56%,96.41%,False,1,3,5,178,9,195,1.54%,2.56%,91.28%,4.62%,False,1
3502705,APIAI,SP,17,63,1.312,1.392,1.22%,4.53%,94.25%,True,1,4,15,1251,122,1392,0.29%,1.08%,89.87%,8.76%,False,1
3502754,ARACARIGUAMA,SP,16,72,1.172,1.26,1.27%,5.71%,93.02%,True,1,2,18,1173,67,1260,0.16%,1.43%,93.1%,5.32%,False,1
3502804,ARACATUBA,SP,258,298,4.791,5.347,4.83%,5.57%,89.6%,True,1,69,101,4792,385,5347,1.29%,1.89%,89.62%,7.2%,False,1
3502903,ARACOIABA DA SERRA,SP,16,37,1.241,1.294,1.24%,2.86%,95.9%,True,1,3,18,1194,79,1294,0.23%,1.39%,92.27%,6.11%,False,1
3503000,ARAMINA,SP,6,7,251,264,2.27%,2.65%,95.08%,False,1,1,4,237,22,264,0.38%,1.52%,89.77%,8.33%,False,1
3503109,ARANDU,SP,8,16,336,360,2.22%,4.44%,93.33%,False,1,0,1,315,44,360,-,0.28%,87.5%,12.22%,False,1
3503158,ARAPEI,SP,3,6,140,149,2.01%,4.03%,93.96%,False,1,0,3,139,7,149,-,2.01%,93.29%,4.7%,False,1
3503208,ARARAQUARA,SP,169,330,5.042,5.541,3.05%,5.96%,90.99%,True,1,52,132,5036,321,5541,0.94%,2.38%,90.89%,5.79%,False,1
3503307,ARARAS,SP,45,128,2.629,2.802,1.61%,4.57%,93.83%,True,1,19,73,2512,198,2802,0.68%,2.61%,89.65%,7.07%,False,1
3503356,ARCO-IRIS,SP,2,4,81,87,2.3%,4.6%,93.1%,False,1,0,2,75,10,87,-,2.3%,86.21%,11.49%,False,1
3503406,AREALVA,SP,22,14,302,338,6.51%,4.14%,89.35%,False,1,9,6,288,35,338,2.66%,1.78%,85.21%,10.36%,False,1
3503505,AREIAS,SP,6,18,245,269,2.23%,6.69%,91.08%,False,1,1,5,244,19,269,0.37%,1.86%,90.71%,7.06%,False,1
3503604,AREIOPOLIS,SP,7,34,277,318,2.2%,10.69%,87.11%,False,1,2,4,286,26,318,0.63%,1.26%,89.94%,8.18%,False,1
3503703,ARIRANHA,SP,2,10,190,202,0.99%,4.95%,94.06%,False,1,3,3,178,18,202,1.49%,1.49%,88.12%,8.91%,False,1
3503802,ARTUR NOGUEIRA,SP,12,21,544,577,2.08%,3.64%,94.28%,False,1,1,5,522,49,577,0.17%,0.87%,90.47%,8.49%,False,1
3503901,ARUJA,SP,51,166,3.195,3.412,1.49%,4.87%,93.64%,True,1,16,44,3117,235,3412,0.47%,1.29%,91.35%,6.89%,False,1
3503950,ASPASIA,SP,2,3,87,92,2.17%,3.26%,94.57%,False,1,0,3,77,12,92,-,3.26%,83.7%,13.04%,False,1
3504008,ASSIS,SP,63,108,2.203,2.374,2.65%,4.55%,92.8%,True,1,20,45,2145,164,2374,0.84%,1.9%,90.35%,6.91%,False,1
3504107,ATIBAIA,SP,76,202,4.533,4.811,1.58%,4.2%,94.22%,True,1,24,82,4406,299,4811,0.5%,1.7%,91.58%,6.21%,False,1
3504206,AURIFLAMA,SP,22,22,416,460,4.78%,4.78%,90.43%,False,1,4,9,401,46,460,0.87%,1.96%,87.17%,10%,False,1
3504305,AVAI,SP,6,25,273,304,1.97%,8.22%,89.8%,False,1,2,5,274,23,304,0.66%,1.64%,90.13%,7.57%,False,1
3504404,AVANHANDAVA,SP,11,39,426,476,2.31%,8.19%,89.5%,False,1,3,5,423,45,476,0.63%,1.05%,88.87%,9.45%,False,1
3504503,AVARE,SP,40,117,2.782,2.939,1.36%,3.98%,94.66%,True,1,13,62,2655,209,2939,0.44%,2.11%,90.34%,7.11%,False,1
3504602,BADY BASSITT,SP,20,54,1.337,1.411,1.42%,3.83%,94.76%,True,1,5,21,1294,91,1411,0.35%,1.49%,91.71%,6.45%,False,1
3504701,BALBINOS,SP,0,3,84,87,-,3.45%,96.55%,False,1,0,1,75,11,87,-,1.15%,86.21%,12.64%,False,1
3504800,BALSAMO,SP,9,22,257,288,3.13%,7.64%,89.24%,False,1,1,1,258,28,288,0.35%,0.35%,89.58%,9.72%,False,1
3504909,BANANAL,SP,12,19,374,405,2.96%,4.69%,92.35%,False,1,3,9,355,38,405,0.74%,2.22%,87.65%,9.38%,False,1
3505005,BARAO DE ANTONINA,SP,5,20,188,213,2.35%,9.39%,88.26%,False,1,0,7,190,16,213,-,3.29%,89.2%,7.51%,False,1
3505104,BARBOSA,SP,26,30,329,385,6.75%,7.79%,85.45%,False,1,4,6,340,35,385,1.04%,1.56%,88.31%,9.09%,False,1
3505203,BARIRI,SP,52,64,725,841,6.18%,7.61%,86.21%,False,1,5,22,751,67,845,0.59%,2.6%,88.88%,7.93%,False,1
3505302,BARRA BONITA,SP,10,23,1.075,1.108,0.9%,2.08%,97.02%,True,1,5,13,1013,77,1108,0.45%,1.17%,91.43%,6.95%,False,1
3505351,BARRA DO CHAPEU,SP,3,8,339,350,0.86%,2.29%,96.86%,False,1,1,3,314,32,350,0.29%,0.86%,89.71%,9.14%,False,1
3505401,BARRA DO TURVO,SP,5,14,353,372,1.34%,3.76%,94.89%,False,1,4,3,327,38,372,1.08%,0.81%,87.9%,10.22%,False,1
3505500,BARRETOS,SP,165,265,4.176,4.606,3.58%,5.75%,90.66%,True,1,59,80,4137,330,4606,1.28%,1.74%,89.82%,7.16%,False,1
3505609,BARRINHA,SP,7,17,436,460,1.52%,3.7%,94.78%,False,1,2,7,416,35,460,0.43%,1.52%,90.43%,7.61%,False,1
3505708,BARUERI,SP,1.205,1.22,16.052,18.477,6.52%,6.6%,86.88%,True,1,334,432,16657,1054,18477,1.81%,2.34%,90.15%,5.7%,False,1
3505807,BASTOS,SP,50,45,923,1.018,4.91%,4.42%,90.67%,True,1,15,27,918,58,1018,1.47%,2.65%,90.18%,5.7%,False,1
3505906,BATATAIS,SP,60,81,661,802,7.48%,10.1%,82.42%,False,1,7,28,708,59,802,0.87%,3.49%,88.28%,7.36%,False,1
3506003,BAURU,SP,201,489,9.561,10.251,1.96%,4.77%,93.27%,True,1,66,225,9370,590,10251,0.64%,2.19%,91.41%,5.76%,False,1
3506102,BEBEDOURO,SP,79,156,2.127,2.362,3.34%,6.6%,90.05%,True,1,21,45,2103,193,2362,0.89%,1.91%,89.03%,8.17%,False,1
3506201,BENTO DE ABREU,SP,9,15,110,134,6.72%,11.19%,82.09%,False,1,3,3,120,8,134,2.24%,2.24%,89.55%,5.97%,False,1
3506300,BERNARDINO DE CAMPOS,SP,4,23,454,481,0.83%,4.78%,94.39%,False,1,4,8,433,36,481,0.83%,1.66%,90.02%,7.48%,False,1
3506359,BERTIOGA,SP,54,116,2.113,2.283,2.37%,5.08%,92.55%,True,1,15,20,2073,175,2283,0.66%,0.88%,90.8%,7.67%,False,1
3506409,BILAC,SP,8,15,246,269,2.97%,5.58%,91.45%,False,1,1,2,250,16,269,0.37%,0.74%,92.94%,5.95%,False,1
3506508,BIRIGUI,SP,116,199,2.865,3.18,3.65%,6.26%,90.09%,True,1,30,57,2895,198,3180,0.94%,1.79%,91.04%,6.23%,False,1
3506607,BIRITIBA MIRIM,SP,46,104,1.169,1.319,3.49%,7.88%,88.63%,True,1,4,17,1173,125,1319,0.3%,1.29%,88.93%,9.48%,False,1
3506706,BOA ESPERANCA DO SUL,SP,10,24,486,520,1.92%,4.62%,93.46%,False,1,2,9,477,33,521,0.38%,1.73%,91.55%,6.33%,False,1
3506805,BOCAINA,SP,4,12,435,451,0.89%,2.66%,96.45%,False,1,2,5,407,37,451,0.44%,1.11%,90.24%,8.2%,False,1
3506904,BOFETE,SP,5,19,505,529,0.95%,3.59%,95.46%,False,1,3,3,462,61,529,0.57%,0.57%,87.33%,11.53%,False,1
3507001,BOITUVA,SP,52,154,2.424,2.63,1.98%,5.86%,92.17%,True,1,10,40,2398,182,2630,0.38%,1.52%,91.18%,6.92%,False,1
3507100,BOM JESUS DOS PERDOES,SP,44,81,910,1.035,4.25%,7.83%,87.92%,True,1,5,19,953,58,1035,0.48%,1.84%,92.08%,5.6%,False,1
3507159,BOM SUCESSO DE ITARARE,SP,13,16,246,275,4.73%,5.82%,89.45%,False,1,1,8,243,23,275,0.36%,2.91%,88.36%,8.36%,False,1
3507209,BORA,SP,0,3,50,53,-,5.66%,94.34%,False,1,0,0,42,11,53,-,-,79.25%,20.75%,False,1
3507308,BORACEIA,SP,3,18,174,195,1.54%,9.23%,89.23%,False,1,0,4,171,20,195,-,2.05%,87.69%,10.26%,False,1
3507407,BORBOREMA,SP,9,14,513,536,1.68%,2.61%,95.71%,False,1,0,9,475,52,536,-,1.68%,88.62%,9.7%,False,1
3507456,BOREBI,SP,6,6,200,212,2.83%,2.83%,94.34%,False,1,1,4,194,13,212,0.47%,1.89%,91.51%,6.13%,False,1
3507506,BOTUCATU,SP,157,310,5.23,5.697,2.76%,5.44%,91.8%,True,1,49,120,5176,352,5697,0.86%,2.11%,90.85%,6.18%,False,1
3507605,BRAGANCA PAULISTA,SP,123,232,3.548,3.903,3.15%,5.94%,90.9%,True,1,23,48,3484,347,3902,0.59%,1.23%,89.29%,8.89%,False,1
3507704,BRAUNA,SP,6,5,155,166,3.61%,3.01%,93.37%,False,1,2,1,149,14,166,1.2%,0.6%,89.76%,8.43%,False,1
3507753,BREJO ALEGRE,SP,7,5,135,147,4.76%,3.4%,91.84%,False,1,0,0,125,22,147,-,-,85.03%,14.97%,False,1
3507803,BRODOWSKI,SP,18,30,940,988,1.82%,3.04%,95.14%,False,1,3,18,896,71,988,0.3%,1.82%,90.69%,7.19%,False,1
3507902,BROTAS,SP,22,26,524,572,3.85%,4.55%,91.61%,False,1,10,12,512,38,572,1.75%,2.1%,89.51%,6.64%,False,1
3508009,BURI,SP,27,56,1.238,1.321,2.04%,4.24%,93.72%,True,1,5,29,1189,97,1320,0.38%,2.2%,90.08%,7.35%,False,1
3508108,BURITAMA,SP,29,28,550,607,4.78%,4.61%,90.61%,False,1,3,13,535,56,607,0.49%,2.14%,88.14%,9.23%,False,1
3508207,BURITIZAL,SP,1,1,93,95,1.05%,1.05%,97.89%,False,1,1,2,87,5,95,1.05%,2.11%,91.58%,5.26%,False,1
3508306,CABRALIA PAULISTA,SP,0,6,225,231,-,2.6%,97.4%,False,1,0,4,212,15,231,-,1.73%,91.77%,6.49%,False,1
3508405,CABREUVA,SP,74,144,1.573,1.791,4.13%,8.04%,87.83%,True,1,10,32,1626,123,1791,0.56%,1.79%,90.79%,6.87%,False,1
3508504,CACAPAVA,SP,50,161,2.573,2.784,1.8%,5.78%,92.42%,True,1,23,48,2529,184,2784,0.83%,1.72%,90.84%,6.61%,False,1
3508603,CACHOEIRA PAULISTA,SP,28,33,588,649,4.31%,5.08%,90.6%,False,1,8,18,565,58,649,1.23%,2.77%,87.06%,8.94%,False,1
3508702,CACONDE,SP,12,28,627,667,1.8%,4.2%,94%,False,1,5,7,600,55,667,0.75%,1.05%,89.96%,8.25%,False,1
3508801,CAFELANDIA,SP,5,11,623,639,0.78%,1.72%,97.5%,False,1,3,4,582,50,639,0.47%,0.63%,91.08%,7.82%,False,1
3508900,CAIABU,SP,4,5,180,189,2.12%,2.65%,95.24%,False,1,1,0,168,20,189,0.53%,-,88.89%,10.58%,False,1
3509007,CAIEIRAS,SP,49,145,2.985,3.179,1.54%,4.56%,93.9%,True,1,13,52,2893,221,3179,0.41%,1.64%,91%,6.95%,False,1
3509106,CAIUA,SP,4,4,142,150,2.67%,2.67%,94.67%,False,1,2,1,135,12,150,1.33%,0.67%,90%,8%,False,1
3509205,CAJAMAR,SP,98,225,4.185,4.508,2.17%,4.99%,92.83%,True,1,21,76,4104,307,4508,0.47%,1.69%,91.04%,6.81%,False,1
3509254,CAJATI,SP,14,54,1.566,1.634,0.86%,3.3%,95.84%,True,1,2,25,1468,139,1634,0.12%,1.53%,89.84%,8.51%,False,1
3509304,CAJOBI,SP,6,15,380,401,1.5%,3.74%,94.76%,False,1,0,5,352,44,401,-,1.25%,87.78%,10.97%,False,1
3509403,CAJURU,SP,18,53,822,893,2.02%,5.94%,92.05%,False,1,4,13,797,79,893,0.45%,1.46%,89.25%,8.85%,False,1
3509452,CAMPINA DO MONTE ALEGRE,SP,6,10,296,312,1.92%,3.21%,94.87%,False,1,0,5,268,39,312,-,1.6%,85.9%,12.5%,False,1
3509502,CAMPINAS,SP,535,1.256,26.897,28.688,1.86%,4.38%,93.76%,True,1,209,575,26189,1715,28688,0.73%,2%,91.29%,5.98%,False,1
3509601,CAMPO LIMPO PAULISTA,SP,61,107,1.466,1.634,3.73%,6.55%,89.72%,True,1,8,29,1489,108,1634,0.49%,1.77%,91.13%,6.61%,False,1
3509700,CAMPOS DO JORDAO,SP,79,149,1.397,1.625,4.86%,9.17%,85.97%,True,1,16,68,1462,79,1625,0.98%,4.18%,89.97%,4.86%,False,1
3509809,CAMPOS NOVOS PAULISTA,SP,6,20,242,268,2.24%,7.46%,90.3%,False,1,0,6,237,25,268,-,2.24%,88.43%,9.33%,False,1
3509908,CANANEIA,SP,8,26,322,356,2.25%,7.3%,90.45%,False,1,3,2,326,25,356,0.84%,0.56%,91.57%,7.02%,False,1
3509957,CANAS,SP,1,12,137,150,0.67%,8%,91.33%,False,1,0,6,133,11,150,-,4%,88.67%,7.33%,False,1
3510005,CANDIDO MOTA,SP,17,32,891,940,1.81%,3.4%,94.79%,False,1,12,18,845,65,940,1.28%,1.91%,89.89%,6.91%,False,1
3510104,CANDIDO RODRIGUES,SP,4,3,112,119,3.36%,2.52%,94.12%,False,1,0,1,110,8,119,-,0.84%,92.44%,6.72%,False,1
3510153,CANITAR,SP,19,27,299,345,5.51%,7.83%,86.67%,False,1,1,5,321,18,345,0.29%,1.45%,93.04%,5.22%,False,1
3510203,CAPAO BONITO,SP,72,175,2.017,2.264,3.18%,7.73%,89.09%,True,1,10,39,2019,196,2264,0.44%,1.72%,89.18%,8.66%,False,1
3510302,CAPELA DO ALTO,SP,11,49,1.125,1.185,0.93%,4.14%,94.94%,True,1,5,14,1064,102,1185,0.42%,1.18%,89.79%,8.61%,False,1
3510401,CAPIVARI,SP,27,62,1.561,1.65,1.64%,3.76%,94.61%,True,1,8,18,1508,116,1650,0.48%,1.09%,91.39%,7.03%,False,1
3510500,CARAGUATATUBA,SP,262,417,5.423,6.102,4.29%,6.83%,88.87%,True,1,61,132,5460,449,6102,1%,2.16%,89.48%,7.36%,False,1
3510609,CARAPICUIBA,SP,301,768,10.904,11.973,2.51%,6.41%,91.07%,True,1,48,210,10924,792,11974,0.4%,1.75%,91.23%,6.61%,False,1
3510708,CARDOSO,SP,7,8,357,372,1.88%,2.15%,95.97%,False,1,1,2,331,38,372,0.27%,0.54%,88.98%,10.22%,False,1
3510807,CASA BRANCA,SP,16,52,1.007,1.075,1.49%,4.84%,93.67%,True,1,3,11,980,81,1075,0.28%,1.02%,91.16%,7.53%,False,1
3510906,CASSIA DOS COQUEIROS,SP,3,2,75,80,3.75%,2.5%,93.75%,False,1,1,2,71,6,80,1.25%,2.5%,88.75%,7.5%,False,1
3511003,CASTILHO,SP,14,46,748,808,1.73%,5.69%,92.57%,False,1,10,17,716,65,808,1.24%,2.1%,88.61%,8.04%,False,1
3511102,CATANDUVA,SP,194,208,2.782,3.184,6.09%,6.53%,87.37%,True,1,49,90,2763,282,3184,1.54%,2.83%,86.78%,8.86%,False,1
3511201,CATIGUA,SP,2,3,178,183,1.09%,1.64%,97.27%,False,1,0,1,170,12,183,-,0.55%,92.9%,6.56%,False,1
3511300,CEDRAL,SP,5,14,447,466,1.07%,3%,95.92%,False,1,2,7,427,30,466,0.43%,1.5%,91.63%,6.44%,False,1
3511409,CERQUEIRA CESAR,SP,14,29,617,660,2.12%,4.39%,93.48%,False,1,5,8,609,38,660,0.76%,1.21%,92.27%,5.76%,False,1
3511508,CERQUILHO,SP,59,76,1.042,1.177,5.01%,6.46%,88.53%,True,1,7,21,1072,77,1177,0.59%,1.78%,91.08%,6.54%,False,1
3511607,CESARIO LANGE,SP,28,62,874,964,2.9%,6.43%,90.66%,False,1,5,12,873,74,964,0.52%,1.24%,90.56%,7.68%,False,1
3511706,CHARQUEADA,SP,32,29,450,511,6.26%,5.68%,88.06%,False,1,5,15,455,36,511,0.98%,2.94%,89.04%,7.05%,False,1
3511904,CLEMENTINA,SP,2,12,378,392,0.51%,3.06%,96.43%,False,1,0,4,355,33,392,-,1.02%,90.56%,8.42%,False,1
3512001,COLINA,SP,13,43,530,586,2.22%,7.34%,90.44%,False,1,4,15,514,53,586,0.68%,2.56%,87.71%,9.04%,False,1
3512100,COLOMBIA,SP,8,14,180,202,3.96%,6.93%,89.11%,False,1,2,5,180,15,202,0.99%,2.48%,89.11%,7.43%,False,1
3512209,CONCHAL,SP,22,52,1.237,1.311,1.68%,3.97%,94.36%,True,1,10,23,1173,105,1311,0.76%,1.75%,89.47%,8.01%,False,1
3512308,CONCHAS,SP,16,23,509,548,2.92%,4.2%,92.88%,False,1,10,34,465,39,548,1.82%,6.2%,84.85%,7.12%,False,1
3512407,CORDEIROPOLIS,SP,21,44,939,1.004,2.09%,4.38%,93.53%,True,1,1,12,925,66,1004,0.1%,1.2%,92.13%,6.57%,False,1
3512506,COROADOS,SP,0,8,105,113,-,7.08%,92.92%,False,1,0,0,102,11,113,-,-,90.27%,9.73%,False,1
3512605,CORONEL MACEDO,SP,1,8,180,189,0.53%,4.23%,95.24%,False,1,0,3,172,14,189,-,1.59%,91.01%,7.41%,False,1
3512704,CORUMBATAI,SP,1,3,92,96,1.04%,3.13%,95.83%,False,1,0,3,83,10,96,-,3.13%,86.46%,10.42%,False,1
3512803,COSMOPOLIS,SP,42,99,1.799,1.94,2.16%,5.1%,92.73%,True,1,10,39,1761,130,1940,0.52%,2.01%,90.77%,6.7%,False,1
3512902,COSMORAMA,SP,14,21,337,372,3.76%,5.65%,90.59%,False,1,1,7,329,35,372,0.27%,1.88%,88.44%,9.41%,False,1
3513009,COTIA,SP,269,466,6.181,6.916,3.89%,6.74%,89.37%,True,1,67,160,6234,455,6916,0.97%,2.31%,90.14%,6.58%,False,1
3513108,CRAVINHOS,SP,26,40,912,978,2.66%,4.09%,93.25%,False,1,8,17,866,87,978,0.82%,1.74%,88.55%,8.9%,False,1
3513207,CRISTAIS PAULISTA,SP,10,19,390,419,2.39%,4.53%,93.08%,False,1,1,9,372,37,419,0.24%,2.15%,88.78%,8.83%,False,1
3513306,CRUZALIA,SP,1,6,93,100,1%,6%,93%,False,1,1,0,85,14,100,1%,-,85%,14%,False,1
3513405,CRUZEIRO,SP,53,126,2.207,2.386,2.22%,5.28%,92.5%,True,1,11,40,2181,154,2386,0.46%,1.68%,91.41%,6.45%,False,1
3513504,CUBATAO,SP,115,270,3.703,4.088,2.81%,6.6%,90.58%,True,1,34,80,3665,310,4089,0.83%,1.96%,89.63%,7.58%,False,1
3513603,CUNHA,SP,19,56,962,1.037,1.83%,5.4%,92.77%,True,1,2,9,941,85,1037,0.19%,0.87%,90.74%,8.2%,False,1
3513702,DESCALVADO,SP,32,57,1.039,1.128,2.84%,5.05%,92.11%,True,1,9,22,1010,87,1128,0.8%,1.95%,89.54%,7.71%,False,1
3513801,DIADEMA,SP,299,606,11.429,12.334,2.42%,4.91%,92.66%,True,1,76,225,11079,954,12334,0.62%,1.82%,89.82%,7.73%,False,1
3513850,DIRCE REIS,SP,1,3,70,74,1.35%,4.05%,94.59%,False,1,0,0,66,8,74,-,-,89.19%,10.81%,False,1
3513900,DIVINOLANDIA,SP,12,13,427,452,2.65%,2.88%,94.47%,False,1,5,5,418,24,452,1.11%,1.11%,92.48%,5.31%,False,1
3514007,DOBRADA,SP,19,30,319,368,5.16%,8.15%,86.68%,False,1,4,7,316,41,368,1.09%,1.9%,85.87%,11.14%,False,1
3514106,DOIS CORREGOS,SP,27,67,1.062,1.156,2.34%,5.8%,91.87%,True,1,5,21,1050,80,1156,0.43%,1.82%,90.83%,6.92%,False,1
3514205,DOLCINOPOLIS,SP,3,10,124,137,2.19%,7.3%,90.51%,False,1,1,4,123,9,137,0.73%,2.92%,89.78%,6.57%,False,1
3514304,DOURADO,SP,1,8,87,96,1.04%,8.33%,90.63%,False,1,1,2,82,11,96,1.04%,2.08%,85.42%,11.46%,False,1
3514403,DRACENA,SP,19,59,1.333,1.411,1.35%,4.18%,94.47%,True,1,4,26,1290,91,1411,0.28%,1.84%,91.42%,6.45%,False,1
3514502,DUARTINA,SP,10,13,463,486,2.06%,2.67%,95.27%,False,1,3,8,416,59,486,0.62%,1.65%,85.6%,12.14%,False,1
3514601,DUMONT,SP,0,12,224,236,-,5.08%,94.92%,False,1,0,1,218,17,236,-,0.42%,92.37%,7.2%,False,1
3514700,ECHAPORA,SP,2,16,337,355,0.56%,4.51%,94.93%,False,1,0,6,314,35,355,-,1.69%,88.45%,9.86%,False,1
3514809,ELDORADO,SP,11,34,700,745,1.48%,4.56%,93.96%,False,1,3,12,676,54,745,0.4%,1.61%,90.74%,7.25%,False,1
3514908,ELIAS FAUSTO,SP,17,31,603,651,2.61%,4.76%,92.63%,False,1,2,11,592,46,651,0.31%,1.69%,90.94%,7.07%,False,1
3514924,ELISIARIO,SP,2,9,133,144,1.39%,6.25%,92.36%,False,1,1,0,135,8,144,0.69%,-,93.75%,5.56%,False,1
3514957,EMBAUBA,SP,0,1,23,24,-,4.17%,95.83%,False,1,0,0,21,3,24,-,-,87.5%,12.5%,False,1
3515004,EMBU DAS ARTES,SP,710,818,11.285,12.813,5.54%,6.38%,88.07%,True,1,334,353,10989,1138,12814,2.61%,2.75%,85.76%,8.88%,False,1
3515103,EMBU-GUACU,SP,92,155,1.861,2.108,4.36%,7.35%,88.28%,True,1,21,34,1871,182,2108,1%,1.61%,88.76%,8.63%,False,1
3515129,EMILIANOPOLIS,SP,4,1,140,145,2.76%,0.69%,96.55%,False,1,0,1,129,15,145,-,0.69%,88.97%,10.34%,False,1
3515152,ENGENHEIRO COELHO,SP,10,57,828,895,1.12%,6.37%,92.51%,False,1,8,10,806,71,895,0.89%,1.12%,90.06%,7.93%,False,1
3515186,ESPIRITO SANTO DO PINHAL,SP,36,88,1.01,1.134,3.17%,7.76%,89.07%,True,1,9,23,1004,98,1134,0.79%,2.03%,88.54%,8.64%,False,1
3515194,ESPIRITO SANTO DO TURVO,SP,9,25,261,295,3.05%,8.47%,88.47%,False,1,0,3,269,23,295,-,1.02%,91.19%,7.8%,False,1
3515202,ESTRELA D'OESTE,SP,7,13,337,357,1.96%,3.64%,94.4%,False,1,2,3,323,29,357,0.56%,0.84%,90.48%,8.12%,False,1
3515301,ESTRELA DO NORTE,SP,1,3,105,109,0.92%,2.75%,96.33%,False,1,1,1,97,10,109,0.92%,0.92%,88.99%,9.17%,False,1
3515350,EUCLIDES DA CUNHA PAULISTA,SP,5,11,329,345,1.45%,3.19%,95.36%,False,1,1,5,305,34,345,0.29%,1.45%,88.41%,9.86%,False,1
3515400,FARTURA,SP,23,23,753,799,2.88%,2.88%,94.24%,False,1,4,17,708,70,799,0.5%,2.13%,88.61%,8.76%,False,1
3515509,FERNANDOPOLIS,SP,29,101,2.159,2.289,1.27%,4.41%,94.32%,True,1,18,42,2065,164,2289,0.79%,1.83%,90.21%,7.16%,False,1
3515608,FERNANDO PRESTES,SP,9,11,212,232,3.88%,4.74%,91.38%,False,1,2,2,200,28,232,0.86%,0.86%,86.21%,12.07%,False,1
3515657,FERNAO,SP,1,8,84,93,1.08%,8.6%,90.32%,False,1,1,2,81,9,93,1.08%,2.15%,87.1%,9.68%,False,1
3515707,FERRAZ DE VASCONCELOS,SP,189,529,6.494,7.212,2.62%,7.33%,90.04%,True,1,56,99,6546,512,7213,0.78%,1.37%,90.75%,7.1%,False,1
3515806,FLORA RICA,SP,5,4,60,69,7.25%,5.8%,86.96%,False,1,0,0,66,3,69,-,-,95.65%,4.35%,False,1
3515905,FLOREAL,SP,4,6,105,115,3.48%,5.22%,91.3%,False,1,2,3,102,8,115,1.74%,2.61%,88.7%,6.96%,False,1
3516002,FLORIDA PAULISTA,SP,6,16,375,397,1.51%,4.03%,94.46%,False,1,2,4,350,41,397,0.5%,1.01%,88.16%,10.33%,False,1
3516101,FLORINEA,SP,2,9,87,98,2.04%,9.18%,88.78%,False,1,0,0,88,10,98,-,-,89.8%,10.2%,False,1
3516200,FRANCA,SP,173,451,8.827,9.451,1.83%,4.77%,93.4%,True,1,78,182,8705,486,9451,0.83%,1.93%,92.11%,5.14%,False,1
3516309,FRANCISCO MORATO,SP,318,488,7.196,8.002,3.97%,6.1%,89.93%,True,1,66,157,7060,719,8002,0.82%,1.96%,88.23%,8.99%,False,1
3516408,FRANCO DA ROCHA,SP,288,420,5.788,6.496,4.43%,6.47%,89.1%,True,1,54,114,5816,512,6496,0.83%,1.75%,89.53%,7.88%,False,1
3516507,GABRIEL MONTEIRO,SP,0,3,104,107,-,2.8%,97.2%,False,1,0,0,95,12,107,-,-,88.79%,11.21%,False,1
3516606,GALIA,SP,5,6,198,209,2.39%,2.87%,94.74%,False,1,0,3,184,22,209,-,1.44%,88.04%,10.53%,False,1
3516705,GARCA,SP,43,56,1.659,1.758,2.45%,3.19%,94.37%,True,1,8,25,1594,131,1758,0.46%,1.42%,90.67%,7.45%,False,1
3516804,GASTAO VIDIGAL,SP,0,2,151,153,-,1.31%,98.69%,False,1,0,1,142,10,153,-,0.65%,92.81%,6.54%,False,1
3516853,GAVIAO PEIXOTO,SP,2,1,289,292,0.68%,0.34%,98.97%,False,1,2,3,271,16,292,0.68%,1.03%,92.81%,5.48%,False,1
3516903,GENERAL SALGADO,SP,3,15,348,366,0.82%,4.1%,95.08%,False,1,2,4,334,26,366,0.55%,1.09%,91.26%,7.1%,False,1
3517000,GETULINA,SP,6,15,274,295,2.03%,5.08%,92.88%,False,1,2,7,263,23,295,0.68%,2.37%,89.15%,7.8%,False,1
3517109,GLICERIO,SP,8,11,162,181,4.42%,6.08%,89.5%,False,1,0,5,166,10,181,-,2.76%,91.71%,5.52%,False,1
3517208,GUAICARA,SP,22,30,507,559,3.94%,5.37%,90.7%,False,1,5,6,490,58,559,0.89%,1.07%,87.66%,10.38%,False,1
3517307,GUAIMBE,SP,0,11,183,194,-,5.67%,94.33%,False,1,0,4,168,22,194,-,2.06%,86.6%,11.34%,False,1
3517406,GUAIRA,SP,32,75,1.282,1.389,2.3%,5.4%,92.3%,True,1,5,30,1254,100,1389,0.36%,2.16%,90.28%,7.2%,False,1
3517505,GUAPIACU,SP,17,64,850,931,1.83%,6.87%,91.3%,False,1,9,19,836,67,931,0.97%,2.04%,89.8%,7.2%,False,1
3517604,GUAPIARA,SP,17,42,649,708,2.4%,5.93%,91.67%,False,1,5,8,619,76,708,0.71%,1.13%,87.43%,10.73%,False,1
3517703,GUARA,SP,22,29,727,778,2.83%,3.73%,93.44%,False,1,4,5,710,59,778,0.51%,0.64%,91.26%,7.58%,False,1
3517802,GUARACAI,SP,5,12,243,260,1.92%,4.62%,93.46%,False,1,1,5,239,15,260,0.38%,1.92%,91.92%,5.77%,False,1
3517901,GUARACI,SP,15,29,361,405,3.7%,7.16%,89.14%,False,1,5,3,355,42,405,1.23%,0.74%,87.65%,10.37%,False,1
3518008,GUARANI D'OESTE,SP,5,2,91,98,5.1%,2.04%,92.86%,False,1,2,2,90,4,98,2.04%,2.04%,91.84%,4.08%,False,1
3518107,GUARANTA,SP,6,22,254,282,2.13%,7.8%,90.07%,False,1,2,6,257,17,282,0.71%,2.13%,91.13%,6.03%,False,1
3518206,GUARARAPES,SP,9,29,826,864,1.04%,3.36%,95.6%,False,1,2,15,789,58,864,0.23%,1.74%,91.32%,6.71%,False,1
3518305,GUARAREMA,SP,11,30,1.217,1.258,0.87%,2.38%,96.74%,True,1,3,14,1160,81,1258,0.24%,1.11%,92.21%,6.44%,False,1
3518404,GUARATINGUETA,SP,60,172,2.891,3.123,1.92%,5.51%,92.57%,True,1,15,62,2829,217,3123,0.48%,1.99%,90.59%,6.95%,False,1
3518503,GUAREI,SP,9,25,554,588,1.53%,4.25%,94.22%,False,1,3,7,531,47,588,0.51%,1.19%,90.31%,7.99%,False,1
3518602,GUARIBA,SP,50,41,584,675,7.41%,6.07%,86.52%,False,1,19,22,574,60,675,2.81%,3.26%,85.04%,8.89%,False,1
3518701,GUARUJA,SP,237,539,7.473,8.249,2.87%,6.53%,90.59%,True,1,160,148,7355,586,8249,1.94%,1.79%,89.16%,7.1%,False,1
3518800,GUARULHOS,SP,1.901,2.496,35.308,39.705,4.79%,6.29%,88.93%,True,1,364,800,35575,2964,39703,0.92%,2.01%,89.6%,7.47%,False,1
3518859,GUATAPARA,SP,0,9,292,301,-,2.99%,97.01%,False,1,0,3,276,22,301,-,1%,91.69%,7.31%,False,1
3518909,GUZOLANDIA,SP,7,8,216,231,3.03%,3.46%,93.51%,False,1,3,4,200,24,231,1.3%,1.73%,86.58%,10.39%,False,1
3519006,HERCULANDIA,SP,5,5,61,71,7.04%,7.04%,85.92%,False,1,3,2,61,5,71,4.23%,2.82%,85.92%,7.04%,False,1
3519055,HOLAMBRA,SP,3,11,214,228,1.32%,4.82%,93.86%,False,1,3,5,185,35,228,1.32%,2.19%,81.14%,15.35%,False,1
3519071,HORTOLANDIA,SP,153,161,3.147,3.461,4.42%,4.65%,90.93%,True,1,75,63,3035,289,3462,2.17%,1.82%,87.67%,8.35%,False,1
3519105,IACANGA,SP,9,20,433,462,1.95%,4.33%,93.72%,False,1,2,8,418,34,462,0.43%,1.73%,90.48%,7.36%,False,1
3519204,IACRI,SP,2,5,116,123,1.63%,4.07%,94.31%,False,1,0,1,114,8,123,-,0.81%,92.68%,6.5%,False,1
3519253,IARAS,SP,10,34,297,341,2.93%,9.97%,87.1%,False,1,3,5,311,22,341,0.88%,1.47%,91.2%,6.45%,False,1
3519303,IBATE,SP,23,56,1.147,1.226,1.88%,4.57%,93.56%,True,1,7,26,1102,91,1226,0.57%,2.12%,89.89%,7.42%,False,1
3519402,IBIRA,SP,9,7,510,526,1.71%,1.33%,96.96%,False,1,4,3,467,52,526,0.76%,0.57%,88.78%,9.89%,False,1
3519501,IBIRAREMA,SP,9,18,256,283,3.18%,6.36%,90.46%,False,1,1,4,243,35,283,0.35%,1.41%,85.87%,12.37%,False,1
3519600,IBITINGA,SP,25,62,1.303,1.39,1.8%,4.46%,93.74%,True,1,11,18,1252,109,1390,0.79%,1.29%,90.07%,7.84%,False,1
3519709,IBIUNA,SP,112,188,2.541,2.841,3.94%,6.62%,89.44%,True,1,44,49,2558,189,2840,1.55%,1.73%,90.07%,6.65%,False,1
3519808,ICEM,SP,3,9,274,286,1.05%,3.15%,95.8%,False,1,2,4,259,21,286,0.7%,1.4%,90.56%,7.34%,False,1
3519907,IEPE,SP,6,11,260,277,2.17%,3.97%,93.86%,False,1,2,5,251,19,277,0.72%,1.81%,90.61%,6.86%,False,1
3520004,IGARACU DO TIETE,SP,16,40,643,699,2.29%,5.72%,91.99%,False,1,5,16,617,61,699,0.72%,2.29%,88.27%,8.73%,False,1
3520103,IGARAPAVA,SP,34,69,714,817,4.16%,8.45%,87.39%,False,1,6,21,721,69,817,0.73%,2.57%,88.25%,8.45%,False,1
3520202,IGARATA,SP,14,18,530,562,2.49%,3.2%,94.31%,False,1,1,9,507,45,562,0.18%,1.6%,90.21%,8.01%,False,1
3520301,IGUAPE,SP,18,57,1.172,1.247,1.44%,4.57%,93.99%,True,1,2,15,1126,104,1247,0.16%,1.2%,90.3%,8.34%,False,1
3520400,ILHABELA,SP,24,103,1.93,2.057,1.17%,5.01%,93.83%,True,1,4,31,1892,130,2057,0.19%,1.51%,91.98%,6.32%,False,1
3520426,ILHA COMPRIDA,SP,5,20,681,706,0.71%,2.83%,96.46%,False,1,4,8,653,41,706,0.57%,1.13%,92.49%,5.81%,False,1
3520442,ILHA SOLTEIRA,SP,11,24,734,769,1.43%,3.12%,95.45%,False,1,4,6,699,60,769,0.52%,0.78%,90.9%,7.8%,False,1
3520509,INDAIATUBA,SP,100,296,5.954,6.35,1.57%,4.66%,93.76%,True,1,21,130,5824,375,6350,0.33%,2.05%,91.72%,5.91%,False,1
3520608,INDIANA,SP,4,4,245,253,1.58%,1.58%,96.84%,False,1,1,2,229,21,253,0.4%,0.79%,90.51%,8.3%,False,1
3520707,INDIAPORA,SP,4,14,185,203,1.97%,6.9%,91.13%,False,1,1,6,181,15,203,0.49%,2.96%,89.16%,7.39%,False,1
3520806,INUBIA PAULISTA,SP,2,9,152,163,1.23%,5.52%,93.25%,False,1,0,6,140,17,163,-,3.68%,85.89%,10.43%,False,1
3520905,IPAUSSU,SP,20,39,476,535,3.74%,7.29%,88.97%,False,1,4,9,483,39,535,0.75%,1.68%,90.28%,7.29%,False,1
3521002,IPERO,SP,22,78,1.581,1.681,1.31%,4.64%,94.05%,True,1,7,22,1548,104,1681,0.42%,1.31%,92.09%,6.19%,False,1
3521101,IPEUNA,SP,9,25,323,357,2.52%,7%,90.48%,False,1,1,11,324,21,357,0.28%,3.08%,90.76%,5.88%,False,1
3521150,IPIGUA,SP,2,5,241,248,0.81%,2.02%,97.18%,False,1,0,2,228,18,248,-,0.81%,91.94%,7.26%,False,1
3521200,IPORANGA,SP,4,6,222,232,1.72%,2.59%,95.69%,False,1,2,2,202,26,232,0.86%,0.86%,87.07%,11.21%,False,1
3521309,IPUA,SP,11,36,599,646,1.7%,5.57%,92.72%,False,1,3,9,577,57,646,0.46%,1.39%,89.32%,8.82%,False,1
3521408,IRACEMAPOLIS,SP,18,34,600,652,2.76%,5.21%,92.02%,False,1,3,5,594,50,652,0.46%,0.77%,91.1%,7.67%,False,1
3521507,IRAPUA,SP,1,11,421,433,0.23%,2.54%,97.23%,False,1,0,7,389,37,433,-,1.62%,89.84%,8.55%,False,1
3521606,IRAPURU,SP,5,6,187,198,2.53%,3.03%,94.44%,False,1,0,4,165,29,198,-,2.02%,83.33%,14.65%,False,1
3521705,ITABERA,SP,23,45,897,965,2.38%,4.66%,92.95%,False,1,3,18,758,186,965,0.31%,1.87%,78.55%,19.27%,False,1
3521804,ITAI,SP,16,37,1.082,1.135,1.41%,3.26%,95.33%,True,1,9,21,1036,69,1135,0.79%,1.85%,91.28%,6.08%,False,1
3521903,ITAJOBI,SP,20,31,406,457,4.38%,6.78%,88.84%,False,1,1,4,418,34,457,0.22%,0.88%,91.47%,7.44%,False,1
3522000,ITAJU,SP,7,10,189,206,3.4%,4.85%,91.75%,False,1,1,1,184,20,206,0.49%,0.49%,89.32%,9.71%,False,1
3522109,ITANHAEM,SP,76,167,3.064,3.307,2.3%,5.05%,92.65%,True,1,30,60,2963,254,3307,0.91%,1.81%,89.6%,7.68%,False,1
3522158,ITAOCA,SP,3,3,174,180,1.67%,1.67%,96.67%,False,1,0,2,166,12,180,-,1.11%,92.22%,6.67%,False,1
3522208,ITAPECERICA DA SERRA,SP,246,359,5.011,5.616,4.38%,6.39%,89.23%,True,1,70,135,4987,425,5617,1.25%,2.4%,88.78%,7.57%,False,1
3522307,ITAPETININGA,SP,168,437,6.756,7.361,2.28%,5.94%,91.78%,True,1,36,141,6731,453,7361,0.49%,1.92%,91.44%,6.15%,False,1
3522406,ITAPEVA,SP,92,251,4.234,4.577,2.01%,5.48%,92.51%,True,1,14,68,4162,333,4577,0.31%,1.49%,90.93%,7.28%,False,1
3522505,ITAPEVI,SP,201,364,7.577,8.142,2.47%,4.47%,93.06%,True,1,45,162,7423,513,8143,0.55%,1.99%,91.16%,6.3%,False,1
3522604,ITAPIRA,SP,45,81,1.324,1.45,3.1%,5.59%,91.31%,True,1,9,22,1314,105,1450,0.62%,1.52%,90.62%,7.24%,False,1
3522653,ITAPIRAPUA PAULISTA,SP,11,14,302,327,3.36%,4.28%,92.35%,False,1,1,4,288,34,327,0.31%,1.22%,88.07%,10.4%,False,1
3522703,ITAPOLIS,SP,24,67,1.254,1.345,1.78%,4.98%,93.23%,True,1,6,16,1228,95,1345,0.45%,1.19%,91.3%,7.06%,False,1
3522802,ITAPORANGA,SP,9,24,578,611,1.47%,3.93%,94.6%,False,1,3,11,542,55,611,0.49%,1.8%,88.71%,9%,False,1
3522901,ITAPUI,SP,16,38,829,883,1.81%,4.3%,93.88%,False,1,1,9,787,86,883,0.11%,1.02%,89.13%,9.74%,False,1
3523008,ITAPURA,SP,1,13,161,175,0.57%,7.43%,92%,False,1,0,2,154,19,175,-,1.14%,88%,10.86%,False,1
3523107,ITAQUAQUECETUBA,SP,391,639,8.152,9.182,4.26%,6.96%,88.78%,True,1,56,135,8281,708,9180,0.61%,1.47%,90.21%,7.71%,False,1
3523206,ITARARE,SP,45,127,1.888,2.06,2.18%,6.17%,91.65%,True,1,7,38,1872,143,2060,0.34%,1.84%,90.87%,6.94%,False,1
3523305,ITARIRI,SP,25,43,573,641,3.9%,6.71%,89.39%,False,1,7,24,550,60,641,1.09%,3.74%,85.8%,9.36%,False,1
3523404,ITATIBA,SP,102,167,3.25,3.519,2.9%,4.75%,92.36%,True,1,30,58,3228,203,3519,0.85%,1.65%,91.73%,5.77%,False,1
3523503,ITATINGA,SP,16,40,663,719,2.23%,5.56%,92.21%,False,1,3,11,636,69,719,0.42%,1.53%,88.46%,9.6%,False,1
3523602,ITIRAPINA,SP,11,22,558,591,1.86%,3.72%,94.42%,False,1,3,9,527,52,591,0.51%,1.52%,89.17%,8.8%,False,1
3523701,ITIRAPUA,SP,3,17,298,318,0.94%,5.35%,93.71%,False,1,3,3,294,18,318,0.94%,0.94%,92.45%,5.66%,False,1
3523800,ITOBI,SP,11,16,303,330,3.33%,4.85%,91.82%,False,1,2,3,291,34,330,0.61%,0.91%,88.18%,10.3%,False,1
3523909,ITU,SP,202,386,6.135,6.723,3%,5.74%,91.25%,True,1,72,145,6092,414,6723,1.07%,2.16%,90.61%,6.16%,False,1
3524006,ITUPEVA,SP,11,33,511,555,1.98%,5.95%,92.07%,False,1,1,4,509,41,555,0.18%,0.72%,91.71%,7.39%,False,1
3524105,ITUVERAVA,SP,28,42,1.106,1.176,2.38%,3.57%,94.05%,True,1,5,16,1051,104,1176,0.43%,1.36%,89.37%,8.84%,False,1
3524204,JABORANDI,SP,6,13,225,244,2.46%,5.33%,92.21%,False,1,2,2,212,28,244,0.82%,0.82%,86.89%,11.48%,False,1
3524303,JABOTICABAL,SP,42,79,1.241,1.362,3.08%,5.8%,91.12%,True,1,20,26,1215,101,1362,1.47%,1.91%,89.21%,7.42%,False,1
3524402,JACAREI,SP,145,280,5.507,5.932,2.44%,4.72%,92.84%,True,1,59,119,5344,410,5932,0.99%,2.01%,90.09%,6.91%,False,1
3524501,JACI,SP,4,21,334,359,1.11%,5.85%,93.04%,False,1,3,2,321,33,359,0.84%,0.56%,89.42%,9.19%,False,1
3524600,JACUPIRANGA,SP,27,41,781,849,3.18%,4.83%,91.99%,False,1,6,12,768,63,849,0.71%,1.41%,90.46%,7.42%,False,1
3524709,JAGUARIUNA,SP,22,76,2.071,2.169,1.01%,3.5%,95.48%,True,1,8,31,1989,141,2169,0.37%,1.43%,91.7%,6.5%,False,1
3524808,JALES,SP,20,66,1.242,1.328,1.51%,4.97%,93.52%,True,1,18,22,1204,84,1328,1.36%,1.66%,90.66%,6.33%,False,1
3524907,JAMBEIRO,SP,8,13,225,246,3.25%,5.28%,91.46%,False,1,1,7,224,14,246,0.41%,2.85%,91.06%,5.69%,False,1
3525003,JANDIRA,SP,95,184,2.625,2.904,3.27%,6.34%,90.39%,True,1,19,66,2590,229,2904,0.65%,2.27%,89.19%,7.89%,False,1
3525102,JARDINOPOLIS,SP,29,57,1.557,1.643,1.77%,3.47%,94.77%,True,1,14,14,1473,142,1643,0.85%,0.85%,89.65%,8.64%,False,1
3525201,JARINU,SP,24,47,1.027,1.098,2.19%,4.28%,93.53%,True,1,18,14,1002,64,1098,1.64%,1.28%,91.26%,5.83%,False,1
3525300,JAU,SP,111,146,2.356,2.613,4.25%,5.59%,90.16%,True,1,26,61,2338,188,2613,1%,2.33%,89.48%,7.19%,False,1
3525409,JERIQUARA,SP,3,9,174,186,1.61%,4.84%,93.55%,False,1,1,2,167,16,186,0.54%,1.08%,89.78%,8.6%,False,1
3525508,JOANOPOLIS,SP,9,16,499,524,1.72%,3.05%,95.23%,False,1,2,7,475,40,524,0.38%,1.34%,90.65%,7.63%,False,1
3525607,JOAO RAMALHO,SP,7,6,174,187,3.74%,3.21%,93.05%,False,1,2,3,162,20,187,1.07%,1.6%,86.63%,10.7%,False,1
3525706,JOSE BONIFACIO,SP,24,54,1.528,1.606,1.49%,3.36%,95.14%,True,1,8,23,1457,118,1606,0.5%,1.43%,90.72%,7.35%,False,1
3525805,JULIO MESQUITA,SP,10,22,245,277,3.61%,7.94%,88.45%,False,1,2,4,248,23,277,0.72%,1.44%,89.53%,8.3%,False,1
3525854,JUMIRIM,SP,2,7,188,197,1.02%,3.55%,95.43%,False,1,2,2,179,14,197,1.02%,1.02%,90.86%,7.11%,False,1
3525904,JUNDIAI,SP,411,564,10.302,11.277,3.64%,5%,91.35%,True,1,134,271,10198,674,11277,1.19%,2.4%,90.43%,5.98%,False,1
3526001,JUNQUEIROPOLIS,SP,14,30,867,911,1.54%,3.29%,95.17%,False,1,5,13,827,66,911,0.55%,1.43%,90.78%,7.24%,False,1
3526100,JUQUIA,SP,12,44,774,830,1.45%,5.3%,93.25%,False,1,5,14,749,62,830,0.6%,1.69%,90.24%,7.47%,False,1
3526209,JUQUITIBA,SP,48,73,1.083,1.204,3.99%,6.06%,89.95%,True,1,15,30,1065,94,1204,1.25%,2.49%,88.46%,7.81%,False,1
3526308,LAGOINHA,SP,6,6,217,229,2.62%,2.62%,94.76%,False,1,0,3,214,12,229,-,1.31%,93.45%,5.24%,False,1
3526407,LARANJAL PAULISTA,SP,35,53,974,1.062,3.3%,4.99%,91.71%,True,1,5,13,942,102,1062,0.47%,1.22%,88.7%,9.6%,False,1
3526506,LAVINIA,SP,5,14,161,180,2.78%,7.78%,89.44%,False,1,1,1,165,13,180,0.56%,0.56%,91.67%,7.22%,False,1
3526605,LAVRINHAS,SP,10,11,292,313,3.19%,3.51%,93.29%,False,1,0,7,293,13,313,-,2.24%,93.61%,4.15%,False,1
3526704,LEME,SP,81,152,2.816,3.049,2.66%,4.99%,92.36%,True,1,28,77,2735,209,3049,0.92%,2.53%,89.7%,6.85%,False,1
3526803,LENCOIS PAULISTA,SP,33,138,2.574,2.745,1.2%,5.03%,93.77%,True,1,7,39,2449,250,2745,0.26%,1.42%,89.22%,9.11%,False,1
3526902,LIMEIRA,SP,159,306,6.11,6.575,2.42%,4.65%,92.93%,True,1,48,101,5961,465,6575,0.73%,1.54%,90.66%,7.07%,False,1
3527009,LINDOIA,SP,1,2,72,75,1.33%,2.67%,96%,False,1,0,0,70,5,75,-,-,93.33%,6.67%,False,1
3527108,LINS,SP,34,89,2.429,2.552,1.33%,3.49%,95.18%,True,1,14,46,2295,197,2552,0.55%,1.8%,89.93%,7.72%,False,1
3527207,LORENA,SP,47,111,2.81,2.968,1.58%,3.74%,94.68%,True,1,18,48,2710,192,2968,0.61%,1.62%,91.31%,6.47%,False,1
3527256,LOURDES,SP,6,8,76,90,6.67%,8.89%,84.44%,False,1,0,1,84,5,90,-,1.11%,93.33%,5.56%,False,1
3527306,LOUVEIRA,SP,24,104,2.162,2.29,1.05%,4.54%,94.41%,True,1,6,37,2132,114,2289,0.26%,1.62%,93.14%,4.98%,False,1
3527405,LUCELIA,SP,6,18,393,417,1.44%,4.32%,94.24%,False,1,11,18,368,20,417,2.64%,4.32%,88.25%,4.8%,False,1
3527504,LUCIANOPOLIS,SP,2,0,121,123,1.63%,-,98.37%,False,1,0,0,114,9,123,-,-,92.68%,7.32%,False,1
3527603,LUIS ANTONIO,SP,5,23,622,650,0.77%,3.54%,95.69%,False,1,4,7,595,44,650,0.62%,1.08%,91.54%,6.77%,False,1
3527702,LUIZIANIA,SP,5,22,271,298,1.68%,7.38%,90.94%,False,1,1,5,273,19,298,0.34%,1.68%,91.61%,6.38%,False,1
3527801,LUPERCIO,SP,1,12,129,142,0.7%,8.45%,90.85%,False,1,1,2,130,9,142,0.7%,1.41%,91.55%,6.34%,False,1
3527900,LUTECIA,SP,5,8,114,127,3.94%,6.3%,89.76%,False,1,1,1,117,8,127,0.79%,0.79%,92.13%,6.3%,False,1
3528007,MACATUBA,SP,18,24,492,534,3.37%,4.49%,92.13%,False,1,4,13,476,41,534,0.75%,2.43%,89.14%,7.68%,False,1
3528106,MACAUBAL,SP,6,13,232,251,2.39%,5.18%,92.43%,False,1,4,1,227,19,251,1.59%,0.4%,90.44%,7.57%,False,1
3528205,MACEDONIA,SP,4,5,176,185,2.16%,2.7%,95.14%,False,1,2,3,163,17,185,1.08%,1.62%,88.11%,9.19%,False,1
3528304,MAGDA,SP,3,5,135,143,2.1%,3.5%,94.41%,False,1,0,1,135,7,143,-,0.7%,94.41%,4.9%,False,1
3528403,MAIRINQUE,SP,44,117,1.752,1.913,2.3%,6.12%,91.58%,True,1,11,38,1731,133,1913,0.58%,1.99%,90.49%,6.95%,False,1
3528502,MAIRIPORA,SP,127,195,2.932,3.254,3.9%,5.99%,90.1%,True,1,34,65,2915,241,3255,1.04%,2%,89.55%,7.4%,False,1
3528601,MANDURI,SP,6,30,418,454,1.32%,6.61%,92.07%,False,1,2,4,401,47,454,0.44%,0.88%,88.33%,10.35%,False,1
3528700,MARABA PAULISTA,SP,8,1,148,157,5.1%,0.64%,94.27%,False,1,4,1,142,10,157,2.55%,0.64%,90.45%,6.37%,False,1
3528809,MARACAI,SP,4,16,489,509,0.79%,3.14%,96.07%,False,1,3,7,466,33,509,0.59%,1.38%,91.55%,6.48%,False,1
3528858,MARAPOAMA,SP,3,5,105,113,2.65%,4.42%,92.92%,False,1,0,1,101,11,113,-,0.88%,89.38%,9.73%,False,1
3528908,MARIAPOLIS,SP,2,7,134,143,1.4%,4.9%,93.71%,False,1,0,2,128,13,143,-,1.4%,89.51%,9.09%,False,1
3529005,MARILIA,SP,108,264,5.785,6.157,1.75%,4.29%,93.96%,True,1,32,131,5601,393,6157,0.52%,2.13%,90.97%,6.38%,False,1
3529104,MARINOPOLIS,SP,2,7,90,99,2.02%,7.07%,90.91%,False,1,0,2,87,10,99,-,2.02%,87.88%,10.1%,False,1
3529203,MARTINOPOLIS,SP,11,32,1.013,1.056,1.04%,3.03%,95.93%,True,1,5,10,967,74,1056,0.47%,0.95%,91.57%,7.01%,False,1
3529302,MATAO,SP,44,107,1.897,2.048,2.15%,5.22%,92.63%,True,1,10,41,1844,153,2048,0.49%,2%,90.04%,7.47%,False,1
3529401,MAUA,SP,344,346,4.602,5.292,6.5%,6.54%,86.96%,True,1,70,134,4608,480,5292,1.32%,2.53%,87.07%,9.07%,False,1
3529500,MENDONCA,SP,9,16,226,251,3.59%,6.37%,90.04%,False,1,3,4,226,18,251,1.2%,1.59%,90.04%,7.17%,False,1
3529609,MERIDIANO,SP,1,14,164,179,0.56%,7.82%,91.62%,False,1,3,7,150,19,179,1.68%,3.91%,83.8%,10.61%,False,1
3529658,MESOPOLIS,SP,1,8,119,128,0.78%,6.25%,92.97%,False,1,0,1,115,12,128,-,0.78%,89.84%,9.38%,False,1
3529708,MIGUELOPOLIS,SP,23,35,451,509,4.52%,6.88%,88.61%,False,1,6,14,437,52,509,1.18%,2.75%,85.85%,10.22%,False,1
3529807,MINEIROS DO TIETE,SP,24,19,369,412,5.83%,4.61%,89.56%,False,1,4,7,377,24,412,0.97%,1.7%,91.5%,5.83%,False,1
3529906,MIRACATU,SP,21,59,952,1.032,2.03%,5.72%,92.25%,True,1,3,16,940,73,1032,0.29%,1.55%,91.09%,7.07%,False,1
3530003,MIRA ESTRELA,SP,2,6,147,155,1.29%,3.87%,94.84%,False,1,0,0,140,15,155,-,-,90.32%,9.68%,False,1
3530102,MIRANDOPOLIS,SP,8,23,477,508,1.57%,4.53%,93.9%,False,1,2,7,457,42,508,0.39%,1.38%,89.96%,8.27%,False,1
3530201,MIRANTE DO PARANAPANEMA,SP,6,32,563,601,1%,5.32%,93.68%,False,1,1,8,548,44,601,0.17%,1.33%,91.18%,7.32%,False,1
3530300,MIRASSOL,SP,63,99,1.557,1.719,3.66%,5.76%,90.58%,True,1,12,32,1553,122,1719,0.7%,1.86%,90.34%,7.1%,False,1
3530409,MIRASSOLANDIA,SP,2,6,174,182,1.1%,3.3%,95.6%,False,1,0,2,160,20,182,-,1.1%,87.91%,10.99%,False,1
3530508,MOCOCA,SP,46,73,1.663,1.782,2.58%,4.1%,93.32%,True,1,17,31,1598,136,1782,0.95%,1.74%,89.67%,7.63%,False,1
3530607,MOGI DAS CRUZES,SP,210,592,10.405,11.207,1.87%,5.28%,92.84%,True,1,64,215,10262,666,11207,0.57%,1.92%,91.57%,5.94%,False,1
3530706,MOGI GUACU,SP,105,203,4.38,4.688,2.24%,4.33%,93.43%,True,1,20,73,4267,328,4688,0.43%,1.56%,91.02%,7%,False,1
3530805,MOGI MIRIM,SP,44,103,2.397,2.544,1.73%,4.05%,94.22%,True,1,18,50,2303,173,2544,0.71%,1.97%,90.53%,6.8%,False,1
3530904,MOMBUCA,SP,9,7,153,169,5.33%,4.14%,90.53%,False,1,1,7,146,15,169,0.59%,4.14%,86.39%,8.88%,False,1
3531001,MONCOES,SP,2,3,73,78,2.56%,3.85%,93.59%,False,1,0,0,66,12,78,-,-,84.62%,15.38%,False,1
3531100,MONGAGUA,SP,25,45,611,681,3.67%,6.61%,89.72%,False,1,7,11,610,54,682,1.03%,1.61%,89.44%,7.92%,False,1
3531209,MONTE ALEGRE DO SUL,SP,5,2,147,154,3.25%,1.3%,95.45%,False,1,2,2,141,9,154,1.3%,1.3%,91.56%,5.84%,False,1
3531308,MONTE ALTO,SP,24,52,1.454,1.53,1.57%,3.4%,95.03%,True,1,6,21,1374,129,1530,0.39%,1.37%,89.8%,8.43%,False,1
3531407,MONTE APRAZIVEL,SP,17,25,633,675,2.52%,3.7%,93.78%,False,1,3,10,608,54,675,0.44%,1.48%,90.07%,8%,False,1
3531506,MONTE AZUL PAULISTA,SP,20,23,581,624,3.21%,3.69%,93.11%,False,1,4,15,551,54,624,0.64%,2.4%,88.3%,8.65%,False,1
3531605,MONTE CASTELO,SP,3,10,187,200,1.5%,5%,93.5%,False,1,1,3,171,25,200,0.5%,1.5%,85.5%,12.5%,False,1
3531704,MONTEIRO LOBATO,SP,7,18,193,218,3.21%,8.26%,88.53%,False,1,1,4,202,11,218,0.46%,1.83%,92.66%,5.05%,False,1
3531803,MONTE MOR,SP,50,91,2.06,2.201,2.27%,4.13%,93.59%,True,1,11,31,2005,154,2201,0.5%,1.41%,91.09%,7%,False,1
3531902,MORRO AGUDO,SP,21,54,1.064,1.139,1.84%,4.74%,93.42%,True,1,8,13,995,123,1139,0.7%,1.14%,87.36%,10.8%,False,1
3532009,MORUNGABA,SP,17,38,586,641,2.65%,5.93%,91.42%,False,1,6,13,572,50,641,0.94%,2.03%,89.24%,7.8%,False,1
3532058,MOTUCA,SP,0,3,74,77,-,3.9%,96.1%,False,1,1,2,66,8,77,1.3%,2.6%,85.71%,10.39%,False,1
3532108,MURUTINGA DO SUL,SP,5,5,142,152,3.29%,3.29%,93.42%,False,1,1,0,142,9,152,0.66%,-,93.42%,5.92%,False,1
3532157,NANTES,SP,1,1,122,124,0.81%,0.81%,98.39%,False,1,0,1,110,13,124,-,0.81%,88.71%,10.48%,False,1
3532207,NARANDIBA,SP,6,9,285,300,2%,3%,95%,False,1,2,5,274,19,300,0.67%,1.67%,91.33%,6.33%,False,1
3532306,NATIVIDADE DA SERRA,SP,5,13,197,215,2.33%,6.05%,91.63%,False,1,0,4,192,19,215,-,1.86%,89.3%,8.84%,False,1
3532405,NAZARE PAULISTA,SP,23,30,652,705,3.26%,4.26%,92.48%,False,1,5,11,646,43,705,0.71%,1.56%,91.63%,6.1%,False,1
3532504,NEVES PAULISTA,SP,3,4,110,117,2.56%,3.42%,94.02%,False,1,1,4,98,14,117,0.85%,3.42%,83.76%,11.97%,False,1
3532603,NHANDEARA,SP,3,5,286,294,1.02%,1.7%,97.28%,False,1,1,6,264,23,294,0.34%,2.04%,89.8%,7.82%,False,1
3532702,NIPOA,SP,6,17,268,291,2.06%,5.84%,92.1%,False,1,1,4,265,21,291,0.34%,1.37%,91.07%,7.22%,False,1
3532801,NOVA ALIANCA,SP,4,20,318,342,1.17%,5.85%,92.98%,False,1,1,2,309,30,342,0.29%,0.58%,90.35%,8.77%,False,1
3532827,NOVA CAMPINA,SP,6,14,543,563,1.07%,2.49%,96.45%,False,1,2,7,492,62,563,0.36%,1.24%,87.39%,11.01%,False,1
3532843,NOVA CANAA PAULISTA,SP,3,0,78,81,3.7%,-,96.3%,False,1,0,1,74,6,81,-,1.23%,91.36%,7.41%,False,1
3532868,NOVA CASTILHO,SP,0,2,58,60,-,3.33%,96.67%,False,1,0,0,54,6,60,-,-,90%,10%,False,1
3532900,NOVA EUROPA,SP,8,21,421,450,1.78%,4.67%,93.56%,False,1,2,10,406,32,450,0.44%,2.22%,90.22%,7.11%,False,1
3533007,NOVA GRANADA,SP,8,30,525,563,1.42%,5.33%,93.25%,False,1,4,11,500,48,563,0.71%,1.95%,88.81%,8.53%,False,1
3533106,NOVA GUATAPORANGA,SP,1,5,88,94,1.06%,5.32%,93.62%,False,1,0,0,80,14,94,-,-,85.11%,14.89%,False,1
3533205,NOVA INDEPENDENCIA,SP,4,9,262,275,1.45%,3.27%,95.27%,False,1,3,1,244,27,275,1.09%,0.36%,88.73%,9.82%,False,1
3533254,NOVAIS,SP,18,8,164,190,9.47%,4.21%,86.32%,False,1,4,2,168,16,190,2.11%,1.05%,88.42%,8.42%,False,1
3533304,NOVA LUZITANIA,SP,2,2,85,89,2.25%,2.25%,95.51%,False,1,1,3,75,10,89,1.12%,3.37%,84.27%,11.24%,False,1
3533403,NOVA ODESSA,SP,30,68,969,1.067,2.81%,6.37%,90.82%,True,1,3,17,971,76,1067,0.28%,1.59%,91%,7.12%,False,1
3533502,NOVO HORIZONTE,SP,22,40,820,882,2.49%,4.54%,92.97%,False,1,6,15,794,67,882,0.68%,1.7%,90.02%,7.6%,False,1
3533601,NUPORANGA,SP,6,17,336,359,1.67%,4.74%,93.59%,False,1,0,2,325,32,359,-,0.56%,90.53%,8.91%,False,1
3533700,OCAUCU,SP,1,8,183,192,0.52%,4.17%,95.31%,False,1,1,3,171,17,192,0.52%,1.56%,89.06%,8.85%,False,1
3533809,OLEO,SP,3,5,128,136,2.21%,3.68%,94.12%,False,1,0,1,123,12,136,-,0.74%,90.44%,8.82%,False,1
3533908,OLIMPIA,SP,43,52,1.42,1.515,2.84%,3.43%,93.73%,True,1,8,19,1362,126,1515,0.53%,1.25%,89.9%,8.32%,False,1
3534005,ONDA VERDE,SP,2,4,209,215,0.93%,1.86%,97.21%,False,1,3,3,193,16,215,1.4%,1.4%,89.77%,7.44%,False,1
3534104,ORIENTE,SP,6,9,204,219,2.74%,4.11%,93.15%,False,1,2,2,191,24,219,0.91%,0.91%,87.21%,10.96%,False,1
3534203,ORINDIUVA,SP,5,17,309,331,1.51%,5.14%,93.35%,False,1,0,4,293,34,331,-,1.21%,88.52%,10.27%,False,1
3534302,ORLANDIA,SP,9,24,840,873,1.03%,2.75%,96.22%,False,1,3,9,790,71,873,0.34%,1.03%,90.49%,8.13%,False,1
3534401,OSASCO,SP,942,1.394,18.601,20.937,4.5%,6.66%,88.84%,True,1,257,459,18880,1341,20937,1.23%,2.19%,90.18%,6.4%,False,1
3534500,OSCAR BRESSANE,SP,0,3,91,94,-,3.19%,96.81%,False,1,0,0,87,7,94,-,-,92.55%,7.45%,False,1
3534609,OSVALDO CRUZ,SP,10,18,331,359,2.79%,5.01%,92.2%,False,1,3,4,317,35,359,0.84%,1.11%,88.3%,9.75%,False,1
3534708,OURINHOS,SP,95,198,3.581,3.874,2.45%,5.11%,92.44%,True,1,21,68,3484,301,3874,0.54%,1.76%,89.93%,7.77%,False,1
3534757,OUROESTE,SP,2,8,397,407,0.49%,1.97%,97.54%,False,1,0,8,365,34,407,-,1.97%,89.68%,8.35%,False,1
3534807,OURO VERDE,SP,15,20,390,425,3.53%,4.71%,91.76%,False,1,2,7,385,31,425,0.47%,1.65%,90.59%,7.29%,False,1
3534906,PACAEMBU,SP,8,16,274,298,2.68%,5.37%,91.95%,False,1,0,2,266,30,298,-,0.67%,89.26%,10.07%,False,1
3535002,PALESTINA,SP,12,31,467,510,2.35%,6.08%,91.57%,False,1,1,7,464,38,510,0.2%,1.37%,90.98%,7.45%,False,1
3535101,PALMARES PAULISTA,SP,9,15,276,300,3%,5%,92%,False,1,3,8,265,24,300,1%,2.67%,88.33%,8%,False,1
3535200,PALMEIRA D'OESTE,SP,6,15,325,346,1.73%,4.34%,93.93%,False,1,0,3,318,25,346,-,0.87%,91.91%,7.23%,False,1
3535309,PALMITAL,SP,18,41,725,784,2.3%,5.23%,92.47%,False,1,5,17,703,59,784,0.64%,2.17%,89.67%,7.53%,False,1
3535408,PANORAMA,SP,13,29,621,663,1.96%,4.37%,93.67%,False,1,1,8,606,48,663,0.15%,1.21%,91.4%,7.24%,False,1
3535507,PARAGUACU PAULISTA,SP,82,74,1.519,1.675,4.9%,4.42%,90.69%,True,1,38,49,1460,128,1675,2.27%,2.93%,87.16%,7.64%,False,1
3535606,PARAIBUNA,SP,23,52,786,861,2.67%,6.04%,91.29%,False,1,2,10,791,58,861,0.23%,1.16%,91.87%,6.74%,False,1
3535705,PARAISO,SP,7,10,208,225,3.11%,4.44%,92.44%,False,1,1,3,201,20,225,0.44%,1.33%,89.33%,8.89%,False,1
3535804,PARANAPANEMA,SP,24,30,917,971,2.47%,3.09%,94.44%,False,1,3,22,854,92,971,0.31%,2.27%,87.95%,9.47%,False,1
3535903,PARANAPUA,SP,14,12,209,235,5.96%,5.11%,88.94%,False,1,1,7,211,16,235,0.43%,2.98%,89.79%,6.81%,False,1
3536000,PARAPUA,SP,7,15,291,313,2.24%,4.79%,92.97%,False,1,2,8,280,23,313,0.64%,2.56%,89.46%,7.35%,False,1
3536109,PARDINHO,SP,7,24,345,376,1.86%,6.38%,91.76%,False,1,1,10,338,27,376,0.27%,2.66%,89.89%,7.18%,False,1
3536208,PARIQUERA-ACU,SP,20,50,935,1.005,1.99%,4.98%,93.03%,True,1,3,14,903,85,1005,0.3%,1.39%,89.85%,8.46%,False,1
3536257,PARISI,SP,6,9,154,169,3.55%,5.33%,91.12%,False,1,2,2,145,20,169,1.18%,1.18%,85.8%,11.83%,False,1
3536307,PATROCINIO PAULISTA,SP,40,44,528,612,6.54%,7.19%,86.27%,False,1,4,18,536,54,612,0.65%,2.94%,87.58%,8.82%,False,1
3536406,PAULICEIA,SP,15,29,482,526,2.85%,5.51%,91.63%,False,1,7,12,466,41,526,1.33%,2.28%,88.59%,7.79%,False,1
3536505,PAULINIA,SP,46,71,1.494,1.611,2.86%,4.41%,92.74%,True,1,5,42,1464,101,1612,0.31%,2.61%,90.82%,6.27%,False,1
3536570,PAULISTANIA,SP,3,7,137,147,2.04%,4.76%,93.2%,False,1,1,0,132,14,147,0.68%,-,89.8%,9.52%,False,1
3536604,PAULO DE FARIA,SP,12,18,279,309,3.88%,5.83%,90.29%,False,1,2,8,266,33,309,0.65%,2.59%,86.08%,10.68%,False,1
3536703,PEDERNEIRAS,SP,18,63,1.308,1.389,1.3%,4.54%,94.17%,True,1,9,20,1249,111,1389,0.65%,1.44%,89.92%,7.99%,False,1
3536802,PEDRA BELA,SP,2,6,150,158,1.27%,3.8%,94.94%,False,1,0,2,147,9,158,-,1.27%,93.04%,5.7%,False,1
3536901,PEDRANOPOLIS,SP,8,3,101,112,7.14%,2.68%,90.18%,False,1,1,3,101,7,112,0.89%,2.68%,90.18%,6.25%,False,1
3537008,PEDREGULHO,SP,11,37,719,767,1.43%,4.82%,93.74%,False,1,5,12,696,54,767,0.65%,1.56%,90.74%,7.04%,False,1
3537107,PEDREIRA,SP,44,87,1.375,1.506,2.92%,5.78%,91.3%,True,1,7,24,1365,111,1507,0.46%,1.59%,90.58%,7.37%,False,1
3537156,PEDRINHAS PAULISTA,SP,2,8,95,105,1.9%,7.62%,90.48%,False,1,0,3,92,10,105,-,2.86%,87.62%,9.52%,False,1
3537206,PEDRO DE TOLEDO,SP,20,47,369,436,4.59%,10.78%,84.63%,False,1,0,12,384,40,436,-,2.75%,88.07%,9.17%,False,1
3537305,PENAPOLIS,SP,55,146,2.147,2.348,2.34%,6.22%,91.44%,True,1,13,50,2123,162,2348,0.55%,2.13%,90.42%,6.9%,False,1
3537404,PEREIRA BARRETO,SP,16,20,384,420,3.81%,4.76%,91.43%,False,1,2,4,382,32,420,0.48%,0.95%,90.95%,7.62%,False,1
3537503,PEREIRAS,SP,5,13,379,397,1.26%,3.27%,95.47%,False,1,1,4,358,34,397,0.25%,1.01%,90.18%,8.56%,False,1
3537602,PERUIBE,SP,46,157,2.433,2.636,1.75%,5.96%,92.3%,True,1,19,46,2390,181,2636,0.72%,1.75%,90.67%,6.87%,False,1
3537701,PIACATU,SP,7,9,197,213,3.29%,4.23%,92.49%,False,1,0,3,198,12,213,-,1.41%,92.96%,5.63%,False,1
3537800,PIEDADE,SP,33,114,2.443,2.59,1.27%,4.4%,94.32%,True,1,8,34,2355,193,2590,0.31%,1.31%,90.93%,7.45%,False,1
3537909,PILAR DO SUL,SP,27,71,1.137,1.235,2.19%,5.75%,92.06%,True,1,13,25,1128,69,1235,1.05%,2.02%,91.34%,5.59%,False,1
3538006,PINDAMONHANGABA,SP,123,311,6.036,6.47,1.9%,4.81%,93.29%,True,1,42,101,5900,427,6470,0.65%,1.56%,91.19%,6.6%,False,1
3538105,PINDORAMA,SP,8,19,398,425,1.88%,4.47%,93.65%,False,1,3,9,386,27,425,0.71%,2.12%,90.82%,6.35%,False,1
3538204,PINHALZINHO,SP,13,29,657,699,1.86%,4.15%,93.99%,False,1,6,13,639,41,699,0.86%,1.86%,91.42%,5.87%,False,1
3538303,PIQUEROBI,SP,4,7,165,176,2.27%,3.98%,93.75%,False,1,0,3,162,11,176,-,1.7%,92.05%,6.25%,False,1
3538501,PIQUETE,SP,8,11,315,334,2.4%,3.29%,94.31%,False,1,2,10,292,30,334,0.6%,2.99%,87.43%,8.98%,False,1
3538600,PIRACAIA,SP,26,46,1.216,1.288,2.02%,3.57%,94.41%,True,1,10,13,1192,73,1288,0.78%,1.01%,92.55%,5.67%,False,1
3538709,PIRACICABA,SP,242,573,12.745,13.56,1.78%,4.23%,93.99%,True,1,143,228,12347,842,13560,1.05%,1.68%,91.05%,6.21%,False,1
3538808,PIRAJU,SP,52,82,1.112,1.246,4.17%,6.58%,89.25%,True,1,10,35,1097,104,1246,0.8%,2.81%,88.04%,8.35%,False,1
3538907,PIRAJUI,SP,24,38,600,662,3.63%,5.74%,90.63%,False,1,9,11,570,72,662,1.36%,1.66%,86.1%,10.88%,False,1
3539004,PIRANGI,SP,10,17,300,327,3.06%,5.2%,91.74%,False,1,1,10,288,28,327,0.31%,3.06%,88.07%,8.56%,False,1
3539103,PIRAPORA DO BOM JESUS,SP,31,58,651,740,4.19%,7.84%,87.97%,False,1,4,11,662,63,740,0.54%,1.49%,89.46%,8.51%,False,1
3539202,PIRAPOZINHO,SP,13,48,800,861,1.51%,5.57%,92.92%,False,1,4,15,779,63,861,0.46%,1.74%,90.48%,7.32%,False,1
3539301,PIRASSUNUNGA,SP,54,107,1.475,1.636,3.3%,6.54%,90.16%,True,1,13,43,1456,124,1636,0.79%,2.63%,89%,7.58%,False,1
3539400,PIRATININGA,SP,12,21,581,614,1.95%,3.42%,94.63%,False,1,2,6,567,39,614,0.33%,0.98%,92.35%,6.35%,False,1
3539509,PITANGUEIRAS,SP,30,55,1.248,1.333,2.25%,4.13%,93.62%,True,1,11,24,1183,115,1333,0.83%,1.8%,88.75%,8.63%,False,1
3539608,PLANALTO,SP,1,5,203,209,0.48%,2.39%,97.13%,False,1,0,2,189,18,209,-,0.96%,90.43%,8.61%,False,1
3539707,PLATINA,SP,5,12,173,190,2.63%,6.32%,91.05%,False,1,2,1,171,16,190,1.05%,0.53%,90%,8.42%,False,1
3539806,POA,SP,129,273,3.275,3.677,3.51%,7.42%,89.07%,True,1,13,60,3333,271,3677,0.35%,1.63%,90.64%,7.37%,False,1
3539905,POLONI,SP,8,7,201,216,3.7%,3.24%,93.06%,False,1,3,1,187,25,216,1.39%,0.46%,86.57%,11.57%,False,1
3540002,POMPEIA,SP,12,42,406,460,2.61%,9.13%,88.26%,False,1,1,12,421,26,460,0.22%,2.61%,91.52%,5.65%,False,1
3540101,PONGAI,SP,0,5,117,122,-,4.1%,95.9%,False,1,0,3,104,15,122,-,2.46%,85.25%,12.3%,False,1
3540200,PONTAL,SP,31,61,1.189,1.281,2.42%,4.76%,92.82%,True,1,10,12,1167,92,1281,0.78%,0.94%,91.1%,7.18%,False,1
3540259,PONTALINDA,SP,7,5,232,244,2.87%,2.05%,95.08%,False,1,1,6,217,20,244,0.41%,2.46%,88.93%,8.2%,False,1
3540309,PONTES GESTAL,SP,2,0,119,121,1.65%,-,98.35%,False,1,2,0,107,12,121,1.65%,-,88.43%,9.92%,False,1
3540408,POPULINA,SP,2,9,139,150,1.33%,6%,92.67%,False,1,0,4,128,18,150,-,2.67%,85.33%,12%,False,1
3540507,PORANGABA,SP,7,23,227,257,2.72%,8.95%,88.33%,False,1,1,4,236,16,257,0.39%,1.56%,91.83%,6.23%,False,1
3540606,PORTO FELIZ,SP,108,82,1.861,2.051,5.27%,4%,90.74%,True,1,45,35,1803,168,2051,2.19%,1.71%,87.91%,8.19%,False,1
3540705,PORTO FERREIRA,SP,38,95,1.455,1.588,2.39%,5.98%,91.62%,True,1,6,32,1453,97,1588,0.38%,2.02%,91.5%,6.11%,False,1
3540754,POTIM,SP,31,50,698,779,3.98%,6.42%,89.6%,False,1,4,21,693,61,779,0.51%,2.7%,88.96%,7.83%,False,1
3540804,POTIRENDABA,SP,8,24,686,718,1.11%,3.34%,95.54%,False,1,6,19,629,64,718,0.84%,2.65%,87.6%,8.91%,False,1
3540853,PRACINHA,SP,2,3,90,95,2.11%,3.16%,94.74%,False,1,0,0,85,10,95,-,-,89.47%,10.53%,False,1
3540903,PRADOPOLIS,SP,9,22,564,595,1.51%,3.7%,94.79%,False,1,2,9,531,53,595,0.34%,1.51%,89.24%,8.91%,False,1
3541000,PRAIA GRANDE,SP,298,653,11.891,12.842,2.32%,5.08%,92.59%,True,1,84,272,11641,849,12846,0.65%,2.12%,90.62%,6.61%,False,1
3541059,PRATANIA,SP,5,30,347,382,1.31%,7.85%,90.84%,False,1,1,8,339,34,382,0.26%,2.09%,88.74%,8.9%,False,1
3541109,PRESIDENTE ALVES,SP,2,4,144,150,1.33%,2.67%,96%,False,1,0,1,125,24,150,-,0.67%,83.33%,16%,False,1
3541208,PRESIDENTE BERNARDES,SP,3,11,333,347,0.86%,3.17%,95.97%,False,1,1,4,311,31,347,0.29%,1.15%,89.63%,8.93%,False,1
3541307,PRESIDENTE EPITACIO,SP,17,34,987,1.038,1.64%,3.28%,95.09%,True,1,5,28,938,67,1038,0.48%,2.7%,90.37%,6.45%,False,1
3541406,PRESIDENTE PRUDENTE,SP,78,228,3.458,3.764,2.07%,6.06%,91.87%,True,1,20,50,3456,239,3765,0.53%,1.33%,91.79%,6.35%,False,1
3541505,PRESIDENTE VENCESLAU,SP,27,39,711,777,3.47%,5.02%,91.51%,False,1,4,18,679,76,777,0.51%,2.32%,87.39%,9.78%,False,1
3541604,PROMISSAO,SP,33,51,1.414,1.498,2.2%,3.4%,94.39%,True,1,7,19,1335,137,1498,0.47%,1.27%,89.12%,9.15%,False,1
3541653,QUADRA,SP,13,11,157,181,7.18%,6.08%,86.74%,False,1,1,0,156,24,181,0.55%,-,86.19%,13.26%,False,1
3541703,QUATA,SP,5,22,402,429,1.17%,5.13%,93.71%,False,1,0,10,383,36,429,-,2.33%,89.28%,8.39%,False,1
3541802,QUEIROZ,SP,11,30,195,236,4.66%,12.71%,82.63%,False,1,0,1,205,30,236,-,0.42%,86.86%,12.71%,False,1
3541901,QUELUZ,SP,18,29,329,376,4.79%,7.71%,87.5%,False,1,5,12,341,18,376,1.33%,3.19%,90.69%,4.79%,False,1
3542008,QUINTANA,SP,14,16,318,348,4.02%,4.6%,91.38%,False,1,3,2,313,30,348,0.86%,0.57%,89.94%,8.62%,False,1
3542107,RAFARD,SP,6,17,326,349,1.72%,4.87%,93.41%,False,1,2,5,305,37,349,0.57%,1.43%,87.39%,10.6%,False,1
3542206,RANCHARIA,SP,29,53,1.097,1.179,2.46%,4.5%,93.04%,True,1,5,17,1062,95,1179,0.42%,1.44%,90.08%,8.06%,False,1
3542305,REDENCAO DA SERRA,SP,2,8,217,227,0.88%,3.52%,95.59%,False,1,1,9,206,11,227,0.44%,3.96%,90.75%,4.85%,False,1
3542404,REGENTE FEIJO,SP,14,28,879,921,1.52%,3.04%,95.44%,False,1,4,16,845,56,921,0.43%,1.74%,91.75%,6.08%,False,1
3542503,REGINOPOLIS,SP,4,12,254,270,1.48%,4.44%,94.07%,False,1,1,5,244,20,270,0.37%,1.85%,90.37%,7.41%,False,1
3542602,REGISTRO,SP,39,128,2.521,2.688,1.45%,4.76%,93.79%,True,1,9,42,2463,174,2688,0.33%,1.56%,91.63%,6.47%,False,1
3542701,RESTINGA,SP,5,16,431,452,1.11%,3.54%,95.35%,False,1,4,5,410,33,452,0.88%,1.11%,90.71%,7.3%,False,1
3542800,RIBEIRA,SP,7,14,188,209,3.35%,6.7%,89.95%,False,1,0,0,196,13,209,-,-,93.78%,6.22%,False,1
3542909,RIBEIRAO BONITO,SP,11,13,173,197,5.58%,6.6%,87.82%,False,1,2,4,179,12,197,1.02%,2.03%,90.86%,6.09%,False,1
3543006,RIBEIRAO BRANCO,SP,51,80,1.228,1.359,3.75%,5.89%,90.36%,True,1,5,23,1225,106,1359,0.37%,1.69%,90.14%,7.8%,False,1
3543105,RIBEIRAO CORRENTE,SP,1,5,150,156,0.64%,3.21%,96.15%,False,1,0,1,140,15,156,-,0.64%,89.74%,9.62%,False,1
3543204,RIBEIRAO DO SUL,SP,3,11,142,156,1.92%,7.05%,91.03%,False,1,0,6,141,9,156,-,3.85%,90.38%,5.77%,False,1
3543238,RIBEIRAO DOS INDIOS,SP,3,3,78,84,3.57%,3.57%,92.86%,False,1,0,2,71,11,84,-,2.38%,84.52%,13.1%,False,1
3543253,RIBEIRAO GRANDE,SP,61,32,254,347,17.58%,9.22%,73.2%,False,1,47,6,270,24,347,13.54%,1.73%,77.81%,6.92%,False,1
3543303,RIBEIRAO PIRES,SP,105,147,2.273,2.525,4.16%,5.82%,90.02%,True,1,14,39,2228,244,2525,0.55%,1.54%,88.24%,9.66%,False,1
3543402,RIBEIRAO PRETO,SP,310,830,18.589,19.729,1.57%,4.21%,94.22%,True,1,122,337,17968,1302,19729,0.62%,1.71%,91.07%,6.6%,False,1
3543501,RIVERSUL,SP,4,15,320,339,1.18%,4.42%,94.4%,False,1,0,4,316,19,339,-,1.18%,93.22%,5.6%,False,1
3543600,RIFAINA,SP,2,1,61,64,3.13%,1.56%,95.31%,False,1,1,1,58,4,64,1.56%,1.56%,90.63%,6.25%,False,1
3543709,RINCAO,SP,5,14,308,327,1.53%,4.28%,94.19%,False,1,1,9,288,29,327,0.31%,2.75%,88.07%,8.87%,False,1
3543808,RINOPOLIS,SP,1,2,54,57,1.75%,3.51%,94.74%,False,1,0,1,51,5,57,-,1.75%,89.47%,8.77%,False,1
3543907,RIO CLARO,SP,98,195,4.089,4.382,2.24%,4.45%,93.31%,True,1,34,73,3958,317,4382,0.78%,1.67%,90.32%,7.23%,False,1
3544004,RIO DAS PEDRAS,SP,17,32,796,845,2.01%,3.79%,94.2%,False,1,3,10,766,66,845,0.36%,1.18%,90.65%,7.81%,False,1
3544103,RIO GRANDE DA SERRA,SP,40,62,881,983,4.07%,6.31%,89.62%,False,1,7,19,875,82,983,0.71%,1.93%,89.01%,8.34%,False,1
3544202,RIOLANDIA,SP,8,22,420,450,1.78%,4.89%,93.33%,False,1,1,3,401,45,450,0.22%,0.67%,89.11%,10%,False,1
3544251,ROSANA,SP,8,17,731,756,1.06%,2.25%,96.69%,False,1,1,3,705,47,756,0.13%,0.4%,93.25%,6.22%,False,1
3544301,ROSEIRA,SP,8,17,250,275,2.91%,6.18%,90.91%,False,1,2,4,250,19,275,0.73%,1.45%,90.91%,6.91%,False,1
3544400,RUBIACEA,SP,1,2,120,123,0.81%,1.63%,97.56%,False,1,0,2,101,20,123,-,1.63%,82.11%,16.26%,False,1
3544509,RUBINEIA,SP,2,10,163,175,1.14%,5.71%,93.14%,False,1,1,0,164,10,175,0.57%,-,93.71%,5.71%,False,1
3544608,SABINO,SP,4,6,44,54,7.41%,11.11%,81.48%,False,1,0,1,46,7,54,-,1.85%,85.19%,12.96%,False,1
3544707,SAGRES,SP,2,8,115,125,1.6%,6.4%,92%,False,1,0,3,106,16,125,-,2.4%,84.8%,12.8%,False,1
3544806,SALES,SP,6,14,167,187,3.21%,7.49%,89.3%,False,1,1,3,170,13,187,0.53%,1.6%,90.91%,6.95%,False,1
3544905,SALES OLIVEIRA,SP,13,23,422,458,2.84%,5.02%,92.14%,False,1,3,2,411,42,458,0.66%,0.44%,89.74%,9.17%,False,1
3545001,SALESOPOLIS,SP,12,28,361,401,2.99%,6.98%,90.02%,False,1,4,11,358,28,401,1%,2.74%,89.28%,6.98%,False,1
3545100,SALMOURAO,SP,1,2,147,150,0.67%,1.33%,98%,False,1,0,1,140,9,150,-,0.67%,93.33%,6%,False,1
3545159,SALTINHO,SP,16,11,345,372,4.3%,2.96%,92.74%,False,1,2,8,334,28,372,0.54%,2.15%,89.78%,7.53%,False,1
3545209,SALTO,SP,49,115,2.881,3.045,1.61%,3.78%,94.61%,True,1,16,51,2781,197,3045,0.53%,1.67%,91.33%,6.47%,False,1
3545308,SALTO DE PIRAPORA,SP,28,72,1.436,1.536,1.82%,4.69%,93.49%,True,1,11,33,1363,129,1536,0.72%,2.15%,88.74%,8.4%,False,1
3545407,SALTO GRANDE,SP,15,15,334,364,4.12%,4.12%,91.76%,False,1,6,9,318,31,364,1.65%,2.47%,87.36%,8.52%,False,1
3545506,SANDOVALINA,SP,2,6,172,180,1.11%,3.33%,95.56%,False,1,1,5,160,14,180,0.56%,2.78%,88.89%,7.78%,False,1
3545605,SANTA ADELIA,SP,11,21,401,433,2.54%,4.85%,92.61%,False,1,3,7,382,41,433,0.69%,1.62%,88.22%,9.47%,False,1
3545704,SANTA ALBERTINA,SP,0,13,239,252,-,5.16%,94.84%,False,1,3,2,228,19,252,1.19%,0.79%,90.48%,7.54%,False,1
3545803,SANTA BARBARA D'OESTE,SP,67,214,5.127,5.408,1.24%,3.96%,94.8%,True,1,21,55,4921,411,5408,0.39%,1.02%,90.99%,7.6%,False,1
3546009,SANTA BRANCA,SP,9,27,454,490,1.84%,5.51%,92.65%,False,1,3,11,456,20,490,0.61%,2.24%,93.06%,4.08%,False,1
3546108,SANTA CLARA D'OESTE,SP,3,6,128,137,2.19%,4.38%,93.43%,False,1,0,5,124,8,137,-,3.65%,90.51%,5.84%,False,1
3546207,SANTA CRUZ DA CONCEICAO,SP,5,5,162,172,2.91%,2.91%,94.19%,False,1,1,3,153,15,172,0.58%,1.74%,88.95%,8.72%,False,1
3546256,SANTA CRUZ DA ESPERANCA,SP,1,4,102,107,0.93%,3.74%,95.33%,False,1,0,4,93,10,107,-,3.74%,86.92%,9.35%,False,1
3546306,SANTA CRUZ DAS PALMEIRAS,SP,10,35,1.069,1.114,0.9%,3.14%,95.96%,True,1,6,12,984,112,1114,0.54%,1.08%,88.33%,10.05%,False,1
3546405,SANTA CRUZ DO RIO PARDO,SP,56,118,1.792,1.966,2.85%,6%,91.15%,True,1,25,38,1748,154,1965,1.27%,1.93%,88.96%,7.84%,False,1
3546504,SANTA ERNESTINA,SP,1,9,199,209,0.48%,4.31%,95.22%,False,1,0,1,194,14,209,-,0.48%,92.82%,6.7%,False,1
3546603,SANTA FE DO SUL,SP,23,25,454,502,4.58%,4.98%,90.44%,False,1,3,12,454,33,502,0.6%,2.39%,90.44%,6.57%,False,1
3546702,SANTA GERTRUDES,SP,9,45,812,866,1.04%,5.2%,93.76%,False,1,5,10,784,67,866,0.58%,1.15%,90.53%,7.74%,False,1
3546801,SANTA ISABEL,SP,24,94,1.635,1.753,1.37%,5.36%,93.27%,True,1,4,20,1594,135,1753,0.23%,1.14%,90.93%,7.7%,False,1
3546900,SANTA LUCIA,SP,7,20,284,311,2.25%,6.43%,91.32%,False,1,1,4,279,27,311,0.32%,1.29%,89.71%,8.68%,False,1
3547007,SANTA MARIA DA SERRA,SP,7,16,247,270,2.59%,5.93%,91.48%,False,1,2,6,243,19,270,0.74%,2.22%,90%,7.04%,False,1
3547106,SANTA MERCEDES,SP,4,11,183,198,2.02%,5.56%,92.42%,False,1,1,5,179,13,198,0.51%,2.53%,90.4%,6.57%,False,1
3547205,SANTANA DA PONTE PENSA,SP,0,5,65,70,-,7.14%,92.86%,False,1,0,1,59,10,70,-,1.43%,84.29%,14.29%,False,1
3547304,SANTANA DE PARNAIBA,SP,78,184,6.979,7.241,1.08%,2.54%,96.38%,True,1,30,84,6652,476,7242,0.41%,1.16%,91.85%,6.57%,False,1
3547403,SANTA RITA D'OESTE,SP,1,3,114,118,0.85%,2.54%,96.61%,False,1,0,1,109,8,118,-,0.85%,92.37%,6.78%,False,1
3547502,SANTA RITA DO PASSA QUATRO,SP,14,26,674,714,1.96%,3.64%,94.4%,False,1,1,6,657,50,714,0.14%,0.84%,92.02%,7%,False,1
3547601,SANTA ROSA DE VITERBO,SP,18,40,746,804,2.24%,4.98%,92.79%,False,1,5,11,723,65,804,0.62%,1.37%,89.93%,8.08%,False,1
3547650,SANTA SALETE,SP,2,5,89,96,2.08%,5.21%,92.71%,False,1,0,0,84,12,96,-,-,87.5%,12.5%,False,1
3547700,SANTO ANASTACIO,SP,20,29,559,608,3.29%,4.77%,91.94%,False,1,5,20,535,48,608,0.82%,3.29%,87.99%,7.89%,False,1
3547809,SANTO ANDRE,SP,285,470,5.609,6.364,4.48%,7.39%,88.14%,True,1,71,124,5721,448,6364,1.12%,1.95%,89.9%,7.04%,False,1
3547908,SANTO ANTONIO DA ALEGRIA,SP,6,11,343,360,1.67%,3.06%,95.28%,False,1,1,6,321,32,360,0.28%,1.67%,89.17%,8.89%,False,1
3548005,SANTO ANTONIO DE POSSE,SP,24,42,1.039,1.105,2.17%,3.8%,94.03%,True,1,6,11,1009,79,1105,0.54%,1%,91.31%,7.15%,False,1
3548054,SANTO ANTONIO DO ARACANGUA,SP,12,15,286,313,3.83%,4.79%,91.37%,False,1,2,4,280,27,313,0.64%,1.28%,89.46%,8.63%,False,1
3548104,SANTO ANTONIO DO JARDIM,SP,3,8,132,143,2.1%,5.59%,92.31%,False,1,0,1,134,8,143,-,0.7%,93.71%,5.59%,False,1
3548203,SANTO ANTONIO DO PINHAL,SP,3,19,332,354,0.85%,5.37%,93.79%,False,1,3,7,323,21,354,0.85%,1.98%,91.24%,5.93%,False,1
3548302,SANTO EXPEDITO,SP,3,12,135,150,2%,8%,90%,False,1,0,4,136,10,150,-,2.67%,90.67%,6.67%,False,1
3548401,SANTOPOLIS DO AGUAPEI,SP,19,15,189,223,8.52%,6.73%,84.75%,False,1,2,3,191,27,223,0.9%,1.35%,85.65%,12.11%,False,1
3548500,SANTOS,SP,193,449,7.404,8.046,2.4%,5.58%,92.02%,True,1,56,148,7387,456,8047,0.7%,1.84%,91.8%,5.67%,False,1
3548609,SAO BENTO DO SAPUCAI,SP,10,17,366,393,2.54%,4.33%,93.13%,False,1,3,7,363,20,393,0.76%,1.78%,92.37%,5.09%,False,1
3548708,SAO BERNARDO DO CAMPO,SP,774,1.215,17.211,19.2,4.03%,6.33%,89.64%,True,1,186,513,17081,1420,19200,0.97%,2.67%,88.96%,7.4%,False,1
3548807,SAO CAETANO DO SUL,SP,62,173,3.015,3.25,1.91%,5.32%,92.77%,True,1,18,67,2976,189,3250,0.55%,2.06%,91.57%,5.82%,False,1
3548906,SAO CARLOS,SP,132,261,4.584,4.977,2.65%,5.24%,92.1%,True,1,29,107,4568,273,4977,0.58%,2.15%,91.78%,5.49%,False,1
3549003,SAO FRANCISCO,SP,0,5,118,123,-,4.07%,95.93%,False,1,1,1,112,9,123,0.81%,0.81%,91.06%,7.32%,False,1
3549102,SAO JOAO DA BOA VISTA,SP,44,96,2.425,2.565,1.72%,3.74%,94.54%,True,1,24,44,2298,199,2565,0.94%,1.72%,89.59%,7.76%,False,1
3549201,SAO JOAO DAS DUAS PONTES,SP,4,4,106,114,3.51%,3.51%,92.98%,False,1,0,4,100,10,114,-,3.51%,87.72%,8.77%,False,1
3549250,SAO JOAO DE IRACEMA,SP,0,3,84,87,-,3.45%,96.55%,False,1,0,2,78,7,87,-,2.3%,89.66%,8.05%,False,1
3549300,SAO JOAO DO PAU D'ALHO,SP,4,4,77,85,4.71%,4.71%,90.59%,False,1,0,0,80,5,85,-,-,94.12%,5.88%,False,1
3549409,SAO JOAQUIM DA BARRA,SP,28,64,1.271,1.363,2.05%,4.7%,93.25%,True,1,6,17,1220,120,1363,0.44%,1.25%,89.51%,8.8%,False,1
3549508,SAO JOSE DA BELA VISTA,SP,13,15,307,335,3.88%,4.48%,91.64%,False,1,2,4,309,20,335,0.6%,1.19%,92.24%,5.97%,False,1
3549607,SAO JOSE DO BARREIRO,SP,4,10,123,137,2.92%,7.3%,89.78%,False,1,0,2,127,8,137,-,1.46%,92.7%,5.84%,False,1
3549706,SAO JOSE DO RIO PARDO,SP,24,58,1.598,1.68,1.43%,3.45%,95.12%,True,1,7,30,1539,104,1680,0.42%,1.79%,91.61%,6.19%,False,1
3549805,SAO JOSE DO RIO PRETO,SP,338,651,12.481,13.47,2.51%,4.83%,92.66%,True,1,146,269,12236,819,13470,1.08%,2%,90.84%,6.08%,False,1
3549904,SAO JOSE DOS CAMPOS,SP,733,1.116,20.228,22.077,3.32%,5.06%,91.62%,True,1,472,532,19866,1207,22077,2.14%,2.41%,89.99%,5.47%,False,1
3549953,SAO LOURENCO DA SERRA,SP,13,23,566,602,2.16%,3.82%,94.02%,False,1,4,9,549,40,602,0.66%,1.5%,91.2%,6.64%,False,1
3550001,SAO LUIS DO PARAITINGA,SP,6,6,362,374,1.6%,1.6%,96.79%,False,1,5,4,337,28,374,1.34%,1.07%,90.11%,7.49%,False,1
3550100,SAO MANUEL,SP,28,63,1.421,1.512,1.85%,4.17%,93.98%,True,1,8,31,1366,107,1512,0.53%,2.05%,90.34%,7.08%,False,1
3550209,SAO MIGUEL ARCANJO,SP,22,49,1.002,1.073,2.05%,4.57%,93.38%,True,1,5,30,965,73,1073,0.47%,2.8%,89.93%,6.8%,False,1
3550308,SAO PAULO,SP,6.605,12.961,237.452,257.018,2.57%,5.04%,92.39%,True,1,1848,4636,233327,17042,256853,0.72%,1.8%,90.84%,6.63%,False,1
3550407,SAO PEDRO,SP,48,86,1.051,1.185,4.05%,7.26%,88.69%,True,1,7,18,1051,109,1185,0.59%,1.52%,88.69%,9.2%,False,1
3550506,SAO PEDRO DO TURVO,SP,13,25,368,406,3.2%,6.16%,90.64%,False,1,2,3,357,44,406,0.49%,0.74%,87.93%,10.84%,False,1
3550605,SAO ROQUE,SP,48,128,2.583,2.759,1.74%,4.64%,93.62%,True,1,14,49,2534,163,2760,0.51%,1.78%,91.81%,5.91%,False,1
3550704,SAO SEBASTIAO,SP,87,239,3.016,3.342,2.6%,7.15%,90.25%,True,1,15,57,3073,197,3342,0.45%,1.71%,91.95%,5.89%,False,1
3550803,SAO SEBASTIAO DA GRAMA,SP,5,10,284,299,1.67%,3.34%,94.98%,False,1,0,2,274,23,299,-,0.67%,91.64%,7.69%,False,1
3550902,SAO SIMAO,SP,18,30,385,433,4.16%,6.93%,88.91%,False,1,3,16,391,23,433,0.69%,3.7%,90.3%,5.31%,False,1
3551009,SAO VICENTE,SP,285,515,7.113,7.913,3.6%,6.51%,89.89%,True,1,70,183,7120,540,7913,0.88%,2.31%,89.98%,6.82%,False,1
3551108,SARAPUI,SP,8,17,506,531,1.51%,3.2%,95.29%,False,1,2,6,477,46,531,0.38%,1.13%,89.83%,8.66%,False,1
3551207,SARUTAIA,SP,4,16,201,221,1.81%,7.24%,90.95%,False,1,3,4,205,9,221,1.36%,1.81%,92.76%,4.07%,False,1
3551306,SEBASTIANOPOLIS DO SUL,SP,6,11,170,187,3.21%,5.88%,90.91%,False,1,1,4,167,15,187,0.53%,2.14%,89.3%,8.02%,False,1
3551405,SERRA AZUL,SP,6,21,237,264,2.27%,7.95%,89.77%,False,1,1,5,240,18,264,0.38%,1.89%,90.91%,6.82%,False,1
3551504,SERRANA,SP,33,94,1.509,1.636,2.02%,5.75%,92.24%,True,1,9,52,1475,100,1636,0.55%,3.18%,90.16%,6.11%,False,1
3551603,SERRA NEGRA,SP,20,80,998,1.098,1.82%,7.29%,90.89%,True,1,8,24,1022,44,1098,0.73%,2.19%,93.08%,4.01%,False,1
3551702,SERTAOZINHO,SP,35,112,3.055,3.202,1.09%,3.5%,95.41%,True,1,11,49,2893,249,3202,0.34%,1.53%,90.35%,7.78%,False,1
3551801,SETE BARRAS,SP,17,44,746,807,2.11%,5.45%,92.44%,False,1,1,15,727,64,807,0.12%,1.86%,90.09%,7.93%,False,1
3551900,SEVERINIA,SP,27,34,585,646,4.18%,5.26%,90.56%,False,1,7,15,557,67,646,1.08%,2.32%,86.22%,10.37%,False,1
3552007,SILVEIRAS,SP,4,26,350,380,1.05%,6.84%,92.11%,False,1,1,9,337,33,380,0.26%,2.37%,88.68%,8.68%,False,1
3552106,SOCORRO,SP,11,45,1.343,1.399,0.79%,3.22%,96%,True,1,3,22,1305,69,1399,0.21%,1.57%,93.28%,4.93%,False,1
3552205,SOROCABA,SP,249,603,13.24,14.092,1.77%,4.28%,93.95%,True,1,104,281,12923,784,14092,0.74%,1.99%,91.7%,5.56%,False,1
3552304,SUD MENNUCCI,SP,4,8,262,274,1.46%,2.92%,95.62%,False,1,3,3,240,28,274,1.09%,1.09%,87.59%,10.22%,False,1
3552403,SUMARE,SP,140,539,6.398,7.077,1.98%,7.62%,90.41%,True,1,39,87,6688,264,7078,0.55%,1.23%,94.49%,3.73%,False,1
3552502,SUZANO,SP,399,595,8.437,9.431,4.23%,6.31%,89.46%,True,1,59,202,8508,661,9430,0.63%,2.14%,90.22%,7.01%,False,1
3552551,SUZANAPOLIS,SP,2,9,133,144,1.39%,6.25%,92.36%,False,1,1,2,127,14,144,0.69%,1.39%,88.19%,9.72%,False,1
3552601,TABAPUA,SP,1,5,93,99,1.01%,5.05%,93.94%,False,1,1,1,88,9,99,1.01%,1.01%,88.89%,9.09%,False,1
3552700,TABATINGA,SP,23,22,393,438,5.25%,5.02%,89.73%,False,1,4,6,361,67,438,0.91%,1.37%,82.42%,15.3%,False,1
3552809,TABOAO DA SERRA,SP,391,748,8.171,9.31,4.2%,8.03%,87.77%,True,1,60,364,8276,610,9310,0.64%,3.91%,88.89%,6.55%,False,1
3552908,TACIBA,SP,3,14,343,360,0.83%,3.89%,95.28%,False,1,0,2,328,30,360,-,0.56%,91.11%,8.33%,False,1
3553005,TAGUAI,SP,9,33,773,815,1.1%,4.05%,94.85%,False,1,3,11,759,42,815,0.37%,1.35%,93.13%,5.15%,False,1
3553104,TAIACU,SP,3,5,99,107,2.8%,4.67%,92.52%,False,1,0,4,93,10,107,-,3.74%,86.92%,9.35%,False,1
3553203,TAIUVA,SP,5,10,231,246,2.03%,4.07%,93.9%,False,1,1,3,225,17,246,0.41%,1.22%,91.46%,6.91%,False,1
3553302,TAMBAU,SP,25,38,608,671,3.73%,5.66%,90.61%,False,1,10,12,590,59,671,1.49%,1.79%,87.93%,8.79%,False,1
3553401,TANABI,SP,27,60,957,1.044,2.59%,5.75%,91.67%,True,1,9,15,944,76,1044,0.86%,1.44%,90.42%,7.28%,False,1
3553500,TAPIRAI,SP,6,24,409,439,1.37%,5.47%,93.17%,False,1,2,9,389,39,439,0.46%,2.05%,88.61%,8.88%,False,1
3553609,TAPIRATIBA,SP,3,16,388,407,0.74%,3.93%,95.33%,False,1,2,5,371,29,407,0.49%,1.23%,91.15%,7.13%,False,1
3553658,TAQUARAL,SP,1,5,88,94,1.06%,5.32%,93.62%,False,1,0,2,81,11,94,-,2.13%,86.17%,11.7%,False,1
3553708,TAQUARITINGA,SP,48,84,1.015,1.147,4.18%,7.32%,88.49%,True,1,6,17,1021,103,1147,0.52%,1.48%,89.01%,8.98%,False,1
3553807,TAQUARITUBA,SP,26,59,1.005,1.09,2.39%,5.41%,92.2%,True,1,9,29,977,75,1090,0.83%,2.66%,89.63%,6.88%,False,1
3553856,TAQUARIVAI,SP,10,16,396,422,2.37%,3.79%,93.84%,False,1,3,7,367,45,422,0.71%,1.66%,86.97%,10.66%,False,1
3553906,TARABAI,SP,6,13,216,235,2.55%,5.53%,91.91%,False,1,0,4,210,21,235,-,1.7%,89.36%,8.94%,False,1
3553955,TARUMA,SP,9,30,445,484,1.86%,6.2%,91.94%,False,1,1,10,444,29,484,0.21%,2.07%,91.74%,5.99%,False,1
3554003,TATUI,SP,139,202,3.474,3.815,3.64%,5.29%,91.06%,True,1,39,75,3417,284,3815,1.02%,1.97%,89.57%,7.44%,False,1
3554102,TAUBATE,SP,217,578,10.006,10.801,2.01%,5.35%,92.64%,True,1,67,208,9960,566,10801,0.62%,1.93%,92.21%,5.24%,False,1
3554201,TEJUPA,SP,3,14,239,256,1.17%,5.47%,93.36%,False,1,2,4,234,16,256,0.78%,1.56%,91.41%,6.25%,False,1
3554300,TEODORO SAMPAIO,SP,16,43,989,1.048,1.53%,4.1%,94.37%,True,1,13,35,933,67,1048,1.24%,3.34%,89.03%,6.39%,False,1
3554409,TERRA ROXA,SP,7,16,166,189,3.7%,8.47%,87.83%,False,1,2,4,163,20,189,1.06%,2.12%,86.24%,10.58%,False,1
3554508,TIETE,SP,17,33,1.158,1.208,1.41%,2.73%,95.86%,True,1,3,20,957,228,1208,0.25%,1.66%,79.22%,18.87%,False,1
3554607,TIMBURI,SP,2,8,132,142,1.41%,5.63%,92.96%,False,1,1,1,123,17,142,0.7%,0.7%,86.62%,11.97%,False,1
3554656,TORRE DE PEDRA,SP,2,8,143,153,1.31%,5.23%,93.46%,False,1,1,3,133,16,153,0.65%,1.96%,86.93%,10.46%,False,1
3554706,TORRINHA,SP,5,11,295,311,1.61%,3.54%,94.86%,False,1,0,2,286,23,311,-,0.64%,91.96%,7.4%,False,1
3554755,TRABIJU,SP,2,3,61,66,3.03%,4.55%,92.42%,False,1,0,0,58,8,66,-,-,87.88%,12.12%,False,1
3554805,TREMEMBE,SP,33,42,404,479,6.89%,8.77%,84.34%,False,1,4,13,419,43,479,0.84%,2.71%,87.47%,8.98%,False,1
3554904,TRES FRONTEIRAS,SP,13,16,238,267,4.87%,5.99%,89.14%,False,1,5,4,232,26,267,1.87%,1.5%,86.89%,9.74%,False,1
3554953,TUIUTI,SP,3,6,248,257,1.17%,2.33%,96.5%,False,1,1,3,223,30,257,0.39%,1.17%,86.77%,11.67%,False,1
3555000,TUPA,SP,28,64,1.528,1.62,1.73%,3.95%,94.32%,True,1,9,20,1483,108,1620,0.56%,1.23%,91.54%,6.67%,False,1
3555109,TUPI PAULISTA,SP,5,15,353,373,1.34%,4.02%,94.64%,False,1,0,3,339,31,373,-,0.8%,90.88%,8.31%,False,1
3555208,TURIUBA,SP,1,4,84,89,1.12%,4.49%,94.38%,False,1,0,0,83,6,89,-,-,93.26%,6.74%,False,1
3555307,TURMALINA,SP,2,1,70,73,2.74%,1.37%,95.89%,False,1,0,2,64,7,73,-,2.74%,87.67%,9.59%,False,1
3555356,UBARANA,SP,3,8,299,310,0.97%,2.58%,96.45%,False,1,1,5,280,24,310,0.32%,1.61%,90.32%,7.74%,False,1
3555406,UBATUBA,SP,176,272,3.97,4.418,3.98%,6.16%,89.86%,True,1,34,107,3995,282,4418,0.77%,2.42%,90.43%,6.38%,False,1
3555505,UBIRAJARA,SP,5,10,215,230,2.17%,4.35%,93.48%,False,1,1,7,198,24,230,0.43%,3.04%,86.09%,10.43%,False,1
3555604,UCHOA,SP,11,25,351,387,2.84%,6.46%,90.7%,False,1,5,12,331,39,387,1.29%,3.1%,85.53%,10.08%,False,1
3555703,UNIAO PAULISTA,SP,1,4,108,113,0.88%,3.54%,95.58%,False,1,0,0,103,10,113,-,-,91.15%,8.85%,False,1
3555802,URANIA,SP,18,25,333,376,4.79%,6.65%,88.56%,False,1,5,8,348,15,376,1.33%,2.13%,92.55%,3.99%,False,1
3555901,URU,SP,2,2,74,78,2.56%,2.56%,94.87%,False,1,0,0,72,6,78,-,-,92.31%,7.69%,False,1
3556008,URUPES,SP,13,27,548,588,2.21%,4.59%,93.2%,False,1,5,9,527,47,588,0.85%,1.53%,89.63%,7.99%,False,1
3556107,VALENTIM GENTIL,SP,16,30,511,557,2.87%,5.39%,91.74%,False,1,2,11,502,42,557,0.36%,1.97%,90.13%,7.54%,False,1
3556206,VALINHOS,SP,31,44,617,692,4.48%,6.36%,89.16%,False,1,10,22,626,34,692,1.45%,3.18%,90.46%,4.91%,False,1
3556305,VALPARAISO,SP,22,46,698,766,2.87%,6.01%,91.12%,False,1,6,10,685,65,766,0.78%,1.31%,89.43%,8.49%,False,1
3556354,VARGEM,SP,25,30,526,581,4.3%,5.16%,90.53%,False,1,2,11,530,38,581,0.34%,1.89%,91.22%,6.54%,False,1
3556404,VARGEM GRANDE DO SUL,SP,26,58,1.051,1.135,2.29%,5.11%,92.6%,True,1,4,15,1027,89,1135,0.35%,1.32%,90.48%,7.84%,False,1
3556453,VARGEM GRANDE PAULISTA,SP,34,95,2.166,2.295,1.48%,4.14%,94.38%,True,1,6,40,2096,153,2295,0.26%,1.74%,91.33%,6.67%,False,1
3556503,VARZEA PAULISTA,SP,66,115,1.738,1.919,3.44%,5.99%,90.57%,True,1,10,40,1740,129,1919,0.52%,2.08%,90.67%,6.72%,False,1
3556602,VERA CRUZ,SP,31,9,213,253,12.25%,3.56%,84.19%,False,1,7,23,213,10,253,2.77%,9.09%,84.19%,3.95%,False,1
3556701,VINHEDO,SP,35,57,2.101,2.193,1.6%,2.6%,95.8%,True,1,8,40,2011,134,2193,0.36%,1.82%,91.7%,6.11%,False,1
3556800,VIRADOURO,SP,11,21,400,432,2.55%,4.86%,92.59%,False,1,1,9,381,41,432,0.23%,2.08%,88.19%,9.49%,False,1
3556909,VISTA ALEGRE DO ALTO,SP,15,12,369,396,3.79%,3.03%,93.18%,False,1,4,7,342,43,396,1.01%,1.77%,86.36%,10.86%,False,1
3556958,VITORIA BRASIL,SP,0,1,109,110,-,0.91%,99.09%,False,1,0,2,97,11,110,-,1.82%,88.18%,10%,False,1
3557006,VOTORANTIM,SP,66,151,3.327,3.544,1.86%,4.26%,93.88%,True,1,25,92,3213,214,3544,0.71%,2.6%,90.66%,6.04%,False,1
3557105,VOTUPORANGA,SP,75,169,2.842,3.086,2.43%,5.48%,92.09%,True,1,16,51,2816,203,3086,0.52%,1.65%,91.25%,6.58%,False,1
3557154,ZACARIAS,SP,2,4,126,132,1.52%,3.03%,95.45%,False,1,0,1,117,14,132,-,0.76%,88.64%,10.61%,False,1
3557204,CHAVANTES,SP,16,21,494,531,3.01%,3.95%,93.03%,False,1,6,10,461,54,531,1.13%,1.88%,86.82%,10.17%,False,1
3557303,ESTIVA GERBI,SP,14,16,184,214,6.54%,7.48%,85.98%,False,1,3,3,188,20,214,1.4%,1.4%,87.85%,9.35%,False,1
4100103,ABATIA,PR,4,5,200,209,1.91%,2.39%,95.69%,False,1,1,5,183,20,209,0.48%,2.39%,87.56%,9.57%,False,1
4100202,ADRIANOPOLIS,PR,19,23,290,332,5.72%,6.93%,87.35%,False,1,5,5,292,30,332,1.51%,1.51%,87.95%,9.04%,False,1
4100301,AGUDOS DO SUL,PR,28,41,536,605,4.63%,6.78%,88.6%,False,1,5,6,544,50,605,0.83%,0.99%,89.92%,8.26%,False,1
4100400,ALMIRANTE TAMANDARE,PR,134,288,4.167,4.589,2.92%,6.28%,90.8%,True,1,34,86,4154,315,4589,0.74%,1.87%,90.52%,6.86%,False,1
4100459,ALTAMIRA DO PARANA,PR,5,6,181,192,2.6%,3.13%,94.27%,False,1,0,0,184,8,192,-,-,95.83%,4.17%,False,1
4100509,ALTONIA,PR,24,35,565,624,3.85%,5.61%,90.54%,False,1,5,12,562,45,624,0.8%,1.92%,90.06%,7.21%,False,1
4100608,ALTO PARANA,PR,12,22,602,636,1.89%,3.46%,94.65%,False,1,3,9,574,50,636,0.47%,1.42%,90.25%,7.86%,False,1
4100707,ALTO PIQUIRI,PR,10,17,476,503,1.99%,3.38%,94.63%,False,1,5,4,446,48,503,0.99%,0.8%,88.67%,9.54%,False,1
4100806,ALVORADA DO SUL,PR,7,11,334,352,1.99%,3.13%,94.89%,False,1,3,3,317,29,352,0.85%,0.85%,90.06%,8.24%,False,1
4100905,AMAPORA,PR,5,14,241,260,1.92%,5.38%,92.69%,False,1,0,3,246,11,260,-,1.15%,94.62%,4.23%,False,1
4101002,AMPERE,PR,24,34,967,1.025,2.34%,3.32%,94.34%,True,1,0,16,925,84,1025,-,1.56%,90.24%,8.2%,False,1
4101051,ANAHY,PR,2,8,176,186,1.08%,4.3%,94.62%,False,1,0,1,167,18,186,-,0.54%,89.78%,9.68%,False,1
4101101,ANDIRA,PR,19,31,840,890,2.13%,3.48%,94.38%,False,1,6,13,792,79,890,0.67%,1.46%,88.99%,8.88%,False,1
4101150,ANGULO,PR,3,9,149,161,1.86%,5.59%,92.55%,False,1,2,1,144,14,161,1.24%,0.62%,89.44%,8.7%,False,1
4101200,ANTONINA,PR,30,56,671,757,3.96%,7.4%,88.64%,False,1,4,13,680,60,757,0.53%,1.72%,89.83%,7.93%,False,1
4101309,ANTONIO OLINTO,PR,4,10,348,362,1.1%,2.76%,96.13%,False,1,1,2,321,38,362,0.28%,0.55%,88.67%,10.5%,False,1
4101408,APUCARANA,PR,322,392,4.06,4.774,6.74%,8.21%,85.04%,True,1,76,143,4354,202,4775,1.59%,2.99%,91.18%,4.23%,False,1
4101507,ARAPONGAS,PR,120,165,2.334,2.619,4.58%,6.3%,89.12%,True,1,22,73,2355,169,2619,0.84%,2.79%,89.92%,6.45%,False,1
4101606,ARAPOTI,PR,45,68,1.098,1.211,3.72%,5.62%,90.67%,True,1,10,29,1080,92,1211,0.83%,2.39%,89.18%,7.6%,False,1
4101655,ARAPUA,PR,5,7,115,127,3.94%,5.51%,90.55%,False,1,0,2,110,15,127,-,1.57%,86.61%,11.81%,False,1
4101705,ARARUNA,PR,16,22,534,572,2.8%,3.85%,93.36%,False,1,4,12,500,56,572,0.7%,2.1%,87.41%,9.79%,False,1
4101804,ARAUCARIA,PR,176,407,6.786,7.369,2.39%,5.52%,92.09%,True,1,52,137,6750,431,7370,0.71%,1.86%,91.59%,5.85%,False,1
4101853,ARIRANHA DO IVAI,PR,8,6,77,91,8.79%,6.59%,84.62%,False,1,3,1,78,9,91,3.3%,1.1%,85.71%,9.89%,False,1
4101903,ASSAI,PR,8,23,505,536,1.49%,4.29%,94.22%,False,1,2,13,474,47,536,0.37%,2.43%,88.43%,8.77%,False,1
4102000,ASSIS CHATEAUBRIAND,PR,27,54,1.57,1.651,1.64%,3.27%,95.09%,True,1,6,20,1500,125,1651,0.36%,1.21%,90.85%,7.57%,False,1
4102109,ASTORGA,PR,16,33,835,884,1.81%,3.73%,94.46%,False,1,4,9,791,80,884,0.45%,1.02%,89.48%,9.05%,False,1
4102208,ATALAIA,PR,4,8,130,142,2.82%,5.63%,91.55%,False,1,1,3,124,14,142,0.7%,2.11%,87.32%,9.86%,False,1
4102307,BALSA NOVA,PR,8,33,755,796,1.01%,4.15%,94.85%,False,1,3,14,728,51,796,0.38%,1.76%,91.46%,6.41%,False,1
4102406,BANDEIRANTES,PR,25,59,1.158,1.242,2.01%,4.75%,93.24%,True,1,5,15,1144,78,1242,0.4%,1.21%,92.11%,6.28%,False,1
4102505,BARBOSA FERRAZ,PR,8,12,410,430,1.86%,2.79%,95.35%,False,1,0,5,376,49,430,-,1.16%,87.44%,11.4%,False,1
4102604,BARRACAO,PR,30,41,458,529,5.67%,7.75%,86.58%,False,1,1,14,468,46,529,0.19%,2.65%,88.47%,8.7%,False,1
4102703,BARRA DO JACARE,PR,3,4,120,127,2.36%,3.15%,94.49%,False,1,0,2,113,12,127,-,1.57%,88.98%,9.45%,False,1
4102752,BELA VISTA DA CAROBA,PR,5,5,160,170,2.94%,2.94%,94.12%,False,1,0,2,153,15,170,-,1.18%,90%,8.82%,False,1
4102802,BELA VISTA DO PARAISO,PR,18,19,357,394,4.57%,4.82%,90.61%,False,1,1,5,347,41,394,0.25%,1.27%,88.07%,10.41%,False,1
4102901,BITURUNA,PR,36,61,1.103,1.2,3%,5.08%,91.92%,True,1,5,23,1109,63,1200,0.42%,1.92%,92.42%,5.25%,False,1
4103008,BOA ESPERANCA,PR,13,9,159,181,7.18%,4.97%,87.85%,False,1,1,5,157,18,181,0.55%,2.76%,86.74%,9.94%,False,1
4103024,BOA ESPERANCA DO IGUACU,PR,9,7,101,117,7.69%,5.98%,86.32%,False,1,1,0,105,11,117,0.85%,-,89.74%,9.4%,False,1
4103040,BOA VENTURA DE SAO ROQUE,PR,9,14,229,252,3.57%,5.56%,90.87%,False,1,2,4,226,20,252,0.79%,1.59%,89.68%,7.94%,False,1
4103057,BOA VISTA DA APARECIDA,PR,26,29,453,508,5.12%,5.71%,89.17%,False,1,5,6,459,38,508,0.98%,1.18%,90.35%,7.48%,False,1
4103107,BOCAIUVA DO SUL,PR,16,33,509,558,2.87%,5.91%,91.22%,False,1,2,3,516,37,558,0.36%,0.54%,92.47%,6.63%,False,1
4103156,BOM JESUS DO SUL,PR,18,17,213,248,7.26%,6.85%,85.89%,False,1,1,5,236,6,248,0.4%,2.02%,95.16%,2.42%,False,1
4103206,BOM SUCESSO,PR,9,12,297,318,2.83%,3.77%,93.4%,False,1,1,3,279,35,318,0.31%,0.94%,87.74%,11.01%,False,1
4103222,BOM SUCESSO DO SUL,PR,10,8,182,200,5%,4%,91%,False,1,4,5,178,13,200,2%,2.5%,89%,6.5%,False,1
4103305,BORRAZOPOLIS,PR,11,8,182,201,5.47%,3.98%,90.55%,False,1,4,3,169,25,201,1.99%,1.49%,84.08%,12.44%,False,1
4103354,BRAGANEY,PR,2,16,229,247,0.81%,6.48%,92.71%,False,1,1,5,221,20,247,0.4%,2.02%,89.47%,8.1%,False,1
4103370,BRASILANDIA DO SUL,PR,2,3,222,227,0.88%,1.32%,97.8%,False,1,0,2,210,15,227,-,0.88%,92.51%,6.61%,False,1
4103404,CAFEARA,PR,0,2,161,163,-,1.23%,98.77%,False,1,0,1,154,8,163,-,0.61%,94.48%,4.91%,False,1
4103453,CAFELANDIA,PR,51,69,883,1.003,5.08%,6.88%,88.04%,True,1,3,19,919,62,1003,0.3%,1.89%,91.63%,6.18%,False,1
4103479,CAFEZAL DO SUL,PR,5,8,260,273,1.83%,2.93%,95.24%,False,1,2,0,234,37,273,0.73%,-,85.71%,13.55%,False,1
4103503,CALIFORNIA,PR,12,9,278,299,4.01%,3.01%,92.98%,False,1,2,3,276,18,299,0.67%,1%,92.31%,6.02%,False,1
4103602,CAMBARA,PR,25,42,407,474,5.27%,8.86%,85.86%,False,1,3,6,415,50,474,0.63%,1.27%,87.55%,10.55%,False,1
4103701,CAMBE,PR,79,199,3.79,4.068,1.94%,4.89%,93.17%,True,1,23,65,3670,310,4068,0.57%,1.6%,90.22%,7.62%,False,1
4103800,CAMBIRA,PR,12,31,523,566,2.12%,5.48%,92.4%,False,1,2,10,510,44,566,0.35%,1.77%,90.11%,7.77%,False,1
4103909,CAMPINA DA LAGOA,PR,43,57,914,1.014,4.24%,5.62%,90.14%,True,1,6,9,913,86,1014,0.59%,0.89%,90.04%,8.48%,False,1
4103958,CAMPINA DO SIMAO,PR,3,3,194,200,1.5%,1.5%,97%,False,1,0,2,193,5,200,-,1%,96.5%,2.5%,False,1
4104006,CAMPINA GRANDE DO SUL,PR,54,112,2.006,2.172,2.49%,5.16%,92.36%,True,1,13,38,1967,154,2172,0.6%,1.75%,90.56%,7.09%,False,1
4104055,CAMPO BONITO,PR,11,19,106,136,8.09%,13.97%,77.94%,False,1,0,3,125,8,136,-,2.21%,91.91%,5.88%,False,1
4104105,CAMPO DO TENENTE,PR,9,21,573,603,1.49%,3.48%,95.02%,False,1,1,8,550,44,603,0.17%,1.33%,91.21%,7.3%,False,1
4104204,CAMPO LARGO,PR,104,229,4.219,4.552,2.28%,5.03%,92.68%,True,1,46,76,4179,251,4552,1.01%,1.67%,91.81%,5.51%,False,1
4104253,CAMPO MAGRO,PR,72,115,1.334,1.521,4.73%,7.56%,87.71%,True,1,24,45,1344,108,1521,1.58%,2.96%,88.36%,7.1%,False,1
4104303,CAMPO MOURAO,PR,102,155,2.856,3.113,3.28%,4.98%,91.74%,True,1,22,59,2810,222,3113,0.71%,1.9%,90.27%,7.13%,False,1
4104402,CANDIDO DE ABREU,PR,29,27,793,849,3.42%,3.18%,93.4%,False,1,8,22,751,68,849,0.94%,2.59%,88.46%,8.01%,False,1
4104428,CANDOI,PR,38,47,851,936,4.06%,5.02%,90.92%,False,1,7,18,840,71,936,0.75%,1.92%,89.74%,7.59%,False,1
4104451,CANTAGALO,PR,36,49,326,411,8.76%,11.92%,79.32%,False,1,2,9,360,40,411,0.49%,2.19%,87.59%,9.73%,False,1
4104501,CAPANEMA,PR,18,25,849,892,2.02%,2.8%,95.18%,False,1,5,7,820,60,892,0.56%,0.78%,91.93%,6.73%,False,1
4104600,CAPITAO LEONIDAS MARQUES,PR,17,31,603,651,2.61%,4.76%,92.63%,False,1,2,12,578,59,651,0.31%,1.84%,88.79%,9.06%,False,1
4104659,CARAMBEI,PR,32,85,1.094,1.211,2.64%,7.02%,90.34%,True,1,5,22,1112,72,1211,0.41%,1.82%,91.82%,5.95%,False,1
4104709,CARLOPOLIS,PR,16,39,695,750,2.13%,5.2%,92.67%,False,1,1,15,673,61,750,0.13%,2%,89.73%,8.13%,False,1
4104808,CASCAVEL,PR,248,567,12.618,13.433,1.85%,4.22%,93.93%,True,1,61,223,12199,950,13433,0.45%,1.66%,90.81%,7.07%,False,1
4104907,CASTRO,PR,108,235,3.311,3.654,2.96%,6.43%,90.61%,True,1,27,93,3322,212,3654,0.74%,2.55%,90.91%,5.8%,False,1
4105003,CATANDUVAS,PR,52,40,447,539,9.65%,7.42%,82.93%,False,1,8,15,491,25,539,1.48%,2.78%,91.09%,4.64%,False,1
4105102,CENTENARIO DO SUL,PR,9,21,376,406,2.22%,5.17%,92.61%,False,1,4,6,360,36,406,0.99%,1.48%,88.67%,8.87%,False,1
4105201,CERRO AZUL,PR,17,56,844,917,1.85%,6.11%,92.04%,False,1,1,17,818,81,917,0.11%,1.85%,89.2%,8.83%,False,1
4105300,CEU AZUL,PR,10,10,312,332,3.01%,3.01%,93.98%,False,1,5,6,306,15,332,1.51%,1.81%,92.17%,4.52%,False,1
4105409,CHOPINZINHO,PR,28,86,1.23,1.344,2.08%,6.4%,91.52%,True,1,8,16,1232,88,1344,0.6%,1.19%,91.67%,6.55%,False,1
4105508,CIANORTE,PR,55,122,3.077,3.254,1.69%,3.75%,94.56%,True,1,17,51,2956,230,3254,0.52%,1.57%,90.84%,7.07%,False,1
4105607,CIDADE GAUCHA,PR,18,17,308,343,5.25%,4.96%,89.8%,False,1,1,3,306,33,343,0.29%,0.87%,89.21%,9.62%,False,1
4105706,CLEVELANDIA,PR,29,54,841,924,3.14%,5.84%,91.02%,False,1,6,15,838,65,924,0.65%,1.62%,90.69%,7.03%,False,1
4105805,COLOMBO,PR,342,548,8.062,8.952,3.82%,6.12%,90.06%,True,1,105,230,8131,486,8952,1.17%,2.57%,90.83%,5.43%,False,1
4105904,COLORADO,PR,40,67,799,906,4.42%,7.4%,88.19%,False,1,5,11,814,76,906,0.55%,1.21%,89.85%,8.39%,False,1
4106001,CONGONHINHAS,PR,5,5,244,254,1.97%,1.97%,96.06%,False,1,0,3,219,32,254,-,1.18%,86.22%,12.6%,False,1
4106100,CONSELHEIRO MAIRINCK,PR,2,2,195,199,1.01%,1.01%,97.99%,False,1,1,2,183,13,199,0.5%,1.01%,91.96%,6.53%,False,1
4106209,CONTENDA,PR,14,44,773,831,1.68%,5.29%,93.02%,False,1,2,12,749,68,831,0.24%,1.44%,90.13%,8.18%,False,1
4106308,CORBELIA,PR,60,59,951,1.07,5.61%,5.51%,88.88%,True,1,8,21,962,79,1070,0.75%,1.96%,89.91%,7.38%,False,1
4106407,CORNELIO PROCOPIO,PR,38,55,982,1.075,3.53%,5.12%,91.35%,True,1,12,17,946,100,1075,1.12%,1.58%,88%,9.3%,False,1
4106456,CORONEL DOMINGOS SOARES,PR,12,34,418,464,2.59%,7.33%,90.09%,False,1,5,7,423,29,464,1.08%,1.51%,91.16%,6.25%,False,1
4106506,CORONEL VIVIDA,PR,37,56,901,994,3.72%,5.63%,90.64%,False,1,5,18,887,84,994,0.5%,1.81%,89.24%,8.45%,False,1
4106555,CORUMBATAI DO SUL,PR,6,3,138,147,4.08%,2.04%,93.88%,False,1,0,2,128,17,147,-,1.36%,87.07%,11.56%,False,1
4106571,CRUZEIRO DO IGUACU,PR,4,8,164,176,2.27%,4.55%,93.18%,False,1,0,3,164,9,176,-,1.7%,93.18%,5.11%,False,1
4106605,CRUZEIRO DO OESTE,PR,35,59,805,899,3.89%,6.56%,89.54%,False,1,5,24,812,58,899,0.56%,2.67%,90.32%,6.45%,False,1
4106704,CRUZEIRO DO SUL,PR,6,3,165,174,3.45%,1.72%,94.83%,False,1,1,1,159,13,174,0.57%,0.57%,91.38%,7.47%,False,1
4106803,CRUZ MACHADO,PR,11,31,840,882,1.25%,3.51%,95.24%,False,1,3,16,807,56,882,0.34%,1.81%,91.5%,6.35%,False,1
4106852,CRUZMALTINA,PR,6,5,153,164,3.66%,3.05%,93.29%,False,1,0,2,153,9,164,-,1.22%,93.29%,5.49%,False,1
4106902,CURITIBA,PR,1.691,1.003,12.001,14.695,11.51%,6.83%,81.67%,True,1,260,300,13290,845,14695,1.77%,2.04%,90.44%,5.75%,False,1
4107009,CURIUVA,PR,19,35,489,543,3.5%,6.45%,90.06%,False,1,6,15,489,33,543,1.1%,2.76%,90.06%,6.08%,False,1
4107108,DIAMANTE DO NORTE,PR,5,11,112,128,3.91%,8.59%,87.5%,False,1,2,2,110,14,128,1.56%,1.56%,85.94%,10.94%,False,1
4107124,DIAMANTE DO SUL,PR,6,5,186,197,3.05%,2.54%,94.42%,False,1,0,3,185,9,197,-,1.52%,93.91%,4.57%,False,1
4107157,DIAMANTE D'OESTE,PR,9,11,146,166,5.42%,6.63%,87.95%,False,1,3,5,137,21,166,1.81%,3.01%,82.53%,12.65%,False,1
4107207,DOIS VIZINHOS,PR,112,89,1.786,1.987,5.64%,4.48%,89.88%,True,1,52,61,1764,110,1987,2.62%,3.07%,88.78%,5.54%,False,1
4107256,DOURADINA,PR,12,13,428,453,2.65%,2.87%,94.48%,False,1,2,4,415,32,453,0.44%,0.88%,91.61%,7.06%,False,1
4107306,DOUTOR CAMARGO,PR,4,6,226,236,1.69%,2.54%,95.76%,False,1,1,3,206,26,236,0.42%,1.27%,87.29%,11.02%,False,1
4107405,ENEAS MARQUES,PR,4,6,194,204,1.96%,2.94%,95.1%,False,1,1,4,180,19,204,0.49%,1.96%,88.24%,9.31%,False,1
4107504,ENGENHEIRO BELTRAO,PR,9,12,227,248,3.63%,4.84%,91.53%,False,1,0,6,214,28,248,-,2.42%,86.29%,11.29%,False,1
4107520,ESPERANCA NOVA,PR,3,0,94,97,3.09%,-,96.91%,False,1,0,1,85,11,97,-,1.03%,87.63%,11.34%,False,1
4107538,ENTRE RIOS DO OESTE,PR,25,28,234,287,8.71%,9.76%,81.53%,False,1,5,8,255,19,287,1.74%,2.79%,88.85%,6.62%,False,1
4107546,ESPIGAO ALTO DO IGUACU,PR,19,26,276,321,5.92%,8.1%,85.98%,False,1,0,8,294,19,321,-,2.49%,91.59%,5.92%,False,1
4107553,FAROL,PR,3,10,114,127,2.36%,7.87%,89.76%,False,1,2,2,105,18,127,1.57%,1.57%,82.68%,14.17%,False,1
4107603,FAXINAL,PR,24,42,687,753,3.19%,5.58%,91.24%,False,1,7,14,672,60,753,0.93%,1.86%,89.24%,7.97%,False,1
4107652,FAZENDA RIO GRANDE,PR,274,267,2.538,3.079,8.9%,8.67%,82.43%,True,1,63,91,2689,236,3079,2.05%,2.96%,87.33%,7.66%,False,1
4107702,FENIX,PR,4,11,149,164,2.44%,6.71%,90.85%,False,1,0,4,143,17,164,-,2.44%,87.2%,10.37%,False,1
4107736,FERNANDES PINHEIRO,PR,16,18,362,396,4.04%,4.55%,91.41%,False,1,1,9,354,32,396,0.25%,2.27%,89.39%,8.08%,False,1
4107751,FIGUEIRA,PR,15,21,332,368,4.08%,5.71%,90.22%,False,1,1,7,328,32,368,0.27%,1.9%,89.13%,8.7%,False,1
4107801,FLORAI,PR,2,11,187,200,1%,5.5%,93.5%,False,1,1,3,180,16,200,0.5%,1.5%,90%,8%,False,1
4107850,FLOR DA SERRA DO SUL,PR,3,11,268,282,1.06%,3.9%,95.04%,False,1,0,0,271,11,282,-,-,96.1%,3.9%,False,1
4107900,FLORESTA,PR,0,0,76,76,-,-,100%,False,1,0,1,72,3,76,-,1.32%,94.74%,3.95%,False,1
4108007,FLORESTOPOLIS,PR,7,19,604,630,1.11%,3.02%,95.87%,False,1,3,8,551,68,630,0.48%,1.27%,87.46%,10.79%,False,1
4108106,FLORIDA,PR,0,4,75,79,-,5.06%,94.94%,False,1,0,0,72,7,79,-,-,91.14%,8.86%,False,1
4108205,FORMOSA DO OESTE,PR,26,11,66,103,25.24%,10.68%,64.08%,False,1,9,9,80,5,103,8.74%,8.74%,77.67%,4.85%,False,1
4108304,FOZ DO IGUACU,PR,236,426,8.293,8.955,2.64%,4.76%,92.61%,True,1,62,171,8166,556,8955,0.69%,1.91%,91.19%,6.21%,False,1
4108320,FRANCISCO ALVES,PR,9,21,571,601,1.5%,3.49%,95.01%,False,1,1,4,548,48,601,0.17%,0.67%,91.18%,7.99%,False,1
4108403,FRANCISCO BELTRAO,PR,131,269,3.704,4.104,3.19%,6.55%,90.25%,True,1,26,88,3772,218,4104,0.63%,2.14%,91.91%,5.31%,False,1
4108452,FOZ DO JORDAO,PR,22,30,312,364,6.04%,8.24%,85.71%,False,1,3,4,327,30,364,0.82%,1.1%,89.84%,8.24%,False,1
4108502,GENERAL CARNEIRO,PR,12,29,671,712,1.69%,4.07%,94.24%,False,1,2,15,640,55,712,0.28%,2.11%,89.89%,7.72%,False,1
4108551,GODOY MOREIRA,PR,4,5,120,129,3.1%,3.88%,93.02%,False,1,1,1,119,8,129,0.78%,0.78%,92.25%,6.2%,False,1
4108601,GOIOERE,PR,22,61,1.2,1.283,1.71%,4.75%,93.53%,True,1,6,20,1159,98,1283,0.47%,1.56%,90.34%,7.64%,False,1
4108650,GOIOXIM,PR,17,26,404,447,3.8%,5.82%,90.38%,False,1,1,6,407,33,447,0.22%,1.34%,91.05%,7.38%,False,1
4108700,GRANDES RIOS,PR,6,12,267,285,2.11%,4.21%,93.68%,False,1,0,6,257,22,285,-,2.11%,90.18%,7.72%,False,1
4108809,GUAIRA,PR,49,93,1.374,1.516,3.23%,6.13%,90.63%,True,1,5,25,1358,128,1516,0.33%,1.65%,89.58%,8.44%,False,1
4108908,GUAIRACA,PR,18,17,368,403,4.47%,4.22%,91.32%,False,1,2,11,352,38,403,0.5%,2.73%,87.34%,9.43%,False,1
4108957,GUAMIRANGA,PR,9,18,379,406,2.22%,4.43%,93.35%,False,1,3,4,376,23,406,0.74%,0.99%,92.61%,5.67%,False,1
4109005,GUAPIRAMA,PR,6,9,260,275,2.18%,3.27%,94.55%,False,1,2,3,240,30,275,0.73%,1.09%,87.27%,10.91%,False,1
4109104,GUAPOREMA,PR,2,6,97,105,1.9%,5.71%,92.38%,False,1,0,1,100,4,105,-,0.95%,95.24%,3.81%,False,1
4109203,GUARACI,PR,1,6,156,163,0.61%,3.68%,95.71%,False,1,0,3,139,21,163,-,1.84%,85.28%,12.88%,False,1
4109302,GUARANIACU,PR,25,52,593,670,3.73%,7.76%,88.51%,False,1,6,13,602,49,670,0.9%,1.94%,89.85%,7.31%,False,1
4109401,GUARAPUAVA,PR,216,404,7.142,7.762,2.78%,5.2%,92.01%,True,1,50,159,7058,495,7762,0.64%,2.05%,90.93%,6.38%,False,1
4109500,GUARAQUECABA,PR,13,27,401,441,2.95%,6.12%,90.93%,False,1,2,7,387,45,441,0.45%,1.59%,87.76%,10.2%,False,1
4109609,GUARATUBA,PR,53,112,1.631,1.796,2.95%,6.24%,90.81%,True,1,8,30,1628,130,1796,0.45%,1.67%,90.65%,7.24%,False,1
4109658,HONORIO SERPA,PR,9,12,247,268,3.36%,4.48%,92.16%,False,1,0,7,251,10,268,-,2.61%,93.66%,3.73%,False,1
4109708,IBAITI,PR,22,61,1.355,1.438,1.53%,4.24%,94.23%,True,1,4,19,1313,102,1438,0.28%,1.32%,91.31%,7.09%,False,1
4109757,IBEMA,PR,23,24,275,322,7.14%,7.45%,85.4%,False,1,0,2,288,32,322,-,0.62%,89.44%,9.94%,False,1
4109807,IBIPORA,PR,80,116,2.013,2.209,3.62%,5.25%,91.13%,True,1,17,48,1980,164,2209,0.77%,2.17%,89.63%,7.42%,False,1
4109906,ICARAIMA,PR,11,20,386,417,2.64%,4.8%,92.57%,False,1,0,11,371,35,417,-,2.64%,88.97%,8.39%,False,1
4110003,IGUARACU,PR,4,5,177,186,2.15%,2.69%,95.16%,False,1,1,0,166,19,186,0.54%,-,89.25%,10.22%,False,1
4110052,IGUATU,PR,8,8,87,103,7.77%,7.77%,84.47%,False,1,0,2,94,7,103,-,1.94%,91.26%,6.8%,False,1
4110078,IMBAU,PR,21,22,430,473,4.44%,4.65%,90.91%,False,1,8,9,427,29,473,1.69%,1.9%,90.27%,6.13%,False,1
4110102,IMBITUVA,PR,54,90,1.662,1.806,2.99%,4.98%,92.03%,True,1,12,39,1613,142,1806,0.66%,2.16%,89.31%,7.86%,False,1
4110201,INACIO MARTINS,PR,12,31,653,696,1.72%,4.45%,93.82%,False,1,3,10,641,42,696,0.43%,1.44%,92.1%,6.03%,False,1
4110300,INAJA,PR,1,4,102,107,0.93%,3.74%,95.33%,False,1,0,2,98,7,107,-,1.87%,91.59%,6.54%,False,1
4110409,INDIANOPOLIS,PR,5,6,219,230,2.17%,2.61%,95.22%,False,1,0,0,201,29,230,-,-,87.39%,12.61%,False,1
4110508,IPIRANGA,PR,6,12,330,348,1.72%,3.45%,94.83%,False,1,3,8,302,35,348,0.86%,2.3%,86.78%,10.06%,False,1
4110607,IPORA,PR,16,25,574,615,2.6%,4.07%,93.33%,False,1,1,8,550,56,615,0.16%,1.3%,89.43%,9.11%,False,1
4110656,IRACEMA DO OESTE,PR,1,2,109,112,0.89%,1.79%,97.32%,False,1,0,1,95,16,112,-,0.89%,84.82%,14.29%,False,1
4110706,IRATI,PR,34,104,2.217,2.355,1.44%,4.42%,94.14%,True,1,9,32,2140,174,2355,0.38%,1.36%,90.87%,7.39%,False,1
4110805,IRETAMA,PR,10,17,487,514,1.95%,3.31%,94.75%,False,1,2,7,465,40,514,0.39%,1.36%,90.47%,7.78%,False,1
4110904,ITAGUAJE,PR,11,20,213,244,4.51%,8.2%,87.3%,False,1,1,2,217,24,244,0.41%,0.82%,88.93%,9.84%,False,1
4110953,ITAIPULANDIA,PR,13,37,745,795,1.64%,4.65%,93.71%,False,1,2,12,730,51,795,0.25%,1.51%,91.82%,6.42%,False,1
4111001,ITAMBARACA,PR,5,7,201,213,2.35%,3.29%,94.37%,False,1,1,4,171,37,213,0.47%,1.88%,80.28%,17.37%,False,1
4111100,ITAMBE,PR,7,5,220,232,3.02%,2.16%,94.83%,False,1,1,0,210,21,232,0.43%,-,90.52%,9.05%,False,1
4111209,ITAPEJARA D'OESTE,PR,22,51,659,732,3.01%,6.97%,90.03%,False,1,6,6,663,57,732,0.82%,0.82%,90.57%,7.79%,False,1
4111258,ITAPERUCU,PR,56,95,1.607,1.758,3.19%,5.4%,91.41%,True,1,10,34,1561,153,1758,0.57%,1.93%,88.79%,8.7%,False,1
4111308,ITAUNA DO SUL,PR,6,6,154,166,3.61%,3.61%,92.77%,False,1,1,4,147,14,166,0.6%,2.41%,88.55%,8.43%,False,1
4111407,IVAI,PR,14,21,857,892,1.57%,2.35%,96.08%,False,1,6,10,801,75,892,0.67%,1.12%,89.8%,8.41%,False,1
4111506,IVAIPORA,PR,35,46,928,1.009,3.47%,4.56%,91.97%,True,1,9,27,902,71,1009,0.89%,2.68%,89.4%,7.04%,False,1
4111555,IVATE,PR,6,10,234,250,2.4%,4%,93.6%,False,1,1,5,207,37,250,0.4%,2%,82.8%,14.8%,False,1
4111605,IVATUBA,PR,1,9,84,94,1.06%,9.57%,89.36%,False,1,0,1,82,11,94,-,1.06%,87.23%,11.7%,False,1
4111704,JABOTI,PR,8,10,205,223,3.59%,4.48%,91.93%,False,1,0,3,202,18,223,-,1.35%,90.58%,8.07%,False,1
4111803,JACAREZINHO,PR,67,109,2.081,2.257,2.97%,4.83%,92.2%,True,1,7,40,2038,172,2257,0.31%,1.77%,90.3%,7.62%,False,1
4111902,JAGUAPITA,PR,38,40,228,306,12.42%,13.07%,74.51%,False,1,0,1,81,224,306,-,0.33%,26.47%,73.2%,False,1
4112009,JAGUARIAIVA,PR,109,172,1.584,1.865,5.84%,9.22%,84.93%,True,1,13,36,1695,121,1865,0.7%,1.93%,90.88%,6.49%,False,1
4112108,JANDAIA DO SUL,PR,24,39,748,811,2.96%,4.81%,92.23%,False,1,4,11,755,41,811,0.49%,1.36%,93.09%,5.06%,False,1
4112207,JANIOPOLIS,PR,6,16,261,283,2.12%,5.65%,92.23%,False,1,1,5,245,32,283,0.35%,1.77%,86.57%,11.31%,False,1
4112306,JAPIRA,PR,8,19,308,335,2.39%,5.67%,91.94%,False,1,1,5,303,26,335,0.3%,1.49%,90.45%,7.76%,False,1
4112405,JAPURA,PR,5,9,291,305,1.64%,2.95%,95.41%,False,1,3,2,260,40,305,0.98%,0.66%,85.25%,13.11%,False,1
4112504,JARDIM ALEGRE,PR,13,25,356,394,3.3%,6.35%,90.36%,False,1,3,3,357,31,394,0.76%,0.76%,90.61%,7.87%,False,1
4112603,JARDIM OLINDA,PR,1,4,73,78,1.28%,5.13%,93.59%,False,1,1,1,73,3,78,1.28%,1.28%,93.59%,3.85%,False,1
4112702,JATAIZINHO,PR,20,55,475,550,3.64%,10%,86.36%,False,1,2,10,486,51,549,0.36%,1.82%,88.52%,9.29%,False,1
4112751,JESUITAS,PR,21,13,385,419,5.01%,3.1%,91.89%,False,1,5,7,370,37,419,1.19%,1.67%,88.31%,8.83%,False,1
4112801,JOAQUIM TAVORA,PR,7,24,629,660,1.06%,3.64%,95.3%,False,1,4,13,581,62,660,0.61%,1.97%,88.03%,9.39%,False,1
4112900,JUNDIAI DO SUL,PR,2,12,162,176,1.14%,6.82%,92.05%,False,1,0,1,162,13,176,-,0.57%,92.05%,7.39%,False,1
4112959,JURANDA,PR,23,39,389,451,5.1%,8.65%,86.25%,False,1,1,6,402,42,451,0.22%,1.33%,89.14%,9.31%,False,1
4113007,JUSSARA,PR,8,12,293,313,2.56%,3.83%,93.61%,False,1,0,4,280,29,313,-,1.28%,89.46%,9.27%,False,1
4113106,KALORE,PR,2,7,214,223,0.9%,3.14%,95.96%,False,1,0,4,204,15,223,-,1.79%,91.48%,6.73%,False,1
4113205,LAPA,PR,34,71,1.576,1.681,2.02%,4.22%,93.75%,True,1,11,19,1536,115,1681,0.65%,1.13%,91.37%,6.84%,False,1
4113254,LARANJAL,PR,20,21,345,386,5.18%,5.44%,89.38%,False,1,3,5,292,86,386,0.78%,1.3%,75.65%,22.28%,False,1
4113304,LARANJEIRAS DO SUL,PR,42,118,2.032,2.192,1.92%,5.38%,92.7%,True,1,7,35,2011,139,2192,0.32%,1.6%,91.74%,6.34%,False,1
4113403,LEOPOLIS,PR,4,7,171,182,2.2%,3.85%,93.96%,False,1,2,2,162,16,182,1.1%,1.1%,89.01%,8.79%,False,1
4113429,LIDIANOPOLIS,PR,5,6,191,202,2.48%,2.97%,94.55%,False,1,1,2,183,16,202,0.5%,0.99%,90.59%,7.92%,False,1
4113452,LINDOESTE,PR,9,21,273,303,2.97%,6.93%,90.1%,False,1,5,2,278,18,303,1.65%,0.66%,91.75%,5.94%,False,1
4113502,LOANDA,PR,13,45,966,1.024,1.27%,4.39%,94.34%,True,1,6,11,933,74,1024,0.59%,1.07%,91.11%,7.23%,False,1
4113601,LOBATO,PR,3,15,171,189,1.59%,7.94%,90.48%,False,1,1,0,161,27,189,0.53%,-,85.19%,14.29%,False,1
4113700,LONDRINA,PR,557,812,14.863,16.232,3.43%,5%,91.57%,True,1,185,331,14603,1113,16232,1.14%,2.04%,89.96%,6.86%,False,1
4113734,LUIZIANA,PR,14,23,375,412,3.4%,5.58%,91.02%,False,1,3,5,371,33,412,0.73%,1.21%,90.05%,8.01%,False,1
4113759,LUNARDELLI,PR,1,13,217,231,0.43%,5.63%,93.94%,False,1,1,3,211,16,231,0.43%,1.3%,91.34%,6.93%,False,1
4113809,LUPIONOPOLIS,PR,3,11,233,247,1.21%,4.45%,94.33%,False,1,1,7,226,13,247,0.4%,2.83%,91.5%,5.26%,False,1
4113908,MALLET,PR,9,28,585,622,1.45%,4.5%,94.05%,False,1,7,10,564,41,622,1.13%,1.61%,90.68%,6.59%,False,1
4114005,MAMBORE,PR,9,24,519,552,1.63%,4.35%,94.02%,False,1,5,8,497,42,552,0.91%,1.45%,90.04%,7.61%,False,1
4114104,MANDAGUACU,PR,73,70,924,1.067,6.84%,6.56%,86.6%,True,1,7,16,968,76,1067,0.66%,1.5%,90.72%,7.12%,False,1
4114203,MANDAGUARI,PR,27,48,976,1.051,2.57%,4.57%,92.86%,True,1,5,9,965,72,1051,0.48%,0.86%,91.82%,6.85%,False,1
4114302,MANDIRITUBA,PR,45,36,420,501,8.98%,7.19%,83.83%,False,1,26,16,443,16,501,5.19%,3.19%,88.42%,3.19%,False,1
4114351,MANFRINOPOLIS,PR,3,1,111,115,2.61%,0.87%,96.52%,False,1,0,1,102,12,115,-,0.87%,88.7%,10.43%,False,1
4114401,MANGUEIRINHA,PR,32,80,890,1.002,3.19%,7.98%,88.82%,True,1,6,17,916,63,1002,0.6%,1.7%,91.42%,6.29%,False,1
4114500,MANOEL RIBAS,PR,19,50,608,677,2.81%,7.39%,89.81%,False,1,3,11,605,58,677,0.44%,1.62%,89.36%,8.57%,False,1
4114609,MARECHAL CANDIDO RONDON,PR,34,117,1.97,2.121,1.6%,5.52%,92.88%,True,1,10,21,1945,145,2121,0.47%,0.99%,91.7%,6.84%,False,1
4114708,MARIA HELENA,PR,2,4,186,192,1.04%,2.08%,96.88%,False,1,2,3,163,24,192,1.04%,1.56%,84.9%,12.5%,False,1
4114807,MARIALVA,PR,44,81,1.539,1.664,2.64%,4.87%,92.49%,True,1,17,29,1494,124,1664,1.02%,1.74%,89.78%,7.45%,False,1
4114906,MARILANDIA DO SUL,PR,6,22,248,276,2.17%,7.97%,89.86%,False,1,0,4,251,21,276,-,1.45%,90.94%,7.61%,False,1
4115002,MARILENA,PR,5,10,375,390,1.28%,2.56%,96.15%,False,1,3,6,350,31,390,0.77%,1.54%,89.74%,7.95%,False,1
4115101,MARILUZ,PR,15,24,492,531,2.82%,4.52%,92.66%,False,1,4,7,483,37,531,0.75%,1.32%,90.96%,6.97%,False,1
4115200,MARINGA,PR,266,510,10.216,10.992,2.42%,4.64%,92.94%,True,1,62,198,10001,731,10992,0.56%,1.8%,90.98%,6.65%,False,1
4115309,MARIOPOLIS,PR,3,15,180,198,1.52%,7.58%,90.91%,False,1,2,3,174,19,198,1.01%,1.52%,87.88%,9.6%,False,1
4115358,MARIPA,PR,1,8,182,191,0.52%,4.19%,95.29%,False,1,0,7,174,10,191,-,3.66%,91.1%,5.24%,False,1
4115408,MARMELEIRO,PR,57,66,703,826,6.9%,7.99%,85.11%,False,1,3,11,750,62,826,0.36%,1.33%,90.8%,7.51%,False,1
4115457,MARQUINHO,PR,17,16,280,313,5.43%,5.11%,89.46%,False,1,2,9,282,20,313,0.64%,2.88%,90.1%,6.39%,False,1
4115507,MARUMBI,PR,18,21,216,255,7.06%,8.24%,84.71%,False,1,1,10,228,16,255,0.39%,3.92%,89.41%,6.27%,False,1
4115606,MATELANDIA,PR,11,29,1.017,1.057,1.04%,2.74%,96.22%,True,1,3,11,981,62,1057,0.28%,1.04%,92.81%,5.87%,False,1
4115705,MATINHOS,PR,47,65,1.15,1.262,3.72%,5.15%,91.13%,True,1,10,16,1121,115,1262,0.79%,1.27%,88.83%,9.11%,False,1
4115739,MATO RICO,PR,11,15,213,239,4.6%,6.28%,89.12%,False,1,0,3,200,36,239,-,1.26%,83.68%,15.06%,False,1
4115754,MAUA DA SERRA,PR,58,47,486,591,9.81%,7.95%,82.23%,False,1,3,13,541,34,591,0.51%,2.2%,91.54%,5.75%,False,1
4115804,MEDIANEIRA,PR,51,115,2.929,3.095,1.65%,3.72%,94.64%,True,1,11,34,2826,224,3095,0.36%,1.1%,91.31%,7.24%,False,1
4115853,MERCEDES,PR,28,22,278,328,8.54%,6.71%,84.76%,False,1,3,9,300,16,328,0.91%,2.74%,91.46%,4.88%,False,1
4115903,MIRADOR,PR,7,3,141,151,4.64%,1.99%,93.38%,False,1,1,1,139,10,151,0.66%,0.66%,92.05%,6.62%,False,1
4116000,MIRASELVA,PR,27,3,36,66,40.91%,4.55%,54.55%,False,1,1,1,54,10,66,1.52%,1.52%,81.82%,15.15%,False,1
4116059,MISSAL,PR,10,10,622,642,1.56%,1.56%,96.88%,False,1,5,5,591,42,643,0.78%,0.78%,91.91%,6.53%,False,1
4116109,MOREIRA SALES,PR,9,17,479,505,1.78%,3.37%,94.85%,False,1,0,3,446,56,505,-,0.59%,88.32%,11.09%,False,1
4116208,MORRETES,PR,20,38,747,805,2.48%,4.72%,92.8%,False,1,2,16,735,52,805,0.25%,1.99%,91.3%,6.46%,False,1
4116307,MUNHOZ DE MELO,PR,2,6,174,182,1.1%,3.3%,95.6%,False,1,0,2,167,13,182,-,1.1%,91.76%,7.14%,False,1
4116406,NOSSA SENHORA DAS GRACAS,PR,3,9,176,188,1.6%,4.79%,93.62%,False,1,0,2,162,24,188,-,1.06%,86.17%,12.77%,False,1
4116505,NOVA ALIANCA DO IVAI,PR,9,6,82,97,9.28%,6.19%,84.54%,False,1,0,2,90,5,97,-,2.06%,92.78%,5.15%,False,1
4116604,NOVA AMERICA DA COLINA,PR,14,17,132,163,8.59%,10.43%,80.98%,False,1,2,2,145,14,163,1.23%,1.23%,88.96%,8.59%,False,1
4116703,NOVA AURORA,PR,10,21,517,548,1.82%,3.83%,94.34%,False,1,3,4,500,41,548,0.55%,0.73%,91.24%,7.48%,False,1
4116802,NOVA CANTU,PR,6,8,358,372,1.61%,2.15%,96.24%,False,1,1,4,326,41,372,0.27%,1.08%,87.63%,11.02%,False,1
4116901,NOVA ESPERANCA,PR,37,73,886,996,3.71%,7.33%,88.96%,False,1,10,32,900,54,996,1%,3.21%,90.36%,5.42%,False,1
4116950,NOVA ESPERANCA DO SUDOESTE,PR,47,24,290,361,13.02%,6.65%,80.33%,False,1,1,6,330,24,361,0.28%,1.66%,91.41%,6.65%,False,1
4117008,NOVA FATIMA,PR,3,4,251,258,1.16%,1.55%,97.29%,False,1,1,0,224,33,258,0.39%,-,86.82%,12.79%,False,1
4117057,NOVA LARANJEIRAS,PR,93,112,676,881,10.56%,12.71%,76.73%,False,1,10,16,796,59,881,1.14%,1.82%,90.35%,6.7%,False,1
4117107,NOVA LONDRINA,PR,15,19,482,516,2.91%,3.68%,93.41%,False,1,5,15,457,39,516,0.97%,2.91%,88.57%,7.56%,False,1
4117206,NOVA OLIMPIA,PR,4,4,246,254,1.57%,1.57%,96.85%,False,1,4,3,221,26,254,1.57%,1.18%,87.01%,10.24%,False,1
4117214,NOVA SANTA BARBARA,PR,3,10,267,280,1.07%,3.57%,95.36%,False,1,2,2,268,8,280,0.71%,0.71%,95.71%,2.86%,False,1
4117222,NOVA SANTA ROSA,PR,11,15,323,349,3.15%,4.3%,92.55%,False,1,4,4,319,22,349,1.15%,1.15%,91.4%,6.3%,False,1
4117255,NOVA PRATA DO IGUACU,PR,9,18,420,447,2.01%,4.03%,93.96%,False,1,3,5,388,51,447,0.67%,1.12%,86.8%,11.41%,False,1
4117271,NOVA TEBAS,PR,39,33,379,451,8.65%,7.32%,84.04%,False,1,4,6,411,30,451,0.89%,1.33%,91.13%,6.65%,False,1
4117297,NOVO ITACOLOMI,PR,5,7,145,157,3.18%,4.46%,92.36%,False,1,0,2,142,13,157,-,1.27%,90.45%,8.28%,False,1
4117305,ORTIGUEIRA,PR,33,64,1.13,1.227,2.69%,5.22%,92.09%,True,1,5,16,1082,122,1225,0.41%,1.31%,88.33%,9.96%,False,1
4117404,OURIZONA,PR,2,4,73,79,2.53%,5.06%,92.41%,False,1,2,0,71,6,79,2.53%,-,89.87%,7.59%,False,1
4117453,OURO VERDE DO OESTE,PR,6,19,287,312,1.92%,6.09%,91.99%,False,1,0,7,279,26,312,-,2.24%,89.42%,8.33%,False,1
4117503,PAICANDU,PR,52,97,1.813,1.962,2.65%,4.94%,92.41%,True,1,7,44,1766,145,1962,0.36%,2.24%,90.01%,7.39%,False,1
4117602,PALMAS,PR,93,100,1.393,1.586,5.86%,6.31%,87.83%,True,1,26,58,1391,111,1586,1.64%,3.66%,87.7%,7%,False,1
4117701,PALMEIRA,PR,19,37,783,839,2.26%,4.41%,93.33%,False,1,5,16,745,73,839,0.6%,1.91%,88.8%,8.7%,False,1
4117800,PALMITAL,PR,25,43,657,725,3.45%,5.93%,90.62%,False,1,2,11,654,58,725,0.28%,1.52%,90.21%,8%,False,1
4117909,PALOTINA,PR,46,87,1.682,1.815,2.53%,4.79%,92.67%,True,1,9,24,1644,138,1815,0.5%,1.32%,90.58%,7.6%,False,1
4118006,PARAISO DO NORTE,PR,36,61,701,798,4.51%,7.64%,87.84%,False,1,11,10,722,55,798,1.38%,1.25%,90.48%,6.89%,False,1
4118105,PARANACITY,PR,5,16,453,474,1.05%,3.38%,95.57%,False,1,2,5,422,45,474,0.42%,1.05%,89.03%,9.49%,False,1
4118204,PARANAGUA,PR,87,218,4.416,4.721,1.84%,4.62%,93.54%,True,1,31,77,4209,404,4721,0.66%,1.63%,89.15%,8.56%,False,1
4118303,PARANAPOEMA,PR,5,12,116,133,3.76%,9.02%,87.22%,False,1,1,2,123,7,133,0.75%,1.5%,92.48%,5.26%,False,1
4118402,PARANAVAI,PR,72,181,3.293,3.546,2.03%,5.1%,92.87%,True,1,24,53,3184,285,3546,0.68%,1.49%,89.79%,8.04%,False,1
4118451,PATO BRAGADO,PR,3,10,361,374,0.8%,2.67%,96.52%,False,1,1,8,341,24,374,0.27%,2.14%,91.18%,6.42%,False,1
4118501,PATO BRANCO,PR,53,134,3.142,3.329,1.59%,4.03%,94.38%,True,1,19,44,3030,236,3329,0.57%,1.32%,91.02%,7.09%,False,1
4118600,PAULA FREITAS,PR,3,6,293,302,0.99%,1.99%,97.02%,False,1,1,2,274,25,302,0.33%,0.66%,90.73%,8.28%,False,1
4118709,PAULO FRONTIN,PR,16,27,321,364,4.4%,7.42%,88.19%,False,1,2,7,326,29,364,0.55%,1.92%,89.56%,7.97%,False,1
4118808,PEABIRU,PR,9,28,426,463,1.94%,6.05%,92.01%,False,1,5,12,415,31,463,1.08%,2.59%,89.63%,6.7%,False,1
4118857,PEROBAL,PR,4,21,443,468,0.85%,4.49%,94.66%,False,1,2,4,430,32,468,0.43%,0.85%,91.88%,6.84%,False,1
4118907,PEROLA,PR,6,15,453,474,1.27%,3.16%,95.57%,False,1,1,2,437,34,474,0.21%,0.42%,92.19%,7.17%,False,1
4119004,PEROLA D'OESTE,PR,5,15,257,277,1.81%,5.42%,92.78%,False,1,2,8,247,20,277,0.72%,2.89%,89.17%,7.22%,False,1
4119103,PIEN,PR,14,33,938,985,1.42%,3.35%,95.23%,False,1,7,11,906,61,985,0.71%,1.12%,91.98%,6.19%,False,1
4119152,PINHAIS,PR,111,320,5.886,6.317,1.76%,5.07%,93.18%,True,1,32,91,5860,334,6317,0.51%,1.44%,92.77%,5.29%,False,1
4119202,PINHALAO,PR,3,17,366,386,0.78%,4.4%,94.82%,False,1,0,4,350,32,386,-,1.04%,90.67%,8.29%,False,1
4119251,PINHAL DE SAO BENTO,PR,2,5,153,160,1.25%,3.13%,95.63%,False,1,0,0,150,10,160,-,-,93.75%,6.25%,False,1
4119301,PINHAO,PR,73,84,1.238,1.395,5.23%,6.02%,88.75%,True,1,10,23,1255,107,1395,0.72%,1.65%,89.96%,7.67%,False,1
4119400,PIRAI DO SUL,PR,22,50,1.023,1.095,2.01%,4.57%,93.42%,True,1,9,19,995,72,1095,0.82%,1.74%,90.87%,6.58%,False,1
4119509,PIRAQUARA,PR,100,263,4.644,5.007,2%,5.25%,92.75%,True,1,29,105,4565,308,5007,0.58%,2.1%,91.17%,6.15%,False,1
4119608,PITANGA,PR,30,67,1.536,1.633,1.84%,4.1%,94.06%,True,1,9,14,1489,121,1633,0.55%,0.86%,91.18%,7.41%,False,1
4119657,PITANGUEIRAS,PR,5,7,57,69,7.25%,10.14%,82.61%,False,1,0,2,57,10,69,-,2.9%,82.61%,14.49%,False,1
4119707,PLANALTINA DO PARANA,PR,12,15,218,245,4.9%,6.12%,88.98%,False,1,2,5,219,19,245,0.82%,2.04%,89.39%,7.76%,False,1
4119806,PLANALTO,PR,13,20,641,674,1.93%,2.97%,95.1%,False,1,5,7,610,52,674,0.74%,1.04%,90.5%,7.72%,False,1
4119905,PONTA GROSSA,PR,665,860,13.11,14.635,4.54%,5.88%,89.58%,True,1,131,301,13094,1109,14635,0.9%,2.06%,89.47%,7.58%,False,1
4119954,PONTAL DO PARANA,PR,50,47,689,786,6.36%,5.98%,87.66%,False,1,12,9,702,63,786,1.53%,1.15%,89.31%,8.02%,False,1
4120002,PORECATU,PR,10,8,425,443,2.26%,1.81%,95.94%,False,1,1,2,412,28,443,0.23%,0.45%,93%,6.32%,False,1
4120101,PORTO AMAZONAS,PR,3,12,186,201,1.49%,5.97%,92.54%,False,1,2,2,180,17,201,1%,1%,89.55%,8.46%,False,1
4120150,PORTO BARREIRO,PR,1,8,170,179,0.56%,4.47%,94.97%,False,1,0,4,156,19,179,-,2.23%,87.15%,10.61%,False,1
4120200,PORTO RICO,PR,6,8,194,208,2.88%,3.85%,93.27%,False,1,0,2,191,15,208,-,0.96%,91.83%,7.21%,False,1
4120309,PORTO VITORIA,PR,12,19,216,247,4.86%,7.69%,87.45%,False,1,2,3,231,11,247,0.81%,1.21%,93.52%,4.45%,False,1
4120333,PRADO FERREIRA,PR,3,2,107,112,2.68%,1.79%,95.54%,False,1,0,2,94,16,112,-,1.79%,83.93%,14.29%,False,1
4120358,PRANCHITA,PR,13,21,259,293,4.44%,7.17%,88.4%,False,1,2,6,266,19,293,0.68%,2.05%,90.78%,6.48%,False,1
4120408,PRESIDENTE CASTELO BRANCO,PR,3,8,107,118,2.54%,6.78%,90.68%,False,1,1,1,109,7,118,0.85%,0.85%,92.37%,5.93%,False,1
4120507,PRIMEIRO DE MAIO,PR,20,14,154,188,10.64%,7.45%,81.91%,False,1,7,2,160,19,188,3.72%,1.06%,85.11%,10.11%,False,1
4120606,PRUDENTOPOLIS,PR,27,73,2.156,2.256,1.2%,3.24%,95.57%,True,1,8,28,2063,157,2256,0.35%,1.24%,91.45%,6.96%,False,1
4120655,QUARTO CENTENARIO,PR,8,9,194,211,3.79%,4.27%,91.94%,False,1,1,6,187,17,211,0.47%,2.84%,88.63%,8.06%,False,1
4120705,QUATIGUA,PR,8,21,330,359,2.23%,5.85%,91.92%,False,1,2,4,318,35,359,0.56%,1.11%,88.58%,9.75%,False,1
4120804,QUATRO BARRAS,PR,17,41,1.002,1.06,1.6%,3.87%,94.53%,True,1,4,12,975,69,1060,0.38%,1.13%,91.98%,6.51%,False,1
4120853,QUATRO PONTES,PR,4,5,253,262,1.53%,1.91%,96.56%,False,1,2,0,242,18,262,0.76%,-,92.37%,6.87%,False,1
4120903,QUEDAS DO IGUACU,PR,26,52,1.635,1.713,1.52%,3.04%,95.45%,True,1,4,18,1565,126,1713,0.23%,1.05%,91.36%,7.36%,False,1
4121000,QUERENCIA DO NORTE,PR,34,46,368,448,7.59%,10.27%,82.14%,False,1,7,15,393,33,448,1.56%,3.35%,87.72%,7.37%,False,1
4121109,QUINTA DO SOL,PR,1,16,220,237,0.42%,6.75%,92.83%,False,1,1,3,212,21,237,0.42%,1.27%,89.45%,8.86%,False,1
4121208,QUITANDINHA,PR,10,30,958,998,1%,3.01%,95.99%,False,1,5,12,899,82,998,0.5%,1.2%,90.08%,8.22%,False,1
4121257,RAMILANDIA,PR,2,8,147,157,1.27%,5.1%,93.63%,False,1,0,0,144,13,157,-,-,91.72%,8.28%,False,1
4121307,RANCHO ALEGRE,PR,1,1,137,139,0.72%,0.72%,98.56%,False,1,0,1,128,10,139,-,0.72%,92.09%,7.19%,False,1
4121356,RANCHO ALEGRE D'OESTE,PR,2,7,128,137,1.46%,5.11%,93.43%,False,1,0,1,126,10,137,-,0.73%,91.97%,7.3%,False,1
4121406,REALEZA,PR,15,40,902,957,1.57%,4.18%,94.25%,False,1,4,8,868,77,957,0.42%,0.84%,90.7%,8.05%,False,1
4121505,REBOUCAS,PR,10,29,838,877,1.14%,3.31%,95.55%,False,1,2,16,799,60,877,0.23%,1.82%,91.11%,6.84%,False,1
4121604,RENASCENCA,PR,41,30,292,363,11.29%,8.26%,80.44%,False,1,1,8,332,22,363,0.28%,2.2%,91.46%,6.06%,False,1
4121703,RESERVA,PR,32,44,1.1,1.176,2.72%,3.74%,93.54%,True,1,4,17,1037,118,1176,0.34%,1.45%,88.18%,10.03%,False,1
4121752,RESERVA DO IGUACU,PR,15,38,301,354,4.24%,10.73%,85.03%,False,1,5,8,316,25,354,1.41%,2.26%,89.27%,7.06%,False,1
4121802,RIBEIRAO CLARO,PR,14,17,475,506,2.77%,3.36%,93.87%,False,1,3,4,436,63,506,0.59%,0.79%,86.17%,12.45%,False,1
4121901,RIBEIRAO DO PINHAL,PR,6,26,521,553,1.08%,4.7%,94.21%,False,1,4,9,487,53,553,0.72%,1.63%,88.07%,9.58%,False,1
4122008,RIO AZUL,PR,16,33,757,806,1.99%,4.09%,93.92%,False,1,4,11,711,80,806,0.5%,1.36%,88.21%,9.93%,False,1
4122107,RIO BOM,PR,4,7,155,166,2.41%,4.22%,93.37%,False,1,2,1,150,14,167,1.2%,0.6%,89.82%,8.38%,False,1
4122156,RIO BONITO DO IGUACU,PR,114,56,757,927,12.3%,6.04%,81.66%,False,1,8,21,812,86,927,0.86%,2.27%,87.59%,9.28%,False,1
4122172,RIO BRANCO DO IVAI,PR,1,8,198,207,0.48%,3.86%,95.65%,False,1,0,4,185,18,207,-,1.93%,89.37%,8.7%,False,1
4122206,RIO BRANCO DO SUL,PR,52,115,1.698,1.865,2.79%,6.17%,91.05%,True,1,8,32,1689,136,1865,0.43%,1.72%,90.56%,7.29%,False,1
4122305,RIO NEGRO,PR,38,78,1.334,1.45,2.62%,5.38%,92%,True,1,6,20,1322,102,1450,0.41%,1.38%,91.17%,7.03%,False,1
4122404,ROLANDIA,PR,134,171,2.883,3.188,4.2%,5.36%,90.43%,True,1,35,67,2861,225,3188,1.1%,2.1%,89.74%,7.06%,False,1
4122503,RONCADOR,PR,32,51,475,558,5.73%,9.14%,85.13%,False,1,3,12,506,37,558,0.54%,2.15%,90.68%,6.63%,False,1
4122602,RONDON,PR,6,21,393,420,1.43%,5%,93.57%,False,1,3,6,382,29,420,0.71%,1.43%,90.95%,6.9%,False,1
4122651,ROSARIO DO IVAI,PR,2,10,268,280,0.71%,3.57%,95.71%,False,1,2,1,246,31,280,0.71%,0.36%,87.86%,11.07%,False,1
4122701,SABAUDIA,PR,17,25,447,489,3.48%,5.11%,91.41%,False,1,2,6,440,41,489,0.41%,1.23%,89.98%,8.38%,False,1
4122800,SALGADO FILHO,PR,2,5,52,59,3.39%,8.47%,88.14%,False,1,0,0,54,5,59,-,-,91.53%,8.47%,False,1
4122909,SALTO DO ITARARE,PR,14,18,138,170,8.24%,10.59%,81.18%,False,1,1,3,151,15,170,0.59%,1.76%,88.82%,8.82%,False,1
4123006,SALTO DO LONTRA,PR,30,39,621,690,4.35%,5.65%,90%,False,1,4,11,631,44,690,0.58%,1.59%,91.45%,6.38%,False,1
4123105,SANTA AMELIA,PR,4,8,100,112,3.57%,7.14%,89.29%,False,1,1,1,101,9,112,0.89%,0.89%,90.18%,8.04%,False,1
4123204,SANTA CECILIA DO PAVAO,PR,2,3,104,109,1.83%,2.75%,95.41%,False,1,1,0,99,9,109,0.92%,-,90.83%,8.26%,False,1
4123303,SANTA CRUZ DE MONTE CASTELO,PR,13,12,353,378,3.44%,3.17%,93.39%,False,1,3,8,332,35,378,0.79%,2.12%,87.83%,9.26%,False,1
4123402,SANTA FE,PR,8,14,442,464,1.72%,3.02%,95.26%,False,1,2,5,414,43,464,0.43%,1.08%,89.22%,9.27%,False,1
4123501,SANTA HELENA,PR,58,79,1.361,1.498,3.87%,5.27%,90.85%,True,1,15,19,1369,95,1498,1%,1.27%,91.39%,6.34%,False,1
4123600,SANTA INES,PR,2,3,44,49,4.08%,6.12%,89.8%,False,1,0,2,39,8,49,-,4.08%,79.59%,16.33%,False,1
4123709,SANTA ISABEL DO IVAI,PR,12,20,377,409,2.93%,4.89%,92.18%,False,1,0,11,357,41,409,-,2.69%,87.29%,10.02%,False,1
4123808,SANTA IZABEL DO OESTE,PR,20,25,601,646,3.1%,3.87%,93.03%,False,1,5,7,585,49,646,0.77%,1.08%,90.56%,7.59%,False,1
4123824,SANTA LUCIA,PR,4,11,205,220,1.82%,5%,93.18%,False,1,0,4,200,16,220,-,1.82%,90.91%,7.27%,False,1
4123857,SANTA MARIA DO OESTE,PR,21,27,622,670,3.13%,4.03%,92.84%,False,1,5,5,594,66,670,0.75%,0.75%,88.66%,9.85%,False,1
4123907,SANTA MARIANA,PR,12,16,268,296,4.05%,5.41%,90.54%,False,1,4,4,258,30,296,1.35%,1.35%,87.16%,10.14%,False,1
4123956,SANTA MONICA,PR,3,10,172,185,1.62%,5.41%,92.97%,False,1,1,4,158,22,185,0.54%,2.16%,85.41%,11.89%,False,1
4124004,SANTANA DO ITARARE,PR,2,13,259,274,0.73%,4.74%,94.53%,False,1,0,4,239,31,274,-,1.46%,87.23%,11.31%,False,1
4124020,SANTA TEREZA DO OESTE,PR,13,30,806,849,1.53%,3.53%,94.94%,False,1,5,10,775,59,849,0.59%,1.18%,91.28%,6.95%,False,1
4124053,SANTA TEREZINHA DE ITAIPU,PR,57,76,1.222,1.355,4.21%,5.61%,90.18%,True,1,15,29,1218,93,1355,1.11%,2.14%,89.89%,6.86%,False,1
4124103,SANTO ANTONIO DA PLATINA,PR,69,76,1.726,1.871,3.69%,4.06%,92.25%,True,1,7,31,1642,191,1871,0.37%,1.66%,87.76%,10.21%,False,1
4124202,SANTO ANTONIO DO CAIUA,PR,6,2,95,103,5.83%,1.94%,92.23%,False,1,0,0,92,11,103,-,-,89.32%,10.68%,False,1
4124301,SANTO ANTONIO DO PARAISO,PR,4,6,103,113,3.54%,5.31%,91.15%,False,1,1,2,104,6,113,0.88%,1.77%,92.04%,5.31%,False,1
4124400,SANTO ANTONIO DO SUDOESTE,PR,64,77,559,700,9.14%,11%,79.86%,False,1,2,11,639,48,700,0.29%,1.57%,91.29%,6.86%,False,1
4124509,SANTO INACIO,PR,5,7,375,387,1.29%,1.81%,96.9%,False,1,2,1,350,34,387,0.52%,0.26%,90.44%,8.79%,False,1
4124608,SAO CARLOS DO IVAI,PR,15,9,237,261,5.75%,3.45%,90.8%,False,1,2,5,235,19,261,0.77%,1.92%,90.04%,7.28%,False,1
4124707,SAO JERONIMO DA SERRA,PR,24,43,463,530,4.53%,8.11%,87.36%,False,1,3,9,471,47,530,0.57%,1.7%,88.87%,8.87%,False,1
4124806,SAO JOAO,PR,15,30,635,680,2.21%,4.41%,93.38%,False,1,1,6,632,41,680,0.15%,0.88%,92.94%,6.03%,False,1
4124905,SAO JOAO DO CAIUA,PR,6,8,301,315,1.9%,2.54%,95.56%,False,1,0,5,285,25,315,-,1.59%,90.48%,7.94%,False,1
4125001,SAO JOAO DO IVAI,PR,20,41,361,422,4.74%,9.72%,85.55%,False,1,2,15,376,29,422,0.47%,3.55%,89.1%,6.87%,False,1
4125100,SAO JOAO DO TRIUNFO,PR,6,12,647,665,0.9%,1.8%,97.29%,False,1,2,5,580,78,665,0.3%,0.75%,87.22%,11.73%,False,1
4125209,SAO JORGE D'OESTE,PR,28,32,427,487,5.75%,6.57%,87.68%,False,1,4,7,446,30,487,0.82%,1.44%,91.58%,6.16%,False,1
4125308,SAO JORGE DO IVAI,PR,16,4,107,127,12.6%,3.15%,84.25%,False,1,2,6,113,6,127,1.57%,4.72%,88.98%,4.72%,False,1
4125357,SAO JORGE DO PATROCINIO,PR,3,5,302,310,0.97%,1.61%,97.42%,False,1,0,5,281,24,310,-,1.61%,90.65%,7.74%,False,1
4125407,SAO JOSE DA BOA VISTA,PR,3,12,226,241,1.24%,4.98%,93.78%,False,1,1,1,219,20,241,0.41%,0.41%,90.87%,8.3%,False,1
4125456,SAO JOSE DAS PALMEIRAS,PR,2,0,102,104,1.92%,-,98.08%,False,1,2,2,88,12,104,1.92%,1.92%,84.62%,11.54%,False,1
4125506,SAO JOSE DOS PINHAIS,PR,524,694,11.204,12.422,4.22%,5.59%,90.19%,True,1,190,263,11214,755,12422,1.53%,2.12%,90.28%,6.08%,False,1
4125555,SAO MANOEL DO PARANA,PR,2,3,89,94,2.13%,3.19%,94.68%,False,1,0,1,88,5,94,-,1.06%,93.62%,5.32%,False,1
4125605,SAO MATEUS DO SUL,PR,42,125,2.179,2.346,1.79%,5.33%,92.88%,True,1,11,33,2137,165,2346,0.47%,1.41%,91.09%,7.03%,False,1
4125704,SAO MIGUEL DO IGUACU,PR,42,63,1.123,1.228,3.42%,5.13%,91.45%,True,1,9,18,1114,87,1228,0.73%,1.47%,90.72%,7.08%,False,1
4125753,SAO PEDRO DO IGUACU,PR,4,9,238,251,1.59%,3.59%,94.82%,False,1,1,4,224,22,251,0.4%,1.59%,89.24%,8.76%,False,1
4125803,SAO PEDRO DO IVAI,PR,13,14,415,442,2.94%,3.17%,93.89%,False,1,2,2,381,57,442,0.45%,0.45%,86.2%,12.9%,False,1
4125902,SAO PEDRO DO PARANA,PR,2,4,121,127,1.57%,3.15%,95.28%,False,1,0,3,116,8,127,-,2.36%,91.34%,6.3%,False,1
4126009,SAO SEBASTIAO DA AMOREIRA,PR,8,10,369,387,2.07%,2.58%,95.35%,False,1,4,3,333,47,387,1.03%,0.78%,86.05%,12.14%,False,1
4126108,SAO TOME,PR,2,1,107,110,1.82%,0.91%,97.27%,False,1,0,2,104,4,110,-,1.82%,94.55%,3.64%,False,1
4126207,SAPOPEMA,PR,5,13,449,467,1.07%,2.78%,96.15%,False,1,1,3,422,41,467,0.21%,0.64%,90.36%,8.78%,False,1
4126256,SARANDI,PR,42,97,1.496,1.635,2.57%,5.93%,91.5%,True,1,12,24,1494,105,1635,0.73%,1.47%,91.38%,6.42%,False,1
4126272,SAUDADE DO IGUACU,PR,2,21,302,325,0.62%,6.46%,92.92%,False,1,1,2,300,22,325,0.31%,0.62%,92.31%,6.77%,False,1
4126306,SENGES,PR,24,47,1.066,1.137,2.11%,4.13%,93.76%,True,1,1,14,1021,101,1137,0.09%,1.23%,89.8%,8.88%,False,1
4126355,SERRANOPOLIS DO IGUACU,PR,3,10,314,327,0.92%,3.06%,96.02%,False,1,0,4,291,32,327,-,1.22%,88.99%,9.79%,False,1
4126405,SERTANEJA,PR,9,10,247,266,3.38%,3.76%,92.86%,False,1,1,4,225,36,266,0.38%,1.5%,84.59%,13.53%,False,1
4126504,SERTANOPOLIS,PR,21,18,402,441,4.76%,4.08%,91.16%,False,1,3,8,383,47,441,0.68%,1.81%,86.85%,10.66%,False,1
4126603,SIQUEIRA CAMPOS,PR,30,47,885,962,3.12%,4.89%,92%,False,1,9,25,871,57,962,0.94%,2.6%,90.54%,5.93%,False,1
4126652,SULINA,PR,9,12,173,194,4.64%,6.19%,89.18%,False,1,0,5,178,11,194,-,2.58%,91.75%,5.67%,False,1
4126678,TAMARANA,PR,19,15,576,610,3.11%,2.46%,94.43%,False,1,3,12,561,34,610,0.49%,1.97%,91.97%,5.57%,False,1
4126702,TAMBOARA,PR,10,9,265,284,3.52%,3.17%,93.31%,False,1,1,5,259,19,284,0.35%,1.76%,91.2%,6.69%,False,1
4126801,TAPEJARA,PR,14,19,407,440,3.18%,4.32%,92.5%,False,1,4,2,398,36,440,0.91%,0.45%,90.45%,8.18%,False,1
4126900,TAPIRA,PR,6,9,237,252,2.38%,3.57%,94.05%,False,1,0,2,230,20,252,-,0.79%,91.27%,7.94%,False,1
4127007,TEIXEIRA SOARES,PR,13,25,442,480,2.71%,5.21%,92.08%,False,1,1,8,433,38,480,0.21%,1.67%,90.21%,7.92%,False,1
4127106,TELEMACO BORBA,PR,82,146,2.411,2.639,3.11%,5.53%,91.36%,True,1,12,48,2398,181,2639,0.45%,1.82%,90.87%,6.86%,False,1
4127205,TERRA BOA,PR,20,38,918,976,2.05%,3.89%,94.06%,False,1,7,10,908,51,976,0.72%,1.02%,93.03%,5.23%,False,1
4127304,TERRA RICA,PR,23,26,634,683,3.37%,3.81%,92.83%,False,1,3,4,630,46,683,0.44%,0.59%,92.24%,6.73%,False,1
4127403,TERRA ROXA,PR,22,54,887,963,2.28%,5.61%,92.11%,False,1,4,18,874,67,963,0.42%,1.87%,90.76%,6.96%,False,1
4127502,TIBAGI,PR,24,51,1.036,1.111,2.16%,4.59%,93.25%,True,1,6,21,1029,55,1111,0.54%,1.89%,92.62%,4.95%,False,1
4127601,TIJUCAS DO SUL,PR,20,61,984,1.065,1.88%,5.73%,92.39%,True,1,3,22,983,57,1065,0.28%,2.07%,92.3%,5.35%,False,1
4127700,TOLEDO,PR,102,237,6.098,6.437,1.58%,3.68%,94.73%,True,1,36,93,5943,365,6437,0.56%,1.44%,92.33%,5.67%,False,1
4127809,TOMAZINA,PR,2,15,413,430,0.47%,3.49%,96.05%,False,1,0,4,393,33,430,-,0.93%,91.4%,7.67%,False,1
4127858,TRES BARRAS DO PARANA,PR,19,43,567,629,3.02%,6.84%,90.14%,False,1,3,12,572,42,629,0.48%,1.91%,90.94%,6.68%,False,1
4127882,TUNAS DO PARANA,PR,16,13,303,332,4.82%,3.92%,91.27%,False,1,5,8,292,27,332,1.51%,2.41%,87.95%,8.13%,False,1
4127908,TUNEIRAS DO OESTE,PR,7,14,257,278,2.52%,5.04%,92.45%,False,1,2,10,245,21,278,0.72%,3.6%,88.13%,7.55%,False,1
4127957,TUPASSI,PR,8,13,187,208,3.85%,6.25%,89.9%,False,1,3,2,186,17,208,1.44%,0.96%,89.42%,8.17%,False,1
4127965,TURVO,PR,53,46,693,792,6.69%,5.81%,87.5%,False,1,7,13,705,67,792,0.88%,1.64%,89.02%,8.46%,False,1
4128005,UBIRATA,PR,46,72,989,1.107,4.16%,6.5%,89.34%,True,1,6,19,1002,80,1107,0.54%,1.72%,90.51%,7.23%,False,1
4128104,UMUARAMA,PR,274,240,4.413,4.927,5.56%,4.87%,89.57%,True,1,55,62,4404,406,4927,1.12%,1.26%,89.39%,8.24%,False,1
4128203,UNIAO DA VITORIA,PR,56,109,1.917,2.082,2.69%,5.24%,92.07%,True,1,15,30,1886,151,2082,0.72%,1.44%,90.59%,7.25%,False,1
4128302,UNIFLOR,PR,2,4,103,109,1.83%,3.67%,94.5%,False,1,0,1,96,12,109,-,0.92%,88.07%,11.01%,False,1
4128401,URAI,PR,8,18,256,282,2.84%,6.38%,90.78%,False,1,3,7,242,30,282,1.06%,2.48%,85.82%,10.64%,False,1
4128500,WENCESLAU BRAZ,PR,15,47,847,909,1.65%,5.17%,93.18%,False,1,4,12,806,87,909,0.44%,1.32%,88.67%,9.57%,False,1
4128534,VENTANIA,PR,8,13,426,447,1.79%,2.91%,95.3%,False,1,1,4,403,39,447,0.22%,0.89%,90.16%,8.72%,False,1
4128559,VERA CRUZ DO OESTE,PR,9,8,328,345,2.61%,2.32%,95.07%,False,1,2,2,309,32,345,0.58%,0.58%,89.57%,9.28%,False,1
4128609,VERE,PR,21,22,338,381,5.51%,5.77%,88.71%,False,1,2,10,337,32,381,0.52%,2.62%,88.45%,8.4%,False,1
4128625,ALTO PARAISO,PR,5,17,182,204,2.45%,8.33%,89.22%,False,1,1,4,180,19,204,0.49%,1.96%,88.24%,9.31%,False,1
4128633,DOUTOR ULYSSES,PR,8,10,237,255,3.14%,3.92%,92.94%,False,1,1,2,232,20,255,0.39%,0.78%,90.98%,7.84%,False,1
4128658,VIRMOND,PR,8,16,214,238,3.36%,6.72%,89.92%,False,1,5,0,208,25,238,2.1%,-,87.39%,10.5%,False,1
4128708,VITORINO,PR,50,50,527,627,7.97%,7.97%,84.05%,False,1,3,13,562,49,627,0.48%,2.07%,89.63%,7.81%,False,1
4128807,XAMBRE,PR,11,11,335,357,3.08%,3.08%,93.84%,False,1,6,4,320,27,357,1.68%,1.12%,89.64%,7.56%,False,1
4200051,ABDON BATISTA,SC,2,5,123,130,1.54%,3.85%,94.62%,False,1,1,2,121,6,130,0.77%,1.54%,93.08%,4.62%,False,1
4200101,ABELARDO LUZ,SC,46,66,895,1.007,4.57%,6.55%,88.88%,True,1,5,11,911,80,1007,0.5%,1.09%,90.47%,7.94%,False,1
4200200,AGROLANDIA,SC,14,36,500,550,2.55%,6.55%,90.91%,False,1,5,14,490,41,550,0.91%,2.55%,89.09%,7.45%,False,1
4200309,AGRONOMICA,SC,18,17,301,336,5.36%,5.06%,89.58%,False,1,2,6,305,23,336,0.6%,1.79%,90.77%,6.85%,False,1
4200408,AGUA DOCE,SC,6,13,319,338,1.78%,3.85%,94.38%,False,1,2,7,303,26,338,0.59%,2.07%,89.64%,7.69%,False,1
4200507,AGUAS DE CHAPECO,SC,3,6,307,316,0.95%,1.9%,97.15%,False,1,3,4,280,29,316,0.95%,1.27%,88.61%,9.18%,False,1
4200556,AGUAS FRIAS,SC,0,13,166,179,-,7.26%,92.74%,False,1,1,0,163,15,179,0.56%,-,91.06%,8.38%,False,1
4200606,AGUAS MORNAS,SC,2,13,356,371,0.54%,3.5%,95.96%,False,1,0,5,345,21,371,-,1.35%,92.99%,5.66%,False,1
4200705,ALFREDO WAGNER,SC,9,9,270,288,3.13%,3.13%,93.75%,False,1,3,3,255,27,288,1.04%,1.04%,88.54%,9.38%,False,1
4200754,ALTO BELA VISTA,SC,1,2,16,19,5.26%,10.53%,84.21%,False,1,0,0,19,0,19,-,-,100%,-,False,1
4200804,ANCHIETA,SC,4,6,180,190,2.11%,3.16%,94.74%,False,1,0,5,172,13,190,-,2.63%,90.53%,6.84%,False,1
4200903,ANGELINA,SC,4,10,75,89,4.49%,11.24%,84.27%,False,1,1,2,76,10,89,1.12%,2.25%,85.39%,11.24%,False,1
4201000,ANITA GARIBALDI,SC,11,23,426,460,2.39%,5%,92.61%,False,1,1,7,430,22,460,0.22%,1.52%,93.48%,4.78%,False,1
4201109,ANITAPOLIS,SC,3,10,206,219,1.37%,4.57%,94.06%,False,1,1,2,196,20,219,0.46%,0.91%,89.5%,9.13%,False,1
4201208,ANTONIO CARLOS,SC,135,38,304,477,28.3%,7.97%,63.73%,False,1,1,5,430,41,477,0.21%,1.05%,90.15%,8.6%,False,1
4201257,APIUNA,SC,23,30,407,460,5%,6.52%,88.48%,False,1,3,6,425,26,460,0.65%,1.3%,92.39%,5.65%,False,1
4201273,ARABUTA,SC,0,1,35,36,-,2.78%,97.22%,False,1,0,1,34,1,36,-,2.78%,94.44%,2.78%,False,1
4201307,ARAQUARI,SC,100,167,2.326,2.593,3.86%,6.44%,89.7%,True,1,30,52,2347,164,2593,1.16%,2.01%,90.51%,6.32%,False,1
4201406,ARARANGUA,SC,60,103,2.402,2.565,2.34%,4.02%,93.65%,True,1,22,52,2285,206,2565,0.86%,2.03%,89.08%,8.03%,False,1
4201505,ARMAZEM,SC,36,30,360,426,8.45%,7.04%,84.51%,False,1,1,9,371,45,426,0.23%,2.11%,87.09%,10.56%,False,1
4201604,ARROIO TRINTA,SC,7,8,149,164,4.27%,4.88%,90.85%,False,1,1,4,150,9,164,0.61%,2.44%,91.46%,5.49%,False,1
4201653,ARVOREDO,SC,1,4,130,135,0.74%,2.96%,96.3%,False,1,1,2,123,9,135,0.74%,1.48%,91.11%,6.67%,False,1
4201703,ASCURRA,SC,40,55,388,483,8.28%,11.39%,80.33%,False,1,3,9,438,33,483,0.62%,1.86%,90.68%,6.83%,False,1
4201802,ATALANTA,SC,5,7,183,195,2.56%,3.59%,93.85%,False,1,1,2,174,18,195,0.51%,1.03%,89.23%,9.23%,False,1
4201901,AURORA,SC,9,22,393,424,2.12%,5.19%,92.69%,False,1,1,6,389,28,424,0.24%,1.42%,91.75%,6.6%,False,1
4201950,BALNEARIO ARROIO DO SILVA,SC,66,85,799,950,6.95%,8.95%,84.11%,False,1,6,23,833,88,950,0.63%,2.42%,87.68%,9.26%,False,1
4202008,BALNEARIO CAMBORIU,SC,76,176,4.251,4.503,1.69%,3.91%,94.4%,True,1,25,65,4056,357,4503,0.56%,1.44%,90.07%,7.93%,False,1
4202057,BALNEARIO BARRA DO SUL,SC,39,31,430,500,7.8%,6.2%,86%,False,1,5,9,445,41,500,1%,1.8%,89%,8.2%,False,1
4202073,BALNEARIO GAIVOTA,SC,72,43,502,617,11.67%,6.97%,81.36%,False,1,19,17,547,34,617,3.08%,2.76%,88.65%,5.51%,False,1
4202081,BANDEIRANTE,SC,3,6,183,192,1.56%,3.13%,95.31%,False,1,1,1,172,18,192,0.52%,0.52%,89.58%,9.38%,False,1
4202099,BARRA BONITA,SC,3,2,39,44,6.82%,4.55%,88.64%,False,1,0,1,40,3,44,-,2.27%,90.91%,6.82%,False,1
4202107,BARRA VELHA,SC,71,145,2.175,2.391,2.97%,6.06%,90.97%,True,1,18,34,2152,187,2391,0.75%,1.42%,90%,7.82%,False,1
4202131,BELA VISTA DO TOLDO,SC,10,21,267,298,3.36%,7.05%,89.6%,False,1,0,5,261,32,298,-,1.68%,87.58%,10.74%,False,1
4202156,BELMONTE,SC,4,11,141,156,2.56%,7.05%,90.38%,False,1,0,2,138,16,156,-,1.28%,88.46%,10.26%,False,1
4202206,BENEDITO NOVO,SC,10,34,452,496,2.02%,6.85%,91.13%,False,1,6,16,448,26,496,1.21%,3.23%,90.32%,5.24%,False,1
4202305,BIGUACU,SC,85,210,3.305,3.6,2.36%,5.83%,91.81%,True,1,13,63,3311,213,3600,0.36%,1.75%,91.97%,5.92%,False,1
4202404,BLUMENAU,SC,1.14,995,12.256,14.391,7.92%,6.91%,85.16%,True,1,202,284,13154,751,14391,1.4%,1.97%,91.4%,5.22%,False,1
4202438,BOCAINA DO SUL,SC,12,19,124,155,7.74%,12.26%,80%,False,1,3,6,127,19,155,1.94%,3.87%,81.94%,12.26%,False,1
4202453,BOMBINHAS,SC,80,104,1.258,1.442,5.55%,7.21%,87.24%,True,1,25,29,1318,70,1442,1.73%,2.01%,91.4%,4.85%,False,1
4202503,BOM JARDIM DA SERRA,SC,8,18,179,205,3.9%,8.78%,87.32%,False,1,3,4,184,14,205,1.46%,1.95%,89.76%,6.83%,False,1
4202537,BOM JESUS,SC,12,18,142,172,6.98%,10.47%,82.56%,False,1,3,4,157,8,172,1.74%,2.33%,91.28%,4.65%,False,1
4202578,BOM JESUS DO OESTE,SC,3,10,92,105,2.86%,9.52%,87.62%,False,1,0,1,95,9,105,-,0.95%,90.48%,8.57%,False,1
4202602,BOM RETIRO,SC,15,29,452,496,3.02%,5.85%,91.13%,False,1,2,5,462,27,496,0.4%,1.01%,93.15%,5.44%,False,1
4202701,BOTUVERA,SC,4,17,263,284,1.41%,5.99%,92.61%,False,1,1,2,271,10,284,0.35%,0.7%,95.42%,3.52%,False,1
4202800,BRACO DO NORTE,SC,91,129,2.195,2.415,3.77%,5.34%,90.89%,True,1,10,30,2187,188,2415,0.41%,1.24%,90.56%,7.78%,False,1
4202859,BRACO DO TROMBUDO,SC,0,8,209,217,-,3.69%,96.31%,False,1,0,0,196,21,217,-,-,90.32%,9.68%,False,1
4202875,BRUNOPOLIS,SC,6,10,151,167,3.59%,5.99%,90.42%,False,1,1,3,155,8,167,0.6%,1.8%,92.81%,4.79%,False,1
4202909,BRUSQUE,SC,82,146,2.6,2.828,2.9%,5.16%,91.94%,True,1,20,38,2564,206,2828,0.71%,1.34%,90.66%,7.28%,False,1
4203006,CACADOR,SC,117,185,3.145,3.447,3.39%,5.37%,91.24%,True,1,32,68,3190,157,3447,0.93%,1.97%,92.54%,4.55%,False,1
4203105,CAIBI,SC,16,18,330,364,4.4%,4.95%,90.66%,False,1,4,10,314,36,364,1.1%,2.75%,86.26%,9.89%,False,1
4203154,CALMON,SC,3,18,249,270,1.11%,6.67%,92.22%,False,1,3,9,242,16,270,1.11%,3.33%,89.63%,5.93%,False,1
4203204,CAMBORIU,SC,214,315,4.56,5.089,4.21%,6.19%,89.61%,True,1,63,85,4588,353,5089,1.24%,1.67%,90.16%,6.94%,False,1
4203253,CAPAO ALTO,SC,5,11,111,127,3.94%,8.66%,87.4%,False,1,1,4,116,6,127,0.79%,3.15%,91.34%,4.72%,False,1
4203303,CAMPO ALEGRE,SC,4,13,651,668,0.6%,1.95%,97.46%,False,1,1,5,612,50,668,0.15%,0.75%,91.62%,7.49%,False,1
4203402,CAMPO BELO DO SUL,SC,13,12,305,330,3.94%,3.64%,92.42%,False,1,7,5,298,20,330,2.12%,1.52%,90.3%,6.06%,False,1
4203501,CAMPO ERE,SC,5,35,543,583,0.86%,6%,93.14%,False,1,1,6,551,25,583,0.17%,1.03%,94.51%,4.29%,False,1
4203600,CAMPOS NOVOS,SC,16,43,809,868,1.84%,4.95%,93.2%,False,1,6,19,795,48,868,0.69%,2.19%,91.59%,5.53%,False,1
4203709,CANELINHA,SC,33,54,705,792,4.17%,6.82%,89.02%,False,1,4,12,735,41,792,0.51%,1.52%,92.8%,5.18%,False,1
4203808,CANOINHAS,SC,54,77,1.883,2.014,2.68%,3.82%,93.5%,True,1,14,31,1822,147,2014,0.7%,1.54%,90.47%,7.3%,False,1
4203907,CAPINZAL,SC,29,47,706,782,3.71%,6.01%,90.28%,False,1,4,15,717,46,782,0.51%,1.92%,91.69%,5.88%,False,1
4203956,CAPIVARI DE BAIXO,SC,55,65,926,1.046,5.26%,6.21%,88.53%,True,1,19,25,923,79,1046,1.82%,2.39%,88.24%,7.55%,False,1
4204004,CATANDUVAS,SC,19,19,378,416,4.57%,4.57%,90.87%,False,1,4,12,357,43,416,0.96%,2.88%,85.82%,10.34%,False,1
4204103,CAXAMBU DO SUL,SC,11,7,243,261,4.21%,2.68%,93.1%,False,1,3,7,227,24,261,1.15%,2.68%,86.97%,9.2%,False,1
4204152,CELSO RAMOS,SC,7,8,172,187,3.74%,4.28%,91.98%,False,1,0,5,168,14,187,-,2.67%,89.84%,7.49%,False,1
4204178,CERRO NEGRO,SC,8,17,181,206,3.88%,8.25%,87.86%,False,1,2,4,195,5,206,0.97%,1.94%,94.66%,2.43%,False,1
4204194,CHAPADAO DO LAGEADO,SC,5,4,157,166,3.01%,2.41%,94.58%,False,1,1,2,149,14,166,0.6%,1.2%,89.76%,8.43%,False,1
4204202,CHAPECO,SC,232,437,9.532,10.201,2.27%,4.28%,93.44%,True,1,53,162,9299,687,10201,0.52%,1.59%,91.16%,6.73%,False,1
4204251,COCAL DO SUL,SC,77,64,561,702,10.97%,9.12%,79.91%,False,1,25,35,587,55,702,3.56%,4.99%,83.62%,7.83%,False,1
4204301,CONCORDIA,SC,80,170,2.701,2.951,2.71%,5.76%,91.53%,True,1,17,39,2701,194,2951,0.58%,1.32%,91.53%,6.57%,False,1
4204350,CORDILHEIRA ALTA,SC,4,16,277,297,1.35%,5.39%,93.27%,False,1,3,4,268,22,297,1.01%,1.35%,90.24%,7.41%,False,1
4204400,CORONEL FREITAS,SC,8,12,190,210,3.81%,5.71%,90.48%,False,1,4,2,191,13,210,1.9%,0.95%,90.95%,6.19%,False,1
4204459,CORONEL MARTINS,SC,13,6,37,56,23.21%,10.71%,66.07%,False,1,2,1,49,4,56,3.57%,1.79%,87.5%,7.14%,False,1
4204509,CORUPA,SC,11,30,625,666,1.65%,4.5%,93.84%,False,1,3,8,611,44,666,0.45%,1.2%,91.74%,6.61%,False,1
4204558,CORREIA PINTO,SC,31,48,701,780,3.97%,6.15%,89.87%,False,1,6,16,705,53,780,0.77%,2.05%,90.38%,6.79%,False,1
4204608,CRICIUMA,SC,541,557,7.149,8.247,6.56%,6.75%,86.69%,True,1,242,234,7260,512,8248,2.93%,2.84%,88.02%,6.21%,False,1
4204707,CUNHA PORA,SC,27,40,520,587,4.6%,6.81%,88.59%,False,1,4,10,528,45,587,0.68%,1.7%,89.95%,7.67%,False,1
4204756,CUNHATAI,SC,0,1,83,84,-,1.19%,98.81%,False,1,0,2,80,2,84,-,2.38%,95.24%,2.38%,False,1
4204806,CURITIBANOS,SC,105,152,1.686,1.943,5.4%,7.82%,86.77%,True,1,27,55,1767,94,1943,1.39%,2.83%,90.94%,4.84%,False,1
4204905,DESCANSO,SC,12,14,399,425,2.82%,3.29%,93.88%,False,1,1,5,397,22,425,0.24%,1.18%,93.41%,5.18%,False,1
4205001,DIONISIO CERQUEIRA,SC,14,29,683,726,1.93%,3.99%,94.08%,False,1,2,9,677,38,726,0.28%,1.24%,93.25%,5.23%,False,1
4205100,DONA EMMA,SC,22,20,250,292,7.53%,6.85%,85.62%,False,1,3,5,271,13,292,1.03%,1.71%,92.81%,4.45%,False,1
4205159,DOUTOR PEDRINHO,SC,3,14,169,186,1.61%,7.53%,90.86%,False,1,1,5,170,10,186,0.54%,2.69%,91.4%,5.38%,False,1
4205175,ENTRE RIOS,SC,11,23,217,251,4.38%,9.16%,86.45%,False,1,0,3,235,13,251,-,1.2%,93.63%,5.18%,False,1
4205191,ERMO,SC,17,10,142,169,10.06%,5.92%,84.02%,False,1,7,8,143,11,169,4.14%,4.73%,84.62%,6.51%,False,1
4205209,ERVAL VELHO,SC,17,15,233,265,6.42%,5.66%,87.92%,False,1,0,7,245,13,265,-,2.64%,92.45%,4.91%,False,1
4205308,FAXINAL DOS GUEDES,SC,34,47,626,707,4.81%,6.65%,88.54%,False,1,4,22,641,40,707,0.57%,3.11%,90.66%,5.66%,False,1
4205357,FLOR DO SERTAO,SC,3,3,113,119,2.52%,2.52%,94.96%,False,1,1,2,112,4,119,0.84%,1.68%,94.12%,3.36%,False,1
4205407,FLORIANOPOLIS,SC,352,560,9.895,10.807,3.26%,5.18%,91.56%,True,1,62,187,9904,654,10807,0.57%,1.73%,91.64%,6.05%,False,1
4205431,FORMOSA DO SUL,SC,7,7,152,166,4.22%,4.22%,91.57%,False,1,1,3,153,9,166,0.6%,1.81%,92.17%,5.42%,False,1
4205456,FORQUILHINHA,SC,234,163,1.909,2.306,10.15%,7.07%,82.78%,True,1,82,73,1980,171,2306,3.56%,3.17%,85.86%,7.42%,False,1
4205506,FRAIBURGO,SC,62,119,1.704,1.885,3.29%,6.31%,90.4%,True,1,18,44,1719,104,1885,0.95%,2.33%,91.19%,5.52%,False,1
4205555,FREI ROGERIO,SC,3,8,103,114,2.63%,7.02%,90.35%,False,1,2,5,106,1,114,1.75%,4.39%,92.98%,0.88%,False,1
4205605,GALVAO,SC,4,5,124,133,3.01%,3.76%,93.23%,False,1,1,1,122,9,133,0.75%,0.75%,91.73%,6.77%,False,1
4205704,GAROPABA,SC,31,63,1.218,1.312,2.36%,4.8%,92.84%,True,1,9,30,1207,66,1312,0.69%,2.29%,92%,5.03%,False,1
4205803,GARUVA,SC,23,40,852,915,2.51%,4.37%,93.11%,False,1,6,21,801,87,915,0.66%,2.3%,87.54%,9.51%,False,1
4205902,GASPAR,SC,63,161,2.762,2.986,2.11%,5.39%,92.5%,True,1,16,49,2751,170,2986,0.54%,1.64%,92.13%,5.69%,False,1
4206009,GOVERNADOR CELSO RAMOS,SC,98,68,629,795,12.33%,8.55%,79.12%,False,1,7,9,724,55,795,0.88%,1.13%,91.07%,6.92%,False,1
4206108,GRAO-PARA,SC,12,16,387,415,2.89%,3.86%,93.25%,False,1,0,4,382,29,415,-,0.96%,92.05%,6.99%,False,1
4206207,GRAVATAL,SC,11,20,425,456,2.41%,4.39%,93.2%,False,1,1,15,407,33,456,0.22%,3.29%,89.25%,7.24%,False,1
4206306,GUABIRUBA,SC,14,41,628,683,2.05%,6%,91.95%,False,1,2,8,630,43,683,0.29%,1.17%,92.24%,6.3%,False,1
4206405,GUARACIABA,SC,11,13,428,452,2.43%,2.88%,94.69%,False,1,1,9,411,31,452,0.22%,1.99%,90.93%,6.86%,False,1
4206504,GUARAMIRIM,SC,54,124,2.286,2.464,2.19%,5.03%,92.78%,True,1,13,31,2255,165,2464,0.53%,1.26%,91.52%,6.7%,False,1
4206603,GUARUJA DO SUL,SC,10,6,202,218,4.59%,2.75%,92.66%,False,1,2,3,205,8,218,0.92%,1.38%,94.04%,3.67%,False,1
4206652,GUATAMBU,SC,16,31,513,560,2.86%,5.54%,91.61%,False,1,2,12,517,29,560,0.36%,2.14%,92.32%,5.18%,False,1
4206702,HERVAL D'OESTE,SC,28,61,981,1.07,2.62%,5.7%,91.68%,True,1,9,17,966,78,1070,0.84%,1.59%,90.28%,7.29%,False,1
4206751,IBIAM,SC,8,13,87,108,7.41%,12.04%,80.56%,False,1,0,3,96,9,108,-,2.78%,88.89%,8.33%,False,1
4206801,IBICARE,SC,15,10,166,191,7.85%,5.24%,86.91%,False,1,1,3,177,10,191,0.52%,1.57%,92.67%,5.24%,False,1
4206900,IBIRAMA,SC,24,33,769,826,2.91%,4%,93.1%,False,1,8,13,749,56,826,0.97%,1.57%,90.68%,6.78%,False,1
4207007,ICARA,SC,327,237,2.384,2.948,11.09%,8.04%,80.87%,True,1,136,95,2556,161,2948,4.61%,3.22%,86.7%,5.46%,False,1
4207106,ILHOTA,SC,55,56,605,716,7.68%,7.82%,84.5%,False,1,6,8,658,44,716,0.84%,1.12%,91.9%,6.15%,False,1
4207205,IMARUI,SC,45,41,289,375,12%,10.93%,77.07%,False,1,21,14,320,20,375,5.6%,3.73%,85.33%,5.33%,False,1
4207304,IMBITUBA,SC,48,97,1.056,1.201,4%,8.08%,87.93%,True,1,6,35,1090,70,1201,0.5%,2.91%,90.76%,5.83%,False,1
4207403,IMBUIA,SC,9,16,294,319,2.82%,5.02%,92.16%,False,1,1,5,291,22,319,0.31%,1.57%,91.22%,6.9%,False,1
4207502,INDAIAL,SC,78,200,3.361,3.639,2.14%,5.5%,92.36%,True,1,14,60,3338,227,3639,0.38%,1.65%,91.73%,6.24%,False,1
4207577,IOMERE,SC,4,14,143,161,2.48%,8.7%,88.82%,False,1,1,3,151,6,161,0.62%,1.86%,93.79%,3.73%,False,1
4207601,IPIRA,SC,2,8,120,130,1.54%,6.15%,92.31%,False,1,0,0,122,8,130,-,-,93.85%,6.15%,False,1
4207650,IPORA DO OESTE,SC,0,10,300,310,-,3.23%,96.77%,False,1,1,6,280,23,310,0.32%,1.94%,90.32%,7.42%,False,1
4207684,IPUACU,SC,35,57,265,357,9.8%,15.97%,74.23%,False,1,6,13,325,13,357,1.68%,3.64%,91.04%,3.64%,False,1
4207700,IPUMIRIM,SC,0,18,257,275,-,6.55%,93.45%,False,1,0,2,252,21,275,-,0.73%,91.64%,7.64%,False,1
4207759,IRACEMINHA,SC,1,8,202,211,0.47%,3.79%,95.73%,False,1,1,2,198,10,211,0.47%,0.95%,93.84%,4.74%,False,1
4207809,IRANI,SC,6,12,149,167,3.59%,7.19%,89.22%,False,1,0,3,146,18,167,-,1.8%,87.43%,10.78%,False,1
4207858,IRATI,SC,1,2,119,122,0.82%,1.64%,97.54%,False,1,0,2,113,7,122,-,1.64%,92.62%,5.74%,False,1
4207908,IRINEOPOLIS,SC,16,31,603,650,2.46%,4.77%,92.77%,False,1,6,9,581,54,650,0.92%,1.38%,89.38%,8.31%,False,1
4208005,ITA,SC,10,24,388,422,2.37%,5.69%,91.94%,False,1,6,3,384,29,422,1.42%,0.71%,91%,6.87%,False,1
4208104,ITAIOPOLIS,SC,24,31,1.107,1.162,2.07%,2.67%,95.27%,True,1,4,14,1058,86,1162,0.34%,1.2%,91.05%,7.4%,False,1
4208203,ITAJAI,SC,100,160,3.492,3.752,2.67%,4.26%,93.07%,True,1,25,68,3377,283,3753,0.67%,1.81%,89.98%,7.54%,False,1
4208302,ITAPEMA,SC,86,206,3.317,3.609,2.38%,5.71%,91.91%,True,1,11,57,3244,297,3609,0.3%,1.58%,89.89%,8.23%,False,1
4208401,ITAPIRANGA,SC,114,44,705,863,13.21%,5.1%,81.69%,False,1,5,7,786,65,863,0.58%,0.81%,91.08%,7.53%,False,1
4208450,ITAPOA,SC,42,62,1.234,1.338,3.14%,4.63%,92.23%,True,1,15,30,1163,130,1338,1.12%,2.24%,86.92%,9.72%,False,1
4208500,ITUPORANGA,SC,24,48,810,882,2.72%,5.44%,91.84%,False,1,6,7,791,78,882,0.68%,0.79%,89.68%,8.84%,False,1
4208609,JABORA,SC,25,22,238,285,8.77%,7.72%,83.51%,False,1,6,10,256,13,285,2.11%,3.51%,89.82%,4.56%,False,1
4208708,JACINTO MACHADO,SC,8,18,410,436,1.83%,4.13%,94.04%,False,1,1,5,397,33,436,0.23%,1.15%,91.06%,7.57%,False,1
4208807,JAGUARUNA,SC,133,79,858,1.07,12.43%,7.38%,80.19%,True,1,41,49,888,92,1070,3.83%,4.58%,82.99%,8.6%,False,1
4208906,JARAGUA DO SUL,SC,136,291,6.465,6.892,1.97%,4.22%,93.8%,True,1,54,91,6299,448,6892,0.78%,1.32%,91.4%,6.5%,False,1
4208955,JARDINOPOLIS,SC,3,2,67,72,4.17%,2.78%,93.06%,False,1,0,1,66,5,72,-,1.39%,91.67%,6.94%,False,1
4209003,JOACABA,SC,86,93,843,1.022,8.41%,9.1%,82.49%,True,1,8,27,927,60,1022,0.78%,2.64%,90.7%,5.87%,False,1
4209102,JOINVILLE,SC,440,1.047,19.277,20.764,2.12%,5.04%,92.84%,True,1,106,398,19022,1238,20764,0.51%,1.92%,91.61%,5.96%,False,1
4209151,JOSE BOITEUX,SC,13,19,318,350,3.71%,5.43%,90.86%,False,1,6,7,321,16,350,1.71%,2%,91.71%,4.57%,False,1
4209177,JUPIA,SC,27,10,79,116,23.28%,8.62%,68.1%,False,1,3,2,100,11,116,2.59%,1.72%,86.21%,9.48%,False,1
4209201,LACERDOPOLIS,SC,1,6,105,112,0.89%,5.36%,93.75%,False,1,0,3,96,13,112,-,2.68%,85.71%,11.61%,False,1
4209300,LAGES,SC,138,164,2.214,2.516,5.48%,6.52%,88%,True,1,32,64,2208,212,2516,1.27%,2.54%,87.76%,8.43%,False,1
4209409,LAGUNA,SC,39,63,904,1.006,3.88%,6.26%,89.86%,True,1,2,14,899,91,1006,0.2%,1.39%,89.36%,9.05%,False,1
4209458,LAJEADO GRANDE,SC,21,9,84,114,18.42%,7.89%,73.68%,False,1,0,5,97,12,114,-,4.39%,85.09%,10.53%,False,1
4209508,LAURENTINO,SC,5,19,263,287,1.74%,6.62%,91.64%,False,1,1,3,265,18,287,0.35%,1.05%,92.33%,6.27%,False,1
4209607,LAURO MULLER,SC,74,62,572,708,10.45%,8.76%,80.79%,False,1,37,25,601,45,708,5.23%,3.53%,84.89%,6.36%,False,1
4209706,LEBON REGIS,SC,13,36,588,637,2.04%,5.65%,92.31%,False,1,3,15,581,38,637,0.47%,2.35%,91.21%,5.97%,False,1
4209805,LEOBERTO LEAL,SC,4,8,169,181,2.21%,4.42%,93.37%,False,1,0,7,163,11,181,-,3.87%,90.06%,6.08%,False,1
4209854,LINDOIA DO SUL,SC,3,2,198,203,1.48%,0.99%,97.54%,False,1,0,5,179,19,203,-,2.46%,88.18%,9.36%,False,1
4209904,LONTRAS,SC,15,37,534,586,2.56%,6.31%,91.13%,False,1,2,9,553,22,586,0.34%,1.54%,94.37%,3.75%,False,1
4210001,LUIZ ALVES,SC,123,75,696,894,13.76%,8.39%,77.85%,False,1,55,35,765,39,894,6.15%,3.91%,85.57%,4.36%,False,1
4210035,LUZERNA,SC,7,11,297,315,2.22%,3.49%,94.29%,False,1,2,6,295,12,315,0.63%,1.9%,93.65%,3.81%,False,1
4210050,MACIEIRA,SC,3,4,104,111,2.7%,3.6%,93.69%,False,1,0,1,100,10,111,-,0.9%,90.09%,9.01%,False,1
4210100,MAFRA,SC,106,166,2.067,2.339,4.53%,7.1%,88.37%,True,1,29,65,2114,131,2339,1.24%,2.78%,90.38%,5.6%,False,1
4210209,MAJOR GERCINO,SC,7,16,129,152,4.61%,10.53%,84.87%,False,1,2,1,140,9,152,1.32%,0.66%,92.11%,5.92%,False,1
4210308,MAJOR VIEIRA,SC,7,15,420,442,1.58%,3.39%,95.02%,False,1,2,5,408,27,442,0.45%,1.13%,92.31%,6.11%,False,1
4210407,MARACAJA,SC,21,10,254,285,7.37%,3.51%,89.12%,False,1,4,2,257,22,285,1.4%,0.7%,90.18%,7.72%,False,1
4210506,MARAVILHA,SC,33,60,1.347,1.44,2.29%,4.17%,93.54%,True,1,2,9,1337,92,1440,0.14%,0.63%,92.85%,6.39%,False,1
4210555,MAREMA,SC,5,3,100,108,4.63%,2.78%,92.59%,False,1,3,2,87,16,108,2.78%,1.85%,80.56%,14.81%,False,1
4210605,MASSARANDUBA,SC,22,31,698,751,2.93%,4.13%,92.94%,False,1,2,9,677,63,751,0.27%,1.2%,90.15%,8.39%,False,1
4210704,MATOS COSTA,SC,10,16,152,178,5.62%,8.99%,85.39%,False,1,2,8,161,7,178,1.12%,4.49%,90.45%,3.93%,False,1
4210803,MELEIRO,SC,3,9,186,198,1.52%,4.55%,93.94%,False,1,1,3,180,14,198,0.51%,1.52%,90.91%,7.07%,False,1
4210852,MIRIM DOCE,SC,2,6,136,144,1.39%,4.17%,94.44%,False,1,0,4,126,14,144,-,2.78%,87.5%,9.72%,False,1
4210902,MODELO,SC,6,15,223,244,2.46%,6.15%,91.39%,False,1,2,1,226,15,244,0.82%,0.41%,92.62%,6.15%,False,1
4211009,MONDAI,SC,4,8,450,462,0.87%,1.73%,97.4%,False,1,2,3,425,32,462,0.43%,0.65%,91.99%,6.93%,False,1
4211058,MONTE CARLO,SC,19,43,483,545,3.49%,7.89%,88.62%,False,1,2,16,494,33,545,0.37%,2.94%,90.64%,6.06%,False,1
4211108,MONTE CASTELO,SC,18,22,359,399,4.51%,5.51%,89.97%,False,1,3,6,349,41,399,0.75%,1.5%,87.47%,10.28%,False,1
4211207,MORRO DA FUMACA,SC,83,87,789,959,8.65%,9.07%,82.27%,False,1,32,23,847,57,959,3.34%,2.4%,88.32%,5.94%,False,1
4211256,MORRO GRANDE,SC,3,8,105,116,2.59%,6.9%,90.52%,False,1,1,5,100,10,116,0.86%,4.31%,86.21%,8.62%,False,1
4211306,NAVEGANTES,SC,210,332,5.029,5.571,3.77%,5.96%,90.27%,True,1,47,94,5040,390,5571,0.84%,1.69%,90.47%,7%,False,1
4211405,NOVA ERECHIM,SC,21,15,335,371,5.66%,4.04%,90.3%,False,1,2,3,341,25,371,0.54%,0.81%,91.91%,6.74%,False,1
4211454,NOVA ITABERABA,SC,10,26,219,255,3.92%,10.2%,85.88%,False,1,2,4,234,15,255,0.78%,1.57%,91.76%,5.88%,False,1
4211504,NOVA TRENTO,SC,11,21,546,578,1.9%,3.63%,94.46%,False,1,4,10,524,40,578,0.69%,1.73%,90.66%,6.92%,False,1
4211603,NOVA VENEZA,SC,76,66,602,744,10.22%,8.87%,80.91%,False,1,31,35,627,51,744,4.17%,4.7%,84.27%,6.85%,False,1
4211652,NOVO HORIZONTE,SC,4,4,106,114,3.51%,3.51%,92.98%,False,1,1,2,108,3,114,0.88%,1.75%,94.74%,2.63%,False,1
4211702,ORLEANS,SC,15,28,679,722,2.08%,3.88%,94.04%,False,1,4,11,651,56,722,0.55%,1.52%,90.17%,7.76%,False,1
4211751,OTACILIO COSTA,SC,11,44,658,713,1.54%,6.17%,92.29%,False,1,0,13,656,44,713,-,1.82%,92.01%,6.17%,False,1
4211801,OURO,SC,10,26,303,339,2.95%,7.67%,89.38%,False,1,3,6,306,24,339,0.88%,1.77%,90.27%,7.08%,False,1
4211850,OURO VERDE,SC,6,9,137,152,3.95%,5.92%,90.13%,False,1,0,2,131,19,152,-,1.32%,86.18%,12.5%,False,1
4211876,PAIAL,SC,9,5,54,68,13.24%,7.35%,79.41%,False,1,0,0,63,5,68,-,-,92.65%,7.35%,False,1
4211892,PAINEL,SC,1,9,130,140,0.71%,6.43%,92.86%,False,1,1,5,126,8,140,0.71%,3.57%,90%,5.71%,False,1
4211900,PALHOCA,SC,114,204,3.618,3.936,2.9%,5.18%,91.92%,True,1,40,88,3525,283,3936,1.02%,2.24%,89.56%,7.19%,False,1
4212007,PALMA SOLA,SC,6,16,418,440,1.36%,3.64%,95%,False,1,3,7,406,24,440,0.68%,1.59%,92.27%,5.45%,False,1
4212056,PALMEIRA,SC,4,6,170,180,2.22%,3.33%,94.44%,False,1,0,5,162,13,180,-,2.78%,90%,7.22%,False,1
4212106,PALMITOS,SC,7,19,441,467,1.5%,4.07%,94.43%,False,1,2,5,425,35,467,0.43%,1.07%,91.01%,7.49%,False,1
4212205,PAPANDUVA,SC,16,33,876,925,1.73%,3.57%,94.7%,False,1,4,13,831,77,925,0.43%,1.41%,89.84%,8.32%,False,1
4212239,PARAISO,SC,3,11,151,165,1.82%,6.67%,91.52%,False,1,1,4,151,9,165,0.61%,2.42%,91.52%,5.45%,False,1
4212254,PASSO DE TORRES,SC,49,23,203,275,17.82%,8.36%,73.82%,False,1,0,4,231,40,275,-,1.45%,84%,14.55%,False,1
4212270,PASSOS MAIA,SC,10,20,244,274,3.65%,7.3%,89.05%,False,1,0,7,250,17,274,-,2.55%,91.24%,6.2%,False,1
4212304,PAULO LOPES,SC,43,58,454,555,7.75%,10.45%,81.8%,False,1,2,8,517,28,555,0.36%,1.44%,93.15%,5.05%,False,1
4212403,PEDRAS GRANDES,SC,4,9,194,207,1.93%,4.35%,93.72%,False,1,0,2,188,17,207,-,0.97%,90.82%,8.21%,False,1
4212502,PENHA,SC,190,164,1.646,2,9.5%,8.2%,82.3%,True,1,53,64,1782,101,2000,2.65%,3.2%,89.1%,5.05%,False,1
4212601,PERITIBA,SC,1,6,189,196,0.51%,3.06%,96.43%,False,1,0,4,181,11,196,-,2.04%,92.35%,5.61%,False,1
4212650,PESCARIA BRAVA,SC,21,33,362,416,5.05%,7.93%,87.02%,False,1,0,11,375,30,416,-,2.64%,90.14%,7.21%,False,1
4212700,PETROLANDIA,SC,10,13,356,379,2.64%,3.43%,93.93%,False,1,0,5,345,29,379,-,1.32%,91.03%,7.65%,False,1
4212809,BALNEARIO PICARRAS,SC,187,223,1.801,2.211,8.46%,10.09%,81.46%,True,1,75,88,1956,92,2211,3.39%,3.98%,88.47%,4.16%,False,1
4212908,PINHALZINHO,SC,14,34,1.2,1.248,1.12%,2.72%,96.15%,True,1,2,11,1174,61,1248,0.16%,0.88%,94.07%,4.89%,False,1
4213005,PINHEIRO PRETO,SC,27,32,180,239,11.3%,13.39%,75.31%,False,1,6,2,223,8,239,2.51%,0.84%,93.31%,3.35%,False,1
4213104,PIRATUBA,SC,1,0,25,26,3.85%,-,96.15%,False,1,0,0,24,2,26,-,-,92.31%,7.69%,False,1
4213153,PLANALTO ALEGRE,SC,4,4,112,120,3.33%,3.33%,93.33%,False,1,0,1,111,8,120,-,0.83%,92.5%,6.67%,False,1
4213203,POMERODE,SC,15,47,1.157,1.219,1.23%,3.86%,94.91%,True,1,5,14,1120,80,1219,0.41%,1.15%,91.88%,6.56%,False,1
4213302,PONTE ALTA,SC,11,8,257,276,3.99%,2.9%,93.12%,False,1,2,5,246,23,276,0.72%,1.81%,89.13%,8.33%,False,1
4213351,PONTE ALTA DO NORTE,SC,5,13,216,234,2.14%,5.56%,92.31%,False,1,0,6,218,10,234,-,2.56%,93.16%,4.27%,False,1
4213401,PONTE SERRADA,SC,82,76,500,658,12.46%,11.55%,75.99%,False,1,7,25,584,42,658,1.06%,3.8%,88.75%,6.38%,False,1
4213500,PORTO BELO,SC,79,125,1.451,1.655,4.77%,7.55%,87.67%,True,1,26,46,1480,103,1655,1.57%,2.78%,89.43%,6.22%,False,1
4213609,PORTO UNIAO,SC,36,88,1.224,1.348,2.67%,6.53%,90.8%,True,1,9,28,1235,76,1348,0.67%,2.08%,91.62%,5.64%,False,1
4213708,POUSO REDONDO,SC,25,41,732,798,3.13%,5.14%,91.73%,False,1,5,15,711,67,798,0.63%,1.88%,89.1%,8.4%,False,1
4213807,PRAIA GRANDE,SC,13,18,151,182,7.14%,9.89%,82.97%,False,1,2,4,151,25,182,1.1%,2.2%,82.97%,13.74%,False,1
4213906,PRESIDENTE CASTELLO BRANCO,SC,3,6,87,96,3.13%,6.25%,90.63%,False,1,1,3,83,9,96,1.04%,3.13%,86.46%,9.38%,False,1
4214003,PRESIDENTE GETULIO,SC,14,38,890,942,1.49%,4.03%,94.48%,False,1,3,13,870,56,942,0.32%,1.38%,92.36%,5.94%,False,1
4214102,PRESIDENTE NEREU,SC,0,3,123,126,-,2.38%,97.62%,False,1,0,0,116,10,126,-,-,92.06%,7.94%,False,1
4214151,PRINCESA,SC,1,11,139,151,0.66%,7.28%,92.05%,False,1,0,4,134,13,151,-,2.65%,88.74%,8.61%,False,1
4214201,QUILOMBO,SC,16,33,409,458,3.49%,7.21%,89.3%,False,1,2,14,410,32,458,0.44%,3.06%,89.52%,6.99%,False,1
4214300,RANCHO QUEIMADO,SC,2,4,121,127,1.57%,3.15%,95.28%,False,1,1,4,115,7,127,0.79%,3.15%,90.55%,5.51%,False,1
4214409,RIO DAS ANTAS,SC,5,3,105,113,4.42%,2.65%,92.92%,False,1,0,6,100,7,113,-,5.31%,88.5%,6.19%,False,1
4214508,RIO DO CAMPO,SC,11,21,330,362,3.04%,5.8%,91.16%,False,1,0,2,328,32,362,-,0.55%,90.61%,8.84%,False,1
4214607,RIO DO OESTE,SC,10,23,361,394,2.54%,5.84%,91.62%,False,1,6,10,359,19,394,1.52%,2.54%,91.12%,4.82%,False,1
4214706,RIO DOS CEDROS,SC,10,19,400,429,2.33%,4.43%,93.24%,False,1,0,8,393,28,429,-,1.86%,91.61%,6.53%,False,1
4214805,RIO DO SUL,SC,44,110,1.962,2.116,2.08%,5.2%,92.72%,True,1,14,32,1951,119,2116,0.66%,1.51%,92.2%,5.62%,False,1
4214904,RIO FORTUNA,SC,7,13,263,283,2.47%,4.59%,92.93%,False,1,0,5,261,17,283,-,1.77%,92.23%,6.01%,False,1
4215000,RIO NEGRINHO,SC,39,80,1.857,1.976,1.97%,4.05%,93.98%,True,1,19,34,1820,103,1976,0.96%,1.72%,92.11%,5.21%,False,1
4215059,RIO RUFINO,SC,3,5,57,65,4.62%,7.69%,87.69%,False,1,0,2,61,2,65,-,3.08%,93.85%,3.08%,False,1
4215075,RIQUEZA,SC,5,6,265,276,1.81%,2.17%,96.01%,False,1,1,6,253,16,276,0.36%,2.17%,91.67%,5.8%,False,1
4215109,RODEIO,SC,9,14,577,600,1.5%,2.33%,96.17%,False,1,3,3,563,31,600,0.5%,0.5%,93.83%,5.17%,False,1
4215208,ROMELANDIA,SC,24,21,169,214,11.21%,9.81%,78.97%,False,1,1,8,188,17,214,0.47%,3.74%,87.85%,7.94%,False,1
4215307,SALETE,SC,8,12,385,405,1.98%,2.96%,95.06%,False,1,2,8,364,31,405,0.49%,1.98%,89.88%,7.65%,False,1
4215356,SALTINHO,SC,2,14,226,242,0.83%,5.79%,93.39%,False,1,2,3,227,10,242,0.83%,1.24%,93.8%,4.13%,False,1
4215406,SALTO VELOSO,SC,3,11,239,253,1.19%,4.35%,94.47%,False,1,1,2,232,18,253,0.4%,0.79%,91.7%,7.11%,False,1
4215455,SANGAO,SC,116,100,661,877,13.23%,11.4%,75.37%,False,1,43,38,747,49,877,4.9%,4.33%,85.18%,5.59%,False,1
4215505,SANTA CECILIA,SC,27,41,387,455,5.93%,9.01%,85.05%,False,1,3,13,413,26,455,0.66%,2.86%,90.77%,5.71%,False,1
4215554,SANTA HELENA,SC,3,6,109,118,2.54%,5.08%,92.37%,False,1,0,2,106,10,118,-,1.69%,89.83%,8.47%,False,1
4215604,SANTA ROSA DE LIMA,SC,0,6,136,142,-,4.23%,95.77%,False,1,0,2,129,11,142,-,1.41%,90.85%,7.75%,False,1
4215653,SANTA ROSA DO SUL,SC,44,41,562,647,6.8%,6.34%,86.86%,False,1,9,16,578,44,647,1.39%,2.47%,89.34%,6.8%,False,1
4215679,SANTA TEREZINHA,SC,7,10,216,233,3%,4.29%,92.7%,False,1,2,5,205,21,233,0.86%,2.15%,87.98%,9.01%,False,1
4215687,SANTA TEREZINHA DO PROGRESSO,SC,0,6,142,148,-,4.05%,95.95%,False,1,0,0,143,5,148,-,-,96.62%,3.38%,False,1
4215695,SANTIAGO DO SUL,SC,2,0,68,70,2.86%,-,97.14%,False,1,0,0,65,5,70,-,-,92.86%,7.14%,False,1
4215703,SANTO AMARO DA IMPERATRIZ,SC,29,47,1.238,1.314,2.21%,3.58%,94.22%,True,1,6,15,1188,105,1314,0.46%,1.14%,90.41%,7.99%,False,1
4215752,SAO BERNARDINO,SC,1,13,166,180,0.56%,7.22%,92.22%,False,1,0,5,165,10,180,-,2.78%,91.67%,5.56%,False,1
4215802,SAO BENTO DO SUL,SC,109,206,3.157,3.472,3.14%,5.93%,90.93%,True,1,33,60,3203,176,3472,0.95%,1.73%,92.25%,5.07%,False,1
4215901,SAO BONIFACIO,SC,24,15,136,175,13.71%,8.57%,77.71%,False,1,9,8,144,14,175,5.14%,4.57%,82.29%,8%,False,1
4216008,SAO CARLOS,SC,6,33,450,489,1.23%,6.75%,92.02%,False,1,3,6,441,39,489,0.61%,1.23%,90.18%,7.98%,False,1
4216057,SAO CRISTOVAO DO SUL,SC,12,35,284,331,3.63%,10.57%,85.8%,False,1,0,11,304,16,331,-,3.32%,91.84%,4.83%,False,1
4216107,SAO DOMINGOS,SC,12,14,234,260,4.62%,5.38%,90%,False,1,2,4,236,18,260,0.77%,1.54%,90.77%,6.92%,False,1
4216206,SAO FRANCISCO DO SUL,SC,43,74,1.56,1.677,2.56%,4.41%,93.02%,True,1,12,23,1511,131,1677,0.72%,1.37%,90.1%,7.81%,False,1
4216255,SAO JOAO DO OESTE,SC,3,0,253,256,1.17%,-,98.83%,False,1,0,1,234,21,256,-,0.39%,91.41%,8.2%,False,1
4216305,SAO JOAO BATISTA,SC,50,79,1.432,1.561,3.2%,5.06%,91.74%,True,1,12,23,1429,97,1561,0.77%,1.47%,91.54%,6.21%,False,1
4216354,SAO JOAO DO ITAPERIU,SC,12,15,389,416,2.88%,3.61%,93.51%,False,1,2,2,383,29,416,0.48%,0.48%,92.07%,6.97%,False,1
4216404,SAO JOAO DO SUL,SC,8,11,385,404,1.98%,2.72%,95.3%,False,1,7,4,363,30,404,1.73%,0.99%,89.85%,7.43%,False,1
4216503,SAO JOAQUIM,SC,27,39,742,808,3.34%,4.83%,91.83%,False,1,5,11,728,64,808,0.62%,1.36%,90.1%,7.92%,False,1
4216602,SAO JOSE,SC,295,498,9.752,10.545,2.8%,4.72%,92.48%,True,1,56,154,9663,672,10545,0.53%,1.46%,91.64%,6.37%,False,1
4216701,SAO JOSE DO CEDRO,SC,11,27,562,600,1.83%,4.5%,93.67%,False,1,3,6,545,46,600,0.5%,1%,90.83%,7.67%,False,1
4216800,SAO JOSE DO CERRITO,SC,39,33,316,388,10.05%,8.51%,81.44%,False,1,0,6,281,101,388,-,1.55%,72.42%,26.03%,False,1
4216909,SAO LOURENCO DO OESTE,SC,44,52,799,895,4.92%,5.81%,89.27%,False,1,3,12,819,61,895,0.34%,1.34%,91.51%,6.82%,False,1
4217006,SAO LUDGERO,SC,78,83,880,1.041,7.49%,7.97%,84.53%,True,1,23,9,945,64,1041,2.21%,0.86%,90.78%,6.15%,False,1
4217105,SAO MARTINHO,SC,3,3,213,219,1.37%,1.37%,97.26%,False,1,0,1,204,14,219,-,0.46%,93.15%,6.39%,False,1
4217154,SAO MIGUEL DA BOA VISTA,SC,0,4,119,123,-,3.25%,96.75%,False,1,0,0,113,10,123,-,-,91.87%,8.13%,False,1
4217204,SAO MIGUEL DO OESTE,SC,79,133,1.627,1.839,4.3%,7.23%,88.47%,True,1,32,55,1641,111,1839,1.74%,2.99%,89.23%,6.04%,False,1
4217253,SAO PEDRO DE ALCANTARA,SC,16,9,151,176,9.09%,5.11%,85.8%,False,1,0,0,170,6,176,-,-,96.59%,3.41%,False,1
4217303,SAUDADES,SC,4,26,590,620,0.65%,4.19%,95.16%,False,1,0,5,572,43,620,-,0.81%,92.26%,6.94%,False,1
4217402,SCHROEDER,SC,17,36,815,868,1.96%,4.15%,93.89%,False,1,7,12,779,70,868,0.81%,1.38%,89.75%,8.06%,False,1
4217501,SEARA,SC,7,16,848,871,0.8%,1.84%,97.36%,False,1,6,6,799,60,871,0.69%,0.69%,91.73%,6.89%,False,1
4217550,SERRA ALTA,SC,1,6,218,225,0.44%,2.67%,96.89%,False,1,0,1,208,16,225,-,0.44%,92.44%,7.11%,False,1
4217600,SIDEROPOLIS,SC,10,20,541,571,1.75%,3.5%,94.75%,False,1,1,10,511,49,571,0.18%,1.75%,89.49%,8.58%,False,1
4217709,SOMBRIO,SC,221,151,1.158,1.53,14.44%,9.87%,75.69%,True,1,91,80,1262,97,1530,5.95%,5.23%,82.48%,6.34%,False,1
4217758,SUL BRASIL,SC,1,9,155,165,0.61%,5.45%,93.94%,False,1,0,6,147,12,165,-,3.64%,89.09%,7.27%,False,1
4217808,TAIO,SC,15,36,661,712,2.11%,5.06%,92.84%,False,1,3,13,649,47,712,0.42%,1.83%,91.15%,6.6%,False,1
4217907,TANGARA,SC,5,9,350,364,1.37%,2.47%,96.15%,False,1,2,9,330,23,364,0.55%,2.47%,90.66%,6.32%,False,1
4217956,TIGRINHOS,SC,1,7,124,132,0.76%,5.3%,93.94%,False,1,0,4,114,14,132,-,3.03%,86.36%,10.61%,False,1
4218004,TIJUCAS,SC,150,179,1.998,2.327,6.45%,7.69%,85.86%,True,1,30,69,2082,147,2328,1.29%,2.96%,89.43%,6.31%,False,1
4218103,TIMBE DO SUL,SC,6,6,49,61,9.84%,9.84%,80.33%,False,1,1,1,48,11,61,1.64%,1.64%,78.69%,18.03%,False,1
4218202,TIMBO,SC,27,83,1.526,1.636,1.65%,5.07%,93.28%,True,1,11,32,1488,105,1636,0.67%,1.96%,90.95%,6.42%,False,1
4218251,TIMBO GRANDE,SC,26,43,409,478,5.44%,9%,85.56%,False,1,2,11,430,35,478,0.42%,2.3%,89.96%,7.32%,False,1
4218301,TRES BARRAS,SC,44,80,855,979,4.49%,8.17%,87.33%,False,1,7,20,911,41,979,0.72%,2.04%,93.05%,4.19%,False,1
4218350,TREVISO,SC,9,14,176,199,4.52%,7.04%,88.44%,False,1,4,5,177,13,199,2.01%,2.51%,88.94%,6.53%,False,1
4218400,TREZE DE MAIO,SC,77,36,345,458,16.81%,7.86%,75.33%,False,1,39,20,370,29,458,8.52%,4.37%,80.79%,6.33%,False,1
4218509,TREZE TILIAS,SC,6,10,320,336,1.79%,2.98%,95.24%,False,1,1,1,296,38,336,0.3%,0.3%,88.1%,11.31%,False,1
4218608,TROMBUDO CENTRAL,SC,3,17,373,393,0.76%,4.33%,94.91%,False,1,0,8,358,27,393,-,2.04%,91.09%,6.87%,False,1
4218707,TUBARAO,SC,81,170,2.766,3.017,2.68%,5.63%,91.68%,True,1,16,45,2758,198,3017,0.53%,1.49%,91.42%,6.56%,False,1
4218756,TUNAPOLIS,SC,6,5,292,303,1.98%,1.65%,96.37%,False,1,1,2,272,28,303,0.33%,0.66%,89.77%,9.24%,False,1
4218806,TURVO,SC,7,16,260,283,2.47%,5.65%,91.87%,False,1,0,8,233,42,283,-,2.83%,82.33%,14.84%,False,1
4218855,UNIAO DO OESTE,SC,0,6,126,132,-,4.55%,95.45%,False,1,0,1,118,13,132,-,0.76%,89.39%,9.85%,False,1
4218905,URUBICI,SC,20,30,587,637,3.14%,4.71%,92.15%,False,1,1,14,577,45,637,0.16%,2.2%,90.58%,7.06%,False,1
4218954,URUPEMA,SC,6,8,96,110,5.45%,7.27%,87.27%,False,1,3,3,90,14,110,2.73%,2.73%,81.82%,12.73%,False,1
4219002,URUSSANGA,SC,85,59,750,894,9.51%,6.6%,83.89%,False,1,22,29,791,52,894,2.46%,3.24%,88.48%,5.82%,False,1
4219101,VARGEAO,SC,32,37,189,258,12.4%,14.34%,73.26%,False,1,1,6,236,15,258,0.39%,2.33%,91.47%,5.81%,False,1
4219150,VARGEM,SC,8,7,146,161,4.97%,4.35%,90.68%,False,1,0,6,144,11,161,-,3.73%,89.44%,6.83%,False,1
4219176,VARGEM BONITA,SC,10,9,188,207,4.83%,4.35%,90.82%,False,1,0,4,185,18,207,-,1.93%,89.37%,8.7%,False,1
4219200,VIDAL RAMOS,SC,9,12,98,119,7.56%,10.08%,82.35%,False,1,1,1,113,4,119,0.84%,0.84%,94.96%,3.36%,False,1
4219309,VIDEIRA,SC,77,134,1.223,1.434,5.37%,9.34%,85.29%,True,1,6,26,1342,60,1434,0.42%,1.81%,93.58%,4.18%,False,1
4219358,VITOR MEIRELES,SC,9,8,303,320,2.81%,2.5%,94.69%,False,1,2,0,295,23,320,0.63%,-,92.19%,7.19%,False,1
4219408,WITMARSUM,SC,15,12,209,236,6.36%,5.08%,88.56%,False,1,0,5,208,23,236,-,2.12%,88.14%,9.75%,False,1
4219507,XANXERE,SC,37,72,1.204,1.313,2.82%,5.48%,91.7%,True,1,5,20,1206,82,1313,0.38%,1.52%,91.85%,6.25%,False,1
4219606,XAVANTINA,SC,3,5,153,161,1.86%,3.11%,95.03%,False,1,3,2,143,13,161,1.86%,1.24%,88.82%,8.07%,False,1
4219705,XAXIM,SC,30,88,1.548,1.666,1.8%,5.28%,92.92%,True,1,9,29,1537,91,1666,0.54%,1.74%,92.26%,5.46%,False,1
4219853,ZORTEA,SC,2,15,249,266,0.75%,5.64%,93.61%,False,1,1,3,249,13,266,0.38%,1.13%,93.61%,4.89%,False,1
4220000,BALNEARIO RINCAO,SC,67,65,754,886,7.56%,7.34%,85.1%,False,1,5,18,784,79,886,0.56%,2.03%,88.49%,8.92%,False,1
4300034,ACEGUA,RS,2,12,184,198,1.01%,6.06%,92.93%,False,1,0,2,176,20,198,-,1.01%,88.89%,10.1%,False,1
4300059,AGUA SANTA,RS,5,10,130,145,3.45%,6.9%,89.66%,False,1,1,2,138,4,145,0.69%,1.38%,95.17%,2.76%,False,1
4300109,AGUDO,RS,19,24,317,360,5.28%,6.67%,88.06%,False,1,2,7,313,38,360,0.56%,1.94%,86.94%,10.56%,False,1
4300208,AJURICABA,RS,5,13,185,203,2.46%,6.4%,91.13%,False,1,3,3,185,12,203,1.48%,1.48%,91.13%,5.91%,False,1
4300307,ALECRIM,RS,8,10,196,214,3.74%,4.67%,91.59%,False,1,1,2,187,24,214,0.47%,0.93%,87.38%,11.21%,False,1
4300406,ALEGRETE,RS,41,83,1.94,2.064,1.99%,4.02%,93.99%,True,1,4,29,1840,191,2064,0.19%,1.41%,89.15%,9.25%,False,1
4300455,ALEGRIA,RS,2,2,107,111,1.8%,1.8%,96.4%,False,1,1,1,91,18,111,0.9%,0.9%,81.98%,16.22%,False,1
4300471,ALMIRANTE TAMANDARE DO SUL,RS,2,5,113,120,1.67%,4.17%,94.17%,False,1,1,1,110,8,120,0.83%,0.83%,91.67%,6.67%,False,1
4300505,ALPESTRE,RS,7,12,227,246,2.85%,4.88%,92.28%,False,1,1,6,224,15,246,0.41%,2.44%,91.06%,6.1%,False,1
4300554,ALTO ALEGRE,RS,1,2,44,47,2.13%,4.26%,93.62%,False,1,0,0,45,2,47,-,-,95.74%,4.26%,False,1
4300570,ALTO FELIZ,RS,10,3,75,88,11.36%,3.41%,85.23%,False,1,3,0,80,5,88,3.41%,-,90.91%,5.68%,False,1
4300604,ALVORADA,RS,138,333,5.55,6.021,2.29%,5.53%,92.18%,True,1,23,106,5409,483,6021,0.38%,1.76%,89.84%,8.02%,False,1
4300638,AMARAL FERRADOR,RS,3,10,159,172,1.74%,5.81%,92.44%,False,1,0,3,153,16,172,-,1.74%,88.95%,9.3%,False,1
4300646,AMETISTA DO SUL,RS,7,25,318,350,2%,7.14%,90.86%,False,1,0,2,310,38,350,-,0.57%,88.57%,10.86%,False,1
4300661,ANDRE DA ROCHA,RS,0,1,49,50,-,2%,98%,False,1,0,0,46,4,50,-,-,92%,8%,False,1
4300703,ANTA GORDA,RS,8,4,135,147,5.44%,2.72%,91.84%,False,1,0,1,137,9,147,-,0.68%,93.2%,6.12%,False,1
4300802,ANTONIO PRADO,RS,5,17,203,225,2.22%,7.56%,90.22%,False,1,0,5,207,13,225,-,2.22%,92%,5.78%,False,1
4300851,ARAMBARE,RS,6,8,156,170,3.53%,4.71%,91.76%,False,1,0,1,147,22,170,-,0.59%,86.47%,12.94%,False,1
4300877,ARARICA,RS,11,24,528,563,1.95%,4.26%,93.78%,False,1,0,7,496,60,563,-,1.24%,88.1%,10.66%,False,1
4300901,ARATIBA,RS,0,2,44,46,-,4.35%,95.65%,False,1,1,0,39,6,46,2.17%,-,84.78%,13.04%,False,1
4301008,ARROIO DO MEIO,RS,8,25,922,955,0.84%,2.62%,96.54%,False,1,2,4,877,72,955,0.21%,0.42%,91.83%,7.54%,False,1
4301057,ARROIO DO SAL,RS,16,22,451,489,3.27%,4.5%,92.23%,False,1,6,3,446,34,489,1.23%,0.61%,91.21%,6.95%,False,1
4301073,ARROIO DO PADRE,RS,0,0,99,99,-,-,100%,False,1,0,0,86,13,99,-,-,86.87%,13.13%,False,1
4301107,ARROIO DOS RATOS,RS,7,19,439,465,1.51%,4.09%,94.41%,False,1,1,8,419,37,465,0.22%,1.72%,90.11%,7.96%,False,1
4301206,ARROIO DO TIGRE,RS,3,15,282,300,1%,5%,94%,False,1,1,7,258,34,300,0.33%,2.33%,86%,11.33%,False,1
4301305,ARROIO GRANDE,RS,44,44,673,761,5.78%,5.78%,88.44%,False,1,6,9,648,98,761,0.79%,1.18%,85.15%,12.88%,False,1
4301404,ARVOREZINHA,RS,25,27,427,479,5.22%,5.64%,89.14%,False,1,2,13,426,38,479,0.42%,2.71%,88.94%,7.93%,False,1
4301503,AUGUSTO PESTANA,RS,68,24,185,277,24.55%,8.66%,66.79%,False,1,40,20,206,11,277,14.44%,7.22%,74.37%,3.97%,False,1
4301552,AUREA,RS,3,2,140,145,2.07%,1.38%,96.55%,False,1,0,1,128,16,145,-,0.69%,88.28%,11.03%,False,1
4301602,BAGE,RS,113,185,2.703,3.001,3.77%,6.16%,90.07%,True,1,22,40,2643,294,2999,0.73%,1.33%,88.13%,9.8%,False,1
4301636,BALNEARIO PINHAL,RS,20,22,212,254,7.87%,8.66%,83.46%,False,1,1,0,222,31,254,0.39%,-,87.4%,12.2%,False,1
4301651,BARAO,RS,4,1,46,51,7.84%,1.96%,90.2%,False,1,0,0,46,5,51,-,-,90.2%,9.8%,False,1
4301701,BARAO DE COTEGIPE,RS,7,8,294,309,2.27%,2.59%,95.15%,False,1,1,4,282,22,309,0.32%,1.29%,91.26%,7.12%,False,1
4301750,BARAO DO TRIUNFO,RS,3,9,204,216,1.39%,4.17%,94.44%,False,1,0,3,202,11,216,-,1.39%,93.52%,5.09%,False,1
4301800,BARRACAO,RS,7,16,170,193,3.63%,8.29%,88.08%,False,1,1,4,174,14,193,0.52%,2.07%,90.16%,7.25%,False,1
4301859,BARRA DO GUARITA,RS,5,3,201,209,2.39%,1.44%,96.17%,False,1,2,4,184,19,209,0.96%,1.91%,88.04%,9.09%,False,1
4301875,BARRA DO QUARAI,RS,6,7,191,204,2.94%,3.43%,93.63%,False,1,1,4,183,16,204,0.49%,1.96%,89.71%,7.84%,False,1
4301909,BARRA DO RIBEIRO,RS,11,20,307,338,3.25%,5.92%,90.83%,False,1,1,8,295,34,338,0.3%,2.37%,87.28%,10.06%,False,1
4301925,BARRA DO RIO AZUL,RS,0,0,25,25,-,-,100%,False,1,0,1,23,1,25,-,4%,92%,4%,False,1
4301958,BARRA FUNDA,RS,0,2,112,114,-,1.75%,98.25%,False,1,0,0,103,11,114,-,-,90.35%,9.65%,False,1
4302006,BARROS CASSAL,RS,27,22,343,392,6.89%,5.61%,87.5%,False,1,3,10,341,38,392,0.77%,2.55%,86.99%,9.69%,False,1
4302055,BENJAMIN CONSTANT DO SUL,RS,5,19,151,175,2.86%,10.86%,86.29%,False,1,0,3,161,11,175,-,1.71%,92%,6.29%,False,1
4302105,BENTO GONCALVES,RS,87,218,3.058,3.363,2.59%,6.48%,90.93%,True,1,10,47,3086,220,3363,0.3%,1.4%,91.76%,6.54%,False,1
4302154,BOA VISTA DAS MISSOES,RS,3,12,130,145,2.07%,8.28%,89.66%,False,1,0,2,133,10,145,-,1.38%,91.72%,6.9%,False,1
4302204,BOA VISTA DO BURICA,RS,7,18,362,387,1.81%,4.65%,93.54%,False,1,3,2,352,30,387,0.78%,0.52%,90.96%,7.75%,False,1
4302220,BOA VISTA DO CADEADO,RS,2,3,100,105,1.9%,2.86%,95.24%,False,1,0,5,91,9,105,-,4.76%,86.67%,8.57%,False,1
4302238,BOA VISTA DO INCRA,RS,1,4,84,89,1.12%,4.49%,94.38%,False,1,0,0,83,6,89,-,-,93.26%,6.74%,False,1
4302253,BOA VISTA DO SUL,RS,0,1,75,76,-,1.32%,98.68%,False,1,0,0,68,8,76,-,-,89.47%,10.53%,False,1
4302303,BOM JESUS,RS,27,53,758,838,3.22%,6.32%,90.45%,False,1,9,24,764,41,838,1.07%,2.86%,91.17%,4.89%,False,1
4302352,BOM PRINCIPIO,RS,12,35,667,714,1.68%,4.9%,93.42%,False,1,3,15,623,73,714,0.42%,2.1%,87.25%,10.22%,False,1
4302378,BOM PROGRESSO,RS,5,8,67,80,6.25%,10%,83.75%,False,1,1,4,71,4,80,1.25%,5%,88.75%,5%,False,1
4302402,BOM RETIRO DO SUL,RS,3,22,646,671,0.45%,3.28%,96.27%,False,1,0,8,595,68,671,-,1.19%,88.67%,10.13%,False,1
4302451,BOQUEIRAO DO LEAO,RS,4,11,165,180,2.22%,6.11%,91.67%,False,1,1,2,154,23,180,0.56%,1.11%,85.56%,12.78%,False,1
4302501,BOSSOROCA,RS,5,13,279,297,1.68%,4.38%,93.94%,False,1,1,4,268,24,297,0.34%,1.35%,90.24%,8.08%,False,1
4302584,BOZANO,RS,0,3,61,64,-,4.69%,95.31%,False,1,1,0,54,9,64,1.56%,-,84.38%,14.06%,False,1
4302600,BRAGA,RS,5,3,137,145,3.45%,2.07%,94.48%,False,1,0,0,136,9,145,-,-,93.79%,6.21%,False,1
4302659,BROCHIER,RS,0,4,213,217,-,1.84%,98.16%,False,1,1,0,198,18,217,0.46%,-,91.24%,8.29%,False,1
4302709,BUTIA,RS,54,54,448,556,9.71%,9.71%,80.58%,False,1,6,8,480,62,556,1.08%,1.44%,86.33%,11.15%,False,1
4302808,CACAPAVA DO SUL,RS,144,65,818,1.027,14.02%,6.33%,79.65%,True,1,34,31,863,99,1027,3.31%,3.02%,84.03%,9.64%,False,1
4302907,CACEQUI,RS,92,34,266,392,23.47%,8.67%,67.86%,False,1,14,11,341,26,392,3.57%,2.81%,86.99%,6.63%,False,1
4303004,CACHOEIRA DO SUL,RS,165,146,1.556,1.867,8.84%,7.82%,83.34%,True,1,36,42,1652,137,1867,1.93%,2.25%,88.48%,7.34%,False,1
4303103,CACHOEIRINHA,RS,135,172,2.762,3.069,4.4%,5.6%,90%,True,1,23,69,2732,245,3069,0.75%,2.25%,89.02%,7.98%,False,1
4303202,CACIQUE DOBLE,RS,9,17,217,243,3.7%,7%,89.3%,False,1,3,7,223,10,243,1.23%,2.88%,91.77%,4.12%,False,1
4303301,CAIBATE,RS,3,7,182,192,1.56%,3.65%,94.79%,False,1,0,2,172,18,192,-,1.04%,89.58%,9.38%,False,1
4303400,CAICARA,RS,6,11,220,237,2.53%,4.64%,92.83%,False,1,2,4,211,20,237,0.84%,1.69%,89.03%,8.44%,False,1
4303509,CAMAQUA,RS,289,152,1.442,1.883,15.35%,8.07%,76.58%,True,1,49,56,1594,184,1883,2.6%,2.97%,84.65%,9.77%,False,1
4303558,CAMARGO,RS,7,10,89,106,6.6%,9.43%,83.96%,False,1,1,0,100,5,106,0.94%,-,94.34%,4.72%,False,1
4303608,CAMBARA DO SUL,RS,26,22,177,225,11.56%,9.78%,78.67%,False,1,4,8,190,23,225,1.78%,3.56%,84.44%,10.22%,False,1
4303673,CAMPESTRE DA SERRA,RS,4,6,129,139,2.88%,4.32%,92.81%,False,1,0,3,127,9,139,-,2.16%,91.37%,6.47%,False,1
4303707,CAMPINA DAS MISSOES,RS,3,2,127,132,2.27%,1.52%,96.21%,False,1,0,0,112,20,132,-,-,84.85%,15.15%,False,1
4303806,CAMPINAS DO SUL,RS,2,7,155,164,1.22%,4.27%,94.51%,False,1,0,1,145,18,164,-,0.61%,88.41%,10.98%,False,1
4303905,CAMPO BOM,RS,17,28,754,799,2.13%,3.5%,94.37%,False,1,6,7,735,51,799,0.75%,0.88%,91.99%,6.38%,False,1
4304002,CAMPO NOVO,RS,11,16,259,286,3.85%,5.59%,90.56%,False,1,2,9,257,18,286,0.7%,3.15%,89.86%,6.29%,False,1
4304101,CAMPOS BORGES,RS,9,9,77,95,9.47%,9.47%,81.05%,False,1,0,1,83,11,95,-,1.05%,87.37%,11.58%,False,1
4304200,CANDELARIA,RS,22,64,1.077,1.163,1.89%,5.5%,92.61%,True,1,4,26,1047,86,1163,0.34%,2.24%,90.03%,7.39%,False,1
4304309,CANDIDO GODOI,RS,1,4,166,171,0.58%,2.34%,97.08%,False,1,1,3,158,9,171,0.58%,1.75%,92.4%,5.26%,False,1
4304358,CANDIOTA,RS,4,19,325,348,1.15%,5.46%,93.39%,False,1,1,2,317,28,348,0.29%,0.57%,91.09%,8.05%,False,1
4304408,CANELA,RS,75,155,1.882,2.112,3.55%,7.34%,89.11%,True,1,22,37,1917,136,2112,1.04%,1.75%,90.77%,6.44%,False,1
4304507,CANGUCU,RS,42,73,1.639,1.754,2.39%,4.16%,93.44%,True,1,11,31,1552,160,1754,0.63%,1.77%,88.48%,9.12%,False,1
4304606,CANOAS,RS,240,526,9.105,9.871,2.43%,5.33%,92.24%,True,1,54,156,8859,802,9871,0.55%,1.58%,89.75%,8.12%,False,1
4304614,CANUDOS DO VALE,RS,1,4,47,52,1.92%,7.69%,90.38%,False,1,0,0,49,3,52,-,-,94.23%,5.77%,False,1
4304622,CAPAO BONITO DO SUL,RS,7,6,89,102,6.86%,5.88%,87.25%,False,1,0,1,92,9,102,-,0.98%,90.2%,8.82%,False,1
4304630,CAPAO DA CANOA,RS,120,99,1.267,1.486,8.08%,6.66%,85.26%,True,1,27,32,1265,162,1486,1.82%,2.15%,85.13%,10.9%,False,1
4304655,CAPAO DO CIPO,RS,5,7,141,153,3.27%,4.58%,92.16%,False,1,1,5,137,10,153,0.65%,3.27%,89.54%,6.54%,False,1
4304663,CAPAO DO LEAO,RS,23,55,995,1.073,2.14%,5.13%,92.73%,True,1,1,15,962,95,1073,0.09%,1.4%,89.66%,8.85%,False,1
4304671,CAPIVARI DO SUL,RS,3,7,146,156,1.92%,4.49%,93.59%,False,1,0,3,135,18,156,-,1.92%,86.54%,11.54%,False,1
4304689,CAPELA DE SANTANA,RS,19,29,312,360,5.28%,8.06%,86.67%,False,1,0,2,331,27,360,-,0.56%,91.94%,7.5%,False,1
4304697,CAPITAO,RS,1,4,131,136,0.74%,2.94%,96.32%,False,1,0,0,125,11,136,-,-,91.91%,8.09%,False,1
4304705,CARAZINHO,RS,467,192,1.449,2.108,22.15%,9.11%,68.74%,True,1,52,74,1845,137,2108,2.47%,3.51%,87.52%,6.5%,False,1
4304713,CARAA,RS,3,9,262,274,1.09%,3.28%,95.62%,False,1,1,4,245,24,274,0.36%,1.46%,89.42%,8.76%,False,1
4304804,CARLOS BARBOSA,RS,0,4,89,93,-,4.3%,95.7%,False,1,0,0,83,10,93,-,-,89.25%,10.75%,False,1
4304853,CARLOS GOMES,RS,2,2,50,54,3.7%,3.7%,92.59%,False,1,0,2,48,4,54,-,3.7%,88.89%,7.41%,False,1
4304903,CASCA,RS,13,16,333,362,3.59%,4.42%,91.99%,False,1,5,5,325,27,362,1.38%,1.38%,89.78%,7.46%,False,1
4304952,CASEIROS,RS,1,12,136,149,0.67%,8.05%,91.28%,False,1,0,3,135,11,149,-,2.01%,90.6%,7.38%,False,1
4305009,CATUIPE,RS,24,18,260,302,7.95%,5.96%,86.09%,False,1,3,6,277,16,302,0.99%,1.99%,91.72%,5.3%,False,1
4305108,CAXIAS DO SUL,RS,300,564,7.106,7.97,3.76%,7.08%,89.16%,True,1,67,195,7235,473,7970,0.84%,2.45%,90.78%,5.93%,False,1
4305116,CENTENARIO,RS,2,7,90,99,2.02%,7.07%,90.91%,False,1,0,3,84,12,99,-,3.03%,84.85%,12.12%,False,1
4305124,CERRITO,RS,11,14,155,180,6.11%,7.78%,86.11%,False,1,0,0,168,12,180,-,-,93.33%,6.67%,False,1
4305132,CERRO BRANCO,RS,5,15,95,115,4.35%,13.04%,82.61%,False,1,2,4,102,7,115,1.74%,3.48%,88.7%,6.09%,False,1
4305157,CERRO GRANDE,RS,0,7,122,129,-,5.43%,94.57%,False,1,0,1,114,14,129,-,0.78%,88.37%,10.85%,False,1
4305173,CERRO GRANDE DO SUL,RS,5,12,373,390,1.28%,3.08%,95.64%,False,1,1,3,341,45,390,0.26%,0.77%,87.44%,11.54%,False,1
4305207,CERRO LARGO,RS,31,18,271,320,9.69%,5.63%,84.69%,False,1,5,3,289,23,320,1.56%,0.94%,90.31%,7.19%,False,1
4305306,CHAPADA,RS,15,17,303,335,4.48%,5.07%,90.45%,False,1,4,10,300,21,335,1.19%,2.99%,89.55%,6.27%,False,1
4305355,CHARQUEADAS,RS,25,57,783,865,2.89%,6.59%,90.52%,False,1,7,16,758,84,865,0.81%,1.85%,87.63%,9.71%,False,1
4305371,CHARRUA,RS,13,20,115,148,8.78%,13.51%,77.7%,False,1,1,2,140,5,148,0.68%,1.35%,94.59%,3.38%,False,1
4305405,CHIAPETTA,RS,6,8,143,157,3.82%,5.1%,91.08%,False,1,1,1,141,14,157,0.64%,0.64%,89.81%,8.92%,False,1
4305439,CHUI,RS,4,6,174,184,2.17%,3.26%,94.57%,False,1,0,1,161,22,184,-,0.54%,87.5%,11.96%,False,1
4305447,CHUVISCA,RS,2,3,199,204,0.98%,1.47%,97.55%,False,1,1,1,188,14,204,0.49%,0.49%,92.16%,6.86%,False,1
4305454,CIDREIRA,RS,12,26,225,263,4.56%,9.89%,85.55%,False,1,5,6,217,35,263,1.9%,2.28%,82.51%,13.31%,False,1
4305504,CIRIACO,RS,4,9,113,126,3.17%,7.14%,89.68%,False,1,0,4,114,8,126,-,3.17%,90.48%,6.35%,False,1
4305587,COLINAS,RS,1,3,95,99,1.01%,3.03%,95.96%,False,1,1,0,89,9,99,1.01%,-,89.9%,9.09%,False,1
4305603,COLORADO,RS,14,8,122,144,9.72%,5.56%,84.72%,False,1,2,3,130,9,144,1.39%,2.08%,90.28%,6.25%,False,1
4305702,CONDOR,RS,2,5,233,240,0.83%,2.08%,97.08%,False,1,2,2,214,22,240,0.83%,0.83%,89.17%,9.17%,False,1
4305801,CONSTANTINA,RS,31,37,323,391,7.93%,9.46%,82.61%,False,1,2,5,350,34,391,0.51%,1.28%,89.51%,8.7%,False,1
4305835,COQUEIRO BAIXO,RS,2,3,38,43,4.65%,6.98%,88.37%,False,1,0,0,39,4,43,-,-,90.7%,9.3%,False,1
4305850,COQUEIROS DO SUL,RS,2,7,82,91,2.2%,7.69%,90.11%,False,1,0,2,81,8,91,-,2.2%,89.01%,8.79%,False,1
4305871,CORONEL BARROS,RS,1,3,77,81,1.23%,3.7%,95.06%,False,1,0,3,66,12,81,-,3.7%,81.48%,14.81%,False,1
4305900,CORONEL BICACO,RS,9,16,258,283,3.18%,5.65%,91.17%,False,1,1,5,263,14,283,0.35%,1.77%,92.93%,4.95%,False,1
4305934,CORONEL PILAR,RS,1,1,44,46,2.17%,2.17%,95.65%,False,1,0,0,45,1,46,-,-,97.83%,2.17%,False,1
4305959,COTIPORA,RS,1,5,119,125,0.8%,4%,95.2%,False,1,1,1,118,5,125,0.8%,0.8%,94.4%,4%,False,1
4305975,COXILHA,RS,4,6,127,137,2.92%,4.38%,92.7%,False,1,2,2,123,10,137,1.46%,1.46%,89.78%,7.3%,False,1
4306007,CRISSIUMAL,RS,10,23,321,354,2.82%,6.5%,90.68%,False,1,3,11,320,20,354,0.85%,3.11%,90.4%,5.65%,False,1
4306056,CRISTAL,RS,10,16,248,274,3.65%,5.84%,90.51%,False,1,0,8,243,23,274,-,2.92%,88.69%,8.39%,False,1
4306072,CRISTAL DO SUL,RS,3,6,146,155,1.94%,3.87%,94.19%,False,1,3,6,129,17,155,1.94%,3.87%,83.23%,10.97%,False,1
4306106,CRUZ ALTA,RS,386,160,1.854,2.4,16.08%,6.67%,77.25%,True,1,57,62,2063,218,2400,2.38%,2.58%,85.96%,9.08%,False,1
4306130,CRUZALTENSE,RS,3,2,63,68,4.41%,2.94%,92.65%,False,1,0,0,60,8,68,-,-,88.24%,11.76%,False,1
4306205,CRUZEIRO DO SUL,RS,3,7,314,324,0.93%,2.16%,96.91%,False,1,2,2,287,33,324,0.62%,0.62%,88.58%,10.19%,False,1
4306304,DAVID CANABARRO,RS,1,3,158,162,0.62%,1.85%,97.53%,False,1,1,2,146,13,162,0.62%,1.23%,90.12%,8.02%,False,1
4306320,DERRUBADAS,RS,0,6,156,162,-,3.7%,96.3%,False,1,0,1,148,13,162,-,0.62%,91.36%,8.02%,False,1
4306353,DEZESSEIS DE NOVEMBRO,RS,8,6,80,94,8.51%,6.38%,85.11%,False,1,0,2,87,5,94,-,2.13%,92.55%,5.32%,False,1
4306379,DILERMANDO DE AGUIAR,RS,4,4,88,96,4.17%,4.17%,91.67%,False,1,2,1,81,12,96,2.08%,1.04%,84.38%,12.5%,False,1
4306403,DOIS IRMAOS,RS,27,48,994,1.069,2.53%,4.49%,92.98%,True,1,3,15,978,73,1069,0.28%,1.4%,91.49%,6.83%,False,1
4306429,DOIS IRMAOS DAS MISSOES,RS,2,9,102,113,1.77%,7.96%,90.27%,False,1,0,3,99,11,113,-,2.65%,87.61%,9.73%,False,1
4306452,DOIS LAJEADOS,RS,0,6,120,126,-,4.76%,95.24%,False,1,0,1,114,11,126,-,0.79%,90.48%,8.73%,False,1
4306502,DOM FELICIANO,RS,31,23,266,320,9.69%,7.19%,83.13%,False,1,13,11,268,28,320,4.06%,3.44%,83.75%,8.75%,False,1
4306551,DOM PEDRO DE ALCANTARA,RS,2,1,131,134,1.49%,0.75%,97.76%,False,1,0,1,126,7,134,-,0.75%,94.03%,5.22%,False,1
4306601,DOM PEDRITO,RS,21,57,1.041,1.119,1.88%,5.09%,93.03%,True,1,2,14,988,115,1119,0.18%,1.25%,88.29%,10.28%,False,1
4306700,DONA FRANCISCA,RS,4,9,115,128,3.13%,7.03%,89.84%,False,1,1,3,115,9,128,0.78%,2.34%,89.84%,7.03%,False,1
4306734,DOUTOR MAURICIO CARDOSO,RS,15,13,114,142,10.56%,9.15%,80.28%,False,1,2,2,127,11,142,1.41%,1.41%,89.44%,7.75%,False,1
4306759,DOUTOR RICARDO,RS,4,2,67,73,5.48%,2.74%,91.78%,False,1,0,2,66,5,73,-,2.74%,90.41%,6.85%,False,1
4306767,ELDORADO DO SUL,RS,79,93,1.046,1.218,6.49%,7.64%,85.88%,True,1,12,27,1082,98,1219,0.98%,2.21%,88.76%,8.04%,False,1
4306809,ENCANTADO,RS,7,29,679,715,0.98%,4.06%,94.97%,False,1,2,7,630,76,715,0.28%,0.98%,88.11%,10.63%,False,1
4306908,ENCRUZILHADA DO SUL,RS,37,45,602,684,5.41%,6.58%,88.01%,False,1,6,13,582,83,684,0.88%,1.9%,85.09%,12.13%,False,1
4306924,ENGENHO VELHO,RS,10,8,82,100,10%,8%,82%,False,1,0,3,86,11,100,-,3%,86%,11%,False,1
4306932,ENTRE-IJUIS,RS,10,6,111,127,7.87%,4.72%,87.4%,False,1,0,3,110,14,127,-,2.36%,86.61%,11.02%,False,1
4306957,ENTRE RIOS DO SUL,RS,7,11,91,109,6.42%,10.09%,83.49%,False,1,0,4,99,6,109,-,3.67%,90.83%,5.5%,False,1
4306973,EREBANGO,RS,5,11,126,142,3.52%,7.75%,88.73%,False,1,0,1,126,15,142,-,0.7%,88.73%,10.56%,False,1
4307005,ERECHIM,RS,9,45,559,613,1.47%,7.34%,91.19%,False,1,3,12,550,48,613,0.49%,1.96%,89.72%,7.83%,False,1
4307054,ERNESTINA,RS,3,6,106,115,2.61%,5.22%,92.17%,False,1,0,3,100,12,115,-,2.61%,86.96%,10.43%,False,1
4307104,HERVAL,RS,10,8,205,223,4.48%,3.59%,91.93%,False,1,3,4,186,30,223,1.35%,1.79%,83.41%,13.45%,False,1
4307203,ERVAL GRANDE,RS,4,11,230,245,1.63%,4.49%,93.88%,False,1,0,6,220,19,245,-,2.45%,89.8%,7.76%,False,1
4307302,ERVAL SECO,RS,4,11,339,354,1.13%,3.11%,95.76%,False,1,3,5,320,26,354,0.85%,1.41%,90.4%,7.34%,False,1
4307401,ESMERALDA,RS,2,3,176,181,1.1%,1.66%,97.24%,False,1,0,3,162,16,181,-,1.66%,89.5%,8.84%,False,1
4307450,ESPERANCA DO SUL,RS,11,10,80,101,10.89%,9.9%,79.21%,False,1,3,1,84,13,101,2.97%,0.99%,83.17%,12.87%,False,1
4307500,ESPUMOSO,RS,35,35,603,673,5.2%,5.2%,89.6%,False,1,2,18,615,38,673,0.3%,2.67%,91.38%,5.65%,False,1
4307559,ESTACAO,RS,2,5,162,169,1.18%,2.96%,95.86%,False,1,0,0,146,23,169,-,-,86.39%,13.61%,False,1
4307609,ESTANCIA VELHA,RS,26,78,1.503,1.607,1.62%,4.85%,93.53%,True,1,6,21,1482,98,1607,0.37%,1.31%,92.22%,6.1%,False,1
4307708,ESTEIO,RS,28,39,845,912,3.07%,4.28%,92.65%,False,1,7,10,812,83,912,0.77%,1.1%,89.04%,9.1%,False,1
4307807,ESTRELA,RS,23,63,998,1.084,2.12%,5.81%,92.07%,True,1,4,14,984,82,1084,0.37%,1.29%,90.77%,7.56%,False,1
4307815,ESTRELA VELHA,RS,3,16,106,125,2.4%,12.8%,84.8%,False,1,2,4,114,5,125,1.6%,3.2%,91.2%,4%,False,1
4307831,EUGENIO DE CASTRO,RS,2,8,114,124,1.61%,6.45%,91.94%,False,1,0,2,111,11,124,-,1.61%,89.52%,8.87%,False,1
4307864,FAGUNDES VARELA,RS,1,2,91,94,1.06%,2.13%,96.81%,False,1,0,0,86,8,94,-,-,91.49%,8.51%,False,1
4307906,FARROUPILHA,RS,40,112,1.798,1.95,2.05%,5.74%,92.21%,True,1,11,26,1805,108,1950,0.56%,1.33%,92.56%,5.54%,False,1
4308003,FAXINAL DO SOTURNO,RS,28,9,255,292,9.59%,3.08%,87.33%,False,1,9,11,247,25,292,3.08%,3.77%,84.59%,8.56%,False,1
4308052,FAXINALZINHO,RS,7,9,88,104,6.73%,8.65%,84.62%,False,1,1,1,90,12,104,0.96%,0.96%,86.54%,11.54%,False,1
4308078,FAZENDA VILANOVA,RS,3,14,212,229,1.31%,6.11%,92.58%,False,1,1,7,205,16,229,0.44%,3.06%,89.52%,6.99%,False,1
4308102,FELIZ,RS,1,3,182,186,0.54%,1.61%,97.85%,False,1,0,0,172,14,186,-,-,92.47%,7.53%,False,1
4308201,FLORES DA CUNHA,RS,13,52,1.022,1.087,1.2%,4.78%,94.02%,True,1,9,23,983,72,1087,0.83%,2.12%,90.43%,6.62%,False,1
4308250,FLORIANO PEIXOTO,RS,0,1,43,44,-,2.27%,97.73%,False,1,0,1,39,4,44,-,2.27%,88.64%,9.09%,False,1
4308300,FONTOURA XAVIER,RS,18,25,442,485,3.71%,5.15%,91.13%,False,1,3,6,443,33,485,0.62%,1.24%,91.34%,6.8%,False,1
4308409,FORMIGUEIRO,RS,8,7,249,264,3.03%,2.65%,94.32%,False,1,3,8,228,25,264,1.14%,3.03%,86.36%,9.47%,False,1
4308433,FORQUETINHA,RS,0,0,68,68,-,-,100%,False,1,0,0,62,6,68,-,-,91.18%,8.82%,False,1
4308458,FORTALEZA DOS VALOS,RS,8,18,174,200,4%,9%,87%,False,1,0,4,174,22,200,-,2%,87%,11%,False,1
4308508,FREDERICO WESTPHALEN,RS,39,68,1.121,1.228,3.18%,5.54%,91.29%,True,1,9,13,1111,95,1228,0.73%,1.06%,90.47%,7.74%,False,1
4308607,GARIBALDI,RS,11,18,733,762,1.44%,2.36%,96.19%,False,1,1,10,695,56,762,0.13%,1.31%,91.21%,7.35%,False,1
4308656,GARRUCHOS,RS,8,4,89,101,7.92%,3.96%,88.12%,False,1,3,0,87,11,101,2.97%,-,86.14%,10.89%,False,1
4308706,GAURAMA,RS,4,5,153,162,2.47%,3.09%,94.44%,False,1,2,2,139,19,162,1.23%,1.23%,85.8%,11.73%,False,1
4308805,GENERAL CAMARA,RS,17,10,179,206,8.25%,4.85%,86.89%,False,1,8,6,179,13,206,3.88%,2.91%,86.89%,6.31%,False,1
4308854,GENTIL,RS,2,1,84,87,2.3%,1.15%,96.55%,False,1,1,0,75,11,87,1.15%,-,86.21%,12.64%,False,1
4308904,GETULIO VARGAS,RS,34,36,510,580,5.86%,6.21%,87.93%,False,1,8,13,514,45,580,1.38%,2.24%,88.62%,7.76%,False,1
4309001,GIRUA,RS,40,38,457,535,7.48%,7.1%,85.42%,False,1,5,14,466,50,535,0.93%,2.62%,87.1%,9.35%,False,1
4309050,GLORINHA,RS,12,13,119,144,8.33%,9.03%,82.64%,False,1,1,2,132,9,144,0.69%,1.39%,91.67%,6.25%,False,1
4309100,GRAMADO,RS,41,71,1.219,1.331,3.08%,5.33%,91.59%,True,1,6,13,1226,86,1331,0.45%,0.98%,92.11%,6.46%,False,1
4309126,GRAMADO DOS LOUREIROS,RS,7,14,157,178,3.93%,7.87%,88.2%,False,1,1,3,163,11,178,0.56%,1.69%,91.57%,6.18%,False,1
4309159,GRAMADO XAVIER,RS,5,2,161,168,2.98%,1.19%,95.83%,False,1,0,2,146,20,168,-,1.19%,86.9%,11.9%,False,1
4309209,GRAVATAI,RS,117,373,8.524,9.014,1.3%,4.14%,94.56%,True,1,34,148,8118,714,9014,0.38%,1.64%,90.06%,7.92%,False,1
4309258,GUABIJU,RS,0,2,41,43,-,4.65%,95.35%,False,1,0,0,43,0,43,-,-,100%,-,False,1
4309308,GUAIBA,RS,63,157,3.136,3.356,1.88%,4.68%,93.44%,True,1,15,48,3000,293,3356,0.45%,1.43%,89.39%,8.73%,False,1
4309407,GUAPORE,RS,80,59,792,931,8.59%,6.34%,85.07%,False,1,38,25,818,50,931,4.08%,2.69%,87.86%,5.37%,False,1
4309506,GUARANI DAS MISSOES,RS,25,14,159,198,12.63%,7.07%,80.3%,False,1,12,9,162,15,198,6.06%,4.55%,81.82%,7.58%,False,1
4309555,HARMONIA,RS,7,7,254,268,2.61%,2.61%,94.78%,False,1,0,1,240,27,268,-,0.37%,89.55%,10.07%,False,1
4309571,HERVEIRAS,RS,3,5,115,123,2.44%,4.07%,93.5%,False,1,0,2,104,17,123,-,1.63%,84.55%,13.82%,False,1
4309605,HORIZONTINA,RS,11,22,434,467,2.36%,4.71%,92.93%,False,1,3,3,418,43,467,0.64%,0.64%,89.51%,9.21%,False,1
4309654,HULHA NEGRA,RS,10,14,278,302,3.31%,4.64%,92.05%,False,1,5,6,244,47,302,1.66%,1.99%,80.79%,15.56%,False,1
4309704,HUMAITA,RS,1,1,51,53,1.89%,1.89%,96.23%,False,1,1,1,46,5,53,1.89%,1.89%,86.79%,9.43%,False,1
4309753,IBARAMA,RS,4,3,75,82,4.88%,3.66%,91.46%,False,1,1,3,76,2,82,1.22%,3.66%,92.68%,2.44%,False,1
4309803,IBIACA,RS,4,5,179,188,2.13%,2.66%,95.21%,False,1,3,2,167,16,188,1.6%,1.06%,88.83%,8.51%,False,1
4309902,IBIRAIARAS,RS,37,26,200,263,14.07%,9.89%,76.05%,False,1,12,18,223,10,263,4.56%,6.84%,84.79%,3.8%,False,1
4309951,IBIRAPUITA,RS,9,19,145,173,5.2%,10.98%,83.82%,False,1,3,3,156,11,173,1.73%,1.73%,90.17%,6.36%,False,1
4310009,IBIRUBA,RS,12,28,764,804,1.49%,3.48%,95.02%,False,1,1,13,716,74,804,0.12%,1.62%,89.05%,9.2%,False,1
4310108,IGREJINHA,RS,34,80,1.071,1.185,2.87%,6.75%,90.38%,True,1,6,11,1072,96,1185,0.51%,0.93%,90.46%,8.1%,False,1
4310207,IJUI,RS,49,125,2.006,2.18,2.25%,5.73%,92.02%,True,1,12,56,1962,150,2180,0.55%,2.57%,90%,6.88%,False,1
4310306,ILOPOLIS,RS,3,1,116,120,2.5%,0.83%,96.67%,False,1,0,0,108,12,120,-,-,90%,10%,False,1
4310330,IMBE,RS,31,46,683,760,4.08%,6.05%,89.87%,False,1,3,12,692,53,760,0.39%,1.58%,91.05%,6.97%,False,1
4310363,IMIGRANTE,RS,3,1,67,71,4.23%,1.41%,94.37%,False,1,0,1,63,7,71,-,1.41%,88.73%,9.86%,False,1
4310405,INDEPENDENCIA,RS,9,14,225,248,3.63%,5.65%,90.73%,False,1,2,4,225,17,248,0.81%,1.61%,90.73%,6.85%,False,1
4310413,INHACORA,RS,4,4,93,101,3.96%,3.96%,92.08%,False,1,0,2,86,13,101,-,1.98%,85.15%,12.87%,False,1
4310439,IPE,RS,4,6,244,254,1.57%,2.36%,96.06%,False,1,1,5,234,14,254,0.39%,1.97%,92.13%,5.51%,False,1
4310462,IPIRANGA DO SUL,RS,2,0,8,10,20%,-,80%,False,1,0,0,9,1,10,-,-,90%,10%,False,1
4310504,IRAI,RS,19,23,343,385,4.94%,5.97%,89.09%,False,1,4,7,342,34,387,1.03%,1.81%,88.37%,8.79%,False,1
4310538,ITAARA,RS,4,13,224,241,1.66%,5.39%,92.95%,False,1,2,1,214,24,241,0.83%,0.41%,88.8%,9.96%,False,1
4310553,ITACURUBI,RS,8,5,74,87,9.2%,5.75%,85.06%,False,1,0,3,74,10,87,-,3.45%,85.06%,11.49%,False,1
4310579,ITAPUCA,RS,2,2,56,60,3.33%,3.33%,93.33%,False,1,1,2,54,3,60,1.67%,3.33%,90%,5%,False,1
4310603,ITAQUI,RS,23,43,1.184,1.25,1.84%,3.44%,94.72%,True,1,8,12,1095,135,1250,0.64%,0.96%,87.6%,10.8%,False,1
4310652,ITATI,RS,14,12,102,128,10.94%,9.38%,79.69%,False,1,0,0,109,19,128,-,-,85.16%,14.84%,False,1
4310702,ITATIBA DO SUL,RS,0,5,85,90,-,5.56%,94.44%,False,1,0,0,86,4,90,-,-,95.56%,4.44%,False,1
4310751,IVORA,RS,1,8,31,40,2.5%,20%,77.5%,False,1,0,0,35,5,40,-,-,87.5%,12.5%,False,1
4310801,IVOTI,RS,3,24,780,807,0.37%,2.97%,96.65%,False,1,1,5,740,61,807,0.12%,0.62%,91.7%,7.56%,False,1
4310850,JABOTICABA,RS,5,0,82,87,5.75%,-,94.25%,False,1,0,3,75,9,87,-,3.45%,86.21%,10.34%,False,1
4310876,JACUIZINHO,RS,4,10,71,85,4.71%,11.76%,83.53%,False,1,0,0,74,11,85,-,-,87.06%,12.94%,False,1
4310900,JACUTINGA,RS,5,2,110,117,4.27%,1.71%,94.02%,False,1,1,5,100,11,117,0.85%,4.27%,85.47%,9.4%,False,1
4311007,JAGUARAO,RS,25,43,759,827,3.02%,5.2%,91.78%,False,1,2,13,722,90,827,0.24%,1.57%,87.3%,10.88%,False,1
4311106,JAGUARI,RS,7,10,260,277,2.53%,3.61%,93.86%,False,1,1,5,252,19,277,0.36%,1.81%,90.97%,6.86%,False,1
4311122,JAQUIRANA,RS,9,18,141,168,5.36%,10.71%,83.93%,False,1,0,2,157,9,168,-,1.19%,93.45%,5.36%,False,1
4311130,JARI,RS,1,7,111,119,0.84%,5.88%,93.28%,False,1,0,4,100,15,119,-,3.36%,84.03%,12.61%,False,1
4311155,JOIA,RS,6,17,238,261,2.3%,6.51%,91.19%,False,1,1,6,230,24,261,0.38%,2.3%,88.12%,9.2%,False,1
4311205,JULIO DE CASTILHOS,RS,176,81,453,710,24.79%,11.41%,63.8%,False,1,18,25,599,68,710,2.54%,3.52%,84.37%,9.58%,False,1
4311239,LAGOA BONITA DO SUL,RS,2,5,60,67,2.99%,7.46%,89.55%,False,1,2,0,61,4,67,2.99%,-,91.04%,5.97%,False,1
4311254,LAGOAO,RS,7,19,242,268,2.61%,7.09%,90.3%,False,1,2,2,234,30,268,0.75%,0.75%,87.31%,11.19%,False,1
4311270,LAGOA DOS TRES CANTOS,RS,3,7,61,71,4.23%,9.86%,85.92%,False,1,2,0,61,8,71,2.82%,-,85.92%,11.27%,False,1
4311304,LAGOA VERMELHA,RS,49,67,885,1.001,4.9%,6.69%,88.41%,True,1,6,21,893,81,1001,0.6%,2.1%,89.21%,8.09%,False,1
4311403,LAJEADO,RS,79,168,3.487,3.734,2.12%,4.5%,93.39%,True,1,17,42,3414,261,3734,0.46%,1.12%,91.43%,6.99%,False,1
4311429,LAJEADO DO BUGRE,RS,14,13,127,154,9.09%,8.44%,82.47%,False,1,2,5,129,18,154,1.3%,3.25%,83.77%,11.69%,False,1
4311502,LAVRAS DO SUL,RS,13,23,254,290,4.48%,7.93%,87.59%,False,1,2,6,248,34,290,0.69%,2.07%,85.52%,11.72%,False,1
4311601,LIBERATO SALZANO,RS,13,8,148,169,7.69%,4.73%,87.57%,False,1,2,4,149,14,169,1.18%,2.37%,88.17%,8.28%,False,1
4311627,LINDOLFO COLLOR,RS,3,12,372,387,0.78%,3.1%,96.12%,False,1,1,3,354,29,387,0.26%,0.78%,91.47%,7.49%,False,1
4311643,LINHA NOVA,RS,0,4,76,80,-,5%,95%,False,1,0,1,69,10,80,-,1.25%,86.25%,12.5%,False,1
4311700,MACHADINHO,RS,69,44,187,300,23%,14.67%,62.33%,False,1,24,24,246,6,300,8%,8%,82%,2%,False,1
4311718,MACAMBARA,RS,6,9,251,266,2.26%,3.38%,94.36%,False,1,1,4,225,36,266,0.38%,1.5%,84.59%,13.53%,False,1
4311734,MAMPITUBA,RS,3,11,164,178,1.69%,6.18%,92.13%,False,1,1,5,163,9,178,0.56%,2.81%,91.57%,5.06%,False,1
4311759,MANOEL VIANA,RS,38,18,288,344,11.05%,5.23%,83.72%,False,1,1,10,307,26,344,0.29%,2.91%,89.24%,7.56%,False,1
4311775,MAQUINE,RS,8,13,183,204,3.92%,6.37%,89.71%,False,1,1,2,187,14,204,0.49%,0.98%,91.67%,6.86%,False,1
4311791,MARATA,RS,2,3,125,130,1.54%,2.31%,96.15%,False,1,0,2,117,11,130,-,1.54%,90%,8.46%,False,1
4311809,MARAU,RS,12,24,518,554,2.17%,4.33%,93.5%,False,1,4,14,495,41,554,0.72%,2.53%,89.35%,7.4%,False,1
4311908,MARCELINO RAMOS,RS,1,4,134,139,0.72%,2.88%,96.4%,False,1,0,2,123,14,139,-,1.44%,88.49%,10.07%,False,1
4311981,MARIANA PIMENTEL,RS,1,8,134,143,0.7%,5.59%,93.71%,False,1,0,2,125,16,143,-,1.4%,87.41%,11.19%,False,1
4312005,MARIANO MORO,RS,2,1,54,57,3.51%,1.75%,94.74%,False,1,0,0,53,4,57,-,-,92.98%,7.02%,False,1
4312054,MARQUES DE SOUZA,RS,1,3,51,55,1.82%,5.45%,92.73%,False,1,0,0,48,7,55,-,-,87.27%,12.73%,False,1
4312104,MATA,RS,3,1,156,160,1.88%,0.63%,97.5%,False,1,0,3,142,15,160,-,1.88%,88.75%,9.38%,False,1
4312138,MATO CASTELHANO,RS,12,8,104,124,9.68%,6.45%,83.87%,False,1,2,3,107,12,124,1.61%,2.42%,86.29%,9.68%,False,1
4312153,MATO LEITAO,RS,3,11,237,251,1.2%,4.38%,94.42%,False,1,1,5,233,12,251,0.4%,1.99%,92.83%,4.78%,False,1
4312179,MATO QUEIMADO,RS,0,1,85,86,-,1.16%,98.84%,False,1,0,1,77,8,86,-,1.16%,89.53%,9.3%,False,1
4312203,MAXIMILIANO DE ALMEIDA,RS,4,7,168,179,2.23%,3.91%,93.85%,False,1,1,2,160,16,179,0.56%,1.12%,89.39%,8.94%,False,1
4312252,MINAS DO LEAO,RS,16,30,382,428,3.74%,7.01%,89.25%,False,1,4,6,361,57,428,0.93%,1.4%,84.35%,13.32%,False,1
4312302,MIRAGUAI,RS,5,13,229,247,2.02%,5.26%,92.71%,False,1,2,7,216,22,247,0.81%,2.83%,87.45%,8.91%,False,1
4312351,MONTAURI,RS,0,0,81,81,-,-,100%,False,1,0,0,75,6,81,-,-,92.59%,7.41%,False,1
4312377,MONTE ALEGRE DOS CAMPOS,RS,3,4,194,201,1.49%,1.99%,96.52%,False,1,0,2,180,19,201,-,1%,89.55%,9.45%,False,1
4312385,MONTE BELO DO SUL,RS,0,0,98,98,-,-,100%,False,1,0,0,92,6,98,-,-,93.88%,6.12%,False,1
4312401,MONTENEGRO,RS,52,154,2.44,2.646,1.97%,5.82%,92.21%,True,1,10,37,2395,204,2646,0.38%,1.4%,90.51%,7.71%,False,1
4312427,MORMACO,RS,10,11,110,131,7.63%,8.4%,83.97%,False,1,1,2,117,11,131,0.76%,1.53%,89.31%,8.4%,False,1
4312443,MORRINHOS DO SUL,RS,3,2,100,105,2.86%,1.9%,95.24%,False,1,0,1,93,11,105,-,0.95%,88.57%,10.48%,False,1
4312450,MORRO REDONDO,RS,6,11,183,200,3%,5.5%,91.5%,False,1,2,4,176,18,200,1%,2%,88%,9%,False,1
4312476,MORRO REUTER,RS,14,6,143,163,8.59%,3.68%,87.73%,False,1,6,2,147,8,163,3.68%,1.23%,90.18%,4.91%,False,1
4312500,MOSTARDAS,RS,39,28,319,386,10.1%,7.25%,82.64%,False,1,3,11,318,54,386,0.78%,2.85%,82.38%,13.99%,False,1
4312609,MUCUM,RS,6,10,158,174,3.45%,5.75%,90.8%,False,1,1,5,157,11,174,0.57%,2.87%,90.23%,6.32%,False,1
4312617,MUITOS CAPOES,RS,3,3,98,104,2.88%,2.88%,94.23%,False,1,1,0,93,10,104,0.96%,-,89.42%,9.62%,False,1
4312625,MULITERNO,RS,7,10,95,112,6.25%,8.93%,84.82%,False,1,0,1,100,11,112,-,0.89%,89.29%,9.82%,False,1
4312658,NAO-ME-TOQUE,RS,9,13,564,586,1.54%,2.22%,96.25%,False,1,2,8,518,58,586,0.34%,1.37%,88.4%,9.9%,False,1
4312674,NICOLAU VERGUEIRO,RS,0,8,48,56,-,14.29%,85.71%,False,1,0,1,51,4,56,-,1.79%,91.07%,7.14%,False,1
4312708,NONOAI,RS,12,30,344,386,3.11%,7.77%,89.12%,False,1,1,4,353,28,386,0.26%,1.04%,91.45%,7.25%,False,1
4312757,NOVA ALVORADA,RS,4,3,161,168,2.38%,1.79%,95.83%,False,1,0,1,150,17,168,-,0.6%,89.29%,10.12%,False,1
4312807,NOVA ARACA,RS,4,8,326,338,1.18%,2.37%,96.45%,False,1,1,6,314,17,338,0.3%,1.78%,92.9%,5.03%,False,1
4312906,NOVA BASSANO,RS,9,15,403,427,2.11%,3.51%,94.38%,False,1,3,1,393,30,427,0.7%,0.23%,92.04%,7.03%,False,1
4312955,NOVA BOA VISTA,RS,4,6,111,121,3.31%,4.96%,91.74%,False,1,0,0,112,9,121,-,-,92.56%,7.44%,False,1
4313003,NOVA BRESCIA,RS,0,1,19,20,-,5%,95%,False,1,0,1,16,3,20,-,5%,80%,15%,False,1
4313011,NOVA CANDELARIA,RS,4,1,146,151,2.65%,0.66%,96.69%,False,1,0,2,134,15,151,-,1.32%,88.74%,9.93%,False,1
4313037,NOVA ESPERANCA DO SUL,RS,6,3,57,66,9.09%,4.55%,86.36%,False,1,0,1,58,7,66,-,1.52%,87.88%,10.61%,False,1
4313060,NOVA HARTZ,RS,14,41,619,674,2.08%,6.08%,91.84%,False,1,8,24,590,52,674,1.19%,3.56%,87.54%,7.72%,False,1
4313086,NOVA PADUA,RS,4,2,80,86,4.65%,2.33%,93.02%,False,1,1,1,74,10,86,1.16%,1.16%,86.05%,11.63%,False,1
4313102,NOVA PALMA,RS,3,2,130,135,2.22%,1.48%,96.3%,False,1,2,1,125,7,135,1.48%,0.74%,92.59%,5.19%,False,1
4313201,NOVA PETROPOLIS,RS,146,109,873,1.128,12.94%,9.66%,77.39%,True,1,41,46,995,46,1128,3.63%,4.08%,88.21%,4.08%,False,1
4313300,NOVA PRATA,RS,12,49,1.035,1.096,1.09%,4.47%,94.43%,True,1,3,12,1015,66,1096,0.27%,1.09%,92.61%,6.02%,False,1
4313334,NOVA RAMADA,RS,4,5,52,61,6.56%,8.2%,85.25%,False,1,0,0,59,2,61,-,-,96.72%,3.28%,False,1
4313359,NOVA ROMA DO SUL,RS,1,2,119,122,0.82%,1.64%,97.54%,False,1,0,0,112,10,122,-,-,91.8%,8.2%,False,1
4313375,NOVA SANTA RITA,RS,52,99,1.152,1.303,3.99%,7.6%,88.41%,True,1,12,11,1158,122,1303,0.92%,0.84%,88.87%,9.36%,False,1
4313391,NOVO CABRAIS,RS,3,2,110,115,2.61%,1.74%,95.65%,False,1,0,0,108,7,115,-,-,93.91%,6.09%,False,1
4313409,NOVO HAMBURGO,RS,68,230,4.296,4.594,1.48%,5.01%,93.51%,True,1,9,71,4198,316,4594,0.2%,1.55%,91.38%,6.88%,False,1
4313425,NOVO MACHADO,RS,0,8,76,84,-,9.52%,90.48%,False,1,0,1,80,3,84,-,1.19%,95.24%,3.57%,False,1
4313441,NOVO TIRADENTES,RS,1,4,104,109,0.92%,3.67%,95.41%,False,1,2,2,98,7,109,1.83%,1.83%,89.91%,6.42%,False,1
4313466,NOVO XINGU,RS,3,3,75,81,3.7%,3.7%,92.59%,False,1,1,1,71,8,81,1.23%,1.23%,87.65%,9.88%,False,1
4313490,NOVO BARREIRO,RS,9,14,180,203,4.43%,6.9%,88.67%,False,1,0,1,175,27,203,-,0.49%,86.21%,13.3%,False,1
4313508,OSORIO,RS,24,89,1.845,1.958,1.23%,4.55%,94.23%,True,1,10,25,1760,163,1958,0.51%,1.28%,89.89%,8.32%,False,1
4313607,PAIM FILHO,RS,4,3,73,80,5%,3.75%,91.25%,False,1,0,0,75,5,80,-,-,93.75%,6.25%,False,1
4313656,PALMARES DO SUL,RS,19,31,364,414,4.59%,7.49%,87.92%,False,1,5,5,375,29,414,1.21%,1.21%,90.58%,7%,False,1
4313706,PALMEIRA DAS MISSOES,RS,32,69,1.247,1.348,2.37%,5.12%,92.51%,True,1,14,34,1201,99,1348,1.04%,2.52%,89.09%,7.34%,False,1
4313805,PALMITINHO,RS,6,11,390,407,1.47%,2.7%,95.82%,False,1,2,2,368,35,407,0.49%,0.49%,90.42%,8.6%,False,1
4313904,PANAMBI,RS,75,70,1.182,1.327,5.65%,5.28%,89.07%,True,1,19,30,1188,90,1327,1.43%,2.26%,89.53%,6.78%,False,1
4313953,PANTANO GRANDE,RS,18,45,362,425,4.24%,10.59%,85.18%,False,1,0,8,373,44,425,-,1.88%,87.76%,10.35%,False,1
4314001,PARAI,RS,2,3,291,296,0.68%,1.01%,98.31%,False,1,0,2,277,17,296,-,0.68%,93.58%,5.74%,False,1
4314027,PARAISO DO SUL,RS,4,13,219,236,1.69%,5.51%,92.8%,False,1,2,0,209,25,236,0.85%,-,88.56%,10.59%,False,1
4314035,PARECI NOVO,RS,6,20,220,246,2.44%,8.13%,89.43%,False,1,0,1,231,14,246,-,0.41%,93.9%,5.69%,False,1
4314050,PAROBE,RS,88,134,1.774,1.996,4.41%,6.71%,88.88%,True,1,15,25,1821,135,1996,0.75%,1.25%,91.23%,6.76%,False,1
4314068,PASSA SETE,RS,5,6,180,191,2.62%,3.14%,94.24%,False,1,2,1,178,10,191,1.05%,0.52%,93.19%,5.24%,False,1
4314076,PASSO DO SOBRADO,RS,9,6,268,283,3.18%,2.12%,94.7%,False,1,1,6,255,21,283,0.35%,2.12%,90.11%,7.42%,False,1
4314100,PASSO FUNDO,RS,173,356,5.847,6.376,2.71%,5.58%,91.7%,True,1,27,125,5804,420,6376,0.42%,1.96%,91.03%,6.59%,False,1
4314134,PAULO BENTO,RS,3,2,42,47,6.38%,4.26%,89.36%,False,1,0,2,40,5,47,-,4.26%,85.11%,10.64%,False,1
4314159,PAVERAMA,RS,9,18,360,387,2.33%,4.65%,93.02%,False,1,2,5,346,34,387,0.52%,1.29%,89.41%,8.79%,False,1
4314175,PEDRAS ALTAS,RS,6,14,81,101,5.94%,13.86%,80.2%,False,1,4,1,88,8,101,3.96%,0.99%,87.13%,7.92%,False,1
4314209,PEDRO OSORIO,RS,20,20,318,358,5.59%,5.59%,88.83%,False,1,3,7,310,38,358,0.84%,1.96%,86.59%,10.61%,False,1
4314308,PEJUCARA,RS,27,18,158,203,13.3%,8.87%,77.83%,False,1,2,3,181,17,203,0.99%,1.48%,89.16%,8.37%,False,1
4314407,PELOTAS,RS,212,429,6.237,6.878,3.08%,6.24%,90.68%,True,1,47,134,6127,570,6878,0.68%,1.95%,89.08%,8.29%,False,1
4314423,PICADA CAFE,RS,3,10,240,253,1.19%,3.95%,94.86%,False,1,1,2,226,24,253,0.4%,0.79%,89.33%,9.49%,False,1
4314456,PINHAL,RS,5,6,164,175,2.86%,3.43%,93.71%,False,1,1,6,148,20,175,0.57%,3.43%,84.57%,11.43%,False,1
4314464,PINHAL DA SERRA,RS,21,6,39,66,31.82%,9.09%,59.09%,False,1,3,1,42,20,66,4.55%,1.52%,63.64%,30.3%,False,1
4314472,PINHAL GRANDE,RS,7,10,92,109,6.42%,9.17%,84.4%,False,1,1,5,92,11,109,0.92%,4.59%,84.4%,10.09%,False,1
4314498,PINHEIRINHO DO VALE,RS,6,15,201,222,2.7%,6.76%,90.54%,False,1,1,2,202,17,222,0.45%,0.9%,90.99%,7.66%,False,1
4314506,PINHEIRO MACHADO,RS,76,34,307,417,18.23%,8.15%,73.62%,False,1,35,11,338,33,417,8.39%,2.64%,81.06%,7.91%,False,1
4314548,PINTO BANDEIRA,RS,0,0,113,113,-,-,100%,False,1,0,0,107,6,113,-,-,94.69%,5.31%,False,1
4314555,PIRAPO,RS,17,5,40,62,27.42%,8.06%,64.52%,False,1,1,0,54,7,62,1.61%,-,87.1%,11.29%,False,1
4314605,PIRATINI,RS,12,21,393,426,2.82%,4.93%,92.25%,False,1,0,9,375,42,426,-,2.11%,88.03%,9.86%,False,1
4314704,PLANALTO,RS,63,23,332,418,15.07%,5.5%,79.43%,False,1,2,6,363,47,418,0.48%,1.44%,86.84%,11.24%,False,1
4314753,POCO DAS ANTAS,RS,2,1,93,96,2.08%,1.04%,96.88%,False,1,0,3,86,7,96,-,3.13%,89.58%,7.29%,False,1
4314779,PONTAO,RS,9,21,155,185,4.86%,11.35%,83.78%,False,1,0,4,169,12,185,-,2.16%,91.35%,6.49%,False,1
4314787,PONTE PRETA,RS,5,4,42,51,9.8%,7.84%,82.35%,False,1,0,4,44,3,51,-,7.84%,86.27%,5.88%,False,1
4314803,PORTAO,RS,37,73,1.344,1.454,2.54%,5.02%,92.43%,True,1,4,17,1326,107,1454,0.28%,1.17%,91.2%,7.36%,False,1
4314902,PORTO ALEGRE,RS,1.185,2.384,35.657,39.226,3.02%,6.08%,90.9%,True,1,228,674,35455,2869,39226,0.58%,1.72%,90.39%,7.31%,False,1
4315008,PORTO LUCENA,RS,6,10,140,156,3.85%,6.41%,89.74%,False,1,1,1,141,13,156,0.64%,0.64%,90.38%,8.33%,False,1
4315057,PORTO MAUA,RS,2,3,44,49,4.08%,6.12%,89.8%,False,1,1,0,39,9,49,2.04%,-,79.59%,18.37%,False,1
4315073,PORTO VERA CRUZ,RS,0,0,43,43,-,-,100%,False,1,0,0,38,5,43,-,-,88.37%,11.63%,False,1
4315107,PORTO XAVIER,RS,10,14,225,249,4.02%,5.62%,90.36%,False,1,0,4,215,30,249,-,1.61%,86.35%,12.05%,False,1
4315131,POUSO NOVO,RS,4,6,75,85,4.71%,7.06%,88.24%,False,1,0,1,76,8,85,-,1.18%,89.41%,9.41%,False,1
4315149,PRESIDENTE LUCENA,RS,0,2,186,188,-,1.06%,98.94%,False,1,1,0,174,13,188,0.53%,-,92.55%,6.91%,False,1
4315156,PROGRESSO,RS,1,15,214,230,0.43%,6.52%,93.04%,False,1,1,1,217,11,230,0.43%,0.43%,94.35%,4.78%,False,1
4315172,PROTASIO ALVES,RS,0,0,57,57,-,-,100%,False,1,0,0,55,2,57,-,-,96.49%,3.51%,False,1
4315206,PUTINGA,RS,2,4,91,97,2.06%,4.12%,93.81%,False,1,0,2,84,11,97,-,2.06%,86.6%,11.34%,False,1
4315305,QUARAI,RS,19,35,545,599,3.17%,5.84%,90.98%,False,1,2,10,518,69,599,0.33%,1.67%,86.48%,11.52%,False,1
4315313,QUATRO IRMAOS,RS,19,6,64,89,21.35%,6.74%,71.91%,False,1,4,2,71,12,89,4.49%,2.25%,79.78%,13.48%,False,1
4315321,QUEVEDOS,RS,7,7,86,100,7%,7%,86%,False,1,1,4,89,6,100,1%,4%,89%,6%,False,1
4315354,QUINZE DE NOVEMBRO,RS,1,8,211,220,0.45%,3.64%,95.91%,False,1,1,3,193,23,220,0.45%,1.36%,87.73%,10.45%,False,1
4315404,REDENTORA,RS,21,27,317,365,5.75%,7.4%,86.85%,False,1,2,8,329,26,365,0.55%,2.19%,90.14%,7.12%,False,1
4315453,RELVADO,RS,1,3,53,57,1.75%,5.26%,92.98%,False,1,0,1,49,7,57,-,1.75%,85.96%,12.28%,False,1
4315503,RESTINGA SECA,RS,6,30,631,667,0.9%,4.5%,94.6%,False,1,1,6,607,53,667,0.15%,0.9%,91%,7.95%,False,1
4315552,RIO DOS INDIOS,RS,5,5,104,114,4.39%,4.39%,91.23%,False,1,0,1,100,13,114,-,0.88%,87.72%,11.4%,False,1
4315602,RIO GRANDE,RS,116,203,2.872,3.191,3.64%,6.36%,90%,True,1,26,46,2786,333,3191,0.81%,1.44%,87.31%,10.44%,False,1
4315701,RIO PARDO,RS,38,75,1.544,1.657,2.29%,4.53%,93.18%,True,1,9,27,1464,157,1657,0.54%,1.63%,88.35%,9.47%,False,1
4315750,RIOZINHO,RS,1,5,98,104,0.96%,4.81%,94.23%,False,1,1,2,96,5,104,0.96%,1.92%,92.31%,4.81%,False,1
4315800,ROCA SALES,RS,6,17,421,444,1.35%,3.83%,94.82%,False,1,1,3,396,44,444,0.23%,0.68%,89.19%,9.91%,False,1
4315909,RODEIO BONITO,RS,10,12,238,260,3.85%,4.62%,91.54%,False,1,2,2,240,16,260,0.77%,0.77%,92.31%,6.15%,False,1
4315958,ROLADOR,RS,3,6,58,67,4.48%,8.96%,86.57%,False,1,0,1,53,13,67,-,1.49%,79.1%,19.4%,False,1
4316006,ROLANTE,RS,15,40,333,388,3.87%,10.31%,85.82%,False,1,0,2,352,34,388,-,0.52%,90.72%,8.76%,False,1
4316105,RONDA ALTA,RS,2,27,427,456,0.44%,5.92%,93.64%,False,1,1,3,418,34,456,0.22%,0.66%,91.67%,7.46%,False,1
4316204,RONDINHA,RS,11,8,181,200,5.5%,4%,90.5%,False,1,1,5,172,22,200,0.5%,2.5%,86%,11%,False,1
4316303,ROQUE GONZALES,RS,9,10,153,172,5.23%,5.81%,88.95%,False,1,0,1,151,20,172,-,0.58%,87.79%,11.63%,False,1
4316402,ROSARIO DO SUL,RS,113,73,1.033,1.219,9.27%,5.99%,84.74%,True,1,35,36,1029,119,1219,2.87%,2.95%,84.41%,9.76%,False,1
4316428,SAGRADA FAMILIA,RS,9,9,106,124,7.26%,7.26%,85.48%,False,1,2,7,107,8,124,1.61%,5.65%,86.29%,6.45%,False,1
4316436,SALDANHA MARINHO,RS,3,8,95,106,2.83%,7.55%,89.62%,False,1,3,3,92,8,106,2.83%,2.83%,86.79%,7.55%,False,1
4316451,SALTO DO JACUI,RS,14,38,443,495,2.83%,7.68%,89.49%,False,1,1,8,432,54,495,0.2%,1.62%,87.27%,10.91%,False,1
4316477,SALVADOR DAS MISSOES,RS,3,9,140,152,1.97%,5.92%,92.11%,False,1,1,0,138,13,152,0.66%,-,90.79%,8.55%,False,1
4316501,SALVADOR DO SUL,RS,5,16,348,369,1.36%,4.34%,94.31%,False,1,0,6,335,28,369,-,1.63%,90.79%,7.59%,False,1
4316600,SANANDUVA,RS,11,19,470,500,2.2%,3.8%,94%,False,1,2,7,452,39,500,0.4%,1.4%,90.4%,7.8%,False,1
4316709,SANTA BARBARA DO SUL,RS,4,14,305,323,1.24%,4.33%,94.43%,False,1,0,3,292,28,323,-,0.93%,90.4%,8.67%,False,1
4316733,SANTA CECILIA DO SUL,RS,2,0,45,47,4.26%,-,95.74%,False,1,0,0,43,4,47,-,-,91.49%,8.51%,False,1
4316758,SANTA CLARA DO SUL,RS,15,20,245,280,5.36%,7.14%,87.5%,False,1,1,2,255,22,280,0.36%,0.71%,91.07%,7.86%,False,1
4316808,SANTA CRUZ DO SUL,RS,105,172,2.899,3.176,3.31%,5.42%,91.28%,True,1,20,34,2846,276,3176,0.63%,1.07%,89.61%,8.69%,False,1
4316907,SANTA MARIA,RS,138,299,4.259,4.696,2.94%,6.37%,90.69%,True,1,32,92,4160,412,4696,0.68%,1.96%,88.59%,8.77%,False,1
4316956,SANTA MARIA DO HERVAL,RS,3,2,32,37,8.11%,5.41%,86.49%,False,1,0,1,31,5,37,-,2.7%,83.78%,13.51%,False,1
4316972,SANTA MARGARIDA DO SUL,RS,8,8,80,96,8.33%,8.33%,83.33%,False,1,0,3,89,4,96,-,3.13%,92.71%,4.17%,False,1
4317004,SANTANA DA BOA VISTA,RS,37,37,123,197,18.78%,18.78%,62.44%,False,1,8,8,166,15,197,4.06%,4.06%,84.26%,7.61%,False,1
4317103,SANT'ANA DO LIVRAMENTO,RS,67,146,2.313,2.526,2.65%,5.78%,91.57%,True,1,9,26,2261,230,2526,0.36%,1.03%,89.51%,9.11%,False,1
4317202,SANTA ROSA,RS,92,154,2.547,2.793,3.29%,5.51%,91.19%,True,1,20,55,2540,178,2793,0.72%,1.97%,90.94%,6.37%,False,1
4317251,SANTA TEREZA,RS,0,0,6,6,-,-,100%,False,1,0,0,6,0,6,-,-,100%,-,False,1
4317301,SANTA VITORIA DO PALMAR,RS,84,79,1.025,1.188,7.07%,6.65%,86.28%,True,1,26,22,998,142,1188,2.19%,1.85%,84.01%,11.95%,False,1
4317400,SANTIAGO,RS,18,49,801,868,2.07%,5.65%,92.28%,False,1,2,17,766,83,868,0.23%,1.96%,88.25%,9.56%,False,1
4317509,SANTO ANGELO,RS,208,171,1.925,2.304,9.03%,7.42%,83.55%,True,1,21,60,2022,201,2304,0.91%,2.6%,87.76%,8.72%,False,1
4317558,SANTO ANTONIO DO PALMA,RS,1,1,83,85,1.18%,1.18%,97.65%,False,1,0,0,76,9,85,-,-,89.41%,10.59%,False,1
4317608,SANTO ANTONIO DA PATRULHA,RS,12,50,1.601,1.663,0.72%,3.01%,96.27%,True,1,5,23,1536,99,1663,0.3%,1.38%,92.36%,5.95%,False,1
4317707,SANTO ANTONIO DAS MISSOES,RS,59,27,304,390,15.13%,6.92%,77.95%,False,1,9,14,314,53,390,2.31%,3.59%,80.51%,13.59%,False,1
4317756,SANTO ANTONIO DO PLANALTO,RS,2,3,69,74,2.7%,4.05%,93.24%,False,1,1,0,66,7,74,1.35%,-,89.19%,9.46%,False,1
4317806,SANTO AUGUSTO,RS,18,19,543,580,3.1%,3.28%,93.62%,False,1,1,8,522,49,580,0.17%,1.38%,90%,8.45%,False,1
4317905,SANTO CRISTO,RS,6,12,345,363,1.65%,3.31%,95.04%,False,1,2,4,333,24,363,0.55%,1.1%,91.74%,6.61%,False,1
4317954,SANTO EXPEDITO DO SUL,RS,9,4,92,105,8.57%,3.81%,87.62%,False,1,1,3,91,10,105,0.95%,2.86%,86.67%,9.52%,False,1
4318002,SAO BORJA,RS,56,70,1.193,1.319,4.25%,5.31%,90.45%,True,1,12,20,1140,147,1319,0.91%,1.52%,86.43%,11.14%,False,1
4318051,SAO DOMINGOS DO SUL,RS,1,5,112,118,0.85%,4.24%,94.92%,False,1,0,1,115,2,118,-,0.85%,97.46%,1.69%,False,1
4318101,SAO FRANCISCO DE ASSIS,RS,15,26,314,355,4.23%,7.32%,88.45%,False,1,4,9,303,39,355,1.13%,2.54%,85.35%,10.99%,False,1
4318200,SAO FRANCISCO DE PAULA,RS,17,14,324,355,4.79%,3.94%,91.27%,False,1,4,7,305,39,355,1.13%,1.97%,85.92%,10.99%,False,1
4318309,SAO GABRIEL,RS,407,235,1.834,2.476,16.44%,9.49%,74.07%,True,1,152,116,2002,206,2476,6.14%,4.68%,80.86%,8.32%,False,1
4318408,SAO JERONIMO,RS,16,42,657,715,2.24%,5.87%,91.89%,False,1,2,12,645,56,715,0.28%,1.68%,90.21%,7.83%,False,1
4318424,SAO JOAO DA URTIGA,RS,2,10,131,143,1.4%,6.99%,91.61%,False,1,0,2,137,4,143,-,1.4%,95.8%,2.8%,False,1
4318432,SAO JOAO DO POLESINE,RS,2,3,109,114,1.75%,2.63%,95.61%,False,1,0,1,98,15,114,-,0.88%,85.96%,13.16%,False,1
4318440,SAO JORGE,RS,0,5,71,76,-,6.58%,93.42%,False,1,0,0,72,4,76,-,-,94.74%,5.26%,False,1
4318457,SAO JOSE DAS MISSOES,RS,1,2,81,84,1.19%,2.38%,96.43%,False,1,0,0,82,2,84,-,-,97.62%,2.38%,False,1
4318465,SAO JOSE DO HERVAL,RS,0,3,108,111,-,2.7%,97.3%,False,1,1,0,103,7,111,0.9%,-,92.79%,6.31%,False,1
4318481,SAO JOSE DO HORTENCIO,RS,0,2,178,180,-,1.11%,98.89%,False,1,0,0,160,20,180,-,-,88.89%,11.11%,False,1
4318499,SAO JOSE DO INHACORA,RS,0,3,113,116,-,2.59%,97.41%,False,1,0,0,107,9,116,-,-,92.24%,7.76%,False,1
4318507,SAO JOSE DO NORTE,RS,35,41,641,717,4.88%,5.72%,89.4%,False,1,6,11,621,79,717,0.84%,1.53%,86.61%,11.02%,False,1
4318606,SAO JOSE DO OURO,RS,4,10,114,128,3.13%,7.81%,89.06%,False,1,2,0,119,7,128,1.56%,-,92.97%,5.47%,False,1
4318614,SAO JOSE DO SUL,RS,2,3,158,163,1.23%,1.84%,96.93%,False,1,0,3,147,13,163,-,1.84%,90.18%,7.98%,False,1
4318622,SAO JOSE DOS AUSENTES,RS,15,15,256,286,5.24%,5.24%,89.51%,False,1,1,4,267,14,286,0.35%,1.4%,93.36%,4.9%,False,1
4318705,SAO LEOPOLDO,RS,97,246,2.771,3.114,3.11%,7.9%,88.99%,True,1,8,42,2796,268,3114,0.26%,1.35%,89.79%,8.61%,False,1
4318804,SAO LOURENCO DO SUL,RS,54,60,946,1.06,5.09%,5.66%,89.25%,True,1,15,25,882,138,1060,1.42%,2.36%,83.21%,13.02%,False,1
4318903,SAO LUIZ GONZAGA,RS,80,96,1.171,1.347,5.94%,7.13%,86.93%,True,1,5,20,1216,106,1347,0.37%,1.48%,90.27%,7.87%,False,1
4319000,SAO MARCOS,RS,25,26,430,481,5.2%,5.41%,89.4%,False,1,3,6,437,35,481,0.62%,1.25%,90.85%,7.28%,False,1
4319109,SAO MARTINHO,RS,13,8,197,218,5.96%,3.67%,90.37%,False,1,4,4,196,14,218,1.83%,1.83%,89.91%,6.42%,False,1
4319125,SAO MARTINHO DA SERRA,RS,4,14,139,157,2.55%,8.92%,88.54%,False,1,0,5,136,16,157,-,3.18%,86.62%,10.19%,False,1
4319158,SAO MIGUEL DAS MISSOES,RS,4,10,288,302,1.32%,3.31%,95.36%,False,1,0,2,274,26,302,-,0.66%,90.73%,8.61%,False,1
4319208,SAO NICOLAU,RS,1,2,168,171,0.58%,1.17%,98.25%,False,1,0,1,158,12,171,-,0.58%,92.4%,7.02%,False,1
4319307,SAO PAULO DAS MISSOES,RS,2,4,158,164,1.22%,2.44%,96.34%,False,1,1,2,139,22,164,0.61%,1.22%,84.76%,13.41%,False,1
4319356,SAO PEDRO DA SERRA,RS,3,10,186,199,1.51%,5.03%,93.47%,False,1,0,5,173,21,199,-,2.51%,86.93%,10.55%,False,1
4319364,SAO PEDRO DAS MISSOES,RS,5,11,80,96,5.21%,11.46%,83.33%,False,1,0,1,86,9,96,-,1.04%,89.58%,9.38%,False,1
4319372,SAO PEDRO DO BUTIA,RS,3,4,142,149,2.01%,2.68%,95.3%,False,1,1,1,138,9,149,0.67%,0.67%,92.62%,6.04%,False,1
4319406,SAO PEDRO DO SUL,RS,58,33,479,570,10.18%,5.79%,84.04%,False,1,14,32,469,55,570,2.46%,5.61%,82.28%,9.65%,False,1
4319505,SAO SEBASTIAO DO CAI,RS,51,41,380,472,10.81%,8.69%,80.51%,False,1,10,18,408,36,472,2.12%,3.81%,86.44%,7.63%,False,1
4319604,SAO SEPE,RS,71,66,762,899,7.9%,7.34%,84.76%,False,1,24,21,765,89,899,2.67%,2.34%,85.09%,9.9%,False,1
4319703,SAO VALENTIM,RS,3,6,139,148,2.03%,4.05%,93.92%,False,1,2,2,134,10,148,1.35%,1.35%,90.54%,6.76%,False,1
4319711,SAO VALENTIM DO SUL,RS,1,1,82,84,1.19%,1.19%,97.62%,False,1,1,0,79,4,84,1.19%,-,94.05%,4.76%,False,1
4319737,SAO VALERIO DO SUL,RS,8,33,121,162,4.94%,20.37%,74.69%,False,1,0,0,146,16,162,-,-,90.12%,9.88%,False,1
4319752,SAO VENDELINO,RS,2,2,63,67,2.99%,2.99%,94.03%,False,1,0,0,58,9,67,-,-,86.57%,13.43%,False,1
4319802,SAO VICENTE DO SUL,RS,47,28,247,322,14.6%,8.7%,76.71%,False,1,3,8,269,42,322,0.93%,2.48%,83.54%,13.04%,False,1
4319901,SAPIRANGA,RS,224,179,2.822,3.225,6.95%,5.55%,87.5%,True,1,12,38,2961,214,3225,0.37%,1.18%,91.81%,6.64%,False,1
4320008,SAPUCAIA DO SUL,RS,66,158,2.343,2.567,2.57%,6.16%,91.27%,True,1,18,36,2280,233,2567,0.7%,1.4%,88.82%,9.08%,False,1
4320107,SARANDI,RS,15,26,446,487,3.08%,5.34%,91.58%,False,1,3,3,441,40,487,0.62%,0.62%,90.55%,8.21%,False,1
4320206,SEBERI,RS,121,44,393,558,21.68%,7.89%,70.43%,False,1,8,8,504,38,558,1.43%,1.43%,90.32%,6.81%,False,1
4320230,SEDE NOVA,RS,5,7,93,105,4.76%,6.67%,88.57%,False,1,0,1,96,8,105,-,0.95%,91.43%,7.62%,False,1
4320263,SEGREDO,RS,5,8,273,286,1.75%,2.8%,95.45%,False,1,1,4,254,27,286,0.35%,1.4%,88.81%,9.44%,False,1
4320305,SELBACH,RS,4,13,151,168,2.38%,7.74%,89.88%,False,1,3,3,155,7,168,1.79%,1.79%,92.26%,4.17%,False,1
4320321,SENADOR SALGADO FILHO,RS,2,4,115,121,1.65%,3.31%,95.04%,False,1,1,2,106,12,121,0.83%,1.65%,87.6%,9.92%,False,1
4320354,SENTINELA DO SUL,RS,20,28,191,239,8.37%,11.72%,79.92%,False,1,0,2,206,31,239,-,0.84%,86.19%,12.97%,False,1
4320404,SERAFINA CORREA,RS,14,38,774,826,1.69%,4.6%,93.7%,False,1,2,12,751,61,826,0.24%,1.45%,90.92%,7.38%,False,1
4320453,SERIO,RS,0,2,75,77,-,2.6%,97.4%,False,1,0,1,73,3,77,-,1.3%,94.81%,3.9%,False,1
4320503,SERTAO,RS,9,14,195,218,4.13%,6.42%,89.45%,False,1,1,9,192,16,218,0.46%,4.13%,88.07%,7.34%,False,1
4320552,SERTAO SANTANA,RS,1,4,139,144,0.69%,2.78%,96.53%,False,1,0,1,130,13,144,-,0.69%,90.28%,9.03%,False,1
4320578,SETE DE SETEMBRO,RS,1,3,74,78,1.28%,3.85%,94.87%,False,1,1,0,69,8,78,1.28%,-,88.46%,10.26%,False,1
4320602,SEVERIANO DE ALMEIDA,RS,5,6,126,137,3.65%,4.38%,91.97%,False,1,2,2,126,7,137,1.46%,1.46%,91.97%,5.11%,False,1
4320651,SILVEIRA MARTINS,RS,0,2,57,59,-,3.39%,96.61%,False,1,0,0,50,9,59,-,-,84.75%,15.25%,False,1
4320677,SINIMBU,RS,7,12,243,262,2.67%,4.58%,92.75%,False,1,1,5,236,20,262,0.38%,1.91%,90.08%,7.63%,False,1
4320701,SOBRADINHO,RS,17,35,546,598,2.84%,5.85%,91.3%,False,1,0,6,546,46,598,-,1%,91.3%,7.69%,False,1
4320800,SOLEDADE,RS,60,74,1.476,1.61,3.73%,4.6%,91.68%,True,1,7,25,1459,119,1610,0.43%,1.55%,90.62%,7.39%,False,1
4320859,TABAI,RS,9,21,245,275,3.27%,7.64%,89.09%,False,1,2,9,249,15,275,0.73%,3.27%,90.55%,5.45%,False,1
4320909,TAPEJARA,RS,8,16,391,415,1.93%,3.86%,94.22%,False,1,4,6,368,37,415,0.96%,1.45%,88.67%,8.92%,False,1
4321006,TAPERA,RS,71,43,285,399,17.79%,10.78%,71.43%,False,1,20,19,335,25,399,5.01%,4.76%,83.96%,6.27%,False,1
4321105,TAPES,RS,26,27,281,334,7.78%,8.08%,84.13%,False,1,12,7,281,34,334,3.59%,2.1%,84.13%,10.18%,False,1
4321204,TAQUARA,RS,34,51,720,805,4.22%,6.34%,89.44%,False,1,5,11,719,70,805,0.62%,1.37%,89.32%,8.7%,False,1
4321303,TAQUARI,RS,20,41,692,753,2.66%,5.44%,91.9%,False,1,6,6,664,77,753,0.8%,0.8%,88.18%,10.23%,False,1
4321329,TAQUARUCU DO SUL,RS,3,3,109,115,2.61%,2.61%,94.78%,False,1,0,2,98,15,115,-,1.74%,85.22%,13.04%,False,1
4321352,TAVARES,RS,7,12,239,258,2.71%,4.65%,92.64%,False,1,2,5,221,30,258,0.78%,1.94%,85.66%,11.63%,False,1
4321402,TENENTE PORTELA,RS,22,35,683,740,2.97%,4.73%,92.3%,False,1,3,4,667,66,740,0.41%,0.54%,90.14%,8.92%,False,1
4321436,TERRA DE AREIA,RS,21,36,317,374,5.61%,9.63%,84.76%,False,1,2,7,332,33,374,0.53%,1.87%,88.77%,8.82%,False,1
4321451,TEUTONIA,RS,13,58,1.485,1.556,0.84%,3.73%,95.44%,True,1,6,12,1405,133,1556,0.39%,0.77%,90.3%,8.55%,False,1
4321469,TIO HUGO,RS,5,11,148,164,3.05%,6.71%,90.24%,False,1,1,0,149,14,164,0.61%,-,90.85%,8.54%,False,1
4321477,TIRADENTES DO SUL,RS,1,1,141,143,0.7%,0.7%,98.6%,False,1,0,3,129,11,143,-,2.1%,90.21%,7.69%,False,1
4321493,TOROPI,RS,12,11,70,93,12.9%,11.83%,75.27%,False,1,1,5,78,9,93,1.08%,5.38%,83.87%,9.68%,False,1
4321501,TORRES,RS,42,71,1.474,1.587,2.65%,4.47%,92.88%,True,1,5,22,1424,136,1587,0.32%,1.39%,89.73%,8.57%,False,1
4321600,TRAMANDAI,RS,38,72,812,922,4.12%,7.81%,88.07%,False,1,4,10,832,76,922,0.43%,1.08%,90.24%,8.24%,False,1
4321626,TRAVESSEIRO,RS,1,6,80,87,1.15%,6.9%,91.95%,False,1,1,0,81,5,87,1.15%,-,93.1%,5.75%,False,1
4321634,TRES ARROIOS,RS,0,1,47,48,-,2.08%,97.92%,False,1,0,0,44,4,48,-,-,91.67%,8.33%,False,1
4321667,TRES CACHOEIRAS,RS,3,24,421,448,0.67%,5.36%,93.97%,False,1,1,5,410,32,448,0.22%,1.12%,91.52%,7.14%,False,1
4321709,TRES COROAS,RS,6,21,522,549,1.09%,3.83%,95.08%,False,1,1,8,502,38,549,0.18%,1.46%,91.44%,6.92%,False,1
4321808,TRES DE MAIO,RS,26,28,530,584,4.45%,4.79%,90.75%,False,1,5,16,515,48,584,0.86%,2.74%,88.18%,8.22%,False,1
4321832,TRES FORQUILHAS,RS,2,8,162,172,1.16%,4.65%,94.19%,False,1,0,2,152,18,172,-,1.16%,88.37%,10.47%,False,1
4321857,TRES PALMEIRAS,RS,10,24,195,229,4.37%,10.48%,85.15%,False,1,2,5,203,19,229,0.87%,2.18%,88.65%,8.3%,False,1
4321907,TRES PASSOS,RS,27,39,816,882,3.06%,4.42%,92.52%,False,1,8,20,784,70,882,0.91%,2.27%,88.89%,7.94%,False,1
4321956,TRINDADE DO SUL,RS,8,26,402,436,1.83%,5.96%,92.2%,False,1,2,4,392,38,436,0.46%,0.92%,89.91%,8.72%,False,1
4322004,TRIUNFO,RS,78,74,666,818,9.54%,9.05%,81.42%,False,1,17,26,708,67,818,2.08%,3.18%,86.55%,8.19%,False,1
4322103,TUCUNDUVA,RS,1,10,161,172,0.58%,5.81%,93.6%,False,1,0,3,148,21,172,-,1.74%,86.05%,12.21%,False,1
4322152,TUNAS,RS,1,9,142,152,0.66%,5.92%,93.42%,False,1,2,6,135,9,152,1.32%,3.95%,88.82%,5.92%,False,1
4322186,TUPANCI DO SUL,RS,0,1,52,53,-,1.89%,98.11%,False,1,0,0,48,5,53,-,-,90.57%,9.43%,False,1
4322202,TUPANCIRETA,RS,42,43,498,583,7.2%,7.38%,85.42%,False,1,14,16,497,56,583,2.4%,2.74%,85.25%,9.61%,False,1
4322251,TUPANDI,RS,2,4,218,224,0.89%,1.79%,97.32%,False,1,0,1,198,25,224,-,0.45%,88.39%,11.16%,False,1
4322301,TUPARENDI,RS,4,7,180,191,2.09%,3.66%,94.24%,False,1,2,2,174,13,191,1.05%,1.05%,91.1%,6.81%,False,1
4322327,TURUCU,RS,1,6,84,91,1.1%,6.59%,92.31%,False,1,0,1,78,12,91,-,1.1%,85.71%,13.19%,False,1
4322343,UBIRETAMA,RS,1,2,38,41,2.44%,4.88%,92.68%,False,1,0,0,38,3,41,-,-,92.68%,7.32%,False,1
4322350,UNIAO DA SERRA,RS,0,0,15,15,-,-,100%,False,1,0,0,11,4,15,-,-,73.33%,26.67%,False,1
4322376,UNISTALDA,RS,1,5,46,52,1.92%,9.62%,88.46%,False,1,0,1,49,2,52,-,1.92%,94.23%,3.85%,False,1
4322400,URUGUAIANA,RS,206,246,3.542,3.994,5.16%,6.16%,88.68%,True,1,40,81,3582,291,3994,1%,2.03%,89.68%,7.29%,False,1
4322509,VACARIA,RS,133,179,2.616,2.928,4.54%,6.11%,89.34%,True,1,49,57,2611,211,2928,1.67%,1.95%,89.17%,7.21%,False,1
4322525,VALE VERDE,RS,3,7,145,155,1.94%,4.52%,93.55%,False,1,1,0,137,17,155,0.65%,-,88.39%,10.97%,False,1
4322533,VALE DO SOL,RS,3,15,324,342,0.88%,4.39%,94.74%,False,1,1,4,299,38,342,0.29%,1.17%,87.43%,11.11%,False,1
4322541,VALE REAL,RS,2,7,222,231,0.87%,3.03%,96.1%,False,1,3,4,206,18,231,1.3%,1.73%,89.18%,7.79%,False,1
4322558,VANINI,RS,5,1,71,77,6.49%,1.3%,92.21%,False,1,2,0,73,2,77,2.6%,-,94.81%,2.6%,False,1
4322608,VENANCIO AIRES,RS,21,63,1.719,1.803,1.16%,3.49%,95.34%,True,1,6,23,1622,152,1803,0.33%,1.28%,89.96%,8.43%,False,1
4322707,VERA CRUZ,RS,19,36,1.15,1.205,1.58%,2.99%,95.44%,True,1,8,13,1067,117,1205,0.66%,1.08%,88.55%,9.71%,False,1
4322806,VERANOPOLIS,RS,24,30,651,705,3.4%,4.26%,92.34%,False,1,4,12,638,51,705,0.57%,1.7%,90.5%,7.23%,False,1
4322855,VESPASIANO CORREA,RS,3,5,65,73,4.11%,6.85%,89.04%,False,1,1,0,68,4,73,1.37%,-,93.15%,5.48%,False,1
4322905,VIADUTOS,RS,3,8,99,110,2.73%,7.27%,90%,False,1,1,2,98,9,110,0.91%,1.82%,89.09%,8.18%,False,1
4323002,VIAMAO,RS,427,658,7.681,8.766,4.87%,7.51%,87.62%,True,1,69,155,7836,706,8766,0.79%,1.77%,89.39%,8.05%,False,1
4323101,VICENTE DUTRA,RS,27,20,190,237,11.39%,8.44%,80.17%,False,1,3,8,208,18,237,1.27%,3.38%,87.76%,7.59%,False,1
4323200,VICTOR GRAEFF,RS,1,3,120,124,0.81%,2.42%,96.77%,False,1,0,1,113,10,124,-,0.81%,91.13%,8.06%,False,1
4323309,VILA FLORES,RS,2,9,164,175,1.14%,5.14%,93.71%,False,1,0,3,165,7,175,-,1.71%,94.29%,4%,False,1
4323358,VILA LANGARO,RS,1,0,52,53,1.89%,-,98.11%,False,1,0,1,49,3,53,-,1.89%,92.45%,5.66%,False,1
4323408,VILA MARIA,RS,9,3,166,178,5.06%,1.69%,93.26%,False,1,2,1,151,24,178,1.12%,0.56%,84.83%,13.48%,False,1
4323457,VILA NOVA DO SUL,RS,7,5,199,211,3.32%,2.37%,94.31%,False,1,3,3,180,25,211,1.42%,1.42%,85.31%,11.85%,False,1
4323507,VISTA ALEGRE,RS,4,13,117,134,2.99%,9.7%,87.31%,False,1,0,0,122,12,134,-,-,91.04%,8.96%,False,1
4323606,VISTA ALEGRE DO PRATA,RS,0,2,46,48,-,4.17%,95.83%,False,1,0,1,46,1,48,-,2.08%,95.83%,2.08%,False,1
4323705,VISTA GAUCHA,RS,1,0,45,46,2.17%,-,97.83%,False,1,0,1,41,4,46,-,2.17%,89.13%,8.7%,False,1
4323754,VITORIA DAS MISSOES,RS,1,6,72,79,1.27%,7.59%,91.14%,False,1,0,1,73,5,79,-,1.27%,92.41%,6.33%,False,1
4323770,WESTFALIA,RS,0,3,131,134,-,2.24%,97.76%,False,1,0,1,121,12,134,-,0.75%,90.3%,8.96%,False,1
4323804,XANGRI-LA,RS,10,25,191,226,4.42%,11.06%,84.51%,False,1,0,6,207,13,226,-,2.65%,91.59%,5.75%,False,1
5000203,AGUA CLARA,MS,23,56,1.133,1.212,1.9%,4.62%,93.48%,True,1,7,13,1126,66,1212,0.58%,1.07%,92.9%,5.45%,False,1
5000252,ALCINOPOLIS,MS,5,6,234,245,2.04%,2.45%,95.51%,False,1,2,5,217,21,245,0.82%,2.04%,88.57%,8.57%,False,1
5000609,AMAMBAI,MS,85,191,1.901,2.177,3.9%,8.77%,87.32%,True,1,15,37,2026,99,2177,0.69%,1.7%,93.06%,4.55%,False,1
5000708,ANASTACIO,MS,64,86,1.501,1.651,3.88%,5.21%,90.91%,True,1,7,28,1494,122,1651,0.42%,1.7%,90.49%,7.39%,False,1
5000807,ANAURILANDIA,MS,7,7,188,202,3.47%,3.47%,93.07%,False,1,2,4,187,9,202,0.99%,1.98%,92.57%,4.46%,False,1
5000856,ANGELICA,MS,27,48,617,692,3.9%,6.94%,89.16%,False,1,5,20,625,42,692,0.72%,2.89%,90.32%,6.07%,False,1
5000906,ANTONIO JOAO,MS,22,44,476,542,4.06%,8.12%,87.82%,False,1,2,9,506,25,542,0.37%,1.66%,93.36%,4.61%,False,1
5001003,APARECIDA DO TABOADO,MS,31,88,1.314,1.433,2.16%,6.14%,91.7%,True,1,6,15,1306,106,1433,0.42%,1.05%,91.14%,7.4%,False,1
5001102,AQUIDAUANA,MS,172,263,2.655,3.09,5.57%,8.51%,85.92%,True,1,24,65,2817,185,3091,0.78%,2.1%,91.14%,5.99%,False,1
5001243,ARAL MOREIRA,MS,43,60,631,734,5.86%,8.17%,85.97%,False,1,7,20,662,45,734,0.95%,2.72%,90.19%,6.13%,False,1
5001508,BANDEIRANTES,MS,9,21,381,411,2.19%,5.11%,92.7%,False,1,3,6,373,29,411,0.73%,1.46%,90.75%,7.06%,False,1
5001904,BATAGUASSU,MS,28,71,1.234,1.333,2.1%,5.33%,92.57%,True,1,11,24,1196,102,1333,0.83%,1.8%,89.72%,7.65%,False,1
5002001,BATAYPORA,MS,6,31,565,602,1%,5.15%,93.85%,False,1,1,7,561,33,602,0.17%,1.16%,93.19%,5.48%,False,1
5002100,BELA VISTA,MS,53,69,953,1.075,4.93%,6.42%,88.65%,True,1,3,20,986,66,1075,0.28%,1.86%,91.72%,6.14%,False,1
5002159,BODOQUENA,MS,27,35,299,361,7.48%,9.7%,82.83%,False,1,2,3,324,32,361,0.55%,0.83%,89.75%,8.86%,False,1
5002209,BONITO,MS,42,67,1.096,1.205,3.49%,5.56%,90.95%,True,1,1,22,1077,105,1205,0.08%,1.83%,89.38%,8.71%,False,1
5002308,BRASILANDIA,MS,10,32,619,661,1.51%,4.84%,93.65%,False,1,3,5,531,122,661,0.45%,0.76%,80.33%,18.46%,False,1
5002407,CAARAPO,MS,57,105,1.357,1.519,3.75%,6.91%,89.34%,True,1,15,35,1399,70,1519,0.99%,2.3%,92.1%,4.61%,False,1
5002605,CAMAPUA,MS,25,50,727,802,3.12%,6.23%,90.65%,False,1,1,20,732,49,802,0.12%,2.49%,91.27%,6.11%,False,1
5002704,CAMPO GRANDE,MS,1.105,1.809,25.743,28.657,3.86%,6.31%,89.83%,True,1,208,528,26232,1689,28657,0.73%,1.84%,91.54%,5.89%,False,1
5002803,CARACOL,MS,9,28,328,365,2.47%,7.67%,89.86%,False,1,3,4,336,22,365,0.82%,1.1%,92.05%,6.03%,False,1
5002902,CASSILANDIA,MS,137,127,1.009,1.273,10.76%,9.98%,79.26%,True,1,47,68,1112,46,1273,3.69%,5.34%,87.35%,3.61%,False,1
5002951,CHAPADAO DO SUL,MS,31,102,1.839,1.972,1.57%,5.17%,93.26%,True,1,10,28,1825,109,1972,0.51%,1.42%,92.55%,5.53%,False,1
5003108,CORGUINHO,MS,5,16,138,159,3.14%,10.06%,86.79%,False,1,2,2,142,13,159,1.26%,1.26%,89.31%,8.18%,False,1
5003157,CORONEL SAPUCAIA,MS,59,81,1.165,1.305,4.52%,6.21%,89.27%,True,1,13,21,1207,64,1305,1%,1.61%,92.49%,4.9%,False,1
5003207,CORUMBA,MS,171,306,3.925,4.402,3.88%,6.95%,89.16%,True,1,20,87,4034,261,4402,0.45%,1.98%,91.64%,5.93%,False,1
5003256,COSTA RICA,MS,76,115,1.424,1.615,4.71%,7.12%,88.17%,True,1,13,38,1459,105,1615,0.8%,2.35%,90.34%,6.5%,False,1
5003306,COXIM,MS,29,78,1.268,1.375,2.11%,5.67%,92.22%,True,1,5,25,1262,83,1375,0.36%,1.82%,91.78%,6.04%,False,1
5003454,DEODAPOLIS,MS,9,32,734,775,1.16%,4.13%,94.71%,False,1,0,4,706,65,775,-,0.52%,91.1%,8.39%,False,1
5003488,DOIS IRMAOS DO BURITI,MS,15,22,410,447,3.36%,4.92%,91.72%,False,1,0,7,412,28,447,-,1.57%,92.17%,6.26%,False,1
5003504,DOURADINA,MS,16,19,243,278,5.76%,6.83%,87.41%,False,1,2,6,257,13,278,0.72%,2.16%,92.45%,4.68%,False,1
5003702,DOURADOS,MS,262,595,9.297,10.154,2.58%,5.86%,91.56%,True,1,66,195,9363,530,10154,0.65%,1.92%,92.21%,5.22%,False,1
5003751,ELDORADO,MS,48,39,448,535,8.97%,7.29%,83.74%,False,1,3,9,493,30,535,0.56%,1.68%,92.15%,5.61%,False,1
5003801,FATIMA DO SUL,MS,12,48,853,913,1.31%,5.26%,93.43%,False,1,3,22,822,66,913,0.33%,2.41%,90.03%,7.23%,False,1
5003900,FIGUEIRAO,MS,2,11,167,180,1.11%,6.11%,92.78%,False,1,0,1,161,18,180,-,0.56%,89.44%,10%,False,1
5004007,GLORIA DE DOURADOS,MS,9,21,455,485,1.86%,4.33%,93.81%,False,1,3,9,440,33,485,0.62%,1.86%,90.72%,6.8%,False,1
5004106,GUIA LOPES DA LAGUNA,MS,12,26,480,518,2.32%,5.02%,92.66%,False,1,3,11,479,25,518,0.58%,2.12%,92.47%,4.83%,False,1
5004304,IGUATEMI,MS,28,40,723,791,3.54%,5.06%,91.4%,False,1,5,18,706,62,791,0.63%,2.28%,89.25%,7.84%,False,1
5004403,INOCENCIA,MS,18,27,563,608,2.96%,4.44%,92.6%,False,1,1,10,546,51,608,0.16%,1.64%,89.8%,8.39%,False,1
5004502,ITAPORA,MS,59,58,703,820,7.2%,7.07%,85.73%,False,1,5,17,740,58,820,0.61%,2.07%,90.24%,7.07%,False,1
5004601,ITAQUIRAI,MS,53,72,871,996,5.32%,7.23%,87.45%,False,1,9,23,866,98,996,0.9%,2.31%,86.95%,9.84%,False,1
5004700,IVINHEMA,MS,66,98,1.055,1.219,5.41%,8.04%,86.55%,True,1,9,24,1076,110,1219,0.74%,1.97%,88.27%,9.02%,False,1
5004809,JAPORA,MS,40,57,500,597,6.7%,9.55%,83.75%,False,1,8,25,529,35,597,1.34%,4.19%,88.61%,5.86%,False,1
5004908,JARAGUARI,MS,4,5,132,141,2.84%,3.55%,93.62%,False,1,1,0,133,7,141,0.71%,-,94.33%,4.96%,False,1
5005004,JARDIM,MS,45,79,1.26,1.384,3.25%,5.71%,91.04%,True,1,5,14,1282,83,1384,0.36%,1.01%,92.63%,6%,False,1
5005103,JATEI,MS,5,9,192,206,2.43%,4.37%,93.2%,False,1,0,2,194,10,206,-,0.97%,94.17%,4.85%,False,1
5005152,JUTI,MS,20,24,395,439,4.56%,5.47%,89.98%,False,1,4,9,398,28,439,0.91%,2.05%,90.66%,6.38%,False,1
5005202,LADARIO,MS,40,81,1,1.121,3.57%,7.23%,89.21%,True,1,5,40,1036,40,1121,0.45%,3.57%,92.42%,3.57%,False,1
5005251,LAGUNA CARAPA,MS,16,40,463,519,3.08%,7.71%,89.21%,False,1,2,8,487,22,519,0.39%,1.54%,93.83%,4.24%,False,1
5005400,MARACAJU,MS,140,280,2.475,2.895,4.84%,9.67%,85.49%,True,1,15,78,2631,171,2895,0.52%,2.69%,90.88%,5.91%,False,1
5005608,MIRANDA,MS,90,111,1.695,1.896,4.75%,5.85%,89.4%,True,1,9,28,1738,121,1896,0.47%,1.48%,91.67%,6.38%,False,1
5005681,MUNDO NOVO,MS,33,53,779,865,3.82%,6.13%,90.06%,False,1,10,15,764,76,865,1.16%,1.73%,88.32%,8.79%,False,1
5005707,NAVIRAI,MS,58,147,1.783,1.988,2.92%,7.39%,89.69%,True,1,5,31,1821,131,1988,0.25%,1.56%,91.6%,6.59%,False,1
5005806,NIOAQUE,MS,53,49,682,784,6.76%,6.25%,86.99%,False,1,6,18,714,46,784,0.77%,2.3%,91.07%,5.87%,False,1
5006002,NOVA ALVORADA DO SUL,MS,50,62,783,895,5.59%,6.93%,87.49%,False,1,8,24,800,63,895,0.89%,2.68%,89.39%,7.04%,False,1
5006200,NOVA ANDRADINA,MS,77,125,1.836,2.038,3.78%,6.13%,90.09%,True,1,25,36,1852,125,2038,1.23%,1.77%,90.87%,6.13%,False,1
5006259,NOVO HORIZONTE DO SUL,MS,18,21,248,287,6.27%,7.32%,86.41%,False,1,1,9,262,15,287,0.35%,3.14%,91.29%,5.23%,False,1
5006275,PARAISO DAS AGUAS,MS,7,10,358,375,1.87%,2.67%,95.47%,False,1,3,9,343,20,375,0.8%,2.4%,91.47%,5.33%,False,1
5006309,PARANAIBA,MS,43,80,882,1.005,4.28%,7.96%,87.76%,True,1,8,18,912,67,1005,0.8%,1.79%,90.75%,6.67%,False,1
5006358,PARANHOS,MS,64,163,1.271,1.498,4.27%,10.88%,84.85%,True,1,5,26,1387,80,1498,0.33%,1.74%,92.59%,5.34%,False,1
5006408,PEDRO GOMES,MS,17,24,339,380,4.47%,6.32%,89.21%,False,1,0,6,343,31,380,-,1.58%,90.26%,8.16%,False,1
5006606,PONTA PORA,MS,257,327,5.154,5.738,4.48%,5.7%,89.82%,True,1,57,103,5127,449,5736,0.99%,1.8%,89.38%,7.83%,False,1
5006903,PORTO MURTINHO,MS,36,62,833,931,3.87%,6.66%,89.47%,False,1,6,10,861,54,931,0.64%,1.07%,92.48%,5.8%,False,1
5007109,RIBAS DO RIO PARDO,MS,27,57,1.631,1.715,1.57%,3.32%,95.1%,True,1,12,21,1586,96,1715,0.7%,1.22%,92.48%,5.6%,False,1
5007208,RIO BRILHANTE,MS,68,90,1.511,1.669,4.07%,5.39%,90.53%,True,1,5,26,1492,146,1669,0.3%,1.56%,89.39%,8.75%,False,1
5007307,RIO NEGRO,MS,16,12,237,265,6.04%,4.53%,89.43%,False,1,1,3,248,13,265,0.38%,1.13%,93.58%,4.91%,False,1
5007406,RIO VERDE DE MATO GROSSO,MS,18,60,981,1.059,1.7%,5.67%,92.63%,True,1,7,15,986,51,1059,0.66%,1.42%,93.11%,4.82%,False,1
5007505,ROCHEDO,MS,8,30,202,240,3.33%,12.5%,84.17%,False,1,0,3,221,16,240,-,1.25%,92.08%,6.67%,False,1
5007554,SANTA RITA DO PARDO,MS,14,32,370,416,3.37%,7.69%,88.94%,False,1,2,6,363,45,416,0.48%,1.44%,87.26%,10.82%,False,1
5007695,SAO GABRIEL DO OESTE,MS,35,102,1.485,1.622,2.16%,6.29%,91.55%,True,1,4,24,1491,103,1622,0.25%,1.48%,91.92%,6.35%,False,1
5007703,SETE QUEDAS,MS,31,36,571,638,4.86%,5.64%,89.5%,False,1,3,14,584,37,638,0.47%,2.19%,91.54%,5.8%,False,1
5007802,SELVIRIA,MS,39,28,350,417,9.35%,6.71%,83.93%,False,1,13,10,367,27,417,3.12%,2.4%,88.01%,6.47%,False,1
5007901,SIDROLANDIA,MS,63,136,1.98,2.179,2.89%,6.24%,90.87%,True,1,15,35,1958,171,2179,0.69%,1.61%,89.86%,7.85%,False,1
5007935,SONORA,MS,13,42,666,721,1.8%,5.83%,92.37%,False,1,3,15,633,70,721,0.42%,2.08%,87.79%,9.71%,False,1
5007950,TACURU,MS,51,75,583,709,7.19%,10.58%,82.23%,False,1,4,15,657,33,709,0.56%,2.12%,92.67%,4.65%,False,1
5007976,TAQUARUSSU,MS,4,15,169,188,2.13%,7.98%,89.89%,False,1,1,3,171,13,188,0.53%,1.6%,90.96%,6.91%,False,1
5008008,TERENOS,MS,26,26,478,530,4.91%,4.91%,90.19%,False,1,7,19,458,46,530,1.32%,3.58%,86.42%,8.68%,False,1
5008305,TRES LAGOAS,MS,138,289,5.528,5.955,2.32%,4.85%,92.83%,True,1,39,111,5424,381,5955,0.65%,1.86%,91.08%,6.4%,False,1
5008404,VICENTINA,MS,11,11,108,130,8.46%,8.46%,83.08%,False,1,2,3,118,7,130,1.54%,2.31%,90.77%,5.38%,False,1
5100102,ACORIZAL,MT,9,13,219,241,3.73%,5.39%,90.87%,False,1,1,5,221,14,241,0.41%,2.07%,91.7%,5.81%,False,1
5100201,AGUA BOA,MT,57,126,1.74,1.923,2.96%,6.55%,90.48%,True,1,7,37,1777,102,1923,0.36%,1.92%,92.41%,5.3%,False,1
5100250,ALTA FLORESTA,MT,97,164,2.41,2.671,3.63%,6.14%,90.23%,True,1,9,34,2422,206,2671,0.34%,1.27%,90.68%,7.71%,False,1
5100300,ALTO ARAGUAIA,MT,41,54,579,674,6.08%,8.01%,85.91%,False,1,13,17,601,43,674,1.93%,2.52%,89.17%,6.38%,False,1
5100359,ALTO BOA VISTA,MT,17,19,479,515,3.3%,3.69%,93.01%,False,1,3,11,479,22,515,0.58%,2.14%,93.01%,4.27%,False,1
5100409,ALTO GARCAS,MT,99,66,556,721,13.73%,9.15%,77.12%,False,1,40,42,583,56,721,5.55%,5.83%,80.86%,7.77%,False,1
5100508,ALTO PARAGUAI,MT,16,36,472,524,3.05%,6.87%,90.08%,False,1,3,8,473,40,524,0.57%,1.53%,90.27%,7.63%,False,1
5100607,ALTO TAQUARI,MT,11,36,566,613,1.79%,5.87%,92.33%,False,1,1,7,563,42,613,0.16%,1.14%,91.84%,6.85%,False,1
5100805,APIACAS,MT,27,28,420,475,5.68%,5.89%,88.42%,False,1,1,7,436,31,475,0.21%,1.47%,91.79%,6.53%,False,1
5101001,ARAGUAIANA,MT,7,10,203,220,3.18%,4.55%,92.27%,False,1,0,8,188,24,220,-,3.64%,85.45%,10.91%,False,1
5101209,ARAGUAINHA,MT,2,4,70,76,2.63%,5.26%,92.11%,False,1,0,1,66,9,76,-,1.32%,86.84%,11.84%,False,1
5101258,ARAPUTANGA,MT,16,27,682,725,2.21%,3.72%,94.07%,False,1,3,7,664,51,725,0.41%,0.97%,91.59%,7.03%,False,1
5101308,ARENAPOLIS,MT,31,35,625,691,4.49%,5.07%,90.45%,False,1,1,13,629,48,691,0.14%,1.88%,91.03%,6.95%,False,1
5101407,ARIPUANA,MT,49,93,1.518,1.66,2.95%,5.6%,91.45%,True,1,7,28,1543,82,1660,0.42%,1.69%,92.95%,4.94%,False,1
5101605,BARAO DE MELGACO,MT,7,19,296,322,2.17%,5.9%,91.93%,False,1,0,6,294,22,322,-,1.86%,91.3%,6.83%,False,1
5101704,BARRA DO BUGRES,MT,26,80,1.287,1.393,1.87%,5.74%,92.39%,True,1,8,24,1262,99,1393,0.57%,1.72%,90.6%,7.11%,False,1
5101803,BARRA DO GARCAS,MT,130,249,2.763,3.142,4.14%,7.92%,87.94%,True,1,24,61,2881,176,3142,0.76%,1.94%,91.69%,5.6%,False,1
510183,BOA ESPERANCA DO NORTE,MT,0,0,0,0,-,-,-,False,1,0,0,0,0,0,-,-,-,-,False,1
5101852,BOM JESUS DO ARAGUAIA,MT,61,38,382,481,12.68%,7.9%,79.42%,False,1,29,17,413,22,481,6.03%,3.53%,85.86%,4.57%,False,1
5101902,BRASNORTE,MT,57,84,1.106,1.247,4.57%,6.74%,88.69%,True,1,14,47,1126,60,1247,1.12%,3.77%,90.3%,4.81%,False,1
5102504,CACERES,MT,111,216,3.534,3.861,2.87%,5.59%,91.53%,True,1,19,71,3544,227,3861,0.49%,1.84%,91.79%,5.88%,False,1
5102603,CAMPINAPOLIS,MT,182,178,1.085,1.445,12.6%,12.32%,75.09%,True,1,107,57,1226,54,1444,7.41%,3.95%,84.9%,3.74%,False,1
5102637,CAMPO NOVO DO PARECIS,MT,144,221,3.075,3.44,4.19%,6.42%,89.39%,True,1,23,84,3131,202,3440,0.67%,2.44%,91.02%,5.87%,False,1
5102678,CAMPO VERDE,MT,36,100,2.152,2.288,1.57%,4.37%,94.06%,True,1,10,45,2089,144,2288,0.44%,1.97%,91.3%,6.29%,False,1
5102686,CAMPOS DE JULIO,MT,9,20,386,415,2.17%,4.82%,93.01%,False,1,5,4,381,25,415,1.2%,0.96%,91.81%,6.02%,False,1
5102694,CANABRAVA DO NORTE,MT,4,15,210,229,1.75%,6.55%,91.7%,False,1,0,1,216,12,229,-,0.44%,94.32%,5.24%,False,1
5102702,CANARANA,MT,40,71,1.376,1.487,2.69%,4.77%,92.54%,True,1,9,25,1351,102,1487,0.61%,1.68%,90.85%,6.86%,False,1
5102793,CARLINDA,MT,6,13,187,206,2.91%,6.31%,90.78%,False,1,3,5,187,11,206,1.46%,2.43%,90.78%,5.34%,False,1
5102850,CASTANHEIRA,MT,25,33,427,485,5.15%,6.8%,88.04%,False,1,1,11,428,45,485,0.21%,2.27%,88.25%,9.28%,False,1
5103007,CHAPADA DOS GUIMARAES,MT,42,87,950,1.079,3.89%,8.06%,88.04%,True,1,14,26,994,45,1079,1.3%,2.41%,92.12%,4.17%,False,1
5103056,CLAUDIA,MT,23,37,399,459,5.01%,8.06%,86.93%,False,1,2,6,418,33,459,0.44%,1.31%,91.07%,7.19%,False,1
5103106,COCALINHO,MT,15,25,339,379,3.96%,6.6%,89.45%,False,1,3,3,357,16,379,0.79%,0.79%,94.2%,4.22%,False,1
5103205,COLIDER,MT,22,40,542,604,3.64%,6.62%,89.74%,False,1,1,17,534,52,604,0.17%,2.81%,88.41%,8.61%,False,1
5103254,COLNIZA,MT,24,54,1.226,1.304,1.84%,4.14%,94.02%,True,1,5,13,1202,84,1304,0.38%,1%,92.18%,6.44%,False,1
5103304,COMODORO,MT,30,60,1.073,1.163,2.58%,5.16%,92.26%,True,1,10,23,1079,51,1163,0.86%,1.98%,92.78%,4.39%,False,1
5103353,CONFRESA,MT,437,264,2.374,3.075,14.21%,8.59%,77.2%,True,1,191,152,2600,132,3075,6.21%,4.94%,84.55%,4.29%,False,1
5103361,CONQUISTA D'OESTE,MT,3,13,266,282,1.06%,4.61%,94.33%,False,1,0,5,260,17,282,-,1.77%,92.2%,6.03%,False,1
5103379,COTRIGUACU,MT,38,28,615,681,5.58%,4.11%,90.31%,False,1,11,14,610,46,681,1.62%,2.06%,89.57%,6.75%,False,1
5103403,CUIABA,MT,561,1.189,20.629,22.379,2.51%,5.31%,92.18%,True,1,151,428,20520,1280,22379,0.67%,1.91%,91.69%,5.72%,False,1
5103437,CURVELANDIA,MT,6,4,143,153,3.92%,2.61%,93.46%,False,1,1,1,140,11,153,0.65%,0.65%,91.5%,7.19%,False,1
5103452,DENISE,MT,11,19,190,220,5%,8.64%,86.36%,False,1,1,8,192,19,220,0.45%,3.64%,87.27%,8.64%,False,1
5103502,DIAMANTINO,MT,21,49,783,853,2.46%,5.74%,91.79%,False,1,10,18,761,64,853,1.17%,2.11%,89.21%,7.5%,False,1
5103601,DOM AQUINO,MT,11,18,395,424,2.59%,4.25%,93.16%,False,1,2,5,395,22,424,0.47%,1.18%,93.16%,5.19%,False,1
5103700,FELIZ NATAL,MT,57,76,465,598,9.53%,12.71%,77.76%,False,1,10,27,525,36,598,1.67%,4.52%,87.79%,6.02%,False,1
5103809,FIGUEIROPOLIS D'OESTE,MT,6,5,111,122,4.92%,4.1%,90.98%,False,1,1,6,111,4,122,0.82%,4.92%,90.98%,3.28%,False,1
5103858,GAUCHA DO NORTE,MT,39,72,729,840,4.64%,8.57%,86.79%,False,1,6,12,774,48,840,0.71%,1.43%,92.14%,5.71%,False,1
5103908,GENERAL CARNEIRO,MT,19,34,297,350,5.43%,9.71%,84.86%,False,1,3,9,322,16,350,0.86%,2.57%,92%,4.57%,False,1
5103957,GLORIA D'OESTE,MT,7,11,145,163,4.29%,6.75%,88.96%,False,1,0,1,153,9,163,-,0.61%,93.87%,5.52%,False,1
5104104,GUARANTA DO NORTE,MT,27,50,1.481,1.558,1.73%,3.21%,95.06%,True,1,11,28,1426,93,1558,0.71%,1.8%,91.53%,5.97%,False,1
5104203,GUIRATINGA,MT,8,16,304,328,2.44%,4.88%,92.68%,False,1,4,8,299,17,328,1.22%,2.44%,91.16%,5.18%,False,1
5104500,INDIAVAI,MT,1,4,90,95,1.05%,4.21%,94.74%,False,1,0,0,83,12,95,-,-,87.37%,12.63%,False,1
5104526,IPIRANGA DO NORTE,MT,40,35,520,595,6.72%,5.88%,87.39%,False,1,4,5,550,36,595,0.67%,0.84%,92.44%,6.05%,False,1
5104542,ITANHANGA,MT,6,23,387,416,1.44%,5.53%,93.03%,False,1,5,5,393,13,416,1.2%,1.2%,94.47%,3.13%,False,1
5104559,ITAUBA,MT,16,19,358,393,4.07%,4.83%,91.09%,False,1,0,10,355,28,393,-,2.54%,90.33%,7.12%,False,1
5104609,ITIQUIRA,MT,32,34,409,475,6.74%,7.16%,86.11%,False,1,3,13,423,36,475,0.63%,2.74%,89.05%,7.58%,False,1
5104807,JACIARA,MT,60,76,1.231,1.367,4.39%,5.56%,90.05%,True,1,10,26,1221,110,1367,0.73%,1.9%,89.32%,8.05%,False,1
5104906,JANGADA,MT,29,31,340,400,7.25%,7.75%,85%,False,1,6,14,339,41,400,1.5%,3.5%,84.75%,10.25%,False,1
5105002,JAURU,MT,9,14,127,150,6%,9.33%,84.67%,False,1,1,4,137,8,150,0.67%,2.67%,91.33%,5.33%,False,1
5105101,JUARA,MT,65,116,1.953,2.134,3.05%,5.44%,91.52%,True,1,11,40,1980,103,2134,0.52%,1.87%,92.78%,4.83%,False,1
5105150,JUINA,MT,50,92,1.219,1.361,3.67%,6.76%,89.57%,True,1,8,29,1223,101,1361,0.59%,2.13%,89.86%,7.42%,False,1
5105176,JURUENA,MT,33,22,297,352,9.38%,6.25%,84.38%,False,1,16,8,292,36,352,4.55%,2.27%,82.95%,10.23%,False,1
5105200,JUSCIMEIRA,MT,8,20,432,460,1.74%,4.35%,93.91%,False,1,3,9,401,48,461,0.65%,1.95%,86.98%,10.41%,False,1
5105234,LAMBARI D'OESTE,MT,10,11,232,253,3.95%,4.35%,91.7%,False,1,1,6,233,13,253,0.4%,2.37%,92.09%,5.14%,False,1
5105259,LUCAS DO RIO VERDE,MT,342,211,1.815,2.368,14.44%,8.91%,76.65%,True,1,109,109,2045,105,2368,4.6%,4.6%,86.36%,4.43%,False,1
5105309,LUCIARA,MT,12,12,174,198,6.06%,6.06%,87.88%,False,1,2,2,185,9,198,1.01%,1.01%,93.43%,4.55%,False,1
5105507,VILA BELA DA SANTISSIMA TRINDADE,MT,72,66,856,994,7.24%,6.64%,86.12%,False,1,31,34,875,54,994,3.12%,3.42%,88.03%,5.43%,False,1
5105580,MARCELANDIA,MT,47,69,674,790,5.95%,8.73%,85.32%,False,1,7,20,721,42,790,0.89%,2.53%,91.27%,5.32%,False,1
5105606,MATUPA,MT,60,51,1.232,1.343,4.47%,3.8%,91.73%,True,1,13,22,1230,78,1343,0.97%,1.64%,91.59%,5.81%,False,1
5105622,MIRASSOL D'OESTE,MT,62,112,1.182,1.356,4.57%,8.26%,87.17%,True,1,11,29,1247,69,1356,0.81%,2.14%,91.96%,5.09%,False,1
5105903,NOBRES,MT,32,54,631,717,4.46%,7.53%,88.01%,False,1,3,12,662,40,717,0.42%,1.67%,92.33%,5.58%,False,1
5106000,NORTELANDIA,MT,18,23,238,279,6.45%,8.24%,85.3%,False,1,6,10,246,17,279,2.15%,3.58%,88.17%,6.09%,False,1
5106109,NOSSA SENHORA DO LIVRAMENTO,MT,91,73,513,677,13.44%,10.78%,75.78%,False,1,3,11,624,39,677,0.44%,1.62%,92.17%,5.76%,False,1
5106158,NOVA BANDEIRANTES,MT,17,39,845,901,1.89%,4.33%,93.78%,False,1,4,13,824,60,901,0.44%,1.44%,91.45%,6.66%,False,1
5106174,NOVA NAZARE,MT,33,63,390,486,6.79%,12.96%,80.25%,False,1,19,18,423,26,486,3.91%,3.7%,87.04%,5.35%,False,1
5106182,NOVA LACERDA,MT,13,31,478,522,2.49%,5.94%,91.57%,False,1,1,8,475,38,522,0.19%,1.53%,91%,7.28%,False,1
5106190,NOVA SANTA HELENA,MT,50,38,306,394,12.69%,9.64%,77.66%,False,1,4,19,360,11,394,1.02%,4.82%,91.37%,2.79%,False,1
5106208,NOVA BRASILANDIA,MT,9,7,234,250,3.6%,2.8%,93.6%,False,1,0,8,229,13,250,-,3.2%,91.6%,5.2%,False,1
5106216,NOVA CANAA DO NORTE,MT,10,48,439,497,2.01%,9.66%,88.33%,False,1,1,16,438,42,497,0.2%,3.22%,88.13%,8.45%,False,1
5106224,NOVA MUTUM,MT,43,113,1.858,2.014,2.14%,5.61%,92.25%,True,1,12,35,1868,99,2014,0.6%,1.74%,92.75%,4.92%,False,1
5106232,NOVA OLIMPIA,MT,10,44,508,562,1.78%,7.83%,90.39%,False,1,1,7,501,53,562,0.18%,1.25%,89.15%,9.43%,False,1
5106240,NOVA UBIRATA,MT,10,15,218,243,4.12%,6.17%,89.71%,False,1,1,2,228,12,243,0.41%,0.82%,93.83%,4.94%,False,1
5106257,NOVA XAVANTINA,MT,33,51,1.015,1.099,3%,4.64%,92.36%,True,1,6,22,1004,67,1099,0.55%,2%,91.36%,6.1%,False,1
5106265,NOVO MUNDO,MT,17,35,550,602,2.82%,5.81%,91.36%,False,1,4,14,545,39,602,0.66%,2.33%,90.53%,6.48%,False,1
5106273,NOVO HORIZONTE DO NORTE,MT,1,2,153,156,0.64%,1.28%,98.08%,False,1,0,2,141,13,156,-,1.28%,90.38%,8.33%,False,1
5106281,NOVO SAO JOAQUIM,MT,21,28,430,479,4.38%,5.85%,89.77%,False,1,1,11,440,27,479,0.21%,2.3%,91.86%,5.64%,False,1
5106299,PARANAITA,MT,34,50,476,560,6.07%,8.93%,85%,False,1,13,12,502,33,560,2.32%,2.14%,89.64%,5.89%,False,1
5106307,PARANATINGA,MT,53,83,931,1.067,4.97%,7.78%,87.25%,True,1,5,24,973,65,1067,0.47%,2.25%,91.19%,6.09%,False,1
5106315,NOVO SANTO ANTONIO,MT,3,5,129,137,2.19%,3.65%,94.16%,False,1,0,5,125,7,137,-,3.65%,91.24%,5.11%,False,1
5106372,PEDRA PRETA,MT,24,54,481,559,4.29%,9.66%,86.05%,False,1,2,12,523,22,559,0.36%,2.15%,93.56%,3.94%,False,1
5106422,PEIXOTO DE AZEVEDO,MT,86,130,1.986,2.202,3.91%,5.9%,90.19%,True,1,12,52,1977,161,2202,0.54%,2.36%,89.78%,7.31%,False,1
5106455,PLANALTO DA SERRA,MT,3,12,294,309,0.97%,3.88%,95.15%,False,1,1,5,278,25,309,0.32%,1.62%,89.97%,8.09%,False,1
5106505,POCONE,MT,133,152,1.752,2.037,6.53%,7.46%,86.01%,True,1,20,50,1854,113,2037,0.98%,2.45%,91.02%,5.55%,False,1
5106653,PONTAL DO ARAGUAIA,MT,29,18,280,327,8.87%,5.5%,85.63%,False,1,2,8,293,24,327,0.61%,2.45%,89.6%,7.34%,False,1
5106703,PONTE BRANCA,MT,3,5,98,106,2.83%,4.72%,92.45%,False,1,1,0,98,7,106,0.94%,-,92.45%,6.6%,False,1
5106752,PONTES E LACERDA,MT,24,63,1.118,1.205,1.99%,5.23%,92.78%,True,1,5,29,1085,85,1204,0.42%,2.41%,90.12%,7.06%,False,1
5106778,PORTO ALEGRE DO NORTE,MT,59,81,747,887,6.65%,9.13%,84.22%,False,1,85,31,741,30,887,9.58%,3.49%,83.54%,3.38%,False,1
5106802,PORTO DOS GAUCHOS,MT,6,18,467,491,1.22%,3.67%,95.11%,False,1,2,8,442,39,491,0.41%,1.63%,90.02%,7.94%,False,1
5106828,PORTO ESPERIDIAO,MT,18,50,693,761,2.37%,6.57%,91.06%,False,1,3,6,699,53,761,0.39%,0.79%,91.85%,6.96%,False,1
5106851,PORTO ESTRELA,MT,5,4,88,97,5.15%,4.12%,90.72%,False,1,0,2,91,4,97,-,2.06%,93.81%,4.12%,False,1
5107008,POXOREO,MT,29,41,614,684,4.24%,5.99%,89.77%,False,1,8,18,608,50,684,1.17%,2.63%,88.89%,7.31%,False,1
5107040,PRIMAVERA DO LESTE,MT,91,207,4.212,4.51,2.02%,4.59%,93.39%,True,1,18,77,4183,232,4510,0.4%,1.71%,92.75%,5.14%,False,1
5107065,QUERENCIA,MT,66,169,2.759,2.994,2.2%,5.64%,92.15%,True,1,15,68,2740,171,2994,0.5%,2.27%,91.52%,5.71%,False,1
5107107,SAO JOSE DOS QUATRO MARCOS,MT,24,52,685,761,3.15%,6.83%,90.01%,False,1,6,8,709,38,761,0.79%,1.05%,93.17%,4.99%,False,1
5107156,RESERVA DO CABACAL,MT,6,4,121,131,4.58%,3.05%,92.37%,False,1,2,1,122,6,131,1.53%,0.76%,93.13%,4.58%,False,1
5107180,RIBEIRAO CASCALHEIRA,MT,25,48,567,640,3.91%,7.5%,88.59%,False,1,7,17,585,31,640,1.09%,2.66%,91.41%,4.84%,False,1
5107198,RIBEIRAOZINHO,MT,5,15,143,163,3.07%,9.2%,87.73%,False,1,1,5,143,14,163,0.61%,3.07%,87.73%,8.59%,False,1
5107206,RIO BRANCO,MT,6,12,164,182,3.3%,6.59%,90.11%,False,1,1,7,162,12,182,0.55%,3.85%,89.01%,6.59%,False,1
5107248,SANTA CARMEM,MT,5,16,303,324,1.54%,4.94%,93.52%,False,1,1,6,298,19,324,0.31%,1.85%,91.98%,5.86%,False,1
5107263,SANTO AFONSO,MT,7,4,155,166,4.22%,2.41%,93.37%,False,1,0,2,153,11,166,-,1.2%,92.17%,6.63%,False,1
5107297,SAO JOSE DO POVO,MT,1,9,106,116,0.86%,7.76%,91.38%,False,1,0,2,102,12,116,-,1.72%,87.93%,10.34%,False,1
5107305,SAO JOSE DO RIO CLARO,MT,144,95,801,1.04,13.85%,9.13%,77.02%,True,1,77,46,865,52,1040,7.4%,4.42%,83.17%,5%,False,1
5107354,SAO JOSE DO XINGU,MT,24,30,531,585,4.1%,5.13%,90.77%,False,1,7,14,532,32,585,1.2%,2.39%,90.94%,5.47%,False,1
5107404,SAO PEDRO DA CIPA,MT,24,11,165,200,12%,5.5%,82.5%,False,1,4,7,170,19,200,2%,3.5%,85%,9.5%,False,1
5107578,RONDOLANDIA,MT,11,15,121,147,7.48%,10.2%,82.31%,False,1,1,8,134,4,147,0.68%,5.44%,91.16%,2.72%,False,1
5107602,RONDONOPOLIS,MT,342,575,8.238,9.155,3.74%,6.28%,89.98%,True,1,81,200,8264,610,9155,0.88%,2.18%,90.27%,6.66%,False,1
5107701,ROSARIO OESTE,MT,29,28,465,522,5.56%,5.36%,89.08%,False,1,3,18,464,37,522,0.57%,3.45%,88.89%,7.09%,False,1
5107743,SANTA CRUZ DO XINGU,MT,3,1,206,210,1.43%,0.48%,98.1%,False,1,3,3,193,11,210,1.43%,1.43%,91.9%,5.24%,False,1
5107750,SALTO DO CEU,MT,23,17,204,244,9.43%,6.97%,83.61%,False,1,8,7,197,32,244,3.28%,2.87%,80.74%,13.11%,False,1
5107768,SANTA RITA DO TRIVELATO,MT,14,28,188,230,6.09%,12.17%,81.74%,False,1,1,5,215,9,230,0.43%,2.17%,93.48%,3.91%,False,1
5107776,SANTA TEREZINHA,MT,34,26,386,446,7.62%,5.83%,86.55%,False,1,2,11,413,20,446,0.45%,2.47%,92.6%,4.48%,False,1
5107792,SANTO ANTONIO DO LESTE,MT,6,17,277,300,2%,5.67%,92.33%,False,1,3,4,286,7,300,1%,1.33%,95.33%,2.33%,False,1
5107800,SANTO ANTONIO DO LEVERGER,MT,39,61,1.002,1.102,3.54%,5.54%,90.93%,True,1,6,24,964,108,1102,0.54%,2.18%,87.48%,9.8%,False,1
5107859,SAO FELIX DO ARAGUAIA,MT,10,48,654,712,1.4%,6.74%,91.85%,False,1,1,20,644,47,712,0.14%,2.81%,90.45%,6.6%,False,1
5107875,SAPEZAL,MT,73,112,1.36,1.545,4.72%,7.25%,88.03%,True,1,7,18,1451,69,1545,0.45%,1.17%,93.92%,4.47%,False,1
5107883,SERRA NOVA DOURADA,MT,9,14,108,131,6.87%,10.69%,82.44%,False,1,1,5,113,12,131,0.76%,3.82%,86.26%,9.16%,False,1
5107909,SINOP,MT,213,529,10.796,11.538,1.85%,4.58%,93.57%,True,1,45,172,10642,679,11538,0.39%,1.49%,92.23%,5.88%,False,1
5107925,SORRISO,MT,276,408,3.194,3.878,7.12%,10.52%,82.36%,True,1,31,101,3565,181,3878,0.8%,2.6%,91.93%,4.67%,False,1
5107941,TABAPORA,MT,30,35,503,568,5.28%,6.16%,88.56%,False,1,2,16,516,34,568,0.35%,2.82%,90.85%,5.99%,False,1
5107958,TANGARA DA SERRA,MT,111,209,3.824,4.144,2.68%,5.04%,92.28%,True,1,17,68,3787,272,4144,0.41%,1.64%,91.39%,6.56%,False,1
5108006,TAPURAH,MT,28,31,643,702,3.99%,4.42%,91.6%,False,1,3,18,637,44,702,0.43%,2.56%,90.74%,6.27%,False,1
5108055,TERRA NOVA DO NORTE,MT,18,30,449,497,3.62%,6.04%,90.34%,False,1,4,14,449,30,497,0.8%,2.82%,90.34%,6.04%,False,1
5108105,TESOURO,MT,10,10,139,159,6.29%,6.29%,87.42%,False,1,1,4,136,18,159,0.63%,2.52%,85.53%,11.32%,False,1
5108204,TORIXOREU,MT,9,10,131,150,6%,6.67%,87.33%,False,1,2,2,134,12,150,1.33%,1.33%,89.33%,8%,False,1
5108303,UNIAO DO SUL,MT,18,32,332,382,4.71%,8.38%,86.91%,False,1,2,4,345,31,382,0.52%,1.05%,90.31%,8.12%,False,1
5108352,VALE DE SAO DOMINGOS,MT,8,7,165,180,4.44%,3.89%,91.67%,False,1,2,8,136,34,180,1.11%,4.44%,75.56%,18.89%,False,1
5108402,VARZEA GRANDE,MT,480,847,11.319,12.646,3.8%,6.7%,89.51%,True,1,106,280,11456,804,12646,0.84%,2.21%,90.59%,6.36%,False,1
5108501,VERA,MT,11,28,414,453,2.43%,6.18%,91.39%,False,1,1,8,417,27,453,0.22%,1.77%,92.05%,5.96%,False,1
5108600,VILA RICA,MT,24,53,1.262,1.339,1.79%,3.96%,94.25%,True,1,11,20,1234,74,1339,0.82%,1.49%,92.16%,5.53%,False,1
5108808,NOVA GUARITA,MT,20,21,320,361,5.54%,5.82%,88.64%,False,1,2,11,318,30,361,0.55%,3.05%,88.09%,8.31%,False,1
5108857,NOVA MARILANDIA,MT,1,6,240,247,0.4%,2.43%,97.17%,False,1,0,1,226,20,247,-,0.4%,91.5%,8.1%,False,1
5108907,NOVA MARINGA,MT,57,32,348,437,13.04%,7.32%,79.63%,False,1,13,17,377,30,437,2.97%,3.89%,86.27%,6.86%,False,1
5108956,NOVA MONTE VERDE,MT,11,15,370,396,2.78%,3.79%,93.43%,False,1,2,7,323,64,396,0.51%,1.77%,81.57%,16.16%,False,1
5200050,ABADIA DE GOIAS,GO,101,136,932,1.169,8.64%,11.63%,79.73%,True,1,31,48,1040,50,1169,2.65%,4.11%,88.96%,4.28%,False,1
5200100,ABADIANIA,GO,28,43,585,656,4.27%,6.55%,89.18%,False,1,8,16,595,37,656,1.22%,2.44%,90.7%,5.64%,False,1
5200134,ACREUNA,GO,22,36,338,396,5.56%,9.09%,85.35%,False,1,5,4,358,29,396,1.26%,1.01%,90.4%,7.32%,False,1
5200159,ADELANDIA,GO,2,3,81,86,2.33%,3.49%,94.19%,False,1,1,2,78,5,86,1.16%,2.33%,90.7%,5.81%,False,1
5200175,AGUA FRIA DE GOIAS,GO,17,28,239,284,5.99%,9.86%,84.15%,False,1,3,11,253,17,284,1.06%,3.87%,89.08%,5.99%,False,1
5200209,AGUA LIMPA,GO,6,10,90,106,5.66%,9.43%,84.91%,False,1,0,2,99,5,106,-,1.89%,93.4%,4.72%,False,1
5200258,AGUAS LINDAS DE GOIAS,GO,387,824,10.202,11.413,3.39%,7.22%,89.39%,True,1,87,279,10454,593,11413,0.76%,2.44%,91.6%,5.2%,False,1
5200308,ALEXANIA,GO,32,68,1.317,1.417,2.26%,4.8%,92.94%,True,1,11,36,1293,77,1417,0.78%,2.54%,91.25%,5.43%,False,1
5200506,ALOANDIA,GO,1,10,47,58,1.72%,17.24%,81.03%,False,1,0,1,54,3,58,-,1.72%,93.1%,5.17%,False,1
5200555,ALTO HORIZONTE,GO,10,17,275,302,3.31%,5.63%,91.06%,False,1,1,6,278,17,302,0.33%,1.99%,92.05%,5.63%,False,1
5200605,ALTO PARAISO DE GOIAS,GO,15,45,511,571,2.63%,7.88%,89.49%,False,1,5,16,523,27,571,0.88%,2.8%,91.59%,4.73%,False,1
5200803,ALVORADA DO NORTE,GO,18,23,437,478,3.77%,4.81%,91.42%,False,1,4,13,436,25,478,0.84%,2.72%,91.21%,5.23%,False,1
5200829,AMARALINA,GO,10,4,169,183,5.46%,2.19%,92.35%,False,1,0,2,172,9,183,-,1.09%,93.99%,4.92%,False,1
5200852,AMERICANO DO BRASIL,GO,7,19,244,270,2.59%,7.04%,90.37%,False,1,4,5,251,10,270,1.48%,1.85%,92.96%,3.7%,False,1
5200902,AMORINOPOLIS,GO,7,10,130,147,4.76%,6.8%,88.44%,False,1,1,3,134,9,147,0.68%,2.04%,91.16%,6.12%,False,1
5201108,ANAPOLIS,GO,699,803,10.296,11.798,5.92%,6.81%,87.27%,True,1,162,291,10632,713,11798,1.37%,2.47%,90.12%,6.04%,False,1
5201207,ANHANGUERA,GO,2,1,39,42,4.76%,2.38%,92.86%,False,1,1,0,39,2,42,2.38%,-,92.86%,4.76%,False,1
5201306,ANICUNS,GO,17,37,786,840,2.02%,4.4%,93.57%,False,1,9,10,779,42,840,1.07%,1.19%,92.74%,5%,False,1
5201405,APARECIDA DE GOIANIA,GO,2.355,1.183,13.125,16.663,14.13%,7.1%,78.77%,True,1,71,1074,14674,844,16663,0.43%,6.45%,88.06%,5.07%,False,1
5201454,APARECIDA DO RIO DOCE,GO,7,8,91,106,6.6%,7.55%,85.85%,False,1,2,4,84,16,106,1.89%,3.77%,79.25%,15.09%,False,1
5201504,APORE,GO,12,17,260,289,4.15%,5.88%,89.97%,False,1,3,5,256,25,289,1.04%,1.73%,88.58%,8.65%,False,1
5201603,ARACU,GO,8,14,128,150,5.33%,9.33%,85.33%,False,1,0,3,133,14,150,-,2%,88.67%,9.33%,False,1
5201702,ARAGARCAS,GO,151,29,408,588,25.68%,4.93%,69.39%,False,1,2,12,520,54,588,0.34%,2.04%,88.44%,9.18%,False,1
5201801,ARAGOIANIA,GO,26,38,626,690,3.77%,5.51%,90.72%,False,1,6,13,617,54,690,0.87%,1.88%,89.42%,7.83%,False,1
5202155,ARAGUAPAZ,GO,11,16,186,213,5.16%,7.51%,87.32%,False,1,2,5,186,20,213,0.94%,2.35%,87.32%,9.39%,False,1
5202353,ARENOPOLIS,GO,6,3,152,161,3.73%,1.86%,94.41%,False,1,1,4,139,17,161,0.62%,2.48%,86.34%,10.56%,False,1
5202502,ARUANA,GO,15,33,378,426,3.52%,7.75%,88.73%,False,1,3,8,395,20,426,0.7%,1.88%,92.72%,4.69%,False,1
5202601,AURILANDIA,GO,3,8,73,84,3.57%,9.52%,86.9%,False,1,0,1,74,9,84,-,1.19%,88.1%,10.71%,False,1
5202809,AVELINOPOLIS,GO,1,8,131,140,0.71%,5.71%,93.57%,False,1,0,0,130,10,140,-,-,92.86%,7.14%,False,1
5203104,BALIZA,GO,5,7,145,157,3.18%,4.46%,92.36%,False,1,2,3,144,8,157,1.27%,1.91%,91.72%,5.1%,False,1
5203203,BARRO ALTO,GO,18,21,396,435,4.14%,4.83%,91.03%,False,1,1,10,401,23,435,0.23%,2.3%,92.18%,5.29%,False,1
5203302,BELA VISTA DE GOIAS,GO,53,47,733,833,6.36%,5.64%,88%,False,1,3,16,752,62,833,0.36%,1.92%,90.28%,7.44%,False,1
5203401,BOM JARDIM DE GOIAS,GO,16,12,308,336,4.76%,3.57%,91.67%,False,1,0,10,292,34,336,-,2.98%,86.9%,10.12%,False,1
5203500,BOM JESUS DE GOIAS,GO,106,62,586,754,14.06%,8.22%,77.72%,False,1,29,46,639,40,754,3.85%,6.1%,84.75%,5.31%,False,1
5203559,BONFINOPOLIS,GO,10,28,420,458,2.18%,6.11%,91.7%,False,1,1,12,420,25,458,0.22%,2.62%,91.7%,5.46%,False,1
5203575,BONOPOLIS,GO,11,22,183,216,5.09%,10.19%,84.72%,False,1,1,2,204,9,216,0.46%,0.93%,94.44%,4.17%,False,1
5203609,BRAZABRANTES,GO,3,6,198,207,1.45%,2.9%,95.65%,False,1,1,2,190,14,207,0.48%,0.97%,91.79%,6.76%,False,1
5203807,BRITANIA,GO,2,12,308,322,0.62%,3.73%,95.65%,False,1,2,2,295,23,322,0.62%,0.62%,91.61%,7.14%,False,1
5203906,BURITI ALEGRE,GO,7,21,347,375,1.87%,5.6%,92.53%,False,1,0,8,345,22,375,-,2.13%,92%,5.87%,False,1
5203939,BURITI DE GOIAS,GO,3,4,114,121,2.48%,3.31%,94.21%,False,1,0,1,112,8,121,-,0.83%,92.56%,6.61%,False,1
5203962,BURITINOPOLIS,GO,6,10,177,193,3.11%,5.18%,91.71%,False,1,0,6,177,10,193,-,3.11%,91.71%,5.18%,False,1
5204003,CABECEIRAS,GO,13,27,387,427,3.04%,6.32%,90.63%,False,1,4,5,393,25,427,0.94%,1.17%,92.04%,5.85%,False,1
5204102,CACHOEIRA ALTA,GO,13,18,456,487,2.67%,3.7%,93.63%,False,1,7,7,447,26,487,1.44%,1.44%,91.79%,5.34%,False,1
5204201,CACHOEIRA DE GOIAS,GO,4,6,76,86,4.65%,6.98%,88.37%,False,1,1,2,78,5,86,1.16%,2.33%,90.7%,5.81%,False,1
5204250,CACHOEIRA DOURADA,GO,11,17,275,303,3.63%,5.61%,90.76%,False,1,2,7,266,28,303,0.66%,2.31%,87.79%,9.24%,False,1
5204300,CACU,GO,22,35,513,570,3.86%,6.14%,90%,False,1,1,13,515,41,570,0.18%,2.28%,90.35%,7.19%,False,1
5204409,CAIAPONIA,GO,9,20,305,334,2.69%,5.99%,91.32%,False,1,0,6,308,20,334,-,1.8%,92.22%,5.99%,False,1
5204508,CALDAS NOVAS,GO,129,244,3.596,3.969,3.25%,6.15%,90.6%,True,1,20,102,3643,204,3969,0.5%,2.57%,91.79%,5.14%,False,1
5204557,CALDAZINHA,GO,21,19,118,158,13.29%,12.03%,74.68%,False,1,0,4,145,9,158,-,2.53%,91.77%,5.7%,False,1
5204607,CAMPESTRE DE GOIAS,GO,6,7,131,144,4.17%,4.86%,90.97%,False,1,1,2,136,5,144,0.69%,1.39%,94.44%,3.47%,False,1
5204656,CAMPINACU,GO,5,8,246,259,1.93%,3.09%,94.98%,False,1,1,3,237,18,259,0.39%,1.16%,91.51%,6.95%,False,1
5204706,CAMPINORTE,GO,17,48,590,655,2.6%,7.33%,90.08%,False,1,3,6,603,43,655,0.46%,0.92%,92.06%,6.56%,False,1
5204805,CAMPO ALEGRE DE GOIAS,GO,12,25,278,315,3.81%,7.94%,88.25%,False,1,4,4,289,18,315,1.27%,1.27%,91.75%,5.71%,False,1
5204854,CAMPO LIMPO DE GOIAS,GO,36,69,476,581,6.2%,11.88%,81.93%,False,1,3,14,530,34,581,0.52%,2.41%,91.22%,5.85%,False,1
5204904,CAMPOS BELOS,GO,65,61,904,1.03,6.31%,5.92%,87.77%,True,1,8,29,950,43,1030,0.78%,2.82%,92.23%,4.17%,False,1
5204953,CAMPOS VERDES,GO,10,8,170,188,5.32%,4.26%,90.43%,False,1,0,6,166,16,188,-,3.19%,88.3%,8.51%,False,1
5205000,CARMO DO RIO VERDE,GO,28,18,310,356,7.87%,5.06%,87.08%,False,1,2,9,314,31,356,0.56%,2.53%,88.2%,8.71%,False,1
5205059,CASTELANDIA,GO,1,6,167,174,0.57%,3.45%,95.98%,False,1,0,2,157,15,174,-,1.15%,90.23%,8.62%,False,1
5205109,CATALAO,GO,68,134,3.049,3.251,2.09%,4.12%,93.79%,True,1,19,58,2975,199,3251,0.58%,1.78%,91.51%,6.12%,False,1
5205208,CATURAI,GO,15,19,221,255,5.88%,7.45%,86.67%,False,1,3,4,237,11,255,1.18%,1.57%,92.94%,4.31%,False,1
5205307,CAVALCANTE,GO,29,29,647,705,4.11%,4.11%,91.77%,False,1,4,17,653,31,705,0.57%,2.41%,92.62%,4.4%,False,1
5205406,CERES,GO,18,25,475,518,3.47%,4.83%,91.7%,False,1,4,10,462,42,518,0.77%,1.93%,89.19%,8.11%,False,1
5205455,CEZARINA,GO,22,19,369,410,5.37%,4.63%,90%,False,1,2,10,372,26,410,0.49%,2.44%,90.73%,6.34%,False,1
5205471,CHAPADAO DO CEU,GO,7,14,364,385,1.82%,3.64%,94.55%,False,1,1,13,348,23,385,0.26%,3.38%,90.39%,5.97%,False,1
5205497,CIDADE OCIDENTAL,GO,80,152,2.57,2.802,2.86%,5.42%,91.72%,True,1,30,68,2552,153,2803,1.07%,2.43%,91.05%,5.46%,False,1
5205513,COCALZINHO DE GOIAS,GO,51,69,959,1.079,4.73%,6.39%,88.88%,True,1,5,22,1003,49,1079,0.46%,2.04%,92.96%,4.54%,False,1
5205521,COLINAS DO SUL,GO,6,14,247,267,2.25%,5.24%,92.51%,False,1,1,3,212,51,267,0.37%,1.12%,79.4%,19.1%,False,1
5205703,CORREGO DO OURO,GO,2,8,103,113,1.77%,7.08%,91.15%,False,1,0,1,101,11,113,-,0.88%,89.38%,9.73%,False,1
5205802,CORUMBA DE GOIAS,GO,15,24,369,408,3.68%,5.88%,90.44%,False,1,1,5,371,31,408,0.25%,1.23%,90.93%,7.6%,False,1
5205901,CORUMBAIBA,GO,7,22,373,402,1.74%,5.47%,92.79%,False,1,1,11,361,29,402,0.25%,2.74%,89.8%,7.21%,False,1
5206206,CRISTALINA,GO,176,265,2.928,3.369,5.22%,7.87%,86.91%,True,1,27,96,3068,177,3368,0.8%,2.85%,91.09%,5.26%,False,1
5206305,CRISTIANOPOLIS,GO,5,6,178,189,2.65%,3.17%,94.18%,False,1,0,4,168,17,189,-,2.12%,88.89%,8.99%,False,1
5206404,CRIXAS,GO,60,51,462,573,10.47%,8.9%,80.63%,False,1,5,12,522,34,573,0.87%,2.09%,91.1%,5.93%,False,1
5206503,CROMINIA,GO,7,9,122,138,5.07%,6.52%,88.41%,False,1,3,6,112,17,138,2.17%,4.35%,81.16%,12.32%,False,1
5206602,CUMARI,GO,1,7,96,104,0.96%,6.73%,92.31%,False,1,1,0,95,8,104,0.96%,-,91.35%,7.69%,False,1
5206701,DAMIANOPOLIS,GO,10,11,237,258,3.88%,4.26%,91.86%,False,1,2,2,235,19,258,0.78%,0.78%,91.09%,7.36%,False,1
5206800,DAMOLANDIA,GO,1,5,138,144,0.69%,3.47%,95.83%,False,1,0,3,129,12,144,-,2.08%,89.58%,8.33%,False,1
5206909,DAVINOPOLIS,GO,5,7,86,98,5.1%,7.14%,87.76%,False,1,0,4,90,4,98,-,4.08%,91.84%,4.08%,False,1
5207105,DIORAMA,GO,1,5,68,74,1.35%,6.76%,91.89%,False,1,0,0,68,6,74,-,-,91.89%,8.11%,False,1
5207253,DOVERLANDIA,GO,11,14,298,323,3.41%,4.33%,92.26%,False,1,0,6,294,23,323,-,1.86%,91.02%,7.12%,False,1
5207352,EDEALINA,GO,4,7,232,243,1.65%,2.88%,95.47%,False,1,0,5,212,26,243,-,2.06%,87.24%,10.7%,False,1
5207402,EDEIA,GO,9,24,512,545,1.65%,4.4%,93.94%,False,1,1,10,490,44,545,0.18%,1.83%,89.91%,8.07%,False,1
5207501,ESTRELA DO NORTE,GO,5,5,79,89,5.62%,5.62%,88.76%,False,1,0,4,80,5,89,-,4.49%,89.89%,5.62%,False,1
5207535,FAINA,GO,17,17,142,176,9.66%,9.66%,80.68%,False,1,1,6,144,25,176,0.57%,3.41%,81.82%,14.2%,False,1
5207600,FAZENDA NOVA,GO,11,18,198,227,4.85%,7.93%,87.22%,False,1,3,6,199,19,227,1.32%,2.64%,87.67%,8.37%,False,1
5207808,FIRMINOPOLIS,GO,14,30,454,498,2.81%,6.02%,91.16%,False,1,7,15,440,36,498,1.41%,3.01%,88.35%,7.23%,False,1
5207907,FLORES DE GOIAS,GO,24,32,666,722,3.32%,4.43%,92.24%,False,1,4,22,671,25,722,0.55%,3.05%,92.94%,3.46%,False,1
5208004,FORMOSA,GO,124,167,2.665,2.956,4.19%,5.65%,90.16%,True,1,51,97,2653,155,2956,1.73%,3.28%,89.75%,5.24%,False,1
5208103,FORMOSO,GO,1,9,227,237,0.42%,3.8%,95.78%,False,1,1,6,208,22,237,0.42%,2.53%,87.76%,9.28%,False,1
5208152,GAMELEIRA DE GOIAS,GO,9,11,192,212,4.25%,5.19%,90.57%,False,1,1,2,200,9,212,0.47%,0.94%,94.34%,4.25%,False,1
5208301,DIVINOPOLIS DE GOIAS,GO,24,10,245,279,8.6%,3.58%,87.81%,False,1,2,8,250,19,279,0.72%,2.87%,89.61%,6.81%,False,1
5208400,GOIANAPOLIS,GO,58,68,579,705,8.23%,9.65%,82.13%,False,1,8,19,622,56,705,1.13%,2.7%,88.23%,7.94%,False,1
5208509,GOIANDIRA,GO,4,5,160,169,2.37%,2.96%,94.67%,False,1,1,1,149,18,169,0.59%,0.59%,88.17%,10.65%,False,1
5208608,GOIANESIA,GO,94,109,1.591,1.794,5.24%,6.08%,88.68%,True,1,17,57,1616,104,1794,0.95%,3.18%,90.08%,5.8%,False,1
5208707,GOIANIA,GO,877,1.727,28.393,30.997,2.83%,5.57%,91.6%,True,1,272,704,28423,1598,30997,0.88%,2.27%,91.7%,5.16%,False,1
5208806,GOIANIRA,GO,143,259,3.817,4.219,3.39%,6.14%,90.47%,True,1,20,101,3850,248,4219,0.47%,2.39%,91.25%,5.88%,False,1
5208905,GOIAS,GO,32,60,733,825,3.88%,7.27%,88.85%,False,1,11,22,739,53,825,1.33%,2.67%,89.58%,6.42%,False,1
5209101,GOIATUBA,GO,41,55,1.079,1.175,3.49%,4.68%,91.83%,True,1,6,19,1078,72,1175,0.51%,1.62%,91.74%,6.13%,False,1
5209150,GOUVELANDIA,GO,5,10,201,216,2.31%,4.63%,93.06%,False,1,2,1,194,19,216,0.93%,0.46%,89.81%,8.8%,False,1
5209200,GUAPO,GO,73,92,899,1.064,6.86%,8.65%,84.49%,True,1,10,31,928,95,1064,0.94%,2.91%,87.22%,8.93%,False,1
5209291,GUARAITA,GO,2,4,90,96,2.08%,4.17%,93.75%,False,1,1,1,90,4,96,1.04%,1.04%,93.75%,4.17%,False,1
5209408,GUARANI DE GOIAS,GO,13,13,198,224,5.8%,5.8%,88.39%,False,1,2,7,205,10,224,0.89%,3.13%,91.52%,4.46%,False,1
5209457,GUARINOS,GO,0,1,68,69,-,1.45%,98.55%,False,1,0,0,65,4,69,-,-,94.2%,5.8%,False,1
5209606,HEITORAI,GO,22,15,152,189,11.64%,7.94%,80.42%,False,1,4,6,154,25,189,2.12%,3.17%,81.48%,13.23%,False,1
5209705,HIDROLANDIA,GO,27,47,1.18,1.254,2.15%,3.75%,94.1%,True,1,7,35,1147,65,1254,0.56%,2.79%,91.47%,5.18%,False,1
5209804,HIDROLINA,GO,1,4,75,80,1.25%,5%,93.75%,False,1,1,2,72,5,80,1.25%,2.5%,90%,6.25%,False,1
5209903,IACIARA,GO,33,56,596,685,4.82%,8.18%,87.01%,False,1,6,18,628,33,685,0.88%,2.63%,91.68%,4.82%,False,1
5209937,INACIOLANDIA,GO,4,15,346,365,1.1%,4.11%,94.79%,False,1,3,10,318,34,365,0.82%,2.74%,87.12%,9.32%,False,1
5209952,INDIARA,GO,15,37,578,630,2.38%,5.87%,91.75%,False,1,1,15,567,47,630,0.16%,2.38%,90%,7.46%,False,1
5210000,INHUMAS,GO,107,129,2.032,2.268,4.72%,5.69%,89.59%,True,1,23,61,2049,135,2268,1.01%,2.69%,90.34%,5.95%,False,1
5210109,IPAMERI,GO,32,53,875,960,3.33%,5.52%,91.15%,False,1,6,21,863,70,960,0.63%,2.19%,89.9%,7.29%,False,1
5210158,IPIRANGA DE GOIAS,GO,9,14,130,153,5.88%,9.15%,84.97%,False,1,0,3,138,12,153,-,1.96%,90.2%,7.84%,False,1
5210208,IPORA,GO,26,44,687,757,3.43%,5.81%,90.75%,False,1,3,13,665,76,757,0.4%,1.72%,87.85%,10.04%,False,1
5210307,ISRAELANDIA,GO,3,8,74,85,3.53%,9.41%,87.06%,False,1,0,3,77,5,85,-,3.53%,90.59%,5.88%,False,1
5210406,ITABERAI,GO,148,191,1.748,2.087,7.09%,9.15%,83.76%,True,1,31,77,1844,135,2087,1.49%,3.69%,88.36%,6.47%,False,1
5210562,ITAGUARI,GO,1,5,148,154,0.65%,3.25%,96.1%,False,1,0,1,141,12,154,-,0.65%,91.56%,7.79%,False,1
5210604,ITAGUARU,GO,2,7,142,151,1.32%,4.64%,94.04%,False,1,0,2,137,12,151,-,1.32%,90.73%,7.95%,False,1
5210802,ITAJA,GO,5,11,198,214,2.34%,5.14%,92.52%,False,1,0,3,197,14,214,-,1.4%,92.06%,6.54%,False,1
5210901,ITAPACI,GO,29,34,902,965,3.01%,3.52%,93.47%,False,1,4,11,879,71,965,0.41%,1.14%,91.09%,7.36%,False,1
5211008,ITAPIRAPUA,GO,11,18,202,231,4.76%,7.79%,87.45%,False,1,2,5,211,13,231,0.87%,2.16%,91.34%,5.63%,False,1
5211206,ITAPURANGA,GO,17,39,572,628,2.71%,6.21%,91.08%,False,1,1,16,577,34,628,0.16%,2.55%,91.88%,5.41%,False,1
5211305,ITARUMA,GO,5,13,277,295,1.69%,4.41%,93.9%,False,1,0,4,277,14,295,-,1.36%,93.9%,4.75%,False,1
5211404,ITAUCU,GO,6,22,317,345,1.74%,6.38%,91.88%,False,1,2,7,314,22,345,0.58%,2.03%,91.01%,6.38%,False,1
5211503,ITUMBIARA,GO,105,191,1.827,2.123,4.95%,9%,86.06%,True,1,21,54,1922,126,2123,0.99%,2.54%,90.53%,5.93%,False,1
5211602,IVOLANDIA,GO,3,12,137,152,1.97%,7.89%,90.13%,False,1,0,1,139,12,152,-,0.66%,91.45%,7.89%,False,1
5211701,JANDAIA,GO,5,18,215,238,2.1%,7.56%,90.34%,False,1,2,5,217,14,238,0.84%,2.1%,91.18%,5.88%,False,1
5211800,JARAGUA,GO,26,136,1.367,1.529,1.7%,8.89%,89.4%,True,1,3,29,1432,65,1529,0.2%,1.9%,93.66%,4.25%,False,1
5211909,JATAI,GO,94,279,3.802,4.175,2.25%,6.68%,91.07%,True,1,25,71,3852,227,4175,0.6%,1.7%,92.26%,5.44%,False,1
5212006,JAUPACI,GO,2,2,125,129,1.55%,1.55%,96.9%,False,1,0,1,119,9,129,-,0.78%,92.25%,6.98%,False,1
5212055,JESUPOLIS,GO,9,6,56,71,12.68%,8.45%,78.87%,False,1,0,2,64,5,71,-,2.82%,90.14%,7.04%,False,1
5212105,JOVIANIA,GO,5,9,247,261,1.92%,3.45%,94.64%,False,1,0,7,225,29,261,-,2.68%,86.21%,11.11%,False,1
5212204,JUSSARA,GO,54,48,737,839,6.44%,5.72%,87.84%,False,1,8,17,760,54,839,0.95%,2.03%,90.58%,6.44%,False,1
5212253,LAGOA SANTA,GO,2,5,53,60,3.33%,8.33%,88.33%,False,1,1,1,50,8,60,1.67%,1.67%,83.33%,13.33%,False,1
5212303,LEOPOLDO DE BULHOES,GO,11,27,280,318,3.46%,8.49%,88.05%,False,1,4,4,285,25,318,1.26%,1.26%,89.62%,7.86%,False,1
5212501,LUZIANIA,GO,479,717,8.499,9.695,4.94%,7.4%,87.66%,True,1,77,248,8866,505,9696,0.79%,2.56%,91.44%,5.21%,False,1
5212600,MAIRIPOTABA,GO,2,6,84,92,2.17%,6.52%,91.3%,False,1,0,2,79,11,92,-,2.17%,85.87%,11.96%,False,1
5212709,MAMBAI,GO,19,36,482,537,3.54%,6.7%,89.76%,False,1,5,14,471,47,537,0.93%,2.61%,87.71%,8.75%,False,1
5212808,MARA ROSA,GO,15,19,335,369,4.07%,5.15%,90.79%,False,1,0,6,330,33,369,-,1.63%,89.43%,8.94%,False,1
5212907,MARZAGAO,GO,4,7,148,159,2.52%,4.4%,93.08%,False,1,1,4,146,8,159,0.63%,2.52%,91.82%,5.03%,False,1
5212956,MATRINCHA,GO,4,4,210,218,1.83%,1.83%,96.33%,False,1,0,5,203,10,218,-,2.29%,93.12%,4.59%,False,1
5213004,MAURILANDIA,GO,31,33,281,345,8.99%,9.57%,81.45%,False,1,5,10,307,23,345,1.45%,2.9%,88.99%,6.67%,False,1
5213053,MIMOSO DE GOIAS,GO,5,4,135,144,3.47%,2.78%,93.75%,False,1,0,3,135,6,144,-,2.08%,93.75%,4.17%,False,1
5213087,MINACU,GO,34,35,528,597,5.7%,5.86%,88.44%,False,1,12,11,526,48,597,2.01%,1.84%,88.11%,8.04%,False,1
5213103,MINEIROS,GO,100,172,2.842,3.114,3.21%,5.52%,91.27%,True,1,21,76,2851,166,3114,0.67%,2.44%,91.55%,5.33%,False,1
5213400,MOIPORA,GO,2,3,33,38,5.26%,7.89%,86.84%,False,1,2,3,32,1,38,5.26%,7.89%,84.21%,2.63%,False,1
5213509,MONTE ALEGRE DE GOIAS,GO,26,25,380,431,6.03%,5.8%,88.17%,False,1,7,17,390,17,431,1.62%,3.94%,90.49%,3.94%,False,1
5213707,MONTES CLAROS DE GOIAS,GO,20,23,275,318,6.29%,7.23%,86.48%,False,1,0,3,290,25,318,-,0.94%,91.19%,7.86%,False,1
5213756,MONTIVIDIU,GO,19,21,334,374,5.08%,5.61%,89.3%,False,1,5,9,337,23,374,1.34%,2.41%,90.11%,6.15%,False,1
5213772,MONTIVIDIU DO NORTE,GO,5,10,201,216,2.31%,4.63%,93.06%,False,1,0,11,189,16,216,-,5.09%,87.5%,7.41%,False,1
5213806,MORRINHOS,GO,60,112,1.017,1.189,5.05%,9.42%,85.53%,True,1,5,14,1110,60,1189,0.42%,1.18%,93.36%,5.05%,False,1
5213855,MORRO AGUDO DE GOIAS,GO,20,11,118,149,13.42%,7.38%,79.19%,False,1,0,6,125,18,149,-,4.03%,83.89%,12.08%,False,1
5213905,MOSSAMEDES,GO,4,6,161,171,2.34%,3.51%,94.15%,False,1,1,1,153,16,171,0.58%,0.58%,89.47%,9.36%,False,1
5214002,MOZARLANDIA,GO,24,38,511,573,4.19%,6.63%,89.18%,False,1,3,11,522,37,573,0.52%,1.92%,91.1%,6.46%,False,1
5214051,MUNDO NOVO,GO,6,15,298,319,1.88%,4.7%,93.42%,False,1,6,6,284,23,319,1.88%,1.88%,89.03%,7.21%,False,1
5214101,MUTUNOPOLIS,GO,16,25,151,192,8.33%,13.02%,78.65%,False,1,1,4,182,5,192,0.52%,2.08%,94.79%,2.6%,False,1
5214408,NAZARIO,GO,11,26,251,288,3.82%,9.03%,87.15%,False,1,0,7,255,26,288,-,2.43%,88.54%,9.03%,False,1
5214507,NEROPOLIS,GO,109,132,1.331,1.572,6.93%,8.4%,84.67%,True,1,19,31,1391,131,1572,1.21%,1.97%,88.49%,8.33%,False,1
5214606,NIQUELANDIA,GO,54,65,1.085,1.204,4.49%,5.4%,90.12%,True,1,22,41,1054,87,1204,1.83%,3.41%,87.54%,7.23%,False,1
5214705,NOVA AMERICA,GO,7,10,59,76,9.21%,13.16%,77.63%,False,1,1,1,69,5,76,1.32%,1.32%,90.79%,6.58%,False,1
5214804,NOVA AURORA,GO,0,5,67,72,-,6.94%,93.06%,False,1,1,0,65,6,72,1.39%,-,90.28%,8.33%,False,1
5214838,NOVA CRIXAS,GO,14,26,537,577,2.43%,4.51%,93.07%,False,1,2,10,526,39,577,0.35%,1.73%,91.16%,6.76%,False,1
5214861,NOVA GLORIA,GO,11,17,217,245,4.49%,6.94%,88.57%,False,1,2,4,224,15,245,0.82%,1.63%,91.43%,6.12%,False,1
5214879,NOVA IGUACU DE GOIAS,GO,2,12,189,203,0.99%,5.91%,93.1%,False,1,1,1,193,8,203,0.49%,0.49%,95.07%,3.94%,False,1
5214903,NOVA ROMA,GO,4,6,199,209,1.91%,2.87%,95.22%,False,1,0,3,194,12,209,-,1.44%,92.82%,5.74%,False,1
5215009,NOVA VENEZA,GO,18,30,377,425,4.24%,7.06%,88.71%,False,1,5,12,382,26,425,1.18%,2.82%,89.88%,6.12%,False,1
5215207,NOVO BRASIL,GO,2,7,118,127,1.57%,5.51%,92.91%,False,1,0,0,118,9,127,-,-,92.91%,7.09%,False,1
5215231,NOVO GAMA,GO,272,531,5.483,6.286,4.33%,8.45%,87.23%,True,1,56,245,5739,246,6286,0.89%,3.9%,91.3%,3.91%,False,1
5215256,NOVO PLANALTO,GO,5,6,96,107,4.67%,5.61%,89.72%,False,1,0,4,91,12,107,-,3.74%,85.05%,11.21%,False,1
5215306,ORIZONA,GO,23,29,575,627,3.67%,4.63%,91.71%,False,1,7,8,395,217,627,1.12%,1.28%,63%,34.61%,False,1
5215405,OURO VERDE DE GOIAS,GO,2,12,177,191,1.05%,6.28%,92.67%,False,1,1,3,174,13,191,0.52%,1.57%,91.1%,6.81%,False,1
5215504,OUVIDOR,GO,4,3,124,131,3.05%,2.29%,94.66%,False,1,0,1,113,17,131,-,0.76%,86.26%,12.98%,False,1
5215603,PADRE BERNARDO,GO,47,104,1.495,1.646,2.86%,6.32%,90.83%,True,1,23,55,1497,71,1646,1.4%,3.34%,90.95%,4.31%,False,1
5215652,PALESTINA DE GOIAS,GO,1,6,135,142,0.7%,4.23%,95.07%,False,1,1,6,124,11,142,0.7%,4.23%,87.32%,7.75%,False,1
5215702,PALMEIRAS DE GOIAS,GO,30,42,747,819,3.66%,5.13%,91.21%,False,1,1,18,741,59,819,0.12%,2.2%,90.48%,7.2%,False,1
5215801,PALMELO,GO,3,8,101,112,2.68%,7.14%,90.18%,False,1,1,2,104,5,112,0.89%,1.79%,92.86%,4.46%,False,1
5215900,PALMINOPOLIS,GO,16,13,154,183,8.74%,7.1%,84.15%,False,1,4,1,157,21,183,2.19%,0.55%,85.79%,11.48%,False,1
5216007,PANAMA,GO,5,6,102,113,4.42%,5.31%,90.27%,False,1,1,1,106,5,113,0.88%,0.88%,93.81%,4.42%,False,1
5216304,PARANAIGUARA,GO,8,10,274,292,2.74%,3.42%,93.84%,False,1,2,9,257,24,292,0.68%,3.08%,88.01%,8.22%,False,1
5216403,PARAUNA,GO,15,26,459,500,3%,5.2%,91.8%,False,1,1,7,447,45,500,0.2%,1.4%,89.4%,9%,False,1
5216452,PEROLANDIA,GO,3,8,76,87,3.45%,9.2%,87.36%,False,1,1,2,79,5,87,1.15%,2.3%,90.8%,5.75%,False,1
5216809,PETROLINA DE GOIAS,GO,38,22,209,269,14.13%,8.18%,77.7%,False,1,7,5,240,17,269,2.6%,1.86%,89.22%,6.32%,False,1
5216908,PILAR DE GOIAS,GO,6,7,116,129,4.65%,5.43%,89.92%,False,1,0,0,115,14,129,-,-,89.15%,10.85%,False,1
5217104,PIRACANJUBA,GO,23,36,503,562,4.09%,6.41%,89.5%,False,1,5,8,503,46,562,0.89%,1.42%,89.5%,8.19%,False,1
5217203,PIRANHAS,GO,17,18,380,415,4.1%,4.34%,91.57%,False,1,2,6,379,28,415,0.48%,1.45%,91.33%,6.75%,False,1
5217302,PIRENOPOLIS,GO,24,62,831,917,2.62%,6.76%,90.62%,False,1,8,19,836,54,917,0.87%,2.07%,91.17%,5.89%,False,1
5217401,PIRES DO RIO,GO,43,54,904,1.001,4.3%,5.39%,90.31%,True,1,12,19,903,67,1001,1.2%,1.9%,90.21%,6.69%,False,1
5217609,PLANALTINA,GO,232,306,3.973,4.511,5.14%,6.78%,88.07%,True,1,37,133,4052,289,4511,0.82%,2.95%,89.82%,6.41%,False,1
5217708,PONTALINA,GO,15,47,450,512,2.93%,9.18%,87.89%,False,1,3,10,467,32,512,0.59%,1.95%,91.21%,6.25%,False,1
5218003,PORANGATU,GO,44,90,1.298,1.432,3.07%,6.28%,90.64%,True,1,13,40,1299,80,1432,0.91%,2.79%,90.71%,5.59%,False,1
5218052,PORTEIRAO,GO,3,11,141,155,1.94%,7.1%,90.97%,False,1,0,1,137,17,155,-,0.65%,88.39%,10.97%,False,1
5218102,PORTELANDIA,GO,4,15,156,175,2.29%,8.57%,89.14%,False,1,0,2,142,31,175,-,1.14%,81.14%,17.71%,False,1
5218300,POSSE,GO,85,80,1.325,1.49,5.7%,5.37%,88.93%,True,1,15,49,1304,122,1490,1.01%,3.29%,87.52%,8.19%,False,1
5218391,PROFESSOR JAMIL,GO,6,8,200,214,2.8%,3.74%,93.46%,False,1,1,4,192,17,214,0.47%,1.87%,89.72%,7.94%,False,1
5218508,QUIRINOPOLIS,GO,63,96,1.064,1.223,5.15%,7.85%,87%,True,1,8,21,1125,69,1223,0.65%,1.72%,91.99%,5.64%,False,1
5218607,RIALMA,GO,21,19,371,411,5.11%,4.62%,90.27%,False,1,6,5,363,37,411,1.46%,1.22%,88.32%,9%,False,1
5218706,RIANAPOLIS,GO,13,9,170,192,6.77%,4.69%,88.54%,False,1,3,13,161,15,192,1.56%,6.77%,83.85%,7.81%,False,1
5218789,RIO QUENTE,GO,8,16,200,224,3.57%,7.14%,89.29%,False,1,0,5,210,9,224,-,2.23%,93.75%,4.02%,False,1
5218805,RIO VERDE,GO,471,799,7.924,9.194,5.12%,8.69%,86.19%,True,1,51,225,8457,461,9194,0.55%,2.45%,91.98%,5.01%,False,1
5218904,RUBIATABA,GO,23,40,397,460,5%,8.7%,86.3%,False,1,3,10,410,37,460,0.65%,2.17%,89.13%,8.04%,False,1
5219001,SANCLERLANDIA,GO,16,21,302,339,4.72%,6.19%,89.09%,False,1,6,4,316,13,339,1.77%,1.18%,93.22%,3.83%,False,1
5219100,SANTA BARBARA DE GOIAS,GO,5,15,194,214,2.34%,7.01%,90.65%,False,1,0,5,192,17,214,-,2.34%,89.72%,7.94%,False,1
5219209,SANTA CRUZ DE GOIAS,GO,0,5,89,94,-,5.32%,94.68%,False,1,0,1,83,10,94,-,1.06%,88.3%,10.64%,False,1
5219258,SANTA FE DE GOIAS,GO,11,8,121,140,7.86%,5.71%,86.43%,False,1,1,1,123,15,140,0.71%,0.71%,87.86%,10.71%,False,1
5219308,SANTA HELENA DE GOIAS,GO,61,64,1.262,1.387,4.4%,4.61%,90.99%,True,1,15,18,1015,339,1387,1.08%,1.3%,73.18%,24.44%,False,1
5219357,SANTA ISABEL,GO,7,8,223,238,2.94%,3.36%,93.7%,False,1,2,2,221,13,238,0.84%,0.84%,92.86%,5.46%,False,1
5219407,SANTA RITA DO ARAGUAIA,GO,3,15,308,326,0.92%,4.6%,94.48%,False,1,2,11,293,20,326,0.61%,3.37%,89.88%,6.13%,False,1
5219456,SANTA RITA DO NOVO DESTINO,GO,11,5,60,76,14.47%,6.58%,78.95%,False,1,3,3,61,9,76,3.95%,3.95%,80.26%,11.84%,False,1
5219506,SANTA ROSA DE GOIAS,GO,1,1,101,103,0.97%,0.97%,98.06%,False,1,0,1,98,4,103,-,0.97%,95.15%,3.88%,False,1
5219605,SANTA TEREZA DE GOIAS,GO,3,8,149,160,1.88%,5%,93.13%,False,1,0,1,147,12,160,-,0.63%,91.88%,7.5%,False,1
5219704,SANTA TEREZINHA DE GOIAS,GO,33,28,316,377,8.75%,7.43%,83.82%,False,1,13,15,320,29,377,3.45%,3.98%,84.88%,7.69%,False,1
5219712,SANTO ANTONIO DA BARRA,GO,1,3,94,98,1.02%,3.06%,95.92%,False,1,1,1,86,10,98,1.02%,1.02%,87.76%,10.2%,False,1
5219738,SANTO ANTONIO DE GOIAS,GO,13,22,282,317,4.1%,6.94%,88.96%,False,1,1,8,284,24,317,0.32%,2.52%,89.59%,7.57%,False,1
5219753,SANTO ANTONIO DO DESCOBERTO,GO,121,206,2.875,3.202,3.78%,6.43%,89.79%,True,1,31,101,2905,165,3202,0.97%,3.15%,90.72%,5.15%,False,1
5219803,SAO DOMINGOS,GO,33,24,382,439,7.52%,5.47%,87.02%,False,1,5,9,396,29,439,1.14%,2.05%,90.21%,6.61%,False,1
5219902,SAO FRANCISCO DE GOIAS,GO,16,26,268,310,5.16%,8.39%,86.45%,False,1,1,8,264,37,310,0.32%,2.58%,85.16%,11.94%,False,1
5220009,SAO JOAO D'ALIANCA,GO,26,45,649,720,3.61%,6.25%,90.14%,False,1,4,12,677,27,720,0.56%,1.67%,94.03%,3.75%,False,1
5220058,SAO JOAO DA PARAUNA,GO,1,3,82,86,1.16%,3.49%,95.35%,False,1,1,2,76,7,86,1.16%,2.33%,88.37%,8.14%,False,1
5220108,SAO LUIS DE MONTES BELOS,GO,70,87,1.152,1.309,5.35%,6.65%,88.01%,True,1,8,39,1162,100,1309,0.61%,2.98%,88.77%,7.64%,False,1
5220157,SAO LUIZ DO NORTE,GO,14,9,230,253,5.53%,3.56%,90.91%,False,1,2,10,224,17,253,0.79%,3.95%,88.54%,6.72%,False,1
5220207,SAO MIGUEL DO ARAGUAIA,GO,52,46,756,854,6.09%,5.39%,88.52%,False,1,7,17,764,66,854,0.82%,1.99%,89.46%,7.73%,False,1
5220264,SAO MIGUEL DO PASSA QUATRO,GO,2,16,169,187,1.07%,8.56%,90.37%,False,1,4,4,167,12,187,2.14%,2.14%,89.3%,6.42%,False,1
5220280,SAO PATRICIO,GO,3,5,100,108,2.78%,4.63%,92.59%,False,1,0,2,102,4,108,-,1.85%,94.44%,3.7%,False,1
5220405,SAO SIMAO,GO,17,22,361,400,4.25%,5.5%,90.25%,False,1,2,11,363,24,400,0.5%,2.75%,90.75%,6%,False,1
5220454,SENADOR CANEDO,GO,199,382,5.241,5.822,3.42%,6.56%,90.02%,True,1,30,118,5267,406,5821,0.52%,2.03%,90.48%,6.97%,False,1
5220504,SERRANOPOLIS,GO,9,24,342,375,2.4%,6.4%,91.2%,False,1,2,6,337,30,375,0.53%,1.6%,89.87%,8%,False,1
5220603,SILVANIA,GO,38,48,845,931,4.08%,5.16%,90.76%,False,1,6,10,858,57,931,0.64%,1.07%,92.16%,6.12%,False,1
5220686,SIMOLANDIA,GO,11,6,241,258,4.26%,2.33%,93.41%,False,1,2,7,223,26,258,0.78%,2.71%,86.43%,10.08%,False,1
5220702,SITIO D'ABADIA,GO,16,7,202,225,7.11%,3.11%,89.78%,False,1,2,3,214,6,225,0.89%,1.33%,95.11%,2.67%,False,1
5221007,TAQUARAL DE GOIAS,GO,2,1,136,139,1.44%,0.72%,97.84%,False,1,1,0,125,13,139,0.72%,-,89.93%,9.35%,False,1
5221080,TERESINA DE GOIAS,GO,16,9,236,261,6.13%,3.45%,90.42%,False,1,1,8,233,19,261,0.38%,3.07%,89.27%,7.28%,False,1
5221197,TEREZOPOLIS DE GOIAS,GO,7,16,332,355,1.97%,4.51%,93.52%,False,1,3,6,321,25,355,0.85%,1.69%,90.42%,7.04%,False,1
5221304,TRES RANCHOS,GO,1,4,124,129,0.78%,3.1%,96.12%,False,1,0,2,120,7,129,-,1.55%,93.02%,5.43%,False,1
5221403,TRINDADE,GO,205,387,4.319,4.911,4.17%,7.88%,87.95%,True,1,51,142,4416,302,4911,1.04%,2.89%,89.92%,6.15%,False,1
5221452,TROMBAS,GO,8,12,118,138,5.8%,8.7%,85.51%,False,1,1,2,122,13,138,0.72%,1.45%,88.41%,9.42%,False,1
5221502,TURVANIA,GO,11,9,123,143,7.69%,6.29%,86.01%,False,1,4,5,127,7,143,2.8%,3.5%,88.81%,4.9%,False,1
5221551,TURVELANDIA,GO,8,8,188,204,3.92%,3.92%,92.16%,False,1,3,3,178,20,204,1.47%,1.47%,87.25%,9.8%,False,1
5221577,UIRAPURU,GO,5,6,147,158,3.16%,3.8%,93.04%,False,1,0,3,143,12,158,-,1.9%,90.51%,7.59%,False,1
5221601,URUACU,GO,37,59,1.184,1.28,2.89%,4.61%,92.5%,True,1,11,30,1153,86,1280,0.86%,2.34%,90.08%,6.72%,False,1
5221700,URUANA,GO,21,27,502,550,3.82%,4.91%,91.27%,False,1,4,10,509,27,550,0.73%,1.82%,92.55%,4.91%,False,1
5221809,URUTAI,GO,8,3,150,161,4.97%,1.86%,93.17%,False,1,0,5,143,13,161,-,3.11%,88.82%,8.07%,False,1
5221858,VALPARAISO DE GOIAS,GO,973,1.439,6.199,8.611,11.3%,16.71%,71.99%,True,1,355,583,7219,454,8611,4.12%,6.77%,83.83%,5.27%,False,1
5221908,VARJAO,GO,1,6,122,129,0.78%,4.65%,94.57%,False,1,0,2,109,18,129,-,1.55%,84.5%,13.95%,False,1
5222005,VIANOPOLIS,GO,34,38,691,763,4.46%,4.98%,90.56%,False,1,6,12,699,46,763,0.79%,1.57%,91.61%,6.03%,False,1
5222054,VICENTINOPOLIS,GO,21,24,474,519,4.05%,4.62%,91.33%,False,1,2,8,460,49,519,0.39%,1.54%,88.63%,9.44%,False,1
5222203,VILA BOA,GO,18,19,247,284,6.34%,6.69%,86.97%,False,1,3,13,249,19,284,1.06%,4.58%,87.68%,6.69%,False,1
5222302,VILA PROPICIO,GO,13,18,286,317,4.1%,5.68%,90.22%,False,1,1,7,290,19,317,0.32%,2.21%,91.48%,5.99%,False,1
5300108,BRASILIA,DF,2.99,5.468,80.746,89.204,3.35%,6.13%,90.52%,True,1,729,2451,82237,3786,89203,0.82%,2.75%,92.19%,4.24%,False,1
